# .PCD v0.7 - Point Cloud Data file format
VERSION 0.7
FIELDS x y z
SIZE 4 4 4
TYPE F F F
COUNT 1 1 1
WIDTH 13161
HEIGHT 1
VIEWPOINT 0 0 0 1 0 0 0
POINTS 13161
DATA ascii
-7.4451 -2.4994 -0.0400
-7.3985 -2.5938 -0.0400
-6.7805 -2.4819 -0.0400
-3.1074 -4.2094 -0.0400
-3.0134 -4.1678 -0.0400
-2.9216 -4.1362 -0.0400
-2.8335 -4.1805 -0.0400
-2.5273 -2.6926 -0.0400
-2.4631 -2.6926 -0.0400
-2.2614 -4.6096 -0.0400
-2.1659 -4.5784 -0.0400
-2.0312 -1.0750 -0.0400
-2.0077 -1.0265 -0.0400
-1.9800 -0.9942 -0.0400
-1.9501 -0.9702 -0.0400
-1.9183 -0.9521 -0.0400
-1.8826 -0.9444 -0.0400
-1.8442 -0.9422 -0.0400
-1.8020 -0.9474 -0.0400
-1.7528 -0.9656 -0.0400
-0.2699 -3.4976 -0.0400
-0.8123 -1.1433 -0.0400
-0.7984 -1.0855 -0.0400
-0.7814 -1.0327 -0.0400
-0.7466 -0.9996 -0.0400
-0.7060 -0.9722 -0.0400
-0.6403 -0.9683 -0.0400
1.4777 -1.4936 -0.0400
1.5036 -1.4113 -0.0400
1.5607 -1.3469 -0.0400
1.6475 -1.2973 -0.0400
1.6992 -1.2279 -0.0400
1.9584 1.4831 -0.0400
1.9527 1.5644 -0.0400
2.0460 1.6604 -0.0400
2.0523 1.7459 -0.0400
2.2310 1.8635 -0.0400
2.8956 2.8159 -0.0400
2.8595 2.9119 -0.0400
0.1862 3.7631 -0.0400
0.0851 3.7598 -0.0400
0.0338 3.8054 -0.0400
-0.0056 3.8636 -0.0400
-1.6028 2.2516 -0.0400
-1.6507 2.2381 -0.0400
-1.6904 2.2331 -0.0400
-1.7484 2.2016 -0.0400
-1.7845 2.1972 -0.0400
-1.8132 2.2021 -0.0400
-1.8378 2.2125 -0.0400
-1.8587 2.2282 -0.0400
-1.8757 2.2506 -0.0400
-1.8869 2.2833 -0.0400
-1.1811 4.2195 -0.0400
-1.2640 4.1855 -0.0400
-1.3195 4.2121 -0.0400
-3.8890 5.6719 -0.0400
-4.3650 4.5150 -0.0400
-4.4283 4.4875 -0.0400
-4.5598 4.5899 -0.0400
-4.5953 4.5057 -0.0400
-4.6537 4.4656 -0.0400
-4.7287 4.4540 -0.0400
-5.8868 2.4200 -0.0400
-5.9236 2.3684 -0.0400
-7.5389 -2.4485 -0.0400
-7.4369 -2.5032 -0.0400
-6.8320 -2.4125 -0.0400
-3.1068 -4.2098 -0.0400
-3.0106 -4.1334 -0.0400
-2.9241 -4.1912 -0.0400
-2.5276 -2.6919 -0.0400
-2.3608 -4.6028 -0.0400
-2.2635 -4.5963 -0.0400
-2.0329 -1.0785 -0.0400
-2.0164 -1.0093 -0.0400
-1.9862 -0.9856 -0.0400
-1.9545 -0.9677 -0.0400
-1.9211 -0.9545 -0.0400
-1.8860 -0.9457 -0.0400
-1.8410 -0.9593 -0.0400
-1.7950 -0.9729 -0.0400
-1.7312 -1.0216 -0.0400
-0.3513 -3.5449 -0.0400
-0.2595 -3.5288 -0.0400
-0.8302 -1.1338 -0.0400
-0.8090 -1.0847 -0.0400
-0.7870 -1.0376 -0.0400
-0.7506 -1.0064 -0.0400
-0.6988 -0.9903 -0.0400
-0.6098 -1.0086 -0.0400
1.4507 -1.4895 -0.0400
1.5167 -1.4308 -0.0400
1.5693 -1.3636 -0.0400
1.6497 -1.3105 -0.0400
1.9597 1.4707 -0.0400
1.9543 1.5521 -0.0400
2.0475 1.6480 -0.0400
2.2473 1.7653 -0.0400
2.9433 2.7103 -0.0400
2.8547 2.7891 -0.0400
2.8504 2.8954 -0.0400
2.0645 4.4437 -0.0400
0.1812 3.7442 -0.0400
0.0907 3.7516 -0.0400
0.0391 3.7969 -0.0400
0.0162 3.8734 -0.0400
-1.5522 2.2527 -0.0400
-1.6125 2.2266 -0.0400
-1.6531 2.2218 -0.0400
-1.6841 2.2278 -0.0400
-1.7439 2.1942 -0.0400
-1.7801 2.1899 -0.0400
-1.8085 2.1954 -0.0400
-1.8320 2.2075 -0.0400
-1.8510 2.2264 -0.0400
-1.8700 2.2459 -0.0400
-1.8799 2.2813 -0.0400
-1.1945 4.1740 -0.0400
-1.2585 4.1818 -0.0400
-1.3131 4.2109 -0.0400
-4.3053 4.5442 -0.0400
-4.3660 4.5112 -0.0400
-4.5930 4.4951 -0.0400
-4.6610 4.4719 -0.0400
-5.8848 2.4098 -0.0400
-7.5008 -2.4464 -0.0400
-7.4270 -2.5207 -0.0400
-6.8189 -2.4253 -0.0400
-3.0883 -4.2048 -0.0400
-2.9928 -4.1346 -0.0400
-2.5777 -2.7402 -0.0400
-2.5150 -2.6893 -0.0400
-2.3421 -4.5884 -0.0400
-2.0287 -1.0666 -0.0400
-2.0104 -1.0038 -0.0400
-1.9798 -0.9815 -0.0400
-1.9478 -0.9645 -0.0400
-1.9141 -0.9522 -0.0400
-1.8784 -0.9446 -0.0400
-1.8319 -0.9615 -0.0400
-1.7840 -0.9786 -0.0400
-0.3370 -3.5334 -0.0400
-0.2337 -3.5384 -0.0400
-0.8287 -1.1201 -0.0400
-0.8051 -1.0741 -0.0400
-0.7804 -1.0300 -0.0400
-0.7415 -1.0013 -0.0400
-0.6864 -0.9883 -0.0400
1.4624 -1.4763 -0.0400
1.5309 -1.4187 -0.0400
1.5877 -1.3537 -0.0400
1.6661 -1.2991 -0.0400
1.9526 1.4870 -0.0400
1.9640 1.5705 -0.0400
2.0432 1.6650 -0.0400
2.9114 2.7225 -0.0400
2.8482 2.8091 -0.0400
2.8663 2.9235 -0.0400
2.0642 4.4698 -0.0400
0.1583 3.7420 -0.0400
0.0783 3.7594 -0.0400
0.0314 3.8096 -0.0400
0.0169 3.8955 -0.0400
-1.5683 2.2437 -0.0400
-1.6213 2.2258 -0.0400
-1.6597 2.2233 -0.0400
-1.6907 2.2293 -0.0400
-1.7527 2.1922 -0.0400
-1.7865 2.1909 -0.0400
-1.8140 2.1975 -0.0400
-1.8367 2.2107 -0.0400
-1.8548 2.2313 -0.0400
-1.8733 2.2514 -0.0400
-1.8813 2.2903 -0.0400
-1.1096 4.2386 -0.0400
-1.2091 4.1724 -0.0400
-1.2704 4.1863 -0.0400
-1.3226 4.2210 -0.0400
-4.3158 4.5347 -0.0400
-4.3805 4.5101 -0.0400
-4.5746 4.5818 -0.0400
-4.6056 4.4894 -0.0400
-4.6780 4.4739 -0.0400
-5.8873 2.4663 -0.0400
-5.8941 2.4011 -0.0400
-7.4821 -2.4499 -0.0400
-7.4361 -2.5444 -0.0400
-6.8171 -2.4393 -0.0400
-3.1630 -4.2068 -0.0400
-3.0686 -4.1664 -0.0400
-2.9764 -4.1353 -0.0400
-2.8888 -4.1798 -0.0400
-2.5666 -2.6963 -0.0400
-2.5024 -2.6967 -0.0400
-2.3212 -4.6175 -0.0400
-2.2256 -4.5854 -0.0400
-2.0529 -1.0842 -0.0400
-2.0289 -1.0359 -0.0400
-2.0009 -1.0038 -0.0400
-1.9707 -0.9801 -0.0400
-1.9388 -0.9623 -0.0400
-1.9030 -0.9549 -0.0400
-1.8646 -0.9530 -0.0400
-1.8225 -0.9587 -0.0400
-1.7736 -0.9773 -0.0400
-0.3180 -3.5254 -0.0400
-0.8347 -1.1657 -0.0400
-0.8203 -1.1079 -0.0400
-0.8028 -1.0552 -0.0400
-0.7676 -1.0224 -0.0400
-0.7268 -0.9954 -0.0400
-0.6613 -0.9921 -0.0400
1.4517 -1.5407 -0.0400
1.4778 -1.4583 -0.0400
1.5356 -1.3945 -0.0400
1.6231 -1.3460 -0.0400
1.6752 -1.2770 -0.0400
1.9641 1.4310 -0.0400
1.9589 1.5123 -0.0400
2.0537 1.6073 -0.0400
2.0604 1.6926 -0.0400
2.2398 1.8083 -0.0400
2.9162 2.7538 -0.0400
2.8798 2.8497 -0.0400
0.2172 3.7305 -0.0400
0.1155 3.7278 -0.0400
0.0645 3.7738 -0.0400
0.0256 3.8324 -0.0400
-1.5885 2.2381 -0.0400
-1.6367 2.2250 -0.0400
-1.6764 2.2203 -0.0400
-1.7347 2.1896 -0.0400
-1.7710 2.1855 -0.0400
-1.7996 2.1907 -0.0400
-1.8241 2.2013 -0.0400
-1.8449 2.2172 -0.0400
-1.8616 2.2397 -0.0400
-1.8725 2.2725 -0.0400
-1.1457 4.2013 -0.0400
-1.2291 4.1680 -0.0400
-1.2843 4.1951 -0.0400
-3.8379 5.6827 -0.0400
-4.3264 4.5310 -0.0400
-4.3898 4.5039 -0.0400
-4.5207 4.6088 -0.0400
-4.5568 4.5243 -0.0400
-4.6155 4.4846 -0.0400
-4.6904 4.4735 -0.0400
-5.8708 2.4526 -0.0400
-5.9076 2.4012 -0.0400
-6.8994 -2.3623 -0.0400
-6.8265 -2.4247 -0.0400
-3.1746 -4.2176 -0.0400
-3.0758 -4.1288 -0.0400
-2.9873 -4.1504 -0.0400
-2.5736 -2.6930 -0.0400
-2.5072 -2.7428 -0.0400
-2.3327 -4.5830 -0.0400
-2.0627 -1.0573 -0.0400
-2.0352 -1.0208 -0.0400
-2.0050 -0.9956 -0.0400
-1.9731 -0.9768 -0.0400
-1.9394 -0.9632 -0.0400
-1.9038 -0.9549 -0.0400
-1.8656 -0.9523 -0.0400
-1.8089 -0.9912 -0.0400
-0.3206 -3.5293 -0.0400
-0.8378 -1.1599 -0.0400
-0.8218 -1.1037 -0.0400
-0.8020 -1.0534 -0.0400
-0.7623 -1.0252 -0.0400
-0.7171 -1.0022 -0.0400
-0.6230 -1.0266 -0.0400
1.4271 -1.5246 -0.0400
1.4939 -1.4665 -0.0400
1.5539 -1.4035 -0.0400
1.6237 -1.3449 -0.0400
1.7196 -1.2986 -0.0400
1.9774 1.4360 -0.0400
2.0703 1.5290 -0.0400
2.0584 1.6115 -0.0400
2.2322 1.7223 -0.0400
2.8715 2.7414 -0.0400
2.8633 2.8459 -0.0400
2.0929 4.3984 -0.0400
0.1874 3.7058 -0.0400
0.1087 3.7250 -0.0400
0.0615 3.7745 -0.0400
0.0492 3.8611 -0.0400
-1.5657 2.2285 -0.0400
-1.6078 2.2238 -0.0400
-1.6505 2.2168 -0.0400
-1.6822 2.2217 -0.0400
-1.7451 2.1848 -0.0400
-1.7784 2.1843 -0.0400
-1.8072 2.1889 -0.0400
-1.8291 2.2029 -0.0400
-1.8475 2.2221 -0.0400
-1.8630 2.2464 -0.0400
-1.8715 2.2831 -0.0400
-1.1521 4.1890 -0.0400
-1.2308 4.1656 -0.0400
-1.2847 4.1949 -0.0400
-3.7503 5.7177 -0.0400
-4.3200 4.5385 -0.0400
-4.5202 4.6288 -0.0400
-4.5488 4.5297 -0.0400
-4.6069 4.4893 -0.0400
-5.8931 2.4105 -0.0400
-6.8466 -2.4183 -0.0400
-3.1833 -4.1934 -0.0400
-3.0865 -4.1288 -0.0400
-2.9972 -4.1391 -0.0400
-2.6451 -2.7498 -0.0400
-2.5810 -2.6940 -0.0400
-2.5159 -2.7083 -0.0400
-2.3421 -4.5937 -0.0400
-2.0605 -1.0728 -0.0400
-2.0347 -1.0294 -0.0400
-2.0052 -1.0010 -0.0400
-1.9749 -0.9768 -0.0400
-1.9394 -0.9676 -0.0400
-1.9015 -0.9643 -0.0400
-1.8602 -0.9683 -0.0400
-1.8128 -0.9846 -0.0400
-0.4039 -3.5726 -0.0400
-0.8554 -1.1378 -0.0400
-0.8310 -1.0916 -0.0400
-0.8003 -1.0533 -0.0400
-0.7592 -1.0264 -0.0400
-0.7115 -1.0057 -0.0400
1.4267 -1.5237 -0.0400
1.4901 -1.4635 -0.0400
1.5731 -1.4135 -0.0400
1.6326 -1.3488 -0.0400
2.0065 1.3601 -0.0400
1.9553 1.4375 -0.0400
2.0800 1.5336 -0.0400
2.0513 1.6141 -0.0400
2.1330 1.7107 -0.0400
2.8804 2.7462 -0.0400
2.1026 4.4065 -0.0400
0.1787 3.7019 -0.0400
0.1056 3.7263 -0.0400
0.0630 3.7803 -0.0400
-1.5747 2.2275 -0.0400
-1.6281 2.2092 -0.0400
-1.6632 2.2105 -0.0400
-1.7273 2.1740 -0.0400
-1.7568 2.1790 -0.0400
-1.7875 2.1815 -0.0400
-1.8123 2.1914 -0.0400
-1.8333 2.2064 -0.0400
-1.8507 2.2270 -0.0400
-1.8590 2.2624 -0.0400
-1.8581 2.3147 -0.0400
-1.0800 4.1977 -0.0400
-1.1691 4.1556 -0.0400
-1.2321 4.1650 -0.0400
-1.2821 4.2031 -0.0400
-3.8222 5.6861 -0.0400
-4.2552 4.5822 -0.0400
-4.3085 4.5335 -0.0400
-4.3912 4.5473 -0.0400
-4.5435 4.5390 -0.0400
-4.6101 4.5142 -0.0400
-5.8112 5.0283 -0.0400
-5.8465 4.9294 -0.0400
-7.5213 -2.4088 -0.0400
-6.8694 -2.4138 -0.0400
-5.2224 -1.9519 -0.0400
-5.1729 -1.9992 -0.0400
-3.2888 -4.2093 -0.0400
-3.1948 -4.1918 -0.0400
-3.0977 -4.1273 -0.0400
-3.0080 -4.1346 -0.0400
-2.5888 -2.7007 -0.0400
-2.4491 -4.6341 -0.0400
-2.3527 -4.5910 -0.0400
-2.0937 -1.1057 -0.0400
-2.0693 -1.0532 -0.0400
-2.0405 -1.0199 -0.0400
-2.0094 -0.9963 -0.0400
-1.9765 -0.9790 -0.0400
-1.9417 -0.9674 -0.0400
-1.9045 -0.9618 -0.0400
-1.8533 -0.9899 -0.0400
-1.7953 -1.0296 -0.0400
-0.4063 -3.5800 -0.0400
-0.3064 -3.5788 -0.0400
-0.8361 -1.2380 -0.0400
-0.8455 -1.1487 -0.0400
-0.8342 -1.0870 -0.0400
-0.7993 -1.0531 -0.0400
-0.7472 -1.0376 -0.0400
-0.6877 -1.0284 -0.0400
1.3967 -1.6041 -0.0400
1.4374 -1.5300 -0.0400
1.4908 -1.4636 -0.0400
1.5769 -1.4153 -0.0400
1.6297 -1.3467 -0.0400
1.9901 1.4444 -0.0400
2.0591 1.5347 -0.0400
2.0904 1.6228 -0.0400
2.9225 2.6545 -0.0400
2.8712 2.7453 -0.0400
2.1683 4.3286 -0.0400
2.1206 4.4208 -0.0400
0.2279 3.6584 -0.0400
0.1569 3.6859 -0.0400
0.1030 3.7285 -0.0400
0.0827 3.8051 -0.0400
-1.5468 2.2248 -0.0400
-1.5958 2.2131 -0.0400
-1.6408 2.2041 -0.0400
-1.6996 2.1761 -0.0400
-1.7353 2.1740 -0.0400
-1.7700 2.1719 -0.0400
-1.7961 2.1801 -0.0400
-1.8174 2.1945 -0.0400
-1.8366 2.2119 -0.0400
-1.8516 2.2359 -0.0400
-1.8606 2.2702 -0.0400
-1.0927 4.1756 -0.0400
-1.1744 4.1481 -0.0400
-1.2341 4.1643 -0.0400
-1.2661 4.2435 -0.0400
-3.7336 5.7095 -0.0400
-4.2727 4.6408 -0.0400
-4.3014 4.5367 -0.0400
-4.4789 4.5856 -0.0400
-4.5291 4.5300 -0.0400
-4.5969 4.5083 -0.0400
-5.7987 5.0317 -0.0400
-5.8361 4.9356 -0.0400
-7.5324 -2.3932 -0.0400
-6.9262 -2.3149 -0.0400
-6.8832 -2.4017 -0.0400
-5.2267 -1.9339 -0.0400
-5.1818 -1.9866 -0.0400
-3.4602 -0.0036 -0.0400
-3.4143 0.0201 -0.0400
-3.2993 -4.1941 -0.0400
-3.2045 -4.1679 -0.0400
-3.1093 -4.1242 -0.0400
-2.6623 -2.7039 -0.0400
-2.5975 -2.6977 -0.0400
-2.4600 -4.6458 -0.0400
-2.3641 -4.5864 -0.0400
-2.0865 -1.1467 -0.0400
-2.0680 -1.0700 -0.0400
-2.0458 -1.0138 -0.0400
-2.0132 -0.9943 -0.0400
-1.9789 -0.9808 -0.0400
-1.9424 -0.9731 -0.0400
-1.9032 -0.9721 -0.0400
-1.8597 -0.9802 -0.0400
-1.8079 -1.0059 -0.0400
-0.4712 -3.6666 -0.0400
-0.4035 -3.5995 -0.0400
-0.8562 -1.2139 -0.0400
-0.8515 -1.1418 -0.0400
-0.8346 -1.0863 -0.0400
-0.7969 -1.0553 -0.0400
-0.7525 -1.0313 -0.0400
-0.6460 -1.0705 -0.0400
1.3931 -1.6023 -0.0400
1.4551 -1.5412 -0.0400
1.5003 -1.4694 -0.0400
1.5817 -1.4181 -0.0400
1.9617 1.3635 -0.0400
1.9783 1.4468 -0.0400
2.0578 1.5379 -0.0400
2.0759 1.6242 -0.0400
2.9818 2.5670 -0.0400
2.8982 2.6494 -0.0400
2.9107 2.7598 -0.0400
2.1641 4.3274 -0.0400
0.2490 3.6829 -0.0400
0.1484 3.6829 -0.0400
0.1039 3.7345 -0.0400
-1.5625 2.2177 -0.0400
-1.6212 2.1946 -0.0400
-1.6494 2.2043 -0.0400
-1.7166 2.1660 -0.0400
-1.7479 2.1689 -0.0400
-1.7787 2.1713 -0.0400
-1.8021 2.1828 -0.0400
-1.8222 2.1987 -0.0400
-1.8374 2.2217 -0.0400
-1.8465 2.2547 -0.0400
-1.1109 4.1437 -0.0400
-1.1816 4.1377 -0.0400
-1.2335 4.1701 -0.0400
-4.2362 4.5754 -0.0400
-4.2960 4.5422 -0.0400
-4.4874 4.6197 -0.0400
-4.5237 4.5368 -0.0400
-4.6160 4.5601 -0.0400
-5.7900 5.0391 -0.0400
-5.7329 4.3210 -0.0400
-5.8216 4.2995 -0.0400
-7.5521 -2.3834 -0.0400
-6.9463 -2.3073 -0.0400
-6.8884 -2.3824 -0.0400
-5.2451 -1.9318 -0.0400
-5.2126 -1.9995 -0.0400
-3.4631 0.0107 -0.0400
-3.4299 0.0176 -0.0400
-3.3969 0.0255 -0.0400
-3.3752 0.0191 -0.0400
-3.3530 0.0139 -0.0400
-2.6717 -2.7049 -0.0400
-2.6066 -2.6978 -0.0400
-2.5393 -2.7603 -0.0400
-2.1033 -1.1012 -0.0400
-2.0771 -1.0531 -0.0400
-2.0473 -1.0217 -0.0400
-2.0154 -0.9991 -0.0400
-1.9818 -0.9829 -0.0400
-1.9429 -0.9813 -0.0400
-1.9013 -0.9856 -0.0400
-1.8538 -1.0027 -0.0400
-0.4179 -3.5852 -0.0400
-0.8602 -1.2104 -0.0400
-0.8670 -1.1243 -0.0400
-0.8346 -1.0869 -0.0400
-0.7949 -1.0579 -0.0400
-0.7470 -1.0372 -0.0400
1.3873 -1.5995 -0.0400
1.4525 -1.5405 -0.0400
1.5042 -1.4724 -0.0400
1.5849 -1.4205 -0.0400
1.9601 1.3667 -0.0400
1.9779 1.4500 -0.0400
2.0803 1.5436 -0.0400
2.2575 1.6508 -0.0400
2.9014 2.6523 -0.0400
2.8861 2.7541 -0.0400
2.2374 4.2547 -0.0400
0.1972 3.6409 -0.0400
0.1445 3.6848 -0.0400
0.1078 3.7439 -0.0400
0.0944 3.8274 -0.0400
-1.5456 2.2041 -0.0400
-1.5912 2.1969 -0.0400
-1.6353 2.1894 -0.0400
-1.6887 2.1692 -0.0400
-1.7270 2.1645 -0.0400
-1.7625 2.1616 -0.0400
-1.7862 2.1728 -0.0400
-1.8076 2.1868 -0.0400
-1.8259 2.2050 -0.0400
-1.8379 2.2325 -0.0400
-1.8374 2.2800 -0.0400
-1.0119 4.2068 -0.0400
-1.1129 4.1454 -0.0400
-1.1842 4.1380 -0.0400
-1.2343 4.1741 -0.0400
-3.7200 5.7046 -0.0400
-4.2416 4.6038 -0.0400
-4.3021 4.5714 -0.0400
-4.4599 4.5812 -0.0400
-4.5149 4.5358 -0.0400
-4.5902 4.5286 -0.0400
-5.7493 5.0041 -0.0400
-5.6686 4.3836 -0.0400
-5.7260 4.3296 -0.0400
-5.8395 4.3343 -0.0400
-7.5629 -2.3672 -0.0400
-6.9777 -2.3083 -0.0400
-5.2548 -1.9193 -0.0400
-5.2028 -1.9639 -0.0400
-3.4386 0.0247 -0.0400
-3.4117 0.0241 -0.0400
-3.3837 0.0260 -0.0400
-3.3635 0.0177 -0.0400
-3.3437 0.0089 -0.0400
-3.3263 -0.0034 -0.0400
-3.3114 -0.0199 -0.0400
-2.6815 -2.7018 -0.0400
-2.6163 -2.6996 -0.0400
-2.4862 -4.5901 -0.0400
-2.1004 -1.1307 -0.0400
-2.0852 -1.0415 -0.0400
-2.0535 -1.0164 -0.0400
-2.0202 -0.9980 -0.0400
-1.9851 -0.9855 -0.0400
-1.9478 -0.9788 -0.0400
-1.9077 -0.9792 -0.0400
-1.8630 -0.9893 -0.0400
-0.5012 -3.6364 -0.0400
-0.4056 -3.6269 -0.0400
-0.8951 -1.2500 -0.0400
-0.8910 -1.1747 -0.0400
-0.8671 -1.1260 -0.0400
-0.8345 -1.0884 -0.0400
-0.7941 -1.0599 -0.0400
-0.7144 -1.0731 -0.0400
1.3912 -1.6037 -0.0400
1.4547 -1.5433 -0.0400
1.5239 -1.4854 -0.0400
1.5983 -1.4293 -0.0400
1.9947 1.2902 -0.0400
1.9584 1.3697 -0.0400
2.0622 1.4609 -0.0400
2.0830 1.5470 -0.0400
2.2583 1.6537 -0.0400
2.9366 2.5584 -0.0400
2.9038 2.6550 -0.0400
2.1632 4.3307 -0.0400
0.2599 3.6112 -0.0400
0.1913 3.6413 -0.0400
0.1430 3.6891 -0.0400
0.1123 3.7541 -0.0400
-1.5142 2.2057 -0.0400
-1.5719 2.1873 -0.0400
-1.6101 2.1872 -0.0400
-1.6398 2.1953 -0.0400
-1.7132 2.1519 -0.0400
-1.7431 2.1564 -0.0400
-1.7724 2.1609 -0.0400
-1.7932 2.1755 -0.0400
-1.8126 2.1920 -0.0400
-1.8255 2.2176 -0.0400
-1.8392 2.2427 -0.0400
-1.0488 4.1426 -0.0400
-1.1308 4.1162 -0.0400
-1.1871 4.1387 -0.0400
-1.2276 4.1952 -0.0400
-4.2220 4.5737 -0.0400
-4.2854 4.5496 -0.0400
-4.4637 4.6035 -0.0400
-4.5122 4.5453 -0.0400
-5.7173 5.1257 -0.0400
-5.7433 5.0130 -0.0400
-5.6627 4.3922 -0.0400
-5.7181 4.3362 -0.0400
-5.8352 4.3451 -0.0400
-7.6283 -2.2700 -0.0400
-7.0188 -2.2045 -0.0400
-6.9944 -2.3055 -0.0400
-5.3158 -1.8689 -0.0400
-5.2648 -1.9148 -0.0400
-3.4849 0.0138 -0.0400
-3.4376 0.0385 -0.0400
-3.4132 0.0348 -0.0400
-3.3885 0.0323 -0.0400
-3.3692 0.0224 -0.0400
-3.3519 0.0097 -0.0400
-3.3356 -0.0044 -0.0400
-3.3241 -0.0271 -0.0400
-3.3108 -0.0472 -0.0400
-3.3098 -0.0904 -0.0400
-2.5932 -4.5973 -0.0400
-2.1504 -1.1069 -0.0400
-2.1218 -1.0644 -0.0400
-2.0901 -1.0368 -0.0400
-2.0569 -1.0164 -0.0400
-2.0211 -1.0052 -0.0400
-1.9821 -1.0034 -0.0400
-1.9396 -1.0099 -0.0400
-1.8908 -1.0309 -0.0400
-0.9151 -1.3101 -0.0400
-0.9242 -1.2149 -0.0400
-0.9019 -1.1632 -0.0400
-0.8668 -1.1280 -0.0400
-0.8168 -1.1103 -0.0400
-0.7494 -1.1107 -0.0400
1.3109 -1.7562 -0.0400
1.3478 -1.6782 -0.0400
1.4153 -1.6207 -0.0400
1.4942 -1.5692 -0.0400
1.5735 -1.5163 -0.0400
1.9764 1.2094 -0.0400
2.0874 1.2973 -0.0400
2.0700 1.3798 -0.0400
2.1077 1.4669 -0.0400
2.2889 1.5712 -0.0400
2.9711 2.4633 -0.0400
2.9272 2.5571 -0.0400
2.2659 4.1545 -0.0400
0.3000 3.5593 -0.0400
0.2329 3.5914 -0.0400
0.1873 3.6416 -0.0400
-1.5235 2.1634 -0.0400
-1.5669 2.1597 -0.0400
-1.6010 2.1642 -0.0400
-1.6755 2.1239 -0.0400
-1.7076 2.1268 -0.0400
-1.7341 2.1353 -0.0400
-1.7576 2.1469 -0.0400
-1.7773 2.1627 -0.0400
-1.7938 2.1827 -0.0400
-1.7997 2.2173 -0.0400
-1.8049 2.2544 -0.0400
-1.0126 4.0854 -0.0400
-1.0795 4.0889 -0.0400
-1.1315 4.1198 -0.0400
-3.5482 5.7427 -0.0400
-3.6344 5.7461 -0.0400
-4.0984 4.6384 -0.0400
-4.1528 4.5926 -0.0400
-4.3830 4.6060 -0.0400
-4.4414 4.5680 -0.0400
-4.5213 4.5717 -0.0400
-5.6700 5.0726 -0.0400
-5.6014 4.4514 -0.0400
-5.6516 4.3894 -0.0400
-6.9970 -2.2758 -0.0400
-5.2839 -1.9043 -0.0400
-5.2614 -1.9840 -0.0400
-3.4347 0.0316 -0.0400
-3.4091 0.0296 -0.0400
-3.3863 0.0244 -0.0400
-3.3635 0.0196 -0.0400
-3.3451 0.0085 -0.0400
-3.3294 -0.0071 -0.0400
-3.3138 -0.0232 -0.0400
-3.3055 -0.0527 -0.0400
-3.2944 -0.0787 -0.0400
-2.1180 -1.1089 -0.0400
-2.0967 -1.0412 -0.0400
-2.0638 -1.0188 -0.0400
-2.0294 -1.0022 -0.0400
-1.9934 -0.9910 -0.0400
-1.9552 -0.9858 -0.0400
-1.9141 -0.9876 -0.0400
-1.8460 -1.0551 -0.0400
-0.5184 -3.6386 -0.0400
-0.9205 -1.2254 -0.0400
-0.9028 -1.1670 -0.0400
-0.8726 -1.1256 -0.0400
-0.8340 -1.0944 -0.0400
-0.7860 -1.0738 -0.0400
-0.7220 -1.0693 -0.0400
1.3442 -1.6796 -0.0400
1.4135 -1.6231 -0.0400
1.4826 -1.5653 -0.0400
1.5460 -1.5030 -0.0400
1.6134 -1.4420 -0.0400
1.9873 1.2132 -0.0400
1.9610 1.2938 -0.0400
1.9827 1.3770 -0.0400
2.0692 1.4670 -0.0400
2.2434 1.5695 -0.0400
2.9245 2.5587 -0.0400
2.9645 2.6761 -0.0400
2.2081 4.2419 -0.0400
0.2550 3.6189 -0.0400
0.1836 3.6465 -0.0400
0.1584 3.7159 -0.0400
-1.5610 2.1806 -0.0400
-1.6013 2.1790 -0.0400
-1.6721 2.1431 -0.0400
-1.7100 2.1400 -0.0400
-1.7392 2.1455 -0.0400
-1.7636 2.1558 -0.0400
-1.7851 2.1694 -0.0400
-1.8018 2.1891 -0.0400
-1.8167 2.2113 -0.0400
-1.8286 2.2384 -0.0400
-1.0764 4.1053 -0.0400
-1.1382 4.1171 -0.0400
-1.1814 4.1661 -0.0400
-3.6256 5.7297 -0.0400
-3.7102 5.7253 -0.0400
-4.1790 4.6725 -0.0400
-4.2101 4.5715 -0.0400
-4.2786 4.5599 -0.0400
-4.3847 4.6261 -0.0400
-4.4354 4.5724 -0.0400
-4.5043 4.5556 -0.0400
-5.6888 5.1184 -0.0400
-5.7253 5.0204 -0.0400
-5.6074 4.4769 -0.0400
-5.6438 4.3989 -0.0400
-5.7196 4.3660 -0.0400
-5.0608 2.7429 -0.0400
-5.0833 2.6964 -0.0400
-5.1172 2.6578 -0.0400
-6.9182 -2.4251 -0.0400
-5.3124 -1.9039 -0.0400
-5.2411 -1.9269 -0.0400
-5.2139 -2.0019 -0.0400
-3.4702 0.0102 -0.0400
-3.4344 0.0212 -0.0400
-3.4066 0.0224 -0.0400
-3.3824 0.0191 -0.0400
-3.3583 0.0164 -0.0400
-3.3392 0.0062 -0.0400
-3.3213 -0.0060 -0.0400
-3.3070 -0.0246 -0.0400
-3.2925 -0.0434 -0.0400
-3.2880 -0.0825 -0.0400
-3.2860 -0.1290 -0.0400
-2.0981 -1.0676 -0.0400
-2.0678 -1.0340 -0.0400
-2.0354 -1.0097 -0.0400
-2.0015 -0.9913 -0.0400
-1.9643 -0.9830 -0.0400
-1.9241 -0.9818 -0.0400
-1.8800 -0.9895 -0.0400
-1.8279 -1.0140 -0.0400
-0.4407 -3.6194 -0.0400
-0.8703 -1.2142 -0.0400
-0.8630 -1.1432 -0.0400
-0.8397 -1.0934 -0.0400
-0.7944 -1.0695 -0.0400
-0.7358 -1.0593 -0.0400
1.3895 -1.6121 -0.0400
1.4603 -1.5557 -0.0400
1.5078 -1.4841 -0.0400
1.5948 -1.4352 -0.0400
1.9825 1.2980 -0.0400
1.9703 1.3793 -0.0400
2.0588 1.4691 -0.0400
2.0952 1.5569 -0.0400
2.2635 1.6623 -0.0400
2.9406 2.5650 -0.0400
2.8962 2.6585 -0.0400
2.9351 2.7768 -0.0400
0.2588 3.6306 -0.0400
0.1826 3.6541 -0.0400
0.1329 3.7005 -0.0400
0.1043 3.7672 -0.0400
-1.5313 2.2255 -0.0400
-1.6122 2.1832 -0.0400
-1.6420 2.1913 -0.0400
-1.7072 2.1592 -0.0400
-1.7416 2.1591 -0.0400
-1.7687 2.1665 -0.0400
-1.7933 2.1762 -0.0400
-1.8111 2.1943 -0.0400
-1.8266 2.2156 -0.0400
-1.8397 2.2406 -0.0400
-1.0570 4.1536 -0.0400
-1.1342 4.1370 -0.0400
-1.1943 4.1515 -0.0400
-1.2351 4.2065 -0.0400
-3.7019 5.7091 -0.0400
-4.2081 4.5804 -0.0400
-4.2694 4.5531 -0.0400
-4.4564 4.6293 -0.0400
-4.4939 4.5499 -0.0400
-4.5546 4.5177 -0.0400
-5.7228 5.0356 -0.0400
-5.8132 5.0090 -0.0400
-5.6972 4.3583 -0.0400
-5.7600 4.3112 -0.0400
-5.0774 2.7685 -0.0400
-5.0848 2.7113 -0.0400
-5.1081 2.6657 -0.0400
-5.1436 2.6282 -0.0400
-5.1966 2.6011 -0.0400
-5.3045 -1.8784 -0.0400
-5.2585 -1.9305 -0.0400
-3.4698 0.0244 -0.0400
-3.4376 0.0305 -0.0400
-3.4061 0.0372 -0.0400
-3.3849 0.0296 -0.0400
-3.3652 0.0202 -0.0400
-3.3470 0.0084 -0.0400
-3.3324 -0.0095 -0.0400
-3.3179 -0.0282 -0.0400
-3.3048 -0.0501 -0.0400
-3.3118 -0.1116 -0.0400
-2.1662 -1.1351 -0.0400
-2.1383 -1.0854 -0.0400
-2.1073 -1.0520 -0.0400
-2.0743 -1.0279 -0.0400
-2.0408 -1.0073 -0.0400
-2.0033 -0.9993 -0.0400
-1.9637 -0.9968 -0.0400
-1.9209 -1.0018 -0.0400
-0.5354 -3.6468 -0.0400
-0.9319 -1.2222 -0.0400
-0.9098 -1.1689 -0.0400
-0.8769 -1.1302 -0.0400
-0.8346 -1.1028 -0.0400
-0.7810 -1.0876 -0.0400
1.3082 -1.7670 -0.0400
1.3483 -1.6904 -0.0400
1.4141 -1.6310 -0.0400
1.4727 -1.5662 -0.0400
1.5723 -1.5257 -0.0400
1.9747 1.2169 -0.0400
1.9831 1.2993 -0.0400
2.0666 1.3872 -0.0400
2.0980 1.4738 -0.0400
2.9569 2.4646 -0.0400
2.9284 2.5626 -0.0400
0.3150 3.5924 -0.0400
0.2200 3.6010 -0.0400
0.1896 3.6648 -0.0400
-1.5035 2.1799 -0.0400
-1.5613 2.1639 -0.0400
-1.5989 2.1655 -0.0400
-1.6450 2.1570 -0.0400
-1.6981 2.1391 -0.0400
-1.7370 2.1344 -0.0400
-1.7590 2.1474 -0.0400
-1.7785 2.1633 -0.0400
-1.7946 2.1833 -0.0400
-1.8085 2.2064 -0.0400
-1.7968 2.2640 -0.0400
-1.0240 4.0927 -0.0400
-1.0915 4.0947 -0.0400
-1.1314 4.1488 -0.0400
-3.6171 5.7187 -0.0400
-4.1449 4.6089 -0.0400
-4.2022 4.5726 -0.0400
-4.3690 4.6134 -0.0400
-4.4261 4.5740 -0.0400
-4.5012 4.5704 -0.0400
-5.6714 5.1221 -0.0400
-5.7128 5.0311 -0.0400
-5.5838 4.4738 -0.0400
-5.6315 4.4096 -0.0400
-5.7264 4.3984 -0.0400
-5.0453 2.8149 -0.0400
-5.0508 2.7558 -0.0400
-5.0733 2.7098 -0.0400
-5.1238 2.6828 -0.0400
-5.1647 2.6484 -0.0400
-5.3825 -1.8374 -0.0400
-5.3154 -1.8660 -0.0400
-5.2955 -1.9485 -0.0400
-3.4753 0.0375 -0.0400
-3.4450 0.0411 -0.0400
-3.4195 0.0390 -0.0400
-3.3969 0.0334 -0.0400
-3.3762 0.0251 -0.0400
-3.3579 0.0134 -0.0400
-3.3413 -0.0013 -0.0400
-3.3260 -0.0186 -0.0400
-3.3125 -0.0397 -0.0400
-3.3144 -0.0913 -0.0400
-2.1753 -1.1308 -0.0400
-2.1461 -1.0856 -0.0400
-2.1143 -1.0541 -0.0400
-2.0831 -1.0236 -0.0400
-2.0472 -1.0102 -0.0400
-2.0097 -1.0017 -0.0400
-1.9703 -0.9981 -0.0400
-1.9176 -1.0290 -0.0400
-1.8570 -1.0754 -0.0400
-0.5156 -3.7148 -0.0400
-0.9466 -1.2104 -0.0400
-0.9168 -1.1668 -0.0400
-0.8779 -1.1352 -0.0400
-0.8291 -1.1149 -0.0400
-0.7633 -1.1131 -0.0400
1.3107 -1.7741 -0.0400
1.3479 -1.6951 -0.0400
1.4136 -1.6354 -0.0400
1.5018 -1.5891 -0.0400
1.5960 -1.5444 -0.0400
1.9608 1.2181 -0.0400
2.0764 1.3056 -0.0400
2.0715 1.3892 -0.0400
2.1189 1.4773 -0.0400
2.9481 2.4635 -0.0400
2.9424 2.5674 -0.0400
2.2586 4.1595 -0.0400
0.3877 3.5687 -0.0400
0.2745 3.5647 -0.0400
0.2165 3.6045 -0.0400
0.1810 3.6635 -0.0400
-1.5138 2.1816 -0.0400
-1.5869 2.1508 -0.0400
-1.6406 2.1357 -0.0400
-1.6884 2.1242 -0.0400
-1.7195 2.1285 -0.0400
-1.7445 2.1385 -0.0400
-1.7657 2.1525 -0.0400
-1.7842 2.1694 -0.0400
-1.7923 2.1993 -0.0400
-1.7989 2.2319 -0.0400
-0.9581 4.0951 -0.0400
-1.0375 4.0780 -0.0400
-1.0966 4.0951 -0.0400
-1.1427 4.1365 -0.0400
-3.5335 5.7352 -0.0400
-3.6187 5.7387 -0.0400
-4.1369 4.5967 -0.0400
-4.2148 4.6097 -0.0400
-4.3678 4.6192 -0.0400
-4.4214 4.5729 -0.0400
-5.6073 5.1962 -0.0400
-5.6361 5.0860 -0.0400
-5.6041 4.5089 -0.0400
-5.6249 4.4132 -0.0400
-5.0523 2.8293 -0.0400
-5.0497 2.7641 -0.0400
-5.0740 2.7194 -0.0400
-5.1186 2.6886 -0.0400
-5.1582 2.6537 -0.0400
-5.7747 2.6225 -0.0400
-5.8021 2.5690 -0.0400
-7.6814 -2.2031 -0.0400
-5.3305 -1.8581 -0.0400
-5.2837 -1.9093 -0.0400
-3.5055 0.0178 -0.0400
-3.4645 0.0351 -0.0400
-3.4354 0.0376 -0.0400
-3.4064 0.0410 -0.0400
-3.3863 0.0319 -0.0400
-3.3676 0.0207 -0.0400
-3.3503 0.0071 -0.0400
-3.3341 -0.0086 -0.0400
-3.3265 -0.0405 -0.0400
-3.3174 -0.0714 -0.0400
-2.0904 -1.0262 -0.0400
-2.0541 -1.0133 -0.0400
-2.0163 -1.0050 -0.0400
-1.9713 -1.0169 -0.0400
-1.9249 -1.0298 -0.0400
-1.8675 -1.0680 -0.0400
-0.6361 -3.6967 -0.0400
-0.5380 -3.6919 -0.0400
-0.9398 -1.3129 -0.0400
-0.9415 -1.2251 -0.0400
-0.9169 -1.1744 -0.0400
-0.8819 -1.1374 -0.0400
-0.8191 -1.1334 -0.0400
1.3278 -1.7921 -0.0400
1.3662 -1.7133 -0.0400
1.4276 -1.6501 -0.0400
1.5013 -1.5940 -0.0400
1.9731 1.1377 -0.0400
1.9695 1.2197 -0.0400
2.0636 1.3062 -0.0400
2.0657 1.3902 -0.0400
2.2597 1.4903 -0.0400
3.0437 2.3813 -0.0400
2.9534 2.4656 -0.0400
3.0079 2.5855 -0.0400
0.3218 3.5217 -0.0400
0.2585 3.5577 -0.0400
0.2188 3.6128 -0.0400
-1.5033 2.1638 -0.0400
-1.5572 2.1526 -0.0400
-1.5936 2.1560 -0.0400
-1.6522 2.1360 -0.0400
-1.6965 2.1280 -0.0400
-1.7332 2.1263 -0.0400
-1.7536 2.1411 -0.0400
-1.7712 2.1590 -0.0400
-1.7854 2.1810 -0.0400
-1.7967 2.2070 -0.0400
-1.8007 2.2431 -0.0400
-0.9670 4.0895 -0.0400
-1.0454 4.0739 -0.0400
-1.0998 4.0993 -0.0400
-3.5318 5.7348 -0.0400
-4.0765 4.6309 -0.0400
-4.1344 4.5965 -0.0400
-4.2119 4.6094 -0.0400
-4.3566 4.6023 -0.0400
-4.4228 4.5829 -0.0400
-5.6429 5.1066 -0.0400
-5.5669 4.4750 -0.0400
-5.6201 4.4180 -0.0400
-5.7422 4.4377 -0.0400
-5.0457 2.8973 -0.0400
-5.0210 2.8141 -0.0400
-5.0368 2.7631 -0.0400
-5.0668 2.7229 -0.0400
-5.1127 2.6933 -0.0400
-5.1489 2.6564 -0.0400
-5.7687 2.6299 -0.0400
-5.8004 2.5786 -0.0400
-7.6274 -2.2686 -0.0400
-7.1338 -2.1644 -0.0400
-7.0234 -2.2010 -0.0400
-3.5119 0.0302 -0.0400
-3.4733 0.0442 -0.0400
-3.4447 0.0460 -0.0400
-3.4201 0.0427 -0.0400
-3.3982 0.0361 -0.0400
-3.3782 0.0269 -0.0400
-3.3615 0.0121 -0.0400
-3.3458 -0.0045 -0.0400
-3.3322 -0.0256 -0.0400
-3.3208 -0.0517 -0.0400
-3.3144 -0.0892 -0.0400
-1.9775 -1.0228 -0.0400
-1.9308 -1.0359 -0.0400
-1.8725 -1.0757 -0.0400
-0.6467 -3.7012 -0.0400
-0.5498 -3.6937 -0.0400
-0.9756 -1.2743 -0.0400
-0.9561 -1.2152 -0.0400
-0.9240 -1.1740 -0.0400
-0.8834 -1.1438 -0.0400
-0.8322 -1.1258 -0.0400
-0.7610 -1.1295 -0.0400
1.2921 -1.7734 -0.0400
1.3710 -1.7230 -0.0400
1.4196 -1.6509 -0.0400
1.5025 -1.6007 -0.0400
1.9729 1.1384 -0.0400
1.9923 1.2212 -0.0400
2.0622 1.3070 -0.0400
2.1146 1.3943 -0.0400
2.9767 2.3666 -0.0400
2.9516 2.4656 -0.0400
2.3146 4.0777 -0.0400
0.3278 3.5327 -0.0400
0.2576 3.5633 -0.0400
0.2129 3.6143 -0.0400
-1.5457 2.1371 -0.0400
-1.5814 2.1416 -0.0400
-1.6441 2.1192 -0.0400
-1.6860 2.1144 -0.0400
-1.7157 2.1205 -0.0400
-1.7399 2.1316 -0.0400
-1.7601 2.1467 -0.0400
-1.7771 2.1652 -0.0400
-1.7818 2.1984 -0.0400
-1.7834 2.2367 -0.0400
-0.8767 4.1308 -0.0400
-0.9756 4.0847 -0.0400
-1.0512 4.0740 -0.0400
-1.0807 4.1456 -0.0400
-3.5297 5.7293 -0.0400
-4.0718 4.6229 -0.0400
-4.1332 4.5984 -0.0400
-4.2987 4.6449 -0.0400
-4.3534 4.6011 -0.0400
-4.4196 4.5822 -0.0400
-5.5831 5.1833 -0.0400
-5.6229 5.0893 -0.0400
-5.5544 4.4693 -0.0400
-5.6326 4.4416 -0.0400
-5.0281 2.8270 -0.0400
-5.0349 2.7695 -0.0400
-5.0725 2.7347 -0.0400
-5.1127 2.7013 -0.0400
-5.1681 2.6770 -0.0400
-5.7652 2.6378 -0.0400
-5.7953 2.5860 -0.0400
-7.6968 -2.1665 -0.0400
-7.0388 -2.1891 -0.0400
-3.5169 0.0375 -0.0400
-3.4797 0.0496 -0.0400
-3.4453 0.0596 -0.0400
-3.4238 0.0522 -0.0400
-3.4040 0.0424 -0.0400
-3.3861 0.0297 -0.0400
-3.3695 0.0147 -0.0400
-3.3544 -0.0030 -0.0400
-3.3516 -0.0439 -0.0400
-3.3530 -0.0954 -0.0400
-3.6334 -4.1945 -0.0400
-3.5251 -4.1078 -0.0400
-0.7386 -3.7394 -0.0400
-0.6363 -3.7455 -0.0400
-1.0039 -1.3307 -0.0400
-0.9914 -1.2600 -0.0400
-0.9627 -1.2133 -0.0400
-0.9172 -1.1888 -0.0400
-0.8568 -1.1821 -0.0400
1.2608 -1.8627 -0.0400
1.3185 -1.7971 -0.0400
1.4173 -1.7595 -0.0400
1.4647 -1.6853 -0.0400
1.9646 1.0565 -0.0400
2.0057 1.1390 -0.0400
2.0679 1.2236 -0.0400
2.1115 1.3095 -0.0400
2.9950 2.2660 -0.0400
2.9830 2.3681 -0.0400
2.3651 3.9896 -0.0400
0.4183 3.4335 -0.0400
0.3431 3.4621 -0.0400
0.2962 3.5115 -0.0400
-1.4835 2.1242 -0.0400
-1.5331 2.1188 -0.0400
-1.5677 2.1249 -0.0400
-1.6330 2.1016 -0.0400
-1.6849 2.0881 -0.0400
-1.7084 2.1003 -0.0400
-1.7280 2.1161 -0.0400
-1.7439 2.1357 -0.0400
-1.7568 2.1588 -0.0400
-1.7656 2.1869 -0.0400
-1.7649 2.2271 -0.0400
-0.9513 4.0147 -0.0400
-1.0015 4.0472 -0.0400
-1.0247 4.1283 -0.0400
-3.4489 5.7487 -0.0400
-4.0121 4.6544 -0.0400
-4.0733 4.6290 -0.0400
-4.2298 4.6594 -0.0400
-4.2886 4.6250 -0.0400
-4.3577 4.6133 -0.0400
-5.5113 5.2394 -0.0400
-5.4902 4.5183 -0.0400
-5.5548 4.4755 -0.0400
-4.9826 2.9247 -0.0400
-4.9759 2.8550 -0.0400
-4.9953 2.8069 -0.0400
-5.0309 2.7713 -0.0400
-5.0756 2.7417 -0.0400
-5.1195 2.7108 -0.0400
-5.7350 2.6955 -0.0400
-7.7828 -2.0824 -0.0400
-7.7059 -2.1569 -0.0400
-7.1859 -2.0454 -0.0400
-7.0967 -2.0984 -0.0400
-3.4615 0.0584 -0.0400
-3.4374 0.0543 -0.0400
-3.4159 0.0470 -0.0400
-3.3969 0.0359 -0.0400
-3.3806 0.0204 -0.0400
-3.3659 0.0018 -0.0400
-3.3537 -0.0221 -0.0400
-3.3449 -0.0534 -0.0400
-3.6420 -4.1434 -0.0400
-3.5435 -4.1156 -0.0400
-3.4467 -4.0903 -0.0400
-3.3609 -4.1447 -0.0400
-1.0322 -1.3028 -0.0400
-1.0054 -1.2522 -0.0400
-0.9696 -1.2149 -0.0400
-0.9253 -1.1887 -0.0400
-0.8707 -1.1748 -0.0400
-0.7893 -1.1912 -0.0400
1.2413 -1.8564 -0.0400
1.3151 -1.8026 -0.0400
1.3898 -1.7482 -0.0400
2.0144 0.9728 -0.0400
1.9683 1.0564 -0.0400
2.0759 1.1396 -0.0400
2.0824 1.2240 -0.0400
2.2743 1.3167 -0.0400
3.0487 2.1716 -0.0400
2.9974 2.2662 -0.0400
3.0135 2.3746 -0.0400
2.3590 3.9876 -0.0400
0.4197 3.4402 -0.0400
0.3419 3.4670 -0.0400
0.2927 3.5147 -0.0400
-1.5243 2.1010 -0.0400
-1.5569 2.1093 -0.0400
-1.6253 2.0849 -0.0400
-1.6641 2.0845 -0.0400
-1.6916 2.0934 -0.0400
-1.7147 2.1061 -0.0400
-1.7341 2.1220 -0.0400
-1.7439 2.1481 -0.0400
-1.7517 2.1770 -0.0400
-1.7484 2.2193 -0.0400
-0.8738 4.0353 -0.0400
-0.9548 4.0193 -0.0400
-1.0065 4.0493 -0.0400
-1.0323 4.1255 -0.0400
-3.3681 5.7668 -0.0400
-3.4501 5.7579 -0.0400
-3.9509 4.6816 -0.0400
-4.0049 4.6361 -0.0400
-4.2333 4.6709 -0.0400
-4.2880 4.6268 -0.0400
-4.3630 4.6284 -0.0400
-5.4381 5.2957 -0.0400
-5.4731 5.1910 -0.0400
-5.5586 5.1631 -0.0400
-5.4307 4.5747 -0.0400
-5.4849 4.5194 -0.0400
-5.5910 4.5267 -0.0400
-4.9814 2.8655 -0.0400
-4.9933 2.8118 -0.0400
-5.0382 2.7831 -0.0400
-5.0773 2.7496 -0.0400
-5.1515 2.7393 -0.0400
-5.7123 2.7597 -0.0400
-5.7245 2.6985 -0.0400
-5.7945 2.6677 -0.0400
-7.7627 -2.0470 -0.0400
-7.1058 -2.0821 -0.0400
-3.4067 0.0439 -0.0400
-3.3890 0.0307 -0.0400
-3.3726 0.0152 -0.0400
-3.3656 -0.0177 -0.0400
-3.3580 -0.0515 -0.0400
-3.6650 -4.1738 -0.0400
-3.5569 -4.0901 -0.0400
-3.4639 -4.0894 -0.0400
-2.9353 -2.7095 -0.0400
-1.0335 -1.3138 -0.0400
-1.0085 -1.2602 -0.0400
-0.9740 -1.2206 -0.0400
-0.9213 -1.2049 -0.0400
-0.8539 -1.2060 -0.0400
1.1859 -1.9325 -0.0400
1.2705 -1.8871 -0.0400
1.3166 -1.8122 -0.0400
1.4037 -1.7662 -0.0400
1.4833 -1.7132 -0.0400
1.9801 0.9731 -0.0400
1.9925 1.0556 -0.0400
2.0788 1.1391 -0.0400
2.0910 1.2238 -0.0400
2.3057 1.3174 -0.0400
3.0301 2.1674 -0.0400
3.0026 2.2666 -0.0400
0.4146 3.4419 -0.0400
0.3317 3.4649 -0.0400
-1.4923 2.1016 -0.0400
-1.5349 2.1028 -0.0400
-1.5648 2.1133 -0.0400
-1.6372 2.0855 -0.0400
-1.6814 2.0800 -0.0400
-1.7034 2.0939 -0.0400
-1.7223 2.1105 -0.0400
-1.7370 2.1313 -0.0400
-1.7490 2.1550 -0.0400
-1.7565 2.1843 -0.0400
-1.7513 2.2288 -0.0400
-0.9065 3.9941 -0.0400
-0.9609 4.0198 -0.0400
-0.9924 4.0842 -0.0400
-3.3657 5.7466 -0.0400
-3.9477 4.6717 -0.0400
-4.0042 4.6341 -0.0400
-4.1716 4.7003 -0.0400
-4.2243 4.6510 -0.0400
-4.2920 4.6379 -0.0400
-5.4312 5.2924 -0.0400
-5.4687 5.1918 -0.0400
-5.5505 5.1590 -0.0400
-5.4306 4.5813 -0.0400
-5.4797 4.5196 -0.0400
-5.5625 4.4995 -0.0400
-4.9652 2.9222 -0.0400
-4.9657 2.8586 -0.0400
-4.9875 2.8130 -0.0400
-5.0260 2.7801 -0.0400
-5.0687 2.7496 -0.0400
-5.7209 2.7046 -0.0400
-7.7684 -2.0282 -0.0400
-7.1769 -1.9938 -0.0400
-7.1244 -2.0728 -0.0400
-5.4879 -1.7351 -0.0400
-5.4246 -1.7686 -0.0400
-5.4126 -1.8581 -0.0400
-3.3690 0.0019 -0.0400
-3.3573 -0.0233 -0.0400
-3.3500 -0.0587 -0.0400
-3.6798 -4.1552 -0.0400
-3.5833 -4.1447 -0.0400
-3.4824 -4.0962 -0.0400
-3.4029 -4.2042 -0.0400
-2.9504 -2.7158 -0.0400
-2.8833 -2.7166 -0.0400
-2.8478 -4.5978 -0.0400
-1.0375 -1.3221 -0.0400
-1.0131 -1.2671 -0.0400
-0.9789 -1.2268 -0.0400
-0.9298 -1.2061 -0.0400
-0.8673 -1.2011 -0.0400
1.1994 -1.9529 -0.0400
1.2396 -1.8736 -0.0400
1.3574 -1.8511 -0.0400
1.4025 -1.7744 -0.0400
1.9753 0.9721 -0.0400
2.0425 1.0540 -0.0400
2.0787 1.1381 -0.0400
2.1422 1.2241 -0.0400
3.0285 2.1659 -0.0400
3.0009 2.2653 -0.0400
2.4077 3.8996 -0.0400
0.3749 3.4179 -0.0400
-1.4483 2.1100 -0.0400
-1.5070 2.1001 -0.0400
-1.5443 2.1054 -0.0400
-1.6326 2.0662 -0.0400
-1.6640 2.0728 -0.0400
-1.6889 2.0844 -0.0400
-1.7096 2.0995 -0.0400
-1.7276 2.1170 -0.0400
-1.7352 2.1450 -0.0400
-1.7411 2.1756 -0.0400
-1.7307 2.2248 -0.0400
-0.8221 4.0229 -0.0400
-0.9077 4.0023 -0.0400
-0.9663 4.0215 -0.0400
-1.0040 4.0752 -0.0400
-3.3665 5.7466 -0.0400
-3.9434 4.6568 -0.0400
-4.0042 4.6326 -0.0400
-4.1677 4.6905 -0.0400
-4.2224 4.6468 -0.0400
-4.2899 4.6339 -0.0400
-5.4201 5.2816 -0.0400
-5.4625 5.1890 -0.0400
-5.4275 4.5830 -0.0400
-5.4913 4.5400 -0.0400
-4.9390 2.9053 -0.0400
-4.9560 2.8557 -0.0400
-4.9872 2.8177 -0.0400
-5.0351 2.7918 -0.0400
-5.0732 2.7581 -0.0400
-5.6955 2.7653 -0.0400
-5.7196 2.7111 -0.0400
-7.7762 -2.0109 -0.0400
-7.1907 -1.9812 -0.0400
-7.1271 -2.0521 -0.0400
-5.4374 -1.7581 -0.0400
-5.3945 -1.8133 -0.0400
-3.6976 -4.1529 -0.0400
-3.5993 -4.1321 -0.0400
-3.5013 -4.1039 -0.0400
-2.9648 -2.7036 -0.0400
-2.8980 -2.7080 -0.0400
-2.8658 -4.6121 -0.0400
-1.0427 -1.4230 -0.0400
-1.0461 -1.3247 -0.0400
-1.0266 -1.2628 -0.0400
-0.9851 -1.2321 -0.0400
-0.9364 -1.2106 -0.0400
-0.8766 -1.2022 -0.0400
1.1759 -1.9454 -0.0400
1.2568 -1.8969 -0.0400
1.3132 -1.8292 -0.0400
1.3944 -1.7786 -0.0400
1.9795 0.9703 -0.0400
2.0962 1.0517 -0.0400
2.0819 1.1366 -0.0400
2.2740 1.2255 -0.0400
3.0167 2.1622 -0.0400
3.0368 2.2710 -0.0400
2.4226 3.9082 -0.0400
0.4267 3.3763 -0.0400
0.3692 3.4189 -0.0400
-1.4830 2.0931 -0.0400
-1.5250 2.0957 -0.0400
-1.6075 2.0638 -0.0400
-1.6457 2.0656 -0.0400
-1.6732 2.0755 -0.0400
-1.6964 2.0886 -0.0400
-1.7152 2.1055 -0.0400
-1.7284 2.1278 -0.0400
-1.7387 2.1533 -0.0400
-1.7429 2.1858 -0.0400
-0.7653 4.0073 -0.0400
-0.8568 3.9807 -0.0400
-0.9206 3.9925 -0.0400
-0.9624 4.0386 -0.0400
-3.2881 5.7703 -0.0400
-3.9434 4.6534 -0.0400
-4.0096 4.6449 -0.0400
-4.1620 4.6747 -0.0400
-4.2208 4.6419 -0.0400
-4.2943 4.6435 -0.0400
-5.4028 5.2600 -0.0400
-5.4587 5.1888 -0.0400
-5.4115 4.5671 -0.0400
-5.4890 4.5422 -0.0400
-4.9460 2.9150 -0.0400
-4.9552 2.8592 -0.0400
-4.9821 2.8180 -0.0400
-5.0348 2.7961 -0.0400
-5.0907 2.7751 -0.0400
-5.7131 2.7817 -0.0400
-5.7393 2.7284 -0.0400
-7.7885 -1.9967 -0.0400
-7.1962 -1.9631 -0.0400
-7.1347 -2.0353 -0.0400
-5.5114 -1.7120 -0.0400
-5.4476 -1.7449 -0.0400
-5.4310 -1.8290 -0.0400
-3.5373 0.0564 -0.0400
-3.6305 -4.1739 -0.0400
-3.5238 -4.0921 -0.0400
-3.4336 -4.1143 -0.0400
-2.9194 -2.7341 -0.0400
-2.8514 -2.7179 -0.0400
-2.7895 -4.6030 -0.0400
-0.9964 -1.2365 -0.0400
-0.9543 -1.2064 -0.0400
-0.9054 -1.1845 -0.0400
1.2254 -1.8884 -0.0400
1.2965 -1.8317 -0.0400
1.3962 -1.7941 -0.0400
1.4463 -1.7203 -0.0400
1.9916 0.9669 -0.0400
1.9759 1.0506 -0.0400
2.0818 1.1339 -0.0400
2.0962 1.2192 -0.0400
2.2701 1.3108 -0.0400
2.9956 2.2602 -0.0400
3.0600 2.3793 -0.0400
2.3812 4.0034 -0.0400
0.3986 3.4469 -0.0400
-1.4832 2.1053 -0.0400
-1.5260 2.1076 -0.0400
-1.6029 2.0808 -0.0400
-1.6470 2.0782 -0.0400
-1.6773 2.0859 -0.0400
-1.7018 2.0981 -0.0400
-1.7242 2.1118 -0.0400
-1.7391 2.1324 -0.0400
-1.7520 2.1553 -0.0400
-1.7611 2.1824 -0.0400
-0.8060 4.0698 -0.0400
-0.9067 4.0278 -0.0400
-0.9771 4.0289 -0.0400
-3.3701 5.7488 -0.0400
-3.4562 5.7740 -0.0400
-3.9534 4.6768 -0.0400
-4.0063 4.6298 -0.0400
-4.0788 4.6383 -0.0400
-4.1901 4.7427 -0.0400
-4.2246 4.6479 -0.0400
-4.2854 4.6205 -0.0400
-4.3751 4.6571 -0.0400
-5.4565 5.1912 -0.0400
-5.5398 5.1620 -0.0400
-5.4450 4.6158 -0.0400
-5.4708 4.5246 -0.0400
-5.5576 4.5107 -0.0400
-4.9568 2.9280 -0.0400
-4.9594 2.8667 -0.0400
-4.9806 2.8213 -0.0400
-5.0169 2.7876 -0.0400
-5.0609 2.7590 -0.0400
-5.1041 2.7290 -0.0400
-5.7155 2.7235 -0.0400
-5.7458 2.6732 -0.0400
-7.7409 -2.0600 -0.0400
-7.1467 -2.0147 -0.0400
-7.0970 -2.0951 -0.0400
-5.4134 -1.7771 -0.0400
-5.3732 -1.8355 -0.0400
-3.4974 0.0631 -0.0400
-3.4700 0.0638 -0.0400
-3.4463 0.0598 -0.0400
-3.7311 -4.1334 -0.0400
-3.6281 -4.0832 -0.0400
-3.5367 -4.0966 -0.0400
-2.9974 -2.7316 -0.0400
-2.9293 -2.7232 -0.0400
-2.9021 -4.6096 -0.0400
1.1333 -2.0479 -0.0400
1.1683 -1.9632 -0.0400
1.2419 -1.9088 -0.0400
1.3197 -1.8564 -0.0400
1.3847 -1.7936 -0.0400
1.9812 0.8819 -0.0400
1.9882 0.9652 -0.0400
2.0964 1.0469 -0.0400
2.1438 1.1322 -0.0400
2.3220 1.2216 -0.0400
3.0778 2.0631 -0.0400
3.0256 2.1593 -0.0400
2.4639 3.8135 -0.0400
0.4846 3.3417 -0.0400
0.4139 3.3764 -0.0400
-1.4944 2.0678 -0.0400
-1.5264 2.0785 -0.0400
-1.5827 2.0693 -0.0400
-1.6444 2.0534 -0.0400
-1.6691 2.0661 -0.0400
-1.6929 2.0791 -0.0400
-1.7084 2.0991 -0.0400
-1.7217 2.1213 -0.0400
-1.7324 2.1463 -0.0400
-1.7129 2.2021 -0.0400
-0.8001 3.9760 -0.0400
-0.8786 3.9677 -0.0400
-0.9269 4.0032 -0.0400
-3.2905 5.7590 -0.0400
-3.8900 4.6886 -0.0400
-3.9451 4.6476 -0.0400
-4.1081 4.7140 -0.0400
-4.1594 4.6616 -0.0400
-4.2250 4.6466 -0.0400
-5.3814 5.2342 -0.0400
-5.3545 4.6245 -0.0400
-5.4043 4.5646 -0.0400
-5.5369 4.6102 -0.0400
-4.9270 2.9691 -0.0400
-4.9269 2.9048 -0.0400
-4.9469 2.8584 -0.0400
-4.9971 2.8358 -0.0400
-5.0348 2.8028 -0.0400
-5.6649 2.8330 -0.0400
-5.6779 2.7729 -0.0400
-7.8100 -1.9673 -0.0400
-7.2216 -1.9377 -0.0400
-7.1764 -2.0215 -0.0400
-5.4735 -1.7251 -0.0400
-3.5363 0.0616 -0.0400
-3.5033 0.0693 -0.0400
-3.4765 0.0693 -0.0400
-3.4504 0.0689 -0.0400
-3.4309 0.0587 -0.0400
-3.4133 0.0454 -0.0400
-3.7504 -4.1359 -0.0400
-3.6503 -4.1052 -0.0400
-3.5670 -4.1777 -0.0400
-3.0116 -2.7021 -0.0400
-2.9450 -2.7207 -0.0400
-2.9208 -4.6134 -0.0400
-2.3083 -1.1836 -0.0400
1.1592 -1.9690 -0.0400
1.2444 -1.9233 -0.0400
1.3285 -1.8751 -0.0400
1.4253 -1.8341 -0.0400
1.9802 0.8786 -0.0400
2.0000 0.9615 -0.0400
2.0934 1.0437 -0.0400
2.2824 1.1290 -0.0400
3.0695 2.0587 -0.0400
3.0362 2.1582 -0.0400
2.4547 3.8082 -0.0400
0.4743 3.3385 -0.0400
-1.4676 2.0609 -0.0400
-1.5061 2.0679 -0.0400
-1.5823 2.0451 -0.0400
-1.6211 2.0483 -0.0400
-1.6578 2.0520 -0.0400
-1.6788 2.0676 -0.0400
-1.6976 2.0850 -0.0400
-1.7105 2.1075 -0.0400
-1.7218 2.1317 -0.0400
-1.7119 2.1769 -0.0400
-0.8010 3.9839 -0.0400
-0.8823 3.9719 -0.0400
-0.9048 4.0473 -0.0400
-3.2143 5.7952 -0.0400
-3.2927 5.7584 -0.0400
-3.8379 4.7339 -0.0400
-3.8886 4.6759 -0.0400
-3.9494 4.6529 -0.0400
-4.1085 4.7095 -0.0400
-4.1605 4.6594 -0.0400
-4.2352 4.6669 -0.0400
-5.3416 5.3348 -0.0400
-5.3783 5.2319 -0.0400
-5.3410 4.6083 -0.0400
-5.4055 4.5684 -0.0400
-4.9249 2.9688 -0.0400
-4.9147 2.8963 -0.0400
-4.9465 2.8599 -0.0400
-4.9911 2.8332 -0.0400
-5.0298 2.8013 -0.0400
-5.0910 2.7851 -0.0400
-5.6754 2.7760 -0.0400
-5.7167 2.7324 -0.0400
-7.2094 -1.9084 -0.0400
-7.1651 -1.9921 -0.0400
-5.5375 -1.6694 -0.0400
-5.4821 -1.7108 -0.0400
-5.4660 -1.7948 -0.0400
-3.5437 0.0727 -0.0400
-3.5124 0.0781 -0.0400
-3.4863 0.0770 -0.0400
-3.4632 0.0720 -0.0400
-3.4422 0.0642 -0.0400
-3.4227 0.0540 -0.0400
-3.4080 0.0355 -0.0400
-3.3937 0.0157 -0.0400
-3.3822 -0.0106 -0.0400
-3.8691 -4.1560 -0.0400
-3.7688 -4.1332 -0.0400
-3.6644 -4.0774 -0.0400
-3.5765 -4.1153 -0.0400
-3.0278 -2.7058 -0.0400
-2.9607 -2.7130 -0.0400
-2.9395 -4.6123 -0.0400
-2.3164 -1.2067 -0.0400
-2.2918 -1.1252 -0.0400
-2.2561 -1.0999 -0.0400
-2.2212 -1.0743 -0.0400
1.1817 -2.0004 -0.0400
1.2339 -1.9287 -0.0400
1.3260 -1.8862 -0.0400
1.3900 -1.8219 -0.0400
1.9823 0.8746 -0.0400
2.0046 0.9576 -0.0400
2.1131 1.0396 -0.0400
2.2909 1.1251 -0.0400
3.1054 1.9550 -0.0400
3.0418 2.0507 -0.0400
3.0356 2.1546 -0.0400
-1.4010 2.0793 -0.0400
-1.4882 2.0544 -0.0400
-1.5175 2.0677 -0.0400
-1.6017 2.0390 -0.0400
-1.6423 2.0406 -0.0400
-1.6645 2.0557 -0.0400
-1.6859 2.0711 -0.0400
-1.7010 2.0916 -0.0400
-1.7091 2.1186 -0.0400
-1.7171 2.1462 -0.0400
-1.7189 2.1805 -0.0400
-0.8377 3.9405 -0.0400
-0.8872 3.9741 -0.0400
-0.9129 4.0445 -0.0400
-3.2142 5.7656 -0.0400
-3.8521 4.7724 -0.0400
-3.8886 4.6663 -0.0400
-3.9672 4.6985 -0.0400
-4.0551 4.7515 -0.0400
-4.1067 4.6978 -0.0400
-4.1634 4.6604 -0.0400
-4.2378 4.6678 -0.0400
-5.3212 5.3027 -0.0400
-5.3824 5.2399 -0.0400
-5.3165 4.7053 -0.0400
-5.3385 4.6060 -0.0400
-5.4044 4.5684 -0.0400
-4.8906 2.9400 -0.0400
-4.9126 2.8955 -0.0400
-4.9447 2.8596 -0.0400
-4.9888 2.8329 -0.0400
-5.0543 2.8213 -0.0400
-5.6475 2.8307 -0.0400
-5.6763 2.7804 -0.0400
-5.5472 -1.6569 -0.0400
-5.4926 -1.6990 -0.0400
-5.4746 -1.7807 -0.0400
-3.5731 0.0528 -0.0400
-3.5320 0.0714 -0.0400
-3.5025 0.0749 -0.0400
-3.4732 0.0794 -0.0400
-3.4526 0.0710 -0.0400
-3.4333 0.0605 -0.0400
-3.4160 0.0468 -0.0400
-3.3997 0.0307 -0.0400
-3.3853 0.0108 -0.0400
-3.3881 -0.0448 -0.0400
-3.7872 -4.1302 -0.0400
-3.6866 -4.0971 -0.0400
-3.0449 -2.7199 -0.0400
-3.0590 -4.6066 -0.0400
-2.3336 -1.1872 -0.0400
-2.3011 -1.1419 -0.0400
-2.2697 -1.0973 -0.0400
-2.2326 -1.0800 -0.0400
-2.1945 -1.0669 -0.0400
-2.1546 -1.0603 -0.0400
-2.1090 -1.0713 -0.0400
1.0898 -2.0547 -0.0400
1.1743 -2.0091 -0.0400
1.2259 -1.9366 -0.0400
1.3209 -1.8963 -0.0400
1.9967 0.8693 -0.0400
2.0976 0.9496 -0.0400
2.1145 1.0352 -0.0400
2.2931 1.1207 -0.0400
3.0440 2.0469 -0.0400
3.0846 2.1591 -0.0400
2.5095 3.7174 -0.0400
0.5205 3.2924 -0.0400
-1.4612 2.0460 -0.0400
-1.4966 2.0560 -0.0400
-1.5569 2.0469 -0.0400
-1.6197 2.0336 -0.0400
-1.6512 2.0421 -0.0400
-1.6712 2.0590 -0.0400
-1.6895 2.0771 -0.0400
-1.7003 2.1015 -0.0400
-1.7112 2.1262 -0.0400
-1.7007 2.1712 -0.0400
-0.7734 3.9356 -0.0400
-0.8429 3.9419 -0.0400
-0.8907 3.9781 -0.0400
-0.9126 4.0544 -0.0400
-3.1389 5.8125 -0.0400
-3.2173 5.7681 -0.0400
-3.8381 4.7125 -0.0400
-3.8926 4.6684 -0.0400
-4.0603 4.7582 -0.0400
-4.1048 4.6847 -0.0400
-4.1711 4.6732 -0.0400
-5.2766 5.3960 -0.0400
-5.3086 5.2825 -0.0400
-5.3856 5.2458 -0.0400
-5.2881 4.6651 -0.0400
-5.3388 4.6067 -0.0400
-5.4113 4.5781 -0.0400
-4.8846 2.9348 -0.0400
-4.9101 2.8936 -0.0400
-4.9450 2.8603 -0.0400
-4.9977 2.8404 -0.0400
-5.0567 2.8240 -0.0400
-5.6494 2.8349 -0.0400
-5.6708 2.7804 -0.0400
-5.5048 -1.6892 -0.0400
-5.4913 -1.7756 -0.0400
-3.5382 0.0839 -0.0400
-3.5106 0.0848 -0.0400
-3.4864 0.0815 -0.0400
-3.4644 0.0753 -0.0400
-3.4441 0.0666 -0.0400
-3.4269 0.0526 -0.0400
-3.4110 0.0361 -0.0400
-3.3967 0.0158 -0.0400
-3.3855 -0.0114 -0.0400
-3.3804 -0.0530 -0.0400
-3.6139 -4.1140 -0.0400
-3.0602 -2.7027 -0.0400
-2.9935 -2.7210 -0.0400
-2.9782 -4.6392 -0.0400
-2.3148 -1.1399 -0.0400
-2.2799 -1.1101 -0.0400
-2.2453 -1.0819 -0.0400
-2.2068 -1.0701 -0.0400
-2.1651 -1.0693 -0.0400
-2.1224 -1.0703 -0.0400
-2.0665 -1.1094 -0.0400
-0.9603 -3.8319 -0.0400
1.0832 -2.0649 -0.0400
1.1624 -2.0148 -0.0400
1.2208 -1.9475 -0.0400
1.3194 -1.9096 -0.0400
1.9940 0.7797 -0.0400
1.9893 0.8646 -0.0400
2.1062 0.9443 -0.0400
2.1090 1.0305 -0.0400
3.0556 2.0440 -0.0400
2.5013 3.7114 -0.0400
-1.4214 2.0443 -0.0400
-1.4815 2.0392 -0.0400
-1.5165 2.0492 -0.0400
-1.6011 2.0224 -0.0400
-1.6353 2.0297 -0.0400
-1.6565 2.0460 -0.0400
-1.6775 2.0622 -0.0400
-1.6917 2.0837 -0.0400
-1.7000 2.1105 -0.0400
-1.7087 2.1375 -0.0400
-1.6868 2.1933 -0.0400
-0.7049 3.9335 -0.0400
-0.7884 3.9232 -0.0400
-0.8482 3.9429 -0.0400
-0.8919 3.9853 -0.0400
-3.1402 5.7859 -0.0400
-3.2212 5.7773 -0.0400
-3.8337 4.6841 -0.0400
-3.8971 4.6709 -0.0400
-4.0568 4.7385 -0.0400
-4.1076 4.6833 -0.0400
-4.1836 4.6975 -0.0400
-5.2703 5.3847 -0.0400
-5.3019 5.2710 -0.0400
-5.2828 4.6569 -0.0400
-5.3376 4.6046 -0.0400
-5.4506 4.6301 -0.0400
-4.8797 2.9940 -0.0400
-4.8896 2.9384 -0.0400
-4.9105 2.8934 -0.0400
-4.9494 2.8635 -0.0400
-5.0019 2.8437 -0.0400
-5.0763 2.8390 -0.0400
-5.6385 2.8308 -0.0400
-5.7023 2.8011 -0.0400
-5.5737 -1.6400 -0.0400
-5.5117 -1.6743 -0.0400
-3.6020 0.0540 -0.0400
-3.5558 0.0795 -0.0400
-3.5256 0.0841 -0.0400
-3.4998 0.0829 -0.0400
-3.4739 0.0830 -0.0400
-3.4543 0.0733 -0.0400
-3.4359 0.0617 -0.0400
-3.4188 0.0474 -0.0400
-3.4030 0.0305 -0.0400
-3.3980 -0.0087 -0.0400
-3.3952 -0.0550 -0.0400
-3.0777 -2.7204 -0.0400
-3.0975 -4.6102 -0.0400
-2.3275 -1.1439 -0.0400
-2.2927 -1.1132 -0.0400
-2.2563 -1.0915 -0.0400
-2.2191 -1.0742 -0.0400
-2.1791 -1.0675 -0.0400
-2.1324 -1.0813 -0.0400
-2.0850 -1.0946 -0.0400
-0.9758 -3.8389 -0.0400
1.3246 -1.9286 -0.0400
1.9793 0.7750 -0.0400
2.1175 0.8513 -0.0400
2.1016 0.9388 -0.0400
2.2841 1.0208 -0.0400
3.0633 1.9347 -0.0400
3.0649 2.0402 -0.0400
2.5176 3.7166 -0.0400
-1.4422 2.0370 -0.0400
-1.4905 2.0395 -0.0400
-1.5507 2.0321 -0.0400
-1.6162 2.0186 -0.0400
-1.6437 2.0307 -0.0400
-1.6645 2.0474 -0.0400
-1.6803 2.0678 -0.0400
-1.6909 2.0924 -0.0400
-1.7023 2.1169 -0.0400
-1.6984 2.1552 -0.0400
-0.6917 3.9583 -0.0400
-0.8008 3.9140 -0.0400
-0.8517 3.9461 -0.0400
-3.1433 5.7829 -0.0400
-3.2250 5.7840 -0.0400
-3.7871 4.7441 -0.0400
-3.8385 4.6867 -0.0400
-3.9146 4.7154 -0.0400
-4.0506 4.7095 -0.0400
-4.1113 4.6836 -0.0400
-4.1968 4.7228 -0.0400
-5.2576 5.3615 -0.0400
-5.3028 5.2714 -0.0400
-5.2376 4.7225 -0.0400
-5.2748 4.6440 -0.0400
-5.3414 4.6086 -0.0400
-4.8586 2.9735 -0.0400
-4.8802 2.9289 -0.0400
-4.9141 2.8953 -0.0400
-4.9593 2.8707 -0.0400
-4.9945 2.8372 -0.0400
-5.6138 2.8847 -0.0400
-5.6371 2.8316 -0.0400
-5.7017 2.8028 -0.0400
-5.5886 -1.6339 -0.0400
-5.5263 -1.6679 -0.0400
-5.5111 -1.7519 -0.0400
-3.5728 0.0757 -0.0400
-3.5400 0.0839 -0.0400
-3.5074 0.0932 -0.0400
-3.4854 0.0872 -0.0400
-3.4649 0.0789 -0.0400
-3.4457 0.0688 -0.0400
-3.4301 0.0520 -0.0400
-3.4147 0.0345 -0.0400
-3.4014 0.0120 -0.0400
-3.3910 -0.0177 -0.0400
-3.0261 -2.7163 -0.0400
-2.3704 -1.2079 -0.0400
-2.3393 -1.1534 -0.0400
-2.3050 -1.1194 -0.0400
-2.2688 -1.0964 -0.0400
-2.2317 -1.0783 -0.0400
-2.1914 -1.0720 -0.0400
-2.1494 -1.0709 -0.0400
-2.0948 -1.1064 -0.0400
-2.0304 -1.1643 -0.0400
-0.9850 -3.8638 -0.0400
1.9846 0.7682 -0.0400
2.0065 0.8517 -0.0400
2.1024 0.9326 -0.0400
2.3302 1.0133 -0.0400
3.0664 1.9292 -0.0400
3.0665 2.0347 -0.0400
0.5889 3.2580 -0.0400
-1.4625 2.0295 -0.0400
-1.5030 2.0370 -0.0400
-1.5882 2.0124 -0.0400
-1.6237 2.0197 -0.0400
-1.6485 2.0339 -0.0400
-1.6685 2.0514 -0.0400
-1.6814 2.0742 -0.0400
-1.6898 2.1010 -0.0400
-1.6896 2.1356 -0.0400
-0.6411 3.9291 -0.0400
-0.7234 3.9235 -0.0400
-0.8075 3.9123 -0.0400
-0.8488 3.9579 -0.0400
-3.1469 5.7862 -0.0400
-3.7831 4.7125 -0.0400
-3.8415 4.6820 -0.0400
-4.0047 4.7697 -0.0400
-4.0529 4.7048 -0.0400
-4.1191 4.6943 -0.0400
-4.2012 4.7246 -0.0400
-5.2359 5.3218 -0.0400
-5.3276 5.3110 -0.0400
-5.2420 4.7267 -0.0400
-5.2755 4.6429 -0.0400
-5.3445 4.6110 -0.0400
-4.8721 3.0490 -0.0400
-4.8551 2.9680 -0.0400
-4.8792 2.9259 -0.0400
-4.9138 2.8932 -0.0400
-4.9630 2.8721 -0.0400
-5.0077 2.8463 -0.0400
-5.6071 2.8814 -0.0400
-5.6382 2.8334 -0.0400
-3.5872 0.0754 -0.0400
-3.5528 0.0856 -0.0400
-3.5190 0.0968 -0.0400
-3.4965 0.0916 -0.0400
-3.4755 0.0842 -0.0400
-3.4559 0.0748 -0.0400
-3.4388 0.0611 -0.0400
-3.4225 0.0455 -0.0400
-3.4074 0.0269 -0.0400
-3.4059 -0.0203 -0.0400
-2.3763 -1.2492 -0.0400
-2.3498 -1.1694 -0.0400
-2.3166 -1.1294 -0.0400
-2.2831 -1.0946 -0.0400
-2.2446 -1.0822 -0.0400
-2.2045 -1.0750 -0.0400
-2.1625 -1.0736 -0.0400
-2.1074 -1.1108 -0.0400
-1.0072 -3.8546 -0.0400
2.0031 0.6741 -0.0400
1.9837 0.7613 -0.0400
2.1090 0.8385 -0.0400
2.1113 0.9254 -0.0400
2.2948 1.0074 -0.0400
3.0743 1.9238 -0.0400
-1.4319 2.0195 -0.0400
-1.4705 2.0295 -0.0400
-1.5378 2.0193 -0.0400
-1.6005 2.0096 -0.0400
-1.6316 2.0201 -0.0400
-1.6538 2.0363 -0.0400
-1.6702 2.0565 -0.0400
-1.6822 2.0804 -0.0400
-1.6892 2.1085 -0.0400
-1.6880 2.1442 -0.0400
-0.6578 3.9140 -0.0400
-0.7584 3.8842 -0.0400
-0.8110 3.9145 -0.0400
-0.8212 4.0038 -0.0400
-3.1499 5.7775 -0.0400
-3.7852 4.7031 -0.0400
-4.0012 4.7454 -0.0400
-4.0573 4.7050 -0.0400
-4.1330 4.7213 -0.0400
-5.1957 5.4205 -0.0400
-5.2331 5.3140 -0.0400
-5.3206 5.2968 -0.0400
-5.2198 4.6905 -0.0400
-5.2764 4.6412 -0.0400
-5.3600 4.6300 -0.0400
-4.8426 3.0182 -0.0400
-4.8491 2.9595 -0.0400
-4.8771 2.9214 -0.0400
-4.9179 2.8942 -0.0400
-4.9648 2.8713 -0.0400
-5.0120 2.8477 -0.0400
-5.6142 2.8862 -0.0400
-5.6473 2.8394 -0.0400
-3.5632 0.0907 -0.0400
-3.5356 0.0922 -0.0400
-3.5070 0.0965 -0.0400
-3.4859 0.0895 -0.0400
-3.4657 0.0812 -0.0400
-3.4480 0.0688 -0.0400
-3.4311 0.0544 -0.0400
-3.4207 0.0272 -0.0400
-3.4091 0.0005 -0.0400
-3.4032 -0.0398 -0.0400
-3.9549 -4.1068 -0.0400
-3.8546 -4.0829 -0.0400
-3.7569 -4.0651 -0.0400
-2.3673 -1.1542 -0.0400
-2.3324 -1.1221 -0.0400
-2.2957 -1.1008 -0.0400
-2.2576 -1.0861 -0.0400
-2.2180 -1.0772 -0.0400
-2.1712 -1.0912 -0.0400
-2.1226 -1.1079 -0.0400
-2.0608 -1.1591 -0.0400
-1.0238 -3.8613 -0.0400
1.9828 0.7538 -0.0400
2.0992 0.8315 -0.0400
2.1532 0.9161 -0.0400
3.0700 1.9161 -0.0400
2.5662 3.6132 -0.0400
-1.4498 2.0128 -0.0400
-1.4826 2.0263 -0.0400
-1.5737 2.0004 -0.0400
-1.6137 2.0057 -0.0400
-1.6355 2.0228 -0.0400
-1.6569 2.0397 -0.0400
-1.6707 2.0622 -0.0400
-1.6798 2.0885 -0.0400
-1.6801 2.1225 -0.0400
-1.6530 2.1808 -0.0400
-0.6772 3.8952 -0.0400
-0.7647 3.8820 -0.0400
-0.8133 3.9177 -0.0400
-3.0723 5.7760 -0.0400
-3.7465 4.7965 -0.0400
-3.7905 4.7048 -0.0400
-3.9601 4.8232 -0.0400
-4.0024 4.7350 -0.0400
-4.0660 4.7173 -0.0400
-5.1929 5.4116 -0.0400
-5.2363 5.3160 -0.0400
-5.1844 4.7692 -0.0400
-5.2238 4.6925 -0.0400
-5.2839 4.6485 -0.0400
-4.8349 3.0072 -0.0400
-4.8488 2.9557 -0.0400
-4.8793 2.9200 -0.0400
-4.9290 2.9005 -0.0400
-4.9737 2.8758 -0.0400
-5.0320 2.8610 -0.0400
-5.5862 2.9356 -0.0400
-5.6023 2.8783 -0.0400
-3.5837 0.0803 -0.0400
-3.5444 0.0993 -0.0400
-3.5205 0.0962 -0.0400
-3.4956 0.0954 -0.0400
-3.4757 0.0868 -0.0400
-3.4574 0.0756 -0.0400
-3.4404 0.0618 -0.0400
-3.4284 0.0378 -0.0400
-3.4155 0.0145 -0.0400
-3.4056 -0.0168 -0.0400
-3.8786 -4.1089 -0.0400
-3.7749 -4.0601 -0.0400
-2.4360 -1.2928 -0.0400
-2.4127 -1.1859 -0.0400
-2.3788 -1.1450 -0.0400
-2.3427 -1.1189 -0.0400
-2.3054 -1.1003 -0.0400
-2.2644 -1.0961 -0.0400
-2.2212 -1.0990 -0.0400
-2.1743 -1.1122 -0.0400
-2.1193 -1.1474 -0.0400
-1.1012 -3.9603 -0.0400
-1.2303 -1.4609 -0.0400
-1.1981 -1.4115 -0.0400
-1.1619 -1.3695 -0.0400
1.9830 0.5768 -0.0400
1.9854 0.6625 -0.0400
2.1026 0.7385 -0.0400
2.1201 0.8248 -0.0400
2.3092 0.9034 -0.0400
2.6070 3.5139 -0.0400
-1.4396 1.9876 -0.0400
-1.4694 2.0034 -0.0400
-1.5672 1.9754 -0.0400
-1.6023 1.9846 -0.0400
-1.6217 2.0035 -0.0400
-1.6393 2.0234 -0.0400
-1.6493 2.0488 -0.0400
-1.6596 2.0743 -0.0400
-1.6535 2.1131 -0.0400
-0.5583 3.8483 -0.0400
-0.6595 3.8235 -0.0400
-0.7174 3.8482 -0.0400
-0.7595 3.8925 -0.0400
-2.9938 5.7787 -0.0400
-3.6217 4.8252 -0.0400
-3.6671 4.7276 -0.0400
-3.7315 4.7206 -0.0400
-3.8932 4.8220 -0.0400
-3.9391 4.7423 -0.0400
-4.0091 4.7462 -0.0400
-5.0503 5.5034 -0.0400
-5.0971 5.4090 -0.0400
-5.1634 5.3547 -0.0400
-5.1114 4.7909 -0.0400
-5.1585 4.7257 -0.0400
-5.2324 4.7026 -0.0400
-4.7830 3.0863 -0.0400
-4.7893 3.0259 -0.0400
-4.8127 2.9833 -0.0400
-4.8487 2.9529 -0.0400
-4.8967 2.9326 -0.0400
-4.9435 2.9104 -0.0400
-5.5457 2.9762 -0.0400
-5.5679 2.9229 -0.0400
-3.5722 0.1103 -0.0400
-3.5426 0.1154 -0.0400
-3.5210 0.1092 -0.0400
-3.4994 0.1035 -0.0400
-3.4807 0.0931 -0.0400
-3.4646 0.0782 -0.0400
-3.4484 0.0629 -0.0400
-3.4391 0.0337 -0.0400
-3.4282 0.0060 -0.0400
-4.0752 -4.0721 -0.0400
-3.9747 -4.0505 -0.0400
-3.8778 -4.0397 -0.0400
-3.8020 -4.1425 -0.0400
-3.2042 -2.6925 -0.0400
-2.4292 -1.1751 -0.0400
-2.3942 -1.1403 -0.0400
-2.3572 -1.1183 -0.0400
-2.3189 -1.1038 -0.0400
-2.2789 -1.0958 -0.0400
-2.2369 -1.0948 -0.0400
-2.1810 -1.1378 -0.0400
-1.2245 -3.9466 -0.0400
-1.1267 -3.9426 -0.0400
-1.2312 -1.4855 -0.0400
-1.2140 -1.4122 -0.0400
-1.1728 -1.3776 -0.0400
-1.1193 -1.3610 -0.0400
-1.0602 -1.3510 -0.0400
2.1106 0.6410 -0.0400
2.0990 0.7301 -0.0400
2.2847 0.8053 -0.0400
2.6169 3.5127 -0.0400
-1.3890 1.9856 -0.0400
-1.4545 1.9819 -0.0400
-1.5319 1.9688 -0.0400
-1.5703 1.9771 -0.0400
-1.6052 1.9866 -0.0400
-1.6239 2.0062 -0.0400
-1.6393 2.0279 -0.0400
-1.6460 2.0560 -0.0400
-1.6529 2.0845 -0.0400
-1.6244 2.1414 -0.0400
-0.5827 3.8238 -0.0400
-0.6696 3.8157 -0.0400
-0.7204 3.8492 -0.0400
-0.7307 3.9349 -0.0400
-2.9165 5.7894 -0.0400
-2.9985 5.8169 -0.0400
-3.6724 4.7282 -0.0400
-3.7360 4.7182 -0.0400
-3.8341 4.8412 -0.0400
-3.8827 4.7667 -0.0400
-3.9438 4.7416 -0.0400
-4.0151 4.7500 -0.0400
-5.0909 5.3919 -0.0400
-5.1837 5.3872 -0.0400
-5.1155 4.7922 -0.0400
-5.1615 4.7252 -0.0400
-5.2413 4.7112 -0.0400
-4.7844 3.0824 -0.0400
-4.7896 3.0210 -0.0400
-4.8141 2.9798 -0.0400
-4.8589 2.9576 -0.0400
-4.9016 2.9327 -0.0400
-4.9614 2.9216 -0.0400
-5.5374 2.9688 -0.0400
-5.5691 2.9222 -0.0400
-8.0573 -1.5773 -0.0400
-7.9730 -1.6478 -0.0400
-3.5090 0.1085 -0.0400
-3.4900 0.0989 -0.0400
-3.4724 0.0869 -0.0400
-3.4581 0.0685 -0.0400
-3.4427 0.0515 -0.0400
-3.4371 0.0138 -0.0400
-3.4313 -0.0259 -0.0400
-4.0975 -4.0867 -0.0400
-4.0008 -4.0846 -0.0400
-3.8952 -4.0326 -0.0400
-3.2220 -2.7076 -0.0400
-3.2898 -4.6181 -0.0400
-2.4372 -1.2086 -0.0400
-2.4045 -1.1597 -0.0400
-2.3691 -1.1295 -0.0400
-2.3324 -1.1074 -0.0400
-2.2916 -1.1025 -0.0400
-2.2484 -1.1055 -0.0400
-2.2013 -1.1194 -0.0400
-2.1451 -1.1584 -0.0400
-1.1539 -3.9200 -0.0400
-1.2501 -1.4819 -0.0400
-1.2203 -1.4282 -0.0400
-1.1835 -1.3867 -0.0400
-1.1344 -1.3635 -0.0400
-1.0510 -1.3871 -0.0400
1.9703 0.5598 -0.0400
2.0007 0.6428 -0.0400
2.0969 0.7210 -0.0400
2.1352 0.8062 -0.0400
2.6232 3.5093 -0.0400
-1.4083 1.9770 -0.0400
-1.4489 1.9877 -0.0400
-1.5526 1.9591 -0.0400
-1.5821 1.9729 -0.0400
-1.6096 1.9872 -0.0400
-1.6261 2.0084 -0.0400
-1.6396 2.0316 -0.0400
-1.6443 2.0614 -0.0400
-1.6483 2.0923 -0.0400
-0.5883 3.8208 -0.0400
-0.6728 3.8157 -0.0400
-0.7228 3.8504 -0.0400
-3.0014 5.7857 -0.0400
-3.6153 4.7438 -0.0400
-3.6776 4.7282 -0.0400
-3.8880 4.7676 -0.0400
-3.9485 4.7405 -0.0400
-5.0290 5.4492 -0.0400
-5.0951 5.3941 -0.0400
-5.0725 4.8603 -0.0400
-5.1043 4.7679 -0.0400
-5.1767 4.7434 -0.0400
-4.7763 3.1368 -0.0400
-4.7637 3.0555 -0.0400
-4.7884 3.0142 -0.0400
-4.8184 2.9784 -0.0400
-4.8631 2.9563 -0.0400
-4.9060 2.9318 -0.0400
-4.9748 2.9286 -0.0400
-5.5365 2.9658 -0.0400
-5.5847 2.9304 -0.0400
-8.0468 -1.5571 -0.0400
-7.9876 -1.6408 -0.0400
-7.3970 -1.6344 -0.0400
-3.4654 0.0777 -0.0400
-3.4533 0.0547 -0.0400
-3.4397 0.0337 -0.0400
-3.4432 -0.0249 -0.0400
-4.1223 -4.1122 -0.0400
-4.0043 -4.0139 -0.0400
-3.9132 -4.0294 -0.0400
-3.2369 -2.6897 -0.0400
-3.1707 -2.7089 -0.0400
-2.3460 -1.1116 -0.0400
-2.3065 -1.1017 -0.0400
-2.2649 -1.0990 -0.0400
-2.2104 -1.1381 -0.0400
-1.2622 -3.9504 -0.0400
-1.2636 -1.4875 -0.0400
-1.2333 -1.4345 -0.0400
-1.1946 -1.3955 -0.0400
-1.1428 -1.3762 -0.0400
-1.0821 -1.3682 -0.0400
1.9755 0.5491 -0.0400
2.0924 0.6233 -0.0400
2.1088 0.7101 -0.0400
2.2945 0.7853 -0.0400
-1.3522 1.9746 -0.0400
-1.4185 1.9729 -0.0400
-1.4545 1.9864 -0.0400
-1.5614 1.9561 -0.0400
-1.5875 1.9720 -0.0400
-1.6086 1.9907 -0.0400
-1.6252 2.0120 -0.0400
-1.6366 2.0370 -0.0400
-1.6323 2.0737 -0.0400
-1.6251 2.1136 -0.0400
-0.6087 3.7999 -0.0400
-0.6774 3.8134 -0.0400
-0.7130 3.8661 -0.0400
-2.9238 5.7802 -0.0400
-3.6219 4.7502 -0.0400
-3.6820 4.7241 -0.0400
-3.8307 4.7886 -0.0400
-3.8902 4.7569 -0.0400
-3.9592 4.7595 -0.0400
-4.9828 5.5413 -0.0400
-5.0264 5.4376 -0.0400
-5.1016 5.4006 -0.0400
-5.0555 4.8247 -0.0400
-5.1034 4.7598 -0.0400
-5.1720 4.7298 -0.0400
-4.7510 3.1034 -0.0400
-4.7675 3.0529 -0.0400
-4.7881 3.0077 -0.0400
-4.8288 2.9824 -0.0400
-4.8743 2.9610 -0.0400
-4.9155 2.9348 -0.0400
-5.5173 3.0182 -0.0400
-5.5366 2.9631 -0.0400
-5.6083 2.9435 -0.0400
-8.0539 -1.5467 -0.0400
-7.3968 -1.6198 -0.0400
-3.4416 0.0042 -0.0400
-4.1259 -4.0484 -0.0400
-4.0227 -4.0138 -0.0400
-3.9301 -4.0220 -0.0400
-3.8558 -4.1295 -0.0400
-3.2542 -2.6999 -0.0400
-3.3287 -4.6227 -0.0400
-2.2315 -1.1173 -0.0400
-2.1787 -1.1468 -0.0400
-1.1865 -3.9398 -0.0400
-1.2730 -1.5002 -0.0400
-1.2444 -1.4441 -0.0400
-1.2062 -1.4041 -0.0400
-1.1534 -1.3861 -0.0400
-1.0901 -1.3816 -0.0400
1.9699 0.5391 -0.0400
2.0954 0.6123 -0.0400
2.0993 0.7005 -0.0400
2.2856 0.7755 -0.0400
-1.3612 1.9706 -0.0400
-1.4220 1.9720 -0.0400
-1.5313 1.9433 -0.0400
-1.5657 1.9552 -0.0400
-1.5907 1.9719 -0.0400
-1.6101 1.9918 -0.0400
-1.6235 2.0156 -0.0400
-1.6327 2.0423 -0.0400
-1.6376 2.0726 -0.0400
-0.5331 3.7942 -0.0400
-0.6112 3.7993 -0.0400
-0.6776 3.8157 -0.0400
-0.7025 3.8818 -0.0400
-2.9274 5.7788 -0.0400
-3.5660 4.7737 -0.0400
-3.6241 4.7347 -0.0400
-3.6936 4.7533 -0.0400
-3.8376 4.7953 -0.0400
-3.8951 4.7556 -0.0400
-4.9861 5.5410 -0.0400
-5.0286 5.4350 -0.0400
-5.1067 5.4038 -0.0400
-5.0527 4.8125 -0.0400
-5.1073 4.7593 -0.0400
-4.7444 3.0892 -0.0400
-4.7652 3.0436 -0.0400
-4.7928 3.0056 -0.0400
-4.8422 2.9887 -0.0400
-4.8774 2.9576 -0.0400
-4.9480 2.9578 -0.0400
-5.5150 3.0130 -0.0400
-5.5385 2.9611 -0.0400
-8.0470 -1.5297 -0.0400
-7.4119 -1.6152 -0.0400
-4.1425 -4.0412 -0.0400
-4.0391 -4.0050 -0.0400
-3.9470 -4.0148 -0.0400
-3.3397 -2.7125 -0.0400
-3.2688 -2.6837 -0.0400
-3.2036 -2.7141 -0.0400
-1.2767 -1.5224 -0.0400
-1.2533 -1.4574 -0.0400
-1.2182 -1.4125 -0.0400
-1.1665 -1.3929 -0.0400
-1.1038 -1.3876 -0.0400
0.8798 -2.3124 -0.0400
0.9587 -2.2619 -0.0400
1.9636 0.4416 -0.0400
1.9682 0.5281 -0.0400
2.0941 0.6013 -0.0400
2.0956 0.6898 -0.0400
-1.4050 1.9474 -0.0400
-1.4412 1.9618 -0.0400
-1.5320 1.9437 -0.0400
-1.5665 1.9557 -0.0400
-1.5912 1.9729 -0.0400
-1.6105 1.9931 -0.0400
-1.6217 2.0186 -0.0400
-1.6294 2.0467 -0.0400
-1.6308 2.0798 -0.0400
-0.5443 3.7829 -0.0400
-0.6230 3.7872 -0.0400
-0.6736 3.8223 -0.0400
-2.8497 5.7781 -0.0400
-3.5751 4.7954 -0.0400
-3.6326 4.7510 -0.0400
-3.7814 4.8223 -0.0400
-3.8372 4.7731 -0.0400
-3.9015 4.7600 -0.0400
-3.9834 4.8071 -0.0400
-5.0335 5.4376 -0.0400
-5.0546 4.8081 -0.0400
-5.1289 4.7876 -0.0400
-4.7441 3.1505 -0.0400
-4.7467 3.0840 -0.0400
-4.7629 3.0337 -0.0400
-4.7972 3.0027 -0.0400
-4.8462 2.9857 -0.0400
-4.8856 2.9586 -0.0400
-5.4947 3.0636 -0.0400
-5.5096 3.0051 -0.0400
-5.5484 2.9642 -0.0400
-8.0471 -1.5169 -0.0400
-7.4602 -1.5235 -0.0400
-7.4156 -1.6042 -0.0400
-4.1622 -4.0478 -0.0400
-4.0537 -3.9895 -0.0400
-3.9639 -4.0097 -0.0400
-3.2848 -2.6828 -0.0400
-3.2185 -2.6985 -0.0400
-1.3055 -1.5044 -0.0400
-1.2726 -1.4550 -0.0400
-1.2310 -1.4201 -0.0400
-1.1813 -1.3974 -0.0400
-1.1212 -1.3886 -0.0400
0.8715 -2.3276 -0.0400
0.9509 -2.2774 -0.0400
1.0538 -2.2460 -0.0400
1.1080 -2.1721 -0.0400
1.9550 0.4309 -0.0400
1.9710 0.5160 -0.0400
2.0882 0.5902 -0.0400
2.2745 0.6618 -0.0400
-1.3966 1.9514 -0.0400
-1.4372 1.9638 -0.0400
-1.5279 1.9461 -0.0400
-1.5759 1.9505 -0.0400
-1.5951 1.9711 -0.0400
-1.6097 1.9945 -0.0400
-1.6205 2.0205 -0.0400
-1.6270 2.0497 -0.0400
-1.4809 2.1897 -0.0400
-0.5501 3.7769 -0.0400
-0.6251 3.7856 -0.0400
-0.6683 3.8296 -0.0400
-2.8530 5.7780 -0.0400
-3.5718 4.7474 -0.0400
-3.6361 4.7421 -0.0400
-3.7914 4.8433 -0.0400
-3.8422 4.7723 -0.0400
-3.9164 4.7958 -0.0400
-4.9681 5.4874 -0.0400
-5.0335 5.4300 -0.0400
-4.9945 4.8445 -0.0400
-5.0513 4.7946 -0.0400
-5.1342 4.7888 -0.0400
-4.7222 3.1180 -0.0400
-4.7401 3.0688 -0.0400
-4.7683 3.0315 -0.0400
-4.8102 3.0081 -0.0400
-4.8500 2.9821 -0.0400
-4.9187 2.9823 -0.0400
-5.4999 3.0629 -0.0400
-5.5094 3.0005 -0.0400
-7.4773 -1.5213 -0.0400
-7.4144 -1.5909 -0.0400
-5.7744 -1.4536 -0.0400
-5.6986 -1.4746 -0.0400
-4.1755 -4.0290 -0.0400
-4.0740 -4.0012 -0.0400
-3.9835 -4.0187 -0.0400
-3.3004 -2.6812 -0.0400
-2.4945 -1.2131 -0.0400
-2.4608 -1.1692 -0.0400
-2.4248 -1.1410 -0.0400
-1.3059 -1.5327 -0.0400
-1.2805 -1.4706 -0.0400
-1.2427 -1.4296 -0.0400
-1.1854 -1.4179 -0.0400
-1.1113 -1.4283 -0.0400
0.8586 -2.3390 -0.0400
0.9404 -2.2910 -0.0400
1.0295 -2.2478 -0.0400
1.1396 -2.2201 -0.0400
2.2781 0.6492 -0.0400
-1.3690 1.9300 -0.0400
-1.4163 1.9399 -0.0400
-1.5038 1.9264 -0.0400
-1.5456 1.9355 -0.0400
-1.5732 1.9519 -0.0400
-1.5935 1.9721 -0.0400
-1.6090 1.9952 -0.0400
-1.6106 2.0275 -0.0400
-1.6081 2.0634 -0.0400
-1.4703 2.1978 -0.0400
-0.5752 3.7490 -0.0400
-0.6287 3.7816 -0.0400
-0.6673 3.8311 -0.0400
-2.7735 5.8114 -0.0400
-2.8560 5.7812 -0.0400
-3.5771 4.7488 -0.0400
-3.7849 4.7934 -0.0400
-3.8465 4.7688 -0.0400
-3.9176 4.7811 -0.0400
-4.9590 5.4598 -0.0400
-5.0016 4.8486 -0.0400
-5.0551 4.7928 -0.0400
-5.1345 4.7815 -0.0400
-4.7080 3.1638 -0.0400
-4.7166 3.1030 -0.0400
-4.7402 3.0604 -0.0400
-4.7720 3.0271 -0.0400
-4.8211 3.0110 -0.0400
-4.8611 2.9851 -0.0400
-5.4882 3.0490 -0.0400
-5.5178 3.0017 -0.0400
-8.1312 -1.4227 -0.0400
-8.0671 -1.5036 -0.0400
-7.4620 -1.5007 -0.0400
-5.7714 -1.4373 -0.0400
-5.7039 -1.4657 -0.0400
-4.1915 -4.0227 -0.0400
-4.0855 -3.9745 -0.0400
-3.9969 -3.9986 -0.0400
-3.3865 -2.7066 -0.0400
-3.3156 -2.6770 -0.0400
-2.4994 -1.2652 -0.0400
-2.4703 -1.1936 -0.0400
-2.4361 -1.1554 -0.0400
-2.4012 -1.1249 -0.0400
-2.3613 -1.1164 -0.0400
-2.3194 -1.1154 -0.0400
-1.3302 -1.5221 -0.0400
-1.2977 -1.4718 -0.0400
-1.2556 -1.4375 -0.0400
-1.2047 -1.4164 -0.0400
-1.1410 -1.4127 -0.0400
0.8177 -2.4486 -0.0400
0.8485 -2.3534 -0.0400
0.9350 -2.3094 -0.0400
1.0339 -2.2744 -0.0400
1.0958 -2.2064 -0.0400
-1.3448 1.9401 -0.0400
-1.4074 1.9429 -0.0400
-1.4808 1.9375 -0.0400
-1.5543 1.9294 -0.0400
-1.5764 1.9491 -0.0400
-1.5933 1.9716 -0.0400
-1.6046 1.9976 -0.0400
-1.6115 2.0266 -0.0400
-1.6102 2.0618 -0.0400
-1.4822 2.1890 -0.0400
-0.4683 3.7713 -0.0400
-0.5606 3.7640 -0.0400
-0.6238 3.7864 -0.0400
-0.6449 3.8571 -0.0400
-2.7775 5.7785 -0.0400
-2.8584 5.8044 -0.0400
-3.5188 4.7591 -0.0400
-3.5818 4.7467 -0.0400
-3.7874 4.7823 -0.0400
-3.8563 4.7877 -0.0400
-4.9134 5.5543 -0.0400
-4.9623 5.4587 -0.0400
-4.9466 4.8945 -0.0400
-4.9945 4.8271 -0.0400
-5.0686 4.8078 -0.0400
-4.7011 3.1466 -0.0400
-4.7160 3.0933 -0.0400
-4.7427 3.0543 -0.0400
-4.7891 3.0362 -0.0400
-4.8281 3.0097 -0.0400
-4.8767 2.9921 -0.0400
-5.4807 3.0379 -0.0400
-5.5256 3.0021 -0.0400
-8.1048 -1.3991 -0.0400
-7.4725 -1.4960 -0.0400
-7.4426 -1.5848 -0.0400
-5.7789 -1.4313 -0.0400
-5.7252 -1.4725 -0.0400
-3.3306 -2.6733 -0.0400
-3.2656 -2.6999 -0.0400
-2.5196 -1.2332 -0.0400
-2.4867 -1.1834 -0.0400
-2.4513 -1.1517 -0.0400
-2.4141 -1.1313 -0.0400
-2.3755 -1.1180 -0.0400
-2.3352 -1.1114 -0.0400
-2.2854 -1.1363 -0.0400
-2.2312 -1.1709 -0.0400
-1.3249 -1.5603 -0.0400
-1.3036 -1.4909 -0.0400
-1.2676 -1.4471 -0.0400
-1.2107 -1.4346 -0.0400
-1.1347 -1.4478 -0.0400
0.8095 -2.4654 -0.0400
0.8380 -2.3678 -0.0400
0.9231 -2.3225 -0.0400
1.0207 -2.2863 -0.0400
1.0968 -2.2301 -0.0400
-1.3748 1.9224 -0.0400
-1.4177 1.9351 -0.0400
-1.5117 1.9186 -0.0400
-1.5481 1.9312 -0.0400
-1.5729 1.9496 -0.0400
-1.5918 1.9711 -0.0400
-1.5974 2.0010 -0.0400
-1.5982 2.0345 -0.0400
-1.5778 2.0834 -0.0400
-0.4773 3.7596 -0.0400
-0.5674 3.7548 -0.0400
-0.6158 3.7940 -0.0400
-2.7800 5.7806 -0.0400
-3.5231 4.7563 -0.0400
-3.5867 4.7467 -0.0400
-3.7311 4.8094 -0.0400
-3.7920 4.7807 -0.0400
-3.8600 4.7826 -0.0400
-4.8546 5.6241 -0.0400
-4.8928 5.4991 -0.0400
-4.9747 5.4771 -0.0400
-4.9649 4.9200 -0.0400
-4.9989 4.8261 -0.0400
-5.0684 4.7988 -0.0400
-4.7008 3.1366 -0.0400
-4.7178 3.0859 -0.0400
-4.7519 3.0551 -0.0400
-4.7964 3.0349 -0.0400
-4.8362 3.0093 -0.0400
-4.8967 3.0032 -0.0400
-5.4628 3.0882 -0.0400
-5.4932 3.0414 -0.0400
-8.1213 -1.3974 -0.0400
-8.0941 -1.4964 -0.0400
-7.5417 -1.4199 -0.0400
-7.4740 -1.4866 -0.0400
-5.7614 -1.4035 -0.0400
-5.7282 -1.4629 -0.0400
-3.4152 -2.6921 -0.0400
-3.3455 -2.6718 -0.0400
-2.5257 -1.2782 -0.0400
-2.4969 -1.2039 -0.0400
-2.4626 -1.1655 -0.0400
-2.4283 -1.1321 -0.0400
-2.3890 -1.1218 -0.0400
-2.3479 -1.1182 -0.0400
-2.3041 -1.1226 -0.0400
-2.2558 -1.1397 -0.0400
-2.1944 -1.1930 -0.0400
-1.2316 -1.4312 -0.0400
-1.1698 -1.4248 -0.0400
0.8266 -2.3815 -0.0400
0.9173 -2.3412 -0.0400
1.0107 -2.3012 -0.0400
1.0904 -2.2480 -0.0400
-1.3536 1.9298 -0.0400
-1.4774 1.9010 -0.0400
-1.5247 1.9089 -0.0400
-1.5535 1.9257 -0.0400
-1.5742 1.9466 -0.0400
-1.5890 1.9708 -0.0400
-1.5990 1.9981 -0.0400
-1.6028 2.0298 -0.0400
-1.5932 2.0713 -0.0400
-0.4760 3.7580 -0.0400
-0.5765 3.7423 -0.0400
-0.6086 3.7998 -0.0400
-2.7003 5.7836 -0.0400
-2.7823 5.7792 -0.0400
-3.4683 4.7964 -0.0400
-3.5271 4.7518 -0.0400
-3.6850 4.8957 -0.0400
-3.7348 4.8048 -0.0400
-3.7965 4.7793 -0.0400
-4.9042 5.5165 -0.0400
-4.9710 5.4608 -0.0400
-4.9406 4.8646 -0.0400
-5.0034 4.8253 -0.0400
-5.1111 4.8647 -0.0400
-4.6877 3.1116 -0.0400
-4.7184 3.0770 -0.0400
-4.7583 3.0525 -0.0400
-4.8013 3.0309 -0.0400
-4.8440 3.0083 -0.0400
-5.4554 3.0760 -0.0400
-5.4896 3.0326 -0.0400
-8.1124 -1.3838 -0.0400
-7.4754 -1.4779 -0.0400
-7.4676 -1.5794 -0.0400
-5.7690 -1.3991 -0.0400
-5.7275 -1.4506 -0.0400
-3.2970 -2.7170 -0.0400
-2.5141 -1.1880 -0.0400
-2.4784 -1.1580 -0.0400
-2.4412 -1.1380 -0.0400
-2.4027 -1.1244 -0.0400
-2.3627 -1.1167 -0.0400
-2.3149 -1.1357 -0.0400
-2.2640 -1.1608 -0.0400
0.7554 -2.4636 -0.0400
0.8456 -2.4237 -0.0400
0.9031 -2.3527 -0.0400
1.0041 -2.3195 -0.0400
1.0714 -2.2556 -0.0400
-1.3756 1.9149 -0.0400
-1.4158 1.9294 -0.0400
-1.5119 1.9125 -0.0400
-1.5458 1.9269 -0.0400
-1.5730 1.9444 -0.0400
-1.5843 1.9710 -0.0400
-1.5907 2.0008 -0.0400
-1.5876 2.0375 -0.0400
-1.4408 2.1735 -0.0400
-0.4232 3.7172 -0.0400
-0.5170 3.7112 -0.0400
-0.5737 3.7420 -0.0400
-0.6054 3.8003 -0.0400
-2.7028 5.7726 -0.0400
-2.7838 5.7898 -0.0400
-3.4692 4.7710 -0.0400
-3.5351 4.7753 -0.0400
-3.6809 4.8503 -0.0400
-3.7380 4.7982 -0.0400
-3.8061 4.8013 -0.0400
-4.8391 5.5697 -0.0400
-4.8956 5.4884 -0.0400
-4.9491 4.8715 -0.0400
-5.0267 4.8589 -0.0400
-4.6753 3.1583 -0.0400
-4.6929 3.1075 -0.0400
-4.7234 3.0727 -0.0400
-4.7635 3.0486 -0.0400
-4.8167 3.0376 -0.0400
-5.4404 3.1283 -0.0400
-5.4562 3.0699 -0.0400
-8.1144 -1.3762 -0.0400
-7.5375 -1.3996 -0.0400
-7.4858 -1.4750 -0.0400
-5.7718 -1.3912 -0.0400
-5.7674 -1.4769 -0.0400
-3.6341 0.1497 -0.0400
-3.6090 0.1508 -0.0400
-3.5868 0.1483 -0.0400
-2.5586 -1.2510 -0.0400
-2.5258 -1.1994 -0.0400
-2.4906 -1.1662 -0.0400
-2.4539 -1.1440 -0.0400
-2.4160 -1.1280 -0.0400
-2.3750 -1.1242 -0.0400
-2.3317 -1.1276 -0.0400
-2.2846 -1.1416 -0.0400
-2.2278 -1.1820 -0.0400
0.7609 -2.4943 -0.0400
0.8092 -2.4149 -0.0400
0.8893 -2.3648 -0.0400
0.9915 -2.3326 -0.0400
-1.3903 1.9031 -0.0400
-1.4796 1.8921 -0.0400
-1.5223 1.9029 -0.0400
-1.5503 1.9206 -0.0400
-1.5699 1.9427 -0.0400
-1.5839 1.9678 -0.0400
-1.5929 1.9962 -0.0400
-1.5621 2.0512 -0.0400
-0.4011 3.7349 -0.0400
-0.5074 3.7169 -0.0400
-0.5708 3.7410 -0.0400
-2.7042 5.7754 -0.0400
-3.4105 4.7902 -0.0400
-3.4717 4.7588 -0.0400
-3.5367 4.7580 -0.0400
-3.6804 4.8252 -0.0400
-3.7416 4.7942 -0.0400
-3.8135 4.8144 -0.0400
-4.8435 5.5718 -0.0400
-4.8981 5.4857 -0.0400
-4.8921 4.9138 -0.0400
-4.9446 4.8538 -0.0400
-5.0209 4.8393 -0.0400
-4.6636 3.1337 -0.0400
-4.6939 3.0984 -0.0400
-4.7338 3.0744 -0.0400
-4.7772 3.0537 -0.0400
-4.8211 3.0328 -0.0400
-5.4379 3.1192 -0.0400
-5.4783 3.0805 -0.0400
-8.1781 -1.2879 -0.0400
-8.1253 -1.3735 -0.0400
-7.5887 -1.4199 -0.0400
-5.8574 -1.3692 -0.0400
-5.7747 -1.3842 -0.0400
-5.7488 -1.4494 -0.0400
-3.6712 0.1423 -0.0400
-3.6395 0.1521 -0.0400
-3.6139 0.1542 -0.0400
-3.5916 0.1521 -0.0400
-3.5689 0.1515 -0.0400
-3.5508 0.1435 -0.0400
-3.5338 0.1339 -0.0400
-2.5708 -1.2589 -0.0400
-2.5381 -1.2064 -0.0400
-2.5030 -1.1728 -0.0400
-2.4683 -1.1414 -0.0400
-2.4294 -1.1301 -0.0400
-2.3892 -1.1242 -0.0400
-2.3470 -1.1242 -0.0400
-2.2907 -1.1688 -0.0400
0.7874 -2.4280 -0.0400
0.8787 -2.3881 -0.0400
0.9424 -2.3225 -0.0400
1.0319 -2.2783 -0.0400
-1.3268 1.9274 -0.0400
-1.3952 1.9289 -0.0400
-1.4594 1.9304 -0.0400
-1.5279 1.9272 -0.0400
-1.5676 1.9382 -0.0400
-1.5849 1.9617 -0.0400
-1.5960 1.9889 -0.0400
-1.6019 2.0199 -0.0400
-1.5974 2.0583 -0.0400
-0.4852 3.7330 -0.0400
-0.5675 3.7377 -0.0400
-0.6094 3.7850 -0.0400
-2.7043 5.7961 -0.0400
-2.7871 5.7868 -0.0400
-3.4794 4.7791 -0.0400
-3.5410 4.7524 -0.0400
-3.6141 4.7982 -0.0400
-3.6875 4.8351 -0.0400
-3.7465 4.7917 -0.0400
-3.8098 4.7731 -0.0400
-4.9017 5.4831 -0.0400
-4.9674 4.8853 -0.0400
-5.0219 4.8294 -0.0400
-4.6960 3.1588 -0.0400
-4.7079 3.1010 -0.0400
-4.7352 3.0625 -0.0400
-4.7736 3.0366 -0.0400
-4.8263 3.0254 -0.0400
-5.4423 3.1131 -0.0400
-5.4648 3.0603 -0.0400
-5.5229 3.0354 -0.0400
-7.4885 -1.4584 -0.0400
-7.4615 -1.5476 -0.0400
-5.7878 -1.3842 -0.0400
-5.7431 -1.4319 -0.0400
-3.6669 0.1240 -0.0400
-3.6323 0.1391 -0.0400
-3.6060 0.1430 -0.0400
-3.5792 0.1489 -0.0400
-3.5600 0.1431 -0.0400
-3.5419 0.1357 -0.0400
-3.5249 0.1264 -0.0400
-3.5102 0.1125 -0.0400
-3.4955 0.0982 -0.0400
-3.4815 0.0820 -0.0400
-2.5150 -1.2015 -0.0400
-2.4801 -1.1689 -0.0400
-2.4459 -1.1375 -0.0400
-2.4073 -1.1253 -0.0400
-2.3676 -1.1176 -0.0400
-2.3210 -1.1318 -0.0400
-2.2726 -1.1485 -0.0400
-2.2110 -1.2005 -0.0400
-1.3485 -1.5448 -0.0400
-1.3189 -1.4900 -0.0400
-1.2786 -1.4530 -0.0400
0.7361 -2.5216 -0.0400
0.7868 -2.4442 -0.0400
0.8665 -2.3938 -0.0400
0.9744 -2.3666 -0.0400
-1.3902 1.8923 -0.0400
-1.4834 1.8799 -0.0400
-1.5206 1.8940 -0.0400
-1.5457 1.9137 -0.0400
-1.5647 1.9366 -0.0400
-1.5778 1.9628 -0.0400
-1.5706 2.0018 -0.0400
-1.5460 2.0534 -0.0400
-0.4154 3.7086 -0.0400
-0.5104 3.7025 -0.0400
-0.5283 3.7760 -0.0400
-2.6230 5.7852 -0.0400
-2.7057 5.7818 -0.0400
-3.4160 4.7759 -0.0400
-3.4801 4.7665 -0.0400
-3.6244 4.8464 -0.0400
-3.6834 4.7993 -0.0400
-3.7502 4.7975 -0.0400
-4.7688 5.5967 -0.0400
-4.8268 5.5154 -0.0400
-4.8373 4.9530 -0.0400
-4.8856 4.8824 -0.0400
-4.9574 4.8603 -0.0400
-4.6326 3.2221 -0.0400
-4.6426 3.1594 -0.0400
-4.6692 3.1192 -0.0400
-4.7068 3.0927 -0.0400
-4.7526 3.0753 -0.0400
-4.7934 3.0516 -0.0400
-4.8625 3.0571 -0.0400
-5.4111 3.1541 -0.0400
-5.4319 3.0995 -0.0400
-5.4894 3.0749 -0.0400
-8.1548 -1.2637 -0.0400
-7.5325 -1.3752 -0.0400
-5.8473 -1.3441 -0.0400
-5.7816 -1.3734 -0.0400
-5.7687 -1.4500 -0.0400
-3.7010 0.1170 -0.0400
-3.6536 0.1491 -0.0400
-3.6182 0.1664 -0.0400
-3.5973 0.1631 -0.0400
-3.5779 0.1577 -0.0400
-3.5599 0.1504 -0.0400
-3.5436 0.1402 -0.0400
-3.5286 0.1275 -0.0400
-3.5143 0.1130 -0.0400
-3.5009 0.0964 -0.0400
-3.4972 0.0584 -0.0400
-3.4945 0.0153 -0.0400
-2.5596 -1.2334 -0.0400
-2.5297 -1.1736 -0.0400
-2.4926 -1.1533 -0.0400
-2.4554 -1.1355 -0.0400
-2.4156 -1.1285 -0.0400
-2.3700 -1.1415 -0.0400
-2.3230 -1.1561 -0.0400
-2.2671 -1.1949 -0.0400
-1.3834 -1.6127 -0.0400
-1.3655 -1.5367 -0.0400
-1.3307 -1.4906 -0.0400
-1.2776 -1.4727 -0.0400
-1.2067 -1.4795 -0.0400
0.9533 -2.3729 -0.0400
-1.3370 1.8758 -0.0400
-1.3821 1.8898 -0.0400
-1.4693 1.8810 -0.0400
-1.5118 1.8928 -0.0400
-1.5460 1.9079 -0.0400
-1.5608 1.9332 -0.0400
-1.5708 1.9616 -0.0400
-1.5748 1.9939 -0.0400
-1.5660 2.0351 -0.0400
-0.4470 3.6697 -0.0400
-0.5134 3.6926 -0.0400
-0.5458 3.7504 -0.0400
-2.6247 5.7665 -0.0400
-3.4179 4.7646 -0.0400
-3.4859 4.7868 -0.0400
-3.5688 4.9039 -0.0400
-3.6252 4.8308 -0.0400
-3.6867 4.7984 -0.0400
-3.7638 4.8477 -0.0400
-4.7618 5.5713 -0.0400
-4.8301 5.5160 -0.0400
-4.8366 4.9427 -0.0400
-4.8888 4.8800 -0.0400
-4.9610 4.8586 -0.0400
-4.6433 3.2251 -0.0400
-4.6497 3.1576 -0.0400
-4.6751 3.1158 -0.0400
-4.7231 3.1015 -0.0400
-4.7618 3.0756 -0.0400
-4.8228 3.0738 -0.0400
-5.3851 3.1972 -0.0400
-5.4004 3.1372 -0.0400
-5.4527 3.1091 -0.0400
-8.1540 -1.2576 -0.0400
-7.5891 -1.2972 -0.0400
-7.5275 -1.3665 -0.0400
-5.8295 -1.3219 -0.0400
-5.7926 -1.3759 -0.0400
-3.6799 0.1537 -0.0400
-3.6486 0.1639 -0.0400
-3.6236 0.1661 -0.0400
-3.6019 0.1641 -0.0400
-3.5822 0.1596 -0.0400
-3.5632 0.1542 -0.0400
-3.5472 0.1439 -0.0400
-3.5321 0.1318 -0.0400
-3.5180 0.1177 -0.0400
-3.5103 0.0900 -0.0400
-3.5010 0.0639 -0.0400
-3.4977 0.0230 -0.0400
-2.5758 -1.2160 -0.0400
-2.5403 -1.1851 -0.0400
-2.5059 -1.1524 -0.0400
-2.4679 -1.1387 -0.0400
-2.4280 -1.1323 -0.0400
-2.3866 -1.1307 -0.0400
-2.3354 -1.1605 -0.0400
-2.2803 -1.1976 -0.0400
-1.4141 -1.5909 -0.0400
-1.3850 -1.5342 -0.0400
-1.3451 -1.4963 -0.0400
-1.2971 -1.4711 -0.0400
-1.2383 -1.4611 -0.0400
-1.1463 -1.4955 -0.0400
1.9495 0.1961 -0.0400
1.9468 0.2861 -0.0400
-1.3300 1.8719 -0.0400
-1.3763 1.8857 -0.0400
-1.4575 1.8803 -0.0400
-1.5195 1.8821 -0.0400
-1.5412 1.9042 -0.0400
-1.5581 1.9286 -0.0400
-1.5693 1.9564 -0.0400
-1.5574 1.9989 -0.0400
-1.4134 2.1284 -0.0400
-0.4599 3.6489 -0.0400
-0.5048 3.6938 -0.0400
-2.6244 5.7677 -0.0400
-3.3568 4.7786 -0.0400
-3.4210 4.7684 -0.0400
-3.5737 4.9191 -0.0400
-3.6253 4.8129 -0.0400
-3.6905 4.8022 -0.0400
-4.7551 5.5469 -0.0400
-4.8378 5.5279 -0.0400
-4.8334 4.9274 -0.0400
-4.8918 4.8776 -0.0400
-4.6146 3.2544 -0.0400
-4.6196 3.1832 -0.0400
-4.6451 3.1410 -0.0400
-4.6801 3.1114 -0.0400
-4.7256 3.0941 -0.0400
-4.7658 3.0700 -0.0400
-4.8216 3.0626 -0.0400
-5.4048 3.2068 -0.0400
-5.4050 3.1333 -0.0400
-5.4505 3.0996 -0.0400
-8.2282 -1.1771 -0.0400
-8.1546 -1.2528 -0.0400
-7.5884 -1.2918 -0.0400
-7.5272 -1.3611 -0.0400
-5.8412 -1.3257 -0.0400
-5.8289 -1.4015 -0.0400
-3.6951 0.1383 -0.0400
-3.6561 0.1592 -0.0400
-3.6227 0.1743 -0.0400
-3.6023 0.1708 -0.0400
-3.5838 0.1648 -0.0400
-3.5664 0.1572 -0.0400
-3.5503 0.1475 -0.0400
-3.5350 0.1363 -0.0400
-3.5245 0.1156 -0.0400
-3.5126 0.0966 -0.0400
-3.5031 0.0718 -0.0400
-3.4981 0.0352 -0.0400
-2.5177 -1.1571 -0.0400
-2.4804 -1.1403 -0.0400
-2.4411 -1.1321 -0.0400
-2.3978 -1.1380 -0.0400
-2.3538 -1.1442 -0.0400
-2.2867 -1.2205 -0.0400
-1.4127 -1.6227 -0.0400
-1.3917 -1.5519 -0.0400
-1.3563 -1.5068 -0.0400
-1.3049 -1.4867 -0.0400
-1.2383 -1.4877 -0.0400
1.9193 0.1846 -0.0400
1.9422 0.2700 -0.0400
2.0535 0.3430 -0.0400
2.1029 0.4274 -0.0400
-1.3287 1.8647 -0.0400
-1.3730 1.8797 -0.0400
-1.4857 1.8587 -0.0400
-1.5146 1.8776 -0.0400
-1.5369 1.8996 -0.0400
-1.5545 1.9239 -0.0400
-1.5593 1.9557 -0.0400
-1.5599 1.9907 -0.0400
-1.5384 2.0407 -0.0400
-0.3377 3.6699 -0.0400
-0.4444 3.6558 -0.0400
-0.5036 3.6866 -0.0400
-0.5296 3.7519 -0.0400
-2.6221 5.7874 -0.0400
-3.3590 4.7779 -0.0400
-3.4249 4.7828 -0.0400
-3.5640 4.8341 -0.0400
-3.6267 4.8054 -0.0400
-3.6970 4.8232 -0.0400
-3.7773 4.8865 -0.0400
-4.7027 5.6411 -0.0400
-4.7569 5.5451 -0.0400
-4.7840 4.9907 -0.0400
-4.8302 4.9124 -0.0400
-4.9117 4.9102 -0.0400
-4.6177 3.2478 -0.0400
-4.6247 3.1790 -0.0400
-4.6504 3.1370 -0.0400
-4.6942 3.1182 -0.0400
-4.7353 3.0952 -0.0400
-4.7883 3.0856 -0.0400
-5.3743 3.1717 -0.0400
-5.4141 3.1332 -0.0400
-8.1987 -1.1600 -0.0400
-8.1658 -1.2532 -0.0400
-7.5787 -1.2823 -0.0400
-5.9021 -1.2866 -0.0400
-5.8304 -1.3111 -0.0400
-5.8074 -1.3767 -0.0400
-3.6815 0.1624 -0.0400
-3.6516 0.1712 -0.0400
-3.6274 0.1729 -0.0400
-3.6064 0.1707 -0.0400
-3.5872 0.1660 -0.0400
-3.5692 0.1598 -0.0400
-3.5538 0.1493 -0.0400
-3.5395 0.1364 -0.0400
-3.5263 0.1214 -0.0400
-3.5140 0.1038 -0.0400
-3.5039 0.0809 -0.0400
-4.5222 -3.9721 -0.0400
-4.4230 -3.9590 -0.0400
-4.3208 -3.9288 -0.0400
-2.4112 -1.1366 -0.0400
-2.3621 -1.1605 -0.0400
-2.3117 -1.1845 -0.0400
-1.4088 -1.6587 -0.0400
-1.4123 -1.5470 -0.0400
-1.3708 -1.5118 -0.0400
-1.3222 -1.4878 -0.0400
-1.2635 -1.4779 -0.0400
-1.1754 -1.5075 -0.0400
1.9352 0.1644 -0.0400
1.9863 0.2457 -0.0400
2.0520 0.3261 -0.0400
2.2630 0.3899 -0.0400
-1.4833 1.8520 -0.0400
-1.5112 1.8717 -0.0400
-1.5330 1.8942 -0.0400
-1.5483 1.9200 -0.0400
-1.5565 1.9501 -0.0400
-1.5588 1.9841 -0.0400
-1.5455 2.0289 -0.0400
-0.3677 3.6314 -0.0400
-0.4519 3.6389 -0.0400
-0.4915 3.6898 -0.0400
-3.2980 4.8147 -0.0400
-3.3601 4.7698 -0.0400
-3.4277 4.7904 -0.0400
-3.5659 4.8323 -0.0400
-3.6294 4.8077 -0.0400
-3.7022 4.8391 -0.0400
-4.6831 5.5819 -0.0400
-4.7582 5.5428 -0.0400
-4.7689 4.9493 -0.0400
-4.8301 4.9046 -0.0400
-4.9038 4.8864 -0.0400
-4.6159 3.2346 -0.0400
-4.6186 3.1603 -0.0400
-4.6544 3.1316 -0.0400
-4.6995 3.1143 -0.0400
-4.7402 3.0910 -0.0400
-4.7925 3.0805 -0.0400
-5.3811 3.1697 -0.0400
-8.7956 -0.6149 -0.0400
-8.1917 -1.1531 -0.0400
-7.6757 -1.2267 -0.0400
-7.5679 -1.2730 -0.0400
-5.8402 -1.3148 -0.0400
-3.6938 0.1492 -0.0400
-3.6480 0.1808 -0.0400
-3.6259 0.1799 -0.0400
-3.6061 0.1763 -0.0400
-3.5880 0.1703 -0.0400
-3.5712 0.1625 -0.0400
-3.5557 0.1526 -0.0400
-3.5411 0.1410 -0.0400
-3.5316 0.1192 -0.0400
-3.5210 0.0986 -0.0400
-3.5132 0.0710 -0.0400
-4.5301 -3.9567 -0.0400
-4.4350 -3.9573 -0.0400
-4.3305 -3.9180 -0.0400
-4.2597 -4.0087 -0.0400
-1.4542 -1.6110 -0.0400
-1.4229 -1.5579 -0.0400
-1.3833 -1.5197 -0.0400
-1.3368 -1.4926 -0.0400
-1.2570 -1.5137 -0.0400
0.6663 -2.5570 -0.0400
0.7546 -2.5157 -0.0400
0.8467 -2.4761 -0.0400
1.9103 0.0675 -0.0400
1.9239 0.1548 -0.0400
2.0455 0.2243 -0.0400
2.1164 0.3051 -0.0400
-1.5275 1.8918 -0.0400
-1.5352 1.9222 -0.0400
-1.5373 1.9562 -0.0400
-0.2995 3.5993 -0.0400
-0.3944 3.5989 -0.0400
-0.4452 3.6389 -0.0400
-2.4561 5.7590 -0.0400
-3.2327 4.8096 -0.0400
-3.2965 4.7802 -0.0400
-3.4388 4.8868 -0.0400
-3.4996 4.8294 -0.0400
-3.5657 4.8225 -0.0400
-3.6388 4.8594 -0.0400
-4.5575 5.7366 -0.0400
-4.6019 5.6011 -0.0400
-4.6834 5.5794 -0.0400
-4.6651 5.0849 -0.0400
-4.7028 4.9792 -0.0400
-4.7690 4.9447 -0.0400
-4.8624 4.9690 -0.0400
-4.5536 3.2205 -0.0400
-4.5844 3.1843 -0.0400
-4.6229 3.1590 -0.0400
-4.6699 3.1445 -0.0400
-4.7269 3.1413 -0.0400
-5.3118 3.2506 -0.0400
-5.3427 3.2040 -0.0400
-8.2242 -1.0582 -0.0400
-7.6499 -1.1123 -0.0400
-7.6033 -1.1888 -0.0400
-7.6054 -1.2901 -0.0400
-5.9140 -1.2067 -0.0400
-5.8750 -1.2576 -0.0400
-3.6943 0.1834 -0.0400
-3.6657 0.1904 -0.0400
-3.6423 0.1912 -0.0400
-3.6220 0.1884 -0.0400
-3.6018 0.1858 -0.0400
-3.5861 0.1765 -0.0400
-3.5714 0.1656 -0.0400
-3.5580 0.1524 -0.0400
-3.5457 0.1367 -0.0400
-3.5344 0.1185 -0.0400
-3.5259 0.0940 -0.0400
-4.6258 -3.9300 -0.0400
-4.5293 -3.9273 -0.0400
-4.4243 -3.8899 -0.0400
-1.5100 -1.6424 -0.0400
-1.4776 -1.5904 -0.0400
-1.4378 -1.5521 -0.0400
-1.3841 -1.5365 -0.0400
-1.3199 -1.5358 -0.0400
0.5955 -2.6318 -0.0400
0.6855 -2.5930 -0.0400
0.7486 -2.5270 -0.0400
0.8891 -2.5316 -0.0400
1.9223 0.1314 -0.0400
1.9379 0.2185 -0.0400
2.0618 0.2895 -0.0400
2.2545 0.3555 -0.0400
-0.3814 3.5968 -0.0400
-0.4414 3.6283 -0.0400
-0.4718 3.6890 -0.0400
-2.5345 5.7762 -0.0400
-3.2979 4.7838 -0.0400
-3.3642 4.7898 -0.0400
-3.5057 4.8666 -0.0400
-3.5668 4.8174 -0.0400
-3.6348 4.8211 -0.0400
-4.6182 5.6437 -0.0400
-4.6829 5.5728 -0.0400
-4.7149 4.9993 -0.0400
-4.7697 4.9378 -0.0400
-4.8408 4.9142 -0.0400
-4.5670 3.2257 -0.0400
-4.5934 3.1830 -0.0400
-4.6272 3.1512 -0.0400
-4.6678 3.1285 -0.0400
-4.7173 3.1164 -0.0400
-4.7760 3.1141 -0.0400
-5.3564 3.2061 -0.0400
-5.4126 3.1823 -0.0400
-8.8254 -0.5098 -0.0400
-8.1905 -1.1467 -0.0400
-7.6136 -1.1906 -0.0400
-7.5899 -1.2784 -0.0400
-5.8770 -1.2552 -0.0400
-5.8370 -1.3050 -0.0400
-3.7049 0.1715 -0.0400
-3.6728 0.1833 -0.0400
-3.6480 0.1861 -0.0400
-3.6269 0.1847 -0.0400
-3.6078 0.1807 -0.0400
-3.5903 0.1745 -0.0400
-3.5741 0.1666 -0.0400
-3.5590 0.1567 -0.0400
-3.5479 0.1394 -0.0400
-3.5362 0.1227 -0.0400
-3.5263 0.1016 -0.0400
-3.5198 0.0724 -0.0400
-4.5617 -3.9845 -0.0400
-4.4407 -3.8939 -0.0400
-4.3526 -3.9123 -0.0400
-3.5477 -2.6400 -0.0400
-3.4862 -2.6752 -0.0400
-1.4540 -1.6681 -0.0400
-1.4484 -1.5714 -0.0400
-1.4083 -1.5343 -0.0400
-1.3550 -1.5178 -0.0400
-1.2922 -1.5142 -0.0400
0.6410 -2.5836 -0.0400
0.7275 -2.5408 -0.0400
0.8203 -2.5022 -0.0400
0.8939 -2.4445 -0.0400
1.9126 0.0311 -0.0400
2.0346 0.0986 -0.0400
2.0501 0.1878 -0.0400
2.2446 0.2502 -0.0400
-0.2132 3.5658 -0.0400
-0.3214 3.5564 -0.0400
-0.3894 3.5814 -0.0400
-0.4260 3.6357 -0.0400
-3.2327 4.7885 -0.0400
-3.3011 4.8278 -0.0400
-3.4371 4.8539 -0.0400
-3.5022 4.8335 -0.0400
-3.5704 4.8393 -0.0400
-4.5306 5.6474 -0.0400
-4.6055 5.6046 -0.0400
-4.6502 5.0359 -0.0400
-4.6997 4.9595 -0.0400
-4.7831 4.9643 -0.0400
-4.5382 3.2593 -0.0400
-4.5566 3.2040 -0.0400
-4.5943 3.1776 -0.0400
-4.6437 3.1666 -0.0400
-4.6898 3.1503 -0.0400
-5.2818 3.2825 -0.0400
-5.3122 3.2350 -0.0400
-5.3761 3.2194 -0.0400
-8.8463 -0.4062 -0.0400
-8.2641 -0.9641 -0.0400
-8.2503 -1.0640 -0.0400
-7.6405 -1.1037 -0.0400
-7.6339 -1.1992 -0.0400
-5.9831 -1.1742 -0.0400
-5.9118 -1.2000 -0.0400
-3.7267 0.1751 -0.0400
-3.6893 0.1929 -0.0400
-3.6634 0.1969 -0.0400
-3.6369 0.2030 -0.0400
-3.6193 0.1971 -0.0400
-3.6030 0.1895 -0.0400
-3.5880 0.1799 -0.0400
-3.5738 0.1691 -0.0400
-3.5610 0.1556 -0.0400
-3.5491 0.1399 -0.0400
-3.5385 0.1213 -0.0400
-3.5456 0.0668 -0.0400
-4.6369 -3.8953 -0.0400
-4.5363 -3.8760 -0.0400
-4.4449 -3.8833 -0.0400
-4.3764 -3.9748 -0.0400
-3.6842 -2.6280 -0.0400
-3.6180 -2.6270 -0.0400
-3.5590 -2.6747 -0.0400
-1.5267 -1.6704 -0.0400
-1.4973 -1.6127 -0.0400
-1.4631 -1.5653 -0.0400
-1.4156 -1.5404 -0.0400
-1.3435 -1.5526 -0.0400
0.5645 -2.6522 -0.0400
0.6579 -2.6172 -0.0400
0.7245 -2.5547 -0.0400
1.9221 -0.0803 -0.0400
1.8966 0.0161 -0.0400
2.0414 0.0790 -0.0400
2.0460 0.1703 -0.0400
2.2397 0.2326 -0.0400
-0.2060 3.5594 -0.0400
-0.3123 3.5524 -0.0400
-0.3825 3.5756 -0.0400
-2.3643 5.7514 -0.0400
-3.1678 4.8247 -0.0400
-3.2327 4.7904 -0.0400
-3.3025 4.8508 -0.0400
-3.4369 4.8497 -0.0400
-3.5035 4.8415 -0.0400
-3.5742 4.8635 -0.0400
-4.5294 5.6423 -0.0400
-4.6053 5.6022 -0.0400
-4.6349 4.9928 -0.0400
-4.7041 4.9651 -0.0400
-4.5040 3.2826 -0.0400
-4.5295 3.2365 -0.0400
-4.5610 3.2007 -0.0400
-4.6040 3.1814 -0.0400
-4.6474 3.1620 -0.0400
-4.7083 3.1647 -0.0400
-5.2823 3.2753 -0.0400
-5.3170 3.2319 -0.0400
-5.3886 3.2235 -0.0400
-8.8446 -0.4047 -0.0400
-8.2530 -0.9584 -0.0400
-8.2667 -1.0689 -0.0400
-7.7282 -1.0445 -0.0400
-7.6333 -1.0990 -0.0400
-5.9603 -1.1557 -0.0400
-5.9098 -1.1970 -0.0400
-3.7514 0.1745 -0.0400
-3.7066 0.2006 -0.0400
-3.6797 0.2055 -0.0400
-3.6574 0.2055 -0.0400
-3.6378 0.2023 -0.0400
-3.6198 0.1971 -0.0400
-3.6033 0.1901 -0.0400
-3.5887 0.1804 -0.0400
-3.5756 0.1679 -0.0400
-3.5636 0.1534 -0.0400
-3.5528 0.1362 -0.0400
-3.5440 0.1144 -0.0400
-3.5389 0.0842 -0.0400
-4.6497 -3.9033 -0.0400
-4.5399 -3.8541 -0.0400
-4.4636 -3.9127 -0.0400
-3.6937 -2.6303 -0.0400
-3.6269 -2.6246 -0.0400
-3.5680 -2.6716 -0.0400
-1.5328 -1.6875 -0.0400
-1.5158 -1.6083 -0.0400
-1.4747 -1.5728 -0.0400
-1.4250 -1.5516 -0.0400
-1.3686 -1.5400 -0.0400
0.5523 -2.6655 -0.0400
0.6421 -2.6271 -0.0400
0.7500 -2.6042 -0.0400
0.8173 -2.5409 -0.0400
1.9109 0.0790 -0.0400
1.9581 0.1608 -0.0400
2.0994 0.2293 -0.0400
-0.2578 3.5845 -0.0400
-0.3554 3.5837 -0.0400
-0.4153 3.6164 -0.0400
-2.4419 5.7606 -0.0400
-3.2319 4.7952 -0.0400
-3.2975 4.7855 -0.0400
-3.4403 4.8890 -0.0400
-3.5034 4.8429 -0.0400
-3.5702 4.8344 -0.0400
-3.6434 4.8683 -0.0400
-4.5453 5.6927 -0.0400
-4.6037 5.5971 -0.0400
-4.6674 5.0701 -0.0400
-4.7044 4.9608 -0.0400
-4.7791 4.9450 -0.0400
-4.5422 3.2432 -0.0400
-4.5655 3.1949 -0.0400
-4.6034 3.1683 -0.0400
-4.6521 3.1563 -0.0400
-4.6935 3.1337 -0.0400
-5.3117 3.2950 -0.0400
-5.3215 3.2263 -0.0400
-5.3624 3.1889 -0.0400
-8.8707 -0.4103 -0.0400
-8.2203 -1.0487 -0.0400
-7.6594 -1.1101 -0.0400
-7.5965 -1.1782 -0.0400
-5.9123 -1.1980 -0.0400
-5.8777 -1.2513 -0.0400
-5.8791 -1.3351 -0.0400
-3.7411 0.1545 -0.0400
-3.6938 0.1853 -0.0400
-3.6670 0.1910 -0.0400
-3.6395 0.1989 -0.0400
-3.6215 0.1941 -0.0400
-3.6049 0.1876 -0.0400
-3.5894 0.1796 -0.0400
-3.5750 0.1698 -0.0400
-3.5615 0.1585 -0.0400
-3.5491 0.1449 -0.0400
-3.5433 0.1184 -0.0400
-3.5364 0.0925 -0.0400
-3.5366 0.0505 -0.0400
-4.5716 -3.9161 -0.0400
-4.4676 -3.8813 -0.0400
-4.3833 -3.9113 -0.0400
-3.6432 -2.6554 -0.0400
-3.5745 -2.6346 -0.0400
-1.3963 -1.5310 -0.0400
-1.3257 -1.5400 -0.0400
0.6126 -2.6314 -0.0400
0.6864 -2.5765 -0.0400
0.8031 -2.5607 -0.0400
0.8554 -2.4837 -0.0400
1.8965 -0.1118 -0.0400
1.8954 -0.0206 -0.0400
2.0293 0.0442 -0.0400
2.0561 0.1316 -0.0400
2.2616 0.1920 -0.0400
-0.3593 3.5708 -0.0400
-2.3545 5.7578 -0.0400
-3.1648 4.7961 -0.0400
-3.2313 4.8025 -0.0400
-3.3699 4.8719 -0.0400
-3.4355 4.8465 -0.0400
-3.5070 4.8787 -0.0400
-4.4641 5.7222 -0.0400
-4.5241 5.6269 -0.0400
-4.5762 5.0427 -0.0400
-4.6347 4.9859 -0.0400
-4.7142 4.9826 -0.0400
-4.4939 3.3372 -0.0400
-4.4993 3.2571 -0.0400
-4.5307 3.2203 -0.0400
-4.5708 3.1967 -0.0400
-4.6186 3.1838 -0.0400
-4.6780 3.1855 -0.0400
-5.2526 3.3093 -0.0400
-5.2843 3.2625 -0.0400
-8.8742 -0.3036 -0.0400
-8.3313 -0.8817 -0.0400
-8.2545 -0.9574 -0.0400
-7.6673 -1.0166 -0.0400
-7.6406 -1.1013 -0.0400
-5.9468 -1.1450 -0.0400
-5.9489 -1.2265 -0.0400
-7.7299 -2.7434 -0.0400
-3.7421 0.1822 -0.0400
-3.6916 0.2162 -0.0400
-3.6698 0.2156 -0.0400
-3.6506 0.2122 -0.0400
-3.6329 0.2071 -0.0400
-3.6166 0.2004 -0.0400
-3.6015 0.1921 -0.0400
-3.5882 0.1810 -0.0400
-3.5761 0.1676 -0.0400
-3.5649 0.1525 -0.0400
-3.5548 0.1348 -0.0400
-3.5473 0.1115 -0.0400
-3.5442 0.0781 -0.0400
-4.6501 -3.8472 -0.0400
-4.5573 -3.8497 -0.0400
-4.4966 -3.9610 -0.0400
-4.1454 -4.5242 -0.0400
-3.7069 -2.6115 -0.0400
-3.6449 -2.6319 -0.0400
0.5420 -2.7057 -0.0400
0.6121 -2.6476 -0.0400
0.7200 -2.6253 -0.0400
1.8891 -0.0379 -0.0400
1.9516 0.0403 -0.0400
2.2176 0.0849 -0.0400
-2.2624 5.7666 -0.0400
-2.3475 5.7693 -0.0400
-3.0967 4.8274 -0.0400
-3.1629 4.7969 -0.0400
-3.2301 4.8136 -0.0400
-3.3678 4.8635 -0.0400
-3.4344 4.8487 -0.0400
-3.5038 4.8608 -0.0400
-4.4576 5.7043 -0.0400
-4.5268 5.6384 -0.0400
-4.5747 5.0376 -0.0400
-4.6371 4.9903 -0.0400
-4.7306 5.0203 -0.0400
-4.4705 3.2910 -0.0400
-4.4970 3.2453 -0.0400
-4.5343 3.2175 -0.0400
-4.5791 3.2006 -0.0400
-4.6253 3.1851 -0.0400
-4.7028 3.2109 -0.0400
-5.2482 3.2979 -0.0400
-5.2940 3.2654 -0.0400
-8.8742 -0.3037 -0.0400
-8.2890 -0.8665 -0.0400
-7.6700 -1.0181 -0.0400
-7.6437 -1.1028 -0.0400
-5.9438 -1.1435 -0.0400
-5.9560 -1.2324 -0.0400
-7.7268 -2.7366 -0.0400
-3.7111 0.2171 -0.0400
-3.6872 0.2187 -0.0400
-3.6666 0.2169 -0.0400
-3.6481 0.2129 -0.0400
-3.6289 0.2104 -0.0400
-3.6140 0.2020 -0.0400
-3.6000 0.1923 -0.0400
-3.5868 0.1815 -0.0400
-3.5747 0.1687 -0.0400
-3.5681 0.1460 -0.0400
-3.5604 0.1241 -0.0400
-3.5560 0.0950 -0.0400
-4.7656 -3.8836 -0.0400
-4.6703 -3.8833 -0.0400
-4.5641 -3.8447 -0.0400
-4.4850 -3.8905 -0.0400
-3.7155 -2.6187 -0.0400
-3.6507 -2.6210 -0.0400
0.4630 -2.7793 -0.0400
0.5090 -2.6966 -0.0400
0.6006 -2.6607 -0.0400
0.7084 -2.6386 -0.0400
2.0529 0.0948 -0.0400
2.2648 0.1536 -0.0400
-3.0941 4.8320 -0.0400
-3.1605 4.7985 -0.0400
-3.2280 4.8182 -0.0400
-3.3002 4.9068 -0.0400
-3.3656 4.8618 -0.0400
-3.4330 4.8530 -0.0400
-3.5038 4.8764 -0.0400
-4.4558 5.7035 -0.0400
-4.5313 5.6574 -0.0400
-4.5693 5.0232 -0.0400
-4.6436 5.0069 -0.0400
-4.7370 5.0355 -0.0400
-4.4665 3.2771 -0.0400
-4.4986 3.2402 -0.0400
-4.5406 3.2194 -0.0400
-4.5875 3.2053 -0.0400
-4.6394 3.1973 -0.0400
-4.7031 3.2038 -0.0400
-5.2206 3.3431 -0.0400
-5.2515 3.2947 -0.0400
-8.9025 -0.2037 -0.0400
-8.9103 -0.3122 -0.0400
-8.2909 -0.8675 -0.0400
-7.7275 -0.9476 -0.0400
-7.6704 -1.0189 -0.0400
-7.6640 -1.1126 -0.0400
-5.9887 -1.0998 -0.0400
-5.9466 -1.1468 -0.0400
-7.8013 -2.6585 -0.0400
-7.7233 -2.7301 -0.0400
-3.7543 0.1893 -0.0400
-3.7027 0.2231 -0.0400
-3.6812 0.2223 -0.0400
-3.6620 0.2190 -0.0400
-3.6416 0.2181 -0.0400
-3.6263 0.2105 -0.0400
-3.6119 0.2019 -0.0400
-3.5982 0.1922 -0.0400
-3.5877 0.1774 -0.0400
-3.5767 0.1630 -0.0400
-3.5665 0.1466 -0.0400
-3.5586 0.1256 -0.0400
-3.5535 0.0983 -0.0400
-4.7612 -3.8487 -0.0400
-4.6603 -3.8295 -0.0400
-4.5717 -3.8438 -0.0400
-3.7903 -2.6310 -0.0400
-3.7199 -2.6053 -0.0400
-3.6612 -2.6430 -0.0400
-2.7264 -1.2266 -0.0400
-2.6914 -1.1982 -0.0400
-2.6556 -1.1781 -0.0400
0.5056 -2.7177 -0.0400
0.5818 -2.6663 -0.0400
0.6886 -2.6437 -0.0400
0.7706 -2.5949 -0.0400
0.9091 2.5973 -0.0400
-2.2531 5.7465 -0.0400
-3.0910 4.8585 -0.0400
-3.1579 4.8171 -0.0400
-3.2977 4.9126 -0.0400
-3.3632 4.8640 -0.0400
-3.4308 4.8557 -0.0400
-4.3736 5.7372 -0.0400
-4.4409 5.6601 -0.0400
-4.5291 5.6565 -0.0400
-4.5681 5.0214 -0.0400
-4.6519 5.0291 -0.0400
-4.4482 3.3318 -0.0400
-4.4677 3.2722 -0.0400
-4.5017 3.2383 -0.0400
-4.5440 3.2176 -0.0400
-4.5933 3.2068 -0.0400
-4.6527 3.2091 -0.0400
-5.2168 3.3329 -0.0400
-5.2546 3.2920 -0.0400
-8.2990 -0.8710 -0.0400
-7.7077 -0.9405 -0.0400
-7.6696 -1.0197 -0.0400
-5.9799 -1.0955 -0.0400
-5.9482 -1.1499 -0.0400
-7.7963 -2.6518 -0.0400
-7.7338 -2.7354 -0.0400
-3.7689 0.1955 -0.0400
-3.7268 0.2166 -0.0400
-3.7014 0.2197 -0.0400
-3.6739 0.2266 -0.0400
-3.6564 0.2216 -0.0400
-3.6379 0.2186 -0.0400
-3.6232 0.2105 -0.0400
-3.6095 0.2012 -0.0400
-3.5977 0.1889 -0.0400
-3.5862 0.1760 -0.0400
-3.5754 0.1616 -0.0400
-3.5655 0.1451 -0.0400
-3.5681 0.1058 -0.0400
-4.7709 -3.8564 -0.0400
-4.6740 -3.8492 -0.0400
-4.5878 -3.8722 -0.0400
-4.1773 -4.5390 -0.0400
-3.7268 -2.6089 -0.0400
-2.7675 -1.2699 -0.0400
-2.7340 -1.2258 -0.0400
-2.6993 -1.1973 -0.0400
-2.6636 -1.1777 -0.0400
-2.6273 -1.1629 -0.0400
-2.5890 -1.1583 -0.0400
-2.5494 -1.1584 -0.0400
0.4877 -2.7232 -0.0400
0.5761 -2.6845 -0.0400
0.6783 -2.6574 -0.0400
0.9269 2.5878 -0.0400
-1.2534 1.7458 -0.0400
-1.2979 1.7639 -0.0400
-1.3934 1.7570 -0.0400
-2.2457 5.7472 -0.0400
-3.0870 4.8074 -0.0400
-3.1542 4.8099 -0.0400
-3.2963 4.9480 -0.0400
-3.3599 4.8625 -0.0400
-3.4309 4.8896 -0.0400
-4.3808 5.7745 -0.0400
-4.4402 5.6668 -0.0400
-4.5075 5.0803 -0.0400
-4.5682 5.0248 -0.0400
-4.6548 5.0390 -0.0400
-4.4423 3.3159 -0.0400
-4.4680 3.2668 -0.0400
-4.5055 3.2383 -0.0400
-4.5550 3.2282 -0.0400
-4.5983 3.2079 -0.0400
-4.6618 3.2159 -0.0400
-5.1978 3.3902 -0.0400
-5.2204 3.3313 -0.0400
-5.2641 3.2964 -0.0400
-8.9243 -0.2099 -0.0400
-8.3319 -0.7808 -0.0400
-8.2982 -0.8717 -0.0400
-7.7045 -0.9407 -0.0400
-7.6764 -1.0241 -0.0400
-5.9747 -1.0943 -0.0400
-5.9701 -1.1684 -0.0400
-7.7821 -2.6387 -0.0400
-7.7459 -2.7425 -0.0400
-3.7500 0.2109 -0.0400
-3.7092 0.2313 -0.0400
-3.6889 0.2292 -0.0400
-3.6663 0.2304 -0.0400
-3.6502 0.2242 -0.0400
-3.6350 0.2170 -0.0400
-3.6199 0.2098 -0.0400
-3.6067 0.2002 -0.0400
-3.5960 0.1865 -0.0400
-3.5849 0.1732 -0.0400
-3.5745 0.1584 -0.0400
-3.5729 0.1283 -0.0400
-3.5693 0.0997 -0.0400
-4.8700 -3.8484 -0.0400
-4.7715 -3.8399 -0.0400
-4.6665 -3.8069 -0.0400
-4.5852 -3.8424 -0.0400
-3.7983 -2.6135 -0.0400
-3.7310 -2.6014 -0.0400
-3.6755 -2.6554 -0.0400
-2.7734 -1.2773 -0.0400
-2.7405 -1.2290 -0.0400
-2.7061 -1.1989 -0.0400
-2.6720 -1.1719 -0.0400
-2.6347 -1.1636 -0.0400
-2.5964 -1.1597 -0.0400
-2.5568 -1.1607 -0.0400
-2.5077 -1.1963 -0.0400
-2.4541 -1.2419 -0.0400
0.9029 2.5611 -0.0400
-1.1927 1.7582 -0.0400
-1.3003 1.7496 -0.0400
-1.3642 1.7575 -0.0400
-1.4348 1.7600 -0.0400
-1.4583 1.7840 -0.0400
-1.4786 1.8092 -0.0400
-2.2389 5.7414 -0.0400
-3.0827 4.8054 -0.0400
-3.2888 4.8836 -0.0400
-3.3563 4.8634 -0.0400
-3.4267 4.8820 -0.0400
-4.3722 5.7553 -0.0400
-4.4432 5.6881 -0.0400
-4.4989 5.0607 -0.0400
-4.5680 5.0285 -0.0400
-4.4303 3.3869 -0.0400
-4.4352 3.2988 -0.0400
-4.4706 3.2659 -0.0400
-4.5101 3.2402 -0.0400
-4.5581 3.2276 -0.0400
-4.6081 3.2170 -0.0400
-5.1870 3.3729 -0.0400
-5.2200 3.3258 -0.0400
-8.9297 -0.1059 -0.0400
-8.3244 -0.7797 -0.0400
-7.7844 -0.8798 -0.0400
-7.7059 -0.9432 -0.0400
-6.0287 -1.0589 -0.0400
-5.9734 -1.0964 -0.0400
-5.9799 -1.1785 -0.0400
-7.7809 -2.6361 -0.0400
-3.7317 0.2249 -0.0400
-3.7004 0.2349 -0.0400
-3.6820 0.2310 -0.0400
-3.6613 0.2303 -0.0400
-3.6441 0.2258 -0.0400
-3.6299 0.2176 -0.0400
-3.6166 0.2083 -0.0400
-3.6042 0.1977 -0.0400
-3.5925 0.1859 -0.0400
-3.5844 0.1683 -0.0400
-3.5747 0.1526 -0.0400
-3.5752 0.1190 -0.0400
-3.5751 0.0845 -0.0400
-4.7762 -3.8365 -0.0400
-4.6713 -3.8040 -0.0400
-3.7983 -2.5890 -0.0400
-3.7380 -2.6116 -0.0400
-2.7770 -1.2969 -0.0400
-2.7459 -1.2360 -0.0400
-2.7147 -1.1871 -0.0400
-2.6785 -1.1730 -0.0400
-2.6416 -1.1639 -0.0400
-2.6036 -1.1598 -0.0400
-2.5598 -1.1787 -0.0400
-2.5147 -1.1990 -0.0400
-2.4586 -1.2544 -0.0400
1.8593 -0.1973 -0.0400
1.8893 -0.1130 -0.0400
2.0086 -0.0460 -0.0400
0.9654 2.5688 -0.0400
-1.2015 1.7408 -0.0400
-1.2739 1.7478 -0.0400
-1.3753 1.7390 -0.0400
-1.4189 1.7544 -0.0400
-1.4546 1.7725 -0.0400
-1.4723 1.7992 -0.0400
-1.4809 1.8308 -0.0400
-1.4877 1.8636 -0.0400
-1.4539 1.9212 -0.0400
-2.1420 5.7500 -0.0400
-2.2274 5.7585 -0.0400
-3.0088 4.8913 -0.0400
-3.0778 4.8052 -0.0400
-3.1456 4.8284 -0.0400
-3.2837 4.8703 -0.0400
-3.3530 4.8772 -0.0400
-4.3511 5.6917 -0.0400
-4.4953 5.0568 -0.0400
-4.5696 5.0388 -0.0400
-4.6698 5.0873 -0.0400
-4.4193 3.3635 -0.0400
-4.4344 3.2933 -0.0400
-4.4718 3.2636 -0.0400
-4.5172 3.2471 -0.0400
-4.5642 3.2324 -0.0400
-4.6135 3.2203 -0.0400
-5.1866 3.3681 -0.0400
-5.2224 3.3240 -0.0400
-8.9334 -0.1080 -0.0400
-8.3674 -0.6934 -0.0400
-8.3343 -0.7845 -0.0400
-7.7464 -0.8672 -0.0400
-7.7065 -0.9456 -0.0400
-6.0081 -1.0484 -0.0400
-5.9917 -1.1129 -0.0400
-7.8930 -2.5888 -0.0400
-7.7865 -2.6391 -0.0400
-7.7846 -2.7696 -0.0400
-3.7494 0.2236 -0.0400
-3.7144 0.2368 -0.0400
-3.6900 0.2396 -0.0400
-3.6733 0.2340 -0.0400
-3.6549 0.2309 -0.0400
-3.6391 0.2249 -0.0400
-3.6257 0.2161 -0.0400
-3.6130 0.2063 -0.0400
-3.6027 0.1930 -0.0400
-3.5917 0.1804 -0.0400
-3.5852 0.1603 -0.0400
-3.5770 0.1423 -0.0400
-3.5704 0.1208 -0.0400
-4.8638 -3.8030 -0.0400
-4.7642 -3.7881 -0.0400
-4.6746 -3.7981 -0.0400
-4.6061 -3.8720 -0.0400
-3.8039 -2.5955 -0.0400
-3.7402 -2.5998 -0.0400
-2.7884 -1.2544 -0.0400
-2.7548 -1.2161 -0.0400
-2.7201 -1.1906 -0.0400
-2.6844 -1.1745 -0.0400
-2.6480 -1.1640 -0.0400
-2.6083 -1.1682 -0.0400
-2.5672 -1.1766 -0.0400
-2.5227 -1.1957 -0.0400
-2.4684 -1.2461 -0.0400
1.8678 -0.1270 -0.0400
2.0159 -0.0662 -0.0400
2.2159 -0.0102 -0.0400
0.9646 2.5509 -0.0400
-1.1842 1.7342 -0.0400
-1.2663 1.7374 -0.0400
-1.3058 1.7573 -0.0400
-1.4142 1.7431 -0.0400
-1.4420 1.7653 -0.0400
-1.4661 1.7889 -0.0400
-1.4781 1.8187 -0.0400
-1.4745 1.8575 -0.0400
-1.4666 1.8998 -0.0400
-2.2218 5.7397 -0.0400
-3.0045 4.8142 -0.0400
-3.0723 4.8121 -0.0400
-3.2129 4.9652 -0.0400
-3.2790 4.8785 -0.0400
-3.3476 4.8693 -0.0400
-3.4207 4.9154 -0.0400
-4.2817 5.7871 -0.0400
-4.3477 5.6955 -0.0400
-4.4308 5.1138 -0.0400
-4.4934 5.0598 -0.0400
-4.5703 5.0484 -0.0400
-4.4212 3.3643 -0.0400
-4.4359 3.2927 -0.0400
-4.4742 3.2642 -0.0400
-4.5237 3.2540 -0.0400
-4.5712 3.2394 -0.0400
-4.6302 3.2412 -0.0400
-5.1827 3.3599 -0.0400
-5.2370 3.3363 -0.0400
-8.9599 -0.1143 -0.0400
-8.3615 -0.6934 -0.0400
-8.3464 -0.7903 -0.0400
-7.8458 -0.8129 -0.0400
-7.7386 -0.8666 -0.0400
-7.7199 -0.9535 -0.0400
-6.0709 -1.0194 -0.0400
-6.0061 -1.0511 -0.0400
-5.9868 -1.1133 -0.0400
-7.8577 -2.5622 -0.0400
-7.8175 -2.6619 -0.0400
-3.7303 0.2362 -0.0400
-3.7037 0.2408 -0.0400
-3.6824 0.2403 -0.0400
-3.6642 0.2369 -0.0400
-3.6482 0.2312 -0.0400
-3.6340 0.2236 -0.0400
-3.6213 0.2141 -0.0400
-3.6096 0.2032 -0.0400
-3.6000 0.1890 -0.0400
-3.5893 0.1763 -0.0400
-3.5834 0.1557 -0.0400
-3.5830 0.1253 -0.0400
-3.5805 0.0966 -0.0400
-4.8667 -3.7988 -0.0400
-4.7671 -3.7836 -0.0400
-4.6778 -3.7934 -0.0400
-3.8718 -2.5933 -0.0400
-3.8050 -2.5829 -0.0400
-3.7491 -2.6264 -0.0400
-2.7909 -1.2742 -0.0400
-2.7585 -1.2259 -0.0400
-2.7267 -1.1835 -0.0400
-2.6906 -1.1718 -0.0400
-2.6534 -1.1656 -0.0400
-2.6150 -1.1652 -0.0400
-2.5747 -1.1717 -0.0400
-2.5311 -1.1885 -0.0400
1.8474 -0.2318 -0.0400
1.8818 -0.1487 -0.0400
1.9991 -0.0816 -0.0400
2.0585 -0.0003 -0.0400
0.9121 2.5122 -0.0400
0.8659 2.5744 -0.0400
-1.2520 1.7296 -0.0400
-1.2964 1.7476 -0.0400
-1.4061 1.7331 -0.0400
-1.4350 1.7549 -0.0400
-1.4571 1.7796 -0.0400
-1.4710 1.8085 -0.0400
-1.4783 1.8413 -0.0400
-1.4450 1.8985 -0.0400
-2.1280 5.7243 -0.0400
-2.9976 4.8406 -0.0400
-3.0662 4.8072 -0.0400
-3.2048 4.8980 -0.0400
-3.2731 4.8729 -0.0400
-3.3436 4.8907 -0.0400
-4.2861 5.8266 -0.0400
-4.3448 5.7035 -0.0400
-4.4290 5.1200 -0.0400
-4.4911 5.0632 -0.0400
-4.5687 5.0532 -0.0400
-4.3944 3.4158 -0.0400
-4.4073 3.3373 -0.0400
-4.4352 3.2893 -0.0400
-4.4780 3.2681 -0.0400
-4.5257 3.2546 -0.0400
-4.5758 3.2438 -0.0400
-4.6476 3.2641 -0.0400
-5.1787 3.4395 -0.0400
-5.1847 3.3591 -0.0400
-5.2566 3.3550 -0.0400
-8.9326 -0.1111 -0.0400
-8.3614 -0.6955 -0.0400
-8.3539 -0.7948 -0.0400
-7.8082 -0.8018 -0.0400
-7.7374 -0.8689 -0.0400
-7.7389 -0.9639 -0.0400
-6.0582 -1.0156 -0.0400
-6.0079 -1.0567 -0.0400
-6.0087 -1.1330 -0.0400
-7.8518 -2.5577 -0.0400
-7.8530 -2.6884 -0.0400
-3.7492 0.2318 -0.0400
-3.7119 0.2472 -0.0400
-3.6912 0.2459 -0.0400
-3.6732 0.2422 -0.0400
-3.6569 0.2368 -0.0400
-3.6423 0.2299 -0.0400
-3.6292 0.2211 -0.0400
-3.6172 0.2108 -0.0400
-3.6069 0.1982 -0.0400
-3.5983 0.1830 -0.0400
-3.5880 0.1697 -0.0400
-3.5836 0.1469 -0.0400
-3.5853 0.1132 -0.0400
-3.5938 0.0661 -0.0400
-4.9634 -3.7927 -0.0400
-4.8685 -3.7933 -0.0400
-4.7669 -3.7719 -0.0400
-4.6946 -3.8310 -0.0400
-3.8770 -2.6029 -0.0400
-3.8077 -2.5809 -0.0400
-3.7494 -2.6103 -0.0400
-2.8298 -1.3178 -0.0400
-2.7993 -1.2445 -0.0400
-2.7656 -1.2100 -0.0400
-2.7310 -1.1871 -0.0400
-2.6954 -1.1729 -0.0400
-2.6589 -1.1646 -0.0400
-2.6185 -1.1745 -0.0400
-2.5764 -1.1882 -0.0400
-2.5291 -1.2193 -0.0400
-1.6479 -1.7178 -0.0400
1.8594 -0.2532 -0.0400
1.8610 -0.1626 -0.0400
2.0001 -0.1004 -0.0400
2.2141 -0.0477 -0.0400
0.9284 2.5007 -0.0400
0.8744 2.5599 -0.0400
-1.2280 1.7257 -0.0400
-1.3020 1.7308 -0.0400
-1.3920 1.7256 -0.0400
-1.4261 1.7452 -0.0400
-1.4500 1.7692 -0.0400
-1.4649 1.7977 -0.0400
-1.4721 1.8305 -0.0400
-1.4725 1.8678 -0.0400
-0.0702 3.4068 -0.0400
-2.1165 5.7301 -0.0400
-2.1963 5.7709 -0.0400
-2.9914 4.8115 -0.0400
-3.0595 4.8192 -0.0400
-3.1995 4.9340 -0.0400
-3.2672 4.8781 -0.0400
-4.2616 5.7508 -0.0400
-4.3401 5.7072 -0.0400
-4.4315 5.1410 -0.0400
-4.4923 5.0789 -0.0400
-4.3779 3.3844 -0.0400
-4.4026 3.3280 -0.0400
-4.4372 3.2917 -0.0400
-4.4833 3.2756 -0.0400
-4.5275 3.2558 -0.0400
-4.5996 3.2789 -0.0400
-5.1542 3.4082 -0.0400
-5.1902 3.3631 -0.0400
-8.3758 -0.7021 -0.0400
-7.8063 -0.8039 -0.0400
-7.7371 -0.8717 -0.0400
-6.0957 -0.9704 -0.0400
-6.0370 -1.0065 -0.0400
-6.0062 -1.0603 -0.0400
-7.9466 -2.4982 -0.0400
-7.8560 -2.5610 -0.0400
-7.8626 -2.6957 -0.0400
-3.7701 0.2256 -0.0400
-3.7275 0.2450 -0.0400
-3.7025 0.2479 -0.0400
-3.6825 0.2461 -0.0400
-3.6656 0.2415 -0.0400
-3.6493 0.2364 -0.0400
-3.6363 0.2277 -0.0400
-3.6242 0.2180 -0.0400
-3.6134 0.2064 -0.0400
-3.6038 0.1932 -0.0400
-3.5953 0.1779 -0.0400
-3.5896 0.1580 -0.0400
-3.5875 0.1316 -0.0400
-4.8605 -3.7636 -0.0400
-4.7648 -3.7566 -0.0400
-4.7063 -3.8548 -0.0400
-3.8794 -2.6029 -0.0400
-3.8125 -2.5918 -0.0400
-2.8006 -1.2650 -0.0400
-2.7714 -1.1980 -0.0400
-2.7362 -1.1814 -0.0400
-2.7002 -1.1712 -0.0400
-2.6631 -1.1668 -0.0400
-2.6246 -1.1686 -0.0400
-2.5839 -1.1784 -0.0400
-2.5391 -1.2013 -0.0400
-1.6664 -1.8159 -0.0400
-1.6595 -1.7151 -0.0400
-1.6325 -1.6562 -0.0400
-1.5874 -1.6309 -0.0400
-1.5369 -1.6144 -0.0400
1.8784 -0.2762 -0.0400
1.9856 -0.2086 -0.0400
1.9899 -0.1168 -0.0400
2.1899 -0.0620 -0.0400
0.9841 2.4290 -0.0400
0.9086 2.4809 -0.0400
-1.2317 1.6764 -0.0400
-1.2743 1.6960 -0.0400
-1.3570 1.6961 -0.0400
-1.3996 1.7125 -0.0400
-1.4321 1.7326 -0.0400
-1.4455 1.7619 -0.0400
-1.4534 1.7942 -0.0400
-1.4545 1.8308 -0.0400
-0.1423 3.3345 -0.0400
-0.1939 3.3780 -0.0400
-0.1369 3.5172 -0.0400
-2.0236 5.7193 -0.0400
-2.9176 4.8271 -0.0400
-3.1240 4.8977 -0.0400
-3.1933 4.8815 -0.0400
-3.2642 4.9094 -0.0400
-4.1812 5.8089 -0.0400
-4.3420 5.1237 -0.0400
-4.4159 5.1021 -0.0400
-4.5182 5.1644 -0.0400
-4.3312 3.4007 -0.0400
-4.3595 3.3498 -0.0400
-4.3972 3.3184 -0.0400
-4.4469 3.3085 -0.0400
-4.4910 3.2882 -0.0400
-4.5463 3.2857 -0.0400
-5.1098 3.4425 -0.0400
-5.1557 3.4089 -0.0400
-8.9602 0.0922 -0.0400
-8.4377 -0.5195 -0.0400
-8.3938 -0.6079 -0.0400
-7.7962 -0.7094 -0.0400
-7.8093 -0.8070 -0.0400
-6.0673 -0.9561 -0.0400
-6.0617 -1.0260 -0.0400
-7.9757 -2.3927 -0.0400
-7.9345 -2.4901 -0.0400
-7.9221 -2.6094 -0.0400
-3.7465 0.2657 -0.0400
-3.7196 0.2696 -0.0400
-3.6993 0.2677 -0.0400
-3.6848 0.2603 -0.0400
-3.6691 0.2544 -0.0400
-3.6552 0.2467 -0.0400
-3.6429 0.2374 -0.0400
-3.6317 0.2268 -0.0400
-3.6232 0.2125 -0.0400
-3.6146 0.1981 -0.0400
-3.6079 0.1808 -0.0400
-3.6037 0.1592 -0.0400
-3.6042 0.1296 -0.0400
-5.0394 -3.7325 -0.0400
-4.9301 -3.6973 -0.0400
-4.8451 -3.7184 -0.0400
-4.7722 -3.7719 -0.0400
-3.9316 -2.5458 -0.0400
-3.8744 -2.5753 -0.0400
-2.8770 -1.2985 -0.0400
-2.8444 -1.2387 -0.0400
-2.8102 -1.2072 -0.0400
-2.7754 -1.1867 -0.0400
-2.7399 -1.1741 -0.0400
-2.7023 -1.1741 -0.0400
-2.6630 -1.1814 -0.0400
-2.6209 -1.1992 -0.0400
-2.5724 -1.2405 -0.0400
-1.7254 -1.7136 -0.0400
-1.6849 -1.6797 -0.0400
-1.6388 -1.6566 -0.0400
-1.5871 -1.6431 -0.0400
1.8047 -0.3613 -0.0400
1.8720 -0.2868 -0.0400
1.9625 -0.2157 -0.0400
2.0286 -0.1370 -0.0400
0.9335 2.4664 -0.0400
0.8866 2.5285 -0.0400
-1.2026 1.7076 -0.0400
-1.2680 1.7171 -0.0400
-1.3798 1.7025 -0.0400
-1.4142 1.7221 -0.0400
-1.4375 1.7466 -0.0400
-1.4548 1.7740 -0.0400
-1.4649 1.8053 -0.0400
-1.4442 1.8549 -0.0400
-0.0718 3.3665 -0.0400
-0.1616 3.3794 -0.0400
-0.2200 3.4172 -0.0400
-0.2313 3.4971 -0.0400
-2.0924 5.7378 -0.0400
-2.9059 4.8488 -0.0400
-2.9761 4.8086 -0.0400
-3.0443 4.8350 -0.0400
-3.1843 4.9125 -0.0400
-3.2535 4.8887 -0.0400
-4.2444 5.7351 -0.0400
-4.3356 5.7399 -0.0400
-4.4070 5.0966 -0.0400
-4.4952 5.1169 -0.0400
-4.3720 3.3760 -0.0400
-4.4000 3.3251 -0.0400
-4.4406 3.2987 -0.0400
-4.4873 3.2827 -0.0400
-4.5338 3.2658 -0.0400
-4.5973 3.2747 -0.0400
-5.1119 3.4443 -0.0400
-5.1466 3.3969 -0.0400
-5.1987 3.3704 -0.0400
-8.9787 -0.0182 -0.0400
-8.3857 -0.6088 -0.0400
-7.7679 -0.7963 -0.0400
-7.7664 -0.8892 -0.0400
-6.0648 -0.9617 -0.0400
-6.0396 -1.0188 -0.0400
-7.9382 -2.4938 -0.0400
-7.9177 -2.6071 -0.0400
-3.7509 0.2477 -0.0400
-3.7174 0.2579 -0.0400
-3.6947 0.2586 -0.0400
-3.6797 0.2518 -0.0400
-3.6633 0.2468 -0.0400
-3.6493 0.2396 -0.0400
-3.6370 0.2304 -0.0400
-3.6256 0.2202 -0.0400
-3.6156 0.2081 -0.0400
-3.6067 0.1945 -0.0400
-3.5991 0.1786 -0.0400
-3.5935 0.1596 -0.0400
-3.5969 0.1263 -0.0400
-4.9590 -3.7619 -0.0400
-4.8519 -3.7285 -0.0400
-4.7719 -3.7623 -0.0400
-3.8731 -2.5619 -0.0400
-3.8178 -2.6008 -0.0400
-2.8459 -1.2578 -0.0400
-2.8124 -1.2197 -0.0400
-2.7782 -1.1947 -0.0400
-2.7432 -1.1795 -0.0400
-2.7075 -1.1702 -0.0400
-2.6706 -1.1669 -0.0400
-2.6323 -1.1701 -0.0400
-2.5916 -1.1818 -0.0400
-1.7177 -1.7512 -0.0400
-1.6867 -1.6987 -0.0400
-1.6477 -1.6629 -0.0400
-1.6025 -1.6384 -0.0400
-1.5330 -1.6541 -0.0400
1.8203 -0.2982 -0.0400
1.8891 -0.2233 -0.0400
1.9747 -0.1501 -0.0400
0.9950 2.3967 -0.0400
0.9230 2.4501 -0.0400
-1.2094 1.6563 -0.0400
-1.2581 1.6738 -0.0400
-1.3343 1.6773 -0.0400
-1.3843 1.6906 -0.0400
-1.4133 1.7128 -0.0400
-1.4324 1.7394 -0.0400
-1.4390 1.7726 -0.0400
-1.4366 1.8112 -0.0400
-0.1196 3.3141 -0.0400
-0.1720 3.3573 -0.0400
-2.9016 4.8125 -0.0400
-3.0378 4.9518 -0.0400
-3.1083 4.8902 -0.0400
-3.1782 4.8859 -0.0400
-3.2503 4.9351 -0.0400
-4.0800 5.8262 -0.0400
-4.1545 5.7549 -0.0400
-4.2725 5.2032 -0.0400
-4.3313 5.1260 -0.0400
-4.4101 5.1190 -0.0400
-4.3161 3.3760 -0.0400
-4.3546 3.3447 -0.0400
-4.4001 3.3270 -0.0400
-4.4472 3.3116 -0.0400
-4.4949 3.2967 -0.0400
-5.0887 3.5082 -0.0400
-5.1087 3.4405 -0.0400
-8.9562 0.0893 -0.0400
-8.4092 -0.5168 -0.0400
-7.8292 -0.6348 -0.0400
-7.8113 -0.7210 -0.0400
-6.1431 -0.8683 -0.0400
-6.0936 -0.9109 -0.0400
-6.0802 -0.9750 -0.0400
-7.9946 -2.4075 -0.0400
-7.9880 -2.5293 -0.0400
-3.7735 0.2644 -0.0400
-3.7347 0.2780 -0.0400
-3.7165 0.2736 -0.0400
-3.6959 0.2722 -0.0400
-3.6817 0.2647 -0.0400
-3.6669 0.2582 -0.0400
-3.6545 0.2492 -0.0400
-3.6433 0.2390 -0.0400
-3.6338 0.2267 -0.0400
-3.6258 0.2125 -0.0400
-3.6196 0.1955 -0.0400
-3.6114 0.1808 -0.0400
-3.6092 0.1572 -0.0400
-3.6130 0.1242 -0.0400
-5.1287 -3.7084 -0.0400
-5.0346 -3.7126 -0.0400
-4.9264 -3.6787 -0.0400
-4.8536 -3.7298 -0.0400
-4.0003 -2.5551 -0.0400
-3.9329 -2.5434 -0.0400
-2.8838 -1.2746 -0.0400
-2.8504 -1.2291 -0.0400
-2.8162 -1.2011 -0.0400
-2.7822 -1.1780 -0.0400
-2.7459 -1.1734 -0.0400
-2.7085 -1.1747 -0.0400
-2.6694 -1.1835 -0.0400
-2.6272 -1.2038 -0.0400
-2.5774 -1.2530 -0.0400
-1.7642 -1.7854 -0.0400
-1.7363 -1.7255 -0.0400
-1.6983 -1.6873 -0.0400
-1.6480 -1.6725 -0.0400
-1.5871 -1.6752 -0.0400
1.8030 -0.3966 -0.0400
1.9397 -0.3393 -0.0400
1.9493 -0.2489 -0.0400
0.9259 2.4328 -0.0400
0.9119 2.5082 -0.0400
-1.2281 1.6719 -0.0400
-1.3423 1.6590 -0.0400
-1.3836 1.6762 -0.0400
-1.4103 1.6995 -0.0400
-1.4277 1.7269 -0.0400
-1.4388 1.7577 -0.0400
-1.4425 1.7928 -0.0400
-0.1112 3.3009 -0.0400
-0.1604 3.3469 -0.0400
-0.1822 3.4166 -0.0400
-2.8923 4.8169 -0.0400
-3.0997 4.8969 -0.0400
-3.1704 4.9128 -0.0400
-4.0787 5.8607 -0.0400
-4.1470 5.7577 -0.0400
-4.2535 5.1593 -0.0400
-4.3262 5.1312 -0.0400
-4.4263 5.1910 -0.0400
-4.2963 3.4525 -0.0400
-4.3176 3.3835 -0.0400
-4.3538 3.3471 -0.0400
-4.3985 3.3275 -0.0400
-4.4513 3.3218 -0.0400
-4.5199 3.3416 -0.0400
-5.0740 3.4904 -0.0400
-5.1161 3.4508 -0.0400
-8.9660 0.1910 -0.0400
-8.4430 -0.4281 -0.0400
-8.4356 -0.5262 -0.0400
-7.8424 -0.6423 -0.0400
-7.7988 -0.7201 -0.0400
-6.1382 -0.8713 -0.0400
-6.0912 -0.9153 -0.0400
-6.0854 -0.9840 -0.0400
-8.0386 -2.3141 -0.0400
-8.0101 -2.4194 -0.0400
-3.7704 0.2780 -0.0400
-3.7447 0.2793 -0.0400
-3.7174 0.2830 -0.0400
-3.7018 0.2767 -0.0400
-3.6872 0.2696 -0.0400
-3.6718 0.2636 -0.0400
-3.6599 0.2542 -0.0400
-3.6486 0.2443 -0.0400
-3.6383 0.2332 -0.0400
-3.6303 0.2193 -0.0400
-3.6242 0.2028 -0.0400
-3.6164 0.1879 -0.0400
-3.6154 0.1638 -0.0400
-3.6214 0.1289 -0.0400
-5.1263 -3.7012 -0.0400
-5.0207 -3.6776 -0.0400
-4.9251 -3.6730 -0.0400
-4.8620 -3.7483 -0.0400
-3.9929 -2.5280 -0.0400
-3.9332 -2.5437 -0.0400
-2.9219 -1.2944 -0.0400
-2.8883 -1.2398 -0.0400
-2.8539 -1.2100 -0.0400
-2.8193 -1.1903 -0.0400
-2.7841 -1.1783 -0.0400
-2.7483 -1.1717 -0.0400
-2.7115 -1.1707 -0.0400
-2.6691 -1.1980 -0.0400
-2.6243 -1.2306 -0.0400
-1.7846 -1.7584 -0.0400
-1.7487 -1.7157 -0.0400
-1.7059 -1.6875 -0.0400
-1.6570 -1.6709 -0.0400
-1.5990 -1.6691 -0.0400
-1.5097 -1.7177 -0.0400
0.1757 -2.9854 -0.0400
0.2544 -2.9412 -0.0400
0.3303 -2.8930 -0.0400
1.7855 -0.4095 -0.0400
1.8268 -0.3291 -0.0400
1.9513 -0.2670 -0.0400
2.1546 -0.2176 -0.0400
-1.2702 1.6765 -0.0400
-1.3592 1.6728 -0.0400
-1.3961 1.6915 -0.0400
-1.4214 1.7152 -0.0400
-1.4292 1.7477 -0.0400
-1.4293 1.7849 -0.0400
-1.4033 1.8380 -0.0400
-0.0058 3.2786 -0.0400
-0.0988 3.2907 -0.0400
-0.1496 3.3355 -0.0400
-0.1691 3.4073 -0.0400
-2.8138 4.8104 -0.0400
-2.8827 4.8164 -0.0400
-3.0904 4.8854 -0.0400
-3.1611 4.9043 -0.0400
-4.0586 5.8054 -0.0400
-4.1402 5.7665 -0.0400
-4.2543 5.1892 -0.0400
-4.3191 5.1317 -0.0400
-4.2759 3.4163 -0.0400
-4.3100 3.3740 -0.0400
-4.3525 3.3497 -0.0400
-4.4029 3.3402 -0.0400
-4.4481 3.3204 -0.0400
-4.5101 3.3288 -0.0400
-5.0607 3.4752 -0.0400
-5.1225 3.4607 -0.0400
-8.9684 0.1892 -0.0400
-8.4720 -0.4375 -0.0400
-8.4148 -0.5232 -0.0400
-7.8943 -0.5696 -0.0400
-7.8208 -0.6388 -0.0400
-6.1378 -0.8770 -0.0400
-6.1156 -0.9357 -0.0400
-8.0402 -2.3168 -0.0400
-8.0133 -2.4231 -0.0400
-3.7730 0.2858 -0.0400
-3.7472 0.2868 -0.0400
-3.7270 0.2838 -0.0400
-3.7095 0.2789 -0.0400
-3.6903 0.2761 -0.0400
-3.6772 0.2679 -0.0400
-3.6643 0.2597 -0.0400
-3.6533 0.2495 -0.0400
-3.6430 0.2385 -0.0400
-3.6354 0.2246 -0.0400
-3.6266 0.2116 -0.0400
-3.6231 0.1921 -0.0400
-3.6168 0.1753 -0.0400
-3.6210 0.1442 -0.0400
-5.1161 -3.6775 -0.0400
-5.0127 -3.6578 -0.0400
-4.9237 -3.6682 -0.0400
-4.8609 -3.7436 -0.0400
-3.9915 -2.5246 -0.0400
-3.9328 -2.5438 -0.0400
-2.9220 -1.3037 -0.0400
-2.8888 -1.2443 -0.0400
-2.8546 -1.2131 -0.0400
-2.8212 -1.1833 -0.0400
-2.7857 -1.1757 -0.0400
-2.7495 -1.1736 -0.0400
-2.7121 -1.1774 -0.0400
-2.6729 -1.1887 -0.0400
-2.6303 -1.2128 -0.0400
-2.5749 -1.2879 -0.0400
-1.7832 -1.7749 -0.0400
-1.7517 -1.7233 -0.0400
-1.7120 -1.6895 -0.0400
-1.6555 -1.6870 -0.0400
-1.5847 -1.7075 -0.0400
0.1661 -2.9921 -0.0400
0.2581 -2.9635 -0.0400
0.3248 -2.9048 -0.0400
0.4319 -2.8896 -0.0400
1.7797 -0.4251 -0.0400
1.9180 -0.3690 -0.0400
1.9367 -0.2811 -0.0400
2.1893 -0.2427 -0.0400
-1.4273 1.7284 -0.0400
-1.4426 1.7570 -0.0400
-1.4498 1.7903 -0.0400
-0.0185 3.3285 -0.0400
-0.1214 3.3317 -0.0400
-0.1803 3.3696 -0.0400
-2.8694 4.8075 -0.0400
-2.9383 4.8195 -0.0400
-3.0773 4.8961 -0.0400
-3.1476 4.8813 -0.0400
-3.2187 4.8969 -0.0400
-4.1391 5.8190 -0.0400
-4.2112 5.7378 -0.0400
-4.3097 5.1356 -0.0400
-4.3857 5.1174 -0.0400
-4.3233 3.4106 -0.0400
-4.3515 3.3567 -0.0400
-4.3911 3.3264 -0.0400
-4.4421 3.3170 -0.0400
-4.4974 3.3138 -0.0400
-5.0694 3.4909 -0.0400
-5.1028 3.4397 -0.0400
-5.1657 3.4256 -0.0400
-8.4063 -0.5242 -0.0400
-7.7931 -0.7260 -0.0400
-6.1422 -0.8876 -0.0400
-6.0857 -0.9262 -0.0400
-6.0752 -0.9918 -0.0400
-7.9904 -2.4103 -0.0400
-8.0027 -2.5445 -0.0400
-3.7691 0.2738 -0.0400
-3.7411 0.2767 -0.0400
-3.7200 0.2745 -0.0400
-3.7022 0.2700 -0.0400
-3.6826 0.2676 -0.0400
-3.6695 0.2595 -0.0400
-3.6573 0.2506 -0.0400
-3.6460 0.2410 -0.0400
-3.6363 0.2295 -0.0400
-3.6270 0.2176 -0.0400
-3.6213 0.2013 -0.0400
-3.6142 0.1861 -0.0400
-3.6080 0.1694 -0.0400
-3.6125 0.1382 -0.0400
-3.6164 0.1063 -0.0400
-5.0355 -3.7109 -0.0400
-4.9240 -3.6689 -0.0400
-4.8466 -3.7060 -0.0400
-4.7954 -3.8146 -0.0400
-3.9981 -2.5539 -0.0400
-3.9309 -2.5411 -0.0400
-3.8747 -2.5703 -0.0400
-2.8843 -1.3013 -0.0400
-2.8547 -1.2167 -0.0400
-2.8204 -1.1955 -0.0400
-2.7858 -1.1818 -0.0400
-2.7507 -1.1732 -0.0400
-2.7148 -1.1694 -0.0400
-2.6750 -1.1861 -0.0400
-2.6338 -1.2053 -0.0400
-2.5861 -1.2492 -0.0400
-1.7771 -1.8040 -0.0400
-1.7526 -1.7377 -0.0400
-1.7160 -1.6979 -0.0400
-1.6726 -1.6720 -0.0400
-1.6217 -1.6593 -0.0400
-1.5591 -1.6652 -0.0400
0.2245 -2.9477 -0.0400
0.3178 -2.9199 -0.0400
0.4248 -2.9049 -0.0400
0.4926 -2.8458 -0.0400
2.1851 -0.1694 -0.0400
-1.4178 1.7984 -0.0400
-0.0851 3.2606 -0.0400
-0.1195 3.3192 -0.0400
-2.9996 4.8938 -0.0400
-3.0703 4.8853 -0.0400
-3.1413 4.9062 -0.0400
-3.9632 5.8835 -0.0400
-4.0349 5.7848 -0.0400
-4.2345 5.1773 -0.0400
-4.3177 5.1824 -0.0400
-4.2510 3.4997 -0.0400
-4.2674 3.4152 -0.0400
-4.3038 3.3769 -0.0400
-4.3497 3.3584 -0.0400
-4.3983 3.3447 -0.0400
-4.4481 3.3322 -0.0400
-5.0326 3.5417 -0.0400
-5.0589 3.4798 -0.0400
-8.9762 0.2902 -0.0400
-8.4284 -0.4317 -0.0400
-7.8507 -0.5632 -0.0400
-7.8325 -0.6491 -0.0400
-6.1919 -0.8481 -0.0400
-6.1282 -0.8837 -0.0400
-8.1191 -2.2479 -0.0400
-8.0459 -2.3243 -0.0400
-8.0481 -2.4499 -0.0400
-3.7952 0.2866 -0.0400
-3.7604 0.2936 -0.0400
-3.7372 0.2924 -0.0400
-3.7185 0.2881 -0.0400
-3.6979 0.2861 -0.0400
-3.6849 0.2779 -0.0400
-3.6729 0.2687 -0.0400
-3.6618 0.2589 -0.0400
-3.6527 0.2470 -0.0400
-3.6441 0.2347 -0.0400
-3.6359 0.2215 -0.0400
-3.6285 0.2073 -0.0400
-3.6291 0.1834 -0.0400
-3.6262 0.1628 -0.0400
-5.1119 -3.6693 -0.0400
-5.0028 -3.6360 -0.0400
-4.9261 -3.6746 -0.0400
-4.0522 -2.5222 -0.0400
-3.9882 -2.5217 -0.0400
-2.9259 -1.2404 -0.0400
-2.8913 -1.2131 -0.0400
-2.8567 -1.1942 -0.0400
-2.8220 -1.1817 -0.0400
-2.7867 -1.1756 -0.0400
-2.7502 -1.1775 -0.0400
-2.7124 -1.1856 -0.0400
-2.6723 -1.2028 -0.0400
-2.6275 -1.2390 -0.0400
-1.7967 -1.7707 -0.0400
-1.7635 -1.7232 -0.0400
-1.7193 -1.6989 -0.0400
-1.6628 -1.6972 -0.0400
-1.5804 -1.7388 -0.0400
0.1523 -3.0093 -0.0400
0.2415 -2.9783 -0.0400
0.3530 -2.9703 -0.0400
0.4186 -2.9091 -0.0400
1.0886 2.2757 -0.0400
0.9838 2.3193 -0.0400
0.0311 3.2456 -0.0400
-0.0659 3.2553 -0.0400
-0.1159 3.3011 -0.0400
-0.1166 3.3893 -0.0400
-4.0265 5.7958 -0.0400
-4.1135 5.7800 -0.0400
-4.1559 5.2235 -0.0400
-4.2211 5.1615 -0.0400
-4.3014 5.1576 -0.0400
-4.2704 3.4323 -0.0400
-4.3005 3.3798 -0.0400
-4.3511 3.3702 -0.0400
-4.3972 3.3509 -0.0400
-4.4594 3.3602 -0.0400
-5.0124 3.5195 -0.0400
-5.0633 3.4906 -0.0400
-8.9719 0.2896 -0.0400
-8.4497 -0.3395 -0.0400
-7.8559 -0.5678 -0.0400
-6.1448 -0.8287 -0.0400
-6.1189 -0.8847 -0.0400
-8.0970 -2.3589 -0.0400
-3.7724 0.2926 -0.0400
-3.7454 0.2938 -0.0400
-3.7176 0.2967 -0.0400
-3.7025 0.2899 -0.0400
-3.6891 0.2818 -0.0400
-3.6769 0.2729 -0.0400
-3.6658 0.2631 -0.0400
-3.6565 0.2516 -0.0400
-3.6481 0.2391 -0.0400
-3.6403 0.2259 -0.0400
-3.6333 0.2115 -0.0400
-3.6351 0.1869 -0.0400
-3.6334 0.1653 -0.0400
-3.6362 0.1375 -0.0400
-5.1977 -3.6497 -0.0400
-5.0905 -3.6244 -0.0400
-5.0016 -3.6354 -0.0400
-4.9314 -3.6891 -0.0400
-4.0454 -2.5063 -0.0400
-3.9881 -2.5283 -0.0400
-2.9255 -1.2298 -0.0400
-2.8910 -1.2063 -0.0400
-2.8564 -1.1903 -0.0400
-2.8220 -1.1769 -0.0400
-2.7864 -1.1749 -0.0400
-2.7500 -1.1771 -0.0400
-2.7125 -1.1849 -0.0400
-2.6653 -1.2413 -0.0400
-1.8376 -1.8133 -0.0400
-1.8091 -1.7545 -0.0400
-1.7708 -1.7184 -0.0400
-1.7261 -1.6958 -0.0400
-1.6741 -1.6865 -0.0400
-1.6087 -1.6994 -0.0400
0.0859 -3.0828 -0.0400
0.1463 -3.0178 -0.0400
0.2322 -2.9831 -0.0400
0.3291 -2.9593 -0.0400
0.4061 -2.9113 -0.0400
1.0146 2.3122 -0.0400
0.9560 2.3709 -0.0400
0.9742 2.4592 -0.0400
-1.2010 1.6238 -0.0400
-0.0640 3.2359 -0.0400
-0.0947 3.2976 -0.0400
-4.0166 5.8024 -0.0400
-4.1540 5.2558 -0.0400
-4.2125 5.1658 -0.0400
-4.2334 3.4853 -0.0400
-4.2575 3.4168 -0.0400
-4.2965 3.3828 -0.0400
-4.3439 3.3663 -0.0400
-4.3919 3.3506 -0.0400
-5.0153 3.5299 -0.0400
-8.9835 0.2877 -0.0400
-8.4475 -0.3410 -0.0400
-7.8812 -0.4869 -0.0400
-7.8438 -0.5673 -0.0400
-6.1757 -0.7816 -0.0400
-6.1414 -0.8330 -0.0400
-6.1615 -0.9148 -0.0400
-8.0961 -2.2380 -0.0400
-8.0975 -2.3612 -0.0400
-3.8041 0.2975 -0.0400
-3.7663 0.3052 -0.0400
-3.7427 0.3036 -0.0400
-3.7240 0.2989 -0.0400
-3.7080 0.2926 -0.0400
-3.6939 0.2850 -0.0400
-3.6812 0.2766 -0.0400
-3.6691 0.2676 -0.0400
-3.6598 0.2562 -0.0400
-3.6514 0.2439 -0.0400
-3.6437 0.2307 -0.0400
-3.6368 0.2166 -0.0400
-3.6388 0.1923 -0.0400
-3.6376 0.1708 -0.0400
-3.6408 0.1433 -0.0400
-5.1914 -3.6394 -0.0400
-5.0810 -3.6068 -0.0400
-5.0018 -3.6389 -0.0400
-4.9519 -3.7413 -0.0400
-4.0425 -2.5052 -0.0400
-3.9868 -2.5322 -0.0400
-2.9580 -1.2784 -0.0400
-2.9234 -1.2386 -0.0400
-2.8902 -1.1976 -0.0400
-2.8556 -1.1855 -0.0400
-2.8210 -1.1761 -0.0400
-2.7854 -1.1751 -0.0400
-2.7491 -1.1787 -0.0400
-2.7075 -1.2112 -0.0400
-2.6640 -1.2468 -0.0400
-1.8283 -1.8421 -0.0400
-1.8179 -1.7445 -0.0400
-1.7754 -1.7177 -0.0400
-1.7268 -1.7030 -0.0400
-1.6689 -1.7047 -0.0400
0.1337 -3.0174 -0.0400
0.2369 -3.0036 -0.0400
0.3296 -2.9748 -0.0400
1.1019 2.2439 -0.0400
0.9964 2.2875 -0.0400
0.9563 2.3528 -0.0400
0.9485 2.4304 -0.0400
-1.1344 1.6369 -0.0400
-1.2450 1.6279 -0.0400
-1.3275 1.6278 -0.0400
-1.3678 1.6452 -0.0400
-0.0419 3.2325 -0.0400
-0.0950 3.2760 -0.0400
-0.0963 3.3635 -0.0400
-3.9308 5.8943 -0.0400
-4.0041 5.7984 -0.0400
-4.2035 5.1709 -0.0400
-4.3018 5.2282 -0.0400
-4.2482 3.4103 -0.0400
-4.2923 3.3867 -0.0400
-4.3436 3.3774 -0.0400
-4.3912 3.3601 -0.0400
-4.4599 3.3805 -0.0400
-4.9811 3.5908 -0.0400
-5.0056 3.5239 -0.0400
-5.0676 3.5091 -0.0400
-8.5205 -0.2586 -0.0400
-8.4450 -0.3423 -0.0400
-7.8746 -0.4879 -0.0400
-7.8430 -0.5700 -0.0400
-6.1798 -0.7897 -0.0400
-6.1368 -0.8367 -0.0400
-6.1464 -0.9124 -0.0400
-8.1565 -2.1556 -0.0400
-8.1139 -2.2509 -0.0400
-8.1189 -2.3767 -0.0400
-3.7828 0.3011 -0.0400
-3.7531 0.3033 -0.0400
-3.7320 0.3000 -0.0400
-3.7086 0.2992 -0.0400
-3.6953 0.2909 -0.0400
-3.6834 0.2817 -0.0400
-3.6726 0.2717 -0.0400
-3.6629 0.2608 -0.0400
-3.6542 0.2488 -0.0400
-3.6464 0.2359 -0.0400
-3.6446 0.2168 -0.0400
-3.6409 0.1990 -0.0400
-3.6392 0.1786 -0.0400
-3.6413 0.1532 -0.0400
-5.2879 -3.6421 -0.0400
-5.1899 -3.6400 -0.0400
-5.0802 -3.6089 -0.0400
-5.0022 -3.6436 -0.0400
-4.0998 -2.4939 -0.0400
-4.0393 -2.5042 -0.0400
-3.9910 -2.5572 -0.0400
-2.9575 -1.2409 -0.0400
-2.9227 -1.2169 -0.0400
-2.8889 -1.1892 -0.0400
-2.8543 -1.1804 -0.0400
-2.8195 -1.1745 -0.0400
-2.7836 -1.1775 -0.0400
-2.7471 -1.1831 -0.0400
-2.7048 -1.2212 -0.0400
-2.6595 -1.2671 -0.0400
-1.8512 -1.7989 -0.0400
-1.8186 -1.7501 -0.0400
-1.7789 -1.7180 -0.0400
-1.7328 -1.6989 -0.0400
-1.6546 -1.7388 -0.0400
0.0618 -3.0815 -0.0400
0.1455 -3.0457 -0.0400
0.2207 -2.9986 -0.0400
0.3257 -2.9845 -0.0400
0.4084 -2.9431 -0.0400
1.0192 2.2777 -0.0400
0.9680 2.3391 -0.0400
0.9850 2.4266 -0.0400
-1.1657 1.6090 -0.0400
-1.2241 1.6223 -0.0400
-1.2585 1.6448 -0.0400
-1.3446 1.6415 -0.0400
-1.3890 1.6561 -0.0400
-1.4049 1.6843 -0.0400
-1.4124 1.7172 -0.0400
-3.9949 5.8144 -0.0400
-4.1165 5.1915 -0.0400
-4.1932 5.1730 -0.0400
-4.2909 5.2282 -0.0400
-4.2131 3.4702 -0.0400
-4.2452 3.4185 -0.0400
-4.2870 3.3895 -0.0400
-4.3362 3.3759 -0.0400
-4.3955 3.3805 -0.0400
-4.9580 3.5667 -0.0400
-5.0060 3.5328 -0.0400
-8.9758 0.3921 -0.0400
-8.4729 -0.2507 -0.0400
-8.4522 -0.3454 -0.0400
-7.8655 -0.4881 -0.0400
-7.8451 -0.5733 -0.0400
-6.2111 -0.7422 -0.0400
-6.1624 -0.7868 -0.0400
-6.1600 -0.8552 -0.0400
-8.1868 -2.1752 -0.0400
-8.0953 -2.2417 -0.0400
-8.0965 -2.3646 -0.0400
-3.7762 0.3134 -0.0400
-3.7506 0.3124 -0.0400
-3.7312 0.3077 -0.0400
-3.7148 0.3012 -0.0400
-3.7006 0.2935 -0.0400
-3.6878 0.2848 -0.0400
-3.6766 0.2751 -0.0400
-3.6669 0.2642 -0.0400
-3.6590 0.2516 -0.0400
-3.6519 0.2382 -0.0400
-3.6459 0.2234 -0.0400
-3.6417 0.2066 -0.0400
-3.6395 0.1873 -0.0400
-3.6400 0.1643 -0.0400
-5.2673 -3.6055 -0.0400
-5.1716 -3.6066 -0.0400
-5.0796 -3.6121 -0.0400
-5.0194 -3.6871 -0.0400
-4.0973 -2.4969 -0.0400
-4.0388 -2.5138 -0.0400
-2.9891 -1.3145 -0.0400
-2.9551 -1.2320 -0.0400
-2.9204 -1.2114 -0.0400
-2.8866 -1.1873 -0.0400
-2.8523 -1.1769 -0.0400
-2.8174 -1.1745 -0.0400
-2.7809 -1.1833 -0.0400
-2.7439 -1.1925 -0.0400
-2.7054 -1.2083 -0.0400
-1.8642 -1.7759 -0.0400
-1.8253 -1.7416 -0.0400
-1.7811 -1.7194 -0.0400
-1.7305 -1.7095 -0.0400
-1.6693 -1.7182 -0.0400
0.0776 -3.1144 -0.0400
0.1433 -3.0561 -0.0400
0.2377 -3.0317 -0.0400
0.3179 -2.9891 -0.0400
1.0699 2.1974 -0.0400
1.0007 2.2532 -0.0400
0.9687 2.3214 -0.0400
0.9664 2.4010 -0.0400
-1.2279 1.6059 -0.0400
-1.2891 1.6159 -0.0400
-1.3466 1.6256 -0.0400
-1.3774 1.6469 -0.0400
-1.3985 1.6726 -0.0400
-1.4131 1.7015 -0.0400
-1.3988 1.7469 -0.0400
-4.1048 5.1908 -0.0400
-4.1836 5.1799 -0.0400
-4.2830 5.2404 -0.0400
-4.2148 3.4915 -0.0400
-4.2358 3.4144 -0.0400
-4.2835 3.3975 -0.0400
-4.3332 3.3842 -0.0400
-4.3842 3.3725 -0.0400
-4.9647 3.5862 -0.0400
-4.9986 3.5319 -0.0400
-5.0714 3.5310 -0.0400
-8.9831 0.3917 -0.0400
-8.4612 -0.2496 -0.0400
-7.9129 -0.4120 -0.0400
-7.8593 -0.4888 -0.0400
-6.2113 -0.7480 -0.0400
-6.1599 -0.7914 -0.0400
-6.1519 -0.8567 -0.0400
-8.1446 -2.1527 -0.0400
-8.1463 -2.2744 -0.0400
-3.7957 0.3083 -0.0400
-3.7623 0.3116 -0.0400
-3.7398 0.3085 -0.0400
-3.7152 0.3077 -0.0400
-3.7018 0.2992 -0.0400
-3.6900 0.2898 -0.0400
-3.6792 0.2797 -0.0400
-3.6696 0.2687 -0.0400
-3.6613 0.2566 -0.0400
-3.6538 0.2436 -0.0400
-3.6472 0.2296 -0.0400
-3.6497 0.2067 -0.0400
-3.6491 0.1859 -0.0400
-3.6530 0.1598 -0.0400
-5.2750 -3.6257 -0.0400
-5.1591 -3.5858 -0.0400
-5.0775 -3.6129 -0.0400
-4.1582 -2.4987 -0.0400
-4.0917 -2.4914 -0.0400
-4.0409 -2.5330 -0.0400
-2.9869 -1.2636 -0.0400
-2.9525 -1.2167 -0.0400
-2.9179 -1.2010 -0.0400
-2.8840 -1.1830 -0.0400
-2.8496 -1.1756 -0.0400
-2.8147 -1.1740 -0.0400
-2.7785 -1.1829 -0.0400
-2.7390 -1.2110 -0.0400
-2.6987 -1.2360 -0.0400
-1.8943 -1.8356 -0.0400
-1.8647 -1.7789 -0.0400
-1.8270 -1.7426 -0.0400
-1.7840 -1.7183 -0.0400
-1.7224 -1.7302 -0.0400
0.0458 -3.0864 -0.0400
0.1421 -3.0670 -0.0400
0.2098 -3.0112 -0.0400
0.3091 -2.9915 -0.0400
1.0902 2.1867 -0.0400
1.0106 2.2391 -0.0400
0.9726 2.3051 -0.0400
1.0344 2.4099 -0.0400
-1.1428 1.5894 -0.0400
-1.2072 1.6004 -0.0400
-1.2438 1.6219 -0.0400
-1.3210 1.6232 -0.0400
-1.3746 1.6334 -0.0400
-1.3932 1.6603 -0.0400
-1.4050 1.6907 -0.0400
-1.4092 1.7256 -0.0400
-1.4004 1.7686 -0.0400
-1.7668 5.6708 -0.0400
-1.8568 5.6730 -0.0400
-4.2337 3.4335 -0.0400
-4.2718 3.3954 -0.0400
-4.3176 3.3741 -0.0400
-4.3688 3.3631 -0.0400
-4.4372 3.3824 -0.0400
-4.9919 3.5366 -0.0400
-5.0448 3.5087 -0.0400
-8.9822 0.3924 -0.0400
-8.9639 0.2891 -0.0400
-8.4842 -0.2552 -0.0400
-8.4382 -0.3451 -0.0400
-7.8589 -0.4916 -0.0400
-7.8390 -0.5770 -0.0400
-6.1760 -0.8071 -0.0400
-6.1480 -0.8623 -0.0400
-8.0880 -2.2418 -0.0400
-8.0916 -2.3660 -0.0400
-3.7740 0.3077 -0.0400
-3.7473 0.3067 -0.0400
-3.7274 0.3020 -0.0400
-3.7108 0.2954 -0.0400
-3.6963 0.2877 -0.0400
-3.6834 0.2790 -0.0400
-3.6721 0.2693 -0.0400
-3.6619 0.2587 -0.0400
-3.6540 0.2462 -0.0400
-3.6469 0.2329 -0.0400
-3.6409 0.2183 -0.0400
-3.6367 0.2018 -0.0400
-3.6346 0.1828 -0.0400
-3.6351 0.1604 -0.0400
-3.6436 0.1287 -0.0400
-5.1704 -3.6168 -0.0400
-5.0768 -3.6193 -0.0400
-5.0018 -3.6602 -0.0400
-4.0956 -2.5209 -0.0400
-4.0299 -2.5145 -0.0400
-3.9826 -2.5694 -0.0400
-2.9463 -1.2495 -0.0400
-2.9125 -1.2124 -0.0400
-2.8788 -1.1903 -0.0400
-2.8449 -1.1782 -0.0400
-2.8104 -1.1745 -0.0400
-2.7755 -1.1740 -0.0400
-2.7388 -1.1853 -0.0400
-2.6986 -1.2147 -0.0400
-2.6578 -1.2409 -0.0400
-1.8495 -1.8164 -0.0400
-1.8201 -1.7610 -0.0400
-1.7846 -1.7212 -0.0400
-1.7369 -1.7066 -0.0400
-1.6817 -1.7055 -0.0400
-1.6062 -1.7388 -0.0400
0.0511 -3.1079 -0.0400
0.1130 -3.0462 -0.0400
0.1979 -3.0123 -0.0400
0.3139 -3.0122 -0.0400
0.3756 -2.9485 -0.0400
1.0727 2.2379 -0.0400
0.9941 2.2897 -0.0400
0.9659 2.3592 -0.0400
0.9905 2.4504 -0.0400
-1.1997 1.6226 -0.0400
-1.2747 1.6258 -0.0400
-1.3421 1.6301 -0.0400
-1.3753 1.6498 -0.0400
-1.3986 1.6741 -0.0400
-1.4151 1.7019 -0.0400
-1.4108 1.7419 -0.0400
-1.3927 1.7912 -0.0400
0.0416 3.2286 -0.0400
-4.1580 3.5304 -0.0400
-4.1843 3.4610 -0.0400
-4.2232 3.4235 -0.0400
-4.2686 3.4008 -0.0400
-4.3224 3.3951 -0.0400
-4.3823 3.3995 -0.0400
-4.9476 3.5846 -0.0400
-4.9904 3.5423 -0.0400
-8.9775 0.4980 -0.0400
-8.4843 -0.1568 -0.0400
-8.4593 -0.2508 -0.0400
-7.9519 -0.3342 -0.0400
-7.8816 -0.4081 -0.0400
-7.9195 -0.5088 -0.0400
-6.1826 -0.7451 -0.0400
-6.1829 -0.8143 -0.0400
-8.1764 -2.1746 -0.0400
-3.7998 0.3218 -0.0400
-3.7675 0.3230 -0.0400
-3.7457 0.3187 -0.0400
-3.7281 0.3123 -0.0400
-3.7080 0.3080 -0.0400
-3.6963 0.2982 -0.0400
-3.6857 0.2878 -0.0400
-3.6763 0.2766 -0.0400
-3.6680 0.2645 -0.0400
-3.6607 0.2515 -0.0400
-3.6543 0.2376 -0.0400
-3.6566 0.2157 -0.0400
-3.6559 0.1958 -0.0400
-3.6592 0.1715 -0.0400
-5.3392 -3.5723 -0.0400
-5.2417 -3.5717 -0.0400
-5.1519 -3.5829 -0.0400
-5.0827 -3.6361 -0.0400
-4.1420 -2.4771 -0.0400
-4.0938 -2.5245 -0.0400
-3.0149 -1.2685 -0.0400
-2.9797 -1.2256 -0.0400
-2.9453 -1.1999 -0.0400
-2.9112 -1.1848 -0.0400
-2.8771 -1.1763 -0.0400
-2.8426 -1.1746 -0.0400
-2.8073 -1.1807 -0.0400
-2.7702 -1.1982 -0.0400
-2.7292 -1.2371 -0.0400
-2.6859 -1.2810 -0.0400
-1.9016 -1.8226 -0.0400
-1.8745 -1.7614 -0.0400
-1.8312 -1.7385 -0.0400
-1.7832 -1.7253 -0.0400
-1.7285 -1.7246 -0.0400
0.0328 -3.0914 -0.0400
0.1252 -3.0681 -0.0400
0.2288 -3.0558 -0.0400
1.0817 2.1495 -0.0400
1.0177 2.2071 -0.0400
0.9958 2.2788 -0.0400
1.0209 2.3690 -0.0400
-1.2049 1.5728 -0.0400
-1.2363 1.5965 -0.0400
-1.3121 1.5984 -0.0400
-1.3512 1.6159 -0.0400
-1.3816 1.6368 -0.0400
-1.3950 1.6662 -0.0400
-1.4012 1.6997 -0.0400
-1.3985 1.7389 -0.0400
-0.0122 3.1719 -0.0400
-0.0406 3.2354 -0.0400
-1.5746 5.6191 -0.0400
-1.6616 5.6356 -0.0400
-4.1000 3.5415 -0.0400
-4.1321 3.4835 -0.0400
-4.1729 3.4491 -0.0400
-4.2257 3.4423 -0.0400
-4.2732 3.4232 -0.0400
-4.3313 3.4248 -0.0400
-4.8552 3.6702 -0.0400
-4.8900 3.6143 -0.0400
-4.9548 3.6036 -0.0400
-8.9831 0.6032 -0.0400
-8.5070 -0.0621 -0.0400
-8.4986 -0.1594 -0.0400
-7.9407 -0.2422 -0.0400
-7.8985 -0.3229 -0.0400
-6.2375 -0.6381 -0.0400
-6.2124 -0.6944 -0.0400
-6.2292 -0.7711 -0.0400
-8.2368 -1.9718 -0.0400
-3.8265 0.3368 -0.0400
-3.7865 0.3410 -0.0400
-3.7630 0.3368 -0.0400
-3.7369 0.3350 -0.0400
-3.7234 0.3259 -0.0400
-3.7114 0.3161 -0.0400
-3.7007 0.3056 -0.0400
-3.6908 0.2946 -0.0400
-3.6838 0.2815 -0.0400
-3.6773 0.2679 -0.0400
-3.6720 0.2533 -0.0400
-3.6685 0.2369 -0.0400
-3.6669 0.2184 -0.0400
-3.6678 0.1973 -0.0400
-3.6747 0.1698 -0.0400
-5.4134 -3.5320 -0.0400
-5.3155 -3.5320 -0.0400
-5.2263 -3.5458 -0.0400
-4.2576 -2.4494 -0.0400
-4.1938 -2.4517 -0.0400
-4.1420 -2.4863 -0.0400
-3.0476 -1.2589 -0.0400
-3.0118 -1.2163 -0.0400
-2.9772 -1.1935 -0.0400
-2.9431 -1.1776 -0.0400
-2.9088 -1.1743 -0.0400
-2.8743 -1.1764 -0.0400
-2.8389 -1.1858 -0.0400
-2.8020 -1.2057 -0.0400
-2.7617 -1.2461 -0.0400
-1.9839 -1.8849 -0.0400
-1.9549 -1.8231 -0.0400
-1.9219 -1.7750 -0.0400
-1.8770 -1.7561 -0.0400
-1.8280 -1.7458 -0.0400
-1.7421 -1.8102 -0.0400
-0.1098 -3.1953 -0.0400
-0.0197 -3.1715 -0.0400
0.0528 -3.1233 -0.0400
0.1575 -3.1143 -0.0400
0.2406 -3.0765 -0.0400
1.7012 -0.8201 -0.0400
1.6847 -0.7233 -0.0400
1.7376 -0.6491 -0.0400
1.0372 2.1236 -0.0400
1.0110 2.1935 -0.0400
1.0766 2.2972 -0.0400
-1.1855 1.5342 -0.0400
-1.2180 1.5579 -0.0400
-1.2865 1.5644 -0.0400
-1.3436 1.5741 -0.0400
-1.3641 1.5999 -0.0400
-1.3792 1.6284 -0.0400
-1.3883 1.6600 -0.0400
-1.3623 1.7116 -0.0400
0.1409 3.1045 -0.0400
0.0447 3.1172 -0.0400
-0.0047 3.1639 -0.0400
0.0062 3.2596 -0.0400
-1.6400 5.6274 -0.0400
-1.7194 5.6723 -0.0400
-2.6010 4.8241 -0.0400
-2.6737 4.8084 -0.0400
-4.2602 3.4229 -0.0400
-4.3084 3.4045 -0.0400
-4.3678 3.4075 -0.0400
-4.9083 3.6613 -0.0400
-4.9297 3.5857 -0.0400
-4.9859 3.5617 -0.0400
-8.9861 0.5006 -0.0400
-8.5458 -0.0677 -0.0400
-8.4720 -0.1547 -0.0400
-7.9276 -0.3309 -0.0400
-7.8759 -0.4093 -0.0400
-6.2172 -0.7031 -0.0400
-6.1952 -0.7613 -0.0400
-8.2663 -1.9889 -0.0400
-3.8250 0.3245 -0.0400
-3.7813 0.3306 -0.0400
-3.7576 0.3263 -0.0400
-3.7310 0.3247 -0.0400
-3.7172 0.3156 -0.0400
-3.7048 0.3060 -0.0400
-3.6938 0.2956 -0.0400
-3.6833 0.2850 -0.0400
-3.6754 0.2725 -0.0400
-3.6683 0.2593 -0.0400
-3.6622 0.2454 -0.0400
-3.6577 0.2298 -0.0400
-3.6637 0.2048 -0.0400
-3.6665 0.1819 -0.0400
-3.6814 0.1468 -0.0400
-5.3373 -3.5813 -0.0400
-5.2237 -3.5496 -0.0400
-5.1587 -3.6104 -0.0400
-4.1916 -2.4644 -0.0400
-4.1320 -2.4768 -0.0400
-3.0411 -1.2802 -0.0400
-3.0050 -1.2233 -0.0400
-2.9703 -1.2069 -0.0400
-2.9362 -1.1873 -0.0400
-2.9023 -1.1771 -0.0400
-2.8682 -1.1739 -0.0400
-2.8336 -1.1769 -0.0400
-2.7971 -1.1970 -0.0400
-2.7590 -1.2224 -0.0400
-2.7150 -1.2836 -0.0400
-1.9492 -1.8348 -0.0400
-1.9141 -1.7915 -0.0400
-1.8747 -1.7598 -0.0400
-1.8300 -1.7409 -0.0400
-1.7793 -1.7341 -0.0400
-0.0411 -3.1546 -0.0400
0.0303 -3.1061 -0.0400
0.1585 -3.1275 -0.0400
0.2221 -3.0665 -0.0400
1.7140 -0.7490 -0.0400
1.7097 -0.6571 -0.0400
1.8650 -0.6117 -0.0400
1.9167 -0.5339 -0.0400
1.0817 2.1163 -0.0400
1.0262 2.1766 -0.0400
1.0009 2.2468 -0.0400
1.0063 2.3289 -0.0400
-1.1640 1.5628 -0.0400
-1.2241 1.5741 -0.0400
-1.2867 1.5823 -0.0400
-1.3476 1.5893 -0.0400
-1.3698 1.6142 -0.0400
-1.3861 1.6419 -0.0400
-1.3878 1.6776 -0.0400
-1.3844 1.7170 -0.0400
0.0074 3.1458 -0.0400
-0.0226 3.2078 -0.0400
-1.6226 5.6246 -0.0400
-2.5880 4.8002 -0.0400
-2.6587 4.8060 -0.0400
-2.7949 4.9253 -0.0400
-2.8689 4.8866 -0.0400
-4.9237 3.5919 -0.0400
-8.5296 -0.0644 -0.0400
-8.4691 -0.1536 -0.0400
-7.8923 -0.3236 -0.0400
-7.9064 -0.4174 -0.0400
-6.2438 -0.6515 -0.0400
-6.2027 -0.7010 -0.0400
-6.2376 -0.7863 -0.0400
-3.7819 0.3386 -0.0400
-3.7596 0.3331 -0.0400
-3.7341 0.3302 -0.0400
-3.7207 0.3207 -0.0400
-3.7085 0.3108 -0.0400
-3.6976 0.3002 -0.0400
-3.6867 0.2896 -0.0400
-3.6788 0.2772 -0.0400
-3.6715 0.2642 -0.0400
-3.6650 0.2504 -0.0400
-3.6659 0.2307 -0.0400
-3.6643 0.2125 -0.0400
-3.6650 0.1917 -0.0400
-3.6713 0.1653 -0.0400
-5.4152 -3.5500 -0.0400
-5.3231 -3.5616 -0.0400
-5.2215 -3.5525 -0.0400
-5.1523 -3.6045 -0.0400
-4.1857 -2.4631 -0.0400
-4.7647 -4.3026 -0.0400
-3.0348 -1.2435 -0.0400
-2.9995 -1.2209 -0.0400
-2.9650 -1.1928 -0.0400
-2.9311 -1.1794 -0.0400
-2.8971 -1.1750 -0.0400
-2.8630 -1.1746 -0.0400
-2.8282 -1.1818 -0.0400
-2.7920 -1.1987 -0.0400
-2.7534 -1.2298 -0.0400
-1.9488 -1.8324 -0.0400
-1.9184 -1.7783 -0.0400
-1.8758 -1.7550 -0.0400
-1.8258 -1.7479 -0.0400
-1.7716 -1.7484 -0.0400
-1.7036 -1.7744 -0.0400
-0.0464 -3.1550 -0.0400
0.0386 -3.1244 -0.0400
0.1296 -3.0997 -0.0400
0.2127 -3.0634 -0.0400
1.7143 -0.7607 -0.0400
1.7067 -0.6678 -0.0400
1.8470 -0.6185 -0.0400
1.9285 -0.5492 -0.0400
1.0027 2.2310 -0.0400
-1.1707 1.5465 -0.0400
-1.2089 1.5674 -0.0400
-1.2889 1.5677 -0.0400
-1.3287 1.5848 -0.0400
-1.3644 1.6030 -0.0400
-1.3809 1.6305 -0.0400
-1.3848 1.6649 -0.0400
-1.3849 1.7020 -0.0400
-1.3608 1.7546 -0.0400
0.1123 3.1211 -0.0400
0.0227 3.1373 -0.0400
-0.0222 3.1873 -0.0400
-1.6013 5.6347 -0.0400
-1.6881 5.6530 -0.0400
-2.5706 4.8180 -0.0400
-2.6419 4.8212 -0.0400
-2.7808 4.8982 -0.0400
-2.8536 4.8884 -0.0400
-2.9251 4.9449 -0.0400
-4.8897 3.6659 -0.0400
-4.9207 3.6035 -0.0400
-8.4965 -0.0583 -0.0400
-8.4953 -0.1570 -0.0400
-7.9789 -0.2517 -0.0400
-7.8905 -0.3235 -0.0400
-6.2361 -0.6522 -0.0400
-6.2124 -0.7097 -0.0400
-6.2369 -0.7902 -0.0400
-3.7966 0.3395 -0.0400
-3.7588 0.3418 -0.0400
-3.7426 0.3332 -0.0400
-3.7282 0.3240 -0.0400
-3.7115 0.3165 -0.0400
-3.7010 0.3054 -0.0400
-3.6905 0.2945 -0.0400
-3.6826 0.2819 -0.0400
-3.6753 0.2689 -0.0400
-3.6688 0.2551 -0.0400
-3.6688 0.2363 -0.0400
-3.6666 0.2187 -0.0400
-3.6664 0.1990 -0.0400
-3.6698 0.1757 -0.0400
-5.4270 -3.5773 -0.0400
-5.2946 -3.5158 -0.0400
-5.2216 -3.5598 -0.0400
-4.2371 -2.4433 -0.0400
-4.1801 -2.4629 -0.0400
-4.7628 -4.3039 -0.0400
-3.0285 -1.2287 -0.0400
-2.9935 -1.2086 -0.0400
-2.9593 -1.1855 -0.0400
-2.9255 -1.1761 -0.0400
-2.8916 -1.1743 -0.0400
-2.8572 -1.1790 -0.0400
-2.8217 -1.1949 -0.0400
-2.7841 -1.2260 -0.0400
-2.7459 -1.2511 -0.0400
-1.9520 -1.8197 -0.0400
-1.9179 -1.7753 -0.0400
-1.8749 -1.7534 -0.0400
-1.8249 -1.7467 -0.0400
-1.7528 -1.7847 -0.0400
-0.1199 -3.2064 -0.0400
-0.0501 -3.1566 -0.0400
0.0334 -3.1245 -0.0400
0.1213 -3.0963 -0.0400
1.7532 -0.6931 -0.0400
1.8440 -0.6291 -0.0400
1.9227 -0.5592 -0.0400
-1.1549 1.5402 -0.0400
-1.2124 1.5527 -0.0400
-1.2373 1.5785 -0.0400
-1.3295 1.5710 -0.0400
-1.3543 1.5945 -0.0400
-1.3759 1.6192 -0.0400
-1.3879 1.6490 -0.0400
-1.3808 1.6901 -0.0400
-1.3641 1.7379 -0.0400
0.1289 3.1135 -0.0400
0.0380 3.1290 -0.0400
0.0066 3.1900 -0.0400
-1.5893 5.6111 -0.0400
-2.5556 4.8098 -0.0400
-2.6277 4.8034 -0.0400
-2.7639 4.9226 -0.0400
-2.8380 4.8923 -0.0400
-2.9099 4.9232 -0.0400
-4.9165 3.6145 -0.0400
-8.4959 -0.0567 -0.0400
-8.5396 -0.1629 -0.0400
-7.9304 -0.2415 -0.0400
-7.8952 -0.3244 -0.0400
-6.2261 -0.6516 -0.0400
-6.2252 -0.7194 -0.0400
-3.8033 0.3455 -0.0400
-3.7650 0.3471 -0.0400
-3.7488 0.3382 -0.0400
-3.7289 0.3317 -0.0400
-3.7169 0.3212 -0.0400
-3.7038 0.3115 -0.0400
-3.6946 0.2996 -0.0400
-3.6862 0.2872 -0.0400
-3.6798 0.2736 -0.0400
-3.6734 0.2597 -0.0400
-3.6733 0.2411 -0.0400
-3.6709 0.2237 -0.0400
-3.6703 0.2046 -0.0400
-3.6726 0.1825 -0.0400
-5.4013 -3.5384 -0.0400
-5.2981 -3.5293 -0.0400
-5.2159 -3.5561 -0.0400
-5.1821 -3.6793 -0.0400
-4.2329 -2.4473 -0.0400
-4.1748 -2.4640 -0.0400
-4.7566 -4.2936 -0.0400
-3.0581 -1.2541 -0.0400
-3.0221 -1.2236 -0.0400
-2.9872 -1.1905 -0.0400
-2.9532 -1.1820 -0.0400
-2.9194 -1.1749 -0.0400
-2.8856 -1.1748 -0.0400
-2.8510 -1.1842 -0.0400
-2.8149 -1.2086 -0.0400
-2.7783 -1.2275 -0.0400
-1.9838 -1.8666 -0.0400
-1.9560 -1.8036 -0.0400
-1.9174 -1.7708 -0.0400
-1.8731 -1.7525 -0.0400
-1.8208 -1.7513 -0.0400
-1.7424 -1.8029 -0.0400
-0.1280 -3.2006 -0.0400
-0.0480 -3.1651 -0.0400
0.0292 -3.1250 -0.0400
0.1359 -3.1206 -0.0400
1.6769 -0.7698 -0.0400
1.7208 -0.6937 -0.0400
1.8415 -0.6392 -0.0400
1.9048 -0.5654 -0.0400
-1.3178 1.5636 -0.0400
-1.3525 1.5821 -0.0400
-1.3707 1.6085 -0.0400
-1.3811 1.6390 -0.0400
-1.3882 1.6717 -0.0400
-1.3521 1.7307 -0.0400
0.1396 3.1018 -0.0400
0.0348 3.1065 -0.0400
0.0080 3.1707 -0.0400
-1.5715 5.6077 -0.0400
-2.5394 4.8100 -0.0400
-2.6117 4.8035 -0.0400
-2.7484 4.9138 -0.0400
-2.8221 4.8924 -0.0400
-2.8936 4.9542 -0.0400
-8.4957 -0.0547 -0.0400
-7.9279 -0.2402 -0.0400
-7.9058 -0.3261 -0.0400
-6.2618 -0.6025 -0.0400
-6.2255 -0.6547 -0.0400
-6.2195 -0.7202 -0.0400
-3.8309 0.3424 -0.0400
-3.7774 0.3501 -0.0400
-3.7516 0.3456 -0.0400
-3.7378 0.3354 -0.0400
-3.7211 0.3272 -0.0400
-3.7083 0.3171 -0.0400
-3.6989 0.3052 -0.0400
-3.6905 0.2927 -0.0400
-3.6833 0.2794 -0.0400
-3.6791 0.2641 -0.0400
-3.6744 0.2488 -0.0400
-3.6706 0.2326 -0.0400
-3.6768 0.2086 -0.0400
-3.6793 0.1866 -0.0400
-5.4764 -3.5022 -0.0400
-5.3781 -3.5041 -0.0400
-5.2876 -3.5170 -0.0400
-5.2305 -3.5915 -0.0400
-4.2859 -2.4319 -0.0400
-4.2253 -2.4427 -0.0400
-4.1858 -2.5087 -0.0400
-3.0503 -1.2250 -0.0400
-3.0150 -1.2034 -0.0400
-2.9806 -1.1810 -0.0400
-2.9468 -1.1763 -0.0400
-2.9131 -1.1743 -0.0400
-2.8790 -1.1805 -0.0400
-2.8446 -1.1880 -0.0400
-2.8080 -1.2197 -0.0400
-2.7706 -1.2467 -0.0400
-1.9880 -1.8474 -0.0400
-1.9556 -1.7973 -0.0400
-1.9156 -1.7685 -0.0400
-1.8687 -1.7564 -0.0400
-1.8114 -1.7664 -0.0400
-0.1215 -3.2142 -0.0400
-0.0394 -3.1814 -0.0400
0.0290 -3.1297 -0.0400
0.1352 -3.1250 -0.0400
1.6872 -0.7830 -0.0400
1.8168 -0.7335 -0.0400
1.8580 -0.6542 -0.0400
2.0849 -0.6250 -0.0400
-1.3791 1.6267 -0.0400
-1.3773 1.6642 -0.0400
-1.3747 1.7031 -0.0400
0.1427 3.0846 -0.0400
0.0435 3.0935 -0.0400
0.0160 3.1571 -0.0400
-1.5522 5.6091 -0.0400
-2.5222 4.8187 -0.0400
-2.5921 4.8411 -0.0400
-2.7322 4.9152 -0.0400
-2.8061 4.8931 -0.0400
-3.6720 5.8694 -0.0400
-3.7584 5.8367 -0.0400
-8.5044 -0.0534 -0.0400
-7.9188 -0.2372 -0.0400
-7.9641 -0.3376 -0.0400
-6.2489 -0.6000 -0.0400
-6.2311 -0.6601 -0.0400
-3.8325 0.3526 -0.0400
-3.7831 0.3573 -0.0400
-3.7579 0.3519 -0.0400
-3.7443 0.3413 -0.0400
-3.7274 0.3327 -0.0400
-3.7140 0.3226 -0.0400
-3.7030 0.3114 -0.0400
-3.6948 0.2987 -0.0400
-3.6876 0.2853 -0.0400
-3.6829 0.2703 -0.0400
-3.6778 0.2553 -0.0400
-3.6790 0.2357 -0.0400
-3.6772 0.2178 -0.0400
-3.6908 0.1877 -0.0400
-3.7119 0.1504 -0.0400
-5.4797 -3.5140 -0.0400
-5.3888 -3.5297 -0.0400
-5.2852 -3.5196 -0.0400
-4.2849 -2.4438 -0.0400
-4.2197 -2.4437 -0.0400
-4.1738 -2.4923 -0.0400
-3.0786 -1.2345 -0.0400
-3.0427 -1.2089 -0.0400
-3.0079 -1.1922 -0.0400
-2.9738 -1.1824 -0.0400
-2.9401 -1.1745 -0.0400
-2.9064 -1.1756 -0.0400
-2.8721 -1.1901 -0.0400
-2.8372 -1.2040 -0.0400
-2.8013 -1.2244 -0.0400
-1.9941 -1.8220 -0.0400
-1.9559 -1.7877 -0.0400
-1.9130 -1.7669 -0.0400
-1.8642 -1.7596 -0.0400
-1.8053 -1.7733 -0.0400
-0.1872 -3.2729 -0.0400
-0.1358 -3.1979 -0.0400
-0.0472 -3.1749 -0.0400
0.0386 -3.1463 -0.0400
0.1271 -3.1195 -0.0400
1.6674 -0.7856 -0.0400
1.8252 -0.7456 -0.0400
1.8405 -0.6587 -0.0400
2.0494 -0.6254 -0.0400
0.1396 3.0631 -0.0400
0.0582 3.0855 -0.0400
0.0306 3.1490 -0.0400
-1.4573 5.5752 -0.0400
-2.3598 4.8648 -0.0400
-2.4428 4.7880 -0.0400
-2.5115 4.8158 -0.0400
-2.6474 4.9230 -0.0400
-2.7222 4.8976 -0.0400
-3.5753 5.9186 -0.0400
-3.6656 5.9060 -0.0400
-3.8231 5.2787 -0.0400
-3.9003 5.2533 -0.0400
-8.5433 0.1419 -0.0400
-8.5230 0.0452 -0.0400
-7.9404 -0.1499 -0.0400
-6.2730 -0.5440 -0.0400
-6.2602 -0.6062 -0.0400
-3.8164 0.3733 -0.0400
-3.7758 0.3734 -0.0400
-3.7568 0.3648 -0.0400
-3.7414 0.3549 -0.0400
-3.7289 0.3440 -0.0400
-3.7182 0.3323 -0.0400
-3.7101 0.3193 -0.0400
-3.7027 0.3059 -0.0400
-3.6972 0.2915 -0.0400
-3.6947 0.2749 -0.0400
-3.6905 0.2592 -0.0400
-3.6936 0.2383 -0.0400
-3.7045 0.2113 -0.0400
-3.7150 0.1835 -0.0400
-5.6372 -3.4424 -0.0400
-5.5412 -3.4527 -0.0400
-5.4317 -3.4374 -0.0400
-5.3601 -3.4837 -0.0400
-4.4001 -2.4135 -0.0400
-4.3274 -2.3992 -0.0400
-4.2783 -2.4377 -0.0400
-3.1457 -1.2557 -0.0400
-3.1073 -1.2177 -0.0400
-3.0714 -1.1960 -0.0400
-3.0368 -1.1833 -0.0400
-3.0026 -1.1722 -0.0400
-2.9691 -1.1735 -0.0400
-2.9355 -1.1780 -0.0400
-2.9016 -1.1868 -0.0400
-2.8662 -1.2232 -0.0400
-2.8296 -1.2588 -0.0400
-2.0664 -1.9005 -0.0400
-2.0382 -1.8336 -0.0400
-1.9997 -1.7999 -0.0400
-1.9558 -1.7816 -0.0400
-1.9010 -1.7899 -0.0400
-1.8329 -1.8261 -0.0400
-0.2681 -3.3073 -0.0400
-0.2095 -3.2424 -0.0400
-0.1208 -3.2209 -0.0400
-0.0144 -3.2214 -0.0400
0.0638 -3.1815 -0.0400
1.6491 -0.8752 -0.0400
1.7783 -0.8283 -0.0400
1.8446 -0.7577 -0.0400
0.1935 3.0062 -0.0400
0.0962 3.0182 -0.0400
0.0610 3.0749 -0.0400
-2.4252 4.7955 -0.0400
-2.4966 4.7997 -0.0400
-2.5535 4.9629 -0.0400
-2.6329 4.8940 -0.0400
-2.7059 4.8942 -0.0400
-2.7767 4.9480 -0.0400
-3.5540 5.8863 -0.0400
-3.6424 5.8638 -0.0400
-3.8043 5.2658 -0.0400
-3.8845 5.2557 -0.0400
-8.5336 0.1466 -0.0400
-7.9846 -0.0647 -0.0400
-7.9437 -0.1483 -0.0400
-6.3246 -0.4982 -0.0400
-6.2724 -0.5457 -0.0400
-3.8258 0.3810 -0.0400
-3.7890 0.3785 -0.0400
-3.7668 0.3707 -0.0400
-3.7501 0.3609 -0.0400
-3.7365 0.3501 -0.0400
-3.7233 0.3394 -0.0400
-3.7147 0.3265 -0.0400
-3.7075 0.3129 -0.0400
-3.7018 0.2984 -0.0400
-3.6986 0.2823 -0.0400
-3.6939 0.2669 -0.0400
-3.6952 0.2474 -0.0400
-3.7014 0.2241 -0.0400
-3.7237 0.1886 -0.0400
-5.6442 -3.4588 -0.0400
-5.5383 -3.4538 -0.0400
-5.4319 -3.4440 -0.0400
-5.4050 -3.5686 -0.0400
-4.3232 -2.4035 -0.0400
-5.0100 -4.1959 -0.0400
-3.1371 -1.2436 -0.0400
-3.0993 -1.2101 -0.0400
-3.0637 -1.1905 -0.0400
-3.0290 -1.1728 -0.0400
-2.9954 -1.1720 -0.0400
-2.9619 -1.1748 -0.0400
-2.9283 -1.1820 -0.0400
-2.8939 -1.2142 -0.0400
-2.8584 -1.2449 -0.0400
-2.0758 -1.8590 -0.0400
-2.0400 -1.8163 -0.0400
-1.9969 -1.7960 -0.0400
-1.9509 -1.7836 -0.0400
-1.8971 -1.7896 -0.0400
-1.8223 -1.8419 -0.0400
-0.2797 -3.2916 -0.0400
-0.2085 -3.2459 -0.0400
-0.1232 -3.2199 -0.0400
-0.0180 -3.2193 -0.0400
0.0629 -3.1833 -0.0400
1.6408 -0.9711 -0.0400
1.6313 -0.8769 -0.0400
1.7821 -0.8379 -0.0400
1.8113 -0.7558 -0.0400
0.1048 3.0061 -0.0400
0.0866 3.0760 -0.0400
-2.3310 4.8294 -0.0400
-2.4098 4.7844 -0.0400
-2.4768 4.8278 -0.0400
-2.6152 4.9073 -0.0400
-2.6894 4.8919 -0.0400
-3.5357 5.8806 -0.0400
-3.6269 5.8791 -0.0400
-3.7911 5.2838 -0.0400
-3.8732 5.2810 -0.0400
-8.5428 0.1498 -0.0400
-7.9655 -0.0588 -0.0400
-7.9546 -0.1475 -0.0400
-6.3001 -0.4905 -0.0400
-6.2739 -0.5477 -0.0400
-3.8057 0.3833 -0.0400
-3.7765 0.3776 -0.0400
-3.7568 0.3688 -0.0400
-3.7418 0.3583 -0.0400
-3.7299 0.3466 -0.0400
-3.7200 0.3341 -0.0400
-3.7121 0.3207 -0.0400
-3.7054 0.3067 -0.0400
-3.7023 0.2905 -0.0400
-3.7004 0.2734 -0.0400
-3.7011 0.2543 -0.0400
-3.7059 0.2321 -0.0400
-3.7218 0.2018 -0.0400
-5.6394 -3.4564 -0.0400
-5.5028 -3.4024 -0.0400
-5.4237 -3.4363 -0.0400
-5.3815 -3.5338 -0.0400
-4.3743 -2.3837 -0.0400
-4.3190 -2.4074 -0.0400
-5.0025 -4.1847 -0.0400
-3.1290 -1.2379 -0.0400
-3.0898 -1.1855 -0.0400
-3.0553 -1.1761 -0.0400
-3.0215 -1.1720 -0.0400
-2.9880 -1.1720 -0.0400
-2.9546 -1.1765 -0.0400
-2.9210 -1.2011 -0.0400
-2.8865 -1.2255 -0.0400
-2.8505 -1.2679 -0.0400
-2.1034 -1.9161 -0.0400
-2.0768 -1.8416 -0.0400
-2.0359 -1.8146 -0.0400
-1.9928 -1.7947 -0.0400
-1.9419 -1.7951 -0.0400
-1.8759 -1.8308 -0.0400
-0.2819 -3.2893 -0.0400
-0.1917 -3.2717 -0.0400
-0.1160 -3.2317 -0.0400
-0.0178 -3.2214 -0.0400
0.0828 -3.2116 -0.0400
1.5995 -0.9628 -0.0400
1.6546 -0.8926 -0.0400
1.7714 -0.8420 -0.0400
1.8700 -0.7822 -0.0400
-2.3916 4.7942 -0.0400
-2.4633 4.7970 -0.0400
-2.5211 4.9468 -0.0400
-2.5996 4.8903 -0.0400
-2.6723 4.8978 -0.0400
-3.4371 5.9863 -0.0400
-3.5183 5.8850 -0.0400
-3.6100 5.8859 -0.0400
-3.7738 5.2821 -0.0400
-3.8525 5.2625 -0.0400
-3.9873 3.5672 -0.0400
-8.5660 0.2518 -0.0400
-8.5529 0.1535 -0.0400
-7.9651 -0.0554 -0.0400
-7.9838 -0.1494 -0.0400
-6.2968 -0.4900 -0.0400
-3.8286 0.3870 -0.0400
-3.7868 0.3855 -0.0400
-3.7636 0.3775 -0.0400
-3.7516 0.3652 -0.0400
-3.7371 0.3544 -0.0400
-3.7258 0.3423 -0.0400
-3.7174 0.3289 -0.0400
-3.7106 0.3148 -0.0400
-3.7055 0.2997 -0.0400
-3.7028 0.2830 -0.0400
-3.7017 0.2652 -0.0400
-3.7029 0.2456 -0.0400
-3.7186 0.2161 -0.0400
-5.6051 -3.4085 -0.0400
-5.4975 -3.3993 -0.0400
-5.4202 -3.4363 -0.0400
-5.3773 -3.5323 -0.0400
-4.3704 -2.3880 -0.0400
-5.0841 -4.1443 -0.0400
-3.1558 -1.2330 -0.0400
-3.1178 -1.2024 -0.0400
-3.0820 -1.1847 -0.0400
-3.0476 -1.1756 -0.0400
-3.0139 -1.1717 -0.0400
-2.9806 -1.1768 -0.0400
-2.9473 -1.1881 -0.0400
-2.9136 -1.2061 -0.0400
-2.8790 -1.2343 -0.0400
-2.8423 -1.2924 -0.0400
-2.1035 -1.8994 -0.0400
-2.0743 -1.8334 -0.0400
-2.0325 -1.8096 -0.0400
-1.9872 -1.7962 -0.0400
-1.9313 -1.8098 -0.0400
-1.8726 -1.8272 -0.0400
-0.3302 -3.3706 -0.0400
-0.2848 -3.2850 -0.0400
-0.1970 -3.2645 -0.0400
-0.1143 -3.2348 -0.0400
-0.0195 -3.2202 -0.0400
1.6100 -0.9734 -0.0400
1.6287 -0.8902 -0.0400
1.7872 -0.8545 -0.0400
2.0209 -0.8377 -0.0400
-2.5814 4.9075 -0.0400
-2.6557 4.8913 -0.0400
-3.5020 5.9002 -0.0400
-3.5912 5.8805 -0.0400
-3.7575 5.2866 -0.0400
-3.8368 5.2695 -0.0400
-3.9795 3.5850 -0.0400
-4.0128 3.5241 -0.0400
-4.0608 3.5030 -0.0400
-4.1162 3.4985 -0.0400
-8.5749 0.2566 -0.0400
-8.5559 0.1584 -0.0400
-8.0120 0.0326 -0.0400
-7.9691 -0.0520 -0.0400
-8.0235 -0.1524 -0.0400
-3.8642 0.3879 -0.0400
-3.8115 0.3889 -0.0400
-3.7774 0.3844 -0.0400
-3.7563 0.3754 -0.0400
-3.7451 0.3628 -0.0400
-3.7321 0.3511 -0.0400
-3.7229 0.3379 -0.0400
-3.7157 0.3238 -0.0400
-3.7098 0.3090 -0.0400
-3.7064 0.2927 -0.0400
-3.7058 0.2746 -0.0400
-3.7078 0.2547 -0.0400
-3.7138 0.2317 -0.0400
-3.7317 0.2004 -0.0400
-5.6827 -3.3733 -0.0400
-5.5914 -3.3921 -0.0400
-5.4914 -3.3946 -0.0400
-5.4196 -3.4406 -0.0400
-4.4200 -2.3640 -0.0400
-4.3633 -2.3850 -0.0400
-4.3360 -2.4719 -0.0400
-3.1483 -1.2346 -0.0400
-3.1079 -1.1819 -0.0400
-3.0733 -1.1732 -0.0400
-3.0395 -1.1699 -0.0400
-3.0061 -1.1715 -0.0400
-2.9729 -1.1777 -0.0400
-2.9397 -1.1895 -0.0400
-2.9060 -1.2089 -0.0400
-2.8700 -1.3183 -0.0400
-2.1440 -1.9137 -0.0400
-2.1094 -1.8625 -0.0400
-2.0699 -1.8303 -0.0400
-2.0283 -1.8061 -0.0400
-1.9817 -1.7966 -0.0400
-1.9217 -1.8211 -0.0400
-0.3341 -3.3638 -0.0400
-0.2847 -3.2845 -0.0400
-0.1984 -3.2622 -0.0400
-0.0918 -3.2668 -0.0400
-0.0118 -3.2312 -0.0400
1.6084 -1.0699 -0.0400
1.5906 -0.9721 -0.0400
1.7476 -0.9391 -0.0400
1.7677 -0.8544 -0.0400
1.9782 -0.8311 -0.0400
-3.4819 5.8849 -0.0400
-3.7420 5.2968 -0.0400
-3.8348 5.3451 -0.0400
-3.9604 3.5736 -0.0400
-4.0022 3.5348 -0.0400
-4.0512 3.5153 -0.0400
-4.1043 3.5052 -0.0400
-4.1662 3.5132 -0.0400
-8.0206 0.0361 -0.0400
-7.9722 -0.0480 -0.0400
-6.3492 -0.4410 -0.0400
-3.8126 0.4026 -0.0400
-3.7902 0.3929 -0.0400
-3.7730 0.3817 -0.0400
-3.7523 0.3725 -0.0400
-3.7415 0.3595 -0.0400
-3.7294 0.3473 -0.0400
-3.7214 0.3334 -0.0400
-3.7147 0.3188 -0.0400
-3.7108 0.3027 -0.0400
-3.7104 0.2846 -0.0400
-3.7074 0.2676 -0.0400
-3.7123 0.2457 -0.0400
-3.7257 0.2178 -0.0400
-5.6995 -3.4021 -0.0400
-5.5712 -3.3655 -0.0400
-5.4871 -3.3926 -0.0400
-4.4140 -2.3632 -0.0400
-4.3592 -2.3884 -0.0400
-5.0784 -4.1432 -0.0400
-3.1753 -1.2332 -0.0400
-3.1363 -1.2010 -0.0400
-3.1001 -1.1829 -0.0400
-3.0655 -1.1739 -0.0400
-3.0317 -1.1704 -0.0400
-2.9986 -1.1767 -0.0400
-2.9656 -1.1892 -0.0400
-2.9323 -1.2096 -0.0400
-2.8984 -1.2429 -0.0400
-2.1319 -1.9360 -0.0400
-2.1087 -1.8458 -0.0400
-2.0672 -1.8208 -0.0400
-2.0213 -1.8100 -0.0400
-1.9713 -1.8097 -0.0400
-1.9156 -1.8226 -0.0400
-0.3452 -3.3445 -0.0400
-0.2775 -3.2943 -0.0400
-0.1974 -3.2627 -0.0400
-0.0922 -3.2658 -0.0400
-0.0085 -3.2355 -0.0400
1.5877 -0.9764 -0.0400
1.7306 -0.9387 -0.0400
1.8068 -0.8737 -0.0400
1.2133 1.8522 -0.0400
1.0967 1.8959 -0.0400
1.0806 1.9671 -0.0400
1.0892 2.0467 -0.0400
-1.3710 5.5449 -0.0400
-3.3821 5.9873 -0.0400
-3.4641 5.8898 -0.0400
-3.6479 5.3314 -0.0400
-3.7235 5.2915 -0.0400
-3.8108 5.3137 -0.0400
-3.9656 3.6280 -0.0400
-3.9885 3.5384 -0.0400
-4.0366 3.5164 -0.0400
-4.0925 3.5129 -0.0400
-4.1475 3.5056 -0.0400
-8.5602 0.2704 -0.0400
-8.0695 0.0348 -0.0400
-8.0321 -0.0521 -0.0400
-6.3328 -0.4344 -0.0400
-3.8164 0.3978 -0.0400
-3.7787 0.3936 -0.0400
-3.7638 0.3815 -0.0400
-3.7464 0.3709 -0.0400
-3.7366 0.3574 -0.0400
-3.7279 0.3435 -0.0400
-3.7206 0.3290 -0.0400
-3.7144 0.3140 -0.0400
-3.7122 0.2968 -0.0400
-3.7143 0.2771 -0.0400
-3.7130 0.2588 -0.0400
-3.7239 0.2330 -0.0400
-5.6719 -3.3649 -0.0400
-5.5568 -3.3474 -0.0400
-5.4851 -3.3937 -0.0400
-5.4376 -3.4799 -0.0400
-4.4760 -2.3624 -0.0400
-4.4078 -2.3616 -0.0400
-4.3569 -2.3951 -0.0400
-3.1625 -1.1985 -0.0400
-3.1259 -1.1805 -0.0400
-3.0911 -1.1716 -0.0400
-3.0572 -1.1685 -0.0400
-3.0238 -1.1703 -0.0400
-2.9908 -1.1769 -0.0400
-2.9578 -1.1893 -0.0400
-2.9246 -1.2095 -0.0400
-2.8974 -4.2453 -0.0400
-2.1456 -1.8667 -0.0400
-2.1055 -1.8361 -0.0400
-2.0625 -1.8166 -0.0400
-2.0170 -1.8050 -0.0400
-1.9585 -1.8287 -0.0400
-1.8845 -1.8889 -0.0400
-0.3530 -3.3297 -0.0400
-0.2655 -3.3107 -0.0400
-0.1739 -3.2959 -0.0400
-0.0926 -3.2638 -0.0400
1.5548 -1.0583 -0.0400
1.6010 -0.9863 -0.0400
1.7258 -0.9421 -0.0400
1.7828 -0.8709 -0.0400
1.1354 1.8204 -0.0400
1.0983 1.8856 -0.0400
1.0858 1.9577 -0.0400
1.1040 2.0403 -0.0400
-1.0683 1.4349 -0.0400
-3.4463 5.8957 -0.0400
-3.7070 5.2976 -0.0400
-3.7892 5.2947 -0.0400
-3.9542 3.6391 -0.0400
-3.9755 3.5442 -0.0400
-4.0240 3.5232 -0.0400
-4.0785 3.5161 -0.0400
-4.1394 3.5219 -0.0400
-4.6681 3.7886 -0.0400
-4.7109 3.7396 -0.0400
-7.9936 0.0508 -0.0400
-8.0041 -0.0421 -0.0400
-3.8397 0.4056 -0.0400
-3.8046 0.3992 -0.0400
-3.7720 0.3930 -0.0400
-3.7583 0.3804 -0.0400
-3.7466 0.3673 -0.0400
-3.7340 0.3548 -0.0400
-3.7265 0.3402 -0.0400
-3.7211 0.3246 -0.0400
-3.7163 0.3087 -0.0400
-3.7128 0.2919 -0.0400
-3.7168 0.2709 -0.0400
-3.7169 0.2515 -0.0400
-3.7363 0.2204 -0.0400
-5.7661 -3.3509 -0.0400
-5.6430 -3.3257 -0.0400
-5.5540 -3.3466 -0.0400
-5.5007 -3.4221 -0.0400
-4.4613 -2.3439 -0.0400
-4.4034 -2.3632 -0.0400
-5.1608 -4.1081 -0.0400
-3.1949 -1.2328 -0.0400
-3.1549 -1.1999 -0.0400
-3.1182 -1.1817 -0.0400
-3.0833 -1.1727 -0.0400
-3.0493 -1.1681 -0.0400
-3.0163 -1.1750 -0.0400
-2.9836 -1.1877 -0.0400
-2.9507 -1.2080 -0.0400
-2.9175 -1.2409 -0.0400
-2.8833 -1.3242 -0.0400
-2.1790 -1.9013 -0.0400
-2.1418 -1.8581 -0.0400
-2.1007 -1.8313 -0.0400
-2.0569 -1.8146 -0.0400
-2.0032 -1.8270 -0.0400
-1.9439 -1.8520 -0.0400
-0.3488 -3.3336 -0.0400
-0.2641 -3.3104 -0.0400
-0.1770 -3.2890 -0.0400
-0.0829 -3.2758 -0.0400
1.5505 -1.0607 -0.0400
1.5971 -0.9890 -0.0400
1.7211 -0.9450 -0.0400
1.9686 -0.9397 -0.0400
3.0142 -0.4144 -0.0400
3.0186 -0.3085 -0.0400
1.1399 1.8117 -0.0400
1.1005 1.8761 -0.0400
1.0877 1.9479 -0.0400
-1.0727 1.4254 -0.0400
-1.1614 1.4259 -0.0400
-1.1865 1.4503 -0.0400
-1.2486 1.4577 -0.0400
-1.3346 5.5402 -0.0400
-2.2497 4.8020 -0.0400
-2.3262 4.7742 -0.0400
-2.3896 4.8471 -0.0400
-3.4276 5.8948 -0.0400
-3.6123 5.3309 -0.0400
-3.6896 5.3002 -0.0400
-3.7854 5.3651 -0.0400
-3.9210 3.5916 -0.0400
-3.9629 3.5521 -0.0400
-4.0111 3.5297 -0.0400
-4.0656 3.5225 -0.0400
-4.1282 3.5319 -0.0400
-4.7007 3.7507 -0.0400
-8.5720 0.2844 -0.0400
-8.0017 0.0562 -0.0400
-3.8300 0.4069 -0.0400
-3.7844 0.4041 -0.0400
-3.7685 0.3918 -0.0400
-3.7552 0.3789 -0.0400
-3.7442 0.3653 -0.0400
-3.7331 0.3520 -0.0400
-3.7263 0.3369 -0.0400
-3.7203 0.3214 -0.0400
-3.7195 0.3032 -0.0400
-3.7175 0.2854 -0.0400
-3.7264 0.2614 -0.0400
-3.7308 0.2393 -0.0400
-3.7440 0.2112 -0.0400
-5.7454 -3.3238 -0.0400
-5.6314 -3.3113 -0.0400
-5.5504 -3.3442 -0.0400
-5.5015 -3.4266 -0.0400
-4.4530 -2.3372 -0.0400
-4.4043 -2.3750 -0.0400
-5.1568 -4.1034 -0.0400
-3.1809 -1.1946 -0.0400
-3.1439 -1.1778 -0.0400
-3.1089 -1.1696 -0.0400
-3.0749 -1.1669 -0.0400
-3.0415 -1.1689 -0.0400
-3.0085 -1.1755 -0.0400
-2.9758 -1.1879 -0.0400
-2.9441 -1.2384 -0.0400
-2.9113 -1.3109 -0.0400
-2.1746 -1.8936 -0.0400
-2.1368 -1.8528 -0.0400
-2.0953 -1.8276 -0.0400
-2.0474 -1.8240 -0.0400
-1.9943 -1.8345 -0.0400
-1.9261 -1.8843 -0.0400
-0.4183 -3.3767 -0.0400
-0.3451 -3.3361 -0.0400
-0.2576 -3.3172 -0.0400
-0.1545 -3.3198 -0.0400
-0.0611 -3.3048 -0.0400
1.5481 -1.1538 -0.0400
1.5452 -1.0619 -0.0400
1.6031 -0.9950 -0.0400
1.7435 -0.9571 -0.0400
1.9672 -0.9437 -0.0400
2.9926 -0.4173 -0.0400
1.1507 1.8052 -0.0400
1.1038 1.8674 -0.0400
1.1239 1.9491 -0.0400
-1.1221 1.3991 -0.0400
-1.1594 1.4193 -0.0400
-1.1848 1.4434 -0.0400
-1.2491 1.4498 -0.0400
-1.2990 1.4606 -0.0400
-1.3182 1.4849 -0.0400
-1.3326 1.5114 -0.0400
-1.3203 5.5266 -0.0400
-2.3087 4.7788 -0.0400
-2.3795 4.7890 -0.0400
-2.4377 4.9235 -0.0400
-2.5151 4.8833 -0.0400
-2.5872 4.8990 -0.0400
-3.6727 5.3056 -0.0400
-3.7555 5.3051 -0.0400
-3.9124 3.6110 -0.0400
-3.9509 3.5617 -0.0400
-3.9977 3.5357 -0.0400
-4.0543 3.5332 -0.0400
-4.1130 3.5336 -0.0400
-4.6460 3.8092 -0.0400
-4.6869 3.7563 -0.0400
-8.5756 0.3930 -0.0400
-7.9959 0.0639 -0.0400
-3.8343 0.4229 -0.0400
-3.8034 0.4142 -0.0400
-3.7829 0.4029 -0.0400
-3.7670 0.3905 -0.0400
-3.7539 0.3773 -0.0400
-3.7402 0.3646 -0.0400
-3.7328 0.3496 -0.0400
-3.7265 0.3340 -0.0400
-3.7211 0.3180 -0.0400
-3.7228 0.2984 -0.0400
-3.7224 0.2795 -0.0400
-3.7238 0.2593 -0.0400
-3.7505 0.2243 -0.0400
-5.7343 -3.3098 -0.0400
-5.6320 -3.3142 -0.0400
-5.5467 -3.3410 -0.0400
-5.5228 -3.4625 -0.0400
-4.5093 -2.3225 -0.0400
-4.4493 -2.3389 -0.0400
-5.2399 -4.0633 -0.0400
-5.1614 -4.1165 -0.0400
-3.2125 -1.2193 -0.0400
-3.1729 -1.1924 -0.0400
-3.1362 -1.1773 -0.0400
-3.1012 -1.1700 -0.0400
-3.0671 -1.1664 -0.0400
-3.0342 -1.1738 -0.0400
-3.0016 -1.1866 -0.0400
-2.9691 -1.2067 -0.0400
-2.9364 -1.2382 -0.0400
-2.9036 -1.3056 -0.0400
-2.1687 -1.8909 -0.0400
-2.1342 -1.8383 -0.0400
-2.0892 -1.8260 -0.0400
-2.0407 -1.8244 -0.0400
-1.9863 -1.8387 -0.0400
-0.4160 -3.3761 -0.0400
-0.3285 -3.3588 -0.0400
-0.2555 -3.3167 -0.0400
-0.1550 -3.3157 -0.0400
1.5448 -1.0646 -0.0400
1.6932 -1.0330 -0.0400
1.7588 -0.9662 -0.0400
2.9902 -0.4234 -0.0400
3.0401 -0.3264 -0.0400
1.1898 1.7313 -0.0400
1.1287 1.7905 -0.0400
1.1053 1.8588 -0.0400
1.1126 1.9364 -0.0400
-1.1161 1.3948 -0.0400
-1.1542 1.4146 -0.0400
-1.1817 1.4378 -0.0400
-1.2706 1.4331 -0.0400
-1.2968 1.4543 -0.0400
-1.3160 1.4784 -0.0400
-1.3301 1.5048 -0.0400
-1.3309 1.5383 -0.0400
-1.3294 1.5736 -0.0400
-1.3075 1.6214 -0.0400
-2.2170 4.7946 -0.0400
-2.2933 4.7687 -0.0400
-2.3590 4.8191 -0.0400
-2.4972 4.8951 -0.0400
-2.5712 4.8854 -0.0400
-3.9132 3.6569 -0.0400
-3.9346 3.5608 -0.0400
-3.9862 3.5469 -0.0400
-4.0403 3.5382 -0.0400
-4.0956 3.5310 -0.0400
-4.6307 3.8129 -0.0400
-4.6745 3.7647 -0.0400
-4.7408 3.7538 -0.0400
-8.6063 0.4003 -0.0400
-8.5831 0.3008 -0.0400
-8.0191 0.1603 -0.0400
-8.0182 0.0686 -0.0400
-3.8396 0.4206 -0.0400
-3.8054 0.4127 -0.0400
-3.7838 0.4015 -0.0400
-3.7601 0.3917 -0.0400
-3.7493 0.3775 -0.0400
-3.7403 0.3628 -0.0400
-3.7330 0.3475 -0.0400
-3.7269 0.3316 -0.0400
-3.7265 0.3130 -0.0400
-3.7254 0.2945 -0.0400
-3.7264 0.2746 -0.0400
-3.7299 0.2529 -0.0400
-5.8203 -3.2808 -0.0400
-5.7112 -3.2786 -0.0400
-5.6162 -3.2927 -0.0400
-5.5586 -3.3606 -0.0400
-4.5017 -2.3162 -0.0400
-4.4463 -2.3412 -0.0400
-5.2375 -4.0607 -0.0400
-3.2490 -1.2611 -0.0400
-3.2034 -1.2103 -0.0400
-3.1646 -1.1877 -0.0400
-3.1268 -1.1650 -0.0400
-3.0928 -1.1641 -0.0400
-3.0595 -1.1676 -0.0400
-3.0267 -1.1755 -0.0400
-2.9941 -1.1885 -0.0400
-2.9634 -1.2386 -0.0400
-2.9317 -1.3065 -0.0400
-2.9717 -4.2427 -0.0400
-2.2076 -1.9040 -0.0400
-2.1697 -1.8614 -0.0400
-2.1280 -1.8365 -0.0400
-2.0830 -1.8240 -0.0400
-2.0344 -1.8229 -0.0400
-0.4154 -3.3722 -0.0400
-0.3275 -3.3558 -0.0400
-0.2355 -3.3437 -0.0400
-0.1262 -3.3553 -0.0400
1.5235 -1.1482 -0.0400
1.5647 -1.0751 -0.0400
1.6777 -1.0296 -0.0400
1.7218 -0.9554 -0.0400
2.9885 -0.4290 -0.0400
1.2418 1.7361 -0.0400
1.1391 1.7851 -0.0400
1.1041 1.8501 -0.0400
1.1862 1.9499 -0.0400
-1.1009 1.3946 -0.0400
-1.1462 1.4116 -0.0400
-1.2187 1.4158 -0.0400
-1.2656 1.4288 -0.0400
-1.2933 1.4492 -0.0400
-1.3134 1.4727 -0.0400
-1.3246 1.5004 -0.0400
-1.3285 1.5320 -0.0400
-1.3258 1.5677 -0.0400
-1.2932 1.6214 -0.0400
-2.2764 4.7700 -0.0400
-2.3463 4.7861 -0.0400
-2.4047 4.9151 -0.0400
-2.4817 4.8795 -0.0400
-2.5538 4.8920 -0.0400
-3.8837 3.6203 -0.0400
-3.9231 3.5728 -0.0400
-3.9708 3.5488 -0.0400
-4.0262 3.5431 -0.0400
-4.0969 3.5705 -0.0400
-4.6204 3.8256 -0.0400
-4.6618 3.7733 -0.0400
-4.7288 3.7632 -0.0400
-8.5775 0.4116 -0.0400
-8.0533 0.1649 -0.0400
-8.0023 0.0787 -0.0400
-3.8594 0.4340 -0.0400
-3.8161 0.4278 -0.0400
-3.7926 0.4166 -0.0400
-3.7753 0.4039 -0.0400
-3.7614 0.3904 -0.0400
-3.7502 0.3762 -0.0400
-3.7409 0.3614 -0.0400
-3.7343 0.3455 -0.0400
-3.7298 0.3287 -0.0400
-3.7275 0.3108 -0.0400
-3.7272 0.2916 -0.0400
-3.7291 0.2710 -0.0400
-3.7578 0.2356 -0.0400
-5.8166 -3.2759 -0.0400
-5.7072 -3.2734 -0.0400
-5.6142 -3.2906 -0.0400
-5.5691 -3.3774 -0.0400
-4.5658 -2.3125 -0.0400
-4.4993 -2.3187 -0.0400
-4.4478 -2.3515 -0.0400
-5.2366 -4.0604 -0.0400
-3.2354 -1.2297 -0.0400
-3.1939 -1.1984 -0.0400
-3.1538 -1.1674 -0.0400
-3.1192 -1.1639 -0.0400
-3.0854 -1.1647 -0.0400
-3.0522 -1.1692 -0.0400
-3.0205 -1.1891 -0.0400
-2.9883 -1.2109 -0.0400
-2.9562 -1.2441 -0.0400
-2.9250 -1.3222 -0.0400
-2.9683 -4.2308 -0.0400
-2.1998 -1.9084 -0.0400
-2.1664 -1.8475 -0.0400
-2.1216 -1.8346 -0.0400
-2.0734 -1.8333 -0.0400
-2.0192 -1.8493 -0.0400
-0.4721 -3.4358 -0.0400
-0.3944 -3.4024 -0.0400
-0.3198 -3.3634 -0.0400
-0.2207 -3.3623 -0.0400
-0.1450 -3.3227 -0.0400
1.5171 -1.1470 -0.0400
1.5578 -1.0741 -0.0400
1.6824 -1.0336 -0.0400
1.7693 -0.9754 -0.0400
3.0059 -0.5446 -0.0400
3.0136 -0.4395 -0.0400
1.1758 1.7124 -0.0400
1.1268 1.7742 -0.0400
1.1119 1.8444 -0.0400
1.1356 1.9265 -0.0400
-1.0629 1.3683 -0.0400
-1.1245 1.3802 -0.0400
-1.1601 1.4004 -0.0400
-1.1845 1.4244 -0.0400
-1.2575 1.4264 -0.0400
-1.2887 1.4452 -0.0400
-1.3130 1.4665 -0.0400
-1.3237 1.4942 -0.0400
-1.3281 1.5253 -0.0400
-1.3259 1.5605 -0.0400
0.2936 2.8248 -0.0400
0.2151 2.8505 -0.0400
0.1744 2.9013 -0.0400
-1.1867 5.4842 -0.0400
-1.2669 5.5221 -0.0400
-2.2605 4.7653 -0.0400
-2.4644 4.8850 -0.0400
-2.5378 4.8815 -0.0400
-3.2867 5.9661 -0.0400
-3.9072 3.5735 -0.0400
-3.9588 3.5594 -0.0400
-4.0132 3.5511 -0.0400
-4.0701 3.5474 -0.0400
-4.6494 3.7825 -0.0400
-8.5853 0.4214 -0.0400
-8.0159 0.1779 -0.0400
-8.0339 0.0835 -0.0400
-3.8254 0.4255 -0.0400
-3.7982 0.4150 -0.0400
-3.7698 0.4059 -0.0400
-3.7581 0.3915 -0.0400
-3.7483 0.3766 -0.0400
-3.7409 0.3609 -0.0400
-3.7348 0.3446 -0.0400
-3.7302 0.3276 -0.0400
-3.7278 0.3095 -0.0400
-3.7380 0.2850 -0.0400
-3.7447 0.2615 -0.0400
-3.7633 0.2309 -0.0400
-5.8090 -3.2651 -0.0400
-5.6945 -3.2555 -0.0400
-5.6161 -3.2935 -0.0400
-5.5734 -3.3840 -0.0400
-4.5544 -2.2981 -0.0400
-4.4945 -2.3160 -0.0400
-5.3214 -4.0206 -0.0400
-5.2515 -4.0908 -0.0400
-3.2676 -1.2437 -0.0400
-3.2233 -1.2048 -0.0400
-3.1812 -1.1684 -0.0400
-3.1460 -1.1638 -0.0400
-3.1118 -1.1628 -0.0400
-3.0782 -1.1655 -0.0400
-3.0460 -1.1786 -0.0400
-3.0137 -1.1947 -0.0400
-2.9816 -1.2183 -0.0400
-2.9495 -1.2551 -0.0400
-3.0519 -4.2206 -0.0400
-2.2378 -1.9261 -0.0400
-2.2010 -1.8750 -0.0400
-2.1597 -1.8470 -0.0400
-2.1153 -1.8322 -0.0400
-2.0676 -1.8294 -0.0400
-0.4799 -3.4159 -0.0400
-0.3932 -3.3988 -0.0400
-0.3131 -3.3689 -0.0400
-0.2200 -3.3584 -0.0400
1.5039 -1.2331 -0.0400
1.5034 -1.1422 -0.0400
1.5727 -1.0815 -0.0400
1.6821 -1.0351 -0.0400
1.7714 -0.9780 -0.0400
2.9788 -0.5434 -0.0400
3.0352 -0.4488 -0.0400
1.2122 1.7144 -0.0400
1.1356 1.7695 -0.0400
1.1314 1.8427 -0.0400
-1.1127 1.3799 -0.0400
-1.1517 1.3988 -0.0400
-1.2335 1.3987 -0.0400
-1.2705 1.4154 -0.0400
-1.2944 1.4371 -0.0400
-1.3116 1.4614 -0.0400
-1.3235 1.4883 -0.0400
-1.3293 1.5184 -0.0400
-1.2973 1.5695 -0.0400
0.3938 2.7996 -0.0400
0.2928 2.8126 -0.0400
0.2181 2.8406 -0.0400
0.1824 2.8946 -0.0400
-1.1636 5.4995 -0.0400
-2.1717 4.7664 -0.0400
-2.2448 4.7600 -0.0400
-2.3100 4.8120 -0.0400
-2.4490 4.8720 -0.0400
-2.5200 4.8979 -0.0400
-3.3571 5.9334 -0.0400
-3.8960 3.5869 -0.0400
-3.9429 3.5605 -0.0400
-3.9975 3.5531 -0.0400
-4.0683 3.5809 -0.0400
-4.5853 3.8274 -0.0400
-4.6390 3.7956 -0.0400
-8.6179 0.5323 -0.0400
-8.5879 0.4321 -0.0400
-8.0349 0.1853 -0.0400
-3.8461 0.4399 -0.0400
-3.8118 0.4308 -0.0400
-3.7901 0.4186 -0.0400
-3.7738 0.4052 -0.0400
-3.7609 0.3909 -0.0400
-3.7501 0.3761 -0.0400
-3.7421 0.3604 -0.0400
-3.7374 0.3433 -0.0400
-3.7350 0.3251 -0.0400
-3.7348 0.3057 -0.0400
-3.7374 0.2845 -0.0400
-3.7440 0.2609 -0.0400
-3.7621 0.2304 -0.0400
-5.9109 -3.2522 -0.0400
-5.8113 -3.2668 -0.0400
-5.6934 -3.2530 -0.0400
-5.6227 -3.3024 -0.0400
-4.5504 -2.2961 -0.0400
-4.4921 -2.3170 -0.0400
-5.3176 -4.0131 -0.0400
-3.2516 -1.2022 -0.0400
-3.2121 -1.1834 -0.0400
-3.1751 -1.1729 -0.0400
-3.1385 -1.1604 -0.0400
-3.1047 -1.1624 -0.0400
-3.0720 -1.1719 -0.0400
-3.0396 -1.1851 -0.0400
-3.0074 -1.2041 -0.0400
-2.9754 -1.2310 -0.0400
-3.1350 -4.2024 -0.0400
-3.0494 -4.2268 -0.0400
-2.2394 -1.8876 -0.0400
-2.1981 -1.8580 -0.0400
-2.1541 -1.8418 -0.0400
-2.1068 -1.8382 -0.0400
-2.0549 -1.8491 -0.0400
-1.9893 -1.9008 -0.0400
-0.5422 -3.4692 -0.0400
-0.4768 -3.4149 -0.0400
-0.3904 -3.3975 -0.0400
-0.3076 -3.3722 -0.0400
1.4964 -1.2301 -0.0400
1.4991 -1.1409 -0.0400
1.6368 -1.1089 -0.0400
1.6971 -1.0421 -0.0400
1.8993 -1.0273 -0.0400
2.9802 -0.6548 -0.0400
2.9606 -0.5436 -0.0400
2.9949 -0.4450 -0.0400
1.1683 1.6976 -0.0400
1.1264 1.7607 -0.0400
1.1170 1.8320 -0.0400
1.1532 1.9172 -0.0400
-1.0747 1.3555 -0.0400
-1.1284 1.3698 -0.0400
-1.1613 1.3906 -0.0400
-1.2113 1.4035 -0.0400
-1.2616 1.4146 -0.0400
-1.2897 1.4343 -0.0400
-1.3103 1.4570 -0.0400
-1.3178 1.4858 -0.0400
-1.3189 1.5182 -0.0400
-1.3087 1.5573 -0.0400
0.3029 2.8084 -0.0400
0.2235 2.8331 -0.0400
-2.1564 4.7610 -0.0400
-2.2292 4.7564 -0.0400
-2.2950 4.8024 -0.0400
-2.3578 4.8877 -0.0400
-2.4328 4.8702 -0.0400
-2.5045 4.8853 -0.0400
-3.2497 5.9671 -0.0400
-3.3353 5.9010 -0.0400
-3.5236 5.3367 -0.0400
-3.6036 5.3215 -0.0400
-3.9953 3.5741 -0.0400
-4.5333 3.8840 -0.0400
-4.5739 3.8285 -0.0400
-4.6500 3.8346 -0.0400
-8.5879 0.5410 -0.0400
-8.0881 0.3728 -0.0400
-8.0275 0.2850 -0.0400
-3.8113 0.4511 -0.0400
-3.7933 0.4375 -0.0400
-3.7793 0.4230 -0.0400
-3.7683 0.4079 -0.0400
-3.7595 0.3921 -0.0400
-3.7528 0.3756 -0.0400
-3.7476 0.3586 -0.0400
-3.7447 0.3405 -0.0400
-3.7541 0.3167 -0.0400
-3.7605 0.2937 -0.0400
-3.7765 0.2653 -0.0400
-5.9640 -3.1756 -0.0400
-5.8815 -3.2129 -0.0400
-5.7639 -3.2024 -0.0400
-5.7152 -3.2822 -0.0400
-4.5989 -2.2605 -0.0400
-4.5546 -2.3061 -0.0400
-5.4023 -3.9712 -0.0400
-3.3239 -1.2195 -0.0400
-3.2805 -1.1914 -0.0400
-3.2378 -1.1608 -0.0400
-3.2023 -1.1574 -0.0400
-3.1670 -1.1537 -0.0400
-3.1338 -1.1594 -0.0400
-3.1010 -1.1682 -0.0400
-3.0703 -1.1929 -0.0400
-3.0387 -1.2162 -0.0400
-3.0156 -1.3305 -0.0400
-3.2192 -4.1891 -0.0400
-3.1355 -4.2363 -0.0400
-2.3172 -1.9617 -0.0400
-2.2804 -1.9000 -0.0400
-2.2390 -1.8690 -0.0400
-2.1949 -1.8521 -0.0400
-2.1427 -1.8685 -0.0400
-2.0828 -1.9091 -0.0400
-0.6082 -3.5190 -0.0400
-0.5490 -3.4520 -0.0400
-0.4527 -3.4533 -0.0400
-0.3606 -3.4442 -0.0400
1.4341 -1.2921 -0.0400
1.4663 -1.2164 -0.0400
1.5969 -1.1837 -0.0400
1.6592 -1.1186 -0.0400
2.9575 -0.7589 -0.0400
2.9380 -0.6470 -0.0400
3.0448 -0.5649 -0.0400
1.1617 1.6190 -0.0400
1.1417 1.6874 -0.0400
1.1553 1.7643 -0.0400
-1.1091 1.3410 -0.0400
-1.1609 1.3552 -0.0400
-1.2301 1.3609 -0.0400
-1.2643 1.3789 -0.0400
-1.2859 1.4013 -0.0400
-1.3011 1.4262 -0.0400
-1.3111 1.4535 -0.0400
-1.3138 1.4846 -0.0400
0.3452 2.7510 -0.0400
0.2594 2.7725 -0.0400
0.2657 2.8550 -0.0400
-2.1487 4.7431 -0.0400
-2.2115 4.8043 -0.0400
-2.2753 4.8723 -0.0400
-2.3501 4.8588 -0.0400
-2.4217 4.8731 -0.0400
-3.1484 6.0140 -0.0400
-3.4360 5.3844 -0.0400
-3.5106 5.3296 -0.0400
-3.5962 5.3481 -0.0400
-4.5085 3.8719 -0.0400
-4.5642 3.8436 -0.0400
-8.0287 0.2955 -0.0400
-3.8530 0.4614 -0.0400
-3.8208 0.4507 -0.0400
-3.8000 0.4375 -0.0400
-3.7842 0.4233 -0.0400
-3.7676 0.4098 -0.0400
-3.7604 0.3932 -0.0400
-3.7549 0.3761 -0.0400
-3.7510 0.3583 -0.0400
-3.7500 0.3391 -0.0400
-3.7516 0.3186 -0.0400
-3.7567 0.2960 -0.0400
-3.7685 0.2696 -0.0400
-5.9659 -3.1749 -0.0400
-5.8856 -3.2154 -0.0400
-5.7666 -3.2035 -0.0400
-5.7419 -3.3166 -0.0400
-4.6809 -2.2790 -0.0400
-4.5978 -2.2617 -0.0400
-4.5644 -2.3265 -0.0400
-5.4083 -3.9801 -0.0400
-3.3116 -1.1958 -0.0400
-3.2714 -1.1795 -0.0400
-3.2308 -1.1576 -0.0400
-3.1945 -1.1509 -0.0400
-3.1608 -1.1548 -0.0400
-3.1281 -1.1646 -0.0400
-3.0958 -1.1771 -0.0400
-3.0661 -1.2108 -0.0400
-3.0350 -1.2416 -0.0400
-3.0055 -1.2963 -0.0400
-3.2171 -4.1927 -0.0400
-2.3200 -1.9094 -0.0400
-2.2781 -1.8781 -0.0400
-2.2339 -1.8613 -0.0400
-2.1873 -1.8556 -0.0400
-2.1371 -1.8636 -0.0400
-2.0796 -1.8960 -0.0400
-0.6204 -3.4879 -0.0400
-0.5291 -3.4820 -0.0400
-0.4522 -3.4475 -0.0400
-0.3570 -3.4440 -0.0400
-0.2631 -3.4353 -0.0400
1.4302 -1.2897 -0.0400
1.5001 -1.2315 -0.0400
1.5976 -1.1840 -0.0400
1.6941 -1.1333 -0.0400
2.9324 -0.7554 -0.0400
2.9396 -0.6506 -0.0400
3.1942 1.0977 -0.0400
1.2627 1.5621 -0.0400
1.1707 1.6161 -0.0400
1.1390 1.6816 -0.0400
1.1381 1.7544 -0.0400
-1.0797 1.3149 -0.0400
-1.1254 1.3323 -0.0400
-1.1555 1.3541 -0.0400
-1.2114 1.3651 -0.0400
-1.2559 1.3790 -0.0400
-1.2890 1.3964 -0.0400
-1.3001 1.4229 -0.0400
-1.3054 1.4522 -0.0400
-1.3037 1.4853 -0.0400
-1.2865 1.5271 -0.0400
0.3946 2.6952 -0.0400
0.3081 2.7178 -0.0400
0.2612 2.7639 -0.0400
0.2508 2.8345 -0.0400
-2.0593 4.7517 -0.0400
-2.1340 4.7370 -0.0400
-2.3347 4.8543 -0.0400
-2.4055 4.8745 -0.0400
-3.1256 5.9434 -0.0400
-3.2150 5.9170 -0.0400
-3.4135 5.3483 -0.0400
-3.4941 5.3372 -0.0400
-4.5129 3.9134 -0.0400
-4.5464 3.8446 -0.0400
-4.6190 3.8450 -0.0400
-8.5875 0.6670 -0.0400
-8.0531 0.3046 -0.0400
-3.8376 0.4686 -0.0400
-3.8132 0.4558 -0.0400
-3.7956 0.4416 -0.0400
-3.7819 0.4265 -0.0400
-3.7710 0.4109 -0.0400
-3.7624 0.3946 -0.0400
-3.7558 0.3777 -0.0400
-3.7557 0.3581 -0.0400
-3.7563 0.3380 -0.0400
-3.7602 0.3161 -0.0400
-3.7690 0.2915 -0.0400
-3.7947 0.2580 -0.0400
-5.9580 -3.1613 -0.0400
-5.8513 -3.1679 -0.0400
-5.7709 -3.2060 -0.0400
-4.6604 -2.2481 -0.0400
-4.6001 -2.2678 -0.0400
-5.4908 -3.9309 -0.0400
-5.4119 -3.9837 -0.0400
-3.3499 -1.2215 -0.0400
-3.3056 -1.1947 -0.0400
-3.2618 -1.1644 -0.0400
-3.2236 -1.1524 -0.0400
-3.1883 -1.1505 -0.0400
-3.1549 -1.1563 -0.0400
-3.1225 -1.1682 -0.0400
-3.0921 -1.1940 -0.0400
-3.0605 -1.2165 -0.0400
-3.0357 -1.2991 -0.0400
-3.3085 -4.2519 -0.0400
-3.2184 -4.2314 -0.0400
-2.3519 -1.9683 -0.0400
-2.3138 -1.9078 -0.0400
-2.2717 -1.8769 -0.0400
-2.2274 -1.8601 -0.0400
-2.1769 -1.8715 -0.0400
-2.1209 -1.9012 -0.0400
-0.6165 -3.4878 -0.0400
-0.5258 -3.4807 -0.0400
-0.4254 -3.4885 -0.0400
-0.3446 -3.4588 -0.0400
1.4247 -1.2861 -0.0400
1.4993 -1.2304 -0.0400
1.5998 -1.1844 -0.0400
1.7071 -1.1385 -0.0400
2.9066 -0.7512 -0.0400
2.9613 -0.6585 -0.0400
3.1935 1.0921 -0.0400
1.1954 1.5443 -0.0400
1.1562 1.6085 -0.0400
1.1469 1.6788 -0.0400
1.1755 1.7592 -0.0400
-1.1053 1.3043 -0.0400
-1.1404 1.3248 -0.0400
-1.1634 1.3488 -0.0400
-1.2350 1.3533 -0.0400
-1.2659 1.3721 -0.0400
-1.2863 1.3946 -0.0400
-1.3004 1.4196 -0.0400
-1.3092 1.4470 -0.0400
-1.2900 1.4884 -0.0400
0.4358 2.7117 -0.0400
0.3296 2.7226 -0.0400
0.2773 2.7654 -0.0400
-2.0426 4.7584 -0.0400
-2.1187 4.7366 -0.0400
-2.1819 4.7923 -0.0400
-2.2433 4.8745 -0.0400
-2.3189 4.8545 -0.0400
-2.3886 4.8851 -0.0400
-3.1090 5.9662 -0.0400
-3.1964 5.9104 -0.0400
-3.3984 5.3667 -0.0400
-3.4758 5.3329 -0.0400
-3.5631 5.3628 -0.0400
-3.7708 3.6772 -0.0400
-8.5923 0.6801 -0.0400
-8.0373 0.4102 -0.0400
-8.0529 0.3163 -0.0400
-3.8520 0.4685 -0.0400
-3.8226 0.4566 -0.0400
-3.8024 0.4428 -0.0400
-3.7806 0.4300 -0.0400
-3.7709 0.4138 -0.0400
-3.7639 0.3968 -0.0400
-3.7585 0.3792 -0.0400
-3.7548 0.3609 -0.0400
-3.7543 0.3410 -0.0400
-3.7564 0.3198 -0.0400
-3.7863 0.2854 -0.0400
-5.9684 -3.1694 -0.0400
-5.8458 -3.1567 -0.0400
-5.7786 -3.2120 -0.0400
-4.6576 -2.2445 -0.0400
-4.6040 -2.2755 -0.0400
-5.4936 -3.9316 -0.0400
-5.4300 -4.0122 -0.0400
-3.3370 -1.1949 -0.0400
-3.2920 -1.1640 -0.0400
-3.2530 -1.1513 -0.0400
-3.2168 -1.1474 -0.0400
-3.1829 -1.1519 -0.0400
-3.1496 -1.1591 -0.0400
-3.1179 -1.1756 -0.0400
-3.0880 -1.2054 -0.0400
-3.0565 -1.2306 -0.0400
-3.2992 -4.1795 -0.0400
-3.2161 -4.2254 -0.0400
-2.3478 -1.9548 -0.0400
-2.3082 -1.9030 -0.0400
-2.2669 -1.8681 -0.0400
-2.2202 -1.8633 -0.0400
-2.1705 -1.8707 -0.0400
-2.1148 -1.8994 -0.0400
-0.6841 -3.5309 -0.0400
-0.6075 -3.4977 -0.0400
-0.5248 -3.4752 -0.0400
-0.4163 -3.4981 -0.0400
-0.3479 -3.4464 -0.0400
1.4061 -1.3668 -0.0400
1.4354 -1.2898 -0.0400
1.5636 -1.2590 -0.0400
1.6087 -1.1874 -0.0400
1.8395 -1.1937 -0.0400
2.9018 -0.7520 -0.0400
2.9603 -0.6606 -0.0400
3.1973 0.9825 -0.0400
3.2090 1.0879 -0.0400
1.2036 1.5423 -0.0400
1.1582 1.6051 -0.0400
1.1428 1.6739 -0.0400
-1.0973 1.3054 -0.0400
-1.1341 1.3253 -0.0400
-1.1596 1.3484 -0.0400
-1.2497 1.3457 -0.0400
-1.2731 1.3670 -0.0400
-1.2892 1.3910 -0.0400
-1.2996 1.4174 -0.0400
-1.3036 1.4468 -0.0400
-1.3005 1.4801 -0.0400
-1.2780 1.5242 -0.0400
0.3912 2.6766 -0.0400
0.3077 2.7006 -0.0400
0.2713 2.7530 -0.0400
-2.2275 4.8777 -0.0400
-2.3043 4.8470 -0.0400
-2.3749 4.8662 -0.0400
-3.0911 5.9652 -0.0400
-3.3834 5.3844 -0.0400
-3.4613 5.3524 -0.0400
-3.7917 3.6200 -0.0400
-3.8415 3.6013 -0.0400
-3.8977 3.5987 -0.0400
-8.0358 0.4227 -0.0400
-8.0651 0.3276 -0.0400
-3.8375 0.4766 -0.0400
-3.8150 0.4628 -0.0400
-3.7983 0.4479 -0.0400
-3.7852 0.4323 -0.0400
-3.7744 0.4162 -0.0400
-3.7661 0.3993 -0.0400
-3.7619 0.3811 -0.0400
-3.7600 0.3618 -0.0400
-3.7610 0.3411 -0.0400
-3.7653 0.3186 -0.0400
-3.7752 0.2930 -0.0400
-3.8091 0.2551 -0.0400
-5.9687 -3.1644 -0.0400
-5.8489 -3.1554 -0.0400
-5.7936 -3.2268 -0.0400
-4.7136 -2.2167 -0.0400
-4.6514 -2.2345 -0.0400
-4.6047 -2.2769 -0.0400
-5.4978 -3.9339 -0.0400
-3.3298 -1.1867 -0.0400
-3.2867 -1.1628 -0.0400
-3.2466 -1.1463 -0.0400
-3.2114 -1.1465 -0.0400
-3.1777 -1.1528 -0.0400
-3.1455 -1.1663 -0.0400
-3.1148 -1.1893 -0.0400
-3.0828 -1.2084 -0.0400
-3.0550 -1.2599 -0.0400
-3.2983 -4.1842 -0.0400
-3.2170 -4.2511 -0.0400
-2.3446 -1.9365 -0.0400
-2.3060 -1.8799 -0.0400
-2.2608 -1.8669 -0.0400
-2.2136 -1.8640 -0.0400
-2.1635 -1.8730 -0.0400
-0.6841 -3.5229 -0.0400
-0.5965 -3.5114 -0.0400
-0.5085 -3.4986 -0.0400
-0.4220 -3.4807 -0.0400
1.3955 -1.3595 -0.0400
1.4719 -1.3058 -0.0400
1.5653 -1.2583 -0.0400
1.6542 -1.2063 -0.0400
2.8983 -0.8594 -0.0400
2.8991 -0.7529 -0.0400
1.2047 1.5395 -0.0400
1.1565 1.6016 -0.0400
1.1674 1.6762 -0.0400
-1.0783 1.2783 -0.0400
-1.1188 1.2975 -0.0400
-1.1470 1.3198 -0.0400
-1.1986 1.3328 -0.0400
-1.2441 1.3466 -0.0400
-1.2702 1.3667 -0.0400
-1.2885 1.3897 -0.0400
-1.2959 1.4172 -0.0400
-1.2958 1.4484 -0.0400
-1.2844 1.4857 -0.0400
0.4183 2.6858 -0.0400
0.3045 2.6911 -0.0400
0.2924 2.7591 -0.0400
-3.0721 5.9415 -0.0400
-3.3611 5.3453 -0.0400
-3.4432 5.3472 -0.0400
-3.7471 3.7028 -0.0400
-3.7806 3.6344 -0.0400
-3.8262 3.6037 -0.0400
-3.8795 3.5941 -0.0400
-3.9451 3.6132 -0.0400
-6.4270 -0.1886 -0.0400
-3.8394 0.4623 -0.0400
-3.8142 0.4492 -0.0400
-3.7957 0.4348 -0.0400
-3.7754 0.4214 -0.0400
-3.7660 0.4048 -0.0400
-3.7589 0.3873 -0.0400
-3.7533 0.3694 -0.0400
-3.7496 0.3505 -0.0400
-3.7490 0.3302 -0.0400
-3.7654 0.3018 -0.0400
-3.7827 0.2719 -0.0400
-5.8654 -3.1682 -0.0400
-5.7832 -3.2051 -0.0400
-5.7358 -3.2882 -0.0400
-4.6849 -2.2861 -0.0400
-4.6006 -2.2691 -0.0400
-4.5723 -2.3437 -0.0400
-5.4362 -4.0103 -0.0400
-3.3332 -1.2180 -0.0400
-3.2837 -1.1739 -0.0400
-3.2431 -1.1572 -0.0400
-3.2062 -1.1516 -0.0400
-3.1712 -1.1529 -0.0400
-3.1375 -1.1596 -0.0400
-3.1060 -1.1783 -0.0400
-3.0751 -1.2036 -0.0400
-3.0458 -1.2444 -0.0400
-3.2976 -4.1899 -0.0400
-3.2098 -4.1872 -0.0400
-2.3326 -1.9637 -0.0400
-2.2972 -1.8844 -0.0400
-2.2529 -1.8658 -0.0400
-2.2070 -1.8563 -0.0400
-2.1592 -1.8554 -0.0400
-2.0948 -1.9205 -0.0400
-0.6068 -3.4809 -0.0400
-0.5157 -3.4751 -0.0400
-0.4386 -3.4412 -0.0400
-0.3164 -3.4854 -0.0400
1.4350 -1.3766 -0.0400
1.4336 -1.2842 -0.0400
1.5745 -1.2600 -0.0400
1.6053 -1.1822 -0.0400
1.8300 -1.1871 -0.0400
2.9327 -0.7634 -0.0400
2.9270 -0.6558 -0.0400
3.1794 1.0766 -0.0400
1.1603 1.5990 -0.0400
1.1445 1.6672 -0.0400
1.1540 1.7418 -0.0400
-1.0807 1.3097 -0.0400
-1.1231 1.3277 -0.0400
-1.1529 1.3489 -0.0400
-1.2369 1.3485 -0.0400
-1.2648 1.3679 -0.0400
-1.2843 1.3902 -0.0400
-1.2981 1.4146 -0.0400
-1.3073 1.4412 -0.0400
-1.3097 1.4711 -0.0400
-1.3047 1.5052 -0.0400
0.3598 2.7170 -0.0400
0.2790 2.7411 -0.0400
0.2484 2.7969 -0.0400
-3.1380 5.9146 -0.0400
-3.2292 5.9189 -0.0400
-3.4189 5.3362 -0.0400
-3.5011 5.3378 -0.0400
-3.8089 3.6150 -0.0400
-3.8578 3.5938 -0.0400
-3.9144 3.5919 -0.0400
-3.9671 3.5789 -0.0400
-6.4489 -0.1191 -0.0400
-3.8559 0.4821 -0.0400
-3.8289 0.4688 -0.0400
-3.8000 0.4569 -0.0400
-3.7881 0.4405 -0.0400
-3.7780 0.4238 -0.0400
-3.7704 0.4063 -0.0400
-3.7670 0.3873 -0.0400
-3.7655 0.3674 -0.0400
-3.7669 0.3461 -0.0400
-3.7716 0.3230 -0.0400
-3.7824 0.2966 -0.0400
-6.0471 -3.1060 -0.0400
-5.9421 -3.1185 -0.0400
-5.8589 -3.1553 -0.0400
-5.8153 -3.2425 -0.0400
-4.7225 -2.2266 -0.0400
-4.6617 -2.2480 -0.0400
-5.5975 -3.9017 -0.0400
-5.5084 -3.9390 -0.0400
-3.3630 -1.2001 -0.0400
-3.3137 -1.1601 -0.0400
-3.2735 -1.1466 -0.0400
-3.2369 -1.1437 -0.0400
-3.2025 -1.1485 -0.0400
-3.1698 -1.1601 -0.0400
-3.1384 -1.1792 -0.0400
-3.1080 -1.2065 -0.0400
-3.0792 -1.2479 -0.0400
-3.3826 -4.1699 -0.0400
-3.3017 -4.2310 -0.0400
-2.4218 -2.0019 -0.0400
-2.3820 -1.9322 -0.0400
-2.3388 -1.8990 -0.0400
-2.2952 -1.8736 -0.0400
-2.2482 -1.8698 -0.0400
-2.1929 -1.9052 -0.0400
-0.7543 -3.5531 -0.0400
-0.6602 -3.5565 -0.0400
-0.5882 -3.5125 -0.0400
-0.4882 -3.5224 -0.0400
-0.4074 -3.4932 -0.0400
1.2505 -3.7017 -0.0400
1.3624 -1.4293 -0.0400
1.4015 -1.3576 -0.0400
1.5412 -1.3353 -0.0400
1.6005 -1.2707 -0.0400
1.8021 -1.2689 -0.0400
2.8702 -0.8530 -0.0400
2.9056 -0.7566 -0.0400
3.1769 0.9703 -0.0400
1.2535 1.4721 -0.0400
1.1676 1.5278 -0.0400
1.1588 1.5973 -0.0400
1.1749 1.6728 -0.0400
-1.0790 1.2784 -0.0400
-1.1379 1.2914 -0.0400
-1.1704 1.3115 -0.0400
-1.2287 1.3214 -0.0400
-1.2575 1.3406 -0.0400
-1.2770 1.3629 -0.0400
-1.2902 1.3875 -0.0400
-1.2932 1.4165 -0.0400
-1.2901 1.4487 -0.0400
-1.2709 1.4894 -0.0400
0.4392 2.6107 -0.0400
0.3534 2.6343 -0.0400
0.3091 2.6813 -0.0400
0.3072 2.7553 -0.0400
-2.9489 5.9936 -0.0400
-3.0371 5.9308 -0.0400
-3.3296 5.3616 -0.0400
-3.4105 5.3552 -0.0400
-3.7144 3.6997 -0.0400
-3.7514 3.6417 -0.0400
-3.7975 3.6128 -0.0400
-3.8506 3.6029 -0.0400
-3.9138 3.6170 -0.0400
-4.4390 3.9123 -0.0400
-4.4939 3.8823 -0.0400
-6.4459 -0.1081 -0.0400
-3.8612 0.4867 -0.0400
-3.8194 0.4772 -0.0400
-3.8042 0.4613 -0.0400
-3.7918 0.4448 -0.0400
-3.7814 0.4279 -0.0400
-3.7731 0.4104 -0.0400
-3.7684 0.3917 -0.0400
-3.7659 0.3721 -0.0400
-3.7659 0.3512 -0.0400
-3.7846 0.3219 -0.0400
-3.8059 0.2903 -0.0400
-6.0571 -3.1096 -0.0400
-5.9564 -3.1279 -0.0400
-5.8855 -3.1810 -0.0400
-4.7091 -2.2032 -0.0400
-4.6684 -2.2556 -0.0400
-5.5973 -3.8931 -0.0400
-5.5199 -3.9506 -0.0400
-3.3999 -1.2062 -0.0400
-3.3526 -1.1776 -0.0400
-3.3068 -1.1488 -0.0400
-3.2680 -1.1402 -0.0400
-3.2332 -1.1444 -0.0400
-3.1990 -1.1506 -0.0400
-3.1668 -1.1654 -0.0400
-3.1362 -1.1897 -0.0400
-3.1074 -1.2269 -0.0400
-3.0836 -1.3013 -0.0400
-3.3823 -4.1691 -0.0400
-3.3007 -4.2235 -0.0400
-2.4181 -1.9900 -0.0400
-2.3802 -1.9060 -0.0400
-2.3353 -1.8860 -0.0400
-2.2893 -1.8759 -0.0400
-2.2409 -1.8786 -0.0400
-2.1898 -1.8923 -0.0400
-0.7509 -3.5526 -0.0400
-0.6644 -3.5403 -0.0400
-0.5867 -3.5081 -0.0400
-0.4841 -3.5232 -0.0400
1.2532 -3.7022 -0.0400
1.3795 -1.4354 -0.0400
1.4335 -1.3712 -0.0400
1.5361 -1.3302 -0.0400
1.7599 -1.3433 -0.0400
2.8784 -0.9628 -0.0400
2.8720 -0.8538 -0.0400
2.9507 -0.7692 -0.0400
3.2015 0.8643 -0.0400
3.1756 0.9675 -0.0400
1.2119 1.4635 -0.0400
1.1718 1.5273 -0.0400
1.1666 1.5974 -0.0400
1.1989 1.6765 -0.0400
-1.1161 1.2682 -0.0400
-1.1413 1.2913 -0.0400
-1.1835 1.3079 -0.0400
-1.2320 1.3209 -0.0400
-1.2681 1.3371 -0.0400
-1.2820 1.3612 -0.0400
-1.2917 1.3870 -0.0400
-1.2956 1.4154 -0.0400
-1.2941 1.4466 -0.0400
0.4728 2.6251 -0.0400
0.3734 2.6412 -0.0400
0.3097 2.6763 -0.0400
-3.3113 5.3464 -0.0400
-3.3915 5.3380 -0.0400
-3.7087 3.7297 -0.0400
-3.7397 3.6533 -0.0400
-3.7842 3.6197 -0.0400
-3.8409 3.6191 -0.0400
-3.8943 3.6086 -0.0400
-4.4435 3.9544 -0.0400
-4.4762 3.8835 -0.0400
-4.5457 3.8790 -0.0400
-3.8223 0.4827 -0.0400
-3.8073 0.4665 -0.0400
-3.7950 0.4498 -0.0400
-3.7823 0.4335 -0.0400
-3.7758 0.4152 -0.0400
-3.7706 0.3965 -0.0400
-3.7671 0.3770 -0.0400
-3.7756 0.3524 -0.0400
-3.7816 0.3283 -0.0400
-3.7956 0.3000 -0.0400
-6.1460 -3.0659 -0.0400
-6.0581 -3.1017 -0.0400
-5.9401 -3.0995 -0.0400
-5.8816 -3.1674 -0.0400
-4.7792 -2.1904 -0.0400
-4.7119 -2.2032 -0.0400
-4.6717 -2.2567 -0.0400
-5.6024 -3.8923 -0.0400
-3.3936 -1.1952 -0.0400
-3.3475 -1.1703 -0.0400
-3.3025 -1.1445 -0.0400
-3.2643 -1.1385 -0.0400
-3.2298 -1.1443 -0.0400
-3.1964 -1.1546 -0.0400
-3.1655 -1.1758 -0.0400
-3.1335 -1.1945 -0.0400
-3.1059 -1.2395 -0.0400
-3.4809 -4.2356 -0.0400
-3.3837 -4.1775 -0.0400
-2.4166 -1.9609 -0.0400
-2.3758 -1.9007 -0.0400
-2.3311 -1.8800 -0.0400
-2.2840 -1.8759 -0.0400
-2.2316 -1.8995 -0.0400
-2.1760 -1.9332 -0.0400
-0.7484 -3.5505 -0.0400
-0.6600 -3.5420 -0.0400
-0.5571 -3.5601 -0.0400
-0.4837 -3.5170 -0.0400
1.3677 -1.4258 -0.0400
1.5081 -1.4065 -0.0400
1.5422 -1.3303 -0.0400
1.6318 -1.2803 -0.0400
2.8620 -0.9576 -0.0400
2.8691 -0.8529 -0.0400
3.1950 0.8619 -0.0400
1.1857 1.4583 -0.0400
1.1647 1.5251 -0.0400
1.1897 1.6012 -0.0400
-1.0608 1.2549 -0.0400
-1.1272 1.2665 -0.0400
-1.1469 1.2910 -0.0400
-1.2014 1.3032 -0.0400
-1.2533 1.3145 -0.0400
-1.2705 1.3374 -0.0400
-1.2836 1.3616 -0.0400
-1.2930 1.3873 -0.0400
-1.2844 1.4209 -0.0400
-1.2728 1.4568 -0.0400
0.4264 2.5941 -0.0400
0.3474 2.6212 -0.0400
0.3149 2.6749 -0.0400
-3.2955 5.3487 -0.0400
-3.3786 5.3613 -0.0400
-3.7205 3.6424 -0.0400
-3.7697 3.6227 -0.0400
-3.8248 3.6184 -0.0400
-3.8780 3.6080 -0.0400
-4.4114 3.9282 -0.0400
-4.4645 3.8952 -0.0400
-3.7851 0.4389 -0.0400
-3.7786 0.4205 -0.0400
-3.7732 0.4016 -0.0400
-3.7753 0.3798 -0.0400
-3.7766 0.3579 -0.0400
-3.7811 0.3343 -0.0400
-3.7915 0.3075 -0.0400
-6.0629 -3.0974 -0.0400
-5.9462 -3.0971 -0.0400
-4.7937 -2.2059 -0.0400
-4.7154 -2.2034 -0.0400
-5.6927 -3.8451 -0.0400
-5.6134 -3.8999 -0.0400
-3.3805 -1.1626 -0.0400
-3.3385 -1.1495 -0.0400
-3.3001 -1.1452 -0.0400
-3.2617 -1.1390 -0.0400
-3.2272 -1.1457 -0.0400
-3.1943 -1.1585 -0.0400
-3.1644 -1.1851 -0.0400
-3.1330 -1.2083 -0.0400
-3.1092 -1.2754 -0.0400
-3.4815 -4.2338 -0.0400
-3.3859 -4.1889 -0.0400
-2.4156 -1.9301 -0.0400
-2.3721 -1.8928 -0.0400
-2.3261 -1.8806 -0.0400
-2.2785 -1.8791 -0.0400
-2.2251 -1.9076 -0.0400
-0.7326 -3.5779 -0.0400
-0.6574 -3.5405 -0.0400
-0.5523 -3.5631 -0.0400
-0.4814 -3.5149 -0.0400
1.3291 -1.4939 -0.0400
1.3761 -1.4268 -0.0400
1.5066 -1.4025 -0.0400
1.5521 -1.3320 -0.0400
2.8668 -0.9587 -0.0400
2.8905 -0.8588 -0.0400
3.1710 0.8599 -0.0400
1.2729 1.4013 -0.0400
1.1819 1.4575 -0.0400
1.1637 1.5246 -0.0400
1.1871 1.6002 -0.0400
-1.0435 1.2305 -0.0400
-1.0928 1.2481 -0.0400
-1.1223 1.2702 -0.0400
-1.1643 1.2875 -0.0400
-1.2200 1.2989 -0.0400
-1.2594 1.3143 -0.0400
-1.2742 1.3377 -0.0400
-1.2852 1.3625 -0.0400
-1.2859 1.3916 -0.0400
-1.2837 1.4224 -0.0400
-1.2713 1.4585 -0.0400
0.4331 2.5944 -0.0400
0.3524 2.6204 -0.0400
0.3430 2.6883 -0.0400
-0.8700 5.3475 -0.0400
-3.6809 3.7383 -0.0400
-3.7066 3.6462 -0.0400
-3.7556 3.6262 -0.0400
-3.8097 3.6197 -0.0400
-3.8722 3.6326 -0.0400
-4.4071 3.9536 -0.0400
-4.4480 3.8980 -0.0400
-4.5188 3.8961 -0.0400
-3.7685 0.3699 -0.0400
-3.7691 0.3480 -0.0400
-3.7724 0.3245 -0.0400
-3.8190 0.2802 -0.0400
-6.0776 -3.0999 -0.0400
-5.9771 -3.1200 -0.0400
-5.8832 -3.1457 -0.0400
-5.8413 -3.2361 -0.0400
-4.7203 -2.2023 -0.0400
-4.6689 -2.2392 -0.0400
-5.6315 -3.9140 -0.0400
-5.5317 -3.9360 -0.0400
-3.3477 -1.1856 -0.0400
-3.2981 -1.1472 -0.0400
-3.2607 -1.1455 -0.0400
-3.2239 -1.1445 -0.0400
-3.1899 -1.1537 -0.0400
-3.1566 -1.1658 -0.0400
-3.1265 -1.1946 -0.0400
-3.0952 -1.2208 -0.0400
-3.0757 -1.3200 -0.0400
-3.3867 -4.1830 -0.0400
-3.3052 -4.2435 -0.0400
-2.4082 -1.9464 -0.0400
-2.3656 -1.8988 -0.0400
-2.3206 -1.8777 -0.0400
-2.2738 -1.8705 -0.0400
-2.2243 -1.8779 -0.0400
-2.1669 -1.9219 -0.0400
-0.7437 -3.5447 -0.0400
-0.6534 -3.5401 -0.0400
-0.5775 -3.5041 -0.0400
-0.4777 -3.5139 -0.0400
1.2555 -3.6965 -0.0400
1.3717 -1.4194 -0.0400
1.4199 -1.3527 -0.0400
1.5471 -1.3250 -0.0400
1.7684 -1.3383 -0.0400
2.9085 -0.9707 -0.0400
2.8748 -0.8532 -0.0400
3.1698 0.9612 -0.0400
1.2154 1.4637 -0.0400
1.1664 1.5254 -0.0400
1.1541 1.5934 -0.0400
1.1904 1.6724 -0.0400
-1.0603 1.2612 -0.0400
-1.1222 1.2741 -0.0400
-1.1439 1.2977 -0.0400
-1.2147 1.3042 -0.0400
-1.2438 1.3232 -0.0400
-1.2650 1.3444 -0.0400
-1.2845 1.3658 -0.0400
-1.2945 1.3908 -0.0400
-1.2914 1.4215 -0.0400
-1.2881 1.4529 -0.0400
-1.2704 1.4919 -0.0400
0.3581 2.6199 -0.0400
0.3149 2.6666 -0.0400
0.3036 2.7333 -0.0400
-0.9339 5.3785 -0.0400
-3.7059 3.7022 -0.0400
-3.7434 3.6478 -0.0400
-3.7876 3.6150 -0.0400
-3.8418 3.6085 -0.0400
-3.9036 3.6185 -0.0400
-4.4902 3.8883 -0.0400
-3.8326 0.3021 -0.0400
-6.1420 -3.0288 -0.0400
-6.0275 -3.0341 -0.0400
-5.9649 -3.0977 -0.0400
-4.7846 -2.1791 -0.0400
-5.8136 -3.8289 -0.0400
-5.6993 -3.8317 -0.0400
-3.4318 -1.2053 -0.0400
-3.3790 -1.1662 -0.0400
-3.3307 -1.1349 -0.0400
-3.2937 -1.1356 -0.0400
-3.2582 -1.1405 -0.0400
-3.2247 -1.1521 -0.0400
-3.1922 -1.1684 -0.0400
-3.1650 -1.2092 -0.0400
-3.1360 -1.2473 -0.0400
-3.4749 -4.1691 -0.0400
-2.4539 -1.9510 -0.0400
-2.4110 -1.8986 -0.0400
-2.3646 -1.8859 -0.0400
-2.3163 -1.8885 -0.0400
-2.2640 -1.9130 -0.0400
-0.8182 -3.5786 -0.0400
-0.7312 -3.5681 -0.0400
-0.6464 -3.5510 -0.0400
-0.5428 -3.5702 -0.0400
1.3355 -1.4897 -0.0400
1.4725 -1.4716 -0.0400
1.5243 -1.4047 -0.0400
1.7318 -1.4149 -0.0400
2.8357 -1.0544 -0.0400
2.8406 -0.9486 -0.0400
2.9065 -0.8619 -0.0400
3.1785 0.8577 -0.0400
1.2132 1.3935 -0.0400
1.1742 1.4573 -0.0400
1.1763 1.5278 -0.0400
-1.0803 1.2274 -0.0400
-1.1267 1.2450 -0.0400
-1.1435 1.2700 -0.0400
-1.2151 1.2773 -0.0400
-1.2519 1.2938 -0.0400
-1.2670 1.3170 -0.0400
-1.2796 1.3409 -0.0400
-1.2859 1.3671 -0.0400
-1.2891 1.3948 -0.0400
-1.2682 1.4333 -0.0400
0.4611 2.5324 -0.0400
0.3842 2.5614 -0.0400
0.3435 2.6096 -0.0400
0.3322 2.6756 -0.0400
-0.8491 5.3396 -0.0400
-3.6589 3.7614 -0.0400
-3.6805 3.6564 -0.0400
-3.7276 3.6315 -0.0400
-3.7850 3.6345 -0.0400
-3.8371 3.6219 -0.0400
-4.3677 3.9454 -0.0400
-4.4229 3.9168 -0.0400
-6.0854 -3.0841 -0.0400
-5.9828 -3.1024 -0.0400
-5.8967 -3.1383 -0.0400
-4.7270 -2.1962 -0.0400
-4.6841 -2.2468 -0.0400
-5.6290 -3.8834 -0.0400
-5.5603 -3.9574 -0.0400
-3.3927 -1.2078 -0.0400
-3.3330 -1.1447 -0.0400
-3.2940 -1.1404 -0.0400
-3.2572 -1.1418 -0.0400
-3.2218 -1.1473 -0.0400
-3.1889 -1.1623 -0.0400
-3.1566 -1.1811 -0.0400
-3.1253 -1.2064 -0.0400
-3.1053 -1.2939 -0.0400
-3.4793 -4.1773 -0.0400
-3.3907 -4.1824 -0.0400
-2.4466 -1.9850 -0.0400
-2.4045 -1.9162 -0.0400
-2.3596 -1.8884 -0.0400
-2.3130 -1.8774 -0.0400
-2.2644 -1.8794 -0.0400
-2.2073 -1.9270 -0.0400
-0.8151 -3.5782 -0.0400
-0.7380 -3.5456 -0.0400
-0.6494 -3.5374 -0.0400
-0.5500 -3.5485 -0.0400
-0.4753 -3.5076 -0.0400
1.3444 -1.4893 -0.0400
1.3774 -1.4144 -0.0400
1.5185 -1.3966 -0.0400
1.5601 -1.3242 -0.0400
1.7670 -1.3311 -0.0400
2.8580 -0.9524 -0.0400
2.8745 -0.8507 -0.0400
3.1825 0.8571 -0.0400
1.2527 1.4012 -0.0400
1.1850 1.4608 -0.0400
1.1631 1.5269 -0.0400
1.1743 1.5993 -0.0400
-1.0470 1.2414 -0.0400
-1.1088 1.2553 -0.0400
-1.1420 1.2756 -0.0400
-1.1583 1.3003 -0.0400
-1.2349 1.3046 -0.0400
-1.2641 1.3229 -0.0400
-1.2775 1.3463 -0.0400
-1.2890 1.3704 -0.0400
-1.2888 1.3992 -0.0400
-1.2888 1.4283 -0.0400
-1.2392 1.4805 -0.0400
0.4228 2.5813 -0.0400
0.3503 2.6114 -0.0400
0.3153 2.6626 -0.0400
-0.9155 5.3670 -0.0400
-1.9068 4.7558 -0.0400
-1.9869 4.7089 -0.0400
-3.7149 3.6496 -0.0400
-3.7607 3.6219 -0.0400
-3.8139 3.6136 -0.0400
-3.8724 3.6169 -0.0400
-3.9401 3.6388 -0.0400
-4.4048 3.9259 -0.0400
-4.4592 3.8959 -0.0400
-8.6375 1.0458 -0.0400
-8.5877 0.9407 -0.0400
-6.2475 -2.9839 -0.0400
-6.1589 -3.0217 -0.0400
-6.0404 -3.0234 -0.0400
-5.9865 -3.0979 -0.0400
-4.8420 -2.1320 -0.0400
-4.7869 -2.1646 -0.0400
-5.8245 -3.8171 -0.0400
-5.7162 -3.8300 -0.0400
-3.4667 -1.1908 -0.0400
-3.4124 -1.1517 -0.0400
-3.3685 -1.1371 -0.0400
-3.3292 -1.1333 -0.0400
-3.2922 -1.1353 -0.0400
-3.2573 -1.1436 -0.0400
-3.2247 -1.1600 -0.0400
-3.1932 -1.1820 -0.0400
-3.1629 -1.2115 -0.0400
-3.4867 -4.2124 -0.0400
-2.4951 -1.9736 -0.0400
-2.4510 -1.9155 -0.0400
-2.4050 -1.8935 -0.0400
-2.3573 -1.8901 -0.0400
-2.3069 -1.9046 -0.0400
-2.2504 -1.9522 -0.0400
-0.8919 -3.6083 -0.0400
-0.8041 -3.6007 -0.0400
-0.7252 -3.5709 -0.0400
-0.6276 -3.5806 -0.0400
-0.5249 -3.5966 -0.0400
1.3217 -1.5677 -0.0400
1.4460 -1.5445 -0.0400
1.4786 -1.4672 -0.0400
1.6833 -1.4806 -0.0400
2.8236 -1.0474 -0.0400
3.1725 0.7542 -0.0400
1.2614 1.3330 -0.0400
1.1905 1.3932 -0.0400
1.1721 1.4598 -0.0400
1.2237 1.5390 -0.0400
-1.0737 1.2074 -0.0400
-1.1160 1.2267 -0.0400
-1.1423 1.2491 -0.0400
-1.2081 1.2591 -0.0400
-1.2437 1.2764 -0.0400
-1.2640 1.2977 -0.0400
-1.2753 1.3217 -0.0400
-1.2826 1.3471 -0.0400
-1.2800 1.3765 -0.0400
-1.2791 1.4056 -0.0400
0.4629 2.5311 -0.0400
0.3726 2.5523 -0.0400
0.3484 2.6096 -0.0400
-0.7514 5.2995 -0.0400
-1.8375 4.7122 -0.0400
-1.9134 4.6885 -0.0400
-2.0256 4.8557 -0.0400
-2.1028 4.8226 -0.0400
-3.8117 3.6324 -0.0400
-4.3556 3.9871 -0.0400
-4.3969 3.9322 -0.0400
-8.6110 0.9592 -0.0400
-8.0575 0.6653 -0.0400
-8.1036 0.5690 -0.0400
-6.1646 -3.0138 -0.0400
-6.0537 -3.0247 -0.0400
-4.8625 -2.1497 -0.0400
-4.7902 -2.1590 -0.0400
-4.7549 -2.2209 -0.0400
-3.4774 -1.2157 -0.0400
-3.4156 -1.1583 -0.0400
-3.3702 -1.1402 -0.0400
-3.3272 -1.1258 -0.0400
-3.2917 -1.1330 -0.0400
-3.2577 -1.1448 -0.0400
-3.2250 -1.1617 -0.0400
-3.1936 -1.1850 -0.0400
-3.1733 -1.2584 -0.0400
-3.5811 -4.2137 -0.0400
-2.4950 -1.9425 -0.0400
-2.4496 -1.9042 -0.0400
-2.4024 -1.8937 -0.0400
-2.3541 -1.8934 -0.0400
-2.3023 -1.9164 -0.0400
-0.8916 -3.6049 -0.0400
-0.8044 -3.5958 -0.0400
-0.7216 -3.5747 -0.0400
-0.6256 -3.5806 -0.0400
1.2952 -1.5476 -0.0400
1.3742 -1.4993 -0.0400
1.4768 -1.4621 -0.0400
1.5619 -1.4130 -0.0400
2.7947 -1.1436 -0.0400
2.8130 -1.0421 -0.0400
3.1750 0.7544 -0.0400
1.2086 1.3285 -0.0400
1.1848 1.3945 -0.0400
1.1777 1.4628 -0.0400
1.2220 1.5406 -0.0400
-1.1031 1.2055 -0.0400
-1.1320 1.2276 -0.0400
-1.1733 1.2455 -0.0400
-1.2250 1.2591 -0.0400
-1.2510 1.2789 -0.0400
-1.2683 1.3010 -0.0400
-1.2782 1.3253 -0.0400
-1.2805 1.3523 -0.0400
-1.2743 1.3830 -0.0400
-1.2693 1.4138 -0.0400
0.4953 2.4770 -0.0400
0.4265 2.5112 -0.0400
0.3727 2.5520 -0.0400
0.3645 2.6185 -0.0400
-0.8186 5.3362 -0.0400
-1.8276 4.7119 -0.0400
-1.9003 4.7033 -0.0400
-2.0176 4.8403 -0.0400
-2.0929 4.8177 -0.0400
-2.1582 4.8627 -0.0400
-4.3299 3.9697 -0.0400
-4.3793 3.9308 -0.0400
-8.6288 1.0821 -0.0400
-8.5942 0.9772 -0.0400
-8.0554 0.6826 -0.0400
-8.0953 0.5866 -0.0400
-6.2421 -2.9488 -0.0400
-6.1413 -2.9731 -0.0400
-6.0546 -3.0108 -0.0400
-6.0188 -3.1072 -0.0400
-4.8507 -2.1222 -0.0400
-4.8009 -2.1629 -0.0400
-5.8273 -3.7894 -0.0400
-5.7354 -3.8276 -0.0400
-3.4565 -1.1567 -0.0400
-3.4085 -1.1348 -0.0400
-3.3670 -1.1275 -0.0400
-3.3288 -1.1280 -0.0400
-3.2928 -1.1340 -0.0400
-3.2583 -1.1451 -0.0400
-3.2292 -1.1759 -0.0400
-3.1998 -1.2087 -0.0400
-3.1739 -1.2607 -0.0400
-3.5762 -4.1628 -0.0400
-2.4940 -1.9324 -0.0400
-2.4479 -1.9006 -0.0400
-2.4002 -1.8940 -0.0400
-2.3506 -1.9033 -0.0400
-2.2950 -1.9520 -0.0400
-0.9657 -3.6425 -0.0400
-0.8826 -3.6239 -0.0400
-0.8036 -3.5944 -0.0400
-0.7082 -3.6014 -0.0400
-0.6182 -3.5931 -0.0400
1.2586 -1.6161 -0.0400
1.3114 -1.5530 -0.0400
1.4381 -1.5318 -0.0400
1.5025 -1.4723 -0.0400
1.7226 -1.4942 -0.0400
2.8075 -1.1464 -0.0400
2.8114 -1.0397 -0.0400
2.9095 -0.9645 -0.0400
3.1726 0.6524 -0.0400
1.2634 1.2680 -0.0400
1.2112 1.3315 -0.0400
1.1803 1.3965 -0.0400
1.2019 1.4692 -0.0400
-1.0593 1.1914 -0.0400
-1.1092 1.2096 -0.0400
-1.1374 1.2317 -0.0400
-1.1948 1.2450 -0.0400
-1.2420 1.2594 -0.0400
-1.2602 1.2813 -0.0400
-1.2725 1.3048 -0.0400
-1.2795 1.3299 -0.0400
-1.2801 1.3574 -0.0400
-1.2726 1.3884 -0.0400
-1.2377 1.4313 -0.0400
0.4860 2.4727 -0.0400
0.4191 2.5076 -0.0400
0.3708 2.5512 -0.0400
-0.7377 5.2869 -0.0400
-1.8274 4.6707 -0.0400
-1.8921 4.6974 -0.0400
-2.0077 4.8401 -0.0400
-2.0830 4.8169 -0.0400
-2.1470 4.8698 -0.0400
-4.3196 3.9809 -0.0400
-4.3708 3.9452 -0.0400
-8.6109 1.1001 -0.0400
-8.6058 0.9960 -0.0400
-8.0596 0.7000 -0.0400
-6.2558 -2.9475 -0.0400
-6.1578 -2.9754 -0.0400
-6.0620 -3.0035 -0.0400
-4.8644 -2.1285 -0.0400
-4.8029 -2.1535 -0.0400
-5.8188 -3.7594 -0.0400
-3.4671 -1.1783 -0.0400
-3.4143 -1.1450 -0.0400
-3.3659 -1.1192 -0.0400
-3.3292 -1.1243 -0.0400
-3.2944 -1.1348 -0.0400
-3.2612 -1.1509 -0.0400
-3.2295 -1.1734 -0.0400
-3.1997 -1.2052 -0.0400
-3.1732 -1.2545 -0.0400
-3.6810 -4.2100 -0.0400
-3.5806 -4.1616 -0.0400
-2.5393 -1.9761 -0.0400
-2.4926 -1.9330 -0.0400
-2.4464 -1.9008 -0.0400
-2.3984 -1.8953 -0.0400
-2.3478 -1.9116 -0.0400
-2.2855 -2.0069 -0.0400
-0.9685 -3.6332 -0.0400
-0.8792 -3.6301 -0.0400
-0.7987 -3.6036 -0.0400
-0.7037 -3.6092 -0.0400
1.2672 -1.6171 -0.0400
1.3041 -1.5443 -0.0400
1.4446 -1.5315 -0.0400
1.6552 -1.5529 -0.0400
2.8037 -1.2524 -0.0400
2.7779 -1.1337 -0.0400
2.8467 -1.0499 -0.0400
3.2061 0.6522 -0.0400
1.2422 1.2688 -0.0400
1.2007 1.3332 -0.0400
1.1836 1.3998 -0.0400
1.2375 1.4777 -0.0400
-1.0264 1.1743 -0.0400
-1.0974 1.1892 -0.0400
-1.1307 1.2105 -0.0400
-1.1454 1.2355 -0.0400
-1.2186 1.2444 -0.0400
-1.2467 1.2639 -0.0400
-1.2643 1.2858 -0.0400
-1.2750 1.3095 -0.0400
-1.2769 1.3362 -0.0400
-1.2746 1.3648 -0.0400
-1.2596 1.3987 -0.0400
0.4640 2.4624 -0.0400
0.4046 2.5007 -0.0400
0.3724 2.5529 -0.0400
-0.7254 5.2953 -0.0400
-1.8182 4.6725 -0.0400
-1.8851 4.6879 -0.0400
-2.0042 4.8054 -0.0400
-2.0739 4.8140 -0.0400
-2.1380 4.8642 -0.0400
-8.6139 1.1191 -0.0400
-8.6109 1.0150 -0.0400
-8.1140 0.8115 -0.0400
-8.0604 0.7177 -0.0400
-8.0936 0.6219 -0.0400
-6.5004 0.0787 -0.0400
-6.2647 -2.9405 -0.0400
-6.1678 -2.9699 -0.0400
-6.0795 -3.0068 -0.0400
-4.9358 -2.1023 -0.0400
-4.8614 -2.1113 -0.0400
-4.8216 -2.1667 -0.0400
-5.8311 -3.7591 -0.0400
-5.7671 -3.8400 -0.0400
-3.4575 -1.1461 -0.0400
-3.4107 -1.1279 -0.0400
-3.3699 -1.1237 -0.0400
-3.3320 -1.1263 -0.0400
-3.2963 -1.1347 -0.0400
-3.2655 -1.1595 -0.0400
-3.2354 -1.1890 -0.0400
-3.2084 -1.2335 -0.0400
-3.5850 -4.1569 -0.0400
-2.5402 -1.9462 -0.0400
-2.4928 -1.9184 -0.0400
-2.4454 -1.9006 -0.0400
-2.3965 -1.9022 -0.0400
-2.3463 -1.9130 -0.0400
-0.9681 -3.6333 -0.0400
-0.8798 -3.6275 -0.0400
-0.7997 -3.5998 -0.0400
-0.7007 -3.6145 -0.0400
1.2362 -1.6899 -0.0400
1.2592 -1.6079 -0.0400
1.4094 -1.6036 -0.0400
1.4444 -1.5273 -0.0400
1.6477 -1.5451 -0.0400
2.7835 -1.1336 -0.0400
2.8278 -1.0414 -0.0400
1.2422 1.2721 -0.0400
1.1881 1.3349 -0.0400
1.1854 1.4033 -0.0400
1.2899 1.4890 -0.0400
-1.0688 1.1724 -0.0400
-1.1184 1.1911 -0.0400
-1.1338 1.2161 -0.0400
-1.2028 1.2274 -0.0400
-1.2389 1.2452 -0.0400
-1.2584 1.2667 -0.0400
-1.2685 1.2906 -0.0400
-1.2764 1.3151 -0.0400
-1.2772 1.3421 -0.0400
-1.2715 1.3717 -0.0400
-1.2499 1.4081 -0.0400
0.5645 2.4445 -0.0400
0.4548 2.4593 -0.0400
0.3941 2.4966 -0.0400
0.3865 2.5621 -0.0400
-0.7238 5.2806 -0.0400
-1.8116 4.6654 -0.0400
-1.9947 4.8091 -0.0400
-2.0655 4.8104 -0.0400
-2.1305 4.8517 -0.0400
-2.7861 5.9188 -0.0400
-8.6361 1.1393 -0.0400
-8.6083 1.0340 -0.0400
-8.1262 0.8296 -0.0400
-8.0627 0.7357 -0.0400
-8.1126 0.6391 -0.0400
-6.5130 0.0914 -0.0400
-6.4828 0.0278 -0.0400
-6.5199 -0.0513 -0.0400
-3.9085 0.5503 -0.0400
-6.2685 -2.9270 -0.0400
-6.1449 -2.9276 -0.0400
-6.0870 -2.9980 -0.0400
-4.8695 -2.1081 -0.0400
-4.8223 -2.1534 -0.0400
-5.8420 -3.7558 -0.0400
-3.4531 -1.1258 -0.0400
-3.4099 -1.1171 -0.0400
-3.3707 -1.1176 -0.0400
-3.3341 -1.1241 -0.0400
-3.2994 -1.1364 -0.0400
-3.2665 -1.1550 -0.0400
-3.2355 -1.1813 -0.0400
-3.2069 -1.2199 -0.0400
-3.6787 -4.1406 -0.0400
-3.6053 -4.2365 -0.0400
-2.5407 -1.9349 -0.0400
-2.4929 -1.9126 -0.0400
-2.4448 -1.9014 -0.0400
-2.3948 -1.9127 -0.0400
-2.3430 -1.9346 -0.0400
-1.0345 -3.6981 -0.0400
-0.9656 -3.6401 -0.0400
-0.8805 -3.6258 -0.0400
-0.7840 -3.6371 -0.0400
-0.6989 -3.6181 -0.0400
1.2449 -1.6915 -0.0400
1.2594 -1.6038 -0.0400
1.4164 -1.6039 -0.0400
1.4909 -1.5504 -0.0400
2.7608 -1.2318 -0.0400
2.7830 -1.1314 -0.0400
3.1722 0.5533 -0.0400
1.2717 1.2092 -0.0400
1.2122 1.2726 -0.0400
1.1918 1.3390 -0.0400
1.2070 1.4099 -0.0400
1.2853 1.4916 -0.0400
-1.0380 1.1555 -0.0400
-1.0849 1.1760 -0.0400
-1.1264 1.1961 -0.0400
-1.1423 1.2208 -0.0400
-1.2227 1.2292 -0.0400
-1.2498 1.2489 -0.0400
-1.2615 1.2724 -0.0400
-1.2715 1.2962 -0.0400
-1.2726 1.3227 -0.0400
-1.2662 1.3522 -0.0400
-1.2616 1.3815 -0.0400
0.5119 2.4209 -0.0400
0.4327 2.4501 -0.0400
0.3916 2.4973 -0.0400
0.3936 2.5678 -0.0400
-0.6404 5.2439 -0.0400
-1.7194 4.7240 -0.0400
-1.8047 4.6626 -0.0400
-1.8669 4.6978 -0.0400
-1.9887 4.7965 -0.0400
-2.0548 4.8253 -0.0400
-2.6861 5.9459 -0.0400
-2.7745 5.9220 -0.0400
-3.0044 5.4292 -0.0400
-3.0792 5.3675 -0.0400
-3.1579 5.3602 -0.0400
-8.5944 1.2542 -0.0400
-8.0693 0.8422 -0.0400
-6.5123 0.1716 -0.0400
-6.4951 0.1053 -0.0400
-3.8781 0.5656 -0.0400
-3.8589 0.5483 -0.0400
-3.8366 0.5323 -0.0400
-6.2171 -2.8610 -0.0400
-6.1682 -2.9410 -0.0400
-4.9292 -2.0696 -0.0400
-6.0281 -3.6642 -0.0400
-5.9272 -3.6930 -0.0400
-3.5597 -1.1760 -0.0400
-3.4980 -1.1293 -0.0400
-3.4516 -1.1149 -0.0400
-3.4108 -1.1128 -0.0400
-3.3725 -1.1158 -0.0400
-3.3391 -1.1327 -0.0400
-3.3078 -1.1566 -0.0400
-3.2789 -1.1905 -0.0400
-3.2546 -1.2442 -0.0400
-3.7775 -4.1534 -0.0400
-2.6389 -1.9757 -0.0400
-2.5901 -1.9358 -0.0400
-2.5417 -1.9165 -0.0400
-2.4932 -1.9095 -0.0400
-2.4424 -1.9309 -0.0400
-2.3894 -1.9667 -0.0400
-1.1238 -3.7008 -0.0400
-1.0431 -3.6752 -0.0400
-0.9578 -3.6618 -0.0400
-0.8581 -3.6828 -0.0400
-0.7649 -3.6831 -0.0400
1.1995 -1.7570 -0.0400
1.2635 -1.7010 -0.0400
1.3558 -1.6620 -0.0400
1.4393 -1.6152 -0.0400
2.7466 -1.3347 -0.0400
2.7972 -1.2446 -0.0400
3.1663 0.4521 -0.0400
1.2435 1.1405 -0.0400
1.2059 1.2061 -0.0400
1.1933 1.2733 -0.0400
1.2517 1.3488 -0.0400
-1.0814 1.1241 -0.0400
-1.1094 1.1477 -0.0400
-1.1269 1.1726 -0.0400
-1.2053 1.1842 -0.0400
-1.2281 1.2058 -0.0400
-1.2504 1.2269 -0.0400
-1.2601 1.2508 -0.0400
-1.2653 1.2759 -0.0400
-1.2609 1.3039 -0.0400
-1.2585 1.3318 -0.0400
-1.2201 1.3723 -0.0400
0.5311 2.3633 -0.0400
0.4520 2.3935 -0.0400
0.4240 2.4474 -0.0400
-0.6353 5.2451 -0.0400
-1.6671 4.6332 -0.0400
-1.7341 4.6457 -0.0400
-1.8359 4.8216 -0.0400
-1.9153 4.7826 -0.0400
-1.9835 4.7965 -0.0400
-2.0411 4.8789 -0.0400
-2.5898 5.9564 -0.0400
-2.6787 5.9185 -0.0400
-2.9165 5.4190 -0.0400
-2.9927 5.3685 -0.0400
-3.0722 5.3725 -0.0400
-8.6060 1.1766 -0.0400
-8.0782 0.8667 -0.0400
-8.0889 0.7717 -0.0400
-6.5489 0.1155 -0.0400
-6.4916 0.0571 -0.0400
-3.8936 0.5540 -0.0400
-3.8531 0.5426 -0.0400
-3.8378 0.5247 -0.0400
-3.8209 0.5077 -0.0400
-3.8115 0.4884 -0.0400
-3.8048 0.4682 -0.0400
-4.9731 -2.1056 -0.0400
-4.8880 -2.1022 -0.0400
-5.9557 -3.7051 -0.0400
-5.8569 -3.7361 -0.0400
-3.5097 -1.1417 -0.0400
-3.4599 -1.1204 -0.0400
-3.4171 -1.1141 -0.0400
-3.3780 -1.1159 -0.0400
-3.3413 -1.1237 -0.0400
-3.3067 -1.1373 -0.0400
-3.2738 -1.1574 -0.0400
-3.2520 -1.2184 -0.0400
-3.6923 -4.1400 -0.0400
-2.5906 -1.9730 -0.0400
-2.5422 -1.9309 -0.0400
-2.4940 -1.9107 -0.0400
-2.4446 -1.9121 -0.0400
-2.3934 -1.9310 -0.0400
-2.3378 -1.9803 -0.0400
-1.0464 -3.6702 -0.0400
-0.9572 -3.6671 -0.0400
-0.8743 -3.6450 -0.0400
-0.7795 -3.6509 -0.0400
-0.6840 -3.6546 -0.0400
1.2183 -1.6663 -0.0400
1.3725 -1.6677 -0.0400
1.3996 -1.5862 -0.0400
1.4825 -1.5382 -0.0400
2.7457 -1.2219 -0.0400
2.8052 -1.1355 -0.0400
3.1808 0.5560 -0.0400
1.2262 1.2134 -0.0400
1.1960 1.2791 -0.0400
1.2165 1.3499 -0.0400
-1.0254 1.1426 -0.0400
-1.0827 1.1622 -0.0400
-1.1271 1.1824 -0.0400
-1.1745 1.2005 -0.0400
-1.2314 1.2149 -0.0400
-1.2473 1.2375 -0.0400
-1.2595 1.2607 -0.0400
-1.2679 1.2848 -0.0400
-1.2709 1.3104 -0.0400
-1.2622 1.3400 -0.0400
-1.2541 1.3699 -0.0400
0.5502 2.3762 -0.0400
0.4932 2.4175 -0.0400
0.4182 2.4484 -0.0400
0.3975 2.5058 -0.0400
-0.6326 5.2336 -0.0400
-1.7176 4.6777 -0.0400
-1.7926 4.6567 -0.0400
-1.8511 4.7069 -0.0400
-1.9036 4.7945 -0.0400
-1.9746 4.7928 -0.0400
-2.0382 4.8347 -0.0400
-2.6647 5.9714 -0.0400
-2.7527 5.9174 -0.0400
-2.9827 5.4243 -0.0400
-3.0576 5.3673 -0.0400
-8.6004 1.2936 -0.0400
-8.1045 0.9742 -0.0400
-8.0756 0.8791 -0.0400
-6.5618 0.1943 -0.0400
-6.5149 0.1330 -0.0400
-3.9064 0.5816 -0.0400
-3.8776 0.5662 -0.0400
-3.8481 0.5519 -0.0400
-3.8354 0.5332 -0.0400
-3.8227 0.5148 -0.0400
-3.8160 0.4945 -0.0400
-3.8134 0.4727 -0.0400
-3.8108 0.4507 -0.0400
-3.8198 0.4238 -0.0400
-4.9512 -2.0662 -0.0400
-6.0338 -3.6301 -0.0400
-5.9473 -3.6789 -0.0400
-3.5602 -1.1523 -0.0400
-3.5046 -1.1205 -0.0400
-3.4592 -1.1099 -0.0400
-3.4163 -1.1030 -0.0400
-3.3810 -1.1153 -0.0400
-3.3477 -1.1335 -0.0400
-3.3164 -1.1590 -0.0400
-3.2877 -1.1949 -0.0400
-3.2649 -1.2551 -0.0400
-3.8758 -4.1121 -0.0400
-3.7955 -4.1664 -0.0400
-2.6418 -1.9893 -0.0400
-2.5930 -1.9207 -0.0400
-2.5439 -1.9145 -0.0400
-2.4942 -1.9200 -0.0400
-2.4431 -1.9411 -0.0400
-2.3876 -1.9979 -0.0400
-1.1256 -3.7041 -0.0400
-1.0335 -3.7100 -0.0400
-0.9479 -3.6946 -0.0400
-0.8534 -3.7004 -0.0400
1.1331 -1.8030 -0.0400
1.1787 -1.7354 -0.0400
1.3194 -1.7306 -0.0400
1.3592 -1.6569 -0.0400
2.7194 -1.3196 -0.0400
1.2253 1.1478 -0.0400
1.2046 1.2145 -0.0400
1.2331 1.2857 -0.0400
-1.0622 1.1134 -0.0400
-1.1166 1.1336 -0.0400
-1.1509 1.1556 -0.0400
-1.2033 1.1730 -0.0400
-1.2278 1.1945 -0.0400
-1.2506 1.2156 -0.0400
-1.2581 1.2399 -0.0400
-1.2589 1.2659 -0.0400
-1.2578 1.2926 -0.0400
-1.2528 1.3208 -0.0400
0.5817 2.3247 -0.0400
0.4803 2.3463 -0.0400
0.4419 2.3951 -0.0400
-0.5565 5.1910 -0.0400
-1.6577 4.6234 -0.0400
-1.7219 4.6452 -0.0400
-1.8278 4.7963 -0.0400
-1.9030 4.7758 -0.0400
-1.9697 4.7959 -0.0400
-2.4799 5.9821 -0.0400
-2.5702 5.9151 -0.0400
-2.9729 5.3780 -0.0400
-8.5995 1.3132 -0.0400
-8.0760 0.9926 -0.0400
-8.1206 0.8977 -0.0400
-6.5203 0.2180 -0.0400
-6.5169 0.1487 -0.0400
-3.9208 0.5900 -0.0400
-3.8862 0.5759 -0.0400
-3.8641 0.5592 -0.0400
-3.8399 0.5437 -0.0400
-3.8292 0.5245 -0.0400
-3.8202 0.5049 -0.0400
-3.8149 0.4840 -0.0400
-3.8168 0.4602 -0.0400
-3.8174 0.4365 -0.0400
-3.8373 0.4043 -0.0400
-3.8610 0.3691 -0.0400
-3.5502 -1.1150 -0.0400
-3.5024 -1.1009 -0.0400
-3.4607 -1.0992 -0.0400
-3.4220 -1.1037 -0.0400
-3.3857 -1.1139 -0.0400
-3.3514 -1.1297 -0.0400
-3.3252 -1.1713 -0.0400
-3.2994 -1.2182 -0.0400
-3.7955 -4.1287 -0.0400
-2.6952 -2.0176 -0.0400
-2.6444 -1.9499 -0.0400
-2.5950 -1.9247 -0.0400
-2.5457 -1.9154 -0.0400
-2.4960 -1.9194 -0.0400
-2.4405 -1.9950 -0.0400
-1.1188 -3.7315 -0.0400
-1.0387 -3.7013 -0.0400
-0.9494 -3.6961 -0.0400
-0.8527 -3.7072 -0.0400
1.1507 -1.8123 -0.0400
1.1955 -1.7436 -0.0400
1.3116 -1.7222 -0.0400
1.5219 -1.7572 -0.0400
2.6782 -1.4110 -0.0400
2.7150 -1.3160 -0.0400
1.2292 1.0843 -0.0400
1.2037 1.1510 -0.0400
1.2050 1.2191 -0.0400
1.2379 1.2905 -0.0400
-1.0150 1.0982 -0.0400
-1.1072 1.1152 -0.0400
-1.1247 1.1403 -0.0400
-1.1880 1.1571 -0.0400
-1.2188 1.1780 -0.0400
-1.2456 1.1987 -0.0400
-1.2541 1.2227 -0.0400
-1.2599 1.2473 -0.0400
-1.2613 1.2730 -0.0400
-1.2470 1.3033 -0.0400
-1.2303 1.3352 -0.0400
0.5586 2.3185 -0.0400
0.4687 2.3449 -0.0400
0.4516 2.4036 -0.0400
0.4721 2.4816 -0.0400
-1.6496 4.6346 -0.0400
-1.8284 4.7669 -0.0400
-1.8976 4.7734 -0.0400
-1.9582 4.8260 -0.0400
-2.5606 5.9313 -0.0400
-2.6486 5.9284 -0.0400
-2.8854 5.3864 -0.0400
-2.9631 5.3724 -0.0400
-3.0485 5.4525 -0.0400
-3.4668 3.7343 -0.0400
-3.5098 3.6990 -0.0400
-8.1047 1.0118 -0.0400
-8.0807 0.9166 -0.0400
-6.5291 0.2328 -0.0400
-6.5144 0.1656 -0.0400
-3.9003 0.5843 -0.0400
-3.8736 0.5686 -0.0400
-3.8460 0.5540 -0.0400
-3.8343 0.5350 -0.0400
-3.8246 0.5155 -0.0400
-3.8189 0.4946 -0.0400
-3.8150 0.4729 -0.0400
-3.8227 0.4465 -0.0400
-3.8272 0.4207 -0.0400
-3.5603 -1.1222 -0.0400
-3.5109 -1.1054 -0.0400
-3.4680 -1.1016 -0.0400
-3.4268 -1.1002 -0.0400
-3.3918 -1.1144 -0.0400
-3.3587 -1.1346 -0.0400
-3.3277 -1.1620 -0.0400
-3.2996 -1.2014 -0.0400
-3.2792 -1.2717 -0.0400
-3.8913 -4.1026 -0.0400
-2.6473 -1.9316 -0.0400
-2.5977 -1.9190 -0.0400
-2.5480 -1.9199 -0.0400
-2.4973 -1.9359 -0.0400
-2.4440 -1.9773 -0.0400
-1.2058 -3.7493 -0.0400
-1.1277 -3.7130 -0.0400
-1.0365 -3.7153 -0.0400
-0.9399 -3.7288 -0.0400
1.1135 -1.8838 -0.0400
1.1292 -1.7940 -0.0400
1.2701 -1.7920 -0.0400
1.3141 -1.7210 -0.0400
1.3943 -1.6731 -0.0400
2.6784 -1.4094 -0.0400
2.7150 -1.3143 -0.0400
3.1580 0.3573 -0.0400
1.2340 1.0892 -0.0400
1.2041 1.1557 -0.0400
1.2032 1.2236 -0.0400
-1.0353 1.0751 -0.0400
-1.0852 1.0981 -0.0400
-1.1131 1.1224 -0.0400
-1.1310 1.1474 -0.0400
-1.2038 1.1626 -0.0400
-1.2392 1.1823 -0.0400
-1.2500 1.2059 -0.0400
-1.2567 1.2302 -0.0400
-1.2591 1.2555 -0.0400
-1.2462 1.2849 -0.0400
-1.2313 1.3156 -0.0400
0.5106 2.3018 -0.0400
0.4653 2.3476 -0.0400
0.4613 2.4124 -0.0400
-0.4763 5.1472 -0.0400
-1.5717 4.6454 -0.0400
-1.6507 4.6138 -0.0400
-1.7102 4.6521 -0.0400
-1.8206 4.7790 -0.0400
-1.8895 4.7873 -0.0400
-2.4627 5.9644 -0.0400
-2.5523 5.9114 -0.0400
-2.8776 5.4053 -0.0400
-2.9563 5.4045 -0.0400
-3.4257 3.8135 -0.0400
-3.4574 3.7330 -0.0400
-3.5010 3.7001 -0.0400
-3.5523 3.6935 -0.0400
-3.6053 3.6909 -0.0400
-3.6593 3.6896 -0.0400
-6.5528 0.2452 -0.0400
-6.5553 0.1742 -0.0400
-3.9255 0.5900 -0.0400
-3.8708 0.5818 -0.0400
-3.8537 0.5640 -0.0400
-3.8401 0.5454 -0.0400
-3.8297 0.5260 -0.0400
-3.8225 0.5056 -0.0400
-3.8182 0.4841 -0.0400
-3.8162 0.4615 -0.0400
-3.8305 0.4317 -0.0400
-3.8413 0.4025 -0.0400
-3.5688 -1.1243 -0.0400
-3.5189 -1.1071 -0.0400
-3.4708 -1.0910 -0.0400
-3.4331 -1.0992 -0.0400
-3.3976 -1.1125 -0.0400
-3.3637 -1.1309 -0.0400
-3.3390 -1.1785 -0.0400
-3.3149 -1.2326 -0.0400
-3.9067 -4.1252 -0.0400
-3.8185 -4.1483 -0.0400
-2.7017 -1.9911 -0.0400
-2.6507 -1.9424 -0.0400
-2.6009 -1.9223 -0.0400
-2.5511 -1.9186 -0.0400
-2.4986 -1.9637 -0.0400
-1.2109 -3.7444 -0.0400
-1.1270 -3.7255 -0.0400
-1.0328 -3.7350 -0.0400
-0.9435 -3.7275 -0.0400
-0.8473 -3.7353 -0.0400
1.1022 -1.8729 -0.0400
1.1382 -1.7977 -0.0400
1.2698 -1.7893 -0.0400
1.3365 -1.7333 -0.0400
1.5305 -1.7578 -0.0400
2.6743 -1.4062 -0.0400
3.1606 0.2559 -0.0400
1.2462 1.0260 -0.0400
1.2095 1.0929 -0.0400
1.2054 1.1606 -0.0400
1.2322 1.2306 -0.0400
-1.0490 1.0819 -0.0400
-1.0919 1.1055 -0.0400
-1.1174 1.1301 -0.0400
-1.2087 1.1440 -0.0400
-1.2301 1.1665 -0.0400
-1.2438 1.1897 -0.0400
-1.2525 1.2137 -0.0400
-1.2576 1.2383 -0.0400
-1.2483 1.2664 -0.0400
-1.2378 1.2953 -0.0400
-1.2083 1.3301 -0.0400
0.5895 2.2736 -0.0400
0.4891 2.2970 -0.0400
0.4640 2.3517 -0.0400
0.4609 2.4167 -0.0400
-0.4740 5.1450 -0.0400
-1.6451 4.6203 -0.0400
-1.7441 4.7833 -0.0400
-1.8210 4.7560 -0.0400
-1.8877 4.7725 -0.0400
-1.9426 4.8538 -0.0400
-2.4528 6.0112 -0.0400
-2.5440 5.9173 -0.0400
-2.8681 5.3767 -0.0400
-2.9466 5.3827 -0.0400
-3.4499 3.7361 -0.0400
-3.4922 3.6995 -0.0400
-3.5446 3.6971 -0.0400
-3.5972 3.6938 -0.0400
-3.6527 3.6972 -0.0400
-6.5327 0.2654 -0.0400
-6.5288 0.1960 -0.0400
-3.9167 0.6050 -0.0400
-3.8852 0.5903 -0.0400
-3.8640 0.5734 -0.0400
-3.8482 0.5554 -0.0400
-3.8330 0.5375 -0.0400
-3.8259 0.5170 -0.0400
-3.8210 0.4956 -0.0400
-3.8179 0.4734 -0.0400
-3.8306 0.4443 -0.0400
-3.8404 0.4156 -0.0400
-3.8752 0.3745 -0.0400
-3.5753 -1.1205 -0.0400
-3.5180 -1.0864 -0.0400
-3.4778 -1.0897 -0.0400
-3.4400 -1.0981 -0.0400
-3.4040 -1.1107 -0.0400
-3.3733 -1.1391 -0.0400
-3.3433 -1.1710 -0.0400
-3.3170 -1.2178 -0.0400
-3.9112 -4.1013 -0.0400
-2.7054 -1.9573 -0.0400
-2.6547 -1.9298 -0.0400
-2.6047 -1.9204 -0.0400
-2.5544 -1.9258 -0.0400
-2.5029 -1.9484 -0.0400
-2.4473 -2.0168 -0.0400
-1.2142 -3.7470 -0.0400
-1.1256 -3.7417 -0.0400
-1.0308 -3.7520 -0.0400
-0.9457 -3.7316 -0.0400
1.0864 -1.8591 -0.0400
1.1509 -1.8047 -0.0400
1.2661 -1.7845 -0.0400
1.3428 -1.7352 -0.0400
2.6628 -1.5119 -0.0400
2.6926 -1.4130 -0.0400
3.1733 0.3596 -0.0400
1.2619 1.0312 -0.0400
1.2133 1.0979 -0.0400
1.2028 1.1652 -0.0400
-1.0535 1.0614 -0.0400
-1.0936 1.0859 -0.0400
-1.1173 1.1110 -0.0400
-1.1802 1.1303 -0.0400
-1.2148 1.1516 -0.0400
-1.2349 1.1741 -0.0400
-1.2475 1.1975 -0.0400
-1.2530 1.2220 -0.0400
-1.2513 1.2481 -0.0400
-1.2450 1.2755 -0.0400
-1.2288 1.3059 -0.0400
0.5668 2.2691 -0.0400
0.4951 2.3046 -0.0400
0.4752 2.3616 -0.0400
-0.4711 5.1452 -0.0400
-1.5790 4.5968 -0.0400
-1.6436 4.6136 -0.0400
-1.7335 4.8112 -0.0400
-1.8180 4.7519 -0.0400
-1.8776 4.8016 -0.0400
-2.4476 5.9563 -0.0400
-2.5366 5.9123 -0.0400
-2.8606 5.3757 -0.0400
-2.9422 5.4353 -0.0400
-3.4372 3.7191 -0.0400
-3.4845 3.7007 -0.0400
-3.5365 3.6977 -0.0400
-3.5892 3.6955 -0.0400
-4.1115 4.1023 -0.0400
-4.1487 4.0392 -0.0400
-6.5611 0.2772 -0.0400
-6.5665 0.2057 -0.0400
-3.9075 0.5968 -0.0400
-3.8653 0.5858 -0.0400
-3.8504 0.5674 -0.0400
-3.8388 0.5482 -0.0400
-3.8297 0.5284 -0.0400
-3.8236 0.5074 -0.0400
-3.8261 0.4829 -0.0400
-3.8287 0.4580 -0.0400
-3.8361 0.4305 -0.0400
-3.8543 0.3972 -0.0400
-3.5248 -1.0826 -0.0400
-3.4849 -1.0872 -0.0400
-3.4471 -1.0961 -0.0400
-3.4126 -1.1134 -0.0400
-3.3800 -1.1367 -0.0400
-3.3493 -1.1672 -0.0400
-3.3218 -1.2106 -0.0400
-3.9207 -4.0956 -0.0400
-2.7106 -1.9814 -0.0400
-2.6593 -1.9397 -0.0400
-2.6090 -1.9237 -0.0400
-2.5581 -1.9387 -0.0400
-2.5054 -1.9793 -0.0400
-1.2992 -3.7789 -0.0400
-1.2154 -3.7582 -0.0400
-1.1290 -3.7452 -0.0400
-1.0338 -3.7563 -0.0400
-0.9486 -3.7354 -0.0400
1.0703 -1.9485 -0.0400
1.0802 -1.8526 -0.0400
1.1440 -1.7979 -0.0400
1.2645 -1.7817 -0.0400
1.3753 -1.7552 -0.0400
2.6355 -1.4983 -0.0400
2.6748 -1.4041 -0.0400
3.1509 0.2607 -0.0400
1.2890 0.9675 -0.0400
1.2212 1.0351 -0.0400
1.2046 1.1024 -0.0400
1.2175 1.1710 -0.0400
-1.0579 1.0694 -0.0400
-1.0967 1.0940 -0.0400
-1.1195 1.1191 -0.0400
-1.2158 1.1342 -0.0400
-1.2338 1.1573 -0.0400
-1.2455 1.1810 -0.0400
-1.2519 1.2053 -0.0400
-1.2535 1.2305 -0.0400
-1.2507 1.2568 -0.0400
-1.2422 1.2847 -0.0400
0.6294 2.2331 -0.0400
0.5456 2.2655 -0.0400
0.4865 2.3060 -0.0400
0.4944 2.3754 -0.0400
-0.3938 5.1098 -0.0400
-0.4693 5.1445 -0.0400
-1.5772 4.5943 -0.0400
-1.6417 4.6107 -0.0400
-1.7464 4.7437 -0.0400
-1.8153 4.7484 -0.0400
-1.8769 4.7871 -0.0400
-2.4430 5.9060 -0.0400
-2.7776 5.4333 -0.0400
-2.8536 5.3740 -0.0400
-2.9322 5.3891 -0.0400
-3.3925 3.7747 -0.0400
-3.4317 3.7254 -0.0400
-3.4771 3.7010 -0.0400
-3.5280 3.6955 -0.0400
-3.5873 3.7136 -0.0400
-4.0971 4.0938 -0.0400
-4.1392 4.0416 -0.0400
-6.5323 0.2291 -0.0400
-3.9767 0.6150 -0.0400
-3.9071 0.6098 -0.0400
-3.8801 0.5942 -0.0400
-3.8610 0.5770 -0.0400
-3.8464 0.5586 -0.0400
-3.8344 0.5397 -0.0400
-3.8289 0.5184 -0.0400
-3.8259 0.4960 -0.0400
-3.8258 0.4723 -0.0400
-3.8304 0.4461 -0.0400
-3.4205 -1.1125 -0.0400
-3.3877 -1.1359 -0.0400
-3.3569 -1.1665 -0.0400
-3.3558 -1.2962 -0.0400
-3.9316 -4.0931 -0.0400
-2.7689 -2.0200 -0.0400
-2.7155 -1.9534 -0.0400
-2.6644 -1.9297 -0.0400
-2.6140 -1.9229 -0.0400
-2.5632 -1.9305 -0.0400
-2.5111 -1.9573 -0.0400
-1.2989 -3.7990 -0.0400
-1.2222 -3.7535 -0.0400
-1.1328 -3.7495 -0.0400
-1.0351 -3.7672 -0.0400
1.0427 -1.9259 -0.0400
1.0836 -1.8539 -0.0400
1.2163 -1.8488 -0.0400
1.2776 -1.7895 -0.0400
1.4990 -1.8371 -0.0400
2.6299 -1.4951 -0.0400
2.7086 -1.4184 -0.0400
3.1466 0.2630 -0.0400
1.2287 1.0401 -0.0400
1.2140 1.1077 -0.0400
-1.0599 1.0494 -0.0400
-1.0970 1.0748 -0.0400
-1.1187 1.1004 -0.0400
-1.1873 1.1202 -0.0400
-1.2190 1.1423 -0.0400
-1.2361 1.1656 -0.0400
-1.2472 1.1893 -0.0400
-1.2495 1.2143 -0.0400
-1.2456 1.2407 -0.0400
-1.2349 1.2688 -0.0400
-1.2067 1.3016 -0.0400
0.6166 2.2334 -0.0400
0.5055 2.2545 -0.0400
0.4891 2.3126 -0.0400
-0.3964 5.1023 -0.0400
-0.4675 5.1448 -0.0400
-1.4960 4.6243 -0.0400
-1.5768 4.5888 -0.0400
-1.6601 4.7943 -0.0400
-1.7445 4.7406 -0.0400
-1.8131 4.7457 -0.0400
-2.4361 5.9203 -0.0400
-2.5230 5.9204 -0.0400
-2.7702 5.3850 -0.0400
-2.8473 5.3751 -0.0400
-2.9305 5.4698 -0.0400
-3.3947 3.8086 -0.0400
-3.4230 3.7180 -0.0400
-3.4718 3.7063 -0.0400
-3.5264 3.7127 -0.0400
-3.5780 3.7079 -0.0400
-4.0899 4.0993 -0.0400
-4.1380 4.0600 -0.0400
-8.5880 1.4108 -0.0400
-8.0740 1.0867 -0.0400
-3.9548 0.6095 -0.0400
-3.8827 0.6065 -0.0400
-3.8640 0.5891 -0.0400
-3.8498 0.5705 -0.0400
-3.8394 0.5509 -0.0400
-3.8315 0.5305 -0.0400
-3.8264 0.5090 -0.0400
-3.8338 0.4822 -0.0400
-3.8406 0.4549 -0.0400
-3.8570 0.4226 -0.0400
-2.7218 -1.9704 -0.0400
-2.6701 -1.9250 -0.0400
-2.6194 -1.9272 -0.0400
-2.5681 -1.9454 -0.0400
-2.5145 -1.9937 -0.0400
-1.3113 -3.7766 -0.0400
-1.2187 -3.7841 -0.0400
-1.1339 -3.7637 -0.0400
-1.0391 -3.7719 -0.0400
1.0402 -1.9234 -0.0400
1.0850 -1.8542 -0.0400
1.2154 -1.8475 -0.0400
1.2972 -1.8024 -0.0400
2.6420 -1.6144 -0.0400
2.6313 -1.4955 -0.0400
1.2376 0.9768 -0.0400
1.2087 1.0445 -0.0400
1.2099 1.1124 -0.0400
-1.0645 1.0574 -0.0400
-1.0999 1.0830 -0.0400
-1.1891 1.1025 -0.0400
-1.2186 1.1254 -0.0400
-1.2348 1.1490 -0.0400
-1.2450 1.1729 -0.0400
-1.2507 1.1974 -0.0400
-1.2503 1.2229 -0.0400
-1.2459 1.2493 -0.0400
-1.2343 1.2776 -0.0400
0.6369 2.1808 -0.0400
0.5515 2.2137 -0.0400
0.5031 2.2591 -0.0400
0.4897 2.3184 -0.0400
-0.3991 5.0958 -0.0400
-1.5080 4.5826 -0.0400
-1.5768 4.5839 -0.0400
-1.6677 4.7577 -0.0400
-1.7440 4.7339 -0.0400
-1.8059 4.7675 -0.0400
-2.3419 5.9458 -0.0400
-2.4313 5.9026 -0.0400
-2.7651 5.4036 -0.0400
-2.8414 5.3714 -0.0400
-3.3767 3.7616 -0.0400
-3.4180 3.7219 -0.0400
-3.4651 3.7048 -0.0400
-3.5174 3.7050 -0.0400
-3.5811 3.7377 -0.0400
-4.0691 4.0738 -0.0400
-4.1283 4.0594 -0.0400
-8.0794 1.1056 -0.0400
-8.0966 1.0109 -0.0400
-3.9052 0.6129 -0.0400
-3.8794 0.5973 -0.0400
-3.8607 0.5800 -0.0400
-3.8437 0.5626 -0.0400
-3.8362 0.5420 -0.0400
-3.8318 0.5202 -0.0400
-3.8297 0.4973 -0.0400
-3.8324 0.4720 -0.0400
-3.8406 0.4437 -0.0400
-6.4847 -2.6594 -0.0400
-6.3917 -2.6975 -0.0400
-6.3478 -2.7836 -0.0400
-2.7808 -1.9897 -0.0400
-2.7278 -1.9461 -0.0400
-2.6764 -1.9280 -0.0400
-2.6255 -1.9255 -0.0400
-2.5743 -1.9370 -0.0400
-1.3152 -3.7860 -0.0400
-1.2262 -3.7811 -0.0400
-1.1247 -3.8122 -0.0400
-1.0396 -3.7887 -0.0400
1.0336 -1.9182 -0.0400
1.1083 -1.8716 -0.0400
1.2163 -1.8479 -0.0400
1.3074 -1.8092 -0.0400
2.6006 -1.5944 -0.0400
2.6424 -1.5007 -0.0400
3.1320 0.1646 -0.0400
1.2438 0.9815 -0.0400
1.2096 1.0493 -0.0400
-1.0677 1.0375 -0.0400
-1.1024 1.0637 -0.0400
-1.1206 1.0898 -0.0400
-1.1945 1.1105 -0.0400
-1.2214 1.1336 -0.0400
-1.2368 1.1573 -0.0400
-1.2479 1.1812 -0.0400
-1.2469 1.2066 -0.0400
-1.2415 1.2331 -0.0400
-1.2283 1.2614 -0.0400
-1.1885 1.2961 -0.0400
0.6448 2.1893 -0.0400
0.5537 2.2202 -0.0400
0.5015 2.2642 -0.0400
-0.3995 5.0944 -0.0400
-1.5131 4.5643 -0.0400
-1.5750 4.5870 -0.0400
-1.6733 4.7310 -0.0400
-1.7444 4.7259 -0.0400
-1.8015 4.7795 -0.0400
-2.3368 5.9484 -0.0400
-2.4264 5.8984 -0.0400
-2.6828 5.4374 -0.0400
-2.7594 5.3728 -0.0400
-2.8367 5.3829 -0.0400
-3.3668 3.7435 -0.0400
-3.4114 3.7176 -0.0400
-3.4614 3.7117 -0.0400
-3.5147 3.7153 -0.0400
-3.5686 3.7187 -0.0400
-4.0632 4.0797 -0.0400
-4.1178 4.0559 -0.0400
-8.5892 1.5543 -0.0400
-8.5934 1.4501 -0.0400
-8.0716 1.1241 -0.0400
-3.8508 0.5734 -0.0400
-3.8406 0.5537 -0.0400
-3.8330 0.5331 -0.0400
-3.8354 0.5084 -0.0400
-3.8390 0.4827 -0.0400
-3.8493 0.4534 -0.0400
-3.8836 0.4118 -0.0400
-6.6073 -2.6230 -0.0400
-6.5233 -2.6723 -0.0400
-6.4031 -2.6848 -0.0400
-6.3590 -2.7708 -0.0400
-2.7889 -2.0099 -0.0400
-2.7350 -1.9545 -0.0400
-2.6833 -1.9260 -0.0400
-2.6321 -1.9333 -0.0400
-2.5802 -1.9574 -0.0400
-2.5253 -2.0262 -0.0400
-1.3955 -3.8501 -0.0400
-1.3227 -3.7853 -0.0400
-1.2315 -3.7870 -0.0400
-1.1382 -3.7922 -0.0400
-1.0500 -3.7786 -0.0400
1.0046 -2.0012 -0.0400
1.0351 -1.9198 -0.0400
1.1269 -1.8860 -0.0400
1.2225 -1.8527 -0.0400
1.4288 -1.8949 -0.0400
2.6041 -1.7122 -0.0400
2.5844 -1.5870 -0.0400
2.7072 -1.5316 -0.0400
3.1386 0.1648 -0.0400
1.2442 0.9176 -0.0400
1.2119 0.9861 -0.0400
1.2087 1.0539 -0.0400
-1.0747 1.0454 -0.0400
-1.1061 1.0717 -0.0400
-1.1992 1.0927 -0.0400
-1.2224 1.1165 -0.0400
-1.2363 1.1406 -0.0400
-1.2446 1.1649 -0.0400
-1.2487 1.1896 -0.0400
-1.2475 1.2152 -0.0400
-1.2414 1.2418 -0.0400
-1.1735 1.2807 -0.0400
0.5855 2.1734 -0.0400
0.5226 2.2141 -0.0400
0.5062 2.2719 -0.0400
-0.3181 5.0715 -0.0400
-0.3945 5.1035 -0.0400
-1.5135 4.5626 -0.0400
-1.5649 4.6193 -0.0400
-1.6778 4.7109 -0.0400
-1.7442 4.7227 -0.0400
-1.8062 4.7533 -0.0400
-2.3325 5.9474 -0.0400
-2.7550 5.3761 -0.0400
-2.8351 5.4642 -0.0400
-3.3650 3.7549 -0.0400
-3.4075 3.7212 -0.0400
-3.4549 3.7068 -0.0400
-3.5116 3.7226 -0.0400
-3.5777 3.7636 -0.0400
-4.0547 4.0783 -0.0400
-8.6023 1.5748 -0.0400
-8.5805 1.4683 -0.0400
-8.0672 1.1425 -0.0400
-8.1192 1.0484 -0.0400
-6.5460 0.3473 -0.0400
-3.8336 0.5227 -0.0400
-3.8321 0.4993 -0.0400
-3.8360 0.4732 -0.0400
-6.5133 -2.6388 -0.0400
-6.4200 -2.6771 -0.0400
-5.1607 -1.9111 -0.0400
-5.0976 -1.9401 -0.0400
-6.2274 -3.4660 -0.0400
-2.7973 -2.0223 -0.0400
-2.7422 -1.9350 -0.0400
-2.6907 -1.9268 -0.0400
-2.6394 -1.9313 -0.0400
-2.5875 -1.9498 -0.0400
-1.3191 -3.8259 -0.0400
-1.2365 -3.7960 -0.0400
-1.1395 -3.8118 -0.0400
-1.0417 -3.8253 -0.0400
0.9925 -1.9927 -0.0400
1.0363 -1.9218 -0.0400
1.1718 -1.9211 -0.0400
1.2465 -1.8712 -0.0400
1.4327 -1.8987 -0.0400
2.6194 -1.7213 -0.0400
2.5882 -1.5899 -0.0400
1.2384 0.9221 -0.0400
1.2109 0.9906 -0.0400
-1.0369 1.0260 -0.0400
-1.1099 1.0523 -0.0400
-1.1638 1.0769 -0.0400
-1.2064 1.1005 -0.0400
-1.2268 1.1245 -0.0400
-1.2391 1.1487 -0.0400
-1.2460 1.1732 -0.0400
-1.2438 1.1989 -0.0400
-1.2366 1.2254 -0.0400
-1.2206 1.2540 -0.0400
0.5988 2.1840 -0.0400
0.5236 2.2204 -0.0400
0.5562 2.2980 -0.0400
-0.3214 5.0670 -0.0400
-0.3917 5.1097 -0.0400
-1.5149 4.5591 -0.0400
-1.5595 4.6372 -0.0400
-1.6781 4.7086 -0.0400
-1.7417 4.7310 -0.0400
-1.7967 4.7917 -0.0400
-2.3326 5.8891 -0.0400
-2.6746 5.3787 -0.0400
-2.7510 5.3697 -0.0400
-2.8293 5.4197 -0.0400
-3.3177 3.7882 -0.0400
-3.3571 3.7396 -0.0400
-3.4023 3.7175 -0.0400
-3.4529 3.7153 -0.0400
-3.5051 3.7169 -0.0400
-3.5603 3.7257 -0.0400
-4.0481 4.0798 -0.0400
-4.1095 4.0717 -0.0400
-8.5945 1.5930 -0.0400
-8.0680 1.1608 -0.0400
-6.5711 0.3599 -0.0400
-6.5855 0.2869 -0.0400
-3.8538 0.4539 -0.0400
-6.5208 -2.6215 -0.0400
-6.4335 -2.6657 -0.0400
-6.3843 -2.7469 -0.0400
-5.1906 -1.9231 -0.0400
-5.1132 -1.9357 -0.0400
-6.2450 -3.4598 -0.0400
-2.8030 -1.9587 -0.0400
-2.7504 -1.9362 -0.0400
-2.6987 -1.9280 -0.0400
-2.6472 -1.9310 -0.0400
-2.5942 -1.9868 -0.0400
-1.4165 -3.8333 -0.0400
-1.3354 -3.7978 -0.0400
-1.2457 -3.7931 -0.0400
-1.1420 -3.8301 -0.0400
0.9920 -1.9942 -0.0400
1.0392 -1.9258 -0.0400
1.1723 -1.9231 -0.0400
1.2791 -1.8966 -0.0400
1.4637 -1.9223 -0.0400
2.5539 -1.6892 -0.0400
2.5905 -1.5924 -0.0400
3.1333 0.0632 -0.0400
1.2969 0.8554 -0.0400
1.2276 0.9265 -0.0400
1.2087 0.9948 -0.0400
-1.0993 1.0329 -0.0400
-1.1168 1.0599 -0.0400
-1.1861 1.0839 -0.0400
-1.2153 1.1081 -0.0400
-1.2396 1.1317 -0.0400
-1.2450 1.1564 -0.0400
-1.2459 1.1816 -0.0400
-1.2427 1.2074 -0.0400
-1.2348 1.2342 -0.0400
0.6264 2.1350 -0.0400
0.5476 2.1714 -0.0400
0.5181 2.2243 -0.0400
0.5293 2.2931 -0.0400
-0.3290 5.0559 -0.0400
-1.4492 4.5519 -0.0400
-1.5154 4.5604 -0.0400
-1.5979 4.7459 -0.0400
-1.6802 4.7016 -0.0400
-1.7414 4.7323 -0.0400
-1.7947 4.7997 -0.0400
-2.2354 5.9812 -0.0400
-2.3294 5.8894 -0.0400
-2.6715 5.3748 -0.0400
-2.7477 5.3676 -0.0400
-2.8255 5.4129 -0.0400
-3.3217 3.8199 -0.0400
-3.3556 3.7476 -0.0400
-3.3996 3.7211 -0.0400
-3.4531 3.7295 -0.0400
-3.5040 3.7269 -0.0400
-3.9913 4.1120 -0.0400
-4.0437 4.0846 -0.0400
-8.5682 1.6091 -0.0400
-8.0767 1.1793 -0.0400
-6.5523 0.3797 -0.0400
-6.5496 0.3103 -0.0400
-6.6931 -2.5104 -0.0400
-6.5969 -2.5493 -0.0400
-6.5086 -2.5936 -0.0400
-6.4659 -2.6807 -0.0400
-5.2349 -1.8556 -0.0400
-5.1708 -1.8843 -0.0400
-6.3314 -3.3883 -0.0400
-2.8609 -1.9544 -0.0400
-2.8079 -1.9367 -0.0400
-2.7559 -1.9307 -0.0400
-2.7045 -1.9521 -0.0400
-2.6522 -1.9899 -0.0400
-1.5115 -3.8386 -0.0400
-1.4182 -3.8503 -0.0400
-1.3309 -3.8357 -0.0400
-1.2363 -3.8446 -0.0400
0.9363 -2.0575 -0.0400
1.0205 -2.0192 -0.0400
1.1243 -1.9947 -0.0400
1.3262 -2.0423 -0.0400
2.4994 -1.7782 -0.0400
2.5627 -1.6951 -0.0400
3.1089 -0.0368 -0.0400
1.2481 0.7911 -0.0400
1.2154 0.8613 -0.0400
-1.0872 0.9826 -0.0400
-1.1089 1.0105 -0.0400
-1.1606 1.0373 -0.0400
-1.2017 1.0626 -0.0400
-1.2316 1.0870 -0.0400
-1.2385 1.1119 -0.0400
-1.2420 1.1369 -0.0400
-1.2407 1.1623 -0.0400
-1.2223 1.1899 -0.0400
-1.1992 1.2188 -0.0400
0.6534 2.0834 -0.0400
0.5562 2.1150 -0.0400
0.5586 2.1793 -0.0400
-0.2588 5.0158 -0.0400
-1.3934 4.5165 -0.0400
-1.4544 4.5395 -0.0400
-1.5484 4.6775 -0.0400
-1.6182 4.6771 -0.0400
-1.6726 4.7312 -0.0400
-2.1525 5.9194 -0.0400
-2.2429 5.8768 -0.0400
-2.5159 5.4088 -0.0400
-2.5937 5.3629 -0.0400
-2.6697 5.3647 -0.0400
-3.2589 3.7750 -0.0400
-3.3016 3.7410 -0.0400
-3.3485 3.7267 -0.0400
-3.3997 3.7292 -0.0400
-3.4509 3.7297 -0.0400
-3.9407 4.1534 -0.0400
-3.9829 4.1013 -0.0400
-4.0495 4.1069 -0.0400
-8.5385 1.7224 -0.0400
-8.5882 1.6236 -0.0400
-8.0732 1.2858 -0.0400
-6.5788 0.4564 -0.0400
-6.5997 0.3831 -0.0400
-3.9584 0.6700 -0.0400
-3.9176 0.6576 -0.0400
-3.8934 0.6414 -0.0400
-6.6556 -2.5699 -0.0400
-6.5616 -2.6104 -0.0400
-6.4628 -2.6442 -0.0400
-5.1960 -1.8820 -0.0400
-5.1355 -1.9146 -0.0400
-5.1037 -1.9822 -0.0400
-2.6642 -1.9537 -0.0400
-2.6110 -1.9935 -0.0400
-1.4382 -3.8224 -0.0400
-1.3474 -3.8220 -0.0400
-1.2615 -3.8019 -0.0400
-1.1591 -3.8339 -0.0400
0.9893 -1.9977 -0.0400
1.1274 -2.0013 -0.0400
1.1777 -1.9325 -0.0400
1.4134 -2.0011 -0.0400
2.5728 -1.8217 -0.0400
2.5392 -1.6862 -0.0400
2.6081 -1.6055 -0.0400
1.2213 0.8660 -0.0400
-1.0469 0.9913 -0.0400
-1.0851 1.0202 -0.0400
-1.1226 1.0477 -0.0400
-1.1978 1.0729 -0.0400
-1.2305 1.0975 -0.0400
-1.2391 1.1224 -0.0400
-1.2440 1.1474 -0.0400
-1.2449 1.1726 -0.0400
-1.2327 1.1994 -0.0400
-1.2183 1.2271 -0.0400
-1.1838 1.2584 -0.0400
0.6669 2.0952 -0.0400
0.5786 2.1303 -0.0400
0.5340 2.1783 -0.0400
0.5273 2.2396 -0.0400
-1.4588 4.5339 -0.0400
-1.5107 4.5839 -0.0400
-1.5262 4.7550 -0.0400
-1.6170 4.6869 -0.0400
-1.6835 4.6963 -0.0400
-1.7382 4.7511 -0.0400
-2.2396 5.8817 -0.0400
-2.3244 5.8902 -0.0400
-2.6669 5.3607 -0.0400
-2.7428 5.3760 -0.0400
-3.3068 3.7762 -0.0400
-3.3457 3.7280 -0.0400
-3.3955 3.7262 -0.0400
-3.4472 3.7297 -0.0400
-3.5002 3.7356 -0.0400
-3.9796 4.1101 -0.0400
-4.0350 4.0907 -0.0400
-8.5522 1.6442 -0.0400
-8.0761 1.3095 -0.0400
-8.0547 1.2142 -0.0400
-6.6163 0.4730 -0.0400
-6.5529 0.4126 -0.0400
-6.5617 0.3414 -0.0400
-3.9467 0.6425 -0.0400
-3.9084 0.6306 -0.0400
-3.8740 0.6186 -0.0400
-3.8605 0.6000 -0.0400
-3.8507 0.5803 -0.0400
-6.6010 -2.5039 -0.0400
-6.5434 -2.5766 -0.0400
-5.2584 -1.8349 -0.0400
-5.1962 -1.8662 -0.0400
-5.1679 -1.9371 -0.0400
-1.5283 -3.8521 -0.0400
-1.4378 -3.8508 -0.0400
-1.3423 -3.8652 -0.0400
-1.2534 -3.8522 -0.0400
0.9161 -2.1585 -0.0400
0.9366 -2.0650 -0.0400
1.0726 -2.0692 -0.0400
1.1408 -2.0145 -0.0400
1.3331 -2.0545 -0.0400
2.4845 -1.8943 -0.0400
2.4994 -1.7840 -0.0400
2.6054 -1.7228 -0.0400
3.0772 -0.1359 -0.0400
3.1160 -0.0384 -0.0400
1.2569 0.7282 -0.0400
1.2200 0.7998 -0.0400
-1.0905 0.9691 -0.0400
-1.1088 0.9975 -0.0400
-1.1966 1.0259 -0.0400
-1.2154 1.0517 -0.0400
-1.2275 1.0771 -0.0400
-1.2391 1.1021 -0.0400
-1.2402 1.1274 -0.0400
-1.2306 1.1536 -0.0400
-1.2195 1.1803 -0.0400
-1.1981 1.2086 -0.0400
0.6934 2.0426 -0.0400
0.5717 2.0688 -0.0400
0.5622 2.1286 -0.0400
-0.1958 4.9699 -0.0400
-1.3272 4.5188 -0.0400
-1.3999 4.5107 -0.0400
-1.4481 4.5688 -0.0400
-1.4722 4.7046 -0.0400
-1.5589 4.6535 -0.0400
-1.6195 4.6822 -0.0400
-1.6647 4.7688 -0.0400
-2.1549 5.8640 -0.0400
-2.2386 5.8807 -0.0400
-2.5136 5.3819 -0.0400
-2.5902 5.3589 -0.0400
-2.6656 5.4031 -0.0400
-3.2094 3.7957 -0.0400
-3.2511 3.7549 -0.0400
-3.2962 3.7345 -0.0400
-3.3450 3.7302 -0.0400
-3.3971 3.7373 -0.0400
-3.9259 4.1404 -0.0400
-8.0881 1.4167 -0.0400
-8.0551 1.3200 -0.0400
-6.5656 0.4909 -0.0400
-6.5615 0.4221 -0.0400
-3.9491 0.6746 -0.0400
-3.9150 0.6610 -0.0400
-3.8927 0.6445 -0.0400
-3.8758 0.6268 -0.0400
-3.8628 0.6081 -0.0400
-3.8542 0.5879 -0.0400
-3.8508 0.5656 -0.0400
-3.8501 0.5419 -0.0400
-6.7310 -2.4701 -0.0400
-6.6333 -2.5082 -0.0400
-6.5523 -2.5598 -0.0400
-5.2816 -1.8368 -0.0400
-5.2085 -1.8562 -0.0400
-6.3885 -3.3703 -0.0400
-3.7709 -1.0839 -0.0400
-3.7130 -1.0605 -0.0400
-3.6579 -1.0391 -0.0400
-1.6201 -3.8944 -0.0400
-1.5400 -3.8484 -0.0400
-1.4479 -3.8534 -0.0400
-1.3571 -3.8501 -0.0400
0.9124 -2.1602 -0.0400
0.9731 -2.1011 -0.0400
1.0726 -2.0739 -0.0400
1.1522 -2.0279 -0.0400
1.3460 -2.0689 -0.0400
2.4916 -1.9023 -0.0400
2.5009 -1.7885 -0.0400
3.0746 -0.1362 -0.0400
1.2357 0.7329 -0.0400
-1.0421 0.9447 -0.0400
-1.1029 0.9764 -0.0400
-1.1776 1.0062 -0.0400
-1.2039 1.0329 -0.0400
-1.2290 1.0588 -0.0400
-1.2357 1.0842 -0.0400
-1.2390 1.1095 -0.0400
-1.2367 1.1351 -0.0400
-1.2318 1.1610 -0.0400
-1.2016 1.1896 -0.0400
0.7072 1.9877 -0.0400
0.6197 2.0262 -0.0400
0.5704 2.0739 -0.0400
0.5588 2.1331 -0.0400
-1.3407 4.4915 -0.0400
-1.3960 4.5287 -0.0400
-1.4860 4.6698 -0.0400
-1.5605 4.6556 -0.0400
-1.6207 4.6854 -0.0400
-2.0631 5.9044 -0.0400
-2.1543 5.8600 -0.0400
-2.2348 5.9085 -0.0400
-2.5130 5.3737 -0.0400
-2.5892 5.3556 -0.0400
-3.2075 3.7899 -0.0400
-3.2497 3.7527 -0.0400
-3.2949 3.7332 -0.0400
-3.3480 3.7479 -0.0400
-3.3980 3.7468 -0.0400
-3.4609 3.7897 -0.0400
-3.8766 4.1849 -0.0400
-3.9161 4.1256 -0.0400
-3.9771 4.1211 -0.0400
-8.0485 1.3368 -0.0400
-6.5678 0.5067 -0.0400
-3.9393 0.6665 -0.0400
-3.8949 0.6569 -0.0400
-3.8790 0.6389 -0.0400
-3.8666 0.6199 -0.0400
-3.8574 0.6000 -0.0400
-3.8507 0.5791 -0.0400
-3.8472 0.5568 -0.0400
-3.8607 0.5267 -0.0400
-3.8749 0.4953 -0.0400
-6.7814 -2.4891 -0.0400
-6.6279 -2.4784 -0.0400
-6.5829 -2.5630 -0.0400
-5.2737 -1.8039 -0.0400
-5.2279 -1.8540 -0.0400
-6.3983 -3.3526 -0.0400
-3.7175 -1.0408 -0.0400
-3.6716 -1.0390 -0.0400
-3.6265 -1.0372 -0.0400
-3.5883 -1.0499 -0.0400
-3.5532 -1.0698 -0.0400
-1.6315 -3.8954 -0.0400
-1.5509 -3.8504 -0.0400
-1.4583 -3.8571 -0.0400
-1.3597 -3.8821 -0.0400
-1.2633 -3.8932 -0.0400
0.8799 -2.1370 -0.0400
0.9688 -2.1029 -0.0400
1.0727 -2.0792 -0.0400
1.1549 -2.0352 -0.0400
2.4527 -1.8846 -0.0400
2.5454 -1.8172 -0.0400
3.0745 -0.1374 -0.0400
1.2417 0.7350 -0.0400
-1.0817 0.9534 -0.0400
-1.1145 0.9833 -0.0400
-1.1995 1.0134 -0.0400
-1.2151 1.0398 -0.0400
-1.2332 1.0656 -0.0400
-1.2391 1.0911 -0.0400
-1.2382 1.1166 -0.0400
-1.2282 1.1428 -0.0400
-1.2179 1.1693 -0.0400
0.6908 1.9883 -0.0400
0.6116 2.0291 -0.0400
0.5681 2.0787 -0.0400
-0.1205 4.9459 -0.0400
-0.1967 4.9781 -0.0400
-1.2628 4.5190 -0.0400
-1.3444 4.4907 -0.0400
-1.3998 4.5270 -0.0400
-1.4975 4.6437 -0.0400
-1.5612 4.6615 -0.0400
-1.6197 4.6969 -0.0400
-2.0639 5.8943 -0.0400
-2.1539 5.8579 -0.0400
-2.4359 5.3900 -0.0400
-2.5134 5.3554 -0.0400
-2.5887 5.3578 -0.0400
-3.1683 3.8507 -0.0400
-3.2050 3.7772 -0.0400
-3.2481 3.7468 -0.0400
-3.2958 3.7397 -0.0400
-3.3471 3.7469 -0.0400
-3.3970 3.7464 -0.0400
-3.4583 3.7849 -0.0400
-3.9159 4.1330 -0.0400
-6.6255 0.5844 -0.0400
-6.5669 0.5226 -0.0400
-3.9841 0.6902 -0.0400
-3.9351 0.6806 -0.0400
-3.9087 0.6653 -0.0400
-3.8894 0.6483 -0.0400
-3.8745 0.6302 -0.0400
-3.8616 0.6116 -0.0400
-3.8555 0.5905 -0.0400
-3.8523 0.5681 -0.0400
-3.8519 0.5442 -0.0400
-3.8575 0.5172 -0.0400
-3.8720 0.4853 -0.0400
-6.6600 -2.4822 -0.0400
-6.5799 -2.5348 -0.0400
-5.2968 -1.8052 -0.0400
-5.2344 -1.8368 -0.0400
-6.4092 -3.3360 -0.0400
-3.8126 -1.1085 -0.0400
-3.7396 -1.0565 -0.0400
-3.6811 -1.0291 -0.0400
-3.6399 -1.0360 -0.0400
-3.6002 -1.0456 -0.0400
-3.5643 -1.0639 -0.0400
-3.5344 -1.0982 -0.0400
-3.5033 -1.1314 -0.0400
-1.6461 -3.8840 -0.0400
-1.5617 -3.8555 -0.0400
-1.4667 -3.8709 -0.0400
-1.3708 -3.8847 -0.0400
-1.2757 -3.8908 -0.0400
0.8799 -2.1436 -0.0400
0.9514 -2.0942 -0.0400
1.0929 -2.1022 -0.0400
1.2908 -2.1505 -0.0400
2.4423 -2.0047 -0.0400
2.4422 -1.8838 -0.0400
2.5066 -1.8008 -0.0400
3.1134 -0.1471 -0.0400
1.2627 0.6655 -0.0400
-1.0753 0.9303 -0.0400
-1.1097 0.9611 -0.0400
-1.1835 0.9926 -0.0400
-1.2040 1.0199 -0.0400
-1.2264 1.0464 -0.0400
-1.2365 1.0721 -0.0400
-1.2380 1.0978 -0.0400
-1.2357 1.1235 -0.0400
-1.2229 1.1499 -0.0400
-1.1860 1.1787 -0.0400
0.6714 1.9880 -0.0400
0.5989 2.0305 -0.0400
0.5794 2.0875 -0.0400
-0.1313 4.9350 -0.0400
-1.2740 4.5010 -0.0400
-1.3466 4.4944 -0.0400
-1.3959 4.5467 -0.0400
-1.4229 4.6649 -0.0400
-1.5022 4.6388 -0.0400
-1.5640 4.6623 -0.0400
-1.6055 4.7544 -0.0400
-1.9742 5.9177 -0.0400
-2.0687 5.8574 -0.0400
-2.1527 5.8675 -0.0400
-2.4367 5.3809 -0.0400
-2.5141 5.3417 -0.0400
-2.5881 5.3797 -0.0400
-3.2029 3.7645 -0.0400
-3.2474 3.7424 -0.0400
-3.2966 3.7433 -0.0400
-3.3468 3.7466 -0.0400
-3.3976 3.7502 -0.0400
-3.8582 4.1504 -0.0400
-3.9117 4.1290 -0.0400
-6.5655 0.5383 -0.0400
-6.5739 0.4679 -0.0400
-3.9581 0.6863 -0.0400
-3.9238 0.6732 -0.0400
-3.8908 0.6607 -0.0400
-3.8772 0.6422 -0.0400
-3.8664 0.6229 -0.0400
-3.8578 0.6028 -0.0400
-3.8523 0.5815 -0.0400
-3.8583 0.5550 -0.0400
-3.8646 0.5277 -0.0400
-3.8810 0.4948 -0.0400
-5.2981 -1.7822 -0.0400
-5.2561 -1.8368 -0.0400
-6.4463 -3.3502 -0.0400
-3.8256 -1.1044 -0.0400
-3.7511 -1.0500 -0.0400
-3.7004 -1.0394 -0.0400
-3.6513 -1.0297 -0.0400
-3.6125 -1.0416 -0.0400
-3.5773 -1.0619 -0.0400
-3.5436 -1.0868 -0.0400
-3.5212 -1.1434 -0.0400
-3.4992 -1.2062 -0.0400
-4.3626 -3.9779 -0.0400
-4.2840 -4.0389 -0.0400
-1.4753 -3.8866 -0.0400
-1.3828 -3.8863 -0.0400
-1.2818 -3.9125 -0.0400
0.8273 -2.2172 -0.0400
0.8819 -2.1526 -0.0400
1.0192 -2.1600 -0.0400
1.0818 -2.0997 -0.0400
1.2757 -2.1452 -0.0400
2.4237 -1.9996 -0.0400
2.4397 -1.8880 -0.0400
2.5197 -1.8135 -0.0400
1.2540 0.6681 -0.0400
-1.0831 0.9363 -0.0400
-1.1212 0.9675 -0.0400
-1.2027 0.9994 -0.0400
-1.2245 1.0265 -0.0400
-1.2350 1.0526 -0.0400
-1.2383 1.0784 -0.0400
-1.2372 1.1041 -0.0400
-1.2300 1.1301 -0.0400
-1.2098 1.1572 -0.0400
0.7202 1.9418 -0.0400
0.6438 1.9852 -0.0400
0.5829 2.0308 -0.0400
0.5904 2.0959 -0.0400
-1.2123 4.4892 -0.0400
-1.2897 4.4730 -0.0400
-1.3499 4.4963 -0.0400
-1.4294 4.6567 -0.0400
-1.5052 4.6404 -0.0400
-1.5651 4.6694 -0.0400
-1.9724 5.9324 -0.0400
-2.0695 5.8546 -0.0400
-2.1524 5.8723 -0.0400
-2.4390 5.3535 -0.0400
-2.5147 5.3408 -0.0400
-2.5882 5.3895 -0.0400
-3.1630 3.8108 -0.0400
-3.2014 3.7513 -0.0400
-3.2474 3.7383 -0.0400
-3.2952 3.7341 -0.0400
-3.3479 3.7496 -0.0400
-3.4009 3.7624 -0.0400
-3.8559 4.1492 -0.0400
-3.9093 4.1281 -0.0400
-6.6108 0.6168 -0.0400
-6.5685 0.5531 -0.0400
-6.6095 0.4778 -0.0400
-3.9876 0.6899 -0.0400
-3.9192 0.6872 -0.0400
-3.9000 0.6702 -0.0400
-3.8845 0.6524 -0.0400
-3.8720 0.6337 -0.0400
-3.8624 0.6141 -0.0400
-3.8578 0.5924 -0.0400
-3.8553 0.5697 -0.0400
-3.8563 0.5451 -0.0400
-3.8633 0.5172 -0.0400
-5.3259 -1.7884 -0.0400
-5.2593 -1.8155 -0.0400
-6.4412 -3.3143 -0.0400
-3.7663 -1.0504 -0.0400
-3.7139 -1.0367 -0.0400
-3.6637 -1.0250 -0.0400
-3.6247 -1.0369 -0.0400
-3.5877 -1.0530 -0.0400
-3.5570 -1.0853 -0.0400
-3.5260 -1.1191 -0.0400
-4.3818 -3.9811 -0.0400
0.8579 -2.2543 -0.0400
0.8732 -2.1529 -0.0400
1.0150 -2.1643 -0.0400
1.2086 -2.2139 -0.0400
2.4235 -2.0062 -0.0400
2.4382 -1.8935 -0.0400
3.0617 -0.2469 -0.0400
-1.0688 0.9110 -0.0400
-1.1067 0.9433 -0.0400
-1.1721 0.9761 -0.0400
-1.2103 1.0052 -0.0400
-1.2267 1.0321 -0.0400
-1.2376 1.0583 -0.0400
-1.2371 1.0842 -0.0400
-1.2308 1.1102 -0.0400
-1.2157 1.1367 -0.0400
-1.1813 1.1649 -0.0400
0.6746 1.9347 -0.0400
0.6088 1.9803 -0.0400
0.5800 2.0347 -0.0400
0.6999 2.1345 -0.0400
-0.0709 4.8910 -0.0400
-1.2947 4.4716 -0.0400
-1.3455 4.5179 -0.0400
-1.3671 4.6437 -0.0400
-1.4430 4.6296 -0.0400
-1.5082 4.6425 -0.0400
-1.5550 4.7123 -0.0400
-1.9818 5.8762 -0.0400
-2.0714 5.8467 -0.0400
-2.4405 5.3486 -0.0400
-2.5153 5.3502 -0.0400
-3.1626 3.7997 -0.0400
-3.2024 3.7490 -0.0400
-3.2490 3.7402 -0.0400
-3.2987 3.7452 -0.0400
-3.3515 3.7613 -0.0400
-3.8133 4.2040 -0.0400
-3.8534 4.1456 -0.0400
-6.5964 0.4950 -0.0400
-3.9289 0.6964 -0.0400
-3.9082 0.6799 -0.0400
-3.8916 0.6624 -0.0400
-3.8747 0.6454 -0.0400
-3.8661 0.6255 -0.0400
-3.8595 0.6048 -0.0400
-3.8552 0.5829 -0.0400
-3.8650 0.5545 -0.0400
-3.8740 0.5256 -0.0400
-3.9023 0.4862 -0.0400
-3.7871 -1.0616 -0.0400
-3.7193 -1.0166 -0.0400
-3.6769 -1.0218 -0.0400
-3.6374 -1.0324 -0.0400
-3.6000 -1.0480 -0.0400
-3.5694 -1.0808 -0.0400
-3.5389 -1.1159 -0.0400
-3.5129 -1.1662 -0.0400
-4.3964 -3.9695 -0.0400
-4.3265 -4.0588 -0.0400
0.8149 -2.2234 -0.0400
0.8870 -2.1743 -0.0400
1.0103 -2.1688 -0.0400
1.0933 -2.1254 -0.0400
1.3162 -2.1941 -0.0400
2.3837 -1.9896 -0.0400
2.4636 -1.9152 -0.0400
3.0609 -0.2499 -0.0400
-1.0801 0.9165 -0.0400
-1.1137 0.9485 -0.0400
-1.1971 0.9827 -0.0400
-1.2224 1.0108 -0.0400
-1.2334 1.0375 -0.0400
-1.2377 1.0637 -0.0400
-1.2352 1.0897 -0.0400
-1.2289 1.1158 -0.0400
-1.2009 1.1429 -0.0400
0.7449 1.8922 -0.0400
0.6716 1.9381 -0.0400
0.5950 1.9809 -0.0400
0.5854 2.0407 -0.0400
-0.0712 4.8968 -0.0400
-1.2386 4.4505 -0.0400
-1.2965 4.4787 -0.0400
-1.4493 4.6236 -0.0400
-1.5098 4.6499 -0.0400
-1.8869 5.9347 -0.0400
-1.9822 5.8813 -0.0400
-2.0718 5.8525 -0.0400
-2.4426 5.3392 -0.0400
-2.5166 5.3512 -0.0400
-3.1191 3.8201 -0.0400
-3.1611 3.7777 -0.0400
-3.2036 3.7449 -0.0400
-3.2510 3.7413 -0.0400
-3.3006 3.7469 -0.0400
-3.3526 3.7598 -0.0400
-3.8027 4.1753 -0.0400
-3.8517 4.1428 -0.0400
-3.9587 0.6991 -0.0400
-3.9145 0.6900 -0.0400
-3.8975 0.6726 -0.0400
-3.8794 0.6561 -0.0400
-3.8701 0.6365 -0.0400
-3.8622 0.6164 -0.0400
-3.8624 0.5928 -0.0400
-3.8618 0.5691 -0.0400
-3.8661 0.5428 -0.0400
-3.8781 0.5119 -0.0400
-6.7912 -2.3982 -0.0400
-3.8588 -1.0783 -0.0400
-3.7865 -1.0291 -0.0400
-3.7353 -1.0183 -0.0400
-3.6911 -1.0199 -0.0400
-3.6505 -1.0286 -0.0400
-3.6143 -1.0471 -0.0400
-3.5810 -1.0734 -0.0400
-3.5503 -1.1080 -0.0400
-3.5240 -1.1572 -0.0400
-4.4145 -3.9676 -0.0400
0.8102 -2.2291 -0.0400
0.9559 -2.2464 -0.0400
1.0131 -2.1808 -0.0400
1.2079 -2.2315 -0.0400
2.3853 -1.9984 -0.0400
2.4484 -1.9141 -0.0400
3.0450 -0.3570 -0.0400
3.0897 -0.2604 -0.0400
-1.0258 0.8844 -0.0400
-1.1026 0.9229 -0.0400
-1.1791 0.9585 -0.0400
-1.2027 0.9875 -0.0400
-1.2254 1.0156 -0.0400
-1.2346 1.0423 -0.0400
-1.2357 1.0685 -0.0400
-1.2298 1.0947 -0.0400
-1.2163 1.1212 -0.0400
-1.1899 1.1486 -0.0400
0.7057 1.8868 -0.0400
0.6470 1.9358 -0.0400
0.5932 1.9844 -0.0400
0.6285 2.0572 -0.0400
0.0004 4.8635 -0.0400
-0.0692 4.9060 -0.0400
-1.1710 4.4544 -0.0400
-1.2438 4.4501 -0.0400
-1.2972 4.4885 -0.0400
-1.3887 4.6102 -0.0400
-1.4531 4.6255 -0.0400
-1.5093 4.6642 -0.0400
-1.8946 5.8998 -0.0400
-1.9871 5.8605 -0.0400
-2.0691 5.8833 -0.0400
-2.3685 5.3553 -0.0400
-2.4445 5.3391 -0.0400
-2.5147 5.4255 -0.0400
-3.1202 3.8098 -0.0400
-3.1605 3.7586 -0.0400
-3.2053 3.7410 -0.0400
-3.2545 3.7476 -0.0400
-3.3034 3.7500 -0.0400
-3.3569 3.7700 -0.0400
-3.7981 4.1617 -0.0400
-3.8532 4.1472 -0.0400
-3.9594 0.7107 -0.0400
-3.9318 0.6961 -0.0400
-3.9019 0.6831 -0.0400
-3.8880 0.6651 -0.0400
-3.8742 0.6473 -0.0400
-3.8660 0.6274 -0.0400
-3.8641 0.6048 -0.0400
-3.8621 0.5819 -0.0400
-3.8635 0.5572 -0.0400
-3.8993 0.5148 -0.0400
-6.8130 -2.3922 -0.0400
-6.6915 -2.4102 -0.0400
-6.6819 -2.5270 -0.0400
-3.7780 -1.0646 -0.0400
-3.7208 -1.0407 -0.0400
-3.6683 -1.0235 -0.0400
-3.6291 -1.0350 -0.0400
-3.5923 -1.0523 -0.0400
-3.5578 -1.0759 -0.0400
-3.5256 -1.1072 -0.0400
-3.5252 -1.2354 -0.0400
-4.3484 -3.9890 -0.0400
-2.9862 -2.0267 -0.0400
-2.9262 -1.9458 -0.0400
0.8574 -2.1712 -0.0400
0.9470 -2.1365 -0.0400
1.0544 -2.1150 -0.0400
2.4307 -1.9151 -0.0400
-1.0545 0.9222 -0.0400
-1.1085 0.9570 -0.0400
-1.1997 0.9925 -0.0400
-1.2157 1.0205 -0.0400
-1.2328 1.0479 -0.0400
-1.2376 1.0744 -0.0400
-1.2361 1.1008 -0.0400
-1.2284 1.1272 -0.0400
-1.2086 1.1543 -0.0400
-1.1556 1.1838 -0.0400
0.6910 1.9512 -0.0400
0.6016 1.9915 -0.0400
0.5767 2.0474 -0.0400
-0.1469 4.9450 -0.0400
-1.2368 4.4815 -0.0400
-1.3082 4.4788 -0.0400
-1.3599 4.5220 -0.0400
-1.3825 4.6431 -0.0400
-1.4568 4.6326 -0.0400
-1.5193 4.6530 -0.0400
-1.5718 4.7038 -0.0400
-1.9799 5.9225 -0.0400
-2.0762 5.8504 -0.0400
-2.4469 5.3495 -0.0400
-2.5210 5.3581 -0.0400
-2.5936 5.4131 -0.0400
-3.1678 3.7789 -0.0400
-3.2099 3.7451 -0.0400
-3.2554 3.7335 -0.0400
-3.3048 3.7402 -0.0400
-3.3550 3.7480 -0.0400
-3.8527 4.1438 -0.0400
-3.9234 4.1697 -0.0400
-3.9805 0.6954 -0.0400
-3.9270 0.6899 -0.0400
-3.9082 0.6734 -0.0400
-3.8865 0.6585 -0.0400
-3.8748 0.6401 -0.0400
-3.8645 0.6212 -0.0400
-3.8576 0.6008 -0.0400
-3.8582 0.5768 -0.0400
-3.8577 0.5529 -0.0400
-3.8830 0.5152 -0.0400
-6.7570 -2.4350 -0.0400
-6.6456 -2.4602 -0.0400
-6.5882 -2.5332 -0.0400
-3.8146 -1.0226 -0.0400
-3.7621 -1.0095 -0.0400
-3.7170 -1.0097 -0.0400
-3.6761 -1.0182 -0.0400
-3.6382 -1.0328 -0.0400
-3.6081 -1.0672 -0.0400
-3.5792 -1.1067 -0.0400
-3.5576 -1.1698 -0.0400
-4.4489 -3.9565 -0.0400
-3.0461 -1.9782 -0.0400
-2.9893 -1.9494 -0.0400
-2.9343 -1.9308 -0.0400
-2.8812 -1.9368 -0.0400
-2.8288 -1.9743 -0.0400
0.7471 -2.3099 -0.0400
0.8043 -2.2461 -0.0400
0.9423 -2.2563 -0.0400
1.0105 -2.1998 -0.0400
1.2088 -2.2534 -0.0400
2.3750 -2.0102 -0.0400
-1.0545 0.8639 -0.0400
-1.0906 0.8987 -0.0400
-1.1087 0.9301 -0.0400
-1.2047 0.9680 -0.0400
-1.2189 0.9962 -0.0400
-1.2322 1.0238 -0.0400
-1.2334 1.0504 -0.0400
-1.2297 1.0769 -0.0400
-1.2149 1.1034 -0.0400
-1.1790 1.1306 -0.0400
0.7509 1.8392 -0.0400
0.6505 1.8805 -0.0400
0.6059 1.9324 -0.0400
0.6130 1.9967 -0.0400
-0.0182 4.8505 -0.0400
-1.1791 4.4599 -0.0400
-1.2445 4.4722 -0.0400
-1.3248 4.6171 -0.0400
-1.3989 4.6090 -0.0400
-1.4600 4.6330 -0.0400
-1.9037 5.8720 -0.0400
-1.9895 5.8717 -0.0400
-2.2967 5.3718 -0.0400
-2.3748 5.3398 -0.0400
-2.4477 5.3631 -0.0400
-3.1219 3.7753 -0.0400
-3.1645 3.7436 -0.0400
-3.2116 3.7419 -0.0400
-3.2618 3.7550 -0.0400
-3.3115 3.7619 -0.0400
-3.7984 4.1573 -0.0400
-3.8979 0.6850 -0.0400
-3.8826 0.6679 -0.0400
-3.8735 0.6486 -0.0400
-3.8672 0.6281 -0.0400
-3.8623 0.6068 -0.0400
-3.8671 0.5809 -0.0400
-3.8701 0.5552 -0.0400
-6.8278 -2.3560 -0.0400
-6.7138 -2.3805 -0.0400
-6.7178 -2.5093 -0.0400
-5.3592 -1.7269 -0.0400
-5.3196 -1.7840 -0.0400
-3.8492 -1.0596 -0.0400
-3.7840 -1.0225 -0.0400
-3.7282 -1.0004 -0.0400
-3.6886 -1.0116 -0.0400
-3.6518 -1.0291 -0.0400
-3.6177 -1.0535 -0.0400
-3.5866 -1.0867 -0.0400
-3.5601 -1.1352 -0.0400
-4.4814 -3.9953 -0.0400
-3.0649 -2.0255 -0.0400
-3.0025 -1.9395 -0.0400
-2.9483 -1.9323 -0.0400
-2.8953 -1.9436 -0.0400
-2.8423 -1.9670 -0.0400
0.7656 -2.3410 -0.0400
0.7925 -2.2475 -0.0400
0.9468 -2.2727 -0.0400
1.1283 -2.3158 -0.0400
-1.1065 0.9031 -0.0400
-1.1674 0.9392 -0.0400
-1.2198 0.9722 -0.0400
-1.2278 0.9999 -0.0400
-1.2314 1.0270 -0.0400
-1.2311 1.0537 -0.0400
-1.2260 1.0803 -0.0400
-1.2056 1.1070 -0.0400
-1.0159 1.1363 -0.0400
0.7367 1.8386 -0.0400
0.6481 1.8826 -0.0400
0.6059 1.9352 -0.0400
0.6316 2.0045 -0.0400
-1.1140 4.4571 -0.0400
-1.1986 4.4302 -0.0400
-1.2509 4.4701 -0.0400
-1.3276 4.6230 -0.0400
-1.4029 4.6119 -0.0400
-1.4501 4.6738 -0.0400
-1.8165 5.8902 -0.0400
-1.9124 5.8379 -0.0400
-1.9965 5.8437 -0.0400
-2.3035 5.3370 -0.0400
-2.3781 5.3364 -0.0400
-2.4505 5.3639 -0.0400
-3.0838 3.8196 -0.0400
-3.1242 3.7636 -0.0400
-3.1683 3.7430 -0.0400
-3.2156 3.7435 -0.0400
-3.2652 3.7542 -0.0400
-3.3210 3.7909 -0.0400
-3.7491 4.1826 -0.0400
-3.8013 4.1610 -0.0400
-8.5088 2.0149 -0.0400
-3.8692 0.6390 -0.0400
-3.8672 0.6167 -0.0400
-3.8640 0.5946 -0.0400
-3.8753 0.5651 -0.0400
-3.8837 0.5362 -0.0400
-6.9082 -2.2771 -0.0400
-6.8251 -2.3297 -0.0400
-6.7229 -2.3641 -0.0400
-6.6805 -2.4504 -0.0400
-5.3836 -1.7292 -0.0400
-5.3208 -1.7605 -0.0400
-6.5245 -3.2627 -0.0400
-3.7449 -1.0028 -0.0400
-3.7028 -1.0090 -0.0400
-3.6641 -1.0219 -0.0400
-3.6331 -1.0540 -0.0400
-3.6039 -1.0926 -0.0400
-3.5821 -1.1547 -0.0400
-4.4874 -3.9551 -0.0400
-3.0779 -2.0108 -0.0400
-3.0183 -1.9587 -0.0400
-2.9623 -1.9311 -0.0400
-2.9090 -1.9368 -0.0400
-2.8568 -1.9840 -0.0400
0.7268 -2.3167 -0.0400
0.8106 -2.2780 -0.0400
0.9265 -2.2672 -0.0400
1.0140 -2.2276 -0.0400
-1.0526 0.8673 -0.0400
-1.1136 0.9059 -0.0400
-1.1919 0.9441 -0.0400
-1.2128 0.9739 -0.0400
-1.2309 1.0027 -0.0400
-1.2326 1.0297 -0.0400
-1.2253 1.0563 -0.0400
-1.2164 1.0831 -0.0400
-1.2012 1.1101 -0.0400
0.7009 1.8332 -0.0400
0.6260 1.8799 -0.0400
0.6077 1.9380 -0.0400
0.6408 2.0094 -0.0400
0.0523 4.8215 -0.0400
-0.0142 4.8685 -0.0400
-1.1998 4.4398 -0.0400
-1.2632 4.6173 -0.0400
-1.3455 4.5921 -0.0400
-1.4079 4.6126 -0.0400
-1.4565 4.6703 -0.0400
-1.8226 5.8736 -0.0400
-1.9169 5.8284 -0.0400
-2.3048 5.3553 -0.0400
-2.3803 5.3486 -0.0400
-2.4476 5.4460 -0.0400
-3.0837 3.7823 -0.0400
-3.1269 3.7523 -0.0400
-3.1732 3.7471 -0.0400
-3.2209 3.7501 -0.0400
-3.2700 3.7586 -0.0400
-3.3257 3.7951 -0.0400
-3.7485 4.1737 -0.0400
-3.8045 4.1642 -0.0400
-8.4781 2.1258 -0.0400
-8.5225 2.0301 -0.0400
-8.0147 1.6695 -0.0400
-8.0408 1.5791 -0.0400
-3.8710 0.5794 -0.0400
-3.8942 0.5433 -0.0400
-6.9250 -2.2673 -0.0400
-6.8474 -2.3247 -0.0400
-6.7338 -2.3495 -0.0400
-5.3828 -1.7043 -0.0400
-5.3415 -1.7593 -0.0400
-3.6424 -1.0391 -0.0400
-3.6104 -1.0698 -0.0400
-3.5826 -1.1142 -0.0400
-3.0933 -2.0181 -0.0400
-3.0329 -1.9590 -0.0400
-2.9767 -1.9306 -0.0400
-2.9233 -1.9377 -0.0400
-2.8702 -1.9574 -0.0400
0.7215 -2.3261 -0.0400
0.7906 -2.2731 -0.0400
0.9203 -2.2754 -0.0400
1.1293 -2.3435 -0.0400
-1.1016 0.8757 -0.0400
-1.1414 0.9108 -0.0400
-1.2005 0.9466 -0.0400
-1.2179 0.9762 -0.0400
-1.2319 1.0047 -0.0400
-1.2309 1.0318 -0.0400
-1.2258 1.0587 -0.0400
-1.2039 1.0852 -0.0400
-1.1792 1.1125 -0.0400
0.6946 1.8335 -0.0400
0.6226 1.8810 -0.0400
0.6188 1.9427 -0.0400
0.0412 4.8129 -0.0400
-1.1464 4.4146 -0.0400
-1.2066 4.4374 -0.0400
-1.3522 4.5889 -0.0400
-1.4024 4.6403 -0.0400
-1.8261 5.8710 -0.0400
-1.9115 5.8749 -0.0400
-2.3110 5.3317 -0.0400
-2.3819 5.3683 -0.0400
-3.0871 3.7701 -0.0400
-3.1313 3.7498 -0.0400
-3.1777 3.7466 -0.0400
-3.2272 3.7611 -0.0400
-3.2787 3.7813 -0.0400
-3.7500 4.1701 -0.0400
-3.8178 4.1955 -0.0400
-8.4797 2.1384 -0.0400
-8.5196 2.0420 -0.0400
-8.0812 1.7827 -0.0400
-8.0133 1.6815 -0.0400
-8.0533 1.5924 -0.0400
-6.9307 -2.2488 -0.0400
-6.8571 -2.3093 -0.0400
-6.7467 -2.3370 -0.0400
-5.4011 -1.7003 -0.0400
-5.3450 -1.7388 -0.0400
-6.5686 -3.2550 -0.0400
-4.5236 -3.9454 -0.0400
-3.0457 -1.9367 -0.0400
-2.9913 -1.9306 -0.0400
-2.9378 -1.9369 -0.0400
-2.8847 -1.9567 -0.0400
-1.8770 -3.9257 -0.0400
0.7145 -2.3345 -0.0400
0.7805 -2.2784 -0.0400
0.9207 -2.2904 -0.0400
1.1134 -2.3439 -0.0400
-1.0654 0.8399 -0.0400
-1.1009 0.8762 -0.0400
-1.1566 0.9137 -0.0400
-1.2034 0.9480 -0.0400
-1.2292 0.9786 -0.0400
-1.2315 1.0062 -0.0400
-1.2284 1.0333 -0.0400
-1.2218 1.0603 -0.0400
-1.1914 1.0868 -0.0400
-1.1428 1.1142 -0.0400
0.6571 1.8270 -0.0400
0.6228 1.8823 -0.0400
0.6230 1.9452 -0.0400
0.0365 4.8125 -0.0400
-1.0894 4.3962 -0.0400
-1.1549 4.4091 -0.0400
-1.1928 4.4786 -0.0400
-1.2893 4.5821 -0.0400
-1.3571 4.5904 -0.0400
-1.4108 4.6326 -0.0400
-1.7453 5.8592 -0.0400
-1.8410 5.8130 -0.0400
-2.2404 5.3299 -0.0400
-2.3144 5.3348 -0.0400
-2.3835 5.3908 -0.0400
-3.0475 3.7907 -0.0400
-3.0915 3.7647 -0.0400
-3.1364 3.7505 -0.0400
-3.1835 3.7526 -0.0400
-3.2328 3.7652 -0.0400
-3.7045 4.2020 -0.0400
-3.7529 4.1692 -0.0400
-8.4945 2.1527 -0.0400
-8.5018 2.0511 -0.0400
-8.0126 1.6929 -0.0400
-8.0542 1.6042 -0.0400
-6.9319 -2.2270 -0.0400
-6.8463 -2.2770 -0.0400
-6.7588 -2.3240 -0.0400
-5.4215 -1.6986 -0.0400
-5.3754 -1.7486 -0.0400
-3.1193 -1.9787 -0.0400
-3.0612 -1.9430 -0.0400
-3.0061 -1.9311 -0.0400
-2.9524 -1.9344 -0.0400
-2.9005 -1.9892 -0.0400
-1.8924 -3.9349 -0.0400
-1.7998 -3.9388 -0.0400
-1.7110 -3.9210 -0.0400
-1.6118 -3.9479 -0.0400
0.7044 -2.3407 -0.0400
0.8445 -2.3555 -0.0400
0.9120 -2.2977 -0.0400
1.1046 -2.3514 -0.0400
-1.0521 0.8374 -0.0400
-1.0971 0.8755 -0.0400
-1.2046 0.9204 -0.0400
-1.2206 0.9506 -0.0400
-1.2282 0.9792 -0.0400
-1.2304 1.0070 -0.0400
-1.2265 1.0343 -0.0400
-1.2063 1.0609 -0.0400
-1.1815 1.0879 -0.0400
0.7824 1.7879 -0.0400
0.6486 1.8260 -0.0400
0.6301 1.8848 -0.0400
0.6471 1.9519 -0.0400
0.0339 4.8147 -0.0400
-1.0878 4.4104 -0.0400
-1.1599 4.4107 -0.0400
-1.2062 4.4624 -0.0400
-1.2295 4.5668 -0.0400
-1.3011 4.5676 -0.0400
-1.3582 4.6009 -0.0400
-1.7451 5.8750 -0.0400
-1.8435 5.8172 -0.0400
-1.9213 5.8565 -0.0400
-2.2443 5.3302 -0.0400
-2.3181 5.3365 -0.0400
-2.3853 5.4112 -0.0400
-3.0509 3.7701 -0.0400
-3.0959 3.7556 -0.0400
-3.1418 3.7503 -0.0400
-3.1909 3.7668 -0.0400
-3.2385 3.7686 -0.0400
-3.7028 4.1839 -0.0400
-3.7647 4.1951 -0.0400
-8.4725 2.1600 -0.0400
-8.0158 1.7042 -0.0400
-6.9668 -2.2327 -0.0400
-6.8364 -2.2460 -0.0400
-6.7609 -2.3026 -0.0400
-5.4152 -1.6686 -0.0400
-5.3780 -1.7277 -0.0400
-3.8949 -1.0230 -0.0400
-3.8340 -0.9949 -0.0400
-3.1392 -2.0234 -0.0400
-3.0773 -1.9554 -0.0400
-3.0210 -1.9289 -0.0400
-2.9677 -1.9419 -0.0400
-2.9148 -1.9737 -0.0400
-1.9106 -3.9298 -0.0400
-1.8144 -3.9528 -0.0400
-1.7198 -3.9611 -0.0400
-1.6279 -3.9532 -0.0400
0.8328 -2.3609 -0.0400
0.9083 -2.3105 -0.0400
1.0994 -2.3628 -0.0400
-1.0903 0.8431 -0.0400
-1.1129 0.8774 -0.0400
-1.1977 0.9193 -0.0400
-1.2176 0.9502 -0.0400
-1.2264 0.9792 -0.0400
-1.2273 1.0071 -0.0400
-1.2188 1.0343 -0.0400
-1.2040 1.0614 -0.0400
-1.1755 1.0886 -0.0400
0.7172 1.7760 -0.0400
0.6512 1.8267 -0.0400
0.6344 1.8861 -0.0400
0.6679 1.9573 -0.0400
0.1059 4.7797 -0.0400
-1.0276 4.3962 -0.0400
-1.1072 4.3843 -0.0400
-1.1572 4.4274 -0.0400
-1.2293 4.5791 -0.0400
-1.3049 4.5714 -0.0400
-1.3647 4.5985 -0.0400
-1.7627 5.8112 -0.0400
-1.8454 5.8253 -0.0400
-2.2480 5.3336 -0.0400
-2.3152 5.3981 -0.0400
-3.0140 3.8171 -0.0400
-3.0573 3.7765 -0.0400
-3.1015 3.7550 -0.0400
-3.1484 3.7585 -0.0400
-3.1976 3.7746 -0.0400
-3.2486 3.7971 -0.0400
-3.6594 4.2209 -0.0400
-3.7070 4.1847 -0.0400
-3.7672 4.1907 -0.0400
-8.4691 2.1699 -0.0400
-8.0166 1.8073 -0.0400
-8.0195 1.7151 -0.0400
-6.5840 0.7598 -0.0400
-6.6033 0.6906 -0.0400
-6.9436 -2.1920 -0.0400
-6.8545 -2.2387 -0.0400
-6.7713 -2.2889 -0.0400
-6.7547 -2.3972 -0.0400
-5.4258 -1.6572 -0.0400
-5.3883 -1.7157 -0.0400
-3.8602 -1.0159 -0.0400
-3.7960 -0.9780 -0.0400
-3.7546 -0.9856 -0.0400
-3.7164 -0.9999 -0.0400
-3.1495 -1.9756 -0.0400
-3.0912 -1.9397 -0.0400
-3.0361 -1.9293 -0.0400
-2.9824 -1.9351 -0.0400
-2.9293 -1.9573 -0.0400
-1.9239 -3.9545 -0.0400
-1.8328 -3.9487 -0.0400
-1.7420 -3.9393 -0.0400
-1.6412 -3.9723 -0.0400
-1.0741 0.8389 -0.0400
-1.1907 0.8884 -0.0400
-1.2156 0.9209 -0.0400
-1.2268 0.9507 -0.0400
-1.2297 0.9791 -0.0400
-1.2267 1.0069 -0.0400
-1.2188 1.0343 -0.0400
-1.2042 1.0616 -0.0400
0.6773 1.7682 -0.0400
0.6412 1.8244 -0.0400
0.6692 1.8935 -0.0400
0.1137 4.7941 -0.0400
-1.0250 4.4113 -0.0400
-1.1113 4.3871 -0.0400
-1.1636 4.4258 -0.0400
-1.1666 4.5681 -0.0400
-1.2485 4.5491 -0.0400
-1.3099 4.5724 -0.0400
-1.3560 4.6321 -0.0400
-1.7586 5.8454 -0.0400
-1.8507 5.8164 -0.0400
-2.1778 5.3310 -0.0400
-2.2531 5.3272 -0.0400
-2.3212 5.3818 -0.0400
-3.0184 3.7969 -0.0400
-3.0615 3.7581 -0.0400
-3.1077 3.7573 -0.0400
-3.1556 3.7689 -0.0400
-3.2026 3.7695 -0.0400
-3.6610 4.2109 -0.0400
-3.7127 4.1891 -0.0400
-8.4764 2.2840 -0.0400
-8.4792 2.1818 -0.0400
-8.0597 1.8226 -0.0400
-8.0091 1.7238 -0.0400
-6.6057 0.8344 -0.0400
-6.5849 0.7695 -0.0400
-6.6161 0.6991 -0.0400
-6.7768 -2.2712 -0.0400
-5.4447 -1.6549 -0.0400
-5.4052 -1.7113 -0.0400
-3.9348 -1.0383 -0.0400
-3.8649 -0.9934 -0.0400
-3.8141 -0.9832 -0.0400
-3.7698 -0.9851 -0.0400
-3.7296 -0.9947 -0.0400
-3.6953 -1.0185 -0.0400
-3.6642 -1.0513 -0.0400
-3.6379 -1.0989 -0.0400
-3.1081 -1.9577 -0.0400
-3.0512 -1.9274 -0.0400
-2.9980 -1.9411 -0.0400
-2.9452 -1.9760 -0.0400
-1.9418 -3.9544 -0.0400
-1.8499 -3.9523 -0.0400
-1.7563 -3.9563 -0.0400
-1.6607 -3.9653 -0.0400
-1.0546 0.8014 -0.0400
-1.1004 0.8415 -0.0400
-1.1681 0.8832 -0.0400
-1.2070 0.9183 -0.0400
-1.2214 0.9489 -0.0400
-1.2292 0.9781 -0.0400
-1.2216 1.0057 -0.0400
-1.2082 1.0330 -0.0400
-1.1834 1.0601 -0.0400
-0.9721 1.0816 -0.0400
0.6649 1.7650 -0.0400
0.6420 1.8237 -0.0400
0.6471 1.8880 -0.0400
0.1652 4.7318 -0.0400
0.0911 4.7702 -0.0400
-1.0367 4.3998 -0.0400
-1.1109 4.3982 -0.0400
-1.1677 4.5767 -0.0400
-1.2523 4.5525 -0.0400
-1.3151 4.5729 -0.0400
-1.6775 5.8367 -0.0400
-1.7732 5.7963 -0.0400
-2.1802 5.3441 -0.0400
-2.2536 5.3560 -0.0400
-2.9820 3.8661 -0.0400
-3.0223 3.7668 -0.0400
-3.0677 3.7585 -0.0400
-3.1144 3.7625 -0.0400
-3.1620 3.7709 -0.0400
-3.2160 3.8205 -0.0400
-3.6125 4.2271 -0.0400
-3.6615 4.1953 -0.0400
-3.7173 4.1889 -0.0400
-8.4628 2.1882 -0.0400
-8.0015 1.8241 -0.0400
-8.0359 1.7361 -0.0400
-6.6102 0.8431 -0.0400
-6.5851 0.7788 -0.0400
-6.6157 0.7087 -0.0400
-5.4475 -1.6359 -0.0400
-5.4012 -1.6844 -0.0400
-3.8902 -1.0129 -0.0400
-3.8232 -0.9697 -0.0400
-3.7811 -0.9759 -0.0400
-3.7421 -0.9883 -0.0400
-3.7059 -1.0070 -0.0400
-3.6723 -1.0329 -0.0400
-3.6419 -1.0686 -0.0400
-3.1154 -1.9250 -0.0400
-3.0616 -1.9292 -0.0400
-3.0087 -1.9507 -0.0400
-2.0439 -3.9642 -0.0400
-1.9503 -3.9749 -0.0400
-1.8559 -3.9842 -0.0400
-1.7612 -3.9906 -0.0400
-1.0895 0.7746 -0.0400
-1.1149 0.8114 -0.0400
-1.1990 0.8573 -0.0400
-1.2193 0.8900 -0.0400
-1.2270 0.9199 -0.0400
-1.2281 0.9486 -0.0400
-1.2221 0.9764 -0.0400
-1.2103 1.0038 -0.0400
-1.1366 1.0272 -0.0400
0.7445 1.6497 -0.0400
0.6754 1.7028 -0.0400
0.6599 1.7631 -0.0400
0.6776 1.8298 -0.0400
0.2140 4.6657 -0.0400
-1.0061 4.3286 -0.0400
-1.0545 4.3738 -0.0400
-1.1144 4.5410 -0.0400
-1.1988 4.5196 -0.0400
-1.2461 4.5734 -0.0400
-1.5920 5.8382 -0.0400
-1.6842 5.8188 -0.0400
-2.0324 5.3408 -0.0400
-2.1143 5.3055 -0.0400
-2.1848 5.3330 -0.0400
-2.8905 3.8530 -0.0400
-2.9354 3.7889 -0.0400
-2.9805 3.7675 -0.0400
-3.0262 3.7615 -0.0400
-3.0730 3.7693 -0.0400
-3.1220 3.7933 -0.0400
-3.5678 4.2659 -0.0400
-3.6117 4.2107 -0.0400
-8.4304 2.3922 -0.0400
-8.4748 2.2989 -0.0400
-8.0064 1.9229 -0.0400
-6.6271 0.9143 -0.0400
-6.5868 0.8507 -0.0400
-5.5023 -1.5822 -0.0400
-5.4730 -1.6484 -0.0400
-3.9906 -1.0021 -0.0400
-3.9229 -0.9644 -0.0400
-3.8725 -0.9562 -0.0400
-3.8283 -0.9588 -0.0400
-3.7880 -0.9685 -0.0400
-3.7530 -0.9899 -0.0400
-3.7212 -1.0198 -0.0400
-3.6934 -1.0612 -0.0400
-3.6756 -1.1325 -0.0400
-1.9790 -3.9495 -0.0400
-1.8837 -3.9661 -0.0400
-1.7914 -3.9629 -0.0400
-1.0656 0.7974 -0.0400
-1.1024 0.8362 -0.0400
-1.1764 0.8795 -0.0400
-1.2262 0.9165 -0.0400
-1.2296 0.9458 -0.0400
-1.2264 0.9742 -0.0400
-1.2174 1.0020 -0.0400
-1.2007 1.0295 -0.0400
-1.1662 1.0565 -0.0400
0.7358 1.7093 -0.0400
0.6637 1.7611 -0.0400
0.6481 1.8216 -0.0400
0.1499 4.7204 -0.0400
-1.0065 4.3397 -0.0400
-1.0677 4.3622 -0.0400
-1.1102 4.4193 -0.0400
-1.2036 4.5236 -0.0400
-1.2637 4.5502 -0.0400
-1.3109 4.6056 -0.0400
-1.6949 5.7948 -0.0400
-1.7772 5.8106 -0.0400
-2.1193 5.3104 -0.0400
-2.1919 5.3247 -0.0400
-2.2515 5.4337 -0.0400
-2.9468 3.8597 -0.0400
-2.9904 3.7871 -0.0400
-3.0351 3.7646 -0.0400
-3.0817 3.7708 -0.0400
-3.1288 3.7770 -0.0400
-3.1773 3.7927 -0.0400
-3.6176 4.2064 -0.0400
-3.6756 4.2091 -0.0400
-8.4408 2.3028 -0.0400
-7.9933 1.8395 -0.0400
-8.0548 1.7552 -0.0400
-6.5935 0.8610 -0.0400
-6.5964 0.7946 -0.0400
-4.0302 0.7768 -0.0400
-3.9733 0.7729 -0.0400
-3.9474 0.7600 -0.0400
-3.9094 -0.9894 -0.0400
-3.8566 -0.9756 -0.0400
-3.8061 -0.9640 -0.0400
-3.7674 -0.9768 -0.0400
-3.7311 -0.9951 -0.0400
-3.6972 -1.0197 -0.0400
-3.6661 -1.0531 -0.0400
-1.9964 -3.9554 -0.0400
-1.9006 -3.9748 -0.0400
-1.8011 -4.0058 -0.0400
-1.7055 -4.0113 -0.0400
-1.0926 0.7987 -0.0400
-1.1151 0.8348 -0.0400
-1.2014 0.8802 -0.0400
-1.2193 0.9124 -0.0400
-1.2262 0.9425 -0.0400
-1.2267 0.9715 -0.0400
-1.2093 0.9987 -0.0400
-1.1840 1.0259 -0.0400
-0.9756 1.0435 -0.0400
0.7468 1.7080 -0.0400
0.6603 1.7578 -0.0400
0.6827 1.8257 -0.0400
0.2376 4.6993 -0.0400
0.1626 4.7382 -0.0400
-1.0009 4.3576 -0.0400
-1.0680 4.3705 -0.0400
-1.1408 4.5115 -0.0400
-1.2092 4.5220 -0.0400
-1.2666 4.5543 -0.0400
-1.3097 4.6191 -0.0400
-1.7011 5.7837 -0.0400
-2.1223 5.3183 -0.0400
-2.1970 5.3202 -0.0400
-2.2624 5.3861 -0.0400
-2.9509 3.7910 -0.0400
-2.9960 3.7677 -0.0400
-3.0415 3.7613 -0.0400
-3.0883 3.7701 -0.0400
-3.1353 3.7764 -0.0400
-3.1839 3.7930 -0.0400
-3.5714 4.2273 -0.0400
-3.6231 4.2061 -0.0400
-3.6860 4.2274 -0.0400
-8.4345 2.3090 -0.0400
-7.9926 1.9386 -0.0400
-8.0009 1.8479 -0.0400
-6.6038 0.8676 -0.0400
-6.5875 0.8031 -0.0400
-3.9758 0.7784 -0.0400
-3.9489 0.7659 -0.0400
-3.9207 0.7548 -0.0400
-3.9079 0.7385 -0.0400
-3.8970 0.7216 -0.0400
-3.9258 -0.9919 -0.0400
-3.8614 -0.9543 -0.0400
-3.8193 -0.9602 -0.0400
-3.7799 -0.9715 -0.0400
-3.7428 -0.9877 -0.0400
-3.7133 -1.0232 -0.0400
-3.6845 -1.0628 -0.0400
-3.6638 -1.1283 -0.0400
-2.1841 -4.0111 -0.0400
-2.0968 -3.9791 -0.0400
-2.0029 -3.9900 -0.0400
-1.8994 -4.0480 -0.0400
-1.8121 -4.0129 -0.0400
-1.0770 0.7600 -0.0400
-1.1078 0.7988 -0.0400
-1.2171 0.8505 -0.0400
-1.2276 0.8819 -0.0400
-1.2290 0.9114 -0.0400
-1.2241 0.9400 -0.0400
-1.2133 0.9679 -0.0400
-1.1940 0.9953 -0.0400
-1.1518 1.0215 -0.0400
0.7921 1.5824 -0.0400
0.7033 1.6353 -0.0400
0.6745 1.6946 -0.0400
0.6868 1.7603 -0.0400
0.2702 4.6137 -0.0400
-0.8874 4.2993 -0.0400
-0.9607 4.3036 -0.0400
-0.9960 4.3713 -0.0400
-1.0753 4.4995 -0.0400
-1.1528 4.4939 -0.0400
-1.2043 4.5383 -0.0400
-1.5291 5.7848 -0.0400
-1.6228 5.7612 -0.0400
-1.9781 5.2975 -0.0400
-2.0544 5.2941 -0.0400
-2.1208 5.3430 -0.0400
-2.9092 3.7962 -0.0400
-2.9546 3.7704 -0.0400
-3.0008 3.7744 -0.0400
-3.0475 3.7829 -0.0400
-3.0953 3.7995 -0.0400
-3.5204 4.2353 -0.0400
-3.5732 4.2186 -0.0400
-8.3971 2.5096 -0.0400
-8.4270 2.4141 -0.0400
-8.0113 2.0385 -0.0400
-7.9703 1.9396 -0.0400
-6.6418 1.0021 -0.0400
-6.5904 0.9387 -0.0400
-6.6135 0.8715 -0.0400
-3.9845 0.8011 -0.0400
-3.9412 0.7937 -0.0400
-3.9255 0.7782 -0.0400
-3.9126 0.7619 -0.0400
-3.9020 0.7451 -0.0400
-3.8934 0.7275 -0.0400
-3.8878 0.7087 -0.0400
-3.8841 0.6890 -0.0400
-3.9703 -0.9673 -0.0400
-3.9060 -0.9324 -0.0400
-3.8640 -0.9391 -0.0400
-3.8246 -0.9503 -0.0400
-3.7893 -0.9705 -0.0400
-3.7567 -0.9975 -0.0400
-3.7268 -1.0326 -0.0400
-3.7022 -1.0839 -0.0400
-3.2775 -1.9762 -0.0400
-3.2170 -1.9328 -0.0400
-2.1159 -3.9753 -0.0400
-2.0192 -4.0042 -0.0400
-1.9218 -4.0282 -0.0400
-1.0639 0.7186 -0.0400
-1.1065 0.7613 -0.0400
-1.1618 0.8048 -0.0400
-1.2083 0.8444 -0.0400
-1.2218 0.8767 -0.0400
-1.2265 0.9070 -0.0400
-1.2202 0.9356 -0.0400
-1.2048 0.9632 -0.0400
-1.1767 0.9901 -0.0400
0.6864 1.6290 -0.0400
0.6874 1.6928 -0.0400
0.2750 4.6203 -0.0400
-0.8973 4.2900 -0.0400
-0.9632 4.3065 -0.0400
-0.9997 4.3723 -0.0400
-1.0170 4.4751 -0.0400
-1.0937 4.4731 -0.0400
-1.1530 4.5021 -0.0400
-1.1943 4.5676 -0.0400
-1.5342 5.7778 -0.0400
-1.6259 5.7618 -0.0400
-1.9812 5.3023 -0.0400
-2.0586 5.2943 -0.0400
-2.1270 5.3319 -0.0400
-2.8696 3.8039 -0.0400
-2.9155 3.7729 -0.0400
-2.9612 3.7649 -0.0400
-3.0074 3.7720 -0.0400
-3.0541 3.7817 -0.0400
-3.1016 3.7952 -0.0400
-3.5261 4.2347 -0.0400
-8.4100 2.5190 -0.0400
-8.4103 2.4167 -0.0400
-7.9538 2.0346 -0.0400
-7.9995 1.9504 -0.0400
-6.5966 0.9446 -0.0400
-3.9672 0.8116 -0.0400
-3.9449 0.7978 -0.0400
-3.9282 0.7828 -0.0400
-3.9146 0.7670 -0.0400
-3.9016 0.7512 -0.0400
-3.8946 0.7332 -0.0400
-3.8889 0.7147 -0.0400
-3.8855 0.6950 -0.0400
-3.8920 0.6705 -0.0400
-3.8966 0.6463 -0.0400
-3.9069 0.6186 -0.0400
-3.9770 -0.9520 -0.0400
-3.9261 -0.9432 -0.0400
-3.8755 -0.9326 -0.0400
-3.8364 -0.9444 -0.0400
-3.8010 -0.9640 -0.0400
-3.7680 -0.9897 -0.0400
-3.7373 -1.0225 -0.0400
-3.2349 -1.9544 -0.0400
-3.1763 -1.9174 -0.0400
-3.1231 -1.9291 -0.0400
-3.0710 -1.9614 -0.0400
-2.0390 -3.9981 -0.0400
-1.9362 -4.0530 -0.0400
-1.8473 -4.0254 -0.0400
-1.0206 0.7023 -0.0400
-1.0958 0.7533 -0.0400
-1.1160 0.7901 -0.0400
-1.2220 0.8418 -0.0400
-1.2287 0.8729 -0.0400
-1.2290 0.9027 -0.0400
-1.2225 0.9314 -0.0400
-1.2102 0.9595 -0.0400
-1.1889 0.9871 -0.0400
0.7741 1.5711 -0.0400
0.6965 1.6258 -0.0400
0.6809 1.6874 -0.0400
0.7282 1.7594 -0.0400
0.3474 4.5781 -0.0400
0.2787 4.6252 -0.0400
-0.9094 4.2767 -0.0400
-0.9618 4.3153 -0.0400
-1.0261 4.4657 -0.0400
-1.1021 4.4648 -0.0400
-1.1565 4.5031 -0.0400
-1.4385 5.8114 -0.0400
-1.5438 5.7552 -0.0400
-1.9857 5.3005 -0.0400
-2.0585 5.3152 -0.0400
-2.8762 3.8108 -0.0400
-2.9222 3.7655 -0.0400
-2.9682 3.7713 -0.0400
-3.0147 3.7837 -0.0400
-3.0617 3.7944 -0.0400
-3.4784 4.2476 -0.0400
-3.5305 4.2270 -0.0400
-8.4100 2.5246 -0.0400
-7.9570 2.0406 -0.0400
-7.9783 1.9527 -0.0400
-6.6204 1.0145 -0.0400
-6.5892 0.9507 -0.0400
-6.6298 0.8827 -0.0400
-4.0290 0.8189 -0.0400
-3.9757 0.8135 -0.0400
-3.9502 0.8008 -0.0400
-3.9317 0.7865 -0.0400
-3.9122 0.7730 -0.0400
-3.9029 0.7561 -0.0400
-3.8956 0.7384 -0.0400
-3.8896 0.7202 -0.0400
-3.8921 0.6982 -0.0400
-3.8925 0.6766 -0.0400
-3.8973 0.6526 -0.0400
-3.9082 0.6249 -0.0400
-3.9998 -0.9678 -0.0400
-3.9334 -0.9292 -0.0400
-3.8901 -0.9332 -0.0400
-3.8477 -0.9379 -0.0400
-3.8110 -0.9543 -0.0400
-3.7800 -0.9845 -0.0400
-3.7492 -1.0166 -0.0400
-3.7469 -1.1258 -0.0400
-3.3096 -1.9855 -0.0400
-3.2479 -1.9348 -0.0400
-3.1918 -1.9195 -0.0400
-3.1378 -1.9214 -0.0400
-3.0849 -1.9397 -0.0400
0.4471 -2.6519 -0.0400
-1.0897 0.7456 -0.0400
-1.1964 0.8005 -0.0400
-1.2176 0.8354 -0.0400
-1.2268 0.8672 -0.0400
-1.2280 0.8973 -0.0400
-1.2174 0.9257 -0.0400
-1.1998 0.9535 -0.0400
-1.1659 0.9802 -0.0400
0.7254 1.5601 -0.0400
0.6889 1.6196 -0.0400
0.7007 1.6854 -0.0400
0.3360 4.5658 -0.0400
-0.8420 4.2663 -0.0400
-0.9161 4.2716 -0.0400
-0.9660 4.3141 -0.0400
-1.0394 4.4482 -0.0400
-1.1046 4.4669 -0.0400
-1.1570 4.5093 -0.0400
-1.4532 5.7724 -0.0400
-1.5459 5.7576 -0.0400
-1.9942 5.2794 -0.0400
-2.0612 5.3217 -0.0400
-2.8361 3.8163 -0.0400
-2.8830 3.7783 -0.0400
-2.9289 3.7652 -0.0400
-2.9748 3.7692 -0.0400
-3.0215 3.7831 -0.0400
-3.0718 3.8454 -0.0400
-3.4854 4.2530 -0.0400
-3.5431 4.2587 -0.0400
-8.3774 2.5215 -0.0400
-7.9542 2.0450 -0.0400
-6.5937 1.0203 -0.0400
-6.6004 0.9551 -0.0400
-3.9632 0.8213 -0.0400
-3.9425 0.8075 -0.0400
-3.9269 0.7925 -0.0400
-3.9143 0.7768 -0.0400
-3.9042 0.7603 -0.0400
-3.8962 0.7432 -0.0400
-3.8933 0.7239 -0.0400
-3.8914 0.7040 -0.0400
-3.8916 0.6828 -0.0400
-3.8954 0.6595 -0.0400
-3.9543 0.6076 -0.0400
-3.9475 -0.9293 -0.0400
-3.8987 -0.9221 -0.0400
-3.8596 -0.9335 -0.0400
-3.8229 -0.9496 -0.0400
-3.7885 -0.9713 -0.0400
-3.7627 -1.0152 -0.0400
-3.7361 -1.0600 -0.0400
-3.2652 -1.9521 -0.0400
-3.2065 -1.9143 -0.0400
-3.1532 -1.9240 -0.0400
-3.1010 -1.9515 -0.0400
-3.0501 -2.0249 -0.0400
0.4760 -2.5767 -0.0400
0.6163 -2.5973 -0.0400
0.6928 -2.5468 -0.0400
-1.1186 0.7453 -0.0400
-1.1919 0.7931 -0.0400
-1.2151 0.8286 -0.0400
-1.2247 0.8608 -0.0400
-1.2285 0.8916 -0.0400
-1.2192 0.9203 -0.0400
-1.2043 0.9486 -0.0400
-1.1779 0.9761 -0.0400
0.7691 1.5590 -0.0400
0.6956 1.6148 -0.0400
0.3345 4.5636 -0.0400
-0.8575 4.2472 -0.0400
-0.9170 4.2747 -0.0400
-0.9691 4.4421 -0.0400
-1.0498 4.4352 -0.0400
-1.1081 4.4665 -0.0400
-1.1478 4.5335 -0.0400
-1.3674 5.7688 -0.0400
-1.4683 5.7322 -0.0400
-1.5536 5.7401 -0.0400
-1.9247 5.2670 -0.0400
-1.9974 5.2816 -0.0400
-2.0613 5.3395 -0.0400
-2.8426 3.8176 -0.0400
-2.8897 3.7655 -0.0400
-2.9356 3.7688 -0.0400
-2.9820 3.7845 -0.0400
-3.0285 3.7908 -0.0400
-3.0775 3.8307 -0.0400
-3.4389 4.2737 -0.0400
-3.4879 4.2340 -0.0400
-3.5462 4.2443 -0.0400
-8.3849 2.5279 -0.0400
-7.9323 2.1365 -0.0400
-7.9511 2.0488 -0.0400
-6.6026 1.0243 -0.0400
-6.5895 0.9602 -0.0400
-6.6446 0.8918 -0.0400
-4.0158 0.8298 -0.0400
-3.9722 0.8219 -0.0400
-3.9483 0.8092 -0.0400
-3.9307 0.7949 -0.0400
-3.9123 0.7815 -0.0400
-3.9037 0.7647 -0.0400
-3.8972 0.7472 -0.0400
-3.8924 0.7289 -0.0400
-3.8901 0.7094 -0.0400
-3.8896 0.6889 -0.0400
-3.9095 0.6581 -0.0400
-3.9315 0.6250 -0.0400
-7.1562 -1.9397 -0.0400
-3.8335 -0.9429 -0.0400
-3.8019 -0.9708 -0.0400
-3.7700 -0.9994 -0.0400
-3.7542 -1.0714 -0.0400
-3.3373 -1.9655 -0.0400
-3.2773 -1.9272 -0.0400
-3.2216 -1.9152 -0.0400
-3.1678 -1.9181 -0.0400
-3.1151 -1.9359 -0.0400
0.4041 -2.6538 -0.0400
0.4609 -2.5849 -0.0400
0.5985 -2.6030 -0.0400
0.6791 -2.5569 -0.0400
-1.1214 0.7386 -0.0400
-1.1948 0.7867 -0.0400
-1.2156 0.8220 -0.0400
-1.2316 0.8555 -0.0400
-1.2289 0.8853 -0.0400
-1.2203 0.9143 -0.0400
-1.2071 0.9429 -0.0400
-1.1208 0.9646 -0.0400
0.8080 1.4909 -0.0400
0.7189 1.5469 -0.0400
0.6930 1.6081 -0.0400
0.7146 1.6756 -0.0400
0.3489 4.5773 -0.0400
-0.8609 4.2456 -0.0400
-0.9177 4.2775 -0.0400
-0.9848 4.4199 -0.0400
-1.0534 4.4337 -0.0400
-1.1033 4.4805 -0.0400
-1.3687 5.7710 -0.0400
-1.4762 5.7140 -0.0400
-1.9251 5.2794 -0.0400
-1.9983 5.2930 -0.0400
-2.0522 5.4017 -0.0400
-2.8025 3.8102 -0.0400
-2.8501 3.7771 -0.0400
-2.8963 3.7651 -0.0400
-2.9422 3.7687 -0.0400
-2.9885 3.7843 -0.0400
-3.0367 3.8273 -0.0400
-3.4398 4.2438 -0.0400
-3.4961 4.2453 -0.0400
-8.3664 2.6292 -0.0400
-8.3627 2.5262 -0.0400
-7.9239 2.1385 -0.0400
-7.9575 2.0538 -0.0400
-6.6176 1.0924 -0.0400
-6.5885 1.0285 -0.0400
-6.6182 0.9627 -0.0400
-3.9900 0.8397 -0.0400
-3.9612 0.8281 -0.0400
-3.9413 0.8144 -0.0400
-3.9262 0.7996 -0.0400
-3.9142 0.7841 -0.0400
-3.9046 0.7679 -0.0400
-3.8973 0.7509 -0.0400
-3.8956 0.7316 -0.0400
-3.8949 0.7116 -0.0400
-3.8964 0.6902 -0.0400
-3.9033 0.6659 -0.0400
-3.9188 0.6365 -0.0400
-7.1553 -1.9239 -0.0400
-7.0360 -1.9488 -0.0400
-6.9855 -2.0237 -0.0400
-3.7601 -1.0517 -0.0400
-3.3548 -1.9829 -0.0400
-3.2930 -1.9329 -0.0400
-3.2367 -1.9166 -0.0400
-3.1832 -1.9229 -0.0400
-3.1312 -1.9524 -0.0400
-3.0811 -2.0346 -0.0400
-2.2784 -4.0033 -0.0400
-2.1838 -4.0240 -0.0400
0.4563 -2.6053 -0.0400
0.5934 -2.6226 -0.0400
0.7201 -2.6237 -0.0400
-1.2324 0.8485 -0.0400
-1.2291 0.8784 -0.0400
-1.2205 0.9076 -0.0400
-1.1896 0.9343 -0.0400
-1.1396 0.9600 -0.0400
0.7509 1.5433 -0.0400
0.7054 1.6028 -0.0400
0.3582 4.5849 -0.0400
-0.8651 4.2420 -0.0400
-0.9087 4.2948 -0.0400
-0.9885 4.4171 -0.0400
-1.0554 4.4343 -0.0400
-1.1057 4.4804 -0.0400
-1.3779 5.7488 -0.0400
-1.4779 5.7150 -0.0400
-1.8548 5.2659 -0.0400
-1.9326 5.2614 -0.0400
-1.9935 5.3290 -0.0400
-2.8092 3.7996 -0.0400
-2.8565 3.7727 -0.0400
-2.9026 3.7652 -0.0400
-2.9487 3.7850 -0.0400
-2.9952 3.7921 -0.0400
-3.0432 3.8282 -0.0400
-3.4460 4.2449 -0.0400
-3.5010 4.2391 -0.0400
-8.4721 3.4211 -0.0400
-8.3333 2.6234 -0.0400
-8.3887 2.5363 -0.0400
-7.9332 2.1434 -0.0400
-7.9854 2.0621 -0.0400
-6.6316 1.0953 -0.0400
-6.5878 1.0317 -0.0400
-6.6020 0.9669 -0.0400
-4.0068 0.8370 -0.0400
-3.9694 0.8277 -0.0400
-3.9466 0.8150 -0.0400
-3.9224 0.8035 -0.0400
-3.9121 0.7876 -0.0400
-3.9039 0.7712 -0.0400
-3.8979 0.7539 -0.0400
-3.8938 0.7357 -0.0400
-3.8921 0.7164 -0.0400
-3.8925 0.6959 -0.0400
-3.9163 0.6638 -0.0400
-7.1312 -1.8920 -0.0400
-7.0437 -1.9399 -0.0400
-6.9999 -2.0198 -0.0400
-3.3701 -1.9866 -0.0400
-3.3079 -1.9342 -0.0400
-3.2506 -1.9085 -0.0400
-3.1976 -1.9182 -0.0400
-3.1453 -1.9419 -0.0400
-3.0939 -1.9937 -0.0400
-2.2075 -3.9876 -0.0400
-2.1067 -4.0450 -0.0400
-2.0128 -4.0483 -0.0400
0.4503 -2.6247 -0.0400
0.5792 -2.6329 -0.0400
0.6555 -2.5821 -0.0400
-1.1880 0.9270 -0.0400
-1.1357 0.9526 -0.0400
0.7841 1.4734 -0.0400
0.7113 1.5313 -0.0400
0.6989 1.5945 -0.0400
0.7468 1.6661 -0.0400
0.4063 4.5119 -0.0400
-0.8027 4.2193 -0.0400
-0.8652 4.2438 -0.0400
-0.9012 4.3087 -0.0400
-0.8913 4.4502 -0.0400
-0.9944 4.4100 -0.0400
-1.0535 4.4409 -0.0400
-1.0888 4.5149 -0.0400
-1.3895 5.7186 -0.0400
-1.4755 5.7274 -0.0400
-1.8593 5.2592 -0.0400
-1.9339 5.2678 -0.0400
-1.9972 5.3253 -0.0400
-2.7662 3.8373 -0.0400
-2.8158 3.7869 -0.0400
-2.8628 3.7693 -0.0400
-2.9088 3.7733 -0.0400
-2.9550 3.7851 -0.0400
-3.0016 3.7955 -0.0400
-3.0499 3.8389 -0.0400
-3.3977 4.2546 -0.0400
-3.4519 4.2446 -0.0400
-8.4719 3.4233 -0.0400
-8.3294 2.6250 -0.0400
-8.3902 2.5396 -0.0400
-7.9200 2.2344 -0.0400
-7.9161 2.1425 -0.0400
-6.6326 1.0977 -0.0400
-6.5984 1.0340 -0.0400
-3.9842 0.8447 -0.0400
-3.9579 0.8327 -0.0400
-3.9391 0.8191 -0.0400
-3.9249 0.8045 -0.0400
-3.9133 0.7893 -0.0400
-3.9043 0.7733 -0.0400
-3.8989 0.7560 -0.0400
-3.8964 0.7374 -0.0400
-3.8963 0.7176 -0.0400
-3.8986 0.6964 -0.0400
-3.9068 0.6719 -0.0400
-3.9260 0.6412 -0.0400
-7.2247 -1.8331 -0.0400
-7.1510 -1.8925 -0.0400
-7.0512 -1.9314 -0.0400
-7.0079 -2.0114 -0.0400
-7.1414 -2.7473 -0.0400
-5.6365 -1.4454 -0.0400
-5.5855 -1.4869 -0.0400
-3.3825 -1.9720 -0.0400
-3.3218 -1.9294 -0.0400
-3.2649 -1.9065 -0.0400
-3.2119 -1.9155 -0.0400
-3.1596 -1.9370 -0.0400
-2.3152 -4.0047 -0.0400
-2.2205 -4.0280 -0.0400
-2.1300 -4.0155 -0.0400
-2.0309 -4.0522 -0.0400
-1.9323 -4.0765 -0.0400
0.3610 -2.6838 -0.0400
0.4380 -2.6373 -0.0400
0.5682 -2.6470 -0.0400
0.6481 -2.5997 -0.0400
0.7962 1.4659 -0.0400
0.7206 1.5241 -0.0400
0.7250 1.5897 -0.0400
0.4022 4.5041 -0.0400
-0.8084 4.2120 -0.0400
-0.8645 4.2461 -0.0400
-0.9248 4.3974 -0.0400
-0.9945 4.4118 -0.0400
-1.0516 4.4465 -0.0400
-1.3007 5.7184 -0.0400
-1.4014 5.6870 -0.0400
-1.8651 5.2462 -0.0400
-1.9341 5.2776 -0.0400
-1.9907 5.3656 -0.0400
-2.7744 3.7990 -0.0400
-2.8223 3.7740 -0.0400
-2.8689 3.7649 -0.0400
-2.9147 3.7786 -0.0400
-2.9611 3.7868 -0.0400
-3.0078 3.8026 -0.0400
-3.4034 4.2541 -0.0400
-3.4575 4.2430 -0.0400
-8.4283 3.5204 -0.0400
-8.3433 2.7333 -0.0400
-8.3323 2.6280 -0.0400
-7.9071 2.2334 -0.0400
-7.9122 2.1438 -0.0400
-6.5856 1.1001 -0.0400
-6.5990 1.0360 -0.0400
-3.9942 0.8427 -0.0400
-3.9479 0.8366 -0.0400
-3.9327 0.8223 -0.0400
-3.9205 0.8073 -0.0400
-3.9108 0.7917 -0.0400
-3.9032 0.7754 -0.0400
-3.8977 0.7584 -0.0400
-3.8941 0.7405 -0.0400
-3.8928 0.7215 -0.0400
-3.9066 0.6953 -0.0400
-3.9198 0.6685 -0.0400
-7.2499 -1.8377 -0.0400
-7.1655 -1.8898 -0.0400
-7.0584 -1.9233 -0.0400
-7.1318 -2.7213 -0.0400
-5.6405 -1.4356 -0.0400
-5.5941 -1.4813 -0.0400
-3.3348 -1.9199 -0.0400
-3.2795 -1.9092 -0.0400
-3.2262 -1.9148 -0.0400
-3.1741 -1.9369 -0.0400
-2.3307 -4.0290 -0.0400
-2.2435 -3.9951 -0.0400
-2.1425 -4.0546 -0.0400
-2.0493 -4.0545 -0.0400
0.3524 -2.7012 -0.0400
0.4201 -2.6439 -0.0400
0.5590 -2.6634 -0.0400
0.7619 -2.7440 -0.0400
0.8037 1.4575 -0.0400
0.7064 1.5138 -0.0400
0.7174 1.5801 -0.0400
0.4064 4.5038 -0.0400
-0.8083 4.2120 -0.0400
-0.8624 4.2495 -0.0400
-0.9318 4.3869 -0.0400
-0.9962 4.4099 -0.0400
-1.0421 4.4643 -0.0400
-1.3010 5.7189 -0.0400
-1.4008 5.6907 -0.0400
-1.7899 5.2457 -0.0400
-1.8683 5.2422 -0.0400
-1.9374 5.2729 -0.0400
-2.7814 3.7759 -0.0400
-2.8284 3.7653 -0.0400
-2.8746 3.7646 -0.0400
-2.9205 3.7848 -0.0400
-2.9669 3.7929 -0.0400
-3.4087 4.2515 -0.0400
-8.4324 3.5235 -0.0400
-8.3199 2.7280 -0.0400
-8.3291 2.6289 -0.0400
-7.8928 2.2317 -0.0400
-7.9130 2.1455 -0.0400
-6.5840 1.1014 -0.0400
-6.6085 1.0373 -0.0400
-4.0075 0.8589 -0.0400
-3.9726 0.8489 -0.0400
-3.9508 0.8361 -0.0400
-3.9346 0.8222 -0.0400
-3.9216 0.8076 -0.0400
-3.9089 0.7932 -0.0400
-3.9030 0.7766 -0.0400
-3.8985 0.7594 -0.0400
-3.8967 0.7409 -0.0400
-3.8969 0.7214 -0.0400
-3.9000 0.7003 -0.0400
-3.9091 0.6759 -0.0400
-3.9305 0.6445 -0.0400
-7.2236 -1.8075 -0.0400
-7.1287 -1.8511 -0.0400
-7.0659 -1.9162 -0.0400
-7.1443 -2.7163 -0.0400
-5.6470 -1.4289 -0.0400
-3.4100 -1.9665 -0.0400
-3.3500 -1.9290 -0.0400
-3.2928 -1.9035 -0.0400
-3.2396 -1.9082 -0.0400
-3.1887 -1.9432 -0.0400
-3.1376 -1.9950 -0.0400
-2.3521 -4.0021 -0.0400
-2.2572 -4.0287 -0.0400
-2.1655 -4.0256 -0.0400
-2.0683 -4.0522 -0.0400
0.2943 -2.7887 -0.0400
0.4221 -2.8004 -0.0400
0.4872 -2.7370 -0.0400
0.6783 -2.8101 -0.0400
0.7412 1.3806 -0.0400
0.7168 1.4437 -0.0400
0.7267 1.5097 -0.0400
0.4707 4.4465 -0.0400
-0.7524 4.1766 -0.0400
-0.7881 4.2405 -0.0400
-0.8731 4.3538 -0.0400
-0.9362 4.3798 -0.0400
-0.9742 4.4468 -0.0400
-1.2339 5.6553 -0.0400
-1.3193 5.6687 -0.0400
-1.7233 5.2107 -0.0400
-1.7965 5.2263 -0.0400
-1.8481 5.3227 -0.0400
-2.6899 3.7922 -0.0400
-2.7387 3.7719 -0.0400
-2.7859 3.7616 -0.0400
-2.8317 3.7710 -0.0400
-2.8775 3.7899 -0.0400
-2.9238 3.8121 -0.0400
-3.3062 4.2967 -0.0400
-3.3583 4.2639 -0.0400
-8.3916 3.6203 -0.0400
-8.2613 2.8129 -0.0400
-8.3197 2.7288 -0.0400
-7.8658 2.3168 -0.0400
-7.9156 2.2374 -0.0400
-6.6118 1.2295 -0.0400
-6.5805 1.1653 -0.0400
-6.6392 1.1016 -0.0400
-4.0142 0.8763 -0.0400
-3.9584 0.8712 -0.0400
-3.9421 0.8571 -0.0400
-3.9294 0.8423 -0.0400
-3.9190 0.8271 -0.0400
-3.9109 0.8113 -0.0400
-3.9046 0.7950 -0.0400
-3.8999 0.7781 -0.0400
-3.9035 0.7579 -0.0400
-3.9058 0.7378 -0.0400
-3.9128 0.7154 -0.0400
-3.9278 0.6887 -0.0400
-7.2833 -1.7309 -0.0400
-7.2003 -1.7839 -0.0400
-7.1178 -1.8355 -0.0400
-5.6896 -1.3720 -0.0400
-3.3547 -1.8951 -0.0400
-3.3020 -1.9036 -0.0400
-3.2503 -1.9240 -0.0400
-2.4541 -4.0104 -0.0400
-2.3592 -4.0437 -0.0400
-2.2691 -4.0304 -0.0400
-2.1676 -4.0916 -0.0400
0.3224 -2.7216 -0.0400
0.4125 -2.6896 -0.0400
0.5329 -2.6885 -0.0400
0.6365 -2.6659 -0.0400
0.7275 1.4314 -0.0400
0.7094 1.4949 -0.0400
0.7217 1.5617 -0.0400
0.4724 4.4399 -0.0400
-0.7355 4.1973 -0.0400
-0.8064 4.2122 -0.0400
-0.9358 4.3790 -0.0400
-0.9909 4.4180 -0.0400
-1.0328 4.4800 -0.0400
-1.3187 5.6694 -0.0400
-1.3894 5.7243 -0.0400
-1.7978 5.2276 -0.0400
-1.8706 5.2450 -0.0400
-1.9268 5.3284 -0.0400
-2.7446 3.7799 -0.0400
-2.7923 3.7669 -0.0400
-2.8390 3.7627 -0.0400
-2.8846 3.7838 -0.0400
-2.9311 3.7907 -0.0400
-3.3639 4.2532 -0.0400
-3.4217 4.2670 -0.0400
-8.3972 3.6235 -0.0400
-8.4311 3.5242 -0.0400
-8.2922 2.7216 -0.0400
-8.3573 2.6390 -0.0400
-7.8936 2.3241 -0.0400
-7.8831 2.2308 -0.0400
-7.9624 2.1574 -0.0400
-6.5836 1.1656 -0.0400
-6.5830 1.1025 -0.0400
-8.9737 0.9856 -0.0400
-4.0134 0.8749 -0.0400
-3.9778 0.8647 -0.0400
-3.9562 0.8519 -0.0400
-3.9399 0.8381 -0.0400
-3.9271 0.8237 -0.0400
-3.9134 0.8099 -0.0400
-3.9068 0.7939 -0.0400
-3.9018 0.7774 -0.0400
-3.8986 0.7600 -0.0400
-3.8975 0.7418 -0.0400
-3.8983 0.7224 -0.0400
-3.9029 0.7011 -0.0400
-3.9502 0.6589 -0.0400
-7.2315 -1.7910 -0.0400
-7.1276 -1.8279 -0.0400
-7.0831 -1.9058 -0.0400
-5.7151 -1.3806 -0.0400
-5.6536 -1.4118 -0.0400
-5.6340 -1.4830 -0.0400
-3.1668 -2.0169 -0.0400
-2.3877 -4.0029 -0.0400
-2.2924 -4.0349 -0.0400
-2.1942 -4.0760 -0.0400
-2.1021 -4.0692 -0.0400
0.2632 -2.8081 -0.0400
0.3936 -2.8234 -0.0400
0.4690 -2.7715 -0.0400
0.6682 -2.8538 -0.0400
0.5368 4.3808 -0.0400
-0.6854 4.1510 -0.0400
-0.7488 4.1772 -0.0400
-0.7940 4.3468 -0.0400
-0.8721 4.3521 -0.0400
-0.9208 4.4017 -0.0400
-1.1367 5.6656 -0.0400
-1.2398 5.6370 -0.0400
-1.3041 5.7080 -0.0400
-1.6386 5.2344 -0.0400
-1.7271 5.2046 -0.0400
-1.7928 5.2467 -0.0400
-2.6508 3.8007 -0.0400
-2.7008 3.7776 -0.0400
-2.7495 3.7590 -0.0400
-2.7954 3.7670 -0.0400
-2.8410 3.7853 -0.0400
-2.8874 3.7979 -0.0400
-3.2595 4.2904 -0.0400
-3.3126 4.2617 -0.0400
-8.3425 3.7131 -0.0400
-8.4052 3.6272 -0.0400
-8.2472 2.9116 -0.0400
-8.2613 2.8139 -0.0400
-7.8665 2.4084 -0.0400
-7.8606 2.3159 -0.0400
-6.5753 1.2282 -0.0400
-6.5795 1.1654 -0.0400
-8.9697 1.0929 -0.0400
-4.0034 0.8948 -0.0400
-3.9739 0.8830 -0.0400
-3.9542 0.8696 -0.0400
-3.9319 0.8575 -0.0400
-3.9221 0.8424 -0.0400
-3.9142 0.8269 -0.0400
-3.9078 0.8111 -0.0400
-3.9030 0.7947 -0.0400
-3.9047 0.7758 -0.0400
-3.9056 0.7570 -0.0400
-3.9094 0.7367 -0.0400
-3.9186 0.7137 -0.0400
-3.9384 0.6852 -0.0400
-7.2844 -1.7113 -0.0400
-7.1990 -1.7621 -0.0400
-7.2116 -2.6043 -0.0400
-5.7087 -1.3680 -0.0400
-2.4892 -4.0114 -0.0400
-2.3954 -4.0387 -0.0400
-2.2977 -4.0846 -0.0400
-2.2051 -4.0836 -0.0400
0.3873 -2.7162 -0.0400
0.5075 -2.7152 -0.0400
0.6990 -2.7853 -0.0400
0.5528 4.3852 -0.0400
0.4990 4.4507 -0.0400
-0.7387 4.1860 -0.0400
-0.7778 4.2463 -0.0400
-0.8563 4.3719 -0.0400
-0.9297 4.3834 -0.0400
-0.9676 4.4516 -0.0400
-1.2189 5.6863 -0.0400
-1.3144 5.6755 -0.0400
-1.7227 5.2196 -0.0400
-1.7992 5.2263 -0.0400
-1.8628 5.2784 -0.0400
-2.7057 3.7833 -0.0400
-2.7550 3.7609 -0.0400
-2.8018 3.7597 -0.0400
-2.8472 3.7812 -0.0400
-2.8939 3.7853 -0.0400
-2.9402 3.8172 -0.0400
-3.3186 4.2599 -0.0400
-3.3740 4.2565 -0.0400
-8.3937 3.6215 -0.0400
-8.2924 2.8237 -0.0400
-8.3128 2.7281 -0.0400
-7.8774 2.3195 -0.0400
-7.8931 2.2327 -0.0400
-6.6117 1.2282 -0.0400
-6.5770 1.1643 -0.0400
-6.5918 1.1016 -0.0400
-8.9584 0.9925 -0.0400
-4.0354 0.8845 -0.0400
-3.9874 0.8766 -0.0400
-3.9644 0.8640 -0.0400
-3.9384 0.8529 -0.0400
-3.9273 0.8383 -0.0400
-3.9180 0.8233 -0.0400
-3.9103 0.8081 -0.0400
-3.9048 0.7921 -0.0400
-3.9017 0.7753 -0.0400
-3.9003 0.7577 -0.0400
-3.9006 0.7392 -0.0400
-3.9033 0.7194 -0.0400
-3.9343 0.6865 -0.0400
-7.3151 -1.7194 -0.0400
-7.2424 -1.7793 -0.0400
-7.1343 -1.8131 -0.0400
-7.1007 -1.8984 -0.0400
-5.7135 -1.3597 -0.0400
-5.6649 -1.4022 -0.0400
-4.0897 -0.8912 -0.0400
-4.0391 -0.8807 -0.0400
-2.4224 -4.0045 -0.0400
-2.3291 -4.0238 -0.0400
-2.2361 -4.0333 -0.0400
-2.1344 -4.0906 -0.0400
0.5467 4.3739 -0.0400
-0.6245 4.1118 -0.0400
-0.6894 4.1373 -0.0400
-0.7201 4.2082 -0.0400
-0.7964 4.3355 -0.0400
-0.8668 4.3530 -0.0400
-0.8945 4.4365 -0.0400
-1.1345 5.6621 -0.0400
-1.2302 5.6539 -0.0400
-1.6522 5.1919 -0.0400
-1.7248 5.2123 -0.0400
-1.7673 5.3355 -0.0400
-2.6617 3.7749 -0.0400
-2.7109 3.7579 -0.0400
-2.7574 3.7626 -0.0400
-2.8029 3.7814 -0.0400
-2.8489 3.8007 -0.0400
-3.2663 4.2654 -0.0400
-8.3458 3.7137 -0.0400
-8.2459 2.9104 -0.0400
-7.8423 2.4006 -0.0400
-7.9546 2.3382 -0.0400
-6.5903 1.2895 -0.0400
-6.5713 1.2259 -0.0400
-6.6375 1.1645 -0.0400
-8.9538 1.0985 -0.0400
-3.9728 0.8959 -0.0400
-3.9553 0.8821 -0.0400
-3.9345 0.8696 -0.0400
-3.9249 0.8547 -0.0400
-3.9171 0.8395 -0.0400
-3.9101 0.8242 -0.0400
-3.9060 0.8080 -0.0400
-3.9036 0.7912 -0.0400
-3.9026 0.7737 -0.0400
-3.9126 0.7518 -0.0400
-3.9205 0.7301 -0.0400
-3.9361 0.7046 -0.0400
-7.2438 -1.6674 -0.0400
-7.1856 -1.7351 -0.0400
-5.7477 -1.2988 -0.0400
-5.7267 -1.3659 -0.0400
-4.1250 -0.8622 -0.0400
-4.0749 -0.8534 -0.0400
-4.0262 -0.8449 -0.0400
-3.9896 -0.8579 -0.0400
-3.9550 -0.8746 -0.0400
-2.5232 -4.0136 -0.0400
-2.4303 -4.0351 -0.0400
-2.3323 -4.0880 -0.0400
-2.2420 -4.0721 -0.0400
1.1496 -0.0667 -0.0400
1.1197 0.0192 -0.0400
-1.1204 0.6379 -0.0400
0.5538 4.3681 -0.0400
-0.6645 4.1623 -0.0400
-0.7407 4.1727 -0.0400
-0.7801 4.2328 -0.0400
-0.7901 4.3375 -0.0400
-0.8661 4.3472 -0.0400
-0.9221 4.3862 -0.0400
-0.9496 4.4721 -0.0400
-1.1220 5.6837 -0.0400
-1.2288 5.6491 -0.0400
-1.7236 5.2126 -0.0400
-1.7959 5.2346 -0.0400
-2.6616 3.8086 -0.0400
-2.7146 3.7649 -0.0400
-2.7625 3.7574 -0.0400
-2.8087 3.7677 -0.0400
-2.8548 3.7832 -0.0400
-2.9012 3.8024 -0.0400
-3.2730 4.2837 -0.0400
-3.3269 4.2595 -0.0400
-8.3522 3.7155 -0.0400
-8.2721 2.8158 -0.0400
-7.9106 2.4173 -0.0400
-7.8704 2.3156 -0.0400
-6.5759 1.2236 -0.0400
-6.5810 1.1613 -0.0400
-8.9735 1.1013 -0.0400
-8.9527 0.9972 -0.0400
-4.0402 0.8955 -0.0400
-3.9917 0.8870 -0.0400
-3.9567 0.8771 -0.0400
-3.9434 0.8628 -0.0400
-3.9323 0.8484 -0.0400
-3.9190 0.8349 -0.0400
-3.9120 0.8197 -0.0400
-3.9064 0.8042 -0.0400
-3.9028 0.7880 -0.0400
-3.9008 0.7711 -0.0400
-3.9068 0.7511 -0.0400
-3.9107 0.7314 -0.0400
-3.9187 0.7095 -0.0400
-3.9349 0.6834 -0.0400
-7.3016 -1.6949 -0.0400
-7.2195 -1.7476 -0.0400
-7.1393 -1.8000 -0.0400
-7.1203 -1.8953 -0.0400
-7.2494 -2.5968 -0.0400
-5.7164 -1.3461 -0.0400
-5.6744 -1.3941 -0.0400
-4.1017 -0.8822 -0.0400
-4.0408 -0.8517 -0.0400
-4.0018 -0.8599 -0.0400
-3.9652 -0.8725 -0.0400
-3.9307 -0.8889 -0.0400
-3.9028 -0.9205 -0.0400
-3.8748 -0.9533 -0.0400
-3.8504 -0.9970 -0.0400
-2.2652 -4.0694 -0.0400
-1.0645 0.5431 -0.0400
-1.1136 0.5926 -0.0400
-1.1883 0.6462 -0.0400
-1.2186 0.6867 -0.0400
-1.2397 0.7240 -0.0400
-0.6272 4.0960 -0.0400
-0.6751 4.1439 -0.0400
-0.7144 4.3209 -0.0400
-0.8030 4.3144 -0.0400
-0.8611 4.3506 -0.0400
-1.0473 5.6323 -0.0400
-1.1501 5.6102 -0.0400
-1.2151 5.6789 -0.0400
-1.5546 5.2350 -0.0400
-1.6494 5.1937 -0.0400
-1.7137 5.2417 -0.0400
-2.6162 3.8001 -0.0400
-2.6697 3.7599 -0.0400
-2.7174 3.7572 -0.0400
-2.7628 3.7765 -0.0400
-2.8091 3.7903 -0.0400
-2.8537 3.8384 -0.0400
-3.2183 4.2695 -0.0400
-3.2756 4.2865 -0.0400
-8.3002 3.8050 -0.0400
-8.2430 3.0106 -0.0400
-7.8265 2.4843 -0.0400
-7.8512 2.4002 -0.0400
-6.5684 1.2841 -0.0400
-6.5801 1.2223 -0.0400
-8.9394 1.2060 -0.0400
-8.9696 1.1023 -0.0400
-4.0053 0.9173 -0.0400
-3.9801 0.9042 -0.0400
-3.9522 0.8926 -0.0400
-3.9346 0.8794 -0.0400
-3.9260 0.8646 -0.0400
-3.9164 0.8501 -0.0400
-3.9110 0.8347 -0.0400
-3.9066 0.8190 -0.0400
-3.9059 0.8021 -0.0400
-3.9048 0.7852 -0.0400
-3.9127 0.7648 -0.0400
-3.9184 0.7448 -0.0400
-3.9283 0.7226 -0.0400
-7.3412 -1.6097 -0.0400
-7.2354 -1.6474 -0.0400
-7.1979 -1.7283 -0.0400
-5.8120 -1.2556 -0.0400
-5.7535 -1.2894 -0.0400
-5.7455 -1.3676 -0.0400
-4.1228 -0.8309 -0.0400
-4.0778 -0.8299 -0.0400
-4.0383 -0.8372 -0.0400
-4.0018 -0.8497 -0.0400
-3.9702 -0.8719 -0.0400
-3.9409 -0.8993 -0.0400
-3.9142 -0.9340 -0.0400
-3.8921 -0.9812 -0.0400
0.1888 -2.8332 -0.0400
1.1418 -0.0975 -0.0400
1.1100 -0.0107 -0.0400
-1.1194 0.6127 -0.0400
-1.1330 0.6510 -0.0400
-1.2255 0.7050 -0.0400
-1.2331 0.7392 -0.0400
-1.2385 0.7725 -0.0400
-1.2315 0.8035 -0.0400
-1.2121 0.8329 -0.0400
0.5627 4.3550 -0.0400
-0.6693 4.1413 -0.0400
-0.7309 4.1718 -0.0400
-0.7948 4.3165 -0.0400
-0.8592 4.3439 -0.0400
-0.9007 4.4063 -0.0400
-1.1253 5.6580 -0.0400
-1.2260 5.6391 -0.0400
-1.6377 5.2203 -0.0400
-1.7195 5.2153 -0.0400
-1.7648 5.3291 -0.0400
-2.6153 3.8242 -0.0400
-2.6699 3.7816 -0.0400
-2.7206 3.7582 -0.0400
-2.7672 3.7670 -0.0400
-2.8132 3.7835 -0.0400
-2.8600 3.7972 -0.0400
-3.2780 4.2630 -0.0400
-3.3394 4.3175 -0.0400
-8.3493 3.7114 -0.0400
-8.2491 2.9075 -0.0400
-8.2873 2.8181 -0.0400
-7.8518 2.3978 -0.0400
-7.9233 2.3256 -0.0400
-6.5783 1.2810 -0.0400
-6.5713 1.2184 -0.0400
-6.6089 1.1571 -0.0400
-8.9491 1.1039 -0.0400
-8.9780 0.9998 -0.0400
-3.9801 0.8978 -0.0400
-3.9638 0.8839 -0.0400
-3.9428 0.8714 -0.0400
-3.9283 0.8580 -0.0400
-3.9206 0.8433 -0.0400
-3.9121 0.8288 -0.0400
-3.9073 0.8134 -0.0400
-3.9039 0.7976 -0.0400
-3.9054 0.7800 -0.0400
-3.9051 0.7629 -0.0400
-3.9062 0.7449 -0.0400
-3.9236 0.7202 -0.0400
-3.9378 0.6959 -0.0400
-7.3787 -1.6251 -0.0400
-7.2946 -1.6775 -0.0400
-7.1958 -1.7184 -0.0400
-7.1437 -1.7892 -0.0400
-7.2401 -2.5684 -0.0400
-5.7180 -1.3345 -0.0400
-4.1613 -0.8819 -0.0400
-4.1013 -0.8555 -0.0400
-4.0548 -0.8508 -0.0400
-4.0140 -0.8549 -0.0400
-3.9765 -0.8648 -0.0400
-3.9444 -0.8857 -0.0400
-3.9146 -0.9121 -0.0400
-3.8876 -0.9462 -0.0400
0.2432 -2.7980 -0.0400
0.3847 -2.8251 -0.0400
0.4791 -2.7941 -0.0400
1.1072 -0.1776 -0.0400
1.0848 -0.0926 -0.0400
-1.0866 0.5598 -0.0400
-1.1419 0.6097 -0.0400
-1.2107 0.6602 -0.0400
-1.2410 0.6999 -0.0400
-1.2409 0.7325 -0.0400
-1.2332 0.7635 -0.0400
-1.2197 0.7937 -0.0400
-1.1728 0.8197 -0.0400
0.6440 4.3055 -0.0400
-0.5284 4.0936 -0.0400
-0.6197 4.0893 -0.0400
-0.6571 4.1514 -0.0400
-0.7229 4.2931 -0.0400
-0.7967 4.3082 -0.0400
-1.0403 5.6287 -0.0400
-1.1419 5.6109 -0.0400
-1.5657 5.1894 -0.0400
-1.6440 5.1965 -0.0400
-2.5694 3.8104 -0.0400
-2.6238 3.7747 -0.0400
-2.6745 3.7560 -0.0400
-2.7203 3.7725 -0.0400
-2.7670 3.7834 -0.0400
-2.8120 3.8177 -0.0400
-3.1687 4.2833 -0.0400
-3.2243 4.2717 -0.0400
-8.2558 3.8960 -0.0400
-8.2110 2.9955 -0.0400
-7.8451 2.5775 -0.0400
-7.8270 2.4802 -0.0400
-6.5749 1.3410 -0.0400
-6.5742 1.2787 -0.0400
-8.9731 1.3126 -0.0400
-8.9535 1.2081 -0.0400
-9.0209 1.1047 -0.0400
-4.0048 0.9247 -0.0400
-3.9700 0.9132 -0.0400
-3.9492 0.9002 -0.0400
-3.9345 0.8865 -0.0400
-3.9235 0.8724 -0.0400
-3.9176 0.8574 -0.0400
-3.9113 0.8425 -0.0400
-3.9079 0.8269 -0.0400
-3.9055 0.8110 -0.0400
-3.9075 0.7935 -0.0400
-3.9145 0.7741 -0.0400
-3.9187 0.7553 -0.0400
-3.9451 0.7276 -0.0400
-7.4210 -1.5425 -0.0400
-7.3390 -1.5969 -0.0400
-7.2367 -1.6365 -0.0400
-7.2597 -1.7573 -0.0400
-5.8035 -1.2378 -0.0400
-5.7600 -1.2837 -0.0400
-4.1265 -0.8147 -0.0400
-4.0840 -0.8169 -0.0400
-4.0463 -0.8269 -0.0400
-4.0116 -0.8418 -0.0400
-3.9794 -0.8618 -0.0400
-3.9498 -0.8875 -0.0400
-3.9363 -0.9502 -0.0400
-3.9356 -1.0475 -0.0400
0.1597 -2.8552 -0.0400
0.3136 -2.9006 -0.0400
0.3786 -2.8368 -0.0400
0.5737 -2.9173 -0.0400
1.1069 -0.1947 -0.0400
1.0810 -0.1084 -0.0400
-1.0664 0.5411 -0.0400
-1.1422 0.5967 -0.0400
-1.2098 0.6472 -0.0400
-1.2295 0.6849 -0.0400
-1.2427 0.7204 -0.0400
-1.2380 0.7520 -0.0400
-1.2174 0.7811 -0.0400
-1.1939 0.8104 -0.0400
0.6342 4.2846 -0.0400
-0.6106 4.0913 -0.0400
-0.6283 4.2945 -0.0400
-0.7315 4.2718 -0.0400
-0.7904 4.3082 -0.0400
-0.8167 4.3930 -0.0400
-1.0581 5.5764 -0.0400
-1.5625 5.1890 -0.0400
-1.6298 5.2291 -0.0400
-2.5769 3.7721 -0.0400
-2.6275 3.7588 -0.0400
-2.6757 3.7580 -0.0400
-2.7212 3.7779 -0.0400
-2.7684 3.7866 -0.0400
-2.8122 3.8378 -0.0400
-3.1706 4.2768 -0.0400
-3.2273 4.2831 -0.0400
-8.2666 3.9000 -0.0400
-7.8270 2.5693 -0.0400
-7.8767 2.4923 -0.0400
-6.5965 1.4019 -0.0400
-6.5667 1.3369 -0.0400
-6.5926 1.2763 -0.0400
-8.9517 1.3121 -0.0400
-8.9547 1.2085 -0.0400
-4.0122 0.9352 -0.0400
-3.9760 0.9232 -0.0400
-3.9553 0.9099 -0.0400
-3.9401 0.8962 -0.0400
-3.9287 0.8821 -0.0400
-3.9199 0.8678 -0.0400
-3.9134 0.8530 -0.0400
-3.9093 0.8378 -0.0400
-3.9080 0.8218 -0.0400
-3.9061 0.8058 -0.0400
-3.9093 0.7881 -0.0400
-3.9180 0.7683 -0.0400
-3.9228 0.7493 -0.0400
-3.9526 0.7204 -0.0400
-7.4045 -1.5282 -0.0400
-7.2862 -1.5596 -0.0400
-7.2357 -1.6311 -0.0400
-7.2485 -1.7446 -0.0400
-5.8110 -1.2398 -0.0400
-5.7918 -1.3066 -0.0400
-4.1907 -0.8380 -0.0400
-4.1356 -0.8207 -0.0400
-4.0907 -0.8187 -0.0400
-4.0516 -0.8259 -0.0400
-4.0167 -0.8400 -0.0400
-3.9867 -0.8641 -0.0400
-3.9597 -0.8951 -0.0400
-3.9368 -0.9367 -0.0400
-3.9246 -1.0057 -0.0400
0.1468 -2.8679 -0.0400
0.2904 -2.9014 -0.0400
0.3881 -2.8756 -0.0400
1.1452 -0.1499 -0.0400
1.0989 -0.0585 -0.0400
-1.1101 0.5709 -0.0400
-1.1335 0.6121 -0.0400
-1.1953 0.6604 -0.0400
-1.2233 0.6996 -0.0400
-1.2401 0.7355 -0.0400
-1.2364 0.7674 -0.0400
-1.2262 0.7983 -0.0400
-1.1894 0.8262 -0.0400
-0.5891 4.1041 -0.0400
-0.6626 4.1211 -0.0400
-0.6926 4.1945 -0.0400
-0.7866 4.2997 -0.0400
-0.8312 4.3576 -0.0400
-1.0167 5.6525 -0.0400
-1.1301 5.6098 -0.0400
-1.5564 5.1912 -0.0400
-1.6362 5.1953 -0.0400
-1.6995 5.2488 -0.0400
-2.6224 3.7974 -0.0400
-2.6768 3.7575 -0.0400
-2.7243 3.7624 -0.0400
-2.7701 3.7846 -0.0400
-2.8169 3.8006 -0.0400
-2.8625 3.8427 -0.0400
-3.1740 4.3056 -0.0400
-3.2289 4.2697 -0.0400
-3.2863 4.2811 -0.0400
-8.3260 3.8111 -0.0400
-8.2149 2.9920 -0.0400
-7.8330 2.4758 -0.0400
-6.6038 1.3346 -0.0400
-6.5729 1.2701 -0.0400
-6.6125 1.2099 -0.0400
-8.9537 1.2084 -0.0400
-8.9720 1.1052 -0.0400
-3.9927 0.9122 -0.0400
-3.9636 0.9001 -0.0400
-3.9459 0.8868 -0.0400
-3.9294 0.8738 -0.0400
-3.9208 0.8595 -0.0400
-3.9140 0.8450 -0.0400
-3.9092 0.8301 -0.0400
-3.9060 0.8148 -0.0400
-3.9052 0.7987 -0.0400
-3.9068 0.7818 -0.0400
-3.9119 0.7634 -0.0400
-3.9234 0.7423 -0.0400
-3.9303 0.7223 -0.0400
-7.3474 -1.5921 -0.0400
-7.2380 -1.6271 -0.0400
-7.1958 -1.7036 -0.0400
-5.8182 -1.2413 -0.0400
-5.7619 -1.2760 -0.0400
-5.7418 -1.3419 -0.0400
-4.1488 -0.8324 -0.0400
-4.1012 -0.8256 -0.0400
-4.0600 -0.8288 -0.0400
-4.0233 -0.8393 -0.0400
-3.9895 -0.8551 -0.0400
-3.9583 -0.8763 -0.0400
-3.9297 -0.9039 -0.0400
-3.9218 -0.9804 -0.0400
-3.5266 -1.8962 -0.0400
-3.4716 -1.8815 -0.0400
-3.4190 -1.8795 -0.0400
0.1347 -2.8910 -0.0400
0.1986 -2.8291 -0.0400
0.3431 -2.8609 -0.0400
0.4187 -2.8094 -0.0400
0.6192 -2.8919 -0.0400
1.0668 -0.2174 -0.0400
1.0639 -0.1381 -0.0400
-1.0963 0.5219 -0.0400
-1.1322 0.5674 -0.0400
-1.1448 0.6058 -0.0400
-1.2411 0.6614 -0.0400
-1.2444 0.6950 -0.0400
-1.2414 0.7272 -0.0400
-1.2319 0.7582 -0.0400
-1.1954 0.7855 -0.0400
0.8084 1.1803 -0.0400
0.7368 1.2442 -0.0400
0.7044 4.2050 -0.0400
-0.5480 4.0388 -0.0400
-0.5952 4.0889 -0.0400
-0.6361 4.2622 -0.0400
-0.7218 4.2637 -0.0400
-0.7776 4.3052 -0.0400
-0.9578 5.5605 -0.0400
-1.0418 5.5859 -0.0400
-1.4728 5.1859 -0.0400
-1.5593 5.1746 -0.0400
-1.6260 5.2169 -0.0400
-2.5762 3.7792 -0.0400
-2.6291 3.7547 -0.0400
-2.6758 3.7667 -0.0400
-2.7221 3.7834 -0.0400
-2.7667 3.8221 -0.0400
-3.1174 4.2946 -0.0400
-3.1738 4.2827 -0.0400
-3.2335 4.3358 -0.0400
-8.2589 3.8920 -0.0400
-8.1837 3.0820 -0.0400
-8.2583 3.0068 -0.0400
-7.8007 2.6473 -0.0400
-7.8078 2.5575 -0.0400
-6.5657 1.3908 -0.0400
-6.5955 1.3312 -0.0400
-8.9530 1.3117 -0.0400
-9.0335 1.2104 -0.0400
-3.9926 0.9413 -0.0400
-3.9620 0.9286 -0.0400
-3.9511 0.9139 -0.0400
-3.9363 0.9002 -0.0400
-3.9257 0.8861 -0.0400
-3.9180 0.8718 -0.0400
-3.9126 0.8571 -0.0400
-3.9094 0.8419 -0.0400
-3.9085 0.8262 -0.0400
-3.9091 0.8099 -0.0400
-3.9118 0.7928 -0.0400
-3.9191 0.7740 -0.0400
-3.9322 0.7527 -0.0400
-3.9644 0.7241 -0.0400
-7.4458 -1.4428 -0.0400
-7.3822 -1.5080 -0.0400
-7.2904 -1.5549 -0.0400
-7.2538 -1.6349 -0.0400
-5.8524 -1.1864 -0.0400
-5.7993 -1.2239 -0.0400
-5.7789 -1.2886 -0.0400
-4.1921 -0.8254 -0.0400
-4.1392 -0.8111 -0.0400
-4.0955 -0.8104 -0.0400
-4.0557 -0.8153 -0.0400
-4.0242 -0.8350 -0.0400
-3.9954 -0.8606 -0.0400
-3.9699 -0.8938 -0.0400
-3.9496 -0.9403 -0.0400
-3.6443 -1.9230 -0.0400
-3.5825 -1.8796 -0.0400
-3.5276 -1.8669 -0.0400
-3.4755 -1.8676 -0.0400
-3.4271 -1.8956 -0.0400
-3.3795 -1.9381 -0.0400
0.0597 -2.9582 -0.0400
0.1164 -2.8871 -0.0400
0.2662 -2.9288 -0.0400
0.4544 -3.0081 -0.0400
1.0887 -0.2419 -0.0400
1.0652 -0.1561 -0.0400
1.0819 -0.0828 -0.0400
-1.1451 0.5569 -0.0400
-1.2090 0.6072 -0.0400
-1.2345 0.6467 -0.0400
-1.2428 0.6815 -0.0400
-1.2425 0.7143 -0.0400
-1.2269 0.7444 -0.0400
-1.2040 0.7739 -0.0400
-1.1531 0.8004 -0.0400
0.7655 1.1639 -0.0400
0.7398 1.2296 -0.0400
0.7794 1.2989 -0.0400
0.7117 4.1967 -0.0400
-0.5347 4.0425 -0.0400
-0.5949 4.0772 -0.0400
-0.6536 4.2266 -0.0400
-0.7177 4.2573 -0.0400
-0.7560 4.3238 -0.0400
-0.9345 5.5949 -0.0400
-1.0402 5.5738 -0.0400
-1.4810 5.1505 -0.0400
-1.5512 5.1828 -0.0400
-2.5800 3.7541 -0.0400
-2.6285 3.7561 -0.0400
-2.6750 3.7715 -0.0400
-2.7220 3.7849 -0.0400
-2.7633 3.8562 -0.0400
-3.1180 4.2964 -0.0400
-3.1748 4.2870 -0.0400
-8.2097 3.9814 -0.0400
-8.1608 3.1747 -0.0400
-8.1985 3.0854 -0.0400
-7.8128 2.6483 -0.0400
-7.8084 2.5546 -0.0400
-6.5784 1.4500 -0.0400
-6.5593 1.3857 -0.0400
-6.5773 1.3253 -0.0400
-8.9680 1.4155 -0.0400
-8.9604 1.3114 -0.0400
-4.0103 0.9490 -0.0400
-3.9669 0.9369 -0.0400
-3.9543 0.9224 -0.0400
-3.9374 0.9088 -0.0400
-3.9261 0.8948 -0.0400
-3.9184 0.8805 -0.0400
-3.9142 0.8657 -0.0400
-3.9101 0.8509 -0.0400
-3.9081 0.8356 -0.0400
-3.9084 0.8196 -0.0400
-3.9102 0.8031 -0.0400
-3.9202 0.7840 -0.0400
-3.9303 0.7643 -0.0400
-3.9491 0.7411 -0.0400
-7.4469 -1.4410 -0.0400
-7.3388 -1.4798 -0.0400
-7.2767 -1.5438 -0.0400
-7.2998 -1.6612 -0.0400
-7.4490 -2.3296 -0.0400
-5.8453 -1.1789 -0.0400
-5.8000 -1.2225 -0.0400
-4.2414 -0.8262 -0.0400
-4.1801 -0.8002 -0.0400
-4.1341 -0.7964 -0.0400
-4.0943 -0.8017 -0.0400
-4.0586 -0.8135 -0.0400
-4.0259 -0.8306 -0.0400
-3.9960 -0.8533 -0.0400
-3.9802 -0.9062 -0.0400
-3.9674 -0.9691 -0.0400
-3.6542 -1.9319 -0.0400
-3.5907 -1.8801 -0.0400
-3.5356 -1.8653 -0.0400
-3.4843 -1.8701 -0.0400
-3.4357 -1.8956 -0.0400
-3.3890 -1.9444 -0.0400
0.0426 -2.9648 -0.0400
0.1012 -2.8963 -0.0400
0.2462 -2.9326 -0.0400
0.4369 -3.0157 -0.0400
1.0536 -0.2489 -0.0400
1.0546 -0.1707 -0.0400
-1.0729 0.4875 -0.0400
-1.1301 0.5393 -0.0400
-1.1470 0.5790 -0.0400
-1.2207 0.6302 -0.0400
-1.2483 0.6693 -0.0400
-1.2448 0.7015 -0.0400
-1.2334 0.7323 -0.0400
-1.2149 0.7623 -0.0400
-1.1809 0.7909 -0.0400
0.8104 1.1501 -0.0400
0.7418 1.2146 -0.0400
0.7593 1.2825 -0.0400
0.7178 4.1866 -0.0400
-0.5368 4.0269 -0.0400
-0.5692 4.0958 -0.0400
-0.6377 4.2345 -0.0400
-0.7109 4.2534 -0.0400
-0.7596 4.3055 -0.0400
-0.9509 5.5428 -0.0400
-1.0168 5.6091 -0.0400
-1.4700 5.1635 -0.0400
-1.5487 5.1739 -0.0400
-2.5262 3.7715 -0.0400
-2.5786 3.7556 -0.0400
-2.6274 3.7576 -0.0400
-2.6739 3.7741 -0.0400
-2.7192 3.8033 -0.0400
-3.0610 4.3197 -0.0400
-3.1179 4.2827 -0.0400
-8.2341 3.9934 -0.0400
-8.1879 3.0787 -0.0400
-7.8299 2.7446 -0.0400
-7.7817 2.6345 -0.0400
-7.8565 2.5668 -0.0400
-6.5665 1.4438 -0.0400
-6.5601 1.3811 -0.0400
-8.9542 1.4137 -0.0400
-8.9886 1.3118 -0.0400
-9.0529 1.2098 -0.0400
-4.0196 0.9574 -0.0400
-3.9833 0.9438 -0.0400
-3.9532 0.9308 -0.0400
-3.9427 0.9163 -0.0400
-3.9289 0.9025 -0.0400
-3.9199 0.8884 -0.0400
-3.9154 0.8737 -0.0400
-3.9112 0.8590 -0.0400
-3.9096 0.8438 -0.0400
-3.9107 0.8279 -0.0400
-3.9101 0.8122 -0.0400
-3.9148 0.7950 -0.0400
-3.9236 0.7762 -0.0400
-3.9381 0.7552 -0.0400
-3.9739 0.7264 -0.0400
-7.4332 -1.4314 -0.0400
-7.3304 -1.4730 -0.0400
-7.2739 -1.5400 -0.0400
-7.2855 -1.6497 -0.0400
-5.8385 -1.1724 -0.0400
-5.8040 -1.2244 -0.0400
-4.1893 -0.8106 -0.0400
-4.1303 -0.7850 -0.0400
-4.0937 -0.7952 -0.0400
-4.0602 -0.8104 -0.0400
-4.0295 -0.8308 -0.0400
-4.0016 -0.8573 -0.0400
-3.9773 -0.8919 -0.0400
-3.9588 -0.9412 -0.0400
-3.5994 -1.8860 -0.0400
-3.5417 -1.8554 -0.0400
-3.4917 -1.8669 -0.0400
-3.4432 -1.8918 -0.0400
-3.3968 -1.9400 -0.0400
0.0210 -2.9651 -0.0400
0.0885 -2.9082 -0.0400
0.2317 -2.9427 -0.0400
0.4225 -3.0264 -0.0400
1.0838 -0.2763 -0.0400
1.0566 -0.1890 -0.0400
1.0736 -0.1158 -0.0400
-1.1440 0.5288 -0.0400
-1.1889 0.5751 -0.0400
-1.2331 0.6193 -0.0400
-1.2443 0.6550 -0.0400
-1.2456 0.6882 -0.0400
-1.2397 0.7200 -0.0400
-1.2057 0.7477 -0.0400
0.8017 1.1344 -0.0400
0.7470 1.1995 -0.0400
0.7846 1.2689 -0.0400
-0.4475 4.0111 -0.0400
-0.5295 4.0218 -0.0400
-0.5710 4.0797 -0.0400
-0.6456 4.2100 -0.0400
-0.7019 4.2517 -0.0400
-0.7244 4.3414 -0.0400
-0.9226 5.5849 -0.0400
-1.3774 5.1687 -0.0400
-1.4699 5.1467 -0.0400
-1.5363 5.1905 -0.0400
-2.5224 3.7812 -0.0400
-2.5764 3.7591 -0.0400
-2.6244 3.7673 -0.0400
-2.6715 3.7818 -0.0400
-2.7179 3.8044 -0.0400
-3.0603 4.2975 -0.0400
-3.1175 4.2820 -0.0400
-3.1753 4.3013 -0.0400
-8.2178 3.9821 -0.0400
-8.1472 3.1638 -0.0400
-7.7856 2.6325 -0.0400
-6.5628 1.4384 -0.0400
-6.6100 1.3812 -0.0400
-8.9587 1.4128 -0.0400
-9.0163 1.3121 -0.0400
-3.9727 0.9528 -0.0400
-3.9567 0.9382 -0.0400
-3.9448 0.9237 -0.0400
-3.9297 0.9100 -0.0400
-3.9233 0.8955 -0.0400
-3.9159 0.8813 -0.0400
-3.9124 0.8666 -0.0400
-3.9099 0.8517 -0.0400
-3.9109 0.8360 -0.0400
-3.9106 0.8205 -0.0400
-3.9160 0.8034 -0.0400
-3.9264 0.7846 -0.0400
-3.9440 0.7632 -0.0400
-3.9567 0.7425 -0.0400
-7.4210 -1.4233 -0.0400
-7.3154 -1.4629 -0.0400
-7.2704 -1.5363 -0.0400
-5.9169 -1.1539 -0.0400
-5.8375 -1.1712 -0.0400
-5.8210 -1.2377 -0.0400
-4.2300 -0.8012 -0.0400
-4.1773 -0.7878 -0.0400
-4.1339 -0.7874 -0.0400
-4.0962 -0.7955 -0.0400
-4.0618 -0.8088 -0.0400
-4.0338 -0.8338 -0.0400
-4.0084 -0.8649 -0.0400
-3.9876 -0.9068 -0.0400
-3.9788 -0.9773 -0.0400
-3.6599 -1.8891 -0.0400
-3.6018 -1.8608 -0.0400
-3.5488 -1.8552 -0.0400
-3.4984 -1.8631 -0.0400
-3.4498 -1.8846 -0.0400
-2.7591 -4.0224 -0.0400
0.0249 -2.9981 -0.0400
0.0831 -2.9287 -0.0400
0.2135 -2.9479 -0.0400
0.4126 -3.0420 -0.0400
-1.1171 0.5078 -0.0400
-1.1437 0.5504 -0.0400
-1.2063 0.5996 -0.0400
-1.2498 0.6424 -0.0400
-1.2484 0.6752 -0.0400
-1.2393 0.7065 -0.0400
-1.2217 0.7367 -0.0400
-1.1896 0.7654 -0.0400
0.8088 1.1189 -0.0400
0.7487 1.1840 -0.0400
0.8073 1.2547 -0.0400
-0.4392 4.0059 -0.0400
-0.5217 4.0164 -0.0400
-0.5663 4.0708 -0.0400
-0.5425 4.2127 -0.0400
-0.6360 4.2076 -0.0400
-0.6958 4.2450 -0.0400
-0.7329 4.3142 -0.0400
-0.8217 5.5706 -0.0400
-0.9376 5.5333 -0.0400
-1.4622 5.1480 -0.0400
-1.5043 5.2585 -0.0400
-2.4667 3.7936 -0.0400
-2.5249 3.7562 -0.0400
-2.5754 3.7521 -0.0400
-2.6226 3.7657 -0.0400
-2.6696 3.7824 -0.0400
-2.7165 3.8019 -0.0400
-3.0592 4.2927 -0.0400
-3.1166 4.2851 -0.0400
-3.1753 4.3276 -0.0400
-8.1877 3.1784 -0.0400
-7.7692 2.7160 -0.0400
-7.7926 2.6315 -0.0400
-6.5555 1.4945 -0.0400
-6.5569 1.4326 -0.0400
-6.6141 1.3767 -0.0400
-8.9617 1.4117 -0.0400
-3.9897 0.9594 -0.0400
-3.9667 0.9449 -0.0400
-3.9415 0.9313 -0.0400
-3.9327 0.9168 -0.0400
-3.9216 0.9028 -0.0400
-3.9169 0.8883 -0.0400
-3.9133 0.8736 -0.0400
-3.9107 0.8589 -0.0400
-3.9097 0.8438 -0.0400
-3.9125 0.8278 -0.0400
-3.9134 0.8121 -0.0400
-3.9232 0.7939 -0.0400
-3.9405 0.7732 -0.0400
-3.9523 0.7533 -0.0400
-7.5036 -1.3678 -0.0400
-7.4178 -1.4208 -0.0400
-7.3116 -1.4598 -0.0400
-7.2840 -1.5436 -0.0400
-5.9036 -1.1442 -0.0400
-5.8358 -1.1701 -0.0400
-4.2359 -0.8084 -0.0400
-4.1682 -0.7708 -0.0400
-4.1296 -0.7775 -0.0400
-4.0948 -0.7899 -0.0400
-4.0628 -0.8071 -0.0400
-4.0334 -0.8291 -0.0400
-4.0068 -0.8571 -0.0400
-3.9839 -0.8938 -0.0400
-3.6715 -1.9148 -0.0400
-3.6095 -1.8681 -0.0400
-3.5547 -1.8515 -0.0400
-3.5061 -1.8696 -0.0400
-3.4595 -1.9056 -0.0400
-2.8569 -4.0832 -0.0400
-2.7711 -4.0233 -0.0400
-2.6799 -4.0591 -0.0400
-2.5859 -4.1085 -0.0400
-2.4957 -4.1056 -0.0400
-0.0115 -2.9781 -0.0400
0.0600 -2.9268 -0.0400
0.1984 -2.9564 -0.0400
0.2953 -2.9314 -0.0400
-1.2414 0.6270 -0.0400
-1.2481 0.6615 -0.0400
-1.2449 0.6939 -0.0400
-1.2177 0.7225 -0.0400
-1.1741 0.7499 -0.0400
0.8196 1.1032 -0.0400
0.7501 1.1683 -0.0400
0.7985 1.2384 -0.0400
-0.4420 3.9872 -0.0400
-0.5142 4.0098 -0.0400
-0.5350 4.2063 -0.0400
-0.6276 4.2028 -0.0400
-0.6887 4.2388 -0.0400
-0.9253 5.5384 -0.0400
-1.3706 5.1469 -0.0400
-1.4562 5.1434 -0.0400
-1.5180 5.2007 -0.0400
-2.5196 3.7678 -0.0400
-2.5722 3.7544 -0.0400
-2.6183 3.7762 -0.0400
-2.6659 3.7905 -0.0400
-2.7090 3.8431 -0.0400
-3.0575 4.2936 -0.0400
-3.1151 4.2871 -0.0400
-8.1565 4.0630 -0.0400
-8.1331 3.2581 -0.0400
-8.1602 3.1642 -0.0400
-7.7570 2.7082 -0.0400
-6.5597 1.4898 -0.0400
-6.5568 1.4273 -0.0400
-6.6118 1.3713 -0.0400
-8.9552 1.5134 -0.0400
-9.0296 1.4149 -0.0400
-3.9914 0.9669 -0.0400
-3.9664 0.9520 -0.0400
-3.9403 0.9381 -0.0400
-3.9316 0.9236 -0.0400
-3.9245 0.9091 -0.0400
-3.9190 0.8947 -0.0400
-3.9135 0.8803 -0.0400
-3.9110 0.8657 -0.0400
-3.9119 0.8504 -0.0400
-3.9124 0.8350 -0.0400
-3.9137 0.8194 -0.0400
-3.9240 0.8015 -0.0400
-3.9301 0.7842 -0.0400
-3.9569 0.7609 -0.0400
-7.4648 -1.3469 -0.0400
-7.3721 -1.3951 -0.0400
-7.3069 -1.4568 -0.0400
-7.2907 -1.5472 -0.0400
-7.5161 -2.2450 -0.0400
-5.8826 -1.1292 -0.0400
-5.8378 -1.1725 -0.0400
-4.2696 -0.7900 -0.0400
-4.2136 -0.7729 -0.0400
-4.1693 -0.7714 -0.0400
-4.1305 -0.7775 -0.0400
-4.0955 -0.7893 -0.0400
-4.0649 -0.8086 -0.0400
-4.0380 -0.8350 -0.0400
-4.0143 -0.8685 -0.0400
-3.9961 -0.9150 -0.0400
-3.6685 -1.8726 -0.0400
-3.6122 -1.8513 -0.0400
-3.5604 -1.8494 -0.0400
-3.5112 -1.8622 -0.0400
-3.4639 -1.8907 -0.0400
-2.7803 -4.0636 -0.0400
-2.6912 -4.0649 -0.0400
-2.5981 -4.1063 -0.0400
-2.5062 -4.1206 -0.0400
0.1829 -2.9640 -0.0400
0.3890 -3.0677 -0.0400
-1.2330 0.7112 -0.0400
-1.2092 0.7409 -0.0400
0.8442 1.0191 -0.0400
0.7677 1.0858 -0.0400
0.7491 1.1523 -0.0400
0.7765 1.2210 -0.0400
-0.5410 4.1820 -0.0400
-0.6213 4.1944 -0.0400
-0.6628 4.2571 -0.0400
-0.8160 5.5394 -0.0400
-0.9213 5.5249 -0.0400
-1.3749 5.1150 -0.0400
-1.4452 5.1499 -0.0400
-2.4634 3.7757 -0.0400
-2.5190 3.7523 -0.0400
-2.5689 3.7538 -0.0400
-2.6156 3.7728 -0.0400
-2.6635 3.7863 -0.0400
-3.0553 4.2878 -0.0400
-8.1563 4.0613 -0.0400
-8.1139 3.2470 -0.0400
-7.7571 2.7049 -0.0400
-7.8275 2.6369 -0.0400
-6.5586 1.5466 -0.0400
-6.5482 1.4828 -0.0400
-6.5952 1.4267 -0.0400
-8.9577 1.5119 -0.0400
-9.0079 1.4119 -0.0400
-4.0026 0.9739 -0.0400
-3.9706 0.9587 -0.0400
-3.9412 0.9445 -0.0400
-3.9319 0.9299 -0.0400
-3.9247 0.9154 -0.0400
-3.9192 0.9009 -0.0400
-3.9137 0.8866 -0.0400
-3.9116 0.8719 -0.0400
-3.9110 0.8571 -0.0400
-3.9111 0.8420 -0.0400
-3.9170 0.8257 -0.0400
-3.9212 0.8094 -0.0400
-3.9391 0.7897 -0.0400
-3.9521 0.7705 -0.0400
-3.9820 0.7460 -0.0400
-7.4681 -1.3490 -0.0400
-7.3712 -1.3949 -0.0400
-7.3058 -1.4564 -0.0400
-7.3408 -1.5773 -0.0400
-7.5079 -2.2371 -0.0400
-5.8693 -1.1208 -0.0400
-5.8513 -1.1845 -0.0400
-4.2649 -0.7834 -0.0400
-4.2120 -0.7705 -0.0400
-4.1685 -0.7701 -0.0400
-4.1264 -0.7703 -0.0400
-4.0942 -0.7864 -0.0400
-4.0645 -0.8067 -0.0400
-4.0372 -0.8319 -0.0400
-4.0128 -0.8635 -0.0400
-4.0192 -0.9600 -0.0400
-3.6786 -1.8963 -0.0400
-3.6156 -1.8413 -0.0400
-3.5656 -1.8484 -0.0400
-3.5180 -1.8705 -0.0400
-3.4730 -1.9151 -0.0400
-2.8813 -4.0288 -0.0400
-2.7911 -4.0664 -0.0400
-2.7024 -4.0650 -0.0400
-2.6094 -4.1077 -0.0400
0.8048 1.0080 -0.0400
0.7535 1.0746 -0.0400
-0.5919 4.2212 -0.0400
-0.7229 5.5108 -0.0400
-1.2910 5.0976 -0.0400
-1.3694 5.1134 -0.0400
-1.4213 5.1953 -0.0400
-2.4163 3.7453 -0.0400
-2.4687 3.7385 -0.0400
-2.5162 3.7530 -0.0400
-2.5629 3.7724 -0.0400
-2.6096 3.7946 -0.0400
-2.9367 4.3139 -0.0400
-2.9956 4.2903 -0.0400
-3.0533 4.3210 -0.0400
-8.1036 4.1501 -0.0400
-8.0711 3.3321 -0.0400
-7.6963 2.8664 -0.0400
-7.7498 2.7935 -0.0400
-6.5626 1.6065 -0.0400
-6.5391 1.5399 -0.0400
-6.5720 1.4826 -0.0400
-8.9492 1.7180 -0.0400
-8.9648 1.6155 -0.0400
-9.0440 1.5185 -0.0400
-3.9573 0.9840 -0.0400
-3.9436 0.9688 -0.0400
-3.9338 0.9539 -0.0400
-3.9261 0.9392 -0.0400
-3.9204 0.9247 -0.0400
-3.9147 0.9103 -0.0400
-3.9129 0.8956 -0.0400
-3.9127 0.8808 -0.0400
-3.9135 0.8658 -0.0400
-3.9204 0.8497 -0.0400
-3.9259 0.8336 -0.0400
-3.9333 0.8167 -0.0400
-3.9438 0.7989 -0.0400
-7.5785 -1.2097 -0.0400
-7.4764 -1.2560 -0.0400
-7.4008 -1.3138 -0.0400
-7.3515 -1.3845 -0.0400
-7.3819 -1.5007 -0.0400
-5.9553 -1.0329 -0.0400
-5.9009 -1.0694 -0.0400
-5.8959 -1.1422 -0.0400
-4.2846 -0.7475 -0.0400
-4.2360 -0.7414 -0.0400
-4.1877 -0.7338 -0.0400
-4.1541 -0.7475 -0.0400
-4.1227 -0.7646 -0.0400
-4.0935 -0.7853 -0.0400
-4.0744 -0.8244 -0.0400
-4.0550 -0.8650 -0.0400
-4.0458 -0.9276 -0.0400
-3.7233 -1.8473 -0.0400
-3.6681 -1.8314 -0.0400
-3.6172 -1.8334 -0.0400
-3.5691 -1.8494 -0.0400
-3.5356 -1.9612 -0.0400
-2.9759 -4.0297 -0.0400
-2.8866 -4.0685 -0.0400
-2.7983 -4.0634 -0.0400
-2.7048 -4.1309 -0.0400
1.0016 -0.3955 -0.0400
1.0102 -0.3192 -0.0400
1.0535 -0.2538 -0.0400
0.8410 0.9863 -0.0400
0.7661 1.0532 -0.0400
0.7532 1.1200 -0.0400
0.8061 1.1903 -0.0400
-0.8213 5.4815 -0.0400
-0.8873 5.5482 -0.0400
-1.3593 5.1061 -0.0400
-1.4226 5.1594 -0.0400
-2.4557 3.7676 -0.0400
-2.5104 3.7505 -0.0400
-2.5602 3.7546 -0.0400
-2.6060 3.7815 -0.0400
-2.6495 3.8282 -0.0400
-2.9910 4.2897 -0.0400
-3.0491 4.3018 -0.0400
-8.1144 4.1554 -0.0400
-8.1101 3.2408 -0.0400
-7.7313 2.7820 -0.0400
-7.7719 2.7039 -0.0400
-6.5421 1.5330 -0.0400
-6.5626 1.4739 -0.0400
-8.9613 1.5087 -0.0400
-9.0348 1.4105 -0.0400
-3.9983 0.9880 -0.0400
-3.9664 0.9718 -0.0400
-3.9492 0.9564 -0.0400
-3.9373 0.9415 -0.0400
-3.9284 0.9269 -0.0400
-3.9177 0.9126 -0.0400
-3.9146 0.8981 -0.0400
-3.9123 0.8836 -0.0400
-3.9117 0.8689 -0.0400
-3.9122 0.8539 -0.0400
-3.9189 0.8380 -0.0400
-3.9244 0.8219 -0.0400
-3.9320 0.8052 -0.0400
-3.9430 0.7873 -0.0400
-7.5112 -1.2754 -0.0400
-7.4603 -1.3469 -0.0400
-7.3532 -1.3869 -0.0400
-7.3416 -1.4788 -0.0400
-5.9141 -1.0827 -0.0400
-5.8719 -1.1276 -0.0400
-4.2434 -0.7554 -0.0400
-4.2000 -0.7556 -0.0400
-4.1561 -0.7533 -0.0400
-4.1233 -0.7677 -0.0400
-4.0926 -0.7854 -0.0400
-4.0681 -0.8144 -0.0400
-4.0444 -0.8457 -0.0400
-4.0245 -0.8859 -0.0400
-4.0142 -0.9478 -0.0400
-3.7335 -1.8689 -0.0400
-3.6754 -1.8411 -0.0400
-3.6233 -1.8364 -0.0400
-3.5742 -1.8461 -0.0400
-3.5275 -1.8708 -0.0400
-3.4839 -1.9215 -0.0400
-2.9007 -4.0405 -0.0400
-2.8117 -4.0623 -0.0400
-2.7184 -4.1326 -0.0400
-2.6300 -4.1159 -0.0400
1.0439 -0.3539 -0.0400
1.0293 -0.2704 -0.0400
1.0518 -0.1987 -0.0400
-1.1256 0.4533 -0.0400
-1.1533 0.4964 -0.0400
-1.2006 0.5427 -0.0400
0.8169 0.9752 -0.0400
0.7558 1.0421 -0.0400
-0.6221 5.4617 -0.0400
-0.7343 5.4408 -0.0400
-0.8025 5.5023 -0.0400
-1.1896 5.0841 -0.0400
-1.2797 5.0762 -0.0400
-1.3465 5.1202 -0.0400
-2.3458 3.7761 -0.0400
-2.4070 3.7397 -0.0400
-2.4586 3.7384 -0.0400
-2.5059 3.7553 -0.0400
-2.5534 3.7729 -0.0400
-2.5997 3.7998 -0.0400
-2.9295 4.3012 -0.0400
-2.9882 4.2955 -0.0400
-8.0443 4.2337 -0.0400
-8.0598 3.4302 -0.0400
-7.6996 2.8615 -0.0400
-6.5356 1.5906 -0.0400
-8.9366 1.7128 -0.0400
-9.0119 1.6171 -0.0400
-3.9798 0.9972 -0.0400
-3.9421 0.9806 -0.0400
-3.9321 0.9654 -0.0400
-3.9248 0.9505 -0.0400
-3.9195 0.9359 -0.0400
-3.9159 0.9213 -0.0400
-3.9135 0.9067 -0.0400
-3.9125 0.8921 -0.0400
-3.9162 0.8770 -0.0400
-3.9194 0.8618 -0.0400
-3.9247 0.8461 -0.0400
-3.9325 0.8298 -0.0400
-3.9433 0.8126 -0.0400
-7.5412 -1.1945 -0.0400
-7.4676 -1.2545 -0.0400
-7.3926 -1.3122 -0.0400
-5.9361 -1.0255 -0.0400
-5.9055 -1.0786 -0.0400
-4.3285 -0.7508 -0.0400
-4.2590 -0.7166 -0.0400
-4.2197 -0.7227 -0.0400
-4.1844 -0.7336 -0.0400
-4.1499 -0.7453 -0.0400
-4.1207 -0.7651 -0.0400
-4.0987 -0.7975 -0.0400
-4.0764 -0.8306 -0.0400
-4.0585 -0.8733 -0.0400
-3.7902 -1.8773 -0.0400
-3.7277 -1.8345 -0.0400
-3.6742 -1.8247 -0.0400
-3.6263 -1.8395 -0.0400
-3.5823 -1.8776 -0.0400
-2.9946 -4.0273 -0.0400
-2.9060 -4.0635 -0.0400
-2.8169 -4.0827 -0.0400
0.9897 -0.4274 -0.0400
0.9993 -0.3514 -0.0400
1.0408 -0.2857 -0.0400
-1.1394 0.4475 -0.0400
-1.1610 0.4890 -0.0400
-1.2539 0.5456 -0.0400
-1.2614 0.5806 -0.0400
-1.2593 0.6133 -0.0400
0.7964 1.1568 -0.0400
-0.6956 5.4802 -0.0400
-0.8023 5.4677 -0.0400
-1.2509 5.1072 -0.0400
-1.3408 5.0985 -0.0400
-1.4094 5.1390 -0.0400
-2.4460 3.7583 -0.0400
-2.4998 3.7469 -0.0400
-2.5465 3.7692 -0.0400
-2.5948 3.7853 -0.0400
-2.6366 3.8457 -0.0400
-2.9219 4.3260 -0.0400
-2.9822 4.2900 -0.0400
-3.0404 4.3177 -0.0400
-8.0800 3.3297 -0.0400
-7.7435 2.7810 -0.0400
-6.5410 1.5844 -0.0400
-6.5444 1.5225 -0.0400
-6.6059 1.4695 -0.0400
-8.9522 1.6081 -0.0400
-4.0149 1.0026 -0.0400
-3.9688 0.9843 -0.0400
-3.9499 0.9682 -0.0400
-3.9374 0.9529 -0.0400
-3.9284 0.9380 -0.0400
-3.9218 0.9233 -0.0400
-3.9146 0.9088 -0.0400
-3.9128 0.8943 -0.0400
-3.9128 0.8796 -0.0400
-3.9140 0.8648 -0.0400
-3.9165 0.8497 -0.0400
-3.9205 0.8343 -0.0400
-3.9273 0.8183 -0.0400
-3.9539 0.7985 -0.0400
-3.9827 0.7773 -0.0400
-7.5060 -1.2765 -0.0400
-7.3979 -1.3177 -0.0400
-7.3547 -1.3914 -0.0400
-5.9518 -1.0415 -0.0400
-5.8978 -1.0780 -0.0400
-4.2891 -0.7649 -0.0400
-4.2271 -0.7390 -0.0400
-4.1832 -0.7372 -0.0400
-4.1504 -0.7512 -0.0400
-4.1191 -0.7674 -0.0400
-4.0911 -0.7891 -0.0400
-4.0646 -0.8137 -0.0400
-4.0504 -0.8619 -0.0400
-4.0348 -0.9100 -0.0400
-3.7340 -1.8465 -0.0400
-3.6792 -1.8307 -0.0400
-3.6287 -1.8314 -0.0400
-3.5808 -1.8454 -0.0400
-3.5352 -1.8744 -0.0400
-3.4936 -1.9360 -0.0400
-3.0057 -4.0348 -0.0400
-2.9176 -4.0608 -0.0400
-2.8295 -4.0676 -0.0400
-2.7380 -4.1191 -0.0400
-2.6468 -4.1424 -0.0400
1.0211 -0.3821 -0.0400
1.0167 -0.3019 -0.0400
1.0436 -0.2316 -0.0400
-1.1022 0.4189 -0.0400
-1.1470 0.4670 -0.0400
-1.1625 0.5063 -0.0400
-1.2295 0.5556 -0.0400
-1.2484 0.5930 -0.0400
-1.2545 0.6272 -0.0400
-1.2445 0.6584 -0.0400
-1.2227 0.6882 -0.0400
-1.1748 0.7154 -0.0400
-1.1761 5.0617 -0.0400
-1.2606 5.0670 -0.0400
-2.3396 3.7481 -0.0400
-2.3957 3.7326 -0.0400
-2.4462 3.7374 -0.0400
-2.4931 3.7587 -0.0400
-2.5414 3.7744 -0.0400
-2.5866 3.8094 -0.0400
-2.9196 4.2981 -0.0400
-8.0180 4.3416 -0.0400
-8.0194 3.5158 -0.0400
-8.0267 3.4104 -0.0400
-7.6611 2.9347 -0.0400
-7.7276 2.8676 -0.0400
-6.5339 1.6422 -0.0400
-6.5783 1.5877 -0.0400
-8.9473 1.8154 -0.0400
-8.9401 1.7097 -0.0400
-9.0222 1.6149 -0.0400
-3.9857 1.0106 -0.0400
-3.9425 0.9920 -0.0400
-3.9323 0.9764 -0.0400
-3.9248 0.9613 -0.0400
-3.9196 0.9465 -0.0400
-3.9160 0.9318 -0.0400
-3.9138 0.9172 -0.0400
-3.9131 0.9026 -0.0400
-3.9140 0.8879 -0.0400
-3.9209 0.8727 -0.0400
-3.9271 0.8572 -0.0400
-3.9359 0.8412 -0.0400
-3.9484 0.8243 -0.0400
-3.9679 0.8059 -0.0400
-7.5934 -1.1274 -0.0400
-7.5389 -1.1977 -0.0400
-7.4342 -1.2420 -0.0400
-7.4212 -1.3315 -0.0400
-5.9695 -0.9827 -0.0400
-5.9397 -1.0360 -0.0400
-4.3537 -0.7321 -0.0400
-4.3004 -0.7217 -0.0400
-4.2476 -0.7097 -0.0400
-4.2075 -0.7136 -0.0400
-4.1756 -0.7289 -0.0400
-4.1454 -0.7466 -0.0400
-4.1218 -0.7749 -0.0400
-4.0978 -0.8035 -0.0400
-4.0904 -0.8624 -0.0400
-4.0887 -0.9355 -0.0400
-3.7849 -1.8378 -0.0400
-3.7289 -1.8190 -0.0400
-3.6782 -1.8189 -0.0400
-3.6328 -1.8442 -0.0400
-3.5909 -1.8914 -0.0400
-3.0981 -4.0653 -0.0400
-3.0110 -4.0280 -0.0400
-2.9230 -4.0613 -0.0400
-2.8324 -4.1208 -0.0400
1.0059 -0.4684 -0.0400
0.9903 -0.3838 -0.0400
1.0414 -0.3211 -0.0400
-1.1380 0.4192 -0.0400
-1.1628 0.4617 -0.0400
-1.2496 0.5172 -0.0400
-1.2623 0.5535 -0.0400
-1.2638 0.5869 -0.0400
-1.2583 0.6188 -0.0400
-1.2435 0.6492 -0.0400
-1.2188 0.6786 -0.0400
0.9189 3.9473 -0.0400
-2.3291 3.7587 -0.0400
-2.3878 3.7347 -0.0400
-2.4393 3.7363 -0.0400
-2.4854 3.7620 -0.0400
-2.5322 3.7871 -0.0400
-2.8536 4.3127 -0.0400
-2.9140 4.2934 -0.0400
-2.9715 4.3412 -0.0400
-7.9826 4.3176 -0.0400
-7.9823 3.4953 -0.0400
-8.0473 3.4195 -0.0400
-7.6651 2.9341 -0.0400
-6.5216 1.6975 -0.0400
-6.5225 1.6347 -0.0400
-6.5769 1.5823 -0.0400
-8.9803 1.8187 -0.0400
-9.0004 1.7160 -0.0400
-3.9698 1.0157 -0.0400
-3.9498 0.9984 -0.0400
-3.9374 0.9823 -0.0400
-3.9286 0.9669 -0.0400
-3.9223 0.9518 -0.0400
-3.9150 0.9370 -0.0400
-3.9135 0.9224 -0.0400
-3.9140 0.9077 -0.0400
-3.9156 0.8930 -0.0400
-3.9186 0.8782 -0.0400
-3.9232 0.8631 -0.0400
-3.9305 0.8475 -0.0400
-3.9410 0.8312 -0.0400
-3.9868 0.8099 -0.0400
-7.5788 -1.1234 -0.0400
-7.5029 -1.1831 -0.0400
-7.4365 -1.2458 -0.0400
-6.0286 -0.9530 -0.0400
-5.9644 -0.9839 -0.0400
-5.9493 -1.0471 -0.0400
-4.3423 -0.7231 -0.0400
-4.2824 -0.7031 -0.0400
-4.2379 -0.7019 -0.0400
-4.2020 -0.7113 -0.0400
-4.1715 -0.7284 -0.0400
-4.1432 -0.7486 -0.0400
-4.1205 -0.7782 -0.0400
-4.0970 -0.8073 -0.0400
-4.0895 -0.8656 -0.0400
-3.7785 -1.8073 -0.0400
-3.7274 -1.8060 -0.0400
-3.6793 -1.8163 -0.0400
-3.6337 -1.8388 -0.0400
-3.5909 -1.8796 -0.0400
-3.1051 -4.0256 -0.0400
-3.0178 -4.0700 -0.0400
-2.9303 -4.0701 -0.0400
-2.8405 -4.1161 -0.0400
0.9660 -0.4721 -0.0400
0.9832 -0.3989 -0.0400
1.0269 -0.3341 -0.0400
-1.1597 0.4113 -0.0400
-1.1746 0.4509 -0.0400
-1.2320 0.4995 -0.0400
-1.2553 0.5385 -0.0400
-1.2625 0.5731 -0.0400
-1.2588 0.6054 -0.0400
-1.2417 0.6354 -0.0400
-1.2117 0.6641 -0.0400
0.9298 3.9348 -0.0400
-2.3200 3.7623 -0.0400
-2.3796 3.7360 -0.0400
-2.4309 3.7394 -0.0400
-2.4780 3.7613 -0.0400
-2.5261 3.7807 -0.0400
-2.5666 3.8451 -0.0400
-2.9069 4.3062 -0.0400
-7.9966 4.3281 -0.0400
-7.9803 3.4934 -0.0400
-7.6319 3.0132 -0.0400
-7.6618 2.9305 -0.0400
-6.5181 1.6917 -0.0400
-6.5244 1.6300 -0.0400
-6.5808 1.5779 -0.0400
-8.9194 1.8080 -0.0400
-8.9968 1.7140 -0.0400
-3.9844 1.0240 -0.0400
-3.9576 1.0053 -0.0400
-3.9315 0.9876 -0.0400
-3.9244 0.9722 -0.0400
-3.9194 0.9571 -0.0400
-3.9161 0.9423 -0.0400
-3.9141 0.9276 -0.0400
-3.9135 0.9129 -0.0400
-3.9145 0.8983 -0.0400
-3.9210 0.8834 -0.0400
-3.9272 0.8682 -0.0400
-3.9360 0.8526 -0.0400
-3.9481 0.8363 -0.0400
-3.9664 0.8189 -0.0400
-7.5767 -1.1253 -0.0400
-7.4923 -1.1810 -0.0400
-7.4618 -1.2613 -0.0400
-5.9966 -0.9377 -0.0400
-5.9600 -0.9860 -0.0400
-5.9486 -1.0515 -0.0400
-4.3211 -0.7021 -0.0400
-4.2722 -0.6960 -0.0400
-4.2321 -0.7003 -0.0400
-4.1978 -0.7118 -0.0400
-4.1677 -0.7292 -0.0400
-4.1420 -0.7531 -0.0400
-4.1218 -0.7865 -0.0400
-4.0994 -0.8175 -0.0400
-4.0961 -0.8832 -0.0400
-3.8337 -1.8192 -0.0400
-3.7787 -1.8046 -0.0400
-3.7280 -1.8045 -0.0400
-3.6802 -1.8149 -0.0400
-3.6403 -1.8650 -0.0400
-3.1117 -4.0388 -0.0400
-3.0247 -4.0609 -0.0400
-2.9355 -4.1330 -0.0400
-2.8473 -4.1262 -0.0400
0.9593 -0.4870 -0.0400
0.9775 -0.4142 -0.0400
1.0196 -0.3490 -0.0400
-1.1516 0.3956 -0.0400
-1.1718 0.4367 -0.0400
-1.1990 0.4784 -0.0400
-1.2664 0.5275 -0.0400
-1.2692 0.5611 -0.0400
-1.2643 0.5930 -0.0400
-1.2528 0.6238 -0.0400
-1.2328 0.6536 -0.0400
0.8376 0.8403 -0.0400
0.7676 0.9090 -0.0400
0.7588 0.9762 -0.0400
0.9518 3.9302 -0.0400
-2.3132 3.7548 -0.0400
-2.3745 3.7220 -0.0400
-2.4231 3.7375 -0.0400
-2.4702 3.7603 -0.0400
-2.5188 3.7776 -0.0400
-2.8406 4.2999 -0.0400
-2.9003 4.2972 -0.0400
-7.9823 3.4940 -0.0400
-7.6285 3.0100 -0.0400
-7.6999 2.9456 -0.0400
-6.5473 1.7575 -0.0400
-6.5133 1.6857 -0.0400
-6.5294 1.6261 -0.0400
-8.9616 1.9188 -0.0400
-8.9173 1.8062 -0.0400
-4.0051 1.0339 -0.0400
-3.9457 1.0103 -0.0400
-3.9348 0.9938 -0.0400
-3.9269 0.9780 -0.0400
-3.9214 0.9627 -0.0400
-3.9174 0.9477 -0.0400
-3.9135 0.9329 -0.0400
-3.9142 0.9182 -0.0400
-3.9160 0.9036 -0.0400
-3.9191 0.8888 -0.0400
-3.9237 0.8739 -0.0400
-3.9308 0.8586 -0.0400
-3.9409 0.8428 -0.0400
-3.9800 0.8240 -0.0400
-7.5759 -1.1280 -0.0400
-7.4727 -1.1748 -0.0400
-7.4745 -1.2707 -0.0400
-6.0036 -0.9474 -0.0400
-5.9696 -0.9977 -0.0400
-4.3841 -0.7312 -0.0400
-4.3116 -0.6970 -0.0400
-4.2594 -0.6862 -0.0400
-4.2242 -0.6967 -0.0400
-4.1926 -0.7117 -0.0400
-4.1644 -0.7314 -0.0400
-4.1397 -0.7567 -0.0400
-4.1200 -0.7907 -0.0400
-4.1077 -0.8384 -0.0400
-3.8305 -1.8071 -0.0400
-3.7775 -1.7990 -0.0400
-3.7279 -1.8020 -0.0400
-3.6835 -1.8273 -0.0400
-3.6416 -1.8669 -0.0400
-3.1176 -4.0219 -0.0400
-3.0310 -4.0592 -0.0400
-2.9435 -4.0805 -0.0400
-2.8546 -4.1132 -0.0400
-0.2549 -3.1794 -0.0400
0.9726 -0.5086 -0.0400
0.9734 -0.4298 -0.0400
1.0196 -0.3660 -0.0400
-1.1494 0.3816 -0.0400
-1.1708 0.4231 -0.0400
-1.2459 0.4762 -0.0400
-1.2633 0.5137 -0.0400
-1.2688 0.5478 -0.0400
-1.2672 0.5803 -0.0400
-1.2496 0.6101 -0.0400
-1.2243 0.6392 -0.0400
0.8094 0.8925 -0.0400
0.7564 0.9598 -0.0400
0.9532 3.9098 -0.0400
-0.2355 3.8188 -0.0400
-2.3659 3.7201 -0.0400
-2.4143 3.7373 -0.0400
-2.4618 3.7590 -0.0400
-2.5029 3.8157 -0.0400
-2.8321 4.3101 -0.0400
-2.8909 4.3320 -0.0400
-7.9196 4.4051 -0.0400
-7.9337 3.5780 -0.0400
-8.0271 3.5176 -0.0400
-7.6224 3.0058 -0.0400
-6.5119 1.7443 -0.0400
-6.5112 1.6806 -0.0400
-8.9225 1.9109 -0.0400
-8.9156 1.8047 -0.0400
-3.9478 1.0171 -0.0400
-3.9365 1.0002 -0.0400
-3.9286 0.9842 -0.0400
-3.9228 0.9686 -0.0400
-3.9152 0.9532 -0.0400
-3.9138 0.9384 -0.0400
-3.9140 0.9237 -0.0400
-3.9153 0.9090 -0.0400
-3.9178 0.8943 -0.0400
-3.9280 0.8793 -0.0400
-3.9365 0.8640 -0.0400
-3.9481 0.8483 -0.0400
-3.9647 0.8317 -0.0400
-4.0018 0.8126 -0.0400
-7.6109 -1.0523 -0.0400
-7.5253 -1.1085 -0.0400
-7.4728 -1.1782 -0.0400
-7.4793 -1.2763 -0.0400
-5.9892 -0.9439 -0.0400
-5.9932 -1.0187 -0.0400
-4.3551 -0.7028 -0.0400
-4.2967 -0.6858 -0.0400
-4.2540 -0.6870 -0.0400
-4.2189 -0.6973 -0.0400
-4.1881 -0.7132 -0.0400
-4.1624 -0.7365 -0.0400
-4.1401 -0.7654 -0.0400
-4.1223 -0.8024 -0.0400
-4.1129 -0.8550 -0.0400
-3.8340 -1.8213 -0.0400
-3.7755 -1.7926 -0.0400
-3.7274 -1.8006 -0.0400
-3.6848 -1.8329 -0.0400
-3.6440 -1.8773 -0.0400
-3.1234 -4.0657 -0.0400
-3.0366 -4.0642 -0.0400
-2.9484 -4.1171 -0.0400
-2.8592 -4.1479 -0.0400
-0.2729 -3.1743 -0.0400
-0.1360 -3.2171 -0.0400
-0.0693 -3.1584 -0.0400
0.0365 -3.1512 -0.0400
0.9515 -0.5179 -0.0400
0.9650 -0.4437 -0.0400
1.0305 -0.3861 -0.0400
-1.1532 0.3695 -0.0400
-1.1728 0.4105 -0.0400
-1.2425 0.4624 -0.0400
-1.2630 0.5006 -0.0400
-1.2695 0.5350 -0.0400
-1.2700 0.5679 -0.0400
-1.2574 0.5983 -0.0400
-1.2377 0.6280 -0.0400
-1.2010 0.6561 -0.0400
0.8362 0.8075 -0.0400
0.7686 0.8763 -0.0400
0.7569 0.9434 -0.0400
0.8081 1.0121 -0.0400
0.9638 3.8960 -0.0400
-0.1878 3.8460 -0.0400
-0.2993 3.8331 -0.0400
-0.3264 3.9086 -0.0400
-0.3251 4.0184 -0.0400
-2.4910 3.8296 -0.0400
-2.8251 4.2908 -0.0400
-2.8835 4.3164 -0.0400
-7.9193 4.4074 -0.0400
-7.9289 3.5759 -0.0400
-7.5956 3.0895 -0.0400
-7.6291 3.0080 -0.0400
-7.7101 2.9477 -0.0400
-6.4986 1.7366 -0.0400
-6.5195 1.6781 -0.0400
-6.5826 1.6281 -0.0400
-8.8956 1.9053 -0.0400
-3.9466 1.0239 -0.0400
-3.9360 1.0067 -0.0400
-3.9285 0.9905 -0.0400
-3.9230 0.9747 -0.0400
-3.9154 0.9590 -0.0400
-3.9140 0.9441 -0.0400
-3.9139 0.9293 -0.0400
-3.9151 0.9146 -0.0400
-3.9204 0.8999 -0.0400
-3.9256 0.8851 -0.0400
-3.9331 0.8700 -0.0400
-3.9431 0.8546 -0.0400
-3.9565 0.8386 -0.0400
-7.6118 -1.0561 -0.0400
-7.5313 -1.1146 -0.0400
-7.4725 -1.1815 -0.0400
-6.0179 -0.8966 -0.0400
-5.9903 -0.9504 -0.0400
-4.3279 -0.6774 -0.0400
-4.2798 -0.6727 -0.0400
-4.2429 -0.6809 -0.0400
-4.2128 -0.6977 -0.0400
-4.1837 -0.7157 -0.0400
-4.1586 -0.7396 -0.0400
-4.1377 -0.7704 -0.0400
-4.1217 -0.8101 -0.0400
-4.1417 -0.9120 -0.0400
-3.8814 -1.8112 -0.0400
-3.8260 -1.7963 -0.0400
-3.7734 -1.7879 -0.0400
-3.7270 -1.8019 -0.0400
-3.6822 -1.8233 -0.0400
-3.6500 -1.9078 -0.0400
-3.2137 -4.0181 -0.0400
-3.1281 -4.0450 -0.0400
-3.0417 -4.0574 -0.0400
-2.9536 -4.1228 -0.0400
-0.2881 -3.1721 -0.0400
-0.1468 -3.2220 -0.0400
-0.0753 -3.1703 -0.0400
0.1112 -3.2685 -0.0400
0.9488 -0.5333 -0.0400
0.9637 -0.4596 -0.0400
1.0088 -0.3957 -0.0400
-1.1103 0.3448 -0.0400
-1.1807 0.3997 -0.0400
-1.1858 0.4361 -0.0400
-1.2653 0.4884 -0.0400
-1.2718 0.5227 -0.0400
-1.2732 0.5557 -0.0400
-1.2624 0.5863 -0.0400
-1.2454 0.6163 -0.0400
0.7932 0.8599 -0.0400
0.7549 0.9272 -0.0400
-0.2255 3.7852 -0.0400
-0.2889 3.8218 -0.0400
-0.2969 4.0274 -0.0400
-0.4000 4.0193 -0.0400
-0.4513 4.0706 -0.0400
-2.7541 4.3118 -0.0400
-2.8162 4.2910 -0.0400
-2.8750 4.3131 -0.0400
-7.9369 3.6939 -0.0400
-7.9299 3.5774 -0.0400
-7.5833 3.0831 -0.0400
-7.6380 3.0116 -0.0400
-6.5029 1.7978 -0.0400
-6.4992 1.7327 -0.0400
-6.5634 1.6841 -0.0400
-3.9823 1.0540 -0.0400
-3.9574 1.0331 -0.0400
-3.9441 1.0150 -0.0400
-3.9263 0.9968 -0.0400
-3.9218 0.9810 -0.0400
-3.9149 0.9652 -0.0400
-3.9138 0.9502 -0.0400
-3.9139 0.9353 -0.0400
-3.9152 0.9205 -0.0400
-3.9201 0.9059 -0.0400
-3.9248 0.8911 -0.0400
-3.9315 0.8761 -0.0400
-3.9404 0.8608 -0.0400
-3.9696 0.8445 -0.0400
-4.0074 0.8268 -0.0400
-7.6530 -0.9830 -0.0400
-7.5783 -1.0453 -0.0400
-7.5081 -1.1078 -0.0400
-7.4974 -1.1968 -0.0400
-6.0877 -0.8734 -0.0400
-6.0145 -0.9006 -0.0400
-5.9900 -0.9562 -0.0400
-4.3788 -0.6928 -0.0400
-4.3126 -0.6676 -0.0400
-4.2692 -0.6682 -0.0400
-4.2377 -0.6833 -0.0400
-4.2067 -0.6987 -0.0400
-4.1810 -0.7213 -0.0400
-4.1604 -0.7517 -0.0400
-4.1379 -0.7800 -0.0400
-4.1272 -0.8283 -0.0400
-3.8770 -1.8021 -0.0400
-3.8234 -1.7924 -0.0400
-3.7718 -1.7871 -0.0400
-3.7277 -1.8096 -0.0400
-3.6850 -1.8400 -0.0400
-3.2177 -4.0156 -0.0400
-3.1324 -4.0375 -0.0400
-3.0460 -4.1223 -0.0400
-2.9586 -4.1166 -0.0400
-0.3592 -3.2400 -0.0400
-0.2976 -3.1772 -0.0400
-0.1548 -3.2300 -0.0400
-0.0835 -3.1781 -0.0400
-1.1493 0.3430 -0.0400
-1.1699 0.3844 -0.0400
-1.1936 0.4254 -0.0400
-1.2499 0.4725 -0.0400
-1.2758 0.5110 -0.0400
-1.2756 0.5436 -0.0400
-1.2657 0.5743 -0.0400
-1.2500 0.6043 -0.0400
0.7594 0.8441 -0.0400
0.7589 0.9112 -0.0400
1.0489 3.8048 -0.0400
1.0202 3.8937 -0.0400
-0.2747 3.8142 -0.0400
-0.2832 3.9101 -0.0400
-0.3122 3.9864 -0.0400
-0.3851 4.0131 -0.0400
-0.4220 4.0821 -0.0400
-2.7454 4.3018 -0.0400
-2.8068 4.2908 -0.0400
-2.8654 4.3179 -0.0400
-7.9073 3.6783 -0.0400
-7.9410 3.5850 -0.0400
-7.5833 3.0831 -0.0400
-7.6400 3.0124 -0.0400
-6.4916 1.7911 -0.0400
-6.4992 1.7290 -0.0400
-6.5784 1.6838 -0.0400
-3.9997 1.0664 -0.0400
-3.9628 1.0422 -0.0400
-3.9360 1.0211 -0.0400
-3.9295 1.0044 -0.0400
-3.9188 0.9874 -0.0400
-3.9165 0.9720 -0.0400
-3.9153 0.9568 -0.0400
-3.9139 0.9416 -0.0400
-3.9154 0.9268 -0.0400
-3.9203 0.9121 -0.0400
-3.9251 0.8973 -0.0400
-3.9316 0.8824 -0.0400
-3.9398 0.8673 -0.0400
-3.9659 0.8515 -0.0400
-3.9929 0.8349 -0.0400
-7.6706 -0.9936 -0.0400
-7.6088 -1.0618 -0.0400
-7.5083 -1.1116 -0.0400
-6.0122 -0.9054 -0.0400
-4.3432 -0.6598 -0.0400
-4.3028 -0.6652 -0.0400
-4.2613 -0.6680 -0.0400
-4.2308 -0.6841 -0.0400
-4.2019 -0.7020 -0.0400
-4.1792 -0.7287 -0.0400
-4.1561 -0.7553 -0.0400
-4.1440 -0.7996 -0.0400
-4.1498 -0.8746 -0.0400
-3.9428 -1.8537 -0.0400
-3.8697 -1.7850 -0.0400
-3.8190 -1.7841 -0.0400
-3.7698 -1.7865 -0.0400
-3.7267 -1.8124 -0.0400
-3.6842 -1.8434 -0.0400
-3.2211 -4.0109 -0.0400
-3.1363 -4.0510 -0.0400
-3.0500 -4.1225 -0.0400
-2.9629 -4.1137 -0.0400
-0.3521 -3.2692 -0.0400
-0.3076 -3.1807 -0.0400
-0.1593 -3.2419 -0.0400
0.0187 -3.3356 -0.0400
-1.1929 0.4129 -0.0400
-1.2647 0.4635 -0.0400
-1.2729 0.4982 -0.0400
-1.2790 0.5319 -0.0400
-1.2734 0.5633 -0.0400
-1.2513 0.5921 -0.0400
-1.2268 0.6212 -0.0400
0.8207 0.7596 -0.0400
0.7629 0.8283 -0.0400
0.7546 0.8952 -0.0400
0.7915 0.9630 -0.0400
1.0006 3.8568 -0.0400
-0.2606 3.8059 -0.0400
-0.3736 4.0024 -0.0400
-0.4225 4.0568 -0.0400
-7.8869 3.6686 -0.0400
-7.9455 3.5894 -0.0400
-7.5857 3.1840 -0.0400
-7.5856 3.0847 -0.0400
-6.5238 1.8619 -0.0400
-6.4942 1.7885 -0.0400
-6.5066 1.7274 -0.0400
-3.9587 1.0500 -0.0400
-3.9464 1.0312 -0.0400
-3.9291 1.0120 -0.0400
-3.9191 0.9948 -0.0400
-3.9170 0.9792 -0.0400
-3.9134 0.9635 -0.0400
-3.9138 0.9484 -0.0400
-3.9158 0.9335 -0.0400
-3.9186 0.9187 -0.0400
-3.9221 0.9038 -0.0400
-3.9332 0.8892 -0.0400
-3.9416 0.8741 -0.0400
-3.9665 0.8587 -0.0400
-3.9911 0.8425 -0.0400
-7.6389 -0.9843 -0.0400
-7.5486 -1.0399 -0.0400
-7.5066 -1.1145 -0.0400
-6.0419 -0.8593 -0.0400
-6.0134 -0.9123 -0.0400
-7.6233 -1.9868 -0.0400
-4.3891 -0.6694 -0.0400
-4.3232 -0.6459 -0.0400
-4.2874 -0.6563 -0.0400
-4.2551 -0.6703 -0.0400
-4.2238 -0.6851 -0.0400
-4.1973 -0.7061 -0.0400
-4.1768 -0.7357 -0.0400
-4.1556 -0.7651 -0.0400
-4.1497 -0.8189 -0.0400
-3.9301 -1.8228 -0.0400
-3.8660 -1.7816 -0.0400
-3.8141 -1.7757 -0.0400
-3.7679 -1.7886 -0.0400
-3.7271 -1.8230 -0.0400
-3.6860 -1.8599 -0.0400
-3.3101 -4.0235 -0.0400
-3.2241 -4.0101 -0.0400
-3.1396 -4.0536 -0.0400
-3.0536 -4.1118 -0.0400
-2.9665 -4.1184 -0.0400
-0.3863 -3.2343 -0.0400
-0.2982 -3.2117 -0.0400
-0.1752 -3.2367 -0.0400
-0.0732 -3.2278 -0.0400
-1.2817 0.5205 -0.0400
-1.2743 0.5514 -0.0400
-1.2618 0.5816 -0.0400
-1.2216 0.6083 -0.0400
0.8172 0.7441 -0.0400
0.7620 0.8126 -0.0400
0.7531 0.8795 -0.0400
1.0630 3.7705 -0.0400
-0.1952 3.7478 -0.0400
-0.2489 3.7949 -0.0400
-0.3602 3.9934 -0.0400
-0.4042 4.0540 -0.0400
-0.3843 5.3714 -0.0400
-0.5175 5.3231 -0.0400
-7.8886 3.6723 -0.0400
-7.9935 3.6188 -0.0400
-7.5547 3.1692 -0.0400
-7.5885 3.0871 -0.0400
-6.4901 1.8493 -0.0400
-6.4849 1.7830 -0.0400
-6.5517 1.7359 -0.0400
-3.9636 1.0604 -0.0400
-3.9503 1.0408 -0.0400
-3.9325 1.0210 -0.0400
-3.9220 1.0032 -0.0400
-3.9158 0.9866 -0.0400
-3.9152 0.9711 -0.0400
-3.9135 0.9556 -0.0400
-3.9154 0.9406 -0.0400
-3.9180 0.9257 -0.0400
-3.9247 0.9111 -0.0400
-3.9305 0.8961 -0.0400
-3.9458 0.8814 -0.0400
-3.9569 0.8661 -0.0400
-3.9719 0.8504 -0.0400
-7.6405 -0.9885 -0.0400
-7.5380 -1.0391 -0.0400
-7.5514 -1.1380 -0.0400
-6.0430 -0.8663 -0.0400
-7.6496 -1.8959 -0.0400
-4.4258 -0.6675 -0.0400
-4.3644 -0.6514 -0.0400
-4.3207 -0.6535 -0.0400
-4.2766 -0.6537 -0.0400
-4.2463 -0.6698 -0.0400
-4.2191 -0.6898 -0.0400
-4.1950 -0.7139 -0.0400
-4.1727 -0.7410 -0.0400
-4.1641 -0.7889 -0.0400
-4.1523 -0.8341 -0.0400
-3.9159 -1.7893 -0.0400
-3.8598 -1.7718 -0.0400
-3.8105 -1.7736 -0.0400
-3.7655 -1.7901 -0.0400
-3.7252 -1.8260 -0.0400
-3.6970 -1.9178 -0.0400
-3.3114 -4.0020 -0.0400
-3.2272 -4.0267 -0.0400
-3.1421 -4.0411 -0.0400
-3.0565 -4.1043 -0.0400
-2.9692 -4.1410 -0.0400
-0.3868 -3.2497 -0.0400
-0.3193 -3.1968 -0.0400
-0.1819 -3.2437 -0.0400
-1.2363 0.5984 -0.0400
0.8783 0.7268 -0.0400
0.7564 0.7973 -0.0400
0.7529 0.8640 -0.0400
1.0256 3.8302 -0.0400
-0.1753 3.7447 -0.0400
-0.2387 3.7820 -0.0400
-0.2798 3.9502 -0.0400
-0.3469 3.9841 -0.0400
-0.3905 4.0453 -0.0400
-0.3971 5.3166 -0.0400
-0.5020 5.3165 -0.0400
-0.9805 4.9660 -0.0400
-7.8907 3.6767 -0.0400
-7.5511 3.1691 -0.0400
-7.5983 3.0935 -0.0400
-6.4855 1.8456 -0.0400
-6.4853 1.7806 -0.0400
-3.9759 1.0736 -0.0400
-3.9450 1.0491 -0.0400
-3.9304 1.0295 -0.0400
-3.9213 1.0116 -0.0400
-3.9158 0.9948 -0.0400
-3.9154 0.9792 -0.0400
-3.9136 0.9635 -0.0400
-3.9147 0.9483 -0.0400
-3.9181 0.9333 -0.0400
-3.9215 0.9183 -0.0400
-3.9303 0.9037 -0.0400
-3.9440 0.8891 -0.0400
-3.9538 0.8738 -0.0400
-3.9846 0.8587 -0.0400
-7.6795 -0.9143 -0.0400
-7.6061 -0.9782 -0.0400
-7.5366 -1.0421 -0.0400
-7.5271 -1.1309 -0.0400
-6.0769 -0.8225 -0.0400
-6.0336 -0.8672 -0.0400
-6.0387 -0.9402 -0.0400
-4.4002 -0.6496 -0.0400
-4.3489 -0.6443 -0.0400
-4.2991 -0.6387 -0.0400
-4.2681 -0.6542 -0.0400
-4.2394 -0.6722 -0.0400
-4.2132 -0.6932 -0.0400
-4.1941 -0.7240 -0.0400
-4.1747 -0.7553 -0.0400
-4.1780 -0.8208 -0.0400
-3.9104 -1.7836 -0.0400
-3.8554 -1.7692 -0.0400
-3.8071 -1.7737 -0.0400
-3.7644 -1.7983 -0.0400
-3.7263 -1.8425 -0.0400
-3.3131 -4.0003 -0.0400
-3.2296 -4.0369 -0.0400
-3.1445 -4.0537 -0.0400
-3.0590 -4.1128 -0.0400
-0.4022 -3.2413 -0.0400
-0.2548 -3.3076 -0.0400
-0.1874 -3.2513 -0.0400
-0.0026 -3.3568 -0.0400
0.8221 0.7133 -0.0400
0.7720 0.7819 -0.0400
0.7570 0.8488 -0.0400
0.8157 0.9167 -0.0400
