# .PCD v0.7 - Point Cloud Data file format
VERSION 0.7
FIELDS x y z
SIZE 4 4 4
TYPE F F F
COUNT 1 1 1
WIDTH 13092
HEIGHT 1
VIEWPOINT 0 0 0 1 0 0 0
POINTS 13092
DATA ascii
-7.4541 -2.5046 -0.0400
-6.8442 -2.4111 -0.0400
-6.7842 -2.4837 -0.0400
-3.2009 -4.2500 -0.0400
-3.1047 -4.2043 -0.0400
-3.0091 -4.1391 -0.0400
-2.9199 -4.1507 -0.0400
-2.5887 -2.7203 -0.0400
-2.5249 -2.6947 -0.0400
-2.4584 -2.7358 -0.0400
-2.2602 -4.5825 -0.0400
-2.0557 -1.1146 -0.0400
-2.0348 -1.0533 -0.0400
-2.0079 -1.0162 -0.0400
-1.9781 -0.9903 -0.0400
-1.9465 -0.9708 -0.0400
-1.9133 -0.9564 -0.0400
-1.8738 -0.9573 -0.0400
-1.8324 -0.9612 -0.0400
-1.7849 -0.9771 -0.0400
-0.3413 -3.5428 -0.0400
-0.2402 -3.5433 -0.0400
-0.8161 -1.1321 -0.0400
-0.8070 -1.0693 -0.0400
-0.7759 -1.0319 -0.0400
-0.7363 -1.0035 -0.0400
-0.6750 -0.9964 -0.0400
-0.6061 -0.9945 -0.0400
1.4529 -1.5706 -0.0400
1.4622 -1.4777 -0.0400
1.5321 -1.4209 -0.0400
1.5767 -1.3490 -0.0400
1.6549 -1.2946 -0.0400
1.9875 1.4099 -0.0400
1.9515 1.4880 -0.0400
2.0659 1.5847 -0.0400
2.0483 1.6665 -0.0400
2.2198 1.7792 -0.0400
2.8517 2.8073 -0.0400
2.8315 2.9079 -0.0400
2.0564 4.4576 -0.0400
0.1570 3.7394 -0.0400
0.0758 3.7554 -0.0400
0.0346 3.8112 -0.0400
-1.5615 2.2591 -0.0400
-1.6257 2.2277 -0.0400
-1.6656 2.2232 -0.0400
-1.6984 2.2265 -0.0400
-1.7648 2.1831 -0.0400
-1.7950 2.1862 -0.0400
-1.8203 2.1954 -0.0400
-1.8425 2.2089 -0.0400
-1.8610 2.2281 -0.0400
-1.8761 2.2533 -0.0400
-1.8828 2.2938 -0.0400
-1.1129 4.2221 -0.0400
-1.1889 4.2071 -0.0400
-1.2686 4.1796 -0.0400
-1.3098 4.2401 -0.0400
-3.8106 5.7121 -0.0400
-3.8918 5.6849 -0.0400
-4.3050 4.5530 -0.0400
-4.3592 4.5067 -0.0400
-4.4396 4.5137 -0.0400
-4.5873 4.4948 -0.0400
-4.6549 4.4715 -0.0400
-5.8738 2.4178 -0.0400
-5.9127 2.3674 -0.0400
-7.4100 -2.5532 -0.0400
-3.0547 -4.1786 -0.0400
-2.9621 -4.1403 -0.0400
-2.8743 -4.1792 -0.0400
-2.4919 -2.7002 -0.0400
-2.3070 -4.6140 -0.0400
-2.2111 -4.5887 -0.0400
-2.0227 -1.0415 -0.0400
-1.9954 -1.0078 -0.0400
-1.9656 -0.9833 -0.0400
-1.9342 -0.9643 -0.0400
-1.9013 -0.9499 -0.0400
-1.8628 -0.9490 -0.0400
-1.8227 -0.9505 -0.0400
-1.7780 -0.9605 -0.0400
-1.7216 -0.9926 -0.0400
-0.2998 -3.5406 -0.0400
-0.2263 -3.4897 -0.0400
-0.7921 -1.1372 -0.0400
-0.7913 -1.0656 -0.0400
-0.7671 -1.0212 -0.0400
-0.7294 -0.9913 -0.0400
-0.6770 -0.9754 -0.0400
-0.5835 -0.9969 -0.0400
1.4792 -1.4551 -0.0400
1.5444 -1.3956 -0.0400
1.6127 -1.3366 -0.0400
1.6676 -1.2694 -0.0400
1.9584 1.5124 -0.0400
1.9445 1.5927 -0.0400
2.0540 1.6921 -0.0400
2.2282 1.8071 -0.0400
2.8398 2.8389 -0.0400
2.8199 2.9399 -0.0400
2.0284 4.4818 -0.0400
0.1510 3.7631 -0.0400
0.0643 3.7734 -0.0400
0.0125 3.8184 -0.0400
-0.0130 3.8924 -0.0400
-1.6226 2.2349 -0.0400
-1.6638 2.2289 -0.0400
-1.6956 2.2338 -0.0400
-1.7555 2.1989 -0.0400
-1.7917 2.1941 -0.0400
-1.8200 2.1994 -0.0400
-1.8433 2.2118 -0.0400
-1.8642 2.2277 -0.0400
-1.8803 2.2519 -0.0400
-1.8881 2.2913 -0.0400
-1.8909 2.3418 -0.0400
-1.1355 4.2264 -0.0400
-1.2121 4.2094 -0.0400
-1.2855 4.1959 -0.0400
-1.3361 4.2352 -0.0400
-3.8476 5.6780 -0.0400
-4.3415 4.5384 -0.0400
-4.3947 4.4897 -0.0400
-4.4691 4.4838 -0.0400
-4.5759 4.5362 -0.0400
-4.6240 4.4766 -0.0400
-4.6864 4.4434 -0.0400
-5.3309 2.4829 -0.0400
-5.8853 2.4420 -0.0400
-5.8934 2.3777 -0.0400
-7.3872 -2.5826 -0.0400
-3.1213 -4.2353 -0.0400
-3.0284 -4.2136 -0.0400
-2.9338 -4.1415 -0.0400
-2.8455 -4.1695 -0.0400
-2.5360 -2.7000 -0.0400
-2.4723 -2.6947 -0.0400
-2.2754 -4.6346 -0.0400
-2.1818 -4.5794 -0.0400
-2.0295 -1.1111 -0.0400
-2.0102 -1.0483 -0.0400
-1.9844 -1.0102 -0.0400
-1.9556 -0.9832 -0.0400
-1.9264 -0.9589 -0.0400
-1.8926 -0.9471 -0.0400
-1.8568 -0.9398 -0.0400
-1.8185 -0.9375 -0.0400
-1.7622 -0.9727 -0.0400
-0.2874 -3.5110 -0.0400
-0.1941 -3.4970 -0.0400
-0.7947 -1.1174 -0.0400
-0.7864 -1.0549 -0.0400
-0.7600 -1.0131 -0.0400
-0.7222 -0.9834 -0.0400
-0.6714 -0.9659 -0.0400
-0.5916 -0.9742 -0.0400
1.4881 -1.4364 -0.0400
1.5575 -1.3791 -0.0400
1.6227 -1.3182 -0.0400
1.6778 -1.2511 -0.0400
1.9466 1.5300 -0.0400
2.0592 1.6283 -0.0400
2.0408 1.7098 -0.0400
2.2111 1.8250 -0.0400
2.8318 2.8631 -0.0400
2.0267 4.5138 -0.0400
0.1366 3.7724 -0.0400
0.0529 3.7855 -0.0400
0.0064 3.8364 -0.0400
-0.0053 3.9265 -0.0400
-1.6227 2.2424 -0.0400
-1.6656 2.2342 -0.0400
-1.6987 2.2374 -0.0400
-1.7600 2.2002 -0.0400
-1.7959 2.1956 -0.0400
-1.8215 2.2049 -0.0400
-1.8465 2.2150 -0.0400
-1.8664 2.2327 -0.0400
-1.8856 2.2521 -0.0400
-1.8951 2.2890 -0.0400
-1.2333 4.2020 -0.0400
-1.3016 4.1995 -0.0400
-1.3438 4.2603 -0.0400
-3.8757 5.6768 -0.0400
-4.3896 4.5842 -0.0400
-4.4194 4.4862 -0.0400
-4.6235 4.5724 -0.0400
-5.2253 2.5192 -0.0400
-5.2748 2.4872 -0.0400
-5.8843 2.4145 -0.0400
-5.9065 2.3565 -0.0400
-7.4338 -2.5468 -0.0400
-3.0767 -4.2095 -0.0400
-2.9827 -4.1597 -0.0400
-2.8922 -4.1434 -0.0400
-2.5692 -2.7378 -0.0400
-2.5064 -2.6914 -0.0400
-2.4413 -2.7122 -0.0400
-2.2333 -4.5831 -0.0400
-2.0222 -1.0739 -0.0400
-1.9985 -1.0276 -0.0400
-1.9709 -0.9959 -0.0400
-1.9413 -0.9719 -0.0400
-1.9103 -0.9525 -0.0400
-1.8755 -0.9430 -0.0400
-1.8385 -0.9383 -0.0400
-1.7984 -0.9392 -0.0400
-1.7318 -0.9946 -0.0400
-0.2476 -3.4959 -0.0400
-0.7916 -1.0854 -0.0400
-0.7743 -1.0334 -0.0400
-0.7431 -0.9967 -0.0400
-0.7002 -0.9719 -0.0400
-0.6406 -0.9622 -0.0400
1.4847 -1.4843 -0.0400
1.5256 -1.4108 -0.0400
1.5691 -1.3388 -0.0400
1.6591 -1.2907 -0.0400
1.7048 -1.2183 -0.0400
1.9585 1.5717 -0.0400
2.0423 1.6670 -0.0400
2.0577 1.7540 -0.0400
2.2438 1.8742 -0.0400
2.9067 2.8331 -0.0400
2.8360 2.9170 -0.0400
2.0659 4.4765 -0.0400
0.0922 3.7754 -0.0400
0.0249 3.8045 -0.0400
-0.0064 3.8719 -0.0400
-1.5874 2.2630 -0.0400
-1.6432 2.2401 -0.0400
-1.6820 2.2364 -0.0400
-1.7305 2.2181 -0.0400
-1.7779 2.1986 -0.0400
-1.8101 2.1987 -0.0400
-1.8344 2.2097 -0.0400
-1.8576 2.2222 -0.0400
-1.8753 2.2437 -0.0400
-1.8937 2.2647 -0.0400
-1.8976 2.3122 -0.0400
-1.1671 4.2707 -0.0400
-1.2690 4.1946 -0.0400
-1.3295 4.2096 -0.0400
-3.9130 5.6628 -0.0400
-4.3898 4.5109 -0.0400
-4.4590 4.4941 -0.0400
-4.6260 4.5087 -0.0400
-5.2437 2.5031 -0.0400
-5.3080 2.4793 -0.0400
-5.8902 2.3870 -0.0400
-5.9299 2.3366 -0.0400
-7.4607 -2.5185 -0.0400
-7.3778 -2.5860 -0.0400
-6.7732 -2.4839 -0.0400
-3.0140 -4.2129 -0.0400
-2.9195 -4.1414 -0.0400
-2.5237 -2.7391 -0.0400
-2.4615 -2.6892 -0.0400
-2.2616 -4.5856 -0.0400
-1.9980 -1.0557 -0.0400
-1.9799 -0.9945 -0.0400
-1.9495 -0.9723 -0.0400
-1.9174 -0.9552 -0.0400
-1.8837 -0.9427 -0.0400
-1.8478 -0.9352 -0.0400
-1.8002 -0.9530 -0.0400
-1.7508 -0.9717 -0.0400
-0.2700 -3.5003 -0.0400
-0.1632 -3.5099 -0.0400
-0.7978 -1.0904 -0.0400
-0.7742 -1.0448 -0.0400
-0.7488 -1.0018 -0.0400
-0.7091 -0.9736 -0.0400
-0.6522 -0.9616 -0.0400
1.5140 -1.5209 -0.0400
1.5007 -1.4154 -0.0400
1.5655 -1.3553 -0.0400
1.6280 -1.2929 -0.0400
1.7037 -1.2361 -0.0400
1.9431 1.5558 -0.0400
1.9606 1.6404 -0.0400
2.0318 1.7350 -0.0400
2.8808 2.8030 -0.0400
2.8199 2.8899 -0.0400
2.8433 3.0070 -0.0400
2.0136 4.5391 -0.0400
0.1142 3.7797 -0.0400
0.0357 3.7976 -0.0400
-0.0110 3.8480 -0.0400
-0.0251 3.9355 -0.0400
-1.5931 2.2534 -0.0400
-1.6432 2.2376 -0.0400
-1.6806 2.2357 -0.0400
-1.7227 2.2260 -0.0400
-1.7736 2.2022 -0.0400
-1.8066 2.2012 -0.0400
-1.8338 2.2078 -0.0400
-1.8564 2.2211 -0.0400
-1.8743 2.2419 -0.0400
-1.8929 2.2620 -0.0400
-1.9007 2.3019 -0.0400
-1.1589 4.2555 -0.0400
-1.2561 4.1906 -0.0400
-1.3173 4.2038 -0.0400
-1.3699 4.2379 -0.0400
-4.3637 4.5114 -0.0400
-4.4263 4.4825 -0.0400
-4.6298 4.5674 -0.0400
-4.6518 4.4606 -0.0400
-4.7220 4.4409 -0.0400
-5.9199 2.4297 -0.0400
-5.9083 2.3566 -0.0400
-7.4143 -2.5906 -0.0400
-6.8927 -2.4374 -0.0400
-6.7872 -2.4732 -0.0400
-3.1156 -4.2168 -0.0400
-3.0214 -4.1770 -0.0400
-2.9290 -4.1405 -0.0400
-2.8407 -4.1771 -0.0400
-2.5317 -2.6998 -0.0400
-2.4675 -2.6955 -0.0400
-2.2672 -4.6347 -0.0400
-2.1732 -4.5799 -0.0400
-2.0311 -1.0793 -0.0400
-2.0074 -1.0308 -0.0400
-1.9795 -0.9985 -0.0400
-1.9494 -0.9747 -0.0400
-1.9175 -0.9566 -0.0400
-1.8812 -0.9498 -0.0400
-1.8424 -0.9483 -0.0400
-1.7996 -0.9546 -0.0400
-1.7488 -0.9759 -0.0400
-0.2716 -3.5054 -0.0400
-0.7876 -1.1732 -0.0400
-0.8034 -1.0814 -0.0400
-0.7769 -1.0388 -0.0400
-0.7458 -1.0015 -0.0400
-0.6969 -0.9824 -0.0400
-0.6461 -0.9640 -0.0400
1.4589 -1.4867 -0.0400
1.4984 -1.4125 -0.0400
1.5592 -1.3502 -0.0400
1.6530 -1.3044 -0.0400
1.7238 -1.2446 -0.0400
1.9582 1.4795 -0.0400
1.9533 1.5609 -0.0400
2.0460 1.6566 -0.0400
2.0528 1.7420 -0.0400
2.2314 1.8593 -0.0400
2.8954 2.8097 -0.0400
2.8188 2.8913 -0.0400
2.0695 4.4529 -0.0400
2.0099 4.5367 -0.0400
0.0909 3.7597 -0.0400
0.0323 3.7975 -0.0400
0.0082 3.8722 -0.0400
0.0084 3.9763 -0.0400
-1.6033 2.2494 -0.0400
-1.6523 2.2345 -0.0400
-1.6878 2.2348 -0.0400
-1.7515 2.1958 -0.0400
-1.7864 2.1929 -0.0400
-1.8147 2.1981 -0.0400
-1.8391 2.2085 -0.0400
-1.8602 2.2237 -0.0400
-1.8775 2.2451 -0.0400
-1.8902 2.2751 -0.0400
-1.8849 2.3381 -0.0400
-1.1647 4.2434 -0.0400
-1.2570 4.1891 -0.0400
-1.3149 4.2098 -0.0400
-1.3561 4.2725 -0.0400
-3.8788 5.6714 -0.0400
-4.3559 4.5166 -0.0400
-4.4171 4.4854 -0.0400
-4.5858 4.5077 -0.0400
-4.6433 4.4662 -0.0400
-4.7168 4.4525 -0.0400
-5.8796 2.4274 -0.0400
-5.8973 2.3677 -0.0400
-7.4046 -2.5602 -0.0400
-6.8000 -2.4612 -0.0400
-6.7946 -2.5811 -0.0400
-3.1273 -4.2278 -0.0400
-3.0343 -4.2114 -0.0400
-2.9399 -4.1522 -0.0400
-2.5382 -2.7182 -0.0400
-2.4726 -2.7318 -0.0400
-2.2803 -4.5835 -0.0400
-2.0258 -1.1034 -0.0400
-2.0139 -1.0164 -0.0400
-1.9838 -0.9908 -0.0400
-1.9519 -0.9717 -0.0400
-1.9181 -0.9580 -0.0400
-1.8823 -0.9495 -0.0400
-1.8438 -0.9470 -0.0400
-1.8011 -0.9526 -0.0400
-0.2747 -3.5090 -0.0400
-0.7867 -1.1723 -0.0400
-0.8036 -1.0789 -0.0400
-0.7766 -1.0367 -0.0400
-0.7423 -1.0026 -0.0400
-0.6859 -0.9907 -0.0400
-0.6242 -0.9822 -0.0400
1.4541 -1.4828 -0.0400
1.5218 -1.4249 -0.0400
1.5719 -1.3560 -0.0400
1.6485 -1.3008 -0.0400
1.7105 -1.2366 -0.0400
1.9699 1.4845 -0.0400
1.9440 1.5634 -0.0400
2.0511 1.6609 -0.0400
2.2239 1.7732 -0.0400
2.8524 2.7974 -0.0400
2.8434 2.9018 -0.0400
2.0581 4.4456 -0.0400
0.1898 3.7645 -0.0400
0.0822 3.7550 -0.0400
0.0357 3.8051 -0.0400
0.0030 3.8704 -0.0400
-1.5744 2.2474 -0.0400
-1.6327 2.2229 -0.0400
-1.6651 2.2276 -0.0400
-1.6972 2.2317 -0.0400
-1.7600 2.1937 -0.0400
-1.7936 2.1922 -0.0400
-1.8208 2.1986 -0.0400
-1.8442 2.2102 -0.0400
-1.8626 2.2293 -0.0400
-1.8784 2.2530 -0.0400
-1.8880 2.2881 -0.0400
-1.1782 4.2156 -0.0400
-1.2614 4.1808 -0.0400
-1.3146 4.2119 -0.0400
-1.3515 4.2849 -0.0400
-3.8742 5.6864 -0.0400
-4.3511 4.5269 -0.0400
-4.4075 4.4859 -0.0400
-4.5789 4.5146 -0.0400
-4.6348 4.4706 -0.0400
-4.7083 4.4573 -0.0400
-7.4197 -2.5482 -0.0400
-6.8157 -2.4513 -0.0400
-3.1392 -4.2349 -0.0400
-3.0398 -4.1350 -0.0400
-2.9502 -4.1436 -0.0400
-2.5465 -2.6962 -0.0400
-2.4813 -2.7069 -0.0400
-2.2895 -4.5981 -0.0400
-2.1912 -4.5962 -0.0400
-2.0388 -1.0696 -0.0400
-2.0134 -1.0254 -0.0400
-1.9840 -0.9965 -0.0400
-1.9527 -0.9748 -0.0400
-1.9183 -0.9624 -0.0400
-1.8802 -0.9589 -0.0400
-1.8385 -0.9629 -0.0400
-1.7904 -0.9798 -0.0400
-0.8158 -1.1378 -0.0400
-0.8099 -1.0705 -0.0400
-0.7779 -1.0336 -0.0400
-0.7404 -1.0026 -0.0400
-0.6806 -0.9939 -0.0400
-0.6099 -0.9939 -0.0400
1.4537 -1.4820 -0.0400
1.5212 -1.4239 -0.0400
1.5912 -1.3660 -0.0400
1.6528 -1.3023 -0.0400
1.9952 1.4085 -0.0400
1.9496 1.4859 -0.0400
2.0719 1.5830 -0.0400
2.0442 1.6634 -0.0400
2.1378 1.7627 -0.0400
2.8592 2.8016 -0.0400
2.1439 4.3821 -0.0400
2.0719 4.4570 -0.0400
0.1403 3.7208 -0.0400
0.0783 3.7556 -0.0400
0.0377 3.8116 -0.0400
0.0140 3.8866 -0.0400
-1.6053 2.2211 -0.0400
-1.6397 2.2241 -0.0400
-1.6773 2.2221 -0.0400
-1.7398 2.1865 -0.0400
-1.7769 2.1809 -0.0400
-1.8023 2.1901 -0.0400
-1.8273 2.1993 -0.0400
-1.8485 2.2138 -0.0400
-1.8659 2.2342 -0.0400
-1.8803 2.2601 -0.0400
-1.8713 2.3262 -0.0400
-1.0987 4.2404 -0.0400
-1.1954 4.1812 -0.0400
-1.2651 4.1753 -0.0400
-1.3087 4.2285 -0.0400
-3.8627 5.6716 -0.0400
-4.2897 4.5772 -0.0400
-4.3372 4.5167 -0.0400
-4.4132 4.5163 -0.0400
-4.5744 4.5251 -0.0400
-4.6263 4.4740 -0.0400
-5.8443 5.0007 -0.0400
-5.8785 4.9012 -0.0400
-5.9687 4.8706 -0.0400
-6.8273 -2.4376 -0.0400
-5.1973 -1.9718 -0.0400
-5.1398 -2.0094 -0.0400
-3.1478 -4.1996 -0.0400
-3.0512 -4.1332 -0.0400
-2.9613 -4.1406 -0.0400
-2.5546 -2.7009 -0.0400
-2.3964 -4.6436 -0.0400
-2.3009 -4.5891 -0.0400
-2.0717 -1.1038 -0.0400
-2.0479 -1.0501 -0.0400
-2.0194 -1.0161 -0.0400
-1.9884 -0.9919 -0.0400
-1.9556 -0.9742 -0.0400
-1.9208 -0.9622 -0.0400
-1.8835 -0.9563 -0.0400
-1.8430 -0.9573 -0.0400
-1.7723 -1.0253 -0.0400
-0.3603 -3.5608 -0.0400
-0.2620 -3.5553 -0.0400
-0.8295 -1.1983 -0.0400
-0.8267 -1.1248 -0.0400
-0.8054 -1.0748 -0.0400
-0.7757 -1.0350 -0.0400
-0.7335 -1.0087 -0.0400
-0.6505 -1.0228 -0.0400
1.4330 -1.5684 -0.0400
1.4614 -1.4866 -0.0400
1.5176 -1.4217 -0.0400
1.5998 -1.3705 -0.0400
1.6543 -1.3027 -0.0400
2.0214 1.4143 -0.0400
1.9486 1.4894 -0.0400
2.0520 1.5840 -0.0400
2.0855 1.6727 -0.0400
2.9052 2.7114 -0.0400
2.8517 2.8013 -0.0400
2.1264 4.3713 -0.0400
0.1245 3.7105 -0.0400
0.0735 3.7557 -0.0400
0.0350 3.8137 -0.0400
-1.6192 2.2149 -0.0400
-1.6536 2.2176 -0.0400
-1.7044 2.1986 -0.0400
-1.7564 2.1755 -0.0400
-1.7835 2.1826 -0.0400
-1.8110 2.1886 -0.0400
-1.8330 2.2019 -0.0400
-1.8498 2.2227 -0.0400
-1.8677 2.2422 -0.0400
-1.8774 2.2756 -0.0400
-1.1232 4.1937 -0.0400
-1.2047 4.1652 -0.0400
-1.2674 4.1742 -0.0400
-1.3092 4.2311 -0.0400
-3.7767 5.7044 -0.0400
-4.3317 4.5229 -0.0400
-4.3966 4.5004 -0.0400
-4.5121 4.5751 -0.0400
-4.5585 4.5131 -0.0400
-4.6227 4.4848 -0.0400
-5.8327 5.0050 -0.0400
-5.8681 4.9073 -0.0400
-5.7768 4.2964 -0.0400
-7.5070 -2.4360 -0.0400
-6.8531 -2.4354 -0.0400
-5.2190 -1.9739 -0.0400
-5.1609 -2.0115 -0.0400
-3.4587 -0.0146 -0.0400
-3.4208 -0.0014 -0.0400
-3.3858 0.0096 -0.0400
-3.1567 -4.1628 -0.0400
-3.0630 -4.1298 -0.0400
-2.9733 -4.1435 -0.0400
-2.5634 -2.6996 -0.0400
-2.4078 -4.6465 -0.0400
-2.3124 -4.5857 -0.0400
-2.0635 -1.1474 -0.0400
-2.0466 -1.0672 -0.0400
-2.0198 -1.0261 -0.0400
-1.9925 -0.9900 -0.0400
-1.9581 -0.9760 -0.0400
-1.9217 -0.9679 -0.0400
-1.8823 -0.9665 -0.0400
-1.8386 -0.9742 -0.0400
-1.7863 -0.9997 -0.0400
-0.3600 -3.5754 -0.0400
-0.8398 -1.1867 -0.0400
-0.8312 -1.1201 -0.0400
-0.8072 -1.0728 -0.0400
-0.7729 -1.0378 -0.0400
-0.7263 -1.0158 -0.0400
-0.6676 -1.0050 -0.0400
1.4334 -1.5694 -0.0400
1.4688 -1.4916 -0.0400
1.5223 -1.4247 -0.0400
1.6087 -1.3757 -0.0400
1.6908 -1.3224 -0.0400
1.9555 1.4119 -0.0400
1.9788 1.4960 -0.0400
2.0505 1.5871 -0.0400
2.0727 1.6743 -0.0400
2.2552 1.7878 -0.0400
2.8798 2.7057 -0.0400
2.8896 2.8156 -0.0400
2.1261 4.3729 -0.0400
0.2078 3.7005 -0.0400
0.1274 3.7187 -0.0400
0.0763 3.7639 -0.0400
0.0506 3.8352 -0.0400
-1.5921 2.2136 -0.0400
-1.6288 2.2144 -0.0400
-1.6684 2.2104 -0.0400
-1.7242 2.1848 -0.0400
-1.7671 2.1727 -0.0400
-1.7927 2.1815 -0.0400
-1.8173 2.1911 -0.0400
-1.8363 2.2083 -0.0400
-1.8543 2.2272 -0.0400
-1.8649 2.2581 -0.0400
-1.8555 2.3221 -0.0400
-1.1286 4.1876 -0.0400
-1.2140 4.1503 -0.0400
-1.2674 4.1793 -0.0400
-3.8500 5.6757 -0.0400
-4.2689 4.5660 -0.0400
-4.3241 4.5232 -0.0400
-4.5544 4.5218 -0.0400
-4.6125 4.4829 -0.0400
-5.8249 5.0132 -0.0400
-5.8593 4.9144 -0.0400
-5.7640 4.2991 -0.0400
-5.8465 4.2706 -0.0400
-7.5915 -2.3523 -0.0400
-7.5389 -2.4429 -0.0400
-6.9817 -2.2794 -0.0400
-6.9154 -2.3480 -0.0400
-5.2717 -1.9142 -0.0400
-5.2150 -1.9535 -0.0400
-3.4427 0.0184 -0.0400
-3.4154 0.0181 -0.0400
-3.3867 0.0208 -0.0400
-3.3661 0.0128 -0.0400
-3.3456 0.0050 -0.0400
-2.6999 -2.7094 -0.0400
-2.6347 -2.7046 -0.0400
-2.5149 -4.6545 -0.0400
-2.4182 -4.5937 -0.0400
-2.1166 -1.1119 -0.0400
-2.0901 -1.0636 -0.0400
-2.0600 -1.0320 -0.0400
-2.0278 -1.0095 -0.0400
-1.9939 -0.9934 -0.0400
-1.9581 -0.9830 -0.0400
-1.9133 -0.9964 -0.0400
-1.8658 -1.0137 -0.0400
-0.4499 -3.6066 -0.0400
-0.8778 -1.2207 -0.0400
-0.8676 -1.1542 -0.0400
-0.8459 -1.1036 -0.0400
-0.8048 -1.0761 -0.0400
-0.7551 -1.0574 -0.0400
-0.6881 -1.0559 -0.0400
1.3760 -1.6341 -0.0400
1.4426 -1.5759 -0.0400
1.5048 -1.5140 -0.0400
1.5703 -1.4532 -0.0400
2.0065 1.2538 -0.0400
1.9617 1.3330 -0.0400
1.9909 1.4171 -0.0400
2.0590 1.5064 -0.0400
2.2701 1.6157 -0.0400
2.9123 2.6107 -0.0400
2.8973 2.7123 -0.0400
0.2364 3.6373 -0.0400
0.1623 3.6618 -0.0400
0.1286 3.7235 -0.0400
0.1255 3.8167 -0.0400
-1.5919 2.1795 -0.0400
-1.6250 2.1842 -0.0400
-1.6925 2.1484 -0.0400
-1.7264 2.1486 -0.0400
-1.7544 2.1551 -0.0400
-1.7815 2.1620 -0.0400
-1.8021 2.1767 -0.0400
-1.8182 2.1977 -0.0400
-1.8344 2.2188 -0.0400
-1.8376 2.2599 -0.0400
-1.0844 4.1424 -0.0400
-1.1619 4.1231 -0.0400
-1.2136 4.1552 -0.0400
-3.6809 5.7074 -0.0400
-4.2265 4.6506 -0.0400
-4.2564 4.5485 -0.0400
-4.4309 4.5967 -0.0400
-4.4829 4.5453 -0.0400
-4.5543 4.5318 -0.0400
-5.7526 5.0769 -0.0400
-5.6946 4.3507 -0.0400
-5.7909 4.3382 -0.0400
-7.5895 -2.3272 -0.0400
-6.9220 -2.3296 -0.0400
-5.2820 -1.9023 -0.0400
-5.2293 -1.9463 -0.0400
-5.2105 -2.0312 -0.0400
-3.4704 0.0009 -0.0400
-3.4243 0.0249 -0.0400
-3.4000 0.0212 -0.0400
-3.3750 0.0192 -0.0400
-3.3555 0.0098 -0.0400
-3.3375 -0.0019 -0.0400
-3.3206 -0.0153 -0.0400
-3.3075 -0.0355 -0.0400
-2.7099 -2.7058 -0.0400
-2.6445 -2.7073 -0.0400
-2.5276 -4.6516 -0.0400
-2.1143 -1.1411 -0.0400
-2.0909 -1.0785 -0.0400
-2.0664 -1.0266 -0.0400
-2.0328 -1.0083 -0.0400
-1.9975 -0.9960 -0.0400
-1.9601 -0.9895 -0.0400
-1.9198 -0.9900 -0.0400
-1.8751 -1.0003 -0.0400
-1.8202 -1.0328 -0.0400
-0.5317 -3.6619 -0.0400
-0.4398 -3.6448 -0.0400
-0.9050 -1.1891 -0.0400
-0.8799 -1.1415 -0.0400
-0.8460 -1.1052 -0.0400
-0.8045 -1.0779 -0.0400
-0.7532 -1.0606 -0.0400
1.3748 -1.6351 -0.0400
1.4409 -1.5765 -0.0400
1.5353 -1.5340 -0.0400
1.5737 -1.4565 -0.0400
1.9825 1.2556 -0.0400
1.9616 1.3361 -0.0400
2.0854 1.4281 -0.0400
2.0960 1.5132 -0.0400
2.2759 1.6192 -0.0400
2.9461 2.5164 -0.0400
2.9148 2.6133 -0.0400
2.1852 4.2926 -0.0400
0.2070 3.6166 -0.0400
0.1609 3.6664 -0.0400
0.1332 3.7338 -0.0400
-1.5722 2.1708 -0.0400
-1.6084 2.1728 -0.0400
-1.6370 2.1819 -0.0400
-1.6965 2.1551 -0.0400
-1.7408 2.1430 -0.0400
-1.7652 2.1534 -0.0400
-1.7880 2.1654 -0.0400
-1.8060 2.1835 -0.0400
-1.8225 2.2038 -0.0400
-1.8281 2.2400 -0.0400
-1.8325 2.2797 -0.0400
-1.0195 4.1404 -0.0400
-1.1064 4.1059 -0.0400
-1.1641 4.1255 -0.0400
-1.2109 4.1678 -0.0400
-3.6770 5.7132 -0.0400
-4.1926 4.5858 -0.0400
-4.2521 4.5531 -0.0400
-4.4415 4.6330 -0.0400
-4.4786 4.5513 -0.0400
-4.5748 4.5845 -0.0400
-5.6965 5.1682 -0.0400
-5.7108 5.0385 -0.0400
-5.7903 4.9974 -0.0400
-5.6346 4.4167 -0.0400
-5.6865 4.3568 -0.0400
-5.7803 4.3421 -0.0400
-7.6109 -2.3181 -0.0400
-6.9985 -2.2453 -0.0400
-6.9542 -2.3313 -0.0400
-5.2955 -1.8936 -0.0400
-5.2418 -1.9366 -0.0400
-5.2256 -2.0246 -0.0400
-3.4892 -0.0043 -0.0400
-3.4468 0.0139 -0.0400
-3.4102 0.0264 -0.0400
-3.3877 0.0207 -0.0400
-3.3650 0.0155 -0.0400
-3.3466 0.0044 -0.0400
-3.3306 -0.0107 -0.0400
-3.3147 -0.0262 -0.0400
-3.3053 -0.0535 -0.0400
-3.2932 -0.0774 -0.0400
-2.1451 -1.2063 -0.0400
-2.1298 -1.1037 -0.0400
-2.1013 -1.0612 -0.0400
-2.0698 -1.0334 -0.0400
-2.0366 -1.0126 -0.0400
-2.0019 -0.9979 -0.0400
-1.9616 -0.9988 -0.0400
-1.9190 -1.0048 -0.0400
-1.8699 -1.0253 -0.0400
-0.4616 -3.6178 -0.0400
-0.8961 -1.2861 -0.0400
-0.9016 -1.1968 -0.0400
-0.8790 -1.1455 -0.0400
-0.8467 -1.1070 -0.0400
-0.7924 -1.0938 -0.0400
-0.7212 -1.0976 -0.0400
1.3316 -1.7110 -0.0400
1.3806 -1.6413 -0.0400
1.4431 -1.5801 -0.0400
1.5353 -1.5362 -0.0400
1.5769 -1.4603 -0.0400
1.9670 1.2576 -0.0400
1.9697 1.3394 -0.0400
2.0674 1.4293 -0.0400
2.1177 1.5182 -0.0400
2.9520 2.5197 -0.0400
2.9102 2.6139 -0.0400
2.2314 4.2026 -0.0400
0.2693 3.5868 -0.0400
0.2034 3.6194 -0.0400
0.1586 3.6703 -0.0400
0.1340 3.7406 -0.0400
-1.5478 2.1668 -0.0400
-1.5875 2.1661 -0.0400
-1.6191 2.1726 -0.0400
-1.6728 2.1539 -0.0400
-1.7256 2.1335 -0.0400
-1.7510 2.1429 -0.0400
-1.7736 2.1552 -0.0400
-1.7940 2.1699 -0.0400
-1.8078 2.1933 -0.0400
-1.8217 2.2172 -0.0400
-1.8085 2.2804 -0.0400
-1.0318 4.1248 -0.0400
-1.1139 4.0990 -0.0400
-1.1673 4.1266 -0.0400
-3.5915 5.7350 -0.0400
-3.6752 5.7261 -0.0400
-4.1831 4.5765 -0.0400
-4.2590 4.5817 -0.0400
-4.4161 4.5943 -0.0400
-4.4709 4.5495 -0.0400
-4.5457 4.5434 -0.0400
-5.7266 5.0752 -0.0400
-5.6350 4.4315 -0.0400
-5.6788 4.3625 -0.0400
-5.7620 4.3369 -0.0400
-5.0819 2.7782 -0.0400
-7.0568 -2.2660 -0.0400
-6.9485 -2.3029 -0.0400
-5.3141 -1.8903 -0.0400
-5.2528 -1.9248 -0.0400
-3.4634 0.0114 -0.0400
-3.4220 0.0300 -0.0400
-3.3985 0.0253 -0.0400
-3.3770 0.0182 -0.0400
-3.3564 0.0101 -0.0400
-3.3388 -0.0025 -0.0400
-3.3248 -0.0213 -0.0400
-3.3104 -0.0400 -0.0400
-3.3055 -0.0767 -0.0400
-3.3004 -0.1154 -0.0400
-2.1328 -1.1169 -0.0400
-2.1047 -1.0712 -0.0400
-2.0771 -1.0287 -0.0400
-2.0425 -1.0125 -0.0400
-2.0062 -1.0016 -0.0400
-1.9679 -0.9968 -0.0400
-1.9266 -0.9988 -0.0400
-1.8804 -1.0119 -0.0400
-0.5506 -3.6614 -0.0400
-0.4449 -3.6729 -0.0400
-0.9345 -1.2409 -0.0400
-0.9159 -1.1831 -0.0400
-0.8850 -1.1421 -0.0400
-0.8458 -1.1116 -0.0400
-0.7968 -1.0920 -0.0400
-0.7312 -1.0897 -0.0400
1.3571 -1.7318 -0.0400
1.4052 -1.6606 -0.0400
1.4446 -1.5838 -0.0400
1.5316 -1.5366 -0.0400
1.9644 1.2601 -0.0400
2.0124 1.3447 -0.0400
2.0617 1.4314 -0.0400
2.2538 1.5340 -0.0400
2.9528 2.5215 -0.0400
2.9917 2.6383 -0.0400
2.2302 4.2041 -0.0400
0.2700 3.5935 -0.0400
0.2009 3.6235 -0.0400
0.1771 3.6936 -0.0400
-1.4987 2.1861 -0.0400
-1.5603 2.1656 -0.0400
-1.5992 2.1655 -0.0400
-1.6287 2.1740 -0.0400
-1.7086 2.1263 -0.0400
-1.7360 2.1338 -0.0400
-1.7597 2.1448 -0.0400
-1.7803 2.1593 -0.0400
-1.7953 2.1809 -0.0400
-1.8089 2.2047 -0.0400
-1.8189 2.2340 -0.0400
-1.8187 2.2787 -0.0400
-0.9606 4.1346 -0.0400
-1.0380 4.1212 -0.0400
-1.1177 4.0997 -0.0400
-1.1676 4.1343 -0.0400
-3.5871 5.7316 -0.0400
-3.6708 5.7244 -0.0400
-4.1799 4.5805 -0.0400
-4.2447 4.5612 -0.0400
-4.4045 4.5824 -0.0400
-4.4691 4.5578 -0.0400
-5.6586 5.1471 -0.0400
-5.6902 5.0417 -0.0400
-5.6131 4.4197 -0.0400
-5.6837 4.3815 -0.0400
-5.0692 2.7799 -0.0400
-5.0663 2.7149 -0.0400
-5.0988 2.6756 -0.0400
-5.1444 2.6445 -0.0400
-5.3162 -1.8683 -0.0400
-5.2824 -1.9343 -0.0400
-3.4652 0.0288 -0.0400
-3.4358 0.0311 -0.0400
-3.4107 0.0284 -0.0400
-3.3882 0.0226 -0.0400
-3.3664 0.0161 -0.0400
-3.3485 0.0036 -0.0400
-3.3315 -0.0102 -0.0400
-3.3199 -0.0337 -0.0400
-3.3069 -0.0557 -0.0400
-3.3133 -0.1157 -0.0400
-2.1373 -1.1264 -0.0400
-2.1155 -1.0564 -0.0400
-2.0823 -1.0332 -0.0400
-2.0478 -1.0159 -0.0400
-2.0118 -1.0037 -0.0400
-1.9697 -1.0090 -0.0400
-1.9255 -1.0179 -0.0400
-1.8736 -1.0442 -0.0400
-0.5339 -3.7210 -0.0400
-0.9210 -1.2642 -0.0400
-0.9118 -1.1935 -0.0400
-0.8853 -1.1466 -0.0400
-0.8407 -1.1220 -0.0400
-0.7809 -1.1141 -0.0400
1.3396 -1.7236 -0.0400
1.3982 -1.6597 -0.0400
1.4541 -1.5933 -0.0400
1.5335 -1.5410 -0.0400
1.9737 1.1809 -0.0400
1.9624 1.2622 -0.0400
2.0658 1.3503 -0.0400
2.0701 1.4343 -0.0400
2.9365 2.5187 -0.0400
0.3193 3.5519 -0.0400
0.2441 3.5776 -0.0400
0.1960 3.6255 -0.0400
0.1697 3.6932 -0.0400
-1.5163 2.1804 -0.0400
-1.5706 2.1668 -0.0400
-1.6329 2.1427 -0.0400
-1.6866 2.1245 -0.0400
-1.7184 2.1277 -0.0400
-1.7443 2.1366 -0.0400
-1.7667 2.1490 -0.0400
-1.7838 2.1677 -0.0400
-1.7982 2.1900 -0.0400
-1.8094 2.2170 -0.0400
-1.8134 2.2546 -0.0400
-0.9858 4.0982 -0.0400
-1.0625 4.0845 -0.0400
-1.1212 4.1019 -0.0400
-1.1453 4.1884 -0.0400
-3.5821 5.7228 -0.0400
-4.1165 4.6127 -0.0400
-4.1756 4.5805 -0.0400
-4.3713 4.6850 -0.0400
-4.4022 4.5884 -0.0400
-4.4612 4.5528 -0.0400
-4.5415 4.5583 -0.0400
-5.6921 5.0581 -0.0400
-5.6115 4.4305 -0.0400
-5.6670 4.3755 -0.0400
-5.7964 4.4003 -0.0400
-5.0393 2.7684 -0.0400
-5.0607 2.7213 -0.0400
-5.0955 2.6838 -0.0400
-5.1395 2.6519 -0.0400
-5.2190 2.6414 -0.0400
-5.2855 -1.9046 -0.0400
-5.2330 -1.9493 -0.0400
-3.4723 0.0083 -0.0400
-3.4369 0.0189 -0.0400
-3.4091 0.0200 -0.0400
-3.3814 0.0219 -0.0400
-3.3613 0.0129 -0.0400
-3.3424 0.0020 -0.0400
-3.3248 -0.0110 -0.0400
-3.3120 -0.0330 -0.0400
-3.2985 -0.0546 -0.0400
-3.2869 -0.0810 -0.0400
-2.1191 -1.0795 -0.0400
-2.0879 -1.0472 -0.0400
-2.0548 -1.0236 -0.0400
-2.0205 -1.0052 -0.0400
-1.9834 -0.9955 -0.0400
-1.9435 -0.9930 -0.0400
-1.9004 -0.9979 -0.0400
-1.8510 -1.0162 -0.0400
-0.4909 -3.6280 -0.0400
-0.9087 -1.2059 -0.0400
-0.8870 -1.1523 -0.0400
-0.8543 -1.1132 -0.0400
-0.8121 -1.0854 -0.0400
-0.7583 -1.0700 -0.0400
-0.6738 -1.0860 -0.0400
1.3791 -1.6528 -0.0400
1.4402 -1.5900 -0.0400
1.5073 -1.5301 -0.0400
1.5736 -1.4688 -0.0400
1.9597 1.2646 -0.0400
1.9597 1.3464 -0.0400
2.0567 1.4359 -0.0400
2.1253 1.5263 -0.0400
2.2970 1.6309 -0.0400
2.9358 2.5202 -0.0400
2.9152 2.6202 -0.0400
2.1779 4.2974 -0.0400
0.2857 3.6216 -0.0400
0.1990 3.6368 -0.0400
0.1600 3.6930 -0.0400
-1.5306 2.1818 -0.0400
-1.5809 2.1720 -0.0400
-1.6167 2.1749 -0.0400
-1.6711 2.1569 -0.0400
-1.7167 2.1459 -0.0400
-1.7475 2.1496 -0.0400
-1.7750 2.1562 -0.0400
-1.7939 2.1727 -0.0400
-1.8097 2.1929 -0.0400
-1.8229 2.2170 -0.0400
-1.8316 2.2478 -0.0400
-1.0359 4.1462 -0.0400
-1.1252 4.1071 -0.0400
-1.1764 4.1386 -0.0400
-3.6602 5.7078 -0.0400
-4.1776 4.5966 -0.0400
-4.2325 4.5553 -0.0400
-4.3122 4.5690 -0.0400
-4.4018 4.5999 -0.0400
-4.4563 4.5555 -0.0400
-4.5280 4.5452 -0.0400
-5.7094 5.0984 -0.0400
-5.7451 5.0007 -0.0400
-5.6201 4.4560 -0.0400
-5.6591 4.3822 -0.0400
-5.7421 4.3575 -0.0400
-5.0682 2.8022 -0.0400
-5.0672 2.7387 -0.0400
-5.0862 2.6903 -0.0400
-5.1194 2.6517 -0.0400
-5.1737 2.6262 -0.0400
-5.3414 -1.8472 -0.0400
-5.3162 -1.9231 -0.0400
-3.4597 0.0396 -0.0400
-3.4330 0.0387 -0.0400
-3.4095 0.0338 -0.0400
-3.3883 0.0262 -0.0400
-3.3685 0.0166 -0.0400
-3.3523 0.0011 -0.0400
-3.3366 -0.0156 -0.0400
-3.3228 -0.0361 -0.0400
-3.3109 -0.0611 -0.0400
-2.1617 -1.0915 -0.0400
-2.1291 -1.0619 -0.0400
-2.0953 -1.0396 -0.0400
-2.0608 -1.0207 -0.0400
-2.0230 -1.0128 -0.0400
-1.9832 -1.0101 -0.0400
-1.9406 -1.0142 -0.0400
-1.8663 -1.0983 -0.0400
-0.5782 -3.6725 -0.0400
-0.9342 -1.2613 -0.0400
-0.9300 -1.1836 -0.0400
-0.8907 -1.1522 -0.0400
-0.8417 -1.1323 -0.0400
-0.7755 -1.1312 -0.0400
1.2900 -1.8040 -0.0400
1.3326 -1.7286 -0.0400
1.3969 -1.6681 -0.0400
1.4678 -1.6109 -0.0400
2.0013 1.1025 -0.0400
1.9655 1.1841 -0.0400
1.9894 1.2669 -0.0400
2.0658 1.3537 -0.0400
2.2572 1.4522 -0.0400
2.9801 2.4266 -0.0400
2.9651 2.5284 -0.0400
2.2792 4.1208 -0.0400
0.4031 3.5433 -0.0400
0.2902 3.5405 -0.0400
0.2326 3.5805 -0.0400
0.1975 3.6398 -0.0400
-1.5184 2.1621 -0.0400
-1.5678 2.1542 -0.0400
-1.6451 2.1168 -0.0400
-1.6867 2.1116 -0.0400
-1.7166 2.1171 -0.0400
-1.7409 2.1279 -0.0400
-1.7612 2.1427 -0.0400
-1.7789 2.1603 -0.0400
-1.7934 2.1820 -0.0400
-1.7900 2.2265 -0.0400
-1.0190 4.0580 -0.0400
-1.0758 4.0791 -0.0400
-1.1194 4.1249 -0.0400
-4.1126 4.6189 -0.0400
-4.1806 4.6086 -0.0400
-4.3381 4.6305 -0.0400
-4.3907 4.5820 -0.0400
-4.4573 4.5628 -0.0400
-5.5862 5.2375 -0.0400
-5.6035 5.1097 -0.0400
-5.6931 5.0844 -0.0400
-5.5954 4.4345 -0.0400
-5.6597 4.3901 -0.0400
-5.0484 2.8575 -0.0400
-5.0358 2.7843 -0.0400
-5.0526 2.7343 -0.0400
-5.1017 2.7069 -0.0400
-5.1375 2.6697 -0.0400
-5.2111 2.6560 -0.0400
-5.7855 2.5931 -0.0400
-7.7241 -2.1733 -0.0400
-7.6664 -2.2606 -0.0400
-5.3131 -1.8859 -0.0400
-5.2580 -1.9276 -0.0400
-3.4660 0.0204 -0.0400
-3.4344 0.0263 -0.0400
-3.4083 0.0253 -0.0400
-3.3827 0.0244 -0.0400
-3.3633 0.0141 -0.0400
-3.3455 0.0012 -0.0400
-3.3287 -0.0139 -0.0400
-3.3133 -0.0318 -0.0400
-3.3094 -0.0727 -0.0400
-3.3107 -0.1273 -0.0400
-2.0345 -1.0102 -0.0400
-1.9966 -1.0019 -0.0400
-1.9567 -0.9986 -0.0400
-1.9034 -1.0289 -0.0400
-1.8425 -1.0738 -0.0400
-0.4924 -3.6755 -0.0400
-0.9162 -1.2969 -0.0400
-0.9186 -1.2091 -0.0400
-0.8943 -1.1580 -0.0400
-0.8596 -1.1207 -0.0400
-0.8156 -1.0944 -0.0400
1.3539 -1.7515 -0.0400
1.3714 -1.6587 -0.0400
1.4574 -1.6117 -0.0400
1.5277 -1.5530 -0.0400
1.9745 1.1857 -0.0400
1.9612 1.2674 -0.0400
2.0594 1.3549 -0.0400
2.0750 1.4400 -0.0400
2.2407 1.5396 -0.0400
2.9915 2.4301 -0.0400
2.9317 2.5208 -0.0400
2.2244 4.2099 -0.0400
0.2296 3.5866 -0.0400
0.1894 3.6413 -0.0400
-1.5282 2.1682 -0.0400
-1.5767 2.1610 -0.0400
-1.6112 2.1657 -0.0400
-1.6745 2.1401 -0.0400
-1.7148 2.1354 -0.0400
-1.7439 2.1414 -0.0400
-1.7696 2.1502 -0.0400
-1.7866 2.1687 -0.0400
-1.8006 2.1910 -0.0400
-1.8112 2.2179 -0.0400
-1.8138 2.2561 -0.0400
-1.0032 4.0994 -0.0400
-1.0793 4.0864 -0.0400
-1.1325 4.1139 -0.0400
-1.1700 4.1725 -0.0400
-3.6617 5.7343 -0.0400
-4.1658 4.5805 -0.0400
-4.2415 4.5886 -0.0400
-4.3977 4.6054 -0.0400
-4.4527 4.5626 -0.0400
-5.6923 5.0980 -0.0400
-5.7352 5.0104 -0.0400
-5.6016 4.4549 -0.0400
-5.6479 4.3901 -0.0400
-5.7413 4.3775 -0.0400
-5.0403 2.7984 -0.0400
-5.0517 2.7446 -0.0400
-5.0788 2.7024 -0.0400
-5.1205 2.6699 -0.0400
-5.1588 2.6345 -0.0400
-5.2175 2.6110 -0.0400
-5.7834 2.6056 -0.0400
-5.8100 2.5519 -0.0400
-7.5995 -2.3096 -0.0400
-6.9974 -2.2374 -0.0400
-3.4900 0.0402 -0.0400
-3.4592 0.0445 -0.0400
-3.4334 0.0425 -0.0400
-3.4106 0.0369 -0.0400
-3.3901 0.0281 -0.0400
-3.3710 0.0172 -0.0400
-3.3564 -0.0015 -0.0400
-3.3422 -0.0214 -0.0400
-3.3303 -0.0464 -0.0400
-3.3222 -0.0801 -0.0400
-1.9423 -1.0534 -0.0400
-1.8787 -1.1078 -0.0400
-0.6821 -3.7195 -0.0400
-0.5820 -3.7195 -0.0400
-0.9702 -1.2319 -0.0400
-0.9376 -1.1909 -0.0400
-0.8966 -1.1610 -0.0400
-0.8451 -1.1434 -0.0400
-0.7737 -1.1477 -0.0400
1.2740 -1.8056 -0.0400
1.3533 -1.7556 -0.0400
1.4028 -1.6841 -0.0400
1.4856 -1.6340 -0.0400
1.5594 -1.5767 -0.0400
1.9744 1.1040 -0.0400
1.9641 1.1859 -0.0400
2.0631 1.2718 -0.0400
2.1016 1.3578 -0.0400
3.0075 2.3287 -0.0400
2.9703 2.4254 -0.0400
2.3324 4.0372 -0.0400
0.3424 3.5074 -0.0400
0.2731 3.5390 -0.0400
0.2291 3.5904 -0.0400
-1.5161 2.1487 -0.0400
-1.5787 2.1297 -0.0400
-1.6447 2.1047 -0.0400
-1.6844 2.1021 -0.0400
-1.7124 2.1099 -0.0400
-1.7359 2.1216 -0.0400
-1.7557 2.1370 -0.0400
-1.7717 2.1564 -0.0400
-1.7851 2.1792 -0.0400
-1.7738 2.2321 -0.0400
-0.8622 4.1034 -0.0400
-0.9575 4.0641 -0.0400
-1.0313 4.0569 -0.0400
-1.0822 4.0883 -0.0400
-3.4944 5.7436 -0.0400
-4.0685 4.7009 -0.0400
-4.1030 4.6044 -0.0400
-4.3227 4.6089 -0.0400
-4.3884 4.5894 -0.0400
-5.5495 5.2055 -0.0400
-5.5875 5.1082 -0.0400
-5.5575 4.5294 -0.0400
-5.5950 4.4532 -0.0400
-5.0213 2.8524 -0.0400
-5.0212 2.7893 -0.0400
-5.0424 2.7430 -0.0400
-5.0939 2.7178 -0.0400
-5.1413 2.6888 -0.0400
-5.7522 2.6632 -0.0400
-5.7768 2.6088 -0.0400
-7.7321 -2.1320 -0.0400
-7.6952 -2.2328 -0.0400
-7.0739 -2.1605 -0.0400
-7.0144 -2.2347 -0.0400
-3.5280 0.0098 -0.0400
-3.4810 0.0353 -0.0400
-3.4506 0.0394 -0.0400
-3.4209 0.0439 -0.0400
-3.4006 0.0347 -0.0400
-3.3818 0.0233 -0.0400
-3.3646 0.0090 -0.0400
-3.3487 -0.0076 -0.0400
-3.3349 -0.0288 -0.0400
-3.3387 -0.0851 -0.0400
-3.5847 -4.1822 -0.0400
-3.4874 -4.1636 -0.0400
-3.3854 -4.0987 -0.0400
-0.6942 -3.7224 -0.0400
-0.5845 -3.7441 -0.0400
-0.9818 -1.3136 -0.0400
-0.9689 -1.2441 -0.0400
-0.9403 -1.1974 -0.0400
-0.9022 -1.1634 -0.0400
-0.8339 -1.1658 -0.0400
1.2783 -1.8163 -0.0400
1.3465 -1.7582 -0.0400
1.4454 -1.7199 -0.0400
1.4916 -1.6448 -0.0400
1.9639 1.1041 -0.0400
1.9971 1.1869 -0.0400
2.0643 1.2721 -0.0400
2.1063 1.3585 -0.0400
2.9880 2.3245 -0.0400
2.9860 2.4291 -0.0400
2.3295 4.0372 -0.0400
0.3146 3.4915 -0.0400
0.2679 3.5408 -0.0400
-1.5089 2.1288 -0.0400
-1.5530 2.1273 -0.0400
-1.5855 2.1348 -0.0400
-1.6536 2.1079 -0.0400
-1.6916 2.1070 -0.0400
-1.7243 2.1100 -0.0400
-1.7438 2.1258 -0.0400
-1.7591 2.1459 -0.0400
-1.7719 2.1690 -0.0400
-1.7801 2.1980 -0.0400
-1.7767 2.2418 -0.0400
-0.9594 4.0713 -0.0400
-1.0343 4.0622 -0.0400
-3.4913 5.7280 -0.0400
-4.0433 4.6360 -0.0400
-4.0997 4.5989 -0.0400
-4.2792 4.6825 -0.0400
-4.3204 4.6079 -0.0400
-4.3892 4.5954 -0.0400
-5.5529 5.2196 -0.0400
-5.5844 5.1130 -0.0400
-5.5227 4.4954 -0.0400
-5.5798 4.4437 -0.0400
-5.7066 4.4710 -0.0400
-5.0227 2.9249 -0.0400
-4.9952 2.8390 -0.0400
-5.0110 2.7885 -0.0400
-5.0417 2.7494 -0.0400
-5.0887 2.7213 -0.0400
-5.1268 2.6864 -0.0400
-5.7541 2.6732 -0.0400
-5.7702 2.6145 -0.0400
-7.6768 -2.1972 -0.0400
-7.0709 -2.1350 -0.0400
-3.4506 0.0544 -0.0400
-3.4281 0.0482 -0.0400
-3.4079 0.0387 -0.0400
-3.3914 0.0235 -0.0400
-3.3760 0.0060 -0.0400
-3.3631 -0.0165 -0.0400
-3.3533 -0.0456 -0.0400
-3.3536 -0.0959 -0.0400
-3.5841 -4.1072 -0.0400
-3.4884 -4.0914 -0.0400
-3.4062 -4.1730 -0.0400
-1.0115 -1.3706 -0.0400
-1.0204 -1.2683 -0.0400
-0.9837 -1.2318 -0.0400
-0.9390 -1.2062 -0.0400
-0.8837 -1.1931 -0.0400
-0.8008 -1.2119 -0.0400
1.2220 -1.8882 -0.0400
1.2967 -1.8352 -0.0400
1.3702 -1.7802 -0.0400
1.4351 -1.7181 -0.0400
1.9678 1.0218 -0.0400
2.0813 1.1041 -0.0400
2.0795 1.1884 -0.0400
2.2705 1.2794 -0.0400
3.0825 2.1330 -0.0400
3.0021 2.2227 -0.0400
3.0007 2.3270 -0.0400
2.3775 3.9476 -0.0400
0.4306 3.4122 -0.0400
0.3558 3.4416 -0.0400
0.3083 3.4905 -0.0400
-1.4992 2.1076 -0.0400
-1.5550 2.0970 -0.0400
-1.6271 2.0700 -0.0400
-1.6623 2.0728 -0.0400
-1.6888 2.0827 -0.0400
-1.7108 2.0962 -0.0400
-1.7297 2.1127 -0.0400
-1.7444 2.1333 -0.0400
-1.7450 2.1694 -0.0400
-1.7380 2.2154 -0.0400
-0.8542 4.0176 -0.0400
-0.9353 4.0021 -0.0400
-0.9868 4.0323 -0.0400
-1.0117 4.1090 -0.0400
-3.4104 5.7426 -0.0400
-3.9746 4.6402 -0.0400
-4.0399 4.6275 -0.0400
-4.2011 4.6739 -0.0400
-4.2561 4.6307 -0.0400
-4.3333 4.6383 -0.0400
-5.4389 5.2109 -0.0400
-5.5173 5.1729 -0.0400
-5.4536 4.5370 -0.0400
-5.5422 4.5240 -0.0400
-4.9725 2.8888 -0.0400
-4.9785 2.8303 -0.0400
-5.0159 2.7963 -0.0400
-5.0573 2.7648 -0.0400
-5.1143 2.7434 -0.0400
-5.7086 2.7901 -0.0400
-5.7080 2.7216 -0.0400
-5.7581 2.6809 -0.0400
-7.1364 -2.0502 -0.0400
-7.0968 -2.1388 -0.0400
-3.3845 0.0245 -0.0400
-3.3676 0.0097 -0.0400
-3.3518 -0.0078 -0.0400
-3.3490 -0.0507 -0.0400
-3.6190 -4.1760 -0.0400
-3.5224 -4.1640 -0.0400
-3.4200 -4.0996 -0.0400
-3.3333 -4.1527 -0.0400
-2.9050 -2.7557 -0.0400
-2.8362 -2.7086 -0.0400
-1.0123 -1.2966 -0.0400
-0.9867 -1.2442 -0.0400
-0.9519 -1.2050 -0.0400
-0.9098 -1.1757 -0.0400
-0.8295 -1.1919 -0.0400
1.2154 -1.8957 -0.0400
1.3009 -1.8504 -0.0400
1.3437 -1.7731 -0.0400
1.4320 -1.7272 -0.0400
1.5050 -1.6693 -0.0400
2.0035 1.0201 -0.0400
1.9751 1.1033 -0.0400
2.0731 1.1874 -0.0400
2.0792 1.2720 -0.0400
2.2763 1.3666 -0.0400
3.0223 2.2255 -0.0400
2.9834 2.3223 -0.0400
2.3349 4.0429 -0.0400
0.3811 3.4681 -0.0400
0.3094 3.4991 -0.0400
-1.5139 2.1094 -0.0400
-1.5533 2.1126 -0.0400
-1.5831 2.1228 -0.0400
-1.6577 2.0920 -0.0400
-1.6900 2.0968 -0.0400
-1.7194 2.1036 -0.0400
-1.7376 2.1207 -0.0400
-1.7521 2.1416 -0.0400
-1.7637 2.1660 -0.0400
-1.7702 2.1964 -0.0400
-1.7603 2.2468 -0.0400
-0.9069 4.0616 -0.0400
-0.9940 4.0346 -0.0400
-1.0267 4.0974 -0.0400
-3.4145 5.7669 -0.0400
-4.0046 4.7254 -0.0400
-4.0368 4.6189 -0.0400
-4.1027 4.6078 -0.0400
-4.2559 4.6322 -0.0400
-4.3175 4.6056 -0.0400
-5.4699 5.2675 -0.0400
-5.5059 5.1658 -0.0400
-5.5839 5.1274 -0.0400
-5.4648 4.5596 -0.0400
-5.5094 4.4928 -0.0400
-5.5848 4.4635 -0.0400
-4.9956 2.9143 -0.0400
-4.9848 2.8422 -0.0400
-5.0028 2.7938 -0.0400
-5.0360 2.7571 -0.0400
-5.0815 2.7285 -0.0400
-5.1235 2.6967 -0.0400
-5.7374 2.6805 -0.0400
-5.7686 2.6300 -0.0400
-7.7445 -2.0718 -0.0400
-7.0972 -2.1084 -0.0400
-5.4033 -1.7918 -0.0400
-5.3812 -1.8708 -0.0400
-3.3336 -0.0335 -0.0400
-3.3236 -0.0649 -0.0400
-3.5484 -4.1781 -0.0400
-3.4512 -4.1578 -0.0400
-3.3524 -4.1135 -0.0400
-2.8561 -2.7159 -0.0400
-2.7889 -2.7073 -0.0400
-2.7042 -4.6010 -0.0400
-2.6028 -4.6486 -0.0400
-0.9746 -1.3682 -0.0400
-0.9799 -1.2714 -0.0400
-0.9548 -1.2184 -0.0400
-0.9209 -1.1781 -0.0400
-0.8704 -1.1585 -0.0400
-0.8066 -1.1532 -0.0400
1.2791 -1.8477 -0.0400
1.3134 -1.7646 -0.0400
1.3818 -1.7055 -0.0400
1.4737 -1.6610 -0.0400
1.9936 1.1015 -0.0400
1.9849 1.1846 -0.0400
2.0732 1.2704 -0.0400
2.0960 1.3562 -0.0400
2.9961 2.3234 -0.0400
2.9608 2.4208 -0.0400
2.3214 4.0364 -0.0400
0.3253 3.5187 -0.0400
-1.5030 2.1316 -0.0400
-1.5494 2.1296 -0.0400
-1.5833 2.1368 -0.0400
-1.6479 2.1153 -0.0400
-1.7016 2.1011 -0.0400
-1.7256 2.1129 -0.0400
-1.7457 2.1283 -0.0400
-1.7633 2.1461 -0.0400
-1.7777 2.1674 -0.0400
-1.7757 2.2070 -0.0400
-0.9078 4.0739 -0.0400
-0.9929 4.0508 -0.0400
-1.0523 4.0676 -0.0400
-1.0919 4.1192 -0.0400
-3.4933 5.7314 -0.0400
-4.0437 4.6349 -0.0400
-4.1005 4.6002 -0.0400
-4.1725 4.6038 -0.0400
-4.2762 4.6792 -0.0400
-4.3170 4.6047 -0.0400
-4.3790 4.5795 -0.0400
-5.5302 5.2096 -0.0400
-5.5705 5.1166 -0.0400
-5.6604 5.0946 -0.0400
-5.5216 4.5149 -0.0400
-5.5651 4.4477 -0.0400
-5.0043 2.8010 -0.0400
-5.0318 2.7603 -0.0400
-5.0744 2.7301 -0.0400
-5.1133 2.6967 -0.0400
-5.1788 2.6799 -0.0400
-5.7482 2.6955 -0.0400
-5.7601 2.6352 -0.0400
-7.7009 -2.1373 -0.0400
-7.1196 -2.0948 -0.0400
-7.0491 -2.1603 -0.0400
-5.3731 -1.8283 -0.0400
-5.3217 -1.8743 -0.0400
-3.6536 -4.1657 -0.0400
-3.5554 -4.1439 -0.0400
-3.4561 -4.1045 -0.0400
-2.9349 -2.7485 -0.0400
-2.8662 -2.7157 -0.0400
-2.8163 -4.6079 -0.0400
-1.0366 -1.3833 -0.0400
-1.0267 -1.3057 -0.0400
-0.9989 -1.2553 -0.0400
-0.9624 -1.2178 -0.0400
-0.9128 -1.1971 -0.0400
-0.8507 -1.1907 -0.0400
1.2047 -1.9086 -0.0400
1.2855 -1.8596 -0.0400
1.3400 -1.7903 -0.0400
1.4220 -1.7396 -0.0400
2.0133 0.9330 -0.0400
1.9741 1.0175 -0.0400
1.9896 1.1004 -0.0400
2.0823 1.1848 -0.0400
2.1178 1.2707 -0.0400
3.0064 2.2194 -0.0400
3.0097 2.3251 -0.0400
2.3721 3.9475 -0.0400
0.4396 3.4358 -0.0400
-1.4440 2.1116 -0.0400
-1.5070 2.0992 -0.0400
-1.5454 2.1040 -0.0400
-1.5745 2.1154 -0.0400
-1.6645 2.0734 -0.0400
-1.6905 2.0843 -0.0400
-1.7127 2.0981 -0.0400
-1.7320 2.1144 -0.0400
-1.7429 2.1388 -0.0400
-1.7525 2.1651 -0.0400
-1.7551 2.1995 -0.0400
-0.8890 3.9977 -0.0400
-0.9535 4.0079 -0.0400
-0.9960 4.0528 -0.0400
-3.4140 5.7479 -0.0400
-3.9789 4.6454 -0.0400
-4.0390 4.6198 -0.0400
-4.2000 4.6704 -0.0400
-4.2538 4.6258 -0.0400
-4.3190 4.6085 -0.0400
-5.4708 5.2801 -0.0400
-5.4960 5.1623 -0.0400
-5.4514 4.5525 -0.0400
-5.5171 4.5123 -0.0400
-4.9704 2.9021 -0.0400
-4.9737 2.8418 -0.0400
-4.9958 2.7972 -0.0400
-5.0336 2.7642 -0.0400
-5.0946 2.7470 -0.0400
-5.7278 2.6889 -0.0400
-7.7724 -2.0454 -0.0400
-7.1739 -2.0024 -0.0400
-7.1105 -2.0732 -0.0400
-5.4270 -1.7689 -0.0400
-5.4040 -1.8465 -0.0400
-3.5439 0.0345 -0.0400
-3.5033 0.0520 -0.0400
-3.6744 -4.1795 -0.0400
-3.5770 -4.1654 -0.0400
-3.4756 -4.1144 -0.0400
-2.9498 -2.7349 -0.0400
-2.8814 -2.7095 -0.0400
-2.8344 -4.6100 -0.0400
-0.9683 -1.2248 -0.0400
-0.9174 -1.2054 -0.0400
-0.8543 -1.1998 -0.0400
1.2056 -1.9210 -0.0400
1.2688 -1.8586 -0.0400
1.3778 -1.8282 -0.0400
1.4267 -1.7536 -0.0400
1.9796 1.0151 -0.0400
2.0999 1.0975 -0.0400
2.1123 1.1830 -0.0400
2.2823 1.2734 -0.0400
3.0658 2.1229 -0.0400
3.0079 2.2175 -0.0400
3.0236 2.3259 -0.0400
2.3727 3.9480 -0.0400
0.4032 3.4142 -0.0400
-1.4377 2.1253 -0.0400
-1.5305 2.0903 -0.0400
-1.5591 2.1026 -0.0400
-1.6491 2.0632 -0.0400
-1.6764 2.0735 -0.0400
-1.6996 2.0867 -0.0400
-1.7193 2.1029 -0.0400
-1.7338 2.1238 -0.0400
-1.7454 2.1477 -0.0400
-1.7532 2.1760 -0.0400
-1.7517 2.2150 -0.0400
-0.7860 4.0521 -0.0400
-0.8871 4.0106 -0.0400
-0.9577 4.0117 -0.0400
-1.0042 4.0500 -0.0400
-3.3352 5.7631 -0.0400
-3.9272 4.6915 -0.0400
-3.9770 4.6345 -0.0400
-4.0446 4.6307 -0.0400
-4.1975 4.6612 -0.0400
-4.2538 4.6231 -0.0400
-4.3297 4.6303 -0.0400
-5.4456 5.2455 -0.0400
-5.5099 5.1872 -0.0400
-5.4105 4.6283 -0.0400
-5.4414 4.5433 -0.0400
-5.5270 4.5284 -0.0400
-4.9452 2.8846 -0.0400
-4.9644 2.8376 -0.0400
-4.9967 2.8011 -0.0400
-5.0436 2.7749 -0.0400
-5.0824 2.7421 -0.0400
-5.7050 2.7489 -0.0400
-5.7257 2.6936 -0.0400
-7.7670 -2.0204 -0.0400
-7.7526 -2.1345 -0.0400
-7.1253 -2.0620 -0.0400
-5.4406 -1.7596 -0.0400
-5.3953 -1.8122 -0.0400
-3.5329 0.0314 -0.0400
-3.4841 0.0625 -0.0400
-3.4592 0.0598 -0.0400
-3.4369 0.0537 -0.0400
-3.6875 -4.1467 -0.0400
-3.5853 -4.0985 -0.0400
-3.4927 -4.1055 -0.0400
-2.9657 -2.7372 -0.0400
-2.8970 -2.7101 -0.0400
-2.8529 -4.6166 -0.0400
1.1608 -2.0102 -0.0400
1.1972 -1.9269 -0.0400
1.2699 -1.8714 -0.0400
1.3471 -1.8181 -0.0400
1.4117 -1.7547 -0.0400
1.9943 1.0119 -0.0400
2.0906 1.0948 -0.0400
2.0929 1.1801 -0.0400
3.0416 2.1160 -0.0400
3.0056 2.2144 -0.0400
2.4073 3.9667 -0.0400
-1.4416 2.0950 -0.0400
-1.4980 2.0890 -0.0400
-1.5470 2.0867 -0.0400
-1.6162 2.0663 -0.0400
-1.6528 2.0699 -0.0400
-1.6870 2.0744 -0.0400
-1.7069 2.0905 -0.0400
-1.7228 2.1101 -0.0400
-1.7357 2.1328 -0.0400
-1.7456 2.1586 -0.0400
-1.7496 2.1911 -0.0400
-0.8337 3.9915 -0.0400
-0.9114 3.9835 -0.0400
-0.9599 4.0184 -0.0400
-3.3365 5.7563 -0.0400
-3.9300 4.6928 -0.0400
-3.9788 4.6334 -0.0400
-4.0486 4.6358 -0.0400
-4.1451 4.7061 -0.0400
-4.1931 4.6461 -0.0400
-4.2561 4.6249 -0.0400
-4.3378 4.6455 -0.0400
-5.3915 5.3241 -0.0400
-5.4409 5.2414 -0.0400
-5.5035 5.1810 -0.0400
-5.3843 4.5960 -0.0400
-5.4354 4.5383 -0.0400
-5.5052 4.5045 -0.0400
-4.9531 2.9570 -0.0400
-4.9454 2.8869 -0.0400
-4.9631 2.8389 -0.0400
-4.9932 2.8009 -0.0400
-5.0466 2.7799 -0.0400
-5.1089 2.7637 -0.0400
-5.6924 2.7469 -0.0400
-5.7430 2.7079 -0.0400
-7.7747 -2.0041 -0.0400
-7.1939 -1.9735 -0.0400
-7.1246 -2.0398 -0.0400
-5.4561 -1.7527 -0.0400
-5.4413 -1.8394 -0.0400
-3.5400 0.0432 -0.0400
-3.5035 0.0560 -0.0400
-3.4754 0.0578 -0.0400
-3.4508 0.0550 -0.0400
-3.4275 0.0507 -0.0400
-3.4090 0.0387 -0.0400
-3.3921 0.0236 -0.0400
-3.7075 -4.1537 -0.0400
-3.6078 -4.1240 -0.0400
-3.5111 -4.1046 -0.0400
-2.9829 -2.7635 -0.0400
-2.9134 -2.7260 -0.0400
-2.8716 -4.6194 -0.0400
-2.2748 -1.2494 -0.0400
-2.2589 -1.1304 -0.0400
1.1879 -1.9329 -0.0400
1.2661 -1.8813 -0.0400
1.3559 -1.8368 -0.0400
1.4546 -1.7964 -0.0400
1.9786 0.9253 -0.0400
2.0062 1.0082 -0.0400
2.0902 1.0914 -0.0400
2.1085 1.1770 -0.0400
3.0410 2.1126 -0.0400
3.0084 2.2118 -0.0400
2.4187 3.8551 -0.0400
0.4759 3.3889 -0.0400
-1.4742 2.0798 -0.0400
-1.5277 2.0754 -0.0400
-1.5548 2.0893 -0.0400
-1.6438 2.0534 -0.0400
-1.6697 2.0653 -0.0400
-1.6952 2.0771 -0.0400
-1.7129 2.0951 -0.0400
-1.7280 2.1156 -0.0400
-1.7348 2.1441 -0.0400
-1.7405 2.1744 -0.0400
-0.8353 3.9985 -0.0400
-0.9155 3.9870 -0.0400
-0.9655 4.0198 -0.0400
-3.2588 5.7740 -0.0400
-3.3384 5.7528 -0.0400
-3.9207 4.6556 -0.0400
-3.9815 4.6335 -0.0400
-4.1479 4.7078 -0.0400
-4.1949 4.6451 -0.0400
-4.2584 4.6256 -0.0400
-5.3728 5.2962 -0.0400
-5.4211 5.2130 -0.0400
-5.3824 4.5951 -0.0400
-5.4391 4.5450 -0.0400
-5.5377 4.5471 -0.0400
-4.9480 2.9540 -0.0400
-4.9434 2.8867 -0.0400
-4.9611 2.8389 -0.0400
-5.0031 2.8102 -0.0400
-5.0428 2.7791 -0.0400
-5.0958 2.7568 -0.0400
-5.6927 2.7514 -0.0400
-5.7246 2.7026 -0.0400
-7.2050 -1.9604 -0.0400
-7.1491 -2.0364 -0.0400
-5.4617 -1.7352 -0.0400
-5.4423 -1.8164 -0.0400
-3.5122 0.0653 -0.0400
-3.4850 0.0659 -0.0400
-3.4609 0.0623 -0.0400
-3.4391 0.0557 -0.0400
-3.4192 0.0461 -0.0400
-3.4007 0.0341 -0.0400
-3.3878 0.0113 -0.0400
-3.3751 -0.0129 -0.0400
-3.3663 -0.0464 -0.0400
-3.7246 -4.1431 -0.0400
-3.6212 -4.0894 -0.0400
-3.5318 -4.1192 -0.0400
-2.9966 -2.7133 -0.0400
-2.9291 -2.7173 -0.0400
-2.8904 -4.6173 -0.0400
-2.3002 -1.1922 -0.0400
-2.2689 -1.1428 -0.0400
-2.2384 -1.0957 -0.0400
-2.2018 -1.0765 -0.0400
-2.1647 -1.0603 -0.0400
1.1808 -1.9412 -0.0400
1.2631 -1.8926 -0.0400
1.3522 -1.8473 -0.0400
1.4199 -1.7852 -0.0400
1.9814 0.9210 -0.0400
2.0093 1.0041 -0.0400
2.0936 1.0875 -0.0400
2.2947 1.1745 -0.0400
3.0276 2.1066 -0.0400
3.0341 2.2129 -0.0400
2.4175 3.8533 -0.0400
0.4406 3.3679 -0.0400
-1.4978 2.0707 -0.0400
-1.5397 2.0746 -0.0400
-1.6084 2.0566 -0.0400
-1.6541 2.0539 -0.0400
-1.6818 2.0643 -0.0400
-1.7005 2.0819 -0.0400
-1.7150 2.1029 -0.0400
-1.7280 2.1255 -0.0400
-1.7269 2.1617 -0.0400
-1.7246 2.2004 -0.0400
-0.7448 4.0296 -0.0400
-0.8450 3.9933 -0.0400
-0.9197 3.9901 -0.0400
-0.9439 4.0635 -0.0400
-3.8715 4.7058 -0.0400
-3.9242 4.6565 -0.0400
-3.9898 4.6492 -0.0400
-4.1380 4.6747 -0.0400
-4.1967 4.6434 -0.0400
-4.2652 4.6361 -0.0400
-5.3696 5.2923 -0.0400
-5.4144 5.2040 -0.0400
-5.3752 4.5865 -0.0400
-5.4400 4.5472 -0.0400
-5.5440 4.5564 -0.0400
-4.9351 2.9437 -0.0400
-4.9289 2.8756 -0.0400
-4.9597 2.8387 -0.0400
-5.0018 2.8103 -0.0400
-5.0410 2.7791 -0.0400
-5.6672 2.8072 -0.0400
-5.6887 2.7528 -0.0400
-5.4727 -1.7240 -0.0400
-5.4530 -1.8045 -0.0400
-3.5328 0.0569 -0.0400
-3.5016 0.0630 -0.0400
-3.4753 0.0626 -0.0400
-3.4495 0.0624 -0.0400
-3.4298 0.0525 -0.0400
-3.4116 0.0401 -0.0400
-3.3948 0.0247 -0.0400
-3.3793 0.0064 -0.0400
-3.3665 -0.0181 -0.0400
-3.7445 -4.1483 -0.0400
-3.6446 -4.1185 -0.0400
-3.5483 -4.1029 -0.0400
-3.0137 -2.7316 -0.0400
-2.9451 -2.7113 -0.0400
-2.2835 -1.1363 -0.0400
-2.2488 -1.1064 -0.0400
-2.2146 -1.0775 -0.0400
-2.1765 -1.0644 -0.0400
-2.1356 -1.0606 -0.0400
-2.0937 -1.0588 -0.0400
-2.0411 -1.0868 -0.0400
1.1459 -2.0412 -0.0400
1.2001 -1.9706 -0.0400
1.2559 -1.9014 -0.0400
1.3462 -1.8569 -0.0400
1.4074 -1.7901 -0.0400
1.9864 0.9161 -0.0400
2.0958 0.9970 -0.0400
2.1155 1.0827 -0.0400
2.2949 1.1699 -0.0400
3.0381 2.1040 -0.0400
2.5010 3.7780 -0.0400
2.4559 3.8716 -0.0400
0.5069 3.3318 -0.0400
-1.4746 2.0597 -0.0400
-1.5203 2.0621 -0.0400
-1.5457 2.0778 -0.0400
-1.6322 2.0464 -0.0400
-1.6646 2.0539 -0.0400
-1.6878 2.0681 -0.0400
-1.7050 2.0869 -0.0400
-1.7175 2.1099 -0.0400
-1.7215 2.1408 -0.0400
-1.7261 2.1721 -0.0400
-0.7725 3.9992 -0.0400
-0.8760 3.9572 -0.0400
-0.9226 3.9950 -0.0400
-0.9407 4.0780 -0.0400
-3.2632 5.7609 -0.0400
-3.8701 4.6894 -0.0400
-3.9263 4.6522 -0.0400
-4.0052 4.6849 -0.0400
-4.0901 4.7281 -0.0400
-4.1418 4.6766 -0.0400
-4.2017 4.6484 -0.0400
-4.2935 4.6971 -0.0400
-5.3553 5.2693 -0.0400
-5.4162 5.2071 -0.0400
-5.3360 4.6608 -0.0400
-5.3683 4.5773 -0.0400
-5.4513 4.5622 -0.0400
-4.9188 2.9297 -0.0400
-4.9263 2.8734 -0.0400
-4.9596 2.8388 -0.0400
-5.0046 2.8129 -0.0400
-5.0665 2.7986 -0.0400
-5.6700 2.8116 -0.0400
-5.6845 2.7534 -0.0400
-5.7442 2.7201 -0.0400
-5.4841 -1.7136 -0.0400
-5.4719 -1.8021 -0.0400
-3.5565 0.0435 -0.0400
-3.5093 0.0735 -0.0400
-3.4843 0.0714 -0.0400
-3.4617 0.0660 -0.0400
-3.4408 0.0581 -0.0400
-3.4213 0.0480 -0.0400
-3.4061 0.0300 -0.0400
-3.3909 0.0111 -0.0400
-3.3785 -0.0141 -0.0400
-3.3703 -0.0499 -0.0400
-3.0290 -2.7110 -0.0400
-2.9618 -2.7230 -0.0400
-2.9288 -4.6370 -0.0400
-2.2894 -1.1692 -0.0400
-2.2620 -1.1071 -0.0400
-2.2256 -1.0861 -0.0400
-2.1885 -1.0687 -0.0400
-2.1487 -1.0612 -0.0400
-2.1026 -1.0721 -0.0400
-2.0562 -1.0817 -0.0400
-0.9114 -3.8309 -0.0400
1.1882 -1.9767 -0.0400
1.2517 -1.9131 -0.0400
1.3366 -1.8645 -0.0400
1.9948 0.8259 -0.0400
1.9895 0.9107 -0.0400
2.1051 0.9915 -0.0400
2.1084 1.0778 -0.0400
2.2881 1.1648 -0.0400
3.0341 2.0985 -0.0400
2.4862 3.7684 -0.0400
0.5072 3.3342 -0.0400
-1.4981 2.0503 -0.0400
-1.5318 2.0609 -0.0400
-1.6157 2.0336 -0.0400
-1.6497 2.0407 -0.0400
-1.6741 2.0543 -0.0400
-1.6922 2.0727 -0.0400
-1.7075 2.0933 -0.0400
-1.7173 2.1188 -0.0400
-1.7165 2.1543 -0.0400
-1.7168 2.1902 -0.0400
-0.8236 3.9358 -0.0400
-0.8809 3.9585 -0.0400
-0.9227 4.0037 -0.0400
-3.1864 5.7793 -0.0400
-3.2671 5.7688 -0.0400
-3.8738 4.6887 -0.0400
-3.9327 4.6606 -0.0400
-4.0889 4.7151 -0.0400
-4.1429 4.6705 -0.0400
-4.2082 4.6566 -0.0400
-5.3510 5.2618 -0.0400
-5.3219 4.6402 -0.0400
-5.3671 4.5750 -0.0400
-5.4512 4.5617 -0.0400
-4.8951 2.9721 -0.0400
-4.9057 2.9177 -0.0400
-4.9271 2.8733 -0.0400
-4.9648 2.8425 -0.0400
-5.0065 2.8141 -0.0400
-5.0844 2.8118 -0.0400
-5.6684 2.8129 -0.0400
-5.7065 2.7681 -0.0400
-5.4922 -1.7000 -0.0400
-5.4550 -1.7606 -0.0400
-3.5559 0.0658 -0.0400
-3.5243 0.0724 -0.0400
-3.4979 0.0723 -0.0400
-3.4741 0.0688 -0.0400
-3.4509 0.0648 -0.0400
-3.4319 0.0541 -0.0400
-3.4144 0.0404 -0.0400
-3.3979 0.0245 -0.0400
-3.3830 0.0048 -0.0400
-3.3841 -0.0498 -0.0400
-3.1093 -2.7321 -0.0400
-3.0399 -2.7085 -0.0400
-2.3372 -1.1873 -0.0400
-2.3096 -1.1210 -0.0400
-2.2728 -1.1001 -0.0400
-2.2350 -1.0846 -0.0400
-2.1947 -1.0786 -0.0400
-2.1526 -1.0779 -0.0400
-2.0987 -1.1122 -0.0400
-2.0379 -1.1611 -0.0400
-1.0122 -3.8603 -0.0400
2.1167 0.8137 -0.0400
2.1007 0.9014 -0.0400
2.2837 0.9819 -0.0400
3.0762 1.9960 -0.0400
2.5207 3.6682 -0.0400
-1.4392 2.0250 -0.0400
-1.4874 2.0278 -0.0400
-1.5565 2.0148 -0.0400
-1.6055 2.0132 -0.0400
-1.6403 2.0202 -0.0400
-1.6606 2.0372 -0.0400
-1.6762 2.0577 -0.0400
-1.6870 2.0821 -0.0400
-1.6908 2.1128 -0.0400
-1.6966 2.1425 -0.0400
-0.6858 3.9224 -0.0400
-0.7673 3.9158 -0.0400
-0.8320 3.9294 -0.0400
-0.8637 3.9889 -0.0400
-3.1074 5.7833 -0.0400
-3.1885 5.7786 -0.0400
-3.7560 4.7392 -0.0400
-3.8089 4.6869 -0.0400
-4.0283 4.7355 -0.0400
-4.0824 4.6899 -0.0400
-4.1505 4.6841 -0.0400
-5.2343 5.3976 -0.0400
-5.2696 5.2892 -0.0400
-5.2461 4.6614 -0.0400
-5.3079 4.6195 -0.0400
-5.4201 4.6456 -0.0400
-4.8588 3.0031 -0.0400
-4.8626 2.9423 -0.0400
-4.8921 2.9051 -0.0400
-4.9429 2.8855 -0.0400
-4.9781 2.8523 -0.0400
-5.0273 2.8295 -0.0400
-5.6200 2.8519 -0.0400
-5.6768 2.8189 -0.0400
-5.5463 -1.6435 -0.0400
-5.5469 -1.7436 -0.0400
-3.5879 0.0736 -0.0400
-3.5533 0.0836 -0.0400
-3.5256 0.0849 -0.0400
-3.4972 0.0883 -0.0400
-3.4763 0.0805 -0.0400
-3.4570 0.0704 -0.0400
-3.4387 0.0585 -0.0400
-3.4252 0.0374 -0.0400
-3.4113 0.0163 -0.0400
-3.4002 -0.0117 -0.0400
-3.3962 -0.0564 -0.0400
-3.0626 -4.6421 -0.0400
-2.3565 -1.1616 -0.0400
-2.3219 -1.1279 -0.0400
-2.2853 -1.1053 -0.0400
-2.2477 -1.0887 -0.0400
-2.2073 -1.0826 -0.0400
-2.1649 -1.0827 -0.0400
-2.1196 -1.0900 -0.0400
-1.0274 -3.8695 -0.0400
1.9833 0.7313 -0.0400
2.0031 0.8149 -0.0400
2.1017 0.8949 -0.0400
2.1348 0.9805 -0.0400
3.0714 1.8840 -0.0400
3.0752 1.9899 -0.0400
2.5299 3.6693 -0.0400
-1.4556 2.0200 -0.0400
-1.4981 2.0265 -0.0400
-1.5845 2.0018 -0.0400
-1.6202 2.0092 -0.0400
-1.6448 2.0235 -0.0400
-1.6644 2.0413 -0.0400
-1.6787 2.0629 -0.0400
-1.6849 2.0912 -0.0400
-1.6849 2.1254 -0.0400
-0.7196 3.8855 -0.0400
-0.7866 3.8971 -0.0400
-0.8256 3.9457 -0.0400
-3.1115 5.7939 -0.0400
-3.7540 4.7139 -0.0400
-3.8128 4.6850 -0.0400
-3.8819 4.6925 -0.0400
-3.9738 4.7698 -0.0400
-4.0259 4.7158 -0.0400
-4.0909 4.7026 -0.0400
-4.1797 4.7523 -0.0400
-5.2186 5.3676 -0.0400
-5.2740 5.2947 -0.0400
-5.2485 4.6624 -0.0400
-5.3100 4.6203 -0.0400
-5.4433 4.6754 -0.0400
-4.8482 2.9909 -0.0400
-4.8614 2.9389 -0.0400
-4.8923 2.9031 -0.0400
-4.9425 2.8834 -0.0400
-4.9934 2.8629 -0.0400
-5.6214 2.8537 -0.0400
-3.5657 0.0861 -0.0400
-3.5374 0.0881 -0.0400
-3.5082 0.0928 -0.0400
-3.4871 0.0855 -0.0400
-3.4672 0.0764 -0.0400
-3.4496 0.0632 -0.0400
-3.4332 0.0478 -0.0400
-3.4178 0.0300 -0.0400
-3.4046 0.0070 -0.0400
-2.3929 -1.2654 -0.0400
-2.3670 -1.1789 -0.0400
-2.3335 -1.1386 -0.0400
-2.2976 -1.1123 -0.0400
-2.2609 -1.0918 -0.0400
-2.2206 -1.0853 -0.0400
-2.1783 -1.0847 -0.0400
-2.1330 -1.0919 -0.0400
-1.0449 -3.8730 -0.0400
-0.9347 -3.9001 -0.0400
2.0033 0.6366 -0.0400
1.9811 0.7243 -0.0400
2.1082 0.8005 -0.0400
2.1089 0.8876 -0.0400
2.2929 0.9681 -0.0400
3.0800 1.8784 -0.0400
3.0678 1.9823 -0.0400
2.5314 3.6661 -0.0400
-1.4191 2.0132 -0.0400
-1.4762 2.0119 -0.0400
-1.5027 2.0286 -0.0400
-1.5947 2.0004 -0.0400
-1.6268 2.0103 -0.0400
-1.6494 2.0263 -0.0400
-1.6659 2.0465 -0.0400
-1.6774 2.0705 -0.0400
-1.6834 2.0992 -0.0400
-1.6807 2.1360 -0.0400
-0.7300 3.8784 -0.0400
-0.7917 3.8969 -0.0400
-0.8288 3.9482 -0.0400
-3.1138 5.7717 -0.0400
-3.7565 4.7056 -0.0400
-3.8182 4.6875 -0.0400
-3.9717 4.7490 -0.0400
-4.0281 4.7095 -0.0400
-4.0919 4.6932 -0.0400
-5.2038 5.3383 -0.0400
-5.1975 4.7171 -0.0400
-5.2485 4.6592 -0.0400
-5.3190 4.6302 -0.0400
-4.8423 3.0477 -0.0400
-4.8377 2.9780 -0.0400
-4.8604 2.9350 -0.0400
-4.8938 2.9017 -0.0400
-4.9433 2.8816 -0.0400
-5.0003 2.8663 -0.0400
-5.5967 2.9057 -0.0400
-5.6168 2.8511 -0.0400
-3.5914 0.0686 -0.0400
-3.5475 0.0936 -0.0400
-3.5228 0.0912 -0.0400
-3.4972 0.0909 -0.0400
-3.4771 0.0823 -0.0400
-3.4589 0.0706 -0.0400
-3.4420 0.0563 -0.0400
-3.4260 0.0399 -0.0400
-3.4190 0.0046 -0.0400
-3.4117 -0.0321 -0.0400
-3.8986 -4.0882 -0.0400
-3.7989 -4.0621 -0.0400
-3.7162 -4.1312 -0.0400
-2.3751 -1.2086 -0.0400
-2.3492 -1.1316 -0.0400
-2.3123 -1.1103 -0.0400
-2.2740 -1.0957 -0.0400
-2.2342 -1.0871 -0.0400
-2.1925 -1.0847 -0.0400
-2.1383 -1.1201 -0.0400
-2.0748 -1.1778 -0.0400
-1.0613 -3.8804 -0.0400
-1.1858 -1.4579 -0.0400
1.9809 0.7166 -0.0400
2.0233 0.7989 -0.0400
2.1490 0.8779 -0.0400
3.0752 1.8706 -0.0400
2.5774 3.5683 -0.0400
-1.4338 2.0084 -0.0400
-1.4854 2.0105 -0.0400
-1.5607 1.9956 -0.0400
-1.6075 1.9968 -0.0400
-1.6340 2.0105 -0.0400
-1.6520 2.0299 -0.0400
-1.6666 2.0517 -0.0400
-1.6758 2.0778 -0.0400
-1.6759 2.1116 -0.0400
-1.6492 2.1689 -0.0400
-0.6486 3.8884 -0.0400
-0.7431 3.8674 -0.0400
-0.7918 3.9029 -0.0400
-0.8235 3.9620 -0.0400
-3.7194 4.8076 -0.0400
-3.7606 4.7024 -0.0400
-3.9317 4.8320 -0.0400
-3.9734 4.7398 -0.0400
-4.0323 4.7082 -0.0400
-5.1547 5.4205 -0.0400
-5.2035 5.3340 -0.0400
-5.1912 4.7033 -0.0400
-5.2504 4.6582 -0.0400
-5.3579 4.6817 -0.0400
-4.8276 3.0296 -0.0400
-4.8347 2.9714 -0.0400
-4.8611 2.9321 -0.0400
-4.9031 2.9064 -0.0400
-4.9483 2.8827 -0.0400
-5.5857 2.8981 -0.0400
-5.6244 2.8555 -0.0400
-3.5950 0.0828 -0.0400
-3.5638 0.0891 -0.0400
-3.5317 0.0980 -0.0400
-3.5093 0.0928 -0.0400
-3.4868 0.0884 -0.0400
-3.4677 0.0782 -0.0400
-3.4512 0.0634 -0.0400
-3.4349 0.0480 -0.0400
-3.4258 0.0173 -0.0400
-3.4156 -0.0127 -0.0400
-3.9212 -4.1060 -0.0400
-3.8181 -4.0641 -0.0400
-3.7262 -4.0770 -0.0400
-2.3935 -1.1891 -0.0400
-2.3601 -1.1468 -0.0400
-2.3244 -1.1195 -0.0400
-2.2869 -1.1010 -0.0400
-2.2463 -1.0951 -0.0400
-2.2030 -1.0976 -0.0400
-2.1558 -1.1106 -0.0400
-2.1001 -1.1460 -0.0400
-1.0776 -3.8887 -0.0400
-1.1895 -1.4775 -0.0400
-1.1787 -1.3952 -0.0400
-1.1392 -1.3582 -0.0400
-1.0910 -1.3338 -0.0400
1.9867 0.6218 -0.0400
1.9861 0.7078 -0.0400
2.1040 0.7847 -0.0400
2.1184 0.8714 -0.0400
2.3051 0.9518 -0.0400
3.0759 1.8629 -0.0400
2.5826 3.5655 -0.0400
-1.3632 2.0186 -0.0400
-1.4374 2.0097 -0.0400
-1.4895 2.0117 -0.0400
-1.5716 1.9926 -0.0400
-1.6128 1.9976 -0.0400
-1.6374 2.0128 -0.0400
-1.6537 2.0336 -0.0400
-1.6650 2.0581 -0.0400
-1.6679 2.0893 -0.0400
-1.6724 2.1201 -0.0400
-0.5730 3.8870 -0.0400
-0.6839 3.8496 -0.0400
-0.7508 3.8628 -0.0400
-0.7957 3.9034 -0.0400
-3.0403 5.7747 -0.0400
-3.7031 4.7167 -0.0400
-3.7665 4.7059 -0.0400
-3.9323 4.8176 -0.0400
-3.9771 4.7361 -0.0400
-4.0439 4.7292 -0.0400
-5.1355 5.3799 -0.0400
-5.2046 5.3315 -0.0400
-5.1913 4.6988 -0.0400
-5.2550 4.6607 -0.0400
-4.8105 3.0087 -0.0400
-4.8313 2.9639 -0.0400
-4.8633 2.9298 -0.0400
-4.9103 2.9087 -0.0400
-4.9527 2.8827 -0.0400
-5.5850 2.8965 -0.0400
-5.6267 2.8560 -0.0400
-3.5439 0.0992 -0.0400
-3.5177 0.1001 -0.0400
-3.4972 0.0925 -0.0400
-3.4772 0.0842 -0.0400
-3.4590 0.0727 -0.0400
-3.4443 0.0545 -0.0400
-3.4285 0.0376 -0.0400
-3.4229 -0.0011 -0.0400
-3.4179 -0.0440 -0.0400
-3.9330 -4.0706 -0.0400
-3.8348 -4.0527 -0.0400
-3.7527 -4.1229 -0.0400
-3.1734 -2.7018 -0.0400
-3.1067 -2.7193 -0.0400
-2.3987 -1.2350 -0.0400
-2.3757 -1.1420 -0.0400
-2.3389 -1.1190 -0.0400
-2.3007 -1.1036 -0.0400
-2.2609 -1.0949 -0.0400
-2.2189 -1.0932 -0.0400
-2.1737 -1.1001 -0.0400
-1.1791 -3.9382 -0.0400
-1.0825 -3.9299 -0.0400
-1.2143 -1.4648 -0.0400
-1.1854 -1.4101 -0.0400
-1.1506 -1.3658 -0.0400
-1.1033 -1.3401 -0.0400
-1.0296 -1.3495 -0.0400
1.9791 0.6995 -0.0400
2.0992 0.7762 -0.0400
2.2842 0.8532 -0.0400
2.5936 3.5647 -0.0400
-1.4151 1.9913 -0.0400
-1.4586 1.9999 -0.0400
-1.5577 1.9726 -0.0400
-1.5900 1.9843 -0.0400
-1.6148 2.0001 -0.0400
-1.6393 2.0156 -0.0400
-1.6545 2.0374 -0.0400
-1.6633 2.0639 -0.0400
-1.6600 2.1003 -0.0400
-1.6570 2.1375 -0.0400
-0.5811 3.8812 -0.0400
-0.6989 3.8354 -0.0400
-0.7530 3.8646 -0.0400
-0.7766 3.9336 -0.0400
-2.9633 5.7911 -0.0400
-3.0446 5.7913 -0.0400
-3.7085 4.7177 -0.0400
-3.7709 4.7027 -0.0400
-3.9190 4.7542 -0.0400
-3.9792 4.7267 -0.0400
-4.0495 4.7311 -0.0400
-5.1553 5.4119 -0.0400
-5.1477 4.7634 -0.0400
-5.1943 4.6982 -0.0400
-5.2810 4.6941 -0.0400
-4.8211 3.0800 -0.0400
-4.8127 3.0055 -0.0400
-4.8329 2.9604 -0.0400
-4.8665 2.9280 -0.0400
-4.9168 2.9099 -0.0400
-4.9682 2.8915 -0.0400
-5.5635 2.9482 -0.0400
-5.5889 2.8974 -0.0400
-5.6460 2.8665 -0.0400
-8.0372 -1.6252 -0.0400
-7.9538 -1.6958 -0.0400
-3.4864 0.0899 -0.0400
-3.4687 0.0779 -0.0400
-3.4516 0.0645 -0.0400
-3.4385 0.0427 -0.0400
-3.4245 0.0218 -0.0400
-3.4257 -0.0334 -0.0400
-4.0557 -4.1087 -0.0400
-3.9572 -4.0975 -0.0400
-3.8524 -4.0465 -0.0400
-3.7637 -4.0768 -0.0400
-3.1915 -2.7222 -0.0400
-3.1222 -2.7032 -0.0400
-2.3856 -1.1629 -0.0400
-2.3506 -1.1308 -0.0400
-2.3136 -1.1101 -0.0400
-2.2737 -1.1014 -0.0400
-2.2305 -1.1035 -0.0400
-2.1834 -1.1162 -0.0400
-2.1272 -1.1533 -0.0400
-1.1104 -3.9063 -0.0400
-1.1928 -1.5251 -0.0400
-1.1999 -1.4138 -0.0400
-1.1612 -1.3752 -0.0400
-1.1103 -1.3542 -0.0400
-1.0514 -1.3435 -0.0400
1.9723 0.6045 -0.0400
2.0028 0.6877 -0.0400
2.0974 0.7669 -0.0400
2.1344 0.8524 -0.0400
2.3307 0.9326 -0.0400
2.5974 3.5601 -0.0400
-1.4306 1.9845 -0.0400
-1.4669 1.9973 -0.0400
-1.5472 1.9818 -0.0400
-1.5987 1.9817 -0.0400
-1.6209 1.9993 -0.0400
-1.6397 2.0189 -0.0400
-1.6524 2.0427 -0.0400
-1.6629 2.0682 -0.0400
-1.6551 2.1083 -0.0400
-1.6369 2.1581 -0.0400
-0.6152 3.8439 -0.0400
-0.7026 3.8346 -0.0400
-0.7542 3.8671 -0.0400
-0.7790 3.9346 -0.0400
-3.0478 5.7756 -0.0400
-3.6519 4.7349 -0.0400
-3.7129 4.7137 -0.0400
-3.9246 4.7561 -0.0400
-3.9839 4.7254 -0.0400
-4.0533 4.7273 -0.0400
-5.1358 5.3695 -0.0400
-5.1385 4.7426 -0.0400
-5.1983 4.6985 -0.0400
-4.7907 3.0437 -0.0400
-4.8054 2.9927 -0.0400
-4.8352 2.9570 -0.0400
-4.8754 2.9307 -0.0400
-4.9198 2.9074 -0.0400
-4.9765 2.8937 -0.0400
-5.5586 2.9425 -0.0400
-5.5902 2.8960 -0.0400
-8.0314 -1.6075 -0.0400
-7.9672 -1.6885 -0.0400
-7.3767 -1.6768 -0.0400
-7.3176 -1.7489 -0.0400
-3.4455 0.0531 -0.0400
-3.4356 0.0241 -0.0400
-3.4237 -0.0024 -0.0400
-4.0792 -4.1300 -0.0400
-3.9741 -4.0890 -0.0400
-3.8702 -4.0429 -0.0400
-3.2061 -2.6994 -0.0400
-3.1392 -2.7124 -0.0400
-2.2885 -1.1011 -0.0400
-2.2471 -1.0973 -0.0400
-2.2025 -1.1025 -0.0400
-2.1220 -1.2142 -0.0400
-1.2022 -1.5376 -0.0400
-1.2121 -1.4214 -0.0400
-1.1729 -1.3834 -0.0400
-1.1275 -1.3546 -0.0400
-1.0552 -1.3622 -0.0400
1.9765 0.5938 -0.0400
1.9883 0.6790 -0.0400
2.1102 0.7558 -0.0400
2.2947 0.8329 -0.0400
-1.3863 1.9763 -0.0400
-1.4391 1.9812 -0.0400
-1.4716 1.9962 -0.0400
-1.5594 1.9764 -0.0400
-1.6036 1.9809 -0.0400
-1.6233 2.0003 -0.0400
-1.6402 2.0214 -0.0400
-1.6487 2.0484 -0.0400
-1.6558 2.0769 -0.0400
-1.6171 2.1411 -0.0400
-0.6245 3.8356 -0.0400
-0.7071 3.8321 -0.0400
-0.7476 3.8788 -0.0400
-2.9703 5.7733 -0.0400
-3.6589 4.7431 -0.0400
-3.7174 4.7104 -0.0400
-3.7899 4.7372 -0.0400
-3.8679 4.7788 -0.0400
-3.9259 4.7423 -0.0400
-3.9935 4.7400 -0.0400
-5.0689 5.4158 -0.0400
-5.1417 5.3744 -0.0400
-5.0911 4.8009 -0.0400
-5.1381 4.7354 -0.0400
-5.2067 4.7052 -0.0400
-5.3206 4.7417 -0.0400
-4.8003 3.1145 -0.0400
-4.7836 3.0301 -0.0400
-4.8088 2.9897 -0.0400
-4.8411 2.9564 -0.0400
-4.8893 2.9374 -0.0400
-4.9393 2.9189 -0.0400
-5.0157 2.9215 -0.0400
-5.5441 2.9978 -0.0400
-5.5536 2.9361 -0.0400
-5.6042 2.9023 -0.0400
-8.0423 -1.5993 -0.0400
-7.9747 -1.6784 -0.0400
-7.3781 -1.6633 -0.0400
-7.3310 -1.7429 -0.0400
-4.0956 -4.1201 -0.0400
-3.9799 -4.0280 -0.0400
-3.8872 -4.0357 -0.0400
-3.8100 -4.1318 -0.0400
-3.2233 -2.7114 -0.0400
-3.1547 -2.7003 -0.0400
-2.1614 -1.1408 -0.0400
-1.1442 -3.9227 -0.0400
-1.2517 -1.4870 -0.0400
-1.2229 -1.4316 -0.0400
-1.1844 -1.3923 -0.0400
-1.1391 -1.3632 -0.0400
-1.0640 -1.3745 -0.0400
1.9773 0.5828 -0.0400
2.0951 0.6580 -0.0400
2.1008 0.7459 -0.0400
2.2864 0.8227 -0.0400
-1.3884 1.9758 -0.0400
-1.4404 1.9813 -0.0400
-1.4730 1.9965 -0.0400
-1.5814 1.9643 -0.0400
-1.6054 1.9815 -0.0400
-1.6246 2.0014 -0.0400
-1.6397 2.0240 -0.0400
-1.6447 2.0537 -0.0400
-1.6476 2.0856 -0.0400
-1.6382 2.1277 -0.0400
-0.5418 3.8378 -0.0400
-0.6518 3.8055 -0.0400
-0.7075 3.8340 -0.0400
-0.7428 3.8874 -0.0400
-2.9739 5.7728 -0.0400
-3.6041 4.7715 -0.0400
-3.6599 4.7223 -0.0400
-3.7277 4.7321 -0.0400
-3.8754 4.7876 -0.0400
-3.9311 4.7422 -0.0400
-3.9959 4.7306 -0.0400
-5.0371 5.5353 -0.0400
-5.0717 5.4145 -0.0400
-5.1457 5.3752 -0.0400
-5.0888 4.7898 -0.0400
-5.1420 4.7347 -0.0400
-5.2158 4.7126 -0.0400
-4.7891 3.0956 -0.0400
-4.7824 3.0218 -0.0400
-4.8104 2.9844 -0.0400
-4.8505 2.9587 -0.0400
-4.8966 2.9378 -0.0400
-4.9420 2.9154 -0.0400
-5.5449 2.9947 -0.0400
-5.5549 2.9336 -0.0400
-5.6139 2.9054 -0.0400
-7.3854 -1.6540 -0.0400
-4.1060 -4.0855 -0.0400
-3.9958 -4.0172 -0.0400
-3.9041 -4.0288 -0.0400
-3.8251 -4.1131 -0.0400
-3.2379 -2.6922 -0.0400
-3.1721 -2.7188 -0.0400
-1.2545 -1.5105 -0.0400
-1.2313 -1.4457 -0.0400
-1.1957 -1.4017 -0.0400
-1.1437 -1.3820 -0.0400
-1.0794 -1.3784 -0.0400
0.9087 -2.2789 -0.0400
0.9902 -2.2305 -0.0400
1.0615 -2.1721 -0.0400
1.9736 0.5719 -0.0400
2.0928 0.6469 -0.0400
2.0979 0.7350 -0.0400
2.2840 0.8116 -0.0400
-1.3754 1.9827 -0.0400
-1.4565 1.9723 -0.0400
-1.5490 1.9522 -0.0400
-1.5813 1.9652 -0.0400
-1.6053 1.9827 -0.0400
-1.6244 2.0029 -0.0400
-1.6344 2.0292 -0.0400
-1.6410 2.0582 -0.0400
-1.6404 2.0929 -0.0400
-1.5191 2.2213 -0.0400
-0.5575 3.8209 -0.0400
-0.6578 3.7997 -0.0400
-0.7074 3.8357 -0.0400
-0.7126 3.9273 -0.0400
-3.6195 4.8255 -0.0400
-3.6653 4.7230 -0.0400
-3.8198 4.8168 -0.0400
-3.8734 4.7602 -0.0400
-3.9368 4.7438 -0.0400
-4.0151 4.7769 -0.0400
-5.0784 5.4205 -0.0400
-5.0914 4.7865 -0.0400
-5.1459 4.7335 -0.0400
-4.7613 3.1274 -0.0400
-4.7650 3.0628 -0.0400
-4.7856 3.0175 -0.0400
-4.8157 2.9823 -0.0400
-4.8574 2.9581 -0.0400
-4.9054 2.9391 -0.0400
-4.9612 2.9258 -0.0400
-5.5256 2.9770 -0.0400
-5.5590 2.9324 -0.0400
-8.0273 -1.5654 -0.0400
-7.3931 -1.6457 -0.0400
-4.1178 -4.0584 -0.0400
-4.0189 -4.0419 -0.0400
-3.9218 -4.0277 -0.0400
-3.2537 -2.6913 -0.0400
-3.1873 -2.7063 -0.0400
-2.4569 -1.2365 -0.0400
-1.2439 -1.5557 -0.0400
-1.2502 -1.4441 -0.0400
-1.2089 -1.4089 -0.0400
-1.1592 -1.3859 -0.0400
-1.0985 -1.3775 -0.0400
0.9013 -2.2951 -0.0400
0.9789 -2.2430 -0.0400
1.0493 -2.1838 -0.0400
1.1454 -2.1446 -0.0400
1.9802 0.5592 -0.0400
2.0858 0.6357 -0.0400
2.0991 0.7232 -0.0400
-1.4127 1.9618 -0.0400
-1.4519 1.9745 -0.0400
-1.5439 1.9552 -0.0400
-1.5792 1.9667 -0.0400
-1.6086 1.9810 -0.0400
-1.6227 2.0047 -0.0400
-1.6334 2.0307 -0.0400
-1.6390 2.0606 -0.0400
-1.6363 2.0972 -0.0400
-0.5550 3.8238 -0.0400
-0.6578 3.8003 -0.0400
-0.7057 3.8386 -0.0400
-2.8994 5.7727 -0.0400
-3.6082 4.7377 -0.0400
-3.6714 4.7269 -0.0400
-3.8325 4.8481 -0.0400
-3.8795 4.7635 -0.0400
-3.9501 4.7727 -0.0400
-5.0187 5.4819 -0.0400
-5.0732 5.4025 -0.0400
-5.0865 4.7702 -0.0400
-5.1653 4.7574 -0.0400
-4.7590 3.0484 -0.0400
-4.7859 3.0099 -0.0400
-4.8290 2.9876 -0.0400
-4.8685 2.9612 -0.0400
-4.9105 2.9366 -0.0400
-5.5107 3.0303 -0.0400
-5.5281 2.9741 -0.0400
-5.5809 2.9429 -0.0400
-8.0402 -1.5602 -0.0400
-7.4655 -1.5696 -0.0400
-7.3927 -1.6331 -0.0400
-5.7563 -1.4827 -0.0400
-5.6802 -1.5030 -0.0400
-5.6392 -1.5563 -0.0400
-4.1366 -4.0632 -0.0400
-4.0295 -4.0085 -0.0400
-3.9368 -4.0142 -0.0400
-3.3421 -2.7386 -0.0400
-3.2693 -2.6891 -0.0400
-3.2027 -2.7017 -0.0400
-2.4419 -1.1724 -0.0400
-2.4062 -1.1429 -0.0400
-2.3688 -1.1237 -0.0400
-1.2819 -1.5239 -0.0400
-1.2577 -1.4604 -0.0400
-1.2205 -1.4186 -0.0400
-1.1747 -1.3900 -0.0400
-1.0886 -1.4165 -0.0400
0.8895 -2.3076 -0.0400
0.9776 -2.2646 -0.0400
1.0790 -2.2310 -0.0400
1.1284 -2.1529 -0.0400
-1.4302 1.9511 -0.0400
-1.5201 1.9352 -0.0400
-1.5598 1.9451 -0.0400
-1.5871 1.9615 -0.0400
-1.6070 1.9818 -0.0400
-1.6220 2.0051 -0.0400
-1.6329 2.0312 -0.0400
-1.6193 2.0750 -0.0400
-0.4725 3.8198 -0.0400
-0.5757 3.8000 -0.0400
-0.6583 3.7995 -0.0400
-0.6931 3.8540 -0.0400
-2.8206 5.7961 -0.0400
-2.9024 5.7770 -0.0400
-3.6135 4.7388 -0.0400
-3.8218 4.7824 -0.0400
-3.8823 4.7543 -0.0400
-3.9519 4.7602 -0.0400
-5.0255 5.4883 -0.0400
-5.0410 4.8312 -0.0400
-5.0902 4.7683 -0.0400
-5.1648 4.7486 -0.0400
-4.7366 3.0835 -0.0400
-4.7593 3.0402 -0.0400
-4.7906 3.0064 -0.0400
-4.8298 2.9804 -0.0400
-4.8794 2.9638 -0.0400
-4.9375 2.9538 -0.0400
-5.5040 3.0202 -0.0400
-5.5295 2.9701 -0.0400
-8.0420 -1.5498 -0.0400
-7.4471 -1.6551 -0.0400
-5.7557 -1.4687 -0.0400
-5.6858 -1.4945 -0.0400
-5.6514 -1.5541 -0.0400
-4.0461 -4.0052 -0.0400
-3.9556 -4.0218 -0.0400
-3.2844 -2.6852 -0.0400
-3.2184 -2.7036 -0.0400
-2.4787 -1.2736 -0.0400
-2.4510 -1.1973 -0.0400
-2.4173 -1.1580 -0.0400
-2.3812 -1.1324 -0.0400
-2.3432 -1.1161 -0.0400
-2.3014 -1.1140 -0.0400
-2.2563 -1.1213 -0.0400
-1.3160 -1.4885 -0.0400
-1.2740 -1.4539 -0.0400
-1.2231 -1.4329 -0.0400
-1.1596 -1.4292 -0.0400
0.8242 -2.3861 -0.0400
0.9077 -2.3397 -0.0400
0.9743 -2.2772 -0.0400
1.0773 -2.2447 -0.0400
-1.3446 1.9246 -0.0400
-1.4039 1.9294 -0.0400
-1.4835 1.9212 -0.0400
-1.5350 1.9259 -0.0400
-1.5724 1.9370 -0.0400
-1.5888 1.9598 -0.0400
-1.5995 1.9860 -0.0400
-1.6056 2.0155 -0.0400
-1.6031 2.0513 -0.0400
-1.4697 2.1806 -0.0400
-0.4577 3.7416 -0.0400
-0.5477 3.7373 -0.0400
-0.6082 3.7627 -0.0400
-0.6082 3.8573 -0.0400
-3.4903 4.7600 -0.0400
-3.5530 4.7460 -0.0400
-3.7619 4.8005 -0.0400
-3.8261 4.7863 -0.0400
-4.8825 5.5770 -0.0400
-4.9283 5.4730 -0.0400
-4.9640 4.8393 -0.0400
-5.0360 4.8166 -0.0400
-4.6862 3.1607 -0.0400
-4.6999 3.1057 -0.0400
-4.7261 3.0660 -0.0400
-4.7605 3.0355 -0.0400
-4.8111 3.0215 -0.0400
-4.8592 3.0038 -0.0400
-5.4703 3.0607 -0.0400
-5.5119 3.0224 -0.0400
-7.4997 -1.4646 -0.0400
-7.4566 -1.5456 -0.0400
-5.8067 -1.4162 -0.0400
-5.7329 -1.4392 -0.0400
-3.3619 -2.6833 -0.0400
-3.2969 -2.7103 -0.0400
-2.5040 -1.1926 -0.0400
-2.4684 -1.1607 -0.0400
-2.4310 -1.1402 -0.0400
-2.3923 -1.1267 -0.0400
-2.3519 -1.1200 -0.0400
-2.3093 -1.1207 -0.0400
-2.2495 -1.1763 -0.0400
-1.3216 -1.5084 -0.0400
-1.2858 -1.4637 -0.0400
-1.2402 -1.4347 -0.0400
-1.1550 -1.4624 -0.0400
0.7774 -2.4913 -0.0400
0.8133 -2.4002 -0.0400
0.8967 -2.3536 -0.0400
0.9663 -2.2936 -0.0400
1.0812 -2.2711 -0.0400
-1.3719 1.9084 -0.0400
-1.4140 1.9216 -0.0400
-1.5088 1.9054 -0.0400
-1.5444 1.9186 -0.0400
-1.5687 1.9373 -0.0400
-1.5873 1.9591 -0.0400
-1.5998 1.9845 -0.0400
-1.5922 2.0231 -0.0400
-1.5676 2.0744 -0.0400
-0.4613 3.7355 -0.0400
-0.5511 3.7316 -0.0400
-0.6066 3.7628 -0.0400
-2.7441 5.7750 -0.0400
-3.4945 4.7564 -0.0400
-3.5579 4.7464 -0.0400
-3.7021 4.8127 -0.0400
-3.7628 4.7825 -0.0400
-3.8300 4.7821 -0.0400
-4.8603 5.5172 -0.0400
-4.9354 5.4800 -0.0400
-4.9699 4.8410 -0.0400
-5.0357 4.8073 -0.0400
-5.1501 4.8562 -0.0400
-4.6869 3.1517 -0.0400
-4.7022 3.0988 -0.0400
-4.7302 3.0612 -0.0400
-4.7795 3.0465 -0.0400
-4.8183 3.0201 -0.0400
-4.8766 3.0124 -0.0400
-5.4453 3.1055 -0.0400
-5.4668 3.0519 -0.0400
-8.1571 -1.3650 -0.0400
-8.0972 -1.4478 -0.0400
-7.4940 -1.4513 -0.0400
-5.7478 -1.4408 -0.0400
-3.3756 -2.6714 -0.0400
-3.3101 -2.6901 -0.0400
-2.5436 -1.2877 -0.0400
-2.5144 -1.2123 -0.0400
-2.4798 -1.1741 -0.0400
-2.4434 -1.1485 -0.0400
-2.4058 -1.1303 -0.0400
-2.3647 -1.1266 -0.0400
-2.3210 -1.1309 -0.0400
-2.2732 -1.1473 -0.0400
-2.2135 -1.1966 -0.0400
-1.1894 -1.4399 -0.0400
0.8012 -2.4134 -0.0400
0.8892 -2.3710 -0.0400
0.9855 -2.3341 -0.0400
1.0713 -2.2861 -0.0400
-1.3504 1.9154 -0.0400
-1.4027 1.9242 -0.0400
-1.5211 1.8960 -0.0400
-1.5496 1.9131 -0.0400
-1.5699 1.9343 -0.0400
-1.5843 1.9587 -0.0400
-1.5939 1.9861 -0.0400
-1.5973 2.0179 -0.0400
-1.5867 2.0597 -0.0400
-0.4585 3.7353 -0.0400
-0.5498 3.7302 -0.0400
-0.5880 3.7809 -0.0400
-2.7460 5.7815 -0.0400
-3.4390 4.7932 -0.0400
-3.4984 4.7514 -0.0400
-3.5633 4.7512 -0.0400
-3.6554 4.8983 -0.0400
-3.7056 4.8068 -0.0400
-3.7673 4.7811 -0.0400
-3.8349 4.7823 -0.0400
-4.8768 5.5466 -0.0400
-4.9342 5.4690 -0.0400
-4.9125 4.8813 -0.0400
-4.9723 4.8363 -0.0400
-5.0632 4.8474 -0.0400
-4.6912 3.1468 -0.0400
-4.7011 3.0877 -0.0400
-4.7400 3.0624 -0.0400
-4.7843 3.0424 -0.0400
-4.8256 3.0185 -0.0400
-4.8938 3.0206 -0.0400
-5.4387 3.0937 -0.0400
-5.4727 3.0501 -0.0400
-8.1308 -1.3434 -0.0400
-7.5009 -1.4460 -0.0400
-7.4755 -1.5368 -0.0400
-5.7929 -1.3813 -0.0400
-5.7473 -1.4291 -0.0400
-3.6535 0.1263 -0.0400
-2.5247 -1.2319 -0.0400
-2.4956 -1.1658 -0.0400
-2.4581 -1.1462 -0.0400
-2.4195 -1.1329 -0.0400
-2.3794 -1.1254 -0.0400
-2.3374 -1.1246 -0.0400
-2.2814 -1.1687 -0.0400
0.8196 -2.4556 -0.0400
0.8781 -2.3854 -0.0400
0.9789 -2.3524 -0.0400
1.0489 -2.2910 -0.0400
-1.3726 1.9005 -0.0400
-1.4119 1.9156 -0.0400
-1.5086 1.8992 -0.0400
-1.5418 1.9141 -0.0400
-1.5653 1.9338 -0.0400
-1.5795 1.9586 -0.0400
-1.5855 1.9886 -0.0400
-1.5819 2.0253 -0.0400
-1.4332 2.1607 -0.0400
-0.4989 3.6895 -0.0400
-0.5554 3.7207 -0.0400
-0.5860 3.7798 -0.0400
-2.6653 5.7895 -0.0400
-3.4401 4.7683 -0.0400
-3.5026 4.7505 -0.0400
-3.6508 4.8491 -0.0400
-3.7086 4.7991 -0.0400
-3.7716 4.7800 -0.0400
-4.8043 5.5833 -0.0400
-4.8598 5.4985 -0.0400
-4.9216 4.8897 -0.0400
-4.9757 4.8334 -0.0400
-4.6626 3.1748 -0.0400
-4.6773 3.1202 -0.0400
-4.7061 3.0834 -0.0400
-4.7450 3.0582 -0.0400
-4.7892 3.0381 -0.0400
-4.8773 3.0624 -0.0400
-5.4271 3.1489 -0.0400
-5.4395 3.0875 -0.0400
-5.4822 3.0509 -0.0400
-8.1402 -1.3396 -0.0400
-8.1278 -1.4451 -0.0400
-7.5670 -1.3698 -0.0400
-7.5019 -1.4379 -0.0400
-5.8093 -1.3857 -0.0400
-5.7836 -1.4517 -0.0400
-3.6584 0.1300 -0.0400
-3.6188 0.1520 -0.0400
-3.5964 0.1495 -0.0400
-3.5757 0.1449 -0.0400
-2.5436 -1.2052 -0.0400
-2.5080 -1.1732 -0.0400
-2.4709 -1.1517 -0.0400
-2.4327 -1.1364 -0.0400
-2.3917 -1.1330 -0.0400
-2.3483 -1.1367 -0.0400
-2.3013 -1.1509 -0.0400
-2.2450 -1.1911 -0.0400
0.7967 -2.4675 -0.0400
0.8396 -2.3832 -0.0400
0.9204 -2.3335 -0.0400
1.0215 -2.2997 -0.0400
-1.3691 1.9311 -0.0400
-1.4935 1.9014 -0.0400
-1.5351 1.9124 -0.0400
-1.5628 1.9301 -0.0400
-1.5824 1.9520 -0.0400
-1.5965 1.9771 -0.0400
-1.6057 2.0054 -0.0400
-1.6080 2.0387 -0.0400
-0.4270 3.7574 -0.0400
-0.5349 3.7365 -0.0400
-0.5998 3.7586 -0.0400
-0.6359 3.8123 -0.0400
-2.7505 5.7662 -0.0400
-2.8312 5.7954 -0.0400
-3.5076 4.7472 -0.0400
-3.5731 4.7496 -0.0400
-3.7163 4.8096 -0.0400
-3.7768 4.7770 -0.0400
-3.8499 4.8018 -0.0400
-4.8874 5.5519 -0.0400
-4.9400 5.4626 -0.0400
-4.9323 4.8981 -0.0400
-4.9803 4.8299 -0.0400
-5.0537 4.8100 -0.0400
-4.7101 3.1452 -0.0400
-4.7130 3.0777 -0.0400
-4.7512 3.0517 -0.0400
-4.7959 3.0324 -0.0400
-4.8373 3.0087 -0.0400
-4.9119 3.0176 -0.0400
-5.4617 3.0959 -0.0400
-5.4785 3.0388 -0.0400
-8.1734 -1.3452 -0.0400
-8.1016 -1.4215 -0.0400
-7.4600 -1.5078 -0.0400
-5.7577 -1.4152 -0.0400
-5.7240 -1.4735 -0.0400
-3.6364 0.1392 -0.0400
-3.6105 0.1421 -0.0400
-3.5878 0.1406 -0.0400
-3.5670 0.1367 -0.0400
-3.5465 0.1329 -0.0400
-3.5293 0.1234 -0.0400
-3.5126 0.1129 -0.0400
-2.5197 -1.2050 -0.0400
-2.4846 -1.1723 -0.0400
-2.4481 -1.1494 -0.0400
-2.4109 -1.1309 -0.0400
-2.3705 -1.1249 -0.0400
-2.3282 -1.1249 -0.0400
-2.2828 -1.1330 -0.0400
-1.3402 -1.5759 -0.0400
0.7970 -2.4848 -0.0400
0.8594 -2.4179 -0.0400
0.9518 -2.3775 -0.0400
-1.3147 1.8823 -0.0400
-1.3762 1.8887 -0.0400
-1.4466 1.8884 -0.0400
-1.5078 1.8906 -0.0400
-1.5383 1.9074 -0.0400
-1.5631 1.9269 -0.0400
-1.5734 1.9545 -0.0400
-1.5784 1.9855 -0.0400
-1.5729 2.0239 -0.0400
-0.4135 3.6758 -0.0400
-0.5016 3.6767 -0.0400
-0.5436 3.7236 -0.0400
-2.6693 5.7675 -0.0400
-3.3840 4.7786 -0.0400
-3.4464 4.7567 -0.0400
-3.6510 4.8049 -0.0400
-3.7153 4.7908 -0.0400
-3.7838 4.7969 -0.0400
-4.8111 5.5834 -0.0400
-4.8727 4.9396 -0.0400
-4.9173 4.8628 -0.0400
-4.6474 3.2091 -0.0400
-4.6561 3.1456 -0.0400
-4.6820 3.1049 -0.0400
-4.7189 3.0776 -0.0400
-4.7649 3.0602 -0.0400
-4.8375 3.0703 -0.0400
-5.4111 3.1210 -0.0400
-5.4636 3.0926 -0.0400
-8.1343 -1.3220 -0.0400
-7.5531 -1.3476 -0.0400
-7.5163 -1.4308 -0.0400
-5.8019 -1.3612 -0.0400
-5.8087 -1.4557 -0.0400
-3.6950 0.1330 -0.0400
-3.6566 0.1518 -0.0400
-3.6295 0.1559 -0.0400
-3.6063 0.1551 -0.0400
-3.5827 0.1558 -0.0400
-3.5647 0.1481 -0.0400
-3.5477 0.1385 -0.0400
-3.5314 0.1278 -0.0400
-3.5190 0.1095 -0.0400
-3.5054 0.0929 -0.0400
-3.4931 0.0726 -0.0400
-2.5630 -1.2458 -0.0400
-2.5338 -1.1799 -0.0400
-2.4967 -1.1588 -0.0400
-2.4592 -1.1410 -0.0400
-2.4190 -1.1349 -0.0400
-2.3773 -1.1340 -0.0400
-2.3241 -1.1701 -0.0400
-2.2608 -1.2329 -0.0400
-1.3790 -1.5324 -0.0400
-1.3381 -1.4958 -0.0400
-1.2885 -1.4730 -0.0400
0.7586 -2.4738 -0.0400
0.8410 -2.4261 -0.0400
0.9567 -2.4065 -0.0400
-1.3616 1.8897 -0.0400
-1.4813 1.8653 -0.0400
-1.5169 1.8803 -0.0400
-1.5415 1.9005 -0.0400
-1.5601 1.9235 -0.0400
-1.5728 1.9499 -0.0400
-1.5805 1.9794 -0.0400
-1.5393 2.0408 -0.0400
-0.3945 3.6882 -0.0400
-0.4906 3.6818 -0.0400
-0.5438 3.7174 -0.0400
-2.6698 5.7698 -0.0400
-3.3862 4.7680 -0.0400
-3.4499 4.7565 -0.0400
-3.5930 4.8369 -0.0400
-3.6544 4.8032 -0.0400
-3.7214 4.8031 -0.0400
-3.7984 4.8481 -0.0400
-4.7910 5.5257 -0.0400
-4.8546 4.8935 -0.0400
-4.9253 4.8694 -0.0400
-5.0378 4.9235 -0.0400
-4.6275 3.1728 -0.0400
-4.6528 3.1307 -0.0400
-4.6880 3.1015 -0.0400
-4.7351 3.0860 -0.0400
-4.7740 3.0602 -0.0400
-4.8342 3.0570 -0.0400
-5.4007 3.1771 -0.0400
-5.4148 3.1166 -0.0400
-5.4654 3.0867 -0.0400
-8.1739 -1.2246 -0.0400
-7.5646 -1.3475 -0.0400
-5.8830 -1.3368 -0.0400
-5.8025 -1.3540 -0.0400
-5.7795 -1.4210 -0.0400
-3.6651 0.1476 -0.0400
-3.6358 0.1549 -0.0400
-3.6067 0.1636 -0.0400
-3.5871 0.1584 -0.0400
-3.5689 0.1511 -0.0400
-3.5519 0.1421 -0.0400
-3.5375 0.1283 -0.0400
-3.5232 0.1138 -0.0400
-3.5099 0.0970 -0.0400
-3.4979 0.0767 -0.0400
-3.5047 0.0146 -0.0400
-2.5789 -1.2311 -0.0400
-2.5436 -1.1964 -0.0400
-2.5098 -1.1592 -0.0400
-2.4717 -1.1447 -0.0400
-2.4318 -1.1378 -0.0400
-2.3903 -1.1366 -0.0400
-2.3383 -1.1694 -0.0400
-2.2806 -1.2150 -0.0400
-1.4016 -1.6308 -0.0400
-1.3841 -1.5534 -0.0400
-1.3492 -1.5069 -0.0400
-1.3052 -1.4754 -0.0400
-1.2273 -1.4935 -0.0400
-1.3796 1.8745 -0.0400
-1.4697 1.8648 -0.0400
-1.5089 1.8785 -0.0400
-1.5361 1.8975 -0.0400
-1.5559 1.9202 -0.0400
-1.5655 1.9486 -0.0400
-1.5690 1.9811 -0.0400
-1.5594 2.0225 -0.0400
-0.4249 3.6508 -0.0400
-0.4947 3.6705 -0.0400
-0.5291 3.7260 -0.0400
-2.5879 5.7661 -0.0400
-3.3277 4.8080 -0.0400
-3.3894 4.7694 -0.0400
-3.4540 4.7653 -0.0400
-3.5940 4.8224 -0.0400
-3.6570 4.7988 -0.0400
-3.7259 4.8086 -0.0400
-4.7245 5.5782 -0.0400
-4.7943 5.5265 -0.0400
-4.8059 4.9549 -0.0400
-4.8577 4.8909 -0.0400
-4.9293 4.8686 -0.0400
-5.0430 4.9252 -0.0400
-4.6353 3.2488 -0.0400
-4.6345 3.1709 -0.0400
-4.6587 3.1273 -0.0400
-4.6929 3.0968 -0.0400
-4.7434 3.0852 -0.0400
-4.7981 3.0771 -0.0400
-5.3835 3.1544 -0.0400
-5.4296 3.1213 -0.0400
-8.1733 -1.2188 -0.0400
-7.6127 -1.2649 -0.0400
-7.5473 -1.3325 -0.0400
-5.8524 -1.3042 -0.0400
-5.8103 -1.3538 -0.0400
-3.6928 0.1502 -0.0400
-3.6592 0.1630 -0.0400
-3.6334 0.1660 -0.0400
-3.6113 0.1644 -0.0400
-3.5913 0.1601 -0.0400
-3.5728 0.1537 -0.0400
-3.5559 0.1448 -0.0400
-3.5408 0.1327 -0.0400
-3.5267 0.1185 -0.0400
-3.5133 0.1022 -0.0400
-3.5099 0.0649 -0.0400
-3.5067 0.0242 -0.0400
-2.5891 -1.2454 -0.0400
-2.5583 -1.1872 -0.0400
-2.5214 -1.1660 -0.0400
-2.4846 -1.1460 -0.0400
-2.4453 -1.1371 -0.0400
-2.4023 -1.1419 -0.0400
-2.3583 -1.1478 -0.0400
-2.2921 -1.2231 -0.0400
-1.4039 -1.5500 -0.0400
-1.3638 -1.5121 -0.0400
-1.3158 -1.4870 -0.0400
-1.2573 -1.4767 -0.0400
-1.1692 -1.5067 -0.0400
1.9251 0.1599 -0.0400
1.9263 0.2490 -0.0400
2.0456 0.3198 -0.0400
-1.3315 1.8543 -0.0400
-1.3744 1.8698 -0.0400
-1.4594 1.8631 -0.0400
-1.5023 1.8752 -0.0400
-1.5371 1.8905 -0.0400
-1.5532 1.9153 -0.0400
-1.5639 1.9434 -0.0400
-1.5699 1.9744 -0.0400
-1.3969 2.1203 -0.0400
-0.3914 3.6758 -0.0400
-0.4874 3.6701 -0.0400
-2.5875 5.7665 -0.0400
-3.3282 4.7855 -0.0400
-3.3913 4.7626 -0.0400
-3.5363 4.8684 -0.0400
-3.5970 4.8235 -0.0400
-3.6598 4.7976 -0.0400
-3.7328 4.8287 -0.0400
-4.7381 5.6072 -0.0400
-4.8033 5.5421 -0.0400
-4.8018 4.9375 -0.0400
-4.8607 4.8885 -0.0400
-4.9352 4.8720 -0.0400
-4.6038 3.1959 -0.0400
-4.6284 3.1521 -0.0400
-4.6624 3.1213 -0.0400
-4.7062 3.1023 -0.0400
-4.7476 3.0799 -0.0400
-4.7988 3.0678 -0.0400
-5.3890 3.1512 -0.0400
-5.4290 3.1130 -0.0400
-8.2424 -1.1360 -0.0400
-8.1740 -1.2142 -0.0400
-7.6093 -1.2583 -0.0400
-7.5471 -1.3273 -0.0400
-5.8671 -1.3107 -0.0400
-5.8076 -1.3452 -0.0400
-3.7145 0.1258 -0.0400
-3.6674 0.1572 -0.0400
-3.6394 0.1635 -0.0400
-3.6114 0.1711 -0.0400
-3.5926 0.1654 -0.0400
-3.5751 0.1578 -0.0400
-3.5589 0.1482 -0.0400
-3.5434 0.1372 -0.0400
-3.5293 0.1235 -0.0400
-3.5210 0.0979 -0.0400
-3.5114 0.0733 -0.0400
-3.5063 0.0376 -0.0400
-2.4967 -1.1490 -0.0400
-2.4572 -1.1416 -0.0400
-2.4164 -1.1384 -0.0400
-2.3684 -1.1590 -0.0400
-2.3194 -1.1791 -0.0400
-1.4334 -1.6364 -0.0400
-1.4111 -1.5670 -0.0400
-1.3751 -1.5224 -0.0400
-1.3311 -1.4912 -0.0400
-1.2574 -1.5035 -0.0400
1.9464 0.1388 -0.0400
1.9479 0.2284 -0.0400
2.0485 0.3024 -0.0400
2.1256 0.3828 -0.0400
2.3142 0.4525 -0.0400
-1.3317 1.8463 -0.0400
-1.3718 1.8633 -0.0400
-1.4560 1.8573 -0.0400
-1.5118 1.8630 -0.0400
-1.5328 1.8856 -0.0400
-1.5496 1.9104 -0.0400
-1.5613 1.9380 -0.0400
-1.5530 1.9780 -0.0400
-1.5261 2.0310 -0.0400
-0.3130 3.6520 -0.0400
-0.4232 3.6356 -0.0400
-0.4852 3.6638 -0.0400
-0.5143 3.7253 -0.0400
-2.5012 5.7884 -0.0400
-2.5870 5.7625 -0.0400
-3.3300 4.7814 -0.0400
-3.3935 4.7621 -0.0400
-3.5355 4.8449 -0.0400
-3.5968 4.8055 -0.0400
-3.6644 4.8089 -0.0400
-4.6624 5.6406 -0.0400
-4.7224 5.5593 -0.0400
-4.7982 4.9217 -0.0400
-4.8644 4.8883 -0.0400
-4.6064 3.2675 -0.0400
-4.6085 3.1913 -0.0400
-4.6334 3.1480 -0.0400
-4.6675 3.1171 -0.0400
-4.7170 3.1050 -0.0400
-4.7664 3.0915 -0.0400
-5.3590 3.1903 -0.0400
-5.3936 3.1473 -0.0400
-8.1884 -1.2162 -0.0400
-7.5971 -1.2479 -0.0400
-7.5483 -1.3236 -0.0400
-5.8516 -1.2926 -0.0400
-5.8227 -1.3529 -0.0400
-3.6938 0.1591 -0.0400
-3.6619 0.1701 -0.0400
-3.6369 0.1726 -0.0400
-3.6154 0.1707 -0.0400
-3.5960 0.1663 -0.0400
-3.5781 0.1597 -0.0400
-3.5621 0.1500 -0.0400
-3.5478 0.1374 -0.0400
-3.5345 0.1224 -0.0400
-3.5222 0.1049 -0.0400
-3.5120 0.0824 -0.0400
-3.5051 0.0515 -0.0400
-4.4627 -3.9519 -0.0400
-4.3594 -3.9195 -0.0400
-4.2694 -3.9321 -0.0400
-2.3828 -1.1545 -0.0400
-2.3223 -1.2127 -0.0400
-1.4334 -1.6660 -0.0400
-1.4192 -1.5823 -0.0400
-1.3896 -1.5273 -0.0400
-1.3406 -1.5040 -0.0400
-1.2816 -1.4947 -0.0400
-1.1929 -1.5262 -0.0400
0.6566 -2.5789 -0.0400
1.9208 0.1262 -0.0400
1.9283 0.2145 -0.0400
2.0468 0.2855 -0.0400
2.0996 0.3691 -0.0400
-1.5087 1.8567 -0.0400
-1.5291 1.8799 -0.0400
-1.5457 1.9049 -0.0400
-1.5502 1.9370 -0.0400
-1.5512 1.9717 -0.0400
-1.5341 2.0186 -0.0400
-0.4330 3.6163 -0.0400
-0.4743 3.6653 -0.0400
-2.5006 5.7800 -0.0400
-2.5854 5.7658 -0.0400
-3.3308 4.7705 -0.0400
-3.3970 4.7789 -0.0400
-3.5366 4.8388 -0.0400
-3.5987 4.8038 -0.0400
-3.6697 4.8268 -0.0400
-4.6615 5.6330 -0.0400
-4.7234 5.5565 -0.0400
-4.7612 5.0142 -0.0400
-4.7988 4.9153 -0.0400
-4.8737 4.9001 -0.0400
-4.9934 4.9730 -0.0400
-4.6007 3.2489 -0.0400
-4.6114 3.1844 -0.0400
-4.6366 3.1415 -0.0400
-4.6806 3.1231 -0.0400
-4.7221 3.1010 -0.0400
-4.7713 3.0872 -0.0400
-5.3667 3.1892 -0.0400
-5.3957 3.1413 -0.0400
-8.2216 -1.1194 -0.0400
-7.5863 -1.2389 -0.0400
-7.5573 -1.3245 -0.0400
-5.8548 -1.2909 -0.0400
-3.7094 0.1412 -0.0400
-3.6688 0.1642 -0.0400
-3.6349 0.1798 -0.0400
-3.6148 0.1765 -0.0400
-3.5965 0.1706 -0.0400
-3.5796 0.1630 -0.0400
-3.5639 0.1533 -0.0400
-3.5491 0.1419 -0.0400
-3.5356 0.1278 -0.0400
-3.5288 0.1001 -0.0400
-3.5209 0.0731 -0.0400
-3.5218 0.0255 -0.0400
-4.5693 -3.9473 -0.0400
-4.4750 -3.9515 -0.0400
-4.3695 -3.9105 -0.0400
-4.2822 -3.9332 -0.0400
-1.4366 -1.6898 -0.0400
-1.4429 -1.5717 -0.0400
-1.4021 -1.5351 -0.0400
-1.3550 -1.5090 -0.0400
-1.2999 -1.4943 -0.0400
0.7279 -2.5470 -0.0400
0.8159 -2.5040 -0.0400
0.8922 -2.4490 -0.0400
1.9144 0.1098 -0.0400
1.9342 0.1960 -0.0400
2.0545 0.2667 -0.0400
2.2471 0.3314 -0.0400
-1.5453 1.9317 -0.0400
-1.5465 1.9665 -0.0400
-1.5302 2.0131 -0.0400
-0.3253 3.6198 -0.0400
-0.4206 3.6181 -0.0400
-0.4731 3.6563 -0.0400
-0.4900 3.7312 -0.0400
-2.5013 5.7570 -0.0400
-3.3321 4.7708 -0.0400
-3.4004 4.7996 -0.0400
-3.4808 4.9247 -0.0400
-3.5362 4.8238 -0.0400
-3.6012 4.8086 -0.0400
-3.6728 4.8345 -0.0400
-4.6525 5.6030 -0.0400
-4.7302 5.5699 -0.0400
-4.7371 4.9522 -0.0400
-4.8009 4.9129 -0.0400
-4.9112 4.9719 -0.0400
-4.5934 3.2282 -0.0400
-4.6048 3.1651 -0.0400
-4.6419 3.1382 -0.0400
-4.6877 3.1219 -0.0400
-4.7279 3.0980 -0.0400
-5.3366 3.2287 -0.0400
-5.3622 3.1771 -0.0400
-5.4246 3.1588 -0.0400
-8.8104 -0.5691 -0.0400
-8.2166 -1.1142 -0.0400
-7.5867 -1.2361 -0.0400
-7.6093 -1.3487 -0.0400
-5.8977 -1.2395 -0.0400
-5.8559 -1.2882 -0.0400
-5.8636 -1.3795 -0.0400
-3.6923 0.1673 -0.0400
-3.6625 0.1761 -0.0400
-3.6386 0.1778 -0.0400
-3.6178 0.1756 -0.0400
-3.5989 0.1711 -0.0400
-3.5811 0.1650 -0.0400
-3.5661 0.1545 -0.0400
-3.5524 0.1416 -0.0400
-3.5397 0.1264 -0.0400
-3.5281 0.1085 -0.0400
-3.5190 0.0848 -0.0400
-3.5140 0.0506 -0.0400
-4.5830 -3.9538 -0.0400
-4.4859 -3.9480 -0.0400
-4.3808 -3.9087 -0.0400
-3.5692 -2.6618 -0.0400
-1.4573 -1.6832 -0.0400
-1.4552 -1.5791 -0.0400
-1.4147 -1.5424 -0.0400
-1.3682 -1.5153 -0.0400
-1.2938 -1.5296 -0.0400
0.6294 -2.6037 -0.0400
0.7105 -2.5559 -0.0400
0.7799 -2.4959 -0.0400
0.8815 -2.4643 -0.0400
1.9134 0.0921 -0.0400
1.9346 0.1781 -0.0400
2.0530 0.2492 -0.0400
2.2527 0.3127 -0.0400
-0.3039 3.6287 -0.0400
-0.4230 3.6046 -0.0400
-0.4540 3.6644 -0.0400
-2.4976 5.7678 -0.0400
-3.2693 4.8025 -0.0400
-3.3333 4.7752 -0.0400
-3.4810 4.9193 -0.0400
-3.5372 4.8225 -0.0400
-3.6035 4.8154 -0.0400
-3.6836 4.8914 -0.0400
-4.5864 5.6684 -0.0400
-4.6445 5.5771 -0.0400
-4.7280 5.5603 -0.0400
-4.7358 4.9431 -0.0400
-4.8036 4.9127 -0.0400
-4.9222 4.9891 -0.0400
-4.5782 3.2783 -0.0400
-4.5753 3.1927 -0.0400
-4.6093 3.1611 -0.0400
-4.6497 3.1382 -0.0400
-4.6944 3.1205 -0.0400
-4.7556 3.1218 -0.0400
-5.3420 3.2258 -0.0400
-5.3658 3.1726 -0.0400
-8.8497 -0.4692 -0.0400
-8.2757 -1.0297 -0.0400
-8.2055 -1.1071 -0.0400
-7.6977 -1.1884 -0.0400
-7.5843 -1.2324 -0.0400
-5.8967 -1.2361 -0.0400
-5.8563 -1.2856 -0.0400
-5.8609 -1.3739 -0.0400
-3.6824 0.1824 -0.0400
-3.6571 0.1857 -0.0400
-3.6355 0.1846 -0.0400
-3.6161 0.1808 -0.0400
-3.5984 0.1747 -0.0400
-3.5820 0.1670 -0.0400
-3.5668 0.1572 -0.0400
-3.5526 0.1456 -0.0400
-3.5437 0.1239 -0.0400
-3.5338 0.1032 -0.0400
-3.5268 0.0752 -0.0400
-4.4961 -3.9444 -0.0400
-4.3916 -3.9066 -0.0400
-3.5780 -2.6522 -0.0400
-3.5159 -2.6824 -0.0400
-1.4829 -1.6673 -0.0400
-1.4586 -1.6011 -0.0400
-1.4272 -1.5493 -0.0400
-1.3803 -1.5232 -0.0400
-1.3071 -1.5359 -0.0400
0.6391 -2.6392 -0.0400
0.7005 -2.5716 -0.0400
0.7914 -2.5317 -0.0400
0.8665 -2.4757 -0.0400
1.9326 0.1544 -0.0400
1.9407 0.2429 -0.0400
2.0702 0.3141 -0.0400
2.2624 0.3817 -0.0400
-0.3938 3.6170 -0.0400
-0.4617 3.6407 -0.0400
-0.5000 3.6937 -0.0400
-2.5773 5.7667 -0.0400
-3.3346 4.7893 -0.0400
-3.3994 4.7745 -0.0400
-3.5426 4.8588 -0.0400
-3.6035 4.8087 -0.0400
-3.6741 4.8270 -0.0400
-4.6601 5.6183 -0.0400
-4.7239 5.5460 -0.0400
-4.7473 4.9626 -0.0400
-4.8059 4.9106 -0.0400
-4.8772 4.8874 -0.0400
-4.5962 3.2089 -0.0400
-4.6200 3.1626 -0.0400
-4.6516 3.1279 -0.0400
-4.6957 3.1094 -0.0400
-4.7460 3.0977 -0.0400
-5.3704 3.1665 -0.0400
-5.4275 3.1435 -0.0400
-8.8230 -0.5688 -0.0400
-8.2343 -1.1165 -0.0400
-8.1736 -1.1971 -0.0400
-7.6068 -1.2413 -0.0400
-7.5494 -1.3118 -0.0400
-5.9253 -1.2565 -0.0400
-5.8566 -1.2831 -0.0400
-5.8215 -1.3368 -0.0400
-3.7136 0.1406 -0.0400
-3.6730 0.1642 -0.0400
-3.6465 0.1698 -0.0400
-3.6242 0.1702 -0.0400
-3.6015 0.1722 -0.0400
-3.5849 0.1651 -0.0400
-3.5694 0.1562 -0.0400
-3.5548 0.1459 -0.0400
-3.5414 0.1331 -0.0400
-3.5290 0.1179 -0.0400
-3.5176 0.1002 -0.0400
-3.5088 0.0761 -0.0400
-4.5108 -3.9462 -0.0400
-4.4115 -3.9276 -0.0400
-4.3189 -3.9287 -0.0400
-4.2466 -4.0127 -0.0400
-3.5249 -2.6514 -0.0400
-3.4651 -2.7034 -0.0400
-1.4260 -1.6919 -0.0400
-1.4334 -1.5747 -0.0400
-1.3954 -1.5344 -0.0400
-1.3491 -1.5072 -0.0400
-1.2943 -1.4921 -0.0400
0.6578 -2.5640 -0.0400
0.7499 -2.5263 -0.0400
0.8150 -2.4622 -0.0400
0.9098 -2.4238 -0.0400
1.9040 0.0575 -0.0400
2.0482 0.1218 -0.0400
2.0525 0.2130 -0.0400
2.2456 0.2771 -0.0400
-0.2383 3.5739 -0.0400
-0.3413 3.5687 -0.0400
-0.4093 3.5934 -0.0400
-0.4488 3.6451 -0.0400
-3.2032 4.8094 -0.0400
-3.2679 4.7811 -0.0400
-3.3341 4.7846 -0.0400
-3.4753 4.8641 -0.0400
-3.5382 4.8232 -0.0400
-3.6126 4.8701 -0.0400
-4.5790 5.6434 -0.0400
-4.6461 5.5778 -0.0400
-4.6740 4.9784 -0.0400
-4.7382 4.9388 -0.0400
-4.8325 4.9666 -0.0400
-4.5527 3.3063 -0.0400
-4.5486 3.2156 -0.0400
-4.5812 3.1816 -0.0400
-4.6242 3.1621 -0.0400
-4.6670 3.1419 -0.0400
-4.7095 3.1208 -0.0400
-5.3044 3.2510 -0.0400
-5.3368 3.2055 -0.0400
-5.4005 3.1892 -0.0400
-8.8368 -0.4635 -0.0400
-8.2424 -1.0133 -0.0400
-8.2204 -1.1098 -0.0400
-7.6182 -1.1473 -0.0400
-7.6095 -1.2418 -0.0400
-5.8924 -1.2294 -0.0400
-5.8711 -1.2941 -0.0400
-3.7030 0.1860 -0.0400
-3.6756 0.1918 -0.0400
-3.6529 0.1923 -0.0400
-3.6331 0.1895 -0.0400
-3.6149 0.1847 -0.0400
-3.5981 0.1780 -0.0400
-3.5826 0.1697 -0.0400
-3.5698 0.1566 -0.0400
-3.5575 0.1423 -0.0400
-3.5463 0.1256 -0.0400
-3.5370 0.1045 -0.0400
-3.5311 0.0752 -0.0400
-4.6073 -3.9292 -0.0400
-4.5116 -3.9262 -0.0400
-4.4184 -3.9280 -0.0400
-3.6613 -2.6436 -0.0400
-3.5945 -2.6371 -0.0400
-3.5353 -2.6854 -0.0400
-1.4860 -1.6091 -0.0400
-1.4515 -1.5628 -0.0400
-1.4051 -1.5362 -0.0400
-1.3402 -1.5371 -0.0400
-1.2610 -1.5564 -0.0400
0.5850 -2.6361 -0.0400
0.6748 -2.5973 -0.0400
0.7818 -2.5728 -0.0400
0.8498 -2.5101 -0.0400
1.9037 0.0392 -0.0400
1.9482 0.1212 -0.0400
2.0477 0.1954 -0.0400
-0.2489 3.5508 -0.0400
-0.3416 3.5549 -0.0400
-0.4027 3.5864 -0.0400
-2.4044 5.7526 -0.0400
-3.2673 4.7846 -0.0400
-3.3361 4.8213 -0.0400
-3.4085 4.8823 -0.0400
-3.4723 4.8405 -0.0400
-3.5382 4.8258 -0.0400
-3.6146 4.8855 -0.0400
-4.5693 5.6144 -0.0400
-4.6552 5.6037 -0.0400
-4.6741 4.9753 -0.0400
-4.7389 4.9366 -0.0400
-4.5388 3.2762 -0.0400
-4.5506 3.2096 -0.0400
-4.5852 3.1782 -0.0400
-4.6289 3.1596 -0.0400
-4.6765 3.1455 -0.0400
-4.7295 3.1373 -0.0400
-5.2942 3.3124 -0.0400
-5.3032 3.2425 -0.0400
-5.3435 3.2046 -0.0400
-8.8471 -0.4656 -0.0400
-8.2397 -1.0113 -0.0400
-7.6966 -1.0852 -0.0400
-7.6132 -1.1442 -0.0400
-7.6194 -1.2458 -0.0400
-5.9452 -1.1896 -0.0400
-5.8992 -1.2343 -0.0400
-5.9121 -1.3271 -0.0400
-3.7022 0.1855 -0.0400
-3.6750 0.1913 -0.0400
-3.6525 0.1918 -0.0400
-3.6290 0.1945 -0.0400
-3.6124 0.1879 -0.0400
-3.5968 0.1798 -0.0400
-3.5823 0.1701 -0.0400
-3.5688 0.1588 -0.0400
-3.5563 0.1453 -0.0400
-3.5447 0.1298 -0.0400
-3.5434 0.0939 -0.0400
-3.5428 0.0541 -0.0400
-4.6103 -3.9088 -0.0400
-4.5071 -3.8786 -0.0400
-4.4206 -3.9013 -0.0400
-3.6720 -2.6576 -0.0400
-3.6026 -2.6345 -0.0400
-3.5417 -2.6677 -0.0400
-1.3562 -1.5378 -0.0400
0.5712 -2.6474 -0.0400
0.6600 -2.6078 -0.0400
0.7727 -2.5889 -0.0400
0.8301 -2.5166 -0.0400
1.9017 0.0210 -0.0400
2.0378 0.0865 -0.0400
2.0604 0.1748 -0.0400
2.2641 0.2371 -0.0400
-2.3984 5.7608 -0.0400
-3.2013 4.8290 -0.0400
-3.2664 4.7945 -0.0400
-3.4709 4.8363 -0.0400
-3.5386 4.8348 -0.0400
-4.5030 5.6893 -0.0400
-4.5691 5.6155 -0.0400
-4.6229 5.0483 -0.0400
-4.6716 4.9669 -0.0400
-4.7467 4.9524 -0.0400
-4.5265 3.2489 -0.0400
-4.5515 3.2023 -0.0400
-4.5918 3.1791 -0.0400
-4.6371 3.1624 -0.0400
-4.6833 3.1462 -0.0400
-5.3049 3.2370 -0.0400
-5.3576 3.2111 -0.0400
-8.2366 -1.0097 -0.0400
-7.6863 -1.0805 -0.0400
-7.6185 -1.1466 -0.0400
-5.9400 -1.1859 -0.0400
-5.8974 -1.2329 -0.0400
-7.6939 -2.7895 -0.0400
-3.7368 0.1688 -0.0400
-3.6982 0.1881 -0.0400
-3.6648 0.2028 -0.0400
-3.6454 0.1995 -0.0400
-3.6276 0.1947 -0.0400
-3.6112 0.1881 -0.0400
-3.5957 0.1802 -0.0400
-3.5824 0.1691 -0.0400
-3.5701 0.1559 -0.0400
-3.5586 0.1410 -0.0400
-3.5482 0.1236 -0.0400
-3.5402 0.1006 -0.0400
-3.5363 0.0683 -0.0400
-4.6206 -3.9137 -0.0400
-4.5135 -3.8703 -0.0400
-4.4437 -3.9521 -0.0400
-3.6744 -2.6254 -0.0400
-3.6118 -2.6431 -0.0400
0.5562 -2.6571 -0.0400
0.6468 -2.6195 -0.0400
0.7574 -2.5990 -0.0400
0.8161 -2.5280 -0.0400
1.8979 0.0032 -0.0400
1.9491 0.0839 -0.0400
2.0443 0.1588 -0.0400
-2.3929 5.7610 -0.0400
-3.1978 4.7890 -0.0400
-3.2650 4.8036 -0.0400
-3.4077 4.9065 -0.0400
-3.4696 4.8385 -0.0400
-3.5392 4.8510 -0.0400
-4.4960 5.6707 -0.0400
-4.5662 5.6099 -0.0400
-4.6233 5.0488 -0.0400
-4.6724 4.9679 -0.0400
-4.7542 4.9688 -0.0400
-4.4990 3.2853 -0.0400
-4.5192 3.2299 -0.0400
-4.5542 3.1984 -0.0400
-4.5952 3.1760 -0.0400
-4.6420 3.1613 -0.0400
-4.6971 3.1567 -0.0400
-5.2793 3.2833 -0.0400
-5.3156 3.2410 -0.0400
-8.8646 -0.3624 -0.0400
-8.2911 -0.9263 -0.0400
-8.2623 -1.0196 -0.0400
-7.6629 -1.0703 -0.0400
-7.6193 -1.1472 -0.0400
-5.9903 -1.1453 -0.0400
-5.9297 -1.1789 -0.0400
-5.9037 -1.2386 -0.0400
-7.6917 -2.7836 -0.0400
-7.6439 -2.8801 -0.0400
-3.7217 0.1842 -0.0400
-3.6816 0.2062 -0.0400
-3.6611 0.2044 -0.0400
-3.6426 0.2004 -0.0400
-3.6254 0.1951 -0.0400
-3.6084 0.1897 -0.0400
-3.5943 0.1801 -0.0400
-3.5809 0.1694 -0.0400
-3.5686 0.1567 -0.0400
-3.5571 0.1423 -0.0400
-3.5536 0.1126 -0.0400
-3.5488 0.0838 -0.0400
-4.7270 -3.9225 -0.0400
-4.6253 -3.9027 -0.0400
-4.5204 -3.8660 -0.0400
-4.4387 -3.9037 -0.0400
-3.6831 -2.6346 -0.0400
-3.6176 -2.6328 -0.0400
-2.6915 -1.2662 -0.0400
0.5447 -2.6700 -0.0400
0.6317 -2.6290 -0.0400
0.7378 -2.6046 -0.0400
0.8084 -2.5449 -0.0400
2.2635 0.1994 -0.0400
-2.3880 5.7531 -0.0400
-3.1293 4.8331 -0.0400
-3.1952 4.7907 -0.0400
-3.2627 4.8062 -0.0400
-3.4009 4.8532 -0.0400
-3.4680 4.8425 -0.0400
-3.5389 4.8644 -0.0400
-4.4929 5.6663 -0.0400
-4.5655 5.6126 -0.0400
-4.6128 5.0221 -0.0400
-4.6748 4.9738 -0.0400
-4.7966 5.0688 -0.0400
-4.4999 3.2797 -0.0400
-4.5194 3.2229 -0.0400
-4.5583 3.1973 -0.0400
-4.6070 3.1856 -0.0400
-4.6521 3.1680 -0.0400
-5.2719 3.2694 -0.0400
-5.3196 3.2386 -0.0400
-8.2780 -0.9219 -0.0400
-7.6509 -1.0657 -0.0400
-5.9836 -1.1420 -0.0400
-5.9250 -1.1768 -0.0400
-5.9391 -1.2677 -0.0400
-7.6946 -2.7824 -0.0400
-3.7429 0.1827 -0.0400
-3.7076 0.1974 -0.0400
-3.6752 0.2102 -0.0400
-3.6562 0.2068 -0.0400
-3.6386 0.2020 -0.0400
-3.6207 0.1981 -0.0400
-3.6061 0.1895 -0.0400
-3.5924 0.1798 -0.0400
-3.5793 0.1689 -0.0400
-3.5705 0.1507 -0.0400
-3.5602 0.1343 -0.0400
-3.5520 0.1134 -0.0400
-3.5466 0.0861 -0.0400
-4.7175 -3.8723 -0.0400
-4.6182 -3.8567 -0.0400
-4.5276 -3.8644 -0.0400
-3.7596 -2.6580 -0.0400
-3.6871 -2.6190 -0.0400
-3.6271 -2.6508 -0.0400
-2.7004 -1.2607 -0.0400
-2.6712 -1.1983 -0.0400
-2.6353 -1.1793 -0.0400
-2.5988 -1.1653 -0.0400
0.4838 -2.7613 -0.0400
0.5285 -2.6777 -0.0400
0.6161 -2.6378 -0.0400
0.7061 -2.5984 -0.0400
0.8245 -2.5832 -0.0400
-1.2511 1.7746 -0.0400
-2.2957 5.7540 -0.0400
-3.1922 4.7940 -0.0400
-3.3343 4.9186 -0.0400
-3.3984 4.8564 -0.0400
-3.4657 4.8448 -0.0400
-3.5371 4.8696 -0.0400
-4.4829 5.6407 -0.0400
-4.5743 5.6468 -0.0400
-4.6112 5.0198 -0.0400
-4.6774 4.9816 -0.0400
-4.4807 3.3333 -0.0400
-4.4914 3.2596 -0.0400
-4.5218 3.2201 -0.0400
-4.5623 3.1967 -0.0400
-4.6101 3.1834 -0.0400
-4.6643 3.1781 -0.0400
-5.2497 3.3211 -0.0400
-5.2765 3.2682 -0.0400
-5.3317 3.2449 -0.0400
-8.8715 -0.3653 -0.0400
-8.2777 -0.9226 -0.0400
-7.7194 -1.0007 -0.0400
-7.6585 -1.0703 -0.0400
-7.6704 -1.1729 -0.0400
-5.9663 -1.1315 -0.0400
-5.9257 -1.1794 -0.0400
-7.7769 -2.7116 -0.0400
-7.6919 -2.7773 -0.0400
-3.7186 0.2065 -0.0400
-3.6942 0.2087 -0.0400
-3.6732 0.2075 -0.0400
-3.6504 0.2096 -0.0400
-3.6339 0.2036 -0.0400
-3.6174 0.1981 -0.0400
-3.6036 0.1888 -0.0400
-3.5902 0.1788 -0.0400
-3.5802 0.1633 -0.0400
-3.5693 0.1489 -0.0400
-3.5593 0.1323 -0.0400
-3.5513 0.1113 -0.0400
-4.7277 -3.8823 -0.0400
-4.6332 -3.8820 -0.0400
-4.5328 -3.8583 -0.0400
-3.6940 -2.6242 -0.0400
-3.6304 -2.6318 -0.0400
-2.7134 -1.2262 -0.0400
-2.6788 -1.1981 -0.0400
-2.6430 -1.1793 -0.0400
-2.6066 -1.1658 -0.0400
-2.5681 -1.1616 -0.0400
-2.5282 -1.1623 -0.0400
-2.4863 -1.1691 -0.0400
0.6011 -2.6465 -0.0400
0.7083 -2.6239 -0.0400
0.7838 -2.5692 -0.0400
0.8942 2.6120 -0.0400
0.8306 2.6664 -0.0400
-1.3132 1.7714 -0.0400
-1.3423 1.7951 -0.0400
-1.4461 1.7809 -0.0400
-2.2902 5.7422 -0.0400
-3.1215 4.8035 -0.0400
-3.1885 4.7987 -0.0400
-3.3956 4.8631 -0.0400
-3.4655 4.8745 -0.0400
-4.4235 5.7547 -0.0400
-4.4849 5.6566 -0.0400
-4.5426 5.0567 -0.0400
-4.6043 5.0051 -0.0400
-4.6773 4.9842 -0.0400
-4.4752 3.3188 -0.0400
-4.4906 3.2527 -0.0400
-4.5253 3.2198 -0.0400
-4.5704 3.2028 -0.0400
-4.6154 3.1852 -0.0400
-4.6725 3.1836 -0.0400
-5.2385 3.3036 -0.0400
-5.2788 3.2652 -0.0400
-8.9121 -0.2685 -0.0400
-8.3153 -0.8342 -0.0400
-8.2899 -0.9281 -0.0400
-7.7124 -0.9993 -0.0400
-7.6666 -1.0754 -0.0400
-5.9617 -1.1309 -0.0400
-5.9433 -1.1952 -0.0400
-7.7540 -2.6915 -0.0400
-7.6993 -2.7810 -0.0400
-3.7106 0.2099 -0.0400
-3.6817 0.2181 -0.0400
-3.6636 0.2138 -0.0400
-3.6440 0.2122 -0.0400
-3.6289 0.2048 -0.0400
-3.6143 0.1969 -0.0400
-3.6008 0.1874 -0.0400
-3.5881 0.1766 -0.0400
-3.5790 0.1601 -0.0400
-3.5685 0.1452 -0.0400
-3.5594 0.1273 -0.0400
-3.5638 0.0843 -0.0400
-4.8287 -3.8806 -0.0400
-4.7270 -3.8619 -0.0400
-4.6233 -3.8315 -0.0400
-4.5399 -3.8607 -0.0400
-3.7660 -2.6324 -0.0400
-3.6978 -2.6147 -0.0400
-3.6404 -2.6598 -0.0400
-2.7521 -1.2775 -0.0400
-2.7196 -1.2304 -0.0400
-2.6853 -1.2005 -0.0400
-2.6500 -1.1804 -0.0400
-2.6139 -1.1661 -0.0400
-2.5754 -1.1627 -0.0400
-2.5354 -1.1645 -0.0400
-2.4932 -1.1732 -0.0400
-2.4240 -1.2717 -0.0400
0.9684 2.6255 -0.0400
-1.2264 1.7587 -0.0400
-1.2906 1.7683 -0.0400
-1.3895 1.7593 -0.0400
-1.4333 1.7741 -0.0400
-1.4699 1.7913 -0.0400
-1.4880 1.8175 -0.0400
-1.4995 1.8474 -0.0400
-2.2817 5.7450 -0.0400
-3.1172 4.8221 -0.0400
-3.1854 4.8423 -0.0400
-3.3241 4.8806 -0.0400
-3.3910 4.8539 -0.0400
-3.4609 4.8663 -0.0400
-4.4157 5.7401 -0.0400
-4.4795 5.6500 -0.0400
-4.5584 5.1066 -0.0400
-4.6041 5.0092 -0.0400
-4.6868 5.0121 -0.0400
-4.4633 3.2942 -0.0400
-4.4895 3.2461 -0.0400
-4.5286 3.2199 -0.0400
-4.5771 3.2078 -0.0400
-4.6221 3.1897 -0.0400
-5.2170 3.3586 -0.0400
-5.2397 3.3002 -0.0400
-5.3023 3.2849 -0.0400
-8.3489 -0.8471 -0.0400
-7.7609 -0.9259 -0.0400
-7.6898 -0.9917 -0.0400
-7.6657 -1.0769 -0.0400
-6.0378 -1.1111 -0.0400
-5.9560 -1.1299 -0.0400
-5.9425 -1.1976 -0.0400
-7.7552 -2.6909 -0.0400
-7.7043 -2.7832 -0.0400
-3.7350 0.2011 -0.0400
-3.6992 0.2165 -0.0400
-3.6745 0.2201 -0.0400
-3.6577 0.2146 -0.0400
-3.6393 0.2115 -0.0400
-3.6238 0.2050 -0.0400
-3.6104 0.1958 -0.0400
-3.5984 0.1846 -0.0400
-3.5866 0.1728 -0.0400
-3.5753 0.1600 -0.0400
-3.5691 0.1383 -0.0400
-3.5610 0.1188 -0.0400
-3.5730 0.0622 -0.0400
-4.7318 -3.8597 -0.0400
-4.6311 -3.8380 -0.0400
-4.5714 -3.9447 -0.0400
-4.1379 -4.5326 -0.0400
-3.7040 -2.6228 -0.0400
-2.7553 -1.2979 -0.0400
-2.7246 -1.2379 -0.0400
-2.6909 -1.2050 -0.0400
-2.6576 -1.1754 -0.0400
-2.6206 -1.1664 -0.0400
-2.5825 -1.1625 -0.0400
-2.5427 -1.1642 -0.0400
-2.4920 -1.2052 -0.0400
1.8943 -0.0709 -0.0400
2.0163 -0.0035 -0.0400
2.0696 0.0794 -0.0400
0.9352 2.5943 -0.0400
0.8499 2.6401 -0.0400
-1.2881 1.7558 -0.0400
-1.3239 1.7769 -0.0400
-1.4312 1.7617 -0.0400
-1.4582 1.7839 -0.0400
-1.4822 1.8072 -0.0400
-1.4949 1.8365 -0.0400
-1.4942 1.8737 -0.0400
-1.4920 1.9126 -0.0400
-2.2725 5.7487 -0.0400
-3.1119 4.8000 -0.0400
-3.1796 4.8117 -0.0400
-3.3208 4.9034 -0.0400
-3.3872 4.8620 -0.0400
-4.4119 5.7416 -0.0400
-4.4880 5.6919 -0.0400
-4.5456 5.0781 -0.0400
-4.6055 5.0192 -0.0400
-4.7065 5.0675 -0.0400
-4.4615 3.2875 -0.0400
-4.4916 3.2456 -0.0400
-4.5329 3.2225 -0.0400
-4.5808 3.2092 -0.0400
-4.6374 3.2075 -0.0400
-5.2138 3.3509 -0.0400
-5.2422 3.2986 -0.0400
-5.3053 3.2838 -0.0400
-8.9344 -0.1691 -0.0400
-8.3214 -0.8393 -0.0400
-7.6925 -0.9951 -0.0400
-5.9980 -1.0870 -0.0400
-5.9618 -1.1377 -0.0400
-7.8377 -2.6220 -0.0400
-7.7520 -2.6872 -0.0400
-7.7474 -2.8167 -0.0400
-3.7526 0.2000 -0.0400
-3.7124 0.2193 -0.0400
-3.6867 0.2237 -0.0400
-3.6660 0.2229 -0.0400
-3.6504 0.2162 -0.0400
-3.6339 0.2111 -0.0400
-3.6195 0.2034 -0.0400
-3.6065 0.1940 -0.0400
-3.5952 0.1820 -0.0400
-3.5860 0.1664 -0.0400
-3.5754 0.1526 -0.0400
-3.5720 0.1266 -0.0400
-3.5656 0.1041 -0.0400
-3.5641 0.0718 -0.0400
-4.7199 -3.8107 -0.0400
-4.6303 -3.8198 -0.0400
-4.5602 -3.8908 -0.0400
-3.7706 -2.6110 -0.0400
-3.7065 -2.6126 -0.0400
-2.7667 -1.2572 -0.0400
-2.7333 -1.2188 -0.0400
-2.6989 -1.1933 -0.0400
-2.6633 -1.1770 -0.0400
-2.6268 -1.1665 -0.0400
-2.5892 -1.1614 -0.0400
-2.5455 -1.1798 -0.0400
-2.5002 -1.2005 -0.0400
-2.4424 -1.2608 -0.0400
1.8762 -0.0858 -0.0400
2.0260 -0.0241 -0.0400
2.0335 0.0668 -0.0400
0.9694 2.5143 -0.0400
0.8838 2.5614 -0.0400
-1.2651 1.7190 -0.0400
-1.3030 1.7398 -0.0400
-1.3854 1.7386 -0.0400
-1.4388 1.7488 -0.0400
-1.4593 1.7742 -0.0400
-1.4722 1.8034 -0.0400
-1.4794 1.8360 -0.0400
-1.4513 1.8895 -0.0400
-2.1835 5.7279 -0.0400
-2.9726 4.8166 -0.0400
-3.0406 4.8051 -0.0400
-3.2469 4.8811 -0.0400
-3.3151 4.8663 -0.0400
-3.3866 4.8969 -0.0400
-4.2445 5.8043 -0.0400
-4.3094 5.7053 -0.0400
-4.4013 5.7144 -0.0400
-4.4595 5.0688 -0.0400
-4.5359 5.0565 -0.0400
-4.3992 3.3705 -0.0400
-4.4233 3.3149 -0.0400
-4.4544 3.2735 -0.0400
-4.4977 3.2534 -0.0400
-4.5457 3.2404 -0.0400
-4.6179 3.2628 -0.0400
-5.1656 3.3788 -0.0400
-5.2098 3.3440 -0.0400
-8.9345 -0.1702 -0.0400
-8.3773 -0.6550 -0.0400
-8.3609 -0.7515 -0.0400
-7.7547 -0.8331 -0.0400
-7.7389 -0.9210 -0.0400
-6.0234 -1.0319 -0.0400
-6.0187 -1.1042 -0.0400
-7.9137 -2.5482 -0.0400
-7.8246 -2.6118 -0.0400
-3.7388 0.2350 -0.0400
-3.7116 0.2398 -0.0400
-3.6899 0.2395 -0.0400
-3.6713 0.2363 -0.0400
-3.6550 0.2308 -0.0400
-3.6404 0.2234 -0.0400
-3.6276 0.2140 -0.0400
-3.6154 0.2037 -0.0400
-3.6052 0.1905 -0.0400
-3.5969 0.1741 -0.0400
-3.5870 0.1596 -0.0400
-3.5845 0.1331 -0.0400
-3.5957 0.0823 -0.0400
-4.9028 -3.7883 -0.0400
-4.8025 -3.7722 -0.0400
-4.7139 -3.7846 -0.0400
-4.6438 -3.8520 -0.0400
-3.8314 -2.5811 -0.0400
-3.7754 -2.6232 -0.0400
-2.8065 -1.2790 -0.0400
-2.7737 -1.2310 -0.0400
-2.7395 -1.2014 -0.0400
-2.7052 -1.1776 -0.0400
-2.6680 -1.1720 -0.0400
-2.6294 -1.1721 -0.0400
-2.5890 -1.1795 -0.0400
-2.5452 -1.1976 -0.0400
-2.4935 -1.2419 -0.0400
1.8705 -0.1877 -0.0400
1.9895 -0.1219 -0.0400
2.0456 -0.0404 -0.0400
1.0093 2.5119 -0.0400
0.8768 2.5408 -0.0400
-1.2492 1.7118 -0.0400
-1.2928 1.7303 -0.0400
-1.3704 1.7317 -0.0400
-1.4313 1.7385 -0.0400
-1.4527 1.7636 -0.0400
-1.4694 1.7909 -0.0400
-1.4716 1.8263 -0.0400
-1.4709 1.8639 -0.0400
-2.0890 5.7152 -0.0400
-2.9640 4.8884 -0.0400
-3.0343 4.8036 -0.0400
-3.1023 4.8284 -0.0400
-3.1724 4.9039 -0.0400
-3.2406 4.8710 -0.0400
-3.3105 4.8826 -0.0400
-4.3073 5.7176 -0.0400
-4.3914 5.6970 -0.0400
-4.3974 5.1378 -0.0400
-4.4569 5.0722 -0.0400
-4.5337 5.0601 -0.0400
-4.3869 3.3464 -0.0400
-4.4185 3.3045 -0.0400
-4.4582 3.2779 -0.0400
-4.5058 3.2643 -0.0400
-4.5478 3.2411 -0.0400
-5.1406 3.4341 -0.0400
-5.1669 3.3775 -0.0400
-5.2167 3.3487 -0.0400
-8.9352 -0.0661 -0.0400
-8.3781 -0.6574 -0.0400
-8.3627 -0.7541 -0.0400
-7.8267 -0.7686 -0.0400
-7.7537 -0.8354 -0.0400
-7.7553 -0.9302 -0.0400
-6.0686 -0.9917 -0.0400
-6.0205 -1.0345 -0.0400
-6.0392 -1.1228 -0.0400
-7.9001 -2.5383 -0.0400
-7.8496 -2.6303 -0.0400
-3.7593 0.2291 -0.0400
-3.7254 0.2403 -0.0400
-3.6977 0.2462 -0.0400
-3.6797 0.2422 -0.0400
-3.6633 0.2368 -0.0400
-3.6486 0.2297 -0.0400
-3.6353 0.2211 -0.0400
-3.6231 0.2111 -0.0400
-3.6126 0.1987 -0.0400
-3.6035 0.1841 -0.0400
-3.5964 0.1661 -0.0400
-3.5875 0.1503 -0.0400
-3.5869 0.1207 -0.0400
-4.9047 -3.7834 -0.0400
-4.8013 -3.7586 -0.0400
-4.7162 -3.7801 -0.0400
-3.9031 -2.5990 -0.0400
-3.8339 -2.5791 -0.0400
-3.7758 -2.6091 -0.0400
-2.8454 -1.3228 -0.0400
-2.8144 -1.2495 -0.0400
-2.7804 -1.2151 -0.0400
-2.7456 -1.1925 -0.0400
-2.7098 -1.1786 -0.0400
-2.6732 -1.1707 -0.0400
-2.6354 -1.1686 -0.0400
-2.5907 -1.1959 -0.0400
-2.5433 -1.2287 -0.0400
-1.6848 -1.8113 -0.0400
-1.6706 -1.7233 -0.0400
-1.6370 -1.6754 -0.0400
1.8476 -0.2920 -0.0400
1.8510 -0.2017 -0.0400
1.9904 -0.1407 -0.0400
2.0129 -0.0527 -0.0400
0.9397 2.4671 -0.0400
0.8853 2.5262 -0.0400
-1.2238 1.7083 -0.0400
-1.2789 1.7223 -0.0400
-1.3884 1.7091 -0.0400
-1.4220 1.7289 -0.0400
-1.4454 1.7532 -0.0400
-1.4630 1.7801 -0.0400
-1.4660 1.8151 -0.0400
-1.4650 1.8529 -0.0400
-1.4313 1.9114 -0.0400
-0.1576 3.3798 -0.0400
-2.0770 5.7222 -0.0400
-2.1597 5.7468 -0.0400
-2.9592 4.8110 -0.0400
-3.0274 4.8104 -0.0400
-3.1671 4.9658 -0.0400
-3.2346 4.8794 -0.0400
-3.3036 4.8711 -0.0400
-4.2274 5.7809 -0.0400
-4.2995 5.7098 -0.0400
-4.4050 5.1763 -0.0400
-4.4543 5.0770 -0.0400
-4.5666 5.1657 -0.0400
-4.3827 3.3383 -0.0400
-4.4171 3.3013 -0.0400
-4.4575 3.2755 -0.0400
-4.5075 3.2657 -0.0400
-4.5552 3.2511 -0.0400
-5.1302 3.4196 -0.0400
-5.1665 3.3748 -0.0400
-8.9326 -0.0675 -0.0400
-8.3877 -0.6625 -0.0400
-7.8303 -0.7729 -0.0400
-7.7533 -0.8383 -0.0400
-7.7620 -0.9357 -0.0400
-6.0528 -0.9865 -0.0400
-6.0260 -1.0429 -0.0400
-6.0382 -1.1267 -0.0400
-7.8867 -2.5289 -0.0400
-7.8631 -2.6404 -0.0400
-3.7620 0.2411 -0.0400
-3.7372 0.2424 -0.0400
-3.7102 0.2468 -0.0400
-3.6894 0.2457 -0.0400
-3.6720 0.2413 -0.0400
-3.6567 0.2351 -0.0400
-3.6424 0.2277 -0.0400
-3.6302 0.2179 -0.0400
-3.6193 0.2064 -0.0400
-3.6095 0.1933 -0.0400
-3.6009 0.1783 -0.0400
-3.5947 0.1592 -0.0400
-3.5917 0.1344 -0.0400
-3.5980 0.0937 -0.0400
-4.9072 -3.7818 -0.0400
-4.8002 -3.7469 -0.0400
-4.7209 -3.7838 -0.0400
-3.9045 -2.5955 -0.0400
-3.8358 -2.5771 -0.0400
-2.8157 -1.2699 -0.0400
-2.7829 -1.2255 -0.0400
-2.7505 -1.1867 -0.0400
-2.7144 -1.1768 -0.0400
-2.6773 -1.1728 -0.0400
-2.6388 -1.1751 -0.0400
-2.5980 -1.1854 -0.0400
-2.5533 -1.2094 -0.0400
-1.6989 -1.8026 -0.0400
-1.6808 -1.7227 -0.0400
-1.6466 -1.6763 -0.0400
-1.6048 -1.6451 -0.0400
-1.5529 -1.6311 -0.0400
-1.4917 -1.6310 -0.0400
1.8561 -0.3125 -0.0400
1.8422 -0.2179 -0.0400
1.9803 -0.1570 -0.0400
2.1807 -0.1038 -0.0400
0.9733 2.4618 -0.0400
0.8979 2.5132 -0.0400
-1.2393 1.6872 -0.0400
-1.2827 1.7061 -0.0400
-1.3651 1.7056 -0.0400
-1.4083 1.7212 -0.0400
-1.4361 1.7435 -0.0400
-1.4546 1.7701 -0.0400
-1.4627 1.8024 -0.0400
-1.4636 1.8391 -0.0400
-1.4437 1.8891 -0.0400
-0.0403 3.3697 -0.0400
-0.1342 3.3802 -0.0400
-0.2168 3.3974 -0.0400
-0.2470 3.4595 -0.0400
-2.0657 5.7229 -0.0400
-2.1504 5.7384 -0.0400
-2.9511 4.8290 -0.0400
-3.0201 4.8054 -0.0400
-3.1584 4.8970 -0.0400
-3.2274 4.8734 -0.0400
-3.2980 4.8921 -0.0400
-4.2269 5.8067 -0.0400
-4.2934 5.7110 -0.0400
-4.3796 5.1112 -0.0400
-4.4503 5.0796 -0.0400
-4.5496 5.1308 -0.0400
-4.3546 3.3899 -0.0400
-4.3805 3.3350 -0.0400
-4.4170 3.3014 -0.0400
-4.4600 3.2798 -0.0400
-4.5100 3.2696 -0.0400
-4.5648 3.2657 -0.0400
-5.1297 3.4177 -0.0400
-5.1682 3.3753 -0.0400
-8.9654 0.0309 -0.0400
-8.4419 -0.5792 -0.0400
-8.3775 -0.6618 -0.0400
-7.7886 -0.8546 -0.0400
-6.0548 -0.9930 -0.0400
-6.0540 -1.0666 -0.0400
-8.0039 -2.4847 -0.0400
-7.9154 -2.5501 -0.0400
-3.7786 0.2386 -0.0400
-3.7473 0.2457 -0.0400
-3.7170 0.2529 -0.0400
-3.6952 0.2527 -0.0400
-3.6775 0.2487 -0.0400
-3.6638 0.2405 -0.0400
-3.6495 0.2333 -0.0400
-3.6369 0.2242 -0.0400
-3.6254 0.2138 -0.0400
-3.6152 0.2016 -0.0400
-3.6080 0.1851 -0.0400
-3.6009 0.1681 -0.0400
-3.5961 0.1470 -0.0400
-3.5953 0.1188 -0.0400
-4.9919 -3.7497 -0.0400
-4.9000 -3.7568 -0.0400
-4.8009 -3.7416 -0.0400
-4.7317 -3.8065 -0.0400
-3.9028 -2.5813 -0.0400
-3.8412 -2.5934 -0.0400
-2.8542 -1.3024 -0.0400
-2.8221 -1.2426 -0.0400
-2.7882 -1.2109 -0.0400
-2.7535 -1.1901 -0.0400
-2.7180 -1.1773 -0.0400
-2.6816 -1.1705 -0.0400
-2.6410 -1.1841 -0.0400
-2.5987 -1.2018 -0.0400
-2.5495 -1.2436 -0.0400
-1.7007 -1.8171 -0.0400
-1.6878 -1.7271 -0.0400
-1.6589 -1.6713 -0.0400
-1.6123 -1.6491 -0.0400
-1.5593 -1.6373 -0.0400
-1.4956 -1.6417 -0.0400
1.8504 -0.3292 -0.0400
1.9711 -0.2660 -0.0400
1.9712 -0.1733 -0.0400
2.0408 -0.0949 -0.0400
0.9462 2.4332 -0.0400
0.8971 2.4946 -0.0400
-1.1913 1.6929 -0.0400
-1.2618 1.7007 -0.0400
-1.2983 1.7220 -0.0400
-1.4095 1.7061 -0.0400
-1.4328 1.7305 -0.0400
-1.4499 1.7579 -0.0400
-1.4599 1.7891 -0.0400
-1.4640 1.8240 -0.0400
-0.1485 3.3485 -0.0400
-0.2061 3.3869 -0.0400
-0.1413 3.5346 -0.0400
-2.0560 5.7133 -0.0400
-2.8708 4.8906 -0.0400
-2.9437 4.8046 -0.0400
-3.0118 4.8232 -0.0400
-3.1511 4.9187 -0.0400
-3.2200 4.8773 -0.0400
-4.2070 5.7526 -0.0400
-4.2905 5.7270 -0.0400
-4.3812 5.1346 -0.0400
-4.4560 5.1135 -0.0400
-4.3546 3.3925 -0.0400
-4.3801 3.3361 -0.0400
-4.4172 3.3031 -0.0400
-4.4668 3.2926 -0.0400
-4.5125 3.2743 -0.0400
-4.5732 3.2795 -0.0400
-5.1257 3.4123 -0.0400
-5.1791 3.3875 -0.0400
-8.9624 0.0296 -0.0400
-7.7843 -0.7629 -0.0400
-7.7762 -0.8531 -0.0400
-6.1084 -0.9587 -0.0400
-6.0576 -1.0002 -0.0400
-7.9640 -2.4582 -0.0400
-7.8936 -2.5355 -0.0400
-3.7515 0.2540 -0.0400
-3.7286 0.2535 -0.0400
-3.7033 0.2563 -0.0400
-3.6841 0.2537 -0.0400
-3.6701 0.2460 -0.0400
-3.6555 0.2392 -0.0400
-3.6430 0.2302 -0.0400
-3.6320 0.2194 -0.0400
-3.6212 0.2083 -0.0400
-3.6122 0.1946 -0.0400
-3.6047 0.1788 -0.0400
-3.5992 0.1595 -0.0400
-3.5964 0.1357 -0.0400
-4.9907 -3.7423 -0.0400
-4.8960 -3.7414 -0.0400
-4.8013 -3.7371 -0.0400
-4.4505 -4.4540 -0.0400
-3.9003 -2.5663 -0.0400
-3.8456 -2.6077 -0.0400
-2.8268 -1.2240 -0.0400
-2.7924 -1.1996 -0.0400
-2.7572 -1.1847 -0.0400
-2.7213 -1.1758 -0.0400
-2.6845 -1.1728 -0.0400
-2.6461 -1.1764 -0.0400
-2.6054 -1.1887 -0.0400
-2.5602 -1.2161 -0.0400
-1.7057 -1.7094 -0.0400
-1.6660 -1.6747 -0.0400
-1.6200 -1.6518 -0.0400
-1.5673 -1.6399 -0.0400
1.8294 -0.3418 -0.0400
1.9609 -0.2817 -0.0400
1.9643 -0.1899 -0.0400
2.0327 -0.1115 -0.0400
0.9877 2.4307 -0.0400
0.9107 2.4817 -0.0400
-1.2150 1.6681 -0.0400
-1.2653 1.6844 -0.0400
-1.3363 1.6896 -0.0400
-1.3917 1.6999 -0.0400
-1.4215 1.7215 -0.0400
-1.4425 1.7469 -0.0400
-1.4488 1.7803 -0.0400
-1.4472 1.8186 -0.0400
-0.0980 3.3707 -0.0400
-0.1948 3.3765 -0.0400
-0.2218 3.4417 -0.0400
-2.9348 4.8087 -0.0400
-3.0034 4.8141 -0.0400
-3.1422 4.8861 -0.0400
-3.2119 4.8764 -0.0400
-3.2836 4.9104 -0.0400
-4.1953 5.7359 -0.0400
-4.3676 5.1107 -0.0400
-4.4440 5.0955 -0.0400
-4.3598 3.4062 -0.0400
-4.3743 3.3283 -0.0400
-4.4186 3.3083 -0.0400
-4.4666 3.2944 -0.0400
-4.5128 3.2766 -0.0400
-4.5768 3.2868 -0.0400
-5.1154 3.4920 -0.0400
-5.1283 3.4159 -0.0400
-8.9476 0.0301 -0.0400
-8.3999 -0.5725 -0.0400
-7.7919 -0.7688 -0.0400
-6.0779 -0.9458 -0.0400
-6.0639 -1.0099 -0.0400
-7.9538 -2.4525 -0.0400
-7.9604 -2.5842 -0.0400
-3.7627 0.2552 -0.0400
-3.7367 0.2572 -0.0400
-3.7090 0.2619 -0.0400
-3.6929 0.2559 -0.0400
-3.6751 0.2521 -0.0400
-3.6618 0.2439 -0.0400
-3.6487 0.2357 -0.0400
-3.6374 0.2254 -0.0400
-3.6269 0.2142 -0.0400
-3.6183 0.2004 -0.0400
-3.6116 0.1840 -0.0400
-3.6077 0.1633 -0.0400
-3.6004 0.1463 -0.0400
-3.6031 0.1143 -0.0400
-4.9890 -3.7348 -0.0400
-4.8891 -3.7203 -0.0400
-4.8021 -3.7351 -0.0400
-3.9632 -2.5593 -0.0400
-3.8987 -2.5575 -0.0400
-3.8409 -2.5832 -0.0400
-2.8610 -1.2769 -0.0400
-2.8279 -1.2321 -0.0400
-2.7939 -1.2042 -0.0400
-2.7592 -1.1867 -0.0400
-2.7237 -1.1766 -0.0400
-2.6862 -1.1778 -0.0400
-2.6469 -1.1865 -0.0400
-2.6045 -1.2066 -0.0400
-2.5538 -1.2568 -0.0400
-1.7377 -1.7760 -0.0400
-1.7098 -1.7167 -0.0400
-1.6719 -1.6789 -0.0400
-1.6276 -1.6533 -0.0400
-1.5586 -1.6695 -0.0400
1.8079 -0.3540 -0.0400
1.8314 -0.2690 -0.0400
1.9620 -0.2072 -0.0400
2.0751 -0.1378 -0.0400
0.8925 2.5369 -0.0400
-1.2333 1.6837 -0.0400
-1.2786 1.7014 -0.0400
-1.3906 1.6856 -0.0400
-1.4182 1.7082 -0.0400
-1.4365 1.7351 -0.0400
-1.4483 1.7654 -0.0400
-1.4528 1.8001 -0.0400
-1.4445 1.8429 -0.0400
-0.0875 3.3591 -0.0400
-0.1830 3.3663 -0.0400
-0.2028 3.4381 -0.0400
-2.9254 4.8108 -0.0400
-3.1334 4.8924 -0.0400
-3.2032 4.8759 -0.0400
-4.1896 5.7473 -0.0400
-4.2812 5.7532 -0.0400
-4.2917 5.1510 -0.0400
-4.3609 5.1111 -0.0400
-4.4539 5.1465 -0.0400
-4.3401 3.3727 -0.0400
-4.3740 3.3319 -0.0400
-4.4167 3.3085 -0.0400
-4.4660 3.2966 -0.0400
-4.5310 3.3097 -0.0400
-5.0985 3.4720 -0.0400
-5.1269 3.4154 -0.0400
-8.9619 0.1314 -0.0400
-8.4412 -0.4856 -0.0400
-8.4113 -0.5781 -0.0400
-7.8371 -0.6949 -0.0400
-7.7823 -0.7688 -0.0400
-6.1251 -0.9079 -0.0400
-6.0755 -0.9502 -0.0400
-6.0672 -1.0178 -0.0400
-7.9805 -2.4722 -0.0400
-3.8040 0.2297 -0.0400
-3.7371 0.2673 -0.0400
-3.7172 0.2643 -0.0400
-3.6950 0.2641 -0.0400
-3.6806 0.2569 -0.0400
-3.6673 0.2488 -0.0400
-3.6538 0.2410 -0.0400
-3.6423 0.2312 -0.0400
-3.6326 0.2193 -0.0400
-3.6227 0.2074 -0.0400
-3.6157 0.1918 -0.0400
-3.6121 0.1714 -0.0400
-3.6053 0.1544 -0.0400
-3.6092 0.1219 -0.0400
-5.0928 -3.7520 -0.0400
-4.9887 -3.7321 -0.0400
-4.8811 -3.6976 -0.0400
-4.8090 -3.7506 -0.0400
-3.9628 -2.5581 -0.0400
-3.9002 -2.5639 -0.0400
-2.8656 -1.2423 -0.0400
-2.8314 -1.2129 -0.0400
-2.7968 -1.1935 -0.0400
-2.7617 -1.1815 -0.0400
-2.7259 -1.1749 -0.0400
-2.6891 -1.1738 -0.0400
-2.6508 -1.1792 -0.0400
-2.6009 -1.2345 -0.0400
-1.7312 -1.8031 -0.0400
-1.7218 -1.7078 -0.0400
-1.6792 -1.6795 -0.0400
-1.6300 -1.6630 -0.0400
-1.5715 -1.6616 -0.0400
0.3016 -2.9252 -0.0400
0.3697 -2.8679 -0.0400
0.4741 -2.8486 -0.0400
1.8108 -0.3721 -0.0400
1.8552 -0.2920 -0.0400
1.9491 -0.2220 -0.0400
2.1718 -0.1750 -0.0400
-1.3649 1.6831 -0.0400
-1.4030 1.7009 -0.0400
-1.4281 1.7244 -0.0400
-1.4391 1.7553 -0.0400
-1.4404 1.7919 -0.0400
-1.4211 1.8414 -0.0400
-0.1211 3.3106 -0.0400
-0.1725 3.3546 -0.0400
-0.1920 3.4267 -0.0400
-2.9157 4.8098 -0.0400
-3.1241 4.8960 -0.0400
-3.1945 4.8928 -0.0400
-4.1053 5.8145 -0.0400
-4.1801 5.7448 -0.0400
-4.2967 5.1950 -0.0400
-4.3546 5.1149 -0.0400
-4.4339 5.1073 -0.0400
-4.3310 3.3607 -0.0400
-4.3716 3.3330 -0.0400
-4.4206 3.3205 -0.0400
-4.4659 3.3009 -0.0400
-4.5230 3.3005 -0.0400
-5.0959 3.4711 -0.0400
-5.1396 3.4332 -0.0400
-8.9657 0.1294 -0.0400
-8.3985 -0.5770 -0.0400
-7.8078 -0.6886 -0.0400
-7.8346 -0.7904 -0.0400
-6.1264 -0.9146 -0.0400
-6.0729 -0.9547 -0.0400
-8.0126 -2.3707 -0.0400
-7.9807 -2.4741 -0.0400
-3.7403 0.2742 -0.0400
-3.7203 0.2711 -0.0400
-3.7031 0.2660 -0.0400
-3.6876 0.2597 -0.0400
-3.6710 0.2548 -0.0400
-3.6587 0.2458 -0.0400
-3.6473 0.2360 -0.0400
-3.6372 0.2247 -0.0400
-3.6275 0.2129 -0.0400
-3.6211 0.1971 -0.0400
-3.6132 0.1825 -0.0400
-3.6126 0.1583 -0.0400
-3.6082 0.1379 -0.0400
-5.0737 -3.7076 -0.0400
-4.9711 -3.6889 -0.0400
-4.8795 -3.6925 -0.0400
-4.8103 -3.7523 -0.0400
-3.9593 -2.5475 -0.0400
-3.9004 -2.5665 -0.0400
-2.8990 -1.2996 -0.0400
-2.8660 -1.2452 -0.0400
-2.8320 -1.2150 -0.0400
-2.7977 -1.1947 -0.0400
-2.7632 -1.1792 -0.0400
-2.7269 -1.1770 -0.0400
-2.6893 -1.1809 -0.0400
-2.6499 -1.1922 -0.0400
-2.6068 -1.2170 -0.0400
-1.7557 -1.7670 -0.0400
-1.7246 -1.7152 -0.0400
-1.6851 -1.6814 -0.0400
-1.6385 -1.6608 -0.0400
-1.5560 -1.7010 -0.0400
0.2041 -2.9656 -0.0400
0.3001 -2.9411 -0.0400
0.3638 -2.8790 -0.0400
0.4698 -2.8617 -0.0400
1.8378 -0.3050 -0.0400
1.9515 -0.2397 -0.0400
2.0588 -0.1697 -0.0400
-1.4384 1.7404 -0.0400
-1.4458 1.7733 -0.0400
-1.4443 1.8120 -0.0400
0.0041 3.3044 -0.0400
-0.1013 3.3062 -0.0400
-0.1622 3.3425 -0.0400
-0.1894 3.4077 -0.0400
-2.9051 4.8146 -0.0400
-3.1139 4.8782 -0.0400
-3.1847 4.8923 -0.0400
-4.0998 5.8350 -0.0400
-4.1707 5.7453 -0.0400
-4.2752 5.1483 -0.0400
-4.3481 5.1199 -0.0400
-4.4486 5.1777 -0.0400
-4.3089 3.4357 -0.0400
-4.3316 3.3693 -0.0400
-4.3695 3.3356 -0.0400
-4.4159 3.3181 -0.0400
-4.4714 3.3161 -0.0400
-5.0531 3.5142 -0.0400
-5.0809 3.4551 -0.0400
-5.1384 3.4348 -0.0400
-8.9658 0.1280 -0.0400
-8.4176 -0.4845 -0.0400
-7.8094 -0.6924 -0.0400
-7.8015 -0.7822 -0.0400
-6.1651 -0.8713 -0.0400
-6.1015 -0.9063 -0.0400
-6.0869 -0.9693 -0.0400
-8.0222 -2.3789 -0.0400
-7.9708 -2.4692 -0.0400
-3.7460 0.2785 -0.0400
-3.7250 0.2759 -0.0400
-3.7073 0.2711 -0.0400
-3.6916 0.2648 -0.0400
-3.6748 0.2600 -0.0400
-3.6629 0.2508 -0.0400
-3.6516 0.2410 -0.0400
-3.6411 0.2304 -0.0400
-3.6333 0.2166 -0.0400
-3.6247 0.2036 -0.0400
-3.6218 0.1835 -0.0400
-3.6162 0.1660 -0.0400
-3.6121 0.1460 -0.0400
-5.0729 -3.7063 -0.0400
-4.9689 -3.6840 -0.0400
-4.8801 -3.6942 -0.0400
-4.8229 -3.7851 -0.0400
-4.0343 -2.5904 -0.0400
-3.9557 -2.5382 -0.0400
-3.9048 -2.5884 -0.0400
-2.8995 -1.2937 -0.0400
-2.8662 -1.2434 -0.0400
-2.8340 -1.1986 -0.0400
-2.7992 -1.1860 -0.0400
-2.7639 -1.1781 -0.0400
-2.7279 -1.1753 -0.0400
-2.6908 -1.1777 -0.0400
-2.6467 -1.2140 -0.0400
-2.5982 -1.2628 -0.0400
-1.7706 -1.7487 -0.0400
-1.7337 -1.7093 -0.0400
-1.6900 -1.6839 -0.0400
-1.6389 -1.6718 -0.0400
-1.5760 -1.6787 -0.0400
0.1962 -2.9732 -0.0400
0.2931 -2.9501 -0.0400
0.3560 -2.8873 -0.0400
0.4683 -2.8770 -0.0400
-0.0601 3.3193 -0.0400
-0.1439 3.3370 -0.0400
-3.1034 4.8781 -0.0400
-3.1745 4.8977 -0.0400
-4.0768 5.7740 -0.0400
-4.1665 5.7714 -0.0400
-4.2728 5.1712 -0.0400
-4.3397 5.1204 -0.0400
-4.2901 3.4063 -0.0400
-4.3242 3.3633 -0.0400
-4.3673 3.3394 -0.0400
-4.4175 3.3283 -0.0400
-4.4644 3.3106 -0.0400
-4.5346 3.3314 -0.0400
-5.0805 3.4589 -0.0400
-5.1330 3.4319 -0.0400
-8.4182 -0.4869 -0.0400
-7.8419 -0.6142 -0.0400
-7.8145 -0.6973 -0.0400
-6.1008 -0.9121 -0.0400
-8.1015 -2.3082 -0.0400
-8.0156 -2.3765 -0.0400
-8.0133 -2.4999 -0.0400
-3.7891 0.2730 -0.0400
-3.7546 0.2800 -0.0400
-3.7314 0.2790 -0.0400
-3.7126 0.2748 -0.0400
-3.6965 0.2689 -0.0400
-3.6789 0.2646 -0.0400
-3.6670 0.2554 -0.0400
-3.6558 0.2455 -0.0400
-3.6454 0.2348 -0.0400
-3.6381 0.2208 -0.0400
-3.6301 0.2074 -0.0400
-3.6228 0.1928 -0.0400
-3.6169 0.1763 -0.0400
-3.6219 0.1457 -0.0400
-3.6247 0.1165 -0.0400
-5.1629 -3.6946 -0.0400
-5.0694 -3.6998 -0.0400
-4.9623 -3.6697 -0.0400
-4.8803 -3.6957 -0.0400
-4.8278 -3.7985 -0.0400
-4.0200 -2.5461 -0.0400
-3.9537 -2.5368 -0.0400
-3.9045 -2.5930 -0.0400
-2.9001 -1.2771 -0.0400
-2.8684 -1.2138 -0.0400
-2.8339 -1.1962 -0.0400
-2.7992 -1.1846 -0.0400
-2.7640 -1.1770 -0.0400
-2.7270 -1.1821 -0.0400
-2.6889 -1.1907 -0.0400
-2.6483 -1.2089 -0.0400
-2.6023 -1.2483 -0.0400
-1.7688 -1.7629 -0.0400
-1.7360 -1.7153 -0.0400
-1.6952 -1.6846 -0.0400
-1.6352 -1.6888 -0.0400
-1.5513 -1.7318 -0.0400
0.1907 -2.9828 -0.0400
0.2722 -2.9424 -0.0400
0.3900 -2.9408 -0.0400
0.4580 -2.8823 -0.0400
0.9720 2.3513 -0.0400
0.9294 2.4154 -0.0400
0.0179 3.2735 -0.0400
-0.0853 3.2774 -0.0400
-0.1393 3.3196 -0.0400
-0.1494 3.4001 -0.0400
-4.0687 5.7868 -0.0400
-4.1530 5.7588 -0.0400
-4.1961 5.2250 -0.0400
-4.2564 5.1459 -0.0400
-4.3351 5.1360 -0.0400
-4.2958 3.4290 -0.0400
-4.3236 3.3722 -0.0400
-4.3680 3.3500 -0.0400
-4.4150 3.3325 -0.0400
-4.4713 3.3306 -0.0400
-5.0357 3.5012 -0.0400
-5.0809 3.4646 -0.0400
-8.9672 0.2304 -0.0400
-8.4605 -0.4994 -0.0400
-7.8480 -0.6191 -0.0400
-7.8070 -0.6981 -0.0400
-6.1316 -0.8650 -0.0400
-6.1011 -0.9185 -0.0400
-8.0135 -2.3773 -0.0400
-3.7673 0.2784 -0.0400
-3.7400 0.2800 -0.0400
-3.7195 0.2770 -0.0400
-3.6968 0.2764 -0.0400
-3.6833 0.2684 -0.0400
-3.6710 0.2595 -0.0400
-3.6598 0.2498 -0.0400
-3.6494 0.2392 -0.0400
-3.6421 0.2254 -0.0400
-3.6343 0.2120 -0.0400
-3.6274 0.1972 -0.0400
-3.6220 0.1805 -0.0400
-3.6286 0.1489 -0.0400
-3.6348 0.1163 -0.0400
-5.1696 -3.7112 -0.0400
-5.0564 -3.6728 -0.0400
-4.9585 -3.6631 -0.0400
-4.8953 -3.7352 -0.0400
-4.0114 -2.5235 -0.0400
-3.9531 -2.5423 -0.0400
-2.9342 -1.3139 -0.0400
-2.9005 -1.2559 -0.0400
-2.8680 -1.2066 -0.0400
-2.8334 -1.1924 -0.0400
-2.7987 -1.1823 -0.0400
-2.7632 -1.1791 -0.0400
-2.7266 -1.1822 -0.0400
-2.6887 -1.1909 -0.0400
-2.6484 -1.2086 -0.0400
-1.8094 -1.8053 -0.0400
-1.7812 -1.7467 -0.0400
-1.7432 -1.7105 -0.0400
-1.6986 -1.6876 -0.0400
-1.6465 -1.6781 -0.0400
-1.5808 -1.6908 -0.0400
0.1257 -3.0574 -0.0400
0.1853 -2.9916 -0.0400
0.2708 -2.9561 -0.0400
0.3684 -2.9324 -0.0400
0.4444 -2.8832 -0.0400
1.0056 2.3455 -0.0400
0.9395 2.4010 -0.0400
0.9512 2.4869 -0.0400
-1.2058 1.6358 -0.0400
-1.2527 1.6532 -0.0400
-0.0372 3.2956 -0.0400
-0.1201 3.3145 -0.0400
-4.0584 5.7923 -0.0400
-4.1417 5.7584 -0.0400
-4.2480 5.1516 -0.0400
-4.3239 5.1313 -0.0400
-4.2798 3.4079 -0.0400
-4.3156 3.3676 -0.0400
-4.3612 3.3475 -0.0400
-4.4107 3.3344 -0.0400
-4.4600 3.3200 -0.0400
-5.0422 3.5166 -0.0400
-5.0759 3.4643 -0.0400
-8.9763 0.2287 -0.0400
-8.4372 -0.3960 -0.0400
-8.4846 -0.5073 -0.0400
-7.8302 -0.6167 -0.0400
-6.1253 -0.8677 -0.0400
-6.1382 -0.9460 -0.0400
-8.0691 -2.2921 -0.0400
-8.0551 -2.4063 -0.0400
-3.7616 0.2910 -0.0400
-3.7377 0.2897 -0.0400
-3.7187 0.2853 -0.0400
-3.7025 0.2791 -0.0400
-3.6883 0.2716 -0.0400
-3.6754 0.2631 -0.0400
-3.6639 0.2536 -0.0400
-3.6539 0.2427 -0.0400
-3.6454 0.2303 -0.0400
-3.6376 0.2170 -0.0400
-3.6307 0.2026 -0.0400
-3.6255 0.1861 -0.0400
-3.6322 0.1553 -0.0400
-3.6375 0.1248 -0.0400
-5.1574 -3.6882 -0.0400
-5.0468 -3.6546 -0.0400
-4.9591 -3.6680 -0.0400
-4.8927 -3.7317 -0.0400
-4.0090 -2.5243 -0.0400
-3.9514 -2.5456 -0.0400
-2.9348 -1.2675 -0.0400
-2.9003 -1.2346 -0.0400
-2.8660 -1.2115 -0.0400
-2.8325 -1.1874 -0.0400
-2.7977 -1.1799 -0.0400
-2.7619 -1.1802 -0.0400
-2.7253 -1.1843 -0.0400
-2.6873 -1.1944 -0.0400
-2.6373 -1.2630 -0.0400
-1.8007 -1.8316 -0.0400
-1.7802 -1.7565 -0.0400
-1.7476 -1.7098 -0.0400
-1.6989 -1.6950 -0.0400
-1.6408 -1.6965 -0.0400
0.1727 -2.9911 -0.0400
0.2651 -2.9640 -0.0400
0.3681 -2.9465 -0.0400
0.9842 2.3194 -0.0400
0.9413 2.3834 -0.0400
0.9300 2.4597 -0.0400
-1.2243 1.6511 -0.0400
-1.3314 1.6391 -0.0400
-1.3742 1.6549 -0.0400
-1.4015 1.6775 -0.0400
-0.1179 3.2949 -0.0400
-0.1319 3.3718 -0.0400
-3.9724 5.8801 -0.0400
-4.0451 5.7853 -0.0400
-4.2389 5.1565 -0.0400
-4.3333 5.1981 -0.0400
-4.2809 3.4238 -0.0400
-4.3109 3.3707 -0.0400
-4.3612 3.3594 -0.0400
-4.4079 3.3404 -0.0400
-4.4684 3.3453 -0.0400
-5.0275 3.5042 -0.0400
-5.0809 3.4778 -0.0400
-9.0023 0.3309 -0.0400
-8.9681 0.2290 -0.0400
-8.5035 -0.3125 -0.0400
-8.4345 -0.3971 -0.0400
-7.8634 -0.5379 -0.0400
-7.8299 -0.6195 -0.0400
-6.1692 -0.8273 -0.0400
-6.1213 -0.8716 -0.0400
-6.1223 -0.9431 -0.0400
-8.0768 -2.2990 -0.0400
-8.0804 -2.4246 -0.0400
-3.7788 0.2863 -0.0400
-3.7485 0.2891 -0.0400
-3.7269 0.2862 -0.0400
-3.7093 0.2809 -0.0400
-3.6899 0.2774 -0.0400
-3.6778 0.2682 -0.0400
-3.6669 0.2583 -0.0400
-3.6570 0.2473 -0.0400
-3.6482 0.2353 -0.0400
-3.6403 0.2224 -0.0400
-3.6332 0.2084 -0.0400
-3.6349 0.1848 -0.0400
-3.6334 0.1638 -0.0400
-3.6362 0.1371 -0.0400
-5.1451 -3.6661 -0.0400
-5.0441 -3.6528 -0.0400
-4.9620 -3.6788 -0.0400
-4.9032 -3.7615 -0.0400
-4.0684 -2.5203 -0.0400
-4.0057 -2.5236 -0.0400
-3.9523 -2.5594 -0.0400
-2.9327 -1.2628 -0.0400
-2.8995 -1.2138 -0.0400
-2.8650 -1.1987 -0.0400
-2.8310 -1.1831 -0.0400
-2.7961 -1.1784 -0.0400
-2.7608 -1.1765 -0.0400
-2.7230 -1.1901 -0.0400
-2.6845 -1.2034 -0.0400
-2.6278 -1.3071 -0.0400
-1.8234 -1.7895 -0.0400
-1.7907 -1.7416 -0.0400
-1.7508 -1.7100 -0.0400
-1.7047 -1.6910 -0.0400
-1.6510 -1.6853 -0.0400
0.1021 -3.0563 -0.0400
0.1831 -3.0170 -0.0400
0.2593 -2.9709 -0.0400
0.3647 -2.9566 -0.0400
0.4454 -2.9126 -0.0400
1.0069 2.3098 -0.0400
0.9497 2.3685 -0.0400
0.9650 2.4557 -0.0400
-1.1677 1.6226 -0.0400
-1.2298 1.6337 -0.0400
-1.2654 1.6553 -0.0400
-1.3504 1.6517 -0.0400
-1.3869 1.6699 -0.0400
-1.4133 1.6927 -0.0400
-1.4223 1.7247 -0.0400
-1.4227 1.7619 -0.0400
-4.0960 5.2680 -0.0400
-4.1556 5.1779 -0.0400
-4.2486 5.2183 -0.0400
-4.1953 3.4916 -0.0400
-4.2235 3.4300 -0.0400
-4.2640 3.3981 -0.0400
-4.3120 3.3821 -0.0400
-4.3606 3.3669 -0.0400
-4.9801 3.5444 -0.0400
-8.9969 0.4361 -0.0400
-8.4670 -0.3059 -0.0400
-7.8775 -0.4526 -0.0400
-7.8587 -0.5384 -0.0400
-6.1772 -0.7660 -0.0400
-6.1707 -0.8320 -0.0400
-8.1206 -2.2058 -0.0400
-8.1218 -2.3282 -0.0400
-3.7829 0.3145 -0.0400
-3.7568 0.3134 -0.0400
-3.7371 0.3086 -0.0400
-3.7207 0.3021 -0.0400
-3.7064 0.2942 -0.0400
-3.6936 0.2854 -0.0400
-3.6824 0.2755 -0.0400
-3.6719 0.2651 -0.0400
-3.6648 0.2517 -0.0400
-3.6579 0.2380 -0.0400
-3.6520 0.2230 -0.0400
-3.6481 0.2059 -0.0400
-3.6462 0.1862 -0.0400
-3.6473 0.1626 -0.0400
-3.6602 0.1252 -0.0400
-5.3281 -3.6459 -0.0400
-5.2019 -3.5882 -0.0400
-5.1131 -3.6012 -0.0400
-5.0388 -3.6442 -0.0400
-4.1193 -2.4868 -0.0400
-4.0610 -2.5041 -0.0400
-2.9679 -1.2455 -0.0400
-2.9337 -1.2071 -0.0400
-2.8990 -1.1950 -0.0400
-2.8648 -1.1820 -0.0400
-2.8297 -1.1805 -0.0400
-2.7941 -1.1826 -0.0400
-2.7555 -1.2045 -0.0400
-2.7164 -1.2239 -0.0400
-2.6732 -1.2615 -0.0400
-1.8684 -1.8157 -0.0400
-1.8428 -1.7514 -0.0400
-1.7979 -1.7304 -0.0400
-1.7470 -1.7214 -0.0400
-1.6852 -1.7317 -0.0400
0.0924 -3.0528 -0.0400
0.2077 -3.0548 -0.0400
0.2892 -3.0140 -0.0400
1.0091 2.2189 -0.0400
0.9774 2.2870 -0.0400
0.9746 2.3662 -0.0400
-1.1921 1.6023 -0.0400
-1.2786 1.6020 -0.0400
-1.3412 1.6098 -0.0400
-1.3727 1.6307 -0.0400
-1.3942 1.6562 -0.0400
-1.4092 1.6847 -0.0400
-1.4160 1.7179 -0.0400
-4.2181 5.1637 -0.0400
-4.3174 5.2213 -0.0400
-4.2421 3.4940 -0.0400
-4.2629 3.4172 -0.0400
-4.3009 3.3799 -0.0400
-4.3518 3.3688 -0.0400
-4.4004 3.3523 -0.0400
-4.4706 3.3738 -0.0400
-5.0000 3.5858 -0.0400
-5.0190 3.5110 -0.0400
-5.0790 3.4925 -0.0400
-8.9693 0.3337 -0.0400
-8.4686 -0.3078 -0.0400
-7.8474 -0.5383 -0.0400
-7.8545 -0.6318 -0.0400
-6.1998 -0.7849 -0.0400
-6.1452 -0.8265 -0.0400
-6.1333 -0.8901 -0.0400
-8.1164 -2.2059 -0.0400
-8.1169 -2.3277 -0.0400
-3.7923 0.2934 -0.0400
-3.7580 0.2975 -0.0400
-3.7351 0.2947 -0.0400
-3.7170 0.2892 -0.0400
-3.6967 0.2858 -0.0400
-3.6846 0.2765 -0.0400
-3.6737 0.2664 -0.0400
-3.6639 0.2554 -0.0400
-3.6554 0.2432 -0.0400
-3.6478 0.2303 -0.0400
-3.6411 0.2162 -0.0400
-3.6361 0.2003 -0.0400
-3.6429 0.1718 -0.0400
-3.6470 0.1450 -0.0400
-5.2286 -3.6493 -0.0400
-5.1434 -3.6723 -0.0400
-5.0335 -3.6396 -0.0400
-4.9730 -3.7148 -0.0400
-4.0565 -2.5061 -0.0400
-4.0007 -2.5313 -0.0400
-2.9623 -1.2774 -0.0400
-2.9283 -1.2263 -0.0400
-2.8945 -1.1992 -0.0400
-2.8601 -1.1894 -0.0400
-2.8259 -1.1795 -0.0400
-2.7908 -1.1796 -0.0400
-2.7553 -1.1817 -0.0400
-2.7166 -1.2028 -0.0400
-2.6709 -1.2590 -0.0400
-1.8675 -1.8226 -0.0400
-1.8369 -1.7691 -0.0400
-1.7987 -1.7343 -0.0400
-1.7555 -1.7105 -0.0400
-1.7062 -1.6983 -0.0400
0.0860 -3.0606 -0.0400
0.1831 -3.0414 -0.0400
0.2482 -2.9827 -0.0400
0.3482 -2.9631 -0.0400
1.0721 2.2174 -0.0400
0.9959 2.2703 -0.0400
0.9581 2.3360 -0.0400
0.9462 2.4118 -0.0400
-1.1503 1.6009 -0.0400
-1.2145 1.6112 -0.0400
-1.2514 1.6323 -0.0400
-1.3274 1.6333 -0.0400
-1.3697 1.6489 -0.0400
-1.4013 1.6689 -0.0400
-1.4140 1.6987 -0.0400
-1.4193 1.7329 -0.0400
-1.4133 1.7745 -0.0400
-1.7355 5.6453 -0.0400
-4.2001 3.5406 -0.0400
-4.2071 3.4290 -0.0400
-4.2519 3.4055 -0.0400
-4.3040 3.3971 -0.0400
-4.3510 3.3775 -0.0400
-4.9258 3.5908 -0.0400
-4.9734 3.5557 -0.0400
-8.9959 0.4370 -0.0400
-8.4709 -0.2099 -0.0400
-7.9331 -0.3801 -0.0400
-7.8797 -0.4576 -0.0400
-6.2205 -0.7296 -0.0400
-6.1724 -0.7750 -0.0400
-8.1659 -2.1162 -0.0400
-8.1576 -2.2314 -0.0400
-3.7641 0.3232 -0.0400
-3.7441 0.3180 -0.0400
-3.7275 0.3109 -0.0400
-3.7132 0.3027 -0.0400
-3.7004 0.2937 -0.0400
-3.6892 0.2836 -0.0400
-3.6788 0.2730 -0.0400
-3.6715 0.2600 -0.0400
-3.6647 0.2464 -0.0400
-3.6591 0.2315 -0.0400
-3.6554 0.2147 -0.0400
-3.6538 0.1954 -0.0400
-3.6551 0.1727 -0.0400
-3.6651 0.1403 -0.0400
-5.2996 -3.6009 -0.0400
-5.1874 -3.5698 -0.0400
-5.1153 -3.6168 -0.0400
-4.1744 -2.4841 -0.0400
-4.1111 -2.4868 -0.0400
-2.9964 -1.2529 -0.0400
-2.9616 -1.2166 -0.0400
-2.9273 -1.1950 -0.0400
-2.8931 -1.1831 -0.0400
-2.8586 -1.1789 -0.0400
-2.8233 -1.1835 -0.0400
-2.7877 -1.1880 -0.0400
-2.7490 -1.2132 -0.0400
-2.7026 -1.2815 -0.0400
-1.9174 -1.8348 -0.0400
-1.8848 -1.7849 -0.0400
-1.8458 -1.7516 -0.0400
-1.7979 -1.7377 -0.0400
-1.7419 -1.7395 -0.0400
-1.6602 -1.7880 -0.0400
0.0157 -3.1189 -0.0400
0.1020 -3.0878 -0.0400
0.2191 -3.0921 -0.0400
0.2802 -3.0273 -0.0400
1.0931 2.1330 -0.0400
1.0226 2.1888 -0.0400
0.9861 2.2551 -0.0400
1.0292 2.3516 -0.0400
-1.1859 1.5762 -0.0400
-1.2282 1.5955 -0.0400
-1.3268 1.5875 -0.0400
-1.3594 1.6079 -0.0400
-1.3823 1.6326 -0.0400
-1.3982 1.6606 -0.0400
-1.4081 1.6919 -0.0400
-1.3792 1.7459 -0.0400
0.1048 3.1562 -0.0400
0.0043 3.1646 -0.0400
-1.7207 5.6356 -0.0400
-4.1616 3.4721 -0.0400
-4.2002 3.4333 -0.0400
-4.2449 3.4092 -0.0400
-4.2961 3.3985 -0.0400
-4.3550 3.4018 -0.0400
-4.9285 3.6073 -0.0400
-4.9655 3.5563 -0.0400
-5.0385 3.5557 -0.0400
-8.9891 0.5432 -0.0400
-8.5431 -0.1239 -0.0400
-8.4764 -0.2114 -0.0400
-7.8905 -0.3715 -0.0400
-7.8761 -0.4584 -0.0400
-6.2087 -0.7293 -0.0400
-6.1981 -0.7932 -0.0400
-8.1631 -2.1163 -0.0400
-3.8058 0.3240 -0.0400
-3.7734 0.3249 -0.0400
-3.7516 0.3203 -0.0400
-3.7340 0.3136 -0.0400
-3.7187 0.3057 -0.0400
-3.7022 0.2992 -0.0400
-3.6916 0.2886 -0.0400
-3.6822 0.2772 -0.0400
-3.6740 0.2649 -0.0400
-3.6667 0.2518 -0.0400
-3.6604 0.2377 -0.0400
-3.6557 0.2220 -0.0400
-3.6625 0.1955 -0.0400
-3.6662 0.1708 -0.0400
-5.2744 -3.5584 -0.0400
-5.1852 -3.5717 -0.0400
-5.1183 -3.6294 -0.0400
-4.1650 -2.4707 -0.0400
-4.1088 -2.4934 -0.0400
-3.0283 -1.3167 -0.0400
-2.9924 -1.2270 -0.0400
-2.9577 -1.2029 -0.0400
-2.9235 -1.1886 -0.0400
-2.8893 -1.1805 -0.0400
-2.8547 -1.1786 -0.0400
-2.8195 -1.1840 -0.0400
-2.7827 -1.2000 -0.0400
-2.7428 -1.2338 -0.0400
-1.9445 -1.9022 -0.0400
-1.9224 -1.8237 -0.0400
-1.8872 -1.7804 -0.0400
-1.8475 -1.7492 -0.0400
-1.7985 -1.7383 -0.0400
-1.7427 -1.7400 -0.0400
-1.6632 -1.7849 -0.0400
0.0046 -3.1146 -0.0400
0.0972 -3.0921 -0.0400
0.1741 -3.0485 -0.0400
1.0231 2.1719 -0.0400
0.9914 2.2399 -0.0400
1.0405 2.3384 -0.0400
-1.1740 1.5671 -0.0400
-1.2336 1.5789 -0.0400
-1.3096 1.5812 -0.0400
-1.3478 1.5992 -0.0400
-1.3735 1.6225 -0.0400
-1.3911 1.6496 -0.0400
-1.3973 1.6829 -0.0400
-1.3954 1.7213 -0.0400
0.0522 3.1811 -0.0400
-0.0274 3.2043 -0.0400
-1.7011 5.6427 -0.0400
-4.1519 3.4717 -0.0400
-4.1919 3.4359 -0.0400
-4.2374 3.4131 -0.0400
-4.2913 3.4075 -0.0400
-4.3471 3.4043 -0.0400
-4.9112 3.5953 -0.0400
-4.9692 3.5744 -0.0400
-8.9870 0.5447 -0.0400
-8.4862 -0.1146 -0.0400
-8.4693 -0.2103 -0.0400
-7.8873 -0.3721 -0.0400
-7.8825 -0.4615 -0.0400
-6.2644 -0.6915 -0.0400
-6.1997 -0.7301 -0.0400
-6.2174 -0.8079 -0.0400
-3.8196 0.3245 -0.0400
-3.7815 0.3279 -0.0400
-3.7582 0.3237 -0.0400
-3.7399 0.3170 -0.0400
-3.7186 0.3128 -0.0400
-3.7065 0.3030 -0.0400
-3.6957 0.2925 -0.0400
-3.6857 0.2815 -0.0400
-3.6772 0.2694 -0.0400
-3.6719 0.2547 -0.0400
-3.6664 0.2399 -0.0400
-3.6627 0.2234 -0.0400
-3.6611 0.2048 -0.0400
-3.6618 0.1834 -0.0400
-3.6691 0.1552 -0.0400
-5.3706 -3.5621 -0.0400
-5.2725 -3.5611 -0.0400
-5.1831 -3.5741 -0.0400
-5.1189 -3.6374 -0.0400
-4.2218 -2.4633 -0.0400
-4.1598 -2.4701 -0.0400
-4.1095 -2.5101 -0.0400
-3.0231 -1.2687 -0.0400
-2.9876 -1.2228 -0.0400
-2.9531 -1.1986 -0.0400
-2.9190 -1.1854 -0.0400
-2.8849 -1.1788 -0.0400
-2.8502 -1.1808 -0.0400
-2.8148 -1.1897 -0.0400
-2.7777 -1.2084 -0.0400
-2.7374 -1.2461 -0.0400
-1.9283 -1.8089 -0.0400
-1.8902 -1.7734 -0.0400
-1.8472 -1.7501 -0.0400
-1.7972 -1.7415 -0.0400
-1.7396 -1.7472 -0.0400
-0.0687 -3.1699 -0.0400
0.0230 -3.1477 -0.0400
0.0934 -3.0967 -0.0400
0.1979 -3.0866 -0.0400
0.2800 -3.0474 -0.0400
1.7001 -0.6818 -0.0400
1.7724 -0.6131 -0.0400
1.8613 -0.5471 -0.0400
1.1231 2.1091 -0.0400
1.0403 2.1611 -0.0400
0.9992 2.2258 -0.0400
0.9965 2.3045 -0.0400
-1.1667 1.5564 -0.0400
-1.2268 1.5680 -0.0400
-1.2967 1.5732 -0.0400
-1.3381 1.5897 -0.0400
-1.3719 1.6090 -0.0400
-1.3872 1.6371 -0.0400
-1.3966 1.6685 -0.0400
-1.3996 1.7039 -0.0400
0.1273 3.1319 -0.0400
0.0267 3.1405 -0.0400
-0.0269 3.1836 -0.0400
-0.0357 3.2636 -0.0400
-1.7599 5.6755 -0.0400
-2.6331 4.8146 -0.0400
-2.7054 4.7991 -0.0400
-4.3259 3.3885 -0.0400
-4.3837 3.3877 -0.0400
-4.9512 3.5674 -0.0400
-5.0028 3.5368 -0.0400
-8.9766 0.4428 -0.0400
-8.4613 -0.2085 -0.0400
-7.8973 -0.3757 -0.0400
-7.8622 -0.4578 -0.0400
-7.9051 -0.5605 -0.0400
-6.1999 -0.7366 -0.0400
-6.1642 -0.7882 -0.0400
-3.8140 0.3146 -0.0400
-3.7754 0.3181 -0.0400
-3.7522 0.3137 -0.0400
-3.7337 0.3070 -0.0400
-3.7122 0.3028 -0.0400
-3.6997 0.2931 -0.0400
-3.6886 0.2827 -0.0400
-3.6783 0.2719 -0.0400
-3.6701 0.2595 -0.0400
-3.6629 0.2462 -0.0400
-3.6566 0.2322 -0.0400
-3.6519 0.2165 -0.0400
-3.6488 0.1992 -0.0400
-3.6606 0.1678 -0.0400
-3.6774 0.1304 -0.0400
-5.2943 -3.6118 -0.0400
-5.1970 -3.6110 -0.0400
-5.1147 -3.6379 -0.0400
-4.1567 -2.4806 -0.0400
-4.0979 -2.4958 -0.0400
-4.0544 -2.5582 -0.0400
-3.0164 -1.3049 -0.0400
-2.9805 -1.2335 -0.0400
-2.9462 -1.2028 -0.0400
-2.9120 -1.1932 -0.0400
-2.8781 -1.1818 -0.0400
-2.8440 -1.1780 -0.0400
-2.8094 -1.1808 -0.0400
-2.7736 -1.1913 -0.0400
-2.7339 -1.2285 -0.0400
-2.6887 -1.2924 -0.0400
-1.9085 -1.8537 -0.0400
-1.8867 -1.7789 -0.0400
-1.8462 -1.7504 -0.0400
-1.8028 -1.7287 -0.0400
-1.7470 -1.7319 -0.0400
-1.6847 -1.7456 -0.0400
-0.0014 -3.1268 -0.0400
0.0724 -3.0814 -0.0400
0.1528 -3.0435 -0.0400
0.2625 -3.0385 -0.0400
1.7226 -0.7048 -0.0400
1.7250 -0.6153 -0.0400
1.8749 -0.5673 -0.0400
1.8864 -0.4790 -0.0400
1.1338 2.1709 -0.0400
1.0086 2.2071 -0.0400
0.9783 2.2752 -0.0400
1.0056 2.3661 -0.0400
-1.1787 1.5710 -0.0400
-1.2185 1.5909 -0.0400
-1.3014 1.5889 -0.0400
-1.3423 1.6052 -0.0400
-1.3780 1.6230 -0.0400
-1.3941 1.6506 -0.0400
-1.4056 1.6808 -0.0400
-1.3928 1.7257 -0.0400
0.0261 3.1984 -0.0400
-0.0470 3.2258 -0.0400
-1.5818 5.6124 -0.0400
-1.6626 5.6514 -0.0400
-2.5486 4.8408 -0.0400
-2.6242 4.8007 -0.0400
-2.7598 4.9139 -0.0400
-2.8335 4.8868 -0.0400
-2.9054 4.8999 -0.0400
-4.8999 3.6086 -0.0400
-4.9504 3.5763 -0.0400
-8.4792 -0.1124 -0.0400
-7.9076 -0.2881 -0.0400
-7.8986 -0.3764 -0.0400
-6.2170 -0.6792 -0.0400
-6.2054 -0.7422 -0.0400
-3.8094 0.3295 -0.0400
-3.7642 0.3361 -0.0400
-3.7469 0.3281 -0.0400
-3.7262 0.3227 -0.0400
-3.7142 0.3125 -0.0400
-3.7034 0.3016 -0.0400
-3.6933 0.2904 -0.0400
-3.6850 0.2780 -0.0400
-3.6778 0.2648 -0.0400
-3.6715 0.2509 -0.0400
-3.6666 0.2356 -0.0400
-3.6713 0.2124 -0.0400
-3.6724 0.1912 -0.0400
-3.6797 0.1640 -0.0400
-5.4496 -3.5385 -0.0400
-5.3605 -3.5566 -0.0400
-5.2547 -3.5409 -0.0400
-5.1851 -3.5922 -0.0400
-4.2090 -2.4578 -0.0400
-4.1521 -2.4781 -0.0400
-3.0477 -1.2614 -0.0400
-3.0116 -1.2130 -0.0400
-2.9770 -1.1994 -0.0400
-2.9429 -1.1844 -0.0400
-2.9089 -1.1789 -0.0400
-2.8746 -1.1818 -0.0400
-2.8400 -1.1852 -0.0400
-2.8040 -1.2022 -0.0400
-2.7655 -1.2343 -0.0400
-1.9586 -1.8596 -0.0400
-1.9325 -1.7933 -0.0400
-1.8921 -1.7645 -0.0400
-1.8454 -1.7504 -0.0400
-1.7822 -1.7707 -0.0400
-0.0748 -3.1770 -0.0400
0.0104 -3.1471 -0.0400
0.1050 -3.1274 -0.0400
0.1854 -3.0881 -0.0400
1.6971 -0.7950 -0.0400
1.6943 -0.7035 -0.0400
1.8463 -0.6588 -0.0400
2.0435 -0.6218 -0.0400
1.0233 2.2812 -0.0400
-1.1350 1.5429 -0.0400
-1.2102 1.5483 -0.0400
-1.2358 1.5739 -0.0400
-1.3287 1.5667 -0.0400
-1.3551 1.5895 -0.0400
-1.3772 1.6141 -0.0400
-1.3888 1.6441 -0.0400
-1.3794 1.6861 -0.0400
-1.3515 1.7404 -0.0400
0.1296 3.0931 -0.0400
0.0399 3.1098 -0.0400
-0.0064 3.1586 -0.0400
-0.0053 3.2464 -0.0400
-1.6497 5.6314 -0.0400
-2.5361 4.8106 -0.0400
-2.6090 4.7959 -0.0400
-2.7425 4.9464 -0.0400
-2.8183 4.8839 -0.0400
-2.8902 4.8971 -0.0400
-4.8918 3.6131 -0.0400
-8.5257 -0.0195 -0.0400
-8.4907 -0.1132 -0.0400
-7.9053 -0.2877 -0.0400
-7.8948 -0.3758 -0.0400
-6.2774 -0.6416 -0.0400
-6.2161 -0.6829 -0.0400
-3.7983 0.3446 -0.0400
-3.7743 0.3391 -0.0400
-3.7474 0.3360 -0.0400
-3.7334 0.3264 -0.0400
-3.7207 0.3162 -0.0400
-3.7068 0.3071 -0.0400
-3.6970 0.2956 -0.0400
-3.6889 0.2830 -0.0400
-3.6818 0.2696 -0.0400
-3.6754 0.2557 -0.0400
-3.6703 0.2407 -0.0400
-3.6740 0.2186 -0.0400
-3.6740 0.1986 -0.0400
-3.6781 0.1747 -0.0400
-5.4668 -3.5750 -0.0400
-5.3605 -3.5634 -0.0400
-5.2538 -3.5462 -0.0400
-4.2040 -2.4593 -0.0400
-4.8010 -4.2962 -0.0400
-3.0787 -1.2930 -0.0400
-3.0413 -1.2460 -0.0400
-3.0055 -1.2037 -0.0400
-2.9712 -1.1927 -0.0400
-2.9372 -1.1807 -0.0400
-2.9032 -1.1794 -0.0400
-2.8690 -1.1816 -0.0400
-2.8337 -1.1959 -0.0400
-2.7965 -1.2255 -0.0400
-2.7527 -1.3035 -0.0400
-1.9963 -1.8942 -0.0400
-1.9648 -1.8384 -0.0400
-1.9330 -1.7872 -0.0400
-1.8907 -1.7635 -0.0400
-1.8438 -1.7503 -0.0400
-1.7812 -1.7697 -0.0400
-0.0747 -3.1835 -0.0400
0.0053 -3.1469 -0.0400
0.0991 -3.1268 -0.0400
0.1802 -3.0887 -0.0400
1.6905 -0.7132 -0.0400
1.8321 -0.6658 -0.0400
1.9454 -0.6062 -0.0400
-1.1988 1.5402 -0.0400
-1.2625 1.5485 -0.0400
-1.3128 1.5611 -0.0400
-1.3523 1.5775 -0.0400
-1.3717 1.6033 -0.0400
-1.3831 1.6332 -0.0400
-1.3900 1.6659 -0.0400
-1.3530 1.7249 -0.0400
0.1446 3.0844 -0.0400
0.0544 3.1009 -0.0400
0.0008 3.1439 -0.0400
-2.5208 4.8045 -0.0400
-2.5932 4.7963 -0.0400
-2.6612 4.8384 -0.0400
-2.7283 4.9173 -0.0400
-2.8025 4.8887 -0.0400
-2.8741 4.9209 -0.0400
-8.5290 -0.0182 -0.0400
-8.5033 -0.1136 -0.0400
-7.9686 -0.2098 -0.0400
-7.9048 -0.2873 -0.0400
-7.9520 -0.3887 -0.0400
-6.2478 -0.6326 -0.0400
-6.2214 -0.6890 -0.0400
-3.7797 0.3454 -0.0400
-3.7529 0.3416 -0.0400
-3.7389 0.3317 -0.0400
-3.7223 0.3235 -0.0400
-3.7118 0.3121 -0.0400
-3.7007 0.3012 -0.0400
-3.6925 0.2885 -0.0400
-3.6849 0.2755 -0.0400
-3.6802 0.2604 -0.0400
-3.6754 0.2452 -0.0400
-3.6787 0.2236 -0.0400
-3.6784 0.2041 -0.0400
-3.6816 0.1813 -0.0400
-3.6982 0.1464 -0.0400
-5.4347 -3.5255 -0.0400
-5.3324 -3.5192 -0.0400
-5.2488 -3.5441 -0.0400
-5.2047 -3.6454 -0.0400
-4.2565 -2.4428 -0.0400
-4.1985 -2.4600 -0.0400
-4.7940 -4.2838 -0.0400
-3.0699 -1.2423 -0.0400
-3.0340 -1.2175 -0.0400
-2.9992 -1.2005 -0.0400
-2.9650 -1.1831 -0.0400
-2.9311 -1.1792 -0.0400
-2.8971 -1.1807 -0.0400
-2.8628 -1.1851 -0.0400
-2.8271 -1.2065 -0.0400
-2.7884 -1.2519 -0.0400
-2.7461 -1.3147 -0.0400
-1.9976 -1.8836 -0.0400
-1.9712 -1.8154 -0.0400
-1.9333 -1.7806 -0.0400
-1.8878 -1.7649 -0.0400
-1.8395 -1.7551 -0.0400
-1.7723 -1.7846 -0.0400
-0.0670 -3.1994 -0.0400
0.0029 -3.1495 -0.0400
0.1061 -3.1415 -0.0400
1.6635 -0.8047 -0.0400
1.7085 -0.7292 -0.0400
1.8292 -0.6756 -0.0400
1.8946 -0.6029 -0.0400
-1.3451 1.5679 -0.0400
-1.3674 1.5921 -0.0400
-1.3815 1.6205 -0.0400
-1.3816 1.6568 -0.0400
-1.3808 1.6944 -0.0400
0.1532 3.0711 -0.0400
0.0649 3.0891 -0.0400
0.0245 3.1426 -0.0400
-1.5300 5.5976 -0.0400
-2.5044 4.8065 -0.0400
-2.5771 4.7959 -0.0400
-2.6448 4.8427 -0.0400
-2.7127 4.9110 -0.0400
-2.7866 4.8880 -0.0400
-2.8589 4.8943 -0.0400
-3.6508 5.9141 -0.0400
-8.5114 -0.0136 -0.0400
-7.9712 -0.2093 -0.0400
-7.9093 -0.2875 -0.0400
-6.2901 -0.5855 -0.0400
-6.2372 -0.6313 -0.0400
-6.2586 -0.7089 -0.0400
-3.7919 0.3490 -0.0400
-3.7627 0.3457 -0.0400
-3.7421 0.3388 -0.0400
-3.7301 0.3278 -0.0400
-3.7161 0.3181 -0.0400
-3.7050 0.3070 -0.0400
-3.6967 0.2943 -0.0400
-3.6899 0.2807 -0.0400
-3.6834 0.2667 -0.0400
-3.6819 0.2492 -0.0400
-3.6785 0.2327 -0.0400
-3.6763 0.2149 -0.0400
-3.6891 0.1851 -0.0400
-3.7069 0.1499 -0.0400
-5.4127 -3.4939 -0.0400
-5.3205 -3.5046 -0.0400
-5.2619 -3.5759 -0.0400
-4.2488 -2.4382 -0.0400
-4.2096 -2.5040 -0.0400
-3.0636 -1.2508 -0.0400
-3.0268 -1.2009 -0.0400
-2.9924 -1.1896 -0.0400
-2.9584 -1.1789 -0.0400
-2.9246 -1.1786 -0.0400
-2.8907 -1.1812 -0.0400
-2.8559 -1.1985 -0.0400
-2.8205 -1.2132 -0.0400
-2.7801 -1.2782 -0.0400
-2.0044 -1.8564 -0.0400
-1.9715 -1.8067 -0.0400
-1.9315 -1.7776 -0.0400
-1.8853 -1.7641 -0.0400
-1.8300 -1.7703 -0.0400
-0.1564 -3.2261 -0.0400
-0.0881 -3.1752 -0.0400
0.0051 -3.1571 -0.0400
0.1045 -3.1446 -0.0400
1.6750 -0.8182 -0.0400
1.6895 -0.7329 -0.0400
1.8451 -0.6904 -0.0400
2.0719 -0.6630 -0.0400
-1.3816 1.6433 -0.0400
-1.3632 1.6909 -0.0400
0.1550 3.0532 -0.0400
0.0700 3.0735 -0.0400
0.0340 3.1302 -0.0400
-2.5524 4.8269 -0.0400
-2.6265 4.7992 -0.0400
-2.7637 4.9172 -0.0400
-2.8375 4.8901 -0.0400
-2.9100 4.8964 -0.0400
-3.7208 5.9173 -0.0400
-3.7985 5.8277 -0.0400
-8.4951 -0.1068 -0.0400
-7.9240 -0.2888 -0.0400
-7.9051 -0.3757 -0.0400
-6.2618 -0.6453 -0.0400
-6.2131 -0.6926 -0.0400
-3.7853 0.3421 -0.0400
-3.7577 0.3378 -0.0400
-3.7376 0.3304 -0.0400
-3.7257 0.3192 -0.0400
-3.7111 0.3096 -0.0400
-3.6993 0.2988 -0.0400
-3.6902 0.2864 -0.0400
-3.6823 0.2733 -0.0400
-3.6764 0.2589 -0.0400
-3.6739 0.2419 -0.0400
-3.6696 0.2260 -0.0400
-3.6739 0.2033 -0.0400
-3.6742 0.1830 -0.0400
-5.4379 -3.5461 -0.0400
-5.3499 -3.5666 -0.0400
-5.2421 -3.5481 -0.0400
-5.1727 -3.5996 -0.0400
-4.2514 -2.4641 -0.0400
-4.1856 -2.4621 -0.0400
-4.1389 -2.5095 -0.0400
-3.0557 -1.2775 -0.0400
-3.0178 -1.2089 -0.0400
-2.9833 -1.1944 -0.0400
-2.9493 -1.1853 -0.0400
-2.9156 -1.1803 -0.0400
-2.8818 -1.1817 -0.0400
-2.8477 -1.1873 -0.0400
-2.8117 -1.2157 -0.0400
-2.7750 -1.2408 -0.0400
-2.7346 -1.2911 -0.0400
-1.9570 -1.8319 -0.0400
-1.9258 -1.7803 -0.0400
-1.8828 -1.7594 -0.0400
-1.8342 -1.7514 -0.0400
-1.7761 -1.7628 -0.0400
-0.0921 -3.1743 -0.0400
-0.0013 -3.1538 -0.0400
0.0943 -3.1371 -0.0400
0.1694 -3.0926 -0.0400
1.6831 -0.7429 -0.0400
1.8417 -0.7019 -0.0400
1.8543 -0.6145 -0.0400
2.0624 -0.5792 -0.0400
0.1555 3.1132 -0.0400
0.0350 3.1051 -0.0400
-0.0092 3.1549 -0.0400
-2.4734 4.7893 -0.0400
-2.5433 4.8071 -0.0400
-2.6786 4.9325 -0.0400
-2.7539 4.8917 -0.0400
-2.8249 4.9551 -0.0400
-3.6156 5.9076 -0.0400
-3.6982 5.8434 -0.0400
-3.8568 5.2632 -0.0400
-3.9325 5.2319 -0.0400
-4.0335 5.3081 -0.0400
-8.5339 0.0886 -0.0400
-8.5220 -0.0092 -0.0400
-7.9427 -0.2005 -0.0400
-7.9504 -0.2931 -0.0400
-6.2645 -0.5800 -0.0400
-6.2430 -0.6389 -0.0400
-3.8195 0.3580 -0.0400
-3.7838 0.3560 -0.0400
-3.7554 0.3517 -0.0400
-3.7394 0.3421 -0.0400
-3.7260 0.3314 -0.0400
-3.7147 0.3199 -0.0400
-3.7058 0.3073 -0.0400
-3.6980 0.2940 -0.0400
-3.6918 0.2797 -0.0400
-3.6878 0.2639 -0.0400
-3.6875 0.2455 -0.0400
-3.6842 0.2286 -0.0400
-3.6912 0.2041 -0.0400
-3.7225 0.1605 -0.0400
-5.4987 -3.4829 -0.0400
-5.3896 -3.4672 -0.0400
-5.3166 -3.5113 -0.0400
-4.3675 -2.4357 -0.0400
-4.2940 -2.4187 -0.0400
-4.2441 -2.4560 -0.0400
-3.0823 -1.2183 -0.0400
-3.0467 -1.1981 -0.0400
-3.0122 -1.1869 -0.0400
-2.9783 -1.1803 -0.0400
-2.9446 -1.1793 -0.0400
-2.9109 -1.1851 -0.0400
-2.8767 -1.1949 -0.0400
-2.8419 -1.2111 -0.0400
-2.8026 -1.2844 -0.0400
-2.0313 -1.9052 -0.0400
-2.0066 -1.8295 -0.0400
-1.9690 -1.7937 -0.0400
-1.9254 -1.7746 -0.0400
-1.8758 -1.7698 -0.0400
-1.7996 -1.8236 -0.0400
-0.1635 -3.2220 -0.0400
-0.0756 -3.1989 -0.0400
0.0172 -3.1802 -0.0400
0.1197 -3.1717 -0.0400
1.6573 -0.8296 -0.0400
1.7943 -0.7844 -0.0400
1.8569 -0.7124 -0.0400
0.1662 3.0240 -0.0400
0.0865 3.0481 -0.0400
0.0431 3.0988 -0.0400
-2.4551 4.8029 -0.0400
-2.5279 4.7949 -0.0400
-2.6643 4.8954 -0.0400
-2.7375 4.8893 -0.0400
-2.8091 4.9281 -0.0400
-3.6068 5.9752 -0.0400
-3.6823 5.8539 -0.0400
-3.8447 5.2851 -0.0400
-3.9192 5.2461 -0.0400
-4.0140 5.2956 -0.0400
-7.9719 -0.1126 -0.0400
-7.9366 -0.1970 -0.0400
-7.9514 -0.2910 -0.0400
-6.2614 -0.5806 -0.0400
-3.8440 0.3598 -0.0400
-3.7908 0.3642 -0.0400
-3.7661 0.3575 -0.0400
-3.7480 0.3484 -0.0400
-3.7336 0.3379 -0.0400
-3.7218 0.3263 -0.0400
-3.7107 0.3146 -0.0400
-3.7031 0.3010 -0.0400
-3.6969 0.2866 -0.0400
-3.6927 0.2709 -0.0400
-3.6914 0.2532 -0.0400
-3.6874 0.2369 -0.0400
-3.6914 0.2148 -0.0400
-3.7057 0.1846 -0.0400
-5.6016 -3.4894 -0.0400
-5.4961 -3.4843 -0.0400
-5.3898 -3.4738 -0.0400
-5.3110 -3.5079 -0.0400
-4.2898 -2.4229 -0.0400
-4.2362 -2.4512 -0.0400
-3.1116 -1.2427 -0.0400
-3.0744 -1.2124 -0.0400
-3.0391 -1.1940 -0.0400
-3.0048 -1.1839 -0.0400
-2.9709 -1.1772 -0.0400
-2.9374 -1.1812 -0.0400
-2.9036 -1.1892 -0.0400
-2.8694 -1.2028 -0.0400
-2.8324 -1.2620 -0.0400
-2.0419 -1.8611 -0.0400
-2.0084 -1.8123 -0.0400
-1.9664 -1.7891 -0.0400
-1.9209 -1.7753 -0.0400
-1.8674 -1.7798 -0.0400
-1.7936 -1.8283 -0.0400
-0.2311 -3.2750 -0.0400
-0.1554 -3.2355 -0.0400
-0.0812 -3.1932 -0.0400
0.0277 -3.1966 -0.0400
0.1282 -3.1853 -0.0400
1.6640 -0.9302 -0.0400
1.6476 -0.8340 -0.0400
1.7991 -0.7941 -0.0400
1.8256 -0.7112 -0.0400
2.0434 -0.6829 -0.0400
0.0477 3.0836 -0.0400
-2.4403 4.7857 -0.0400
-2.5094 4.8121 -0.0400
-2.6463 4.9138 -0.0400
-2.7208 4.8891 -0.0400
-2.7930 4.9098 -0.0400
-3.5870 5.9604 -0.0400
-3.6665 5.8665 -0.0400
-3.8256 5.2732 -0.0400
-3.9020 5.2438 -0.0400
-8.5580 0.0941 -0.0400
-7.9504 -0.1967 -0.0400
-6.3043 -0.5308 -0.0400
-6.2652 -0.5833 -0.0400
-3.8164 0.3656 -0.0400
-3.7789 0.3635 -0.0400
-3.7565 0.3557 -0.0400
-3.7400 0.3458 -0.0400
-3.7272 0.3344 -0.0400
-3.7165 0.3222 -0.0400
-3.7082 0.3089 -0.0400
-3.7011 0.2949 -0.0400
-3.6952 0.2801 -0.0400
-3.6947 0.2620 -0.0400
-3.6945 0.2432 -0.0400
-3.6978 0.2218 -0.0400
-3.7094 0.1939 -0.0400
-5.5936 -3.4819 -0.0400
-5.4931 -3.4850 -0.0400
-5.3814 -3.4655 -0.0400
-5.3385 -3.5632 -0.0400
-4.3411 -2.4033 -0.0400
-4.2854 -2.4266 -0.0400
-4.9520 -4.2092 -0.0400
-3.1037 -1.2387 -0.0400
-3.0667 -1.2095 -0.0400
-3.0308 -1.1809 -0.0400
-2.9970 -1.1771 -0.0400
-2.9635 -1.1778 -0.0400
-2.9300 -1.1826 -0.0400
-2.8963 -1.1928 -0.0400
-2.8611 -1.2371 -0.0400
-2.8240 -1.2898 -0.0400
-2.0432 -1.8429 -0.0400
-2.0062 -1.8050 -0.0400
-1.9624 -1.7871 -0.0400
-1.9129 -1.7835 -0.0400
-1.8494 -1.8120 -0.0400
-0.2363 -3.2679 -0.0400
-0.1564 -3.2350 -0.0400
-0.0789 -3.1977 -0.0400
0.0220 -3.1906 -0.0400
1.6175 -0.9203 -0.0400
1.6679 -0.8482 -0.0400
1.7874 -0.7978 -0.0400
1.8657 -0.7312 -0.0400
-2.4212 4.8043 -0.0400
-2.4946 4.7919 -0.0400
-2.6308 4.8930 -0.0400
-2.7039 4.8914 -0.0400
-2.7747 4.9552 -0.0400
-3.5589 5.8812 -0.0400
-3.6490 5.8700 -0.0400
-3.8084 5.2728 -0.0400
-3.8865 5.2507 -0.0400
-3.9763 5.2794 -0.0400
-4.0456 3.5128 -0.0400
-8.5460 0.1004 -0.0400
-7.9999 -0.1105 -0.0400
-7.9779 -0.1983 -0.0400
-6.2960 -0.5282 -0.0400
-3.8204 0.3773 -0.0400
-3.7939 0.3698 -0.0400
-3.7658 0.3637 -0.0400
-3.7466 0.3545 -0.0400
-3.7358 0.3419 -0.0400
-3.7232 0.3303 -0.0400
-3.7138 0.3173 -0.0400
-3.7064 0.3033 -0.0400
-3.7006 0.2883 -0.0400
-3.6974 0.2718 -0.0400
-3.6961 0.2539 -0.0400
-3.6969 0.2343 -0.0400
-3.7009 0.2120 -0.0400
-5.5784 -3.4629 -0.0400
-5.4542 -3.4266 -0.0400
-5.3780 -3.4653 -0.0400
-5.3364 -3.5653 -0.0400
-4.3369 -2.4070 -0.0400
-4.2799 -2.4274 -0.0400
-3.1305 -1.2349 -0.0400
-3.0930 -1.2060 -0.0400
-3.0575 -1.1893 -0.0400
-3.0231 -1.1806 -0.0400
-2.9894 -1.1768 -0.0400
-2.9559 -1.1781 -0.0400
-2.9225 -1.1952 -0.0400
-2.8885 -1.2145 -0.0400
-2.8535 -1.2460 -0.0400
-2.8147 -1.3335 -0.0400
-2.0772 -1.8764 -0.0400
-2.0404 -1.8356 -0.0400
-2.0022 -1.8015 -0.0400
-1.9574 -1.7867 -0.0400
-1.9041 -1.7929 -0.0400
-0.2848 -3.3483 -0.0400
-0.2414 -3.2602 -0.0400
-0.1535 -3.2394 -0.0400
-0.0750 -3.2036 -0.0400
0.0210 -3.1901 -0.0400
1.6279 -0.9305 -0.0400
1.6452 -0.8469 -0.0400
1.7868 -0.8045 -0.0400
2.0322 -0.7897 -0.0400
-1.4446 5.5639 -0.0400
-2.6122 4.9170 -0.0400
-2.6871 4.8891 -0.0400
-2.7593 4.9108 -0.0400
-3.5444 5.9108 -0.0400
-3.6302 5.8652 -0.0400
-3.7924 5.2789 -0.0400
-3.8704 5.2560 -0.0400
-3.9642 5.3017 -0.0400
-3.9985 3.5745 -0.0400
-4.0359 3.5248 -0.0400
-4.0789 3.4912 -0.0400
-4.1312 3.4796 -0.0400
-4.1866 3.4737 -0.0400
-8.5823 0.2024 -0.0400
-8.5481 0.1057 -0.0400
-7.9622 -0.1001 -0.0400
-8.0086 -0.1999 -0.0400
-6.2982 -0.5291 -0.0400
-3.8065 0.3782 -0.0400
-3.7840 0.3691 -0.0400
-3.7583 0.3620 -0.0400
-3.7409 0.3519 -0.0400
-3.7308 0.3388 -0.0400
-3.7197 0.3264 -0.0400
-3.7120 0.3124 -0.0400
-3.7051 0.2979 -0.0400
-3.7007 0.2820 -0.0400
-3.6993 0.2642 -0.0400
-3.7007 0.2443 -0.0400
-3.7059 0.2216 -0.0400
-3.7212 0.1915 -0.0400
-5.5419 -3.4103 -0.0400
-5.4493 -3.4238 -0.0400
-5.3790 -3.4726 -0.0400
-4.3303 -2.4051 -0.0400
-5.0313 -4.1691 -0.0400
-3.1230 -1.2368 -0.0400
-3.0853 -1.2069 -0.0400
-3.0489 -1.1785 -0.0400
-3.0151 -1.1753 -0.0400
-2.9817 -1.1773 -0.0400
-2.9484 -1.1841 -0.0400
-2.9149 -1.1966 -0.0400
-2.8809 -1.2171 -0.0400
-2.8458 -1.2509 -0.0400
-2.0803 -1.8491 -0.0400
-2.0402 -1.8199 -0.0400
-1.9974 -1.7994 -0.0400
-1.9488 -1.7950 -0.0400
-1.8970 -1.7973 -0.0400
-0.2729 -3.3658 -0.0400
-0.2409 -3.2602 -0.0400
-0.1543 -3.2377 -0.0400
-0.0484 -3.2404 -0.0400
0.0291 -3.2012 -0.0400
1.6226 -1.0249 -0.0400
1.6082 -0.9291 -0.0400
1.7645 -0.8945 -0.0400
1.7837 -0.8098 -0.0400
1.9936 -0.7845 -0.0400
1.1058 1.9477 -0.0400
-3.5293 5.9367 -0.0400
-3.7775 5.2922 -0.0400
-3.8539 5.2602 -0.0400
-4.0206 3.5241 -0.0400
-4.0667 3.4978 -0.0400
-4.1223 3.4932 -0.0400
-4.1730 3.4767 -0.0400
-8.5454 0.1120 -0.0400
-8.0237 -0.0135 -0.0400
-7.9651 -0.0959 -0.0400
-8.0164 -0.1967 -0.0400
-6.3350 -0.4741 -0.0400
-3.8457 0.3782 -0.0400
-3.7870 0.3819 -0.0400
-3.7695 0.3708 -0.0400
-3.7550 0.3590 -0.0400
-3.7378 0.3486 -0.0400
-3.7277 0.3354 -0.0400
-3.7179 0.3222 -0.0400
-3.7113 0.3074 -0.0400
-3.7051 0.2924 -0.0400
-3.7034 0.2747 -0.0400
-3.7052 0.2547 -0.0400
-3.7033 0.2365 -0.0400
-3.7132 0.2106 -0.0400
-5.6473 -3.4174 -0.0400
-5.5581 -3.4398 -0.0400
-5.4451 -3.4214 -0.0400
-5.3845 -3.4866 -0.0400
-4.3805 -2.3816 -0.0400
-4.3267 -2.4092 -0.0400
-5.0290 -4.1692 -0.0400
-3.1500 -1.2357 -0.0400
-3.1116 -1.2052 -0.0400
-3.0756 -1.1879 -0.0400
-3.0411 -1.1792 -0.0400
-3.0073 -1.1758 -0.0400
-2.9739 -1.1776 -0.0400
-2.9409 -1.1964 -0.0400
-2.9074 -1.2178 -0.0400
-2.8729 -1.2531 -0.0400
-2.1056 -1.9106 -0.0400
-2.0727 -1.8545 -0.0400
-2.0366 -1.8130 -0.0400
-1.9918 -1.7987 -0.0400
-1.9369 -1.8113 -0.0400
-1.8771 -1.8335 -0.0400
-0.3087 -3.3083 -0.0400
-0.2366 -3.2651 -0.0400
-0.1538 -3.2374 -0.0400
-0.0466 -3.2421 -0.0400
0.0321 -3.2047 -0.0400
1.6050 -0.9330 -0.0400
1.6657 -0.8654 -0.0400
1.8242 -0.8289 -0.0400
3.0295 -0.2368 -0.0400
1.1874 1.8836 -0.0400
1.1015 1.9352 -0.0400
1.0707 2.0019 -0.0400
1.0831 2.0830 -0.0400
-1.4101 5.5523 -0.0400
-3.5049 5.8887 -0.0400
-3.5984 5.9008 -0.0400
-3.7578 5.2812 -0.0400
-3.8425 5.2899 -0.0400
-3.9933 3.6399 -0.0400
-4.0148 3.5473 -0.0400
-4.0545 3.5048 -0.0400
-4.1070 3.4933 -0.0400
-4.1648 3.4920 -0.0400
-8.5569 0.2177 -0.0400
-7.9687 -0.0912 -0.0400
-6.3221 -0.4684 -0.0400
-3.8155 0.3861 -0.0400
-3.7891 0.3776 -0.0400
-3.7610 0.3707 -0.0400
-3.7478 0.3582 -0.0400
-3.7332 0.3466 -0.0400
-3.7245 0.3326 -0.0400
-3.7167 0.3182 -0.0400
-3.7109 0.3028 -0.0400
-3.7054 0.2872 -0.0400
-3.7058 0.2681 -0.0400
-3.7108 0.2461 -0.0400
-3.7113 0.2261 -0.0400
-3.7365 0.1900 -0.0400
-5.6291 -3.3936 -0.0400
-5.5282 -3.3968 -0.0400
-5.4472 -3.4291 -0.0400
-5.4062 -3.5277 -0.0400
-4.4390 -2.3741 -0.0400
-4.3746 -2.3805 -0.0400
-4.3254 -2.4181 -0.0400
-5.0273 -4.1707 -0.0400
-3.1426 -1.2384 -0.0400
-3.1015 -1.1856 -0.0400
-3.0667 -1.1772 -0.0400
-3.0328 -1.1740 -0.0400
-2.9995 -1.1762 -0.0400
-2.9663 -1.1833 -0.0400
-2.9331 -1.1961 -0.0400
-2.8996 -1.2174 -0.0400
-2.8653 -1.2523 -0.0400
-2.1062 -1.8878 -0.0400
-2.0748 -1.8285 -0.0400
-2.0314 -1.8102 -0.0400
-1.9850 -1.8008 -0.0400
-1.9348 -1.8010 -0.0400
-0.3056 -3.3106 -0.0400
-0.2181 -3.2909 -0.0400
-0.1400 -3.2556 -0.0400
-0.0451 -3.2428 -0.0400
0.0540 -3.2332 -0.0400
1.6225 -0.9441 -0.0400
1.7428 -0.8974 -0.0400
1.8030 -0.8270 -0.0400
3.0321 -0.2455 -0.0400
1.1913 1.8743 -0.0400
1.0868 1.9202 -0.0400
1.0754 1.9926 -0.0400
1.0971 2.0766 -0.0400
-1.0859 1.4447 -0.0400
-1.1469 1.4557 -0.0400
-1.3886 5.5609 -0.0400
-3.4925 5.9401 -0.0400
-3.7416 5.2897 -0.0400
-3.8221 5.2774 -0.0400
-4.0023 3.5548 -0.0400
-4.0419 3.5117 -0.0400
-4.0954 3.5022 -0.0400
-4.1467 3.4867 -0.0400
-4.7312 3.7231 -0.0400
-4.7888 3.6986 -0.0400
-8.5776 0.2232 -0.0400
-7.9932 0.0024 -0.0400
-7.9898 -0.0888 -0.0400
-3.8448 0.3920 -0.0400
-3.8043 0.3876 -0.0400
-3.7815 0.3777 -0.0400
-3.7559 0.3696 -0.0400
-3.7438 0.3565 -0.0400
-3.7332 0.3430 -0.0400
-3.7232 0.3294 -0.0400
-3.7163 0.3144 -0.0400
-3.7128 0.2976 -0.0400
-3.7093 0.2807 -0.0400
-3.7067 0.2630 -0.0400
-3.7144 0.2391 -0.0400
-3.7174 0.2173 -0.0400
-5.6259 -3.3916 -0.0400
-5.5121 -3.3752 -0.0400
-5.4433 -3.4264 -0.0400
-4.4529 -2.4116 -0.0400
-4.3715 -2.3845 -0.0400
-4.3314 -2.4423 -0.0400
-3.1694 -1.2343 -0.0400
-3.1302 -1.2038 -0.0400
-3.0938 -1.1867 -0.0400
-3.0590 -1.1781 -0.0400
-3.0251 -1.1748 -0.0400
-2.9920 -1.1816 -0.0400
-2.9590 -1.1946 -0.0400
-2.9259 -1.2158 -0.0400
-2.8922 -1.2505 -0.0400
-2.8413 -4.2228 -0.0400
-2.1113 -1.8491 -0.0400
-2.0698 -1.8239 -0.0400
-2.0253 -1.8094 -0.0400
-1.9776 -1.8039 -0.0400
-1.9044 -1.8660 -0.0400
-0.3604 -3.3784 -0.0400
-0.3064 -3.3063 -0.0400
-0.2195 -3.2860 -0.0400
-0.1135 -3.2918 -0.0400
-0.0450 -3.2409 -0.0400
1.5680 -1.0169 -0.0400
1.6212 -0.9477 -0.0400
1.7382 -0.9001 -0.0400
1.7941 -0.8286 -0.0400
3.0266 -0.3586 -0.0400
3.0284 -0.2525 -0.0400
1.1288 1.8469 -0.0400
1.0892 1.9109 -0.0400
1.0765 1.9827 -0.0400
1.0989 2.0667 -0.0400
-1.0867 1.4367 -0.0400
-1.1467 1.4480 -0.0400
-1.1950 1.4625 -0.0400
-1.2603 1.4677 -0.0400
-1.2963 1.4848 -0.0400
-1.3751 5.5440 -0.0400
-2.3569 4.7750 -0.0400
-2.4248 4.8104 -0.0400
-3.5626 5.9116 -0.0400
-3.7238 5.2900 -0.0400
-3.8122 5.3161 -0.0400
-3.9820 3.5435 -0.0400
-4.0289 3.5183 -0.0400
-4.0821 3.5078 -0.0400
-4.1339 3.4933 -0.0400
-4.7214 3.7348 -0.0400
-8.5635 0.2324 -0.0400
-8.0193 0.0054 -0.0400
-3.8348 0.3937 -0.0400
-3.7995 0.3873 -0.0400
-3.7670 0.3810 -0.0400
-3.7531 0.3682 -0.0400
-3.7417 0.3547 -0.0400
-3.7314 0.3409 -0.0400
-3.7230 0.3263 -0.0400
-3.7168 0.3107 -0.0400
-3.7116 0.2946 -0.0400
-3.7139 0.2744 -0.0400
-3.7132 0.2553 -0.0400
-3.7282 0.2269 -0.0400
-3.7439 0.1969 -0.0400
-5.7208 -3.3780 -0.0400
-5.6026 -3.3591 -0.0400
-5.5085 -3.3724 -0.0400
-5.4454 -3.4329 -0.0400
-4.4247 -2.3650 -0.0400
-4.3751 -2.4020 -0.0400
-5.1080 -4.1301 -0.0400
-3.1614 -1.2317 -0.0400
-3.1196 -1.1827 -0.0400
-3.0847 -1.1751 -0.0400
-3.0507 -1.1725 -0.0400
-3.0173 -1.1750 -0.0400
-2.9842 -1.1821 -0.0400
-2.9512 -1.1948 -0.0400
-2.9181 -1.2155 -0.0400
-2.9246 -4.2086 -0.0400
-2.1715 -1.9681 -0.0400
-2.1442 -1.8831 -0.0400
-2.1060 -1.8447 -0.0400
-2.0642 -1.8211 -0.0400
-2.0191 -1.8082 -0.0400
-1.9603 -1.8348 -0.0400
-0.3537 -3.3854 -0.0400
-0.2922 -3.3250 -0.0400
-0.2176 -3.2855 -0.0400
-0.1141 -3.2881 -0.0400
-0.0381 -3.2479 -0.0400
1.5641 -1.0186 -0.0400
1.6391 -0.9578 -0.0400
1.7337 -0.9023 -0.0400
1.1409 1.8410 -0.0400
1.0928 1.9025 -0.0400
1.0750 1.9725 -0.0400
-1.0776 1.4332 -0.0400
-1.1682 1.4318 -0.0400
-1.1929 1.4560 -0.0400
-1.2590 1.4607 -0.0400
-1.2952 1.4775 -0.0400
-1.3262 1.4959 -0.0400
-1.3401 1.5225 -0.0400
-1.3505 1.5509 -0.0400
-1.3595 5.5342 -0.0400
-2.3385 4.7869 -0.0400
-2.4109 4.7837 -0.0400
-2.5463 4.8854 -0.0400
-2.6191 4.8894 -0.0400
-3.6333 5.3119 -0.0400
-3.7141 5.3016 -0.0400
-3.8913 3.6341 -0.0400
-3.9260 3.5732 -0.0400
-3.9714 3.5435 -0.0400
-4.0236 3.5308 -0.0400
-4.0839 3.5360 -0.0400
-4.6597 3.7715 -0.0400
-4.7190 3.7496 -0.0400
-8.5870 0.4378 -0.0400
-8.0067 0.1037 -0.0400
-8.0428 0.0068 -0.0400
-3.8137 0.4188 -0.0400
-3.7919 0.4075 -0.0400
-3.7753 0.3950 -0.0400
-3.7617 0.3818 -0.0400
-3.7505 0.3679 -0.0400
-3.7398 0.3540 -0.0400
-3.7334 0.3383 -0.0400
-3.7281 0.3221 -0.0400
-3.7244 0.3051 -0.0400
-3.7297 0.2833 -0.0400
-3.7314 0.2629 -0.0400
-3.7365 0.2401 -0.0400
-5.7687 -3.2956 -0.0400
-5.6530 -3.2819 -0.0400
-5.5792 -3.3257 -0.0400
-5.5312 -3.4089 -0.0400
-4.5473 -2.3412 -0.0400
-4.4733 -2.3327 -0.0400
-4.4283 -2.3780 -0.0400
-5.2064 -4.1199 -0.0400
-3.2239 -1.2145 -0.0400
-3.1845 -1.1903 -0.0400
-3.1479 -1.1774 -0.0400
-3.1130 -1.1714 -0.0400
-3.0789 -1.1699 -0.0400
-3.0461 -1.1779 -0.0400
-3.0135 -1.1918 -0.0400
-2.9811 -1.2133 -0.0400
-2.9487 -1.2473 -0.0400
-2.9169 -1.3385 -0.0400
-2.2123 -1.9888 -0.0400
-2.1860 -1.8934 -0.0400
-2.1474 -1.8551 -0.0400
-2.1046 -1.8343 -0.0400
-2.0553 -1.8353 -0.0400
-1.9998 -1.8535 -0.0400
-0.4442 -3.3945 -0.0400
-0.3582 -3.3753 -0.0400
-0.2789 -3.3434 -0.0400
-0.1837 -3.3347 -0.0400
1.5299 -1.0962 -0.0400
1.6718 -1.0632 -0.0400
1.7025 -0.9837 -0.0400
2.9785 -0.4668 -0.0400
3.0315 -0.3708 -0.0400
1.1333 1.7584 -0.0400
1.1095 1.8265 -0.0400
1.1167 1.9036 -0.0400
-1.1163 1.3787 -0.0400
-1.1542 1.3986 -0.0400
-1.1809 1.4221 -0.0400
-1.2453 1.4286 -0.0400
-1.2960 1.4392 -0.0400
-1.3147 1.4634 -0.0400
-1.3280 1.4900 -0.0400
-1.3372 1.5188 -0.0400
-1.3243 1.5598 -0.0400
-1.2890 1.6146 -0.0400
-1.2654 5.5012 -0.0400
-2.2589 4.7599 -0.0400
-2.3264 4.7937 -0.0400
-2.4609 4.8952 -0.0400
-2.5356 4.8779 -0.0400
-2.6068 4.9074 -0.0400
-3.9171 3.5920 -0.0400
-3.9586 3.5515 -0.0400
-4.0141 3.5467 -0.0400
-4.0671 3.5347 -0.0400
-4.6470 3.7795 -0.0400
-4.7102 3.7640 -0.0400
-8.5832 0.3464 -0.0400
-8.0359 0.2000 -0.0400
-8.0183 0.1100 -0.0400
-3.8591 0.4230 -0.0400
-3.8169 0.4170 -0.0400
-3.7935 0.4061 -0.0400
-3.7762 0.3936 -0.0400
-3.7569 0.3823 -0.0400
-3.7475 0.3675 -0.0400
-3.7401 0.3521 -0.0400
-3.7339 0.3361 -0.0400
-3.7289 0.3196 -0.0400
-3.7323 0.2989 -0.0400
-3.7333 0.2789 -0.0400
-3.7370 0.2571 -0.0400
-3.7466 0.2315 -0.0400
-5.7542 -3.2764 -0.0400
-5.6486 -3.2769 -0.0400
-5.5856 -3.3366 -0.0400
-4.5303 -2.3176 -0.0400
-4.4723 -2.3386 -0.0400
-4.4337 -2.3967 -0.0400
-5.2104 -4.1302 -0.0400
-3.2582 -1.2440 -0.0400
-3.2148 -1.2056 -0.0400
-3.1762 -1.1856 -0.0400
-3.1401 -1.1756 -0.0400
-3.1047 -1.1664 -0.0400
-3.0714 -1.1707 -0.0400
-3.0386 -1.1799 -0.0400
-3.0061 -1.1942 -0.0400
-2.9737 -1.2161 -0.0400
-3.0923 -4.2066 -0.0400
-3.0070 -4.2462 -0.0400
-2.2250 -1.9062 -0.0400
-2.1861 -1.8663 -0.0400
-2.1438 -1.8433 -0.0400
-2.0984 -1.8321 -0.0400
-2.0492 -1.8333 -0.0400
-1.9935 -1.8523 -0.0400
-0.4987 -3.4630 -0.0400
-0.4432 -3.3912 -0.0400
-0.3511 -3.3822 -0.0400
-0.2476 -3.3887 -0.0400
-0.1803 -3.3359 -0.0400
1.4974 -1.1747 -0.0400
1.5256 -1.0966 -0.0400
1.6636 -1.0624 -0.0400
1.7185 -0.9924 -0.0400
1.9278 -0.9769 -0.0400
3.0040 -0.5849 -0.0400
2.9759 -0.4721 -0.0400
3.0246 -0.3755 -0.0400
1.1446 1.7533 -0.0400
1.1084 1.8180 -0.0400
1.1037 1.8913 -0.0400
-1.1010 1.3786 -0.0400
-1.1457 1.3960 -0.0400
-1.1764 1.4178 -0.0400
-1.2650 1.4137 -0.0400
-1.2923 1.4343 -0.0400
-1.3120 1.4579 -0.0400
-1.3260 1.4840 -0.0400
-1.3255 1.5176 -0.0400
-1.3217 1.5536 -0.0400
-1.2485 5.4972 -0.0400
-2.2417 4.7635 -0.0400
-2.3125 4.7724 -0.0400
-2.4460 4.8746 -0.0400
-2.5186 4.8801 -0.0400
-3.8636 3.6462 -0.0400
-3.8980 3.5841 -0.0400
-3.9443 3.5562 -0.0400
-3.9977 3.5464 -0.0400
-4.0506 3.5343 -0.0400
-4.5995 3.8526 -0.0400
-4.6344 3.7884 -0.0400
-4.6968 3.7713 -0.0400
-8.5839 0.4571 -0.0400
-8.0096 0.1194 -0.0400
-3.8291 0.4322 -0.0400
-3.8032 0.4214 -0.0400
-3.7845 0.4088 -0.0400
-3.7698 0.3953 -0.0400
-3.7581 0.3811 -0.0400
-3.7482 0.3663 -0.0400
-3.7407 0.3507 -0.0400
-3.7366 0.3336 -0.0400
-3.7342 0.3156 -0.0400
-3.7336 0.2965 -0.0400
-3.7355 0.2758 -0.0400
-3.7407 0.2530 -0.0400
-5.8576 -3.2692 -0.0400
-5.7473 -3.2671 -0.0400
-5.6474 -3.2756 -0.0400
-5.5822 -3.3324 -0.0400
-4.6101 -2.3397 -0.0400
-4.5205 -2.3065 -0.0400
-4.4687 -2.3388 -0.0400
-5.2730 -4.0458 -0.0400
-3.2456 -1.2185 -0.0400
-3.2053 -1.1939 -0.0400
-3.1678 -1.1797 -0.0400
-3.1311 -1.1652 -0.0400
-3.0974 -1.1670 -0.0400
-3.0642 -1.1729 -0.0400
-3.0315 -1.1828 -0.0400
-3.0008 -1.2187 -0.0400
-2.9689 -1.2553 -0.0400
-3.0896 -4.2124 -0.0400
-3.0036 -4.2350 -0.0400
-2.2171 -1.9109 -0.0400
-2.1791 -1.8671 -0.0400
-2.1372 -1.8423 -0.0400
-2.0884 -1.8430 -0.0400
-2.0336 -1.8614 -0.0400
-0.5053 -3.4453 -0.0400
-0.4386 -3.3936 -0.0400
-0.3451 -3.3869 -0.0400
-0.2503 -3.3796 -0.0400
-0.1677 -3.3506 -0.0400
1.4912 -1.1733 -0.0400
1.5234 -1.0972 -0.0400
1.6598 -1.0628 -0.0400
1.8837 -1.0574 -0.0400
2.9815 -0.5850 -0.0400
2.9734 -0.4768 -0.0400
1.1822 1.6811 -0.0400
1.1312 1.7425 -0.0400
1.1152 1.8123 -0.0400
1.1360 1.8929 -0.0400
-1.1239 1.3649 -0.0400
-1.1593 1.3853 -0.0400
-1.1835 1.4093 -0.0400
-1.2567 1.4116 -0.0400
-1.2875 1.4306 -0.0400
-1.3089 1.4533 -0.0400
-1.3218 1.4797 -0.0400
-1.3256 1.5108 -0.0400
-1.3227 1.5461 -0.0400
-1.2929 1.5972 -0.0400
0.3627 2.8339 -0.0400
0.2267 2.8220 -0.0400
0.1889 2.8746 -0.0400
0.1796 2.9482 -0.0400
-1.2260 5.5107 -0.0400
-2.2242 4.7701 -0.0400
-2.2874 4.8372 -0.0400
-2.4285 4.8824 -0.0400
-2.5024 4.8739 -0.0400
-2.5731 4.9072 -0.0400
-3.2432 5.9818 -0.0400
-3.3278 5.8994 -0.0400
-3.8909 3.6084 -0.0400
-3.9309 3.5635 -0.0400
-3.9867 3.5594 -0.0400
-4.0405 3.5489 -0.0400
-4.6228 3.7992 -0.0400
-4.6797 3.7729 -0.0400
-8.6002 0.4667 -0.0400
-8.6041 0.3650 -0.0400
-8.0295 0.2182 -0.0400
-8.0323 0.1256 -0.0400
-3.8414 0.4293 -0.0400
-3.8096 0.4198 -0.0400
-3.7888 0.4076 -0.0400
-3.7664 0.3966 -0.0400
-3.7559 0.3818 -0.0400
-3.7481 0.3660 -0.0400
-3.7418 0.3497 -0.0400
-3.7370 0.3326 -0.0400
-3.7343 0.3145 -0.0400
-3.7338 0.2952 -0.0400
-3.7502 0.2670 -0.0400
-3.7665 0.2379 -0.0400
-5.8491 -3.2571 -0.0400
-5.7352 -3.2500 -0.0400
-5.6478 -3.2761 -0.0400
-5.6015 -3.3608 -0.0400
-4.5808 -2.2944 -0.0400
-4.5178 -2.3074 -0.0400
-4.4861 -2.3774 -0.0400
-5.2791 -4.0583 -0.0400
-3.2341 -1.1970 -0.0400
-3.1957 -1.1810 -0.0400
-3.1579 -1.1638 -0.0400
-3.1238 -1.1643 -0.0400
-3.0903 -1.1684 -0.0400
-3.0573 -1.1760 -0.0400
-3.0262 -1.2021 -0.0400
-2.9943 -1.2279 -0.0400
-2.9626 -1.2692 -0.0400
-3.0866 -4.2120 -0.0400
-2.2554 -1.9274 -0.0400
-2.2175 -1.8798 -0.0400
-2.1757 -1.8532 -0.0400
-2.1309 -1.8399 -0.0400
-2.0828 -1.8385 -0.0400
-2.0289 -1.8546 -0.0400
-0.5042 -3.4411 -0.0400
-0.4220 -3.4162 -0.0400
-0.3371 -3.3947 -0.0400
-0.2481 -3.3779 -0.0400
-0.1429 -3.3841 -0.0400
1.4840 -1.1711 -0.0400
1.5328 -1.1023 -0.0400
1.6581 -1.0635 -0.0400
1.8866 -1.0604 -0.0400
2.9588 -0.5844 -0.0400
2.9750 -0.4818 -0.0400
1.2232 1.6841 -0.0400
1.1407 1.7381 -0.0400
1.1109 1.8041 -0.0400
-1.1117 1.3649 -0.0400
-1.1507 1.3839 -0.0400
-1.1779 1.4066 -0.0400
-1.2694 1.4011 -0.0400
-1.2932 1.4227 -0.0400
-1.3102 1.4471 -0.0400
-1.3219 1.4739 -0.0400
-1.3274 1.5039 -0.0400
-1.3264 1.5378 -0.0400
0.3033 2.7834 -0.0400
0.2303 2.8128 -0.0400
0.1962 2.8677 -0.0400
0.2084 2.9568 -0.0400
-1.1307 5.4658 -0.0400
-1.2168 5.4855 -0.0400
-2.2109 4.7499 -0.0400
-2.2768 4.7931 -0.0400
-2.4113 4.8893 -0.0400
-2.4850 4.8845 -0.0400
-3.3126 5.9343 -0.0400
-3.9161 3.5675 -0.0400
-3.9688 3.5557 -0.0400
-4.0225 3.5456 -0.0400
-4.6091 3.8067 -0.0400
-8.5893 0.4782 -0.0400
-8.0527 0.2256 -0.0400
-8.0157 0.1371 -0.0400
-3.8700 0.4422 -0.0400
-3.8246 0.4356 -0.0400
-3.8006 0.4238 -0.0400
-3.7831 0.4105 -0.0400
-3.7694 0.3962 -0.0400
-3.7583 0.3813 -0.0400
-3.7495 0.3657 -0.0400
-3.7442 0.3487 -0.0400
-3.7413 0.3306 -0.0400
-3.7408 0.3112 -0.0400
-3.7430 0.2903 -0.0400
-3.7489 0.2670 -0.0400
-3.7645 0.2381 -0.0400
-5.8411 -3.2449 -0.0400
-5.7382 -3.2529 -0.0400
-5.6514 -3.2803 -0.0400
-5.6222 -3.3904 -0.0400
-4.5762 -2.2911 -0.0400
-4.5161 -2.3094 -0.0400
-4.4832 -2.3774 -0.0400
-5.2953 -4.0894 -0.0400
-3.2701 -1.2271 -0.0400
-3.2232 -1.1775 -0.0400
-3.1867 -1.1701 -0.0400
-3.1516 -1.1669 -0.0400
-3.1168 -1.1645 -0.0400
-3.0837 -1.1712 -0.0400
-3.0523 -1.1920 -0.0400
-3.0203 -1.2130 -0.0400
-2.9885 -1.2432 -0.0400
-2.9576 -1.2981 -0.0400
-3.0851 -4.2340 -0.0400
-2.2471 -1.9349 -0.0400
-2.2143 -1.8639 -0.0400
-2.1698 -1.8492 -0.0400
-2.1221 -1.8469 -0.0400
-2.0696 -1.8603 -0.0400
-2.0010 -1.9235 -0.0400
-0.5729 -3.4829 -0.0400
-0.5038 -3.4351 -0.0400
-0.4191 -3.4151 -0.0400
-0.3318 -3.3976 -0.0400
-0.2451 -3.3772 -0.0400
1.4958 -1.2677 -0.0400
1.4817 -1.1705 -0.0400
1.6230 -1.1411 -0.0400
1.6673 -1.0682 -0.0400
1.9299 -1.0784 -0.0400
2.9464 -0.5856 -0.0400
2.9950 -0.4902 -0.0400
1.1736 1.6664 -0.0400
1.1303 1.7293 -0.0400
1.1197 1.8001 -0.0400
1.1519 1.8835 -0.0400
-1.0735 1.3407 -0.0400
-1.1276 1.3551 -0.0400
-1.1605 1.3760 -0.0400
-1.2094 1.3895 -0.0400
-1.2604 1.4005 -0.0400
-1.2885 1.4202 -0.0400
-1.3082 1.4432 -0.0400
-1.3164 1.4715 -0.0400
-1.3174 1.5037 -0.0400
-1.3071 1.5424 -0.0400
0.3156 2.7807 -0.0400
0.2362 2.8058 -0.0400
0.2010 2.8598 -0.0400
-2.1953 4.7465 -0.0400
-2.2612 4.7885 -0.0400
-2.3975 4.8629 -0.0400
-2.4694 4.8747 -0.0400
-3.2058 5.9773 -0.0400
-3.2910 5.9015 -0.0400
-3.5628 5.3197 -0.0400
-3.6582 5.3897 -0.0400
-4.0858 3.5928 -0.0400
-4.5951 3.8141 -0.0400
-4.6589 3.7992 -0.0400
-8.5846 0.4900 -0.0400
-8.0227 0.2388 -0.0400
-8.0798 0.1398 -0.0400
-3.8384 0.4334 -0.0400
-3.7946 0.4274 -0.0400
-3.7793 0.4132 -0.0400
-3.7674 0.3982 -0.0400
-3.7577 0.3827 -0.0400
-3.7504 0.3663 -0.0400
-3.7447 0.3492 -0.0400
-3.7406 0.3314 -0.0400
-3.7397 0.3121 -0.0400
-3.7542 0.2851 -0.0400
-3.7670 0.2579 -0.0400
-5.8267 -3.2237 -0.0400
-5.7291 -3.2385 -0.0400
-5.6642 -3.2966 -0.0400
-4.5698 -2.2838 -0.0400
-4.5206 -2.3214 -0.0400
-5.3562 -4.0004 -0.0400
-3.3096 -1.2634 -0.0400
-3.2544 -1.1872 -0.0400
-3.2163 -1.1757 -0.0400
-3.1785 -1.1615 -0.0400
-3.1441 -1.1624 -0.0400
-3.1105 -1.1671 -0.0400
-3.0777 -1.1769 -0.0400
-3.0453 -1.1905 -0.0400
-3.0154 -1.2307 -0.0400
-2.9842 -1.2707 -0.0400
-3.1672 -4.1949 -0.0400
-3.0840 -4.2581 -0.0400
-2.2863 -1.9500 -0.0400
-2.2491 -1.8933 -0.0400
-2.2075 -1.8636 -0.0400
-2.1634 -1.8472 -0.0400
-2.1162 -1.8432 -0.0400
-2.0478 -1.9131 -0.0400
-0.5633 -3.4940 -0.0400
-0.5026 -3.4304 -0.0400
-0.4152 -3.4153 -0.0400
-0.3146 -3.4201 -0.0400
1.4565 -1.2491 -0.0400
1.4846 -1.1716 -0.0400
1.6175 -1.1390 -0.0400
1.6693 -1.0694 -0.0400
1.9272 -1.0783 -0.0400
2.9445 -0.5886 -0.0400
1.1996 1.6671 -0.0400
1.1312 1.7240 -0.0400
1.1418 1.8002 -0.0400
-1.1155 1.3562 -0.0400
-1.1539 1.3750 -0.0400
-1.2364 1.3749 -0.0400
-1.2710 1.3922 -0.0400
-1.2929 1.4142 -0.0400
-1.3085 1.4388 -0.0400
-1.3188 1.4658 -0.0400
-1.3220 1.4965 -0.0400
-1.3174 1.5319 -0.0400
0.3275 2.7785 -0.0400
0.2441 2.8008 -0.0400
0.2434 2.8789 -0.0400
-2.1790 4.7494 -0.0400
-2.2432 4.8039 -0.0400
-2.3818 4.8593 -0.0400
-2.4534 4.8717 -0.0400
-2.5216 4.9401 -0.0400
-3.2740 5.9153 -0.0400
-3.5455 5.3225 -0.0400
-3.6284 5.3245 -0.0400
-4.5824 3.8239 -0.0400
-8.5829 0.5022 -0.0400
-8.0257 0.2493 -0.0400
-8.0422 0.1548 -0.0400
-3.8654 0.4484 -0.0400
-3.8253 0.4399 -0.0400
-3.8020 0.4273 -0.0400
-3.7849 0.4134 -0.0400
-3.7714 0.3987 -0.0400
-3.7584 0.3841 -0.0400
-3.7522 0.3671 -0.0400
-3.7477 0.3493 -0.0400
-3.7457 0.3304 -0.0400
-3.7464 0.3100 -0.0400
-3.7503 0.2877 -0.0400
-3.7598 0.2622 -0.0400
-3.7947 0.2226 -0.0400
-5.8266 -3.2206 -0.0400
-5.7318 -3.2394 -0.0400
-5.6749 -3.3090 -0.0400
-4.6328 -2.2717 -0.0400
-4.5689 -2.2851 -0.0400
-4.5240 -2.3308 -0.0400
-5.3588 -4.0028 -0.0400
-3.2916 -1.2161 -0.0400
-3.2456 -1.1759 -0.0400
-3.2089 -1.1701 -0.0400
-3.1720 -1.1603 -0.0400
-3.1376 -1.1617 -0.0400
-3.1044 -1.1691 -0.0400
-3.0729 -1.1881 -0.0400
-3.0407 -1.2062 -0.0400
-3.0123 -1.2624 -0.0400
-3.1657 -4.2046 -0.0400
-2.2795 -1.9512 -0.0400
-2.2467 -1.8729 -0.0400
-2.2024 -1.8565 -0.0400
-2.1554 -1.8519 -0.0400
-2.1047 -1.8610 -0.0400
-2.0452 -1.8983 -0.0400
-0.5740 -3.4664 -0.0400
-0.4831 -3.4588 -0.0400
-0.4057 -3.4251 -0.0400
-0.3113 -3.4194 -0.0400
-0.2112 -3.4200 -0.0400
1.4551 -1.2478 -0.0400
1.4866 -1.1720 -0.0400
1.6173 -1.1387 -0.0400
1.7059 -1.0843 -0.0400
2.9986 -0.7115 -0.0400
2.9432 -0.5913 -0.0400
1.2574 1.6012 -0.0400
1.1621 1.6536 -0.0400
1.1291 1.7185 -0.0400
1.1263 1.7908 -0.0400
1.1816 1.8804 -0.0400
-1.0863 1.3306 -0.0400
-1.1321 1.3475 -0.0400
-1.1623 1.3689 -0.0400
-1.2177 1.3794 -0.0400
-1.2626 1.3926 -0.0400
-1.2892 1.4125 -0.0400
-1.3076 1.4356 -0.0400
-1.3134 1.4646 -0.0400
-1.3123 1.4973 -0.0400
-1.2968 1.5384 -0.0400
0.3804 2.7254 -0.0400
0.2914 2.7456 -0.0400
0.2416 2.7895 -0.0400
0.2283 2.8583 -0.0400
-2.1651 4.7388 -0.0400
-2.2333 4.7618 -0.0400
-2.2844 4.9310 -0.0400
-2.3650 4.8683 -0.0400
-2.4373 4.8737 -0.0400
-3.1679 5.9595 -0.0400
-3.2549 5.9058 -0.0400
-3.5280 5.3238 -0.0400
-3.6232 5.3951 -0.0400
-4.5686 3.8321 -0.0400
-4.6294 3.8120 -0.0400
-8.0273 0.2605 -0.0400
-3.8165 0.4455 -0.0400
-3.7971 0.4318 -0.0400
-3.7820 0.4171 -0.0400
-3.7702 0.4016 -0.0400
-3.7607 0.3855 -0.0400
-3.7536 0.3686 -0.0400
-3.7480 0.3511 -0.0400
-3.7517 0.3295 -0.0400
-3.7545 0.3079 -0.0400
-3.7617 0.2837 -0.0400
-3.7808 0.2530 -0.0400
-5.9361 -3.2136 -0.0400
-5.8090 -3.1938 -0.0400
-5.7326 -3.2369 -0.0400
-5.6781 -3.3100 -0.0400
-4.6252 -2.2608 -0.0400
-4.5675 -2.2846 -0.0400
-5.4542 -3.9760 -0.0400
-5.3758 -4.0308 -0.0400
-3.3301 -1.2420 -0.0400
-3.2781 -1.1852 -0.0400
-3.2399 -1.1760 -0.0400
-3.2014 -1.1624 -0.0400
-3.1656 -1.1585 -0.0400
-3.1319 -1.1637 -0.0400
-3.0989 -1.1728 -0.0400
-3.0676 -1.1941 -0.0400
-3.0382 -1.2344 -0.0400
-3.0072 -1.2726 -0.0400
-3.2515 -4.2088 -0.0400
-3.1632 -4.1982 -0.0400
-2.3216 -1.9531 -0.0400
-2.2827 -1.9000 -0.0400
-2.2404 -1.8714 -0.0400
-2.1960 -1.8552 -0.0400
-2.1492 -1.8502 -0.0400
-2.0870 -1.9032 -0.0400
-0.5701 -3.4661 -0.0400
-0.4757 -3.4653 -0.0400
-0.3794 -3.4644 -0.0400
-0.2973 -3.4364 -0.0400
1.4395 -1.3304 -0.0400
1.4488 -1.2437 -0.0400
1.5084 -1.1808 -0.0400
1.6187 -1.1387 -0.0400
1.7166 -1.0882 -0.0400
2.9309 -0.6968 -0.0400
2.9548 -0.5965 -0.0400
3.1932 1.1498 -0.0400
1.1470 1.6459 -0.0400
1.1365 1.7159 -0.0400
1.1629 1.7960 -0.0400
-1.0612 1.3373 -0.0400
-1.1472 1.3399 -0.0400
-1.1704 1.3636 -0.0400
-1.2418 1.3674 -0.0400
-1.2729 1.3857 -0.0400
-1.2935 1.4079 -0.0400
-1.3079 1.4325 -0.0400
-1.3171 1.4596 -0.0400
-1.3190 1.4905 -0.0400
0.3168 2.7534 -0.0400
0.2455 2.7832 -0.0400
-2.1503 4.7355 -0.0400
-2.3509 4.8536 -0.0400
-2.4227 4.8604 -0.0400
-3.1501 5.9630 -0.0400
-3.2366 5.9027 -0.0400
-3.4349 5.3687 -0.0400
-3.5105 5.3243 -0.0400
-3.5954 5.3389 -0.0400
-3.8002 3.6975 -0.0400
-3.8290 3.6173 -0.0400
-8.0474 0.2705 -0.0400
-3.8621 0.4566 -0.0400
-3.8266 0.4463 -0.0400
-3.8044 0.4330 -0.0400
-3.7878 0.4185 -0.0400
-3.7700 0.4049 -0.0400
-3.7620 0.3880 -0.0400
-3.7560 0.3705 -0.0400
-3.7516 0.3522 -0.0400
-3.7499 0.3327 -0.0400
-3.7512 0.3116 -0.0400
-3.7560 0.2885 -0.0400
-5.9287 -3.1993 -0.0400
-5.8294 -3.2156 -0.0400
-5.7440 -3.2478 -0.0400
-4.6244 -2.2601 -0.0400
-4.5685 -2.2874 -0.0400
-5.4519 -3.9676 -0.0400
-3.3146 -1.2044 -0.0400
-3.2698 -1.1733 -0.0400
-3.2308 -1.1602 -0.0400
-3.1944 -1.1555 -0.0400
-3.1600 -1.1581 -0.0400
-3.1266 -1.1654 -0.0400
-3.0943 -1.1800 -0.0400
-3.0635 -1.2061 -0.0400
-3.0348 -1.2539 -0.0400
-3.0051 -1.3063 -0.0400
-3.2489 -4.1983 -0.0400
-2.3176 -1.9399 -0.0400
-2.2773 -1.8949 -0.0400
-2.2344 -1.8689 -0.0400
-2.1883 -1.8605 -0.0400
-2.1379 -1.8696 -0.0400
-2.0804 -1.9030 -0.0400
-0.6377 -3.5094 -0.0400
-0.5607 -3.4765 -0.0400
-0.4785 -3.4528 -0.0400
-0.3703 -3.4735 -0.0400
-0.3017 -3.4225 -0.0400
1.4537 -1.3357 -0.0400
1.4505 -1.2430 -0.0400
1.5851 -1.2142 -0.0400
1.6504 -1.1513 -0.0400
1.8472 -1.1410 -0.0400
2.9196 -0.6958 -0.0400
2.9603 -0.5999 -0.0400
1.1929 1.5801 -0.0400
1.1485 1.6427 -0.0400
1.1330 1.7113 -0.0400
1.1475 1.7878 -0.0400
-1.1050 1.3210 -0.0400
-1.1417 1.3405 -0.0400
-1.1669 1.3633 -0.0400
-1.2313 1.3699 -0.0400
-1.2802 1.3807 -0.0400
-1.2966 1.4044 -0.0400
-1.3072 1.4305 -0.0400
-1.3117 1.4597 -0.0400
-1.3092 1.4926 -0.0400
-1.2890 1.5357 -0.0400
0.3754 2.7061 -0.0400
0.2904 2.7283 -0.0400
0.2506 2.7784 -0.0400
0.2710 2.8701 -0.0400
-2.3357 4.8523 -0.0400
-2.4065 4.8700 -0.0400
-2.4738 4.9429 -0.0400
-3.1322 5.9608 -0.0400
-3.2188 5.9028 -0.0400
-3.4202 5.3878 -0.0400
-3.4933 5.3258 -0.0400
-3.8232 3.6461 -0.0400
-3.8597 3.5908 -0.0400
-3.9155 3.5871 -0.0400
-3.9684 3.5749 -0.0400
-8.0627 0.2816 -0.0400
-3.8910 0.4533 -0.0400
-3.8177 0.4532 -0.0400
-3.7996 0.4386 -0.0400
-3.7852 0.4233 -0.0400
-3.7738 0.4072 -0.0400
-3.7646 0.3906 -0.0400
-3.7576 0.3732 -0.0400
-3.7563 0.3535 -0.0400
-3.7563 0.3330 -0.0400
-3.7596 0.3107 -0.0400
-3.7676 0.2857 -0.0400
-3.7905 0.2527 -0.0400
-5.9315 -3.1970 -0.0400
-5.8263 -3.2060 -0.0400
-5.7595 -3.2632 -0.0400
-4.6221 -2.2560 -0.0400
-4.5785 -2.3042 -0.0400
-5.4568 -3.9707 -0.0400
-3.3073 -1.1949 -0.0400
-3.2641 -1.1699 -0.0400
-3.2257 -1.1601 -0.0400
-3.1889 -1.1540 -0.0400
-3.1551 -1.1598 -0.0400
-3.1225 -1.1723 -0.0400
-3.0913 -1.1938 -0.0400
-3.0614 -1.2283 -0.0400
-3.0298 -1.2578 -0.0400
-3.2465 -4.1866 -0.0400
-2.3495 -2.0107 -0.0400
-2.3144 -1.9227 -0.0400
-2.2726 -1.8870 -0.0400
-2.2293 -1.8635 -0.0400
-2.1816 -1.8620 -0.0400
-2.1307 -1.8730 -0.0400
-2.0716 -1.9123 -0.0400
-0.6259 -3.5251 -0.0400
-0.5501 -3.4894 -0.0400
-0.4616 -3.4766 -0.0400
-0.3759 -3.4569 -0.0400
1.4332 -1.3235 -0.0400
1.4648 -1.2479 -0.0400
1.5893 -1.2145 -0.0400
1.6455 -1.1477 -0.0400
2.9134 -0.6957 -0.0400
3.0158 -0.6147 -0.0400
3.1755 1.1395 -0.0400
1.1919 1.5771 -0.0400
1.1484 1.6397 -0.0400
1.1591 1.7144 -0.0400
-1.1271 1.3129 -0.0400
-1.1545 1.3351 -0.0400
-1.2079 1.3468 -0.0400
-1.2518 1.3606 -0.0400
-1.2777 1.3805 -0.0400
-1.2960 1.4032 -0.0400
-1.3083 1.4283 -0.0400
-1.3039 1.4615 -0.0400
-1.2936 1.4983 -0.0400
0.4064 2.7183 -0.0400
0.3091 2.7332 -0.0400
0.2687 2.7830 -0.0400
-3.1129 5.9355 -0.0400
-3.2014 5.9054 -0.0400
-3.4035 5.3905 -0.0400
-3.4777 5.3359 -0.0400
-3.8021 3.6325 -0.0400
-3.8453 3.5958 -0.0400
-3.8961 3.5797 -0.0400
-3.9517 3.5745 -0.0400
-3.8534 0.4686 -0.0400
-3.8254 0.4558 -0.0400
-3.8056 0.4414 -0.0400
-3.7902 0.4261 -0.0400
-3.7738 0.4116 -0.0400
-3.7664 0.3941 -0.0400
-3.7605 0.3761 -0.0400
-3.7563 0.3573 -0.0400
-3.7550 0.3372 -0.0400
-3.7564 0.3156 -0.0400
-3.7832 0.2818 -0.0400
-5.9362 -3.1961 -0.0400
-5.8167 -3.1872 -0.0400
-5.7715 -3.2730 -0.0400
-4.6987 -2.2588 -0.0400
-4.6244 -2.2585 -0.0400
-5.5608 -3.9525 -0.0400
-5.4568 -3.9641 -0.0400
-3.3510 -1.2303 -0.0400
-3.2983 -1.1781 -0.0400
-3.2569 -1.1596 -0.0400
-3.2196 -1.1535 -0.0400
-3.1844 -1.1548 -0.0400
-3.1507 -1.1620 -0.0400
-3.1181 -1.1752 -0.0400
-3.0884 -1.2062 -0.0400
-3.0590 -1.2457 -0.0400
-3.3372 -4.2199 -0.0400
-3.2477 -4.2087 -0.0400
-2.3528 -1.9499 -0.0400
-2.3115 -1.9050 -0.0400
-2.2695 -1.8714 -0.0400
-2.2230 -1.8644 -0.0400
-2.1744 -1.8668 -0.0400
-2.1222 -1.8826 -0.0400
-0.6356 -3.4977 -0.0400
-0.5449 -3.4918 -0.0400
-0.4669 -3.4596 -0.0400
-0.3727 -3.4555 -0.0400
1.4162 -1.3127 -0.0400
1.4742 -1.2501 -0.0400
1.5957 -1.2154 -0.0400
1.6749 -1.1587 -0.0400
2.9388 -0.8100 -0.0400
2.9124 -0.6965 -0.0400
3.0307 -0.6196 -0.0400
3.1747 1.0317 -0.0400
1.1833 1.5730 -0.0400
1.1482 1.6372 -0.0400
1.1609 1.7122 -0.0400
-1.0867 1.2942 -0.0400
-1.1260 1.3132 -0.0400
-1.1542 1.3350 -0.0400
-1.1996 1.3496 -0.0400
-1.2656 1.3547 -0.0400
-1.2844 1.3771 -0.0400
-1.2978 1.4016 -0.0400
-1.3066 1.4281 -0.0400
-1.3088 1.4578 -0.0400
-1.3037 1.4917 -0.0400
-1.2625 1.5452 -0.0400
0.3735 2.6916 -0.0400
0.2916 2.7154 -0.0400
0.2579 2.7689 -0.0400
-3.0977 5.9665 -0.0400
-3.1855 5.9214 -0.0400
-3.3843 5.3740 -0.0400
-3.4611 5.3384 -0.0400
-3.7952 3.6576 -0.0400
-3.8309 3.6001 -0.0400
-3.8854 3.5935 -0.0400
-3.9389 3.5831 -0.0400
-4.0038 3.5976 -0.0400
-6.4439 -0.1515 -0.0400
-3.8624 0.4718 -0.0400
-3.8319 0.4594 -0.0400
-3.8111 0.4450 -0.0400
-3.7881 0.4319 -0.0400
-3.7774 0.4152 -0.0400
-3.7690 0.3979 -0.0400
-3.7623 0.3800 -0.0400
-3.7621 0.3594 -0.0400
-3.7624 0.3383 -0.0400
-3.7660 0.3155 -0.0400
-3.7747 0.2897 -0.0400
-3.8024 0.2540 -0.0400
-6.0115 -3.1398 -0.0400
-5.9069 -3.1522 -0.0400
-5.8225 -3.1875 -0.0400
-5.7782 -3.2748 -0.0400
-4.6910 -2.2443 -0.0400
-4.6253 -2.2576 -0.0400
-5.5497 -3.9262 -0.0400
-5.4654 -3.9717 -0.0400
-3.3346 -1.1882 -0.0400
-3.2936 -1.1747 -0.0400
-3.2522 -1.1569 -0.0400
-3.2151 -1.1522 -0.0400
-3.1804 -1.1558 -0.0400
-3.1473 -1.1668 -0.0400
-3.1156 -1.1858 -0.0400
-3.0850 -1.2136 -0.0400
-3.0560 -1.2569 -0.0400
-3.3321 -4.1807 -0.0400
-3.2486 -4.2224 -0.0400
-2.3521 -1.9172 -0.0400
-2.3084 -1.8897 -0.0400
-2.2637 -1.8717 -0.0400
-2.2163 -1.8689 -0.0400
-2.1662 -1.8773 -0.0400
-0.6143 -3.5332 -0.0400
-0.5415 -3.4910 -0.0400
-0.4422 -3.4983 -0.0400
-0.3600 -3.4713 -0.0400
1.2976 -3.6607 -0.0400
1.4202 -1.4039 -0.0400
1.4331 -1.3184 -0.0400
1.5582 -1.2878 -0.0400
1.5973 -1.2139 -0.0400
2.8912 -0.7973 -0.0400
2.9430 -0.7050 -0.0400
3.1739 1.0285 -0.0400
1.2279 1.5082 -0.0400
1.1707 1.5687 -0.0400
1.1519 1.6361 -0.0400
1.1716 1.7126 -0.0400
-1.0931 1.2928 -0.0400
-1.1290 1.3127 -0.0400
-1.1898 1.3228 -0.0400
-1.2388 1.3352 -0.0400
-1.2658 1.3547 -0.0400
-1.2848 1.3769 -0.0400
-1.2989 1.4009 -0.0400
-1.3007 1.4303 -0.0400
-1.2978 1.4625 -0.0400
-1.2789 1.5032 -0.0400
0.3373 2.6637 -0.0400
0.2893 2.7081 -0.0400
0.2808 2.7780 -0.0400
-3.0776 5.9191 -0.0400
-3.1672 5.9064 -0.0400
-3.3648 5.3536 -0.0400
-3.4426 5.3269 -0.0400
-3.7406 3.7104 -0.0400
-3.7724 3.6384 -0.0400
-3.8166 3.6046 -0.0400
-3.8676 3.5895 -0.0400
-3.9234 3.5850 -0.0400
-4.5127 3.8638 -0.0400
-6.4391 -0.1398 -0.0400
-3.8670 0.4767 -0.0400
-3.8363 0.4642 -0.0400
-3.8049 0.4527 -0.0400
-3.7918 0.4364 -0.0400
-3.7809 0.4195 -0.0400
-3.7719 0.4022 -0.0400
-3.7663 0.3836 -0.0400
-3.7628 0.3642 -0.0400
-3.7621 0.3433 -0.0400
-3.7641 0.3211 -0.0400
-3.7949 0.2850 -0.0400
-6.0234 -3.1454 -0.0400
-5.9230 -3.1638 -0.0400
-5.8286 -3.1871 -0.0400
-4.6921 -2.2423 -0.0400
-4.6407 -2.2791 -0.0400
-5.5523 -3.9218 -0.0400
-5.4772 -3.9837 -0.0400
-3.3269 -1.1731 -0.0400
-3.2870 -1.1632 -0.0400
-3.2471 -1.1509 -0.0400
-3.2110 -1.1504 -0.0400
-3.1769 -1.1576 -0.0400
-3.1441 -1.1706 -0.0400
-3.1132 -1.1941 -0.0400
-3.0838 -1.2304 -0.0400
-3.0590 -1.3028 -0.0400
-3.3319 -4.1789 -0.0400
-3.2490 -4.2271 -0.0400
-2.3900 -1.9562 -0.0400
-2.3473 -1.9144 -0.0400
-2.3047 -1.8793 -0.0400
-2.2585 -1.8698 -0.0400
-2.2083 -1.8812 -0.0400
-2.1557 -1.9000 -0.0400
-0.7047 -3.5310 -0.0400
-0.6148 -3.5249 -0.0400
-0.5400 -3.4866 -0.0400
-0.4370 -3.5012 -0.0400
1.3004 -3.6613 -0.0400
1.3949 -1.3876 -0.0400
1.4230 -1.3103 -0.0400
1.5593 -1.2856 -0.0400
1.6278 -1.2253 -0.0400
2.8854 -0.7959 -0.0400
2.9329 -0.7027 -0.0400
3.1959 1.0268 -0.0400
1.1934 1.5008 -0.0400
1.1600 1.5653 -0.0400
1.1443 1.6330 -0.0400
1.2079 1.7197 -0.0400
-1.0479 1.2761 -0.0400
-1.1042 1.2906 -0.0400
-1.1502 1.3068 -0.0400
-1.2000 1.3202 -0.0400
-1.2427 1.3347 -0.0400
-1.2679 1.3547 -0.0400
-1.2895 1.3755 -0.0400
-1.2991 1.4012 -0.0400
-1.3028 1.4296 -0.0400
-1.3013 1.4608 -0.0400
-1.2884 1.4982 -0.0400
0.4664 2.6617 -0.0400
0.3592 2.6722 -0.0400
0.2908 2.7039 -0.0400
0.2663 2.7629 -0.0400
-3.3505 5.3686 -0.0400
-3.4268 5.3313 -0.0400
-3.5149 5.3682 -0.0400
-3.7609 3.6499 -0.0400
-3.8036 3.6119 -0.0400
-3.8584 3.6065 -0.0400
-3.9114 3.5949 -0.0400
-3.9773 3.6123 -0.0400
-4.4990 3.8720 -0.0400
-4.5589 3.8507 -0.0400
-3.8159 0.4743 -0.0400
-3.8032 0.4574 -0.0400
-3.7927 0.4402 -0.0400
-3.7833 0.4227 -0.0400
-3.7779 0.4039 -0.0400
-3.7740 0.3845 -0.0400
-3.7729 0.3638 -0.0400
-3.7869 0.3365 -0.0400
-3.7985 0.3093 -0.0400
-6.1885 -3.0546 -0.0400
-6.0901 -3.0794 -0.0400
-5.9736 -3.0800 -0.0400
-5.9125 -3.1448 -0.0400
-4.8048 -2.1804 -0.0400
-4.7370 -2.1931 -0.0400
-4.6974 -2.2475 -0.0400
-5.6405 -3.8755 -0.0400
-5.5681 -3.9419 -0.0400
-3.3588 -1.1610 -0.0400
-3.3189 -1.1529 -0.0400
-3.2790 -1.1424 -0.0400
-3.2435 -1.1453 -0.0400
-3.2099 -1.1549 -0.0400
-3.1784 -1.1741 -0.0400
-3.1494 -1.2066 -0.0400
-3.1185 -1.2342 -0.0400
-3.4194 -4.1719 -0.0400
-2.4368 -1.9431 -0.0400
-2.3921 -1.9136 -0.0400
-2.3479 -1.8869 -0.0400
-2.3002 -1.8863 -0.0400
-2.2508 -1.8932 -0.0400
-0.7787 -3.5647 -0.0400
-0.6887 -3.5601 -0.0400
-0.5853 -3.5802 -0.0400
-0.5119 -3.5369 -0.0400
1.3498 -1.4536 -0.0400
1.4886 -1.4346 -0.0400
1.5293 -1.3618 -0.0400
1.7360 -1.3688 -0.0400
2.8572 -0.8938 -0.0400
2.9248 -0.8069 -0.0400
3.1960 0.9215 -0.0400
1.2024 1.4311 -0.0400
1.1661 1.4954 -0.0400
1.1669 1.5662 -0.0400
-1.0765 1.2377 -0.0400
-1.1123 1.2584 -0.0400
-1.1505 1.2773 -0.0400
-1.2113 1.2876 -0.0400
-1.2432 1.3060 -0.0400
-1.2721 1.3247 -0.0400
-1.2840 1.3492 -0.0400
-1.2924 1.3751 -0.0400
-1.2957 1.4033 -0.0400
-1.2696 1.4451 -0.0400
0.4367 2.5677 -0.0400
0.3578 2.5950 -0.0400
0.3242 2.6479 -0.0400
-3.3358 5.3384 -0.0400
-3.7016 3.6715 -0.0400
-3.7430 3.6286 -0.0400
-3.7969 3.6217 -0.0400
-3.8507 3.6136 -0.0400
-3.9094 3.6157 -0.0400
-4.4343 3.9056 -0.0400
-3.7773 0.4126 -0.0400
-3.7715 0.3937 -0.0400
-3.7671 0.3743 -0.0400
-3.7732 0.3503 -0.0400
-3.7766 0.3269 -0.0400
-3.7852 0.3006 -0.0400
-3.8147 0.2635 -0.0400
-6.0283 -3.1315 -0.0400
-5.9197 -3.1405 -0.0400
-4.7718 -2.2369 -0.0400
-4.6872 -2.2247 -0.0400
-4.6416 -2.2705 -0.0400
-5.5686 -3.9285 -0.0400
-3.3679 -1.1976 -0.0400
-3.3157 -1.1525 -0.0400
-3.2777 -1.1494 -0.0400
-3.2413 -1.1502 -0.0400
-3.2057 -1.1529 -0.0400
-3.1720 -1.1631 -0.0400
-3.1408 -1.1855 -0.0400
-3.1126 -1.2259 -0.0400
-3.0825 -1.2622 -0.0400
-3.4223 -4.1839 -0.0400
-3.3336 -4.1830 -0.0400
-2.4268 -1.9829 -0.0400
-2.3833 -1.9360 -0.0400
-2.3408 -1.8925 -0.0400
-2.2953 -1.8765 -0.0400
-2.2463 -1.8819 -0.0400
-2.1961 -1.8913 -0.0400
-0.7573 -3.6030 -0.0400
-0.7002 -3.5263 -0.0400
-0.6101 -3.5206 -0.0400
-0.5081 -3.5356 -0.0400
-0.4331 -3.4954 -0.0400
1.4044 -1.3856 -0.0400
1.5275 -1.3565 -0.0400
1.5806 -1.2897 -0.0400
1.7867 -1.2930 -0.0400
2.8716 -0.8974 -0.0400
2.8868 -0.7955 -0.0400
3.1704 0.9187 -0.0400
1.1827 1.4983 -0.0400
1.1563 1.5638 -0.0400
1.1570 1.6347 -0.0400
-1.1074 1.2631 -0.0400
-1.1364 1.2848 -0.0400
-1.1553 1.3091 -0.0400
-1.2345 1.3120 -0.0400
-1.2592 1.3321 -0.0400
-1.2827 1.3522 -0.0400
-1.2929 1.3771 -0.0400
-1.3001 1.4034 -0.0400
-1.2895 1.4378 -0.0400
-1.2743 1.4753 -0.0400
0.4141 2.6234 -0.0400
0.3335 2.6488 -0.0400
0.2926 2.6968 -0.0400
-3.7064 3.7457 -0.0400
-3.7332 3.6584 -0.0400
-3.7746 3.6171 -0.0400
-3.8279 3.6085 -0.0400
-3.8819 3.6003 -0.0400
-4.4703 3.8854 -0.0400
-4.5327 3.8687 -0.0400
-3.7859 0.3712 -0.0400
-3.7892 0.3479 -0.0400
-3.7973 0.3221 -0.0400
-6.1829 -3.0270 -0.0400
-6.0839 -3.0511 -0.0400
-5.9855 -3.0735 -0.0400
-5.9384 -3.1561 -0.0400
-4.7994 -2.1604 -0.0400
-4.7474 -2.1966 -0.0400
-5.7601 -3.8609 -0.0400
-5.6520 -3.8719 -0.0400
-3.4516 -1.2150 -0.0400
-3.3962 -1.1698 -0.0400
-3.3524 -1.1533 -0.0400
-3.3097 -1.1369 -0.0400
-3.2740 -1.1410 -0.0400
-3.2399 -1.1501 -0.0400
-3.2071 -1.1648 -0.0400
-3.1750 -1.1831 -0.0400
-3.1485 -1.2293 -0.0400
-3.1203 -1.2740 -0.0400
-3.5089 -4.1617 -0.0400
-3.4254 -4.1987 -0.0400
-2.4751 -1.9619 -0.0400
-2.4313 -1.9142 -0.0400
-2.3858 -1.8928 -0.0400
-2.3384 -1.8894 -0.0400
-2.2900 -1.8914 -0.0400
-2.2354 -1.9268 -0.0400
-0.8466 -3.6040 -0.0400
-0.7618 -3.5888 -0.0400
-0.6812 -3.5628 -0.0400
-0.5855 -3.5668 -0.0400
-0.5033 -3.5410 -0.0400
1.1435 -3.7941 -0.0400
1.3125 -1.5184 -0.0400
1.3671 -1.4557 -0.0400
1.4902 -1.4286 -0.0400
1.5486 -1.3649 -0.0400
2.8258 -0.9894 -0.0400
2.8742 -0.8977 -0.0400
3.1684 0.8148 -0.0400
1.2408 1.3670 -0.0400
1.1792 1.4278 -0.0400
1.1719 1.4966 -0.0400
1.1818 1.5690 -0.0400
-1.0274 1.2250 -0.0400
-1.1079 1.2347 -0.0400
-1.1435 1.2546 -0.0400
-1.1884 1.2707 -0.0400
-1.2441 1.2818 -0.0400
-1.2626 1.3040 -0.0400
-1.2766 1.3275 -0.0400
-1.2868 1.3522 -0.0400
-1.2908 1.3795 -0.0400
-1.2753 1.4154 -0.0400
-1.2487 1.4574 -0.0400
0.4423 2.5648 -0.0400
0.3531 2.5860 -0.0400
0.3435 2.6528 -0.0400
-0.8238 5.3243 -0.0400
-3.6710 3.6693 -0.0400
-3.7159 3.6375 -0.0400
-3.7693 3.6300 -0.0400
-3.8229 3.6217 -0.0400
-4.4080 3.9227 -0.0400
-5.9944 -3.0683 -0.0400
-5.9268 -3.1263 -0.0400
-4.7594 -2.2040 -0.0400
-4.6952 -2.2225 -0.0400
-5.6558 -3.8611 -0.0400
-3.4071 -1.2042 -0.0400
-3.3565 -1.1697 -0.0400
-3.3138 -1.1555 -0.0400
-3.2724 -1.1421 -0.0400
-3.2370 -1.1473 -0.0400
-3.2027 -1.1566 -0.0400
-3.1714 -1.1786 -0.0400
-3.1398 -1.2015 -0.0400
-3.1166 -1.2694 -0.0400
-3.4241 -4.1727 -0.0400
-3.3408 -4.2155 -0.0400
-2.4231 -1.9465 -0.0400
-2.3792 -1.9052 -0.0400
-2.3340 -1.8830 -0.0400
-2.2856 -1.8844 -0.0400
-2.2335 -1.9058 -0.0400
-0.8365 -3.6198 -0.0400
-0.7723 -3.5569 -0.0400
-0.6819 -3.5533 -0.0400
-0.5925 -3.5447 -0.0400
-0.5085 -3.5233 -0.0400
1.3585 -1.4456 -0.0400
1.4050 -1.3783 -0.0400
1.5503 -1.3609 -0.0400
1.7600 -1.3704 -0.0400
2.8460 -0.9944 -0.0400
2.8587 -0.8915 -0.0400
2.9398 -0.8089 -0.0400
3.2045 0.8139 -0.0400
3.1694 0.9167 -0.0400
1.2122 1.4345 -0.0400
1.1670 1.4969 -0.0400
1.1617 1.5660 -0.0400
1.2186 1.6486 -0.0400
-1.0740 1.2487 -0.0400
-1.1265 1.2643 -0.0400
-1.1553 1.2855 -0.0400
-1.2104 1.2973 -0.0400
-1.2542 1.3112 -0.0400
-1.2764 1.3317 -0.0400
-1.2874 1.3560 -0.0400
-1.2917 1.3829 -0.0400
-1.2940 1.4109 -0.0400
-1.2923 1.4411 -0.0400
0.3636 2.5893 -0.0400
0.3246 2.6383 -0.0400
0.3141 2.7048 -0.0400
-0.8893 5.3527 -0.0400
-3.6770 3.7456 -0.0400
-3.7075 3.6690 -0.0400
-3.7471 3.6234 -0.0400
-3.7976 3.6082 -0.0400
-3.8561 3.6123 -0.0400
-3.9147 3.6142 -0.0400
-4.4437 3.9012 -0.0400
-6.1899 -3.0101 -0.0400
-6.0891 -3.0328 -0.0400
-5.9990 -3.0653 -0.0400
-5.9666 -3.1664 -0.0400
-4.8061 -2.1537 -0.0400
-4.7614 -2.2011 -0.0400
-5.7520 -3.8222 -0.0400
-5.6759 -3.8837 -0.0400
-3.4423 -1.1914 -0.0400
-3.3912 -1.1590 -0.0400
-3.3437 -1.1319 -0.0400
-3.3069 -1.1345 -0.0400
-3.2718 -1.1418 -0.0400
-3.2378 -1.1529 -0.0400
-3.2081 -1.1808 -0.0400
-3.1777 -1.2088 -0.0400
-3.1490 -1.2482 -0.0400
-3.5177 -4.1884 -0.0400
-2.5141 -2.0118 -0.0400
-2.4711 -1.9306 -0.0400
-2.4254 -1.9025 -0.0400
-2.3785 -1.8924 -0.0400
-2.3298 -1.8964 -0.0400
-2.2780 -1.9178 -0.0400
-0.9118 -3.6544 -0.0400
-0.8397 -3.6085 -0.0400
-0.7598 -3.5815 -0.0400
-0.6595 -3.5983 -0.0400
-0.5771 -3.5731 -0.0400
1.2839 -1.5877 -0.0400
1.3205 -1.5148 -0.0400
1.4604 -1.4996 -0.0400
1.5061 -1.4295 -0.0400
1.7125 -1.4414 -0.0400
2.8055 -1.0875 -0.0400
2.8306 -0.9885 -0.0400
1.1942 1.3629 -0.0400
1.1727 1.4291 -0.0400
1.1820 1.5004 -0.0400
-1.0367 1.1996 -0.0400
-1.1018 1.2142 -0.0400
-1.1360 1.2348 -0.0400
-1.1928 1.2480 -0.0400
-1.2244 1.2670 -0.0400
-1.2558 1.2851 -0.0400
-1.2736 1.3071 -0.0400
-1.2829 1.3318 -0.0400
-1.2857 1.3590 -0.0400
-1.2759 1.3916 -0.0400
-1.2645 1.4256 -0.0400
0.4949 2.5180 -0.0400
0.3846 2.5292 -0.0400
0.3541 2.5828 -0.0400
0.3523 2.6538 -0.0400
-0.8056 5.3134 -0.0400
-1.8067 4.7430 -0.0400
-1.8914 4.6823 -0.0400
-1.9585 4.6998 -0.0400
-3.6886 3.6425 -0.0400
-3.7422 3.6362 -0.0400
-3.7959 3.6290 -0.0400
-3.8667 3.6624 -0.0400
-4.3795 3.9341 -0.0400
-8.5907 0.9892 -0.0400
-6.1907 -2.9973 -0.0400
-6.0739 -3.0021 -0.0400
-6.0158 -3.0717 -0.0400
-4.8118 -2.1521 -0.0400
-5.8641 -3.7994 -0.0400
-5.7533 -3.8096 -0.0400
-3.4271 -1.1492 -0.0400
-3.3832 -1.1356 -0.0400
-3.3439 -1.1326 -0.0400
-3.3069 -1.1352 -0.0400
-3.2717 -1.1429 -0.0400
-3.2399 -1.1625 -0.0400
-3.2087 -1.1860 -0.0400
-3.1789 -1.2177 -0.0400
-3.1520 -1.2665 -0.0400
-3.5169 -4.1656 -0.0400
-2.5125 -1.9977 -0.0400
-2.4688 -1.9253 -0.0400
-2.4228 -1.8998 -0.0400
-2.3751 -1.8953 -0.0400
-2.3248 -1.9095 -0.0400
-2.2687 -1.9575 -0.0400
-0.9174 -3.6357 -0.0400
-0.8346 -3.6160 -0.0400
-0.7516 -3.5955 -0.0400
-0.6581 -3.5966 -0.0400
1.3027 -1.5947 -0.0400
1.3179 -1.5090 -0.0400
1.4619 -1.4964 -0.0400
1.6665 -1.5115 -0.0400
2.8056 -1.0859 -0.0400
2.8323 -0.9875 -0.0400
3.1887 0.7106 -0.0400
1.2854 1.3067 -0.0400
1.1938 1.3647 -0.0400
1.1723 1.4309 -0.0400
1.1857 1.5027 -0.0400
-1.0765 1.1952 -0.0400
-1.1174 1.2150 -0.0400
-1.1433 1.2374 -0.0400
-1.2067 1.2485 -0.0400
-1.2434 1.2656 -0.0400
-1.2642 1.2868 -0.0400
-1.2767 1.3103 -0.0400
-1.2850 1.3351 -0.0400
-1.2845 1.3634 -0.0400
-1.2711 1.3972 -0.0400
-1.2563 1.4327 -0.0400
0.5677 2.4835 -0.0400
0.4645 2.5012 -0.0400
0.3925 2.5328 -0.0400
0.3604 2.5855 -0.0400
-0.7151 5.2837 -0.0400
-1.8047 4.7063 -0.0400
-1.8820 4.6778 -0.0400
-1.9472 4.7035 -0.0400
-1.9922 4.8480 -0.0400
-2.0700 4.8133 -0.0400
-2.1408 4.8173 -0.0400
-3.8465 3.6491 -0.0400
-4.3286 4.0032 -0.0400
-4.3654 3.9394 -0.0400
-8.5949 1.0074 -0.0400
-8.0597 0.7095 -0.0400
-8.0597 0.6154 -0.0400
-6.1985 -2.9915 -0.0400
-6.0897 -3.0057 -0.0400
-6.0131 -3.0543 -0.0400
-4.8938 -2.1448 -0.0400
-4.8161 -2.1477 -0.0400
-4.7773 -2.2044 -0.0400
-5.7628 -3.8084 -0.0400
-3.4925 -1.2117 -0.0400
-3.4309 -1.1565 -0.0400
-3.3854 -1.1393 -0.0400
-3.3452 -1.1349 -0.0400
-3.3067 -1.1334 -0.0400
-3.2728 -1.1461 -0.0400
-3.2403 -1.1639 -0.0400
-3.2091 -1.1883 -0.0400
-3.1798 -1.2224 -0.0400
-3.6166 -4.1980 -0.0400
-3.5219 -4.1742 -0.0400
-2.5126 -1.9641 -0.0400
-2.4675 -1.9132 -0.0400
-2.4204 -1.8988 -0.0400
-2.3723 -1.8969 -0.0400
-2.3211 -1.9169 -0.0400
-0.9221 -3.6201 -0.0400
-0.8337 -3.6142 -0.0400
-0.7435 -3.6101 -0.0400
-0.6579 -3.5931 -0.0400
1.2773 -1.5750 -0.0400
1.3589 -1.5287 -0.0400
1.4595 -1.4911 -0.0400
1.5460 -1.4431 -0.0400
2.7981 -1.0816 -0.0400
3.1819 0.7111 -0.0400
1.2190 1.3010 -0.0400
1.1814 1.3653 -0.0400
1.1747 1.4335 -0.0400
1.2083 1.5087 -0.0400
-1.0914 1.1970 -0.0400
-1.1349 1.2158 -0.0400
-1.1784 1.2332 -0.0400
-1.2269 1.2478 -0.0400
-1.2522 1.2679 -0.0400
-1.2693 1.2900 -0.0400
-1.2794 1.3141 -0.0400
-1.2829 1.3405 -0.0400
-1.2785 1.3701 -0.0400
-1.2551 1.4080 -0.0400
0.5636 2.4814 -0.0400
0.4239 2.4796 -0.0400
0.3796 2.5255 -0.0400
0.3838 2.5986 -0.0400
-0.7871 5.3093 -0.0400
-1.7924 4.7173 -0.0400
-1.8726 4.6757 -0.0400
-1.9840 4.8356 -0.0400
-2.0602 4.8092 -0.0400
-2.1302 4.8177 -0.0400
-4.3511 3.9437 -0.0400
-4.4159 3.9331 -0.0400
-8.5979 1.0259 -0.0400
-8.0721 0.7265 -0.0400
-8.1264 0.6300 -0.0400
-6.1766 -2.9525 -0.0400
-6.0877 -2.9884 -0.0400
-6.0472 -3.0789 -0.0400
-4.8774 -2.1111 -0.0400
-4.8256 -2.1494 -0.0400
-5.8790 -3.7886 -0.0400
-5.7717 -3.8051 -0.0400
-3.4724 -1.1556 -0.0400
-3.4240 -1.1339 -0.0400
-3.3824 -1.1270 -0.0400
-3.3441 -1.1279 -0.0400
-3.3080 -1.1344 -0.0400
-3.2736 -1.1461 -0.0400
-3.2408 -1.1635 -0.0400
-3.2159 -1.2126 -0.0400
-3.1912 -1.2689 -0.0400
-3.6182 -4.1831 -0.0400
-2.5574 -2.0304 -0.0400
-2.5116 -1.9551 -0.0400
-2.4659 -1.9102 -0.0400
-2.4183 -1.9009 -0.0400
-2.3694 -1.9035 -0.0400
-2.3156 -1.9414 -0.0400
-0.9945 -3.6629 -0.0400
-0.9176 -3.6284 -0.0400
-0.8345 -3.6094 -0.0400
-0.7478 -3.5970 -0.0400
-0.6546 -3.5971 -0.0400
1.2944 -1.5811 -0.0400
1.4202 -1.5603 -0.0400
1.4859 -1.5018 -0.0400
1.7056 -1.5253 -0.0400
2.7909 -1.1854 -0.0400
2.7959 -1.0789 -0.0400
2.8976 -1.0055 -0.0400
1.2001 1.3015 -0.0400
1.1812 1.3680 -0.0400
1.1892 1.4383 -0.0400
-1.0560 1.1808 -0.0400
-1.1094 1.1985 -0.0400
-1.1386 1.2204 -0.0400
-1.1974 1.2337 -0.0400
-1.2357 1.2508 -0.0400
-1.2622 1.2703 -0.0400
-1.2739 1.2938 -0.0400
-1.2807 1.3188 -0.0400
-1.2815 1.3460 -0.0400
-1.2750 1.3764 -0.0400
-1.2467 1.4160 -0.0400
0.5177 2.4587 -0.0400
0.4171 2.4766 -0.0400
0.3772 2.5246 -0.0400
0.3807 2.5971 -0.0400
-0.7034 5.2676 -0.0400
-1.8619 4.6822 -0.0400
-1.9732 4.8415 -0.0400
-2.0505 4.8080 -0.0400
-2.1148 4.8550 -0.0400
-4.3379 3.9494 -0.0400
-8.6078 1.0449 -0.0400
-8.0645 0.7443 -0.0400
-8.0779 0.6494 -0.0400
-6.2892 -2.9237 -0.0400
-6.1916 -2.9529 -0.0400
-6.0953 -2.9811 -0.0400
-6.0423 -3.0572 -0.0400
-4.8922 -2.1184 -0.0400
-4.8286 -2.1412 -0.0400
-4.8036 -2.2183 -0.0400
-3.4839 -1.1783 -0.0400
-3.4303 -1.1446 -0.0400
-3.3864 -1.1325 -0.0400
-3.3447 -1.1243 -0.0400
-3.3099 -1.1353 -0.0400
-3.2767 -1.1518 -0.0400
-3.2452 -1.1751 -0.0400
-3.2157 -1.2077 -0.0400
-3.1898 -1.2592 -0.0400
-3.7190 -4.2046 -0.0400
-3.6189 -4.1608 -0.0400
-2.5594 -1.9637 -0.0400
-2.5120 -1.9300 -0.0400
-2.4645 -1.9110 -0.0400
-2.4166 -1.9028 -0.0400
-2.3673 -1.9079 -0.0400
-2.3113 -1.9612 -0.0400
-0.9938 -3.6632 -0.0400
-0.9097 -3.6467 -0.0400
-0.8315 -3.6144 -0.0400
-0.7351 -3.6241 -0.0400
1.2478 -1.6437 -0.0400
1.2871 -1.5723 -0.0400
1.4263 -1.5598 -0.0400
1.4744 -1.4913 -0.0400
2.7617 -1.1725 -0.0400
2.8306 -1.0891 -0.0400
3.1818 0.6099 -0.0400
3.2026 0.7120 -0.0400
1.3049 1.2464 -0.0400
1.1942 1.3039 -0.0400
1.1796 1.3708 -0.0400
1.2072 1.4439 -0.0400
-1.0943 1.1790 -0.0400
-1.1305 1.1998 -0.0400
-1.1878 1.2144 -0.0400
-1.2177 1.2343 -0.0400
-1.2476 1.2534 -0.0400
-1.2656 1.2751 -0.0400
-1.2762 1.2988 -0.0400
-1.2813 1.3243 -0.0400
-1.2746 1.3540 -0.0400
-1.2597 1.3875 -0.0400
0.4859 2.4439 -0.0400
0.4062 2.4720 -0.0400
0.3759 2.5249 -0.0400
0.4110 2.6151 -0.0400
-0.6843 5.2914 -0.0400
-0.7680 5.3123 -0.0400
-1.7867 4.6651 -0.0400
-1.8550 4.6737 -0.0400
-1.9593 4.8673 -0.0400
-2.0420 4.8030 -0.0400
-2.1062 4.8488 -0.0400
-2.7570 5.9658 -0.0400
-8.6240 1.1687 -0.0400
-8.6106 1.0639 -0.0400
-8.0657 0.7621 -0.0400
-8.0987 0.6665 -0.0400
-6.4804 0.0463 -0.0400
-6.2968 -2.9150 -0.0400
-6.1999 -2.9451 -0.0400
-6.1034 -2.9735 -0.0400
-4.8875 -2.0987 -0.0400
-4.8464 -2.1524 -0.0400
-5.8704 -3.7402 -0.0400
-5.8007 -3.8124 -0.0400
-3.4742 -1.1458 -0.0400
-3.4268 -1.1276 -0.0400
-3.3858 -1.1235 -0.0400
-3.3477 -1.1263 -0.0400
-3.3119 -1.1350 -0.0400
-3.2780 -1.1496 -0.0400
-3.2513 -1.1903 -0.0400
-3.2247 -1.2359 -0.0400
-3.6231 -4.1545 -0.0400
-2.5579 -1.9909 -0.0400
-2.5120 -1.9189 -0.0400
-2.4640 -1.9068 -0.0400
-2.4147 -1.9121 -0.0400
-2.3639 -1.9278 -0.0400
-2.3098 -1.9635 -0.0400
-0.9990 -3.6486 -0.0400
-0.9102 -3.6445 -0.0400
-0.8307 -3.6154 -0.0400
-0.7349 -3.6233 -0.0400
1.2415 -1.6355 -0.0400
1.3894 -1.6309 -0.0400
1.4270 -1.5562 -0.0400
1.6301 -1.5755 -0.0400
2.7676 -1.1726 -0.0400
2.8115 -1.0803 -0.0400
3.1716 0.6115 -0.0400
1.2277 1.2422 -0.0400
1.1937 1.3073 -0.0400
1.1909 1.3757 -0.0400
1.2157 1.4484 -0.0400
-1.0523 1.1646 -0.0400
-1.1129 1.1816 -0.0400
-1.1415 1.2038 -0.0400
-1.1972 1.2186 -0.0400
-1.2383 1.2353 -0.0400
-1.2590 1.2565 -0.0400
-1.2706 1.2799 -0.0400
-1.2780 1.3044 -0.0400
-1.2786 1.3312 -0.0400
-1.2728 1.3606 -0.0400
-1.2505 1.3968 -0.0400
0.4759 2.4406 -0.0400
0.4030 2.4720 -0.0400
0.3840 2.5309 -0.0400
-0.6913 5.2583 -0.0400
-1.7749 4.6812 -0.0400
-1.8397 4.7066 -0.0400
-1.9621 4.8037 -0.0400
-2.0337 4.8001 -0.0400
-2.0991 4.8354 -0.0400
-2.7448 5.9608 -0.0400
-8.6082 0.9853 -0.0400
-8.0646 0.6918 -0.0400
-8.1014 0.5953 -0.0400
-6.5052 0.0614 -0.0400
-6.4696 -0.0009 -0.0400
-3.8774 0.5287 -0.0400
-6.2333 -2.9576 -0.0400
-6.1344 -2.9846 -0.0400
-6.0549 -3.0314 -0.0400
-4.8438 -2.1294 -0.0400
-4.7956 -2.1738 -0.0400
-5.8090 -3.7983 -0.0400
-3.4504 -1.1769 -0.0400
-3.3911 -1.1259 -0.0400
-3.3517 -1.1258 -0.0400
-3.3148 -1.1320 -0.0400
-3.2799 -1.1439 -0.0400
-3.2467 -1.1622 -0.0400
-3.2153 -1.1884 -0.0400
-3.1863 -1.2269 -0.0400
-3.1641 -1.3000 -0.0400
-3.6308 -4.1523 -0.0400
-3.5528 -4.2271 -0.0400
-2.5093 -1.9664 -0.0400
-2.4636 -1.9086 -0.0400
-2.4154 -1.8995 -0.0400
-2.3663 -1.8997 -0.0400
-2.3115 -1.9439 -0.0400
-0.9204 -3.6191 -0.0400
-0.8338 -3.6080 -0.0400
-0.7412 -3.6087 -0.0400
-0.6536 -3.5952 -0.0400
1.2645 -1.6447 -0.0400
1.2847 -1.5611 -0.0400
1.4385 -1.5578 -0.0400
1.4665 -1.4776 -0.0400
2.7814 -1.1750 -0.0400
2.8014 -1.0740 -0.0400
1.2003 1.3130 -0.0400
1.1800 1.3791 -0.0400
1.2097 1.4522 -0.0400
-1.1018 1.1930 -0.0400
-1.1276 1.2160 -0.0400
-1.1868 1.2302 -0.0400
-1.2226 1.2485 -0.0400
-1.2544 1.2668 -0.0400
-1.2706 1.2888 -0.0400
-1.2788 1.3129 -0.0400
-1.2818 1.3388 -0.0400
-1.2766 1.3678 -0.0400
-1.2542 1.4037 -0.0400
0.4958 2.4536 -0.0400
0.4168 2.4822 -0.0400
0.3722 2.5273 -0.0400
0.3650 2.5927 -0.0400
-1.8374 4.6711 -0.0400
-1.9020 4.6950 -0.0400
-2.0175 4.8326 -0.0400
-2.0900 4.8220 -0.0400
-2.8173 5.9186 -0.0400
-3.1167 5.3642 -0.0400
-3.1951 5.3555 -0.0400
-3.2808 5.3999 -0.0400
-8.0733 0.7984 -0.0400
-8.0983 0.7029 -0.0400
-6.4920 0.0746 -0.0400
-6.5203 -0.0021 -0.0400
-3.9047 0.5518 -0.0400
-3.8606 0.5411 -0.0400
-3.8444 0.5233 -0.0400
-3.8263 0.5065 -0.0400
-6.1387 -2.9770 -0.0400
-4.9036 -2.0907 -0.0400
-4.8540 -2.1332 -0.0400
-5.8866 -3.7236 -0.0400
-3.5422 -1.1892 -0.0400
-3.4796 -1.1392 -0.0400
-3.4330 -1.1241 -0.0400
-3.3921 -1.1214 -0.0400
-3.3541 -1.1255 -0.0400
-3.3198 -1.1403 -0.0400
-3.2882 -1.1640 -0.0400
-3.2589 -1.1977 -0.0400
-3.2339 -1.2512 -0.0400
-3.7348 -4.1898 -0.0400
-3.6397 -4.1757 -0.0400
-2.5609 -1.9315 -0.0400
-2.5125 -1.9138 -0.0400
-2.4638 -1.9083 -0.0400
-2.4143 -1.9126 -0.0400
-2.3575 -1.9809 -0.0400
-1.0727 -3.6968 -0.0400
-0.9895 -3.6772 -0.0400
-0.9108 -3.6450 -0.0400
-0.8120 -3.6623 -0.0400
-0.7249 -3.6476 -0.0400
1.2174 -1.7089 -0.0400
1.2429 -1.6283 -0.0400
1.3811 -1.6181 -0.0400
1.4689 -1.5734 -0.0400
2.7681 -1.2780 -0.0400
2.7635 -1.1669 -0.0400
3.1676 0.5122 -0.0400
1.2305 1.1815 -0.0400
1.1975 1.2470 -0.0400
1.1878 1.3143 -0.0400
1.1997 1.3843 -0.0400
-1.0673 1.1469 -0.0400
-1.1213 1.1658 -0.0400
-1.1378 1.1905 -0.0400
-1.1975 1.2053 -0.0400
-1.2401 1.2222 -0.0400
-1.2546 1.2450 -0.0400
-1.2676 1.2678 -0.0400
-1.2741 1.2924 -0.0400
-1.2717 1.3198 -0.0400
-1.2566 1.3518 -0.0400
-1.2416 1.3846 -0.0400
0.5211 2.3990 -0.0400
0.4378 2.4265 -0.0400
0.3972 2.4738 -0.0400
-0.6788 5.2557 -0.0400
-1.7682 4.6494 -0.0400
-1.9488 4.7913 -0.0400
-2.0181 4.7984 -0.0400
-2.0794 4.8588 -0.0400
-2.6333 5.9643 -0.0400
-2.7218 5.9155 -0.0400
-2.9553 5.4258 -0.0400
-3.0304 5.3664 -0.0400
-3.1096 5.3666 -0.0400
-3.1995 5.4565 -0.0400
-8.6181 1.2265 -0.0400
-8.6391 1.1228 -0.0400
-8.0857 0.8167 -0.0400
-6.4959 0.0896 -0.0400
-3.9059 0.5631 -0.0400
-3.8765 0.5481 -0.0400
-3.8464 0.5341 -0.0400
-3.8332 0.5157 -0.0400
-3.8197 0.4976 -0.0400
-3.8120 0.4776 -0.0400
-3.8077 0.4563 -0.0400
-4.9886 -2.0777 -0.0400
-4.9108 -2.0842 -0.0400
-5.9901 -3.6777 -0.0400
-5.8961 -3.7159 -0.0400
-3.4767 -1.1195 -0.0400
-3.4336 -1.1133 -0.0400
-3.3944 -1.1154 -0.0400
-3.3576 -1.1234 -0.0400
-3.3229 -1.1373 -0.0400
-3.2900 -1.1575 -0.0400
-3.2592 -1.1863 -0.0400
-3.7309 -4.1362 -0.0400
-2.6108 -1.9720 -0.0400
-2.5620 -1.9328 -0.0400
-2.5134 -1.9148 -0.0400
-2.4645 -1.9096 -0.0400
-2.4123 -1.9419 -0.0400
-2.3555 -2.0049 -0.0400
-1.0764 -3.6903 -0.0400
-0.9885 -3.6835 -0.0400
-0.9098 -3.6505 -0.0400
-0.8121 -3.6646 -0.0400
1.2093 -1.6998 -0.0400
1.3484 -1.6924 -0.0400
1.3826 -1.6154 -0.0400
1.4726 -1.5720 -0.0400
2.7287 -1.2603 -0.0400
2.7888 -1.1744 -0.0400
3.1753 0.5134 -0.0400
1.3197 1.1224 -0.0400
1.2204 1.1850 -0.0400
1.1940 1.2510 -0.0400
1.1910 1.3188 -0.0400
-1.0511 1.1281 -0.0400
-1.0933 1.1501 -0.0400
-1.1212 1.1733 -0.0400
-1.1944 1.1866 -0.0400
-1.2242 1.2069 -0.0400
-1.2518 1.2269 -0.0400
-1.2625 1.2504 -0.0400
-1.2700 1.2745 -0.0400
-1.2696 1.3010 -0.0400
-1.2691 1.3278 -0.0400
-1.2424 1.3636 -0.0400
0.5909 2.3661 -0.0400
0.4760 2.3808 -0.0400
0.4285 2.4251 -0.0400
0.4010 2.4789 -0.0400
-0.6007 5.2119 -0.0400
-1.6773 4.7067 -0.0400
-1.7628 4.6458 -0.0400
-1.8240 4.6820 -0.0400
-1.9437 4.7817 -0.0400
-2.0082 4.8159 -0.0400
-2.6230 5.9714 -0.0400
-2.7113 5.9137 -0.0400
-2.9459 5.4392 -0.0400
-3.0202 5.3683 -0.0400
-3.0991 5.3678 -0.0400
-8.0764 0.8354 -0.0400
-6.4998 0.1048 -0.0400
-3.8822 0.5583 -0.0400
-3.8607 0.5416 -0.0400
-3.8369 0.5262 -0.0400
-3.8260 0.5071 -0.0400
-3.8163 0.4877 -0.0400
-3.8103 0.4670 -0.0400
-3.8106 0.4437 -0.0400
-3.8098 0.4206 -0.0400
-3.8245 0.3903 -0.0400
-5.9900 -3.6557 -0.0400
-5.9087 -3.7118 -0.0400
-3.5417 -1.1615 -0.0400
-3.4864 -1.1295 -0.0400
-3.4410 -1.1186 -0.0400
-3.4004 -1.1181 -0.0400
-3.3624 -1.1233 -0.0400
-3.3288 -1.1412 -0.0400
-3.2971 -1.1663 -0.0400
-3.2680 -1.2019 -0.0400
-3.2444 -1.2618 -0.0400
-3.7468 -4.1734 -0.0400
-2.6125 -1.9851 -0.0400
-2.5636 -1.9382 -0.0400
-2.5150 -1.9137 -0.0400
-2.4651 -1.9203 -0.0400
-2.4134 -1.9429 -0.0400
-2.3559 -2.0123 -0.0400
-1.0768 -3.6948 -0.0400
-0.9895 -3.6857 -0.0400
-0.9087 -3.6577 -0.0400
-0.8119 -3.6690 -0.0400
1.2099 -1.6967 -0.0400
1.3414 -1.6846 -0.0400
1.3865 -1.6144 -0.0400
1.5887 -1.6381 -0.0400
2.7334 -1.2603 -0.0400
1.3048 1.1259 -0.0400
1.2174 1.1892 -0.0400
1.1926 1.2553 -0.0400
1.2324 1.3277 -0.0400
-1.0786 1.1318 -0.0400
-1.1102 1.1550 -0.0400
-1.1796 1.1704 -0.0400
-1.2172 1.1898 -0.0400
-1.2385 1.2116 -0.0400
-1.2533 1.2343 -0.0400
-1.2656 1.2572 -0.0400
-1.2696 1.2823 -0.0400
-1.2612 1.3110 -0.0400
-1.2532 1.3402 -0.0400
-1.2324 1.3743 -0.0400
0.5424 2.3478 -0.0400
0.4794 2.3861 -0.0400
0.4224 2.4257 -0.0400
0.4291 2.4969 -0.0400
-0.5966 5.2098 -0.0400
-1.6902 4.6355 -0.0400
-1.7568 4.6475 -0.0400
-1.8583 4.8237 -0.0400
-1.9370 4.7836 -0.0400
-2.0048 4.7972 -0.0400
-2.6138 5.9188 -0.0400
-2.7019 5.9579 -0.0400
-3.0108 5.3734 -0.0400
-3.0976 5.4560 -0.0400
-8.1017 0.8539 -0.0400
-6.5105 0.1189 -0.0400
-3.8925 0.5675 -0.0400
-3.8681 0.5514 -0.0400
-3.8499 0.5341 -0.0400
-3.8306 0.5175 -0.0400
-3.8208 0.4980 -0.0400
-3.8149 0.4772 -0.0400
-3.8106 0.4557 -0.0400
-3.8166 0.4296 -0.0400
-3.8198 0.4043 -0.0400
-3.8600 0.3614 -0.0400
-3.5591 -1.1866 -0.0400
-3.4844 -1.1095 -0.0400
-3.4427 -1.1076 -0.0400
-3.4039 -1.1120 -0.0400
-3.3674 -1.1219 -0.0400
-3.3328 -1.1374 -0.0400
-3.3000 -1.1593 -0.0400
-3.2797 -1.2256 -0.0400
-3.7478 -4.1380 -0.0400
-2.6659 -2.0144 -0.0400
-2.6156 -1.9488 -0.0400
-2.5663 -1.9237 -0.0400
-2.5170 -1.9146 -0.0400
-2.4671 -1.9187 -0.0400
-2.4155 -1.9388 -0.0400
-1.1530 -3.7438 -0.0400
-1.0804 -3.6915 -0.0400
-0.9911 -3.6878 -0.0400
-0.8956 -3.6976 -0.0400
-0.8129 -3.6718 -0.0400
1.1653 -1.7619 -0.0400
1.2009 -1.6875 -0.0400
1.3371 -1.6787 -0.0400
1.4001 -1.6197 -0.0400
2.6976 -1.3538 -0.0400
2.7370 -1.2599 -0.0400
3.1751 0.5171 -0.0400
1.1977 1.1923 -0.0400
1.1997 1.2605 -0.0400
1.2351 1.3325 -0.0400
-1.0390 1.1165 -0.0400
-1.0910 1.1379 -0.0400
-1.1339 1.1591 -0.0400
-1.2027 1.1743 -0.0400
-1.2302 1.1952 -0.0400
-1.2473 1.2177 -0.0400
-1.2614 1.2403 -0.0400
-1.2659 1.2651 -0.0400
-1.2668 1.2909 -0.0400
-1.2642 1.3180 -0.0400
-1.2250 1.3567 -0.0400
0.5303 2.3464 -0.0400
0.4629 2.3823 -0.0400
0.4243 2.4306 -0.0400
-0.5932 5.2073 -0.0400
-1.6809 4.6524 -0.0400
-1.7535 4.6402 -0.0400
-1.8620 4.7788 -0.0400
-1.9324 4.7780 -0.0400
-1.9951 4.8197 -0.0400
-2.6042 5.9604 -0.0400
-2.6923 5.9191 -0.0400
-2.9242 5.3910 -0.0400
-3.0012 5.3687 -0.0400
-3.0837 5.4102 -0.0400
-3.4903 3.7326 -0.0400
-3.5321 3.6941 -0.0400
-3.5785 3.6721 -0.0400
-8.0796 0.8729 -0.0400
-6.5320 0.2013 -0.0400
-6.5088 0.1357 -0.0400
-6.5488 0.0563 -0.0400
-3.9097 0.5751 -0.0400
-3.8791 0.5605 -0.0400
-3.8580 0.5438 -0.0400
-3.8360 0.5279 -0.0400
-3.8258 0.5085 -0.0400
-3.8175 0.4884 -0.0400
-3.8147 0.4663 -0.0400
-3.8124 0.4436 -0.0400
-3.8256 0.4140 -0.0400
-3.8351 0.3851 -0.0400
-3.5417 -1.1295 -0.0400
-3.4927 -1.1131 -0.0400
-3.4500 -1.1095 -0.0400
-3.4105 -1.1128 -0.0400
-3.3736 -1.1226 -0.0400
-3.3402 -1.1425 -0.0400
-3.3089 -1.1699 -0.0400
-3.2804 -1.2092 -0.0400
-3.2595 -1.2804 -0.0400
-3.8449 -4.1160 -0.0400
-3.7709 -4.2020 -0.0400
-2.6185 -1.9640 -0.0400
-2.5693 -1.9184 -0.0400
-2.5194 -1.9193 -0.0400
-2.4684 -1.9355 -0.0400
-2.4144 -1.9792 -0.0400
-1.1613 -3.7279 -0.0400
-1.0795 -3.7028 -0.0400
-0.9933 -3.6898 -0.0400
-0.8946 -3.7075 -0.0400
-0.8075 -3.6917 -0.0400
1.1541 -1.7512 -0.0400
1.2225 -1.6991 -0.0400
1.3430 -1.6797 -0.0400
1.4404 -1.6421 -0.0400
2.6968 -1.3518 -0.0400
2.7379 -1.2586 -0.0400
3.1605 0.4175 -0.0400
1.2280 1.1309 -0.0400
1.1981 1.1971 -0.0400
1.1974 1.2650 -0.0400
1.2296 1.3365 -0.0400
-1.0964 1.1175 -0.0400
-1.1217 1.1417 -0.0400
-1.1707 1.1614 -0.0400
-1.2156 1.1802 -0.0400
-1.2380 1.2019 -0.0400
-1.2572 1.2237 -0.0400
-1.2636 1.2480 -0.0400
-1.2648 1.2735 -0.0400
-1.2630 1.3000 -0.0400
-1.2298 1.3359 -0.0400
0.5292 2.3503 -0.0400
0.4460 2.3788 -0.0400
0.4259 2.4358 -0.0400
-1.5963 4.6885 -0.0400
-1.6843 4.6231 -0.0400
-1.7462 4.6520 -0.0400
-1.8541 4.7929 -0.0400
-1.9276 4.7762 -0.0400
-2.5070 5.9750 -0.0400
-2.5962 5.9122 -0.0400
-2.9174 5.4190 -0.0400
-2.9925 5.3677 -0.0400
-3.4812 3.7317 -0.0400
-3.5233 3.6949 -0.0400
-3.5703 3.6751 -0.0400
-3.6270 3.6835 -0.0400
-3.6803 3.6801 -0.0400
-6.5700 0.2109 -0.0400
-6.5103 0.1520 -0.0400
-3.9490 0.5767 -0.0400
-3.8958 0.5681 -0.0400
-3.8574 0.5565 -0.0400
-3.8428 0.5382 -0.0400
-3.8312 0.5190 -0.0400
-3.8218 0.4993 -0.0400
-3.8180 0.4774 -0.0400
-3.8150 0.4550 -0.0400
-3.8155 0.4309 -0.0400
-3.8381 0.3963 -0.0400
-3.5497 -1.1302 -0.0400
-3.5005 -1.1140 -0.0400
-3.4573 -1.1100 -0.0400
-3.4153 -1.1072 -0.0400
-3.3796 -1.1206 -0.0400
-3.3455 -1.1390 -0.0400
-3.3133 -1.1640 -0.0400
-3.2960 -1.2419 -0.0400
-3.8614 -4.1435 -0.0400
-3.7707 -4.1560 -0.0400
-2.6730 -1.9917 -0.0400
-2.6224 -1.9423 -0.0400
-2.5726 -1.9219 -0.0400
-2.5227 -1.9179 -0.0400
-2.4720 -1.9281 -0.0400
-1.1653 -3.7270 -0.0400
-1.0782 -3.7171 -0.0400
-0.9953 -3.6938 -0.0400
-0.8970 -3.7100 -0.0400
1.1548 -1.7493 -0.0400
1.2914 -1.7433 -0.0400
1.3423 -1.6768 -0.0400
1.5756 -1.7246 -0.0400
2.7115 -1.4686 -0.0400
2.6929 -1.3488 -0.0400
2.7447 -1.2599 -0.0400
1.2043 1.1345 -0.0400
1.1997 1.2020 -0.0400
1.2263 1.2723 -0.0400
-1.0650 1.1013 -0.0400
-1.1027 1.1249 -0.0400
-1.1258 1.1494 -0.0400
-1.1889 1.1668 -0.0400
-1.2393 1.1844 -0.0400
-1.2520 1.2076 -0.0400
-1.2597 1.2316 -0.0400
-1.2640 1.2562 -0.0400
-1.2638 1.2821 -0.0400
-1.2395 1.3146 -0.0400
0.5628 2.3029 -0.0400
0.4906 2.3378 -0.0400
0.4488 2.3848 -0.0400
0.4542 2.4542 -0.0400
-1.6802 4.6247 -0.0400
-1.7759 4.8060 -0.0400
-1.8555 4.7649 -0.0400
-1.9232 4.7757 -0.0400
-1.9821 4.8364 -0.0400
-2.5881 5.9280 -0.0400
-2.6755 5.9281 -0.0400
-2.9072 5.3796 -0.0400
-2.9848 5.3724 -0.0400
-3.4744 3.7369 -0.0400
-3.5156 3.6973 -0.0400
-3.5658 3.6879 -0.0400
-3.6190 3.6862 -0.0400
-3.6732 3.6859 -0.0400
-6.5348 0.2342 -0.0400
-6.5205 0.1667 -0.0400
-3.9317 0.5943 -0.0400
-3.8928 0.5817 -0.0400
-3.8691 0.5655 -0.0400
-3.8516 0.5479 -0.0400
-3.8378 0.5294 -0.0400
-3.8265 0.5102 -0.0400
-3.8208 0.4890 -0.0400
-3.8172 0.4669 -0.0400
-3.8162 0.4434 -0.0400
-3.8365 0.4099 -0.0400
-3.8612 0.3731 -0.0400
-3.6215 -1.1740 -0.0400
-3.5558 -1.1249 -0.0400
-3.5073 -1.1110 -0.0400
-3.4602 -1.0975 -0.0400
-3.4223 -1.1059 -0.0400
-3.3862 -1.1189 -0.0400
-3.3517 -1.1365 -0.0400
-3.3253 -1.1804 -0.0400
-3.2986 -1.2280 -0.0400
-3.8649 -4.1134 -0.0400
-2.6772 -1.9580 -0.0400
-2.6267 -1.9300 -0.0400
-2.5767 -1.9201 -0.0400
-2.5262 -1.9250 -0.0400
-2.4744 -1.9474 -0.0400
-2.4179 -2.0166 -0.0400
-1.1685 -3.7306 -0.0400
-1.0801 -3.7240 -0.0400
-0.9790 -3.7506 -0.0400
-0.8990 -3.7152 -0.0400
1.1233 -1.8253 -0.0400
1.1622 -1.7524 -0.0400
1.2907 -1.7407 -0.0400
1.3476 -1.6781 -0.0400
1.5886 -1.7310 -0.0400
2.6721 -1.4499 -0.0400
2.6914 -1.3469 -0.0400
3.1745 0.4201 -0.0400
1.2573 1.0734 -0.0400
1.2080 1.1396 -0.0400
1.1970 1.2067 -0.0400
1.2159 1.2762 -0.0400
-1.1039 1.1056 -0.0400
-1.1254 1.1305 -0.0400
-1.1926 1.1485 -0.0400
-1.2249 1.1696 -0.0400
-1.2429 1.1922 -0.0400
-1.2549 1.2155 -0.0400
-1.2620 1.2396 -0.0400
-1.2568 1.2664 -0.0400
-1.2495 1.2941 -0.0400
-1.2300 1.3256 -0.0400
0.6469 2.2758 -0.0400
0.5449 2.3003 -0.0400
0.4741 2.3355 -0.0400
0.4434 2.3874 -0.0400
-0.5134 5.1616 -0.0400
-0.5743 5.2257 -0.0400
-1.6128 4.6072 -0.0400
-1.6784 4.6197 -0.0400
-1.8512 4.7674 -0.0400
-1.9147 4.7991 -0.0400
-2.4923 5.9625 -0.0400
-2.5810 5.9092 -0.0400
-2.9011 5.4011 -0.0400
-2.9798 5.4069 -0.0400
-3.4701 3.7487 -0.0400
-3.5066 3.6937 -0.0400
-3.5577 3.6878 -0.0400
-3.6112 3.6879 -0.0400
-3.6650 3.6870 -0.0400
-4.1743 4.0289 -0.0400
-4.2296 4.0050 -0.0400
-8.5974 1.3237 -0.0400
-6.5178 0.1841 -0.0400
-3.9203 0.5865 -0.0400
-3.8859 0.5731 -0.0400
-3.8539 0.5600 -0.0400
-3.8412 0.5411 -0.0400
-3.8311 0.5215 -0.0400
-3.8238 0.5008 -0.0400
-3.8189 0.4791 -0.0400
-3.8263 0.4520 -0.0400
-3.8323 0.4249 -0.0400
-3.8468 0.3930 -0.0400
-3.4673 -1.0947 -0.0400
-3.4295 -1.1038 -0.0400
-3.3935 -1.1173 -0.0400
-3.3625 -1.1459 -0.0400
-3.3316 -1.1771 -0.0400
-3.3041 -1.2221 -0.0400
-3.8747 -4.1082 -0.0400
-2.6824 -1.9822 -0.0400
-2.6314 -1.9399 -0.0400
-2.5811 -1.9233 -0.0400
-2.5300 -1.9379 -0.0400
-2.4767 -1.9782 -0.0400
-1.1686 -3.7456 -0.0400
-1.0827 -3.7303 -0.0400
-0.9845 -3.7483 -0.0400
-0.9021 -3.7191 -0.0400
1.1066 -1.8115 -0.0400
1.2080 -1.7831 -0.0400
1.2898 -1.7385 -0.0400
1.3713 -1.6920 -0.0400
2.6525 -1.4403 -0.0400
2.7024 -1.3508 -0.0400
3.1541 0.3210 -0.0400
1.2845 1.0100 -0.0400
1.2165 1.0770 -0.0400
1.1993 1.1440 -0.0400
1.2114 1.2126 -0.0400
-1.0715 1.0892 -0.0400
-1.1070 1.1136 -0.0400
-1.1276 1.1387 -0.0400
-1.1981 1.1562 -0.0400
-1.2416 1.1756 -0.0400
-1.2525 1.1992 -0.0400
-1.2589 1.2234 -0.0400
-1.2596 1.2487 -0.0400
-1.2565 1.2750 -0.0400
-1.2468 1.3033 -0.0400
-1.2207 1.3366 -0.0400
0.6053 2.2642 -0.0400
0.5216 2.2958 -0.0400
0.4673 2.3378 -0.0400
0.4875 2.4130 -0.0400
-0.5069 5.1704 -0.0400
-1.6114 4.6036 -0.0400
-1.6765 4.6176 -0.0400
-1.7813 4.7532 -0.0400
-1.8508 4.7542 -0.0400
-1.9135 4.7880 -0.0400
-2.4846 5.9942 -0.0400
-2.8928 5.3733 -0.0400
-2.9708 5.3784 -0.0400
-3.4201 3.7850 -0.0400
-3.4559 3.7242 -0.0400
-3.5000 3.6960 -0.0400
-3.5492 3.6851 -0.0400
-3.6037 3.6887 -0.0400
-4.1282 4.0940 -0.0400
-4.1650 4.0313 -0.0400
-4.2231 4.0133 -0.0400
-8.6241 1.3451 -0.0400
-8.0959 1.0246 -0.0400
-3.9250 0.6177 -0.0400
-3.8933 0.6030 -0.0400
-3.8721 0.5861 -0.0400
-3.8564 0.5678 -0.0400
-3.8443 0.5487 -0.0400
-3.8364 0.5282 -0.0400
-3.8326 0.5061 -0.0400
-3.8318 0.4826 -0.0400
-3.8355 0.4568 -0.0400
-3.8450 0.4280 -0.0400
-3.4061 -1.1373 -0.0400
-3.3758 -1.1694 -0.0400
-3.3488 -1.2146 -0.0400
-3.9714 -4.0873 -0.0400
-2.7910 -2.0220 -0.0400
-2.7370 -1.9565 -0.0400
-2.6856 -1.9333 -0.0400
-2.6350 -1.9270 -0.0400
-2.5842 -1.9350 -0.0400
-2.5322 -1.9622 -0.0400
-1.3333 -3.8116 -0.0400
-1.2560 -3.7673 -0.0400
-1.1666 -3.7636 -0.0400
-1.0742 -3.7661 -0.0400
1.0614 -1.8791 -0.0400
1.1963 -1.8768 -0.0400
1.2527 -1.8140 -0.0400
1.4646 -1.8573 -0.0400
2.6110 -1.6470 -0.0400
2.6126 -1.5339 -0.0400
2.7307 -1.4753 -0.0400
3.1384 0.2209 -0.0400
1.2255 1.0124 -0.0400
1.2026 1.0798 -0.0400
-1.0699 1.0391 -0.0400
-1.1048 1.0647 -0.0400
-1.1238 1.0905 -0.0400
-1.1962 1.1103 -0.0400
-1.2242 1.1329 -0.0400
-1.2400 1.1562 -0.0400
-1.2500 1.1801 -0.0400
-1.2556 1.2044 -0.0400
-1.2460 1.2316 -0.0400
-1.2339 1.2598 -0.0400
-1.1987 1.2939 -0.0400
0.6175 2.2066 -0.0400
0.5353 2.2398 -0.0400
0.4962 2.2887 -0.0400
-0.4301 5.1367 -0.0400
-1.4704 4.6047 -0.0400
-1.5495 4.5754 -0.0400
-1.6118 4.5981 -0.0400
-1.6298 4.7859 -0.0400
-1.7153 4.7298 -0.0400
-1.7841 4.7338 -0.0400
-1.8463 4.7668 -0.0400
-2.3955 5.9328 -0.0400
-2.4835 5.9069 -0.0400
-2.7344 5.3894 -0.0400
-2.8112 5.3712 -0.0400
-2.8913 5.4232 -0.0400
-3.4048 3.7440 -0.0400
-3.4472 3.7091 -0.0400
-3.5005 3.7122 -0.0400
-3.5522 3.7086 -0.0400
-3.6148 3.7352 -0.0400
-4.1041 4.0563 -0.0400
-8.5838 1.4597 -0.0400
-3.9200 0.6083 -0.0400
-3.8751 0.5982 -0.0400
-3.8598 0.5798 -0.0400
-3.8481 0.5605 -0.0400
-3.8393 0.5403 -0.0400
-3.8337 0.5189 -0.0400
-3.8304 0.4964 -0.0400
-3.8445 0.4663 -0.0400
-3.8581 0.4355 -0.0400
-6.5305 -2.6678 -0.0400
-3.9834 -4.0858 -0.0400
-2.7436 -1.9727 -0.0400
-2.6916 -1.9405 -0.0400
-2.6407 -1.9313 -0.0400
-2.5894 -1.9500 -0.0400
-2.5361 -1.9991 -0.0400
-1.3456 -3.7894 -0.0400
-1.2530 -3.7978 -0.0400
-1.1681 -3.7777 -0.0400
-1.0733 -3.7864 -0.0400
1.0224 -1.9523 -0.0400
1.0641 -1.8806 -0.0400
1.1953 -1.8754 -0.0400
1.2503 -1.8116 -0.0400
1.5028 -1.8830 -0.0400
2.5881 -1.6356 -0.0400
2.6099 -1.5324 -0.0400
3.1378 0.2226 -0.0400
1.2330 0.9492 -0.0400
1.2056 1.0170 -0.0400
1.2078 1.0848 -0.0400
-1.0731 1.0472 -0.0400
-1.1074 1.0729 -0.0400
-1.1257 1.0987 -0.0400
-1.2240 1.1161 -0.0400
-1.2389 1.1398 -0.0400
-1.2479 1.1638 -0.0400
-1.2526 1.1883 -0.0400
-1.2516 1.2138 -0.0400
-1.2461 1.2403 -0.0400
-1.2325 1.2688 -0.0400
-1.1897 1.3046 -0.0400
0.5550 2.1885 -0.0400
0.5082 2.2347 -0.0400
0.4964 2.2944 -0.0400
-0.3672 5.0780 -0.0400
-1.5497 4.5707 -0.0400
-1.6075 4.6079 -0.0400
-1.6396 4.7427 -0.0400
-1.7154 4.7217 -0.0400
-1.7824 4.7321 -0.0400
-2.3921 5.8945 -0.0400
-2.7294 5.4148 -0.0400
-2.8056 5.3683 -0.0400
-2.8835 5.3862 -0.0400
-3.3557 3.7781 -0.0400
-3.3951 3.7296 -0.0400
-3.4407 3.7074 -0.0400
-3.4919 3.7047 -0.0400
-3.5445 3.7050 -0.0400
-4.0989 4.0649 -0.0400
-8.5889 1.4797 -0.0400
-8.0885 1.1509 -0.0400
-8.0880 1.0558 -0.0400
-3.8925 0.6060 -0.0400
-3.8719 0.5890 -0.0400
-3.8566 0.5708 -0.0400
-3.8439 0.5519 -0.0400
-3.8386 0.5303 -0.0400
-3.8361 0.5075 -0.0400
-3.8373 0.4829 -0.0400
-3.8441 0.4553 -0.0400
-3.8609 0.4224 -0.0400
-6.5456 -2.6585 -0.0400
-6.4242 -2.6706 -0.0400
-6.3615 -2.7376 -0.0400
-2.8029 -1.9893 -0.0400
-2.7496 -1.9482 -0.0400
-2.6980 -1.9314 -0.0400
-2.6470 -1.9297 -0.0400
-2.5957 -1.9418 -0.0400
-2.5431 -1.9748 -0.0400
-1.3496 -3.7997 -0.0400
-1.2613 -3.7924 -0.0400
-1.1759 -3.7734 -0.0400
-1.0743 -3.8026 -0.0400
1.0164 -1.9477 -0.0400
1.0795 -1.8923 -0.0400
1.1958 -1.8757 -0.0400
1.2805 -1.8329 -0.0400
2.5989 -1.6413 -0.0400
2.6128 -1.5339 -0.0400
1.2376 0.9538 -0.0400
1.2072 1.0217 -0.0400
-1.0771 1.0274 -0.0400
-1.1086 1.0538 -0.0400
-1.1263 1.0800 -0.0400
-1.2035 1.1009 -0.0400
-1.2268 1.1243 -0.0400
-1.2409 1.1481 -0.0400
-1.2493 1.1722 -0.0400
-1.2484 1.1976 -0.0400
-1.2418 1.2241 -0.0400
-1.2267 1.2526 -0.0400
0.6496 2.1641 -0.0400
0.5583 2.1955 -0.0400
0.5066 2.2398 -0.0400
0.4934 2.2989 -0.0400
-0.3698 5.0729 -0.0400
-1.4788 4.5737 -0.0400
-1.5475 4.5757 -0.0400
-1.7161 4.7135 -0.0400
-1.7805 4.7337 -0.0400
-2.2972 5.9449 -0.0400
-2.3873 5.8930 -0.0400
-2.7239 5.3723 -0.0400
-2.8008 5.3740 -0.0400
-3.3616 3.8227 -0.0400
-3.3881 3.7229 -0.0400
-3.4364 3.7117 -0.0400
-3.4905 3.7190 -0.0400
-3.5422 3.7164 -0.0400
-4.0384 4.0944 -0.0400
-4.0894 4.0628 -0.0400
-8.5988 1.6047 -0.0400
-8.5865 1.4988 -0.0400
-8.1396 1.1713 -0.0400
-3.8491 0.5633 -0.0400
-3.8407 0.5429 -0.0400
-3.8354 0.5212 -0.0400
-3.8436 0.4938 -0.0400
-3.8517 0.4656 -0.0400
-3.8725 0.4308 -0.0400
-6.5577 -2.6461 -0.0400
-6.4407 -2.6627 -0.0400
-6.4011 -2.7533 -0.0400
-2.8112 -2.0055 -0.0400
-2.7570 -1.9555 -0.0400
-2.7051 -1.9354 -0.0400
-2.6538 -1.9378 -0.0400
-2.6019 -1.9632 -0.0400
-2.5473 -2.0362 -0.0400
-1.3578 -3.7969 -0.0400
-1.2662 -3.8005 -0.0400
-1.1736 -3.8040 -0.0400
-1.0848 -3.7924 -0.0400
1.0138 -1.9463 -0.0400
1.0840 -1.8963 -0.0400
1.1993 -1.8788 -0.0400
1.3172 -1.8596 -0.0400
2.5654 -1.6253 -0.0400
2.6504 -1.5525 -0.0400
3.1368 0.1217 -0.0400
1.2075 0.9586 -0.0400
-1.0273 1.0081 -0.0400
-1.0850 1.0353 -0.0400
-1.1124 1.0618 -0.0400
-1.1614 1.0861 -0.0400
-1.2282 1.1073 -0.0400
-1.2407 1.1314 -0.0400
-1.2477 1.1559 -0.0400
-1.2506 1.1806 -0.0400
-1.2486 1.2062 -0.0400
-1.2415 1.2328 -0.0400
-1.2254 1.2615 -0.0400
0.5911 2.1491 -0.0400
0.5274 2.1898 -0.0400
0.5111 2.2475 -0.0400
-0.2776 5.0688 -0.0400
-0.3688 5.0752 -0.0400
-1.4813 4.5661 -0.0400
-1.5481 4.5732 -0.0400
-1.6434 4.7217 -0.0400
-1.7159 4.7111 -0.0400
-1.7768 4.7450 -0.0400
-2.2932 5.9423 -0.0400
-2.3830 5.8915 -0.0400
-2.7197 5.3770 -0.0400
-2.7962 5.3669 -0.0400
-3.3438 3.7685 -0.0400
-3.3844 3.7265 -0.0400
-3.4308 3.7091 -0.0400
-3.4824 3.7092 -0.0400
-3.5451 3.7421 -0.0400
-4.0392 4.1137 -0.0400
-4.0943 4.0906 -0.0400
-8.5756 1.5170 -0.0400
-8.0696 1.1874 -0.0400
-8.1021 1.0933 -0.0400
-6.5591 0.3787 -0.0400
-6.5506 0.3101 -0.0400
-3.8381 0.5097 -0.0400
-3.8404 0.4844 -0.0400
-3.8490 0.4556 -0.0400
-6.5761 -2.6392 -0.0400
-6.4531 -2.6504 -0.0400
-6.3965 -2.7241 -0.0400
-5.1247 -1.9247 -0.0400
-5.0846 -1.9815 -0.0400
-6.2025 -3.5228 -0.0400
-2.8197 -2.0128 -0.0400
-2.7650 -1.9596 -0.0400
-2.7126 -1.9302 -0.0400
-2.6612 -1.9362 -0.0400
-2.6094 -1.9558 -0.0400
-2.5556 -2.0064 -0.0400
-1.3646 -3.8011 -0.0400
-1.2718 -3.8082 -0.0400
-1.1744 -3.8266 -0.0400
-1.0796 -3.8314 -0.0400
0.9946 -2.0389 -0.0400
1.0211 -1.9533 -0.0400
1.1590 -1.9554 -0.0400
1.2105 -1.8881 -0.0400
1.4360 -1.9460 -0.0400
2.5657 -1.6266 -0.0400
3.1212 0.1249 -0.0400
1.2291 0.8945 -0.0400
1.2062 0.9630 -0.0400
-1.0603 1.0157 -0.0400
-1.0965 1.0430 -0.0400
-1.1823 1.0670 -0.0400
-1.2148 1.0911 -0.0400
-1.2323 1.1153 -0.0400
-1.2433 1.1396 -0.0400
-1.2491 1.1641 -0.0400
-1.2446 1.1899 -0.0400
-1.2367 1.2165 -0.0400
-1.2182 1.2452 -0.0400
0.6040 2.1594 -0.0400
0.5288 2.1962 -0.0400
0.5058 2.2513 -0.0400
-0.3683 5.0774 -0.0400
-1.4124 4.5654 -0.0400
-1.4866 4.5516 -0.0400
-1.5465 4.5792 -0.0400
-1.6452 4.7144 -0.0400
-1.7163 4.7084 -0.0400
-1.7637 4.7981 -0.0400
-2.2902 5.9333 -0.0400
-2.7159 5.3656 -0.0400
-2.7934 5.4068 -0.0400
-3.2977 3.8077 -0.0400
-3.3348 3.7476 -0.0400
-3.3790 3.7215 -0.0400
-3.4280 3.7142 -0.0400
-3.4812 3.7200 -0.0400
-3.5338 3.7218 -0.0400
-4.0226 4.0919 -0.0400
-4.0790 4.0734 -0.0400
-8.5934 1.6423 -0.0400
-8.5712 1.5356 -0.0400
-8.0717 1.2058 -0.0400
-8.0843 1.1113 -0.0400
-6.5993 0.3892 -0.0400
-6.5440 0.3281 -0.0400
-3.8747 0.4103 -0.0400
-6.5267 -2.6885 -0.0400
-6.4054 -2.6997 -0.0400
-6.3583 -2.7836 -0.0400
-5.1606 -1.9363 -0.0400
-5.0884 -1.9546 -0.0400
-6.2062 -3.4892 -0.0400
-6.1378 -3.5650 -0.0400
-2.7778 -2.0045 -0.0400
-2.7237 -1.9354 -0.0400
-2.6720 -1.9279 -0.0400
-2.6203 -1.9323 -0.0400
-2.5681 -1.9493 -0.0400
-1.3705 -3.8227 -0.0400
-1.2905 -3.7831 -0.0400
-1.2004 -3.7786 -0.0400
-1.0998 -3.8041 -0.0400
-1.0164 -3.7736 -0.0400
1.0511 -1.9802 -0.0400
1.0737 -1.8918 -0.0400
1.2059 -1.8871 -0.0400
1.2712 -1.8297 -0.0400
2.5860 -1.6390 -0.0400
2.6106 -1.5364 -0.0400
3.1215 0.1257 -0.0400
1.2707 0.8987 -0.0400
1.2189 0.9684 -0.0400
-1.0193 1.0262 -0.0400
-1.0821 1.0537 -0.0400
-1.1264 1.0798 -0.0400
-1.2026 1.1026 -0.0400
-1.2254 1.1267 -0.0400
-1.2397 1.1509 -0.0400
-1.2517 1.1749 -0.0400
-1.2515 1.2002 -0.0400
-1.2479 1.2261 -0.0400
-1.2387 1.2531 -0.0400
-1.2179 1.2827 -0.0400
0.6108 2.1696 -0.0400
0.5314 2.2051 -0.0400
0.5008 2.2573 -0.0400
0.5095 2.3254 -0.0400
-0.3721 5.0738 -0.0400
-0.4282 5.1413 -0.0400
-1.4784 4.5805 -0.0400
-1.5517 4.5666 -0.0400
-1.5973 4.6420 -0.0400
-1.6411 4.7313 -0.0400
-1.7141 4.7184 -0.0400
-1.7806 4.7280 -0.0400
-2.2831 5.9715 -0.0400
-2.3739 5.9116 -0.0400
-2.7120 5.3754 -0.0400
-2.7880 5.3654 -0.0400
-2.8659 5.4042 -0.0400
-3.3814 3.7480 -0.0400
-3.4235 3.7149 -0.0400
-3.4753 3.7174 -0.0400
-3.5263 3.7152 -0.0400
-3.5886 3.7453 -0.0400
-4.0692 4.0711 -0.0400
-8.5744 1.5608 -0.0400
-8.5833 1.4575 -0.0400
-8.0719 1.1353 -0.0400
-6.5549 0.3485 -0.0400
-6.5424 0.2807 -0.0400
-6.5714 -2.5858 -0.0400
-6.4815 -2.6285 -0.0400
-6.4384 -2.7158 -0.0400
-5.1496 -1.9073 -0.0400
-5.1132 -1.9690 -0.0400
-2.7814 -1.9359 -0.0400
-2.7295 -1.9317 -0.0400
-2.6777 -1.9378 -0.0400
-2.6249 -1.9979 -0.0400
-1.3726 -3.8379 -0.0400
-1.2860 -3.8201 -0.0400
-1.1907 -3.8301 -0.0400
0.9715 -2.0246 -0.0400
1.1126 -2.0316 -0.0400
1.1524 -1.9546 -0.0400
1.2239 -1.9022 -0.0400
2.5337 -1.7296 -0.0400
2.5756 -1.6352 -0.0400
3.1033 0.0248 -0.0400
1.2086 0.9032 -0.0400
-1.0722 1.0028 -0.0400
-1.1188 1.0307 -0.0400
-1.1852 1.0566 -0.0400
-1.2146 1.0815 -0.0400
-1.2309 1.1063 -0.0400
-1.2452 1.1306 -0.0400
-1.2476 1.1556 -0.0400
-1.2459 1.1810 -0.0400
-1.2401 1.2071 -0.0400
-1.1965 1.2390 -0.0400
0.6382 2.1183 -0.0400
0.5570 2.1546 -0.0400
0.5408 2.2125 -0.0400
-0.3032 5.0321 -0.0400
-1.4267 4.5328 -0.0400
-1.4915 4.5444 -0.0400
-1.5799 4.7027 -0.0400
-1.6545 4.6855 -0.0400
-1.7148 4.7179 -0.0400
-2.1993 5.9191 -0.0400
-2.2888 5.8782 -0.0400
-2.3722 5.9108 -0.0400
-2.6343 5.3627 -0.0400
-2.7102 5.3637 -0.0400
-2.7875 5.4153 -0.0400
-3.2856 3.7790 -0.0400
-3.3267 3.7386 -0.0400
-3.3724 3.7201 -0.0400
-3.4226 3.7190 -0.0400
-3.4742 3.7209 -0.0400
-3.5286 3.7296 -0.0400
-4.0107 4.0924 -0.0400
-4.0704 4.0823 -0.0400
-8.6072 1.5761 -0.0400
-8.0597 1.2413 -0.0400
-6.5884 0.4241 -0.0400
-6.5484 0.3607 -0.0400
-3.9286 0.6479 -0.0400
-3.9007 0.6328 -0.0400
-3.8810 0.6157 -0.0400
-6.6913 -2.5438 -0.0400
-6.6041 -2.5913 -0.0400
-6.4962 -2.6174 -0.0400
-6.4469 -2.6988 -0.0400
-5.1626 -1.8986 -0.0400
-5.1346 -1.9708 -0.0400
-6.2416 -3.4855 -0.0400
-2.6336 -2.0117 -0.0400
-1.4743 -3.8340 -0.0400
-1.3834 -3.8343 -0.0400
-1.2973 -3.8147 -0.0400
-1.1961 -3.8440 -0.0400
0.9543 -2.1237 -0.0400
0.9654 -2.0230 -0.0400
1.0350 -1.9723 -0.0400
1.1607 -1.9643 -0.0400
1.3552 -2.0040 -0.0400
2.5193 -1.7247 -0.0400
2.6241 -1.6624 -0.0400
3.1067 0.0242 -0.0400
1.2438 0.8369 -0.0400
-1.0730 0.9819 -0.0400
-1.1016 1.0105 -0.0400
-1.1175 1.0381 -0.0400
-1.2100 1.0636 -0.0400
-1.2273 1.0887 -0.0400
-1.2431 1.1133 -0.0400
-1.2468 1.1383 -0.0400
-1.2460 1.1637 -0.0400
-1.2423 1.1894 -0.0400
-1.2141 1.2184 -0.0400
0.6698 2.0697 -0.0400
0.5824 2.1056 -0.0400
0.5383 2.1539 -0.0400
0.5316 2.2150 -0.0400
-0.2253 5.0068 -0.0400
-0.3037 5.0348 -0.0400
-1.4301 4.5289 -0.0400
-1.4876 4.5619 -0.0400
-1.5879 4.6809 -0.0400
-1.6567 4.6825 -0.0400
-1.7150 4.7212 -0.0400
-2.1975 5.9175 -0.0400
-2.2860 5.8891 -0.0400
-2.6323 5.3733 -0.0400
-2.7083 5.3735 -0.0400
-3.2857 3.7881 -0.0400
-3.3254 3.7420 -0.0400
-3.3715 3.7255 -0.0400
-3.4238 3.7324 -0.0400
-3.4752 3.7333 -0.0400
-3.9555 4.1240 -0.0400
-4.0067 4.0950 -0.0400
-8.5450 1.6923 -0.0400
-8.5692 1.5908 -0.0400
-8.0560 1.2587 -0.0400
-8.1045 1.1657 -0.0400
-6.5628 0.4444 -0.0400
-6.5648 0.3744 -0.0400
-3.9749 0.6471 -0.0400
-3.9235 0.6387 -0.0400
-3.8967 0.6236 -0.0400
-3.8702 0.6092 -0.0400
-3.8591 0.5898 -0.0400
-3.8509 0.5693 -0.0400
-6.6259 -2.5864 -0.0400
-6.5142 -2.6093 -0.0400
-5.2382 -1.8588 -0.0400
-5.1751 -1.8890 -0.0400
-5.1468 -1.9608 -0.0400
-6.2627 -3.4823 -0.0400
-1.4817 -3.8464 -0.0400
-1.3928 -3.8378 -0.0400
-1.2969 -3.8524 -0.0400
-1.2082 -3.8377 -0.0400
0.9364 -2.1127 -0.0400
0.9649 -2.0268 -0.0400
1.0566 -1.9937 -0.0400
1.1761 -1.9802 -0.0400
1.3676 -2.0172 -0.0400
2.5176 -1.7271 -0.0400
3.0946 -0.0788 -0.0400
-1.0409 0.9588 -0.0400
-1.0823 0.9891 -0.0400
-1.1205 1.0178 -0.0400
-1.1858 1.0451 -0.0400
-1.2274 1.0706 -0.0400
-1.2369 1.0958 -0.0400
-1.2431 1.1209 -0.0400
-1.2451 1.1461 -0.0400
-1.2421 1.1717 -0.0400
-1.2197 1.1996 -0.0400
-1.1927 1.2289 -0.0400
0.6746 2.0767 -0.0400
0.5857 2.1124 -0.0400
0.5459 2.1623 -0.0400
-0.2251 5.0114 -0.0400
-1.3368 4.5990 -0.0400
-1.4349 4.5227 -0.0400
-1.4895 4.5629 -0.0400
-1.5911 4.6765 -0.0400
-1.6571 4.6872 -0.0400
-1.7089 4.7508 -0.0400
-2.1978 5.9007 -0.0400
-2.2839 5.8950 -0.0400
-2.5551 5.3756 -0.0400
-2.6312 5.3535 -0.0400
-2.7069 5.4092 -0.0400
-3.2767 3.7531 -0.0400
-3.3212 3.7302 -0.0400
-3.3689 3.7218 -0.0400
-3.4217 3.7314 -0.0400
-3.4711 3.7268 -0.0400
-3.9588 4.1425 -0.0400
-4.0011 4.0925 -0.0400
-8.0829 1.3720 -0.0400
-8.0524 1.2759 -0.0400
-6.5673 0.4600 -0.0400
-6.5587 0.3917 -0.0400
-3.9662 0.6628 -0.0400
-3.9241 0.6516 -0.0400
-3.8991 0.6360 -0.0400
-3.8807 0.6187 -0.0400
-3.8665 0.6004 -0.0400
-3.8554 0.5810 -0.0400
-3.8508 0.5590 -0.0400
-3.8491 0.5357 -0.0400
-3.8519 0.5099 -0.0400
-6.7090 -2.5098 -0.0400
-6.6126 -2.5489 -0.0400
-6.5254 -2.5946 -0.0400
-6.5149 -2.7143 -0.0400
-5.2643 -1.8642 -0.0400
-5.1876 -1.8791 -0.0400
-5.1504 -1.9400 -0.0400
-3.6941 -1.0625 -0.0400
-3.6470 -1.0580 -0.0400
-3.6007 -1.0530 -0.0400
-1.4948 -3.8385 -0.0400
-1.4031 -3.8405 -0.0400
-1.3114 -3.8393 -0.0400
-1.2186 -3.8392 -0.0400
0.9365 -2.1180 -0.0400
0.9645 -2.0314 -0.0400
1.1008 -2.0344 -0.0400
1.1869 -1.9932 -0.0400
1.3856 -2.0355 -0.0400
2.4959 -1.8372 -0.0400
2.5172 -1.7308 -0.0400
3.0804 -0.0769 -0.0400
1.2580 0.7730 -0.0400
-1.0762 0.9671 -0.0400
-1.1008 0.9963 -0.0400
-1.1618 1.0253 -0.0400
-1.2188 1.0521 -0.0400
-1.2307 1.0776 -0.0400
-1.2429 1.1028 -0.0400
-1.2456 1.1280 -0.0400
-1.2402 1.1538 -0.0400
-1.2339 1.1799 -0.0400
-1.2219 1.2069 -0.0400
0.6011 2.0596 -0.0400
0.5540 2.1076 -0.0400
0.5429 2.1669 -0.0400
-0.2390 4.9938 -0.0400
-1.3720 4.5140 -0.0400
-1.4359 4.5279 -0.0400
-1.5150 4.7041 -0.0400
-1.5959 4.6684 -0.0400
-1.6588 4.6889 -0.0400
-1.7074 4.7638 -0.0400
-2.1065 5.9377 -0.0400
-2.2004 5.8657 -0.0400
-2.5547 5.3659 -0.0400
-2.6304 5.3500 -0.0400
-2.7058 5.4010 -0.0400
-3.2340 3.7900 -0.0400
-3.2753 3.7500 -0.0400
-3.3199 3.7286 -0.0400
-3.3674 3.7204 -0.0400
-3.4221 3.7377 -0.0400
-3.4805 3.7642 -0.0400
-3.9449 4.1174 -0.0400
-4.0017 4.1029 -0.0400
-6.5687 0.4757 -0.0400
-6.5586 0.4078 -0.0400
-3.9523 0.6557 -0.0400
-3.9169 0.6431 -0.0400
-3.8837 0.6309 -0.0400
-3.8701 0.6123 -0.0400
-3.8597 0.5927 -0.0400
-3.8520 0.5721 -0.0400
-3.8472 0.5502 -0.0400
-3.8453 0.5268 -0.0400
-3.8680 0.4913 -0.0400
-6.6524 -2.5601 -0.0400
-6.5499 -2.5923 -0.0400
-5.2056 -1.8754 -0.0400
-6.3628 -3.3857 -0.0400
-3.7895 -1.1335 -0.0400
-3.7136 -1.0740 -0.0400
-3.6552 -1.0454 -0.0400
-3.6136 -1.0513 -0.0400
-3.5730 -1.0588 -0.0400
-3.5364 -1.0753 -0.0400
-3.5045 -1.1048 -0.0400
-1.5887 -3.8750 -0.0400
-1.5058 -3.8409 -0.0400
-1.4140 -3.8432 -0.0400
-1.3239 -3.8357 -0.0400
-1.2143 -3.8914 -0.0400
0.9086 -2.0996 -0.0400
1.0032 -2.0698 -0.0400
1.1009 -2.0400 -0.0400
1.1870 -1.9986 -0.0400
1.3896 -2.0439 -0.0400
2.4725 -1.8288 -0.0400
2.5230 -1.7383 -0.0400
3.0810 -0.0784 -0.0400
-1.0483 0.9427 -0.0400
-1.0819 0.9735 -0.0400
-1.1164 1.0031 -0.0400
-1.1995 1.0325 -0.0400
-1.2286 1.0587 -0.0400
-1.2364 1.0843 -0.0400
-1.2446 1.1096 -0.0400
-1.2421 1.1352 -0.0400
-1.2382 1.1610 -0.0400
-1.2157 1.1886 -0.0400
-1.1920 1.2172 -0.0400
0.6669 2.0209 -0.0400
0.5909 2.0617 -0.0400
0.5519 2.1123 -0.0400
0.5430 2.1724 -0.0400
-0.1636 4.9661 -0.0400
-0.2368 5.0025 -0.0400
-1.3790 4.5047 -0.0400
-1.4317 4.5485 -0.0400
-1.5299 4.6666 -0.0400
-1.5991 4.6670 -0.0400
-1.6520 4.7220 -0.0400
-2.1094 5.9107 -0.0400
-2.2004 5.8614 -0.0400
-2.5550 5.3507 -0.0400
-2.6301 5.3492 -0.0400
-2.7053 5.4421 -0.0400
-3.2310 3.7747 -0.0400
-3.2737 3.7432 -0.0400
-3.3190 3.7262 -0.0400
-3.3721 3.7411 -0.0400
-3.4213 3.7376 -0.0400
-3.4797 3.7650 -0.0400
-3.9433 4.1210 -0.0400
-6.5673 0.4916 -0.0400
-6.5630 0.4230 -0.0400
-3.9451 0.6708 -0.0400
-3.9157 0.6564 -0.0400
-3.8949 0.6399 -0.0400
-3.8786 0.6222 -0.0400
-3.8657 0.6036 -0.0400
-3.8568 0.5835 -0.0400
-3.8525 0.5614 -0.0400
-3.8510 0.5379 -0.0400
-3.8544 0.5117 -0.0400
-3.8653 0.4812 -0.0400
-6.5529 -2.5695 -0.0400
-5.2807 -1.8336 -0.0400
-5.2133 -1.8594 -0.0400
-6.3752 -3.3707 -0.0400
-3.7226 -1.0624 -0.0400
-3.6727 -1.0528 -0.0400
-3.6243 -1.0439 -0.0400
-3.5853 -1.0553 -0.0400
-3.5494 -1.0741 -0.0400
-3.5150 -1.0972 -0.0400
-3.4897 -1.1473 -0.0400
-3.4633 -1.1979 -0.0400
-4.3117 -4.0244 -0.0400
-1.6029 -3.8664 -0.0400
-1.5160 -3.8492 -0.0400
-1.4259 -3.8439 -0.0400
-1.3263 -3.8701 -0.0400
-1.2261 -3.8920 -0.0400
0.9084 -2.1062 -0.0400
0.9815 -2.0578 -0.0400
1.1008 -2.0462 -0.0400
1.3233 -2.1124 -0.0400
2.4662 -1.8306 -0.0400
2.5383 -1.7516 -0.0400
3.0976 -0.0834 -0.0400
1.2726 0.7064 -0.0400
-1.0801 0.9506 -0.0400
-1.1136 0.9811 -0.0400
-1.1861 1.0118 -0.0400
-1.2210 1.0391 -0.0400
-1.2304 1.0651 -0.0400
-1.2413 1.0907 -0.0400
-1.2440 1.1162 -0.0400
-1.2383 1.1421 -0.0400
-1.2327 1.1682 -0.0400
-1.2041 1.1964 -0.0400
0.6503 2.0211 -0.0400
0.5793 2.0633 -0.0400
0.5499 2.1169 -0.0400
-0.1725 4.9580 -0.0400
-0.2265 5.0246 -0.0400
-1.3136 4.5041 -0.0400
-1.3829 4.5043 -0.0400
-1.4250 4.5769 -0.0400
-1.5365 4.6563 -0.0400
-1.5998 4.6749 -0.0400
-1.6555 4.7200 -0.0400
-2.1142 5.8724 -0.0400
-2.2002 5.8634 -0.0400
-2.4762 5.4270 -0.0400
-2.5554 5.3466 -0.0400
-2.6301 5.3595 -0.0400
-3.2346 3.7906 -0.0400
-3.2729 3.7375 -0.0400
-3.3192 3.7263 -0.0400
-3.3720 3.7407 -0.0400
-3.4224 3.7425 -0.0400
-3.4899 3.8017 -0.0400
-3.8880 4.1439 -0.0400
-3.9392 4.1169 -0.0400
-6.5814 0.5050 -0.0400
-6.5762 0.4364 -0.0400
-3.9711 0.6753 -0.0400
-3.9315 0.6639 -0.0400
-3.9068 0.6486 -0.0400
-3.8810 0.6343 -0.0400
-3.8693 0.6153 -0.0400
-3.8601 0.5954 -0.0400
-3.8533 0.5745 -0.0400
-3.8494 0.5522 -0.0400
-3.8615 0.5221 -0.0400
-3.8741 0.4908 -0.0400
-5.2326 -1.8567 -0.0400
-6.4040 -3.3753 -0.0400
-3.7350 -1.0576 -0.0400
-3.6846 -1.0472 -0.0400
-3.6402 -1.0477 -0.0400
-3.5973 -1.0504 -0.0400
-3.5603 -1.0666 -0.0400
-3.5290 -1.0980 -0.0400
-3.4973 -1.1304 -0.0400
-3.4931 -1.2465 -0.0400
-4.3364 -4.0458 -0.0400
-4.2491 -4.0824 -0.0400
-1.3380 -3.8732 -0.0400
0.8568 -2.1809 -0.0400
0.9104 -2.1154 -0.0400
1.0479 -2.1216 -0.0400
1.1101 -2.0609 -0.0400
1.3048 -2.1048 -0.0400
2.4433 -1.9435 -0.0400
2.4648 -1.8357 -0.0400
2.5524 -1.7649 -0.0400
3.0696 -0.1857 -0.0400
3.1019 -0.0865 -0.0400
-1.0132 0.9209 -0.0400
-1.0911 0.9567 -0.0400
-1.1174 0.9867 -0.0400
-1.2091 1.0184 -0.0400
-1.2297 1.0451 -0.0400
-1.2401 1.0711 -0.0400
-1.2438 1.0968 -0.0400
-1.2406 1.1225 -0.0400
-1.2370 1.1485 -0.0400
-1.2200 1.1754 -0.0400
-1.1721 1.2056 -0.0400
0.6146 2.0157 -0.0400
0.5684 2.0649 -0.0400
0.5814 2.1320 -0.0400
-0.1764 4.9580 -0.0400
-1.3261 4.4835 -0.0400
-1.3849 4.5098 -0.0400
-1.4276 4.5805 -0.0400
-1.4688 4.6607 -0.0400
-1.5404 4.6554 -0.0400
-1.6008 4.6829 -0.0400
-1.6511 4.7467 -0.0400
-2.1140 5.8784 -0.0400
-2.2005 5.8656 -0.0400
-2.4803 5.3636 -0.0400
-2.5564 5.3388 -0.0400
-2.6304 5.3683 -0.0400
-3.1886 3.8022 -0.0400
-3.2299 3.7609 -0.0400
-3.2729 3.7334 -0.0400
-3.3206 3.7290 -0.0400
-3.3714 3.7359 -0.0400
-3.4262 3.7553 -0.0400
-3.8855 4.1416 -0.0400
-3.9373 4.1165 -0.0400
-6.5679 0.5222 -0.0400
-6.5644 0.4536 -0.0400
-3.9465 0.6715 -0.0400
-3.9050 0.6619 -0.0400
-3.8887 0.6442 -0.0400
-3.8755 0.6258 -0.0400
-3.8648 0.6065 -0.0400
-3.8590 0.5853 -0.0400
-3.8556 0.5627 -0.0400
-3.8553 0.5386 -0.0400
-3.8605 0.5113 -0.0400
-3.8748 0.4787 -0.0400
-5.2384 -1.8382 -0.0400
-5.2170 -1.9182 -0.0400
-3.7510 -1.0595 -0.0400
-3.6987 -1.0457 -0.0400
-3.6532 -1.0442 -0.0400
-3.6098 -1.0459 -0.0400
-3.5727 -1.0624 -0.0400
-3.5374 -1.0835 -0.0400
-3.5115 -1.1316 -0.0400
-3.4849 -1.1816 -0.0400
-4.3376 -3.9922 -0.0400
-4.2576 -4.0503 -0.0400
0.9014 -2.1157 -0.0400
1.0565 -2.1370 -0.0400
1.2373 -2.1735 -0.0400
2.4462 -1.9521 -0.0400
2.4632 -1.8413 -0.0400
2.5539 -1.7720 -0.0400
3.0664 -0.1878 -0.0400
-1.0705 0.9310 -0.0400
-1.1104 0.9631 -0.0400
-1.1793 0.9954 -0.0400
-1.2165 1.0240 -0.0400
-1.2329 1.0507 -0.0400
-1.2409 1.0767 -0.0400
-1.2425 1.1025 -0.0400
-1.2366 1.1285 -0.0400
-1.2224 1.1551 -0.0400
-1.1909 1.1833 -0.0400
0.6978 1.9794 -0.0400
0.5874 2.0126 -0.0400
0.5647 2.0685 -0.0400
0.5629 2.1308 -0.0400
-0.1108 4.9163 -0.0400
-1.3267 4.4931 -0.0400
-1.3801 4.5336 -0.0400
-1.4805 4.6386 -0.0400
-1.5451 4.6530 -0.0400
-1.6040 4.6848 -0.0400
-2.0268 5.8973 -0.0400
-2.1185 5.8500 -0.0400
-2.1994 5.8834 -0.0400
-2.4818 5.3603 -0.0400
-2.5575 5.3387 -0.0400
-2.6300 5.4382 -0.0400
-3.1879 3.7888 -0.0400
-3.2304 3.7557 -0.0400
-3.2739 3.7314 -0.0400
-3.3247 3.7412 -0.0400
-3.3735 3.7400 -0.0400
-3.8450 4.2007 -0.0400
-3.8826 4.1365 -0.0400
-3.9369 4.1185 -0.0400
-3.9588 0.6798 -0.0400
-3.9131 0.6714 -0.0400
-3.8957 0.6542 -0.0400
-3.8816 0.6361 -0.0400
-3.8686 0.6178 -0.0400
-3.8613 0.5973 -0.0400
-3.8563 0.5756 -0.0400
-3.8537 0.5528 -0.0400
-3.8710 0.5197 -0.0400
-3.8906 0.4844 -0.0400
-3.8067 -1.0571 -0.0400
-3.7490 -1.0343 -0.0400
-3.6956 -1.0174 -0.0400
-3.6562 -1.0286 -0.0400
-3.6190 -1.0448 -0.0400
-3.5838 -1.0661 -0.0400
-3.5592 -1.1159 -0.0400
-3.5345 -1.1694 -0.0400
0.7906 -2.2503 -0.0400
0.8604 -2.1991 -0.0400
0.9860 -2.1967 -0.0400
1.0675 -2.1523 -0.0400
1.2749 -2.2104 -0.0400
2.4416 -1.9543 -0.0400
3.0491 -0.2926 -0.0400
-1.0221 0.8689 -0.0400
-1.0773 0.9054 -0.0400
-1.1149 0.9381 -0.0400
-1.1986 0.9730 -0.0400
-1.2253 1.0014 -0.0400
-1.2365 1.0281 -0.0400
-1.2406 1.0543 -0.0400
-1.2377 1.0802 -0.0400
-1.2305 1.1062 -0.0400
-1.2148 1.1328 -0.0400
0.6514 1.9072 -0.0400
0.6033 1.9575 -0.0400
0.5947 2.0175 -0.0400
0.7025 2.1125 -0.0400
-0.0428 4.8762 -0.0400
-0.0997 4.9368 -0.0400
-1.1898 4.4909 -0.0400
-1.2722 4.4644 -0.0400
-1.4175 4.6270 -0.0400
-1.4836 4.6379 -0.0400
-1.5339 4.6953 -0.0400
-1.9482 5.8568 -0.0400
-2.0363 5.8376 -0.0400
-2.3313 5.3747 -0.0400
-2.4091 5.3429 -0.0400
-2.4840 5.3391 -0.0400
-2.5548 5.4355 -0.0400
-3.1383 3.7725 -0.0400
-3.1827 3.7506 -0.0400
-3.2282 3.7371 -0.0400
-3.2797 3.7529 -0.0400
-3.3274 3.7480 -0.0400
-3.8264 4.1498 -0.0400
-3.8858 4.1461 -0.0400
-3.9689 0.7085 -0.0400
-3.9381 0.6946 -0.0400
-3.9061 0.6820 -0.0400
-3.8918 0.6639 -0.0400
-3.8781 0.6458 -0.0400
-3.8700 0.6257 -0.0400
-3.8644 0.6045 -0.0400
-3.8683 0.5790 -0.0400
-3.8719 0.5530 -0.0400
-3.8820 0.5233 -0.0400
-6.8231 -2.3685 -0.0400
-6.7174 -2.4008 -0.0400
-3.8062 -1.0252 -0.0400
-3.7546 -1.0142 -0.0400
-3.7100 -1.0158 -0.0400
-3.6694 -1.0247 -0.0400
-3.6314 -1.0392 -0.0400
-3.6002 -1.0707 -0.0400
-3.5700 -1.1062 -0.0400
-3.5446 -1.1577 -0.0400
0.8057 -2.2750 -0.0400
0.9314 -2.2745 -0.0400
0.9872 -2.2076 -0.0400
1.1814 -2.2595 -0.0400
2.3616 -2.0366 -0.0400
2.4246 -1.9522 -0.0400
-1.0714 0.8790 -0.0400
-1.0977 0.9115 -0.0400
-1.1689 0.9473 -0.0400
-1.2176 0.9788 -0.0400
-1.2269 1.0059 -0.0400
-1.2372 1.0328 -0.0400
-1.2387 1.0590 -0.0400
-1.2328 1.0850 -0.0400
-1.2190 1.1114 -0.0400
-1.1911 1.1385 -0.0400
0.7447 1.8693 -0.0400
0.6303 1.9059 -0.0400
0.5980 1.9600 -0.0400
0.5996 2.0229 -0.0400
-0.0466 4.8772 -0.0400
-1.2200 4.4353 -0.0400
-1.2734 4.4731 -0.0400
-1.3453 4.6426 -0.0400
-1.4276 4.6122 -0.0400
-1.4830 4.6522 -0.0400
-1.9528 5.8393 -0.0400
-2.0376 5.8403 -0.0400
-2.3316 5.3929 -0.0400
-2.4120 5.3310 -0.0400
-2.4841 5.3699 -0.0400
-3.1026 3.8416 -0.0400
-3.1402 3.7674 -0.0400
-3.1839 3.7426 -0.0400
-3.2312 3.7400 -0.0400
-3.2819 3.7528 -0.0400
-3.3307 3.7538 -0.0400
-3.7794 4.1875 -0.0400
-3.8284 4.1550 -0.0400
-3.9399 0.7058 -0.0400
-3.9193 0.6894 -0.0400
-3.8960 0.6744 -0.0400
-3.8842 0.6557 -0.0400
-3.8738 0.6366 -0.0400
-3.8674 0.6159 -0.0400
-3.8693 0.5913 -0.0400
-3.8701 0.5668 -0.0400
-3.8762 0.5394 -0.0400
-6.8491 -2.3660 -0.0400
-6.7591 -2.4124 -0.0400
-6.6954 -2.4809 -0.0400
-3.8334 -1.0476 -0.0400
-3.7742 -1.0227 -0.0400
-3.7260 -1.0172 -0.0400
-3.6814 -1.0179 -0.0400
-3.6450 -1.0360 -0.0400
-3.6109 -1.0605 -0.0400
-3.5796 -1.0929 -0.0400
-3.5524 -1.1388 -0.0400
-4.4735 -3.9539 -0.0400
-3.0587 -1.9978 -0.0400
-3.0007 -1.9601 -0.0400
-2.9449 -1.9342 -0.0400
0.7790 -2.2608 -0.0400
0.8660 -2.2252 -0.0400
0.9771 -2.2092 -0.0400
1.0705 -2.1747 -0.0400
2.3565 -2.0423 -0.0400
3.0593 -0.3034 -0.0400
-1.0783 0.8831 -0.0400
-1.1045 0.9157 -0.0400
-1.1911 0.9531 -0.0400
-1.2255 0.9832 -0.0400
-1.2325 1.0103 -0.0400
-1.2387 1.0370 -0.0400
-1.2346 1.0632 -0.0400
-1.2296 1.0895 -0.0400
-1.2106 1.1160 -0.0400
-1.1645 1.1439 -0.0400
0.6879 1.8599 -0.0400
0.6318 1.9097 -0.0400
0.5949 1.9628 -0.0400
0.6231 2.0331 -0.0400
-0.0543 4.8728 -0.0400
-1.1508 4.4427 -0.0400
-1.2244 4.4371 -0.0400
-1.2762 4.4787 -0.0400
-1.3687 4.5950 -0.0400
-1.4310 4.6158 -0.0400
-1.4823 4.6674 -0.0400
-1.8606 5.8877 -0.0400
-1.9542 5.8431 -0.0400
-2.3368 5.3634 -0.0400
-2.4141 5.3349 -0.0400
-2.4814 5.4544 -0.0400
-3.0994 3.7944 -0.0400
-3.1415 3.7552 -0.0400
-3.1863 3.7392 -0.0400
-3.2344 3.7418 -0.0400
-3.2844 3.7520 -0.0400
-3.3386 3.7775 -0.0400
-3.7778 4.1806 -0.0400
-3.8284 4.1533 -0.0400
-3.9546 0.7126 -0.0400
-3.9200 0.7008 -0.0400
-3.9045 0.6831 -0.0400
-3.8875 0.6664 -0.0400
-3.8778 0.6471 -0.0400
-3.8710 0.6267 -0.0400
-3.8661 0.6053 -0.0400
-3.8715 0.5790 -0.0400
-3.8753 0.5528 -0.0400
-6.8451 -2.3383 -0.0400
-6.7384 -2.3698 -0.0400
-6.6746 -2.4372 -0.0400
-5.3861 -1.7339 -0.0400
-3.8019 -1.0366 -0.0400
-3.7487 -1.0216 -0.0400
-3.7030 -1.0205 -0.0400
-3.6618 -1.0281 -0.0400
-3.6235 -1.0421 -0.0400
-3.5877 -1.0625 -0.0400
-3.5634 -1.1151 -0.0400
-3.5412 -1.1781 -0.0400
-4.4070 -3.9734 -0.0400
-2.9641 -1.9466 -0.0400
-2.9098 -1.9366 -0.0400
-2.8565 -1.9419 -0.0400
-2.8032 -1.9593 -0.0400
0.8325 -2.2099 -0.0400
0.9713 -2.2194 -0.0400
1.0375 -2.1610 -0.0400
1.2351 -2.2118 -0.0400
2.4010 -1.9592 -0.0400
3.0761 -0.3142 -0.0400
3.0961 -0.2111 -0.0400
-1.1053 0.9195 -0.0400
-1.1190 0.9500 -0.0400
-1.1955 0.9851 -0.0400
-1.2281 1.0146 -0.0400
-1.2348 1.0417 -0.0400
-1.2389 1.0683 -0.0400
-1.2320 1.0947 -0.0400
-1.2247 1.1213 -0.0400
-1.1939 1.1487 -0.0400
0.6469 1.9172 -0.0400
0.5922 1.9663 -0.0400
0.5889 2.0280 -0.0400
-0.0586 4.8753 -0.0400
-1.2108 4.4830 -0.0400
-1.2885 4.4669 -0.0400
-1.3605 4.6330 -0.0400
-1.4357 4.6211 -0.0400
-1.4975 4.6428 -0.0400
-1.5478 4.6988 -0.0400
-1.9517 5.8770 -0.0400
-2.0424 5.8422 -0.0400
-2.4174 5.3394 -0.0400
-2.4913 5.3449 -0.0400
-3.1504 3.7827 -0.0400
-3.1921 3.7455 -0.0400
-3.2374 3.7340 -0.0400
-3.2874 3.7457 -0.0400
-3.3364 3.7495 -0.0400
-3.3968 3.7982 -0.0400
-3.7856 4.1983 -0.0400
-3.8296 4.1519 -0.0400
-3.8866 4.1433 -0.0400
-8.5287 1.9535 -0.0400
-3.8884 0.6585 -0.0400
-3.8762 0.6404 -0.0400
-3.8678 0.6207 -0.0400
-3.8646 0.5986 -0.0400
-3.8608 0.5766 -0.0400
-3.8714 0.5470 -0.0400
-3.8795 0.5179 -0.0400
-6.8049 -2.3949 -0.0400
-6.7117 -2.4374 -0.0400
-6.6678 -2.5237 -0.0400
-5.2959 -1.8037 -0.0400
-3.8739 -1.0643 -0.0400
-3.8047 -1.0206 -0.0400
-3.7540 -1.0106 -0.0400
-3.7075 -1.0076 -0.0400
-3.6706 -1.0250 -0.0400
-3.6365 -1.0493 -0.0400
-3.6054 -1.0824 -0.0400
-3.5790 -1.1306 -0.0400
-4.5112 -3.9508 -0.0400
-3.0880 -2.0075 -0.0400
-3.0286 -1.9598 -0.0400
-2.9724 -1.9330 -0.0400
-2.9191 -1.9379 -0.0400
-2.8670 -1.9787 -0.0400
-2.8139 -2.0447 -0.0400
0.7370 -2.3652 -0.0400
0.7668 -2.2740 -0.0400
0.9210 -2.3005 -0.0400
0.9682 -2.2248 -0.0400
-1.0498 0.8535 -0.0400
-1.0931 0.8899 -0.0400
-1.1879 0.9308 -0.0400
-1.2128 0.9612 -0.0400
-1.2340 0.9902 -0.0400
-1.2364 1.0171 -0.0400
-1.2354 1.0438 -0.0400
-1.2260 1.0701 -0.0400
-1.2155 1.0968 -0.0400
-1.1698 1.1239 -0.0400
0.7489 1.8145 -0.0400
0.6540 1.8579 -0.0400
0.6080 1.9098 -0.0400
0.6259 1.9767 -0.0400
0.0099 4.8359 -0.0400
-1.0737 4.4746 -0.0400
-1.1746 4.4163 -0.0400
-1.2289 4.4514 -0.0400
-1.2983 4.6186 -0.0400
-1.3772 4.5996 -0.0400
-1.4264 4.6550 -0.0400
-1.7805 5.8795 -0.0400
-1.8767 5.8274 -0.0400
-1.9605 5.8353 -0.0400
-2.2652 5.3833 -0.0400
-2.3457 5.3314 -0.0400
-2.4175 5.3634 -0.0400
-3.0608 3.8054 -0.0400
-3.1043 3.7728 -0.0400
-3.1477 3.7464 -0.0400
-3.1938 3.7404 -0.0400
-3.2439 3.7551 -0.0400
-3.2927 3.7598 -0.0400
-3.7293 4.2048 -0.0400
-3.7747 4.1621 -0.0400
-8.4946 2.0603 -0.0400
-3.8714 0.6270 -0.0400
-3.8725 0.6030 -0.0400
-3.8717 0.5795 -0.0400
-3.8927 0.5446 -0.0400
-6.8639 -2.3060 -0.0400
-6.7538 -2.3346 -0.0400
-6.7084 -2.4181 -0.0400
-5.4139 -1.7154 -0.0400
-5.3462 -1.7420 -0.0400
-5.3362 -1.8332 -0.0400
-3.7219 -1.0052 -0.0400
-3.6829 -1.0178 -0.0400
-3.6468 -1.0372 -0.0400
-3.6225 -1.0875 -0.0400
-3.6003 -1.1475 -0.0400
-4.5276 -3.9414 -0.0400
-3.1018 -2.0007 -0.0400
-3.0426 -1.9557 -0.0400
-2.9871 -1.9390 -0.0400
-2.9333 -1.9400 -0.0400
-2.8803 -1.9599 -0.0400
0.7865 -2.3067 -0.0400
0.9003 -2.2946 -0.0400
0.9884 -2.2560 -0.0400
1.2115 -2.3328 -0.0400
-1.0702 0.8581 -0.0400
-1.1032 0.8930 -0.0400
-1.2037 0.9347 -0.0400
-1.2215 0.9642 -0.0400
-1.2303 0.9922 -0.0400
-1.2357 1.0196 -0.0400
-1.2317 1.0463 -0.0400
-1.2145 1.0726 -0.0400
-1.1957 1.0995 -0.0400
-1.1581 1.1270 -0.0400
0.7140 1.8094 -0.0400
0.6316 1.8551 -0.0400
0.6093 1.9123 -0.0400
0.6359 1.9816 -0.0400
0.0844 4.8058 -0.0400
0.0078 4.8393 -0.0400
-1.1774 4.4224 -0.0400
-1.2305 4.6202 -0.0400
-1.3197 4.5801 -0.0400
-1.3833 4.5976 -0.0400
-1.4329 4.6516 -0.0400
-1.7861 5.8663 -0.0400
-1.8812 5.8194 -0.0400
-1.9606 5.8513 -0.0400
-2.2726 5.3480 -0.0400
-2.3491 5.3310 -0.0400
-2.4139 5.4468 -0.0400
-3.0655 3.8072 -0.0400
-3.1066 3.7570 -0.0400
-3.1519 3.7453 -0.0400
-3.2008 3.7567 -0.0400
-3.2481 3.7560 -0.0400
-3.3000 3.7764 -0.0400
-3.7255 4.1849 -0.0400
-3.7774 4.1632 -0.0400
-8.5126 2.0761 -0.0400
-8.0410 1.6222 -0.0400
-3.8843 0.5611 -0.0400
-6.9541 -2.2352 -0.0400
-6.8777 -2.2939 -0.0400
-6.7643 -2.3198 -0.0400
-6.7090 -2.3942 -0.0400
-5.3652 -1.7386 -0.0400
-3.6289 -1.0648 -0.0400
-3.6011 -1.1083 -0.0400
-3.5852 -1.1894 -0.0400
-3.1177 -2.0104 -0.0400
-3.0573 -1.9572 -0.0400
-3.0016 -1.9388 -0.0400
-2.9478 -1.9407 -0.0400
-2.8948 -1.9631 -0.0400
-2.8416 -2.0097 -0.0400
0.6942 -2.3515 -0.0400
0.7664 -2.3017 -0.0400
0.8933 -2.3023 -0.0400
0.9682 -2.2515 -0.0400
-1.0737 0.8595 -0.0400
-1.1752 0.9042 -0.0400
-1.2102 0.9370 -0.0400
-1.2242 0.9661 -0.0400
-1.2315 0.9942 -0.0400
-1.2333 1.0215 -0.0400
-1.2271 1.0482 -0.0400
-1.2173 1.0750 -0.0400
-1.1680 1.1015 -0.0400
0.7126 1.8105 -0.0400
0.6291 1.8562 -0.0400
0.6157 1.9157 -0.0400
-1.1212 4.4030 -0.0400
-1.1841 4.4205 -0.0400
-1.3220 4.5876 -0.0400
-1.3795 4.6206 -0.0400
-1.7894 5.8653 -0.0400
-1.8844 5.8187 -0.0400
-2.2775 5.3372 -0.0400
-2.3496 5.3621 -0.0400
-3.0264 3.8440 -0.0400
-3.0683 3.7884 -0.0400
-3.1109 3.7524 -0.0400
-3.1573 3.7498 -0.0400
-3.2053 3.7560 -0.0400
-3.2546 3.7670 -0.0400
-3.7268 4.1800 -0.0400
-3.7868 4.1831 -0.0400
-8.4803 2.1860 -0.0400
-8.5037 2.0869 -0.0400
-8.0118 1.7242 -0.0400
-8.0504 1.6352 -0.0400
-6.9586 -2.2159 -0.0400
-6.8881 -2.2792 -0.0400
-6.7739 -2.3044 -0.0400
-5.4278 -1.6829 -0.0400
-5.3702 -1.7201 -0.0400
-6.5973 -3.2174 -0.0400
-3.0728 -1.9648 -0.0400
-3.0157 -1.9315 -0.0400
-2.9623 -1.9391 -0.0400
-2.9093 -1.9611 -0.0400
-2.8561 -2.0086 -0.0400
-1.9083 -3.9800 -0.0400
-1.8255 -3.9295 -0.0400
0.6861 -2.3592 -0.0400
0.7570 -2.3079 -0.0400
0.8862 -2.3107 -0.0400
1.0878 -2.3744 -0.0400
-1.0753 0.8293 -0.0400
-1.1079 0.8653 -0.0400
-1.1764 0.9050 -0.0400
-1.2109 0.9379 -0.0400
-1.2246 0.9673 -0.0400
-1.2352 0.9958 -0.0400
-1.2310 1.0228 -0.0400
-1.2232 1.0497 -0.0400
-1.2100 1.0766 -0.0400
-1.0017 1.1003 -0.0400
0.7533 1.7553 -0.0400
0.6922 1.8075 -0.0400
0.6246 1.8565 -0.0400
0.6418 1.9230 -0.0400
0.0612 4.7873 -0.0400
-1.1322 4.3929 -0.0400
-1.1748 4.4515 -0.0400
-1.2628 4.5715 -0.0400
-1.3324 4.5760 -0.0400
-1.3876 4.6139 -0.0400
-1.8053 5.8046 -0.0400
-1.8819 5.8487 -0.0400
-2.2825 5.3278 -0.0400
-2.3513 5.3813 -0.0400
-3.0310 3.8373 -0.0400
-3.0707 3.7631 -0.0400
-3.1157 3.7503 -0.0400
-3.1631 3.7554 -0.0400
-3.2111 3.7614 -0.0400
-3.2623 3.7828 -0.0400
-3.6888 4.2380 -0.0400
-3.7283 4.1742 -0.0400
-3.7902 4.1840 -0.0400
-8.5023 2.2016 -0.0400
-8.4924 2.0967 -0.0400
-8.0114 1.7355 -0.0400
-8.0483 1.6466 -0.0400
-6.8694 -2.2408 -0.0400
-6.7826 -2.2886 -0.0400
-5.4473 -1.6802 -0.0400
-5.3803 -1.7074 -0.0400
-3.1443 -1.9787 -0.0400
-3.0858 -1.9433 -0.0400
-3.0307 -1.9321 -0.0400
-2.9769 -1.9362 -0.0400
-2.9238 -1.9545 -0.0400
-1.9329 -3.9366 -0.0400
-1.8424 -3.9303 -0.0400
-1.7484 -3.9393 -0.0400
-1.6504 -3.9619 -0.0400
0.6541 -2.4675 -0.0400
0.6758 -2.3654 -0.0400
0.7537 -2.3208 -0.0400
0.8887 -2.3288 -0.0400
1.0797 -2.3828 -0.0400
-1.0659 0.8272 -0.0400
-1.1034 0.8644 -0.0400
-1.1660 0.9036 -0.0400
-1.2262 0.9402 -0.0400
-1.2326 0.9687 -0.0400
-1.2338 0.9964 -0.0400
-1.2292 1.0236 -0.0400
-1.2202 1.0506 -0.0400
-1.1770 1.0766 -0.0400
0.7461 1.7543 -0.0400
0.6777 1.8052 -0.0400
0.6265 1.8576 -0.0400
0.7395 1.9462 -0.0400
0.0590 4.7899 -0.0400
-1.0599 4.4036 -0.0400
-1.1368 4.3952 -0.0400
-1.1856 4.4411 -0.0400
-1.2762 4.5540 -0.0400
-1.3347 4.5835 -0.0400
-1.3698 4.6715 -0.0400
-1.7045 5.8858 -0.0400
-1.8073 5.8114 -0.0400
-1.8877 5.8362 -0.0400
-2.2122 5.3254 -0.0400
-2.2863 5.3291 -0.0400
-2.3545 5.3884 -0.0400
-3.0325 3.7935 -0.0400
-3.0754 3.7555 -0.0400
-3.1213 3.7510 -0.0400
-3.1686 3.7564 -0.0400
-3.2180 3.7719 -0.0400
-3.2696 3.7954 -0.0400
-3.6804 4.1960 -0.0400
-3.7343 4.1820 -0.0400
-8.4641 2.2055 -0.0400
-8.0178 1.7470 -0.0400
-8.0358 1.6563 -0.0400
-6.6182 0.7775 -0.0400
-6.9821 -2.1898 -0.0400
-6.9033 -2.2462 -0.0400
-6.7906 -2.2725 -0.0400
-6.7532 -2.3621 -0.0400
-5.4607 -1.6714 -0.0400
-5.4040 -1.7099 -0.0400
-3.9177 -1.0239 -0.0400
-3.8543 -0.9920 -0.0400
-3.8047 -0.9847 -0.0400
-3.1652 -2.0283 -0.0400
-3.1022 -1.9565 -0.0400
-3.0460 -1.9362 -0.0400
-2.9923 -1.9434 -0.0400
-2.9396 -1.9762 -0.0400
-1.9452 -3.9667 -0.0400
-1.8546 -3.9579 -0.0400
-1.7661 -3.9379 -0.0400
-1.6667 -3.9668 -0.0400
0.8878 -2.3445 -0.0400
1.0781 -2.3977 -0.0400
-1.0227 0.7860 -0.0400
-1.0979 0.8319 -0.0400
-1.1188 0.8661 -0.0400
-1.2047 0.9087 -0.0400
-1.2228 0.9396 -0.0400
-1.2306 0.9685 -0.0400
-1.2326 0.9965 -0.0400
-1.2209 1.0233 -0.0400
-1.2046 1.0502 -0.0400
-1.1729 1.0771 -0.0400
0.7067 1.7472 -0.0400
0.6470 1.7993 -0.0400
0.6283 1.8582 -0.0400
0.1288 4.7519 -0.0400
0.0604 4.7967 -0.0400
-1.0840 4.3689 -0.0400
-1.1358 4.4082 -0.0400
-1.2000 4.5742 -0.0400
-1.2797 4.5583 -0.0400
-1.3405 4.5828 -0.0400
-1.3848 4.6478 -0.0400
-1.7249 5.8119 -0.0400
-1.8113 5.8091 -0.0400
-2.2157 5.3309 -0.0400
-2.2905 5.3293 -0.0400
-2.9933 3.8186 -0.0400
-3.0368 3.7767 -0.0400
-3.0813 3.7573 -0.0400
-3.1280 3.7591 -0.0400
-3.1757 3.7668 -0.0400
-3.2281 3.8010 -0.0400
-3.6823 4.1884 -0.0400
-3.7472 4.2105 -0.0400
-8.4685 2.2167 -0.0400
-8.0220 1.8506 -0.0400
-8.0121 1.7566 -0.0400
-6.6086 0.7886 -0.0400
-6.6107 0.7211 -0.0400
-6.9967 -2.1796 -0.0400
-6.8763 -2.2019 -0.0400
-6.7994 -2.2575 -0.0400
-6.8183 -2.3965 -0.0400
-5.4655 -1.6539 -0.0400
-5.4156 -1.6994 -0.0400
-3.8811 -1.0140 -0.0400
-3.8251 -0.9946 -0.0400
-3.7735 -0.9813 -0.0400
-3.7351 -0.9954 -0.0400
-3.6996 -1.0162 -0.0400
-3.1253 -1.9835 -0.0400
-3.0670 -1.9449 -0.0400
-3.0119 -1.9331 -0.0400
-2.9581 -1.9380 -0.0400
-2.9047 -1.9595 -0.0400
-2.8509 -2.0128 -0.0400
-1.8815 -3.9402 -0.0400
-1.7938 -3.9175 -0.0400
-1.6972 -3.9358 -0.0400
-1.6000 -3.9507 -0.0400
-1.0791 0.8576 -0.0400
-1.1094 0.8933 -0.0400
-1.2208 0.9381 -0.0400
-1.2315 0.9677 -0.0400
-1.2343 0.9960 -0.0400
-1.2311 1.0237 -0.0400
-1.2230 1.0511 -0.0400
-1.2080 1.0785 -0.0400
-1.1781 1.1060 -0.0400
0.7189 1.8121 -0.0400
0.6272 1.8575 -0.0400
0.6222 1.9195 -0.0400
0.0516 4.7917 -0.0400
-1.0477 4.4507 -0.0400
-1.1467 4.4016 -0.0400
-1.2008 4.4367 -0.0400
-1.2848 4.5632 -0.0400
-1.3477 4.5829 -0.0400
-1.3960 4.6379 -0.0400
-1.8057 5.8572 -0.0400
-1.8989 5.8207 -0.0400
-2.2200 5.3407 -0.0400
-2.2960 5.3302 -0.0400
-2.3656 5.3738 -0.0400
-3.0467 3.7969 -0.0400
-3.0901 3.7645 -0.0400
-3.1351 3.7526 -0.0400
-3.1830 3.7633 -0.0400
-3.2301 3.7644 -0.0400
-3.2797 3.7788 -0.0400
-3.6915 4.1994 -0.0400
-3.7413 4.1722 -0.0400
-8.4874 2.1308 -0.0400
-8.0204 1.6782 -0.0400
-6.5879 0.7366 -0.0400
-6.6158 0.6662 -0.0400
-6.7383 -2.4195 -0.0400
-5.4226 -1.6768 -0.0400
-5.3683 -1.7169 -0.0400
-3.9254 -1.0602 -0.0400
-3.8518 -1.0067 -0.0400
-3.8007 -0.9955 -0.0400
-3.7561 -0.9964 -0.0400
-3.7155 -1.0052 -0.0400
-3.6777 -1.0205 -0.0400
-3.6487 -1.0593 -0.0400
-3.6213 -1.1051 -0.0400
-4.5445 -3.9723 -0.0400
-3.1333 -1.9602 -0.0400
-3.0765 -1.9361 -0.0400
-3.0226 -1.9415 -0.0400
-2.9700 -1.9760 -0.0400
-1.9820 -3.9598 -0.0400
-1.8929 -3.9433 -0.0400
-1.7941 -3.9753 -0.0400
-1.7003 -3.9764 -0.0400
-1.0635 0.7899 -0.0400
-1.1058 0.8297 -0.0400
-1.1752 0.8722 -0.0400
-1.2121 0.9072 -0.0400
-1.2260 0.9378 -0.0400
-1.2310 0.9668 -0.0400
-1.2248 0.9944 -0.0400
-1.2107 1.0215 -0.0400
-1.1847 1.0484 -0.0400
0.7229 1.7480 -0.0400
0.6443 1.7973 -0.0400
0.6545 1.8625 -0.0400
0.1834 4.6987 -0.0400
0.1186 4.7482 -0.0400
-1.0125 4.3856 -0.0400
-1.0930 4.3730 -0.0400
-1.1384 4.5708 -0.0400
-1.2274 4.5386 -0.0400
-1.2908 4.5578 -0.0400
-1.3403 4.6084 -0.0400
-1.6401 5.8337 -0.0400
-1.7379 5.7870 -0.0400
-2.1469 5.3461 -0.0400
-2.2258 5.3204 -0.0400
-3.0037 3.7900 -0.0400
-3.0475 3.7580 -0.0400
-3.0940 3.7614 -0.0400
-3.1415 3.7713 -0.0400
-3.1888 3.7758 -0.0400
-3.6374 4.2001 -0.0400
-3.6937 4.1959 -0.0400
-8.4575 2.2337 -0.0400
-8.0041 1.8666 -0.0400
-8.0223 1.7767 -0.0400
-6.6210 0.8732 -0.0400
-6.5908 0.8090 -0.0400
-6.6160 0.7397 -0.0400
-5.4859 -1.6314 -0.0400
-5.4292 -1.6692 -0.0400
-3.9100 -1.0087 -0.0400
-3.8528 -0.9872 -0.0400
-3.7999 -0.9714 -0.0400
-3.7608 -0.9839 -0.0400
-3.7245 -1.0025 -0.0400
-3.6908 -1.0282 -0.0400
-3.6603 -1.0634 -0.0400
-3.6357 -1.1171 -0.0400
-3.0374 -1.9326 -0.0400
-2.9842 -1.9528 -0.0400
-2.9314 -2.0031 -0.0400
-1.9978 -3.9737 -0.0400
-1.9065 -3.9682 -0.0400
-1.8110 -3.9818 -0.0400
-1.7172 -3.9821 -0.0400
-1.1183 0.8293 -0.0400
-1.2035 0.8745 -0.0400
-1.2234 0.9068 -0.0400
-1.2311 0.9366 -0.0400
-1.2323 0.9652 -0.0400
-1.2263 0.9930 -0.0400
-1.2146 1.0205 -0.0400
-1.1936 1.0477 -0.0400
0.6619 1.7359 -0.0400
0.6481 1.7965 -0.0400
0.6709 1.8644 -0.0400
0.1826 4.7012 -0.0400
-1.0280 4.3672 -0.0400
-1.0904 4.3875 -0.0400
-1.1500 4.5576 -0.0400
-1.2324 4.5390 -0.0400
-1.2847 4.5828 -0.0400
-1.6337 5.8724 -0.0400
-1.7395 5.7958 -0.0400
-2.0718 5.3670 -0.0400
-2.1569 5.3111 -0.0400
-2.2285 5.3317 -0.0400
-2.9637 3.7898 -0.0400
-3.0085 3.7656 -0.0400
-3.0539 3.7579 -0.0400
-3.1006 3.7637 -0.0400
-3.1478 3.7712 -0.0400
-3.6008 4.2618 -0.0400
-3.6428 4.2014 -0.0400
-8.4615 2.3457 -0.0400
-8.4683 2.2444 -0.0400
-8.0451 1.8808 -0.0400
-8.0044 1.7830 -0.0400
-6.6502 0.8795 -0.0400
-6.5914 0.8175 -0.0400
-6.6036 0.7498 -0.0400
-5.4364 -1.6552 -0.0400
-3.9092 -0.9762 -0.0400
-3.8588 -0.9678 -0.0400
-3.8145 -0.9700 -0.0400
-3.7740 -0.9794 -0.0400
-3.7362 -0.9944 -0.0400
-3.7064 -1.0293 -0.0400
-3.6778 -1.0697 -0.0400
-3.6584 -1.1384 -0.0400
-2.0187 -3.9581 -0.0400
-1.9235 -3.9754 -0.0400
-1.8307 -3.9752 -0.0400
-1.7345 -3.9873 -0.0400
-1.0720 0.7850 -0.0400
-1.1078 0.8240 -0.0400
-1.1827 0.8680 -0.0400
-1.2142 0.9027 -0.0400
-1.2338 0.9344 -0.0400
-1.2302 0.9627 -0.0400
-1.2208 0.9903 -0.0400
-1.2037 1.0177 -0.0400
-1.1686 1.0444 -0.0400
0.7366 1.6818 -0.0400
0.6647 1.7341 -0.0400
0.6503 1.7948 -0.0400
0.6792 1.8641 -0.0400
0.1747 4.6949 -0.0400
-1.0450 4.3459 -0.0400
-1.0863 4.4046 -0.0400
-1.1640 4.5393 -0.0400
-1.2395 4.5347 -0.0400
-1.2867 4.5894 -0.0400
-1.6574 5.7932 -0.0400
-1.7435 5.7938 -0.0400
-2.1611 5.3128 -0.0400
-2.2216 5.4088 -0.0400
-2.9703 3.7903 -0.0400
-3.0150 3.7653 -0.0400
-3.0604 3.7576 -0.0400
-3.1083 3.7758 -0.0400
-3.1563 3.7888 -0.0400
-3.5985 4.2306 -0.0400
-3.6511 4.2127 -0.0400
-7.9935 1.8813 -0.0400
-8.0308 1.7942 -0.0400
-6.6009 0.8907 -0.0400
-6.5985 0.8248 -0.0400
-3.9813 0.7810 -0.0400
-3.9547 0.7681 -0.0400
-3.9351 0.7534 -0.0400
-3.9272 -0.9816 -0.0400
-3.8748 -0.9693 -0.0400
-3.8289 -0.9684 -0.0400
-3.7859 -0.9721 -0.0400
-3.7497 -0.9907 -0.0400
-3.7158 -1.0156 -0.0400
-3.6849 -1.0490 -0.0400
-3.6586 -1.0974 -0.0400
-2.0361 -3.9643 -0.0400
-1.9387 -3.9941 -0.0400
-1.8412 -4.0159 -0.0400
-1.7455 -4.0227 -0.0400
-1.0993 0.7865 -0.0400
-1.1206 0.8225 -0.0400
-1.2071 0.8686 -0.0400
-1.2240 0.9008 -0.0400
-1.2305 0.9309 -0.0400
-1.2306 0.9598 -0.0400
-1.2234 0.9879 -0.0400
-1.1872 1.0138 -0.0400
-0.9797 1.0298 -0.0400
0.7491 1.6805 -0.0400
0.6717 1.7324 -0.0400
0.6845 1.7984 -0.0400
0.1727 4.6951 -0.0400
-0.9820 4.3344 -0.0400
-1.0491 4.3471 -0.0400
-1.1854 4.5059 -0.0400
-1.2421 4.5393 -0.0400
-1.2844 4.6049 -0.0400
-1.6549 5.8163 -0.0400
-2.0900 5.3148 -0.0400
-2.1657 5.3114 -0.0400
-2.2324 5.3647 -0.0400
-2.9308 3.7958 -0.0400
-2.9759 3.7683 -0.0400
-3.0214 3.7604 -0.0400
-3.0679 3.7673 -0.0400
-3.1148 3.7751 -0.0400
-3.1628 3.7883 -0.0400
-3.5990 4.2099 -0.0400
-3.6601 4.2257 -0.0400
-8.4316 2.3545 -0.0400
-7.9910 1.8881 -0.0400
-6.6163 0.8969 -0.0400
-6.5912 0.8329 -0.0400
-6.6354 0.7624 -0.0400
-3.9847 0.7861 -0.0400
-3.9568 0.7737 -0.0400
-3.9366 0.7594 -0.0400
-3.9148 0.7462 -0.0400
-3.9039 0.7292 -0.0400
-3.8947 0.7117 -0.0400
-3.9422 -0.9814 -0.0400
-3.8891 -0.9678 -0.0400
-3.8375 -0.9548 -0.0400
-3.7983 -0.9666 -0.0400
-3.7614 -0.9834 -0.0400
-3.7266 -1.0055 -0.0400
-3.7036 -1.0593 -0.0400
-3.6835 -1.1252 -0.0400
-2.1394 -4.0128 -0.0400
-2.0535 -3.9717 -0.0400
-1.9592 -3.9838 -0.0400
-1.8567 -4.0327 -0.0400
-1.7683 -4.0038 -0.0400
-1.0817 0.7781 -0.0400
-1.1116 0.8163 -0.0400
-1.1916 0.8618 -0.0400
-1.2315 0.8981 -0.0400
-1.2330 0.9275 -0.0400
-1.2283 0.9561 -0.0400
-1.2176 0.9840 -0.0400
-1.1986 1.0116 -0.0400
-1.1565 1.0382 -0.0400
0.7873 1.6172 -0.0400
0.6939 1.6688 -0.0400
0.6625 1.7275 -0.0400
0.6728 1.7929 -0.0400
0.2337 4.6426 -0.0400
-0.9966 4.3172 -0.0400
-1.0500 4.3535 -0.0400
-1.1147 4.5081 -0.0400
-1.1875 4.5106 -0.0400
-1.2402 4.5529 -0.0400
-1.5762 5.7961 -0.0400
-1.6705 5.7686 -0.0400
-2.0972 5.2987 -0.0400
-2.1656 5.3373 -0.0400
-2.9377 3.8023 -0.0400
-2.9827 3.7693 -0.0400
-3.0281 3.7598 -0.0400
-3.0755 3.7784 -0.0400
-3.1230 3.7903 -0.0400
-3.5531 4.2311 -0.0400
-3.6046 4.2093 -0.0400
-3.6689 4.2378 -0.0400
-8.4359 2.3621 -0.0400
-7.9832 1.8936 -0.0400
-8.0746 1.8140 -0.0400
-6.5965 0.9049 -0.0400
-6.6080 0.8383 -0.0400
-3.9925 0.7891 -0.0400
-3.9610 0.7780 -0.0400
-3.9298 0.7678 -0.0400
-3.9165 0.7517 -0.0400
-3.9055 0.7350 -0.0400
-3.8962 0.7177 -0.0400
-3.8906 0.6988 -0.0400
-3.8868 0.6790 -0.0400
-3.8844 0.6583 -0.0400
-3.9529 -0.9731 -0.0400
-3.9009 -0.9617 -0.0400
-3.8498 -0.9496 -0.0400
-3.8105 -0.9612 -0.0400
-3.7733 -0.9771 -0.0400
-3.7426 -1.0090 -0.0400
-3.7126 -1.0447 -0.0400
-3.6877 -1.0965 -0.0400
-3.2536 -1.9870 -0.0400
-3.1930 -1.9397 -0.0400
-3.1372 -1.9258 -0.0400
-2.0723 -3.9710 -0.0400
-1.9752 -3.9990 -0.0400
-1.8777 -4.0216 -0.0400
-1.1104 0.7788 -0.0400
-1.1754 0.8235 -0.0400
-1.2128 0.8608 -0.0400
-1.2260 0.8928 -0.0400
-1.2306 0.9230 -0.0400
-1.2293 0.9521 -0.0400
-1.2090 0.9793 -0.0400
-1.1811 1.0064 -0.0400
0.7290 1.6696 -0.0400
0.6739 1.7253 -0.0400
0.2335 4.6435 -0.0400
-1.0003 4.3178 -0.0400
-1.1317 4.4835 -0.0400
-1.1933 4.5075 -0.0400
-1.2260 4.5913 -0.0400
-1.5800 5.7935 -0.0400
-1.6735 5.7696 -0.0400
-2.0232 5.3125 -0.0400
-2.1014 5.2988 -0.0400
-2.1709 5.3308 -0.0400
-2.8980 3.8109 -0.0400
-2.9437 3.7740 -0.0400
-2.9892 3.7616 -0.0400
-3.0352 3.7659 -0.0400
-3.0821 3.7776 -0.0400
-3.1293 3.7866 -0.0400
-3.5590 4.2314 -0.0400
-3.6102 4.2079 -0.0400
-8.4377 2.4711 -0.0400
-8.4237 2.3656 -0.0400
-7.9711 1.9891 -0.0400
-8.0038 1.9026 -0.0400
-6.6067 0.9103 -0.0400
-6.5930 0.8458 -0.0400
-4.0065 0.7897 -0.0400
-3.9504 0.7868 -0.0400
-3.9328 0.7721 -0.0400
-3.9187 0.7565 -0.0400
-3.9072 0.7401 -0.0400
-3.8977 0.7231 -0.0400
-3.8917 0.7046 -0.0400
-3.8880 0.6850 -0.0400
-3.8859 0.6644 -0.0400
-3.8989 0.6359 -0.0400
-3.9093 0.6078 -0.0400
-3.9840 -1.0053 -0.0400
-3.9102 -0.9511 -0.0400
-3.8655 -0.9524 -0.0400
-3.8223 -0.9553 -0.0400
-3.7852 -0.9713 -0.0400
-3.7541 -1.0020 -0.0400
-3.7234 -1.0354 -0.0400
-3.6969 -1.0821 -0.0400
-3.2108 -1.9622 -0.0400
-3.1532 -1.9331 -0.0400
-3.0989 -1.9327 -0.0400
-3.0464 -1.9629 -0.0400
-1.8908 -4.0519 -0.0400
-1.8038 -4.0150 -0.0400
-1.0440 0.7250 -0.0400
-1.1023 0.7712 -0.0400
-1.1205 0.8073 -0.0400
-1.2041 0.8540 -0.0400
-1.2327 0.8888 -0.0400
-1.2330 0.9184 -0.0400
-1.2266 0.9471 -0.0400
-1.2143 0.9753 -0.0400
-1.1931 1.0031 -0.0400
-1.1388 1.0292 -0.0400
0.7672 1.6051 -0.0400
0.6874 1.6588 -0.0400
0.6683 1.7198 -0.0400
0.7044 1.7903 -0.0400
0.2346 4.6454 -0.0400
-0.9355 4.3059 -0.0400
-1.0025 4.3204 -0.0400
-1.1368 4.4811 -0.0400
-1.1914 4.5190 -0.0400
-1.2305 4.5901 -0.0400
-1.4883 5.8152 -0.0400
-1.5913 5.7640 -0.0400
-1.6754 5.7738 -0.0400
-2.0280 5.3085 -0.0400
-2.1055 5.2989 -0.0400
-2.9048 3.8196 -0.0400
-2.9505 3.7771 -0.0400
-2.9961 3.7656 -0.0400
-3.0428 3.7800 -0.0400
-3.0896 3.7866 -0.0400
-3.1405 3.8340 -0.0400
-3.5118 4.2466 -0.0400
-3.5621 4.2180 -0.0400
-3.6235 4.2387 -0.0400
-8.4334 2.4755 -0.0400
-8.4173 2.3698 -0.0400
-7.9736 1.9948 -0.0400
-7.9873 1.9057 -0.0400
-6.6418 0.9794 -0.0400
-6.5935 0.9166 -0.0400
-6.6176 0.8495 -0.0400
-3.9836 0.8014 -0.0400
-3.9563 0.7894 -0.0400
-3.9367 0.7755 -0.0400
-3.9216 0.7604 -0.0400
-3.9064 0.7457 -0.0400
-3.8986 0.7281 -0.0400
-3.8924 0.7099 -0.0400
-3.8883 0.6907 -0.0400
-3.8946 0.6664 -0.0400
-3.8990 0.6423 -0.0400
-3.9096 0.6144 -0.0400
-3.9790 -0.9677 -0.0400
-3.9270 -0.9564 -0.0400
-3.8749 -0.9423 -0.0400
-3.8350 -0.9522 -0.0400
-3.7971 -0.9661 -0.0400
-3.7621 -0.9869 -0.0400
-3.7358 -1.0308 -0.0400
-3.7089 -1.0763 -0.0400
-3.2853 -1.9937 -0.0400
-3.2239 -1.9411 -0.0400
-3.1678 -1.9249 -0.0400
-3.1137 -1.9258 -0.0400
-3.0606 -1.9429 -0.0400
-3.0079 -1.9848 -0.0400
0.5113 -2.5268 -0.0400
-1.0281 0.7146 -0.0400
-1.0976 0.7638 -0.0400
-1.1177 0.8006 -0.0400
-1.2230 0.8515 -0.0400
-1.2311 0.8829 -0.0400
-1.2321 0.9129 -0.0400
-1.2275 0.9420 -0.0400
-1.2036 0.9692 -0.0400
-1.1690 0.9961 -0.0400
0.7203 1.5937 -0.0400
0.6781 1.6522 -0.0400
0.6856 1.7174 -0.0400
0.3212 4.6177 -0.0400
0.2460 4.6580 -0.0400
-0.9500 4.2877 -0.0400
-0.9948 4.3390 -0.0400
-1.0659 4.4794 -0.0400
-1.1417 4.4783 -0.0400
-1.1885 4.5318 -0.0400
-1.5015 5.7797 -0.0400
-1.5983 5.7488 -0.0400
-2.0338 5.2990 -0.0400
-2.1047 5.3234 -0.0400
-2.8646 3.8247 -0.0400
-2.9112 3.7798 -0.0400
-2.9569 3.7636 -0.0400
-3.0027 3.7635 -0.0400
-3.0496 3.7799 -0.0400
-3.0961 3.7831 -0.0400
-3.5196 4.2557 -0.0400
-3.5679 4.2166 -0.0400
-8.4081 2.4743 -0.0400
-7.9720 1.9993 -0.0400
-6.6005 0.9211 -0.0400
-3.9985 0.8005 -0.0400
-3.9480 0.7962 -0.0400
-3.9315 0.7815 -0.0400
-3.9184 0.7660 -0.0400
-3.9078 0.7497 -0.0400
-3.8993 0.7327 -0.0400
-3.8927 0.7149 -0.0400
-3.8936 0.6936 -0.0400
-3.8934 0.6725 -0.0400
-3.8968 0.6493 -0.0400
-3.9063 0.6223 -0.0400
-3.8876 -0.9399 -0.0400
-3.8452 -0.9442 -0.0400
-3.8080 -0.9594 -0.0400
-3.7749 -0.9846 -0.0400
-3.7423 -1.0119 -0.0400
-3.7240 -1.0795 -0.0400
-3.2409 -1.9576 -0.0400
-3.1835 -1.9305 -0.0400
-3.1291 -1.9286 -0.0400
-3.0765 -1.9551 -0.0400
-3.0248 -2.0251 -0.0400
0.4600 -2.6262 -0.0400
0.5011 -2.5402 -0.0400
0.6419 -2.5601 -0.0400
0.7069 -2.4980 -0.0400
0.9263 -2.5861 -0.0400
-1.0423 0.7106 -0.0400
-1.0991 0.7571 -0.0400
-1.2012 0.8102 -0.0400
-1.2211 0.8447 -0.0400
-1.2299 0.8765 -0.0400
-1.2315 0.9069 -0.0400
-1.2228 0.9357 -0.0400
-1.2076 0.9640 -0.0400
-1.1807 0.9917 -0.0400
0.7622 1.5926 -0.0400
0.6862 1.6474 -0.0400
0.6747 1.7099 -0.0400
0.2967 4.5904 -0.0400
-0.9529 4.2875 -0.0400
-0.9834 4.3628 -0.0400
-0.9884 4.4856 -0.0400
-1.0834 4.4530 -0.0400
-1.1427 4.4824 -0.0400
-1.1938 4.5277 -0.0400
-1.5172 5.7357 -0.0400
-1.6002 5.7510 -0.0400
-1.9569 5.3178 -0.0400
-2.0400 5.2867 -0.0400
-2.1044 5.3441 -0.0400
-2.8710 3.8243 -0.0400
-2.9178 3.7801 -0.0400
-2.9636 3.7637 -0.0400
-3.0100 3.7802 -0.0400
-3.0565 3.7843 -0.0400
-3.1051 3.8149 -0.0400
-3.4753 4.2889 -0.0400
-3.5201 4.2277 -0.0400
-3.5766 4.2287 -0.0400
-8.3879 2.4738 -0.0400
-7.9641 2.0021 -0.0400
-6.6133 0.9896 -0.0400
-6.5924 0.9259 -0.0400
-6.6381 0.8576 -0.0400
-4.0370 0.8132 -0.0400
-3.9803 0.8095 -0.0400
-3.9543 0.7975 -0.0400
-3.9357 0.7836 -0.0400
-3.9211 0.7687 -0.0400
-3.9070 0.7540 -0.0400
-3.9002 0.7365 -0.0400
-3.8948 0.7184 -0.0400
-3.8921 0.6990 -0.0400
-3.8913 0.6785 -0.0400
-3.8934 0.6562 -0.0400
-3.9303 0.6153 -0.0400
-7.1300 -1.9780 -0.0400
-7.0611 -2.0409 -0.0400
-3.7850 -0.9763 -0.0400
-3.7575 -1.0161 -0.0400
-3.7285 -1.0547 -0.0400
-3.2531 -1.9321 -0.0400
-3.1975 -1.9203 -0.0400
-3.1437 -1.9231 -0.0400
-3.0908 -1.9405 -0.0400
-3.0382 -1.9802 -0.0400
0.4940 -2.5574 -0.0400
0.6385 -2.5810 -0.0400
0.7218 -2.5370 -0.0400
0.9096 -2.5936 -0.0400
-1.2044 0.8037 -0.0400
-1.2223 0.8380 -0.0400
-1.2301 0.8699 -0.0400
-1.2324 0.9005 -0.0400
-1.2236 0.9295 -0.0400
-1.2098 0.9581 -0.0400
-1.1860 0.9862 -0.0400
0.8057 1.5250 -0.0400
0.7114 1.5797 -0.0400
0.6817 1.6402 -0.0400
0.6972 1.7071 -0.0400
0.2972 4.5893 -0.0400
-0.8910 4.2674 -0.0400
-0.9535 4.2904 -0.0400
-0.9776 4.3764 -0.0400
-0.9933 4.4812 -0.0400
-1.0891 4.4475 -0.0400
-1.1424 4.4880 -0.0400
-1.4217 5.7646 -0.0400
-1.5188 5.7375 -0.0400
-1.9685 5.2816 -0.0400
-2.0440 5.2835 -0.0400
-2.0933 5.4189 -0.0400
-2.8781 3.7775 -0.0400
-2.9242 3.7636 -0.0400
-2.9701 3.7639 -0.0400
-3.0166 3.7800 -0.0400
-3.0630 3.7838 -0.0400
-3.5272 4.2328 -0.0400
-8.3742 2.5757 -0.0400
-8.3813 2.4759 -0.0400
-7.9846 2.1007 -0.0400
-7.9732 2.0073 -0.0400
-6.5934 0.9940 -0.0400
-6.6143 0.9283 -0.0400
-3.9679 0.8159 -0.0400
-3.9467 0.8028 -0.0400
-3.9309 0.7883 -0.0400
-3.9182 0.7730 -0.0400
-3.9081 0.7569 -0.0400
-3.9002 0.7401 -0.0400
-3.8942 0.7225 -0.0400
-3.8966 0.7010 -0.0400
-3.8978 0.6797 -0.0400
-3.9038 0.6556 -0.0400
-3.9178 0.6267 -0.0400
-7.1323 -1.9646 -0.0400
-7.0500 -2.0169 -0.0400
-6.9658 -2.0664 -0.0400
-3.3290 -1.9814 -0.0400
-3.2685 -1.9368 -0.0400
-3.2125 -1.9213 -0.0400
-3.1584 -1.9203 -0.0400
-3.1068 -1.9583 -0.0400
-3.0560 -2.0442 -0.0400
-2.2343 -4.0021 -0.0400
-2.1416 -4.0073 -0.0400
-2.0496 -4.0047 -0.0400
0.4806 -2.5681 -0.0400
0.6215 -2.5882 -0.0400
0.6923 -2.5317 -0.0400
-1.2324 0.8934 -0.0400
-1.2235 0.9226 -0.0400
-1.2100 0.9514 -0.0400
-1.1235 0.9738 -0.0400
0.7469 1.5766 -0.0400
0.6851 1.6336 -0.0400
0.2997 4.5895 -0.0400
-0.8964 4.2616 -0.0400
-0.9492 4.3002 -0.0400
-1.0191 4.4398 -0.0400
-1.0906 4.4486 -0.0400
-1.1434 4.4904 -0.0400
-1.1634 4.5972 -0.0400
-1.4283 5.7492 -0.0400
-1.5237 5.7276 -0.0400
-1.9750 5.2667 -0.0400
-2.0452 5.2928 -0.0400
-2.8374 3.8010 -0.0400
-2.8845 3.7722 -0.0400
-2.9306 3.7624 -0.0400
-2.9765 3.7656 -0.0400
-3.0232 3.7864 -0.0400
-3.0712 3.8169 -0.0400
-3.4787 4.2408 -0.0400
-3.5323 4.2280 -0.0400
-8.4988 3.3698 -0.0400
-8.3736 2.5787 -0.0400
-8.4311 2.4914 -0.0400
-7.9423 2.0956 -0.0400
-7.9524 2.0068 -0.0400
-6.6511 1.0599 -0.0400
-6.5937 0.9969 -0.0400
-6.6030 0.9322 -0.0400
-4.0218 0.8220 -0.0400
-3.9766 0.8152 -0.0400
-3.9523 0.8031 -0.0400
-3.9345 0.7893 -0.0400
-3.9159 0.7764 -0.0400
-3.9071 0.7601 -0.0400
-3.9007 0.7429 -0.0400
-3.8960 0.7250 -0.0400
-3.8939 0.7057 -0.0400
-3.8938 0.6853 -0.0400
-3.8974 0.6627 -0.0400
-3.9477 0.6156 -0.0400
-7.1396 -1.9556 -0.0400
-7.0219 -1.9808 -0.0400
-6.9787 -2.0614 -0.0400
-3.3436 -1.9804 -0.0400
-3.2831 -1.9365 -0.0400
-3.2271 -1.9208 -0.0400
-3.1734 -1.9243 -0.0400
-3.1210 -1.9490 -0.0400
-3.0691 -2.0033 -0.0400
-2.1640 -3.9823 -0.0400
-2.0684 -4.0043 -0.0400
-1.9690 -4.0397 -0.0400
0.4080 -2.6368 -0.0400
0.5489 -2.6597 -0.0400
0.6302 -2.6143 -0.0400
0.8222 -2.6801 -0.0400
-1.0052 0.9239 -0.0400
0.7845 1.4442 -0.0400
0.7120 1.5027 -0.0400
0.6986 1.5657 -0.0400
0.7392 1.6359 -0.0400
0.4274 4.4811 -0.0400
0.3760 4.5473 -0.0400
-0.7588 4.2314 -0.0400
-0.8432 4.2249 -0.0400
-0.8910 4.2712 -0.0400
-0.9657 4.4008 -0.0400
-1.0307 4.4216 -0.0400
-1.0723 4.4835 -0.0400
-1.3468 5.7278 -0.0400
-1.4453 5.7000 -0.0400
-1.8188 5.2830 -0.0400
-1.9045 5.2505 -0.0400
-1.9600 5.3391 -0.0400
-2.7455 3.8355 -0.0400
-2.7956 3.7848 -0.0400
-2.8426 3.7673 -0.0400
-2.8888 3.7634 -0.0400
-2.9347 3.7835 -0.0400
-2.9811 3.7926 -0.0400
-3.0289 3.8304 -0.0400
-3.4276 4.2456 -0.0400
-8.4509 3.4650 -0.0400
-8.3280 2.6698 -0.0400
-7.9107 2.1818 -0.0400
-7.9593 2.1005 -0.0400
-6.6405 1.1265 -0.0400
-6.5910 1.0627 -0.0400
-3.9938 0.8510 -0.0400
-3.9658 0.8392 -0.0400
-3.9464 0.8256 -0.0400
-3.9317 0.8110 -0.0400
-3.9198 0.7957 -0.0400
-3.9106 0.7797 -0.0400
-3.9034 0.7630 -0.0400
-3.9021 0.7440 -0.0400
-3.9017 0.7243 -0.0400
-3.9038 0.7032 -0.0400
-3.9116 0.6790 -0.0400
-3.9292 0.6493 -0.0400
-7.1816 -1.8644 -0.0400
-7.0783 -1.9014 -0.0400
-7.0355 -1.9818 -0.0400
-5.6574 -1.4248 -0.0400
-5.6094 -1.4693 -0.0400
-5.5984 -1.5512 -0.0400
-3.3456 -1.9234 -0.0400
-3.2898 -1.9111 -0.0400
-3.2363 -1.9165 -0.0400
-3.1843 -1.9403 -0.0400
-3.1332 -1.9891 -0.0400
-2.3555 -4.0111 -0.0400
-2.2620 -4.0263 -0.0400
-2.1705 -4.0217 -0.0400
-2.0714 -4.0611 -0.0400
-1.9755 -4.0724 -0.0400
0.4105 -2.6663 -0.0400
0.5380 -2.6741 -0.0400
0.6211 -2.6304 -0.0400
0.8173 -2.7007 -0.0400
0.7950 1.4364 -0.0400
0.7204 1.4951 -0.0400
0.6981 1.5574 -0.0400
0.4261 4.4759 -0.0400
-0.7729 4.2119 -0.0400
-0.8405 4.2298 -0.0400
-0.8761 4.2949 -0.0400
-0.8827 4.4086 -0.0400
-0.9721 4.3918 -0.0400
-1.0299 4.4250 -0.0400
-1.0663 4.4964 -0.0400
-1.2588 5.7230 -0.0400
-1.3656 5.6765 -0.0400
-1.4324 5.7427 -0.0400
-1.8305 5.2485 -0.0400
-1.9062 5.2532 -0.0400
-2.8022 3.7709 -0.0400
-2.8487 3.7624 -0.0400
-2.8945 3.7763 -0.0400
-2.9407 3.7850 -0.0400
-2.9873 3.8001 -0.0400
-3.3796 4.2592 -0.0400
-3.4332 4.2444 -0.0400
-8.3153 2.6683 -0.0400
-7.9558 2.2851 -0.0400
-7.9084 2.1832 -0.0400
-7.9601 2.1028 -0.0400
-6.6178 1.1283 -0.0400
-6.6024 1.0644 -0.0400
-4.0046 0.8486 -0.0400
-3.9713 0.8383 -0.0400
-3.9394 0.8286 -0.0400
-3.9269 0.8136 -0.0400
-3.9171 0.7980 -0.0400
-3.9092 0.7817 -0.0400
-3.9035 0.7647 -0.0400
-3.8997 0.7469 -0.0400
-3.8983 0.7279 -0.0400
-3.8990 0.7078 -0.0400
-3.9235 0.6761 -0.0400
-7.2859 -1.8128 -0.0400
-7.1908 -1.8580 -0.0400
-7.0868 -1.8945 -0.0400
-7.0360 -1.9686 -0.0400
-7.1619 -2.6886 -0.0400
-5.6622 -1.4160 -0.0400
-5.6176 -1.4636 -0.0400
-3.3623 -1.9417 -0.0400
-3.3034 -1.9064 -0.0400
-3.2498 -1.9088 -0.0400
-3.1988 -1.9421 -0.0400
-3.1479 -1.9925 -0.0400
-2.3712 -4.0338 -0.0400
-2.2837 -4.0011 -0.0400
-2.1895 -4.0185 -0.0400
-2.0901 -4.0610 -0.0400
0.3835 -2.6716 -0.0400
0.4512 -2.6144 -0.0400
0.5895 -2.6318 -0.0400
0.6657 -2.5802 -0.0400
0.7896 1.4897 -0.0400
0.7153 1.5476 -0.0400
0.7067 1.6118 -0.0400
0.3698 4.5309 -0.0400
-0.8262 4.2506 -0.0400
-0.8945 4.2672 -0.0400
-0.9187 4.3518 -0.0400
-0.9512 4.4269 -0.0400
-1.0311 4.4242 -0.0400
-1.0859 4.4631 -0.0400
-1.3434 5.7418 -0.0400
-1.4468 5.7018 -0.0400
-1.8264 5.2725 -0.0400
-1.9106 5.2465 -0.0400
-1.9773 5.2879 -0.0400
-2.0321 5.3874 -0.0400
-2.8079 3.7998 -0.0400
-2.8562 3.7627 -0.0400
-2.9024 3.7620 -0.0400
-2.9484 3.7710 -0.0400
-2.9949 3.7898 -0.0400
-3.0424 3.8184 -0.0400
-3.4410 4.2462 -0.0400
-3.4950 4.2345 -0.0400
-8.5123 3.3805 -0.0400
-8.3790 2.6887 -0.0400
-8.3407 2.5762 -0.0400
-7.9192 2.1872 -0.0400
-7.9348 2.0999 -0.0400
-6.6011 1.0661 -0.0400
-6.6166 1.0018 -0.0400
-4.0171 0.8452 -0.0400
-3.9785 0.8363 -0.0400
-3.9558 0.8239 -0.0400
-3.9390 0.8102 -0.0400
-3.9256 0.7958 -0.0400
-3.9148 0.7807 -0.0400
-3.9060 0.7651 -0.0400
-3.9011 0.7479 -0.0400
-3.8987 0.7296 -0.0400
-3.8986 0.7102 -0.0400
-3.9008 0.6893 -0.0400
-3.9090 0.6651 -0.0400
-3.9282 0.6345 -0.0400
-7.1109 -1.8958 -0.0400
-7.0436 -1.9575 -0.0400
-7.1153 -2.7594 -0.0400
-5.6287 -1.4572 -0.0400
-5.5824 -1.5028 -0.0400
-3.3244 -1.9267 -0.0400
-3.2691 -1.9152 -0.0400
-3.2153 -1.9153 -0.0400
-3.1628 -1.9308 -0.0400
-3.1137 -2.0256 -0.0400
-2.2132 -4.0233 -0.0400
-2.1213 -4.0208 -0.0400
-2.0240 -4.0458 -0.0400
0.3306 -2.7649 -0.0400
0.3712 -2.6758 -0.0400
0.5187 -2.7063 -0.0400
0.7104 -2.7776 -0.0400
0.7939 1.4173 -0.0400
0.7073 1.4754 -0.0400
0.7182 1.5416 -0.0400
0.4342 4.4736 -0.0400
-0.7827 4.1965 -0.0400
-0.8167 4.2637 -0.0400
-0.8893 4.3976 -0.0400
-0.9707 4.3946 -0.0400
-1.0235 4.4370 -0.0400
-1.2709 5.6910 -0.0400
-1.3670 5.6746 -0.0400
-1.7546 5.2532 -0.0400
-1.8389 5.2306 -0.0400
-1.9002 5.2916 -0.0400
-2.7138 3.8361 -0.0400
-2.7668 3.7676 -0.0400
-2.8136 3.7612 -0.0400
-2.8595 3.7700 -0.0400
-2.9055 3.7830 -0.0400
-2.9519 3.8115 -0.0400
-3.3391 4.2944 -0.0400
-3.3895 4.2507 -0.0400
-8.4086 3.5643 -0.0400
-8.2861 2.7640 -0.0400
-8.3247 2.6738 -0.0400
-7.8884 2.2716 -0.0400
-7.9118 2.1862 -0.0400
-6.6096 1.1939 -0.0400
-6.5858 1.1301 -0.0400
-6.5934 1.0667 -0.0400
-4.0226 0.8629 -0.0400
-3.9815 0.8542 -0.0400
-3.9466 0.8451 -0.0400
-3.9336 0.8304 -0.0400
-3.9229 0.8153 -0.0400
-3.9144 0.7996 -0.0400
-3.9077 0.7834 -0.0400
-3.9027 0.7666 -0.0400
-3.8998 0.7488 -0.0400
-3.9075 0.7264 -0.0400
-3.9137 0.7041 -0.0400
-3.9275 0.6777 -0.0400
-7.2665 -1.7767 -0.0400
-7.1855 -1.8308 -0.0400
-7.0961 -1.8773 -0.0400
-7.0704 -1.9698 -0.0400
-5.6788 -1.4072 -0.0400
-3.2772 -1.9055 -0.0400
-3.2264 -1.9377 -0.0400
-3.1753 -1.9803 -0.0400
-2.4101 -4.0077 -0.0400
-2.3153 -4.0379 -0.0400
-2.2248 -4.0274 -0.0400
-2.1265 -4.0639 -0.0400
0.2918 -2.7472 -0.0400
0.3788 -2.7120 -0.0400
0.5023 -2.7154 -0.0400
0.6020 -2.6892 -0.0400
0.7090 1.4655 -0.0400
0.7251 1.5325 -0.0400
-0.7137 4.1766 -0.0400
-0.7839 4.1929 -0.0400
-0.8303 4.2420 -0.0400
-0.7997 4.4083 -0.0400
-0.9029 4.3747 -0.0400
-0.9656 4.4018 -0.0400
-1.0046 4.4683 -0.0400
-1.2732 5.6836 -0.0400
-1.3634 5.6840 -0.0400
-1.7644 5.2234 -0.0400
-1.8395 5.2325 -0.0400
-1.9002 5.2962 -0.0400
-2.7221 3.7975 -0.0400
-2.7721 3.7620 -0.0400
-2.8187 3.7597 -0.0400
-2.8644 3.7732 -0.0400
-2.9105 3.7907 -0.0400
-2.9571 3.8147 -0.0400
-3.3409 4.2668 -0.0400
-3.3971 4.2686 -0.0400
-8.4275 3.5731 -0.0400
-8.2910 2.7661 -0.0400
-8.3298 2.6760 -0.0400
-7.9015 2.3663 -0.0400
-7.8765 2.2692 -0.0400
-7.9297 2.1905 -0.0400
-6.6086 1.1939 -0.0400
-6.5885 1.1303 -0.0400
-6.6360 1.0663 -0.0400
-3.9836 0.8713 -0.0400
-3.9620 0.8582 -0.0400
-3.9456 0.8443 -0.0400
-3.9328 0.8298 -0.0400
-3.9221 0.8148 -0.0400
-3.9123 0.7998 -0.0400
-3.9074 0.7832 -0.0400
-3.9042 0.7659 -0.0400
-3.9031 0.7476 -0.0400
-3.9038 0.7283 -0.0400
-3.9082 0.7071 -0.0400
-3.9185 0.6826 -0.0400
-7.2571 -1.7601 -0.0400
-7.1569 -1.8002 -0.0400
-7.1057 -1.8733 -0.0400
-5.7389 -1.3634 -0.0400
-5.6754 -1.3931 -0.0400
-5.6544 -1.4625 -0.0400
-2.4278 -4.0079 -0.0400
-2.3332 -4.0371 -0.0400
-2.2427 -4.0272 -0.0400
-2.1422 -4.0797 -0.0400
0.3001 -2.7853 -0.0400
0.3458 -2.7019 -0.0400
0.4988 -2.7389 -0.0400
0.6975 -2.8182 -0.0400
0.5039 4.4110 -0.0400
-0.7170 4.1689 -0.0400
-0.7815 4.1933 -0.0400
-0.8196 4.2547 -0.0400
-0.8283 4.3623 -0.0400
-0.9063 4.3669 -0.0400
-0.9661 4.3987 -0.0400
-1.2840 5.6522 -0.0400
-1.7664 5.2187 -0.0400
-1.8372 5.2436 -0.0400
-2.6751 3.8317 -0.0400
-2.7292 3.7700 -0.0400
-2.7766 3.7621 -0.0400
-2.8233 3.7600 -0.0400
-2.8688 3.7818 -0.0400
-2.9151 3.7990 -0.0400
-2.9618 3.8336 -0.0400
-3.2914 4.2814 -0.0400
-3.3445 4.2553 -0.0400
-3.4004 4.2557 -0.0400
-8.2866 2.7649 -0.0400
-8.3674 2.6873 -0.0400
-7.9109 2.3686 -0.0400
-7.8771 2.2692 -0.0400
-7.9382 2.1925 -0.0400
-6.5937 1.1931 -0.0400
-6.5908 1.1299 -0.0400
-6.6410 1.0661 -0.0400
-8.9724 0.9305 -0.0400
-4.0066 0.8825 -0.0400
-3.9775 0.8708 -0.0400
-3.9580 0.8575 -0.0400
-3.9429 0.8434 -0.0400
-3.9257 0.8304 -0.0400
-3.9176 0.8150 -0.0400
-3.9110 0.7991 -0.0400
-3.9060 0.7827 -0.0400
-3.9026 0.7657 -0.0400
-3.9080 0.7451 -0.0400
-3.9114 0.7248 -0.0400
-3.9200 0.7017 -0.0400
-3.9389 0.6733 -0.0400
-7.2673 -1.7573 -0.0400
-7.1829 -1.8085 -0.0400
-7.1059 -1.8632 -0.0400
-7.1858 -2.6504 -0.0400
-5.6813 -1.3884 -0.0400
-2.4441 -4.0188 -0.0400
-2.3515 -4.0315 -0.0400
-2.2597 -4.0326 -0.0400
-2.1590 -4.0870 -0.0400
0.4765 -2.7418 -0.0400
0.6061 -2.7477 -0.0400
0.5145 4.4131 -0.0400
-0.7142 4.1686 -0.0400
-0.7785 4.1936 -0.0400
-0.8309 4.3547 -0.0400
-0.9052 4.3653 -0.0400
-0.9622 4.4019 -0.0400
-1.2832 5.6504 -0.0400
-1.6824 5.2355 -0.0400
-1.7672 5.2163 -0.0400
-1.8361 5.2484 -0.0400
-2.6835 3.7927 -0.0400
-2.7341 3.7607 -0.0400
-2.7813 3.7565 -0.0400
-2.8270 3.7699 -0.0400
-2.8731 3.7851 -0.0400
-2.9196 3.7986 -0.0400
-3.2957 4.2792 -0.0400
-3.3497 4.2603 -0.0400
-8.3731 3.6626 -0.0400
-8.2681 2.8608 -0.0400
-8.2859 2.7645 -0.0400
-7.8626 2.3556 -0.0400
-7.8808 2.2695 -0.0400
-6.5801 1.1918 -0.0400
-6.6086 1.1291 -0.0400
-8.9822 1.0382 -0.0400
-8.9827 0.9333 -0.0400
-3.9905 0.8835 -0.0400
-3.9684 0.8705 -0.0400
-3.9518 0.8567 -0.0400
-3.9323 0.8442 -0.0400
-3.9232 0.8291 -0.0400
-3.9157 0.8137 -0.0400
-3.9096 0.7979 -0.0400
-3.9073 0.7807 -0.0400
-3.9061 0.7630 -0.0400
-3.9065 0.7445 -0.0400
-3.9093 0.7247 -0.0400
-3.9170 0.7024 -0.0400
-7.3511 -1.6953 -0.0400
-7.2649 -1.7468 -0.0400
-7.1596 -1.7831 -0.0400
-7.1203 -1.8641 -0.0400
-5.7366 -1.3426 -0.0400
-5.6856 -1.3830 -0.0400
-4.1028 -0.8785 -0.0400
-4.0536 -0.8710 -0.0400
-4.0100 -0.8720 -0.0400
-2.4625 -4.0069 -0.0400
-2.3693 -4.0276 -0.0400
-2.2739 -4.0564 -0.0400
-2.1804 -4.0632 -0.0400
0.5106 4.4006 -0.0400
-0.7218 4.1534 -0.0400
-0.7574 4.2181 -0.0400
-0.8276 4.3549 -0.0400
-0.9023 4.3654 -0.0400
-0.9314 4.4474 -0.0400
-1.1814 5.6709 -0.0400
-1.2806 5.6520 -0.0400
-1.6860 5.2224 -0.0400
-1.7653 5.2214 -0.0400
-1.8297 5.2705 -0.0400
-2.6880 3.7838 -0.0400
-2.7380 3.7594 -0.0400
-2.7851 3.7564 -0.0400
-2.8303 3.7796 -0.0400
-2.8768 3.7913 -0.0400
-2.9221 3.8534 -0.0400
-3.2988 4.2678 -0.0400
-3.3545 4.2649 -0.0400
-8.3778 3.6641 -0.0400
-8.2621 2.8582 -0.0400
-8.2947 2.7667 -0.0400
-7.9106 2.4590 -0.0400
-7.8673 2.3558 -0.0400
-7.9037 2.2741 -0.0400
-6.6153 1.2545 -0.0400
-6.5772 1.1902 -0.0400
-6.6108 1.1279 -0.0400
-8.9520 1.0409 -0.0400
-4.0425 0.8877 -0.0400
-3.9932 0.8797 -0.0400
-3.9577 0.8700 -0.0400
-3.9442 0.8558 -0.0400
-3.9280 0.8426 -0.0400
-3.9202 0.8274 -0.0400
-3.9134 0.8119 -0.0400
-3.9092 0.7957 -0.0400
-3.9067 0.7788 -0.0400
-3.9057 0.7613 -0.0400
-3.9061 0.7429 -0.0400
-3.9234 0.7173 -0.0400
-3.9391 0.6914 -0.0400
-7.2676 -1.7403 -0.0400
-7.1639 -1.7776 -0.0400
-5.7663 -1.3608 -0.0400
-5.7047 -1.3920 -0.0400
-4.1788 -0.9153 -0.0400
-4.1081 -0.8727 -0.0400
-4.0590 -0.8651 -0.0400
-4.0158 -0.8664 -0.0400
-3.9749 -0.8711 -0.0400
-3.9404 -0.8882 -0.0400
-3.9078 -0.9095 -0.0400
-2.4794 -4.0066 -0.0400
-2.3862 -4.0286 -0.0400
-2.2943 -4.0337 -0.0400
-2.1956 -4.0775 -0.0400
1.1015 -0.0110 -0.0400
-1.1057 0.6179 -0.0400
-1.1419 0.6615 -0.0400
0.5827 4.3425 -0.0400
-0.6234 4.1653 -0.0400
-0.7178 4.1528 -0.0400
-0.7610 4.2073 -0.0400
-0.8411 4.3291 -0.0400
-0.8981 4.3665 -0.0400
-0.9288 4.4462 -0.0400
-1.1947 5.6308 -0.0400
-1.2751 5.6601 -0.0400
-1.6831 5.2280 -0.0400
-1.7633 5.2251 -0.0400
-1.8252 5.2838 -0.0400
-2.6927 3.7707 -0.0400
-2.7417 3.7550 -0.0400
-2.7881 3.7616 -0.0400
-2.8338 3.7804 -0.0400
-2.8803 3.7948 -0.0400
-2.9255 3.8632 -0.0400
-3.3020 4.2596 -0.0400
-3.3611 4.2886 -0.0400
-8.3341 3.7577 -0.0400
-8.2660 2.8585 -0.0400
-7.8778 2.4486 -0.0400
-7.8636 2.3535 -0.0400
-7.9735 2.2897 -0.0400
-6.5807 1.2510 -0.0400
-6.5797 1.1884 -0.0400
-6.6634 1.1266 -0.0400
-8.9508 1.0429 -0.0400
-3.9910 0.8944 -0.0400
-3.9710 0.8809 -0.0400
-3.9467 0.8690 -0.0400
-3.9362 0.8543 -0.0400
-3.9269 0.8396 -0.0400
-3.9169 0.8252 -0.0400
-3.9114 0.8095 -0.0400
-3.9086 0.7931 -0.0400
-3.9068 0.7761 -0.0400
-3.9063 0.7585 -0.0400
-3.9177 0.7360 -0.0400
-3.9262 0.7140 -0.0400
-3.9435 0.6875 -0.0400
-7.3277 -1.6651 -0.0400
-7.2469 -1.7191 -0.0400
-7.1637 -1.7698 -0.0400
-7.1408 -1.8620 -0.0400
-5.7386 -1.3286 -0.0400
-5.6943 -1.3747 -0.0400
-4.1159 -0.8724 -0.0400
-4.0657 -0.8624 -0.0400
-4.0172 -0.8535 -0.0400
-3.9811 -0.8670 -0.0400
-3.9470 -0.8845 -0.0400
-3.9149 -0.9064 -0.0400
-3.8931 -0.9529 -0.0400
-3.8705 -1.0007 -0.0400
-2.2136 -4.0720 -0.0400
1.1558 -0.1207 -0.0400
1.1081 -0.0290 -0.0400
-1.1230 0.6098 -0.0400
-1.1365 0.6480 -0.0400
-1.2276 0.7022 -0.0400
-1.2356 0.7364 -0.0400
-1.2424 0.7700 -0.0400
0.5237 4.3931 -0.0400
-0.6566 4.1155 -0.0400
-0.7097 4.1567 -0.0400
-0.7319 4.3596 -0.0400
-0.8344 4.3325 -0.0400
-0.8953 4.3644 -0.0400
-0.9338 4.4318 -0.0400
-1.1947 5.6228 -0.0400
-1.2585 5.6953 -0.0400
-1.5976 5.2377 -0.0400
-1.6882 5.2070 -0.0400
-1.7528 5.2550 -0.0400
-2.6450 3.7894 -0.0400
-2.6954 3.7700 -0.0400
-2.7444 3.7566 -0.0400
-2.7905 3.7685 -0.0400
-2.8366 3.7842 -0.0400
-2.8824 3.8170 -0.0400
-3.2503 4.2690 -0.0400
-3.3061 4.2668 -0.0400
-8.3311 3.7549 -0.0400
-8.2579 2.9573 -0.0400
-8.2615 2.8558 -0.0400
-7.8853 2.4489 -0.0400
-7.8728 2.3542 -0.0400
-6.5811 1.2485 -0.0400
-6.5819 1.1861 -0.0400
-8.9817 1.1485 -0.0400
-8.9641 1.0443 -0.0400
-4.0427 0.8981 -0.0400
-3.9786 0.8925 -0.0400
-3.9626 0.8785 -0.0400
-3.9423 0.8659 -0.0400
-3.9285 0.8523 -0.0400
-3.9214 0.8372 -0.0400
-3.9143 0.8222 -0.0400
-3.9098 0.8065 -0.0400
-3.9063 0.7904 -0.0400
-3.9084 0.7723 -0.0400
-3.9086 0.7546 -0.0400
-3.9229 0.7311 -0.0400
-3.9336 0.7082 -0.0400
-3.9614 0.6773 -0.0400
-7.3427 -1.6681 -0.0400
-7.2147 -1.6910 -0.0400
-7.1744 -1.7701 -0.0400
-5.7978 -1.2889 -0.0400
-5.7357 -1.3195 -0.0400
-5.7211 -1.3923 -0.0400
-4.1268 -0.8787 -0.0400
-4.0627 -0.8432 -0.0400
-4.0233 -0.8507 -0.0400
-3.9869 -0.8634 -0.0400
-3.9528 -0.8804 -0.0400
-3.9264 -0.9144 -0.0400
-3.9000 -0.9502 -0.0400
-3.8789 -1.0010 -0.0400
0.2209 -2.8050 -0.0400
0.3771 -2.8505 -0.0400
1.0947 -0.0419 -0.0400
-1.0966 0.5903 -0.0400
-1.1428 0.6370 -0.0400
-1.2128 0.6867 -0.0400
-1.2414 0.7255 -0.0400
-1.2419 0.7579 -0.0400
-1.2358 0.7891 -0.0400
-1.2245 0.8195 -0.0400
-1.1878 0.8470 -0.0400
0.5885 4.3262 -0.0400
-0.6417 4.1265 -0.0400
-0.7090 4.1498 -0.0400
-0.7273 4.2390 -0.0400
-0.7672 4.3013 -0.0400
-0.8346 4.3246 -0.0400
-0.8795 4.3812 -0.0400
-1.0891 5.6428 -0.0400
-1.1908 5.6229 -0.0400
-1.6053 5.2082 -0.0400
-1.6873 5.2034 -0.0400
-1.7564 5.2369 -0.0400
-2.6492 3.7740 -0.0400
-2.6987 3.7616 -0.0400
-2.7466 3.7584 -0.0400
-2.7920 3.7805 -0.0400
-2.8391 3.7870 -0.0400
-2.8843 3.8322 -0.0400
-3.2532 4.2684 -0.0400
-3.3109 4.2851 -0.0400
-8.3324 3.7540 -0.0400
-8.2375 2.9484 -0.0400
-8.2793 2.8603 -0.0400
-7.8498 2.4369 -0.0400
-6.5963 1.3091 -0.0400
-6.5748 1.2454 -0.0400
-6.5931 1.1837 -0.0400
-8.9633 1.1493 -0.0400
-8.9650 1.0454 -0.0400
-3.9929 0.9023 -0.0400
-3.9636 0.8906 -0.0400
-3.9517 0.8761 -0.0400
-3.9359 0.8628 -0.0400
-3.9245 0.8488 -0.0400
-3.9181 0.8337 -0.0400
-3.9123 0.8185 -0.0400
-3.9098 0.8024 -0.0400
-3.9078 0.7859 -0.0400
-3.9121 0.7672 -0.0400
-3.9139 0.7490 -0.0400
-3.9186 0.7293 -0.0400
-3.9501 0.6982 -0.0400
-7.4015 -1.5932 -0.0400
-7.3181 -1.6466 -0.0400
-7.2200 -1.6885 -0.0400
-7.1677 -1.7592 -0.0400
-7.2731 -2.5405 -0.0400
-5.7390 -1.3165 -0.0400
-5.7042 -1.3706 -0.0400
-4.1762 -0.8737 -0.0400
-4.1164 -0.8485 -0.0400
-4.0700 -0.8443 -0.0400
-4.0293 -0.8491 -0.0400
-3.9923 -0.8601 -0.0400
-3.9604 -0.8813 -0.0400
-3.9311 -0.9087 -0.0400
-3.9048 -0.9440 -0.0400
-3.8837 -0.9940 -0.0400
0.2133 -2.8244 -0.0400
0.2819 -2.7681 -0.0400
0.4431 -2.8155 -0.0400
1.0707 -0.1240 -0.0400
-1.1027 0.5471 -0.0400
-1.1319 0.5907 -0.0400
-1.2218 0.6471 -0.0400
-1.2370 0.6837 -0.0400
-1.2476 0.7185 -0.0400
-1.2424 0.7499 -0.0400
-1.2227 0.7789 -0.0400
-1.2010 0.8081 -0.0400
-0.5963 4.0692 -0.0400
-0.6402 4.1227 -0.0400
-0.6926 4.2809 -0.0400
-0.7712 4.2899 -0.0400
-0.8245 4.3338 -0.0400
-1.0037 5.6141 -0.0400
-1.1069 5.5938 -0.0400
-1.5329 5.1783 -0.0400
-1.6118 5.1840 -0.0400
-1.6776 5.2279 -0.0400
-2.6029 3.7683 -0.0400
-2.6525 3.7581 -0.0400
-2.7000 3.7607 -0.0400
-2.7455 3.7813 -0.0400
-2.7920 3.7959 -0.0400
-3.1439 4.2972 -0.0400
-3.1990 4.2706 -0.0400
-3.2576 4.3050 -0.0400
-8.1995 3.0364 -0.0400
-8.2746 2.9606 -0.0400
-7.8349 2.6147 -0.0400
-7.8193 2.5178 -0.0400
-7.8665 2.4401 -0.0400
-6.5696 1.3675 -0.0400
-6.5691 1.3052 -0.0400
-8.9506 1.2533 -0.0400
-4.0176 0.9297 -0.0400
-3.9783 0.9184 -0.0400
-3.9566 0.9053 -0.0400
-3.9411 0.8916 -0.0400
-3.9297 0.8774 -0.0400
-3.9215 0.8628 -0.0400
-3.9166 0.8475 -0.0400
-3.9124 0.8321 -0.0400
-3.9118 0.8156 -0.0400
-3.9104 0.7992 -0.0400
-3.9151 0.7806 -0.0400
-3.9282 0.7587 -0.0400
-3.9366 0.7378 -0.0400
-7.4390 -1.5080 -0.0400
-7.3615 -1.5655 -0.0400
-7.2653 -1.6096 -0.0400
-7.2830 -1.7263 -0.0400
-5.8240 -1.2193 -0.0400
-5.7796 -1.2647 -0.0400
-4.1580 -0.8359 -0.0400
-4.0990 -0.8106 -0.0400
-4.0615 -0.8210 -0.0400
-4.0270 -0.8365 -0.0400
-3.9950 -0.8569 -0.0400
-3.9657 -0.8832 -0.0400
-3.9395 -0.9170 -0.0400
0.1274 -2.8786 -0.0400
0.2822 -2.9266 -0.0400
0.3455 -2.8609 -0.0400
0.5385 -2.9415 -0.0400
1.1108 -0.1586 -0.0400
1.0855 -0.0731 -0.0400
-1.0744 0.5583 -0.0400
-1.1212 0.6059 -0.0400
-1.2155 0.6619 -0.0400
-1.2333 0.6988 -0.0400
-1.2402 0.7329 -0.0400
-1.2403 0.7653 -0.0400
-1.2293 0.7959 -0.0400
-1.1922 0.8234 -0.0400
0.5994 4.3114 -0.0400
-0.6365 4.1145 -0.0400
-0.7614 4.2911 -0.0400
-0.8241 4.3218 -0.0400
-0.8604 4.3923 -0.0400
-1.0738 5.6550 -0.0400
-1.6012 5.2016 -0.0400
-1.6804 5.2061 -0.0400
-2.5939 3.8325 -0.0400
-2.6541 3.7582 -0.0400
-2.7022 3.7573 -0.0400
-2.7491 3.7656 -0.0400
-2.7951 3.7858 -0.0400
-2.8418 3.8030 -0.0400
-3.2025 4.2837 -0.0400
-3.2581 4.2688 -0.0400
-8.3087 3.8556 -0.0400
-8.2354 2.9438 -0.0400
-7.8474 2.5228 -0.0400
-7.8474 2.4314 -0.0400
-6.5723 1.3006 -0.0400
-6.5795 1.2389 -0.0400
-8.9945 1.2550 -0.0400
-8.9709 1.1504 -0.0400
-9.0345 1.0464 -0.0400
-3.9814 0.9099 -0.0400
-3.9603 0.8968 -0.0400
-3.9450 0.8831 -0.0400
-3.9332 0.8691 -0.0400
-3.9240 0.8548 -0.0400
-3.9170 0.8401 -0.0400
-3.9124 0.8250 -0.0400
-3.9100 0.8092 -0.0400
-3.9108 0.7923 -0.0400
-3.9097 0.7758 -0.0400
-3.9160 0.7567 -0.0400
-3.9307 0.7339 -0.0400
-3.9405 0.7123 -0.0400
-7.3800 -1.5708 -0.0400
-7.3200 -1.6381 -0.0400
-7.2148 -1.6750 -0.0400
-7.2363 -1.7954 -0.0400
-5.7933 -1.2707 -0.0400
-5.7407 -1.3086 -0.0400
-4.1756 -0.8536 -0.0400
-4.1206 -0.8358 -0.0400
-4.0756 -0.8333 -0.0400
-4.0365 -0.8402 -0.0400
-4.0009 -0.8529 -0.0400
-3.9715 -0.8784 -0.0400
-3.9443 -0.9096 -0.0400
-3.9213 -0.9517 -0.0400
-3.9099 -1.0241 -0.0400
-3.5497 -1.9506 -0.0400
0.1793 -2.8401 -0.0400
0.2585 -2.7965 -0.0400
0.4185 -2.8432 -0.0400
1.1152 -0.2510 -0.0400
1.0689 -0.1578 -0.0400
1.0751 -0.0817 -0.0400
-1.1470 0.5679 -0.0400
-1.2089 0.6180 -0.0400
-1.2350 0.6575 -0.0400
-1.2435 0.6923 -0.0400
-1.2454 0.7253 -0.0400
-1.2338 0.7558 -0.0400
-1.2169 0.7858 -0.0400
0.6635 4.2451 -0.0400
-0.4988 4.0595 -0.0400
-0.5863 4.0614 -0.0400
-0.6232 4.1243 -0.0400
-0.6880 4.2671 -0.0400
-0.7526 4.2964 -0.0400
-1.0139 5.5659 -0.0400
-1.0854 5.6187 -0.0400
-1.5318 5.1606 -0.0400
-1.5963 5.2079 -0.0400
-2.5516 3.7905 -0.0400
-2.6052 3.7635 -0.0400
-2.6549 3.7555 -0.0400
-2.7008 3.7730 -0.0400
-2.7464 3.7967 -0.0400
-2.7907 3.8424 -0.0400
-3.1468 4.2772 -0.0400
-3.2043 4.2988 -0.0400
-8.2468 3.9394 -0.0400
-8.1677 3.1235 -0.0400
-7.8184 2.6040 -0.0400
-6.5872 1.4240 -0.0400
-6.5662 1.3596 -0.0400
-6.6250 1.3016 -0.0400
-8.9838 1.3588 -0.0400
-8.9877 1.2547 -0.0400
-4.0041 0.9364 -0.0400
-3.9712 0.9239 -0.0400
-3.9524 0.9103 -0.0400
-3.9391 0.8963 -0.0400
-3.9269 0.8825 -0.0400
-3.9203 0.8678 -0.0400
-3.9158 0.8527 -0.0400
-3.9127 0.8373 -0.0400
-3.9120 0.8212 -0.0400
-3.9133 0.8045 -0.0400
-3.9179 0.7864 -0.0400
-3.9283 0.7662 -0.0400
-3.9487 0.7418 -0.0400
-3.9726 0.7152 -0.0400
-7.4081 -1.4820 -0.0400
-7.3285 -1.5372 -0.0400
-7.2665 -1.6017 -0.0400
-5.8186 -1.2077 -0.0400
-5.8012 -1.2751 -0.0400
-4.2295 -0.8618 -0.0400
-4.1458 -0.7981 -0.0400
-4.1046 -0.8023 -0.0400
-4.0682 -0.8138 -0.0400
-4.0348 -0.8305 -0.0400
-4.0042 -0.8526 -0.0400
-3.9764 -0.8811 -0.0400
-3.9523 -0.9188 -0.0400
-3.6050 -1.9228 -0.0400
-3.5414 -1.8656 -0.0400
-3.4892 -1.8675 -0.0400
-3.4385 -1.8788 -0.0400
0.1022 -2.9045 -0.0400
0.2450 -2.9388 -0.0400
0.3220 -2.8895 -0.0400
0.5197 -2.9762 -0.0400
1.0514 -0.1701 -0.0400
-1.1024 0.5063 -0.0400
-1.1391 0.5523 -0.0400
-1.1518 0.5909 -0.0400
-1.2265 0.6424 -0.0400
-1.2508 0.6807 -0.0400
-1.2475 0.7128 -0.0400
-1.2375 0.7436 -0.0400
-1.2212 0.7737 -0.0400
0.7946 1.1487 -0.0400
0.7426 1.2138 -0.0400
0.7454 1.2805 -0.0400
-0.5757 4.0629 -0.0400
-0.5935 4.2646 -0.0400
-0.6957 4.2452 -0.0400
-0.7544 4.2825 -0.0400
-0.7800 4.3682 -0.0400
-1.0092 5.5617 -0.0400
-1.4337 5.1888 -0.0400
-1.5268 5.1614 -0.0400
-1.5946 5.1998 -0.0400
-2.5536 3.7784 -0.0400
-2.6060 3.7589 -0.0400
-2.6541 3.7620 -0.0400
-2.7003 3.7799 -0.0400
-2.7476 3.7909 -0.0400
-3.1479 4.2768 -0.0400
-8.2381 3.9326 -0.0400
-8.1745 3.1238 -0.0400
-8.2338 3.0430 -0.0400
-7.7965 2.6863 -0.0400
-7.7990 2.5947 -0.0400
-6.5645 1.4174 -0.0400
-6.5682 1.3556 -0.0400
-9.0139 1.4647 -0.0400
-8.9559 1.3569 -0.0400
-8.9881 1.2544 -0.0400
-4.0092 0.9459 -0.0400
-3.9710 0.9335 -0.0400
-3.9511 0.9199 -0.0400
-3.9425 0.9051 -0.0400
-3.9313 0.8910 -0.0400
-3.9232 0.8766 -0.0400
-3.9175 0.8619 -0.0400
-3.9136 0.8468 -0.0400
-3.9134 0.8309 -0.0400
-3.9140 0.8145 -0.0400
-3.9164 0.7975 -0.0400
-3.9233 0.7789 -0.0400
-3.9353 0.7581 -0.0400
-3.9608 0.7321 -0.0400
-7.4037 -1.4765 -0.0400
-7.3057 -1.5202 -0.0400
-7.2548 -1.5910 -0.0400
-5.8685 -1.1650 -0.0400
-5.8187 -1.2054 -0.0400
-5.8018 -1.2728 -0.0400
-4.2068 -0.8187 -0.0400
-4.1538 -0.8048 -0.0400
-4.1101 -0.8045 -0.0400
-4.0722 -0.8131 -0.0400
-4.0390 -0.8298 -0.0400
-4.0104 -0.8557 -0.0400
-3.9853 -0.8893 -0.0400
-3.9656 -0.9365 -0.0400
-3.6041 -1.8730 -0.0400
-3.5495 -1.8625 -0.0400
-3.4977 -1.8654 -0.0400
-3.4474 -1.8788 -0.0400
-3.4037 -1.9486 -0.0400
0.0234 -2.9762 -0.0400
0.0847 -2.9109 -0.0400
0.2321 -2.9513 -0.0400
0.3005 -2.8920 -0.0400
1.0813 -0.2760 -0.0400
1.0536 -0.1884 -0.0400
1.0688 -0.1148 -0.0400
-1.1185 0.5331 -0.0400
-1.2144 0.5924 -0.0400
-1.2407 0.6322 -0.0400
-1.2490 0.6671 -0.0400
-1.2487 0.6999 -0.0400
-1.2416 0.7312 -0.0400
-1.2095 0.7589 -0.0400
-1.1570 0.7849 -0.0400
0.8155 1.1342 -0.0400
0.7371 1.1987 -0.0400
0.7432 1.2656 -0.0400
0.7345 4.1642 -0.0400
-0.5081 4.0247 -0.0400
-0.5731 4.0537 -0.0400
-0.5885 4.1443 -0.0400
-0.6932 4.2362 -0.0400
-0.7360 4.2960 -0.0400
-0.8934 5.5878 -0.0400
-1.0044 5.5565 -0.0400
-1.4471 5.1401 -0.0400
-1.5203 5.1644 -0.0400
-1.5641 5.2721 -0.0400
-2.5532 3.7767 -0.0400
-2.6067 3.7518 -0.0400
-2.6532 3.7663 -0.0400
-2.6999 3.7813 -0.0400
-2.7468 3.7981 -0.0400
-3.0920 4.2948 -0.0400
-3.1486 4.2783 -0.0400
-8.1954 4.0259 -0.0400
-8.1586 3.2198 -0.0400
-8.1801 3.1237 -0.0400
-7.8125 2.6887 -0.0400
-7.7994 2.5916 -0.0400
-7.9044 2.5325 -0.0400
-6.5771 1.4766 -0.0400
-6.5601 1.4123 -0.0400
-6.5811 1.3522 -0.0400
-8.9638 1.3566 -0.0400
-9.0362 1.2556 -0.0400
-3.9795 0.9416 -0.0400
-3.9545 0.9282 -0.0400
-3.9449 0.9135 -0.0400
-3.9324 0.8996 -0.0400
-3.9238 0.8853 -0.0400
-3.9183 0.8706 -0.0400
-3.9150 0.8555 -0.0400
-3.9128 0.8402 -0.0400
-3.9129 0.8243 -0.0400
-3.9150 0.8077 -0.0400
-3.9195 0.7902 -0.0400
-3.9358 0.7687 -0.0400
-3.9542 0.7458 -0.0400
-7.4040 -1.4743 -0.0400
-7.2980 -1.5131 -0.0400
-7.2702 -1.5979 -0.0400
-5.8617 -1.1581 -0.0400
-5.8202 -1.2048 -0.0400
-5.8148 -1.2816 -0.0400
-4.2554 -0.8183 -0.0400
-4.1944 -0.7934 -0.0400
-4.1484 -0.7902 -0.0400
-4.1086 -0.7958 -0.0400
-4.0731 -0.8080 -0.0400
-4.0405 -0.8254 -0.0400
-4.0108 -0.8484 -0.0400
-3.9841 -0.8781 -0.0400
-3.9836 -0.9656 -0.0400
-3.6750 -1.9202 -0.0400
-3.6123 -1.8739 -0.0400
-3.5574 -1.8612 -0.0400
-3.5056 -1.8633 -0.0400
-3.4584 -1.8972 -0.0400
-3.4128 -1.9523 -0.0400
0.0052 -2.9812 -0.0400
0.0700 -2.9205 -0.0400
0.2166 -2.9604 -0.0400
0.4044 -3.0421 -0.0400
1.0416 -0.2026 -0.0400
-1.0718 0.4696 -0.0400
-1.1351 0.5235 -0.0400
-1.1531 0.5637 -0.0400
-1.2258 0.6153 -0.0400
-1.2437 0.6526 -0.0400
-1.2511 0.6870 -0.0400
-1.2399 0.7177 -0.0400
-1.2213 0.7476 -0.0400
-1.1875 0.7758 -0.0400
0.8034 1.1186 -0.0400
0.7453 1.1839 -0.0400
0.7643 1.2517 -0.0400
0.7406 4.1539 -0.0400
-0.4890 4.0338 -0.0400
-0.5518 4.0665 -0.0400
-0.6083 4.2192 -0.0400
-0.6854 4.2335 -0.0400
-0.7380 4.2798 -0.0400
-0.9109 5.5337 -0.0400
-0.9910 5.5687 -0.0400
-1.4333 5.1595 -0.0400
-1.5159 5.1604 -0.0400
-1.5759 5.2222 -0.0400
-2.5027 3.7731 -0.0400
-2.5563 3.7529 -0.0400
-2.6054 3.7532 -0.0400
-2.6520 3.7683 -0.0400
-2.6990 3.7826 -0.0400
-3.0918 4.2829 -0.0400
-3.1489 4.2851 -0.0400
-8.2654 3.9438 -0.0400
-8.1724 3.1180 -0.0400
-7.7735 2.6719 -0.0400
-7.8357 2.6003 -0.0400
-6.5673 1.4706 -0.0400
-6.5612 1.4077 -0.0400
-6.5996 1.3492 -0.0400
-8.9561 1.4589 -0.0400
-8.9962 1.3575 -0.0400
-3.9817 0.9500 -0.0400
-3.9649 0.9354 -0.0400
-3.9444 0.9218 -0.0400
-3.9363 0.9071 -0.0400
-3.9260 0.8931 -0.0400
-3.9195 0.8786 -0.0400
-3.9161 0.8637 -0.0400
-3.9139 0.8485 -0.0400
-3.9147 0.8326 -0.0400
-3.9177 0.8160 -0.0400
-3.9185 0.7998 -0.0400
-3.9273 0.7811 -0.0400
-3.9418 0.7602 -0.0400
-3.9760 0.7322 -0.0400
-7.4785 -1.4133 -0.0400
-7.3696 -1.4526 -0.0400
-7.2950 -1.5094 -0.0400
-7.2699 -1.5956 -0.0400
-5.8721 -1.1653 -0.0400
-5.8263 -1.2086 -0.0400
-4.2829 -0.8567 -0.0400
-4.2029 -0.8031 -0.0400
-4.1542 -0.7953 -0.0400
-4.1078 -0.7894 -0.0400
-4.0745 -0.8051 -0.0400
-4.0439 -0.8258 -0.0400
-4.0164 -0.8526 -0.0400
-3.9924 -0.8877 -0.0400
-3.9744 -0.9374 -0.0400
-3.6209 -1.8804 -0.0400
-3.5651 -1.8622 -0.0400
-3.5136 -1.8654 -0.0400
-3.4656 -1.8922 -0.0400
-3.4201 -1.9453 -0.0400
0.0592 -2.9347 -0.0400
0.1985 -2.9659 -0.0400
0.3913 -3.0543 -0.0400
1.0455 -0.2216 -0.0400
1.0598 -0.1476 -0.0400
-1.1026 0.5009 -0.0400
-1.1816 0.5568 -0.0400
-1.2377 0.6043 -0.0400
-1.2501 0.6404 -0.0400
-1.2518 0.6737 -0.0400
-1.2463 0.7055 -0.0400
-1.2323 0.7359 -0.0400
-1.1493 0.7573 -0.0400
0.7938 1.1028 -0.0400
0.7437 1.1684 -0.0400
0.7423 1.2351 -0.0400
-0.5065 3.9994 -0.0400
-0.5508 4.0537 -0.0400
-0.5854 4.2348 -0.0400
-0.6780 4.2291 -0.0400
-0.7077 4.3080 -0.0400
-0.8840 5.5715 -0.0400
-0.9902 5.5517 -0.0400
-1.4365 5.1340 -0.0400
-1.5055 5.1707 -0.0400
-2.4976 3.7878 -0.0400
-2.5537 3.7567 -0.0400
-2.6035 3.7545 -0.0400
-2.6492 3.7772 -0.0400
-2.6959 3.7967 -0.0400
-3.0912 4.2819 -0.0400
-3.1488 4.3002 -0.0400
-8.1913 4.0195 -0.0400
-8.1348 3.2044 -0.0400
-7.7809 2.6711 -0.0400
-7.8187 2.5915 -0.0400
-6.5647 1.4652 -0.0400
-6.5633 1.4029 -0.0400
-8.9601 1.4580 -0.0400
-9.0347 1.3585 -0.0400
-3.9939 0.9573 -0.0400
-3.9582 0.9438 -0.0400
-3.9469 0.9292 -0.0400
-3.9381 0.9146 -0.0400
-3.9267 0.9005 -0.0400
-3.9216 0.8859 -0.0400
-3.9169 0.8713 -0.0400
-3.9142 0.8563 -0.0400
-3.9144 0.8408 -0.0400
-3.9177 0.8244 -0.0400
-3.9185 0.8084 -0.0400
-3.9283 0.7899 -0.0400
-3.9450 0.7689 -0.0400
-7.4448 -1.3936 -0.0400
-7.3447 -1.4371 -0.0400
-7.2977 -1.5097 -0.0400
-7.2853 -1.6036 -0.0400
-5.9147 -1.1192 -0.0400
-5.8561 -1.1526 -0.0400
-5.8581 -1.2338 -0.0400
-4.2426 -0.7921 -0.0400
-4.1906 -0.7803 -0.0400
-4.1474 -0.7807 -0.0400
-4.1100 -0.7895 -0.0400
-4.0759 -0.8034 -0.0400
-4.0445 -0.8220 -0.0400
-4.0232 -0.8606 -0.0400
-4.0028 -0.9030 -0.0400
-3.9953 -0.9752 -0.0400
-3.6814 -1.8839 -0.0400
-3.6232 -1.8570 -0.0400
-3.5703 -1.8521 -0.0400
-3.5201 -1.8612 -0.0400
-3.4718 -1.8842 -0.0400
-3.4256 -1.9293 -0.0400
-2.7977 -4.0249 -0.0400
-2.7064 -4.0625 -0.0400
-0.0202 -3.0040 -0.0400
0.0379 -2.9351 -0.0400
0.1795 -2.9699 -0.0400
0.2642 -2.9308 -0.0400
-1.1493 0.5349 -0.0400
-1.2082 0.5838 -0.0400
-1.2396 0.6245 -0.0400
-1.2548 0.6607 -0.0400
-1.2462 0.6919 -0.0400
-1.2292 0.7220 -0.0400
-1.1990 0.7507 -0.0400
0.8059 1.0873 -0.0400
0.7462 1.1529 -0.0400
0.7449 1.2197 -0.0400
-0.4136 3.9856 -0.0400
-0.4988 3.9936 -0.0400
-0.5445 4.0464 -0.0400
-0.6104 4.1872 -0.0400
-0.6718 4.2225 -0.0400
-0.7108 4.2884 -0.0400
-0.9001 5.5182 -0.0400
-0.9653 5.5860 -0.0400
-1.4241 5.1467 -0.0400
-1.4794 5.2208 -0.0400
-2.4385 3.8125 -0.0400
-2.5013 3.7569 -0.0400
-2.5530 3.7475 -0.0400
-2.6006 3.7586 -0.0400
-2.6470 3.7784 -0.0400
-2.6944 3.7940 -0.0400
-2.7372 3.8515 -0.0400
-3.0327 4.2954 -0.0400
-3.0901 4.2843 -0.0400
-3.1483 4.3176 -0.0400
-8.1889 4.0163 -0.0400
-8.1463 3.2068 -0.0400
-7.7668 2.7558 -0.0400
-7.7790 2.6671 -0.0400
-6.5568 1.4591 -0.0400
-6.6123 1.4033 -0.0400
-8.9628 1.4568 -0.0400
-9.0352 1.3573 -0.0400
-3.9900 0.9653 -0.0400
-3.9684 0.9505 -0.0400
-3.9538 0.9358 -0.0400
-3.9357 0.9220 -0.0400
-3.9288 0.9074 -0.0400
-3.9209 0.8931 -0.0400
-3.9177 0.8783 -0.0400
-3.9149 0.8635 -0.0400
-3.9153 0.8481 -0.0400
-3.9153 0.8327 -0.0400
-3.9208 0.8159 -0.0400
-3.9242 0.7993 -0.0400
-3.9397 0.7792 -0.0400
-3.9721 0.7537 -0.0400
-7.4394 -1.3900 -0.0400
-7.3348 -1.4308 -0.0400
-7.2954 -1.5075 -0.0400
-5.9055 -1.1128 -0.0400
-5.8539 -1.1514 -0.0400
-5.8526 -1.2295 -0.0400
-4.2472 -0.7975 -0.0400
-4.1937 -0.7835 -0.0400
-4.1430 -0.7712 -0.0400
-4.1085 -0.7842 -0.0400
-4.0768 -0.8019 -0.0400
-4.0478 -0.8245 -0.0400
-4.0215 -0.8531 -0.0400
-3.9990 -0.8903 -0.0400
-3.9839 -0.9453 -0.0400
-3.6931 -1.9099 -0.0400
-3.6309 -1.8644 -0.0400
-3.5769 -1.8531 -0.0400
-3.5277 -1.8679 -0.0400
-3.4816 -1.9056 -0.0400
-2.8964 -4.0640 -0.0400
-2.8094 -4.0270 -0.0400
-2.7188 -4.0587 -0.0400
-2.6252 -4.1090 -0.0400
-2.5339 -4.1177 -0.0400
-0.0303 -3.0182 -0.0400
0.0346 -2.9580 -0.0400
0.1660 -2.9801 -0.0400
0.2782 -2.9740 -0.0400
-1.2539 0.6468 -0.0400
-1.2513 0.6792 -0.0400
-1.2410 0.7103 -0.0400
-1.1866 0.7354 -0.0400
0.8185 1.0715 -0.0400
0.7526 1.1373 -0.0400
0.7946 1.2065 -0.0400
-0.4200 3.9629 -0.0400
-0.4915 3.9865 -0.0400
-0.5343 4.0431 -0.0400
-0.5073 4.1874 -0.0400
-0.6025 4.1814 -0.0400
-0.6643 4.2164 -0.0400
-0.7057 4.2792 -0.0400
-0.8716 5.5564 -0.0400
-1.3298 5.1500 -0.0400
-1.4231 5.1288 -0.0400
-1.4896 5.1730 -0.0400
-2.4954 3.7700 -0.0400
-2.5490 3.7531 -0.0400
-2.5958 3.7703 -0.0400
-2.6437 3.7826 -0.0400
-2.6880 3.8230 -0.0400
-3.0308 4.2976 -0.0400
-3.0885 4.2859 -0.0400
-3.1470 4.3279 -0.0400
-8.1356 4.1039 -0.0400
-8.1308 3.3037 -0.0400
-8.1427 3.2027 -0.0400
-7.7939 2.7626 -0.0400
-6.5631 1.5169 -0.0400
-6.5565 1.4537 -0.0400
-6.6091 1.3977 -0.0400
-9.0327 1.4607 -0.0400
-3.9927 0.9727 -0.0400
-3.9689 0.9576 -0.0400
-3.9536 0.9428 -0.0400
-3.9350 0.9287 -0.0400
-3.9283 0.9141 -0.0400
-3.9229 0.8995 -0.0400
-3.9188 0.8849 -0.0400
-3.9158 0.8702 -0.0400
-3.9150 0.8551 -0.0400
-3.9185 0.8392 -0.0400
-3.9203 0.8234 -0.0400
-3.9238 0.8071 -0.0400
-3.9401 0.7873 -0.0400
-3.9508 0.7684 -0.0400
-7.5340 -1.3412 -0.0400
-7.3957 -1.3661 -0.0400
-7.3274 -1.4265 -0.0400
-7.3057 -1.5133 -0.0400
-5.8926 -1.1045 -0.0400
-5.8517 -1.1507 -0.0400
-4.2254 -0.7637 -0.0400
-4.1818 -0.7637 -0.0400
-4.1435 -0.7709 -0.0400
-4.1089 -0.7835 -0.0400
-4.0769 -0.8003 -0.0400
-4.0525 -0.8309 -0.0400
-4.0294 -0.8654 -0.0400
-4.0119 -0.9130 -0.0400
-3.6898 -1.8686 -0.0400
-3.6333 -1.8480 -0.0400
-3.5815 -1.8467 -0.0400
-3.5324 -1.8601 -0.0400
-3.4855 -1.8894 -0.0400
-3.4422 -1.9541 -0.0400
-2.9074 -4.0711 -0.0400
-2.8207 -4.0276 -0.0400
-2.7295 -4.0711 -0.0400
-2.6370 -4.1091 -0.0400
-2.5440 -4.1375 -0.0400
0.2525 -2.9696 -0.0400
-1.2179 0.7262 -0.0400
-1.1630 0.7525 -0.0400
0.7678 1.0545 -0.0400
0.7461 1.1210 -0.0400
0.7703 1.1892 -0.0400
-0.5169 4.1586 -0.0400
-0.5968 4.1720 -0.0400
-0.6556 4.2112 -0.0400
-0.7779 5.5235 -0.0400
-0.8857 5.5049 -0.0400
-1.4141 5.1296 -0.0400
-1.4554 5.2408 -0.0400
-2.4366 3.7872 -0.0400
-2.4956 3.7505 -0.0400
-2.5462 3.7485 -0.0400
-2.5934 3.7644 -0.0400
-2.6409 3.7802 -0.0400
-2.6873 3.8060 -0.0400
-3.0282 4.3063 -0.0400
-3.0864 4.3192 -0.0400
-8.1349 4.1019 -0.0400
-7.7479 2.7421 -0.0400
-7.8083 2.6708 -0.0400
-6.5482 1.5093 -0.0400
-6.5874 1.4524 -0.0400
-8.9593 1.5571 -0.0400
-8.9997 1.4565 -0.0400
-4.0048 0.9798 -0.0400
-3.9736 0.9643 -0.0400
-3.9560 0.9493 -0.0400
-3.9356 0.9350 -0.0400
-3.9286 0.9204 -0.0400
-3.9232 0.9058 -0.0400
-3.9192 0.8912 -0.0400
-3.9164 0.8765 -0.0400
-3.9161 0.8615 -0.0400
-3.9166 0.8463 -0.0400
-3.9181 0.8308 -0.0400
-3.9285 0.8133 -0.0400
-3.9354 0.7961 -0.0400
-3.9645 0.7731 -0.0400
-7.4977 -1.3226 -0.0400
-7.4011 -1.3695 -0.0400
-7.3285 -1.4274 -0.0400
-7.3087 -1.5152 -0.0400
-5.8894 -1.1038 -0.0400
-5.8597 -1.1585 -0.0400
-4.2735 -0.7695 -0.0400
-4.2229 -0.7604 -0.0400
-4.1804 -0.7618 -0.0400
-4.1429 -0.7698 -0.0400
-4.1078 -0.7813 -0.0400
-4.0785 -0.8022 -0.0400
-4.0517 -0.8283 -0.0400
-4.0278 -0.8608 -0.0400
-4.0087 -0.9043 -0.0400
-3.6999 -1.8923 -0.0400
-3.6400 -1.8559 -0.0400
-3.5866 -1.8457 -0.0400
-3.5392 -1.8684 -0.0400
-3.4946 -1.9138 -0.0400
-2.8295 -4.0675 -0.0400
-2.7406 -4.0698 -0.0400
-2.6482 -4.1106 -0.0400
-2.5553 -4.1401 -0.0400
1.0418 -0.3536 -0.0400
0.8060 1.1640 -0.0400
0.7417 1.2278 -0.0400
0.7446 1.2952 -0.0400
-0.9178 5.6038 -0.0400
-1.0310 5.5694 -0.0400
-1.4686 5.1653 -0.0400
-1.5504 5.1704 -0.0400
-1.6117 5.2328 -0.0400
-2.5885 3.7527 -0.0400
-2.6374 3.7597 -0.0400
-2.6844 3.7806 -0.0400
-2.7327 3.7949 -0.0400
-2.7761 3.8597 -0.0400
-3.0813 4.3265 -0.0400
-3.1392 4.2803 -0.0400
-3.1978 4.2965 -0.0400
-8.2406 3.9205 -0.0400
-8.1721 3.1038 -0.0400
-7.8233 2.5777 -0.0400
-6.6044 1.4457 -0.0400
-6.5662 1.3785 -0.0400
-6.5904 1.3191 -0.0400
-8.9836 1.3484 -0.0400
-9.0595 1.2482 -0.0400
-3.9836 0.9330 -0.0400
-3.9476 0.9191 -0.0400
-3.9371 0.9046 -0.0400
-3.9288 0.8902 -0.0400
-3.9225 0.8758 -0.0400
-3.9177 0.8614 -0.0400
-3.9141 0.8469 -0.0400
-3.9135 0.8320 -0.0400
-3.9137 0.8168 -0.0400
-3.9150 0.8013 -0.0400
-3.9260 0.7836 -0.0400
-3.9334 0.7662 -0.0400
-3.9445 0.7474 -0.0400
-3.9630 0.7260 -0.0400
-7.4009 -1.4699 -0.0400
-7.2930 -1.5073 -0.0400
-7.2468 -1.5794 -0.0400
-7.2488 -1.6821 -0.0400
-5.8722 -1.1719 -0.0400
-5.8128 -1.2035 -0.0400
-5.7955 -1.2685 -0.0400
-4.2049 -0.8030 -0.0400
-4.1591 -0.7986 -0.0400
-4.1185 -0.8012 -0.0400
-4.0793 -0.8051 -0.0400
-4.0478 -0.8218 -0.0400
-4.0181 -0.8419 -0.0400
-3.9905 -0.8668 -0.0400
-3.9776 -0.9233 -0.0400
-3.9687 -0.9923 -0.0400
-3.6010 -1.8840 -0.0400
-3.5465 -1.8659 -0.0400
-3.4957 -1.8659 -0.0400
-3.4469 -1.8799 -0.0400
-3.3998 -1.9116 -0.0400
-2.7602 -4.0314 -0.0400
-2.6690 -4.0704 -0.0400
-2.5813 -4.0579 -0.0400
-2.4869 -4.1049 -0.0400
1.0566 -0.1519 -0.0400
1.0931 -0.0839 -0.0400
-1.0852 0.5039 -0.0400
0.7669 1.0219 -0.0400
0.7491 1.0886 -0.0400
0.7897 1.1577 -0.0400
-0.7478 5.5352 -0.0400
-0.8568 5.5164 -0.0400
-1.3098 5.1289 -0.0400
-1.3924 5.1358 -0.0400
-2.4297 3.7741 -0.0400
-2.4867 3.7480 -0.0400
-2.5372 3.7492 -0.0400
-2.5843 3.7679 -0.0400
-2.6282 3.8087 -0.0400
-3.0218 4.2950 -0.0400
-8.0876 4.1930 -0.0400
-8.1542 4.1115 -0.0400
-8.0954 3.2806 -0.0400
-7.7226 2.8197 -0.0400
-7.7579 2.7394 -0.0400
-6.5432 1.5599 -0.0400
-6.5587 1.5000 -0.0400
-8.9605 1.5537 -0.0400
-9.0336 1.4559 -0.0400
-4.0034 0.9940 -0.0400
-3.9706 0.9774 -0.0400
-3.9533 0.9618 -0.0400
-3.9413 0.9468 -0.0400
-3.9324 0.9320 -0.0400
-3.9259 0.9173 -0.0400
-3.9190 0.9029 -0.0400
-3.9169 0.8882 -0.0400
-3.9165 0.8734 -0.0400
-3.9173 0.8584 -0.0400
-3.9191 0.8431 -0.0400
-3.9306 0.8261 -0.0400
-3.9389 0.8092 -0.0400
-3.9511 0.7911 -0.0400
-3.9711 0.7707 -0.0400
-7.5639 -1.2603 -0.0400
-7.4478 -1.2989 -0.0400
-7.3762 -1.3582 -0.0400
-7.3478 -1.4404 -0.0400
-5.9361 -1.0671 -0.0400
-5.8821 -1.1036 -0.0400
-4.2707 -0.7698 -0.0400
-4.2099 -0.7447 -0.0400
-4.1725 -0.7530 -0.0400
-4.1361 -0.7619 -0.0400
-4.1059 -0.7805 -0.0400
-4.0778 -0.8029 -0.0400
-4.0599 -0.8445 -0.0400
-4.0415 -0.8874 -0.0400
-4.0363 -0.9589 -0.0400
-3.6959 -1.8371 -0.0400
-3.6438 -1.8331 -0.0400
-3.5948 -1.8434 -0.0400
-3.5484 -1.8688 -0.0400
-3.5052 -1.9204 -0.0400
-2.9383 -4.0467 -0.0400
-2.8496 -4.0643 -0.0400
-2.7569 -4.1352 -0.0400
-2.6684 -4.1195 -0.0400
1.0346 -0.3872 -0.0400
1.0166 -0.3024 -0.0400
1.0374 -0.2303 -0.0400
1.0957 -0.1685 -0.0400
-1.1594 0.4811 -0.0400
-1.1956 0.5251 -0.0400
-1.2443 0.5702 -0.0400
0.8174 1.0061 -0.0400
0.7528 1.0723 -0.0400
0.7562 1.1396 -0.0400
-0.7749 5.4567 -0.0400
-0.8466 5.5113 -0.0400
-1.3169 5.0868 -0.0400
-1.3855 5.1266 -0.0400
-2.4299 3.7476 -0.0400
-2.4830 3.7392 -0.0400
-2.5312 3.7526 -0.0400
-2.5782 3.7730 -0.0400
-2.6257 3.7930 -0.0400
-2.9588 4.3083 -0.0400
-3.0178 4.2902 -0.0400
-3.0761 4.3647 -0.0400
-8.0787 4.1865 -0.0400
-8.0839 3.3806 -0.0400
-8.0969 3.2793 -0.0400
-7.7214 2.8162 -0.0400
-7.7574 2.7362 -0.0400
-6.5482 1.5553 -0.0400
-6.5545 1.4938 -0.0400
-8.9486 1.6547 -0.0400
-9.0260 1.5585 -0.0400
-3.9856 0.9842 -0.0400
-3.9615 0.9680 -0.0400
-3.9366 0.9526 -0.0400
-3.9290 0.9377 -0.0400
-3.9236 0.9230 -0.0400
-3.9198 0.9084 -0.0400
-3.9173 0.8937 -0.0400
-3.9162 0.8790 -0.0400
-3.9167 0.8641 -0.0400
-3.9232 0.8484 -0.0400
-3.9287 0.8325 -0.0400
-3.9368 0.8160 -0.0400
-3.9482 0.7984 -0.0400
-3.9662 0.7790 -0.0400
-7.5543 -1.2573 -0.0400
-7.4399 -1.2966 -0.0400
-7.3768 -1.3602 -0.0400
-7.3697 -1.4543 -0.0400
-5.9915 -1.0341 -0.0400
-5.9241 -1.0620 -0.0400
-5.8850 -1.1091 -0.0400
-4.2999 -0.7509 -0.0400
-4.2512 -0.7450 -0.0400
-4.2017 -0.7359 -0.0400
-4.1672 -0.7480 -0.0400
-4.1346 -0.7625 -0.0400
-4.1052 -0.7821 -0.0400
-4.0781 -0.8060 -0.0400
-4.0625 -0.8515 -0.0400
-4.0458 -0.8973 -0.0400
-3.7620 -1.8846 -0.0400
-3.7005 -1.8441 -0.0400
-3.6473 -1.8344 -0.0400
-3.5976 -1.8396 -0.0400
-3.5553 -1.8880 -0.0400
-2.9476 -4.0299 -0.0400
-2.8587 -4.0658 -0.0400
-2.7696 -4.0822 -0.0400
-2.6787 -4.1113 -0.0400
1.0843 -0.4216 -0.0400
1.0066 -0.3170 -0.0400
1.0452 -0.2503 -0.0400
-1.1366 0.4612 -0.0400
-1.1598 0.5027 -0.0400
-1.2169 0.5505 -0.0400
-1.2614 0.5934 -0.0400
-1.2607 0.6262 -0.0400
-1.2518 0.6574 -0.0400
-0.7664 5.4468 -0.0400
-0.8240 5.5305 -0.0400
-1.2155 5.0947 -0.0400
-1.3074 5.0823 -0.0400
-1.3766 5.1211 -0.0400
-1.4163 5.2373 -0.0400
-2.4209 3.7590 -0.0400
-2.4758 3.7440 -0.0400
-2.5259 3.7489 -0.0400
-2.5718 3.7762 -0.0400
-2.6159 3.8191 -0.0400
-2.9545 4.2907 -0.0400
-3.0128 4.3046 -0.0400
-8.0759 4.1844 -0.0400
-8.0594 3.3670 -0.0400
-7.7181 2.8121 -0.0400
-6.5432 1.6117 -0.0400
-6.5431 1.5490 -0.0400
-6.6002 1.4956 -0.0400
-8.9576 1.6540 -0.0400
-8.9813 1.5522 -0.0400
-3.9736 0.9902 -0.0400
-3.9542 0.9738 -0.0400
-3.9417 0.9583 -0.0400
-3.9326 0.9432 -0.0400
-3.9261 0.9284 -0.0400
-3.9213 0.9137 -0.0400
-3.9172 0.8991 -0.0400
-3.9175 0.8843 -0.0400
-3.9188 0.8694 -0.0400
-3.9215 0.8543 -0.0400
-3.9258 0.8387 -0.0400
-3.9330 0.8226 -0.0400
-3.9432 0.8056 -0.0400
-3.9952 0.7807 -0.0400
-7.6173 -1.1925 -0.0400
-7.5234 -1.2441 -0.0400
-7.4437 -1.3006 -0.0400
-7.3810 -1.3645 -0.0400
-7.3806 -1.4623 -0.0400
-6.0095 -1.0503 -0.0400
-5.9145 -1.0591 -0.0400
-5.9167 -1.1362 -0.0400
-4.2900 -0.7416 -0.0400
-4.2455 -0.7412 -0.0400
-4.1986 -0.7357 -0.0400
-4.1621 -0.7442 -0.0400
-4.1316 -0.7617 -0.0400
-4.1053 -0.7862 -0.0400
-4.0798 -0.8127 -0.0400
-4.0564 -0.8437 -0.0400
-4.0566 -0.9208 -0.0400
-3.7536 -1.8401 -0.0400
-3.6991 -1.8262 -0.0400
-3.6488 -1.8283 -0.0400
-3.6011 -1.8432 -0.0400
-3.5559 -1.8734 -0.0400
-3.5150 -1.9373 -0.0400
-2.9552 -4.0586 -0.0400
-2.8671 -4.0687 -0.0400
-2.7760 -4.1221 -0.0400
-2.6853 -4.1428 -0.0400
1.0073 -0.4138 -0.0400
1.0031 -0.3335 -0.0400
1.0294 -0.2632 -0.0400
1.0937 -0.2032 -0.0400
-1.1531 0.4515 -0.0400
-1.1691 0.4911 -0.0400
-1.2336 0.5404 -0.0400
-1.2540 0.5782 -0.0400
-1.2606 0.6125 -0.0400
-1.2577 0.6448 -0.0400
-1.2320 0.6736 -0.0400
-1.1900 0.7011 -0.0400
-1.2129 5.0732 -0.0400
-1.2976 5.0772 -0.0400
-1.3654 5.1198 -0.0400
-2.4192 3.7364 -0.0400
-2.4704 3.7380 -0.0400
-2.5180 3.7557 -0.0400
-2.5661 3.7728 -0.0400
-2.6129 3.7994 -0.0400
-2.9486 4.3024 -0.0400
-3.0077 4.2936 -0.0400
-8.0277 4.2777 -0.0400
-8.0794 4.1867 -0.0400
-8.0313 3.4602 -0.0400
-8.0527 3.3623 -0.0400
-7.7058 2.8995 -0.0400
-7.7516 2.8231 -0.0400
-6.5467 1.6071 -0.0400
-6.5428 1.5436 -0.0400
-8.9695 1.7586 -0.0400
-8.9495 1.6513 -0.0400
-9.0266 1.5552 -0.0400
-3.9920 0.9978 -0.0400
-3.9641 0.9803 -0.0400
-3.9371 0.9639 -0.0400
-3.9293 0.9487 -0.0400
-3.9238 0.9338 -0.0400
-3.9201 0.9190 -0.0400
-3.9177 0.9044 -0.0400
-3.9169 0.8897 -0.0400
-3.9177 0.8749 -0.0400
-3.9197 0.8599 -0.0400
-3.9308 0.8438 -0.0400
-3.9395 0.8276 -0.0400
-3.9524 0.8104 -0.0400
-3.9726 0.7916 -0.0400
-7.5126 -1.2413 -0.0400
-7.4198 -1.2908 -0.0400
-7.4147 -1.3849 -0.0400
-5.9690 -1.0270 -0.0400
-5.9150 -1.0638 -0.0400
-4.3515 -0.7686 -0.0400
-4.2751 -0.7264 -0.0400
-4.2353 -0.7320 -0.0400
-4.1932 -0.7328 -0.0400
-4.1588 -0.7442 -0.0400
-4.1289 -0.7624 -0.0400
-4.1030 -0.7871 -0.0400
-4.0846 -0.8256 -0.0400
-4.0642 -0.8623 -0.0400
-3.7565 -1.8446 -0.0400
-3.7014 -1.8279 -0.0400
-3.6506 -1.8272 -0.0400
-3.6058 -1.8557 -0.0400
-3.5638 -1.9050 -0.0400
-3.0503 -4.0801 -0.0400
-2.9636 -4.0302 -0.0400
-2.8753 -4.0630 -0.0400
-2.7856 -4.0992 -0.0400
1.0131 -0.4333 -0.0400
1.0010 -0.3503 -0.0400
1.0480 -0.2862 -0.0400
-1.1368 0.4335 -0.0400
-1.1622 0.4757 -0.0400
-1.1716 0.5131 -0.0400
-1.2624 0.5664 -0.0400
-1.2648 0.5998 -0.0400
-1.2601 0.6317 -0.0400
-1.2465 0.6623 -0.0400
-1.2235 0.6919 -0.0400
-1.1643 0.7182 -0.0400
0.9039 3.9875 -0.0400
-2.3501 3.7728 -0.0400
-2.4107 3.7403 -0.0400
-2.4632 3.7372 -0.0400
-2.5118 3.7515 -0.0400
-2.5575 3.7822 -0.0400
-2.8815 4.3327 -0.0400
-2.9430 4.2907 -0.0400
-3.0014 4.3150 -0.0400
-8.0358 4.2837 -0.0400
-8.0338 3.4604 -0.0400
-8.0894 3.3792 -0.0400
-7.6989 2.9906 -0.0400
-7.6845 2.8882 -0.0400
-7.7236 2.8094 -0.0400
-6.5325 1.5991 -0.0400
-6.5811 1.5452 -0.0400
-8.9468 1.6493 -0.0400
-3.9753 1.0032 -0.0400
-3.9549 0.9859 -0.0400
-3.9422 0.9698 -0.0400
-3.9331 0.9543 -0.0400
-3.9266 0.9392 -0.0400
-3.9219 0.9244 -0.0400
-3.9175 0.9096 -0.0400
-3.9178 0.8949 -0.0400
-3.9193 0.8801 -0.0400
-3.9221 0.8651 -0.0400
-3.9267 0.8498 -0.0400
-3.9341 0.8340 -0.0400
-3.9445 0.8176 -0.0400
-3.9598 0.8000 -0.0400
-7.5618 -1.1716 -0.0400
-7.4821 -1.2290 -0.0400
-7.4188 -1.2931 -0.0400
-7.3928 -1.3759 -0.0400
-5.9457 -1.0160 -0.0400
-5.9158 -1.0691 -0.0400
-4.3299 -0.7460 -0.0400
-4.2686 -0.7236 -0.0400
-4.2235 -0.7211 -0.0400
-4.1866 -0.7292 -0.0400
-4.1550 -0.7445 -0.0400
-4.1263 -0.7641 -0.0400
-4.1020 -0.7912 -0.0400
-4.0847 -0.8314 -0.0400
-4.0647 -0.8684 -0.0400
-3.7575 -1.8435 -0.0400
-3.7001 -1.8159 -0.0400
-3.6522 -1.8274 -0.0400
-3.6066 -1.8506 -0.0400
-3.5638 -1.8935 -0.0400
-3.0575 -4.0294 -0.0400
-2.9699 -4.0739 -0.0400
-2.8824 -4.0708 -0.0400
-2.7922 -4.1171 -0.0400
1.0101 -0.4496 -0.0400
0.9916 -0.3646 -0.0400
1.0354 -0.2997 -0.0400
-1.1093 0.4127 -0.0400
-1.1744 0.4650 -0.0400
-1.2313 0.5128 -0.0400
-1.2554 0.5515 -0.0400
-1.2630 0.5860 -0.0400
-1.2627 0.6187 -0.0400
-1.2448 0.6486 -0.0400
-1.2167 0.6776 -0.0400
0.9013 3.9645 -0.0400
-2.3415 3.7739 -0.0400
-2.4024 3.7410 -0.0400
-2.4555 3.7363 -0.0400
-2.5020 3.7620 -0.0400
-2.5508 3.7775 -0.0400
-2.5947 3.8248 -0.0400
-2.9361 4.2970 -0.0400
-8.0155 4.2710 -0.0400
-8.0189 3.4521 -0.0400
-8.0997 3.3835 -0.0400
-7.7057 2.9919 -0.0400
-7.6859 2.8868 -0.0400
-7.7837 2.8319 -0.0400
-6.5289 1.6564 -0.0400
-6.5347 1.5945 -0.0400
-6.5900 1.5417 -0.0400
-8.9307 1.7501 -0.0400
-9.0068 1.6553 -0.0400
-3.9896 1.0114 -0.0400
-3.9625 0.9929 -0.0400
-3.9474 0.9761 -0.0400
-3.9288 0.9598 -0.0400
-3.9237 0.9447 -0.0400
-3.9202 0.9298 -0.0400
-3.9181 0.9150 -0.0400
-3.9174 0.9002 -0.0400
-3.9183 0.8855 -0.0400
-3.9204 0.8706 -0.0400
-3.9309 0.8551 -0.0400
-3.9395 0.8393 -0.0400
-3.9518 0.8227 -0.0400
-3.9704 0.8050 -0.0400
-7.5600 -1.1737 -0.0400
-7.4732 -1.2277 -0.0400
-7.4182 -1.2958 -0.0400
-6.0083 -0.9895 -0.0400
-5.9465 -1.0217 -0.0400
-5.9505 -1.0985 -0.0400
-4.3046 -0.7193 -0.0400
-4.2563 -0.7137 -0.0400
-4.2164 -0.7180 -0.0400
-4.1819 -0.7291 -0.0400
-4.1514 -0.7458 -0.0400
-4.1249 -0.7687 -0.0400
-4.1032 -0.8000 -0.0400
-4.0890 -0.8452 -0.0400
-4.0714 -0.8869 -0.0400
-3.8187 -1.8778 -0.0400
-3.7505 -1.8126 -0.0400
-3.7004 -1.8141 -0.0400
-3.6530 -1.8263 -0.0400
-3.6075 -1.8491 -0.0400
-3.0639 -4.0430 -0.0400
-2.9772 -4.0364 -0.0400
-2.8868 -4.1361 -0.0400
-2.7988 -4.1256 -0.0400
0.9959 -0.4620 -0.0400
0.9864 -0.3800 -0.0400
1.0301 -0.3152 -0.0400
-1.1524 0.4104 -0.0400
-1.1720 0.4510 -0.0400
-1.2012 0.4927 -0.0400
-1.2471 0.5365 -0.0400
-1.2700 0.5741 -0.0400
-1.2656 0.6059 -0.0400
-1.2547 0.6368 -0.0400
-1.2357 0.6668 -0.0400
-1.1995 0.6953 -0.0400
0.7678 0.9395 -0.0400
0.7522 1.0064 -0.0400
0.8020 1.0756 -0.0400
0.9186 3.9564 -0.0400
-2.3355 3.7621 -0.0400
-2.3946 3.7372 -0.0400
-2.4470 3.7368 -0.0400
-2.4939 3.7611 -0.0400
-2.5432 3.7751 -0.0400
-2.5882 3.8162 -0.0400
-2.8688 4.3050 -0.0400
-2.9291 4.2926 -0.0400
-2.9864 4.3725 -0.0400
-8.0124 4.2703 -0.0400
-8.0049 3.4446 -0.0400
-7.6752 2.9767 -0.0400
-7.6874 2.8858 -0.0400
-6.5509 1.7203 -0.0400
-6.5235 1.6504 -0.0400
-6.5403 1.5908 -0.0400
-6.6072 1.5400 -0.0400
-8.9708 1.8601 -0.0400
-8.9286 1.7484 -0.0400
-4.0083 1.0210 -0.0400
-3.9688 1.0002 -0.0400
-3.9393 0.9817 -0.0400
-3.9312 0.9658 -0.0400
-3.9256 0.9504 -0.0400
-3.9216 0.9354 -0.0400
-3.9191 0.9205 -0.0400
-3.9181 0.9057 -0.0400
-3.9198 0.8909 -0.0400
-3.9228 0.8760 -0.0400
-3.9273 0.8609 -0.0400
-3.9344 0.8454 -0.0400
-3.9445 0.8294 -0.0400
-3.9584 0.8127 -0.0400
-7.5594 -1.1765 -0.0400
-7.4704 -1.2295 -0.0400
-7.4607 -1.3205 -0.0400
-5.9835 -0.9789 -0.0400
-5.9405 -1.0231 -0.0400
-4.3717 -0.7547 -0.0400
-4.2957 -0.7152 -0.0400
-4.2487 -0.7108 -0.0400
-4.2079 -0.7135 -0.0400
-4.1764 -0.7286 -0.0400
-4.1480 -0.7481 -0.0400
-4.1229 -0.7730 -0.0400
-4.1023 -0.8060 -0.0400
-4.0882 -0.8512 -0.0400
-4.1005 -0.9465 -0.0400
-3.8108 -1.8482 -0.0400
-3.7492 -1.8070 -0.0400
-3.7003 -1.8124 -0.0400
-3.6534 -1.8266 -0.0400
-3.6150 -1.8849 -0.0400
-3.0697 -4.0255 -0.0400
-2.9828 -4.0617 -0.0400
-2.8951 -4.0815 -0.0400
-2.8060 -4.1139 -0.0400
-0.2244 -3.1445 -0.0400
-0.1639 -3.0806 -0.0400
0.9755 -0.4719 -0.0400
0.9807 -0.3949 -0.0400
1.0328 -0.3328 -0.0400
-1.1514 0.3970 -0.0400
-1.1726 0.4380 -0.0400
-1.1795 0.4746 -0.0400
-1.2642 0.5269 -0.0400
-1.2696 0.5609 -0.0400
-1.2682 0.5933 -0.0400
-1.2614 0.6247 -0.0400
-1.2270 0.6524 -0.0400
0.8141 0.9234 -0.0400
0.7538 0.9901 -0.0400
0.7596 1.0574 -0.0400
0.9247 3.9394 -0.0400
-0.3390 3.8592 -0.0400
-2.4379 3.7371 -0.0400
-2.4854 3.7597 -0.0400
-2.5345 3.7755 -0.0400
-2.8600 4.3187 -0.0400
-2.9213 4.2921 -0.0400
-7.9638 4.3662 -0.0400
-7.9708 3.5367 -0.0400
-8.0194 3.4522 -0.0400
-7.6502 2.9642 -0.0400
-7.7020 2.8908 -0.0400
-6.5219 1.6455 -0.0400
-6.5570 1.5895 -0.0400
-8.9299 1.8524 -0.0400
-8.9270 1.7470 -0.0400
-3.9715 1.0075 -0.0400
-3.9406 0.9882 -0.0400
-3.9326 0.9721 -0.0400
-3.9269 0.9565 -0.0400
-3.9226 0.9412 -0.0400
-3.9178 0.9261 -0.0400
-3.9179 0.9113 -0.0400
-3.9192 0.8965 -0.0400
-3.9216 0.8816 -0.0400
-3.9253 0.8666 -0.0400
-3.9403 0.8510 -0.0400
-3.9520 0.8350 -0.0400
-3.9688 0.8181 -0.0400
-4.0088 0.7982 -0.0400
-7.5096 -1.1568 -0.0400
-7.4560 -1.2259 -0.0400
-7.4633 -1.3251 -0.0400
-5.9744 -0.9787 -0.0400
-7.5558 -2.1106 -0.0400
-4.3235 -0.7014 -0.0400
-4.2827 -0.7064 -0.0400
-4.2386 -0.7054 -0.0400
-4.2029 -0.7149 -0.0400
-4.1718 -0.7303 -0.0400
-4.1443 -0.7509 -0.0400
-4.1239 -0.7831 -0.0400
-4.1057 -0.8199 -0.0400
-4.0955 -0.8720 -0.0400
-3.8632 -1.8525 -0.0400
-3.8031 -1.8216 -0.0400
-3.7500 -1.8123 -0.0400
-3.6998 -1.8117 -0.0400
-3.6540 -1.8301 -0.0400
-3.6184 -1.9017 -0.0400
-3.0749 -4.0230 -0.0400
-2.9881 -4.0673 -0.0400
-2.8995 -4.1184 -0.0400
-2.8101 -4.1491 -0.0400
-0.2381 -3.1454 -0.0400
-0.1707 -3.0914 -0.0400
-0.0297 -3.1348 -0.0400
0.1571 -3.2300 -0.0400
0.9834 -0.4911 -0.0400
0.9736 -0.4092 -0.0400
1.0087 -0.3421 -0.0400
-1.0964 0.3694 -0.0400
-1.1760 0.4258 -0.0400
-1.1822 0.4623 -0.0400
-1.2645 0.5141 -0.0400
-1.2706 0.5482 -0.0400
-1.2706 0.5808 -0.0400
-1.2585 0.6113 -0.0400
-1.2392 0.6411 -0.0400
-1.2035 0.6694 -0.0400
0.7681 0.9069 -0.0400
0.7517 0.9738 -0.0400
0.7893 1.0422 -0.0400
0.9359 3.9260 -0.0400
-0.2421 3.8364 -0.0400
-0.3256 3.8515 -0.0400
-0.3430 3.9383 -0.0400
-0.4360 4.0507 -0.0400
-2.8508 4.3283 -0.0400
-2.9123 4.3069 -0.0400
-7.9707 3.5373 -0.0400
-8.0566 3.4720 -0.0400
-7.6328 3.0526 -0.0400
-7.6441 2.9606 -0.0400
-6.5258 1.7057 -0.0400
-6.5337 1.6438 -0.0400
-6.6096 1.5958 -0.0400
-4.0058 1.0369 -0.0400
-3.9680 1.0145 -0.0400
-3.9397 0.9948 -0.0400
-3.9323 0.9785 -0.0400
-3.9269 0.9627 -0.0400
-3.9228 0.9473 -0.0400
-3.9180 0.9320 -0.0400
-3.9179 0.9171 -0.0400
-3.9190 0.9023 -0.0400
-3.9211 0.8874 -0.0400
-3.9296 0.8724 -0.0400
-3.9372 0.8571 -0.0400
-3.9471 0.8415 -0.0400
-3.9608 0.8252 -0.0400
-3.9832 0.8077 -0.0400
-7.5964 -1.1050 -0.0400
-7.5170 -1.1637 -0.0400
-7.4556 -1.2293 -0.0400
-7.4533 -1.3235 -0.0400
-6.0402 -0.9543 -0.0400
-5.9759 -0.9856 -0.0400
-4.3690 -0.7099 -0.0400
-4.3175 -0.7027 -0.0400
-4.2661 -0.6935 -0.0400
-4.2278 -0.6997 -0.0400
-4.1957 -0.7137 -0.0400
-4.1673 -0.7328 -0.0400
-4.1418 -0.7562 -0.0400
-4.1206 -0.7869 -0.0400
-4.1047 -0.8272 -0.0400
-4.0984 -0.8860 -0.0400
-3.8612 -1.8500 -0.0400
-3.7964 -1.8010 -0.0400
-3.7465 -1.8022 -0.0400
-3.6998 -1.8152 -0.0400
-3.6555 -1.8398 -0.0400
-3.6133 -1.8780 -0.0400
-3.1654 -4.0212 -0.0400
-3.0796 -4.0543 -0.0400
-2.9931 -4.0608 -0.0400
-2.9046 -4.1225 -0.0400
-2.8167 -4.1255 -0.0400
-0.2471 -3.1519 -0.0400
-0.1097 -3.1945 -0.0400
-0.0361 -3.1457 -0.0400
0.1520 -3.2433 -0.0400
0.9681 -0.4236 -0.0400
1.0279 -0.3642 -0.0400
-1.1268 0.3647 -0.0400
-1.1592 0.4089 -0.0400
-1.1877 0.4508 -0.0400
-1.2442 0.4972 -0.0400
-1.2732 0.5361 -0.0400
-1.2734 0.5686 -0.0400
-1.2629 0.5992 -0.0400
-1.2460 0.6292 -0.0400
-1.2182 0.6583 -0.0400
0.7959 0.8908 -0.0400
0.7511 0.9576 -0.0400
0.7614 1.0249 -0.0400
0.9503 3.9147 -0.0400
-0.3151 3.8401 -0.0400
-0.3518 3.9053 -0.0400
-0.3322 4.0370 -0.0400
-0.4204 4.0456 -0.0400
-0.4779 4.0894 -0.0400
-0.5056 4.1716 -0.0400
-2.8442 4.2899 -0.0400
-2.9035 4.3060 -0.0400
-7.9571 3.5310 -0.0400
-7.6327 3.0524 -0.0400
-7.6516 2.9636 -0.0400
-6.5093 1.6979 -0.0400
-6.5347 1.6400 -0.0400
-3.9591 1.0208 -0.0400
-3.9467 1.0030 -0.0400
-3.9382 0.9861 -0.0400
-3.9254 0.9692 -0.0400
-3.9221 0.9537 -0.0400
-3.9178 0.9383 -0.0400
-3.9180 0.9233 -0.0400
-3.9192 0.9084 -0.0400
-3.9213 0.8935 -0.0400
-3.9290 0.8786 -0.0400
-3.9357 0.8634 -0.0400
-3.9448 0.8480 -0.0400
-3.9567 0.8320 -0.0400
-4.0197 0.8125 -0.0400
-7.5656 -1.0951 -0.0400
-7.4919 -1.1558 -0.0400
-7.4778 -1.2435 -0.0400
-6.0688 -0.9062 -0.0400
-5.9988 -0.9348 -0.0400
-5.9755 -0.9914 -0.0400
-4.3487 -0.6945 -0.0400
-4.3029 -0.6937 -0.0400
-4.2556 -0.6892 -0.0400
-4.2199 -0.6987 -0.0400
-4.1907 -0.7164 -0.0400
-4.1638 -0.7374 -0.0400
-4.1424 -0.7669 -0.0400
-4.1271 -0.8069 -0.0400
-4.1079 -0.8422 -0.0400
-3.8535 -1.8297 -0.0400
-3.7935 -1.7967 -0.0400
-3.7445 -1.8005 -0.0400
-3.6983 -1.8146 -0.0400
-3.6593 -1.8626 -0.0400
-3.6227 -1.9301 -0.0400
-3.1693 -4.0183 -0.0400
-3.0838 -4.0506 -0.0400
-2.9975 -4.0571 -0.0400
-2.9092 -4.1210 -0.0400
-0.2593 -3.1530 -0.0400
-0.1171 -3.2030 -0.0400
-0.0448 -3.1527 -0.0400
0.1433 -3.2509 -0.0400
-1.1050 0.3464 -0.0400
-1.1760 0.4007 -0.0400
-1.1842 0.4376 -0.0400
-1.2563 0.4874 -0.0400
-1.2674 0.5226 -0.0400
-1.2765 0.5567 -0.0400
-1.2715 0.5881 -0.0400
-1.2497 0.6172 -0.0400
-1.2243 0.6464 -0.0400
0.8147 0.8748 -0.0400
0.7541 0.9416 -0.0400
1.0313 3.8424 -0.0400
0.9728 3.9093 -0.0400
-0.2973 3.8363 -0.0400
-0.3093 3.9293 -0.0400
-0.4128 4.0304 -0.0400
-0.4680 4.0771 -0.0400
-2.8347 4.2891 -0.0400
-2.8937 4.3117 -0.0400
-7.9608 3.5346 -0.0400
-7.6105 3.0420 -0.0400
-7.6555 2.9654 -0.0400
-6.5219 1.7616 -0.0400
-6.5118 1.6948 -0.0400
-6.5472 1.6391 -0.0400
-3.9627 1.0297 -0.0400
-3.9499 1.0113 -0.0400
-3.9324 0.9927 -0.0400
-3.9277 0.9766 -0.0400
-3.9202 0.9603 -0.0400
-3.9190 0.9450 -0.0400
-3.9184 0.9299 -0.0400
-3.9195 0.9149 -0.0400
-3.9218 0.8999 -0.0400
-3.9295 0.8851 -0.0400
-3.9361 0.8700 -0.0400
-3.9447 0.8546 -0.0400
-3.9558 0.8389 -0.0400
-4.0013 0.8213 -0.0400
-7.6625 -1.0458 -0.0400
-7.5914 -1.1099 -0.0400
-7.4920 -1.1596 -0.0400
-7.4633 -1.2403 -0.0400
-5.9966 -0.9397 -0.0400
-5.9715 -0.9952 -0.0400
-4.4046 -0.7153 -0.0400
-4.3385 -0.6919 -0.0400
-4.2822 -0.6775 -0.0400
-4.2480 -0.6893 -0.0400
-4.2137 -0.7003 -0.0400
-4.1854 -0.7192 -0.0400
-4.1610 -0.7436 -0.0400
-4.1435 -0.7789 -0.0400
-4.1231 -0.8110 -0.0400
-4.1240 -0.8790 -0.0400
-3.8438 -1.8042 -0.0400
-3.7894 -1.7897 -0.0400
-3.7418 -1.7978 -0.0400
-3.6971 -1.8177 -0.0400
-3.6593 -1.8702 -0.0400
-3.6265 -1.9558 -0.0400
-3.2597 -4.0571 -0.0400
-3.1726 -4.0151 -0.0400
-3.0874 -4.0599 -0.0400
-3.0006 -4.1197 -0.0400
-2.9133 -4.1201 -0.0400
-0.3137 -3.2438 -0.0400
-0.2696 -3.1557 -0.0400
-0.1213 -3.2149 -0.0400
-0.0555 -3.1560 -0.0400
-1.2476 0.4735 -0.0400
-1.2762 0.5122 -0.0400
-1.2773 0.5447 -0.0400
-1.2734 0.5762 -0.0400
-1.2621 0.6066 -0.0400
-1.2240 0.6340 -0.0400
0.7593 0.8590 -0.0400
0.7506 0.9257 -0.0400
0.7849 0.9937 -0.0400
1.0197 3.8191 -0.0400
-0.2366 3.7815 -0.0400
-0.3363 3.9921 -0.0400
-0.3973 4.0325 -0.0400
-0.4105 4.1316 -0.0400
-7.8842 3.7179 -0.0400
-7.9443 3.6391 -0.0400
-7.5729 3.1223 -0.0400
-7.6489 3.0608 -0.0400
-6.4839 1.8139 -0.0400
-6.4983 1.7533 -0.0400
-6.5792 1.7089 -0.0400
-3.9772 1.0608 -0.0400
-3.9455 1.0375 -0.0400
-3.9384 1.0200 -0.0400
-3.9266 1.0021 -0.0400
-3.9198 0.9856 -0.0400
-3.9191 0.9701 -0.0400
-3.9176 0.9546 -0.0400
-3.9193 0.9396 -0.0400
-3.9234 0.9248 -0.0400
-3.9273 0.9098 -0.0400
-3.9329 0.8949 -0.0400
-3.9481 0.8800 -0.0400
-3.9594 0.8645 -0.0400
-4.0027 0.8485 -0.0400
-7.6570 -0.9523 -0.0400
-7.5692 -1.0095 -0.0400
-7.5249 -1.0834 -0.0400
-6.0577 -0.8400 -0.0400
-6.0294 -0.8933 -0.0400
-7.6435 -1.9527 -0.0400
-4.3907 -0.6513 -0.0400
-4.3436 -0.6504 -0.0400
-4.2961 -0.6472 -0.0400
-4.2649 -0.6627 -0.0400
-4.2358 -0.6803 -0.0400
-4.2099 -0.7023 -0.0400
-4.1861 -0.7272 -0.0400
-4.1724 -0.7674 -0.0400
-4.1555 -0.8043 -0.0400
-3.9505 -1.8232 -0.0400
-3.8851 -1.7796 -0.0400
-3.8326 -1.7725 -0.0400
-3.7860 -1.7835 -0.0400
-3.7443 -1.8139 -0.0400
-3.7120 -1.8864 -0.0400
-3.2597 -4.0124 -0.0400
-3.1752 -4.0450 -0.0400
-3.0898 -4.1075 -0.0400
-3.0028 -4.1260 -0.0400
-0.3307 -3.2297 -0.0400
-0.2076 -3.2562 -0.0400
-0.1054 -3.2484 -0.0400
-1.2842 0.5380 -0.0400
-1.2662 0.5671 -0.0400
-1.2476 0.5966 -0.0400
0.7552 0.7818 -0.0400
0.7485 0.8486 -0.0400
0.7783 0.9157 -0.0400
