# .PCD v0.7 - Point Cloud Data file format
VERSION 0.7
FIELDS x y z
SIZE 4 4 4
TYPE F F F
COUNT 1 1 1
WIDTH 15000
HEIGHT 1
VIEWPOINT 0 0 0 1 0 0 0
POINTS 15000
DATA ascii
-4.1955 -3.6424 -0.0400
-4.0811 -3.7165 -0.0400
-3.9841 -3.7907 -0.0400
-3.9826 -3.8833 -0.0400
-1.1596 -3.5075 -0.0400
-1.1341 -3.5426 -0.0400
-1.0085 -3.5395 -0.0400
-0.9734 -3.5679 -0.0400
-0.9360 -3.5945 -0.0400
-1.5108 -6.1693 -0.0400
-1.3996 -6.1450 -0.0400
-1.3244 -6.1665 -0.0400
-1.2728 -6.2209 -0.0400
-1.2439 -6.3108 -0.0400
0.1827 -4.1912 -0.0400
0.2356 -4.1617 -0.0400
0.2781 -4.1463 -0.0400
0.3060 -4.1545 -0.0400
0.3316 -4.1665 -0.0400
0.3551 -4.1824 -0.0400
0.3694 -4.2171 -0.0400
0.3822 -4.2572 -0.0400
-0.0817 -8.1794 -0.0400
0.4455 -6.0198 -0.0400
0.5058 -6.0145 -0.0400
1.2846 -8.7315 -0.0400
1.3872 -8.6859 -0.0400
1.4885 -8.6405 -0.0400
1.5884 -8.5954 -0.0400
1.6871 -8.5508 -0.0400
1.7808 -8.4748 -0.0400
1.8768 -8.4323 -0.0400
1.9718 -8.3899 -0.0400
2.0659 -8.3475 -0.0400
2.1546 -8.2820 -0.0400
2.2468 -8.2409 -0.0400
2.3381 -8.1997 -0.0400
2.4243 -8.1407 -0.0400
2.5142 -8.1003 -0.0400
2.5994 -8.0455 -0.0400
2.6879 -8.0054 -0.0400
2.7759 -7.9649 -0.0400
2.8598 -7.9138 -0.0400
2.9467 -7.8731 -0.0400
3.0301 -7.8244 -0.0400
3.1137 -7.7773 -0.0400
3.1992 -7.7360 -0.0400
3.2825 -7.6901 -0.0400
3.3659 -7.6451 -0.0400
3.4503 -7.6025 -0.0400
3.5335 -7.5578 -0.0400
3.6168 -7.5135 -0.0400
3.7003 -7.4694 -0.0400
3.7838 -7.4254 -0.0400
3.8674 -7.3812 -0.0400
3.9511 -7.3367 -0.0400
4.0347 -7.2918 -0.0400
3.7150 -6.6465 -0.0400
3.6918 -6.4697 -0.0400
4.1395 -6.9523 -0.0400
4.1647 -6.8346 -0.0400
4.1877 -6.7186 -0.0400
4.2086 -6.6043 -0.0400
4.2515 -6.5203 -0.0400
4.2686 -6.4086 -0.0400
4.2839 -6.2989 -0.0400
4.2978 -6.1911 -0.0400
4.3338 -6.1098 -0.0400
4.3447 -6.0051 -0.0400
4.3545 -5.9026 -0.0400
2.7601 -4.3045 -0.0400
2.7673 -4.2573 -0.0400
2.7936 -4.2279 -0.0400
2.8111 -4.1910 -0.0400
2.8462 -4.1690 -0.0400
4.4811 -5.3979 -0.0400
1.6313 -3.1535 -0.0400
1.6299 -3.1379 -0.0400
1.6269 -3.1216 -0.0400
1.6307 -3.1105 -0.0400
1.6354 -3.1000 -0.0400
1.6409 -3.0901 -0.0400
1.6492 -3.0819 -0.0400
1.6580 -3.0739 -0.0400
1.6685 -3.0667 -0.0400
1.6812 -3.0604 -0.0400
4.6371 -4.5538 -0.0400
4.6544 -4.4848 -0.0400
4.6712 -4.4161 -0.0400
4.6874 -4.3478 -0.0400
4.7031 -4.2797 -0.0400
4.7083 -4.2077 -0.0400
4.7239 -4.1407 -0.0400
4.7391 -4.0738 -0.0400
4.7539 -4.0071 -0.0400
4.7684 -3.9406 -0.0400
4.7826 -3.8742 -0.0400
4.7965 -3.8080 -0.0400
4.8065 -3.7409 -0.0400
4.8207 -3.6751 -0.0400
4.8346 -3.6094 -0.0400
4.8483 -3.5436 -0.0400
4.8617 -3.4778 -0.0400
4.8749 -3.4119 -0.0400
4.8879 -3.3460 -0.0400
4.9007 -3.2799 -0.0400
4.9180 -3.2142 -0.0400
4.9312 -3.1478 -0.0400
4.9442 -3.0812 -0.0400
4.9569 -3.0142 -0.0400
4.9694 -2.9470 -0.0400
4.9817 -2.8795 -0.0400
4.9937 -2.8116 -0.0400
5.0174 -2.7433 -0.0400
5.0296 -2.6744 -0.0400
5.0415 -2.6050 -0.0400
5.0530 -2.5352 -0.0400
5.0641 -2.4648 -0.0400
5.0919 -2.3924 -0.0400
5.1030 -2.3206 -0.0400
5.1136 -2.2482 -0.0400
5.1236 -2.1752 -0.0400
5.1540 -2.0982 -0.0400
3.6522 -2.2925 -0.0400
3.6081 -2.2548 -0.0400
3.5466 -2.2221 -0.0400
3.5260 -2.1819 -0.0400
3.5346 -2.1347 -0.0400
5.2526 -1.6251 -0.0400
5.2588 -1.5448 -0.0400
5.2642 -1.4638 -0.0400
5.2966 -1.3729 -0.0400
5.3003 -1.2896 -0.0400
5.3325 -1.1949 -0.0400
5.3344 -1.1094 -0.0400
5.3658 -1.0108 -0.0400
5.3970 -0.9097 -0.0400
5.3958 -0.8205 -0.0400
5.4255 -0.7154 -0.0400
5.4546 -0.6079 -0.0400
5.4829 -0.4978 -0.0400
5.4763 -0.4035 -0.0400
5.5021 -0.2895 -0.0400
5.5266 -0.1731 -0.0400
5.5498 -0.0542 -0.0400
5.5714 0.0670 -0.0400
5.6267 0.2137 -0.0400
5.5873 0.3015 -0.0400
5.5277 0.3758 -0.0400
5.4681 0.4497 -0.0400
5.4083 0.5234 -0.0400
5.3485 0.5970 -0.0400
5.2888 0.6705 -0.0400
5.2293 0.7442 -0.0400
5.1701 0.8183 -0.0400
5.1090 0.8908 -0.0400
5.0497 0.9652 -0.0400
4.9908 1.0404 -0.0400
4.9280 1.1121 -0.0400
4.8694 1.1886 -0.0400
4.8115 1.2666 -0.0400
4.7472 1.3384 -0.0400
4.6898 1.4187 -0.0400
4.6245 1.4908 -0.0400
4.5584 1.5626 -0.0400
4.5013 1.6469 -0.0400
4.4342 1.7197 -0.0400
4.3777 1.8083 -0.0400
4.3095 1.8824 -0.0400
4.2404 1.9566 -0.0400
4.1843 2.0523 -0.0400
4.1140 2.1286 -0.0400
4.0428 2.2053 -0.0400
3.9707 2.2824 -0.0400
3.9139 2.3898 -0.0400
3.8403 2.4701 -0.0400
3.7656 2.5511 -0.0400
3.6898 2.6330 -0.0400
1.8615 2.9269 -0.0400
1.0304 0.0046 -0.0400
0.9836 -0.0308 -0.0400
0.9368 -0.0453 -0.0400
0.8880 -0.0291 -0.0400
0.8360 0.0152 -0.0400
0.8897 -1.3550 -0.0400
0.8712 -1.3946 -0.0400
0.8513 -1.4192 -0.0400
0.8306 -1.4363 -0.0400
0.8109 -1.4555 -0.0400
0.7890 -1.4638 -0.0400
0.7667 -1.4696 -0.0400
-4.3497 -0.2675 -0.0400
-4.3898 -0.3642 -0.0400
-4.2321 -3.6045 -0.0400
-4.1266 -3.6814 -0.0400
-4.0397 -3.7588 -0.0400
-1.2179 -3.4980 -0.0400
-1.1532 -3.5206 -0.0400
-1.1358 -3.5586 -0.0400
-0.9946 -3.5482 -0.0400
-0.9654 -3.5787 -0.0400
-0.9398 -3.6101 -0.0400
-0.9260 -3.6465 -0.0400
-0.9232 -3.6881 -0.0400
-0.8834 -3.7121 -0.0400
-0.8496 -3.7381 -0.0400
0.1907 -4.1501 -0.0400
0.2294 -4.1433 -0.0400
0.2620 -4.1451 -0.0400
0.2933 -4.1482 -0.0400
0.3181 -4.1623 -0.0400
0.3411 -4.1799 -0.0400
0.3619 -4.2021 -0.0400
0.3648 -4.2629 -0.0400
-0.1107 -8.1767 -0.0400
0.4272 -6.0222 -0.0400
0.4889 -6.0117 -0.0400
3.5159 -8.0145 -0.0400
3.5373 -6.5438 -0.0400
3.5737 -6.4554 -0.0400
3.6419 -6.4163 -0.0400
3.7444 -6.4249 -0.0400
2.7252 -4.3224 -0.0400
2.7327 -4.2747 -0.0400
2.7573 -4.2438 -0.0400
2.7817 -4.2129 -0.0400
2.8104 -4.1858 -0.0400
1.6232 -3.1623 -0.0400
1.6234 -3.1473 -0.0400
1.6211 -3.1308 -0.0400
1.6252 -3.1194 -0.0400
1.6287 -3.1079 -0.0400
1.6349 -3.0983 -0.0400
1.6417 -3.0891 -0.0400
1.6518 -3.0820 -0.0400
1.6617 -3.0745 -0.0400
1.6814 -3.0727 -0.0400
1.7014 -3.0703 -0.0400
4.7785 -4.1646 -0.0400
4.7902 -4.0953 -0.0400
4.8426 -4.0406 -0.0400
3.6620 -2.3335 -0.0400
3.5569 -2.3056 -0.0400
3.5261 -2.2670 -0.0400
3.5118 -2.2257 -0.0400
3.5100 -2.1819 -0.0400
5.8740 -0.6190 -0.0400
5.6497 -0.6222 -0.0400
5.6205 -0.5387 -0.0400
1.8910 2.9285 -0.0400
1.0472 0.0059 -0.0400
1.0005 -0.0286 -0.0400
0.9536 -0.0376 -0.0400
0.9049 -0.0177 -0.0400
0.8510 0.0512 -0.0400
0.8847 -1.4014 -0.0400
0.8648 -1.4238 -0.0400
0.8442 -1.4395 -0.0400
0.8232 -1.4515 -0.0400
0.8024 -1.4631 -0.0400
0.7799 -1.4673 -0.0400
0.7570 -1.4698 -0.0400
0.7332 -1.4698 -0.0400
0.7046 -1.4547 -0.0400
0.6760 -1.4427 -0.0400
0.6422 -1.4174 -0.0400
-4.3363 -0.2223 -0.0400
-4.3838 -0.3157 -0.0400
-4.2340 -1.3268 -0.0400
-4.1814 -1.4390 -0.0400
-4.2899 -1.5119 -0.0400
-4.2496 -3.5892 -0.0400
-4.0974 -3.6580 -0.0400
-4.0383 -3.7405 -0.0400
-1.2317 -3.4886 -0.0400
-1.1598 -3.5090 -0.0400
-1.1427 -3.5473 -0.0400
-1.0266 -3.5470 -0.0400
-0.9714 -3.5674 -0.0400
-0.9483 -3.6001 -0.0400
-0.9356 -3.6371 -0.0400
-0.9304 -3.6779 -0.0400
-0.8842 -3.6988 -0.0400
-0.8579 -3.7288 -0.0400
-0.8415 -3.7637 -0.0400
-0.8316 -3.8023 -0.0400
-0.8601 -3.8638 -0.0400
0.2871 -4.1456 -0.0400
0.3117 -4.1603 -0.0400
0.3348 -4.1781 -0.0400
0.3483 -4.2155 -0.0400
0.3603 -4.2582 -0.0400
0.3598 -6.0265 -0.0400
0.4258 -5.9997 -0.0400
0.4780 -6.0391 -0.0400
3.4252 -8.0686 -0.0400
3.5054 -7.9982 -0.0400
3.5562 -6.7258 -0.0400
3.5129 -6.5051 -0.0400
3.5727 -6.4531 -0.0400
3.6440 -6.4184 -0.0400
3.7719 -6.4622 -0.0400
2.7073 -4.3538 -0.0400
2.7117 -4.3020 -0.0400
2.7318 -4.2666 -0.0400
2.7599 -4.2389 -0.0400
2.7831 -4.2068 -0.0400
1.6240 -3.1684 -0.0400
1.6182 -3.1480 -0.0400
1.6213 -3.1354 -0.0400
1.6228 -3.1218 -0.0400
1.6271 -3.1106 -0.0400
1.6335 -3.1010 -0.0400
1.6417 -3.0927 -0.0400
1.6503 -3.0845 -0.0400
1.6643 -3.0797 -0.0400
1.6771 -3.0737 -0.0400
1.6931 -3.0694 -0.0400
4.7704 -4.1564 -0.0400
4.7873 -4.0891 -0.0400
3.6493 -2.3742 -0.0400
3.5995 -2.3363 -0.0400
3.5452 -2.3006 -0.0400
3.5192 -2.2613 -0.0400
3.5092 -2.2193 -0.0400
3.5453 -2.1670 -0.0400
5.9129 -0.6995 -0.0400
5.6943 -0.6959 -0.0400
5.6431 -0.6228 -0.0400
5.6672 -0.5138 -0.0400
1.8982 2.9262 -0.0400
1.1000 0.0394 -0.0400
1.0527 -0.0199 -0.0400
1.0060 -0.0387 -0.0400
0.9591 -0.0412 -0.0400
0.9111 -0.0274 -0.0400
0.8594 0.0213 -0.0400
0.9060 -1.3519 -0.0400
0.8883 -1.3949 -0.0400
0.8688 -1.4198 -0.0400
0.8487 -1.4373 -0.0400
0.8292 -1.4554 -0.0400
0.8076 -1.4628 -0.0400
0.7855 -1.4674 -0.0400
0.7628 -1.4699 -0.0400
0.7366 -1.4608 -0.0400
0.7106 -1.4541 -0.0400
0.6819 -1.4410 -0.0400
0.6471 -1.4120 -0.0400
-4.3307 -0.2044 -0.0400
-4.3750 -0.2993 -0.0400
-4.1704 -1.3246 -0.0400
-4.1711 -1.4227 -0.0400
-4.2283 -1.5071 -0.0400
-4.2487 -3.5701 -0.0400
-4.1381 -3.6466 -0.0400
-4.0420 -3.7226 -0.0400
-1.1995 -3.4636 -0.0400
-1.1668 -3.4970 -0.0400
-1.1478 -3.5348 -0.0400
-1.0369 -3.5367 -0.0400
-0.9777 -3.5559 -0.0400
-0.9543 -3.5885 -0.0400
-0.9392 -3.6246 -0.0400
-0.9392 -3.6678 -0.0400
-0.9011 -3.6929 -0.0400
-0.8641 -3.7177 -0.0400
-0.8460 -3.7519 -0.0400
-0.8467 -3.7965 -0.0400
-0.8529 -3.8452 -0.0400
-2.7885 -5.0638 -0.0400
-2.7449 -5.1303 -0.0400
-2.6952 -5.1928 -0.0400
0.3410 -4.2145 -0.0400
0.3531 -4.2574 -0.0400
-0.1277 -8.1632 -0.0400
0.4175 -6.0064 -0.0400
0.4755 -6.0168 -0.0400
3.5485 -6.7154 -0.0400
3.5115 -6.5040 -0.0400
3.5745 -6.4567 -0.0400
3.6598 -6.4421 -0.0400
2.7068 -4.3472 -0.0400
2.7102 -4.2942 -0.0400
2.7357 -4.2638 -0.0400
2.7605 -4.2329 -0.0400
1.6191 -3.1705 -0.0400
1.6155 -3.1514 -0.0400
1.6192 -3.1390 -0.0400
1.6212 -3.1255 -0.0400
1.6255 -3.1141 -0.0400
1.6319 -3.1043 -0.0400
1.6393 -3.0954 -0.0400
1.6494 -3.0882 -0.0400
1.6632 -3.0833 -0.0400
1.6756 -3.0771 -0.0400
1.7080 -3.0829 -0.0400
4.7784 -4.2299 -0.0400
4.7669 -4.1505 -0.0400
4.8259 -4.0989 -0.0400
3.6496 -2.3674 -0.0400
3.5983 -2.3297 -0.0400
3.5426 -2.2942 -0.0400
3.5170 -2.2549 -0.0400
3.5224 -2.2098 -0.0400
3.5543 -2.1583 -0.0400
5.6821 -0.6990 -0.0400
5.6494 -0.6177 -0.0400
1.9034 2.9096 -0.0400
1.0571 -0.0059 -0.0400
1.0110 -0.0424 -0.0400
0.9638 -0.0351 -0.0400
0.9148 -0.0051 -0.0400
0.8608 0.0698 -0.0400
0.8947 -1.4090 -0.0400
0.8748 -1.4293 -0.0400
0.8543 -1.4431 -0.0400
0.8336 -1.4541 -0.0400
0.8124 -1.4623 -0.0400
0.7906 -1.4675 -0.0400
0.7669 -1.4653 -0.0400
0.7427 -1.4627 -0.0400
0.7170 -1.4562 -0.0400
0.6890 -1.4440 -0.0400
-4.3209 -0.1882 -0.0400
-4.3666 -0.2823 -0.0400
-4.1940 -1.2991 -0.0400
-4.1777 -1.4018 -0.0400
-4.2529 -3.5518 -0.0400
-4.0826 -3.6179 -0.0400
-4.0545 -3.7062 -0.0400
-1.2195 -3.4556 -0.0400
-1.1774 -3.4861 -0.0400
-1.1534 -3.5222 -0.0400
-1.0188 -3.5153 -0.0400
-0.9858 -3.5448 -0.0400
-0.9614 -3.5771 -0.0400
-0.9452 -3.6128 -0.0400
-0.9455 -3.6562 -0.0400
-0.9076 -3.6816 -0.0400
-0.8765 -3.7096 -0.0400
-0.8538 -3.7415 -0.0400
-0.8432 -3.7799 -0.0400
-0.8784 -3.8453 -0.0400
-2.8035 -5.0541 -0.0400
-2.7681 -5.1261 -0.0400
-2.7124 -5.1851 -0.0400
-2.6514 -5.2399 -0.0400
-2.6609 -5.3435 -0.0400
0.3490 -6.0080 -0.0400
0.4115 -5.9989 -0.0400
3.5519 -6.7240 -0.0400
3.5119 -6.5069 -0.0400
3.5762 -6.4610 -0.0400
3.6725 -6.4620 -0.0400
2.7006 -4.3935 -0.0400
2.6954 -4.3298 -0.0400
2.7124 -4.2905 -0.0400
2.7393 -4.2613 -0.0400
1.6250 -3.1833 -0.0400
1.6133 -3.1562 -0.0400
1.6145 -3.1413 -0.0400
1.6179 -3.1287 -0.0400
1.6230 -3.1176 -0.0400
1.6298 -3.1080 -0.0400
1.6374 -3.0990 -0.0400
1.6470 -3.0915 -0.0400
1.6596 -3.0858 -0.0400
1.6770 -3.0830 -0.0400
1.6931 -3.0789 -0.0400
4.7566 -4.2167 -0.0400
4.7722 -4.1483 -0.0400
4.8612 -4.1078 -0.0400
3.6601 -2.4048 -0.0400
3.6055 -2.3665 -0.0400
3.5500 -2.3301 -0.0400
3.5239 -2.2904 -0.0400
3.5158 -2.2482 -0.0400
3.5217 -2.2030 -0.0400
3.5582 -2.1505 -0.0400
5.7387 -0.7678 -0.0400
5.6814 -0.6968 -0.0400
5.6637 -0.6086 -0.0400
2.0105 2.9073 -0.0400
1.1085 0.0186 -0.0400
1.0615 -0.0260 -0.0400
1.0152 -0.0422 -0.0400
0.9686 -0.0414 -0.0400
0.9208 -0.0249 -0.0400
0.9150 -1.3633 -0.0400
0.8968 -1.4000 -0.0400
0.8776 -1.4236 -0.0400
0.8576 -1.4399 -0.0400
0.8382 -1.4566 -0.0400
0.8168 -1.4627 -0.0400
0.7948 -1.4661 -0.0400
0.7721 -1.4674 -0.0400
0.7484 -1.4655 -0.0400
0.7234 -1.4601 -0.0400
0.6869 -1.4207 -0.0400
-4.3094 -0.1729 -0.0400
-4.3630 -0.2634 -0.0400
-4.2030 -1.1775 -0.0400
-4.1465 -1.2926 -0.0400
-4.1647 -1.3860 -0.0400
-4.2391 -1.4662 -0.0400
-4.1468 -3.6103 -0.0400
-4.0502 -3.6865 -0.0400
-1.1755 -3.4707 -0.0400
-1.1329 -3.5000 -0.0400
-1.0376 -3.5079 -0.0400
-0.9955 -3.5341 -0.0400
-0.9705 -3.5664 -0.0400
-0.9535 -3.6018 -0.0400
-0.9493 -3.6432 -0.0400
-0.9184 -3.6721 -0.0400
-0.8845 -3.6989 -0.0400
-0.8607 -3.7303 -0.0400
-0.8506 -3.7692 -0.0400
-0.8499 -3.8138 -0.0400
-2.8094 -5.0385 -0.0400
-2.7680 -5.1068 -0.0400
-2.7062 -5.1618 -0.0400
-2.6580 -5.2250 -0.0400
-0.2480 -8.1480 -0.0400
0.3391 -6.0150 -0.0400
0.4038 -5.9973 -0.0400
0.4548 -6.0456 -0.0400
3.4025 -8.0511 -0.0400
3.4949 -6.7946 -0.0400
3.4736 -6.5991 -0.0400
3.5107 -6.5079 -0.0400
3.5832 -6.4743 -0.0400
3.6730 -6.4653 -0.0400
2.6929 -4.3805 -0.0400
2.6939 -4.3232 -0.0400
2.7146 -4.2874 -0.0400
1.6200 -3.1872 -0.0400
1.6129 -3.1635 -0.0400
1.6132 -3.1473 -0.0400
1.6163 -3.1340 -0.0400
1.6211 -3.1225 -0.0400
1.6272 -3.1121 -0.0400
1.6356 -3.1036 -0.0400
1.6457 -3.0963 -0.0400
1.6583 -3.0906 -0.0400
1.6749 -3.0874 -0.0400
1.6899 -3.0826 -0.0400
4.7430 -4.2825 -0.0400
4.7414 -4.2064 -0.0400
4.7662 -4.1419 -0.0400
3.6775 -2.3959 -0.0400
3.6079 -2.3592 -0.0400
3.5527 -2.3226 -0.0400
3.5216 -2.2838 -0.0400
3.5275 -2.2389 -0.0400
3.5618 -2.1879 -0.0400
5.9810 -0.7640 -0.0400
5.7287 -0.7692 -0.0400
5.6826 -0.6935 -0.0400
5.6764 -0.6002 -0.0400
2.0199 2.9265 -0.0400
1.9199 2.9303 -0.0400
1.1117 -0.0156 -0.0400
1.0651 -0.0377 -0.0400
1.0189 -0.0438 -0.0400
0.9721 -0.0334 -0.0400
0.9233 0.0006 -0.0400
0.8687 0.0891 -0.0400
0.9208 -1.3852 -0.0400
0.9017 -1.4126 -0.0400
0.8821 -1.4316 -0.0400
0.8619 -1.4450 -0.0400
0.8414 -1.4552 -0.0400
0.8205 -1.4628 -0.0400
0.7990 -1.4673 -0.0400
0.7751 -1.4628 -0.0400
0.7509 -1.4586 -0.0400
0.7248 -1.4495 -0.0400
0.6954 -1.4321 -0.0400
-4.3071 -0.1537 -0.0400
-4.3697 -0.2402 -0.0400
-4.1463 -1.2736 -0.0400
-4.1569 -1.3690 -0.0400
-1.2345 -3.4307 -0.0400
-1.1883 -3.4602 -0.0400
-1.1638 -3.4963 -0.0400
-1.0674 -3.5045 -0.0400
-0.9961 -3.5195 -0.0400
-0.9721 -3.5522 -0.0400
-0.9586 -3.5892 -0.0400
-0.9507 -3.6289 -0.0400
-0.9356 -3.6655 -0.0400
-0.8851 -3.6842 -0.0400
-0.8665 -3.7184 -0.0400
-0.8555 -3.7567 -0.0400
-0.8543 -3.8011 -0.0400
-2.8181 -5.0244 -0.0400
-2.7820 -5.0960 -0.0400
-2.7502 -5.1707 -0.0400
-2.6747 -5.2166 -0.0400
-0.2596 -8.1439 -0.0400
0.3300 -6.0157 -0.0400
0.3953 -5.9968 -0.0400
3.3984 -8.0560 -0.0400
3.4816 -6.7773 -0.0400
3.4611 -6.5832 -0.0400
3.5108 -6.5121 -0.0400
3.5959 -6.4974 -0.0400
2.6792 -4.3616 -0.0400
2.6916 -4.3163 -0.0400
2.7182 -4.2863 -0.0400
1.6129 -3.1725 -0.0400
1.6110 -3.1536 -0.0400
1.6132 -3.1392 -0.0400
1.6179 -3.1272 -0.0400
1.6244 -3.1169 -0.0400
1.6324 -3.1079 -0.0400
1.6418 -3.1000 -0.0400
1.6529 -3.0932 -0.0400
1.6710 -3.0912 -0.0400
1.6938 -3.0920 -0.0400
4.7434 -4.2791 -0.0400
4.7394 -4.2019 -0.0400
4.7825 -4.1446 -0.0400
3.6162 -2.3959 -0.0400
3.5626 -2.3581 -0.0400
3.5313 -2.3188 -0.0400
3.5201 -2.2769 -0.0400
3.5242 -2.2325 -0.0400
3.5525 -2.1827 -0.0400
5.7282 -0.7664 -0.0400
5.6843 -0.6898 -0.0400
2.0206 2.8958 -0.0400
1.1145 -0.0029 -0.0400
1.0680 -0.0335 -0.0400
1.0221 -0.0457 -0.0400
0.9746 -0.0174 -0.0400
0.9234 0.0537 -0.0400
0.9211 -1.3708 -0.0400
0.9028 -1.4041 -0.0400
0.8838 -1.4265 -0.0400
0.8654 -1.4491 -0.0400
0.8449 -1.4578 -0.0400
0.8237 -1.4631 -0.0400
0.8020 -1.4659 -0.0400
0.7796 -1.4665 -0.0400
0.7560 -1.4634 -0.0400
0.7309 -1.4565 -0.0400
0.6913 -1.4056 -0.0400
-0.7213 0.1534 -0.0400
-0.7481 0.0876 -0.0400
-4.2914 -0.1411 -0.0400
-4.3496 -0.2292 -0.0400
-4.2214 -1.1341 -0.0400
-4.1409 -1.2563 -0.0400
-4.1798 -1.3444 -0.0400
-1.1871 -3.4449 -0.0400
-1.1694 -3.4833 -0.0400
-1.0537 -3.4843 -0.0400
-1.0084 -3.5095 -0.0400
-0.9827 -3.5417 -0.0400
-0.9630 -3.5761 -0.0400
-0.9647 -3.6203 -0.0400
-0.9267 -3.6460 -0.0400
-0.8950 -3.6740 -0.0400
-0.8731 -3.7066 -0.0400
-0.8589 -3.7432 -0.0400
-0.8901 -3.8061 -0.0400
-2.8292 -5.0115 -0.0400
-2.7933 -5.0833 -0.0400
-2.7564 -5.1548 -0.0400
-2.6910 -5.2076 -0.0400
-0.2699 -8.1326 -0.0400
0.3216 -6.0112 -0.0400
0.3816 -6.0176 -0.0400
3.3954 -8.0649 -0.0400
3.4746 -6.7719 -0.0400
3.4549 -6.5786 -0.0400
3.5104 -6.5166 -0.0400
3.6099 -6.5234 -0.0400
2.6759 -4.3545 -0.0400
2.6926 -4.3135 -0.0400
1.6136 -3.1835 -0.0400
1.6082 -3.1605 -0.0400
1.6095 -3.1448 -0.0400
1.6156 -3.1337 -0.0400
1.6213 -3.1224 -0.0400
1.6290 -3.1130 -0.0400
1.6387 -3.1051 -0.0400
1.6503 -3.0987 -0.0400
1.6649 -3.0943 -0.0400
1.6841 -3.0927 -0.0400
4.7304 -4.2701 -0.0400
4.7414 -4.1993 -0.0400
3.6197 -2.3886 -0.0400
3.5380 -2.3543 -0.0400
3.5255 -2.3125 -0.0400
3.5279 -2.2686 -0.0400
3.5529 -2.2202 -0.0400
5.7177 -0.7676 -0.0400
5.7206 -0.6711 -0.0400
2.1278 2.9048 -0.0400
2.0255 2.8948 -0.0400
1.1637 0.0100 -0.0400
1.1165 -0.0296 -0.0400
1.0704 -0.0444 -0.0400
1.0245 -0.0442 -0.0400
0.9779 -0.0294 -0.0400
0.9286 0.0189 -0.0400
0.9428 -1.3442 -0.0400
0.9255 -1.3916 -0.0400
0.9066 -1.4169 -0.0400
0.8871 -1.4343 -0.0400
0.8672 -1.4471 -0.0400
0.8470 -1.4566 -0.0400
0.8264 -1.4637 -0.0400
0.8043 -1.4640 -0.0400
0.7814 -1.4622 -0.0400
0.7574 -1.4570 -0.0400
0.7313 -1.4464 -0.0400
0.7014 -1.4258 -0.0400
-0.7086 0.1509 -0.0400
-0.7386 0.0902 -0.0400
-0.7909 0.0640 -0.0400
-0.8733 0.0793 -0.0400
-0.9649 0.1035 -0.0400
-4.1609 -1.1330 -0.0400
-4.1298 -1.2408 -0.0400
-4.1801 -1.3258 -0.0400
-1.2167 -3.4000 -0.0400
-1.1886 -3.4353 -0.0400
-1.1147 -3.4536 -0.0400
-1.0231 -3.4627 -0.0400
-0.9988 -3.4957 -0.0400
-0.9847 -3.5325 -0.0400
-0.9773 -3.5723 -0.0400
-0.9653 -3.6104 -0.0400
-0.9245 -3.6348 -0.0400
-0.8980 -3.6653 -0.0400
-0.8905 -3.7055 -0.0400
-0.8958 -3.7532 -0.0400
-2.8813 -4.9360 -0.0400
-2.8413 -5.0054 -0.0400
-2.7738 -5.0579 -0.0400
-2.7426 -5.1326 -0.0400
0.3087 -6.0380 -0.0400
3.2050 -8.1551 -0.0400
3.4038 -6.8209 -0.0400
3.3870 -6.6255 -0.0400
3.4510 -6.5764 -0.0400
3.5535 -6.5893 -0.0400
2.6379 -4.4322 -0.0400
2.6496 -4.3838 -0.0400
1.6030 -3.2053 -0.0400
1.6019 -3.1854 -0.0400
1.6001 -3.1655 -0.0400
1.6034 -3.1513 -0.0400
1.6105 -3.1410 -0.0400
1.6181 -3.1312 -0.0400
1.6280 -3.1234 -0.0400
1.6379 -3.1156 -0.0400
1.6520 -3.1110 -0.0400
1.6707 -3.1096 -0.0400
4.6884 -4.3254 -0.0400
4.7235 -4.2651 -0.0400
3.6305 -2.4725 -0.0400
3.5792 -2.4324 -0.0400
3.5442 -2.3923 -0.0400
3.5308 -2.3505 -0.0400
3.5323 -2.3068 -0.0400
5.8139 -0.9163 -0.0400
5.7485 -0.8473 -0.0400
5.7447 -0.7544 -0.0400
3.6857 2.7501 -0.0400
2.2217 2.8551 -0.0400
1.2117 0.0137 -0.0400
1.1636 -0.0314 -0.0400
1.1174 -0.0471 -0.0400
1.0716 -0.0379 -0.0400
1.0249 -0.0043 -0.0400
0.9749 0.0743 -0.0400
0.9479 -1.3830 -0.0400
0.9311 -1.4282 -0.0400
0.9111 -1.4411 -0.0400
0.8909 -1.4513 -0.0400
0.8705 -1.4588 -0.0400
0.8495 -1.4632 -0.0400
0.8281 -1.4652 -0.0400
0.8060 -1.4647 -0.0400
0.7827 -1.4608 -0.0400
0.7520 -1.4310 -0.0400
0.7176 -1.3935 -0.0400
-0.6536 0.1842 -0.0400
-0.6795 0.1162 -0.0400
-0.7372 0.0989 -0.0400
-0.8475 0.1569 -0.0400
-0.9142 0.1473 -0.0400
-4.0916 -1.1410 -0.0400
-4.1226 -1.2305 -0.0400
-4.2999 -3.2968 -0.0400
-4.2078 -3.3802 -0.0400
-1.0291 -3.4876 -0.0400
-0.9976 -3.5177 -0.0400
-0.9739 -3.5505 -0.0400
-0.9741 -3.5940 -0.0400
-0.9439 -3.6235 -0.0400
-0.9098 -3.6506 -0.0400
-0.8869 -3.6828 -0.0400
-0.8729 -3.7196 -0.0400
-0.8699 -3.7630 -0.0400
-2.8490 -4.9833 -0.0400
-2.8438 -5.0743 -0.0400
-2.7469 -5.1083 -0.0400
-2.7045 -5.1759 -0.0400
3.3860 -6.6347 -0.0400
3.4395 -6.5673 -0.0400
3.5145 -6.5364 -0.0400
3.6186 -6.5494 -0.0400
2.6541 -4.3860 -0.0400
2.6725 -4.3457 -0.0400
1.6017 -3.1772 -0.0400
1.6048 -3.1621 -0.0400
1.6096 -3.1489 -0.0400
1.6135 -3.1353 -0.0400
1.6210 -3.1252 -0.0400
1.6297 -3.1161 -0.0400
1.6415 -3.1097 -0.0400
1.6528 -3.1026 -0.0400
1.6711 -3.1008 -0.0400
1.7091 -3.1132 -0.0400
4.6984 -4.3267 -0.0400
4.7116 -4.2563 -0.0400
4.7797 -4.2098 -0.0400
3.6256 -2.4192 -0.0400
3.5433 -2.3832 -0.0400
3.5291 -2.3414 -0.0400
3.5296 -2.2979 -0.0400
3.5486 -2.2511 -0.0400
5.7491 -0.8426 -0.0400
5.7345 -0.7541 -0.0400
3.5916 2.7897 -0.0400
1.1662 0.0153 -0.0400
1.1189 -0.0445 -0.0400
1.0734 -0.0489 -0.0400
1.0277 -0.0400 -0.0400
0.9809 -0.0122 -0.0400
0.9306 0.0579 -0.0400
0.9471 -1.3714 -0.0400
0.9285 -1.4026 -0.0400
0.9095 -1.4241 -0.0400
0.8900 -1.4391 -0.0400
0.8703 -1.4503 -0.0400
0.8507 -1.4608 -0.0400
0.8297 -1.4636 -0.0400
0.8081 -1.4643 -0.0400
0.7855 -1.4620 -0.0400
0.7617 -1.4560 -0.0400
0.7358 -1.4445 -0.0400
0.7056 -1.4217 -0.0400
-0.6766 0.1321 -0.0400
-0.7201 0.0935 -0.0400
-0.7764 0.0739 -0.0400
-0.8883 0.1316 -0.0400
-4.1284 -1.1061 -0.0400
-4.1160 -1.2083 -0.0400
-4.1616 -1.2942 -0.0400
-4.2632 -3.4581 -0.0400
-4.0834 -3.5237 -0.0400
-4.1017 -3.6205 -0.0400
-0.9834 -3.5444 -0.0400
-0.9837 -3.5881 -0.0400
-0.9420 -3.6123 -0.0400
-0.9098 -3.6402 -0.0400
-0.9014 -3.6799 -0.0400
-0.9061 -3.7273 -0.0400
-2.8969 -4.9051 -0.0400
-2.8692 -4.9819 -0.0400
-2.8107 -5.0404 -0.0400
-1.6384 -5.9676 -0.0400
-1.5678 -5.9997 -0.0400
-1.5155 -6.0547 -0.0400
3.1891 -8.1579 -0.0400
3.3407 -6.9007 -0.0400
3.3236 -6.6950 -0.0400
3.3709 -6.6146 -0.0400
3.4448 -6.5818 -0.0400
2.6209 -4.4094 -0.0400
1.5982 -3.2088 -0.0400
1.5972 -3.1880 -0.0400
1.5958 -3.1676 -0.0400
1.6021 -3.1557 -0.0400
1.6085 -3.1442 -0.0400
1.6174 -3.1351 -0.0400
1.6270 -3.1267 -0.0400
1.6405 -3.1216 -0.0400
1.6534 -3.1157 -0.0400
1.6775 -3.1185 -0.0400
4.6699 -4.3890 -0.0400
4.6900 -4.3214 -0.0400
4.7871 -4.2885 -0.0400
3.6289 -2.5039 -0.0400
3.5794 -2.4627 -0.0400
3.5468 -2.4217 -0.0400
3.5342 -2.3796 -0.0400
3.5353 -2.3361 -0.0400
5.3287 -2.0383 -0.0400
6.0009 -0.9382 -0.0400
5.7808 -0.9218 -0.0400
5.7554 -0.8379 -0.0400
3.6875 2.7448 -0.0400
2.2255 2.8385 -0.0400
1.2105 -0.0391 -0.0400
1.1645 -0.0514 -0.0400
1.1192 -0.0540 -0.0400
1.0739 -0.0445 -0.0400
1.0263 0.0518 -0.0400
0.9690 -1.3676 -0.0400
0.9524 -1.4202 -0.0400
0.9326 -1.4352 -0.0400
0.9128 -1.4464 -0.0400
0.8928 -1.4548 -0.0400
0.8726 -1.4611 -0.0400
0.8519 -1.4644 -0.0400
0.8307 -1.4657 -0.0400
0.8064 -1.4545 -0.0400
0.7821 -1.4452 -0.0400
0.7548 -1.4275 -0.0400
0.7165 -1.3748 -0.0400
-0.6248 0.1675 -0.0400
-0.6657 0.1244 -0.0400
-0.7189 0.1011 -0.0400
-0.8473 0.1870 -0.0400
-4.1258 -1.1937 -0.0400
-4.2984 -3.2589 -0.0400
-4.2084 -3.3426 -0.0400
-4.1820 -3.4332 -0.0400
-4.0827 -3.5110 -0.0400
-0.9168 -3.6281 -0.0400
-0.9008 -3.6638 -0.0400
-0.8951 -3.7053 -0.0400
-2.9089 -4.8918 -0.0400
-2.9247 -4.9944 -0.0400
-2.8045 -5.0162 -0.0400
-2.7783 -5.0942 -0.0400
-1.6598 -5.9689 -0.0400
-1.5786 -5.9883 -0.0400
-1.5263 -6.0434 -0.0400
3.0941 -8.2254 -0.0400
3.1849 -8.1713 -0.0400
3.2676 -6.7744 -0.0400
3.2989 -6.6611 -0.0400
3.3690 -6.6215 -0.0400
3.4588 -6.6150 -0.0400
2.6046 -4.4538 -0.0400
1.6041 -3.2320 -0.0400
1.5939 -3.1997 -0.0400
1.5955 -3.1817 -0.0400
1.5964 -3.1636 -0.0400
1.6036 -3.1525 -0.0400
1.6117 -3.1423 -0.0400
1.6219 -3.1342 -0.0400
1.6329 -3.1268 -0.0400
1.6503 -3.1248 -0.0400
1.6666 -3.1212 -0.0400
1.6895 -3.1227 -0.0400
4.6754 -4.4688 -0.0400
4.6575 -4.3814 -0.0400
4.6943 -4.3217 -0.0400
3.6739 -2.5406 -0.0400
3.6209 -2.4979 -0.0400
3.5711 -2.4568 -0.0400
3.5437 -2.4154 -0.0400
3.5407 -2.3722 -0.0400
3.5615 -2.3261 -0.0400
5.3162 -2.0360 -0.0400
5.8231 -0.9964 -0.0400
5.7802 -0.9187 -0.0400
5.7991 -0.8177 -0.0400
3.6896 2.7462 -0.0400
2.2275 2.8343 -0.0400
1.2099 -0.0465 -0.0400
1.1643 -0.0554 -0.0400
1.1193 -0.0541 -0.0400
1.0740 -0.0140 -0.0400
1.0268 0.0547 -0.0400
0.9904 -1.3675 -0.0400
0.9711 -1.3991 -0.0400
0.9517 -1.4204 -0.0400
0.9321 -1.4353 -0.0400
0.9125 -1.4466 -0.0400
0.8932 -1.4584 -0.0400
0.8727 -1.4618 -0.0400
0.8518 -1.4633 -0.0400
0.8304 -1.4626 -0.0400
0.8080 -1.4588 -0.0400
0.7844 -1.4511 -0.0400
0.7586 -1.4374 -0.0400
-0.6118 0.1596 -0.0400
-0.6610 0.1306 -0.0400
-0.7303 0.1320 -0.0400
-0.8352 0.1831 -0.0400
-4.2807 -3.3335 -0.0400
-4.0984 -3.4020 -0.0400
-4.1326 -3.5007 -0.0400
-0.9399 -3.7597 -0.0400
-2.8889 -4.9529 -0.0400
-2.8290 -5.0107 -0.0400
-1.6638 -5.9486 -0.0400
-1.5928 -5.9806 -0.0400
-1.5485 -6.0463 -0.0400
-1.5270 -6.1444 -0.0400
0.1045 -4.0939 -0.0400
0.1401 -4.0955 -0.0400
0.1754 -4.0965 -0.0400
3.1714 -8.1621 -0.0400
3.3207 -6.8889 -0.0400
3.3064 -6.6871 -0.0400
3.3638 -6.6238 -0.0400
2.6051 -4.4551 -0.0400
1.5968 -3.2204 -0.0400
1.5932 -3.1955 -0.0400
1.5911 -3.1733 -0.0400
1.5978 -3.1612 -0.0400
1.6057 -3.1505 -0.0400
1.6145 -3.1409 -0.0400
1.6265 -3.1341 -0.0400
1.6389 -3.1277 -0.0400
1.6531 -3.1225 -0.0400
1.6859 -3.1327 -0.0400
4.6663 -4.4633 -0.0400
4.6585 -4.3807 -0.0400
4.7093 -4.3275 -0.0400
3.6454 -2.5354 -0.0400
3.6097 -2.4922 -0.0400
3.5593 -2.4512 -0.0400
3.5374 -2.4094 -0.0400
3.5437 -2.3653 -0.0400
3.5687 -2.3187 -0.0400
5.3169 -2.0320 -0.0400
5.8422 -0.9866 -0.0400
5.7756 -0.9170 -0.0400
3.7809 2.6934 -0.0400
3.7037 2.7730 -0.0400
2.3295 2.8324 -0.0400
2.2295 2.8328 -0.0400
1.2567 -0.0114 -0.0400
1.2093 -0.0416 -0.0400
1.1636 -0.0593 -0.0400
1.1188 -0.0527 -0.0400
1.0738 -0.0012 -0.0400
1.0266 0.0700 -0.0400
0.9895 -1.3761 -0.0400
0.9701 -1.4035 -0.0400
0.9507 -1.4232 -0.0400
0.9322 -1.4451 -0.0400
0.9125 -1.4533 -0.0400
0.8926 -1.4594 -0.0400
0.8723 -1.4630 -0.0400
0.8517 -1.4648 -0.0400
0.8290 -1.4571 -0.0400
0.8060 -1.4504 -0.0400
0.7814 -1.4385 -0.0400
0.7533 -1.4165 -0.0400
-0.5841 0.2379 -0.0400
-0.6085 0.1666 -0.0400
-0.6532 0.1306 -0.0400
-0.7129 0.1179 -0.0400
-0.8499 0.2176 -0.0400
-4.2896 -3.2207 -0.0400
-4.1946 -3.3037 -0.0400
-4.1139 -3.3859 -0.0400
-4.0928 -3.4755 -0.0400
-1.2314 -3.3445 -0.0400
-1.2062 -3.3808 -0.0400
-1.1265 -3.3974 -0.0400
-2.7970 -5.0646 -0.0400
-1.6737 -5.9351 -0.0400
-1.6050 -5.9700 -0.0400
-1.5500 -6.0219 -0.0400
0.0833 -4.1043 -0.0400
0.1329 -4.0850 -0.0400
0.1638 -4.0933 -0.0400
0.1929 -4.1039 -0.0400
0.2181 -4.1210 -0.0400
0.2373 -4.1494 -0.0400
3.0685 -8.2122 -0.0400
3.2428 -6.7549 -0.0400
3.2883 -6.6675 -0.0400
3.3637 -6.6363 -0.0400
3.4663 -6.6506 -0.0400
2.6097 -4.4624 -0.0400
1.5838 -3.2029 -0.0400
1.5869 -3.1857 -0.0400
1.5925 -3.1719 -0.0400
1.5995 -3.1599 -0.0400
1.6078 -3.1493 -0.0400
1.6186 -3.1413 -0.0400
1.6306 -3.1344 -0.0400
1.6445 -3.1289 -0.0400
1.6607 -3.1252 -0.0400
4.6438 -4.4513 -0.0400
4.6655 -4.3836 -0.0400
4.7160 -4.3299 -0.0400
3.6218 -2.5302 -0.0400
3.5763 -2.4878 -0.0400
3.5399 -2.4463 -0.0400
3.5391 -2.4030 -0.0400
3.5509 -2.3583 -0.0400
3.5888 -2.3099 -0.0400
5.8849 -1.0622 -0.0400
5.8044 -0.9963 -0.0400
5.7916 -0.9079 -0.0400
3.7828 2.6960 -0.0400
2.3300 2.8271 -0.0400
1.2530 -0.0442 -0.0400
1.2073 -0.0552 -0.0400
1.1625 -0.0577 -0.0400
1.1180 -0.0465 -0.0400
1.0731 -0.0218 -0.0400
1.0075 -1.3469 -0.0400
0.9883 -1.3888 -0.0400
0.9688 -1.4116 -0.0400
0.9505 -1.4383 -0.0400
0.9308 -1.4476 -0.0400
0.9112 -1.4551 -0.0400
0.8914 -1.4608 -0.0400
0.8710 -1.4622 -0.0400
0.8501 -1.4618 -0.0400
0.8286 -1.4588 -0.0400
0.8060 -1.4527 -0.0400
0.7819 -1.4422 -0.0400
-0.5606 0.2091 -0.0400
-0.5994 0.1629 -0.0400
-0.6519 0.1400 -0.0400
-0.7335 0.1611 -0.0400
-0.8303 0.2007 -0.0400
-4.2914 -3.2025 -0.0400
-4.1979 -3.2858 -0.0400
-4.1340 -3.3705 -0.0400
-1.2558 -3.3372 -0.0400
-1.2166 -3.3692 -0.0400
-1.1956 -3.4066 -0.0400
-1.0609 -3.4016 -0.0400
-1.0316 -3.4329 -0.0400
-1.0097 -3.4667 -0.0400
-1.7868 -5.9255 -0.0400
-1.6876 -5.9261 -0.0400
-1.6182 -5.9603 -0.0400
-1.5638 -6.0131 -0.0400
0.0747 -4.0952 -0.0400
0.1155 -4.0898 -0.0400
0.1541 -4.0862 -0.0400
0.1822 -4.0987 -0.0400
0.2065 -4.1176 -0.0400
0.2292 -4.1397 -0.0400
0.2400 -4.1854 -0.0400
0.2428 -4.2496 -0.0400
3.1529 -8.1707 -0.0400
3.3027 -6.8856 -0.0400
3.2830 -6.6724 -0.0400
3.3712 -6.6635 -0.0400
2.5864 -4.5036 -0.0400
1.5903 -3.2309 -0.0400
1.5859 -3.2038 -0.0400
1.5886 -3.1859 -0.0400
1.5941 -3.1716 -0.0400
1.6001 -3.1582 -0.0400
1.6099 -3.1490 -0.0400
1.6211 -3.1411 -0.0400
1.6339 -3.1346 -0.0400
1.6488 -3.1298 -0.0400
1.6873 -3.1455 -0.0400
4.6392 -4.4490 -0.0400
4.6753 -4.3883 -0.0400
4.7529 -4.3472 -0.0400
3.6721 -2.5686 -0.0400
3.5843 -2.5257 -0.0400
3.5552 -2.4829 -0.0400
3.5407 -2.4402 -0.0400
3.5461 -2.3963 -0.0400
3.5668 -2.3505 -0.0400
5.8929 -1.0566 -0.0400
5.8034 -0.9934 -0.0400
3.7832 2.6966 -0.0400
2.3261 2.8051 -0.0400
1.3022 0.0253 -0.0400
1.2506 -0.0505 -0.0400
1.2054 -0.0586 -0.0400
1.1608 -0.0593 -0.0400
1.1168 -0.0278 -0.0400
1.0718 0.0210 -0.0400
0.9867 -1.4042 -0.0400
0.9672 -1.4221 -0.0400
0.9485 -1.4430 -0.0400
0.9290 -1.4511 -0.0400
0.9095 -1.4576 -0.0400
0.8897 -1.4618 -0.0400
0.8694 -1.4629 -0.0400
0.8487 -1.4622 -0.0400
0.8273 -1.4591 -0.0400
0.8015 -1.4382 -0.0400
0.7754 -1.4198 -0.0400
-0.5674 0.2311 -0.0400
-0.5964 0.1682 -0.0400
-0.6431 0.1362 -0.0400
-0.7657 0.2211 -0.0400
-0.8649 0.2627 -0.0400
-4.2911 -3.1844 -0.0400
-4.1979 -3.2677 -0.0400
-4.0999 -3.3474 -0.0400
-1.2447 -3.3189 -0.0400
-1.2161 -3.3541 -0.0400
-1.2016 -3.3937 -0.0400
-1.0866 -3.3961 -0.0400
-1.0434 -3.4225 -0.0400
-1.0191 -3.4554 -0.0400
-1.0062 -3.4929 -0.0400
-1.0077 -3.5369 -0.0400
-0.9659 -3.5613 -0.0400
-1.8353 -5.9560 -0.0400
-1.7059 -5.9220 -0.0400
-1.6323 -5.9514 -0.0400
-1.5973 -6.0294 -0.0400
0.0612 -4.0931 -0.0400
0.1040 -4.0850 -0.0400
0.1388 -4.0878 -0.0400
0.1716 -4.0928 -0.0400
0.1977 -4.1087 -0.0400
0.2170 -4.1371 -0.0400
0.2366 -4.1662 -0.0400
3.0451 -8.2118 -0.0400
3.2363 -6.9606 -0.0400
3.2252 -6.7540 -0.0400
3.2766 -6.6765 -0.0400
3.3544 -6.6490 -0.0400
1.5782 -3.2159 -0.0400
1.5803 -3.1966 -0.0400
1.5857 -3.1816 -0.0400
1.5929 -3.1690 -0.0400
1.6015 -3.1583 -0.0400
1.6115 -3.1489 -0.0400
1.6229 -3.1409 -0.0400
1.6421 -3.1402 -0.0400
1.6615 -3.1391 -0.0400
4.6495 -4.5354 -0.0400
4.6421 -4.4511 -0.0400
4.6794 -4.3908 -0.0400
3.6203 -2.5639 -0.0400
3.5796 -2.5203 -0.0400
3.5427 -2.4779 -0.0400
3.5390 -2.4346 -0.0400
3.5638 -2.3891 -0.0400
5.2833 -2.1755 -0.0400
5.3263 -2.0958 -0.0400
5.8290 -1.0741 -0.0400
5.8062 -0.9894 -0.0400
2.3266 2.8034 -0.0400
1.2951 -0.0268 -0.0400
1.2474 -0.0604 -0.0400
1.2028 -0.0641 -0.0400
1.1586 -0.0586 -0.0400
1.1150 -0.0219 -0.0400
1.0702 0.0384 -0.0400
1.0228 -1.3318 -0.0400
1.0032 -1.3824 -0.0400
0.9846 -1.4204 -0.0400
0.9650 -1.4329 -0.0400
0.9456 -1.4426 -0.0400
0.9267 -1.4551 -0.0400
0.9072 -1.4603 -0.0400
0.8873 -1.4623 -0.0400
0.8671 -1.4628 -0.0400
0.8464 -1.4611 -0.0400
0.8228 -1.4468 -0.0400
0.7992 -1.4357 -0.0400
0.7731 -1.4166 -0.0400
-0.5479 0.2064 -0.0400
-0.5895 0.1658 -0.0400
-0.6442 0.1473 -0.0400
-0.7544 0.2134 -0.0400
-0.8246 0.2128 -0.0400
-4.2908 -3.1665 -0.0400
-4.1933 -3.2493 -0.0400
-4.1018 -3.3298 -0.0400
-1.2663 -3.3109 -0.0400
-1.2266 -3.3428 -0.0400
-1.2044 -3.3798 -0.0400
-1.0772 -3.3778 -0.0400
-1.0440 -3.4078 -0.0400
-1.0210 -3.4411 -0.0400
-1.0075 -3.4782 -0.0400
-1.0009 -3.5185 -0.0400
-0.9905 -3.5573 -0.0400
-0.9417 -3.5776 -0.0400
-0.9268 -3.6139 -0.0400
-0.9224 -3.6560 -0.0400
-1.7063 -5.8962 -0.0400
-1.6458 -5.9415 -0.0400
-1.6034 -6.0099 -0.0400
0.0414 -4.0999 -0.0400
0.0899 -4.0836 -0.0400
0.1264 -4.0840 -0.0400
0.1606 -4.0872 -0.0400
0.1869 -4.1028 -0.0400
0.2111 -4.1225 -0.0400
0.2247 -4.1626 -0.0400
0.2367 -4.2083 -0.0400
3.0346 -8.2175 -0.0400
3.1993 -6.7221 -0.0400
3.2713 -6.6839 -0.0400
3.3635 -6.6814 -0.0400
2.5728 -4.4952 -0.0400
1.5827 -3.2219 -0.0400
1.5830 -3.1999 -0.0400
1.5876 -3.1837 -0.0400
1.5926 -3.1684 -0.0400
1.6026 -3.1587 -0.0400
1.6141 -3.1506 -0.0400
1.6274 -3.1442 -0.0400
1.6431 -3.1398 -0.0400
1.6627 -3.1387 -0.0400
4.6205 -4.5211 -0.0400
4.6363 -4.4493 -0.0400
4.7305 -4.4174 -0.0400
3.6733 -2.6042 -0.0400
3.6021 -2.5591 -0.0400
3.5652 -2.5155 -0.0400
3.5411 -2.4726 -0.0400
3.5486 -2.4286 -0.0400
3.5664 -2.3834 -0.0400
5.3156 -2.1694 -0.0400
5.9061 -1.1397 -0.0400
5.8262 -1.0721 -0.0400
5.8041 -0.9872 -0.0400
5.8379 -0.8822 -0.0400
3.8775 2.6540 -0.0400
2.3292 2.8128 -0.0400
1.2909 -0.0399 -0.0400
1.2443 -0.0637 -0.0400
1.1998 -0.0679 -0.0400
1.1563 -0.0510 -0.0400
1.1131 0.0038 -0.0400
1.0681 0.0585 -0.0400
1.0199 -1.3661 -0.0400
0.9999 -1.3932 -0.0400
0.9812 -1.4250 -0.0400
0.9623 -1.4429 -0.0400
0.9429 -1.4502 -0.0400
0.9239 -1.4591 -0.0400
0.9043 -1.4621 -0.0400
0.8846 -1.4642 -0.0400
0.8640 -1.4612 -0.0400
0.8433 -1.4587 -0.0400
0.8193 -1.4421 -0.0400
0.7954 -1.4290 -0.0400
0.7683 -1.4053 -0.0400
-0.5513 0.2202 -0.0400
-0.5870 0.1697 -0.0400
-0.6559 0.1742 -0.0400
-0.7592 0.2294 -0.0400
-4.1029 0.2844 -0.0400
-4.1233 0.1782 -0.0400
-4.2949 -3.1493 -0.0400
-4.1880 -3.2310 -0.0400
-4.1075 -3.3130 -0.0400
-1.2914 -3.3041 -0.0400
-1.2236 -3.3272 -0.0400
-1.2096 -3.3668 -0.0400
-1.0988 -3.3710 -0.0400
-1.0564 -3.3978 -0.0400
-1.0303 -3.4300 -0.0400
-1.0145 -3.4661 -0.0400
-1.0124 -3.5084 -0.0400
-0.9848 -3.5392 -0.0400
-0.9520 -3.5671 -0.0400
-0.9300 -3.5999 -0.0400
-0.9173 -3.6374 -0.0400
-0.9765 -3.7152 -0.0400
-2.9278 -4.8939 -0.0400
-2.8494 -4.9408 -0.0400
-1.8290 -5.8966 -0.0400
-1.7263 -5.8937 -0.0400
-1.6580 -5.9297 -0.0400
-1.6082 -5.9886 -0.0400
0.0719 -4.0880 -0.0400
0.1194 -4.0713 -0.0400
0.1491 -4.0818 -0.0400
0.1761 -4.0966 -0.0400
0.2008 -4.1154 -0.0400
0.2148 -4.1548 -0.0400
0.2271 -4.1997 -0.0400
-0.6062 -8.0445 -0.0400
3.0231 -8.2222 -0.0400
3.2076 -6.9440 -0.0400
3.2011 -6.7452 -0.0400
3.2623 -6.6855 -0.0400
3.3454 -6.6667 -0.0400
2.5592 -4.5539 -0.0400
1.5792 -3.2426 -0.0400
1.5754 -3.2145 -0.0400
1.5790 -3.1963 -0.0400
1.5853 -3.1819 -0.0400
1.5935 -3.1698 -0.0400
1.6031 -3.1595 -0.0400
1.6144 -3.1508 -0.0400
1.6327 -3.1491 -0.0400
1.6517 -3.1475 -0.0400
1.6855 -3.1589 -0.0400
4.6116 -4.5183 -0.0400
4.6384 -4.4522 -0.0400
4.6956 -4.4016 -0.0400
3.6281 -2.5993 -0.0400
3.6010 -2.5544 -0.0400
3.5503 -2.5110 -0.0400
3.5403 -2.4677 -0.0400
3.5570 -2.4230 -0.0400
3.5814 -2.3770 -0.0400
5.3276 -2.1656 -0.0400
5.8819 -1.1443 -0.0400
5.8224 -1.0707 -0.0400
5.8067 -0.9836 -0.0400
3.8773 2.6553 -0.0400
2.4229 2.7881 -0.0400
1.3341 -0.0227 -0.0400
1.2856 -0.0595 -0.0400
1.2405 -0.0699 -0.0400
1.1966 -0.0669 -0.0400
1.1534 -0.0473 -0.0400
1.1105 0.0106 -0.0400
1.0163 -1.3922 -0.0400
0.9964 -1.4097 -0.0400
0.9774 -1.4330 -0.0400
0.9585 -1.4473 -0.0400
0.9393 -1.4535 -0.0400
0.9203 -1.4607 -0.0400
0.9007 -1.4626 -0.0400
0.8810 -1.4634 -0.0400
0.8600 -1.4572 -0.0400
0.8390 -1.4531 -0.0400
0.8173 -1.4466 -0.0400
0.7894 -1.4148 -0.0400
0.7554 -1.3629 -0.0400
-0.5083 0.2662 -0.0400
-0.5365 0.2013 -0.0400
-0.5815 0.1675 -0.0400
-0.6403 0.1564 -0.0400
-0.7480 0.2197 -0.0400
-4.0874 0.2908 -0.0400
-4.1152 0.1888 -0.0400
-4.2560 0.1458 -0.0400
-4.2407 -3.1263 -0.0400
-4.1903 -3.2140 -0.0400
-4.0999 -3.2946 -0.0400
-4.1308 -3.3917 -0.0400
-1.2602 -3.2803 -0.0400
-1.2300 -3.3149 -0.0400
-1.2118 -3.3530 -0.0400
-1.1201 -3.3642 -0.0400
-1.0528 -3.3817 -0.0400
-1.0308 -3.4154 -0.0400
-1.0165 -3.4520 -0.0400
-1.0079 -3.4912 -0.0400
-1.0086 -3.5351 -0.0400
-0.9542 -3.5528 -0.0400
-0.9362 -3.5874 -0.0400
-0.9280 -3.6273 -0.0400
-0.9336 -3.6753 -0.0400
-2.9446 -4.8834 -0.0400
-2.8665 -4.9307 -0.0400
-1.7319 -5.8738 -0.0400
-1.6740 -5.9224 -0.0400
-1.6373 -5.9982 -0.0400
0.0191 -4.0865 -0.0400
0.0685 -4.0693 -0.0400
0.1051 -4.0699 -0.0400
0.1367 -4.0776 -0.0400
0.1651 -4.0902 -0.0400
0.1867 -4.1146 -0.0400
0.2066 -4.1433 -0.0400
0.2213 -4.1833 -0.0400
-0.7405 -8.0771 -0.0400
-0.6236 -8.0412 -0.0400
0.0786 -5.9473 -0.0400
0.1424 -5.9467 -0.0400
3.2066 -6.9645 -0.0400
3.1813 -6.7276 -0.0400
3.2595 -6.7002 -0.0400
3.3647 -6.7202 -0.0400
2.5637 -4.4960 -0.0400
1.5800 -3.2225 -0.0400
1.5758 -3.1945 -0.0400
1.5835 -3.1815 -0.0400
1.5929 -3.1705 -0.0400
1.6038 -3.1612 -0.0400
1.6164 -3.1537 -0.0400
1.6311 -3.1480 -0.0400
1.6492 -3.1454 -0.0400
1.6753 -3.1495 -0.0400
4.6192 -4.6073 -0.0400
4.6093 -4.5197 -0.0400
4.6420 -4.4565 -0.0400
4.7141 -4.4132 -0.0400
3.6698 -2.6415 -0.0400
3.6127 -2.5949 -0.0400
3.5590 -2.5503 -0.0400
3.5420 -2.5067 -0.0400
3.5459 -2.4627 -0.0400
3.5565 -2.4182 -0.0400
5.2831 -2.2422 -0.0400
5.8520 -1.1509 -0.0400
5.8188 -1.0694 -0.0400
3.8827 2.6675 -0.0400
2.4210 2.7825 -0.0400
1.3298 -0.0255 -0.0400
1.2813 -0.0629 -0.0400
1.2365 -0.0715 -0.0400
1.1933 -0.0617 -0.0400
1.1506 -0.0307 -0.0400
1.1081 0.0478 -0.0400
1.0315 -1.3564 -0.0400
1.0116 -1.4027 -0.0400
0.9923 -1.4272 -0.0400
0.9733 -1.4423 -0.0400
0.9544 -1.4530 -0.0400
0.9352 -1.4578 -0.0400
0.9162 -1.4625 -0.0400
0.8966 -1.4631 -0.0400
0.8770 -1.4634 -0.0400
0.8561 -1.4570 -0.0400
0.8334 -1.4429 -0.0400
0.8109 -1.4329 -0.0400
0.7776 -1.3769 -0.0400
-0.5180 0.2895 -0.0400
-0.5300 0.1955 -0.0400
-0.5841 0.1777 -0.0400
-0.6678 0.2069 -0.0400
-0.7583 0.2424 -0.0400
-4.0805 0.3013 -0.0400
-4.1270 0.2096 -0.0400
-4.1003 -3.2777 -0.0400
-1.2662 -3.2680 -0.0400
-1.2351 -3.3024 -0.0400
-1.2157 -3.3400 -0.0400
-1.0962 -3.3412 -0.0400
-1.0595 -3.3698 -0.0400
-1.0377 -3.4036 -0.0400
-1.0190 -3.4383 -0.0400
-1.0219 -3.4825 -0.0400
-0.9975 -3.5147 -0.0400
-0.9647 -3.5426 -0.0400
-0.9416 -3.5747 -0.0400
-0.9274 -3.6113 -0.0400
-0.9586 -3.6732 -0.0400
-2.9428 -4.8621 -0.0400
-2.8665 -4.9103 -0.0400
-2.8543 -4.9967 -0.0400
-1.7539 -5.8733 -0.0400
-1.6849 -5.9086 -0.0400
-1.6358 -5.9684 -0.0400
0.0453 -4.0809 -0.0400
0.0883 -4.0722 -0.0400
0.1265 -4.0693 -0.0400
0.1535 -4.0844 -0.0400
0.1777 -4.1043 -0.0400
0.1991 -4.1301 -0.0400
0.2164 -4.1647 -0.0400
-0.6487 -8.0621 -0.0400
0.0603 -5.9585 -0.0400
0.1259 -5.9529 -0.0400
3.1196 -6.8109 -0.0400
3.1721 -6.7316 -0.0400
3.2482 -6.7000 -0.0400
3.3435 -6.7021 -0.0400
2.5414 -4.5459 -0.0400
1.5752 -3.2440 -0.0400
1.5732 -3.2174 -0.0400
1.5774 -3.1993 -0.0400
1.5842 -3.1847 -0.0400
1.5929 -3.1727 -0.0400
1.6046 -3.1640 -0.0400
1.6187 -3.1576 -0.0400
1.6356 -3.1538 -0.0400
1.6575 -3.1543 -0.0400
4.6266 -4.6151 -0.0400
4.6098 -4.5232 -0.0400
4.6433 -4.4602 -0.0400
3.6554 -2.6375 -0.0400
3.6054 -2.5910 -0.0400
3.5570 -2.5463 -0.0400
3.5411 -2.5025 -0.0400
3.5522 -2.4582 -0.0400
3.5967 -2.4115 -0.0400
5.3081 -2.2384 -0.0400
6.1055 -1.1704 -0.0400
5.8417 -1.1518 -0.0400
5.8246 -1.0654 -0.0400
5.8519 -0.9639 -0.0400
3.9858 2.6406 -0.0400
2.5243 2.7966 -0.0400
2.4209 2.7852 -0.0400
1.3740 0.0016 -0.0400
1.3214 -0.0613 -0.0400
1.2766 -0.0678 -0.0400
1.2322 -0.0733 -0.0400
1.1893 -0.0595 -0.0400
1.1470 -0.0239 -0.0400
1.1048 0.0603 -0.0400
1.0263 -1.3934 -0.0400
1.0066 -1.4190 -0.0400
0.9874 -1.4357 -0.0400
0.9684 -1.4475 -0.0400
0.9496 -1.4562 -0.0400
0.9307 -1.4614 -0.0400
0.9115 -1.4635 -0.0400
0.8919 -1.4623 -0.0400
0.8722 -1.4614 -0.0400
0.8512 -1.4534 -0.0400
0.8283 -1.4380 -0.0400
0.8058 -1.4271 -0.0400
-0.4861 0.2355 -0.0400
-0.5274 0.1954 -0.0400
-0.5791 0.1739 -0.0400
-0.6501 0.1833 -0.0400
-4.0532 0.2998 -0.0400
-4.1182 0.2187 -0.0400
-4.2829 0.1884 -0.0400
-1.3091 -3.2672 -0.0400
-1.2377 -3.2893 -0.0400
-1.2192 -3.3271 -0.0400
-1.1031 -3.3296 -0.0400
-1.0667 -3.3584 -0.0400
-1.0432 -3.3914 -0.0400
-1.0270 -3.4271 -0.0400
-1.0210 -3.4673 -0.0400
-1.0136 -3.5073 -0.0400
-0.9749 -3.5325 -0.0400
-0.9476 -3.5625 -0.0400
-0.9382 -3.6016 -0.0400
-0.9416 -3.6481 -0.0400
-2.9717 -4.8587 -0.0400
-2.8788 -4.8975 -0.0400
0.0173 -4.0498 -0.0400
0.0571 -4.0467 -0.0400
0.0900 -4.0529 -0.0400
0.1189 -4.0650 -0.0400
0.1448 -4.0821 -0.0400
0.1595 -4.1193 -0.0400
0.1718 -4.1628 -0.0400
-0.7498 -8.0079 -0.0400
-0.0063 -5.9305 -0.0400
0.0590 -5.9274 -0.0400
3.0368 -7.0504 -0.0400
3.0387 -6.8509 -0.0400
3.0937 -6.7742 -0.0400
3.1694 -6.7418 -0.0400
2.5218 -4.5259 -0.0400
1.5588 -3.2260 -0.0400
1.5652 -3.2102 -0.0400
1.5736 -3.1972 -0.0400
1.5836 -3.1863 -0.0400
1.5952 -3.1771 -0.0400
1.6086 -3.1699 -0.0400
1.6243 -3.1649 -0.0400
1.6655 -3.1849 -0.0400
4.5766 -4.5892 -0.0400
4.6568 -4.5517 -0.0400
3.6330 -2.6802 -0.0400
3.5743 -2.6328 -0.0400
3.5489 -2.5879 -0.0400
3.5459 -2.5439 -0.0400
3.5600 -2.4995 -0.0400
3.6055 -2.4535 -0.0400
5.3512 -2.3101 -0.0400
5.9012 -1.3164 -0.0400
5.8645 -1.2352 -0.0400
5.8884 -1.1370 -0.0400
4.0651 2.5711 -0.0400
2.6054 2.7306 -0.0400
1.4089 -0.0485 -0.0400
1.3616 -0.0683 -0.0400
1.3160 -0.0809 -0.0400
1.2730 -0.0730 -0.0400
1.2319 -0.0399 -0.0400
1.1900 -0.0026 -0.0400
1.0638 -1.3668 -0.0400
1.0426 -1.4081 -0.0400
1.0227 -1.4300 -0.0400
1.0035 -1.4478 -0.0400
0.9845 -1.4557 -0.0400
0.9656 -1.4615 -0.0400
0.9466 -1.4640 -0.0400
0.9274 -1.4644 -0.0400
0.9079 -1.4621 -0.0400
0.8877 -1.4562 -0.0400
0.8665 -1.4449 -0.0400
0.8432 -1.4248 -0.0400
0.8201 -1.4098 -0.0400
-0.4118 0.3377 -0.0400
-0.4333 0.2567 -0.0400
-0.4755 0.2182 -0.0400
-0.5455 0.2297 -0.0400
-0.6437 0.2859 -0.0400
-0.7322 0.3199 -0.0400
-3.9863 0.5069 -0.0400
-3.9972 0.3941 -0.0400
-4.0548 0.3094 -0.0400
-4.1773 0.2595 -0.0400
-4.0041 -0.6859 -0.0400
-3.9704 -0.7973 -0.0400
-4.0331 -0.8743 -0.0400
-1.2984 -3.2106 -0.0400
-1.2589 -3.2430 -0.0400
-1.2323 -3.2784 -0.0400
-1.1477 -3.2936 -0.0400
-1.0804 -3.3122 -0.0400
-1.0583 -3.3459 -0.0400
-1.0423 -3.3816 -0.0400
-1.0350 -3.4209 -0.0400
-1.0355 -3.4640 -0.0400
-0.9860 -3.4847 -0.0400
-0.9668 -3.5186 -0.0400
-0.9547 -3.5560 -0.0400
-0.9516 -3.5984 -0.0400
-2.9717 -4.7534 -0.0400
-2.9200 -4.8159 -0.0400
0.0050 -4.0938 -0.0400
0.0595 -4.0683 -0.0400
0.1026 -4.0580 -0.0400
0.1308 -4.0712 -0.0400
0.1558 -4.0898 -0.0400
0.1778 -4.1144 -0.0400
0.1956 -4.1479 -0.0400
0.2012 -4.2081 -0.0400
-0.6773 -8.0301 -0.0400
0.0356 -5.9362 -0.0400
0.0990 -5.9388 -0.0400
3.0920 -7.0019 -0.0400
3.0934 -6.8079 -0.0400
3.1519 -6.7398 -0.0400
3.2464 -6.7422 -0.0400
2.5216 -4.5387 -0.0400
1.5699 -3.2474 -0.0400
1.5694 -3.2220 -0.0400
1.5743 -3.2040 -0.0400
1.5816 -3.1894 -0.0400
1.5905 -3.1770 -0.0400
1.6031 -3.1686 -0.0400
1.6177 -3.1622 -0.0400
1.6354 -3.1587 -0.0400
1.6589 -3.1603 -0.0400
4.5847 -4.6001 -0.0400
4.6059 -4.5295 -0.0400
4.6698 -4.4823 -0.0400
3.6687 -2.6784 -0.0400
3.6298 -2.6307 -0.0400
3.5664 -2.5840 -0.0400
3.5454 -2.5395 -0.0400
3.5483 -2.4952 -0.0400
3.5773 -2.4499 -0.0400
5.2887 -2.3122 -0.0400
5.3625 -2.2319 -0.0400
5.8666 -1.2328 -0.0400
5.8341 -1.1507 -0.0400
5.8657 -1.0492 -0.0400
3.9670 2.6136 -0.0400
2.5165 2.7777 -0.0400
1.3566 -0.0535 -0.0400
1.3107 -0.0673 -0.0400
1.2661 -0.0755 -0.0400
1.2241 -0.0562 -0.0400
1.1818 -0.0334 -0.0400
1.1420 0.0599 -0.0400
1.0554 -1.3573 -0.0400
1.0341 -1.4074 -0.0400
1.0142 -1.4207 -0.0400
0.9950 -1.4383 -0.0400
0.9761 -1.4499 -0.0400
0.9574 -1.4577 -0.0400
0.9386 -1.4622 -0.0400
0.9197 -1.4637 -0.0400
0.9005 -1.4627 -0.0400
0.8808 -1.4589 -0.0400
0.8604 -1.4520 -0.0400
0.8389 -1.4401 -0.0400
0.8150 -1.4186 -0.0400
-0.4490 0.2894 -0.0400
-0.4796 0.2286 -0.0400
-0.5274 0.2010 -0.0400
-0.5949 0.2070 -0.0400
-0.6921 0.2590 -0.0400
-0.7746 0.2816 -0.0400
-4.0755 0.4569 -0.0400
-4.0433 0.3198 -0.0400
-4.1392 0.2559 -0.0400
-3.9717 -0.7799 -0.0400
-3.9994 -0.8684 -0.0400
-4.0720 -0.9427 -0.0400
-1.3061 -3.2394 -0.0400
-1.2455 -3.2648 -0.0400
-1.2260 -3.3021 -0.0400
-1.1256 -3.3104 -0.0400
-1.0864 -3.3382 -0.0400
-1.0496 -3.3660 -0.0400
-1.0308 -3.4004 -0.0400
-1.0270 -3.4412 -0.0400
-1.0262 -3.4839 -0.0400
-0.9785 -3.5047 -0.0400
-0.9577 -3.5378 -0.0400
-0.9436 -3.5741 -0.0400
-0.9626 -3.6288 -0.0400
-2.9491 -4.8065 -0.0400
-2.8890 -4.8638 -0.0400
-2.8768 -4.9497 -0.0400
0.0643 -4.0440 -0.0400
0.0953 -4.0530 -0.0400
0.1226 -4.0676 -0.0400
0.1401 -4.0997 -0.0400
0.1552 -4.1379 -0.0400
-0.0355 -5.9224 -0.0400
0.0295 -5.9210 -0.0400
3.1743 -6.8012 -0.0400
2.4938 -4.5823 -0.0400
2.5060 -4.5251 -0.0400
1.5540 -3.2312 -0.0400
1.5611 -3.2156 -0.0400
1.5700 -3.2026 -0.0400
1.5805 -3.1916 -0.0400
1.5926 -3.1824 -0.0400
1.6065 -3.1751 -0.0400
1.6317 -3.1794 -0.0400
4.5372 -4.6593 -0.0400
4.5880 -4.6056 -0.0400
3.6413 -2.7216 -0.0400
3.6160 -2.6742 -0.0400
3.5557 -2.6265 -0.0400
3.5487 -2.5819 -0.0400
3.5547 -2.5376 -0.0400
3.5955 -2.4924 -0.0400
5.3069 -2.3861 -0.0400
5.9554 -1.3919 -0.0400
5.8910 -1.3166 -0.0400
5.8610 -1.2336 -0.0400
4.1420 2.5035 -0.0400
1.4463 -0.0288 -0.0400
1.3958 -0.0639 -0.0400
1.3488 -0.0843 -0.0400
1.3057 -0.0798 -0.0400
1.2647 -0.0541 -0.0400
1.2236 -0.0207 -0.0400
1.0695 -1.4008 -0.0400
1.0491 -1.4176 -0.0400
1.0291 -1.4390 -0.0400
1.0099 -1.4515 -0.0400
0.9911 -1.4595 -0.0400
0.9723 -1.4626 -0.0400
0.9535 -1.4648 -0.0400
0.9346 -1.4649 -0.0400
0.9155 -1.4622 -0.0400
0.8958 -1.4568 -0.0400
0.8746 -1.4413 -0.0400
0.8526 -1.4249 -0.0400
0.8276 -1.3938 -0.0400
-0.3865 0.2894 -0.0400
-0.4256 0.2448 -0.0400
-0.4796 0.2294 -0.0400
-0.5546 0.2504 -0.0400
-0.6424 0.2893 -0.0400
-3.9543 0.5118 -0.0400
-3.9826 0.4100 -0.0400
-4.0577 0.3358 -0.0400
-3.9719 -0.5728 -0.0400
-3.9355 -0.6866 -0.0400
-3.9625 -0.7752 -0.0400
-4.0375 -0.8475 -0.0400
-1.1499 -3.2677 -0.0400
-1.0904 -3.2890 -0.0400
-1.0668 -3.3219 -0.0400
-1.0466 -3.3558 -0.0400
-1.0367 -3.3937 -0.0400
-1.0421 -3.4385 -0.0400
-1.0051 -3.4648 -0.0400
-0.9764 -3.4942 -0.0400
-0.9627 -3.5305 -0.0400
-0.9790 -3.5828 -0.0400
-2.9898 -4.7248 -0.0400
-2.9322 -4.7839 -0.0400
-1.9340 -5.7776 -0.0400
0.1577 -4.0957 -0.0400
0.1778 -4.1247 -0.0400
0.1917 -4.1672 -0.0400
-0.8134 -8.0016 -0.0400
0.0012 -5.9441 -0.0400
0.0695 -5.9308 -0.0400
2.5246 -4.5657 -0.0400
1.5605 -3.2492 -0.0400
1.5627 -3.2266 -0.0400
1.5688 -3.2095 -0.0400
1.5769 -3.1953 -0.0400
1.5867 -3.1832 -0.0400
1.5998 -3.1748 -0.0400
1.6149 -3.1684 -0.0400
1.6332 -3.1649 -0.0400
1.6578 -3.1670 -0.0400
4.5739 -4.6055 -0.0400
4.6072 -4.5413 -0.0400
3.6377 -2.6730 -0.0400
3.6010 -2.6254 -0.0400
3.5512 -2.5790 -0.0400
3.5508 -2.5344 -0.0400
3.5626 -2.4897 -0.0400
5.2918 -2.3866 -0.0400
5.3466 -2.3086 -0.0400
5.8975 -1.3142 -0.0400
5.8507 -1.2354 -0.0400
5.8577 -1.1421 -0.0400
4.0560 2.5665 -0.0400
2.6009 2.7349 -0.0400
1.3893 -0.0551 -0.0400
1.3428 -0.0711 -0.0400
1.2984 -0.0770 -0.0400
1.2560 -0.0662 -0.0400
1.2143 -0.0444 -0.0400
1.1772 0.0544 -0.0400
1.0619 -1.3573 -0.0400
1.0395 -1.4152 -0.0400
1.0197 -1.4288 -0.0400
1.0005 -1.4458 -0.0400
0.9817 -1.4565 -0.0400
0.9630 -1.4603 -0.0400
0.9444 -1.4637 -0.0400
0.9257 -1.4639 -0.0400
0.9066 -1.4609 -0.0400
0.8875 -1.4590 -0.0400
0.8675 -1.4509 -0.0400
0.8463 -1.4377 -0.0400
0.8233 -1.4164 -0.0400
0.7920 -1.3541 -0.0400
-0.4285 0.2498 -0.0400
-0.4727 0.2164 -0.0400
-0.5239 0.1962 -0.0400
-0.6342 0.2767 -0.0400
-0.7002 0.2757 -0.0400
-3.9823 0.4247 -0.0400
-4.0373 0.3393 -0.0400
-4.1624 0.2920 -0.0400
-3.9710 -0.7568 -0.0400
-3.9882 -0.8485 -0.0400
-1.0379 -3.3763 -0.0400
-1.0311 -3.4155 -0.0400
-1.0289 -3.4572 -0.0400
-0.9929 -3.4833 -0.0400
-0.9686 -3.5145 -0.0400
-0.9547 -3.5507 -0.0400
-0.9482 -3.5911 -0.0400
-2.9543 -4.7711 -0.0400
-2.9038 -4.8337 -0.0400
-1.7970 -5.8177 -0.0400
-1.7427 -5.8706 -0.0400
-1.7128 -5.9547 -0.0400
-0.7552 -8.0681 -0.0400
-0.6461 -8.0577 -0.0400
0.0486 -5.9284 -0.0400
0.1059 -5.9537 -0.0400
2.5240 -4.5087 -0.0400
1.5703 -3.2468 -0.0400
1.5707 -3.2218 -0.0400
1.5759 -3.2035 -0.0400
1.5811 -3.1858 -0.0400
1.5920 -3.1748 -0.0400
1.6045 -3.1653 -0.0400
1.6186 -3.1576 -0.0400
1.6454 -3.1618 -0.0400
4.5821 -4.6195 -0.0400
4.5979 -4.5449 -0.0400
4.6600 -4.4962 -0.0400
3.6081 -2.6239 -0.0400
3.5661 -2.5772 -0.0400
3.5498 -2.5321 -0.0400
3.5507 -2.4873 -0.0400
3.5656 -2.4420 -0.0400
5.2914 -2.3120 -0.0400
5.8680 -1.2305 -0.0400
5.8215 -1.1520 -0.0400
5.8580 -1.0491 -0.0400
3.9751 2.6391 -0.0400
2.5063 2.7643 -0.0400
1.3848 -0.0315 -0.0400
1.3361 -0.0609 -0.0400
1.2911 -0.0699 -0.0400
1.2475 -0.0710 -0.0400
1.2064 -0.0461 -0.0400
1.1654 -0.0080 -0.0400
1.0507 -1.3778 -0.0400
1.0297 -1.4042 -0.0400
1.0098 -1.4217 -0.0400
0.9905 -1.4429 -0.0400
0.9717 -1.4498 -0.0400
0.9532 -1.4592 -0.0400
0.9347 -1.4620 -0.0400
0.9162 -1.4638 -0.0400
0.8974 -1.4618 -0.0400
0.8784 -1.4601 -0.0400
0.8585 -1.4520 -0.0400
0.8375 -1.4382 -0.0400
0.8143 -1.4145 -0.0400
0.7910 -1.3958 -0.0400
-0.4783 0.2248 -0.0400
-0.5241 0.1951 -0.0400
-0.5816 0.1855 -0.0400
-0.6929 0.2636 -0.0400
-0.7754 0.2879 -0.0400
-4.0420 0.3559 -0.0400
-4.0755 0.2586 -0.0400
-4.1593 0.1883 -0.0400
-3.9838 -0.7378 -0.0400
-3.9853 -0.8350 -0.0400
-4.0358 -0.9154 -0.0400
-0.9869 -3.5051 -0.0400
-0.9580 -3.5336 -0.0400
-0.9412 -3.5683 -0.0400
-0.9433 -3.6136 -0.0400
-0.9525 -3.6640 -0.0400
-2.8784 -4.8857 -0.0400
-1.8566 -5.8524 -0.0400
-1.7629 -5.8593 -0.0400
-1.6971 -5.8982 -0.0400
-1.6510 -5.9621 -0.0400
-0.8469 -7.9810 -0.0400
-0.0277 -5.9309 -0.0400
0.0388 -5.9244 -0.0400
2.4853 -4.5395 -0.0400
1.5601 -3.2663 -0.0400
1.5597 -3.2394 -0.0400
1.5606 -3.2152 -0.0400
1.5701 -3.2020 -0.0400
1.5810 -3.1906 -0.0400
1.5931 -3.1807 -0.0400
1.6114 -3.1771 -0.0400
1.6308 -3.1741 -0.0400
1.6583 -3.1785 -0.0400
4.5898 -4.7147 -0.0400
4.5664 -4.6154 -0.0400
3.6885 -2.7215 -0.0400
3.6293 -2.6706 -0.0400
3.5567 -2.6214 -0.0400
3.5505 -2.5762 -0.0400
3.5695 -2.5314 -0.0400
3.6074 -2.4857 -0.0400
5.2999 -2.3878 -0.0400
6.1509 -1.3477 -0.0400
5.8829 -1.3181 -0.0400
5.8550 -1.2342 -0.0400
5.8980 -1.1304 -0.0400
2.5979 2.7396 -0.0400
1.4211 -0.0553 -0.0400
1.3737 -0.0747 -0.0400
1.3292 -0.0797 -0.0400
1.2877 -0.0641 -0.0400
1.2473 -0.0342 -0.0400
1.2091 0.0314 -0.0400
1.0650 -1.3836 -0.0400
1.0427 -1.4285 -0.0400
1.0232 -1.4396 -0.0400
1.0040 -1.4544 -0.0400
0.9853 -1.4592 -0.0400
0.9668 -1.4626 -0.0400
0.9484 -1.4647 -0.0400
0.9298 -1.4645 -0.0400
0.9110 -1.4597 -0.0400
0.8920 -1.4565 -0.0400
0.8718 -1.4436 -0.0400
0.8501 -1.4217 -0.0400
0.8282 -1.4057 -0.0400
-0.4002 0.3113 -0.0400
-0.4263 0.2410 -0.0400
-0.4762 0.2192 -0.0400
-0.5342 0.2117 -0.0400
-0.6411 0.2872 -0.0400
-3.9555 0.5475 -0.0400
-3.9691 0.4371 -0.0400
-4.0319 0.3567 -0.0400
-3.9784 -0.6342 -0.0400
-3.9523 -0.7423 -0.0400
-3.9876 -0.8273 -0.0400
-0.9579 -3.5679 -0.0400
-2.9620 -4.7385 -0.0400
-2.9168 -4.8039 -0.0400
-1.8225 -5.7951 -0.0400
-1.7684 -5.8482 -0.0400
-1.7369 -5.9298 -0.0400
0.0088 -4.0480 -0.0400
-0.9704 -7.9890 -0.0400
-0.0908 -5.8889 -0.0400
-0.0358 -5.9209 -0.0400
1.5483 -3.2314 -0.0400
1.5581 -3.2181 -0.0400
1.5692 -3.2066 -0.0400
1.5832 -3.1985 -0.0400
1.5988 -3.1920 -0.0400
1.6173 -3.1880 -0.0400
1.6408 -3.1888 -0.0400
4.5026 -4.7527 -0.0400
4.5285 -4.6829 -0.0400
4.6054 -4.6436 -0.0400
3.6642 -2.7670 -0.0400
3.6218 -2.7165 -0.0400
3.5542 -2.6661 -0.0400
3.5543 -2.6209 -0.0400
3.5654 -2.5761 -0.0400
5.3053 -2.5401 -0.0400
5.3208 -2.4642 -0.0400
6.1853 -1.4362 -0.0400
5.9065 -1.4037 -0.0400
5.8917 -1.3164 -0.0400
4.2240 2.4521 -0.0400
2.7842 2.6940 -0.0400
1.4583 -0.0708 -0.0400
1.4113 -0.0855 -0.0400
1.3677 -0.0847 -0.0400
1.3271 -0.0639 -0.0400
1.2886 -0.0218 -0.0400
1.0999 -1.3807 -0.0400
1.0752 -1.4320 -0.0400
1.0553 -1.4433 -0.0400
1.0360 -1.4514 -0.0400
1.0171 -1.4575 -0.0400
0.9984 -1.4651 -0.0400
0.9800 -1.4661 -0.0400
0.9616 -1.4648 -0.0400
0.9431 -1.4622 -0.0400
0.9244 -1.4586 -0.0400
0.9049 -1.4453 -0.0400
0.8852 -1.4363 -0.0400
0.8628 -1.4049 -0.0400
0.8388 -1.3697 -0.0400
-0.3345 0.2977 -0.0400
-0.3747 0.2563 -0.0400
-0.4316 0.2489 -0.0400
-0.4947 0.2518 -0.0400
-0.5961 0.3214 -0.0400
-3.9384 0.6637 -0.0400
-3.9175 0.5299 -0.0400
-4.0108 0.4681 -0.0400
-3.8933 -0.5618 -0.0400
-3.9116 -0.6532 -0.0400
-3.9836 -0.7246 -0.0400
-1.9724 -5.7184 -0.0400
-1.8902 -5.7407 -0.0400
-1.8300 -5.7865 -0.0400
-1.7885 -5.8547 -0.0400
-0.0498 -4.0627 -0.0400
0.0167 -4.0192 -0.0400
0.0487 -4.0268 -0.0400
0.0768 -4.0401 -0.0400
-0.1143 -5.9099 -0.0400
-0.0462 -5.9000 -0.0400
1.5792 -3.2027 -0.0400
1.5947 -3.1957 -0.0400
1.6125 -3.1910 -0.0400
4.5159 -4.7704 -0.0400
4.5394 -4.6985 -0.0400
3.6606 -2.7673 -0.0400
3.5664 -2.7126 -0.0400
3.5543 -2.6662 -0.0400
3.5569 -2.6210 -0.0400
3.5737 -2.5760 -0.0400
5.3106 -2.5423 -0.0400
5.3479 -2.4659 -0.0400
5.9877 -1.4786 -0.0400
5.9066 -1.4049 -0.0400
5.9339 -1.3072 -0.0400
1.4470 -0.0933 -0.0400
1.4029 -0.0947 -0.0400
1.3613 -0.0827 -0.0400
1.3212 -0.0588 -0.0400
1.2843 -0.0045 -0.0400
1.0862 -1.4283 -0.0400
1.0658 -1.4422 -0.0400
1.0463 -1.4510 -0.0400
1.0273 -1.4576 -0.0400
1.0085 -1.4658 -0.0400
0.9901 -1.4666 -0.0400
0.9718 -1.4663 -0.0400
0.9535 -1.4650 -0.0400
0.9349 -1.4571 -0.0400
0.9160 -1.4509 -0.0400
0.8960 -1.4302 -0.0400
0.8756 -1.4146 -0.0400
0.8537 -1.3900 -0.0400
-0.3049 0.3591 -0.0400
-0.3319 0.2868 -0.0400
-0.3762 0.2542 -0.0400
-0.4336 0.2483 -0.0400
-0.5331 0.3203 -0.0400
-0.6137 0.3500 -0.0400
-3.8706 0.6282 -0.0400
-3.9036 0.5298 -0.0400
-3.9802 0.4585 -0.0400
-3.9160 -0.5437 -0.0400
-3.9080 -0.6455 -0.0400
-4.3096 -2.8002 -0.0400
-1.9943 -5.7176 -0.0400
-1.9060 -5.7333 -0.0400
-1.8517 -5.7860 -0.0400
-1.8311 -5.8796 -0.0400
-0.0492 -4.0377 -0.0400
-0.0024 -4.0242 -0.0400
0.0335 -4.0260 -0.0400
0.0645 -4.0348 -0.0400
0.0894 -4.0537 -0.0400
0.1099 -4.0809 -0.0400
0.1250 -4.1194 -0.0400
4.4866 -4.7617 -0.0400
4.5248 -4.6992 -0.0400
3.6644 -2.8167 -0.0400
3.6148 -2.7641 -0.0400
3.5678 -2.7135 -0.0400
3.5554 -2.6669 -0.0400
3.5593 -2.6215 -0.0400
3.6411 -2.5781 -0.0400
5.3156 -2.5451 -0.0400
5.3741 -2.4683 -0.0400
5.9822 -1.4817 -0.0400
5.9125 -1.4053 -0.0400
5.9819 -1.2972 -0.0400
4.3179 2.4109 -0.0400
2.7742 2.6799 -0.0400
1.4875 -0.0778 -0.0400
1.4403 -0.0919 -0.0400
1.3962 -0.0933 -0.0400
1.3547 -0.0812 -0.0400
1.1215 -1.3894 -0.0400
1.0977 -1.4198 -0.0400
1.0764 -1.4377 -0.0400
1.0565 -1.4485 -0.0400
1.0372 -1.4562 -0.0400
1.0182 -1.4661 -0.0400
0.9998 -1.4671 -0.0400
0.9816 -1.4669 -0.0400
0.9634 -1.4655 -0.0400
0.9450 -1.4573 -0.0400
0.9264 -1.4505 -0.0400
0.9074 -1.4415 -0.0400
0.8878 -1.4292 -0.0400
0.8647 -1.3801 -0.0400
-0.3019 0.3453 -0.0400
-0.3295 0.2749 -0.0400
-0.3799 0.2558 -0.0400
-0.4432 0.2618 -0.0400
-0.5383 0.3255 -0.0400
-0.6291 0.3741 -0.0400
-3.8786 0.6412 -0.0400
-3.9108 0.5422 -0.0400
-4.0515 0.5095 -0.0400
-3.8794 -0.5501 -0.0400
-3.9060 -0.6378 -0.0400
-3.9925 -0.7033 -0.0400
-4.3093 -2.7878 -0.0400
-4.1667 -2.8703 -0.0400
-4.1313 -2.9575 -0.0400
-2.0082 -5.7082 -0.0400
-1.9102 -5.7132 -0.0400
-1.8608 -5.7712 -0.0400
-1.8320 -5.8545 -0.0400
-0.0100 -4.0117 -0.0400
0.0240 -4.0162 -0.0400
0.0538 -4.0270 -0.0400
0.0803 -4.0429 -0.0400
0.1039 -4.0643 -0.0400
0.1239 -4.0929 -0.0400
4.4873 -4.7728 -0.0400
4.5516 -4.7260 -0.0400
3.7021 -2.8230 -0.0400
3.6268 -2.7669 -0.0400
3.5729 -2.7154 -0.0400
3.5576 -2.6682 -0.0400
3.5774 -2.6233 -0.0400
5.3138 -2.6248 -0.0400
5.3179 -2.5484 -0.0400
5.3827 -2.4714 -0.0400
6.0243 -1.5678 -0.0400
5.9434 -1.4921 -0.0400
5.9172 -1.4065 -0.0400
4.3152 2.4093 -0.0400
2.8636 2.6513 -0.0400
1.4759 -0.0984 -0.0400
1.4316 -0.1000 -0.0400
1.3903 -0.0874 -0.0400
1.3510 -0.0611 -0.0400
1.1105 -1.4034 -0.0400
1.0877 -1.4283 -0.0400
1.0669 -1.4434 -0.0400
1.0465 -1.4610 -0.0400
1.0277 -1.4653 -0.0400
1.0093 -1.4673 -0.0400
0.9911 -1.4675 -0.0400
0.9729 -1.4664 -0.0400
0.9548 -1.4591 -0.0400
0.9364 -1.4523 -0.0400
0.9177 -1.4432 -0.0400
0.8985 -1.4308 -0.0400
0.8765 -1.3825 -0.0400
-0.2946 0.3206 -0.0400
-0.3326 0.2739 -0.0400
-0.3836 0.2565 -0.0400
-0.4492 0.2674 -0.0400
-0.5527 0.3472 -0.0400
-3.8265 0.7349 -0.0400
-3.8436 0.6254 -0.0400
-3.9013 0.5434 -0.0400
-4.0105 0.4922 -0.0400
-3.8655 -0.5480 -0.0400
-3.9226 -0.6235 -0.0400
-4.2251 -2.7716 -0.0400
-4.1574 -2.8579 -0.0400
-4.1355 -2.9459 -0.0400
-2.0122 -5.6886 -0.0400
-1.9218 -5.7018 -0.0400
-1.8728 -5.7600 -0.0400
-1.8422 -5.8409 -0.0400
-0.0796 -4.0359 -0.0400
-0.0284 -4.0161 -0.0400
0.0089 -4.0158 -0.0400
0.0409 -4.0229 -0.0400
0.0684 -4.0372 -0.0400
0.0909 -4.0604 -0.0400
0.1094 -4.0919 -0.0400
0.1196 -4.1413 -0.0400
4.4727 -4.7747 -0.0400
4.5360 -4.7274 -0.0400
3.6334 -2.8175 -0.0400
3.5798 -2.7645 -0.0400
3.5573 -2.7161 -0.0400
3.5578 -2.6700 -0.0400
3.5743 -2.6248 -0.0400
3.6268 -2.5801 -0.0400
5.3738 -2.5529 -0.0400
5.9412 -1.4954 -0.0400
5.9331 -1.4057 -0.0400
4.3065 2.3986 -0.0400
2.8677 2.6691 -0.0400
1.5184 -0.0763 -0.0400
1.4695 -0.0954 -0.0400
1.4249 -0.0980 -0.0400
1.3834 -0.0866 -0.0400
1.1192 -1.4156 -0.0400
1.0965 -1.4369 -0.0400
1.0759 -1.4492 -0.0400
1.0563 -1.4576 -0.0400
1.0372 -1.4632 -0.0400
1.0186 -1.4667 -0.0400
1.0004 -1.4677 -0.0400
0.9823 -1.4659 -0.0400
0.9642 -1.4615 -0.0400
0.9460 -1.4554 -0.0400
0.9276 -1.4470 -0.0400
0.9088 -1.4356 -0.0400
0.8882 -1.3938 -0.0400
-0.2623 0.3736 -0.0400
-0.2896 0.3000 -0.0400
-0.3369 0.2746 -0.0400
-0.3903 0.2623 -0.0400
-0.4875 0.3362 -0.0400
-0.5570 0.3490 -0.0400
-3.8204 0.7370 -0.0400
-3.8397 0.6292 -0.0400
-3.8962 0.5467 -0.0400
-3.8840 -0.4342 -0.0400
-3.8654 -0.5410 -0.0400
-3.9038 -0.6235 -0.0400
-4.0209 -0.6773 -0.0400
-4.3146 -2.6728 -0.0400
-4.2277 -2.7606 -0.0400
-4.1617 -2.8469 -0.0400
-4.1367 -2.9345 -0.0400
-2.0105 -5.6632 -0.0400
-1.9367 -5.6944 -0.0400
-1.8878 -5.7527 -0.0400
-1.8609 -5.8379 -0.0400
-0.0479 -4.0224 -0.0400
0.0010 -4.0039 -0.0400
0.0312 -4.0139 -0.0400
0.0584 -4.0285 -0.0400
0.0828 -4.0480 -0.0400
0.1045 -4.0732 -0.0400
-1.0310 -7.9279 -0.0400
2.8327 -7.1956 -0.0400
2.8145 -6.9268 -0.0400
4.4386 -4.8527 -0.0400
4.4672 -4.7831 -0.0400
4.5280 -4.7341 -0.0400
3.6571 -2.8234 -0.0400
3.6006 -2.7693 -0.0400
3.5548 -2.7184 -0.0400
3.5670 -2.6729 -0.0400
3.6031 -2.6283 -0.0400
5.3149 -2.6334 -0.0400
5.3543 -2.5571 -0.0400
5.9456 -1.4979 -0.0400
5.9549 -1.4043 -0.0400
2.8618 2.6597 -0.0400
1.5556 -0.0789 -0.0400
1.5053 -0.1010 -0.0400
1.4603 -0.1045 -0.0400
1.4186 -0.0940 -0.0400
1.1353 -1.3846 -0.0400
1.1089 -1.4220 -0.0400
1.0867 -1.4411 -0.0400
1.0664 -1.4519 -0.0400
1.0461 -1.4663 -0.0400
1.0276 -1.4687 -0.0400
1.0094 -1.4689 -0.0400
0.9913 -1.4676 -0.0400
0.9734 -1.4644 -0.0400
0.9553 -1.4594 -0.0400
0.9372 -1.4521 -0.0400
0.9186 -1.4279 -0.0400
0.8993 -1.4076 -0.0400
0.8784 -1.3683 -0.0400
-0.2544 0.3441 -0.0400
-0.2907 0.2924 -0.0400
-0.3404 0.2730 -0.0400
-0.4056 0.2856 -0.0400
-0.5012 0.3557 -0.0400
-2.8926 2.1143 -0.0400
-3.8051 0.7323 -0.0400
-3.8340 0.6313 -0.0400
-3.9463 0.5842 -0.0400
-3.8342 -0.4493 -0.0400
-3.8608 -0.5364 -0.0400
-3.9377 -0.6037 -0.0400
-4.3170 -2.6624 -0.0400
-4.2354 -2.7504 -0.0400
-4.1872 -2.8378 -0.0400
-1.3486 -3.1021 -0.0400
-2.0332 -5.6645 -0.0400
-1.9448 -5.6798 -0.0400
-1.8919 -5.7332 -0.0400
-1.8981 -5.8571 -0.0400
-0.0480 -3.9992 -0.0400
-0.0122 -4.0011 -0.0400
0.0191 -4.0091 -0.0400
0.0475 -4.0217 -0.0400
0.0696 -4.0452 -0.0400
0.0894 -4.0738 -0.0400
0.1036 -4.1146 -0.0400
-1.0471 -7.9157 -0.0400
-0.1678 -5.8666 -0.0400
-0.1116 -5.8949 -0.0400
2.7893 -7.1330 -0.0400
2.8047 -6.9453 -0.0400
2.8689 -6.8816 -0.0400
2.9537 -6.8648 -0.0400
4.4270 -4.8579 -0.0400
4.4618 -4.7922 -0.0400
4.5275 -4.7461 -0.0400
3.6263 -2.8233 -0.0400
3.5713 -2.7697 -0.0400
3.5568 -2.7216 -0.0400
3.5628 -2.6756 -0.0400
3.5888 -2.6304 -0.0400
5.3327 -2.6392 -0.0400
5.9727 -1.5882 -0.0400
5.9524 -1.5006 -0.0400
5.9770 -1.4034 -0.0400
4.3912 2.3408 -0.0400
4.3111 2.4083 -0.0400
2.8565 2.6520 -0.0400
1.5502 -0.0722 -0.0400
1.4990 -0.0972 -0.0400
1.4536 -0.1022 -0.0400
1.1429 -1.4017 -0.0400
1.1176 -1.4306 -0.0400
1.0955 -1.4469 -0.0400
1.0752 -1.4563 -0.0400
1.0557 -1.4629 -0.0400
1.0368 -1.4673 -0.0400
1.0184 -1.4688 -0.0400
1.0003 -1.4684 -0.0400
0.9825 -1.4636 -0.0400
0.9646 -1.4575 -0.0400
0.9466 -1.4489 -0.0400
0.9283 -1.4372 -0.0400
0.9096 -1.4208 -0.0400
0.8901 -1.3958 -0.0400
-0.2557 0.3357 -0.0400
-0.2948 0.2908 -0.0400
-0.3465 0.2760 -0.0400
-0.4445 0.3576 -0.0400
-0.5189 0.3826 -0.0400
-2.8930 2.1178 -0.0400
-3.7863 0.7244 -0.0400
-3.8292 0.6331 -0.0400
-3.9761 0.6086 -0.0400
-3.8374 -0.4422 -0.0400
-3.8554 -0.5328 -0.0400
-3.9172 -0.6056 -0.0400
-4.2630 -2.6508 -0.0400
-4.2246 -2.7398 -0.0400
-4.1416 -2.8247 -0.0400
-1.3401 -3.0916 -0.0400
-1.2773 -3.1164 -0.0400
-1.2621 -3.1535 -0.0400
-1.1937 -3.1735 -0.0400
-1.9562 -5.6694 -0.0400
-1.9128 -5.7334 -0.0400
-1.8846 -5.8167 -0.0400
-0.0612 -3.9965 -0.0400
-0.0246 -3.9972 -0.0400
0.0074 -4.0041 -0.0400
0.0365 -4.0153 -0.0400
0.0606 -4.0351 -0.0400
0.0822 -4.0600 -0.0400
0.1000 -4.0933 -0.0400
-1.1761 -7.9164 -0.0400
-1.0693 -7.9204 -0.0400
-0.1908 -5.8858 -0.0400
-0.1225 -5.8760 -0.0400
2.7897 -7.1793 -0.0400
2.7805 -6.9308 -0.0400
2.8552 -6.8912 -0.0400
2.9596 -6.9165 -0.0400
3.5852 -2.8225 -0.0400
3.5582 -2.7723 -0.0400
3.5571 -2.7254 -0.0400
3.5744 -2.6799 -0.0400
3.6341 -2.6361 -0.0400
5.3215 -2.6446 -0.0400
5.4208 -2.5688 -0.0400
5.9784 -1.5919 -0.0400
5.9567 -1.5043 -0.0400
5.9852 -1.4060 -0.0400
4.3877 2.3366 -0.0400
1.5866 -0.0797 -0.0400
1.5345 -0.1051 -0.0400
1.4888 -0.1098 -0.0400
1.4467 -0.1011 -0.0400
1.1318 -1.4112 -0.0400
1.1074 -1.4358 -0.0400
1.0859 -1.4493 -0.0400
1.0645 -1.4665 -0.0400
1.0456 -1.4697 -0.0400
1.0273 -1.4702 -0.0400
1.0092 -1.4692 -0.0400
0.9913 -1.4666 -0.0400
0.9735 -1.4617 -0.0400
0.9556 -1.4549 -0.0400
0.9376 -1.4454 -0.0400
0.9195 -1.4141 -0.0400
0.9004 -1.3831 -0.0400
-0.2116 0.3569 -0.0400
-0.2526 0.3156 -0.0400
-0.2992 0.2892 -0.0400
-0.3623 0.2997 -0.0400
-0.4503 0.3596 -0.0400
-0.5406 0.4169 -0.0400
-2.8194 2.1960 -0.0400
-3.8326 0.8842 -0.0400
-3.7718 0.7188 -0.0400
-3.8310 0.6388 -0.0400
-3.9201 0.5777 -0.0400
-3.8360 -0.4376 -0.0400
-3.8740 -0.5199 -0.0400
-4.3151 -2.6429 -0.0400
-4.2265 -2.7304 -0.0400
-4.1501 -2.8157 -0.0400
-1.3036 -3.0745 -0.0400
-1.2783 -3.1089 -0.0400
-1.2637 -3.1460 -0.0400
-1.1888 -3.1638 -0.0400
-1.1198 -3.1811 -0.0400
-1.0978 -3.2130 -0.0400
-1.0804 -3.2463 -0.0400
-0.0903 -4.0186 -0.0400
-0.0354 -3.9912 -0.0400
-0.0035 -3.9982 -0.0400
0.0262 -4.0083 -0.0400
0.0509 -4.0268 -0.0400
0.0735 -4.0497 -0.0400
0.0785 -4.1073 -0.0400
-1.0806 -7.8959 -0.0400
-0.1983 -5.8579 -0.0400
-0.1405 -5.8806 -0.0400
2.7684 -7.1725 -0.0400
2.7818 -6.9771 -0.0400
2.8418 -6.9024 -0.0400
2.9316 -6.8958 -0.0400
3.6785 -2.8883 -0.0400
3.6218 -2.8317 -0.0400
3.5684 -2.7778 -0.0400
3.5577 -2.7297 -0.0400
3.5958 -2.6855 -0.0400
5.3150 -2.7282 -0.0400
5.3498 -2.6519 -0.0400
5.9999 -1.5934 -0.0400
5.9987 -1.5012 -0.0400
4.3895 2.3392 -0.0400
2.9427 2.6187 -0.0400
1.5794 -0.0806 -0.0400
1.5278 -0.1041 -0.0400
1.4822 -0.1083 -0.0400
1.1395 -1.4247 -0.0400
1.1157 -1.4445 -0.0400
1.0945 -1.4554 -0.0400
1.0745 -1.4625 -0.0400
1.0551 -1.4672 -0.0400
1.0364 -1.4695 -0.0400
1.0182 -1.4697 -0.0400
1.0003 -1.4667 -0.0400
0.9825 -1.4611 -0.0400
0.9648 -1.4533 -0.0400
0.9470 -1.4428 -0.0400
0.9290 -1.4282 -0.0400
0.9106 -1.4075 -0.0400
0.8913 -1.3688 -0.0400
-0.2229 0.3719 -0.0400
-0.2551 0.3085 -0.0400
-0.3064 0.2935 -0.0400
-0.4042 0.3806 -0.0400
-0.4653 0.3805 -0.0400
-0.5554 0.4371 -0.0400
-2.8089 2.1845 -0.0400
-2.9060 2.1381 -0.0400
-3.8059 0.8690 -0.0400
-3.7692 0.7207 -0.0400
-3.8518 0.6565 -0.0400
-3.8862 -0.3108 -0.0400
-3.8143 -0.4426 -0.0400
-3.8727 -0.5157 -0.0400
-4.3218 -2.5429 -0.0400
-4.2424 -2.6321 -0.0400
-4.2013 -2.7204 -0.0400
-4.1434 -2.8063 -0.0400
-1.3751 -3.0438 -0.0400
-1.3081 -3.0686 -0.0400
-1.2805 -3.1023 -0.0400
-1.2650 -3.1390 -0.0400
-1.1542 -3.1453 -0.0400
-1.1211 -3.1739 -0.0400
-1.0995 -3.2057 -0.0400
-1.0823 -3.2389 -0.0400
-1.0784 -3.2771 -0.0400
-1.0810 -3.3184 -0.0400
-1.0548 -3.3479 -0.0400
-0.0938 -4.0019 -0.0400
-0.0528 -3.9962 -0.0400
-0.0133 -3.9910 -0.0400
0.0155 -4.0025 -0.0400
0.0407 -4.0199 -0.0400
0.0635 -4.0419 -0.0400
0.0718 -4.0929 -0.0400
-0.2191 -5.8708 -0.0400
-0.1525 -5.8661 -0.0400
2.7527 -7.1805 -0.0400
2.7662 -6.9843 -0.0400
2.8292 -6.9160 -0.0400
2.9229 -6.9173 -0.0400
2.3693 -4.6335 -0.0400
3.6309 -2.8871 -0.0400
3.5777 -2.8316 -0.0400
3.5566 -2.7816 -0.0400
3.5592 -2.7346 -0.0400
3.5802 -2.6890 -0.0400
5.3211 -2.7356 -0.0400
5.3264 -2.6580 -0.0400
6.0461 -1.6840 -0.0400
5.9777 -1.6032 -0.0400
5.9859 -1.5094 -0.0400
4.4862 2.2937 -0.0400
3.0367 2.5976 -0.0400
2.9481 2.6366 -0.0400
1.5708 -0.0871 -0.0400
1.5171 -0.1182 -0.0400
1.1546 -1.4072 -0.0400
1.1282 -1.4344 -0.0400
1.1056 -1.4493 -0.0400
1.0849 -1.4581 -0.0400
1.0638 -1.4711 -0.0400
1.0453 -1.4719 -0.0400
1.0271 -1.4711 -0.0400
1.0091 -1.4689 -0.0400
0.9913 -1.4646 -0.0400
0.9736 -1.4585 -0.0400
0.9559 -1.4501 -0.0400
0.9388 -1.4238 -0.0400
0.9208 -1.4003 -0.0400
0.9024 -1.3450 -0.0400
-0.2125 0.3304 -0.0400
-0.2605 0.3076 -0.0400
-0.3156 0.3015 -0.0400
-0.3871 0.3307 -0.0400
-0.4853 0.4116 -0.0400
-2.8082 2.1847 -0.0400
-3.7585 0.8381 -0.0400
-3.7648 0.7208 -0.0400
-3.8551 0.6620 -0.0400
-3.8250 -0.3350 -0.0400
-3.8138 -0.4389 -0.0400
-3.8811 -0.5081 -0.0400
-4.3170 -2.6258 -0.0400
-4.2226 -2.7130 -0.0400
-4.1928 -2.8008 -0.0400
-1.3170 -3.0645 -0.0400
-1.2843 -3.0967 -0.0400
-1.2185 -3.1184 -0.0400
-1.1597 -3.1401 -0.0400
-1.1248 -3.1680 -0.0400
-1.1017 -3.1992 -0.0400
-1.0873 -3.2332 -0.0400
-1.0812 -3.2704 -0.0400
-1.0848 -3.3119 -0.0400
-1.0552 -3.3398 -0.0400
-1.0252 -3.3668 -0.0400
-1.0122 -3.4013 -0.0400
-1.0054 -3.4391 -0.0400
-0.1140 -4.0113 -0.0400
-0.0583 -3.9829 -0.0400
-0.0259 -3.9889 -0.0400
0.0057 -3.9955 -0.0400
0.0320 -4.0108 -0.0400
0.0528 -4.0364 -0.0400
0.0730 -4.0639 -0.0400
-1.2115 -7.8511 -0.0400
-0.2369 -5.8751 -0.0400
-0.1740 -5.8827 -0.0400
2.7418 -7.2008 -0.0400
2.7342 -6.9525 -0.0400
2.8145 -6.9253 -0.0400
2.9097 -6.9300 -0.0400
2.3443 -4.7016 -0.0400
2.3623 -4.6462 -0.0400
2.3887 -4.6045 -0.0400
2.4266 -4.5794 -0.0400
2.4621 -4.5510 -0.0400
3.6535 -2.8965 -0.0400
3.6002 -2.8403 -0.0400
3.5643 -2.7881 -0.0400
3.5671 -2.7408 -0.0400
3.6063 -2.6962 -0.0400
5.3166 -2.7430 -0.0400
5.3648 -2.6670 -0.0400
5.9909 -1.6073 -0.0400
4.4654 2.2649 -0.0400
1.5548 -0.1195 -0.0400
1.5103 -0.1185 -0.0400
1.1412 -1.4253 -0.0400
1.1171 -1.4442 -0.0400
1.0933 -1.4650 -0.0400
1.0737 -1.4692 -0.0400
1.0547 -1.4714 -0.0400
1.0363 -1.4713 -0.0400
1.0182 -1.4699 -0.0400
1.0006 -1.4640 -0.0400
0.9830 -1.4569 -0.0400
0.9655 -1.4474 -0.0400
0.9479 -1.4348 -0.0400
0.9301 -1.4175 -0.0400
0.9121 -1.3912 -0.0400
-0.1731 0.3609 -0.0400
-0.2167 0.3259 -0.0400
-0.2668 0.3086 -0.0400
-0.3252 0.3103 -0.0400
-0.4270 0.4067 -0.0400
-2.7327 2.2581 -0.0400
-2.8210 2.2014 -0.0400
-3.7218 0.8141 -0.0400
-3.7643 0.7229 -0.0400
-3.8857 0.6853 -0.0400
-3.8409 -0.2235 -0.0400
-3.7908 -0.3474 -0.0400
-3.8092 -0.4376 -0.0400
-3.9113 -0.4919 -0.0400
-4.3146 -2.5272 -0.0400
-4.2317 -2.6161 -0.0400
-4.1680 -2.7030 -0.0400
-4.1463 -2.7902 -0.0400
-1.3415 -3.0237 -0.0400
-1.2993 -3.0540 -0.0400
-1.2785 -3.0891 -0.0400
-1.2693 -3.1271 -0.0400
-1.1693 -3.1368 -0.0400
-1.1305 -3.1634 -0.0400
-1.0988 -3.1915 -0.0400
-1.0881 -3.2265 -0.0400
-1.0817 -3.2634 -0.0400
-1.0855 -3.3047 -0.0400
-1.0466 -3.3283 -0.0400
-1.0277 -3.3600 -0.0400
-1.0155 -3.3947 -0.0400
-1.0104 -3.4330 -0.0400
-3.0715 -4.5435 -0.0400
-0.0045 -3.9900 -0.0400
0.0215 -4.0056 -0.0400
0.0454 -4.0250 -0.0400
0.0604 -4.0623 -0.0400
0.0755 -4.1012 -0.0400
-1.2267 -7.8391 -0.0400
-0.2411 -5.8389 -0.0400
-0.1850 -5.8661 -0.0400
2.6838 -7.1028 -0.0400
2.7215 -6.9676 -0.0400
2.7978 -6.9305 -0.0400
2.8915 -6.9320 -0.0400
2.3482 -4.6491 -0.0400
2.3796 -4.6144 -0.0400
2.4136 -4.5837 -0.0400
2.4506 -4.5572 -0.0400
1.5119 -3.3087 -0.0400
1.5171 -3.2865 -0.0400
1.5219 -3.2646 -0.0400
3.6179 -2.8981 -0.0400
3.5667 -2.8425 -0.0400
3.5549 -2.7932 -0.0400
3.5622 -2.7463 -0.0400
3.5888 -2.7008 -0.0400
5.3164 -2.7513 -0.0400
6.0297 -1.7005 -0.0400
5.9860 -1.6152 -0.0400
6.0187 -1.5164 -0.0400
4.4740 2.2744 -0.0400
3.0273 2.5820 -0.0400
1.5932 -0.1208 -0.0400
1.5471 -0.1236 -0.0400
1.1538 -1.4206 -0.0400
1.1285 -1.4412 -0.0400
1.1037 -1.4638 -0.0400
1.0837 -1.4685 -0.0400
1.0644 -1.4712 -0.0400
1.0458 -1.4716 -0.0400
1.0274 -1.4712 -0.0400
1.0096 -1.4668 -0.0400
0.9920 -1.4609 -0.0400
0.9745 -1.4530 -0.0400
0.9569 -1.4426 -0.0400
0.9406 -1.4107 -0.0400
0.9231 -1.3791 -0.0400
-0.1516 0.4441 -0.0400
-0.1773 0.3555 -0.0400
-0.2218 0.3233 -0.0400
-0.2732 0.3091 -0.0400
-0.3710 0.4036 -0.0400
-0.4382 0.4187 -0.0400
-2.7301 2.2546 -0.0400
-2.8323 2.2159 -0.0400
-3.7295 0.9455 -0.0400
-3.7118 0.8088 -0.0400
-3.7642 0.7249 -0.0400
-3.8849 0.6870 -0.0400
-3.7714 -0.3538 -0.0400
-3.8118 -0.4336 -0.0400
-4.3307 -2.5204 -0.0400
-4.2248 -2.6090 -0.0400
-4.1436 -2.6950 -0.0400
-1.3793 -3.0275 -0.0400
-1.3086 -3.0512 -0.0400
-1.2817 -3.0845 -0.0400
-1.1955 -3.0999 -0.0400
-1.1499 -3.1250 -0.0400
-1.1190 -3.1536 -0.0400
-1.1015 -3.1863 -0.0400
-1.0878 -3.2201 -0.0400
-1.0817 -3.2568 -0.0400
-1.0779 -3.2947 -0.0400
-1.0499 -3.3227 -0.0400
-1.0296 -3.3535 -0.0400
-1.0171 -3.3878 -0.0400
-1.0358 -3.4378 -0.0400
-3.0818 -4.5366 -0.0400
0.0541 -4.0491 -0.0400
0.0541 -4.1174 -0.0400
-1.2629 -7.8813 -0.0400
-0.2552 -5.8334 -0.0400
-0.1988 -5.8594 -0.0400
2.6994 -7.1911 -0.0400
2.7144 -6.9966 -0.0400
2.7917 -6.9607 -0.0400
2.3498 -4.6752 -0.0400
2.3685 -4.6219 -0.0400
2.4076 -4.5980 -0.0400
2.4437 -4.5699 -0.0400
2.4987 -4.5657 -0.0400
1.5088 -3.2932 -0.0400
1.5171 -3.2752 -0.0400
1.5255 -3.2578 -0.0400
1.5384 -3.2456 -0.0400
1.5547 -3.2370 -0.0400
3.6244 -2.9064 -0.0400
3.5734 -2.8504 -0.0400
3.5567 -2.8002 -0.0400
3.5753 -2.7542 -0.0400
3.6400 -2.7111 -0.0400
5.3215 -2.7604 -0.0400
6.2099 -1.7765 -0.0400
6.0026 -1.7125 -0.0400
6.0071 -1.6192 -0.0400
4.4796 2.2794 -0.0400
1.6450 -0.0836 -0.0400
1.5893 -0.1133 -0.0400
1.1649 -1.4232 -0.0400
1.1393 -1.4429 -0.0400
1.1141 -1.4647 -0.0400
1.0939 -1.4691 -0.0400
1.0744 -1.4717 -0.0400
1.0555 -1.4723 -0.0400
1.0369 -1.4725 -0.0400
1.0190 -1.4688 -0.0400
1.0013 -1.4634 -0.0400
0.9837 -1.4564 -0.0400
0.9673 -1.4375 -0.0400
0.9499 -1.4217 -0.0400
0.9325 -1.3992 -0.0400
0.9155 -1.3568 -0.0400
-0.1831 0.3542 -0.0400
-0.2296 0.3272 -0.0400
-0.2926 0.3418 -0.0400
-0.3774 0.4042 -0.0400
-0.4467 0.4244 -0.0400
-2.6522 2.3239 -0.0400
-2.7235 2.2452 -0.0400
-2.8285 2.2106 -0.0400
-3.7169 0.9374 -0.0400
-3.7014 0.8026 -0.0400
-3.7752 0.7341 -0.0400
-3.7950 -0.2411 -0.0400
-3.7682 -0.3532 -0.0400
-3.8108 -0.4319 -0.0400
-4.3112 -2.5140 -0.0400
-4.2240 -2.6026 -0.0400
-4.1509 -2.6888 -0.0400
-4.1565 -2.7769 -0.0400
-1.3331 -3.0121 -0.0400
-1.2970 -3.0435 -0.0400
-1.2788 -3.0788 -0.0400
-1.2238 -3.1031 -0.0400
-1.1616 -3.1235 -0.0400
-1.1263 -3.1507 -0.0400
-1.1000 -3.1802 -0.0400
-1.0935 -3.2164 -0.0400
-1.0928 -3.2551 -0.0400
-1.0866 -3.2920 -0.0400
-1.0541 -3.3180 -0.0400
-1.0318 -3.3478 -0.0400
-1.0270 -3.3856 -0.0400
-1.0335 -3.4293 -0.0400
-3.0848 -4.5267 -0.0400
-1.2605 -7.8265 -0.0400
-1.1758 -7.8861 -0.0400
-0.2768 -5.8510 -0.0400
-0.2148 -5.8602 -0.0400
2.6300 -7.0636 -0.0400
2.6873 -6.9778 -0.0400
2.7700 -6.9555 -0.0400
2.8765 -6.9847 -0.0400
2.3406 -4.6862 -0.0400
2.3580 -4.6307 -0.0400
2.3966 -4.6060 -0.0400
2.4290 -4.5731 -0.0400
1.5123 -3.3147 -0.0400
1.5097 -3.2833 -0.0400
1.5197 -3.2674 -0.0400
1.5310 -3.2533 -0.0400
1.5453 -3.2425 -0.0400
1.5660 -3.2380 -0.0400
1.5869 -3.2332 -0.0400
3.6262 -2.9145 -0.0400
3.5783 -2.8586 -0.0400
3.5541 -2.8073 -0.0400
3.5702 -2.7608 -0.0400
3.6135 -2.7161 -0.0400
5.3172 -2.7696 -0.0400
6.0196 -1.7183 -0.0400
5.9938 -1.6297 -0.0400
4.5591 2.2074 -0.0400
3.1250 2.5666 -0.0400
1.6255 -0.1252 -0.0400
1.1873 -1.3910 -0.0400
1.1490 -1.4498 -0.0400
1.1269 -1.4580 -0.0400
1.1060 -1.4637 -0.0400
1.0844 -1.4739 -0.0400
1.0655 -1.4739 -0.0400
1.0467 -1.4740 -0.0400
1.0287 -1.4703 -0.0400
1.0110 -1.4651 -0.0400
0.9934 -1.4586 -0.0400
0.9769 -1.4421 -0.0400
0.9596 -1.4282 -0.0400
0.9423 -1.4098 -0.0400
0.9251 -1.3815 -0.0400
-0.1400 0.3739 -0.0400
-0.1837 0.3383 -0.0400
-0.2349 0.3243 -0.0400
-0.2975 0.3380 -0.0400
-0.3826 0.4019 -0.0400
-2.7321 2.2554 -0.0400
-3.6815 0.9116 -0.0400
-3.7012 0.8032 -0.0400
-3.7763 0.7358 -0.0400
-3.7528 -0.2601 -0.0400
-3.7670 -0.3522 -0.0400
-3.8198 -0.4262 -0.0400
-4.2274 -2.5081 -0.0400
-4.1736 -2.5958 -0.0400
-4.1438 -2.6826 -0.0400
-1.3589 -3.0142 -0.0400
-1.3048 -3.0414 -0.0400
-1.2797 -3.0748 -0.0400
-1.1883 -3.0884 -0.0400
-1.1460 -3.1141 -0.0400
-1.1189 -3.1436 -0.0400
-1.1018 -3.1759 -0.0400
-1.0915 -3.2105 -0.0400
-1.0866 -3.2473 -0.0400
-1.0733 -3.2810 -0.0400
-1.0497 -3.3102 -0.0400
-1.0340 -3.3427 -0.0400
-1.0259 -3.3787 -0.0400
-1.0275 -3.4197 -0.0400
-1.0587 -3.4767 -0.0400
-1.2780 -7.8227 -0.0400
-0.2849 -5.8293 -0.0400
-0.2239 -5.8403 -0.0400
2.6658 -7.2050 -0.0400
2.6814 -7.0104 -0.0400
2.7641 -6.9870 -0.0400
2.3169 -4.6764 -0.0400
2.3477 -4.6403 -0.0400
2.3865 -4.6156 -0.0400
2.4184 -4.5818 -0.0400
1.5121 -3.3322 -0.0400
1.5108 -3.3017 -0.0400
1.5125 -3.2760 -0.0400
1.5237 -3.2615 -0.0400
1.5376 -3.2501 -0.0400
1.5536 -3.2408 -0.0400
1.5808 -3.2423 -0.0400
1.6139 -3.2484 -0.0400
3.6959 -2.9847 -0.0400
3.6228 -2.9224 -0.0400
3.5524 -2.8633 -0.0400
3.5536 -2.8151 -0.0400
3.5686 -2.7684 -0.0400
3.6046 -2.7230 -0.0400
5.3494 -2.7815 -0.0400
6.0725 -1.8128 -0.0400
6.0053 -1.7294 -0.0400
6.0198 -1.6341 -0.0400
3.1119 2.5377 -0.0400
1.6183 -0.1301 -0.0400
1.1626 -1.4454 -0.0400
1.1395 -1.4552 -0.0400
1.1157 -1.4698 -0.0400
1.0958 -1.4721 -0.0400
1.0755 -1.4766 -0.0400
1.0570 -1.4748 -0.0400
1.0388 -1.4721 -0.0400
1.0211 -1.4663 -0.0400
1.0035 -1.4598 -0.0400
0.9870 -1.4444 -0.0400
0.9698 -1.4314 -0.0400
0.9526 -1.4148 -0.0400
0.9355 -1.3913 -0.0400
-0.1479 0.3782 -0.0400
-0.1904 0.3388 -0.0400
-0.2509 0.3492 -0.0400
-0.3360 0.4181 -0.0400
-0.4040 0.4378 -0.0400
-2.6412 2.3058 -0.0400
-2.7472 2.2741 -0.0400
-3.6506 0.8884 -0.0400
-3.7074 0.8081 -0.0400
-3.7892 0.7454 -0.0400
-3.7444 -0.2633 -0.0400
-3.7655 -0.3519 -0.0400
-3.8553 -0.4091 -0.0400
-4.3088 -2.4130 -0.0400
-4.2345 -2.5030 -0.0400
-4.2221 -2.5915 -0.0400
-4.1383 -2.6771 -0.0400
-1.3264 -3.0034 -0.0400
-1.2947 -3.0354 -0.0400
-1.2784 -3.0708 -0.0400
-1.2123 -3.0916 -0.0400
-1.1576 -3.1138 -0.0400
-1.1158 -3.1385 -0.0400
-1.1010 -3.1713 -0.0400
-1.0963 -3.2077 -0.0400
-1.0989 -3.2472 -0.0400
-1.0820 -3.2795 -0.0400
-1.0537 -3.3067 -0.0400
-1.0342 -3.3373 -0.0400
-1.0377 -3.3784 -0.0400
-1.0524 -3.4259 -0.0400
-0.3006 -5.8311 -0.0400
-0.2426 -5.8517 -0.0400
2.6652 -7.0024 -0.0400
2.7734 -7.0389 -0.0400
2.2832 -4.8133 -0.0400
2.2767 -4.7163 -0.0400
2.3048 -4.6754 -0.0400
2.3414 -4.6476 -0.0400
2.3792 -4.6215 -0.0400
2.4409 -4.6266 -0.0400
1.4984 -3.3276 -0.0400
1.4962 -3.2963 -0.0400
1.5068 -3.2808 -0.0400
1.5192 -3.2676 -0.0400
1.5359 -3.2590 -0.0400
1.5540 -3.2517 -0.0400
1.5948 -3.2664 -0.0400
3.5467 -2.9168 -0.0400
3.5513 -2.8688 -0.0400
3.5678 -2.8223 -0.0400
5.3059 -2.9436 -0.0400
5.3449 -2.8677 -0.0400
6.0261 -1.8254 -0.0400
3.2038 2.5049 -0.0400
1.7103 -0.1245 -0.0400
1.2029 -1.4336 -0.0400
1.1724 -1.4625 -0.0400
1.1508 -1.4670 -0.0400
1.1280 -1.4770 -0.0400
1.1074 -1.4812 -0.0400
1.0888 -1.4790 -0.0400
1.0702 -1.4769 -0.0400
1.0523 -1.4719 -0.0400
1.0354 -1.4624 -0.0400
1.0180 -1.4537 -0.0400
1.0007 -1.4434 -0.0400
0.9855 -1.4171 -0.0400
0.9690 -1.3948 -0.0400
-0.0526 0.4169 -0.0400
-0.0944 0.3724 -0.0400
-0.1436 0.3527 -0.0400
-0.2016 0.3580 -0.0400
-0.2869 0.4329 -0.0400
-2.4854 2.4449 -0.0400
-2.5569 2.3650 -0.0400
-2.6773 2.3546 -0.0400
-3.5815 1.0856 -0.0400
-3.5814 0.9590 -0.0400
-3.6444 0.8836 -0.0400
-3.7945 0.8718 -0.0400
-3.6986 -0.0854 -0.0400
-3.6866 -0.1925 -0.0400
-3.7296 -0.2702 -0.0400
-3.8534 -0.3102 -0.0400
-4.3009 -2.3203 -0.0400
-4.2296 -2.4114 -0.0400
-4.1364 -2.5000 -0.0400
-4.1939 -2.5878 -0.0400
-1.3132 -2.9592 -0.0400
-1.2936 -2.9940 -0.0400
-1.2862 -3.0313 -0.0400
-1.1872 -3.0443 -0.0400
-1.1495 -3.0714 -0.0400
-1.1252 -3.1016 -0.0400
-1.1092 -3.1339 -0.0400
-1.1015 -3.1690 -0.0400
-1.1167 -3.2125 -0.0400
-1.0818 -3.2378 -0.0400
-1.0601 -3.2676 -0.0400
-1.0471 -3.3008 -0.0400
-1.0420 -3.3375 -0.0400
-1.0511 -3.3812 -0.0400
-3.1413 -4.4413 -0.0400
2.3100 -4.7170 -0.0400
2.3249 -4.6571 -0.0400
2.3620 -4.6300 -0.0400
2.3978 -4.6012 -0.0400
2.4492 -4.5923 -0.0400
1.4961 -3.3200 -0.0400
1.5011 -3.2976 -0.0400
1.5099 -3.2800 -0.0400
1.5209 -3.2652 -0.0400
1.5358 -3.2545 -0.0400
1.5531 -3.2461 -0.0400
1.5737 -3.2405 -0.0400
4.3384 -5.0516 -0.0400
4.3492 -4.9665 -0.0400
5.3106 -2.8798 -0.0400
5.3562 -2.8036 -0.0400
6.0397 -1.8372 -0.0400
6.0117 -1.7481 -0.0400
6.0492 -1.6487 -0.0400
3.1166 2.5457 -0.0400
1.7141 -0.0973 -0.0400
1.1972 -1.4232 -0.0400
1.1651 -1.4554 -0.0400
1.1432 -1.4602 -0.0400
1.1199 -1.4710 -0.0400
1.0986 -1.4771 -0.0400
1.0789 -1.4780 -0.0400
1.0604 -1.4751 -0.0400
1.0422 -1.4713 -0.0400
1.0248 -1.4632 -0.0400
1.0072 -1.4557 -0.0400
0.9909 -1.4391 -0.0400
0.9737 -1.4259 -0.0400
0.9591 -1.3893 -0.0400
0.9443 -1.3441 -0.0400
-0.1029 0.3720 -0.0400
-0.1509 0.3487 -0.0400
-0.2070 0.3489 -0.0400
-0.2933 0.4274 -0.0400
-0.3562 0.4367 -0.0400
-2.5747 2.3875 -0.0400
-2.6438 2.3050 -0.0400
-2.7689 2.2994 -0.0400
-3.6359 1.0010 -0.0400
-3.6426 0.8815 -0.0400
-3.7108 0.8100 -0.0400
-3.7480 -0.1610 -0.0400
-3.7276 -0.2712 -0.0400
-3.7721 -0.3482 -0.0400
-4.3016 -2.4048 -0.0400
-4.2167 -2.4946 -0.0400
-4.1368 -2.5814 -0.0400
-4.1854 -2.6697 -0.0400
-1.3741 -2.9694 -0.0400
-1.3157 -2.9961 -0.0400
-1.2905 -3.0293 -0.0400
-1.2776 -3.0651 -0.0400
-1.1615 -3.0714 -0.0400
-1.1309 -3.0997 -0.0400
-1.1146 -3.1317 -0.0400
-1.1020 -3.1649 -0.0400
-1.0976 -3.2009 -0.0400
-1.1022 -3.2408 -0.0400
-1.0798 -3.2704 -0.0400
-1.0534 -3.2980 -0.0400
-1.0418 -3.3316 -0.0400
-1.0434 -3.3715 -0.0400
-1.0688 -3.4236 -0.0400
-2.1685 -5.4856 -0.0400
-2.1025 -5.5234 -0.0400
-2.0512 -5.5759 -0.0400
2.2540 -4.7342 -0.0400
2.2816 -4.6923 -0.0400
2.3192 -4.6656 -0.0400
2.3529 -4.6337 -0.0400
1.4910 -3.3556 -0.0400
1.4887 -3.3234 -0.0400
1.4949 -3.3023 -0.0400
1.5028 -3.2838 -0.0400
1.5169 -3.2721 -0.0400
1.5330 -3.2626 -0.0400
1.5520 -3.2557 -0.0400
4.2664 -5.1058 -0.0400
4.3027 -5.0387 -0.0400
6.0705 -1.9339 -0.0400
6.0244 -1.8463 -0.0400
3.2960 2.4679 -0.0400
1.7514 -0.1186 -0.0400
1.2028 -1.4541 -0.0400
1.1763 -1.4694 -0.0400
1.1530 -1.4779 -0.0400
1.1315 -1.4827 -0.0400
1.1116 -1.4832 -0.0400
1.0930 -1.4801 -0.0400
1.0744 -1.4768 -0.0400
1.0568 -1.4701 -0.0400
1.0398 -1.4598 -0.0400
1.0224 -1.4508 -0.0400
1.0066 -1.4319 -0.0400
0.9922 -1.4013 -0.0400
0.9764 -1.3736 -0.0400
-0.0192 0.4509 -0.0400
-0.0571 0.3895 -0.0400
-0.1045 0.3634 -0.0400
-0.1592 0.3605 -0.0400
-0.2532 0.4664 -0.0400
-2.4964 2.4561 -0.0400
-2.5899 2.4079 -0.0400
-3.5284 1.1691 -0.0400
-3.5348 1.0456 -0.0400
-3.5816 0.9574 -0.0400
-3.6914 0.9180 -0.0400
-3.6528 -0.1107 -0.0400
-3.6822 -0.1953 -0.0400
-3.7466 -0.2621 -0.0400
-4.3135 -2.2227 -0.0400
-4.2815 -2.3138 -0.0400
-4.1550 -2.4056 -0.0400
-4.1321 -2.4926 -0.0400
-1.3343 -2.9211 -0.0400
-1.3059 -2.9541 -0.0400
-1.2912 -2.9895 -0.0400
-1.2313 -3.0135 -0.0400
-1.1758 -3.0369 -0.0400
-1.1430 -3.0649 -0.0400
-1.1228 -3.0958 -0.0400
-1.1135 -3.1298 -0.0400
-1.1144 -3.1674 -0.0400
-1.1119 -3.2042 -0.0400
-1.0804 -3.2304 -0.0400
-1.0596 -3.2602 -0.0400
-1.0483 -3.2935 -0.0400
-1.0455 -3.3308 -0.0400
-1.0578 -3.3755 -0.0400
-2.3111 -5.4077 -0.0400
-2.2195 -5.4229 -0.0400
-2.1564 -5.4637 -0.0400
-2.1089 -5.5198 -0.0400
2.2588 -4.7685 -0.0400
2.2685 -4.6989 -0.0400
2.3067 -4.6730 -0.0400
2.3425 -4.6441 -0.0400
2.3953 -4.6376 -0.0400
1.4786 -3.3299 -0.0400
1.4854 -3.3095 -0.0400
1.4955 -3.2932 -0.0400
1.5078 -3.2796 -0.0400
1.5223 -3.2684 -0.0400
1.5469 -3.2671 -0.0400
1.5752 -3.2685 -0.0400
4.2764 -5.1332 -0.0400
4.2995 -5.0559 -0.0400
4.3833 -5.0220 -0.0400
6.0750 -1.9448 -0.0400
6.0494 -1.8544 -0.0400
3.2981 2.4682 -0.0400
1.2254 -1.4353 -0.0400
1.1934 -1.4624 -0.0400
1.1686 -1.4732 -0.0400
1.1461 -1.4791 -0.0400
1.1243 -1.4846 -0.0400
1.1049 -1.4831 -0.0400
1.0863 -1.4794 -0.0400
1.0685 -1.4729 -0.0400
1.0513 -1.4636 -0.0400
1.0337 -1.4555 -0.0400
1.0174 -1.4400 -0.0400
1.0021 -1.4172 -0.0400
0.9890 -1.3774 -0.0400
-0.0124 0.4041 -0.0400
-0.0599 0.3775 -0.0400
-0.1136 0.3720 -0.0400
-0.1801 0.4040 -0.0400
-0.2566 0.4584 -0.0400
-0.3376 0.5174 -0.0400
-2.4747 2.4206 -0.0400
-2.5789 2.3892 -0.0400
-3.5235 1.0348 -0.0400
-3.5857 0.9592 -0.0400
-3.6655 -0.0030 -0.0400
-3.6575 -0.1093 -0.0400
-3.6862 -0.1942 -0.0400
-3.8361 -0.2184 -0.0400
-4.2858 -2.2216 -0.0400
-4.2159 -2.3136 -0.0400
-4.2018 -2.4018 -0.0400
-4.1391 -2.4896 -0.0400
-1.3370 -2.9209 -0.0400
-1.3067 -2.9534 -0.0400
-1.2905 -2.9883 -0.0400
-1.1902 -3.0023 -0.0400
-1.1564 -3.0305 -0.0400
-1.1334 -3.0607 -0.0400
-1.1183 -3.0928 -0.0400
-1.1103 -3.1270 -0.0400
-1.1069 -3.1628 -0.0400
-1.1150 -3.2030 -0.0400
-1.0745 -3.2257 -0.0400
-1.0603 -3.2577 -0.0400
-1.0540 -3.2930 -0.0400
-1.0581 -3.3332 -0.0400
-1.0963 -3.3898 -0.0400
-2.3245 -5.4068 -0.0400
-2.2269 -5.4163 -0.0400
-2.1629 -5.4561 -0.0400
-2.1417 -5.5390 -0.0400
2.4431 -7.3068 -0.0400
2.4664 -7.1114 -0.0400
2.5317 -7.0428 -0.0400
2.2595 -4.7117 -0.0400
2.2948 -4.6815 -0.0400
2.3303 -4.6520 -0.0400
1.4832 -3.3542 -0.0400
1.4833 -3.3254 -0.0400
1.4901 -3.3051 -0.0400
1.4994 -3.2880 -0.0400
1.5145 -3.2773 -0.0400
1.5324 -3.2692 -0.0400
1.5545 -3.2649 -0.0400
1.5898 -3.2723 -0.0400
4.2606 -5.1416 -0.0400
4.2872 -5.0668 -0.0400
6.0356 -1.9610 -0.0400
6.0493 -1.8662 -0.0400
3.2959 2.4592 -0.0400
1.2122 -1.4543 -0.0400
1.1838 -1.4724 -0.0400
1.1599 -1.4808 -0.0400
1.1382 -1.4846 -0.0400
1.1182 -1.4841 -0.0400
1.0991 -1.4816 -0.0400
1.0806 -1.4769 -0.0400
1.0633 -1.4681 -0.0400
1.0463 -1.4572 -0.0400
1.0299 -1.4427 -0.0400
1.0143 -1.4225 -0.0400
1.0002 -1.3910 -0.0400
0.9848 -1.3616 -0.0400
0.0202 0.4668 -0.0400
-0.0181 0.4025 -0.0400
-0.0656 0.3757 -0.0400
-0.1189 0.3689 -0.0400
-0.2088 0.4713 -0.0400
-0.2803 0.5083 -0.0400
-2.4839 2.4312 -0.0400
-3.4759 1.1209 -0.0400
-3.5218 1.0315 -0.0400
-3.5954 0.9652 -0.0400
-3.7160 0.9343 -0.0400
-3.6437 -0.0168 -0.0400
-3.6497 -0.1149 -0.0400
-3.6965 -0.1901 -0.0400
-4.2833 -2.2196 -0.0400
-4.1955 -2.3123 -0.0400
-4.1358 -2.4010 -0.0400
-1.3349 -2.9203 -0.0400
-1.2972 -2.9511 -0.0400
-1.2913 -2.9880 -0.0400
-1.1933 -3.0026 -0.0400
-1.1580 -3.0302 -0.0400
-1.1331 -3.0598 -0.0400
-1.1179 -3.0916 -0.0400
-1.1147 -3.1271 -0.0400
-1.1200 -3.1657 -0.0400
-1.1022 -3.1968 -0.0400
-1.0765 -3.2246 -0.0400
-1.0589 -3.2551 -0.0400
-1.0498 -3.2890 -0.0400
-1.0797 -3.3401 -0.0400
-2.3608 -5.4278 -0.0400
-2.2374 -5.4135 -0.0400
-2.1726 -5.4524 -0.0400
-2.1447 -5.5281 -0.0400
2.4969 -7.2484 -0.0400
2.5186 -7.0588 -0.0400
2.6144 -7.0692 -0.0400
2.3653 -4.6462 -0.0400
1.4745 -3.3628 -0.0400
1.4745 -3.3337 -0.0400
1.4813 -3.3133 -0.0400
1.4915 -3.2972 -0.0400
1.5042 -3.2839 -0.0400
1.5195 -3.2732 -0.0400
1.5483 -3.2756 -0.0400
4.2521 -5.1558 -0.0400
4.2787 -5.0809 -0.0400
6.0368 -1.9733 -0.0400
6.0570 -1.8775 -0.0400
3.2999 2.4612 -0.0400
1.2337 -1.4429 -0.0400
1.1999 -1.4719 -0.0400
1.1774 -1.4751 -0.0400
1.1536 -1.4832 -0.0400
1.1322 -1.4855 -0.0400
1.1124 -1.4841 -0.0400
1.0937 -1.4799 -0.0400
1.0757 -1.4730 -0.0400
1.0583 -1.4637 -0.0400
1.0414 -1.4518 -0.0400
1.0250 -1.4366 -0.0400
1.0115 -1.4051 -0.0400
0.9993 -1.3620 -0.0400
0.0177 0.4536 -0.0400
-0.0231 0.3989 -0.0400
-0.0739 0.3833 -0.0400
-0.1378 0.4100 -0.0400
-0.2139 0.4685 -0.0400
-0.2822 0.4964 -0.0400
-2.4020 2.4928 -0.0400
-2.4793 2.4211 -0.0400
-3.4762 1.2501 -0.0400
-3.4718 1.1152 -0.0400
-3.5228 1.0302 -0.0400
-3.6049 0.9708 -0.0400
-3.6485 -0.0159 -0.0400
-3.6429 -0.1204 -0.0400
-3.7017 -0.1891 -0.0400
-4.2790 -2.2182 -0.0400
-4.1910 -2.3108 -0.0400
-4.1300 -2.3994 -0.0400
-4.1804 -2.4849 -0.0400
-1.3802 -2.8902 -0.0400
-1.3095 -2.9160 -0.0400
-1.2955 -2.9511 -0.0400
-1.2588 -2.9808 -0.0400
-1.1903 -3.0019 -0.0400
-1.1410 -3.0257 -0.0400
-1.1269 -3.0577 -0.0400
-1.1158 -3.0905 -0.0400
-1.1124 -3.1257 -0.0400
-1.1153 -3.1633 -0.0400
-1.0899 -3.1913 -0.0400
-1.0707 -3.2212 -0.0400
-1.0602 -3.2542 -0.0400
-1.0566 -3.2901 -0.0400
-1.0670 -3.3326 -0.0400
-3.1822 -4.3385 -0.0400
-2.3032 -5.3629 -0.0400
-2.2279 -5.3924 -0.0400
-2.1757 -5.4429 -0.0400
-2.1433 -5.5137 -0.0400
-0.1703 -3.9151 -0.0400
-0.1361 -3.9165 -0.0400
-0.1061 -3.9235 -0.0400
2.4059 -7.3102 -0.0400
2.4310 -7.1190 -0.0400
2.4975 -7.0536 -0.0400
2.5839 -7.0413 -0.0400
1.4814 -3.3604 -0.0400
1.4800 -3.3302 -0.0400
1.4828 -3.3057 -0.0400
1.4956 -3.2925 -0.0400
1.5111 -3.2819 -0.0400
1.5298 -3.2744 -0.0400
1.5541 -3.2717 -0.0400
4.2504 -5.1754 -0.0400
4.2828 -5.1043 -0.0400
3.3902 2.4158 -0.0400
1.2227 -1.4583 -0.0400
1.1922 -1.4794 -0.0400
1.1702 -1.4813 -0.0400
1.1471 -1.4871 -0.0400
1.1265 -1.4870 -0.0400
1.1076 -1.4825 -0.0400
1.0890 -1.4774 -0.0400
1.0713 -1.4688 -0.0400
1.0544 -1.4569 -0.0400
1.0382 -1.4414 -0.0400
1.0227 -1.4208 -0.0400
1.0085 -1.3912 -0.0400
0.0170 0.4343 -0.0400
-0.0255 0.3864 -0.0400
-0.0803 0.3851 -0.0400
-0.1465 0.4190 -0.0400
-0.2198 0.4687 -0.0400
-2.3311 2.5731 -0.0400
-2.3918 2.4734 -0.0400
-2.5088 2.4629 -0.0400
-3.4817 1.2526 -0.0400
-3.4726 1.1134 -0.0400
-3.5243 1.0291 -0.0400
-3.6566 0.0902 -0.0400
-3.6161 -0.0366 -0.0400
-3.6551 -0.1159 -0.0400
-3.7526 -0.1644 -0.0400
-4.2981 -2.1266 -0.0400
-4.2062 -2.2215 -0.0400
-4.1440 -2.3117 -0.0400
-4.1193 -2.3985 -0.0400
-1.3506 -2.8863 -0.0400
-1.3045 -2.9161 -0.0400
-1.2939 -2.9515 -0.0400
-1.2308 -2.9753 -0.0400
-1.1606 -2.9954 -0.0400
-1.1387 -3.0256 -0.0400
-1.1249 -3.0575 -0.0400
-1.1145 -3.0903 -0.0400
-1.1237 -3.1292 -0.0400
-1.1186 -3.1641 -0.0400
-1.0898 -3.1909 -0.0400
-1.0705 -3.2205 -0.0400
-1.0588 -3.2528 -0.0400
-1.0716 -3.2953 -0.0400
-1.1082 -3.3492 -0.0400
-2.3279 -5.3747 -0.0400
-2.2382 -5.3909 -0.0400
-2.1920 -5.4472 -0.0400
-2.1875 -5.5464 -0.0400
-0.2200 -3.9231 -0.0400
-0.1754 -3.9108 -0.0400
-0.1410 -3.9118 -0.0400
-0.1111 -3.9186 -0.0400
-0.0837 -3.9288 -0.0400
-0.0609 -3.9465 -0.0400
-0.0400 -3.9677 -0.0400
2.4093 -7.3761 -0.0400
2.4208 -7.1432 -0.0400
2.4808 -7.0595 -0.0400
2.5823 -7.0854 -0.0400
1.4779 -3.3184 -0.0400
1.4877 -3.3018 -0.0400
1.5001 -3.2882 -0.0400
1.5212 -3.2830 -0.0400
1.5459 -3.2807 -0.0400
4.2193 -5.1729 -0.0400
4.2666 -5.1133 -0.0400
3.4059 2.4373 -0.0400
1.2484 -1.4419 -0.0400
1.2170 -1.4621 -0.0400
1.1869 -1.4819 -0.0400
1.1649 -1.4834 -0.0400
1.1423 -1.4878 -0.0400
1.1221 -1.4864 -0.0400
1.1032 -1.4812 -0.0400
1.0852 -1.4736 -0.0400
1.0682 -1.4621 -0.0400
1.0505 -1.4521 -0.0400
1.0349 -1.4333 -0.0400
1.0205 -1.4069 -0.0400
1.0096 -1.3601 -0.0400
0.0549 0.4845 -0.0400
0.0202 0.3998 -0.0400
-0.0314 0.3872 -0.0400
-0.0880 0.3918 -0.0400
-0.1675 0.4686 -0.0400
-0.2515 0.5479 -0.0400
-2.3947 2.4746 -0.0400
-2.4932 2.4358 -0.0400
-3.4621 1.1017 -0.0400
-3.5469 1.0453 -0.0400
-3.6025 0.0555 -0.0400
-3.6061 -0.0448 -0.0400
-3.6470 -0.1227 -0.0400
-4.2771 -2.1277 -0.0400
-4.1941 -2.2217 -0.0400
-4.1372 -2.3113 -0.0400
-4.1228 -2.3976 -0.0400
-1.3663 -2.8524 -0.0400
-1.3280 -2.8842 -0.0400
-1.3063 -2.9179 -0.0400
-1.2933 -2.9528 -0.0400
-1.2057 -2.9711 -0.0400
-1.1526 -2.9947 -0.0400
-1.1353 -3.0257 -0.0400
-1.1223 -3.0577 -0.0400
-1.1202 -3.0927 -0.0400
-1.1239 -3.1298 -0.0400
-1.1152 -3.1633 -0.0400
-1.0881 -3.1904 -0.0400
-1.0696 -3.2201 -0.0400
-1.0643 -3.2547 -0.0400
-1.0679 -3.2933 -0.0400
-1.0929 -3.3418 -0.0400
-2.3026 -5.3414 -0.0400
-2.2351 -5.3775 -0.0400
-2.1893 -5.4337 -0.0400
-2.1680 -5.5151 -0.0400
-0.2312 -3.9286 -0.0400
-0.1820 -3.9098 -0.0400
-0.1466 -3.9090 -0.0400
-0.1133 -3.9102 -0.0400
-0.0888 -3.9246 -0.0400
-0.0663 -3.9424 -0.0400
-0.0459 -3.9641 -0.0400
-0.0400 -4.0133 -0.0400
2.3891 -7.1068 -0.0400
2.4638 -7.0643 -0.0400
2.5547 -7.0640 -0.0400
2.2014 -4.7880 -0.0400
1.5065 -3.2857 -0.0400
1.5251 -3.2779 -0.0400
1.5497 -3.2751 -0.0400
4.2193 -5.1943 -0.0400
4.2531 -5.1243 -0.0400
3.4022 2.4210 -0.0400
1.2344 -1.4659 -0.0400
1.2078 -1.4755 -0.0400
1.1801 -1.4895 -0.0400
1.1588 -1.4892 -0.0400
1.1387 -1.4867 -0.0400
1.1183 -1.4850 -0.0400
1.0996 -1.4789 -0.0400
1.0819 -1.4697 -0.0400
1.0654 -1.4556 -0.0400
1.0481 -1.4435 -0.0400
1.0336 -1.4191 -0.0400
1.0221 -1.3787 -0.0400
0.0609 0.4369 -0.0400
0.0143 0.4022 -0.0400
-0.0384 0.3934 -0.0400
-0.0991 0.4117 -0.0400
-0.1834 0.5029 -0.0400
-2.3119 2.5348 -0.0400
-2.3994 2.4790 -0.0400
-3.4219 1.1938 -0.0400
-3.4638 1.1003 -0.0400
-3.5422 1.0387 -0.0400
-3.5894 0.0449 -0.0400
-3.6041 -0.0487 -0.0400
-3.7079 -0.0919 -0.0400
-4.2309 -2.1314 -0.0400
-4.1774 -2.2226 -0.0400
-4.1157 -2.3121 -0.0400
-4.1312 -2.3970 -0.0400
-1.3600 -2.8538 -0.0400
-1.3112 -2.8837 -0.0400
-1.2977 -2.9184 -0.0400
-1.2189 -2.9398 -0.0400
-1.1829 -2.9680 -0.0400
-1.1565 -2.9973 -0.0400
-1.1308 -3.0262 -0.0400
-1.1196 -3.0584 -0.0400
-1.1208 -3.0941 -0.0400
-1.1272 -3.1318 -0.0400
-1.1082 -3.1618 -0.0400
-1.0785 -3.1877 -0.0400
-1.0684 -3.2202 -0.0400
-1.0635 -3.2548 -0.0400
-1.0670 -3.2930 -0.0400
-2.3249 -5.3524 -0.0400
-2.2389 -5.3715 -0.0400
-2.2075 -5.4414 -0.0400
-0.1904 -3.9122 -0.0400
-0.1454 -3.8970 -0.0400
-0.1181 -3.9069 -0.0400
-0.0933 -3.9205 -0.0400
-0.0708 -3.9379 -0.0400
-0.0579 -3.9724 -0.0400
-0.0452 -4.0091 -0.0400
-1.5908 -7.6693 -0.0400
2.3450 -7.2966 -0.0400
2.3741 -7.1165 -0.0400
2.4463 -7.0672 -0.0400
2.5324 -7.0553 -0.0400
2.2094 -4.7422 -0.0400
2.2475 -4.7163 -0.0400
2.2823 -4.6856 -0.0400
4.1961 -5.2952 -0.0400
4.1982 -5.1997 -0.0400
4.2554 -5.1472 -0.0400
1.2271 -1.4761 -0.0400
1.2019 -1.4824 -0.0400
1.1786 -1.4855 -0.0400
1.1547 -1.4913 -0.0400
1.1348 -1.4877 -0.0400
1.1153 -1.4832 -0.0400
1.0969 -1.4755 -0.0400
1.0789 -1.4667 -0.0400
1.0628 -1.4506 -0.0400
1.0456 -1.4370 -0.0400
1.0324 -1.4068 -0.0400
1.0290 -1.3299 -0.0400
0.0613 0.4138 -0.0400
0.0111 0.3947 -0.0400
-0.0483 0.4112 -0.0400
-0.1244 0.4820 -0.0400
-0.1838 0.4872 -0.0400
-2.3173 2.5408 -0.0400
-2.3979 2.4735 -0.0400
-3.4026 1.1734 -0.0400
-3.4732 1.1055 -0.0400
-3.6011 1.0852 -0.0400
-3.5871 0.0404 -0.0400
-3.6151 -0.0454 -0.0400
-3.7380 -0.0780 -0.0400
-4.2481 -2.1302 -0.0400
-4.1777 -2.2228 -0.0400
-4.1123 -2.3125 -0.0400
-1.3420 -2.8540 -0.0400
-1.3066 -2.8856 -0.0400
-1.2955 -2.9206 -0.0400
-1.2128 -2.9411 -0.0400
-1.1624 -2.9660 -0.0400
-1.1420 -2.9962 -0.0400
-1.1266 -3.0273 -0.0400
-1.1199 -3.0605 -0.0400
-1.1162 -3.0946 -0.0400
-1.1272 -3.1335 -0.0400
-1.0985 -3.1601 -0.0400
-1.0765 -3.1884 -0.0400
-1.0675 -3.2210 -0.0400
-1.0645 -3.2561 -0.0400
-1.1124 -3.3123 -0.0400
-2.4138 -5.3254 -0.0400
-2.3053 -5.3261 -0.0400
-2.2422 -5.3657 -0.0400
-2.2005 -5.4253 -0.0400
-2.1870 -5.5140 -0.0400
-0.2254 -3.9030 -0.0400
-0.1837 -3.8938 -0.0400
-0.1511 -3.8963 -0.0400
-0.1227 -3.9043 -0.0400
-0.0974 -3.9168 -0.0400
-0.0782 -3.9394 -0.0400
-0.0607 -3.9656 -0.0400
-0.0476 -4.0009 -0.0400
-1.6020 -7.6634 -0.0400
-0.5253 -5.7506 -0.0400
-0.4595 -5.7467 -0.0400
2.3169 -7.2670 -0.0400
2.3561 -7.1171 -0.0400
2.4291 -7.0706 -0.0400
2.5430 -7.1297 -0.0400
2.1848 -4.8165 -0.0400
2.2022 -4.7578 -0.0400
2.2342 -4.7226 -0.0400
2.2734 -4.6983 -0.0400
2.3241 -4.6893 -0.0400
4.2001 -5.2227 -0.0400
4.2340 -5.1527 -0.0400
3.5979 -3.1418 -0.0400
3.5640 -3.0836 -0.0400
3.5345 -3.0276 -0.0400
3.5006 2.3734 -0.0400
1.2519 -1.4676 -0.0400
1.2230 -1.4802 -0.0400
1.1980 -1.4857 -0.0400
1.1750 -1.4878 -0.0400
1.1517 -1.4917 -0.0400
1.1320 -1.4872 -0.0400
1.1128 -1.4813 -0.0400
1.0951 -1.4712 -0.0400
1.0773 -1.4606 -0.0400
1.0625 -1.4394 -0.0400
1.0460 -1.4219 -0.0400
1.0303 -1.4000 -0.0400
0.0988 0.4733 -0.0400
0.0577 0.4095 -0.0400
0.0046 0.4021 -0.0400
-0.0531 0.4112 -0.0400
-0.1337 0.4979 -0.0400
-0.1989 0.5210 -0.0400
-2.3097 2.5254 -0.0400
-3.3999 1.3013 -0.0400
-3.4089 1.1760 -0.0400
-3.4694 1.0992 -0.0400
-3.5738 1.0595 -0.0400
-3.5461 0.1156 -0.0400
-3.5617 0.0219 -0.0400
-3.6164 -0.0478 -0.0400
-3.7515 -0.0735 -0.0400
-4.2677 -2.0408 -0.0400
-4.1796 -2.1368 -0.0400
-4.1779 -2.2235 -0.0400
-4.1097 -2.3133 -0.0400
-1.3815 -2.8252 -0.0400
-1.3223 -2.8545 -0.0400
-1.3001 -2.8878 -0.0400
-1.2934 -2.9232 -0.0400
-1.1949 -2.9407 -0.0400
-1.1552 -2.9674 -0.0400
-1.1381 -2.9981 -0.0400
-1.1242 -3.0294 -0.0400
-1.1228 -3.0638 -0.0400
-1.1237 -3.0991 -0.0400
-1.1103 -3.1304 -0.0400
-1.0904 -3.1595 -0.0400
-1.0746 -3.1896 -0.0400
-1.0699 -3.2236 -0.0400
-1.0701 -3.2597 -0.0400
-3.2223 -4.1718 -0.0400
-2.3705 -5.2800 -0.0400
-2.2966 -5.3106 -0.0400
-2.2471 -5.3624 -0.0400
-2.2204 -5.4362 -0.0400
-0.2431 -3.9203 -0.0400
-0.1923 -3.8987 -0.0400
-0.1508 -3.8878 -0.0400
-0.1248 -3.8989 -0.0400
-0.1014 -3.9141 -0.0400
-0.0805 -3.9334 -0.0400
-0.0624 -3.9579 -0.0400
-0.0481 -3.9904 -0.0400
-1.6131 -7.6583 -0.0400
-0.5325 -5.7432 -0.0400
-0.4679 -5.7418 -0.0400
2.3222 -7.3372 -0.0400
2.3350 -7.1082 -0.0400
2.4124 -7.0744 -0.0400
2.5292 -7.1416 -0.0400
2.1858 -4.7592 -0.0400
2.2221 -4.7306 -0.0400
2.2588 -4.7028 -0.0400
2.2996 -4.6806 -0.0400
3.6167 -3.1595 -0.0400
3.5426 -3.0933 -0.0400
3.5349 -3.0412 -0.0400
3.5487 -2.9929 -0.0400
3.5782 -2.9464 -0.0400
5.3344 -3.0969 -0.0400
3.5153 2.3870 -0.0400
1.2933 -1.4291 -0.0400
1.2496 -1.4694 -0.0400
1.2208 -1.4813 -0.0400
1.1959 -1.4864 -0.0400
1.1701 -1.4949 -0.0400
1.1497 -1.4913 -0.0400
1.1300 -1.4862 -0.0400
1.1110 -1.4792 -0.0400
1.0937 -1.4670 -0.0400
1.0762 -1.4548 -0.0400
1.0593 -1.4401 -0.0400
1.0473 -1.4058 -0.0400
1.0338 -1.3733 -0.0400
0.1018 0.4394 -0.0400
0.0545 0.4045 -0.0400
-0.0015 0.4088 -0.0400
-0.0620 0.4277 -0.0400
-0.1396 0.5031 -0.0400
-2.2290 2.5907 -0.0400
-2.3112 2.5253 -0.0400
-3.3527 1.2541 -0.0400
-3.4036 1.1681 -0.0400
-3.4927 1.1164 -0.0400
-3.5588 0.1202 -0.0400
-3.5646 0.0202 -0.0400
-3.6149 -0.0521 -0.0400
-4.2600 -2.0427 -0.0400
-4.1868 -2.1373 -0.0400
-4.1171 -2.2288 -0.0400
-4.1344 -2.3130 -0.0400
-1.3522 -2.8254 -0.0400
-1.3144 -2.8571 -0.0400
-1.2976 -2.8910 -0.0400
-1.2258 -2.9148 -0.0400
-1.1746 -2.9402 -0.0400
-1.1447 -2.9686 -0.0400
-1.1330 -3.0003 -0.0400
-1.1212 -3.0318 -0.0400
-1.1220 -3.0666 -0.0400
-1.1246 -3.1022 -0.0400
-1.1064 -3.1319 -0.0400
-1.0833 -3.1597 -0.0400
-1.0734 -3.1916 -0.0400
-1.0760 -3.2281 -0.0400
-1.0820 -3.2664 -0.0400
-1.1064 -3.3129 -0.0400
-2.3928 -5.2929 -0.0400
-2.3051 -5.3113 -0.0400
-2.2480 -5.3560 -0.0400
-2.2600 -5.4670 -0.0400
-0.2263 -3.8909 -0.0400
-0.1870 -3.8844 -0.0400
-0.1556 -3.8879 -0.0400
-0.1284 -3.8970 -0.0400
-0.1041 -3.9103 -0.0400
-0.0874 -3.9361 -0.0400
-0.0722 -3.9656 -0.0400
-0.0639 -4.0090 -0.0400
-0.5408 -5.7400 -0.0400
-0.4885 -5.7707 -0.0400
2.2944 -7.3069 -0.0400
2.3255 -7.1315 -0.0400
2.3964 -7.0793 -0.0400
2.4873 -7.0809 -0.0400
2.1585 -4.8288 -0.0400
2.1778 -4.7730 -0.0400
2.2099 -4.7382 -0.0400
2.2503 -4.7157 -0.0400
2.2948 -4.6985 -0.0400
1.4547 -3.3659 -0.0400
1.4586 -3.3425 -0.0400
1.4670 -3.3245 -0.0400
3.5936 -3.2168 -0.0400
3.5573 -3.1568 -0.0400
3.5254 -3.0993 -0.0400
3.5372 -3.0507 -0.0400
3.6100 -3.0112 -0.0400
5.3205 -3.1877 -0.0400
3.5990 2.3240 -0.0400
1.2714 -1.4725 -0.0400
1.2348 -1.4994 -0.0400
1.2112 -1.5009 -0.0400
1.1896 -1.4989 -0.0400
1.1691 -1.4948 -0.0400
1.1494 -1.4890 -0.0400
1.1314 -1.4788 -0.0400
1.1139 -1.4670 -0.0400
1.0968 -1.4531 -0.0400
1.0804 -1.4362 -0.0400
1.0714 -1.3930 -0.0400
0.2016 0.4803 -0.0400
0.1555 0.4320 -0.0400
0.1031 0.4206 -0.0400
0.0482 0.4207 -0.0400
-0.0283 0.5076 -0.0400
-0.0941 0.5395 -0.0400
-2.1347 2.6339 -0.0400
-2.2252 2.5826 -0.0400
-3.2982 1.3355 -0.0400
-3.3392 1.2393 -0.0400
-3.4865 0.2827 -0.0400
-3.4755 0.1691 -0.0400
-3.5209 0.0940 -0.0400
-3.6157 0.0487 -0.0400
-4.2044 -1.9622 -0.0400
-4.1700 -2.0532 -0.0400
-4.0997 -2.1460 -0.0400
-1.3278 -2.7889 -0.0400
-1.3071 -2.8227 -0.0400
-1.2981 -2.8576 -0.0400
-1.2064 -2.8794 -0.0400
-1.1694 -2.9076 -0.0400
-1.1445 -2.9370 -0.0400
-1.1324 -2.9685 -0.0400
-1.1279 -3.0016 -0.0400
-1.1333 -3.0372 -0.0400
-1.1370 -3.0729 -0.0400
-1.1063 -3.0991 -0.0400
-1.0878 -3.1284 -0.0400
-1.0796 -3.1605 -0.0400
-1.0837 -3.1971 -0.0400
-1.1229 -3.2469 -0.0400
-3.2524 -4.1007 -0.0400
-2.5127 -5.1999 -0.0400
-2.4049 -5.2046 -0.0400
-2.3427 -5.2453 -0.0400
-2.3007 -5.3033 -0.0400
-2.2834 -5.3846 -0.0400
-0.2613 -3.8866 -0.0400
-0.2034 -3.8557 -0.0400
-0.1749 -3.8632 -0.0400
-0.1500 -3.8754 -0.0400
-0.1278 -3.8915 -0.0400
-0.1084 -3.9124 -0.0400
-0.0921 -3.9388 -0.0400
-0.0810 -3.9752 -0.0400
-1.8098 -7.5711 -0.0400
-0.5898 -5.6883 -0.0400
-0.5439 -5.7329 -0.0400
2.2006 -7.3363 -0.0400
2.2251 -7.1317 -0.0400
2.3044 -7.1041 -0.0400
2.4097 -7.1473 -0.0400
2.1250 -4.8820 -0.0400
2.1348 -4.8091 -0.0400
2.1632 -4.7681 -0.0400
2.2005 -4.7413 -0.0400
2.2415 -4.7197 -0.0400
2.3063 -4.7303 -0.0400
1.4490 -3.3717 -0.0400
1.4528 -3.3483 -0.0400
1.4592 -3.3282 -0.0400
1.4734 -3.3163 -0.0400
1.4906 -3.3073 -0.0400
3.5985 -3.1845 -0.0400
3.5591 -3.1246 -0.0400
3.5387 -3.0697 -0.0400
3.5446 -3.0199 -0.0400
3.5756 -2.9735 -0.0400
3.5178 2.3629 -0.0400
1.2736 -1.4679 -0.0400
1.2414 -1.4846 -0.0400
1.2150 -1.4910 -0.0400
1.1910 -1.4935 -0.0400
1.1688 -1.4925 -0.0400
1.1472 -1.4908 -0.0400
1.1282 -1.4828 -0.0400
1.1098 -1.4730 -0.0400
1.0920 -1.4609 -0.0400
1.0749 -1.4463 -0.0400
1.0635 -1.4110 -0.0400
1.0508 -1.3765 -0.0400
0.1449 0.4651 -0.0400
0.0999 0.4137 -0.0400
0.0457 0.4108 -0.0400
-0.0184 0.4470 -0.0400
-0.0910 0.5089 -0.0400
-2.2221 2.5748 -0.0400
-2.3243 2.5434 -0.0400
-3.3139 1.3467 -0.0400
-3.3436 1.2393 -0.0400
-3.4122 1.1698 -0.0400
-3.5295 1.1428 -0.0400
-3.5328 0.0965 -0.0400
-3.5664 0.0141 -0.0400
-4.2725 -1.9560 -0.0400
-4.2301 -2.0491 -0.0400
-4.1358 -2.1451 -0.0400
-4.1090 -2.2326 -0.0400
-1.3749 -2.8001 -0.0400
-1.3226 -2.8309 -0.0400
-1.3017 -2.8643 -0.0400
-1.2674 -2.8950 -0.0400
-1.1775 -2.9150 -0.0400
-1.1510 -2.9442 -0.0400
-1.1344 -2.9747 -0.0400
-1.1241 -3.0063 -0.0400
-1.1218 -3.0397 -0.0400
-1.1278 -3.0756 -0.0400
-1.1161 -3.1070 -0.0400
-1.0915 -3.1344 -0.0400
-1.0791 -3.1651 -0.0400
-1.0714 -3.1973 -0.0400
-1.0793 -3.2353 -0.0400
-1.1305 -3.2906 -0.0400
-3.2307 -4.1711 -0.0400
-2.3697 -5.2620 -0.0400
-2.3022 -5.2974 -0.0400
-2.2769 -5.3709 -0.0400
-0.2265 -3.8817 -0.0400
-0.1891 -3.8772 -0.0400
-0.1588 -3.8816 -0.0400
-0.1325 -3.8913 -0.0400
-0.1113 -3.9089 -0.0400
-0.0936 -3.9323 -0.0400
-0.0800 -3.9637 -0.0400
-0.0761 -4.0140 -0.0400
-1.7521 -7.6448 -0.0400
-0.6181 -5.7291 -0.0400
-0.5470 -5.7124 -0.0400
-0.4948 -5.7412 -0.0400
2.4621 -7.1068 -0.0400
2.1500 -4.7820 -0.0400
2.1851 -4.7520 -0.0400
2.2245 -4.7284 -0.0400
2.2610 -4.7007 -0.0400
1.4513 -3.3703 -0.0400
1.4550 -3.3471 -0.0400
1.4630 -3.3289 -0.0400
1.4740 -3.3139 -0.0400
1.4875 -3.3014 -0.0400
1.5132 -3.2996 -0.0400
1.5467 -3.3038 -0.0400
3.5936 -3.2461 -0.0400
3.5548 -3.1851 -0.0400
3.5314 -3.1289 -0.0400
3.5382 -3.0792 -0.0400
3.5735 -3.0338 -0.0400
5.3111 -3.2195 -0.0400
1.3024 -1.4610 -0.0400
1.2570 -1.5020 -0.0400
1.2321 -1.5046 -0.0400
1.2092 -1.5038 -0.0400
1.1881 -1.5000 -0.0400
1.1679 -1.4941 -0.0400
1.1487 -1.4860 -0.0400
1.1303 -1.4759 -0.0400
1.1156 -1.4549 -0.0400
1.0998 -1.4357 -0.0400
1.0853 -1.4105 -0.0400
1.0741 -1.3719 -0.0400
0.2004 0.4517 -0.0400
0.1501 0.4266 -0.0400
0.0952 0.4268 -0.0400
0.0322 0.4617 -0.0400
-0.0436 0.5424 -0.0400
-2.1357 2.6328 -0.0400
-3.2586 1.4292 -0.0400
-3.2802 1.3119 -0.0400
-3.3797 1.2714 -0.0400
-3.4494 0.2500 -0.0400
-3.4728 0.1598 -0.0400
-3.5385 0.0976 -0.0400
-4.2411 -1.8731 -0.0400
-4.1721 -1.9702 -0.0400
-4.0944 -2.0654 -0.0400
-4.1159 -2.1484 -0.0400
-1.3352 -2.7634 -0.0400
-1.3091 -2.7969 -0.0400
-1.3011 -2.8317 -0.0400
-1.2222 -2.8567 -0.0400
-1.1770 -2.8843 -0.0400
-1.1503 -2.9136 -0.0400
-1.1358 -2.9445 -0.0400
-1.1291 -2.9768 -0.0400
-1.1289 -3.0105 -0.0400
-1.1405 -3.0473 -0.0400
-1.1123 -3.0744 -0.0400
-1.0940 -3.1035 -0.0400
-1.0844 -3.1349 -0.0400
-1.0846 -3.1695 -0.0400
-1.1030 -3.2106 -0.0400
-3.2612 -4.0239 -0.0400
-3.3034 -4.1190 -0.0400
-2.3938 -5.1863 -0.0400
-2.3464 -5.2389 -0.0400
-2.3176 -5.3081 -0.0400
-2.3349 -5.4213 -0.0400
-0.2791 -3.8562 -0.0400
-0.2369 -3.8470 -0.0400
-0.2046 -3.8495 -0.0400
-0.1772 -3.8578 -0.0400
-0.1531 -3.8705 -0.0400
-0.1318 -3.8872 -0.0400
-0.1132 -3.9085 -0.0400
-0.0980 -3.9359 -0.0400
-1.8219 -7.5506 -0.0400
-0.6036 -5.6828 -0.0400
2.1087 -4.9088 -0.0400
2.1029 -4.8105 -0.0400
2.1381 -4.7806 -0.0400
2.1792 -4.7598 -0.0400
2.2231 -4.7426 -0.0400
1.4541 -3.4134 -0.0400
1.4440 -3.3743 -0.0400
1.4435 -3.3469 -0.0400
1.4549 -3.3322 -0.0400
1.4686 -3.3200 -0.0400
1.4854 -3.3105 -0.0400
1.5065 -3.3046 -0.0400
1.5388 -3.3078 -0.0400
4.0827 -5.4064 -0.0400
4.1016 -5.3229 -0.0400
4.1696 -5.2793 -0.0400
3.6229 -3.2192 -0.0400
3.5831 -3.1584 -0.0400
3.5275 -3.0967 -0.0400
3.5413 -3.0480 -0.0400
3.5744 -3.0019 -0.0400
5.3255 -3.1620 -0.0400
6.0971 -2.3078 -0.0400
6.0603 -2.2157 -0.0400
6.0962 -2.1181 -0.0400
3.6190 2.3056 -0.0400
1.2706 -1.4780 -0.0400
1.2404 -1.4899 -0.0400
1.2143 -1.4949 -0.0400
1.1906 -1.4958 -0.0400
1.1674 -1.4963 -0.0400
1.1478 -1.4886 -0.0400
1.1290 -1.4789 -0.0400
1.1110 -1.4666 -0.0400
1.0938 -1.4515 -0.0400
1.0775 -1.4325 -0.0400
1.0625 -1.4076 -0.0400
0.1883 0.5062 -0.0400
0.1455 0.4339 -0.0400
0.0938 0.4164 -0.0400
0.0355 0.4304 -0.0400
-0.0387 0.5069 -0.0400
-0.1037 0.5349 -0.0400
-2.1340 2.6288 -0.0400
-2.2252 2.5785 -0.0400
-3.2831 1.3110 -0.0400
-3.3443 1.2343 -0.0400
-3.4400 1.1895 -0.0400
-3.5195 0.1856 -0.0400
-3.5309 0.0879 -0.0400
-3.6562 0.0615 -0.0400
-4.2684 -1.8722 -0.0400
-4.2179 -1.9675 -0.0400
-4.1752 -2.0596 -0.0400
-4.1192 -2.1512 -0.0400
-1.3715 -2.7738 -0.0400
-1.3180 -2.8052 -0.0400
-1.3060 -2.8396 -0.0400
-1.2591 -2.8690 -0.0400
-1.1866 -2.8930 -0.0400
-1.1538 -2.9214 -0.0400
-1.1409 -2.9525 -0.0400
-1.1288 -2.9836 -0.0400
-1.1242 -3.0161 -0.0400
-1.1263 -3.0504 -0.0400
-1.1295 -3.0853 -0.0400
-1.0960 -3.1104 -0.0400
-1.0826 -3.1405 -0.0400
-1.0770 -3.1730 -0.0400
-1.0811 -3.2089 -0.0400
-1.1014 -3.2513 -0.0400
-3.2371 -4.0942 -0.0400
-2.4171 -5.2013 -0.0400
-2.3516 -5.2386 -0.0400
-2.3039 -5.2907 -0.0400
-2.2731 -5.3583 -0.0400
-0.2718 -3.8904 -0.0400
-0.2228 -3.8712 -0.0400
-0.1885 -3.8703 -0.0400
-0.1568 -3.8719 -0.0400
-0.1345 -3.8868 -0.0400
-0.1147 -3.9057 -0.0400
-0.0979 -3.9299 -0.0400
-0.0855 -3.9624 -0.0400
-0.0865 -4.0206 -0.0400
-0.6240 -5.7084 -0.0400
-0.5576 -5.7022 -0.0400
-0.5207 -5.7690 -0.0400
2.1174 -4.8676 -0.0400
2.1347 -4.8085 -0.0400
2.1612 -4.7657 -0.0400
2.2021 -4.7444 -0.0400
2.2447 -4.7253 -0.0400
1.4486 -3.4025 -0.0400
1.4449 -3.3712 -0.0400
1.4499 -3.3498 -0.0400
1.4584 -3.3324 -0.0400
1.4695 -3.3177 -0.0400
1.4873 -3.3091 -0.0400
1.5083 -3.3029 -0.0400
1.5403 -3.3053 -0.0400
4.1422 -5.2870 -0.0400
4.1831 -5.2223 -0.0400
3.5947 -3.1807 -0.0400
3.5484 -3.1201 -0.0400
3.5344 -3.0665 -0.0400
3.5421 -3.0169 -0.0400
3.5685 -2.9695 -0.0400
6.1222 -2.2344 -0.0400
6.0587 -2.1444 -0.0400
6.0852 -2.0469 -0.0400
3.5508 2.3632 -0.0400
1.2790 -1.4668 -0.0400
1.2448 -1.4858 -0.0400
1.2173 -1.4929 -0.0400
1.1924 -1.4956 -0.0400
1.1697 -1.4942 -0.0400
1.1484 -1.4901 -0.0400
1.1280 -1.4840 -0.0400
1.1086 -1.4752 -0.0400
1.0926 -1.4564 -0.0400
1.0759 -1.4382 -0.0400
1.0604 -1.4145 -0.0400
1.0476 -1.3788 -0.0400
0.1390 0.4559 -0.0400
0.0916 0.4138 -0.0400
0.0383 0.4045 -0.0400
-0.0224 0.4258 -0.0400
-0.0980 0.5007 -0.0400
-0.1735 0.5632 -0.0400
-2.2220 2.5730 -0.0400
-2.3184 2.5314 -0.0400
-3.3267 1.3506 -0.0400
-3.3508 1.2370 -0.0400
-3.4122 1.1606 -0.0400
-3.5059 1.1131 -0.0400
-3.5475 0.1994 -0.0400
-3.5316 0.0834 -0.0400
-3.5745 0.0067 -0.0400
-3.6658 -0.0413 -0.0400
-4.2702 -1.9641 -0.0400
-4.2100 -2.0592 -0.0400
-4.1839 -2.1486 -0.0400
-4.1279 -2.2391 -0.0400
-1.3528 -2.8165 -0.0400
-1.3099 -2.8479 -0.0400
-1.2991 -2.8822 -0.0400
-1.2152 -2.9052 -0.0400
-1.1664 -2.9313 -0.0400
-1.1477 -2.9615 -0.0400
-1.1309 -2.9916 -0.0400
-1.1236 -3.0234 -0.0400
-1.1247 -3.0573 -0.0400
-1.1270 -3.0918 -0.0400
-1.1087 -3.1209 -0.0400
-1.0863 -3.1485 -0.0400
-1.0736 -3.1787 -0.0400
-1.0692 -3.2115 -0.0400
-1.0868 -3.2524 -0.0400
-3.2198 -4.0889 -0.0400
-3.2320 -4.1725 -0.0400
-2.3671 -5.2484 -0.0400
-2.3070 -5.2895 -0.0400
-2.2617 -5.3435 -0.0400
-2.2950 -5.4726 -0.0400
-0.2292 -3.8785 -0.0400
-0.1933 -3.8752 -0.0400
-0.1636 -3.8796 -0.0400
-0.1377 -3.8889 -0.0400
-0.1145 -3.9020 -0.0400
-0.0936 -3.9189 -0.0400
-0.0839 -3.9551 -0.0400
-0.0757 -3.9958 -0.0400
-1.6718 -7.6324 -0.0400
-0.5686 -5.7082 -0.0400
-0.5146 -5.7306 -0.0400
2.1535 -4.7859 -0.0400
2.1858 -4.7522 -0.0400
2.2238 -4.7271 -0.0400
2.2600 -4.6995 -0.0400
1.4585 -3.3806 -0.0400
1.4584 -3.3543 -0.0400
1.4603 -3.3307 -0.0400
1.4716 -3.3163 -0.0400
1.4853 -3.3040 -0.0400
1.5018 -3.2940 -0.0400
1.5229 -3.2874 -0.0400
4.1465 -5.3193 -0.0400
4.1671 -5.2388 -0.0400
4.2313 -5.1914 -0.0400
3.6125 -3.2474 -0.0400
3.5670 -3.1854 -0.0400
3.5335 -3.1274 -0.0400
3.5440 -3.0780 -0.0400
3.5992 -3.0348 -0.0400
6.1060 -2.3423 -0.0400
6.0692 -2.2498 -0.0400
3.6397 2.3032 -0.0400
1.3158 -1.4493 -0.0400
1.2732 -1.4821 -0.0400
1.2433 -1.4922 -0.0400
1.2130 -1.5054 -0.0400
1.1911 -1.5016 -0.0400
1.1703 -1.4956 -0.0400
1.1507 -1.4870 -0.0400
1.1318 -1.4762 -0.0400
1.1139 -1.4625 -0.0400
1.0970 -1.4451 -0.0400
1.0813 -1.4228 -0.0400
0.1933 0.4577 -0.0400
0.1430 0.4286 -0.0400
0.0881 0.4264 -0.0400
0.0126 0.5177 -0.0400
-0.0517 0.5450 -0.0400
-2.0547 2.7040 -0.0400
-2.1324 2.6271 -0.0400
-3.2418 1.4039 -0.0400
-3.2810 1.3041 -0.0400
-3.3489 1.2336 -0.0400
-3.4793 0.1517 -0.0400
-3.5580 0.0979 -0.0400
-4.2568 -1.8793 -0.0400
-4.1952 -1.9759 -0.0400
-4.0991 -2.0738 -0.0400
-4.1313 -2.1555 -0.0400
-1.3546 -2.7487 -0.0400
-1.3253 -2.7824 -0.0400
-1.3097 -2.8166 -0.0400
-1.2531 -2.8456 -0.0400
-1.2040 -2.8737 -0.0400
-1.1605 -2.9011 -0.0400
-1.1456 -2.9319 -0.0400
-1.1325 -2.9627 -0.0400
-1.1313 -2.9957 -0.0400
-1.1309 -3.0290 -0.0400
-1.1309 -3.0627 -0.0400
-1.1026 -3.0893 -0.0400
-1.0886 -3.1191 -0.0400
-1.0806 -3.1505 -0.0400
-1.0825 -3.1851 -0.0400
-1.0991 -3.2251 -0.0400
-3.2436 -4.0207 -0.0400
-3.2663 -4.1073 -0.0400
-2.4238 -5.2023 -0.0400
-2.3493 -5.2318 -0.0400
-2.3111 -5.2917 -0.0400
-0.2509 -3.8620 -0.0400
-0.2142 -3.8581 -0.0400
-0.1797 -3.8558 -0.0400
-0.1565 -3.8688 -0.0400
-0.1356 -3.8851 -0.0400
-0.1174 -3.9056 -0.0400
-0.1020 -3.9314 -0.0400
-0.0915 -3.9665 -0.0400
-1.8512 -7.5456 -0.0400
-0.6310 -5.6965 -0.0400
-0.5675 -5.6960 -0.0400
2.1094 -4.8176 -0.0400
2.1381 -4.7785 -0.0400
2.1784 -4.7570 -0.0400
2.2169 -4.7325 -0.0400
2.2676 -4.7244 -0.0400
1.4362 -3.3692 -0.0400
1.4435 -3.3506 -0.0400
1.4533 -3.3349 -0.0400
1.4653 -3.3211 -0.0400
1.4847 -3.3140 -0.0400
1.5064 -3.3083 -0.0400
1.5439 -3.3148 -0.0400
4.1162 -5.3100 -0.0400
4.1628 -5.2497 -0.0400
3.5742 -3.3024 -0.0400
3.5295 -3.2399 -0.0400
3.5161 -3.1855 -0.0400
3.5266 -3.1362 -0.0400
3.5597 -3.0905 -0.0400
5.3473 -3.2938 -0.0400
6.1033 -2.4493 -0.0400
6.0814 -2.3555 -0.0400
6.1072 -2.2591 -0.0400
3.7305 2.2457 -0.0400
1.3247 -1.4858 -0.0400
1.2905 -1.5014 -0.0400
1.2628 -1.5066 -0.0400
1.2377 -1.5078 -0.0400
1.2149 -1.5050 -0.0400
1.1935 -1.4997 -0.0400
1.1741 -1.4901 -0.0400
1.1560 -1.4769 -0.0400
1.1390 -1.4604 -0.0400
1.1232 -1.4396 -0.0400
1.1094 -1.4116 -0.0400
1.1014 -1.3631 -0.0400
0.2923 0.5433 -0.0400
0.2461 0.4709 -0.0400
0.1951 0.4431 -0.0400
0.1394 0.4449 -0.0400
0.0652 0.5379 -0.0400
-0.0037 0.5890 -0.0400
-1.9533 2.7372 -0.0400
-2.0439 2.6845 -0.0400
-3.1550 1.4543 -0.0400
-3.2102 1.3703 -0.0400
-3.3337 1.3549 -0.0400
-3.3944 0.3044 -0.0400
-3.4308 0.2225 -0.0400
-3.5038 0.1656 -0.0400
-4.1753 -1.8062 -0.0400
-4.1532 -1.8969 -0.0400
-4.0886 -1.9921 -0.0400
-4.1269 -2.0726 -0.0400
-1.3658 -2.7176 -0.0400
-1.3142 -2.7506 -0.0400
-1.3055 -2.7853 -0.0400
-1.2068 -2.8111 -0.0400
-1.1799 -2.8417 -0.0400
-1.1595 -2.8723 -0.0400
-1.1423 -2.9027 -0.0400
-1.1351 -2.9345 -0.0400
-1.1374 -2.9678 -0.0400
-1.1431 -3.0022 -0.0400
-1.1232 -3.0314 -0.0400
-1.1025 -3.0599 -0.0400
-1.0940 -3.0910 -0.0400
-1.0929 -3.1243 -0.0400
-1.1073 -3.1623 -0.0400
-3.2877 -3.8826 -0.0400
-3.2704 -3.9539 -0.0400
-2.5151 -5.0934 -0.0400
-2.4456 -5.1285 -0.0400
-2.3951 -5.1778 -0.0400
-2.3666 -5.2456 -0.0400
-2.3636 -5.3370 -0.0400
-0.2539 -3.8226 -0.0400
-0.2244 -3.8278 -0.0400
-0.1985 -3.8372 -0.0400
-0.1754 -3.8501 -0.0400
-0.1547 -3.8661 -0.0400
-0.1428 -3.8958 -0.0400
-0.1317 -3.9277 -0.0400
-0.1337 -3.9826 -0.0400
-1.9577 -7.5286 -0.0400
-1.8554 -7.5431 -0.0400
-0.7471 -5.6612 -0.0400
-0.6762 -5.6470 -0.0400
-0.6279 -5.6814 -0.0400
2.1693 -4.7588 -0.0400
1.4205 -3.3904 -0.0400
1.4268 -3.3705 -0.0400
1.4356 -3.3537 -0.0400
1.4469 -3.3394 -0.0400
1.4621 -3.3287 -0.0400
1.4801 -3.3203 -0.0400
1.5035 -3.3161 -0.0400
4.0566 -5.3740 -0.0400
4.1352 -5.3392 -0.0400
3.6178 -3.3282 -0.0400
3.5697 -3.2639 -0.0400
3.5245 -3.2024 -0.0400
3.5315 -3.1522 -0.0400
3.5884 -3.1102 -0.0400
6.1097 -2.4672 -0.0400
6.0863 -2.3733 -0.0400
6.1206 -2.2762 -0.0400
3.8341 2.2003 -0.0400
1.3391 -1.4675 -0.0400
1.2987 -1.4935 -0.0400
1.2629 -1.5137 -0.0400
1.2389 -1.5124 -0.0400
1.2169 -1.5076 -0.0400
1.1960 -1.5007 -0.0400
1.1763 -1.4913 -0.0400
1.1575 -1.4794 -0.0400
1.1397 -1.4645 -0.0400
1.1293 -1.4288 -0.0400
1.1180 -1.3922 -0.0400
0.2984 0.4941 -0.0400
0.2474 0.4595 -0.0400
0.1929 0.4536 -0.0400
0.1334 0.4749 -0.0400
0.0641 0.5402 -0.0400
-0.0098 0.6143 -0.0400
-1.9513 2.7361 -0.0400
-2.0419 2.6831 -0.0400
-3.1429 1.4398 -0.0400
-3.2129 1.3713 -0.0400
-3.3053 1.3250 -0.0400
-3.3951 0.3015 -0.0400
-3.4325 0.2202 -0.0400
-4.2551 -1.7064 -0.0400
-4.1961 -1.8058 -0.0400
-4.1547 -1.8999 -0.0400
-4.0911 -1.9950 -0.0400
-1.3202 -2.7226 -0.0400
-1.3082 -2.7571 -0.0400
-1.3045 -2.7920 -0.0400
-1.2147 -2.8187 -0.0400
-1.1639 -2.8467 -0.0400
-1.1507 -2.8779 -0.0400
-1.1397 -2.9091 -0.0400
-1.1387 -2.9417 -0.0400
-1.1393 -2.9748 -0.0400
-1.1380 -3.0077 -0.0400
-1.1174 -3.0366 -0.0400
-1.0999 -3.0657 -0.0400
-1.0931 -3.0971 -0.0400
-1.0992 -3.1322 -0.0400
-1.1304 -3.1752 -0.0400
-3.2886 -3.8853 -0.0400
-3.2990 -3.9656 -0.0400
-2.5078 -5.0874 -0.0400
-2.4432 -5.1261 -0.0400
-2.3941 -5.1763 -0.0400
-2.3981 -5.2715 -0.0400
-0.2844 -3.8199 -0.0400
-0.2506 -3.8203 -0.0400
-0.2222 -3.8267 -0.0400
-0.1970 -3.8366 -0.0400
-0.1750 -3.8506 -0.0400
-0.1569 -3.8702 -0.0400
-0.1412 -3.8939 -0.0400
-0.1294 -3.9243 -0.0400
-0.1264 -3.9703 -0.0400
-1.9398 -7.4815 -0.0400
-0.6852 -5.6569 -0.0400
1.4309 -3.4174 -0.0400
1.4208 -3.3805 -0.0400
1.4287 -3.3627 -0.0400
1.4383 -3.3469 -0.0400
1.4521 -3.3351 -0.0400
1.4681 -3.3251 -0.0400
1.5017 -3.3298 -0.0400
4.0439 -5.3851 -0.0400
4.1122 -5.3423 -0.0400
3.5201 -3.1654 -0.0400
3.5485 -3.1189 -0.0400
6.1293 -2.4849 -0.0400
6.0881 -2.3915 -0.0400
3.8526 2.2072 -0.0400
3.7665 2.2610 -0.0400
1.3289 -1.4947 -0.0400
1.2965 -1.5062 -0.0400
1.2691 -1.5100 -0.0400
1.2441 -1.5100 -0.0400
1.2212 -1.5064 -0.0400
1.1994 -1.5010 -0.0400
1.1801 -1.4900 -0.0400
1.1619 -1.4761 -0.0400
1.1448 -1.4589 -0.0400
1.1290 -1.4370 -0.0400
1.1154 -1.4071 -0.0400
1.1112 -1.3456 -0.0400
0.3006 0.4798 -0.0400
0.2482 0.4558 -0.0400
0.1937 0.4491 -0.0400
0.1202 0.5493 -0.0400
0.0607 0.5574 -0.0400
-1.9444 2.7260 -0.0400
-3.0953 1.5321 -0.0400
-3.1443 1.4401 -0.0400
-3.2290 1.3866 -0.0400
-3.3599 1.3780 -0.0400
-3.3925 0.4066 -0.0400
-3.3917 0.2959 -0.0400
-3.4604 0.2365 -0.0400
-4.2177 -1.7167 -0.0400
-4.1454 -1.8178 -0.0400
-4.0877 -1.9135 -0.0400
-4.1012 -1.9970 -0.0400
-1.3331 -2.6948 -0.0400
-1.3146 -2.7295 -0.0400
-1.3065 -2.7641 -0.0400
-1.2406 -2.7942 -0.0400
-1.1730 -2.8220 -0.0400
-1.1558 -2.8529 -0.0400
-1.1456 -2.8843 -0.0400
-1.1381 -2.9159 -0.0400
-1.1429 -2.9493 -0.0400
-1.1510 -2.9837 -0.0400
-1.1217 -3.0112 -0.0400
-1.1080 -3.0412 -0.0400
-1.0986 -3.0720 -0.0400
-1.0993 -3.1053 -0.0400
-1.1032 -3.1398 -0.0400
-1.1603 -3.1903 -0.0400
-3.2875 -3.8877 -0.0400
-2.4924 -5.0759 -0.0400
-2.4370 -5.1213 -0.0400
-2.3965 -5.1782 -0.0400
-2.4081 -5.2796 -0.0400
-0.2762 -3.8128 -0.0400
-0.2455 -3.8166 -0.0400
-0.2187 -3.8247 -0.0400
-0.1935 -3.8343 -0.0400
-0.1737 -3.8509 -0.0400
-0.1560 -3.8708 -0.0400
-0.1406 -3.8944 -0.0400
-0.1478 -3.9541 -0.0400
-1.9462 -7.4806 -0.0400
-0.7451 -5.6399 -0.0400
-0.6809 -5.6390 -0.0400
-0.6537 -5.7205 -0.0400
1.4241 -3.4261 -0.0400
1.4217 -3.3970 -0.0400
1.4217 -3.3713 -0.0400
1.4313 -3.3556 -0.0400
1.4432 -3.3422 -0.0400
1.4581 -3.3313 -0.0400
1.4848 -3.3304 -0.0400
1.5201 -3.3357 -0.0400
4.0984 -5.3524 -0.0400
6.0958 -2.5044 -0.0400
6.1135 -2.4087 -0.0400
3.8665 2.2061 -0.0400
3.7683 2.2410 -0.0400
1.3395 -1.4855 -0.0400
1.3043 -1.5014 -0.0400
1.2700 -1.5177 -0.0400
1.2463 -1.5150 -0.0400
1.2242 -1.5094 -0.0400
1.2032 -1.5019 -0.0400
1.1833 -1.4918 -0.0400
1.1644 -1.4792 -0.0400
1.1509 -1.4521 -0.0400
1.1362 -1.4263 -0.0400
1.1256 -1.3866 -0.0400
0.3511 0.5383 -0.0400
0.3018 0.4773 -0.0400
0.2489 0.4562 -0.0400
0.1934 0.4548 -0.0400
0.1194 0.5570 -0.0400
0.0576 0.5757 -0.0400
-1.9426 2.7273 -0.0400
-3.0848 1.5199 -0.0400
-3.1422 1.4371 -0.0400
-3.2333 1.3901 -0.0400
-3.3635 0.3820 -0.0400
-3.3887 0.2908 -0.0400
-3.4764 0.2448 -0.0400
-4.2206 -1.7193 -0.0400
-4.1514 -1.8201 -0.0400
-4.1051 -1.9142 -0.0400
-1.3643 -2.6669 -0.0400
-1.3270 -2.7020 -0.0400
-1.3116 -2.7366 -0.0400
-1.3055 -2.7713 -0.0400
-1.1870 -2.7976 -0.0400
-1.1639 -2.8285 -0.0400
-1.1518 -2.8598 -0.0400
-1.1429 -2.8912 -0.0400
-1.1440 -2.9239 -0.0400
-1.1513 -2.9578 -0.0400
-1.1460 -2.9899 -0.0400
-1.1223 -3.0184 -0.0400
-1.1041 -3.0474 -0.0400
-1.0982 -3.0789 -0.0400
-1.1113 -3.1152 -0.0400
-1.1267 -3.1530 -0.0400
-3.3189 -3.8241 -0.0400
-3.3087 -3.8973 -0.0400
-2.6059 -5.0735 -0.0400
-2.4894 -5.0746 -0.0400
-2.4324 -5.1185 -0.0400
-2.4063 -5.1868 -0.0400
-0.3187 -3.8257 -0.0400
-0.2780 -3.8188 -0.0400
-0.2391 -3.8123 -0.0400
-0.2143 -3.8224 -0.0400
-0.1916 -3.8349 -0.0400
-0.1727 -3.8525 -0.0400
-0.1556 -3.8729 -0.0400
-0.1518 -3.9137 -0.0400
-0.1518 -3.9624 -0.0400
-2.0368 -7.4343 -0.0400
-0.7509 -5.6455 -0.0400
-0.6894 -5.6504 -0.0400
1.4570 -8.5988 -0.0400
1.4126 -3.4030 -0.0400
1.4185 -3.3832 -0.0400
1.4236 -3.3632 -0.0400
1.4347 -3.3492 -0.0400
1.4494 -3.3384 -0.0400
1.4656 -3.3287 -0.0400
1.4996 -3.3334 -0.0400
4.0931 -5.3691 -0.0400
6.1094 -2.5227 -0.0400
6.1011 -2.4279 -0.0400
3.8673 2.1838 -0.0400
1.3499 -1.4781 -0.0400
1.3028 -1.5150 -0.0400
1.2764 -1.5162 -0.0400
1.2519 -1.5144 -0.0400
1.2293 -1.5095 -0.0400
1.2078 -1.5022 -0.0400
1.1885 -1.4904 -0.0400
1.1701 -1.4759 -0.0400
1.1528 -1.4579 -0.0400
1.1370 -1.4350 -0.0400
1.1236 -1.4034 -0.0400
0.3521 0.5457 -0.0400
0.3032 0.4787 -0.0400
0.2500 0.4577 -0.0400
0.1873 0.5013 -0.0400
0.1194 0.5638 -0.0400
0.0556 0.5912 -0.0400
-3.0604 1.6423 -0.0400
-3.0901 1.5257 -0.0400
-3.1413 1.4358 -0.0400
-3.2528 1.4100 -0.0400
-3.3348 0.4697 -0.0400
-3.3432 0.3642 -0.0400
-3.3860 0.2863 -0.0400
-3.5348 0.2831 -0.0400
-4.2150 -1.6345 -0.0400
-4.1552 -1.7352 -0.0400
-4.1461 -1.8244 -0.0400
-4.0777 -1.9220 -0.0400
-1.3592 -2.6744 -0.0400
-1.3239 -2.7094 -0.0400
-1.3071 -2.7439 -0.0400
-1.2130 -2.7737 -0.0400
-1.1807 -2.8047 -0.0400
-1.1593 -2.8356 -0.0400
-1.1489 -2.8670 -0.0400
-1.1448 -2.8989 -0.0400
-1.1476 -2.9319 -0.0400
-1.1575 -2.9662 -0.0400
-1.1333 -2.9950 -0.0400
-1.1088 -3.0230 -0.0400
-1.1031 -3.0545 -0.0400
-1.1021 -3.0870 -0.0400
-1.1069 -3.1213 -0.0400
-3.3477 -3.7598 -0.0400
-3.3095 -3.8248 -0.0400
-2.5563 -5.0387 -0.0400
-2.4795 -5.0685 -0.0400
-2.4321 -5.1196 -0.0400
-2.4100 -5.1909 -0.0400
-0.2947 -3.8025 -0.0400
-0.2639 -3.8064 -0.0400
-0.2324 -3.8084 -0.0400
-0.2098 -3.8209 -0.0400
-0.1888 -3.8354 -0.0400
-0.1723 -3.8559 -0.0400
-0.1564 -3.8778 -0.0400
-0.1560 -3.9234 -0.0400
-2.0391 -7.4285 -0.0400
-0.8066 -5.6226 -0.0400
-0.7382 -5.6140 -0.0400
-0.6883 -5.6423 -0.0400
1.3426 -8.6290 -0.0400
1.4441 -8.5959 -0.0400
1.9785 -7.3945 -0.0400
2.0169 -7.2209 -0.0400
1.4178 -3.3723 -0.0400
1.4270 -3.3566 -0.0400
1.4395 -3.3440 -0.0400
1.4575 -3.3360 -0.0400
1.4760 -3.3282 -0.0400
4.1061 -5.3999 -0.0400
6.0989 -2.5417 -0.0400
6.1345 -2.4452 -0.0400
1.3395 -1.5087 -0.0400
1.3096 -1.5145 -0.0400
1.2826 -1.5161 -0.0400
1.2578 -1.5144 -0.0400
1.2333 -1.5128 -0.0400
1.2125 -1.5038 -0.0400
1.1927 -1.4926 -0.0400
1.1738 -1.4791 -0.0400
1.1607 -1.4500 -0.0400
1.1462 -1.4225 -0.0400
1.1367 -1.3785 -0.0400
0.3066 0.4674 -0.0400
0.2505 0.4676 -0.0400
0.1888 0.5027 -0.0400
0.1206 0.5667 -0.0400
0.0560 0.5973 -0.0400
-3.0352 1.6139 -0.0400
-3.0701 1.5039 -0.0400
-3.1519 1.4474 -0.0400
-3.3405 0.4721 -0.0400
-3.3345 0.3554 -0.0400
-3.3962 0.2914 -0.0400
-4.2482 -1.6306 -0.0400
-4.1857 -1.7326 -0.0400
-4.0668 -1.8418 -0.0400
-4.1087 -1.9205 -0.0400
-1.3585 -2.6462 -0.0400
-1.3236 -2.6819 -0.0400
-1.3099 -2.7167 -0.0400
-1.3071 -2.7515 -0.0400
-1.2076 -2.7811 -0.0400
-1.1771 -2.8121 -0.0400
-1.1499 -2.8424 -0.0400
-1.1444 -2.8742 -0.0400
-1.1451 -2.9066 -0.0400
-1.1511 -2.9399 -0.0400
-1.1532 -2.9730 -0.0400
-1.1166 -2.9996 -0.0400
-1.1076 -3.0303 -0.0400
-1.1037 -3.0621 -0.0400
-1.1064 -3.0954 -0.0400
-1.1574 -3.1412 -0.0400
-3.3353 -3.7602 -0.0400
-3.3117 -3.8291 -0.0400
-3.3298 -3.9106 -0.0400
-2.5505 -5.0364 -0.0400
-2.4763 -5.0680 -0.0400
-2.4379 -5.1259 -0.0400
-2.4315 -5.2101 -0.0400
-0.3480 -3.8284 -0.0400
-0.2863 -3.7982 -0.0400
-0.2579 -3.8045 -0.0400
-0.2285 -3.8088 -0.0400
-0.2060 -3.8211 -0.0400
-0.1868 -3.8376 -0.0400
-0.1735 -3.8623 -0.0400
-0.1596 -3.8870 -0.0400
-0.1488 -3.9170 -0.0400
-2.0384 -7.4188 -0.0400
-0.8054 -5.6169 -0.0400
-0.7390 -5.6118 -0.0400
-0.6892 -5.6399 -0.0400
1.4316 -8.5909 -0.0400
1.9561 -7.3566 -0.0400
2.0037 -7.2169 -0.0400
2.0819 -7.1899 -0.0400
2.1807 -7.2256 -0.0400
1.4466 -3.3406 -0.0400
1.4694 -3.3365 -0.0400
1.4932 -3.3325 -0.0400
3.5719 -3.3798 -0.0400
3.5291 -3.3169 -0.0400
3.5064 -3.2601 -0.0400
6.1108 -2.4713 -0.0400
6.1016 -2.3765 -0.0400
1.3250 -1.5038 -0.0400
1.2954 -1.5092 -0.0400
1.2685 -1.5107 -0.0400
1.2410 -1.5146 -0.0400
1.2188 -1.5081 -0.0400
1.1974 -1.5000 -0.0400
1.1770 -1.4895 -0.0400
1.1602 -1.4698 -0.0400
1.1427 -1.4506 -0.0400
1.1267 -1.4262 -0.0400
1.1138 -1.3903 -0.0400
0.3073 0.4925 -0.0400
0.2548 0.4607 -0.0400
0.1993 0.4548 -0.0400
0.1382 0.4813 -0.0400
0.0601 0.5914 -0.0400
-3.1047 1.5441 -0.0400
-3.1414 1.4372 -0.0400
-3.2352 1.3928 -0.0400
-3.3736 0.3828 -0.0400
-3.3870 0.2821 -0.0400
-3.4898 0.2468 -0.0400
-4.2196 -1.7303 -0.0400
-4.1476 -1.8319 -0.0400
-4.0903 -1.9281 -0.0400
-4.1036 -2.0116 -0.0400
-1.3611 -2.6920 -0.0400
-1.3239 -2.7272 -0.0400
-1.3071 -2.7617 -0.0400
-1.2063 -2.7914 -0.0400
-1.1756 -2.8224 -0.0400
-1.1565 -2.8535 -0.0400
-1.1460 -2.8848 -0.0400
-1.1410 -2.9165 -0.0400
-1.1411 -2.9489 -0.0400
-1.1463 -2.9822 -0.0400
-1.1226 -3.0109 -0.0400
-1.1077 -3.0406 -0.0400
-1.1004 -3.0716 -0.0400
-1.0984 -3.1038 -0.0400
-1.1279 -3.1440 -0.0400
-3.3775 -3.7767 -0.0400
-3.3113 -3.8342 -0.0400
-3.2959 -3.9054 -0.0400
-2.5720 -5.0556 -0.0400
-2.4960 -5.0863 -0.0400
-2.4302 -5.1232 -0.0400
-2.3947 -5.1832 -0.0400
-2.3923 -5.2715 -0.0400
-0.2962 -3.8181 -0.0400
-0.2562 -3.8109 -0.0400
-0.2310 -3.8201 -0.0400
-0.2046 -3.8275 -0.0400
-0.1836 -3.8413 -0.0400
-0.1648 -3.8581 -0.0400
-0.1515 -3.8828 -0.0400
-0.1470 -3.9216 -0.0400
-0.1439 -3.9642 -0.0400
-1.9618 -7.4673 -0.0400
-0.7516 -5.6348 -0.0400
-0.6887 -5.6351 -0.0400
1.4178 -8.6006 -0.0400
2.0291 -7.3567 -0.0400
2.0645 -7.1838 -0.0400
2.1488 -7.1771 -0.0400
2.2550 -7.2312 -0.0400
3.5722 -3.2941 -0.0400
3.5277 -3.2331 -0.0400
3.5211 -3.1805 -0.0400
3.5602 -3.1354 -0.0400
1.2673 -1.5228 -0.0400
1.2451 -1.5157 -0.0400
1.2237 -1.5071 -0.0400
1.2049 -1.4928 -0.0400
1.1862 -1.4774 -0.0400
1.1686 -1.4587 -0.0400
1.1523 -1.4354 -0.0400
0.3669 0.4833 -0.0400
0.3119 0.4711 -0.0400
0.2532 0.4888 -0.0400
0.1836 0.5721 -0.0400
0.1210 0.5947 -0.0400
-3.0095 1.5874 -0.0400
-3.0681 1.5042 -0.0400
-3.1684 1.4675 -0.0400
-3.2970 0.4349 -0.0400
-3.3388 0.3553 -0.0400
-3.4846 0.3528 -0.0400
-4.2036 -1.6464 -0.0400
-4.0717 -1.7617 -0.0400
-4.0686 -1.8483 -0.0400
-1.3637 -2.6256 -0.0400
-1.3247 -2.6622 -0.0400
-1.3106 -2.6973 -0.0400
-1.3075 -2.7321 -0.0400
-1.2074 -2.7637 -0.0400
-1.1767 -2.7952 -0.0400
-1.1503 -2.8260 -0.0400
-1.1468 -2.8579 -0.0400
-1.1480 -2.8902 -0.0400
-1.1575 -2.9237 -0.0400
-1.1469 -2.9549 -0.0400
-1.1247 -2.9841 -0.0400
-1.1105 -3.0141 -0.0400
-1.1113 -3.0466 -0.0400
-1.1199 -3.0809 -0.0400
-1.1449 -3.1196 -0.0400
-3.3891 -3.7066 -0.0400
-3.3288 -3.7665 -0.0400
-2.6184 -5.0043 -0.0400
-2.5169 -5.0177 -0.0400
-2.4706 -5.0692 -0.0400
-2.4594 -5.1479 -0.0400
-2.4633 -5.2405 -0.0400
-0.3029 -3.7913 -0.0400
-0.2682 -3.7905 -0.0400
-0.2409 -3.7972 -0.0400
-0.2183 -3.8091 -0.0400
-0.2000 -3.8261 -0.0400
-0.1825 -3.8443 -0.0400
-0.1715 -3.8716 -0.0400
-0.1701 -3.9137 -0.0400
-2.1516 -7.4088 -0.0400
-0.7948 -5.5930 -0.0400
-0.7378 -5.6058 -0.0400
1.3084 -8.6214 -0.0400
1.9058 -7.2523 -0.0400
1.9783 -7.2063 -0.0400
2.0625 -7.2010 -0.0400
2.1691 -7.2620 -0.0400
3.5738 -3.4111 -0.0400
3.5354 -3.3490 -0.0400
3.5035 -3.2900 -0.0400
3.5044 -3.2388 -0.0400
3.5263 -3.1915 -0.0400
3.5966 -3.1511 -0.0400
1.2111 -1.4944 -0.0400
1.1922 -1.4792 -0.0400
1.1743 -1.4607 -0.0400
1.1656 -1.4168 -0.0400
1.1614 -1.3563 -0.0400
0.3700 0.4932 -0.0400
0.3156 0.4723 -0.0400
0.2583 0.4773 -0.0400
0.1840 0.5931 -0.0400
-3.0050 1.5846 -0.0400
-3.0699 1.5085 -0.0400
-3.1934 1.4968 -0.0400
-3.2667 0.5241 -0.0400
-3.2831 0.4231 -0.0400
-3.3562 0.3676 -0.0400
-3.4563 0.3310 -0.0400
-4.1850 -1.5639 -0.0400
-4.1194 -1.6677 -0.0400
-4.0829 -1.7627 -0.0400
-4.0668 -1.8520 -0.0400
-1.3673 -2.6331 -0.0400
-1.3107 -2.6702 -0.0400
-1.3074 -2.7050 -0.0400
-1.2088 -2.7385 -0.0400
-1.1781 -2.7706 -0.0400
-1.1596 -2.8023 -0.0400
-1.1498 -2.8339 -0.0400
-1.1461 -2.8658 -0.0400
-1.1473 -2.8981 -0.0400
-1.1491 -2.9307 -0.0400
-1.1275 -2.9602 -0.0400
-1.1143 -2.9905 -0.0400
-1.1093 -3.0218 -0.0400
-1.1108 -3.0544 -0.0400
-1.1216 -3.0892 -0.0400
-1.1516 -3.1290 -0.0400
-3.3463 -3.7004 -0.0400
-3.3397 -3.7737 -0.0400
-2.5931 -4.9901 -0.0400
-2.5097 -5.0160 -0.0400
-2.4758 -5.0765 -0.0400
-2.4540 -5.1469 -0.0400
-0.3237 -3.7837 -0.0400
-0.2876 -3.7820 -0.0400
-0.2589 -3.7875 -0.0400
-0.2348 -3.7975 -0.0400
-0.2140 -3.8113 -0.0400
-0.1967 -3.8293 -0.0400
-0.1832 -3.8526 -0.0400
-0.1754 -3.8843 -0.0400
-0.1858 -3.9431 -0.0400
-2.1475 -7.3970 -0.0400
-0.7878 -5.5796 -0.0400
-0.7422 -5.6145 -0.0400
1.2966 -8.6050 -0.0400
1.8599 -7.4484 -0.0400
1.8998 -7.2677 -0.0400
1.9686 -7.2082 -0.0400
2.0515 -7.1997 -0.0400
3.5542 -3.3685 -0.0400
3.5138 -3.3073 -0.0400
3.5042 -3.2538 -0.0400
3.5375 -3.2085 -0.0400
1.1723 -1.4176 -0.0400
1.1675 -1.3583 -0.0400
0.4293 0.5190 -0.0400
0.3755 0.4830 -0.0400
0.3193 0.4777 -0.0400
0.2584 0.5090 -0.0400
0.1897 0.5832 -0.0400
0.1234 0.6252 -0.0400
-2.9884 1.7238 -0.0400
-2.9949 1.5760 -0.0400
-3.0822 1.5253 -0.0400
-3.1950 1.5013 -0.0400
-3.2703 0.5268 -0.0400
-3.2832 0.4228 -0.0400
-3.3698 0.3775 -0.0400
-4.1840 -1.5669 -0.0400
-4.1174 -1.6711 -0.0400
-4.0812 -1.7661 -0.0400
-1.3660 -2.6048 -0.0400
-1.3255 -2.6424 -0.0400
-1.3110 -2.6778 -0.0400
-1.3074 -2.7127 -0.0400
-1.2091 -2.7464 -0.0400
-1.1606 -2.7780 -0.0400
-1.1512 -2.8098 -0.0400
-1.1479 -2.8418 -0.0400
-1.1495 -2.8740 -0.0400
-1.1596 -2.9073 -0.0400
-1.1482 -2.9385 -0.0400
-1.1263 -2.9681 -0.0400
-1.1131 -2.9983 -0.0400
-1.1153 -3.0309 -0.0400
-1.1279 -3.0657 -0.0400
-1.1605 -3.1053 -0.0400
-3.4312 -3.6496 -0.0400
-3.3465 -3.7049 -0.0400
-3.3346 -3.7767 -0.0400
-2.5578 -4.9695 -0.0400
-2.5065 -5.0175 -0.0400
-2.4794 -5.0831 -0.0400
-2.4671 -5.1607 -0.0400
-0.3143 -3.7819 -0.0400
-0.2793 -3.7810 -0.0400
-0.2521 -3.7879 -0.0400
-0.2285 -3.7983 -0.0400
-0.2103 -3.8149 -0.0400
-0.1949 -3.8351 -0.0400
-0.1830 -3.8603 -0.0400
-0.1768 -3.8941 -0.0400
-2.1334 -7.3696 -0.0400
-0.8634 -5.6032 -0.0400
-0.7866 -5.5788 -0.0400
1.2880 -8.6120 -0.0400
1.8611 -7.4918 -0.0400
1.8814 -7.2342 -0.0400
1.9616 -7.2177 -0.0400
2.0547 -7.2429 -0.0400
1.9553 -4.9382 -0.0400
1.9776 -4.8884 -0.0400
3.5174 -3.3751 -0.0400
3.4951 -3.3183 -0.0400
3.4977 -3.2676 -0.0400
3.5192 -3.2203 -0.0400
3.5790 -3.1786 -0.0400
6.2902 -2.7115 -0.0400
0.4310 0.5674 -0.0400
0.3797 0.4923 -0.0400
0.3224 0.4946 -0.0400
0.2535 0.5844 -0.0400
0.1911 0.6065 -0.0400
-2.9728 1.7094 -0.0400
-2.9922 1.5768 -0.0400
-3.0951 1.5436 -0.0400
-3.2408 0.5028 -0.0400
-3.2843 0.4237 -0.0400
-3.3733 0.3802 -0.0400
-4.2071 -1.4731 -0.0400
-4.1833 -1.5697 -0.0400
-4.1137 -1.6747 -0.0400
-4.0518 -1.7750 -0.0400
-1.3612 -2.6126 -0.0400
-1.3097 -2.6506 -0.0400
-1.3070 -2.6856 -0.0400
-1.2081 -2.7211 -0.0400
-1.1781 -2.7539 -0.0400
-1.1602 -2.7859 -0.0400
-1.1508 -2.8178 -0.0400
-1.1474 -2.8497 -0.0400
-1.1615 -2.8830 -0.0400
-1.1511 -2.9144 -0.0400
-1.1294 -2.9444 -0.0400
-1.1165 -2.9748 -0.0400
-1.1119 -3.0062 -0.0400
-1.1140 -3.0387 -0.0400
-1.1266 -3.0735 -0.0400
-1.1595 -3.1130 -0.0400
-3.3684 -3.6400 -0.0400
-3.3476 -3.7097 -0.0400
-2.6411 -4.9465 -0.0400
-2.5447 -4.9648 -0.0400
-2.5046 -5.0205 -0.0400
-2.4772 -5.0855 -0.0400
-0.3317 -3.7721 -0.0400
-0.2933 -3.7683 -0.0400
-0.2694 -3.7790 -0.0400
-0.2444 -3.7879 -0.0400
-0.2236 -3.8014 -0.0400
-0.2064 -3.8190 -0.0400
-0.1922 -3.8404 -0.0400
-0.1878 -3.8753 -0.0400
-0.1895 -3.9200 -0.0400
-2.1263 -7.3549 -0.0400
-0.8492 -5.5794 -0.0400
-0.7850 -5.5781 -0.0400
1.2788 -8.6081 -0.0400
1.8376 -7.4330 -0.0400
1.8783 -7.2559 -0.0400
1.9518 -7.2152 -0.0400
2.0392 -7.2226 -0.0400
1.9461 -4.9385 -0.0400
1.9686 -4.8895 -0.0400
2.0008 -4.8580 -0.0400
2.0388 -4.8363 -0.0400
2.0764 -4.8138 -0.0400
3.5589 -3.4528 -0.0400
3.5310 -3.3931 -0.0400
3.4969 -3.3335 -0.0400
3.4939 -3.2816 -0.0400
3.5369 -3.2382 -0.0400
6.1075 -2.6358 -0.0400
0.4410 0.5133 -0.0400
0.3861 0.4848 -0.0400
0.3291 0.4836 -0.0400
0.2665 0.5252 -0.0400
0.1986 0.5913 -0.0400
-2.9261 1.8183 -0.0400
-2.9311 1.6638 -0.0400
-2.9911 1.5802 -0.0400
-3.0968 1.5500 -0.0400
-3.2344 0.4984 -0.0400
-3.2906 0.4294 -0.0400
-4.1697 -1.4851 -0.0400
-4.1182 -1.5878 -0.0400
-4.0367 -1.6945 -0.0400
-4.0586 -1.7764 -0.0400
-1.3499 -2.5849 -0.0400
-1.3203 -2.6225 -0.0400
-1.3088 -2.6581 -0.0400
-1.3075 -2.6931 -0.0400
-1.2047 -2.7289 -0.0400
-1.1599 -2.7615 -0.0400
-1.1514 -2.7935 -0.0400
-1.1488 -2.8256 -0.0400
-1.1507 -2.8578 -0.0400
-1.1610 -2.8908 -0.0400
-1.1503 -2.9223 -0.0400
-1.1285 -2.9523 -0.0400
-1.1151 -2.9827 -0.0400
-1.1176 -3.0151 -0.0400
-1.1305 -3.0495 -0.0400
-1.1631 -3.0883 -0.0400
-3.4136 -3.5797 -0.0400
-3.3759 -3.6462 -0.0400
-3.3434 -3.7132 -0.0400
-3.3748 -3.7962 -0.0400
-2.6122 -4.9319 -0.0400
-2.5470 -4.9710 -0.0400
-2.5096 -5.0286 -0.0400
-2.4961 -5.1040 -0.0400
-0.3674 -3.7810 -0.0400
-0.3125 -3.7618 -0.0400
-0.2861 -3.7701 -0.0400
-0.2586 -3.7766 -0.0400
-0.2371 -3.7891 -0.0400
-0.2200 -3.8065 -0.0400
-0.2035 -3.8248 -0.0400
-0.1923 -3.8500 -0.0400
-0.1863 -3.8828 -0.0400
-0.2018 -3.9460 -0.0400
-2.2251 -7.3322 -0.0400
-2.1314 -7.3611 -0.0400
-0.8366 -5.5597 -0.0400
-0.7880 -5.5875 -0.0400
1.7967 -7.2998 -0.0400
1.8646 -7.2353 -0.0400
1.9474 -7.2296 -0.0400
2.0495 -7.2860 -0.0400
1.9406 -4.9441 -0.0400
1.9563 -4.8839 -0.0400
1.9941 -4.8620 -0.0400
2.0314 -4.8396 -0.0400
2.0701 -4.8190 -0.0400
3.5559 -3.4668 -0.0400
3.5318 -3.4080 -0.0400
3.4956 -3.3479 -0.0400
3.4936 -3.2962 -0.0400
3.5232 -3.2505 -0.0400
6.2833 -2.7496 -0.0400
6.1019 -2.6546 -0.0400
6.1254 -2.5589 -0.0400
0.4456 0.5382 -0.0400
0.3924 0.4850 -0.0400
0.3329 0.5053 -0.0400
0.2644 0.5901 -0.0400
0.2007 0.6186 -0.0400
-2.9168 1.6521 -0.0400
-2.9896 1.5840 -0.0400
-3.2106 0.5970 -0.0400
-3.2285 0.4950 -0.0400
-3.2918 0.4315 -0.0400
-4.1321 -1.4970 -0.0400
-4.0930 -1.5962 -0.0400
-4.0582 -1.6922 -0.0400
-4.0884 -1.7728 -0.0400
-1.3380 -2.5931 -0.0400
-1.3165 -2.6300 -0.0400
-1.3080 -2.6655 -0.0400
-1.1974 -2.7036 -0.0400
-1.1719 -2.7368 -0.0400
-1.1584 -2.7692 -0.0400
-1.1504 -2.8013 -0.0400
-1.1488 -2.8333 -0.0400
-1.1636 -2.8664 -0.0400
-1.1510 -2.8979 -0.0400
-1.1304 -2.9283 -0.0400
-1.1184 -2.9591 -0.0400
-1.1141 -2.9905 -0.0400
-1.1166 -3.0230 -0.0400
-1.1291 -3.0574 -0.0400
-3.4169 -3.5104 -0.0400
-3.4051 -3.5824 -0.0400
-3.3578 -3.6468 -0.0400
-3.3675 -3.7236 -0.0400
-2.7017 -4.9117 -0.0400
-2.5982 -4.9275 -0.0400
-2.5395 -4.9707 -0.0400
-2.5167 -5.0385 -0.0400
-2.5222 -5.1282 -0.0400
-0.3449 -3.7685 -0.0400
-0.3002 -3.7590 -0.0400
-0.2758 -3.7690 -0.0400
-0.2509 -3.7780 -0.0400
-0.2321 -3.7933 -0.0400
-0.2153 -3.8110 -0.0400
-0.2037 -3.8350 -0.0400
-0.1982 -3.8674 -0.0400
-0.2116 -3.9257 -0.0400
-2.2225 -7.3270 -0.0400
-0.8971 -5.5577 -0.0400
-0.8306 -5.5532 -0.0400
-0.7902 -5.5962 -0.0400
1.1611 -8.6259 -0.0400
1.8147 -7.4048 -0.0400
1.8605 -7.2491 -0.0400
1.9365 -7.2192 -0.0400
1.9200 -4.9219 -0.0400
1.9501 -4.8873 -0.0400
1.9872 -4.8647 -0.0400
2.0249 -4.8432 -0.0400
2.0788 -4.8458 -0.0400
3.5194 -3.4195 -0.0400
3.4906 -3.3612 -0.0400
3.4895 -3.3098 -0.0400
3.5167 -3.2638 -0.0400
6.1070 -2.6732 -0.0400
0.4551 0.5044 -0.0400
0.3992 0.4857 -0.0400
0.3410 0.4921 -0.0400
0.2715 0.5865 -0.0400
-2.9107 1.6513 -0.0400
-2.9923 1.5934 -0.0400
-3.1050 1.5706 -0.0400
-3.1967 0.5874 -0.0400
-3.2299 0.4981 -0.0400
-3.3044 0.4435 -0.0400
-4.1588 -1.4007 -0.0400
-4.1368 -1.4976 -0.0400
-4.0532 -1.6079 -0.0400
-4.0310 -1.7005 -0.0400
-1.3589 -2.5623 -0.0400
-1.3249 -2.6012 -0.0400
-1.3117 -2.6374 -0.0400
-1.2223 -2.6768 -0.0400
-1.1869 -2.7113 -0.0400
-1.1658 -2.7444 -0.0400
-1.1560 -2.7767 -0.0400
-1.1501 -2.8089 -0.0400
-1.1531 -2.8412 -0.0400
-1.1651 -2.8742 -0.0400
-1.1471 -2.9054 -0.0400
-1.1284 -2.9360 -0.0400
-1.1171 -2.9668 -0.0400
-1.1206 -2.9993 -0.0400
-1.1339 -3.0335 -0.0400
-1.1659 -3.0714 -0.0400
-3.4115 -3.5139 -0.0400
-3.4353 -3.5930 -0.0400
-3.3584 -3.6515 -0.0400
-2.6859 -4.9066 -0.0400
-2.5747 -4.9171 -0.0400
-2.5392 -4.9756 -0.0400
-2.5224 -5.0476 -0.0400
-0.3518 -3.7503 -0.0400
-0.3188 -3.7530 -0.0400
-0.2916 -3.7605 -0.0400
-0.2641 -3.7670 -0.0400
-0.2445 -3.7814 -0.0400
-0.2277 -3.7987 -0.0400
-0.2123 -3.8178 -0.0400
-0.2044 -3.8463 -0.0400
-0.2075 -3.8895 -0.0400
-2.2087 -7.3049 -0.0400
-0.8906 -5.5518 -0.0400
-0.8283 -5.5545 -0.0400
1.1532 -8.6133 -0.0400
1.7369 -7.4709 -0.0400
1.7803 -7.2915 -0.0400
1.8505 -7.2377 -0.0400
1.9341 -7.2364 -0.0400
1.9175 -4.9305 -0.0400
1.9453 -4.8920 -0.0400
1.9801 -4.8661 -0.0400
2.0197 -4.8479 -0.0400
2.0691 -4.8441 -0.0400
3.5696 -3.4990 -0.0400
3.5351 -3.4374 -0.0400
3.4819 -3.3734 -0.0400
3.4828 -3.3226 -0.0400
3.5160 -3.2779 -0.0400
6.1342 -2.7867 -0.0400
6.0982 -2.6919 -0.0400
6.1384 -2.5959 -0.0400
0.4621 0.5139 -0.0400
0.4060 0.4925 -0.0400
0.3444 0.5287 -0.0400
0.2770 0.6006 -0.0400
0.2107 0.6448 -0.0400
-2.8461 1.7386 -0.0400
-2.9071 1.6545 -0.0400
-2.9939 1.6025 -0.0400
-3.1263 1.6020 -0.0400
-3.1993 0.5926 -0.0400
-3.2304 0.5011 -0.0400
-3.3097 0.4502 -0.0400
-4.1431 -1.4065 -0.0400
-4.0983 -1.5093 -0.0400
-4.0378 -1.6135 -0.0400
-4.0453 -1.6992 -0.0400
-1.3310 -2.5718 -0.0400
-1.3141 -2.6089 -0.0400
-1.2517 -2.6483 -0.0400
-1.2008 -2.6849 -0.0400
-1.1760 -2.7189 -0.0400
-1.1606 -2.7518 -0.0400
-1.1485 -2.7841 -0.0400
-1.1508 -2.8164 -0.0400
-1.1566 -2.8488 -0.0400
-1.1682 -2.8819 -0.0400
-1.1285 -2.9116 -0.0400
-1.1198 -2.9429 -0.0400
-1.1172 -2.9746 -0.0400
-1.1216 -3.0073 -0.0400
-1.1356 -3.0416 -0.0400
-3.4200 -3.4457 -0.0400
-3.4483 -3.5249 -0.0400
-3.3753 -3.5854 -0.0400
-3.3612 -3.6566 -0.0400
-2.7229 -4.8525 -0.0400
-2.6262 -4.8741 -0.0400
-2.5719 -4.9206 -0.0400
-2.5374 -4.9798 -0.0400
-2.5238 -5.0539 -0.0400
-0.3477 -3.7568 -0.0400
-0.3027 -3.7477 -0.0400
-0.2791 -3.7584 -0.0400
-0.2562 -3.7694 -0.0400
-0.2388 -3.7860 -0.0400
-0.2229 -3.8042 -0.0400
-0.2143 -3.8311 -0.0400
-0.2039 -3.8567 -0.0400
-0.2221 -3.9186 -0.0400
-2.3187 -7.3009 -0.0400
-2.2134 -7.3127 -0.0400
-0.8816 -5.5423 -0.0400
-0.8256 -5.5559 -0.0400
1.1467 -8.6100 -0.0400
1.7398 -7.5125 -0.0400
1.7788 -7.3115 -0.0400
1.8458 -7.2446 -0.0400
1.9387 -7.2774 -0.0400
1.9046 -4.9196 -0.0400
1.9378 -4.8911 -0.0400
1.9781 -4.8746 -0.0400
2.0128 -4.8489 -0.0400
2.0582 -4.8396 -0.0400
1.3965 -3.4691 -0.0400
3.5961 -3.5197 -0.0400
3.5125 -3.4459 -0.0400
3.4856 -3.3881 -0.0400
3.4794 -3.3358 -0.0400
3.4975 -3.2885 -0.0400
6.1430 -2.8051 -0.0400
6.0960 -2.7103 -0.0400
4.0985 2.0339 -0.0400
0.4715 0.4956 -0.0400
0.4141 0.4912 -0.0400
0.3537 0.5152 -0.0400
0.2855 0.5956 -0.0400
-2.8444 1.7456 -0.0400
-2.9038 1.6590 -0.0400
-2.9915 1.6078 -0.0400
-3.1642 0.6861 -0.0400
-3.1779 0.5776 -0.0400
-3.2452 0.5169 -0.0400
-4.1464 -1.4065 -0.0400
-4.0706 -1.5179 -0.0400
-4.0159 -1.6204 -0.0400
-4.0668 -1.6958 -0.0400
-1.3810 -2.5364 -0.0400
-1.3130 -2.5802 -0.0400
-1.3057 -2.6162 -0.0400
-1.3056 -2.6515 -0.0400
-1.1812 -2.6929 -0.0400
-1.1633 -2.7263 -0.0400
-1.1494 -2.7591 -0.0400
-1.1497 -2.7914 -0.0400
-1.1520 -2.8237 -0.0400
-1.1619 -2.8564 -0.0400
-1.1373 -2.8876 -0.0400
-1.1248 -2.9189 -0.0400
-1.1189 -2.9504 -0.0400
-1.1181 -2.9824 -0.0400
-1.1442 -3.0178 -0.0400
-1.1850 -3.0564 -0.0400
-3.4176 -3.4496 -0.0400
-3.4380 -3.5273 -0.0400
-3.3783 -3.5904 -0.0400
-2.7413 -4.8690 -0.0400
-2.6265 -4.8797 -0.0400
-2.5698 -4.9247 -0.0400
-2.5599 -5.0005 -0.0400
-0.3681 -3.7522 -0.0400
-0.3156 -3.7373 -0.0400
-0.2911 -3.7473 -0.0400
-0.2697 -3.7599 -0.0400
-0.2504 -3.7744 -0.0400
-0.2351 -3.7930 -0.0400
-0.2215 -3.8138 -0.0400
-0.2195 -3.8484 -0.0400
-0.2162 -3.8827 -0.0400
-2.3008 -7.2751 -0.0400
-0.9359 -5.5318 -0.0400
-0.8692 -5.5276 -0.0400
1.1409 -8.6089 -0.0400
1.7200 -7.4490 -0.0400
1.7643 -7.2744 -0.0400
1.8385 -7.2390 -0.0400
1.9245 -7.2482 -0.0400
1.8877 -4.9895 -0.0400
1.9035 -4.9283 -0.0400
1.9333 -4.8941 -0.0400
1.9706 -4.8732 -0.0400
2.0119 -4.8582 -0.0400
1.3709 -3.4292 -0.0400
1.3763 -3.4121 -0.0400
1.3836 -3.3969 -0.0400
3.4748 -3.3484 -0.0400
3.5065 -3.3038 -0.0400
3.5623 -3.2623 -0.0400
6.1379 -2.8232 -0.0400
6.1130 -2.7282 -0.0400
4.1029 2.0088 -0.0400
2.1396 -0.3311 -0.0400
0.5366 0.5246 -0.0400
0.4801 0.4970 -0.0400
0.4226 0.4916 -0.0400
0.3626 0.5108 -0.0400
0.2904 0.6241 -0.0400
-2.8486 1.7609 -0.0400
-2.9074 1.6728 -0.0400
-3.0405 1.6752 -0.0400
-3.1384 0.6675 -0.0400
-3.1706 0.5756 -0.0400
-3.2316 0.5095 -0.0400
-4.1491 -1.3141 -0.0400
-4.0705 -1.4289 -0.0400
-4.0416 -1.5266 -0.0400
-4.0091 -1.6232 -0.0400
-4.0533 -1.7002 -0.0400
-1.3233 -2.5495 -0.0400
-1.3110 -2.5866 -0.0400
-1.2638 -2.6262 -0.0400
-1.2054 -2.6649 -0.0400
-1.1633 -2.7005 -0.0400
-1.1557 -2.7334 -0.0400
-1.1504 -2.7660 -0.0400
-1.1514 -2.7983 -0.0400
-1.1583 -2.8309 -0.0400
-1.1445 -2.8629 -0.0400
-1.1307 -2.8945 -0.0400
-1.1214 -2.9260 -0.0400
-1.1179 -2.9577 -0.0400
-1.1322 -2.9913 -0.0400
-1.1515 -3.0262 -0.0400
-3.4330 -3.3822 -0.0400
-3.4166 -3.4536 -0.0400
-3.3912 -3.5231 -0.0400
-3.3706 -3.5932 -0.0400
-3.4109 -3.6760 -0.0400
-2.6666 -4.8292 -0.0400
-2.6054 -4.8720 -0.0400
-2.5680 -4.9291 -0.0400
-2.5529 -5.0014 -0.0400
-0.3311 -3.7295 -0.0400
-0.3046 -3.7379 -0.0400
-0.2819 -3.7495 -0.0400
-0.2620 -3.7634 -0.0400
-0.2460 -3.7812 -0.0400
-0.2325 -3.8017 -0.0400
-0.2213 -3.8252 -0.0400
-0.2130 -3.8525 -0.0400
-2.2933 -7.2656 -0.0400
-0.9245 -5.5204 -0.0400
-0.8684 -5.5342 -0.0400
1.7175 -7.4607 -0.0400
1.7546 -7.2551 -0.0400
1.8370 -7.2535 -0.0400
1.9379 -7.3172 -0.0400
1.8674 -4.9615 -0.0400
1.8938 -4.9205 -0.0400
1.9279 -4.8945 -0.0400
1.9672 -4.8773 -0.0400
2.0036 -4.8550 -0.0400
2.0544 -4.8546 -0.0400
1.3677 -3.4564 -0.0400
1.3677 -3.4337 -0.0400
1.3725 -3.4162 -0.0400
1.3794 -3.4009 -0.0400
1.3880 -3.3873 -0.0400
1.3998 -3.3765 -0.0400
1.4133 -3.3669 -0.0400
6.1182 -2.8410 -0.0400
6.1134 -2.7462 -0.0400
2.1965 -0.3510 -0.0400
1.4436 -1.5372 -0.0400
1.4106 -1.5433 -0.0400
1.3771 -1.5523 -0.0400
0.6012 0.5225 -0.0400
0.5439 0.5027 -0.0400
0.4859 0.5010 -0.0400
0.4187 0.6110 -0.0400
0.3561 0.6337 -0.0400
-2.7045 1.9146 -0.0400
-2.7452 1.7989 -0.0400
-2.8238 1.7362 -0.0400
-2.9405 1.7207 -0.0400
-3.0712 0.7323 -0.0400
-3.1108 0.6460 -0.0400
-3.1807 0.5876 -0.0400
-4.1157 -1.2316 -0.0400
-4.0477 -1.3453 -0.0400
-3.9801 -1.4553 -0.0400
-3.9946 -1.5396 -0.0400
-1.3605 -2.4752 -0.0400
-1.3095 -2.5193 -0.0400
-1.3040 -2.5558 -0.0400
-1.2243 -2.5998 -0.0400
-1.1731 -2.6384 -0.0400
-1.1601 -2.6723 -0.0400
-1.1494 -2.7056 -0.0400
-1.1497 -2.7380 -0.0400
-1.1589 -2.7703 -0.0400
-1.1700 -2.8029 -0.0400
-1.1509 -2.8353 -0.0400
-1.1269 -2.8669 -0.0400
-1.1238 -2.8988 -0.0400
-1.1329 -2.9315 -0.0400
-1.1473 -2.9651 -0.0400
-1.1770 -3.0009 -0.0400
-3.4396 -3.3120 -0.0400
-3.4675 -3.3897 -0.0400
-3.3998 -3.4536 -0.0400
-3.3846 -3.5247 -0.0400
-3.4300 -3.6075 -0.0400
-2.7104 -4.7787 -0.0400
-2.6418 -4.8180 -0.0400
-2.6195 -4.8846 -0.0400
-2.6477 -4.9849 -0.0400
-0.4155 -3.7113 -0.0400
-0.3687 -3.7049 -0.0400
-0.3377 -3.7103 -0.0400
-0.3130 -3.7205 -0.0400
-0.2918 -3.7335 -0.0400
-0.2739 -3.7493 -0.0400
-0.2603 -3.7694 -0.0400
-0.2491 -3.7921 -0.0400
-0.2408 -3.8185 -0.0400
-2.4563 -7.1715 -0.0400
-2.3620 -7.2011 -0.0400
-1.0293 -5.4837 -0.0400
-0.9644 -5.4850 -0.0400
-0.9179 -5.5150 -0.0400
0.9291 -8.6203 -0.0400
1.5510 -7.4946 -0.0400
1.6014 -7.3204 -0.0400
1.6721 -7.2664 -0.0400
1.7530 -7.2610 -0.0400
1.8456 -7.3001 -0.0400
1.8342 -4.9966 -0.0400
1.8550 -4.9441 -0.0400
1.8868 -4.9138 -0.0400
1.9246 -4.8945 -0.0400
1.9682 -4.8847 -0.0400
1.3562 -3.4726 -0.0400
1.3537 -3.4472 -0.0400
1.3575 -3.4287 -0.0400
1.3617 -3.4110 -0.0400
1.3719 -3.3991 -0.0400
1.3836 -3.3884 -0.0400
1.3971 -3.3792 -0.0400
1.4224 -3.3792 -0.0400
1.4535 -3.3828 -0.0400
6.0870 -2.9468 -0.0400
6.0870 -2.8525 -0.0400
2.2026 -0.3671 -0.0400
1.4677 -1.5186 -0.0400
1.4183 -1.5529 -0.0400
1.3900 -1.5519 -0.0400
1.3605 -1.5542 -0.0400
1.3368 -1.5462 -0.0400
1.3137 -1.5370 -0.0400
0.4280 0.6147 -0.0400
0.3650 0.6398 -0.0400
-2.7360 1.7988 -0.0400
-2.8384 1.7665 -0.0400
-3.0694 0.7368 -0.0400
-3.1088 0.6500 -0.0400
-4.0915 -1.2392 -0.0400
-4.0217 -1.3532 -0.0400
-3.9766 -1.4565 -0.0400
-3.9962 -1.5396 -0.0400
-1.3199 -2.4871 -0.0400
-1.3091 -2.5249 -0.0400
-1.3003 -2.5619 -0.0400
-1.1965 -2.6087 -0.0400
-1.1624 -2.6454 -0.0400
-1.1560 -2.6788 -0.0400
-1.1475 -2.7120 -0.0400
-1.1524 -2.7443 -0.0400
-1.1612 -2.7767 -0.0400
-1.1487 -2.8094 -0.0400
-1.1358 -2.8417 -0.0400
-1.1250 -2.8736 -0.0400
-1.1252 -2.9058 -0.0400
-1.1302 -2.9383 -0.0400
-1.1660 -2.9737 -0.0400
-3.4615 -3.2444 -0.0400
-3.4419 -3.3160 -0.0400
-3.4457 -3.3903 -0.0400
-3.3938 -3.4565 -0.0400
-3.3865 -3.5289 -0.0400
-2.7579 -4.7316 -0.0400
-2.6790 -4.7661 -0.0400
-2.6334 -4.8185 -0.0400
-2.6106 -4.8847 -0.0400
-2.6207 -4.9729 -0.0400
-0.3996 -3.7092 -0.0400
-0.3581 -3.7070 -0.0400
-0.3290 -3.7138 -0.0400
-0.3009 -3.7209 -0.0400
-0.2837 -3.7374 -0.0400
-0.2689 -3.7560 -0.0400
-0.2565 -3.7772 -0.0400
-0.2471 -3.8018 -0.0400
-0.2631 -3.8543 -0.0400
-1.0089 -5.4607 -0.0400
-0.9524 -5.4745 -0.0400
-0.9151 -5.5191 -0.0400
0.8244 -8.6646 -0.0400
0.9249 -8.6115 -0.0400
1.5462 -7.4890 -0.0400
1.5970 -7.3168 -0.0400
1.6679 -7.2649 -0.0400
1.7586 -7.3026 -0.0400
1.8188 -4.9741 -0.0400
1.8473 -4.9372 -0.0400
1.8828 -4.9142 -0.0400
1.9213 -4.8966 -0.0400
1.9593 -4.8779 -0.0400
2.0143 -4.8859 -0.0400
1.3656 -3.4884 -0.0400
1.3540 -3.4536 -0.0400
1.3506 -3.4283 -0.0400
1.3583 -3.4143 -0.0400
1.3678 -3.4019 -0.0400
1.3790 -3.3911 -0.0400
1.3973 -3.3862 -0.0400
1.4163 -3.3813 -0.0400
1.4443 -3.3828 -0.0400
6.2806 -3.0673 -0.0400
6.0940 -2.9643 -0.0400
6.0953 -2.8700 -0.0400
4.3147 1.8642 -0.0400
2.2319 -0.3460 -0.0400
1.4784 -1.5238 -0.0400
1.4378 -1.5420 -0.0400
1.3996 -1.5582 -0.0400
1.3731 -1.5546 -0.0400
1.3468 -1.5514 -0.0400
1.3240 -1.5414 -0.0400
1.3033 -1.5270 -0.0400
1.2827 -1.5119 -0.0400
1.2668 -1.4848 -0.0400
-2.6764 1.9021 -0.0400
-2.7312 1.8053 -0.0400
-2.8199 1.7550 -0.0400
-3.0460 0.7217 -0.0400
-3.1162 0.6633 -0.0400
-4.0907 -1.2387 -0.0400
-4.0211 -1.3530 -0.0400
-3.9693 -1.4584 -0.0400
-4.0321 -1.5297 -0.0400
-1.3446 -2.4510 -0.0400
-1.3080 -2.4940 -0.0400
-1.2977 -2.5317 -0.0400
-1.2104 -2.5786 -0.0400
-1.1718 -2.6169 -0.0400
-1.1611 -2.6512 -0.0400
-1.1504 -2.6850 -0.0400
-1.1487 -2.7179 -0.0400
-1.1567 -2.7502 -0.0400
-1.1668 -2.7828 -0.0400
-1.1422 -2.8157 -0.0400
-1.1264 -2.8480 -0.0400
-1.1245 -2.8801 -0.0400
-1.1329 -2.9128 -0.0400
-1.1440 -2.9459 -0.0400
-3.4809 -3.1757 -0.0400
-3.4444 -3.2460 -0.0400
-3.4350 -3.3186 -0.0400
-3.4160 -3.3897 -0.0400
-3.3896 -3.4595 -0.0400
-2.7785 -4.7483 -0.0400
-2.6660 -4.7642 -0.0400
-2.6387 -4.8273 -0.0400
-2.6388 -4.9079 -0.0400
-0.4039 -3.6917 -0.0400
-0.3649 -3.6921 -0.0400
-0.3368 -3.7002 -0.0400
-0.3139 -3.7120 -0.0400
-0.2945 -3.7266 -0.0400
-0.2779 -3.7435 -0.0400
-0.2640 -3.7630 -0.0400
-0.2617 -3.7943 -0.0400
-0.2591 -3.8262 -0.0400
-0.2760 -3.8801 -0.0400
-2.4355 -7.1486 -0.0400
-1.0102 -5.4719 -0.0400
-0.9528 -5.4844 -0.0400
1.5402 -7.4733 -0.0400
1.5914 -7.3048 -0.0400
1.6665 -7.2733 -0.0400
1.7549 -7.3018 -0.0400
1.8224 -4.9872 -0.0400
1.8426 -4.9347 -0.0400
1.8825 -4.9201 -0.0400
1.9176 -4.8968 -0.0400
1.9631 -4.8908 -0.0400
1.3455 -3.4730 -0.0400
1.3446 -3.4496 -0.0400
1.3489 -3.4323 -0.0400
1.3557 -3.4175 -0.0400
1.3644 -3.4047 -0.0400
1.3770 -3.3954 -0.0400
1.3916 -3.3875 -0.0400
1.4092 -3.3818 -0.0400
1.4338 -3.3811 -0.0400
6.0854 -2.8871 -0.0400
4.3393 1.8649 -0.0400
2.2465 -0.3494 -0.0400
1.4954 -1.5185 -0.0400
1.4508 -1.5431 -0.0400
1.4174 -1.5502 -0.0400
1.3838 -1.5592 -0.0400
1.3586 -1.5535 -0.0400
1.3346 -1.5458 -0.0400
1.3127 -1.5336 -0.0400
1.2942 -1.5137 -0.0400
1.2748 -1.4949 -0.0400
1.2635 -1.4546 -0.0400
1.2511 -1.4139 -0.0400
-2.6258 2.0235 -0.0400
-2.6495 1.8793 -0.0400
-2.7259 1.8122 -0.0400
-2.8397 1.7942 -0.0400
-3.0281 0.8388 -0.0400
-3.0458 0.7292 -0.0400
-3.1088 0.6639 -0.0400
-3.2221 0.6429 -0.0400
-4.0302 -1.2575 -0.0400
-3.9764 -1.3660 -0.0400
-3.9714 -1.4571 -0.0400
-1.3323 -2.4577 -0.0400
-1.3046 -2.4992 -0.0400
-1.2979 -2.5365 -0.0400
-1.1865 -2.5867 -0.0400
-1.1611 -2.6234 -0.0400
-1.1499 -2.6576 -0.0400
-1.1459 -2.6909 -0.0400
-1.1508 -2.7234 -0.0400
-1.1578 -2.7559 -0.0400
-1.1596 -2.7887 -0.0400
-1.1344 -2.8217 -0.0400
-1.1255 -2.8541 -0.0400
-1.1250 -2.8864 -0.0400
-1.1372 -2.9193 -0.0400
-1.1768 -2.9544 -0.0400
-3.4795 -3.1785 -0.0400
-3.4396 -3.2486 -0.0400
-3.4499 -3.3235 -0.0400
-3.4008 -3.3910 -0.0400
-3.3963 -3.4639 -0.0400
-3.4491 -3.5469 -0.0400
-2.7205 -4.7218 -0.0400
-2.6651 -4.7692 -0.0400
-2.6328 -4.8294 -0.0400
-2.6246 -4.9047 -0.0400
-0.3944 -3.6952 -0.0400
-0.3570 -3.6968 -0.0400
-0.3296 -3.7054 -0.0400
-0.3040 -3.7149 -0.0400
-0.2882 -3.7325 -0.0400
-0.2752 -3.7527 -0.0400
-0.2651 -3.7759 -0.0400
-0.2587 -3.8032 -0.0400
-0.2586 -3.8378 -0.0400
-2.5315 -7.1238 -0.0400
-2.4381 -7.1556 -0.0400
-1.0816 -5.4879 -0.0400
-0.9901 -5.4505 -0.0400
-0.9668 -5.5163 -0.0400
0.8175 -8.6238 -0.0400
1.5150 -7.3456 -0.0400
1.5848 -7.2840 -0.0400
1.6645 -7.2772 -0.0400
1.7563 -7.3211 -0.0400
1.7889 -5.0201 -0.0400
1.8095 -4.9667 -0.0400
1.8404 -4.9355 -0.0400
1.8777 -4.9167 -0.0400
1.9144 -4.8967 -0.0400
1.3541 -3.4863 -0.0400
1.3462 -3.4559 -0.0400
1.3435 -3.4318 -0.0400
1.3514 -3.4184 -0.0400
1.3610 -3.4068 -0.0400
1.3725 -3.3967 -0.0400
1.3860 -3.3883 -0.0400
1.4023 -3.3819 -0.0400
2.2410 -0.3857 -0.0400
2.1878 -0.3764 -0.0400
1.4674 -1.5384 -0.0400
1.4308 -1.5506 -0.0400
1.3956 -1.5624 -0.0400
1.3698 -1.5575 -0.0400
1.3458 -1.5496 -0.0400
1.3235 -1.5381 -0.0400
1.3024 -1.5239 -0.0400
1.2863 -1.4971 -0.0400
1.2685 -1.4730 -0.0400
1.2739 -1.3859 -0.0400
-2.6556 1.9036 -0.0400
-2.7176 1.8161 -0.0400
-2.9868 0.8073 -0.0400
-3.0398 0.7320 -0.0400
-3.1329 0.6942 -0.0400
-4.0199 -1.2592 -0.0400
-3.9578 -1.3705 -0.0400
-3.9740 -1.4552 -0.0400
-1.3150 -2.4650 -0.0400
-1.2977 -2.5046 -0.0400
-1.2250 -2.5516 -0.0400
-1.1793 -2.5923 -0.0400
-1.1572 -2.6287 -0.0400
-1.1492 -2.6627 -0.0400
-1.1472 -2.6959 -0.0400
-1.1541 -2.7284 -0.0400
-1.1683 -2.7608 -0.0400
-1.1389 -2.7947 -0.0400
-1.1266 -2.8274 -0.0400
-1.1253 -2.8598 -0.0400
-1.1292 -2.8923 -0.0400
-1.1483 -2.9257 -0.0400
-1.2079 -2.9624 -0.0400
-3.4641 -3.1799 -0.0400
-3.4397 -3.2514 -0.0400
-3.4293 -3.3240 -0.0400
-3.3995 -3.3938 -0.0400
-3.4359 -3.4730 -0.0400
-2.6978 -4.7147 -0.0400
-2.6629 -4.7734 -0.0400
-2.6505 -4.8454 -0.0400
-2.7141 -4.9656 -0.0400
-0.4009 -3.6800 -0.0400
-0.3647 -3.6831 -0.0400
-0.3382 -3.6927 -0.0400
-0.3164 -3.7057 -0.0400
-0.2981 -3.7212 -0.0400
-0.2827 -3.7392 -0.0400
-0.2700 -3.7596 -0.0400
-0.2718 -3.7942 -0.0400
-0.2748 -3.8312 -0.0400
-2.5308 -7.1266 -0.0400
-2.4376 -7.1587 -0.0400
-1.0353 -5.4293 -0.0400
-0.9871 -5.4558 -0.0400
0.8149 -8.6045 -0.0400
1.4600 -7.5238 -0.0400
1.5067 -7.3088 -0.0400
1.5806 -7.2727 -0.0400
1.6590 -7.2613 -0.0400
1.7947 -5.0355 -0.0400
1.8021 -4.9557 -0.0400
1.8378 -4.9343 -0.0400
1.8766 -4.9186 -0.0400
1.9135 -4.8995 -0.0400
1.9634 -4.9017 -0.0400
1.3391 -3.4744 -0.0400
1.3384 -3.4519 -0.0400
1.3428 -3.4350 -0.0400
1.3494 -3.4207 -0.0400
1.3582 -3.4085 -0.0400
1.3712 -3.4001 -0.0400
1.3861 -3.3930 -0.0400
1.4049 -3.3888 -0.0400
1.4335 -3.3917 -0.0400
4.3600 1.8283 -0.0400
2.2601 -0.3825 -0.0400
2.2031 -0.3790 -0.0400
1.4903 -1.5233 -0.0400
1.4372 -1.5644 -0.0400
1.4085 -1.5641 -0.0400
1.3819 -1.5604 -0.0400
1.3572 -1.5535 -0.0400
1.3342 -1.5434 -0.0400
1.3130 -1.5292 -0.0400
1.2926 -1.5124 -0.0400
1.2794 -1.4772 -0.0400
1.2644 -1.4440 -0.0400
-2.5878 2.0026 -0.0400
-2.6321 1.8874 -0.0400
-2.7143 1.8276 -0.0400
-2.8392 1.8236 -0.0400
-2.9993 0.8293 -0.0400
-3.0353 0.7371 -0.0400
-3.1116 0.6836 -0.0400
-4.0718 -1.1457 -0.0400
-4.0262 -1.2550 -0.0400
-3.9577 -1.3686 -0.0400
-3.9779 -1.4524 -0.0400
-1.3306 -2.4283 -0.0400
-1.3119 -2.4692 -0.0400
-1.2971 -2.5086 -0.0400
-1.2035 -2.5589 -0.0400
-1.1673 -2.5982 -0.0400
-1.1515 -2.6338 -0.0400
-1.1457 -2.6676 -0.0400
-1.1488 -2.7005 -0.0400
-1.1576 -2.7331 -0.0400
-1.1625 -2.7660 -0.0400
-1.1321 -2.8000 -0.0400
-1.1257 -2.8327 -0.0400
-1.1281 -2.8653 -0.0400
-1.1404 -2.8982 -0.0400
-1.1735 -2.9325 -0.0400
-1.2198 -2.9688 -0.0400
-3.4469 -3.1809 -0.0400
-3.4432 -3.2542 -0.0400
-3.4162 -3.3250 -0.0400
-3.3962 -3.3961 -0.0400
-3.4513 -3.4781 -0.0400
-2.7563 -4.6733 -0.0400
-2.6965 -4.7192 -0.0400
-2.6599 -4.7770 -0.0400
-2.6443 -4.8471 -0.0400
-0.3920 -3.6841 -0.0400
-0.3577 -3.6885 -0.0400
-0.3253 -3.6935 -0.0400
-0.3076 -3.7096 -0.0400
-0.2928 -3.7281 -0.0400
-0.2808 -3.7491 -0.0400
-0.2721 -3.7734 -0.0400
-0.2678 -3.8023 -0.0400
-0.2727 -3.8412 -0.0400
-2.5388 -7.1410 -0.0400
-1.0983 -5.4332 -0.0400
-1.0291 -5.4302 -0.0400
-0.9839 -5.4610 -0.0400
0.8131 -8.6028 -0.0400
1.4570 -7.5139 -0.0400
1.5046 -7.3049 -0.0400
1.5790 -7.2721 -0.0400
1.6602 -7.2754 -0.0400
1.7578 -5.0592 -0.0400
1.7721 -4.9909 -0.0400
1.8013 -4.9563 -0.0400
1.8358 -4.9331 -0.0400
1.8756 -4.9198 -0.0400
1.9198 -4.9135 -0.0400
1.3467 -3.4851 -0.0400
1.3326 -3.4490 -0.0400
1.3383 -3.4339 -0.0400
1.3461 -3.4209 -0.0400
1.3557 -3.4098 -0.0400
1.3671 -3.4002 -0.0400
1.3806 -3.3923 -0.0400
1.3972 -3.3867 -0.0400
2.2877 -0.3661 -0.0400
2.2124 -0.3920 -0.0400
1.4920 -1.5455 -0.0400
1.4536 -1.5605 -0.0400
1.4228 -1.5634 -0.0400
1.3949 -1.5617 -0.0400
1.3678 -1.5596 -0.0400
1.3450 -1.5489 -0.0400
1.3233 -1.5355 -0.0400
1.3027 -1.5194 -0.0400
1.2891 -1.4853 -0.0400
1.2738 -1.4528 -0.0400
-2.6320 1.9050 -0.0400
-2.7245 1.8586 -0.0400
-2.9719 0.9436 -0.0400
-2.9728 0.8138 -0.0400
-3.0344 0.7464 -0.0400
-3.1473 0.7262 -0.0400
-4.0388 -1.1544 -0.0400
-4.0070 -1.2587 -0.0400
-3.9529 -1.3678 -0.0400
-4.0379 -1.4324 -0.0400
-1.3142 -2.4346 -0.0400
-1.3030 -2.4740 -0.0400
-1.2958 -2.5121 -0.0400
-1.1785 -2.5663 -0.0400
-1.1648 -2.6024 -0.0400
-1.1507 -2.6379 -0.0400
-1.1472 -2.6717 -0.0400
-1.1519 -2.7046 -0.0400
-1.1677 -2.7369 -0.0400
-1.1437 -2.7714 -0.0400
-1.1298 -2.8048 -0.0400
-1.1255 -2.8376 -0.0400
-1.1290 -2.8703 -0.0400
-1.1528 -2.9036 -0.0400
-1.1973 -2.9387 -0.0400
-3.4627 -3.1102 -0.0400
-3.4396 -3.1823 -0.0400
-3.4711 -3.2590 -0.0400
-3.4177 -3.3275 -0.0400
-3.3999 -3.3990 -0.0400
-2.7511 -4.6755 -0.0400
-2.6939 -4.7229 -0.0400
-2.6760 -4.7914 -0.0400
-2.6998 -4.8852 -0.0400
-0.4582 -3.6804 -0.0400
-0.3970 -3.6679 -0.0400
-0.3647 -3.6744 -0.0400
-0.3398 -3.6857 -0.0400
-0.3193 -3.6997 -0.0400
-0.3020 -3.7162 -0.0400
-0.2875 -3.7350 -0.0400
-0.2837 -3.7632 -0.0400
-0.2804 -3.7927 -0.0400
-0.2877 -3.8332 -0.0400
-2.5030 -7.0981 -0.0400
-1.0956 -5.4393 -0.0400
-1.0246 -5.4338 -0.0400
0.7111 -8.6121 -0.0400
0.8118 -8.6100 -0.0400
1.3813 -7.5770 -0.0400
1.4516 -7.4855 -0.0400
1.5007 -7.2868 -0.0400
1.5774 -7.2690 -0.0400
1.6585 -7.2729 -0.0400
1.7521 -5.0474 -0.0400
1.7706 -4.9885 -0.0400
1.8001 -4.9550 -0.0400
1.8383 -4.9392 -0.0400
1.8729 -4.9166 -0.0400
1.9162 -4.9093 -0.0400
1.3335 -3.4734 -0.0400
1.3337 -3.4522 -0.0400
1.3382 -3.4361 -0.0400
1.3448 -3.4223 -0.0400
1.3541 -3.4111 -0.0400
1.3666 -3.4027 -0.0400
1.3814 -3.3962 -0.0400
1.4003 -3.3926 -0.0400
1.4312 -3.3979 -0.0400
2.2858 -0.3971 -0.0400
2.2286 -0.3938 -0.0400
2.1823 -0.3731 -0.0400
1.4747 -1.5483 -0.0400
1.4321 -1.5726 -0.0400
1.4048 -1.5699 -0.0400
1.3797 -1.5634 -0.0400
1.3561 -1.5541 -0.0400
1.3338 -1.5422 -0.0400
1.3162 -1.5190 -0.0400
1.2978 -1.4962 -0.0400
1.2816 -1.4666 -0.0400
1.2712 -1.4183 -0.0400
-2.5492 1.9846 -0.0400
-2.6124 1.8962 -0.0400
-2.7049 1.8499 -0.0400
-2.9816 0.8339 -0.0400
-3.0479 0.7702 -0.0400
-4.0036 -1.1634 -0.0400
-4.0049 -1.2562 -0.0400
-3.9559 -1.3640 -0.0400
-1.3104 -2.4380 -0.0400
-1.3015 -2.4771 -0.0400
-1.2227 -2.5275 -0.0400
-1.1678 -2.5712 -0.0400
-1.1574 -2.6068 -0.0400
-1.1479 -2.6418 -0.0400
-1.1503 -2.6751 -0.0400
-1.1555 -2.7082 -0.0400
-1.1687 -2.7408 -0.0400
-1.1385 -2.7758 -0.0400
-1.1279 -2.8092 -0.0400
-1.1282 -2.8420 -0.0400
-1.1382 -2.8749 -0.0400
-1.1602 -2.9085 -0.0400
-1.2343 -2.9450 -0.0400
-3.4616 -3.1116 -0.0400
-3.4430 -3.1842 -0.0400
-3.4401 -3.2578 -0.0400
-3.4021 -3.3276 -0.0400
-3.4319 -3.4052 -0.0400
-2.8304 -4.6426 -0.0400
-2.7415 -4.6753 -0.0400
-2.6905 -4.7259 -0.0400
-2.6773 -4.7970 -0.0400
-2.7066 -4.8941 -0.0400
-0.4309 -3.6717 -0.0400
-0.3863 -3.6706 -0.0400
-0.3567 -3.6791 -0.0400
-0.3279 -3.6872 -0.0400
-0.3115 -3.7045 -0.0400
-0.2977 -3.7238 -0.0400
-0.2869 -3.7458 -0.0400
-0.2796 -3.7711 -0.0400
-0.2768 -3.8011 -0.0400
-0.2867 -3.8440 -0.0400
-1.1453 -5.4231 -0.0400
-1.0664 -5.4085 -0.0400
-1.0186 -5.4355 -0.0400
0.7102 -8.6186 -0.0400
0.8109 -8.6129 -0.0400
1.3778 -7.5544 -0.0400
1.4291 -7.3405 -0.0400
1.4986 -7.2768 -0.0400
1.5777 -7.2731 -0.0400
1.6610 -7.2881 -0.0400
1.7433 -5.0275 -0.0400
1.7678 -4.9821 -0.0400
1.7975 -4.9496 -0.0400
1.8372 -4.9372 -0.0400
1.8723 -4.9159 -0.0400
1.9152 -4.9086 -0.0400
1.3274 -3.4897 -0.0400
1.3251 -3.4656 -0.0400
1.3285 -3.4483 -0.0400
1.3345 -3.4340 -0.0400
1.3422 -3.4216 -0.0400
1.3518 -3.4110 -0.0400
1.3631 -3.4019 -0.0400
1.3766 -3.3946 -0.0400
1.4062 -3.4002 -0.0400
3.5081 -3.6627 -0.0400
2.3242 -0.3640 -0.0400
2.2386 -0.4059 -0.0400
1.5295 -1.5317 -0.0400
1.4825 -1.5605 -0.0400
1.4485 -1.5686 -0.0400
1.4193 -1.5690 -0.0400
1.3926 -1.5656 -0.0400
1.3677 -1.5589 -0.0400
1.3459 -1.5455 -0.0400
1.3254 -1.5291 -0.0400
1.3062 -1.5086 -0.0400
1.2887 -1.4825 -0.0400
-2.5490 2.0051 -0.0400
-2.6053 1.9059 -0.0400
-2.7323 1.9066 -0.0400
-2.9366 0.9323 -0.0400
-2.9597 0.8245 -0.0400
-3.0275 0.7624 -0.0400
-3.1705 0.7699 -0.0400
-4.0444 -1.0493 -0.0400
-3.9958 -1.1622 -0.0400
-4.0091 -1.2510 -0.0400
-3.9545 -1.3609 -0.0400
-1.3616 -2.3906 -0.0400
-1.2970 -2.4428 -0.0400
-1.2953 -2.4804 -0.0400
-1.2215 -2.5302 -0.0400
-1.1648 -2.5744 -0.0400
-1.1568 -2.6098 -0.0400
-1.1476 -2.6449 -0.0400
-1.1531 -2.6781 -0.0400
-1.1640 -2.7109 -0.0400
-1.1499 -2.7456 -0.0400
-1.1312 -2.7799 -0.0400
-1.1290 -2.8131 -0.0400
-1.1314 -2.8460 -0.0400
-1.1458 -2.8791 -0.0400
-1.1834 -2.9133 -0.0400
-3.5015 -3.0403 -0.0400
-3.4485 -3.1119 -0.0400
-3.4451 -3.1856 -0.0400
-3.4346 -3.2586 -0.0400
-3.4010 -3.3290 -0.0400
-2.7950 -4.6294 -0.0400
-2.7182 -4.6677 -0.0400
-2.6924 -4.7316 -0.0400
-2.6849 -4.8061 -0.0400
-0.4113 -3.6682 -0.0400
-0.3621 -3.6636 -0.0400
-0.3404 -3.6774 -0.0400
-0.3220 -3.6933 -0.0400
-0.3063 -3.7112 -0.0400
-0.2934 -3.7313 -0.0400
-0.2921 -3.7614 -0.0400
-0.2909 -3.7925 -0.0400
-0.3059 -3.8393 -0.0400
-2.5917 -7.0680 -0.0400
-1.0655 -5.4175 -0.0400
0.7098 -8.6031 -0.0400
1.3712 -7.5043 -0.0400
1.4257 -7.3172 -0.0400
1.4978 -7.2711 -0.0400
1.5769 -7.2688 -0.0400
1.6718 -7.3422 -0.0400
1.7359 -5.0090 -0.0400
1.7646 -4.9738 -0.0400
1.7984 -4.9501 -0.0400
1.8360 -4.9340 -0.0400
1.8726 -4.9159 -0.0400
1.3331 -3.4959 -0.0400
1.3271 -3.4680 -0.0400
1.3292 -3.4495 -0.0400
1.3317 -3.4320 -0.0400
1.3406 -3.4211 -0.0400
1.3512 -3.4117 -0.0400
1.3637 -3.4039 -0.0400
1.3785 -3.3979 -0.0400
1.3975 -3.3950 -0.0400
1.4308 -3.4028 -0.0400
3.4973 -3.6687 -0.0400
3.4308 -3.5987 -0.0400
3.4244 -3.5470 -0.0400
3.4331 -3.4996 -0.0400
2.2566 -0.4051 -0.0400
2.2085 -0.3874 -0.0400
1.5112 -1.5354 -0.0400
1.4587 -1.5767 -0.0400
1.4299 -1.5763 -0.0400
1.4035 -1.5721 -0.0400
1.3793 -1.5639 -0.0400
1.3564 -1.5530 -0.0400
1.3349 -1.5388 -0.0400
1.3199 -1.5082 -0.0400
1.3038 -1.4780 -0.0400
1.2942 -1.4281 -0.0400
-2.5426 2.0174 -0.0400
-2.5964 1.9142 -0.0400
-2.7112 1.8978 -0.0400
-2.9519 0.8298 -0.0400
-3.0473 0.7941 -0.0400
-4.0470 -1.0433 -0.0400
-3.9976 -1.1569 -0.0400
-4.0111 -1.2459 -0.0400
-1.3261 -2.3999 -0.0400
-1.3048 -2.4427 -0.0400
-1.2428 -2.4922 -0.0400
-1.1911 -2.5374 -0.0400
-1.1544 -2.5783 -0.0400
-1.1505 -2.6131 -0.0400
-1.1498 -2.6473 -0.0400
-1.1568 -2.6805 -0.0400
-1.1691 -2.7133 -0.0400
-1.1446 -2.7490 -0.0400
-1.1299 -2.7832 -0.0400
-1.1293 -2.8165 -0.0400
-1.1387 -2.8495 -0.0400
-1.1655 -2.8829 -0.0400
-1.1951 -2.9173 -0.0400
-3.4948 -3.0405 -0.0400
-3.4477 -3.1125 -0.0400
-3.4614 -3.1876 -0.0400
-3.4181 -3.2581 -0.0400
-3.4110 -3.3312 -0.0400
-2.8441 -4.5798 -0.0400
-2.7681 -4.6201 -0.0400
-2.7193 -4.6726 -0.0400
-2.6999 -4.7400 -0.0400
-2.7054 -4.8220 -0.0400
-0.4384 -3.6660 -0.0400
-0.3772 -3.6546 -0.0400
-0.3535 -3.6675 -0.0400
-0.3335 -3.6826 -0.0400
-0.3164 -3.6995 -0.0400
-0.3046 -3.7205 -0.0400
-0.2957 -3.7440 -0.0400
-0.2904 -3.7710 -0.0400
-0.2909 -3.8037 -0.0400
-2.6825 -7.0344 -0.0400
-2.5742 -7.0503 -0.0400
-1.1104 -5.3960 -0.0400
-1.0513 -5.4079 -0.0400
-1.0466 -5.4970 -0.0400
0.6088 -8.6274 -0.0400
0.7097 -8.6043 -0.0400
1.3706 -7.4958 -0.0400
1.4216 -7.2848 -0.0400
1.4976 -7.2665 -0.0400
1.5784 -7.2748 -0.0400
1.7299 -4.9924 -0.0400
1.7623 -4.9657 -0.0400
1.7977 -4.9459 -0.0400
1.8358 -4.9314 -0.0400
1.8753 -4.9191 -0.0400
1.3275 -3.5109 -0.0400
1.3181 -3.4788 -0.0400
1.3198 -3.4597 -0.0400
1.3248 -3.4448 -0.0400
1.3315 -3.4318 -0.0400
1.3399 -3.4206 -0.0400
1.3497 -3.4107 -0.0400
1.3657 -3.4064 -0.0400
1.3825 -3.4022 -0.0400
1.4064 -3.4035 -0.0400
3.4558 -3.6650 -0.0400
3.4261 -3.6060 -0.0400
3.4207 -3.5547 -0.0400
3.4312 -3.5079 -0.0400
3.4952 -3.4728 -0.0400
1.4979 -1.5770 -0.0400
1.4657 -1.5818 -0.0400
1.4373 -1.5807 -0.0400
1.4102 -1.5779 -0.0400
1.3877 -1.5661 -0.0400
1.3669 -1.5503 -0.0400
1.3474 -1.5309 -0.0400
1.3298 -1.5060 -0.0400
1.3153 -1.4717 -0.0400
0.7762 0.5212 -0.0400
-2.4216 2.0366 -0.0400
-2.5074 1.9804 -0.0400
-2.6209 1.9636 -0.0400
-2.8395 0.9883 -0.0400
-2.8839 0.9011 -0.0400
-2.9640 0.8510 -0.0400
-4.0275 -0.9502 -0.0400
-3.9538 -1.0753 -0.0400
-3.9038 -1.1875 -0.0400
-1.3105 -2.3655 -0.0400
-1.2959 -2.4074 -0.0400
-1.2050 -2.4644 -0.0400
-1.1738 -2.5064 -0.0400
-1.1578 -2.5443 -0.0400
-1.1458 -2.5809 -0.0400
-1.1511 -2.6144 -0.0400
-1.1668 -2.6467 -0.0400
-1.1621 -2.6815 -0.0400
-1.1455 -2.7170 -0.0400
-1.1320 -2.7516 -0.0400
-1.1327 -2.7850 -0.0400
-1.1471 -2.8179 -0.0400
-1.1902 -2.8508 -0.0400
-3.5813 -2.8914 -0.0400
-3.4752 -2.9654 -0.0400
-3.4603 -3.0392 -0.0400
-3.4756 -3.1143 -0.0400
-3.4256 -3.1852 -0.0400
-3.4333 -3.2599 -0.0400
-2.8749 -4.5194 -0.0400
-2.7822 -4.5531 -0.0400
-2.7483 -4.6130 -0.0400
-2.7550 -4.6936 -0.0400
-0.4858 -3.6417 -0.0400
-0.4062 -3.6219 -0.0400
-0.3817 -3.6350 -0.0400
-0.3611 -3.6501 -0.0400
-0.3434 -3.6669 -0.0400
-0.3295 -3.6863 -0.0400
-0.3193 -3.7086 -0.0400
-0.3122 -3.7335 -0.0400
-0.3088 -3.7619 -0.0400
-2.6414 -6.9876 -0.0400
-1.1356 -5.3453 -0.0400
-1.1082 -5.3997 -0.0400
0.5092 -8.6062 -0.0400
0.6097 -8.6012 -0.0400
1.2780 -7.3963 -0.0400
1.3452 -7.2961 -0.0400
1.4213 -7.2780 -0.0400
1.5021 -7.2900 -0.0400
1.6785 -5.0773 -0.0400
1.6916 -5.0030 -0.0400
1.7238 -4.9759 -0.0400
1.7626 -4.9637 -0.0400
1.8004 -4.9489 -0.0400
1.8446 -4.9463 -0.0400
1.3133 -3.5158 -0.0400
1.3053 -3.4847 -0.0400
1.3073 -3.4660 -0.0400
1.3093 -3.4478 -0.0400
1.3177 -3.4369 -0.0400
1.3275 -3.4273 -0.0400
1.3387 -3.4190 -0.0400
1.3517 -3.4124 -0.0400
1.3673 -3.4077 -0.0400
1.3875 -3.4067 -0.0400
3.4701 -3.7784 -0.0400
3.4393 -3.7165 -0.0400
3.4106 -3.6570 -0.0400
3.4039 -3.6052 -0.0400
3.4293 -3.5624 -0.0400
3.4889 -3.5272 -0.0400
4.5207 1.7169 -0.0400
1.4033 -1.5729 -0.0400
1.3795 -1.5638 -0.0400
1.3569 -1.5520 -0.0400
1.3401 -1.5259 -0.0400
1.3228 -1.4993 -0.0400
1.3094 -1.4604 -0.0400
0.7952 0.5559 -0.0400
0.7354 0.5242 -0.0400
0.6758 0.5192 -0.0400
0.6150 0.5421 -0.0400
0.5479 0.6451 -0.0400
-2.4892 1.9848 -0.0400
-2.5787 1.9335 -0.0400
-2.6975 1.9222 -0.0400
-2.9078 0.9461 -0.0400
-2.9442 0.8507 -0.0400
-3.0712 0.8450 -0.0400
-4.0402 -1.0342 -0.0400
-3.9796 -1.1525 -0.0400
-3.9318 -1.2628 -0.0400
-3.9889 -1.3360 -0.0400
-1.3141 -2.4036 -0.0400
-1.2912 -2.4470 -0.0400
-1.1977 -2.5029 -0.0400
-1.1709 -2.5435 -0.0400
-1.1583 -2.5806 -0.0400
-1.1494 -2.6166 -0.0400
-1.1548 -2.6503 -0.0400
-1.1656 -2.6835 -0.0400
-1.1478 -2.7195 -0.0400
-1.1375 -2.7542 -0.0400
-1.1312 -2.7883 -0.0400
-1.1368 -2.8216 -0.0400
-1.1477 -2.8550 -0.0400
-1.2003 -2.8889 -0.0400
-3.5796 -2.9666 -0.0400
-3.4660 -3.0390 -0.0400
-3.4616 -3.1132 -0.0400
-3.4731 -3.1886 -0.0400
-3.4164 -3.2585 -0.0400
-3.4867 -3.3402 -0.0400
-2.8225 -4.5765 -0.0400
-2.7471 -4.6172 -0.0400
-2.7249 -4.6831 -0.0400
-2.7188 -4.7580 -0.0400
-0.4713 -3.6445 -0.0400
-0.4182 -3.6414 -0.0400
-0.3871 -3.6507 -0.0400
-0.3553 -3.6586 -0.0400
-0.3371 -3.6753 -0.0400
-0.3218 -3.6938 -0.0400
-0.3105 -3.7152 -0.0400
-0.3017 -3.7388 -0.0400
-0.2959 -3.7652 -0.0400
-0.3257 -3.8221 -0.0400
-2.6412 -6.9927 -0.0400
-1.1524 -5.3799 -0.0400
-1.0866 -5.3841 -0.0400
-1.0506 -5.4275 -0.0400
0.6100 -8.6188 -0.0400
1.2948 -7.5295 -0.0400
1.3510 -7.3255 -0.0400
1.4237 -7.2815 -0.0400
1.5011 -7.2728 -0.0400
1.5866 -7.3082 -0.0400
1.7079 -5.0320 -0.0400
1.7303 -4.9825 -0.0400
1.7641 -4.9597 -0.0400
1.8029 -4.9476 -0.0400
1.8399 -4.9316 -0.0400
1.3212 -3.4991 -0.0400
1.3098 -3.4655 -0.0400
1.3152 -3.4513 -0.0400
1.3220 -3.4387 -0.0400
1.3302 -3.4279 -0.0400
1.3395 -3.4182 -0.0400
1.3535 -3.4127 -0.0400
1.3682 -3.4076 -0.0400
1.3867 -3.4054 -0.0400
1.4195 -3.4144 -0.0400
3.4597 -3.6814 -0.0400
3.4311 -3.6228 -0.0400
3.4142 -3.5687 -0.0400
3.4384 -3.5256 -0.0400
3.4908 -3.4882 -0.0400
4.4559 1.7601 -0.0400
1.3679 -1.5482 -0.0400
1.3490 -1.5269 -0.0400
1.3323 -1.4986 -0.0400
0.8048 0.5212 -0.0400
0.7451 0.5191 -0.0400
0.6819 0.6321 -0.0400
0.6195 0.6473 -0.0400
-2.8061 0.9844 -0.0400
-2.8730 0.9205 -0.0400
-2.9795 0.8964 -0.0400
-3.9267 -0.9780 -0.0400
-3.8872 -1.0887 -0.0400
-3.9145 -1.1721 -0.0400
-1.3024 -2.3284 -0.0400
-1.2881 -2.3710 -0.0400
-1.2877 -2.4096 -0.0400
-1.1932 -2.4679 -0.0400
-1.1666 -2.5092 -0.0400
-1.1459 -2.5483 -0.0400
-1.1495 -2.5825 -0.0400
-1.1557 -2.6164 -0.0400
-1.1707 -2.6491 -0.0400
-1.1422 -2.6869 -0.0400
-1.1341 -2.7217 -0.0400
-1.1341 -2.7556 -0.0400
-1.1474 -2.7886 -0.0400
-1.1661 -2.8219 -0.0400
-3.5856 -2.8128 -0.0400
-3.5246 -2.8894 -0.0400
-3.4747 -2.9640 -0.0400
-3.4743 -3.0387 -0.0400
-3.4709 -3.1133 -0.0400
-3.4307 -3.1853 -0.0400
-2.8278 -4.5045 -0.0400
-2.7756 -4.5566 -0.0400
-2.7649 -4.6280 -0.0400
-2.7665 -4.7066 -0.0400
-0.4622 -3.6150 -0.0400
-0.4090 -3.6125 -0.0400
-0.3865 -3.6272 -0.0400
-0.3627 -3.6407 -0.0400
-0.3476 -3.6595 -0.0400
-0.3343 -3.6795 -0.0400
-0.3282 -3.7047 -0.0400
-0.3219 -3.7303 -0.0400
-0.3420 -3.7770 -0.0400
-2.7172 -6.9400 -0.0400
-1.1710 -5.3211 -0.0400
-1.1323 -5.3603 -0.0400
0.5111 -8.6002 -0.0400
1.2122 -7.5110 -0.0400
1.2719 -7.3097 -0.0400
1.3481 -7.2923 -0.0400
1.4278 -7.3014 -0.0400
1.6468 -5.0943 -0.0400
1.6613 -5.0206 -0.0400
1.6914 -4.9886 -0.0400
1.7291 -4.9750 -0.0400
1.7659 -4.9594 -0.0400
1.8060 -4.9500 -0.0400
1.2919 -3.4840 -0.0400
1.2962 -3.4683 -0.0400
1.3024 -3.4552 -0.0400
1.3098 -3.4435 -0.0400
1.3184 -3.4333 -0.0400
1.3294 -3.4255 -0.0400
1.3417 -3.4189 -0.0400
1.3562 -3.4140 -0.0400
1.3740 -3.4118 -0.0400
3.4391 -3.7820 -0.0400
3.4152 -3.7230 -0.0400
3.3923 -3.6659 -0.0400
3.3958 -3.6175 -0.0400
3.4171 -3.5741 -0.0400
3.4614 -3.5359 -0.0400
6.0553 -3.3090 -0.0400
6.0839 -3.2182 -0.0400
4.5531 1.6948 -0.0400
2.3964 -0.4495 -0.0400
1.3141 -1.4444 -0.0400
0.7645 0.5342 -0.0400
0.7047 0.5219 -0.0400
0.6435 0.5503 -0.0400
0.5759 0.6629 -0.0400
-2.8281 1.0313 -0.0400
-2.8603 0.9296 -0.0400
-2.9260 0.8642 -0.0400
-3.0271 0.8333 -0.0400
-4.0241 -0.9284 -0.0400
-3.9778 -1.0441 -0.0400
-3.9826 -1.1380 -0.0400
-3.9294 -1.2509 -0.0400
-1.3184 -2.3621 -0.0400
-1.2973 -2.4063 -0.0400
-1.2943 -2.4455 -0.0400
-1.1662 -2.5091 -0.0400
-1.1542 -2.5469 -0.0400
-1.1495 -2.5828 -0.0400
-1.1530 -2.6173 -0.0400
-1.1596 -2.6513 -0.0400
-1.1547 -2.6866 -0.0400
-1.1404 -2.7224 -0.0400
-1.1342 -2.7571 -0.0400
-1.1344 -2.7911 -0.0400
-1.1541 -2.8243 -0.0400
-1.1801 -2.8581 -0.0400
-3.5946 -2.8869 -0.0400
-3.4892 -2.9622 -0.0400
-3.4641 -3.0366 -0.0400
-3.4885 -3.1126 -0.0400
-3.4326 -3.1841 -0.0400
-3.4243 -3.2579 -0.0400
-2.8464 -4.5161 -0.0400
-2.7775 -4.5611 -0.0400
-2.7464 -4.6228 -0.0400
-2.7280 -4.6908 -0.0400
-2.7992 -4.8070 -0.0400
-0.4662 -3.6276 -0.0400
-0.4238 -3.6321 -0.0400
-0.3839 -3.6367 -0.0400
-0.3583 -3.6492 -0.0400
-0.3420 -3.6674 -0.0400
-0.3281 -3.6871 -0.0400
-0.3169 -3.7088 -0.0400
-0.3157 -3.7381 -0.0400
-0.3126 -3.7667 -0.0400
-0.3174 -3.8024 -0.0400
-1.1891 -5.3557 -0.0400
-1.1219 -5.3596 -0.0400
-1.0814 -5.3967 -0.0400
0.5118 -8.6176 -0.0400
0.6124 -8.6081 -0.0400
1.2954 -7.4994 -0.0400
1.3522 -7.3015 -0.0400
1.4287 -7.2873 -0.0400
1.5120 -7.3169 -0.0400
1.6754 -5.0426 -0.0400
1.6998 -4.9966 -0.0400
1.7321 -4.9709 -0.0400
1.7702 -4.9585 -0.0400
1.8065 -4.9419 -0.0400
1.8539 -4.9469 -0.0400
1.3101 -3.4992 -0.0400
1.3026 -3.4698 -0.0400
1.3082 -3.4561 -0.0400
1.3150 -3.4440 -0.0400
1.3220 -3.4324 -0.0400
1.3319 -3.4238 -0.0400
1.3429 -3.4162 -0.0400
1.3553 -3.4098 -0.0400
1.3785 -3.4128 -0.0400
1.4072 -3.4197 -0.0400
3.4780 -3.7511 -0.0400
3.4466 -3.6904 -0.0400
3.4140 -3.6310 -0.0400
3.4128 -3.5816 -0.0400
3.4481 -3.5416 -0.0400
6.0844 -3.3274 -0.0400
6.0651 -3.2332 -0.0400
6.1022 -3.1425 -0.0400
4.4810 1.7293 -0.0400
2.3052 -0.4410 -0.0400
2.2609 -0.4169 -0.0400
2.2256 -0.3768 -0.0400
0.7243 0.5338 -0.0400
0.6646 0.5217 -0.0400
0.6023 0.5583 -0.0400
0.5353 0.6353 -0.0400
-2.8697 0.9633 -0.0400
-2.9113 0.8724 -0.0400
-2.9799 0.8096 -0.0400
-4.0311 -1.0126 -0.0400
-3.9763 -1.1300 -0.0400
-3.9274 -1.2418 -0.0400
-3.9826 -1.3162 -0.0400
-1.3345 -2.3555 -0.0400
-1.3002 -2.4035 -0.0400
-1.2934 -2.4439 -0.0400
-1.2155 -2.4980 -0.0400
-1.1760 -2.5419 -0.0400
-1.1599 -2.5804 -0.0400
-1.1537 -2.6167 -0.0400
-1.1571 -2.6514 -0.0400
-1.1729 -2.6846 -0.0400
-1.1553 -2.7214 -0.0400
-1.1404 -2.7572 -0.0400
-1.1341 -2.7919 -0.0400
-1.1416 -2.8258 -0.0400
-1.1591 -2.8597 -0.0400
-1.1920 -2.8941 -0.0400
-3.5871 -2.9605 -0.0400
-3.4725 -3.0341 -0.0400
-3.4605 -3.1087 -0.0400
-3.4787 -3.1849 -0.0400
-3.4207 -3.2557 -0.0400
-3.4329 -3.3316 -0.0400
-2.8152 -4.5814 -0.0400
-2.7403 -4.6228 -0.0400
-2.7172 -4.6886 -0.0400
-2.7313 -4.7744 -0.0400
-0.4367 -3.6498 -0.0400
-0.3873 -3.6491 -0.0400
-0.3574 -3.6593 -0.0400
-0.3361 -3.6744 -0.0400
-0.3210 -3.6934 -0.0400
-0.3090 -3.7146 -0.0400
-0.3042 -3.7413 -0.0400
-0.2977 -3.7672 -0.0400
-0.3177 -3.8150 -0.0400
-2.6367 -6.9992 -0.0400
-1.1357 -5.3892 -0.0400
-1.0712 -5.3957 -0.0400
0.6141 -8.6140 -0.0400
0.7138 -8.6324 -0.0400
1.3001 -7.5137 -0.0400
1.3611 -7.3452 -0.0400
1.4332 -7.2949 -0.0400
1.5113 -7.2918 -0.0400
1.5947 -7.3172 -0.0400
1.7148 -5.0180 -0.0400
1.7381 -4.9714 -0.0400
1.7734 -4.9534 -0.0400
1.8114 -4.9409 -0.0400
1.8487 -4.9267 -0.0400
1.9008 -4.9398 -0.0400
1.3141 -3.4962 -0.0400
1.3142 -3.4757 -0.0400
1.3178 -3.4598 -0.0400
1.3202 -3.4431 -0.0400
1.3276 -3.4322 -0.0400
1.3360 -3.4223 -0.0400
1.3461 -3.4142 -0.0400
1.3574 -3.4071 -0.0400
1.3763 -3.4066 -0.0400
1.3953 -3.4056 -0.0400
3.4589 -3.7014 -0.0400
3.4300 -3.6430 -0.0400
3.4148 -3.5898 -0.0400
3.4218 -3.5430 -0.0400
3.4476 -3.5007 -0.0400
3.5232 -3.4682 -0.0400
6.1013 -3.2508 -0.0400
6.0739 -3.1566 -0.0400
6.1107 -3.0655 -0.0400
4.5069 1.7207 -0.0400
2.3521 -0.4026 -0.0400
2.2850 -0.4152 -0.0400
2.2337 -0.4031 -0.0400
2.1922 -0.3741 -0.0400
1.5143 -1.5630 -0.0400
1.4785 -1.5755 -0.0400
1.4485 -1.5780 -0.0400
0.7948 0.5226 -0.0400
0.7347 0.5251 -0.0400
0.6730 0.5620 -0.0400
0.6072 0.6436 -0.0400
-4.0097 -0.9170 -0.0400
-3.9602 -1.0345 -0.0400
-3.9001 -1.1527 -0.0400
-1.3049 -2.3615 -0.0400
-1.2923 -2.4039 -0.0400
-1.1766 -2.4682 -0.0400
-1.1554 -2.5089 -0.0400
-1.1495 -2.5459 -0.0400
-1.1502 -2.5813 -0.0400
-1.1566 -2.6157 -0.0400
-1.1719 -2.6490 -0.0400
-1.1605 -2.6856 -0.0400
-1.1340 -2.7232 -0.0400
-1.1358 -2.7575 -0.0400
-1.1452 -2.7913 -0.0400
-1.1646 -2.8250 -0.0400
-1.2036 -2.8589 -0.0400
-3.5314 -2.8817 -0.0400
-3.4773 -2.9573 -0.0400
-3.4718 -3.0324 -0.0400
-3.5049 -3.1092 -0.0400
-3.4352 -3.1806 -0.0400
-3.4744 -3.2588 -0.0400
-2.9384 -4.4821 -0.0400
-2.8193 -4.5077 -0.0400
-2.7719 -4.5624 -0.0400
-2.7518 -4.6296 -0.0400
-2.7642 -4.7137 -0.0400
-0.4657 -3.6120 -0.0400
-0.4165 -3.6134 -0.0400
-0.3864 -3.6245 -0.0400
-0.3642 -3.6397 -0.0400
-0.3488 -3.6588 -0.0400
-0.3347 -3.6787 -0.0400
-0.3261 -3.7023 -0.0400
-0.3247 -3.7314 -0.0400
-0.3207 -3.7594 -0.0400
-2.7019 -6.9333 -0.0400
-1.1707 -5.3504 -0.0400
-1.1230 -5.3789 -0.0400
0.5154 -8.6082 -0.0400
1.2244 -7.5580 -0.0400
1.2822 -7.3245 -0.0400
1.3576 -7.3005 -0.0400
1.4407 -7.3354 -0.0400
1.6600 -5.0908 -0.0400
1.6737 -5.0155 -0.0400
1.7033 -4.9833 -0.0400
1.7394 -4.9672 -0.0400
1.7764 -4.9531 -0.0400
1.8204 -4.9531 -0.0400
1.2977 -3.4929 -0.0400
1.2958 -3.4700 -0.0400
1.3022 -3.4578 -0.0400
1.3077 -3.4447 -0.0400
1.3163 -3.4353 -0.0400
1.3256 -3.4266 -0.0400
1.3375 -3.4206 -0.0400
1.3497 -3.4146 -0.0400
1.3709 -3.4168 -0.0400
1.3940 -3.4199 -0.0400
3.4634 -3.7568 -0.0400
3.4375 -3.6982 -0.0400
3.3917 -3.6354 -0.0400
3.4110 -3.5922 -0.0400
3.4541 -3.5545 -0.0400
6.1078 -3.3515 -0.0400
6.0660 -3.2557 -0.0400
4.6007 1.6518 -0.0400
2.3313 -0.4552 -0.0400
2.2856 -0.4337 -0.0400
2.2488 -0.3967 -0.0400
1.5687 -1.5366 -0.0400
1.5194 -1.5718 -0.0400
1.4849 -1.5819 -0.0400
1.4515 -1.5915 -0.0400
1.4267 -1.5845 -0.0400
1.4034 -1.5743 -0.0400
0.8706 0.5623 -0.0400
0.8101 0.5273 -0.0400
0.7501 0.5230 -0.0400
0.6888 0.5509 -0.0400
0.6204 0.6820 -0.0400
-3.9987 -0.9119 -0.0400
-3.9410 -1.0329 -0.0400
-3.8958 -1.1455 -0.0400
-1.3133 -2.3162 -0.0400
-1.2905 -2.3623 -0.0400
-1.2880 -2.4023 -0.0400
-1.1936 -2.4622 -0.0400
-1.1641 -2.5052 -0.0400
-1.1547 -2.5431 -0.0400
-1.1519 -2.5794 -0.0400
-1.1650 -2.6130 -0.0400
-1.1662 -2.6485 -0.0400
-1.1446 -2.6864 -0.0400
-1.1358 -2.7222 -0.0400
-1.1365 -2.7568 -0.0400
-1.1451 -2.7909 -0.0400
-1.2014 -2.8232 -0.0400
-3.5938 -2.8004 -0.0400
-3.5425 -2.8782 -0.0400
-3.4802 -2.9541 -0.0400
-3.4750 -3.0294 -0.0400
-3.4430 -3.1035 -0.0400
-3.4395 -3.1783 -0.0400
-2.9094 -4.4708 -0.0400
-2.8118 -4.5055 -0.0400
-2.7731 -4.5643 -0.0400
-2.7669 -4.6384 -0.0400
-0.4490 -3.6090 -0.0400
-0.4095 -3.6159 -0.0400
-0.3778 -3.6262 -0.0400
-0.3592 -3.6436 -0.0400
-0.3450 -3.6636 -0.0400
-0.3352 -3.6865 -0.0400
-0.3307 -3.7132 -0.0400
-0.3238 -3.7387 -0.0400
-0.3365 -3.7792 -0.0400
-2.7036 -6.9378 -0.0400
-1.2237 -5.3354 -0.0400
-1.1507 -5.3340 -0.0400
-1.1485 -5.4197 -0.0400
0.4172 -8.6057 -0.0400
1.2109 -7.3651 -0.0400
1.2843 -7.3139 -0.0400
1.3612 -7.3040 -0.0400
1.4409 -7.3149 -0.0400
1.6465 -5.0419 -0.0400
1.6726 -4.9995 -0.0400
1.7071 -4.9799 -0.0400
1.7449 -4.9680 -0.0400
1.7807 -4.9516 -0.0400
1.8256 -4.9538 -0.0400
1.3011 -3.5106 -0.0400
1.2941 -3.4807 -0.0400
1.2960 -3.4630 -0.0400
1.3032 -3.4520 -0.0400
1.3098 -3.4405 -0.0400
1.3189 -3.4319 -0.0400
1.3292 -3.4245 -0.0400
1.3432 -3.4208 -0.0400
1.3566 -3.4161 -0.0400
1.3722 -3.4132 -0.0400
3.4318 -3.7508 -0.0400
3.4030 -3.6920 -0.0400
3.3929 -3.6402 -0.0400
3.4035 -3.5948 -0.0400
3.4337 -3.5543 -0.0400
6.2368 -3.4684 -0.0400
6.0595 -3.3577 -0.0400
6.0783 -3.2669 -0.0400
4.6113 1.6353 -0.0400
2.4107 -0.4521 -0.0400
2.3478 -0.4565 -0.0400
2.2973 -0.4427 -0.0400
2.2562 -0.4136 -0.0400
1.5694 -1.5621 -0.0400
1.5279 -1.5831 -0.0400
1.4950 -1.5903 -0.0400
1.4663 -1.5904 -0.0400
1.4397 -1.5869 -0.0400
1.4150 -1.5797 -0.0400
1.3936 -1.5651 -0.0400
1.3734 -1.5469 -0.0400
1.3549 -1.5233 -0.0400
0.8256 0.5359 -0.0400
0.7652 0.5382 -0.0400
0.7007 0.6407 -0.0400
0.6368 0.6689 -0.0400
-3.9955 -0.9030 -0.0400
-3.8749 -1.0492 -0.0400
-3.9033 -1.1333 -0.0400
-1.2823 -2.3610 -0.0400
-1.2145 -2.4168 -0.0400
-1.1698 -2.4646 -0.0400
-1.1537 -2.5047 -0.0400
-1.1484 -2.5419 -0.0400
-1.1525 -2.5771 -0.0400
-1.1618 -2.6115 -0.0400
-1.1794 -2.6450 -0.0400
-1.1355 -2.6859 -0.0400
-1.1346 -2.7210 -0.0400
-1.1411 -2.7553 -0.0400
-1.1584 -2.7891 -0.0400
-1.1926 -2.8227 -0.0400
-3.6001 -2.7959 -0.0400
-3.6013 -2.8737 -0.0400
-3.4775 -2.9503 -0.0400
-3.5157 -3.0269 -0.0400
-3.4463 -3.1002 -0.0400
-3.4420 -3.1752 -0.0400
-2.8689 -4.4543 -0.0400
-2.8030 -4.5023 -0.0400
-2.7741 -4.5656 -0.0400
-2.7748 -4.6431 -0.0400
-0.4852 -3.6047 -0.0400
-0.4260 -3.6023 -0.0400
-0.3953 -3.6139 -0.0400
-0.3730 -3.6297 -0.0400
-0.3561 -3.6482 -0.0400
-0.3428 -3.6690 -0.0400
-0.3369 -3.6946 -0.0400
-0.3345 -3.7230 -0.0400
-0.3427 -3.7597 -0.0400
-2.8010 -6.9075 -0.0400
-1.2029 -5.3184 -0.0400
-1.1461 -5.3362 -0.0400
0.4181 -8.6200 -0.0400
0.5189 -8.6125 -0.0400
1.1468 -7.5304 -0.0400
1.2135 -7.3566 -0.0400
1.2875 -7.3122 -0.0400
1.3650 -7.3082 -0.0400
1.6459 -5.0254 -0.0400
1.6758 -4.9935 -0.0400
1.7120 -4.9782 -0.0400
1.7489 -4.9647 -0.0400
1.7901 -4.9601 -0.0400
1.2971 -3.5183 -0.0400
1.2894 -3.4868 -0.0400
1.2913 -3.4688 -0.0400
1.2965 -3.4554 -0.0400
1.3044 -3.4457 -0.0400
1.3124 -3.4361 -0.0400
1.3226 -3.4288 -0.0400
1.3331 -3.4219 -0.0400
1.3477 -3.4190 -0.0400
1.3687 -3.4220 -0.0400
1.3906 -3.4249 -0.0400
3.4073 -3.7464 -0.0400
3.3837 -3.6898 -0.0400
3.3872 -3.6424 -0.0400
3.4095 -3.6004 -0.0400
3.4587 -3.5647 -0.0400
6.0786 -3.3690 -0.0400
6.0689 -3.2761 -0.0400
4.6167 1.6127 -0.0400
2.4371 -0.4379 -0.0400
2.3637 -0.4586 -0.0400
2.3104 -0.4493 -0.0400
2.2743 -0.4114 -0.0400
2.2523 -0.3467 -0.0400
1.5503 -1.5678 -0.0400
1.5128 -1.5831 -0.0400
1.4767 -1.5980 -0.0400
1.4507 -1.5933 -0.0400
1.4265 -1.5853 -0.0400
1.4037 -1.5741 -0.0400
1.3821 -1.5597 -0.0400
1.3619 -1.5411 -0.0400
1.3527 -1.4911 -0.0400
0.9020 0.5596 -0.0400
0.8413 0.5275 -0.0400
0.7811 0.5279 -0.0400
0.7192 0.5700 -0.0400
0.6534 0.6539 -0.0400
-3.9665 -0.8046 -0.0400
-3.9247 -0.9218 -0.0400
-3.9401 -1.0131 -0.0400
-3.8902 -1.1283 -0.0400
-1.3063 -2.3101 -0.0400
-1.2880 -2.3554 -0.0400
-1.2878 -2.3953 -0.0400
-1.1876 -2.4572 -0.0400
-1.1469 -2.5029 -0.0400
-1.1466 -2.5393 -0.0400
-1.1539 -2.5741 -0.0400
-1.1702 -2.6077 -0.0400
-1.1575 -2.6455 -0.0400
-1.1415 -2.6831 -0.0400
-1.1368 -2.7188 -0.0400
-1.1407 -2.7536 -0.0400
-1.1784 -2.7863 -0.0400
-3.6137 -2.7124 -0.0400
-3.5953 -2.7912 -0.0400
-3.4982 -2.8700 -0.0400
-3.4767 -2.9460 -0.0400
-3.5038 -3.0224 -0.0400
-3.4553 -3.0967 -0.0400
-2.8580 -4.4496 -0.0400
-2.8024 -4.5021 -0.0400
-2.7798 -4.5685 -0.0400
-2.8084 -4.6595 -0.0400
-0.4667 -3.6001 -0.0400
-0.4167 -3.6026 -0.0400
-0.3883 -3.6155 -0.0400
-0.3681 -3.6326 -0.0400
-0.3535 -3.6527 -0.0400
-0.3433 -3.6756 -0.0400
-0.3376 -3.7016 -0.0400
-0.3371 -3.7315 -0.0400
-0.3471 -3.7697 -0.0400
-2.7665 -6.8713 -0.0400
-1.2722 -5.3201 -0.0400
-1.1849 -5.3043 -0.0400
-1.1493 -5.3476 -0.0400
0.4218 -8.5973 -0.0400
1.1502 -7.5311 -0.0400
1.2171 -7.3559 -0.0400
1.2911 -7.3122 -0.0400
1.3742 -7.3560 -0.0400
1.6197 -5.0523 -0.0400
1.6489 -5.0172 -0.0400
1.6805 -4.9901 -0.0400
1.7181 -4.9786 -0.0400
1.7543 -4.9635 -0.0400
1.8040 -4.9778 -0.0400
1.2858 -3.4931 -0.0400
1.2876 -3.4748 -0.0400
1.2924 -3.4609 -0.0400
1.2988 -3.4494 -0.0400
1.3068 -3.4399 -0.0400
1.3163 -3.4324 -0.0400
1.3278 -3.4268 -0.0400
1.3390 -3.4208 -0.0400
1.3552 -3.4197 -0.0400
1.3803 -3.4266 -0.0400
3.4474 -3.8130 -0.0400
3.4201 -3.7535 -0.0400
3.3897 -3.6947 -0.0400
3.3859 -3.6452 -0.0400
3.4247 -3.6079 -0.0400
6.1018 -3.4729 -0.0400
6.0563 -3.3761 -0.0400
6.0937 -3.2871 -0.0400
4.6480 1.6216 -0.0400
2.4641 -0.4227 -0.0400
2.3673 -0.4800 -0.0400
2.3216 -0.4586 -0.0400
2.2833 -0.4248 -0.0400
2.2542 -0.3735 -0.0400
1.5551 -1.5857 -0.0400
1.5205 -1.5957 -0.0400
1.4912 -1.5969 -0.0400
1.4640 -1.5946 -0.0400
1.4385 -1.5894 -0.0400
1.4155 -1.5786 -0.0400
1.3944 -1.5633 -0.0400
1.3745 -1.5439 -0.0400
1.3565 -1.5185 -0.0400
1.3417 -1.4814 -0.0400
0.9123 0.5404 -0.0400
0.8518 0.5423 -0.0400
0.7892 0.6471 -0.0400
0.7255 0.6823 -0.0400
-3.9458 -0.7049 -0.0400
-3.9103 -0.8215 -0.0400
-3.8260 -0.9556 -0.0400
-3.9083 -1.0185 -0.0400
-1.2790 -2.2740 -0.0400
-1.2746 -2.3158 -0.0400
-1.1986 -2.3758 -0.0400
-1.1615 -2.4231 -0.0400
-1.1489 -2.4632 -0.0400
-1.1449 -2.5009 -0.0400
-1.1514 -2.5361 -0.0400
-1.1682 -2.5695 -0.0400
-1.1436 -2.6097 -0.0400
-1.1347 -2.6467 -0.0400
-1.1367 -2.6819 -0.0400
-1.1475 -2.7161 -0.0400
-1.1701 -2.7497 -0.0400
-1.2205 -2.7822 -0.0400
-3.5968 -2.7095 -0.0400
-3.4830 -2.7908 -0.0400
-3.4939 -2.8667 -0.0400
-3.4778 -2.9428 -0.0400
-3.4512 -3.0181 -0.0400
-3.4890 -3.0952 -0.0400
-2.9832 -4.3458 -0.0400
-2.8896 -4.3861 -0.0400
-2.8336 -4.4393 -0.0400
-2.8144 -4.5071 -0.0400
-2.8737 -4.6111 -0.0400
-0.4992 -3.5608 -0.0400
-0.4582 -3.5697 -0.0400
-0.4199 -3.5789 -0.0400
-0.3961 -3.5947 -0.0400
-0.3813 -3.6150 -0.0400
-0.3682 -3.6362 -0.0400
-0.3608 -3.6610 -0.0400
-0.3594 -3.6897 -0.0400
-0.3678 -3.7256 -0.0400
-2.8397 -6.8128 -0.0400
-1.2940 -5.2648 -0.0400
-1.2256 -5.2717 -0.0400
0.3234 -8.5936 -0.0400
1.0721 -7.5433 -0.0400
1.1394 -7.3249 -0.0400
1.2173 -7.3282 -0.0400
1.2991 -7.3682 -0.0400
1.5780 -5.0405 -0.0400
1.6115 -5.0175 -0.0400
1.6471 -5.0012 -0.0400
1.6843 -4.9892 -0.0400
1.7220 -4.9779 -0.0400
1.2709 -3.5083 -0.0400
1.2714 -3.4873 -0.0400
1.2739 -3.4701 -0.0400
1.2811 -3.4595 -0.0400
1.2891 -3.4503 -0.0400
1.2983 -3.4425 -0.0400
1.3088 -3.4363 -0.0400
1.3211 -3.4320 -0.0400
1.3360 -3.4302 -0.0400
1.3561 -3.4334 -0.0400
3.3901 -3.8446 -0.0400
3.3652 -3.7860 -0.0400
3.3572 -3.7345 -0.0400
3.3681 -3.6897 -0.0400
3.3961 -3.6500 -0.0400
3.4675 -3.6214 -0.0400
6.2613 -3.5916 -0.0400
6.0487 -3.4729 -0.0400
4.7139 1.5214 -0.0400
2.5012 -0.4774 -0.0400
2.4165 -0.5136 -0.0400
2.3709 -0.4920 -0.0400
2.3321 -0.4596 -0.0400
2.3342 -0.3555 -0.0400
1.5933 -1.5878 -0.0400
1.5557 -1.6021 -0.0400
1.5243 -1.6066 -0.0400
1.4928 -1.6125 -0.0400
1.4683 -1.6051 -0.0400
1.4453 -1.5947 -0.0400
1.4232 -1.5819 -0.0400
1.4026 -1.5655 -0.0400
1.3901 -1.5268 -0.0400
1.3777 -1.4849 -0.0400
0.8127 0.5274 -0.0400
0.7511 0.5639 -0.0400
0.6852 0.6552 -0.0400
-3.9843 -0.7726 -0.0400
-3.8935 -0.9116 -0.0400
-3.8533 -1.0252 -0.0400
-3.9025 -1.1018 -0.0400
-1.2957 -2.3027 -0.0400
-1.2841 -2.3465 -0.0400
-1.2876 -2.3859 -0.0400
-1.1505 -2.4569 -0.0400
-1.1455 -2.4950 -0.0400
-1.1475 -2.5314 -0.0400
-1.1551 -2.5666 -0.0400
-1.1733 -2.6003 -0.0400
-1.1545 -2.6394 -0.0400
-1.1408 -2.6771 -0.0400
-1.1403 -2.7128 -0.0400
-1.1568 -2.7470 -0.0400
-1.1921 -2.7804 -0.0400
-3.6045 -2.7009 -0.0400
-3.6039 -2.7794 -0.0400
-3.4909 -2.8593 -0.0400
-3.4855 -2.9357 -0.0400
-3.5407 -3.0132 -0.0400
-3.4647 -3.0875 -0.0400
-2.9051 -4.3905 -0.0400
-2.8439 -4.4421 -0.0400
-2.8109 -4.5045 -0.0400
-2.8051 -4.5789 -0.0400
-2.8383 -4.6728 -0.0400
-0.4706 -3.5811 -0.0400
-0.4342 -3.5918 -0.0400
-0.3989 -3.6021 -0.0400
-0.3772 -3.6189 -0.0400
-0.3632 -3.6398 -0.0400
-0.3530 -3.6629 -0.0400
-0.3499 -3.6907 -0.0400
-0.3444 -3.7175 -0.0400
-0.3602 -3.7592 -0.0400
-2.8466 -6.8208 -0.0400
-2.7660 -6.8725 -0.0400
-1.2327 -5.2877 -0.0400
-1.1827 -5.3146 -0.0400
0.3257 -8.5986 -0.0400
1.0775 -7.5583 -0.0400
1.1479 -7.3768 -0.0400
1.2220 -7.3220 -0.0400
1.2995 -7.3196 -0.0400
1.3814 -7.3543 -0.0400
1.5986 -5.0752 -0.0400
1.6254 -5.0317 -0.0400
1.6555 -4.9999 -0.0400
1.6933 -4.9897 -0.0400
1.7301 -4.9765 -0.0400
1.7728 -4.9767 -0.0400
1.2758 -3.4988 -0.0400
1.2808 -3.4845 -0.0400
1.2841 -3.4685 -0.0400
1.2900 -3.4564 -0.0400
1.2974 -3.4465 -0.0400
1.3060 -3.4383 -0.0400
1.3166 -3.4324 -0.0400
1.3283 -3.4276 -0.0400
1.3418 -3.4247 -0.0400
1.3586 -3.4247 -0.0400
1.3853 -3.4342 -0.0400
3.4682 -3.8755 -0.0400
3.4112 -3.8043 -0.0400
3.3877 -3.7469 -0.0400
3.3751 -3.6945 -0.0400
3.3916 -3.6515 -0.0400
3.4387 -3.6168 -0.0400
6.0843 -3.4873 -0.0400
6.0522 -3.3922 -0.0400
6.1044 -3.3048 -0.0400
2.4594 -0.4815 -0.0400
2.3971 -0.4851 -0.0400
2.3444 -0.4753 -0.0400
2.3055 -0.4429 -0.0400
2.3052 -0.3405 -0.0400
1.5924 -1.5677 -0.0400
1.5520 -1.5881 -0.0400
1.5134 -1.6074 -0.0400
1.4866 -1.6047 -0.0400
1.4613 -1.5993 -0.0400
1.4374 -1.5909 -0.0400
1.4163 -1.5759 -0.0400
1.3958 -1.5587 -0.0400
1.3767 -1.5367 -0.0400
1.3597 -1.5073 -0.0400
1.3489 -1.4563 -0.0400
-2.1930 2.1915 -0.0400
-2.2896 2.1492 -0.0400
-3.8658 -0.7163 -0.0400
-3.8572 -0.8203 -0.0400
-3.8206 -0.9341 -0.0400
-3.8656 -1.0122 -0.0400
-1.2710 -2.2648 -0.0400
-1.2715 -2.3056 -0.0400
-1.1814 -2.3699 -0.0400
-1.1542 -2.4151 -0.0400
-1.1462 -2.4545 -0.0400
-1.1438 -2.4922 -0.0400
-1.1596 -2.5260 -0.0400
-1.1621 -2.5625 -0.0400
-1.1419 -2.6023 -0.0400
-1.1353 -2.6394 -0.0400
-1.1387 -2.6748 -0.0400
-1.1513 -2.7093 -0.0400
-1.1762 -2.7431 -0.0400
-3.5936 -2.6184 -0.0400
-3.5115 -2.7010 -0.0400
-3.4818 -2.7789 -0.0400
-3.5100 -2.8549 -0.0400
-3.4682 -2.9316 -0.0400
-3.4586 -3.0075 -0.0400
-2.9170 -4.3179 -0.0400
-2.8673 -4.3746 -0.0400
-2.8377 -4.4385 -0.0400
-2.8679 -4.5280 -0.0400
-0.4592 -3.5488 -0.0400
-0.4329 -3.5647 -0.0400
-0.4119 -3.5827 -0.0400
-0.3909 -3.6003 -0.0400
-0.3780 -3.6221 -0.0400
-0.3703 -3.6468 -0.0400
-0.3718 -3.6774 -0.0400
-0.3709 -3.7072 -0.0400
-2.9043 -6.7448 -0.0400
-1.3247 -5.2265 -0.0400
-1.2614 -5.2402 -0.0400
-1.2635 -5.3258 -0.0400
0.2236 -8.6246 -0.0400
1.0704 -7.3358 -0.0400
1.1475 -7.3285 -0.0400
1.2275 -7.3590 -0.0400
1.5590 -5.0676 -0.0400
1.5863 -5.0248 -0.0400
1.6232 -5.0124 -0.0400
1.6600 -4.9997 -0.0400
1.6964 -4.9858 -0.0400
1.2584 -3.5082 -0.0400
1.2631 -3.4931 -0.0400
1.2665 -3.4766 -0.0400
1.2725 -3.4646 -0.0400
1.2803 -3.4552 -0.0400
1.2894 -3.4478 -0.0400
1.2992 -3.4413 -0.0400
1.3105 -3.4365 -0.0400
1.3234 -3.4335 -0.0400
1.3388 -3.4329 -0.0400
1.3694 -3.4483 -0.0400
3.4390 -3.9166 -0.0400
3.3902 -3.8473 -0.0400
3.3426 -3.7809 -0.0400
3.3494 -3.7350 -0.0400
3.3709 -3.6941 -0.0400
3.4120 -3.6585 -0.0400
6.0278 -3.5773 -0.0400
6.0533 -3.4887 -0.0400
2.4409 -0.5264 -0.0400
2.3935 -0.5080 -0.0400
2.3573 -0.4717 -0.0400
2.3282 -0.4222 -0.0400
1.6274 -1.5762 -0.0400
1.5841 -1.6002 -0.0400
1.5442 -1.6209 -0.0400
1.5172 -1.6181 -0.0400
1.4916 -1.6131 -0.0400
1.4674 -1.6054 -0.0400
1.4454 -1.5930 -0.0400
1.4245 -1.5774 -0.0400
1.4048 -1.5583 -0.0400
1.3957 -1.5091 -0.0400
-2.1743 2.1955 -0.0400
-2.2730 2.1565 -0.0400
-3.8394 -0.7151 -0.0400
-3.8512 -0.8097 -0.0400
-3.8135 -0.9243 -0.0400
-1.2968 -2.2082 -0.0400
-1.2743 -2.2571 -0.0400
-1.2721 -2.2989 -0.0400
-1.1977 -2.3595 -0.0400
-1.1412 -2.4125 -0.0400
-1.1383 -2.4508 -0.0400
-1.1442 -2.4868 -0.0400
-1.1549 -2.5218 -0.0400
-1.1741 -2.5554 -0.0400
-1.1496 -2.5964 -0.0400
-1.1337 -2.6351 -0.0400
-1.1420 -2.6702 -0.0400
-1.1623 -2.7041 -0.0400
-1.2030 -2.7369 -0.0400
-3.5987 -2.6107 -0.0400
-3.5621 -2.6914 -0.0400
-3.4915 -2.7718 -0.0400
-3.4985 -2.8484 -0.0400
-3.4565 -2.9252 -0.0400
-3.4863 -3.0019 -0.0400
-3.0065 -4.2714 -0.0400
-2.9126 -4.3138 -0.0400
-2.8669 -4.3722 -0.0400
-2.8420 -4.4382 -0.0400
-2.9097 -4.5439 -0.0400
-0.5200 -3.5501 -0.0400
-0.4661 -3.5547 -0.0400
-0.4244 -3.5634 -0.0400
-0.4059 -3.5828 -0.0400
-0.3895 -3.6030 -0.0400
-0.3789 -3.6262 -0.0400
-0.3706 -3.6508 -0.0400
-0.3749 -3.6833 -0.0400
-0.3774 -3.7155 -0.0400
-2.9039 -6.7437 -0.0400
-1.3218 -5.2278 -0.0400
-1.2618 -5.2454 -0.0400
0.2309 -8.5790 -0.0400
1.0015 -7.5220 -0.0400
1.0751 -7.3500 -0.0400
1.1515 -7.3275 -0.0400
1.2304 -7.3453 -0.0400
1.5409 -5.1218 -0.0400
1.5571 -5.0389 -0.0400
1.5922 -5.0211 -0.0400
1.6304 -5.0127 -0.0400
1.6656 -4.9958 -0.0400
1.7143 -5.0136 -0.0400
1.2606 -3.5201 -0.0400
1.2574 -3.4919 -0.0400
1.2638 -3.4799 -0.0400
1.2692 -3.4669 -0.0400
1.2766 -3.4572 -0.0400
1.2857 -3.4499 -0.0400
1.2957 -3.4438 -0.0400
1.3074 -3.4399 -0.0400
1.3213 -3.4383 -0.0400
1.3339 -3.4349 -0.0400
1.3543 -3.4399 -0.0400
3.4079 -3.9048 -0.0400
3.3471 -3.8316 -0.0400
3.3396 -3.7803 -0.0400
3.3478 -3.7352 -0.0400
3.3692 -3.6944 -0.0400
6.0429 -3.5858 -0.0400
6.0391 -3.4939 -0.0400
6.1107 -3.4096 -0.0400
2.4535 -0.5315 -0.0400
2.4033 -0.5176 -0.0400
2.3641 -0.4865 -0.0400
2.3509 -0.4104 -0.0400
2.3386 -0.3284 -0.0400
1.5943 -1.6060 -0.0400
1.5615 -1.6129 -0.0400
1.5282 -1.6224 -0.0400
1.5027 -1.6174 -0.0400
1.4780 -1.6111 -0.0400
1.4558 -1.5993 -0.0400
1.4345 -1.5851 -0.0400
1.4188 -1.5561 -0.0400
1.4018 -1.5282 -0.0400
1.3894 -1.4852 -0.0400
-2.1607 2.2085 -0.0400
-1.2990 -2.1999 -0.0400
-1.2748 -2.2497 -0.0400
-1.2720 -2.2919 -0.0400
-1.1581 -2.3634 -0.0400
-1.1432 -2.4056 -0.0400
-1.1401 -2.4442 -0.0400
-1.1434 -2.4810 -0.0400
-1.1631 -2.5145 -0.0400
-1.1521 -2.5538 -0.0400
-1.1383 -2.5929 -0.0400
-1.1352 -2.6299 -0.0400
-1.1405 -2.6655 -0.0400
-1.1550 -2.7002 -0.0400
-3.6113 -2.5223 -0.0400
-3.5957 -2.6029 -0.0400
-3.5013 -2.6868 -0.0400
-3.4857 -2.7646 -0.0400
-3.5246 -2.8408 -0.0400
-3.4640 -2.9182 -0.0400
-3.4652 -2.9947 -0.0400
-3.0145 -4.2709 -0.0400
-2.9145 -4.3115 -0.0400
-2.8685 -4.3700 -0.0400
-2.8722 -4.4478 -0.0400
-0.4981 -3.5421 -0.0400
-0.4568 -3.5524 -0.0400
-0.4200 -3.5637 -0.0400
-0.4031 -3.5840 -0.0400
-0.3892 -3.6056 -0.0400
-0.3817 -3.6307 -0.0400
-0.3762 -3.6573 -0.0400
-0.3910 -3.6965 -0.0400
-0.4131 -3.7415 -0.0400
-3.0157 -6.7194 -0.0400
-2.9090 -6.7477 -0.0400
-1.3037 -5.2127 -0.0400
-1.2627 -5.2505 -0.0400
0.9247 -7.5428 -0.0400
1.0018 -7.3671 -0.0400
1.0783 -7.3302 -0.0400
1.1564 -7.3410 -0.0400
1.2394 -7.4106 -0.0400
1.5054 -5.1180 -0.0400
1.5308 -5.0625 -0.0400
1.5630 -5.0344 -0.0400
1.5988 -5.0188 -0.0400
1.6369 -5.0105 -0.0400
1.6765 -5.0055 -0.0400
1.2493 -3.5086 -0.0400
1.2541 -3.4933 -0.0400
1.2603 -3.4810 -0.0400
1.2656 -3.4678 -0.0400
1.2739 -3.4595 -0.0400
1.2824 -3.4516 -0.0400
1.2921 -3.4454 -0.0400
1.3036 -3.4414 -0.0400
1.3176 -3.4405 -0.0400
1.3305 -3.4377 -0.0400
1.3523 -3.4451 -0.0400
3.3849 -3.8954 -0.0400
3.3359 -3.8272 -0.0400
3.3349 -3.7786 -0.0400
3.3470 -3.7350 -0.0400
3.3986 -3.7040 -0.0400
6.0480 -3.6844 -0.0400
6.0207 -3.5890 -0.0400
6.0647 -3.5030 -0.0400
2.3529 -0.4334 -0.0400
1.6147 -1.5924 -0.0400
1.5703 -1.6210 -0.0400
1.5421 -1.6204 -0.0400
1.5131 -1.6227 -0.0400
1.4888 -1.6156 -0.0400
1.4662 -1.6050 -0.0400
1.4448 -1.5915 -0.0400
1.4281 -1.5652 -0.0400
1.4102 -1.5405 -0.0400
1.3949 -1.5064 -0.0400
1.0373 0.5644 -0.0400
0.9756 0.5283 -0.0400
-2.1439 2.2167 -0.0400
-2.2407 2.1745 -0.0400
-2.5940 1.2933 -0.0400
-2.6090 1.1639 -0.0400
-1.2918 -2.1941 -0.0400
-1.2723 -2.2426 -0.0400
-1.2006 -2.3049 -0.0400
-1.1594 -2.3559 -0.0400
-1.1434 -2.3987 -0.0400
-1.1408 -2.4373 -0.0400
-1.1438 -2.4744 -0.0400
-1.1598 -2.5088 -0.0400
-1.1606 -2.5462 -0.0400
-1.1426 -2.5864 -0.0400
-1.1344 -2.6244 -0.0400
-1.1463 -2.6594 -0.0400
-1.1694 -2.6934 -0.0400
-1.2185 -2.7258 -0.0400
-3.5949 -2.5944 -0.0400
-3.5301 -2.6771 -0.0400
-3.4971 -2.7562 -0.0400
-3.4833 -2.8337 -0.0400
-3.4590 -2.9107 -0.0400
-3.5087 -2.9880 -0.0400
-2.8967 -4.3014 -0.0400
-2.8725 -4.3681 -0.0400
-2.8731 -4.4449 -0.0400
-0.4921 -3.5407 -0.0400
-0.4381 -3.5452 -0.0400
-0.4181 -3.5645 -0.0400
-0.4021 -3.5854 -0.0400
-0.3892 -3.6078 -0.0400
-0.3850 -3.6350 -0.0400
-0.3820 -3.6632 -0.0400
-0.3839 -3.6949 -0.0400
-3.0183 -6.7199 -0.0400
-1.3748 -5.2080 -0.0400
-1.2983 -5.2103 -0.0400
-1.2781 -5.2704 -0.0400
0.1353 -8.5695 -0.0400
0.9285 -7.5604 -0.0400
1.0060 -7.3804 -0.0400
1.0823 -7.3299 -0.0400
1.1628 -7.3847 -0.0400
1.5117 -5.1139 -0.0400
1.5372 -5.0591 -0.0400
1.5697 -5.0320 -0.0400
1.6064 -5.0194 -0.0400
1.6426 -5.0054 -0.0400
1.6847 -5.0075 -0.0400
1.2500 -3.5166 -0.0400
1.2530 -3.4977 -0.0400
1.2554 -3.4790 -0.0400
1.2631 -3.4695 -0.0400
1.2704 -3.4597 -0.0400
1.2796 -3.4530 -0.0400
1.2893 -3.4470 -0.0400
1.3011 -3.4438 -0.0400
1.3126 -3.4399 -0.0400
1.3294 -3.4425 -0.0400
1.3452 -3.4433 -0.0400
3.3793 -3.9426 -0.0400
3.3631 -3.8859 -0.0400
3.3465 -3.8304 -0.0400
3.3307 -3.7764 -0.0400
3.3479 -3.7348 -0.0400
3.4133 -3.7084 -0.0400
6.0565 -3.6910 -0.0400
6.0178 -3.5940 -0.0400
6.0476 -3.5067 -0.0400
1.5842 -1.6184 -0.0400
1.5507 -1.6286 -0.0400
1.5249 -1.6242 -0.0400
1.4989 -1.6211 -0.0400
1.4760 -1.6114 -0.0400
1.4552 -1.5966 -0.0400
1.4345 -1.5810 -0.0400
1.4199 -1.5484 -0.0400
1.4037 -1.5176 -0.0400
0.9918 0.5422 -0.0400
0.9312 0.5392 -0.0400
0.8694 0.6482 -0.0400
0.8060 0.6848 -0.0400
-2.1279 2.2268 -0.0400
-2.2272 2.1886 -0.0400
-2.5408 1.2565 -0.0400
-2.5973 1.1766 -0.0400
-2.7032 1.1535 -0.0400
-1.1879 -2.3006 -0.0400
-1.1554 -2.3493 -0.0400
-1.1417 -2.3916 -0.0400
-1.1335 -2.4318 -0.0400
-1.1428 -2.4676 -0.0400
-1.1577 -2.5024 -0.0400
-1.1661 -2.5386 -0.0400
-1.1315 -2.5818 -0.0400
-1.1337 -2.6183 -0.0400
-1.1427 -2.6538 -0.0400
-1.1625 -2.6883 -0.0400
-3.5924 -2.5059 -0.0400
-3.5761 -2.5867 -0.0400
-3.4908 -2.6704 -0.0400
-3.4908 -2.7479 -0.0400
-3.5499 -2.8240 -0.0400
-3.4615 -2.9025 -0.0400
-2.9615 -4.2443 -0.0400
-2.9022 -4.2992 -0.0400
-2.8729 -4.3643 -0.0400
-2.8689 -4.4393 -0.0400
-0.5044 -3.5171 -0.0400
-0.4643 -3.5290 -0.0400
-0.4378 -3.5460 -0.0400
-0.4178 -3.5655 -0.0400
-0.4020 -3.5867 -0.0400
-0.3929 -3.6114 -0.0400
-0.3879 -3.6384 -0.0400
-0.3868 -3.6680 -0.0400
-0.3935 -3.7029 -0.0400
-2.9925 -6.6922 -0.0400
-1.3553 -5.1906 -0.0400
-1.2993 -5.2139 -0.0400
-1.2916 -5.2876 -0.0400
0.1372 -8.5688 -0.0400
0.8501 -7.6049 -0.0400
0.9318 -7.3920 -0.0400
1.0091 -7.3343 -0.0400
1.0864 -7.3313 -0.0400
1.1658 -7.3660 -0.0400
1.4812 -5.1266 -0.0400
1.5068 -5.0683 -0.0400
1.5396 -5.0411 -0.0400
1.5758 -5.0269 -0.0400
1.6131 -5.0167 -0.0400
1.6495 -5.0032 -0.0400
1.6922 -5.0073 -0.0400
1.2449 -3.5135 -0.0400
1.2487 -3.4959 -0.0400
1.2519 -3.4782 -0.0400
1.2597 -3.4690 -0.0400
1.2682 -3.4612 -0.0400
1.2772 -3.4543 -0.0400
1.2875 -3.4492 -0.0400
1.2982 -3.4448 -0.0400
1.3129 -3.4455 -0.0400
1.3265 -3.4444 -0.0400
1.3427 -3.4461 -0.0400
3.3757 -3.9395 -0.0400
3.3324 -3.8722 -0.0400
3.3254 -3.8211 -0.0400
3.3303 -3.7751 -0.0400
3.3539 -3.7358 -0.0400
3.3916 -3.7007 -0.0400
6.0542 -3.6954 -0.0400
6.0259 -3.6000 -0.0400
1.5093 -1.6251 -0.0400
1.4863 -1.6161 -0.0400
1.4643 -1.6045 -0.0400
1.4454 -1.5847 -0.0400
1.4256 -1.5662 -0.0400
1.4144 -1.5225 -0.0400
1.4058 -1.4666 -0.0400
1.0693 0.5706 -0.0400
1.0072 0.5286 -0.0400
0.9469 0.5259 -0.0400
0.8864 0.5604 -0.0400
0.8228 0.6579 -0.0400
-2.1121 2.2376 -0.0400
-2.5504 1.2955 -0.0400
-2.5855 1.1896 -0.0400
-2.6770 1.1502 -0.0400
-1.1323 -2.4243 -0.0400
-1.1418 -2.4602 -0.0400
-1.1571 -2.4951 -0.0400
-1.1393 -2.5362 -0.0400
-1.1319 -2.5748 -0.0400
-1.1338 -2.6115 -0.0400
-1.1419 -2.6474 -0.0400
-1.1861 -2.6794 -0.0400
-3.5984 -2.4955 -0.0400
-3.5974 -2.5754 -0.0400
-3.4951 -2.6609 -0.0400
-3.5206 -2.7376 -0.0400
-3.4674 -2.8167 -0.0400
-3.4647 -2.8938 -0.0400
-2.9357 -4.2305 -0.0400
-2.8986 -4.2932 -0.0400
-2.8884 -4.3656 -0.0400
-2.9177 -4.4544 -0.0400
-0.5134 -3.5207 -0.0400
-0.4679 -3.5307 -0.0400
-0.4398 -3.5472 -0.0400
-0.4143 -3.5643 -0.0400
-0.4023 -3.5876 -0.0400
-0.3938 -3.6128 -0.0400
-0.3894 -3.6403 -0.0400
-0.3895 -3.6709 -0.0400
-2.9884 -6.6850 -0.0400
-1.3462 -5.1832 -0.0400
-1.3078 -5.2245 -0.0400
0.1388 -8.5678 -0.0400
0.9355 -7.4033 -0.0400
1.0130 -7.3386 -0.0400
1.0912 -7.3577 -0.0400
1.4911 -5.1362 -0.0400
1.5144 -5.0684 -0.0400
1.5467 -5.0394 -0.0400
1.5833 -5.0264 -0.0400
1.6197 -5.0131 -0.0400
1.6623 -5.0179 -0.0400
1.2421 -3.5138 -0.0400
1.2459 -3.4958 -0.0400
1.2493 -3.4781 -0.0400
1.2572 -3.4692 -0.0400
1.2659 -3.4617 -0.0400
1.2751 -3.4551 -0.0400
1.2858 -3.4510 -0.0400
1.2970 -3.4474 -0.0400
1.3090 -3.4448 -0.0400
1.3223 -3.4437 -0.0400
1.3474 -3.4577 -0.0400
3.3765 -6.0235 -0.0400
3.3572 -3.9296 -0.0400
3.3238 -3.8667 -0.0400
3.3220 -3.8179 -0.0400
3.3294 -3.7730 -0.0400
3.3722 -3.7405 -0.0400
5.9972 -3.6909 -0.0400
6.0228 -3.6039 -0.0400
1.4540 -1.5934 -0.0400
1.4373 -1.5671 -0.0400
1.4190 -1.5436 -0.0400
1.0231 0.5392 -0.0400
0.9627 0.5355 -0.0400
0.9013 0.6456 -0.0400
0.8382 0.6780 -0.0400
-2.0071 2.3039 -0.0400
-2.0996 2.2543 -0.0400
-2.5245 1.2923 -0.0400
-2.5730 1.2023 -0.0400
-2.6853 1.1862 -0.0400
-1.1366 -2.5290 -0.0400
-1.1305 -2.5675 -0.0400
-1.1333 -2.6043 -0.0400
-1.1532 -2.6388 -0.0400
-1.1823 -2.6728 -0.0400
-3.5991 -2.4850 -0.0400
-3.5949 -2.5654 -0.0400
-3.4801 -2.6518 -0.0400
-3.5079 -2.7283 -0.0400
-3.4753 -2.8071 -0.0400
-3.4615 -2.8845 -0.0400
-2.9521 -4.2305 -0.0400
-2.9034 -4.2895 -0.0400
-2.8831 -4.3583 -0.0400
-0.5494 -3.5045 -0.0400
-0.4857 -3.5083 -0.0400
-0.4548 -3.5244 -0.0400
-0.4326 -3.5436 -0.0400
-0.4158 -3.5649 -0.0400
-0.4029 -3.5881 -0.0400
-0.3941 -3.6133 -0.0400
-0.4030 -3.6484 -0.0400
-0.4146 -3.6860 -0.0400
-3.0727 -6.6291 -0.0400
-1.4178 -5.1745 -0.0400
-1.3468 -5.1847 -0.0400
-1.3132 -5.2312 -0.0400
0.0384 -8.5706 -0.0400
0.9392 -7.3394 -0.0400
1.0166 -7.3305 -0.0400
1.0948 -7.3506 -0.0400
1.4842 -5.0788 -0.0400
1.5167 -5.0488 -0.0400
1.5526 -5.0332 -0.0400
1.5905 -5.0250 -0.0400
1.6266 -5.0106 -0.0400
1.6686 -5.0138 -0.0400
1.2408 -3.5167 -0.0400
1.2401 -3.4892 -0.0400
1.2474 -3.4786 -0.0400
1.2554 -3.4697 -0.0400
1.2640 -3.4623 -0.0400
1.2733 -3.4559 -0.0400
1.2842 -3.4523 -0.0400
1.2956 -3.4493 -0.0400
1.3080 -3.4474 -0.0400
1.3217 -3.4472 -0.0400
1.3541 -3.4721 -0.0400
3.3183 -6.0549 -0.0400
3.3964 -6.0427 -0.0400
3.3848 -3.9893 -0.0400
3.3391 -3.9193 -0.0400
3.3094 -3.8584 -0.0400
3.3148 -3.8127 -0.0400
3.3308 -3.7712 -0.0400
3.3796 -3.7410 -0.0400
6.1962 -3.8198 -0.0400
5.9923 -3.6937 -0.0400
6.0280 -3.6084 -0.0400
1.4188 -1.4998 -0.0400
1.0996 0.5504 -0.0400
1.0382 0.5242 -0.0400
0.9781 0.5254 -0.0400
0.9177 0.5623 -0.0400
0.8546 0.6577 -0.0400
-2.0797 2.2588 -0.0400
-2.5093 1.3023 -0.0400
-2.5592 1.2137 -0.0400
-2.6921 1.2211 -0.0400
-1.1546 -2.6309 -0.0400
-1.1850 -2.6650 -0.0400
-3.5932 -2.4745 -0.0400
-3.4919 -2.5625 -0.0400
-3.4792 -2.6415 -0.0400
-3.5047 -2.7182 -0.0400
-3.4783 -2.7970 -0.0400
-3.4947 -2.8745 -0.0400
-3.0020 -4.1644 -0.0400
-2.9358 -4.2188 -0.0400
-2.9054 -4.2842 -0.0400
-2.9031 -4.3600 -0.0400
-2.9830 -4.4693 -0.0400
-0.4982 -3.5122 -0.0400
-0.4615 -3.5262 -0.0400
-0.4294 -3.5412 -0.0400
-0.4158 -3.5643 -0.0400
-0.4063 -3.5893 -0.0400
-0.4013 -3.6167 -0.0400
-0.4015 -3.6474 -0.0400
-0.4114 -3.6841 -0.0400
-1.3976 -5.1550 -0.0400
-1.3381 -5.1762 -0.0400
0.0427 -8.5505 -0.0400
0.8642 -7.3872 -0.0400
0.9428 -7.3333 -0.0400
1.0203 -7.3293 -0.0400
1.0984 -7.3497 -0.0400
1.4919 -5.0792 -0.0400
1.5223 -5.0412 -0.0400
1.5607 -5.0347 -0.0400
1.5966 -5.0197 -0.0400
1.6379 -5.0218 -0.0400
1.2306 -3.5283 -0.0400
1.2330 -3.5052 -0.0400
1.2389 -3.4908 -0.0400
1.2460 -3.4798 -0.0400
1.2539 -3.4705 -0.0400
1.2625 -3.4630 -0.0400
1.2720 -3.4571 -0.0400
1.2826 -3.4531 -0.0400
1.2940 -3.4503 -0.0400
1.3065 -3.4489 -0.0400
1.3205 -3.4494 -0.0400
3.2261 -6.1563 -0.0400
3.2651 -6.0918 -0.0400
3.3248 -6.0567 -0.0400
3.3538 -3.9722 -0.0400
3.3322 -3.9132 -0.0400
3.3065 -3.8540 -0.0400
3.3116 -3.8085 -0.0400
3.3377 -3.7710 -0.0400
3.4101 -3.7489 -0.0400
6.0190 -3.7921 -0.0400
5.9890 -3.6963 -0.0400
6.0472 -3.6143 -0.0400
1.1154 0.5622 -0.0400
1.0536 0.5257 -0.0400
0.9935 0.5215 -0.0400
0.9327 0.6480 -0.0400
0.8696 0.6860 -0.0400
-1.9720 2.3211 -0.0400
-2.5021 1.3224 -0.0400
-2.5514 1.2326 -0.0400
-2.6794 1.2343 -0.0400
-3.4831 -2.5521 -0.0400
-3.4798 -2.6305 -0.0400
-3.5090 -2.7072 -0.0400
-3.4591 -2.7869 -0.0400
-3.4935 -2.8641 -0.0400
-3.0572 -4.1749 -0.0400
-2.9512 -4.2172 -0.0400
-2.9177 -4.2820 -0.0400
-2.9403 -4.3675 -0.0400
-0.5298 -3.4928 -0.0400
-0.4819 -3.5034 -0.0400
-0.4534 -3.5209 -0.0400
-0.4328 -3.5412 -0.0400
-0.4174 -3.5637 -0.0400
-0.4065 -3.5882 -0.0400
-0.4112 -3.6209 -0.0400
-0.4185 -3.6558 -0.0400
-3.0994 -6.6432 -0.0400
-1.3864 -5.1435 -0.0400
-1.3399 -5.1775 -0.0400
-1.3461 -5.2649 -0.0400
0.0412 -8.5639 -0.0400
0.7831 -7.5362 -0.0400
0.8679 -7.3668 -0.0400
0.9462 -7.3289 -0.0400
1.0237 -7.3284 -0.0400
1.4610 -5.0875 -0.0400
1.4938 -5.0566 -0.0400
1.5295 -5.0395 -0.0400
1.5680 -5.0337 -0.0400
1.6036 -5.0173 -0.0400
1.2329 -3.5096 -0.0400
1.2382 -3.4933 -0.0400
1.2428 -3.4768 -0.0400
1.2515 -3.4691 -0.0400
1.2607 -3.4627 -0.0400
1.2705 -3.4576 -0.0400
1.2810 -3.4536 -0.0400
1.2923 -3.4508 -0.0400
1.3046 -3.4494 -0.0400
1.3253 -3.4606 -0.0400
3.2289 -6.1527 -0.0400
3.2688 -6.0895 -0.0400
3.3304 -6.0568 -0.0400
3.3263 -3.9561 -0.0400
3.3048 -3.8978 -0.0400
3.2982 -3.8471 -0.0400
3.3120 -3.8052 -0.0400
3.3424 -3.7694 -0.0400
3.4337 -3.7541 -0.0400
5.9734 -3.7864 -0.0400
5.9827 -3.6978 -0.0400
4.9085 1.3489 -0.0400
1.1306 0.5626 -0.0400
1.0687 0.5257 -0.0400
1.0088 0.5346 -0.0400
0.9482 0.6430 -0.0400
0.8855 0.6722 -0.0400
-2.0467 2.2800 -0.0400
-2.4354 1.4222 -0.0400
-2.4627 1.3035 -0.0400
-2.5346 1.2413 -0.0400
-2.6472 1.2256 -0.0400
-3.4608 -2.7758 -0.0400
-3.5095 -2.8529 -0.0400
-2.9966 -4.1481 -0.0400
-2.9392 -4.2057 -0.0400
-2.9134 -4.2732 -0.0400
-2.9163 -4.3514 -0.0400
-0.4720 -3.4967 -0.0400
-0.4489 -3.5165 -0.0400
-0.4316 -3.5385 -0.0400
-0.4190 -3.5624 -0.0400
-0.4109 -3.5886 -0.0400
-0.4080 -3.6176 -0.0400
-0.4117 -3.6507 -0.0400
-0.4328 -3.6943 -0.0400
-1.4563 -5.1288 -0.0400
-1.3839 -5.1396 -0.0400
-1.3445 -5.1807 -0.0400
-0.0618 -8.5712 -0.0400
0.0395 -8.5770 -0.0400
0.7841 -7.5786 -0.0400
0.8716 -7.3397 -0.0400
0.9494 -7.3250 -0.0400
1.0275 -7.3721 -0.0400
1.4678 -5.0849 -0.0400
1.4990 -5.0472 -0.0400
1.5377 -5.0423 -0.0400
1.5735 -5.0261 -0.0400
1.6139 -5.0260 -0.0400
1.2225 -3.5201 -0.0400
1.2273 -3.5011 -0.0400
1.2342 -3.4884 -0.0400
1.2420 -3.4784 -0.0400
1.2505 -3.4702 -0.0400
1.2595 -3.4635 -0.0400
1.2692 -3.4581 -0.0400
1.2809 -3.4564 -0.0400
1.2930 -3.4550 -0.0400
1.3063 -3.4555 -0.0400
1.3221 -3.4594 -0.0400
1.3441 -3.4722 -0.0400
3.2353 -6.1540 -0.0400
3.2783 -6.0950 -0.0400
3.3803 -4.0270 -0.0400
3.3266 -3.9520 -0.0400
3.3007 -3.8918 -0.0400
3.2977 -3.8428 -0.0400
3.3177 -3.8035 -0.0400
3.3606 -3.7724 -0.0400
6.1975 -3.9229 -0.0400
5.9663 -3.7871 -0.0400
5.9784 -3.6991 -0.0400
4.9137 1.3352 -0.0400
1.1448 0.5489 -0.0400
1.0835 0.5223 -0.0400
1.0238 0.5332 -0.0400
0.9634 0.6408 -0.0400
0.9009 0.6668 -0.0400
-2.4575 1.3265 -0.0400
-2.5177 1.2501 -0.0400
-3.0295 -4.1502 -0.0400
-2.9374 -4.1972 -0.0400
-2.9290 -4.2709 -0.0400
-2.9633 -4.3611 -0.0400
-0.5263 -3.4851 -0.0400
-0.4826 -3.4978 -0.0400
-0.4554 -3.5163 -0.0400
-0.4356 -3.5375 -0.0400
-0.4227 -3.5615 -0.0400
-0.4178 -3.5895 -0.0400
-0.4188 -3.6209 -0.0400
-0.4307 -3.6588 -0.0400
-3.1860 -6.5770 -0.0400
-1.4601 -5.1297 -0.0400
-1.3856 -5.1389 -0.0400
-1.3476 -5.1818 -0.0400
-0.0545 -8.5314 -0.0400
0.7022 -7.6128 -0.0400
0.7921 -7.4449 -0.0400
0.8748 -7.3233 -0.0400
0.9524 -7.3247 -0.0400
1.0302 -7.3463 -0.0400
1.4355 -5.0878 -0.0400
1.4695 -5.0602 -0.0400
1.5059 -5.0453 -0.0400
1.5444 -5.0396 -0.0400
1.5805 -5.0243 -0.0400
1.2233 -3.5280 -0.0400
1.2269 -3.5049 -0.0400
1.2335 -3.4910 -0.0400
1.2394 -3.4761 -0.0400
1.2485 -3.4692 -0.0400
1.2581 -3.4636 -0.0400
1.2683 -3.4593 -0.0400
1.2793 -3.4562 -0.0400
1.2910 -3.4546 -0.0400
1.3040 -3.4547 -0.0400
1.3188 -3.4576 -0.0400
3.1910 -6.2042 -0.0400
3.2216 -6.1261 -0.0400
3.2806 -6.0903 -0.0400
3.3214 -3.9945 -0.0400
3.2933 -3.9322 -0.0400
3.2930 -3.8839 -0.0400
3.2972 -3.8381 -0.0400
3.3205 -3.8003 -0.0400
3.3695 -3.7716 -0.0400
5.9954 -3.8845 -0.0400
5.9584 -3.7870 -0.0400
5.9800 -3.7009 -0.0400
1.0980 0.5170 -0.0400
1.0383 0.5176 -0.0400
0.9784 0.6417 -0.0400
0.9160 0.6698 -0.0400
-2.3906 1.4259 -0.0400
-2.4318 1.3245 -0.0400
-2.5119 1.2721 -0.0400
-3.7887 -0.3644 -0.0400
-3.7986 -0.4655 -0.0400
-3.7290 -0.6035 -0.0400
-3.1137 -4.0892 -0.0400
-2.9880 -4.1285 -0.0400
-2.9426 -4.1903 -0.0400
-2.9241 -4.2607 -0.0400
-2.9359 -4.3425 -0.0400
-0.5061 -3.4732 -0.0400
-0.4745 -3.4906 -0.0400
-0.4521 -3.5112 -0.0400
-0.4354 -3.5339 -0.0400
-0.4235 -3.5587 -0.0400
-0.4161 -3.5856 -0.0400
-0.4142 -3.6156 -0.0400
-0.4656 -3.6748 -0.0400
-3.0715 -6.5964 -0.0400
-1.3880 -5.1382 -0.0400
-0.1618 -8.5529 -0.0400
-0.0549 -8.5317 -0.0400
0.7076 -7.5557 -0.0400
0.7990 -7.3406 -0.0400
0.8775 -7.3217 -0.0400
0.9550 -7.3377 -0.0400
1.0333 -7.3903 -0.0400
1.4090 -5.1224 -0.0400
1.4408 -5.0793 -0.0400
1.4759 -5.0568 -0.0400
1.5129 -5.0444 -0.0400
1.5500 -5.0330 -0.0400
1.5910 -5.0357 -0.0400
1.2153 -3.5125 -0.0400
1.2221 -3.4975 -0.0400
1.2299 -3.4863 -0.0400
1.2384 -3.4774 -0.0400
1.2474 -3.4702 -0.0400
1.2570 -3.4643 -0.0400
1.2671 -3.4597 -0.0400
1.2793 -3.4593 -0.0400
1.2918 -3.4592 -0.0400
1.3058 -3.4613 -0.0400
1.3225 -3.4676 -0.0400
3.2263 -6.1245 -0.0400
3.3179 -6.1342 -0.0400
3.3066 -3.9822 -0.0400
3.2955 -3.9281 -0.0400
3.2842 -3.8751 -0.0400
3.3020 -3.8352 -0.0400
3.3455 -3.8053 -0.0400
3.4029 -3.7794 -0.0400
5.9743 -3.8811 -0.0400
5.9531 -3.7870 -0.0400
5.9993 -3.7051 -0.0400
5.0053 1.2494 -0.0400
2.5943 -0.6096 -0.0400
2.5409 -0.6015 -0.0400
1.1734 0.5422 -0.0400
1.1124 0.5195 -0.0400
1.0528 0.5225 -0.0400
0.9931 0.5556 -0.0400
0.9306 0.6827 -0.0400
-2.4269 1.3484 -0.0400
-2.4901 1.2754 -0.0400
-3.7215 -0.4853 -0.0400
-3.7490 -0.5750 -0.0400
-3.7248 -0.6882 -0.0400
-3.0019 -4.1234 -0.0400
-2.9470 -4.1826 -0.0400
-2.9486 -4.2602 -0.0400
-0.5223 -3.4748 -0.0400
-0.4840 -3.4901 -0.0400
-0.4584 -3.5097 -0.0400
-0.4371 -3.5306 -0.0400
-0.4280 -3.5568 -0.0400
-0.4237 -3.5856 -0.0400
-0.4256 -3.6179 -0.0400
-0.4406 -3.6578 -0.0400
-3.1456 -6.5247 -0.0400
-1.4412 -5.1051 -0.0400
-1.3880 -5.1345 -0.0400
0.7116 -7.5198 -0.0400
0.8019 -7.3233 -0.0400
0.8799 -7.3166 -0.0400
0.9573 -7.3388 -0.0400
1.4116 -5.1002 -0.0400
1.4458 -5.0706 -0.0400
1.4820 -5.0531 -0.0400
1.5192 -5.0415 -0.0400
1.5571 -5.0329 -0.0400
1.5993 -5.0395 -0.0400
1.2138 -3.5147 -0.0400
1.2206 -3.4991 -0.0400
1.2286 -3.4878 -0.0400
1.2371 -3.4786 -0.0400
1.2455 -3.4696 -0.0400
1.2557 -3.4649 -0.0400
1.2663 -3.4615 -0.0400
1.2776 -3.4593 -0.0400
1.2897 -3.4586 -0.0400
1.3032 -3.4600 -0.0400
1.3187 -3.4647 -0.0400
3.1787 -6.1686 -0.0400
3.2287 -6.1197 -0.0400
3.3064 -6.1102 -0.0400
3.3457 -4.0458 -0.0400
3.2984 -3.9726 -0.0400
3.2847 -3.9176 -0.0400
3.2842 -3.8696 -0.0400
3.3120 -3.8340 -0.0400
3.3478 -3.8011 -0.0400
6.0590 -3.9909 -0.0400
5.9419 -3.8750 -0.0400
5.9471 -3.7863 -0.0400
6.0139 -3.7082 -0.0400
5.0220 1.2504 -0.0400
2.5989 -0.6177 -0.0400
2.5465 -0.6086 -0.0400
2.5045 -0.5849 -0.0400
2.4731 -0.5446 -0.0400
2.4563 -0.4790 -0.0400
1.0669 0.5174 -0.0400
1.0075 0.6384 -0.0400
0.9455 0.6625 -0.0400
-3.7695 -0.3350 -0.0400
-3.7550 -0.4487 -0.0400
-3.6827 -0.5881 -0.0400
-3.7113 -0.6756 -0.0400
-2.9772 -4.1059 -0.0400
-2.9490 -4.1735 -0.0400
-2.9445 -4.2491 -0.0400
-2.9853 -4.3421 -0.0400
-0.5046 -3.4627 -0.0400
-0.4763 -3.4819 -0.0400
-0.4557 -3.5036 -0.0400
-0.4401 -3.5272 -0.0400
-0.4291 -3.5528 -0.0400
-0.4224 -3.5806 -0.0400
-0.4416 -3.6218 -0.0400
-3.1816 -6.5469 -0.0400
-1.4296 -5.0899 -0.0400
-1.4155 -5.1558 -0.0400
-0.1553 -8.5106 -0.0400
0.6250 -7.5978 -0.0400
0.7233 -7.3609 -0.0400
0.8038 -7.3224 -0.0400
0.8819 -7.3153 -0.0400
0.9592 -7.3569 -0.0400
1.4148 -5.0824 -0.0400
1.4508 -5.0622 -0.0400
1.4888 -5.0535 -0.0400
1.5254 -5.0388 -0.0400
1.5648 -5.0359 -0.0400
1.6095 -5.0512 -0.0400
1.2112 -3.5147 -0.0400
1.2185 -3.4996 -0.0400
1.2268 -3.4885 -0.0400
1.2344 -3.4762 -0.0400
1.2441 -3.4703 -0.0400
1.2543 -3.4657 -0.0400
1.2649 -3.4621 -0.0400
1.2761 -3.4598 -0.0400
1.2907 -3.4644 -0.0400
1.3054 -3.4684 -0.0400
1.3235 -3.4783 -0.0400
3.1302 -6.2120 -0.0400
3.1750 -6.1544 -0.0400
3.2446 -6.1344 -0.0400
3.3340 -4.0851 -0.0400
3.3040 -4.0189 -0.0400
3.2960 -3.9655 -0.0400
3.2711 -3.9055 -0.0400
3.2864 -3.8647 -0.0400
3.3221 -3.8325 -0.0400
3.3695 -3.8041 -0.0400
6.1439 -4.0096 -0.0400
5.9422 -3.8749 -0.0400
5.9480 -3.7865 -0.0400
5.0334 1.2466 -0.0400
2.6061 -0.6211 -0.0400
2.5479 -0.6207 -0.0400
2.5114 -0.5892 -0.0400
2.4814 -0.5471 -0.0400
2.4718 -0.4700 -0.0400
1.6868 -1.6191 -0.0400
-1.8861 2.3693 -0.0400
-3.7090 -0.2465 -0.0400
-3.6892 -0.3643 -0.0400
-3.6994 -0.4639 -0.0400
-3.6831 -0.5750 -0.0400
-1.2363 -2.0506 -0.0400
-1.2310 -2.0969 -0.0400
-1.1790 -2.1576 -0.0400
-3.0568 -3.9689 -0.0400
-3.0041 -4.0306 -0.0400
-2.9769 -4.0988 -0.0400
-2.9714 -4.1740 -0.0400
-0.5852 -3.4263 -0.0400
-0.5265 -3.4365 -0.0400
-0.4962 -3.4556 -0.0400
-0.4742 -3.4773 -0.0400
-0.4564 -3.5003 -0.0400
-0.4488 -3.5277 -0.0400
-0.4462 -3.5575 -0.0400
-0.4502 -3.5909 -0.0400
-0.4701 -3.6332 -0.0400
-3.2170 -6.4424 -0.0400
-1.4780 -5.0518 -0.0400
-1.4411 -5.0966 -0.0400
-0.2555 -8.4922 -0.0400
0.5501 -7.5186 -0.0400
0.6476 -7.3319 -0.0400
0.7277 -7.3063 -0.0400
0.8048 -7.3230 -0.0400
0.8799 -7.4188 -0.0400
1.3461 -5.1277 -0.0400
1.3784 -5.0778 -0.0400
1.4159 -5.0656 -0.0400
1.4548 -5.0608 -0.0400
1.4925 -5.0506 -0.0400
1.5341 -5.0568 -0.0400
1.1874 -3.5395 -0.0400
1.1938 -3.5172 -0.0400
1.2022 -3.5040 -0.0400
1.2111 -3.4938 -0.0400
1.2193 -3.4825 -0.0400
1.2293 -3.4771 -0.0400
1.2397 -3.4727 -0.0400
1.2504 -3.4694 -0.0400
1.2631 -3.4708 -0.0400
1.2758 -3.4716 -0.0400
1.2900 -3.4753 -0.0400
1.3066 -3.4832 -0.0400
3.0804 -6.2572 -0.0400
3.1207 -6.1912 -0.0400
3.1839 -6.1620 -0.0400
3.2671 -4.0459 -0.0400
3.2491 -3.9873 -0.0400
3.2505 -3.9395 -0.0400
3.2740 -3.9026 -0.0400
3.3079 -3.8700 -0.0400
5.9191 -4.0500 -0.0400
5.9182 -3.9594 -0.0400
5.9405 -3.8743 -0.0400
5.0926 1.1539 -0.0400
2.6344 -0.6724 -0.0400
2.5892 -0.6535 -0.0400
2.5528 -0.6224 -0.0400
2.5235 -0.5802 -0.0400
1.7097 -1.6383 -0.0400
1.6617 -1.6750 -0.0400
1.6347 -1.6755 -0.0400
1.6099 -1.6726 -0.0400
-1.7825 2.4259 -0.0400
-3.7025 -0.2295 -0.0400
-3.6813 -0.3482 -0.0400
-3.6945 -0.4464 -0.0400
-3.6918 -0.5511 -0.0400
-1.2540 -2.0305 -0.0400
-1.2212 -2.0868 -0.0400
-1.2302 -2.1277 -0.0400
-1.1199 -2.2051 -0.0400
-1.1125 -2.2481 -0.0400
-1.1080 -2.2896 -0.0400
-3.0507 -3.9561 -0.0400
-3.0054 -4.0200 -0.0400
-2.9812 -4.0893 -0.0400
-3.0326 -4.1831 -0.0400
-0.5339 -3.4327 -0.0400
-0.5019 -3.4516 -0.0400
-0.4723 -3.4705 -0.0400
-0.4594 -3.4957 -0.0400
-0.4504 -3.5226 -0.0400
-0.4459 -3.5517 -0.0400
-0.4715 -3.5958 -0.0400
-3.3051 -6.3782 -0.0400
-1.5367 -5.0191 -0.0400
-1.4773 -5.0451 -0.0400
-0.2606 -8.5050 -0.0400
0.5514 -7.5108 -0.0400
0.6491 -7.3245 -0.0400
0.7290 -7.3040 -0.0400
0.8055 -7.3332 -0.0400
1.3470 -5.0932 -0.0400
1.3841 -5.0759 -0.0400
1.4223 -5.0670 -0.0400
1.4599 -5.0556 -0.0400
1.5011 -5.0608 -0.0400
1.5491 -5.0935 -0.0400
1.1926 -3.5248 -0.0400
1.1986 -3.5014 -0.0400
1.2080 -3.4925 -0.0400
1.2169 -3.4827 -0.0400
1.2272 -3.4778 -0.0400
1.2378 -3.4738 -0.0400
1.2488 -3.4709 -0.0400
1.2615 -3.4724 -0.0400
1.2741 -3.4733 -0.0400
1.2882 -3.4768 -0.0400
1.3042 -3.4841 -0.0400
3.0331 -6.3047 -0.0400
3.0672 -6.2265 -0.0400
3.1274 -6.1929 -0.0400
3.2596 -4.0854 -0.0400
3.2443 -4.0271 -0.0400
3.2419 -3.9769 -0.0400
3.2532 -3.9342 -0.0400
3.2881 -3.9026 -0.0400
3.3406 -3.8780 -0.0400
5.9363 -4.0532 -0.0400
5.9167 -3.9582 -0.0400
5.9922 -3.8841 -0.0400
5.1825 1.0881 -0.0400
2.7060 -0.6682 -0.0400
2.6425 -0.6728 -0.0400
2.5952 -0.6570 -0.0400
2.5574 -0.6284 -0.0400
2.5552 -0.5455 -0.0400
1.6983 -1.6707 -0.0400
1.6672 -1.6778 -0.0400
1.6400 -1.6790 -0.0400
1.6152 -1.6764 -0.0400
1.5902 -1.6747 -0.0400
1.5691 -1.6654 -0.0400
1.5487 -1.6545 -0.0400
-1.7650 2.4345 -0.0400
-3.7118 -0.2033 -0.0400
-3.6909 -0.3225 -0.0400
-3.6164 -0.4663 -0.0400
-3.6860 -0.5340 -0.0400
-1.2407 -2.0214 -0.0400
-1.2276 -2.0708 -0.0400
-1.1747 -2.1323 -0.0400
-1.1330 -2.1878 -0.0400
-1.1056 -2.2371 -0.0400
-1.1081 -2.2768 -0.0400
-1.1182 -2.3143 -0.0400
-1.1356 -2.3501 -0.0400
-1.1255 -2.3922 -0.0400
-3.0631 -4.1815 -0.0400
-0.6066 -3.4198 -0.0400
-0.5373 -3.4270 -0.0400
-0.4935 -3.4415 -0.0400
-0.4761 -3.4654 -0.0400
-0.4626 -3.4906 -0.0400
-0.4528 -3.5173 -0.0400
-0.4587 -3.5514 -0.0400
-0.4665 -3.5873 -0.0400
-1.5600 -5.0315 -0.0400
-1.4832 -5.0433 -0.0400
-0.3656 -8.4964 -0.0400
0.5650 -7.3802 -0.0400
0.6508 -7.3111 -0.0400
0.7295 -7.3075 -0.0400
0.8060 -7.3398 -0.0400
1.3172 -5.1296 -0.0400
1.3513 -5.0847 -0.0400
1.3891 -5.0722 -0.0400
1.4280 -5.0667 -0.0400
1.4662 -5.0573 -0.0400
1.5074 -5.0626 -0.0400
1.1865 -3.5144 -0.0400
1.1960 -3.5037 -0.0400
1.2045 -3.4906 -0.0400
1.2147 -3.4845 -0.0400
1.2251 -3.4794 -0.0400
1.2357 -3.4752 -0.0400
1.2469 -3.4729 -0.0400
1.2599 -3.4751 -0.0400
1.2727 -3.4766 -0.0400
1.2868 -3.4803 -0.0400
1.3031 -3.4885 -0.0400
3.0421 -6.3112 -0.0400
3.0718 -6.2253 -0.0400
3.1300 -6.1885 -0.0400
3.2673 -4.1338 -0.0400
3.2553 -4.0759 -0.0400
3.2358 -4.0155 -0.0400
3.2395 -3.9687 -0.0400
3.2643 -3.9327 -0.0400
3.3071 -3.9046 -0.0400
6.0872 -4.1827 -0.0400
5.9198 -4.0479 -0.0400
5.9256 -3.9589 -0.0400
5.1071 1.1420 -0.0400
2.6404 -0.6861 -0.0400
2.5997 -0.6617 -0.0400
2.5682 -0.6242 -0.0400
2.5487 -0.5676 -0.0400
2.5543 -0.4694 -0.0400
1.7551 -1.6318 -0.0400
1.7056 -1.6688 -0.0400
1.6734 -1.6781 -0.0400
1.6454 -1.6809 -0.0400
1.6175 -1.6848 -0.0400
1.5954 -1.6780 -0.0400
1.5744 -1.6688 -0.0400
1.5542 -1.6579 -0.0400
1.5374 -1.6387 -0.0400
1.5198 -1.6204 -0.0400
1.5032 -1.5982 -0.0400
-1.7465 2.4409 -0.0400
-2.2280 1.5163 -0.0400
-2.2871 1.4366 -0.0400
-2.3833 1.4047 -0.0400
-3.6743 -0.2031 -0.0400
-3.6410 -0.3285 -0.0400
-3.6151 -0.4466 -0.0400
-3.6658 -0.5239 -0.0400
-1.2376 -2.0082 -0.0400
-1.2235 -2.0582 -0.0400
-1.2258 -2.1017 -0.0400
-1.1247 -2.1769 -0.0400
-1.1108 -2.2223 -0.0400
-1.1039 -2.2648 -0.0400
-1.1153 -2.3021 -0.0400
-1.1404 -2.3362 -0.0400
-1.1314 -2.3783 -0.0400
-1.1141 -2.4214 -0.0400
-1.1196 -2.4595 -0.0400
-1.1383 -2.4953 -0.0400
-0.4962 -3.4352 -0.0400
-0.4793 -3.4594 -0.0400
-0.4660 -3.4849 -0.0400
-0.4617 -3.5143 -0.0400
-0.4605 -3.5455 -0.0400
-0.4660 -3.5803 -0.0400
-0.4938 -3.6272 -0.0400
-3.3027 -6.3523 -0.0400
-1.5376 -5.0048 -0.0400
-1.4875 -5.0393 -0.0400
-0.3727 -8.5112 -0.0400
0.4654 -7.5364 -0.0400
0.5643 -7.3864 -0.0400
0.6508 -7.3128 -0.0400
0.7293 -7.3142 -0.0400
0.8047 -7.3729 -0.0400
1.2864 -5.1733 -0.0400
1.3186 -5.1004 -0.0400
1.3563 -5.0832 -0.0400
1.3941 -5.0698 -0.0400
1.4325 -5.0611 -0.0400
1.1764 -3.5448 -0.0400
1.1844 -3.5230 -0.0400
1.1922 -3.5034 -0.0400
1.2013 -3.4914 -0.0400
1.2118 -3.4856 -0.0400
1.2221 -3.4798 -0.0400
1.2330 -3.4764 -0.0400
1.2448 -3.4756 -0.0400
1.2568 -3.4750 -0.0400
1.2692 -3.4754 -0.0400
1.2860 -3.4865 -0.0400
1.3037 -3.4984 -0.0400
3.0411 -6.3008 -0.0400
3.0748 -6.2216 -0.0400
3.1593 -6.2267 -0.0400
3.2630 -4.1239 -0.0400
3.2519 -4.0667 -0.0400
3.2340 -4.0073 -0.0400
3.2414 -3.9624 -0.0400
3.2733 -3.9299 -0.0400
3.3274 -3.9071 -0.0400
6.0990 -4.1844 -0.0400
5.9047 -4.0425 -0.0400
5.9314 -3.9587 -0.0400
5.1844 1.0662 -0.0400
2.7045 -0.6891 -0.0400
2.6478 -0.6855 -0.0400
2.6031 -0.6668 -0.0400
2.5685 -0.6343 -0.0400
2.5850 -0.5242 -0.0400
1.7143 -1.6633 -0.0400
1.6801 -1.6762 -0.0400
1.6461 -1.6908 -0.0400
1.6225 -1.6868 -0.0400
1.6001 -1.6808 -0.0400
1.5791 -1.6722 -0.0400
1.5606 -1.6579 -0.0400
1.5424 -1.6423 -0.0400
1.5251 -1.6238 -0.0400
1.5090 -1.6011 -0.0400
1.5141 -1.5169 -0.0400
-1.7295 2.4499 -0.0400
-2.2443 1.5698 -0.0400
-2.2756 1.4524 -0.0400
-2.3521 1.3959 -0.0400
-3.6722 -0.1829 -0.0400
-3.6429 -0.3065 -0.0400
-3.6315 -0.4176 -0.0400
-1.2443 -1.9912 -0.0400
-1.2224 -2.0443 -0.0400
-1.2230 -2.0885 -0.0400
-1.1232 -2.1635 -0.0400
-1.1078 -2.2096 -0.0400
-1.1085 -2.2502 -0.0400
-1.1138 -2.2892 -0.0400
-1.1298 -2.3255 -0.0400
-1.1225 -2.3672 -0.0400
-1.1177 -2.4079 -0.0400
-1.1197 -2.4468 -0.0400
-1.1332 -2.4837 -0.0400
-1.1830 -2.5155 -0.0400
-3.4918 -2.2579 -0.0400
-3.4607 -2.3420 -0.0400
-0.4658 -3.5086 -0.0400
-0.4645 -3.5399 -0.0400
-0.4695 -3.5746 -0.0400
-3.3390 -6.3686 -0.0400
-1.5577 -5.0130 -0.0400
-1.5163 -5.0557 -0.0400
-0.3684 -8.4786 -0.0400
0.4674 -7.5125 -0.0400
0.5669 -7.3561 -0.0400
0.6507 -7.3105 -0.0400
0.7277 -7.3348 -0.0400
0.8039 -7.3852 -0.0400
1.2862 -5.1287 -0.0400
1.3222 -5.0914 -0.0400
1.3599 -5.0747 -0.0400
1.3993 -5.0712 -0.0400
1.1715 -3.5459 -0.0400
1.1802 -3.5251 -0.0400
1.1886 -3.5060 -0.0400
1.1980 -3.4940 -0.0400
1.2081 -3.4860 -0.0400
1.2190 -3.4817 -0.0400
1.2299 -3.4780 -0.0400
1.2418 -3.4774 -0.0400
1.2538 -3.4766 -0.0400
1.2681 -3.4824 -0.0400
1.2821 -3.4862 -0.0400
3.0179 -6.2523 -0.0400
3.0791 -6.2204 -0.0400
3.1679 -6.2323 -0.0400
3.2647 -4.1173 -0.0400
3.2149 -4.0386 -0.0400
3.2236 -3.9942 -0.0400
3.2455 -3.9571 -0.0400
3.2808 -3.9263 -0.0400
3.3584 -3.9144 -0.0400
5.9287 -4.1375 -0.0400
5.9119 -4.0423 -0.0400
5.9731 -3.9663 -0.0400
2.6943 -0.7104 -0.0400
2.6464 -0.6958 -0.0400
2.6085 -0.6682 -0.0400
2.5799 -0.6272 -0.0400
2.5716 -0.5547 -0.0400
1.7482 -1.6611 -0.0400
1.7082 -1.6828 -0.0400
1.6776 -1.6900 -0.0400
1.6512 -1.6910 -0.0400
1.6272 -1.6881 -0.0400
1.6047 -1.6828 -0.0400
1.5838 -1.6744 -0.0400
1.5647 -1.6619 -0.0400
1.5465 -1.6467 -0.0400
1.5293 -1.6288 -0.0400
1.5215 -1.5846 -0.0400
1.5166 -1.5282 -0.0400
-1.7179 2.4688 -0.0400
-2.1946 1.5342 -0.0400
-2.2572 1.4593 -0.0400
-2.3545 1.4291 -0.0400
-3.6606 -0.1680 -0.0400
-3.6224 -0.2966 -0.0400
-3.5946 -0.4160 -0.0400
-1.2257 -2.0286 -0.0400
-1.2175 -2.0759 -0.0400
-1.1282 -2.1480 -0.0400
-1.1093 -2.1953 -0.0400
-1.1073 -2.2368 -0.0400
-1.1115 -2.2763 -0.0400
-1.1282 -2.3125 -0.0400
-1.1467 -2.3487 -0.0400
-1.1144 -2.3955 -0.0400
-1.1176 -2.4343 -0.0400
-1.1370 -2.4702 -0.0400
-1.1634 -2.5056 -0.0400
-3.4604 -2.2459 -0.0400
-3.4602 -2.3261 -0.0400
-3.4758 -2.4045 -0.0400
-3.4523 -2.4862 -0.0400
-3.5041 -2.5623 -0.0400
-1.6212 -4.9783 -0.0400
-1.5381 -4.9873 -0.0400
-1.5027 -5.0347 -0.0400
-0.3722 -8.4764 -0.0400
0.4659 -7.5125 -0.0400
0.5663 -7.3519 -0.0400
0.6495 -7.3149 -0.0400
0.7252 -7.3594 -0.0400
0.7995 -7.4533 -0.0400
1.2893 -5.1189 -0.0400
1.3261 -5.0876 -0.0400
1.3643 -5.0740 -0.0400
1.4031 -5.0662 -0.0400
1.1741 -3.5200 -0.0400
1.1836 -3.5049 -0.0400
1.1937 -3.4946 -0.0400
1.2041 -3.4873 -0.0400
1.2152 -3.4833 -0.0400
1.2263 -3.4795 -0.0400
1.2381 -3.4782 -0.0400
1.2509 -3.4800 -0.0400
1.2634 -3.4805 -0.0400
1.2792 -3.4899 -0.0400
2.9691 -6.2983 -0.0400
3.0199 -6.2477 -0.0400
3.0853 -6.2227 -0.0400
3.2485 -4.1518 -0.0400
3.2348 -4.0922 -0.0400
3.2182 -4.0327 -0.0400
3.2267 -3.9882 -0.0400
3.2490 -3.9512 -0.0400
6.0807 -4.2705 -0.0400
5.9027 -4.1283 -0.0400
5.9093 -4.0395 -0.0400
5.1866 1.0480 -0.0400
2.7060 -0.7022 -0.0400
2.6524 -0.6952 -0.0400
2.6102 -0.6739 -0.0400
2.5965 -0.6119 -0.0400
2.6015 -0.5191 -0.0400
1.7170 -1.6749 -0.0400
1.6843 -1.6859 -0.0400
1.6518 -1.6985 -0.0400
1.6289 -1.6941 -0.0400
1.6074 -1.6873 -0.0400
1.5873 -1.6777 -0.0400
1.5680 -1.6661 -0.0400
1.5498 -1.6518 -0.0400
1.5377 -1.6216 -0.0400
1.5240 -1.5932 -0.0400
1.5159 -1.5469 -0.0400
-1.6114 2.5322 -0.0400
-1.7025 2.4801 -0.0400
-2.1927 1.5629 -0.0400
-2.2432 1.4715 -0.0400
-2.3256 1.4226 -0.0400
-3.6542 -0.1500 -0.0400
-3.6243 -0.2743 -0.0400
-3.6071 -0.3886 -0.0400
-1.2246 -1.9689 -0.0400
-1.2099 -2.0194 -0.0400
-1.2137 -2.0626 -0.0400
-1.1432 -2.1289 -0.0400
-1.1151 -2.1795 -0.0400
-1.0980 -2.2255 -0.0400
-1.1086 -2.2633 -0.0400
-1.1238 -2.2999 -0.0400
-1.1470 -2.3351 -0.0400
-1.1131 -2.3824 -0.0400
-1.1161 -2.4213 -0.0400
-1.1260 -2.4590 -0.0400
-1.1677 -2.4920 -0.0400
-3.4855 -2.2262 -0.0400
-3.4671 -2.3090 -0.0400
-3.5183 -2.3842 -0.0400
-3.4537 -2.4701 -0.0400
-3.4936 -2.5470 -0.0400
-3.3195 -6.3247 -0.0400
-1.5507 -4.9878 -0.0400
-0.4830 -8.4766 -0.0400
-0.3782 -8.4803 -0.0400
0.4835 -7.3591 -0.0400
0.5684 -7.3184 -0.0400
0.6478 -7.3189 -0.0400
0.7233 -7.3690 -0.0400
1.2581 -5.1854 -0.0400
1.2916 -5.1049 -0.0400
1.3293 -5.0825 -0.0400
1.3686 -5.0761 -0.0400
1.1696 -3.5278 -0.0400
1.1791 -3.5101 -0.0400
1.1894 -3.4990 -0.0400
1.1996 -3.4891 -0.0400
1.2107 -3.4843 -0.0400
1.2221 -3.4813 -0.0400
1.2341 -3.4804 -0.0400
1.2468 -3.4820 -0.0400
1.2594 -3.4822 -0.0400
1.2745 -3.4899 -0.0400
1.2949 -3.5121 -0.0400
2.9821 -6.3141 -0.0400
3.0238 -6.2467 -0.0400
3.0980 -6.2364 -0.0400
3.2582 -4.1498 -0.0400
3.2015 -4.0650 -0.0400
3.2096 -4.0200 -0.0400
3.2321 -3.9832 -0.0400
3.2691 -3.9538 -0.0400
6.0569 -4.2614 -0.0400
5.8952 -4.1238 -0.0400
5.9574 -4.0490 -0.0400
2.7599 -0.7162 -0.0400
2.6967 -0.7203 -0.0400
2.6507 -0.7039 -0.0400
2.6151 -0.6740 -0.0400
2.5883 -0.6312 -0.0400
2.5904 -0.5440 -0.0400
1.7484 -1.6737 -0.0400
1.7114 -1.6910 -0.0400
1.6818 -1.6974 -0.0400
1.6561 -1.6978 -0.0400
1.6328 -1.6944 -0.0400
1.6108 -1.6889 -0.0400
1.5911 -1.6790 -0.0400
1.5727 -1.6658 -0.0400
1.5556 -1.6494 -0.0400
1.5396 -1.6292 -0.0400
1.5253 -1.6033 -0.0400
1.5147 -1.5652 -0.0400
-1.5882 2.5270 -0.0400
-1.6784 2.4739 -0.0400
-2.1902 1.5906 -0.0400
-2.2308 1.4856 -0.0400
-2.3456 1.4777 -0.0400
-1.2168 -2.0020 -0.0400
-1.2129 -2.0482 -0.0400
-1.1157 -2.1232 -0.0400
-1.0983 -2.1702 -0.0400
-1.0988 -2.2111 -0.0400
-1.1049 -2.2502 -0.0400
-1.1177 -2.2875 -0.0400
-1.1222 -2.3269 -0.0400
-1.1137 -2.3687 -0.0400
-1.1148 -2.4081 -0.0400
-1.1239 -2.4460 -0.0400
-1.1661 -2.4789 -0.0400
-3.4750 -2.2108 -0.0400
-3.4613 -2.2932 -0.0400
-3.4758 -2.3719 -0.0400
-3.4529 -2.4539 -0.0400
-3.3277 -6.3161 -0.0400
-1.5458 -4.9730 -0.0400
-1.5650 -5.0673 -0.0400
-0.4901 -8.4816 -0.0400
-0.3842 -8.4822 -0.0400
0.4623 -7.5060 -0.0400
0.5669 -7.3145 -0.0400
0.6453 -7.3264 -0.0400
1.2564 -5.1273 -0.0400
1.2947 -5.1031 -0.0400
1.3327 -5.0816 -0.0400
1.1641 -3.5355 -0.0400
1.1734 -3.5126 -0.0400
1.1838 -3.5002 -0.0400
1.1946 -3.4921 -0.0400
1.2057 -3.4866 -0.0400
1.2172 -3.4830 -0.0400
1.2291 -3.4812 -0.0400
1.2420 -3.4833 -0.0400
1.2556 -3.4870 -0.0400
1.2706 -3.4948 -0.0400
1.2914 -3.5191 -0.0400
2.9268 -6.3516 -0.0400
2.9690 -6.2832 -0.0400
3.0330 -6.2556 -0.0400
3.2460 -4.1870 -0.0400
3.2287 -4.1239 -0.0400
3.2071 -4.0602 -0.0400
3.2134 -4.0141 -0.0400
3.2348 -3.9768 -0.0400
3.3314 -3.9780 -0.0400
6.0543 -4.2581 -0.0400
5.8987 -4.1219 -0.0400
5.9766 -4.0512 -0.0400
5.2720 0.9751 -0.0400
2.7046 -0.7152 -0.0400
2.6525 -0.7070 -0.0400
2.6228 -0.6693 -0.0400
2.6062 -0.6120 -0.0400
2.6206 -0.5063 -0.0400
1.7693 -1.6435 -0.0400
1.7192 -1.6826 -0.0400
1.6800 -1.7063 -0.0400
1.6560 -1.7042 -0.0400
1.6337 -1.6994 -0.0400
1.6127 -1.6924 -0.0400
1.5933 -1.6824 -0.0400
1.5747 -1.6703 -0.0400
1.5572 -1.6552 -0.0400
1.5469 -1.6218 -0.0400
1.5352 -1.5892 -0.0400
-1.5754 2.5421 -0.0400
-1.6670 2.4917 -0.0400
-2.1407 1.5541 -0.0400
-2.2143 1.4942 -0.0400
-2.3185 1.4731 -0.0400
-1.2261 -1.9380 -0.0400
-1.2040 -1.9916 -0.0400
-1.2062 -2.0355 -0.0400
-1.1408 -2.1006 -0.0400
-1.1092 -2.1525 -0.0400
-1.1012 -2.1962 -0.0400
-1.1038 -2.2364 -0.0400
-1.1225 -2.2723 -0.0400
-1.1336 -2.3103 -0.0400
-1.1171 -2.3542 -0.0400
-1.1137 -2.3946 -0.0400
-1.1299 -2.4314 -0.0400
-1.1586 -2.4665 -0.0400
-3.4746 -2.1940 -0.0400
-3.4606 -2.2764 -0.0400
-3.4675 -2.3560 -0.0400
-3.4519 -2.4374 -0.0400
-3.4840 -2.5149 -0.0400
-1.6057 -4.9334 -0.0400
-1.5519 -4.9665 -0.0400
-1.5603 -5.0519 -0.0400
-0.4886 -8.4531 -0.0400
0.4743 -7.3916 -0.0400
0.5640 -7.3180 -0.0400
0.6418 -7.3388 -0.0400
0.7168 -7.4020 -0.0400
1.2580 -5.1145 -0.0400
1.2967 -5.0949 -0.0400
1.1578 -3.5458 -0.0400
1.1668 -3.5151 -0.0400
1.1782 -3.5065 -0.0400
1.1889 -3.4957 -0.0400
1.2001 -3.4891 -0.0400
1.2117 -3.4851 -0.0400
1.2237 -3.4835 -0.0400
1.2363 -3.4839 -0.0400
1.2496 -3.4867 -0.0400
1.2640 -3.4924 -0.0400
1.2804 -3.5040 -0.0400
2.9237 -6.3390 -0.0400
2.9678 -6.2743 -0.0400
3.0353 -6.2530 -0.0400
3.2122 -4.1576 -0.0400
3.1921 -4.0936 -0.0400
3.1962 -4.0458 -0.0400
3.2168 -4.0080 -0.0400
3.2504 -3.9772 -0.0400
3.3167 -3.9627 -0.0400
6.0376 -4.3453 -0.0400
5.8741 -4.2030 -0.0400
5.9011 -4.1197 -0.0400
5.9826 -4.0500 -0.0400
5.2744 0.9703 -0.0400
2.7491 -0.7381 -0.0400
2.6957 -0.7308 -0.0400
2.6531 -0.7107 -0.0400
2.6201 -0.6779 -0.0400
2.5975 -0.6298 -0.0400
1.7473 -1.6838 -0.0400
1.7127 -1.6979 -0.0400
1.6841 -1.7033 -0.0400
1.6593 -1.7029 -0.0400
1.6365 -1.6994 -0.0400
1.6147 -1.6944 -0.0400
1.5961 -1.6831 -0.0400
1.5784 -1.6696 -0.0400
1.5619 -1.6525 -0.0400
1.5468 -1.6314 -0.0400
1.5337 -1.6035 -0.0400
1.5263 -1.5578 -0.0400
1.3567 0.4931 -0.0400
1.2987 0.4939 -0.0400
1.2418 0.5153 -0.0400
-1.6491 2.4963 -0.0400
-2.1244 1.5622 -0.0400
-2.1999 1.5050 -0.0400
-2.3034 1.4833 -0.0400
-1.2191 -1.9710 -0.0400
-1.2074 -2.0201 -0.0400
-1.1171 -2.0934 -0.0400
-1.0956 -2.1420 -0.0400
-1.0940 -2.1838 -0.0400
-1.0989 -2.2233 -0.0400
-1.1124 -2.2606 -0.0400
-1.1365 -2.2956 -0.0400
-1.1079 -2.3421 -0.0400
-1.1109 -2.3813 -0.0400
-1.1228 -2.4188 -0.0400
-1.1465 -2.4547 -0.0400
-1.1964 -2.4876 -0.0400
-3.4773 -2.2574 -0.0400
-3.4698 -2.3389 -0.0400
-3.4521 -2.4206 -0.0400
-3.4888 -2.4979 -0.0400
-1.6050 -4.9206 -0.0400
-1.5592 -4.9604 -0.0400
-0.4960 -8.4549 -0.0400
0.4806 -7.3181 -0.0400
0.5606 -7.3211 -0.0400
0.6378 -7.3500 -0.0400
0.7110 -7.4402 -0.0400
1.2599 -5.1111 -0.0400
1.2990 -5.0937 -0.0400
1.1604 -3.5259 -0.0400
1.1708 -3.5067 -0.0400
1.1824 -3.4998 -0.0400
1.1937 -3.4916 -0.0400
1.2054 -3.4872 -0.0400
1.2174 -3.4850 -0.0400
1.2300 -3.4849 -0.0400
1.2433 -3.4875 -0.0400
1.2578 -3.4941 -0.0400
1.2747 -3.5077 -0.0400
2.9156 -6.3176 -0.0400
2.9716 -6.2750 -0.0400
3.0432 -6.2608 -0.0400
3.2550 -4.2306 -0.0400
3.2183 -4.1533 -0.0400
3.1992 -4.0898 -0.0400
3.2011 -4.0406 -0.0400
3.2307 -4.0078 -0.0400
3.2868 -3.9889 -0.0400
5.8804 -4.2018 -0.0400
5.9012 -4.1167 -0.0400
6.3827 0.0029 -0.0400
5.2673 0.9576 -0.0400
2.7551 -0.7336 -0.0400
2.6910 -0.7400 -0.0400
2.6564 -0.7098 -0.0400
2.6300 -0.6682 -0.0400
2.6252 -0.5950 -0.0400
1.7374 -1.7028 -0.0400
1.7072 -1.7103 -0.0400
1.6813 -1.7115 -0.0400
1.6580 -1.7089 -0.0400
1.6364 -1.7037 -0.0400
1.6161 -1.6964 -0.0400
1.5971 -1.6863 -0.0400
1.5791 -1.6739 -0.0400
1.5667 -1.6482 -0.0400
1.5530 -1.6237 -0.0400
1.5427 -1.5889 -0.0400
1.4258 0.5102 -0.0400
1.3657 0.4913 -0.0400
1.3079 0.4942 -0.0400
1.2515 0.5210 -0.0400
1.1983 0.6644 -0.0400
-2.1239 1.5916 -0.0400
-2.1880 1.5188 -0.0400
-2.3006 1.5088 -0.0400
-1.1698 -2.0229 -0.0400
-1.1031 -2.0881 -0.0400
-1.0882 -2.1345 -0.0400
-1.0883 -2.1757 -0.0400
-1.1062 -2.2118 -0.0400
-1.1266 -2.2475 -0.0400
-1.1073 -2.2927 -0.0400
-1.1038 -2.3336 -0.0400
-1.1117 -2.3718 -0.0400
-1.1569 -2.4036 -0.0400
-3.4465 -2.0882 -0.0400
-3.4623 -2.1669 -0.0400
-3.4800 -2.2456 -0.0400
-3.4476 -2.3297 -0.0400
-0.7017 -8.4071 -0.0400
0.2949 -7.4430 -0.0400
0.3975 -7.3166 -0.0400
0.4782 -7.3174 -0.0400
0.5548 -7.3507 -0.0400
1.1818 -5.1636 -0.0400
1.2199 -5.1053 -0.0400
1.1386 -3.5411 -0.0400
1.1503 -3.5245 -0.0400
1.1613 -3.5076 -0.0400
1.1733 -3.5016 -0.0400
1.1850 -3.4953 -0.0400
1.1972 -3.4929 -0.0400
1.2097 -3.4918 -0.0400
1.2230 -3.4948 -0.0400
1.2375 -3.5022 -0.0400
1.2518 -3.5069 -0.0400
2.8077 -6.4105 -0.0400
2.8489 -6.3361 -0.0400
2.9116 -6.3063 -0.0400
3.0064 -6.3354 -0.0400
3.1733 -4.2246 -0.0400
3.1573 -4.1608 -0.0400
3.1599 -4.1109 -0.0400
3.1787 -4.0719 -0.0400
3.2100 -4.0404 -0.0400
3.2621 -4.0201 -0.0400
5.8465 -4.3729 -0.0400
5.8496 -4.2817 -0.0400
5.9156 -4.2100 -0.0400
5.3255 0.8742 -0.0400
2.8263 -0.7947 -0.0400
2.7689 -0.7908 -0.0400
2.7249 -0.7722 -0.0400
2.6895 -0.7435 -0.0400
2.6621 -0.7042 -0.0400
2.7027 -0.5709 -0.0400
1.7590 -1.7111 -0.0400
1.7274 -1.7203 -0.0400
1.7003 -1.7232 -0.0400
1.6735 -1.7270 -0.0400
1.6531 -1.7199 -0.0400
1.6342 -1.7102 -0.0400
1.6163 -1.6985 -0.0400
1.5994 -1.6843 -0.0400
1.5838 -1.6667 -0.0400
1.5697 -1.6449 -0.0400
1.5580 -1.6158 -0.0400
1.4891 0.5032 -0.0400
1.4284 0.4820 -0.0400
1.3709 0.4853 -0.0400
1.3227 0.6198 -0.0400
1.2652 0.6642 -0.0400
-2.0234 1.6342 -0.0400
-2.0962 1.5735 -0.0400
-3.5130 -0.0433 -0.0400
-3.5421 -0.1347 -0.0400
-3.5127 -0.2574 -0.0400
-1.0920 -2.1962 -0.0400
-1.1050 -2.2336 -0.0400
-1.1260 -2.2693 -0.0400
-1.1060 -2.3142 -0.0400
-1.1069 -2.3539 -0.0400
-1.1181 -2.3916 -0.0400
-1.1410 -2.4277 -0.0400
-1.1937 -2.4601 -0.0400
-3.4635 -2.2245 -0.0400
-3.4490 -2.3066 -0.0400
-3.4640 -2.3854 -0.0400
-3.1587 -3.7671 -0.0400
-3.0666 -3.8226 -0.0400
-0.5115 -8.4546 -0.0400
0.3626 -7.5056 -0.0400
0.4697 -7.3383 -0.0400
0.5500 -7.3445 -0.0400
1.2231 -5.1352 -0.0400
1.2624 -5.1070 -0.0400
1.1550 -3.5207 -0.0400
1.1669 -3.5097 -0.0400
1.1783 -3.4975 -0.0400
1.1905 -3.4931 -0.0400
1.2028 -3.4898 -0.0400
1.2154 -3.4884 -0.0400
1.2282 -3.4881 -0.0400
1.2424 -3.4935 -0.0400
1.2585 -3.5061 -0.0400
1.2752 -3.5183 -0.0400
2.8592 -6.3506 -0.0400
2.9112 -6.2993 -0.0400
2.9858 -6.2913 -0.0400
3.2295 -4.2525 -0.0400
3.2012 -4.1791 -0.0400
3.1844 -4.1158 -0.0400
3.1869 -4.0662 -0.0400
3.2135 -4.0318 -0.0400
3.2634 -4.0104 -0.0400
5.8969 -4.2922 -0.0400
5.8764 -4.1941 -0.0400
6.4308 -0.0951 -0.0400
5.3345 0.8756 -0.0400
2.7898 -0.7672 -0.0400
2.7349 -0.7614 -0.0400
2.6913 -0.7431 -0.0400
2.6633 -0.7050 -0.0400
2.6466 -0.6507 -0.0400
2.6531 -0.5615 -0.0400
1.7637 -1.7037 -0.0400
1.7311 -1.7146 -0.0400
1.7036 -1.7184 -0.0400
1.6797 -1.7172 -0.0400
1.6576 -1.7134 -0.0400
1.6368 -1.7076 -0.0400
1.6173 -1.6994 -0.0400
1.6009 -1.6850 -0.0400
1.5849 -1.6690 -0.0400
1.5701 -1.6494 -0.0400
1.5572 -1.6242 -0.0400
1.5480 -1.5875 -0.0400
1.4439 0.5274 -0.0400
1.3823 0.4921 -0.0400
1.3260 0.5106 -0.0400
1.2745 0.6242 -0.0400
1.2164 0.6656 -0.0400
-2.0841 1.5958 -0.0400
-2.1631 1.5435 -0.0400
-2.2786 1.5378 -0.0400
-3.6013 -0.0718 -0.0400
-3.5722 -0.1962 -0.0400
-3.5472 -0.3150 -0.0400
-1.1229 -2.3318 -0.0400
-1.1137 -2.3735 -0.0400
-1.1168 -2.4127 -0.0400
-1.1553 -2.4467 -0.0400
-3.4606 -2.2014 -0.0400
-3.4840 -2.2796 -0.0400
-3.4718 -2.3615 -0.0400
-3.4594 -2.4428 -0.0400
-3.1000 -3.8095 -0.0400
-3.0540 -3.8754 -0.0400
-3.0366 -3.9486 -0.0400
-3.0435 -4.0293 -0.0400
-0.5226 -8.4525 -0.0400
0.3515 -7.5294 -0.0400
0.4606 -7.3552 -0.0400
0.5460 -7.3240 -0.0400
0.6247 -7.3446 -0.0400
0.6992 -7.4203 -0.0400
1.2642 -5.1218 -0.0400
1.1616 -3.5471 -0.0400
1.1712 -3.5085 -0.0400
1.1833 -3.4997 -0.0400
1.1954 -3.4931 -0.0400
1.2074 -3.4867 -0.0400
1.2201 -3.4845 -0.0400
1.2334 -3.4861 -0.0400
1.2469 -3.4875 -0.0400
1.2610 -3.4908 -0.0400
1.2793 -3.5097 -0.0400
2.9201 -6.3117 -0.0400
2.9735 -6.2635 -0.0400
3.0465 -6.2515 -0.0400
3.2400 -4.1945 -0.0400
3.2254 -4.1315 -0.0400
3.1895 -4.0573 -0.0400
3.2090 -4.0187 -0.0400
3.2397 -3.9866 -0.0400
3.2892 -3.9643 -0.0400
6.0366 -4.3321 -0.0400
5.8795 -4.1906 -0.0400
5.9135 -4.1093 -0.0400
6.3838 -0.0038 -0.0400
5.2754 0.9490 -0.0400
2.7481 -0.7455 -0.0400
2.6982 -0.7348 -0.0400
2.6575 -0.7134 -0.0400
2.6293 -0.6755 -0.0400
2.6118 -0.6218 -0.0400
2.6159 -0.5343 -0.0400
1.7466 -1.6876 -0.0400
1.7143 -1.6991 -0.0400
1.6868 -1.7038 -0.0400
1.6592 -1.7101 -0.0400
1.6384 -1.7047 -0.0400
1.6188 -1.6973 -0.0400
1.6004 -1.6874 -0.0400
1.5828 -1.6756 -0.0400
1.5663 -1.6611 -0.0400
1.5508 -1.6436 -0.0400
1.5455 -1.5988 -0.0400
1.3928 0.5005 -0.0400
1.3347 0.4927 -0.0400
1.2783 0.5089 -0.0400
1.2256 0.6252 -0.0400
1.1670 0.6605 -0.0400
-3.5732 -0.1674 -0.0400
-3.6085 -0.2544 -0.0400
-3.5753 -0.3761 -0.0400
-1.1297 -2.4011 -0.0400
-1.1667 -2.4356 -0.0400
-3.4622 -2.1895 -0.0400
-3.4463 -2.2719 -0.0400
-3.4722 -2.3498 -0.0400
-3.1554 -3.7338 -0.0400
-3.0723 -3.7918 -0.0400
-3.0566 -3.8653 -0.0400
-3.1222 -3.9622 -0.0400
-0.6081 -3.3417 -0.0400
-0.5502 -3.3541 -0.0400
-0.6360 -8.4486 -0.0400
0.3719 -7.3726 -0.0400
0.4612 -7.3231 -0.0400
0.5359 -7.3775 -0.0400
1.2229 -5.1266 -0.0400
1.1474 -3.5207 -0.0400
1.1599 -3.5096 -0.0400
1.1723 -3.5020 -0.0400
1.1849 -3.4966 -0.0400
1.1974 -3.4924 -0.0400
1.2105 -3.4915 -0.0400
1.2238 -3.4920 -0.0400
1.2388 -3.5007 -0.0400
1.2539 -3.5076 -0.0400
2.8554 -6.3369 -0.0400
2.9182 -6.3064 -0.0400
3.1991 -4.2162 -0.0400
3.1574 -4.1344 -0.0400
3.1680 -4.0897 -0.0400
3.1906 -4.0528 -0.0400
3.2236 -4.0222 -0.0400
5.8572 -4.2731 -0.0400
5.9415 -4.2069 -0.0400
6.4304 -0.0981 -0.0400
5.3301 0.8649 -0.0400
2.7705 -0.7890 -0.0400
2.7267 -0.7709 -0.0400
2.6914 -0.7430 -0.0400
2.6659 -0.7023 -0.0400
2.6547 -0.6411 -0.0400
1.7604 -1.7054 -0.0400
1.7204 -1.7290 -0.0400
1.6968 -1.7276 -0.0400
1.6750 -1.7237 -0.0400
1.6545 -1.7179 -0.0400
1.6350 -1.7105 -0.0400
1.6180 -1.6983 -0.0400
1.6018 -1.6842 -0.0400
1.5866 -1.6673 -0.0400
1.5728 -1.6465 -0.0400
1.5611 -1.6194 -0.0400
1.5550 -1.5759 -0.0400
1.4554 0.5042 -0.0400
1.3959 0.4851 -0.0400
1.3425 0.5353 -0.0400
1.2906 0.6376 -0.0400
-3.5616 0.0582 -0.0400
-3.5503 -0.0585 -0.0400
-3.5477 -0.1675 -0.0400
-3.5244 -0.2855 -0.0400
-1.1943 -1.9189 -0.0400
-1.1873 -1.9664 -0.0400
-3.4649 -2.2523 -0.0400
-3.4528 -2.3340 -0.0400
-3.1451 -3.7148 -0.0400
-3.0869 -3.7789 -0.0400
-3.0674 -3.8516 -0.0400
-3.0832 -3.9345 -0.0400
-0.5953 -3.3248 -0.0400
-0.5618 -3.3459 -0.0400
-0.5294 -3.3665 -0.0400
-0.5141 -3.3931 -0.0400
-0.5035 -3.4216 -0.0400
-0.6372 -8.4189 -0.0400
0.2596 -7.5017 -0.0400
0.3716 -7.3335 -0.0400
0.4556 -7.3200 -0.0400
0.5326 -7.3559 -0.0400
1.1807 -5.1325 -0.0400
1.1366 -3.5360 -0.0400
1.1493 -3.5191 -0.0400
1.1619 -3.5085 -0.0400
1.1746 -3.5013 -0.0400
1.1872 -3.4949 -0.0400
1.2003 -3.4934 -0.0400
1.2137 -3.4935 -0.0400
1.2274 -3.4952 -0.0400
1.2435 -3.5084 -0.0400
1.2602 -3.5216 -0.0400
2.8048 -6.3921 -0.0400
2.8569 -6.3384 -0.0400
2.9223 -6.3125 -0.0400
3.2004 -4.2650 -0.0400
3.1505 -4.1750 -0.0400
3.1536 -4.1244 -0.0400
3.1700 -4.0834 -0.0400
3.1958 -4.0486 -0.0400
3.2779 -4.0470 -0.0400
5.8521 -4.3605 -0.0400
5.8532 -4.2685 -0.0400
5.9175 -4.1965 -0.0400
6.4919 -0.1850 -0.0400
5.3373 0.8683 -0.0400
2.8320 -0.7860 -0.0400
2.7610 -0.7984 -0.0400
2.7218 -0.7754 -0.0400
2.6877 -0.7463 -0.0400
2.6731 -0.6918 -0.0400
2.6757 -0.6121 -0.0400
1.7940 -1.6907 -0.0400
1.7428 -1.7298 -0.0400
1.7171 -1.7313 -0.0400
1.6943 -1.7288 -0.0400
1.6730 -1.7244 -0.0400
1.6518 -1.7205 -0.0400
1.6339 -1.7105 -0.0400
1.6168 -1.6991 -0.0400
1.6005 -1.6855 -0.0400
1.5853 -1.6693 -0.0400
1.5785 -1.6330 -0.0400
1.5705 -1.5966 -0.0400
1.5218 0.5233 -0.0400
1.4591 0.4828 -0.0400
1.4019 0.4822 -0.0400
1.3471 0.5101 -0.0400
1.2967 0.6237 -0.0400
1.2399 0.6799 -0.0400
-3.5709 -0.0253 -0.0400
-3.4774 -0.1860 -0.0400
-3.5262 -0.2639 -0.0400
-1.2297 -1.8906 -0.0400
-1.1942 -1.9489 -0.0400
-1.1411 -2.0110 -0.0400
-1.0951 -2.0684 -0.0400
-1.0818 -2.1140 -0.0400
-3.1656 -3.6301 -0.0400
-3.1077 -3.6951 -0.0400
-3.0944 -3.7695 -0.0400
-3.1217 -3.8548 -0.0400
-0.5727 -3.3086 -0.0400
-0.5500 -3.3332 -0.0400
-0.5294 -3.3581 -0.0400
-0.5188 -3.3866 -0.0400
-0.5191 -3.4198 -0.0400
-0.5190 -3.4533 -0.0400
-0.5699 -3.5108 -0.0400
0.2004 -7.3376 -0.0400
0.2906 -7.2986 -0.0400
0.3689 -7.3219 -0.0400
0.4400 -7.3993 -0.0400
1.1382 -5.1458 -0.0400
1.1237 -3.5418 -0.0400
1.1368 -3.5241 -0.0400
1.1494 -3.5075 -0.0400
1.1626 -3.5031 -0.0400
1.1758 -3.5006 -0.0400
1.1891 -3.4997 -0.0400
1.2028 -3.5007 -0.0400
1.2182 -3.5116 -0.0400
1.2338 -3.5216 -0.0400
1.2544 -3.5547 -0.0400
2.7363 -6.4116 -0.0400
2.7942 -6.3693 -0.0400
2.8730 -6.3708 -0.0400
3.1747 -4.3554 -0.0400
3.1443 -4.2751 -0.0400
3.1391 -4.2160 -0.0400
3.1267 -4.1537 -0.0400
3.1500 -4.1171 -0.0400
3.2025 -4.0995 -0.0400
4.7053 -4.9805 -0.0400
5.7972 -4.4320 -0.0400
5.8500 -4.3576 -0.0400
6.5205 -0.2870 -0.0400
5.4874 0.7373 -0.0400
5.4072 0.7983 -0.0400
2.8550 -0.8269 -0.0400
2.7904 -0.8311 -0.0400
2.7523 -0.8069 -0.0400
2.7226 -0.7729 -0.0400
2.7274 -0.6953 -0.0400
2.7338 -0.6120 -0.0400
1.7930 -1.7283 -0.0400
1.7525 -1.7505 -0.0400
1.7289 -1.7487 -0.0400
1.7072 -1.7447 -0.0400
1.6847 -1.7426 -0.0400
1.6664 -1.7338 -0.0400
1.6490 -1.7234 -0.0400
1.6323 -1.7115 -0.0400
1.6201 -1.6906 -0.0400
1.6067 -1.6710 -0.0400
1.5950 -1.6466 -0.0400
1.5869 -1.6126 -0.0400
1.5202 0.4837 -0.0400
1.4625 0.4797 -0.0400
1.4123 0.5499 -0.0400
1.3613 0.6394 -0.0400
-3.4388 0.0191 -0.0400
-3.4290 -0.0942 -0.0400
-3.4655 -0.1789 -0.0400
-1.1816 -1.8526 -0.0400
-1.1690 -1.9029 -0.0400
-1.1747 -1.9457 -0.0400
-1.1099 -2.0114 -0.0400
-1.0819 -2.0627 -0.0400
-1.0672 -2.1085 -0.0400
-1.0821 -2.1454 -0.0400
-1.1052 -2.1803 -0.0400
-3.1828 -3.6167 -0.0400
-3.1020 -3.6769 -0.0400
-3.0979 -3.7534 -0.0400
-3.1272 -3.8392 -0.0400
-0.5994 -3.3047 -0.0400
-0.5539 -3.3217 -0.0400
-0.5366 -3.3480 -0.0400
-0.5246 -3.3761 -0.0400
-0.5183 -3.4066 -0.0400
-0.5319 -3.4460 -0.0400
-0.5478 -3.4877 -0.0400
-0.7558 -8.3905 -0.0400
0.1654 -7.4762 -0.0400
0.2803 -7.3139 -0.0400
0.3631 -7.3125 -0.0400
1.0938 -5.1653 -0.0400
1.1102 -3.5482 -0.0400
1.1238 -3.5275 -0.0400
1.1372 -3.5160 -0.0400
1.1505 -3.5087 -0.0400
1.1639 -3.5041 -0.0400
1.1773 -3.5015 -0.0400
1.1912 -3.5039 -0.0400
1.2055 -3.5076 -0.0400
1.2206 -3.5146 -0.0400
1.2369 -3.5271 -0.0400
2.7359 -6.4116 -0.0400
2.7952 -6.3719 -0.0400
2.8857 -6.3971 -0.0400
3.1564 -4.3344 -0.0400
3.1163 -4.2471 -0.0400
3.1171 -4.1931 -0.0400
3.1284 -4.1478 -0.0400
3.1579 -4.1153 -0.0400
3.1972 -4.0890 -0.0400
4.7367 -4.9960 -0.0400
5.8114 -4.5279 -0.0400
5.7977 -4.4291 -0.0400
5.8432 -4.3522 -0.0400
6.5213 -0.2865 -0.0400
5.4487 0.7054 -0.0400
2.8974 -0.8450 -0.0400
2.8377 -0.8423 -0.0400
2.7852 -0.8338 -0.0400
2.7506 -0.8059 -0.0400
2.7221 -0.7707 -0.0400
2.7256 -0.6950 -0.0400
1.8094 -1.7369 -0.0400
1.7782 -1.7444 -0.0400
1.7515 -1.7466 -0.0400
1.7230 -1.7528 -0.0400
1.7025 -1.7474 -0.0400
1.6815 -1.7433 -0.0400
1.6640 -1.7334 -0.0400
1.6471 -1.7225 -0.0400
1.6334 -1.7054 -0.0400
1.6190 -1.6889 -0.0400
1.6059 -1.6693 -0.0400
1.5944 -1.6450 -0.0400
1.5845 0.4962 -0.0400
1.5229 0.4665 -0.0400
1.4666 0.4709 -0.0400
1.4135 0.5068 -0.0400
1.3654 0.6195 -0.0400
-3.4761 0.1739 -0.0400
-3.4259 0.0321 -0.0400
-3.4161 -0.0812 -0.0400
-3.4545 -0.1646 -0.0400
-1.2249 -1.8205 -0.0400
-1.1744 -1.8859 -0.0400
-1.1708 -1.9321 -0.0400
-1.0862 -2.0045 -0.0400
-1.0684 -2.0522 -0.0400
-1.0684 -2.0936 -0.0400
-1.0745 -2.1329 -0.0400
-1.0898 -2.1697 -0.0400
-1.0955 -2.2089 -0.0400
-1.0892 -2.2507 -0.0400
-1.0948 -2.2895 -0.0400
-3.2302 -3.6035 -0.0400
-3.1283 -3.6599 -0.0400
-3.0903 -3.7287 -0.0400
-3.0794 -3.8038 -0.0400
-3.1003 -3.8881 -0.0400
-0.6010 -3.3209 -0.0400
-0.5495 -3.3353 -0.0400
-0.5308 -3.3610 -0.0400
-0.5165 -3.3883 -0.0400
-0.5122 -3.4198 -0.0400
-0.5108 -3.4530 -0.0400
-0.5544 -3.5083 -0.0400
0.1482 -7.5043 -0.0400
0.2655 -7.3353 -0.0400
0.3532 -7.3076 -0.0400
0.4317 -7.3340 -0.0400
1.1249 -3.5633 -0.0400
1.1381 -3.5286 -0.0400
1.1509 -3.5073 -0.0400
1.1644 -3.5020 -0.0400
1.1780 -3.4990 -0.0400
1.1918 -3.4980 -0.0400
1.2059 -3.4992 -0.0400
1.2204 -3.5028 -0.0400
1.2358 -3.5099 -0.0400
2.7941 -6.3721 -0.0400
2.8614 -6.3493 -0.0400
2.9481 -6.3639 -0.0400
3.1644 -4.2747 -0.0400
3.1345 -4.1969 -0.0400
3.1325 -4.1417 -0.0400
3.1556 -4.1048 -0.0400
3.1992 -4.0813 -0.0400
3.2591 -4.0670 -0.0400
5.8372 -4.4395 -0.0400
5.8258 -4.3422 -0.0400
6.5270 -0.2833 -0.0400
5.3916 0.7831 -0.0400
2.8551 -0.8182 -0.0400
2.7893 -0.8238 -0.0400
2.7472 -0.8047 -0.0400
2.7174 -0.7714 -0.0400
2.6919 -0.7324 -0.0400
2.7075 -0.6397 -0.0400
1.7851 -1.7261 -0.0400
1.7479 -1.7438 -0.0400
1.7248 -1.7418 -0.0400
1.7003 -1.7429 -0.0400
1.6809 -1.7364 -0.0400
1.6621 -1.7290 -0.0400
1.6447 -1.7195 -0.0400
1.6282 -1.7082 -0.0400
1.6151 -1.6898 -0.0400
1.6010 -1.6728 -0.0400
1.5880 -1.6527 -0.0400
1.5895 -1.5983 -0.0400
1.5300 0.4765 -0.0400
1.4725 0.4709 -0.0400
1.4181 0.4904 -0.0400
1.3713 0.6097 -0.0400
1.3156 0.6526 -0.0400
-3.4931 0.1008 -0.0400
-3.4817 -0.0154 -0.0400
-3.4420 -0.1448 -0.0400
-3.4941 -0.2204 -0.0400
-1.1834 -1.8626 -0.0400
-1.1726 -1.9117 -0.0400
-1.1778 -1.9544 -0.0400
-1.1206 -2.0165 -0.0400
-1.0893 -2.0681 -0.0400
-1.0710 -2.1146 -0.0400
-1.0818 -2.1525 -0.0400
-1.0998 -2.1888 -0.0400
-1.1220 -2.2243 -0.0400
-1.1030 -2.2688 -0.0400
-1.0992 -2.3095 -0.0400
-1.1210 -2.3455 -0.0400
-1.1611 -2.3793 -0.0400
-3.4830 -2.1157 -0.0400
-3.1671 -3.5790 -0.0400
-3.1151 -3.6454 -0.0400
-3.1251 -3.7255 -0.0400
-0.5963 -3.2771 -0.0400
-0.5683 -3.3003 -0.0400
-0.5482 -3.3258 -0.0400
-0.5332 -3.3530 -0.0400
-0.5281 -3.3841 -0.0400
-0.5275 -3.4175 -0.0400
-0.5338 -3.4545 -0.0400
-0.8765 -8.3479 -0.0400
0.1737 -7.3451 -0.0400
0.2663 -7.2986 -0.0400
0.3390 -7.3597 -0.0400
1.0877 -5.1536 -0.0400
1.1092 -3.5412 -0.0400
1.1233 -3.5244 -0.0400
1.1371 -3.5146 -0.0400
1.1509 -3.5086 -0.0400
1.1647 -3.5051 -0.0400
1.1788 -3.5062 -0.0400
1.1934 -3.5099 -0.0400
1.2087 -3.5171 -0.0400
1.2251 -3.5301 -0.0400
2.6865 -6.4831 -0.0400
2.7335 -6.4121 -0.0400
2.8090 -6.4065 -0.0400
3.1185 -4.2923 -0.0400
3.0976 -4.2201 -0.0400
3.1091 -4.1743 -0.0400
3.1359 -4.1399 -0.0400
3.1857 -4.1209 -0.0400
4.6770 -5.0399 -0.0400
5.7914 -4.5146 -0.0400
5.8149 -4.4295 -0.0400
5.5431 0.6546 -0.0400
2.8651 -0.8698 -0.0400
2.8134 -0.8599 -0.0400
2.7749 -0.8368 -0.0400
2.7475 -0.8012 -0.0400
2.7370 -0.7450 -0.0400
2.7666 -0.6369 -0.0400
1.7891 -1.7517 -0.0400
1.7567 -1.7622 -0.0400
1.7354 -1.7577 -0.0400
1.7121 -1.7567 -0.0400
1.6919 -1.7517 -0.0400
1.6747 -1.7421 -0.0400
1.6589 -1.7300 -0.0400
1.6434 -1.7173 -0.0400
1.6286 -1.7031 -0.0400
1.6191 -1.6778 -0.0400
1.6074 -1.6556 -0.0400
1.6214 -1.5763 -0.0400
1.5893 0.4764 -0.0400
1.5302 0.4604 -0.0400
1.4750 0.4701 -0.0400
1.4336 0.6172 -0.0400
-1.1678 2.8119 -0.0400
-1.2230 2.6760 -0.0400
-1.3266 2.6561 -0.0400
-3.4444 0.1952 -0.0400
-3.4042 0.0596 -0.0400
-3.4091 -0.0449 -0.0400
-3.4687 -0.1164 -0.0400
-1.1780 -1.8091 -0.0400
-1.1585 -1.8622 -0.0400
-1.1610 -1.9061 -0.0400
-1.0763 -1.9787 -0.0400
-1.0607 -2.0258 -0.0400
-1.0604 -2.0672 -0.0400
-1.0650 -2.1068 -0.0400
-1.0805 -2.1434 -0.0400
-1.0957 -2.1802 -0.0400
-1.0864 -2.2227 -0.0400
-1.0885 -2.2623 -0.0400
-1.1010 -2.2997 -0.0400
-1.1251 -2.3353 -0.0400
-1.1842 -2.3664 -0.0400
-3.4261 -2.1114 -0.0400
-3.4697 -2.1868 -0.0400
-3.2319 -3.4960 -0.0400
-3.1460 -3.5572 -0.0400
-3.1146 -3.6279 -0.0400
-3.1127 -3.7051 -0.0400
-3.1580 -3.7950 -0.0400
-0.6156 -3.2699 -0.0400
-0.5801 -3.2909 -0.0400
-0.5562 -3.3152 -0.0400
-0.5383 -3.3414 -0.0400
-0.5312 -3.3717 -0.0400
-0.5292 -3.4045 -0.0400
-0.5341 -3.4408 -0.0400
-3.6158 -5.9392 -0.0400
-1.7117 -4.7782 -0.0400
-0.8883 -8.3430 -0.0400
0.0554 -7.4538 -0.0400
0.1737 -7.2973 -0.0400
0.2575 -7.2956 -0.0400
0.3336 -7.3368 -0.0400
1.0836 -5.1911 -0.0400
1.1078 -3.5315 -0.0400
1.1220 -3.5195 -0.0400
1.1361 -3.5122 -0.0400
1.1501 -3.5078 -0.0400
1.1642 -3.5060 -0.0400
1.1785 -3.5063 -0.0400
1.1932 -3.5091 -0.0400
1.2084 -3.5153 -0.0400
2.6784 -6.4694 -0.0400
2.7310 -6.4112 -0.0400
2.8238 -6.4429 -0.0400
3.1038 -4.3327 -0.0400
3.0867 -4.2616 -0.0400
3.0891 -4.2078 -0.0400
3.1119 -4.1703 -0.0400
3.1445 -4.1399 -0.0400
3.2097 -4.1312 -0.0400
4.7008 -5.0526 -0.0400
5.9204 -4.6597 -0.0400
5.7649 -4.5019 -0.0400
5.8242 -4.4303 -0.0400
6.6118 -0.3588 -0.0400
5.5111 0.6309 -0.0400
5.4737 0.7244 -0.0400
2.8570 -0.8729 -0.0400
2.8052 -0.8635 -0.0400
2.7731 -0.8336 -0.0400
2.7506 -0.7925 -0.0400
2.7464 -0.7289 -0.0400
1.8095 -1.7509 -0.0400
1.7747 -1.7636 -0.0400
1.7478 -1.7669 -0.0400
1.7279 -1.7609 -0.0400
1.7064 -1.7578 -0.0400
1.6877 -1.7507 -0.0400
1.6710 -1.7407 -0.0400
1.6555 -1.7284 -0.0400
1.6428 -1.7109 -0.0400
1.6288 -1.6952 -0.0400
1.6216 -1.6656 -0.0400
1.6118 -1.6394 -0.0400
1.6078 -1.5992 -0.0400
1.6500 0.4794 -0.0400
1.5888 0.4534 -0.0400
1.5330 0.4575 -0.0400
1.4806 0.4885 -0.0400
1.4359 0.6029 -0.0400
1.3824 0.6587 -0.0400
-1.1213 2.7319 -0.0400
-1.2113 2.6815 -0.0400
-1.3184 2.6698 -0.0400
-3.3935 0.0730 -0.0400
-3.3734 -0.0463 -0.0400
-3.4325 -0.1173 -0.0400
-1.1807 -1.7934 -0.0400
-1.1569 -1.8483 -0.0400
-1.1543 -1.8940 -0.0400
-1.0844 -1.9617 -0.0400
-1.0641 -2.0104 -0.0400
-1.0589 -2.0534 -0.0400
-1.0634 -2.0931 -0.0400
-1.0809 -2.1291 -0.0400
-1.1087 -2.1629 -0.0400
-1.0908 -2.2076 -0.0400
-1.0868 -2.2485 -0.0400
-1.1024 -2.2853 -0.0400
-1.1349 -2.3196 -0.0400
-3.4620 -2.0075 -0.0400
-3.4333 -2.0928 -0.0400
-3.4386 -2.1727 -0.0400
-3.1755 -3.5457 -0.0400
-3.1226 -3.6122 -0.0400
-3.1396 -3.6939 -0.0400
-0.6525 -3.2684 -0.0400
-0.5781 -3.2764 -0.0400
-0.5576 -3.3019 -0.0400
-0.5430 -3.3294 -0.0400
-0.5336 -3.3589 -0.0400
-0.5293 -3.3906 -0.0400
-0.5591 -3.4382 -0.0400
-3.6353 -5.9309 -0.0400
-1.7820 -4.7355 -0.0400
-1.7221 -4.7681 -0.0400
-0.8998 -8.3358 -0.0400
0.0425 -7.4640 -0.0400
0.1618 -7.3063 -0.0400
0.2481 -7.2933 -0.0400
0.3135 -7.3996 -0.0400
1.0793 -5.1492 -0.0400
1.1060 -3.5410 -0.0400
1.1205 -3.5250 -0.0400
1.1348 -3.5158 -0.0400
1.1488 -3.5082 -0.0400
1.1633 -3.5077 -0.0400
1.1780 -3.5098 -0.0400
1.1931 -3.5148 -0.0400
1.2091 -3.5244 -0.0400
1.2272 -3.5453 -0.0400
2.6759 -6.4705 -0.0400
2.7327 -6.4212 -0.0400
3.1035 -4.3274 -0.0400
3.0754 -4.2475 -0.0400
3.0891 -4.2025 -0.0400
3.1172 -4.1688 -0.0400
3.1651 -4.1489 -0.0400
4.6190 -5.0857 -0.0400
4.6881 -5.0418 -0.0400
5.7549 -4.5901 -0.0400
5.7634 -4.4990 -0.0400
5.8555 -4.4395 -0.0400
6.6123 -0.4703 -0.0400
5.5090 0.6301 -0.0400
2.9130 -0.8737 -0.0400
2.8440 -0.8804 -0.0400
2.8021 -0.8608 -0.0400
2.7709 -0.8301 -0.0400
2.7502 -0.7873 -0.0400
2.7785 -0.6851 -0.0400
1.8359 -1.7421 -0.0400
1.7948 -1.7618 -0.0400
1.7651 -1.7681 -0.0400
1.7410 -1.7678 -0.0400
1.7196 -1.7644 -0.0400
1.7001 -1.7587 -0.0400
1.6832 -1.7492 -0.0400
1.6670 -1.7386 -0.0400
1.6526 -1.7249 -0.0400
1.6404 -1.7068 -0.0400
1.6267 -1.6908 -0.0400
1.6198 -1.6607 -0.0400
1.6261 -1.6020 -0.0400
1.6538 0.4881 -0.0400
1.5915 0.4546 -0.0400
1.5353 0.4545 -0.0400
1.4957 0.5889 -0.0400
1.4420 0.6309 -0.0400
-1.0529 2.8731 -0.0400
-1.1108 2.7384 -0.0400
-1.1996 2.6855 -0.0400
-1.3069 2.6750 -0.0400
-1.1712 -1.7829 -0.0400
-1.1514 -1.8361 -0.0400
-1.1485 -1.8818 -0.0400
-1.0860 -1.9470 -0.0400
-1.0637 -1.9965 -0.0400
-1.0488 -2.0425 -0.0400
-1.0572 -2.0808 -0.0400
-1.0728 -2.1172 -0.0400
-1.0972 -2.1517 -0.0400
-1.0797 -2.1961 -0.0400
-1.0819 -2.2356 -0.0400
-1.0935 -2.2730 -0.0400
-1.1155 -2.3088 -0.0400
-1.1592 -2.3419 -0.0400
-3.4195 -2.0771 -0.0400
-3.4638 -2.1523 -0.0400
-3.1197 -3.6716 -0.0400
-3.1658 -3.7615 -0.0400
-0.6370 -3.2493 -0.0400
-0.5945 -3.2682 -0.0400
-0.5681 -3.2919 -0.0400
-0.5496 -3.3180 -0.0400
-0.5415 -3.3481 -0.0400
-0.5406 -3.3814 -0.0400
-0.5485 -3.4192 -0.0400
-0.5909 -3.4742 -0.0400
-3.6389 -5.9114 -0.0400
-1.7308 -4.7564 -0.0400
-1.7414 -4.8417 -0.0400
0.0316 -7.4630 -0.0400
0.1511 -7.3067 -0.0400
0.2361 -7.3019 -0.0400
0.3071 -7.3762 -0.0400
1.0883 -3.5552 -0.0400
1.1035 -3.5327 -0.0400
1.1181 -3.5211 -0.0400
1.1326 -3.5139 -0.0400
1.1471 -3.5099 -0.0400
1.1616 -3.5083 -0.0400
1.1764 -3.5092 -0.0400
1.1926 -3.5220 -0.0400
1.2095 -3.5364 -0.0400
2.6097 -6.5075 -0.0400
2.6620 -6.4454 -0.0400
2.7303 -6.4235 -0.0400
3.1008 -4.3802 -0.0400
3.0857 -4.3083 -0.0400
3.0746 -4.2421 -0.0400
3.0909 -4.1989 -0.0400
3.1201 -4.1659 -0.0400
3.1878 -4.1600 -0.0400
4.6277 -5.0896 -0.0400
5.7300 -4.5780 -0.0400
5.7648 -4.4975 -0.0400
6.6145 -0.4679 -0.0400
5.5091 0.6314 -0.0400
2.8829 -0.8972 -0.0400
2.8326 -0.8856 -0.0400
2.7990 -0.8576 -0.0400
2.7701 -0.8245 -0.0400
2.7588 -0.7711 -0.0400
2.7785 -0.6790 -0.0400
1.8179 -1.7558 -0.0400
1.7779 -1.7746 -0.0400
1.7541 -1.7737 -0.0400
1.7326 -1.7704 -0.0400
1.7128 -1.7650 -0.0400
1.6949 -1.7572 -0.0400
1.6786 -1.7471 -0.0400
1.6636 -1.7348 -0.0400
1.6505 -1.7189 -0.0400
1.6394 -1.6991 -0.0400
1.6264 -1.6820 -0.0400
1.6212 -1.6487 -0.0400
1.6554 0.4868 -0.0400
1.5917 0.4444 -0.0400
1.5388 0.4649 -0.0400
1.4911 0.5320 -0.0400
1.4434 0.6189 -0.0400
-1.1031 2.7505 -0.0400
-1.1882 2.6889 -0.0400
-1.7491 1.8615 -0.0400
-1.8022 1.7713 -0.0400
-1.8791 1.7193 -0.0400
-1.1417 -1.8257 -0.0400
-1.1455 -1.8689 -0.0400
-1.0788 -1.9356 -0.0400
-1.0591 -1.9842 -0.0400
-1.0448 -2.0299 -0.0400
-1.0517 -2.0686 -0.0400
-1.0672 -2.1049 -0.0400
-1.0922 -2.1391 -0.0400
-1.0804 -2.1822 -0.0400
-1.0788 -2.2224 -0.0400
-1.0868 -2.2605 -0.0400
-1.1281 -2.2928 -0.0400
-3.4764 -1.9703 -0.0400
-3.4190 -2.0598 -0.0400
-3.4373 -2.1380 -0.0400
-0.5939 -3.2540 -0.0400
-0.5701 -3.2785 -0.0400
-0.5536 -3.3054 -0.0400
-0.5427 -3.3344 -0.0400
-0.5376 -3.3659 -0.0400
-0.5399 -3.4010 -0.0400
-3.6533 -5.8989 -0.0400
-1.8204 -4.7262 -0.0400
-1.7453 -4.7486 -0.0400
0.0229 -7.4495 -0.0400
0.1470 -7.2718 -0.0400
0.2257 -7.2986 -0.0400
0.2976 -7.3681 -0.0400
1.0687 -5.1419 -0.0400
1.1005 -3.5419 -0.0400
1.1155 -3.5267 -0.0400
1.1300 -3.5130 -0.0400
1.1447 -3.5105 -0.0400
1.1595 -3.5103 -0.0400
1.1747 -3.5128 -0.0400
1.1903 -3.5184 -0.0400
1.2068 -3.5289 -0.0400
1.2264 -3.5572 -0.0400
2.6213 -6.5479 -0.0400
2.6604 -6.4516 -0.0400
2.7264 -6.4235 -0.0400
3.0911 -4.3681 -0.0400
3.0704 -4.2916 -0.0400
3.0712 -4.2351 -0.0400
3.0944 -4.1972 -0.0400
3.1333 -4.1711 -0.0400
3.2073 -4.1693 -0.0400
4.6308 -5.0902 -0.0400
5.8104 -4.7067 -0.0400
5.7271 -4.5752 -0.0400
5.7955 -4.5078 -0.0400
6.6272 -0.4612 -0.0400
5.5757 0.5620 -0.0400
5.5389 0.6552 -0.0400
2.8693 -0.9036 -0.0400
2.8263 -0.8851 -0.0400
2.7958 -0.8540 -0.0400
2.7772 -0.8098 -0.0400
2.7968 -0.7208 -0.0400
1.8431 -1.7472 -0.0400
1.7989 -1.7698 -0.0400
1.7695 -1.7756 -0.0400
1.7461 -1.7745 -0.0400
1.7255 -1.7702 -0.0400
1.7058 -1.7651 -0.0400
1.6895 -1.7552 -0.0400
1.6741 -1.7438 -0.0400
1.6601 -1.7302 -0.0400
1.6474 -1.7139 -0.0400
1.6369 -1.6933 -0.0400
1.6293 -1.6662 -0.0400
1.6294 -1.6225 -0.0400
1.6484 0.4407 -0.0400
1.5927 0.4423 -0.0400
1.5401 0.4636 -0.0400
1.4921 0.5260 -0.0400
-1.0046 2.8103 -0.0400
-1.0841 2.7330 -0.0400
-1.1832 2.7059 -0.0400
-1.3219 2.7664 -0.0400
-1.7329 1.8584 -0.0400
-1.7903 1.7754 -0.0400
-1.8710 1.7293 -0.0400
-1.1676 -1.7564 -0.0400
-1.1466 -1.8101 -0.0400
-1.1387 -1.8576 -0.0400
-1.1278 -1.9053 -0.0400
-1.0502 -1.9735 -0.0400
-1.0457 -2.0161 -0.0400
-1.0472 -2.0564 -0.0400
-1.0626 -2.0926 -0.0400
-1.0921 -2.1255 -0.0400
-1.0787 -2.1690 -0.0400
-1.0768 -2.2093 -0.0400
-1.0896 -2.2463 -0.0400
-1.1138 -2.2816 -0.0400
-1.1655 -2.3133 -0.0400
-3.4226 -2.0421 -0.0400
-0.6177 -3.2481 -0.0400
-0.5845 -3.2697 -0.0400
-0.5622 -3.2946 -0.0400
-0.5492 -3.3228 -0.0400
-0.5463 -3.3553 -0.0400
-0.5520 -3.3920 -0.0400
-0.5777 -3.4389 -0.0400
-3.6652 -5.8846 -0.0400
-1.8344 -4.7174 -0.0400
-1.7547 -4.7367 -0.0400
0.1359 -7.2686 -0.0400
0.2142 -7.2986 -0.0400
0.2850 -7.3751 -0.0400
1.0812 -3.5534 -0.0400
1.0968 -3.5337 -0.0400
1.1120 -3.5228 -0.0400
1.1269 -3.5160 -0.0400
1.1418 -3.5122 -0.0400
1.1567 -3.5108 -0.0400
1.1724 -3.5172 -0.0400
1.1886 -3.5254 -0.0400
1.2061 -3.5412 -0.0400
2.5935 -6.4899 -0.0400
2.6555 -6.4510 -0.0400
2.7385 -6.4620 -0.0400
3.0749 -4.3511 -0.0400
3.0549 -4.2753 -0.0400
3.0731 -4.2329 -0.0400
3.0986 -4.1965 -0.0400
3.1456 -4.1762 -0.0400
4.5731 -5.1404 -0.0400
4.6708 -5.1167 -0.0400
5.7199 -4.6664 -0.0400
5.7224 -4.5719 -0.0400
5.8141 -4.5137 -0.0400
6.6236 -0.4609 -0.0400
5.5655 0.5566 -0.0400
2.9080 -0.9197 -0.0400
2.8625 -0.9029 -0.0400
2.8221 -0.8819 -0.0400
2.7941 -0.8483 -0.0400
2.7856 -0.7932 -0.0400
2.8266 -0.6798 -0.0400
1.8119 -1.7748 -0.0400
1.7798 -1.7834 -0.0400
1.7556 -1.7831 -0.0400
1.7371 -1.7759 -0.0400
1.7174 -1.7707 -0.0400
1.7000 -1.7626 -0.0400
1.6841 -1.7523 -0.0400
1.6694 -1.7403 -0.0400
1.6578 -1.7228 -0.0400
1.6463 -1.7046 -0.0400
1.6368 -1.6822 -0.0400
1.6311 -1.6517 -0.0400
1.6479 0.4348 -0.0400
1.5933 0.4413 -0.0400
1.5415 0.4669 -0.0400
1.5039 0.6094 -0.0400
-1.0114 2.8571 -0.0400
-1.0768 2.7430 -0.0400
-1.1691 2.6999 -0.0400
-1.7244 1.8667 -0.0400
-1.7801 1.7812 -0.0400
-1.9035 1.7989 -0.0400
-1.1341 -1.8459 -0.0400
-1.0748 -1.9101 -0.0400
-1.0571 -1.9580 -0.0400
-1.0386 -2.0050 -0.0400
-1.0440 -2.0440 -0.0400
-1.0590 -2.0802 -0.0400
-1.0803 -2.1151 -0.0400
-1.0746 -2.1566 -0.0400
-1.0735 -2.1966 -0.0400
-1.0851 -2.2338 -0.0400
-1.1072 -2.2693 -0.0400
-1.1469 -2.3026 -0.0400
-3.4105 -2.0267 -0.0400
-3.4756 -2.0989 -0.0400
-0.5518 -3.3095 -0.0400
-0.5438 -3.3397 -0.0400
-0.5425 -3.3732 -0.0400
-3.6741 -5.8678 -0.0400
-1.7612 -4.7225 -0.0400
1.0114 -5.1616 -0.0400
1.0766 -3.5750 -0.0400
1.0927 -3.5408 -0.0400
1.1081 -3.5274 -0.0400
1.1231 -3.5151 -0.0400
1.1382 -3.5129 -0.0400
1.1535 -3.5130 -0.0400
1.1690 -3.5157 -0.0400
1.1851 -3.5216 -0.0400
1.2020 -3.5325 -0.0400
2.5963 -6.5110 -0.0400
2.6513 -6.4538 -0.0400
3.0702 -4.3443 -0.0400
3.0504 -4.2686 -0.0400
3.0732 -4.2298 -0.0400
3.1074 -4.2001 -0.0400
3.1816 -4.1996 -0.0400
4.5766 -5.1425 -0.0400
5.7262 -4.7658 -0.0400
5.6901 -4.6527 -0.0400
5.7293 -4.5738 -0.0400
5.7986 -4.5066 -0.0400
5.5671 0.5599 -0.0400
2.8894 -0.9296 -0.0400
2.8514 -0.9060 -0.0400
2.8188 -0.8774 -0.0400
2.8016 -0.8325 -0.0400
2.7891 -0.7815 -0.0400
1.8353 -1.7670 -0.0400
1.7947 -1.7846 -0.0400
1.7672 -1.7881 -0.0400
1.7481 -1.7816 -0.0400
1.7274 -1.7776 -0.0400
1.7097 -1.7700 -0.0400
1.6940 -1.7597 -0.0400
1.6790 -1.7484 -0.0400
1.6656 -1.7344 -0.0400
1.6538 -1.7175 -0.0400
1.6436 -1.6973 -0.0400
1.6356 -1.6723 -0.0400
1.6442 -1.6153 -0.0400
1.7088 0.4597 -0.0400
1.6487 0.4389 -0.0400
1.5941 0.4448 -0.0400
1.5436 0.4783 -0.0400
1.5060 0.6201 -0.0400
-0.9789 2.7995 -0.0400
-1.0639 2.7374 -0.0400
-1.1694 2.7266 -0.0400
-1.7237 1.8865 -0.0400
-1.7731 1.7908 -0.0400
-1.8875 1.7956 -0.0400
-1.0355 -1.9930 -0.0400
-1.0379 -2.0328 -0.0400
-1.0516 -2.0692 -0.0400
-1.0813 -2.1018 -0.0400
-1.0831 -2.1415 -0.0400
-1.0686 -2.1845 -0.0400
-1.0762 -2.2224 -0.0400
-1.1041 -2.2567 -0.0400
-1.1415 -2.2902 -0.0400
-3.4074 -2.0103 -0.0400
-3.4718 -2.0825 -0.0400
-3.2297 -3.4077 -0.0400
-3.1595 -3.4722 -0.0400
-3.1335 -3.5442 -0.0400
-0.5631 -3.4026 -0.0400
-1.8280 -4.6749 -0.0400
-1.7684 -4.7086 -0.0400
1.0038 -5.1649 -0.0400
1.0486 -5.1330 -0.0400
1.0880 -3.5477 -0.0400
1.1035 -3.5232 -0.0400
1.1189 -3.5175 -0.0400
1.1342 -3.5144 -0.0400
1.1496 -3.5134 -0.0400
1.1657 -3.5206 -0.0400
1.1823 -3.5293 -0.0400
1.2003 -3.5462 -0.0400
2.5819 -6.4897 -0.0400
2.6484 -6.4612 -0.0400
3.0672 -4.4009 -0.0400
3.0724 -4.3441 -0.0400
3.0512 -4.2669 -0.0400
3.0754 -4.2291 -0.0400
3.1154 -4.2035 -0.0400
4.5310 -5.2026 -0.0400
4.5878 -5.1509 -0.0400
5.7248 -4.7650 -0.0400
5.6833 -4.6493 -0.0400
5.7372 -4.5766 -0.0400
6.6466 -0.5598 -0.0400
5.5679 0.5629 -0.0400
2.9438 -0.9306 -0.0400
2.8894 -0.9214 -0.0400
2.8447 -0.9042 -0.0400
2.8179 -0.8700 -0.0400
2.8175 -0.8074 -0.0400
2.8268 -0.7321 -0.0400
1.8581 -1.7603 -0.0400
1.8062 -1.7896 -0.0400
1.7824 -1.7880 -0.0400
1.7570 -1.7891 -0.0400
1.7387 -1.7820 -0.0400
1.7193 -1.7766 -0.0400
1.7033 -1.7669 -0.0400
1.6883 -1.7558 -0.0400
1.6750 -1.7420 -0.0400
1.6637 -1.7249 -0.0400
1.6547 -1.7035 -0.0400
1.6428 -1.6860 -0.0400
1.6389 -1.6538 -0.0400
1.7020 0.4286 -0.0400
1.6463 0.4283 -0.0400
1.5958 0.4569 -0.0400
1.5503 0.5244 -0.0400
1.5035 0.5981 -0.0400
-0.9831 2.8366 -0.0400
-1.0564 2.7440 -0.0400
-1.1871 2.7936 -0.0400
-1.6880 1.8486 -0.0400
-1.7614 1.7922 -0.0400
-1.8650 1.7815 -0.0400
-1.0715 -2.0915 -0.0400
-1.0691 -2.1320 -0.0400
-1.0685 -2.1717 -0.0400
-1.0732 -2.2101 -0.0400
-1.0883 -2.2465 -0.0400
-1.1485 -2.2760 -0.0400
-3.4017 -1.9946 -0.0400
-3.1832 -3.4594 -0.0400
-3.1388 -3.5278 -0.0400
-3.1683 -3.6121 -0.0400
-3.7985 -5.7830 -0.0400
-3.7129 -5.8480 -0.0400
-1.8609 -4.6786 -0.0400
-1.7807 -4.6981 -0.0400
0.9959 -5.1594 -0.0400
1.0407 -5.1323 -0.0400
1.0827 -3.5362 -0.0400
1.0985 -3.5262 -0.0400
1.1141 -3.5198 -0.0400
1.1296 -3.5160 -0.0400
1.1452 -3.5162 -0.0400
1.1612 -3.5194 -0.0400
1.1777 -3.5261 -0.0400
1.1952 -3.5383 -0.0400
2.5741 -6.4872 -0.0400
2.6536 -6.4902 -0.0400
3.0510 -4.3854 -0.0400
3.0440 -4.3183 -0.0400
3.0494 -4.2637 -0.0400
3.0798 -4.2306 -0.0400
3.1185 -4.2039 -0.0400
4.5332 -5.2053 -0.0400
4.5940 -5.1562 -0.0400
5.6720 -4.7410 -0.0400
5.6834 -4.6493 -0.0400
5.7373 -4.5765 -0.0400
5.6203 0.4845 -0.0400
2.9262 -0.9383 -0.0400
2.8720 -0.9294 -0.0400
2.8427 -0.8976 -0.0400
2.8196 -0.8596 -0.0400
2.8058 -0.8111 -0.0400
1.8588 -1.7781 -0.0400
1.8234 -1.7877 -0.0400
1.7877 -1.7993 -0.0400
1.7674 -1.7940 -0.0400
1.7484 -1.7876 -0.0400
1.7282 -1.7833 -0.0400
1.7123 -1.7735 -0.0400
1.6972 -1.7627 -0.0400
1.6828 -1.7509 -0.0400
1.6713 -1.7346 -0.0400
1.6622 -1.7141 -0.0400
1.6507 -1.6968 -0.0400
1.6473 -1.6650 -0.0400
1.6999 0.4240 -0.0400
1.6448 0.4254 -0.0400
1.5947 0.4551 -0.0400
1.5586 0.5839 -0.0400
1.5077 0.6326 -0.0400
-0.9585 2.7957 -0.0400
-1.0467 2.7430 -0.0400
-1.1563 2.7433 -0.0400
-1.6872 1.8662 -0.0400
-1.7659 1.8178 -0.0400
-1.0691 -2.1983 -0.0400
-1.0931 -2.2330 -0.0400
-1.1219 -2.2675 -0.0400
-3.3958 -1.9791 -0.0400
-3.4321 -2.0543 -0.0400
-3.2328 -3.3735 -0.0400
-3.1659 -3.4387 -0.0400
-3.1398 -3.5105 -0.0400
-3.1440 -3.5889 -0.0400
-3.2131 -3.6841 -0.0400
-1.8453 -4.6484 -0.0400
-1.7882 -4.6840 -0.0400
1.0769 -3.5385 -0.0400
1.0929 -3.5283 -0.0400
1.1087 -3.5218 -0.0400
1.1243 -3.5165 -0.0400
1.1402 -3.5167 -0.0400
1.1563 -3.5193 -0.0400
1.1728 -3.5245 -0.0400
1.1931 -3.5587 -0.0400
2.5236 -6.5808 -0.0400
2.5690 -6.4930 -0.0400
2.6389 -6.4718 -0.0400
3.0379 -4.3731 -0.0400
3.0351 -4.3098 -0.0400
3.0525 -4.2653 -0.0400
3.0879 -4.2360 -0.0400
3.1375 -4.2173 -0.0400
4.5464 -5.2169 -0.0400
5.6674 -4.7395 -0.0400
5.6890 -4.6523 -0.0400
5.7778 -4.5939 -0.0400
6.6480 -0.5555 -0.0400
5.6176 0.4854 -0.0400
2.9893 -0.9323 -0.0400
2.9018 -0.9519 -0.0400
2.8662 -0.9260 -0.0400
2.8400 -0.8915 -0.0400
2.8209 -0.8494 -0.0400
1.8710 -1.7825 -0.0400
1.8317 -1.7955 -0.0400
1.8037 -1.7976 -0.0400
1.7805 -1.7953 -0.0400
1.7555 -1.7958 -0.0400
1.7378 -1.7882 -0.0400
1.7202 -1.7807 -0.0400
1.7054 -1.7698 -0.0400
1.6911 -1.7581 -0.0400
1.6797 -1.7421 -0.0400
1.6672 -1.7273 -0.0400
1.6603 -1.7036 -0.0400
1.6505 -1.6833 -0.0400
1.6542 -1.6395 -0.0400
1.7573 0.4395 -0.0400
1.6966 0.4158 -0.0400
1.6431 0.4244 -0.0400
1.5949 0.4639 -0.0400
1.5581 0.5866 -0.0400
1.5076 0.6373 -0.0400
-0.9447 2.7817 -0.0400
-1.0443 2.7594 -0.0400
-1.6180 1.9485 -0.0400
-1.6666 1.8503 -0.0400
-1.7481 1.8076 -0.0400
-3.3910 -1.9638 -0.0400
-3.2999 -3.3678 -0.0400
-3.1818 -3.4245 -0.0400
-3.1441 -3.4941 -0.0400
-3.1769 -3.5789 -0.0400
-0.6461 -3.2011 -0.0400
-0.6084 -3.2214 -0.0400
-0.5840 -3.2457 -0.0400
-3.7490 -5.8257 -0.0400
-1.8010 -4.6736 -0.0400
1.1186 -3.5178 -0.0400
1.1346 -3.5177 -0.0400
1.1509 -3.5197 -0.0400
1.1685 -3.5344 -0.0400
1.1870 -3.5510 -0.0400
2.4979 -6.5325 -0.0400
2.5617 -6.4947 -0.0400
2.6480 -6.5137 -0.0400
3.0339 -4.4329 -0.0400
3.0269 -4.3635 -0.0400
3.0317 -4.3068 -0.0400
3.0526 -4.2650 -0.0400
3.0966 -4.2424 -0.0400
3.1669 -4.2395 -0.0400
4.5386 -5.2133 -0.0400
5.8227 -4.9147 -0.0400
5.6585 -4.7365 -0.0400
5.6943 -4.6556 -0.0400
5.8045 -4.6061 -0.0400
6.6765 -0.6539 -0.0400
5.6760 0.4115 -0.0400
3.0049 -0.9689 -0.0400
2.9380 -0.9686 -0.0400
2.8959 -0.9482 -0.0400
2.8622 -0.9208 -0.0400
2.8371 -0.8851 -0.0400
2.8639 -0.7968 -0.0400
1.8442 -1.7984 -0.0400
1.8138 -1.8025 -0.0400
1.7891 -1.8015 -0.0400
1.7632 -1.8027 -0.0400
1.7454 -1.7951 -0.0400
1.7289 -1.7863 -0.0400
1.7135 -1.7761 -0.0400
1.6995 -1.7642 -0.0400
1.6864 -1.7509 -0.0400
1.6776 -1.7312 -0.0400
1.6670 -1.7137 -0.0400
1.6572 -1.6942 -0.0400
1.6604 -1.6530 -0.0400
1.7526 0.4283 -0.0400
1.6939 0.4132 -0.0400
1.6424 0.4310 -0.0400
1.5999 0.5035 -0.0400
1.5594 0.6048 -0.0400
-0.8709 2.8972 -0.0400
-0.9399 2.7901 -0.0400
-1.0324 2.7498 -0.0400
-1.1483 2.7666 -0.0400
-1.6577 1.8524 -0.0400
-1.7593 1.8416 -0.0400
-3.1648 -3.4042 -0.0400
-3.1478 -3.4777 -0.0400
-3.1588 -3.5575 -0.0400
-0.6317 -3.2156 -0.0400
-0.5984 -3.2369 -0.0400
-0.5719 -3.2599 -0.0400
-0.5624 -3.2896 -0.0400
-0.5593 -3.3221 -0.0400
1.1627 -3.5346 -0.0400
1.1811 -3.5493 -0.0400
2.4962 -6.5520 -0.0400
2.5542 -6.4976 -0.0400
2.6296 -6.4892 -0.0400
3.0347 -4.4350 -0.0400
3.0264 -4.3640 -0.0400
3.0315 -4.3072 -0.0400
3.0570 -4.2691 -0.0400
3.1031 -4.2479 -0.0400
4.4893 -5.2744 -0.0400
4.5436 -5.2201 -0.0400
5.6841 -4.8493 -0.0400
5.6594 -4.7386 -0.0400
5.7066 -4.6625 -0.0400
6.6769 -0.6521 -0.0400
5.6960 0.4274 -0.0400
3.0022 -0.9624 -0.0400
2.9333 -0.9638 -0.0400
2.8910 -0.9435 -0.0400
2.8638 -0.9100 -0.0400
2.8516 -0.8617 -0.0400
1.8631 -1.7949 -0.0400
1.8270 -1.8039 -0.0400
1.7997 -1.8051 -0.0400
1.7715 -1.8083 -0.0400
1.7534 -1.8010 -0.0400
1.7365 -1.7925 -0.0400
1.7212 -1.7824 -0.0400
1.7072 -1.7706 -0.0400
1.6945 -1.7570 -0.0400
1.6825 -1.7424 -0.0400
1.6713 -1.7261 -0.0400
1.6680 -1.6978 -0.0400
1.6614 -1.6730 -0.0400
1.8098 0.4447 -0.0400
1.7457 0.4096 -0.0400
1.6909 0.4106 -0.0400
1.6411 0.4369 -0.0400
1.6064 0.5540 -0.0400
1.5579 0.6070 -0.0400
-0.8420 2.8354 -0.0400
-0.9300 2.7830 -0.0400
-1.0360 2.7782 -0.0400
-1.5938 1.9400 -0.0400
-1.6502 1.8557 -0.0400
-1.7360 1.8205 -0.0400
-3.2722 0.3900 -0.0400
-3.2613 0.2722 -0.0400
-3.2588 0.1629 -0.0400
-3.2201 -3.3203 -0.0400
-3.1703 -3.3883 -0.0400
-3.1488 -3.4610 -0.0400
-3.1524 -3.5389 -0.0400
-0.6777 -3.1837 -0.0400
-0.6280 -3.2002 -0.0400
-0.5992 -3.2230 -0.0400
-0.5791 -3.2486 -0.0400
-0.5649 -3.2762 -0.0400
-0.5567 -3.3064 -0.0400
-0.5760 -3.3493 -0.0400
2.4786 -6.5291 -0.0400
2.5486 -6.5067 -0.0400
3.0432 -4.4451 -0.0400
3.0027 -4.3442 -0.0400
3.0244 -4.3023 -0.0400
3.0577 -4.2707 -0.0400
3.1051 -4.2504 -0.0400
4.4888 -5.2780 -0.0400
5.6943 -4.8568 -0.0400
5.6623 -4.7422 -0.0400
5.7161 -4.6688 -0.0400
5.6703 0.4136 -0.0400
3.0364 -0.9829 -0.0400
2.9585 -0.9902 -0.0400
2.9155 -0.9702 -0.0400
2.8825 -0.9420 -0.0400
2.8592 -0.9049 -0.0400
2.8477 -0.8560 -0.0400
1.8454 -1.8001 -0.0400
1.8021 -1.8171 -0.0400
1.7811 -1.8122 -0.0400
1.7621 -1.8057 -0.0400
1.7446 -1.7979 -0.0400
1.7287 -1.7884 -0.0400
1.7143 -1.7772 -0.0400
1.7016 -1.7639 -0.0400
1.6898 -1.7492 -0.0400
1.6789 -1.7329 -0.0400
1.6763 -1.7045 -0.0400
1.6706 -1.6792 -0.0400
1.6697 -1.6452 -0.0400
1.8067 0.4452 -0.0400
1.7422 0.4081 -0.0400
1.6879 0.4110 -0.0400
1.6429 0.4608 -0.0400
1.6058 0.5652 -0.0400
1.5605 0.6388 -0.0400
-0.8389 2.8451 -0.0400
-0.9237 2.7841 -0.0400
-1.0246 2.7670 -0.0400
-1.5454 2.0565 -0.0400
-1.5694 1.9128 -0.0400
-1.6446 1.8609 -0.0400
-1.7539 1.8633 -0.0400
-3.2418 0.4962 -0.0400
-3.2440 0.3851 -0.0400
-3.2538 0.2817 -0.0400
-3.2455 0.1687 -0.0400
-3.2195 -3.3036 -0.0400
-3.1726 -3.3721 -0.0400
-3.1512 -3.4447 -0.0400
-3.2074 -3.5342 -0.0400
-0.6522 -3.1949 -0.0400
-0.6142 -3.2146 -0.0400
-0.5824 -3.2357 -0.0400
-0.5703 -3.2642 -0.0400
-0.5637 -3.2950 -0.0400
-0.5640 -3.3292 -0.0400
-0.5754 -3.3693 -0.0400
2.4059 -6.5625 -0.0400
2.4741 -6.5347 -0.0400
2.5631 -6.5623 -0.0400
2.9958 -4.5345 -0.0400
2.9877 -4.4594 -0.0400
2.9782 -4.3858 -0.0400
2.9972 -4.3408 -0.0400
3.0298 -4.3084 -0.0400
4.3959 -5.4026 -0.0400
4.4524 -5.3499 -0.0400
5.6151 -4.9198 -0.0400
5.6409 -4.8326 -0.0400
5.7337 -4.7774 -0.0400
6.7391 -0.8481 -0.0400
5.7191 0.3324 -0.0400
2.9857 -1.0181 -0.0400
2.9413 -0.9987 -0.0400
2.9127 -0.9665 -0.0400
1.9089 -1.8134 -0.0400
1.8601 -1.8315 -0.0400
1.8303 -1.8336 -0.0400
1.8071 -1.8302 -0.0400
1.7868 -1.8244 -0.0400
1.7686 -1.8170 -0.0400
1.7506 -1.8097 -0.0400
1.7368 -1.7979 -0.0400
1.7239 -1.7850 -0.0400
1.7123 -1.7704 -0.0400
1.7016 -1.7545 -0.0400
1.6991 -1.7273 -0.0400
1.6937 -1.7029 -0.0400
1.6927 -1.6711 -0.0400
1.8454 0.3870 -0.0400
1.7904 0.3887 -0.0400
1.7386 0.4022 -0.0400
1.6940 0.4504 -0.0400
1.6593 0.5573 -0.0400
1.6247 0.6847 -0.0400
-0.7395 2.8770 -0.0400
-0.8291 2.8285 -0.0400
-0.9556 2.8817 -0.0400
-1.4923 1.9710 -0.0400
-1.5580 1.9023 -0.0400
-3.1878 0.5808 -0.0400
-3.1906 0.4688 -0.0400
-3.1963 0.3615 -0.0400
-3.1948 0.2517 -0.0400
-3.2974 -3.2275 -0.0400
-3.1823 -3.2865 -0.0400
-3.1666 -3.3600 -0.0400
-3.2287 -3.4493 -0.0400
-0.6492 -3.1512 -0.0400
-0.6197 -3.1741 -0.0400
-0.5987 -3.1995 -0.0400
-0.5837 -3.2269 -0.0400
-0.5738 -3.2562 -0.0400
-0.5852 -3.2948 -0.0400
-0.6030 -3.3373 -0.0400
-3.8620 -5.5962 -0.0400
2.4623 -6.5403 -0.0400
2.5295 -6.5095 -0.0400
2.9813 -4.3932 -0.0400
2.9951 -4.3429 -0.0400
3.0247 -4.3075 -0.0400
3.0673 -4.2833 -0.0400
4.4435 -5.3500 -0.0400
4.4917 -5.2903 -0.0400
5.7779 -5.0087 -0.0400
5.6360 -4.8349 -0.0400
5.6708 -4.7522 -0.0400
6.7046 -0.7485 -0.0400
5.7267 0.3409 -0.0400
2.9831 -1.0083 -0.0400
2.9366 -0.9904 -0.0400
2.9014 -0.9639 -0.0400
2.8767 -0.9284 -0.0400
1.8718 -1.8042 -0.0400
1.8329 -1.8143 -0.0400
1.7961 -1.8241 -0.0400
1.7764 -1.8179 -0.0400
1.7586 -1.8101 -0.0400
1.7426 -1.8007 -0.0400
1.7280 -1.7898 -0.0400
1.7144 -1.7778 -0.0400
1.7020 -1.7643 -0.0400
1.6951 -1.7437 -0.0400
1.6866 -1.7244 -0.0400
1.6802 -1.7017 -0.0400
1.6769 -1.6737 -0.0400
1.6847 -1.6279 -0.0400
1.8503 0.4260 -0.0400
1.7892 0.4052 -0.0400
1.7333 0.4015 -0.0400
1.6861 0.4364 -0.0400
1.6540 0.5531 -0.0400
1.6034 0.5868 -0.0400
0.8327 3.4245 -0.0400
-0.8186 2.8188 -0.0400
-0.9180 2.7999 -0.0400
-1.0432 2.8464 -0.0400
-1.4981 1.9981 -0.0400
-1.5532 1.9107 -0.0400
-1.6357 1.8719 -0.0400
-3.2645 0.4265 -0.0400
-3.1870 0.2641 -0.0400
-3.2356 0.1893 -0.0400
-3.2353 -3.2738 -0.0400
-3.1837 -3.3416 -0.0400
-3.1613 -3.4139 -0.0400
-3.1716 -3.4931 -0.0400
-0.6581 -3.1696 -0.0400
-0.6230 -3.1903 -0.0400
-0.5986 -3.2143 -0.0400
-0.5792 -3.2398 -0.0400
-0.5715 -3.2700 -0.0400
-0.5692 -3.3028 -0.0400
-0.5757 -3.3403 -0.0400
-0.6085 -3.3917 -0.0400
-1.8929 -4.5837 -0.0400
-1.8349 -4.6191 -0.0400
-0.2512 -7.2175 -0.0400
-0.1611 -7.2067 -0.0400
-0.0825 -7.2388 -0.0400
2.3309 -6.6377 -0.0400
2.3862 -6.5674 -0.0400
2.4691 -6.5803 -0.0400
2.9764 -4.5239 -0.0400
2.9656 -4.4459 -0.0400
2.9706 -4.3859 -0.0400
2.9953 -4.3456 -0.0400
3.0625 -4.3432 -0.0400
4.3925 -5.4119 -0.0400
4.4765 -5.3814 -0.0400
5.6136 -5.0292 -0.0400
5.5980 -4.9188 -0.0400
5.6406 -4.8398 -0.0400
6.7541 -0.8416 -0.0400
5.7881 0.2670 -0.0400
3.0104 -1.0364 -0.0400
2.9534 -1.0262 -0.0400
2.9293 -0.9904 -0.0400
1.8854 -1.8365 -0.0400
1.8499 -1.8421 -0.0400
1.8237 -1.8406 -0.0400
1.8023 -1.8354 -0.0400
1.7831 -1.8285 -0.0400
1.7659 -1.8200 -0.0400
1.7500 -1.8104 -0.0400
1.7372 -1.7976 -0.0400
1.7259 -1.7830 -0.0400
1.7156 -1.7670 -0.0400
1.7068 -1.7489 -0.0400
1.6996 -1.7282 -0.0400
1.6951 -1.7034 -0.0400
1.8942 0.3926 -0.0400
1.8360 0.3838 -0.0400
1.7828 0.3914 -0.0400
1.7427 0.4542 -0.0400
1.7055 0.5402 -0.0400
1.6687 0.6414 -0.0400
0.9391 3.4211 -0.0400
-0.6481 2.9530 -0.0400
-0.7197 2.8469 -0.0400
-0.8220 2.8380 -0.0400
-1.4245 2.0622 -0.0400
-1.4713 1.9576 -0.0400
-1.5764 1.9584 -0.0400
-3.1500 0.5787 -0.0400
-3.1379 0.4568 -0.0400
-3.1441 0.3511 -0.0400
-3.1738 0.2635 -0.0400
-1.0849 -1.6252 -0.0400
-1.0724 -1.6747 -0.0400
-1.0764 -1.7163 -0.0400
-3.2557 -3.1895 -0.0400
-3.1844 -3.2549 -0.0400
-3.1708 -3.3287 -0.0400
-3.2142 -3.4137 -0.0400
-0.6789 -3.1343 -0.0400
-0.6404 -3.1544 -0.0400
-0.6064 -3.1751 -0.0400
-0.5924 -3.2027 -0.0400
-0.5828 -3.2320 -0.0400
-0.5779 -3.2634 -0.0400
-0.6052 -3.3096 -0.0400
-3.8790 -5.5614 -0.0400
-1.8809 -4.5626 -0.0400
-0.4054 -7.3804 -0.0400
-0.2738 -7.2369 -0.0400
-0.1772 -7.2039 -0.0400
-0.0987 -7.2367 -0.0400
2.4673 -6.6076 -0.0400
2.9534 -4.5061 -0.0400
2.9440 -4.4299 -0.0400
2.9630 -4.3835 -0.0400
2.9969 -4.3515 -0.0400
3.0463 -4.3330 -0.0400
4.3894 -5.4166 -0.0400
4.4540 -5.3699 -0.0400
5.6169 -5.0362 -0.0400
5.5988 -4.9241 -0.0400
5.8454 0.1907 -0.0400
5.7794 0.2643 -0.0400
3.0355 -1.0634 -0.0400
2.9858 -1.0467 -0.0400
2.9496 -1.0204 -0.0400
2.9244 -0.9854 -0.0400
1.8718 -1.8364 -0.0400
1.8272 -1.8502 -0.0400
1.8064 -1.8442 -0.0400
1.7880 -1.8364 -0.0400
1.7715 -1.8272 -0.0400
1.7568 -1.8162 -0.0400
1.7433 -1.8042 -0.0400
1.7309 -1.7909 -0.0400
1.7199 -1.7759 -0.0400
1.7161 -1.7523 -0.0400
1.7103 -1.7302 -0.0400
1.7077 -1.7034 -0.0400
1.7133 -1.6645 -0.0400
1.8895 0.3930 -0.0400
1.8291 0.3758 -0.0400
1.7793 0.3958 -0.0400
1.7540 0.5218 -0.0400
1.7040 0.5524 -0.0400
1.0455 3.4425 -0.0400
0.9408 3.4217 -0.0400
-0.6303 2.9081 -0.0400
-0.7162 2.8488 -0.0400
-0.8254 2.8605 -0.0400
-1.3884 2.0050 -0.0400
-1.4636 1.9542 -0.0400
-1.5623 1.9446 -0.0400
-3.1550 0.5945 -0.0400
-3.1514 0.4786 -0.0400
-3.1146 0.3424 -0.0400
-1.0798 -1.6192 -0.0400
-1.0672 -1.6685 -0.0400
-1.0720 -1.7097 -0.0400
-1.0122 -1.7751 -0.0400
-0.9951 -1.8220 -0.0400
-0.9890 -1.8641 -0.0400
-3.2064 -3.3963 -0.0400
-0.6849 -3.1232 -0.0400
-0.6466 -3.1434 -0.0400
-0.6116 -3.1638 -0.0400
-0.5968 -3.1910 -0.0400
-0.5860 -3.2197 -0.0400
-0.5901 -3.2548 -0.0400
-0.5973 -3.2920 -0.0400
-0.6306 -3.3424 -0.0400
-3.9204 -5.5642 -0.0400
-1.9445 -4.5113 -0.0400
-1.8840 -4.5455 -0.0400
-0.2855 -7.2166 -0.0400
-0.1940 -7.2024 -0.0400
-0.1212 -7.2589 -0.0400
2.9632 -4.5227 -0.0400
2.9550 -4.4467 -0.0400
2.9608 -4.3870 -0.0400
3.0031 -4.3624 -0.0400
3.0791 -4.3670 -0.0400
4.3902 -5.4253 -0.0400
5.5579 -5.0099 -0.0400
5.6021 -4.9313 -0.0400
6.7622 -0.9471 -0.0400
5.8357 0.1874 -0.0400
5.7793 0.2665 -0.0400
3.0313 -1.0580 -0.0400
2.9721 -1.0486 -0.0400
1.9212 -1.8348 -0.0400
1.8711 -1.8504 -0.0400
1.8411 -1.8508 -0.0400
1.8182 -1.8461 -0.0400
1.7983 -1.8393 -0.0400
1.7803 -1.8311 -0.0400
1.7628 -1.8229 -0.0400
1.7497 -1.8104 -0.0400
1.7381 -1.7964 -0.0400
1.7277 -1.7809 -0.0400
1.7187 -1.7635 -0.0400
1.7113 -1.7439 -0.0400
1.7064 -1.7207 -0.0400
1.7052 -1.6920 -0.0400
1.9401 0.3917 -0.0400
1.8788 0.3741 -0.0400
1.8260 0.3829 -0.0400
1.7798 0.4173 -0.0400
1.7499 0.5243 -0.0400
1.7116 0.6082 -0.0400
1.0467 3.4475 -0.0400
0.9421 3.4221 -0.0400
-0.6187 2.8810 -0.0400
-0.7124 2.8478 -0.0400
-0.8502 2.9443 -0.0400
-1.3343 2.1073 -0.0400
-1.3835 2.0049 -0.0400
-1.4590 1.9551 -0.0400
-1.5559 1.9429 -0.0400
-3.1377 0.5928 -0.0400
-3.1224 0.4687 -0.0400
-3.1150 0.3539 -0.0400
-3.1782 0.2897 -0.0400
-1.0816 -1.6108 -0.0400
-1.0653 -1.6616 -0.0400
-1.0677 -1.7035 -0.0400
-1.0081 -1.7688 -0.0400
-0.9904 -1.8158 -0.0400
-0.9841 -1.8577 -0.0400
-0.9859 -1.8963 -0.0400
-1.0018 -1.9302 -0.0400
-1.0208 -1.9634 -0.0400
-0.6486 -3.1312 -0.0400
-0.6241 -3.1553 -0.0400
-0.6010 -3.1794 -0.0400
-0.5898 -3.2079 -0.0400
-0.5917 -3.2419 -0.0400
-0.5957 -3.2775 -0.0400
-0.6140 -3.3205 -0.0400
-3.8943 -5.5261 -0.0400
-1.9801 -4.5157 -0.0400
-1.8974 -4.5356 -0.0400
-0.2240 -7.2273 -0.0400
-0.1347 -7.2195 -0.0400
-0.0550 -7.2494 -0.0400
2.9818 -4.5517 -0.0400
2.9743 -4.4751 -0.0400
2.9652 -4.3999 -0.0400
2.9866 -4.3555 -0.0400
3.0221 -4.3243 -0.0400
3.0756 -4.3084 -0.0400
4.4541 -5.3893 -0.0400
5.6077 -4.9425 -0.0400
5.6367 -4.8556 -0.0400
5.7231 -4.7967 -0.0400
6.7415 -0.8446 -0.0400
5.7702 0.2639 -0.0400
3.0215 -1.0543 -0.0400
2.9747 -1.0352 -0.0400
2.9389 -1.0084 -0.0400
1.8796 -1.8280 -0.0400
1.8429 -1.8336 -0.0400
1.8069 -1.8402 -0.0400
1.7875 -1.8328 -0.0400
1.7702 -1.8241 -0.0400
1.7550 -1.8136 -0.0400
1.7410 -1.8019 -0.0400
1.7281 -1.7892 -0.0400
1.7166 -1.7749 -0.0400
1.7112 -1.7536 -0.0400
1.7044 -1.7332 -0.0400
1.7003 -1.7091 -0.0400
1.7009 -1.6780 -0.0400
1.8762 0.3900 -0.0400
1.8194 0.3848 -0.0400
1.7675 0.3964 -0.0400
1.7325 0.4787 -0.0400
1.6938 0.5559 -0.0400
0.9433 3.4207 -0.0400
0.8386 3.4313 -0.0400
-0.6463 2.9847 -0.0400
-0.7097 2.8519 -0.0400
-0.8036 2.8200 -0.0400
-0.9348 2.8923 -0.0400
-1.3984 2.0438 -0.0400
-1.4567 1.9616 -0.0400
-1.5349 1.9172 -0.0400
-3.1911 0.5329 -0.0400
-3.1430 0.3875 -0.0400
-3.1573 0.2896 -0.0400
-1.1122 -1.6321 -0.0400
-1.0694 -1.6933 -0.0400
-1.0808 -1.7311 -0.0400
-1.0255 -1.7932 -0.0400
-1.0046 -1.8407 -0.0400
-0.9894 -1.8851 -0.0400
-0.9967 -1.9215 -0.0400
-1.0127 -1.9553 -0.0400
-1.0327 -1.9882 -0.0400
-1.0360 -2.0256 -0.0400
-1.0357 -2.0637 -0.0400
-1.0410 -2.1003 -0.0400
-0.7036 -3.1335 -0.0400
-0.6581 -3.1508 -0.0400
-0.6174 -3.1686 -0.0400
-0.5995 -3.1945 -0.0400
-0.5855 -3.2216 -0.0400
-0.5778 -3.2516 -0.0400
-0.5890 -3.2906 -0.0400
-0.6027 -3.3318 -0.0400
-3.8531 -5.5895 -0.0400
-1.9232 -4.5279 -0.0400
-1.8706 -4.5668 -0.0400
-0.4508 -7.3505 -0.0400
-0.3189 -7.2085 -0.0400
-0.2286 -7.1998 -0.0400
-0.1499 -7.2334 -0.0400
0.8357 -5.1415 -0.0400
0.8820 -5.1299 -0.0400
0.9275 -5.1301 -0.0400
2.9504 -4.5252 -0.0400
2.9243 -4.4308 -0.0400
2.9561 -4.3961 -0.0400
3.0014 -4.3738 -0.0400
4.3316 -5.4961 -0.0400
4.3851 -5.4395 -0.0400
5.5517 -5.1242 -0.0400
5.5527 -5.0205 -0.0400
5.6227 -4.9549 -0.0400
6.7924 -1.0477 -0.0400
6.7617 -0.9478 -0.0400
5.8083 0.1756 -0.0400
3.1188 -1.0882 -0.0400
3.0389 -1.0902 -0.0400
2.9965 -1.0674 -0.0400
2.9627 -1.0389 -0.0400
1.8557 -1.8646 -0.0400
1.8324 -1.8594 -0.0400
1.8122 -1.8521 -0.0400
1.7941 -1.8436 -0.0400
1.7778 -1.8337 -0.0400
1.7625 -1.8231 -0.0400
1.7505 -1.8095 -0.0400
1.7399 -1.7944 -0.0400
1.7305 -1.7778 -0.0400
1.7227 -1.7593 -0.0400
1.7168 -1.7381 -0.0400
1.7140 -1.7127 -0.0400
1.9873 0.3972 -0.0400
1.9204 0.3645 -0.0400
1.8658 0.3674 -0.0400
1.8236 0.4137 -0.0400
1.7952 0.5186 -0.0400
1.7492 0.5638 -0.0400
1.1529 3.4508 -0.0400
1.0479 3.4202 -0.0400
-0.5290 2.9462 -0.0400
-0.6115 2.8745 -0.0400
-0.7089 2.8544 -0.0400
-1.3715 1.9971 -0.0400
-1.4562 1.9652 -0.0400
-3.1286 0.6065 -0.0400
-3.1088 0.4792 -0.0400
-3.0995 0.3633 -0.0400
-3.1959 0.3224 -0.0400
-1.0558 -1.6087 -0.0400
-1.0517 -1.6536 -0.0400
-1.0608 -1.6923 -0.0400
-1.0218 -1.7494 -0.0400
-0.9701 -1.8090 -0.0400
-0.9732 -1.8471 -0.0400
-0.9806 -1.8833 -0.0400
-0.9965 -1.9168 -0.0400
-1.0341 -1.9442 -0.0400
-1.0214 -1.9863 -0.0400
-1.0217 -2.0242 -0.0400
-1.0283 -2.0603 -0.0400
-1.0553 -2.0920 -0.0400
-1.0902 -2.1229 -0.0400
-3.3753 -1.7528 -0.0400
-0.6330 -3.1335 -0.0400
-0.6096 -3.1573 -0.0400
-0.5971 -3.1850 -0.0400
-0.5925 -3.2160 -0.0400
-0.5900 -3.2483 -0.0400
-0.6215 -3.2968 -0.0400
-3.9098 -5.4918 -0.0400
-1.9670 -4.4700 -0.0400
-1.9091 -4.5059 -0.0400
-1.9061 -4.5790 -0.0400
-0.4737 -7.3644 -0.0400
-0.3397 -7.2178 -0.0400
-0.2459 -7.1974 -0.0400
-0.1816 -7.2891 -0.0400
0.8215 -5.1559 -0.0400
0.8691 -5.1267 -0.0400
0.9146 -5.1292 -0.0400
0.9601 -5.1266 -0.0400
1.0038 -3.5967 -0.0400
1.0216 -3.5498 -0.0400
2.9228 -4.5762 -0.0400
2.9170 -4.4998 -0.0400
2.9253 -4.4403 -0.0400
2.9517 -4.3999 -0.0400
2.9912 -4.3720 -0.0400
4.3236 -5.4997 -0.0400
4.4106 -5.4718 -0.0400
5.7165 -5.2265 -0.0400
5.5545 -5.0291 -0.0400
5.6058 -4.9535 -0.0400
6.7829 -1.0511 -0.0400
5.8621 0.0965 -0.0400
5.8330 0.1911 -0.0400
3.0811 -1.1066 -0.0400
3.0271 -1.0909 -0.0400
2.9888 -1.0651 -0.0400
1.8678 -1.8684 -0.0400
1.8428 -1.8639 -0.0400
1.8217 -1.8569 -0.0400
1.8029 -1.8486 -0.0400
1.7829 -1.8417 -0.0400
1.7692 -1.8296 -0.0400
1.7565 -1.8165 -0.0400
1.7452 -1.8022 -0.0400
1.7349 -1.7867 -0.0400
1.7323 -1.7629 -0.0400
1.7276 -1.7406 -0.0400
1.7262 -1.7139 -0.0400
1.7336 -1.6759 -0.0400
1.9787 0.3890 -0.0400
1.9142 0.3635 -0.0400
1.8632 0.3784 -0.0400
1.8235 0.4339 -0.0400
1.7923 0.5286 -0.0400
1.7493 0.5865 -0.0400
1.1526 3.4362 -0.0400
1.0480 3.4188 -0.0400
-0.5242 2.9355 -0.0400
-0.6094 2.8735 -0.0400
-0.7152 2.8806 -0.0400
-1.3040 2.0682 -0.0400
-1.3701 2.0004 -0.0400
-1.4656 1.9885 -0.0400
-3.0649 0.6811 -0.0400
-3.0554 0.5599 -0.0400
-3.0581 0.4511 -0.0400
-3.0982 0.3715 -0.0400
-1.0669 -1.5979 -0.0400
-1.0435 -1.6512 -0.0400
-1.0605 -1.6864 -0.0400
-0.9852 -1.7575 -0.0400
-0.9728 -1.8019 -0.0400
-0.9720 -1.8412 -0.0400
-0.9785 -1.8776 -0.0400
-1.0007 -1.9089 -0.0400
-1.0305 -1.9385 -0.0400
-1.0207 -1.9795 -0.0400
-1.0198 -2.0176 -0.0400
-1.0312 -2.0524 -0.0400
-1.0539 -2.0849 -0.0400
-1.0911 -2.1151 -0.0400
-3.3883 -1.7391 -0.0400
-0.5936 -3.2039 -0.0400
-0.6000 -3.2398 -0.0400
-0.6053 -3.2761 -0.0400
-4.0110 -5.4130 -0.0400
-3.9196 -5.4762 -0.0400
-1.9755 -4.4573 -0.0400
-1.9174 -4.4931 -0.0400
-0.3457 -7.1748 -0.0400
-0.2647 -7.1999 -0.0400
-0.1936 -7.2648 -0.0400
0.8085 -5.1495 -0.0400
0.8555 -5.1319 -0.0400
0.9013 -5.1298 -0.0400
0.9470 -5.1252 -0.0400
0.9931 -3.5879 -0.0400
1.0112 -3.5609 -0.0400
1.0287 -3.5410 -0.0400
1.0463 -3.5358 -0.0400
1.0638 -3.5323 -0.0400
2.9313 -4.5956 -0.0400
2.9297 -4.5226 -0.0400
2.9150 -4.4392 -0.0400
2.9511 -4.4081 -0.0400
3.0017 -4.3902 -0.0400
4.3176 -5.5059 -0.0400
4.3844 -5.4604 -0.0400
5.5311 -5.1291 -0.0400
5.5519 -5.0361 -0.0400
5.6412 -4.9802 -0.0400
6.7825 -1.0525 -0.0400
5.8643 0.0987 -0.0400
3.0561 -1.1164 -0.0400
3.0153 -1.0918 -0.0400
1.8771 -1.8749 -0.0400
1.8513 -1.8705 -0.0400
1.8301 -1.8631 -0.0400
1.8111 -1.8546 -0.0400
1.7902 -1.8481 -0.0400
1.7762 -1.8361 -0.0400
1.7632 -1.8232 -0.0400
1.7512 -1.8094 -0.0400
1.7439 -1.7911 -0.0400
1.7359 -1.7730 -0.0400
1.7297 -1.7528 -0.0400
1.7259 -1.7293 -0.0400
1.7265 -1.7002 -0.0400
1.9589 0.3484 -0.0400
1.9053 0.3549 -0.0400
1.8584 0.3825 -0.0400
1.8215 0.4478 -0.0400
1.7883 0.5349 -0.0400
1.1524 3.4410 -0.0400
1.0480 3.4479 -0.0400
-0.4435 3.0241 -0.0400
-0.5163 2.9116 -0.0400
-0.6085 2.8751 -0.0400
-0.7195 2.8993 -0.0400
-1.2995 2.0639 -0.0400
-1.3672 1.9995 -0.0400
-3.0699 0.6934 -0.0400
-3.0693 0.5788 -0.0400
-3.1004 0.4906 -0.0400
-1.0812 -1.5421 -0.0400
-1.0431 -1.6035 -0.0400
-1.0431 -1.6461 -0.0400
-1.0552 -1.6831 -0.0400
-0.9981 -1.7470 -0.0400
-0.9590 -1.8013 -0.0400
-0.9658 -1.8376 -0.0400
-0.9769 -1.8722 -0.0400
-0.9952 -1.9045 -0.0400
-1.0231 -1.9344 -0.0400
-1.0230 -1.9725 -0.0400
-1.0146 -2.0124 -0.0400
-1.0275 -2.0466 -0.0400
-1.0495 -2.0790 -0.0400
-1.0862 -2.1090 -0.0400
-3.9535 -5.4753 -0.0400
-1.9792 -4.4419 -0.0400
-1.9248 -4.4800 -0.0400
-0.5036 -7.3388 -0.0400
-0.3704 -7.1961 -0.0400
-0.2812 -7.1927 -0.0400
-0.2061 -7.2416 -0.0400
0.7947 -5.1491 -0.0400
0.8419 -5.1316 -0.0400
0.8878 -5.1289 -0.0400
0.9336 -5.1264 -0.0400
0.9792 -5.1412 -0.0400
1.0004 -3.5632 -0.0400
1.0182 -3.5497 -0.0400
1.0356 -3.5368 -0.0400
1.0533 -3.5337 -0.0400
1.0712 -3.5348 -0.0400
1.0895 -3.5377 -0.0400
1.1095 -3.5543 -0.0400
2.9320 -4.6076 -0.0400
2.8902 -4.4923 -0.0400
2.9114 -4.4457 -0.0400
2.9449 -4.4118 -0.0400
2.9909 -4.3895 -0.0400
4.3173 -5.5181 -0.0400
5.6717 -5.2195 -0.0400
5.5659 -5.0528 -0.0400
6.7966 -1.0507 -0.0400
5.8538 0.0938 -0.0400
3.1269 -1.1155 -0.0400
3.0384 -1.1215 -0.0400
1.9031 -1.8703 -0.0400
1.8705 -1.8698 -0.0400
1.8366 -1.8714 -0.0400
1.8179 -1.8622 -0.0400
1.7971 -1.8553 -0.0400
1.7831 -1.8430 -0.0400
1.7700 -1.8302 -0.0400
1.7578 -1.8165 -0.0400
1.7495 -1.7992 -0.0400
1.7409 -1.7819 -0.0400
1.7338 -1.7628 -0.0400
1.7287 -1.7412 -0.0400
1.7450 -1.6958 -0.0400
2.0208 0.3818 -0.0400
1.9536 0.3514 -0.0400
1.8998 0.3571 -0.0400
1.8527 0.3842 -0.0400
1.8366 0.5233 -0.0400
1.8064 0.6264 -0.0400
1.2578 3.4733 -0.0400
1.1512 3.4190 -0.0400
-0.4466 3.0396 -0.0400
-0.5151 2.9101 -0.0400
-0.6078 2.8759 -0.0400
-1.2287 2.1274 -0.0400
-1.2903 2.0490 -0.0400
-1.3669 2.0027 -0.0400
-3.0558 0.6899 -0.0400
-3.0404 0.5643 -0.0400
-3.0360 0.4507 -0.0400
-3.1013 0.3898 -0.0400
-1.0297 -1.6050 -0.0400
-1.0376 -1.6437 -0.0400
-1.0078 -1.6978 -0.0400
-0.9734 -1.7518 -0.0400
-0.9629 -1.7949 -0.0400
-0.9654 -1.8326 -0.0400
-0.9728 -1.8683 -0.0400
-1.0033 -1.8965 -0.0400
-1.0187 -1.9300 -0.0400
-1.0106 -1.9701 -0.0400
-1.0120 -2.0071 -0.0400
-1.0231 -2.0416 -0.0400
-1.0425 -2.0743 -0.0400
-3.3638 -1.6437 -0.0400
-4.0092 -5.3706 -0.0400
-3.9371 -5.4448 -0.0400
-2.0061 -4.4417 -0.0400
-1.9336 -4.4681 -0.0400
-0.3799 -7.1648 -0.0400
-0.3014 -7.1991 -0.0400
-0.2367 -7.2898 -0.0400
0.7804 -5.1544 -0.0400
0.8279 -5.1335 -0.0400
0.8741 -5.1290 -0.0400
0.9199 -5.1271 -0.0400
0.9656 -5.1442 -0.0400
1.0073 -3.5534 -0.0400
1.0250 -3.5436 -0.0400
1.0425 -3.5352 -0.0400
1.0604 -3.5340 -0.0400
1.0790 -3.5399 -0.0400
1.0979 -3.5462 -0.0400
2.8884 -4.5727 -0.0400
2.8857 -4.4990 -0.0400
2.9069 -4.4520 -0.0400
2.9397 -4.4172 -0.0400
3.0211 -4.4277 -0.0400
4.3086 -5.5233 -0.0400
4.4054 -5.5035 -0.0400
5.5107 -5.1368 -0.0400
5.5482 -5.0527 -0.0400
5.8566 0.0957 -0.0400
3.0723 -1.1448 -0.0400
1.9278 -1.8682 -0.0400
1.8711 -1.8835 -0.0400
1.8493 -1.8756 -0.0400
1.8231 -1.8717 -0.0400
1.8067 -1.8609 -0.0400
1.7918 -1.8491 -0.0400
1.7769 -1.8376 -0.0400
1.7648 -1.8237 -0.0400
1.7562 -1.8068 -0.0400
1.7474 -1.7897 -0.0400
1.7398 -1.7712 -0.0400
1.7340 -1.7506 -0.0400
1.7451 -1.7117 -0.0400
1.7621 -1.6647 -0.0400
1.9988 0.3384 -0.0400
1.9444 0.3431 -0.0400
1.8969 0.3682 -0.0400
1.8604 0.4307 -0.0400
1.8306 0.5233 -0.0400
1.7979 0.6162 -0.0400
1.2553 3.4371 -0.0400
1.1504 3.4176 -0.0400
1.0471 3.4681 -0.0400
-0.4236 2.9513 -0.0400
-0.5128 2.9034 -0.0400
-0.6102 2.8860 -0.0400
-1.2259 2.1239 -0.0400
-1.2828 2.0364 -0.0400
-1.3746 2.0204 -0.0400
-3.0485 0.6909 -0.0400
-3.0381 0.5693 -0.0400
-3.0310 0.4538 -0.0400
-1.0585 -1.5446 -0.0400
-1.0345 -1.5989 -0.0400
-1.0367 -1.6401 -0.0400
-1.0510 -1.6757 -0.0400
-0.9558 -1.7544 -0.0400
-0.9531 -1.7942 -0.0400
-0.9599 -1.8300 -0.0400
-0.9737 -1.8633 -0.0400
-0.9931 -1.8948 -0.0400
-1.0241 -1.9233 -0.0400
-1.0127 -1.9643 -0.0400
-1.0113 -2.0020 -0.0400
-1.0279 -2.0349 -0.0400
-1.0562 -2.0655 -0.0400
-1.1242 -2.0889 -0.0400
-1.9919 -4.4154 -0.0400
-1.9397 -4.4547 -0.0400
-0.4059 -7.1899 -0.0400
-0.3162 -7.1855 -0.0400
-0.2425 -7.2397 -0.0400
0.7651 -5.1696 -0.0400
0.8136 -5.1386 -0.0400
0.8599 -5.1320 -0.0400
0.9060 -5.1268 -0.0400
0.9517 -5.1415 -0.0400
0.9962 -3.5606 -0.0400
1.0140 -3.5478 -0.0400
1.0317 -3.5401 -0.0400
1.0494 -3.5352 -0.0400
1.0675 -3.5356 -0.0400
1.0870 -3.5471 -0.0400
1.1071 -3.5594 -0.0400
2.8758 -4.5719 -0.0400
2.8781 -4.5032 -0.0400
2.9011 -4.4578 -0.0400
2.9449 -4.4333 -0.0400
3.0117 -4.4298 -0.0400
4.3010 -5.5304 -0.0400
4.3910 -5.5044 -0.0400
5.4938 -5.1377 -0.0400
5.5676 -5.0738 -0.0400
5.8984 0.0081 -0.0400
3.1480 -1.1433 -0.0400
1.9382 -1.8770 -0.0400
1.8978 -1.8797 -0.0400
1.8588 -1.8830 -0.0400
1.8324 -1.8786 -0.0400
1.8158 -1.8676 -0.0400
1.7978 -1.8580 -0.0400
1.7844 -1.8450 -0.0400
1.7721 -1.8312 -0.0400
1.7615 -1.8159 -0.0400
1.7515 -1.8000 -0.0400
1.7475 -1.7784 -0.0400
1.7415 -1.7581 -0.0400
1.7507 -1.7220 -0.0400
1.7600 -1.6843 -0.0400
1.9951 0.3462 -0.0400
1.9388 0.3458 -0.0400
1.8903 0.3674 -0.0400
1.8769 0.5059 -0.0400
1.8397 0.5771 -0.0400
1.2537 3.4265 -0.0400
1.1494 3.4212 -0.0400
-0.3564 3.0961 -0.0400
-0.4257 2.9596 -0.0400
-0.5118 2.8999 -0.0400
-0.6228 2.9299 -0.0400
-1.2128 2.0974 -0.0400
-1.2815 2.0351 -0.0400
-1.3773 2.0273 -0.0400
-2.9796 0.6420 -0.0400
-2.9945 0.5419 -0.0400
-3.0234 0.4543 -0.0400
-1.0270 -1.5565 -0.0400
-1.0230 -1.6009 -0.0400
-1.0326 -1.6384 -0.0400
-0.9926 -1.6964 -0.0400
-0.9646 -1.7474 -0.0400
-0.9554 -1.7896 -0.0400
-0.9599 -1.8261 -0.0400
-0.9757 -1.8585 -0.0400
-1.0025 -1.8876 -0.0400
-1.0089 -1.9234 -0.0400
-1.0039 -1.9621 -0.0400
-1.0080 -1.9980 -0.0400
-1.0215 -2.0315 -0.0400
-1.0453 -2.0628 -0.0400
0.7111 -5.1429 -0.0400
0.7586 -5.1283 -0.0400
0.8046 -5.1300 -0.0400
0.8507 -5.1267 -0.0400
0.8964 -5.1359 -0.0400
0.9703 -3.5754 -0.0400
0.9884 -3.5570 -0.0400
1.0063 -3.5467 -0.0400
1.0241 -3.5389 -0.0400
1.0422 -3.5387 -0.0400
1.0606 -3.5412 -0.0400
1.0811 -3.5603 -0.0400
2.0629 -6.7190 -0.0400
2.9121 -4.4771 -0.0400
2.9854 -4.4806 -0.0400
4.2462 -5.5970 -0.0400
5.5728 -5.4118 -0.0400
5.4495 -5.2256 -0.0400
5.5057 -5.1521 -0.0400
5.9454 -0.0773 -0.0400
3.1237 -1.2070 -0.0400
1.9333 -1.8987 -0.0400
1.8874 -1.9045 -0.0400
1.8593 -1.9001 -0.0400
1.8370 -1.8925 -0.0400
1.8221 -1.8801 -0.0400
1.8064 -1.8685 -0.0400
1.7938 -1.8548 -0.0400
1.7830 -1.8396 -0.0400
1.7757 -1.8215 -0.0400
1.7674 -1.8039 -0.0400
1.7672 -1.7788 -0.0400
1.7638 -1.7559 -0.0400
1.7637 -1.7292 -0.0400
2.0935 0.3171 -0.0400
2.0349 0.3129 -0.0400
1.9856 0.3319 -0.0400
1.9456 0.3785 -0.0400
1.9241 0.4856 -0.0400
1.8845 0.5446 -0.0400
1.3565 3.4179 -0.0400
-0.2443 3.0537 -0.0400
-0.3262 2.9665 -0.0400
-0.4179 2.9277 -0.0400
-1.1286 2.1277 -0.0400
-1.2036 2.0782 -0.0400
-1.3197 2.1130 -0.0400
-2.9232 0.8300 -0.0400
-2.9167 0.7081 -0.0400
-2.9338 0.6090 -0.0400
-2.9640 0.5220 -0.0400
-1.0182 -1.5161 -0.0400
-1.0062 -1.5648 -0.0400
-1.0144 -1.6030 -0.0400
-0.9434 -1.6755 -0.0400
-0.9317 -1.7198 -0.0400
-0.9320 -1.7582 -0.0400
-0.9397 -1.7933 -0.0400
-0.9556 -1.8253 -0.0400
-0.9774 -1.8555 -0.0400
-1.0055 -1.8841 -0.0400
-0.9847 -1.9280 -0.0400
-0.9953 -1.9618 -0.0400
-1.0143 -1.9935 -0.0400
-1.0493 -2.0218 -0.0400
-3.3499 -1.5436 -0.0400
-3.2831 -2.9113 -0.0400
-3.2272 -2.9800 -0.0400
0.7363 -5.1676 -0.0400
0.7850 -5.1369 -0.0400
0.8316 -5.1294 -0.0400
0.8776 -5.1288 -0.0400
0.9233 -5.1549 -0.0400
0.9918 -3.5682 -0.0400
1.0089 -3.5438 -0.0400
1.0268 -3.5386 -0.0400
1.0448 -3.5364 -0.0400
1.0632 -3.5371 -0.0400
1.0835 -3.5519 -0.0400
1.1050 -3.5703 -0.0400
2.1243 -6.7327 -0.0400
2.1751 -6.6343 -0.0400
2.2510 -6.6240 -0.0400
5.4883 -5.1578 -0.0400
5.9031 0.0088 -0.0400
3.1631 -1.1769 -0.0400
1.9253 -1.8937 -0.0400
1.8823 -1.8974 -0.0400
1.8549 -1.8923 -0.0400
1.8324 -1.8845 -0.0400
1.8172 -1.8722 -0.0400
1.8008 -1.8609 -0.0400
1.7869 -1.8480 -0.0400
1.7758 -1.8329 -0.0400
1.7653 -1.8173 -0.0400
1.7588 -1.7982 -0.0400
1.7565 -1.7749 -0.0400
1.7512 -1.7537 -0.0400
1.7627 -1.7159 -0.0400
1.7795 -1.6710 -0.0400
2.0388 0.3458 -0.0400
1.9784 0.3360 -0.0400
1.9348 0.3720 -0.0400
1.9152 0.4839 -0.0400
1.8733 0.5348 -0.0400
1.3548 3.4225 -0.0400
1.2505 3.4177 -0.0400
-0.3456 3.0458 -0.0400
-0.4180 2.9244 -0.0400
-0.5148 2.9072 -0.0400
-1.2044 2.0792 -0.0400
-1.2841 2.0405 -0.0400
-1.4075 2.0871 -0.0400
-2.9546 0.7458 -0.0400
-2.9674 0.6421 -0.0400
-2.9735 0.5357 -0.0400
-1.0343 -1.5056 -0.0400
-1.0131 -1.5589 -0.0400
-1.0156 -1.5996 -0.0400
-1.0287 -1.6351 -0.0400
-0.9726 -1.6996 -0.0400
-0.9538 -1.7463 -0.0400
-0.9425 -1.7888 -0.0400
-0.9537 -1.8223 -0.0400
-0.9727 -1.8531 -0.0400
-1.0014 -1.8811 -0.0400
-1.0016 -1.9184 -0.0400
-0.9985 -1.9563 -0.0400
-1.0045 -1.9912 -0.0400
-1.0192 -2.0239 -0.0400
-1.0897 -2.0442 -0.0400
-3.2681 -2.9702 -0.0400
-3.2176 -3.0385 -0.0400
-3.2077 -3.1113 -0.0400
-3.2345 -3.1901 -0.0400
0.7647 -5.1514 -0.0400
0.8121 -5.1318 -0.0400
0.8582 -5.1316 -0.0400
0.9044 -5.1271 -0.0400
0.9504 -5.1370 -0.0400
0.9944 -3.5642 -0.0400
1.0119 -3.5490 -0.0400
1.0296 -3.5403 -0.0400
1.0474 -3.5353 -0.0400
1.0661 -3.5375 -0.0400
1.0854 -3.5430 -0.0400
1.1060 -3.5547 -0.0400
2.1632 -6.6679 -0.0400
2.2278 -6.6200 -0.0400
2.3168 -6.6477 -0.0400
5.4875 -5.1744 -0.0400
5.5209 -5.0871 -0.0400
5.6041 -5.0272 -0.0400
5.8872 0.1085 -0.0400
3.1178 -1.1459 -0.0400
1.8930 -1.8809 -0.0400
1.8596 -1.8791 -0.0400
1.8297 -1.8761 -0.0400
1.8102 -1.8665 -0.0400
1.7943 -1.8547 -0.0400
1.7802 -1.8417 -0.0400
1.7684 -1.8271 -0.0400
1.7574 -1.8117 -0.0400
1.7491 -1.7940 -0.0400
1.7438 -1.7733 -0.0400
1.7433 -1.7479 -0.0400
1.7388 -1.7253 -0.0400
1.7578 -1.6787 -0.0400
2.0332 0.3537 -0.0400
1.9711 0.3398 -0.0400
1.9191 0.3515 -0.0400
1.8748 0.3859 -0.0400
1.8543 0.4999 -0.0400
1.8100 0.5446 -0.0400
1.2496 3.4422 -0.0400
1.1446 3.4201 -0.0400
-0.4289 2.9624 -0.0400
-0.5155 2.9049 -0.0400
-0.6199 2.9137 -0.0400
-1.2186 2.1071 -0.0400
-1.2829 2.0360 -0.0400
-1.3843 2.0406 -0.0400
-3.0344 0.7013 -0.0400
-3.0177 0.5752 -0.0400
-3.0139 0.4629 -0.0400
-1.0677 -1.5309 -0.0400
-1.0352 -1.5889 -0.0400
-1.0299 -1.6327 -0.0400
-0.9880 -1.6911 -0.0400
-0.9626 -1.7405 -0.0400
-0.9541 -1.7820 -0.0400
-0.9577 -1.8183 -0.0400
-0.9653 -1.8528 -0.0400
-0.9823 -1.8841 -0.0400
-1.0128 -1.9116 -0.0400
-1.0040 -1.9511 -0.0400
-1.0053 -1.9871 -0.0400
-1.0164 -2.0205 -0.0400
-1.0366 -2.0519 -0.0400
-1.0733 -2.0803 -0.0400
-3.2644 -3.0308 -0.0400
-3.2012 -3.0965 -0.0400
-3.2037 -3.1709 -0.0400
-3.2378 -3.2515 -0.0400
-0.5076 -7.3202 -0.0400
0.7054 -5.1866 -0.0400
0.7556 -5.1405 -0.0400
0.8025 -5.1297 -0.0400
0.8487 -5.1280 -0.0400
0.8944 -5.1520 -0.0400
0.9692 -3.6012 -0.0400
0.9864 -3.5646 -0.0400
1.0035 -3.5433 -0.0400
1.0215 -3.5393 -0.0400
1.0398 -3.5386 -0.0400
1.0586 -3.5413 -0.0400
1.0783 -3.5484 -0.0400
2.1460 -6.6476 -0.0400
2.2242 -6.6439 -0.0400
5.4358 -5.2604 -0.0400
5.4723 -5.1744 -0.0400
5.5514 -5.1130 -0.0400
5.9500 -0.0805 -0.0400
1.9285 -1.9023 -0.0400
1.8851 -1.9050 -0.0400
1.8583 -1.8987 -0.0400
1.8368 -1.8897 -0.0400
1.8193 -1.8784 -0.0400
1.8045 -1.8656 -0.0400
1.7910 -1.8520 -0.0400
1.7808 -1.8359 -0.0400
1.7726 -1.8181 -0.0400
1.7669 -1.7981 -0.0400
1.7648 -1.7746 -0.0400
1.7591 -1.7536 -0.0400
1.7680 -1.7187 -0.0400
2.0805 0.3381 -0.0400
2.0175 0.3239 -0.0400
1.9705 0.3497 -0.0400
1.9545 0.4654 -0.0400
1.9105 0.5075 -0.0400
1.4590 3.4571 -0.0400
1.3504 3.4070 -0.0400
1.2495 3.4600 -0.0400
-0.2503 3.0657 -0.0400
-0.3289 2.9630 -0.0400
-0.4201 2.9234 -0.0400
-0.5411 2.9977 -0.0400
-1.1291 2.1230 -0.0400
-1.2054 2.0772 -0.0400
-1.2998 2.0693 -0.0400
-2.9177 0.8382 -0.0400
-2.9252 0.7283 -0.0400
-2.9117 0.6043 -0.0400
-2.9541 0.5278 -0.0400
-0.9991 -1.5219 -0.0400
-0.9993 -1.5638 -0.0400
-1.0099 -1.6002 -0.0400
-0.9779 -1.6552 -0.0400
-0.9489 -1.7070 -0.0400
-0.9290 -1.7534 -0.0400
-0.9372 -1.7877 -0.0400
-0.9526 -1.8192 -0.0400
-0.9727 -1.8492 -0.0400
-1.0035 -1.8761 -0.0400
-0.9930 -1.9164 -0.0400
-0.9933 -1.9527 -0.0400
-1.0091 -1.9846 -0.0400
-1.0371 -2.0137 -0.0400
-1.1040 -2.0346 -0.0400
-3.2290 -2.9463 -0.0400
-3.2076 -3.0173 -0.0400
-3.2105 -3.0913 -0.0400
-3.2468 -3.1711 -0.0400
-0.6145 -7.3260 -0.0400
-0.4666 -7.1410 -0.0400
-0.3904 -7.1833 -0.0400
0.8340 -5.1282 -0.0400
0.8800 -5.1328 -0.0400
0.9264 -5.1830 -0.0400
0.9570 -3.6011 -0.0400
0.9743 -3.5654 -0.0400
0.9920 -3.5509 -0.0400
1.0098 -3.5429 -0.0400
1.0279 -3.5389 -0.0400
1.0470 -3.5441 -0.0400
1.0669 -3.5528 -0.0400
1.0892 -3.5733 -0.0400
2.1311 -6.6546 -0.0400
2.2127 -6.6617 -0.0400
5.5428 -5.4531 -0.0400
5.4204 -5.2653 -0.0400
5.4664 -5.1849 -0.0400
5.9486 -0.0838 -0.0400
1.9561 -1.9046 -0.0400
1.9136 -1.9053 -0.0400
1.8753 -1.9050 -0.0400
1.8496 -1.8980 -0.0400
1.8292 -1.8882 -0.0400
1.8134 -1.8757 -0.0400
1.7997 -1.8619 -0.0400
1.7883 -1.8466 -0.0400
1.7786 -1.8300 -0.0400
1.7708 -1.8117 -0.0400
1.7695 -1.7878 -0.0400
1.7690 -1.7626 -0.0400
1.7757 -1.7302 -0.0400
2.0609 0.3055 -0.0400
2.0090 0.3185 -0.0400
1.9648 0.3514 -0.0400
1.9370 0.4328 -0.0400
1.9039 0.5062 -0.0400
1.3489 3.4110 -0.0400
1.2464 3.4344 -0.0400
-0.2456 3.0357 -0.0400
-0.3286 2.9548 -0.0400
-0.4301 2.9576 -0.0400
-1.0690 2.2044 -0.0400
-1.1289 2.1189 -0.0400
-1.2096 2.0830 -0.0400
-1.3119 2.0915 -0.0400
-2.9115 0.8353 -0.0400
-2.9172 0.7240 -0.0400
-2.9104 0.6057 -0.0400
-2.9762 0.5478 -0.0400
-1.0137 -1.4719 -0.0400
-0.9952 -1.5242 -0.0400
-0.9973 -1.5649 -0.0400
-1.0086 -1.6006 -0.0400
-0.9344 -1.6744 -0.0400
-0.9268 -1.7161 -0.0400
-0.9280 -1.7533 -0.0400
-0.9359 -1.7875 -0.0400
-0.9497 -1.8194 -0.0400
-0.9858 -1.8436 -0.0400
-0.9857 -1.8806 -0.0400
-0.9837 -1.9178 -0.0400
-0.9897 -1.9521 -0.0400
-1.0037 -1.9842 -0.0400
-1.0275 -2.0141 -0.0400
-1.0684 -2.0406 -0.0400
-3.3226 -2.8724 -0.0400
-3.2370 -2.9381 -0.0400
-3.2087 -3.0082 -0.0400
-3.2067 -3.0813 -0.0400
-0.7109 -3.0282 -0.0400
-0.6749 -3.0474 -0.0400
-0.6197 -7.2825 -0.0400
-0.4869 -7.1465 -0.0400
-0.4030 -7.1621 -0.0400
-0.3333 -7.2305 -0.0400
0.9491 -3.6084 -0.0400
0.9655 -3.5538 -0.0400
0.9835 -3.5461 -0.0400
1.0017 -3.5425 -0.0400
1.0202 -3.5426 -0.0400
1.0392 -3.5466 -0.0400
1.0594 -3.5563 -0.0400
1.9785 -6.7144 -0.0400
2.0483 -6.6810 -0.0400
2.1302 -6.6907 -0.0400
5.9960 -0.1718 -0.0400
1.9372 -1.9356 -0.0400
1.9076 -1.9287 -0.0400
1.8764 -1.9238 -0.0400
1.8534 -1.9147 -0.0400
1.8391 -1.9007 -0.0400
1.8236 -1.8878 -0.0400
1.8111 -1.8729 -0.0400
1.8014 -1.8562 -0.0400
1.7939 -1.8378 -0.0400
1.7888 -1.8173 -0.0400
1.7865 -1.7942 -0.0400
1.7879 -1.7674 -0.0400
1.7972 -1.7331 -0.0400
2.1648 0.2872 -0.0400
2.1057 0.2851 -0.0400
2.0553 0.3018 -0.0400
2.0123 0.3374 -0.0400
2.0055 0.4723 -0.0400
1.9868 0.5865 -0.0400
1.5556 3.4040 -0.0400
1.4512 3.4044 -0.0400
-0.1486 3.0490 -0.0400
-0.2327 2.9685 -0.0400
-0.3379 2.9903 -0.0400
-0.9686 2.1905 -0.0400
-1.0430 2.1396 -0.0400
-1.1287 2.1158 -0.0400
-2.8225 0.8756 -0.0400
-2.8415 0.7754 -0.0400
-2.8422 0.6621 -0.0400
-2.9281 0.6214 -0.0400
-0.9749 -1.4505 -0.0400
-0.9682 -1.4968 -0.0400
-0.9748 -1.5351 -0.0400
-0.9313 -1.5976 -0.0400
-0.9124 -1.6460 -0.0400
-0.9071 -1.6868 -0.0400
-0.9100 -1.7234 -0.0400
-0.9199 -1.7566 -0.0400
-0.9391 -1.7862 -0.0400
-0.9670 -1.8128 -0.0400
-0.9729 -1.8477 -0.0400
-0.9702 -1.8851 -0.0400
-0.9773 -1.9191 -0.0400
-0.9988 -1.9488 -0.0400
-1.0348 -1.9750 -0.0400
-3.3220 -1.4386 -0.0400
-3.2228 -2.8580 -0.0400
-3.2156 -2.9302 -0.0400
-3.2384 -3.0061 -0.0400
-0.7161 -2.9938 -0.0400
-0.6803 -3.0134 -0.0400
-0.6479 -3.0331 -0.0400
-0.6345 -3.0589 -0.0400
-0.6247 -3.0858 -0.0400
-0.7220 -7.2730 -0.0400
-0.5751 -7.1045 -0.0400
-0.5000 -7.1487 -0.0400
0.9688 -3.5684 -0.0400
0.9863 -3.5528 -0.0400
1.0040 -3.5442 -0.0400
1.0223 -3.5418 -0.0400
1.0415 -3.5457 -0.0400
1.0619 -3.5556 -0.0400
1.0861 -3.5841 -0.0400
2.0337 -6.7121 -0.0400
2.0999 -6.6660 -0.0400
2.1795 -6.6662 -0.0400
6.0138 -0.1689 -0.0400
5.9759 -0.0779 -0.0400
1.9126 -1.9198 -0.0400
1.8858 -1.9117 -0.0400
1.8559 -1.9064 -0.0400
1.8343 -1.8967 -0.0400
1.8205 -1.8824 -0.0400
1.8061 -1.8686 -0.0400
1.7955 -1.8523 -0.0400
1.7853 -1.8357 -0.0400
1.7790 -1.8160 -0.0400
1.7758 -1.7936 -0.0400
1.7767 -1.7672 -0.0400
1.7853 -1.7335 -0.0400
2.1756 0.3281 -0.0400
2.1029 0.2970 -0.0400
2.0480 0.3036 -0.0400
1.9997 0.3255 -0.0400
1.9909 0.4541 -0.0400
1.9480 0.4981 -0.0400
1.4521 3.4386 -0.0400
1.3507 3.4803 -0.0400
-0.1531 3.0593 -0.0400
-0.2365 2.9738 -0.0400
-0.3308 2.9479 -0.0400
-0.4366 2.9696 -0.0400
-1.0633 2.1809 -0.0400
-1.1287 2.1091 -0.0400
-1.2247 2.1072 -0.0400
-2.8728 0.8043 -0.0400
-2.8899 0.7040 -0.0400
-2.8902 0.5923 -0.0400
-1.0122 -1.4752 -0.0400
-0.9814 -1.5336 -0.0400
-0.9911 -1.5699 -0.0400
-0.9333 -1.6377 -0.0400
-0.9217 -1.6816 -0.0400
-0.9189 -1.7207 -0.0400
-0.9204 -1.7572 -0.0400
-0.9352 -1.7883 -0.0400
-0.9536 -1.8180 -0.0400
-0.9809 -1.8449 -0.0400
-0.9725 -1.8842 -0.0400
-0.9764 -1.9189 -0.0400
-0.9886 -1.9510 -0.0400
-1.0072 -1.9815 -0.0400
-1.0387 -2.0090 -0.0400
-3.2859 -2.8532 -0.0400
-3.2271 -2.9209 -0.0400
-3.2083 -2.9916 -0.0400
-3.2181 -3.0659 -0.0400
-0.7169 -3.0164 -0.0400
-0.6619 -3.0288 -0.0400
-0.6436 -3.0528 -0.0400
-0.6298 -3.0781 -0.0400
-0.6198 -3.1048 -0.0400
-0.6222 -3.1368 -0.0400
-0.6259 -3.1699 -0.0400
-0.6394 -3.2082 -0.0400
-0.7519 -7.2866 -0.0400
-0.6134 -7.1467 -0.0400
-0.5163 -7.1213 -0.0400
-0.4377 -7.1541 -0.0400
-0.3710 -7.2331 -0.0400
0.9957 -3.5434 -0.0400
1.0143 -3.5431 -0.0400
1.0335 -3.5469 -0.0400
1.0590 -3.5891 -0.0400
1.9602 -6.7799 -0.0400
2.0185 -6.6991 -0.0400
6.0434 -0.2664 -0.0400
1.9682 -1.9349 -0.0400
1.9065 -1.9439 -0.0400
1.8848 -1.9328 -0.0400
1.8659 -1.9206 -0.0400
1.8448 -1.9102 -0.0400
1.8315 -1.8953 -0.0400
1.8183 -1.8804 -0.0400
1.8092 -1.8629 -0.0400
1.8006 -1.8450 -0.0400
1.7971 -1.8231 -0.0400
1.7985 -1.7970 -0.0400
1.7953 -1.7739 -0.0400
1.8136 -1.7325 -0.0400
2.1448 0.2686 -0.0400
2.0934 0.2839 -0.0400
2.0622 0.3472 -0.0400
2.0417 0.4421 -0.0400
2.0019 0.4934 -0.0400
1.5504 3.3892 -0.0400
1.4503 3.4311 -0.0400
-0.0626 3.1092 -0.0400
-0.1427 2.9965 -0.0400
-0.2363 2.9658 -0.0400
-0.9658 2.1715 -0.0400
-1.0522 2.1503 -0.0400
-1.1637 2.1854 -0.0400
-2.7904 0.9676 -0.0400
-2.7857 0.8438 -0.0400
-2.8059 0.7460 -0.0400
-2.8322 0.6555 -0.0400
-0.9751 -1.4110 -0.0400
-0.9608 -1.4623 -0.0400
-0.9551 -1.5073 -0.0400
-0.9707 -1.5404 -0.0400
-0.9274 -1.6025 -0.0400
-0.8940 -1.6573 -0.0400
-0.8955 -1.6944 -0.0400
-0.9024 -1.7286 -0.0400
-0.9200 -1.7582 -0.0400
-0.9396 -1.7872 -0.0400
-0.9560 -1.8177 -0.0400
-0.9559 -1.8540 -0.0400
-0.9614 -1.8881 -0.0400
-0.9743 -1.9198 -0.0400
-1.0140 -1.9437 -0.0400
-1.0776 -1.9622 -0.0400
-3.2495 -2.7725 -0.0400
-3.2200 -2.8428 -0.0400
-3.2199 -2.9152 -0.0400
-3.2557 -2.9922 -0.0400
-0.6974 -2.9757 -0.0400
-0.6705 -2.9974 -0.0400
-0.6514 -3.0211 -0.0400
-0.6374 -3.0462 -0.0400
-0.6318 -3.0744 -0.0400
-0.6307 -3.1045 -0.0400
-0.6359 -3.1377 -0.0400
-0.6527 -3.1768 -0.0400
-0.8578 -7.2840 -0.0400
-0.7087 -7.1247 -0.0400
-0.6094 -7.0965 -0.0400
-0.5386 -7.1544 -0.0400
0.6065 -5.1585 -0.0400
0.6561 -5.1289 -0.0400
0.7029 -5.1234 -0.0400
1.0415 -3.5573 -0.0400
1.0654 -3.5843 -0.0400
1.9305 -6.7318 -0.0400
2.0006 -6.6980 -0.0400
2.0881 -6.7272 -0.0400
6.0464 -0.2702 -0.0400
1.9418 -1.9455 -0.0400
1.9094 -1.9391 -0.0400
1.8760 -1.9342 -0.0400
1.8585 -1.9211 -0.0400
1.8404 -1.9087 -0.0400
1.8282 -1.8931 -0.0400
1.8171 -1.8767 -0.0400
1.8090 -1.8583 -0.0400
1.8008 -1.8398 -0.0400
1.7997 -1.8159 -0.0400
1.8053 -1.7864 -0.0400
1.8062 -1.7595 -0.0400
2.2014 0.2749 -0.0400
2.1372 0.2640 -0.0400
2.0910 0.2910 -0.0400
2.0502 0.3314 -0.0400
2.0420 0.4564 -0.0400
2.0101 0.5295 -0.0400
1.5505 3.4044 -0.0400
-0.0503 3.0232 -0.0400
-0.1424 2.9827 -0.0400
-0.2436 2.9908 -0.0400
-0.8930 2.2200 -0.0400
-0.9681 2.1702 -0.0400
-1.0580 2.1578 -0.0400
-2.7886 0.9658 -0.0400
-2.7821 0.8404 -0.0400
-2.7772 0.7206 -0.0400
-2.8410 0.6631 -0.0400
-0.9605 -1.4226 -0.0400
-0.9559 -1.4678 -0.0400
-0.9544 -1.5104 -0.0400
-0.9121 -1.5732 -0.0400
-0.8989 -1.6190 -0.0400
-0.8828 -1.6649 -0.0400
-0.8916 -1.6983 -0.0400
-0.9022 -1.7306 -0.0400
-0.9220 -1.7591 -0.0400
-0.9458 -1.7863 -0.0400
-0.9492 -1.8215 -0.0400
-0.9530 -1.8562 -0.0400
-0.9609 -1.8892 -0.0400
-0.9845 -1.9173 -0.0400
-1.0162 -1.9435 -0.0400
-1.0821 -1.9612 -0.0400
-3.2735 -2.7676 -0.0400
-3.2254 -2.8366 -0.0400
-3.2128 -2.9077 -0.0400
-0.7064 -2.9730 -0.0400
-0.6752 -2.9933 -0.0400
-0.6542 -3.0163 -0.0400
-0.6381 -3.0405 -0.0400
-0.6320 -3.0682 -0.0400
-0.6304 -3.0980 -0.0400
-0.6350 -3.1307 -0.0400
-4.1890 -5.0541 -0.0400
-0.8674 -7.2593 -0.0400
-0.7231 -7.1133 -0.0400
-0.6235 -7.0839 -0.0400
-0.5516 -7.1373 -0.0400
0.6401 -5.1443 -0.0400
0.6881 -5.1253 -0.0400
0.7344 -5.1229 -0.0400
0.7800 -5.1351 -0.0400
1.9265 -6.7869 -0.0400
1.9876 -6.7159 -0.0400
2.7870 -4.7909 -0.0400
2.7502 -4.6688 -0.0400
6.0503 -0.2742 -0.0400
1.9786 -1.9486 -0.0400
1.9302 -1.9491 -0.0400
1.9019 -1.9404 -0.0400
1.8707 -1.9342 -0.0400
1.8545 -1.9202 -0.0400
1.8404 -1.9053 -0.0400
1.8269 -1.8902 -0.0400
1.8170 -1.8728 -0.0400
1.8116 -1.8524 -0.0400
1.8052 -1.8323 -0.0400
1.8004 -1.8108 -0.0400
1.8096 -1.7782 -0.0400
1.8146 -1.7478 -0.0400
2.1845 0.2502 -0.0400
2.1328 0.2657 -0.0400
2.0940 0.3098 -0.0400
2.0741 0.4011 -0.0400
2.0489 0.4868 -0.0400
1.6512 3.3847 -0.0400
1.5482 3.3979 -0.0400
-0.0555 3.0408 -0.0400
-0.1449 2.9839 -0.0400
-0.2652 3.0864 -0.0400
-0.8956 2.2191 -0.0400
-0.9707 2.1693 -0.0400
-1.0618 2.1600 -0.0400
-2.7490 1.0497 -0.0400
-2.7839 0.9607 -0.0400
-2.7745 0.8328 -0.0400
-2.7796 0.7221 -0.0400
-2.8441 0.6653 -0.0400
-0.9431 -1.4364 -0.0400
-0.9469 -1.4763 -0.0400
-0.9536 -1.5140 -0.0400
-0.8999 -1.5827 -0.0400
-0.8933 -1.6248 -0.0400
-0.8814 -1.6684 -0.0400
-0.8881 -1.7025 -0.0400
-0.9022 -1.7331 -0.0400
-0.9285 -1.7587 -0.0400
-0.9555 -1.7845 -0.0400
-0.9540 -1.8215 -0.0400
-0.9494 -1.8591 -0.0400
-0.9611 -1.8907 -0.0400
-0.9897 -1.9170 -0.0400
-1.0245 -1.9422 -0.0400
-3.2671 -1.3600 -0.0400
-3.3215 -2.6913 -0.0400
-3.2419 -2.7597 -0.0400
-3.2181 -2.8299 -0.0400
-3.2232 -2.9025 -0.0400
-3.2691 -2.9802 -0.0400
-0.6908 -2.9636 -0.0400
-0.6671 -2.9858 -0.0400
-0.6503 -3.0098 -0.0400
-0.6386 -3.0353 -0.0400
-0.6313 -3.0624 -0.0400
-0.6285 -3.0914 -0.0400
-0.6562 -3.1334 -0.0400
-4.1613 -5.0262 -0.0400
-2.0646 -4.2378 -0.0400
-2.0994 -4.3294 -0.0400
-0.8716 -7.2204 -0.0400
-0.7345 -7.0941 -0.0400
-0.6390 -7.0762 -0.0400
-0.5672 -7.1297 -0.0400
0.5763 -5.1670 -0.0400
0.6268 -5.1298 -0.0400
0.6738 -5.1214 -0.0400
0.7195 -5.1286 -0.0400
0.7658 -5.1246 -0.0400
0.8114 -5.1475 -0.0400
1.9677 -6.7077 -0.0400
2.0555 -6.7382 -0.0400
2.7388 -4.7546 -0.0400
2.7531 -4.6925 -0.0400
2.7514 -4.6146 -0.0400
2.7864 -4.5791 -0.0400
2.8415 -4.5647 -0.0400
1.9705 -1.9511 -0.0400
1.9256 -1.9496 -0.0400
1.8863 -1.9466 -0.0400
1.8677 -1.9335 -0.0400
1.8523 -1.9189 -0.0400
1.8387 -1.9035 -0.0400
1.8267 -1.8872 -0.0400
1.8175 -1.8692 -0.0400
1.8097 -1.8501 -0.0400
1.8105 -1.8248 -0.0400
1.8081 -1.8011 -0.0400
1.8290 -1.7593 -0.0400
2.2445 0.2599 -0.0400
2.1780 0.2467 -0.0400
2.1291 0.2680 -0.0400
2.0930 0.3184 -0.0400
2.0830 0.4338 -0.0400
2.0451 0.4890 -0.0400
1.6498 3.3845 -0.0400
1.5467 3.3973 -0.0400
0.0349 3.0862 -0.0400
-0.0520 3.0055 -0.0400
-0.1480 2.9876 -0.0400
-0.2560 3.0297 -0.0400
-0.9003 2.2234 -0.0400
-0.9814 2.1889 -0.0400
-2.7374 0.9152 -0.0400
-2.7465 0.8059 -0.0400
-2.7789 0.7203 -0.0400
-2.8671 0.6839 -0.0400
-0.9391 -1.4429 -0.0400
-0.9396 -1.4844 -0.0400
-0.9542 -1.5175 -0.0400
-0.8822 -1.5956 -0.0400
-0.8824 -1.6338 -0.0400
-0.8782 -1.6733 -0.0400
-0.8873 -1.7061 -0.0400
-0.9028 -1.7358 -0.0400
-0.9291 -1.7612 -0.0400
-0.9419 -1.7924 -0.0400
-0.9435 -1.8279 -0.0400
-0.9489 -1.8616 -0.0400
-0.9630 -1.8921 -0.0400
-0.9827 -1.9210 -0.0400
-1.0478 -1.9369 -0.0400
-3.2938 -1.3504 -0.0400
-3.2583 -2.7554 -0.0400
-3.2203 -2.8246 -0.0400
-3.2465 -2.8990 -0.0400
-0.7532 -2.9476 -0.0400
-0.7008 -2.9624 -0.0400
-0.6726 -2.9832 -0.0400
-0.6533 -3.0063 -0.0400
-0.6401 -3.0311 -0.0400
-0.6363 -3.0593 -0.0400
-0.6379 -3.0898 -0.0400
-0.6480 -3.1245 -0.0400
-0.6919 -3.1747 -0.0400
-4.2530 -4.9481 -0.0400
-4.1636 -5.0141 -0.0400
-2.1111 -4.1853 -0.0400
-2.0694 -4.2300 -0.0400
-0.7427 -7.0666 -0.0400
-0.6530 -7.0649 -0.0400
-0.5859 -7.1324 -0.0400
0.6112 -5.1428 -0.0400
0.6592 -5.1238 -0.0400
0.7054 -5.1216 -0.0400
0.7512 -5.1282 -0.0400
0.7962 -5.1762 -0.0400
0.9244 -3.5814 -0.0400
0.9419 -3.5623 -0.0400
2.7272 -4.6835 -0.0400
2.7466 -4.6295 -0.0400
2.7800 -4.5919 -0.0400
2.8279 -4.5698 -0.0400
4.1049 -5.7828 -0.0400
6.1134 -0.3687 -0.0400
1.9351 -1.9674 -0.0400
1.9074 -1.9576 -0.0400
1.8854 -1.9456 -0.0400
1.8668 -1.9323 -0.0400
1.8516 -1.9174 -0.0400
1.8367 -1.9025 -0.0400
1.8269 -1.8847 -0.0400
1.8184 -1.8659 -0.0400
1.8116 -1.8459 -0.0400
1.8154 -1.8182 -0.0400
1.8156 -1.7923 -0.0400
1.8217 -1.7613 -0.0400
2.2278 0.2353 -0.0400
2.1744 0.2484 -0.0400
2.1276 0.2746 -0.0400
2.1020 0.3491 -0.0400
2.0841 0.4470 -0.0400
2.0512 0.5154 -0.0400
1.6480 3.3797 -0.0400
0.0208 3.1684 -0.0400
-0.0533 2.9992 -0.0400
-0.1562 3.0202 -0.0400
-0.8245 2.2645 -0.0400
-0.8946 2.1994 -0.0400
-0.9815 2.1810 -0.0400
-2.7434 1.0410 -0.0400
-2.7252 0.9017 -0.0400
-2.7265 0.7856 -0.0400
-2.7793 0.7190 -0.0400
-0.9372 -1.4062 -0.0400
-0.9297 -1.4531 -0.0400
-0.9373 -1.4902 -0.0400
-0.9055 -1.5484 -0.0400
-0.8774 -1.6024 -0.0400
-0.8697 -1.6442 -0.0400
-0.8748 -1.6789 -0.0400
-0.8878 -1.7096 -0.0400
-0.9054 -1.7382 -0.0400
-0.9348 -1.7622 -0.0400
-0.9367 -1.7976 -0.0400
-0.9412 -1.8317 -0.0400
-0.9485 -1.8645 -0.0400
-0.9709 -1.8920 -0.0400
-0.9963 -1.9191 -0.0400
-3.2408 -1.2861 -0.0400
-3.2828 -2.6797 -0.0400
-3.2315 -2.7490 -0.0400
-3.2165 -2.8195 -0.0400
-3.2294 -2.8923 -0.0400
-3.2939 -2.9716 -0.0400
-0.7226 -2.9357 -0.0400
-0.6880 -2.9550 -0.0400
-0.6657 -2.9773 -0.0400
-0.6502 -3.0013 -0.0400
-0.6397 -3.0268 -0.0400
-0.6338 -3.0540 -0.0400
-0.6331 -3.0833 -0.0400
-0.6721 -3.1295 -0.0400
-4.1639 -5.0017 -0.0400
-2.1196 -4.1804 -0.0400
-2.0726 -4.2218 -0.0400
-0.8958 -7.1888 -0.0400
-0.7618 -7.0712 -0.0400
-0.6682 -7.0583 -0.0400
-0.5932 -7.0998 -0.0400
0.5986 -5.1247 -0.0400
0.6453 -5.1181 -0.0400
0.6908 -5.1259 -0.0400
0.7370 -5.1222 -0.0400
0.7825 -5.1408 -0.0400
0.9312 -3.5823 -0.0400
0.9474 -3.5534 -0.0400
0.9653 -3.5474 -0.0400
0.9837 -3.5455 -0.0400
2.7560 -4.8189 -0.0400
2.7458 -4.7264 -0.0400
2.7344 -4.6366 -0.0400
2.7681 -4.5993 -0.0400
2.8287 -4.5904 -0.0400
4.0852 -5.7858 -0.0400
6.1107 -0.3775 -0.0400
1.9960 -1.9624 -0.0400
1.9394 -1.9649 -0.0400
1.9095 -1.9559 -0.0400
1.8866 -1.9441 -0.0400
1.8619 -1.9339 -0.0400
1.8485 -1.9178 -0.0400
1.8369 -1.9008 -0.0400
1.8272 -1.8827 -0.0400
1.8191 -1.8635 -0.0400
1.8204 -1.8377 -0.0400
1.8192 -1.8131 -0.0400
1.8222 -1.7849 -0.0400
1.8348 -1.7485 -0.0400
2.2876 0.2405 -0.0400
2.2209 0.2294 -0.0400
2.1705 0.2485 -0.0400
2.1329 0.2945 -0.0400
2.1225 0.4043 -0.0400
2.0793 0.4452 -0.0400
1.7549 3.3970 -0.0400
1.6505 3.4050 -0.0400
0.0368 3.0419 -0.0400
-0.0554 2.9981 -0.0400
-0.1554 3.0030 -0.0400
-0.8355 2.2868 -0.0400
-0.8996 2.2041 -0.0400
-1.0082 2.2412 -0.0400
-2.7270 1.0225 -0.0400
-2.7240 0.8983 -0.0400
-2.7240 0.7810 -0.0400
-2.7874 0.7241 -0.0400
-0.9323 -1.4146 -0.0400
-0.9278 -1.4594 -0.0400
-0.9378 -1.4949 -0.0400
-0.8757 -1.5696 -0.0400
-0.8663 -1.6130 -0.0400
-0.8648 -1.6513 -0.0400
-0.8742 -1.6836 -0.0400
-0.8888 -1.7134 -0.0400
-0.9106 -1.7400 -0.0400
-0.9402 -1.7637 -0.0400
-0.9305 -1.8037 -0.0400
-0.9380 -1.8364 -0.0400
-0.9490 -1.8676 -0.0400
-0.9750 -1.8937 -0.0400
-1.0018 -1.9202 -0.0400
-3.2359 -1.2866 -0.0400
-3.3039 -2.6766 -0.0400
-3.2207 -2.7442 -0.0400
-3.2260 -2.8159 -0.0400
-3.2660 -2.8912 -0.0400
-0.7428 -2.9385 -0.0400
-0.6973 -2.9549 -0.0400
-0.6708 -2.9758 -0.0400
-0.6487 -2.9975 -0.0400
-0.6411 -3.0237 -0.0400
-0.6386 -3.0520 -0.0400
-0.6420 -3.0828 -0.0400
-0.6558 -3.1185 -0.0400
-4.2163 -4.9066 -0.0400
-2.1283 -4.1762 -0.0400
-2.0753 -4.2140 -0.0400
-0.6822 -7.0488 -0.0400
-0.6173 -7.1221 -0.0400
0.5334 -5.1662 -0.0400
0.5841 -5.1286 -0.0400
0.6312 -5.1179 -0.0400
0.6769 -5.1207 -0.0400
0.7226 -5.1275 -0.0400
0.7674 -5.1771 -0.0400
0.9191 -3.5835 -0.0400
0.9362 -3.5642 -0.0400
0.9537 -3.5530 -0.0400
0.9715 -3.5467 -0.0400
0.9904 -3.5485 -0.0400
1.0103 -3.5553 -0.0400
1.0325 -3.5725 -0.0400
2.7369 -4.7378 -0.0400
2.7242 -4.6462 -0.0400
2.7588 -4.6098 -0.0400
2.8031 -4.5838 -0.0400
4.0903 -5.8145 -0.0400
6.1057 -0.3878 -0.0400
1.9580 -1.9805 -0.0400
1.9237 -1.9728 -0.0400
1.8995 -1.9610 -0.0400
1.8793 -1.9478 -0.0400
1.8632 -1.9327 -0.0400
1.8494 -1.9166 -0.0400
1.8374 -1.8996 -0.0400
1.8306 -1.8794 -0.0400
1.8248 -1.8584 -0.0400
1.8216 -1.8354 -0.0400
1.8213 -1.8099 -0.0400
1.8260 -1.7801 -0.0400
2.2813 0.2348 -0.0400
2.2171 0.2286 -0.0400
2.1676 0.2497 -0.0400
2.1401 0.3178 -0.0400
2.1227 0.4127 -0.0400
2.1008 0.5044 -0.0400
1.7496 3.3675 -0.0400
1.6466 3.3822 -0.0400
0.0386 3.0142 -0.0400
-0.0595 3.0094 -0.0400
-0.1710 3.0784 -0.0400
-0.8216 2.2373 -0.0400
-0.9009 2.1983 -0.0400
-0.9993 2.2099 -0.0400
-2.6718 0.9650 -0.0400
-2.7235 0.8951 -0.0400
-2.7266 0.7808 -0.0400
-0.9222 -1.3839 -0.0400
-0.9237 -1.4257 -0.0400
-0.9254 -1.4665 -0.0400
-0.9213 -1.5098 -0.0400
-0.8714 -1.5774 -0.0400
-0.8630 -1.6200 -0.0400
-0.8612 -1.6583 -0.0400
-0.8731 -1.6891 -0.0400
-0.8921 -1.7166 -0.0400
-0.9175 -1.7415 -0.0400
-0.9329 -1.7711 -0.0400
-0.9290 -1.8085 -0.0400
-0.9361 -1.8411 -0.0400
-0.9536 -1.8697 -0.0400
-0.9845 -1.8941 -0.0400
-1.0167 -1.9189 -0.0400
-3.2474 -1.2827 -0.0400
-3.3187 -2.6011 -0.0400
-3.2448 -2.6707 -0.0400
-3.2206 -2.7406 -0.0400
-3.2209 -2.8117 -0.0400
-3.2497 -2.8856 -0.0400
-0.7160 -2.9289 -0.0400
-0.6846 -2.9488 -0.0400
-0.6639 -2.9711 -0.0400
-0.6495 -2.9950 -0.0400
-0.6399 -3.0204 -0.0400
-0.6349 -3.0475 -0.0400
-0.6541 -3.0841 -0.0400
-0.6829 -3.1259 -0.0400
-4.2540 -4.9134 -0.0400
-4.1912 -4.9920 -0.0400
-2.1729 -4.1245 -0.0400
-2.1097 -4.1572 -0.0400
-2.0920 -4.2151 -0.0400
0.5192 -5.1692 -0.0400
0.5701 -5.1294 -0.0400
0.6173 -5.1167 -0.0400
0.6631 -5.1186 -0.0400
0.7088 -5.1221 -0.0400
0.7539 -5.1495 -0.0400
0.9242 -3.5650 -0.0400
0.9416 -3.5543 -0.0400
0.9594 -3.5481 -0.0400
0.9776 -3.5456 -0.0400
0.9965 -3.5468 -0.0400
1.0164 -3.5530 -0.0400
1.8456 -6.7475 -0.0400
2.6973 -4.7139 -0.0400
2.7159 -4.6583 -0.0400
2.7487 -4.6198 -0.0400
2.7930 -4.5936 -0.0400
4.0906 -5.8386 -0.0400
5.2399 -5.5420 -0.0400
6.1786 -0.4757 -0.0400
1.9737 -1.9744 -0.0400
1.9312 -1.9700 -0.0400
1.9044 -1.9591 -0.0400
1.8753 -1.9503 -0.0400
1.8611 -1.9340 -0.0400
1.8489 -1.9169 -0.0400
1.8389 -1.8985 -0.0400
1.8308 -1.8789 -0.0400
1.8248 -1.8577 -0.0400
1.8215 -1.8346 -0.0400
1.8393 -1.7963 -0.0400
1.8626 -1.7524 -0.0400
2.2708 0.2205 -0.0400
2.2135 0.2274 -0.0400
2.1700 0.2610 -0.0400
2.1445 0.3339 -0.0400
2.1215 0.4171 -0.0400
2.0966 0.5019 -0.0400
1.7484 3.3625 -0.0400
1.6519 3.4236 -0.0400
0.1273 3.0761 -0.0400
0.0363 3.0156 -0.0400
-0.0608 3.0043 -0.0400
-0.1681 3.0503 -0.0400
-0.7450 2.2759 -0.0400
-0.8204 2.2244 -0.0400
-0.9123 2.2206 -0.0400
-2.6796 1.0936 -0.0400
-2.6950 0.9849 -0.0400
-2.6786 0.8488 -0.0400
-2.7296 0.7805 -0.0400
-0.9234 -1.3896 -0.0400
-0.9134 -1.4384 -0.0400
-0.9249 -1.4729 -0.0400
-0.8626 -1.5496 -0.0400
-0.8625 -1.5882 -0.0400
-0.8567 -1.6291 -0.0400
-0.8631 -1.6629 -0.0400
-0.8751 -1.6935 -0.0400
-0.8949 -1.7205 -0.0400
-0.9295 -1.7412 -0.0400
-0.9217 -1.7806 -0.0400
-0.9258 -1.8145 -0.0400
-0.9370 -1.8452 -0.0400
-0.9567 -1.8729 -0.0400
-0.9898 -1.8964 -0.0400
-3.1909 -1.2229 -0.0400
-3.3114 -2.5982 -0.0400
-3.2435 -2.6678 -0.0400
-3.2197 -2.7376 -0.0400
-3.2493 -2.8106 -0.0400
-0.7289 -2.9309 -0.0400
-0.6754 -2.9444 -0.0400
-0.6591 -2.9677 -0.0400
-0.6480 -2.9924 -0.0400
-0.6415 -3.0186 -0.0400
-0.6398 -3.0467 -0.0400
-0.6446 -3.0776 -0.0400
-0.6608 -3.1138 -0.0400
-4.2177 -4.8858 -0.0400
-2.1222 -4.1565 -0.0400
-2.0840 -4.2023 -0.0400
0.5568 -5.1250 -0.0400
0.6038 -5.1144 -0.0400
0.6493 -5.1178 -0.0400
0.6950 -5.1197 -0.0400
0.7402 -5.1414 -0.0400
0.9136 -3.5801 -0.0400
0.9306 -3.5633 -0.0400
0.9479 -3.5530 -0.0400
0.9657 -3.5472 -0.0400
0.9845 -3.5484 -0.0400
1.0043 -3.5546 -0.0400
1.0264 -3.5697 -0.0400
1.8370 -6.7855 -0.0400
1.9063 -6.7460 -0.0400
2.6975 -4.8170 -0.0400
2.7021 -4.7419 -0.0400
2.7093 -4.6727 -0.0400
2.7386 -4.6301 -0.0400
2.8014 -4.6233 -0.0400
4.0788 -5.8509 -0.0400
5.2252 -5.6679 -0.0400
5.2346 -5.5591 -0.0400
5.3108 -5.4966 -0.0400
6.1137 -0.4030 -0.0400
1.9524 -1.9860 -0.0400
1.9214 -1.9762 -0.0400
1.8979 -1.9637 -0.0400
1.8788 -1.9495 -0.0400
1.8635 -1.9336 -0.0400
1.8504 -1.9167 -0.0400
1.8418 -1.8972 -0.0400
1.8357 -1.8760 -0.0400
1.8321 -1.8530 -0.0400
1.8319 -1.8274 -0.0400
1.8371 -1.7975 -0.0400
1.8568 -1.7561 -0.0400
2.3329 0.2244 -0.0400
2.2687 0.2209 -0.0400
2.2122 0.2298 -0.0400
2.1726 0.2716 -0.0400
2.1646 0.3824 -0.0400
2.1307 0.4435 -0.0400
1.7487 3.3648 -0.0400
0.1257 3.0745 -0.0400
0.0344 3.0157 -0.0400
-0.0711 3.0574 -0.0400
-0.7532 2.2911 -0.0400
-0.8240 2.2250 -0.0400
-0.9107 2.2070 -0.0400
-2.6746 1.0849 -0.0400
-2.6683 0.9547 -0.0400
-2.6729 0.8397 -0.0400
-2.7439 0.7904 -0.0400
-0.9204 -1.3552 -0.0400
-0.9132 -1.4031 -0.0400
-0.9116 -1.4463 -0.0400
-0.8773 -1.5080 -0.0400
-0.8634 -1.5556 -0.0400
-0.8500 -1.6014 -0.0400
-0.8520 -1.6378 -0.0400
-0.8627 -1.6691 -0.0400
-0.8800 -1.6970 -0.0400
-0.9026 -1.7226 -0.0400
-0.9278 -1.7474 -0.0400
-0.9206 -1.7864 -0.0400
-0.9255 -1.8197 -0.0400
-0.9416 -1.8484 -0.0400
-0.9668 -1.8740 -0.0400
-1.0068 -1.8951 -0.0400
-3.1950 -1.2223 -0.0400
-3.2870 -2.5955 -0.0400
-3.2368 -2.6653 -0.0400
-3.2237 -2.7354 -0.0400
-3.2503 -2.8080 -0.0400
-0.7492 -2.9064 -0.0400
-0.7047 -2.9234 -0.0400
-0.6788 -2.9443 -0.0400
-0.6607 -2.9669 -0.0400
-0.6479 -2.9909 -0.0400
-0.6449 -3.0181 -0.0400
-0.6471 -3.0475 -0.0400
-0.6579 -3.0806 -0.0400
-0.6967 -3.1260 -0.0400
-4.2492 -4.8909 -0.0400
-2.1674 -4.1070 -0.0400
-2.1124 -4.1438 -0.0400
-2.1428 -4.2291 -0.0400
0.5417 -5.1418 -0.0400
0.5906 -5.1113 -0.0400
0.6360 -5.1147 -0.0400
0.6815 -5.1189 -0.0400
0.7265 -5.1408 -0.0400
0.9045 -3.6092 -0.0400
0.9186 -3.5627 -0.0400
0.9360 -3.5535 -0.0400
0.9537 -3.5482 -0.0400
0.9719 -3.5461 -0.0400
0.9907 -3.5473 -0.0400
1.0145 -3.5723 -0.0400
1.8123 -6.7559 -0.0400
1.8844 -6.7298 -0.0400
2.7058 -4.7691 -0.0400
2.6921 -4.6754 -0.0400
2.7300 -4.6423 -0.0400
2.7816 -4.6237 -0.0400
4.0571 -5.8533 -0.0400
5.2246 -5.5733 -0.0400
5.2939 -5.5063 -0.0400
6.1691 -0.4993 -0.0400
1.9695 -1.9805 -0.0400
1.9145 -1.9817 -0.0400
1.8936 -1.9678 -0.0400
1.8770 -1.9521 -0.0400
1.8631 -1.9353 -0.0400
1.8513 -1.9174 -0.0400
1.8421 -1.8981 -0.0400
1.8351 -1.8773 -0.0400
1.8306 -1.8547 -0.0400
1.8452 -1.8191 -0.0400
1.8603 -1.7818 -0.0400
2.3219 0.2077 -0.0400
2.2634 0.2143 -0.0400
2.2134 0.2360 -0.0400
2.1868 0.3047 -0.0400
2.1647 0.3869 -0.0400
2.1352 0.4584 -0.0400
1.8541 3.3603 -0.0400
1.7511 3.3784 -0.0400
0.1255 3.0622 -0.0400
0.0321 3.0190 -0.0400
-0.0735 3.0615 -0.0400
-0.6772 2.3349 -0.0400
-0.7446 2.2546 -0.0400
-0.8285 2.2287 -0.0400
-0.9340 2.2625 -0.0400
-2.6190 1.0233 -0.0400
-2.6599 0.9424 -0.0400
-2.6742 0.8371 -0.0400
-2.7697 0.8108 -0.0400
-0.9165 -1.3652 -0.0400
-0.8998 -1.4191 -0.0400
-0.9131 -1.4525 -0.0400
-0.8605 -1.5252 -0.0400
-0.8547 -1.5676 -0.0400
-0.8445 -1.6113 -0.0400
-0.8521 -1.6443 -0.0400
-0.8656 -1.6740 -0.0400
-0.8868 -1.6999 -0.0400
-0.9194 -1.7208 -0.0400
-0.9113 -1.7606 -0.0400
-0.9189 -1.7928 -0.0400
-0.9272 -1.8246 -0.0400
-0.9448 -1.8526 -0.0400
-0.9724 -1.8771 -0.0400
-1.0223 -1.8947 -0.0400
-3.2252 -1.2137 -0.0400
-3.2595 -2.5934 -0.0400
-3.2272 -2.6632 -0.0400
-3.2279 -2.7337 -0.0400
-3.2613 -2.8067 -0.0400
-0.7609 -2.9091 -0.0400
-0.6881 -2.9185 -0.0400
-0.6693 -2.9410 -0.0400
-0.6560 -2.9648 -0.0400
-0.6469 -2.9897 -0.0400
-0.6421 -3.0161 -0.0400
-0.6421 -3.0443 -0.0400
-0.6489 -3.0756 -0.0400
-4.2253 -4.8706 -0.0400
-2.1992 -4.1178 -0.0400
-2.1203 -4.1418 -0.0400
0.5305 -5.1222 -0.0400
0.5773 -5.1119 -0.0400
0.6227 -5.1155 -0.0400
0.6683 -5.1149 -0.0400
0.7128 -5.1486 -0.0400
0.8913 -3.5936 -0.0400
0.9079 -3.5718 -0.0400
0.9249 -3.5594 -0.0400
0.9423 -3.5514 -0.0400
0.9602 -3.5481 -0.0400
0.9791 -3.5500 -0.0400
0.9991 -3.5565 -0.0400
1.0217 -3.5730 -0.0400
1.7999 -6.7773 -0.0400
1.8729 -6.7538 -0.0400
2.6767 -4.8388 -0.0400
2.6796 -4.7613 -0.0400
2.6871 -4.6921 -0.0400
2.7178 -4.6508 -0.0400
2.7625 -4.6249 -0.0400
5.3346 -5.7900 -0.0400
5.2227 -5.5935 -0.0400
5.3076 -5.5365 -0.0400
2.0065 -1.9923 -0.0400
1.9528 -1.9911 -0.0400
1.9231 -1.9804 -0.0400
1.9001 -1.9671 -0.0400
1.8813 -1.9523 -0.0400
1.8638 -1.9371 -0.0400
1.8538 -1.9180 -0.0400
1.8459 -1.8976 -0.0400
1.8405 -1.8756 -0.0400
1.8383 -1.8512 -0.0400
1.8403 -1.8236 -0.0400
1.8503 -1.7897 -0.0400
2.3197 0.2055 -0.0400
2.2621 0.2143 -0.0400
2.2152 0.2422 -0.0400
2.2135 0.3617 -0.0400
2.1693 0.4000 -0.0400
1.8517 3.3430 -0.0400
0.2144 3.1477 -0.0400
0.1286 3.0234 -0.0400
0.0295 3.0263 -0.0400
-0.0791 3.0880 -0.0400
-0.6843 2.3488 -0.0400
-0.7484 2.2567 -0.0400
-0.8304 2.2250 -0.0400
-2.6143 1.1405 -0.0400
-2.6218 1.0220 -0.0400
-2.6548 0.9331 -0.0400
-2.6765 0.8352 -0.0400
-0.9056 -1.3367 -0.0400
-0.8971 -1.3861 -0.0400
-0.8974 -1.4283 -0.0400
-0.8953 -1.4711 -0.0400
-0.8579 -1.5342 -0.0400
-0.8379 -1.5846 -0.0400
-0.8451 -1.6181 -0.0400
-0.8538 -1.6504 -0.0400
-0.8708 -1.6782 -0.0400
-0.8966 -1.7018 -0.0400
-0.9102 -1.7315 -0.0400
-0.9128 -1.7662 -0.0400
-0.9163 -1.8000 -0.0400
-0.9323 -1.8284 -0.0400
-0.9601 -1.8524 -0.0400
-0.9868 -1.8775 -0.0400
-3.1619 -1.1590 -0.0400
-3.2263 -1.2148 -0.0400
-3.2352 -2.5919 -0.0400
-3.2192 -2.6617 -0.0400
-3.2186 -2.7318 -0.0400
-3.2938 -2.8073 -0.0400
-0.7683 -2.8826 -0.0400
-0.7161 -2.8983 -0.0400
-0.6883 -2.9189 -0.0400
-0.6693 -2.9411 -0.0400
-0.6556 -2.9646 -0.0400
-0.6485 -2.9899 -0.0400
-0.6474 -3.0174 -0.0400
-0.6524 -3.0474 -0.0400
-0.6671 -3.0816 -0.0400
-2.1654 -4.0942 -0.0400
-2.1160 -4.1336 -0.0400
0.6100 -5.1112 -0.0400
0.6553 -5.1149 -0.0400
0.7002 -5.1308 -0.0400
0.8974 -3.5815 -0.0400
0.9141 -3.5659 -0.0400
0.9306 -3.5517 -0.0400
0.9484 -3.5481 -0.0400
0.9668 -3.5474 -0.0400
0.9858 -3.5499 -0.0400
1.0112 -3.5810 -0.0400
1.7773 -6.7552 -0.0400
1.8520 -6.7402 -0.0400
2.6871 -4.7933 -0.0400
2.6713 -4.6967 -0.0400
2.7087 -4.6629 -0.0400
2.7617 -4.6456 -0.0400
4.0580 -5.9042 -0.0400
5.3239 -5.8049 -0.0400
5.2136 -5.6090 -0.0400
5.3149 -5.5630 -0.0400
6.1619 -0.5243 -0.0400
1.9424 -1.9995 -0.0400
1.9173 -1.9865 -0.0400
1.8968 -1.9720 -0.0400
1.8804 -1.9557 -0.0400
1.8666 -1.9383 -0.0400
1.8552 -1.9198 -0.0400
1.8462 -1.8999 -0.0400
1.8475 -1.8736 -0.0400
1.8477 -1.8473 -0.0400
1.8542 -1.8163 -0.0400
1.8789 -1.7719 -0.0400
2.3113 0.1916 -0.0400
2.2597 0.2112 -0.0400
2.2154 0.2443 -0.0400
2.2146 0.3656 -0.0400
2.1723 0.4084 -0.0400
1.8538 3.3489 -0.0400
0.2203 3.0778 -0.0400
0.1267 3.0283 -0.0400
0.0256 3.0455 -0.0400
-0.6869 2.3481 -0.0400
-0.7494 2.2506 -0.0400
-0.8461 2.2624 -0.0400
-2.6207 1.1429 -0.0400
-2.6291 1.0251 -0.0400
-2.6199 0.8935 -0.0400
-0.8883 -1.3572 -0.0400
-0.8904 -1.3988 -0.0400
-0.9016 -1.4336 -0.0400
-0.8474 -1.5091 -0.0400
-0.8399 -1.5529 -0.0400
-0.8319 -1.5958 -0.0400
-0.8434 -1.6266 -0.0400
-0.8564 -1.6564 -0.0400
-0.8787 -1.6813 -0.0400
-0.9046 -1.7048 -0.0400
-0.9048 -1.7409 -0.0400
-0.9110 -1.7737 -0.0400
-0.9194 -1.8052 -0.0400
-0.9406 -1.8314 -0.0400
-0.9637 -1.8572 -0.0400
-1.0259 -1.8690 -0.0400
-3.1784 -1.1554 -0.0400
-3.2348 -2.5913 -0.0400
-3.2189 -2.6610 -0.0400
-3.2320 -2.7316 -0.0400
-0.7548 -2.8806 -0.0400
-0.7120 -2.8983 -0.0400
-0.6861 -2.9191 -0.0400
-0.6619 -2.9397 -0.0400
-0.6526 -2.9642 -0.0400
-0.6469 -2.9897 -0.0400
-0.6453 -3.0168 -0.0400
-0.6488 -3.0460 -0.0400
-4.3027 -4.7833 -0.0400
-4.2462 -4.8641 -0.0400
-2.1466 -4.0793 -0.0400
-2.1312 -4.1369 -0.0400
0.8870 -3.5905 -0.0400
0.9035 -3.5717 -0.0400
0.9196 -3.5546 -0.0400
0.9371 -3.5496 -0.0400
0.9550 -3.5471 -0.0400
0.9749 -3.5545 -0.0400
0.9955 -3.5638 -0.0400
1.7617 -6.7616 -0.0400
1.8342 -6.7384 -0.0400
2.6687 -4.7165 -0.0400
2.6960 -4.6712 -0.0400
2.7388 -4.6432 -0.0400
5.2069 -5.6265 -0.0400
5.3083 -5.5805 -0.0400
6.1718 -0.5327 -0.0400
1.9994 -2.0037 -0.0400
1.9533 -1.9988 -0.0400
1.9256 -1.9866 -0.0400
1.9035 -1.9725 -0.0400
1.8805 -1.9593 -0.0400
1.8681 -1.9410 -0.0400
1.8583 -1.9214 -0.0400
1.8506 -1.9004 -0.0400
1.8456 -1.8776 -0.0400
1.8440 -1.8524 -0.0400
1.8469 -1.8238 -0.0400
2.3919 0.2200 -0.0400
2.3166 0.2008 -0.0400
2.2624 0.2165 -0.0400
2.2233 0.2601 -0.0400
2.2224 0.3819 -0.0400
2.1887 0.4439 -0.0400
1.9605 3.3409 -0.0400
1.8558 3.3517 -0.0400
0.2228 3.0426 -0.0400
0.1263 3.0232 -0.0400
0.0169 3.1033 -0.0400
-0.6691 2.2793 -0.0400
-0.7522 2.2507 -0.0400
-0.8493 2.2638 -0.0400
-2.5671 1.2097 -0.0400
-2.5806 1.0948 -0.0400
-2.6172 1.0081 -0.0400
-2.6235 0.8924 -0.0400
-2.7139 0.8628 -0.0400
-0.8918 -1.3192 -0.0400
-0.8822 -1.3701 -0.0400
-0.8895 -1.4079 -0.0400
-0.8479 -1.4771 -0.0400
-0.8333 -1.5263 -0.0400
-0.8317 -1.5660 -0.0400
-0.8365 -1.6011 -0.0400
-0.8444 -1.6339 -0.0400
-0.8632 -1.6604 -0.0400
-0.8944 -1.6807 -0.0400
-0.9055 -1.7117 -0.0400
-0.9055 -1.7477 -0.0400
-0.9085 -1.7818 -0.0400
-0.9223 -1.8108 -0.0400
-0.9497 -1.8343 -0.0400
-0.9781 -1.8581 -0.0400
-3.1420 -1.0935 -0.0400
-3.2124 -1.1460 -0.0400
-3.3069 -2.5210 -0.0400
-3.2270 -2.5911 -0.0400
-3.2192 -2.6608 -0.0400
-3.2333 -2.7313 -0.0400
-0.7369 -2.8782 -0.0400
-0.7040 -2.8979 -0.0400
-0.6721 -2.9168 -0.0400
-0.6601 -2.9404 -0.0400
-0.6514 -2.9649 -0.0400
-0.6460 -2.9903 -0.0400
-0.6562 -3.0212 -0.0400
-0.6673 -3.0531 -0.0400
-0.7050 -3.0960 -0.0400
-4.2692 -4.7615 -0.0400
-2.1569 -4.0806 -0.0400
-2.1207 -4.1267 -0.0400
-2.2398 -7.7286 -0.0400
0.8928 -3.5756 -0.0400
0.9096 -3.5634 -0.0400
0.9260 -3.5514 -0.0400
0.9437 -3.5479 -0.0400
0.9627 -3.5518 -0.0400
0.9824 -3.5574 -0.0400
1.0042 -3.5705 -0.0400
1.8270 -6.7775 -0.0400
4.0330 -5.9292 -0.0400
5.1630 -5.7343 -0.0400
5.1959 -5.6412 -0.0400
5.2886 -5.5893 -0.0400
1.9438 -2.0079 -0.0400
1.9201 -1.9939 -0.0400
1.9006 -1.9784 -0.0400
1.8848 -1.9614 -0.0400
1.8712 -1.9435 -0.0400
1.8602 -1.9242 -0.0400
1.8564 -1.9008 -0.0400
1.8533 -1.8766 -0.0400
1.8541 -1.8495 -0.0400
1.8616 -1.8174 -0.0400
1.8961 -1.7659 -0.0400
2.3823 0.2022 -0.0400
2.3149 0.1966 -0.0400
2.2665 0.2232 -0.0400
2.2359 0.2837 -0.0400
2.2191 0.3747 -0.0400
1.9606 3.3312 -0.0400
0.2224 3.0399 -0.0400
0.1234 3.0420 -0.0400
0.0176 3.0923 -0.0400
-0.5945 2.3308 -0.0400
-0.6702 2.2747 -0.0400
-0.7558 2.2536 -0.0400
-0.8567 2.2779 -0.0400
-2.6210 1.1342 -0.0400
-2.5688 0.9524 -0.0400
-2.6394 0.9038 -0.0400
-0.8851 -1.3331 -0.0400
-0.8807 -1.3799 -0.0400
-0.8886 -1.4172 -0.0400
-0.8347 -1.4945 -0.0400
-0.8265 -1.5392 -0.0400
-0.8275 -1.5770 -0.0400
-0.8328 -1.6115 -0.0400
-0.8500 -1.6388 -0.0400
-0.8694 -1.6650 -0.0400
-0.8953 -1.6880 -0.0400
-0.8951 -1.7244 -0.0400
-0.9014 -1.7571 -0.0400
-0.9121 -1.7875 -0.0400
-0.9313 -1.8141 -0.0400
-0.9552 -1.8391 -0.0400
-1.0316 -1.8440 -0.0400
-3.1432 -1.0960 -0.0400
-3.2537 -2.5217 -0.0400
-3.2178 -2.5914 -0.0400
-3.2257 -2.6612 -0.0400
-3.2469 -2.7320 -0.0400
-0.7182 -2.8762 -0.0400
-0.6934 -2.8974 -0.0400
-0.6679 -2.9177 -0.0400
-0.6577 -2.9416 -0.0400
-0.6503 -2.9662 -0.0400
-0.6530 -2.9940 -0.0400
-0.6572 -3.0228 -0.0400
-0.6690 -3.0548 -0.0400
-0.7136 -3.1000 -0.0400
-4.2683 -4.7548 -0.0400
-2.1936 -4.0310 -0.0400
-2.1457 -4.0711 -0.0400
-2.2496 -7.7194 -0.0400
0.8841 -3.5933 -0.0400
0.8988 -3.5650 -0.0400
0.9157 -3.5562 -0.0400
0.9327 -3.5492 -0.0400
0.9505 -3.5473 -0.0400
0.9704 -3.5548 -0.0400
0.9909 -3.5631 -0.0400
1.8113 -6.7825 -0.0400
5.1812 -5.7706 -0.0400
5.1857 -5.6567 -0.0400
6.2169 -0.6500 -0.0400
1.9875 -2.0196 -0.0400
1.9521 -2.0097 -0.0400
1.9271 -1.9959 -0.0400
1.9063 -1.9807 -0.0400
1.8855 -1.9660 -0.0400
1.8734 -1.9470 -0.0400
1.8639 -1.9267 -0.0400
1.8567 -1.9050 -0.0400
1.8520 -1.8816 -0.0400
1.8507 -1.8558 -0.0400
1.8827 -1.8076 -0.0400
2.3820 0.1991 -0.0400
2.3117 0.1888 -0.0400
2.2702 0.2279 -0.0400
2.2479 0.3047 -0.0400
2.2238 0.3823 -0.0400
0.3156 3.1063 -0.0400
0.2227 3.0337 -0.0400
0.1215 3.0557 -0.0400
0.0117 3.1346 -0.0400
-0.6076 2.3706 -0.0400
-0.6717 2.2721 -0.0400
-0.7619 2.2655 -0.0400
-2.5582 1.1902 -0.0400
-2.5643 1.0674 -0.0400
-2.5799 0.9592 -0.0400
-2.6323 0.8917 -0.0400
-0.8625 -1.3590 -0.0400
-0.8740 -1.3938 -0.0400
-0.8718 -1.4376 -0.0400
-0.8295 -1.5068 -0.0400
-0.8249 -1.5490 -0.0400
-0.8220 -1.5890 -0.0400
-0.8358 -1.6183 -0.0400
-0.8555 -1.6441 -0.0400
-0.8781 -1.6685 -0.0400
-0.8881 -1.6998 -0.0400
-0.8923 -1.7337 -0.0400
-0.9006 -1.7653 -0.0400
-0.9148 -1.7939 -0.0400
-0.9443 -1.8160 -0.0400
-0.9775 -1.8372 -0.0400
-3.1199 -1.0304 -0.0400
-3.1563 -1.0944 -0.0400
-3.2393 -2.5228 -0.0400
-3.2152 -2.5923 -0.0400
-3.2257 -2.6620 -0.0400
-3.2920 -2.7346 -0.0400
-0.7606 -2.8609 -0.0400
-0.7004 -2.8750 -0.0400
-0.6822 -2.8974 -0.0400
-0.6682 -2.9203 -0.0400
-0.6555 -2.9433 -0.0400
-0.6499 -2.9683 -0.0400
-0.6557 -2.9969 -0.0400
-0.6617 -3.0261 -0.0400
-0.6762 -3.0590 -0.0400
-4.2691 -4.7495 -0.0400
-2.1978 -4.0304 -0.0400
-2.1460 -4.0684 -0.0400
-2.1403 -4.1305 -0.0400
-2.2613 -7.7145 -0.0400
-1.1394 -7.1732 -0.0400
0.8892 -3.5727 -0.0400
0.9050 -3.5570 -0.0400
0.9221 -3.5513 -0.0400
0.9397 -3.5485 -0.0400
0.9579 -3.5485 -0.0400
0.9791 -3.5613 -0.0400
1.0018 -3.5774 -0.0400
5.0786 -5.8290 -0.0400
5.1309 -5.7495 -0.0400
6.2473 -0.7559 -0.0400
2.0078 -2.0410 -0.0400
1.9704 -2.0310 -0.0400
1.9448 -2.0169 -0.0400
1.9160 -2.0049 -0.0400
1.9018 -1.9866 -0.0400
1.8896 -1.9675 -0.0400
1.8795 -1.9473 -0.0400
1.8771 -1.9228 -0.0400
1.8750 -1.8978 -0.0400
1.8769 -1.8698 -0.0400
1.8864 -1.8365 -0.0400
2.4864 0.1517 -0.0400
2.4152 0.1439 -0.0400
2.3629 0.1646 -0.0400
2.3224 0.2053 -0.0400
2.3152 0.3079 -0.0400
2.3116 0.4237 -0.0400
0.4176 3.0662 -0.0400
0.3202 3.0467 -0.0400
0.2203 3.0597 -0.0400
-0.4449 2.4538 -0.0400
-0.5090 2.3407 -0.0400
-0.5909 2.3052 -0.0400
-0.6891 2.3266 -0.0400
-2.4453 1.1891 -0.0400
-2.5011 1.1222 -0.0400
-2.5077 1.0022 -0.0400
-0.8423 -1.2919 -0.0400
-0.8430 -1.3361 -0.0400
-0.8555 -1.3703 -0.0400
-0.8342 -1.4284 -0.0400
-0.7876 -1.5017 -0.0400
-0.7939 -1.5365 -0.0400
-0.8058 -1.5672 -0.0400
-0.8221 -1.5949 -0.0400
-0.8424 -1.6202 -0.0400
-0.8699 -1.6416 -0.0400
-0.8687 -1.6792 -0.0400
-0.8756 -1.7118 -0.0400
-0.8879 -1.7413 -0.0400
-0.9137 -1.7644 -0.0400
-0.9450 -1.7854 -0.0400
-0.9951 -1.7990 -0.0400
-3.0967 -0.9638 -0.0400
-3.1633 -1.0157 -0.0400
-3.3146 -2.3810 -0.0400
-3.2170 -2.4545 -0.0400
-3.2123 -2.5239 -0.0400
-3.2357 -2.5933 -0.0400
-0.7452 -2.8329 -0.0400
-0.6988 -2.8505 -0.0400
-0.6756 -2.8717 -0.0400
-0.6656 -2.8954 -0.0400
-0.6587 -2.9198 -0.0400
-0.6558 -2.9453 -0.0400
-0.6557 -2.9718 -0.0400
-0.6769 -3.0053 -0.0400
-0.7028 -3.0415 -0.0400
-2.2199 -3.9757 -0.0400
-2.1845 -4.0223 -0.0400
-2.3602 -7.6605 -0.0400
-1.2070 -7.0892 -0.0400
-1.0450 -6.9215 -0.0400
-0.9652 -6.9440 -0.0400
-0.8944 -6.9904 -0.0400
0.9147 -3.5492 -0.0400
0.9330 -3.5512 -0.0400
0.9517 -3.5539 -0.0400
0.9756 -3.5782 -0.0400
2.6066 -4.9494 -0.0400
2.5968 -4.8526 -0.0400
5.1051 -5.8726 -0.0400
5.1145 -5.7607 -0.0400
2.0118 -2.0462 -0.0400
1.9747 -2.0358 -0.0400
1.9380 -2.0264 -0.0400
1.9203 -2.0092 -0.0400
1.9057 -1.9908 -0.0400
1.8930 -1.9717 -0.0400
1.8846 -1.9504 -0.0400
1.8785 -1.9277 -0.0400
1.8750 -1.9033 -0.0400
1.8749 -1.8764 -0.0400
1.9153 -1.8237 -0.0400
2.5112 0.1851 -0.0400
2.4204 0.1476 -0.0400
2.3656 0.1648 -0.0400
2.3525 0.2536 -0.0400
2.3324 0.3350 -0.0400
2.3141 0.4242 -0.0400
0.4188 3.0546 -0.0400
0.3202 3.0529 -0.0400
0.2130 3.1429 -0.0400
-0.4387 2.4216 -0.0400
-0.5052 2.3196 -0.0400
-0.5922 2.3035 -0.0400
-2.4439 1.3180 -0.0400
-2.4612 1.2027 -0.0400
-2.4998 1.1157 -0.0400
-2.5104 1.0001 -0.0400
-0.8261 -1.3146 -0.0400
-0.8391 -1.3487 -0.0400
-0.8159 -1.4093 -0.0400
-0.7927 -1.4676 -0.0400
-0.7902 -1.5093 -0.0400
-0.7974 -1.5434 -0.0400
-0.8094 -1.5740 -0.0400
-0.8306 -1.5986 -0.0400
-0.8596 -1.6189 -0.0400
-0.8678 -1.6515 -0.0400
-0.8692 -1.6875 -0.0400
-0.8768 -1.7196 -0.0400
-0.8968 -1.7452 -0.0400
-0.9233 -1.7679 -0.0400
-0.9605 -1.7863 -0.0400
-3.0960 -0.8888 -0.0400
-3.1064 -0.9637 -0.0400
-3.2655 -2.3850 -0.0400
-3.2169 -2.4564 -0.0400
-3.2126 -2.5256 -0.0400
-3.2396 -2.5949 -0.0400
-0.7557 -2.8119 -0.0400
-0.7234 -2.8328 -0.0400
-0.6903 -2.8526 -0.0400
-0.6716 -2.8745 -0.0400
-0.6630 -2.8984 -0.0400
-0.6574 -2.9229 -0.0400
-0.6613 -2.9501 -0.0400
-0.6647 -2.9776 -0.0400
-0.7002 -3.0156 -0.0400
-4.3690 -4.5756 -0.0400
-2.1929 -3.9614 -0.0400
-2.1874 -4.0221 -0.0400
-2.3642 -7.6452 -0.0400
-1.1503 -6.9295 -0.0400
-1.0540 -6.9141 -0.0400
-0.9765 -6.9419 -0.0400
-0.9093 -6.9974 -0.0400
0.9616 -3.5643 -0.0400
2.6040 -4.8856 -0.0400
2.5836 -4.7797 -0.0400
2.6174 -4.7415 -0.0400
2.6665 -4.7208 -0.0400
1.9414 -2.0319 -0.0400
1.9240 -2.0143 -0.0400
1.9095 -1.9957 -0.0400
1.8962 -1.9766 -0.0400
1.8876 -1.9553 -0.0400
1.8808 -1.9327 -0.0400
1.8764 -1.9086 -0.0400
1.8908 -1.8730 -0.0400
1.9053 -1.8359 -0.0400
2.4764 0.1254 -0.0400
2.4174 0.1372 -0.0400
2.3721 0.1701 -0.0400
2.3456 0.2362 -0.0400
2.3333 0.3312 -0.0400
2.3057 0.4030 -0.0400
0.5160 3.1188 -0.0400
0.4197 3.0540 -0.0400
0.3208 3.0545 -0.0400
0.2150 3.1298 -0.0400
-0.4299 2.3795 -0.0400
-0.5065 2.3194 -0.0400
-0.5955 2.3103 -0.0400
-2.4316 1.2982 -0.0400
-2.4379 1.1703 -0.0400
-2.4528 1.0572 -0.0400
-2.5250 1.0111 -0.0400
-0.8316 -1.2745 -0.0400
-0.8313 -1.3202 -0.0400
-0.8439 -1.3547 -0.0400
-0.8212 -1.4150 -0.0400
-0.7754 -1.4896 -0.0400
-0.7835 -1.5235 -0.0400
-0.7959 -1.5538 -0.0400
-0.8143 -1.5801 -0.0400
-0.8354 -1.6048 -0.0400
-0.8653 -1.6245 -0.0400
-0.8685 -1.6600 -0.0400
-0.8652 -1.6985 -0.0400
-0.8806 -1.7263 -0.0400
-0.9022 -1.7510 -0.0400
-0.9324 -1.7719 -0.0400
-0.9799 -1.7855 -0.0400
-3.0682 -0.9053 -0.0400
-3.1172 -0.9634 -0.0400
-3.2263 -2.3891 -0.0400
-3.2091 -2.4589 -0.0400
-3.2163 -2.5277 -0.0400
-3.2625 -2.5970 -0.0400
-0.7404 -2.8139 -0.0400
-0.7024 -2.8334 -0.0400
-0.6803 -2.8549 -0.0400
-0.6672 -2.8777 -0.0400
-0.6603 -2.9018 -0.0400
-0.6576 -2.9269 -0.0400
-0.6633 -2.9544 -0.0400
-0.6675 -2.9820 -0.0400
-0.7064 -3.0209 -0.0400
-4.3378 -4.5596 -0.0400
-2.2643 -3.9309 -0.0400
-2.1925 -3.9604 -0.0400
-2.2282 -4.0413 -0.0400
-2.3742 -7.6406 -0.0400
-1.3190 -7.0743 -0.0400
-1.1664 -6.9401 -0.0400
-1.0653 -6.9137 -0.0400
-0.9869 -6.9388 -0.0400
2.5772 -4.8762 -0.0400
2.5826 -4.8018 -0.0400
2.6066 -4.7519 -0.0400
2.6459 -4.7203 -0.0400
1.9000 -1.9819 -0.0400
1.8912 -1.9604 -0.0400
1.8842 -1.9378 -0.0400
1.8892 -1.9081 -0.0400
1.8916 -1.8792 -0.0400
1.9027 -1.8442 -0.0400
2.4912 0.1413 -0.0400
2.4236 0.1403 -0.0400
2.3877 0.1895 -0.0400
2.3839 0.2959 -0.0400
2.3511 0.3566 -0.0400
0.5183 3.0980 -0.0400
0.4212 3.0518 -0.0400
0.3204 3.0781 -0.0400
-0.4235 2.3488 -0.0400
-0.5074 2.3190 -0.0400
-0.6029 2.3339 -0.0400
-2.4327 1.2948 -0.0400
-2.4411 1.1693 -0.0400
-2.4591 1.0594 -0.0400
-0.8155 -1.2516 -0.0400
-0.8146 -1.2987 -0.0400
-0.8273 -1.3333 -0.0400
-0.8079 -1.3924 -0.0400
-0.7827 -1.4536 -0.0400
-0.7801 -1.4960 -0.0400
-0.7880 -1.5300 -0.0400
-0.8003 -1.5604 -0.0400
-0.8230 -1.5840 -0.0400
-0.8532 -1.6030 -0.0400
-0.8548 -1.6398 -0.0400
-0.8587 -1.6746 -0.0400
-0.8689 -1.7053 -0.0400
-0.8850 -1.7327 -0.0400
-0.9079 -1.7568 -0.0400
-0.9821 -1.7564 -0.0400
-3.0623 -0.8327 -0.0400
-3.0701 -0.9089 -0.0400
-3.1222 -0.9657 -0.0400
-3.2791 -2.3190 -0.0400
-3.2130 -2.3924 -0.0400
-3.2086 -2.4615 -0.0400
-3.2327 -2.5300 -0.0400
-0.7743 -2.7976 -0.0400
-0.7184 -2.8152 -0.0400
-0.6922 -2.8364 -0.0400
-0.6753 -2.8587 -0.0400
-0.6645 -2.8818 -0.0400
-0.6595 -2.9062 -0.0400
-0.6606 -2.9321 -0.0400
-0.6705 -2.9606 -0.0400
-0.6768 -2.9888 -0.0400
-4.3730 -4.5703 -0.0400
-2.2373 -3.9185 -0.0400
-2.1919 -3.9599 -0.0400
-2.4760 -7.5880 -0.0400
-1.2187 -7.0351 -0.0400
-1.0786 -6.9194 -0.0400
-1.0059 -6.9591 -0.0400
2.5820 -4.9061 -0.0400
2.5620 -4.8003 -0.0400
2.5940 -4.7601 -0.0400
2.6397 -4.7357 -0.0400
2.7128 -4.7405 -0.0400
1.8798 -1.8962 -0.0400
1.8812 -1.8673 -0.0400
1.8904 -1.8328 -0.0400
2.4316 0.1425 -0.0400
2.3760 0.1597 -0.0400
2.3342 0.1997 -0.0400
2.3343 0.3158 -0.0400
2.2950 0.3659 -0.0400
0.4231 3.0619 -0.0400
0.3250 3.0447 -0.0400
0.2228 3.0789 -0.0400
-0.4355 2.3983 -0.0400
-0.5082 2.3197 -0.0400
-0.5965 2.3070 -0.0400
-2.5019 1.2355 -0.0400
-2.4627 1.0572 -0.0400
-2.5205 0.9950 -0.0400
-0.8458 -1.2859 -0.0400
-0.8434 -1.3335 -0.0400
-0.8553 -1.3687 -0.0400
-0.7894 -1.4617 -0.0400
-0.7866 -1.5043 -0.0400
-0.7941 -1.5386 -0.0400
-0.8063 -1.5691 -0.0400
-0.8247 -1.5955 -0.0400
-0.8460 -1.6200 -0.0400
-0.8759 -1.6395 -0.0400
-0.8763 -1.6766 -0.0400
-0.8743 -1.7144 -0.0400
-0.8908 -1.7416 -0.0400
-0.9142 -1.7653 -0.0400
-0.9479 -1.7844 -0.0400
-1.0087 -1.7918 -0.0400
-3.1029 -0.9006 -0.0400
-3.1026 -0.9800 -0.0400
-3.2712 -2.3936 -0.0400
-3.2140 -2.4653 -0.0400
-3.2131 -2.5341 -0.0400
-3.2531 -2.6029 -0.0400
-0.7464 -2.8271 -0.0400
-0.7062 -2.8462 -0.0400
-0.6782 -2.8663 -0.0400
-0.6663 -2.8892 -0.0400
-0.6588 -2.9128 -0.0400
-0.6559 -2.9375 -0.0400
-0.6582 -2.9637 -0.0400
-0.6685 -2.9926 -0.0400
-0.6976 -3.0280 -0.0400
-4.3766 -4.5684 -0.0400
-2.1947 -3.9618 -0.0400
-2.1722 -4.0134 -0.0400
-1.2390 -7.0501 -0.0400
-1.0976 -6.9323 -0.0400
-1.0088 -6.9318 -0.0400
-0.9391 -6.9785 -0.0400
2.5953 -4.9544 -0.0400
2.5882 -4.8627 -0.0400
2.5940 -4.7902 -0.0400
2.6183 -4.7412 -0.0400
2.6568 -4.7088 -0.0400
2.4783 0.1046 -0.0400
2.4312 0.1358 -0.0400
2.4038 0.1996 -0.0400
2.3958 0.2997 -0.0400
2.3725 0.3781 -0.0400
0.6210 3.1914 -0.0400
0.5239 3.0624 -0.0400
0.4249 3.0578 -0.0400
0.3194 3.1492 -0.0400
-0.3466 2.4119 -0.0400
-0.4225 2.3420 -0.0400
-0.5109 2.3302 -0.0400
-2.3856 1.3678 -0.0400
-2.3774 1.2178 -0.0400
-2.3979 1.1087 -0.0400
-2.4600 1.0510 -0.0400
-0.8015 -1.2367 -0.0400
-0.8018 -1.2836 -0.0400
-0.8150 -1.3183 -0.0400
-0.7988 -1.3761 -0.0400
-0.7726 -1.4397 -0.0400
-0.7706 -1.4824 -0.0400
-0.7787 -1.5166 -0.0400
-0.7918 -1.5467 -0.0400
-0.8137 -1.5706 -0.0400
-0.8441 -1.5891 -0.0400
-0.8462 -1.6260 -0.0400
-0.8504 -1.6609 -0.0400
-0.8612 -1.6915 -0.0400
-0.8780 -1.7184 -0.0400
-0.9019 -1.7417 -0.0400
-0.9836 -1.7359 -0.0400
-3.0627 -0.7610 -0.0400
-3.0457 -0.8498 -0.0400
-3.0892 -0.9098 -0.0400
-3.2709 -2.2559 -0.0400
-3.2246 -2.3291 -0.0400
-3.2093 -2.3990 -0.0400
-3.2237 -2.4672 -0.0400
-3.2597 -2.5355 -0.0400
-0.7542 -2.7800 -0.0400
-0.7249 -2.8019 -0.0400
-0.6946 -2.8227 -0.0400
-0.6770 -2.8448 -0.0400
-0.6662 -2.8678 -0.0400
-0.6607 -2.8917 -0.0400
-0.6633 -2.9175 -0.0400
-0.6698 -2.9446 -0.0400
-0.6854 -2.9746 -0.0400
-4.3716 -4.4635 -0.0400
-2.2817 -3.8775 -0.0400
-2.2122 -3.9087 -0.0400
-2.1952 -3.9627 -0.0400
-2.4862 -7.5696 -0.0400
-1.3360 -7.0431 -0.0400
-1.1852 -6.9126 -0.0400
-1.0885 -6.8952 -0.0400
-1.0381 -6.9890 -0.0400
0.3747 -5.0854 -0.0400
0.4192 -5.0829 -0.0400
0.4625 -5.0897 -0.0400
2.5448 -4.9066 -0.0400
2.5551 -4.8378 -0.0400
2.5712 -4.7785 -0.0400
2.6179 -4.7555 -0.0400
2.6912 -4.7609 -0.0400
5.1039 -6.0911 -0.0400
5.0136 -5.8980 -0.0400
5.0904 -5.8367 -0.0400
2.5220 0.1574 -0.0400
2.4395 0.1355 -0.0400
2.3859 0.1567 -0.0400
2.3469 0.2024 -0.0400
2.3601 0.3422 -0.0400
0.4287 3.0563 -0.0400
0.3295 3.0525 -0.0400
-0.4271 2.3646 -0.0400
-0.5076 2.3185 -0.0400
-0.6041 2.3361 -0.0400
-2.3936 1.2325 -0.0400
-2.4431 1.1570 -0.0400
-2.4585 1.0436 -0.0400
-2.5304 0.9971 -0.0400
-0.8271 -1.2747 -0.0400
-0.8294 -1.3193 -0.0400
-0.8428 -1.3535 -0.0400
-0.7768 -1.4495 -0.0400
-0.7755 -1.4918 -0.0400
-0.7843 -1.5255 -0.0400
-0.7971 -1.5559 -0.0400
-0.8157 -1.5819 -0.0400
-0.8371 -1.6063 -0.0400
-0.8670 -1.6255 -0.0400
-0.8559 -1.6700 -0.0400
-0.8665 -1.7007 -0.0400
-0.8832 -1.7277 -0.0400
-0.9069 -1.7510 -0.0400
-0.9410 -1.7695 -0.0400
-1.0023 -1.7754 -0.0400
-3.1071 -0.8276 -0.0400
-3.0814 -0.9197 -0.0400
-3.2149 -2.4036 -0.0400
-3.2104 -2.4724 -0.0400
-3.2549 -2.5402 -0.0400
-0.7417 -2.8127 -0.0400
-0.7000 -2.8320 -0.0400
-0.6786 -2.8534 -0.0400
-0.6665 -2.8760 -0.0400
-0.6604 -2.8997 -0.0400
-0.6574 -2.9240 -0.0400
-0.6598 -2.9498 -0.0400
-0.6690 -2.9777 -0.0400
-0.6899 -3.0096 -0.0400
-4.3358 -4.5493 -0.0400
-2.2342 -3.9208 -0.0400
-2.1906 -3.9626 -0.0400
-2.1899 -4.0244 -0.0400
-2.4085 -7.6192 -0.0400
-1.2480 -7.0280 -0.0400
-1.1078 -6.9125 -0.0400
-1.0254 -6.9266 -0.0400
-0.9618 -6.9883 -0.0400
0.3608 -5.1107 -0.0400
0.4075 -5.0918 -0.0400
0.4518 -5.0889 -0.0400
0.4949 -5.0965 -0.0400
0.5381 -5.1062 -0.0400
0.5801 -5.1430 -0.0400
2.5730 -4.8899 -0.0400
2.5631 -4.7986 -0.0400
2.5944 -4.7580 -0.0400
2.6371 -4.7305 -0.0400
2.6950 -4.7186 -0.0400
5.0765 -5.8577 -0.0400
5.1142 -5.7674 -0.0400
2.5481 0.0853 -0.0400
2.4883 0.0987 -0.0400
2.4433 0.1341 -0.0400
2.4209 0.2067 -0.0400
2.4084 0.2998 -0.0400
2.3973 0.4006 -0.0400
0.6289 3.1164 -0.0400
0.5301 3.0641 -0.0400
0.4294 3.0885 -0.0400
-0.2656 2.4755 -0.0400
-0.3397 2.3865 -0.0400
-0.4218 2.3442 -0.0400
-0.5241 2.3880 -0.0400
-2.3193 1.4191 -0.0400
-2.3699 1.3404 -0.0400
-2.3471 1.1722 -0.0400
-2.3937 1.0952 -0.0400
-0.8010 -1.2570 -0.0400
-0.8012 -1.3039 -0.0400
-0.7682 -1.3773 -0.0400
-0.7561 -1.4306 -0.0400
-0.7570 -1.4716 -0.0400
-0.7679 -1.5040 -0.0400
-0.7824 -1.5333 -0.0400
-0.8050 -1.5567 -0.0400
-0.8352 -1.5751 -0.0400
-0.8370 -1.6126 -0.0400
-0.8421 -1.6474 -0.0400
-0.8532 -1.6778 -0.0400
-0.8703 -1.7046 -0.0400
-0.9127 -1.7173 -0.0400
-0.9726 -1.7219 -0.0400
-3.0269 -0.7066 -0.0400
-3.0289 -0.7873 -0.0400
-3.0510 -0.8572 -0.0400
-3.2182 -2.2682 -0.0400
-3.2037 -2.3382 -0.0400
-3.2091 -2.4065 -0.0400
-3.2341 -2.4742 -0.0400
-0.7536 -2.7673 -0.0400
-0.7214 -2.7891 -0.0400
-0.6898 -2.8099 -0.0400
-0.6737 -2.8322 -0.0400
-0.6668 -2.8557 -0.0400
-0.6627 -2.8796 -0.0400
-0.6654 -2.9050 -0.0400
-0.6764 -2.9326 -0.0400
-0.6828 -2.9596 -0.0400
-0.7334 -2.9990 -0.0400
-4.4279 -4.3808 -0.0400
-4.3718 -4.4613 -0.0400
-2.2474 -3.8668 -0.0400
-2.2109 -3.9119 -0.0400
-2.4972 -7.5568 -0.0400
-1.3404 -7.0143 -0.0400
-1.1951 -6.8956 -0.0400
-1.1091 -6.9024 -0.0400
-1.0655 -7.0124 -0.0400
0.3122 -5.1050 -0.0400
0.3597 -5.0828 -0.0400
0.4040 -5.0798 -0.0400
0.4470 -5.0868 -0.0400
0.4895 -5.0996 -0.0400
0.5301 -5.1465 -0.0400
2.5223 -4.9242 -0.0400
2.5163 -4.8357 -0.0400
2.5480 -4.7953 -0.0400
2.5896 -4.7670 -0.0400
5.0682 -6.1112 -0.0400
4.9886 -5.9260 -0.0400
5.0667 -5.8659 -0.0400
2.5646 0.0974 -0.0400
2.4968 0.0995 -0.0400
2.4461 0.1264 -0.0400
2.4594 0.2575 -0.0400
2.4279 0.3206 -0.0400
0.6333 3.0923 -0.0400
0.5340 3.0646 -0.0400
0.4311 3.1341 -0.0400
-0.2552 2.4296 -0.0400
-0.3353 2.3721 -0.0400
-0.4234 2.3571 -0.0400
-2.3010 1.3915 -0.0400
-2.3180 1.2701 -0.0400
-2.3307 1.1482 -0.0400
-2.4033 1.1031 -0.0400
-0.8011 -1.2180 -0.0400
-0.7864 -1.2799 -0.0400
-0.8052 -1.3100 -0.0400
-0.7606 -1.3935 -0.0400
-0.7548 -1.4413 -0.0400
-0.7514 -1.4857 -0.0400
-0.7662 -1.5149 -0.0400
-0.7873 -1.5393 -0.0400
-0.8108 -1.5620 -0.0400
-0.8407 -1.5807 -0.0400
-0.8285 -1.6275 -0.0400
-0.8407 -1.6575 -0.0400
-0.8584 -1.6839 -0.0400
-0.8827 -1.7065 -0.0400
-0.9169 -1.7240 -0.0400
-0.9756 -1.7292 -0.0400
-3.0168 -0.7168 -0.0400
-3.0183 -0.7974 -0.0400
-3.0820 -0.8475 -0.0400
-3.2543 -2.1994 -0.0400
-3.2114 -2.2730 -0.0400
-3.2022 -2.3425 -0.0400
-3.2137 -2.4104 -0.0400
-0.7384 -2.7728 -0.0400
-0.6961 -2.7931 -0.0400
-0.6830 -2.8160 -0.0400
-0.6696 -2.8386 -0.0400
-0.6644 -2.8622 -0.0400
-0.6639 -2.8867 -0.0400
-0.6723 -2.9132 -0.0400
-0.6777 -2.9395 -0.0400
-0.7126 -2.9735 -0.0400
-4.4343 -4.3826 -0.0400
-4.3748 -4.4620 -0.0400
-2.2818 -3.8231 -0.0400
-2.2303 -3.8622 -0.0400
-2.2212 -3.9190 -0.0400
-2.5900 -7.4977 -0.0400
-1.3165 -6.9459 -0.0400
-1.1879 -6.8619 -0.0400
-1.1104 -6.8869 -0.0400
-1.0525 -6.9600 -0.0400
0.3040 -5.1147 -0.0400
0.3526 -5.0853 -0.0400
0.3970 -5.0803 -0.0400
0.4400 -5.0854 -0.0400
0.4825 -5.0965 -0.0400
0.5230 -5.1394 -0.0400
2.5053 -4.9252 -0.0400
2.5193 -4.8612 -0.0400
2.5365 -4.8034 -0.0400
2.5788 -4.7759 -0.0400
5.1074 -6.1667 -0.0400
4.9802 -5.9430 -0.0400
5.0391 -5.8686 -0.0400
2.5538 0.0685 -0.0400
2.4998 0.0910 -0.0400
2.4595 0.1344 -0.0400
2.4632 0.2502 -0.0400
2.4251 0.3024 -0.0400
0.7390 3.1836 -0.0400
0.6380 3.0846 -0.0400
0.5384 3.0655 -0.0400
-0.2525 2.4265 -0.0400
-0.3332 2.3713 -0.0400
-0.4242 2.3685 -0.0400
-2.2998 1.3873 -0.0400
-2.3024 1.2470 -0.0400
-2.3317 1.1463 -0.0400
-0.7716 -1.2552 -0.0400
-0.7879 -1.2879 -0.0400
-0.7710 -1.3495 -0.0400
-0.7516 -1.4107 -0.0400
-0.7399 -1.4630 -0.0400
-0.7539 -1.4933 -0.0400
-0.7708 -1.5209 -0.0400
-0.7924 -1.5449 -0.0400
-0.8265 -1.5602 -0.0400
-0.8235 -1.6017 -0.0400
-0.8315 -1.6348 -0.0400
-0.8448 -1.6642 -0.0400
-0.8631 -1.6902 -0.0400
-0.9062 -1.7019 -0.0400
-0.9658 -1.7055 -0.0400
-2.9806 -0.6583 -0.0400
-3.0256 -0.7172 -0.0400
-3.0215 -0.8008 -0.0400
-3.0708 -0.8577 -0.0400
-3.2514 -2.2041 -0.0400
-3.2098 -2.2776 -0.0400
-3.2021 -2.3469 -0.0400
-3.2559 -2.4123 -0.0400
-0.7379 -2.7550 -0.0400
-0.7103 -2.7774 -0.0400
-0.6828 -2.7989 -0.0400
-0.6738 -2.8221 -0.0400
-0.6672 -2.8455 -0.0400
-0.6650 -2.8695 -0.0400
-0.6653 -2.8941 -0.0400
-0.6786 -2.9215 -0.0400
-0.6885 -2.9489 -0.0400
-4.3962 -4.3696 -0.0400
-2.2800 -3.8256 -0.0400
-2.2274 -3.8642 -0.0400
-2.2283 -3.9252 -0.0400
-2.6019 -7.5037 -0.0400
-2.5091 -7.5498 -0.0400
-1.2760 -6.8440 -0.0400
-1.1887 -6.8477 -0.0400
-1.1229 -6.8994 -0.0400
0.2486 -5.1412 -0.0400
0.3025 -5.0853 -0.0400
0.3480 -5.0733 -0.0400
0.3910 -5.0766 -0.0400
0.4334 -5.0850 -0.0400
0.4761 -5.0917 -0.0400
2.5022 -4.9433 -0.0400
2.4985 -4.8574 -0.0400
2.5272 -4.8136 -0.0400
2.5701 -4.7869 -0.0400
2.6268 -4.7751 -0.0400
4.9641 -5.9539 -0.0400
5.0615 -5.9085 -0.0400
6.3493 -0.9968 -0.0400
2.5633 0.0682 -0.0400
2.5069 0.0877 -0.0400
2.4629 0.1256 -0.0400
2.4775 0.2591 -0.0400
2.4596 0.3460 -0.0400
0.7445 3.1903 -0.0400
0.6432 3.0851 -0.0400
0.5426 3.0963 -0.0400
-0.2440 2.3946 -0.0400
-0.3300 2.3672 -0.0400
-0.4218 2.3681 -0.0400
-2.2646 1.4872 -0.0400
-2.2593 1.3307 -0.0400
-2.2785 1.2136 -0.0400
-2.3309 1.1426 -0.0400
-0.7713 -1.2154 -0.0400
-0.7785 -1.2579 -0.0400
-0.7908 -1.2945 -0.0400
-0.7435 -1.3830 -0.0400
-0.7272 -1.4407 -0.0400
-0.7409 -1.4715 -0.0400
-0.7563 -1.5006 -0.0400
-0.7762 -1.5260 -0.0400
-0.8069 -1.5434 -0.0400
-0.8218 -1.5727 -0.0400
-0.8243 -1.6102 -0.0400
-0.8336 -1.6426 -0.0400
-0.8515 -1.6689 -0.0400
-0.8778 -1.6903 -0.0400
-0.9135 -1.7065 -0.0400
-2.9435 -0.6003 -0.0400
-2.9799 -0.6635 -0.0400
-2.9914 -0.7397 -0.0400
-3.0333 -0.7999 -0.0400
-3.2579 -2.2079 -0.0400
-3.1967 -2.2834 -0.0400
-3.2128 -2.3506 -0.0400
-3.2591 -2.4165 -0.0400
-0.7475 -2.7382 -0.0400
-0.7148 -2.7608 -0.0400
-0.6952 -2.7836 -0.0400
-0.6818 -2.8065 -0.0400
-0.6690 -2.8291 -0.0400
-0.6654 -2.8528 -0.0400
-0.6694 -2.8777 -0.0400
-0.6740 -2.9031 -0.0400
-0.6822 -2.9296 -0.0400
-0.7408 -2.9679 -0.0400
-4.4707 -4.2953 -0.0400
-4.3969 -4.3704 -0.0400
-2.3399 -3.7921 -0.0400
-2.2510 -3.8176 -0.0400
-2.2256 -3.8670 -0.0400
-2.5949 -7.4828 -0.0400
-1.4363 -6.9736 -0.0400
-1.2884 -6.8570 -0.0400
-1.1931 -6.8434 -0.0400
-1.1228 -6.8836 -0.0400
0.2951 -5.0972 -0.0400
0.3419 -5.0764 -0.0400
0.3845 -5.0820 -0.0400
0.4276 -5.0833 -0.0400
0.4686 -5.1066 -0.0400
0.8045 -3.6071 -0.0400
0.8182 -3.5822 -0.0400
0.8328 -3.5686 -0.0400
2.4923 -4.8708 -0.0400
2.5144 -4.8192 -0.0400
2.5550 -4.7902 -0.0400
2.6353 -4.8049 -0.0400
4.9117 -6.0566 -0.0400
4.9486 -5.9649 -0.0400
5.0341 -5.9109 -0.0400
6.3661 -1.1117 -0.0400
2.6184 0.0361 -0.0400
2.5616 0.0559 -0.0400
2.5373 0.1234 -0.0400
2.5321 0.2234 -0.0400
2.5027 0.2896 -0.0400
0.8481 3.0934 -0.0400
0.7472 3.0733 -0.0400
0.6468 3.1001 -0.0400
-0.1577 2.4354 -0.0400
-0.2423 2.3963 -0.0400
-0.3407 2.4297 -0.0400
-2.1607 1.4920 -0.0400
-2.1756 1.3614 -0.0400
-2.2174 1.2729 -0.0400
-2.2688 1.1995 -0.0400
-0.7623 -1.1271 -0.0400
-0.7324 -1.2100 -0.0400
-0.7496 -1.2427 -0.0400
-0.7048 -1.3338 -0.0400
-0.7051 -1.3789 -0.0400
-0.7121 -1.4168 -0.0400
-0.7205 -1.4526 -0.0400
-0.7394 -1.4789 -0.0400
-0.7669 -1.4983 -0.0400
-0.7964 -1.5165 -0.0400
-0.7970 -1.5568 -0.0400
-0.8055 -1.5903 -0.0400
-0.8171 -1.6212 -0.0400
-0.8397 -1.6445 -0.0400
-0.8680 -1.6644 -0.0400
-0.9071 -1.6782 -0.0400
-2.9091 -0.5390 -0.0400
-2.9872 -0.5787 -0.0400
-2.9596 -0.6777 -0.0400
-2.9977 -0.7396 -0.0400
-3.2578 -2.0706 -0.0400
-3.2002 -2.1484 -0.0400
-3.1898 -2.2186 -0.0400
-3.2046 -2.2858 -0.0400
-3.2491 -2.3509 -0.0400
-0.7262 -2.7174 -0.0400
-0.7021 -2.7406 -0.0400
-0.6872 -2.7638 -0.0400
-0.6726 -2.7866 -0.0400
-0.6692 -2.8102 -0.0400
-0.6684 -2.8342 -0.0400
-0.6703 -2.8587 -0.0400
-0.6895 -2.8863 -0.0400
-0.7069 -2.9144 -0.0400
-4.4827 -4.2006 -0.0400
-4.4260 -4.2816 -0.0400
-2.3104 -3.7241 -0.0400
-2.2690 -3.7680 -0.0400
-2.2606 -3.8241 -0.0400
-2.7723 -7.3731 -0.0400
-2.6790 -7.4186 -0.0400
-1.4687 -6.8444 -0.0400
-1.3451 -6.7800 -0.0400
-1.2681 -6.8056 -0.0400
-1.2096 -6.8712 -0.0400
0.2024 -5.1020 -0.0400
0.2533 -5.0657 -0.0400
0.2979 -5.0588 -0.0400
0.3398 -5.0667 -0.0400
0.3821 -5.0725 -0.0400
0.4235 -5.0870 -0.0400
0.7845 -3.6131 -0.0400
0.7978 -3.5828 -0.0400
0.8124 -3.5683 -0.0400
0.8266 -3.5548 -0.0400
0.8421 -3.5506 -0.0400
0.8579 -3.5481 -0.0400
2.5749 -4.8265 -0.0400
4.8334 -6.1306 -0.0400
4.8791 -6.0457 -0.0400
4.9643 -5.9924 -0.0400
6.3472 -1.0352 -0.0400
3.3594 -1.6344 -0.0400
2.0723 -2.1023 -0.0400
2.0091 -2.1007 -0.0400
2.6621 0.0758 -0.0400
2.5778 0.0583 -0.0400
2.5245 0.0831 -0.0400
2.4950 0.1444 -0.0400
2.4887 0.2451 -0.0400
2.4560 0.3073 -0.0400
0.7561 3.1072 -0.0400
0.6553 3.0721 -0.0400
0.5545 3.0877 -0.0400
-0.2394 2.4064 -0.0400
-0.3282 2.3904 -0.0400
-2.1964 1.3894 -0.0400
-2.2413 1.3035 -0.0400
-2.2644 1.1916 -0.0400
-0.7624 -1.1907 -0.0400
-0.7584 -1.2455 -0.0400
-0.7402 -1.3117 -0.0400
-0.7254 -1.3720 -0.0400
-0.7154 -1.4256 -0.0400
-0.7298 -1.4564 -0.0400
-0.7437 -1.4871 -0.0400
-0.7657 -1.5109 -0.0400
-0.7895 -1.5335 -0.0400
-0.8069 -1.5611 -0.0400
-0.8128 -1.5968 -0.0400
-0.8218 -1.6296 -0.0400
-0.8415 -1.6549 -0.0400
-0.8662 -1.6771 -0.0400
-0.8981 -1.6953 -0.0400
-2.9082 -0.5456 -0.0400
-2.9478 -0.6071 -0.0400
-3.0107 -0.6560 -0.0400
-2.9947 -0.7473 -0.0400
-3.1923 -2.2247 -0.0400
-3.2024 -2.2923 -0.0400
-3.2413 -2.3578 -0.0400
-0.7497 -2.7293 -0.0400
-0.7135 -2.7522 -0.0400
-0.6932 -2.7752 -0.0400
-0.6738 -2.7976 -0.0400
-0.6688 -2.8210 -0.0400
-0.6669 -2.8447 -0.0400
-0.6680 -2.8690 -0.0400
-0.6854 -2.8961 -0.0400
-0.7017 -2.9239 -0.0400
-0.7464 -2.9581 -0.0400
-4.4616 -4.2945 -0.0400
-2.2831 -3.7792 -0.0400
-2.2431 -3.8230 -0.0400
-2.6863 -7.4179 -0.0400
-2.6086 -7.4849 -0.0400
-1.4250 -6.9282 -0.0400
-1.2826 -6.8217 -0.0400
-1.2007 -6.8358 -0.0400
0.2874 -5.0868 -0.0400
0.3339 -5.0654 -0.0400
0.3753 -5.0765 -0.0400
0.4174 -5.0821 -0.0400
0.4571 -5.1146 -0.0400
0.8082 -3.5886 -0.0400
0.8208 -3.5636 -0.0400
0.8357 -3.5562 -0.0400
0.8509 -3.5515 -0.0400
0.8664 -3.5486 -0.0400
0.8835 -3.5529 -0.0400
0.9010 -3.5575 -0.0400
0.9202 -3.5671 -0.0400
4.9130 -6.1037 -0.0400
4.9247 -5.9917 -0.0400
5.0177 -5.9437 -0.0400
6.3202 -0.9614 -0.0400
3.3669 -1.5967 -0.0400
2.0517 -2.0990 -0.0400
2.0137 -2.0873 -0.0400
1.9762 -2.0766 -0.0400
1.9574 -2.0579 -0.0400
1.9378 -2.0400 -0.0400
2.4868 0.1086 -0.0400
2.4590 0.1740 -0.0400
2.4473 0.2690 -0.0400
0.7661 3.1371 -0.0400
0.6645 3.0747 -0.0400
0.5637 3.0752 -0.0400
0.4603 3.1434 -0.0400
-0.3187 2.3704 -0.0400
-0.4128 2.3790 -0.0400
-2.2527 1.4691 -0.0400
-2.2611 1.3302 -0.0400
-2.3089 1.2492 -0.0400
-2.3300 1.1364 -0.0400
-0.7735 -1.2411 -0.0400
-0.7818 -1.2827 -0.0400
-0.7385 -1.3708 -0.0400
-0.7398 -1.4149 -0.0400
-0.7369 -1.4613 -0.0400
-0.7487 -1.4940 -0.0400
-0.7684 -1.5199 -0.0400
-0.7943 -1.5410 -0.0400
-0.8223 -1.5607 -0.0400
-0.8174 -1.6046 -0.0400
-0.8286 -1.6361 -0.0400
-0.8438 -1.6645 -0.0400
-0.8671 -1.6877 -0.0400
-0.8951 -1.7082 -0.0400
-2.9217 -0.5433 -0.0400
-2.9423 -0.6160 -0.0400
-2.9872 -0.6746 -0.0400
-3.0238 -0.7380 -0.0400
-3.0376 -0.8130 -0.0400
-3.2291 -2.2269 -0.0400
-3.2030 -2.2987 -0.0400
-3.2062 -2.3669 -0.0400
-3.2369 -2.4334 -0.0400
-0.7354 -2.7647 -0.0400
-0.6885 -2.7860 -0.0400
-0.6766 -2.8090 -0.0400
-0.6692 -2.8321 -0.0400
-0.6653 -2.8556 -0.0400
-0.6644 -2.8794 -0.0400
-0.6781 -2.9058 -0.0400
-0.6912 -2.9327 -0.0400
-0.7185 -2.9631 -0.0400
-4.3997 -4.3753 -0.0400
-2.3311 -3.8036 -0.0400
-2.2620 -3.8369 -0.0400
-2.2321 -3.8844 -0.0400
-1.3560 -6.9641 -0.0400
-1.2055 -6.8334 -0.0400
-1.1393 -6.8814 -0.0400
-1.0944 -6.9826 -0.0400
0.2790 -5.1078 -0.0400
0.3268 -5.0787 -0.0400
0.3703 -5.0738 -0.0400
0.4118 -5.0824 -0.0400
0.4540 -5.0853 -0.0400
0.8169 -3.5789 -0.0400
0.8309 -3.5666 -0.0400
0.8454 -3.5582 -0.0400
0.8601 -3.5524 -0.0400
0.8758 -3.5510 -0.0400
0.8921 -3.5521 -0.0400
0.9094 -3.5562 -0.0400
0.9284 -3.5651 -0.0400
4.9231 -6.0201 -0.0400
4.9632 -5.9318 -0.0400
6.3558 -1.0716 -0.0400
3.3795 -1.6561 -0.0400
3.3339 -1.6199 -0.0400
2.0260 -2.1182 -0.0400
2.0003 -2.1016 -0.0400
1.9714 -2.0872 -0.0400
1.9560 -2.0669 -0.0400
1.9418 -2.0463 -0.0400
1.9315 -2.0237 -0.0400
1.9271 -1.9978 -0.0400
0.7706 3.0917 -0.0400
0.6695 3.0747 -0.0400
-0.1419 2.4263 -0.0400
-0.2278 2.3919 -0.0400
-0.3219 2.4022 -0.0400
-2.1690 1.5049 -0.0400
-2.1818 1.3692 -0.0400
-2.2078 1.2576 -0.0400
-2.2698 1.1977 -0.0400
-0.7329 -1.1847 -0.0400
-0.7398 -1.2293 -0.0400
-0.7341 -1.2852 -0.0400
-0.7152 -1.3515 -0.0400
-0.7079 -1.4043 -0.0400
-0.7150 -1.4423 -0.0400
-0.7304 -1.4722 -0.0400
-0.7526 -1.4961 -0.0400
-0.7813 -1.5148 -0.0400
-0.7902 -1.5495 -0.0400
-0.8003 -1.5825 -0.0400
-0.8111 -1.6145 -0.0400
-0.8304 -1.6403 -0.0400
-0.8625 -1.6575 -0.0400
-0.8977 -1.6734 -0.0400
-0.9546 -1.6768 -0.0400
-2.9099 -0.5531 -0.0400
-2.9702 -0.6027 -0.0400
-2.9603 -0.6920 -0.0400
-3.0162 -0.7448 -0.0400
-3.2264 -2.0913 -0.0400
-3.1921 -2.1656 -0.0400
-3.1912 -2.2346 -0.0400
-3.2171 -2.3005 -0.0400
-3.2894 -2.3634 -0.0400
-0.7290 -2.7206 -0.0400
-0.7017 -2.7441 -0.0400
-0.6857 -2.7674 -0.0400
-0.6756 -2.7906 -0.0400
-0.6694 -2.8139 -0.0400
-0.6707 -2.8379 -0.0400
-0.6758 -2.8626 -0.0400
-0.6860 -2.8882 -0.0400
-0.7042 -2.9157 -0.0400
-4.4892 -4.2076 -0.0400
-4.4324 -4.2886 -0.0400
-2.3038 -3.7378 -0.0400
-2.2600 -3.7805 -0.0400
-2.6868 -7.4054 -0.0400
-1.5440 -6.9611 -0.0400
-1.3574 -6.7755 -0.0400
-1.2772 -6.7931 -0.0400
-1.2118 -6.8416 -0.0400
-1.1663 -6.9373 -0.0400
0.2402 -5.0700 -0.0400
0.2851 -5.0587 -0.0400
0.3270 -5.0628 -0.0400
0.3682 -5.0721 -0.0400
0.4096 -5.0808 -0.0400
0.4480 -5.1216 -0.0400
0.7868 -3.6168 -0.0400
0.7988 -3.5832 -0.0400
0.8125 -3.5683 -0.0400
0.8267 -3.5588 -0.0400
0.8410 -3.5512 -0.0400
0.8564 -3.5497 -0.0400
0.8724 -3.5505 -0.0400
0.8892 -3.5540 -0.0400
0.9144 -3.5889 -0.0400
4.8553 -6.1014 -0.0400
4.8992 -6.0158 -0.0400
4.9934 -5.9692 -0.0400
6.3628 -1.0893 -0.0400
3.3840 -1.6695 -0.0400
3.3388 -1.6330 -0.0400
2.0626 -2.1156 -0.0400
2.0059 -2.1119 -0.0400
1.9843 -2.0939 -0.0400
1.9612 -2.0771 -0.0400
1.9479 -2.0559 -0.0400
1.9381 -2.0329 -0.0400
1.9300 -2.0089 -0.0400
1.9321 -1.9789 -0.0400
1.9309 -1.9501 -0.0400
1.9619 -1.9008 -0.0400
0.8811 3.1176 -0.0400
0.7785 3.0756 -0.0400
0.6775 3.0914 -0.0400
-0.1386 2.4399 -0.0400
-0.2229 2.3938 -0.0400
-2.1597 1.4931 -0.0400
-2.1825 1.3715 -0.0400
-2.2050 1.2546 -0.0400
-2.2788 1.2103 -0.0400
-0.7335 -1.1910 -0.0400
-0.7390 -1.2371 -0.0400
-0.7009 -1.3254 -0.0400
-0.6938 -1.3794 -0.0400
-0.6994 -1.4196 -0.0400
-0.7141 -1.4506 -0.0400
-0.7341 -1.4766 -0.0400
-0.7575 -1.4996 -0.0400
-0.7908 -1.5148 -0.0400
-0.7871 -1.5595 -0.0400
-0.8002 -1.5903 -0.0400
-0.8144 -1.6199 -0.0400
-0.8413 -1.6405 -0.0400
-0.8697 -1.6604 -0.0400
-0.9514 -1.6465 -0.0400
-2.8763 -0.4916 -0.0400
-2.9204 -0.5505 -0.0400
-2.9538 -0.6159 -0.0400
-2.9632 -0.6944 -0.0400
-3.0571 -0.7271 -0.0400
-3.2451 -2.0931 -0.0400
-3.1982 -2.1697 -0.0400
-3.1919 -2.2394 -0.0400
-3.2593 -2.3011 -0.0400
-0.7239 -2.7290 -0.0400
-0.6845 -2.7520 -0.0400
-0.6753 -2.7754 -0.0400
-0.6702 -2.7988 -0.0400
-0.6689 -2.8225 -0.0400
-0.6711 -2.8465 -0.0400
-0.6777 -2.8713 -0.0400
-0.6899 -2.8973 -0.0400
-4.4703 -4.2041 -0.0400
-4.4555 -4.2978 -0.0400
-2.3470 -3.6992 -0.0400
-2.2868 -3.7372 -0.0400
-2.2572 -3.7849 -0.0400
-2.2957 -3.8587 -0.0400
-2.6873 -7.4009 -0.0400
-1.5186 -6.9061 -0.0400
-1.3521 -6.7590 -0.0400
-1.2789 -6.7901 -0.0400
-1.2150 -6.8412 -0.0400
0.2359 -5.0804 -0.0400
0.2821 -5.0615 -0.0400
0.3246 -5.0607 -0.0400
0.3655 -5.0705 -0.0400
0.4049 -5.0942 -0.0400
0.7942 -3.5746 -0.0400
0.8082 -3.5635 -0.0400
0.8224 -3.5559 -0.0400
0.8370 -3.5512 -0.0400
0.8520 -3.5487 -0.0400
0.8675 -3.5486 -0.0400
0.8863 -3.5614 -0.0400
0.9064 -3.5770 -0.0400
6.4095 -1.2038 -0.0400
3.3979 -1.6795 -0.0400
3.3470 -1.6450 -0.0400
2.0828 -2.1203 -0.0400
2.0143 -2.1212 -0.0400
1.9916 -2.1036 -0.0400
1.9721 -2.0849 -0.0400
1.9537 -2.0660 -0.0400
1.9420 -2.0439 -0.0400
1.9367 -2.0183 -0.0400
1.9312 -1.9925 -0.0400
1.9423 -1.9565 -0.0400
1.9498 -1.9216 -0.0400
0.8925 3.1837 -0.0400
0.7873 3.0784 -0.0400
0.6861 3.1350 -0.0400
-0.0464 2.4829 -0.0400
-0.1285 2.4147 -0.0400
-0.2190 2.4051 -0.0400
-0.3258 2.4791 -0.0400
-2.1239 1.4428 -0.0400
-2.1776 1.3667 -0.0400
-2.1992 1.2482 -0.0400
-0.7228 -1.1550 -0.0400
-0.7245 -1.2069 -0.0400
-0.7419 -1.2406 -0.0400
-0.6953 -1.3377 -0.0400
-0.6942 -1.3859 -0.0400
-0.6986 -1.4273 -0.0400
-0.7156 -1.4564 -0.0400
-0.7391 -1.4794 -0.0400
-0.7689 -1.4972 -0.0400
-0.7781 -1.5323 -0.0400
-0.7894 -1.5650 -0.0400
-0.7998 -1.5979 -0.0400
-0.8197 -1.6234 -0.0400
-0.8502 -1.6416 -0.0400
-0.8822 -1.6594 -0.0400
-2.8613 -0.4174 -0.0400
-2.8704 -0.4987 -0.0400
-2.9195 -0.5545 -0.0400
-2.9290 -0.6337 -0.0400
-2.9653 -0.6969 -0.0400
-3.2540 -2.0258 -0.0400
-3.1947 -2.1057 -0.0400
-3.1847 -2.1763 -0.0400
-3.1998 -2.2432 -0.0400
-3.2447 -2.3073 -0.0400
-0.7202 -2.7131 -0.0400
-0.6967 -2.7371 -0.0400
-0.6826 -2.7606 -0.0400
-0.6739 -2.7840 -0.0400
-0.6694 -2.8074 -0.0400
-0.6738 -2.8316 -0.0400
-0.6818 -2.8563 -0.0400
-0.6962 -2.8823 -0.0400
-0.7250 -2.9109 -0.0400
-4.4659 -4.2050 -0.0400
-2.3274 -3.6984 -0.0400
-2.2767 -3.7393 -0.0400
-2.2606 -3.7918 -0.0400
-2.7740 -7.3438 -0.0400
-2.6884 -7.3979 -0.0400
-1.6108 -6.8971 -0.0400
-1.4776 -6.8230 -0.0400
-1.3612 -6.7723 -0.0400
-1.2807 -6.7883 -0.0400
-1.2226 -6.8518 -0.0400
0.1908 -5.0811 -0.0400
0.2385 -5.0566 -0.0400
0.2814 -5.0534 -0.0400
0.3222 -5.0623 -0.0400
0.3634 -5.0682 -0.0400
0.4037 -5.0827 -0.0400
0.7799 -3.6100 -0.0400
0.7921 -3.5807 -0.0400
0.8055 -3.5665 -0.0400
0.8194 -3.5575 -0.0400
0.8335 -3.5507 -0.0400
0.8486 -3.5498 -0.0400
0.8643 -3.5514 -0.0400
0.8811 -3.5565 -0.0400
0.8996 -3.5673 -0.0400
6.3897 -1.1218 -0.0400
3.4266 -1.6842 -0.0400
3.3593 -1.6556 -0.0400
2.0633 -2.1417 -0.0400
2.0264 -2.1292 -0.0400
2.0010 -2.1126 -0.0400
1.9803 -2.0943 -0.0400
1.9598 -2.0763 -0.0400
1.9478 -2.0542 -0.0400
1.9379 -2.0310 -0.0400
1.9372 -2.0025 -0.0400
1.9351 -1.9743 -0.0400
1.9617 -1.9279 -0.0400
0.8993 3.1059 -0.0400
0.7966 3.0760 -0.0400
0.6952 3.1015 -0.0400
-0.1237 2.4268 -0.0400
-0.2198 2.4474 -0.0400
-2.1225 1.4440 -0.0400
-2.1772 1.3690 -0.0400
-2.2003 1.2522 -0.0400
-0.7183 -1.1656 -0.0400
-0.7243 -1.2128 -0.0400
-0.7030 -1.2868 -0.0400
-0.6830 -1.3561 -0.0400
-0.6864 -1.3997 -0.0400
-0.7010 -1.4316 -0.0400
-0.7193 -1.4596 -0.0400
-0.7425 -1.4831 -0.0400
-0.7759 -1.4980 -0.0400
-0.7742 -1.5422 -0.0400
-0.7844 -1.5758 -0.0400
-0.8021 -1.6031 -0.0400
-0.8286 -1.6240 -0.0400
-0.8545 -1.6456 -0.0400
-0.9066 -1.6500 -0.0400
-2.8433 -0.4320 -0.0400
-2.8737 -0.4996 -0.0400
-2.9300 -0.5513 -0.0400
-2.9285 -0.6372 -0.0400
-2.9968 -0.6827 -0.0400
-3.2657 -2.0282 -0.0400
-3.1989 -2.1097 -0.0400
-3.1864 -2.1808 -0.0400
-3.2290 -2.2444 -0.0400
-0.7705 -2.6964 -0.0400
-0.6947 -2.7216 -0.0400
-0.6817 -2.7454 -0.0400
-0.6739 -2.7690 -0.0400
-0.6702 -2.7925 -0.0400
-0.6701 -2.8162 -0.0400
-0.6740 -2.8403 -0.0400
-0.6829 -2.8651 -0.0400
-0.6983 -2.8912 -0.0400
-4.4984 -4.1192 -0.0400
-2.3207 -3.7020 -0.0400
-2.2726 -3.7438 -0.0400
-2.7733 -7.3395 -0.0400
-1.6113 -6.8946 -0.0400
-1.4347 -6.7377 -0.0400
-1.3505 -6.7473 -0.0400
-1.2873 -6.7979 -0.0400
-1.2406 -6.8859 -0.0400
0.1884 -5.0873 -0.0400
0.2368 -5.0589 -0.0400
0.2802 -5.0524 -0.0400
0.3207 -5.0615 -0.0400
0.3613 -5.0711 -0.0400
0.3988 -5.1073 -0.0400
0.7756 -3.5908 -0.0400
0.7887 -3.5726 -0.0400
0.8024 -3.5619 -0.0400
0.8163 -3.5546 -0.0400
0.8305 -3.5503 -0.0400
0.8452 -3.5481 -0.0400
0.8604 -3.5485 -0.0400
0.8792 -3.5633 -0.0400
0.9000 -3.5832 -0.0400
6.4333 -1.3381 -0.0400
3.4128 -1.7541 -0.0400
3.3705 -1.7158 -0.0400
2.1050 -2.1624 -0.0400
2.0542 -2.1545 -0.0400
2.0234 -2.1395 -0.0400
1.9921 -2.1256 -0.0400
1.9770 -2.1048 -0.0400
1.9643 -2.0830 -0.0400
1.9541 -2.0599 -0.0400
1.9532 -2.0318 -0.0400
1.9514 -2.0036 -0.0400
1.9540 -1.9723 -0.0400
1.0067 3.0780 -0.0400
0.9051 3.0846 -0.0400
0.8050 3.1634 -0.0400
0.0585 2.4801 -0.0400
-0.0276 2.4320 -0.0400
-0.1210 2.4397 -0.0400
-2.0268 1.6261 -0.0400
-2.0359 1.4750 -0.0400
-2.0720 1.3716 -0.0400
-2.1324 1.3072 -0.0400
-0.6823 -1.1545 -0.0400
-0.6977 -1.1919 -0.0400
-0.6719 -1.2727 -0.0400
-0.6583 -1.3369 -0.0400
-0.6646 -1.3783 -0.0400
-0.6804 -1.4095 -0.0400
-0.7029 -1.4338 -0.0400
-0.7307 -1.4533 -0.0400
-0.7516 -1.4792 -0.0400
-0.7549 -1.5199 -0.0400
-0.7673 -1.5520 -0.0400
-0.7888 -1.5766 -0.0400
-0.8182 -1.5953 -0.0400
-0.8607 -1.6050 -0.0400
-2.7874 -0.2932 -0.0400
-2.7933 -0.3787 -0.0400
-2.8343 -0.4395 -0.0400
-2.8854 -0.4941 -0.0400
-2.8916 -0.5763 -0.0400
-2.9963 -0.6000 -0.0400
-3.2482 -1.9632 -0.0400
-3.1666 -2.0486 -0.0400
-3.1799 -2.1157 -0.0400
-3.2180 -2.1794 -0.0400
-0.7521 -2.6522 -0.0400
-0.7121 -2.6786 -0.0400
-0.6926 -2.7033 -0.0400
-0.6807 -2.7274 -0.0400
-0.6740 -2.7510 -0.0400
-0.6729 -2.7747 -0.0400
-0.6781 -2.7987 -0.0400
-0.6884 -2.8233 -0.0400
-0.7055 -2.8489 -0.0400
-0.7441 -2.8774 -0.0400
-4.5394 -4.0344 -0.0400
-4.4934 -4.1195 -0.0400
-2.3041 -3.6431 -0.0400
-2.3015 -3.6997 -0.0400
-2.8461 -7.2671 -0.0400
-1.6631 -6.8158 -0.0400
-1.4973 -6.6855 -0.0400
-1.4178 -6.7042 -0.0400
-1.3549 -6.7543 -0.0400
0.1481 -5.0722 -0.0400
0.1994 -5.0323 -0.0400
0.2401 -5.0392 -0.0400
0.2798 -5.0511 -0.0400
0.3204 -5.0586 -0.0400
0.3582 -5.0873 -0.0400
0.7602 -3.6012 -0.0400
0.7729 -3.5760 -0.0400
0.7863 -3.5630 -0.0400
0.7995 -3.5512 -0.0400
0.8138 -3.5485 -0.0400
0.8285 -3.5481 -0.0400
0.8439 -3.5504 -0.0400
0.8602 -3.5563 -0.0400
0.8784 -3.5687 -0.0400
3.4494 -1.7569 -0.0400
3.3858 -1.7258 -0.0400
3.3521 -1.6847 -0.0400
2.0509 -2.1695 -0.0400
2.0236 -2.1530 -0.0400
2.0022 -2.1346 -0.0400
1.9845 -2.1149 -0.0400
1.9707 -2.0935 -0.0400
1.9619 -2.0696 -0.0400
1.9561 -2.0440 -0.0400
1.9533 -2.0164 -0.0400
1.9548 -1.9858 -0.0400
1.1311 3.2292 -0.0400
1.0180 3.0890 -0.0400
0.9154 3.0786 -0.0400
0.8145 3.1218 -0.0400
0.0697 2.4527 -0.0400
-0.0208 2.4394 -0.0400
-0.1221 2.4967 -0.0400
-2.0135 1.6108 -0.0400
-2.0445 1.4936 -0.0400
-2.0613 1.3604 -0.0400
-2.1415 1.3245 -0.0400
-0.6947 -1.0869 -0.0400
-0.6812 -1.1602 -0.0400
-0.6676 -1.2300 -0.0400
-0.6561 -1.2945 -0.0400
-0.6509 -1.3496 -0.0400
-0.6635 -1.3848 -0.0400
-0.6833 -1.4120 -0.0400
-0.7073 -1.4351 -0.0400
-0.7387 -1.4516 -0.0400
-0.7444 -1.4912 -0.0400
-0.7530 -1.5273 -0.0400
-0.7699 -1.5559 -0.0400
-0.7936 -1.5789 -0.0400
-0.8244 -1.5967 -0.0400
-0.8684 -1.6055 -0.0400
-2.7678 -0.3089 -0.0400
-2.7895 -0.3834 -0.0400
-2.8526 -0.4298 -0.0400
-2.8570 -0.5143 -0.0400
-2.9031 -0.5719 -0.0400
-2.9776 -0.6133 -0.0400
-3.1718 -1.9824 -0.0400
-3.1666 -2.0531 -0.0400
-3.1817 -2.1199 -0.0400
-3.2204 -2.1835 -0.0400
-0.7392 -2.6613 -0.0400
-0.6893 -2.6880 -0.0400
-0.6791 -2.7121 -0.0400
-0.6735 -2.7359 -0.0400
-0.6717 -2.7596 -0.0400
-0.6735 -2.7833 -0.0400
-0.6790 -2.8074 -0.0400
-0.6898 -2.8320 -0.0400
-0.7550 -2.8618 -0.0400
-4.5036 -4.0281 -0.0400
-2.3534 -3.6065 -0.0400
-2.3030 -3.6489 -0.0400
-2.2977 -3.7046 -0.0400
-2.8470 -7.2665 -0.0400
-1.6118 -6.7252 -0.0400
-1.4871 -6.6659 -0.0400
-1.4150 -6.6976 -0.0400
-1.3567 -6.7559 -0.0400
0.1571 -5.0330 -0.0400
0.1997 -5.0306 -0.0400
0.2400 -5.0381 -0.0400
0.2796 -5.0497 -0.0400
0.3169 -5.0772 -0.0400
0.7576 -3.5835 -0.0400
0.7708 -3.5676 -0.0400
0.7843 -3.5580 -0.0400
0.7980 -3.5514 -0.0400
0.8120 -3.5477 -0.0400
0.8263 -3.5461 -0.0400
0.8425 -3.5539 -0.0400
0.8593 -3.5628 -0.0400
0.8799 -3.5857 -0.0400
3.4272 -1.7806 -0.0400
3.3827 -1.7428 -0.0400
3.3584 -1.6982 -0.0400
2.0783 -2.1719 -0.0400
2.0405 -2.1594 -0.0400
2.0151 -2.1426 -0.0400
1.9890 -2.1266 -0.0400
1.9762 -2.1047 -0.0400
1.9658 -2.0816 -0.0400
1.9584 -2.0568 -0.0400
1.9540 -2.0302 -0.0400
1.9724 -1.9897 -0.0400
1.9958 -1.9447 -0.0400
1.0284 3.0728 -0.0400
0.9274 3.0999 -0.0400
0.0758 2.4733 -0.0400
-0.0120 2.4359 -0.0400
-0.1073 2.4540 -0.0400
-2.0095 1.6115 -0.0400
-2.0363 1.4872 -0.0400
-2.0595 1.3633 -0.0400
-0.6844 -1.0428 -0.0400
-0.6683 -1.1220 -0.0400
-0.6833 -1.1613 -0.0400
-0.6574 -1.2454 -0.0400
-0.6530 -1.3020 -0.0400
-0.6503 -1.3548 -0.0400
-0.6644 -1.3885 -0.0400
-0.6872 -1.4130 -0.0400
-0.7143 -1.4335 -0.0400
-0.7360 -1.4591 -0.0400
-0.7454 -1.4954 -0.0400
-0.7545 -1.5313 -0.0400
-0.7739 -1.5580 -0.0400
-0.8021 -1.5776 -0.0400
-0.8409 -1.5897 -0.0400
-2.8059 -0.1908 -0.0400
-2.7652 -0.3122 -0.0400
-2.7904 -0.3844 -0.0400
-2.8501 -0.4332 -0.0400
-2.8534 -0.5185 -0.0400
-2.9134 -0.5676 -0.0400
-3.1875 -1.9128 -0.0400
-3.1649 -1.9879 -0.0400
-3.1661 -2.0574 -0.0400
-3.1865 -2.1234 -0.0400
-0.7245 -2.6456 -0.0400
-0.6998 -2.6717 -0.0400
-0.6858 -2.6965 -0.0400
-0.6774 -2.7206 -0.0400
-0.6729 -2.7444 -0.0400
-0.6750 -2.7682 -0.0400
-0.6818 -2.7922 -0.0400
-0.6938 -2.8167 -0.0400
-0.7139 -2.8422 -0.0400
-0.7761 -2.8721 -0.0400
-4.5007 -4.0301 -0.0400
-2.3189 -3.6028 -0.0400
-2.3078 -3.6565 -0.0400
-2.8506 -7.2699 -0.0400
-1.5852 -6.6790 -0.0400
-1.4849 -6.6619 -0.0400
-1.4151 -6.6973 -0.0400
-1.3688 -6.7789 -0.0400
0.1009 -5.0915 -0.0400
0.1591 -5.0268 -0.0400
0.2006 -5.0284 -0.0400
0.2402 -5.0384 -0.0400
0.2796 -5.0503 -0.0400
0.3165 -5.0792 -0.0400
0.7577 -3.5897 -0.0400
0.7695 -3.5610 -0.0400
0.7831 -3.5539 -0.0400
0.7968 -3.5492 -0.0400
0.8108 -3.5470 -0.0400
0.8252 -3.5470 -0.0400
0.8402 -3.5497 -0.0400
0.8561 -3.5559 -0.0400
0.8741 -3.5692 -0.0400
2.3243 -5.0751 -0.0400
2.3454 -5.0196 -0.0400
2.3583 -4.9551 -0.0400
3.3853 -1.7091 -0.0400
3.3476 -1.6697 -0.0400
2.0683 -2.1661 -0.0400
2.0333 -2.1529 -0.0400
2.0087 -2.1359 -0.0400
1.9887 -2.1173 -0.0400
1.9728 -2.0968 -0.0400
1.9600 -2.0749 -0.0400
1.9557 -2.0483 -0.0400
1.9528 -2.0205 -0.0400
1.9546 -1.9893 -0.0400
1.9656 -1.9515 -0.0400
1.0463 3.1060 -0.0400
0.9419 3.0756 -0.0400
0.8401 3.0917 -0.0400
0.7384 3.1857 -0.0400
0.0845 2.5055 -0.0400
-0.0003 2.4385 -0.0400
-0.0921 2.4321 -0.0400
-2.0799 1.5655 -0.0400
-2.0660 1.3819 -0.0400
-2.1277 1.3182 -0.0400
-0.6868 -1.1609 -0.0400
-0.7059 -1.1948 -0.0400
-0.6558 -1.3035 -0.0400
-0.6624 -1.3469 -0.0400
-0.6755 -1.3823 -0.0400
-0.6886 -1.4169 -0.0400
-0.7125 -1.4406 -0.0400
-0.7423 -1.4590 -0.0400
-0.7501 -1.4972 -0.0400
-0.7631 -1.5301 -0.0400
-0.7762 -1.5624 -0.0400
-0.7998 -1.5859 -0.0400
-0.8266 -1.6072 -0.0400
-0.8720 -1.6151 -0.0400
-2.8336 -0.2648 -0.0400
-2.7988 -0.3801 -0.0400
-2.8378 -0.4428 -0.0400
-2.8767 -0.5056 -0.0400
-2.8907 -0.5835 -0.0400
-2.9540 -0.6314 -0.0400
-3.2330 -1.9795 -0.0400
-3.1693 -2.0621 -0.0400
-3.1788 -2.1301 -0.0400
-3.2521 -2.1886 -0.0400
-0.7487 -2.6547 -0.0400
-0.7118 -2.6820 -0.0400
-0.6933 -2.7072 -0.0400
-0.6819 -2.7316 -0.0400
-0.6716 -2.7556 -0.0400
-0.6718 -2.7794 -0.0400
-0.6752 -2.8032 -0.0400
-0.6828 -2.8275 -0.0400
-0.6954 -2.8523 -0.0400
-4.5137 -4.0369 -0.0400
-2.3822 -3.6290 -0.0400
-2.3063 -3.6644 -0.0400
-2.2850 -3.7150 -0.0400
-2.8518 -7.2710 -0.0400
-1.6541 -6.7993 -0.0400
-1.4984 -6.6874 -0.0400
-1.4132 -6.6947 -0.0400
-1.3459 -6.7346 -0.0400
-1.3028 -6.8240 -0.0400
0.1532 -5.0597 -0.0400
0.1989 -5.0434 -0.0400
0.2417 -5.0372 -0.0400
0.2804 -5.0513 -0.0400
0.3196 -5.0639 -0.0400
0.3557 -5.1004 -0.0400
0.7589 -3.5981 -0.0400
0.7713 -3.5760 -0.0400
0.7842 -3.5638 -0.0400
0.7974 -3.5557 -0.0400
0.8107 -3.5502 -0.0400
0.8246 -3.5484 -0.0400
0.8391 -3.5500 -0.0400
0.8544 -3.5544 -0.0400
0.8712 -3.5638 -0.0400
0.8930 -3.5915 -0.0400
2.3553 -5.0521 -0.0400
2.3743 -4.9950 -0.0400
2.3872 -4.9320 -0.0400
2.4181 -4.8935 -0.0400
2.4660 -4.8757 -0.0400
2.5395 -4.8865 -0.0400
2.1303 -2.1785 -0.0400
2.0682 -2.1754 -0.0400
2.0351 -2.1615 -0.0400
2.0032 -2.1479 -0.0400
1.9884 -2.1269 -0.0400
1.9769 -2.1043 -0.0400
1.9682 -2.0801 -0.0400
1.9630 -2.0539 -0.0400
1.9616 -2.0250 -0.0400
1.9999 -1.9716 -0.0400
1.1576 3.1012 -0.0400
1.0526 3.0741 -0.0400
0.9508 3.0895 -0.0400
0.0957 2.4644 -0.0400
0.0057 2.4424 -0.0400
-1.9276 1.6676 -0.0400
-1.9576 1.5442 -0.0400
-1.9961 1.4399 -0.0400
-2.0566 1.3730 -0.0400
-0.6575 -1.1394 -0.0400
-0.6801 -1.1699 -0.0400
-0.6447 -1.2653 -0.0400
-0.6323 -1.3308 -0.0400
-0.6503 -1.3614 -0.0400
-0.6698 -1.3901 -0.0400
-0.6944 -1.4134 -0.0400
-0.7247 -1.4314 -0.0400
-0.7297 -1.4729 -0.0400
-0.7436 -1.5054 -0.0400
-0.7590 -1.5363 -0.0400
-0.7881 -1.5554 -0.0400
-0.8187 -1.5738 -0.0400
-0.8855 -1.5651 -0.0400
-2.7392 -0.2406 -0.0400
-2.7612 -0.3165 -0.0400
-2.8037 -0.3771 -0.0400
-2.8299 -0.4485 -0.0400
-2.8603 -0.5166 -0.0400
-3.2209 -1.8409 -0.0400
-3.1722 -1.9235 -0.0400
-3.1551 -1.9975 -0.0400
-3.1773 -2.0632 -0.0400
-3.2183 -2.1261 -0.0400
-0.7198 -2.6373 -0.0400
-0.6986 -2.6637 -0.0400
-0.6860 -2.6888 -0.0400
-0.6731 -2.7134 -0.0400
-0.6722 -2.7373 -0.0400
-0.6744 -2.7611 -0.0400
-0.6796 -2.7850 -0.0400
-0.7051 -2.8097 -0.0400
-0.7333 -2.8354 -0.0400
-4.5635 -3.9539 -0.0400
-2.3432 -3.5652 -0.0400
-2.3124 -3.6135 -0.0400
-2.9297 -7.2079 -0.0400
-1.7260 -6.7615 -0.0400
-1.5637 -6.6447 -0.0400
-1.4790 -6.6537 -0.0400
-1.4196 -6.7079 -0.0400
-1.4072 -6.8550 -0.0400
0.1214 -5.0221 -0.0400
0.1637 -5.0197 -0.0400
0.2031 -5.0289 -0.0400
0.2426 -5.0377 -0.0400
0.2819 -5.0475 -0.0400
0.7447 -3.5969 -0.0400
0.7564 -3.5631 -0.0400
0.7696 -3.5554 -0.0400
0.7829 -3.5499 -0.0400
0.7964 -3.5468 -0.0400
0.8101 -3.5455 -0.0400
0.8242 -3.5465 -0.0400
0.8390 -3.5500 -0.0400
0.8589 -3.5766 -0.0400
2.3115 -5.0850 -0.0400
2.3310 -5.0277 -0.0400
2.3342 -4.9507 -0.0400
2.3744 -4.9244 -0.0400
2.4244 -4.9100 -0.0400
2.0158 -2.1562 -0.0400
1.9972 -2.1368 -0.0400
1.9827 -2.1156 -0.0400
1.9753 -2.0907 -0.0400
1.9711 -2.0639 -0.0400
1.9713 -2.0341 -0.0400
1.9790 -1.9992 -0.0400
2.0152 -1.9452 -0.0400
2.7788 -0.0829 -0.0400
2.7249 -0.0554 -0.0400
2.6918 0.0004 -0.0400
1.1698 3.0905 -0.0400
1.0654 3.0728 -0.0400
0.9673 3.1716 -0.0400
0.1965 2.4887 -0.0400
0.1073 2.4531 -0.0400
0.0125 2.4672 -0.0400
-1.9287 1.6806 -0.0400
-1.9610 1.5597 -0.0400
-2.0270 1.4977 -0.0400
-0.6391 -1.1039 -0.0400
-0.6567 -1.1414 -0.0400
-0.6810 -1.1701 -0.0400
-0.6368 -1.2760 -0.0400
-0.6311 -1.3342 -0.0400
-0.6497 -1.3644 -0.0400
-0.6720 -1.3904 -0.0400
-0.7019 -1.4087 -0.0400
-0.7299 -1.4293 -0.0400
-0.7242 -1.4810 -0.0400
-0.7414 -1.5107 -0.0400
-0.7617 -1.5374 -0.0400
-0.7929 -1.5550 -0.0400
-0.8266 -1.5712 -0.0400
-2.7664 -0.1253 -0.0400
-2.7265 -0.2497 -0.0400
-2.7588 -0.3180 -0.0400
-2.8249 -0.3626 -0.0400
-2.8210 -0.4547 -0.0400
-2.8634 -0.5150 -0.0400
-3.2021 -1.8485 -0.0400
-3.1479 -1.9322 -0.0400
-3.1560 -2.0007 -0.0400
-3.2013 -2.0622 -0.0400
-3.2795 -2.1195 -0.0400
-0.7002 -2.6468 -0.0400
-0.6876 -2.6723 -0.0400
-0.6737 -2.6974 -0.0400
-0.6723 -2.7214 -0.0400
-0.6735 -2.7453 -0.0400
-0.6773 -2.7691 -0.0400
-0.6969 -2.7933 -0.0400
-0.7158 -2.8181 -0.0400
-0.7569 -2.8446 -0.0400
-4.5209 -3.9470 -0.0400
-2.3492 -3.5729 -0.0400
-2.3098 -3.6190 -0.0400
-3.0201 -7.1605 -0.0400
-2.9290 -7.2078 -0.0400
-1.6440 -6.6286 -0.0400
-1.5550 -6.6323 -0.0400
-1.4786 -6.6558 -0.0400
-1.4202 -6.7113 -0.0400
0.0716 -5.0597 -0.0400
0.1252 -5.0164 -0.0400
0.1665 -5.0171 -0.0400
0.2053 -5.0281 -0.0400
0.2443 -5.0386 -0.0400
0.2815 -5.0594 -0.0400
0.7317 -3.5931 -0.0400
0.7446 -3.5733 -0.0400
0.7576 -3.5617 -0.0400
0.7707 -3.5543 -0.0400
0.7838 -3.5489 -0.0400
0.7971 -3.5462 -0.0400
0.8110 -3.5469 -0.0400
0.8253 -3.5500 -0.0400
0.8405 -3.5563 -0.0400
0.8572 -3.5687 -0.0400
2.3126 -5.0992 -0.0400
2.3001 -4.9975 -0.0400
2.3283 -4.9553 -0.0400
2.3674 -4.9280 -0.0400
2.4170 -4.9134 -0.0400
6.4642 -1.4315 -0.0400
