# .PCD v0.7 - Point Cloud Data file format
VERSION 0.7
FIELDS x y z
SIZE 4 4 4
TYPE F F F
COUNT 1 1 1
WIDTH 15018
HEIGHT 1
VIEWPOINT 0 0 0 1 0 0 0
POINTS 15018
DATA ascii
-0.9893 -1.0342 -0.0400
-0.9224 -1.1021 -0.0400
-0.8855 -1.1852 -0.0400
0.6861 -0.9188 -0.0400
3.5275 -2.2955 -0.0400
3.5912 -2.2562 -0.0400
3.6535 -2.2564 -0.0400
3.7157 -2.2574 -0.0400
4.6772 -0.8835 -0.0400
4.7057 -0.8458 -0.0400
4.7399 -0.8210 -0.0400
4.7793 -0.8067 -0.0400
4.8124 -0.7805 -0.0400
4.8446 -0.7532 -0.0400
4.8799 -0.7316 -0.0400
4.9200 -0.7177 -0.0400
4.9852 -0.7422 -0.0400
5.0443 -0.7539 -0.0400
5.0895 -0.7432 -0.0400
7.8895 -2.7940 -0.0400
7.9764 -2.7344 -0.0400
8.0769 -2.6860 -0.0400
7.5050 0.4809 -0.0400
7.4997 0.5519 -0.0400
7.5194 0.6178 -0.0400
6.7855 1.9633 -0.0400
6.6707 1.9939 -0.0400
6.6265 2.0384 -0.0400
6.6020 2.0871 -0.0400
6.6038 2.1430 -0.0400
6.6258 2.2057 -0.0400
8.1032 3.1880 -0.0400
8.0519 3.2575 -0.0400
5.7168 2.5339 -0.0400
5.6646 2.5506 -0.0400
5.6271 2.5754 -0.0400
5.5972 2.6046 -0.0400
5.5777 2.6407 -0.0400
5.5640 2.6814 -0.0400
5.5981 2.7587 -0.0400
6.5295 4.9824 -0.0400
6.4457 5.0067 -0.0400
3.9846 3.9763 -0.0400
3.9373 3.9779 -0.0400
3.8872 3.9447 -0.0400
3.8396 3.9296 -0.0400
3.7934 3.9298 -0.0400
3.7468 3.9126 -0.0400
3.7009 3.9094 -0.0400
3.6552 3.9237 -0.0400
3.6078 3.9864 -0.0400
3.3517 6.8082 -0.0400
3.2551 6.8047 -0.0400
2.0626 3.9311 -0.0400
2.0294 3.8827 -0.0400
1.9845 3.8534 -0.0400
1.9341 3.8322 -0.0400
1.8997 3.7879 -0.0400
1.8554 3.7579 -0.0400
2.1443 1.7205 -0.0400
2.1948 1.6788 -0.0400
2.1983 1.6506 -0.0400
2.1985 1.6234 -0.0400
2.1932 1.5976 -0.0400
2.1817 1.5730 -0.0400
2.1640 1.5491 -0.0400
2.1361 1.5263 -0.0400
2.0533 1.5099 -0.0400
2.0416 1.4825 -0.0400
2.0235 1.4555 -0.0400
1.9959 1.4287 -0.0400
1.9504 1.4021 -0.0400
-0.9290 -1.0842 -0.0400
-0.8890 -1.1655 -0.0400
0.6759 -0.9126 -0.0400
0.6817 -0.9899 -0.0400
3.5724 -2.2607 -0.0400
3.6346 -2.2524 -0.0400
3.6965 -2.2556 -0.0400
3.7590 -2.2766 -0.0400
4.6940 -0.8620 -0.0400
4.7247 -0.8303 -0.0400
4.7603 -0.8090 -0.0400
4.8003 -0.7962 -0.0400
4.8310 -0.7662 -0.0400
4.8633 -0.7397 -0.0400
4.8983 -0.7181 -0.0400
4.9464 -0.7171 -0.0400
4.9993 -0.7216 -0.0400
5.0684 -0.7477 -0.0400
5.1205 -0.7464 -0.0400
7.9205 -2.7397 -0.0400
8.0149 -2.6872 -0.0400
7.5100 0.5146 -0.0400
7.5054 0.5852 -0.0400
7.5281 0.6506 -0.0400
6.7026 1.9699 -0.0400
6.6448 2.0118 -0.0400
6.6121 2.0586 -0.0400
6.5936 2.1087 -0.0400
6.5874 2.1624 -0.0400
6.5960 2.2211 -0.0400
8.0664 3.2200 -0.0400
8.0524 3.3061 -0.0400
5.7217 2.5563 -0.0400
5.6637 2.5693 -0.0400
5.6137 2.5857 -0.0400
5.5870 2.6170 -0.0400
5.5653 2.6518 -0.0400
5.5597 2.6986 -0.0400
5.5558 2.7479 -0.0400
6.4761 4.9870 -0.0400
6.4137 5.0395 -0.0400
3.9581 3.9932 -0.0400
3.9073 3.9608 -0.0400
3.8585 3.9362 -0.0400
3.8116 3.9309 -0.0400
3.7655 3.9393 -0.0400
3.7187 3.9213 -0.0400
3.6725 3.9105 -0.0400
3.6264 3.9188 -0.0400
3.3849 6.8209 -0.0400
3.2886 6.8073 -0.0400
3.1842 6.8906 -0.0400
2.0325 3.9026 -0.0400
1.9956 3.8603 -0.0400
2.1883 1.6782 -0.0400
2.1952 1.6489 -0.0400
2.1963 1.6214 -0.0400
2.1939 1.5948 -0.0400
2.1809 1.5705 -0.0400
2.1629 1.5467 -0.0400
2.1340 1.5241 -0.0400
2.0554 1.5074 -0.0400
2.0482 1.4796 -0.0400
2.0198 1.4537 -0.0400
1.9901 1.4271 -0.0400
1.9209 1.4022 -0.0400
-0.9340 -1.0974 -0.0400
-0.8864 -1.1748 -0.0400
0.6864 -0.9141 -0.0400
0.7191 -0.9708 -0.0400
2.7633 -1.2713 -0.0400
2.7895 -1.3422 -0.0400
3.5770 -2.2681 -0.0400
3.6392 -2.2512 -0.0400
3.7011 -2.2566 -0.0400
3.7633 -2.2655 -0.0400
4.7003 -0.8710 -0.0400
4.7282 -0.8335 -0.0400
4.7610 -0.8069 -0.0400
4.8055 -0.8023 -0.0400
4.8355 -0.7710 -0.0400
4.8655 -0.7406 -0.0400
4.8997 -0.7178 -0.0400
4.9416 -0.7070 -0.0400
5.0089 -0.7337 -0.0400
5.0636 -0.7385 -0.0400
5.1079 -0.7264 -0.0400
7.9258 -2.7380 -0.0400
8.0083 -2.6746 -0.0400
7.5325 0.5116 -0.0400
7.5096 0.5858 -0.0400
7.5518 0.6481 -0.0400
6.7346 1.9775 -0.0400
6.6571 2.0151 -0.0400
6.6173 2.0603 -0.0400
6.5937 2.1091 -0.0400
6.5824 2.1612 -0.0400
6.6237 2.2304 -0.0400
8.0874 3.2320 -0.0400
8.0302 3.2987 -0.0400
5.6571 2.5647 -0.0400
5.6200 2.5897 -0.0400
5.5897 2.6186 -0.0400
5.5666 2.6525 -0.0400
5.5496 2.6909 -0.0400
5.5609 2.7517 -0.0400
6.4794 4.9968 -0.0400
6.4085 5.0378 -0.0400
3.9542 3.9808 -0.0400
3.9064 3.9786 -0.0400
3.8565 3.9444 -0.0400
3.8091 3.9329 -0.0400
3.7627 3.9366 -0.0400
3.7161 3.9305 -0.0400
3.6698 3.9129 -0.0400
3.6232 3.9420 -0.0400
3.3770 6.8499 -0.0400
3.2823 6.8049 -0.0400
3.1789 6.8743 -0.0400
3.0756 6.9173 -0.0400
2.0179 3.9162 -0.0400
2.1598 1.7089 -0.0400
2.1815 1.6748 -0.0400
2.1910 1.6447 -0.0400
2.1936 1.6168 -0.0400
2.1921 1.5900 -0.0400
2.1813 1.5652 -0.0400
2.1651 1.5411 -0.0400
2.1387 1.5181 -0.0400
2.0546 1.5022 -0.0400
2.0404 1.4752 -0.0400
2.0222 1.4481 -0.0400
1.9941 1.4214 -0.0400
1.9471 1.3950 -0.0400
-0.9663 -1.0669 -0.0400
-0.9018 -1.1357 -0.0400
-0.8629 -1.2177 -0.0400
0.6409 -0.9087 -0.0400
0.7072 -0.9408 -0.0400
3.6137 -2.2531 -0.0400
3.6756 -2.2568 -0.0400
3.7377 -2.2564 -0.0400
3.8019 -2.3138 -0.0400
4.7156 -0.8411 -0.0400
4.7482 -0.8136 -0.0400
4.7862 -0.7971 -0.0400
4.8287 -0.7883 -0.0400
4.8532 -0.7476 -0.0400
4.8867 -0.7234 -0.0400
4.9228 -0.7035 -0.0400
4.9771 -0.7113 -0.0400
5.0400 -0.7295 -0.0400
5.0991 -0.7393 -0.0400
5.1677 -0.7594 -0.0400
7.9638 -2.6843 -0.0400
8.0724 -2.6440 -0.0400
7.5339 0.4888 -0.0400
7.5070 0.5642 -0.0400
7.5143 0.6323 -0.0400
7.5516 0.6956 -0.0400
6.7895 1.9730 -0.0400
6.6703 2.0021 -0.0400
6.6255 2.0464 -0.0400
6.5986 2.0944 -0.0400
6.5852 2.1459 -0.0400
6.5844 2.2014 -0.0400
6.6021 2.2636 -0.0400
8.0401 3.2724 -0.0400
5.6842 2.5686 -0.0400
5.6373 2.5877 -0.0400
5.5951 2.6088 -0.0400
5.5708 2.6417 -0.0400
5.5513 2.6780 -0.0400
5.5525 2.7306 -0.0400
5.5566 2.7868 -0.0400
6.4306 5.0198 -0.0400
6.3827 5.0925 -0.0400
3.9762 4.0184 -0.0400
3.9250 3.9877 -0.0400
3.8745 3.9505 -0.0400
3.8267 3.9336 -0.0400
3.7802 3.9333 -0.0400
3.7341 3.9425 -0.0400
3.6875 3.9157 -0.0400
3.6415 3.9128 -0.0400
3.5951 3.9290 -0.0400
3.3205 6.8096 -0.0400
3.2225 6.8208 -0.0400
3.1179 6.8916 -0.0400
2.0360 3.9329 -0.0400
2.0078 3.8762 -0.0400
1.9664 3.8412 -0.0400
2.1374 1.7036 -0.0400
2.1907 1.6614 -0.0400
2.1943 1.6332 -0.0400
2.1945 1.6060 -0.0400
2.1906 1.5799 -0.0400
2.1739 1.5561 -0.0400
2.1529 1.5325 -0.0400
2.1176 1.5104 -0.0400
2.0526 1.4910 -0.0400
2.0437 1.4632 -0.0400
2.0105 1.4375 -0.0400
1.9745 1.4109 -0.0400
-0.9110 -1.1203 -0.0400
-0.8695 -1.2009 -0.0400
0.6977 -0.9290 -0.0400
0.7160 -0.9971 -0.0400
3.5418 -2.3233 -0.0400
3.6063 -2.2616 -0.0400
3.6686 -2.2512 -0.0400
3.7307 -2.2544 -0.0400
4.6904 -0.8868 -0.0400
4.7162 -0.8434 -0.0400
4.7485 -0.8149 -0.0400
4.7867 -0.7983 -0.0400
4.8232 -0.7783 -0.0400
4.8536 -0.7478 -0.0400
4.8876 -0.7241 -0.0400
4.9256 -0.7068 -0.0400
4.9864 -0.7242 -0.0400
5.0513 -0.7448 -0.0400
5.0937 -0.7299 -0.0400
7.9248 -2.7921 -0.0400
7.9760 -2.6987 -0.0400
8.0702 -2.6449 -0.0400
7.5213 0.4956 -0.0400
7.5053 0.5688 -0.0400
7.5165 0.6362 -0.0400
6.6817 2.0110 -0.0400
6.6294 2.0537 -0.0400
6.5967 2.1002 -0.0400
6.5940 2.1548 -0.0400
6.6084 2.2151 -0.0400
6.6754 2.2941 -0.0400
8.0387 3.2752 -0.0400
5.7282 2.5539 -0.0400
5.6668 2.5650 -0.0400
5.6255 2.5874 -0.0400
5.5933 2.6151 -0.0400
5.5697 2.6484 -0.0400
5.5539 2.6875 -0.0400
5.5746 2.7549 -0.0400
6.4304 5.0206 -0.0400
6.3828 5.0937 -0.0400
3.9736 3.9847 -0.0400
3.9256 3.9798 -0.0400
3.8764 3.9560 -0.0400
3.8284 3.9353 -0.0400
3.7820 3.9322 -0.0400
3.7355 3.9195 -0.0400
3.6895 3.9104 -0.0400
3.6437 3.9194 -0.0400
3.5969 3.9561 -0.0400
3.3271 6.8210 -0.0400
3.2315 6.8013 -0.0400
2.0431 3.9381 -0.0400
2.0157 3.8803 -0.0400
1.9741 3.8460 -0.0400
1.9183 3.8326 -0.0400
1.8863 3.7847 -0.0400
1.8450 3.7506 -0.0400
2.1880 1.6746 -0.0400
2.1942 1.6457 -0.0400
2.1953 1.6184 -0.0400
2.1927 1.5920 -0.0400
2.1820 1.5672 -0.0400
2.1669 1.5429 -0.0400
2.1422 1.5196 -0.0400
2.0535 1.5037 -0.0400
2.0434 1.4761 -0.0400
2.0273 1.4489 -0.0400
2.0024 1.4218 -0.0400
1.9625 1.3948 -0.0400
-0.9247 -1.1070 -0.0400
0.6873 -0.9177 -0.0400
0.6882 -0.9993 -0.0400
3.5986 -2.2516 -0.0400
3.6609 -2.2583 -0.0400
3.7234 -2.2629 -0.0400
4.6930 -0.8954 -0.0400
4.7171 -0.8476 -0.0400
4.7496 -0.8189 -0.0400
4.7930 -0.8116 -0.0400
4.8235 -0.7799 -0.0400
4.8540 -0.7491 -0.0400
4.8884 -0.7256 -0.0400
4.9373 -0.7255 -0.0400
4.9931 -0.7342 -0.0400
5.0535 -0.7474 -0.0400
5.0993 -0.7373 -0.0400
7.9108 -2.7827 -0.0400
7.9939 -2.7190 -0.0400
7.5030 0.5034 -0.0400
7.5029 0.5733 -0.0400
7.5702 0.6310 -0.0400
6.7043 1.9667 -0.0400
6.6454 2.0087 -0.0400
6.6125 2.0557 -0.0400
6.5945 2.1059 -0.0400
6.5895 2.1598 -0.0400
6.6003 2.2189 -0.0400
8.0379 3.2784 -0.0400
5.7060 2.5480 -0.0400
5.6538 2.5644 -0.0400
5.6165 2.5892 -0.0400
5.5871 2.6186 -0.0400
5.5702 2.6565 -0.0400
5.5595 2.6993 -0.0400
5.5599 2.7513 -0.0400
6.4946 4.9731 -0.0400
6.4294 5.0212 -0.0400
4.0251 4.0096 -0.0400
3.9738 3.9815 -0.0400
3.9262 3.9785 -0.0400
3.8772 3.9541 -0.0400
3.8290 3.9281 -0.0400
3.7834 3.9366 -0.0400
3.7369 3.9213 -0.0400
3.6911 3.9096 -0.0400
3.6455 3.9148 -0.0400
3.4290 6.8565 -0.0400
3.3349 6.8027 -0.0400
3.2355 6.8381 -0.0400
3.1324 6.8964 -0.0400
2.0476 3.9465 -0.0400
2.0227 3.8848 -0.0400
1.9730 3.8630 -0.0400
1.9267 3.8357 -0.0400
1.8947 3.7881 -0.0400
1.8521 3.7561 -0.0400
1.7847 3.7563 -0.0400
1.6956 3.7814 -0.0400
1.6547 3.7441 -0.0400
2.1689 1.6918 -0.0400
2.1961 1.6575 -0.0400
2.1977 1.6301 -0.0400
2.1962 1.6036 -0.0400
2.1874 1.5786 -0.0400
2.1744 1.5541 -0.0400
2.1265 1.5344 -0.0400
2.0573 1.5158 -0.0400
2.0491 1.4882 -0.0400
2.0366 1.4608 -0.0400
1.9910 1.4355 -0.0400
1.9257 1.4099 -0.0400
0.7292 0.9638 -0.0400
0.7536 0.9149 -0.0400
0.7596 0.8638 -0.0400
-0.9996 -1.0226 -0.0400
-0.9331 -1.0908 -0.0400
-0.8989 -1.1756 -0.0400
0.6188 -0.8676 -0.0400
0.6776 -0.9055 -0.0400
0.6828 -0.9839 -0.0400
0.1798 -2.9414 -0.0400
3.5269 -2.2727 -0.0400
3.5902 -2.2533 -0.0400
3.6527 -2.2589 -0.0400
3.7153 -2.2584 -0.0400
4.6605 -0.9321 -0.0400
4.6806 -0.8729 -0.0400
4.7114 -0.8395 -0.0400
4.7484 -0.8197 -0.0400
4.7910 -0.8105 -0.0400
4.8247 -0.7841 -0.0400
4.8526 -0.7484 -0.0400
4.8922 -0.7332 -0.0400
4.9379 -0.7274 -0.0400
4.9950 -0.7379 -0.0400
5.0546 -0.7497 -0.0400
7.9167 -2.7932 -0.0400
7.9944 -2.7240 -0.0400
7.4922 0.5094 -0.0400
7.5069 0.5763 -0.0400
7.5448 0.6392 -0.0400
6.7171 1.9756 -0.0400
6.6261 2.0105 -0.0400
6.6061 2.0604 -0.0400
6.5995 2.1136 -0.0400
6.6079 2.1715 -0.0400
6.6459 2.2394 -0.0400
8.0727 3.2056 -0.0400
8.0746 3.2985 -0.0400
5.6938 2.5484 -0.0400
5.6452 2.5670 -0.0400
5.6050 2.5896 -0.0400
5.5848 2.6251 -0.0400
5.5704 2.6647 -0.0400
5.5651 2.7114 -0.0400
6.4949 4.9760 -0.0400
6.4388 5.0362 -0.0400
4.0227 3.9927 -0.0400
3.9732 3.9756 -0.0400
3.9264 3.9776 -0.0400
3.8754 3.9275 -0.0400
3.8294 3.9264 -0.0400
3.7840 3.9353 -0.0400
3.7377 3.9198 -0.0400
3.6921 3.9121 -0.0400
3.6466 3.9356 -0.0400
3.4332 6.8998 -0.0400
3.3411 6.8000 -0.0400
3.2377 6.8932 -0.0400
2.0439 3.9672 -0.0400
2.0330 3.8831 -0.0400
1.9815 3.8647 -0.0400
1.9324 3.8418 -0.0400
1.9013 3.7932 -0.0400
1.8517 3.7708 -0.0400
1.7883 3.7659 -0.0400
1.7034 3.7861 -0.0400
1.6605 3.7515 -0.0400
2.1781 1.7014 -0.0400
2.1890 1.6712 -0.0400
2.2009 1.6414 -0.0400
2.1991 1.6151 -0.0400
2.1910 1.5900 -0.0400
2.1794 1.5654 -0.0400
2.1389 1.5448 -0.0400
2.0602 1.5279 -0.0400
2.0537 1.5002 -0.0400
2.0307 1.4739 -0.0400
2.0069 1.4469 -0.0400
1.9693 1.4201 -0.0400
0.7019 0.9758 -0.0400
0.7437 0.9288 -0.0400
0.7605 0.8792 -0.0400
0.7247 0.8210 -0.0400
-0.9410 -1.0742 -0.0400
0.6673 -0.8935 -0.0400
0.6889 -0.9593 -0.0400
0.1600 -2.9382 -0.0400
3.5177 -2.2735 -0.0400
3.5813 -2.2538 -0.0400
3.6440 -2.2578 -0.0400
3.7072 -2.2902 -0.0400
4.6834 -0.8847 -0.0400
4.7089 -0.8394 -0.0400
4.7500 -0.8272 -0.0400
4.7891 -0.8106 -0.0400
4.8185 -0.7764 -0.0400
4.8524 -0.7509 -0.0400
4.8909 -0.7335 -0.0400
4.9365 -0.7272 -0.0400
5.0177 -0.7749 -0.0400
5.0658 -0.7679 -0.0400
7.8971 -2.7796 -0.0400
7.4964 0.4414 -0.0400
7.4932 0.5126 -0.0400
7.5280 0.5757 -0.0400
6.7409 1.9305 -0.0400
6.6652 1.9706 -0.0400
6.6269 2.0169 -0.0400
6.6050 2.0664 -0.0400
6.5959 2.1190 -0.0400
6.6457 2.1887 -0.0400
8.0799 3.2125 -0.0400
5.6607 2.5365 -0.0400
5.6268 2.5635 -0.0400
5.6007 2.5951 -0.0400
5.5823 2.6315 -0.0400
5.5698 2.6725 -0.0400
5.6259 2.7640 -0.0400
6.4915 4.9747 -0.0400
4.0249 4.0130 -0.0400
3.9722 3.9710 -0.0400
3.9243 3.9601 -0.0400
3.8748 3.9228 -0.0400
3.8292 3.9246 -0.0400
3.7842 3.9358 -0.0400
3.7376 3.9055 -0.0400
3.6926 3.9118 -0.0400
3.6472 3.9356 -0.0400
3.4426 6.8003 -0.0400
3.3465 6.8032 -0.0400
3.2440 6.8872 -0.0400
2.0749 3.9301 -0.0400
2.0391 3.8869 -0.0400
1.9911 3.8635 -0.0400
1.9349 3.8517 -0.0400
1.9086 3.7962 -0.0400
1.8598 3.7732 -0.0400
1.7973 3.7677 -0.0400
1.7101 3.7913 -0.0400
1.6528 3.7744 -0.0400
2.1678 1.7158 -0.0400
2.1975 1.6809 -0.0400
2.1996 1.6535 -0.0400
2.2025 1.6262 -0.0400
2.1972 1.6007 -0.0400
2.1822 1.5768 -0.0400
2.1657 1.5528 -0.0400
2.0629 1.5397 -0.0400
2.0572 1.5120 -0.0400
2.0366 1.4856 -0.0400
2.0163 1.4586 -0.0400
1.9861 1.4316 -0.0400
0.7214 0.9931 -0.0400
0.7484 0.9445 -0.0400
0.7572 0.8938 -0.0400
0.7480 0.8402 -0.0400
0.6966 0.7781 -0.0400
-0.9908 -0.9838 -0.0400
-0.9607 -1.0706 -0.0400
0.6159 -0.8370 -0.0400
0.0849 -2.8593 -0.0400
0.1422 -2.9414 -0.0400
3.4483 -2.2686 -0.0400
3.5121 -2.2543 -0.0400
3.5748 -2.2611 -0.0400
3.6376 -2.2925 -0.0400
4.6121 -0.9410 -0.0400
4.6376 -0.8918 -0.0400
4.6709 -0.8623 -0.0400
4.7110 -0.8478 -0.0400
4.7570 -0.8448 -0.0400
4.7802 -0.7971 -0.0400
4.8176 -0.7775 -0.0400
4.8626 -0.7713 -0.0400
4.9158 -0.7775 -0.0400
4.9812 -0.8013 -0.0400
5.0277 -0.7922 -0.0400
5.1085 -0.8333 -0.0400
7.7794 -2.9597 -0.0400
7.8273 -2.8602 -0.0400
7.9290 -2.8146 -0.0400
7.4728 0.3783 -0.0400
7.4789 0.4476 -0.0400
7.5238 0.5082 -0.0400
6.7589 1.8818 -0.0400
6.6507 1.9170 -0.0400
6.6289 1.9669 -0.0400
6.6199 2.0194 -0.0400
6.6243 2.0754 -0.0400
6.6496 2.1376 -0.0400
8.1708 3.0697 -0.0400
8.1039 3.1340 -0.0400
5.7258 2.4845 -0.0400
5.6780 2.5047 -0.0400
5.6447 2.5323 -0.0400
5.6193 2.5644 -0.0400
5.6140 2.6092 -0.0400
5.6176 2.6610 -0.0400
6.5571 4.9298 -0.0400
4.1183 4.0019 -0.0400
4.0652 3.9690 -0.0400
4.0164 3.9561 -0.0400
3.9666 3.9298 -0.0400
3.9195 3.9178 -0.0400
3.8740 3.9192 -0.0400
3.8286 3.9195 -0.0400
3.7822 3.8988 -0.0400
3.7376 3.9097 -0.0400
3.6929 3.9395 -0.0400
3.6370 6.8850 -0.0400
3.5417 6.7938 -0.0400
3.4459 6.8002 -0.0400
3.3452 6.8856 -0.0400
2.1183 3.9698 -0.0400
2.0891 3.9151 -0.0400
2.0290 3.9113 -0.0400
1.9971 3.8628 -0.0400
1.9584 3.8256 -0.0400
1.9120 3.7999 -0.0400
1.8537 3.7900 -0.0400
1.7612 3.8235 -0.0400
1.7046 3.8068 -0.0400
2.2112 1.6586 -0.0400
2.2055 1.6333 -0.0400
2.1961 1.6086 -0.0400
2.1712 1.5865 -0.0400
2.1453 1.5637 -0.0400
2.0642 1.5475 -0.0400
2.0547 1.5203 -0.0400
2.0245 1.4949 -0.0400
1.9966 1.4683 -0.0400
0.6971 1.0527 -0.0400
0.7353 1.0047 -0.0400
0.7510 0.9548 -0.0400
0.7214 0.8986 -0.0400
0.5424 -0.7886 -0.0400
0.6120 -0.8201 -0.0400
0.0518 -2.8705 -0.0400
3.5649 -2.2633 -0.0400
3.6279 -2.3028 -0.0400
4.5997 -0.9213 -0.0400
4.6311 -0.8857 -0.0400
4.6689 -0.8658 -0.0400
4.7125 -0.8583 -0.0400
4.7477 -0.8329 -0.0400
4.7792 -0.8011 -0.0400
4.8153 -0.7787 -0.0400
4.8579 -0.7678 -0.0400
4.9418 -0.8257 -0.0400
4.9855 -0.8124 -0.0400
5.0449 -0.8227 -0.0400
7.7679 -2.9552 -0.0400
7.8335 -2.8734 -0.0400
7.9411 -2.8331 -0.0400
7.4888 0.3052 -0.0400
7.4762 0.3801 -0.0400
7.4819 0.4497 -0.0400
7.5558 0.5041 -0.0400
6.7625 1.8323 -0.0400
6.6875 1.8751 -0.0400
6.6499 1.9228 -0.0400
6.6279 1.9728 -0.0400
6.6182 2.0252 -0.0400
6.6566 2.0895 -0.0400
8.1298 3.0577 -0.0400
5.6956 2.4759 -0.0400
5.6618 2.5035 -0.0400
5.6367 2.5358 -0.0400
5.6201 2.5732 -0.0400
5.6104 2.6153 -0.0400
5.6151 2.6677 -0.0400
6.6144 4.8764 -0.0400
4.1134 3.9842 -0.0400
4.0628 3.9642 -0.0400
4.0143 3.9521 -0.0400
3.9631 3.9124 -0.0400
3.9175 3.9107 -0.0400
3.8733 3.9239 -0.0400
3.8265 3.9035 -0.0400
3.7813 3.8978 -0.0400
3.7372 3.9182 -0.0400
3.6929 3.9667 -0.0400
3.6412 6.8358 -0.0400
3.5461 6.7891 -0.0400
3.4504 6.7977 -0.0400
2.1495 4.0353 -0.0400
2.1360 3.9512 -0.0400
2.0961 3.9153 -0.0400
2.0429 3.9010 -0.0400
1.9977 3.8737 -0.0400
1.9627 3.8310 -0.0400
1.9075 3.8181 -0.0400
1.8252 3.8408 -0.0400
1.7678 3.8269 -0.0400
1.7157 3.8049 -0.0400
1.6264 3.8277 -0.0400
2.1819 1.5961 -0.0400
2.1373 1.5765 -0.0400
2.0689 1.5586 -0.0400
2.0557 1.5320 -0.0400
2.0417 1.5051 -0.0400
1.9977 1.4803 -0.0400
1.9519 1.4541 -0.0400
0.6750 1.0654 -0.0400
0.7418 1.0202 -0.0400
0.7475 0.9692 -0.0400
0.7366 0.9158 -0.0400
0.6861 0.8552 -0.0400
0.5949 -0.8123 -0.0400
0.0405 -2.8558 -0.0400
4.6026 -0.9394 -0.0400
4.6303 -0.8942 -0.0400
4.6654 -0.8676 -0.0400
4.7110 -0.8638 -0.0400
4.7408 -0.8270 -0.0400
4.7757 -0.8017 -0.0400
4.8154 -0.7855 -0.0400
4.8622 -0.7814 -0.0400
4.9208 -0.7960 -0.0400
4.9806 -0.8097 -0.0400
5.0325 -0.8082 -0.0400
7.7682 -2.9638 -0.0400
7.8333 -2.8810 -0.0400
7.4717 0.3120 -0.0400
7.4641 0.3855 -0.0400
7.5015 0.4475 -0.0400
6.7450 1.8352 -0.0400
6.6817 1.8799 -0.0400
6.6471 1.9281 -0.0400
6.6289 1.9789 -0.0400
6.6326 2.0344 -0.0400
6.6545 2.0950 -0.0400
8.1308 3.0618 -0.0400
8.1357 3.1542 -0.0400
5.7457 2.4642 -0.0400
5.6941 2.4832 -0.0400
5.6587 2.5101 -0.0400
5.6331 2.5420 -0.0400
5.6275 2.5862 -0.0400
5.6324 2.6379 -0.0400
6.6124 4.8785 -0.0400
6.5617 4.9438 -0.0400
4.1072 3.9618 -0.0400
4.0592 3.9551 -0.0400
4.0099 3.9348 -0.0400
3.9606 3.9078 -0.0400
3.9155 3.9089 -0.0400
3.8714 3.9204 -0.0400
3.8244 3.8939 -0.0400
3.7800 3.8977 -0.0400
3.7369 3.9416 -0.0400
3.5498 6.7884 -0.0400
3.4535 6.8204 -0.0400
2.1457 3.9452 -0.0400
2.0984 3.9222 -0.0400
2.0397 3.9170 -0.0400
2.0108 3.8643 -0.0400
1.9694 3.8319 -0.0400
1.9189 3.8127 -0.0400
1.8512 3.8163 -0.0400
1.7691 3.8365 -0.0400
1.7007 3.8353 -0.0400
2.0616 1.5428 -0.0400
2.0387 1.5170 -0.0400
2.0185 1.4903 -0.0400
0.7141 1.0836 -0.0400
0.7384 1.0344 -0.0400
0.7477 0.9839 -0.0400
0.7429 0.9315 -0.0400
0.5927 -0.7940 -0.0400
0.0370 -2.8317 -0.0400
2.4070 -1.2108 -0.0400
4.5681 -0.9844 -0.0400
4.5903 -0.9224 -0.0400
4.6233 -0.8898 -0.0400
4.6626 -0.8722 -0.0400
4.7077 -0.8668 -0.0400
4.7406 -0.8358 -0.0400
4.7733 -0.8055 -0.0400
4.8177 -0.7975 -0.0400
4.8703 -0.8029 -0.0400
4.9377 -0.8314 -0.0400
4.9849 -0.8231 -0.0400
7.7521 -2.9559 -0.0400
7.4686 0.3146 -0.0400
7.4650 0.3872 -0.0400
7.5256 0.4438 -0.0400
6.7217 1.8370 -0.0400
6.6721 1.8838 -0.0400
6.6355 1.9316 -0.0400
6.6293 1.9848 -0.0400
6.6345 2.0407 -0.0400
6.6578 2.1016 -0.0400
8.1646 2.9883 -0.0400
8.1449 3.0707 -0.0400
5.7672 2.4366 -0.0400
5.7123 2.4547 -0.0400
5.6759 2.4814 -0.0400
5.6500 2.5134 -0.0400
5.6325 2.5501 -0.0400
5.6223 2.5915 -0.0400
5.6255 2.6420 -0.0400
6.6794 4.8374 -0.0400
6.6105 4.8809 -0.0400
4.1036 3.9574 -0.0400
4.0557 3.9494 -0.0400
4.0046 3.9158 -0.0400
3.9575 3.9024 -0.0400
3.9130 3.9070 -0.0400
3.8682 3.9081 -0.0400
3.8222 3.8918 -0.0400
3.7781 3.8972 -0.0400
3.7353 3.9415 -0.0400
3.6479 6.8054 -0.0400
3.5529 6.7897 -0.0400
3.4552 6.8684 -0.0400
3.3566 6.9098 -0.0400
2.1701 4.0185 -0.0400
2.1477 3.9511 -0.0400
2.1060 3.9190 -0.0400
2.0504 3.9095 -0.0400
2.0184 3.8624 -0.0400
1.9723 3.8375 -0.0400
1.9144 3.8290 -0.0400
1.8201 3.8692 -0.0400
1.7783 3.8346 -0.0400
1.7200 3.8212 -0.0400
0.3280 3.5921 -0.0400
1.9707 1.4763 -0.0400
0.7121 1.0977 -0.0400
0.7366 1.0486 -0.0400
0.7468 0.9983 -0.0400
0.7164 0.9423 -0.0400
-1.0587 -0.8538 -0.0400
-0.1079 -2.8206 -0.0400
0.0240 -2.8183 -0.0400
2.4761 -1.1487 -0.0400
2.5267 -1.1543 -0.0400
2.5735 -1.1676 -0.0400
4.5901 -0.9364 -0.0400
4.6207 -0.8970 -0.0400
4.6606 -0.8800 -0.0400
4.7015 -0.8651 -0.0400
4.7332 -0.8315 -0.0400
4.7691 -0.8072 -0.0400
4.8105 -0.7932 -0.0400
4.8582 -0.7901 -0.0400
4.9245 -0.8169 -0.0400
4.9953 -0.8475 -0.0400
7.7452 -2.9585 -0.0400
7.5070 0.2321 -0.0400
7.4551 0.3197 -0.0400
7.4708 0.3872 -0.0400
7.5367 0.4427 -0.0400
6.7655 1.7930 -0.0400
6.6974 1.8385 -0.0400
6.6473 1.8850 -0.0400
6.6349 1.9370 -0.0400
6.6321 1.9909 -0.0400
6.6408 2.0477 -0.0400
8.1677 2.9928 -0.0400
8.1353 3.0706 -0.0400
5.7685 2.4451 -0.0400
5.7110 2.4621 -0.0400
5.6737 2.4884 -0.0400
5.6485 2.5209 -0.0400
5.6382 2.5619 -0.0400
5.6402 2.6110 -0.0400
5.6767 2.6834 -0.0400
6.6740 4.8362 -0.0400
4.1504 3.9735 -0.0400
4.0985 3.9467 -0.0400
4.0512 3.9411 -0.0400
4.0006 3.9087 -0.0400
3.9544 3.9007 -0.0400
3.9107 3.9108 -0.0400
3.8643 3.8935 -0.0400
3.8197 3.8914 -0.0400
3.7761 3.9015 -0.0400
3.7341 3.9660 -0.0400
3.6504 6.7965 -0.0400
3.5557 6.7832 -0.0400
3.4574 6.8933 -0.0400
2.1916 3.9880 -0.0400
2.1549 3.9469 -0.0400
2.1061 3.9273 -0.0400
2.0529 3.9142 -0.0400
2.0219 3.8656 -0.0400
1.9790 3.8363 -0.0400
1.9262 3.8211 -0.0400
1.8276 3.8681 -0.0400
1.7774 3.8451 -0.0400
1.6926 3.8658 -0.0400
0.3076 3.7042 -0.0400
0.3416 3.5955 -0.0400
0.3288 3.5209 -0.0400
0.2786 3.4709 -0.0400
0.2050 3.4343 -0.0400
0.6762 1.1085 -0.0400
0.7365 1.0627 -0.0400
0.7454 1.0124 -0.0400
0.7165 0.9567 -0.0400
-1.0243 -0.9177 -0.0400
0.0068 -2.8096 -0.0400
2.3917 -1.1807 -0.0400
2.4585 -1.1549 -0.0400
2.5163 -1.1449 -0.0400
2.5614 -1.1624 -0.0400
2.5983 -1.2004 -0.0400
2.6332 -1.2454 -0.0400
4.5488 -0.9681 -0.0400
4.5776 -0.9220 -0.0400
4.6129 -0.8937 -0.0400
4.6543 -0.8798 -0.0400
4.7014 -0.8778 -0.0400
4.7308 -0.8384 -0.0400
4.7657 -0.8115 -0.0400
4.8121 -0.8066 -0.0400
4.8672 -0.8158 -0.0400
4.9320 -0.8390 -0.0400
4.9817 -0.8339 -0.0400
7.6673 -3.0394 -0.0400
7.4999 0.2349 -0.0400
7.4533 0.3211 -0.0400
7.4782 0.3864 -0.0400
6.7149 1.7911 -0.0400
6.6756 1.8403 -0.0400
6.6503 1.8906 -0.0400
6.6369 1.9426 -0.0400
6.6392 1.9977 -0.0400
6.7121 2.0690 -0.0400
8.1657 2.9954 -0.0400
5.7853 2.4146 -0.0400
5.7275 2.4325 -0.0400
5.6902 2.4593 -0.0400
5.6635 2.4910 -0.0400
5.6447 2.5269 -0.0400
5.6334 2.5674 -0.0400
5.6335 2.6153 -0.0400
6.7335 4.7870 -0.0400
6.6676 4.8342 -0.0400
4.1449 3.9651 -0.0400
4.0943 3.9439 -0.0400
4.0428 3.9110 -0.0400
3.9955 3.8975 -0.0400
3.9508 3.8987 -0.0400
3.9076 3.9116 -0.0400
3.8608 3.8886 -0.0400
3.8168 3.8908 -0.0400
3.7742 3.9175 -0.0400
3.7476 6.8143 -0.0400
3.6524 6.7736 -0.0400
3.5579 6.7828 -0.0400
3.4598 6.8968 -0.0400
2.1873 4.0028 -0.0400
2.1575 3.9497 -0.0400
2.0987 3.9470 -0.0400
2.0659 3.9008 -0.0400
2.0270 3.8654 -0.0400
1.9802 3.8422 -0.0400
1.9189 3.8395 -0.0400
1.8307 3.8721 -0.0400
1.7865 3.8414 -0.0400
1.7245 3.8335 -0.0400
0.3084 3.7156 -0.0400
0.3700 3.5882 -0.0400
0.3341 3.5294 -0.0400
0.2809 3.4814 -0.0400
0.1969 3.4513 -0.0400
0.6975 1.1243 -0.0400
0.7276 1.0756 -0.0400
0.7433 1.0261 -0.0400
0.7381 0.9739 -0.0400
-1.0724 -0.8196 -0.0400
-1.0331 -0.9015 -0.0400
-0.1039 -2.7594 -0.0400
-0.0101 -2.8004 -0.0400
2.4488 -1.1431 -0.0400
2.5012 -1.1455 -0.0400
2.5480 -1.1595 -0.0400
2.5887 -1.1882 -0.0400
2.6079 -1.2745 -0.0400
4.5471 -0.9823 -0.0400
4.5739 -0.9302 -0.0400
4.6083 -0.8990 -0.0400
4.6533 -0.8927 -0.0400
4.6893 -0.8662 -0.0400
4.7228 -0.8355 -0.0400
4.7604 -0.8136 -0.0400
4.8040 -0.8031 -0.0400
4.8538 -0.8027 -0.0400
4.9327 -0.8505 -0.0400
4.9940 -0.8639 -0.0400
7.4651 0.2455 -0.0400
7.4509 0.3223 -0.0400
7.5052 0.3800 -0.0400
6.7822 1.7484 -0.0400
6.7122 1.7954 -0.0400
6.6591 1.8426 -0.0400
6.6434 1.8944 -0.0400
6.6446 1.9491 -0.0400
6.6548 2.0060 -0.0400
6.6832 2.0677 -0.0400
8.1648 2.9982 -0.0400
5.7792 2.4193 -0.0400
5.7235 2.4383 -0.0400
5.6868 2.4654 -0.0400
5.6609 2.4977 -0.0400
5.6499 2.5381 -0.0400
5.6497 2.5852 -0.0400
5.6731 2.6479 -0.0400
6.7403 4.7998 -0.0400
6.6647 4.8363 -0.0400
4.1895 3.9729 -0.0400
4.1379 3.9510 -0.0400
4.0897 3.9415 -0.0400
4.0387 3.9106 -0.0400
3.9913 3.8954 -0.0400
3.9470 3.8982 -0.0400
3.9017 3.8909 -0.0400
3.8568 3.8841 -0.0400
3.8137 3.8945 -0.0400
3.7718 3.9308 -0.0400
3.7488 6.8025 -0.0400
3.6538 6.7634 -0.0400
3.5591 6.8206 -0.0400
3.4606 6.9391 -0.0400
2.2261 4.0473 -0.0400
2.2032 3.9799 -0.0400
2.1622 3.9475 -0.0400
2.1095 3.9352 -0.0400
2.0645 3.9095 -0.0400
2.0311 3.8655 -0.0400
1.9747 3.8573 -0.0400
1.8933 3.8834 -0.0400
1.8364 3.8716 -0.0400
1.7831 3.8534 -0.0400
0.3895 3.6699 -0.0400
0.3750 3.5961 -0.0400
0.3403 3.5366 -0.0400
0.2871 3.4890 -0.0400
0.6866 1.1368 -0.0400
0.7346 1.0899 -0.0400
0.7438 1.0398 -0.0400
0.7271 0.9862 -0.0400
0.6922 0.9289 -0.0400
-1.1043 -0.8143 -0.0400
-1.0422 -0.8856 -0.0400
0.4989 -0.7193 -0.0400
-0.0216 -2.7847 -0.0400
2.4364 -1.1368 -0.0400
2.4887 -1.1395 -0.0400
2.5359 -1.1528 -0.0400
2.5741 -1.1878 -0.0400
2.6086 -1.2341 -0.0400
4.5422 -0.9903 -0.0400
4.5685 -0.9360 -0.0400
4.6016 -0.9010 -0.0400
4.6455 -0.8919 -0.0400
4.6855 -0.8736 -0.0400
4.7185 -0.8412 -0.0400
4.7579 -0.8223 -0.0400
4.8056 -0.8189 -0.0400
4.8647 -0.8342 -0.0400
4.9249 -0.8487 -0.0400
4.9774 -0.8477 -0.0400
7.4588 0.2471 -0.0400
7.4533 0.3216 -0.0400
7.5400 0.3709 -0.0400
6.7440 1.7483 -0.0400
6.6982 1.7979 -0.0400
6.6560 1.8466 -0.0400
6.6445 1.8992 -0.0400
6.6448 1.9538 -0.0400
6.6896 2.0178 -0.0400
8.1774 2.9164 -0.0400
8.1876 3.0091 -0.0400
5.7672 2.4211 -0.0400
5.7007 2.4346 -0.0400
5.6757 2.4675 -0.0400
5.6580 2.5040 -0.0400
5.6471 2.5445 -0.0400
5.6467 2.5916 -0.0400
6.7215 4.7848 -0.0400
6.6853 4.8652 -0.0400
4.1854 3.9755 -0.0400
4.1305 3.9371 -0.0400
4.0806 3.9164 -0.0400
4.0314 3.8933 -0.0400
3.9868 3.8944 -0.0400
3.9435 3.9034 -0.0400
3.8975 3.8900 -0.0400
3.8528 3.8836 -0.0400
3.8101 3.8971 -0.0400
3.7491 6.7734 -0.0400
3.6549 6.7606 -0.0400
3.5604 6.8249 -0.0400
3.4624 6.9327 -0.0400
2.2032 3.9845 -0.0400
2.1607 3.9549 -0.0400
2.1076 3.9436 -0.0400
2.0758 3.8964 -0.0400
2.0338 3.8669 -0.0400
1.9836 3.8497 -0.0400
1.9175 3.8546 -0.0400
1.8396 3.8734 -0.0400
1.7687 3.8794 -0.0400
0.3838 3.6845 -0.0400
0.3775 3.6049 -0.0400
0.3466 3.5432 -0.0400
0.2528 3.5214 -0.0400
0.7318 1.0004 -0.0400
-1.0789 -0.7825 -0.0400
-1.0433 -0.8659 -0.0400
0.5480 -0.7456 -0.0400
2.3526 -1.1641 -0.0400
2.4215 -1.1352 -0.0400
2.4752 -1.1352 -0.0400
2.5228 -1.1479 -0.0400
2.5607 -1.1838 -0.0400
2.5938 -1.2341 -0.0400
4.5337 -0.9902 -0.0400
4.5554 -0.9241 -0.0400
4.5948 -0.9043 -0.0400
4.6383 -0.8939 -0.0400
4.6803 -0.8795 -0.0400
4.7105 -0.8407 -0.0400
4.7508 -0.8232 -0.0400
4.7978 -0.8182 -0.0400
4.8530 -0.8266 -0.0400
4.9274 -0.8658 -0.0400
7.4463 0.1765 -0.0400
7.4385 0.2525 -0.0400
7.4540 0.3208 -0.0400
7.5569 0.3660 -0.0400
6.7478 1.7525 -0.0400
6.6799 1.7995 -0.0400
6.6517 1.8502 -0.0400
6.6474 1.9040 -0.0400
6.6506 1.9593 -0.0400
6.7025 2.0248 -0.0400
8.1873 2.9222 -0.0400
5.8467 2.4185 -0.0400
5.7267 2.4093 -0.0400
5.6959 2.4397 -0.0400
5.6721 2.4733 -0.0400
5.6560 2.5108 -0.0400
5.6674 2.5639 -0.0400
5.6934 2.6270 -0.0400
6.7170 4.7854 -0.0400
6.6685 4.8519 -0.0400
4.1753 3.9527 -0.0400
4.1251 3.9347 -0.0400
4.0728 3.9005 -0.0400
4.0268 3.8944 -0.0400
3.9821 3.8941 -0.0400
3.9377 3.8940 -0.0400
3.8920 3.8805 -0.0400
3.8487 3.8858 -0.0400
3.8069 3.9100 -0.0400
3.7495 6.7679 -0.0400
3.6556 6.7680 -0.0400
3.5609 6.8683 -0.0400
2.2497 4.0101 -0.0400
2.2117 3.9724 -0.0400
2.1643 3.9524 -0.0400
2.1064 3.9497 -0.0400
2.0767 3.8993 -0.0400
2.0335 3.8718 -0.0400
1.9746 3.8679 -0.0400
1.8852 3.9065 -0.0400
1.8424 3.8750 -0.0400
1.7847 3.8635 -0.0400
0.4152 3.6720 -0.0400
0.3898 3.6064 -0.0400
0.3445 3.5545 -0.0400
0.2737 3.5184 -0.0400
-1.0858 -0.7659 -0.0400
-1.0525 -0.8503 -0.0400
0.5464 -0.7269 -0.0400
2.4035 -1.1396 -0.0400
2.4602 -1.1339 -0.0400
2.5087 -1.1446 -0.0400
2.5485 -1.1762 -0.0400
2.5821 -1.2249 -0.0400
4.5476 -0.9267 -0.0400
4.5878 -0.9083 -0.0400
4.6316 -0.8982 -0.0400
4.6668 -0.8688 -0.0400
4.7041 -0.8446 -0.0400
4.7440 -0.8260 -0.0400
4.7905 -0.8198 -0.0400
4.8718 -0.8750 -0.0400
4.9185 -0.8643 -0.0400
4.9829 -0.8820 -0.0400
7.4862 0.1621 -0.0400
7.4344 0.2525 -0.0400
7.4646 0.3167 -0.0400
6.7843 1.7037 -0.0400
6.6991 1.7507 -0.0400
6.6639 1.8012 -0.0400
6.6503 1.8538 -0.0400
6.6465 1.9078 -0.0400
6.6658 1.9661 -0.0400
6.7581 2.0399 -0.0400
8.2209 2.8465 -0.0400
8.1747 2.9204 -0.0400
5.7528 2.3831 -0.0400
5.7173 2.4120 -0.0400
5.6903 2.4443 -0.0400
5.6696 2.4794 -0.0400
5.6672 2.5243 -0.0400
5.6717 2.5739 -0.0400
5.7142 2.6468 -0.0400
6.7762 4.7367 -0.0400
6.7189 4.7931 -0.0400
4.1649 3.9305 -0.0400
4.1199 3.9355 -0.0400
4.0663 3.8940 -0.0400
4.0209 3.8904 -0.0400
3.9778 3.8992 -0.0400
3.9311 3.8816 -0.0400
3.8872 3.8811 -0.0400
3.8449 3.8944 -0.0400
3.8067 3.9644 -0.0400
3.8477 6.8642 -0.0400
3.7493 6.7585 -0.0400
3.6559 6.7709 -0.0400
3.5614 6.8710 -0.0400
2.2731 4.0803 -0.0400
2.2522 4.0075 -0.0400
2.2136 3.9714 -0.0400
2.1663 3.9516 -0.0400
2.1220 3.9261 -0.0400
2.0828 3.8926 -0.0400
2.0367 3.8702 -0.0400
1.9811 3.8619 -0.0400
1.8864 3.9088 -0.0400
1.8366 3.8875 -0.0400
0.4085 3.6860 -0.0400
0.3925 3.6137 -0.0400
0.3545 3.5572 -0.0400
-1.0915 -0.7489 -0.0400
-1.0888 -0.8481 -0.0400
0.5311 -0.7179 -0.0400
2.3986 -1.1159 -0.0400
2.4503 -1.1205 -0.0400
2.4961 -1.1375 -0.0400
2.5371 -1.1660 -0.0400
2.5728 -1.2093 -0.0400
3.2600 -2.2696 -0.0400
4.6590 -0.8714 -0.0400
4.6969 -0.8482 -0.0400
4.7373 -0.8302 -0.0400
4.7969 -0.8483 -0.0400
4.8653 -0.8792 -0.0400
4.9115 -0.8672 -0.0400
4.9709 -0.8765 -0.0400
7.4593 0.1687 -0.0400
7.4359 0.2502 -0.0400
7.4788 0.3111 -0.0400
6.7686 1.7052 -0.0400
6.6981 1.7537 -0.0400
6.6592 1.8039 -0.0400
6.6520 1.8575 -0.0400
6.6624 1.9139 -0.0400
6.7038 1.9765 -0.0400
8.2114 2.8454 -0.0400
8.2249 2.9389 -0.0400
5.8171 2.3723 -0.0400
5.7581 2.3922 -0.0400
5.7082 2.4146 -0.0400
5.6852 2.4488 -0.0400
5.6759 2.4899 -0.0400
5.6732 2.5349 -0.0400
5.6837 2.5880 -0.0400
6.7852 4.7515 -0.0400
4.2091 3.9452 -0.0400
4.1585 3.9272 -0.0400
4.1082 3.9062 -0.0400
4.0606 3.8934 -0.0400
4.0153 3.8894 -0.0400
3.9730 3.9029 -0.0400
3.9254 3.8784 -0.0400
3.8821 3.8812 -0.0400
3.8411 3.9078 -0.0400
3.8440 6.7889 -0.0400
3.7492 6.7641 -0.0400
3.6567 6.8559 -0.0400
3.5614 6.8858 -0.0400
2.2864 4.0541 -0.0400
2.2560 4.0010 -0.0400
2.2150 3.9700 -0.0400
2.1565 3.9704 -0.0400
2.1244 3.9240 -0.0400
2.0847 3.8915 -0.0400
2.0388 3.8693 -0.0400
1.9475 3.9155 -0.0400
1.8921 3.9038 -0.0400
1.8422 3.8830 -0.0400
1.7669 3.8960 -0.0400
0.4327 3.7617 -0.0400
0.4304 3.6788 -0.0400
0.3998 3.6172 -0.0400
0.3485 3.5698 -0.0400
0.2610 3.5448 -0.0400
2.2135 1.8031 -0.0400
2.2245 1.7744 -0.0400
2.2293 1.7478 -0.0400
-1.1807 -0.6703 -0.0400
-1.0955 -0.7315 -0.0400
0.4723 -0.6593 -0.0400
0.5286 -0.7002 -0.0400
2.3778 -1.1255 -0.0400
2.4342 -1.1208 -0.0400
2.4827 -1.1319 -0.0400
2.5186 -1.1729 -0.0400
2.5466 -1.2365 -0.0400
3.2443 -2.2804 -0.0400
3.3122 -2.2468 -0.0400
3.3760 -2.2606 -0.0400
3.4397 -2.2855 -0.0400
4.7925 -0.8577 -0.0400
4.8586 -0.8840 -0.0400
4.9053 -0.8726 -0.0400
7.4181 0.1795 -0.0400
7.4383 0.2472 -0.0400
7.4904 0.3055 -0.0400
6.7277 1.7040 -0.0400
6.6801 1.7545 -0.0400
6.6586 1.8068 -0.0400
6.6530 1.8607 -0.0400
6.6629 1.9172 -0.0400
6.7468 1.9874 -0.0400
8.1984 2.8430 -0.0400
5.7725 2.3595 -0.0400
5.7356 2.3886 -0.0400
5.7010 2.4179 -0.0400
5.6838 2.4550 -0.0400
5.6709 2.4943 -0.0400
5.6866 2.5491 -0.0400
5.7161 2.6132 -0.0400
6.7696 4.7406 -0.0400
6.7366 4.8232 -0.0400
4.2539 3.9598 -0.0400
4.1995 3.9305 -0.0400
4.1529 3.9290 -0.0400
4.0990 3.8901 -0.0400
4.0533 3.8854 -0.0400
4.0108 3.8969 -0.0400
3.9645 3.8845 -0.0400
3.9198 3.8785 -0.0400
3.8777 3.8907 -0.0400
3.8368 3.9177 -0.0400
3.8425 6.7720 -0.0400
3.7490 6.7753 -0.0400
3.6562 6.8410 -0.0400
2.2656 4.0956 -0.0400
2.2597 3.9937 -0.0400
2.2156 3.9690 -0.0400
2.1623 3.9606 -0.0400
2.1277 3.9190 -0.0400
2.0861 3.8903 -0.0400
2.0271 3.8892 -0.0400
1.9444 3.9220 -0.0400
1.8940 3.9031 -0.0400
1.8445 3.8823 -0.0400
0.3917 3.7997 -0.0400
0.4236 3.6913 -0.0400
0.4033 3.6227 -0.0400
0.3319 3.5888 -0.0400
2.1783 1.8460 -0.0400
2.2146 1.8093 -0.0400
2.2266 1.7804 -0.0400
2.2318 1.7539 -0.0400
2.2355 1.7281 -0.0400
2.2300 1.7045 -0.0400
2.2211 1.6816 -0.0400
-1.1016 -0.7153 -0.0400
-1.0696 -0.8000 -0.0400
0.5204 -0.6866 -0.0400
-0.1555 -2.6745 -0.0400
2.3705 -1.1063 -0.0400
2.4231 -1.1096 -0.0400
2.4690 -1.1265 -0.0400
2.5095 -1.1563 -0.0400
2.5434 -1.2042 -0.0400
3.2312 -2.2603 -0.0400
3.2971 -2.2498 -0.0400
3.3613 -2.2595 -0.0400
3.4253 -2.2788 -0.0400
7.4362 0.0953 -0.0400
7.4188 0.1762 -0.0400
7.4386 0.2441 -0.0400
7.4938 0.3018 -0.0400
6.7181 1.7053 -0.0400
6.6746 1.7563 -0.0400
6.6581 1.8092 -0.0400
6.6609 1.8644 -0.0400
6.6852 1.9234 -0.0400
6.7823 1.9964 -0.0400
8.2502 2.7711 -0.0400
8.2049 2.8462 -0.0400
5.7626 2.3612 -0.0400
5.7204 2.3879 -0.0400
5.6984 2.4230 -0.0400
5.6870 2.4630 -0.0400
5.6798 2.5055 -0.0400
5.7194 2.5733 -0.0400
6.7795 4.7562 -0.0400
4.2421 3.9392 -0.0400
4.1917 3.9243 -0.0400
4.1383 3.8924 -0.0400
4.0911 3.8822 -0.0400
4.0471 3.8850 -0.0400
4.0046 3.8957 -0.0400
3.9571 3.8746 -0.0400
3.9138 3.8775 -0.0400
3.8747 3.9135 -0.0400
3.9390 6.8272 -0.0400
3.8414 6.7699 -0.0400
3.7487 6.7964 -0.0400
3.6559 6.8736 -0.0400
2.2943 4.0359 -0.0400
2.2606 3.9903 -0.0400
2.2125 3.9736 -0.0400
2.1568 3.9698 -0.0400
2.1308 3.9134 -0.0400
2.0860 3.8904 -0.0400
2.0218 3.8979 -0.0400
1.9375 3.9335 -0.0400
1.8956 3.9021 -0.0400
1.8119 3.9300 -0.0400
0.4508 3.7628 -0.0400
0.4417 3.6853 -0.0400
0.4081 3.6265 -0.0400
0.3527 3.5823 -0.0400
0.2510 3.5670 -0.0400
2.2121 1.8159 -0.0400
2.2266 1.7864 -0.0400
2.2396 1.7582 -0.0400
2.2375 1.7340 -0.0400
2.2321 1.7106 -0.0400
2.2230 1.6878 -0.0400
2.1976 1.6677 -0.0400
2.1704 1.6470 -0.0400
2.0876 1.6330 -0.0400
-1.1662 -0.6266 -0.0400
-1.1047 -0.6981 -0.0400
-1.0954 -0.7934 -0.0400
0.5007 -0.6812 -0.0400
-0.2204 -2.7173 -0.0400
-0.0929 -2.7216 -0.0400
2.3056 -1.1039 -0.0400
2.3653 -1.0941 -0.0400
2.4149 -1.1036 -0.0400
2.4512 -1.1428 -0.0400
2.4777 -1.2075 -0.0400
3.1518 -2.2946 -0.0400
3.2225 -2.2450 -0.0400
3.2864 -2.2591 -0.0400
3.3485 -2.3084 -0.0400
7.4357 0.0165 -0.0400
7.4028 0.1043 -0.0400
7.4491 0.1638 -0.0400
6.8036 1.6001 -0.0400
6.7051 1.6502 -0.0400
6.6753 1.7029 -0.0400
6.6679 1.7569 -0.0400
6.6752 1.8127 -0.0400
6.7128 1.8731 -0.0400
8.2498 2.6833 -0.0400
8.2469 2.7706 -0.0400
5.8281 2.3009 -0.0400
5.7671 2.3219 -0.0400
5.7343 2.3531 -0.0400
5.7161 2.3900 -0.0400
5.7077 2.4314 -0.0400
5.7244 2.4854 -0.0400
5.7470 2.5438 -0.0400
6.8770 4.6290 -0.0400
6.8313 4.6971 -0.0400
4.2792 3.9194 -0.0400
4.2264 3.8967 -0.0400
4.1750 3.8745 -0.0400
4.1287 3.8690 -0.0400
4.0854 3.8753 -0.0400
4.0390 3.8648 -0.0400
3.9948 3.8635 -0.0400
3.9529 3.8741 -0.0400
3.9126 3.8976 -0.0400
4.0279 6.7684 -0.0400
3.9338 6.7643 -0.0400
3.8417 6.7923 -0.0400
3.7521 6.9218 -0.0400
2.3706 4.1112 -0.0400
2.3433 4.0488 -0.0400
2.3070 4.0083 -0.0400
2.2483 4.0127 -0.0400
2.2135 3.9704 -0.0400
2.1761 3.9344 -0.0400
2.1294 3.9150 -0.0400
2.0757 3.9069 -0.0400
1.9856 3.9553 -0.0400
1.9393 3.9309 -0.0400
0.4729 3.8361 -0.0400
0.4927 3.7357 -0.0400
0.4455 3.6869 -0.0400
0.3712 3.6564 -0.0400
2.2160 1.8441 -0.0400
2.2482 1.8093 -0.0400
2.2493 1.7842 -0.0400
2.2474 1.7601 -0.0400
2.2426 1.7367 -0.0400
2.2254 1.7159 -0.0400
2.2076 1.6948 -0.0400
2.1792 1.6750 -0.0400
2.0957 1.6628 -0.0400
2.0790 1.6387 -0.0400
2.0626 1.6140 -0.0400
2.0391 1.5897 -0.0400
-1.1265 -0.6957 -0.0400
0.4008 -0.5778 -0.0400
0.4599 -0.6175 -0.0400
-0.2460 -2.5828 -0.0400
2.4837 -1.1413 -0.0400
2.5190 -1.1852 -0.0400
3.1967 -2.2992 -0.0400
3.2668 -2.2484 -0.0400
3.3310 -2.2608 -0.0400
3.3955 -2.2730 -0.0400
7.4070 0.0968 -0.0400
7.4143 0.1696 -0.0400
7.4561 0.2311 -0.0400
6.7753 1.6564 -0.0400
6.6911 1.7060 -0.0400
6.6661 1.7587 -0.0400
6.6617 1.8133 -0.0400
6.6803 1.8710 -0.0400
6.7581 1.9388 -0.0400
8.2229 2.7642 -0.0400
8.2258 2.8537 -0.0400
5.8526 2.3168 -0.0400
5.7746 2.3318 -0.0400
5.7353 2.3606 -0.0400
5.7136 2.3962 -0.0400
5.6966 2.4338 -0.0400
5.6940 2.4783 -0.0400
5.7187 2.5374 -0.0400
6.8169 4.6890 -0.0400
6.7700 4.7562 -0.0400
4.2702 3.9198 -0.0400
4.2218 3.9132 -0.0400
4.1734 3.9042 -0.0400
4.1232 3.8837 -0.0400
4.0776 3.8802 -0.0400
4.0341 3.8847 -0.0400
3.9874 3.8705 -0.0400
3.9442 3.8731 -0.0400
3.9029 3.8882 -0.0400
3.9351 6.8142 -0.0400
3.8390 6.7797 -0.0400
3.7484 6.8624 -0.0400
2.3361 4.0584 -0.0400
2.3001 4.0169 -0.0400
2.2594 3.9866 -0.0400
2.2036 3.9849 -0.0400
2.1687 3.9442 -0.0400
2.1308 3.9097 -0.0400
2.0757 3.9045 -0.0400
2.0148 3.9070 -0.0400
1.9403 3.9283 -0.0400
1.8891 3.9113 -0.0400
1.8242 3.9130 -0.0400
0.4706 3.7597 -0.0400
0.4524 3.6895 -0.0400
0.4135 3.6348 -0.0400
0.3529 3.5947 -0.0400
2.1977 1.8559 -0.0400
2.2266 1.8218 -0.0400
2.2373 1.7940 -0.0400
2.2407 1.7685 -0.0400
2.2402 1.7443 -0.0400
2.2338 1.7214 -0.0400
2.2217 1.6996 -0.0400
2.2055 1.6783 -0.0400
2.1788 1.6581 -0.0400
2.0862 1.6461 -0.0400
2.0745 1.6213 -0.0400
2.0578 1.5967 -0.0400
2.0332 1.5722 -0.0400
0.4468 -0.6020 -0.0400
0.4968 -0.6468 -0.0400
-0.2062 -2.6460 -0.0400
-0.1233 -2.6990 -0.0400
3.2450 -2.2602 -0.0400
3.3108 -2.2520 -0.0400
3.3753 -2.2632 -0.0400
3.4401 -2.2750 -0.0400
7.4427 0.1535 -0.0400
7.4409 0.2293 -0.0400
7.5349 0.2762 -0.0400
6.7888 1.6577 -0.0400
6.7184 1.7091 -0.0400
6.6841 1.7617 -0.0400
6.6581 1.8142 -0.0400
6.6542 1.8690 -0.0400
6.6801 1.9285 -0.0400
8.1958 2.8445 -0.0400
5.8248 2.3580 -0.0400
5.7425 2.3701 -0.0400
5.7109 2.4017 -0.0400
5.6911 2.4382 -0.0400
5.6816 2.4794 -0.0400
5.6897 2.5299 -0.0400
5.6952 2.5803 -0.0400
6.8421 4.7199 -0.0400
6.7576 4.7496 -0.0400
4.2186 3.9354 -0.0400
4.1701 3.9273 -0.0400
4.1215 3.9159 -0.0400
4.0691 3.8827 -0.0400
4.0266 3.8924 -0.0400
3.9819 3.8900 -0.0400
3.9362 3.8784 -0.0400
3.8933 3.8828 -0.0400
3.8578 3.9452 -0.0400
3.8365 6.7791 -0.0400
3.7444 6.8140 -0.0400
3.6518 6.8858 -0.0400
2.2895 4.0316 -0.0400
2.2565 3.9857 -0.0400
2.2086 3.9698 -0.0400
2.1634 3.9485 -0.0400
2.1262 3.9130 -0.0400
2.0845 3.8858 -0.0400
2.0282 3.8821 -0.0400
1.9667 3.8848 -0.0400
1.8952 3.9000 -0.0400
1.8268 3.9077 -0.0400
0.4501 3.6975 -0.0400
0.4169 3.6391 -0.0400
0.3642 3.5940 -0.0400
0.2761 3.5711 -0.0400
2.2076 1.8074 -0.0400
2.2366 1.7753 -0.0400
2.2378 1.7508 -0.0400
2.2354 1.7273 -0.0400
2.2293 1.7047 -0.0400
2.2191 1.6826 -0.0400
2.2043 1.6611 -0.0400
2.1378 1.6463 -0.0400
2.0828 1.6279 -0.0400
2.0719 1.6031 -0.0400
2.0557 1.5785 -0.0400
1.9945 1.5564 -0.0400
0.4468 -0.6569 -0.0400
0.5170 -0.6876 -0.0400
-0.1369 -2.6770 -0.0400
3.1686 -2.2630 -0.0400
3.2352 -2.2502 -0.0400
3.2996 -2.2630 -0.0400
7.4392 -0.0028 -0.0400
7.3975 0.0892 -0.0400
7.4150 0.1589 -0.0400
7.4731 0.2156 -0.0400
6.7056 1.6524 -0.0400
6.6815 1.7062 -0.0400
6.6702 1.7605 -0.0400
6.6756 1.8166 -0.0400
6.6921 1.8745 -0.0400
8.2614 2.6855 -0.0400
8.2246 2.7639 -0.0400
5.8016 2.3059 -0.0400
5.7560 2.3334 -0.0400
5.7276 2.3668 -0.0400
5.7098 2.4043 -0.0400
5.7094 2.4497 -0.0400
5.7237 2.5030 -0.0400
6.8722 4.6390 -0.0400
4.3015 3.9140 -0.0400
4.2520 3.9052 -0.0400
4.2036 3.8974 -0.0400
4.1524 3.8758 -0.0400
4.1070 3.8737 -0.0400
4.0648 3.8842 -0.0400
4.0197 3.8808 -0.0400
3.9737 3.8694 -0.0400
3.9339 3.8924 -0.0400
3.9008 3.9658 -0.0400
4.0226 6.7802 -0.0400
3.9285 6.7761 -0.0400
3.8381 6.8322 -0.0400
3.7460 6.8914 -0.0400
2.3621 4.1106 -0.0400
2.3411 4.0353 -0.0400
2.3015 4.0027 -0.0400
2.2510 3.9927 -0.0400
2.2096 3.9644 -0.0400
2.1737 3.9266 -0.0400
2.1265 3.9095 -0.0400
2.0627 3.9195 -0.0400
1.9872 3.9456 -0.0400
1.9381 3.9270 -0.0400
1.8659 3.9419 -0.0400
0.5012 3.8299 -0.0400
0.4924 3.7520 -0.0400
0.4611 3.6922 -0.0400
0.4127 3.6448 -0.0400
2.2093 1.8598 -0.0400
2.2339 1.8275 -0.0400
2.2437 1.8002 -0.0400
2.2458 1.7755 -0.0400
2.2447 1.7519 -0.0400
2.2356 1.7300 -0.0400
2.2221 1.7089 -0.0400
2.2017 1.6887 -0.0400
2.1671 1.6700 -0.0400
2.0925 1.6559 -0.0400
2.0817 1.6315 -0.0400
2.0463 1.6093 -0.0400
2.0106 1.5861 -0.0400
0.6978 1.2510 -0.0400
0.4799 -0.6226 -0.0400
-0.3419 -2.5935 -0.0400
-0.2147 -2.6005 -0.0400
3.1501 -2.2873 -0.0400
3.2190 -2.2539 -0.0400
3.2838 -2.2616 -0.0400
3.3469 -2.3076 -0.0400
7.3872 0.0099 -0.0400
7.3891 0.0858 -0.0400
7.4283 0.1483 -0.0400
6.8307 1.6017 -0.0400
6.6968 1.6514 -0.0400
6.6775 1.7056 -0.0400
6.6692 1.7604 -0.0400
6.6903 1.8183 -0.0400
6.7218 1.8787 -0.0400
8.2515 2.6817 -0.0400
8.2371 2.7663 -0.0400
5.7886 2.3047 -0.0400
5.7484 2.3342 -0.0400
5.7250 2.3697 -0.0400
5.7128 2.4098 -0.0400
5.7126 2.4555 -0.0400
5.7306 2.5107 -0.0400
6.9393 4.5946 -0.0400
6.8680 4.6387 -0.0400
6.8205 4.7052 -0.0400
4.2966 3.9210 -0.0400
4.2458 3.9082 -0.0400
4.1984 3.9046 -0.0400
4.1426 3.8652 -0.0400
4.1004 3.8758 -0.0400
4.0556 3.8746 -0.0400
4.0094 3.8641 -0.0400
3.9669 3.8707 -0.0400
3.9273 3.8941 -0.0400
4.0206 6.7829 -0.0400
3.9264 6.7786 -0.0400
3.8365 6.8415 -0.0400
2.3657 4.0944 -0.0400
2.3400 4.0298 -0.0400
2.2977 4.0034 -0.0400
2.2444 3.9991 -0.0400
2.2119 3.9540 -0.0400
2.1718 3.9243 -0.0400
2.1235 3.9094 -0.0400
2.0594 3.9204 -0.0400
1.9831 3.9481 -0.0400
1.9318 3.9330 -0.0400
0.5043 3.8307 -0.0400
0.4944 3.7538 -0.0400
0.4558 3.6996 -0.0400
0.3867 3.6668 -0.0400
2.2450 1.8272 -0.0400
2.2504 1.8015 -0.0400
2.2505 1.7776 -0.0400
2.2471 1.7547 -0.0400
2.2399 1.7327 -0.0400
2.2281 1.7115 -0.0400
2.2115 1.6909 -0.0400
2.0990 1.6851 -0.0400
2.0895 1.6608 -0.0400
2.0755 1.6369 -0.0400
2.0549 1.6133 -0.0400
2.0234 1.5901 -0.0400
0.6335 1.3061 -0.0400
0.7033 1.2601 -0.0400
0.7337 1.2130 -0.0400
0.7325 1.1635 -0.0400
0.7174 1.1121 -0.0400
-0.3503 -2.5759 -0.0400
-0.2267 -2.5867 -0.0400
2.2979 -1.0850 -0.0400
2.3534 -1.0829 -0.0400
2.4009 -1.0966 -0.0400
3.1368 -2.2579 -0.0400
3.2033 -2.2484 -0.0400
3.2678 -2.2604 -0.0400
3.3322 -2.2803 -0.0400
7.4151 -0.0079 -0.0400
7.3922 0.0777 -0.0400
7.4152 0.1459 -0.0400
6.7270 1.5959 -0.0400
6.6937 1.6503 -0.0400
6.6769 1.7048 -0.0400
6.6718 1.7600 -0.0400
6.7042 1.8194 -0.0400
6.7558 1.8827 -0.0400
8.2528 2.6802 -0.0400
8.2477 2.7676 -0.0400
5.8310 2.2778 -0.0400
5.7716 2.3014 -0.0400
5.7468 2.3369 -0.0400
5.7246 2.3731 -0.0400
5.7160 2.4149 -0.0400
5.7249 2.4650 -0.0400
5.7829 2.5396 -0.0400
6.9399 4.5982 -0.0400
6.8705 4.6443 -0.0400
4.3352 3.9157 -0.0400
4.2824 3.8985 -0.0400
4.2368 3.9019 -0.0400
4.1827 3.8733 -0.0400
4.1361 3.8678 -0.0400
4.0935 3.8766 -0.0400
4.0496 3.8794 -0.0400
4.0022 3.8636 -0.0400
3.9629 3.8868 -0.0400
3.9319 3.9643 -0.0400
4.0191 6.7925 -0.0400
3.9281 6.8316 -0.0400
3.8373 6.8951 -0.0400
2.3717 4.0715 -0.0400
2.3397 4.0216 -0.0400
2.2941 4.0027 -0.0400
2.2431 3.9941 -0.0400
2.2106 3.9492 -0.0400
2.1677 3.9251 -0.0400
2.1145 3.9191 -0.0400
2.0443 3.9403 -0.0400
1.9817 3.9455 -0.0400
1.9271 3.9359 -0.0400
0.5144 3.8252 -0.0400
0.5054 3.7481 -0.0400
0.4573 3.7012 -0.0400
0.3887 3.6684 -0.0400
2.2195 1.8617 -0.0400
2.2397 1.8311 -0.0400
2.2482 1.8046 -0.0400
2.2499 1.7804 -0.0400
2.2483 1.7573 -0.0400
2.2381 1.7362 -0.0400
2.2237 1.7156 -0.0400
2.2016 1.6961 -0.0400
2.1606 1.6790 -0.0400
2.0945 1.6641 -0.0400
2.0826 1.6402 -0.0400
2.0404 1.6192 -0.0400
1.9937 1.5973 -0.0400
0.6150 1.3132 -0.0400
0.7247 1.2697 -0.0400
0.7338 1.2213 -0.0400
0.7311 1.1719 -0.0400
0.7119 1.1201 -0.0400
-0.2405 -2.5751 -0.0400
2.2703 -1.1080 -0.0400
2.3344 -1.0885 -0.0400
2.3863 -1.0929 -0.0400
2.4265 -1.1233 -0.0400
2.4581 -1.1765 -0.0400
3.1173 -2.2892 -0.0400
3.1866 -2.2537 -0.0400
3.2515 -2.2620 -0.0400
4.3931 -1.0884 -0.0400
4.4172 -1.0170 -0.0400
4.4496 -0.9724 -0.0400
7.3766 -0.0012 -0.0400
7.3863 0.0722 -0.0400
7.4328 0.1326 -0.0400
6.8222 1.5400 -0.0400
6.7291 1.5943 -0.0400
6.6944 1.6488 -0.0400
6.6778 1.7035 -0.0400
6.6876 1.7603 -0.0400
6.7138 1.8194 -0.0400
6.7937 1.8866 -0.0400
8.2638 2.6808 -0.0400
5.8162 2.2750 -0.0400
5.7645 2.3015 -0.0400
5.7424 2.3381 -0.0400
5.7266 2.3770 -0.0400
5.7278 2.4232 -0.0400
5.7288 2.4701 -0.0400
6.9247 4.5870 -0.0400
6.8718 4.6485 -0.0400
4.3312 3.9253 -0.0400
4.2764 3.9025 -0.0400
4.2190 3.8662 -0.0400
4.1716 3.8593 -0.0400
4.1286 3.8669 -0.0400
4.0862 3.8760 -0.0400
4.0382 3.8601 -0.0400
3.9953 3.8646 -0.0400
3.9556 3.8858 -0.0400
3.9211 3.9411 -0.0400
4.1126 6.8084 -0.0400
4.0146 6.7717 -0.0400
3.9245 6.8175 -0.0400
3.8345 6.8864 -0.0400
2.3773 4.0483 -0.0400
2.3365 4.0188 -0.0400
2.2805 4.0218 -0.0400
2.2440 3.9838 -0.0400
2.2093 3.9437 -0.0400
2.1641 3.9243 -0.0400
2.1095 3.9210 -0.0400
2.0283 3.9609 -0.0400
1.9758 3.9492 -0.0400
1.9123 3.9537 -0.0400
0.5281 3.9021 -0.0400
0.5283 3.8161 -0.0400
0.5067 3.7490 -0.0400
0.4550 3.7051 -0.0400
0.3813 3.6760 -0.0400
2.2065 1.8924 -0.0400
2.2395 1.8571 -0.0400
2.2508 1.8296 -0.0400
2.2549 1.8047 -0.0400
2.2542 1.7814 -0.0400
2.2504 1.7591 -0.0400
2.2426 1.7376 -0.0400
2.2302 1.7170 -0.0400
2.1863 1.7017 -0.0400
2.1017 1.6916 -0.0400
2.0912 1.6679 -0.0400
2.0759 1.6446 -0.0400
2.0532 1.6216 -0.0400
2.0178 1.5991 -0.0400
0.6956 1.3248 -0.0400
0.7237 1.2773 -0.0400
0.7341 1.2291 -0.0400
0.7318 1.1799 -0.0400
-0.3751 -2.5501 -0.0400
-0.2499 -2.5592 -0.0400
2.2684 -1.0781 -0.0400
2.3252 -1.0733 -0.0400
2.3739 -1.0845 -0.0400
2.4170 -1.1079 -0.0400
2.4546 -1.1453 -0.0400
2.4811 -1.2136 -0.0400
3.1113 -2.2418 -0.0400
3.1756 -2.2552 -0.0400
3.2397 -2.2751 -0.0400
4.3617 -1.0248 -0.0400
4.4004 -0.9963 -0.0400
4.4439 -0.9817 -0.0400
4.4922 -0.9787 -0.0400
4.5259 -0.9399 -0.0400
7.3692 -0.0820 -0.0400
7.3650 -0.0024 -0.0400
7.4682 0.0373 -0.0400
6.7432 1.5366 -0.0400
6.6894 1.5912 -0.0400
6.6864 1.6470 -0.0400
6.6966 1.7037 -0.0400
6.7253 1.7627 -0.0400
8.2807 2.5946 -0.0400
5.9038 2.2137 -0.0400
5.8323 2.2364 -0.0400
5.7804 2.2638 -0.0400
5.7592 2.3010 -0.0400
5.7476 2.3417 -0.0400
5.7581 2.3916 -0.0400
5.7690 2.4428 -0.0400
6.9730 4.5230 -0.0400
6.9495 4.6112 -0.0400
4.4149 3.9025 -0.0400
4.3577 3.8775 -0.0400
4.3125 3.8836 -0.0400
4.2574 3.8573 -0.0400
4.2093 3.8495 -0.0400
4.1660 3.8565 -0.0400
4.1175 3.8424 -0.0400
4.0743 3.8468 -0.0400
4.0349 3.8669 -0.0400
4.0010 3.9162 -0.0400
4.1073 6.7773 -0.0400
4.0220 6.8675 -0.0400
2.4498 4.1251 -0.0400
2.4238 4.0572 -0.0400
2.3770 4.0416 -0.0400
2.3240 4.0392 -0.0400
2.2926 3.9901 -0.0400
2.2504 3.9650 -0.0400
2.1979 3.9597 -0.0400
2.1440 3.9556 -0.0400
2.0665 3.9917 -0.0400
2.0183 3.9733 -0.0400
1.9509 3.9856 -0.0400
0.6062 3.9248 -0.0400
0.5854 3.8559 -0.0400
0.5515 3.7986 -0.0400
0.4882 3.7641 -0.0400
0.3974 3.7486 -0.0400
2.2424 1.8812 -0.0400
2.2567 1.8524 -0.0400
2.2693 1.8250 -0.0400
2.2663 1.8025 -0.0400
2.2594 1.7811 -0.0400
2.2484 1.7607 -0.0400
2.2329 1.7410 -0.0400
2.2091 1.7226 -0.0400
2.1628 1.7075 -0.0400
2.1037 1.6931 -0.0400
2.0749 1.6722 -0.0400
2.0446 1.6506 -0.0400
1.9910 1.6307 -0.0400
0.6857 1.3783 -0.0400
0.7210 1.3307 -0.0400
0.7342 1.2827 -0.0400
0.7112 1.2321 -0.0400
-0.4525 -2.4729 -0.0400
-0.3307 -2.4876 -0.0400
2.2047 -1.0726 -0.0400
2.2680 -1.0567 -0.0400
2.3197 -1.0621 -0.0400
2.3608 -1.0899 -0.0400
2.3938 -1.1373 -0.0400
4.3556 -1.0481 -0.0400
4.3874 -0.9994 -0.0400
4.4309 -0.9846 -0.0400
4.4778 -0.9781 -0.0400
4.5154 -0.9484 -0.0400
4.5555 -0.9255 -0.0400
4.6006 -0.9139 -0.0400
4.6627 -0.9363 -0.0400
7.3609 -0.1671 -0.0400
7.3408 -0.0798 -0.0400
7.3639 -0.0109 -0.0400
7.4258 0.0438 -0.0400
6.7618 1.4768 -0.0400
6.7141 1.5331 -0.0400
6.6925 1.5887 -0.0400
6.6866 1.6445 -0.0400
6.6946 1.7013 -0.0400
6.8058 1.7679 -0.0400
8.3293 2.5137 -0.0400
8.2865 2.5926 -0.0400
5.8574 2.2004 -0.0400
5.8128 2.2314 -0.0400
5.7745 2.2633 -0.0400
5.7590 2.3027 -0.0400
5.7484 2.3440 -0.0400
5.7630 2.3958 -0.0400
5.7811 2.4503 -0.0400
7.0310 4.4677 -0.0400
6.9735 4.5253 -0.0400
4.4083 3.9036 -0.0400
4.3515 3.8800 -0.0400
4.2931 3.8470 -0.0400
4.2444 3.8391 -0.0400
4.2012 3.8466 -0.0400
4.1612 3.8651 -0.0400
4.1110 3.8452 -0.0400
4.0675 3.8483 -0.0400
4.0276 3.8661 -0.0400
4.1963 6.7566 -0.0400
4.1036 6.7678 -0.0400
4.0192 6.8642 -0.0400
2.4607 4.0841 -0.0400
2.4199 4.0540 -0.0400
2.3697 4.0465 -0.0400
2.3228 4.0307 -0.0400
2.2906 3.9837 -0.0400
2.2445 3.9667 -0.0400
2.1940 3.9579 -0.0400
2.1118 4.0063 -0.0400
2.0618 3.9919 -0.0400
1.9997 3.9974 -0.0400
0.6065 3.9249 -0.0400
0.5937 3.8495 -0.0400
0.5506 3.8000 -0.0400
0.4640 3.7835 -0.0400
2.2450 1.9050 -0.0400
2.2611 1.8754 -0.0400
2.2682 1.8494 -0.0400
2.2690 1.8258 -0.0400
2.2669 1.8032 -0.0400
2.2619 1.7816 -0.0400
2.2439 1.7630 -0.0400
2.2243 1.7444 -0.0400
2.1909 1.7279 -0.0400
2.1118 1.7188 -0.0400
2.1003 1.6958 -0.0400
2.0838 1.6733 -0.0400
2.0596 1.6513 -0.0400
2.0199 1.6304 -0.0400
0.7125 1.3854 -0.0400
0.7306 1.3376 -0.0400
0.7331 1.2893 -0.0400
0.7195 1.2396 -0.0400
0.6733 1.1861 -0.0400
2.1782 -1.0924 -0.0400
2.2606 -1.0388 -0.0400
2.3081 -1.0527 -0.0400
2.3505 -1.0772 -0.0400
2.3877 -1.1142 -0.0400
2.4146 -1.1785 -0.0400
4.3422 -1.0510 -0.0400
4.3779 -1.0128 -0.0400
4.4194 -0.9921 -0.0400
4.4677 -0.9888 -0.0400
4.5026 -0.9523 -0.0400
4.5437 -0.9315 -0.0400
4.5939 -0.9305 -0.0400
4.6468 -0.9336 -0.0400
4.7215 -0.9774 -0.0400
4.7747 -0.9754 -0.0400
7.3832 -0.1867 -0.0400
7.3426 -0.0904 -0.0400
7.3596 -0.0188 -0.0400
6.7969 1.4732 -0.0400
6.6995 1.5294 -0.0400
6.6900 1.5854 -0.0400
6.6949 1.6420 -0.0400
6.7169 1.7001 -0.0400
6.7752 1.7623 -0.0400
8.3292 2.5095 -0.0400
5.8416 2.1962 -0.0400
5.8041 2.2294 -0.0400
5.7779 2.2656 -0.0400
5.7621 2.3051 -0.0400
5.7561 2.3484 -0.0400
5.7939 2.4099 -0.0400
7.0315 4.4691 -0.0400
6.9845 4.5361 -0.0400
4.3868 3.8649 -0.0400
4.3421 3.8733 -0.0400
4.2862 3.8475 -0.0400
4.2379 3.8408 -0.0400
4.1947 3.8485 -0.0400
4.1461 3.8364 -0.0400
4.1024 3.8394 -0.0400
4.0624 3.8568 -0.0400
4.0272 3.8963 -0.0400
4.2891 6.7633 -0.0400
4.1932 6.7538 -0.0400
4.1083 6.8312 -0.0400
4.0194 6.8919 -0.0400
2.4846 4.1459 -0.0400
2.4603 4.0709 -0.0400
2.4149 4.0526 -0.0400
2.3643 4.0463 -0.0400
2.3270 4.0095 -0.0400
2.2862 3.9815 -0.0400
2.2376 3.9700 -0.0400
2.1850 3.9651 -0.0400
2.1031 4.0131 -0.0400
2.0535 3.9979 -0.0400
1.9965 3.9946 -0.0400
0.6162 3.9162 -0.0400
0.5949 3.8484 -0.0400
0.5505 3.8000 -0.0400
0.4666 3.7818 -0.0400
2.2420 1.9057 -0.0400
2.2598 1.8755 -0.0400
2.2755 1.8470 -0.0400
2.2736 1.8245 -0.0400
2.2689 1.8030 -0.0400
2.2605 1.7824 -0.0400
2.2482 1.7627 -0.0400
2.2316 1.7437 -0.0400
2.2047 1.7263 -0.0400
2.1093 1.7207 -0.0400
2.0951 1.6983 -0.0400
2.0743 1.6766 -0.0400
2.0424 1.6556 -0.0400
0.7005 1.3908 -0.0400
0.7274 1.3433 -0.0400
0.7355 1.2955 -0.0400
0.6932 1.2438 -0.0400
2.1900 -1.0383 -0.0400
2.2461 -1.0359 -0.0400
2.2949 -1.0471 -0.0400
2.3388 -1.0680 -0.0400
2.3650 -1.1304 -0.0400
4.3308 -1.0609 -0.0400
4.3656 -1.0195 -0.0400
4.4070 -0.9982 -0.0400
4.4562 -0.9967 -0.0400
4.4941 -0.9670 -0.0400
4.5319 -0.9380 -0.0400
4.5773 -0.9265 -0.0400
4.6437 -0.9578 -0.0400
4.7072 -0.9788 -0.0400
4.7817 -1.0170 -0.0400
7.3943 -0.2023 -0.0400
7.3421 -0.1006 -0.0400
7.3741 -0.0345 -0.0400
6.7470 1.4689 -0.0400
6.7084 1.5256 -0.0400
6.6923 1.5817 -0.0400
6.6918 1.6382 -0.0400
6.7539 1.6992 -0.0400
8.3691 2.4241 -0.0400
8.3110 2.5010 -0.0400
5.8966 2.1669 -0.0400
5.8353 2.1943 -0.0400
5.8003 2.2285 -0.0400
5.7766 2.2657 -0.0400
5.7661 2.3073 -0.0400
5.7652 2.3528 -0.0400
5.7766 2.4039 -0.0400
7.0247 4.4640 -0.0400
6.9895 4.5412 -0.0400
4.4307 3.8710 -0.0400
4.3797 3.8643 -0.0400
4.3335 3.8683 -0.0400
4.2786 3.8457 -0.0400
4.2297 3.8371 -0.0400
4.1898 3.8554 -0.0400
4.1393 3.8372 -0.0400
4.0958 3.8411 -0.0400
4.0558 3.8584 -0.0400
4.2911 6.7930 -0.0400
4.1902 6.7514 -0.0400
4.1016 6.7962 -0.0400
2.4912 4.1121 -0.0400
2.4541 4.0715 -0.0400
2.4064 4.0590 -0.0400
2.3574 4.0488 -0.0400
2.3253 4.0004 -0.0400
2.2801 3.9824 -0.0400
2.2320 3.9698 -0.0400
2.1521 4.0180 -0.0400
2.0990 4.0108 -0.0400
2.0445 4.0045 -0.0400
1.9794 4.0151 -0.0400
0.6245 3.9958 -0.0400
0.6290 3.9043 -0.0400
0.5947 3.8477 -0.0400
0.5462 3.8028 -0.0400
0.4494 3.7948 -0.0400
2.2682 1.8954 -0.0400
2.2753 1.8695 -0.0400
2.2761 1.8461 -0.0400
2.2744 1.8238 -0.0400
2.2700 1.8023 -0.0400
2.2566 1.7833 -0.0400
2.2408 1.7645 -0.0400
2.2178 1.7470 -0.0400
2.1763 1.7326 -0.0400
2.1133 1.7208 -0.0400
2.1008 1.6984 -0.0400
2.0830 1.6765 -0.0400
2.0153 1.6607 -0.0400
0.6781 1.4442 -0.0400
0.7191 1.3965 -0.0400
0.7333 1.3489 -0.0400
0.7320 1.3008 -0.0400
0.7115 1.2510 -0.0400
-1.2379 -0.3914 -0.0400
-1.2338 -0.4856 -0.0400
2.1768 -1.0331 -0.0400
2.2329 -1.0309 -0.0400
2.2820 -1.0412 -0.0400
2.3222 -1.0704 -0.0400
2.3566 -1.1136 -0.0400
2.3715 -1.2070 -0.0400
2.9961 -2.2425 -0.0400
4.3222 -1.0793 -0.0400
4.3498 -1.0167 -0.0400
4.3939 -1.0028 -0.0400
4.4427 -1.0003 -0.0400
4.4823 -0.9746 -0.0400
4.5198 -0.9447 -0.0400
4.5660 -0.9345 -0.0400
4.6169 -0.9335 -0.0400
4.6971 -0.9889 -0.0400
4.7512 -0.9883 -0.0400
7.3659 -0.2015 -0.0400
7.3266 -0.1053 -0.0400
7.3709 -0.0440 -0.0400
6.7779 1.4059 -0.0400
6.7222 1.4641 -0.0400
6.6987 1.5209 -0.0400
6.6927 1.5774 -0.0400
6.7024 1.6346 -0.0400
6.7328 1.6937 -0.0400
8.3108 2.4957 -0.0400
5.8977 2.1665 -0.0400
5.8351 2.1938 -0.0400
5.7999 2.2281 -0.0400
5.7762 2.2655 -0.0400
5.7694 2.3086 -0.0400
5.7724 2.3558 -0.0400
5.7918 2.4104 -0.0400
7.0249 4.4641 -0.0400
4.4863 3.9019 -0.0400
4.4201 3.8610 -0.0400
4.3726 3.8632 -0.0400
4.3214 3.8535 -0.0400
4.2658 3.8281 -0.0400
4.2239 3.8401 -0.0400
4.1810 3.8489 -0.0400
4.1324 3.8373 -0.0400
4.0915 3.8511 -0.0400
4.0571 3.8917 -0.0400
4.2800 6.7381 -0.0400
4.1888 6.7600 -0.0400
4.1062 6.8565 -0.0400
2.5153 4.1751 -0.0400
2.4901 4.0986 -0.0400
2.4490 4.0689 -0.0400
2.3958 4.0699 -0.0400
2.3580 4.0334 -0.0400
2.3195 3.9998 -0.0400
2.2726 3.9854 -0.0400
2.2194 3.9832 -0.0400
2.1390 4.0323 -0.0400
2.0925 4.0122 -0.0400
2.0391 4.0041 -0.0400
0.6425 3.9781 -0.0400
0.6319 3.9002 -0.0400
0.5946 3.8463 -0.0400
0.5313 3.8135 -0.0400
2.2599 1.9205 -0.0400
2.2719 1.8924 -0.0400
2.2773 1.8673 -0.0400
2.2775 1.8444 -0.0400
2.2770 1.8219 -0.0400
2.2689 1.8017 -0.0400
2.2580 1.7822 -0.0400
2.2432 1.7635 -0.0400
2.2224 1.7457 -0.0400
2.1203 1.7440 -0.0400
2.1085 1.7219 -0.0400
2.0922 1.7003 -0.0400
2.0691 1.6793 -0.0400
2.0340 1.6592 -0.0400
0.7080 1.4007 -0.0400
0.7311 1.3535 -0.0400
0.7218 1.3051 -0.0400
0.6804 1.2538 -0.0400
-1.2656 -0.2949 -0.0400
-1.2406 -0.3799 -0.0400
2.1420 -1.0702 -0.0400
2.2215 -1.0228 -0.0400
2.2698 -1.0346 -0.0400
2.3100 -1.0632 -0.0400
2.3454 -1.1040 -0.0400
2.3688 -1.1761 -0.0400
2.9758 -2.2724 -0.0400
3.0459 -2.2401 -0.0400
3.1104 -2.2513 -0.0400
4.3006 -1.0601 -0.0400
4.3377 -1.0252 -0.0400
4.3802 -1.0065 -0.0400
4.4274 -1.0001 -0.0400
4.4663 -0.9725 -0.0400
4.5076 -0.9514 -0.0400
4.5532 -0.9400 -0.0400
4.6043 -0.9393 -0.0400
4.6854 -0.9967 -0.0400
4.7409 -0.9986 -0.0400
7.3241 -0.1158 -0.0400
7.3736 -0.0564 -0.0400
6.7409 1.4587 -0.0400
6.7071 1.5159 -0.0400
6.6989 1.5727 -0.0400
6.7197 1.6307 -0.0400
6.7753 1.6919 -0.0400
8.3346 2.4060 -0.0400
8.3518 2.4986 -0.0400
5.9156 2.1702 -0.0400
5.8155 2.1868 -0.0400
5.7919 2.2246 -0.0400
5.7775 2.2653 -0.0400
5.7712 2.3088 -0.0400
5.7758 2.3568 -0.0400
7.0852 4.4073 -0.0400
7.0358 4.4727 -0.0400
4.4103 3.8525 -0.0400
4.3663 3.8633 -0.0400
4.3027 3.8198 -0.0400
4.2593 3.8282 -0.0400
4.2185 3.8441 -0.0400
4.1716 3.8400 -0.0400
4.1247 3.8339 -0.0400
4.0863 3.8571 -0.0400
4.0535 3.9044 -0.0400
4.2774 6.7375 -0.0400
4.1856 6.7551 -0.0400
2.5178 4.1500 -0.0400
2.4901 4.0811 -0.0400
2.4423 4.0699 -0.0400
2.3905 4.0675 -0.0400
2.3552 4.0251 -0.0400
2.3133 3.9998 -0.0400
2.2626 3.9936 -0.0400
2.2031 4.0039 -0.0400
2.1334 4.0315 -0.0400
2.0819 4.0209 -0.0400
2.0164 4.0343 -0.0400
0.6640 3.9565 -0.0400
0.6367 3.8938 -0.0400
0.5906 3.8476 -0.0400
0.5198 3.8210 -0.0400
2.2709 1.9140 -0.0400
2.2777 1.8881 -0.0400
2.2804 1.8643 -0.0400
2.2831 1.8407 -0.0400
2.2777 1.8200 -0.0400
2.2692 1.8002 -0.0400
2.2581 1.7809 -0.0400
2.2283 1.7660 -0.0400
2.1942 1.7512 -0.0400
2.1219 1.7432 -0.0400
2.1107 1.7212 -0.0400
2.0957 1.6996 -0.0400
2.0467 1.6828 -0.0400
0.6902 1.4526 -0.0400
0.7242 1.4051 -0.0400
0.7355 1.3578 -0.0400
0.7313 1.3100 -0.0400
0.7065 1.2604 -0.0400
-1.2698 -0.2848 -0.0400
-1.2447 -0.3695 -0.0400
2.1444 -1.0361 -0.0400
2.2037 -1.0279 -0.0400
2.2581 -1.0273 -0.0400
2.3014 -1.0489 -0.0400
2.3316 -1.1010 -0.0400
2.3539 -1.1753 -0.0400
2.9637 -2.2401 -0.0400
3.0305 -2.2318 -0.0400
3.0945 -2.2471 -0.0400
3.1584 -2.2680 -0.0400
4.2939 -1.0855 -0.0400
4.3269 -1.0378 -0.0400
4.3687 -1.0166 -0.0400
4.4192 -1.0180 -0.0400
4.4547 -0.9815 -0.0400
4.4950 -0.9580 -0.0400
4.5390 -0.9429 -0.0400
4.6076 -0.9788 -0.0400
4.6722 -1.0018 -0.0400
4.7273 -1.0029 -0.0400
6.7657 1.3944 -0.0400
6.7189 1.4529 -0.0400
6.6990 1.5100 -0.0400
6.6960 1.5671 -0.0400
6.7085 1.6248 -0.0400
6.7442 1.6846 -0.0400
8.3621 2.4047 -0.0400
8.3251 2.4866 -0.0400
5.8629 2.1534 -0.0400
5.8209 2.1868 -0.0400
5.7947 2.2241 -0.0400
5.7786 2.2644 -0.0400
5.7905 2.3147 -0.0400
5.8160 2.3712 -0.0400
7.0823 4.4036 -0.0400
7.0593 4.4911 -0.0400
4.4564 3.8602 -0.0400
4.4031 3.8497 -0.0400
4.3482 3.8324 -0.0400
4.2988 3.8263 -0.0400
4.2534 3.8295 -0.0400
4.2117 3.8428 -0.0400
4.1598 3.8225 -0.0400
4.1196 3.8387 -0.0400
4.0826 3.8674 -0.0400
4.2753 6.7393 -0.0400
4.1951 6.8395 -0.0400
4.1058 6.8914 -0.0400
2.5604 4.1596 -0.0400
2.5273 4.1038 -0.0400
2.4844 4.0788 -0.0400
2.4352 4.0711 -0.0400
2.3872 4.0598 -0.0400
2.3534 4.0142 -0.0400
2.3070 3.9991 -0.0400
2.2537 3.9988 -0.0400
2.1847 4.0284 -0.0400
2.1262 4.0332 -0.0400
2.0688 4.0337 -0.0400
0.6345 4.0699 -0.0400
0.6627 3.9548 -0.0400
0.6361 3.8915 -0.0400
0.5883 3.8470 -0.0400
0.4771 3.8532 -0.0400
-1.7084 4.5402 -0.0400
2.2450 1.9449 -0.0400
2.2657 1.9130 -0.0400
2.2851 1.8827 -0.0400
2.2846 1.8602 -0.0400
2.2846 1.8378 -0.0400
2.2776 1.8178 -0.0400
2.2683 1.7984 -0.0400
2.2466 1.7821 -0.0400
2.2250 1.7652 -0.0400
2.1889 1.7510 -0.0400
2.1228 1.7419 -0.0400
2.1013 1.7221 -0.0400
2.0809 1.7015 -0.0400
2.0510 1.6817 -0.0400
1.9990 1.6640 -0.0400
0.6637 1.4557 -0.0400
0.7330 1.4087 -0.0400
0.7345 1.3614 -0.0400
0.7191 1.3131 -0.0400
0.6666 1.2614 -0.0400
-1.2783 -0.2768 -0.0400
-1.2521 -0.3611 -0.0400
0.3094 -0.3623 -0.0400
0.3560 -0.4082 -0.0400
0.3617 -0.4793 -0.0400
2.1260 -1.0427 -0.0400
2.1974 -1.0107 -0.0400
2.2454 -1.0229 -0.0400
2.2880 -1.0458 -0.0400
2.3263 -1.0790 -0.0400
2.9446 -2.2615 -0.0400
3.0140 -2.2345 -0.0400
3.0784 -2.2463 -0.0400
3.1390 -2.3082 -0.0400
4.2742 -1.0727 -0.0400
4.3111 -1.0364 -0.0400
4.3538 -1.0179 -0.0400
4.4020 -1.0139 -0.0400
4.4447 -0.9951 -0.0400
4.4824 -0.9648 -0.0400
4.5311 -0.9598 -0.0400
4.5872 -0.9691 -0.0400
4.6579 -1.0051 -0.0400
4.7104 -1.0014 -0.0400
6.8023 1.3868 -0.0400
6.7332 1.4463 -0.0400
6.6972 1.5037 -0.0400
6.7037 1.5612 -0.0400
6.7284 1.6198 -0.0400
6.7963 1.6821 -0.0400
8.3364 2.3927 -0.0400
5.8412 2.1448 -0.0400
5.8116 2.1818 -0.0400
5.7932 2.2216 -0.0400
5.7849 2.2647 -0.0400
5.7869 2.3117 -0.0400
5.8077 2.3665 -0.0400
7.0852 4.4039 -0.0400
7.0769 4.5038 -0.0400
4.4417 3.8390 -0.0400
4.3980 3.8516 -0.0400
4.3347 3.8127 -0.0400
4.2899 3.8187 -0.0400
4.2495 3.8359 -0.0400
4.1994 3.8239 -0.0400
4.1546 3.8260 -0.0400
4.1161 3.8484 -0.0400
4.0822 3.8893 -0.0400
4.3637 6.7154 -0.0400
4.2728 6.7378 -0.0400
4.1927 6.8377 -0.0400
4.1032 6.8880 -0.0400
2.5534 4.1609 -0.0400
2.5212 4.1020 -0.0400
2.4785 4.0767 -0.0400
2.4274 4.0740 -0.0400
2.3908 4.0342 -0.0400
2.3475 4.0122 -0.0400
2.3000 4.0000 -0.0400
2.2452 4.0027 -0.0400
2.1690 4.0472 -0.0400
2.1188 4.0349 -0.0400
2.0554 4.0468 -0.0400
0.6908 4.0140 -0.0400
0.6756 3.9397 -0.0400
0.6351 3.8891 -0.0400
0.5785 3.8521 -0.0400
0.4761 3.8512 -0.0400
-1.7048 4.5407 -0.0400
2.2758 1.9289 -0.0400
2.2820 1.9032 -0.0400
2.2911 1.8771 -0.0400
2.2885 1.8557 -0.0400
2.2845 1.8349 -0.0400
2.2761 1.8154 -0.0400
2.2656 1.7965 -0.0400
2.2414 1.7811 -0.0400
2.2168 1.7651 -0.0400
2.1619 1.7553 -0.0400
2.1155 1.7418 -0.0400
2.1004 1.7208 -0.0400
2.0797 1.7004 -0.0400
2.0501 1.6808 -0.0400
0.7063 1.4586 -0.0400
0.7305 1.4114 -0.0400
0.7372 1.3645 -0.0400
0.7290 1.3168 -0.0400
-1.3242 -0.1894 -0.0400
-1.2810 -0.2673 -0.0400
-1.2622 -0.3542 -0.0400
0.3085 -0.3519 -0.0400
0.3505 -0.4002 -0.0400
2.2773 -1.0376 -0.0400
2.3086 -1.0863 -0.0400
2.3362 -1.1467 -0.0400
2.8576 -2.2899 -0.0400
2.9329 -2.2289 -0.0400
2.9989 -2.2259 -0.0400
3.0627 -2.2421 -0.0400
3.1262 -2.2655 -0.0400
4.2727 -1.1146 -0.0400
4.3012 -1.0523 -0.0400
4.3415 -1.0267 -0.0400
4.3931 -1.0308 -0.0400
4.4287 -0.9942 -0.0400
4.4692 -0.9708 -0.0400
4.5143 -0.9576 -0.0400
4.5661 -0.9584 -0.0400
4.6496 -1.0209 -0.0400
4.7128 -1.0374 -0.0400
6.7474 1.3808 -0.0400
6.7131 1.4394 -0.0400
6.6993 1.4969 -0.0400
6.7002 1.5544 -0.0400
6.7168 1.6127 -0.0400
8.3605 2.3895 -0.0400
5.9280 2.1189 -0.0400
5.8542 2.1454 -0.0400
5.8177 2.1808 -0.0400
5.7955 2.2198 -0.0400
5.7963 2.2661 -0.0400
5.8118 2.3183 -0.0400
7.1494 4.3469 -0.0400
7.0874 4.4030 -0.0400
4.4897 3.8476 -0.0400
4.4355 3.8373 -0.0400
4.3849 3.8329 -0.0400
4.3279 3.8099 -0.0400
4.2839 3.8179 -0.0400
4.2432 3.8345 -0.0400
4.1904 3.8146 -0.0400
4.1488 3.8267 -0.0400
4.1163 3.8699 -0.0400
4.4619 6.7404 -0.0400
4.3615 6.7139 -0.0400
4.2707 6.7371 -0.0400
4.1907 6.8377 -0.0400
2.5907 4.1868 -0.0400
2.5607 4.1174 -0.0400
2.5182 4.0910 -0.0400
2.4691 4.0837 -0.0400
2.4211 4.0730 -0.0400
2.3848 4.0322 -0.0400
2.3416 4.0101 -0.0400
2.2826 4.0237 -0.0400
2.2067 4.0709 -0.0400
2.1636 4.0446 -0.0400
2.1114 4.0364 -0.0400
2.0404 4.0626 -0.0400
0.7050 3.9965 -0.0400
0.6730 3.9380 -0.0400
0.6292 3.8904 -0.0400
0.5497 3.8727 -0.0400
-1.7043 4.5426 -0.0400
2.2427 1.9620 -0.0400
2.2832 1.9216 -0.0400
2.2865 1.8974 -0.0400
2.2923 1.8728 -0.0400
2.2914 1.8510 -0.0400
2.2848 1.8312 -0.0400
2.2724 1.8132 -0.0400
2.2601 1.7950 -0.0400
2.2452 1.7772 -0.0400
2.1976 1.7672 -0.0400
2.1304 1.7601 -0.0400
2.1126 1.7402 -0.0400
2.0970 1.7195 -0.0400
2.0748 1.6995 -0.0400
0.7272 1.4607 -0.0400
0.7369 1.4138 -0.0400
0.7328 1.3667 -0.0400
0.7108 1.3185 -0.0400
-1.2793 -0.2568 -0.0400
-1.2541 -0.3409 -0.0400
0.3023 -0.3451 -0.0400
0.3465 -0.3920 -0.0400
2.9167 -2.2308 -0.0400
2.9832 -2.2238 -0.0400
3.0463 -2.2462 -0.0400
4.3263 -1.0277 -0.0400
4.3730 -1.0197 -0.0400
4.4197 -1.0107 -0.0400
4.4561 -0.9771 -0.0400
4.5046 -0.9715 -0.0400
4.5616 -0.9827 -0.0400
4.6327 -1.0199 -0.0400
4.6872 -1.0199 -0.0400
6.7603 1.3726 -0.0400
6.7199 1.4317 -0.0400
6.7000 1.4895 -0.0400
6.7121 1.5475 -0.0400
6.7443 1.6068 -0.0400
8.3423 2.3778 -0.0400
5.8850 2.1039 -0.0400
5.8399 2.1379 -0.0400
5.8131 2.1760 -0.0400
5.7975 2.2172 -0.0400
5.7923 2.2617 -0.0400
5.8005 2.3114 -0.0400
5.8390 2.3733 -0.0400
7.1419 4.3376 -0.0400
7.0927 4.4040 -0.0400
4.4761 3.8283 -0.0400
4.4313 3.8392 -0.0400
4.3716 3.8131 -0.0400
4.3212 3.8064 -0.0400
4.2800 3.8221 -0.0400
4.2336 3.8229 -0.0400
4.1847 3.8144 -0.0400
4.1471 3.8395 -0.0400
4.1123 3.8758 -0.0400
4.3597 6.7141 -0.0400
4.2732 6.7638 -0.0400
2.5533 4.1194 -0.0400
2.5119 4.0893 -0.0400
2.4597 4.0910 -0.0400
2.4232 4.0493 -0.0400
2.3803 4.0261 -0.0400
2.3327 4.0146 -0.0400
2.2774 4.0199 -0.0400
2.2010 4.0686 -0.0400
2.1580 4.0420 -0.0400
2.0777 4.0897 -0.0400
0.6663 4.1198 -0.0400
0.7085 3.9887 -0.0400
0.6735 3.9331 -0.0400
0.6208 3.8935 -0.0400
0.5052 3.9063 -0.0400
-1.6714 4.6469 -0.0400
-1.7061 4.5453 -0.0400
2.2772 1.9424 -0.0400
2.2932 1.9128 -0.0400
2.2930 1.8903 -0.0400
2.2948 1.8675 -0.0400
2.2915 1.8467 -0.0400
2.2840 1.8274 -0.0400
2.2713 1.8097 -0.0400
2.2499 1.7943 -0.0400
2.2299 1.7778 -0.0400
2.1369 1.7791 -0.0400
2.1273 1.7579 -0.0400
2.1159 1.7368 -0.0400
2.0879 1.7188 -0.0400
2.0626 1.6994 -0.0400
0.6937 1.5097 -0.0400
0.7258 1.4622 -0.0400
0.7374 1.4155 -0.0400
0.7360 1.3687 -0.0400
0.6636 1.3181 -0.0400
-1.3177 -0.1685 -0.0400
-1.2915 -0.2520 -0.0400
0.2885 -0.3433 -0.0400
0.3064 -0.4062 -0.0400
2.9012 -2.2295 -0.0400
2.9669 -2.2285 -0.0400
3.0312 -2.2395 -0.0400
3.0920 -2.2935 -0.0400
4.4427 -0.9831 -0.0400
4.4863 -0.9667 -0.0400
4.5380 -0.9671 -0.0400
4.6228 -1.0331 -0.0400
4.6859 -1.0496 -0.0400
6.7667 1.3640 -0.0400
6.7047 1.4237 -0.0400
6.7001 1.4815 -0.0400
6.7088 1.5396 -0.0400
6.7343 1.5987 -0.0400
8.3625 2.2830 -0.0400
8.3824 2.3763 -0.0400
5.9153 2.1072 -0.0400
5.8532 2.1373 -0.0400
5.8119 2.1716 -0.0400
5.8033 2.2152 -0.0400
5.8053 2.2624 -0.0400
5.8280 2.3176 -0.0400
7.1439 4.3350 -0.0400
7.1016 4.4070 -0.0400
4.5237 3.8320 -0.0400
4.4698 3.8244 -0.0400
4.4132 3.8083 -0.0400
4.3598 3.7962 -0.0400
4.3154 3.8042 -0.0400
4.2755 3.8235 -0.0400
4.2239 3.8099 -0.0400
4.1801 3.8165 -0.0400
4.1453 3.8508 -0.0400
4.1133 3.8975 -0.0400
4.4535 6.7136 -0.0400
4.3585 6.7154 -0.0400
4.2806 6.8180 -0.0400
4.1913 6.8642 -0.0400
2.5923 4.1367 -0.0400
2.5516 4.1032 -0.0400
2.5044 4.0911 -0.0400
2.4512 4.0954 -0.0400
2.4161 4.0496 -0.0400
2.3741 4.0240 -0.0400
2.3183 4.0321 -0.0400
2.2404 4.0882 -0.0400
2.1976 4.0609 -0.0400
2.1459 4.0527 -0.0400
2.0744 4.0825 -0.0400
0.7276 4.0550 -0.0400
0.7062 3.9857 -0.0400
0.6701 3.9313 -0.0400
0.6151 3.8938 -0.0400
-1.6592 4.6404 -0.0400
2.2590 1.9685 -0.0400
2.2871 1.9327 -0.0400
2.2969 1.9059 -0.0400
2.2990 1.8829 -0.0400
2.2972 1.8616 -0.0400
2.2904 1.8423 -0.0400
2.2819 1.8235 -0.0400
2.2670 1.8067 -0.0400
2.2441 1.7918 -0.0400
2.2225 1.7759 -0.0400
2.1370 1.7755 -0.0400
2.1211 1.7559 -0.0400
2.1071 1.7355 -0.0400
2.0723 1.7188 -0.0400
2.0395 1.7007 -0.0400
0.6967 1.5104 -0.0400
0.7269 1.4631 -0.0400
0.7365 1.4165 -0.0400
0.7215 1.3695 -0.0400
0.6791 1.3204 -0.0400
-1.3512 -0.1716 -0.0400
-1.2833 -0.2404 -0.0400
0.3079 -0.3231 -0.0400
0.3234 -0.3865 -0.0400
-0.5966 -2.2668 -0.0400
-0.4965 -2.3031 -0.0400
2.8116 -2.2813 -0.0400
2.8866 -2.2226 -0.0400
2.9518 -2.2254 -0.0400
3.0159 -2.2366 -0.0400
3.0773 -2.2818 -0.0400
4.6056 -1.0316 -0.0400
4.6572 -1.0261 -0.0400
6.7237 1.3563 -0.0400
6.7058 1.4149 -0.0400
6.7010 1.4730 -0.0400
6.7083 1.5312 -0.0400
6.7868 1.5926 -0.0400
8.3844 2.2770 -0.0400
8.3550 2.3617 -0.0400
5.8825 2.0938 -0.0400
5.8411 2.1292 -0.0400
5.8162 2.1683 -0.0400
5.8026 2.2105 -0.0400
5.7990 2.2560 -0.0400
5.8892 2.3349 -0.0400
7.1476 4.3330 -0.0400
7.1066 4.4063 -0.0400
4.5171 3.8265 -0.0400
4.4659 3.8250 -0.0400
4.4081 3.8064 -0.0400
4.3537 3.7924 -0.0400
4.3120 3.8072 -0.0400
4.2636 3.8042 -0.0400
4.2167 3.8032 -0.0400
4.1777 3.8242 -0.0400
4.1407 3.8521 -0.0400
4.4471 6.6873 -0.0400
4.3565 6.7114 -0.0400
4.2819 6.8331 -0.0400
2.5843 4.1406 -0.0400
2.5449 4.1027 -0.0400
2.4908 4.1111 -0.0400
2.4544 4.0670 -0.0400
2.4130 4.0393 -0.0400
2.3669 4.0245 -0.0400
2.3140 4.0257 -0.0400
2.2425 4.0675 -0.0400
2.1916 4.0587 -0.0400
2.1208 4.0904 -0.0400
0.7430 4.0344 -0.0400
0.7113 3.9755 -0.0400
0.6579 3.9371 -0.0400
0.5878 3.9128 -0.0400
-1.6455 4.6324 -0.0400
2.2899 1.9485 -0.0400
2.2993 1.9215 -0.0400
2.3021 1.8980 -0.0400
2.3014 1.8763 -0.0400
2.2974 1.8561 -0.0400
2.2889 1.8376 -0.0400
2.2767 1.8202 -0.0400
2.2587 1.8044 -0.0400
2.2300 1.7912 -0.0400
2.2015 1.7772 -0.0400
2.1348 1.7719 -0.0400
2.1177 1.7527 -0.0400
2.1041 1.7323 -0.0400
2.0685 1.7160 -0.0400
0.7067 1.5104 -0.0400
0.7395 1.4634 -0.0400
0.7369 1.4171 -0.0400
0.7216 1.3702 -0.0400
0.6805 1.3215 -0.0400
-1.3152 -0.1515 -0.0400
-1.2909 -0.2351 -0.0400
0.2990 -0.3198 -0.0400
-0.5888 -2.2426 -0.0400
-0.5076 -2.2963 -0.0400
2.8728 -2.2125 -0.0400
2.9380 -2.2130 -0.0400
3.0006 -2.2361 -0.0400
3.0611 -2.2910 -0.0400
6.7196 1.3469 -0.0400
6.7050 1.4057 -0.0400
6.7018 1.4640 -0.0400
6.7336 1.5229 -0.0400
6.7852 1.5837 -0.0400
8.3637 2.2634 -0.0400
5.9048 2.0938 -0.0400
5.8343 2.1219 -0.0400
5.8166 2.1632 -0.0400
5.8095 2.2076 -0.0400
5.8141 2.2561 -0.0400
5.8419 2.3135 -0.0400
7.1589 4.3361 -0.0400
4.5091 3.8172 -0.0400
4.4576 3.8150 -0.0400
4.3974 3.7908 -0.0400
4.3501 3.7935 -0.0400
4.3089 3.8099 -0.0400
4.2591 3.8038 -0.0400
4.2129 3.8050 -0.0400
4.1761 3.8328 -0.0400
4.1577 3.9204 -0.0400
4.5469 6.7089 -0.0400
4.4458 6.6852 -0.0400
4.3566 6.7171 -0.0400
4.2817 6.8371 -0.0400
2.6241 4.1568 -0.0400
2.5850 4.1158 -0.0400
2.5391 4.0995 -0.0400
2.4864 4.1037 -0.0400
2.4473 4.0676 -0.0400
2.4062 4.0388 -0.0400
2.3545 4.0380 -0.0400
2.2909 4.0644 -0.0400
2.2313 4.0770 -0.0400
2.1827 4.0628 -0.0400
2.1211 4.0751 -0.0400
0.7703 4.0925 -0.0400
0.7478 4.0237 -0.0400
0.7104 3.9705 -0.0400
0.6613 3.9284 -0.0400
0.5390 3.9505 -0.0400
-1.6594 4.6414 -0.0400
2.2659 1.9763 -0.0400
2.2939 1.9400 -0.0400
2.3026 1.9136 -0.0400
2.3040 1.8910 -0.0400
2.3034 1.8694 -0.0400
2.2959 1.8507 -0.0400
2.2854 1.8331 -0.0400
2.2715 1.8164 -0.0400
2.2521 1.8011 -0.0400
2.2201 1.7890 -0.0400
2.1432 1.7882 -0.0400
2.1295 1.7686 -0.0400
2.1106 1.7500 -0.0400
2.0955 1.7300 -0.0400
2.0557 1.7145 -0.0400
0.6832 1.5578 -0.0400
0.7205 1.5098 -0.0400
0.7409 1.4633 -0.0400
0.7353 1.4171 -0.0400
0.7169 1.3703 -0.0400
-1.3195 -0.1458 -0.0400
-1.3053 -0.2329 -0.0400
0.2455 -0.2706 -0.0400
0.3031 -0.3097 -0.0400
-0.5981 -2.2350 -0.0400
2.7857 -2.2537 -0.0400
2.8575 -2.2155 -0.0400
2.9230 -2.2135 -0.0400
2.9865 -2.2274 -0.0400
4.2101 -1.1134 -0.0400
4.2441 -1.0671 -0.0400
6.7409 1.5135 -0.0400
6.7984 1.5748 -0.0400
8.3651 2.2528 -0.0400
5.9459 2.0502 -0.0400
5.8766 2.0805 -0.0400
5.8411 2.1178 -0.0400
5.8197 2.1583 -0.0400
5.8087 2.2017 -0.0400
5.8374 2.2583 -0.0400
7.2146 4.2672 -0.0400
7.1589 4.3298 -0.0400
4.5568 3.8157 -0.0400
4.5061 3.8172 -0.0400
4.4495 3.8044 -0.0400
4.3923 3.7870 -0.0400
4.3467 3.7939 -0.0400
4.3029 3.8043 -0.0400
4.2520 3.7952 -0.0400
4.2098 3.8075 -0.0400
4.1740 3.8389 -0.0400
4.5371 6.6668 -0.0400
4.4441 6.6796 -0.0400
4.3625 6.7514 -0.0400
4.2870 6.8714 -0.0400
2.6175 4.1569 -0.0400
2.5797 4.1111 -0.0400
2.5280 4.1134 -0.0400
2.4863 4.0837 -0.0400
2.4461 4.0516 -0.0400
2.4003 4.0359 -0.0400
2.3496 4.0327 -0.0400
2.2887 4.0528 -0.0400
2.2236 4.0788 -0.0400
2.1652 4.0858 -0.0400
0.7574 4.1937 -0.0400
0.7747 4.0816 -0.0400
0.7481 4.0171 -0.0400
0.7071 3.9674 -0.0400
0.6228 3.9576 -0.0400
-1.6001 4.7270 -0.0400
-1.6768 4.6524 -0.0400
2.2984 1.9537 -0.0400
2.3090 1.9261 -0.0400
2.3062 1.9052 -0.0400
2.3063 1.8833 -0.0400
2.3017 1.8635 -0.0400
2.2933 1.8453 -0.0400
2.2819 1.8281 -0.0400
2.2609 1.8139 -0.0400
2.2367 1.8001 -0.0400
2.1879 1.7929 -0.0400
2.1404 1.7837 -0.0400
2.1262 1.7644 -0.0400
2.1070 1.7459 -0.0400
2.0771 1.7293 -0.0400
2.0214 1.7170 -0.0400
0.7146 1.5556 -0.0400
0.7339 1.5087 -0.0400
0.7414 1.4626 -0.0400
0.7295 1.4165 -0.0400
0.7037 1.3696 -0.0400
-1.3147 -0.1376 -0.0400
-1.2925 -0.2216 -0.0400
0.2895 -0.3104 -0.0400
-0.5884 -2.2106 -0.0400
2.9091 -2.2072 -0.0400
2.9713 -2.2316 -0.0400
3.0321 -2.2780 -0.0400
4.2358 -1.0880 -0.0400
4.2715 -1.0489 -0.0400
4.3203 -1.0466 -0.0400
4.3636 -1.0290 -0.0400
8.3830 2.1583 -0.0400
8.4193 2.2540 -0.0400
5.9025 2.0355 -0.0400
5.8505 2.0695 -0.0400
5.8372 2.1125 -0.0400
5.8336 2.1582 -0.0400
5.8432 2.2083 -0.0400
5.8820 2.2689 -0.0400
7.2636 4.1948 -0.0400
4.5923 3.7863 -0.0400
4.5450 3.7955 -0.0400
4.4819 3.7707 -0.0400
4.4300 3.7662 -0.0400
4.3875 3.7808 -0.0400
4.3407 3.7848 -0.0400
4.2914 3.7811 -0.0400
4.2520 3.8015 -0.0400
4.2231 3.8516 -0.0400
4.7341 6.6792 -0.0400
4.6258 6.6351 -0.0400
4.5378 6.6701 -0.0400
4.4657 6.7845 -0.0400
2.7095 4.1777 -0.0400
2.6686 4.1395 -0.0400
2.6223 4.1240 -0.0400
2.5708 4.1264 -0.0400
2.5282 4.0987 -0.0400
2.4875 4.0667 -0.0400
2.4373 4.0636 -0.0400
2.3786 4.0819 -0.0400
2.3135 4.1131 -0.0400
2.2665 4.0954 -0.0400
2.2108 4.0978 -0.0400
0.8136 4.2259 -0.0400
0.8222 4.1209 -0.0400
0.7933 4.0581 -0.0400
0.7365 4.0241 -0.0400
0.6530 4.0145 -0.0400
-1.5404 4.8120 -0.0400
2.3034 1.9924 -0.0400
2.3217 1.9600 -0.0400
2.3206 1.9381 -0.0400
2.3216 1.9155 -0.0400
2.3178 1.8954 -0.0400
2.3087 1.8776 -0.0400
2.2991 1.8600 -0.0400
2.2844 1.8442 -0.0400
2.2643 1.8300 -0.0400
2.2332 1.8190 -0.0400
2.1583 1.8207 -0.0400
2.1429 1.8023 -0.0400
2.1262 1.7839 -0.0400
2.1048 1.7662 -0.0400
2.0704 1.7512 -0.0400
0.7219 1.6006 -0.0400
0.7474 1.5533 -0.0400
0.7460 1.5075 -0.0400
0.7173 1.4620 -0.0400
0.6682 1.4152 -0.0400
-1.3650 0.0315 -0.0400
-1.3461 -0.0530 -0.0400
0.2275 -0.1990 -0.0400
0.2719 -0.2452 -0.0400
-0.7879 -2.1243 -0.0400
-0.6525 -2.1319 -0.0400
4.1463 -1.1494 -0.0400
4.1781 -1.0936 -0.0400
4.2178 -1.0657 -0.0400
4.2631 -1.0545 -0.0400
4.3147 -1.0592 -0.0400
4.3500 -1.0215 -0.0400
4.3960 -1.0108 -0.0400
4.4489 -1.0153 -0.0400
7.2403 -0.3882 -0.0400
7.2507 -0.3104 -0.0400
7.2997 -0.2499 -0.0400
8.3684 2.2302 -0.0400
5.8668 2.0640 -0.0400
5.8408 2.1040 -0.0400
5.8246 2.1464 -0.0400
5.8176 2.1914 -0.0400
5.8597 2.2527 -0.0400
7.2156 4.2531 -0.0400
7.1758 4.3280 -0.0400
4.5468 3.8042 -0.0400
4.5000 3.8141 -0.0400
4.4342 3.7822 -0.0400
4.3849 3.7826 -0.0400
4.3442 3.8015 -0.0400
4.2904 3.7881 -0.0400
4.2463 3.7971 -0.0400
4.2074 3.8195 -0.0400
4.1825 3.8839 -0.0400
4.6402 6.6913 -0.0400
4.5338 6.6506 -0.0400
4.4448 6.6824 -0.0400
4.3750 6.8168 -0.0400
2.6562 4.1553 -0.0400
2.6142 4.1225 -0.0400
2.5675 4.1086 -0.0400
2.5213 4.0932 -0.0400
2.4801 4.0626 -0.0400
2.4341 4.0474 -0.0400
2.3840 4.0431 -0.0400
2.3258 4.0586 -0.0400
2.2594 4.0907 -0.0400
2.2049 4.0903 -0.0400
0.7446 4.1936 -0.0400
0.7881 4.0541 -0.0400
0.7443 4.0073 -0.0400
0.6853 3.9751 -0.0400
0.5972 3.9687 -0.0400
-1.5947 4.7219 -0.0400
2.2887 1.9891 -0.0400
2.3016 1.9592 -0.0400
2.3145 1.9303 -0.0400
2.3122 1.9093 -0.0400
2.3114 1.8880 -0.0400
2.3044 1.8694 -0.0400
2.2955 1.8517 -0.0400
2.2810 1.8360 -0.0400
2.2606 1.8221 -0.0400
2.2274 1.8120 -0.0400
2.1946 1.8006 -0.0400
2.1444 1.7935 -0.0400
2.1302 1.7747 -0.0400
2.1122 1.7565 -0.0400
2.0876 1.7395 -0.0400
2.0210 1.7311 -0.0400
0.7268 1.5516 -0.0400
0.7446 1.5052 -0.0400
0.7424 1.4596 -0.0400
0.7143 1.4138 -0.0400
-1.3482 -0.0467 -0.0400
-1.3245 -0.1297 -0.0400
-1.3125 -0.2169 -0.0400
0.2673 -0.2403 -0.0400
0.2782 -0.3047 -0.0400
-0.6231 -2.2141 -0.0400
4.2093 -1.1005 -0.0400
4.2434 -1.0569 -0.0400
4.2905 -1.0503 -0.0400
4.3379 -1.0436 -0.0400
4.3759 -1.0135 -0.0400
4.4180 -0.9936 -0.0400
4.4663 -0.9874 -0.0400
4.5533 -1.0601 -0.0400
4.6098 -1.0644 -0.0400
7.2227 -0.4750 -0.0400
7.2154 -0.3880 -0.0400
7.2629 -0.3272 -0.0400
5.9243 1.9779 -0.0400
5.8837 2.0160 -0.0400
5.8582 2.0567 -0.0400
5.8418 2.0993 -0.0400
5.8489 2.1484 -0.0400
5.8683 2.2020 -0.0400
7.3397 4.1290 -0.0400
7.2730 4.1853 -0.0400
4.6608 3.8197 -0.0400
4.5844 3.7774 -0.0400
4.5301 3.7730 -0.0400
4.4761 3.7672 -0.0400
4.4265 3.7682 -0.0400
4.3868 3.7898 -0.0400
4.3303 3.7723 -0.0400
4.2892 3.7892 -0.0400
4.2530 3.8189 -0.0400
4.7272 6.6472 -0.0400
4.6281 6.6397 -0.0400
4.5475 6.7083 -0.0400
4.4713 6.8065 -0.0400
2.7406 4.2117 -0.0400
2.7023 4.1570 -0.0400
2.6578 4.1331 -0.0400
2.6035 4.1467 -0.0400
2.5650 4.1029 -0.0400
2.5222 4.0763 -0.0400
2.4757 4.0628 -0.0400
2.4133 4.0944 -0.0400
2.3489 4.1265 -0.0400
2.3020 4.1084 -0.0400
2.2478 4.1082 -0.0400
0.8579 4.1628 -0.0400
0.8314 4.0967 -0.0400
0.7883 4.0491 -0.0400
0.7298 4.0170 -0.0400
-1.5112 4.9168 -0.0400
2.3252 1.9871 -0.0400
2.3281 1.9627 -0.0400
2.3264 1.9411 -0.0400
2.3270 1.9188 -0.0400
2.3206 1.9000 -0.0400
2.3111 1.8828 -0.0400
2.3002 1.8660 -0.0400
2.2816 1.8521 -0.0400
2.2527 1.8417 -0.0400
2.2252 1.8299 -0.0400
2.1601 1.8300 -0.0400
2.1450 1.8118 -0.0400
2.1254 1.7948 -0.0400
2.1097 1.7761 -0.0400
2.0747 1.7621 -0.0400
0.7096 1.6432 -0.0400
0.7452 1.5947 -0.0400
0.7499 1.5489 -0.0400
0.7431 1.5037 -0.0400
0.7055 1.4586 -0.0400
-1.3697 0.0397 -0.0400
-1.3551 -0.0458 -0.0400
0.2351 -0.1848 -0.0400
0.2659 -0.2378 -0.0400
-0.7591 -2.0738 -0.0400
-0.6686 -2.1197 -0.0400
1.9996 -0.9482 -0.0400
4.1158 -1.1481 -0.0400
4.1502 -1.1008 -0.0400
4.1902 -1.0741 -0.0400
4.2352 -1.0623 -0.0400
4.2857 -1.0648 -0.0400
4.3226 -1.0313 -0.0400
4.3669 -1.0170 -0.0400
4.4188 -1.0194 -0.0400
4.4819 -1.0445 -0.0400
4.5471 -1.0700 -0.0400
4.6117 -1.0902 -0.0400
7.2279 -0.4173 -0.0400
7.2380 -0.3391 -0.0400
7.3070 -0.2871 -0.0400
5.9087 2.0104 -0.0400
5.8713 2.0488 -0.0400
5.8466 2.0897 -0.0400
5.8347 2.1336 -0.0400
5.8354 2.1815 -0.0400
5.8512 2.2347 -0.0400
7.2253 4.2423 -0.0400
4.5980 3.8045 -0.0400
4.5436 3.8019 -0.0400
4.4778 3.7737 -0.0400
4.4276 3.7744 -0.0400
4.3844 3.7889 -0.0400
4.3341 3.7865 -0.0400
4.2864 3.7885 -0.0400
4.2456 3.8068 -0.0400
4.2102 3.8401 -0.0400
4.6381 6.6729 -0.0400
4.5393 6.6656 -0.0400
4.4643 6.7659 -0.0400
2.6924 4.1666 -0.0400
2.6500 4.1329 -0.0400
2.6009 4.1273 -0.0400
2.5534 4.1150 -0.0400
2.5132 4.0787 -0.0400
2.4691 4.0571 -0.0400
2.4165 4.0611 -0.0400
2.3568 4.0820 -0.0400
2.2953 4.1036 -0.0400
2.2478 4.0870 -0.0400
0.8242 4.0944 -0.0400
0.7838 4.0440 -0.0400
0.7275 4.0097 -0.0400
0.6463 3.9987 -0.0400
-1.5423 4.8091 -0.0400
2.3002 1.9887 -0.0400
2.3107 1.9599 -0.0400
2.3219 1.9316 -0.0400
2.3187 1.9113 -0.0400
2.3152 1.8912 -0.0400
2.3064 1.8737 -0.0400
2.2963 1.8567 -0.0400
2.2785 1.8427 -0.0400
2.2628 1.8275 -0.0400
2.2223 1.8208 -0.0400
2.1572 1.8211 -0.0400
2.1441 1.8026 -0.0400
2.1257 1.7854 -0.0400
2.1112 1.7666 -0.0400
2.0771 1.7526 -0.0400
2.0144 1.7446 -0.0400
0.7199 1.5923 -0.0400
0.7438 1.5453 -0.0400
0.7458 1.4999 -0.0400
0.7280 1.4549 -0.0400
0.6573 1.4090 -0.0400
-1.3481 -0.0382 -0.0400
-1.3329 -0.1236 -0.0400
0.2190 -0.1878 -0.0400
0.2661 -0.2321 -0.0400
-0.6749 -2.1095 -0.0400
2.0338 -0.9613 -0.0400
2.0973 -0.9422 -0.0400
2.1405 -0.9602 -0.0400
2.1801 -0.9854 -0.0400
4.1501 -1.1628 -0.0400
4.1790 -1.0999 -0.0400
4.2171 -1.0680 -0.0400
4.2637 -1.0606 -0.0400
4.3103 -1.0521 -0.0400
4.3488 -1.0234 -0.0400
4.3909 -1.0038 -0.0400
4.4382 -0.9958 -0.0400
4.5254 -1.0700 -0.0400
4.5787 -1.0683 -0.0400
7.1869 -0.4933 -0.0400
7.2030 -0.4175 -0.0400
7.2450 -0.3541 -0.0400
5.8535 2.0857 -0.0400
5.8559 2.1339 -0.0400
5.8731 2.1872 -0.0400
7.3362 4.1074 -0.0400
7.2849 4.1747 -0.0400
4.6368 3.7771 -0.0400
4.5855 3.7811 -0.0400
4.5158 3.7478 -0.0400
4.4688 3.7560 -0.0400
4.4266 3.7732 -0.0400
4.3714 3.7613 -0.0400
4.3273 3.7723 -0.0400
4.2943 3.8102 -0.0400
4.2757 3.8874 -0.0400
4.8354 6.6687 -0.0400
4.7271 6.6339 -0.0400
4.6362 6.6601 -0.0400
4.5661 6.7764 -0.0400
2.7409 4.1587 -0.0400
2.6946 4.1410 -0.0400
2.6460 4.1341 -0.0400
2.6007 4.1135 -0.0400
2.5578 4.0862 -0.0400
2.5090 4.0797 -0.0400
2.4556 4.0862 -0.0400
2.3891 4.1285 -0.0400
2.3389 4.1197 -0.0400
2.2797 4.1333 -0.0400
0.8815 4.2185 -0.0400
0.8659 4.1387 -0.0400
0.8277 4.0856 -0.0400
0.7747 4.0484 -0.0400
-1.4528 5.0004 -0.0400
-1.4819 4.8924 -0.0400
2.3110 2.0237 -0.0400
2.3258 1.9913 -0.0400
2.3387 1.9612 -0.0400
2.3353 1.9407 -0.0400
2.3302 1.9214 -0.0400
2.3229 1.9033 -0.0400
2.3109 1.8873 -0.0400
2.2981 1.8716 -0.0400
2.2733 1.8608 -0.0400
2.2486 1.8492 -0.0400
2.2116 1.8415 -0.0400
2.1600 1.8380 -0.0400
2.1482 1.8191 -0.0400
2.1260 1.8034 -0.0400
2.1073 1.7860 -0.0400
2.0587 1.7767 -0.0400
0.7455 1.6337 -0.0400
0.7541 1.5878 -0.0400
0.7474 1.5429 -0.0400
0.7224 1.4985 -0.0400
-1.4221 0.1214 -0.0400
-1.3678 0.0475 -0.0400
-1.3735 -0.0438 -0.0400
0.1793 -0.1370 -0.0400
0.2414 -0.1740 -0.0400
-0.7509 -2.0442 -0.0400
-0.6843 -2.1103 -0.0400
2.0057 -0.9039 -0.0400
2.0536 -0.9137 -0.0400
2.0960 -0.9330 -0.0400
2.1342 -0.9603 -0.0400
2.1501 -1.0350 -0.0400
4.0992 -1.1910 -0.0400
4.1264 -1.1189 -0.0400
4.1627 -1.0808 -0.0400
4.2092 -1.0738 -0.0400
4.2600 -1.0773 -0.0400
4.2972 -1.0446 -0.0400
4.3402 -1.0275 -0.0400
4.3920 -1.0301 -0.0400
4.4541 -1.0537 -0.0400
4.5197 -1.0804 -0.0400
4.5814 -1.0954 -0.0400
7.1819 -0.5092 -0.0400
7.1966 -0.4325 -0.0400
7.2401 -0.3697 -0.0400
4.6369 3.7759 -0.0400
4.5700 3.7513 -0.0400
4.5146 3.7452 -0.0400
4.4688 3.7561 -0.0400
4.4278 3.7763 -0.0400
4.3697 3.7585 -0.0400
4.3275 3.7744 -0.0400
4.2905 3.8027 -0.0400
4.8385 6.6698 -0.0400
4.7294 6.6338 -0.0400
4.6446 6.6848 -0.0400
4.5749 6.8048 -0.0400
2.7803 4.1872 -0.0400
2.7362 4.1562 -0.0400
2.6887 4.1437 -0.0400
2.6363 4.1512 -0.0400
2.5990 4.0994 -0.0400
2.5529 4.0835 -0.0400
2.5054 4.0725 -0.0400
2.4432 4.1064 -0.0400
2.3803 4.1370 -0.0400
2.3290 4.1306 -0.0400
2.2673 4.1499 -0.0400
0.9133 4.2737 -0.0400
0.9054 4.1832 -0.0400
0.8703 4.1260 -0.0400
0.8199 4.0863 -0.0400
0.7515 4.0650 -0.0400
-1.4800 4.8892 -0.0400
2.3237 2.0062 -0.0400
2.3422 1.9722 -0.0400
2.3394 1.9512 -0.0400
2.3348 1.9316 -0.0400
2.3279 1.9132 -0.0400
2.3162 1.8973 -0.0400
2.3031 1.8819 -0.0400
2.2878 1.8673 -0.0400
2.2688 1.8540 -0.0400
2.2017 1.8595 -0.0400
2.1682 1.8498 -0.0400
2.1508 1.8332 -0.0400
2.1359 1.8154 -0.0400
2.1180 1.7982 -0.0400
2.0738 1.7886 -0.0400
2.0324 1.7768 -0.0400
0.7101 1.6788 -0.0400
0.7469 1.6297 -0.0400
0.7548 1.5839 -0.0400
0.7457 1.5394 -0.0400
0.6893 1.4961 -0.0400
-1.3866 0.1337 -0.0400
-1.3597 0.0527 -0.0400
0.2136 -0.1175 -0.0400
0.2257 -0.1793 -0.0400
-0.8710 -2.0118 -0.0400
-0.7399 -2.0248 -0.0400
1.9385 -0.9115 -0.0400
1.9984 -0.9019 -0.0400
2.0471 -0.9099 -0.0400
2.0896 -0.9285 -0.0400
2.1188 -0.9734 -0.0400
2.1413 -1.0345 -0.0400
4.0819 -1.1807 -0.0400
4.1127 -1.1211 -0.0400
4.1492 -1.0839 -0.0400
4.1954 -1.0763 -0.0400
4.2461 -1.0802 -0.0400
4.2822 -1.0447 -0.0400
4.3260 -1.0297 -0.0400
4.3752 -1.0271 -0.0400
4.4316 -1.0387 -0.0400
4.5141 -1.1022 -0.0400
7.1837 -0.5287 -0.0400
7.1907 -0.4481 -0.0400
7.2916 -0.4113 -0.0400
7.3396 4.0878 -0.0400
7.3044 4.1665 -0.0400
4.6814 3.7555 -0.0400
4.6290 3.7595 -0.0400
4.5717 3.7527 -0.0400
4.5156 3.7456 -0.0400
4.4698 3.7569 -0.0400
4.4169 3.7524 -0.0400
4.3696 3.7581 -0.0400
4.3289 3.7779 -0.0400
4.2938 3.8115 -0.0400
4.8275 6.6212 -0.0400
4.7335 6.6381 -0.0400
4.6482 6.6876 -0.0400
4.5811 6.8192 -0.0400
2.7782 4.1733 -0.0400
2.7325 4.1509 -0.0400
2.6832 4.1461 -0.0400
2.6384 4.1224 -0.0400
2.5945 4.0968 -0.0400
2.5473 4.0842 -0.0400
2.4961 4.0849 -0.0400
2.4227 4.1530 -0.0400
2.3765 4.1317 -0.0400
2.3264 4.1219 -0.0400
0.8841 4.3008 -0.0400
0.8965 4.1855 -0.0400
0.8652 4.1240 -0.0400
0.8014 4.0986 -0.0400
0.6915 4.1198 -0.0400
-1.4213 4.9726 -0.0400
2.3393 2.0100 -0.0400
2.3438 1.9840 -0.0400
2.3423 1.9621 -0.0400
2.3385 1.9418 -0.0400
2.3327 1.9229 -0.0400
2.3223 1.9065 -0.0400
2.3094 1.8912 -0.0400
2.2943 1.8768 -0.0400
2.2760 1.8635 -0.0400
2.2151 1.8679 -0.0400
2.1734 1.8623 -0.0400
2.1613 1.8440 -0.0400
2.1480 1.8259 -0.0400
2.1206 1.8125 -0.0400
2.0961 1.7973 -0.0400
0.7431 1.6710 -0.0400
0.7577 1.6244 -0.0400
0.7546 1.5797 -0.0400
0.7373 1.5357 -0.0400
0.6848 1.4924 -0.0400
-1.3766 0.1385 -0.0400
-1.3634 0.0539 -0.0400
0.1589 -0.0745 -0.0400
0.2145 -0.1151 -0.0400
0.2253 -0.1773 -0.0400
-0.7491 -2.0232 -0.0400
1.9235 -0.9235 -0.0400
1.9898 -0.9031 -0.0400
2.0402 -0.9080 -0.0400
2.0813 -0.9289 -0.0400
2.1140 -0.9666 -0.0400
2.1371 -1.0255 -0.0400
4.0979 -1.1190 -0.0400
4.1375 -1.0913 -0.0400
4.1824 -1.0805 -0.0400
4.2331 -1.0845 -0.0400
4.2690 -1.0489 -0.0400
4.3124 -1.0332 -0.0400
4.3603 -1.0277 -0.0400
4.4456 -1.1036 -0.0400
4.4965 -1.0986 -0.0400
7.1543 -0.5328 -0.0400
7.1862 -0.4645 -0.0400
7.2587 -0.4148 -0.0400
7.3497 4.0825 -0.0400
4.6888 3.7642 -0.0400
4.6324 3.7619 -0.0400
4.5775 3.7603 -0.0400
4.5128 3.7375 -0.0400
4.4721 3.7592 -0.0400
4.4182 3.7534 -0.0400
4.3706 3.7588 -0.0400
4.3302 3.7798 -0.0400
4.8430 6.6617 -0.0400
4.7388 6.6448 -0.0400
4.6674 6.7501 -0.0400
2.8182 4.2075 -0.0400
2.7740 4.1727 -0.0400
2.7287 4.1476 -0.0400
2.6763 4.1563 -0.0400
2.6360 4.1127 -0.0400
2.5907 4.0924 -0.0400
2.5421 4.0847 -0.0400
2.4821 4.1145 -0.0400
2.4183 4.1504 -0.0400
2.3697 4.1361 -0.0400
2.3150 4.1387 -0.0400
0.9372 4.2295 -0.0400
0.9078 4.1647 -0.0400
0.8626 4.1192 -0.0400
0.8022 4.0902 -0.0400
0.7120 4.0912 -0.0400
-1.4355 4.9813 -0.0400
2.3300 2.0295 -0.0400
2.3406 1.9988 -0.0400
2.3429 1.9742 -0.0400
2.3406 1.9529 -0.0400
2.3384 1.9319 -0.0400
2.3286 1.9153 -0.0400
2.3167 1.8996 -0.0400
2.3023 1.8851 -0.0400
2.2851 1.8717 -0.0400
2.2372 1.8716 -0.0400
2.1788 1.8743 -0.0400
2.1675 1.8558 -0.0400
2.1546 1.8378 -0.0400
2.1271 1.8250 -0.0400
2.1025 1.8103 -0.0400
2.0697 1.7976 -0.0400
0.7138 1.7152 -0.0400
0.7553 1.6649 -0.0400
0.7577 1.6197 -0.0400
0.7489 1.5755 -0.0400
0.7102 1.5327 -0.0400
-1.4547 0.2079 -0.0400
-1.3768 0.1400 -0.0400
-1.3622 0.0560 -0.0400
0.1757 -0.0655 -0.0400
0.2152 -0.1134 -0.0400
0.2151 -0.1810 -0.0400
-0.8297 -1.9608 -0.0400
-0.7506 -2.0160 -0.0400
1.9390 -0.8856 -0.0400
1.9927 -0.8854 -0.0400
2.0378 -0.8989 -0.0400
2.0772 -0.9225 -0.0400
2.1110 -0.9575 -0.0400
2.1367 -1.0103 -0.0400
4.0577 -1.1931 -0.0400
4.0884 -1.1327 -0.0400
4.1236 -1.0918 -0.0400
4.1672 -1.0776 -0.0400
4.2191 -1.0857 -0.0400
4.2575 -1.0566 -0.0400
4.2995 -1.0378 -0.0400
4.3473 -1.0323 -0.0400
4.4324 -1.1084 -0.0400
4.4824 -1.1016 -0.0400
4.5471 -1.1234 -0.0400
7.1586 -0.5539 -0.0400
7.1761 -0.4784 -0.0400
7.2297 -0.4200 -0.0400
6.8368 1.0389 -0.0400
6.7556 1.1079 -0.0400
6.7106 1.1717 -0.0400
7.3546 4.0732 -0.0400
4.7469 3.7621 -0.0400
4.6786 3.7420 -0.0400
4.6311 3.7551 -0.0400
4.5653 3.7334 -0.0400
4.5157 3.7392 -0.0400
4.4738 3.7591 -0.0400
4.4220 3.7580 -0.0400
4.3732 3.7616 -0.0400
4.3395 3.7988 -0.0400
4.8416 6.6421 -0.0400
4.7510 6.6742 -0.0400
4.6735 6.7586 -0.0400
2.8176 4.1888 -0.0400
2.7729 4.1575 -0.0400
2.7234 4.1531 -0.0400
2.6764 4.1369 -0.0400
2.6318 4.1114 -0.0400
2.5864 4.0913 -0.0400
2.5352 4.0927 -0.0400
2.4710 4.1355 -0.0400
2.4149 4.1459 -0.0400
2.3644 4.1373 -0.0400
0.9311 4.2291 -0.0400
0.9028 4.1628 -0.0400
0.8489 4.1269 -0.0400
0.7668 4.1210 -0.0400
-1.3909 5.0762 -0.0400
-1.4329 4.9770 -0.0400
2.3512 2.0049 -0.0400
2.3514 1.9815 -0.0400
2.3483 1.9606 -0.0400
2.3428 1.9414 -0.0400
2.3343 1.9240 -0.0400
2.3235 1.9079 -0.0400
2.3105 1.8929 -0.0400
2.2839 1.8844 -0.0400
2.2561 1.8757 -0.0400
2.1844 1.8859 -0.0400
2.1748 1.8668 -0.0400
2.1617 1.8491 -0.0400
2.1369 1.8357 -0.0400
2.1140 1.8210 -0.0400
2.0836 1.8082 -0.0400
2.0386 1.7994 -0.0400
0.7264 1.7084 -0.0400
0.7594 1.6593 -0.0400
0.7586 1.6146 -0.0400
0.7405 1.5712 -0.0400
0.6628 1.5305 -0.0400
-1.4039 0.2215 -0.0400
-1.3857 0.1386 -0.0400
-1.3673 0.0557 -0.0400
0.2113 -0.1146 -0.0400
-0.8689 -1.9851 -0.0400
1.9248 -0.8985 -0.0400
1.9844 -0.8885 -0.0400
2.0321 -0.8972 -0.0400
2.0681 -0.9268 -0.0400
2.0963 -0.9726 -0.0400
4.1114 -1.0960 -0.0400
4.1562 -1.0856 -0.0400
4.2048 -1.0849 -0.0400
4.2437 -1.0578 -0.0400
4.2859 -1.0396 -0.0400
4.3365 -1.0412 -0.0400
4.3900 -1.0476 -0.0400
4.4702 -1.1082 -0.0400
4.5361 -1.1327 -0.0400
7.1382 -0.5627 -0.0400
7.1749 -0.4967 -0.0400
7.2683 -0.4566 -0.0400
6.7305 1.0956 -0.0400
6.7134 1.1573 -0.0400
6.7079 1.2176 -0.0400
6.7199 1.2772 -0.0400
6.7809 1.3366 -0.0400
7.4107 3.9946 -0.0400
7.3607 4.0640 -0.0400
4.6872 3.7506 -0.0400
4.6363 3.7585 -0.0400
4.5612 3.7205 -0.0400
4.5172 3.7370 -0.0400
4.4703 3.7473 -0.0400
4.4175 3.7441 -0.0400
4.3745 3.7605 -0.0400
4.3393 3.7942 -0.0400
4.8407 6.6229 -0.0400
4.7605 6.6920 -0.0400
4.6795 6.7642 -0.0400
2.8150 4.1836 -0.0400
2.7694 4.1563 -0.0400
2.7177 4.1625 -0.0400
2.6748 4.1265 -0.0400
2.6304 4.1005 -0.0400
2.5818 4.0927 -0.0400
2.5258 4.1108 -0.0400
2.4688 4.1280 -0.0400
2.4115 4.1426 -0.0400
2.3563 4.1475 -0.0400
0.9480 4.2011 -0.0400
0.9037 4.1542 -0.0400
0.8461 4.1226 -0.0400
0.7678 4.1127 -0.0400
-1.3589 5.0487 -0.0400
2.3112 2.0705 -0.0400
2.3444 2.0225 -0.0400
2.3502 1.9948 -0.0400
2.3489 1.9724 -0.0400
2.3450 1.9520 -0.0400
2.3392 1.9330 -0.0400
2.3276 1.9175 -0.0400
2.3136 1.9031 -0.0400
2.2966 1.8901 -0.0400
2.2739 1.8795 -0.0400
2.2420 1.8726 -0.0400
2.1806 1.8781 -0.0400
2.1645 1.8618 -0.0400
2.1480 1.8455 -0.0400
2.1271 1.8305 -0.0400
2.1002 1.8171 -0.0400
2.0636 1.8064 -0.0400
0.7313 1.7479 -0.0400
0.7529 1.6995 -0.0400
0.7599 1.6538 -0.0400
0.7532 1.6097 -0.0400
0.7348 1.5664 -0.0400
-1.3964 0.2238 -0.0400
-1.3829 0.1400 -0.0400
0.1864 -0.0599 -0.0400
0.1863 -0.1265 -0.0400
-0.9362 -1.9120 -0.0400
-0.8090 -1.9298 -0.0400
1.8615 -0.9027 -0.0400
1.9348 -0.8722 -0.0400
1.9861 -0.8753 -0.0400
2.0293 -0.8914 -0.0400
2.0665 -0.9181 -0.0400
2.0977 -0.9573 -0.0400
2.1162 -1.0239 -0.0400
2.6032 -2.1578 -0.0400
2.6665 -2.1615 -0.0400
2.7266 -2.1842 -0.0400
4.2314 -1.0620 -0.0400
4.2737 -1.0444 -0.0400
4.3196 -1.0352 -0.0400
4.3859 -1.0710 -0.0400
4.4521 -1.1016 -0.0400
7.1455 -0.5857 -0.0400
7.1617 -0.5093 -0.0400
7.2167 -0.4517 -0.0400
6.7529 1.0791 -0.0400
6.7073 1.1431 -0.0400
6.7066 1.2033 -0.0400
6.7338 1.2625 -0.0400
6.7710 1.3224 -0.0400
7.4123 3.9817 -0.0400
7.3685 4.0553 -0.0400
4.7431 3.7421 -0.0400
4.6835 3.7372 -0.0400
4.6279 3.7367 -0.0400
4.5673 3.7252 -0.0400
4.5205 3.7370 -0.0400
4.4805 3.7614 -0.0400
4.4185 3.7404 -0.0400
4.3812 3.7695 -0.0400
4.3569 3.8293 -0.0400
4.9464 6.6220 -0.0400
4.8467 6.6251 -0.0400
4.7667 6.6953 -0.0400
4.6859 6.7690 -0.0400
2.8562 4.2250 -0.0400
2.8140 4.1713 -0.0400
2.7661 4.1571 -0.0400
2.7136 4.1664 -0.0400
2.6722 4.1224 -0.0400
2.6270 4.0990 -0.0400
2.5758 4.1009 -0.0400
2.5180 4.1246 -0.0400
2.4562 4.1569 -0.0400
2.4054 4.1487 -0.0400
2.3407 4.1813 -0.0400
0.9788 4.2579 -0.0400
0.9456 4.1967 -0.0400
0.8997 4.1516 -0.0400
0.8415 4.1206 -0.0400
-1.3684 5.0540 -0.0400
2.3554 2.0283 -0.0400
2.3586 2.0020 -0.0400
2.3563 1.9800 -0.0400
2.3516 1.9600 -0.0400
2.3445 1.9418 -0.0400
2.3345 1.9253 -0.0400
2.3223 1.9101 -0.0400
2.3074 1.8962 -0.0400
2.2734 1.8919 -0.0400
2.2358 1.8884 -0.0400
2.1857 1.8895 -0.0400
2.1733 1.8718 -0.0400
2.1586 1.8549 -0.0400
2.1414 1.8388 -0.0400
2.1187 1.8245 -0.0400
2.0520 1.8259 -0.0400
0.7148 1.7444 -0.0400
0.7633 1.6924 -0.0400
0.7626 1.6477 -0.0400
0.7389 1.6054 -0.0400
0.7029 1.5632 -0.0400
-1.4453 0.2991 -0.0400
-1.3863 0.2262 -0.0400
-1.3793 0.1411 -0.0400
0.1305 -0.0199 -0.0400
0.1901 -0.0588 -0.0400
0.1893 -0.1254 -0.0400
-0.9323 -1.9032 -0.0400
-0.8100 -1.9247 -0.0400
-0.7923 -2.0297 -0.0400
1.9223 -0.8846 -0.0400
1.9789 -0.8787 -0.0400
2.0249 -0.8897 -0.0400
2.0580 -0.9237 -0.0400
2.0827 -0.9753 -0.0400
2.5253 -2.1762 -0.0400
2.5942 -2.1541 -0.0400
2.6571 -2.1595 -0.0400
2.7171 -2.1817 -0.0400
4.3670 -1.0607 -0.0400
4.4441 -1.1157 -0.0400
4.5024 -1.1257 -0.0400
6.8266 0.9951 -0.0400
6.7455 1.0647 -0.0400
6.7187 1.1276 -0.0400
6.7075 1.1886 -0.0400
6.7211 1.2483 -0.0400
6.8047 1.3073 -0.0400
8.4519 1.8271 -0.0400
4.6854 3.7321 -0.0400
4.6187 3.7127 -0.0400
4.5672 3.7172 -0.0400
4.5248 3.7376 -0.0400
4.4719 3.7369 -0.0400
4.4221 3.7408 -0.0400
4.3817 3.7636 -0.0400
4.3507 3.8081 -0.0400
4.9616 6.6502 -0.0400
4.8529 6.6260 -0.0400
4.7852 6.7408 -0.0400
2.8546 4.2199 -0.0400
2.8117 4.1692 -0.0400
2.7625 4.1613 -0.0400
2.7137 4.1513 -0.0400
2.6708 4.1146 -0.0400
2.6231 4.1017 -0.0400
2.5715 4.1045 -0.0400
2.5131 4.1294 -0.0400
2.4531 4.1553 -0.0400
2.3988 4.1581 -0.0400
1.0035 4.3248 -0.0400
0.9823 4.2464 -0.0400
0.9441 4.1914 -0.0400
0.8951 4.1499 -0.0400
0.7996 4.1609 -0.0400
-1.3113 5.1394 -0.0400
2.3440 2.0504 -0.0400
2.3545 2.0179 -0.0400
2.3560 1.9928 -0.0400
2.3532 1.9713 -0.0400
2.3502 1.9502 -0.0400
2.3393 1.9343 -0.0400
2.3262 1.9197 -0.0400
2.3105 1.9064 -0.0400
2.2912 1.8947 -0.0400
2.2639 1.8867 -0.0400
2.2156 1.8884 -0.0400
2.1818 1.8816 -0.0400
2.1618 1.8673 -0.0400
2.1427 1.8522 -0.0400
2.1180 1.8390 -0.0400
2.0847 1.8285 -0.0400
2.0048 1.8343 -0.0400
0.7628 1.7312 -0.0400
0.7666 1.6859 -0.0400
0.7606 1.6420 -0.0400
0.7447 1.5989 -0.0400
-1.4543 0.2966 -0.0400
-1.3865 0.2257 -0.0400
-1.3800 0.1405 -0.0400
0.1600 -0.0081 -0.0400
0.1953 -0.0575 -0.0400
-0.9018 -1.8745 -0.0400
-0.8104 -1.9197 -0.0400
1.8657 -0.8811 -0.0400
1.9315 -0.8618 -0.0400
1.9808 -0.8676 -0.0400
2.0226 -0.8854 -0.0400
2.0584 -0.9137 -0.0400
2.0878 -0.9555 -0.0400
2.5153 -2.1806 -0.0400
2.5853 -2.1534 -0.0400
2.6482 -2.1577 -0.0400
2.7056 -2.1945 -0.0400
6.7427 0.9936 -0.0400
6.7152 1.0572 -0.0400
6.7061 1.1185 -0.0400
6.7234 1.1779 -0.0400
6.7573 1.2372 -0.0400
8.4820 1.7268 -0.0400
8.4738 1.8178 -0.0400
4.7893 3.7090 -0.0400
4.7331 3.7113 -0.0400
4.6740 3.7068 -0.0400
4.6157 3.7014 -0.0400
4.5682 3.7133 -0.0400
4.5117 3.7069 -0.0400
4.4677 3.7231 -0.0400
4.4332 3.7584 -0.0400
5.0439 6.5765 -0.0400
4.9542 6.6129 -0.0400
4.8839 6.7147 -0.0400
2.9495 4.2716 -0.0400
2.9058 4.2089 -0.0400
2.8594 4.1780 -0.0400
2.8071 4.1885 -0.0400
2.7608 4.1622 -0.0400
2.7169 4.1269 -0.0400
2.6682 4.1180 -0.0400
2.6140 4.1321 -0.0400
2.5476 4.1899 -0.0400
2.4990 4.1733 -0.0400
2.4437 4.1800 -0.0400
1.0189 4.4095 -0.0400
1.0373 4.2762 -0.0400
0.9921 4.2295 -0.0400
0.9213 4.2145 -0.0400
0.8208 4.2325 -0.0400
-1.2508 5.2232 -0.0400
-1.3115 5.1382 -0.0400
2.3794 2.0414 -0.0400
2.3778 2.0180 -0.0400
2.3733 1.9972 -0.0400
2.3666 1.9783 -0.0400
2.3570 1.9615 -0.0400
2.3454 1.9461 -0.0400
2.3315 1.9320 -0.0400
2.3037 1.9260 -0.0400
2.2749 1.9196 -0.0400
2.2082 1.9329 -0.0400
2.1975 1.9146 -0.0400
2.1835 1.8978 -0.0400
2.1669 1.8821 -0.0400
2.1464 1.8678 -0.0400
2.1201 1.8556 -0.0400
0.7623 1.8174 -0.0400
0.7752 1.7700 -0.0400
0.7745 1.7253 -0.0400
0.7637 1.6821 -0.0400
0.6962 1.6451 -0.0400
-1.4245 0.3887 -0.0400
-1.4081 0.3063 -0.0400
-1.4147 0.2183 -0.0400
0.1435 0.0483 -0.0400
0.1683 -0.0056 -0.0400
-0.9270 -1.7751 -0.0400
-0.8688 -1.8460 -0.0400
1.9012 -0.8208 -0.0400
1.9451 -0.8354 -0.0400
1.9825 -0.8602 -0.0400
2.0134 -0.8967 -0.0400
2.0343 -0.9533 -0.0400
2.4415 -2.1938 -0.0400
2.5185 -2.1396 -0.0400
2.5795 -2.1533 -0.0400
2.6390 -2.1760 -0.0400
6.7575 1.0331 -0.0400
6.7047 1.0983 -0.0400
6.7072 1.1585 -0.0400
6.7233 1.2183 -0.0400
6.7577 1.2782 -0.0400
8.4372 1.7917 -0.0400
8.4399 1.8833 -0.0400
5.9453 1.8615 -0.0400
4.7413 3.7108 -0.0400
4.6937 3.7263 -0.0400
4.6256 3.7053 -0.0400
4.5756 3.7134 -0.0400
4.5340 3.7362 -0.0400
4.4781 3.7308 -0.0400
4.4301 3.7391 -0.0400
4.4065 3.7991 -0.0400
4.9641 6.6133 -0.0400
4.8919 6.7094 -0.0400
4.8108 6.7830 -0.0400
2.8993 4.2456 -0.0400
2.8549 4.1947 -0.0400
2.8079 4.1694 -0.0400
2.7566 4.1714 -0.0400
2.7115 4.1400 -0.0400
2.6657 4.1154 -0.0400
2.6142 4.1175 -0.0400
2.5611 4.1238 -0.0400
2.4955 4.1731 -0.0400
2.4454 4.1615 -0.0400
2.3846 4.1840 -0.0400
1.0117 4.3011 -0.0400
0.9881 4.2259 -0.0400
0.9371 4.1866 -0.0400
0.8768 4.1582 -0.0400
-1.3184 5.1415 -0.0400
2.3504 2.0750 -0.0400
2.3638 2.0386 -0.0400
2.3658 2.0122 -0.0400
2.3628 1.9902 -0.0400
2.3577 1.9701 -0.0400
2.3507 1.9514 -0.0400
2.3385 1.9363 -0.0400
2.3240 1.9226 -0.0400
2.3066 1.9103 -0.0400
2.2839 1.9007 -0.0400
2.2528 1.8951 -0.0400
2.1928 1.9037 -0.0400
2.1774 1.8876 -0.0400
2.1604 1.8721 -0.0400
2.1389 1.8583 -0.0400
2.1115 1.8466 -0.0400
2.0745 1.8380 -0.0400
0.7130 1.8178 -0.0400
0.7568 1.7643 -0.0400
0.7683 1.7175 -0.0400
0.7663 1.6731 -0.0400
0.7296 1.6329 -0.0400
-1.4815 0.3752 -0.0400
-1.4139 0.3033 -0.0400
-1.3992 0.2205 -0.0400
0.1744 -0.0058 -0.0400
0.1814 -0.0676 -0.0400
-0.8664 -1.8392 -0.0400
-0.8421 -1.9366 -0.0400
1.8738 -0.8578 -0.0400
1.9315 -0.8507 -0.0400
1.9779 -0.8605 -0.0400
2.0177 -0.8808 -0.0400
2.0389 -0.9354 -0.0400
2.5057 -2.1496 -0.0400
2.5708 -2.1429 -0.0400
2.6301 -2.1648 -0.0400
2.6905 -2.1816 -0.0400
6.7770 0.9536 -0.0400
6.7256 1.0203 -0.0400
6.7072 1.0826 -0.0400
6.7060 1.1432 -0.0400
6.7190 1.2031 -0.0400
6.8280 1.2615 -0.0400
8.4799 1.8700 -0.0400
6.0312 1.8147 -0.0400
5.9577 1.8506 -0.0400
5.9084 1.8892 -0.0400
5.8920 1.9340 -0.0400
5.8888 1.9818 -0.0400
4.7526 3.7173 -0.0400
4.7010 3.7269 -0.0400
4.6377 3.7151 -0.0400
4.5798 3.7099 -0.0400
4.5322 3.7215 -0.0400
4.4782 3.7199 -0.0400
4.4354 3.7391 -0.0400
4.4018 3.7780 -0.0400
5.0870 6.6488 -0.0400
4.9680 6.6004 -0.0400
4.8869 6.6671 -0.0400
4.8078 6.7456 -0.0400
2.9034 4.2067 -0.0400
2.8558 4.1813 -0.0400
2.8064 4.1711 -0.0400
2.7556 4.1692 -0.0400
2.7104 4.1377 -0.0400
2.6635 4.1177 -0.0400
2.6100 4.1275 -0.0400
2.5536 4.1454 -0.0400
2.4939 4.1716 -0.0400
2.4388 4.1768 -0.0400
2.3793 4.1937 -0.0400
1.0231 4.3898 -0.0400
1.0290 4.2724 -0.0400
0.9851 4.2237 -0.0400
0.9253 4.1950 -0.0400
0.8534 4.1798 -0.0400
-1.3118 5.1344 -0.0400
2.3630 2.0540 -0.0400
2.3673 2.0251 -0.0400
2.3655 2.0017 -0.0400
2.3659 1.9772 -0.0400
2.3566 1.9601 -0.0400
2.3454 1.9444 -0.0400
2.3322 1.9299 -0.0400
2.3168 1.9166 -0.0400
2.2838 1.9136 -0.0400
2.2490 1.9104 -0.0400
2.1987 1.9147 -0.0400
2.1863 1.8971 -0.0400
2.1718 1.8806 -0.0400
2.1549 1.8650 -0.0400
2.1325 1.8515 -0.0400
2.0746 1.8531 -0.0400
0.7127 1.8111 -0.0400
0.7570 1.7575 -0.0400
0.7715 1.7103 -0.0400
0.7561 1.6678 -0.0400
0.7235 1.6271 -0.0400
-1.4569 0.3785 -0.0400
-1.4101 0.3024 -0.0400
-1.4058 0.2174 -0.0400
0.1076 0.0276 -0.0400
0.1767 -0.0075 -0.0400
-0.8653 -1.8354 -0.0400
1.8889 -0.8305 -0.0400
1.9369 -0.8380 -0.0400
1.9780 -0.8560 -0.0400
2.0134 -0.8836 -0.0400
2.0427 -0.9229 -0.0400
2.0593 -0.9883 -0.0400
2.4947 -2.1666 -0.0400
2.5633 -2.1434 -0.0400
2.6225 -2.1646 -0.0400
2.6776 -2.2129 -0.0400
7.0984 -0.6389 -0.0400
7.1411 -0.5758 -0.0400
6.7432 1.0030 -0.0400
6.7137 1.0666 -0.0400
6.7104 1.1274 -0.0400
6.7364 1.1869 -0.0400
6.7946 1.2466 -0.0400
5.9474 1.8349 -0.0400
5.9176 1.8776 -0.0400
5.8957 1.9213 -0.0400
5.8901 1.9687 -0.0400
5.9153 2.0243 -0.0400
5.9517 2.0846 -0.0400
4.7502 3.7009 -0.0400
4.6927 3.7006 -0.0400
4.6327 3.6939 -0.0400
4.5856 3.7079 -0.0400
4.5452 3.7338 -0.0400
4.4863 3.7234 -0.0400
4.4446 3.7455 -0.0400
4.4218 3.8085 -0.0400
5.0703 6.5742 -0.0400
4.9766 6.6003 -0.0400
4.9084 6.7097 -0.0400
2.9006 4.2267 -0.0400
2.8556 4.1793 -0.0400
2.8045 4.1788 -0.0400
2.7580 4.1513 -0.0400
2.7109 4.1300 -0.0400
2.6619 4.1197 -0.0400
2.6071 4.1341 -0.0400
2.5480 4.1618 -0.0400
2.4917 4.1740 -0.0400
2.4320 4.1943 -0.0400
1.0500 4.3478 -0.0400
1.0302 4.2653 -0.0400
0.9829 4.2210 -0.0400
0.9194 4.1967 -0.0400
-1.2371 5.2062 -0.0400
2.3645 2.0683 -0.0400
2.3704 2.0373 -0.0400
2.3695 2.0128 -0.0400
2.3706 1.9872 -0.0400
2.3621 1.9694 -0.0400
2.3516 1.9531 -0.0400
2.3393 1.9380 -0.0400
2.3193 1.9278 -0.0400
2.2984 1.9177 -0.0400
2.2717 1.9106 -0.0400
2.2237 1.9148 -0.0400
2.1945 1.9070 -0.0400
2.1757 1.8929 -0.0400
2.1576 1.8779 -0.0400
2.1347 1.8650 -0.0400
2.1050 1.8546 -0.0400
2.0631 1.8487 -0.0400
0.7114 1.8509 -0.0400
0.7623 1.7949 -0.0400
0.7738 1.7478 -0.0400
0.7707 1.7036 -0.0400
0.7551 1.6612 -0.0400
0.7212 1.6207 -0.0400
-1.4614 0.3755 -0.0400
-1.4224 0.2978 -0.0400
-1.4113 0.2142 -0.0400
0.1380 0.0370 -0.0400
0.1758 -0.0111 -0.0400
-0.9871 -1.8099 -0.0400
-0.8652 -1.8329 -0.0400
1.8216 -0.8489 -0.0400
1.8862 -0.8323 -0.0400
1.9351 -0.8381 -0.0400
1.9770 -0.8544 -0.0400
2.0057 -0.8935 -0.0400
2.0267 -0.9480 -0.0400
2.4946 -2.1367 -0.0400
2.5576 -2.1382 -0.0400
2.6161 -2.1615 -0.0400
2.6744 -2.1886 -0.0400
7.1004 -0.6591 -0.0400
7.1240 -0.5865 -0.0400
7.1868 -0.5327 -0.0400
6.7727 0.9223 -0.0400
6.7215 0.9892 -0.0400
6.7044 1.0515 -0.0400
6.7054 1.1120 -0.0400
6.7232 1.1718 -0.0400
6.7646 1.2316 -0.0400
8.4421 1.7391 -0.0400
5.9843 1.8280 -0.0400
5.9173 1.8636 -0.0400
5.8996 1.9084 -0.0400
5.8984 1.9569 -0.0400
5.9057 2.0080 -0.0400
4.8188 3.7024 -0.0400
4.7582 3.7000 -0.0400
4.7068 3.7103 -0.0400
4.6424 3.6972 -0.0400
4.5925 3.7068 -0.0400
4.5380 3.7065 -0.0400
4.4882 3.7136 -0.0400
4.4475 3.7379 -0.0400
4.4163 3.7828 -0.0400
5.0912 6.6071 -0.0400
4.9844 6.5961 -0.0400
4.9119 6.6913 -0.0400
2.9024 4.2144 -0.0400
2.8552 4.1826 -0.0400
2.8026 4.1899 -0.0400
2.7555 4.1632 -0.0400
2.7101 4.1312 -0.0400
2.6600 4.1253 -0.0400
2.5987 4.1670 -0.0400
2.5399 4.1905 -0.0400
2.4901 4.1758 -0.0400
2.4287 4.2017 -0.0400
1.0686 4.3176 -0.0400
1.0269 4.2648 -0.0400
0.9790 4.2209 -0.0400
0.9061 4.2081 -0.0400
-1.2520 5.2182 -0.0400
2.3776 2.0469 -0.0400
2.3759 2.0224 -0.0400
2.3766 1.9968 -0.0400
2.3682 1.9787 -0.0400
2.3577 1.9622 -0.0400
2.3458 1.9468 -0.0400
2.3276 1.9356 -0.0400
2.3093 1.9241 -0.0400
2.2857 1.9155 -0.0400
2.2551 1.9105 -0.0400
2.1995 1.9188 -0.0400
2.1855 1.9021 -0.0400
2.1691 1.8866 -0.0400
2.1496 1.8723 -0.0400
2.1252 1.8600 -0.0400
2.0564 1.8676 -0.0400
0.7580 1.7888 -0.0400
0.7770 1.7403 -0.0400
0.7615 1.6981 -0.0400
0.7282 1.6580 -0.0400
-1.4327 0.3789 -0.0400
-1.4244 0.2950 -0.0400
0.1558 0.0406 -0.0400
0.1461 -0.0274 -0.0400
-0.9258 -1.7632 -0.0400
-0.8792 -1.8419 -0.0400
1.8235 -0.8448 -0.0400
1.8862 -0.8309 -0.0400
1.9389 -0.8303 -0.0400
1.9754 -0.8550 -0.0400
2.0065 -0.8894 -0.0400
2.0303 -0.9382 -0.0400
2.4850 -2.1527 -0.0400
2.5501 -2.1443 -0.0400
2.6094 -2.1631 -0.0400
7.0823 -0.6689 -0.0400
7.1250 -0.6059 -0.0400
6.7464 0.9709 -0.0400
6.7134 1.0350 -0.0400
6.7096 1.0960 -0.0400
6.7381 1.1554 -0.0400
6.8077 1.2148 -0.0400
8.4460 1.7213 -0.0400
8.4900 1.8172 -0.0400
5.9913 1.8150 -0.0400
5.9203 1.8501 -0.0400
5.9030 1.8951 -0.0400
5.8944 1.9418 -0.0400
5.9170 1.9969 -0.0400
5.9549 2.0575 -0.0400
4.8271 3.7005 -0.0400
4.7657 3.6973 -0.0400
4.7180 3.7142 -0.0400
4.6418 3.6814 -0.0400
4.5985 3.7028 -0.0400
4.5484 3.7114 -0.0400
4.4956 3.7134 -0.0400
4.4605 3.7496 -0.0400
5.0873 6.5666 -0.0400
4.9980 6.6073 -0.0400
4.9266 6.7075 -0.0400
2.9060 4.1915 -0.0400
2.8553 4.1857 -0.0400
2.8015 4.2000 -0.0400
2.7567 4.1579 -0.0400
2.7096 4.1337 -0.0400
2.6578 4.1348 -0.0400
2.6019 4.1516 -0.0400
2.5400 4.1890 -0.0400
2.4876 4.1833 -0.0400
1.0921 4.3935 -0.0400
1.0725 4.3080 -0.0400
1.0293 4.2573 -0.0400
0.9683 4.2302 -0.0400
0.8724 4.2453 -0.0400
2.3552 2.1108 -0.0400
2.3748 2.0657 -0.0400
2.3851 2.0304 -0.0400
2.3792 2.0096 -0.0400
2.3720 1.9902 -0.0400
2.3642 1.9715 -0.0400
2.3522 1.9561 -0.0400
2.3347 1.9445 -0.0400
2.3173 1.9325 -0.0400
2.2957 1.9229 -0.0400
2.2683 1.9165 -0.0400
2.2071 1.9294 -0.0400
2.1934 1.9126 -0.0400
2.1785 1.8964 -0.0400
2.1619 1.8808 -0.0400
2.1239 1.8758 -0.0400
2.0899 1.8677 -0.0400
1.8912 1.9351 -0.0400
0.7607 1.8267 -0.0400
0.7768 1.7782 -0.0400
0.7760 1.7334 -0.0400
0.7623 1.6910 -0.0400
0.7313 1.6507 -0.0400
-1.4755 0.4535 -0.0400
-1.4284 0.3771 -0.0400
-1.4187 0.2937 -0.0400
0.1573 0.0372 -0.0400
-1.0584 -1.7448 -0.0400
-0.9169 -1.7556 -0.0400
-0.8858 -1.8457 -0.0400
1.8321 -0.8318 -0.0400
1.8986 -0.8112 -0.0400
1.9393 -0.8290 -0.0400
1.9754 -0.8540 -0.0400
2.0064 -0.8882 -0.0400
2.4113 -2.1707 -0.0400
2.4848 -2.1288 -0.0400
2.5466 -2.1335 -0.0400
2.6047 -2.1569 -0.0400
2.6611 -2.1924 -0.0400
7.0937 -0.7799 -0.0400
7.0788 -0.6861 -0.0400
7.1095 -0.6171 -0.0400
7.1781 -0.5663 -0.0400
6.7000 1.0254 -0.0400
6.7172 1.0850 -0.0400
6.7591 1.1440 -0.0400
8.4689 1.6192 -0.0400
5.9667 1.7518 -0.0400
5.9355 1.7950 -0.0400
5.9172 1.8400 -0.0400
5.9087 1.8868 -0.0400
5.9344 1.9420 -0.0400
5.9824 2.0044 -0.0400
4.8719 3.6668 -0.0400
4.8137 3.6699 -0.0400
4.7410 3.6478 -0.0400
4.6900 3.6577 -0.0400
4.6465 3.6793 -0.0400
4.5991 3.6936 -0.0400
4.5425 3.6900 -0.0400
4.5065 3.7241 -0.0400
4.4877 3.7941 -0.0400
5.1897 6.5426 -0.0400
5.0938 6.5649 -0.0400
5.0431 6.7234 -0.0400
3.0061 4.2293 -0.0400
2.9570 4.2024 -0.0400
2.9060 4.1975 -0.0400
2.8524 4.2119 -0.0400
2.8088 4.1565 -0.0400
2.7588 4.1484 -0.0400
2.7059 4.1549 -0.0400
2.6482 4.1816 -0.0400
2.5891 4.2084 -0.0400
2.5344 4.2117 -0.0400
2.4699 4.2498 -0.0400
1.1498 4.4240 -0.0400
1.1241 4.3454 -0.0400
1.0786 4.2972 -0.0400
1.0083 4.2827 -0.0400
2.3918 2.0991 -0.0400
2.4032 2.0609 -0.0400
2.3970 2.0398 -0.0400
2.3937 2.0166 -0.0400
2.3831 1.9998 -0.0400
2.3708 1.9845 -0.0400
2.3567 1.9706 -0.0400
2.3411 1.9576 -0.0400
2.3141 1.9524 -0.0400
2.2880 1.9458 -0.0400
2.2259 1.9618 -0.0400
2.2124 1.9450 -0.0400
2.1979 1.9286 -0.0400
2.1813 1.9133 -0.0400
2.1492 1.9063 -0.0400
2.1201 1.8967 -0.0400
2.0813 1.8913 -0.0400
0.7922 1.8605 -0.0400
0.7916 1.8155 -0.0400
0.7784 1.7731 -0.0400
0.7488 1.7335 -0.0400
0.6609 1.7023 -0.0400
-1.4733 0.5371 -0.0400
-1.4457 0.4569 -0.0400
0.1157 0.1437 -0.0400
0.1363 0.0890 -0.0400
-1.0969 -1.6589 -0.0400
-0.9639 -1.6778 -0.0400
1.7347 -0.8144 -0.0400
1.8084 -0.7879 -0.0400
1.8664 -0.7810 -0.0400
1.9048 -0.8020 -0.0400
1.9392 -0.8294 -0.0400
1.9525 -0.8924 -0.0400
2.3605 -2.1060 -0.0400
2.4249 -2.1018 -0.0400
2.4819 -2.1270 -0.0400
2.5403 -2.1476 -0.0400
3.8902 -1.1926 -0.0400
3.9264 -1.1545 -0.0400
3.9659 -1.1314 -0.0400
7.0430 -0.7651 -0.0400
7.0872 -0.7030 -0.0400
8.4577 1.6001 -0.0400
5.9829 1.7400 -0.0400
5.9442 1.7821 -0.0400
5.9222 1.8265 -0.0400
5.9204 1.8749 -0.0400
5.9329 1.9271 -0.0400
5.9759 1.9881 -0.0400
4.7461 3.6397 -0.0400
4.6968 3.6527 -0.0400
4.6540 3.6757 -0.0400
4.5940 3.6681 -0.0400
4.5497 3.6868 -0.0400
4.5129 3.7197 -0.0400
4.4886 3.7789 -0.0400
5.3017 6.5302 -0.0400
5.1949 6.5259 -0.0400
5.1190 6.6050 -0.0400
5.0413 6.6845 -0.0400
3.0073 4.2399 -0.0400
2.9585 4.2058 -0.0400
2.9050 4.2207 -0.0400
2.8584 4.1794 -0.0400
2.8098 4.1587 -0.0400
2.7595 4.1504 -0.0400
2.7062 4.1583 -0.0400
2.6408 4.2214 -0.0400
2.5890 4.2119 -0.0400
2.5326 4.2215 -0.0400
1.1622 4.4027 -0.0400
1.1276 4.3374 -0.0400
1.0743 4.2999 -0.0400
1.0029 4.2867 -0.0400
2.4031 2.0789 -0.0400
2.4050 2.0497 -0.0400
2.3970 2.0302 -0.0400
2.3902 2.0099 -0.0400
2.3786 1.9939 -0.0400
2.3651 1.9794 -0.0400
2.3463 1.9688 -0.0400
2.3283 1.9573 -0.0400
2.2917 1.9586 -0.0400
2.2495 1.9624 -0.0400
2.2215 1.9554 -0.0400
2.2054 1.9400 -0.0400
2.1888 1.9247 -0.0400
2.1600 1.9163 -0.0400
2.1334 1.9058 -0.0400
2.0999 1.8983 -0.0400
1.9141 1.9677 -0.0400
0.7686 1.9050 -0.0400
0.7889 1.8542 -0.0400
0.7898 1.8088 -0.0400
0.7781 1.7662 -0.0400
0.6960 1.7359 -0.0400
-1.4706 0.5345 -0.0400
-1.4565 0.4520 -0.0400
0.1184 0.1400 -0.0400
0.1023 0.0713 -0.0400
-1.0578 -1.6325 -0.0400
-0.9647 -1.6784 -0.0400
1.7671 -0.7714 -0.0400
1.8205 -0.7724 -0.0400
1.8654 -0.7841 -0.0400
1.9053 -0.8026 -0.0400
1.9375 -0.8331 -0.0400
1.9447 -0.9062 -0.0400
2.3523 -2.1213 -0.0400
2.4205 -2.1021 -0.0400
2.4797 -2.1168 -0.0400
2.5297 -2.1759 -0.0400
3.8819 -1.1920 -0.0400
3.9180 -1.1546 -0.0400
3.9576 -1.1324 -0.0400
4.0039 -1.1329 -0.0400
4.0496 -1.1301 -0.0400
4.0880 -1.1054 -0.0400
7.0231 -0.7730 -0.0400
7.0729 -0.7143 -0.0400
8.4679 1.5823 -0.0400
6.0127 1.7302 -0.0400
5.9379 1.7662 -0.0400
5.9228 1.8120 -0.0400
5.9195 1.8601 -0.0400
5.9271 1.9110 -0.0400
5.9584 1.9688 -0.0400
7.6196 3.7409 -0.0400
7.5415 3.7968 -0.0400
4.6007 3.6627 -0.0400
4.5574 3.6835 -0.0400
4.5210 3.7175 -0.0400
5.3206 6.5470 -0.0400
5.2050 6.5207 -0.0400
5.1208 6.5765 -0.0400
3.0604 4.2671 -0.0400
3.0119 4.2157 -0.0400
2.9612 4.2039 -0.0400
2.9079 4.2150 -0.0400
2.8595 4.1859 -0.0400
2.8112 4.1615 -0.0400
2.7582 4.1680 -0.0400
2.6997 4.2008 -0.0400
2.6418 4.2233 -0.0400
2.5898 4.2141 -0.0400
2.5325 4.2266 -0.0400
1.1905 4.4785 -0.0400
1.1623 4.4007 -0.0400
1.1270 4.3361 -0.0400
1.0697 4.3040 -0.0400
0.9863 4.3064 -0.0400
2.4090 2.0924 -0.0400
2.4108 2.0625 -0.0400
2.4025 2.0428 -0.0400
2.3970 2.0209 -0.0400
2.3865 2.0038 -0.0400
2.3728 1.9893 -0.0400
2.3582 1.9756 -0.0400
2.3375 1.9663 -0.0400
2.3064 1.9642 -0.0400
2.2778 1.9592 -0.0400
2.2290 1.9672 -0.0400
2.2147 1.9507 -0.0400
2.1954 1.9372 -0.0400
2.1771 1.9228 -0.0400
2.1559 1.9097 -0.0400
2.1099 1.9100 -0.0400
2.0577 1.9119 -0.0400
0.7968 1.8909 -0.0400
0.7977 1.8452 -0.0400
0.7862 1.8026 -0.0400
0.7607 1.7626 -0.0400
0.7059 1.7273 -0.0400
-1.4855 0.6136 -0.0400
-1.4619 0.5326 -0.0400
-1.4568 0.4487 -0.0400
0.0823 0.1843 -0.0400
0.1218 0.1363 -0.0400
-1.0190 -1.6069 -0.0400
-1.0135 -1.7131 -0.0400
1.7702 -0.7700 -0.0400
1.8308 -0.7603 -0.0400
1.8709 -0.7785 -0.0400
1.9043 -0.8065 -0.0400
1.9333 -0.8420 -0.0400
1.9567 -0.8878 -0.0400
2.2837 -2.1252 -0.0400
2.3570 -2.0903 -0.0400
2.4182 -2.0966 -0.0400
2.4745 -2.1225 -0.0400
2.5305 -2.1522 -0.0400
3.8756 -1.1970 -0.0400
3.9109 -1.1569 -0.0400
3.9505 -1.1354 -0.0400
3.9965 -1.1357 -0.0400
4.0413 -1.1306 -0.0400
4.0800 -1.1073 -0.0400
4.1232 -1.0970 -0.0400
4.1719 -1.1003 -0.0400
4.2269 -1.1173 -0.0400
7.0450 -0.8907 -0.0400
7.0147 -0.7870 -0.0400
7.0649 -0.7285 -0.0400
5.9806 1.7542 -0.0400
5.9406 1.7957 -0.0400
5.9185 1.8400 -0.0400
5.9081 1.8867 -0.0400
5.9407 1.9443 -0.0400
7.5464 3.7740 -0.0400
7.5054 3.8511 -0.0400
5.2420 6.5741 -0.0400
5.1257 6.5434 -0.0400
5.0615 6.6610 -0.0400
2.9638 4.2189 -0.0400
2.9130 4.2053 -0.0400
2.8620 4.1951 -0.0400
2.8146 4.1614 -0.0400
2.7643 4.1504 -0.0400
2.7115 4.1539 -0.0400
2.6534 4.1805 -0.0400
2.5928 4.2126 -0.0400
2.5361 4.2218 -0.0400
1.1526 4.4140 -0.0400
1.1173 4.3484 -0.0400
1.0745 4.2953 -0.0400
1.0063 4.2774 -0.0400
0.9300 4.2685 -0.0400
2.3819 2.1075 -0.0400
2.4020 2.0594 -0.0400
2.3986 2.0348 -0.0400
2.3923 2.0134 -0.0400
2.3820 1.9959 -0.0400
2.3690 1.9808 -0.0400
2.3551 1.9663 -0.0400
2.3372 1.9549 -0.0400
2.3127 1.9479 -0.0400
2.2758 1.9490 -0.0400
2.2249 1.9585 -0.0400
2.2116 1.9412 -0.0400
2.1939 1.9266 -0.0400
2.1778 1.9108 -0.0400
2.1481 1.9026 -0.0400
2.1230 1.8911 -0.0400
2.0446 1.9076 -0.0400
-0.4472 3.1666 -0.0400
0.7667 1.8894 -0.0400
0.7856 1.8389 -0.0400
0.7866 1.7933 -0.0400
0.7759 1.7504 -0.0400
0.7090 1.7177 -0.0400
-1.4863 0.5243 -0.0400
-1.4459 0.4462 -0.0400
-1.4385 0.3627 -0.0400
0.1150 0.1268 -0.0400
-1.0970 -1.6608 -0.0400
-0.9687 -1.6832 -0.0400
-0.9465 -1.7782 -0.0400
1.8152 -0.7876 -0.0400
1.8692 -0.7858 -0.0400
1.9082 -0.8050 -0.0400
1.9415 -0.8330 -0.0400
1.9591 -0.8875 -0.0400
1.9702 -0.9558 -0.0400
2.3279 -2.1844 -0.0400
2.4108 -2.1099 -0.0400
2.4727 -2.1118 -0.0400
2.5277 -2.1444 -0.0400
3.9139 -1.2033 -0.0400
3.9421 -1.1403 -0.0400
3.9839 -1.1275 -0.0400
4.0295 -1.1264 -0.0400
4.0750 -1.1236 -0.0400
4.1125 -1.0978 -0.0400
4.1559 -1.0883 -0.0400
4.2053 -1.0931 -0.0400
4.2631 -1.1155 -0.0400
4.3404 -1.1776 -0.0400
7.0418 -0.8262 -0.0400
7.0458 -0.7428 -0.0400
7.0970 -0.6845 -0.0400
6.7711 0.8418 -0.0400
6.7172 0.9096 -0.0400
6.6993 0.9723 -0.0400
6.0342 1.7038 -0.0400
5.9450 1.7378 -0.0400
5.9294 1.7836 -0.0400
5.9262 1.8318 -0.0400
5.9359 1.8833 -0.0400
5.9750 1.9430 -0.0400
7.6135 3.6989 -0.0400
7.5827 3.7823 -0.0400
5.3348 6.5159 -0.0400
5.2320 6.5238 -0.0400
5.1644 6.6279 -0.0400
3.0689 4.2507 -0.0400
3.0189 4.2151 -0.0400
2.9672 4.2094 -0.0400
2.9132 4.2243 -0.0400
2.8662 4.1801 -0.0400
2.8153 4.1706 -0.0400
2.7595 4.1913 -0.0400
2.6969 4.2427 -0.0400
2.6459 4.2260 -0.0400
2.5902 4.2317 -0.0400
1.2093 4.4487 -0.0400
1.1717 4.3852 -0.0400
1.1247 4.3374 -0.0400
1.0466 4.3338 -0.0400
0.9468 4.3570 -0.0400
2.4158 2.0982 -0.0400
2.4158 2.0691 -0.0400
2.4107 2.0457 -0.0400
2.4019 2.0263 -0.0400
2.3906 2.0095 -0.0400
2.3756 1.9959 -0.0400
2.3579 1.9844 -0.0400
2.3354 1.9764 -0.0400
2.3038 1.9748 -0.0400
2.2742 1.9707 -0.0400
2.2331 1.9738 -0.0400
2.2173 1.9582 -0.0400
2.1977 1.9448 -0.0400
2.1795 1.9302 -0.0400
2.1473 1.9238 -0.0400
2.0979 1.9265 -0.0400
1.9258 1.9965 -0.0400
0.7833 1.9270 -0.0400
0.7965 1.8774 -0.0400
0.7919 1.8329 -0.0400
0.7658 1.7933 -0.0400
0.7132 1.7585 -0.0400
-1.4702 0.6089 -0.0400
-1.4630 0.5256 -0.0400
0.1000 0.1797 -0.0400
-1.1411 -1.5812 -0.0400
-1.0230 -1.6122 -0.0400
1.7259 -0.7639 -0.0400
1.7938 -0.7458 -0.0400
1.8399 -0.7555 -0.0400
1.8763 -0.7783 -0.0400
1.9060 -0.8112 -0.0400
1.9200 -0.8700 -0.0400
2.3552 -2.0772 -0.0400
2.4111 -2.1020 -0.0400
2.4686 -2.1220 -0.0400
2.5156 -2.1920 -0.0400
3.8304 -1.2560 -0.0400
3.8581 -1.1811 -0.0400
3.8955 -1.1513 -0.0400
3.9363 -1.1355 -0.0400
3.9810 -1.1334 -0.0400
4.0244 -1.1257 -0.0400
4.0653 -1.1099 -0.0400
4.1085 -1.1009 -0.0400
4.1575 -1.1064 -0.0400
4.2374 -1.1860 -0.0400
4.2924 -1.1977 -0.0400
7.0241 -0.9154 -0.0400
6.9985 -0.8143 -0.0400
7.0406 -0.7519 -0.0400
6.7356 0.8354 -0.0400
6.7031 0.9004 -0.0400
6.6991 0.9617 -0.0400
6.7285 1.0204 -0.0400
6.7990 1.0780 -0.0400
5.9602 1.7255 -0.0400
5.9355 1.7697 -0.0400
5.9240 1.8162 -0.0400
5.9550 1.8726 -0.0400
7.6122 3.6784 -0.0400
7.5676 3.7536 -0.0400
5.2492 6.5329 -0.0400
5.1769 6.6248 -0.0400
3.0749 4.2275 -0.0400
3.0235 4.2126 -0.0400
2.9701 4.2227 -0.0400
2.9200 4.1990 -0.0400
2.8707 4.1745 -0.0400
2.8195 4.1662 -0.0400
2.7653 4.1769 -0.0400
2.7018 4.2342 -0.0400
2.6470 4.2366 -0.0400
2.5838 4.2745 -0.0400
1.2246 4.4256 -0.0400
1.1783 4.3759 -0.0400
1.1243 4.3383 -0.0400
1.0427 4.3394 -0.0400
2.4098 2.1274 -0.0400
2.4202 2.0863 -0.0400
2.4174 2.0600 -0.0400
2.4105 2.0383 -0.0400
2.3993 2.0210 -0.0400
2.3858 2.0059 -0.0400
2.3701 1.9928 -0.0400
2.3515 1.9818 -0.0400
2.3211 1.9799 -0.0400
2.2828 1.9830 -0.0400
2.2420 1.9865 -0.0400
2.2266 1.9705 -0.0400
2.2084 1.9563 -0.0400
2.1920 1.9406 -0.0400
2.1656 1.9310 -0.0400
2.1281 1.9275 -0.0400
2.0407 1.9522 -0.0400
-0.3776 3.2892 -0.0400
0.7590 1.9744 -0.0400
0.7919 1.9181 -0.0400
0.8038 1.8689 -0.0400
0.7882 1.8272 -0.0400
0.7592 1.7882 -0.0400
0.6983 1.7549 -0.0400
-1.4709 0.6053 -0.0400
-1.4634 0.5220 -0.0400
0.0861 0.2307 -0.0400
0.0998 0.1740 -0.0400
-1.2094 -1.5177 -0.0400
-1.0742 -1.5400 -0.0400
-1.0225 -1.6137 -0.0400
1.7430 -0.7466 -0.0400
1.8002 -0.7424 -0.0400
1.8434 -0.7558 -0.0400
1.8777 -0.7814 -0.0400
1.9022 -0.8221 -0.0400
1.9057 -0.8974 -0.0400
2.2929 -2.0698 -0.0400
2.3540 -2.0748 -0.0400
2.4097 -2.0999 -0.0400
2.4670 -2.1197 -0.0400
3.8555 -1.1941 -0.0400
3.8886 -1.1479 -0.0400
3.9321 -1.1427 -0.0400
3.9802 -1.1518 -0.0400
4.0191 -1.1299 -0.0400
4.0586 -1.1108 -0.0400
4.1012 -1.1006 -0.0400
4.1630 -1.1401 -0.0400
4.2296 -1.1862 -0.0400
4.2838 -1.1967 -0.0400
6.9911 -0.8279 -0.0400
7.0528 -0.7760 -0.0400
6.7653 0.7533 -0.0400
6.7105 0.8225 -0.0400
6.6924 0.8856 -0.0400
6.6929 0.9463 -0.0400
6.7098 1.0058 -0.0400
6.7497 1.0645 -0.0400
5.9359 1.8529 -0.0400
5.9670 1.9105 -0.0400
7.6211 3.6635 -0.0400
7.5785 3.7399 -0.0400
3.0790 4.2453 -0.0400
3.0282 4.2162 -0.0400
2.9757 4.2147 -0.0400
2.9261 4.1851 -0.0400
2.8751 4.1743 -0.0400
2.8219 4.1788 -0.0400
2.7642 4.2080 -0.0400
2.7042 4.2429 -0.0400
2.6515 4.2328 -0.0400
2.5929 4.2499 -0.0400
1.2221 4.5589 -0.0400
1.2161 4.4410 -0.0400
1.1797 4.3753 -0.0400
1.1198 4.3461 -0.0400
0.9969 4.4049 -0.0400
2.4236 2.1063 -0.0400
2.4250 2.0746 -0.0400
2.4157 2.0547 -0.0400
2.4075 2.0341 -0.0400
2.3954 2.0175 -0.0400
2.3800 2.0039 -0.0400
2.3617 1.9926 -0.0400
2.3390 1.9847 -0.0400
2.3093 1.9819 -0.0400
2.2554 1.9967 -0.0400
2.2381 1.9821 -0.0400
2.2202 1.9677 -0.0400
2.2009 1.9540 -0.0400
2.1768 1.9432 -0.0400
2.1437 1.9375 -0.0400
2.0969 1.9392 -0.0400
1.9351 2.0070 -0.0400
-0.3804 3.2881 -0.0400
0.7872 1.9598 -0.0400
0.8118 1.9063 -0.0400
0.8012 1.8632 -0.0400
0.7812 1.8224 -0.0400
0.7469 1.7845 -0.0400
-1.4904 0.6834 -0.0400
-1.4791 0.6006 -0.0400
-1.4839 0.5154 -0.0400
0.0869 0.2252 -0.0400
0.1023 0.1690 -0.0400
-1.0675 -1.5380 -0.0400
-1.0598 -1.6407 -0.0400
1.7625 -0.7271 -0.0400
1.8092 -0.7363 -0.0400
1.8476 -0.7559 -0.0400
1.8791 -0.7852 -0.0400
1.9017 -0.8286 -0.0400
1.9018 -0.9091 -0.0400
2.2940 -2.0624 -0.0400
2.3535 -2.0722 -0.0400
2.4081 -2.1005 -0.0400
2.4517 -2.1775 -0.0400
3.8135 -1.2299 -0.0400
3.8457 -1.1757 -0.0400
3.8837 -1.1502 -0.0400
3.9254 -1.1392 -0.0400
3.9712 -1.1417 -0.0400
4.0119 -1.1267 -0.0400
4.0534 -1.1143 -0.0400
4.0991 -1.1130 -0.0400
4.1507 -1.1261 -0.0400
4.2216 -1.1844 -0.0400
4.2734 -1.1900 -0.0400
6.7274 0.8046 -0.0400
6.6988 0.8692 -0.0400
6.6951 0.9304 -0.0400
6.7219 0.9891 -0.0400
6.7828 1.0469 -0.0400
8.4959 1.4174 -0.0400
8.4761 1.5083 -0.0400
7.6365 3.6518 -0.0400
3.1365 4.2783 -0.0400
3.0858 4.2265 -0.0400
3.0337 4.2163 -0.0400
2.9794 4.2317 -0.0400
2.9299 4.1979 -0.0400
2.8796 4.1773 -0.0400
2.8276 4.1722 -0.0400
2.7603 4.2610 -0.0400
2.7090 4.2411 -0.0400
2.6531 4.2467 -0.0400
1.2470 4.5216 -0.0400
1.2225 4.4338 -0.0400
1.1792 4.3785 -0.0400
1.1143 4.3562 -0.0400
1.0323 4.3569 -0.0400
2.4015 2.1559 -0.0400
2.4274 2.0962 -0.0400
2.4260 2.0674 -0.0400
2.4156 2.0484 -0.0400
2.4049 2.0301 -0.0400
2.3904 2.0155 -0.0400
2.3749 2.0018 -0.0400
2.3544 1.9922 -0.0400
2.3270 1.9879 -0.0400
2.2870 1.9929 -0.0400
2.2474 1.9961 -0.0400
2.2319 1.9799 -0.0400
2.2142 1.9651 -0.0400
2.1940 1.9518 -0.0400
2.1693 1.9411 -0.0400
2.1241 1.9429 -0.0400
1.9502 2.0224 -0.0400
-0.3428 3.3486 -0.0400
0.7901 2.0002 -0.0400
0.8065 1.9481 -0.0400
0.8077 1.9013 -0.0400
0.7956 1.8585 -0.0400
0.7691 1.8192 -0.0400
-1.5063 0.6781 -0.0400
-1.4784 0.5971 -0.0400
0.0682 0.2744 -0.0400
0.0887 0.2199 -0.0400
-1.1255 -1.4708 -0.0400
-1.0731 -1.5440 -0.0400
1.6975 -0.7466 -0.0400
1.7673 -0.7275 -0.0400
1.8139 -0.7367 -0.0400
1.8510 -0.7578 -0.0400
1.8761 -0.7962 -0.0400
1.8929 -0.8484 -0.0400
2.2190 -2.1002 -0.0400
2.2918 -2.0682 -0.0400
2.3525 -2.0734 -0.0400
2.4080 -2.0975 -0.0400
3.8384 -1.1652 -0.0400
3.8783 -1.1480 -0.0400
3.9224 -1.1466 -0.0400
3.9702 -1.1560 -0.0400
4.0071 -1.1289 -0.0400
4.0475 -1.1138 -0.0400
4.0908 -1.1068 -0.0400
4.1657 -1.1822 -0.0400
4.2210 -1.1995 -0.0400
6.6986 0.7925 -0.0400
6.6864 0.8549 -0.0400
6.6898 0.9152 -0.0400
6.7081 0.9744 -0.0400
6.7482 1.0330 -0.0400
8.4637 1.4891 -0.0400
7.6394 3.6331 -0.0400
3.0914 4.2379 -0.0400
3.0397 4.2173 -0.0400
2.9865 4.2190 -0.0400
2.9368 4.1869 -0.0400
2.8851 4.1780 -0.0400
2.8311 4.1854 -0.0400
2.7722 4.2198 -0.0400
2.7135 4.2449 -0.0400
2.6597 4.2385 -0.0400
1.2509 4.5198 -0.0400
1.2358 4.4166 -0.0400
1.1792 4.3820 -0.0400
1.1111 4.3640 -0.0400
1.0168 4.3818 -0.0400
2.4215 2.1619 -0.0400
2.4295 2.1201 -0.0400
2.4260 2.0923 -0.0400
2.4244 2.0636 -0.0400
2.4135 2.0449 -0.0400
2.4016 2.0275 -0.0400
2.3851 2.0145 -0.0400
2.3681 2.0018 -0.0400
2.3429 1.9960 -0.0400
2.3073 1.9982 -0.0400
2.2656 2.0039 -0.0400
2.2428 1.9934 -0.0400
2.2260 1.9779 -0.0400
2.2062 1.9644 -0.0400
2.1817 1.9538 -0.0400
2.1498 1.9476 -0.0400
2.1080 1.9467 -0.0400
1.9318 2.0275 -0.0400
-0.3439 3.3475 -0.0400
0.7923 1.9938 -0.0400
0.8181 1.9389 -0.0400
0.8098 1.8949 -0.0400
0.7822 1.8561 -0.0400
0.7439 1.8194 -0.0400
-1.5461 0.7551 -0.0400
-1.4784 0.6777 -0.0400
-1.4728 0.5944 -0.0400
0.0630 0.2670 -0.0400
0.0930 0.2153 -0.0400
-1.2674 -1.4527 -0.0400
-1.1182 -1.4691 -0.0400
-1.0806 -1.5515 -0.0400
1.7305 -0.7124 -0.0400
1.7822 -0.7155 -0.0400
1.8197 -0.7363 -0.0400
1.8536 -0.7616 -0.0400
1.8788 -0.7996 -0.0400
1.8914 -0.8580 -0.0400
2.2338 -2.0532 -0.0400
2.2963 -2.0530 -0.0400
2.3502 -2.0813 -0.0400
2.4067 -2.1013 -0.0400
2.4562 -2.1517 -0.0400
3.8022 -1.2169 -0.0400
3.8361 -1.1723 -0.0400
3.8744 -1.1492 -0.0400
3.9164 -1.1409 -0.0400
3.9627 -1.1467 -0.0400
4.0017 -1.1273 -0.0400
4.0435 -1.1171 -0.0400
4.0907 -1.1214 -0.0400
4.1461 -1.1456 -0.0400
4.2120 -1.1922 -0.0400
4.2680 -1.2088 -0.0400
6.7453 0.7091 -0.0400
6.7028 0.7766 -0.0400
6.6874 0.8394 -0.0400
6.6869 0.9000 -0.0400
6.7269 0.9576 -0.0400
6.7985 1.0146 -0.0400
8.4886 1.3802 -0.0400
8.4771 1.4714 -0.0400
6.0193 1.6410 -0.0400
7.6452 3.6158 -0.0400
7.6202 3.7025 -0.0400
3.1510 4.2540 -0.0400
3.0990 4.2245 -0.0400
3.0461 4.2211 -0.0400
2.9914 4.2374 -0.0400
2.9422 4.1948 -0.0400
2.8910 4.1795 -0.0400
2.8337 4.2087 -0.0400
2.7714 4.2613 -0.0400
2.7190 4.2464 -0.0400
2.6620 4.2551 -0.0400
1.3046 4.5685 -0.0400
1.2826 4.4729 -0.0400
1.2373 4.4192 -0.0400
1.1805 4.3845 -0.0400
1.1112 4.3680 -0.0400
2.4375 2.1067 -0.0400
2.4303 2.0831 -0.0400
2.4253 2.0577 -0.0400
2.4122 2.0412 -0.0400
2.3981 2.0258 -0.0400
2.3803 2.0137 -0.0400
2.3622 2.0017 -0.0400
2.3326 1.9994 -0.0400
2.2809 2.0146 -0.0400
2.2533 2.0082 -0.0400
2.2375 1.9918 -0.0400
2.2180 1.9781 -0.0400
2.1998 1.9631 -0.0400
2.1710 1.9553 -0.0400
2.1333 1.9526 -0.0400
2.0520 1.9767 -0.0400
-0.3097 3.4114 -0.0400
-0.3505 3.3501 -0.0400
0.7813 2.0402 -0.0400
0.8043 1.9847 -0.0400
0.8183 1.9333 -0.0400
0.8034 1.8912 -0.0400
0.7785 1.8515 -0.0400
-1.4824 0.6739 -0.0400
0.0369 0.3143 -0.0400
0.0791 0.2657 -0.0400
0.0591 0.1987 -0.0400
-1.1171 -1.4714 -0.0400
-1.0837 -1.5565 -0.0400
1.6714 -0.7245 -0.0400
1.7455 -0.7015 -0.0400
1.7865 -0.7180 -0.0400
1.8247 -0.7375 -0.0400
1.8520 -0.7718 -0.0400
1.8662 -0.8259 -0.0400
1.8784 -0.8853 -0.0400
2.2370 -2.0452 -0.0400
2.2976 -2.0503 -0.0400
2.3510 -2.0797 -0.0400
2.4006 -2.1255 -0.0400
4.1512 -4.7184 -0.0400
3.7657 -1.2704 -0.0400
3.7933 -1.1917 -0.0400
3.8304 -1.1627 -0.0400
3.8706 -1.1485 -0.0400
3.9147 -1.1488 -0.0400
3.9605 -1.1531 -0.0400
3.9979 -1.1290 -0.0400
4.0384 -1.1154 -0.0400
4.0919 -1.1384 -0.0400
4.1626 -1.2032 -0.0400
4.2128 -1.2079 -0.0400
6.7420 0.6943 -0.0400
6.7017 0.7615 -0.0400
6.6864 0.8242 -0.0400
6.6911 0.8844 -0.0400
6.7178 0.9429 -0.0400
6.7721 1.0006 -0.0400
8.4631 1.4524 -0.0400
5.9651 1.6662 -0.0400
5.9453 1.7113 -0.0400
5.9382 1.7587 -0.0400
7.7186 3.5350 -0.0400
7.6595 3.6030 -0.0400
3.1582 4.2662 -0.0400
3.1062 4.2282 -0.0400
3.0534 4.2204 -0.0400
3.0010 4.2088 -0.0400
2.9498 4.1882 -0.0400
2.8974 4.1817 -0.0400
2.8424 4.1938 -0.0400
2.7796 4.2506 -0.0400
2.7251 4.2473 -0.0400
2.6603 4.2960 -0.0400
1.2808 4.4825 -0.0400
1.2384 4.4235 -0.0400
1.1710 4.4046 -0.0400
1.0737 4.4286 -0.0400
2.4229 2.1526 -0.0400
2.4403 2.1000 -0.0400
2.4320 2.0774 -0.0400
2.4216 2.0575 -0.0400
2.4098 2.0394 -0.0400
2.3941 2.0251 -0.0400
2.3728 2.0161 -0.0400
2.3511 2.0070 -0.0400
2.3263 2.0000 -0.0400
2.2634 2.0244 -0.0400
2.2500 2.0059 -0.0400
2.2325 1.9906 -0.0400
2.2104 1.9786 -0.0400
2.1897 1.9651 -0.0400
2.1542 1.9617 -0.0400
2.1014 1.9686 -0.0400
1.9493 2.0377 -0.0400
-0.3104 3.4112 -0.0400
-0.3691 3.3604 -0.0400
0.7788 2.0362 -0.0400
0.8184 1.9751 -0.0400
0.8186 1.9281 -0.0400
0.7960 1.8881 -0.0400
0.7672 1.8492 -0.0400
-1.4859 0.7541 -0.0400
-1.4830 0.6705 -0.0400
0.0607 0.2544 -0.0400
-1.1269 -1.4805 -0.0400
1.6883 -0.7124 -0.0400
1.7545 -0.6989 -0.0400
1.7935 -0.7174 -0.0400
1.8279 -0.7418 -0.0400
1.8490 -0.7846 -0.0400
1.8702 -0.8287 -0.0400
2.1664 -2.0727 -0.0400
2.2415 -2.0350 -0.0400
2.2995 -2.0476 -0.0400
2.3526 -2.0771 -0.0400
2.3989 -2.1348 -0.0400
4.0419 -4.7442 -0.0400
3.7932 -1.2032 -0.0400
3.8286 -1.1672 -0.0400
3.8689 -1.1539 -0.0400
3.9158 -1.1644 -0.0400
3.9545 -1.1446 -0.0400
3.9936 -1.1270 -0.0400
4.0357 -1.1190 -0.0400
4.0834 -1.1263 -0.0400
4.1407 -1.1568 -0.0400
4.2037 -1.1972 -0.0400
6.6947 0.7474 -0.0400
6.6829 0.8096 -0.0400
6.6892 0.8695 -0.0400
6.7146 0.9280 -0.0400
6.7645 0.9857 -0.0400
8.4679 1.3432 -0.0400
8.5077 1.4363 -0.0400
6.0420 1.6145 -0.0400
5.9825 1.6542 -0.0400
5.9527 1.6977 -0.0400
5.9376 1.7435 -0.0400
5.9573 1.7969 -0.0400
6.0062 1.8587 -0.0400
7.6635 3.5845 -0.0400
7.6450 3.6749 -0.0400
4.9630 3.5789 -0.0400
4.9169 3.6026 -0.0400
4.8404 3.5796 -0.0400
3.1663 4.2713 -0.0400
3.1141 4.2305 -0.0400
3.0602 4.2342 -0.0400
3.0080 4.2161 -0.0400
2.9570 4.1904 -0.0400
2.9045 4.1826 -0.0400
2.8446 4.2294 -0.0400
2.7851 4.2605 -0.0400
2.7310 4.2530 -0.0400
2.6718 4.2713 -0.0400
1.3337 4.5338 -0.0400
1.2957 4.4654 -0.0400
1.2428 4.4234 -0.0400
1.1773 4.4015 -0.0400
1.0893 4.4117 -0.0400
2.4476 2.1217 -0.0400
2.4409 2.0965 -0.0400
2.4318 2.0745 -0.0400
2.4206 2.0552 -0.0400
2.4070 2.0386 -0.0400
2.3900 2.0254 -0.0400
2.3713 2.0136 -0.0400
2.3391 2.0137 -0.0400
2.3085 2.0114 -0.0400
2.2613 2.0220 -0.0400
2.2453 2.0054 -0.0400
2.2284 1.9894 -0.0400
2.2041 1.9788 -0.0400
2.1815 1.9664 -0.0400
2.1403 1.9666 -0.0400
1.9661 2.0549 -0.0400
-0.3179 3.5040 -0.0400
-0.3089 3.4102 -0.0400
0.8216 2.0170 -0.0400
0.8279 1.9674 -0.0400
0.8145 1.9246 -0.0400
0.7943 1.8837 -0.0400
0.7393 1.8518 -0.0400
-1.4846 0.7511 -0.0400
-1.4820 0.6674 -0.0400
0.0645 0.3101 -0.0400
0.0705 0.2514 -0.0400
-1.1744 -1.4074 -0.0400
-1.1193 -1.4792 -0.0400
1.6597 -0.6882 -0.0400
1.7157 -0.6884 -0.0400
1.7601 -0.7008 -0.0400
1.8002 -0.7179 -0.0400
1.8313 -0.7463 -0.0400
1.8478 -0.7954 -0.0400
1.8616 -0.8502 -0.0400
2.1753 -2.0517 -0.0400
2.2443 -2.0315 -0.0400
2.3002 -2.0505 -0.0400
2.3530 -2.0806 -0.0400
4.0370 -4.7569 -0.0400
4.1400 -4.7370 -0.0400
3.7517 -1.2237 -0.0400
3.7863 -1.1814 -0.0400
3.8243 -1.1587 -0.0400
3.8654 -1.1495 -0.0400
3.9099 -1.1529 -0.0400
3.9527 -1.1483 -0.0400
3.9911 -1.1289 -0.0400
4.0357 -1.1290 -0.0400
4.0863 -1.1444 -0.0400
4.1549 -1.2053 -0.0400
4.2068 -1.2157 -0.0400
6.7620 0.6616 -0.0400
6.7110 0.7305 -0.0400
6.6774 0.7955 -0.0400
6.6812 0.8554 -0.0400
6.7176 0.9128 -0.0400
6.7696 0.9704 -0.0400
8.4710 1.3253 -0.0400
8.4886 1.4173 -0.0400
5.9731 1.6377 -0.0400
5.9516 1.6826 -0.0400
5.9418 1.7294 -0.0400
5.9443 1.7789 -0.0400
5.9646 1.8332 -0.0400
4.9806 3.5802 -0.0400
4.9139 3.5742 -0.0400
4.8553 3.5779 -0.0400
4.8040 3.5911 -0.0400
4.7631 3.6204 -0.0400
4.6997 3.6115 -0.0400
3.1751 4.2665 -0.0400
3.1229 4.2245 -0.0400
3.0686 4.2342 -0.0400
3.0158 4.2195 -0.0400
2.9648 4.1919 -0.0400
2.9109 4.1947 -0.0400
2.8535 4.2208 -0.0400
2.7920 4.2652 -0.0400
2.7385 4.2525 -0.0400
1.3207 4.5660 -0.0400
1.2943 4.4766 -0.0400
1.2417 4.4335 -0.0400
1.1625 4.4319 -0.0400
2.4457 2.1564 -0.0400
2.4469 2.1206 -0.0400
2.4401 2.0952 -0.0400
2.4309 2.0731 -0.0400
2.4203 2.0529 -0.0400
2.4041 2.0387 -0.0400
2.3862 2.0261 -0.0400
2.3659 2.0155 -0.0400
2.3281 2.0205 -0.0400
2.2808 2.0322 -0.0400
2.2584 2.0209 -0.0400
2.2405 2.0056 -0.0400
2.2221 1.9905 -0.0400
2.1914 1.9844 -0.0400
2.1647 1.9745 -0.0400
2.1332 1.9674 -0.0400
1.9513 2.0610 -0.0400
-0.3002 3.4932 -0.0400
-0.3107 3.4117 -0.0400
0.7813 2.0758 -0.0400
0.8215 2.0129 -0.0400
0.8284 1.9629 -0.0400
0.8090 1.9219 -0.0400
0.7682 1.8867 -0.0400
-1.5279 0.8289 -0.0400
-1.4824 0.7484 -0.0400
0.0603 0.3032 -0.0400
-1.1583 -1.4015 -0.0400
1.6501 -0.7086 -0.0400
1.7307 -0.6796 -0.0400
1.7703 -0.6977 -0.0400
1.8027 -0.7242 -0.0400
1.8290 -0.7591 -0.0400
1.8504 -0.8014 -0.0400
2.1862 -2.0263 -0.0400
2.2480 -2.0268 -0.0400
2.3013 -2.0535 -0.0400
2.3541 -2.0832 -0.0400
4.0310 -4.7564 -0.0400
3.7526 -1.2350 -0.0400
3.7855 -1.1845 -0.0400
3.8222 -1.1567 -0.0400
3.8656 -1.1576 -0.0400
3.9110 -1.1643 -0.0400
3.9481 -1.1404 -0.0400
3.9880 -1.1270 -0.0400
4.0303 -1.1210 -0.0400
4.0790 -1.1322 -0.0400
4.1563 -1.2180 -0.0400
6.7850 0.6436 -0.0400
6.6882 0.7191 -0.0400
6.6790 0.7808 -0.0400
6.6818 0.8408 -0.0400
6.7003 0.8995 -0.0400
6.7970 0.9539 -0.0400
8.4687 1.3075 -0.0400
8.4862 1.3994 -0.0400
6.0408 1.5847 -0.0400
5.9869 1.6254 -0.0400
5.9582 1.6690 -0.0400
5.9429 1.7147 -0.0400
5.9574 1.7668 -0.0400
5.9930 1.8250 -0.0400
4.9888 3.5676 -0.0400
4.9408 3.5891 -0.0400
4.8628 3.5645 -0.0400
4.8166 3.5858 -0.0400
4.7639 3.5960 -0.0400
4.7128 3.6076 -0.0400
4.6734 3.6388 -0.0400
4.6426 3.6867 -0.0400
3.1318 4.2265 -0.0400
3.0772 4.2387 -0.0400
3.0247 4.2174 -0.0400
2.9734 4.1906 -0.0400
2.9192 4.1951 -0.0400
2.8621 4.2183 -0.0400
2.7997 4.2682 -0.0400
2.7439 4.2681 -0.0400
2.6768 4.3257 -0.0400
1.3480 4.5292 -0.0400
1.3052 4.4683 -0.0400
1.2484 4.4319 -0.0400
1.1772 4.4180 -0.0400
2.4405 2.1621 -0.0400
2.4449 2.1220 -0.0400
2.4455 2.0879 -0.0400
2.4333 2.0689 -0.0400
2.4185 2.0530 -0.0400
2.4020 2.0389 -0.0400
2.3834 2.0266 -0.0400
2.3510 2.0271 -0.0400
2.3189 2.0263 -0.0400
2.2700 2.0390 -0.0400
2.2558 2.0203 -0.0400
2.2358 2.0065 -0.0400
2.2152 1.9928 -0.0400
2.1920 1.9807 -0.0400
2.1472 1.9839 -0.0400
2.1029 1.9851 -0.0400
-0.2753 3.4782 -0.0400
-0.3112 3.4131 -0.0400
0.8183 2.0588 -0.0400
0.8339 2.0049 -0.0400
0.8267 1.9596 -0.0400
0.8050 1.9191 -0.0400
0.7642 1.8838 -0.0400
-1.4992 0.8283 -0.0400
-1.4886 0.7451 -0.0400
0.0510 0.3553 -0.0400
0.0625 0.2982 -0.0400
-1.2923 -1.3768 -0.0400
-1.1557 -1.4034 -0.0400
1.6979 -0.6628 -0.0400
1.7407 -0.6774 -0.0400
1.7772 -0.6989 -0.0400
1.8090 -0.7261 -0.0400
1.8243 -0.7753 -0.0400
1.8341 -0.8339 -0.0400
2.1900 -2.0231 -0.0400
2.2508 -2.0265 -0.0400
2.3024 -2.0580 -0.0400
2.3512 -2.1014 -0.0400
4.0238 -4.7425 -0.0400
3.7435 -1.1932 -0.0400
3.7811 -1.1685 -0.0400
3.8207 -1.1549 -0.0400
3.8635 -1.1542 -0.0400
3.9102 -1.1670 -0.0400
3.9455 -1.1373 -0.0400
3.9871 -1.1303 -0.0400
4.0335 -1.1368 -0.0400
4.0873 -1.1627 -0.0400
4.1505 -1.2098 -0.0400
4.2046 -1.2268 -0.0400
6.6780 0.8270 -0.0400
6.7149 0.8840 -0.0400
6.7610 0.9416 -0.0400
8.4631 1.2899 -0.0400
8.5035 1.3825 -0.0400
6.0724 1.5749 -0.0400
6.0001 1.6130 -0.0400
5.9558 1.6540 -0.0400
5.9472 1.7009 -0.0400
5.9496 1.7503 -0.0400
5.9684 1.8040 -0.0400
5.0002 3.5591 -0.0400
4.9530 3.5819 -0.0400
4.8860 3.5742 -0.0400
4.8283 3.5784 -0.0400
4.7887 3.6102 -0.0400
4.7237 3.5994 -0.0400
4.6826 3.6277 -0.0400
2.9823 4.1920 -0.0400
2.9277 4.1983 -0.0400
2.8702 4.2228 -0.0400
2.8092 4.2636 -0.0400
2.7523 4.2691 -0.0400
2.6878 4.3126 -0.0400
1.3637 4.5136 -0.0400
1.3117 4.4685 -0.0400
1.2465 4.4455 -0.0400
1.1596 4.4554 -0.0400
2.4484 2.1893 -0.0400
2.4577 2.1415 -0.0400
2.4526 2.1128 -0.0400
2.4436 2.0896 -0.0400
2.4320 2.0697 -0.0400
2.4172 2.0533 -0.0400
2.3973 2.0424 -0.0400
2.3749 2.0335 -0.0400
2.3479 2.0284 -0.0400
2.3124 2.0304 -0.0400
2.2683 2.0386 -0.0400
2.2516 2.0218 -0.0400
2.2320 2.0072 -0.0400
2.2095 1.9948 -0.0400
2.1837 1.9843 -0.0400
2.1316 1.9926 -0.0400
1.9773 2.0710 -0.0400
-0.2722 3.4780 -0.0400
-0.3355 3.4300 -0.0400
0.8257 2.0529 -0.0400
0.8361 2.0008 -0.0400
0.8232 1.9573 -0.0400
0.7913 1.9198 -0.0400
0.7120 1.8953 -0.0400
-1.5220 0.9087 -0.0400
-1.4866 0.8267 -0.0400
-1.4875 0.7427 -0.0400
0.0540 0.3506 -0.0400
0.0618 0.2925 -0.0400
-1.2037 -1.3310 -0.0400
-1.1742 -1.4176 -0.0400
1.6579 -0.6540 -0.0400
1.7079 -0.6612 -0.0400
1.7481 -0.6786 -0.0400
1.7824 -0.7026 -0.0400
1.8022 -0.7450 -0.0400
1.8172 -0.7951 -0.0400
2.1329 -2.0174 -0.0400
2.1950 -2.0180 -0.0400
2.2528 -2.0297 -0.0400
2.3049 -2.0592 -0.0400
2.3518 -2.1090 -0.0400
3.7076 -1.2307 -0.0400
3.7427 -1.1898 -0.0400
3.7804 -1.1667 -0.0400
3.8199 -1.1536 -0.0400
3.8679 -1.1746 -0.0400
3.9053 -1.1522 -0.0400
3.9441 -1.1361 -0.0400
3.9850 -1.1276 -0.0400
4.0298 -1.1304 -0.0400
4.1053 -1.2196 -0.0400
4.1557 -1.2295 -0.0400
8.4756 1.2730 -0.0400
5.9805 1.5954 -0.0400
5.9595 1.6402 -0.0400
5.9478 1.6865 -0.0400
5.9468 1.7350 -0.0400
6.0079 1.7986 -0.0400
5.0142 3.5540 -0.0400
4.9653 3.5746 -0.0400
4.8995 3.5689 -0.0400
4.8410 3.5720 -0.0400
4.7997 3.6013 -0.0400
4.7401 3.5998 -0.0400
4.6967 3.6247 -0.0400
4.6667 3.6740 -0.0400
5.5654 6.3679 -0.0400
5.4752 6.4111 -0.0400
5.4191 6.5409 -0.0400
2.8180 4.2666 -0.0400
2.7606 4.2739 -0.0400
2.6943 4.3266 -0.0400
1.3616 4.5304 -0.0400
1.3153 4.4745 -0.0400
1.2559 4.4417 -0.0400
2.4515 2.1502 -0.0400
2.4581 2.1072 -0.0400
2.4467 2.0864 -0.0400
2.4325 2.0692 -0.0400
2.4157 2.0547 -0.0400
2.3968 2.0424 -0.0400
2.3747 2.0331 -0.0400
2.3475 2.0280 -0.0400
2.2825 2.0566 -0.0400
2.2670 2.0385 -0.0400
2.2495 2.0221 -0.0400
2.2294 2.0078 -0.0400
2.2058 1.9959 -0.0400
2.1607 1.9999 -0.0400
2.1157 2.0023 -0.0400
1.9622 2.0799 -0.0400
-0.2718 3.4803 -0.0400
0.7860 2.1150 -0.0400
0.8397 2.0451 -0.0400
0.8375 1.9975 -0.0400
0.8206 1.9552 -0.0400
0.7825 1.9195 -0.0400
-1.5227 0.9066 -0.0400
-1.4966 0.8239 -0.0400
-1.4947 0.7399 -0.0400
0.0182 0.3969 -0.0400
0.0572 0.3461 -0.0400
-1.2154 -1.3408 -0.0400
-1.1584 -1.4119 -0.0400
1.5878 -0.6767 -0.0400
1.6671 -0.6538 -0.0400
1.7155 -0.6627 -0.0400
1.7544 -0.6814 -0.0400
1.7819 -0.7137 -0.0400
1.8025 -0.7552 -0.0400
1.8099 -0.8154 -0.0400
2.1348 -2.0222 -0.0400
2.2006 -2.0121 -0.0400
2.2520 -2.0428 -0.0400
2.3023 -2.0784 -0.0400
3.9126 -4.7630 -0.0400
4.0123 -4.7230 -0.0400
3.7054 -1.2151 -0.0400
3.7417 -1.1826 -0.0400
3.7800 -1.1634 -0.0400
3.8220 -1.1624 -0.0400
3.8676 -1.1739 -0.0400
3.9044 -1.1500 -0.0400
3.9431 -1.1346 -0.0400
3.9881 -1.1398 -0.0400
4.0364 -1.1532 -0.0400
4.1032 -1.2172 -0.0400
4.1513 -1.2218 -0.0400
6.0124 -4.1841 -0.0400
6.8652 -1.0790 -0.0400
6.8826 -1.0035 -0.0400
6.9233 -0.9424 -0.0400
8.4603 1.2557 -0.0400
8.5080 1.3482 -0.0400
6.0949 1.5497 -0.0400
5.9834 1.5818 -0.0400
5.9623 1.6265 -0.0400
5.9497 1.6725 -0.0400
5.9638 1.7242 -0.0400
5.9916 1.7801 -0.0400
7.7433 3.4449 -0.0400
7.7097 3.5265 -0.0400
5.0320 3.5537 -0.0400
4.9778 3.5671 -0.0400
4.9004 3.5442 -0.0400
4.8537 3.5655 -0.0400
4.8141 3.5976 -0.0400
4.7532 3.5942 -0.0400
4.7100 3.6195 -0.0400
4.6826 3.6740 -0.0400
5.7119 6.4052 -0.0400
5.5834 6.3648 -0.0400
5.5131 6.4558 -0.0400
5.4356 6.5345 -0.0400
1.4167 4.5869 -0.0400
1.3765 4.5184 -0.0400
1.3215 4.4775 -0.0400
1.2535 4.4584 -0.0400
1.1592 4.4792 -0.0400
2.4602 2.1784 -0.0400
2.4627 2.1386 -0.0400
2.4556 2.1118 -0.0400
2.4452 2.0895 -0.0400
2.4317 2.0710 -0.0400
2.4133 2.0580 -0.0400
2.3915 2.0482 -0.0400
2.3652 2.0425 -0.0400
2.3321 2.0425 -0.0400
2.2811 2.0577 -0.0400
2.2659 2.0391 -0.0400
2.2485 2.0224 -0.0400
2.2194 2.0152 -0.0400
2.1912 2.0065 -0.0400
2.1573 2.0014 -0.0400
2.1053 2.0086 -0.0400
1.9532 2.0850 -0.0400
-0.2343 3.5484 -0.0400
-0.2745 3.4852 -0.0400
0.8052 2.1056 -0.0400
0.8435 2.0416 -0.0400
0.8352 1.9960 -0.0400
0.8139 1.9550 -0.0400
0.7550 1.9255 -0.0400
-1.5035 0.9058 -0.0400
-1.4924 0.8223 -0.0400
0.0381 0.3965 -0.0400
0.0081 0.3291 -0.0400
-1.3066 -1.2904 -0.0400
-1.1957 -1.3333 -0.0400
1.5957 -0.6781 -0.0400
1.6735 -0.6569 -0.0400
1.7285 -0.6581 -0.0400
1.7602 -0.6851 -0.0400
1.7857 -0.7198 -0.0400
1.8041 -0.7640 -0.0400
1.8044 -0.8335 -0.0400
2.0716 -2.0332 -0.0400
2.1429 -2.0110 -0.0400
2.2041 -2.0133 -0.0400
2.2551 -2.0449 -0.0400
2.3063 -2.0773 -0.0400
3.9054 -4.7294 -0.0400
3.7090 -1.2296 -0.0400
3.7410 -1.1742 -0.0400
3.7800 -1.1601 -0.0400
3.8235 -1.1659 -0.0400
3.8662 -1.1668 -0.0400
3.9036 -1.1462 -0.0400
3.9440 -1.1375 -0.0400
3.9881 -1.1403 -0.0400
4.0360 -1.1531 -0.0400
4.1021 -1.2162 -0.0400
5.9115 -4.2324 -0.0400
6.8552 -1.0849 -0.0400
6.8757 -1.0117 -0.0400
6.9213 -0.9536 -0.0400
6.0615 1.5310 -0.0400
6.0059 1.5715 -0.0400
5.9636 1.6128 -0.0400
5.9519 1.6589 -0.0400
5.9646 1.7101 -0.0400
5.9890 1.7650 -0.0400
7.7100 3.5060 -0.0400
5.0738 3.5059 -0.0400
5.0224 3.5234 -0.0400
4.9558 3.5181 -0.0400
4.9061 3.5354 -0.0400
4.8653 3.5657 -0.0400
4.8011 3.5582 -0.0400
4.7613 3.5892 -0.0400
4.7336 3.6418 -0.0400
5.6891 6.3264 -0.0400
5.6045 6.3830 -0.0400
5.5666 6.5528 -0.0400
1.4662 4.6526 -0.0400
1.4339 4.5660 -0.0400
1.3826 4.5177 -0.0400
1.2988 4.5257 -0.0400
2.4900 2.1804 -0.0400
2.4849 2.1495 -0.0400
2.4749 2.1256 -0.0400
2.4622 2.1055 -0.0400
2.4463 2.0896 -0.0400
2.4282 2.0760 -0.0400
2.4073 2.0652 -0.0400
2.3820 2.0587 -0.0400
2.3104 2.0969 -0.0400
2.2952 2.0779 -0.0400
2.2775 2.0613 -0.0400
2.2567 2.0473 -0.0400
2.2326 2.0359 -0.0400
2.2044 2.0274 -0.0400
2.1703 2.0228 -0.0400
1.9844 2.1335 -0.0400
-0.1948 3.6149 -0.0400
-0.2356 3.5519 -0.0400
0.8289 2.1966 -0.0400
0.8550 2.1348 -0.0400
0.8559 2.0848 -0.0400
0.8459 2.0395 -0.0400
0.8213 1.9996 -0.0400
0.7392 1.9785 -0.0400
-1.4935 0.9893 -0.0400
-1.4975 0.9051 -0.0400
0.0056 0.5062 -0.0400
0.0319 0.4518 -0.0400
0.0275 0.3910 -0.0400
-1.3535 -1.2141 -0.0400
-1.2361 -1.2554 -0.0400
1.5238 -0.6336 -0.0400
1.6150 -0.6025 -0.0400
1.6635 -0.6126 -0.0400
1.7015 -0.6329 -0.0400
1.7327 -0.6605 -0.0400
1.7570 -0.6961 -0.0400
1.7309 -0.7940 -0.0400
2.0198 -2.0104 -0.0400
2.0973 -1.9744 -0.0400
2.1515 -1.9955 -0.0400
2.2014 -2.0294 -0.0400
2.2477 -2.0759 -0.0400
3.8003 -4.7342 -0.0400
3.6272 -1.2416 -0.0400
3.6635 -1.2028 -0.0400
3.6999 -1.1714 -0.0400
3.7399 -1.1634 -0.0400
3.7817 -1.1639 -0.0400
3.8241 -1.1655 -0.0400
3.8627 -1.1501 -0.0400
3.9041 -1.1464 -0.0400
3.9490 -1.1537 -0.0400
3.9983 -1.1731 -0.0400
4.0665 -1.2472 -0.0400
5.8155 -4.2839 -0.0400
5.9153 -4.2503 -0.0400
6.8105 -1.1512 -0.0400
6.8307 -1.0775 -0.0400
6.9368 -1.0562 -0.0400
6.0006 1.5132 -0.0400
5.9769 1.5578 -0.0400
5.9610 1.6031 -0.0400
5.9603 1.6513 -0.0400
6.0038 1.7092 -0.0400
7.7930 3.3379 -0.0400
7.7641 3.4216 -0.0400
5.0551 3.5348 -0.0400
5.0028 3.5511 -0.0400
4.9382 3.5480 -0.0400
4.8801 3.5524 -0.0400
4.8306 3.5690 -0.0400
4.7758 3.5758 -0.0400
4.7327 3.6015 -0.0400
4.7004 3.6468 -0.0400
5.6217 6.3613 -0.0400
5.5447 6.4370 -0.0400
5.4716 6.5264 -0.0400
1.4399 4.5783 -0.0400
1.3920 4.5228 -0.0400
1.3325 4.4891 -0.0400
1.2600 4.4767 -0.0400
2.4666 2.1779 -0.0400
2.4663 2.1409 -0.0400
2.4583 2.1144 -0.0400
2.4497 2.0895 -0.0400
2.4324 2.0747 -0.0400
2.4126 2.0626 -0.0400
2.3890 2.0541 -0.0400
2.3601 2.0503 -0.0400
2.3186 2.0577 -0.0400
2.2810 2.0598 -0.0400
2.2640 2.0422 -0.0400
2.2373 2.0329 -0.0400
2.2099 2.0235 -0.0400
2.1767 2.0181 -0.0400
2.1319 2.0206 -0.0400
1.9767 2.1035 -0.0400
-0.2360 3.5584 -0.0400
0.8531 2.0845 -0.0400
0.8471 2.0374 -0.0400
0.8241 1.9968 -0.0400
0.7888 1.9600 -0.0400
0.7221 1.9323 -0.0400
-1.5029 0.9877 -0.0400
-1.4918 0.9039 -0.0400
-1.5239 0.8176 -0.0400
0.0208 0.4437 -0.0400
0.0340 0.3865 -0.0400
-1.2333 -1.2580 -0.0400
1.6498 -0.6409 -0.0400
1.7081 -0.6397 -0.0400
1.7396 -0.6668 -0.0400
1.7641 -0.7021 -0.0400
1.7804 -0.7480 -0.0400
1.7713 -0.8276 -0.0400
2.0941 -1.9992 -0.0400
2.1566 -1.9988 -0.0400
2.2077 -2.0287 -0.0400
2.2612 -2.0525 -0.0400
3.8004 -4.7751 -0.0400
3.9011 -4.7425 -0.0400
3.6697 -1.2241 -0.0400
3.7062 -1.1923 -0.0400
3.7428 -1.1650 -0.0400
3.7841 -1.1640 -0.0400
3.8272 -1.1701 -0.0400
3.8649 -1.1516 -0.0400
3.9042 -1.1403 -0.0400
3.9446 -1.1332 -0.0400
3.9937 -1.1542 -0.0400
4.0471 -1.1849 -0.0400
4.1130 -1.2470 -0.0400
5.9036 -4.2451 -0.0400
6.8530 -1.1062 -0.0400
6.8707 -1.0313 -0.0400
6.9589 -0.9983 -0.0400
6.0039 1.5443 -0.0400
5.9676 1.5864 -0.0400
5.9555 1.6322 -0.0400
5.9608 1.6816 -0.0400
5.9723 1.7330 -0.0400
7.7839 3.4049 -0.0400
7.7264 3.4740 -0.0400
5.0991 3.4898 -0.0400
5.0486 3.5088 -0.0400
4.9807 3.5019 -0.0400
4.9312 3.5198 -0.0400
4.8915 3.5519 -0.0400
4.8313 3.5514 -0.0400
4.7907 3.5816 -0.0400
5.8299 6.3023 -0.0400
5.7267 6.3196 -0.0400
5.6537 6.4029 -0.0400
5.5805 6.4901 -0.0400
1.5001 4.6249 -0.0400
1.4537 4.5651 -0.0400
1.3958 4.5278 -0.0400
1.2950 4.5646 -0.0400
2.4848 2.2372 -0.0400
2.4955 2.1828 -0.0400
2.4888 2.1532 -0.0400
2.4781 2.1295 -0.0400
2.4645 2.1099 -0.0400
2.4479 2.0940 -0.0400
2.4291 2.0806 -0.0400
2.3971 2.0811 -0.0400
2.3634 2.0822 -0.0400
2.3113 2.1002 -0.0400
2.2949 2.0818 -0.0400
2.2758 2.0659 -0.0400
2.2537 2.0525 -0.0400
2.2276 2.0422 -0.0400
2.1960 2.0359 -0.0400
2.0194 2.1446 -0.0400
-0.1605 3.6939 -0.0400
-0.1864 3.6192 -0.0400
0.8153 2.2018 -0.0400
0.8722 2.1264 -0.0400
0.8610 2.0811 -0.0400
0.8408 2.0394 -0.0400
0.7732 2.0144 -0.0400
-1.5072 1.0715 -0.0400
-1.4982 0.9874 -0.0400
-0.0372 0.5505 -0.0400
0.0169 0.5001 -0.0400
0.0120 0.4392 -0.0400
-1.3858 -1.1339 -0.0400
-1.2732 -1.1796 -0.0400
1.5895 -0.5882 -0.0400
1.6414 -0.5958 -0.0400
1.6809 -0.6149 -0.0400
1.7125 -0.6419 -0.0400
1.7372 -0.6766 -0.0400
1.7155 -0.7665 -0.0400
1.9800 -1.9763 -0.0400
2.0482 -1.9653 -0.0400
2.1058 -1.9777 -0.0400
2.1557 -2.0102 -0.0400
2.2017 -2.0550 -0.0400
3.6951 -4.7692 -0.0400
3.7966 -4.7463 -0.0400
3.6274 -1.2066 -0.0400
3.6654 -1.1847 -0.0400
3.7035 -1.1664 -0.0400
3.7454 -1.1702 -0.0400
3.7887 -1.1789 -0.0400
3.8254 -1.1556 -0.0400
3.8654 -1.1483 -0.0400
3.9069 -1.1461 -0.0400
3.9612 -1.1880 -0.0400
4.0196 -1.2372 -0.0400
4.0661 -1.2417 -0.0400
5.7072 -4.3249 -0.0400
5.8036 -4.2858 -0.0400
6.7850 -1.2438 -0.0400
6.7840 -1.1555 -0.0400
6.8219 -1.0936 -0.0400
6.8960 -1.0537 -0.0400
5.9657 1.6253 -0.0400
6.0040 1.6818 -0.0400
7.8048 3.4022 -0.0400
5.1235 3.4969 -0.0400
5.0665 3.5078 -0.0400
5.0058 3.5117 -0.0400
4.9440 3.5120 -0.0400
4.8962 3.5318 -0.0400
4.8406 3.5384 -0.0400
4.7986 3.5661 -0.0400
4.7698 3.6168 -0.0400
5.8593 6.3194 -0.0400
5.7454 6.3152 -0.0400
5.6684 6.3899 -0.0400
1.5071 4.6321 -0.0400
1.4607 4.5715 -0.0400
1.3964 4.5455 -0.0400
1.3114 4.5542 -0.0400
2.4899 2.1964 -0.0400
2.4867 2.1615 -0.0400
2.4827 2.1292 -0.0400
2.4671 2.1117 -0.0400
2.4488 2.0975 -0.0400
2.4281 2.0858 -0.0400
2.4031 2.0785 -0.0400
2.3729 2.0759 -0.0400
2.3239 2.0911 -0.0400
2.2948 2.0849 -0.0400
2.2733 2.0709 -0.0400
2.2483 2.0598 -0.0400
2.2186 2.0522 -0.0400
2.1822 2.0493 -0.0400
2.1143 2.0706 -0.0400
1.9566 2.1584 -0.0400
-0.2041 3.6382 -0.0400
0.8751 2.1761 -0.0400
0.8737 2.1260 -0.0400
0.8601 2.0814 -0.0400
0.8360 2.0410 -0.0400
-1.4933 1.0715 -0.0400
-1.4990 0.9871 -0.0400
0.0228 0.4975 -0.0400
-1.3333 -1.1113 -0.0400
-1.2726 -1.1819 -0.0400
1.6152 -0.5729 -0.0400
1.6555 -0.5916 -0.0400
1.6875 -0.6182 -0.0400
1.7126 -0.6523 -0.0400
1.7296 -0.6960 -0.0400
1.7281 -0.7625 -0.0400
1.9901 -1.9656 -0.0400
2.0552 -1.9615 -0.0400
2.1065 -1.9894 -0.0400
2.1571 -2.0203 -0.0400
3.6912 -4.7340 -0.0400
3.5983 -1.2813 -0.0400
3.6297 -1.1999 -0.0400
3.6669 -1.1740 -0.0400
3.7063 -1.1650 -0.0400
3.7494 -1.1767 -0.0400
3.7897 -1.1710 -0.0400
3.8271 -1.1520 -0.0400
3.8677 -1.1479 -0.0400
3.9094 -1.1472 -0.0400
3.9629 -1.1872 -0.0400
4.0253 -1.2502 -0.0400
4.0779 -1.2740 -0.0400
5.6966 -4.3127 -0.0400
5.8042 -4.2990 -0.0400
6.7868 -1.1671 -0.0400
6.8354 -1.1119 -0.0400
7.8126 3.2883 -0.0400
7.7964 3.3781 -0.0400
4.9575 3.5052 -0.0400
4.9162 3.5350 -0.0400
4.8586 3.5391 -0.0400
4.8157 3.5657 -0.0400
5.7689 6.3209 -0.0400
5.7087 6.4336 -0.0400
1.5338 4.7585 -0.0400
1.5180 4.6329 -0.0400
1.4722 4.5709 -0.0400
1.4047 4.5505 -0.0400
1.3214 4.5560 -0.0400
2.5021 2.2281 -0.0400
2.5041 2.1849 -0.0400
2.4951 2.1576 -0.0400
2.4833 2.1346 -0.0400
2.4687 2.1156 -0.0400
2.4514 2.0999 -0.0400
2.4261 2.0931 -0.0400
2.3982 2.0884 -0.0400
2.3619 2.0917 -0.0400
2.3137 2.1053 -0.0400
2.2964 2.0872 -0.0400
2.2765 2.0715 -0.0400
2.2532 2.0586 -0.0400
2.2087 2.0637 -0.0400
2.1639 2.0673 -0.0400
2.0100 2.1571 -0.0400
-0.1464 3.6972 -0.0400
-0.1836 3.6304 -0.0400
0.8430 2.2436 -0.0400
0.8744 2.1774 -0.0400
0.8733 2.1270 -0.0400
0.8591 2.0824 -0.0400
0.8073 2.0523 -0.0400
-1.5666 1.1570 -0.0400
-1.4953 1.0717 -0.0400
-1.5080 0.9870 -0.0400
0.0101 0.5517 -0.0400
0.0088 0.4916 -0.0400
-1.3119 -1.1034 -0.0400
-1.2807 -1.1882 -0.0400
1.5630 -0.5744 -0.0400
1.6187 -0.5793 -0.0400
1.6599 -0.5973 -0.0400
1.6928 -0.6230 -0.0400
1.7057 -0.6703 -0.0400
1.7068 -0.7324 -0.0400
1.9975 -1.9616 -0.0400
2.0597 -1.9641 -0.0400
2.1112 -1.9916 -0.0400
2.1585 -2.0309 -0.0400
3.6901 -4.7337 -0.0400
3.5953 -1.2233 -0.0400
3.6316 -1.1865 -0.0400
3.6698 -1.1695 -0.0400
3.7098 -1.1653 -0.0400
3.7531 -1.1788 -0.0400
3.7907 -1.1604 -0.0400
3.8296 -1.1499 -0.0400
3.8711 -1.1500 -0.0400
3.9143 -1.1556 -0.0400
3.9699 -1.2035 -0.0400
4.0285 -1.2538 -0.0400
4.0836 -1.2857 -0.0400
5.7019 -4.3353 -0.0400
5.8031 -4.3072 -0.0400
6.7576 -1.2439 -0.0400
6.7708 -1.1656 -0.0400
6.8176 -1.1099 -0.0400
6.9380 -1.0986 -0.0400
7.8201 3.2727 -0.0400
7.8040 3.3624 -0.0400
4.7839 3.5715 -0.0400
4.7519 3.6174 -0.0400
5.7955 6.3173 -0.0400
5.6964 6.3434 -0.0400
5.6378 6.4628 -0.0400
1.4244 4.5431 -0.0400
1.3553 4.5245 -0.0400
1.2698 4.5320 -0.0400
2.4729 2.2372 -0.0400
2.4865 2.1790 -0.0400
2.4801 2.1482 -0.0400
2.4741 2.1183 -0.0400
2.4574 2.1015 -0.0400
2.4386 2.0873 -0.0400
2.4173 2.0755 -0.0400
2.3914 2.0683 -0.0400
2.3599 2.0660 -0.0400
2.3019 2.0882 -0.0400
2.2832 2.0711 -0.0400
2.2612 2.0570 -0.0400
2.2354 2.0458 -0.0400
2.2046 2.0381 -0.0400
2.1666 2.0355 -0.0400
2.0121 2.1224 -0.0400
-0.1620 3.7198 -0.0400
-0.1772 3.6361 -0.0400
0.8546 2.1368 -0.0400
0.8621 2.0829 -0.0400
0.8365 2.0427 -0.0400
0.7936 2.0083 -0.0400
-1.5110 1.0727 -0.0400
-1.5030 0.9879 -0.0400
-1.5063 0.9030 -0.0400
0.0232 0.4904 -0.0400
-0.0163 0.4225 -0.0400
-1.4208 -1.1573 -0.0400
-1.2671 -1.1843 -0.0400
1.6251 -0.5861 -0.0400
1.6665 -0.6039 -0.0400
1.6998 -0.6293 -0.0400
1.7263 -0.6619 -0.0400
1.7454 -0.7030 -0.0400
1.7505 -0.7615 -0.0400
2.0039 -1.9649 -0.0400
2.0667 -1.9660 -0.0400
2.1190 -1.9910 -0.0400
2.1712 -2.0169 -0.0400
2.2168 -2.0619 -0.0400
3.6907 -4.7585 -0.0400
3.7912 -4.7291 -0.0400
3.6406 -1.2122 -0.0400
3.6766 -1.1786 -0.0400
3.7147 -1.1629 -0.0400
3.7559 -1.1665 -0.0400
3.7972 -1.1681 -0.0400
3.8344 -1.1499 -0.0400
3.8736 -1.1413 -0.0400
3.9151 -1.1417 -0.0400
3.9630 -1.1640 -0.0400
4.0266 -1.2348 -0.0400
4.0798 -1.2626 -0.0400
5.7056 -4.3562 -0.0400
5.7798 -4.2684 -0.0400
6.8347 -1.2188 -0.0400
6.8077 -1.1148 -0.0400
6.8782 -1.0736 -0.0400
6.6989 0.5340 -0.0400
7.7995 3.3345 -0.0400
7.7967 3.4318 -0.0400
5.8174 6.3337 -0.0400
5.7475 6.4258 -0.0400
3.4095 4.2734 -0.0400
3.3536 4.2464 -0.0400
3.2983 4.2441 -0.0400
2.5024 2.2042 -0.0400
2.5047 2.1614 -0.0400
2.4910 2.1402 -0.0400
2.4749 2.1224 -0.0400
2.4565 2.1075 -0.0400
2.4293 2.1021 -0.0400
2.4000 2.0985 -0.0400
2.3599 2.1051 -0.0400
2.3180 2.1118 -0.0400
2.2998 2.0940 -0.0400
2.2789 2.0786 -0.0400
2.2433 2.0763 -0.0400
2.2084 2.0723 -0.0400
2.1577 2.0804 -0.0400
2.0051 2.1689 -0.0400
-0.1375 3.7073 -0.0400
-0.1822 3.6454 -0.0400
0.8797 2.2310 -0.0400
0.8870 2.1757 -0.0400
0.8762 2.1291 -0.0400
0.8525 2.0881 -0.0400
0.8119 2.0532 -0.0400
-1.5082 1.1585 -0.0400
-1.5069 1.0736 -0.0400
-1.5560 0.9876 -0.0400
-0.0164 0.6025 -0.0400
0.0117 0.5468 -0.0400
-1.3533 -1.0269 -0.0400
-1.3054 -1.1040 -0.0400
1.5457 -0.5511 -0.0400
1.5996 -0.5588 -0.0400
1.6401 -0.5779 -0.0400
1.6729 -0.6041 -0.0400
1.6872 -0.6492 -0.0400
1.6917 -0.7061 -0.0400
1.9524 -1.9463 -0.0400
2.0169 -1.9445 -0.0400
2.0691 -1.9697 -0.0400
2.1105 -2.0224 -0.0400
3.5887 -4.7761 -0.0400
3.6920 -4.7835 -0.0400
3.5638 -1.2284 -0.0400
3.6016 -1.2011 -0.0400
3.6388 -1.1753 -0.0400
3.6778 -1.1663 -0.0400
3.7193 -1.1734 -0.0400
3.7593 -1.1693 -0.0400
3.7967 -1.1523 -0.0400
3.8370 -1.1495 -0.0400
3.8802 -1.1581 -0.0400
3.9294 -1.1877 -0.0400
3.9880 -1.2459 -0.0400
4.0419 -1.2792 -0.0400
5.5975 -4.3719 -0.0400
5.6807 -4.3042 -0.0400
5.8129 -4.3467 -0.0400
6.7409 -1.2483 -0.0400
6.7609 -1.1751 -0.0400
6.8135 -1.1237 -0.0400
6.6741 0.4716 -0.0400
6.6325 0.5385 -0.0400
6.6381 0.5966 -0.0400
6.6545 0.6532 -0.0400
7.8305 3.2401 -0.0400
7.8022 3.3233 -0.0400
5.8188 6.2912 -0.0400
5.7629 6.4128 -0.0400
3.4243 4.3064 -0.0400
3.3675 4.2420 -0.0400
3.3121 4.2438 -0.0400
3.2568 4.2380 -0.0400
3.2024 4.2185 -0.0400
3.1474 4.2154 -0.0400
2.5190 2.1921 -0.0400
2.5079 2.1668 -0.0400
2.4942 2.1453 -0.0400
2.4782 2.1269 -0.0400
2.4580 2.1137 -0.0400
2.4346 2.1038 -0.0400
2.4072 2.0979 -0.0400
2.3733 2.0980 -0.0400
2.3207 2.1156 -0.0400
2.3008 2.0992 -0.0400
2.2779 2.0854 -0.0400
2.2509 2.0751 -0.0400
2.2188 2.0685 -0.0400
2.1788 2.0676 -0.0400
-0.0988 3.7837 -0.0400
-0.1271 3.7088 -0.0400
0.8612 2.2428 -0.0400
0.8940 2.1754 -0.0400
0.8737 2.1328 -0.0400
0.8374 2.0966 -0.0400
0.7615 2.0748 -0.0400
-1.5129 1.1604 -0.0400
-1.5096 1.0752 -0.0400
-0.0091 0.6018 -0.0400
0.0053 0.5438 -0.0400
-1.3434 -1.0237 -0.0400
-1.3076 -1.1064 -0.0400
1.5568 -0.5499 -0.0400
1.6068 -0.5613 -0.0400
1.6481 -0.5796 -0.0400
1.6731 -0.6135 -0.0400
1.6911 -0.6550 -0.0400
1.6957 -0.7119 -0.0400
1.9010 -1.9315 -0.0400
1.9687 -1.9244 -0.0400
2.0217 -1.9475 -0.0400
2.0724 -1.9763 -0.0400
2.1172 -2.0204 -0.0400
3.5880 -4.7562 -0.0400
3.5688 -1.2274 -0.0400
3.6049 -1.1852 -0.0400
3.6432 -1.1708 -0.0400
3.6840 -1.1756 -0.0400
3.7254 -1.1820 -0.0400
3.7627 -1.1629 -0.0400
3.8011 -1.1521 -0.0400
3.8415 -1.1501 -0.0400
3.8853 -1.1619 -0.0400
3.9488 -1.2480 -0.0400
3.9951 -1.2581 -0.0400
5.5846 -4.3474 -0.0400
5.6782 -4.3052 -0.0400
6.7195 -1.3284 -0.0400
6.7201 -1.2409 -0.0400
6.7603 -1.1817 -0.0400
6.8414 -1.1486 -0.0400
6.6351 0.4697 -0.0400
6.6293 0.5298 -0.0400
6.6365 0.5875 -0.0400
6.6553 0.6436 -0.0400
6.7482 0.6916 -0.0400
7.8364 3.2246 -0.0400
5.1636 3.4492 -0.0400
5.1154 3.4718 -0.0400
5.0475 3.4659 -0.0400
3.4381 4.2834 -0.0400
3.3817 4.2491 -0.0400
3.3261 4.2521 -0.0400
3.2703 4.2537 -0.0400
3.2162 4.2188 -0.0400
3.1611 4.2171 -0.0400
3.1024 4.2579 -0.0400
3.0412 4.3075 -0.0400
2.9846 4.3022 -0.0400
2.5240 2.1963 -0.0400
2.5123 2.1714 -0.0400
2.4983 2.1500 -0.0400
2.4825 2.1311 -0.0400
2.4624 2.1175 -0.0400
2.4396 2.1067 -0.0400
2.4130 2.0997 -0.0400
2.3411 2.1392 -0.0400
2.3242 2.1196 -0.0400
2.3047 2.1025 -0.0400
2.2823 2.0880 -0.0400
2.2442 2.0875 -0.0400
2.2077 2.0843 -0.0400
2.1450 2.1020 -0.0400
1.9956 2.1877 -0.0400
-0.1283 3.7200 -0.0400
0.8907 2.2327 -0.0400
0.8914 2.1801 -0.0400
0.8760 2.1351 -0.0400
0.8460 2.0961 -0.0400
-1.5323 1.2489 -0.0400
-1.5059 1.1626 -0.0400
-1.5607 1.0774 -0.0400
0.0009 0.6019 -0.0400
-0.0390 0.5354 -0.0400
-1.4508 -0.9722 -0.0400
-1.3447 -1.0252 -0.0400
-1.3312 -1.1184 -0.0400
1.5050 -0.5473 -0.0400
1.5702 -0.5466 -0.0400
1.6226 -0.5555 -0.0400
1.6523 -0.5848 -0.0400
1.6760 -0.6201 -0.0400
1.6930 -0.6628 -0.0400
1.9010 -1.9444 -0.0400
1.9721 -1.9306 -0.0400
2.0279 -1.9477 -0.0400
2.0710 -1.9941 -0.0400
3.5882 -4.7523 -0.0400
3.5355 -1.2523 -0.0400
3.5727 -1.2108 -0.0400
3.6095 -1.1786 -0.0400
3.6487 -1.1723 -0.0400
3.6891 -1.1755 -0.0400
3.7293 -1.1751 -0.0400
3.7668 -1.1584 -0.0400
3.8068 -1.1559 -0.0400
3.8469 -1.1535 -0.0400
3.8932 -1.1760 -0.0400
3.9531 -1.2478 -0.0400
4.0006 -1.2629 -0.0400
5.5807 -4.3434 -0.0400
5.6907 -4.3399 -0.0400
6.7248 -1.2503 -0.0400
6.7531 -1.1832 -0.0400
6.6651 0.3956 -0.0400
6.6352 0.4611 -0.0400
6.6278 0.5214 -0.0400
6.6343 0.5790 -0.0400
6.6816 0.6311 -0.0400
6.7577 0.6813 -0.0400
8.4589 0.9335 -0.0400
5.1919 3.4614 -0.0400
5.1292 3.4651 -0.0400
5.0765 3.4807 -0.0400
5.0061 3.4695 -0.0400
4.9687 3.5051 -0.0400
4.9064 3.5021 -0.0400
3.4012 4.2795 -0.0400
3.3453 4.2470 -0.0400
3.2898 4.2413 -0.0400
3.2341 4.2435 -0.0400
3.1798 4.2188 -0.0400
3.1243 4.2204 -0.0400
3.0670 4.2371 -0.0400
3.0038 4.2981 -0.0400
2.9468 4.2950 -0.0400
2.4721 2.1192 -0.0400
2.4521 2.1052 -0.0400
2.4297 2.0936 -0.0400
2.3905 2.0992 -0.0400
2.3414 2.1133 -0.0400
2.3133 2.1047 -0.0400
2.2941 2.0870 -0.0400
2.2658 2.0775 -0.0400
2.2372 2.0676 -0.0400
2.2030 2.0618 -0.0400
2.1572 2.0645 -0.0400
-0.1209 3.7290 -0.0400
-0.1625 3.6642 -0.0400
0.8777 2.2449 -0.0400
0.8897 2.1865 -0.0400
0.8804 2.1385 -0.0400
0.8567 2.0968 -0.0400
0.8145 2.0620 -0.0400
-1.5155 1.1667 -0.0400
-1.5123 1.0811 -0.0400
-1.5154 0.9955 -0.0400
0.0121 0.5422 -0.0400
-1.3582 -1.0317 -0.0400
-1.3006 -1.1048 -0.0400
1.5646 -0.5628 -0.0400
1.6260 -0.5639 -0.0400
1.6591 -0.5902 -0.0400
1.6870 -0.6213 -0.0400
1.7092 -0.6585 -0.0400
1.6880 -0.7427 -0.0400
1.8939 -1.9762 -0.0400
1.9770 -1.9381 -0.0400
2.0350 -1.9506 -0.0400
2.0843 -1.9823 -0.0400
2.1341 -2.0137 -0.0400
3.5903 -4.7838 -0.0400
3.5831 -1.2414 -0.0400
3.6180 -1.1858 -0.0400
3.6563 -1.1730 -0.0400
3.6961 -1.1721 -0.0400
3.7370 -1.1775 -0.0400
3.7749 -1.1634 -0.0400
3.8133 -1.1533 -0.0400
3.8529 -1.1491 -0.0400
3.8972 -1.1644 -0.0400
3.9523 -1.2191 -0.0400
4.0051 -1.2565 -0.0400
4.0539 -1.2736 -0.0400
5.6701 -4.2978 -0.0400
5.7849 -4.3043 -0.0400
6.7340 -1.2638 -0.0400
6.7521 -1.1899 -0.0400
6.7999 -1.1362 -0.0400
6.6945 0.4394 -0.0400
6.6527 0.5065 -0.0400
6.6400 0.5673 -0.0400
6.6522 0.6239 -0.0400
6.6864 0.6781 -0.0400
6.7574 0.7297 -0.0400
8.4581 1.0065 -0.0400
5.1525 3.4630 -0.0400
5.1015 3.4814 -0.0400
5.0385 3.4815 -0.0400
4.9829 3.4903 -0.0400
4.9390 3.5161 -0.0400
4.8892 3.5322 -0.0400
4.8380 3.5450 -0.0400
4.8137 3.6043 -0.0400
3.5191 4.2874 -0.0400
3.4617 4.2510 -0.0400
3.4059 4.2462 -0.0400
3.3502 4.2489 -0.0400
3.2950 4.2283 -0.0400
3.2397 4.2252 -0.0400
3.1817 4.2654 -0.0400
3.1211 4.3196 -0.0400
3.0635 4.3214 -0.0400
3.0020 4.3552 -0.0400
2.4236 2.1405 -0.0400
2.3760 2.1550 -0.0400
2.3467 2.1481 -0.0400
2.3237 2.1341 -0.0400
2.2992 2.1213 -0.0400
2.2712 2.1113 -0.0400
2.2382 2.1052 -0.0400
2.0655 2.2211 -0.0400
-0.0338 3.8608 -0.0400
-0.0707 3.7915 -0.0400
0.8786 2.3551 -0.0400
0.9141 2.2827 -0.0400
0.9104 2.2311 -0.0400
0.8766 2.1940 -0.0400
0.8092 2.1706 -0.0400
-1.5124 1.3394 -0.0400
-1.5211 1.2539 -0.0400
-1.5375 1.1683 -0.0400
-0.0321 0.7174 -0.0400
-0.0117 0.6593 -0.0400
-1.4279 -0.8642 -0.0400
-1.3754 -0.9405 -0.0400
1.4739 -0.4741 -0.0400
1.5259 -0.4865 -0.0400
1.5664 -0.5074 -0.0400
1.6011 -0.5327 -0.0400
1.6245 -0.5681 -0.0400
1.6195 -0.6313 -0.0400
1.8723 -1.8924 -0.0400
1.9274 -1.9119 -0.0400
1.9780 -1.9405 -0.0400
3.3858 -4.7589 -0.0400
3.4880 -4.7780 -0.0400
3.4643 -1.2628 -0.0400
3.5024 -1.2120 -0.0400
3.5402 -1.1809 -0.0400
3.5793 -1.1760 -0.0400
3.6193 -1.1796 -0.0400
3.6596 -1.1839 -0.0400
3.6978 -1.1709 -0.0400
3.7368 -1.1645 -0.0400
3.7769 -1.1638 -0.0400
3.8227 -1.1916 -0.0400
3.8797 -1.2659 -0.0400
3.9242 -1.2730 -0.0400
5.4788 -4.3701 -0.0400
6.6530 -1.3833 -0.0400
6.6655 -1.3041 -0.0400
6.7474 -1.2747 -0.0400
6.6222 0.3323 -0.0400
6.6057 0.3951 -0.0400
6.6070 0.4535 -0.0400
6.6229 0.5091 -0.0400
6.6546 0.5625 -0.0400
6.7165 0.6126 -0.0400
8.4898 0.8232 -0.0400
5.2497 3.4096 -0.0400
5.1896 3.4175 -0.0400
5.1391 3.4366 -0.0400
5.0676 3.4254 -0.0400
5.0293 3.4594 -0.0400
4.9709 3.4634 -0.0400
4.9243 3.4839 -0.0400
4.8893 3.5229 -0.0400
6.0482 6.1828 -0.0400
3.4836 4.3240 -0.0400
3.4258 4.2560 -0.0400
3.3698 4.2584 -0.0400
3.3140 4.2523 -0.0400
3.2591 4.2274 -0.0400
3.2038 4.2231 -0.0400
3.1447 4.2676 -0.0400
3.0837 4.3146 -0.0400
3.0270 4.3062 -0.0400
2.3131 2.1201 -0.0400
2.2887 2.1066 -0.0400
2.2612 2.0957 -0.0400
2.2079 2.1069 -0.0400
2.0568 2.1993 -0.0400
-0.0739 3.8108 -0.0400
0.9051 2.2949 -0.0400
0.9107 2.2384 -0.0400
0.8979 2.1914 -0.0400
0.8707 2.1509 -0.0400
0.8232 2.1184 -0.0400
-1.5158 1.2590 -0.0400
-1.5213 1.1731 -0.0400
-0.0111 0.6597 -0.0400
-0.0118 0.5991 -0.0400
-1.5343 -0.9058 -0.0400
-1.3766 -0.9404 -0.0400
-1.3702 -1.0365 -0.0400
1.5111 -0.5087 -0.0400
1.5725 -0.5123 -0.0400
1.6063 -0.5386 -0.0400
1.6320 -0.5720 -0.0400
1.6518 -0.6113 -0.0400
1.6641 -0.6586 -0.0400
1.8766 -1.9003 -0.0400
1.9381 -1.9073 -0.0400
1.9879 -1.9373 -0.0400
2.0392 -1.9644 -0.0400
2.0753 -2.0275 -0.0400
3.4892 -4.7521 -0.0400
3.5116 -1.2257 -0.0400
3.5497 -1.1958 -0.0400
3.5881 -1.1804 -0.0400
3.6275 -1.1791 -0.0400
3.6684 -1.1886 -0.0400
3.7060 -1.1717 -0.0400
3.7447 -1.1636 -0.0400
3.7840 -1.1596 -0.0400
3.8279 -1.1788 -0.0400
3.8730 -1.1993 -0.0400
3.9296 -1.2649 -0.0400
3.9764 -1.2801 -0.0400
5.4919 -4.4071 -0.0400
5.5779 -4.3463 -0.0400
6.6659 -1.3098 -0.0400
6.7057 -1.2513 -0.0400
6.7757 -1.2132 -0.0400
6.6548 0.3758 -0.0400
6.6256 0.4408 -0.0400
6.6198 0.5002 -0.0400
6.6463 0.5541 -0.0400
6.6965 0.6053 -0.0400
8.4503 0.8105 -0.0400
8.4903 0.8979 -0.0400
6.0532 1.3488 -0.0400
6.0120 1.3908 -0.0400
5.2423 3.4537 -0.0400
5.1623 3.4348 -0.0400
5.0973 3.4332 -0.0400
5.0440 3.4459 -0.0400
5.0009 3.4728 -0.0400
4.9538 3.4933 -0.0400
4.9003 3.5030 -0.0400
4.8721 3.5540 -0.0400
5.9931 6.2409 -0.0400
5.9266 6.3368 -0.0400
3.4461 4.2689 -0.0400
3.3900 4.2466 -0.0400
3.3340 4.2509 -0.0400
3.2776 4.2612 -0.0400
3.2233 4.2284 -0.0400
3.1673 4.2308 -0.0400
3.1087 4.2598 -0.0400
3.0463 4.3113 -0.0400
2.9898 4.3014 -0.0400
2.1961 2.0923 -0.0400
2.0438 2.1818 -0.0400
-0.0970 3.7486 -0.0400
0.8690 2.2669 -0.0400
0.8886 2.2038 -0.0400
0.8812 2.1542 -0.0400
0.8438 2.1175 -0.0400
0.7600 2.0983 -0.0400
-1.5226 1.1793 -0.0400
-1.5361 1.0931 -0.0400
-0.0012 0.6015 -0.0400
-0.0230 0.5374 -0.0400
-1.5017 -0.9911 -0.0400
-1.3396 -1.0218 -0.0400
1.5000 -0.5270 -0.0400
1.5563 -0.5358 -0.0400
1.6087 -0.5463 -0.0400
1.6416 -0.5733 -0.0400
1.6663 -0.6079 -0.0400
1.6706 -0.6630 -0.0400
1.6680 -0.7269 -0.0400
1.9338 -1.9327 -0.0400
1.9958 -1.9381 -0.0400
2.0467 -1.9661 -0.0400
2.0876 -2.0179 -0.0400
3.5229 -1.2740 -0.0400
3.5595 -1.2102 -0.0400
3.5974 -1.1865 -0.0400
3.6359 -1.1758 -0.0400
3.6762 -1.1824 -0.0400
3.7165 -1.1854 -0.0400
3.7538 -1.1678 -0.0400
3.7923 -1.1591 -0.0400
3.8323 -1.1590 -0.0400
3.8815 -1.2012 -0.0400
3.9348 -1.2536 -0.0400
3.9786 -1.2578 -0.0400
5.5760 -4.3430 -0.0400
5.6889 -4.3486 -0.0400
6.6933 -1.3339 -0.0400
6.7062 -1.2561 -0.0400
6.7453 -1.1975 -0.0400
6.8127 -1.1572 -0.0400
6.6889 0.3606 -0.0400
6.6391 0.4300 -0.0400
6.6252 0.4909 -0.0400
6.6287 0.5482 -0.0400
6.6476 0.6032 -0.0400
6.6856 0.6563 -0.0400
6.7837 0.7041 -0.0400
8.4661 0.8848 -0.0400
8.4727 0.9733 -0.0400
6.0464 1.3840 -0.0400
6.0064 1.4253 -0.0400
5.9774 1.4672 -0.0400
5.9724 1.5125 -0.0400
5.9752 1.5595 -0.0400
5.1866 3.4350 -0.0400
5.1362 3.4540 -0.0400
5.0775 3.4601 -0.0400
5.0197 3.4660 -0.0400
4.9783 3.4953 -0.0400
4.9189 3.4958 -0.0400
4.8726 3.5163 -0.0400
4.8362 3.5536 -0.0400
5.9120 6.2469 -0.0400
5.8278 6.3053 -0.0400
5.7653 6.4145 -0.0400
3.5136 4.3031 -0.0400
3.4561 4.2536 -0.0400
3.4001 4.2480 -0.0400
3.3443 4.2439 -0.0400
3.2890 4.2299 -0.0400
3.2332 4.2310 -0.0400
3.1756 4.2538 -0.0400
3.1128 4.3238 -0.0400
3.0547 4.3264 -0.0400
-0.0484 3.8182 -0.0400
0.8728 2.3810 -0.0400
0.9200 2.3013 -0.0400
0.9176 2.2484 -0.0400
0.9005 2.2029 -0.0400
0.8695 2.1637 -0.0400
0.8148 2.1338 -0.0400
-1.5375 1.3568 -0.0400
-1.5181 1.2691 -0.0400
-1.5271 1.1828 -0.0400
-0.0299 0.7208 -0.0400
-0.0151 0.6615 -0.0400
-1.4965 -0.8876 -0.0400
-1.3849 -0.9413 -0.0400
1.4730 -0.4971 -0.0400
1.5430 -0.4956 -0.0400
1.5849 -0.5157 -0.0400
1.6123 -0.5477 -0.0400
1.6345 -0.5847 -0.0400
1.6335 -0.6441 -0.0400
1.8337 -1.8801 -0.0400
1.8963 -1.8862 -0.0400
1.9469 -1.9144 -0.0400
1.9973 -1.9435 -0.0400
2.0393 -1.9914 -0.0400
3.3906 -4.7547 -0.0400
3.4858 -1.2485 -0.0400
3.5240 -1.2042 -0.0400
3.5620 -1.1785 -0.0400
3.6015 -1.1814 -0.0400
3.6422 -1.1935 -0.0400
3.6807 -1.1827 -0.0400
3.7186 -1.1684 -0.0400
3.7581 -1.1674 -0.0400
3.7997 -1.1772 -0.0400
3.8434 -1.1946 -0.0400
3.9002 -1.2708 -0.0400
3.9473 -1.2905 -0.0400
5.4815 -4.3810 -0.0400
6.6354 -1.3808 -0.0400
6.6588 -1.3104 -0.0400
6.7032 -1.2558 -0.0400
6.6413 0.3671 -0.0400
6.6173 0.4305 -0.0400
6.6182 0.4884 -0.0400
6.6490 0.5411 -0.0400
6.7103 0.5904 -0.0400
8.4480 0.7907 -0.0400
6.0508 1.3325 -0.0400
5.9924 1.3721 -0.0400
5.9808 1.4163 -0.0400
5.9776 1.4617 -0.0400
5.9830 1.5088 -0.0400
6.0722 1.5727 -0.0400
5.2346 3.3966 -0.0400
5.1844 3.4161 -0.0400
5.1282 3.4266 -0.0400
5.0651 3.4256 -0.0400
5.0261 3.4582 -0.0400
4.9718 3.4674 -0.0400
4.9224 3.4832 -0.0400
4.8999 3.5431 -0.0400
6.0152 6.1994 -0.0400
5.9596 6.3160 -0.0400
3.5280 4.2703 -0.0400
3.4713 4.2481 -0.0400
3.4154 4.2559 -0.0400
3.3592 4.2617 -0.0400
3.3041 4.2327 -0.0400
3.2485 4.2288 -0.0400
3.1877 4.2970 -0.0400
3.1285 4.3184 -0.0400
3.0705 4.3209 -0.0400
3.0071 4.3636 -0.0400
0.9147 2.3118 -0.0400
0.9166 2.2564 -0.0400
0.8962 2.2122 -0.0400
0.8513 2.1787 -0.0400
-1.5131 1.3613 -0.0400
-1.5179 1.2749 -0.0400
-0.0324 0.7227 -0.0400
-0.0169 0.6632 -0.0400
-1.4724 -0.8758 -0.0400
-1.3972 -0.9444 -0.0400
1.4275 -0.4826 -0.0400
1.5110 -0.4725 -0.0400
1.5569 -0.4901 -0.0400
1.5891 -0.5183 -0.0400
1.6152 -0.5517 -0.0400
1.6287 -0.5968 -0.0400
1.6139 -0.6698 -0.0400
1.8417 -1.8763 -0.0400
1.9014 -1.8878 -0.0400
1.9514 -1.9175 -0.0400
1.9908 -1.9698 -0.0400
3.3923 -4.7603 -0.0400
3.4914 -1.2025 -0.0400
3.5301 -1.1848 -0.0400
3.5689 -1.1780 -0.0400
3.6086 -1.1831 -0.0400
3.6496 -1.1992 -0.0400
3.6863 -1.1722 -0.0400
3.7253 -1.1682 -0.0400
3.7655 -1.1711 -0.0400
3.8080 -1.1862 -0.0400
3.8642 -1.2700 -0.0400
3.9094 -1.2838 -0.0400
5.3924 -4.4327 -0.0400
5.4830 -4.3839 -0.0400
6.6551 -1.3976 -0.0400
6.6558 -1.3102 -0.0400
6.7088 -1.2618 -0.0400
6.6538 0.3001 -0.0400
6.6153 0.3677 -0.0400
6.6058 0.4277 -0.0400
6.6128 0.4841 -0.0400
6.6355 0.5379 -0.0400
6.6797 0.5890 -0.0400
8.4447 0.7817 -0.0400
6.0183 1.3219 -0.0400
5.9940 1.3649 -0.0400
5.9812 1.4089 -0.0400
5.9775 1.4540 -0.0400
6.0117 1.5059 -0.0400
5.2677 3.4162 -0.0400
5.1949 3.4067 -0.0400
5.1376 3.4154 -0.0400
5.0762 3.4167 -0.0400
5.0367 3.4485 -0.0400
4.9854 3.4621 -0.0400
4.9360 3.4780 -0.0400
4.9056 3.5244 -0.0400
6.1328 6.1652 -0.0400
6.0257 6.1781 -0.0400
5.9612 6.2756 -0.0400
5.8913 6.3662 -0.0400
3.4869 4.2566 -0.0400
3.4308 4.2483 -0.0400
3.3749 4.2467 -0.0400
3.3194 4.2329 -0.0400
3.2634 4.2363 -0.0400
3.2053 4.2659 -0.0400
3.1434 4.3250 -0.0400
3.0863 4.3174 -0.0400
1.7132 4.7180 -0.0400
1.6554 4.6748 -0.0400
1.5855 4.6561 -0.0400
0.9131 2.3212 -0.0400
0.9255 2.2603 -0.0400
0.9009 2.2180 -0.0400
0.8614 2.1820 -0.0400
0.7709 2.1665 -0.0400
-1.5231 1.3685 -0.0400
-1.5251 1.2816 -0.0400
-0.0417 0.7245 -0.0400
-1.5426 -0.8007 -0.0400
-1.4256 -0.8547 -0.0400
-1.3993 -0.9427 -0.0400
1.4461 -0.4733 -0.0400
1.5150 -0.4745 -0.0400
1.5629 -0.4907 -0.0400
1.5908 -0.5227 -0.0400
1.6084 -0.5638 -0.0400
1.6098 -0.6204 -0.0400
1.7783 -1.8802 -0.0400
1.8497 -1.8721 -0.0400
1.9068 -1.8886 -0.0400
1.9541 -1.9237 -0.0400
1.9917 -1.9800 -0.0400
3.2919 -4.7810 -0.0400
3.3939 -4.8020 -0.0400
3.4595 -1.2410 -0.0400
3.4985 -1.2016 -0.0400
3.5372 -1.1840 -0.0400
3.5761 -1.1781 -0.0400
3.6170 -1.1995 -0.0400
3.6548 -1.1803 -0.0400
3.6933 -1.1714 -0.0400
3.7324 -1.1689 -0.0400
3.7731 -1.1759 -0.0400
3.8265 -1.2551 -0.0400
3.8719 -1.2753 -0.0400
3.9190 -1.2988 -0.0400
5.3886 -4.4200 -0.0400
5.4980 -4.4220 -0.0400
6.6223 -1.4630 -0.0400
6.6245 -1.3754 -0.0400
6.6594 -1.3141 -0.0400
6.7276 -1.2766 -0.0400
6.6964 0.2859 -0.0400
6.5984 0.3671 -0.0400
6.5999 0.4245 -0.0400
6.6166 0.4788 -0.0400
6.6505 0.5306 -0.0400
6.7217 0.5780 -0.0400
8.4576 0.6842 -0.0400
8.4561 0.7725 -0.0400
6.0911 1.2759 -0.0400
6.0265 1.3162 -0.0400
5.9971 1.3585 -0.0400
5.9817 1.4020 -0.0400
5.9883 1.4485 -0.0400
6.0074 1.4978 -0.0400
6.0699 1.5563 -0.0400
5.2625 3.3871 -0.0400
5.2079 3.4009 -0.0400
5.1429 3.3992 -0.0400
5.0897 3.4117 -0.0400
5.0481 3.4403 -0.0400
4.9958 3.4524 -0.0400
4.9472 3.4692 -0.0400
4.9151 3.5127 -0.0400
6.1532 6.1636 -0.0400
6.0407 6.1661 -0.0400
5.9639 6.2378 -0.0400
3.3899 4.2720 -0.0400
3.3347 4.2365 -0.0400
3.2791 4.2311 -0.0400
3.2183 4.3004 -0.0400
3.1591 4.3224 -0.0400
3.1007 4.3284 -0.0400
3.0343 4.3951 -0.0400
1.7633 4.8175 -0.0400
1.7221 4.7350 -0.0400
1.6691 4.6814 -0.0400
1.6002 4.6606 -0.0400
0.9412 2.3161 -0.0400
0.9281 2.2679 -0.0400
0.9043 2.2249 -0.0400
0.8668 2.1879 -0.0400
-1.5557 1.4659 -0.0400
-1.5145 1.3752 -0.0400
-1.5248 1.2885 -0.0400
-0.0806 0.7863 -0.0400
-0.0243 0.7294 -0.0400
-0.0464 0.6656 -0.0400
-1.4276 -0.8522 -0.0400
1.4765 -0.4544 -0.0400
1.5293 -0.4679 -0.0400
1.5658 -0.4934 -0.0400
1.5924 -0.5267 -0.0400
1.6097 -0.5681 -0.0400
1.5889 -0.6451 -0.0400
1.7964 -1.8579 -0.0400
1.8588 -1.8656 -0.0400
1.9076 -1.8977 -0.0400
1.9557 -1.9315 -0.0400
1.9812 -2.0134 -0.0400
3.2934 -4.7989 -0.0400
3.3961 -4.7610 -0.0400
3.4664 -1.2031 -0.0400
3.5054 -1.1854 -0.0400
3.5443 -1.1798 -0.0400
3.5838 -1.1867 -0.0400
3.6241 -1.1984 -0.0400
3.6619 -1.1793 -0.0400
3.7003 -1.1708 -0.0400
3.7415 -1.1836 -0.0400
3.7844 -1.2039 -0.0400
3.8360 -1.2704 -0.0400
3.8793 -1.2781 -0.0400
3.9288 -1.3135 -0.0400
5.3922 -4.4274 -0.0400
5.5111 -4.4546 -0.0400
6.6089 -1.4528 -0.0400
6.6209 -1.3732 -0.0400
6.6578 -1.3135 -0.0400
6.6296 0.2980 -0.0400
6.6039 0.3622 -0.0400
6.5997 0.4207 -0.0400
6.6105 0.4759 -0.0400
6.6782 0.5219 -0.0400
8.4414 0.7654 -0.0400
6.0079 1.3083 -0.0400
5.9889 1.3514 -0.0400
5.9809 1.3955 -0.0400
5.9840 1.4413 -0.0400
5.9990 1.4895 -0.0400
6.0443 1.5442 -0.0400
5.2781 3.3852 -0.0400
5.2155 3.3885 -0.0400
5.1609 3.4008 -0.0400
5.0981 3.3999 -0.0400
5.0554 3.4266 -0.0400
5.0036 3.4391 -0.0400
4.9567 3.4583 -0.0400
4.9284 3.5077 -0.0400
6.1644 6.1451 -0.0400
6.0549 6.1530 -0.0400
6.0093 6.2880 -0.0400
3.2367 4.2593 -0.0400
3.1740 4.3309 -0.0400
3.1172 4.3204 -0.0400
1.7404 4.7328 -0.0400
1.6826 4.6891 -0.0400
1.6072 4.6810 -0.0400
1.5147 4.7030 -0.0400
0.9465 2.3231 -0.0400
0.9311 2.2758 -0.0400
0.9062 2.2332 -0.0400
0.8208 2.2172 -0.0400
-1.5176 1.3831 -0.0400
-0.0360 0.7321 -0.0400
-1.4413 -0.8537 -0.0400
1.4856 -0.4515 -0.0400
1.5351 -0.4676 -0.0400
1.5679 -0.4962 -0.0400
1.5892 -0.5341 -0.0400
1.5984 -0.5831 -0.0400
1.5702 -0.6672 -0.0400
1.8100 -1.8430 -0.0400
1.8648 -1.8643 -0.0400
1.9120 -1.8994 -0.0400
1.9527 -1.9482 -0.0400
3.2965 -4.7536 -0.0400
3.4337 -1.2566 -0.0400
3.4737 -1.2051 -0.0400
3.5127 -1.1859 -0.0400
3.5516 -1.1793 -0.0400
3.5920 -1.2017 -0.0400
3.6301 -1.1823 -0.0400
3.6687 -1.1742 -0.0400
3.7079 -1.1730 -0.0400
3.7487 -1.1835 -0.0400
3.7919 -1.2059 -0.0400
3.8429 -1.2697 -0.0400
3.8968 -1.3353 -0.0400
5.4047 -4.4590 -0.0400
6.5872 -1.4353 -0.0400
6.6138 -1.3676 -0.0400
6.6618 -1.3166 -0.0400
6.5968 0.3028 -0.0400
6.5893 0.3623 -0.0400
6.5965 0.4180 -0.0400
6.6180 0.4711 -0.0400
6.6577 0.5215 -0.0400
6.7551 0.5646 -0.0400
8.4429 0.6702 -0.0400
8.4690 0.7564 -0.0400
6.0675 1.2627 -0.0400
6.0169 1.3037 -0.0400
5.9925 1.3462 -0.0400
5.9806 1.3897 -0.0400
5.9968 1.4372 -0.0400
6.0300 1.4885 -0.0400
7.9270 3.0142 -0.0400
7.9069 3.0990 -0.0400
5.1087 3.3918 -0.0400
5.0686 3.4220 -0.0400
5.0198 3.4391 -0.0400
4.9679 3.4505 -0.0400
4.9307 3.4849 -0.0400
6.1672 6.1115 -0.0400
6.0701 6.1424 -0.0400
6.0254 6.2787 -0.0400
3.0684 4.3740 -0.0400
1.7557 4.7374 -0.0400
1.6967 4.6960 -0.0400
1.6296 4.6715 -0.0400
2.5652 2.2947 -0.0400
0.7996 2.2362 -0.0400
-1.5330 1.4806 -0.0400
-1.5201 1.3916 -0.0400
-1.5342 1.3047 -0.0400
-0.0516 0.7972 -0.0400
-0.0286 0.7372 -0.0400
-1.4695 -0.7615 -0.0400
-1.4538 -0.8541 -0.0400
1.4212 -0.4479 -0.0400
1.5001 -0.4439 -0.0400
1.5413 -0.4664 -0.0400
1.5690 -0.4992 -0.0400
1.5876 -0.5396 -0.0400
1.5885 -0.5960 -0.0400
1.7516 -1.8354 -0.0400
1.8145 -1.8439 -0.0400
1.8654 -1.8722 -0.0400
1.9158 -1.9016 -0.0400
3.4001 -1.2727 -0.0400
3.4415 -1.2073 -0.0400
3.4809 -1.1874 -0.0400
3.5199 -1.1802 -0.0400
3.5592 -1.1862 -0.0400
3.5994 -1.2032 -0.0400
3.6375 -1.1827 -0.0400
3.6759 -1.1735 -0.0400
3.7167 -1.1866 -0.0400
3.7593 -1.2092 -0.0400
3.8092 -1.2749 -0.0400
3.8526 -1.2850 -0.0400
3.9039 -1.3357 -0.0400
5.2980 -4.4579 -0.0400
5.4069 -4.4612 -0.0400
6.5847 -1.4324 -0.0400
6.6097 -1.3637 -0.0400
6.6787 -1.3285 -0.0400
6.6365 0.2320 -0.0400
6.5997 0.2997 -0.0400
6.5898 0.3596 -0.0400
6.5947 0.4157 -0.0400
6.6360 0.4649 -0.0400
6.7030 0.5109 -0.0400
6.0350 1.2553 -0.0400
6.0028 1.2975 -0.0400
5.9869 1.3405 -0.0400
5.9818 1.3846 -0.0400
5.9884 1.4305 -0.0400
6.0105 1.4795 -0.0400
7.9339 3.0046 -0.0400
7.9249 3.0943 -0.0400
4.9780 3.4416 -0.0400
4.9490 3.4894 -0.0400
6.2011 6.1364 -0.0400
6.0858 6.1333 -0.0400
6.0237 6.2336 -0.0400
1.8154 4.8184 -0.0400
1.7696 4.7459 -0.0400
1.7109 4.7036 -0.0400
1.6433 4.6797 -0.0400
2.5762 2.2538 -0.0400
2.5627 2.2282 -0.0400
2.5510 2.2011 -0.0400
-1.5161 1.4003 -0.0400
-0.0347 0.8035 -0.0400
-0.0502 0.7403 -0.0400
-1.4746 -0.7582 -0.0400
-1.4584 -0.8509 -0.0400
1.4351 -0.4403 -0.0400
1.5058 -0.4424 -0.0400
1.5430 -0.4681 -0.0400
1.5686 -0.5028 -0.0400
1.5795 -0.5499 -0.0400
1.5527 -0.6311 -0.0400
1.7626 -1.8245 -0.0400
1.8205 -1.8413 -0.0400
1.8681 -1.8757 -0.0400
1.9110 -1.9196 -0.0400
3.1974 -4.7803 -0.0400
3.2999 -4.7705 -0.0400
3.4488 -1.2097 -0.0400
3.4882 -1.1883 -0.0400
3.5274 -1.1863 -0.0400
3.5673 -1.2047 -0.0400
3.6058 -1.1861 -0.0400
3.6443 -1.1762 -0.0400
3.6834 -1.1746 -0.0400
3.7238 -1.1841 -0.0400
3.7660 -1.2045 -0.0400
3.8162 -1.2735 -0.0400
3.8677 -1.3338 -0.0400
5.3000 -4.4588 -0.0400
5.4087 -4.4620 -0.0400
6.5849 -1.5214 -0.0400
6.5740 -1.4224 -0.0400
6.6114 -1.3637 -0.0400
6.6877 -1.3341 -0.0400
6.6333 0.2312 -0.0400
6.5987 0.2982 -0.0400
6.5816 0.3595 -0.0400
6.5986 0.4128 -0.0400
6.6296 0.4638 -0.0400
6.6859 0.5112 -0.0400
8.4300 0.6585 -0.0400
6.0555 1.2528 -0.0400
6.0117 1.2941 -0.0400
5.9894 1.3363 -0.0400
5.9875 1.3807 -0.0400
6.0019 1.4276 -0.0400
6.0455 1.4802 -0.0400
7.9380 2.9943 -0.0400
6.1885 6.0755 -0.0400
6.0978 6.1176 -0.0400
6.0537 6.2537 -0.0400
3.6061 4.2780 -0.0400
3.5489 4.2491 -0.0400
3.4929 4.2528 -0.0400
1.8819 4.8747 -0.0400
1.8411 4.7873 -0.0400
1.7838 4.7408 -0.0400
1.7025 4.7457 -0.0400
2.5925 2.2894 -0.0400
2.5899 2.2482 -0.0400
2.5739 2.2262 -0.0400
2.5564 2.2063 -0.0400
2.5350 2.1915 -0.0400
2.5070 2.1842 -0.0400
-1.5096 1.5823 -0.0400
-1.5177 1.4947 -0.0400
-0.0536 0.8682 -0.0400
-0.0426 0.8068 -0.0400
-1.5216 -0.6729 -0.0400
1.3761 -0.3744 -0.0400
1.4359 -0.3869 -0.0400
1.4779 -0.4105 -0.0400
1.5143 -0.4374 -0.0400
1.5379 -0.4738 -0.0400
1.5424 -0.5260 -0.0400
1.6459 -1.7932 -0.0400
1.7132 -1.7974 -0.0400
1.7732 -1.8113 -0.0400
1.8189 -1.8490 -0.0400
1.8520 -1.9102 -0.0400
3.0984 -4.7465 -0.0400
3.3745 -1.2086 -0.0400
3.4147 -1.1881 -0.0400
3.4540 -1.1808 -0.0400
3.4931 -1.1865 -0.0400
3.5326 -1.2039 -0.0400
3.5715 -1.1890 -0.0400
3.6103 -1.1796 -0.0400
3.6502 -1.1888 -0.0400
3.6914 -1.2087 -0.0400
3.7388 -1.2770 -0.0400
3.7819 -1.2913 -0.0400
3.8289 -1.3281 -0.0400
5.2045 -4.4896 -0.0400
6.5282 -1.5643 -0.0400
6.5265 -1.4716 -0.0400
6.5775 -1.4239 -0.0400
6.6009 0.1803 -0.0400
6.5570 0.2502 -0.0400
6.5644 0.3056 -0.0400
6.5826 0.3583 -0.0400
6.6136 0.4087 -0.0400
8.4420 0.5664 -0.0400
6.0912 1.1616 -0.0400
6.0269 1.2035 -0.0400
5.9992 1.2460 -0.0400
5.9861 1.2891 -0.0400
5.9838 1.3331 -0.0400
5.9931 1.3786 -0.0400
6.0209 1.4275 -0.0400
7.9933 2.9176 -0.0400
6.1511 6.1950 -0.0400
3.6156 4.2577 -0.0400
3.5591 4.2455 -0.0400
3.5032 4.2545 -0.0400
3.4473 4.2372 -0.0400
3.3915 4.2390 -0.0400
1.8623 4.7799 -0.0400
1.7979 4.7494 -0.0400
1.7222 4.7426 -0.0400
1.6071 4.8120 -0.0400
2.6016 2.2970 -0.0400
2.5923 2.2645 -0.0400
2.5830 2.2332 -0.0400
2.5647 2.2143 -0.0400
2.5424 2.2004 -0.0400
2.5184 2.1881 -0.0400
2.4798 2.1920 -0.0400
2.4393 2.1965 -0.0400
2.3938 2.2047 -0.0400
-1.5177 1.5934 -0.0400
-1.5245 1.5054 -0.0400
-0.0968 0.9353 -0.0400
-0.0436 0.8750 -0.0400
-0.0768 0.8106 -0.0400
-1.5881 -0.5906 -0.0400
-1.5145 -0.6642 -0.0400
1.4483 -0.3795 -0.0400
1.4847 -0.4071 -0.0400
1.5122 -0.4409 -0.0400
1.5302 -0.4819 -0.0400
1.5417 -0.5287 -0.0400
1.6594 -1.7778 -0.0400
1.7252 -1.7840 -0.0400
1.7725 -1.8188 -0.0400
1.8182 -1.8569 -0.0400
1.8576 -1.9071 -0.0400
3.3376 -1.2720 -0.0400
3.3817 -1.2069 -0.0400
3.4219 -1.1879 -0.0400
3.4612 -1.1862 -0.0400
3.5004 -1.2035 -0.0400
3.5396 -1.1903 -0.0400
3.5785 -1.1805 -0.0400
3.6176 -1.1787 -0.0400
3.6573 -1.1866 -0.0400
3.6985 -1.2062 -0.0400
3.7477 -1.2932 -0.0400
3.7933 -1.3252 -0.0400
5.1113 -4.5262 -0.0400
5.2176 -4.5259 -0.0400
6.5073 -1.5436 -0.0400
6.5230 -1.4661 -0.0400
6.5780 -1.4219 -0.0400
6.6296 0.1122 -0.0400
6.5808 0.1854 -0.0400
6.5527 0.2507 -0.0400
6.5632 0.3051 -0.0400
6.5837 0.3571 -0.0400
6.6620 0.3974 -0.0400
8.4192 0.4765 -0.0400
8.4255 0.5631 -0.0400
6.0409 1.2014 -0.0400
5.9911 1.2423 -0.0400
5.9849 1.2857 -0.0400
5.9902 1.3303 -0.0400
6.0084 1.3769 -0.0400
6.0628 1.4298 -0.0400
8.0041 2.8195 -0.0400
7.9843 2.9030 -0.0400
3.6884 4.2785 -0.0400
3.6305 4.2464 -0.0400
3.5745 4.2481 -0.0400
3.5188 4.2794 -0.0400
3.4627 4.2427 -0.0400
3.4070 4.2355 -0.0400
3.3486 4.2928 -0.0400
3.2891 4.3337 -0.0400
3.2311 4.3378 -0.0400
1.9194 4.8713 -0.0400
1.8739 4.7948 -0.0400
1.8138 4.7545 -0.0400
1.7428 4.7378 -0.0400
2.6076 2.3092 -0.0400
2.6001 2.2741 -0.0400
2.5866 2.2479 -0.0400
2.5734 2.2222 -0.0400
2.5528 2.2061 -0.0400
2.5255 2.1977 -0.0400
2.4967 2.1904 -0.0400
2.4215 2.2328 -0.0400
2.4020 2.2126 -0.0400
2.3766 2.1984 -0.0400
2.3513 2.1838 -0.0400
2.3110 2.1830 -0.0400
-1.5029 1.6027 -0.0400
-1.5161 1.5153 -0.0400
-0.0494 0.8816 -0.0400
1.3692 -0.3804 -0.0400
1.4538 -0.3763 -0.0400
1.4871 -0.4063 -0.0400
1.5137 -0.4409 -0.0400
1.5204 -0.4909 -0.0400
1.5202 -0.5476 -0.0400
1.6648 -1.7743 -0.0400
1.7281 -1.7846 -0.0400
1.7742 -1.8217 -0.0400
1.8162 -1.8665 -0.0400
3.3464 -1.2441 -0.0400
3.3898 -1.1850 -0.0400
3.4292 -1.1801 -0.0400
3.4683 -1.1869 -0.0400
3.5075 -1.2049 -0.0400
3.5467 -1.1896 -0.0400
3.5857 -1.1800 -0.0400
3.6253 -1.1880 -0.0400
3.6661 -1.2077 -0.0400
3.7102 -1.2568 -0.0400
3.7547 -1.2909 -0.0400
3.7996 -1.3181 -0.0400
5.1213 -4.5539 -0.0400
6.4870 -1.5228 -0.0400
6.5267 -1.4661 -0.0400
6.6248 -1.4566 -0.0400
6.5784 0.1277 -0.0400
6.5598 0.1913 -0.0400
6.5563 0.2497 -0.0400
6.5640 0.3046 -0.0400
6.5889 0.3555 -0.0400
6.6839 0.3922 -0.0400
8.4169 0.4726 -0.0400
8.4208 0.5592 -0.0400
6.0588 1.1552 -0.0400
6.0151 1.1975 -0.0400
5.9937 1.2400 -0.0400
5.9840 1.2829 -0.0400
5.9846 1.3268 -0.0400
6.0362 1.3774 -0.0400
8.0228 2.8170 -0.0400
3.6460 4.2544 -0.0400
3.5897 4.2436 -0.0400
3.5339 4.2568 -0.0400
3.4781 4.2365 -0.0400
3.4223 4.2370 -0.0400
3.3656 4.2580 -0.0400
3.3042 4.3425 -0.0400
3.2473 4.3302 -0.0400
1.8928 4.7931 -0.0400
1.8270 4.7657 -0.0400
1.7482 4.7651 -0.0400
2.6072 2.3310 -0.0400
2.6052 2.2876 -0.0400
2.5938 2.2585 -0.0400
2.5821 2.2305 -0.0400
2.5618 2.2139 -0.0400
2.5394 2.1997 -0.0400
2.5049 2.1989 -0.0400
2.4699 2.1975 -0.0400
2.4093 2.2219 -0.0400
2.3871 2.2044 -0.0400
2.3550 2.1964 -0.0400
2.3244 2.1861 -0.0400
2.2669 2.1997 -0.0400
2.1024 2.3054 -0.0400
-1.5070 1.7037 -0.0400
-1.5015 1.6139 -0.0400
-1.5141 1.5263 -0.0400
-0.0634 0.9512 -0.0400
-0.0479 0.8892 -0.0400
-1.5647 -0.5682 -0.0400
-1.5324 -0.6559 -0.0400
1.4141 -0.3500 -0.0400
1.4555 -0.3752 -0.0400
1.4871 -0.4065 -0.0400
1.5117 -0.4428 -0.0400
1.5096 -0.4999 -0.0400
1.4912 -0.5717 -0.0400
1.5854 -1.7898 -0.0400
1.6747 -1.7632 -0.0400
1.7296 -1.7866 -0.0400
1.7758 -1.8239 -0.0400
1.8162 -1.8717 -0.0400
2.9986 -4.7737 -0.0400
3.3567 -1.1939 -0.0400
3.3968 -1.1823 -0.0400
3.4362 -1.1805 -0.0400
3.4752 -1.1890 -0.0400
3.5145 -1.1877 -0.0400
3.5536 -1.1804 -0.0400
3.5928 -1.1801 -0.0400
3.6325 -1.1886 -0.0400
3.6732 -1.2077 -0.0400
3.7205 -1.2937 -0.0400
3.7647 -1.3191 -0.0400
5.1134 -4.5192 -0.0400
5.2241 -4.5341 -0.0400
6.5031 -1.6259 -0.0400
6.4828 -1.5154 -0.0400
6.5383 -1.4722 -0.0400
6.6168 -1.4470 -0.0400
6.5773 0.1288 -0.0400
6.5425 0.1968 -0.0400
6.5485 0.2522 -0.0400
6.5699 0.3034 -0.0400
6.6016 0.3527 -0.0400
6.6504 0.3990 -0.0400
8.4067 0.4702 -0.0400
6.0725 1.1541 -0.0400
5.9988 1.1948 -0.0400
5.9872 1.2376 -0.0400
5.9854 1.2809 -0.0400
5.9939 1.3255 -0.0400
6.0179 1.3725 -0.0400
8.0084 2.8021 -0.0400
8.0140 2.8955 -0.0400
3.6606 4.2422 -0.0400
3.6049 4.2474 -0.0400
3.5493 4.2730 -0.0400
3.4932 4.2410 -0.0400
3.4376 4.2346 -0.0400
3.3798 4.2858 -0.0400
3.3201 4.3360 -0.0400
3.2624 4.3366 -0.0400
3.2010 4.3734 -0.0400
1.9036 4.8105 -0.0400
1.8440 4.7687 -0.0400
1.7728 4.7525 -0.0400
2.6070 2.3060 -0.0400
2.6069 2.2617 -0.0400
2.5902 2.2400 -0.0400
2.5711 2.2217 -0.0400
2.5492 2.2068 -0.0400
2.5158 2.2048 -0.0400
2.4811 2.2030 -0.0400
2.4169 2.2313 -0.0400
2.3947 2.2136 -0.0400
2.3693 2.1989 -0.0400
2.3285 2.1985 -0.0400
2.2903 2.1942 -0.0400
0.1406 4.0583 -0.0400
-1.4958 1.7144 -0.0400
-1.5034 1.6260 -0.0400
-1.5170 1.5383 -0.0400
-0.0784 0.9590 -0.0400
-0.0471 0.8972 -0.0400
-1.6739 -0.4949 -0.0400
-1.5525 -0.5561 -0.0400
1.3480 -0.3387 -0.0400
1.4128 -0.3500 -0.0400
1.4547 -0.3751 -0.0400
1.4863 -0.4067 -0.0400
1.4991 -0.4520 -0.0400
1.5019 -0.5058 -0.0400
1.5900 -1.7858 -0.0400
1.6775 -1.7622 -0.0400
1.7287 -1.7917 -0.0400
1.7751 -1.8291 -0.0400
1.7961 -1.9104 -0.0400
3.3227 -1.2036 -0.0400
3.3638 -1.1865 -0.0400
3.4036 -1.1802 -0.0400
3.4428 -1.1826 -0.0400
3.4818 -1.1975 -0.0400
3.5214 -1.1850 -0.0400
3.5606 -1.1801 -0.0400
3.5998 -1.1809 -0.0400
3.6407 -1.2125 -0.0400
3.6844 -1.2688 -0.0400
3.7275 -1.2942 -0.0400
3.7718 -1.3203 -0.0400
5.0175 -4.5461 -0.0400
5.1250 -4.5527 -0.0400
6.4508 -1.5746 -0.0400
6.4835 -1.5117 -0.0400
6.5484 -1.4767 -0.0400
6.5621 0.1346 -0.0400
6.5389 0.1990 -0.0400
6.5470 0.2536 -0.0400
6.5689 0.3045 -0.0400
6.6307 0.3466 -0.0400
6.7304 0.3824 -0.0400
8.3972 0.4682 -0.0400
6.0793 1.1085 -0.0400
6.0252 1.1513 -0.0400
5.9998 1.1937 -0.0400
5.9870 1.2362 -0.0400
5.9830 1.2792 -0.0400
6.0124 1.3257 -0.0400
6.0641 1.3763 -0.0400
8.0195 2.7978 -0.0400
3.7331 4.2689 -0.0400
3.6755 4.2423 -0.0400
3.6197 4.2429 -0.0400
3.5643 4.2677 -0.0400
3.5083 4.2347 -0.0400
3.4527 4.2368 -0.0400
3.3961 4.2590 -0.0400
3.3351 4.3421 -0.0400
3.2783 4.3309 -0.0400
2.6212 2.3547 -0.0400
2.6230 2.3056 -0.0400
2.6125 2.2749 -0.0400
2.5976 2.2507 -0.0400
2.5800 2.2303 -0.0400
2.5562 2.2176 -0.0400
2.5285 2.2089 -0.0400
2.4954 2.2055 -0.0400
2.4469 2.2174 -0.0400
2.4031 2.2225 -0.0400
2.3778 2.2075 -0.0400
2.3492 2.1954 -0.0400
2.2963 2.2051 -0.0400
2.1315 2.3119 -0.0400
-0.0888 0.9675 -0.0400
-0.0708 0.9048 -0.0400
-1.5630 -0.5505 -0.0400
-1.5582 -0.6476 -0.0400
1.3308 -0.3479 -0.0400
1.4075 -0.3520 -0.0400
1.4592 -0.3707 -0.0400
1.4827 -0.4082 -0.0400
1.4978 -0.4521 -0.0400
1.4991 -0.5072 -0.0400
1.6100 -1.7584 -0.0400
1.6802 -1.7606 -0.0400
1.7266 -1.7979 -0.0400
1.7749 -1.8325 -0.0400
2.8979 -4.7690 -0.0400
3.3282 -1.2126 -0.0400
3.3707 -1.1802 -0.0400
3.4102 -1.1790 -0.0400
3.4486 -1.2021 -0.0400
3.4885 -1.1907 -0.0400
3.5280 -1.1821 -0.0400
3.5673 -1.1797 -0.0400
3.6072 -1.1983 -0.0400
3.6480 -1.2226 -0.0400
3.6924 -1.2873 -0.0400
3.7345 -1.2967 -0.0400
5.0231 -4.5594 -0.0400
5.1232 -4.5393 -0.0400
6.4409 -1.5609 -0.0400
6.4866 -1.5099 -0.0400
6.5502 -1.4739 -0.0400
6.5932 0.0680 -0.0400
6.5414 0.1427 -0.0400
6.5335 0.2022 -0.0400
6.5456 0.2554 -0.0400
6.5733 0.3047 -0.0400
6.6393 0.3456 -0.0400
8.3898 0.3802 -0.0400
8.4034 0.4649 -0.0400
6.0701 1.1080 -0.0400
6.0227 1.1507 -0.0400
5.9987 1.1930 -0.0400
5.9851 1.2353 -0.0400
5.9907 1.2789 -0.0400
6.0071 1.3240 -0.0400
6.0483 1.3728 -0.0400
8.0165 2.7886 -0.0400
3.7477 4.2675 -0.0400
3.6902 4.2413 -0.0400
3.6344 4.2402 -0.0400
3.5789 4.2510 -0.0400
3.5232 4.2336 -0.0400
3.4677 4.2344 -0.0400
3.4115 4.2507 -0.0400
3.3508 4.3349 -0.0400
3.2929 4.3394 -0.0400
3.2311 4.3838 -0.0400
2.6186 2.3331 -0.0400
2.6157 2.2915 -0.0400
2.6085 2.2572 -0.0400
2.5897 2.2384 -0.0400
2.5676 2.2234 -0.0400
2.5422 2.2121 -0.0400
2.5117 2.2060 -0.0400
2.4340 2.2493 -0.0400
2.4123 2.2308 -0.0400
2.3878 2.2150 -0.0400
2.3599 2.2023 -0.0400
2.3073 2.2116 -0.0400
2.2337 2.2376 -0.0400
-0.0515 0.9778 -0.0400
-0.0701 0.9140 -0.0400
-1.6344 -0.4643 -0.0400
-1.5625 -0.5409 -0.0400
1.3728 -0.3186 -0.0400
1.4220 -0.3402 -0.0400
1.4568 -0.3704 -0.0400
1.4820 -0.4069 -0.0400
1.4982 -0.4502 -0.0400
1.6138 -1.7541 -0.0400
1.6805 -1.7616 -0.0400
1.7262 -1.8004 -0.0400
1.7694 -1.8437 -0.0400
3.2944 -1.2082 -0.0400
3.3363 -1.1898 -0.0400
3.3771 -1.1769 -0.0400
3.4162 -1.1836 -0.0400
3.4551 -1.1963 -0.0400
3.4951 -1.1837 -0.0400
3.5345 -1.1798 -0.0400
3.5740 -1.1888 -0.0400
3.6140 -1.2065 -0.0400
3.6554 -1.2402 -0.0400
3.6991 -1.2891 -0.0400
3.7458 -1.3529 -0.0400
4.9316 -4.6061 -0.0400
5.0225 -4.5499 -0.0400
5.1377 -4.5840 -0.0400
6.4346 -1.6436 -0.0400
6.4479 -1.5621 -0.0400
6.4990 -1.5158 -0.0400
6.5941 -1.5062 -0.0400
6.5662 0.0791 -0.0400
6.5350 0.1469 -0.0400
6.5324 0.2046 -0.0400
6.5484 0.2566 -0.0400
6.5864 0.3032 -0.0400
6.6773 0.3383 -0.0400
8.3889 0.3784 -0.0400
6.0517 1.1079 -0.0400
6.0152 1.1505 -0.0400
5.9869 1.1923 -0.0400
5.9844 1.2350 -0.0400
5.9903 1.2784 -0.0400
6.0063 1.3232 -0.0400
8.0429 2.7017 -0.0400
8.0293 2.7861 -0.0400
5.3898 3.2679 -0.0400
3.7045 4.2382 -0.0400
3.6489 4.2394 -0.0400
3.5935 4.2498 -0.0400
3.5379 4.2321 -0.0400
3.4825 4.2327 -0.0400
3.4250 4.2863 -0.0400
3.3657 4.3362 -0.0400
3.3083 4.3358 -0.0400
3.2484 4.3611 -0.0400
2.6349 2.3327 -0.0400
2.6282 2.2962 -0.0400
2.6149 2.2697 -0.0400
2.5982 2.2479 -0.0400
2.5787 2.2299 -0.0400
2.5483 2.2244 -0.0400
2.5147 2.2215 -0.0400
2.4635 2.2364 -0.0400
2.4222 2.2388 -0.0400
2.3990 2.2216 -0.0400
2.3610 2.2185 -0.0400
2.3233 2.2138 -0.0400
2.2708 2.2213 -0.0400
1.0019 2.5323 -0.0400
1.0143 2.4667 -0.0400
-0.0523 0.9877 -0.0400
-0.0812 0.9232 -0.0400
-1.7095 -0.4761 -0.0400
-1.5628 -0.5309 -0.0400
1.3551 -0.3267 -0.0400
1.4279 -0.3334 -0.0400
1.4556 -0.3685 -0.0400
1.4735 -0.4105 -0.0400
1.4796 -0.4617 -0.0400
1.4502 -0.5411 -0.0400
1.5590 -1.7279 -0.0400
1.6256 -1.7372 -0.0400
1.6797 -1.7636 -0.0400
1.7253 -1.8027 -0.0400
1.7653 -1.8516 -0.0400
3.3011 -1.1987 -0.0400
3.3433 -1.1770 -0.0400
3.3830 -1.1771 -0.0400
3.4215 -1.1947 -0.0400
3.4613 -1.1937 -0.0400
3.5013 -1.1791 -0.0400
3.5408 -1.1796 -0.0400
3.5802 -1.1841 -0.0400
3.6208 -1.2242 -0.0400
3.6637 -1.2830 -0.0400
3.7074 -1.3204 -0.0400
5.0222 -4.5418 -0.0400
5.1325 -4.5592 -0.0400
6.4218 -1.6260 -0.0400
6.4462 -1.5551 -0.0400
6.5153 -1.5248 -0.0400
6.5340 0.0925 -0.0400
6.5238 0.1531 -0.0400
6.5303 0.2078 -0.0400
6.5514 0.2582 -0.0400
6.5927 0.3038 -0.0400
6.6875 0.3378 -0.0400
8.3803 0.3782 -0.0400
6.0305 1.1083 -0.0400
6.0049 1.1508 -0.0400
5.9850 1.1927 -0.0400
5.9851 1.2354 -0.0400
5.9926 1.2787 -0.0400
6.0572 1.3284 -0.0400
8.0607 2.7016 -0.0400
8.0194 2.7756 -0.0400
5.3931 3.2582 -0.0400
5.3346 3.2655 -0.0400
5.2770 3.2720 -0.0400
5.2303 3.2912 -0.0400
3.7774 4.2832 -0.0400
3.7191 4.2462 -0.0400
3.6632 4.2407 -0.0400
3.6082 4.2666 -0.0400
3.5523 4.2305 -0.0400
3.4970 4.2319 -0.0400
3.4397 4.2836 -0.0400
3.3806 4.3363 -0.0400
3.3234 4.3343 -0.0400
2.0011 4.8949 -0.0400
2.6261 2.3205 -0.0400
2.6257 2.2767 -0.0400
2.6085 2.2556 -0.0400
2.5878 2.2389 -0.0400
2.5637 2.2261 -0.0400
2.5345 2.2186 -0.0400
2.4978 2.2184 -0.0400
2.4297 2.2493 -0.0400
2.4048 2.2338 -0.0400
2.3756 2.2220 -0.0400
2.3407 2.2150 -0.0400
2.2970 2.2149 -0.0400
1.0272 2.5334 -0.0400
1.0178 2.4801 -0.0400
0.9959 2.4341 -0.0400
0.9597 2.3954 -0.0400
-1.6017 -0.4336 -0.0400
-1.5851 -0.5272 -0.0400
1.2956 -0.3055 -0.0400
1.3770 -0.3091 -0.0400
1.4216 -0.3340 -0.0400
1.4532 -0.3668 -0.0400
1.4748 -0.4064 -0.0400
1.4490 -0.4812 -0.0400
1.5348 -1.7607 -0.0400
1.6276 -1.7338 -0.0400
1.6751 -1.7702 -0.0400
1.7163 -1.8168 -0.0400
3.2616 -1.2323 -0.0400
3.3079 -1.1861 -0.0400
3.3490 -1.1748 -0.0400
3.3884 -1.1790 -0.0400
3.4267 -1.2018 -0.0400
3.4676 -1.1812 -0.0400
3.5072 -1.1788 -0.0400
3.5467 -1.1839 -0.0400
3.5864 -1.1995 -0.0400
3.6280 -1.2645 -0.0400
3.6703 -1.2943 -0.0400
3.7129 -1.3106 -0.0400
5.0339 -4.5804 -0.0400
6.4013 -1.6008 -0.0400
6.4519 -1.5546 -0.0400
6.5315 -1.5335 -0.0400
6.6050 0.0129 -0.0400
6.5338 0.0958 -0.0400
6.5221 0.1568 -0.0400
6.5301 0.2109 -0.0400
6.5632 0.2578 -0.0400
6.6165 0.3004 -0.0400
8.3797 0.3774 -0.0400
6.1047 1.0661 -0.0400
6.0104 1.1093 -0.0400
5.9941 1.1516 -0.0400
5.9850 1.1937 -0.0400
5.9881 1.2364 -0.0400
5.9985 1.2799 -0.0400
6.0928 1.3323 -0.0400
8.0452 2.6901 -0.0400
8.0553 2.7831 -0.0400
5.3881 3.2396 -0.0400
5.3391 3.2578 -0.0400
5.2821 3.2648 -0.0400
5.2365 3.2852 -0.0400
5.1966 3.3127 -0.0400
5.1454 3.3241 -0.0400
5.1043 3.3490 -0.0400
3.7927 4.3044 -0.0400
3.7324 4.2340 -0.0400
3.6770 4.2343 -0.0400
3.6221 4.2553 -0.0400
3.5665 4.2351 -0.0400
3.5112 4.2323 -0.0400
3.4554 4.2490 -0.0400
3.3953 4.3347 -0.0400
3.3380 4.3350 -0.0400
1.9702 4.8260 -0.0400
1.9028 4.8021 -0.0400
1.8212 4.8082 -0.0400
2.6300 2.2923 -0.0400
2.6155 2.2675 -0.0400
2.5979 2.2469 -0.0400
2.5717 2.2365 -0.0400
2.5410 2.2306 -0.0400
2.5008 2.2340 -0.0400
2.4399 2.2574 -0.0400
2.4171 2.2397 -0.0400
2.3907 2.2253 -0.0400
2.3412 2.2321 -0.0400
2.2828 2.2449 -0.0400
1.0126 2.5577 -0.0400
1.0273 2.4905 -0.0400
1.0041 2.4451 -0.0400
0.9492 2.4158 -0.0400
-1.6161 -0.4264 -0.0400
-1.5754 -0.5129 -0.0400
1.3346 -0.2771 -0.0400
1.3880 -0.2976 -0.0400
1.4241 -0.3281 -0.0400
1.4493 -0.3655 -0.0400
1.4643 -0.4099 -0.0400
1.4638 -0.4665 -0.0400
1.5491 -1.7389 -0.0400
1.6269 -1.7333 -0.0400
1.6724 -1.7731 -0.0400
1.7206 -1.8093 -0.0400
3.2717 -1.1930 -0.0400
3.3142 -1.1750 -0.0400
3.3541 -1.1752 -0.0400
3.3932 -1.1848 -0.0400
3.4327 -1.1909 -0.0400
3.4732 -1.1778 -0.0400
3.5128 -1.1784 -0.0400
3.5523 -1.1886 -0.0400
3.5923 -1.2268 -0.0400
3.6340 -1.2751 -0.0400
3.6768 -1.3123 -0.0400
3.7214 -1.3552 -0.0400
4.9259 -4.5625 -0.0400
5.0354 -4.5806 -0.0400
6.3746 -1.6638 -0.0400
6.4040 -1.5972 -0.0400
6.4561 -1.5524 -0.0400
6.5425 -1.5376 -0.0400
6.5347 0.0413 -0.0400
6.5110 0.1071 -0.0400
6.5187 0.1614 -0.0400
6.5322 0.2137 -0.0400
6.5643 0.2608 -0.0400
6.6237 0.3016 -0.0400
8.3852 0.2899 -0.0400
8.3817 0.3766 -0.0400
6.0802 1.0681 -0.0400
6.0083 1.1111 -0.0400
5.9860 1.1530 -0.0400
5.9823 1.1951 -0.0400
5.9956 1.2382 -0.0400
6.0135 1.2823 -0.0400
6.0497 1.3289 -0.0400
8.0436 2.6843 -0.0400
5.4454 3.2187 -0.0400
5.3940 3.2348 -0.0400
5.3475 3.2558 -0.0400
5.2886 3.2604 -0.0400
5.2439 3.2816 -0.0400
5.2016 3.3056 -0.0400
5.1515 3.3182 -0.0400
5.1114 3.3444 -0.0400
5.1110 3.4311 -0.0400
6.5049 5.9249 -0.0400
3.6360 4.2597 -0.0400
3.5803 4.2266 -0.0400
3.5253 4.2282 -0.0400
3.4691 4.2607 -0.0400
3.4094 4.3392 -0.0400
3.3522 4.3383 -0.0400
3.2925 4.3664 -0.0400
2.0303 4.9122 -0.0400
1.9823 4.8405 -0.0400
1.9208 4.8028 -0.0400
1.8482 4.7901 -0.0400
2.5862 2.2396 -0.0400
2.5601 2.2287 -0.0400
2.5278 2.2240 -0.0400
2.4490 2.2667 -0.0400
2.4252 2.2500 -0.0400
2.3973 2.2370 -0.0400
2.3636 2.2289 -0.0400
2.3204 2.2286 -0.0400
2.1341 2.3512 -0.0400
1.0238 2.5676 -0.0400
1.0250 2.5077 -0.0400
1.0088 2.4583 -0.0400
0.9719 2.4198 -0.0400
-1.6231 -0.4165 -0.0400
1.3055 -0.2894 -0.0400
1.3752 -0.3006 -0.0400
1.4175 -0.3275 -0.0400
1.4413 -0.3661 -0.0400
1.4481 -0.4168 -0.0400
1.4236 -0.4913 -0.0400
1.5720 -1.7044 -0.0400
1.6238 -1.7354 -0.0400
1.6716 -1.7722 -0.0400
1.7153 -1.8155 -0.0400
3.2255 -1.2580 -0.0400
3.2778 -1.1807 -0.0400
3.3192 -1.1723 -0.0400
3.3586 -1.1780 -0.0400
3.3970 -1.1982 -0.0400
3.4384 -1.1800 -0.0400
3.4784 -1.1774 -0.0400
3.5180 -1.1800 -0.0400
3.5575 -1.1987 -0.0400
3.5978 -1.2459 -0.0400
3.6398 -1.2914 -0.0400
3.6827 -1.3212 -0.0400
4.8303 -4.5952 -0.0400
4.9290 -4.5701 -0.0400
5.0396 -4.5919 -0.0400
6.3810 -1.6637 -0.0400
6.4075 -1.5942 -0.0400
6.4976 -1.5843 -0.0400
6.5132 0.0531 -0.0400
6.5127 0.1106 -0.0400
6.5160 0.1662 -0.0400
6.5419 0.2147 -0.0400
6.5952 0.2559 -0.0400
6.6509 0.2980 -0.0400
8.3593 0.2943 -0.0400
8.4263 0.3700 -0.0400
6.0463 1.0707 -0.0400
5.9999 1.1133 -0.0400
5.9837 1.1552 -0.0400
5.9818 1.1971 -0.0400
5.9950 1.2400 -0.0400
6.0467 1.2866 -0.0400
8.0719 2.6017 -0.0400
8.0544 2.6834 -0.0400
5.4584 3.2230 -0.0400
5.4003 3.2313 -0.0400
5.3609 3.2607 -0.0400
5.2869 3.2463 -0.0400
5.2488 3.2757 -0.0400
5.2093 3.3031 -0.0400
5.1578 3.3135 -0.0400
5.1270 3.3531 -0.0400
6.5079 5.9050 -0.0400
6.4360 5.9773 -0.0400
6.3799 6.0799 -0.0400
3.4832 4.2516 -0.0400
3.4237 4.3330 -0.0400
3.3668 4.3324 -0.0400
3.3035 4.4053 -0.0400
2.0247 4.9710 -0.0400
2.0011 4.8387 -0.0400
1.9338 4.8146 -0.0400
1.8538 4.8177 -0.0400
2.4823 2.2509 -0.0400
2.4372 2.2564 -0.0400
2.4128 2.2402 -0.0400
2.3675 2.2432 -0.0400
2.3208 2.2458 -0.0400
1.0266 2.5825 -0.0400
1.0307 2.5208 -0.0400
1.0146 2.4713 -0.0400
0.9753 2.4339 -0.0400
0.9106 2.4083 -0.0400
-1.6066 -0.3992 -0.0400
1.3346 -0.2658 -0.0400
1.3840 -0.2893 -0.0400
1.4181 -0.3215 -0.0400
1.4419 -0.3603 -0.0400
1.4554 -0.4064 -0.0400
1.4507 -0.4663 -0.0400
1.4951 -1.7027 -0.0400
1.5688 -1.7053 -0.0400
1.6210 -1.7361 -0.0400
1.6692 -1.7727 -0.0400
3.2378 -1.2031 -0.0400
3.2824 -1.1778 -0.0400
3.3235 -1.1722 -0.0400
3.3630 -1.1789 -0.0400
3.4025 -1.1863 -0.0400
3.4433 -1.1764 -0.0400
3.4832 -1.1767 -0.0400
3.5227 -1.1878 -0.0400
3.5623 -1.2158 -0.0400
3.6028 -1.2458 -0.0400
3.6450 -1.2993 -0.0400
3.6890 -1.3510 -0.0400
4.9355 -4.5935 -0.0400
6.3436 -1.7169 -0.0400
6.3646 -1.6409 -0.0400
6.4128 -1.5927 -0.0400
6.4922 -1.5731 -0.0400
6.5762 -0.0239 -0.0400
6.5055 0.0604 -0.0400
6.5079 0.1167 -0.0400
6.5177 0.1700 -0.0400
6.5545 0.2151 -0.0400
6.5940 0.2602 -0.0400
8.3605 0.2946 -0.0400
8.4346 0.3691 -0.0400
6.0934 1.0294 -0.0400
6.0162 1.0738 -0.0400
5.9898 1.1160 -0.0400
5.9814 1.1578 -0.0400
5.9832 1.1997 -0.0400
6.0007 1.2427 -0.0400
6.0603 1.2898 -0.0400
8.0710 2.5975 -0.0400
8.0533 2.6789 -0.0400
5.4458 3.1991 -0.0400
5.4023 3.2237 -0.0400
5.3443 3.2301 -0.0400
5.2927 3.2426 -0.0400
5.2529 3.2696 -0.0400
5.2199 3.3054 -0.0400
5.1620 3.3069 -0.0400
5.1311 3.3458 -0.0400
5.1240 3.4217 -0.0400
6.5116 5.8872 -0.0400
6.4555 5.9859 -0.0400
6.3970 6.0842 -0.0400
3.3198 4.3790 -0.0400
2.0676 4.9085 -0.0400
2.0145 4.8493 -0.0400
1.9512 4.8163 -0.0400
1.8775 4.8061 -0.0400
2.3901 2.2401 -0.0400
2.3522 2.2352 -0.0400
2.3011 2.2407 -0.0400
1.0187 2.6040 -0.0400
1.0465 2.5285 -0.0400
1.0219 2.4836 -0.0400
0.9835 2.4458 -0.0400
0.9192 2.4200 -0.0400
-1.6169 -0.3891 -0.0400
1.3133 -0.2719 -0.0400
1.3729 -0.2897 -0.0400
1.4151 -0.3172 -0.0400
1.4323 -0.3606 -0.0400
1.4364 -0.4136 -0.0400
1.4798 -1.7182 -0.0400
1.5630 -1.7087 -0.0400
1.6161 -1.7387 -0.0400
1.6588 -1.7839 -0.0400
3.2431 -1.1918 -0.0400
3.2867 -1.1734 -0.0400
3.3272 -1.1736 -0.0400
3.3659 -1.1891 -0.0400
3.4068 -1.1838 -0.0400
3.4476 -1.1753 -0.0400
3.4875 -1.1770 -0.0400
3.5268 -1.1977 -0.0400
3.5666 -1.2340 -0.0400
3.6076 -1.2938 -0.0400
3.6502 -1.3223 -0.0400
4.8286 -4.5801 -0.0400
4.9405 -4.6115 -0.0400
6.3616 -1.7286 -0.0400
6.3705 -1.6400 -0.0400
6.4385 -1.6106 -0.0400
6.5712 -0.0769 -0.0400
6.5168 0.0034 -0.0400
6.5057 0.0653 -0.0400
6.5017 0.1236 -0.0400
6.5199 0.1740 -0.0400
6.5641 0.2167 -0.0400
6.6130 0.2593 -0.0400
8.3663 0.2085 -0.0400
8.3782 0.2926 -0.0400
6.0466 1.0341 -0.0400
6.0050 1.0773 -0.0400
5.9859 1.1193 -0.0400
5.9808 1.1609 -0.0400
5.9891 1.2029 -0.0400
6.0174 1.2465 -0.0400
8.0699 2.5938 -0.0400
8.0588 2.6774 -0.0400
5.4574 3.2035 -0.0400
5.4068 3.2198 -0.0400
5.3574 3.2365 -0.0400
5.2952 3.2359 -0.0400
5.2620 3.2709 -0.0400
5.2105 3.2817 -0.0400
5.1664 3.3015 -0.0400
5.1332 3.3366 -0.0400
5.1168 3.3978 -0.0400
6.6170 5.8484 -0.0400
6.5221 5.8819 -0.0400
6.4677 5.9828 -0.0400
6.4092 6.0806 -0.0400
2.0778 4.9270 -0.0400
2.0278 4.8598 -0.0400
1.9620 4.8324 -0.0400
1.8773 4.8459 -0.0400
2.6535 2.3709 -0.0400
1.0790 2.6400 -0.0400
1.0727 2.5838 -0.0400
1.0512 2.5371 -0.0400
1.0157 2.4979 -0.0400
1.2377 -0.2020 -0.0400
1.3112 -0.2143 -0.0400
1.3541 -0.2426 -0.0400
1.3848 -0.2777 -0.0400
1.4054 -0.3189 -0.0400
1.4154 -0.3675 -0.0400
1.4561 -1.6443 -0.0400
1.5155 -1.6671 -0.0400
1.5610 -1.7079 -0.0400
1.6072 -1.7481 -0.0400
3.1583 -1.2127 -0.0400
3.2072 -1.1730 -0.0400
3.2485 -1.1710 -0.0400
3.2887 -1.1750 -0.0400
3.3267 -1.1968 -0.0400
3.3694 -1.1785 -0.0400
3.4100 -1.1759 -0.0400
3.4498 -1.1821 -0.0400
3.4889 -1.2039 -0.0400
3.5281 -1.2439 -0.0400
3.5684 -1.2969 -0.0400
3.6106 -1.3534 -0.0400
4.7310 -4.6098 -0.0400
4.8389 -4.6266 -0.0400
6.2796 -1.7377 -0.0400
6.3195 -1.6807 -0.0400
6.3839 -1.6488 -0.0400
6.4733 -0.0344 -0.0400
6.4735 0.0233 -0.0400
6.4843 0.0764 -0.0400
6.5116 0.1236 -0.0400
6.5485 0.1682 -0.0400
8.3295 0.1304 -0.0400
8.3556 0.2114 -0.0400
6.0309 0.9946 -0.0400
5.9871 1.0383 -0.0400
5.9783 1.0801 -0.0400
5.9801 1.1216 -0.0400
5.9924 1.1635 -0.0400
6.0257 1.2067 -0.0400
8.0936 2.5131 -0.0400
8.1077 2.6045 -0.0400
5.5459 3.1495 -0.0400
5.4822 3.1529 -0.0400
5.4432 3.1821 -0.0400
5.3802 3.1830 -0.0400
5.3333 3.2013 -0.0400
5.2971 3.2322 -0.0400
5.2549 3.2552 -0.0400
5.2080 3.2715 -0.0400
5.1861 3.3219 -0.0400
6.7183 5.8098 -0.0400
6.6098 5.8231 -0.0400
6.5481 5.9098 -0.0400
2.1544 4.9584 -0.0400
2.1085 4.8789 -0.0400
2.0395 4.8598 -0.0400
1.9597 4.8647 -0.0400
2.6832 2.3456 -0.0400
2.6704 2.3180 -0.0400
2.6540 2.2956 -0.0400
1.0423 2.6245 -0.0400
1.0509 2.5598 -0.0400
1.0318 2.5116 -0.0400
0.9844 2.4782 -0.0400
-1.4979 1.9541 -0.0400
-1.4798 1.8598 -0.0400
1.3251 -0.2495 -0.0400
1.3722 -0.2753 -0.0400
1.4053 -0.3089 -0.0400
1.4195 -0.3548 -0.0400
1.4182 -0.4121 -0.0400
1.4905 -1.6916 -0.0400
1.5584 -1.7031 -0.0400
1.6081 -1.7387 -0.0400
1.6316 -1.8129 -0.0400
3.2053 -1.2029 -0.0400
3.2519 -1.1727 -0.0400
3.2929 -1.1729 -0.0400
3.3321 -1.1852 -0.0400
3.3729 -1.1858 -0.0400
3.4140 -1.1809 -0.0400
3.4547 -1.1782 -0.0400
3.4944 -1.1895 -0.0400
3.5339 -1.2171 -0.0400
3.5735 -1.2924 -0.0400
3.6156 -1.3097 -0.0400
3.6594 -1.3823 -0.0400
4.7312 -4.6104 -0.0400
4.8346 -4.6057 -0.0400
4.9427 -4.6187 -0.0400
6.3241 -1.6762 -0.0400
6.3820 -1.6378 -0.0400
6.4942 -0.0353 -0.0400
6.4849 0.0263 -0.0400
6.4896 0.0817 -0.0400
6.5043 0.1332 -0.0400
6.5453 0.1761 -0.0400
6.5958 0.2171 -0.0400
8.3475 0.2152 -0.0400
8.3978 0.2920 -0.0400
6.1028 0.9969 -0.0400
6.0144 1.0432 -0.0400
5.9888 1.0856 -0.0400
5.9798 1.1270 -0.0400
5.9828 1.1685 -0.0400
6.0102 1.2110 -0.0400
6.0588 1.2558 -0.0400
8.1168 2.5176 -0.0400
8.0824 2.5931 -0.0400
5.4597 3.1914 -0.0400
5.4124 3.2108 -0.0400
5.3421 3.2015 -0.0400
5.3024 3.2277 -0.0400
5.2714 3.2650 -0.0400
5.2160 3.2699 -0.0400
5.1757 3.2943 -0.0400
5.1468 3.3349 -0.0400
6.6255 5.8215 -0.0400
6.5478 5.8817 -0.0400
6.5074 6.0058 -0.0400
2.1102 4.9324 -0.0400
2.0622 4.8608 -0.0400
1.9935 4.8407 -0.0400
1.9149 4.8418 -0.0400
2.6615 2.3578 -0.0400
2.6559 2.3209 -0.0400
2.6428 2.2944 -0.0400
2.6271 2.2716 -0.0400
2.6033 2.2584 -0.0400
2.5745 2.2502 -0.0400
1.0933 2.6663 -0.0400
1.0874 2.6096 -0.0400
1.0648 2.5634 -0.0400
1.0266 2.5257 -0.0400
0.9578 2.5032 -0.0400
-1.4476 2.0486 -0.0400
-1.4663 1.9603 -0.0400
1.2912 -0.2094 -0.0400
1.3505 -0.2288 -0.0400
1.3754 -0.2677 -0.0400
1.3915 -0.3124 -0.0400
1.3950 -0.3658 -0.0400
1.3574 -1.6546 -0.0400
1.4523 -1.6353 -0.0400
1.5071 -1.6646 -0.0400
1.5543 -1.7038 -0.0400
1.5920 -1.7567 -0.0400
3.1654 -1.1988 -0.0400
3.2128 -1.1690 -0.0400
3.2537 -1.1709 -0.0400
3.2922 -1.1890 -0.0400
3.3345 -1.1796 -0.0400
3.3756 -1.1778 -0.0400
3.4158 -1.1821 -0.0400
3.4548 -1.2056 -0.0400
3.4945 -1.2272 -0.0400
3.5332 -1.2971 -0.0400
3.5750 -1.3260 -0.0400
4.6272 -4.6099 -0.0400
4.7308 -4.6092 -0.0400
6.2491 -1.7916 -0.0400
6.2784 -1.7223 -0.0400
6.3315 -1.6793 -0.0400
6.4203 -1.6714 -0.0400
6.4970 -0.1511 -0.0400
6.4635 -0.0772 -0.0400
6.4596 -0.0174 -0.0400
6.4685 0.0365 -0.0400
6.4994 0.0820 -0.0400
6.5425 0.1238 -0.0400
6.6152 0.1572 -0.0400
8.3589 0.0412 -0.0400
8.3301 0.1341 -0.0400
6.0270 0.9615 -0.0400
5.9892 1.0056 -0.0400
5.9767 1.0475 -0.0400
5.9765 1.0888 -0.0400
5.9856 1.1300 -0.0400
6.0111 1.1720 -0.0400
6.0749 1.2163 -0.0400
8.1288 2.4342 -0.0400
8.1005 2.5115 -0.0400
5.5422 3.1334 -0.0400
5.4856 3.1440 -0.0400
5.4451 3.1708 -0.0400
5.3834 3.1727 -0.0400
5.3388 3.1930 -0.0400
5.3049 3.2259 -0.0400
5.2501 3.2321 -0.0400
5.2174 3.2664 -0.0400
5.2015 3.3244 -0.0400
6.7163 5.7697 -0.0400
6.6295 5.8153 -0.0400
6.5943 5.9442 -0.0400
2.1935 4.9441 -0.0400
2.1362 4.8948 -0.0400
2.0682 4.8737 -0.0400
1.9878 4.8804 -0.0400
2.6953 2.3725 -0.0400
2.6863 2.3395 -0.0400
2.6718 2.3146 -0.0400
2.6543 2.2940 -0.0400
2.6338 2.2770 -0.0400
2.6094 2.2645 -0.0400
2.5612 2.2775 -0.0400
2.4929 2.3095 -0.0400
2.4694 2.2926 -0.0400
1.0688 2.6990 -0.0400
1.0852 2.6284 -0.0400
1.0684 2.5785 -0.0400
1.0197 2.5464 -0.0400
-1.4702 2.0702 -0.0400
-1.4624 1.9770 -0.0400
1.3113 -0.1888 -0.0400
1.3455 -0.2228 -0.0400
1.3711 -0.2615 -0.0400
1.3882 -0.3057 -0.0400
1.3481 -0.3884 -0.0400
1.3905 -1.6054 -0.0400
1.4533 -1.6257 -0.0400
1.4986 -1.6676 -0.0400
1.5456 -1.7076 -0.0400
3.1230 -1.2049 -0.0400
3.1706 -1.1799 -0.0400
3.2150 -1.1661 -0.0400
3.2547 -1.1762 -0.0400
3.2937 -1.1922 -0.0400
3.3366 -1.1804 -0.0400
3.3777 -1.1795 -0.0400
3.4180 -1.1854 -0.0400
3.4565 -1.2176 -0.0400
3.4958 -1.2525 -0.0400
3.5356 -1.3076 -0.0400
3.5768 -1.3792 -0.0400
4.5323 -4.6680 -0.0400
4.6263 -4.6090 -0.0400
4.7384 -4.6519 -0.0400
6.2329 -1.7666 -0.0400
6.2832 -1.7205 -0.0400
6.3615 -1.7035 -0.0400
6.4907 -0.1422 -0.0400
6.4610 -0.0700 -0.0400
6.4588 -0.0111 -0.0400
6.4728 0.0408 -0.0400
6.5065 0.0853 -0.0400
6.5571 0.1246 -0.0400
8.3175 0.0530 -0.0400
8.3455 0.1332 -0.0400
6.0070 0.9680 -0.0400
5.9798 1.0112 -0.0400
5.9763 1.0525 -0.0400
5.9801 1.0936 -0.0400
6.0009 1.1348 -0.0400
6.0548 1.1774 -0.0400
8.1127 2.4286 -0.0400
8.1108 2.5135 -0.0400
5.4852 3.1384 -0.0400
5.4286 3.1469 -0.0400
5.3782 3.1609 -0.0400
5.3405 3.1890 -0.0400
5.3075 3.2227 -0.0400
5.2547 3.2312 -0.0400
5.2168 3.2581 -0.0400
5.1914 3.3024 -0.0400
6.8388 5.7587 -0.0400
6.7179 5.7553 -0.0400
6.6607 5.8463 -0.0400
6.6113 5.9528 -0.0400
2.2025 4.9641 -0.0400
2.1527 4.8949 -0.0400
2.0862 4.8707 -0.0400
1.9925 4.9090 -0.0400
2.6906 2.4003 -0.0400
2.6883 2.3578 -0.0400
2.6777 2.3277 -0.0400
2.6647 2.3014 -0.0400
2.6431 2.2858 -0.0400
2.6180 2.2741 -0.0400
2.5873 2.2682 -0.0400
2.5461 2.2724 -0.0400
2.4819 2.2986 -0.0400
2.4497 2.2901 -0.0400
2.4150 2.2831 -0.0400
2.3684 2.2862 -0.0400
1.0799 2.5894 -0.0400
1.0443 2.5502 -0.0400
0.9820 2.5245 -0.0400
-1.4559 2.0853 -0.0400
-1.4621 1.9945 -0.0400
-0.0779 1.2369 -0.0400
-0.0770 1.1719 -0.0400
1.3086 -0.1807 -0.0400
1.3412 -0.2158 -0.0400
1.3659 -0.2553 -0.0400
1.3645 -0.3115 -0.0400
1.3480 -0.3790 -0.0400
1.3656 -1.6264 -0.0400
1.4452 -1.6268 -0.0400
1.4960 -1.6620 -0.0400
1.5250 -1.7266 -0.0400
3.1273 -1.1885 -0.0400
3.1730 -1.1724 -0.0400
3.2155 -1.1695 -0.0400
3.2548 -1.1837 -0.0400
3.2951 -1.1931 -0.0400
3.3387 -1.1770 -0.0400
3.3795 -1.1804 -0.0400
3.4198 -1.1883 -0.0400
3.4579 -1.2266 -0.0400
3.4970 -1.2707 -0.0400
3.5375 -1.3162 -0.0400
4.5296 -4.6589 -0.0400
4.6250 -4.6081 -0.0400
4.7359 -4.6445 -0.0400
6.2129 -1.8407 -0.0400
6.2371 -1.7644 -0.0400
6.2857 -1.7164 -0.0400
6.3591 -1.6944 -0.0400
6.4949 -0.1377 -0.0400
6.4398 -0.0547 -0.0400
6.4521 -0.0021 -0.0400
6.4756 0.0459 -0.0400
6.5115 0.0895 -0.0400
6.5669 0.1271 -0.0400
8.3145 0.0564 -0.0400
8.3918 0.1259 -0.0400
6.0248 0.9302 -0.0400
5.9992 0.9740 -0.0400
5.9766 1.0168 -0.0400
5.9748 1.0579 -0.0400
5.9851 1.0987 -0.0400
6.0194 1.1399 -0.0400
6.0553 1.1823 -0.0400
8.1097 2.4272 -0.0400
5.5350 3.1173 -0.0400
5.4870 3.1362 -0.0400
5.4391 3.1542 -0.0400
5.3836 3.1623 -0.0400
5.3469 3.1914 -0.0400
5.2972 3.2042 -0.0400
5.2547 3.2252 -0.0400
5.2243 3.2618 -0.0400
5.2161 3.3296 -0.0400
6.7264 5.7520 -0.0400
6.6456 5.8062 -0.0400
2.1667 4.9006 -0.0400
2.0961 4.8866 -0.0400
2.0171 4.8908 -0.0400
2.7037 2.3585 -0.0400
2.6899 2.3326 -0.0400
2.6735 2.3106 -0.0400
2.6543 2.2923 -0.0400
2.6321 2.2775 -0.0400
2.5932 2.2807 -0.0400
2.5466 2.2907 -0.0400
2.4913 2.3076 -0.0400
2.4664 2.2920 -0.0400
2.4369 2.2804 -0.0400
2.4001 2.2749 -0.0400
-1.4538 2.1029 -0.0400
-1.4640 2.0127 -0.0400
-0.0632 1.2512 -0.0400
-0.0723 1.1864 -0.0400
1.3550 -0.3075 -0.0400
1.3322 -0.3795 -0.0400
1.3839 -1.5938 -0.0400
1.4435 -1.6188 -0.0400
1.4890 -1.6611 -0.0400
1.5325 -1.7064 -0.0400
3.1288 -1.1827 -0.0400
3.1739 -1.1702 -0.0400
3.2161 -1.1695 -0.0400
3.2540 -1.1932 -0.0400
3.2969 -1.1869 -0.0400
3.3393 -1.1814 -0.0400
3.3803 -1.1844 -0.0400
3.4200 -1.2018 -0.0400
3.4567 -1.2642 -0.0400
3.4969 -1.3016 -0.0400
3.5392 -1.3193 -0.0400
4.5247 -4.6383 -0.0400
4.6288 -4.6391 -0.0400
6.2126 -1.8337 -0.0400
6.2401 -1.7610 -0.0400
6.3117 -1.7379 -0.0400
6.4845 -0.1869 -0.0400
6.4466 -0.1097 -0.0400
6.4430 -0.0496 -0.0400
6.4543 0.0034 -0.0400
6.4775 0.0514 -0.0400
6.5526 0.0806 -0.0400
8.3228 -0.0294 -0.0400
8.3186 0.0584 -0.0400
5.9959 0.9386 -0.0400
5.9819 0.9811 -0.0400
5.9758 1.0226 -0.0400
5.9784 1.0634 -0.0400
5.9886 1.1042 -0.0400
6.0350 1.1453 -0.0400
8.1397 2.3510 -0.0400
8.1090 2.4270 -0.0400
5.5236 3.1024 -0.0400
5.4844 3.1301 -0.0400
5.4241 3.1338 -0.0400
5.3796 3.1538 -0.0400
5.3454 3.1853 -0.0400
5.3048 3.2091 -0.0400
5.2575 3.2238 -0.0400
5.2387 3.2754 -0.0400
6.8323 5.7200 -0.0400
6.7300 5.7427 -0.0400
6.6912 5.8611 -0.0400
6.6361 5.9585 -0.0400
3.9567 4.2420 -0.0400
2.7115 2.4140 -0.0400
2.7077 2.3737 -0.0400
2.6967 2.3441 -0.0400
2.6815 2.3205 -0.0400
2.6639 2.3004 -0.0400
2.6401 2.2874 -0.0400
2.6125 2.2784 -0.0400
2.5776 2.2764 -0.0400
2.5015 2.3156 -0.0400
2.4736 2.3030 -0.0400
2.4427 2.2929 -0.0400
2.4041 2.2891 -0.0400
2.3507 2.2972 -0.0400
-1.4595 2.1222 -0.0400
-1.4666 2.0312 -0.0400
-0.0766 1.2666 -0.0400
-0.0997 1.2017 -0.0400
1.3658 -1.6046 -0.0400
1.4357 -1.6175 -0.0400
1.4829 -1.6580 -0.0400
1.5025 -1.7359 -0.0400
3.1285 -1.1827 -0.0400
3.1738 -1.1704 -0.0400
3.2150 -1.1759 -0.0400
3.2534 -1.1985 -0.0400
3.2977 -1.1844 -0.0400
3.3400 -1.1809 -0.0400
3.3804 -1.1908 -0.0400
3.4199 -1.2121 -0.0400
3.4590 -1.2476 -0.0400
3.4974 -1.3129 -0.0400
3.5393 -1.3465 -0.0400
4.5232 -4.6427 -0.0400
4.6294 -4.6545 -0.0400
6.2078 -1.8217 -0.0400
6.2436 -1.7585 -0.0400
6.3197 -1.7402 -0.0400
6.5109 -0.1928 -0.0400
6.4262 -0.0939 -0.0400
6.4364 -0.0402 -0.0400
6.4592 0.0079 -0.0400
6.4950 0.0511 -0.0400
6.5512 0.0874 -0.0400
8.3206 -0.0257 -0.0400
8.3214 0.0608 -0.0400
6.0432 0.8981 -0.0400
6.0037 0.9441 -0.0400
5.9742 0.9878 -0.0400
5.9726 1.0288 -0.0400
5.9874 1.0690 -0.0400
6.0068 1.1097 -0.0400
6.0401 1.1509 -0.0400
8.1345 2.3502 -0.0400
8.1310 2.4337 -0.0400
5.5799 3.0896 -0.0400
5.5248 3.1015 -0.0400
5.4880 3.1314 -0.0400
5.4276 3.1350 -0.0400
5.3794 3.1505 -0.0400
5.3482 3.1853 -0.0400
5.2960 3.1945 -0.0400
5.2584 3.2209 -0.0400
5.2322 3.2623 -0.0400
6.7433 5.7489 -0.0400
6.7087 5.8734 -0.0400
3.9649 4.2331 -0.0400
3.9087 4.2111 -0.0400
3.8565 4.2326 -0.0400
3.8025 4.2333 -0.0400
2.7117 2.4344 -0.0400
2.7137 2.3860 -0.0400
2.7039 2.3547 -0.0400
2.6933 2.3256 -0.0400
2.6742 2.3074 -0.0400
2.6522 2.2925 -0.0400
2.6274 2.2806 -0.0400
2.5783 2.2941 -0.0400
2.5108 2.3244 -0.0400
2.4872 2.3076 -0.0400
2.4600 2.2942 -0.0400
2.4274 2.2852 -0.0400
-1.4384 2.1366 -0.0400
-1.4583 2.0480 -0.0400
-0.0714 1.2817 -0.0400
-0.0680 1.2165 -0.0400
1.2980 -1.5754 -0.0400
1.3778 -1.5782 -0.0400
1.4307 -1.6118 -0.0400
1.4779 -1.6526 -0.0400
1.5151 -1.7070 -0.0400
3.1317 -1.1640 -0.0400
3.1743 -1.1646 -0.0400
3.2143 -1.1774 -0.0400
3.2530 -1.1990 -0.0400
3.2976 -1.1846 -0.0400
3.3400 -1.1816 -0.0400
3.3800 -1.1967 -0.0400
3.4196 -1.2190 -0.0400
3.4581 -1.2653 -0.0400
3.4972 -1.3253 -0.0400
4.4234 -4.6914 -0.0400
4.5198 -4.6367 -0.0400
4.6308 -4.6778 -0.0400
6.1864 -1.8976 -0.0400
6.1922 -1.7974 -0.0400
6.2512 -1.7609 -0.0400
6.3381 -1.7540 -0.0400
6.4422 -0.1537 -0.0400
6.4317 -0.0897 -0.0400
6.4396 -0.0349 -0.0400
6.4603 0.0141 -0.0400
6.5274 0.0449 -0.0400
8.3015 -0.0176 -0.0400
6.0190 0.9071 -0.0400
5.9749 0.9531 -0.0400
5.9713 0.9943 -0.0400
5.9744 1.0350 -0.0400
5.9840 1.0754 -0.0400
6.0320 1.1152 -0.0400
8.1282 2.3495 -0.0400
8.1298 2.4342 -0.0400
5.5778 3.0863 -0.0400
5.5246 3.0999 -0.0400
5.4630 3.1031 -0.0400
5.4156 3.1199 -0.0400
5.3795 3.1485 -0.0400
5.3507 3.1857 -0.0400
5.2982 3.1944 -0.0400
5.2651 3.2262 -0.0400
5.2561 3.2903 -0.0400
6.8248 5.6843 -0.0400
6.7412 5.7332 -0.0400
6.7105 5.8628 -0.0400
3.9707 4.2063 -0.0400
3.9174 4.2109 -0.0400
3.8656 4.2362 -0.0400
3.8113 4.2284 -0.0400
3.7572 4.2172 -0.0400
3.7041 4.2323 -0.0400
3.6504 4.2671 -0.0400
2.7216 2.3953 -0.0400
2.7120 2.3639 -0.0400
2.7021 2.3339 -0.0400
2.6838 2.3148 -0.0400
2.6631 2.2986 -0.0400
2.6322 2.2936 -0.0400
2.5986 2.2906 -0.0400
2.5449 2.3072 -0.0400
2.4992 2.3136 -0.0400
2.4654 2.3066 -0.0400
2.4300 2.3003 -0.0400
2.3833 2.3030 -0.0400
1.1222 2.7375 -0.0400
1.1223 2.6768 -0.0400
-1.4397 2.1554 -0.0400
-1.4559 2.0661 -0.0400
-0.0726 1.2972 -0.0400
-0.0689 1.2319 -0.0400
1.3674 -1.5778 -0.0400
1.4252 -1.6060 -0.0400
1.4649 -1.6566 -0.0400
3.0812 -1.1881 -0.0400
3.1294 -1.1680 -0.0400
3.1728 -1.1656 -0.0400
3.2132 -1.1775 -0.0400
3.2551 -1.1808 -0.0400
3.2979 -1.1780 -0.0400
3.3393 -1.1831 -0.0400
3.3793 -1.1993 -0.0400
3.4190 -1.2237 -0.0400
3.4547 -1.3067 -0.0400
3.4967 -1.3340 -0.0400
4.4201 -4.6916 -0.0400
4.5174 -4.6418 -0.0400
6.1599 -1.8598 -0.0400
6.1971 -1.7972 -0.0400
6.2653 -1.7710 -0.0400
6.4303 -0.2014 -0.0400
6.4161 -0.1346 -0.0400
6.4220 -0.0786 -0.0400
6.4411 -0.0289 -0.0400
6.4729 0.0155 -0.0400
6.5219 0.0536 -0.0400
6.6253 0.0726 -0.0400
8.2995 -0.0136 -0.0400
6.0830 0.8635 -0.0400
5.9810 0.9180 -0.0400
5.9717 0.9600 -0.0400
5.9703 1.0010 -0.0400
5.9771 1.0413 -0.0400
6.0144 1.0805 -0.0400
6.0643 1.1207 -0.0400
8.1673 2.2772 -0.0400
8.1318 2.3519 -0.0400
5.5707 3.0789 -0.0400
5.5205 3.0950 -0.0400
5.4605 3.0996 -0.0400
5.4148 3.1180 -0.0400
5.3790 3.1467 -0.0400
5.3342 3.1646 -0.0400
5.2939 3.1872 -0.0400
5.2639 3.2225 -0.0400
5.2475 3.2763 -0.0400
6.8220 5.6694 -0.0400
6.7728 5.7681 -0.0400
6.7266 5.8749 -0.0400
4.0356 4.2313 -0.0400
3.9787 4.2061 -0.0400
3.9254 4.2088 -0.0400
3.8738 4.2337 -0.0400
3.8189 4.2120 -0.0400
3.7659 4.2172 -0.0400
3.7130 4.2352 -0.0400
3.6595 4.2777 -0.0400
3.6043 4.3343 -0.0400
3.5483 4.3572 -0.0400
2.7116 2.4281 -0.0400
2.7218 2.3705 -0.0400
2.7075 2.3461 -0.0400
2.6932 2.3221 -0.0400
2.6729 2.3056 -0.0400
2.6442 2.2983 -0.0400
2.6136 2.2924 -0.0400
2.5737 2.2952 -0.0400
2.5059 2.3245 -0.0400
2.4790 2.3110 -0.0400
2.4474 2.3013 -0.0400
2.4085 2.2975 -0.0400
1.1169 2.6976 -0.0400
1.1085 2.6427 -0.0400
1.0649 2.6080 -0.0400
-1.4486 2.2689 -0.0400
-1.4375 2.1737 -0.0400
-1.4644 2.0862 -0.0400
-0.0815 1.3132 -0.0400
-1.7385 0.0293 -0.0400
-1.6959 -0.0599 -0.0400
1.3590 -1.5742 -0.0400
1.4134 -1.6069 -0.0400
1.4608 -1.6482 -0.0400
3.0844 -1.1657 -0.0400
3.1292 -1.1597 -0.0400
3.1703 -1.1688 -0.0400
3.2092 -1.1900 -0.0400
3.2528 -1.1858 -0.0400
3.2963 -1.1802 -0.0400
3.3381 -1.1840 -0.0400
3.3762 -1.2184 -0.0400
3.4129 -1.2777 -0.0400
3.4539 -1.3083 -0.0400
3.4959 -1.3371 -0.0400
4.4124 -4.6612 -0.0400
4.5190 -4.6767 -0.0400
6.1485 -1.8405 -0.0400
6.1986 -1.7934 -0.0400
6.3051 -1.8106 -0.0400
6.4424 -0.2007 -0.0400
6.4227 -0.1310 -0.0400
6.4262 -0.0737 -0.0400
6.4515 -0.0267 -0.0400
6.4968 0.0122 -0.0400
6.5785 0.0378 -0.0400
8.2791 -0.0915 -0.0400
8.3589 -0.0254 -0.0400
6.0561 0.8310 -0.0400
5.9990 0.8813 -0.0400
5.9784 0.9252 -0.0400
5.9706 0.9670 -0.0400
5.9710 1.0077 -0.0400
5.9946 1.0469 -0.0400
6.0275 1.0865 -0.0400
8.1497 2.2747 -0.0400
8.1541 2.3594 -0.0400
5.6225 3.0637 -0.0400
5.5615 3.0702 -0.0400
5.5078 3.0822 -0.0400
5.4555 3.0943 -0.0400
5.4130 3.1158 -0.0400
5.3848 3.1528 -0.0400
5.3326 3.1620 -0.0400
5.2934 3.1857 -0.0400
5.2636 3.2208 -0.0400
6.9317 5.6469 -0.0400
6.8235 5.6616 -0.0400
6.7613 5.7406 -0.0400
6.7228 5.8578 -0.0400
4.0451 4.2489 -0.0400
3.9864 4.2086 -0.0400
3.9328 4.2064 -0.0400
3.8811 4.2275 -0.0400
3.8268 4.2112 -0.0400
3.7739 4.2160 -0.0400
3.7213 4.2340 -0.0400
3.6682 4.3298 -0.0400
3.6131 4.3354 -0.0400
3.5571 4.3648 -0.0400
2.7312 2.4211 -0.0400
2.7241 2.3863 -0.0400
2.7177 2.3518 -0.0400
2.7010 2.3310 -0.0400
2.6823 2.3127 -0.0400
2.6599 2.2986 -0.0400
2.6252 2.2975 -0.0400
2.5883 2.2975 -0.0400
2.5164 2.3313 -0.0400
2.4910 2.3165 -0.0400
2.4617 2.3050 -0.0400
2.3996 2.3224 -0.0400
1.1297 2.7683 -0.0400
1.1346 2.7044 -0.0400
1.1177 2.6546 -0.0400
1.0861 2.6135 -0.0400
1.0335 2.5831 -0.0400
-1.4329 2.1915 -0.0400
-1.4501 2.1023 -0.0400
-0.0645 1.3286 -0.0400
-0.0971 1.2639 -0.0400
-1.8032 0.0335 -0.0400
-1.7274 -0.0494 -0.0400
1.2645 -1.5728 -0.0400
1.3621 -1.5560 -0.0400
1.4059 -1.6017 -0.0400
1.4542 -1.6420 -0.0400
1.4735 -1.7213 -0.0400
3.0787 -1.1771 -0.0400
3.1256 -1.1641 -0.0400
3.1681 -1.1679 -0.0400
3.2079 -1.1851 -0.0400
3.2523 -1.1773 -0.0400
3.2947 -1.1791 -0.0400
3.3355 -1.1914 -0.0400
3.3750 -1.2159 -0.0400
3.4131 -1.2623 -0.0400
3.4527 -1.3074 -0.0400
4.4116 -4.6886 -0.0400
4.5175 -4.6947 -0.0400
6.1420 -1.9379 -0.0400
6.1497 -1.8370 -0.0400
6.2137 -1.8062 -0.0400
6.3060 -1.8067 -0.0400
6.4275 -0.2478 -0.0400
6.4053 -0.1756 -0.0400
6.4080 -0.1173 -0.0400
6.4239 -0.0660 -0.0400
6.4519 -0.0202 -0.0400
6.4941 0.0199 -0.0400
6.5645 0.0498 -0.0400
8.2864 -0.0899 -0.0400
8.3280 -0.0139 -0.0400
6.0562 0.8380 -0.0400
5.9985 0.8884 -0.0400
5.9779 0.9322 -0.0400
5.9681 0.9742 -0.0400
5.9789 1.0140 -0.0400
5.9991 1.0535 -0.0400
6.0372 1.0928 -0.0400
8.1477 2.2764 -0.0400
5.5973 3.0410 -0.0400
5.5529 3.0628 -0.0400
5.5185 3.0942 -0.0400
5.4482 3.0875 -0.0400
5.4109 3.1140 -0.0400
5.3760 3.1431 -0.0400
5.3295 3.1585 -0.0400
5.2930 3.1851 -0.0400
5.2862 3.2489 -0.0400
6.9331 5.6403 -0.0400
6.8249 5.6547 -0.0400
6.8053 5.7955 -0.0400
4.0468 4.2094 -0.0400
3.9923 4.2000 -0.0400
3.9405 4.2141 -0.0400
3.8889 4.2338 -0.0400
3.8343 4.2134 -0.0400
3.7814 4.2140 -0.0400
3.7298 4.2689 -0.0400
3.6763 4.3301 -0.0400
3.6214 4.3340 -0.0400
3.5656 4.3630 -0.0400
2.7245 2.3614 -0.0400
2.7111 2.3366 -0.0400
2.6923 2.3186 -0.0400
2.6683 2.3066 -0.0400
2.6433 2.2952 -0.0400
2.5975 2.3050 -0.0400
2.5284 2.3364 -0.0400
2.5012 2.3235 -0.0400
2.4731 2.3110 -0.0400
2.4169 2.3234 -0.0400
1.1310 2.7240 -0.0400
1.1246 2.6679 -0.0400
1.0850 2.6312 -0.0400
1.0120 2.6117 -0.0400
-0.0713 1.3448 -0.0400
-0.0741 1.2795 -0.0400
-1.7467 0.0637 -0.0400
-1.7126 -0.0278 -0.0400
1.3552 -1.5489 -0.0400
1.3989 -1.5949 -0.0400
1.4454 -1.6380 -0.0400
3.0289 -1.1843 -0.0400
3.0792 -1.1614 -0.0400
3.1235 -1.1590 -0.0400
3.1642 -1.1721 -0.0400
3.2028 -1.1967 -0.0400
3.2489 -1.1818 -0.0400
3.2920 -1.1809 -0.0400
3.3313 -1.2057 -0.0400
3.3694 -1.2457 -0.0400
3.4072 -1.3014 -0.0400
3.4494 -1.3253 -0.0400
4.4054 -4.6776 -0.0400
6.1160 -1.9006 -0.0400
6.1504 -1.8333 -0.0400
6.2257 -1.8159 -0.0400
6.4315 -0.2433 -0.0400
6.4091 -0.1709 -0.0400
6.4114 -0.1124 -0.0400
6.4315 -0.0629 -0.0400
6.4721 -0.0225 -0.0400
6.5364 0.0088 -0.0400
8.2810 -0.1724 -0.0400
8.2882 -0.0868 -0.0400
6.0632 0.8009 -0.0400
5.9950 0.8543 -0.0400
5.9740 0.8988 -0.0400
5.9668 0.9406 -0.0400
5.9687 0.9812 -0.0400
5.9799 1.0209 -0.0400
6.0011 1.0603 -0.0400
8.1676 2.2007 -0.0400
8.1501 2.2795 -0.0400
8.1935 2.3740 -0.0400
5.5944 3.0402 -0.0400
5.5491 3.0610 -0.0400
5.4946 3.0715 -0.0400
5.4422 3.0827 -0.0400
5.4087 3.1131 -0.0400
5.3812 3.1501 -0.0400
5.3262 3.1556 -0.0400
5.2932 3.1861 -0.0400
5.3018 3.2689 -0.0400
6.9239 5.6202 -0.0400
6.8405 5.6686 -0.0400
6.8078 5.7904 -0.0400
4.0550 4.2246 -0.0400
3.9987 4.2006 -0.0400
3.9464 4.2068 -0.0400
3.8941 4.2145 -0.0400
3.8409 4.2100 -0.0400
3.7887 4.2195 -0.0400
3.7367 4.2523 -0.0400
3.6838 4.3311 -0.0400
3.6292 4.3306 -0.0400
2.6792 2.3112 -0.0400
2.6498 2.3049 -0.0400
2.6195 2.2987 -0.0400
2.5373 2.3440 -0.0400
2.5147 2.3269 -0.0400
2.4819 2.3192 -0.0400
2.4492 2.3105 -0.0400
1.1528 2.7888 -0.0400
1.1519 2.7286 -0.0400
1.1332 2.6800 -0.0400
1.1015 2.6390 -0.0400
1.0509 2.6078 -0.0400
-0.1160 1.3682 -0.0400
-0.0654 1.3008 -0.0400
-1.7223 -0.0053 -0.0400
-1.7050 -0.1007 -0.0400
3.0529 -1.2445 -0.0400
3.1138 -1.1786 -0.0400
3.1606 -1.1659 -0.0400
3.2001 -1.1862 -0.0400
3.2437 -1.1862 -0.0400
3.2881 -1.1797 -0.0400
3.3305 -1.1836 -0.0400
3.3712 -1.2011 -0.0400
3.4110 -1.2311 -0.0400
3.4482 -1.3010 -0.0400
3.4883 -1.3641 -0.0400
4.5054 -4.6928 -0.0400
6.1401 -1.9265 -0.0400
6.1552 -1.8341 -0.0400
6.2095 -1.7914 -0.0400
6.2763 -1.7630 -0.0400
6.4522 -0.1841 -0.0400
6.4136 -0.1048 -0.0400
6.4292 -0.0532 -0.0400
6.4558 -0.0068 -0.0400
6.4948 0.0347 -0.0400
6.5557 0.0681 -0.0400
8.3041 0.0007 -0.0400
6.0054 0.9041 -0.0400
5.9819 0.9485 -0.0400
5.9698 0.9907 -0.0400
5.9806 1.0304 -0.0400
6.0016 1.0697 -0.0400
6.0428 1.1088 -0.0400
8.1737 2.2888 -0.0400
8.1511 2.3667 -0.0400
5.5556 3.0710 -0.0400
5.5103 3.0908 -0.0400
5.4576 3.1021 -0.0400
5.4085 3.1158 -0.0400
5.3800 3.1515 -0.0400
5.3339 3.1671 -0.0400
5.2921 3.1869 -0.0400
5.2637 3.2228 -0.0400
5.2455 3.2727 -0.0400
6.8365 5.6539 -0.0400
6.7782 5.7373 -0.0400
6.7343 5.8447 -0.0400
4.0679 4.2671 -0.0400
4.0073 4.2099 -0.0400
3.9540 4.2054 -0.0400
3.9030 4.2265 -0.0400
3.8504 4.2300 -0.0400
3.7969 4.2145 -0.0400
3.7446 4.2198 -0.0400
3.6930 4.3272 -0.0400
3.6386 4.3308 -0.0400
3.5837 4.3474 -0.0400
2.5492 2.3146 -0.0400
2.5038 2.3198 -0.0400
2.4786 2.3049 -0.0400
2.4363 2.3045 -0.0400
2.3948 2.3022 -0.0400
1.1232 2.7687 -0.0400
1.1299 2.7044 -0.0400
1.1160 2.6533 -0.0400
1.0729 2.6183 -0.0400
0.9932 2.6014 -0.0400
-0.0731 1.3774 -0.0400
-0.0731 1.3118 -0.0400
-1.7498 0.1002 -0.0400
-1.7356 0.0041 -0.0400
3.0216 -1.1771 -0.0400
3.0711 -1.1588 -0.0400
3.1152 -1.1595 -0.0400
3.1559 -1.1741 -0.0400
3.1961 -1.1927 -0.0400
3.2432 -1.1748 -0.0400
3.2845 -1.1866 -0.0400
3.3241 -1.2121 -0.0400
3.3616 -1.2606 -0.0400
3.4009 -1.3070 -0.0400
3.4429 -1.3389 -0.0400
4.2918 -4.6996 -0.0400
4.3981 -4.7092 -0.0400
6.0881 -1.9720 -0.0400
6.1009 -1.8744 -0.0400
6.1643 -1.8430 -0.0400
6.3827 -0.2050 -0.0400
6.3906 -0.1488 -0.0400
6.4092 -0.0985 -0.0400
6.4376 -0.0529 -0.0400
6.5178 -0.0300 -0.0400
8.2592 -0.1587 -0.0400
8.3383 -0.0938 -0.0400
5.9983 0.8264 -0.0400
5.9734 0.8721 -0.0400
5.9647 0.9145 -0.0400
5.9655 0.9553 -0.0400
5.9761 0.9949 -0.0400
5.9967 1.0339 -0.0400
8.1681 2.2067 -0.0400
5.6320 3.0178 -0.0400
5.5770 3.0299 -0.0400
5.5231 3.0413 -0.0400
5.4787 3.0610 -0.0400
5.4367 3.0823 -0.0400
5.4087 3.1180 -0.0400
5.3617 3.1328 -0.0400
5.3225 3.1556 -0.0400
5.3098 3.2099 -0.0400
6.9985 5.5482 -0.0400
6.9029 5.5797 -0.0400
6.8323 5.6441 -0.0400
6.8270 5.8037 -0.0400
4.0640 4.2130 -0.0400
4.0091 4.1964 -0.0400
3.9600 4.2318 -0.0400
3.9052 4.2080 -0.0400
3.8528 4.2081 -0.0400
3.8012 4.2245 -0.0400
3.7499 4.2702 -0.0400
3.6972 4.3271 -0.0400
3.6429 4.3350 -0.0400
2.4705 2.3225 -0.0400
2.4097 2.3383 -0.0400
1.1526 2.8231 -0.0400
1.1601 2.7575 -0.0400
1.1476 2.7052 -0.0400
1.1097 2.6679 -0.0400
1.0492 2.6421 -0.0400
-1.7655 0.1159 -0.0400
-1.7359 0.0230 -0.0400
1.1857 -0.0663 -0.0400
1.2503 -0.0869 -0.0400
3.0104 -1.1983 -0.0400
3.0679 -1.1509 -0.0400
3.1097 -1.1614 -0.0400
3.1488 -1.1850 -0.0400
3.1940 -1.1799 -0.0400
3.2385 -1.1762 -0.0400
3.2810 -1.1827 -0.0400
3.3213 -1.2038 -0.0400
3.3532 -1.2973 -0.0400
3.3957 -1.3202 -0.0400
4.2880 -4.7275 -0.0400
4.3899 -4.6960 -0.0400
6.0617 -1.9346 -0.0400
6.1022 -1.8735 -0.0400
6.1679 -1.8448 -0.0400
6.3773 -0.2573 -0.0400
6.3780 -0.1964 -0.0400
6.3905 -0.1426 -0.0400
6.4121 -0.0937 -0.0400
6.4636 -0.0588 -0.0400
6.5305 -0.0295 -0.0400
8.2622 -0.1561 -0.0400
6.0039 0.8327 -0.0400
5.9607 0.8814 -0.0400
5.9611 0.9223 -0.0400
5.9716 0.9618 -0.0400
5.9911 1.0006 -0.0400
6.0290 1.0383 -0.0400
8.1820 2.1306 -0.0400
8.1707 2.2105 -0.0400
5.6176 3.0088 -0.0400
5.5729 3.0300 -0.0400
5.5165 3.0389 -0.0400
5.4673 3.0534 -0.0400
5.4334 3.0825 -0.0400
5.3955 3.1073 -0.0400
5.3544 3.1281 -0.0400
5.3212 3.1574 -0.0400
5.3140 3.2181 -0.0400
6.9991 5.5446 -0.0400
6.9067 5.5800 -0.0400
6.8609 5.6787 -0.0400
4.1242 4.2304 -0.0400
4.0658 4.1930 -0.0400
4.0134 4.1936 -0.0400
3.9637 4.2206 -0.0400
3.9107 4.2153 -0.0400
3.8577 4.2059 -0.0400
3.8072 4.2398 -0.0400
3.7571 4.3285 -0.0400
3.7030 4.3273 -0.0400
3.6488 4.3530 -0.0400
2.4136 5.0069 -0.0400
2.3549 4.9645 -0.0400
2.2903 4.9399 -0.0400
1.1666 2.8310 -0.0400
1.1691 2.7686 -0.0400
1.1554 2.7171 -0.0400
1.1188 2.6791 -0.0400
1.0635 2.6508 -0.0400
-1.4080 2.3549 -0.0400
-1.4249 2.2655 -0.0400
-1.7536 0.1374 -0.0400
1.1986 -0.0445 -0.0400
1.2401 -0.0775 -0.0400
1.2740 -0.1140 -0.0400
1.2932 -0.1587 -0.0400
1.2841 -0.2211 -0.0400
3.0132 -1.1654 -0.0400
3.0612 -1.1543 -0.0400
3.1047 -1.1592 -0.0400
3.1453 -1.1763 -0.0400
3.1905 -1.1719 -0.0400
3.2338 -1.1749 -0.0400
3.2752 -1.1894 -0.0400
3.3150 -1.2162 -0.0400
3.3510 -1.2791 -0.0400
3.3924 -1.3110 -0.0400
3.4341 -1.3504 -0.0400
4.2776 -4.6970 -0.0400
6.0567 -1.9263 -0.0400
6.1052 -1.8754 -0.0400
6.1873 -1.8667 -0.0400
6.3938 -0.2607 -0.0400
6.3728 -0.1878 -0.0400
6.3908 -0.1369 -0.0400
6.4289 -0.0960 -0.0400
6.4776 -0.0594 -0.0400
6.5593 -0.0365 -0.0400
8.2390 -0.2335 -0.0400
8.2854 -0.1598 -0.0400
6.0003 0.7984 -0.0400
5.9728 0.8453 -0.0400
5.9624 0.8884 -0.0400
5.9622 0.9294 -0.0400
5.9717 0.9690 -0.0400
6.0209 1.0047 -0.0400
8.1813 2.1340 -0.0400
8.1717 2.2142 -0.0400
5.6035 3.0007 -0.0400
5.5625 3.0248 -0.0400
5.5042 3.0315 -0.0400
5.4621 3.0526 -0.0400
5.4319 3.0853 -0.0400
5.3902 3.1058 -0.0400
5.3489 3.1261 -0.0400
5.3244 3.1651 -0.0400
6.9884 5.5272 -0.0400
6.9057 5.5749 -0.0400
6.8611 5.6746 -0.0400
4.0686 4.1855 -0.0400
4.0182 4.2008 -0.0400
3.9680 4.2214 -0.0400
3.9140 4.2022 -0.0400
3.8622 4.2057 -0.0400
3.8113 4.2261 -0.0400
3.7607 4.2787 -0.0400
3.7082 4.3245 -0.0400
3.6540 4.4073 -0.0400
2.4735 5.0815 -0.0400
2.4245 5.0060 -0.0400
2.3651 4.9660 -0.0400
2.2996 4.9445 -0.0400
2.2009 5.0075 -0.0400
1.1812 2.7775 -0.0400
1.1632 2.7287 -0.0400
1.1243 2.6922 -0.0400
1.0680 2.6645 -0.0400
-1.4123 2.2817 -0.0400
-1.4349 2.1936 -0.0400
-1.7601 0.1552 -0.0400
1.1686 -0.0448 -0.0400
1.2379 -0.0634 -0.0400
1.2667 -0.1027 -0.0400
1.2790 -0.1517 -0.0400
1.2844 -0.2054 -0.0400
3.0041 -1.1743 -0.0400
3.0565 -1.1478 -0.0400
3.0977 -1.1625 -0.0400
3.1367 -1.1883 -0.0400
3.1841 -1.1752 -0.0400
3.2282 -1.1757 -0.0400
3.2707 -1.1840 -0.0400
3.3059 -1.2430 -0.0400
3.3433 -1.3000 -0.0400
3.3858 -1.3266 -0.0400
4.2705 -4.7033 -0.0400
6.0271 -2.0032 -0.0400
6.0508 -1.9174 -0.0400
6.1069 -1.8763 -0.0400
6.1995 -1.8805 -0.0400
6.3724 -0.3059 -0.0400
6.3686 -0.2412 -0.0400
6.3695 -0.1804 -0.0400
6.3940 -0.1329 -0.0400
6.4259 -0.0889 -0.0400
6.5035 -0.0659 -0.0400
8.2374 -0.2299 -0.0400
8.2899 -0.1580 -0.0400
6.0010 0.8053 -0.0400
5.9571 0.8553 -0.0400
5.9575 0.8964 -0.0400
5.9671 0.9359 -0.0400
5.9849 0.9746 -0.0400
6.0185 1.0121 -0.0400
8.1830 2.1379 -0.0400
5.6581 2.9931 -0.0400
5.6002 3.0030 -0.0400
5.5533 3.0215 -0.0400
5.4980 3.0306 -0.0400
5.4577 3.0533 -0.0400
5.4309 3.0893 -0.0400
5.3810 3.1008 -0.0400
5.3464 3.1281 -0.0400
5.3251 3.1705 -0.0400
6.9736 5.5054 -0.0400
6.9131 5.5815 -0.0400
6.8854 5.7046 -0.0400
4.1273 4.2060 -0.0400
4.0718 4.1856 -0.0400
4.0207 4.1932 -0.0400
3.9723 4.2282 -0.0400
3.9175 4.1993 -0.0400
3.8665 4.2102 -0.0400
3.8164 4.2462 -0.0400
3.7665 4.3244 -0.0400
3.7129 4.3275 -0.0400
3.6591 4.3597 -0.0400
2.4795 5.0938 -0.0400
2.4332 5.0099 -0.0400
2.3745 4.9686 -0.0400
2.2999 4.9721 -0.0400
2.2025 5.0313 -0.0400
1.1806 2.8546 -0.0400
1.1817 2.7932 -0.0400
1.1714 2.7398 -0.0400
1.1410 2.6986 -0.0400
1.0587 2.6855 -0.0400
-1.3951 2.3897 -0.0400
-1.4149 2.3010 -0.0400
-1.7684 0.1728 -0.0400
1.1661 -0.0305 -0.0400
1.2190 -0.0580 -0.0400
1.2597 -0.0910 -0.0400
1.2791 -0.1358 -0.0400
1.2621 -0.2032 -0.0400
3.0039 -1.1490 -0.0400
3.0496 -1.1476 -0.0400
3.0915 -1.1601 -0.0400
3.1311 -1.1838 -0.0400
3.1792 -1.1679 -0.0400
3.2222 -1.1748 -0.0400
3.2631 -1.1942 -0.0400
3.3027 -1.2255 -0.0400
3.3379 -1.2978 -0.0400
3.3815 -1.3153 -0.0400
6.0160 -1.9880 -0.0400
6.0508 -1.9171 -0.0400
6.1129 -1.8836 -0.0400
6.3653 -0.2967 -0.0400
6.3529 -0.2273 -0.0400
6.3717 -0.1764 -0.0400
6.4034 -0.1323 -0.0400
6.4432 -0.0920 -0.0400
6.5847 -0.0988 -0.0400
8.2355 -0.2263 -0.0400
8.3073 -0.1605 -0.0400
5.9891 0.7724 -0.0400
5.9659 0.8192 -0.0400
5.9579 0.8622 -0.0400
5.9586 0.9033 -0.0400
5.9684 0.9429 -0.0400
6.0138 0.9781 -0.0400
6.0933 1.0112 -0.0400
8.2055 2.0639 -0.0400
8.1831 2.1416 -0.0400
5.6325 2.9766 -0.0400
5.5924 3.0017 -0.0400
5.5399 3.0146 -0.0400
5.4897 3.0284 -0.0400
5.4551 3.0563 -0.0400
5.4238 3.0876 -0.0400
5.3761 3.1012 -0.0400
5.3475 3.1348 -0.0400
5.3360 3.1884 -0.0400
7.0815 5.4875 -0.0400
6.9689 5.4973 -0.0400
6.9111 5.5766 -0.0400
6.8955 5.7157 -0.0400
4.1257 4.1800 -0.0400
4.0739 4.1818 -0.0400
4.0252 4.2067 -0.0400
3.9734 4.2088 -0.0400
3.9205 4.1969 -0.0400
3.8695 4.2046 -0.0400
3.8192 4.2291 -0.0400
3.7703 4.3206 -0.0400
3.7172 4.3397 -0.0400
2.4397 5.0189 -0.0400
2.3830 4.9718 -0.0400
2.3100 4.9714 -0.0400
2.2159 5.0233 -0.0400
1.1787 2.7510 -0.0400
1.1398 2.7148 -0.0400
1.0899 2.6840 -0.0400
-1.4090 2.4114 -0.0400
-1.4051 2.3176 -0.0400
-1.4324 2.2304 -0.0400
-0.1132 1.5110 -0.0400
-0.0614 1.4422 -0.0400
-1.7690 0.1921 -0.0400
1.1542 -0.0207 -0.0400
1.2107 -0.0465 -0.0400
1.2523 -0.0792 -0.0400
1.2708 -0.1247 -0.0400
1.2801 -0.1760 -0.0400
2.9449 -1.1662 -0.0400
2.9961 -1.1487 -0.0400
3.0421 -1.1472 -0.0400
3.0846 -1.1582 -0.0400
3.1264 -1.1730 -0.0400
3.1720 -1.1691 -0.0400
3.2157 -1.1738 -0.0400
3.2575 -1.1888 -0.0400
3.2908 -1.2629 -0.0400
3.3308 -1.3042 -0.0400
3.3730 -1.3372 -0.0400
6.0172 -1.9907 -0.0400
6.0513 -1.9184 -0.0400
6.1160 -1.8880 -0.0400
6.4223 -0.3905 -0.0400
6.3507 -0.2835 -0.0400
6.3512 -0.2214 -0.0400
6.3732 -0.1722 -0.0400
6.4086 -0.1300 -0.0400
6.4796 -0.1049 -0.0400
8.2210 -0.3075 -0.0400
8.2400 -0.2250 -0.0400
6.0357 0.7255 -0.0400
5.9811 0.7809 -0.0400
5.9634 0.8266 -0.0400
5.9578 0.8692 -0.0400
5.9644 0.9094 -0.0400
5.9832 0.9478 -0.0400
6.0170 0.9847 -0.0400
6.1013 1.0172 -0.0400
5.6839 2.9667 -0.0400
5.6226 2.9744 -0.0400
5.5905 3.0063 -0.0400
5.5233 3.0055 -0.0400
5.4836 3.0288 -0.0400
5.4583 3.0657 -0.0400
5.4132 3.0827 -0.0400
5.3715 3.1024 -0.0400
5.3452 3.1383 -0.0400
5.3405 3.1996 -0.0400
7.0518 5.4496 -0.0400
6.9696 5.4970 -0.0400
6.9261 5.5949 -0.0400
6.9048 5.7264 -0.0400
4.1862 4.2168 -0.0400
4.1278 4.1812 -0.0400
4.0758 4.1800 -0.0400
4.0265 4.1992 -0.0400
3.9740 4.1918 -0.0400
3.9230 4.1965 -0.0400
3.8730 4.2157 -0.0400
3.8239 4.2626 -0.0400
3.7736 4.3195 -0.0400
3.7206 4.3288 -0.0400
3.6672 4.3718 -0.0400
2.5093 5.0554 -0.0400
2.4548 4.9996 -0.0400
2.3921 4.9716 -0.0400
2.3212 4.9664 -0.0400
2.2345 5.0002 -0.0400
-1.4265 2.4339 -0.0400
-1.4020 2.3354 -0.0400
-0.0689 1.4588 -0.0400
-0.0699 1.3933 -0.0400
1.1306 -0.0167 -0.0400
1.2161 -0.0274 -0.0400
1.2450 -0.0671 -0.0400
1.2642 -0.1122 -0.0400
1.2736 -0.1635 -0.0400
2.9386 -1.1586 -0.0400
2.9888 -1.1450 -0.0400
3.0345 -1.1453 -0.0400
3.0744 -1.1679 -0.0400
3.1187 -1.1727 -0.0400
3.1646 -1.1689 -0.0400
3.2086 -1.1732 -0.0400
3.2479 -1.2040 -0.0400
3.2861 -1.2481 -0.0400
3.3244 -1.3007 -0.0400
3.3674 -1.3275 -0.0400
5.9755 -2.0566 -0.0400
6.0019 -1.9712 -0.0400
6.0576 -1.9284 -0.0400
6.1403 -1.9208 -0.0400
6.3461 -0.3400 -0.0400
6.3358 -0.2704 -0.0400
6.3538 -0.2184 -0.0400
6.3764 -0.1694 -0.0400
6.4196 -0.1311 -0.0400
6.5040 -0.1124 -0.0400
8.2089 -0.3009 -0.0400
8.2791 -0.2354 -0.0400
5.9995 0.7406 -0.0400
5.9704 0.7899 -0.0400
5.9591 0.8342 -0.0400
5.9549 0.8765 -0.0400
5.9678 0.9156 -0.0400
5.9890 0.9537 -0.0400
6.0253 0.9905 -0.0400
8.1923 2.0693 -0.0400
8.2026 2.1530 -0.0400
5.6702 2.9619 -0.0400
5.6178 2.9769 -0.0400
5.5711 2.9956 -0.0400
5.5141 3.0037 -0.0400
5.4805 3.0325 -0.0400
5.4552 3.0693 -0.0400
5.4016 3.0774 -0.0400
5.3707 3.1082 -0.0400
5.3607 3.1620 -0.0400
7.0572 5.4558 -0.0400
6.9716 5.4990 -0.0400
6.9301 5.5992 -0.0400
4.1865 4.2114 -0.0400
4.1289 4.1796 -0.0400
4.0784 4.1884 -0.0400
4.0294 4.2089 -0.0400
3.9759 4.1924 -0.0400
3.9249 4.1940 -0.0400
3.8747 4.2081 -0.0400
3.8293 4.3174 -0.0400
3.7764 4.3212 -0.0400
3.7239 4.3493 -0.0400
2.5087 5.0834 -0.0400
2.4599 5.0092 -0.0400
2.3966 4.9829 -0.0400
2.3171 5.0016 -0.0400
-1.3723 2.4399 -0.0400
-1.3966 2.3525 -0.0400
-0.0593 1.4746 -0.0400
-0.1044 1.4106 -0.0400
1.1357 0.0524 -0.0400
1.1831 0.0212 -0.0400
1.2151 -0.0171 -0.0400
1.2364 -0.0610 -0.0400
1.2147 -0.1301 -0.0400
3.0245 -1.1619 -0.0400
3.0700 -1.1632 -0.0400
3.1158 -1.1617 -0.0400
3.1587 -1.1721 -0.0400
3.1988 -1.1979 -0.0400
3.2368 -1.2396 -0.0400
3.2738 -1.2962 -0.0400
3.3062 -1.4008 -0.0400
5.9011 -2.0754 -0.0400
5.9413 -2.0089 -0.0400
5.9977 -1.9669 -0.0400
6.3021 -0.3746 -0.0400
6.3059 -0.3129 -0.0400
6.3260 -0.2620 -0.0400
6.3614 -0.2200 -0.0400
6.4188 -0.1895 -0.0400
6.4783 -0.1587 -0.0400
8.1814 -0.4697 -0.0400
8.1816 -0.3792 -0.0400
5.9654 0.7103 -0.0400
5.9511 0.7564 -0.0400
5.9409 0.8007 -0.0400
5.9512 0.8402 -0.0400
5.9673 0.8787 -0.0400
5.9933 0.9159 -0.0400
8.2180 1.9132 -0.0400
8.2150 1.9940 -0.0400
5.7247 2.8934 -0.0400
5.6774 2.9139 -0.0400
5.6430 2.9439 -0.0400
5.5766 2.9461 -0.0400
5.5379 2.9707 -0.0400
5.5097 3.0044 -0.0400
5.4727 3.0298 -0.0400
5.4268 3.0459 -0.0400
5.4055 3.0862 -0.0400
5.3896 3.1330 -0.0400
7.2294 5.3676 -0.0400
7.1156 5.3796 -0.0400
7.0487 5.4454 -0.0400
7.0370 5.5821 -0.0400
4.2343 4.1836 -0.0400
4.1773 4.1573 -0.0400
4.1291 4.1774 -0.0400
4.0802 4.1959 -0.0400
4.0268 4.1815 -0.0400
3.9768 4.1914 -0.0400
3.9286 4.2242 -0.0400
3.8832 4.3100 -0.0400
3.8304 4.3108 -0.0400
3.7784 4.3348 -0.0400
2.5923 5.0606 -0.0400
2.5347 5.0148 -0.0400
2.4695 4.9952 -0.0400
2.3955 5.0016 -0.0400
2.8078 2.4823 -0.0400
2.8055 2.4428 -0.0400
-1.3450 2.5384 -0.0400
-1.3716 2.4518 -0.0400
-0.0592 1.5507 -0.0400
-0.0657 1.4856 -0.0400
1.1043 0.0533 -0.0400
1.1669 0.0293 -0.0400
1.2080 -0.0044 -0.0400
1.2218 -0.0525 -0.0400
1.2213 -0.1095 -0.0400
1.0879 -1.3771 -0.0400
1.1569 -1.3985 -0.0400
1.2059 -1.4405 -0.0400
3.1502 -1.1723 -0.0400
3.1904 -1.1985 -0.0400
3.2285 -1.2409 -0.0400
3.2634 -1.3124 -0.0400
3.3020 -1.3734 -0.0400
5.8948 -2.0700 -0.0400
5.9388 -2.0088 -0.0400
5.9993 -1.9725 -0.0400
6.3272 -0.4535 -0.0400
6.2993 -0.3695 -0.0400
6.3062 -0.3095 -0.0400
6.3280 -0.2594 -0.0400
6.3715 -0.2219 -0.0400
6.4366 -0.1953 -0.0400
8.1607 -0.4598 -0.0400
8.1832 -0.3780 -0.0400
6.0149 0.6596 -0.0400
5.9459 0.7215 -0.0400
5.9415 0.7650 -0.0400
5.9438 0.8064 -0.0400
5.9571 0.8454 -0.0400
5.9779 0.8832 -0.0400
6.0656 0.9103 -0.0400
8.2263 1.9181 -0.0400
8.2086 1.9969 -0.0400
5.7361 2.9096 -0.0400
5.6684 2.9140 -0.0400
5.6228 2.9346 -0.0400
5.5635 2.9423 -0.0400
5.5327 2.9736 -0.0400
5.5069 3.0093 -0.0400
5.4556 3.0210 -0.0400
5.4230 3.0496 -0.0400
5.4086 3.0968 -0.0400
5.4073 3.1592 -0.0400
7.2060 5.3417 -0.0400
7.1176 5.3827 -0.0400
7.0720 5.4745 -0.0400
7.0617 5.6135 -0.0400
4.2309 4.1661 -0.0400
4.1774 4.1566 -0.0400
4.1302 4.1819 -0.0400
4.0797 4.1884 -0.0400
4.0268 4.1758 -0.0400
3.9776 4.1909 -0.0400
3.9297 4.2235 -0.0400
3.8846 4.3083 -0.0400
3.8329 4.3276 -0.0400
2.5917 5.0863 -0.0400
2.5420 5.0133 -0.0400
2.4723 5.0089 -0.0400
2.3877 5.0460 -0.0400
2.8132 2.4857 -0.0400
2.8115 2.4457 -0.0400
2.8074 2.4106 -0.0400
2.7915 2.3913 -0.0400
2.7742 2.3742 -0.0400
-1.3501 2.5575 -0.0400
-1.3682 2.4689 -0.0400
-0.0530 1.5662 -0.0400
-1.8992 0.4193 -0.0400
1.1202 0.0776 -0.0400
1.1691 0.0470 -0.0400
1.2009 0.0084 -0.0400
1.2207 -0.0364 -0.0400
1.2282 -0.0886 -0.0400
1.0533 -1.3916 -0.0400
1.1500 -1.3843 -0.0400
1.1952 -1.4307 -0.0400
1.2330 -1.4857 -0.0400
3.2543 -1.3160 -0.0400
5.8929 -2.0723 -0.0400
5.9371 -2.0110 -0.0400
6.0295 -2.0192 -0.0400
6.3056 -0.4365 -0.0400
6.2905 -0.3609 -0.0400
6.3037 -0.3050 -0.0400
6.3326 -0.2590 -0.0400
6.3769 -0.2217 -0.0400
6.4448 -0.1965 -0.0400
8.1664 -0.4607 -0.0400
8.2025 -0.3837 -0.0400
5.9558 0.6818 -0.0400
5.9454 0.7275 -0.0400
5.9362 0.7722 -0.0400
5.9447 0.8123 -0.0400
5.9684 0.8492 -0.0400
5.9975 0.8857 -0.0400
6.0438 0.9201 -0.0400
8.2530 1.8438 -0.0400
8.2176 1.9206 -0.0400
5.6951 2.8855 -0.0400
5.6642 2.9183 -0.0400
5.6050 2.9275 -0.0400
5.5623 2.9491 -0.0400
5.5315 2.9803 -0.0400
5.4945 3.0057 -0.0400
5.4491 3.0227 -0.0400
5.4240 3.0585 -0.0400
5.4073 3.1034 -0.0400
7.1999 5.3362 -0.0400
7.1213 5.3884 -0.0400
7.0996 5.5092 -0.0400
4.2821 4.1645 -0.0400
4.2274 4.1508 -0.0400
4.1766 4.1541 -0.0400
4.1322 4.1948 -0.0400
4.0782 4.1774 -0.0400
4.0270 4.1759 -0.0400
3.9784 4.1946 -0.0400
3.9310 4.2319 -0.0400
3.8852 4.3047 -0.0400
3.8340 4.3279 -0.0400
2.6503 5.1560 -0.0400
2.6066 5.0555 -0.0400
2.5478 5.0151 -0.0400
2.4818 4.9997 -0.0400
2.4060 5.0126 -0.0400
2.8142 2.4945 -0.0400
2.8257 2.4369 -0.0400
2.8125 2.4140 -0.0400
2.7969 2.3947 -0.0400
2.7797 2.3777 -0.0400
2.7570 2.3671 -0.0400
2.7328 2.3578 -0.0400
2.7047 2.3523 -0.0400
-1.3320 2.5706 -0.0400
-1.3630 2.4853 -0.0400
-0.0717 1.6490 -0.0400
-0.0500 1.5817 -0.0400
-0.0905 1.5187 -0.0400
-1.8366 0.3497 -0.0400
1.0741 0.0717 -0.0400
1.1486 0.0531 -0.0400
1.1938 0.0214 -0.0400
1.2077 -0.0268 -0.0400
1.2057 -0.0846 -0.0400
1.0609 -1.3619 -0.0400
1.1335 -1.3800 -0.0400
1.1814 -1.4238 -0.0400
1.2265 -1.4706 -0.0400
5.8769 -2.0540 -0.0400
5.9382 -2.0182 -0.0400
6.0258 -2.0193 -0.0400
6.2785 -0.4163 -0.0400
6.2908 -0.3588 -0.0400
6.3047 -0.3030 -0.0400
6.3379 -0.2594 -0.0400
6.3917 -0.2273 -0.0400
6.4984 -0.2229 -0.0400
8.1519 -0.4540 -0.0400
6.0092 0.6277 -0.0400
5.9445 0.6904 -0.0400
5.9402 0.7345 -0.0400
5.9366 0.7778 -0.0400
5.9523 0.8164 -0.0400
5.9723 0.8542 -0.0400
6.0375 0.8841 -0.0400
8.2179 1.9243 -0.0400
8.2421 2.0092 -0.0400
5.7294 2.8629 -0.0400
5.6890 2.8888 -0.0400
5.6453 2.9113 -0.0400
5.5942 2.9267 -0.0400
5.5536 2.9498 -0.0400
5.5300 2.9871 -0.0400
5.4809 3.0014 -0.0400
5.4453 3.0272 -0.0400
5.4300 3.0727 -0.0400
5.4386 3.1435 -0.0400
7.2036 5.3422 -0.0400
7.1316 5.4021 -0.0400
7.1136 5.5277 -0.0400
4.2804 4.1619 -0.0400
4.2248 4.1431 -0.0400
4.1764 4.1573 -0.0400
4.1281 4.1736 -0.0400
4.0760 4.1663 -0.0400
4.0261 4.1712 -0.0400
3.9793 4.2035 -0.0400
3.9330 4.2516 -0.0400
3.8857 4.3070 -0.0400
3.8350 4.3340 -0.0400
2.6723 5.0929 -0.0400
2.6166 5.0395 -0.0400
2.5535 5.0152 -0.0400
2.4826 5.0159 -0.0400
2.3929 5.0697 -0.0400
2.8361 2.4732 -0.0400
2.8285 2.4422 -0.0400
2.8165 2.4180 -0.0400
2.8016 2.3981 -0.0400
2.7840 2.3818 -0.0400
2.7624 2.3703 -0.0400
2.7382 2.3613 -0.0400
2.7096 2.3565 -0.0400
2.6227 2.4120 -0.0400
2.5999 2.3977 -0.0400
2.5747 2.3855 -0.0400
-1.3259 2.5864 -0.0400
-1.3624 2.5025 -0.0400
-0.0677 1.6642 -0.0400
-0.0480 1.5971 -0.0400
-0.0807 1.5338 -0.0400
-1.8963 0.4584 -0.0400
-1.8009 0.3752 -0.0400
1.1856 0.0338 -0.0400
1.2079 -0.0098 -0.0400
1.2173 -0.0607 -0.0400
1.0528 -1.3481 -0.0400
1.1238 -1.3680 -0.0400
1.1729 -1.4106 -0.0400
1.2090 -1.4678 -0.0400
5.8431 -2.1411 -0.0400
5.8761 -2.0599 -0.0400
5.9337 -2.0182 -0.0400
6.0148 -2.0100 -0.0400
6.3200 -0.5108 -0.0400
6.2691 -0.4084 -0.0400
6.2852 -0.3533 -0.0400
6.3064 -0.3020 -0.0400
6.3503 -0.2646 -0.0400
6.3966 -0.2278 -0.0400
8.1611 -0.5492 -0.0400
8.1507 -0.4529 -0.0400
5.9554 0.6488 -0.0400
5.9457 0.6952 -0.0400
5.9339 0.7414 -0.0400
5.9386 0.7827 -0.0400
5.9588 0.8203 -0.0400
5.9822 0.8577 -0.0400
6.0601 0.8853 -0.0400
8.2449 1.9313 -0.0400
5.7224 2.8658 -0.0400
5.6841 2.8931 -0.0400
5.6347 2.9110 -0.0400
5.5787 2.9222 -0.0400
5.5518 2.9566 -0.0400
5.5158 2.9830 -0.0400
5.4730 3.0027 -0.0400
5.4488 3.0392 -0.0400
5.4412 3.0922 -0.0400
7.2905 5.3006 -0.0400
7.1935 5.3330 -0.0400
7.1757 5.4559 -0.0400
7.1320 5.5519 -0.0400
4.2759 4.1492 -0.0400
4.2230 4.1416 -0.0400
4.1750 4.1573 -0.0400
4.1265 4.1709 -0.0400
4.0744 4.1619 -0.0400
4.0256 4.1742 -0.0400
3.9812 4.2267 -0.0400
3.9369 4.2973 -0.0400
3.8850 4.3001 -0.0400
3.8363 4.3553 -0.0400
2.6702 5.1190 -0.0400
2.6190 5.0483 -0.0400
2.5587 5.0149 -0.0400
2.4780 5.0474 -0.0400
2.8349 2.4831 -0.0400
2.8299 2.4485 -0.0400
2.8195 2.4224 -0.0400
2.8077 2.3989 -0.0400
2.7893 2.3839 -0.0400
2.7680 2.3723 -0.0400
2.7443 2.3631 -0.0400
2.6972 2.3788 -0.0400
2.6278 2.4158 -0.0400
2.6049 2.4019 -0.0400
2.5794 2.3903 -0.0400
2.5320 2.3988 -0.0400
2.4836 2.4064 -0.0400
-0.0465 1.6123 -0.0400
-0.0901 1.5497 -0.0400
1.1580 -0.1361 -0.0400
1.0373 -1.3417 -0.0400
1.1110 -1.3591 -0.0400
1.1603 -1.4015 -0.0400
1.1940 -1.4617 -0.0400
5.8173 -2.1089 -0.0400
5.8700 -2.0588 -0.0400
5.9432 -2.0400 -0.0400
6.3225 -0.5118 -0.0400
6.2677 -0.4064 -0.0400
6.2844 -0.3515 -0.0400
6.3093 -0.3023 -0.0400
6.3613 -0.2696 -0.0400
6.4173 -0.2380 -0.0400
8.1263 -0.5346 -0.0400
8.1778 -0.4637 -0.0400
5.9962 0.5961 -0.0400
5.9424 0.6574 -0.0400
5.9286 0.7049 -0.0400
5.9299 0.7474 -0.0400
5.9440 0.7864 -0.0400
5.9607 0.8250 -0.0400
6.0028 0.8586 -0.0400
8.2249 1.8508 -0.0400
8.2536 1.9357 -0.0400
5.7178 2.8706 -0.0400
5.6555 2.8796 -0.0400
5.6078 2.8982 -0.0400
5.5742 2.9271 -0.0400
5.5489 2.9627 -0.0400
5.5070 2.9839 -0.0400
5.4672 3.0062 -0.0400
5.4498 3.0489 -0.0400
5.4611 3.1205 -0.0400
7.2737 5.2850 -0.0400
7.1965 5.3391 -0.0400
7.1509 5.4294 -0.0400
4.3311 4.1728 -0.0400
4.2706 4.1352 -0.0400
4.2212 4.1428 -0.0400
4.1746 4.1648 -0.0400
4.1235 4.1630 -0.0400
4.0726 4.1607 -0.0400
4.0241 4.1731 -0.0400
3.9799 4.2247 -0.0400
3.9357 4.2935 -0.0400
3.8849 4.3078 -0.0400
2.7314 5.1737 -0.0400
2.6856 5.0757 -0.0400
2.6269 5.0354 -0.0400
2.5621 5.0187 -0.0400
2.4892 5.0272 -0.0400
2.8492 2.4702 -0.0400
2.8402 2.4420 -0.0400
2.8269 2.4203 -0.0400
2.8113 2.4018 -0.0400
2.7939 2.3860 -0.0400
2.7737 2.3734 -0.0400
2.7418 2.3739 -0.0400
2.7070 2.3763 -0.0400
2.6328 2.4189 -0.0400
2.6104 2.4048 -0.0400
2.5739 2.4042 -0.0400
2.5374 2.4025 -0.0400
2.4877 2.4116 -0.0400
-0.0463 1.6273 -0.0400
-1.8345 0.5061 -0.0400
-1.8149 0.4109 -0.0400
1.0102 -1.3470 -0.0400
1.0953 -1.3529 -0.0400
1.1453 -1.3948 -0.0400
1.1830 -1.4505 -0.0400
5.8232 -2.1283 -0.0400
5.8669 -2.0633 -0.0400
5.9319 -2.0320 -0.0400
6.2737 -0.4776 -0.0400
6.2569 -0.3986 -0.0400
6.2802 -0.3480 -0.0400
6.3107 -0.3023 -0.0400
6.3661 -0.2714 -0.0400
6.4282 -0.2431 -0.0400
8.1246 -0.5344 -0.0400
8.2172 -0.4799 -0.0400
5.9764 0.6065 -0.0400
5.9387 0.6628 -0.0400
5.9292 0.7091 -0.0400
5.9317 0.7515 -0.0400
5.9494 0.7897 -0.0400
5.9832 0.8246 -0.0400
6.0555 0.8523 -0.0400
8.2337 1.7738 -0.0400
8.2251 1.8539 -0.0400
5.7413 2.8405 -0.0400
5.7028 2.8679 -0.0400
5.6517 2.8852 -0.0400
5.6035 2.9033 -0.0400
5.5700 2.9323 -0.0400
5.5289 2.9545 -0.0400
5.4908 2.9785 -0.0400
5.4642 3.0124 -0.0400
5.4497 3.0578 -0.0400
7.2663 5.2799 -0.0400
7.1983 5.3441 -0.0400
7.2037 5.4935 -0.0400
4.3226 4.1492 -0.0400
4.2670 4.1310 -0.0400
4.2187 4.1428 -0.0400
4.1731 4.1693 -0.0400
4.1195 4.1527 -0.0400
4.0708 4.1621 -0.0400
4.0228 4.1775 -0.0400
3.9798 4.2383 -0.0400
3.9342 4.2926 -0.0400
3.8837 4.3084 -0.0400
2.6873 5.0831 -0.0400
2.6300 5.0378 -0.0400
2.5609 5.0360 -0.0400
2.4758 5.0832 -0.0400
2.8455 2.4816 -0.0400
2.8397 2.4490 -0.0400
2.8286 2.4244 -0.0400
2.8159 2.4027 -0.0400
2.7967 2.3893 -0.0400
2.7748 2.3790 -0.0400
2.7494 2.3723 -0.0400
2.7175 2.3721 -0.0400
2.6608 2.3969 -0.0400
2.6101 2.4128 -0.0400
2.5814 2.4048 -0.0400
2.5458 2.4026 -0.0400
2.4970 2.4113 -0.0400
-0.0428 1.6418 -0.0400
-0.0797 1.5791 -0.0400
-1.8482 0.5227 -0.0400
-1.8084 0.4308 -0.0400
1.0297 -1.3041 -0.0400
1.0890 -1.3364 -0.0400
1.1317 -1.3862 -0.0400
1.1753 -1.4354 -0.0400
5.7795 -2.2072 -0.0400
5.8056 -2.1111 -0.0400
5.8632 -2.0681 -0.0400
5.9451 -2.0614 -0.0400
6.2813 -0.5532 -0.0400
6.2569 -0.4662 -0.0400
6.2642 -0.4036 -0.0400
6.2809 -0.3484 -0.0400
6.3172 -0.3060 -0.0400
6.3946 -0.2881 -0.0400
8.1256 -0.5358 -0.0400
5.9493 0.6190 -0.0400
5.9267 0.6703 -0.0400
5.9242 0.7145 -0.0400
5.9340 0.7550 -0.0400
5.9536 0.7929 -0.0400
5.9871 0.8280 -0.0400
8.2629 1.7791 -0.0400
8.2357 1.8579 -0.0400
5.7398 2.8478 -0.0400
5.6762 2.8570 -0.0400
5.6268 2.8749 -0.0400
5.5931 2.9039 -0.0400
5.5687 2.9401 -0.0400
5.5244 2.9597 -0.0400
5.4862 2.9835 -0.0400
5.4601 3.0179 -0.0400
7.2648 5.2816 -0.0400
7.2567 5.4126 -0.0400
7.2125 5.5066 -0.0400
4.3139 4.1267 -0.0400
4.2631 4.1274 -0.0400
4.2171 4.1492 -0.0400
4.1682 4.1577 -0.0400
4.1163 4.1489 -0.0400
4.0682 4.1609 -0.0400
4.0227 4.1937 -0.0400
3.9833 4.2858 -0.0400
3.9328 4.2967 -0.0400
3.8829 4.3190 -0.0400
2.6971 5.0561 -0.0400
2.6343 5.0333 -0.0400
2.5658 5.0307 -0.0400
2.4862 5.0613 -0.0400
2.8584 2.5106 -0.0400
2.8574 2.4702 -0.0400
2.8482 2.4428 -0.0400
2.8345 2.4223 -0.0400
2.8189 2.4046 -0.0400
2.8013 2.3896 -0.0400
2.7804 2.3785 -0.0400
2.7456 2.3829 -0.0400
2.7062 2.3909 -0.0400
2.6403 2.4253 -0.0400
2.6164 2.4133 -0.0400
2.5889 2.4045 -0.0400
2.5557 2.4004 -0.0400
1.3078 2.9745 -0.0400
1.2943 2.9239 -0.0400
1.2705 2.8807 -0.0400
-1.8463 0.5415 -0.0400
1.0713 0.1370 -0.0400
1.1290 0.1101 -0.0400
0.9982 -1.3132 -0.0400
1.0750 -1.3280 -0.0400
1.1212 -1.3740 -0.0400
1.1356 -1.4563 -0.0400
5.8092 -2.1291 -0.0400
5.8668 -2.0851 -0.0400
6.2639 -0.5418 -0.0400
6.2497 -0.4622 -0.0400
6.2602 -0.4017 -0.0400
6.2833 -0.3505 -0.0400
6.3243 -0.3108 -0.0400
6.3778 -0.2782 -0.0400
8.1337 -0.5407 -0.0400
5.9727 0.5690 -0.0400
5.9460 0.6233 -0.0400
5.9240 0.6745 -0.0400
5.9241 0.7181 -0.0400
5.9385 0.7574 -0.0400
5.9668 0.7934 -0.0400
6.0175 0.8249 -0.0400
8.2290 1.7786 -0.0400
5.7653 2.8190 -0.0400
5.7222 2.8438 -0.0400
5.6763 2.8655 -0.0400
5.6243 2.8816 -0.0400
5.5891 2.9095 -0.0400
5.5490 2.9330 -0.0400
5.5098 2.9564 -0.0400
5.4838 2.9907 -0.0400
5.4714 3.0373 -0.0400
7.3341 5.2225 -0.0400
7.2674 5.2878 -0.0400
7.2563 5.4153 -0.0400
7.2141 5.5116 -0.0400
4.3751 4.1781 -0.0400
4.3103 4.1270 -0.0400
4.2598 4.1280 -0.0400
4.2147 4.1536 -0.0400
4.1623 4.1438 -0.0400
4.1128 4.1466 -0.0400
4.0656 4.1632 -0.0400
4.0216 4.2052 -0.0400
3.9805 4.2831 -0.0400
3.9305 4.2968 -0.0400
3.8837 4.3538 -0.0400
2.7581 5.0970 -0.0400
2.6998 5.0546 -0.0400
2.6370 5.0328 -0.0400
2.5689 5.0295 -0.0400
2.8534 2.4801 -0.0400
2.8468 2.4491 -0.0400
2.8392 2.4208 -0.0400
2.8223 2.4051 -0.0400
2.8030 2.3925 -0.0400
2.7806 2.3834 -0.0400
2.7548 2.3778 -0.0400
2.7209 2.3804 -0.0400
2.6449 2.4264 -0.0400
2.6148 2.4211 -0.0400
2.5836 2.4160 -0.0400
2.5439 2.4182 -0.0400
1.3067 3.0462 -0.0400
1.3147 2.9798 -0.0400
1.3005 2.9300 -0.0400
1.2754 2.8878 -0.0400
1.2156 2.8671 -0.0400
-1.8342 0.5616 -0.0400
1.1039 0.1142 -0.0400
1.1589 0.0871 -0.0400
1.1764 0.0410 -0.0400
1.1795 -0.0135 -0.0400
1.0060 -1.2821 -0.0400
1.0647 -1.3154 -0.0400
1.1076 -1.3650 -0.0400
1.1458 -1.4204 -0.0400
2.7932 -1.1197 -0.0400
5.7568 -2.1964 -0.0400
5.7936 -2.1171 -0.0400
5.8547 -2.0789 -0.0400
5.9440 -2.0828 -0.0400
6.2624 -0.5428 -0.0400
6.2480 -0.4626 -0.0400
6.2513 -0.3970 -0.0400
6.2852 -0.3528 -0.0400
6.3294 -0.3150 -0.0400
6.3899 -0.2863 -0.0400
8.0992 -0.6213 -0.0400
8.1337 -0.5428 -0.0400
5.9454 0.5810 -0.0400
5.9312 0.6308 -0.0400
5.9186 0.6791 -0.0400
5.9263 0.7206 -0.0400
5.9415 0.7599 -0.0400
5.9750 0.7947 -0.0400
6.0451 0.8218 -0.0400
8.2675 1.7025 -0.0400
8.2328 1.7812 -0.0400
5.7447 2.8134 -0.0400
5.7036 2.8391 -0.0400
5.6487 2.8540 -0.0400
5.6117 2.8809 -0.0400
5.5860 2.9160 -0.0400
5.5472 2.9405 -0.0400
5.5058 2.9622 -0.0400
5.4784 2.9952 -0.0400
7.3401 5.2323 -0.0400
7.2657 5.2897 -0.0400
7.2495 5.4113 -0.0400
4.3573 4.1265 -0.0400
4.3041 4.1180 -0.0400
4.2565 4.1310 -0.0400
4.2129 4.1628 -0.0400
4.1588 4.1444 -0.0400
4.1095 4.1482 -0.0400
4.0629 4.1674 -0.0400
4.0242 4.2474 -0.0400
3.9775 4.2818 -0.0400
3.9286 4.3057 -0.0400
2.7622 5.0862 -0.0400
2.7025 5.0511 -0.0400
2.6388 5.0333 -0.0400
2.5559 5.0817 -0.0400
2.8677 2.5041 -0.0400
2.8638 2.4686 -0.0400
2.8539 2.4428 -0.0400
2.8402 2.4230 -0.0400
2.8246 2.4060 -0.0400
2.8068 2.3919 -0.0400
2.7794 2.3891 -0.0400
2.7500 2.3878 -0.0400
2.7073 2.4002 -0.0400
2.6465 2.4298 -0.0400
2.6223 2.4187 -0.0400
2.5938 2.4115 -0.0400
2.5578 2.4106 -0.0400
1.3031 3.0583 -0.0400
1.3180 2.9870 -0.0400
1.3053 2.9363 -0.0400
1.2710 2.9003 -0.0400
1.2177 2.8756 -0.0400
-1.8216 0.5815 -0.0400
-1.8293 0.4825 -0.0400
1.0460 0.1578 -0.0400
1.1104 0.1340 -0.0400
1.1491 0.0987 -0.0400
1.1747 0.0569 -0.0400
1.1877 0.0082 -0.0400
0.9674 -1.2981 -0.0400
1.0495 -1.3078 -0.0400
1.0970 -1.3526 -0.0400
1.1017 -1.4457 -0.0400
2.7771 -1.1268 -0.0400
2.8339 -1.1013 -0.0400
2.8789 -1.1108 -0.0400
2.9180 -1.1408 -0.0400
5.7855 -2.1185 -0.0400
5.8603 -2.1014 -0.0400
6.2177 -0.5126 -0.0400
6.2280 -0.4508 -0.0400
6.2513 -0.3991 -0.0400
6.2855 -0.3549 -0.0400
6.3312 -0.3177 -0.0400
8.0933 -0.6215 -0.0400
8.1806 -0.5656 -0.0400
5.9396 0.5851 -0.0400
5.9272 0.6344 -0.0400
5.9176 0.6819 -0.0400
5.9301 0.7221 -0.0400
5.9486 0.7607 -0.0400
5.9963 0.7921 -0.0400
8.2388 1.7023 -0.0400
8.2418 1.7839 -0.0400
5.7906 2.7979 -0.0400
5.7418 2.8196 -0.0400
5.7045 2.8481 -0.0400
5.6469 2.8613 -0.0400
5.6074 2.8863 -0.0400
5.5726 2.9144 -0.0400
5.5296 2.9352 -0.0400
5.5009 2.9672 -0.0400
5.4858 3.0109 -0.0400
7.4202 5.1837 -0.0400
7.3309 5.2265 -0.0400
7.2976 5.3276 -0.0400
7.2677 5.4351 -0.0400
4.3494 4.1139 -0.0400
4.2999 4.1193 -0.0400
4.2553 4.1443 -0.0400
4.2046 4.1432 -0.0400
4.1537 4.1393 -0.0400
4.1063 4.1519 -0.0400
4.0613 4.1813 -0.0400
4.0224 4.2593 -0.0400
3.9743 4.2826 -0.0400
3.9260 4.3108 -0.0400
2.7594 5.1031 -0.0400
2.7046 5.0478 -0.0400
2.6393 5.0365 -0.0400
2.5494 5.1101 -0.0400
2.8595 2.5182 -0.0400
2.8715 2.4599 -0.0400
2.8589 2.4385 -0.0400
2.8439 2.4209 -0.0400
2.8270 2.4059 -0.0400
2.8075 2.3942 -0.0400
2.7850 2.3859 -0.0400
2.7589 2.3813 -0.0400
2.7238 2.3859 -0.0400
2.6461 2.4345 -0.0400
2.6196 2.4260 -0.0400
2.5876 2.4224 -0.0400
2.5457 2.4272 -0.0400
1.3175 2.9961 -0.0400
1.3126 2.9403 -0.0400
1.2777 2.9050 -0.0400
1.2259 2.8797 -0.0400
-1.9339 0.6818 -0.0400
-1.8272 0.5983 -0.0400
1.0880 0.1393 -0.0400
1.1453 0.1132 -0.0400
1.1649 0.0684 -0.0400
1.1724 0.0165 -0.0400
1.1541 -0.0512 -0.0400
1.1234 -1.3968 -0.0400
2.7687 -1.1099 -0.0400
2.8193 -1.1039 -0.0400
2.8652 -1.1109 -0.0400
2.9066 -1.1335 -0.0400
2.9543 -1.1331 -0.0400
3.0000 -1.1390 -0.0400
3.0432 -1.1557 -0.0400
5.7318 -2.1859 -0.0400
5.7795 -2.1242 -0.0400
5.8463 -2.0942 -0.0400
5.9608 -2.1354 -0.0400
6.2248 -0.5212 -0.0400
6.2303 -0.4555 -0.0400
6.2516 -0.4020 -0.0400
6.2985 -0.3659 -0.0400
6.3628 -0.3401 -0.0400
8.1013 -0.6285 -0.0400
5.9171 0.5945 -0.0400
5.9141 0.6405 -0.0400
5.9189 0.6834 -0.0400
5.9326 0.7235 -0.0400
5.9535 0.7616 -0.0400
6.0128 0.7903 -0.0400
8.2328 1.7034 -0.0400
8.2360 1.7850 -0.0400
5.7630 2.7881 -0.0400
5.7284 2.8188 -0.0400
5.6697 2.8322 -0.0400
5.6302 2.8577 -0.0400
5.6026 2.8914 -0.0400
5.5715 2.9223 -0.0400
5.5261 2.9414 -0.0400
5.5072 2.9816 -0.0400
5.5225 3.0518 -0.0400
7.4525 5.2195 -0.0400
7.3287 5.2280 -0.0400
7.2786 5.3110 -0.0400
4.4073 4.1545 -0.0400
4.3435 4.1103 -0.0400
4.2954 4.1203 -0.0400
4.2541 4.1591 -0.0400
4.1983 4.1352 -0.0400
4.1496 4.1408 -0.0400
4.1037 4.1613 -0.0400
4.0630 4.2174 -0.0400
4.0209 4.2758 -0.0400
3.9712 4.2876 -0.0400
3.9249 4.3341 -0.0400
2.8235 5.1238 -0.0400
2.7660 5.0768 -0.0400
2.7051 5.0484 -0.0400
2.6374 5.0472 -0.0400
2.5630 5.0671 -0.0400
2.8769 2.4935 -0.0400
2.8699 2.4633 -0.0400
2.8587 2.4402 -0.0400
2.8446 2.4216 -0.0400
2.8278 2.4069 -0.0400
2.8066 2.3975 -0.0400
2.7823 2.3916 -0.0400
2.7521 2.3918 -0.0400
2.7049 2.4099 -0.0400
2.6512 2.4325 -0.0400
2.6269 2.4222 -0.0400
2.5979 2.4161 -0.0400
2.5239 2.4524 -0.0400
1.3402 3.0483 -0.0400
1.3371 2.9906 -0.0400
1.3173 2.9454 -0.0400
1.2855 2.9082 -0.0400
1.2380 2.8807 -0.0400
1.0419 0.1883 -0.0400
1.0993 0.1611 -0.0400
1.1362 0.1250 -0.0400
1.1615 0.0831 -0.0400
1.1755 0.0351 -0.0400
2.7393 -1.1544 -0.0400
2.8070 -1.0982 -0.0400
2.8529 -1.1056 -0.0400
2.8910 -1.1397 -0.0400
2.9397 -1.1370 -0.0400
2.9871 -1.1368 -0.0400
3.0309 -1.1513 -0.0400
3.0677 -1.2004 -0.0400
3.1025 -1.2675 -0.0400
3.1438 -1.3091 -0.0400
5.7326 -2.2049 -0.0400
5.7741 -2.1321 -0.0400
5.8602 -2.1320 -0.0400
6.2038 -0.5810 -0.0400
6.2022 -0.5085 -0.0400
6.2202 -0.4520 -0.0400
6.2510 -0.4050 -0.0400
6.2938 -0.3660 -0.0400
6.3538 -0.3374 -0.0400
8.0652 -0.7110 -0.0400
8.1097 -0.6363 -0.0400
5.9639 0.5324 -0.0400
5.9293 0.5913 -0.0400
5.9092 0.6434 -0.0400
5.9181 0.6851 -0.0400
5.9421 0.7223 -0.0400
5.9725 0.7581 -0.0400
6.0164 0.7911 -0.0400
8.2518 1.6242 -0.0400
8.2323 1.7045 -0.0400
5.8062 2.7699 -0.0400
5.7591 2.7934 -0.0400
5.7235 2.8236 -0.0400
5.6658 2.8377 -0.0400
5.6239 2.8616 -0.0400
5.5953 2.8946 -0.0400
5.5489 2.9136 -0.0400
5.5187 2.9444 -0.0400
5.5011 2.9856 -0.0400
5.5073 3.0478 -0.0400
7.3952 5.1663 -0.0400
7.3305 5.2337 -0.0400
7.3227 5.3618 -0.0400
4.4524 4.1481 -0.0400
4.3903 4.1140 -0.0400
4.3385 4.1114 -0.0400
4.2935 4.1331 -0.0400
4.2477 4.1528 -0.0400
4.1931 4.1334 -0.0400
4.1455 4.1443 -0.0400
4.1015 4.1748 -0.0400
4.0673 4.2720 -0.0400
4.0168 4.2768 -0.0400
3.9693 4.3053 -0.0400
2.8254 5.1143 -0.0400
2.7669 5.0732 -0.0400
2.7056 5.0471 -0.0400
2.6303 5.0752 -0.0400
2.8875 2.4777 -0.0400
2.8766 2.4540 -0.0400
2.8627 2.4353 -0.0400
2.8471 2.4191 -0.0400
2.8297 2.4054 -0.0400
2.8095 2.3954 -0.0400
2.7867 2.3880 -0.0400
2.7400 2.4077 -0.0400
2.6730 2.4476 -0.0400
2.6499 2.4366 -0.0400
2.6231 2.4290 -0.0400
2.5905 2.4265 -0.0400
2.5462 2.4344 -0.0400
1.3240 3.0674 -0.0400
1.3351 2.9994 -0.0400
1.3195 2.9514 -0.0400
1.2774 2.9212 -0.0400
1.2014 2.9114 -0.0400
1.0183 0.1931 -0.0400
1.0858 0.1705 -0.0400
1.1267 0.1363 -0.0400
1.1508 0.0938 -0.0400
1.1573 0.0416 -0.0400
1.1391 -0.0258 -0.0400
2.6795 -1.1533 -0.0400
2.7538 -1.0830 -0.0400
2.7994 -1.0921 -0.0400
2.8415 -1.1119 -0.0400
2.8866 -1.1223 -0.0400
2.9330 -1.1271 -0.0400
2.9753 -1.1479 -0.0400
3.0161 -1.1769 -0.0400
3.0447 -1.2680 -0.0400
3.0885 -1.2946 -0.0400
5.6467 -2.2149 -0.0400
5.7074 -2.1743 -0.0400
5.7867 -2.1644 -0.0400
6.1969 -0.6523 -0.0400
6.1800 -0.5660 -0.0400
6.1930 -0.5048 -0.0400
6.2274 -0.4600 -0.0400
6.2826 -0.4294 -0.0400
6.3743 -0.4218 -0.0400
8.0328 -0.7947 -0.0400
8.0770 -0.7197 -0.0400
5.9326 0.4974 -0.0400
5.9099 0.5528 -0.0400
5.8968 0.6031 -0.0400
5.9100 0.6437 -0.0400
5.9293 0.6822 -0.0400
5.9852 0.7102 -0.0400
8.2527 1.5431 -0.0400
8.2400 1.6240 -0.0400
5.8219 2.7316 -0.0400
5.7801 2.7589 -0.0400
5.7105 2.7674 -0.0400
5.6733 2.7954 -0.0400
5.6471 2.8302 -0.0400
5.6180 2.8629 -0.0400
5.5726 2.8833 -0.0400
5.5519 2.9217 -0.0400
5.5572 2.9812 -0.0400
7.4683 5.1095 -0.0400
7.4515 5.2245 -0.0400
7.4154 5.3233 -0.0400
4.4293 4.0857 -0.0400
4.3812 4.0956 -0.0400
4.3399 4.1298 -0.0400
4.2870 4.1213 -0.0400
4.2369 4.1219 -0.0400
4.1913 4.1412 -0.0400
4.1474 4.1708 -0.0400
4.1136 4.2603 -0.0400
4.0638 4.2694 -0.0400
4.0197 4.3182 -0.0400
2.8941 5.1054 -0.0400
2.8331 5.0759 -0.0400
2.7693 5.0612 -0.0400
2.6932 5.0968 -0.0400
2.9151 2.5175 -0.0400
2.9079 2.4867 -0.0400
2.8968 2.4632 -0.0400
2.8828 2.4447 -0.0400
2.8678 2.4279 -0.0400
2.8481 2.4177 -0.0400
2.8260 2.4104 -0.0400
2.8010 2.4062 -0.0400
2.7686 2.4103 -0.0400
2.6957 2.4596 -0.0400
2.6738 2.4478 -0.0400
2.6369 2.4518 -0.0400
2.5989 2.4556 -0.0400
1.3873 3.0860 -0.0400
1.3784 3.0324 -0.0400
1.3546 2.9903 -0.0400
1.3177 2.9573 -0.0400
1.2601 2.9372 -0.0400
-1.2474 2.9893 -0.0400
-1.2345 2.8921 -0.0400
-1.2670 2.8093 -0.0400
0.9871 0.2443 -0.0400
1.0581 0.2222 -0.0400
1.1078 0.1918 -0.0400
1.1275 0.1473 -0.0400
1.1371 0.0973 -0.0400
1.1298 0.0372 -0.0400
2.7275 -1.1024 -0.0400
2.7795 -1.0934 -0.0400
2.8259 -1.0997 -0.0400
2.8686 -1.1185 -0.0400
2.9136 -1.1292 -0.0400
2.9601 -1.1336 -0.0400
3.0048 -1.1449 -0.0400
3.0426 -1.1895 -0.0400
3.0766 -1.2606 -0.0400
3.1161 -1.3130 -0.0400
5.6561 -2.2593 -0.0400
5.6973 -2.1832 -0.0400
5.7572 -2.1409 -0.0400
5.8343 -2.1263 -0.0400
6.1896 -0.5810 -0.0400
6.1941 -0.5127 -0.0400
6.2161 -0.4585 -0.0400
6.2506 -0.4137 -0.0400
6.2991 -0.3780 -0.0400
6.3716 -0.3568 -0.0400
8.0774 -0.7271 -0.0400
5.9411 0.5407 -0.0400
5.9013 0.6016 -0.0400
5.9076 0.6448 -0.0400
5.9224 0.6850 -0.0400
5.9438 0.7233 -0.0400
6.0164 0.7476 -0.0400
8.2404 1.6243 -0.0400
8.2531 1.7067 -0.0400
5.8556 2.7610 -0.0400
5.7848 2.7716 -0.0400
5.7241 2.7863 -0.0400
5.6761 2.8077 -0.0400
5.6423 2.8375 -0.0400
5.6170 2.8731 -0.0400
5.5657 2.8893 -0.0400
5.5369 2.9214 -0.0400
5.5199 2.9628 -0.0400
5.5242 3.0224 -0.0400
7.4819 5.1272 -0.0400
7.3888 5.1675 -0.0400
7.3532 5.2645 -0.0400
7.3266 5.3732 -0.0400
4.4254 4.0985 -0.0400
4.3747 4.0999 -0.0400
4.3287 4.1166 -0.0400
4.2868 4.1500 -0.0400
4.2307 4.1270 -0.0400
4.1833 4.1375 -0.0400
4.1409 4.1734 -0.0400
4.1001 4.2228 -0.0400
4.0577 4.2720 -0.0400
4.0104 4.2974 -0.0400
3.9650 4.3433 -0.0400
2.8764 5.1910 -0.0400
2.8285 5.0917 -0.0400
2.7689 5.0580 -0.0400
2.7018 5.0580 -0.0400
2.6171 5.1224 -0.0400
2.8890 2.5560 -0.0400
2.8954 2.5030 -0.0400
2.8877 2.4742 -0.0400
2.8805 2.4458 -0.0400
2.8651 2.4299 -0.0400
2.8483 2.4162 -0.0400
2.8292 2.4055 -0.0400
2.8079 2.3973 -0.0400
2.7708 2.4077 -0.0400
2.7210 2.4311 -0.0400
2.6743 2.4483 -0.0400
2.6509 2.4383 -0.0400
2.6232 2.4322 -0.0400
2.5888 2.4321 -0.0400
2.5405 2.4444 -0.0400
1.3422 3.0668 -0.0400
1.3561 2.9974 -0.0400
1.3255 2.9604 -0.0400
1.2786 2.9338 -0.0400
-1.2635 2.9174 -0.0400
-1.2588 2.8235 -0.0400
-1.2899 2.7404 -0.0400
1.0075 0.2191 -0.0400
1.0718 0.1950 -0.0400
1.1201 0.1646 -0.0400
1.1414 0.1209 -0.0400
1.1532 0.0720 -0.0400
0.9472 -1.2255 -0.0400
1.0052 -1.2598 -0.0400
1.0472 -1.3103 -0.0400
2.6682 -1.1010 -0.0400
2.7240 -1.0832 -0.0400
2.7722 -1.0854 -0.0400
2.8101 -1.1196 -0.0400
2.8586 -1.1195 -0.0400
2.9058 -1.1224 -0.0400
2.9505 -1.1342 -0.0400
2.9869 -1.1822 -0.0400
3.0182 -1.2609 -0.0400
3.0632 -1.2820 -0.0400
5.5797 -2.2885 -0.0400
5.6283 -2.2242 -0.0400
5.6911 -2.1863 -0.0400
6.1792 -0.6508 -0.0400
6.1531 -0.5571 -0.0400
6.1840 -0.5092 -0.0400
6.2276 -0.4706 -0.0400
6.2889 -0.4438 -0.0400
8.0232 -0.8015 -0.0400
5.9171 0.4547 -0.0400
5.8936 0.5116 -0.0400
5.8905 0.5593 -0.0400
5.8976 0.6026 -0.0400
5.9138 0.6425 -0.0400
5.9610 0.6726 -0.0400
6.0249 0.6990 -0.0400
8.2805 1.4614 -0.0400
8.2477 1.5428 -0.0400
8.2760 1.6257 -0.0400
5.8420 2.7049 -0.0400
5.7940 2.7293 -0.0400
5.7341 2.7453 -0.0400
5.6930 2.7714 -0.0400
5.6640 2.8047 -0.0400
5.6247 2.8307 -0.0400
5.5875 2.8573 -0.0400
5.5614 2.8915 -0.0400
5.5471 2.9348 -0.0400
7.5582 5.0718 -0.0400
7.4684 5.1167 -0.0400
7.4558 5.2358 -0.0400
4.5233 4.0936 -0.0400
4.4659 4.0774 -0.0400
4.4171 4.0853 -0.0400
4.3732 4.1086 -0.0400
4.3226 4.1092 -0.0400
4.2737 4.1141 -0.0400
4.2274 4.1293 -0.0400
4.1835 4.1559 -0.0400
4.1535 4.2544 -0.0400
4.1038 4.2629 -0.0400
4.0627 4.3236 -0.0400
2.9514 5.1436 -0.0400
2.8945 5.0897 -0.0400
2.8323 5.0682 -0.0400
2.7643 5.0744 -0.0400
2.6800 5.1442 -0.0400
2.9242 2.5397 -0.0400
2.9202 2.5031 -0.0400
2.9154 2.4697 -0.0400
2.9007 2.4527 -0.0400
2.8849 2.4377 -0.0400
2.8677 2.4249 -0.0400
2.8445 2.4200 -0.0400
2.8207 2.4154 -0.0400
2.7919 2.4164 -0.0400
2.7513 2.4305 -0.0400
2.6962 2.4595 -0.0400
2.6644 2.4594 -0.0400
2.6327 2.4580 -0.0400
2.5907 2.4665 -0.0400
1.3988 3.0885 -0.0400
1.3870 3.0375 -0.0400
1.3612 2.9975 -0.0400
1.3220 2.9665 -0.0400
-1.2356 3.0095 -0.0400
-1.2286 2.9145 -0.0400
1.0547 0.2512 -0.0400
1.0909 0.2145 -0.0400
1.1159 0.1727 -0.0400
1.1267 0.1236 -0.0400
0.8702 -1.1938 -0.0400
0.9488 -1.2086 -0.0400
0.9948 -1.2549 -0.0400
0.9949 -1.3506 -0.0400
2.7133 -1.0704 -0.0400
2.7581 -1.0825 -0.0400
2.7988 -1.1079 -0.0400
2.8432 -1.1218 -0.0400
2.8914 -1.1218 -0.0400
2.9344 -1.1410 -0.0400
2.9745 -1.1738 -0.0400
3.0060 -1.2513 -0.0400
3.0495 -1.2793 -0.0400
6.2038 -0.7548 -0.0400
6.1464 -0.6318 -0.0400
6.1562 -0.5664 -0.0400
6.1815 -0.5139 -0.0400
6.2195 -0.4711 -0.0400
6.3210 -0.4722 -0.0400
8.0613 -0.8275 -0.0400
5.9332 0.4462 -0.0400
5.8989 0.5080 -0.0400
5.8927 0.5572 -0.0400
5.9000 0.6007 -0.0400
5.9240 0.6381 -0.0400
5.9620 0.6716 -0.0400
6.0307 0.6967 -0.0400
8.2565 1.4603 -0.0400
8.2487 1.5421 -0.0400
5.8685 2.6741 -0.0400
5.8218 2.7001 -0.0400
5.7911 2.7344 -0.0400
5.7187 2.7429 -0.0400
5.6859 2.7741 -0.0400
5.6603 2.8096 -0.0400
5.6135 2.8305 -0.0400
5.5819 2.8611 -0.0400
5.5603 2.8987 -0.0400
7.6294 5.0119 -0.0400
7.5111 5.0319 -0.0400
7.4564 5.1086 -0.0400
7.4514 5.2347 -0.0400
4.5156 4.0899 -0.0400
4.4591 4.0765 -0.0400
4.4113 4.0870 -0.0400
4.3682 4.1127 -0.0400
4.3157 4.1062 -0.0400
4.2682 4.1164 -0.0400
4.2228 4.1348 -0.0400
4.1947 4.2327 -0.0400
4.1478 4.2539 -0.0400
4.0997 4.2706 -0.0400
4.0547 4.3074 -0.0400
2.9504 5.1374 -0.0400
2.8931 5.0862 -0.0400
2.8294 5.0732 -0.0400
2.7580 5.0947 -0.0400
2.9330 2.5198 -0.0400
2.9238 2.4926 -0.0400
2.9160 2.4645 -0.0400
2.9007 2.4489 -0.0400
2.8844 2.4349 -0.0400
2.8643 2.4265 -0.0400
2.8429 2.4195 -0.0400
2.8192 2.4150 -0.0400
2.7903 2.4165 -0.0400
2.7147 2.4732 -0.0400
2.6917 2.4638 -0.0400
2.6658 2.4571 -0.0400
2.6353 2.4548 -0.0400
2.5969 2.4599 -0.0400
1.4180 3.1388 -0.0400
1.4138 3.0815 -0.0400
1.3928 3.0380 -0.0400
1.3596 3.0034 -0.0400
1.3089 2.9805 -0.0400
-1.2313 2.9266 -0.0400
-0.0181 1.8897 -0.0400
0.9762 0.2844 -0.0400
1.0383 0.2584 -0.0400
1.0889 0.2285 -0.0400
1.1127 0.1864 -0.0400
1.1164 0.1336 -0.0400
1.1115 0.0753 -0.0400
0.8832 -1.1588 -0.0400
0.9406 -1.1940 -0.0400
0.9808 -1.2462 -0.0400
1.0189 -1.3010 -0.0400
2.6400 -1.0938 -0.0400
2.6966 -1.0746 -0.0400
2.7446 -1.0774 -0.0400
2.7872 -1.0969 -0.0400
2.8318 -1.1097 -0.0400
2.8780 -1.1166 -0.0400
2.9217 -1.1331 -0.0400
2.9621 -1.1644 -0.0400
2.9985 -1.2182 -0.0400
3.0305 -1.3025 -0.0400
6.1252 -0.6229 -0.0400
6.1460 -0.5662 -0.0400
6.1797 -0.5199 -0.0400
6.2258 -0.4827 -0.0400
6.2915 -0.4585 -0.0400
8.0017 -0.9032 -0.0400
8.0285 -0.8183 -0.0400
5.8922 0.4611 -0.0400
5.8817 0.5128 -0.0400
5.8856 0.5580 -0.0400
5.8994 0.5992 -0.0400
5.9224 0.6372 -0.0400
5.9583 0.6715 -0.0400
8.2560 1.4589 -0.0400
8.2509 1.5409 -0.0400
5.8613 2.6763 -0.0400
5.8107 2.7002 -0.0400
5.7617 2.7237 -0.0400
5.7063 2.7421 -0.0400
5.6800 2.7773 -0.0400
5.6603 2.8168 -0.0400
5.6050 2.8321 -0.0400
5.5791 2.8667 -0.0400
5.5870 2.9261 -0.0400
7.6147 5.0017 -0.0400
7.5081 5.0322 -0.0400
7.4517 5.1073 -0.0400
4.5096 4.0918 -0.0400
4.4519 4.0746 -0.0400
4.4106 4.1053 -0.0400
4.3614 4.1114 -0.0400
4.3094 4.1064 -0.0400
4.2626 4.1192 -0.0400
4.2252 4.1706 -0.0400
4.1922 4.2484 -0.0400
4.1422 4.2550 -0.0400
4.0957 4.2798 -0.0400
3.0094 5.1700 -0.0400
2.9508 5.1203 -0.0400
2.8919 5.0798 -0.0400
2.8273 5.0724 -0.0400
2.7549 5.0994 -0.0400
2.9313 2.5608 -0.0400
2.9396 2.5025 -0.0400
2.9276 2.4808 -0.0400
2.9134 2.4634 -0.0400
2.9001 2.4450 -0.0400
2.8830 2.4326 -0.0400
2.8616 2.4263 -0.0400
2.8398 2.4200 -0.0400
2.8154 2.4168 -0.0400
2.7343 2.4839 -0.0400
2.7138 2.4720 -0.0400
2.6909 2.4627 -0.0400
2.6653 2.4561 -0.0400
2.6158 2.4749 -0.0400
1.4027 3.1547 -0.0400
1.4104 3.0879 -0.0400
1.3944 3.0408 -0.0400
1.3512 3.0135 -0.0400
1.2756 3.0076 -0.0400
-1.1975 3.0187 -0.0400
-1.2299 2.9368 -0.0400
-0.0111 1.8987 -0.0400
1.0821 0.2398 -0.0400
1.1055 0.1976 -0.0400
1.1182 0.1497 -0.0400
1.0843 0.0758 -0.0400
0.8575 -1.1614 -0.0400
0.9286 -1.1833 -0.0400
0.9723 -1.2318 -0.0400
0.9793 -1.3196 -0.0400
2.6850 -1.0636 -0.0400
2.7303 -1.0745 -0.0400
2.7710 -1.1001 -0.0400
2.8152 -1.1151 -0.0400
2.8635 -1.1153 -0.0400
2.9088 -1.1255 -0.0400
2.9429 -1.1835 -0.0400
2.9757 -1.2558 -0.0400
3.0188 -1.2871 -0.0400
6.1422 -0.7214 -0.0400
6.1307 -0.6362 -0.0400
6.1463 -0.5749 -0.0400
6.1755 -0.5249 -0.0400
6.2388 -0.4999 -0.0400
6.3328 -0.4949 -0.0400
7.9769 -0.8984 -0.0400
5.9087 0.4511 -0.0400
5.8887 0.5073 -0.0400
5.8838 0.5563 -0.0400
5.9049 0.5950 -0.0400
5.9376 0.6300 -0.0400
5.9920 0.6587 -0.0400
8.2546 1.4570 -0.0400
8.2770 1.5397 -0.0400
5.9061 2.6536 -0.0400
5.8474 2.6746 -0.0400
5.8079 2.7046 -0.0400
5.7344 2.7140 -0.0400
5.7028 2.7464 -0.0400
5.6808 2.7844 -0.0400
5.6381 2.8090 -0.0400
5.6000 2.8357 -0.0400
5.5809 2.8752 -0.0400
5.5728 2.9230 -0.0400
7.5932 4.9854 -0.0400
7.5057 5.0329 -0.0400
7.5126 5.1676 -0.0400
4.5514 4.0812 -0.0400
4.4934 4.0652 -0.0400
4.4458 4.0764 -0.0400
4.4045 4.1070 -0.0400
4.3554 4.1132 -0.0400
4.3035 4.1087 -0.0400
4.2600 4.1336 -0.0400
4.2210 4.1790 -0.0400
4.1862 4.2487 -0.0400
4.1369 4.2586 -0.0400
3.0054 5.1775 -0.0400
2.9515 5.0989 -0.0400
2.8893 5.0787 -0.0400
2.8199 5.0957 -0.0400
2.7475 5.1218 -0.0400
1.4667 7.0536 -0.0400
2.9386 2.5403 -0.0400
2.9388 2.4967 -0.0400
2.9294 2.4711 -0.0400
2.9141 2.4561 -0.0400
2.8985 2.4416 -0.0400
2.8801 2.4314 -0.0400
2.8607 2.4226 -0.0400
2.8343 2.4231 -0.0400
2.8078 2.4225 -0.0400
2.7328 2.4823 -0.0400
2.7114 2.4718 -0.0400
2.6883 2.4631 -0.0400
2.6501 2.4709 -0.0400
2.6113 2.4777 -0.0400
1.4055 3.2177 -0.0400
1.4353 3.1317 -0.0400
1.4228 3.0815 -0.0400
1.3976 3.0416 -0.0400
1.3606 3.0103 -0.0400
1.3038 2.9920 -0.0400
-1.2062 3.0316 -0.0400
-1.2414 2.9505 -0.0400
-0.0097 1.9079 -0.0400
1.0923 0.0953 -0.0400
0.8332 -1.1627 -0.0400
0.9198 -1.1697 -0.0400
0.9595 -1.2221 -0.0400
0.9928 -1.2818 -0.0400
2.6666 -1.0719 -0.0400
2.7163 -1.0704 -0.0400
2.7598 -1.0870 -0.0400
2.8030 -1.1049 -0.0400
2.8498 -1.1104 -0.0400
2.8934 -1.1272 -0.0400
2.9335 -1.1601 -0.0400
2.9672 -1.2263 -0.0400
3.0070 -1.2719 -0.0400
6.1667 -0.7521 -0.0400
6.1108 -0.6296 -0.0400
6.1373 -0.5770 -0.0400
6.1751 -0.5334 -0.0400
6.2256 -0.4989 -0.0400
6.2989 -0.4795 -0.0400
7.9849 -0.9117 -0.0400
8.0356 -0.8388 -0.0400
5.9225 0.3922 -0.0400
5.8828 0.4585 -0.0400
5.8767 0.5088 -0.0400
5.8840 0.5531 -0.0400
5.9018 0.5933 -0.0400
5.9296 0.6301 -0.0400
8.2561 1.4546 -0.0400
5.9039 2.6576 -0.0400
5.8326 2.6720 -0.0400
5.7787 2.6939 -0.0400
5.7248 2.7143 -0.0400
5.6984 2.7498 -0.0400
5.6747 2.7868 -0.0400
5.6224 2.8052 -0.0400
5.5971 2.8404 -0.0400
5.5946 2.8917 -0.0400
7.5714 4.9687 -0.0400
7.5338 5.0609 -0.0400
7.5131 5.1705 -0.0400
4.5489 4.0927 -0.0400
4.4854 4.0622 -0.0400
4.4442 4.0918 -0.0400
4.3965 4.1030 -0.0400
4.3438 4.0969 -0.0400
4.2974 4.1105 -0.0400
4.2539 4.1353 -0.0400
4.2152 4.1817 -0.0400
4.1802 4.2501 -0.0400
4.1354 4.2816 -0.0400
3.0060 5.1511 -0.0400
2.9496 5.0910 -0.0400
2.8852 5.0843 -0.0400
2.8177 5.0918 -0.0400
1.4707 7.0475 -0.0400
2.9534 2.5501 -0.0400
2.9457 2.5191 -0.0400
2.9398 2.4869 -0.0400
2.9280 2.4658 -0.0400
2.9123 2.4516 -0.0400
2.8960 2.4387 -0.0400
2.8754 2.4321 -0.0400
2.8548 2.4251 -0.0400
2.8249 2.4304 -0.0400
2.7938 2.4360 -0.0400
2.7321 2.4789 -0.0400
2.7075 2.4726 -0.0400
2.6834 2.4652 -0.0400
2.6420 2.4769 -0.0400
2.6000 2.4874 -0.0400
1.4325 3.1361 -0.0400
1.4229 3.0838 -0.0400
1.3943 3.0466 -0.0400
1.3448 3.0243 -0.0400
-1.1889 3.0352 -0.0400
-1.2225 2.9541 -0.0400
-0.0021 1.9791 -0.0400
-0.0060 1.9163 -0.0400
0.8558 -1.1193 -0.0400
0.9094 -1.1579 -0.0400
0.9483 -1.2111 -0.0400
0.9889 -1.2629 -0.0400
2.7851 -1.1140 -0.0400
2.8346 -1.1103 -0.0400
2.8805 -1.1190 -0.0400
2.9154 -1.1730 -0.0400
2.9470 -1.2500 -0.0400
2.9899 -1.2827 -0.0400
6.0997 -0.7065 -0.0400
6.1099 -0.6391 -0.0400
6.1343 -0.5845 -0.0400
6.1695 -0.5387 -0.0400
6.2455 -0.5227 -0.0400
7.9721 -0.9146 -0.0400
5.8672 0.4609 -0.0400
5.8702 0.5075 -0.0400
5.8840 0.5494 -0.0400
5.9080 0.5875 -0.0400
5.9462 0.6210 -0.0400
6.0183 0.6444 -0.0400
8.2589 1.4516 -0.0400
5.8587 2.6392 -0.0400
5.8244 2.6726 -0.0400
5.7552 2.6861 -0.0400
5.7221 2.7182 -0.0400
5.6941 2.7529 -0.0400
5.6565 2.7813 -0.0400
5.6175 2.8081 -0.0400
5.5959 2.8459 -0.0400
5.6004 2.9023 -0.0400
7.6433 4.9089 -0.0400
7.5603 4.9611 -0.0400
7.5035 5.0356 -0.0400
7.5275 5.1861 -0.0400
4.5954 4.0930 -0.0400
4.5289 4.0583 -0.0400
4.4794 4.0648 -0.0400
4.4371 4.0910 -0.0400
4.3917 4.1090 -0.0400
4.3375 4.0983 -0.0400
4.2941 4.1226 -0.0400
4.2558 4.1676 -0.0400
4.2232 4.2406 -0.0400
4.1741 4.2511 -0.0400
4.1293 4.2824 -0.0400
3.0081 5.1124 -0.0400
2.9464 5.0886 -0.0400
2.8808 5.0892 -0.0400
2.8116 5.1056 -0.0400
1.4722 7.0467 -0.0400
2.9564 2.5343 -0.0400
2.9510 2.5001 -0.0400
2.9402 2.4770 -0.0400
2.9267 2.4592 -0.0400
2.9103 2.4466 -0.0400
2.8924 2.4365 -0.0400
2.8713 2.4309 -0.0400
2.8506 2.4244 -0.0400
2.8199 2.4311 -0.0400
2.7484 2.4898 -0.0400
2.7281 2.4787 -0.0400
2.7009 2.4759 -0.0400
2.6758 2.4698 -0.0400
2.6464 2.4679 -0.0400
1.4524 3.1217 -0.0400
1.4299 3.0800 -0.0400
1.3975 3.0460 -0.0400
1.3521 3.0212 -0.0400
-1.1950 3.0460 -0.0400
-0.0110 1.9886 -0.0400
-0.0010 1.9239 -0.0400
0.8466 -1.1069 -0.0400
0.8995 -1.1460 -0.0400
0.9378 -1.1995 -0.0400
2.9064 -1.1474 -0.0400
2.9426 -1.2011 -0.0400
2.9787 -1.2632 -0.0400
6.0956 -0.7145 -0.0400
6.1063 -0.6472 -0.0400
6.1302 -0.5919 -0.0400
6.1742 -0.5526 -0.0400
6.2340 -0.5242 -0.0400
6.3390 -0.5265 -0.0400
7.9687 -0.9231 -0.0400
5.9059 0.3899 -0.0400
5.8770 0.4519 -0.0400
5.8739 0.5015 -0.0400
5.8829 0.5456 -0.0400
5.9186 0.5795 -0.0400
5.9712 0.6084 -0.0400
8.2883 1.4481 -0.0400
5.9336 2.6291 -0.0400
5.8555 2.6419 -0.0400
5.7941 2.6611 -0.0400
5.7455 2.6855 -0.0400
5.7145 2.7189 -0.0400
5.6918 2.7568 -0.0400
5.6419 2.7777 -0.0400
5.6149 2.8122 -0.0400
5.6000 2.8547 -0.0400
5.6380 2.9346 -0.0400
7.6420 4.9094 -0.0400
7.5607 4.9632 -0.0400
7.5388 5.0693 -0.0400
4.5700 4.0471 -0.0400
4.5190 4.0506 -0.0400
4.4757 4.0737 -0.0400
4.4334 4.1004 -0.0400
4.3788 4.0904 -0.0400
4.3310 4.0997 -0.0400
4.2870 4.1216 -0.0400
4.2478 4.1627 -0.0400
4.2164 4.2398 -0.0400
4.1719 4.2701 -0.0400
3.0621 5.1696 -0.0400
3.0061 5.0984 -0.0400
2.9428 5.0868 -0.0400
2.8772 5.0885 -0.0400
1.5681 7.0906 -0.0400
2.9639 2.5548 -0.0400
2.9608 2.5148 -0.0400
2.9512 2.4891 -0.0400
2.9383 2.4701 -0.0400
2.9237 2.4546 -0.0400
2.9069 2.4431 -0.0400
2.8874 2.4356 -0.0400
2.8649 2.4323 -0.0400
2.8434 2.4270 -0.0400
2.8092 2.4386 -0.0400
2.7455 2.4873 -0.0400
2.7246 2.4772 -0.0400
2.6977 2.4743 -0.0400
2.6621 2.4809 -0.0400
2.6274 2.4848 -0.0400
1.4670 3.1708 -0.0400
1.4546 3.1206 -0.0400
1.4312 3.0800 -0.0400
1.3989 3.0461 -0.0400
1.3037 3.0574 -0.0400
-1.1895 3.1449 -0.0400
-1.1818 3.0497 -0.0400
-1.2201 2.9706 -0.0400
0.0102 1.9930 -0.0400
-0.0234 1.9346 -0.0400
-1.8638 0.9491 -0.0400
0.8172 -1.1138 -0.0400
0.8903 -1.1337 -0.0400
0.9281 -1.1875 -0.0400
6.1036 -0.8126 -0.0400
6.0855 -0.7182 -0.0400
6.0995 -0.6535 -0.0400
6.1243 -0.5986 -0.0400
6.1691 -0.5596 -0.0400
6.2271 -0.5298 -0.0400
6.3202 -0.5237 -0.0400
7.9337 -1.0159 -0.0400
7.9757 -0.9379 -0.0400
5.8716 0.3995 -0.0400
5.8622 0.4528 -0.0400
5.8675 0.4989 -0.0400
5.8835 0.5404 -0.0400
5.9092 0.5782 -0.0400
5.9509 0.6110 -0.0400
6.0481 0.6264 -0.0400
8.2614 1.3610 -0.0400
8.2874 1.4440 -0.0400
5.8890 2.6111 -0.0400
5.8455 2.6408 -0.0400
5.7862 2.6611 -0.0400
5.7407 2.6873 -0.0400
5.7118 2.7219 -0.0400
5.6743 2.7511 -0.0400
5.6368 2.7796 -0.0400
5.6165 2.8185 -0.0400
5.6191 2.8729 -0.0400
7.7534 4.8794 -0.0400
7.6282 4.8990 -0.0400
7.5579 4.9622 -0.0400
7.5710 5.0996 -0.0400
4.5654 4.0530 -0.0400
4.5131 4.0534 -0.0400
4.4688 4.0737 -0.0400
4.4195 4.0801 -0.0400
4.3709 4.0873 -0.0400
4.3263 4.1066 -0.0400
4.2866 4.1439 -0.0400
4.2604 4.2346 -0.0400
4.2099 4.2400 -0.0400
4.1648 4.2672 -0.0400
4.1288 4.3405 -0.0400
3.0615 5.1404 -0.0400
3.0013 5.1032 -0.0400
2.9377 5.0929 -0.0400
2.8696 5.1086 -0.0400
1.5711 7.0829 -0.0400
2.9665 2.5367 -0.0400
2.9600 2.5041 -0.0400
2.9509 2.4779 -0.0400
2.9365 2.4622 -0.0400
2.9203 2.4498 -0.0400
2.9023 2.4406 -0.0400
2.8823 2.4341 -0.0400
2.8593 2.4319 -0.0400
2.8312 2.4361 -0.0400
2.7826 2.4673 -0.0400
2.7404 2.4869 -0.0400
2.7194 2.4772 -0.0400
2.6918 2.4752 -0.0400
2.6536 2.4850 -0.0400
2.6174 2.4908 -0.0400
1.4746 3.1643 -0.0400
1.4578 3.1181 -0.0400
1.4320 3.0795 -0.0400
1.3804 3.0605 -0.0400
1.2864 3.0707 -0.0400
-1.1504 3.1383 -0.0400
-1.1844 3.0582 -0.0400
0.0059 2.0006 -0.0400
-0.0037 1.9391 -0.0400
-1.8747 1.0554 -0.0400
-1.8716 0.9607 -0.0400
0.8244 -1.0864 -0.0400
0.8800 -1.1228 -0.0400
0.9189 -1.1754 -0.0400
0.9538 -1.2327 -0.0400
2.5533 -1.1151 -0.0400
6.1199 -0.6071 -0.0400
6.1662 -0.5691 -0.0400
6.2255 -0.5400 -0.0400
7.9482 -1.0361 -0.0400
7.9613 -0.9418 -0.0400
5.8869 0.3862 -0.0400
5.8686 0.4440 -0.0400
5.8696 0.4922 -0.0400
5.8872 0.5333 -0.0400
5.9215 0.5683 -0.0400
5.9797 0.5957 -0.0400
8.2612 1.3563 -0.0400
8.2772 1.4394 -0.0400
5.8820 2.6109 -0.0400
5.8434 2.6432 -0.0400
5.7743 2.6585 -0.0400
5.7359 2.6886 -0.0400
5.7136 2.7271 -0.0400
5.6686 2.7521 -0.0400
5.6340 2.7825 -0.0400
5.6150 2.8223 -0.0400
5.6500 2.8986 -0.0400
7.6092 4.8839 -0.0400
7.5677 4.9715 -0.0400
7.5805 5.1090 -0.0400
4.6057 4.0391 -0.0400
4.5526 4.0385 -0.0400
4.5080 4.0579 -0.0400
4.4714 4.0995 -0.0400
4.4142 4.0845 -0.0400
4.3648 4.0894 -0.0400
4.3195 4.1067 -0.0400
4.2975 4.2049 -0.0400
4.2524 4.2295 -0.0400
4.2064 4.2522 -0.0400
4.1685 4.3116 -0.0400
3.1162 5.1980 -0.0400
3.0587 5.1274 -0.0400
2.9979 5.0952 -0.0400
2.9319 5.1019 -0.0400
2.8606 5.1349 -0.0400
1.5677 7.0928 -0.0400
2.9801 2.5426 -0.0400
2.9689 2.5185 -0.0400
2.9599 2.4913 -0.0400
2.9470 2.4725 -0.0400
2.9324 2.4574 -0.0400
2.9156 2.4463 -0.0400
2.8959 2.4401 -0.0400
2.8746 2.4357 -0.0400
2.8501 2.4358 -0.0400
2.8185 2.4451 -0.0400
2.7582 2.4922 -0.0400
2.7360 2.4848 -0.0400
2.7108 2.4806 -0.0400
2.6807 2.4818 -0.0400
2.6368 2.4983 -0.0400
2.5930 2.5126 -0.0400
1.4488 3.2471 -0.0400
1.4658 3.1708 -0.0400
1.4607 3.1151 -0.0400
1.4314 3.0795 -0.0400
1.3716 3.0669 -0.0400
-1.1598 3.1485 -0.0400
-1.1814 3.0641 -0.0400
-0.0049 2.0718 -0.0400
0.0141 2.0057 -0.0400
-1.8801 1.0666 -0.0400
-1.8715 0.9724 -0.0400
0.8112 -1.0789 -0.0400
0.8718 -1.1103 -0.0400
0.9087 -1.1647 -0.0400
0.9261 -1.2402 -0.0400
2.6130 -1.0469 -0.0400
2.6609 -1.0507 -0.0400
2.7029 -1.0720 -0.0400
5.8569 0.3928 -0.0400
5.8544 0.4434 -0.0400
5.8636 0.4883 -0.0400
5.8828 0.5289 -0.0400
5.9114 0.5661 -0.0400
5.9575 0.5976 -0.0400
8.2670 1.2672 -0.0400
8.2676 1.3508 -0.0400
5.8697 2.6077 -0.0400
5.8120 2.6303 -0.0400
5.7718 2.6604 -0.0400
5.7349 2.6915 -0.0400
5.7139 2.7309 -0.0400
5.6608 2.7514 -0.0400
5.6341 2.7867 -0.0400
5.6264 2.8340 -0.0400
7.6812 4.8220 -0.0400
7.6094 4.8844 -0.0400
7.6048 5.0040 -0.0400
7.5708 5.1008 -0.0400
4.5997 4.0409 -0.0400
4.5467 4.0409 -0.0400
4.5019 4.0599 -0.0400
4.4543 4.0716 -0.0400
4.4044 4.0760 -0.0400
4.3593 4.0935 -0.0400
4.3187 4.1260 -0.0400
4.2863 4.1892 -0.0400
4.2464 4.2317 -0.0400
4.1995 4.2509 -0.0400
3.1130 5.1839 -0.0400
3.0569 5.1029 -0.0400
2.9931 5.0964 -0.0400
2.9262 5.1095 -0.0400
2.8513 5.1629 -0.0400
1.6633 7.1344 -0.0400
1.5683 7.0900 -0.0400
2.9849 2.5659 -0.0400
2.9777 2.5322 -0.0400
2.9710 2.4995 -0.0400
2.9588 2.4792 -0.0400
2.9445 2.4637 -0.0400
2.9277 2.4528 -0.0400
2.9098 2.4440 -0.0400
2.8899 2.4381 -0.0400
2.8674 2.4360 -0.0400
2.8415 2.4381 -0.0400
2.7731 2.5001 -0.0400
2.7522 2.4914 -0.0400
2.7293 2.4849 -0.0400
2.7036 2.4816 -0.0400
2.6718 2.4850 -0.0400
2.6262 2.5038 -0.0400
1.4930 3.2071 -0.0400
1.4810 3.1565 -0.0400
1.4611 3.1134 -0.0400
1.4271 3.0818 -0.0400
1.3840 3.0568 -0.0400
-1.1542 3.2454 -0.0400
-1.1421 3.1483 -0.0400
-1.1786 3.0695 -0.0400
0.0133 2.0116 -0.0400
-0.0066 1.9521 -0.0400
-1.8966 1.0763 -0.0400
-1.8658 0.9841 -0.0400
0.9255 -1.2196 -0.0400
2.5932 -1.0590 -0.0400
2.6454 -1.0510 -0.0400
2.6909 -1.0614 -0.0400
2.7303 -1.0916 -0.0400
2.7784 -1.0930 -0.0400
2.8234 -1.1049 -0.0400
5.5112 -2.2948 -0.0400
7.9450 -0.9626 -0.0400
5.9168 0.3552 -0.0400
5.8757 0.4242 -0.0400
5.8698 0.4761 -0.0400
5.8761 0.5223 -0.0400
5.9009 0.5611 -0.0400
5.9400 0.5952 -0.0400
6.0124 0.6191 -0.0400
8.2647 1.4265 -0.0400
5.9160 2.6327 -0.0400
5.8435 2.6493 -0.0400
5.7764 2.6663 -0.0400
5.7392 2.6976 -0.0400
5.7093 2.7324 -0.0400
5.6672 2.7596 -0.0400
5.6339 2.7912 -0.0400
5.6094 2.8280 -0.0400
5.6094 2.8811 -0.0400
7.6185 4.8916 -0.0400
7.5492 4.9560 -0.0400
7.5587 5.0898 -0.0400
4.5450 4.0584 -0.0400
4.4941 4.0626 -0.0400
4.4569 4.1027 -0.0400
4.4003 4.0896 -0.0400
4.3503 4.0933 -0.0400
4.3048 4.1099 -0.0400
4.2756 4.1826 -0.0400
4.2382 4.2337 -0.0400
4.1909 4.2512 -0.0400
4.1493 4.2937 -0.0400
3.1066 5.1847 -0.0400
3.0483 5.1209 -0.0400
2.9870 5.0942 -0.0400
2.9231 5.0880 -0.0400
2.8554 5.1033 -0.0400
1.5688 7.0861 -0.0400
2.9675 2.5315 -0.0400
2.9568 2.5068 -0.0400
2.9477 2.4803 -0.0400
2.9348 2.4621 -0.0400
2.9188 2.4501 -0.0400
2.9014 2.4406 -0.0400
2.8818 2.4347 -0.0400
2.8589 2.4334 -0.0400
2.8376 2.4290 -0.0400
2.8052 2.4401 -0.0400
2.7469 2.4854 -0.0400
2.7254 2.4775 -0.0400
2.7018 2.4718 -0.0400
2.6700 2.4758 -0.0400
2.6330 2.4848 -0.0400
1.4655 3.1664 -0.0400
1.4507 3.1190 -0.0400
1.4297 3.0773 -0.0400
1.3833 3.0551 -0.0400
1.3268 3.0393 -0.0400
-1.1700 3.0740 -0.0400
-0.0024 2.0210 -0.0400
0.0040 1.9577 -0.0400
-1.9585 1.0858 -0.0400
-1.8647 0.9982 -0.0400
2.6236 -1.0551 -0.0400
2.6724 -1.0555 -0.0400
2.7158 -1.0724 -0.0400
2.7548 -1.1052 -0.0400
2.8029 -1.1060 -0.0400
2.8498 -1.1104 -0.0400
2.8885 -1.1499 -0.0400
2.9202 -1.2281 -0.0400
2.9620 -1.2664 -0.0400
5.3874 -2.4055 -0.0400
5.4382 -2.3390 -0.0400
5.5089 -2.3121 -0.0400
5.6027 -2.3259 -0.0400
7.9059 -1.0520 -0.0400
5.9057 0.3028 -0.0400
5.8619 0.3747 -0.0400
5.8563 0.4273 -0.0400
5.8603 0.4749 -0.0400
5.8842 0.5141 -0.0400
5.9196 0.5493 -0.0400
5.9773 0.5772 -0.0400
8.2624 1.2546 -0.0400
8.2797 1.3380 -0.0400
5.9016 2.5751 -0.0400
5.8673 2.6105 -0.0400
5.7974 2.6274 -0.0400
5.7614 2.6599 -0.0400
5.7363 2.6976 -0.0400
5.6848 2.7202 -0.0400
5.6562 2.7549 -0.0400
5.6430 2.7988 -0.0400
7.7863 4.7829 -0.0400
7.6648 4.8077 -0.0400
7.6134 4.8869 -0.0400
7.6234 5.0191 -0.0400
4.6461 4.0536 -0.0400
4.5797 4.0250 -0.0400
4.5366 4.0484 -0.0400
4.4973 4.0818 -0.0400
4.4415 4.0727 -0.0400
4.3931 4.0816 -0.0400
4.3528 4.1141 -0.0400
4.3191 4.1699 -0.0400
4.2827 4.2217 -0.0400
4.2355 4.2394 -0.0400
3.1674 5.2026 -0.0400
3.1088 5.1292 -0.0400
3.0473 5.1015 -0.0400
2.9799 5.1214 -0.0400
2.9020 5.2038 -0.0400
1.7586 7.1736 -0.0400
1.6648 7.1248 -0.0400
2.9952 2.5585 -0.0400
2.9869 2.5268 -0.0400
2.9791 2.4960 -0.0400
2.9642 2.4811 -0.0400
2.9503 2.4650 -0.0400
2.9332 2.4551 -0.0400
2.9144 2.4484 -0.0400
2.8925 2.4465 -0.0400
2.8716 2.4425 -0.0400
2.8406 2.4534 -0.0400
2.7810 2.5056 -0.0400
2.7592 2.4988 -0.0400
2.7387 2.4897 -0.0400
2.7129 2.4874 -0.0400
2.6818 2.4911 -0.0400
2.6395 2.5075 -0.0400
1.4891 3.2673 -0.0400
1.5076 3.1888 -0.0400
1.4866 3.1467 -0.0400
1.4590 3.1104 -0.0400
1.4089 3.0920 -0.0400
1.3481 3.0803 -0.0400
-1.1053 3.2368 -0.0400
-1.1441 3.1595 -0.0400
-0.0046 2.0244 -0.0400
-1.8742 1.0982 -0.0400
-1.9012 1.0017 -0.0400
2.5661 -1.0488 -0.0400
2.6181 -1.0415 -0.0400
2.6639 -1.0507 -0.0400
2.7014 -1.0865 -0.0400
2.7502 -1.0857 -0.0400
2.7956 -1.0960 -0.0400
2.8375 -1.1196 -0.0400
2.8759 -1.1611 -0.0400
2.9073 -1.2416 -0.0400
5.4218 -2.3415 -0.0400
5.4912 -2.3124 -0.0400
5.8886 0.3018 -0.0400
5.8571 0.3681 -0.0400
5.8425 0.4248 -0.0400
5.8581 0.4676 -0.0400
5.8813 0.5072 -0.0400
5.9147 0.5433 -0.0400
8.2662 1.2471 -0.0400
5.8910 2.5712 -0.0400
5.8590 2.6076 -0.0400
5.7839 2.6221 -0.0400
5.7576 2.6595 -0.0400
5.7374 2.7000 -0.0400
5.6837 2.7217 -0.0400
5.6567 2.7575 -0.0400
5.6500 2.8056 -0.0400
7.7816 4.7776 -0.0400
7.6703 4.8107 -0.0400
7.6382 4.9061 -0.0400
7.6422 5.0339 -0.0400
4.6204 4.0106 -0.0400
4.5740 4.0266 -0.0400
4.5337 4.0568 -0.0400
4.4877 4.0736 -0.0400
4.4319 4.0642 -0.0400
4.3875 4.0840 -0.0400
4.3480 4.1190 -0.0400
4.3167 4.1824 -0.0400
4.2782 4.2277 -0.0400
4.2374 4.2692 -0.0400
3.2251 5.2487 -0.0400
3.1674 5.1408 -0.0400
3.1057 5.1092 -0.0400
3.0422 5.1015 -0.0400
2.9755 5.1169 -0.0400
2.9000 5.1848 -0.0400
1.7594 7.1672 -0.0400
2.9997 2.5288 -0.0400
2.9875 2.5069 -0.0400
2.9761 2.4843 -0.0400
2.9604 2.4717 -0.0400
2.9440 2.4607 -0.0400
2.9257 2.4533 -0.0400
2.9068 2.4468 -0.0400
2.8829 2.4484 -0.0400
2.8602 2.4473 -0.0400
2.8194 2.4735 -0.0400
2.7735 2.5048 -0.0400
2.7529 2.4962 -0.0400
2.7274 2.4942 -0.0400
2.6967 2.4984 -0.0400
2.6532 2.5179 -0.0400
1.5044 3.2496 -0.0400
1.5086 3.1843 -0.0400
1.4888 3.1414 -0.0400
1.4531 3.1120 -0.0400
1.3914 3.1028 -0.0400
-1.1007 3.2393 -0.0400
-1.1409 3.1627 -0.0400
-1.2044 3.0939 -0.0400
0.0266 2.0853 -0.0400
0.0144 2.0254 -0.0400
-1.9133 1.1993 -0.0400
-1.8743 1.1074 -0.0400
0.9688 0.4134 -0.0400
1.0122 0.3807 -0.0400
1.0427 0.3431 -0.0400
2.5480 -1.0570 -0.0400
2.6066 -1.0311 -0.0400
2.6492 -1.0496 -0.0400
2.6877 -1.0823 -0.0400
2.7351 -1.0862 -0.0400
2.7820 -1.0908 -0.0400
2.8209 -1.1264 -0.0400
2.8561 -1.1821 -0.0400
2.8915 -1.2450 -0.0400
2.9312 -1.2958 -0.0400
5.3740 -2.4510 -0.0400
5.4128 -2.3591 -0.0400
5.4820 -2.3290 -0.0400
5.8390 0.4173 -0.0400
5.8560 0.4597 -0.0400
5.8797 0.4993 -0.0400
5.9477 0.5224 -0.0400
8.2635 1.2394 -0.0400
8.2937 1.3228 -0.0400
5.8880 2.5702 -0.0400
5.8391 2.5988 -0.0400
5.7920 2.6270 -0.0400
5.7587 2.6611 -0.0400
5.7289 2.6967 -0.0400
5.6795 2.7208 -0.0400
5.6606 2.7615 -0.0400
5.6514 2.8083 -0.0400
7.7536 4.7540 -0.0400
7.6792 4.8158 -0.0400
7.6475 4.9118 -0.0400
7.6546 5.0426 -0.0400
4.6750 4.0242 -0.0400
4.6176 4.0177 -0.0400
4.5707 4.0328 -0.0400
4.5340 4.0721 -0.0400
4.4720 4.0494 -0.0400
4.4267 4.0669 -0.0400
4.3839 4.0915 -0.0400
4.3456 4.1304 -0.0400
4.3189 4.2091 -0.0400
4.2730 4.2312 -0.0400
4.2334 4.2771 -0.0400
3.1615 5.1495 -0.0400
3.1003 5.1115 -0.0400
3.0351 5.1182 -0.0400
2.9632 5.1713 -0.0400
1.7578 7.1678 -0.0400
3.0103 2.5348 -0.0400
2.9982 2.5118 -0.0400
2.9842 2.4947 -0.0400
2.9692 2.4801 -0.0400
2.9545 2.4657 -0.0400
2.9369 2.4574 -0.0400
2.9162 2.4544 -0.0400
2.8957 2.4508 -0.0400
2.8737 2.4491 -0.0400
2.8362 2.4721 -0.0400
2.7877 2.5095 -0.0400
2.7655 2.5039 -0.0400
2.7441 2.4967 -0.0400
2.7156 2.4988 -0.0400
2.6775 2.5130 -0.0400
2.6415 2.5223 -0.0400
1.5244 3.2269 -0.0400
1.5129 3.1762 -0.0400
1.4872 3.1386 -0.0400
1.4487 3.1118 -0.0400
1.3845 3.1047 -0.0400
-1.0989 3.3346 -0.0400
-1.0967 3.2413 -0.0400
-1.1354 3.1645 -0.0400
0.0322 2.0876 -0.0400
-1.9892 1.2041 -0.0400
-1.8682 1.1165 -0.0400
0.9688 0.4222 -0.0400
1.0114 0.3894 -0.0400
1.0408 0.3515 -0.0400
1.0531 0.3058 -0.0400
1.0552 0.2545 -0.0400
1.0348 0.1905 -0.0400
2.5442 -1.0262 -0.0400
2.5930 -1.0274 -0.0400
2.6369 -1.0417 -0.0400
2.6773 -1.0676 -0.0400
2.7232 -1.0759 -0.0400
2.7681 -1.0872 -0.0400
2.8101 -1.1104 -0.0400
2.8491 -1.1483 -0.0400
2.8790 -1.2337 -0.0400
5.3594 -2.4586 -0.0400
5.3980 -2.3660 -0.0400
5.4706 -2.3421 -0.0400
5.9536 0.5111 -0.0400
8.2663 1.1461 -0.0400
8.2692 1.2307 -0.0400
5.9199 2.5325 -0.0400
5.8887 2.5702 -0.0400
5.8317 2.5953 -0.0400
5.7878 2.6251 -0.0400
5.7619 2.6632 -0.0400
5.7171 2.6910 -0.0400
5.6823 2.7233 -0.0400
5.6694 2.7678 -0.0400
5.6760 2.8246 -0.0400
7.7484 4.7472 -0.0400
7.6915 4.8230 -0.0400
7.6895 4.9438 -0.0400
4.6576 3.9997 -0.0400
4.6090 4.0116 -0.0400
4.5716 4.0482 -0.0400
4.5200 4.0524 -0.0400
4.4679 4.0541 -0.0400
4.4220 4.0702 -0.0400
4.3819 4.1026 -0.0400
4.3623 4.1979 -0.0400
4.3137 4.2114 -0.0400
4.2697 4.2402 -0.0400
4.2334 4.2982 -0.0400
3.2200 5.1674 -0.0400
3.1586 5.1209 -0.0400
3.0957 5.1049 -0.0400
3.0306 5.1114 -0.0400
2.9607 5.1511 -0.0400
1.7516 7.1835 -0.0400
3.0185 2.5459 -0.0400
3.0073 2.5200 -0.0400
2.9939 2.5008 -0.0400
2.9792 2.4857 -0.0400
2.9648 2.4704 -0.0400
2.9471 2.4623 -0.0400
2.9286 2.4558 -0.0400
2.9090 2.4509 -0.0400
2.8830 2.4571 -0.0400
2.8566 2.4627 -0.0400
2.7994 2.5174 -0.0400
2.7790 2.5092 -0.0400
2.7581 2.5016 -0.0400
2.7304 2.5036 -0.0400
2.7045 2.5020 -0.0400
2.6575 2.5281 -0.0400
1.5265 3.2199 -0.0400
1.5127 3.1714 -0.0400
1.4817 3.1386 -0.0400
1.4353 3.1185 -0.0400
-1.0968 3.2444 -0.0400
-1.1343 3.1674 -0.0400
0.0268 2.1533 -0.0400
0.0354 2.0898 -0.0400
-0.0199 2.0374 -0.0400
-1.8909 1.2168 -0.0400
-1.8806 1.1238 -0.0400
0.9634 0.4281 -0.0400
1.0082 0.3964 -0.0400
1.0390 0.3594 -0.0400
1.0495 0.3130 -0.0400
1.0492 0.2607 -0.0400
1.0197 0.1922 -0.0400
2.5310 -1.0221 -0.0400
2.5798 -1.0231 -0.0400
2.6243 -1.0355 -0.0400
2.6609 -1.0733 -0.0400
2.7095 -1.0726 -0.0400
2.7549 -1.0821 -0.0400
2.7982 -1.0992 -0.0400
2.8272 -1.1790 -0.0400
2.8631 -1.2388 -0.0400
2.9027 -1.2883 -0.0400
5.3790 -2.3651 -0.0400
5.4554 -2.3487 -0.0400
8.2669 1.2217 -0.0400
5.9217 2.5322 -0.0400
5.8902 2.5701 -0.0400
5.8308 2.5943 -0.0400
5.7813 2.6216 -0.0400
5.7645 2.6644 -0.0400
5.7125 2.6887 -0.0400
5.6819 2.7234 -0.0400
5.6802 2.7746 -0.0400
7.7574 4.7508 -0.0400
7.7033 4.8291 -0.0400
7.7005 4.9496 -0.0400
4.7324 4.0495 -0.0400
4.6511 3.9974 -0.0400
4.6057 4.0162 -0.0400
4.5677 4.0519 -0.0400
4.5083 4.0378 -0.0400
4.4611 4.0511 -0.0400
4.4211 4.0830 -0.0400
4.3839 4.1244 -0.0400
4.3582 4.2024 -0.0400
4.3101 4.2180 -0.0400
4.2689 4.2565 -0.0400
3.2139 5.1842 -0.0400
3.1542 5.1102 -0.0400
3.0898 5.1124 -0.0400
3.0219 5.1428 -0.0400
1.7584 7.1547 -0.0400
3.0237 2.5652 -0.0400
3.0150 2.5314 -0.0400
3.0027 2.5086 -0.0400
2.9883 2.4923 -0.0400
2.9746 2.4750 -0.0400
2.9572 2.4666 -0.0400
2.9389 2.4600 -0.0400
2.9195 2.4552 -0.0400
2.8937 2.4618 -0.0400
2.8674 2.4682 -0.0400
2.8339 2.4856 -0.0400
2.7927 2.5132 -0.0400
2.7693 2.5100 -0.0400
2.7466 2.5052 -0.0400
2.7127 2.5161 -0.0400
2.6808 2.5225 -0.0400
2.6401 2.5394 -0.0400
1.5487 3.2556 -0.0400
1.5317 3.2095 -0.0400
1.5128 3.1659 -0.0400
1.4790 3.1358 -0.0400
1.4288 3.1189 -0.0400
-1.0753 3.3302 -0.0400
-1.0992 3.2479 -0.0400
-1.1621 3.1804 -0.0400
0.0297 2.1547 -0.0400
0.0372 2.0916 -0.0400
-1.8718 1.2250 -0.0400
0.9526 0.4313 -0.0400
1.0162 0.4078 -0.0400
1.0371 0.3666 -0.0400
1.0482 0.3208 -0.0400
1.0480 0.2688 -0.0400
2.5095 -1.0412 -0.0400
2.5675 -1.0170 -0.0400
2.6116 -1.0302 -0.0400
2.6476 -1.0694 -0.0400
2.6963 -1.0683 -0.0400
2.7418 -1.0770 -0.0400
2.7809 -1.1108 -0.0400
2.8176 -1.1578 -0.0400
2.8504 -1.2295 -0.0400
2.8926 -1.2653 -0.0400
5.3080 -2.4295 -0.0400
5.3645 -2.3734 -0.0400
5.4374 -2.3501 -0.0400
8.2591 1.1276 -0.0400
8.2860 1.2112 -0.0400
5.9279 2.5332 -0.0400
5.8554 2.5531 -0.0400
5.8107 2.5836 -0.0400
5.7831 2.6215 -0.0400
5.7665 2.6647 -0.0400
5.7130 2.6884 -0.0400
5.6884 2.7267 -0.0400
5.6887 2.7794 -0.0400
7.8413 4.6902 -0.0400
7.7529 4.7433 -0.0400
7.7642 4.8730 -0.0400
7.7256 4.9662 -0.0400
4.7027 4.0003 -0.0400
4.6448 3.9947 -0.0400
4.6041 4.0238 -0.0400
4.5611 4.0486 -0.0400
4.5024 4.0365 -0.0400
4.4574 4.0552 -0.0400
4.4166 4.0855 -0.0400
4.3992 4.1821 -0.0400
4.3513 4.1980 -0.0400
4.3099 4.2345 -0.0400
4.2766 4.3002 -0.0400
3.2732 5.2063 -0.0400
3.2116 5.1360 -0.0400
3.1490 5.1109 -0.0400
3.0849 5.1086 -0.0400
3.0181 5.1307 -0.0400
1.8579 7.1777 -0.0400
3.0200 2.5502 -0.0400
3.0095 2.5212 -0.0400
2.9996 2.4932 -0.0400
2.9838 2.4806 -0.0400
2.9671 2.4708 -0.0400
2.9492 2.4634 -0.0400
2.9303 2.4581 -0.0400
2.9055 2.4637 -0.0400
2.8805 2.4686 -0.0400
2.8499 2.4824 -0.0400
2.8042 2.5199 -0.0400
2.7814 2.5162 -0.0400
2.7586 2.5120 -0.0400
2.7339 2.5101 -0.0400
2.7060 2.5121 -0.0400
2.6488 2.5543 -0.0400
1.5438 3.3175 -0.0400
1.5457 3.2520 -0.0400
1.5378 3.1977 -0.0400
1.5087 3.1636 -0.0400
1.4621 3.1446 -0.0400
1.4122 3.1273 -0.0400
-1.0671 3.3287 -0.0400
-1.0968 3.2489 -0.0400
0.0395 2.1542 -0.0400
-0.0157 2.1030 -0.0400
-1.8750 1.2316 -0.0400
-1.9031 1.1369 -0.0400
0.9146 0.4736 -0.0400
0.9762 0.4481 -0.0400
1.0121 0.4132 -0.0400
1.0355 0.3733 -0.0400
1.0489 0.3288 -0.0400
1.0058 0.2557 -0.0400
2.5025 -1.0217 -0.0400
2.5529 -1.0183 -0.0400
2.5988 -1.0260 -0.0400
2.6392 -1.0509 -0.0400
2.6837 -1.0627 -0.0400
2.7289 -1.0723 -0.0400
2.7682 -1.1045 -0.0400
2.8060 -1.1464 -0.0400
2.8373 -1.2234 -0.0400
5.3057 -2.4636 -0.0400
5.3515 -2.3849 -0.0400
5.4419 -2.3949 -0.0400
5.9863 -0.8706 -0.0400
8.2595 1.1172 -0.0400
8.2746 1.2016 -0.0400
5.9582 2.4916 -0.0400
5.9151 2.5255 -0.0400
5.8661 2.5558 -0.0400
5.8153 2.5840 -0.0400
5.7860 2.6213 -0.0400
5.7371 2.6483 -0.0400
5.7067 2.6839 -0.0400
5.6901 2.7268 -0.0400
5.6923 2.7807 -0.0400
7.8278 4.6755 -0.0400
7.7605 4.7444 -0.0400
7.7323 4.8435 -0.0400
4.7548 4.0007 -0.0400
4.6878 3.9798 -0.0400
4.6409 3.9961 -0.0400
4.5999 4.0249 -0.0400
4.5494 4.0331 -0.0400
4.4968 4.0348 -0.0400
4.4546 4.0609 -0.0400
4.4145 4.0932 -0.0400
4.3958 4.1863 -0.0400
4.3483 4.2041 -0.0400
4.3056 4.2370 -0.0400
3.2677 5.2239 -0.0400
3.2077 5.1162 -0.0400
3.1438 5.1115 -0.0400
3.0779 5.1297 -0.0400
3.0052 5.2020 -0.0400
1.8514 7.1948 -0.0400
3.0338 2.5451 -0.0400
3.0218 2.5195 -0.0400
3.0076 2.5016 -0.0400
2.9924 2.4873 -0.0400
2.9764 2.4756 -0.0400
2.9590 2.4671 -0.0400
2.9386 2.4652 -0.0400
2.9177 2.4638 -0.0400
2.8944 2.4664 -0.0400
2.8667 2.4762 -0.0400
2.8157 2.5260 -0.0400
2.7938 2.5212 -0.0400
2.7715 2.5167 -0.0400
2.7476 2.5141 -0.0400
2.7205 2.5157 -0.0400
2.6669 2.5551 -0.0400
1.5613 3.2933 -0.0400
1.5521 3.2390 -0.0400
1.5371 3.1916 -0.0400
1.5010 3.1640 -0.0400
1.4595 3.1407 -0.0400
-1.0519 3.4160 -0.0400
-1.0538 3.3244 -0.0400
-1.0941 3.2493 -0.0400
0.0498 2.1529 -0.0400
-1.8905 1.3300 -0.0400
-1.8774 1.2376 -0.0400
0.9637 0.4493 -0.0400
1.0150 0.4211 -0.0400
1.0310 0.3781 -0.0400
1.0352 0.3294 -0.0400
1.0202 0.2704 -0.0400
2.4879 -1.0237 -0.0400
2.5430 -1.0069 -0.0400
2.5875 -1.0184 -0.0400
2.6242 -1.0541 -0.0400
2.6693 -1.0643 -0.0400
2.7162 -1.0678 -0.0400
2.7593 -1.0844 -0.0400
2.7921 -1.1456 -0.0400
2.8239 -1.2198 -0.0400
5.2748 -2.4388 -0.0400
5.3345 -2.3891 -0.0400
5.4128 -2.3759 -0.0400
5.9862 -0.8898 -0.0400
5.9789 -0.8020 -0.0400
6.0107 -0.7503 -0.0400
6.0551 -0.7093 -0.0400
8.2596 1.1063 -0.0400
8.2713 1.1911 -0.0400
5.9832 2.4985 -0.0400
5.9054 2.5185 -0.0400
5.8437 2.5432 -0.0400
5.8097 2.5790 -0.0400
5.7898 2.6210 -0.0400
5.7439 2.6498 -0.0400
5.7090 2.6834 -0.0400
5.6904 2.7253 -0.0400
7.8263 4.6689 -0.0400
7.7675 4.7444 -0.0400
7.7573 4.8577 -0.0400
4.7491 3.9974 -0.0400
4.6818 3.9760 -0.0400
4.6389 4.0008 -0.0400
4.5951 4.0240 -0.0400
4.5392 4.0200 -0.0400
4.4935 4.0378 -0.0400
4.4501 4.0613 -0.0400
4.4181 4.1149 -0.0400
4.3903 4.1841 -0.0400
4.3460 4.2114 -0.0400
4.3054 4.2512 -0.0400
3.3288 5.2270 -0.0400
3.2658 5.1443 -0.0400
3.2027 5.1166 -0.0400
3.1389 5.1106 -0.0400
3.0732 5.1260 -0.0400
1.9475 7.2316 -0.0400
3.0344 2.5788 -0.0400
3.0273 2.5365 -0.0400
3.0148 2.5126 -0.0400
3.0027 2.4896 -0.0400
2.9862 2.4789 -0.0400
2.9684 2.4716 -0.0400
2.9496 2.4663 -0.0400
2.9296 2.4635 -0.0400
2.9079 2.4637 -0.0400
2.8831 2.4693 -0.0400
2.8267 2.5324 -0.0400
2.8065 2.5250 -0.0400
2.7850 2.5194 -0.0400
2.7620 2.5161 -0.0400
2.7360 2.5168 -0.0400
2.6892 2.5484 -0.0400
1.5611 3.2859 -0.0400
1.5616 3.2226 -0.0400
1.5341 3.1872 -0.0400
1.4930 3.1643 -0.0400
1.4456 3.1460 -0.0400
-1.0452 3.4137 -0.0400
-1.0501 3.3236 -0.0400
-1.1074 3.2555 -0.0400
0.0573 2.2130 -0.0400
0.0530 2.1526 -0.0400
0.0133 2.0992 -0.0400
-1.9090 1.3350 -0.0400
-1.8689 1.2436 -0.0400
0.9270 0.4903 -0.0400
0.9797 0.4617 -0.0400
1.0117 0.4256 -0.0400
1.0318 0.3847 -0.0400
1.0405 0.3384 -0.0400
0.6775 -0.9462 -0.0400
0.7426 -0.9729 -0.0400
2.6143 -1.0424 -0.0400
2.6591 -1.0529 -0.0400
2.7041 -1.0619 -0.0400
2.7455 -1.0848 -0.0400
2.7852 -1.1168 -0.0400
2.8101 -1.2190 -0.0400
2.8524 -1.2523 -0.0400
5.2758 -2.4806 -0.0400
5.3211 -2.4003 -0.0400
5.4185 -2.4239 -0.0400
5.9583 -0.8840 -0.0400
5.9756 -0.8183 -0.0400
6.0012 -0.7610 -0.0400
6.0447 -0.7191 -0.0400
6.1226 -0.7042 -0.0400
8.2578 1.0950 -0.0400
5.9523 2.4824 -0.0400
5.9177 2.5202 -0.0400
5.8569 2.5458 -0.0400
5.8153 2.5786 -0.0400
5.7765 2.6117 -0.0400
5.7344 2.6424 -0.0400
5.7122 2.6827 -0.0400
5.7074 2.7325 -0.0400
7.8331 4.6677 -0.0400
7.7739 4.7432 -0.0400
7.8049 4.8888 -0.0400
4.7318 3.9717 -0.0400
4.6788 3.9774 -0.0400
4.6368 4.0043 -0.0400
4.5907 4.0230 -0.0400
4.5338 4.0170 -0.0400
4.4902 4.0399 -0.0400
4.4536 4.0805 -0.0400
4.4354 4.1710 -0.0400
4.3866 4.1858 -0.0400
4.3416 4.2114 -0.0400
4.3159 4.2970 -0.0400
3.3245 5.2071 -0.0400
3.2612 5.1409 -0.0400
3.1979 5.1159 -0.0400
3.1326 5.1307 -0.0400
3.0631 5.1854 -0.0400
1.8524 7.1775 -0.0400
3.0495 2.5692 -0.0400
3.0392 2.5353 -0.0400
3.0257 2.5135 -0.0400
3.0106 2.4978 -0.0400
2.9948 2.4849 -0.0400
2.9780 2.4751 -0.0400
2.9600 2.4683 -0.0400
2.9381 2.4702 -0.0400
2.9158 2.4720 -0.0400
2.8896 2.4809 -0.0400
2.8541 2.5063 -0.0400
2.8190 2.5284 -0.0400
2.7981 2.5223 -0.0400
2.7760 2.5178 -0.0400
2.7437 2.5298 -0.0400
2.7118 2.5394 -0.0400
2.6706 2.5617 -0.0400
1.5819 3.3214 -0.0400
1.5768 3.2623 -0.0400
1.5611 3.2153 -0.0400
1.5281 3.1853 -0.0400
1.4883 3.1613 -0.0400
-1.0211 3.4032 -0.0400
-1.0525 3.3249 -0.0400
-1.1162 3.2595 -0.0400
0.0585 2.2124 -0.0400
0.0352 2.1561 -0.0400
-1.9114 1.3398 -0.0400
0.8919 0.4815 -0.0400
0.9889 0.4706 -0.0400
1.0130 0.4315 -0.0400
1.0259 0.3876 -0.0400
1.0262 0.3375 -0.0400
0.9983 0.2726 -0.0400
0.6758 -0.9347 -0.0400
0.7385 -0.9633 -0.0400
0.7742 -1.0160 -0.0400
0.8045 -1.0745 -0.0400
2.7344 -1.0760 -0.0400
2.7687 -1.1294 -0.0400
2.7984 -1.2102 -0.0400
2.8356 -1.2669 -0.0400
5.3814 -2.3898 -0.0400
5.9864 -0.9298 -0.0400
5.9618 -0.8257 -0.0400
5.9930 -0.7731 -0.0400
6.0418 -0.7355 -0.0400
6.1009 -0.7054 -0.0400
5.9917 2.4412 -0.0400
5.9420 2.4740 -0.0400
5.8967 2.5073 -0.0400
5.8424 2.5355 -0.0400
5.8128 2.5738 -0.0400
5.7964 2.6178 -0.0400
5.7416 2.6428 -0.0400
5.7129 2.6800 -0.0400
5.7471 2.7513 -0.0400
7.8365 4.6634 -0.0400
7.8381 4.7846 -0.0400
7.8085 4.8849 -0.0400
4.7259 3.9664 -0.0400
4.6766 3.9794 -0.0400
4.6410 4.0197 -0.0400
4.5813 4.0104 -0.0400
4.5312 4.0195 -0.0400
4.4874 4.0422 -0.0400
4.4506 4.0824 -0.0400
4.4305 4.1684 -0.0400
4.3845 4.1909 -0.0400
4.3485 4.2429 -0.0400
3.3205 5.1814 -0.0400
3.2569 5.1336 -0.0400
3.1932 5.1160 -0.0400
3.1276 5.1343 -0.0400
3.0576 5.1946 -0.0400
1.9509 7.2040 -0.0400
3.0437 2.5579 -0.0400
3.0322 2.5278 -0.0400
3.0211 2.4992 -0.0400
3.0049 2.4872 -0.0400
2.9875 2.4788 -0.0400
2.9691 2.4729 -0.0400
2.9496 2.4694 -0.0400
2.9289 2.4685 -0.0400
2.9058 2.4720 -0.0400
2.8787 2.4828 -0.0400
2.8297 2.5347 -0.0400
2.8085 2.5294 -0.0400
2.7858 2.5262 -0.0400
2.7610 2.5263 -0.0400
2.7326 2.5314 -0.0400
2.6987 2.5442 -0.0400
1.5960 3.2982 -0.0400
1.5813 3.2495 -0.0400
1.5567 3.2113 -0.0400
1.5174 3.1873 -0.0400
1.4680 3.1718 -0.0400
-1.0179 3.4015 -0.0400
-1.0561 3.3263 -0.0400
0.0661 2.2098 -0.0400
0.0259 2.1574 -0.0400
-1.8669 1.3451 -0.0400
0.9334 0.5020 -0.0400
0.9813 0.4720 -0.0400
1.0110 0.4353 -0.0400
1.0288 0.3939 -0.0400
1.0034 0.3319 -0.0400
0.6689 -0.9287 -0.0400
0.7306 -0.9579 -0.0400
0.7673 -1.0095 -0.0400
0.7936 -1.0717 -0.0400
2.8257 -1.2496 -0.0400
5.9386 -0.9836 -0.0400
5.9153 -0.8784 -0.0400
5.9484 -0.8270 -0.0400
5.9902 -0.7837 -0.0400
6.0689 -0.7705 -0.0400
7.7388 -1.3275 -0.0400
5.9729 2.4307 -0.0400
5.9435 2.4713 -0.0400
5.8592 2.4885 -0.0400
5.8389 2.5311 -0.0400
5.7964 2.5634 -0.0400
5.7605 2.5979 -0.0400
5.7434 2.6412 -0.0400
5.7485 2.6963 -0.0400
7.9888 4.5288 -0.0400
7.8989 4.5847 -0.0400
7.8821 4.6912 -0.0400
7.8648 4.7995 -0.0400
4.8271 3.9445 -0.0400
4.7660 3.9387 -0.0400
4.7217 3.9618 -0.0400
4.6839 3.9973 -0.0400
4.6237 3.9885 -0.0400
4.5767 4.0050 -0.0400
4.5376 4.0384 -0.0400
4.5082 4.0960 -0.0400
4.4768 4.1525 -0.0400
4.4319 4.1778 -0.0400
4.3962 4.2292 -0.0400
3.3830 5.1570 -0.0400
3.3187 5.1184 -0.0400
3.2542 5.1244 -0.0400
3.1885 5.1502 -0.0400
2.0476 7.2417 -0.0400
3.0793 2.5581 -0.0400
3.0658 2.5324 -0.0400
3.0504 2.5154 -0.0400
3.0343 2.5019 -0.0400
3.0175 2.4911 -0.0400
2.9997 2.4837 -0.0400
2.9794 2.4831 -0.0400
2.9583 2.4837 -0.0400
2.9346 2.4896 -0.0400
2.9067 2.5037 -0.0400
2.8630 2.5499 -0.0400
2.8431 2.5423 -0.0400
2.8218 2.5373 -0.0400
2.7988 2.5351 -0.0400
2.7633 2.5549 -0.0400
2.7284 2.5711 -0.0400
1.6356 3.3823 -0.0400
1.6346 3.3166 -0.0400
1.6149 3.2727 -0.0400
1.5826 3.2424 -0.0400
1.5378 3.2240 -0.0400
1.4724 3.2238 -0.0400
-0.9758 3.4742 -0.0400
-1.0209 3.4024 -0.0400
0.0662 2.3318 -0.0400
0.0862 2.2652 -0.0400
-1.9737 1.5328 -0.0400
-1.8684 1.4394 -0.0400
0.8811 0.5833 -0.0400
0.9426 0.5567 -0.0400
0.9769 0.5214 -0.0400
0.9980 0.4814 -0.0400
1.0081 0.4369 -0.0400
1.0047 0.3860 -0.0400
0.9632 0.3162 -0.0400
0.6471 -0.8569 -0.0400
0.6890 -0.9033 -0.0400
0.7239 -0.9560 -0.0400
0.7492 -1.0182 -0.0400
5.9245 -0.9143 -0.0400
5.9428 -0.8491 -0.0400
5.9742 -0.7964 -0.0400
6.0155 -0.7523 -0.0400
6.0986 -0.7416 -0.0400
7.7887 -1.2782 -0.0400
5.9883 2.4290 -0.0400
5.9455 2.4649 -0.0400
5.8949 2.4965 -0.0400
5.8455 2.5273 -0.0400
5.8177 2.5668 -0.0400
5.7941 2.6079 -0.0400
5.7399 2.6335 -0.0400
5.7337 2.6828 -0.0400
7.9062 4.5788 -0.0400
7.8622 4.6661 -0.0400
7.8614 4.7862 -0.0400
4.7745 3.9586 -0.0400
4.7185 3.9612 -0.0400
4.6765 3.9889 -0.0400
4.6277 4.0034 -0.0400
4.5732 4.0050 -0.0400
4.5287 4.0269 -0.0400
4.4906 4.0639 -0.0400
4.4711 4.1479 -0.0400
4.4255 4.1717 -0.0400
4.3849 4.2096 -0.0400
3.3777 5.1707 -0.0400
3.3130 5.1333 -0.0400
3.2488 5.1171 -0.0400
3.1838 5.1313 -0.0400
3.1165 5.1699 -0.0400
2.0457 7.2411 -0.0400
3.0625 2.5759 -0.0400
3.0513 2.5405 -0.0400
3.0371 2.5184 -0.0400
3.0237 2.4959 -0.0400
3.0066 2.4862 -0.0400
2.9885 2.4795 -0.0400
2.9696 2.4750 -0.0400
2.9495 2.4732 -0.0400
2.9280 2.4743 -0.0400
2.9037 2.4810 -0.0400
2.8523 2.5448 -0.0400
2.8320 2.5379 -0.0400
2.8105 2.5334 -0.0400
2.7874 2.5313 -0.0400
2.7614 2.5340 -0.0400
2.7315 2.5422 -0.0400
2.6951 2.5601 -0.0400
1.6046 3.3363 -0.0400
1.5993 3.2766 -0.0400
1.5796 3.2334 -0.0400
1.5415 3.2088 -0.0400
1.4915 3.1948 -0.0400
-0.9956 3.4818 -0.0400
-1.0230 3.4018 -0.0400
0.0704 2.2666 -0.0400
0.0686 2.2061 -0.0400
-1.8958 1.4436 -0.0400
-1.8593 1.3522 -0.0400
0.9436 0.5127 -0.0400
0.9849 0.4805 -0.0400
1.0088 0.4419 -0.0400
1.0114 0.3940 -0.0400
0.9936 0.3360 -0.0400
0.5932 -0.8885 -0.0400
0.6748 -0.9014 -0.0400
0.7228 -0.9421 -0.0400
0.7564 -0.9959 -0.0400
5.8872 -0.9773 -0.0400
5.9007 -0.9064 -0.0400
5.9298 -0.8512 -0.0400
5.9825 -0.8169 -0.0400
6.0511 -0.7950 -0.0400
7.7155 -1.4619 -0.0400
7.7239 -1.3585 -0.0400
5.7836 0.1691 -0.0400
5.7819 0.2236 -0.0400
5.7839 0.2753 -0.0400
6.0372 2.3899 -0.0400
5.9740 2.4195 -0.0400
5.8968 2.4416 -0.0400
5.8635 2.4796 -0.0400
5.8455 2.5236 -0.0400
5.7978 2.5541 -0.0400
5.7659 2.5909 -0.0400
5.7516 2.6360 -0.0400
5.7641 2.6954 -0.0400
7.9756 4.5028 -0.0400
7.9123 4.5770 -0.0400
7.9245 4.7047 -0.0400
4.8200 3.9378 -0.0400
4.7640 3.9416 -0.0400
4.7241 3.9734 -0.0400
4.6706 3.9797 -0.0400
4.6194 3.9891 -0.0400
4.5752 4.0121 -0.0400
4.5456 4.0676 -0.0400
4.5214 4.1389 -0.0400
4.4739 4.1586 -0.0400
4.4367 4.2048 -0.0400
3.4405 5.1715 -0.0400
3.3750 5.1215 -0.0400
3.3106 5.1195 -0.0400
3.2449 5.1611 -0.0400
2.1467 7.2624 -0.0400
3.0813 2.5614 -0.0400
3.0705 2.5231 -0.0400
3.0540 2.5094 -0.0400
3.0370 2.4984 -0.0400
3.0192 2.4906 -0.0400
3.0007 2.4852 -0.0400
2.9792 2.4879 -0.0400
2.9572 2.4908 -0.0400
2.9321 2.5007 -0.0400
2.9006 2.5242 -0.0400
2.8662 2.5514 -0.0400
2.8454 2.5456 -0.0400
2.8235 2.5420 -0.0400
2.7934 2.5542 -0.0400
2.7633 2.5644 -0.0400
2.7258 2.5866 -0.0400
1.6634 3.3318 -0.0400
1.6401 3.2916 -0.0400
1.6084 3.2609 -0.0400
1.5680 3.2389 -0.0400
1.5133 3.2302 -0.0400
-0.9465 3.5503 -0.0400
-0.9882 3.4772 -0.0400
-1.0636 3.4190 -0.0400
0.1027 2.3177 -0.0400
0.0704 2.2650 -0.0400
-1.8538 1.5365 -0.0400
-1.8713 1.4453 -0.0400
0.9049 0.5966 -0.0400
0.9510 0.5652 -0.0400
0.9796 0.5282 -0.0400
0.9972 0.4873 -0.0400
1.0038 0.4417 -0.0400
0.9957 0.3892 -0.0400
0.6405 -0.8423 -0.0400
0.6717 -0.8974 -0.0400
0.7076 -0.9489 -0.0400
5.1315 -2.5004 -0.0400
5.1954 -2.4586 -0.0400
5.8985 -1.0097 -0.0400
5.8817 -0.9100 -0.0400
5.9191 -0.8624 -0.0400
5.9677 -0.8246 -0.0400
6.0318 -0.7990 -0.0400
6.1537 -0.8185 -0.0400
7.6843 -1.4623 -0.0400
7.7198 -1.3766 -0.0400
5.7972 0.1469 -0.0400
5.7677 0.2160 -0.0400
5.7804 0.2625 -0.0400
5.8036 0.3039 -0.0400
5.8343 0.3421 -0.0400
5.9161 0.3594 -0.0400
6.0016 2.3704 -0.0400
5.9700 2.4112 -0.0400
5.9107 2.4406 -0.0400
5.8701 2.4760 -0.0400
5.8465 2.5179 -0.0400
5.7913 2.5452 -0.0400
5.7704 2.5873 -0.0400
5.7689 2.6390 -0.0400
8.0914 4.4517 -0.0400
7.9723 4.4910 -0.0400
7.9541 4.5962 -0.0400
7.9395 4.7059 -0.0400
4.8708 3.9246 -0.0400
4.8116 3.9248 -0.0400
4.7673 3.9492 -0.0400
4.7275 3.9818 -0.0400
4.6704 3.9820 -0.0400
4.6192 3.9919 -0.0400
4.5763 4.0181 -0.0400
4.5507 4.0826 -0.0400
4.5200 4.1398 -0.0400
4.4748 4.1656 -0.0400
4.4497 4.2432 -0.0400
3.5044 5.2127 -0.0400
3.4368 5.1561 -0.0400
3.3714 5.1204 -0.0400
3.3068 5.1330 -0.0400
3.2412 5.1613 -0.0400
2.1485 7.2482 -0.0400
3.0903 2.5754 -0.0400
3.0802 2.5301 -0.0400
3.0636 2.5157 -0.0400
3.0466 2.5038 -0.0400
3.0291 2.4947 -0.0400
3.0103 2.4898 -0.0400
2.9905 2.4877 -0.0400
2.9697 2.4884 -0.0400
2.9468 2.4936 -0.0400
2.9208 2.5053 -0.0400
2.8776 2.5564 -0.0400
2.8563 2.5519 -0.0400
2.8341 2.5492 -0.0400
2.8102 2.5493 -0.0400
2.7836 2.5541 -0.0400
2.7527 2.5657 -0.0400
2.7143 2.5895 -0.0400
1.6657 3.3869 -0.0400
1.6584 3.3273 -0.0400
1.6354 3.2869 -0.0400
1.6035 3.2564 -0.0400
1.5371 3.2607 -0.0400
-0.9478 3.6430 -0.0400
-0.9460 3.5480 -0.0400
-0.9937 3.4779 -0.0400
0.1021 2.3150 -0.0400
0.0637 2.2641 -0.0400
-1.9744 1.6341 -0.0400
-1.8498 1.5384 -0.0400
-1.8718 1.4475 -0.0400
0.8969 0.5955 -0.0400
0.9471 0.5655 -0.0400
0.9819 0.5310 -0.0400
0.9912 0.4870 -0.0400
0.9883 0.4375 -0.0400
0.9562 0.3743 -0.0400
0.5679 -0.8126 -0.0400
0.6351 -0.8378 -0.0400
0.6733 -0.8866 -0.0400
0.7081 -0.9386 -0.0400
5.1277 -2.5338 -0.0400
5.1801 -2.4663 -0.0400
5.8615 -0.9961 -0.0400
5.8774 -0.9273 -0.0400
5.9090 -0.8743 -0.0400
5.9527 -0.8321 -0.0400
6.0559 -0.8395 -0.0400
7.6771 -1.4789 -0.0400
7.7128 -1.3932 -0.0400
5.7802 0.1404 -0.0400
5.7728 0.1982 -0.0400
5.7734 0.2510 -0.0400
5.7956 0.2929 -0.0400
5.8421 0.3242 -0.0400
5.8960 0.3535 -0.0400
6.0126 2.3668 -0.0400
5.9742 2.4055 -0.0400
5.8943 2.4271 -0.0400
5.8677 2.4681 -0.0400
5.8532 2.5140 -0.0400
5.7994 2.5423 -0.0400
5.7719 2.5816 -0.0400
5.7617 2.6291 -0.0400
7.9829 4.4877 -0.0400
7.9942 4.6133 -0.0400
4.8633 3.9123 -0.0400
4.8098 3.9220 -0.0400
4.7657 3.9471 -0.0400
4.7185 3.9664 -0.0400
4.6653 3.9736 -0.0400
4.6209 3.9972 -0.0400
4.5828 4.0341 -0.0400
4.5513 4.0866 -0.0400
4.5197 4.1421 -0.0400
4.4755 4.1708 -0.0400
3.5022 5.2276 -0.0400
3.4333 5.1362 -0.0400
3.3682 5.1194 -0.0400
3.3034 5.1424 -0.0400
3.2374 5.1783 -0.0400
2.2448 7.2938 -0.0400
3.1017 2.5812 -0.0400
3.0910 2.5346 -0.0400
3.0741 2.5202 -0.0400
3.0569 2.5083 -0.0400
3.0393 2.4986 -0.0400
3.0209 2.4924 -0.0400
3.0014 2.4896 -0.0400
2.9811 2.4889 -0.0400
2.9596 2.4909 -0.0400
2.9271 2.5214 -0.0400
2.8893 2.5612 -0.0400
2.8691 2.5545 -0.0400
2.8478 2.5499 -0.0400
2.8251 2.5479 -0.0400
2.7930 2.5650 -0.0400
2.7616 2.5786 -0.0400
2.7122 2.6245 -0.0400
1.6855 3.3534 -0.0400
1.6628 3.3121 -0.0400
1.6309 3.2816 -0.0400
1.5898 3.2609 -0.0400
1.5328 3.2555 -0.0400
-0.9137 3.6230 -0.0400
-0.9524 3.5487 -0.0400
-0.9942 3.4758 -0.0400
0.1102 2.3706 -0.0400
0.0916 2.3146 -0.0400
-1.8966 1.6327 -0.0400
-1.8504 1.5400 -0.0400
-1.9124 1.4494 -0.0400
0.9314 0.6083 -0.0400
0.9624 0.5722 -0.0400
0.9827 0.5326 -0.0400
0.9936 0.4895 -0.0400
0.9937 0.4416 -0.0400
0.5857 -0.7903 -0.0400
0.6336 -0.8308 -0.0400
0.6647 -0.8855 -0.0400
0.6923 -0.9438 -0.0400
5.1004 -2.5146 -0.0400
5.1640 -2.4722 -0.0400
5.2458 -2.4678 -0.0400
5.8812 -1.0371 -0.0400
5.8608 -0.9335 -0.0400
5.8989 -0.8863 -0.0400
5.9497 -0.8503 -0.0400
6.0193 -0.8294 -0.0400
7.7009 -1.4068 -0.0400
5.7728 0.1286 -0.0400
5.7655 0.1865 -0.0400
5.7728 0.2361 -0.0400
5.7920 0.2796 -0.0400
5.8229 0.3179 -0.0400
5.9238 0.3272 -0.0400
6.0203 2.3614 -0.0400
5.9538 2.3901 -0.0400
5.9017 2.4223 -0.0400
5.8724 2.4625 -0.0400
5.8551 2.5074 -0.0400
5.7956 2.5334 -0.0400
5.7799 2.5784 -0.0400
5.7862 2.6344 -0.0400
8.0694 4.4161 -0.0400
7.9825 4.4765 -0.0400
7.9875 4.5978 -0.0400
7.9646 4.7024 -0.0400
4.9428 3.9404 -0.0400
4.8612 3.9078 -0.0400
4.8102 3.9219 -0.0400
4.7680 3.9507 -0.0400
4.7153 3.9603 -0.0400
4.6651 3.9736 -0.0400
4.6203 3.9966 -0.0400
4.5929 4.0561 -0.0400
4.5701 4.1291 -0.0400
4.5225 4.1504 -0.0400
4.4847 4.1950 -0.0400
3.4963 5.1510 -0.0400
3.4301 5.1212 -0.0400
3.3654 5.1251 -0.0400
3.3005 5.1401 -0.0400
3.2327 5.2477 -0.0400
3.1155 2.5771 -0.0400
3.1000 2.5503 -0.0400
3.0834 2.5321 -0.0400
3.0679 2.5112 -0.0400
3.0501 2.5019 -0.0400
3.0316 2.4954 -0.0400
3.0122 2.4922 -0.0400
2.9922 2.4910 -0.0400
2.9711 2.4920 -0.0400
2.9419 2.5156 -0.0400
2.9064 2.5525 -0.0400
2.8815 2.5580 -0.0400
2.8604 2.5531 -0.0400
2.8357 2.5563 -0.0400
2.8103 2.5597 -0.0400
2.7822 2.5678 -0.0400
2.7496 2.5833 -0.0400
2.6296 2.7646 -0.0400
1.6774 3.4221 -0.0400
1.6784 3.3511 -0.0400
1.6570 3.3083 -0.0400
1.6263 3.2765 -0.0400
1.5632 3.2789 -0.0400
-0.9332 3.6303 -0.0400
-0.9554 3.5475 -0.0400
0.1168 2.3649 -0.0400
0.0925 2.3108 -0.0400
-1.8708 1.6327 -0.0400
-1.8474 1.5410 -0.0400
0.8889 0.6416 -0.0400
0.9343 0.6097 -0.0400
0.9637 0.5732 -0.0400
0.9834 0.5337 -0.0400
0.9791 0.4847 -0.0400
0.9618 0.4294 -0.0400
0.5688 -0.7967 -0.0400
0.6302 -0.8263 -0.0400
0.6639 -0.8784 -0.0400
5.0919 -2.5371 -0.0400
5.1486 -2.4791 -0.0400
5.8585 -0.9530 -0.0400
5.8886 -0.8983 -0.0400
5.9317 -0.8556 -0.0400
6.0384 -0.8661 -0.0400
7.6399 -1.4975 -0.0400
5.7733 0.1123 -0.0400
5.7620 0.1726 -0.0400
5.7677 0.2231 -0.0400
5.7870 0.2667 -0.0400
5.8196 0.3043 -0.0400
5.8673 0.3361 -0.0400
5.9992 2.3454 -0.0400
5.9591 2.3835 -0.0400
5.9070 2.4161 -0.0400
5.8764 2.4560 -0.0400
5.8360 2.4913 -0.0400
5.8002 2.5277 -0.0400
5.7815 2.5715 -0.0400
5.7800 2.6237 -0.0400
8.0031 4.4783 -0.0400
8.0071 4.5994 -0.0400
4.8626 3.9078 -0.0400
4.8116 3.9225 -0.0400
4.7731 3.9580 -0.0400
4.7145 3.9577 -0.0400
4.6660 3.9744 -0.0400
4.6220 3.9997 -0.0400
4.6032 4.0773 -0.0400
4.5689 4.1265 -0.0400
4.5215 4.1484 -0.0400
4.5014 4.2357 -0.0400
3.4941 5.1514 -0.0400
3.4277 5.1190 -0.0400
3.3630 5.1318 -0.0400
3.2976 5.1847 -0.0400
3.1254 2.5979 -0.0400
3.1106 2.5625 -0.0400
3.0961 2.5308 -0.0400
3.0784 2.5186 -0.0400
3.0615 2.5045 -0.0400
3.0428 2.4984 -0.0400
3.0238 2.4937 -0.0400
3.0031 2.4945 -0.0400
2.9823 2.4953 -0.0400
2.9547 2.5155 -0.0400
2.9252 2.5380 -0.0400
2.8938 2.5628 -0.0400
2.8730 2.5570 -0.0400
2.8492 2.5585 -0.0400
2.8252 2.5593 -0.0400
2.7991 2.5640 -0.0400
2.7698 2.5742 -0.0400
1.6923 3.4654 -0.0400
1.7046 3.3784 -0.0400
1.6842 3.3337 -0.0400
1.6540 3.3012 -0.0400
1.6150 3.2786 -0.0400
1.5624 3.2698 -0.0400
-0.9184 3.6195 -0.0400
-0.9630 3.5484 -0.0400
0.1151 2.3613 -0.0400
0.0770 2.3111 -0.0400
-1.9385 1.7283 -0.0400
-1.8415 1.6320 -0.0400
-1.8615 1.5420 -0.0400
0.9028 0.6457 -0.0400
0.9405 0.6116 -0.0400
0.9665 0.5742 -0.0400
0.9784 0.5319 -0.0400
0.9781 0.4846 -0.0400
0.9605 0.4295 -0.0400
0.5039 -0.7625 -0.0400
0.5837 -0.7784 -0.0400
0.6286 -0.8209 -0.0400
0.6592 -0.8753 -0.0400
0.6805 -0.9387 -0.0400
2.3516 -0.9585 -0.0400
5.0661 -2.5203 -0.0400
5.1343 -2.4883 -0.0400
5.2214 -2.4952 -0.0400
5.9932 -0.8489 -0.0400
7.6411 -1.5204 -0.0400
7.7015 -1.4506 -0.0400
5.7867 0.0889 -0.0400
5.7628 0.1562 -0.0400
5.7571 0.2126 -0.0400
5.7804 0.2542 -0.0400
5.8123 0.2922 -0.0400
5.8600 0.3240 -0.0400
6.0008 2.3368 -0.0400
5.9560 2.3734 -0.0400
5.9086 2.4079 -0.0400
5.8796 2.4487 -0.0400
5.8410 2.4849 -0.0400
5.8046 2.5213 -0.0400
5.7842 2.5645 -0.0400
8.0518 4.3808 -0.0400
7.9950 4.4606 -0.0400
8.0103 4.5892 -0.0400
4.8577 3.8968 -0.0400
4.8165 3.9278 -0.0400
4.7754 3.9594 -0.0400
4.7160 3.9582 -0.0400
4.6676 3.9755 -0.0400
4.6338 4.0214 -0.0400
4.6144 4.0991 -0.0400
4.5695 4.1265 -0.0400
4.5236 4.1523 -0.0400
3.5603 5.1848 -0.0400
3.4913 5.1307 -0.0400
3.4258 5.1197 -0.0400
3.3609 5.1347 -0.0400
3.2955 5.1842 -0.0400
3.1234 2.5664 -0.0400
3.1063 2.5460 -0.0400
3.0901 2.5234 -0.0400
3.0730 2.5084 -0.0400
3.0543 2.5018 -0.0400
3.0351 2.4976 -0.0400
3.0154 2.4951 -0.0400
2.9932 2.5006 -0.0400
2.9708 2.5054 -0.0400
2.9466 2.5145 -0.0400
2.9064 2.5675 -0.0400
2.8857 2.5616 -0.0400
2.8623 2.5623 -0.0400
2.8392 2.5614 -0.0400
2.8143 2.5641 -0.0400
2.7866 2.5718 -0.0400
2.6704 2.7650 -0.0400
1.6969 3.3770 -0.0400
1.6780 3.3303 -0.0400
1.6441 3.3020 -0.0400
1.5939 3.2915 -0.0400
-0.8805 3.6907 -0.0400
-0.9258 3.6201 -0.0400
-0.9749 3.5511 -0.0400
0.1244 2.4152 -0.0400
0.1136 2.3573 -0.0400
-1.9536 1.7294 -0.0400
-1.8406 1.6320 -0.0400
-1.8672 1.5424 -0.0400
0.8877 0.6400 -0.0400
0.9485 0.6135 -0.0400
0.9698 0.5748 -0.0400
0.9756 0.5305 -0.0400
0.9728 0.4823 -0.0400
0.9488 0.4247 -0.0400
0.5742 -0.7804 -0.0400
0.6168 -0.8247 -0.0400
0.6502 -0.8768 -0.0400
2.3457 -0.9511 -0.0400
2.3978 -0.9402 -0.0400
2.4378 -0.9592 -0.0400
2.4747 -0.9876 -0.0400
5.0042 -2.6101 -0.0400
5.0520 -2.5295 -0.0400
5.1180 -2.4926 -0.0400
5.1987 -2.4867 -0.0400
7.6213 -1.5293 -0.0400
5.7478 0.0932 -0.0400
5.7429 0.1502 -0.0400
5.7529 0.1987 -0.0400
5.7728 0.2421 -0.0400
5.8026 0.2810 -0.0400
5.9096 0.2873 -0.0400
5.8839 2.4411 -0.0400
5.8415 2.4760 -0.0400
5.8079 2.5138 -0.0400
5.8033 2.5646 -0.0400
8.0705 4.3794 -0.0400
8.0522 4.4849 -0.0400
8.0329 4.5914 -0.0400
4.9187 3.8922 -0.0400
4.8612 3.8983 -0.0400
4.8175 3.9255 -0.0400
4.7821 3.9673 -0.0400
4.7148 3.9526 -0.0400
4.6716 3.9801 -0.0400
4.6358 4.0223 -0.0400
4.6197 4.1070 -0.0400
4.5710 4.1272 -0.0400
4.5392 4.1853 -0.0400
3.5582 5.1721 -0.0400
3.4897 5.1254 -0.0400
3.4243 5.1228 -0.0400
3.3595 5.1534 -0.0400
3.1355 2.5804 -0.0400
3.1180 2.5577 -0.0400
3.1018 2.5320 -0.0400
3.0846 2.5153 -0.0400
3.0664 2.5050 -0.0400
3.0473 2.5000 -0.0400
3.0274 2.4977 -0.0400
3.0060 2.5012 -0.0400
2.9845 2.5033 -0.0400
2.9564 2.5262 -0.0400
2.9255 2.5540 -0.0400
2.8985 2.5668 -0.0400
2.8772 2.5622 -0.0400
2.8549 2.5597 -0.0400
2.8278 2.5685 -0.0400
2.8009 2.5751 -0.0400
2.7560 2.6203 -0.0400
1.7247 3.4028 -0.0400
1.7059 3.3552 -0.0400
1.6770 3.3210 -0.0400
1.6399 3.2964 -0.0400
1.5915 3.2840 -0.0400
-0.8826 3.6883 -0.0400
-0.9279 3.6177 -0.0400
-0.9831 3.5518 -0.0400
0.1304 2.4084 -0.0400
0.0963 2.3578 -0.0400
-1.8525 1.7228 -0.0400
-1.8386 1.6316 -0.0400
0.8719 0.6802 -0.0400
0.9166 0.6478 -0.0400
0.9558 0.6146 -0.0400
0.9716 0.5742 -0.0400
0.9817 0.5317 -0.0400
0.9593 0.4763 -0.0400
0.5226 -0.7381 -0.0400
0.5856 -0.7664 -0.0400
0.6211 -0.8160 -0.0400
0.6538 -0.8682 -0.0400
0.6627 -0.9419 -0.0400
2.3470 -0.9276 -0.0400
2.3908 -0.9366 -0.0400
2.4301 -0.9570 -0.0400
2.4657 -0.9883 -0.0400
2.5103 -0.9947 -0.0400
2.5522 -1.0085 -0.0400
2.5926 -1.0279 -0.0400
4.9865 -2.6101 -0.0400
5.0368 -2.5355 -0.0400
5.1026 -2.4985 -0.0400
7.6212 -1.5515 -0.0400
7.6888 -1.4865 -0.0400
5.7692 0.0651 -0.0400
5.7476 0.1315 -0.0400
5.7504 0.1838 -0.0400
5.7716 0.2267 -0.0400
5.8095 0.2621 -0.0400
5.8722 0.2876 -0.0400
8.2374 0.7699 -0.0400
5.8116 2.5590 -0.0400
8.0558 4.3565 -0.0400
8.0362 4.4608 -0.0400
8.0271 4.5737 -0.0400
4.9100 3.8733 -0.0400
4.8635 3.8965 -0.0400
4.8296 3.9405 -0.0400
4.7702 3.9417 -0.0400
4.7181 3.9539 -0.0400
4.6728 3.9780 -0.0400
4.6359 4.0184 -0.0400
4.6211 4.1058 -0.0400
4.5755 4.1331 -0.0400
4.5411 4.1859 -0.0400
3.5556 5.1446 -0.0400
3.4885 5.1198 -0.0400
3.4233 5.1246 -0.0400
3.3585 5.1634 -0.0400
3.1455 2.6187 -0.0400
3.1322 2.5591 -0.0400
3.1150 2.5356 -0.0400
3.0973 2.5194 -0.0400
3.0789 2.5090 -0.0400
3.0597 2.5036 -0.0400
3.0402 2.4996 -0.0400
3.0196 2.5001 -0.0400
2.9972 2.5063 -0.0400
2.9747 2.5112 -0.0400
2.9436 2.5429 -0.0400
2.9124 2.5703 -0.0400
2.8911 2.5657 -0.0400
2.8675 2.5667 -0.0400
2.8443 2.5660 -0.0400
2.8138 2.5826 -0.0400
2.7845 2.5939 -0.0400
2.7503 2.6143 -0.0400
1.7197 3.3983 -0.0400
1.7005 3.3511 -0.0400
1.6686 3.3204 -0.0400
1.6210 3.3077 -0.0400
1.5411 3.3294 -0.0400
-0.8882 3.6876 -0.0400
-0.9421 3.6215 -0.0400
0.1423 2.4608 -0.0400
0.1254 2.4049 -0.0400
-1.8647 1.7228 -0.0400
-1.8533 1.6316 -0.0400
0.8841 0.6818 -0.0400
0.9223 0.6476 -0.0400
0.9576 0.6134 -0.0400
0.9692 0.5717 -0.0400
0.9727 0.5269 -0.0400
0.9251 0.4616 -0.0400
0.5125 -0.7419 -0.0400
0.5861 -0.7619 -0.0400
0.6150 -0.8166 -0.0400
0.6384 -0.8766 -0.0400
2.2892 -0.9328 -0.0400
2.3400 -0.9260 -0.0400
2.3841 -0.9336 -0.0400
2.4235 -0.9532 -0.0400
2.4588 -0.9846 -0.0400
2.5030 -0.9917 -0.0400
2.5446 -1.0060 -0.0400
2.5840 -1.0280 -0.0400
2.6067 -1.1116 -0.0400
2.6382 -1.1715 -0.0400
2.6755 -1.2148 -0.0400
5.0204 -2.5384 -0.0400
5.0881 -2.5058 -0.0400
5.8086 -1.0558 -0.0400
5.7389 0.0647 -0.0400
5.7312 0.1234 -0.0400
5.7407 0.1723 -0.0400
5.7612 0.2155 -0.0400
5.7930 0.2536 -0.0400
5.8416 0.2850 -0.0400
8.2338 0.6654 -0.0400
8.2348 0.7534 -0.0400
8.1344 4.2749 -0.0400
8.0606 4.3452 -0.0400
8.0378 4.4474 -0.0400
8.0319 4.5626 -0.0400
4.9190 3.8805 -0.0400
4.8665 3.8950 -0.0400
4.8276 3.9309 -0.0400
4.7668 3.9298 -0.0400
4.7208 3.9531 -0.0400
4.6824 3.9904 -0.0400
4.6552 4.0507 -0.0400
4.6245 4.1073 -0.0400
4.5774 4.1320 -0.0400
4.5408 4.1802 -0.0400
3.5548 5.1363 -0.0400
3.4880 5.1207 -0.0400
3.4229 5.1320 -0.0400
3.3584 5.2027 -0.0400
3.1441 2.5834 -0.0400
3.1276 2.5491 -0.0400
3.1097 2.5306 -0.0400
3.0921 2.5134 -0.0400
3.0729 2.5066 -0.0400
3.0533 2.5028 -0.0400
3.0328 2.5024 -0.0400
3.0110 2.5067 -0.0400
2.9894 2.5089 -0.0400
2.9627 2.5280 -0.0400
2.9267 2.5745 -0.0400
2.9051 2.5703 -0.0400
2.8835 2.5659 -0.0400
2.8593 2.5684 -0.0400
2.8309 2.5806 -0.0400
2.8040 2.5872 -0.0400
2.7543 2.6459 -0.0400
1.5954 5.1810 -0.0400
1.7083 3.4768 -0.0400
1.7307 3.3737 -0.0400
1.7004 3.3408 -0.0400
1.6631 3.3166 -0.0400
1.6156 3.3038 -0.0400
1.5387 3.3222 -0.0400
-0.8561 3.7616 -0.0400
-0.8869 3.6830 -0.0400
-0.9354 3.6142 -0.0400
0.1442 2.4547 -0.0400
0.1168 2.4024 -0.0400
-1.9345 1.8183 -0.0400
-1.8480 1.7206 -0.0400
-1.8884 1.6323 -0.0400
0.9041 0.6850 -0.0400
0.9334 0.6485 -0.0400
0.9606 0.6120 -0.0400
0.9687 0.5693 -0.0400
0.9714 0.5243 -0.0400
0.9240 0.4594 -0.0400
0.4688 -0.6949 -0.0400
0.5417 -0.7164 -0.0400
0.5858 -0.7587 -0.0400
0.6141 -0.8136 -0.0400
0.6438 -0.8679 -0.0400
2.2788 -0.9405 -0.0400
2.3325 -0.9268 -0.0400
2.3778 -0.9311 -0.0400
2.4126 -0.9625 -0.0400
2.4518 -0.9832 -0.0400
2.4961 -0.9892 -0.0400
2.5377 -1.0031 -0.0400
2.5695 -1.0496 -0.0400
2.5960 -1.1203 -0.0400
2.6297 -1.1713 -0.0400
2.6645 -1.2243 -0.0400
4.9672 -2.6470 -0.0400
5.0106 -2.5555 -0.0400
5.0757 -2.5171 -0.0400
5.1622 -2.5238 -0.0400
5.8311 -1.1002 -0.0400
5.8079 -0.9927 -0.0400
5.8458 -0.9453 -0.0400
5.8966 -0.9095 -0.0400
5.7807 0.0252 -0.0400
5.7406 0.1019 -0.0400
5.7400 0.1562 -0.0400
5.7585 0.2005 -0.0400
5.7964 0.2359 -0.0400
5.8615 0.2603 -0.0400
8.2382 0.7358 -0.0400
8.1263 4.2550 -0.0400
8.0662 4.3337 -0.0400
8.0509 4.4409 -0.0400
4.9773 3.8657 -0.0400
4.9164 3.8689 -0.0400
4.8720 3.8964 -0.0400
4.8374 3.9398 -0.0400
4.7734 3.9342 -0.0400
4.7242 3.9523 -0.0400
4.6828 3.9843 -0.0400
4.6773 4.0872 -0.0400
4.6275 4.1067 -0.0400
4.5875 4.1469 -0.0400
3.6247 5.1760 -0.0400
3.5551 5.1382 -0.0400
3.4881 5.1224 -0.0400
3.4229 5.1367 -0.0400
3.3590 5.2415 -0.0400
3.1415 2.5613 -0.0400
3.1238 2.5369 -0.0400
3.1054 2.5213 -0.0400
3.0865 2.5115 -0.0400
3.0671 2.5056 -0.0400
3.0471 2.5025 -0.0400
3.0256 2.5062 -0.0400
3.0029 2.5132 -0.0400
2.9773 2.5296 -0.0400
2.9413 2.5791 -0.0400
2.9200 2.5740 -0.0400
2.8984 2.5693 -0.0400
2.8752 2.5692 -0.0400
2.8498 2.5744 -0.0400
2.8199 2.5899 -0.0400
2.7914 2.5998 -0.0400
2.6876 2.7852 -0.0400
1.7518 3.4087 -0.0400
1.7271 3.3680 -0.0400
1.6952 3.3370 -0.0400
1.6565 3.3142 -0.0400
-0.8782 3.7703 -0.0400
-0.8905 3.6810 -0.0400
0.1230 2.5186 -0.0400
0.1436 2.4493 -0.0400
0.1096 2.3992 -0.0400
-1.9481 1.8180 -0.0400
-1.8410 1.7187 -0.0400
0.8314 0.7071 -0.0400
0.9099 0.6836 -0.0400
0.9450 0.6491 -0.0400
0.9625 0.6097 -0.0400
0.9632 0.5647 -0.0400
0.9627 0.5186 -0.0400
0.4754 -0.6878 -0.0400
0.5424 -0.7135 -0.0400
0.5860 -0.7559 -0.0400
0.6067 -0.8167 -0.0400
2.2840 -0.9138 -0.0400
2.3312 -0.9143 -0.0400
2.3725 -0.9277 -0.0400
2.4088 -0.9543 -0.0400
2.4443 -0.9845 -0.0400
2.4896 -0.9872 -0.0400
2.5292 -1.0069 -0.0400
2.5638 -1.0439 -0.0400
2.5923 -1.1058 -0.0400
2.6228 -1.1677 -0.0400
4.9904 -2.5481 -0.0400
5.0587 -2.5175 -0.0400
5.7916 -1.0836 -0.0400
5.8047 -1.0115 -0.0400
5.8351 -0.9570 -0.0400
5.8780 -0.9142 -0.0400
5.9811 -0.9225 -0.0400
5.7291 0.1507 -0.0400
5.7595 0.1892 -0.0400
5.8057 0.2209 -0.0400
8.2338 0.6365 -0.0400
4.9691 3.8480 -0.0400
4.9278 3.8807 -0.0400
4.8731 3.8925 -0.0400
4.8195 3.9047 -0.0400
4.7743 3.9304 -0.0400
4.7388 3.9732 -0.0400
4.7280 4.0634 -0.0400
4.6787 4.0846 -0.0400
4.6358 4.1186 -0.0400
3.6890 5.1424 -0.0400
3.6206 5.1233 -0.0400
3.5549 5.1306 -0.0400
3.4906 5.1623 -0.0400
3.4269 5.2404 -0.0400
3.1788 2.5793 -0.0400
3.1595 2.5589 -0.0400
3.1410 2.5373 -0.0400
3.1222 2.5230 -0.0400
3.1026 2.5161 -0.0400
3.0826 2.5127 -0.0400
3.0618 2.5130 -0.0400
3.0402 2.5170 -0.0400
3.0169 2.5264 -0.0400
2.9911 2.5442 -0.0400
2.9580 2.5863 -0.0400
2.9359 2.5833 -0.0400
2.9128 2.5831 -0.0400
2.8884 2.5864 -0.0400
2.8607 2.5983 -0.0400
2.8344 2.6041 -0.0400
2.7970 2.6375 -0.0400
1.7250 5.2371 -0.0400
1.8093 3.4751 -0.0400
1.7888 3.4267 -0.0400
1.7598 3.3912 -0.0400
1.7250 3.3638 -0.0400
1.6664 3.3658 -0.0400
-0.8034 3.8207 -0.0400
-0.8490 3.7508 -0.0400
0.1310 2.5747 -0.0400
0.1460 2.5064 -0.0400
-1.8542 1.8996 -0.0400
-1.8771 1.8109 -0.0400
0.8688 0.7600 -0.0400
0.9141 0.7272 -0.0400
0.9399 0.6900 -0.0400
0.9525 0.6492 -0.0400
0.9513 0.6039 -0.0400
0.9256 0.5495 -0.0400
0.4538 -0.6274 -0.0400
0.5129 -0.6592 -0.0400
0.5425 -0.7121 -0.0400
0.5709 -0.7664 -0.0400
2.2372 -0.9027 -0.0400
2.2878 -0.8962 -0.0400
2.3309 -0.9052 -0.0400
2.3593 -0.9506 -0.0400
2.4043 -0.9551 -0.0400
2.4467 -0.9657 -0.0400
2.4860 -0.9850 -0.0400
2.5207 -1.0192 -0.0400
2.5499 -1.0746 -0.0400
2.5665 -1.1805 -0.0400
5.7655 -1.1597 -0.0400
5.7477 -1.0552 -0.0400
5.7857 -1.0079 -0.0400
5.8355 -0.9716 -0.0400
5.9019 -0.9494 -0.0400
8.2185 0.6151 -0.0400
8.2428 0.7002 -0.0400
4.9825 3.8548 -0.0400
4.9249 3.8636 -0.0400
4.8826 3.8950 -0.0400
4.8419 3.9293 -0.0400
4.7801 3.9281 -0.0400
4.7387 3.9608 -0.0400
4.7111 4.0198 -0.0400
4.6842 4.0831 -0.0400
4.6365 4.1078 -0.0400
4.6010 4.1584 -0.0400
3.6232 5.1338 -0.0400
3.5557 5.1216 -0.0400
3.4898 5.1266 -0.0400
3.4265 5.1984 -0.0400
3.1537 2.5583 -0.0400
3.1342 2.5432 -0.0400
3.1157 2.5243 -0.0400
3.0964 2.5139 -0.0400
3.0763 2.5096 -0.0400
3.0559 2.5075 -0.0400
3.0345 2.5096 -0.0400
3.0115 2.5178 -0.0400
2.9857 2.5355 -0.0400
2.9511 2.5830 -0.0400
2.9296 2.5775 -0.0400
2.9074 2.5742 -0.0400
2.8841 2.5738 -0.0400
2.8570 2.5840 -0.0400
2.8277 2.5984 -0.0400
2.7928 2.6253 -0.0400
2.6924 2.8122 -0.0400
1.6499 5.2200 -0.0400
1.7581 3.4558 -0.0400
1.7521 3.3881 -0.0400
1.7198 3.3573 -0.0400
1.6721 3.3458 -0.0400
1.6126 3.3473 -0.0400
-0.8107 3.8197 -0.0400
-0.8559 3.7493 -0.0400
-0.9264 3.6929 -0.0400
0.1582 2.4941 -0.0400
0.1272 2.4434 -0.0400
-1.9437 1.9063 -0.0400
-1.8404 1.8051 -0.0400
-1.8520 1.7158 -0.0400
0.8867 0.7144 -0.0400
0.9289 0.6815 -0.0400
0.9538 0.6444 -0.0400
0.9607 0.6020 -0.0400
0.9538 0.5546 -0.0400
0.9160 0.4950 -0.0400
0.5027 -0.6654 -0.0400
0.5505 -0.7045 -0.0400
0.5777 -0.7592 -0.0400
0.6009 -0.8176 -0.0400
2.2195 -0.9262 -0.0400
2.2775 -0.9036 -0.0400
2.3231 -0.9068 -0.0400
2.3626 -0.9238 -0.0400
2.3969 -0.9544 -0.0400
2.4357 -0.9744 -0.0400
2.4793 -0.9808 -0.0400
2.5152 -1.0103 -0.0400
2.5471 -1.0552 -0.0400
2.5685 -1.1415 -0.0400
2.6051 -1.1807 -0.0400
5.8080 -1.2329 -0.0400
5.7624 -1.0989 -0.0400
5.7810 -1.0321 -0.0400
5.8132 -0.9794 -0.0400
5.8567 -0.9373 -0.0400
5.9554 -0.9424 -0.0400
7.5775 -1.6117 -0.0400
8.2101 0.5158 -0.0400
8.2250 0.6022 -0.0400
5.0466 3.8465 -0.0400
4.9739 3.8351 -0.0400
4.9415 3.8817 -0.0400
4.8807 3.8851 -0.0400
4.8288 3.9008 -0.0400
4.7851 3.9297 -0.0400
4.7518 3.9773 -0.0400
4.7402 4.0668 -0.0400
4.6950 4.0972 -0.0400
3.7623 5.1629 -0.0400
3.6906 5.1265 -0.0400
3.6231 5.1191 -0.0400
3.5575 5.1301 -0.0400
3.4981 5.2517 -0.0400
3.1725 2.5575 -0.0400
3.1525 2.5439 -0.0400
3.1334 2.5266 -0.0400
3.1134 2.5195 -0.0400
3.0930 2.5166 -0.0400
3.0718 2.5179 -0.0400
3.0493 2.5252 -0.0400
3.0268 2.5308 -0.0400
2.9993 2.5568 -0.0400
2.9685 2.5912 -0.0400
2.9463 2.5880 -0.0400
2.9230 2.5879 -0.0400
2.8986 2.5909 -0.0400
2.8718 2.6003 -0.0400
2.8419 2.6168 -0.0400
2.8067 2.6456 -0.0400
1.7886 5.2650 -0.0400
1.8277 3.5083 -0.0400
1.8100 3.4541 -0.0400
1.7865 3.4099 -0.0400
1.7494 3.3853 -0.0400
1.7069 3.3676 -0.0400
-0.7765 3.8940 -0.0400
-0.8103 3.8167 -0.0400
-0.8615 3.7499 -0.0400
0.1713 2.5473 -0.0400
-1.9077 1.9929 -0.0400
-1.8268 1.8925 -0.0400
0.8583 0.7936 -0.0400
0.8934 0.7576 -0.0400
0.9284 0.7226 -0.0400
0.9453 0.6833 -0.0400
0.9493 0.6402 -0.0400
0.9384 0.5920 -0.0400
0.4821 -0.6064 -0.0400
0.5198 -0.6527 -0.0400
0.5444 -0.7088 -0.0400
0.5484 -0.7816 -0.0400
2.2324 -0.8919 -0.0400
2.2812 -0.8884 -0.0400
2.3191 -0.9089 -0.0400
2.3506 -0.9455 -0.0400
2.3961 -0.9476 -0.0400
2.4369 -0.9612 -0.0400
2.4748 -0.9833 -0.0400
2.5075 -1.0226 -0.0400
2.5262 -1.1114 -0.0400
5.7198 -1.1575 -0.0400
5.7353 -1.0865 -0.0400
5.7643 -1.0305 -0.0400
5.8163 -0.9964 -0.0400
5.8851 -0.9765 -0.0400
7.5086 -1.6899 -0.0400
4.9875 3.8395 -0.0400
4.9352 3.8568 -0.0400
4.8962 3.8941 -0.0400
4.8483 3.9175 -0.0400
4.7888 3.9208 -0.0400
4.7507 3.9601 -0.0400
4.7256 4.0244 -0.0400
4.6935 4.0787 -0.0400
4.6470 4.1067 -0.0400
4.6143 4.1640 -0.0400
3.6990 5.1709 -0.0400
3.6273 5.1306 -0.0400
3.5598 5.1221 -0.0400
3.4958 5.1661 -0.0400
3.1666 2.5766 -0.0400
3.1482 2.5406 -0.0400
3.1282 2.5294 -0.0400
3.1082 2.5206 -0.0400
3.0881 2.5137 -0.0400
3.0674 2.5112 -0.0400
3.0456 2.5144 -0.0400
3.0216 2.5272 -0.0400
2.9976 2.5366 -0.0400
2.9628 2.5890 -0.0400
2.9408 2.5841 -0.0400
2.9185 2.5799 -0.0400
2.8946 2.5810 -0.0400
2.8687 2.5875 -0.0400
2.8392 2.6032 -0.0400
2.8047 2.6303 -0.0400
2.7129 2.8058 -0.0400
1.7200 5.2343 -0.0400
1.7931 3.4661 -0.0400
1.7789 3.4082 -0.0400
1.7457 3.3780 -0.0400
1.7020 3.3618 -0.0400
1.6520 3.3526 -0.0400
-0.7921 3.8985 -0.0400
-0.8077 3.8097 -0.0400
-0.8560 3.7414 -0.0400
0.1676 2.5405 -0.0400
0.1522 2.4842 -0.0400
-1.9149 1.8987 -0.0400
-1.8902 1.8049 -0.0400
0.8685 0.7449 -0.0400
0.9214 0.7142 -0.0400
0.9451 0.6768 -0.0400
0.9523 0.6349 -0.0400
0.9555 0.5914 -0.0400
0.9322 0.5386 -0.0400
0.4183 -0.6517 -0.0400
0.5163 -0.6558 -0.0400
0.5459 -0.7079 -0.0400
0.5782 -0.7582 -0.0400
2.2196 -0.9082 -0.0400
2.2729 -0.8951 -0.0400
2.3170 -0.9006 -0.0400
2.3551 -0.9199 -0.0400
2.3877 -0.9538 -0.0400
2.4284 -0.9675 -0.0400
2.4700 -0.9786 -0.0400
2.5045 -1.0111 -0.0400
2.5332 -1.0649 -0.0400
2.5571 -1.1413 -0.0400
2.5906 -1.1906 -0.0400
5.7531 -1.1328 -0.0400
5.7528 -1.0476 -0.0400
5.7916 -1.0013 -0.0400
5.8400 -0.9637 -0.0400
5.9017 -0.9372 -0.0400
7.5594 -1.6439 -0.0400
5.7236 -0.0117 -0.0400
5.7057 0.0531 -0.0400
5.7106 0.1047 -0.0400
8.2000 0.4811 -0.0400
8.2366 0.5642 -0.0400
5.0427 3.8169 -0.0400
4.9876 3.8313 -0.0400
4.9515 3.8730 -0.0400
4.8883 3.8733 -0.0400
4.8395 3.8947 -0.0400
4.7985 3.9290 -0.0400
4.7680 3.9823 -0.0400
4.7469 4.0552 -0.0400
4.7081 4.0982 -0.0400
3.7708 5.1822 -0.0400
3.6947 5.1142 -0.0400
3.6289 5.1267 -0.0400
3.5649 5.1645 -0.0400
3.2076 2.5991 -0.0400
3.1873 2.5670 -0.0400
3.1669 2.5496 -0.0400
3.1473 2.5301 -0.0400
3.1267 2.5243 -0.0400
3.1059 2.5216 -0.0400
3.0846 2.5217 -0.0400
3.0629 2.5236 -0.0400
3.0381 2.5410 -0.0400
3.0134 2.5539 -0.0400
2.9814 2.5970 -0.0400
2.9587 2.5945 -0.0400
2.9356 2.5927 -0.0400
2.9104 2.5982 -0.0400
2.8820 2.6130 -0.0400
2.8547 2.6215 -0.0400
2.8123 2.6732 -0.0400
1.8522 5.2994 -0.0400
1.7862 5.2654 -0.0400
1.8373 3.4757 -0.0400
1.8134 3.4310 -0.0400
1.7774 3.4045 -0.0400
1.7303 3.3930 -0.0400
-0.7564 3.9730 -0.0400
-0.7651 3.8789 -0.0400
-0.8132 3.8105 -0.0400
0.2024 2.6481 -0.0400
0.1955 2.5879 -0.0400
-1.9035 2.0795 -0.0400
-1.8184 1.9766 -0.0400
-1.8826 1.8934 -0.0400
0.8287 0.8212 -0.0400
0.8794 0.7881 -0.0400
0.9213 0.7544 -0.0400
0.9369 0.7148 -0.0400
0.9436 0.6730 -0.0400
0.9287 0.6244 -0.0400
0.4232 -0.5760 -0.0400
0.4890 -0.6031 -0.0400
0.5126 -0.6591 -0.0400
0.5454 -0.7088 -0.0400
0.2705 -3.8407 -0.0400
2.1645 -0.9182 -0.0400
2.2382 -0.8639 -0.0400
2.2782 -0.8783 -0.0400
2.3123 -0.9063 -0.0400
2.3456 -0.9373 -0.0400
2.3896 -0.9421 -0.0400
2.4296 -0.9568 -0.0400
2.4662 -0.9815 -0.0400
2.4979 -1.0223 -0.0400
2.5075 -1.1386 -0.0400
5.6966 -1.1770 -0.0400
5.7023 -1.0964 -0.0400
5.7418 -1.0509 -0.0400
5.7899 -1.0135 -0.0400
5.8942 -1.0259 -0.0400
7.4862 -1.7188 -0.0400
5.6983 -0.0091 -0.0400
5.6926 0.0489 -0.0400
5.7040 0.0970 -0.0400
5.7386 0.1334 -0.0400
5.7935 0.1610 -0.0400
8.2326 0.4570 -0.0400
6.1078 2.1487 -0.0400
6.0583 2.1877 -0.0400
5.0376 3.7964 -0.0400
4.9932 3.8260 -0.0400
4.9618 3.8751 -0.0400
4.8980 3.8752 -0.0400
4.8470 3.8936 -0.0400
4.8122 3.9387 -0.0400
4.8038 4.0317 -0.0400
4.7523 4.0512 -0.0400
4.7094 4.0867 -0.0400
4.6849 4.1597 -0.0400
3.8504 5.2263 -0.0400
3.7682 5.1333 -0.0400
3.6985 5.1168 -0.0400
3.6321 5.1249 -0.0400
3.5676 5.1572 -0.0400
3.2063 2.5861 -0.0400
3.1856 2.5605 -0.0400
3.1649 2.5454 -0.0400
3.1449 2.5285 -0.0400
3.1241 2.5242 -0.0400
3.1030 2.5218 -0.0400
3.0808 2.5269 -0.0400
3.0582 2.5325 -0.0400
3.0311 2.5608 -0.0400
2.9998 2.6040 -0.0400
2.9777 2.5974 -0.0400
2.9545 2.5963 -0.0400
2.9310 2.5952 -0.0400
2.9046 2.6043 -0.0400
2.8736 2.6267 -0.0400
2.8444 2.6401 -0.0400
2.7575 2.8238 -0.0400
1.8542 5.2931 -0.0400
1.7850 5.2677 -0.0400
1.8602 3.5154 -0.0400
1.8426 3.4595 -0.0400
1.8092 3.4288 -0.0400
1.7711 3.4051 -0.0400
1.7167 3.4032 -0.0400
-0.7560 3.9690 -0.0400
-0.7701 3.8783 -0.0400
0.1896 2.6475 -0.0400
0.1941 2.5823 -0.0400
0.1417 2.5405 -0.0400
-1.9301 2.0807 -0.0400
-1.8209 1.9741 -0.0400
-1.8634 1.8886 -0.0400
0.8377 0.8175 -0.0400
0.9057 0.7884 -0.0400
0.9255 0.7498 -0.0400
0.9371 0.7093 -0.0400
0.9399 0.6665 -0.0400
0.9104 0.6135 -0.0400
0.4485 -0.5608 -0.0400
0.4926 -0.6022 -0.0400
0.5145 -0.6591 -0.0400
0.5405 -0.7137 -0.0400
0.2632 -3.8398 -0.0400
2.1859 -0.8694 -0.0400
2.2347 -0.8657 -0.0400
2.2766 -0.8757 -0.0400
2.3124 -0.8990 -0.0400
2.3466 -0.9270 -0.0400
2.3878 -0.9381 -0.0400
2.4255 -0.9583 -0.0400
2.4581 -0.9941 -0.0400
2.4835 -1.0541 -0.0400
2.5076 -1.1243 -0.0400
2.5369 -1.1842 -0.0400
5.6758 -1.1767 -0.0400
5.6994 -1.1144 -0.0400
5.7315 -1.0615 -0.0400
5.7805 -1.0251 -0.0400
5.8839 -1.0370 -0.0400
7.4735 -1.7320 -0.0400
5.6997 -0.0829 -0.0400
5.6758 -0.0135 -0.0400
5.6792 0.0394 -0.0400
5.6952 0.0850 -0.0400
5.7220 0.1251 -0.0400
5.7612 0.1597 -0.0400
8.2327 0.5280 -0.0400
6.0925 2.1301 -0.0400
6.0641 2.1754 -0.0400
5.9949 2.2068 -0.0400
5.9658 2.2501 -0.0400
5.9498 2.2976 -0.0400
5.1035 3.7814 -0.0400
5.0449 3.7923 -0.0400
4.9999 3.8214 -0.0400
4.9666 3.8678 -0.0400
4.8982 3.8610 -0.0400
4.8529 3.8888 -0.0400
4.8160 3.9305 -0.0400
4.7927 3.9974 -0.0400
4.7614 4.0529 -0.0400
4.7282 4.1074 -0.0400
3.7700 5.1139 -0.0400
3.7026 5.1157 -0.0400
3.6378 5.1419 -0.0400
3.5760 5.2133 -0.0400
3.2050 2.5829 -0.0400
3.1841 2.5587 -0.0400
3.1640 2.5348 -0.0400
3.1430 2.5284 -0.0400
3.1218 2.5251 -0.0400
3.1003 2.5240 -0.0400
3.0774 2.5325 -0.0400
3.0540 2.5417 -0.0400
3.0291 2.5562 -0.0400
2.9970 2.6032 -0.0400
2.9742 2.5995 -0.0400
2.9499 2.6017 -0.0400
2.9254 2.6037 -0.0400
2.9000 2.6080 -0.0400
2.8675 2.6348 -0.0400
2.8364 2.6531 -0.0400
1.8551 5.2912 -0.0400
1.7761 5.2918 -0.0400
1.8674 3.4967 -0.0400
1.8415 3.4535 -0.0400
1.8056 3.4265 -0.0400
1.7589 3.4146 -0.0400
1.6835 3.4406 -0.0400
-0.7213 3.9426 -0.0400
-0.7719 3.8758 -0.0400
0.1979 2.7019 -0.0400
0.2144 2.6306 -0.0400
0.1727 2.5851 -0.0400
-1.8186 2.0615 -0.0400
-1.8344 1.9730 -0.0400
0.8161 0.8515 -0.0400
0.8750 0.8192 -0.0400
0.9176 0.7851 -0.0400
0.9307 0.7451 -0.0400
0.9382 0.7038 -0.0400
0.9213 0.6555 -0.0400
0.8982 0.6043 -0.0400
0.3874 -0.5321 -0.0400
0.4570 -0.5575 -0.0400
0.4938 -0.6036 -0.0400
0.5166 -0.6597 -0.0400
0.5166 -0.7333 -0.0400
0.1658 -3.7872 -0.0400
2.1941 -0.8489 -0.0400
2.2369 -0.8569 -0.0400
2.2740 -0.8765 -0.0400
2.3059 -0.9086 -0.0400
2.3434 -0.9285 -0.0400
2.3856 -0.9367 -0.0400
2.4244 -0.9532 -0.0400
2.4488 -1.0115 -0.0400
2.4649 -1.1004 -0.0400
2.4986 -1.1416 -0.0400
5.6771 -1.1989 -0.0400
5.6833 -1.1188 -0.0400
5.7203 -1.0710 -0.0400
5.7740 -1.0391 -0.0400
5.8373 -1.0150 -0.0400
7.5023 -1.7749 -0.0400
5.6858 -0.0356 -0.0400
5.6801 0.0224 -0.0400
5.6893 0.0716 -0.0400
5.7213 0.1091 -0.0400
5.7693 0.1397 -0.0400
6.1207 2.1238 -0.0400
6.0684 2.1624 -0.0400
6.0115 2.1980 -0.0400
5.9688 2.2369 -0.0400
5.9546 2.2852 -0.0400
5.9016 2.3187 -0.0400
5.8807 2.3638 -0.0400
5.8908 2.4220 -0.0400
5.1068 3.7706 -0.0400
5.0515 3.7864 -0.0400
5.0076 3.8173 -0.0400
4.9584 3.8403 -0.0400
4.9053 3.8568 -0.0400
4.8599 3.8847 -0.0400
4.8219 3.9249 -0.0400
4.8154 4.0212 -0.0400
4.7675 4.0481 -0.0400
4.7300 4.0946 -0.0400
3.8526 5.1751 -0.0400
3.7763 5.1237 -0.0400
3.7073 5.1157 -0.0400
3.6414 5.1324 -0.0400
3.2051 2.5607 -0.0400
3.1838 2.5457 -0.0400
3.1627 2.5353 -0.0400
3.1415 2.5292 -0.0400
3.1201 2.5262 -0.0400
3.0977 2.5306 -0.0400
3.0747 2.5376 -0.0400
3.0506 2.5494 -0.0400
3.0242 2.5708 -0.0400
2.9944 2.6043 -0.0400
2.9712 2.6016 -0.0400
2.9474 2.6010 -0.0400
2.9202 2.6128 -0.0400
2.8931 2.6218 -0.0400
2.8553 2.6655 -0.0400
2.7814 2.8189 -0.0400
1.8553 5.2928 -0.0400
1.8742 3.5659 -0.0400
1.8669 3.4906 -0.0400
1.8388 3.4507 -0.0400
1.8018 3.4250 -0.0400
1.7463 3.4253 -0.0400
-0.6838 4.0148 -0.0400
-0.7261 3.9423 -0.0400
-0.7763 3.8752 -0.0400
0.1849 2.7019 -0.0400
0.2119 2.6257 -0.0400
0.1745 2.5783 -0.0400
-1.8413 2.0619 -0.0400
-1.8248 1.9687 -0.0400
0.8534 0.8522 -0.0400
0.8926 0.8166 -0.0400
0.9168 0.7787 -0.0400
0.9309 0.7390 -0.0400
0.9316 0.6960 -0.0400
0.8884 0.6403 -0.0400
0.3986 -0.5278 -0.0400
0.4655 -0.5547 -0.0400
0.4908 -0.6084 -0.0400
0.5144 -0.6638 -0.0400
0.1637 -3.7802 -0.0400
2.1406 -0.8587 -0.0400
2.1925 -0.8498 -0.0400
2.2359 -0.8561 -0.0400
2.2740 -0.8732 -0.0400
2.3021 -0.9134 -0.0400
2.3449 -0.9199 -0.0400
2.3841 -0.9351 -0.0400
2.4203 -0.9580 -0.0400
2.4511 -0.9975 -0.0400
2.4685 -1.0808 -0.0400
2.5005 -1.1256 -0.0400
5.6746 -1.1302 -0.0400
5.7104 -1.0813 -0.0400
5.7585 -1.0443 -0.0400
5.8452 -1.0418 -0.0400
7.5073 -1.8005 -0.0400
5.6588 -0.0372 -0.0400
5.6644 0.0144 -0.0400
5.6813 0.0594 -0.0400
5.7080 0.0994 -0.0400
5.7454 0.1347 -0.0400
6.1205 2.1090 -0.0400
6.0782 2.1507 -0.0400
6.0108 2.1832 -0.0400
5.9782 2.2256 -0.0400
5.9572 2.2716 -0.0400
5.9124 2.3084 -0.0400
5.8909 2.3534 -0.0400
5.8898 2.4071 -0.0400
4.9639 3.8323 -0.0400
4.9125 3.8517 -0.0400
4.8674 3.8804 -0.0400
4.8489 3.9534 -0.0400
4.8232 4.0177 -0.0400
4.7747 4.0439 -0.0400
4.7350 4.0868 -0.0400
3.8516 5.1313 -0.0400
3.7801 5.1111 -0.0400
3.7130 5.1187 -0.0400
3.6486 5.1531 -0.0400
3.2264 2.5935 -0.0400
3.2047 2.5643 -0.0400
3.1832 2.5482 -0.0400
3.1619 2.5369 -0.0400
3.1406 2.5294 -0.0400
3.1186 2.5294 -0.0400
3.0962 2.5325 -0.0400
3.0729 2.5406 -0.0400
3.0483 2.5540 -0.0400
3.0154 2.6101 -0.0400
2.9923 2.6059 -0.0400
2.9686 2.6041 -0.0400
2.9444 2.6044 -0.0400
2.9154 2.6224 -0.0400
2.8870 2.6351 -0.0400
2.8559 2.6546 -0.0400
1.9218 5.3321 -0.0400
1.8469 5.3206 -0.0400
1.8863 3.5401 -0.0400
1.8693 3.4807 -0.0400
1.8366 3.4479 -0.0400
1.7942 3.4298 -0.0400
1.7383 3.4304 -0.0400
-0.7054 4.0267 -0.0400
-0.7292 3.9413 -0.0400
-0.7948 3.8839 -0.0400
0.2001 2.6891 -0.0400
0.1945 2.6274 -0.0400
-1.8840 2.1576 -0.0400
-1.8082 2.0539 -0.0400
0.7994 0.8800 -0.0400
0.8699 0.8488 -0.0400
0.9025 0.8121 -0.0400
0.9246 0.7740 -0.0400
0.9280 0.7319 -0.0400
0.9230 0.6874 -0.0400
0.9042 0.6385 -0.0400
0.4158 -0.5203 -0.0400
0.4662 -0.5575 -0.0400
0.4902 -0.6120 -0.0400
0.5139 -0.6672 -0.0400
0.1651 -3.7683 -0.0400
2.1420 -0.8553 -0.0400
2.1928 -0.8480 -0.0400
2.2364 -0.8536 -0.0400
2.2693 -0.8815 -0.0400
2.3007 -0.9139 -0.0400
2.3442 -0.9185 -0.0400
2.3836 -0.9325 -0.0400
2.4126 -0.9741 -0.0400
2.4372 -1.0316 -0.0400
2.4589 -1.1028 -0.0400
2.4890 -1.1544 -0.0400
5.8265 -1.0441 -0.0400
7.3950 -1.8528 -0.0400
7.4419 -1.7744 -0.0400
5.6802 -0.1216 -0.0400
5.6587 -0.0534 -0.0400
5.6615 -0.0002 -0.0400
5.6753 0.0464 -0.0400
5.7097 0.0826 -0.0400
5.7582 0.1127 -0.0400
6.1300 2.0968 -0.0400
6.0836 2.1374 -0.0400
6.0152 2.1698 -0.0400
5.9832 2.2125 -0.0400
5.9644 2.2594 -0.0400
5.9157 2.2949 -0.0400
5.8928 2.3395 -0.0400
5.9137 2.4023 -0.0400
8.3249 3.9657 -0.0400
8.2418 4.0346 -0.0400
4.8615 3.9567 -0.0400
4.8304 4.0123 -0.0400
4.7829 4.0405 -0.0400
3.8624 5.1598 -0.0400
3.7874 5.1197 -0.0400
3.7203 5.1306 -0.0400
3.6586 5.1937 -0.0400
3.2274 2.5715 -0.0400
3.2054 2.5535 -0.0400
3.1837 2.5412 -0.0400
3.1620 2.5337 -0.0400
3.1402 2.5305 -0.0400
3.1181 2.5302 -0.0400
3.0955 2.5330 -0.0400
3.0695 2.5588 -0.0400
3.0416 2.5897 -0.0400
3.0141 2.6111 -0.0400
2.9907 2.6073 -0.0400
2.9668 2.6060 -0.0400
2.9395 2.6185 -0.0400
2.9120 2.6289 -0.0400
2.8823 2.6451 -0.0400
2.8463 2.6803 -0.0400
1.9259 5.3259 -0.0400
1.8562 5.2992 -0.0400
1.8984 3.5151 -0.0400
1.8676 3.4782 -0.0400
1.8334 3.4473 -0.0400
1.7872 3.4347 -0.0400
1.7172 3.4547 -0.0400
-0.6720 4.1039 -0.0400
-0.6780 4.0050 -0.0400
-0.7336 3.9415 -0.0400
0.2319 2.6689 -0.0400
0.1852 2.6258 -0.0400
-1.8460 2.0566 -0.0400
0.8221 0.8771 -0.0400
0.8789 0.8437 -0.0400
0.9170 0.8083 -0.0400
0.9252 0.7674 -0.0400
0.9248 0.7245 -0.0400
0.9147 0.6787 -0.0400
0.3597 -0.4894 -0.0400
0.4334 -0.5129 -0.0400
0.4627 -0.5636 -0.0400
0.4897 -0.6160 -0.0400
0.5014 -0.6796 -0.0400
0.1622 -3.7645 -0.0400
2.1471 -0.8459 -0.0400
2.1997 -0.8343 -0.0400
2.2367 -0.8526 -0.0400
2.2692 -0.8808 -0.0400
2.3010 -0.9118 -0.0400
2.3449 -0.9150 -0.0400
2.3815 -0.9355 -0.0400
2.4136 -0.9686 -0.0400
2.4404 -1.0185 -0.0400
2.4591 -1.0972 -0.0400
4.7360 -2.6604 -0.0400
7.4092 -1.8850 -0.0400
7.4621 -1.8104 -0.0400
5.6775 -0.1363 -0.0400
5.6544 -0.0671 -0.0400
5.6564 -0.0135 -0.0400
5.6684 0.0341 -0.0400
5.6988 0.0721 -0.0400
5.7407 0.1051 -0.0400
5.8122 0.1258 -0.0400
8.1890 0.3905 -0.0400
6.1449 2.1357 -0.0400
6.0687 2.1668 -0.0400
6.0087 2.2011 -0.0400
5.9734 2.2426 -0.0400
5.9529 2.2889 -0.0400
5.9034 2.3236 -0.0400
5.8806 2.3682 -0.0400
5.8731 2.4195 -0.0400
8.2521 4.0134 -0.0400
8.2072 4.1028 -0.0400
8.2380 4.2375 -0.0400
3.8816 5.2206 -0.0400
3.7979 5.1299 -0.0400
3.7272 5.1146 -0.0400
3.6600 5.1254 -0.0400
3.5953 5.1650 -0.0400
3.2058 2.5793 -0.0400
3.1840 2.5548 -0.0400
3.1623 2.5406 -0.0400
3.1409 2.5281 -0.0400
3.1186 2.5272 -0.0400
3.0960 2.5294 -0.0400
3.0724 2.5368 -0.0400
3.0475 2.5503 -0.0400
3.0193 2.5786 -0.0400
2.9904 2.6049 -0.0400
2.9662 2.6039 -0.0400
2.9411 2.6058 -0.0400
2.9148 2.6116 -0.0400
2.8866 2.6228 -0.0400
2.8559 2.6405 -0.0400
2.7660 2.8485 -0.0400
1.9175 5.3624 -0.0400
1.8588 5.3013 -0.0400
1.7862 5.2823 -0.0400
1.8633 3.5679 -0.0400
1.8636 3.4788 -0.0400
1.8305 3.4459 -0.0400
1.7918 3.4217 -0.0400
1.7355 3.4226 -0.0400
1.6688 3.4357 -0.0400
-0.7044 4.0203 -0.0400
-0.7287 3.9350 -0.0400
-0.7781 3.8670 -0.0400
0.2244 2.6651 -0.0400
0.2041 2.6102 -0.0400
-1.8225 2.0491 -0.0400
-1.8340 1.9600 -0.0400
0.8831 0.8353 -0.0400
0.9110 0.7979 -0.0400
0.9274 0.7587 -0.0400
0.9346 0.7177 -0.0400
0.9324 0.6741 -0.0400
0.8392 0.6053 -0.0400
0.4120 -0.5322 -0.0400
0.4676 -0.5661 -0.0400
0.4961 -0.6172 -0.0400
0.5176 -0.6735 -0.0400
0.1337 -3.8012 -0.0400
2.1367 -0.8681 -0.0400
2.1900 -0.8556 -0.0400
2.2370 -0.8535 -0.0400
2.2729 -0.8739 -0.0400
2.3051 -0.9029 -0.0400
2.3437 -0.9179 -0.0400
2.3824 -0.9323 -0.0400
2.4191 -0.9524 -0.0400
2.4517 -0.9844 -0.0400
2.4577 -1.0974 -0.0400
2.4912 -1.1360 -0.0400
2.1569 -4.6095 -0.0400
4.7469 -2.7300 -0.0400
4.7897 -2.6351 -0.0400
4.8588 -2.6102 -0.0400
7.4890 -1.7451 -0.0400
5.6671 -0.0402 -0.0400
5.6704 0.0122 -0.0400
5.6820 0.0597 -0.0400
5.7108 0.0986 -0.0400
5.7490 0.1335 -0.0400
8.2020 0.4527 -0.0400
6.1215 2.0639 -0.0400
6.0889 2.1085 -0.0400
6.0404 2.1475 -0.0400
5.9978 2.1872 -0.0400
5.9754 2.2331 -0.0400
5.9287 2.2695 -0.0400
5.9051 2.3141 -0.0400
5.8979 2.3653 -0.0400
8.3349 3.9305 -0.0400
8.2847 4.0176 -0.0400
8.2966 4.1401 -0.0400
3.8742 5.1423 -0.0400
3.7998 5.1083 -0.0400
3.7347 5.1367 -0.0400
3.6742 5.2145 -0.0400
3.2532 2.6005 -0.0400
3.2302 2.5683 -0.0400
3.2077 2.5519 -0.0400
3.1856 2.5411 -0.0400
3.1634 2.5352 -0.0400
3.1411 2.5331 -0.0400
3.1183 2.5348 -0.0400
3.0931 2.5564 -0.0400
3.0666 2.5801 -0.0400
3.0369 2.6186 -0.0400
3.0132 2.6141 -0.0400
2.9889 2.6126 -0.0400
2.9638 2.6145 -0.0400
2.9373 2.6211 -0.0400
2.9029 2.6581 -0.0400
2.8336 2.8194 -0.0400
2.7869 2.8800 -0.0400
1.9898 5.3915 -0.0400
1.9300 5.3308 -0.0400
1.9029 3.5917 -0.0400
1.9009 3.5035 -0.0400
1.8665 3.4720 -0.0400
1.8244 3.4528 -0.0400
1.7573 3.4703 -0.0400
-0.6365 4.0741 -0.0400
-0.6832 4.0042 -0.0400
-0.7415 3.9422 -0.0400
0.2353 2.7213 -0.0400
0.2139 2.6665 -0.0400
-1.7991 2.1343 -0.0400
0.8224 0.9069 -0.0400
0.8778 0.8724 -0.0400
0.9054 0.8346 -0.0400
0.9208 0.7951 -0.0400
0.9132 0.7510 -0.0400
0.8933 0.7033 -0.0400
0.3092 -0.4593 -0.0400
0.3898 -0.4801 -0.0400
0.4389 -0.5184 -0.0400
0.4611 -0.5735 -0.0400
0.4756 -0.6342 -0.0400
0.0504 -3.7344 -0.0400
2.1163 -0.8197 -0.0400
2.1618 -0.8221 -0.0400
2.2024 -0.8327 -0.0400
2.2360 -0.8572 -0.0400
2.2653 -0.8919 -0.0400
2.3085 -0.8962 -0.0400
2.3461 -0.9131 -0.0400
2.3817 -0.9349 -0.0400
2.3993 -1.0051 -0.0400
2.4176 -1.0797 -0.0400
2.4501 -1.1191 -0.0400
2.0433 -4.6201 -0.0400
4.6704 -2.7576 -0.0400
4.7090 -2.6479 -0.0400
4.7843 -2.6402 -0.0400
5.6579 -0.1004 -0.0400
5.6389 -0.0352 -0.0400
5.6547 0.0101 -0.0400
5.6851 0.0479 -0.0400
5.7241 0.0821 -0.0400
8.1815 0.3550 -0.0400
6.1522 2.0570 -0.0400
6.0984 2.0959 -0.0400
6.0265 2.1276 -0.0400
5.9980 2.1718 -0.0400
5.9849 2.2210 -0.0400
5.9393 2.2581 -0.0400
5.9111 2.3010 -0.0400
5.9360 2.3656 -0.0400
8.3348 3.9098 -0.0400
8.2803 3.9944 -0.0400
8.3166 4.1305 -0.0400
3.9546 5.1539 -0.0400
3.8775 5.1122 -0.0400
3.8075 5.1076 -0.0400
3.7411 5.1262 -0.0400
3.6777 5.1770 -0.0400
3.2322 2.5808 -0.0400
3.2099 2.5468 -0.0400
3.1875 2.5387 -0.0400
3.1650 2.5359 -0.0400
3.1422 2.5362 -0.0400
3.1190 2.5408 -0.0400
3.0948 2.5514 -0.0400
3.0690 2.5699 -0.0400
3.0373 2.6210 -0.0400
3.0134 2.6167 -0.0400
2.9881 2.6189 -0.0400
2.9618 2.6253 -0.0400
2.9339 2.6368 -0.0400
2.9035 2.6555 -0.0400
2.8633 2.7079 -0.0400
2.7935 2.8565 -0.0400
2.0047 5.3556 -0.0400
1.9308 5.3397 -0.0400
1.9242 3.5529 -0.0400
1.9037 3.4965 -0.0400
1.8652 3.4714 -0.0400
1.8223 3.4532 -0.0400
1.7488 3.4800 -0.0400
-0.6351 4.1769 -0.0400
-0.6265 4.0654 -0.0400
-0.6852 4.0040 -0.0400
0.2556 2.7719 -0.0400
0.2502 2.7091 -0.0400
-1.8155 2.2261 -0.0400
-1.7960 2.1310 -0.0400
0.8709 0.9068 -0.0400
0.8991 0.8687 -0.0400
0.9145 0.8291 -0.0400
0.9198 0.7878 -0.0400
0.9146 0.7441 -0.0400
0.8936 0.6963 -0.0400
0.3585 -0.4357 -0.0400
0.4073 -0.4746 -0.0400
0.4404 -0.5225 -0.0400
0.4593 -0.5796 -0.0400
0.4693 -0.6434 -0.0400
0.0633 -3.7091 -0.0400
2.1196 -0.8178 -0.0400
2.1682 -0.8138 -0.0400
2.2053 -0.8306 -0.0400
2.2333 -0.8664 -0.0400
2.2691 -0.8866 -0.0400
2.3099 -0.8960 -0.0400
2.3468 -0.9139 -0.0400
2.3806 -0.9396 -0.0400
2.3938 -1.0210 -0.0400
2.4166 -1.0832 -0.0400
2.4477 -1.1264 -0.0400
1.9435 -4.5568 -0.0400
2.0378 -4.6146 -0.0400
4.6365 -2.6903 -0.0400
4.6996 -2.6504 -0.0400
4.7741 -2.6412 -0.0400
5.6325 -0.1014 -0.0400
5.6376 -0.0496 -0.0400
5.6469 -0.0009 -0.0400
5.6721 0.0394 -0.0400
5.7246 0.0667 -0.0400
5.7911 0.0891 -0.0400
8.1749 0.3379 -0.0400
6.1315 2.0356 -0.0400
6.0984 2.0803 -0.0400
6.0481 2.1189 -0.0400
6.0075 2.1594 -0.0400
5.9871 2.2061 -0.0400
5.9369 2.2415 -0.0400
5.9199 2.2887 -0.0400
5.9246 2.3451 -0.0400
8.3444 3.8938 -0.0400
8.2933 3.9805 -0.0400
8.3420 4.1236 -0.0400
3.9675 5.1759 -0.0400
3.8873 5.1196 -0.0400
3.8166 5.1117 -0.0400
3.7523 5.1501 -0.0400
3.2586 2.5969 -0.0400
3.2352 2.5683 -0.0400
3.2123 2.5526 -0.0400
3.1897 2.5426 -0.0400
3.1671 2.5372 -0.0400
3.1439 2.5407 -0.0400
3.1200 2.5491 -0.0400
3.0949 2.5643 -0.0400
3.0668 2.5971 -0.0400
3.0388 2.6205 -0.0400
3.0144 2.6176 -0.0400
2.9893 2.6182 -0.0400
2.9632 2.6229 -0.0400
2.9303 2.6556 -0.0400
2.8953 2.6913 -0.0400
2.8259 2.8515 -0.0400
2.0077 5.3604 -0.0400
1.9370 5.3339 -0.0400
1.9486 3.6046 -0.0400
1.9313 3.5396 -0.0400
1.9006 3.5003 -0.0400
1.8618 3.4752 -0.0400
1.8139 3.4644 -0.0400
-0.5933 4.1446 -0.0400
-0.6286 4.0659 -0.0400
-0.6932 4.0085 -0.0400
0.2622 2.7640 -0.0400
0.2394 2.7098 -0.0400
-1.8085 2.2221 -0.0400
-1.7957 2.1282 -0.0400
0.7977 0.9331 -0.0400
0.8685 0.8993 -0.0400
0.8989 0.8615 -0.0400
0.9155 0.8221 -0.0400
0.9089 0.7785 -0.0400
0.8881 0.7313 -0.0400
0.3448 -0.4490 -0.0400
0.4117 -0.4773 -0.0400
0.4344 -0.5316 -0.0400
0.4425 -0.5958 -0.0400
0.0728 -3.6902 -0.0400
2.0481 -0.8648 -0.0400
2.1269 -0.8094 -0.0400
2.1715 -0.8124 -0.0400
2.2078 -0.8305 -0.0400
2.2353 -0.8666 -0.0400
2.2749 -0.8783 -0.0400
2.3130 -0.8929 -0.0400
2.3465 -0.9183 -0.0400
2.3769 -0.9525 -0.0400
2.4040 -0.9971 -0.0400
2.4143 -1.0920 -0.0400
2.4376 -1.1578 -0.0400
1.9386 -4.5527 -0.0400
2.0323 -4.6119 -0.0400
4.6312 -2.7019 -0.0400
4.6910 -2.6532 -0.0400
4.7629 -2.6379 -0.0400
5.6407 -0.0124 -0.0400
5.6708 0.0252 -0.0400
5.7063 0.0607 -0.0400
8.1647 0.2324 -0.0400
8.1752 0.3197 -0.0400
6.1101 2.0680 -0.0400
6.0390 2.1003 -0.0400
6.0089 2.1441 -0.0400
5.9964 2.1936 -0.0400
5.9497 2.2306 -0.0400
5.9231 2.2742 -0.0400
5.9161 2.3256 -0.0400
8.3628 3.8823 -0.0400
8.3766 4.0044 -0.0400
8.3563 4.1101 -0.0400
3.9797 5.1899 -0.0400
3.8932 5.0991 -0.0400
3.8251 5.1088 -0.0400
3.7600 5.1410 -0.0400
3.7000 5.2265 -0.0400
3.2624 2.6258 -0.0400
3.2386 2.5602 -0.0400
3.2156 2.5480 -0.0400
3.1927 2.5408 -0.0400
3.1698 2.5384 -0.0400
3.1466 2.5393 -0.0400
3.1228 2.5451 -0.0400
3.0980 2.5569 -0.0400
3.0649 2.6268 -0.0400
3.0406 2.6223 -0.0400
3.0156 2.6214 -0.0400
2.9898 2.6246 -0.0400
2.9626 2.6327 -0.0400
2.9335 2.6475 -0.0400
2.9012 2.6722 -0.0400
2.8313 2.8359 -0.0400
2.0816 5.3948 -0.0400
2.0145 5.3548 -0.0400
1.9562 3.5913 -0.0400
1.9341 3.5348 -0.0400
1.9014 3.4985 -0.0400
1.8580 3.4808 -0.0400
1.8051 3.4772 -0.0400
-0.5891 4.1410 -0.0400
-0.6291 4.0657 -0.0400
-0.6911 4.0063 -0.0400
0.2712 2.7553 -0.0400
0.2228 2.7137 -0.0400
-1.7940 2.2169 -0.0400
0.8598 0.9336 -0.0400
0.8921 0.8955 -0.0400
0.9093 0.8559 -0.0400
0.9162 0.8150 -0.0400
0.9120 0.7718 -0.0400
0.8936 0.7253 -0.0400
0.3827 -0.4327 -0.0400
0.4121 -0.4827 -0.0400
0.4356 -0.5365 -0.0400
0.4563 -0.5924 -0.0400
-0.0355 -3.6643 -0.0400
0.0695 -3.6919 -0.0400
2.0842 -0.8079 -0.0400
2.1357 -0.7996 -0.0400
2.1752 -0.8114 -0.0400
2.2095 -0.8331 -0.0400
2.2342 -0.8745 -0.0400
2.2782 -0.8767 -0.0400
2.3156 -0.8925 -0.0400
2.3489 -0.9178 -0.0400
2.3695 -0.9756 -0.0400
2.3825 -1.0580 -0.0400
2.4068 -1.1164 -0.0400
1.9350 -4.5453 -0.0400
4.6156 -2.6826 -0.0400
4.6842 -2.6593 -0.0400
4.7698 -2.6798 -0.0400
5.7940 0.0584 -0.0400
8.1736 0.2125 -0.0400
8.1690 0.3028 -0.0400
6.0674 2.0934 -0.0400
6.0197 2.1319 -0.0400
5.9967 2.1779 -0.0400
5.9493 2.2145 -0.0400
5.9313 2.2615 -0.0400
5.9381 2.3186 -0.0400
8.4462 3.7900 -0.0400
8.3625 3.8608 -0.0400
8.3674 3.9779 -0.0400
8.3567 4.0886 -0.0400
3.9749 5.1094 -0.0400
3.9029 5.0985 -0.0400
3.8345 5.1077 -0.0400
3.7690 5.1375 -0.0400
3.2664 2.5925 -0.0400
3.2425 2.5676 -0.0400
3.2192 2.5534 -0.0400
3.1961 2.5441 -0.0400
3.1730 2.5407 -0.0400
3.1494 2.5441 -0.0400
3.1250 2.5536 -0.0400
3.0994 2.5700 -0.0400
3.0696 2.6125 -0.0400
3.0430 2.6232 -0.0400
3.0181 2.6209 -0.0400
2.9903 2.6335 -0.0400
2.9620 2.6458 -0.0400
2.9313 2.6661 -0.0400
2.8895 2.7277 -0.0400
2.0173 5.3643 -0.0400
1.9369 5.3670 -0.0400
1.9576 3.5904 -0.0400
1.9349 3.5344 -0.0400
1.9020 3.4983 -0.0400
1.8556 3.4850 -0.0400
1.7983 3.4878 -0.0400
-0.5809 4.1349 -0.0400
-0.6352 4.0701 -0.0400
0.2815 2.8127 -0.0400
0.2701 2.7520 -0.0400
0.2252 2.7087 -0.0400
-1.8540 2.3199 -0.0400
-1.7914 2.2142 -0.0400
0.8568 0.9261 -0.0400
0.8913 0.8882 -0.0400
0.9109 0.8490 -0.0400
0.9075 0.8062 -0.0400
0.8907 0.7605 -0.0400
0.8318 0.7051 -0.0400
0.3435 -0.3940 -0.0400
0.3858 -0.4369 -0.0400
0.4104 -0.4897 -0.0400
0.4365 -0.5418 -0.0400
-0.0338 -3.6595 -0.0400
2.0176 -0.8460 -0.0400
2.0950 -0.7962 -0.0400
2.1411 -0.7968 -0.0400
2.1787 -0.8117 -0.0400
2.2085 -0.8419 -0.0400
2.2422 -0.8648 -0.0400
2.2823 -0.8745 -0.0400
2.3182 -0.8931 -0.0400
2.3492 -0.9233 -0.0400
2.3677 -0.9860 -0.0400
2.3843 -1.0588 -0.0400
2.4083 -1.1173 -0.0400
1.8240 -4.5442 -0.0400
1.9311 -4.5421 -0.0400
4.6110 -2.6933 -0.0400
4.6749 -2.6572 -0.0400
4.7525 -2.6577 -0.0400
8.1649 0.1965 -0.0400
8.1644 0.2859 -0.0400
5.9664 2.2049 -0.0400
5.9345 2.2466 -0.0400
5.9245 2.2969 -0.0400
8.3782 3.8474 -0.0400
8.3435 3.9433 -0.0400
3.9841 5.1020 -0.0400
3.9128 5.0962 -0.0400
3.8447 5.1080 -0.0400
3.7875 5.2023 -0.0400
3.2712 2.6068 -0.0400
3.2471 2.5592 -0.0400
3.2236 2.5486 -0.0400
3.2003 2.5427 -0.0400
3.1769 2.5409 -0.0400
3.1532 2.5427 -0.0400
3.1290 2.5492 -0.0400
3.1006 2.5897 -0.0400
3.0707 2.6294 -0.0400
3.0458 2.6256 -0.0400
3.0203 2.6254 -0.0400
2.9939 2.6295 -0.0400
2.9661 2.6388 -0.0400
2.9362 2.6554 -0.0400
2.8610 2.8568 -0.0400
2.0947 5.3919 -0.0400
2.0240 5.3628 -0.0400
1.9755 3.5604 -0.0400
1.9422 3.5239 -0.0400
1.9023 3.4996 -0.0400
1.8552 3.4870 -0.0400
1.7959 3.4928 -0.0400
-0.5590 4.2261 -0.0400
-0.5829 4.1371 -0.0400
-0.6367 4.0717 -0.0400
0.2938 2.8028 -0.0400
0.2622 2.7527 -0.0400
-1.7760 2.3011 -0.0400
-1.7768 2.2093 -0.0400
0.8510 0.9610 -0.0400
0.8857 0.9225 -0.0400
0.9042 0.8828 -0.0400
0.9122 0.8420 -0.0400
0.9101 0.7994 -0.0400
0.8956 0.7542 -0.0400
0.3472 -0.3981 -0.0400
0.3885 -0.4415 -0.0400
0.4106 -0.4957 -0.0400
0.4046 -0.5677 -0.0400
-0.0187 -3.6356 -0.0400
2.0414 -0.8142 -0.0400
2.1074 -0.7827 -0.0400
2.1473 -0.7935 -0.0400
2.1817 -0.8141 -0.0400
2.2093 -0.8480 -0.0400
2.2476 -0.8616 -0.0400
2.2860 -0.8743 -0.0400
2.3197 -0.8974 -0.0400
2.3466 -0.9370 -0.0400
2.3547 -1.0253 -0.0400
2.3847 -1.0646 -0.0400
2.3992 -1.1488 -0.0400
1.8283 -4.5108 -0.0400
1.9217 -4.5645 -0.0400
4.5415 -2.7360 -0.0400
4.6000 -2.6832 -0.0400
4.6712 -2.6686 -0.0400
8.1457 0.1830 -0.0400
8.1601 0.2692 -0.0400
8.4475 3.7477 -0.0400
8.3855 3.8296 -0.0400
8.4145 3.9596 -0.0400
5.1957 3.6953 -0.0400
3.8023 5.2340 -0.0400
3.2763 2.5819 -0.0400
3.2521 2.5640 -0.0400
3.2284 2.5523 -0.0400
3.2049 2.5447 -0.0400
3.1812 2.5439 -0.0400
3.1571 2.5484 -0.0400
3.1322 2.5591 -0.0400
3.1060 2.5771 -0.0400
3.0743 2.6322 -0.0400
3.0495 2.6265 -0.0400
3.0230 2.6310 -0.0400
2.9957 2.6384 -0.0400
2.9668 2.6517 -0.0400
2.9353 2.6733 -0.0400
2.8688 2.8377 -0.0400
2.0936 5.4213 -0.0400
1.9852 3.6479 -0.0400
1.9738 3.5673 -0.0400
1.9423 3.5271 -0.0400
1.9033 3.5008 -0.0400
1.8390 3.5160 -0.0400
-0.5418 4.2140 -0.0400
-0.5819 4.1376 -0.0400
-0.6499 4.0825 -0.0400
0.2943 2.7997 -0.0400
0.2574 2.7523 -0.0400
-1.7558 2.2950 -0.0400
-1.8051 2.2132 -0.0400
0.8528 0.9543 -0.0400
0.8866 0.9156 -0.0400
0.9072 0.8762 -0.0400
0.9051 0.8338 -0.0400
0.8913 0.7891 -0.0400
0.8499 0.7385 -0.0400
0.3489 -0.4034 -0.0400
0.3834 -0.4506 -0.0400
0.4097 -0.5025 -0.0400
0.3997 -0.5770 -0.0400
-0.0194 -3.6356 -0.0400
2.0605 -0.7912 -0.0400
2.1118 -0.7838 -0.0400
2.1515 -0.7947 -0.0400
2.1845 -0.8176 -0.0400
2.2137 -0.8480 -0.0400
2.2537 -0.8578 -0.0400
2.2896 -0.8755 -0.0400
2.3223 -0.9003 -0.0400
2.3477 -0.9428 -0.0400
2.3516 -1.0413 -0.0400
2.3811 -1.0819 -0.0400
1.8257 -4.5075 -0.0400
1.9112 -4.5938 -0.0400
4.5491 -2.7805 -0.0400
4.5956 -2.6909 -0.0400
4.6614 -2.6616 -0.0400
5.5236 -1.3172 -0.0400
5.5461 -1.2547 -0.0400
5.5790 -1.2043 -0.0400
8.1629 0.2513 -0.0400
8.3994 3.8150 -0.0400
8.3814 3.9199 -0.0400
5.2827 3.6930 -0.0400
5.2105 3.6919 -0.0400
5.1595 3.7165 -0.0400
5.1249 3.7631 -0.0400
5.0580 3.7644 -0.0400
3.3081 2.6322 -0.0400
3.2821 2.5869 -0.0400
3.2577 2.5673 -0.0400
3.2337 2.5553 -0.0400
3.2101 2.5442 -0.0400
3.1863 2.5442 -0.0400
3.1621 2.5473 -0.0400
3.1373 2.5554 -0.0400
3.1077 2.6039 -0.0400
3.0788 2.6318 -0.0400
3.0534 2.6291 -0.0400
3.0274 2.6298 -0.0400
3.0004 2.6348 -0.0400
2.9720 2.6451 -0.0400
2.9319 2.7062 -0.0400
2.8651 2.8692 -0.0400
2.1086 5.3948 -0.0400
2.0350 5.3743 -0.0400
2.0123 3.6015 -0.0400
1.9832 3.5551 -0.0400
1.9456 3.5258 -0.0400
1.9007 3.5093 -0.0400
1.8453 3.5094 -0.0400
-0.5412 4.2157 -0.0400
-0.5847 4.1417 -0.0400
-0.6722 4.1008 -0.0400
0.2869 2.8695 -0.0400
0.2940 2.7975 -0.0400
-1.8404 2.4064 -0.0400
-1.7553 2.2935 -0.0400
0.7807 0.9843 -0.0400
0.8846 0.9506 -0.0400
0.9009 0.9104 -0.0400
0.9078 0.8693 -0.0400
0.9054 0.8268 -0.0400
0.8920 0.7822 -0.0400
0.3202 -0.3591 -0.0400
0.3648 -0.4011 -0.0400
0.3871 -0.4549 -0.0400
0.4130 -0.5069 -0.0400
0.4053 -0.5799 -0.0400
-0.1195 -3.6002 -0.0400
2.0142 -0.7977 -0.0400
2.0782 -0.7714 -0.0400
2.1206 -0.7781 -0.0400
2.1556 -0.7969 -0.0400
2.1848 -0.8265 -0.0400
2.2178 -0.8496 -0.0400
2.2579 -0.8589 -0.0400
2.2934 -0.8771 -0.0400
2.3201 -0.9149 -0.0400
2.3416 -0.9668 -0.0400
2.3531 -1.0467 -0.0400
2.3786 -1.0977 -0.0400
1.8242 -4.5014 -0.0400
1.9066 -4.5996 -0.0400
4.5263 -2.7292 -0.0400
4.5871 -2.6846 -0.0400
4.6602 -2.6765 -0.0400
5.5185 -1.4153 -0.0400
5.5136 -1.3198 -0.0400
5.5369 -1.2584 -0.0400
5.5709 -1.2096 -0.0400
5.6223 -1.1788 -0.0400
5.6847 -1.1578 -0.0400
5.7772 -1.1636 -0.0400
8.1308 0.1518 -0.0400
8.1506 0.2367 -0.0400
6.1643 1.9658 -0.0400
6.1222 2.0083 -0.0400
5.2170 3.6773 -0.0400
5.1697 3.7067 -0.0400
5.1315 3.7485 -0.0400
5.0725 3.7611 -0.0400
5.0235 3.7872 -0.0400
4.9846 3.8285 -0.0400
4.9844 3.9329 -0.0400
3.3145 2.6265 -0.0400
3.2885 2.5878 -0.0400
3.2638 2.5687 -0.0400
3.2398 2.5495 -0.0400
3.2159 2.5456 -0.0400
3.1918 2.5448 -0.0400
3.1675 2.5473 -0.0400
3.1414 2.5689 -0.0400
3.1142 2.5918 -0.0400
3.0836 2.6341 -0.0400
3.0582 2.6300 -0.0400
3.0310 2.6364 -0.0400
3.0032 2.6447 -0.0400
2.9736 2.6592 -0.0400
2.9412 2.6836 -0.0400
2.8743 2.8492 -0.0400
2.1181 5.3901 -0.0400
2.0049 3.6228 -0.0400
1.9821 3.5635 -0.0400
1.9470 3.5288 -0.0400
1.8940 3.5258 -0.0400
1.8105 3.5713 -0.0400
-0.5318 4.2109 -0.0400
-0.5883 4.1470 -0.0400
-0.6679 4.1000 -0.0400
0.3157 2.8515 -0.0400
0.2916 2.7970 -0.0400
-1.7639 2.3872 -0.0400
-1.7629 2.2942 -0.0400
0.8641 0.9844 -0.0400
0.8888 0.9444 -0.0400
0.9027 0.9038 -0.0400
0.9080 0.8625 -0.0400
0.8827 0.8166 -0.0400
0.8399 0.7666 -0.0400
0.3144 -0.3686 -0.0400
0.3637 -0.4081 -0.0400
0.3876 -0.4612 -0.0400
0.3869 -0.5289 -0.0400
-0.1168 -3.5969 -0.0400
2.0352 -0.7744 -0.0400
2.0881 -0.7651 -0.0400
2.1250 -0.7807 -0.0400
2.1574 -0.8040 -0.0400
2.1837 -0.8388 -0.0400
2.2259 -0.8444 -0.0400
2.2621 -0.8607 -0.0400
2.2954 -0.8832 -0.0400
2.3227 -0.9195 -0.0400
2.3407 -0.9793 -0.0400
2.3553 -1.0518 -0.0400
1.7150 -4.5034 -0.0400
1.8198 -4.5091 -0.0400
4.5289 -2.7545 -0.0400
4.5831 -2.6898 -0.0400
4.6682 -2.7154 -0.0400
5.5246 -1.4354 -0.0400
5.5087 -1.3272 -0.0400
5.5304 -1.2642 -0.0400
5.5646 -1.2158 -0.0400
5.6167 -1.1860 -0.0400
5.6820 -1.1682 -0.0400
6.1379 1.9971 -0.0400
6.0711 2.0313 -0.0400
6.0357 2.0737 -0.0400
6.0195 2.1220 -0.0400
5.2829 3.6553 -0.0400
5.2245 3.6713 -0.0400
5.1918 3.7203 -0.0400
5.1239 3.7219 -0.0400
5.0781 3.7528 -0.0400
5.0497 3.8095 -0.0400
5.0362 3.8911 -0.0400
4.9927 3.9288 -0.0400
4.9534 3.9740 -0.0400
3.2683 2.5538 -0.0400
3.2441 2.5506 -0.0400
3.2198 2.5501 -0.0400
3.1950 2.5605 -0.0400
3.1696 2.5724 -0.0400
3.1431 2.5922 -0.0400
3.1125 2.6422 -0.0400
3.0866 2.6396 -0.0400
3.0599 2.6428 -0.0400
3.0323 2.6500 -0.0400
3.0033 2.6627 -0.0400
2.9594 2.7473 -0.0400
2.8937 2.9176 -0.0400
2.1949 5.4220 -0.0400
2.1131 5.4299 -0.0400
2.0615 3.6230 -0.0400
2.0288 3.5818 -0.0400
1.9885 3.5565 -0.0400
1.9403 3.5454 -0.0400
1.8777 3.5580 -0.0400
-0.4862 4.2862 -0.0400
-0.5451 4.2238 -0.0400
0.3463 2.9018 -0.0400
0.3103 2.8538 -0.0400
-1.7876 2.5818 -0.0400
-1.7119 2.4670 -0.0400
0.8385 1.0637 -0.0400
0.8708 1.0229 -0.0400
0.8889 0.9821 -0.0400
0.8982 0.9409 -0.0400
0.8882 0.8978 -0.0400
0.8684 0.8529 -0.0400
0.8076 0.8009 -0.0400
0.2538 -0.2724 -0.0400
0.3130 -0.3083 -0.0400
0.3411 -0.3589 -0.0400
0.3626 -0.4130 -0.0400
0.3698 -0.4756 -0.0400
-0.2868 -3.4829 -0.0400
-0.1832 -3.5151 -0.0400
1.9517 -0.7602 -0.0400
2.0110 -0.7446 -0.0400
2.0605 -0.7415 -0.0400
2.0959 -0.7594 -0.0400
2.1232 -0.7908 -0.0400
2.1571 -0.8117 -0.0400
2.1947 -0.8258 -0.0400
2.2297 -0.8443 -0.0400
2.2575 -0.8775 -0.0400
2.2748 -0.9343 -0.0400
2.2861 -1.0079 -0.0400
2.3146 -1.0471 -0.0400
1.6230 -4.4468 -0.0400
1.7196 -4.4818 -0.0400
4.4449 -2.7366 -0.0400
4.5095 -2.7046 -0.0400
4.5859 -2.7084 -0.0400
5.4641 -1.3735 -0.0400
5.4726 -1.2950 -0.0400
5.5151 -1.2559 -0.0400
5.5671 -1.2265 -0.0400
5.6327 -1.2103 -0.0400
7.1558 -2.1137 -0.0400
7.2535 -2.0785 -0.0400
6.1935 1.8930 -0.0400
6.1442 1.9344 -0.0400
6.1163 1.9805 -0.0400
6.0618 2.0180 -0.0400
6.0353 2.0631 -0.0400
5.9947 2.1029 -0.0400
5.9720 2.1482 -0.0400
5.9716 2.2019 -0.0400
5.2956 3.6477 -0.0400
5.2370 3.6638 -0.0400
5.2070 3.7165 -0.0400
5.1442 3.7255 -0.0400
5.0912 3.7466 -0.0400
5.0536 3.7898 -0.0400
5.0536 3.8919 -0.0400
5.0036 3.9195 -0.0400
4.9834 3.9966 -0.0400
3.2015 2.5619 -0.0400
3.1759 2.5734 -0.0400
3.1493 2.5923 -0.0400
3.1187 2.6419 -0.0400
3.0925 2.6408 -0.0400
3.0657 2.6432 -0.0400
3.0381 2.6492 -0.0400
3.0053 2.6827 -0.0400
2.9705 2.7193 -0.0400
2.9068 2.8831 -0.0400
2.2034 5.4253 -0.0400
2.0564 3.6433 -0.0400
2.0339 3.5811 -0.0400
1.9888 3.5643 -0.0400
1.9337 3.5649 -0.0400
-0.4830 4.2876 -0.0400
-0.5695 4.2473 -0.0400
0.3451 2.9019 -0.0400
0.3038 2.8567 -0.0400
-1.7889 2.5822 -0.0400
-1.7111 2.4666 -0.0400
0.8242 1.0571 -0.0400
0.8816 1.0174 -0.0400
0.8935 0.9762 -0.0400
0.8919 0.9340 -0.0400
0.8804 0.8905 -0.0400
0.8530 0.8444 -0.0400
0.2861 -0.2634 -0.0400
0.3199 -0.3113 -0.0400
0.3383 -0.3668 -0.0400
0.3519 -0.4254 -0.0400
-0.2103 -3.5532 -0.0400
1.9829 -0.7254 -0.0400
2.0274 -0.7306 -0.0400
2.0660 -0.7438 -0.0400
2.0977 -0.7674 -0.0400
2.1257 -0.7978 -0.0400
2.1638 -0.8111 -0.0400
2.2002 -0.8271 -0.0400
2.2324 -0.8508 -0.0400
2.2550 -0.8942 -0.0400
2.2781 -0.9389 -0.0400
2.2856 -1.0205 -0.0400
1.6262 -4.4311 -0.0400
1.7111 -4.5068 -0.0400
4.4372 -2.7253 -0.0400
4.5093 -2.7183 -0.0400
5.4256 -1.4305 -0.0400
5.4381 -1.3548 -0.0400
5.4680 -1.3012 -0.0400
5.5080 -1.2596 -0.0400
5.5579 -1.2285 -0.0400
5.6807 -1.2704 -0.0400
7.1483 -2.1227 -0.0400
6.1585 1.9227 -0.0400
6.0968 1.9594 -0.0400
6.0585 2.0014 -0.0400
6.0401 2.0489 -0.0400
6.0163 2.0945 -0.0400
5.9778 2.1344 -0.0400
5.9629 2.1825 -0.0400
