# .PCD v0.7 - Point Cloud Data file format
VERSION 0.7
FIELDS x y z
SIZE 4 4 4
TYPE F F F
COUNT 1 1 1
WIDTH 17539
HEIGHT 1
VIEWPOINT 0 0 0 1 0 0 0
POINTS 17539
DATA ascii
-0.6193 -2.3124 -0.0400
-0.5535 -2.3816 -0.0400
-0.5450 -2.4574 -0.0400
-0.6068 -2.5453 -0.0400
2.3551 -2.3652 -0.0400
2.3835 -2.3821 -0.0400
2.4154 -2.3968 -0.0400
2.4316 -2.4177 -0.0400
2.4477 -2.4385 -0.0400
1.8608 -5.3509 -0.0400
1.9353 -5.3601 -0.0400
1.9810 -5.4256 -0.0400
2.0169 -5.5152 -0.0400
2.4469 -7.0132 -0.0400
2.5430 -7.0150 -0.0400
2.6020 -7.1855 -0.0400
3.6413 -2.4353 -0.0400
3.6580 -2.4059 -0.0400
3.6702 -2.3974 -0.0400
3.6816 -2.3918 -0.0400
3.6926 -2.3877 -0.0400
3.7037 -2.3807 -0.0400
3.7148 -2.3700 -0.0400
3.7252 -2.3635 -0.0400
3.7354 -2.3574 -0.0400
3.7453 -2.3507 -0.0400
3.7549 -2.3485 -0.0400
3.7644 -2.3471 -0.0400
3.7739 -2.3462 -0.0400
3.7834 -2.3466 -0.0400
3.7929 -2.3476 -0.0400
3.8025 -2.3490 -0.0400
3.8126 -2.3555 -0.0400
3.8228 -2.3597 -0.0400
3.8332 -2.3651 -0.0400
3.8442 -2.3722 -0.0400
3.8558 -2.3821 -0.0400
4.3297 -5.0511 -0.0400
4.3747 -4.9796 -0.0400
4.4181 -4.9110 -0.0400
4.4600 -4.8450 -0.0400
4.4886 -4.7332 -0.0400
4.5277 -4.6747 -0.0400
4.5656 -4.6180 -0.0400
4.5907 -4.5247 -0.0400
4.6265 -4.4735 -0.0400
4.6502 -4.3911 -0.0400
4.6841 -4.3444 -0.0400
4.7173 -4.2987 -0.0400
4.7391 -4.2278 -0.0400
4.7708 -4.1855 -0.0400
4.7919 -4.1214 -0.0400
4.8129 -4.0614 -0.0400
4.8429 -4.0234 -0.0400
4.8634 -3.9685 -0.0400
4.8839 -3.9165 -0.0400
4.9123 -3.8815 -0.0400
4.9324 -3.8332 -0.0400
4.9525 -3.7870 -0.0400
4.9726 -3.7428 -0.0400
4.9926 -3.7003 -0.0400
5.0127 -3.6594 -0.0400
5.0327 -3.6198 -0.0400
5.0527 -3.5813 -0.0400
5.0702 -3.5407 -0.0400
5.0695 -3.4780 -0.0400
5.0779 -3.4294 -0.0400
5.0855 -3.3815 -0.0400
5.0922 -3.3344 -0.0400
5.0981 -3.2880 -0.0400
5.1135 -3.2533 -0.0400
5.1180 -3.2080 -0.0400
5.1217 -3.1636 -0.0400
5.1250 -3.1200 -0.0400
5.1376 -3.0865 -0.0400
5.1397 -3.0442 -0.0400
5.1415 -3.0028 -0.0400
5.1524 -2.9703 -0.0400
5.1533 -2.9303 -0.0400
5.1633 -2.8984 -0.0400
5.1636 -2.8597 -0.0400
5.1727 -2.8284 -0.0400
5.1813 -2.7973 -0.0400
5.1808 -2.7605 -0.0400
5.1888 -2.7300 -0.0400
5.1881 -2.6946 -0.0400
5.1954 -2.6648 -0.0400
5.2024 -2.6351 -0.0400
5.2091 -2.6056 -0.0400
5.2082 -2.5724 -0.0400
5.2144 -2.5435 -0.0400
5.2204 -2.5148 -0.0400
5.2260 -2.4862 -0.0400
5.2255 -2.4551 -0.0400
5.2310 -2.4270 -0.0400
5.2362 -2.3991 -0.0400
5.2412 -2.3713 -0.0400
5.2461 -2.3436 -0.0400
5.2465 -2.3147 -0.0400
5.2513 -2.2874 -0.0400
5.2560 -2.2603 -0.0400
5.2605 -2.2332 -0.0400
5.2649 -2.2062 -0.0400
5.2691 -2.1793 -0.0400
5.2732 -2.1524 -0.0400
5.2758 -2.1253 -0.0400
5.2800 -2.0986 -0.0400
5.2842 -2.0719 -0.0400
5.2883 -2.0453 -0.0400
5.2922 -2.0186 -0.0400
5.2961 -1.9919 -0.0400
5.2999 -1.9652 -0.0400
5.3035 -1.9384 -0.0400
5.3090 -1.9117 -0.0400
5.3129 -1.8848 -0.0400
5.3166 -1.8578 -0.0400
5.3203 -1.8307 -0.0400
5.3238 -1.8035 -0.0400
5.3273 -1.7762 -0.0400
5.3306 -1.7487 -0.0400
5.3386 -1.7208 -0.0400
5.3420 -1.6929 -0.0400
5.3453 -1.6649 -0.0400
5.3484 -1.6367 -0.0400
5.3513 -1.6082 -0.0400
5.3608 -1.5786 -0.0400
5.3637 -1.5496 -0.0400
5.3664 -1.5204 -0.0400
5.3688 -1.4909 -0.0400
5.3793 -1.4594 -0.0400
5.3815 -1.4293 -0.0400
5.3835 -1.3988 -0.0400
5.3852 -1.3682 -0.0400
5.3961 -1.3345 -0.0400
5.3973 -1.3030 -0.0400
5.4085 -1.2679 -0.0400
5.4093 -1.2356 -0.0400
5.4096 -1.2031 -0.0400
5.4206 -1.1660 -0.0400
5.4203 -1.1326 -0.0400
5.4311 -1.0940 -0.0400
5.4301 -1.0597 -0.0400
5.4405 -1.0196 -0.0400
5.4508 -0.9785 -0.0400
5.4484 -0.9428 -0.0400
5.4580 -0.9001 -0.0400
5.4672 -0.8565 -0.0400
5.4762 -0.8119 -0.0400
5.4715 -0.7743 -0.0400
5.4793 -0.7281 -0.0400
5.4866 -0.6810 -0.0400
5.4933 -0.6330 -0.0400
5.4993 -0.5841 -0.0400
5.5182 -0.5243 -0.0400
5.5133 -0.4803 -0.0400
5.5054 -0.4378 -0.0400
5.4978 -0.3940 -0.0400
5.4905 -0.3490 -0.0400
5.4836 -0.3025 -0.0400
5.4772 -0.2544 -0.0400
5.4714 -0.2044 -0.0400
5.4663 -0.1523 -0.0400
5.4492 -0.1106 -0.0400
5.4447 -0.0549 -0.0400
5.4411 0.0037 -0.0400
5.4235 0.0487 -0.0400
5.4208 0.1123 -0.0400
5.4192 0.1797 -0.0400
5.4012 0.2294 -0.0400
5.4009 0.3036 -0.0400
5.3825 0.3569 -0.0400
5.3636 0.4115 -0.0400
5.3649 0.4972 -0.0400
5.3455 0.5566 -0.0400
5.3486 0.6532 -0.0400
5.3288 0.7185 -0.0400
5.3084 0.7859 -0.0400
5.3136 0.9011 -0.0400
5.2927 0.9765 -0.0400
5.2711 1.0547 -0.0400
5.2488 1.1362 -0.0400
5.2561 1.2841 -0.0400
5.2330 1.3773 -0.0400
5.2089 1.4749 -0.0400
5.1838 1.5773 -0.0400
5.1576 1.6850 -0.0400
5.1665 1.8942 -0.0400
5.1386 2.0214 -0.0400
5.1092 2.1562 -0.0400
5.0781 2.2995 -0.0400
5.0452 2.4520 -0.0400
5.0102 2.6149 -0.0400
4.9729 2.7893 -0.0400
4.9772 3.1575 -0.0400
4.9348 3.3759 -0.0400
4.8889 3.6125 -0.0400
4.8390 3.8699 -0.0400
4.4664 2.2904 -0.0400
4.3900 2.2723 -0.0400
4.3203 2.2954 -0.0400
3.7582 -0.4240 -0.0400
3.7357 -0.4949 -0.0400
3.7165 -0.5880 -0.0400
3.6969 -0.6176 -0.0400
3.6774 -0.6357 -0.0400
3.6583 -0.6523 -0.0400
3.6390 -0.6619 -0.0400
3.6273 -0.7291 -0.0400
3.6109 -0.7480 -0.0400
3.5944 -0.7629 -0.0400
3.5776 -0.7737 -0.0400
3.5613 -0.7862 -0.0400
3.5437 -0.7907 -0.0400
3.5260 -0.7948 -0.0400
3.5076 -0.7963 -0.0400
3.4873 -0.7911 -0.0400
3.4674 -0.7888 -0.0400
3.4460 -0.7826 -0.0400
-0.5640 2.1683 -0.0400
-0.5455 2.0145 -0.0400
-0.5984 1.9271 -0.0400
-0.6824 1.8661 -0.0400
-0.7541 1.7941 -0.0400
-1.7996 0.3852 -0.0400
-0.0720 -0.7434 -0.0400
-0.0428 -0.8229 -0.0400
-0.0490 -0.8922 -0.0400
-0.5563 -2.3859 -0.0400
-0.5389 -2.4605 -0.0400
-0.5711 -2.5433 -0.0400
2.3150 -2.3803 -0.0400
2.3826 -2.3816 -0.0400
2.4058 -2.4001 -0.0400
2.4319 -2.4167 -0.0400
2.4463 -2.4383 -0.0400
2.4596 -2.4603 -0.0400
1.8630 -5.3591 -0.0400
1.9414 -5.3609 -0.0400
1.9919 -5.4170 -0.0400
2.0292 -5.5035 -0.0400
2.4515 -7.0328 -0.0400
2.5539 -7.0092 -0.0400
2.6357 -7.0740 -0.0400
3.6415 -2.4389 -0.0400
3.6566 -2.4189 -0.0400
3.6712 -2.3977 -0.0400
3.6827 -2.3914 -0.0400
3.6938 -2.3871 -0.0400
3.7047 -2.3818 -0.0400
3.7160 -2.3704 -0.0400
3.7265 -2.3633 -0.0400
3.7367 -2.3568 -0.0400
3.7466 -2.3529 -0.0400
3.7564 -2.3471 -0.0400
3.7659 -2.3455 -0.0400
3.7754 -2.3443 -0.0400
3.7850 -2.3446 -0.0400
3.7945 -2.3454 -0.0400
3.8042 -2.3467 -0.0400
3.8140 -2.3490 -0.0400
3.8244 -2.3569 -0.0400
3.8349 -2.3621 -0.0400
3.8459 -2.3692 -0.0400
3.8575 -2.3786 -0.0400
3.8712 -2.3974 -0.0400
4.4017 -5.0816 -0.0400
4.4461 -5.0091 -0.0400
4.4890 -4.9394 -0.0400
4.5304 -4.8724 -0.0400
4.5576 -4.7597 -0.0400
4.5962 -4.7001 -0.0400
4.6338 -4.6423 -0.0400
4.6578 -4.5480 -0.0400
4.6933 -4.4958 -0.0400
4.7161 -4.4125 -0.0400
4.7498 -4.3647 -0.0400
4.7828 -4.3181 -0.0400
4.8039 -4.2462 -0.0400
4.8355 -4.2029 -0.0400
4.8559 -4.1379 -0.0400
4.8764 -4.0770 -0.0400
4.9063 -4.0380 -0.0400
4.9263 -3.9821 -0.0400
4.9464 -3.9292 -0.0400
4.9748 -3.8933 -0.0400
4.9946 -3.8440 -0.0400
5.0143 -3.7970 -0.0400
5.0341 -3.7519 -0.0400
5.0540 -3.7085 -0.0400
5.0738 -3.6666 -0.0400
5.0936 -3.6261 -0.0400
5.1134 -3.5868 -0.0400
5.1306 -3.5452 -0.0400
5.1286 -3.4813 -0.0400
5.1363 -3.4316 -0.0400
5.1431 -3.3826 -0.0400
5.1490 -3.3344 -0.0400
5.1541 -3.2869 -0.0400
5.1691 -3.2513 -0.0400
5.1727 -3.2050 -0.0400
5.1757 -3.1596 -0.0400
5.1782 -3.1151 -0.0400
5.1904 -3.0808 -0.0400
5.1917 -3.0376 -0.0400
5.1927 -2.9953 -0.0400
5.2032 -2.9620 -0.0400
5.2033 -2.9211 -0.0400
5.2129 -2.8884 -0.0400
5.2124 -2.8489 -0.0400
5.2211 -2.8169 -0.0400
5.2293 -2.7850 -0.0400
5.2281 -2.7475 -0.0400
5.2356 -2.7162 -0.0400
5.2342 -2.6801 -0.0400
5.2411 -2.6496 -0.0400
5.2476 -2.6192 -0.0400
5.2538 -2.5889 -0.0400
5.2522 -2.5551 -0.0400
5.2580 -2.5255 -0.0400
5.2635 -2.4961 -0.0400
5.2688 -2.4668 -0.0400
5.2676 -2.4351 -0.0400
5.2726 -2.4064 -0.0400
5.2774 -2.3778 -0.0400
5.2820 -2.3494 -0.0400
5.2864 -2.3211 -0.0400
5.2863 -2.2915 -0.0400
5.2907 -2.2637 -0.0400
5.2949 -2.2359 -0.0400
5.2989 -2.2082 -0.0400
5.3029 -2.1806 -0.0400
5.3066 -2.1530 -0.0400
5.3103 -2.1256 -0.0400
5.3124 -2.0979 -0.0400
5.3162 -2.0706 -0.0400
5.3199 -2.0433 -0.0400
5.3235 -2.0160 -0.0400
5.3270 -1.9887 -0.0400
5.3305 -1.9614 -0.0400
5.3338 -1.9341 -0.0400
5.3370 -1.9067 -0.0400
5.3420 -1.8794 -0.0400
5.3455 -1.8519 -0.0400
5.3488 -1.8243 -0.0400
5.3520 -1.7966 -0.0400
5.3551 -1.7688 -0.0400
5.3580 -1.7408 -0.0400
5.3609 -1.7128 -0.0400
5.3685 -1.6842 -0.0400
5.3714 -1.6557 -0.0400
5.3742 -1.6270 -0.0400
5.3768 -1.5982 -0.0400
5.3792 -1.5691 -0.0400
5.3884 -1.5388 -0.0400
5.3907 -1.5091 -0.0400
5.3929 -1.4793 -0.0400
5.3948 -1.4492 -0.0400
5.4048 -1.4168 -0.0400
5.4065 -1.3860 -0.0400
5.4079 -1.3550 -0.0400
5.4090 -1.3237 -0.0400
5.4195 -1.2891 -0.0400
5.4201 -1.2570 -0.0400
5.4308 -1.2210 -0.0400
5.4310 -1.1880 -0.0400
5.4307 -1.1548 -0.0400
5.4412 -1.1168 -0.0400
5.4403 -1.0827 -0.0400
5.4505 -1.0432 -0.0400
5.4487 -1.0083 -0.0400
5.4586 -0.9671 -0.0400
5.4682 -0.9250 -0.0400
5.4651 -0.8887 -0.0400
5.4740 -0.8450 -0.0400
5.4826 -0.8003 -0.0400
5.4909 -0.7546 -0.0400
5.4854 -0.7164 -0.0400
5.4924 -0.6692 -0.0400
5.4989 -0.6210 -0.0400
5.5048 -0.5719 -0.0400
5.5100 -0.5219 -0.0400
5.5281 -0.4606 -0.0400
5.5221 -0.4160 -0.0400
5.5129 -0.3729 -0.0400
5.5040 -0.3287 -0.0400
5.4954 -0.2832 -0.0400
5.4872 -0.2362 -0.0400
5.4795 -0.1875 -0.0400
5.4723 -0.1370 -0.0400
5.4657 -0.0844 -0.0400
5.4473 -0.0424 -0.0400
5.4413 0.0139 -0.0400
5.4361 0.0730 -0.0400
5.4171 0.1183 -0.0400
5.4127 0.1824 -0.0400
5.4094 0.2504 -0.0400
5.3898 0.3004 -0.0400
5.3876 0.3753 -0.0400
5.3676 0.4288 -0.0400
5.3470 0.4835 -0.0400
5.3461 0.5699 -0.0400
5.3251 0.6294 -0.0400
5.3257 0.7267 -0.0400
5.3040 0.7921 -0.0400
5.2817 0.8596 -0.0400
5.2840 0.9755 -0.0400
5.2609 1.0508 -0.0400
5.2371 1.1291 -0.0400
5.2126 1.2105 -0.0400
5.2163 1.3589 -0.0400
5.1906 1.4518 -0.0400
5.1638 1.5492 -0.0400
5.1360 1.6513 -0.0400
5.1069 1.7585 -0.0400
5.1108 1.9676 -0.0400
5.0795 2.0941 -0.0400
5.0465 2.2280 -0.0400
5.0117 2.3702 -0.0400
4.9749 2.5214 -0.0400
4.9358 2.6828 -0.0400
4.8941 2.8552 -0.0400
4.8898 3.2201 -0.0400
4.8421 3.4354 -0.0400
4.7905 3.6683 -0.0400
4.4623 2.3119 -0.0400
4.3833 2.2779 -0.0400
4.3123 2.2919 -0.0400
4.2482 2.3661 -0.0400
3.7333 -0.4668 -0.0400
3.7144 -0.5734 -0.0400
3.6951 -0.6106 -0.0400
3.6757 -0.6300 -0.0400
3.6566 -0.6469 -0.0400
3.6375 -0.6582 -0.0400
3.6206 -0.6845 -0.0400
3.6094 -0.7431 -0.0400
3.5931 -0.7594 -0.0400
3.5763 -0.7704 -0.0400
3.5596 -0.7800 -0.0400
3.5428 -0.7889 -0.0400
3.5252 -0.7932 -0.0400
3.5070 -0.7951 -0.0400
3.4885 -0.7968 -0.0400
3.4670 -0.7882 -0.0400
3.4459 -0.7827 -0.0400
3.4229 -0.7730 -0.0400
-0.5828 2.0381 -0.0400
-0.6044 1.9232 -0.0400
-0.6728 1.8492 -0.0400
-0.7590 1.7892 -0.0400
-0.8703 1.7471 -0.0400
-1.8092 0.3816 -0.0400
-0.0522 -0.8237 -0.0400
-0.0506 -0.8949 -0.0400
-0.0641 -0.9623 -0.0400
-0.5981 -2.3739 -0.0400
-0.5385 -2.4429 -0.0400
2.3485 -2.3831 -0.0400
2.3984 -2.3906 -0.0400
2.4196 -2.4096 -0.0400
2.4412 -2.4280 -0.0400
2.4546 -2.4502 -0.0400
2.4639 -2.4743 -0.0400
2.4724 -2.4991 -0.0400
2.4701 -2.5301 -0.0400
1.8456 -5.3692 -0.0400
1.9356 -5.3496 -0.0400
1.9916 -5.3945 -0.0400
2.0322 -5.4733 -0.0400
2.0662 -5.5714 -0.0400
2.5466 -6.9969 -0.0400
3.6198 -2.4752 -0.0400
3.6409 -2.4315 -0.0400
3.6556 -2.4147 -0.0400
3.6684 -2.4045 -0.0400
3.6808 -2.3953 -0.0400
3.6922 -2.3901 -0.0400
3.7042 -2.3773 -0.0400
3.7155 -2.3669 -0.0400
3.7262 -2.3601 -0.0400
3.7365 -2.3543 -0.0400
3.7465 -2.3507 -0.0400
3.7564 -2.3478 -0.0400
3.7661 -2.3453 -0.0400
3.7758 -2.3438 -0.0400
3.7855 -2.3440 -0.0400
3.7953 -2.3453 -0.0400
3.8051 -2.3472 -0.0400
3.8151 -2.3498 -0.0400
3.8254 -2.3536 -0.0400
3.8360 -2.3586 -0.0400
3.8470 -2.3650 -0.0400
3.8610 -2.3890 -0.0400
4.4261 -5.5777 -0.0400
4.4766 -5.4836 -0.0400
4.5249 -5.3937 -0.0400
4.5714 -5.3078 -0.0400
4.6003 -5.1615 -0.0400
4.6431 -5.0863 -0.0400
4.6846 -5.0139 -0.0400
4.7247 -4.9441 -0.0400
4.7482 -4.8292 -0.0400
4.7859 -4.7668 -0.0400
4.8226 -4.7062 -0.0400
4.8438 -4.6096 -0.0400
4.8786 -4.5546 -0.0400
4.8989 -4.4689 -0.0400
4.9322 -4.4184 -0.0400
4.9647 -4.3689 -0.0400
4.9839 -4.2946 -0.0400
5.0151 -4.2486 -0.0400
5.0340 -4.1812 -0.0400
5.0531 -4.1178 -0.0400
5.0828 -4.0761 -0.0400
5.1017 -4.0178 -0.0400
5.1207 -3.9625 -0.0400
5.1490 -3.9238 -0.0400
5.1678 -3.8721 -0.0400
5.1868 -3.8226 -0.0400
5.2059 -3.7751 -0.0400
5.2251 -3.7293 -0.0400
5.2444 -3.6850 -0.0400
5.2637 -3.6420 -0.0400
5.2831 -3.6002 -0.0400
5.2994 -3.5560 -0.0400
5.2939 -3.4887 -0.0400
5.2993 -3.4359 -0.0400
5.3038 -3.3839 -0.0400
5.3074 -3.3327 -0.0400
5.3103 -3.2824 -0.0400
5.3242 -3.2441 -0.0400
5.3256 -3.1951 -0.0400
5.3263 -3.1471 -0.0400
5.3264 -3.1000 -0.0400
5.3375 -3.0631 -0.0400
5.3366 -3.0175 -0.0400
5.3353 -2.9729 -0.0400
5.3446 -2.9372 -0.0400
5.3426 -2.8941 -0.0400
5.3509 -2.8591 -0.0400
5.3482 -2.8175 -0.0400
5.3557 -2.7833 -0.0400
5.3626 -2.7492 -0.0400
5.3593 -2.7097 -0.0400
5.3655 -2.6764 -0.0400
5.3621 -2.6384 -0.0400
5.3678 -2.6058 -0.0400
5.3730 -2.5734 -0.0400
5.3779 -2.5412 -0.0400
5.3745 -2.5056 -0.0400
5.3790 -2.4741 -0.0400
5.3832 -2.4428 -0.0400
5.3871 -2.4116 -0.0400
5.3842 -2.3783 -0.0400
5.3879 -2.3477 -0.0400
5.3915 -2.3173 -0.0400
5.3948 -2.2871 -0.0400
5.3979 -2.2570 -0.0400
5.3962 -2.2259 -0.0400
5.3993 -2.1963 -0.0400
5.4022 -2.1667 -0.0400
5.4050 -2.1373 -0.0400
5.4077 -2.1080 -0.0400
5.4102 -2.0788 -0.0400
5.4126 -2.0496 -0.0400
5.4133 -2.0203 -0.0400
5.4158 -1.9913 -0.0400
5.4183 -1.9623 -0.0400
5.4206 -1.9334 -0.0400
5.4229 -1.9044 -0.0400
5.4250 -1.8755 -0.0400
5.4271 -1.8465 -0.0400
5.4290 -1.8175 -0.0400
5.4328 -1.7884 -0.0400
5.4349 -1.7592 -0.0400
5.4370 -1.7299 -0.0400
5.4388 -1.7005 -0.0400
5.4406 -1.6711 -0.0400
5.4422 -1.6414 -0.0400
5.4437 -1.6117 -0.0400
5.4502 -1.5812 -0.0400
5.4518 -1.5510 -0.0400
5.4531 -1.5206 -0.0400
5.4543 -1.4900 -0.0400
5.4553 -1.4593 -0.0400
5.4634 -1.4268 -0.0400
5.4643 -1.3954 -0.0400
5.4649 -1.3638 -0.0400
5.4653 -1.3320 -0.0400
5.4742 -1.2974 -0.0400
5.4743 -1.2648 -0.0400
5.4741 -1.2320 -0.0400
5.4736 -1.1989 -0.0400
5.4827 -1.1619 -0.0400
5.4817 -1.1280 -0.0400
5.4911 -1.0894 -0.0400
5.4894 -1.0547 -0.0400
5.4874 -1.0197 -0.0400
5.4964 -0.9791 -0.0400
5.4936 -0.9432 -0.0400
5.5022 -0.9009 -0.0400
5.4985 -0.8642 -0.0400
5.5067 -0.8203 -0.0400
5.5146 -0.7754 -0.0400
5.5093 -0.7373 -0.0400
5.5164 -0.6907 -0.0400
5.5231 -0.6432 -0.0400
5.5293 -0.5946 -0.0400
5.5214 -0.5545 -0.0400
5.5264 -0.5044 -0.0400
5.5306 -0.4533 -0.0400
5.5342 -0.4012 -0.0400
5.5370 -0.3482 -0.0400
5.5528 -0.2825 -0.0400
5.5435 -0.2363 -0.0400
5.5308 -0.1920 -0.0400
5.5183 -0.1466 -0.0400
5.5061 -0.0999 -0.0400
5.4942 -0.0516 -0.0400
5.4826 -0.0017 -0.0400
5.4715 0.0501 -0.0400
5.4608 0.1040 -0.0400
5.4388 0.1466 -0.0400
5.4285 0.2042 -0.0400
5.4188 0.2647 -0.0400
5.3959 0.3105 -0.0400
5.3868 0.3760 -0.0400
5.3785 0.4455 -0.0400
5.3547 0.4959 -0.0400
5.3472 0.5722 -0.0400
5.3227 0.6261 -0.0400
5.2976 0.6811 -0.0400
5.2907 0.7690 -0.0400
5.2647 0.8287 -0.0400
5.2586 0.9274 -0.0400
5.2318 0.9928 -0.0400
5.2041 1.0603 -0.0400
5.1986 1.1774 -0.0400
5.1697 1.2525 -0.0400
5.1399 1.3305 -0.0400
5.1091 1.4114 -0.0400
5.1030 1.5604 -0.0400
5.0703 1.6524 -0.0400
5.0364 1.7487 -0.0400
5.0011 1.8494 -0.0400
4.9642 1.9551 -0.0400
4.9547 2.1627 -0.0400
4.9145 2.2866 -0.0400
4.8722 2.4176 -0.0400
4.8276 2.5562 -0.0400
4.7805 2.7032 -0.0400
4.7305 2.8596 -0.0400
4.6774 3.0263 -0.0400
4.4654 2.2947 -0.0400
4.3892 2.2761 -0.0400
4.3198 2.3000 -0.0400
4.4519 4.0486 -0.0400
3.7368 -0.4696 -0.0400
3.7146 -0.4914 -0.0400
3.6969 -0.5794 -0.0400
3.6781 -0.6126 -0.0400
3.6606 -0.6473 -0.0400
3.6415 -0.6570 -0.0400
3.6260 -0.6927 -0.0400
3.6115 -0.7276 -0.0400
3.5957 -0.7474 -0.0400
3.5797 -0.7626 -0.0400
3.5642 -0.7787 -0.0400
3.5473 -0.7860 -0.0400
3.5298 -0.7903 -0.0400
3.5122 -0.7939 -0.0400
3.4927 -0.7911 -0.0400
3.4731 -0.7885 -0.0400
3.4528 -0.7850 -0.0400
3.4304 -0.7759 -0.0400
-0.7403 1.7977 -0.0400
-1.7998 0.3993 -0.0400
-1.8408 0.3028 -0.0400
-0.1032 -0.7931 -0.0400
-0.0628 -0.8747 -0.0400
-0.0632 -0.9452 -0.0400
-0.0456 -1.0188 -0.0400
-0.0481 -1.0876 -0.0400
-0.0656 -1.1535 -0.0400
-0.5685 -2.2814 -0.0400
-0.5453 -2.3554 -0.0400
-0.5672 -2.4357 -0.0400
2.3285 -2.3534 -0.0400
2.3660 -2.3672 -0.0400
2.4039 -2.3796 -0.0400
2.4214 -2.4003 -0.0400
2.4381 -2.4210 -0.0400
2.4487 -2.4446 -0.0400
2.4525 -2.4717 -0.0400
2.4573 -2.4987 -0.0400
2.4439 -2.5364 -0.0400
2.4337 -2.5734 -0.0400
0.7118 -3.6652 -0.0400
1.8658 -5.3168 -0.0400
1.9196 -5.3657 -0.0400
1.9596 -5.4440 -0.0400
2.3499 -6.9809 -0.0400
2.4502 -6.9689 -0.0400
2.5359 -7.0135 -0.0400
3.6251 -2.4422 -0.0400
3.6437 -2.4091 -0.0400
3.6568 -2.3995 -0.0400
3.6690 -2.3929 -0.0400
3.6805 -2.3888 -0.0400
3.6918 -2.3848 -0.0400
3.7037 -2.3737 -0.0400
3.7148 -2.3660 -0.0400
3.7259 -2.3548 -0.0400
3.7361 -2.3516 -0.0400
3.7461 -2.3493 -0.0400
3.7561 -2.3476 -0.0400
3.7660 -2.3471 -0.0400
3.7758 -2.3477 -0.0400
3.7857 -2.3488 -0.0400
3.7957 -2.3505 -0.0400
3.8062 -2.3577 -0.0400
3.8167 -2.3628 -0.0400
3.8276 -2.3696 -0.0400
3.8391 -2.3787 -0.0400
3.8514 -2.3916 -0.0400
4.4472 -6.1690 -0.0400
4.5061 -6.0537 -0.0400
4.5451 -5.8536 -0.0400
4.5985 -5.7546 -0.0400
4.6498 -5.6599 -0.0400
4.6991 -5.5691 -0.0400
4.7466 -5.4819 -0.0400
4.7747 -5.3357 -0.0400
4.8189 -5.2586 -0.0400
4.8618 -5.1843 -0.0400
4.9033 -5.1124 -0.0400
4.9268 -4.9962 -0.0400
4.9661 -4.9314 -0.0400
5.0044 -4.8684 -0.0400
5.0259 -4.7698 -0.0400
5.0624 -4.7121 -0.0400
5.0834 -4.6241 -0.0400
5.1184 -4.5707 -0.0400
5.1527 -4.5184 -0.0400
5.1728 -4.4416 -0.0400
5.2058 -4.3925 -0.0400
5.2257 -4.3224 -0.0400
5.2459 -4.2563 -0.0400
5.2774 -4.2115 -0.0400
5.2974 -4.1503 -0.0400
5.3177 -4.0921 -0.0400
5.3478 -4.0503 -0.0400
5.3680 -3.9956 -0.0400
5.3883 -3.9431 -0.0400
5.4088 -3.8925 -0.0400
5.4295 -3.8436 -0.0400
5.4502 -3.7962 -0.0400
5.4710 -3.7501 -0.0400
5.4918 -3.7052 -0.0400
5.5089 -3.6572 -0.0400
5.5005 -3.5839 -0.0400
5.5045 -3.5260 -0.0400
5.5075 -3.4690 -0.0400
5.5097 -3.4129 -0.0400
5.5110 -3.3579 -0.0400
5.5248 -3.3154 -0.0400
5.5245 -3.2618 -0.0400
5.5235 -3.2093 -0.0400
5.5220 -3.1578 -0.0400
5.5328 -3.1171 -0.0400
5.5301 -3.0673 -0.0400
5.5271 -3.0185 -0.0400
5.5360 -2.9792 -0.0400
5.5322 -2.9321 -0.0400
5.5400 -2.8935 -0.0400
5.5356 -2.8482 -0.0400
5.5425 -2.8104 -0.0400
5.5488 -2.7729 -0.0400
5.5438 -2.7298 -0.0400
5.5494 -2.6932 -0.0400
5.5443 -2.6517 -0.0400
5.5493 -2.6159 -0.0400
5.5538 -2.5802 -0.0400
5.5580 -2.5448 -0.0400
5.5530 -2.5061 -0.0400
5.5568 -2.4714 -0.0400
5.5602 -2.4370 -0.0400
5.5634 -2.4028 -0.0400
5.5590 -2.3664 -0.0400
5.5620 -2.3328 -0.0400
5.5648 -2.2995 -0.0400
5.5673 -2.2663 -0.0400
5.5696 -2.2333 -0.0400
5.5666 -2.1992 -0.0400
5.5689 -2.1667 -0.0400
5.5711 -2.1343 -0.0400
5.5731 -2.1020 -0.0400
5.5749 -2.0698 -0.0400
5.5766 -2.0377 -0.0400
5.5782 -2.0057 -0.0400
5.5779 -1.9736 -0.0400
5.5796 -1.9418 -0.0400
5.5813 -1.9100 -0.0400
5.5828 -1.8782 -0.0400
5.5842 -1.8464 -0.0400
5.5855 -1.8147 -0.0400
5.5866 -1.7829 -0.0400
5.5877 -1.7510 -0.0400
5.5909 -1.7190 -0.0400
5.5921 -1.6870 -0.0400
5.5933 -1.6549 -0.0400
5.5943 -1.6226 -0.0400
5.5951 -1.5903 -0.0400
5.5958 -1.5578 -0.0400
5.5964 -1.5252 -0.0400
5.6024 -1.4915 -0.0400
5.6030 -1.4584 -0.0400
5.6034 -1.4251 -0.0400
5.6036 -1.3915 -0.0400
5.6036 -1.3578 -0.0400
5.6112 -1.3219 -0.0400
5.6110 -1.2875 -0.0400
5.6106 -1.2529 -0.0400
5.6099 -1.2180 -0.0400
5.6183 -1.1798 -0.0400
5.6173 -1.1441 -0.0400
5.6159 -1.1082 -0.0400
5.6141 -1.0720 -0.0400
5.6228 -1.0310 -0.0400
5.6205 -0.9940 -0.0400
5.6293 -0.9514 -0.0400
5.6263 -0.9134 -0.0400
5.6227 -0.8752 -0.0400
5.6311 -0.8303 -0.0400
5.6267 -0.7911 -0.0400
5.6347 -0.7445 -0.0400
5.6293 -0.7044 -0.0400
5.6366 -0.6560 -0.0400
5.6437 -0.6064 -0.0400
5.6365 -0.5648 -0.0400
5.6426 -0.5136 -0.0400
5.6482 -0.4612 -0.0400
5.6532 -0.4077 -0.0400
5.6432 -0.3641 -0.0400
5.6467 -0.3089 -0.0400
5.6496 -0.2527 -0.0400
5.6516 -0.1955 -0.0400
5.6527 -0.1373 -0.0400
5.6676 -0.0647 -0.0400
5.6548 -0.0152 -0.0400
5.6380 0.0315 -0.0400
5.6213 0.0794 -0.0400
5.6048 0.1286 -0.0400
5.5885 0.1793 -0.0400
5.5725 0.2317 -0.0400
5.5569 0.2859 -0.0400
5.5416 0.3423 -0.0400
5.5152 0.3868 -0.0400
5.5001 0.4469 -0.0400
5.4855 0.5098 -0.0400
5.4579 0.5574 -0.0400
5.4436 0.6253 -0.0400
5.4300 0.6972 -0.0400
5.4013 0.7492 -0.0400
5.3881 0.8279 -0.0400
5.3584 0.8832 -0.0400
5.3282 0.9397 -0.0400
5.3150 1.0297 -0.0400
5.2836 1.0906 -0.0400
5.2707 1.1913 -0.0400
5.2380 1.2578 -0.0400
5.2045 1.3261 -0.0400
5.1913 1.4447 -0.0400
5.1561 1.5204 -0.0400
5.1198 1.5986 -0.0400
5.0824 1.6797 -0.0400
5.0671 1.8289 -0.0400
5.0273 1.9205 -0.0400
4.9860 2.0159 -0.0400
4.9430 2.1154 -0.0400
4.8984 2.2195 -0.0400
4.8769 2.4239 -0.0400
4.8281 2.5447 -0.0400
4.7769 2.6719 -0.0400
4.7232 2.8059 -0.0400
4.5460 2.3126 -0.0400
4.4640 2.2661 -0.0400
4.3927 2.2759 -0.0400
4.4992 3.5928 -0.0400
4.4264 3.7860 -0.0400
4.3486 3.9928 -0.0400
3.7618 -0.4855 -0.0400
3.7405 -0.5464 -0.0400
3.7210 -0.6015 -0.0400
3.7015 -0.6236 -0.0400
3.6824 -0.6411 -0.0400
3.6635 -0.6537 -0.0400
3.6445 -0.6630 -0.0400
3.6342 -0.7377 -0.0400
3.6181 -0.7551 -0.0400
3.6015 -0.7667 -0.0400
3.5849 -0.7762 -0.0400
3.5681 -0.7833 -0.0400
3.5509 -0.7884 -0.0400
3.5328 -0.7895 -0.0400
3.5145 -0.7901 -0.0400
3.4951 -0.7869 -0.0400
3.4750 -0.7827 -0.0400
3.4464 -0.7525 -0.0400
-1.7654 0.5122 -0.0400
-1.8031 0.4144 -0.0400
-0.0470 -0.7247 -0.0400
-0.0342 -0.7995 -0.0400
-0.0491 -0.8667 -0.0400
-0.0497 -0.9369 -0.0400
-0.0430 -1.0081 -0.0400
-0.0522 -1.0756 -0.0400
-0.1197 -1.1333 -0.0400
-0.2161 -1.1886 -0.0400
-0.2681 -1.2529 -0.0400
-0.6050 -2.2683 -0.0400
-0.5449 -2.3381 -0.0400
-0.5981 -2.4230 -0.0400
2.3001 -2.3515 -0.0400
2.3513 -2.3602 -0.0400
2.3957 -2.3701 -0.0400
2.4140 -2.3905 -0.0400
2.4300 -2.4118 -0.0400
2.4432 -2.4342 -0.0400
2.4523 -2.4587 -0.0400
2.4509 -2.4890 -0.0400
2.4518 -2.5187 -0.0400
2.4189 -2.5688 -0.0400
0.7162 -3.6456 -0.0400
2.3293 -7.0154 -0.0400
2.4392 -6.9693 -0.0400
3.6045 -2.4636 -0.0400
3.6247 -2.4295 -0.0400
3.6397 -2.4146 -0.0400
3.6531 -2.4047 -0.0400
3.6661 -2.3954 -0.0400
3.6787 -2.3853 -0.0400
3.6904 -2.3789 -0.0400
3.7023 -2.3690 -0.0400
3.7135 -2.3619 -0.0400
3.7243 -2.3566 -0.0400
3.7347 -2.3531 -0.0400
3.7450 -2.3501 -0.0400
3.7552 -2.3468 -0.0400
3.7653 -2.3469 -0.0400
3.7753 -2.3475 -0.0400
3.7854 -2.3492 -0.0400
3.7956 -2.3515 -0.0400
3.8060 -2.3548 -0.0400
3.8166 -2.3592 -0.0400
3.8275 -2.3651 -0.0400
3.8405 -2.3862 -0.0400
3.8541 -2.4065 -0.0400
4.5589 -6.9291 -0.0400
4.6299 -6.8032 -0.0400
4.6980 -6.6827 -0.0400
4.7634 -6.5673 -0.0400
4.8262 -6.4565 -0.0400
4.8666 -6.2677 -0.0400
4.9246 -6.1701 -0.0400
4.9808 -6.0760 -0.0400
5.0351 -5.9851 -0.0400
5.0878 -5.8972 -0.0400
5.1192 -5.7538 -0.0400
5.1689 -5.6746 -0.0400
5.2173 -5.5976 -0.0400
5.2645 -5.5227 -0.0400
5.2921 -5.4057 -0.0400
5.3371 -5.3369 -0.0400
5.3811 -5.2697 -0.0400
5.4072 -5.1686 -0.0400
5.4496 -5.1061 -0.0400
5.4753 -5.0147 -0.0400
5.5162 -4.9560 -0.0400
5.5563 -4.8982 -0.0400
5.5813 -4.8170 -0.0400
5.6202 -4.7620 -0.0400
5.6451 -4.6871 -0.0400
5.6705 -4.6159 -0.0400
5.7078 -4.5647 -0.0400
5.7331 -4.4980 -0.0400
5.7587 -4.4341 -0.0400
5.7945 -4.3854 -0.0400
5.8200 -4.3248 -0.0400
5.8457 -4.2662 -0.0400
5.8717 -4.2093 -0.0400
5.8977 -4.1539 -0.0400
5.9239 -4.0999 -0.0400
5.9501 -4.0471 -0.0400
5.9764 -3.9953 -0.0400
5.9969 -3.9388 -0.0400
5.9821 -3.8502 -0.0400
5.9833 -3.7797 -0.0400
5.9834 -3.7103 -0.0400
5.9825 -3.6421 -0.0400
5.9806 -3.5752 -0.0400
5.9948 -3.5228 -0.0400
5.9910 -3.4578 -0.0400
5.9866 -3.3941 -0.0400
5.9815 -3.3317 -0.0400
5.9921 -3.2816 -0.0400
5.9857 -3.2213 -0.0400
5.9790 -3.1623 -0.0400
5.9873 -3.1140 -0.0400
5.9797 -3.0571 -0.0400
5.9868 -3.0098 -0.0400
5.9787 -2.9550 -0.0400
5.9846 -2.9088 -0.0400
5.9900 -2.8629 -0.0400
5.9812 -2.8109 -0.0400
5.9857 -2.7660 -0.0400
5.9769 -2.7161 -0.0400
5.9807 -2.6723 -0.0400
5.9840 -2.6287 -0.0400
5.9869 -2.5855 -0.0400
5.9783 -2.5388 -0.0400
5.9808 -2.4965 -0.0400
5.9828 -2.4545 -0.0400
5.9845 -2.4128 -0.0400
5.9769 -2.3690 -0.0400
5.9784 -2.3281 -0.0400
5.9797 -2.2874 -0.0400
5.9807 -2.2470 -0.0400
5.9814 -2.2068 -0.0400
5.9757 -2.1657 -0.0400
5.9765 -2.1261 -0.0400
5.9770 -2.0866 -0.0400
5.9774 -2.0473 -0.0400
5.9777 -2.0082 -0.0400
5.9777 -1.9691 -0.0400
5.9776 -1.9302 -0.0400
5.9752 -1.8913 -0.0400
5.9753 -1.8526 -0.0400
5.9753 -1.8139 -0.0400
5.9752 -1.7753 -0.0400
5.9749 -1.7367 -0.0400
5.9745 -1.6980 -0.0400
5.9739 -1.6594 -0.0400
5.9732 -1.6207 -0.0400
5.9750 -1.5817 -0.0400
5.9746 -1.5428 -0.0400
5.9739 -1.5037 -0.0400
5.9731 -1.4646 -0.0400
5.9722 -1.4253 -0.0400
5.9710 -1.3858 -0.0400
5.9696 -1.3462 -0.0400
5.9748 -1.3050 -0.0400
5.9734 -1.2648 -0.0400
5.9718 -1.2244 -0.0400
5.9700 -1.1838 -0.0400
5.9679 -1.1429 -0.0400
5.9748 -1.0989 -0.0400
5.9725 -1.0572 -0.0400
5.9698 -1.0152 -0.0400
5.9668 -0.9730 -0.0400
5.9746 -0.9261 -0.0400
5.9711 -0.8829 -0.0400
5.9672 -0.8394 -0.0400
5.9627 -0.7956 -0.0400
5.9707 -0.7455 -0.0400
5.9656 -0.7007 -0.0400
5.9736 -0.6485 -0.0400
5.9676 -0.6027 -0.0400
5.9609 -0.5565 -0.0400
5.9683 -0.5016 -0.0400
5.9605 -0.4544 -0.0400
5.9673 -0.3973 -0.0400
5.9582 -0.3491 -0.0400
5.9640 -0.2900 -0.0400
5.9695 -0.2295 -0.0400
5.9582 -0.1795 -0.0400
5.9624 -0.1170 -0.0400
5.9659 -0.0532 -0.0400
5.9687 0.0120 -0.0400
5.9537 0.0642 -0.0400
5.9546 0.1312 -0.0400
5.9546 0.1995 -0.0400
5.9534 0.2690 -0.0400
5.9511 0.3396 -0.0400
5.9647 0.4285 -0.0400
5.9434 0.4848 -0.0400
5.9163 0.5363 -0.0400
5.8893 0.5888 -0.0400
5.8623 0.6425 -0.0400
5.8354 0.6975 -0.0400
5.8086 0.7541 -0.0400
5.7820 0.8124 -0.0400
5.7556 0.8727 -0.0400
5.7190 0.9209 -0.0400
5.6924 0.9846 -0.0400
5.6661 1.0509 -0.0400
5.6280 1.1016 -0.0400
5.6016 1.1726 -0.0400
5.5755 1.2473 -0.0400
5.5358 1.3017 -0.0400
5.5095 1.3827 -0.0400
5.4685 1.4400 -0.0400
5.4267 1.4982 -0.0400
5.3996 1.5894 -0.0400
5.3562 1.6514 -0.0400
5.3287 1.7523 -0.0400
5.2835 1.8190 -0.0400
5.2374 1.8872 -0.0400
5.2081 2.0040 -0.0400
5.1597 2.0784 -0.0400
5.1101 2.1548 -0.0400
5.0591 2.2335 -0.0400
5.0256 2.3768 -0.0400
4.9715 2.4641 -0.0400
4.9156 2.5544 -0.0400
4.8580 2.6479 -0.0400
4.7984 2.7448 -0.0400
4.7551 2.9336 -0.0400
4.5415 2.2656 -0.0400
4.4674 2.2593 -0.0400
4.3999 2.2914 -0.0400
4.4802 3.4036 -0.0400
4.4038 3.5346 -0.0400
4.3237 3.6721 -0.0400
4.2520 3.9608 -0.0400
4.1618 4.1223 -0.0400
3.7640 -0.4713 -0.0400
3.7416 -0.4932 -0.0400
3.7224 -0.5751 -0.0400
3.7044 -0.6301 -0.0400
3.6855 -0.6465 -0.0400
3.6665 -0.6558 -0.0400
3.6502 -0.6874 -0.0400
3.6358 -0.7257 -0.0400
3.6201 -0.7460 -0.0400
3.6040 -0.7606 -0.0400
3.5887 -0.7766 -0.0400
3.5719 -0.7832 -0.0400
3.5546 -0.7868 -0.0400
3.5371 -0.7895 -0.0400
3.5190 -0.7901 -0.0400
3.5002 -0.7886 -0.0400
3.4771 -0.7732 -0.0400
3.4534 -0.7582 -0.0400
3.4233 -0.7262 -0.0400
1.7462 2.5122 -0.0400
1.6970 2.4244 -0.0400
-0.0945 -0.6944 -0.0400
-0.0496 -0.7787 -0.0400
-0.0502 -0.8496 -0.0400
-0.0497 -0.9201 -0.0400
-0.0499 -0.9900 -0.0400
-0.0682 -1.0560 -0.0400
-0.1051 -1.1190 -0.0400
-0.1786 -1.1774 -0.0400
-0.2437 -1.2392 -0.0400
-0.5498 -2.3984 -0.0400
2.3580 -2.3441 -0.0400
2.3853 -2.3613 -0.0400
2.4057 -2.3810 -0.0400
2.4232 -2.4017 -0.0400
2.4377 -2.4236 -0.0400
2.4473 -2.4479 -0.0400
2.4540 -2.4739 -0.0400
2.4459 -2.5085 -0.0400
2.4409 -2.5422 -0.0400
0.6920 -3.6432 -0.0400
-0.4299 -4.7517 -0.0400
-0.3334 -4.7925 -0.0400
-0.2647 -4.8523 -0.0400
2.3349 -6.9521 -0.0400
2.4285 -6.9665 -0.0400
2.5077 -7.0399 -0.0400
3.6186 -2.4401 -0.0400
3.6375 -2.4078 -0.0400
3.6510 -2.3983 -0.0400
3.6635 -2.3919 -0.0400
3.6754 -2.3877 -0.0400
3.6871 -2.3836 -0.0400
3.6993 -2.3739 -0.0400
3.7115 -2.3587 -0.0400
3.7224 -2.3545 -0.0400
3.7330 -2.3511 -0.0400
3.7434 -2.3486 -0.0400
3.7537 -2.3472 -0.0400
3.7640 -2.3467 -0.0400
3.7742 -2.3471 -0.0400
3.7845 -2.3502 -0.0400
3.7950 -2.3533 -0.0400
3.8056 -2.3574 -0.0400
3.8165 -2.3629 -0.0400
3.8278 -2.3702 -0.0400
3.8398 -2.3803 -0.0400
3.8528 -2.3955 -0.0400
4.7515 -7.5570 -0.0400
4.8338 -7.4378 -0.0400
4.9133 -7.3226 -0.0400
4.9901 -7.2113 -0.0400
5.0645 -7.1034 -0.0400
5.1366 -6.9990 -0.0400
5.2066 -6.8977 -0.0400
5.2540 -6.7306 -0.0400
5.3201 -6.6387 -0.0400
5.3844 -6.5493 -0.0400
5.4471 -6.4620 -0.0400
5.5083 -6.3769 -0.0400
5.5485 -6.2442 -0.0400
5.6071 -6.1656 -0.0400
5.6645 -6.0885 -0.0400
5.7208 -6.0129 -0.0400
5.7578 -5.9011 -0.0400
5.8121 -5.8301 -0.0400
5.8655 -5.7603 -0.0400
5.9014 -5.6613 -0.0400
5.9531 -5.5950 -0.0400
5.9888 -5.5039 -0.0400
6.0391 -5.4405 -0.0400
6.0887 -5.3776 -0.0400
6.1239 -5.2948 -0.0400
6.1721 -5.2340 -0.0400
6.2073 -5.1564 -0.0400
6.2430 -5.0818 -0.0400
6.2896 -5.0237 -0.0400
6.3253 -4.9528 -0.0400
6.3612 -4.8841 -0.0400
6.4063 -4.8275 -0.0400
6.4421 -4.7614 -0.0400
6.4782 -4.6968 -0.0400
6.5144 -4.6335 -0.0400
6.5508 -4.5714 -0.0400
6.5872 -4.5103 -0.0400
6.6236 -4.4500 -0.0400
6.6600 -4.3903 -0.0400
6.6872 -4.3232 -0.0400
6.6630 -4.2136 -0.0400
6.6600 -4.1255 -0.0400
6.6558 -4.0389 -0.0400
6.6502 -3.9538 -0.0400
6.6436 -3.8704 -0.0400
6.6579 -3.8041 -0.0400
6.6491 -3.7232 -0.0400
6.6394 -3.6439 -0.0400
6.6291 -3.5664 -0.0400
6.6391 -3.5032 -0.0400
6.6273 -3.4283 -0.0400
6.6151 -3.3552 -0.0400
6.6224 -3.2943 -0.0400
6.6093 -3.2238 -0.0400
6.6151 -3.1643 -0.0400
6.6014 -3.0965 -0.0400
6.6059 -3.0384 -0.0400
6.6097 -2.9808 -0.0400
6.5954 -2.9165 -0.0400
6.5981 -2.8602 -0.0400
6.5840 -2.7984 -0.0400
6.5859 -2.7435 -0.0400
6.5872 -2.6890 -0.0400
6.5880 -2.6348 -0.0400
6.5744 -2.5771 -0.0400
6.5747 -2.5242 -0.0400
6.5746 -2.4716 -0.0400
6.5741 -2.4195 -0.0400
6.5618 -2.3652 -0.0400
6.5610 -2.3141 -0.0400
6.5600 -2.2633 -0.0400
6.5586 -2.2128 -0.0400
6.5570 -2.1626 -0.0400
6.5472 -2.1116 -0.0400
6.5456 -2.0622 -0.0400
6.5438 -2.0129 -0.0400
6.5418 -1.9639 -0.0400
6.5396 -1.9150 -0.0400
6.5372 -1.8663 -0.0400
6.5345 -1.8177 -0.0400
6.5290 -1.7693 -0.0400
6.5267 -1.7210 -0.0400
6.5243 -1.6728 -0.0400
6.5216 -1.6246 -0.0400
6.5188 -1.5764 -0.0400
6.5158 -1.5282 -0.0400
6.5126 -1.4800 -0.0400
6.5092 -1.4318 -0.0400
6.5090 -1.3831 -0.0400
6.5059 -1.3345 -0.0400
6.5027 -1.2859 -0.0400
6.4992 -1.2371 -0.0400
6.4954 -1.1881 -0.0400
6.4914 -1.1390 -0.0400
6.4872 -1.0897 -0.0400
6.4910 -1.0379 -0.0400
6.4867 -0.9879 -0.0400
6.4822 -0.9375 -0.0400
6.4773 -0.8870 -0.0400
6.4720 -0.8361 -0.0400
6.4779 -0.7808 -0.0400
6.4723 -0.7289 -0.0400
6.4662 -0.6767 -0.0400
6.4597 -0.6242 -0.0400
6.4666 -0.5652 -0.0400
6.4594 -0.5116 -0.0400
6.4517 -0.4576 -0.0400
6.4434 -0.4032 -0.0400
6.4502 -0.3402 -0.0400
6.4409 -0.2846 -0.0400
6.4476 -0.2191 -0.0400
6.4371 -0.1623 -0.0400
6.4258 -0.1051 -0.0400
6.4315 -0.0361 -0.0400
6.4188 0.0223 -0.0400
6.4235 0.0939 -0.0400
6.4091 0.1535 -0.0400
6.4127 0.2276 -0.0400
6.4156 0.3034 -0.0400
6.3983 0.3650 -0.0400
6.3995 0.4432 -0.0400
6.3998 0.5230 -0.0400
6.3991 0.6045 -0.0400
6.3771 0.6687 -0.0400
6.3740 0.7523 -0.0400
6.3695 0.8375 -0.0400
6.3636 0.9240 -0.0400
6.3562 1.0119 -0.0400
6.3675 1.1236 -0.0400
6.3327 1.1873 -0.0400
6.2896 1.2423 -0.0400
6.2463 1.2979 -0.0400
6.2030 1.3544 -0.0400
6.1596 1.4118 -0.0400
6.1162 1.4704 -0.0400
6.0728 1.5304 -0.0400
6.0295 1.5919 -0.0400
5.9781 1.6429 -0.0400
5.9343 1.7069 -0.0400
5.8906 1.7732 -0.0400
5.8375 1.8255 -0.0400
5.7933 1.8954 -0.0400
5.7493 1.9684 -0.0400
5.6942 2.0232 -0.0400
5.6496 2.1013 -0.0400
5.5930 2.1580 -0.0400
5.5356 2.2151 -0.0400
5.4894 2.3014 -0.0400
5.4302 2.3613 -0.0400
5.3830 2.4554 -0.0400
5.3218 2.5186 -0.0400
5.2596 2.5827 -0.0400
5.2096 2.6895 -0.0400
5.1449 2.7581 -0.0400
5.0789 2.8279 -0.0400
5.0114 2.8992 -0.0400
4.9560 3.0264 -0.0400
4.8851 3.1038 -0.0400
4.8126 3.1831 -0.0400
4.5470 2.2740 -0.0400
4.4711 2.2574 -0.0400
4.5952 3.5087 -0.0400
4.5137 3.6011 -0.0400
4.4298 3.6965 -0.0400
4.3433 3.7949 -0.0400
4.2539 3.8966 -0.0400
4.1614 4.0018 -0.0400
4.0657 4.1107 -0.0400
3.7884 -0.4588 -0.0400
3.7656 -0.4868 -0.0400
3.7444 -0.5443 -0.0400
3.7252 -0.6009 -0.0400
3.7060 -0.6228 -0.0400
3.6872 -0.6403 -0.0400
3.6686 -0.6529 -0.0400
3.6552 -0.7111 -0.0400
3.6396 -0.7355 -0.0400
3.6239 -0.7535 -0.0400
3.6077 -0.7653 -0.0400
3.5914 -0.7747 -0.0400
3.5749 -0.7816 -0.0400
3.5581 -0.7864 -0.0400
3.5402 -0.7869 -0.0400
3.5220 -0.7864 -0.0400
3.5027 -0.7825 -0.0400
3.4825 -0.7765 -0.0400
3.4600 -0.7645 -0.0400
3.4327 -0.7400 -0.0400
1.7606 2.5083 -0.0400
1.7085 2.4269 -0.0400
1.6316 2.3979 -0.0400
1.5256 2.4224 -0.0400
-0.0400 -0.7644 -0.0400
-0.0580 -0.8310 -0.0400
-0.0781 -0.8971 -0.0400
-0.0679 -0.9696 -0.0400
-0.0767 -1.0377 -0.0400
-0.1498 -1.0947 -0.0400
-0.2295 -1.1529 -0.0400
-0.2809 -1.2174 -0.0400
2.2770 -2.3335 -0.0400
2.3382 -2.3387 -0.0400
2.3717 -2.3537 -0.0400
2.3951 -2.3722 -0.0400
2.4195 -2.3899 -0.0400
2.4319 -2.4128 -0.0400
2.4424 -2.4368 -0.0400
2.4495 -2.4626 -0.0400
2.4422 -2.4967 -0.0400
2.4372 -2.5305 -0.0400
2.4178 -2.5739 -0.0400
-0.3470 -4.7816 -0.0400
-0.2803 -4.8433 -0.0400
2.3205 -6.9600 -0.0400
2.4152 -6.9717 -0.0400
2.4943 -7.0461 -0.0400
3.6174 -2.4258 -0.0400
3.6324 -2.4128 -0.0400
3.6462 -2.4034 -0.0400
3.6594 -2.3949 -0.0400
3.6724 -2.3847 -0.0400
3.6845 -2.3791 -0.0400
3.6967 -2.3696 -0.0400
3.7083 -2.3622 -0.0400
3.7195 -2.3572 -0.0400
3.7304 -2.3534 -0.0400
3.7412 -2.3477 -0.0400
3.7517 -2.3471 -0.0400
3.7621 -2.3470 -0.0400
3.7725 -2.3477 -0.0400
3.7830 -2.3492 -0.0400
3.7936 -2.3516 -0.0400
3.8043 -2.3549 -0.0400
3.8158 -2.3666 -0.0400
3.8275 -2.3755 -0.0400
3.8401 -2.3884 -0.0400
3.8544 -2.4111 -0.0400
5.7681 -7.3791 -0.0400
5.8512 -7.3031 -0.0400
5.9331 -7.2279 -0.0400
6.0137 -7.1534 -0.0400
6.0933 -7.0797 -0.0400
6.1581 -6.9768 -0.0400
6.2357 -6.9061 -0.0400
6.3124 -6.8359 -0.0400
6.3882 -6.7661 -0.0400
6.4513 -6.6750 -0.0400
6.5257 -6.6071 -0.0400
6.5992 -6.5395 -0.0400
6.6619 -6.4556 -0.0400
6.7342 -6.3892 -0.0400
6.7971 -6.3099 -0.0400
6.8683 -6.2443 -0.0400
6.9386 -6.1785 -0.0400
7.0015 -6.1033 -0.0400
7.0708 -6.0378 -0.0400
7.1339 -5.9651 -0.0400
7.1976 -5.8940 -0.0400
7.2654 -5.8285 -0.0400
7.3292 -5.7587 -0.0400
7.3934 -5.6899 -0.0400
7.4596 -5.6236 -0.0400
7.5237 -5.5552 -0.0400
7.5880 -5.4872 -0.0400
7.6524 -5.4195 -0.0400
6.8367 -4.5495 -0.0400
6.9689 -4.5690 -0.0400
7.8460 -5.2160 -0.0400
7.9104 -5.1476 -0.0400
7.9569 -5.0649 -0.0400
7.9159 -4.9160 -0.0400
7.9056 -4.7951 -0.0400
7.8937 -4.6765 -0.0400
7.8801 -4.5600 -0.0400
7.8651 -4.4459 -0.0400
7.8801 -4.3538 -0.0400
7.8623 -4.2432 -0.0400
7.8435 -4.1350 -0.0400
7.8238 -4.0292 -0.0400
7.8331 -3.9417 -0.0400
7.8116 -3.8397 -0.0400
7.7897 -3.7400 -0.0400
7.7955 -3.6559 -0.0400
6.6621 -3.0586 -0.0400
7.7764 -3.4779 -0.0400
7.7528 -3.3856 -0.0400
7.7549 -3.3055 -0.0400
7.7560 -3.2261 -0.0400
7.7318 -3.1388 -0.0400
7.7316 -3.0613 -0.0400
7.7079 -2.9774 -0.0400
7.7066 -2.9018 -0.0400
7.7046 -2.8268 -0.0400
7.7020 -2.7524 -0.0400
7.6791 -2.6740 -0.0400
7.6758 -2.6013 -0.0400
7.6720 -2.5292 -0.0400
7.6676 -2.4576 -0.0400
7.6469 -2.3839 -0.0400
7.6423 -2.3137 -0.0400
7.6373 -2.2440 -0.0400
7.6319 -2.1747 -0.0400
7.6261 -2.1059 -0.0400
7.6090 -2.0366 -0.0400
7.6034 -1.9688 -0.0400
6.8320 -1.8713 -0.0400
6.8172 -1.8173 -0.0400
7.0771 -1.7650 -0.0400
7.0764 -1.7071 -0.0400
7.5710 -1.6338 -0.0400
7.5601 -1.5676 -0.0400
7.5535 -1.5015 -0.0400
7.5467 -1.4354 -0.0400
7.5397 -1.3694 -0.0400
7.5324 -1.3034 -0.0400
7.5249 -1.2375 -0.0400
7.5171 -1.1715 -0.0400
7.5091 -1.1055 -0.0400
7.5054 -1.0385 -0.0400
7.4978 -0.9721 -0.0400
7.4898 -0.9055 -0.0400
7.4816 -0.8387 -0.0400
7.4730 -0.7717 -0.0400
7.4641 -0.7045 -0.0400
7.4548 -0.6371 -0.0400
7.4564 -0.5658 -0.0400
7.4470 -0.4973 -0.0400
7.4372 -0.4285 -0.0400
7.4269 -0.3594 -0.0400
7.4161 -0.2899 -0.0400
7.4203 -0.2135 -0.0400
7.4090 -0.1426 -0.0400
7.3970 -0.0714 -0.0400
7.3844 0.0003 -0.0400
7.3896 0.0818 -0.0400
7.3760 0.1549 -0.0400
7.3616 0.2286 -0.0400
7.3464 0.3026 -0.0400
7.1029 0.2413 -0.0400
7.1188 0.3312 -0.0400
7.3392 0.5558 -0.0400
7.3208 0.6331 -0.0400
7.3013 0.7108 -0.0400
7.3043 0.8060 -0.0400
7.2827 0.8853 -0.0400
7.2842 0.9839 -0.0400
7.2602 1.0648 -0.0400
7.2599 1.1668 -0.0400
7.2586 1.2711 -0.0400
7.2305 1.3544 -0.0400
7.2267 1.4620 -0.0400
7.2215 1.5717 -0.0400
7.2148 1.6834 -0.0400
7.1801 1.7700 -0.0400
7.1699 1.8847 -0.0400
7.1577 2.0013 -0.0400
7.1436 2.1197 -0.0400
7.1273 2.2399 -0.0400
7.1349 2.3941 -0.0400
7.0717 2.4651 -0.0400
6.9940 2.5177 -0.0400
6.9162 2.5701 -0.0400
6.8385 2.6222 -0.0400
6.7608 2.6742 -0.0400
6.6831 2.7263 -0.0400
6.6055 2.7787 -0.0400
6.5281 2.8315 -0.0400
6.4490 2.8817 -0.0400
6.3714 2.9350 -0.0400
6.2940 2.9892 -0.0400
6.2135 3.0383 -0.0400
6.1359 3.0938 -0.0400
6.0584 3.1511 -0.0400
5.9765 3.1999 -0.0400
5.8988 3.2596 -0.0400
5.8158 3.3085 -0.0400
5.7320 3.3570 -0.0400
5.6533 3.4208 -0.0400
5.5683 3.4699 -0.0400
5.4889 3.5380 -0.0400
5.4024 3.5881 -0.0400
5.3150 3.6381 -0.0400
5.2336 3.7132 -0.0400
5.1444 3.7649 -0.0400
5.0543 3.8168 -0.0400
4.9631 3.8688 -0.0400
4.5441 2.2419 -0.0400
4.4751 2.2604 -0.0400
4.4132 2.3254 -0.0400
4.5926 4.1204 -0.0400
4.4949 4.1766 -0.0400
3.7895 -0.4447 -0.0400
3.7666 -0.4816 -0.0400
3.7463 -0.5904 -0.0400
3.7270 -0.6176 -0.0400
3.7080 -0.6356 -0.0400
3.6895 -0.6504 -0.0400
3.6708 -0.6589 -0.0400
3.6554 -0.6953 -0.0400
3.6408 -0.7291 -0.0400
3.6253 -0.7485 -0.0400
3.6109 -0.7704 -0.0400
3.5945 -0.7774 -0.0400
3.5780 -0.7834 -0.0400
3.5610 -0.7867 -0.0400
3.5438 -0.7886 -0.0400
3.5259 -0.7885 -0.0400
3.5072 -0.7859 -0.0400
3.4834 -0.7664 -0.0400
3.4587 -0.7473 -0.0400
1.7681 2.5176 -0.0400
1.7215 2.4253 -0.0400
1.6379 2.4099 -0.0400
-0.0723 -0.6672 -0.0400
-0.0521 -0.7447 -0.0400
-0.0649 -0.8127 -0.0400
-0.1067 -0.8740 -0.0400
-0.0809 -0.9504 -0.0400
-0.1054 -1.0158 -0.0400
-0.1563 -1.0770 -0.0400
-0.2382 -1.1349 -0.0400
-0.2760 -1.2013 -0.0400
2.3019 -2.3398 -0.0400
2.3694 -2.3409 -0.0400
2.3923 -2.3597 -0.0400
2.4105 -2.3803 -0.0400
2.4249 -2.4025 -0.0400
2.4370 -2.4257 -0.0400
2.4389 -2.4543 -0.0400
2.4409 -2.4835 -0.0400
2.4375 -2.5162 -0.0400
2.4235 -2.5562 -0.0400
-0.4009 -4.8000 -0.0400
-0.3148 -4.8481 -0.0400
2.3029 -6.9770 -0.0400
2.3963 -6.9957 -0.0400
3.6104 -2.4355 -0.0400
3.6267 -2.4179 -0.0400
3.6408 -2.4085 -0.0400
3.6557 -2.3915 -0.0400
3.6680 -2.3875 -0.0400
3.6801 -2.3835 -0.0400
3.6925 -2.3747 -0.0400
3.7052 -2.3596 -0.0400
3.7165 -2.3553 -0.0400
3.7275 -2.3518 -0.0400
3.7383 -2.3491 -0.0400
3.7490 -2.3478 -0.0400
3.7596 -2.3473 -0.0400
3.7703 -2.3485 -0.0400
3.7809 -2.3503 -0.0400
3.7917 -2.3532 -0.0400
3.8027 -2.3572 -0.0400
3.8140 -2.3626 -0.0400
3.8256 -2.3699 -0.0400
3.8379 -2.3801 -0.0400
6.8049 -4.6188 -0.0400
6.8207 -4.5340 -0.0400
6.9231 -4.5278 -0.0400
6.6461 -3.1079 -0.0400
6.6526 -3.0496 -0.0400
8.5065 -3.6930 -0.0400
8.5045 -3.5958 -0.0400
6.8374 -1.9195 -0.0400
6.8010 -1.8642 -0.0400
6.8037 -1.8110 -0.0400
7.0156 -1.7590 -0.0400
7.0390 -1.7019 -0.0400
8.1312 -1.2280 -0.0400
8.1328 -1.1502 -0.0400
7.0776 0.1532 -0.0400
7.0470 0.2127 -0.0400
7.0498 0.2930 -0.0400
4.6212 2.2498 -0.0400
4.5460 2.2376 -0.0400
4.4770 2.2548 -0.0400
4.4140 2.3106 -0.0400
3.8129 -0.4356 -0.0400
3.7892 -0.4800 -0.0400
3.7671 -0.4990 -0.0400
3.7467 -0.5850 -0.0400
3.7276 -0.6171 -0.0400
3.7088 -0.6346 -0.0400
3.6910 -0.6584 -0.0400
3.6731 -0.6719 -0.0400
3.6594 -0.7220 -0.0400
3.6438 -0.7423 -0.0400
3.6282 -0.7580 -0.0400
3.6124 -0.7688 -0.0400
3.5964 -0.7774 -0.0400
3.5802 -0.7839 -0.0400
3.5635 -0.7876 -0.0400
3.5460 -0.7876 -0.0400
3.5281 -0.7865 -0.0400
3.5090 -0.7818 -0.0400
3.4890 -0.7750 -0.0400
3.4662 -0.7604 -0.0400
3.4363 -0.7266 -0.0400
1.7973 2.4793 -0.0400
1.7300 2.4314 -0.0400
1.6473 2.4147 -0.0400
-0.0732 -0.7227 -0.0400
-0.0831 -0.7918 -0.0400
-0.1192 -0.8548 -0.0400
-0.1137 -0.9272 -0.0400
-0.1366 -0.9934 -0.0400
-0.1958 -1.0537 -0.0400
-0.2847 -1.1111 -0.0400
2.3061 -2.3242 -0.0400
2.3495 -2.3355 -0.0400
2.3775 -2.3525 -0.0400
2.3997 -2.3714 -0.0400
2.4192 -2.3913 -0.0400
2.4299 -2.4152 -0.0400
2.4374 -2.4410 -0.0400
2.4414 -2.4689 -0.0400
2.4412 -2.4997 -0.0400
2.3771 -2.5697 -0.0400
-0.4104 -4.7853 -0.0400
-0.3230 -4.8326 -0.0400
3.6035 -2.4420 -0.0400
3.6205 -2.4225 -0.0400
3.6371 -2.4016 -0.0400
3.6505 -2.3941 -0.0400
3.6630 -2.3902 -0.0400
3.6753 -2.3863 -0.0400
3.6888 -2.3705 -0.0400
3.7009 -2.3633 -0.0400
3.7124 -2.3585 -0.0400
3.7237 -2.3547 -0.0400
3.7349 -2.3490 -0.0400
3.7458 -2.3482 -0.0400
3.7566 -2.3480 -0.0400
3.7674 -2.3486 -0.0400
3.7783 -2.3500 -0.0400
3.7892 -2.3522 -0.0400
3.8006 -2.3605 -0.0400
3.8122 -2.3668 -0.0400
3.8242 -2.3754 -0.0400
3.8370 -2.3880 -0.0400
3.8514 -2.4089 -0.0400
6.7832 -4.5983 -0.0400
6.8301 -4.5424 -0.0400
6.6298 -3.0959 -0.0400
6.6657 -3.0512 -0.0400
8.4812 -3.6811 -0.0400
8.5011 -3.5930 -0.0400
6.7979 -1.9114 -0.0400
6.7845 -1.8576 -0.0400
6.7993 -1.8050 -0.0400
7.0122 -1.7534 -0.0400
7.0295 -1.6963 -0.0400
8.1345 -1.2235 -0.0400
8.1165 -1.1482 -0.0400
7.1280 0.1097 -0.0400
7.0723 0.1552 -0.0400
7.0456 0.2168 -0.0400
7.0777 0.3151 -0.0400
4.6210 2.2398 -0.0400
4.5476 2.2348 -0.0400
4.4794 2.2552 -0.0400
3.7889 -0.4766 -0.0400
3.7667 -0.5749 -0.0400
3.7471 -0.6122 -0.0400
3.7281 -0.6307 -0.0400
3.7095 -0.6454 -0.0400
3.6913 -0.6572 -0.0400
3.6730 -0.6651 -0.0400
3.6588 -0.7099 -0.0400
3.6457 -0.7513 -0.0400
3.6300 -0.7638 -0.0400
3.6142 -0.7735 -0.0400
3.5982 -0.7800 -0.0400
3.5820 -0.7855 -0.0400
3.5655 -0.7885 -0.0400
3.5486 -0.7901 -0.0400
3.5311 -0.7899 -0.0400
3.5101 -0.7768 -0.0400
3.4894 -0.7671 -0.0400
3.4650 -0.7473 -0.0400
1.8010 2.4942 -0.0400
1.7388 2.4357 -0.0400
1.6604 2.4111 -0.0400
-0.0672 -0.7081 -0.0400
-0.0804 -0.7763 -0.0400
-0.1185 -0.8387 -0.0400
-0.1123 -0.9113 -0.0400
-0.1320 -0.9781 -0.0400
-0.2502 -1.0279 -0.0400
-0.2745 -1.0962 -0.0400
-0.5776 -2.1956 -0.0400
-0.5523 -2.2695 -0.0400
2.3463 -2.3229 -0.0400
2.3734 -2.3403 -0.0400
2.3950 -2.3595 -0.0400
2.4116 -2.3808 -0.0400
2.4248 -2.4036 -0.0400
2.4350 -2.4279 -0.0400
2.4319 -2.4598 -0.0400
2.4289 -2.4923 -0.0400
2.4157 -2.5317 -0.0400
-0.4265 -4.7753 -0.0400
-0.3358 -4.8203 -0.0400
3.6310 -2.4047 -0.0400
3.6447 -2.3965 -0.0400
3.6576 -2.3922 -0.0400
3.6708 -2.3833 -0.0400
3.6836 -2.3748 -0.0400
3.6959 -2.3674 -0.0400
3.7078 -2.3616 -0.0400
3.7197 -2.3533 -0.0400
3.7309 -2.3506 -0.0400
3.7420 -2.3493 -0.0400
3.7530 -2.3489 -0.0400
3.7640 -2.3499 -0.0400
3.7751 -2.3517 -0.0400
3.7863 -2.3545 -0.0400
3.7976 -2.3583 -0.0400
3.8092 -2.3635 -0.0400
3.8212 -2.3706 -0.0400
3.8356 -2.3968 -0.0400
6.7831 -4.5988 -0.0400
6.8367 -4.5489 -0.0400
6.6259 -3.1523 -0.0400
6.6278 -3.0911 -0.0400
8.4623 -3.6723 -0.0400
8.5118 -3.5960 -0.0400
6.8262 -1.9614 -0.0400
6.7957 -1.9056 -0.0400
6.7843 -1.8518 -0.0400
6.7987 -1.7992 -0.0400
7.0261 -1.7480 -0.0400
7.0876 -1.6903 -0.0400
8.1542 -1.2950 -0.0400
8.1224 -1.2209 -0.0400
8.1477 -1.1400 -0.0400
7.1291 0.1155 -0.0400
7.0705 0.1594 -0.0400
7.0438 0.2210 -0.0400
4.6295 2.2717 -0.0400
4.5488 2.2330 -0.0400
4.4822 2.2607 -0.0400
3.8099 -0.4758 -0.0400
3.7877 -0.4958 -0.0400
3.7659 -0.5685 -0.0400
3.7463 -0.6074 -0.0400
3.7275 -0.6283 -0.0400
3.7096 -0.6552 -0.0400
3.6914 -0.6627 -0.0400
3.6754 -0.6941 -0.0400
3.6608 -0.7285 -0.0400
3.6454 -0.7467 -0.0400
3.6300 -0.7610 -0.0400
3.6144 -0.7711 -0.0400
3.5993 -0.7823 -0.0400
3.5831 -0.7860 -0.0400
3.5667 -0.7888 -0.0400
3.5496 -0.7888 -0.0400
3.5322 -0.7879 -0.0400
3.5136 -0.7833 -0.0400
3.4940 -0.7765 -0.0400
3.4721 -0.7633 -0.0400
1.8181 2.4789 -0.0400
1.7459 2.4423 -0.0400
1.6540 2.4446 -0.0400
-0.0847 -0.6875 -0.0400
-0.0785 -0.7609 -0.0400
-0.1346 -0.8190 -0.0400
-0.1072 -0.8964 -0.0400
-0.1277 -0.9629 -0.0400
-0.2468 -1.0123 -0.0400
-0.2664 -1.0813 -0.0400
-0.6274 -2.1836 -0.0400
-0.5595 -2.2531 -0.0400
-0.6076 -2.3368 -0.0400
2.3135 -2.3228 -0.0400
2.3531 -2.3352 -0.0400
2.3800 -2.3524 -0.0400
2.4058 -2.3694 -0.0400
2.4187 -2.3924 -0.0400
2.4280 -2.4172 -0.0400
2.4340 -2.4440 -0.0400
2.4357 -2.4737 -0.0400
2.4309 -2.5077 -0.0400
-0.4527 -4.7722 -0.0400
-0.3588 -4.8154 -0.0400
3.6651 -2.3849 -0.0400
3.6778 -2.3786 -0.0400
3.6905 -2.3708 -0.0400
3.7032 -2.3589 -0.0400
3.7148 -2.3555 -0.0400
3.7263 -2.3525 -0.0400
3.7376 -2.3507 -0.0400
3.7489 -2.3494 -0.0400
3.7601 -2.3502 -0.0400
3.7713 -2.3515 -0.0400
3.7826 -2.3536 -0.0400
3.7944 -2.3617 -0.0400
3.8063 -2.3678 -0.0400
3.8186 -2.3761 -0.0400
3.8317 -2.3879 -0.0400
3.8462 -2.4075 -0.0400
6.7439 -4.6644 -0.0400
6.7725 -4.5900 -0.0400
6.8331 -4.5467 -0.0400
6.6317 -3.1519 -0.0400
6.6347 -3.0909 -0.0400
8.4589 -3.7674 -0.0400
8.4546 -3.6683 -0.0400
6.8152 -1.9551 -0.0400
6.7900 -1.8998 -0.0400
6.7848 -1.8463 -0.0400
7.0103 -1.7995 -0.0400
7.0270 -1.7427 -0.0400
7.0896 -1.6850 -0.0400
8.1712 -1.2895 -0.0400
8.1226 -1.2169 -0.0400
7.1377 0.1255 -0.0400
7.0736 0.1666 -0.0400
7.1058 0.2630 -0.0400
4.7076 2.2878 -0.0400
4.6226 2.2359 -0.0400
4.5505 2.2361 -0.0400
4.4867 2.2784 -0.0400
3.8326 -0.4311 -0.0400
3.8082 -0.4790 -0.0400
3.7862 -0.4977 -0.0400
3.7646 -0.5709 -0.0400
3.7453 -0.6282 -0.0400
3.7268 -0.6420 -0.0400
3.7087 -0.6554 -0.0400
3.6906 -0.6628 -0.0400
3.6739 -0.6837 -0.0400
3.6616 -0.7421 -0.0400
3.6463 -0.7572 -0.0400
3.6307 -0.7674 -0.0400
3.6152 -0.7762 -0.0400
3.5995 -0.7821 -0.0400
3.5836 -0.7870 -0.0400
3.5674 -0.7898 -0.0400
3.5500 -0.7872 -0.0400
3.5322 -0.7840 -0.0400
3.5134 -0.7783 -0.0400
3.4934 -0.7693 -0.0400
3.4698 -0.7504 -0.0400
1.8201 2.4949 -0.0400
1.7555 2.4423 -0.0400
1.6740 2.4249 -0.0400
-0.0594 -0.6787 -0.0400
-0.0687 -0.7477 -0.0400
-0.1272 -0.8050 -0.0400
-0.1106 -0.8799 -0.0400
-0.1280 -0.9471 -0.0400
-0.1830 -1.0077 -0.0400
-0.2652 -1.0655 -0.0400
-0.5902 -2.1625 -0.0400
-0.5563 -2.2354 -0.0400
-0.5643 -2.3133 -0.0400
2.3966 -2.3595 -0.0400
2.4119 -2.3813 -0.0400
2.4247 -2.4044 -0.0400
2.4258 -2.4339 -0.0400
2.4259 -2.4645 -0.0400
2.4182 -2.5003 -0.0400
2.3807 -2.5558 -0.0400
-0.4373 -4.7386 -0.0400
-0.3608 -4.7945 -0.0400
3.6976 -2.3607 -0.0400
3.7095 -2.3573 -0.0400
3.7212 -2.3543 -0.0400
3.7328 -2.3506 -0.0400
3.7442 -2.3505 -0.0400
3.7556 -2.3508 -0.0400
3.7670 -2.3517 -0.0400
3.7786 -2.3566 -0.0400
3.7903 -2.3604 -0.0400
3.8023 -2.3656 -0.0400
3.8146 -2.3726 -0.0400
3.8293 -2.3985 -0.0400
6.7755 -4.5949 -0.0400
6.8675 -4.5802 -0.0400
6.6088 -3.1374 -0.0400
6.6408 -3.0908 -0.0400
8.4599 -3.7678 -0.0400
8.4595 -3.6701 -0.0400
6.8002 -1.9487 -0.0400
6.7830 -1.8940 -0.0400
6.8198 -1.8426 -0.0400
7.0130 -1.7945 -0.0400
7.0371 -1.7377 -0.0400
8.1298 -1.2896 -0.0400
8.1369 -1.2115 -0.0400
7.1829 0.0786 -0.0400
7.1025 0.1119 -0.0400
7.0703 0.1703 -0.0400
7.0847 0.2560 -0.0400
4.7021 2.2631 -0.0400
4.6222 2.2319 -0.0400
4.5508 2.2343 -0.0400
3.8285 -0.4627 -0.0400
3.8057 -0.4885 -0.0400
3.7841 -0.5036 -0.0400
3.7623 -0.6171 -0.0400
3.7435 -0.6328 -0.0400
3.7252 -0.6456 -0.0400
3.7073 -0.6578 -0.0400
3.6909 -0.6885 -0.0400
3.6761 -0.7254 -0.0400
3.6606 -0.7432 -0.0400
3.6454 -0.7578 -0.0400
3.6300 -0.7680 -0.0400
3.6152 -0.7802 -0.0400
3.5996 -0.7853 -0.0400
3.5836 -0.7879 -0.0400
3.5674 -0.7898 -0.0400
3.5507 -0.7896 -0.0400
3.5334 -0.7877 -0.0400
3.5152 -0.7829 -0.0400
3.4907 -0.7569 -0.0400
3.4630 -0.7242 -0.0400
1.8914 2.5536 -0.0400
1.8349 2.4818 -0.0400
1.7601 2.4516 -0.0400
1.6615 2.4683 -0.0400
-0.4740 2.2823 -0.0400
-0.1293 -0.7891 -0.0400
-0.0969 -0.8675 -0.0400
-0.1144 -0.9343 -0.0400
-0.2409 -0.9817 -0.0400
-0.2509 -1.0521 -0.0400
-0.6209 -2.1485 -0.0400
-0.5627 -2.2191 -0.0400
-0.6046 -2.3017 -0.0400
2.4264 -2.4188 -0.0400
2.4309 -2.4467 -0.0400
2.4302 -2.4781 -0.0400
-0.4555 -4.7293 -0.0400
-0.3681 -4.7773 -0.0400
3.7273 -2.3516 -0.0400
3.7389 -2.3514 -0.0400
3.7505 -2.3515 -0.0400
3.7621 -2.3540 -0.0400
3.7738 -2.3564 -0.0400
3.7857 -2.3596 -0.0400
3.7978 -2.3641 -0.0400
3.8110 -2.3796 -0.0400
3.8245 -2.3919 -0.0400
3.8394 -2.4120 -0.0400
6.7846 -4.6063 -0.0400
6.8915 -4.6051 -0.0400
6.6077 -3.1345 -0.0400
6.6783 -3.1064 -0.0400
8.4258 -3.7531 -0.0400
8.4630 -3.6717 -0.0400
6.8430 -2.0019 -0.0400
6.7820 -1.9423 -0.0400
6.7829 -1.8890 -0.0400
6.8036 -1.8367 -0.0400
7.0206 -1.7898 -0.0400
7.0607 -1.7331 -0.0400
8.1622 -1.3608 -0.0400
8.1278 -1.2862 -0.0400
8.1376 -1.2077 -0.0400
7.0980 0.1151 -0.0400
7.1009 0.1931 -0.0400
4.6937 2.2289 -0.0400
4.6196 2.2208 -0.0400
4.5517 2.2386 -0.0400
3.8263 -0.4519 -0.0400
3.8024 -0.5008 -0.0400
3.7797 -0.5720 -0.0400
3.7597 -0.6271 -0.0400
3.7412 -0.6398 -0.0400
3.7231 -0.6519 -0.0400
3.7056 -0.6670 -0.0400
3.6898 -0.7015 -0.0400
3.6747 -0.7305 -0.0400
3.6593 -0.7469 -0.0400
3.6451 -0.7679 -0.0400
3.6298 -0.7762 -0.0400
3.6143 -0.7816 -0.0400
3.5988 -0.7867 -0.0400
3.5830 -0.7893 -0.0400
3.5664 -0.7881 -0.0400
3.5496 -0.7868 -0.0400
3.5319 -0.7823 -0.0400
3.5133 -0.7759 -0.0400
3.4929 -0.7642 -0.0400
3.4686 -0.7414 -0.0400
1.8726 2.6147 -0.0400
1.8375 2.4937 -0.0400
1.7703 2.4477 -0.0400
-0.4276 2.3972 -0.0400
-0.4698 2.2964 -0.0400
-0.5341 2.2175 -0.0400
-0.5650 2.1095 -0.0400
-0.2093 -0.9721 -0.0400
-0.2596 -1.0352 -0.0400
-0.5802 -2.1275 -0.0400
-0.5601 -2.2018 -0.0400
-0.5777 -2.2809 -0.0400
2.4086 -2.5079 -0.0400
-0.4445 -4.6988 -0.0400
-0.3993 -4.7778 -0.0400
1.6602 -5.2686 -0.0400
1.7300 -5.2927 -0.0400
3.7567 -2.3545 -0.0400
3.7686 -2.3565 -0.0400
3.7806 -2.3595 -0.0400
3.7933 -2.3699 -0.0400
3.8060 -2.3774 -0.0400
3.8194 -2.3878 -0.0400
3.8339 -2.4038 -0.0400
6.7208 -4.6506 -0.0400
6.7923 -4.6173 -0.0400
6.5986 -3.1912 -0.0400
6.6157 -3.1365 -0.0400
8.4227 -3.7525 -0.0400
8.4858 -3.6820 -0.0400
6.7981 -1.9928 -0.0400
6.7817 -1.9375 -0.0400
6.7984 -1.8852 -0.0400
7.0062 -1.8419 -0.0400
7.0433 -1.7859 -0.0400
8.1479 -1.3585 -0.0400
8.1262 -1.2829 -0.0400
8.1464 -1.2033 -0.0400
7.1394 0.0671 -0.0400
7.0934 0.1183 -0.0400
7.0842 0.1893 -0.0400
4.6921 2.2251 -0.0400
4.6175 2.2139 -0.0400
4.5550 2.2564 -0.0400
3.8439 -0.4600 -0.0400
3.8208 -0.4868 -0.0400
3.7960 -0.5718 -0.0400
3.7757 -0.6051 -0.0400
3.7566 -0.6257 -0.0400
3.7383 -0.6494 -0.0400
3.7206 -0.6600 -0.0400
3.7033 -0.6735 -0.0400
3.6883 -0.7184 -0.0400
3.6729 -0.7384 -0.0400
3.6586 -0.7629 -0.0400
3.6433 -0.7710 -0.0400
3.6281 -0.7784 -0.0400
3.6128 -0.7835 -0.0400
3.5975 -0.7879 -0.0400
3.5817 -0.7898 -0.0400
3.5655 -0.7895 -0.0400
3.5490 -0.7886 -0.0400
3.5316 -0.7844 -0.0400
3.5098 -0.7644 -0.0400
3.4874 -0.7457 -0.0400
1.9096 2.5464 -0.0400
1.8493 2.4841 -0.0400
1.7721 2.4600 -0.0400
1.6637 2.4977 -0.0400
-0.4205 2.4077 -0.0400
-0.4381 2.2837 -0.0400
-0.5360 2.2366 -0.0400
-0.5591 2.1215 -0.0400
-0.5871 -2.1114 -0.0400
-0.5609 -2.1851 -0.0400
-0.5684 -2.2627 -0.0400
-0.5257 -4.6302 -0.0400
-0.4413 -4.6814 -0.0400
1.5960 -5.2146 -0.0400
1.6575 -5.2530 -0.0400
1.6699 -5.3793 -0.0400
3.7776 -2.3733 -0.0400
3.7904 -2.3802 -0.0400
3.8036 -2.3898 -0.0400
3.8212 -2.4382 -0.0400
6.6704 -4.7075 -0.0400
6.7435 -4.6763 -0.0400
6.5668 -3.2374 -0.0400
6.6087 -3.1957 -0.0400
8.3970 -3.9401 -0.0400
8.3923 -3.8380 -0.0400
8.4586 -3.7692 -0.0400
6.7808 -2.0420 -0.0400
6.7759 -1.9876 -0.0400
6.8040 -1.9365 -0.0400
7.0128 -1.8968 -0.0400
7.0429 -1.8409 -0.0400
8.1409 -1.4342 -0.0400
8.1371 -1.3571 -0.0400
7.2072 -0.0450 -0.0400
7.1521 0.0026 -0.0400
7.1374 0.0698 -0.0400
7.1867 0.1720 -0.0400
4.7545 2.1890 -0.0400
4.6842 2.1954 -0.0400
4.6245 2.2476 -0.0400
3.8604 -0.4835 -0.0400
3.8381 -0.4999 -0.0400
3.8117 -0.5893 -0.0400
3.7906 -0.6339 -0.0400
3.7721 -0.6443 -0.0400
3.7539 -0.6642 -0.0400
3.7362 -0.6693 -0.0400
3.7188 -0.6745 -0.0400
3.7038 -0.7371 -0.0400
3.6882 -0.7510 -0.0400
3.6734 -0.7699 -0.0400
3.6582 -0.7771 -0.0400
3.6429 -0.7825 -0.0400
3.6278 -0.7882 -0.0400
3.6123 -0.7902 -0.0400
3.5966 -0.7911 -0.0400
3.5806 -0.7907 -0.0400
3.5628 -0.7817 -0.0400
3.5451 -0.7756 -0.0400
3.5262 -0.7655 -0.0400
3.5048 -0.7477 -0.0400
1.9762 2.6068 -0.0400
1.9275 2.5154 -0.0400
1.8380 2.5191 -0.0400
-0.3110 2.4534 -0.0400
-0.3620 2.3615 -0.0400
-0.4588 2.3145 -0.0400
-0.4847 2.2007 -0.0400
-0.5928 -2.0245 -0.0400
-0.5683 -2.0985 -0.0400
2.2559 -2.2646 -0.0400
2.3092 -2.2727 -0.0400
2.3405 -2.2886 -0.0400
1.6335 -5.2528 -0.0400
1.6963 -5.2898 -0.0400
1.7283 -5.3839 -0.0400
3.8254 -2.4210 -0.0400
6.7197 -4.6595 -0.0400
6.5928 -3.1862 -0.0400
6.6432 -3.1483 -0.0400
8.4130 -3.8502 -0.0400
8.4387 -3.7626 -0.0400
6.8040 -2.0396 -0.0400
6.7861 -1.9833 -0.0400
6.7801 -1.9289 -0.0400
6.8424 -1.8797 -0.0400
7.0217 -1.8345 -0.0400
7.0609 -1.7783 -0.0400
8.2045 -1.4270 -0.0400
8.1305 -1.3537 -0.0400
8.1498 -1.2746 -0.0400
7.1880 0.0275 -0.0400
7.1211 0.0689 -0.0400
7.0954 0.1306 -0.0400
4.7729 2.2668 -0.0400
4.6845 2.2052 -0.0400
4.6176 2.2250 -0.0400
3.8578 -0.4490 -0.0400
3.8324 -0.4971 -0.0400
3.8112 -0.5077 -0.0400
3.7861 -0.6087 -0.0400
3.7667 -0.6381 -0.0400
3.7487 -0.6474 -0.0400
3.7310 -0.6643 -0.0400
3.7139 -0.6797 -0.0400
3.6982 -0.7183 -0.0400
3.6834 -0.7494 -0.0400
3.6682 -0.7607 -0.0400
3.6531 -0.7688 -0.0400
3.6385 -0.7801 -0.0400
3.6235 -0.7847 -0.0400
3.6084 -0.7888 -0.0400
3.5932 -0.7909 -0.0400
3.5775 -0.7909 -0.0400
3.5605 -0.7853 -0.0400
3.5437 -0.7813 -0.0400
3.5261 -0.7755 -0.0400
3.5070 -0.7650 -0.0400
1.9269 2.5353 -0.0400
1.8615 2.4859 -0.0400
1.7806 2.4706 -0.0400
-0.3709 2.3917 -0.0400
-0.4300 2.3085 -0.0400
-0.5091 2.2444 -0.0400
-0.5826 -2.0782 -0.0400
-0.5636 -2.1524 -0.0400
2.2809 -2.2958 -0.0400
2.3279 -2.3049 -0.0400
2.3688 -2.3153 -0.0400
2.3868 -2.3360 -0.0400
2.4008 -2.3584 -0.0400
1.5635 -5.2073 -0.0400
1.6302 -5.2375 -0.0400
1.6378 -5.3722 -0.0400
6.6195 -4.7737 -0.0400
6.6716 -4.7206 -0.0400
6.7817 -4.7260 -0.0400
6.5511 -3.2932 -0.0400
6.5635 -3.2347 -0.0400
8.3859 -3.9393 -0.0400
8.4094 -3.8501 -0.0400
6.7857 -2.0894 -0.0400
6.7698 -2.0331 -0.0400
6.7948 -1.9818 -0.0400
7.0015 -1.9461 -0.0400
7.0176 -1.8896 -0.0400
8.1457 -1.5058 -0.0400
8.1354 -1.4289 -0.0400
7.2584 -0.0849 -0.0400
7.1813 -0.0463 -0.0400
7.1523 0.0137 -0.0400
7.1692 0.0971 -0.0400
4.8279 2.2054 -0.0400
4.7482 2.1787 -0.0400
4.6834 2.2061 -0.0400
3.8720 -0.4816 -0.0400
3.8483 -0.5093 -0.0400
3.8204 -0.6005 -0.0400
3.7995 -0.6359 -0.0400
3.7807 -0.6532 -0.0400
3.7629 -0.6613 -0.0400
3.7453 -0.6725 -0.0400
3.7282 -0.7129 -0.0400
3.7122 -0.7344 -0.0400
3.6969 -0.7572 -0.0400
3.6820 -0.7724 -0.0400
3.6669 -0.7786 -0.0400
3.6522 -0.7860 -0.0400
3.6372 -0.7896 -0.0400
3.6220 -0.7914 -0.0400
3.6066 -0.7914 -0.0400
3.5911 -0.7910 -0.0400
3.5741 -0.7833 -0.0400
3.5573 -0.7785 -0.0400
3.5400 -0.7721 -0.0400
3.5148 -0.7343 -0.0400
2.0120 2.5469 -0.0400
1.9353 2.5242 -0.0400
1.8362 2.5504 -0.0400
-0.2997 2.4735 -0.0400
-0.3497 2.3809 -0.0400
-0.4007 2.2907 -0.0400
-0.6071 -1.9933 -0.0400
-0.5728 -2.0665 -0.0400
-0.5928 -2.1450 -0.0400
2.2777 -2.2578 -0.0400
2.3183 -2.2702 -0.0400
2.3452 -2.2875 -0.0400
2.3670 -2.3067 -0.0400
2.3839 -2.3278 -0.0400
2.3951 -2.3517 -0.0400
2.4011 -2.3784 -0.0400
2.4025 -2.4081 -0.0400
1.6072 -5.2342 -0.0400
1.6745 -5.2635 -0.0400
1.6626 -5.4378 -0.0400
2.0661 -6.9069 -0.0400
6.6861 -4.7455 -0.0400
6.7565 -4.7100 -0.0400
6.5661 -3.2369 -0.0400
6.5922 -3.1862 -0.0400
8.3978 -3.8486 -0.0400
6.8439 -2.0938 -0.0400
6.7861 -2.0309 -0.0400
6.7739 -1.9752 -0.0400
6.8247 -1.9259 -0.0400
7.0075 -1.8846 -0.0400
7.0634 -1.8300 -0.0400
8.1328 -1.4260 -0.0400
8.1299 -1.3488 -0.0400
7.2337 -0.0150 -0.0400
7.1506 0.0200 -0.0400
7.1177 0.0781 -0.0400
4.7487 2.1930 -0.0400
4.6786 2.1991 -0.0400
4.6244 2.2729 -0.0400
3.8659 -0.4703 -0.0400
3.8419 -0.5007 -0.0400
3.8151 -0.5771 -0.0400
3.7933 -0.6199 -0.0400
3.7743 -0.6411 -0.0400
3.7562 -0.6565 -0.0400
3.7387 -0.6685 -0.0400
3.7216 -0.6799 -0.0400
3.7058 -0.7345 -0.0400
3.6902 -0.7459 -0.0400
3.6755 -0.7644 -0.0400
3.6608 -0.7755 -0.0400
3.6460 -0.7810 -0.0400
3.6314 -0.7873 -0.0400
3.6166 -0.7901 -0.0400
3.6016 -0.7921 -0.0400
3.5860 -0.7898 -0.0400
3.5705 -0.7890 -0.0400
3.5544 -0.7858 -0.0400
3.5362 -0.7741 -0.0400
3.5179 -0.7641 -0.0400
3.4882 -0.7108 -0.0400
2.0016 2.5873 -0.0400
1.9425 2.5222 -0.0400
1.8692 2.4919 -0.0400
1.7782 2.4990 -0.0400
-0.3638 2.4142 -0.0400
-0.4072 2.3161 -0.0400
-0.4752 2.2426 -0.0400
-0.5809 -2.0463 -0.0400
-0.5656 -2.1207 -0.0400
-0.6281 -2.2049 -0.0400
2.3025 -2.2882 -0.0400
2.3515 -2.2951 -0.0400
2.3721 -2.3146 -0.0400
2.3883 -2.3359 -0.0400
2.4012 -2.3588 -0.0400
2.4110 -2.3835 -0.0400
2.4174 -2.4103 -0.0400
2.3988 -2.4527 -0.0400
2.3704 -2.5029 -0.0400
1.5302 -5.1994 -0.0400
1.5840 -5.2521 -0.0400
1.5906 -5.3894 -0.0400
1.9594 -6.8847 -0.0400
2.0457 -6.9331 -0.0400
6.6082 -4.7775 -0.0400
6.6765 -4.7409 -0.0400
6.5385 -3.2878 -0.0400
6.5737 -3.2420 -0.0400
8.3528 -4.0316 -0.0400
8.3573 -3.9320 -0.0400
8.4274 -3.8650 -0.0400
6.8005 -2.1411 -0.0400
6.7692 -2.0813 -0.0400
6.7766 -2.0279 -0.0400
6.8456 -1.9812 -0.0400
7.0076 -1.9407 -0.0400
7.0607 -1.8867 -0.0400
8.1633 -1.5790 -0.0400
8.1384 -1.5019 -0.0400
8.1481 -1.4240 -0.0400
7.2543 -0.0767 -0.0400
7.1747 -0.0389 -0.0400
7.1799 0.0376 -0.0400
4.8105 2.1632 -0.0400
4.7462 2.1909 -0.0400
4.6883 2.2452 -0.0400
3.8800 -0.4888 -0.0400
3.8565 -0.5135 -0.0400
3.8268 -0.6065 -0.0400
3.8052 -0.6453 -0.0400
3.7868 -0.6585 -0.0400
3.7689 -0.6708 -0.0400
3.7517 -0.6771 -0.0400
3.7342 -0.7183 -0.0400
3.7181 -0.7465 -0.0400
3.7027 -0.7634 -0.0400
3.6878 -0.7748 -0.0400
3.6731 -0.7835 -0.0400
3.6583 -0.7867 -0.0400
3.6437 -0.7914 -0.0400
3.6289 -0.7929 -0.0400
3.6140 -0.7935 -0.0400
3.5986 -0.7911 -0.0400
3.5823 -0.7837 -0.0400
3.5662 -0.7798 -0.0400
3.5472 -0.7623 -0.0400
3.5283 -0.7486 -0.0400
3.5060 -0.7228 -0.0400
2.0798 2.6131 -0.0400
2.0195 2.5497 -0.0400
1.9318 2.5538 -0.0400
-0.2048 2.5483 -0.0400
-0.2686 2.4700 -0.0400
-0.3493 2.4089 -0.0400
-0.3851 2.3041 -0.0400
-0.6198 -2.1163 -0.0400
2.2537 -2.2402 -0.0400
2.2994 -2.2506 -0.0400
2.3290 -2.2669 -0.0400
2.3519 -2.2856 -0.0400
2.3710 -2.3056 -0.0400
2.3855 -2.3278 -0.0400
2.3939 -2.3531 -0.0400
2.3988 -2.3805 -0.0400
2.3988 -2.4113 -0.0400
2.3909 -2.4474 -0.0400
-0.6296 -4.5011 -0.0400
-0.5362 -4.5476 -0.0400
1.4999 -5.2064 -0.0400
1.5824 -5.2115 -0.0400
1.6359 -5.2650 -0.0400
1.6572 -5.3788 -0.0400
2.0331 -6.8952 -0.0400
2.1217 -6.9366 -0.0400
6.6118 -4.7941 -0.0400
6.6557 -4.7311 -0.0400
6.7620 -4.7323 -0.0400
6.5638 -3.2388 -0.0400
6.6007 -3.1936 -0.0400
8.3778 -3.9480 -0.0400
8.3955 -3.8554 -0.0400
6.8046 -2.0836 -0.0400
6.7730 -2.0243 -0.0400
6.7898 -1.9718 -0.0400
6.9998 -1.9370 -0.0400
7.0292 -1.8813 -0.0400
8.1434 -1.4998 -0.0400
8.1316 -1.4226 -0.0400
7.1712 -0.0340 -0.0400
7.1434 0.0267 -0.0400
7.1510 0.1052 -0.0400
4.8122 2.1842 -0.0400
4.7398 2.1826 -0.0400
4.6780 2.2202 -0.0400
4.6297 2.3188 -0.0400
3.8723 -0.4817 -0.0400
3.8481 -0.5115 -0.0400
3.8207 -0.5824 -0.0400
3.7981 -0.6286 -0.0400
3.7792 -0.6469 -0.0400
3.7611 -0.6619 -0.0400
3.7438 -0.6717 -0.0400
3.7263 -0.7140 -0.0400
3.7102 -0.7415 -0.0400
3.6950 -0.7574 -0.0400
3.6801 -0.7699 -0.0400
3.6655 -0.7785 -0.0400
3.6510 -0.7850 -0.0400
3.6366 -0.7902 -0.0400
3.6220 -0.7919 -0.0400
3.6072 -0.7922 -0.0400
3.5924 -0.7923 -0.0400
3.5769 -0.7891 -0.0400
3.5605 -0.7815 -0.0400
3.5444 -0.7776 -0.0400
3.5251 -0.7593 -0.0400
3.4984 -0.7124 -0.0400
2.0126 2.5777 -0.0400
1.9492 2.5241 -0.0400
1.8611 2.5278 -0.0400
-0.2888 2.5080 -0.0400
-0.3659 2.4428 -0.0400
-0.3954 2.3311 -0.0400
2.2881 -2.2671 -0.0400
2.3237 -2.2805 -0.0400
2.3587 -2.2931 -0.0400
2.3761 -2.3138 -0.0400
2.3898 -2.3362 -0.0400
2.4014 -2.3597 -0.0400
2.4091 -2.3855 -0.0400
2.3994 -2.4222 -0.0400
2.3890 -2.4605 -0.0400
-0.5258 -4.6207 -0.0400
-0.4509 -4.6783 -0.0400
1.5064 -5.1746 -0.0400
1.5692 -5.2121 -0.0400
1.9195 -6.8920 -0.0400
2.0052 -6.9436 -0.0400
3.5441 -2.4688 -0.0400
3.5663 -2.4282 -0.0400
6.5985 -4.7863 -0.0400
6.6821 -4.7655 -0.0400
6.5446 -3.2958 -0.0400
8.3431 -4.0363 -0.0400
8.3603 -3.9427 -0.0400
6.8057 -2.1943 -0.0400
6.7847 -2.1349 -0.0400
6.7688 -2.0773 -0.0400
6.8228 -2.0296 -0.0400
6.9997 -1.9941 -0.0400
7.0406 -1.9397 -0.0400
8.1438 -1.5768 -0.0400
8.1347 -1.4994 -0.0400
7.2398 -0.1469 -0.0400
7.1946 -0.0935 -0.0400
7.1751 -0.0291 -0.0400
7.2057 0.0598 -0.0400
4.8700 2.1442 -0.0400
4.8034 2.1621 -0.0400
4.7424 2.2010 -0.0400
3.8833 -0.5115 -0.0400
3.8567 -0.5582 -0.0400
3.8287 -0.6300 -0.0400
3.8086 -0.6522 -0.0400
3.7900 -0.6684 -0.0400
3.7728 -0.6734 -0.0400
3.7557 -0.6804 -0.0400
3.7372 -0.7328 -0.0400
3.7212 -0.7539 -0.0400
3.7060 -0.7686 -0.0400
3.6912 -0.7811 -0.0400
3.6766 -0.7868 -0.0400
3.6622 -0.7912 -0.0400
3.6477 -0.7935 -0.0400
3.6332 -0.7949 -0.0400
3.6185 -0.7935 -0.0400
3.6036 -0.7916 -0.0400
3.5878 -0.7849 -0.0400
3.5715 -0.7761 -0.0400
3.5552 -0.7702 -0.0400
3.5354 -0.7472 -0.0400
2.1485 2.6732 -0.0400
2.0947 2.5897 -0.0400
2.0231 2.5562 -0.0400
1.9312 2.5712 -0.0400
-0.1903 2.5580 -0.0400
-0.2484 2.4741 -0.0400
-0.3750 2.3194 -0.0400
-0.0291 -0.4134 -0.0400
2.2625 -2.2395 -0.0400
2.3189 -2.2443 -0.0400
2.3409 -2.2632 -0.0400
2.3595 -2.2835 -0.0400
2.3746 -2.3052 -0.0400
2.3844 -2.3296 -0.0400
2.3907 -2.3561 -0.0400
2.3932 -2.3851 -0.0400
2.3903 -2.4178 -0.0400
2.3746 -2.4594 -0.0400
-0.6438 -4.4665 -0.0400
-0.5554 -4.5163 -0.0400
1.4164 -5.1483 -0.0400
1.4950 -5.1611 -0.0400
1.5409 -5.2267 -0.0400
1.9032 -6.8832 -0.0400
1.9561 -7.0372 -0.0400
3.5329 -2.4715 -0.0400
3.5531 -2.4443 -0.0400
3.5720 -2.4184 -0.0400
3.5872 -2.4119 -0.0400
3.6029 -2.3991 -0.0400
6.5439 -4.8495 -0.0400
6.5991 -4.7981 -0.0400
6.7219 -4.8182 -0.0400
6.5160 -3.3495 -0.0400
6.5394 -3.2960 -0.0400
8.3178 -4.0289 -0.0400
6.8004 -2.1924 -0.0400
6.7795 -2.1329 -0.0400
6.7733 -2.0766 -0.0400
6.9944 -2.0508 -0.0400
7.0075 -1.9937 -0.0400
7.0934 -1.9434 -0.0400
8.1930 -1.6545 -0.0400
8.1373 -1.5763 -0.0400
8.1541 -1.4981 -0.0400
7.2576 -0.1353 -0.0400
7.1938 -0.0895 -0.0400
7.1867 -0.0192 -0.0400
4.9528 2.1869 -0.0400
4.8688 2.1530 -0.0400
4.8028 2.1735 -0.0400
4.7504 2.2438 -0.0400
3.8999 -0.4889 -0.0400
3.8741 -0.5225 -0.0400
3.8416 -0.6113 -0.0400
3.8192 -0.6471 -0.0400
3.7999 -0.6656 -0.0400
3.7825 -0.6728 -0.0400
3.7653 -0.6807 -0.0400
3.7457 -0.7355 -0.0400
3.7294 -0.7574 -0.0400
3.7142 -0.7655 -0.0400
3.6993 -0.7767 -0.0400
3.6847 -0.7851 -0.0400
3.6703 -0.7899 -0.0400
3.6560 -0.7936 -0.0400
3.6417 -0.7953 -0.0400
3.6271 -0.7943 -0.0400
3.6125 -0.7928 -0.0400
3.5974 -0.7883 -0.0400
3.5818 -0.7821 -0.0400
3.5654 -0.7724 -0.0400
3.5471 -0.7543 -0.0400
3.5243 -0.7165 -0.0400
2.1662 2.6294 -0.0400
2.1015 2.5774 -0.0400
2.0287 2.5479 -0.0400
-0.1873 2.5661 -0.0400
-0.2433 2.4802 -0.0400
-0.2951 2.3913 -0.0400
-0.0047 -0.4105 -0.0400
0.0082 -0.4857 -0.0400
-0.0611 -0.5360 -0.0400
-0.0422 -0.6119 -0.0400
2.2501 -2.2316 -0.0400
2.3104 -2.2348 -0.0400
2.3328 -2.2536 -0.0400
2.3522 -2.2734 -0.0400
2.3697 -2.2939 -0.0400
2.3808 -2.3175 -0.0400
2.3888 -2.3430 -0.0400
2.3941 -2.3701 -0.0400
2.3749 -2.4124 -0.0400
2.3451 -2.4630 -0.0400
-0.6788 -4.4675 -0.0400
-0.5770 -4.5090 -0.0400
-0.5278 -4.5848 -0.0400
1.4765 -5.1589 -0.0400
1.5396 -5.1960 -0.0400
1.8911 -6.8618 -0.0400
1.9370 -7.0358 -0.0400
3.5415 -2.4490 -0.0400
3.5591 -2.4334 -0.0400
3.5767 -2.4126 -0.0400
3.5918 -2.4059 -0.0400
3.6069 -2.3964 -0.0400
3.6210 -2.3938 -0.0400
3.6355 -2.3828 -0.0400
6.5556 -4.8752 -0.0400
6.5879 -4.7977 -0.0400
6.5060 -3.3475 -0.0400
8.3196 -4.0363 -0.0400
8.3994 -3.9739 -0.0400
6.7766 -2.1876 -0.0400
6.7651 -2.1298 -0.0400
6.7750 -2.0761 -0.0400
6.9969 -2.0505 -0.0400
7.0138 -1.9937 -0.0400
8.1946 -1.6546 -0.0400
8.1393 -1.5761 -0.0400
8.1777 -1.4972 -0.0400
7.2878 -0.1921 -0.0400
7.2250 -0.1448 -0.0400
7.2023 -0.0816 -0.0400
7.2321 0.0056 -0.0400
4.9401 2.1612 -0.0400
4.8619 2.1443 -0.0400
4.8035 2.1897 -0.0400
3.9095 -0.5037 -0.0400
3.8868 -0.5182 -0.0400
3.8540 -0.5980 -0.0400
3.8287 -0.6467 -0.0400
3.8103 -0.6560 -0.0400
3.7914 -0.6744 -0.0400
3.7745 -0.6781 -0.0400
3.7546 -0.7237 -0.0400
3.7372 -0.7552 -0.0400
3.7219 -0.7641 -0.0400
3.7068 -0.7771 -0.0400
3.6922 -0.7860 -0.0400
3.6778 -0.7911 -0.0400
3.6636 -0.7935 -0.0400
3.6493 -0.7950 -0.0400
3.6351 -0.7954 -0.0400
3.6206 -0.7939 -0.0400
3.6060 -0.7913 -0.0400
3.5905 -0.7825 -0.0400
3.5747 -0.7746 -0.0400
3.5577 -0.7610 -0.0400
3.5387 -0.7390 -0.0400
2.1672 2.6305 -0.0400
2.1042 2.5742 -0.0400
2.0252 2.5611 -0.0400
-0.1853 2.5745 -0.0400
-0.2306 2.4776 -0.0400
-0.3020 2.4088 -0.0400
-0.3729 2.3396 -0.0400
-1.6405 1.1237 -0.0400
0.0357 -0.4135 -0.0400
0.0097 -0.4759 -0.0400
-0.0581 -0.5264 -0.0400
-0.0356 -0.6031 -0.0400
-0.0580 -0.6671 -0.0400
-0.1296 -0.7198 -0.0400
-0.1881 -0.7774 -0.0400
2.2468 -2.2202 -0.0400
2.2868 -2.2323 -0.0400
2.3267 -2.2433 -0.0400
2.3459 -2.2632 -0.0400
2.3645 -2.2830 -0.0400
2.3760 -2.3063 -0.0400
2.3854 -2.3308 -0.0400
2.3821 -2.3629 -0.0400
2.3801 -2.3948 -0.0400
2.3684 -2.4336 -0.0400
-0.5761 -4.4866 -0.0400
1.8732 -6.8567 -0.0400
1.9238 -7.0160 -0.0400
3.5471 -2.4404 -0.0400
3.5641 -2.4256 -0.0400
3.5809 -2.4083 -0.0400
3.5958 -2.4016 -0.0400
3.6106 -2.3944 -0.0400
3.6247 -2.3916 -0.0400
3.6393 -2.3777 -0.0400
3.6530 -2.3727 -0.0400
3.6666 -2.3667 -0.0400
6.5262 -4.8551 -0.0400
6.6003 -4.8242 -0.0400
6.5070 -3.3529 -0.0400
6.5469 -3.3089 -0.0400
8.2830 -4.1279 -0.0400
8.3290 -4.0483 -0.0400
6.7922 -2.1906 -0.0400
6.7656 -2.1298 -0.0400
6.7907 -2.0782 -0.0400
7.0065 -2.0517 -0.0400
7.0435 -1.9969 -0.0400
8.1662 -1.6548 -0.0400
8.1469 -1.5764 -0.0400
7.2724 -0.1947 -0.0400
7.2137 -0.1458 -0.0400
7.1998 -0.0789 -0.0400
4.9234 2.1246 -0.0400
4.8587 2.1479 -0.0400
4.8038 2.2050 -0.0400
3.9012 -0.5042 -0.0400
3.8613 -0.6127 -0.0400
3.8390 -0.6395 -0.0400
3.8181 -0.6636 -0.0400
3.8001 -0.6730 -0.0400
3.7831 -0.6776 -0.0400
3.7625 -0.7225 -0.0400
3.7453 -0.7442 -0.0400
3.7288 -0.7669 -0.0400
3.7138 -0.7742 -0.0400
3.6991 -0.7848 -0.0400
3.6847 -0.7908 -0.0400
3.6705 -0.7935 -0.0400
3.6564 -0.7951 -0.0400
3.6423 -0.7951 -0.0400
3.6280 -0.7932 -0.0400
3.6137 -0.7924 -0.0400
3.5988 -0.7863 -0.0400
3.5835 -0.7793 -0.0400
3.5673 -0.7679 -0.0400
3.5499 -0.7509 -0.0400
2.1723 2.6187 -0.0400
2.1051 2.5744 -0.0400
2.0256 2.5631 -0.0400
-0.1565 2.5529 -0.0400
-0.2484 2.5059 -0.0400
-0.2829 2.3993 -0.0400
-1.6439 1.1375 -0.0400
0.0101 -0.3239 -0.0400
0.0376 -0.4045 -0.0400
0.0136 -0.4673 -0.0400
-0.0571 -0.5167 -0.0400
-0.0223 -0.5967 -0.0400
-0.0584 -0.6568 -0.0400
-0.1674 -0.7005 -0.0400
-0.1870 -0.7670 -0.0400
2.2860 -2.2200 -0.0400
2.3126 -2.2370 -0.0400
2.3411 -2.2525 -0.0400
2.3578 -2.2732 -0.0400
2.3711 -2.2955 -0.0400
2.3812 -2.3195 -0.0400
2.3799 -2.3502 -0.0400
2.3803 -2.3805 -0.0400
2.3739 -2.4157 -0.0400
-0.6599 -4.4125 -0.0400
-0.5827 -4.4696 -0.0400
2.0271 -6.9116 -0.0400
3.5569 -2.4541 -0.0400
3.5742 -2.4347 -0.0400
3.5903 -2.4213 -0.0400
3.6061 -2.4039 -0.0400
3.6207 -2.3983 -0.0400
3.6351 -2.3907 -0.0400
3.6492 -2.3842 -0.0400
3.6630 -2.3709 -0.0400
3.6766 -2.3668 -0.0400
3.6899 -2.3611 -0.0400
3.7033 -2.3592 -0.0400
3.7167 -2.3588 -0.0400
6.6253 -4.7619 -0.0400
6.6851 -4.7146 -0.0400
6.5405 -3.3142 -0.0400
6.5569 -3.2560 -0.0400
8.3900 -3.9889 -0.0400
8.3913 -3.8865 -0.0400
6.7984 -2.0801 -0.0400
6.7810 -2.0217 -0.0400
6.8223 -1.9711 -0.0400
7.0106 -1.9344 -0.0400
8.1566 -1.4992 -0.0400
8.1454 -1.4210 -0.0400
7.1960 -0.0749 -0.0400
7.1570 -0.0187 -0.0400
7.1465 0.0505 -0.0400
4.8607 2.1786 -0.0400
4.7856 2.1693 -0.0400
4.7206 2.1921 -0.0400
4.6657 2.2540 -0.0400
3.8697 -0.4914 -0.0400
3.8306 -0.6053 -0.0400
3.8086 -0.6335 -0.0400
3.7897 -0.6463 -0.0400
3.7716 -0.6575 -0.0400
3.7535 -0.6737 -0.0400
3.7360 -0.6896 -0.0400
3.7164 -0.7483 -0.0400
3.7011 -0.7597 -0.0400
3.6863 -0.7690 -0.0400
3.6717 -0.7810 -0.0400
3.6575 -0.7847 -0.0400
3.6435 -0.7907 -0.0400
3.6295 -0.7919 -0.0400
3.6155 -0.7933 -0.0400
3.6013 -0.7916 -0.0400
3.5872 -0.7913 -0.0400
3.5723 -0.7849 -0.0400
3.5569 -0.7772 -0.0400
3.5403 -0.7638 -0.0400
3.5242 -0.7560 -0.0400
3.5039 -0.7279 -0.0400
2.0773 2.6504 -0.0400
2.0300 2.5541 -0.0400
1.9562 2.5283 -0.0400
1.8732 2.5235 -0.0400
-0.2388 2.5102 -0.0400
-0.3013 2.4325 -0.0400
-0.3703 2.3616 -0.0400
-0.4153 2.2681 -0.0400
-1.6496 1.1591 -0.0400
-1.7301 0.9655 -0.0400
-0.0084 -0.5156 -0.0400
-0.0231 -0.5810 -0.0400
-0.0549 -0.6419 -0.0400
-0.0578 -0.7103 -0.0400
-0.0911 -0.7715 -0.0400
-0.2094 -0.8164 -0.0400
-0.2539 -0.8786 -0.0400
2.2867 -2.2577 -0.0400
2.3280 -2.2668 -0.0400
2.3484 -2.2857 -0.0400
2.3709 -2.3031 -0.0400
2.3846 -2.3249 -0.0400
2.3950 -2.3488 -0.0400
2.4030 -2.3742 -0.0400
2.3980 -2.4083 -0.0400
2.3947 -2.4422 -0.0400
-0.5753 -4.5381 -0.0400
-0.4981 -4.5939 -0.0400
1.7339 -6.8448 -0.0400
1.8356 -6.8504 -0.0400
3.5147 -2.5019 -0.0400
3.5387 -2.4479 -0.0400
3.5559 -2.4318 -0.0400
3.5731 -2.4108 -0.0400
3.5882 -2.4031 -0.0400
3.6028 -2.3993 -0.0400
3.6174 -2.3918 -0.0400
3.6318 -2.3835 -0.0400
3.6459 -2.3723 -0.0400
3.6595 -2.3691 -0.0400
3.6731 -2.3648 -0.0400
3.6866 -2.3641 -0.0400
3.7002 -2.3657 -0.0400
3.7139 -2.3670 -0.0400
3.7281 -2.3732 -0.0400
6.5162 -4.8729 -0.0400
6.6238 -4.8786 -0.0400
6.5018 -3.3614 -0.0400
8.2731 -4.1391 -0.0400
8.3456 -4.0732 -0.0400
6.7587 -2.1860 -0.0400
6.7752 -2.1328 -0.0400
6.9943 -2.1110 -0.0400
7.0081 -2.0533 -0.0400
8.1724 -1.7363 -0.0400
8.1492 -1.6569 -0.0400
8.1564 -1.5784 -0.0400
7.3031 -0.2497 -0.0400
7.2367 -0.2026 -0.0400
7.2116 -0.1403 -0.0400
7.2348 -0.0573 -0.0400
4.9920 2.1391 -0.0400
4.9149 2.1275 -0.0400
4.8638 2.1933 -0.0400
3.9279 -0.4886 -0.0400
3.8815 -0.6050 -0.0400
3.8559 -0.6418 -0.0400
3.8361 -0.6552 -0.0400
3.8173 -0.6664 -0.0400
3.7982 -0.6829 -0.0400
3.7783 -0.7108 -0.0400
3.7588 -0.7442 -0.0400
3.7424 -0.7584 -0.0400
3.7261 -0.7779 -0.0400
3.7114 -0.7836 -0.0400
3.6969 -0.7916 -0.0400
3.6828 -0.7944 -0.0400
3.6689 -0.7951 -0.0400
3.6549 -0.7960 -0.0400
3.6410 -0.7950 -0.0400
3.6269 -0.7918 -0.0400
3.6127 -0.7884 -0.0400
3.5979 -0.7799 -0.0400
3.5823 -0.7660 -0.0400
3.5667 -0.7572 -0.0400
3.5479 -0.7268 -0.0400
2.2380 2.6693 -0.0400
2.1791 2.5998 -0.0400
2.1035 2.5799 -0.0400
1.9952 2.6425 -0.0400
-0.0853 2.6384 -0.0400
-0.1511 2.5639 -0.0400
-0.1998 2.4719 -0.0400
-1.5572 1.3509 -0.0400
-1.6259 1.1504 -0.0400
0.0515 -0.3210 -0.0400
0.0457 -0.3897 -0.0400
-0.0030 -0.4443 -0.0400
-0.0200 -0.5093 -0.0400
-0.0180 -0.5795 -0.0400
-0.0479 -0.6408 -0.0400
-0.1664 -0.6815 -0.0400
-0.2121 -0.7419 -0.0400
2.3470 -2.2531 -0.0400
2.3618 -2.2744 -0.0400
2.3729 -2.2976 -0.0400
2.3771 -2.3248 -0.0400
2.3824 -2.3518 -0.0400
2.3669 -2.3920 -0.0400
2.3498 -2.4347 -0.0400
-0.6048 -4.4423 -0.0400
1.8172 -6.8454 -0.0400
3.5225 -2.4799 -0.0400
3.5449 -2.4288 -0.0400
3.5610 -2.4181 -0.0400
3.5765 -2.4100 -0.0400
3.5915 -2.4024 -0.0400
3.6063 -2.3948 -0.0400
3.6207 -2.3894 -0.0400
3.6349 -2.3816 -0.0400
3.6489 -2.3712 -0.0400
3.6626 -2.3684 -0.0400
3.6761 -2.3651 -0.0400
3.6898 -2.3651 -0.0400
3.7037 -2.3679 -0.0400
3.7176 -2.3702 -0.0400
3.7323 -2.3788 -0.0400
3.7470 -2.3843 -0.0400
3.7640 -2.4046 -0.0400
6.5096 -4.8812 -0.0400
6.6150 -4.8844 -0.0400
6.4755 -3.4214 -0.0400
6.5032 -3.3692 -0.0400
8.2895 -4.1576 -0.0400
6.7756 -2.2479 -0.0400
6.7600 -2.1879 -0.0400
6.7770 -2.1346 -0.0400
6.9960 -2.1129 -0.0400
7.0502 -2.0606 -0.0400
8.1527 -1.6589 -0.0400
8.1922 -1.5801 -0.0400
7.2761 -0.2574 -0.0400
7.2327 -0.2017 -0.0400
7.2300 -0.1302 -0.0400
5.0578 2.1303 -0.0400
4.9761 2.1085 -0.0400
4.9105 2.1291 -0.0400
4.8567 2.1863 -0.0400
3.9335 -0.5114 -0.0400
3.9091 -0.5291 -0.0400
3.8664 -0.6322 -0.0400
3.8447 -0.6525 -0.0400
3.8254 -0.6644 -0.0400
3.8056 -0.6832 -0.0400
3.7857 -0.7073 -0.0400
3.7648 -0.7455 -0.0400
3.7481 -0.7604 -0.0400
3.7315 -0.7802 -0.0400
3.7168 -0.7861 -0.0400
3.7025 -0.7898 -0.0400
3.6883 -0.7929 -0.0400
3.6743 -0.7960 -0.0400
3.6605 -0.7967 -0.0400
3.6467 -0.7942 -0.0400
3.6328 -0.7927 -0.0400
3.6187 -0.7888 -0.0400
3.6042 -0.7796 -0.0400
3.5896 -0.7740 -0.0400
3.5733 -0.7536 -0.0400
3.5570 -0.7396 -0.0400
2.2481 2.6366 -0.0400
2.1800 2.5956 -0.0400
2.0988 2.5914 -0.0400
-0.0800 2.6394 -0.0400
-0.1416 2.5606 -0.0400
-0.1941 2.4731 -0.0400
-1.5386 1.3504 -0.0400
-1.6021 1.2661 -0.0400
-1.6252 1.1602 -0.0400
0.0279 -0.3050 -0.0400
0.0486 -0.3828 -0.0400
0.0164 -0.4423 -0.0400
0.0003 -0.5071 -0.0400
-0.0207 -0.5704 -0.0400
-0.0805 -0.6239 -0.0400
-0.1631 -0.6735 -0.0400
-0.1990 -0.7358 -0.0400
2.3754 -2.3128 -0.0400
2.3737 -2.3438 -0.0400
2.3749 -2.3736 -0.0400
2.3326 -2.4318 -0.0400
-0.6074 -4.4234 -0.0400
1.3485 -5.0966 -0.0400
1.4223 -5.1174 -0.0400
1.4585 -5.1985 -0.0400
3.5113 -2.4766 -0.0400
3.5312 -2.4454 -0.0400
3.5483 -2.4292 -0.0400
3.5643 -2.4184 -0.0400
3.5803 -2.4016 -0.0400
3.5949 -2.3982 -0.0400
3.6093 -2.3948 -0.0400
3.6237 -2.3880 -0.0400
3.6379 -2.3745 -0.0400
3.6517 -2.3708 -0.0400
3.6655 -2.3680 -0.0400
3.6791 -2.3657 -0.0400
3.6929 -2.3661 -0.0400
3.7071 -2.3704 -0.0400
3.7213 -2.3734 -0.0400
3.7367 -2.3849 -0.0400
3.7521 -2.3930 -0.0400
3.7719 -2.4277 -0.0400
6.5066 -4.8945 -0.0400
6.6194 -4.9056 -0.0400
6.4960 -3.4426 -0.0400
8.2644 -4.1537 -0.0400
6.7819 -2.2517 -0.0400
6.7623 -2.1906 -0.0400
6.9877 -2.1740 -0.0400
7.0039 -2.1163 -0.0400
7.0509 -2.0628 -0.0400
8.1957 -1.7419 -0.0400
8.1628 -1.6616 -0.0400
7.2720 -0.2570 -0.0400
7.2316 -0.2001 -0.0400
7.2274 -0.1291 -0.0400
5.0655 2.1640 -0.0400
4.9734 2.1150 -0.0400
4.9144 2.1553 -0.0400
3.9546 -0.4753 -0.0400
3.9223 -0.5190 -0.0400
3.8802 -0.6098 -0.0400
3.8541 -0.6457 -0.0400
3.8308 -0.6751 -0.0400
3.8129 -0.6822 -0.0400
3.7958 -0.6870 -0.0400
3.7712 -0.7424 -0.0400
3.7539 -0.7594 -0.0400
3.7367 -0.7809 -0.0400
3.7218 -0.7871 -0.0400
3.7075 -0.7908 -0.0400
3.6934 -0.7939 -0.0400
3.6794 -0.7968 -0.0400
3.6656 -0.7969 -0.0400
3.6519 -0.7954 -0.0400
3.6381 -0.7940 -0.0400
3.6242 -0.7866 -0.0400
3.6101 -0.7819 -0.0400
3.5952 -0.7670 -0.0400
3.5801 -0.7564 -0.0400
3.5642 -0.7423 -0.0400
2.2468 2.6370 -0.0400
2.1791 2.5952 -0.0400
2.0965 2.5951 -0.0400
-0.0087 2.7141 -0.0400
-0.0826 2.6487 -0.0400
-0.1484 2.5745 -0.0400
-0.1881 2.4731 -0.0400
-1.5338 1.3569 -0.0400
-1.5662 1.2560 -0.0400
-1.7157 1.0987 -0.0400
0.0655 -0.3112 -0.0400
0.0497 -0.3759 -0.0400
-0.0283 -0.4208 -0.0400
-0.0047 -0.4981 -0.0400
-0.0128 -0.5649 -0.0400
-0.0533 -0.6230 -0.0400
-0.1688 -0.6639 -0.0400
-0.6187 -1.7678 -0.0400
2.3519 -2.4060 -0.0400
-0.6273 -4.4164 -0.0400
1.4067 -5.1104 -0.0400
1.4662 -5.1532 -0.0400
3.5142 -2.4857 -0.0400
3.5366 -2.4294 -0.0400
3.5527 -2.4182 -0.0400
3.5682 -2.4098 -0.0400
3.5833 -2.4022 -0.0400
3.5979 -2.3987 -0.0400
3.6125 -2.3874 -0.0400
3.6267 -2.3801 -0.0400
3.6407 -2.3744 -0.0400
3.6545 -2.3707 -0.0400
3.6682 -2.3666 -0.0400
3.6821 -2.3665 -0.0400
3.6960 -2.3671 -0.0400
3.7105 -2.3727 -0.0400
3.7250 -2.3766 -0.0400
3.7413 -2.3917 -0.0400
3.7575 -2.4030 -0.0400
6.4633 -3.4299 -0.0400
6.5057 -3.3866 -0.0400
8.2712 -4.1682 -0.0400
6.7804 -2.3124 -0.0400
6.7565 -2.2493 -0.0400
6.7624 -2.1935 -0.0400
6.8098 -2.1452 -0.0400
7.0023 -2.1189 -0.0400
7.0432 -2.0644 -0.0400
8.1545 -1.7437 -0.0400
8.1742 -1.6648 -0.0400
7.2641 -0.2584 -0.0400
7.2392 -0.1956 -0.0400
7.2775 -0.1072 -0.0400
5.0362 2.1002 -0.0400
4.9652 2.1066 -0.0400
4.9066 2.1469 -0.0400
3.9300 -0.5291 -0.0400
3.8826 -0.6334 -0.0400
3.8593 -0.6563 -0.0400
3.8394 -0.6689 -0.0400
3.8204 -0.6798 -0.0400
3.8031 -0.6849 -0.0400
3.7792 -0.7295 -0.0400
3.7574 -0.7710 -0.0400
3.7418 -0.7801 -0.0400
3.7268 -0.7865 -0.0400
3.7123 -0.7908 -0.0400
3.6981 -0.7941 -0.0400
3.6841 -0.7974 -0.0400
3.6704 -0.7972 -0.0400
3.6568 -0.7956 -0.0400
3.6431 -0.7939 -0.0400
3.6294 -0.7857 -0.0400
3.6154 -0.7802 -0.0400
3.6012 -0.7736 -0.0400
3.5865 -0.7634 -0.0400
3.5699 -0.7319 -0.0400
3.2329 2.8279 -0.0400
2.3120 2.6840 -0.0400
2.2509 2.6196 -0.0400
2.1770 2.5967 -0.0400
2.0861 2.6197 -0.0400
0.0041 2.7043 -0.0400
-0.0595 2.6280 -0.0400
-0.1263 2.5558 -0.0400
-0.1890 2.4797 -0.0400
-1.5000 1.4665 -0.0400
-1.5433 1.3710 -0.0400
-1.5676 1.2655 -0.0400
-1.6361 1.1843 -0.0400
-1.7209 1.1104 -0.0400
0.0495 -0.2989 -0.0400
0.0550 -0.3710 -0.0400
0.0036 -0.4240 -0.0400
0.0078 -0.4948 -0.0400
-0.0222 -0.5551 -0.0400
-0.1135 -0.5999 -0.0400
-0.1595 -0.6585 -0.0400
-0.2193 -0.7150 -0.0400
-0.6082 -1.7565 -0.0400
-0.5872 -1.8296 -0.0400
-0.6297 -1.9071 -0.0400
1.3216 -5.0761 -0.0400
1.3946 -5.0981 -0.0400
1.4346 -5.1727 -0.0400
3.5004 -2.4996 -0.0400
3.5225 -2.4495 -0.0400
3.5396 -2.4323 -0.0400
3.5557 -2.4200 -0.0400
3.5717 -2.4024 -0.0400
3.5863 -2.3989 -0.0400
3.6009 -2.3954 -0.0400
3.6153 -2.3880 -0.0400
3.6295 -2.3804 -0.0400
3.6433 -2.3713 -0.0400
3.6572 -2.3685 -0.0400
3.6710 -2.3669 -0.0400
3.6850 -2.3670 -0.0400
3.6994 -2.3712 -0.0400
3.7138 -2.3745 -0.0400
3.7287 -2.3793 -0.0400
3.7460 -2.3984 -0.0400
3.7635 -2.4146 -0.0400
6.4643 -3.4398 -0.0400
8.2390 -4.2687 -0.0400
8.2558 -4.1709 -0.0400
6.7684 -2.2556 -0.0400
6.7812 -2.2006 -0.0400
6.9903 -2.1810 -0.0400
7.0221 -2.1255 -0.0400
8.2004 -1.8295 -0.0400
8.1569 -1.7475 -0.0400
8.1770 -1.6684 -0.0400
7.3093 -0.3137 -0.0400
7.2652 -0.2571 -0.0400
7.2442 -0.1925 -0.0400
7.3102 -0.0929 -0.0400
5.0254 2.0853 -0.0400
4.9642 2.1178 -0.0400
4.9235 2.2108 -0.0400
3.9454 -0.5131 -0.0400
3.9087 -0.5706 -0.0400
3.8698 -0.6454 -0.0400
3.8486 -0.6609 -0.0400
3.8261 -0.6852 -0.0400
3.8088 -0.6901 -0.0400
3.7812 -0.7495 -0.0400
3.7633 -0.7660 -0.0400
3.7470 -0.7777 -0.0400
3.7317 -0.7846 -0.0400
3.7170 -0.7901 -0.0400
3.7024 -0.7972 -0.0400
3.6886 -0.7977 -0.0400
3.6749 -0.7979 -0.0400
3.6614 -0.7961 -0.0400
3.6478 -0.7943 -0.0400
3.6343 -0.7860 -0.0400
3.6204 -0.7801 -0.0400
3.6064 -0.7730 -0.0400
3.5920 -0.7620 -0.0400
3.5759 -0.7277 -0.0400
3.3090 2.8041 -0.0400
3.2254 2.8764 -0.0400
2.3177 2.6586 -0.0400
2.2489 2.6198 -0.0400
2.1700 2.6116 -0.0400
0.0084 2.7038 -0.0400
-0.0452 2.6162 -0.0400
-0.1264 2.5607 -0.0400
-1.5349 1.3742 -0.0400
-1.5580 1.2683 -0.0400
-1.7102 1.1135 -0.0400
0.0756 -0.3024 -0.0400
0.0530 -0.3643 -0.0400
-0.0200 -0.4102 -0.0400
0.0045 -0.4874 -0.0400
-0.0101 -0.5520 -0.0400
-0.1394 -0.5863 -0.0400
-0.1734 -0.6480 -0.0400
-0.5834 -1.7452 -0.0400
-0.5899 -1.8194 -0.0400
-0.6482 -1.8978 -0.0400
1.2893 -5.0948 -0.0400
1.3806 -5.0891 -0.0400
1.4366 -5.1373 -0.0400
3.5100 -2.4543 -0.0400
3.5275 -2.4347 -0.0400
3.5438 -2.4211 -0.0400
3.5593 -2.4124 -0.0400
3.5744 -2.4040 -0.0400
3.5891 -2.3999 -0.0400
3.6037 -2.3893 -0.0400
3.6180 -2.3814 -0.0400
3.6320 -2.3754 -0.0400
3.6459 -2.3717 -0.0400
3.6598 -2.3688 -0.0400
3.6738 -2.3684 -0.0400
3.6880 -2.3698 -0.0400
3.7024 -2.3722 -0.0400
3.7171 -2.3760 -0.0400
3.7339 -2.3919 -0.0400
3.7507 -2.4044 -0.0400
3.7704 -2.4297 -0.0400
6.4557 -3.4441 -0.0400
8.3021 -4.2090 -0.0400
6.7716 -2.3187 -0.0400
6.7526 -2.2564 -0.0400
6.7689 -2.2022 -0.0400
6.9903 -2.1852 -0.0400
7.0115 -2.1277 -0.0400
8.1610 -1.7519 -0.0400
7.2978 -0.3174 -0.0400
7.2620 -0.2578 -0.0400
7.2670 -0.1833 -0.0400
5.1004 2.1004 -0.0400
5.0218 2.0893 -0.0400
4.9579 2.1146 -0.0400
4.9085 2.1818 -0.0400
3.9529 -0.5235 -0.0400
3.9026 -0.6217 -0.0400
3.8748 -0.6555 -0.0400
3.8539 -0.6692 -0.0400
3.8339 -0.6816 -0.0400
3.8162 -0.6867 -0.0400
3.7903 -0.7319 -0.0400
3.7698 -0.7585 -0.0400
3.7506 -0.7839 -0.0400
3.7354 -0.7906 -0.0400
3.7209 -0.7939 -0.0400
3.7067 -0.7972 -0.0400
3.6929 -0.7977 -0.0400
3.6792 -0.7982 -0.0400
3.6657 -0.7967 -0.0400
3.6523 -0.7923 -0.0400
3.6388 -0.7872 -0.0400
3.6252 -0.7813 -0.0400
3.6113 -0.7743 -0.0400
3.5972 -0.7632 -0.0400
3.5819 -0.7289 -0.0400
3.3834 2.7856 -0.0400
3.3047 2.8155 -0.0400
2.3178 2.6506 -0.0400
2.2473 2.6175 -0.0400
2.1617 2.6291 -0.0400
0.0102 2.7056 -0.0400
-0.0420 2.6165 -0.0400
-0.1171 2.5546 -0.0400
-1.4613 1.4586 -0.0400
-1.5494 1.2710 -0.0400
0.0823 -0.2995 -0.0400
0.0309 -0.3513 -0.0400
0.0153 -0.4159 -0.0400
0.0147 -0.4847 -0.0400
-0.0211 -0.5429 -0.0400
-0.1424 -0.5792 -0.0400
-0.1568 -0.6456 -0.0400
-0.2480 -0.6945 -0.0400
-0.6140 -1.6627 -0.0400
-0.5835 -1.7355 -0.0400
-0.5885 -1.8094 -0.0400
-0.6471 -1.8875 -0.0400
1.3656 -5.0818 -0.0400
1.3889 -5.1830 -0.0400
1.6519 -6.7914 -0.0400
1.7376 -6.8416 -0.0400
2.9454 -7.2152 -0.0400
3.5128 -2.4622 -0.0400
3.5305 -2.4390 -0.0400
3.5474 -2.4141 -0.0400
3.5626 -2.4057 -0.0400
3.5774 -2.4006 -0.0400
3.5920 -2.3971 -0.0400
3.6064 -2.3913 -0.0400
3.6206 -2.3828 -0.0400
3.6345 -2.3729 -0.0400
3.6484 -2.3700 -0.0400
3.6623 -2.3683 -0.0400
3.6765 -2.3686 -0.0400
3.6908 -2.3699 -0.0400
3.7061 -2.3786 -0.0400
3.7215 -2.3850 -0.0400
3.7377 -2.3944 -0.0400
3.7555 -2.4100 -0.0400
6.4258 -3.5068 -0.0400
6.4511 -3.4517 -0.0400
8.1978 -4.2700 -0.0400
8.2716 -4.2045 -0.0400
6.7496 -2.3185 -0.0400
6.7513 -2.2609 -0.0400
6.7949 -2.2121 -0.0400
6.9940 -2.1906 -0.0400
7.0376 -2.1366 -0.0400
8.1662 -1.8371 -0.0400
8.1623 -1.7569 -0.0400
7.2978 -0.3176 -0.0400
7.2635 -0.2573 -0.0400
7.2878 -0.1753 -0.0400
5.0822 2.0679 -0.0400
5.0170 2.0900 -0.0400
4.9647 2.1467 -0.0400
3.9766 -0.4868 -0.0400
3.9417 -0.5288 -0.0400
3.8878 -0.6386 -0.0400
3.8638 -0.6603 -0.0400
3.8394 -0.6869 -0.0400
3.8217 -0.6918 -0.0400
3.7916 -0.7512 -0.0400
3.7728 -0.7684 -0.0400
3.7559 -0.7802 -0.0400
3.7404 -0.7872 -0.0400
3.7255 -0.7922 -0.0400
3.7111 -0.7956 -0.0400
3.6968 -0.7994 -0.0400
3.6833 -0.7986 -0.0400
3.6699 -0.7966 -0.0400
3.6564 -0.7942 -0.0400
3.6431 -0.7889 -0.0400
3.6296 -0.7834 -0.0400
3.6160 -0.7767 -0.0400
3.6022 -0.7530 -0.0400
3.5876 -0.7344 -0.0400
3.5717 -0.6963 -0.0400
3.3796 2.7865 -0.0400
3.3008 2.8204 -0.0400
2.3774 2.7134 -0.0400
2.3151 2.6504 -0.0400
2.2418 2.6262 -0.0400
2.1566 2.6368 -0.0400
0.0808 2.7767 -0.0400
0.0232 2.6931 -0.0400
-0.0456 2.6238 -0.0400
-0.1016 2.5407 -0.0400
-1.4553 1.4615 -0.0400
-1.6454 1.2122 -0.0400
0.0707 -0.2203 -0.0400
0.0853 -0.2959 -0.0400
0.0519 -0.3537 -0.0400
0.0011 -0.4062 -0.0400
0.0113 -0.4785 -0.0400
-0.0514 -0.5289 -0.0400
-0.1339 -0.5758 -0.0400
-0.1749 -0.6353 -0.0400
-0.6297 -1.6540 -0.0400
-0.5856 -1.7264 -0.0400
-0.5839 -1.7998 -0.0400
1.2887 -5.0363 -0.0400
1.3539 -5.0696 -0.0400
1.3928 -5.1453 -0.0400
1.6192 -6.8241 -0.0400
1.7281 -6.8114 -0.0400
3.5346 -2.4270 -0.0400
3.5502 -2.4169 -0.0400
3.5653 -2.4083 -0.0400
3.5802 -2.3981 -0.0400
3.5947 -2.3939 -0.0400
3.6089 -2.3848 -0.0400
3.6230 -2.3781 -0.0400
3.6370 -2.3735 -0.0400
3.6509 -2.3705 -0.0400
3.6650 -2.3698 -0.0400
3.6794 -2.3713 -0.0400
3.6940 -2.3741 -0.0400
3.7091 -2.3786 -0.0400
3.7247 -2.3853 -0.0400
3.7451 -2.4162 -0.0400
6.4166 -3.5121 -0.0400
6.4483 -3.4611 -0.0400
8.1908 -4.2795 -0.0400
8.2613 -4.2120 -0.0400
6.7675 -2.3285 -0.0400
6.7513 -2.2663 -0.0400
6.7733 -2.2130 -0.0400
7.0075 -2.1984 -0.0400
8.1899 -1.8442 -0.0400
8.2033 -1.7640 -0.0400
7.2890 -0.3213 -0.0400
7.2735 -0.2543 -0.0400
7.2895 -0.1752 -0.0400
5.1628 2.0930 -0.0400
5.0786 2.0713 -0.0400
5.0125 2.0909 -0.0400
4.9581 2.1419 -0.0400
3.9254 -0.6065 -0.0400
3.8905 -0.6556 -0.0400
3.8685 -0.6700 -0.0400
3.8477 -0.6826 -0.0400
3.8294 -0.6884 -0.0400
3.8024 -0.7301 -0.0400
3.7798 -0.7601 -0.0400
3.7593 -0.7862 -0.0400
3.7438 -0.7927 -0.0400
3.7291 -0.7959 -0.0400
3.7148 -0.7987 -0.0400
3.7010 -0.7991 -0.0400
3.6872 -0.7994 -0.0400
3.6739 -0.7973 -0.0400
3.6604 -0.7952 -0.0400
3.6475 -0.7867 -0.0400
3.6341 -0.7799 -0.0400
3.6206 -0.7712 -0.0400
3.6070 -0.7591 -0.0400
3.5929 -0.7427 -0.0400
3.5781 -0.7165 -0.0400
3.4521 2.7837 -0.0400
3.3739 2.8223 -0.0400
2.3835 2.6812 -0.0400
2.3154 2.6394 -0.0400
2.2305 2.6522 -0.0400
0.0915 2.7657 -0.0400
0.0331 2.6836 -0.0400
-0.0418 2.6220 -0.0400
-0.0981 2.5394 -0.0400
-1.4523 1.4656 -0.0400
-1.4856 1.3659 -0.0400
-1.6401 1.2158 -0.0400
0.1068 -0.2302 -0.0400
0.0840 -0.2914 -0.0400
-0.0007 -0.3313 -0.0400
0.0298 -0.4111 -0.0400
0.0196 -0.4765 -0.0400
-0.0222 -0.5325 -0.0400
-0.1329 -0.5709 -0.0400
-0.5937 -1.6449 -0.0400
-0.5828 -1.7178 -0.0400
-0.6121 -1.7925 -0.0400
1.2769 -5.0249 -0.0400
1.3412 -5.0595 -0.0400
1.3834 -5.1295 -0.0400
1.6185 -6.7724 -0.0400
1.7022 -6.8276 -0.0400
3.5682 -2.4029 -0.0400
3.5828 -2.3993 -0.0400
3.5973 -2.3957 -0.0400
3.6113 -2.3802 -0.0400
3.6253 -2.3751 -0.0400
3.6393 -2.3720 -0.0400
3.6533 -2.3699 -0.0400
3.6675 -2.3695 -0.0400
3.6819 -2.3707 -0.0400
3.6976 -2.3799 -0.0400
3.7133 -2.3871 -0.0400
3.7301 -2.3978 -0.0400
3.7490 -2.4173 -0.0400
8.1674 -4.3895 -0.0400
8.1821 -4.2886 -0.0400
8.2657 -4.2285 -0.0400
6.7666 -2.3938 -0.0400
6.7439 -2.3290 -0.0400
6.7524 -2.2726 -0.0400
6.8094 -2.2262 -0.0400
6.9962 -2.2023 -0.0400
7.0492 -2.1495 -0.0400
8.1616 -1.8487 -0.0400
8.1768 -1.7689 -0.0400
7.3607 -0.3717 -0.0400
7.2979 -0.3196 -0.0400
7.2957 -0.2476 -0.0400
7.3478 -0.1543 -0.0400
5.1558 2.0875 -0.0400
5.0742 2.0721 -0.0400
5.0183 2.1182 -0.0400
3.9632 -0.5303 -0.0400
3.9039 -0.6410 -0.0400
3.8783 -0.6635 -0.0400
3.8570 -0.6761 -0.0400
3.8346 -0.6946 -0.0400
3.8017 -0.7544 -0.0400
3.7822 -0.7715 -0.0400
3.7648 -0.7828 -0.0400
3.7489 -0.7895 -0.0400
3.7338 -0.7941 -0.0400
3.7192 -0.7973 -0.0400
3.7048 -0.8010 -0.0400
3.6912 -0.7997 -0.0400
3.6779 -0.7975 -0.0400
3.6646 -0.7945 -0.0400
3.6514 -0.7890 -0.0400
3.6382 -0.7830 -0.0400
3.6248 -0.7759 -0.0400
3.6114 -0.7646 -0.0400
3.5981 -0.7310 -0.0400
3.6006 2.8190 -0.0400
3.5242 2.7873 -0.0400
3.4480 2.7856 -0.0400
3.3704 2.8146 -0.0400
2.4464 2.7330 -0.0400
2.3839 2.6680 -0.0400
2.3126 2.6379 -0.0400
2.2336 2.6326 -0.0400
0.0944 2.7636 -0.0400
0.0438 2.6725 -0.0400
-0.0300 2.6101 -0.0400
-0.1016 2.5453 -0.0400
-1.3972 1.5578 -0.0400
-1.4604 1.4758 -0.0400
-1.4820 1.3692 -0.0400
-1.6332 1.2179 -0.0400
0.1056 -0.2265 -0.0400
0.0892 -0.2899 -0.0400
0.0316 -0.3388 -0.0400
0.0425 -0.4114 -0.0400
0.0075 -0.4688 -0.0400
-0.0938 -0.5077 -0.0400
-0.1303 -0.5671 -0.0400
-0.1910 -0.6212 -0.0400
-0.6077 -1.6373 -0.0400
-0.5810 -1.7097 -0.0400
-0.5941 -1.7833 -0.0400
1.2432 -5.0468 -0.0400
1.3273 -5.0518 -0.0400
1.3634 -5.1314 -0.0400
1.5949 -6.7815 -0.0400
1.6931 -6.7973 -0.0400
3.5998 -2.3899 -0.0400
3.6138 -2.3820 -0.0400
3.6277 -2.3761 -0.0400
3.6416 -2.3713 -0.0400
3.6557 -2.3704 -0.0400
3.6702 -2.3715 -0.0400
3.6849 -2.3740 -0.0400
3.7001 -2.3785 -0.0400
3.7160 -2.3855 -0.0400
3.7375 -2.4191 -0.0400
6.7552 -2.3386 -0.0400
6.7495 -2.2785 -0.0400
6.9794 -2.2676 -0.0400
7.0137 -2.2121 -0.0400
8.1712 -1.9371 -0.0400
8.1594 -1.8554 -0.0400
7.3479 -0.3778 -0.0400
7.2961 -0.3221 -0.0400
7.3255 -0.2388 -0.0400
5.1458 2.0747 -0.0400
5.0688 2.0703 -0.0400
3.9778 -0.5226 -0.0400
3.9200 -0.6215 -0.0400
3.8881 -0.6591 -0.0400
3.8605 -0.6888 -0.0400
3.8423 -0.6929 -0.0400
3.8112 -0.7418 -0.0400
3.7889 -0.7662 -0.0400
3.7705 -0.7796 -0.0400
3.7521 -0.7956 -0.0400
3.7373 -0.7984 -0.0400
3.7229 -0.8005 -0.0400
3.7090 -0.8006 -0.0400
3.6952 -0.8004 -0.0400
3.6819 -0.7981 -0.0400
3.6685 -0.7958 -0.0400
3.6558 -0.7872 -0.0400
3.6427 -0.7802 -0.0400
3.6296 -0.7711 -0.0400
3.6163 -0.7587 -0.0400
3.6029 -0.7421 -0.0400
3.5891 -0.7163 -0.0400
3.5966 2.8337 -0.0400
3.5201 2.7912 -0.0400
3.4433 2.8076 -0.0400
3.3625 2.8989 -0.0400
2.4467 2.7184 -0.0400
2.3820 2.6622 -0.0400
2.3087 2.6392 -0.0400
0.0949 2.7639 -0.0400
0.0437 2.6735 -0.0400
-0.0264 2.6071 -0.0400
-1.3875 1.5562 -0.0400
-1.4770 1.4905 -0.0400
-1.4704 1.3673 -0.0400
-1.5931 1.3189 -0.0400
-1.6342 1.2235 -0.0400
0.1075 -0.2245 -0.0400
0.0639 -0.2777 -0.0400
0.0453 -0.3404 -0.0400
0.0440 -0.4087 -0.0400
0.0154 -0.4678 -0.0400
-0.0500 -0.5166 -0.0400
-0.1496 -0.5580 -0.0400
-0.6389 -1.5568 -0.0400
-0.5865 -1.6297 -0.0400
-0.5849 -1.7024 -0.0400
-0.6355 -1.7778 -0.0400
1.2490 -5.0102 -0.0400
1.3181 -5.0373 -0.0400
1.3338 -5.1488 -0.0400
1.5863 -6.7519 -0.0400
1.6279 -6.9224 -0.0400
2.7879 -7.2057 -0.0400
3.6299 -2.3742 -0.0400
3.6439 -2.3713 -0.0400
3.6581 -2.3698 -0.0400
3.6731 -2.3747 -0.0400
3.6883 -2.3789 -0.0400
3.7041 -2.3855 -0.0400
3.7211 -2.3963 -0.0400
3.7403 -2.4154 -0.0400
6.7523 -2.4048 -0.0400
6.7371 -2.3416 -0.0400
6.7565 -2.2873 -0.0400
6.9780 -2.2747 -0.0400
7.0008 -2.2168 -0.0400
7.0696 -2.1663 -0.0400
8.2216 -1.9488 -0.0400
8.1605 -1.8628 -0.0400
8.1880 -1.7833 -0.0400
7.3487 -0.3802 -0.0400
7.3066 -0.3210 -0.0400
7.3569 -0.2301 -0.0400
5.1276 2.0428 -0.0400
3.9930 -0.5153 -0.0400
3.9350 -0.6083 -0.0400
3.8972 -0.6581 -0.0400
3.8688 -0.6875 -0.0400
3.8498 -0.6928 -0.0400
3.8230 -0.7244 -0.0400
3.7956 -0.7625 -0.0400
3.7732 -0.7886 -0.0400
3.7571 -0.7947 -0.0400
3.7421 -0.7975 -0.0400
3.7273 -0.8003 -0.0400
3.7133 -0.8004 -0.0400
3.6993 -0.8010 -0.0400
3.6860 -0.7985 -0.0400
3.6728 -0.7949 -0.0400
3.6598 -0.7894 -0.0400
3.6467 -0.7831 -0.0400
3.6336 -0.7758 -0.0400
3.6205 -0.7645 -0.0400
3.6084 -0.7322 -0.0400
3.5954 -0.6948 -0.0400
3.6700 2.8554 -0.0400
3.5922 2.7977 -0.0400
3.5160 2.7835 -0.0400
3.4395 2.7982 -0.0400
3.3603 2.8591 -0.0400
2.4441 2.7140 -0.0400
2.3788 2.6602 -0.0400
2.2940 2.6758 -0.0400
0.1686 2.8274 -0.0400
0.1129 2.7416 -0.0400
0.0426 2.6752 -0.0400
-0.0195 2.5996 -0.0400
-1.3812 1.5561 -0.0400
-1.4173 1.4584 -0.0400
-1.4736 1.3733 -0.0400
-1.5733 1.3123 -0.0400
0.0846 -0.1431 -0.0400
0.1170 -0.2261 -0.0400
0.0633 -0.2752 -0.0400
0.0486 -0.3391 -0.0400
0.0465 -0.4069 -0.0400
-0.0203 -0.4539 -0.0400
-0.1050 -0.4976 -0.0400
-0.1401 -0.5572 -0.0400
-0.5983 -1.6232 -0.0400
-0.5794 -1.6953 -0.0400
2.2570 -2.1405 -0.0400
2.2825 -2.1561 -0.0400
2.3025 -2.1737 -0.0400
1.2343 -5.0046 -0.0400
1.3022 -5.0336 -0.0400
1.3404 -5.1090 -0.0400
1.4594 -6.7574 -0.0400
1.5704 -6.7417 -0.0400
1.6461 -6.8175 -0.0400
2.8616 -7.2661 -0.0400
3.6606 -2.3713 -0.0400
3.6753 -2.3732 -0.0400
3.6905 -2.3768 -0.0400
3.7088 -2.3953 -0.0400
3.7277 -2.4128 -0.0400
6.7559 -2.4141 -0.0400
6.7391 -2.3501 -0.0400
6.7510 -2.2938 -0.0400
6.9815 -2.2833 -0.0400
7.0297 -2.2300 -0.0400
8.1639 -1.9522 -0.0400
8.1643 -1.8710 -0.0400
7.3793 -0.4471 -0.0400
7.3223 -0.3917 -0.0400
7.3085 -0.3234 -0.0400
7.3600 -0.2319 -0.0400
5.2015 2.0477 -0.0400
5.1260 2.0486 -0.0400
3.9406 -0.6201 -0.0400
3.9046 -0.6625 -0.0400
3.8761 -0.6900 -0.0400
3.8571 -0.6948 -0.0400
3.8333 -0.7148 -0.0400
3.8016 -0.7629 -0.0400
3.7785 -0.7890 -0.0400
3.7622 -0.7946 -0.0400
3.7469 -0.7976 -0.0400
3.7321 -0.8001 -0.0400
3.7172 -0.8032 -0.0400
3.7036 -0.8017 -0.0400
3.6902 -0.7992 -0.0400
3.6769 -0.7964 -0.0400
3.6639 -0.7910 -0.0400
3.6515 -0.7803 -0.0400
3.6387 -0.7706 -0.0400
3.6258 -0.7583 -0.0400
3.6128 -0.7423 -0.0400
3.5999 -0.7182 -0.0400
3.6669 2.8886 -0.0400
3.5879 2.7842 -0.0400
3.5118 2.7922 -0.0400
3.4343 2.8376 -0.0400
2.4491 2.6795 -0.0400
2.3749 2.6598 -0.0400
2.2900 2.6762 -0.0400
0.1696 2.8256 -0.0400
0.1083 2.7470 -0.0400
0.0300 2.6902 -0.0400
-0.0312 2.6132 -0.0400
-1.3809 1.5593 -0.0400
-1.4086 1.4566 -0.0400
-1.4688 1.3741 -0.0400
-1.5689 1.3137 -0.0400
0.1197 -0.1560 -0.0400
0.1155 -0.2240 -0.0400
0.0469 -0.2674 -0.0400
0.0573 -0.3403 -0.0400
0.0404 -0.4029 -0.0400
-0.0203 -0.4517 -0.0400
-0.1024 -0.4958 -0.0400
-0.1362 -0.5555 -0.0400
-0.6211 -1.5444 -0.0400
-0.5822 -1.6168 -0.0400
-0.5870 -1.6893 -0.0400
-0.6601 -1.7653 -0.0400
2.2185 -2.1231 -0.0400
2.2543 -2.1348 -0.0400
2.2805 -2.1500 -0.0400
2.3007 -2.1674 -0.0400
2.3221 -2.1837 -0.0400
2.3344 -2.2044 -0.0400
2.3448 -2.2261 -0.0400
1.4492 -6.7340 -0.0400
1.5545 -6.7324 -0.0400
1.6305 -6.8066 -0.0400
2.7505 -7.1968 -0.0400
2.8496 -7.2066 -0.0400
3.4837 -2.4667 -0.0400
3.5008 -2.4428 -0.0400
3.5167 -2.4284 -0.0400
3.6838 -2.3845 -0.0400
3.7004 -2.3935 -0.0400
3.7188 -2.4092 -0.0400
6.2285 -5.1311 -0.0400
6.2798 -5.0698 -0.0400
6.3996 -5.0940 -0.0400
6.7451 -2.4773 -0.0400
6.7288 -2.4127 -0.0400
6.7692 -2.3632 -0.0400
6.9689 -2.3491 -0.0400
7.0078 -2.2944 -0.0400
8.1813 -2.0414 -0.0400
8.1568 -1.9574 -0.0400
7.4309 -0.5082 -0.0400
7.3517 -0.4577 -0.0400
7.3313 -0.3913 -0.0400
5.2511 1.9956 -0.0400
4.0109 -0.5403 -0.0400
3.9289 -0.6783 -0.0400
3.9068 -0.6873 -0.0400
3.8853 -0.6963 -0.0400
3.8482 -0.7483 -0.0400
3.8231 -0.7732 -0.0400
3.8000 -0.7955 -0.0400
3.7836 -0.8003 -0.0400
3.7683 -0.8024 -0.0400
3.7533 -0.8042 -0.0400
3.7383 -0.8069 -0.0400
3.7246 -0.8051 -0.0400
3.7112 -0.8023 -0.0400
3.6979 -0.7994 -0.0400
3.6855 -0.7910 -0.0400
3.6727 -0.7841 -0.0400
3.6599 -0.7758 -0.0400
3.6474 -0.7641 -0.0400
3.6348 -0.7499 -0.0400
3.6255 -0.6975 -0.0400
3.7389 2.8123 -0.0400
3.6614 2.7853 -0.0400
3.5852 2.7879 -0.0400
3.5088 2.8225 -0.0400
2.5848 2.7644 -0.0400
2.5206 2.6992 -0.0400
2.4471 2.6768 -0.0400
2.3637 2.6906 -0.0400
0.2429 2.8888 -0.0400
0.1879 2.8012 -0.0400
0.1219 2.7294 -0.0400
-1.2684 1.7315 -0.0400
-1.3558 1.6669 -0.0400
-1.3485 1.5406 -0.0400
-1.4304 1.4719 -0.0400
-1.5111 1.4011 -0.0400
0.1542 -0.0289 -0.0400
0.1680 -0.1058 -0.0400
0.1497 -0.1678 -0.0400
0.0883 -0.2127 -0.0400
0.0921 -0.2833 -0.0400
0.0608 -0.3406 -0.0400
-0.0090 -0.3854 -0.0400
-0.0782 -0.4323 -0.0400
-0.6764 -1.4666 -0.0400
-0.5769 -1.5410 -0.0400
-0.6110 -1.6134 -0.0400
2.2041 -2.0977 -0.0400
2.2431 -2.1087 -0.0400
2.2709 -2.1234 -0.0400
2.2987 -2.1373 -0.0400
2.3133 -2.1568 -0.0400
2.3253 -2.1775 -0.0400
2.3351 -2.1992 -0.0400
2.3371 -2.2253 -0.0400
2.3405 -2.2510 -0.0400
2.3401 -2.2794 -0.0400
1.4542 -6.6898 -0.0400
1.5171 -6.7957 -0.0400
2.6352 -7.2067 -0.0400
2.7287 -7.2596 -0.0400
3.4754 -2.4708 -0.0400
3.4927 -2.4453 -0.0400
3.5091 -2.4192 -0.0400
3.5242 -2.4116 -0.0400
3.5390 -2.4040 -0.0400
3.7402 -2.4362 -0.0400
6.2917 -5.1195 -0.0400
6.3328 -5.0450 -0.0400
6.4374 -5.0481 -0.0400
6.7520 -2.4313 -0.0400
6.7329 -2.3663 -0.0400
6.7750 -2.3166 -0.0400
6.9759 -2.2996 -0.0400
7.0104 -2.2434 -0.0400
8.2127 -2.0573 -0.0400
8.1547 -1.9695 -0.0400
8.1774 -1.8895 -0.0400
7.3599 -0.4613 -0.0400
7.3286 -0.3978 -0.0400
7.3434 -0.3198 -0.0400
4.0050 -0.5295 -0.0400
3.9208 -0.6711 -0.0400
3.8987 -0.6795 -0.0400
3.8730 -0.6984 -0.0400
3.8548 -0.7002 -0.0400
3.8094 -0.7786 -0.0400
3.7908 -0.7877 -0.0400
3.7742 -0.7923 -0.0400
3.7565 -0.8019 -0.0400
3.7415 -0.8034 -0.0400
3.7266 -0.8054 -0.0400
3.7129 -0.8034 -0.0400
3.6994 -0.8006 -0.0400
3.6860 -0.7978 -0.0400
3.6735 -0.7899 -0.0400
3.6606 -0.7834 -0.0400
3.6476 -0.7759 -0.0400
3.6349 -0.7652 -0.0400
3.6239 -0.7376 -0.0400
3.6117 -0.7132 -0.0400
3.6561 2.7876 -0.0400
3.5798 2.7851 -0.0400
3.5035 2.8116 -0.0400
3.4244 2.9160 -0.0400
2.5141 2.7032 -0.0400
2.4422 2.6743 -0.0400
2.3611 2.6802 -0.0400
0.2348 2.8976 -0.0400
0.1635 2.8311 -0.0400
0.1064 2.7471 -0.0400
0.0470 2.6676 -0.0400
-1.3136 1.6420 -0.0400
-1.3799 1.5637 -0.0400
-1.3987 1.4557 -0.0400
-1.5273 1.4142 -0.0400
-1.5790 1.3255 -0.0400
0.1270 -0.0878 -0.0400
0.1499 -0.1675 -0.0400
0.1145 -0.2223 -0.0400
0.0861 -0.2802 -0.0400
0.0756 -0.3447 -0.0400
0.0500 -0.4037 -0.0400
-0.0796 -0.4301 -0.0400
-0.1014 -0.4926 -0.0400
-0.6013 -1.5343 -0.0400
-0.5780 -1.6064 -0.0400
-0.5928 -1.6786 -0.0400
2.1905 -2.1234 -0.0400
2.2412 -2.1288 -0.0400
2.2841 -2.1362 -0.0400
2.3023 -2.1540 -0.0400
2.3177 -2.1728 -0.0400
2.3304 -2.1929 -0.0400
2.3378 -2.2158 -0.0400
2.3432 -2.2400 -0.0400
2.3465 -2.2656 -0.0400
2.3459 -2.2942 -0.0400
2.2964 -2.3547 -0.0400
1.4149 -6.7237 -0.0400
1.5236 -6.7132 -0.0400
2.6003 -7.2647 -0.0400
2.7148 -7.1788 -0.0400
2.8101 -7.2163 -0.0400
3.4751 -2.4758 -0.0400
3.4921 -2.4498 -0.0400
3.5079 -2.4342 -0.0400
3.5231 -2.4217 -0.0400
3.5379 -2.4139 -0.0400
3.5524 -2.4016 -0.0400
3.5669 -2.3984 -0.0400
3.5811 -2.3936 -0.0400
6.2043 -5.1524 -0.0400
6.2571 -5.0926 -0.0400
6.7228 -2.4300 -0.0400
6.7717 -2.3824 -0.0400
6.9654 -2.3670 -0.0400
8.1540 -2.0578 -0.0400
8.1636 -1.9768 -0.0400
7.4028 -0.5255 -0.0400
7.3527 -0.4667 -0.0400
7.4359 -0.3682 -0.0400
5.3230 1.9972 -0.0400
3.9595 -0.6587 -0.0400
3.9253 -0.6906 -0.0400
3.9038 -0.6974 -0.0400
3.8813 -0.7077 -0.0400
3.8337 -0.7828 -0.0400
3.8144 -0.7917 -0.0400
3.7946 -0.8039 -0.0400
3.7793 -0.8048 -0.0400
3.7629 -0.8096 -0.0400
3.7487 -0.8082 -0.0400
3.7347 -0.8069 -0.0400
3.7210 -0.8043 -0.0400
3.7077 -0.8007 -0.0400
3.6953 -0.7925 -0.0400
3.6825 -0.7857 -0.0400
3.6697 -0.7781 -0.0400
3.6573 -0.7674 -0.0400
3.6469 -0.7418 -0.0400
3.6351 -0.7200 -0.0400
3.8085 2.8205 -0.0400
3.7298 2.7871 -0.0400
3.6533 2.7836 -0.0400
3.5774 2.8066 -0.0400
2.5844 2.7283 -0.0400
2.5142 2.6910 -0.0400
2.4357 2.6887 -0.0400
0.3222 2.9406 -0.0400
0.2535 2.8708 -0.0400
0.1920 2.7925 -0.0400
0.1199 2.7288 -0.0400
-1.2548 1.7259 -0.0400
-1.2904 1.6277 -0.0400
-1.3447 1.5424 -0.0400
-1.4538 1.4909 -0.0400
-1.5290 1.4167 -0.0400
0.1779 -0.0401 -0.0400
0.1787 -0.1106 -0.0400
0.1402 -0.1637 -0.0400
0.1142 -0.2223 -0.0400
0.1017 -0.2860 -0.0400
0.0589 -0.3386 -0.0400
-0.0530 -0.3688 -0.0400
-0.0896 -0.4264 -0.0400
-0.5743 -1.4601 -0.0400
-0.5803 -1.5317 -0.0400
-0.6394 -1.6039 -0.0400
2.2148 -2.0834 -0.0400
2.2489 -2.0958 -0.0400
2.2737 -2.1113 -0.0400
2.2926 -2.1288 -0.0400
2.3087 -2.1472 -0.0400
2.3214 -2.1671 -0.0400
2.3296 -2.1893 -0.0400
2.3351 -2.2130 -0.0400
2.3379 -2.2386 -0.0400
2.3168 -2.2786 -0.0400
2.2877 -2.3253 -0.0400
1.3129 -6.6848 -0.0400
1.4229 -6.6736 -0.0400
1.4588 -6.8472 -0.0400
2.6045 -7.1612 -0.0400
2.7017 -7.1819 -0.0400
3.4671 -2.4780 -0.0400
3.4848 -2.4346 -0.0400
3.5003 -2.4222 -0.0400
3.5152 -2.4147 -0.0400
3.5300 -2.4075 -0.0400
3.5445 -2.4018 -0.0400
3.5589 -2.3988 -0.0400
3.5728 -2.3882 -0.0400
3.5867 -2.3821 -0.0400
3.6007 -2.3776 -0.0400
6.1882 -5.1584 -0.0400
6.2472 -5.1066 -0.0400
6.3492 -5.1087 -0.0400
8.1544 -2.0683 -0.0400
7.3801 -0.5373 -0.0400
7.3596 -0.4703 -0.0400
7.4152 -0.3800 -0.0400
3.9729 -0.6564 -0.0400
3.9365 -0.6903 -0.0400
3.9151 -0.6957 -0.0400
3.8915 -0.7072 -0.0400
3.8450 -0.7747 -0.0400
3.8201 -0.7961 -0.0400
3.8035 -0.7988 -0.0400
3.7852 -0.8068 -0.0400
3.7688 -0.8109 -0.0400
3.7546 -0.8091 -0.0400
3.7401 -0.8086 -0.0400
3.7265 -0.8053 -0.0400
3.7134 -0.8006 -0.0400
3.7004 -0.7950 -0.0400
3.6874 -0.7890 -0.0400
3.6756 -0.7769 -0.0400
3.6632 -0.7664 -0.0400
3.6530 -0.7414 -0.0400
3.6413 -0.7205 -0.0400
3.8046 2.8175 -0.0400
3.7260 2.7869 -0.0400
3.6501 2.8035 -0.0400
3.5745 2.8721 -0.0400
2.6533 2.7558 -0.0400
2.5845 2.7084 -0.0400
2.5081 2.6987 -0.0400
2.4189 2.7384 -0.0400
0.3858 3.0163 -0.0400
0.3165 2.9461 -0.0400
0.2594 2.8603 -0.0400
0.1701 2.8188 -0.0400
-1.2549 1.7271 -0.0400
-1.2903 1.6288 -0.0400
-1.3453 1.5441 -0.0400
-1.4446 1.4868 -0.0400
0.1985 -0.0505 -0.0400
0.1748 -0.1097 -0.0400
0.1260 -0.1584 -0.0400
0.1217 -0.2257 -0.0400
0.1009 -0.2860 -0.0400
0.0583 -0.3385 -0.0400
-0.0505 -0.3694 -0.0400
-0.1426 -0.4091 -0.0400
-0.6163 -1.3830 -0.0400
-0.5754 -1.4564 -0.0400
-0.5753 -1.5279 -0.0400
-0.6146 -1.5997 -0.0400
2.1974 -2.0861 -0.0400
2.2395 -2.0954 -0.0400
2.2792 -2.1044 -0.0400
2.2958 -2.1226 -0.0400
2.3100 -2.1417 -0.0400
2.3207 -2.1623 -0.0400
2.3292 -2.1841 -0.0400
2.3356 -2.2071 -0.0400
2.3266 -2.2390 -0.0400
2.3202 -2.2704 -0.0400
2.2980 -2.3122 -0.0400
2.4714 -7.2352 -0.0400
2.5869 -7.1547 -0.0400
3.4555 -2.4764 -0.0400
3.4724 -2.4512 -0.0400
3.4882 -2.4356 -0.0400
3.5035 -2.4234 -0.0400
3.5182 -2.4086 -0.0400
3.5327 -2.4024 -0.0400
3.5472 -2.3996 -0.0400
3.5615 -2.3968 -0.0400
3.5755 -2.3897 -0.0400
3.5893 -2.3829 -0.0400
3.6029 -2.3765 -0.0400
3.6170 -2.3746 -0.0400
3.6313 -2.3743 -0.0400
6.1766 -5.1708 -0.0400
6.2351 -5.1181 -0.0400
6.3408 -5.1248 -0.0400
8.1497 -2.0788 -0.0400
7.3772 -0.5444 -0.0400
7.3862 -0.4688 -0.0400
4.0598 -0.5180 -0.0400
3.9499 -0.6876 -0.0400
3.9230 -0.7030 -0.0400
3.9003 -0.7114 -0.0400
3.8528 -0.7772 -0.0400
3.8278 -0.7972 -0.0400
3.8111 -0.7990 -0.0400
3.7925 -0.8066 -0.0400
3.7756 -0.8110 -0.0400
3.7604 -0.8115 -0.0400
3.7463 -0.8096 -0.0400
3.7324 -0.8067 -0.0400
3.7191 -0.8022 -0.0400
3.7061 -0.7965 -0.0400
3.6938 -0.7877 -0.0400
3.6810 -0.7804 -0.0400
3.6700 -0.7633 -0.0400
3.6577 -0.7506 -0.0400
3.6456 -0.7348 -0.0400
3.8849 2.8931 -0.0400
3.8004 2.8081 -0.0400
3.7221 2.7816 -0.0400
3.6466 2.8070 -0.0400
3.5711 2.8789 -0.0400
2.6459 2.7723 -0.0400
2.5798 2.7110 -0.0400
2.4962 2.7319 -0.0400
0.3911 3.0053 -0.0400
0.3066 2.9571 -0.0400
0.2597 2.8570 -0.0400
0.1925 2.7866 -0.0400
-1.1967 1.8106 -0.0400
-1.2539 1.7270 -0.0400
-1.2855 1.6263 -0.0400
-1.3744 1.5638 -0.0400
-1.4462 1.4889 -0.0400
0.1635 0.0355 -0.0400
0.2036 -0.0544 -0.0400
0.1749 -0.1111 -0.0400
0.1272 -0.1601 -0.0400
0.1299 -0.2300 -0.0400
0.0933 -0.2840 -0.0400
0.0417 -0.3332 -0.0400
-0.0509 -0.3696 -0.0400
-0.6144 -1.3801 -0.0400
-0.5747 -1.4534 -0.0400
-0.6063 -1.5243 -0.0400
2.2185 -2.0744 -0.0400
2.2510 -2.0870 -0.0400
2.2744 -2.1026 -0.0400
2.2927 -2.1199 -0.0400
2.3078 -2.1384 -0.0400
2.3188 -2.1587 -0.0400
2.3258 -2.1810 -0.0400
2.3293 -2.2054 -0.0400
2.3299 -2.2318 -0.0400
2.3253 -2.2617 -0.0400
2.3098 -2.2990 -0.0400
2.4668 -7.1592 -0.0400
2.5701 -7.1439 -0.0400
3.4600 -2.4715 -0.0400
3.4767 -2.4350 -0.0400
3.4919 -2.4235 -0.0400
3.5067 -2.4157 -0.0400
3.5212 -2.4090 -0.0400
3.5356 -2.4023 -0.0400
3.5498 -2.3976 -0.0400
3.5639 -2.3920 -0.0400
3.5776 -2.3850 -0.0400
3.5914 -2.3795 -0.0400
3.6052 -2.3762 -0.0400
3.6192 -2.3738 -0.0400
3.6341 -2.3766 -0.0400
3.6491 -2.3797 -0.0400
3.6649 -2.3850 -0.0400
6.1701 -5.1904 -0.0400
6.2202 -5.1264 -0.0400
6.3163 -3.6596 -0.0400
8.1539 -2.0908 -0.0400
7.4548 -0.6047 -0.0400
7.3816 -0.5501 -0.0400
7.3702 -0.4801 -0.0400
7.4279 -0.3890 -0.0400
3.9709 -0.6726 -0.0400
3.9390 -0.6955 -0.0400
3.9131 -0.7091 -0.0400
3.8926 -0.7129 -0.0400
3.8372 -0.7958 -0.0400
3.8173 -0.8044 -0.0400
3.7992 -0.8100 -0.0400
3.7824 -0.8133 -0.0400
3.7672 -0.8131 -0.0400
3.7530 -0.8107 -0.0400
3.7389 -0.8080 -0.0400
3.7252 -0.8047 -0.0400
3.7126 -0.7974 -0.0400
3.6994 -0.7916 -0.0400
3.6873 -0.7814 -0.0400
3.6762 -0.7658 -0.0400
3.6638 -0.7539 -0.0400
3.6544 -0.7251 -0.0400
3.6439 -0.6976 -0.0400
3.8770 2.8386 -0.0400
3.7949 2.7769 -0.0400
3.7189 2.7851 -0.0400
3.6435 2.8171 -0.0400
3.5683 2.9158 -0.0400
2.7146 2.8062 -0.0400
2.6500 2.7306 -0.0400
2.5767 2.7063 -0.0400
2.4954 2.7173 -0.0400
0.3895 3.0042 -0.0400
0.3024 2.9597 -0.0400
0.2602 2.8530 -0.0400
0.1863 2.7917 -0.0400
-1.1985 1.8120 -0.0400
-1.2748 1.7417 -0.0400
-1.2904 1.6299 -0.0400
-1.3996 1.5805 -0.0400
-1.5002 1.5231 -0.0400
0.2180 0.0070 -0.0400
0.2092 -0.0590 -0.0400
0.1641 -0.1082 -0.0400
0.1401 -0.1671 -0.0400
0.1328 -0.2327 -0.0400
0.0935 -0.2854 -0.0400
-0.0255 -0.3101 -0.0400
-0.0585 -0.3679 -0.0400
-0.6008 -1.3784 -0.0400
-0.5717 -1.4510 -0.0400
-0.6078 -1.5216 -0.0400
2.2031 -2.0775 -0.0400
2.2599 -2.0803 -0.0400
2.2795 -2.0972 -0.0400
2.2956 -2.1151 -0.0400
2.3092 -2.1341 -0.0400
2.3189 -2.1547 -0.0400
2.3267 -2.1764 -0.0400
2.3318 -2.1996 -0.0400
2.3195 -2.2329 -0.0400
2.3084 -2.2666 -0.0400
2.5529 -7.1377 -0.0400
2.6457 -7.1847 -0.0400
3.4489 -2.4661 -0.0400
3.4650 -2.4467 -0.0400
3.4803 -2.4337 -0.0400
3.4952 -2.4226 -0.0400
3.5097 -2.4092 -0.0400
3.5240 -2.4028 -0.0400
3.5383 -2.3999 -0.0400
3.5526 -2.3973 -0.0400
3.5666 -2.3927 -0.0400
3.5798 -2.3814 -0.0400
3.5936 -2.3776 -0.0400
3.6075 -2.3754 -0.0400
3.6216 -2.3740 -0.0400
3.6362 -2.3748 -0.0400
3.6512 -2.3773 -0.0400
3.6691 -2.3923 -0.0400
3.6874 -2.4058 -0.0400
3.7118 -2.4404 -0.0400
6.1437 -5.1835 -0.0400
6.2381 -5.1777 -0.0400
6.2910 -3.7358 -0.0400
6.3086 -3.6717 -0.0400
8.0109 -4.5749 -0.0400
7.4128 -0.6227 -0.0400
7.3839 -0.5570 -0.0400
7.4055 -0.4775 -0.0400
4.0548 -0.5482 -0.0400
3.9555 -0.6897 -0.0400
3.9260 -0.7083 -0.0400
3.9035 -0.7152 -0.0400
3.8510 -0.7874 -0.0400
3.8279 -0.8014 -0.0400
3.8085 -0.8086 -0.0400
3.7916 -0.8111 -0.0400
3.7747 -0.8145 -0.0400
3.7598 -0.8135 -0.0400
3.7458 -0.8101 -0.0400
3.7320 -0.8064 -0.0400
3.7193 -0.7993 -0.0400
3.7060 -0.7936 -0.0400
3.6936 -0.7847 -0.0400
3.6821 -0.7711 -0.0400
3.6713 -0.7533 -0.0400
3.6590 -0.7398 -0.0400
3.6512 -0.7014 -0.0400
3.9553 2.8680 -0.0400
3.8709 2.8028 -0.0400
3.7922 2.7822 -0.0400
3.7162 2.7947 -0.0400
3.6411 2.8403 -0.0400
2.7081 2.8214 -0.0400
2.6454 2.7339 -0.0400
2.5686 2.7249 -0.0400
0.3825 3.0108 -0.0400
0.3321 2.9139 -0.0400
0.2573 2.8535 -0.0400
0.1827 2.7930 -0.0400
-1.2066 1.8175 -0.0400
-1.2559 1.7284 -0.0400
-1.3075 1.6413 -0.0400
-1.3952 1.5778 -0.0400
-1.4800 1.5109 -0.0400
0.2162 0.0053 -0.0400
0.2083 -0.0611 -0.0400
0.1585 -0.1080 -0.0400
0.1549 -0.1755 -0.0400
0.1331 -0.2348 -0.0400
0.0820 -0.2828 -0.0400
-0.0217 -0.3129 -0.0400
-0.0642 -0.3672 -0.0400
-0.5827 -1.3775 -0.0400
-0.5753 -1.4489 -0.0400
-0.6235 -1.5192 -0.0400
2.1679 -2.0627 -0.0400
2.2226 -2.0677 -0.0400
2.2533 -2.0806 -0.0400
2.2754 -2.0963 -0.0400
2.2930 -2.1135 -0.0400
2.3091 -2.1310 -0.0400
2.3175 -2.1521 -0.0400
2.3237 -2.1744 -0.0400
2.3262 -2.1988 -0.0400
2.3255 -2.2255 -0.0400
2.3185 -2.2563 -0.0400
2.2959 -2.2974 -0.0400
2.4356 -7.1326 -0.0400
2.5365 -7.1285 -0.0400
3.4367 -2.4883 -0.0400
3.4534 -2.4596 -0.0400
3.4690 -2.4420 -0.0400
3.4839 -2.4208 -0.0400
3.4985 -2.4145 -0.0400
3.5128 -2.4083 -0.0400
3.5270 -2.4021 -0.0400
3.5411 -2.3979 -0.0400
3.5552 -2.3940 -0.0400
3.5687 -2.3868 -0.0400
3.5823 -2.3813 -0.0400
3.5960 -2.3772 -0.0400
3.6100 -2.3754 -0.0400
3.6244 -2.3757 -0.0400
3.6393 -2.3778 -0.0400
3.6547 -2.3818 -0.0400
3.6711 -2.3885 -0.0400
3.6889 -2.3996 -0.0400
6.1355 -5.2012 -0.0400
6.2000 -5.1562 -0.0400
6.3027 -3.6856 -0.0400
7.9654 -4.6800 -0.0400
8.0026 -4.5901 -0.0400
7.4320 -0.6263 -0.0400
7.3848 -0.5648 -0.0400
7.3835 -0.4917 -0.0400
3.9736 -0.6836 -0.0400
3.9404 -0.7072 -0.0400
3.9189 -0.7107 -0.0400
3.8679 -0.7752 -0.0400
3.8390 -0.7995 -0.0400
3.8181 -0.8088 -0.0400
3.8001 -0.8131 -0.0400
3.7835 -0.8148 -0.0400
3.7681 -0.8141 -0.0400
3.7536 -0.8116 -0.0400
3.7396 -0.8081 -0.0400
3.7265 -0.8018 -0.0400
3.7136 -0.7946 -0.0400
3.7011 -0.7856 -0.0400
3.6895 -0.7727 -0.0400
3.6784 -0.7565 -0.0400
3.6659 -0.7447 -0.0400
3.6565 -0.7164 -0.0400
3.9533 2.8729 -0.0400
3.8660 2.7790 -0.0400
3.7889 2.7765 -0.0400
3.7146 2.8184 -0.0400
3.6408 2.9091 -0.0400
2.7171 2.7484 -0.0400
2.6444 2.7186 -0.0400
2.5657 2.7203 -0.0400
2.4709 2.7896 -0.0400
0.3872 2.9999 -0.0400
0.3294 2.9137 -0.0400
0.2456 2.8658 -0.0400
-1.1504 1.9011 -0.0400
-1.2059 1.8163 -0.0400
-1.2341 1.7125 -0.0400
-1.3182 1.6480 -0.0400
-1.4010 1.5813 -0.0400
0.2164 0.0732 -0.0400
0.2326 -0.0058 -0.0400
0.2042 -0.0621 -0.0400
0.1395 -0.1023 -0.0400
0.1528 -0.1772 -0.0400
0.1311 -0.2364 -0.0400
0.0766 -0.2830 -0.0400
-0.0259 -0.3133 -0.0400
-0.0939 -0.3588 -0.0400
-0.5923 -1.3044 -0.0400
-0.5671 -1.3770 -0.0400
-0.5671 -1.4478 -0.0400
2.2030 -2.0484 -0.0400
2.2377 -2.0602 -0.0400
2.2625 -2.0751 -0.0400
2.2809 -2.0920 -0.0400
2.2964 -2.1098 -0.0400
2.3091 -2.1287 -0.0400
2.3182 -2.1491 -0.0400
2.3255 -2.1706 -0.0400
2.3202 -2.1990 -0.0400
2.3159 -2.2274 -0.0400
2.3024 -2.2620 -0.0400
2.6036 -7.2256 -0.0400
3.4422 -2.4689 -0.0400
3.4578 -2.4516 -0.0400
3.4729 -2.4275 -0.0400
3.4874 -2.4186 -0.0400
3.5018 -2.4127 -0.0400
3.5157 -2.4020 -0.0400
3.5299 -2.3996 -0.0400
3.5440 -2.3971 -0.0400
3.5580 -2.3933 -0.0400
3.5709 -2.3826 -0.0400
3.5846 -2.3786 -0.0400
3.5984 -2.3762 -0.0400
3.6123 -2.3744 -0.0400
3.6266 -2.3741 -0.0400
3.6428 -2.3823 -0.0400
3.6589 -2.3884 -0.0400
3.6764 -2.3983 -0.0400
3.6970 -2.4178 -0.0400
6.1168 -5.2051 -0.0400
6.2189 -5.2095 -0.0400
6.2945 -3.6980 -0.0400
8.0068 -4.6139 -0.0400
7.4072 -0.6411 -0.0400
7.3940 -0.5711 -0.0400
7.4517 -0.4813 -0.0400
3.9626 -0.6942 -0.0400
3.9306 -0.7156 -0.0400
3.9109 -0.7159 -0.0400
3.8520 -0.7960 -0.0400
3.8284 -0.8096 -0.0400
3.8115 -0.8103 -0.0400
3.7932 -0.8148 -0.0400
3.7772 -0.8149 -0.0400
3.7621 -0.8133 -0.0400
3.7478 -0.8099 -0.0400
3.7342 -0.8046 -0.0400
3.7212 -0.7977 -0.0400
3.7083 -0.7899 -0.0400
3.6959 -0.7800 -0.0400
3.6857 -0.7615 -0.0400
3.6749 -0.7431 -0.0400
3.6655 -0.7162 -0.0400
3.9474 2.8394 -0.0400
3.8633 2.7766 -0.0400
3.7869 2.7852 -0.0400
3.7119 2.8173 -0.0400
2.7807 2.8176 -0.0400
2.7140 2.7447 -0.0400
2.6407 2.7182 -0.0400
2.5619 2.7205 -0.0400
0.4695 3.0462 -0.0400
0.4026 2.9726 -0.0400
0.3097 2.9379 -0.0400
0.2622 2.8388 -0.0400
-1.1415 1.8933 -0.0400
-1.2533 1.7250 -0.0400
-1.3644 1.6785 -0.0400
-1.4018 1.5812 -0.0400
0.2431 0.0560 -0.0400
0.2303 -0.0081 -0.0400
0.1865 -0.0571 -0.0400
0.1673 -0.1178 -0.0400
0.1548 -0.1811 -0.0400
0.1227 -0.2359 -0.0400
0.0425 -0.2725 -0.0400
-0.0275 -0.3151 -0.0400
-0.1051 -0.3570 -0.0400
-0.5928 -1.3037 -0.0400
-0.5619 -1.3765 -0.0400
-0.5796 -1.4464 -0.0400
2.1914 -2.0518 -0.0400
2.2311 -2.0618 -0.0400
2.2584 -2.0756 -0.0400
2.2857 -2.0886 -0.0400
2.2991 -2.1070 -0.0400
2.3094 -2.1267 -0.0400
2.3170 -2.1477 -0.0400
2.3226 -2.1699 -0.0400
2.3246 -2.1941 -0.0400
2.3229 -2.2208 -0.0400
2.3147 -2.2518 -0.0400
1.0141 -4.8481 -0.0400
1.0877 -4.8680 -0.0400
3.4470 -2.4574 -0.0400
3.4621 -2.4421 -0.0400
3.4766 -2.4229 -0.0400
3.4909 -2.4159 -0.0400
3.5048 -2.4055 -0.0400
3.5188 -2.4008 -0.0400
3.5329 -2.3985 -0.0400
3.5467 -2.3935 -0.0400
3.5601 -2.3870 -0.0400
3.5736 -2.3818 -0.0400
3.5871 -2.3779 -0.0400
3.6010 -2.3760 -0.0400
3.6151 -2.3755 -0.0400
3.6298 -2.3771 -0.0400
3.6450 -2.3802 -0.0400
3.6611 -2.3855 -0.0400
3.6842 -2.4156 -0.0400
6.1090 -5.2239 -0.0400
6.1730 -5.1779 -0.0400
6.2860 -3.7106 -0.0400
7.9702 -4.7266 -0.0400
7.9878 -4.6226 -0.0400
7.4993 -0.7031 -0.0400
7.4137 -0.6490 -0.0400
7.3931 -0.5806 -0.0400
7.4190 -0.4995 -0.0400
3.9847 -0.6846 -0.0400
3.9566 -0.6968 -0.0400
3.9252 -0.7169 -0.0400
3.8756 -0.7745 -0.0400
3.8430 -0.8036 -0.0400
3.8208 -0.8142 -0.0400
3.8044 -0.8138 -0.0400
3.7870 -0.8161 -0.0400
3.7712 -0.8155 -0.0400
3.7571 -0.8111 -0.0400
3.7427 -0.8075 -0.0400
3.7297 -0.8002 -0.0400
3.7168 -0.7922 -0.0400
3.7045 -0.7818 -0.0400
3.6930 -0.7683 -0.0400
3.6818 -0.7522 -0.0400
3.6713 -0.7313 -0.0400
3.6631 -0.6985 -0.0400
3.9413 2.8023 -0.0400
3.8606 2.7719 -0.0400
3.7853 2.7930 -0.0400
3.7104 2.8316 -0.0400
2.7814 2.7914 -0.0400
2.7116 2.7384 -0.0400
2.6370 2.7189 -0.0400
0.4661 3.0471 -0.0400
0.3912 2.9854 -0.0400
0.3199 2.9191 -0.0400
-1.0989 1.9867 -0.0400
-1.1513 1.8993 -0.0400
-1.2034 1.8121 -0.0400
-1.2426 1.7163 -0.0400
-1.3473 1.6658 -0.0400
-1.4371 1.6033 -0.0400
0.2489 0.0490 -0.0400
0.2303 -0.0120 -0.0400
0.1606 -0.0486 -0.0400
0.1743 -0.1245 -0.0400
0.1527 -0.1836 -0.0400
0.1008 -0.2302 -0.0400
-0.0020 -0.2583 -0.0400
-0.0573 -0.3069 -0.0400
-0.5779 -1.3046 -0.0400
-0.5617 -1.3763 -0.0400
-0.5815 -1.4459 -0.0400
2.1724 -2.0333 -0.0400
2.2185 -2.0417 -0.0400
2.2469 -2.0554 -0.0400
2.2678 -2.0712 -0.0400
2.2847 -2.0883 -0.0400
2.2986 -2.1064 -0.0400
2.3099 -2.1254 -0.0400
2.3152 -2.1473 -0.0400
2.3181 -2.1706 -0.0400
2.3181 -2.1958 -0.0400
2.3127 -2.2243 -0.0400
2.2969 -2.2597 -0.0400
1.0106 -4.8356 -0.0400
1.0792 -4.8618 -0.0400
1.0786 -4.9860 -0.0400
3.4361 -2.4818 -0.0400
3.4515 -2.4453 -0.0400
3.4662 -2.4345 -0.0400
3.4803 -2.4179 -0.0400
3.4944 -2.4126 -0.0400
3.5081 -2.4029 -0.0400
3.5220 -2.3996 -0.0400
3.5359 -2.3965 -0.0400
3.5495 -2.3916 -0.0400
3.5628 -2.3856 -0.0400
3.5759 -2.3792 -0.0400
3.5896 -2.3769 -0.0400
3.6035 -2.3751 -0.0400
3.6176 -2.3745 -0.0400
3.6337 -2.3820 -0.0400
3.6495 -2.3869 -0.0400
3.6667 -2.3956 -0.0400
3.6863 -2.4111 -0.0400
6.2804 -3.7256 -0.0400
7.9601 -4.7416 -0.0400
7.9799 -4.6390 -0.0400
7.5012 -0.7129 -0.0400
7.4171 -0.6581 -0.0400
7.3947 -0.5900 -0.0400
3.9709 -0.7016 -0.0400
3.9439 -0.7122 -0.0400
3.8840 -0.7849 -0.0400
3.8580 -0.7996 -0.0400
3.8377 -0.8049 -0.0400
3.8156 -0.8151 -0.0400
3.7989 -0.8151 -0.0400
3.7820 -0.8161 -0.0400
3.7667 -0.8139 -0.0400
3.7524 -0.8095 -0.0400
3.7389 -0.8030 -0.0400
3.7260 -0.7947 -0.0400
3.7126 -0.7875 -0.0400
3.7011 -0.7742 -0.0400
3.6902 -0.7577 -0.0400
3.6800 -0.7367 -0.0400
3.6726 -0.7028 -0.0400
4.0212 2.8278 -0.0400
3.9364 2.7742 -0.0400
3.8589 2.7724 -0.0400
3.7832 2.7904 -0.0400
3.7113 2.8794 -0.0400
2.7821 2.7661 -0.0400
2.7094 2.7322 -0.0400
2.6267 2.7561 -0.0400
0.5364 3.1126 -0.0400
0.4515 3.0656 -0.0400
0.4010 2.9663 -0.0400
0.3326 2.8964 -0.0400
0.2341 2.8696 -0.0400
-1.0926 1.9799 -0.0400
-1.1643 1.9074 -0.0400
-1.1946 1.8040 -0.0400
-1.3243 1.7725 -0.0400
-1.3509 1.6669 -0.0400
0.2312 0.1256 -0.0400
0.2469 0.0457 -0.0400
0.2164 -0.0093 -0.0400
0.1574 -0.0511 -0.0400
0.1744 -0.1284 -0.0400
0.1499 -0.1861 -0.0400
0.0706 -0.2214 -0.0400
-0.0094 -0.2587 -0.0400
-0.0561 -0.3105 -0.0400
-0.6621 -1.2265 -0.0400
-0.5609 -1.3062 -0.0400
-0.5673 -1.3762 -0.0400
-0.5977 -1.4453 -0.0400
2.1681 -2.0353 -0.0400
2.2168 -2.0428 -0.0400
2.2456 -2.0562 -0.0400
2.2758 -2.0682 -0.0400
2.2899 -2.0860 -0.0400
2.3016 -2.1047 -0.0400
2.3102 -2.1248 -0.0400
2.3170 -2.1457 -0.0400
2.3214 -2.1680 -0.0400
2.3226 -2.1922 -0.0400
2.2980 -2.2310 -0.0400
1.0021 -4.8305 -0.0400
1.0574 -4.8748 -0.0400
1.0621 -4.9915 -0.0400
3.4412 -2.4579 -0.0400
3.4558 -2.4349 -0.0400
3.4701 -2.4265 -0.0400
3.4839 -2.4138 -0.0400
3.4978 -2.4088 -0.0400
3.5113 -2.4004 -0.0400
3.5252 -2.3982 -0.0400
3.5390 -2.3954 -0.0400
3.5523 -2.3890 -0.0400
3.5651 -2.3813 -0.0400
3.5786 -2.3781 -0.0400
3.5923 -2.3759 -0.0400
3.6066 -2.3767 -0.0400
3.6212 -2.3782 -0.0400
3.6363 -2.3810 -0.0400
3.6521 -2.3857 -0.0400
3.6748 -2.4128 -0.0400
6.2441 -3.7957 -0.0400
6.2675 -3.7353 -0.0400
8.0152 -4.8024 -0.0400
7.4771 -0.7289 -0.0400
7.4170 -0.6686 -0.0400
7.4341 -0.5904 -0.0400
4.0802 -0.5541 -0.0400
3.9617 -0.7118 -0.0400
3.9372 -0.7180 -0.0400
3.8846 -0.7772 -0.0400
3.8490 -0.8094 -0.0400
3.8296 -0.8131 -0.0400
3.8091 -0.8198 -0.0400
3.7935 -0.8173 -0.0400
3.7779 -0.8148 -0.0400
3.7627 -0.8119 -0.0400
3.7485 -0.8071 -0.0400
3.7354 -0.7991 -0.0400
3.7228 -0.7894 -0.0400
3.7100 -0.7799 -0.0400
3.6992 -0.7631 -0.0400
3.6896 -0.7412 -0.0400
3.6779 -0.7242 -0.0400
4.0205 2.8308 -0.0400
3.9343 2.7665 -0.0400
3.8578 2.7765 -0.0400
3.7845 2.8275 -0.0400
2.7819 2.7479 -0.0400
2.7065 2.7314 -0.0400
2.6273 2.7364 -0.0400
0.4611 3.0462 -0.0400
0.3917 2.9759 -0.0400
0.3305 2.8951 -0.0400
-1.0945 1.9794 -0.0400
-1.1742 1.9131 -0.0400
-1.2013 1.8070 -0.0400
-1.3116 1.7618 -0.0400
-1.3568 1.6694 -0.0400
0.2664 0.1019 -0.0400
0.2537 0.0376 -0.0400
0.1751 0.0066 -0.0400
0.1855 -0.0687 -0.0400
0.1721 -0.1316 -0.0400
0.1264 -0.1801 -0.0400
0.0450 -0.2148 -0.0400
-0.0169 -0.2594 -0.0400
-0.0829 -0.3040 -0.0400
-0.6015 -1.2329 -0.0400
-0.5567 -1.3074 -0.0400
-0.5675 -1.3769 -0.0400
2.1760 -2.0338 -0.0400
2.2393 -2.0357 -0.0400
2.2602 -2.0515 -0.0400
2.2765 -2.0686 -0.0400
2.2906 -2.0863 -0.0400
2.3025 -2.1047 -0.0400
2.3093 -2.1254 -0.0400
2.3141 -2.1471 -0.0400
2.3157 -2.1706 -0.0400
2.3140 -2.1962 -0.0400
2.3064 -2.2256 -0.0400
2.2841 -2.2643 -0.0400
1.0073 -4.8083 -0.0400
1.0524 -4.8657 -0.0400
1.0566 -4.9825 -0.0400
3.4739 -2.4180 -0.0400
3.4875 -2.4094 -0.0400
3.5012 -2.4046 -0.0400
3.5147 -2.3988 -0.0400
3.5285 -2.3967 -0.0400
3.5419 -2.3922 -0.0400
3.5550 -2.3864 -0.0400
3.5679 -2.3798 -0.0400
3.5814 -2.3771 -0.0400
3.5952 -2.3764 -0.0400
3.6094 -2.3764 -0.0400
3.6240 -2.3778 -0.0400
3.6414 -2.3891 -0.0400
3.6586 -2.3976 -0.0400
3.6784 -2.4131 -0.0400
6.2242 -3.7935 -0.0400
7.8607 -4.8266 -0.0400
7.9425 -4.7669 -0.0400
6.6716 -2.7224 -0.0400
6.6653 -2.6573 -0.0400
6.6965 -2.6045 -0.0400
7.4724 -0.6629 -0.0400
4.0031 -0.7123 -0.0400
3.9736 -0.7245 -0.0400
3.9509 -0.7270 -0.0400
3.8908 -0.7961 -0.0400
3.8590 -0.8200 -0.0400
3.8407 -0.8209 -0.0400
3.8231 -0.8211 -0.0400
3.8052 -0.8226 -0.0400
3.7905 -0.8179 -0.0400
3.7758 -0.8134 -0.0400
3.7623 -0.8062 -0.0400
3.7488 -0.7988 -0.0400
3.7368 -0.7872 -0.0400
3.7244 -0.7760 -0.0400
3.7147 -0.7563 -0.0400
3.7075 -0.7269 -0.0400
3.6986 -0.7000 -0.0400
4.0917 2.7807 -0.0400
4.0104 2.7592 -0.0400
3.9343 2.7727 -0.0400
3.8615 2.8214 -0.0400
2.9296 2.7980 -0.0400
2.8562 2.7607 -0.0400
2.7785 2.7584 -0.0400
2.6945 2.7923 -0.0400
0.6269 3.1423 -0.0400
0.5551 3.0746 -0.0400
0.4672 3.0337 -0.0400
0.4131 2.9407 -0.0400
-1.0407 2.0645 -0.0400
-1.0755 1.9629 -0.0400
-1.1420 1.8871 -0.0400
-1.2536 1.8443 -0.0400
-1.3036 1.7549 -0.0400
0.2961 0.2269 -0.0400
0.3074 0.1476 -0.0400
0.2808 0.0907 -0.0400
0.2284 0.0474 -0.0400
0.2229 -0.0203 -0.0400
0.1994 -0.0784 -0.0400
0.1106 -0.1067 -0.0400
0.0429 -0.1469 -0.0400
0.0067 -0.2017 -0.0400
-0.5538 -1.1678 -0.0400
-0.5442 -1.2391 -0.0400
-0.5729 -1.3069 -0.0400
2.2150 -1.9982 -0.0400
2.2397 -2.0133 -0.0400
2.2585 -2.0299 -0.0400
2.2738 -2.0473 -0.0400
2.2903 -2.0639 -0.0400
2.2984 -2.0837 -0.0400
2.3049 -2.1042 -0.0400
2.3098 -2.1256 -0.0400
2.3114 -2.1487 -0.0400
2.2940 -2.1817 -0.0400
2.2767 -2.2158 -0.0400
0.8580 -4.7601 -0.0400
0.9484 -4.7602 -0.0400
0.9986 -4.8101 -0.0400
1.0065 -4.9183 -0.0400
1.0156 -6.5177 -0.0400
1.1171 -6.5266 -0.0400
3.4940 -2.3991 -0.0400
3.5076 -2.3965 -0.0400
3.5213 -2.3946 -0.0400
3.5343 -2.3880 -0.0400
3.5475 -2.3835 -0.0400
3.5605 -2.3786 -0.0400
3.5740 -2.3765 -0.0400
3.5879 -2.3766 -0.0400
3.6022 -2.3774 -0.0400
3.6184 -2.3858 -0.0400
3.6344 -2.3914 -0.0400
3.6517 -2.4005 -0.0400
6.2222 -3.8188 -0.0400
6.2507 -3.7622 -0.0400
7.9126 -4.7763 -0.0400
7.9629 -4.6942 -0.0400
6.6937 -2.6865 -0.0400
6.6728 -2.6171 -0.0400
6.7016 -2.5633 -0.0400
6.9266 -2.5617 -0.0400
6.9696 -2.5068 -0.0400
4.0244 -0.6757 -0.0400
3.9826 -0.7058 -0.0400
3.9534 -0.7181 -0.0400
3.9084 -0.7597 -0.0400
3.8593 -0.8129 -0.0400
3.8390 -0.8169 -0.0400
3.8206 -0.8179 -0.0400
3.8036 -0.8169 -0.0400
3.7861 -0.8176 -0.0400
3.7713 -0.8130 -0.0400
3.7567 -0.8077 -0.0400
3.7437 -0.7988 -0.0400
3.7302 -0.7904 -0.0400
3.7194 -0.7745 -0.0400
3.7072 -0.7615 -0.0400
3.6953 -0.7469 -0.0400
3.6895 -0.7101 -0.0400
4.0124 2.7781 -0.0400
3.9327 2.7652 -0.0400
3.8577 2.7928 -0.0400
3.7879 2.8906 -0.0400
2.8516 2.7725 -0.0400
2.7774 2.7440 -0.0400
2.6983 2.7491 -0.0400
0.5411 3.0917 -0.0400
0.4732 3.0184 -0.0400
0.4098 2.9399 -0.0400
-1.0968 1.9766 -0.0400
-1.1493 1.8896 -0.0400
-1.1968 1.7994 -0.0400
-1.3022 1.7512 -0.0400
0.2792 0.1564 -0.0400
0.2767 0.0859 -0.0400
0.2434 0.0328 -0.0400
0.2092 -0.0201 -0.0400
0.1949 -0.0828 -0.0400
0.1602 -0.1356 -0.0400
0.1031 -0.1790 -0.0400
0.0085 -0.2083 -0.0400
-0.0534 -0.2532 -0.0400
-0.5637 -1.2396 -0.0400
-0.5525 -1.3107 -0.0400
-0.5854 -1.3784 -0.0400
2.1607 -2.0187 -0.0400
2.2294 -2.0199 -0.0400
2.2509 -2.0354 -0.0400
2.2678 -2.0522 -0.0400
2.2866 -2.0678 -0.0400
2.2972 -2.0864 -0.0400
2.3052 -2.1061 -0.0400
2.3118 -2.1263 -0.0400
2.3097 -2.1509 -0.0400
2.3090 -2.1753 -0.0400
2.3037 -2.2025 -0.0400
2.2896 -2.2352 -0.0400
0.9924 -4.8001 -0.0400
1.0037 -4.9029 -0.0400
1.0899 -6.5453 -0.0400
1.1851 -6.5660 -0.0400
3.5352 -2.3933 -0.0400
3.5476 -2.3852 -0.0400
3.5606 -2.3808 -0.0400
3.5738 -2.3774 -0.0400
3.5872 -2.3753 -0.0400
3.6013 -2.3763 -0.0400
3.6157 -2.3772 -0.0400
3.6325 -2.3864 -0.0400
3.6488 -2.3922 -0.0400
3.6762 -2.4313 -0.0400
6.0479 -5.2586 -0.0400
6.1594 -5.2763 -0.0400
6.2055 -3.8192 -0.0400
7.8397 -4.8577 -0.0400
6.6658 -2.7511 -0.0400
6.6583 -2.6853 -0.0400
6.7032 -2.6365 -0.0400
6.9063 -2.6322 -0.0400
4.1125 -0.5791 -0.0400
4.0015 -0.7103 -0.0400
3.9340 -0.7828 -0.0400
3.8972 -0.8106 -0.0400
3.8735 -0.8184 -0.0400
3.8531 -0.8217 -0.0400
3.8344 -0.8227 -0.0400
3.8153 -0.8253 -0.0400
3.8003 -0.8203 -0.0400
3.7854 -0.8151 -0.0400
3.7714 -0.8082 -0.0400
3.7587 -0.7979 -0.0400
3.7456 -0.7883 -0.0400
3.7334 -0.7760 -0.0400
3.7251 -0.7522 -0.0400
3.7145 -0.7330 -0.0400
4.1749 2.8049 -0.0400
4.0875 2.7544 -0.0400
4.0099 2.7594 -0.0400
3.9360 2.7944 -0.0400
2.9995 2.8442 -0.0400
2.9266 2.7882 -0.0400
2.8526 2.7547 -0.0400
2.7706 2.7813 -0.0400
0.7062 3.1895 -0.0400
0.6252 3.1365 -0.0400
0.5553 3.0656 -0.0400
0.4874 2.9932 -0.0400
0.3813 2.9804 -0.0400
-0.9637 2.1268 -0.0400
-1.0584 2.0743 -0.0400
-1.0741 1.9569 -0.0400
-1.2405 1.8302 -0.0400
0.3141 0.2052 -0.0400
0.3072 0.1368 -0.0400
0.2370 0.1039 -0.0400
0.2413 0.0303 -0.0400
0.2217 -0.0299 -0.0400
0.1794 -0.0788 -0.0400
0.0644 -0.0951 -0.0400
0.0216 -0.1467 -0.0400
-0.5703 -1.0992 -0.0400
-0.5369 -1.1738 -0.0400
-0.5467 -1.2427 -0.0400
-0.6088 -1.3076 -0.0400
2.1374 -1.9795 -0.0400
2.1950 -1.9865 -0.0400
2.2226 -2.0010 -0.0400
2.2548 -2.0132 -0.0400
2.2690 -2.0308 -0.0400
2.2851 -2.0474 -0.0400
2.2940 -2.0665 -0.0400
2.3010 -2.0863 -0.0400
2.3023 -2.1087 -0.0400
2.3035 -2.1314 -0.0400
2.3020 -2.1557 -0.0400
2.2961 -2.1827 -0.0400
0.8656 -4.7265 -0.0400
0.9380 -4.7482 -0.0400
0.9759 -4.8134 -0.0400
0.9977 -6.4990 -0.0400
1.0231 -6.6676 -0.0400
3.5534 -2.3787 -0.0400
3.5667 -2.3769 -0.0400
3.5801 -2.3753 -0.0400
3.5947 -2.3784 -0.0400
3.6091 -2.3798 -0.0400
3.6263 -2.3905 -0.0400
3.6431 -2.3981 -0.0400
5.9745 -5.3110 -0.0400
6.0505 -5.2820 -0.0400
7.8899 -4.8064 -0.0400
7.9487 -4.7301 -0.0400
6.6763 -2.7120 -0.0400
6.6682 -2.6463 -0.0400
6.6893 -2.5902 -0.0400
6.9219 -2.5911 -0.0400
6.9711 -2.5377 -0.0400
8.1196 -2.3968 -0.0400
8.1200 -2.3123 -0.0400
4.0031 -0.7072 -0.0400
3.9709 -0.7222 -0.0400
3.9466 -0.7260 -0.0400
3.8815 -0.8017 -0.0400
3.8570 -0.8113 -0.0400
3.8314 -0.8244 -0.0400
3.8144 -0.8222 -0.0400
3.7979 -0.8196 -0.0400
3.7826 -0.8148 -0.0400
3.7675 -0.8097 -0.0400
3.7543 -0.8003 -0.0400
3.7408 -0.7913 -0.0400
3.7281 -0.7798 -0.0400
3.7158 -0.7667 -0.0400
3.7084 -0.7385 -0.0400
3.6993 -0.7127 -0.0400
4.0951 2.7973 -0.0400
4.0105 2.7592 -0.0400
3.9336 2.7700 -0.0400
3.8617 2.8297 -0.0400
2.9228 2.8059 -0.0400
2.8505 2.7541 -0.0400
2.7724 2.7529 -0.0400
2.6778 2.8525 -0.0400
0.6216 3.1376 -0.0400
0.5431 3.0805 -0.0400
0.4727 3.0113 -0.0400
0.3915 2.9597 -0.0400
-1.0328 2.0496 -0.0400
-1.1369 1.8750 -0.0400
-1.2403 1.8269 -0.0400
0.3029 0.1315 -0.0400
0.2631 0.0821 -0.0400
0.2057 0.0416 -0.0400
0.2103 -0.0315 -0.0400
0.1898 -0.0910 -0.0400
0.0552 -0.0977 -0.0400
0.0327 -0.1582 -0.0400
-0.0191 -0.2063 -0.0400
-0.5547 -1.1752 -0.0400
-0.5472 -1.2460 -0.0400
-0.5721 -1.3136 -0.0400
2.1634 -2.0007 -0.0400
2.2237 -2.0054 -0.0400
2.2439 -2.0214 -0.0400
2.2676 -2.0357 -0.0400
2.2800 -2.0535 -0.0400
2.2911 -2.0716 -0.0400
2.3007 -2.0903 -0.0400
2.3071 -2.1101 -0.0400
2.3068 -2.1332 -0.0400
2.3079 -2.1559 -0.0400
2.3057 -2.1807 -0.0400
2.2717 -2.2225 -0.0400
0.9271 -4.7471 -0.0400
0.9787 -4.7942 -0.0400
0.9849 -4.9029 -0.0400
1.0773 -6.5177 -0.0400
1.0991 -6.6982 -0.0400
3.5938 -2.3755 -0.0400
3.6090 -2.3798 -0.0400
3.6236 -2.3817 -0.0400
3.6420 -2.3947 -0.0400
3.6601 -2.4045 -0.0400
6.0194 -5.2784 -0.0400
6.1300 -5.2953 -0.0400
6.6575 -2.7801 -0.0400
6.6499 -2.7139 -0.0400
6.6715 -2.6579 -0.0400
6.9074 -2.6640 -0.0400
6.9670 -2.6139 -0.0400
8.1213 -2.4932 -0.0400
8.1214 -2.4081 -0.0400
4.0290 -0.7040 -0.0400
3.9829 -0.7386 -0.0400
3.9164 -0.8095 -0.0400
3.8892 -0.8213 -0.0400
3.8673 -0.8257 -0.0400
3.8478 -0.8269 -0.0400
3.8304 -0.8249 -0.0400
3.8136 -0.8222 -0.0400
3.7974 -0.8186 -0.0400
3.7836 -0.8103 -0.0400
3.7700 -0.8014 -0.0400
3.7565 -0.7920 -0.0400
3.7443 -0.7790 -0.0400
3.7368 -0.7531 -0.0400
3.7271 -0.7312 -0.0400
3.7213 -0.6960 -0.0400
4.1746 2.7911 -0.0400
4.0886 2.7512 -0.0400
4.0120 2.7656 -0.0400
3.9434 2.8461 -0.0400
3.0002 2.8115 -0.0400
2.9264 2.7660 -0.0400
2.8463 2.7809 -0.0400
0.7054 3.1834 -0.0400
0.6310 3.1190 -0.0400
0.5673 3.0381 -0.0400
0.4670 3.0179 -0.0400
-0.9161 2.2141 -0.0400
-0.9842 2.1392 -0.0400
-1.0164 2.0341 -0.0400
-1.0997 1.9722 -0.0400
-1.1898 1.9143 -0.0400
0.3320 0.2562 -0.0400
0.3324 0.1825 -0.0400
0.2945 0.1323 -0.0400
0.2314 0.0957 -0.0400
0.2445 0.0173 -0.0400
0.1967 -0.0284 -0.0400
0.0827 -0.0430 -0.0400
0.0575 -0.1022 -0.0400
-0.0037 -0.1456 -0.0400
-0.5366 -1.1094 -0.0400
-0.5364 -1.1793 -0.0400
-0.5861 -1.2440 -0.0400
2.1882 -1.9733 -0.0400
2.2291 -1.9841 -0.0400
2.2467 -2.0009 -0.0400
2.2671 -2.0164 -0.0400
2.2816 -2.0333 -0.0400
2.2905 -2.0521 -0.0400
2.2962 -2.0720 -0.0400
2.3013 -2.0923 -0.0400
2.3046 -2.1134 -0.0400
2.2969 -2.1397 -0.0400
2.2927 -2.1651 -0.0400
2.2389 -2.2156 -0.0400
0.8633 -4.7088 -0.0400
0.9282 -4.7390 -0.0400
0.9559 -4.8166 -0.0400
0.9875 -6.4697 -0.0400
1.0524 -6.5531 -0.0400
2.0859 -7.1087 -0.0400
3.6184 -2.3879 -0.0400
3.6383 -2.4055 -0.0400
3.6593 -2.4240 -0.0400
5.9437 -5.3269 -0.0400
6.0321 -5.3156 -0.0400
6.6603 -2.7974 -0.0400
6.6490 -2.7297 -0.0400
6.7074 -2.6850 -0.0400
6.9030 -2.6788 -0.0400
6.9628 -2.6288 -0.0400
8.1059 -2.5074 -0.0400
8.1106 -2.4232 -0.0400
4.1331 -0.5926 -0.0400
4.0178 -0.7224 -0.0400
3.9872 -0.7334 -0.0400
3.9242 -0.7978 -0.0400
3.8928 -0.8157 -0.0400
3.8638 -0.8318 -0.0400
3.8456 -0.8305 -0.0400
3.8283 -0.8280 -0.0400
3.8126 -0.8228 -0.0400
3.7973 -0.8171 -0.0400
3.7832 -0.8089 -0.0400
3.7694 -0.7999 -0.0400
3.7588 -0.7831 -0.0400
3.7473 -0.7676 -0.0400
3.7366 -0.7491 -0.0400
3.7273 -0.7252 -0.0400
3.7272 -0.6730 -0.0400
4.2603 2.8085 -0.0400
4.1714 2.7628 -0.0400
4.0905 2.7535 -0.0400
4.0160 2.7839 -0.0400
3.9444 2.8438 -0.0400
3.0017 2.7882 -0.0400
2.9257 2.7649 -0.0400
2.8448 2.7864 -0.0400
0.7810 3.2440 -0.0400
0.7015 3.1873 -0.0400
0.6276 3.1215 -0.0400
0.5678 3.0338 -0.0400
-0.9695 2.1238 -0.0400
-1.0161 2.0312 -0.0400
-1.1879 1.9103 -0.0400
0.3596 0.2329 -0.0400
0.3261 0.1801 -0.0400
0.2501 0.1518 -0.0400
0.2616 0.0731 -0.0400
0.2423 0.0126 -0.0400
0.1962 -0.0338 -0.0400
0.0790 -0.0467 -0.0400
0.0206 -0.0906 -0.0400
-0.5670 -1.0378 -0.0400
-0.5370 -1.1127 -0.0400
-0.5481 -1.1812 -0.0400
-0.5991 -1.2458 -0.0400
2.1567 -1.9635 -0.0400
2.2125 -1.9714 -0.0400
2.2420 -1.9850 -0.0400
2.2557 -2.0026 -0.0400
2.2724 -2.0190 -0.0400
2.2850 -2.0364 -0.0400
2.2929 -2.0553 -0.0400
2.2978 -2.0754 -0.0400
2.2981 -2.0974 -0.0400
2.2997 -2.1192 -0.0400
2.2878 -2.1473 -0.0400
2.2793 -2.1748 -0.0400
2.2588 -2.2088 -0.0400
0.7840 -4.6858 -0.0400
0.8707 -4.6909 -0.0400
0.9166 -4.7442 -0.0400
0.9118 -4.8639 -0.0400
0.9724 -6.4770 -0.0400
2.0826 -7.0674 -0.0400
2.1815 -7.0719 -0.0400
5.9308 -5.3381 -0.0400
6.6350 -2.8049 -0.0400
6.6398 -2.7429 -0.0400
6.6822 -2.6932 -0.0400
6.8960 -2.6931 -0.0400
6.9469 -2.6407 -0.0400
8.1008 -2.5237 -0.0400
8.1125 -2.4406 -0.0400
4.0444 -0.7218 -0.0400
4.0095 -0.7374 -0.0400
3.9837 -0.7412 -0.0400
3.9132 -0.8171 -0.0400
3.8880 -0.8252 -0.0400
3.8667 -0.8279 -0.0400
3.8474 -0.8279 -0.0400
3.8298 -0.8255 -0.0400
3.8125 -0.8230 -0.0400
3.7980 -0.8151 -0.0400
3.7842 -0.8059 -0.0400
3.7706 -0.7958 -0.0400
3.7583 -0.7824 -0.0400
3.7467 -0.7667 -0.0400
3.7360 -0.7478 -0.0400
4.2568 2.7779 -0.0400
4.1717 2.7516 -0.0400
4.0925 2.7525 -0.0400
4.0217 2.8098 -0.0400
3.0019 2.7845 -0.0400
2.9250 2.7693 -0.0400
2.8408 2.8166 -0.0400
0.7893 3.2259 -0.0400
0.7136 3.1628 -0.0400
0.6365 3.1033 -0.0400
0.5638 3.0375 -0.0400
-0.9006 2.1949 -0.0400
-1.0150 2.0277 -0.0400
-1.1829 1.9039 -0.0400
0.3527 0.2309 -0.0400
0.3256 0.1743 -0.0400
0.2580 0.1412 -0.0400
0.2692 0.0629 -0.0400
0.2255 0.0156 -0.0400
0.1277 -0.0049 -0.0400
0.0817 -0.0536 -0.0400
0.0256 -0.0984 -0.0400
-0.5355 -1.0464 -0.0400
-0.5283 -1.1175 -0.0400
-0.5817 -1.1806 -0.0400
2.1899 -1.9604 -0.0400
2.2245 -1.9733 -0.0400
2.2487 -1.9882 -0.0400
2.2655 -2.0046 -0.0400
2.2786 -2.0219 -0.0400
2.2884 -2.0400 -0.0400
2.2947 -2.0593 -0.0400
2.2986 -2.0796 -0.0400
2.2974 -2.1020 -0.0400
2.2989 -2.1237 -0.0400
2.2861 -2.1521 -0.0400
2.2473 -2.1936 -0.0400
0.8628 -4.6926 -0.0400
0.8722 -4.7912 -0.0400
0.8715 -6.4457 -0.0400
0.9688 -6.4628 -0.0400
2.0781 -7.0337 -0.0400
2.1679 -7.0758 -0.0400
5.9205 -5.3526 -0.0400
6.0413 -5.3871 -0.0400
6.1392 -3.9283 -0.0400
6.1669 -3.8705 -0.0400
6.6631 -2.7727 -0.0400
6.6536 -2.7060 -0.0400
6.6776 -2.6504 -0.0400
6.9248 -2.6565 -0.0400
8.1124 -2.4638 -0.0400
8.1236 -2.3804 -0.0400
4.0434 -0.6930 -0.0400
4.0019 -0.7184 -0.0400
3.9721 -0.7281 -0.0400
3.8923 -0.8218 -0.0400
3.8692 -0.8268 -0.0400
3.8488 -0.8282 -0.0400
3.8307 -0.8261 -0.0400
3.8135 -0.8228 -0.0400
3.7975 -0.8176 -0.0400
3.7823 -0.8107 -0.0400
3.7679 -0.8020 -0.0400
3.7565 -0.7863 -0.0400
3.7446 -0.7708 -0.0400
3.7336 -0.7521 -0.0400
3.7243 -0.7277 -0.0400
3.7231 -0.6776 -0.0400
4.1807 2.7795 -0.0400
4.0969 2.7574 -0.0400
4.0182 2.7624 -0.0400
3.9496 2.8439 -0.0400
2.9980 2.8360 -0.0400
2.9256 2.7659 -0.0400
2.8459 2.7754 -0.0400
2.7621 2.8094 -0.0400
0.7045 3.1764 -0.0400
0.6392 3.0957 -0.0400
0.5509 3.0560 -0.0400
-0.9703 2.1186 -0.0400
-1.0139 2.0234 -0.0400
-1.1854 1.9026 -0.0400
0.3429 0.2287 -0.0400
0.3233 0.1674 -0.0400
0.2684 0.1270 -0.0400
0.2441 0.0687 -0.0400
0.2346 0.0027 -0.0400
0.1971 -0.0481 -0.0400
0.1256 -0.0826 -0.0400
0.0312 -0.1084 -0.0400
-0.5667 -1.0467 -0.0400
-0.5361 -1.1216 -0.0400
-0.5397 -1.1908 -0.0400
-0.5692 -1.2571 -0.0400
2.1414 -1.9803 -0.0400
2.2201 -1.9822 -0.0400
2.2440 -1.9971 -0.0400
2.2618 -2.0132 -0.0400
2.2758 -2.0301 -0.0400
2.2873 -2.0475 -0.0400
2.2954 -2.0660 -0.0400
2.3005 -2.0856 -0.0400
2.3026 -2.1065 -0.0400
2.2998 -2.1298 -0.0400
2.3000 -2.1521 -0.0400
2.2850 -2.1819 -0.0400
0.8474 -4.7019 -0.0400
0.9158 -4.7270 -0.0400
0.9520 -4.7923 -0.0400
0.9572 -6.4591 -0.0400
1.0238 -6.5372 -0.0400
2.0488 -7.0886 -0.0400
2.1562 -7.0564 -0.0400
2.2460 -7.0990 -0.0400
5.9678 -5.3221 -0.0400
6.0866 -5.3512 -0.0400
6.1917 -3.8381 -0.0400
7.8046 -4.9574 -0.0400
7.8421 -4.8655 -0.0400
6.6429 -2.7825 -0.0400
6.6479 -2.7207 -0.0400
6.6971 -2.6726 -0.0400
6.9076 -2.6683 -0.0400
6.9759 -2.6197 -0.0400
8.1173 -2.4822 -0.0400
8.1192 -2.3973 -0.0400
4.0298 -0.7181 -0.0400
3.9955 -0.7329 -0.0400
3.9364 -0.7891 -0.0400
3.8997 -0.8137 -0.0400
3.8745 -0.8215 -0.0400
3.8532 -0.8237 -0.0400
3.8308 -0.8290 -0.0400
3.8144 -0.8238 -0.0400
3.7986 -0.8178 -0.0400
3.7840 -0.8091 -0.0400
3.7700 -0.7992 -0.0400
3.7564 -0.7880 -0.0400
3.7441 -0.7732 -0.0400
3.7326 -0.7553 -0.0400
3.7344 -0.7007 -0.0400
4.1844 2.7801 -0.0400
4.1002 2.7574 -0.0400
4.0247 2.7846 -0.0400
3.9552 2.8639 -0.0400
2.9999 2.8255 -0.0400
2.9264 2.7656 -0.0400
2.8444 2.7933 -0.0400
0.7825 3.2351 -0.0400
0.7041 3.1758 -0.0400
0.6389 3.0947 -0.0400
0.5675 3.0263 -0.0400
-0.9057 2.1939 -0.0400
-1.0138 2.0209 -0.0400
-1.1054 1.9660 -0.0400
-1.1916 1.9052 -0.0400
0.3324 0.2290 -0.0400
0.3211 0.1624 -0.0400
0.2646 0.1231 -0.0400
0.2597 0.0539 -0.0400
0.2279 0.0002 -0.0400
0.1648 -0.0375 -0.0400
0.0765 -0.0644 -0.0400
0.0364 -0.1165 -0.0400
-0.5523 -1.0532 -0.0400
-0.5326 -1.1262 -0.0400
-0.5436 -1.1944 -0.0400
2.1938 -1.9735 -0.0400
2.2286 -1.9861 -0.0400
2.2519 -2.0010 -0.0400
2.2678 -2.0174 -0.0400
2.2827 -2.0338 -0.0400
2.2915 -2.0519 -0.0400
2.2973 -2.0711 -0.0400
2.3012 -2.0910 -0.0400
2.3018 -2.1124 -0.0400
2.2988 -2.1356 -0.0400
2.2888 -2.1623 -0.0400
2.2642 -2.1967 -0.0400
0.8354 -4.7104 -0.0400
0.9054 -4.7338 -0.0400
0.9054 -4.8455 -0.0400
0.9432 -6.4684 -0.0400
1.0320 -6.5005 -0.0400
2.1442 -7.0589 -0.0400
2.2366 -7.0887 -0.0400
5.8981 -5.3877 -0.0400
5.9463 -5.3199 -0.0400
6.1605 -3.9130 -0.0400
6.1807 -3.8496 -0.0400
7.8268 -4.8778 -0.0400
7.9280 -4.8311 -0.0400
6.6404 -2.8570 -0.0400
6.6297 -2.7892 -0.0400
6.6517 -2.7329 -0.0400
6.9038 -2.7454 -0.0400
8.0896 -2.5747 -0.0400
8.1447 -2.4987 -0.0400
7.5389 -0.9957 -0.0400
4.0618 -0.7124 -0.0400
4.0240 -0.7305 -0.0400
3.9421 -0.8176 -0.0400
3.9128 -0.8296 -0.0400
3.8896 -0.8335 -0.0400
3.8689 -0.8342 -0.0400
3.8506 -0.8313 -0.0400
3.8333 -0.8272 -0.0400
3.8171 -0.8212 -0.0400
3.8030 -0.8114 -0.0400
3.7892 -0.8005 -0.0400
3.7768 -0.7862 -0.0400
3.7654 -0.7689 -0.0400
3.7552 -0.7478 -0.0400
3.7483 -0.7168 -0.0400
4.2591 2.7353 -0.0400
4.1801 2.7418 -0.0400
4.1057 2.7753 -0.0400
4.0378 2.8574 -0.0400
3.1581 2.8557 -0.0400
3.0820 2.7978 -0.0400
3.0048 2.7774 -0.0400
2.9226 2.8114 -0.0400
0.8636 3.2900 -0.0400
0.7943 3.2123 -0.0400
0.7182 3.1497 -0.0400
0.6469 3.0799 -0.0400
-0.8361 2.2657 -0.0400
-0.9492 2.0963 -0.0400
-1.0668 2.0642 -0.0400
-1.1373 1.9905 -0.0400
0.3918 0.3363 -0.0400
0.3849 0.2655 -0.0400
0.3428 0.2183 -0.0400
0.2848 0.1803 -0.0400
0.2864 0.1064 -0.0400
0.2593 0.0501 -0.0400
0.1317 0.0478 -0.0400
0.0988 -0.0076 -0.0400
-0.5363 -0.9884 -0.0400
-0.5204 -1.0612 -0.0400
-0.5840 -1.1218 -0.0400
2.1786 -1.9379 -0.0400
2.2208 -1.9500 -0.0400
2.2458 -1.9650 -0.0400
2.2571 -1.9829 -0.0400
2.2712 -1.9998 -0.0400
2.2821 -2.0174 -0.0400
2.2893 -2.0359 -0.0400
2.2940 -2.0553 -0.0400
2.2935 -2.0766 -0.0400
2.2919 -2.0986 -0.0400
2.2861 -2.1227 -0.0400
2.2729 -2.1504 -0.0400
2.2331 -2.1908 -0.0400
0.7270 -4.6212 -0.0400
0.8096 -4.6314 -0.0400
0.8571 -4.6810 -0.0400
0.8613 -4.7846 -0.0400
0.8660 -6.4025 -0.0400
0.8814 -6.5784 -0.0400
1.9492 -7.0143 -0.0400
2.0442 -7.0320 -0.0400
3.3694 -2.5035 -0.0400
3.3831 -2.4713 -0.0400
5.8746 -5.3722 -0.0400
5.9754 -5.3796 -0.0400
6.1354 -3.9064 -0.0400
7.7154 -5.0501 -0.0400
7.7664 -4.9681 -0.0400
6.8814 -2.7556 -0.0400
6.9467 -2.7072 -0.0400
8.0921 -2.5931 -0.0400
8.1178 -2.5121 -0.0400
7.5706 -1.0061 -0.0400
7.4768 -0.9474 -0.0400
7.4751 -0.8731 -0.0400
4.1710 -0.6075 -0.0400
4.0518 -0.7334 -0.0400
4.0188 -0.7448 -0.0400
3.9567 -0.8020 -0.0400
3.9211 -0.8228 -0.0400
3.8957 -0.8294 -0.0400
3.8701 -0.8378 -0.0400
3.8518 -0.8347 -0.0400
3.8353 -0.8287 -0.0400
3.8193 -0.8219 -0.0400
3.8047 -0.8125 -0.0400
3.7906 -0.8019 -0.0400
3.7773 -0.7894 -0.0400
3.7707 -0.7607 -0.0400
3.7621 -0.7348 -0.0400
4.3564 2.7872 -0.0400
4.2652 2.7417 -0.0400
4.1845 2.7416 -0.0400
4.1092 2.7699 -0.0400
3.0846 2.7873 -0.0400
3.0062 2.7814 -0.0400
0.8766 3.2646 -0.0400
0.8086 3.1851 -0.0400
0.7304 3.1271 -0.0400
0.6497 3.0743 -0.0400
-0.8329 2.2608 -0.0400
-0.9737 2.1158 -0.0400
-1.0639 2.0598 -0.0400
-1.1371 1.9884 -0.0400
0.3839 0.3355 -0.0400
0.3815 0.2616 -0.0400
0.3085 0.2339 -0.0400
0.3127 0.1573 -0.0400
0.2894 0.0985 -0.0400
0.2404 0.0546 -0.0400
0.1265 0.0447 -0.0400
0.0992 -0.0136 -0.0400
0.0292 -0.0507 -0.0400
-0.5096 -0.9977 -0.0400
-0.5266 -1.0648 -0.0400
-0.5884 -1.1255 -0.0400
2.2060 -1.9392 -0.0400
2.2381 -1.9531 -0.0400
2.2511 -1.9707 -0.0400
2.2670 -1.9872 -0.0400
2.2787 -2.0045 -0.0400
2.2858 -2.0230 -0.0400
2.2912 -2.0420 -0.0400
2.2942 -2.0618 -0.0400
2.2937 -2.0830 -0.0400
2.2903 -2.1056 -0.0400
2.2817 -2.1307 -0.0400
2.2443 -2.1686 -0.0400
0.7303 -4.6139 -0.0400
0.8089 -4.6283 -0.0400
0.8566 -4.6773 -0.0400
0.8572 -6.4039 -0.0400
1.9310 -7.0440 -0.0400
2.0352 -7.0265 -0.0400
2.1129 -7.1175 -0.0400
3.3640 -2.5204 -0.0400
3.3776 -2.4747 -0.0400
3.3900 -2.4418 -0.0400
3.4025 -2.4304 -0.0400
3.4148 -2.4228 -0.0400
5.8590 -5.3773 -0.0400
6.0926 -3.9719 -0.0400
6.1266 -3.9195 -0.0400
7.7576 -5.1064 -0.0400
7.7471 -4.9770 -0.0400
8.0859 -2.6101 -0.0400
7.5250 -1.0295 -0.0400
7.4844 -0.9618 -0.0400
7.5121 -0.8815 -0.0400
4.0629 -0.7258 -0.0400
4.0277 -0.7397 -0.0400
3.9465 -0.8246 -0.0400
3.9186 -0.8337 -0.0400
3.8957 -0.8363 -0.0400
3.8750 -0.8362 -0.0400
3.8565 -0.8329 -0.0400
3.8391 -0.8282 -0.0400
3.8228 -0.8215 -0.0400
3.8083 -0.8112 -0.0400
3.7942 -0.8001 -0.0400
3.7818 -0.7850 -0.0400
3.7703 -0.7670 -0.0400
3.7603 -0.7443 -0.0400
3.7542 -0.7101 -0.0400
4.3510 2.7376 -0.0400
4.2677 2.7281 -0.0400
4.1910 2.7490 -0.0400
4.1203 2.8068 -0.0400
3.1615 2.8901 -0.0400
3.0872 2.7858 -0.0400
3.0078 2.7905 -0.0400
2.9245 2.8324 -0.0400
0.8779 3.2632 -0.0400
0.8094 3.1844 -0.0400
0.7352 3.1187 -0.0400
-0.7794 2.3482 -0.0400
-0.8363 2.2624 -0.0400
-0.8798 2.1653 -0.0400
-1.0575 2.0526 -0.0400
-1.1481 1.9957 -0.0400
0.4136 0.3092 -0.0400
0.3753 0.2596 -0.0400
0.3026 0.2317 -0.0400
0.3089 0.1536 -0.0400
0.2875 0.0937 -0.0400
0.1662 0.0904 -0.0400
0.1284 0.0380 -0.0400
0.0691 -0.0038 -0.0400
-0.5362 -0.9269 -0.0400
-0.5118 -1.0020 -0.0400
-0.5254 -1.0696 -0.0400
-0.5821 -1.1309 -0.0400
2.1972 -1.9273 -0.0400
2.2205 -1.9436 -0.0400
2.2482 -1.9583 -0.0400
2.2597 -1.9760 -0.0400
2.2738 -1.9928 -0.0400
2.2830 -2.0106 -0.0400
2.2882 -2.0294 -0.0400
2.2913 -2.0490 -0.0400
2.2903 -2.0701 -0.0400
2.2855 -2.0928 -0.0400
2.2843 -2.1147 -0.0400
2.2689 -2.1425 -0.0400
2.2232 -2.1840 -0.0400
0.7416 -4.5986 -0.0400
0.8099 -4.6241 -0.0400
0.8060 -4.7339 -0.0400
0.7615 -6.3707 -0.0400
0.8542 -6.3956 -0.0400
1.9323 -7.0035 -0.0400
2.0229 -7.0369 -0.0400
3.3722 -2.4580 -0.0400
3.3849 -2.4440 -0.0400
3.3972 -2.4324 -0.0400
3.4094 -2.4237 -0.0400
3.4208 -2.4102 -0.0400
3.4328 -2.4058 -0.0400
3.4447 -2.4018 -0.0400
6.0899 -3.9897 -0.0400
6.1140 -3.9292 -0.0400
7.7650 -5.0136 -0.0400
8.0871 -2.6285 -0.0400
8.1147 -2.5478 -0.0400
7.4872 -0.9773 -0.0400
7.4899 -0.9019 -0.0400
4.0731 -0.7206 -0.0400
4.0244 -0.7531 -0.0400
3.9577 -0.8162 -0.0400
3.9264 -0.8297 -0.0400
3.9020 -0.8341 -0.0400
3.8770 -0.8407 -0.0400
3.8587 -0.8367 -0.0400
3.8420 -0.8303 -0.0400
3.8259 -0.8229 -0.0400
3.8110 -0.8132 -0.0400
3.7967 -0.8021 -0.0400
3.7874 -0.7797 -0.0400
3.7767 -0.7592 -0.0400
3.7682 -0.7322 -0.0400
4.3622 2.7603 -0.0400
4.2747 2.7336 -0.0400
4.1956 2.7436 -0.0400
3.1683 2.8053 -0.0400
3.0901 2.7871 -0.0400
3.0100 2.7986 -0.0400
2.9239 2.8677 -0.0400
0.9589 3.3219 -0.0400
0.8844 3.2522 -0.0400
0.8087 3.1873 -0.0400
0.7365 3.1175 -0.0400
0.6150 3.1369 -0.0400
-0.7617 2.3297 -0.0400
-0.8814 2.1652 -0.0400
-1.0208 2.1543 -0.0400
-1.0545 2.0486 -0.0400
0.4258 0.3713 -0.0400
0.4122 0.3043 -0.0400
0.3708 0.2567 -0.0400
0.3050 0.2243 -0.0400
0.3172 0.1426 -0.0400
0.2707 0.0976 -0.0400
0.1752 0.0797 -0.0400
0.1269 0.0331 -0.0400
0.0740 -0.0119 -0.0400
-0.5026 -0.9385 -0.0400
-0.5117 -1.0068 -0.0400
-0.5592 -1.0687 -0.0400
2.1717 -1.9185 -0.0400
2.2246 -1.9300 -0.0400
2.2416 -1.9471 -0.0400
2.2544 -1.9646 -0.0400
2.2703 -1.9811 -0.0400
2.2785 -1.9991 -0.0400
2.2853 -2.0175 -0.0400
2.2898 -2.0365 -0.0400
2.2904 -2.0567 -0.0400
2.2859 -2.0789 -0.0400
2.2844 -2.1004 -0.0400
2.2693 -2.1274 -0.0400
2.2289 -2.1654 -0.0400
0.7535 -4.5834 -0.0400
0.8101 -4.6216 -0.0400
0.7960 -4.7428 -0.0400
0.7458 -6.3870 -0.0400
0.8242 -6.4388 -0.0400
1.9201 -7.0155 -0.0400
2.0175 -7.0220 -0.0400
3.3547 -2.4908 -0.0400
3.3679 -2.4655 -0.0400
3.3804 -2.4474 -0.0400
3.3926 -2.4355 -0.0400
3.4040 -2.4187 -0.0400
3.4158 -2.4115 -0.0400
3.4275 -2.4062 -0.0400
3.4392 -2.4021 -0.0400
3.4505 -2.3957 -0.0400
3.4622 -2.3929 -0.0400
3.4741 -2.3915 -0.0400
6.0814 -4.0025 -0.0400
6.1034 -3.9403 -0.0400
7.6654 -5.0813 -0.0400
7.7397 -5.0175 -0.0400
7.4926 -0.9927 -0.0400
7.5018 -0.9159 -0.0400
7.5753 -0.8246 -0.0400
4.0614 -0.7467 -0.0400
4.0310 -0.7533 -0.0400
3.9682 -0.8098 -0.0400
3.9339 -0.8272 -0.0400
3.9026 -0.8422 -0.0400
3.8825 -0.8403 -0.0400
3.8639 -0.8365 -0.0400
3.8466 -0.8306 -0.0400
3.8304 -0.8229 -0.0400
3.8158 -0.8122 -0.0400
3.8014 -0.8007 -0.0400
3.7889 -0.7849 -0.0400
3.7772 -0.7663 -0.0400
3.7673 -0.7425 -0.0400
4.4586 2.7880 -0.0400
4.3617 2.7284 -0.0400
4.2797 2.7266 -0.0400
4.2042 2.7561 -0.0400
4.1365 2.8337 -0.0400
3.2494 2.8968 -0.0400
3.1720 2.8082 -0.0400
3.0935 2.7885 -0.0400
3.0131 2.8018 -0.0400
0.9616 3.3198 -0.0400
0.8911 3.2417 -0.0400
0.8009 3.2049 -0.0400
0.7329 3.1262 -0.0400
-0.7614 2.3285 -0.0400
-0.8156 2.2405 -0.0400
-0.8793 2.1623 -0.0400
-0.9882 2.1244 -0.0400
-1.0705 2.0611 -0.0400
0.4346 0.3594 -0.0400
0.4102 0.2999 -0.0400
0.3622 0.2567 -0.0400
0.3418 0.1952 -0.0400
0.3153 0.1381 -0.0400
0.2665 0.0944 -0.0400
0.1657 0.0794 -0.0400
0.1027 0.0407 -0.0400
-0.5096 -0.9419 -0.0400
-0.5106 -1.0119 -0.0400
-0.5479 -1.0754 -0.0400
2.1665 -1.9062 -0.0400
2.2046 -1.9211 -0.0400
2.2279 -1.9375 -0.0400
2.2539 -1.9526 -0.0400
2.2647 -1.9703 -0.0400
2.2772 -1.9874 -0.0400
2.2827 -2.0060 -0.0400
2.2874 -2.0248 -0.0400
2.2885 -2.0447 -0.0400
2.2893 -2.0648 -0.0400
2.2813 -2.0882 -0.0400
2.2776 -2.1105 -0.0400
2.2509 -2.1419 -0.0400
-1.0728 -3.4799 -0.0400
0.7604 -4.5745 -0.0400
0.8048 -4.6261 -0.0400
0.8198 -4.7128 -0.0400
0.7671 -6.3381 -0.0400
0.8322 -6.4123 -0.0400
1.9177 -6.9934 -0.0400
2.0022 -7.0488 -0.0400
3.3640 -2.4747 -0.0400
3.3764 -2.4520 -0.0400
3.3880 -2.4284 -0.0400
3.3998 -2.4206 -0.0400
3.4113 -2.4133 -0.0400
3.4228 -2.4068 -0.0400
3.4340 -2.4001 -0.0400
3.4455 -2.3962 -0.0400
3.4569 -2.3929 -0.0400
3.4686 -2.3914 -0.0400
3.4805 -2.3908 -0.0400
3.4918 -2.3873 -0.0400
3.5029 -2.3829 -0.0400
6.0647 -4.0081 -0.0400
6.0937 -3.9518 -0.0400
7.6504 -5.0925 -0.0400
7.7281 -5.0315 -0.0400
6.6037 -2.9114 -0.0400
6.6057 -2.8481 -0.0400
6.6535 -2.8004 -0.0400
7.5260 -1.0785 -0.0400
7.4969 -1.0085 -0.0400
7.5066 -0.9316 -0.0400
7.5886 -0.8384 -0.0400
4.0670 -0.7495 -0.0400
4.0368 -0.7555 -0.0400
3.9759 -0.8085 -0.0400
3.9310 -0.8418 -0.0400
3.9088 -0.8423 -0.0400
3.8881 -0.8409 -0.0400
3.8694 -0.8367 -0.0400
3.8505 -0.8333 -0.0400
3.8346 -0.8247 -0.0400
3.8195 -0.8145 -0.0400
3.8049 -0.8031 -0.0400
3.7959 -0.7793 -0.0400
3.7851 -0.7581 -0.0400
3.7771 -0.7288 -0.0400
4.3735 2.7480 -0.0400
4.2874 2.7297 -0.0400
4.2162 2.7828 -0.0400
3.1759 2.8168 -0.0400
3.0967 2.8041 -0.0400
3.0114 2.8794 -0.0400
0.9655 3.3160 -0.0400
0.8964 3.2351 -0.0400
0.7993 3.2116 -0.0400
0.7297 3.1352 -0.0400
-0.7042 2.4144 -0.0400
-0.7599 2.3267 -0.0400
-0.8110 2.2356 -0.0400
-0.9878 2.1233 -0.0400
0.4415 0.3490 -0.0400
0.4053 0.2979 -0.0400
0.3596 0.2530 -0.0400
0.3434 0.1887 -0.0400
0.3104 0.1356 -0.0400
0.2584 0.0938 -0.0400
0.1527 0.0815 -0.0400
0.0944 0.0399 -0.0400
-0.5050 -0.8771 -0.0400
-0.4980 -0.9491 -0.0400
-0.5267 -1.0138 -0.0400
-2.3778 -0.7715 -0.0400
2.1969 -1.9100 -0.0400
2.2230 -1.9264 -0.0400
2.2517 -1.9414 -0.0400
2.2627 -1.9592 -0.0400
2.2719 -1.9770 -0.0400
2.2796 -1.9951 -0.0400
2.2846 -2.0137 -0.0400
2.2878 -2.0329 -0.0400
2.2841 -2.0541 -0.0400
2.2826 -2.0750 -0.0400
2.2788 -2.0970 -0.0400
2.2542 -2.1267 -0.0400
2.2290 -2.1579 -0.0400
-1.0800 -3.4847 -0.0400
0.7615 -4.5729 -0.0400
0.7823 -4.6509 -0.0400
0.7833 -4.7546 -0.0400
0.6551 -6.3372 -0.0400
0.7647 -6.3327 -0.0400
0.8330 -6.4006 -0.0400
1.9100 -6.9930 -0.0400
3.3477 -2.4852 -0.0400
3.3605 -2.4617 -0.0400
3.3726 -2.4446 -0.0400
3.3845 -2.4327 -0.0400
3.3960 -2.4230 -0.0400
3.4075 -2.4155 -0.0400
3.4183 -2.4046 -0.0400
3.4297 -2.4007 -0.0400
3.4409 -2.3968 -0.0400
3.4521 -2.3928 -0.0400
3.4637 -2.3918 -0.0400
3.4753 -2.3906 -0.0400
3.4867 -2.3882 -0.0400
3.4975 -2.3835 -0.0400
3.5083 -2.3790 -0.0400
3.5197 -2.3768 -0.0400
3.5312 -2.3750 -0.0400
6.0869 -3.9653 -0.0400
7.6553 -5.1190 -0.0400
7.7360 -5.0600 -0.0400
6.6153 -2.9325 -0.0400
6.6047 -2.8645 -0.0400
6.6245 -2.8075 -0.0400
6.8796 -2.8230 -0.0400
7.5430 -1.0926 -0.0400
7.5007 -1.0246 -0.0400
7.5047 -0.9487 -0.0400
3.9370 -0.8437 -0.0400
3.9147 -0.8439 -0.0400
3.8938 -0.8424 -0.0400
3.8727 -0.8419 -0.0400
3.8557 -0.8348 -0.0400
3.8393 -0.8267 -0.0400
3.8239 -0.8166 -0.0400
3.8115 -0.8005 -0.0400
3.7987 -0.7841 -0.0400
3.7871 -0.7645 -0.0400
3.7774 -0.7390 -0.0400
4.4684 2.7631 -0.0400
4.3754 2.7216 -0.0400
4.2942 2.7256 -0.0400
4.2195 2.7611 -0.0400
4.1548 2.8574 -0.0400
3.2604 2.8359 -0.0400
3.1815 2.7972 -0.0400
3.1017 2.7994 -0.0400
3.0181 2.8506 -0.0400
0.9643 3.3245 -0.0400
0.8937 3.2456 -0.0400
0.8161 3.1836 -0.0400
-0.7128 2.4236 -0.0400
-0.7708 2.3376 -0.0400
-0.8020 2.2268 -0.0400
-0.9449 2.2220 -0.0400
-0.9835 2.1192 -0.0400
0.4436 0.4207 -0.0400
0.4417 0.3438 -0.0400
0.3914 0.3024 -0.0400
0.3441 0.2582 -0.0400
0.3444 0.1829 -0.0400
0.3014 0.1359 -0.0400
0.1849 0.1322 -0.0400
0.1477 0.0792 -0.0400
0.0759 0.0450 -0.0400
-0.5166 -0.8794 -0.0400
-0.5004 -0.9535 -0.0400
-0.5839 -1.0078 -0.0400
2.1800 -1.9002 -0.0400
2.2137 -1.9161 -0.0400
2.2476 -1.9309 -0.0400
2.2594 -1.9486 -0.0400
2.2691 -1.9664 -0.0400
2.2772 -1.9844 -0.0400
2.2824 -2.0029 -0.0400
2.2853 -2.0220 -0.0400
2.2864 -2.0417 -0.0400
2.2860 -2.0619 -0.0400
2.2733 -2.0862 -0.0400
2.2645 -2.1100 -0.0400
-1.1635 -3.3398 -0.0400
-1.1057 -3.4076 -0.0400
-1.0786 -3.4864 -0.0400
-1.4012 -5.3904 -0.0400
0.6883 -4.5529 -0.0400
0.7636 -4.5709 -0.0400
0.7723 -4.6621 -0.0400
0.7789 -4.7593 -0.0400
0.6668 -6.3095 -0.0400
0.7632 -6.3270 -0.0400
1.8048 -6.9887 -0.0400
1.9049 -6.9852 -0.0400
1.9799 -7.0754 -0.0400
3.3578 -2.4721 -0.0400
3.3698 -2.4498 -0.0400
3.3810 -2.4263 -0.0400
3.3925 -2.4188 -0.0400
3.4037 -2.4115 -0.0400
3.4148 -2.4053 -0.0400
3.4259 -2.4014 -0.0400
3.4370 -2.3974 -0.0400
3.4478 -2.3923 -0.0400
3.4592 -2.3912 -0.0400
3.4706 -2.3901 -0.0400
3.4820 -2.3889 -0.0400
3.4924 -2.3829 -0.0400
3.5032 -2.3794 -0.0400
3.5143 -2.3769 -0.0400
3.5256 -2.3751 -0.0400
3.5379 -2.3763 -0.0400
3.5500 -2.3767 -0.0400
3.5627 -2.3782 -0.0400
6.0428 -4.0278 -0.0400
6.0734 -3.9730 -0.0400
7.6255 -5.1178 -0.0400
7.6899 -5.0472 -0.0400
6.5953 -2.9419 -0.0400
6.5949 -2.8777 -0.0400
6.6343 -2.8274 -0.0400
6.8568 -2.8328 -0.0400
6.9222 -2.7849 -0.0400
8.1129 -2.7755 -0.0400
7.5941 -1.1016 -0.0400
7.5110 -1.0397 -0.0400
7.5792 -0.9514 -0.0400
3.8784 -0.8440 -0.0400
3.8613 -0.8367 -0.0400
3.8446 -0.8288 -0.0400
3.8305 -0.8159 -0.0400
3.8158 -0.8037 -0.0400
3.8027 -0.7879 -0.0400
3.7904 -0.7694 -0.0400
3.7908 -0.7199 -0.0400
4.3809 2.7089 -0.0400
4.3038 2.7321 -0.0400
4.2339 2.7939 -0.0400
3.2654 2.8726 -0.0400
3.1869 2.7982 -0.0400
3.1052 2.8309 -0.0400
1.0481 3.3850 -0.0400
0.9662 3.3274 -0.0400
0.8939 3.2515 -0.0400
0.8193 3.1830 -0.0400
-0.6841 2.3948 -0.0400
-0.7434 2.3110 -0.0400
-0.8066 2.2316 -0.0400
-0.9695 2.2451 -0.0400
-0.9863 2.1218 -0.0400
0.4726 0.3943 -0.0400
0.4399 0.3403 -0.0400
0.3740 0.3097 -0.0400
0.3662 0.2386 -0.0400
0.3380 0.1820 -0.0400
0.2853 0.1409 -0.0400
0.1797 0.1304 -0.0400
0.1328 0.0829 -0.0400
-0.5139 -0.8134 -0.0400
-0.4895 -0.8903 -0.0400
-0.5042 -0.9576 -0.0400
-0.5608 -1.0169 -0.0400
-2.3956 -0.7724 -0.0400
2.2222 -1.9035 -0.0400
2.2408 -1.9209 -0.0400
2.2543 -1.9386 -0.0400
2.2652 -1.9563 -0.0400
2.2741 -1.9742 -0.0400
2.2807 -1.9924 -0.0400
2.2837 -2.0113 -0.0400
2.2849 -2.0308 -0.0400
2.2843 -2.0509 -0.0400
2.2711 -2.0749 -0.0400
2.2615 -2.0985 -0.0400
2.2450 -2.1249 -0.0400
-1.1912 -3.3522 -0.0400
-1.1003 -3.4083 -0.0400
-1.4042 -5.3911 -0.0400
0.7107 -4.5305 -0.0400
0.7610 -4.5747 -0.0400
0.7524 -4.6853 -0.0400
0.6783 -6.2832 -0.0400
0.7598 -6.3258 -0.0400
1.8082 -6.9555 -0.0400
1.8949 -6.9975 -0.0400
3.3430 -2.4825 -0.0400
3.3554 -2.4595 -0.0400
3.3672 -2.4427 -0.0400
3.3787 -2.4309 -0.0400
3.3899 -2.4213 -0.0400
3.4009 -2.4140 -0.0400
3.4115 -2.4033 -0.0400
3.4224 -2.3995 -0.0400
3.4333 -2.3957 -0.0400
3.4441 -2.3920 -0.0400
3.4552 -2.3905 -0.0400
3.4664 -2.3894 -0.0400
3.4775 -2.3877 -0.0400
3.4880 -2.3834 -0.0400
3.4987 -2.3799 -0.0400
3.5095 -2.3768 -0.0400
3.5210 -2.3768 -0.0400
3.5325 -2.3758 -0.0400
3.5444 -2.3761 -0.0400
3.5568 -2.3776 -0.0400
3.5725 -2.3876 -0.0400
3.5873 -2.3938 -0.0400
3.6042 -2.4042 -0.0400
7.6134 -5.1303 -0.0400
6.5995 -2.9601 -0.0400
6.5925 -2.8934 -0.0400
6.6137 -2.8370 -0.0400
6.8667 -2.8527 -0.0400
8.0743 -2.6992 -0.0400
7.5400 -1.1271 -0.0400
7.5096 -1.0570 -0.0400
7.5327 -0.9774 -0.0400
3.8361 -0.8180 -0.0400
3.8211 -0.8062 -0.0400
3.8077 -0.7905 -0.0400
3.8012 -0.7588 -0.0400
3.7933 -0.7278 -0.0400
4.4789 2.7325 -0.0400
4.3909 2.7127 -0.0400
4.3113 2.7256 -0.0400
4.2380 2.7700 -0.0400
3.2725 2.8238 -0.0400
3.1929 2.7977 -0.0400
3.1120 2.8125 -0.0400
1.0590 3.3694 -0.0400
0.9769 3.3127 -0.0400
0.9034 3.2394 -0.0400
0.8207 3.1868 -0.0400
-0.6823 2.3943 -0.0400
-0.7298 2.2984 -0.0400
-0.8172 2.2427 -0.0400
-0.9111 2.1917 -0.0400
0.4592 0.4802 -0.0400
0.4749 0.3882 -0.0400
0.4358 0.3389 -0.0400
0.3820 0.2997 -0.0400
0.3755 0.2278 -0.0400
0.3368 0.1782 -0.0400
0.2273 0.1724 -0.0400
0.1823 0.1243 -0.0400
0.0871 0.1046 -0.0400
-0.5233 -0.8157 -0.0400
-0.4925 -0.8943 -0.0400
-0.5364 -0.9556 -0.0400
-2.3597 -0.6773 -0.0400
2.1585 -1.8784 -0.0400
2.2056 -1.8943 -0.0400
2.2304 -1.9114 -0.0400
2.2471 -1.9289 -0.0400
2.2595 -1.9466 -0.0400
2.2739 -1.9636 -0.0400
2.2788 -1.9822 -0.0400
2.2822 -2.0009 -0.0400
2.2844 -2.0200 -0.0400
2.2838 -2.0399 -0.0400
2.2716 -2.0632 -0.0400
2.2629 -2.0861 -0.0400
2.2478 -2.1115 -0.0400
2.2104 -2.1450 -0.0400
-1.1343 -3.3351 -0.0400
-1.1114 -3.4152 -0.0400
-1.4868 -5.3211 -0.0400
0.6314 -4.5174 -0.0400
0.7171 -4.5256 -0.0400
0.7600 -4.5775 -0.0400
0.7533 -4.6855 -0.0400
0.6825 -6.2704 -0.0400
0.7496 -6.3375 -0.0400
1.8027 -6.9543 -0.0400
1.8924 -6.9852 -0.0400
3.3412 -2.5130 -0.0400
3.3538 -2.4688 -0.0400
3.3652 -2.4357 -0.0400
3.3764 -2.4245 -0.0400
3.3875 -2.4171 -0.0400
3.3983 -2.4100 -0.0400
3.4090 -2.4038 -0.0400
3.4198 -2.4000 -0.0400
3.4305 -2.3962 -0.0400
3.4409 -2.3913 -0.0400
3.4519 -2.3904 -0.0400
3.4629 -2.3895 -0.0400
3.4740 -2.3885 -0.0400
3.4843 -2.3839 -0.0400
3.4947 -2.3803 -0.0400
3.5054 -2.3775 -0.0400
3.5164 -2.3761 -0.0400
3.5276 -2.3752 -0.0400
3.5391 -2.3749 -0.0400
3.5531 -2.3819 -0.0400
3.5665 -2.3857 -0.0400
3.5808 -2.3914 -0.0400
3.5970 -2.4009 -0.0400
6.6056 -2.9788 -0.0400
6.5841 -2.9068 -0.0400
6.6323 -2.8595 -0.0400
6.8482 -2.8636 -0.0400
6.9194 -2.8176 -0.0400
8.1039 -2.8102 -0.0400
8.0649 -2.7155 -0.0400
8.1121 -2.6386 -0.0400
7.5997 -1.1352 -0.0400
7.5226 -1.0719 -0.0400
7.5966 -0.9826 -0.0400
3.8068 -0.7612 -0.0400
3.7981 -0.7318 -0.0400
4.4930 2.7492 -0.0400
4.3987 2.7051 -0.0400
4.3238 2.7401 -0.0400
4.2579 2.8241 -0.0400
3.3599 2.8549 -0.0400
3.2795 2.8058 -0.0400
3.1992 2.8047 -0.0400
3.1164 2.8527 -0.0400
1.0605 3.3763 -0.0400
0.9857 3.3032 -0.0400
0.8920 3.2713 -0.0400
-0.6248 2.4835 -0.0400
-0.6952 2.4096 -0.0400
-0.7284 2.2987 -0.0400
-0.8167 2.2436 -0.0400
-0.9090 2.1911 -0.0400
0.4997 0.4449 -0.0400
0.4728 0.3860 -0.0400
0.4241 0.3434 -0.0400
0.3956 0.2862 -0.0400
0.3749 0.2240 -0.0400
0.3313 0.1775 -0.0400
0.2119 0.1778 -0.0400
0.1688 0.1282 -0.0400
0.0886 0.0996 -0.0400
-0.4779 -0.8315 -0.0400
-0.4892 -0.8997 -0.0400
-0.5335 -0.9608 -0.0400
-2.3586 -0.6793 -0.0400
2.1769 -1.8856 -0.0400
2.2346 -1.9001 -0.0400
2.2492 -1.9180 -0.0400
2.2608 -1.9360 -0.0400
2.2701 -1.9540 -0.0400
2.2766 -1.9722 -0.0400
2.2808 -1.9908 -0.0400
2.2837 -2.0097 -0.0400
2.2785 -2.0304 -0.0400
2.2744 -2.0513 -0.0400
2.2672 -2.0733 -0.0400
2.2548 -2.0973 -0.0400
2.2314 -2.1254 -0.0400
-1.1907 -3.2693 -0.0400
-1.1284 -3.3362 -0.0400
-1.1300 -3.4252 -0.0400
-1.4724 -5.3100 -0.0400
-1.4222 -5.4032 -0.0400
0.6435 -4.5077 -0.0400
0.7212 -4.5237 -0.0400
0.7467 -4.5940 -0.0400
0.7271 -4.7168 -0.0400
0.6830 -6.2648 -0.0400
1.7986 -6.9503 -0.0400
3.3406 -2.4769 -0.0400
3.3527 -2.4548 -0.0400
3.3641 -2.4396 -0.0400
3.3752 -2.4283 -0.0400
3.3860 -2.4192 -0.0400
3.3962 -2.4060 -0.0400
3.4068 -2.4016 -0.0400
3.4174 -2.3980 -0.0400
3.4279 -2.3943 -0.0400
3.4383 -2.3907 -0.0400
3.4490 -2.3893 -0.0400
3.4598 -2.3884 -0.0400
3.4706 -2.3871 -0.0400
3.4808 -2.3829 -0.0400
3.4911 -2.3796 -0.0400
3.5015 -2.3768 -0.0400
3.5122 -2.3752 -0.0400
3.5232 -2.3743 -0.0400
3.5356 -2.3776 -0.0400
3.5479 -2.3798 -0.0400
3.5607 -2.3831 -0.0400
3.5746 -2.3881 -0.0400
3.5979 -2.4166 -0.0400
6.5722 -2.9826 -0.0400
6.5774 -2.9206 -0.0400
6.6132 -2.8694 -0.0400
6.8375 -2.8767 -0.0400
8.0673 -2.7341 -0.0400
7.5164 -1.0902 -0.0400
7.5391 -1.0108 -0.0400
4.4912 2.7005 -0.0400
4.4086 2.7037 -0.0400
4.3322 2.7327 -0.0400
4.2627 2.7986 -0.0400
3.2867 2.8191 -0.0400
3.2065 2.8008 -0.0400
1.1447 3.4434 -0.0400
1.0610 3.3869 -0.0400
0.9908 3.3028 -0.0400
0.8948 3.2755 -0.0400
-0.6200 2.4812 -0.0400
-0.7084 2.4258 -0.0400
-0.7295 2.3019 -0.0400
-0.8671 2.2945 -0.0400
-0.9138 2.1974 -0.0400
0.5059 0.4367 -0.0400
0.4697 0.3848 -0.0400
0.4107 0.3497 -0.0400
0.4063 0.2750 -0.0400
0.3739 0.2210 -0.0400
0.3179 0.1824 -0.0400
0.2141 0.1727 -0.0400
0.1568 0.1316 -0.0400
-0.4961 -0.7596 -0.0400
-0.4773 -0.8361 -0.0400
-0.4912 -0.9037 -0.0400
-0.5367 -0.9646 -0.0400
2.1865 -1.8732 -0.0400
2.2187 -1.8909 -0.0400
2.2392 -1.9087 -0.0400
2.2533 -1.9266 -0.0400
2.2644 -1.9446 -0.0400
2.2754 -1.9622 -0.0400
2.2789 -1.9809 -0.0400
2.2810 -1.9999 -0.0400
2.2802 -2.0195 -0.0400
2.2779 -2.0397 -0.0400
2.2722 -2.0610 -0.0400
2.2629 -2.0836 -0.0400
2.2002 -2.1221 -0.0400
-1.1904 -3.2726 -0.0400
-1.1272 -3.3392 -0.0400
-1.4750 -5.3119 -0.0400
0.6620 -4.4922 -0.0400
0.7223 -4.5256 -0.0400
0.7432 -4.6007 -0.0400
0.5718 -6.2677 -0.0400
0.6826 -6.2618 -0.0400
1.6871 -6.9747 -0.0400
1.7944 -6.9487 -0.0400
3.3405 -2.4610 -0.0400
3.3521 -2.4428 -0.0400
3.3633 -2.4317 -0.0400
3.3741 -2.4213 -0.0400
3.3847 -2.4144 -0.0400
3.3952 -2.4076 -0.0400
3.4055 -2.4018 -0.0400
3.4159 -2.3982 -0.0400
3.4259 -2.3923 -0.0400
3.4363 -2.3898 -0.0400
3.4469 -2.3890 -0.0400
3.4575 -2.3882 -0.0400
3.4682 -2.3874 -0.0400
3.4781 -2.3832 -0.0400
3.4882 -2.3797 -0.0400
3.4985 -2.3771 -0.0400
3.5091 -2.3759 -0.0400
3.5200 -2.3754 -0.0400
3.5312 -2.3754 -0.0400
3.5430 -2.3770 -0.0400
3.5553 -2.3796 -0.0400
3.5725 -2.3946 -0.0400
3.5894 -2.4068 -0.0400
6.5659 -2.9962 -0.0400
6.5715 -2.9345 -0.0400
6.6041 -2.8823 -0.0400
6.8550 -2.8985 -0.0400
8.0603 -2.8368 -0.0400
8.0554 -2.7496 -0.0400
8.1277 -2.6776 -0.0400
4.6713 2.7123 -0.0400
4.5777 2.6820 -0.0400
4.4950 2.6869 -0.0400
4.4185 2.7151 -0.0400
3.4541 2.8442 -0.0400
3.3727 2.8089 -0.0400
3.2919 2.8164 -0.0400
3.2091 2.8830 -0.0400
1.2333 3.4995 -0.0400
1.1530 3.4329 -0.0400
1.0810 3.3500 -0.0400
1.0010 3.2884 -0.0400
-0.5387 2.5458 -0.0400
-0.5972 2.4588 -0.0400
-0.6621 2.3797 -0.0400
-0.7894 2.3640 -0.0400
-0.8579 2.2873 -0.0400
0.5395 0.5719 -0.0400
0.5442 0.4851 -0.0400
0.5059 0.4348 -0.0400
0.4640 0.3870 -0.0400
0.4435 0.3236 -0.0400
0.3978 0.2787 -0.0400
0.3052 0.2652 -0.0400
0.2429 0.2290 -0.0400
0.1919 0.1843 -0.0400
-0.4633 -0.6993 -0.0400
-0.4587 -0.7724 -0.0400
-0.4802 -0.8382 -0.0400
-2.3165 -0.4828 -0.0400
2.2220 -1.8570 -0.0400
2.2397 -1.8755 -0.0400
2.2525 -1.8940 -0.0400
2.2622 -1.9123 -0.0400
2.2696 -1.9307 -0.0400
2.2740 -1.9493 -0.0400
2.2769 -1.9681 -0.0400
2.2780 -1.9872 -0.0400
2.2688 -2.0084 -0.0400
2.2617 -2.0296 -0.0400
2.2493 -2.0524 -0.0400
2.2282 -2.0781 -0.0400
-1.2207 -3.1968 -0.0400
-1.1880 -3.2741 -0.0400
-1.5364 -5.2276 -0.0400
0.5353 -4.4307 -0.0400
0.6303 -4.4325 -0.0400
0.6628 -4.4937 -0.0400
0.6702 -4.5821 -0.0400
0.5246 -6.1692 -0.0400
0.5999 -6.2207 -0.0400
1.6101 -6.8976 -0.0400
1.7018 -6.9203 -0.0400
3.3156 -2.4976 -0.0400
3.3290 -2.4609 -0.0400
3.3409 -2.4410 -0.0400
3.3521 -2.4302 -0.0400
3.3628 -2.4127 -0.0400
3.3733 -2.4063 -0.0400
3.3836 -2.4000 -0.0400
3.3939 -2.3965 -0.0400
3.4041 -2.3932 -0.0400
3.4143 -2.3900 -0.0400
3.4244 -2.3868 -0.0400
3.4347 -2.3857 -0.0400
3.4453 -2.3862 -0.0400
3.4556 -2.3843 -0.0400
3.4654 -2.3805 -0.0400
3.4754 -2.3775 -0.0400
3.4855 -2.3749 -0.0400
3.4958 -2.3737 -0.0400
3.5065 -2.3731 -0.0400
3.5184 -2.3769 -0.0400
3.5303 -2.3795 -0.0400
3.5428 -2.3835 -0.0400
3.5563 -2.3894 -0.0400
3.5714 -2.3986 -0.0400
3.5910 -2.4182 -0.0400
5.5539 -5.5707 -0.0400
5.6153 -5.5243 -0.0400
5.7150 -5.5393 -0.0400
6.5583 -3.0685 -0.0400
6.5450 -2.9989 -0.0400
6.5821 -2.9487 -0.0400
6.8293 -2.9685 -0.0400
8.0501 -2.9332 -0.0400
8.0330 -2.8427 -0.0400
4.6776 2.6931 -0.0400
4.5875 2.6754 -0.0400
4.5058 2.6845 -0.0400
4.4399 2.7582 -0.0400
3.4637 2.8794 -0.0400
3.3812 2.8171 -0.0400
3.2999 2.8456 -0.0400
1.1741 3.3975 -0.0400
1.0684 3.3926 -0.0400
1.0053 3.2920 -0.0400
-0.5411 2.5528 -0.0400
-0.5899 2.4547 -0.0400
-0.6677 2.3891 -0.0400
-0.7743 2.3521 -0.0400
0.5634 0.5496 -0.0400
0.5460 0.4813 -0.0400
0.4890 0.4456 -0.0400
0.4658 0.3830 -0.0400
0.4426 0.3214 -0.0400
0.3976 0.2760 -0.0400
0.2818 0.2782 -0.0400
0.2374 0.2296 -0.0400
-0.4495 -0.7072 -0.0400
-0.4587 -0.7765 -0.0400
-0.5568 -0.8230 -0.0400
-2.3198 -0.4833 -0.0400
2.2026 -1.8468 -0.0400
2.2278 -1.8656 -0.0400
2.2438 -1.8843 -0.0400
2.2556 -1.9028 -0.0400
2.2693 -1.9207 -0.0400
2.2731 -1.9394 -0.0400
2.2753 -1.9583 -0.0400
2.2752 -1.9775 -0.0400
2.2728 -1.9973 -0.0400
2.2679 -2.0178 -0.0400
2.2596 -2.0393 -0.0400
2.2458 -2.0625 -0.0400
-1.2548 -3.1230 -0.0400
-1.1841 -3.1891 -0.0400
-1.1691 -3.2715 -0.0400
-1.6036 -5.1477 -0.0400
-1.5521 -5.2392 -0.0400
0.5669 -4.4052 -0.0400
0.6324 -4.4346 -0.0400
0.6665 -4.4940 -0.0400
0.6270 -4.6306 -0.0400
0.5302 -6.1591 -0.0400
0.5976 -6.2225 -0.0400
1.5126 -6.8807 -0.0400
1.6147 -6.8738 -0.0400
1.7044 -6.9010 -0.0400
3.3184 -2.4611 -0.0400
3.3304 -2.4417 -0.0400
3.3417 -2.4306 -0.0400
3.3525 -2.4206 -0.0400
3.3631 -2.4129 -0.0400
3.3734 -2.4066 -0.0400
3.3836 -2.4005 -0.0400
3.3935 -2.3938 -0.0400
3.4035 -2.3907 -0.0400
3.4135 -2.3876 -0.0400
3.4235 -2.3857 -0.0400
3.4337 -2.3852 -0.0400
3.4440 -2.3848 -0.0400
3.4542 -2.3842 -0.0400
3.4639 -2.3803 -0.0400
3.4735 -2.3764 -0.0400
3.4835 -2.3749 -0.0400
3.4938 -2.3740 -0.0400
3.5043 -2.3738 -0.0400
3.5151 -2.3741 -0.0400
3.5264 -2.3760 -0.0400
3.5384 -2.3791 -0.0400
3.5550 -2.3948 -0.0400
3.5714 -2.4080 -0.0400
5.5427 -5.5726 -0.0400
5.6082 -5.5335 -0.0400
5.7148 -5.5597 -0.0400
6.5415 -3.0774 -0.0400
6.5412 -3.0130 -0.0400
6.5894 -2.9669 -0.0400
6.8016 -2.9751 -0.0400
8.0449 -2.9497 -0.0400
8.0471 -2.8635 -0.0400
4.4552 2.7724 -0.0400
3.4717 2.8269 -0.0400
3.3902 2.8087 -0.0400
3.3090 2.8283 -0.0400
1.2585 3.4703 -0.0400
1.1747 3.4124 -0.0400
1.0805 3.3803 -0.0400
1.0116 3.2923 -0.0400
-0.4856 2.6505 -0.0400
-0.5406 2.5571 -0.0400
-0.5895 2.4589 -0.0400
-0.6753 2.4014 -0.0400
-0.7723 2.3542 -0.0400
0.5636 0.5479 -0.0400
0.5432 0.4817 -0.0400
0.4719 0.4571 -0.0400
0.4712 0.3769 -0.0400
0.4396 0.3214 -0.0400
0.3778 0.2876 -0.0400
0.2808 0.2765 -0.0400
0.2337 0.2296 -0.0400
-0.4938 -0.6246 -0.0400
-0.4416 -0.7133 -0.0400
-0.4659 -0.7783 -0.0400
-0.5167 -0.8369 -0.0400
2.1760 -1.8358 -0.0400
2.2330 -1.8547 -0.0400
2.2467 -1.8736 -0.0400
2.2574 -1.8924 -0.0400
2.2657 -1.9109 -0.0400
2.2709 -1.9296 -0.0400
2.2741 -1.9484 -0.0400
2.2759 -1.9674 -0.0400
2.2694 -1.9876 -0.0400
2.2632 -2.0082 -0.0400
2.2535 -2.0297 -0.0400
2.2381 -2.0530 -0.0400
2.2065 -2.0806 -0.0400
-1.1807 -3.1918 -0.0400
-1.5994 -5.1459 -0.0400
0.5742 -4.4030 -0.0400
0.6308 -4.4407 -0.0400
0.6554 -4.5096 -0.0400
0.4047 -6.1823 -0.0400
0.5339 -6.1527 -0.0400
0.5768 -6.2546 -0.0400
1.5105 -6.8786 -0.0400
1.6151 -6.8646 -0.0400
1.6961 -6.9173 -0.0400
3.3067 -2.4897 -0.0400
3.3201 -2.4582 -0.0400
3.3319 -2.4395 -0.0400
3.3430 -2.4294 -0.0400
3.3536 -2.4123 -0.0400
3.3639 -2.4064 -0.0400
3.3740 -2.4006 -0.0400
3.3839 -2.3961 -0.0400
3.3938 -2.3931 -0.0400
3.4037 -2.3901 -0.0400
3.4134 -2.3870 -0.0400
3.4233 -2.3851 -0.0400
3.4333 -2.3848 -0.0400
3.4434 -2.3844 -0.0400
3.4531 -2.3822 -0.0400
3.4626 -2.3787 -0.0400
3.4722 -2.3759 -0.0400
3.4819 -2.3735 -0.0400
3.4919 -2.3725 -0.0400
3.5028 -2.3744 -0.0400
3.5136 -2.3758 -0.0400
3.5251 -2.3786 -0.0400
3.5372 -2.3826 -0.0400
3.5502 -2.3886 -0.0400
3.5649 -2.3980 -0.0400
3.5840 -2.4177 -0.0400
5.5347 -5.5788 -0.0400
5.5992 -5.5385 -0.0400
6.5384 -3.0914 -0.0400
6.5327 -3.0251 -0.0400
6.5669 -2.9741 -0.0400
6.8052 -2.9919 -0.0400
6.8773 -2.9480 -0.0400
8.0242 -2.9621 -0.0400
8.0446 -2.8804 -0.0400
7.5569 -1.2800 -0.0400
3.4818 2.8367 -0.0400
3.3998 2.8106 -0.0400
3.3180 2.8852 -0.0400
1.2554 3.4974 -0.0400
1.1837 3.4089 -0.0400
1.1052 3.3406 -0.0400
-0.4631 2.6305 -0.0400
-0.5674 2.5931 -0.0400
-0.5944 2.4696 -0.0400
-0.7733 2.3600 -0.0400
0.5862 0.6125 -0.0400
0.5739 0.5381 -0.0400
0.5356 0.4868 -0.0400
0.4917 0.4401 -0.0400
0.4689 0.3770 -0.0400
0.4339 0.3238 -0.0400
0.3580 0.2998 -0.0400
0.2767 0.2774 -0.0400
0.2092 0.2437 -0.0400
-0.4368 -0.6457 -0.0400
-0.4428 -0.7164 -0.0400
-0.4926 -0.7745 -0.0400
-2.3184 -0.3801 -0.0400
2.1953 -1.8240 -0.0400
2.2221 -1.8439 -0.0400
2.2391 -1.8633 -0.0400
2.2513 -1.8823 -0.0400
2.2606 -1.9011 -0.0400
2.2704 -1.9195 -0.0400
2.2729 -1.9384 -0.0400
2.2739 -1.9575 -0.0400
2.2720 -1.9770 -0.0400
2.2686 -1.9969 -0.0400
2.2617 -2.0176 -0.0400
2.2510 -2.0394 -0.0400
2.1879 -2.0726 -0.0400
-1.2304 -3.1234 -0.0400
-1.1733 -3.1933 -0.0400
-1.6012 -5.1483 -0.0400
0.5270 -4.3612 -0.0400
0.5901 -4.3933 -0.0400
0.6326 -4.4439 -0.0400
0.6024 -4.5671 -0.0400
0.4381 -6.1330 -0.0400
0.5329 -6.1544 -0.0400
0.5711 -6.2634 -0.0400
1.5166 -6.8558 -0.0400
1.6144 -6.8596 -0.0400
1.6943 -6.9151 -0.0400
3.3104 -2.4698 -0.0400
3.3226 -2.4513 -0.0400
3.3344 -2.4260 -0.0400
3.3450 -2.4171 -0.0400
3.3553 -2.4104 -0.0400
3.3654 -2.4048 -0.0400
3.3752 -2.3992 -0.0400
3.3849 -2.3926 -0.0400
3.3946 -2.3898 -0.0400
3.4042 -2.3870 -0.0400
3.4138 -2.3846 -0.0400
3.4235 -2.3838 -0.0400
3.4333 -2.3834 -0.0400
3.4432 -2.3830 -0.0400
3.4525 -2.3798 -0.0400
3.4620 -2.3772 -0.0400
3.4714 -2.3746 -0.0400
3.4811 -2.3734 -0.0400
3.4910 -2.3726 -0.0400
3.5011 -2.3725 -0.0400
3.5115 -2.3729 -0.0400
3.5224 -2.3749 -0.0400
3.5366 -2.3862 -0.0400
3.5499 -2.3936 -0.0400
3.5658 -2.4067 -0.0400
5.5302 -5.5901 -0.0400
5.6271 -5.6037 -0.0400
6.7939 -3.0034 -0.0400
8.0045 -2.9745 -0.0400
8.0169 -2.8914 -0.0400
7.5982 -1.2919 -0.0400
7.5516 -1.2231 -0.0400
7.6392 -1.1337 -0.0400
4.2840 -0.6445 -0.0400
3.4923 2.8412 -0.0400
3.4101 2.8172 -0.0400
3.3283 2.8657 -0.0400
1.2695 3.4828 -0.0400
1.1916 3.4093 -0.0400
1.1010 3.3685 -0.0400
-0.4611 2.6351 -0.0400
-0.5608 2.5923 -0.0400
-0.5911 2.4721 -0.0400
-0.7057 2.4442 -0.0400
-0.7847 2.3771 -0.0400
0.5900 0.6090 -0.0400
0.5748 0.5369 -0.0400
0.5274 0.4930 -0.0400
0.4993 0.4333 -0.0400
0.4711 0.3743 -0.0400
0.4212 0.3320 -0.0400
0.3114 0.3318 -0.0400
0.2737 0.2782 -0.0400
0.1931 0.2530 -0.0400
-0.4297 -0.6509 -0.0400
-0.4433 -0.7193 -0.0400
-0.5032 -0.7748 -0.0400
-2.2980 -0.3857 -0.0400
2.1786 -1.8117 -0.0400
2.2121 -1.8326 -0.0400
2.2324 -1.8524 -0.0400
2.2456 -1.8718 -0.0400
2.2632 -1.8905 -0.0400
2.2685 -1.9093 -0.0400
2.2717 -1.9283 -0.0400
2.2735 -1.9473 -0.0400
2.2734 -1.9665 -0.0400
2.2640 -1.9871 -0.0400
2.2562 -2.0078 -0.0400
2.2436 -2.0297 -0.0400
2.2229 -2.0538 -0.0400
-1.2603 -3.0487 -0.0400
-1.1966 -3.1176 -0.0400
-1.6023 -5.1506 -0.0400
0.5031 -4.3878 -0.0400
0.5927 -4.3962 -0.0400
0.6189 -4.4623 -0.0400
0.4545 -6.1099 -0.0400
0.5158 -6.1812 -0.0400
1.5252 -6.8278 -0.0400
1.6108 -6.8647 -0.0400
1.6838 -6.9408 -0.0400
3.3005 -2.4875 -0.0400
3.3141 -2.4573 -0.0400
3.3265 -2.4294 -0.0400
3.3372 -2.4209 -0.0400
3.3475 -2.4127 -0.0400
3.3575 -2.4075 -0.0400
3.3673 -2.3971 -0.0400
3.3769 -2.3936 -0.0400
3.3865 -2.3910 -0.0400
3.3960 -2.3884 -0.0400
3.4054 -2.3857 -0.0400
3.4148 -2.3835 -0.0400
3.4244 -2.3833 -0.0400
3.4341 -2.3830 -0.0400
3.4437 -2.3827 -0.0400
3.4528 -2.3788 -0.0400
3.4621 -2.3762 -0.0400
3.4713 -2.3736 -0.0400
3.4810 -2.3732 -0.0400
3.4908 -2.3731 -0.0400
3.5008 -2.3732 -0.0400
3.5113 -2.3748 -0.0400
3.5223 -2.3777 -0.0400
3.5340 -2.3818 -0.0400
3.5466 -2.3878 -0.0400
3.5608 -2.3972 -0.0400
5.4701 -5.6567 -0.0400
5.5138 -5.5797 -0.0400
5.6114 -5.5956 -0.0400
8.0085 -2.9924 -0.0400
8.0212 -2.9093 -0.0400
7.5619 -1.3136 -0.0400
7.5393 -1.2420 -0.0400
7.5763 -1.1612 -0.0400
6.0968 1.5479 -0.0400
6.0088 1.5590 -0.0400
4.1691 -0.7727 -0.0400
4.1349 -0.7798 -0.0400
4.0974 -0.7932 -0.0400
3.5024 2.8106 -0.0400
3.4208 2.8177 -0.0400
3.3389 2.8628 -0.0400
1.3707 3.5221 -0.0400
1.2824 3.4725 -0.0400
1.1924 3.4286 -0.0400
1.1191 3.3464 -0.0400
-0.4610 2.6427 -0.0400
-0.5375 2.5733 -0.0400
-0.5918 2.4798 -0.0400
-0.6983 2.4430 -0.0400
0.6132 0.5890 -0.0400
0.5785 0.5340 -0.0400
0.5261 0.4940 -0.0400
0.4991 0.4333 -0.0400
0.4697 0.3750 -0.0400
0.4128 0.3377 -0.0400
0.3103 0.3320 -0.0400
0.2668 0.2822 -0.0400
-0.4362 -0.5780 -0.0400
-0.4328 -0.6526 -0.0400
-0.4490 -0.7204 -0.0400
-0.5572 -0.7626 -0.0400
2.1672 -1.7987 -0.0400
2.2064 -1.8206 -0.0400
2.2279 -1.8410 -0.0400
2.2418 -1.8607 -0.0400
2.2601 -1.8799 -0.0400
2.2663 -1.8989 -0.0400
2.2699 -1.9179 -0.0400
2.2723 -1.9370 -0.0400
2.2699 -1.9564 -0.0400
2.2668 -1.9761 -0.0400
2.2607 -1.9964 -0.0400
2.2517 -2.0174 -0.0400
2.2379 -2.0397 -0.0400
-1.2732 -3.0556 -0.0400
-1.2031 -3.1231 -0.0400
-1.1920 -3.2063 -0.0400
-1.6588 -5.0646 -0.0400
0.5513 -4.3505 -0.0400
0.5896 -4.4047 -0.0400
0.5861 -4.4992 -0.0400
0.3313 -6.1291 -0.0400
0.4563 -6.1087 -0.0400
0.5183 -6.1787 -0.0400
1.4065 -6.8735 -0.0400
1.5273 -6.8188 -0.0400
1.6113 -6.8595 -0.0400
3.3069 -2.4567 -0.0400
3.3188 -2.4408 -0.0400
3.3302 -2.4216 -0.0400
3.3406 -2.4138 -0.0400
3.3505 -2.4082 -0.0400
3.3604 -2.3984 -0.0400
3.3699 -2.3940 -0.0400
3.3793 -2.3915 -0.0400
3.3887 -2.3890 -0.0400
3.3979 -2.3846 -0.0400
3.4071 -2.3829 -0.0400
3.4165 -2.3823 -0.0400
3.4259 -2.3820 -0.0400
3.4353 -2.3817 -0.0400
3.4444 -2.3792 -0.0400
3.4535 -2.3767 -0.0400
3.4625 -2.3743 -0.0400
3.4717 -2.3726 -0.0400
3.4811 -2.3718 -0.0400
3.4907 -2.3714 -0.0400
3.5004 -2.3714 -0.0400
3.5119 -2.3774 -0.0400
3.5229 -2.3809 -0.0400
3.5348 -2.3859 -0.0400
3.5478 -2.3938 -0.0400
3.5634 -2.4072 -0.0400
5.5076 -5.5857 -0.0400
8.0112 -2.9236 -0.0400
7.5886 -1.3273 -0.0400
7.5551 -1.2568 -0.0400
7.6388 -1.1684 -0.0400
6.0164 1.5430 -0.0400
4.2596 -0.6708 -0.0400
4.1411 -0.7901 -0.0400
4.1113 -0.7924 -0.0400
4.0408 -0.8566 -0.0400
4.0112 -0.8633 -0.0400
3.9815 -0.8718 -0.0400
3.5138 2.8095 -0.0400
3.4322 2.8218 -0.0400
3.3500 2.8744 -0.0400
1.2808 3.5010 -0.0400
1.2134 3.3999 -0.0400
-0.4584 2.6483 -0.0400
-0.5355 2.5793 -0.0400
-0.6984 2.4505 -0.0400
0.5998 0.6021 -0.0400
0.5733 0.5394 -0.0400
0.4961 0.5197 -0.0400
0.5067 0.4276 -0.0400
0.4651 0.3788 -0.0400
0.4108 0.3392 -0.0400
0.3084 0.3333 -0.0400
0.2608 0.2861 -0.0400
-0.4221 -0.5849 -0.0400
-0.4253 -0.6573 -0.0400
-0.4739 -0.7154 -0.0400
-2.2679 -0.2876 -0.0400
-2.3050 -0.3837 -0.0400
2.1704 -1.8067 -0.0400
2.2274 -1.8292 -0.0400
2.2407 -1.8493 -0.0400
2.2586 -1.8688 -0.0400
2.2649 -1.8881 -0.0400
2.2686 -1.9072 -0.0400
2.2710 -1.9263 -0.0400
2.2702 -1.9457 -0.0400
2.2677 -1.9652 -0.0400
2.2633 -1.9852 -0.0400
2.2563 -2.0057 -0.0400
2.2250 -2.0302 -0.0400
2.1894 -2.0566 -0.0400
-1.3177 -2.9835 -0.0400
-1.2385 -3.0501 -0.0400
-1.2002 -3.1259 -0.0400
-1.6600 -5.0672 -0.0400
0.4960 -4.3171 -0.0400
0.5549 -4.3533 -0.0400
0.5868 -4.4132 -0.0400
0.5781 -4.5127 -0.0400
0.3427 -6.1151 -0.0400
0.4531 -6.1155 -0.0400
0.5038 -6.2027 -0.0400
1.4337 -6.8022 -0.0400
1.5306 -6.8079 -0.0400
1.6066 -6.8703 -0.0400
3.2995 -2.4651 -0.0400
3.3131 -2.4346 -0.0400
3.3238 -2.4268 -0.0400
3.3342 -2.4195 -0.0400
3.3445 -2.4069 -0.0400
3.3542 -2.4025 -0.0400
3.3637 -2.3934 -0.0400
3.3730 -2.3911 -0.0400
3.3822 -2.3888 -0.0400
3.3913 -2.3847 -0.0400
3.4004 -2.3824 -0.0400
3.4095 -2.3815 -0.0400
3.4187 -2.3811 -0.0400
3.4280 -2.3817 -0.0400
3.4371 -2.3811 -0.0400
3.4459 -2.3776 -0.0400
3.4548 -2.3753 -0.0400
3.4637 -2.3729 -0.0400
3.4729 -2.3724 -0.0400
3.4822 -2.3721 -0.0400
3.4917 -2.3721 -0.0400
3.5014 -2.3729 -0.0400
3.5116 -2.3750 -0.0400
3.5224 -2.3781 -0.0400
3.5337 -2.3826 -0.0400
3.5506 -2.4025 -0.0400
3.5709 -2.4292 -0.0400
5.4420 -5.6388 -0.0400
5.5008 -5.5896 -0.0400
5.6112 -5.6279 -0.0400
5.9038 -4.1582 -0.0400
7.3941 -5.3818 -0.0400
7.4705 -5.3237 -0.0400
7.5558 -1.3481 -0.0400
7.5447 -1.2751 -0.0400
7.6052 -1.1908 -0.0400
6.0386 1.5453 -0.0400
4.2700 -0.6766 -0.0400
4.1666 -0.7744 -0.0400
4.1207 -0.7987 -0.0400
4.0950 -0.7958 -0.0400
4.0193 -0.8709 -0.0400
3.9945 -0.8713 -0.0400
3.9686 -0.8744 -0.0400
3.9490 -0.8677 -0.0400
3.9292 -0.8616 -0.0400
1.3889 3.5267 -0.0400
1.3032 3.4696 -0.0400
1.2019 3.4525 -0.0400
1.1326 3.3587 -0.0400
-0.4753 2.6779 -0.0400
-0.5125 2.5622 -0.0400
-0.6965 2.4568 -0.0400
0.6079 0.5967 -0.0400
0.5644 0.5486 -0.0400
0.5160 0.5046 -0.0400
0.5007 0.4335 -0.0400
0.4551 0.3874 -0.0400
0.3802 0.3628 -0.0400
0.3004 0.3397 -0.0400
0.2256 0.3110 -0.0400
-0.4201 -0.5874 -0.0400
-0.4262 -0.6589 -0.0400
-0.5059 -0.7079 -0.0400
-2.2614 -0.2886 -0.0400
2.1873 -1.7943 -0.0400
2.2136 -1.8163 -0.0400
2.2428 -1.8375 -0.0400
2.2517 -1.8573 -0.0400
2.2590 -1.8769 -0.0400
2.2678 -1.8961 -0.0400
2.2700 -1.9154 -0.0400
2.2697 -1.9347 -0.0400
2.2674 -1.9543 -0.0400
2.2636 -1.9741 -0.0400
2.2573 -1.9944 -0.0400
2.2322 -2.0174 -0.0400
2.2087 -2.0412 -0.0400
-1.2448 -3.0552 -0.0400
-1.1945 -3.1279 -0.0400
-1.7219 -4.9847 -0.0400
0.5002 -4.3197 -0.0400
0.5576 -4.3571 -0.0400
0.5848 -4.4213 -0.0400
0.3774 -6.0690 -0.0400
0.4537 -6.1173 -0.0400
1.4307 -6.8093 -0.0400
1.5295 -6.8102 -0.0400
1.6048 -6.8739 -0.0400
3.2939 -2.4638 -0.0400
3.3060 -2.4499 -0.0400
3.3184 -2.4273 -0.0400
3.3293 -2.4135 -0.0400
3.3392 -2.4080 -0.0400
3.3490 -2.3996 -0.0400
3.3584 -2.3956 -0.0400
3.3676 -2.3919 -0.0400
3.3767 -2.3877 -0.0400
3.3857 -2.3857 -0.0400
3.3946 -2.3819 -0.0400
3.4035 -2.3808 -0.0400
3.4124 -2.3803 -0.0400
3.4215 -2.3808 -0.0400
3.4305 -2.3806 -0.0400
3.4393 -2.3786 -0.0400
3.4480 -2.3759 -0.0400
3.4566 -2.3729 -0.0400
3.4655 -2.3718 -0.0400
3.4744 -2.3711 -0.0400
3.4836 -2.3708 -0.0400
3.4928 -2.3708 -0.0400
3.5034 -2.3757 -0.0400
3.5138 -2.3788 -0.0400
3.5247 -2.3831 -0.0400
3.5365 -2.3890 -0.0400
3.5496 -2.3980 -0.0400
3.5662 -2.4156 -0.0400
5.5162 -5.6312 -0.0400
5.8591 -4.2109 -0.0400
5.8984 -4.1658 -0.0400
7.3859 -5.3909 -0.0400
7.4842 -5.3516 -0.0400
7.5627 -1.3639 -0.0400
7.5422 -1.2922 -0.0400
6.0508 1.5343 -0.0400
4.2851 -0.6764 -0.0400
4.1817 -0.7736 -0.0400
4.1445 -0.7849 -0.0400
4.1057 -0.8004 -0.0400
4.0420 -0.8565 -0.0400
4.0043 -0.8765 -0.0400
3.9819 -0.8735 -0.0400
3.9585 -0.8730 -0.0400
3.9394 -0.8654 -0.0400
3.9213 -0.8562 -0.0400
3.9046 -0.8445 -0.0400
3.8900 -0.8280 -0.0400
1.3938 3.5430 -0.0400
1.3146 3.4677 -0.0400
1.2333 3.4014 -0.0400
-0.3711 2.7260 -0.0400
-0.5092 2.5683 -0.0400
0.6189 0.5896 -0.0400
0.5576 0.5569 -0.0400
0.5233 0.5006 -0.0400
0.5028 0.4337 -0.0400
0.4435 0.3980 -0.0400
0.3405 0.3939 -0.0400
0.3043 0.3381 -0.0400
-0.4409 -0.5066 -0.0400
-0.4093 -0.5923 -0.0400
-0.4346 -0.6577 -0.0400
-0.5234 -0.7041 -0.0400
-2.2613 -0.2875 -0.0400
2.2074 -1.8030 -0.0400
2.2384 -1.8250 -0.0400
2.2475 -1.8452 -0.0400
2.2612 -1.8651 -0.0400
2.2655 -1.8846 -0.0400
2.2694 -1.9040 -0.0400
2.2702 -1.9233 -0.0400
2.2694 -1.9428 -0.0400
2.2623 -1.9628 -0.0400
2.2562 -1.9830 -0.0400
2.2336 -2.0053 -0.0400
2.2139 -2.0281 -0.0400
2.1665 -2.0557 -0.0400
-1.2134 -3.0505 -0.0400
-1.6706 -5.0779 -0.0400
0.5005 -4.3257 -0.0400
0.5437 -4.3757 -0.0400
0.5253 -4.4820 -0.0400
0.3822 -6.0656 -0.0400
0.4421 -6.1374 -0.0400
1.3111 -6.8561 -0.0400
1.4411 -6.7836 -0.0400
1.5276 -6.8155 -0.0400
1.5866 -6.9251 -0.0400
3.2874 -2.4739 -0.0400
3.3024 -2.4405 -0.0400
3.3136 -2.4300 -0.0400
3.3245 -2.4174 -0.0400
3.3349 -2.4062 -0.0400
3.3444 -2.4027 -0.0400
3.3539 -2.3952 -0.0400
3.3631 -2.3892 -0.0400
3.3720 -2.3875 -0.0400
3.3809 -2.3839 -0.0400
3.3897 -2.3821 -0.0400
3.3984 -2.3802 -0.0400
3.4071 -2.3796 -0.0400
3.4159 -2.3794 -0.0400
3.4248 -2.3799 -0.0400
3.4335 -2.3788 -0.0400
3.4420 -2.3759 -0.0400
3.4505 -2.3731 -0.0400
3.4590 -2.3713 -0.0400
3.4678 -2.3707 -0.0400
3.4766 -2.3700 -0.0400
3.4860 -2.3718 -0.0400
3.4954 -2.3730 -0.0400
3.5051 -2.3750 -0.0400
3.5152 -2.3778 -0.0400
3.5258 -2.3819 -0.0400
3.5408 -2.3987 -0.0400
3.5560 -2.4140 -0.0400
5.4253 -5.6366 -0.0400
5.4904 -5.5995 -0.0400
5.8549 -4.2186 -0.0400
5.8911 -4.1708 -0.0400
7.3790 -5.4005 -0.0400
7.5642 -1.3802 -0.0400
7.5674 -1.3052 -0.0400
7.6692 -1.2146 -0.0400
6.0551 1.5131 -0.0400
4.3174 -0.6541 -0.0400
4.2174 -0.7449 -0.0400
4.1604 -0.7828 -0.0400
4.1181 -0.8031 -0.0400
4.0575 -0.8538 -0.0400
4.0242 -0.8661 -0.0400
3.9927 -0.8775 -0.0400
3.9709 -0.8738 -0.0400
3.9495 -0.8701 -0.0400
3.9312 -0.8610 -0.0400
3.9149 -0.8482 -0.0400
3.8986 -0.8349 -0.0400
3.8868 -0.8117 -0.0400
3.8730 -0.7915 -0.0400
3.8732 -0.7375 -0.0400
1.4057 3.5421 -0.0400
1.3263 3.4666 -0.0400
1.2342 3.4266 -0.0400
1.1450 3.3800 -0.0400
-0.3863 2.7566 -0.0400
-0.4286 2.6443 -0.0400
-0.5288 2.6016 -0.0400
-0.6206 2.5478 -0.0400
0.6528 0.6501 -0.0400
0.6192 0.5926 -0.0400
0.5570 0.5606 -0.0400
0.5245 0.5024 -0.0400
0.5003 0.4382 -0.0400
0.4340 0.4076 -0.0400
0.3422 0.3948 -0.0400
0.3015 0.3421 -0.0400
-0.4370 -0.5087 -0.0400
-0.4084 -0.5935 -0.0400
-0.4438 -0.6558 -0.0400
-2.2703 -0.1759 -0.0400
2.1862 -1.7875 -0.0400
2.2270 -1.8113 -0.0400
2.2470 -1.8325 -0.0400
2.2537 -1.8526 -0.0400
2.2642 -1.8725 -0.0400
2.2685 -1.8921 -0.0400
2.2695 -1.9116 -0.0400
2.2671 -1.9311 -0.0400
2.2645 -1.9508 -0.0400
2.2531 -1.9713 -0.0400
2.2444 -1.9920 -0.0400
2.2328 -2.0134 -0.0400
2.1710 -2.0416 -0.0400
-1.2578 -2.9789 -0.0400
-1.2139 -3.0538 -0.0400
-1.7121 -4.9828 -0.0400
0.4537 -4.2850 -0.0400
0.5202 -4.3154 -0.0400
0.5508 -4.3760 -0.0400
0.5345 -4.4800 -0.0400
0.3030 -6.0247 -0.0400
0.3798 -6.0724 -0.0400
0.3663 -6.2505 -0.0400
1.3415 -6.7846 -0.0400
1.4390 -6.7905 -0.0400
1.5202 -6.8367 -0.0400
3.2976 -2.4462 -0.0400
3.3101 -2.4268 -0.0400
3.3210 -2.4157 -0.0400
3.3313 -2.4055 -0.0400
3.3410 -2.3988 -0.0400
3.3501 -2.3958 -0.0400
3.3593 -2.3895 -0.0400
3.3682 -2.3861 -0.0400
3.3769 -2.3845 -0.0400
3.3856 -2.3813 -0.0400
3.3942 -2.3790 -0.0400
3.4027 -2.3785 -0.0400
3.4114 -2.3788 -0.0400
3.4200 -2.3787 -0.0400
3.4286 -2.3785 -0.0400
3.4369 -2.3754 -0.0400
3.4453 -2.3735 -0.0400
3.4536 -2.3710 -0.0400
3.4622 -2.3704 -0.0400
3.4707 -2.3697 -0.0400
3.4798 -2.3711 -0.0400
3.4887 -2.3715 -0.0400
3.4979 -2.3730 -0.0400
3.5075 -2.3752 -0.0400
3.5192 -2.3845 -0.0400
3.5303 -2.3903 -0.0400
3.5426 -2.3987 -0.0400
3.5577 -2.4142 -0.0400
5.3696 -5.7041 -0.0400
5.4148 -5.6297 -0.0400
5.5130 -5.6518 -0.0400
5.8562 -4.2307 -0.0400
5.8832 -4.1747 -0.0400
7.4045 -5.4379 -0.0400
7.6315 -1.4637 -0.0400
7.5600 -1.3969 -0.0400
7.5696 -1.3213 -0.0400
7.6662 -1.2316 -0.0400
6.1489 1.4816 -0.0400
6.0695 1.5043 -0.0400
6.0146 1.5573 -0.0400
4.2823 -0.6771 -0.0400
4.1632 -0.7998 -0.0400
4.1319 -0.8040 -0.0400
4.0844 -0.8343 -0.0400
4.0401 -0.8628 -0.0400
4.0046 -0.8800 -0.0400
3.9823 -0.8771 -0.0400
3.9617 -0.8715 -0.0400
3.9415 -0.8657 -0.0400
3.9236 -0.8557 -0.0400
3.9089 -0.8390 -0.0400
3.8933 -0.8238 -0.0400
3.8849 -0.7917 -0.0400
3.8740 -0.7633 -0.0400
1.4188 3.5392 -0.0400
1.3260 3.4985 -0.0400
1.2532 3.4085 -0.0400
-0.3616 2.7391 -0.0400
-0.4554 2.6885 -0.0400
-0.5029 2.5835 -0.0400
-0.6156 2.5535 -0.0400
0.6475 0.6595 -0.0400
0.6202 0.5958 -0.0400
0.5637 0.5586 -0.0400
0.5439 0.4896 -0.0400
0.5005 0.4412 -0.0400
0.4327 0.4116 -0.0400
0.3423 0.3976 -0.0400
0.2461 0.3850 -0.0400
-0.4100 -0.5186 -0.0400
-0.4087 -0.5938 -0.0400
-0.4784 -0.6451 -0.0400
-2.2723 -0.1730 -0.0400
2.1819 -1.7724 -0.0400
2.2225 -1.7971 -0.0400
2.2430 -1.8191 -0.0400
2.2495 -1.8395 -0.0400
2.2606 -1.8598 -0.0400
2.2665 -1.8797 -0.0400
2.2688 -1.8993 -0.0400
2.2688 -1.9189 -0.0400
2.2646 -1.9386 -0.0400
2.2550 -1.9588 -0.0400
2.2484 -1.9792 -0.0400
2.2242 -2.0015 -0.0400
2.2039 -2.0242 -0.0400
0.1402 -2.3032 -0.0400
-1.2944 -2.9043 -0.0400
-1.2381 -2.9772 -0.0400
-1.2201 -3.0584 -0.0400
-1.7144 -4.9862 -0.0400
0.4424 -4.3006 -0.0400
0.5155 -4.3259 -0.0400
0.5017 -4.4256 -0.0400
0.3078 -6.0222 -0.0400
0.3772 -6.0801 -0.0400
1.3453 -6.7781 -0.0400
1.4407 -6.7888 -0.0400
1.5093 -6.8678 -0.0400
3.2956 -2.4381 -0.0400
3.3076 -2.4235 -0.0400
3.3183 -2.4139 -0.0400
3.3285 -2.4049 -0.0400
3.3381 -2.3991 -0.0400
3.3474 -2.3932 -0.0400
3.3565 -2.3880 -0.0400
3.3652 -2.3850 -0.0400
3.3738 -2.3822 -0.0400
3.3824 -2.3809 -0.0400
3.3908 -2.3783 -0.0400
3.3992 -2.3776 -0.0400
3.4076 -2.3775 -0.0400
3.4161 -2.3778 -0.0400
3.4245 -2.3779 -0.0400
3.4327 -2.3752 -0.0400
3.4409 -2.3727 -0.0400
3.4491 -2.3709 -0.0400
3.4574 -2.3695 -0.0400
3.4658 -2.3695 -0.0400
3.4743 -2.3693 -0.0400
3.4832 -2.3710 -0.0400
3.4922 -2.3724 -0.0400
3.5013 -2.3741 -0.0400
3.5122 -2.3820 -0.0400
3.5225 -2.3864 -0.0400
3.5336 -2.3924 -0.0400
3.5460 -2.4019 -0.0400
5.4108 -5.6334 -0.0400
5.4845 -5.6127 -0.0400
5.8366 -4.2224 -0.0400
5.8973 -4.1978 -0.0400
7.3788 -5.4295 -0.0400
7.5534 -1.4136 -0.0400
7.5471 -1.3404 -0.0400
6.1879 1.5025 -0.0400
6.0867 1.4988 -0.0400
6.0493 1.5750 -0.0400
4.2841 -0.6958 -0.0400
4.1846 -0.7907 -0.0400
4.1490 -0.8006 -0.0400
4.1201 -0.8017 -0.0400
4.0449 -0.8774 -0.0400
4.0183 -0.8803 -0.0400
3.9949 -0.8786 -0.0400
3.9731 -0.8748 -0.0400
3.9520 -0.8703 -0.0400
3.9339 -0.8606 -0.0400
3.9168 -0.8488 -0.0400
3.9031 -0.8294 -0.0400
3.8889 -0.8102 -0.0400
3.8852 -0.7656 -0.0400
4.9163 2.7012 -0.0400
4.8014 2.6179 -0.0400
1.4377 3.5219 -0.0400
1.3423 3.4885 -0.0400
1.2648 3.4105 -0.0400
-0.2785 2.8166 -0.0400
-0.4172 2.6561 -0.0400
-0.6048 2.5536 -0.0400
0.6764 0.7285 -0.0400
0.6647 0.6486 -0.0400
0.6139 0.6064 -0.0400
0.5539 0.5717 -0.0400
0.5423 0.4952 -0.0400
0.5032 0.4429 -0.0400
0.3823 0.4549 -0.0400
0.3404 0.4025 -0.0400
0.2484 0.3867 -0.0400
-0.4564 -0.4246 -0.0400
-0.4052 -0.5201 -0.0400
-0.4121 -0.5926 -0.0400
-2.2459 -0.1783 -0.0400
2.1961 -1.7799 -0.0400
2.2368 -1.8046 -0.0400
2.2503 -1.8259 -0.0400
2.2600 -1.8465 -0.0400
2.2657 -1.8666 -0.0400
2.2680 -1.8864 -0.0400
2.2682 -1.9061 -0.0400
2.2657 -1.9259 -0.0400
2.2597 -1.9459 -0.0400
2.2476 -1.9664 -0.0400
2.2394 -1.9871 -0.0400
2.2101 -2.0100 -0.0400
0.1834 -2.2452 -0.0400
-1.3306 -2.9146 -0.0400
-1.2278 -2.9775 -0.0400
-1.7784 -4.9046 -0.0400
-1.7336 -4.9997 -0.0400
0.4805 -4.2760 -0.0400
0.5224 -4.3267 -0.0400
0.5120 -4.4231 -0.0400
0.3092 -6.0246 -0.0400
0.3772 -6.0842 -0.0400
1.3440 -6.7845 -0.0400
1.4372 -6.8008 -0.0400
1.5003 -6.8946 -0.0400
3.2920 -2.4441 -0.0400
3.3051 -2.4241 -0.0400
3.3161 -2.4135 -0.0400
3.3264 -2.4041 -0.0400
3.3363 -2.3955 -0.0400
3.3455 -2.3906 -0.0400
3.3544 -2.3865 -0.0400
3.3630 -2.3840 -0.0400
3.3715 -2.3816 -0.0400
3.3799 -2.3791 -0.0400
3.3883 -2.3772 -0.0400
3.3965 -2.3765 -0.0400
3.4047 -2.3767 -0.0400
3.4130 -2.3767 -0.0400
3.4213 -2.3770 -0.0400
3.4294 -2.3743 -0.0400
3.4375 -2.3728 -0.0400
3.4455 -2.3704 -0.0400
3.4536 -2.3694 -0.0400
3.4618 -2.3688 -0.0400
3.4702 -2.3696 -0.0400
3.4785 -2.3695 -0.0400
3.4870 -2.3699 -0.0400
3.4965 -2.3744 -0.0400
3.5056 -2.3766 -0.0400
3.5166 -2.3853 -0.0400
3.5270 -2.3906 -0.0400
3.5384 -2.3980 -0.0400
5.3446 -5.6773 -0.0400
5.4072 -5.6368 -0.0400
5.5160 -5.6789 -0.0400
5.8352 -4.2305 -0.0400
5.8773 -4.1890 -0.0400
7.6081 -1.4975 -0.0400
7.5587 -1.4286 -0.0400
7.5604 -1.3544 -0.0400
7.6311 -1.2694 -0.0400
6.1703 1.4541 -0.0400
6.0957 1.4827 -0.0400
6.0476 1.5448 -0.0400
4.3163 -0.6736 -0.0400
4.2246 -0.7559 -0.0400
4.1555 -0.8128 -0.0400
4.1285 -0.8113 -0.0400
4.0661 -0.8666 -0.0400
4.0345 -0.8767 -0.0400
4.0084 -0.8790 -0.0400
3.9828 -0.8817 -0.0400
3.9628 -0.8750 -0.0400
3.9444 -0.8657 -0.0400
3.9266 -0.8550 -0.0400
3.9126 -0.8364 -0.0400
3.8980 -0.8179 -0.0400
3.8848 -0.7955 -0.0400
4.9087 2.6262 -0.0400
4.8180 2.6167 -0.0400
4.7368 2.6349 -0.0400
4.6640 2.6832 -0.0400
1.5383 3.5788 -0.0400
1.4501 3.5239 -0.0400
1.3553 3.4889 -0.0400
1.2758 3.4152 -0.0400
-0.3531 2.7571 -0.0400
-0.4230 2.6771 -0.0400
0.6617 0.6574 -0.0400
0.5812 0.6416 -0.0400
0.5803 0.5539 -0.0400
0.5477 0.4956 -0.0400
0.4919 0.4568 -0.0400
0.3795 0.4616 -0.0400
0.3433 0.4046 -0.0400
0.2683 0.3763 -0.0400
-0.3872 -0.4502 -0.0400
-0.3890 -0.5252 -0.0400
-0.4126 -0.5918 -0.0400
-2.2416 -0.1764 -0.0400
2.1853 -1.7628 -0.0400
2.2240 -1.7885 -0.0400
2.2424 -1.8109 -0.0400
2.2540 -1.8321 -0.0400
2.2615 -1.8527 -0.0400
2.2671 -1.8729 -0.0400
2.2677 -1.8928 -0.0400
2.2653 -1.9126 -0.0400
2.2601 -1.9326 -0.0400
2.2503 -1.9529 -0.0400
2.2435 -1.9734 -0.0400
2.2227 -1.9952 -0.0400
2.1774 -2.0199 -0.0400
0.1732 -2.2503 -0.0400
-1.2806 -2.9062 -0.0400
-1.2400 -2.9828 -0.0400
0.4376 -4.2325 -0.0400
0.4865 -4.2776 -0.0400
0.4964 -4.3552 -0.0400
0.3072 -6.0318 -0.0400
1.2443 -6.7850 -0.0400
1.3532 -6.7667 -0.0400
1.4209 -6.8456 -0.0400
3.2919 -2.4346 -0.0400
3.3047 -2.4174 -0.0400
3.3158 -2.4058 -0.0400
3.3252 -2.4021 -0.0400
3.3348 -2.3959 -0.0400
3.3441 -2.3900 -0.0400
3.3530 -2.3856 -0.0400
3.3615 -2.3830 -0.0400
3.3700 -2.3794 -0.0400
3.3783 -2.3773 -0.0400
3.3865 -2.3760 -0.0400
3.3946 -2.3754 -0.0400
3.4027 -2.3756 -0.0400
3.4107 -2.3759 -0.0400
3.4188 -2.3761 -0.0400
3.4268 -2.3735 -0.0400
3.4347 -2.3714 -0.0400
3.4427 -2.3700 -0.0400
3.4506 -2.3685 -0.0400
3.4586 -2.3684 -0.0400
3.4666 -2.3679 -0.0400
3.4749 -2.3689 -0.0400
3.4836 -2.3716 -0.0400
3.4921 -2.3727 -0.0400
3.5017 -2.3782 -0.0400
3.5110 -2.3813 -0.0400
3.5205 -2.3849 -0.0400
3.5331 -2.3987 -0.0400
3.5453 -2.4092 -0.0400
5.3454 -5.6876 -0.0400
5.4005 -5.6332 -0.0400
5.8039 -4.2910 -0.0400
5.8265 -4.2307 -0.0400
7.2902 -5.5008 -0.0400
6.4754 -3.2592 -0.0400
6.4717 -3.1940 -0.0400
7.5539 -1.3707 -0.0400
6.2715 1.4374 -0.0400
6.1684 1.4336 -0.0400
6.1396 1.5197 -0.0400
4.3361 -0.7061 -0.0400
4.2385 -0.7932 -0.0400
4.1946 -0.8125 -0.0400
4.1615 -0.8187 -0.0400
4.1346 -0.8171 -0.0400
4.0582 -0.8942 -0.0400
4.0330 -0.8946 -0.0400
4.0103 -0.8917 -0.0400
3.9899 -0.8853 -0.0400
3.9705 -0.8775 -0.0400
3.9537 -0.8649 -0.0400
3.9378 -0.8502 -0.0400
3.9226 -0.8336 -0.0400
3.9093 -0.8119 -0.0400
3.9156 -0.7439 -0.0400
5.0151 2.6426 -0.0400
4.9054 2.5813 -0.0400
4.8262 2.6062 -0.0400
4.7685 2.7043 -0.0400
1.6411 3.6197 -0.0400
1.5554 3.5552 -0.0400
1.4545 3.5373 -0.0400
-0.1800 2.8871 -0.0400
-0.3287 2.7370 -0.0400
0.7398 0.7704 -0.0400
0.7118 0.7051 -0.0400
0.6503 0.6727 -0.0400
0.6116 0.6183 -0.0400
0.5885 0.5507 -0.0400
0.4898 0.5484 -0.0400
0.4255 0.5146 -0.0400
0.3640 0.4773 -0.0400
-0.3942 -0.3694 -0.0400
-0.3653 -0.4577 -0.0400
-0.4050 -0.5185 -0.0400
-2.1952 0.0289 -0.0400
2.2048 -1.7473 -0.0400
2.2347 -1.7724 -0.0400
2.2497 -1.7948 -0.0400
2.2593 -1.8161 -0.0400
2.2639 -1.8366 -0.0400
2.2653 -1.8568 -0.0400
2.2649 -1.8768 -0.0400
2.2612 -1.8967 -0.0400
2.2508 -1.9167 -0.0400
2.2388 -1.9371 -0.0400
2.2201 -1.9582 -0.0400
2.1852 -1.9807 -0.0400
0.1770 -2.1386 -0.0400
0.1682 -2.1962 -0.0400
-1.3606 -2.7514 -0.0400
-1.2653 -2.8192 -0.0400
-1.2565 -2.9025 -0.0400
-1.8133 -4.8071 -0.0400
0.3922 -4.1884 -0.0400
0.4490 -4.2279 -0.0400
0.4693 -4.2959 -0.0400
0.1617 -5.9280 -0.0400
0.2399 -5.9745 -0.0400
1.1762 -6.7133 -0.0400
1.2719 -6.7258 -0.0400
1.3502 -6.7769 -0.0400
3.2657 -2.4458 -0.0400
3.2795 -2.4298 -0.0400
3.2933 -2.4107 -0.0400
3.3051 -2.3978 -0.0400
3.3143 -2.3950 -0.0400
3.3241 -2.3882 -0.0400
3.3335 -2.3820 -0.0400
3.3423 -2.3789 -0.0400
3.3505 -2.3782 -0.0400
3.3589 -2.3757 -0.0400
3.3672 -2.3735 -0.0400
3.3752 -2.3722 -0.0400
3.3832 -2.3717 -0.0400
3.3911 -2.3720 -0.0400
3.3991 -2.3723 -0.0400
3.4070 -2.3727 -0.0400
3.4149 -2.3702 -0.0400
3.4227 -2.3685 -0.0400
3.4305 -2.3667 -0.0400
3.4383 -2.3659 -0.0400
3.4462 -2.3658 -0.0400
3.4541 -2.3664 -0.0400
3.4621 -2.3664 -0.0400
3.4703 -2.3682 -0.0400
3.4789 -2.3717 -0.0400
3.4874 -2.3734 -0.0400
3.4968 -2.3795 -0.0400
3.5071 -2.3885 -0.0400
3.5170 -2.3939 -0.0400
3.5314 -2.4161 -0.0400
5.2646 -5.6967 -0.0400
5.3577 -5.7166 -0.0400
5.7809 -4.2734 -0.0400
7.2289 -5.5784 -0.0400
6.4405 -3.3145 -0.0400
6.4394 -3.2502 -0.0400
6.4762 -3.2028 -0.0400
6.6967 -3.2277 -0.0400
6.7519 -3.1823 -0.0400
6.0739 1.5226 -0.0400
4.3030 -0.6900 -0.0400
4.1870 -0.8113 -0.0400
4.1549 -0.8167 -0.0400
4.1082 -0.8463 -0.0400
4.0634 -0.8762 -0.0400
4.0344 -0.8828 -0.0400
4.0097 -0.8832 -0.0400
3.9852 -0.8843 -0.0400
3.9660 -0.8759 -0.0400
3.9479 -0.8657 -0.0400
3.9311 -0.8526 -0.0400
3.9150 -0.8375 -0.0400
3.9070 -0.8033 -0.0400
3.8980 -0.7690 -0.0400
4.9484 2.6391 -0.0400
4.8517 2.6131 -0.0400
4.7692 2.6282 -0.0400
4.6985 2.6845 -0.0400
-0.3171 2.7444 -0.0400
0.7161 0.7115 -0.0400
0.6687 0.6653 -0.0400
0.5984 0.6399 -0.0400
0.5898 0.5586 -0.0400
0.5495 0.5064 -0.0400
0.4807 0.4776 -0.0400
0.3872 0.4668 -0.0400
0.3390 0.4187 -0.0400
-0.3974 -0.4425 -0.0400
-0.3904 -0.5215 -0.0400
-0.4430 -0.5783 -0.0400
2.1707 -1.7484 -0.0400
2.2263 -1.7777 -0.0400
2.2472 -1.8011 -0.0400
2.2530 -1.8223 -0.0400
2.2623 -1.8435 -0.0400
2.2659 -1.8639 -0.0400
2.2665 -1.8841 -0.0400
2.2635 -1.9042 -0.0400
2.2581 -1.9244 -0.0400
2.2488 -1.9448 -0.0400
2.2355 -1.9656 -0.0400
2.2158 -1.9873 -0.0400
0.1728 -2.1430 -0.0400
0.1792 -2.1996 -0.0400
-1.3049 -2.8290 -0.0400
-1.2428 -2.9020 -0.0400
-1.2509 -2.9892 -0.0400
-1.7590 -4.8983 -0.0400
0.3894 -4.1988 -0.0400
0.4535 -4.2328 -0.0400
0.4815 -4.2946 -0.0400
0.4618 -4.3970 -0.0400
0.2444 -5.9750 -0.0400
0.2263 -6.1482 -0.0400
1.2657 -6.7465 -0.0400
1.3570 -6.7678 -0.0400
3.2781 -2.4434 -0.0400
3.2921 -2.4257 -0.0400
3.3052 -2.4090 -0.0400
3.3154 -2.4026 -0.0400
3.3257 -2.3940 -0.0400
3.3346 -2.3909 -0.0400
3.3440 -2.3842 -0.0400
3.3526 -2.3808 -0.0400
3.3608 -2.3798 -0.0400
3.3691 -2.3769 -0.0400
3.3772 -2.3745 -0.0400
3.3851 -2.3738 -0.0400
3.3929 -2.3740 -0.0400
3.4007 -2.3742 -0.0400
3.4085 -2.3743 -0.0400
3.4163 -2.3745 -0.0400
3.4240 -2.3717 -0.0400
3.4317 -2.3692 -0.0400
3.4393 -2.3676 -0.0400
3.4470 -2.3671 -0.0400
3.4547 -2.3669 -0.0400
3.4624 -2.3671 -0.0400
3.4703 -2.3677 -0.0400
3.4783 -2.3695 -0.0400
3.4866 -2.3723 -0.0400
3.4953 -2.3765 -0.0400
3.5038 -2.3784 -0.0400
3.5135 -2.3852 -0.0400
3.5242 -2.3956 -0.0400
3.5345 -2.4021 -0.0400
5.2715 -5.7193 -0.0400
5.3277 -5.6671 -0.0400
5.4205 -5.6849 -0.0400
5.7874 -4.2892 -0.0400
5.8188 -4.2383 -0.0400
7.2768 -5.5115 -0.0400
6.4633 -3.2735 -0.0400
6.4538 -3.2063 -0.0400
6.5006 -3.1629 -0.0400
6.7200 -3.1841 -0.0400
6.7852 -3.1418 -0.0400
4.2317 -0.8042 -0.0400
4.1932 -0.8171 -0.0400
4.1617 -0.8216 -0.0400
4.0883 -0.8929 -0.0400
4.0595 -0.8983 -0.0400
4.0352 -0.8976 -0.0400
4.0130 -0.8940 -0.0400
3.9927 -0.8876 -0.0400
3.9738 -0.8785 -0.0400
3.9584 -0.8627 -0.0400
3.9428 -0.8469 -0.0400
3.9294 -0.8255 -0.0400
3.9182 -0.7977 -0.0400
3.9144 -0.7505 -0.0400
5.0390 2.6080 -0.0400
4.9418 2.5838 -0.0400
4.8613 2.6060 -0.0400
4.7945 2.6737 -0.0400
-0.3134 2.7513 -0.0400
0.7527 0.7745 -0.0400
0.7181 0.7153 -0.0400
0.6486 0.6898 -0.0400
0.6383 0.6087 -0.0400
0.5822 0.5702 -0.0400
0.4649 0.5831 -0.0400
0.4288 0.5248 -0.0400
0.3514 0.4997 -0.0400
-0.3414 -0.3862 -0.0400
-0.3713 -0.4509 -0.0400
-0.4372 -0.5025 -0.0400
-2.2158 0.0458 -0.0400
2.1940 -1.7325 -0.0400
2.2350 -1.7605 -0.0400
2.2529 -1.7839 -0.0400
2.2574 -1.8052 -0.0400
2.2634 -1.8263 -0.0400
2.2649 -1.8468 -0.0400
2.2636 -1.8671 -0.0400
2.2587 -1.8872 -0.0400
2.2500 -1.9074 -0.0400
2.2366 -1.9278 -0.0400
2.2165 -1.9488 -0.0400
2.1814 -1.9710 -0.0400
0.1697 -2.0879 -0.0400
0.1697 -2.1450 -0.0400
-1.3025 -2.7440 -0.0400
-1.2607 -2.8215 -0.0400
-1.8717 -4.7225 -0.0400
-1.8163 -4.8115 -0.0400
0.3487 -4.1504 -0.0400
0.4152 -4.1835 -0.0400
0.4456 -4.2431 -0.0400
0.1758 -5.9199 -0.0400
0.2236 -6.0047 -0.0400
1.1840 -6.7070 -0.0400
1.2479 -6.7901 -0.0400
3.2661 -2.4394 -0.0400
3.2845 -2.4090 -0.0400
3.2954 -2.4018 -0.0400
3.3071 -2.3901 -0.0400
3.3163 -2.3868 -0.0400
3.3253 -2.3836 -0.0400
3.3346 -2.3778 -0.0400
3.3428 -2.3768 -0.0400
3.3513 -2.3736 -0.0400
3.3593 -2.3727 -0.0400
3.3674 -2.3705 -0.0400
3.3752 -2.3700 -0.0400
3.3829 -2.3705 -0.0400
3.3905 -2.3708 -0.0400
3.3982 -2.3712 -0.0400
3.4059 -2.3690 -0.0400
3.4136 -2.3682 -0.0400
3.4212 -2.3664 -0.0400
3.4287 -2.3647 -0.0400
3.4362 -2.3644 -0.0400
3.4438 -2.3644 -0.0400
3.4514 -2.3652 -0.0400
3.4590 -2.3658 -0.0400
3.4669 -2.3679 -0.0400
3.4749 -2.3704 -0.0400
3.4832 -2.3739 -0.0400
3.4918 -2.3786 -0.0400
3.5009 -2.3849 -0.0400
3.5108 -2.3940 -0.0400
3.5222 -2.4084 -0.0400
3.5339 -2.4213 -0.0400
5.1961 -5.7357 -0.0400
5.2594 -5.6980 -0.0400
5.3545 -5.7230 -0.0400
5.7298 -4.3180 -0.0400
5.7915 -4.2975 -0.0400
7.2258 -5.5973 -0.0400
6.4101 -3.3191 -0.0400
6.4243 -3.2623 -0.0400
6.4698 -3.2191 -0.0400
6.6916 -3.2457 -0.0400
7.9000 -3.2899 -0.0400
7.9341 -3.2144 -0.0400
4.1047 -0.8568 -0.0400
4.0652 -0.8795 -0.0400
4.0368 -0.8856 -0.0400
4.0088 -0.8923 -0.0400
3.9885 -0.8860 -0.0400
3.9697 -0.8767 -0.0400
3.9519 -0.8657 -0.0400
3.9355 -0.8511 -0.0400
3.9196 -0.8350 -0.0400
3.9154 -0.7903 -0.0400
4.9862 2.6434 -0.0400
4.8796 2.5881 -0.0400
4.8031 2.6226 -0.0400
4.7359 2.6918 -0.0400
3.8238 2.8411 -0.0400
3.7379 2.8131 -0.0400
3.6549 2.8238 -0.0400
-0.2977 2.7560 -0.0400
0.7389 0.8019 -0.0400
0.7256 0.7205 -0.0400
0.6721 0.6798 -0.0400
0.6140 0.6426 -0.0400
0.5980 0.5674 -0.0400
0.5528 0.5188 -0.0400
0.4777 0.4948 -0.0400
0.3806 0.4864 -0.0400
-0.3699 -0.3698 -0.0400
-0.3647 -0.4493 -0.0400
-0.3935 -0.5148 -0.0400
-0.4623 -0.5663 -0.0400
2.1987 -1.7378 -0.0400
2.2235 -1.7636 -0.0400
2.2373 -1.7870 -0.0400
2.2553 -1.8102 -0.0400
2.2599 -1.8315 -0.0400
2.2650 -1.8526 -0.0400
2.2653 -1.8731 -0.0400
2.2625 -1.8935 -0.0400
2.2556 -1.9138 -0.0400
2.2427 -1.9343 -0.0400
2.2340 -1.9553 -0.0400
2.2077 -1.9770 -0.0400
0.1150 -2.0933 -0.0400
0.1785 -2.1476 -0.0400
0.1471 -2.2073 -0.0400
-1.3292 -2.7496 -0.0400
-1.2660 -2.8238 -0.0400
-1.2649 -2.9089 -0.0400
-1.8043 -4.8063 -0.0400
0.3956 -4.2059 -0.0400
0.4505 -4.2472 -0.0400
0.4353 -4.3439 -0.0400
0.1752 -5.9270 -0.0400
0.2423 -5.9872 -0.0400
1.1844 -6.7139 -0.0400
1.2755 -6.7364 -0.0400
1.3342 -6.8329 -0.0400
3.2652 -2.4520 -0.0400
3.2827 -2.4272 -0.0400
3.2985 -2.4045 -0.0400
3.3091 -2.3976 -0.0400
3.3186 -2.3936 -0.0400
3.3279 -2.3897 -0.0400
3.3379 -2.3816 -0.0400
3.3461 -2.3802 -0.0400
3.3547 -2.3764 -0.0400
3.3627 -2.3752 -0.0400
3.3706 -2.3741 -0.0400
3.3785 -2.3725 -0.0400
3.3861 -2.3727 -0.0400
3.3937 -2.3728 -0.0400
3.4013 -2.3731 -0.0400
3.4088 -2.3733 -0.0400
3.4165 -2.3701 -0.0400
3.4240 -2.3692 -0.0400
3.4315 -2.3671 -0.0400
3.4389 -2.3661 -0.0400
3.4463 -2.3660 -0.0400
3.4537 -2.3658 -0.0400
3.4611 -2.3663 -0.0400
3.4687 -2.3670 -0.0400
3.4764 -2.3692 -0.0400
3.4842 -2.3715 -0.0400
3.4925 -2.3766 -0.0400
3.5009 -2.3808 -0.0400
3.5098 -2.3863 -0.0400
3.5192 -2.3938 -0.0400
3.5298 -2.4051 -0.0400
3.5438 -2.4290 -0.0400
5.2721 -5.7293 -0.0400
5.3292 -5.6790 -0.0400
5.4331 -5.7185 -0.0400
5.7729 -4.2862 -0.0400
5.8154 -4.2466 -0.0400
7.2668 -5.5222 -0.0400
6.4411 -3.2810 -0.0400
6.4453 -3.2202 -0.0400
6.4817 -3.1731 -0.0400
6.7492 -3.2140 -0.0400
7.9301 -3.3144 -0.0400
7.9221 -3.2265 -0.0400
7.9647 -3.1533 -0.0400
4.0385 -0.8994 -0.0400
4.0164 -0.8957 -0.0400
3.9961 -0.8893 -0.0400
3.9785 -0.8776 -0.0400
3.9627 -0.8622 -0.0400
3.9474 -0.8450 -0.0400
3.9350 -0.8204 -0.0400
3.9259 -0.7865 -0.0400
5.0584 2.5589 -0.0400
4.9707 2.5614 -0.0400
4.8930 2.5921 -0.0400
4.8253 2.6566 -0.0400
3.9213 2.8612 -0.0400
3.8315 2.8017 -0.0400
3.7490 2.8182 -0.0400
0.7685 0.7789 -0.0400
0.7254 0.7276 -0.0400
0.6807 0.6782 -0.0400
0.6447 0.6208 -0.0400
0.5849 0.5850 -0.0400
0.4749 0.5913 -0.0400
0.4338 0.5367 -0.0400
0.3351 0.5282 -0.0400
-0.3604 -0.2926 -0.0400
-0.3440 -0.3779 -0.0400
-0.4067 -0.4302 -0.0400
2.1858 -1.7150 -0.0400
2.2373 -1.7462 -0.0400
2.2470 -1.7692 -0.0400
2.2610 -1.7923 -0.0400
2.2626 -1.8134 -0.0400
2.2630 -1.8342 -0.0400
2.2620 -1.8549 -0.0400
2.2583 -1.8753 -0.0400
2.2482 -1.8956 -0.0400
2.2312 -1.9160 -0.0400
2.2186 -1.9371 -0.0400
2.1757 -1.9588 -0.0400
0.1611 -2.0349 -0.0400
0.1714 -2.0919 -0.0400
-1.3396 -2.6658 -0.0400
-1.2805 -2.7416 -0.0400
-1.2791 -2.8266 -0.0400
-1.9102 -4.6261 -0.0400
-1.8553 -4.7155 -0.0400
0.3831 -4.1369 -0.0400
0.4092 -4.1995 -0.0400
0.3925 -4.2958 -0.0400
0.0987 -5.8808 -0.0400
0.1789 -5.9255 -0.0400
1.0985 -6.6833 -0.0400
1.1935 -6.6986 -0.0400
1.2572 -6.7810 -0.0400
3.2580 -2.4356 -0.0400
3.2754 -2.4133 -0.0400
3.2912 -2.3931 -0.0400
3.3012 -2.3886 -0.0400
3.3108 -2.3846 -0.0400
3.3202 -2.3807 -0.0400
3.3298 -2.3745 -0.0400
3.3380 -2.3733 -0.0400
3.3461 -2.3722 -0.0400
3.3541 -2.3710 -0.0400
3.3623 -2.3685 -0.0400
3.3698 -2.3686 -0.0400
3.3774 -2.3688 -0.0400
3.3848 -2.3694 -0.0400
3.3922 -2.3699 -0.0400
3.3999 -2.3681 -0.0400
3.4074 -2.3670 -0.0400
3.4149 -2.3648 -0.0400
3.4223 -2.3639 -0.0400
3.4296 -2.3634 -0.0400
3.4369 -2.3634 -0.0400
3.4441 -2.3638 -0.0400
3.4515 -2.3647 -0.0400
3.4589 -2.3668 -0.0400
3.4664 -2.3695 -0.0400
3.4740 -2.3711 -0.0400
3.4819 -2.3748 -0.0400
3.4900 -2.3796 -0.0400
3.4985 -2.3856 -0.0400
3.5075 -2.3930 -0.0400
3.5186 -2.4105 -0.0400
3.5330 -2.4420 -0.0400
5.1459 -5.8097 -0.0400
5.1892 -5.7273 -0.0400
5.2830 -5.7537 -0.0400
5.6913 -4.3715 -0.0400
5.7242 -4.3220 -0.0400
7.1300 -5.6508 -0.0400
6.3949 -3.3281 -0.0400
6.4234 -3.2783 -0.0400
6.6542 -3.3143 -0.0400
6.7059 -3.2692 -0.0400
7.9093 -3.4014 -0.0400
7.8940 -3.3107 -0.0400
7.9383 -3.2385 -0.0400
6.2862 1.3483 -0.0400
6.2176 1.3851 -0.0400
3.9886 -0.8852 -0.0400
3.9710 -0.8736 -0.0400
3.9550 -0.8582 -0.0400
3.9470 -0.8239 -0.0400
3.9391 -0.7871 -0.0400
5.0831 2.5755 -0.0400
4.9891 2.5610 -0.0400
4.9173 2.6104 -0.0400
3.9351 2.8312 -0.0400
3.8485 2.8057 -0.0400
3.7669 2.8372 -0.0400
0.8146 0.8394 -0.0400
0.7793 0.7794 -0.0400
0.7143 0.7496 -0.0400
0.6760 0.6933 -0.0400
0.6496 0.6263 -0.0400
0.5969 0.5841 -0.0400
0.4839 0.5932 -0.0400
0.4197 0.5575 -0.0400
-0.3215 -0.3048 -0.0400
-0.3391 -0.3754 -0.0400
-0.3924 -0.4315 -0.0400
-2.1843 0.0534 -0.0400
2.2048 -1.7208 -0.0400
2.2442 -1.7499 -0.0400
2.2526 -1.7727 -0.0400
2.2581 -1.7948 -0.0400
2.2637 -1.8166 -0.0400
2.2631 -1.8375 -0.0400
2.2583 -1.8580 -0.0400
2.2528 -1.8785 -0.0400
2.2453 -1.8992 -0.0400
2.2249 -1.9197 -0.0400
2.2092 -1.9409 -0.0400
0.1667 -2.0360 -0.0400
0.1655 -2.0935 -0.0400
-1.3247 -2.6635 -0.0400
-1.2762 -2.7410 -0.0400
-1.9113 -4.6269 -0.0400
0.3409 -4.0913 -0.0400
0.3847 -4.1411 -0.0400
0.4015 -4.2106 -0.0400
0.3825 -4.3089 -0.0400
0.0203 -5.8375 -0.0400
0.1141 -5.8671 -0.0400
0.0939 -6.0335 -0.0400
0.9977 -6.6827 -0.0400
1.1131 -6.6598 -0.0400
1.1873 -6.7180 -0.0400
3.2616 -2.4280 -0.0400
3.2827 -2.3967 -0.0400
3.2940 -2.3895 -0.0400
3.3040 -2.3851 -0.0400
3.3137 -2.3809 -0.0400
3.3230 -2.3770 -0.0400
3.3324 -2.3721 -0.0400
3.3405 -2.3708 -0.0400
3.3486 -2.3696 -0.0400
3.3565 -2.3684 -0.0400
3.3644 -2.3672 -0.0400
3.3717 -2.3679 -0.0400
3.3791 -2.3685 -0.0400
3.3865 -2.3691 -0.0400
3.3940 -2.3683 -0.0400
3.4016 -2.3667 -0.0400
3.4091 -2.3642 -0.0400
3.4164 -2.3634 -0.0400
3.4237 -2.3629 -0.0400
3.4309 -2.3629 -0.0400
3.4380 -2.3630 -0.0400
3.4452 -2.3640 -0.0400
3.4524 -2.3644 -0.0400
3.4597 -2.3672 -0.0400
3.4671 -2.3707 -0.0400
3.4746 -2.3725 -0.0400
3.4824 -2.3774 -0.0400
3.4905 -2.3835 -0.0400
3.4990 -2.3913 -0.0400
3.5074 -2.3957 -0.0400
3.5172 -2.4084 -0.0400
3.5304 -2.4376 -0.0400
5.1342 -5.7844 -0.0400
5.1872 -5.7244 -0.0400
5.2799 -5.7494 -0.0400
5.6951 -4.3790 -0.0400
5.7204 -4.3219 -0.0400
7.1263 -5.6551 -0.0400
6.4045 -3.4034 -0.0400
6.3980 -3.3367 -0.0400
6.4144 -3.2815 -0.0400
6.4703 -3.2436 -0.0400
7.8928 -3.3208 -0.0400
6.3225 1.3640 -0.0400
6.2326 1.3762 -0.0400
6.2204 1.4820 -0.0400
3.9511 -0.8455 -0.0400
3.9389 -0.8196 -0.0400
3.9311 -0.7812 -0.0400
5.1992 2.5932 -0.0400
5.0893 2.5403 -0.0400
5.0038 2.5495 -0.0400
4.9292 2.5897 -0.0400
4.8686 2.6779 -0.0400
3.9512 2.8220 -0.0400
3.8651 2.8022 -0.0400
3.7821 2.8141 -0.0400
0.8141 0.8528 -0.0400
0.7852 0.7857 -0.0400
0.7278 0.7482 -0.0400
0.6974 0.6842 -0.0400
0.6514 0.6356 -0.0400
0.5798 0.6099 -0.0400
0.4872 0.6006 -0.0400
0.4359 0.5541 -0.0400
-0.3346 -0.2936 -0.0400
-0.3509 -0.3654 -0.0400
-2.1431 0.1574 -0.0400
2.2361 -1.7284 -0.0400
2.2476 -1.7524 -0.0400
2.2551 -1.7753 -0.0400
2.2596 -1.7974 -0.0400
2.2636 -1.8191 -0.0400
2.2618 -1.8400 -0.0400
2.2577 -1.8608 -0.0400
2.2461 -1.8812 -0.0400
2.2363 -1.9019 -0.0400
2.2069 -1.9225 -0.0400
2.1807 -1.9441 -0.0400
0.1663 -2.0367 -0.0400
0.1602 -2.0946 -0.0400
-1.3901 -2.5861 -0.0400
-1.3271 -2.6633 -0.0400
-1.2801 -2.7413 -0.0400
-1.8988 -4.6206 -0.0400
0.3335 -4.1012 -0.0400
0.3810 -4.1488 -0.0400
0.3696 -4.2394 -0.0400
0.0098 -5.8535 -0.0400
0.1179 -5.8671 -0.0400
1.1125 -6.6673 -0.0400
1.1941 -6.7101 -0.0400
3.2564 -2.4197 -0.0400
3.2727 -2.4035 -0.0400
3.2857 -2.3934 -0.0400
3.2967 -2.3873 -0.0400
3.3068 -2.3827 -0.0400
3.3166 -2.3782 -0.0400
3.3268 -2.3716 -0.0400
3.3351 -2.3703 -0.0400
3.3433 -2.3690 -0.0400
3.3513 -2.3677 -0.0400
3.3590 -2.3674 -0.0400
3.3667 -2.3666 -0.0400
3.3740 -2.3673 -0.0400
3.3813 -2.3680 -0.0400
3.3886 -2.3686 -0.0400
3.3964 -2.3652 -0.0400
3.4038 -2.3644 -0.0400
3.4111 -2.3634 -0.0400
3.4184 -2.3625 -0.0400
3.4255 -2.3622 -0.0400
3.4326 -2.3624 -0.0400
3.4397 -2.3633 -0.0400
3.4468 -2.3639 -0.0400
3.4538 -2.3653 -0.0400
3.4610 -2.3685 -0.0400
3.4682 -2.3706 -0.0400
3.4757 -2.3755 -0.0400
3.4832 -2.3782 -0.0400
3.4911 -2.3854 -0.0400
3.4996 -2.3948 -0.0400
3.5080 -2.4004 -0.0400
3.5182 -2.4179 -0.0400
5.1231 -5.7593 -0.0400
5.1856 -5.7214 -0.0400
5.2854 -5.7616 -0.0400
5.6936 -4.3802 -0.0400
5.7399 -4.3452 -0.0400
7.1282 -5.6643 -0.0400
6.3827 -3.3991 -0.0400
6.3861 -3.3376 -0.0400
6.4228 -3.2920 -0.0400
6.6519 -3.3282 -0.0400
6.7202 -3.2904 -0.0400
7.8710 -3.4090 -0.0400
7.8913 -3.3302 -0.0400
6.3122 1.3260 -0.0400
6.2434 1.3625 -0.0400
6.2015 1.4313 -0.0400
4.3417 -0.7398 -0.0400
4.2497 -0.8252 -0.0400
4.2138 -0.8352 -0.0400
5.0424 2.5885 -0.0400
4.9488 2.5734 -0.0400
4.8791 2.6310 -0.0400
3.8904 2.8285 -0.0400
3.8044 2.8062 -0.0400
3.7212 2.8184 -0.0400
0.7742 0.8147 -0.0400
0.7479 0.7452 -0.0400
0.6748 0.7223 -0.0400
0.6594 0.6439 -0.0400
0.6188 0.5903 -0.0400
0.5565 0.5555 -0.0400
0.4517 0.5553 -0.0400
0.3640 0.5376 -0.0400
-0.3599 -0.2742 -0.0400
-0.3378 -0.3630 -0.0400
-0.3639 -0.4304 -0.0400
-0.4362 -0.4802 -0.0400
2.2156 -1.7260 -0.0400
2.2362 -1.7523 -0.0400
2.2480 -1.7762 -0.0400
2.2559 -1.7992 -0.0400
2.2642 -1.8217 -0.0400
2.2638 -1.8430 -0.0400
2.2611 -1.8641 -0.0400
2.2567 -1.8851 -0.0400
2.2424 -1.9057 -0.0400
2.2301 -1.9268 -0.0400
2.2135 -1.9483 -0.0400
0.1265 -2.0377 -0.0400
0.1648 -2.0948 -0.0400
-1.3442 -2.6643 -0.0400
-1.3039 -2.7440 -0.0400
-1.2922 -2.8279 -0.0400
-1.8421 -4.7087 -0.0400
0.3340 -4.1068 -0.0400
0.3914 -4.1476 -0.0400
0.4033 -4.2208 -0.0400
0.3896 -4.3151 -0.0400
0.1216 -5.8682 -0.0400
0.1718 -5.9487 -0.0400
1.1117 -6.6771 -0.0400
1.2005 -6.7052 -0.0400
3.2702 -2.4213 -0.0400
3.2859 -2.4064 -0.0400
3.2991 -2.3956 -0.0400
3.3127 -2.3824 -0.0400
3.3226 -2.3778 -0.0400
3.3314 -2.3759 -0.0400
3.3398 -2.3743 -0.0400
3.3481 -2.3728 -0.0400
3.3563 -2.3712 -0.0400
3.3642 -2.3701 -0.0400
3.3721 -2.3688 -0.0400
3.3794 -2.3694 -0.0400
3.3866 -2.3700 -0.0400
3.3939 -2.3705 -0.0400
3.4013 -2.3701 -0.0400
3.4092 -2.3660 -0.0400
3.4165 -2.3649 -0.0400
3.4237 -2.3639 -0.0400
3.4308 -2.3640 -0.0400
3.4378 -2.3637 -0.0400
3.4448 -2.3644 -0.0400
3.4518 -2.3650 -0.0400
3.4588 -2.3658 -0.0400
3.4658 -2.3690 -0.0400
3.4729 -2.3710 -0.0400
3.4801 -2.3759 -0.0400
3.4874 -2.3789 -0.0400
3.4949 -2.3820 -0.0400
3.5029 -2.3905 -0.0400
3.5109 -2.3957 -0.0400
3.5202 -2.4105 -0.0400
3.5296 -2.4219 -0.0400
4.3559 -7.8843 -0.0400
5.1893 -5.7281 -0.0400
5.2580 -5.7038 -0.0400
5.7184 -4.3253 -0.0400
5.7863 -4.3130 -0.0400
7.1884 -5.6042 -0.0400
6.4178 -3.3603 -0.0400
6.4143 -3.2960 -0.0400
6.4349 -3.2433 -0.0400
6.6930 -3.2882 -0.0400
7.9141 -3.3496 -0.0400
7.9101 -3.2635 -0.0400
6.2857 1.3775 -0.0400
6.2038 1.3981 -0.0400
6.1949 1.5097 -0.0400
4.3539 -0.7064 -0.0400
4.3111 -0.7217 -0.0400
4.2223 -0.8098 -0.0400
4.1782 -0.8346 -0.0400
4.1289 -0.8711 -0.0400
4.0909 -0.8921 -0.0400
4.8888 2.6019 -0.0400
4.8281 2.6931 -0.0400
3.9088 2.8393 -0.0400
3.8218 2.8076 -0.0400
3.7408 2.8624 -0.0400
0.7856 0.8171 -0.0400
0.7475 0.7593 -0.0400
0.6810 0.7296 -0.0400
0.6647 0.6517 -0.0400
0.6256 0.5964 -0.0400
0.4969 0.6192 -0.0400
0.4582 0.5615 -0.0400
0.3872 0.5302 -0.0400
-0.3197 -0.2851 -0.0400
-0.3313 -0.3591 -0.0400
-0.3805 -0.4174 -0.0400
2.2108 -1.7256 -0.0400
2.2338 -1.7525 -0.0400
2.2581 -1.7787 -0.0400
2.2622 -1.8011 -0.0400
2.2633 -1.8229 -0.0400
2.2628 -1.8444 -0.0400
2.2595 -1.8656 -0.0400
2.2481 -1.8863 -0.0400
2.2374 -1.9074 -0.0400
2.2230 -1.9287 -0.0400
2.2024 -1.9504 -0.0400
0.1535 -2.0366 -0.0400
0.1685 -2.0943 -0.0400
-1.3435 -2.6625 -0.0400
-1.2967 -2.7413 -0.0400
-1.8947 -4.6171 -0.0400
0.3425 -4.1051 -0.0400
0.3915 -4.1518 -0.0400
0.4063 -4.2230 -0.0400
0.0247 -5.8453 -0.0400
0.1250 -5.8681 -0.0400
0.1735 -5.9505 -0.0400
1.1073 -6.6920 -0.0400
3.2653 -2.4143 -0.0400
3.2807 -2.4014 -0.0400
3.2942 -2.3913 -0.0400
3.3051 -2.3861 -0.0400
3.3156 -2.3811 -0.0400
3.3255 -2.3770 -0.0400
3.3342 -2.3752 -0.0400
3.3427 -2.3736 -0.0400
3.3523 -2.3682 -0.0400
3.3600 -2.3678 -0.0400
3.3675 -2.3680 -0.0400
3.3749 -2.3687 -0.0400
3.3821 -2.3693 -0.0400
3.3894 -2.3698 -0.0400
3.3966 -2.3704 -0.0400
3.4048 -2.3656 -0.0400
3.4122 -2.3645 -0.0400
3.4194 -2.3634 -0.0400
3.4265 -2.3634 -0.0400
3.4335 -2.3635 -0.0400
3.4404 -2.3637 -0.0400
3.4473 -2.3645 -0.0400
3.4542 -2.3654 -0.0400
3.4611 -2.3673 -0.0400
3.4680 -2.3712 -0.0400
3.4750 -2.3737 -0.0400
3.4821 -2.3766 -0.0400
3.4893 -2.3798 -0.0400
3.4968 -2.3881 -0.0400
3.5045 -2.3933 -0.0400
3.5130 -2.4073 -0.0400
3.5217 -2.4177 -0.0400
3.5317 -2.4359 -0.0400
4.2521 -7.8973 -0.0400
4.3572 -7.8926 -0.0400
5.1864 -5.7195 -0.0400
5.2654 -5.7175 -0.0400
5.7190 -4.3271 -0.0400
7.1098 -5.6597 -0.0400
7.1895 -5.6109 -0.0400
6.3996 -3.3567 -0.0400
6.4062 -3.2975 -0.0400
6.4483 -3.2544 -0.0400
6.6748 -3.2866 -0.0400
6.7573 -3.2539 -0.0400
7.8862 -3.3494 -0.0400
7.9241 -3.2763 -0.0400
6.2782 1.3427 -0.0400
6.2168 1.3875 -0.0400
6.1805 1.4639 -0.0400
4.3571 -0.7241 -0.0400
4.2846 -0.7835 -0.0400
4.2304 -0.8204 -0.0400
4.1967 -0.8289 -0.0400
4.1684 -0.8301 -0.0400
4.1190 -0.8688 -0.0400
4.0737 -0.9041 -0.0400
4.0496 -0.9040 -0.0400
4.0274 -0.9009 -0.0400
4.0012 2.7990 -0.0400
3.9170 2.8001 -0.0400
3.8360 2.8420 -0.0400
0.7945 0.8179 -0.0400
0.7382 0.7782 -0.0400
0.7150 0.7059 -0.0400
0.6590 0.6660 -0.0400
0.5443 0.6783 -0.0400
0.5047 0.6209 -0.0400
0.4379 0.5867 -0.0400
-0.3149 -0.2020 -0.0400
-0.3073 -0.2857 -0.0400
-0.3409 -0.3504 -0.0400
2.2058 -1.6778 -0.0400
2.2336 -1.7071 -0.0400
2.2474 -1.7326 -0.0400
2.2558 -1.7565 -0.0400
2.2602 -1.7793 -0.0400
2.2614 -1.8014 -0.0400
2.2593 -1.8229 -0.0400
2.2535 -1.8441 -0.0400
2.2444 -1.8650 -0.0400
2.2325 -1.8861 -0.0400
2.2165 -1.9073 -0.0400
2.1399 -1.9270 -0.0400
0.1551 -1.9776 -0.0400
0.1595 -2.0359 -0.0400
-1.3403 -2.5747 -0.0400
-1.2985 -2.6547 -0.0400
-1.9426 -4.5228 -0.0400
0.3163 -4.0453 -0.0400
0.3476 -4.1041 -0.0400
0.3472 -4.1857 -0.0400
-0.0232 -5.7654 -0.0400
0.0578 -5.8105 -0.0400
0.0950 -5.9053 -0.0400
0.9178 -6.6567 -0.0400
3.2573 -2.4065 -0.0400
3.2730 -2.3946 -0.0400
3.2864 -2.3856 -0.0400
3.2976 -2.3805 -0.0400
3.3111 -2.3695 -0.0400
3.3199 -2.3681 -0.0400
3.3285 -2.3668 -0.0400
3.3370 -2.3654 -0.0400
3.3453 -2.3642 -0.0400
3.3529 -2.3643 -0.0400
3.3604 -2.3649 -0.0400
3.3677 -2.3656 -0.0400
3.3753 -2.3652 -0.0400
3.3829 -2.3644 -0.0400
3.3906 -2.3629 -0.0400
3.3980 -2.3619 -0.0400
3.4054 -2.3609 -0.0400
3.4125 -2.3605 -0.0400
3.4195 -2.3608 -0.0400
3.4265 -2.3608 -0.0400
3.4333 -2.3617 -0.0400
3.4401 -2.3627 -0.0400
3.4468 -2.3648 -0.0400
3.4536 -2.3668 -0.0400
3.4602 -2.3716 -0.0400
3.4671 -2.3749 -0.0400
3.4741 -2.3785 -0.0400
3.4811 -2.3827 -0.0400
3.4884 -2.3931 -0.0400
3.4959 -2.3999 -0.0400
3.5038 -2.4083 -0.0400
3.5121 -2.4201 -0.0400
4.1490 -7.9140 -0.0400
5.0747 -5.8242 -0.0400
5.1198 -5.7447 -0.0400
5.2203 -5.7920 -0.0400
5.6416 -4.4113 -0.0400
5.6720 -4.3601 -0.0400
7.0390 -5.7197 -0.0400
7.1498 -5.7035 -0.0400
6.3776 -3.4118 -0.0400
6.3835 -3.3520 -0.0400
6.6136 -3.3950 -0.0400
6.6678 -3.3530 -0.0400
7.8669 -3.4334 -0.0400
7.5680 -1.7141 -0.0400
7.5728 -1.6419 -0.0400
7.6518 -1.5621 -0.0400
6.4517 1.2915 -0.0400
6.3457 1.2878 -0.0400
6.2814 1.3292 -0.0400
6.2389 1.3969 -0.0400
4.3575 -0.7382 -0.0400
4.2770 -0.8094 -0.0400
4.2211 -0.8499 -0.0400
4.1940 -0.8489 -0.0400
4.1419 -0.8899 -0.0400
4.1077 -0.9047 -0.0400
4.0804 -0.9092 -0.0400
4.0565 -0.9086 -0.0400
4.0332 -0.9079 -0.0400
4.0144 -0.8985 -0.0400
3.9967 -0.8870 -0.0400
4.0205 2.8124 -0.0400
3.9344 2.7971 -0.0400
3.8522 2.8224 -0.0400
1.8905 3.6949 -0.0400
1.8031 3.6278 -0.0400
0.6597 0.6794 -0.0400
0.5539 0.6834 -0.0400
0.5107 0.6290 -0.0400
-0.2834 -0.2085 -0.0400
-0.3036 -0.2794 -0.0400
-0.3619 -0.3337 -0.0400
2.1854 -1.6721 -0.0400
2.2254 -1.7047 -0.0400
2.2560 -1.7338 -0.0400
2.2613 -1.7572 -0.0400
2.2628 -1.7797 -0.0400
2.2623 -1.8016 -0.0400
2.2586 -1.8232 -0.0400
2.2528 -1.8445 -0.0400
2.2439 -1.8657 -0.0400
2.2165 -1.8858 -0.0400
2.1907 -1.9069 -0.0400
0.1551 -1.9761 -0.0400
-1.3538 -2.5736 -0.0400
-1.3192 -2.6551 -0.0400
-1.9346 -4.5173 -0.0400
0.2654 -4.0020 -0.0400
0.3233 -4.0440 -0.0400
0.3517 -4.1048 -0.0400
0.3238 -4.2057 -0.0400
-0.0071 -5.7510 -0.0400
0.0557 -5.8160 -0.0400
3.2605 -2.4032 -0.0400
3.2822 -2.3803 -0.0400
3.2937 -2.3755 -0.0400
3.3047 -2.3707 -0.0400
3.3140 -2.3690 -0.0400
3.3229 -2.3676 -0.0400
3.3316 -2.3663 -0.0400
3.3401 -2.3649 -0.0400
3.3491 -2.3620 -0.0400
3.3565 -2.3629 -0.0400
3.3638 -2.3638 -0.0400
3.3710 -2.3646 -0.0400
3.3783 -2.3654 -0.0400
3.3863 -2.3633 -0.0400
3.3939 -2.3623 -0.0400
3.4013 -2.3612 -0.0400
3.4090 -2.3590 -0.0400
3.4159 -2.3594 -0.0400
3.4228 -2.3601 -0.0400
3.4296 -2.3610 -0.0400
3.4364 -2.3619 -0.0400
3.4430 -2.3638 -0.0400
3.4497 -2.3659 -0.0400
3.4561 -2.3705 -0.0400
3.4629 -2.3737 -0.0400
3.4696 -2.3774 -0.0400
3.4765 -2.3816 -0.0400
3.4835 -2.3863 -0.0400
3.4905 -2.3987 -0.0400
3.4980 -2.4070 -0.0400
3.5058 -2.4186 -0.0400
3.5143 -2.4389 -0.0400
4.1494 -7.9112 -0.0400
5.0643 -5.7942 -0.0400
5.1233 -5.7483 -0.0400
5.2219 -5.7919 -0.0400
5.6294 -4.3969 -0.0400
5.6783 -4.3666 -0.0400
7.0485 -5.7338 -0.0400
6.3596 -3.4699 -0.0400
6.3573 -3.4055 -0.0400
6.3756 -3.3522 -0.0400
6.4312 -3.3162 -0.0400
6.6487 -3.3494 -0.0400
7.8765 -3.5298 -0.0400
7.8502 -3.4352 -0.0400
7.9021 -3.3673 -0.0400
7.5939 -1.7947 -0.0400
7.5679 -1.7244 -0.0400
7.5804 -1.6518 -0.0400
7.6648 -1.5716 -0.0400
6.4561 1.2720 -0.0400
6.3576 1.2764 -0.0400
6.2934 1.3179 -0.0400
4.3610 -0.7549 -0.0400
4.2759 -0.8331 -0.0400
4.2401 -0.8435 -0.0400
4.2090 -0.8483 -0.0400
4.1835 -0.8454 -0.0400
4.1170 -0.9133 -0.0400
4.0905 -0.9164 -0.0400
4.0671 -0.9151 -0.0400
4.0454 -0.9112 -0.0400
4.0254 -0.9043 -0.0400
4.0067 -0.8950 -0.0400
3.9920 -0.8766 -0.0400
3.9768 -0.8588 -0.0400
3.9646 -0.8324 -0.0400
4.0362 2.7925 -0.0400
3.9526 2.8007 -0.0400
3.8728 2.8591 -0.0400
1.9027 3.7180 -0.0400
1.8187 3.6376 -0.0400
1.7288 3.5821 -0.0400
1.6160 3.5966 -0.0400
-0.2948 -0.1942 -0.0400
-0.3008 -0.2721 -0.0400
2.2168 -1.6779 -0.0400
2.2389 -1.7063 -0.0400
2.2508 -1.7317 -0.0400
2.2582 -1.7558 -0.0400
2.2605 -1.7787 -0.0400
2.2611 -1.8010 -0.0400
2.2554 -1.8225 -0.0400
2.2466 -1.8438 -0.0400
2.2346 -1.8649 -0.0400
2.2178 -1.8861 -0.0400
2.1927 -1.9074 -0.0400
2.1354 -1.9284 -0.0400
0.1519 -1.9152 -0.0400
0.1554 -1.9739 -0.0400
-1.3504 -2.5700 -0.0400
0.2812 -3.9947 -0.0400
0.3231 -4.0469 -0.0400
0.3101 -4.1358 -0.0400
-0.0029 -5.7491 -0.0400
0.0387 -5.8376 -0.0400
3.2369 -2.4280 -0.0400
3.2738 -2.3823 -0.0400
3.2858 -2.3775 -0.0400
3.2973 -2.3728 -0.0400
3.3078 -2.3694 -0.0400
3.3169 -2.3681 -0.0400
3.3279 -2.3625 -0.0400
3.3365 -2.3614 -0.0400
3.3444 -2.3617 -0.0400
3.3520 -2.3623 -0.0400
3.3594 -2.3632 -0.0400
3.3667 -2.3641 -0.0400
3.3740 -2.3650 -0.0400
3.3829 -2.3608 -0.0400
3.3905 -2.3599 -0.0400
3.3980 -2.3589 -0.0400
3.4053 -2.3587 -0.0400
3.4123 -2.3591 -0.0400
3.4192 -2.3595 -0.0400
3.4260 -2.3604 -0.0400
3.4328 -2.3614 -0.0400
3.4393 -2.3637 -0.0400
3.4459 -2.3661 -0.0400
3.4524 -2.3690 -0.0400
3.4590 -2.3719 -0.0400
3.4656 -2.3757 -0.0400
3.4723 -2.3796 -0.0400
3.4790 -2.3844 -0.0400
3.4856 -2.3957 -0.0400
3.4927 -2.4039 -0.0400
3.5000 -2.4142 -0.0400
3.5077 -2.4291 -0.0400
5.0581 -5.7732 -0.0400
5.1428 -5.7884 -0.0400
5.6292 -4.3951 -0.0400
5.6808 -4.3682 -0.0400
7.0423 -5.7306 -0.0400
6.3712 -3.4789 -0.0400
6.3473 -3.4036 -0.0400
6.3887 -3.3618 -0.0400
6.6129 -3.4031 -0.0400
6.6832 -3.3685 -0.0400
7.8278 -3.5191 -0.0400
7.8517 -3.4425 -0.0400
7.5985 -1.8041 -0.0400
7.5686 -1.7340 -0.0400
7.5807 -1.6617 -0.0400
6.3663 1.2618 -0.0400
6.3060 1.3076 -0.0400
4.3792 -0.7506 -0.0400
4.3076 -0.8086 -0.0400
4.2587 -0.8376 -0.0400
4.2173 -0.8582 -0.0400
4.1922 -0.8548 -0.0400
4.1378 -0.9020 -0.0400
4.1069 -0.9122 -0.0400
4.0816 -0.9140 -0.0400
4.0560 -0.9174 -0.0400
4.0363 -0.9102 -0.0400
4.0178 -0.9005 -0.0400
4.0001 -0.8889 -0.0400
3.9841 -0.8732 -0.0400
3.9686 -0.8555 -0.0400
3.9690 -0.7962 -0.0400
5.1708 2.5029 -0.0400
5.0885 2.5210 -0.0400
4.0561 2.8098 -0.0400
3.9699 2.7943 -0.0400
3.8879 2.8230 -0.0400
1.9240 3.7098 -0.0400
1.8330 3.6532 -0.0400
1.7441 3.5933 -0.0400
-0.2766 -0.1115 -0.0400
-0.2706 -0.1961 -0.0400
-0.3027 -0.2620 -0.0400
-0.3791 -0.3090 -0.0400
2.2343 -1.6799 -0.0400
2.2488 -1.7066 -0.0400
2.2574 -1.7314 -0.0400
2.2616 -1.7550 -0.0400
2.2622 -1.7777 -0.0400
2.2606 -1.7999 -0.0400
2.2554 -1.8217 -0.0400
2.2479 -1.8432 -0.0400
2.2230 -1.8634 -0.0400
2.1998 -1.8845 -0.0400
2.1567 -1.9053 -0.0400
0.1426 -1.9122 -0.0400
0.1567 -1.9713 -0.0400
-1.3168 -2.5622 -0.0400
0.2843 -3.9950 -0.0400
0.3231 -4.0493 -0.0400
0.3145 -4.1353 -0.0400
-0.0735 -5.6945 -0.0400
0.0005 -5.7477 -0.0400
3.2544 -2.4003 -0.0400
3.2781 -2.3777 -0.0400
3.2900 -2.3732 -0.0400
3.3015 -2.3690 -0.0400
3.3110 -2.3677 -0.0400
3.3223 -2.3622 -0.0400
3.3311 -2.3613 -0.0400
3.3394 -2.3610 -0.0400
3.3473 -2.3615 -0.0400
3.3548 -2.3626 -0.0400
3.3629 -2.3619 -0.0400
3.3702 -2.3629 -0.0400
3.3784 -2.3612 -0.0400
3.3862 -2.3603 -0.0400
3.3939 -2.3594 -0.0400
3.4015 -2.3585 -0.0400
3.4085 -2.3589 -0.0400
3.4158 -2.3583 -0.0400
3.4226 -2.3594 -0.0400
3.4294 -2.3605 -0.0400
3.4359 -2.3625 -0.0400
3.4424 -2.3647 -0.0400
3.4489 -2.3674 -0.0400
3.4554 -2.3704 -0.0400
3.4619 -2.3738 -0.0400
3.4680 -2.3812 -0.0400
3.4746 -2.3861 -0.0400
3.4812 -2.3923 -0.0400
3.4880 -2.3995 -0.0400
3.4949 -2.4083 -0.0400
3.5020 -2.4203 -0.0400
3.5094 -2.4399 -0.0400
4.0484 -7.9297 -0.0400
5.0607 -5.7727 -0.0400
5.1629 -5.8293 -0.0400
5.5982 -4.4432 -0.0400
5.6328 -4.3971 -0.0400
6.9650 -5.7821 -0.0400
7.0485 -5.7398 -0.0400
6.3521 -3.5352 -0.0400
6.3380 -3.4639 -0.0400
6.3449 -3.4049 -0.0400
6.3802 -3.3604 -0.0400
6.6067 -3.4034 -0.0400
7.8418 -3.5301 -0.0400
7.8429 -3.4456 -0.0400
7.9148 -3.3847 -0.0400
7.6131 -1.8124 -0.0400
7.5707 -1.7431 -0.0400
7.6656 -1.6646 -0.0400
6.3876 1.2619 -0.0400
6.3203 1.2998 -0.0400
6.2860 1.3769 -0.0400
4.3948 -0.7497 -0.0400
4.3582 -0.7563 -0.0400
4.2616 -0.8551 -0.0400
4.2315 -0.8583 -0.0400
4.2054 -0.8564 -0.0400
4.1627 -0.8834 -0.0400
4.1155 -0.9216 -0.0400
4.0909 -0.9224 -0.0400
4.0688 -0.9192 -0.0400
4.0479 -0.9141 -0.0400
4.0282 -0.9070 -0.0400
4.0114 -0.8937 -0.0400
3.9955 -0.8778 -0.0400
3.9802 -0.8597 -0.0400
3.9680 -0.8329 -0.0400
3.9607 -0.7907 -0.0400
5.1056 2.5161 -0.0400
5.0442 2.5956 -0.0400
2.0325 3.7776 -0.0400
1.9394 3.7239 -0.0400
1.8511 3.6570 -0.0400
1.7618 3.5980 -0.0400
-0.2903 -0.0942 -0.0400
-0.2712 -0.1857 -0.0400
-0.2965 -0.2550 -0.0400
2.2210 -1.6741 -0.0400
2.2405 -1.7023 -0.0400
2.2517 -1.7281 -0.0400
2.2637 -1.7534 -0.0400
2.2630 -1.7760 -0.0400
2.2588 -1.7981 -0.0400
2.2522 -1.8198 -0.0400
2.2418 -1.8413 -0.0400
2.2276 -1.8628 -0.0400
2.2071 -1.8841 -0.0400
2.1736 -1.9054 -0.0400
0.1155 -1.8483 -0.0400
0.1572 -1.9090 -0.0400
0.1310 -1.9679 -0.0400
-1.3660 -2.4771 -0.0400
-1.3186 -2.5581 -0.0400
0.2114 -3.9623 -0.0400
0.2882 -3.9942 -0.0400
0.3097 -4.0598 -0.0400
0.2786 -4.1613 -0.0400
-0.0653 -5.6875 -0.0400
0.0003 -5.7496 -0.0400
3.2460 -2.3979 -0.0400
3.2642 -2.3861 -0.0400
3.2836 -2.3711 -0.0400
3.2953 -2.3671 -0.0400
3.3052 -2.3658 -0.0400
3.3144 -2.3651 -0.0400
3.3258 -2.3601 -0.0400
3.3344 -2.3597 -0.0400
3.3423 -2.3604 -0.0400
3.3500 -2.3614 -0.0400
3.3583 -2.3608 -0.0400
3.3657 -2.3620 -0.0400
3.3736 -2.3617 -0.0400
3.3818 -2.3603 -0.0400
3.3896 -2.3596 -0.0400
3.3981 -2.3565 -0.0400
3.4052 -2.3571 -0.0400
3.4122 -2.3577 -0.0400
3.4190 -2.3588 -0.0400
3.4258 -2.3599 -0.0400
3.4325 -2.3614 -0.0400
3.4390 -2.3637 -0.0400
3.4452 -2.3675 -0.0400
3.4516 -2.3706 -0.0400
3.4580 -2.3744 -0.0400
3.4644 -2.3784 -0.0400
3.4708 -2.3833 -0.0400
3.4773 -2.3886 -0.0400
3.4838 -2.3949 -0.0400
3.4904 -2.4027 -0.0400
3.4962 -2.4252 -0.0400
3.5027 -2.4505 -0.0400
4.0498 -7.9305 -0.0400
4.9990 -5.8034 -0.0400
5.0643 -5.7736 -0.0400
5.5935 -4.4345 -0.0400
5.6346 -4.3963 -0.0400
6.9579 -5.7760 -0.0400
6.3422 -3.5314 -0.0400
6.3350 -3.4640 -0.0400
6.3429 -3.4057 -0.0400
6.5772 -3.4577 -0.0400
6.6280 -3.4159 -0.0400
7.8378 -3.6199 -0.0400
7.8140 -3.5255 -0.0400
7.8594 -3.4567 -0.0400
7.5792 -1.8222 -0.0400
7.5747 -1.7514 -0.0400
7.6372 -1.6756 -0.0400
6.3874 1.2381 -0.0400
6.3291 1.2859 -0.0400
4.4084 -0.7512 -0.0400
4.3700 -0.7603 -0.0400
4.2756 -0.8554 -0.0400
4.2452 -0.8590 -0.0400
4.2175 -0.8595 -0.0400
4.1614 -0.9092 -0.0400
4.1309 -0.9187 -0.0400
4.1049 -0.9216 -0.0400
4.0814 -0.9211 -0.0400
4.0583 -0.9204 -0.0400
4.0389 -0.9127 -0.0400
4.0210 -0.9020 -0.0400
4.0037 -0.8896 -0.0400
3.9878 -0.8736 -0.0400
3.9802 -0.8355 -0.0400
3.9752 -0.7875 -0.0400
5.1218 2.5086 -0.0400
5.0507 2.5590 -0.0400
5.0062 2.6962 -0.0400
2.0500 3.7858 -0.0400
1.9557 3.7354 -0.0400
1.8690 3.6625 -0.0400
1.7771 3.6111 -0.0400
-0.2923 -0.0821 -0.0400
-0.2696 -0.1758 -0.0400
-0.3157 -0.2359 -0.0400
2.2078 -1.6429 -0.0400
2.2361 -1.6744 -0.0400
2.2496 -1.7013 -0.0400
2.2578 -1.7265 -0.0400
2.2610 -1.7503 -0.0400
2.2612 -1.7733 -0.0400
2.2589 -1.7959 -0.0400
2.2474 -1.8172 -0.0400
2.2347 -1.8387 -0.0400
2.2166 -1.8601 -0.0400
2.1892 -1.8813 -0.0400
0.1516 -1.9049 -0.0400
0.1470 -1.9641 -0.0400
-1.3749 -2.4729 -0.0400
-1.3218 -2.5536 -0.0400
0.2416 -3.9452 -0.0400
0.2874 -3.9959 -0.0400
0.2997 -4.0675 -0.0400
0.2367 -4.1907 -0.0400
-0.1581 -5.6534 -0.0400
-0.0652 -5.6886 -0.0400
-0.0088 -5.7606 -0.0400
3.2488 -2.3938 -0.0400
3.2731 -2.3737 -0.0400
3.2852 -2.3702 -0.0400
3.2968 -2.3669 -0.0400
3.3091 -2.3619 -0.0400
3.3183 -2.3615 -0.0400
3.3294 -2.3574 -0.0400
3.3374 -2.3583 -0.0400
3.3451 -2.3596 -0.0400
3.3526 -2.3610 -0.0400
3.3610 -2.3605 -0.0400
3.3686 -2.3612 -0.0400
3.3772 -2.3597 -0.0400
3.3851 -2.3591 -0.0400
3.3940 -2.3557 -0.0400
3.4012 -2.3565 -0.0400
3.4083 -2.3572 -0.0400
3.4152 -2.3582 -0.0400
3.4221 -2.3594 -0.0400
3.4288 -2.3609 -0.0400
3.4353 -2.3633 -0.0400
3.4417 -2.3661 -0.0400
3.4481 -2.3691 -0.0400
3.4544 -2.3725 -0.0400
3.4608 -2.3763 -0.0400
3.4671 -2.3806 -0.0400
3.4727 -2.3902 -0.0400
3.4791 -2.3968 -0.0400
3.4854 -2.4049 -0.0400
3.4918 -2.4152 -0.0400
3.4981 -2.4295 -0.0400
3.5036 -2.4631 -0.0400
4.0513 -7.9303 -0.0400
5.0004 -5.7978 -0.0400
5.0814 -5.8076 -0.0400
5.5802 -4.5031 -0.0400
5.5888 -4.4251 -0.0400
5.6482 -4.4084 -0.0400
6.9579 -5.7770 -0.0400
6.3255 -3.5231 -0.0400
6.3269 -3.4608 -0.0400
6.3526 -3.4119 -0.0400
6.5755 -3.4587 -0.0400
6.6258 -3.4169 -0.0400
7.8138 -3.5302 -0.0400
7.8444 -3.4566 -0.0400
7.5916 -1.8296 -0.0400
7.5701 -1.7597 -0.0400
6.3338 1.3853 -0.0400
4.3793 -0.7674 -0.0400
4.3069 -0.8293 -0.0400
4.2568 -0.8626 -0.0400
4.2284 -0.8642 -0.0400
4.1800 -0.9007 -0.0400
4.1457 -0.9163 -0.0400
4.1181 -0.9221 -0.0400
4.0904 -0.9293 -0.0400
4.0693 -0.9249 -0.0400
4.0499 -0.9175 -0.0400
4.0310 -0.9090 -0.0400
4.0153 -0.8933 -0.0400
3.9995 -0.8769 -0.0400
3.9849 -0.8568 -0.0400
3.9730 -0.8282 -0.0400
5.1383 2.5025 -0.0400
5.0793 2.5882 -0.0400
1.9753 3.7359 -0.0400
1.7942 3.6193 -0.0400
-0.2758 -0.0787 -0.0400
-0.2579 -0.1700 -0.0400
-0.3117 -0.2266 -0.0400
2.1789 -1.6314 -0.0400
2.2253 -1.6679 -0.0400
2.2422 -1.6960 -0.0400
2.2622 -1.7240 -0.0400
2.2632 -1.7475 -0.0400
2.2619 -1.7705 -0.0400
2.2571 -1.7928 -0.0400
2.2499 -1.8150 -0.0400
2.2389 -1.8368 -0.0400
2.2234 -1.8585 -0.0400
2.1620 -1.8771 -0.0400
0.1362 -1.8401 -0.0400
0.1544 -1.9004 -0.0400
-1.4088 -2.3831 -0.0400
-1.3409 -2.4639 -0.0400
-1.3511 -2.5516 -0.0400
0.2476 -3.9420 -0.0400
0.2853 -3.9978 -0.0400
0.2590 -4.0943 -0.0400
-0.1388 -5.6345 -0.0400
-0.0593 -5.6831 -0.0400
-0.1142 -5.8732 -0.0400
3.2567 -2.3822 -0.0400
3.2767 -2.3689 -0.0400
3.2887 -2.3660 -0.0400
3.3019 -2.3606 -0.0400
3.3111 -2.3607 -0.0400
3.3226 -2.3567 -0.0400
3.3310 -2.3575 -0.0400
3.3390 -2.3587 -0.0400
3.3477 -2.3584 -0.0400
3.3552 -2.3600 -0.0400
3.3639 -2.3591 -0.0400
3.3725 -2.3579 -0.0400
3.3806 -2.3576 -0.0400
3.3885 -2.3573 -0.0400
3.3970 -2.3554 -0.0400
3.4042 -2.3562 -0.0400
3.4112 -2.3573 -0.0400
3.4181 -2.3586 -0.0400
3.4250 -2.3598 -0.0400
3.4315 -2.3622 -0.0400
3.4380 -2.3648 -0.0400
3.4443 -2.3678 -0.0400
3.4507 -2.3709 -0.0400
3.4565 -2.3769 -0.0400
3.4627 -2.3817 -0.0400
3.4689 -2.3868 -0.0400
3.4751 -2.3928 -0.0400
3.4813 -2.4000 -0.0400
3.4876 -2.4084 -0.0400
3.4938 -2.4192 -0.0400
3.9488 -7.9397 -0.0400
4.9534 -5.8674 -0.0400
5.0038 -5.7968 -0.0400
5.1041 -5.8549 -0.0400
5.5773 -4.4948 -0.0400
5.5905 -4.4227 -0.0400
5.6617 -4.4198 -0.0400
6.9741 -5.7954 -0.0400
6.3124 -3.5162 -0.0400
6.3179 -3.4565 -0.0400
6.3610 -3.4168 -0.0400
6.5764 -3.4604 -0.0400
6.6320 -3.4213 -0.0400
7.8111 -3.5334 -0.0400
7.6220 -1.9071 -0.0400
7.5737 -1.8375 -0.0400
7.5813 -1.7665 -0.0400
7.6738 -1.6890 -0.0400
4.3979 -0.7607 -0.0400
4.3117 -0.8427 -0.0400
4.2755 -0.8546 -0.0400
4.2383 -0.8700 -0.0400
4.2143 -0.8654 -0.0400
4.1585 -0.9172 -0.0400
4.1304 -0.9237 -0.0400
4.1016 -0.9329 -0.0400
4.0807 -0.9283 -0.0400
4.0606 -0.9223 -0.0400
4.0418 -0.9137 -0.0400
4.0242 -0.9024 -0.0400
4.0079 -0.8879 -0.0400
3.9921 -0.8713 -0.0400
3.9872 -0.8251 -0.0400
5.1555 2.4987 -0.0400
5.0877 2.5581 -0.0400
4.2042 2.8736 -0.0400
2.0953 3.7636 -0.0400
2.0002 3.7176 -0.0400
1.8958 3.7060 -0.0400
1.8130 3.6231 -0.0400
-0.2558 -0.1591 -0.0400
-0.3149 -0.2134 -0.0400
2.2183 -1.6368 -0.0400
2.2402 -1.6671 -0.0400
2.2518 -1.6939 -0.0400
2.2589 -1.7193 -0.0400
2.2609 -1.7433 -0.0400
2.2606 -1.7667 -0.0400
2.2548 -1.7891 -0.0400
2.2451 -1.8111 -0.0400
2.2316 -1.8330 -0.0400
2.2127 -1.8546 -0.0400
2.1825 -1.8760 -0.0400
0.1384 -1.8948 -0.0400
-1.3711 -2.4606 -0.0400
0.2472 -3.9421 -0.0400
0.2813 -4.0002 -0.0400
0.2469 -4.1022 -0.0400
-0.1356 -5.6312 -0.0400
-0.0569 -5.6806 -0.0400
3.2595 -2.3774 -0.0400
3.2774 -2.3676 -0.0400
3.2927 -2.3605 -0.0400
3.3020 -2.3611 -0.0400
3.3138 -2.3578 -0.0400
3.3248 -2.3550 -0.0400
3.3328 -2.3566 -0.0400
3.3417 -2.3565 -0.0400
3.3493 -2.3584 -0.0400
3.3578 -2.3584 -0.0400
3.3662 -2.3583 -0.0400
3.3746 -2.3580 -0.0400
3.3841 -2.3548 -0.0400
3.3918 -2.3552 -0.0400
3.3998 -2.3546 -0.0400
3.4069 -2.3559 -0.0400
3.4139 -2.3574 -0.0400
3.4208 -2.3588 -0.0400
3.4274 -2.3610 -0.0400
3.4339 -2.3636 -0.0400
3.4403 -2.3667 -0.0400
3.4467 -2.3697 -0.0400
3.4525 -2.3752 -0.0400
3.4586 -2.3797 -0.0400
3.4649 -2.3844 -0.0400
3.4710 -2.3900 -0.0400
3.4772 -2.3961 -0.0400
3.4819 -2.4112 -0.0400
3.4877 -2.4228 -0.0400
3.4932 -2.4392 -0.0400
3.9512 -7.9497 -0.0400
4.9474 -5.8395 -0.0400
5.0231 -5.8370 -0.0400
5.5510 -4.4569 -0.0400
5.5947 -4.4226 -0.0400
6.8886 -5.8333 -0.0400
6.9741 -5.7953 -0.0400
6.2955 -3.5065 -0.0400
6.3128 -3.4537 -0.0400
6.3467 -3.4096 -0.0400
6.5828 -3.4642 -0.0400
6.6564 -3.4336 -0.0400
7.7791 -3.6096 -0.0400
7.8087 -3.5361 -0.0400
7.5832 -1.8439 -0.0400
7.6212 -1.7713 -0.0400
4.3391 -0.8217 -0.0400
4.2812 -0.8662 -0.0400
4.2537 -0.8664 -0.0400
4.2232 -0.8726 -0.0400
4.1864 -0.8911 -0.0400
4.1410 -0.9278 -0.0400
4.1166 -0.9289 -0.0400
4.0913 -0.9326 -0.0400
4.0709 -0.9274 -0.0400
4.0517 -0.9199 -0.0400
4.0340 -0.9092 -0.0400
4.0170 -0.8967 -0.0400
4.0047 -0.8717 -0.0400
3.9919 -0.8464 -0.0400
3.9828 -0.8086 -0.0400
5.1004 2.5413 -0.0400
4.1248 2.7795 -0.0400
4.0424 2.7988 -0.0400
3.9661 2.8958 -0.0400
2.1108 3.7813 -0.0400
1.9201 3.6917 -0.0400
2.2060 -1.6284 -0.0400
2.2340 -1.6605 -0.0400
2.2471 -1.6881 -0.0400
2.2633 -1.7157 -0.0400
2.2634 -1.7394 -0.0400
2.2613 -1.7627 -0.0400
2.2557 -1.7853 -0.0400
2.2478 -1.8077 -0.0400
2.2364 -1.8299 -0.0400
2.1982 -1.8498 -0.0400
2.1519 -1.8703 -0.0400
0.1427 -1.8290 -0.0400
0.1509 -1.8893 -0.0400
-1.3945 -2.3685 -0.0400
-1.3375 -2.4506 -0.0400
0.1652 -3.9102 -0.0400
0.2460 -3.9421 -0.0400
0.2595 -4.0130 -0.0400
0.2450 -4.1028 -0.0400
-0.1269 -5.6218 -0.0400
-0.0738 -5.6973 -0.0400
3.2405 -2.3848 -0.0400
3.2641 -2.3696 -0.0400
3.2812 -2.3615 -0.0400
3.2942 -2.3579 -0.0400
3.3034 -2.3590 -0.0400
3.3149 -2.3564 -0.0400
3.3254 -2.3548 -0.0400
3.3346 -2.3548 -0.0400
3.3422 -2.3571 -0.0400
3.3509 -2.3575 -0.0400
3.3601 -2.3565 -0.0400
3.3687 -2.3564 -0.0400
3.3784 -2.3537 -0.0400
3.3864 -2.3540 -0.0400
3.3946 -2.3536 -0.0400
3.4018 -2.3549 -0.0400
3.4089 -2.3566 -0.0400
3.4163 -2.3571 -0.0400
3.4229 -2.3597 -0.0400
3.4294 -2.3625 -0.0400
3.4358 -2.3656 -0.0400
3.4422 -2.3686 -0.0400
3.4485 -2.3723 -0.0400
3.4542 -2.3782 -0.0400
3.4604 -2.3828 -0.0400
3.4665 -2.3880 -0.0400
3.4726 -2.3937 -0.0400
3.4773 -2.4066 -0.0400
3.4832 -2.4160 -0.0400
3.4887 -2.4284 -0.0400
3.4935 -2.4479 -0.0400
3.9526 -7.9458 -0.0400
4.9448 -5.8205 -0.0400
5.0339 -5.8545 -0.0400
5.5278 -4.5113 -0.0400
5.5542 -4.4549 -0.0400
5.6159 -4.4423 -0.0400
6.8935 -5.8380 -0.0400
6.2943 -3.5050 -0.0400
6.3177 -3.4556 -0.0400
6.3724 -3.4223 -0.0400
6.6041 -3.4747 -0.0400
7.7725 -3.6099 -0.0400
7.8109 -3.5400 -0.0400
7.6056 -1.9199 -0.0400
7.5698 -1.8504 -0.0400
7.5871 -1.7794 -0.0400
7.6989 -1.7012 -0.0400
4.2344 -0.8752 -0.0400
4.1890 -0.9088 -0.0400
4.1576 -0.9206 -0.0400
4.1259 -0.9350 -0.0400
4.1036 -0.9330 -0.0400
4.0808 -0.9328 -0.0400
4.0618 -0.9251 -0.0400
4.0438 -0.9154 -0.0400
4.0263 -0.9040 -0.0400
4.0133 -0.8814 -0.0400
3.9990 -0.8606 -0.0400
3.9871 -0.8317 -0.0400
5.1398 2.6035 -0.0400
4.2401 2.8706 -0.0400
4.1439 2.7884 -0.0400
4.0591 2.7861 -0.0400
3.9784 2.8277 -0.0400
2.1312 3.7803 -0.0400
2.0394 3.7211 -0.0400
1.9383 3.6983 -0.0400
1.8431 3.6560 -0.0400
2.1968 -1.6201 -0.0400
2.2293 -1.6538 -0.0400
2.2573 -1.6850 -0.0400
2.2615 -1.7102 -0.0400
2.2621 -1.7343 -0.0400
2.2609 -1.7579 -0.0400
2.2531 -1.7804 -0.0400
2.2424 -1.8027 -0.0400
2.2281 -1.8248 -0.0400
2.2078 -1.8467 -0.0400
2.1752 -1.8683 -0.0400
0.1547 -1.8231 -0.0400
0.1259 -1.8823 -0.0400
-1.3675 -2.3589 -0.0400
-1.3527 -2.4447 -0.0400
0.1913 -3.8940 -0.0400
0.2451 -3.9413 -0.0400
0.2170 -4.0378 -0.0400
-0.1279 -5.6215 -0.0400
-0.0914 -5.7140 -0.0400
3.2366 -2.3858 -0.0400
3.2619 -2.3697 -0.0400
3.2787 -2.3626 -0.0400
3.2946 -2.3559 -0.0400
3.3060 -2.3543 -0.0400
3.3171 -2.3527 -0.0400
3.3266 -2.3529 -0.0400
3.3354 -2.3538 -0.0400
3.3430 -2.3564 -0.0400
3.3516 -2.3572 -0.0400
3.3614 -2.3555 -0.0400
3.3713 -2.3534 -0.0400
3.3794 -2.3541 -0.0400
3.3882 -2.3531 -0.0400
3.3964 -2.3530 -0.0400
3.4035 -2.3549 -0.0400
3.4111 -2.3557 -0.0400
3.4178 -2.3581 -0.0400
3.4245 -2.3607 -0.0400
3.4310 -2.3637 -0.0400
3.4374 -2.3669 -0.0400
3.4435 -2.3714 -0.0400
3.4498 -2.3751 -0.0400
3.4553 -2.3817 -0.0400
3.4614 -2.3868 -0.0400
3.4675 -2.3923 -0.0400
3.4735 -2.3987 -0.0400
3.4779 -2.4126 -0.0400
3.4835 -2.4232 -0.0400
3.4887 -2.4373 -0.0400
3.4922 -2.4628 -0.0400
3.8496 -7.9447 -0.0400
4.8854 -5.8542 -0.0400
4.9490 -5.8197 -0.0400
5.0394 -5.8575 -0.0400
5.5203 -4.4948 -0.0400
5.5558 -4.4504 -0.0400
6.8303 -5.8995 -0.0400
6.9107 -5.8564 -0.0400
6.2997 -3.5697 -0.0400
6.2884 -3.5002 -0.0400
6.3202 -3.4556 -0.0400
6.3807 -3.4256 -0.0400
6.6007 -3.4726 -0.0400
7.8078 -3.7116 -0.0400
7.7764 -3.6136 -0.0400
7.8286 -3.5489 -0.0400
7.5769 -1.9257 -0.0400
7.5749 -1.8558 -0.0400
7.6587 -1.7816 -0.0400
4.1381 -0.9351 -0.0400
4.1122 -0.9401 -0.0400
4.0920 -0.9348 -0.0400
4.0715 -0.9305 -0.0400
4.0527 -0.9227 -0.0400
4.0361 -0.9099 -0.0400
4.0196 -0.8963 -0.0400
4.0076 -0.8701 -0.0400
3.9946 -0.8449 -0.0400
5.1591 2.6070 -0.0400
4.1600 2.7740 -0.0400
4.0778 2.7951 -0.0400
4.0016 2.8891 -0.0400
2.1487 3.7908 -0.0400
2.0474 3.7668 -0.0400
1.9552 3.7104 -0.0400
0.9923 0.9966 -0.0400
0.9460 0.9447 -0.0400
0.8709 0.9239 -0.0400
2.1949 -1.6131 -0.0400
2.2474 -1.6521 -0.0400
2.2557 -1.6788 -0.0400
2.2606 -1.7043 -0.0400
2.2613 -1.7286 -0.0400
2.2606 -1.7526 -0.0400
2.2541 -1.7755 -0.0400
2.2448 -1.7981 -0.0400
2.2321 -1.8205 -0.0400
2.1901 -1.8404 -0.0400
2.1180 -1.8591 -0.0400
0.1499 -1.8158 -0.0400
0.1437 -1.8759 -0.0400
-1.3887 -2.3524 -0.0400
-1.3403 -2.4357 -0.0400
0.1967 -3.8887 -0.0400
0.2419 -3.9412 -0.0400
0.1975 -4.0478 -0.0400
-0.2364 -5.5968 -0.0400
-0.1331 -5.6246 -0.0400
3.2330 -2.3852 -0.0400
3.2616 -2.3664 -0.0400
3.2800 -2.3580 -0.0400
3.2929 -2.3556 -0.0400
3.3048 -2.3538 -0.0400
3.3161 -2.3525 -0.0400
3.3255 -2.3532 -0.0400
3.3354 -2.3530 -0.0400
3.3439 -2.3543 -0.0400
3.3525 -2.3555 -0.0400
3.3631 -2.3530 -0.0400
3.3728 -2.3515 -0.0400
3.3808 -2.3526 -0.0400
3.3892 -2.3529 -0.0400
3.3973 -2.3533 -0.0400
3.4050 -2.3543 -0.0400
3.4121 -2.3564 -0.0400
3.4189 -2.3589 -0.0400
3.4255 -2.3619 -0.0400
3.4320 -2.3651 -0.0400
3.4382 -2.3693 -0.0400
3.4446 -2.3731 -0.0400
3.4502 -2.3789 -0.0400
3.4565 -2.3834 -0.0400
3.4626 -2.3886 -0.0400
3.4676 -2.3981 -0.0400
3.4736 -2.4049 -0.0400
3.4774 -2.4208 -0.0400
3.4826 -2.4332 -0.0400
3.4869 -2.4511 -0.0400
3.8515 -7.9478 -0.0400
4.8914 -5.8584 -0.0400
4.9529 -5.8176 -0.0400
5.5229 -4.4908 -0.0400
5.5720 -4.4635 -0.0400
6.8299 -5.8969 -0.0400
6.9321 -5.8795 -0.0400
6.2803 -3.5562 -0.0400
6.2842 -3.4958 -0.0400
6.3346 -3.4616 -0.0400
6.5398 -3.5062 -0.0400
6.6169 -3.4796 -0.0400
7.7483 -3.6888 -0.0400
7.7655 -3.6111 -0.0400
7.5874 -1.9303 -0.0400
7.5685 -1.8609 -0.0400
7.5949 -1.7899 -0.0400
4.0812 -0.9352 -0.0400
4.0625 -0.9275 -0.0400
4.0447 -0.9176 -0.0400
4.0295 -0.9012 -0.0400
4.0134 -0.8862 -0.0400
4.0038 -0.8526 -0.0400
3.9931 -0.8192 -0.0400
4.2683 2.8159 -0.0400
4.1780 2.7768 -0.0400
4.0943 2.7833 -0.0400
4.0145 2.8333 -0.0400
1.8781 3.6747 -0.0400
0.9950 1.0167 -0.0400
0.9502 0.9626 -0.0400
0.8724 0.9443 -0.0400
0.8628 0.8534 -0.0400
0.8107 0.8081 -0.0400
0.6921 0.8266 -0.0400
2.2484 -1.6456 -0.0400
2.2560 -1.6724 -0.0400
2.2606 -1.6980 -0.0400
2.2643 -1.7232 -0.0400
2.2609 -1.7468 -0.0400
2.2546 -1.7699 -0.0400
2.2462 -1.7928 -0.0400
2.2211 -1.8139 -0.0400
2.1980 -1.8360 -0.0400
2.1565 -1.8573 -0.0400
0.1521 -1.8082 -0.0400
-1.4251 -2.2580 -0.0400
-1.3569 -2.3413 -0.0400
-1.3758 -2.4304 -0.0400
0.1951 -3.8868 -0.0400
0.2128 -3.9556 -0.0400
0.1799 -4.0559 -0.0400
-0.2304 -5.5883 -0.0400
-0.1418 -5.6305 -0.0400
3.2287 -2.3842 -0.0400
3.2609 -2.3626 -0.0400
3.2750 -2.3600 -0.0400
3.2901 -2.3554 -0.0400
3.3032 -2.3527 -0.0400
3.3151 -2.3511 -0.0400
3.3250 -2.3515 -0.0400
3.3341 -2.3528 -0.0400
3.3429 -2.3541 -0.0400
3.3518 -2.3552 -0.0400
3.3623 -2.3534 -0.0400
3.3734 -2.3501 -0.0400
3.3820 -2.3506 -0.0400
3.3902 -2.3514 -0.0400
3.3981 -2.3526 -0.0400
3.4058 -2.3540 -0.0400
3.4126 -2.3568 -0.0400
3.4195 -2.3596 -0.0400
3.4261 -2.3628 -0.0400
3.4325 -2.3665 -0.0400
3.4389 -2.3703 -0.0400
3.4449 -2.3752 -0.0400
3.4506 -2.3813 -0.0400
3.4568 -2.3862 -0.0400
3.4619 -2.3946 -0.0400
3.4680 -2.4009 -0.0400
3.4723 -2.4134 -0.0400
3.4778 -2.4231 -0.0400
3.4830 -2.4350 -0.0400
3.7488 -7.9608 -0.0400
3.8536 -7.9609 -0.0400
4.8322 -5.8937 -0.0400
4.8894 -5.8384 -0.0400
4.9762 -5.8703 -0.0400
5.4893 -4.5304 -0.0400
5.5196 -4.4786 -0.0400
6.7674 -5.9582 -0.0400
6.8294 -5.8936 -0.0400
6.9309 -5.8757 -0.0400
6.2806 -3.6174 -0.0400
6.2687 -3.5467 -0.0400
6.2842 -3.4933 -0.0400
6.3377 -3.4609 -0.0400
6.5505 -3.5100 -0.0400
7.7411 -3.6869 -0.0400
7.7625 -3.6111 -0.0400
7.6009 -2.0043 -0.0400
7.5678 -1.9347 -0.0400
7.5810 -1.8649 -0.0400
7.6760 -1.7907 -0.0400
4.0375 -0.9102 -0.0400
4.0238 -0.8896 -0.0400
4.0085 -0.8719 -0.0400
4.0036 -0.8228 -0.0400
4.2886 2.8344 -0.0400
4.1959 2.7795 -0.0400
4.1142 2.8045 -0.0400
1.0607 1.0626 -0.0400
1.0130 1.0116 -0.0400
0.9477 0.9806 -0.0400
0.9145 0.9140 -0.0400
0.8549 0.8762 -0.0400
0.7608 0.8721 -0.0400
0.6863 0.8461 -0.0400
0.5957 0.8333 -0.0400
2.2659 -1.6947 -0.0400
2.2619 -1.7184 -0.0400
2.2552 -1.7416 -0.0400
2.2388 -1.7633 -0.0400
2.2230 -1.7856 -0.0400
2.2012 -1.8077 -0.0400
2.1660 -1.8290 -0.0400
0.1387 -1.6801 -0.0400
0.1533 -1.7421 -0.0400
0.1112 -1.8007 -0.0400
-1.3951 -2.2501 -0.0400
-1.3577 -2.3353 -0.0400
0.1206 -3.7691 -0.0400
0.1666 -3.8223 -0.0400
0.1743 -3.8963 -0.0400
0.1367 -3.9978 -0.0400
-0.3856 -5.4768 -0.0400
-0.2693 -5.4968 -0.0400
-0.2106 -5.5673 -0.0400
3.2424 -2.3608 -0.0400
3.2658 -2.3493 -0.0400
3.2768 -2.3502 -0.0400
3.2912 -2.3468 -0.0400
3.3038 -2.3450 -0.0400
3.3124 -2.3477 -0.0400
3.3221 -2.3486 -0.0400
3.3315 -2.3498 -0.0400
3.3420 -2.3491 -0.0400
3.3527 -2.3476 -0.0400
3.3628 -2.3466 -0.0400
3.3715 -2.3474 -0.0400
3.3799 -2.3485 -0.0400
3.3877 -2.3502 -0.0400
3.3958 -2.3513 -0.0400
3.4027 -2.3544 -0.0400
3.4095 -2.3576 -0.0400
3.4160 -2.3614 -0.0400
3.4223 -2.3656 -0.0400
3.4287 -2.3696 -0.0400
3.4347 -2.3747 -0.0400
3.4404 -2.3807 -0.0400
3.4457 -2.3881 -0.0400
3.4518 -2.3937 -0.0400
3.4564 -2.4038 -0.0400
3.4602 -2.4172 -0.0400
3.4656 -2.4271 -0.0400
3.4657 -2.4554 -0.0400
3.6452 -7.9715 -0.0400
3.7497 -7.9539 -0.0400
4.8247 -5.8597 -0.0400
5.4358 -4.5451 -0.0400
5.4792 -4.5111 -0.0400
6.7184 -6.0383 -0.0400
6.7736 -5.9638 -0.0400
6.2397 -3.6542 -0.0400
6.2277 -3.5828 -0.0400
6.2606 -3.5398 -0.0400
6.4778 -3.6007 -0.0400
6.5295 -3.5632 -0.0400
7.6976 -3.7537 -0.0400
7.7318 -3.6834 -0.0400
7.6067 -2.0767 -0.0400
7.5657 -2.0064 -0.0400
7.5699 -1.9371 -0.0400
4.0224 -0.8549 -0.0400
4.3841 2.8201 -0.0400
4.2886 2.7533 -0.0400
4.2082 2.7846 -0.0400
1.0258 1.0287 -0.0400
0.9754 0.9808 -0.0400
0.8977 0.9625 -0.0400
0.8818 0.8779 -0.0400
0.8275 0.8343 -0.0400
0.7067 0.8549 -0.0400
0.6570 0.8040 -0.0400
2.2386 -1.7792 -0.0400
2.2234 -1.8019 -0.0400
2.2027 -1.8246 -0.0400
0.1365 -1.7291 -0.0400
0.1532 -1.7913 -0.0400
0.1223 -1.8510 -0.0400
-1.3978 -2.2369 -0.0400
-1.3514 -2.3219 -0.0400
0.1395 -3.8313 -0.0400
0.1993 -3.8771 -0.0400
0.2151 -3.9472 -0.0400
-0.2092 -5.5605 -0.0400
-0.1745 -5.6548 -0.0400
3.2454 -2.3666 -0.0400
3.2629 -2.3617 -0.0400
3.2834 -2.3527 -0.0400
3.2947 -2.3533 -0.0400
3.3093 -2.3494 -0.0400
3.3206 -2.3491 -0.0400
3.3290 -2.3520 -0.0400
3.3390 -2.3526 -0.0400
3.3508 -2.3504 -0.0400
3.3598 -2.3517 -0.0400
3.3708 -2.3497 -0.0400
3.3800 -2.3500 -0.0400
3.3888 -2.3507 -0.0400
3.3969 -2.3522 -0.0400
3.4047 -2.3542 -0.0400
3.4118 -2.3572 -0.0400
3.4187 -2.3604 -0.0400
3.4254 -2.3641 -0.0400
3.4317 -2.3687 -0.0400
3.4379 -2.3734 -0.0400
3.4439 -2.3789 -0.0400
3.4497 -2.3852 -0.0400
3.4552 -2.3924 -0.0400
3.4614 -2.3981 -0.0400
3.4663 -2.4079 -0.0400
3.4705 -2.4205 -0.0400
3.4735 -2.4383 -0.0400
3.4778 -2.4535 -0.0400
3.7518 -7.9688 -0.0400
4.8317 -5.8616 -0.0400
4.9023 -5.8482 -0.0400
5.4754 -4.5887 -0.0400
5.4842 -4.5059 -0.0400
5.5351 -4.4821 -0.0400
6.7648 -5.9480 -0.0400
6.8825 -5.9517 -0.0400
6.2577 -3.5962 -0.0400
6.2596 -3.5344 -0.0400
6.2938 -3.4921 -0.0400
6.5098 -3.5487 -0.0400
6.6005 -3.5311 -0.0400
7.7449 -3.7742 -0.0400
7.7275 -3.6817 -0.0400
7.7815 -3.6194 -0.0400
7.6113 -2.0108 -0.0400
7.5697 -1.9413 -0.0400
7.6204 -1.8709 -0.0400
4.3199 2.8114 -0.0400
4.2283 2.7627 -0.0400
4.1476 2.7933 -0.0400
1.0845 1.0835 -0.0400
1.0339 1.0356 -0.0400
0.9521 1.0228 -0.0400
0.9384 0.9341 -0.0400
0.8796 0.8952 -0.0400
0.7986 0.8782 -0.0400
0.7047 0.8714 -0.0400
0.1443 -1.6620 -0.0400
0.1532 -1.7240 -0.0400
-1.4134 -2.1423 -0.0400
-1.3631 -2.2282 -0.0400
0.1267 -3.7570 -0.0400
0.1529 -3.8210 -0.0400
0.1230 -3.9163 -0.0400
-0.2828 -5.5000 -0.0400
-0.3336 -5.6735 -0.0400
3.2070 -2.3808 -0.0400
3.2521 -2.3501 -0.0400
3.2667 -2.3484 -0.0400
3.2841 -2.3432 -0.0400
3.2954 -2.3439 -0.0400
3.3050 -2.3462 -0.0400
3.3162 -2.3463 -0.0400
3.3248 -2.3492 -0.0400
3.3368 -2.3476 -0.0400
3.3494 -2.3447 -0.0400
3.3586 -2.3459 -0.0400
3.3684 -2.3460 -0.0400
3.3775 -2.3468 -0.0400
3.3850 -2.3496 -0.0400
3.3931 -2.3515 -0.0400
3.4004 -2.3546 -0.0400
3.4073 -2.3582 -0.0400
3.4140 -2.3621 -0.0400
3.4204 -2.3668 -0.0400
3.4266 -2.3717 -0.0400
3.4327 -2.3772 -0.0400
3.4385 -2.3833 -0.0400
3.4433 -2.3922 -0.0400
3.4484 -2.4006 -0.0400
3.4531 -2.4108 -0.0400
3.4569 -2.4240 -0.0400
3.4590 -2.4432 -0.0400
3.4627 -2.4595 -0.0400
3.6476 -7.9518 -0.0400
4.7665 -5.8816 -0.0400
4.8574 -5.9342 -0.0400
5.4151 -4.5932 -0.0400
5.4414 -4.5343 -0.0400
6.6331 -6.0653 -0.0400
6.6984 -6.0043 -0.0400
6.2193 -3.6976 -0.0400
6.2078 -3.6256 -0.0400
6.2339 -3.5787 -0.0400
6.2768 -3.5419 -0.0400
6.4880 -3.6001 -0.0400
6.5775 -3.5834 -0.0400
7.6753 -3.8285 -0.0400
7.6924 -3.7509 -0.0400
7.7665 -3.6977 -0.0400
7.5599 -2.0807 -0.0400
7.5649 -2.0119 -0.0400
7.6155 -1.9427 -0.0400
6.5999 1.0561 -0.0400
4.4098 2.7675 -0.0400
4.3223 2.7508 -0.0400
4.2431 2.7895 -0.0400
2.2264 3.7765 -0.0400
2.1335 3.7226 -0.0400
1.0918 1.1000 -0.0400
1.0464 1.0457 -0.0400
0.9855 1.0095 -0.0400
0.9487 0.9464 -0.0400
0.8900 0.9074 -0.0400
0.8059 0.8933 -0.0400
0.7113 0.8872 -0.0400
-1.4152 -2.1312 -0.0400
-1.3656 -2.2174 -0.0400
0.1142 -3.7579 -0.0400
0.1553 -3.8144 -0.0400
-0.3475 -5.4284 -0.0400
-0.2910 -5.5018 -0.0400
3.2321 -2.3611 -0.0400
3.2619 -2.3453 -0.0400
3.2748 -2.3455 -0.0400
3.2871 -2.3456 -0.0400
3.3019 -2.3428 -0.0400
3.3111 -2.3456 -0.0400
3.3225 -2.3457 -0.0400
3.3325 -2.3470 -0.0400
3.3430 -2.3473 -0.0400
3.3560 -2.3442 -0.0400
3.3644 -2.3465 -0.0400
3.3743 -2.3467 -0.0400
3.3833 -2.3479 -0.0400
3.3907 -2.3511 -0.0400
3.3982 -2.3542 -0.0400
3.4052 -2.3580 -0.0400
3.4120 -2.3621 -0.0400
3.4185 -2.3669 -0.0400
3.4247 -2.3722 -0.0400
3.4306 -2.3781 -0.0400
3.4362 -2.3850 -0.0400
3.4416 -2.3926 -0.0400
3.4468 -2.4011 -0.0400
3.4517 -2.4108 -0.0400
3.4561 -2.4224 -0.0400
3.4561 -2.4462 -0.0400
3.5440 -7.9432 -0.0400
3.6486 -7.9617 -0.0400
4.7074 -5.9186 -0.0400
4.7697 -5.8764 -0.0400
4.8564 -5.9159 -0.0400
5.4009 -4.5622 -0.0400
5.4609 -4.5521 -0.0400
6.6360 -6.0646 -0.0400
6.7015 -6.0039 -0.0400
6.2030 -3.6818 -0.0400
6.2042 -3.6185 -0.0400
6.2355 -3.5750 -0.0400
6.4546 -3.6432 -0.0400
6.5178 -3.6133 -0.0400
7.6737 -3.8266 -0.0400
7.6930 -3.7502 -0.0400
7.5550 -2.0823 -0.0400
7.5663 -2.0139 -0.0400
7.6529 -1.9447 -0.0400
6.6017 1.0425 -0.0400
6.5457 1.0909 -0.0400
6.5364 1.1900 -0.0400
4.4292 2.7844 -0.0400
4.3380 2.7439 -0.0400
4.2569 2.7670 -0.0400
2.3413 3.8267 -0.0400
2.2461 3.7782 -0.0400
1.1117 1.1015 -0.0400
1.0474 1.0695 -0.0400
0.9892 1.0297 -0.0400
0.9577 0.9604 -0.0400
0.9032 0.9168 -0.0400
0.7837 0.9388 -0.0400
0.7226 0.8987 -0.0400
-1.4078 -2.1193 -0.0400
-1.3985 -2.2075 -0.0400
0.0553 -3.7033 -0.0400
0.1214 -3.7482 -0.0400
0.1351 -3.8191 -0.0400
0.0919 -3.9223 -0.0400
-0.3541 -5.4276 -0.0400
-0.2963 -5.5002 -0.0400
3.2074 -2.3741 -0.0400
3.2539 -2.3440 -0.0400
3.2676 -2.3439 -0.0400
3.2808 -2.3438 -0.0400
3.2933 -2.3440 -0.0400
3.3066 -2.3429 -0.0400
3.3160 -2.3457 -0.0400
3.3252 -2.3485 -0.0400
3.3405 -2.3436 -0.0400
3.3508 -2.3444 -0.0400
3.3622 -2.3433 -0.0400
3.3707 -2.3457 -0.0400
3.3789 -2.3486 -0.0400
3.3877 -2.3501 -0.0400
3.3950 -2.3539 -0.0400
3.4024 -2.3575 -0.0400
3.4092 -2.3619 -0.0400
3.4159 -2.3666 -0.0400
3.4220 -2.3722 -0.0400
3.4278 -2.3787 -0.0400
3.4342 -2.3844 -0.0400
3.4394 -2.3925 -0.0400
3.4443 -2.4018 -0.0400
3.4486 -2.4129 -0.0400
3.4521 -2.4267 -0.0400
3.4541 -2.4450 -0.0400
4.7052 -5.8935 -0.0400
4.7871 -5.9207 -0.0400
5.3902 -4.6356 -0.0400
5.4057 -4.5590 -0.0400
5.4639 -4.5463 -0.0400
6.6424 -6.0685 -0.0400
6.2131 -3.7491 -0.0400
6.2013 -3.6753 -0.0400
6.2064 -3.6146 -0.0400
6.2437 -3.5751 -0.0400
6.4626 -3.6435 -0.0400
7.6593 -3.9044 -0.0400
7.6672 -3.8221 -0.0400
7.7024 -3.7530 -0.0400
7.5884 -2.1536 -0.0400
7.5579 -2.0837 -0.0400
7.5810 -2.0155 -0.0400
7.6741 -1.9463 -0.0400
6.5963 1.0225 -0.0400
6.5552 1.0858 -0.0400
4.3539 2.7408 -0.0400
4.2767 2.7920 -0.0400
2.3580 3.8412 -0.0400
2.2645 3.7847 -0.0400
2.1721 3.7291 -0.0400
1.1203 1.1169 -0.0400
1.0682 1.0704 -0.0400
0.9771 1.0681 -0.0400
0.9687 0.9726 -0.0400
0.8974 0.9466 -0.0400
0.7927 0.9529 -0.0400
0.7383 0.9062 -0.0400
-0.1153 0.1685 -0.0400
-0.1358 0.0934 -0.0400
-0.1990 0.0411 -0.0400
0.1135 -3.7454 -0.0400
0.0833 -3.8398 -0.0400
-0.3669 -5.4315 -0.0400
3.2092 -2.3608 -0.0400
3.2383 -2.3482 -0.0400
3.2571 -2.3440 -0.0400
3.2713 -2.3437 -0.0400
3.2849 -2.3434 -0.0400
3.3002 -2.3408 -0.0400
3.3100 -2.3436 -0.0400
3.3197 -2.3463 -0.0400
3.3312 -2.3467 -0.0400
3.3466 -2.3418 -0.0400
3.3562 -2.3436 -0.0400
3.3653 -2.3458 -0.0400
3.3755 -2.3461 -0.0400
3.3837 -2.3491 -0.0400
3.3918 -2.3521 -0.0400
3.3988 -2.3565 -0.0400
3.4059 -2.3608 -0.0400
3.4125 -2.3659 -0.0400
3.4193 -2.3709 -0.0400
3.4252 -2.3774 -0.0400
3.4304 -2.3854 -0.0400
3.4366 -2.3919 -0.0400
3.4410 -2.4021 -0.0400
3.4447 -2.4146 -0.0400
3.4503 -2.4237 -0.0400
3.4518 -2.4429 -0.0400
3.5453 -7.9321 -0.0400
4.6518 -5.9560 -0.0400
4.7093 -5.8921 -0.0400
4.7869 -5.9044 -0.0400
5.3655 -4.5869 -0.0400
5.4193 -4.5685 -0.0400
6.5851 -6.1365 -0.0400
6.6328 -6.0504 -0.0400
6.1748 -3.7166 -0.0400
6.1847 -3.6585 -0.0400
6.2092 -3.6109 -0.0400
6.4297 -3.6856 -0.0400
6.4694 -3.6428 -0.0400
7.6707 -3.9079 -0.0400
7.6636 -3.8185 -0.0400
7.7521 -3.7732 -0.0400
7.5549 -2.1526 -0.0400
7.5491 -2.0841 -0.0400
7.6451 -2.0174 -0.0400
6.6690 0.9775 -0.0400
6.6028 1.0152 -0.0400
6.5607 1.0772 -0.0400
4.4805 -0.8146 -0.0400
2.4727 3.8962 -0.0400
2.3767 3.8461 -0.0400
2.2854 3.7804 -0.0400
2.1869 3.7489 -0.0400
1.1363 1.1236 -0.0400
1.0666 1.0978 -0.0400
1.0172 1.0477 -0.0400
0.9824 0.9819 -0.0400
0.9208 0.9457 -0.0400
0.7976 0.9715 -0.0400
0.7218 0.9455 -0.0400
-0.1214 0.1900 -0.0400
-0.1300 0.1080 -0.0400
-0.1865 0.0522 -0.0400
0.0597 -3.6866 -0.0400
0.1139 -3.7378 -0.0400
0.1190 -3.8137 -0.0400
0.0514 -3.9306 -0.0400
-0.4519 -5.3731 -0.0400
-0.3625 -5.4198 -0.0400
3.2085 -2.3631 -0.0400
3.2392 -2.3494 -0.0400
3.2583 -2.3453 -0.0400
3.2803 -2.3374 -0.0400
3.2920 -2.3391 -0.0400
3.3023 -2.3419 -0.0400
3.3124 -2.3447 -0.0400
3.3224 -2.3473 -0.0400
3.3401 -2.3406 -0.0400
3.3506 -2.3417 -0.0400
3.3600 -2.3439 -0.0400
3.3691 -2.3464 -0.0400
3.3793 -2.3471 -0.0400
3.3869 -2.3511 -0.0400
3.3945 -2.3551 -0.0400
3.4018 -2.3594 -0.0400
3.4087 -2.3645 -0.0400
3.4149 -2.3706 -0.0400
3.4214 -2.3763 -0.0400
3.4278 -2.3825 -0.0400
3.4326 -2.3916 -0.0400
3.4387 -2.3988 -0.0400
3.4423 -2.4114 -0.0400
3.4444 -2.4279 -0.0400
3.4488 -2.4405 -0.0400
4.6528 -5.9430 -0.0400
4.7133 -5.8908 -0.0400
5.3720 -4.5858 -0.0400
5.4205 -4.5596 -0.0400
6.6625 -6.0862 -0.0400
6.1862 -3.7183 -0.0400
6.1826 -3.6510 -0.0400
6.2195 -3.6116 -0.0400
6.4410 -3.6873 -0.0400
6.5010 -3.6566 -0.0400
7.6551 -3.8978 -0.0400
7.6702 -3.8192 -0.0400
7.5499 -2.1524 -0.0400
7.5477 -2.0842 -0.0400
7.6263 -2.0176 -0.0400
6.6833 0.9790 -0.0400
6.6096 1.0091 -0.0400
6.5628 1.0659 -0.0400
4.4849 -0.8197 -0.0400
4.4141 -0.8788 -0.0400
4.3680 -0.9066 -0.0400
4.3375 -0.9131 -0.0400
2.3983 3.8370 -0.0400
2.2935 3.8291 -0.0400
2.2093 3.7387 -0.0400
1.1436 1.1410 -0.0400
1.0932 1.0922 -0.0400
0.9977 1.0950 -0.0400
0.9909 0.9972 -0.0400
0.9134 0.9777 -0.0400
0.8163 0.9762 -0.0400
0.7538 0.9373 -0.0400
-0.1006 0.1967 -0.0400
-0.1215 0.1215 -0.0400
-0.2109 0.0828 -0.0400
0.0771 -3.6701 -0.0400
0.1020 -3.7358 -0.0400
0.0684 -3.8322 -0.0400
3.1909 -2.3647 -0.0400
3.2298 -2.3451 -0.0400
3.2506 -2.3401 -0.0400
3.2659 -2.3396 -0.0400
3.2806 -2.3390 -0.0400
3.2926 -2.3407 -0.0400
3.3032 -2.3435 -0.0400
3.3182 -2.3412 -0.0400
3.3310 -2.3407 -0.0400
3.3428 -2.3409 -0.0400
3.3531 -2.3427 -0.0400
3.3628 -2.3448 -0.0400
3.3737 -2.3451 -0.0400
3.3817 -2.3490 -0.0400
3.3895 -2.3531 -0.0400
3.3969 -2.3577 -0.0400
3.4039 -2.3627 -0.0400
3.4109 -2.3680 -0.0400
3.4175 -2.3739 -0.0400
3.4228 -2.3820 -0.0400
3.4290 -2.3890 -0.0400
3.4329 -2.4005 -0.0400
3.4385 -2.4092 -0.0400
3.4436 -2.4194 -0.0400
3.4439 -2.4402 -0.0400
3.4464 -2.4577 -0.0400
3.4405 -7.9314 -0.0400
4.6527 -5.9262 -0.0400
4.7301 -5.9386 -0.0400
5.3332 -4.6160 -0.0400
5.3769 -4.5825 -0.0400
6.5708 -6.1055 -0.0400
6.6476 -6.0604 -0.0400
6.1585 -3.6924 -0.0400
6.1872 -3.6477 -0.0400
6.2376 -3.6173 -0.0400
6.4391 -3.6805 -0.0400
7.6356 -3.8855 -0.0400
7.6750 -3.8188 -0.0400
7.5777 -2.2220 -0.0400
7.5427 -2.1516 -0.0400
7.5506 -2.0841 -0.0400
7.6578 -2.0181 -0.0400
6.6694 0.9537 -0.0400
6.6167 1.0042 -0.0400
6.5944 1.0861 -0.0400
4.4750 -0.8436 -0.0400
4.4228 -0.8768 -0.0400
4.3734 -0.9094 -0.0400
4.3425 -0.9169 -0.0400
4.3094 -0.9296 -0.0400
4.2881 -0.9243 -0.0400
4.2589 -0.9332 -0.0400
2.4233 3.8114 -0.0400
2.3171 3.8123 -0.0400
2.2294 3.7366 -0.0400
1.0055 1.0059 -0.0400
0.9447 0.9687 -0.0400
0.8203 0.9961 -0.0400
0.7313 0.9832 -0.0400
-0.0889 0.2088 -0.0400
-0.1143 0.1360 -0.0400
-0.1656 0.0773 -0.0400
0.0651 -3.6671 -0.0400
0.1042 -3.7260 -0.0400
0.0876 -3.8136 -0.0400
-0.4469 -5.3506 -0.0400
-0.3785 -5.4154 -0.0400
3.2239 -2.3505 -0.0400
3.2480 -2.3431 -0.0400
3.2722 -2.3344 -0.0400
3.2851 -2.3358 -0.0400
3.2960 -2.3387 -0.0400
3.3067 -2.3415 -0.0400
3.3187 -2.3427 -0.0400
3.3319 -2.3421 -0.0400
3.3441 -2.3422 -0.0400
3.3573 -2.3406 -0.0400
3.3665 -2.3436 -0.0400
3.3754 -2.3467 -0.0400
3.3835 -2.3508 -0.0400
3.3912 -2.3553 -0.0400
3.3986 -2.3602 -0.0400
3.4057 -2.3656 -0.0400
3.4124 -2.3717 -0.0400
3.4190 -2.3778 -0.0400
3.4238 -2.3874 -0.0400
3.4297 -2.3954 -0.0400
3.4353 -2.4042 -0.0400
3.4373 -2.4203 -0.0400
3.4415 -2.4331 -0.0400
3.4350 -2.4690 -0.0400
3.4405 -7.9186 -0.0400
4.6528 -5.9109 -0.0400
4.7379 -5.9534 -0.0400
5.3418 -4.6186 -0.0400
5.3805 -4.5770 -0.0400
6.5066 -6.1635 -0.0400
6.5708 -6.1000 -0.0400
6.1472 -3.7429 -0.0400
6.1593 -3.6861 -0.0400
6.1943 -3.6459 -0.0400
6.2638 -3.6280 -0.0400
6.4857 -3.7039 -0.0400
7.6410 -3.9718 -0.0400
7.6413 -3.8852 -0.0400
7.7171 -3.8356 -0.0400
7.5624 -2.2199 -0.0400
7.5398 -2.1505 -0.0400
7.5684 -2.0840 -0.0400
6.6821 0.9552 -0.0400
6.6191 0.9953 -0.0400
6.5840 1.0636 -0.0400
4.5241 -0.8266 -0.0400
4.4818 -0.8434 -0.0400
4.4521 -0.8445 -0.0400
4.3811 -0.9079 -0.0400
4.3397 -0.9318 -0.0400
4.3146 -0.9323 -0.0400
4.2930 -0.9277 -0.0400
4.2655 -0.9341 -0.0400
4.2190 -0.9762 -0.0400
4.1958 -0.9787 -0.0400
4.1752 -0.9772 -0.0400
2.5333 3.8825 -0.0400
2.4427 3.8098 -0.0400
2.3353 3.8168 -0.0400
2.2482 3.7389 -0.0400
0.7784 0.9602 -0.0400
-0.0826 0.2241 -0.0400
-0.1069 0.1506 -0.0400
-0.1603 0.0930 -0.0400
2.2274 -1.5223 -0.0400
0.0713 -3.6547 -0.0400
0.0789 -3.7293 -0.0400
0.0336 -3.8323 -0.0400
-0.4400 -5.3347 -0.0400
3.2071 -2.3498 -0.0400
3.2350 -2.3402 -0.0400
3.2531 -2.3382 -0.0400
3.2690 -2.3375 -0.0400
3.2832 -2.3379 -0.0400
3.2946 -2.3407 -0.0400
3.3102 -2.3387 -0.0400
3.3243 -2.3378 -0.0400
3.3369 -2.3380 -0.0400
3.3477 -2.3398 -0.0400
3.3578 -2.3423 -0.0400
3.3673 -2.3452 -0.0400
3.3763 -2.3485 -0.0400
3.3850 -2.3520 -0.0400
3.3926 -2.3570 -0.0400
3.3998 -2.3626 -0.0400
3.4068 -2.3684 -0.0400
3.4136 -2.3747 -0.0400
3.4186 -2.3840 -0.0400
3.4244 -2.3923 -0.0400
3.4300 -2.4013 -0.0400
3.4353 -2.4111 -0.0400
3.4355 -2.4313 -0.0400
3.4380 -2.4483 -0.0400
3.4331 -2.4819 -0.0400
3.4394 -7.9217 -0.0400
4.5892 -5.9381 -0.0400
4.6550 -5.9047 -0.0400
5.3033 -4.6502 -0.0400
5.3387 -4.6024 -0.0400
6.5236 -6.1836 -0.0400
6.5710 -6.0950 -0.0400
6.1513 -3.8058 -0.0400
6.1475 -3.7360 -0.0400
6.1622 -3.6812 -0.0400
6.2004 -3.6432 -0.0400
6.4253 -3.7272 -0.0400
6.5144 -3.7159 -0.0400
7.6190 -3.9569 -0.0400
7.6395 -3.8809 -0.0400
7.6088 -2.2908 -0.0400
7.5410 -2.2169 -0.0400
7.5386 -2.1491 -0.0400
7.5827 -2.0834 -0.0400
6.7535 0.9123 -0.0400
6.6758 0.9390 -0.0400
6.6298 0.9955 -0.0400
6.6308 1.1010 -0.0400
4.4896 -0.8409 -0.0400
4.4579 -0.8449 -0.0400
4.3727 -0.9294 -0.0400
4.3455 -0.9323 -0.0400
4.3203 -0.9333 -0.0400
4.2980 -0.9302 -0.0400
4.2510 -0.9704 -0.0400
4.2246 -0.9779 -0.0400
4.2011 -0.9813 -0.0400
4.1804 -0.9803 -0.0400
4.1591 -0.9811 -0.0400
4.1413 -0.9754 -0.0400
4.1244 -0.9677 -0.0400
2.5566 3.8596 -0.0400
2.4546 3.8425 -0.0400
2.3606 3.7900 -0.0400
2.2655 3.7463 -0.0400
-0.0819 0.2430 -0.0400
-0.0992 0.1654 -0.0400
2.2090 -1.5054 -0.0400
2.2551 -1.5456 -0.0400
2.2615 -1.5742 -0.0400
2.2713 -1.6030 -0.0400
0.0066 -3.5968 -0.0400
0.0668 -3.6468 -0.0400
0.0843 -3.7167 -0.0400
0.0501 -3.8138 -0.0400
-0.4526 -5.3340 -0.0400
-0.3969 -5.4100 -0.0400
3.2406 -2.3339 -0.0400
3.2571 -2.3335 -0.0400
3.2729 -2.3330 -0.0400
3.2850 -2.3356 -0.0400
3.2964 -2.3386 -0.0400
3.3076 -2.3415 -0.0400
3.3222 -2.3404 -0.0400
3.3353 -2.3404 -0.0400
3.3501 -2.3380 -0.0400
3.3599 -2.3410 -0.0400
3.3692 -2.3444 -0.0400
3.3776 -2.3488 -0.0400
3.3855 -2.3537 -0.0400
3.3933 -2.3588 -0.0400
3.4006 -2.3646 -0.0400
3.4067 -2.3721 -0.0400
3.4130 -2.3795 -0.0400
3.4192 -2.3875 -0.0400
3.4250 -2.3961 -0.0400
3.4304 -2.4060 -0.0400
3.4307 -2.4254 -0.0400
3.4335 -2.4415 -0.0400
3.4332 -2.4648 -0.0400
3.4381 -7.9208 -0.0400
4.5884 -5.9196 -0.0400
4.6619 -5.9193 -0.0400
5.3098 -4.6500 -0.0400
5.3436 -4.5993 -0.0400
6.5006 -6.1436 -0.0400
6.5961 -6.1261 -0.0400
6.1606 -3.8056 -0.0400
6.1515 -3.7316 -0.0400
6.1742 -3.6825 -0.0400
6.3833 -3.7612 -0.0400
6.4313 -3.7247 -0.0400
7.6135 -3.9503 -0.0400
7.6934 -3.9039 -0.0400
7.6253 -2.2904 -0.0400
7.5399 -2.2149 -0.0400
7.5397 -2.1474 -0.0400
7.6585 -2.0848 -0.0400
6.6860 0.9396 -0.0400
6.6287 0.9848 -0.0400
4.5201 -0.8467 -0.0400
4.4837 -0.8563 -0.0400
4.4259 -0.8983 -0.0400
4.3811 -0.9250 -0.0400
4.3517 -0.9314 -0.0400
4.3262 -0.9327 -0.0400
4.2993 -0.9376 -0.0400
4.2593 -0.9662 -0.0400
4.2307 -0.9775 -0.0400
4.2067 -0.9821 -0.0400
4.1822 -0.9888 -0.0400
4.1640 -0.9840 -0.0400
4.1462 -0.9786 -0.0400
4.1296 -0.9710 -0.0400
4.1144 -0.9597 -0.0400
4.0993 -0.9481 -0.0400
4.0848 -0.9340 -0.0400
2.5727 3.8718 -0.0400
2.4795 3.8130 -0.0400
2.3778 3.7967 -0.0400
2.2781 3.7715 -0.0400
-0.0563 0.2478 -0.0400
-0.0979 0.1839 -0.0400
-0.1889 0.1460 -0.0400
2.2199 -1.4964 -0.0400
2.2443 -1.5309 -0.0400
2.2671 -1.5638 -0.0400
2.2699 -1.5912 -0.0400
2.2724 -1.6181 -0.0400
2.2684 -1.6435 -0.0400
2.2590 -1.6679 -0.0400
0.0021 -3.5880 -0.0400
0.0624 -3.6383 -0.0400
0.0834 -3.7066 -0.0400
-0.5420 -5.2729 -0.0400
-0.4534 -5.3229 -0.0400
3.2054 -2.3474 -0.0400
3.2332 -2.3384 -0.0400
3.2510 -2.3372 -0.0400
3.2674 -2.3366 -0.0400
3.2861 -2.3333 -0.0400
3.2975 -2.3364 -0.0400
3.3113 -2.3369 -0.0400
3.3252 -2.3367 -0.0400
3.3377 -2.3375 -0.0400
3.3486 -2.3398 -0.0400
3.3587 -2.3428 -0.0400
3.3685 -2.3460 -0.0400
3.3779 -2.3494 -0.0400
3.3858 -2.3547 -0.0400
3.3932 -2.3607 -0.0400
3.4003 -2.3671 -0.0400
3.4072 -2.3738 -0.0400
3.4136 -2.3815 -0.0400
3.4197 -2.3898 -0.0400
3.4224 -2.4043 -0.0400
3.4268 -2.4164 -0.0400
3.4304 -2.4307 -0.0400
3.4320 -2.4495 -0.0400
4.5911 -5.9187 -0.0400
4.6800 -5.9823 -0.0400
5.3015 -4.6248 -0.0400
5.3658 -4.6247 -0.0400
6.5042 -6.1438 -0.0400
6.5876 -6.1087 -0.0400
6.1265 -3.7719 -0.0400
6.1384 -3.7145 -0.0400
6.1768 -3.6770 -0.0400
6.3865 -3.7566 -0.0400
6.4338 -3.7197 -0.0400
7.6145 -3.9468 -0.0400
7.5446 -2.2806 -0.0400
7.5361 -2.2123 -0.0400
7.5496 -2.1458 -0.0400
7.6591 -2.0830 -0.0400
6.7524 0.8943 -0.0400
6.6821 0.9274 -0.0400
6.6412 0.9883 -0.0400
4.5411 -0.8250 -0.0400
4.4921 -0.8512 -0.0400
4.4619 -0.8538 -0.0400
4.3760 -0.9396 -0.0400
4.3495 -0.9421 -0.0400
4.3246 -0.9432 -0.0400
4.3038 -0.9386 -0.0400
4.2704 -0.9560 -0.0400
4.2373 -0.9754 -0.0400
4.2070 -0.9917 -0.0400
4.1871 -0.9901 -0.0400
4.1686 -0.9863 -0.0400
4.1507 -0.9814 -0.0400
4.1344 -0.9735 -0.0400
4.1191 -0.9631 -0.0400
4.1040 -0.9517 -0.0400
4.0900 -0.9374 -0.0400
4.0815 -0.9069 -0.0400
4.0716 -0.8778 -0.0400
2.4973 3.8148 -0.0400
2.4010 3.7759 -0.0400
2.3015 3.7521 -0.0400
1.2006 1.1767 -0.0400
1.1266 1.1564 -0.0400
1.0817 1.1008 -0.0400
-0.0214 0.3288 -0.0400
-0.0504 0.2574 -0.0400
-0.1167 0.2072 -0.0400
2.2513 -1.4971 -0.0400
2.2621 -1.5275 -0.0400
2.2766 -1.5582 -0.0400
2.2752 -1.5845 -0.0400
2.2724 -1.6103 -0.0400
2.2646 -1.6351 -0.0400
2.2481 -1.6584 -0.0400
2.2335 -1.6825 -0.0400
2.1940 -1.7035 -0.0400
-0.0222 -3.5135 -0.0400
0.0276 -3.5691 -0.0400
-0.0171 -3.6683 -0.0400
-0.5196 -5.2470 -0.0400
3.2037 -2.3317 -0.0400
3.2272 -2.3270 -0.0400
3.2441 -2.3271 -0.0400
3.2602 -2.3272 -0.0400
3.2726 -2.3303 -0.0400
3.2843 -2.3337 -0.0400
3.2959 -2.3369 -0.0400
3.3177 -2.3292 -0.0400
3.3292 -2.3316 -0.0400
3.3398 -2.3346 -0.0400
3.3499 -2.3380 -0.0400
3.3590 -2.3423 -0.0400
3.3674 -2.3473 -0.0400
3.3754 -2.3528 -0.0400
3.3830 -2.3589 -0.0400
3.3893 -2.3667 -0.0400
3.3956 -2.3747 -0.0400
3.4016 -2.3833 -0.0400
3.4072 -2.3929 -0.0400
3.4122 -2.4037 -0.0400
3.4164 -2.4163 -0.0400
3.4194 -2.4315 -0.0400
4.4564 -5.9693 -0.0400
4.5242 -5.9404 -0.0400
5.2154 -4.6887 -0.0400
5.2580 -4.6519 -0.0400
6.4377 -6.2010 -0.0400
6.0987 -3.8128 -0.0400
6.1138 -3.7571 -0.0400
6.3222 -3.8455 -0.0400
6.3682 -3.8086 -0.0400
6.4646 -3.8056 -0.0400
7.5417 -4.0796 -0.0400
7.5796 -4.0127 -0.0400
7.6076 -2.4228 -0.0400
7.5404 -2.3461 -0.0400
7.5279 -2.2772 -0.0400
7.5890 -2.2147 -0.0400
6.8242 0.8564 -0.0400
6.7328 0.8713 -0.0400
6.7162 0.9549 -0.0400
4.5361 -0.8734 -0.0400
4.5017 -0.8802 -0.0400
4.4387 -0.9276 -0.0400
4.3973 -0.9490 -0.0400
4.3695 -0.9530 -0.0400
4.3444 -0.9542 -0.0400
4.3185 -0.9576 -0.0400
4.2747 -0.9916 -0.0400
4.2483 -0.9994 -0.0400
4.2251 -1.0028 -0.0400
4.2050 -1.0015 -0.0400
4.1861 -0.9986 -0.0400
4.1679 -0.9947 -0.0400
4.1518 -0.9867 -0.0400
4.1367 -0.9765 -0.0400
4.1220 -0.9652 -0.0400
4.1121 -0.9414 -0.0400
4.1004 -0.9209 -0.0400
4.0911 -0.8920 -0.0400
1.2614 1.2302 -0.0400
1.2068 1.1867 -0.0400
1.1196 1.1820 -0.0400
1.1003 1.0965 -0.0400
1.0182 1.0834 -0.0400
0.9245 1.0804 -0.0400
-0.0390 0.2772 -0.0400
-0.0858 0.2161 -0.0400
2.2440 -1.5061 -0.0400
2.2579 -1.5373 -0.0400
2.2652 -1.5661 -0.0400
2.2740 -1.5948 -0.0400
2.2711 -1.6206 -0.0400
2.2632 -1.6455 -0.0400
2.2536 -1.6703 -0.0400
2.2284 -1.6930 -0.0400
2.2069 -1.7170 -0.0400
0.1603 -1.5274 -0.0400
-0.0003 -3.7247 -0.0400
-0.5318 -5.2391 -0.0400
-0.4718 -5.3122 -0.0400
3.1999 -2.3452 -0.0400
3.2277 -2.3368 -0.0400
3.2461 -2.3356 -0.0400
3.2700 -2.3287 -0.0400
3.2820 -2.3323 -0.0400
3.2938 -2.3357 -0.0400
3.3082 -2.3360 -0.0400
3.3224 -2.3361 -0.0400
3.3352 -2.3373 -0.0400
3.3465 -2.3398 -0.0400
3.3592 -2.3404 -0.0400
3.3681 -2.3452 -0.0400
3.3764 -2.3507 -0.0400
3.3843 -2.3566 -0.0400
3.3920 -2.3629 -0.0400
3.3990 -2.3700 -0.0400
3.4058 -2.3778 -0.0400
3.4122 -2.3862 -0.0400
3.4147 -2.4013 -0.0400
3.4191 -2.4140 -0.0400
3.4223 -2.4292 -0.0400
3.4229 -2.4500 -0.0400
4.5252 -5.9310 -0.0400
4.6063 -5.9655 -0.0400
4.6898 -6.0028 -0.0400
5.2648 -4.6497 -0.0400
5.3137 -4.6241 -0.0400
6.4318 -6.1853 -0.0400
6.5161 -6.1522 -0.0400
6.1073 -3.8092 -0.0400
6.1168 -3.7491 -0.0400
6.1481 -3.7065 -0.0400
6.2156 -3.6898 -0.0400
6.4022 -3.7534 -0.0400
7.5846 -4.0095 -0.0400
7.6176 -3.9399 -0.0400
7.5743 -2.3457 -0.0400
7.5409 -2.2744 -0.0400
7.5438 -2.2073 -0.0400
7.6655 -2.1476 -0.0400
6.7477 0.8763 -0.0400
6.6873 0.9180 -0.0400
6.6544 0.9862 -0.0400
4.5362 -0.8404 -0.0400
4.4938 -0.8586 -0.0400
4.4102 -0.9371 -0.0400
4.3785 -0.9465 -0.0400
4.3528 -0.9488 -0.0400
4.3287 -0.9493 -0.0400
4.3083 -0.9448 -0.0400
4.2718 -0.9682 -0.0400
4.2414 -0.9835 -0.0400
4.2122 -0.9987 -0.0400
4.1927 -0.9971 -0.0400
4.1750 -0.9926 -0.0400
4.1579 -0.9872 -0.0400
4.1419 -0.9795 -0.0400
4.1264 -0.9706 -0.0400
4.1142 -0.9535 -0.0400
4.1011 -0.9376 -0.0400
4.0886 -0.9189 -0.0400
4.0789 -0.8911 -0.0400
1.2271 1.1966 -0.0400
1.1554 1.1738 -0.0400
1.1055 1.1242 -0.0400
1.0687 1.0602 -0.0400
1.0053 1.0262 -0.0400
0.8831 1.0524 -0.0400
-0.0057 0.3593 -0.0400
-0.0335 0.2872 -0.0400
-0.1019 0.2382 -0.0400
2.2395 -1.4684 -0.0400
2.2589 -1.5017 -0.0400
2.2679 -1.5314 -0.0400
2.2786 -1.5610 -0.0400
2.2758 -1.5870 -0.0400
2.2709 -1.6126 -0.0400
2.2571 -1.6365 -0.0400
2.2433 -1.6608 -0.0400
2.2048 -1.6819 -0.0400
2.1628 -1.7038 -0.0400
-0.6039 -5.1658 -0.0400
-0.5329 -5.2307 -0.0400
3.1978 -2.3283 -0.0400
3.2214 -2.3241 -0.0400
3.2384 -2.3247 -0.0400
3.2549 -2.3251 -0.0400
3.2676 -2.3285 -0.0400
3.2795 -2.3322 -0.0400
3.2997 -2.3275 -0.0400
3.3136 -2.3284 -0.0400
3.3255 -2.3309 -0.0400
3.3364 -2.3342 -0.0400
3.3468 -2.3378 -0.0400
3.3562 -2.3425 -0.0400
3.3649 -2.3479 -0.0400
3.3729 -2.3541 -0.0400
3.3801 -2.3612 -0.0400
3.3870 -2.3690 -0.0400
3.3934 -2.3776 -0.0400
3.3993 -2.3872 -0.0400
3.4045 -2.3981 -0.0400
3.4090 -2.4106 -0.0400
3.4123 -2.4256 -0.0400
4.4566 -5.9487 -0.0400
4.5398 -5.9984 -0.0400
5.2186 -4.6731 -0.0400
5.2782 -4.6666 -0.0400
6.2963 -6.3018 -0.0400
6.3565 -6.2290 -0.0400
6.4524 -6.2149 -0.0400
6.0561 -3.8308 -0.0400
6.0846 -3.7858 -0.0400
6.1419 -3.7633 -0.0400
6.3344 -3.8401 -0.0400
6.4013 -3.8181 -0.0400
7.5157 -4.1445 -0.0400
7.5431 -4.0714 -0.0400
7.6380 -4.0357 -0.0400
7.5678 -2.4110 -0.0400
7.5212 -2.3373 -0.0400
7.5410 -2.2721 -0.0400
6.7830 0.8078 -0.0400
6.7433 0.8683 -0.0400
4.5342 -0.8826 -0.0400
4.5024 -0.8867 -0.0400
4.4375 -0.9372 -0.0400
4.3985 -0.9559 -0.0400
4.3717 -0.9591 -0.0400
4.3420 -0.9680 -0.0400
4.3198 -0.9666 -0.0400
4.2770 -0.9995 -0.0400
4.2518 -1.0061 -0.0400
4.2295 -1.0088 -0.0400
4.2098 -1.0076 -0.0400
4.1915 -1.0043 -0.0400
4.1740 -0.9999 -0.0400
4.1585 -0.9917 -0.0400
4.1441 -0.9808 -0.0400
4.1302 -0.9687 -0.0400
4.1173 -0.9532 -0.0400
4.1050 -0.9358 -0.0400
4.1080 -0.8757 -0.0400
4.7309 2.6774 -0.0400
4.6477 2.6797 -0.0400
4.5699 2.7086 -0.0400
1.3116 1.3344 -0.0400
1.2901 1.2467 -0.0400
1.2314 1.2087 -0.0400
1.1531 1.1936 -0.0400
1.1265 1.1166 -0.0400
1.0466 1.1015 -0.0400
0.9498 1.1025 -0.0400
0.8837 1.0679 -0.0400
2.2125 -1.4719 -0.0400
2.2461 -1.5090 -0.0400
2.2728 -1.5429 -0.0400
2.2754 -1.5703 -0.0400
2.2739 -1.5967 -0.0400
2.2703 -1.6226 -0.0400
2.2581 -1.6470 -0.0400
2.2446 -1.6715 -0.0400
2.2271 -1.6959 -0.0400
2.1611 -1.7155 -0.0400
-1.3819 -1.8695 -0.0400
-1.3834 -1.9591 -0.0400
-0.5561 -5.2295 -0.0400
-0.5904 -5.3796 -0.0400
3.1949 -2.3395 -0.0400
3.2219 -2.3324 -0.0400
3.2401 -2.3320 -0.0400
3.2640 -2.3258 -0.0400
3.2761 -2.3297 -0.0400
3.2882 -2.3335 -0.0400
3.3025 -2.3346 -0.0400
3.3172 -2.3348 -0.0400
3.3304 -2.3362 -0.0400
3.3449 -2.3357 -0.0400
3.3551 -2.3398 -0.0400
3.3643 -2.3448 -0.0400
3.3729 -2.3507 -0.0400
3.3811 -2.3569 -0.0400
3.3889 -2.3636 -0.0400
3.3963 -2.3712 -0.0400
3.4008 -2.3828 -0.0400
3.4066 -2.3933 -0.0400
3.4115 -2.4052 -0.0400
3.4154 -2.4196 -0.0400
3.4175 -2.4377 -0.0400
3.4146 -2.4659 -0.0400
4.4600 -5.9584 -0.0400
4.5292 -5.9352 -0.0400
4.6138 -5.9854 -0.0400
5.2331 -4.6868 -0.0400
5.2776 -4.6524 -0.0400
6.4363 -6.1839 -0.0400
6.0916 -3.8498 -0.0400
6.0974 -3.7856 -0.0400
6.1213 -3.7371 -0.0400
6.1715 -3.7086 -0.0400
6.3957 -3.8046 -0.0400
7.5693 -4.0801 -0.0400
7.5822 -3.9990 -0.0400
7.5419 -2.3347 -0.0400
7.5409 -2.2672 -0.0400
7.5935 -2.2044 -0.0400
6.8130 0.8280 -0.0400
6.7413 0.8598 -0.0400
6.6959 0.9150 -0.0400
6.6835 1.0027 -0.0400
4.5100 -0.8798 -0.0400
4.4566 -0.9145 -0.0400
4.4084 -0.9454 -0.0400
4.3787 -0.9529 -0.0400
4.3538 -0.9545 -0.0400
4.3308 -0.9543 -0.0400
4.3108 -0.9498 -0.0400
4.2729 -0.9763 -0.0400
4.2363 -1.0034 -0.0400
4.2157 -1.0039 -0.0400
4.1967 -1.0023 -0.0400
4.1796 -0.9976 -0.0400
4.1630 -0.9919 -0.0400
4.1474 -0.9842 -0.0400
4.1326 -0.9749 -0.0400
4.1213 -0.9566 -0.0400
4.1090 -0.9399 -0.0400
4.0979 -0.9185 -0.0400
4.0902 -0.8860 -0.0400
4.7580 2.7321 -0.0400
4.6651 2.6903 -0.0400
4.5828 2.6948 -0.0400
4.5059 2.7295 -0.0400
1.2493 1.2209 -0.0400
1.1648 1.2138 -0.0400
1.1376 1.1373 -0.0400
1.0943 1.0809 -0.0400
1.0290 1.0492 -0.0400
0.9099 1.0727 -0.0400
2.2396 -1.4422 -0.0400
2.2625 -1.4769 -0.0400
2.2726 -1.5071 -0.0400
2.2775 -1.5355 -0.0400
2.2779 -1.5624 -0.0400
2.2741 -1.5884 -0.0400
2.2646 -1.6132 -0.0400
2.2519 -1.6377 -0.0400
2.2349 -1.6619 -0.0400
2.1754 -1.6812 -0.0400
-1.4396 -1.6766 -0.0400
-1.4022 -1.7682 -0.0400
-0.6021 -5.1349 -0.0400
-0.6576 -5.2983 -0.0400
3.1648 -2.3439 -0.0400
3.2014 -2.3301 -0.0400
3.2323 -2.3196 -0.0400
3.2486 -2.3208 -0.0400
3.2613 -2.3247 -0.0400
3.2734 -2.3289 -0.0400
3.2935 -2.3249 -0.0400
3.3076 -2.3262 -0.0400
3.3198 -2.3290 -0.0400
3.3310 -2.3326 -0.0400
3.3418 -2.3365 -0.0400
3.3515 -2.3414 -0.0400
3.3609 -2.3466 -0.0400
3.3687 -2.3536 -0.0400
3.3762 -2.3611 -0.0400
3.3834 -2.3692 -0.0400
3.3900 -2.3782 -0.0400
3.3959 -2.3884 -0.0400
3.4012 -2.3999 -0.0400
3.3991 -2.4238 -0.0400
3.3983 -2.4467 -0.0400
4.3883 -5.9654 -0.0400
4.4621 -5.9671 -0.0400
5.1780 -4.6946 -0.0400
5.2330 -4.6804 -0.0400
6.2898 -6.2831 -0.0400
6.3782 -6.2573 -0.0400
6.0344 -3.8660 -0.0400
6.0575 -3.8161 -0.0400
6.1045 -3.7861 -0.0400
6.3031 -3.8732 -0.0400
6.3573 -3.8428 -0.0400
7.5172 -4.2265 -0.0400
7.5085 -4.1307 -0.0400
7.5629 -4.0733 -0.0400
7.5500 -2.4689 -0.0400
7.5217 -2.3970 -0.0400
7.5277 -2.3304 -0.0400
7.6574 -2.2764 -0.0400
6.8574 0.7691 -0.0400
6.7870 0.8025 -0.0400
6.7735 0.8864 -0.0400
4.5722 -0.8747 -0.0400
4.5291 -0.8920 -0.0400
4.5003 -0.8931 -0.0400
4.4299 -0.9513 -0.0400
4.3869 -0.9765 -0.0400
4.3630 -0.9770 -0.0400
4.3428 -0.9727 -0.0400
4.3137 -0.9827 -0.0400
4.2777 -1.0057 -0.0400
4.2534 -1.0115 -0.0400
4.2318 -1.0137 -0.0400
4.2127 -1.0123 -0.0400
4.1934 -1.0118 -0.0400
4.1780 -1.0042 -0.0400
4.1630 -0.9958 -0.0400
4.1491 -0.9850 -0.0400
4.1358 -0.9723 -0.0400
4.1236 -0.9564 -0.0400
4.1118 -0.9386 -0.0400
4.8467 2.7172 -0.0400
4.7513 2.6692 -0.0400
4.6689 2.6738 -0.0400
1.3174 1.2641 -0.0400
1.2420 1.2472 -0.0400
1.1957 1.1933 -0.0400
1.1560 1.1323 -0.0400
1.0539 1.1426 -0.0400
0.9752 1.1237 -0.0400
0.9021 1.0968 -0.0400
2.2462 -1.4592 -0.0400
2.2643 -1.4919 -0.0400
2.2831 -1.5238 -0.0400
2.2813 -1.5504 -0.0400
2.2772 -1.5763 -0.0400
2.2694 -1.6015 -0.0400
2.2586 -1.6263 -0.0400
2.2257 -1.6481 -0.0400
2.1933 -1.6710 -0.0400
-1.3834 -1.7514 -0.0400
-1.4013 -1.8410 -0.0400
-0.6128 -5.1272 -0.0400
-0.6796 -5.2994 -0.0400
3.2084 -2.3178 -0.0400
3.2252 -2.3195 -0.0400
3.2415 -2.3210 -0.0400
3.2558 -2.3239 -0.0400
3.2720 -2.3245 -0.0400
3.2865 -2.3262 -0.0400
3.3012 -2.3273 -0.0400
3.3146 -2.3294 -0.0400
3.3292 -2.3296 -0.0400
3.3396 -2.3341 -0.0400
3.3491 -2.3396 -0.0400
3.3578 -2.3459 -0.0400
3.3662 -2.3525 -0.0400
3.3743 -2.3597 -0.0400
3.3799 -2.3701 -0.0400
3.3863 -2.3798 -0.0400
3.3920 -2.3908 -0.0400
3.3969 -2.4034 -0.0400
3.4005 -2.4186 -0.0400
3.4020 -2.4379 -0.0400
3.3910 -2.4798 -0.0400
4.3884 -5.9636 -0.0400
4.4636 -5.9729 -0.0400
5.1462 -4.7465 -0.0400
5.1828 -4.6950 -0.0400
5.2449 -4.6937 -0.0400
6.2831 -6.2685 -0.0400
6.3754 -6.2495 -0.0400
6.0317 -3.9272 -0.0400
6.0384 -3.8617 -0.0400
6.0613 -3.8115 -0.0400
6.1066 -3.7802 -0.0400
6.3220 -3.8807 -0.0400
7.5154 -4.1301 -0.0400
7.5353 -2.4623 -0.0400
7.5185 -2.3922 -0.0400
7.5912 -2.3338 -0.0400
6.8511 0.7607 -0.0400
6.7908 0.8026 -0.0400
6.7769 0.8858 -0.0400
4.5483 -0.9034 -0.0400
4.5186 -0.9053 -0.0400
4.4521 -0.9559 -0.0400
4.4147 -0.9721 -0.0400
4.3890 -0.9744 -0.0400
4.3652 -0.9748 -0.0400
4.3439 -0.9723 -0.0400
4.2987 -1.0077 -0.0400
4.2721 -1.0167 -0.0400
4.2495 -1.0204 -0.0400
4.2299 -1.0197 -0.0400
4.2117 -1.0173 -0.0400
4.1951 -1.0123 -0.0400
4.1792 -1.0062 -0.0400
4.1641 -0.9983 -0.0400
4.1519 -0.9843 -0.0400
4.1396 -0.9698 -0.0400
4.1282 -0.9526 -0.0400
4.1183 -0.9301 -0.0400
4.1128 -0.8946 -0.0400
4.7621 2.6720 -0.0400
4.6824 2.6886 -0.0400
1.3307 1.2728 -0.0400
1.2562 1.2550 -0.0400
1.2079 1.2036 -0.0400
1.1634 1.1482 -0.0400
1.0818 1.1356 -0.0400
0.9884 1.1334 -0.0400
0.9240 1.0976 -0.0400
0.0102 0.5011 -0.0400
2.2160 -1.4084 -0.0400
2.2562 -1.4486 -0.0400
2.2713 -1.4805 -0.0400
2.2786 -1.5097 -0.0400
2.2810 -1.5373 -0.0400
2.2789 -1.5638 -0.0400
2.2694 -1.5887 -0.0400
2.2564 -1.6133 -0.0400
2.2384 -1.6374 -0.0400
2.2123 -1.6609 -0.0400
2.1631 -1.6827 -0.0400
-1.3813 -1.7340 -0.0400
3.2014 -2.3165 -0.0400
3.2187 -2.3181 -0.0400
3.2350 -2.3200 -0.0400
3.2545 -2.3184 -0.0400
3.2666 -2.3232 -0.0400
3.2790 -2.3273 -0.0400
3.2947 -2.3278 -0.0400
3.3129 -2.3251 -0.0400
3.3243 -2.3292 -0.0400
3.3352 -2.3335 -0.0400
3.3451 -2.3388 -0.0400
3.3547 -2.3443 -0.0400
3.3629 -2.3516 -0.0400
3.3707 -2.3594 -0.0400
3.3781 -2.3678 -0.0400
3.3850 -2.3771 -0.0400
3.3912 -2.3875 -0.0400
3.3917 -2.4071 -0.0400
3.3945 -2.4241 -0.0400
3.3936 -2.4480 -0.0400
4.3210 -6.0078 -0.0400
4.3896 -5.9724 -0.0400
4.4702 -6.0110 -0.0400
5.1366 -4.7186 -0.0400
5.1859 -4.6929 -0.0400
6.2210 -6.3374 -0.0400
6.2860 -6.2710 -0.0400
6.3894 -6.2704 -0.0400
6.0296 -3.9176 -0.0400
6.0399 -3.8554 -0.0400
6.0775 -3.8176 -0.0400
6.2736 -3.9080 -0.0400
6.3241 -3.8754 -0.0400
7.4819 -4.1951 -0.0400
7.5129 -4.1238 -0.0400
7.5314 -2.4572 -0.0400
7.5323 -2.3896 -0.0400
7.6246 -2.3336 -0.0400
6.9287 0.7300 -0.0400
6.8414 0.7502 -0.0400
6.7966 0.8051 -0.0400
6.7971 0.9012 -0.0400
4.5478 -0.9029 -0.0400
4.5182 -0.9049 -0.0400
4.4541 -0.9526 -0.0400
4.4050 -0.9846 -0.0400
4.3815 -0.9844 -0.0400
4.3597 -0.9827 -0.0400
4.3407 -0.9775 -0.0400
4.3033 -1.0011 -0.0400
4.2746 -1.0134 -0.0400
4.2517 -1.0178 -0.0400
4.2277 -1.0251 -0.0400
4.2109 -1.0207 -0.0400
4.1947 -1.0155 -0.0400
4.1799 -1.0076 -0.0400
4.1655 -0.9990 -0.0400
4.1520 -0.9882 -0.0400
4.1393 -0.9753 -0.0400
4.1276 -0.9594 -0.0400
4.1253 -0.9187 -0.0400
4.8536 2.6638 -0.0400
4.7674 2.6523 -0.0400
4.6902 2.6787 -0.0400
4.6230 2.7602 -0.0400
1.3801 1.3486 -0.0400
1.3436 1.2815 -0.0400
1.2611 1.2740 -0.0400
1.2243 1.2085 -0.0400
1.1762 1.1576 -0.0400
1.0961 1.1435 -0.0400
1.0013 1.1432 -0.0400
0.0415 0.4114 -0.0400
-0.0131 0.3552 -0.0400
2.2232 -1.4260 -0.0400
2.2572 -1.4635 -0.0400
2.2834 -1.4976 -0.0400
2.2844 -1.5250 -0.0400
2.2816 -1.5513 -0.0400
2.2753 -1.5769 -0.0400
2.2651 -1.6018 -0.0400
2.2505 -1.6264 -0.0400
2.2018 -1.6468 -0.0400
-1.4218 -1.6245 -0.0400
-1.3825 -1.7162 -0.0400
3.2491 -2.3159 -0.0400
3.2612 -2.3210 -0.0400
3.2731 -2.3260 -0.0400
3.2944 -2.3211 -0.0400
3.3074 -2.3241 -0.0400
3.3191 -2.3281 -0.0400
3.3301 -2.3327 -0.0400
3.3419 -2.3361 -0.0400
3.3509 -2.3428 -0.0400
3.3595 -2.3498 -0.0400
3.3678 -2.3572 -0.0400
3.3737 -2.3679 -0.0400
3.3804 -2.3780 -0.0400
3.3864 -2.3892 -0.0400
3.3915 -2.4021 -0.0400
3.3953 -2.4176 -0.0400
3.3971 -2.4373 -0.0400
4.3210 -6.0140 -0.0400
4.3898 -5.9774 -0.0400
4.4715 -6.0216 -0.0400
5.1073 -4.7800 -0.0400
5.1385 -4.7149 -0.0400
5.2089 -4.7308 -0.0400
6.2061 -6.3088 -0.0400
6.2844 -6.2665 -0.0400
6.0256 -3.9066 -0.0400
6.0351 -3.8438 -0.0400
6.0861 -3.8174 -0.0400
6.2774 -3.9042 -0.0400
6.3295 -3.8727 -0.0400
7.4733 -4.1850 -0.0400
7.5482 -4.1405 -0.0400
7.5224 -2.5189 -0.0400
7.5095 -2.4490 -0.0400
7.5354 -2.3855 -0.0400
7.6309 -2.3299 -0.0400
6.8954 0.7014 -0.0400
6.8337 0.7420 -0.0400
6.7891 0.7966 -0.0400
4.5880 -0.8877 -0.0400
4.5446 -0.9049 -0.0400
4.4668 -0.9670 -0.0400
4.4297 -0.9823 -0.0400
4.4038 -0.9847 -0.0400
4.3807 -0.9843 -0.0400
4.3589 -0.9829 -0.0400
4.3216 -1.0052 -0.0400
4.2903 -1.0207 -0.0400
4.2672 -1.0251 -0.0400
4.2466 -1.0264 -0.0400
4.2283 -1.0245 -0.0400
4.2112 -1.0210 -0.0400
4.1950 -1.0160 -0.0400
4.1802 -1.0087 -0.0400
4.1669 -0.9982 -0.0400
4.1539 -0.9868 -0.0400
4.1422 -0.9719 -0.0400
4.1312 -0.9548 -0.0400
4.1221 -0.9316 -0.0400
4.1177 -0.8944 -0.0400
4.8688 2.6894 -0.0400
4.7770 2.6547 -0.0400
4.7060 2.7102 -0.0400
1.3672 1.3919 -0.0400
1.3581 1.2876 -0.0400
1.2938 1.2576 -0.0400
1.2428 1.2103 -0.0400
1.1959 1.1584 -0.0400
1.1017 1.1608 -0.0400
1.0140 1.1528 -0.0400
0.0218 0.5347 -0.0400
0.0441 0.4300 -0.0400
0.0090 0.3621 -0.0400
-0.0691 0.3189 -0.0400
2.2661 -1.5262 -0.0400
2.2732 -1.5547 -0.0400
2.2748 -1.5818 -0.0400
2.2702 -1.6078 -0.0400
2.2600 -1.6330 -0.0400
2.2444 -1.6578 -0.0400
2.2216 -1.6824 -0.0400
2.1839 -1.7064 -0.0400
-1.4388 -1.7757 -0.0400
-1.3876 -1.8664 -0.0400
-1.4225 -1.9573 -0.0400
3.3071 -2.3284 -0.0400
3.3207 -2.3307 -0.0400
3.3327 -2.3345 -0.0400
3.3463 -2.3360 -0.0400
3.3565 -2.3415 -0.0400
3.3660 -2.3477 -0.0400
3.3753 -2.3542 -0.0400
3.3831 -2.3626 -0.0400
3.3911 -2.3711 -0.0400
3.3986 -2.3804 -0.0400
3.4054 -2.3910 -0.0400
3.4068 -2.4107 -0.0400
3.4105 -2.4279 -0.0400
3.4105 -2.4522 -0.0400
4.4585 -5.9569 -0.0400
4.5405 -5.9975 -0.0400
5.2026 -4.7079 -0.0400
5.2404 -4.6588 -0.0400
5.3132 -4.6755 -0.0400
6.3079 -6.3064 -0.0400
6.3569 -6.2125 -0.0400
6.4573 -6.2055 -0.0400
6.0837 -3.8745 -0.0400
6.0736 -3.7950 -0.0400
6.1103 -3.7565 -0.0400
6.1706 -3.7363 -0.0400
6.3535 -3.8079 -0.0400
7.5336 -4.1242 -0.0400
7.5539 -4.0466 -0.0400
7.6197 -3.9953 -0.0400
7.5521 -2.3798 -0.0400
7.5318 -2.3097 -0.0400
7.5523 -2.2450 -0.0400
6.8098 0.8130 -0.0400
6.7459 0.8506 -0.0400
6.7133 0.9163 -0.0400
4.5421 -0.8689 -0.0400
4.4988 -0.8890 -0.0400
4.4307 -0.9445 -0.0400
4.3976 -0.9568 -0.0400
4.3734 -0.9582 -0.0400
4.3449 -0.9670 -0.0400
4.3264 -0.9619 -0.0400
4.2939 -0.9795 -0.0400
4.2633 -0.9961 -0.0400
4.2407 -1.0011 -0.0400
4.2165 -1.0099 -0.0400
4.1993 -1.0072 -0.0400
4.1833 -1.0025 -0.0400
4.1680 -0.9966 -0.0400
4.1534 -0.9892 -0.0400
4.1395 -0.9803 -0.0400
4.1261 -0.9699 -0.0400
4.1175 -0.9474 -0.0400
4.1069 -0.9280 -0.0400
4.0994 -0.8989 -0.0400
4.7154 2.6873 -0.0400
4.6325 2.6847 -0.0400
4.5571 2.7214 -0.0400
1.2684 1.2186 -0.0400
1.1782 1.2185 -0.0400
1.1501 1.1443 -0.0400
1.1076 1.0880 -0.0400
1.0409 1.0582 -0.0400
0.9272 1.0754 -0.0400
0.8578 1.0441 -0.0400
-0.0133 0.3200 -0.0400
-0.0659 0.2621 -0.0400
2.2811 -1.5518 -0.0400
2.2735 -1.5772 -0.0400
2.2618 -1.6021 -0.0400
2.2220 -1.6235 -0.0400
2.1735 -1.6452 -0.0400
-1.3928 -1.6800 -0.0400
3.3221 -2.3262 -0.0400
3.3324 -2.3320 -0.0400
3.3421 -2.3385 -0.0400
3.3510 -2.3457 -0.0400
3.3594 -2.3536 -0.0400
3.3674 -2.3622 -0.0400
3.3749 -2.3716 -0.0400
3.3785 -2.3868 -0.0400
3.3839 -2.4000 -0.0400
3.3880 -2.4159 -0.0400
3.3898 -2.4360 -0.0400
4.2449 -6.0266 -0.0400
4.3135 -5.9819 -0.0400
4.3895 -5.9941 -0.0400
5.0964 -4.7443 -0.0400
5.1480 -4.7223 -0.0400
6.1471 -6.3878 -0.0400
6.2042 -6.3045 -0.0400
6.3013 -6.2949 -0.0400
5.9934 -3.9359 -0.0400
6.0099 -3.8783 -0.0400
6.0541 -3.8463 -0.0400
6.2459 -3.9388 -0.0400
6.3229 -3.9282 -0.0400
7.4503 -4.2529 -0.0400
7.4759 -4.1777 -0.0400
7.5313 -2.5790 -0.0400
7.5030 -2.5056 -0.0400
7.5194 -2.4408 -0.0400
7.6140 -2.3871 -0.0400
6.8872 0.6938 -0.0400
6.8336 0.7407 -0.0400
6.8051 0.8088 -0.0400
4.5992 -0.9017 -0.0400
4.5575 -0.9162 -0.0400
4.4843 -0.9702 -0.0400
4.4463 -0.9859 -0.0400
4.4184 -0.9906 -0.0400
4.3884 -0.9993 -0.0400
4.3687 -0.9954 -0.0400
4.3507 -0.9895 -0.0400
4.3145 -1.0110 -0.0400
4.2784 -1.0347 -0.0400
4.2583 -1.0355 -0.0400
4.2406 -1.0331 -0.0400
4.2236 -1.0298 -0.0400
4.2080 -1.0246 -0.0400
4.1931 -1.0183 -0.0400
4.1796 -1.0092 -0.0400
4.1668 -0.9987 -0.0400
4.1548 -0.9861 -0.0400
4.1436 -0.9709 -0.0400
4.1329 -0.9539 -0.0400
4.1254 -0.9279 -0.0400
4.8796 2.6672 -0.0400
4.7926 2.6506 -0.0400
4.7266 2.7277 -0.0400
2.9414 3.9297 -0.0400
2.8478 3.8700 -0.0400
2.7421 3.8872 -0.0400
1.2214 1.1751 -0.0400
1.1248 1.1809 -0.0400
1.0396 1.1706 -0.0400
0.9312 1.1825 -0.0400
0.0707 0.5438 -0.0400
0.0661 0.4563 -0.0400
0.0248 0.3924 -0.0400
-0.0618 0.3542 -0.0400
2.2437 -1.6134 -0.0400
2.2156 -1.6371 -0.0400
2.1503 -1.6579 -0.0400
-1.4214 -1.5700 -0.0400
-1.3835 -1.6620 -0.0400
-0.1072 -3.3296 -0.0400
3.3463 -2.3429 -0.0400
3.3550 -2.3508 -0.0400
3.3632 -2.3594 -0.0400
3.3688 -2.3716 -0.0400
3.3755 -2.3828 -0.0400
3.3815 -2.3954 -0.0400
3.3865 -2.4100 -0.0400
3.3780 -2.4471 -0.0400
4.2411 -6.0156 -0.0400
4.3115 -5.9842 -0.0400
4.3920 -6.0260 -0.0400
5.0977 -4.7428 -0.0400
5.1540 -4.7301 -0.0400
6.1349 -6.3658 -0.0400
6.2085 -6.3134 -0.0400
5.9778 -3.9146 -0.0400
6.0092 -3.8711 -0.0400
6.0962 -3.8768 -0.0400
6.2525 -3.9383 -0.0400
6.3083 -3.9101 -0.0400
7.4455 -4.2455 -0.0400
7.5094 -4.1947 -0.0400
7.5623 -2.5802 -0.0400
7.5081 -2.5015 -0.0400
7.5177 -2.4356 -0.0400
6.9683 0.6684 -0.0400
6.8767 0.6858 -0.0400
6.8402 0.7465 -0.0400
6.8213 0.8229 -0.0400
4.5714 -0.9277 -0.0400
4.5444 -0.9266 -0.0400
4.4906 -0.9582 -0.0400
4.4329 -0.9978 -0.0400
4.4102 -0.9967 -0.0400
4.3821 -1.0034 -0.0400
4.3644 -0.9972 -0.0400
4.3460 -0.9923 -0.0400
4.2953 -1.0355 -0.0400
4.2743 -1.0374 -0.0400
4.2552 -1.0370 -0.0400
4.2379 -1.0342 -0.0400
4.2200 -1.0330 -0.0400
4.2053 -1.0266 -0.0400
4.1915 -1.0188 -0.0400
4.1781 -1.0100 -0.0400
4.1654 -0.9998 -0.0400
4.1568 -0.9803 -0.0400
4.1465 -0.9636 -0.0400
4.1383 -0.9408 -0.0400
4.1344 -0.9059 -0.0400
4.9800 2.7016 -0.0400
4.8786 2.6343 -0.0400
4.7977 2.6410 -0.0400
4.7259 2.6890 -0.0400
3.0555 3.9396 -0.0400
2.9518 3.9481 -0.0400
2.8603 3.8736 -0.0400
2.7609 3.8567 -0.0400
0.9640 1.1697 -0.0400
0.0615 0.5697 -0.0400
0.0714 0.4727 -0.0400
0.0094 0.4211 -0.0400
-1.4067 -1.6429 -0.0400
-0.1256 -3.3203 -0.0400
-0.0657 -3.3748 -0.0400
-0.0644 -3.4530 -0.0400
3.3645 -2.3683 -0.0400
3.3715 -2.3793 -0.0400
3.3779 -2.3915 -0.0400
3.3771 -2.4155 -0.0400
3.3781 -2.4377 -0.0400
4.2382 -6.0178 -0.0400
4.3089 -5.9865 -0.0400
5.0518 -4.7749 -0.0400
5.0975 -4.7388 -0.0400
6.1355 -6.3692 -0.0400
6.2124 -6.3222 -0.0400
5.9755 -3.9809 -0.0400
5.9785 -3.9090 -0.0400
6.0227 -3.8772 -0.0400
6.2132 -3.9740 -0.0400
6.2708 -3.9480 -0.0400
6.3588 -3.9458 -0.0400
7.4310 -4.3253 -0.0400
7.4411 -4.2387 -0.0400
7.5413 -4.2111 -0.0400
7.5029 -2.5633 -0.0400
7.5044 -2.4957 -0.0400
7.5498 -2.4358 -0.0400
6.9462 0.6524 -0.0400
6.8737 0.6845 -0.0400
6.8403 0.7475 -0.0400
4.5645 -0.9298 -0.0400
4.4934 -0.9795 -0.0400
4.4570 -0.9925 -0.0400
4.4213 -1.0067 -0.0400
4.4004 -1.0038 -0.0400
4.3798 -1.0013 -0.0400
4.3589 -0.9996 -0.0400
4.3225 -1.0207 -0.0400
4.2880 -1.0414 -0.0400
4.2683 -1.0417 -0.0400
4.2509 -1.0393 -0.0400
4.2322 -1.0393 -0.0400
4.2172 -1.0337 -0.0400
4.2031 -1.0267 -0.0400
4.1894 -1.0190 -0.0400
4.1779 -1.0071 -0.0400
4.1661 -0.9951 -0.0400
4.1552 -0.9810 -0.0400
4.1448 -0.9649 -0.0400
4.1364 -0.9434 -0.0400
4.9669 2.6289 -0.0400
4.8815 2.6197 -0.0400
4.8065 2.6501 -0.0400
4.7461 2.7503 -0.0400
3.0669 3.9467 -0.0400
2.9643 3.9469 -0.0400
2.8724 3.8769 -0.0400
2.7741 3.8536 -0.0400
0.0663 0.5863 -0.0400
0.0871 0.4825 -0.0400
0.0266 0.4303 -0.0400
2.2512 -1.4080 -0.0400
-1.3835 -1.6253 -0.0400
-0.1083 -3.2969 -0.0400
-0.0703 -3.3600 -0.0400
-0.1198 -3.4599 -0.0400
3.3735 -2.4108 -0.0400
3.3760 -2.4310 -0.0400
4.2322 -5.9968 -0.0400
4.3126 -6.0424 -0.0400
5.0513 -4.7719 -0.0400
5.0990 -4.7398 -0.0400
6.0698 -6.4426 -0.0400
6.1287 -6.3592 -0.0400
6.2317 -6.3608 -0.0400
5.9641 -3.9641 -0.0400
5.9786 -3.9034 -0.0400
6.0356 -3.8832 -0.0400
6.2158 -3.9709 -0.0400
6.2792 -3.9498 -0.0400
7.4039 -4.3031 -0.0400
7.4378 -4.2328 -0.0400
7.5119 -2.5601 -0.0400
7.5252 -2.4945 -0.0400
7.6352 -2.4450 -0.0400
6.9230 0.6363 -0.0400
6.8720 0.6848 -0.0400
6.8519 0.7586 -0.0400
4.5978 -0.9185 -0.0400
4.5533 -0.9359 -0.0400
4.4757 -0.9933 -0.0400
4.4456 -0.9998 -0.0400
4.4150 -1.0081 -0.0400
4.3889 -1.0123 -0.0400
4.3720 -1.0054 -0.0400
4.3327 -1.0294 -0.0400
4.3063 -1.0377 -0.0400
4.2855 -1.0393 -0.0400
4.2619 -1.0459 -0.0400
4.2456 -1.0422 -0.0400
4.2283 -1.0403 -0.0400
4.2138 -1.0343 -0.0400
4.2004 -1.0265 -0.0400
4.1882 -1.0164 -0.0400
4.1759 -1.0062 -0.0400
4.1646 -0.9938 -0.0400
4.1538 -0.9799 -0.0400
4.1501 -0.9494 -0.0400
4.1455 -0.9189 -0.0400
4.9797 2.6543 -0.0400
4.8883 2.6227 -0.0400
4.8100 2.6384 -0.0400
2.9781 3.9330 -0.0400
2.8829 3.8859 -0.0400
2.7867 3.8515 -0.0400
0.0911 0.5897 -0.0400
0.0959 0.4962 -0.0400
0.0354 0.4442 -0.0400
2.1834 -1.3764 -0.0400
2.2776 -1.4294 -0.0400
2.2862 -1.4590 -0.0400
2.2899 -1.4869 -0.0400
-0.1727 -3.3048 -0.0400
-0.0810 -3.3473 -0.0400
-0.0917 -3.4308 -0.0400
4.2284 -5.9999 -0.0400
4.3056 -6.0195 -0.0400
5.0480 -4.7635 -0.0400
5.1072 -4.7568 -0.0400
6.0670 -6.4419 -0.0400
6.1277 -6.3614 -0.0400
5.9372 -4.0087 -0.0400
5.9474 -3.9424 -0.0400
5.9852 -3.9044 -0.0400
6.0364 -3.8787 -0.0400
6.2213 -3.9709 -0.0400
6.3044 -3.9664 -0.0400
7.3945 -4.2933 -0.0400
7.4491 -4.2370 -0.0400
7.5079 -2.6227 -0.0400
7.4920 -2.5510 -0.0400
7.5178 -2.4881 -0.0400
7.6150 -2.4368 -0.0400
6.9219 0.6377 -0.0400
6.8711 0.6863 -0.0400
6.8561 0.7641 -0.0400
4.5705 -0.9406 -0.0400
4.5060 -0.9808 -0.0400
4.4545 -1.0103 -0.0400
4.4314 -1.0094 -0.0400
4.4058 -1.0124 -0.0400
4.3828 -1.0131 -0.0400
4.3663 -1.0060 -0.0400
4.3229 -1.0359 -0.0400
4.2933 -1.0493 -0.0400
4.2747 -1.0483 -0.0400
4.2549 -1.0498 -0.0400
4.2395 -1.0452 -0.0400
4.2250 -1.0393 -0.0400
4.2105 -1.0337 -0.0400
4.1972 -1.0260 -0.0400
4.1860 -1.0146 -0.0400
4.1741 -1.0041 -0.0400
4.1633 -0.9910 -0.0400
4.1571 -0.9675 -0.0400
4.1499 -0.9450 -0.0400
4.1461 -0.9127 -0.0400
5.0752 2.6756 -0.0400
4.9724 2.6084 -0.0400
4.8914 2.6139 -0.0400
4.8197 2.6562 -0.0400
3.0909 3.9356 -0.0400
2.9937 3.9014 -0.0400
2.8893 3.9190 -0.0400
2.7991 3.8467 -0.0400
0.1215 0.5891 -0.0400
0.1035 0.5104 -0.0400
0.0354 0.4631 -0.0400
2.2249 -1.3741 -0.0400
2.2617 -1.4122 -0.0400
2.2771 -1.4436 -0.0400
2.2848 -1.4726 -0.0400
2.2906 -1.5008 -0.0400
2.2855 -1.5267 -0.0400
2.2751 -1.5517 -0.0400
-0.1720 -3.2871 -0.0400
-0.0906 -3.3339 -0.0400
-0.1246 -3.4274 -0.0400
4.1505 -6.0163 -0.0400
4.2248 -6.0110 -0.0400
4.3113 -6.1017 -0.0400
5.0497 -4.7679 -0.0400
6.0487 -6.4106 -0.0400
6.1302 -6.3715 -0.0400
5.9387 -4.0057 -0.0400
5.9464 -3.9368 -0.0400
5.9938 -3.9079 -0.0400
6.1809 -4.0074 -0.0400
6.2388 -3.9819 -0.0400
7.3893 -4.3817 -0.0400
7.3954 -4.2910 -0.0400
7.5160 -2.6196 -0.0400
7.4998 -2.5477 -0.0400
7.5947 -2.4977 -0.0400
6.9769 0.5946 -0.0400
6.9111 0.6322 -0.0400
6.8732 0.6907 -0.0400
6.8921 0.7962 -0.0400
4.5907 -0.9414 -0.0400
4.5574 -0.9466 -0.0400
4.4808 -1.0006 -0.0400
4.4428 -1.0157 -0.0400
4.4179 -1.0175 -0.0400
4.3939 -1.0191 -0.0400
4.3752 -1.0149 -0.0400
4.3499 -1.0198 -0.0400
4.3098 -1.0459 -0.0400
4.2852 -1.0530 -0.0400
4.2680 -1.0506 -0.0400
4.2496 -1.0503 -0.0400
4.2337 -1.0469 -0.0400
4.2197 -1.0406 -0.0400
4.2067 -1.0328 -0.0400
4.1944 -1.0240 -0.0400
4.1823 -1.0144 -0.0400
4.1730 -0.9993 -0.0400
4.1623 -0.9862 -0.0400
4.1579 -0.9594 -0.0400
4.1515 -0.9352 -0.0400
4.1529 -0.8911 -0.0400
4.9786 2.6139 -0.0400
4.8957 2.6119 -0.0400
4.8400 2.7206 -0.0400
3.1008 3.9402 -0.0400
3.0009 3.9270 -0.0400
2.9088 3.8624 -0.0400
0.1119 0.6142 -0.0400
0.1149 0.5220 -0.0400
0.0636 0.4647 -0.0400
2.2716 -1.4014 -0.0400
2.2836 -1.4320 -0.0400
2.2896 -1.4605 -0.0400
2.2913 -1.4878 -0.0400
2.2885 -1.5141 -0.0400
2.2829 -1.5399 -0.0400
2.2611 -1.5633 -0.0400
2.2386 -1.5874 -0.0400
2.2009 -1.6105 -0.0400
-0.1236 -3.2512 -0.0400
-0.0972 -3.3191 -0.0400
-0.1328 -3.4132 -0.0400
-0.8235 -4.8532 -0.0400
-0.7533 -4.9223 -0.0400
4.1473 -6.0428 -0.0400
4.2186 -6.0032 -0.0400
4.3004 -6.0574 -0.0400
5.0104 -4.8249 -0.0400
5.0483 -4.7665 -0.0400
6.0564 -6.4334 -0.0400
6.1445 -6.4060 -0.0400
5.9238 -3.9865 -0.0400
5.9488 -3.9350 -0.0400
5.9991 -3.9088 -0.0400
6.1822 -4.0046 -0.0400
6.2590 -3.9960 -0.0400
7.3631 -4.3604 -0.0400
7.3997 -4.2914 -0.0400
7.5016 -2.6806 -0.0400
7.4811 -2.6070 -0.0400
7.4992 -2.5427 -0.0400
7.5797 -2.4901 -0.0400
6.9591 0.5848 -0.0400
6.9093 0.6341 -0.0400
6.8892 0.7065 -0.0400
4.5765 -0.9476 -0.0400
4.4940 -1.0051 -0.0400
4.4551 -1.0202 -0.0400
4.4299 -1.0219 -0.0400
4.4069 -1.0219 -0.0400
4.3863 -1.0198 -0.0400
4.3687 -1.0146 -0.0400
4.3217 -1.0481 -0.0400
4.2967 -1.0552 -0.0400
4.2755 -1.0581 -0.0400
4.2603 -1.0532 -0.0400
4.2434 -1.0512 -0.0400
4.2283 -1.0469 -0.0400
4.2154 -1.0394 -0.0400
4.2026 -1.0316 -0.0400
4.1918 -1.0203 -0.0400
4.1801 -1.0102 -0.0400
4.1723 -0.9925 -0.0400
4.1622 -0.9786 -0.0400
4.1535 -0.9611 -0.0400
4.1570 -0.9157 -0.0400
4.9760 2.5898 -0.0400
4.9017 2.6187 -0.0400
4.8378 2.6922 -0.0400
3.1096 3.9496 -0.0400
3.0148 3.8985 -0.0400
2.9166 3.8785 -0.0400
2.8159 3.8749 -0.0400
0.1239 0.5346 -0.0400
0.0458 0.4938 -0.0400
2.2544 -1.3839 -0.0400
2.2747 -1.4168 -0.0400
2.2843 -1.4464 -0.0400
2.2946 -1.4755 -0.0400
2.2911 -1.5016 -0.0400
2.2842 -1.5271 -0.0400
2.2731 -1.5521 -0.0400
2.2571 -1.5767 -0.0400
2.2334 -1.6009 -0.0400
-1.4121 -1.4779 -0.0400
-0.1381 -3.2390 -0.0400
-0.1014 -3.3031 -0.0400
-0.1184 -3.3893 -0.0400
-0.8618 -4.8578 -0.0400
-0.7781 -4.9184 -0.0400
4.1386 -6.0141 -0.0400
4.2154 -6.0288 -0.0400
5.0066 -4.8196 -0.0400
5.0574 -4.7913 -0.0400
6.0491 -6.4270 -0.0400
5.9181 -4.0565 -0.0400
5.9196 -3.9789 -0.0400
5.9536 -3.9363 -0.0400
6.0286 -3.9335 -0.0400
6.1915 -4.0099 -0.0400
6.2704 -4.0029 -0.0400
7.3386 -4.4371 -0.0400
7.3501 -4.3490 -0.0400
7.4222 -4.3049 -0.0400
7.4941 -2.6741 -0.0400
7.4808 -2.6022 -0.0400
7.5004 -2.5382 -0.0400
6.9524 0.5836 -0.0400
6.9077 0.6366 -0.0400
6.9110 0.7272 -0.0400
4.5962 -0.9476 -0.0400
4.5608 -0.9546 -0.0400
4.4775 -1.0133 -0.0400
4.4434 -1.0238 -0.0400
4.4198 -1.0240 -0.0400
4.3944 -1.0273 -0.0400
4.3774 -1.0214 -0.0400
4.3359 -1.0465 -0.0400
4.3083 -1.0562 -0.0400
4.2867 -1.0593 -0.0400
4.2684 -1.0588 -0.0400
4.2515 -1.0567 -0.0400
4.2367 -1.0520 -0.0400
4.2232 -1.0457 -0.0400
4.2106 -1.0379 -0.0400
4.1989 -1.0287 -0.0400
4.1882 -1.0176 -0.0400
4.1773 -1.0063 -0.0400
4.1695 -0.9890 -0.0400
4.1649 -0.9643 -0.0400
4.1579 -0.9430 -0.0400
5.0611 2.5873 -0.0400
4.9787 2.5872 -0.0400
4.9048 2.6165 -0.0400
4.8402 2.6859 -0.0400
3.1204 3.9369 -0.0400
3.0203 3.9283 -0.0400
2.9283 3.8653 -0.0400
2.2335 -1.3657 -0.0400
2.2844 -1.4062 -0.0400
2.2914 -1.4350 -0.0400
2.2943 -1.4626 -0.0400
2.2931 -1.4891 -0.0400
2.2887 -1.5149 -0.0400
2.2732 -1.5392 -0.0400
2.2557 -1.5636 -0.0400
2.2296 -1.5875 -0.0400
2.1796 -1.6101 -0.0400
-1.4301 -1.4584 -0.0400
-0.1669 -3.2321 -0.0400
-0.1284 -3.2960 -0.0400
-0.1884 -3.4006 -0.0400
-0.8479 -4.8270 -0.0400
-0.7812 -4.8989 -0.0400
3.1320 -2.3129 -0.0400
4.1335 -6.0322 -0.0400
4.2147 -6.0861 -0.0400
4.9606 -4.8673 -0.0400
4.9932 -4.7919 -0.0400
5.0557 -4.7922 -0.0400
6.0436 -6.4251 -0.0400
5.9012 -4.0359 -0.0400
5.9160 -3.9723 -0.0400
5.9571 -3.9368 -0.0400
6.1488 -4.0465 -0.0400
6.2009 -4.0159 -0.0400
7.3392 -4.4362 -0.0400
7.3509 -4.3480 -0.0400
7.4424 -4.3174 -0.0400
7.4823 -2.6668 -0.0400
7.4792 -2.5974 -0.0400
7.5853 -2.5516 -0.0400
7.0154 0.5476 -0.0400
6.9503 0.5862 -0.0400
6.9196 0.6496 -0.0400
6.9256 0.7426 -0.0400
4.6180 -0.9457 -0.0400
4.5724 -0.9615 -0.0400
4.4860 -1.0207 -0.0400
4.4499 -1.0326 -0.0400
4.4311 -1.0274 -0.0400
4.4070 -1.0287 -0.0400
4.3875 -1.0256 -0.0400
4.3572 -1.0359 -0.0400
4.3205 -1.0558 -0.0400
4.2937 -1.0651 -0.0400
4.2758 -1.0639 -0.0400
4.2594 -1.0612 -0.0400
4.2446 -1.0567 -0.0400
4.2303 -1.0515 -0.0400
4.2179 -1.0439 -0.0400
4.2060 -1.0353 -0.0400
4.1952 -1.0247 -0.0400
4.1858 -1.0116 -0.0400
4.1752 -1.0002 -0.0400
4.1676 -0.9825 -0.0400
4.1645 -0.9550 -0.0400
4.1585 -0.9318 -0.0400
5.0606 2.5762 -0.0400
4.9810 2.5848 -0.0400
4.9085 2.6187 -0.0400
3.2265 3.9699 -0.0400
3.1249 3.9742 -0.0400
3.0327 3.9018 -0.0400
2.9368 3.8692 -0.0400
2.2607 -1.3598 -0.0400
2.2793 -1.3922 -0.0400
2.2882 -1.4216 -0.0400
2.2929 -1.4496 -0.0400
2.2959 -1.4769 -0.0400
2.2906 -1.5025 -0.0400
2.2811 -1.5276 -0.0400
2.2681 -1.5524 -0.0400
2.2493 -1.5769 -0.0400
-1.4082 -1.4412 -0.0400
-1.3852 -1.5330 -0.0400
-0.1464 -3.2064 -0.0400
-0.1192 -3.2743 -0.0400
-0.1613 -3.3710 -0.0400
-0.8546 -4.8097 -0.0400
-0.7987 -4.8891 -0.0400
3.1525 -2.3004 -0.0400
3.1742 -2.2999 -0.0400
3.1970 -2.2974 -0.0400
4.1247 -6.0152 -0.0400
4.2043 -6.0545 -0.0400
4.9919 -4.7955 -0.0400
5.0504 -4.7857 -0.0400
5.9613 -6.4758 -0.0400
6.0397 -6.4280 -0.0400
5.8960 -4.0284 -0.0400
5.9184 -3.9727 -0.0400
5.9667 -3.9442 -0.0400
6.1533 -4.0489 -0.0400
6.2285 -4.0396 -0.0400
7.3146 -4.4168 -0.0400
7.3537 -4.3489 -0.0400
7.4510 -4.3223 -0.0400
7.4919 -2.7346 -0.0400
7.4712 -2.6598 -0.0400
7.5050 -2.5990 -0.0400
7.6031 -2.5512 -0.0400
6.9934 0.5365 -0.0400
6.9441 0.5861 -0.0400
6.9527 0.6791 -0.0400
4.6302 -0.9525 -0.0400
4.5915 -0.9607 -0.0400
4.5113 -1.0110 -0.0400
4.4608 -1.0359 -0.0400
4.4408 -1.0319 -0.0400
4.4151 -1.0344 -0.0400
4.3945 -1.0323 -0.0400
4.3582 -1.0491 -0.0400
4.3316 -1.0562 -0.0400
4.3058 -1.0635 -0.0400
4.2846 -1.0662 -0.0400
4.2677 -1.0640 -0.0400
4.2520 -1.0608 -0.0400
4.2367 -1.0572 -0.0400
4.2245 -1.0495 -0.0400
4.2123 -1.0416 -0.0400
4.2016 -1.0315 -0.0400
4.1909 -1.0211 -0.0400
4.1823 -1.0068 -0.0400
4.1742 -0.9909 -0.0400
4.1690 -0.9688 -0.0400
4.1686 -0.9360 -0.0400
4.1703 -0.8963 -0.0400
5.0675 2.5919 -0.0400
4.9834 2.5851 -0.0400
4.9140 2.6300 -0.0400
3.2366 3.9469 -0.0400
3.1398 3.9139 -0.0400
2.9450 3.8707 -0.0400
1.5718 1.4678 -0.0400
1.5315 1.4072 -0.0400
1.4724 1.3737 -0.0400
2.2542 -1.3456 -0.0400
2.2756 -1.3788 -0.0400
2.2863 -1.4086 -0.0400
2.2995 -1.4384 -0.0400
2.2981 -1.4647 -0.0400
2.2938 -1.4905 -0.0400
2.2871 -1.5158 -0.0400
2.2651 -1.5393 -0.0400
2.2437 -1.5635 -0.0400
2.2093 -1.5872 -0.0400
-1.4152 -1.4225 -0.0400
-0.1798 -3.2009 -0.0400
-0.1479 -3.2675 -0.0400
-0.8680 -4.7966 -0.0400
-0.8124 -4.8764 -0.0400
3.1215 -2.3146 -0.0400
3.1647 -2.2946 -0.0400
3.1826 -2.2972 -0.0400
3.2048 -2.2950 -0.0400
3.2186 -2.3006 -0.0400
3.2340 -2.3043 -0.0400
4.1178 -6.0265 -0.0400
4.2036 -6.1255 -0.0400
4.9377 -4.8248 -0.0400
4.9907 -4.8011 -0.0400
5.9648 -6.4967 -0.0400
6.0344 -6.4292 -0.0400
5.8837 -4.0960 -0.0400
5.8979 -4.0293 -0.0400
5.9208 -3.9739 -0.0400
5.9732 -3.9492 -0.0400
6.1582 -4.0524 -0.0400
7.3114 -4.4139 -0.0400
7.3638 -4.3557 -0.0400
7.4608 -2.7223 -0.0400
7.4638 -2.6540 -0.0400
7.4912 -2.5918 -0.0400
7.0484 0.4951 -0.0400
6.9843 0.5349 -0.0400
6.9441 0.5909 -0.0400
6.9265 0.6639 -0.0400
4.6084 -0.9620 -0.0400
4.5306 -1.0075 -0.0400
4.4844 -1.0266 -0.0400
4.4470 -1.0392 -0.0400
4.4272 -1.0353 -0.0400
4.4032 -1.0365 -0.0400
4.3759 -1.0422 -0.0400
4.3416 -1.0573 -0.0400
4.3120 -1.0685 -0.0400
4.2900 -1.0720 -0.0400
4.2726 -1.0704 -0.0400
4.2586 -1.0648 -0.0400
4.2442 -1.0601 -0.0400
4.2308 -1.0541 -0.0400
4.2186 -1.0466 -0.0400
4.2074 -1.0376 -0.0400
4.1974 -1.0265 -0.0400
4.1885 -1.0132 -0.0400
4.1799 -0.9991 -0.0400
4.1727 -0.9817 -0.0400
4.1688 -0.9574 -0.0400
4.1713 -0.9187 -0.0400
5.1470 2.5759 -0.0400
5.0616 2.5668 -0.0400
4.9879 2.5945 -0.0400
4.9247 2.6629 -0.0400
3.2438 3.9484 -0.0400
3.1447 3.9380 -0.0400
3.0482 3.9060 -0.0400
1.1074 3.6510 -0.0400
1.5828 1.4692 -0.0400
1.5399 1.4126 -0.0400
1.4767 1.3851 -0.0400
1.4246 1.3419 -0.0400
1.3757 1.2949 -0.0400
1.3107 1.2680 -0.0400
2.2754 -1.3665 -0.0400
2.2867 -1.3964 -0.0400
2.3005 -1.4262 -0.0400
2.3000 -1.4527 -0.0400
2.2965 -1.4785 -0.0400
2.2859 -1.5033 -0.0400
2.2737 -1.5280 -0.0400
2.2565 -1.5525 -0.0400
2.2308 -1.5766 -0.0400
-1.4230 -1.3126 -0.0400
-1.3789 -1.4066 -0.0400
-1.4008 -1.4959 -0.0400
-0.1314 -3.2428 -0.0400
-0.1750 -3.3399 -0.0400
-0.8876 -4.7874 -0.0400
-0.8220 -4.8606 -0.0400
3.1390 -2.3043 -0.0400
3.1726 -2.2923 -0.0400
3.1892 -2.2959 -0.0400
3.2101 -2.2946 -0.0400
3.2231 -2.3011 -0.0400
3.2393 -2.3038 -0.0400
3.2549 -2.3067 -0.0400
3.2723 -2.3070 -0.0400
4.0350 -6.0496 -0.0400
4.1087 -6.0187 -0.0400
4.1902 -6.0749 -0.0400
4.9420 -4.8471 -0.0400
4.9859 -4.7989 -0.0400
5.9471 -6.4727 -0.0400
6.0565 -6.4887 -0.0400
5.8649 -4.0748 -0.0400
5.8856 -4.0157 -0.0400
5.9324 -3.9853 -0.0400
6.1147 -4.0911 -0.0400
6.1603 -4.0538 -0.0400
7.2945 -4.5002 -0.0400
7.3103 -4.4133 -0.0400
7.3674 -4.3584 -0.0400
7.4875 -2.7964 -0.0400
7.4605 -2.7186 -0.0400
7.4722 -2.6524 -0.0400
7.5260 -2.5961 -0.0400
7.0370 0.4925 -0.0400
6.9796 0.5367 -0.0400
6.9459 0.5972 -0.0400
4.6108 -0.9759 -0.0400
4.5826 -0.9748 -0.0400
4.4811 -1.0428 -0.0400
4.4564 -1.0427 -0.0400
4.4359 -1.0393 -0.0400
4.4099 -1.0421 -0.0400
4.3941 -1.0350 -0.0400
4.3444 -1.0658 -0.0400
4.3225 -1.0677 -0.0400
4.2974 -1.0743 -0.0400
4.2788 -1.0741 -0.0400
4.2644 -1.0691 -0.0400
4.2497 -1.0647 -0.0400
4.2365 -1.0587 -0.0400
4.2244 -1.0512 -0.0400
4.2132 -1.0424 -0.0400
4.2027 -1.0324 -0.0400
4.1933 -1.0206 -0.0400
4.1848 -1.0070 -0.0400
4.1769 -0.9918 -0.0400
4.1755 -0.9641 -0.0400
4.1746 -0.9337 -0.0400
5.1449 2.5662 -0.0400
5.0618 2.5637 -0.0400
4.9884 2.5917 -0.0400
3.3483 3.9768 -0.0400
3.2493 3.9630 -0.0400
3.1549 3.9075 -0.0400
3.0575 3.8886 -0.0400
2.9575 3.8897 -0.0400
1.5891 1.4766 -0.0400
1.5478 1.4180 -0.0400
1.4684 1.4127 -0.0400
1.4336 1.3464 -0.0400
1.3822 1.3029 -0.0400
1.3146 1.2794 -0.0400
1.2008 1.3091 -0.0400
1.1205 1.2955 -0.0400
2.2552 -1.3495 -0.0400
2.2897 -1.3850 -0.0400
2.2948 -1.4130 -0.0400
2.3023 -1.4411 -0.0400
2.2989 -1.4668 -0.0400
2.2902 -1.4917 -0.0400
2.2792 -1.5165 -0.0400
2.2642 -1.5411 -0.0400
2.2134 -1.5625 -0.0400
-1.4360 -1.2936 -0.0400
-1.3884 -1.3880 -0.0400
-1.3820 -1.4787 -0.0400
-0.8856 -4.7637 -0.0400
-0.9534 -4.9279 -0.0400
3.1160 -2.3110 -0.0400
3.1475 -2.3017 -0.0400
3.1780 -2.2921 -0.0400
3.1947 -2.2954 -0.0400
3.2139 -2.2956 -0.0400
3.2270 -2.3019 -0.0400
3.2458 -2.3015 -0.0400
3.2604 -2.3053 -0.0400
3.2765 -2.3070 -0.0400
3.2887 -2.3133 -0.0400
3.3013 -2.3188 -0.0400
4.1029 -6.0584 -0.0400
4.9286 -4.8244 -0.0400
4.9878 -4.8156 -0.0400
5.9453 -6.4847 -0.0400
5.8570 -4.0666 -0.0400
5.8830 -4.0132 -0.0400
5.9263 -3.9790 -0.0400
6.1179 -4.0946 -0.0400
6.1735 -4.0668 -0.0400
7.2844 -4.4933 -0.0400
7.3157 -4.4182 -0.0400
7.3908 -4.3762 -0.0400
7.4600 -2.7852 -0.0400
7.4543 -2.7136 -0.0400
7.4766 -2.6501 -0.0400
7.0320 0.4943 -0.0400
6.9764 0.5397 -0.0400
7.0012 0.6425 -0.0400
4.6198 -0.9833 -0.0400
4.5898 -0.9833 -0.0400
4.5095 -1.0294 -0.0400
4.4712 -1.0408 -0.0400
4.4387 -1.0484 -0.0400
4.4183 -1.0453 -0.0400
4.3978 -1.0430 -0.0400
4.3551 -1.0651 -0.0400
4.3294 -1.0706 -0.0400
4.3024 -1.0789 -0.0400
4.2868 -1.0748 -0.0400
4.2688 -1.0741 -0.0400
4.2558 -1.0676 -0.0400
4.2417 -1.0627 -0.0400
4.2297 -1.0554 -0.0400
4.2185 -1.0468 -0.0400
4.2084 -1.0366 -0.0400
4.1997 -1.0241 -0.0400
4.1919 -1.0097 -0.0400
4.1823 -0.9979 -0.0400
4.1772 -0.9778 -0.0400
4.1748 -0.9519 -0.0400
4.1854 -0.8998 -0.0400
5.1393 2.5474 -0.0400
5.0604 2.5571 -0.0400
4.9912 2.5987 -0.0400
3.2570 3.9466 -0.0400
3.1613 3.9073 -0.0400
3.0651 3.8800 -0.0400
1.2199 3.7084 -0.0400
1.5887 1.4929 -0.0400
1.5490 1.4319 -0.0400
1.4729 1.4223 -0.0400
1.4404 1.3529 -0.0400
1.3896 1.3088 -0.0400
1.2631 1.3581 -0.0400
1.2076 1.3166 -0.0400
1.1146 1.3179 -0.0400
2.2686 -1.3410 -0.0400
2.2824 -1.3716 -0.0400
2.2992 -1.4021 -0.0400
2.3008 -1.4289 -0.0400
2.3015 -1.4554 -0.0400
2.2964 -1.4807 -0.0400
2.2826 -1.5049 -0.0400
2.2690 -1.5295 -0.0400
2.2257 -1.5515 -0.0400
-1.4260 -1.2766 -0.0400
-1.3861 -1.3704 -0.0400
-0.9002 -4.7507 -0.0400
-0.8672 -4.8462 -0.0400
3.1259 -2.3073 -0.0400
3.1651 -2.2894 -0.0400
3.1823 -2.2926 -0.0400
3.1991 -2.2957 -0.0400
3.2172 -2.2969 -0.0400
3.2304 -2.3031 -0.0400
3.2504 -2.3010 -0.0400
3.2649 -2.3050 -0.0400
3.2798 -2.3080 -0.0400
3.2920 -2.3143 -0.0400
3.3035 -2.3214 -0.0400
3.3141 -2.3298 -0.0400
3.3231 -2.3406 -0.0400
4.0146 -6.0270 -0.0400
4.0920 -6.0422 -0.0400
4.9241 -4.8270 -0.0400
5.8688 -6.5580 -0.0400
5.9363 -6.4824 -0.0400
5.8365 -4.1295 -0.0400
5.8520 -4.0624 -0.0400
5.8825 -4.0138 -0.0400
5.9314 -3.9853 -0.0400
6.1226 -4.1005 -0.0400
6.1893 -4.0831 -0.0400
7.2880 -4.4978 -0.0400
7.3183 -4.4215 -0.0400
7.4076 -4.3898 -0.0400
7.4632 -2.7833 -0.0400
7.4475 -2.7088 -0.0400
7.4914 -2.6508 -0.0400
7.0126 0.4867 -0.0400
6.9840 0.5505 -0.0400
7.0061 0.6513 -0.0400
4.6375 -0.9835 -0.0400
4.6002 -0.9887 -0.0400
4.5213 -1.0313 -0.0400
4.4783 -1.0460 -0.0400
4.4434 -1.0551 -0.0400
4.4228 -1.0520 -0.0400
4.4065 -1.0452 -0.0400
4.3907 -1.0384 -0.0400
4.3294 -1.0803 -0.0400
4.3101 -1.0796 -0.0400
4.2885 -1.0823 -0.0400
4.2737 -1.0777 -0.0400
4.2606 -1.0714 -0.0400
4.2464 -1.0668 -0.0400
4.2348 -1.0589 -0.0400
4.2236 -1.0505 -0.0400
4.2130 -1.0412 -0.0400
4.2040 -1.0296 -0.0400
4.1969 -1.0148 -0.0400
4.1877 -1.0026 -0.0400
4.1835 -0.9819 -0.0400
4.1827 -0.9543 -0.0400
5.1385 2.5449 -0.0400
5.0603 2.5563 -0.0400
4.9993 2.6257 -0.0400
3.2652 3.9173 -0.0400
3.1644 3.9330 -0.0400
3.0721 3.8722 -0.0400
1.3197 3.7649 -0.0400
1.2304 3.7090 -0.0400
1.6150 1.4687 -0.0400
1.5596 1.4313 -0.0400
1.4686 1.4428 -0.0400
1.4451 1.3612 -0.0400
1.3841 1.3304 -0.0400
1.2694 1.3650 -0.0400
1.2155 1.3220 -0.0400
1.1223 1.3239 -0.0400
2.2975 -1.3902 -0.0400
2.3051 -1.4182 -0.0400
2.3035 -1.4441 -0.0400
2.2984 -1.4694 -0.0400
2.2911 -1.4943 -0.0400
2.2711 -1.5180 -0.0400
2.2535 -1.5424 -0.0400
2.1744 -1.5622 -0.0400
-1.3715 -1.3539 -0.0400
-0.9604 -4.6585 -0.0400
3.1127 -2.2883 -0.0400
3.1388 -2.2842 -0.0400
3.1599 -2.2841 -0.0400
3.1771 -2.2873 -0.0400
3.1979 -2.2862 -0.0400
3.2113 -2.2926 -0.0400
3.2245 -2.2989 -0.0400
3.2454 -2.2958 -0.0400
3.2593 -2.3006 -0.0400
3.2737 -2.3045 -0.0400
3.2855 -2.3114 -0.0400
3.2961 -2.3200 -0.0400
3.3062 -2.3292 -0.0400
3.3143 -2.3417 -0.0400
3.3233 -2.3531 -0.0400
3.3280 -2.3717 -0.0400
3.9321 -6.0349 -0.0400
4.0091 -6.0485 -0.0400
4.8665 -4.8511 -0.0400
4.9307 -4.8551 -0.0400
5.7650 -6.5641 -0.0400
5.8641 -6.5606 -0.0400
5.7967 -4.1713 -0.0400
5.8123 -4.1028 -0.0400
5.8443 -4.0552 -0.0400
6.0344 -4.1807 -0.0400
6.0860 -4.1491 -0.0400
6.1636 -4.1434 -0.0400
7.2206 -4.6496 -0.0400
7.2249 -4.5497 -0.0400
7.3005 -4.5091 -0.0400
7.4524 -2.9208 -0.0400
7.4163 -2.8379 -0.0400
7.4379 -2.7741 -0.0400
7.5441 -2.7336 -0.0400
7.1091 0.3887 -0.0400
7.0487 0.4321 -0.0400
7.0180 0.4941 -0.0400
7.0320 0.5875 -0.0400
4.6283 -1.0084 -0.0400
4.5990 -1.0070 -0.0400
4.5030 -1.0621 -0.0400
4.4622 -1.0746 -0.0400
4.4407 -1.0718 -0.0400
4.4241 -1.0650 -0.0400
4.4081 -1.0581 -0.0400
4.3434 -1.0999 -0.0400
4.3238 -1.0990 -0.0400
4.3072 -1.0956 -0.0400
4.2920 -1.0912 -0.0400
4.2754 -1.0887 -0.0400
4.2627 -1.0821 -0.0400
4.2507 -1.0748 -0.0400
4.2401 -1.0659 -0.0400
4.2299 -1.0564 -0.0400
4.2215 -1.0444 -0.0400
4.2126 -1.0327 -0.0400
4.2069 -1.0161 -0.0400
4.1992 -1.0018 -0.0400
4.1994 -0.9747 -0.0400
4.2138 -0.9223 -0.0400
5.2974 2.5260 -0.0400
5.2076 2.5070 -0.0400
5.1344 2.5332 -0.0400
5.0780 2.6139 -0.0400
3.4640 3.9513 -0.0400
3.3673 3.9178 -0.0400
3.2672 3.9339 -0.0400
3.1737 3.8774 -0.0400
1.5138 3.8586 -0.0400
1.3343 3.7472 -0.0400
1.6714 1.5139 -0.0400
1.6041 1.4941 -0.0400
1.5552 1.4469 -0.0400
1.5118 1.3927 -0.0400
1.4480 1.3666 -0.0400
1.3357 1.4016 -0.0400
1.2772 1.3648 -0.0400
2.3074 -1.4372 -0.0400
2.2964 -1.4614 -0.0400
2.2856 -1.4859 -0.0400
2.2565 -1.5085 -0.0400
2.2303 -1.5322 -0.0400
-1.3519 -1.2539 -0.0400
-0.1966 -3.0626 -0.0400
-0.9722 -4.6435 -0.0400
-0.9490 -4.7448 -0.0400
3.1162 -2.2901 -0.0400
3.1417 -2.2863 -0.0400
3.1693 -2.2792 -0.0400
3.1862 -2.2823 -0.0400
3.2004 -2.2881 -0.0400
3.2138 -2.2944 -0.0400
3.2335 -2.2930 -0.0400
3.2485 -2.2968 -0.0400
3.2621 -2.3018 -0.0400
3.2762 -2.3060 -0.0400
3.2877 -2.3135 -0.0400
3.2977 -2.3231 -0.0400
3.3077 -2.3328 -0.0400
3.3147 -2.3474 -0.0400
3.3232 -2.3601 -0.0400
3.3257 -2.3832 -0.0400
3.3308 -2.4033 -0.0400
3.8458 -6.0742 -0.0400
3.9212 -6.0343 -0.0400
3.9989 -6.0558 -0.0400
4.8077 -4.8807 -0.0400
4.8627 -4.8589 -0.0400
5.7652 -6.5870 -0.0400
5.8434 -6.5340 -0.0400
5.8020 -4.0938 -0.0400
5.8531 -4.0680 -0.0400
6.0342 -4.1834 -0.0400
6.0864 -4.1522 -0.0400
6.1691 -4.1514 -0.0400
7.1918 -4.6283 -0.0400
7.2211 -4.5495 -0.0400
7.2816 -4.4969 -0.0400
7.4398 -2.9147 -0.0400
7.4158 -2.8356 -0.0400
7.4498 -2.7754 -0.0400
7.5665 -2.7376 -0.0400
7.0844 0.3790 -0.0400
7.0496 0.4383 -0.0400
7.0524 0.5226 -0.0400
4.6579 -0.9996 -0.0400
4.6141 -1.0083 -0.0400
4.4950 -1.0790 -0.0400
4.4710 -1.0771 -0.0400
4.4487 -1.0745 -0.0400
4.4303 -1.0691 -0.0400
4.4139 -1.0624 -0.0400
4.3477 -1.1036 -0.0400
4.3274 -1.1031 -0.0400
4.3106 -1.0999 -0.0400
4.2952 -1.0956 -0.0400
4.2785 -1.0931 -0.0400
4.2663 -1.0860 -0.0400
4.2550 -1.0779 -0.0400
4.2437 -1.0699 -0.0400
4.2345 -1.0594 -0.0400
4.2248 -1.0492 -0.0400
4.2190 -1.0338 -0.0400
4.2111 -1.0207 -0.0400
4.2036 -1.0066 -0.0400
4.2050 -0.9787 -0.0400
4.2023 -0.9554 -0.0400
5.2943 2.5203 -0.0400
5.2061 2.5052 -0.0400
5.1394 2.5506 -0.0400
3.4679 3.9610 -0.0400
3.3723 3.9099 -0.0400
3.2719 3.9337 -0.0400
1.5265 3.8492 -0.0400
1.4260 3.8194 -0.0400
1.3398 3.7561 -0.0400
1.7196 1.5760 -0.0400
1.6858 1.5046 -0.0400
1.6225 1.4798 -0.0400
1.5524 1.4640 -0.0400
1.5165 1.3992 -0.0400
1.4311 1.4022 -0.0400
1.3389 1.4107 -0.0400
1.2696 1.3875 -0.0400
2.2675 -1.4985 -0.0400
2.2199 -1.5197 -0.0400
-1.3542 -1.2367 -0.0400
-0.2239 -3.0542 -0.0400
-0.2138 -3.1287 -0.0400
3.1070 -2.2829 -0.0400
3.1329 -2.2788 -0.0400
3.1539 -2.2786 -0.0400
3.1714 -2.2816 -0.0400
3.1884 -2.2845 -0.0400
3.2052 -2.2872 -0.0400
3.2198 -2.2920 -0.0400
3.2361 -2.2944 -0.0400
3.2510 -2.2981 -0.0400
3.2662 -2.3012 -0.0400
3.2783 -2.3079 -0.0400
3.2898 -2.3156 -0.0400
3.2992 -2.3263 -0.0400
3.3090 -2.3367 -0.0400
3.3152 -2.3530 -0.0400
3.3232 -2.3672 -0.0400
3.3224 -2.3971 -0.0400
3.3214 -2.4293 -0.0400
4.8077 -4.9027 -0.0400
4.8548 -4.8570 -0.0400
5.7483 -6.5701 -0.0400
5.7779 -4.1565 -0.0400
5.8017 -4.0976 -0.0400
5.8487 -4.0666 -0.0400
6.0334 -4.1864 -0.0400
6.1186 -4.1898 -0.0400
7.1850 -4.6264 -0.0400
7.2207 -4.5528 -0.0400
7.2925 -4.5090 -0.0400
7.4128 -2.9041 -0.0400
7.4129 -2.8330 -0.0400
7.4555 -2.7753 -0.0400
7.5759 -2.7384 -0.0400
7.1707 0.3558 -0.0400
7.0854 0.3852 -0.0400
7.0445 0.4406 -0.0400
7.0361 0.5174 -0.0400
4.6482 -1.0201 -0.0400
4.6140 -1.0211 -0.0400
4.5125 -1.0752 -0.0400
4.4819 -1.0778 -0.0400
4.4586 -1.0755 -0.0400
4.4374 -1.0722 -0.0400
4.3851 -1.0971 -0.0400
4.3546 -1.1046 -0.0400
4.3329 -1.1052 -0.0400
4.3149 -1.1028 -0.0400
4.2991 -1.0987 -0.0400
4.2819 -1.0966 -0.0400
4.2697 -1.0895 -0.0400
4.2585 -1.0814 -0.0400
4.2475 -1.0732 -0.0400
4.2385 -1.0625 -0.0400
4.2296 -1.0516 -0.0400
4.2215 -1.0395 -0.0400
4.2134 -1.0270 -0.0400
4.2115 -1.0057 -0.0400
4.2066 -0.9875 -0.0400
4.2185 -0.9431 -0.0400
5.3800 2.5284 -0.0400
5.2867 2.5036 -0.0400
5.2037 2.5024 -0.0400
5.1379 2.5496 -0.0400
3.4727 3.9417 -0.0400
3.3761 3.9112 -0.0400
3.2795 3.8917 -0.0400
1.5352 3.8482 -0.0400
1.3508 3.7511 -0.0400
1.2312 3.7628 -0.0400
1.6904 1.5096 -0.0400
1.5995 1.5263 -0.0400
1.5723 1.4475 -0.0400
1.5236 1.4014 -0.0400
1.4553 1.3821 -0.0400
1.3446 1.4159 -0.0400
1.2853 1.3805 -0.0400
0.3148 0.8309 -0.0400
0.2860 0.7605 -0.0400
0.2348 0.7059 -0.0400
-0.2074 -3.0306 -0.0400
-0.1867 -3.1008 -0.0400
-0.2387 -3.1992 -0.0400
3.1069 -2.2882 -0.0400
3.1338 -2.2827 -0.0400
3.1621 -2.2746 -0.0400
3.1792 -2.2775 -0.0400
3.1935 -2.2832 -0.0400
3.2071 -2.2894 -0.0400
3.2219 -2.2940 -0.0400
3.2422 -2.2912 -0.0400
3.2557 -2.2966 -0.0400
3.2683 -2.3029 -0.0400
3.2804 -2.3098 -0.0400
3.2909 -2.3191 -0.0400
3.3009 -2.3291 -0.0400
3.3105 -2.3401 -0.0400
3.3158 -2.3586 -0.0400
3.3230 -2.3746 -0.0400
3.3168 -2.4157 -0.0400
4.7922 -4.8799 -0.0400
4.8544 -4.8783 -0.0400
5.7423 -6.5809 -0.0400
5.8318 -6.5537 -0.0400
5.7600 -4.1400 -0.0400
5.8013 -4.1020 -0.0400
5.8742 -4.1002 -0.0400
6.0355 -4.1933 -0.0400
6.1054 -4.1802 -0.0400
7.1845 -4.6307 -0.0400
7.2204 -4.5570 -0.0400
7.4101 -2.9021 -0.0400
7.4180 -2.8334 -0.0400
7.4851 -2.7828 -0.0400
7.1238 0.3337 -0.0400
7.0768 0.3856 -0.0400
7.0603 0.4564 -0.0400
4.6348 -1.0186 -0.0400
4.5477 -1.0589 -0.0400
4.4806 -1.0881 -0.0400
4.4573 -1.0856 -0.0400
4.4386 -1.0801 -0.0400
4.4220 -1.0733 -0.0400
4.3640 -1.1035 -0.0400
4.3401 -1.1054 -0.0400
4.3202 -1.1045 -0.0400
4.2988 -1.1057 -0.0400
4.2856 -1.0994 -0.0400
4.2731 -1.0926 -0.0400
4.2619 -1.0845 -0.0400
4.2508 -1.0764 -0.0400
4.2419 -1.0658 -0.0400
4.2334 -1.0547 -0.0400
4.2255 -1.0424 -0.0400
4.2180 -1.0296 -0.0400
4.2173 -1.0072 -0.0400
4.2136 -0.9878 -0.0400
4.2124 -0.9640 -0.0400
6.1578 2.0067 -0.0400
5.3878 2.5531 -0.0400
5.2772 2.4831 -0.0400
5.2047 2.5102 -0.0400
5.1597 2.6200 -0.0400
3.5741 3.9425 -0.0400
3.4761 3.9379 -0.0400
3.3784 3.9294 -0.0400
3.2841 3.8792 -0.0400
1.6343 3.8997 -0.0400
1.5280 3.8855 -0.0400
1.4528 3.7948 -0.0400
1.3437 3.7858 -0.0400
1.2359 3.7711 -0.0400
1.7386 1.5683 -0.0400
1.6975 1.5095 -0.0400
1.6304 1.4912 -0.0400
1.5696 1.4625 -0.0400
1.5222 1.4145 -0.0400
1.4196 1.4411 -0.0400
1.3506 1.4196 -0.0400
1.2669 1.4150 -0.0400
0.3246 0.8367 -0.0400
0.2928 0.7686 -0.0400
0.2363 0.7179 -0.0400
-0.2270 -3.0196 -0.0400
-0.2241 -3.0965 -0.0400
-0.4075 -5.6347 -0.0400
3.0943 -2.2840 -0.0400
3.1231 -2.2768 -0.0400
3.1455 -2.2751 -0.0400
3.1631 -2.2779 -0.0400
3.1804 -2.2806 -0.0400
3.1978 -2.2826 -0.0400
3.2123 -2.2876 -0.0400
3.2289 -2.2897 -0.0400
3.2439 -2.2933 -0.0400
3.2576 -2.2985 -0.0400
3.2710 -2.3037 -0.0400
3.2822 -2.3121 -0.0400
3.2927 -2.3214 -0.0400
3.3028 -2.3316 -0.0400
3.3090 -2.3487 -0.0400
3.3168 -2.3635 -0.0400
3.3232 -2.3817 -0.0400
4.7855 -4.8857 -0.0400
4.8438 -4.8720 -0.0400
5.6509 -6.6315 -0.0400
5.7307 -6.5797 -0.0400
5.7648 -4.1521 -0.0400
5.7974 -4.1032 -0.0400
5.8548 -4.0835 -0.0400
6.0475 -4.2121 -0.0400
7.1677 -4.6217 -0.0400
7.2421 -4.5802 -0.0400
7.4012 -2.8985 -0.0400
7.4344 -2.8378 -0.0400
7.4971 -2.7856 -0.0400
7.1289 0.3422 -0.0400
7.0740 0.3895 -0.0400
4.6345 -1.0313 -0.0400
4.5312 -1.0811 -0.0400
4.4939 -1.0872 -0.0400
4.4695 -1.0849 -0.0400
4.4468 -1.0821 -0.0400
4.4298 -1.0753 -0.0400
4.3588 -1.1149 -0.0400
4.3365 -1.1152 -0.0400
4.3192 -1.1118 -0.0400
4.3032 -1.1077 -0.0400
4.2898 -1.1014 -0.0400
4.2765 -1.0953 -0.0400
4.2653 -1.0872 -0.0400
4.2545 -1.0789 -0.0400
4.2450 -1.0690 -0.0400
4.2363 -1.0582 -0.0400
4.2288 -1.0459 -0.0400
4.2214 -1.0331 -0.0400
4.2212 -1.0107 -0.0400
4.2181 -0.9911 -0.0400
4.2177 -0.9669 -0.0400
6.2057 1.9465 -0.0400
5.3683 2.5093 -0.0400
5.2730 2.4778 -0.0400
5.2083 2.5262 -0.0400
5.1526 2.6042 -0.0400
3.5768 3.9391 -0.0400
3.4794 3.9275 -0.0400
3.3815 3.9265 -0.0400
3.2846 3.9113 -0.0400
1.5466 3.8567 -0.0400
1.4540 3.8093 -0.0400
1.3262 3.8432 -0.0400
1.2412 3.7766 -0.0400
1.7564 1.5494 -0.0400
1.6995 1.5161 -0.0400
1.6160 1.5229 -0.0400
1.5854 1.4497 -0.0400
1.5335 1.4089 -0.0400
1.4589 1.3988 -0.0400
1.3571 1.4217 -0.0400
0.3298 0.8452 -0.0400
0.2993 0.7764 -0.0400
-0.2763 -2.9411 -0.0400
-0.2130 -2.9973 -0.0400
-0.2033 -3.0713 -0.0400
-0.2624 -3.1721 -0.0400
-0.3132 -5.6554 -0.0400
3.0919 -2.2919 -0.0400
3.1346 -2.2695 -0.0400
3.1529 -2.2717 -0.0400
3.1701 -2.2744 -0.0400
3.1856 -2.2789 -0.0400
3.1993 -2.2851 -0.0400
3.2133 -2.2907 -0.0400
3.2341 -2.2872 -0.0400
3.2479 -2.2922 -0.0400
3.2607 -2.2986 -0.0400
3.2729 -2.3055 -0.0400
3.2842 -2.3139 -0.0400
3.2929 -2.3264 -0.0400
3.3021 -2.3383 -0.0400
3.3107 -2.3520 -0.0400
3.3181 -2.3680 -0.0400
3.3118 -2.4107 -0.0400
4.7779 -4.8902 -0.0400
4.8351 -4.8727 -0.0400
5.6467 -6.6516 -0.0400
5.7192 -6.5803 -0.0400
5.7283 -4.2047 -0.0400
5.7526 -4.1442 -0.0400
5.7997 -4.1127 -0.0400
5.9832 -4.2371 -0.0400
6.0362 -4.2060 -0.0400
6.1283 -4.2160 -0.0400
7.1633 -4.7311 -0.0400
7.1677 -4.6279 -0.0400
7.2326 -4.5782 -0.0400
7.4577 -2.9910 -0.0400
7.4005 -2.8981 -0.0400
7.4541 -2.8439 -0.0400
7.5441 -2.7994 -0.0400
7.1685 0.2906 -0.0400
7.1082 0.3355 -0.0400
7.0787 0.3979 -0.0400
7.0930 0.4883 -0.0400
4.6663 -1.0226 -0.0400
4.6234 -1.0279 -0.0400
4.4924 -1.0973 -0.0400
4.4682 -1.0945 -0.0400
4.4480 -1.0896 -0.0400
4.4311 -1.0826 -0.0400
4.3707 -1.1116 -0.0400
4.3458 -1.1135 -0.0400
4.3255 -1.1123 -0.0400
4.3091 -1.1082 -0.0400
4.2904 -1.1067 -0.0400
4.2785 -1.0992 -0.0400
4.2675 -1.0910 -0.0400
4.2572 -1.0821 -0.0400
4.2479 -1.0722 -0.0400
4.2387 -1.0621 -0.0400
4.2313 -1.0498 -0.0400
4.2280 -1.0323 -0.0400
4.2235 -1.0158 -0.0400
4.2204 -0.9967 -0.0400
4.2200 -0.9734 -0.0400
4.2291 -0.9356 -0.0400
6.2324 1.9915 -0.0400
5.3476 2.4635 -0.0400
5.2705 2.4781 -0.0400
5.2102 2.5384 -0.0400
3.5789 3.9434 -0.0400
3.4825 3.9069 -0.0400
3.3856 3.8988 -0.0400
3.2861 3.9252 -0.0400
1.5524 3.8583 -0.0400
1.4671 3.7937 -0.0400
1.2527 3.7673 -0.0400
1.7550 1.5604 -0.0400
1.7070 1.5133 -0.0400
1.6387 1.4977 -0.0400
1.5947 1.4453 -0.0400
1.5301 1.4229 -0.0400
1.4133 1.4696 -0.0400
1.3603 1.4273 -0.0400
1.2564 1.4488 -0.0400
0.3303 0.8564 -0.0400
0.2934 0.7921 -0.0400
-0.3060 -2.9334 -0.0400
-0.2196 -2.9822 -0.0400
-0.1997 -3.0524 -0.0400
-1.0267 -4.5875 -0.0400
3.1110 -2.2771 -0.0400
3.1340 -2.2748 -0.0400
3.1534 -2.2756 -0.0400
3.1758 -2.2722 -0.0400
3.1895 -2.2785 -0.0400
3.2031 -2.2848 -0.0400
3.2199 -2.2865 -0.0400
3.2353 -2.2897 -0.0400
3.2494 -2.2944 -0.0400
3.2631 -2.2994 -0.0400
3.2744 -2.3078 -0.0400
3.2850 -2.3174 -0.0400
3.2950 -2.3281 -0.0400
3.3043 -2.3403 -0.0400
3.3073 -2.3643 -0.0400
3.3123 -2.3860 -0.0400
3.3089 -2.4252 -0.0400
4.7688 -4.8921 -0.0400
5.6363 -6.6569 -0.0400
5.7082 -6.5835 -0.0400
5.7382 -4.2260 -0.0400
5.7554 -4.1558 -0.0400
5.8139 -4.1372 -0.0400
5.9824 -4.2440 -0.0400
6.0509 -4.2297 -0.0400
7.1178 -4.6976 -0.0400
7.1688 -4.6358 -0.0400
7.3986 -2.9703 -0.0400
7.4029 -2.8993 -0.0400
7.4635 -2.8472 -0.0400
7.5623 -2.8052 -0.0400
7.1715 0.2976 -0.0400
7.1071 0.3403 -0.0400
7.1125 0.4238 -0.0400
4.6560 -1.0419 -0.0400
4.5603 -1.0813 -0.0400
4.5069 -1.0963 -0.0400
4.4810 -1.0940 -0.0400
4.4569 -1.0913 -0.0400
4.4393 -1.0845 -0.0400
4.3653 -1.1225 -0.0400
4.3422 -1.1227 -0.0400
4.3246 -1.1190 -0.0400
4.3085 -1.1146 -0.0400
4.2950 -1.1081 -0.0400
4.2820 -1.1015 -0.0400
4.2709 -1.0933 -0.0400
4.2599 -1.0851 -0.0400
4.2512 -1.0747 -0.0400
4.2435 -1.0630 -0.0400
4.2363 -1.0506 -0.0400
4.2299 -1.0370 -0.0400
4.2245 -1.0219 -0.0400
4.2211 -1.0039 -0.0400
4.2198 -0.9824 -0.0400
6.3177 1.8537 -0.0400
6.2636 1.9090 -0.0400
6.2304 1.9951 -0.0400
5.4483 2.5115 -0.0400
5.3399 2.4517 -0.0400
5.2695 2.4832 -0.0400
5.2073 2.5379 -0.0400
3.6779 3.9885 -0.0400
3.5806 3.9409 -0.0400
3.4848 3.8961 -0.0400
3.3889 3.8760 -0.0400
1.6569 3.8892 -0.0400
1.5607 3.8520 -0.0400
1.4740 3.7917 -0.0400
1.8076 1.6083 -0.0400
1.7671 1.5482 -0.0400
1.7033 1.5269 -0.0400
1.6348 1.5117 -0.0400
1.5975 1.4493 -0.0400
1.5411 1.4156 -0.0400
1.4215 1.4671 -0.0400
1.3516 1.4473 -0.0400
0.3677 0.9315 -0.0400
0.3526 0.8509 -0.0400
0.3051 0.7949 -0.0400
0.2114 0.7703 -0.0400
-0.3052 -2.9160 -0.0400
-0.2238 -2.9665 -0.0400
-0.2693 -3.0600 -0.0400
-1.1109 -4.5017 -0.0400
-1.0189 -4.5603 -0.0400
3.1600 -2.2724 -0.0400
3.1770 -2.2751 -0.0400
3.1909 -2.2811 -0.0400
3.2091 -2.2812 -0.0400
3.2249 -2.2841 -0.0400
3.2393 -2.2884 -0.0400
3.2524 -2.2944 -0.0400
3.2649 -2.3011 -0.0400
3.2766 -2.3091 -0.0400
3.2852 -2.3220 -0.0400
3.2945 -2.3344 -0.0400
3.3028 -2.3489 -0.0400
3.3098 -2.3665 -0.0400
3.3143 -2.3897 -0.0400
5.6191 -6.6459 -0.0400
5.7184 -4.2102 -0.0400
5.7448 -4.1517 -0.0400
5.7958 -4.1242 -0.0400
5.9767 -4.2459 -0.0400
6.0336 -4.2187 -0.0400
7.1311 -4.7176 -0.0400
7.1617 -4.6373 -0.0400
7.2526 -4.6089 -0.0400
7.3863 -2.9670 -0.0400
7.4069 -2.9016 -0.0400
7.5283 -2.8691 -0.0400
7.1392 0.2846 -0.0400
7.1060 0.3449 -0.0400
7.1053 0.4247 -0.0400
4.6409 -1.0410 -0.0400
4.5270 -1.0923 -0.0400
4.4780 -1.1048 -0.0400
4.4569 -1.0998 -0.0400
4.4399 -1.0923 -0.0400
4.3775 -1.1197 -0.0400
4.3517 -1.1212 -0.0400
4.3312 -1.1195 -0.0400
4.3145 -1.1151 -0.0400
4.2955 -1.1133 -0.0400
4.2838 -1.1054 -0.0400
4.2728 -1.0971 -0.0400
4.2629 -1.0878 -0.0400
4.2538 -1.0778 -0.0400
4.2451 -1.0672 -0.0400
4.2381 -1.0548 -0.0400
4.2314 -1.0419 -0.0400
4.2322 -1.0199 -0.0400
4.2304 -1.0001 -0.0400
4.2318 -0.9756 -0.0400
6.3871 1.8254 -0.0400
6.3146 1.8563 -0.0400
6.2587 1.9090 -0.0400
6.2232 1.9915 -0.0400
5.4260 2.4661 -0.0400
5.3393 2.4585 -0.0400
5.2722 2.4987 -0.0400
5.2243 2.5940 -0.0400
3.6793 3.9372 -0.0400
3.5825 3.9146 -0.0400
3.4860 3.8996 -0.0400
3.3906 3.8728 -0.0400
1.6570 3.9026 -0.0400
1.5723 3.8357 -0.0400
1.4793 3.7920 -0.0400
1.3610 3.8072 -0.0400
1.8017 1.6249 -0.0400
1.7698 1.5504 -0.0400
1.6855 1.5617 -0.0400
1.6530 1.4910 -0.0400
1.6024 1.4493 -0.0400
1.5337 1.4332 -0.0400
1.4254 1.4695 -0.0400
1.3662 1.4361 -0.0400
0.3381 0.9645 -0.0400
0.3531 0.8607 -0.0400
0.2854 0.8192 -0.0400
-0.2845 -2.8927 -0.0400
-0.2256 -2.9502 -0.0400
-0.2743 -3.0446 -0.0400
-1.0509 -4.5579 -0.0400
3.1944 -2.2809 -0.0400
3.2094 -2.2851 -0.0400
3.2257 -2.2872 -0.0400
3.2422 -2.2884 -0.0400
3.2549 -2.2950 -0.0400
3.2668 -2.3027 -0.0400
3.2775 -2.3122 -0.0400
3.2877 -2.3230 -0.0400
3.2971 -2.3353 -0.0400
3.2998 -2.3605 -0.0400
3.3041 -2.3844 -0.0400
5.7210 -4.2242 -0.0400
5.7419 -4.1580 -0.0400
5.8179 -4.1602 -0.0400
5.9764 -4.2551 -0.0400
6.0516 -4.2478 -0.0400
7.1076 -4.7053 -0.0400
7.1707 -4.6536 -0.0400
7.3830 -2.9675 -0.0400
7.4151 -2.9059 -0.0400
7.5001 -2.8613 -0.0400
7.1930 0.2402 -0.0400
7.1360 0.2878 -0.0400
7.1051 0.3494 -0.0400
4.6593 -1.0423 -0.0400
4.5140 -1.1101 -0.0400
4.4886 -1.1066 -0.0400
4.4646 -1.1029 -0.0400
4.4474 -1.0953 -0.0400
4.3946 -1.1140 -0.0400
4.3466 -1.1313 -0.0400
4.3294 -1.1268 -0.0400
4.3136 -1.1216 -0.0400
4.3001 -1.1149 -0.0400
4.2874 -1.1077 -0.0400
4.2764 -1.0993 -0.0400
4.2657 -1.0907 -0.0400
4.2569 -1.0804 -0.0400
4.2496 -1.0685 -0.0400
4.2427 -1.0560 -0.0400
4.2367 -1.0424 -0.0400
4.2320 -1.0269 -0.0400
4.2292 -1.0088 -0.0400
4.2289 -0.9872 -0.0400
4.2342 -0.9576 -0.0400
6.3727 1.8137 -0.0400
6.3144 1.8629 -0.0400
6.2756 1.9392 -0.0400
5.4164 2.4519 -0.0400
5.3353 2.4574 -0.0400
5.2761 2.5181 -0.0400
3.6800 3.9364 -0.0400
3.5834 3.9085 -0.0400
3.4873 3.8887 -0.0400
3.3911 3.8810 -0.0400
1.7523 3.9549 -0.0400
1.6700 3.8796 -0.0400
1.5834 3.8193 -0.0400
1.4767 3.8103 -0.0400
1.3647 3.8107 -0.0400
1.8281 1.5851 -0.0400
1.7719 1.5526 -0.0400
1.6863 1.5663 -0.0400
1.6545 1.4946 -0.0400
1.6074 1.4480 -0.0400
1.4816 1.5132 -0.0400
1.4284 1.4721 -0.0400
1.3433 1.4730 -0.0400
0.3904 0.9336 -0.0400
0.3652 0.8612 -0.0400
0.3078 0.8128 -0.0400
-0.2271 -2.9341 -0.0400
-0.2182 -3.0078 -0.0400
-1.0970 -4.4498 -0.0400
-1.0397 -4.5290 -0.0400
3.2299 -2.2854 -0.0400
3.2438 -2.2903 -0.0400
3.2566 -2.2967 -0.0400
3.2677 -2.3057 -0.0400
3.2779 -2.3164 -0.0400
3.2875 -2.3285 -0.0400
3.2961 -2.3428 -0.0400
3.3034 -2.3603 -0.0400
3.3082 -2.3838 -0.0400
5.6847 -4.2841 -0.0400
5.6998 -4.2083 -0.0400
5.7353 -4.1608 -0.0400
5.7937 -4.1416 -0.0400
5.9686 -4.2565 -0.0400
7.1143 -4.7211 -0.0400
7.3778 -3.0415 -0.0400
7.3841 -2.9701 -0.0400
7.4239 -2.9111 -0.0400
7.5210 -2.8702 -0.0400
7.2916 0.2171 -0.0400
7.1802 0.2380 -0.0400
7.1325 0.2906 -0.0400
4.6832 -1.0414 -0.0400
4.5234 -1.1139 -0.0400
4.4970 -1.1103 -0.0400
4.4730 -1.1061 -0.0400
4.4539 -1.0993 -0.0400
4.3784 -1.1326 -0.0400
4.3538 -1.1322 -0.0400
4.3350 -1.1285 -0.0400
4.3185 -1.1235 -0.0400
4.3046 -1.1168 -0.0400
4.2889 -1.1120 -0.0400
4.2780 -1.1034 -0.0400
4.2686 -1.0936 -0.0400
4.2595 -1.0835 -0.0400
4.2513 -1.0725 -0.0400
4.2444 -1.0602 -0.0400
4.2380 -1.0472 -0.0400
4.2392 -1.0257 -0.0400
4.2378 -1.0063 -0.0400
4.2394 -0.9826 -0.0400
4.2578 -0.9379 -0.0400
6.4543 1.8001 -0.0400
6.3716 1.8189 -0.0400
6.3091 1.8626 -0.0400
6.2648 1.9312 -0.0400
5.4014 2.4256 -0.0400
5.3336 2.4626 -0.0400
5.2793 2.5358 -0.0400
3.7778 3.9617 -0.0400
3.6803 3.9328 -0.0400
3.5839 3.8989 -0.0400
3.4875 3.8952 -0.0400
3.3915 3.8842 -0.0400
1.7714 3.9109 -0.0400
1.6577 3.9237 -0.0400
1.5854 3.8245 -0.0400
1.3735 3.8010 -0.0400
1.8678 1.6511 -0.0400
1.8312 1.5840 -0.0400
1.7747 1.5524 -0.0400
1.6924 1.5614 -0.0400
1.6647 1.4839 -0.0400
1.6018 1.4612 -0.0400
1.5095 1.4792 -0.0400
1.4336 1.4708 -0.0400
1.3604 1.4565 -0.0400
0.3706 0.9577 -0.0400
0.3661 0.8694 -0.0400
0.2778 0.8434 -0.0400
2.2492 -1.2078 -0.0400
2.2925 -1.2462 -0.0400
2.3088 -1.2763 -0.0400
-0.2800 -2.8586 -0.0400
-0.2324 -2.9196 -0.0400
-0.2487 -3.0021 -0.0400
-0.3019 -3.0999 -0.0400
-1.1136 -4.4380 -0.0400
-1.0436 -4.5096 -0.0400
-0.4396 -5.5319 -0.0400
-0.3648 -5.5981 -0.0400
3.2587 -2.2978 -0.0400
3.2701 -2.3063 -0.0400
3.2806 -2.3166 -0.0400
3.2866 -2.3355 -0.0400
3.2942 -2.3525 -0.0400
3.2991 -2.3755 -0.0400
5.7016 -4.2230 -0.0400
5.7364 -4.1739 -0.0400
5.9159 -4.3004 -0.0400
5.9711 -4.2707 -0.0400
6.0658 -4.2847 -0.0400
7.0883 -4.8187 -0.0400
7.0974 -4.7162 -0.0400
7.1696 -4.6721 -0.0400
7.3800 -3.0454 -0.0400
7.3854 -2.9734 -0.0400
7.4268 -2.9147 -0.0400
7.1682 0.2360 -0.0400
4.6980 -1.0468 -0.0400
4.5284 -1.1208 -0.0400
4.5024 -1.1165 -0.0400
4.4787 -1.1116 -0.0400
4.4592 -1.1047 -0.0400
4.3843 -1.1355 -0.0400
4.3592 -1.1349 -0.0400
4.3395 -1.1314 -0.0400
4.3231 -1.1260 -0.0400
4.3040 -1.1232 -0.0400
4.2923 -1.1149 -0.0400
4.2815 -1.1061 -0.0400
4.2715 -1.0967 -0.0400
4.2624 -1.0865 -0.0400
4.2559 -1.0740 -0.0400
4.2493 -1.0614 -0.0400
4.2434 -1.0479 -0.0400
4.2392 -1.0323 -0.0400
4.2366 -1.0146 -0.0400
4.2364 -0.9937 -0.0400
4.2413 -0.9661 -0.0400
6.5231 1.7687 -0.0400
6.4314 1.7783 -0.0400
6.3651 1.8173 -0.0400
6.3166 1.8795 -0.0400
6.2995 1.9858 -0.0400
5.4785 2.4192 -0.0400
5.3979 2.4269 -0.0400
5.3306 2.4650 -0.0400
5.2791 2.5453 -0.0400
3.6803 3.9381 -0.0400
3.5838 3.9060 -0.0400
3.4882 3.8784 -0.0400
3.3902 3.9132 -0.0400
1.7756 3.9079 -0.0400
1.6600 3.9267 -0.0400
1.5907 3.8200 -0.0400
1.4725 3.8406 -0.0400
1.3701 3.8184 -0.0400
1.8791 1.6339 -0.0400
1.8350 1.5807 -0.0400
1.7756 1.5542 -0.0400
1.7157 1.5281 -0.0400
1.6675 1.4834 -0.0400
1.6049 1.4608 -0.0400
1.5196 1.4693 -0.0400
1.4218 1.4916 -0.0400
0.4056 0.9386 -0.0400
0.3748 0.8709 -0.0400
0.3111 0.8277 -0.0400
2.2469 -1.2006 -0.0400
2.2948 -1.2402 -0.0400
2.3118 -1.2702 -0.0400
2.3304 -1.2998 -0.0400
2.3318 -1.3249 -0.0400
2.3311 -1.3493 -0.0400
-0.2409 -2.9831 -0.0400
-1.1191 -4.4200 -0.0400
-1.1784 -4.5702 -0.0400
-0.5184 -5.5800 -0.0400
-0.3741 -5.5804 -0.0400
-0.3440 -5.6914 -0.0400
3.0670 -2.2768 -0.0400
3.0975 -2.2664 -0.0400
3.2810 -2.3210 -0.0400
3.2901 -2.3345 -0.0400
3.2981 -2.3510 -0.0400
3.2884 -2.4052 -0.0400
3.7095 -6.0445 -0.0400
5.6798 -4.2081 -0.0400
5.7279 -4.1761 -0.0400
5.9098 -4.3058 -0.0400
5.9617 -4.2719 -0.0400
7.0961 -4.7263 -0.0400
7.3894 -3.0528 -0.0400
7.4006 -2.9825 -0.0400
7.5019 -2.9444 -0.0400
7.2390 0.1984 -0.0400
4.6852 -1.0677 -0.0400
4.5751 -1.1053 -0.0400
4.5199 -1.1162 -0.0400
4.4809 -1.1196 -0.0400
4.4627 -1.1116 -0.0400
4.3861 -1.1416 -0.0400
4.3617 -1.1401 -0.0400
4.3426 -1.1357 -0.0400
4.3264 -1.1299 -0.0400
4.3073 -1.1266 -0.0400
4.2956 -1.1182 -0.0400
4.2848 -1.1092 -0.0400
4.2746 -1.0999 -0.0400
4.2656 -1.0897 -0.0400
4.2583 -1.0778 -0.0400
4.2515 -1.0654 -0.0400
4.2454 -1.0522 -0.0400
4.2400 -1.0380 -0.0400
4.2459 -1.0120 -0.0400
4.2476 -0.9892 -0.0400
4.2602 -0.9535 -0.0400
6.5356 1.7899 -0.0400
6.4327 1.7864 -0.0400
6.3618 1.8199 -0.0400
6.3405 1.9178 -0.0400
5.4772 2.4259 -0.0400
5.3946 2.4290 -0.0400
5.3465 2.5142 -0.0400
3.7771 3.9551 -0.0400
3.6798 3.9127 -0.0400
3.5834 3.9070 -0.0400
3.4879 3.8792 -0.0400
1.7756 3.9157 -0.0400
1.6818 3.8747 -0.0400
1.5934 3.8206 -0.0400
1.4773 3.8367 -0.0400
1.3734 3.8189 -0.0400
1.8632 1.6644 -0.0400
1.8368 1.5796 -0.0400
1.7714 1.5637 -0.0400
1.7210 1.5224 -0.0400
1.6698 1.4829 -0.0400
1.6052 1.4635 -0.0400
1.4940 1.5094 -0.0400
1.4236 1.4932 -0.0400
0.4382 1.0127 -0.0400
0.4217 0.9333 -0.0400
0.3720 0.8804 -0.0400
0.2643 0.8691 -0.0400
2.2930 -1.2337 -0.0400
2.3281 -1.2681 -0.0400
2.3323 -1.2939 -0.0400
2.3339 -1.3189 -0.0400
2.3333 -1.3432 -0.0400
2.3275 -1.3664 -0.0400
2.3198 -1.3894 -0.0400
2.3087 -1.4121 -0.0400
-1.1147 -4.3964 -0.0400
-1.1949 -4.5587 -0.0400
-0.4614 -5.4999 -0.0400
-0.3912 -5.5704 -0.0400
3.0627 -2.2875 -0.0400
3.1079 -2.2597 -0.0400
3.1280 -2.2592 -0.0400
3.1448 -2.2622 -0.0400
3.2856 -2.3581 -0.0400
3.2866 -2.3905 -0.0400
3.5420 -6.0894 -0.0400
3.6211 -6.0490 -0.0400
3.6996 -6.1231 -0.0400
5.6021 -4.3077 -0.0400
5.6318 -4.2498 -0.0400
5.6797 -4.2173 -0.0400
5.7551 -4.2193 -0.0400
5.9326 -4.3423 -0.0400
6.9951 -4.8630 -0.0400
7.0353 -4.7887 -0.0400
7.1289 -4.7642 -0.0400
7.3626 -3.1964 -0.0400
7.3418 -3.1116 -0.0400
7.3726 -3.0490 -0.0400
7.4715 -3.0115 -0.0400
7.2331 0.1203 -0.0400
4.6752 -1.0895 -0.0400
4.5264 -1.1454 -0.0400
4.5039 -1.1384 -0.0400
4.4751 -1.1356 -0.0400
4.4179 -1.1507 -0.0400
4.3858 -1.1526 -0.0400
4.3544 -1.1552 -0.0400
4.3387 -1.1486 -0.0400
4.3206 -1.1440 -0.0400
4.3095 -1.1349 -0.0400
4.2990 -1.1255 -0.0400
4.2891 -1.1157 -0.0400
4.2801 -1.1053 -0.0400
4.2729 -1.0934 -0.0400
4.2663 -1.0810 -0.0400
4.2602 -1.0679 -0.0400
4.2611 -1.0482 -0.0400
4.2594 -1.0303 -0.0400
4.2600 -1.0095 -0.0400
4.2657 -0.9828 -0.0400
6.6695 1.7102 -0.0400
6.5525 1.6953 -0.0400
6.4788 1.7268 -0.0400
6.4234 1.7793 -0.0400
6.3888 1.8586 -0.0400
5.6200 2.3725 -0.0400
5.5328 2.3690 -0.0400
5.4636 2.4021 -0.0400
5.4105 2.4728 -0.0400
3.8731 3.9355 -0.0400
3.7757 3.9098 -0.0400
3.6793 3.8934 -0.0400
3.5833 3.8854 -0.0400
1.9651 3.9982 -0.0400
1.8755 3.9427 -0.0400
1.7909 3.8754 -0.0400
1.6792 3.8865 -0.0400
1.5757 3.8713 -0.0400
1.9454 1.6495 -0.0400
1.8914 1.6142 -0.0400
1.8098 1.6273 -0.0400
1.7747 1.5591 -0.0400
1.7247 1.5177 -0.0400
1.6556 1.5061 -0.0400
1.5506 1.5460 -0.0400
1.4729 1.5415 -0.0400
0.4577 1.0956 -0.0400
0.4670 0.9938 -0.0400
0.4276 0.9331 -0.0400
2.3247 -1.2130 -0.0400
2.3364 -1.2415 -0.0400
2.3414 -1.2675 -0.0400
2.3431 -1.2925 -0.0400
2.3434 -1.3169 -0.0400
2.3369 -1.3398 -0.0400
2.3286 -1.3624 -0.0400
2.3168 -1.3847 -0.0400
2.2859 -1.4046 -0.0400
2.2573 -1.4257 -0.0400
-1.1544 -4.2938 -0.0400
-1.1181 -4.3846 -0.0400
-0.5462 -5.4254 -0.0400
-0.4623 -5.4834 -0.0400
-0.4545 -5.6144 -0.0400
3.0394 -2.2773 -0.0400
3.0762 -2.2604 -0.0400
3.1002 -2.2564 -0.0400
3.1207 -2.2556 -0.0400
3.1424 -2.2525 -0.0400
3.1573 -2.2573 -0.0400
3.1706 -2.2639 -0.0400
3.6778 -6.0496 -0.0400
3.7571 -6.1050 -0.0400
5.6335 -4.2731 -0.0400
5.6658 -4.2193 -0.0400
5.7150 -4.1880 -0.0400
5.8995 -4.3213 -0.0400
5.9680 -4.3063 -0.0400
7.0573 -4.8272 -0.0400
7.0975 -4.7525 -0.0400
7.3638 -3.0519 -0.0400
7.4298 -3.0022 -0.0400
7.2943 0.1538 -0.0400
4.6701 -1.0813 -0.0400
4.5410 -1.1264 -0.0400
4.4992 -1.1292 -0.0400
4.4703 -1.1264 -0.0400
4.4553 -1.1162 -0.0400
4.3692 -1.1501 -0.0400
4.3506 -1.1446 -0.0400
4.3285 -1.1420 -0.0400
4.3158 -1.1336 -0.0400
4.3034 -1.1252 -0.0400
4.2905 -1.1174 -0.0400
4.2811 -1.1073 -0.0400
4.2720 -1.0968 -0.0400
4.2648 -1.0849 -0.0400
4.2580 -1.0725 -0.0400
4.2516 -1.0596 -0.0400
4.2516 -1.0407 -0.0400
4.2491 -1.0235 -0.0400
4.2484 -1.0040 -0.0400
4.2517 -0.9798 -0.0400
6.6272 1.7880 -0.0400
6.4932 1.7519 -0.0400
6.4166 1.7794 -0.0400
6.3779 1.8534 -0.0400
5.5551 2.4289 -0.0400
5.4603 2.4079 -0.0400
5.4004 2.4629 -0.0400
3.7745 3.9216 -0.0400
3.6779 3.9086 -0.0400
3.5818 3.9004 -0.0400
1.8802 3.9347 -0.0400
1.7751 3.9285 -0.0400
1.6998 3.8365 -0.0400
1.5759 3.8782 -0.0400
1.4835 3.8338 -0.0400
1.9267 1.6844 -0.0400
1.8899 1.6169 -0.0400
1.8353 1.5833 -0.0400
1.7726 1.5634 -0.0400
1.7264 1.5161 -0.0400
1.6626 1.4968 -0.0400
1.5805 1.5038 -0.0400
1.4991 1.5066 -0.0400
0.4609 1.0064 -0.0400
0.4310 0.9383 -0.0400
0.3719 0.8931 -0.0400
2.2760 -1.1926 -0.0400
2.3096 -1.2276 -0.0400
2.3249 -1.2566 -0.0400
2.3322 -1.2829 -0.0400
2.3407 -1.3091 -0.0400
2.3378 -1.3325 -0.0400
2.3322 -1.3554 -0.0400
2.3245 -1.3780 -0.0400
2.3022 -1.3987 -0.0400
2.2825 -1.4204 -0.0400
2.2534 -1.4417 -0.0400
-1.1204 -4.3588 -0.0400
-1.1184 -4.4705 -0.0400
-0.5103 -5.4941 -0.0400
-0.4355 -5.5607 -0.0400
3.0736 -2.2631 -0.0400
3.0980 -2.2582 -0.0400
3.1182 -2.2574 -0.0400
3.1356 -2.2595 -0.0400
3.1518 -2.2626 -0.0400
3.1675 -2.2661 -0.0400
3.1822 -2.2705 -0.0400
3.1981 -2.2729 -0.0400
3.2131 -2.2761 -0.0400
3.5887 -6.0548 -0.0400
3.6673 -6.1343 -0.0400
5.8503 -4.3695 -0.0400
5.9216 -4.3585 -0.0400
6.9665 -4.8627 -0.0400
7.0324 -4.8128 -0.0400
7.3397 -3.1976 -0.0400
7.3389 -3.1209 -0.0400
7.3832 -3.0632 -0.0400
7.4979 -3.0312 -0.0400
4.7006 -1.1061 -0.0400
4.5748 -1.1438 -0.0400
4.5228 -1.1497 -0.0400
4.4909 -1.1471 -0.0400
4.4309 -1.1608 -0.0400
4.3963 -1.1625 -0.0400
4.3648 -1.1637 -0.0400
4.3432 -1.1599 -0.0400
4.3310 -1.1508 -0.0400
4.3161 -1.1438 -0.0400
4.3059 -1.1338 -0.0400
4.2955 -1.1241 -0.0400
4.2869 -1.1131 -0.0400
4.2788 -1.1019 -0.0400
4.2740 -1.0879 -0.0400
4.2681 -1.0747 -0.0400
4.2685 -1.0559 -0.0400
4.2661 -1.0389 -0.0400
4.2654 -1.0200 -0.0400
4.2682 -0.9972 -0.0400
6.6767 1.7290 -0.0400
6.5318 1.6835 -0.0400
6.4739 1.7331 -0.0400
6.4333 1.8038 -0.0400
6.4507 1.9494 -0.0400
5.7202 2.4155 -0.0400
5.6001 2.3506 -0.0400
5.5236 2.3687 -0.0400
5.4632 2.4209 -0.0400
3.9680 3.9445 -0.0400
3.8711 3.9480 -0.0400
3.7738 3.9330 -0.0400
3.6770 3.8851 -0.0400
1.9787 3.9622 -0.0400
1.8772 3.9465 -0.0400
1.7941 3.8751 -0.0400
1.6762 3.9049 -0.0400
1.5760 3.8810 -0.0400
1.9999 1.6819 -0.0400
1.9519 1.6356 -0.0400
1.8895 1.6169 -0.0400
1.8334 1.5861 -0.0400
1.7842 1.5437 -0.0400
1.7203 1.5257 -0.0400
1.6122 1.5752 -0.0400
1.5518 1.5471 -0.0400
0.5051 1.0666 -0.0400
0.4803 0.9940 -0.0400
0.3693 0.9902 -0.0400
2.3352 -1.2068 -0.0400
2.3447 -1.2342 -0.0400
2.3485 -1.2595 -0.0400
2.3494 -1.2838 -0.0400
2.3473 -1.3072 -0.0400
2.3419 -1.3299 -0.0400
2.3278 -1.3511 -0.0400
2.3136 -1.3727 -0.0400
2.2941 -1.3938 -0.0400
2.2656 -1.4144 -0.0400
-1.1562 -4.3662 -0.0400
-0.5493 -5.3779 -0.0400
-0.4964 -5.4640 -0.0400
3.0313 -2.2752 -0.0400
3.0674 -2.2582 -0.0400
3.0917 -2.2534 -0.0400
3.1176 -2.2456 -0.0400
3.1336 -2.2493 -0.0400
3.1494 -2.2527 -0.0400
3.1627 -2.2592 -0.0400
3.1758 -2.2659 -0.0400
3.1906 -2.2699 -0.0400
3.2083 -2.2691 -0.0400
3.2211 -2.2753 -0.0400
3.2335 -2.2823 -0.0400
3.6449 -6.0540 -0.0400
3.7254 -6.1668 -0.0400
6.9900 -4.9064 -0.0400
7.0109 -4.8119 -0.0400
7.0743 -4.7592 -0.0400
7.3390 -3.1293 -0.0400
7.3644 -3.0638 -0.0400
7.4643 -3.0265 -0.0400
4.5610 -1.1406 -0.0400
4.5164 -1.1428 -0.0400
4.4857 -1.1394 -0.0400
4.4657 -1.1312 -0.0400
4.3955 -1.1519 -0.0400
4.3617 -1.1540 -0.0400
4.3401 -1.1500 -0.0400
4.3229 -1.1438 -0.0400
4.3110 -1.1346 -0.0400
4.2985 -1.1260 -0.0400
4.2881 -1.1162 -0.0400
4.2794 -1.1052 -0.0400
4.2723 -1.0931 -0.0400
4.2653 -1.0807 -0.0400
4.2614 -1.0658 -0.0400
4.2567 -1.0512 -0.0400
4.2530 -1.0354 -0.0400
4.2594 -1.0101 -0.0400
4.2620 -0.9872 -0.0400
6.5426 1.7030 -0.0400
6.4691 1.7351 -0.0400
6.4114 1.7851 -0.0400
6.3698 1.8554 -0.0400
5.5190 2.3719 -0.0400
5.4542 2.4144 -0.0400
5.4130 2.5123 -0.0400
3.8686 3.9403 -0.0400
3.7711 3.9105 -0.0400
3.6750 3.9028 -0.0400
3.5791 3.8959 -0.0400
1.9719 3.9878 -0.0400
1.8821 3.9346 -0.0400
1.7897 3.8915 -0.0400
1.6986 3.8461 -0.0400
1.5813 3.8715 -0.0400
1.4795 3.8516 -0.0400
1.9428 1.6496 -0.0400
1.8957 1.6026 -0.0400
1.8171 1.6125 -0.0400
1.7818 1.5458 -0.0400
1.7297 1.5092 -0.0400
1.6606 1.4992 -0.0400
1.5565 1.5399 -0.0400
1.4957 1.5124 -0.0400
0.4805 0.9995 -0.0400
0.4319 0.9470 -0.0400
0.3465 0.9222 -0.0400
2.2905 -1.1890 -0.0400
2.3180 -1.2218 -0.0400
2.3321 -1.2501 -0.0400
2.3384 -1.2757 -0.0400
2.3455 -1.3012 -0.0400
2.3412 -1.3239 -0.0400
2.3345 -1.3462 -0.0400
2.3253 -1.3681 -0.0400
2.3123 -1.3897 -0.0400
2.2945 -1.4111 -0.0400
2.2233 -1.4272 -0.0400
-0.4976 -5.4316 -0.0400
-0.4431 -5.5164 -0.0400
3.0674 -2.2584 -0.0400
3.0909 -2.2540 -0.0400
3.1104 -2.2537 -0.0400
3.1279 -2.2553 -0.0400
3.1438 -2.2587 -0.0400
3.1613 -2.2593 -0.0400
3.1743 -2.2659 -0.0400
3.1883 -2.2710 -0.0400
3.2039 -2.2733 -0.0400
3.2183 -2.2770 -0.0400
3.2317 -2.2822 -0.0400
3.2439 -2.2894 -0.0400
3.2549 -2.2991 -0.0400
3.2651 -2.3104 -0.0400
3.5553 -6.0638 -0.0400
3.6339 -6.1656 -0.0400
6.9108 -4.9546 -0.0400
6.9497 -4.8770 -0.0400
7.0190 -4.8301 -0.0400
7.3280 -3.2060 -0.0400
7.3368 -3.1330 -0.0400
4.7040 -1.1136 -0.0400
4.5457 -1.1628 -0.0400
4.5153 -1.1577 -0.0400
4.4845 -1.1539 -0.0400
4.4040 -1.1767 -0.0400
4.3749 -1.1751 -0.0400
4.3545 -1.1696 -0.0400
4.3381 -1.1624 -0.0400
4.3266 -1.1525 -0.0400
4.3143 -1.1434 -0.0400
4.3034 -1.1336 -0.0400
4.2945 -1.1227 -0.0400
4.2864 -1.1111 -0.0400
4.2811 -1.0975 -0.0400
4.2771 -1.0828 -0.0400
4.2719 -1.0687 -0.0400
4.2742 -1.0483 -0.0400
4.2722 -1.0308 -0.0400
4.2873 -0.9978 -0.0400
6.6818 1.6299 -0.0400
6.5924 1.6471 -0.0400
6.5245 1.6861 -0.0400
6.4709 1.7408 -0.0400
5.6726 2.3410 -0.0400
5.5867 2.3419 -0.0400
5.5190 2.3780 -0.0400
5.4691 2.4535 -0.0400
3.9632 3.9231 -0.0400
3.8661 3.9115 -0.0400
3.7694 3.8905 -0.0400
3.6739 3.9142 -0.0400
2.0637 4.0373 -0.0400
1.9728 3.9854 -0.0400
1.8923 3.9031 -0.0400
1.7635 3.9705 -0.0400
1.6794 3.9011 -0.0400
2.0302 1.7596 -0.0400
2.0065 1.6624 -0.0400
1.9510 1.6316 -0.0400
1.8758 1.6371 -0.0400
1.8392 1.5719 -0.0400
1.7838 1.5410 -0.0400
1.6999 1.5563 -0.0400
1.6113 1.5751 -0.0400
1.5440 1.5580 -0.0400
0.5583 1.1232 -0.0400
0.5311 1.0524 -0.0400
0.4812 1.0013 -0.0400
0.3986 0.9758 -0.0400
2.3241 -1.1717 -0.0400
2.3416 -1.2018 -0.0400
2.3501 -1.2284 -0.0400
2.3536 -1.2533 -0.0400
2.3538 -1.2770 -0.0400
2.3510 -1.2999 -0.0400
2.3451 -1.3221 -0.0400
2.3285 -1.3424 -0.0400
2.3122 -1.3632 -0.0400
2.2894 -1.3835 -0.0400
2.2525 -1.4027 -0.0400
-0.5762 -5.3531 -0.0400
-0.5363 -5.4511 -0.0400
3.0350 -2.2604 -0.0400
3.0641 -2.2505 -0.0400
3.0863 -2.2475 -0.0400
3.1109 -2.2407 -0.0400
3.1263 -2.2446 -0.0400
3.1417 -2.2484 -0.0400
3.1555 -2.2541 -0.0400
3.1684 -2.2608 -0.0400
3.1852 -2.2614 -0.0400
3.1995 -2.2654 -0.0400
3.2130 -2.2706 -0.0400
3.2255 -2.2773 -0.0400
3.2375 -2.2847 -0.0400
3.2487 -2.2938 -0.0400
3.2559 -2.3110 -0.0400
3.2644 -2.3266 -0.0400
3.2710 -2.3469 -0.0400
3.4595 -6.0683 -0.0400
3.5384 -6.0573 -0.0400
3.6168 -6.1336 -0.0400
4.5303 -4.9705 -0.0400
4.5927 -4.9652 -0.0400
7.3270 -3.2915 -0.0400
7.3080 -3.2049 -0.0400
7.3441 -3.1435 -0.0400
7.4467 -3.1084 -0.0400
4.5647 -1.1676 -0.0400
4.5246 -1.1660 -0.0400
4.4961 -1.1602 -0.0400
4.4253 -1.1763 -0.0400
4.3886 -1.1775 -0.0400
4.3661 -1.1725 -0.0400
4.3439 -1.1679 -0.0400
4.3295 -1.1595 -0.0400
4.3180 -1.1497 -0.0400
4.3076 -1.1393 -0.0400
4.2987 -1.1281 -0.0400
4.2904 -1.1166 -0.0400
4.2847 -1.1032 -0.0400
4.2798 -1.0891 -0.0400
4.2775 -1.0728 -0.0400
4.2735 -1.0576 -0.0400
4.2767 -1.0361 -0.0400
4.2887 -1.0065 -0.0400
4.3041 -0.9725 -0.0400
6.7156 1.6697 -0.0400
6.5829 1.6415 -0.0400
6.5221 1.6883 -0.0400
6.5030 1.7833 -0.0400
5.6527 2.3113 -0.0400
5.5827 2.3429 -0.0400
5.5292 2.4086 -0.0400
4.0583 3.9296 -0.0400
3.9614 3.9277 -0.0400
3.8642 3.9137 -0.0400
3.7674 3.8906 -0.0400
2.0711 4.0103 -0.0400
1.9722 3.9873 -0.0400
1.8887 3.9146 -0.0400
1.6765 3.9103 -0.0400
2.0383 1.7378 -0.0400
2.0059 1.6588 -0.0400
1.9416 1.6454 -0.0400
1.8872 1.6124 -0.0400
1.8409 1.5654 -0.0400
1.7802 1.5439 -0.0400
1.6923 1.5661 -0.0400
1.6111 1.5734 -0.0400
0.5684 1.1169 -0.0400
0.5344 1.0524 -0.0400
0.4804 1.0050 -0.0400
2.3104 -1.1651 -0.0400
2.3340 -1.1970 -0.0400
2.3463 -1.2247 -0.0400
2.3588 -1.2517 -0.0400
2.3576 -1.2749 -0.0400
2.3522 -1.2969 -0.0400
2.3448 -1.3186 -0.0400
2.3343 -1.3398 -0.0400
2.3200 -1.3607 -0.0400
2.3001 -1.3811 -0.0400
-0.5765 -5.3295 -0.0400
-0.5194 -5.4110 -0.0400
3.0458 -2.2547 -0.0400
3.0790 -2.2385 -0.0400
3.0974 -2.2394 -0.0400
3.1140 -2.2420 -0.0400
3.1292 -2.2460 -0.0400
3.1462 -2.2472 -0.0400
3.1589 -2.2541 -0.0400
3.1716 -2.2609 -0.0400
3.1872 -2.2632 -0.0400
3.2016 -2.2670 -0.0400
3.2155 -2.2712 -0.0400
3.2276 -2.2785 -0.0400
3.2390 -2.2871 -0.0400
3.2495 -2.2976 -0.0400
3.2593 -2.3099 -0.0400
3.2682 -2.3247 -0.0400
3.2661 -2.3649 -0.0400
3.5941 -6.0537 -0.0400
4.5720 -4.9630 -0.0400
5.3668 -6.7129 -0.0400
5.4657 -6.7068 -0.0400
7.3387 -3.1522 -0.0400
7.3982 -3.0996 -0.0400
4.5908 -1.1491 -0.0400
4.5385 -1.1520 -0.0400
4.5013 -1.1497 -0.0400
4.4768 -1.1425 -0.0400
4.3888 -1.1686 -0.0400
4.3616 -1.1657 -0.0400
4.3419 -1.1595 -0.0400
4.3264 -1.1514 -0.0400
4.3137 -1.1421 -0.0400
4.3022 -1.1322 -0.0400
4.2923 -1.1215 -0.0400
4.2840 -1.1098 -0.0400
4.2781 -1.0964 -0.0400
4.2727 -1.0825 -0.0400
4.2694 -1.0669 -0.0400
4.2647 -1.0520 -0.0400
4.2659 -1.0322 -0.0400
4.2718 -1.0076 -0.0400
4.3098 -0.9541 -0.0400
6.6052 1.6713 -0.0400
6.5181 1.6897 -0.0400
6.4646 1.7449 -0.0400
6.4239 1.8157 -0.0400
5.6728 2.3605 -0.0400
5.5805 2.3500 -0.0400
5.5085 2.3777 -0.0400
5.4511 2.4363 -0.0400
3.9595 3.9435 -0.0400
3.8630 3.9514 -0.0400
3.7646 3.8946 -0.0400
3.6693 3.9297 -0.0400
1.9754 3.9743 -0.0400
1.8755 3.9550 -0.0400
1.7872 3.8993 -0.0400
1.6680 3.9341 -0.0400
1.5662 3.9149 -0.0400
1.9886 1.6859 -0.0400
1.9475 1.6271 -0.0400
1.8811 1.6172 -0.0400
1.8294 1.5798 -0.0400
1.7828 1.5341 -0.0400
1.7125 1.5284 -0.0400
1.6128 1.5668 -0.0400
1.5489 1.5455 -0.0400
0.5058 1.0795 -0.0400
0.4878 1.0018 -0.0400
0.4259 0.9607 -0.0400
2.2839 -1.1544 -0.0400
2.3220 -1.1910 -0.0400
2.3380 -1.2197 -0.0400
2.3456 -1.2455 -0.0400
2.3489 -1.2697 -0.0400
2.3492 -1.2929 -0.0400
2.3463 -1.3153 -0.0400
2.3361 -1.3363 -0.0400
2.3231 -1.3571 -0.0400
2.3062 -1.3776 -0.0400
2.2818 -1.3976 -0.0400
2.2383 -1.4162 -0.0400
-0.5250 -5.3842 -0.0400
-0.5062 -5.5024 -0.0400
3.0321 -2.2725 -0.0400
3.0733 -2.2460 -0.0400
3.0920 -2.2463 -0.0400
3.1099 -2.2471 -0.0400
3.1288 -2.2458 -0.0400
3.1436 -2.2497 -0.0400
3.1571 -2.2554 -0.0400
3.1699 -2.2620 -0.0400
3.1858 -2.2634 -0.0400
3.2000 -2.2671 -0.0400
3.2136 -2.2718 -0.0400
3.2263 -2.2779 -0.0400
3.2386 -2.2847 -0.0400
3.2485 -2.2964 -0.0400
3.2587 -2.3081 -0.0400
3.2681 -2.3219 -0.0400
3.2762 -2.3395 -0.0400
3.2819 -2.3644 -0.0400
3.4253 -6.0608 -0.0400
3.5039 -6.0652 -0.0400
4.5025 -4.9803 -0.0400
4.5658 -4.9769 -0.0400
5.1975 -6.8508 -0.0400
5.2676 -6.7532 -0.0400
7.2945 -3.2943 -0.0400
7.3014 -3.2193 -0.0400
7.3486 -3.1622 -0.0400
7.4643 -3.1321 -0.0400
4.5555 -1.1804 -0.0400
4.5311 -1.1712 -0.0400
4.4983 -1.1665 -0.0400
4.4092 -1.1892 -0.0400
4.3867 -1.1828 -0.0400
4.3627 -1.1778 -0.0400
4.3448 -1.1704 -0.0400
4.3304 -1.1615 -0.0400
4.3183 -1.1515 -0.0400
4.3089 -1.1402 -0.0400
4.2999 -1.1288 -0.0400
4.2933 -1.1157 -0.0400
4.2872 -1.1024 -0.0400
4.2848 -1.0863 -0.0400
4.2836 -1.0690 -0.0400
4.2845 -1.0497 -0.0400
4.2894 -1.0267 -0.0400
4.3090 -0.9910 -0.0400
6.7679 1.6180 -0.0400
6.6380 1.5962 -0.0400
6.5747 1.6409 -0.0400
6.5363 1.7129 -0.0400
6.5159 1.8071 -0.0400
5.7370 2.3209 -0.0400
5.6468 2.3164 -0.0400
5.5874 2.3692 -0.0400
4.1529 3.9496 -0.0400
4.0551 3.9457 -0.0400
3.9554 3.9044 -0.0400
3.8592 3.9018 -0.0400
3.7635 3.9085 -0.0400
1.9837 3.9443 -0.0400
1.8836 3.9277 -0.0400
1.7737 3.9390 -0.0400
2.0561 1.6875 -0.0400
1.9993 1.6601 -0.0400
1.9341 1.6488 -0.0400
1.8874 1.6019 -0.0400
1.8365 1.5638 -0.0400
1.7661 1.5595 -0.0400
1.6681 1.5983 -0.0400
1.6012 1.5826 -0.0400
0.5962 1.1909 -0.0400
0.5772 1.1124 -0.0400
0.5291 1.0605 -0.0400
0.4465 1.0369 -0.0400
2.3230 -1.1660 -0.0400
2.3583 -1.2009 -0.0400
2.3618 -1.2254 -0.0400
2.3627 -1.2488 -0.0400
2.3607 -1.2713 -0.0400
2.3550 -1.2929 -0.0400
2.3474 -1.3141 -0.0400
2.3363 -1.3348 -0.0400
2.3215 -1.3551 -0.0400
2.2722 -1.3707 -0.0400
3.0073 -2.2662 -0.0400
3.0413 -2.2499 -0.0400
3.0722 -2.2357 -0.0400
3.0899 -2.2370 -0.0400
3.1099 -2.2346 -0.0400
3.1245 -2.2390 -0.0400
3.1391 -2.2432 -0.0400
3.1526 -2.2486 -0.0400
3.1650 -2.2556 -0.0400
3.1801 -2.2581 -0.0400
3.1942 -2.2621 -0.0400
3.2079 -2.2663 -0.0400
3.2201 -2.2732 -0.0400
3.2317 -2.2813 -0.0400
3.2424 -2.2913 -0.0400
3.2526 -2.3027 -0.0400
3.2573 -2.3268 -0.0400
3.2633 -2.3497 -0.0400
3.4868 -6.0540 -0.0400
4.4880 -4.9843 -0.0400
4.5538 -4.9898 -0.0400
5.2509 -6.7592 -0.0400
5.3625 -6.7911 -0.0400
7.3029 -3.3082 -0.0400
7.2985 -3.2276 -0.0400
7.4099 -3.1978 -0.0400
4.5461 -1.1798 -0.0400
4.5205 -1.1711 -0.0400
4.4910 -1.1648 -0.0400
4.3910 -1.1924 -0.0400
4.3745 -1.1833 -0.0400
4.3528 -1.1771 -0.0400
4.3365 -1.1688 -0.0400
4.3266 -1.1574 -0.0400
4.3151 -1.1469 -0.0400
4.3058 -1.1354 -0.0400
4.2986 -1.1226 -0.0400
4.2928 -1.1089 -0.0400
4.2880 -1.0944 -0.0400
4.2857 -1.0780 -0.0400
4.2849 -1.0601 -0.0400
4.2861 -1.0403 -0.0400
4.3039 -1.0070 -0.0400
6.7291 1.5819 -0.0400
6.6322 1.5935 -0.0400
6.5728 1.6424 -0.0400
6.5388 1.7192 -0.0400
5.7272 2.3103 -0.0400
5.6409 2.3130 -0.0400
5.5862 2.3749 -0.0400
4.0517 3.9324 -0.0400
3.9561 3.9504 -0.0400
3.8563 3.8917 -0.0400
2.1668 4.0357 -0.0400
2.0677 4.0144 -0.0400
1.9815 3.9485 -0.0400
1.7600 3.9781 -0.0400
2.0556 1.6807 -0.0400
1.9878 1.6760 -0.0400
1.9290 1.6520 -0.0400
1.8884 1.5936 -0.0400
1.8252 1.5779 -0.0400
1.7203 1.6324 -0.0400
1.6642 1.5999 -0.0400
1.5842 1.6051 -0.0400
0.6051 1.1832 -0.0400
0.5798 1.1106 -0.0400
0.5309 1.0597 -0.0400
2.3220 -1.1406 -0.0400
2.3437 -1.1720 -0.0400
2.3554 -1.1993 -0.0400
2.3604 -1.2241 -0.0400
2.3619 -1.2476 -0.0400
2.3620 -1.2704 -0.0400
2.3548 -1.2914 -0.0400
2.3453 -1.3121 -0.0400
2.3317 -1.3321 -0.0400
2.3136 -1.3518 -0.0400
2.2879 -1.3708 -0.0400
2.2383 -1.3874 -0.0400
-0.3057 -2.6465 -0.0400
-0.3128 -2.7224 -0.0400
-0.3754 -2.8168 -0.0400
3.0293 -2.2478 -0.0400
3.0529 -2.2428 -0.0400
3.0792 -2.2333 -0.0400
3.0961 -2.2351 -0.0400
3.1143 -2.2346 -0.0400
3.1286 -2.2390 -0.0400
3.1432 -2.2428 -0.0400
3.1556 -2.2497 -0.0400
3.1684 -2.2559 -0.0400
3.1849 -2.2557 -0.0400
3.1980 -2.2609 -0.0400
3.2104 -2.2672 -0.0400
3.2226 -2.2740 -0.0400
3.2324 -2.2855 -0.0400
3.2426 -2.2968 -0.0400
3.2522 -2.3099 -0.0400
3.2609 -2.3258 -0.0400
3.2675 -2.3477 -0.0400
4.4736 -4.9895 -0.0400
4.5387 -4.9924 -0.0400
5.2356 -6.7704 -0.0400
7.3049 -3.3196 -0.0400
7.2996 -3.2382 -0.0400
7.3997 -3.2035 -0.0400
4.5847 -1.1808 -0.0400
4.5240 -1.1848 -0.0400
4.5043 -1.1738 -0.0400
4.4292 -1.1879 -0.0400
4.3839 -1.1910 -0.0400
4.3670 -1.1819 -0.0400
4.3466 -1.1750 -0.0400
4.3319 -1.1658 -0.0400
4.3217 -1.1543 -0.0400
4.3121 -1.1427 -0.0400
4.3042 -1.1302 -0.0400
4.2975 -1.1169 -0.0400
4.2925 -1.1024 -0.0400
4.2895 -1.0865 -0.0400
4.2894 -1.0683 -0.0400
4.2918 -1.0477 -0.0400
4.2990 -1.0230 -0.0400
4.3286 -0.9799 -0.0400
6.7010 1.5562 -0.0400
6.6322 1.5962 -0.0400
6.5743 1.6470 -0.0400
6.5536 1.7388 -0.0400
5.8259 2.3327 -0.0400
5.7051 2.2771 -0.0400
5.6402 2.3189 -0.0400
5.5892 2.3883 -0.0400
4.1453 3.9219 -0.0400
4.0478 3.9151 -0.0400
3.9517 3.9215 -0.0400
3.8536 3.8863 -0.0400
2.1670 4.0295 -0.0400
2.0763 3.9782 -0.0400
1.9757 3.9642 -0.0400
1.8606 3.9955 -0.0400
1.7691 3.9476 -0.0400
2.1041 1.7170 -0.0400
2.0527 1.6782 -0.0400
1.9758 1.6924 -0.0400
1.9312 1.6402 -0.0400
1.8851 1.5926 -0.0400
1.8109 1.5969 -0.0400
1.7170 1.6322 -0.0400
1.6544 1.6106 -0.0400
0.6212 1.1680 -0.0400
0.5850 1.1059 -0.0400
0.5253 1.0647 -0.0400
2.3164 -1.1389 -0.0400
2.3600 -1.1772 -0.0400
2.3654 -1.2022 -0.0400
2.3673 -1.2258 -0.0400
2.3666 -1.2483 -0.0400
2.3632 -1.2701 -0.0400
2.3570 -1.2911 -0.0400
2.3487 -1.3117 -0.0400
2.3250 -1.3296 -0.0400
2.3029 -1.3485 -0.0400
2.2680 -1.3661 -0.0400
-0.3344 -2.5706 -0.0400
-0.3095 -2.6370 -0.0400
-0.3250 -2.7151 -0.0400
3.0038 -2.2625 -0.0400
3.0445 -2.2366 -0.0400
3.0645 -2.2352 -0.0400
3.0867 -2.2301 -0.0400
3.1024 -2.2330 -0.0400
3.1190 -2.2341 -0.0400
3.1330 -2.2386 -0.0400
3.1465 -2.2438 -0.0400
3.1588 -2.2507 -0.0400
3.1743 -2.2520 -0.0400
3.1878 -2.2564 -0.0400
3.2007 -2.2617 -0.0400
3.2128 -2.2685 -0.0400
3.2243 -2.2766 -0.0400
3.2350 -2.2864 -0.0400
3.2453 -2.2974 -0.0400
3.2508 -2.3203 -0.0400
3.2575 -2.3415 -0.0400
3.2559 -2.3860 -0.0400
4.4596 -4.9972 -0.0400
4.5212 -4.9873 -0.0400
5.1326 -6.8232 -0.0400
5.2192 -6.7786 -0.0400
7.2621 -3.3106 -0.0400
7.2951 -3.2470 -0.0400
7.3819 -3.2065 -0.0400
4.7198 -1.1492 -0.0400
4.5577 -1.1880 -0.0400
4.5284 -1.1797 -0.0400
4.4363 -1.1989 -0.0400
4.4033 -1.1954 -0.0400
4.3704 -1.1930 -0.0400
4.3566 -1.1825 -0.0400
4.3432 -1.1721 -0.0400
4.3289 -1.1624 -0.0400
4.3196 -1.1503 -0.0400
4.3098 -1.1386 -0.0400
4.3039 -1.1247 -0.0400
4.2974 -1.1110 -0.0400
4.2941 -1.0953 -0.0400
4.2947 -1.0767 -0.0400
4.2918 -1.0600 -0.0400
4.2974 -1.0369 -0.0400
4.3137 -1.0050 -0.0400
6.7968 1.5430 -0.0400
6.6924 1.5496 -0.0400
6.6262 1.5924 -0.0400
6.5864 1.6624 -0.0400
5.7894 2.2753 -0.0400
5.7051 2.2835 -0.0400
5.6432 2.3311 -0.0400
5.6050 2.4263 -0.0400
4.1451 3.9430 -0.0400
4.0443 3.9028 -0.0400
3.9468 3.8858 -0.0400
2.0754 3.9759 -0.0400
1.9681 3.9855 -0.0400
1.8628 3.9842 -0.0400
2.1055 1.7038 -0.0400
2.0457 1.6838 -0.0400
1.9709 1.6938 -0.0400
1.9358 1.6230 -0.0400
1.8815 1.5917 -0.0400
1.7974 1.6138 -0.0400
1.7147 1.6295 -0.0400
1.6404 1.6276 -0.0400
0.6229 1.1656 -0.0400
0.5857 1.1045 -0.0400
0.5026 1.0838 -0.0400
2.3251 -1.1182 -0.0400
2.3480 -1.1504 -0.0400
2.3598 -1.1779 -0.0400
2.3653 -1.2027 -0.0400
2.3674 -1.2261 -0.0400
2.3695 -1.2492 -0.0400
2.3634 -1.2701 -0.0400
2.3555 -1.2905 -0.0400
2.3446 -1.3105 -0.0400
2.3303 -1.3300 -0.0400
2.3108 -1.3490 -0.0400
2.2822 -1.3672 -0.0400
-0.3400 -2.5622 -0.0400
-0.3114 -2.6276 -0.0400
-0.3273 -2.7056 -0.0400
3.0740 -2.2299 -0.0400
3.0941 -2.2268 -0.0400
3.1080 -2.2317 -0.0400
3.1239 -2.2333 -0.0400
3.1373 -2.2384 -0.0400
3.1498 -2.2448 -0.0400
3.1620 -2.2516 -0.0400
3.1777 -2.2521 -0.0400
3.1910 -2.2567 -0.0400
3.2035 -2.2626 -0.0400
3.2154 -2.2696 -0.0400
3.2268 -2.2777 -0.0400
3.2351 -2.2928 -0.0400
3.2447 -2.3058 -0.0400
3.2536 -2.3214 -0.0400
3.2606 -2.3426 -0.0400
4.4441 -4.9998 -0.0400
5.1222 -6.8532 -0.0400
5.2017 -6.7844 -0.0400
5.4856 -4.3671 -0.0400
7.2555 -3.3192 -0.0400
7.2949 -3.2583 -0.0400
7.3939 -3.2229 -0.0400
4.5906 -1.1935 -0.0400
4.5478 -1.1892 -0.0400
4.5183 -1.1810 -0.0400
4.4165 -1.2040 -0.0400
4.3906 -1.1976 -0.0400
4.3717 -1.1888 -0.0400
4.3494 -1.1821 -0.0400
4.3384 -1.1704 -0.0400
4.3255 -1.1598 -0.0400
4.3169 -1.1472 -0.0400
4.3087 -1.1344 -0.0400
4.3034 -1.1199 -0.0400
4.2976 -1.1056 -0.0400
4.2965 -1.0882 -0.0400
4.2997 -1.0675 -0.0400
4.2985 -1.0494 -0.0400
4.3120 -1.0201 -0.0400
6.7882 1.5358 -0.0400
6.6902 1.5490 -0.0400
6.6254 1.5932 -0.0400
6.5993 1.6780 -0.0400
5.7715 2.2498 -0.0400
5.6994 2.2791 -0.0400
5.6561 2.3614 -0.0400
4.1415 3.9311 -0.0400
4.0413 3.8968 -0.0400
3.9457 3.9047 -0.0400
2.2616 4.0543 -0.0400
2.0732 3.9778 -0.0400
1.9643 3.9934 -0.0400
1.8534 4.0099 -0.0400
2.1420 1.7671 -0.0400
2.0996 1.7066 -0.0400
2.0322 1.7028 -0.0400
1.9771 1.6718 -0.0400
1.9330 1.6194 -0.0400
1.8696 1.6056 -0.0400
1.7928 1.6145 -0.0400
1.7067 1.6362 -0.0400
1.6293 1.6393 -0.0400
0.6411 1.2438 -0.0400
0.6303 1.1571 -0.0400
0.5829 1.1058 -0.0400
0.4896 1.0941 -0.0400
2.3331 -1.1227 -0.0400
2.3515 -1.1530 -0.0400
2.3618 -1.1797 -0.0400
2.3743 -1.2065 -0.0400
2.3733 -1.2287 -0.0400
2.3704 -1.2502 -0.0400
2.3645 -1.2708 -0.0400
2.3569 -1.2912 -0.0400
2.3379 -1.3092 -0.0400
2.3198 -1.3279 -0.0400
2.2949 -1.3459 -0.0400
2.2496 -1.3616 -0.0400
-0.3517 -2.5560 -0.0400
-0.3121 -2.6184 -0.0400
-0.4302 -2.7259 -0.0400
3.1137 -2.2302 -0.0400
3.1289 -2.2325 -0.0400
3.1410 -2.2392 -0.0400
3.1533 -2.2457 -0.0400
3.1664 -2.2506 -0.0400
3.1814 -2.2520 -0.0400
3.1942 -2.2571 -0.0400
3.2062 -2.2637 -0.0400
3.2179 -2.2709 -0.0400
3.2273 -2.2834 -0.0400
3.2374 -2.2947 -0.0400
3.2471 -2.3078 -0.0400
3.2493 -2.3403 -0.0400
4.4287 -5.0034 -0.0400
4.4947 -5.0092 -0.0400
5.1994 -6.8392 -0.0400
5.4438 -4.4377 -0.0400
5.4774 -4.3801 -0.0400
5.5266 -4.3462 -0.0400
5.7001 -4.4805 -0.0400
5.7676 -4.4643 -0.0400
4.5791 -1.1959 -0.0400
4.5429 -1.1890 -0.0400
4.4432 -1.2086 -0.0400
4.4063 -1.2057 -0.0400
4.3843 -1.1975 -0.0400
4.3665 -1.1881 -0.0400
4.3461 -1.1804 -0.0400
4.3349 -1.1686 -0.0400
4.3252 -1.1562 -0.0400
4.3154 -1.1440 -0.0400
4.3092 -1.1299 -0.0400
4.3052 -1.1144 -0.0400
4.3004 -1.0992 -0.0400
4.2976 -1.0826 -0.0400
4.3026 -1.0604 -0.0400
4.3034 -1.0405 -0.0400
4.3316 -1.0004 -0.0400
6.7672 1.5163 -0.0400
6.6832 1.5429 -0.0400
6.6297 1.5987 -0.0400
6.6035 1.6837 -0.0400
5.7677 2.2482 -0.0400
5.7027 2.2902 -0.0400
5.6528 2.3606 -0.0400
4.2342 3.9114 -0.0400
4.1351 3.8936 -0.0400
4.0421 3.9318 -0.0400
3.9418 3.8838 -0.0400
2.2582 4.0609 -0.0400
2.0614 4.0151 -0.0400
1.9563 4.0150 -0.0400
1.8523 4.0083 -0.0400
2.1450 1.7482 -0.0400
2.0938 1.7083 -0.0400
2.0191 1.7205 -0.0400
1.9793 1.6573 -0.0400
1.9289 1.6181 -0.0400
1.8523 1.6291 -0.0400
1.7631 1.6596 -0.0400
1.6858 1.6647 -0.0400
0.6460 1.2369 -0.0400
0.6314 1.1541 -0.0400
0.5682 1.1170 -0.0400
2.3110 -1.0922 -0.0400
2.3450 -1.1291 -0.0400
2.3585 -1.1574 -0.0400
2.3757 -1.1861 -0.0400
2.3759 -1.2086 -0.0400
2.3744 -1.2305 -0.0400
2.3711 -1.2517 -0.0400
2.3626 -1.2715 -0.0400
2.3526 -1.2911 -0.0400
2.3394 -1.3102 -0.0400
2.3223 -1.3289 -0.0400
2.2991 -1.3470 -0.0400
-0.3931 -2.4849 -0.0400
-0.3322 -2.5425 -0.0400
-0.3269 -2.6136 -0.0400
-0.3961 -2.7068 -0.0400
-1.2854 -4.0462 -0.0400
-1.3917 -4.2110 -0.0400
3.1448 -2.2401 -0.0400
3.1575 -2.2455 -0.0400
3.1711 -2.2491 -0.0400
3.1851 -2.2519 -0.0400
3.1974 -2.2577 -0.0400
3.2090 -2.2648 -0.0400
3.2205 -2.2725 -0.0400
3.2294 -2.2860 -0.0400
3.2396 -2.2974 -0.0400
3.2445 -2.3227 -0.0400
3.2507 -2.3467 -0.0400
3.3383 -6.0527 -0.0400
3.4162 -6.0774 -0.0400
4.4137 -5.0089 -0.0400
5.0791 -6.8394 -0.0400
5.1704 -6.8093 -0.0400
5.4615 -4.3826 -0.0400
5.5115 -4.3497 -0.0400
5.6912 -4.4929 -0.0400
5.7539 -4.4703 -0.0400
4.5494 -1.2053 -0.0400
4.5216 -1.1956 -0.0400
4.4382 -1.2088 -0.0400
4.4025 -1.2053 -0.0400
4.3810 -1.1967 -0.0400
4.3556 -1.1906 -0.0400
4.3441 -1.1786 -0.0400
4.3330 -1.1666 -0.0400
4.3240 -1.1537 -0.0400
4.3159 -1.1404 -0.0400
4.3097 -1.1260 -0.0400
4.3043 -1.1111 -0.0400
4.3051 -1.0922 -0.0400
4.3036 -1.0744 -0.0400
4.3144 -1.0480 -0.0400
4.3219 -1.0230 -0.0400
6.8717 1.5063 -0.0400
6.7664 1.5155 -0.0400
6.6827 1.5427 -0.0400
6.6345 1.6042 -0.0400
6.6280 1.7102 -0.0400
5.8549 2.2468 -0.0400
5.7631 2.2444 -0.0400
5.7061 2.3008 -0.0400
5.6619 2.3824 -0.0400
4.2317 3.9088 -0.0400
4.1334 3.8984 -0.0400
4.0384 3.9157 -0.0400
2.3506 4.1033 -0.0400
2.2540 4.0707 -0.0400
2.1631 4.0166 -0.0400
2.0637 3.9993 -0.0400
1.9512 4.0265 -0.0400
1.8536 3.9980 -0.0400
2.1502 1.7237 -0.0400
2.0860 1.7144 -0.0400
2.0210 1.7054 -0.0400
1.9778 1.6499 -0.0400
1.9156 1.6342 -0.0400
1.8251 1.6711 -0.0400
1.7591 1.6581 -0.0400
1.6926 1.6446 -0.0400
0.6563 1.3235 -0.0400
0.6598 1.2208 -0.0400
0.6324 1.1504 -0.0400
0.5678 1.1150 -0.0400
2.3588 -1.1369 -0.0400
2.3675 -1.1631 -0.0400
2.3792 -1.1896 -0.0400
2.3783 -1.2116 -0.0400
2.3760 -1.2330 -0.0400
2.3706 -1.2534 -0.0400
2.3626 -1.2732 -0.0400
2.3522 -1.2925 -0.0400
2.3391 -1.3114 -0.0400
2.3037 -1.3263 -0.0400
2.2678 -1.3423 -0.0400
-0.3402 -2.5365 -0.0400
-0.3196 -2.6034 -0.0400
-1.3380 -3.9527 -0.0400
-1.2956 -4.0377 -0.0400
3.1755 -2.2483 -0.0400
3.1885 -2.2525 -0.0400
3.2004 -2.2587 -0.0400
3.2116 -2.2667 -0.0400
3.2227 -2.2749 -0.0400
3.2313 -2.2895 -0.0400
3.2413 -2.3016 -0.0400
3.2457 -2.3290 -0.0400
3.2498 -2.3599 -0.0400
3.3194 -6.0850 -0.0400
3.3996 -6.0522 -0.0400
4.3984 -5.0137 -0.0400
4.4624 -5.0119 -0.0400
5.4358 -4.4792 -0.0400
5.4605 -4.4071 -0.0400
5.5034 -4.3636 -0.0400
5.6786 -4.5010 -0.0400
5.7575 -4.4995 -0.0400
6.7921 -5.0340 -0.0400
4.6039 -1.2066 -0.0400
4.5538 -1.2032 -0.0400
4.5238 -1.1940 -0.0400
4.4403 -1.2068 -0.0400
4.3869 -1.2103 -0.0400
4.3699 -1.1999 -0.0400
4.3551 -1.1889 -0.0400
4.3433 -1.1768 -0.0400
4.3326 -1.1645 -0.0400
4.3224 -1.1519 -0.0400
4.3164 -1.1373 -0.0400
4.3107 -1.1224 -0.0400
4.3054 -1.1071 -0.0400
4.3093 -1.0862 -0.0400
4.3092 -1.0672 -0.0400
4.3116 -1.0460 -0.0400
6.8391 1.4754 -0.0400
6.7536 1.5027 -0.0400
6.6827 1.5423 -0.0400
6.6515 1.6213 -0.0400
6.6328 1.7152 -0.0400
5.9627 2.2736 -0.0400
5.8340 2.2156 -0.0400
5.7622 2.2464 -0.0400
5.7025 2.2980 -0.0400
4.2296 3.9083 -0.0400
4.1312 3.8980 -0.0400
4.0322 3.8724 -0.0400
2.2554 4.0556 -0.0400
2.1629 4.0094 -0.0400
1.9534 4.0121 -0.0400
2.1969 1.7615 -0.0400
2.1453 1.7224 -0.0400
2.0800 1.7158 -0.0400
2.0192 1.6978 -0.0400
1.9749 1.6448 -0.0400
1.9075 1.6398 -0.0400
1.8106 1.6889 -0.0400
1.7534 1.6593 -0.0400
0.6747 1.2029 -0.0400
0.6251 1.1541 -0.0400
2.3441 -1.1113 -0.0400
2.3730 -1.1454 -0.0400
2.3768 -1.1695 -0.0400
2.3776 -1.1921 -0.0400
2.3810 -1.2152 -0.0400
2.3775 -1.2360 -0.0400
2.3699 -1.2556 -0.0400
2.3613 -1.2751 -0.0400
2.3499 -1.2940 -0.0400
2.3235 -1.3099 -0.0400
2.3002 -1.3272 -0.0400
2.2608 -1.3424 -0.0400
-0.3765 -2.4660 -0.0400
-0.3337 -2.5275 -0.0400
-0.3456 -2.6028 -0.0400
-1.3471 -3.9443 -0.0400
-1.3009 -4.0272 -0.0400
3.2034 -2.2602 -0.0400
3.2139 -2.2695 -0.0400
3.2246 -2.2785 -0.0400
3.2329 -2.2943 -0.0400
3.2426 -2.3073 -0.0400
3.2454 -2.3402 -0.0400
3.3037 -6.0501 -0.0400
3.3816 -6.0721 -0.0400
5.1356 -6.8246 -0.0400
5.4296 -4.4973 -0.0400
5.4488 -4.4166 -0.0400
5.4933 -4.3752 -0.0400
5.6675 -4.5114 -0.0400
5.7271 -4.4845 -0.0400
6.7379 -5.1225 -0.0400
6.7828 -5.0477 -0.0400
4.5685 -1.2186 -0.0400
4.5345 -1.2100 -0.0400
4.4554 -1.2192 -0.0400
4.4126 -1.2171 -0.0400
4.3891 -1.2085 -0.0400
4.3711 -1.1983 -0.0400
4.3558 -1.1873 -0.0400
4.3398 -1.1770 -0.0400
4.3307 -1.1636 -0.0400
4.3229 -1.1497 -0.0400
4.3168 -1.1349 -0.0400
4.3115 -1.1196 -0.0400
4.3131 -1.1000 -0.0400
4.3128 -1.0812 -0.0400
4.3146 -1.0607 -0.0400
4.3201 -1.0372 -0.0400
6.8362 1.4712 -0.0400
6.7518 1.4998 -0.0400
6.6852 1.5438 -0.0400
6.6683 1.6375 -0.0400
5.8283 2.2087 -0.0400
5.7636 2.2515 -0.0400
5.7283 2.3469 -0.0400
4.2243 3.8820 -0.0400
4.1295 3.9000 -0.0400
4.0300 3.8712 -0.0400
2.3525 4.0744 -0.0400
2.1613 4.0069 -0.0400
1.9529 4.0065 -0.0400
2.1910 1.7626 -0.0400
2.1406 1.7204 -0.0400
2.0718 1.7220 -0.0400
2.0260 1.6710 -0.0400
1.9695 1.6445 -0.0400
1.8999 1.6441 -0.0400
1.8067 1.6863 -0.0400
1.7203 1.7102 -0.0400
0.6822 1.2901 -0.0400
0.6769 1.1969 -0.0400
0.6106 1.1641 -0.0400
-0.8173 2.3676 -0.0400
2.3330 -1.0870 -0.0400
2.3533 -1.1188 -0.0400
2.3757 -1.1503 -0.0400
2.3848 -1.1760 -0.0400
2.3833 -1.1975 -0.0400
2.3833 -1.2193 -0.0400
2.3775 -1.2392 -0.0400
2.3707 -1.2588 -0.0400
2.3580 -1.2770 -0.0400
2.3458 -1.2956 -0.0400
2.3167 -1.3108 -0.0400
2.2902 -1.3274 -0.0400
2.2309 -1.3389 -0.0400
-0.3371 -2.5216 -0.0400
-0.4068 -2.6120 -0.0400
-1.3643 -3.9405 -0.0400
-1.3026 -4.0156 -0.0400
3.2263 -2.2834 -0.0400
3.2339 -2.3012 -0.0400
3.2432 -2.3158 -0.0400
3.2858 -6.0640 -0.0400
3.3650 -6.0517 -0.0400
5.4256 -4.4096 -0.0400
5.4802 -4.3829 -0.0400
5.6558 -4.5216 -0.0400
5.7161 -4.4953 -0.0400
6.7729 -5.0613 -0.0400
6.8636 -5.0346 -0.0400
4.5824 -1.2149 -0.0400
4.5441 -1.2072 -0.0400
4.5191 -1.1959 -0.0400
4.4001 -1.2220 -0.0400
4.3805 -1.2119 -0.0400
4.3642 -1.2008 -0.0400
4.3519 -1.1884 -0.0400
4.3407 -1.1757 -0.0400
4.3315 -1.1622 -0.0400
4.3234 -1.1481 -0.0400
4.3199 -1.1317 -0.0400
4.3157 -1.1154 -0.0400
4.3145 -1.0973 -0.0400
4.3149 -1.0777 -0.0400
4.3179 -1.0562 -0.0400
6.8111 1.4460 -0.0400
6.7420 1.4886 -0.0400
6.6867 1.5436 -0.0400
6.6744 1.6421 -0.0400
5.9151 2.2018 -0.0400
5.8271 2.2084 -0.0400
5.7636 2.2536 -0.0400
5.7255 2.3440 -0.0400
4.3231 3.9035 -0.0400
4.2214 3.8736 -0.0400
4.1293 3.9136 -0.0400
4.0280 3.8697 -0.0400
2.2574 4.0279 -0.0400
2.1501 4.0447 -0.0400
2.0470 4.0393 -0.0400
2.2419 1.7907 -0.0400
2.1934 1.7423 -0.0400
2.1300 1.7325 -0.0400
2.0646 1.7257 -0.0400
2.0208 1.6699 -0.0400
1.9651 1.6418 -0.0400
1.8594 1.7138 -0.0400
1.8002 1.6882 -0.0400
1.7097 1.7198 -0.0400
0.7156 1.2519 -0.0400
0.6754 1.1940 -0.0400
0.5980 1.1719 -0.0400
2.3590 -1.1024 -0.0400
2.3672 -1.1288 -0.0400
2.3821 -1.1571 -0.0400
2.3874 -1.1811 -0.0400
2.3849 -1.2021 -0.0400
2.3834 -1.2232 -0.0400
2.3760 -1.2425 -0.0400
2.3680 -1.2616 -0.0400
2.3518 -1.2787 -0.0400
2.3381 -1.2969 -0.0400
2.3211 -1.3146 -0.0400
2.2678 -1.3256 -0.0400
-0.3675 -2.4513 -0.0400
-0.3356 -2.5150 -0.0400
-0.3627 -2.5938 -0.0400
-1.3464 -3.9202 -0.0400
-1.4344 -4.0704 -0.0400
-0.8307 -5.0657 -0.0400
-0.7501 -5.1254 -0.0400
-0.7018 -5.2119 -0.0400
3.2419 -2.3307 -0.0400
3.2698 -6.0433 -0.0400
3.3461 -6.1056 -0.0400
5.3825 -4.4815 -0.0400
5.4154 -4.4219 -0.0400
5.4650 -4.3879 -0.0400
5.6436 -4.5313 -0.0400
5.7363 -4.5479 -0.0400
6.7370 -5.1716 -0.0400
6.7626 -5.0748 -0.0400
4.6443 -1.2182 -0.0400
4.5636 -1.2225 -0.0400
4.5328 -1.2124 -0.0400
4.4422 -1.2253 -0.0400
4.4071 -1.2199 -0.0400
4.3849 -1.2104 -0.0400
4.3681 -1.1993 -0.0400
4.3491 -1.1896 -0.0400
4.3399 -1.1758 -0.0400
4.3314 -1.1618 -0.0400
4.3254 -1.1464 -0.0400
4.3203 -1.1306 -0.0400
4.3160 -1.1142 -0.0400
4.3148 -1.0957 -0.0400
4.3281 -1.0682 -0.0400
4.3391 -1.0411 -0.0400
6.8295 1.4600 -0.0400
6.7418 1.4858 -0.0400
6.6953 1.5496 -0.0400
5.9067 2.1893 -0.0400
5.8263 2.2079 -0.0400
5.7729 2.2703 -0.0400
4.3201 3.8924 -0.0400
4.2199 3.8733 -0.0400
4.1228 3.8714 -0.0400
2.3469 4.0818 -0.0400
2.2516 4.0450 -0.0400
2.1553 4.0143 -0.0400
2.0427 4.0481 -0.0400
2.2313 1.8040 -0.0400
2.1881 1.7414 -0.0400
2.1137 1.7579 -0.0400
2.0718 1.6960 -0.0400
2.0173 1.6650 -0.0400
1.9506 1.6602 -0.0400
1.8544 1.7126 -0.0400
1.7963 1.6848 -0.0400
1.7104 1.7084 -0.0400
0.7035 1.3602 -0.0400
0.7217 1.2407 -0.0400
0.6687 1.1959 -0.0400
0.5963 1.1690 -0.0400
2.3228 -1.0686 -0.0400
2.3668 -1.1109 -0.0400
2.3820 -1.1397 -0.0400
2.3889 -1.1646 -0.0400
2.3907 -1.1871 -0.0400
2.3869 -1.2074 -0.0400
2.3831 -1.2276 -0.0400
2.3747 -1.2463 -0.0400
2.3663 -1.2652 -0.0400
2.3498 -1.2820 -0.0400
2.3246 -1.2973 -0.0400
2.3027 -1.3140 -0.0400
-0.3510 -2.4422 -0.0400
-0.3491 -2.5127 -0.0400
-0.4271 -2.6048 -0.0400
-1.3554 -3.9136 -0.0400
-1.3267 -4.0047 -0.0400
-0.8351 -5.0533 -0.0400
-0.7604 -5.1176 -0.0400
-0.7365 -5.2249 -0.0400
3.2530 -6.0420 -0.0400
3.3303 -6.0725 -0.0400
5.3907 -4.5229 -0.0400
5.4091 -4.4403 -0.0400
5.4661 -4.4165 -0.0400
5.6347 -4.5458 -0.0400
5.7099 -4.5392 -0.0400
6.7250 -5.1840 -0.0400
6.7510 -5.0874 -0.0400
4.5797 -1.2193 -0.0400
4.5257 -1.2167 -0.0400
4.4231 -1.2337 -0.0400
4.3982 -1.2246 -0.0400
4.3798 -1.2136 -0.0400
4.3645 -1.2017 -0.0400
4.3519 -1.1889 -0.0400
4.3418 -1.1753 -0.0400
4.3328 -1.1612 -0.0400
4.3283 -1.1449 -0.0400
4.3237 -1.1285 -0.0400
4.3227 -1.1099 -0.0400
4.3236 -1.0900 -0.0400
4.3275 -1.0678 -0.0400
4.3381 -1.0407 -0.0400
6.9562 1.4623 -0.0400
6.8222 1.4498 -0.0400
6.7456 1.4861 -0.0400
6.7064 1.5573 -0.0400
6.6943 1.6567 -0.0400
6.0199 2.2172 -0.0400
5.8963 2.1728 -0.0400
5.8270 2.2090 -0.0400
5.7776 2.2785 -0.0400
4.4145 3.8766 -0.0400
4.3186 3.8901 -0.0400
4.2218 3.8969 -0.0400
4.1198 3.8574 -0.0400
2.4457 4.0922 -0.0400
2.3415 4.0986 -0.0400
2.2532 4.0282 -0.0400
2.0443 4.0341 -0.0400
2.2399 1.7657 -0.0400
2.1820 1.7423 -0.0400
2.1020 1.7727 -0.0400
2.0650 1.6984 -0.0400
2.0132 1.6613 -0.0400
1.9060 1.7419 -0.0400
1.8498 1.7103 -0.0400
1.7724 1.7201 -0.0400
0.7416 1.3146 -0.0400
0.7161 1.2411 -0.0400
0.6533 1.2058 -0.0400
-0.7495 2.4426 -0.0400
2.3635 -1.0921 -0.0400
2.3799 -1.1220 -0.0400
2.3888 -1.1480 -0.0400
2.3916 -1.1710 -0.0400
2.3915 -1.1926 -0.0400
2.3887 -1.2130 -0.0400
2.3817 -1.2320 -0.0400
2.3717 -1.2501 -0.0400
2.3620 -1.2685 -0.0400
2.3443 -1.2850 -0.0400
2.3166 -1.2995 -0.0400
2.2939 -1.3160 -0.0400
-0.3568 -2.4387 -0.0400
-0.3386 -2.5052 -0.0400
-0.3961 -2.5913 -0.0400
-1.4217 -3.8304 -0.0400
-1.3573 -3.9043 -0.0400
-0.8450 -5.0460 -0.0400
-0.7693 -5.1093 -0.0400
3.2365 -6.0398 -0.0400
3.3137 -6.0675 -0.0400
4.3358 -5.0280 -0.0400
4.9856 -6.8569 -0.0400
5.3091 -4.5280 -0.0400
5.3438 -4.4698 -0.0400
5.3972 -4.4413 -0.0400
5.5720 -4.5866 -0.0400
5.6374 -4.5677 -0.0400
6.6900 -5.1623 -0.0400
4.6214 -1.2513 -0.0400
4.5730 -1.2443 -0.0400
4.5438 -1.2327 -0.0400
4.4488 -1.2448 -0.0400
4.4167 -1.2374 -0.0400
4.3847 -1.2310 -0.0400
4.3721 -1.2177 -0.0400
4.3609 -1.2041 -0.0400
4.3519 -1.1897 -0.0400
4.3446 -1.1746 -0.0400
4.3392 -1.1586 -0.0400
4.3348 -1.1419 -0.0400
4.3329 -1.1238 -0.0400
4.3458 -1.0972 -0.0400
4.3550 -1.0717 -0.0400
7.0032 1.3931 -0.0400
6.8567 1.3723 -0.0400
6.8047 1.4312 -0.0400
6.7718 1.5081 -0.0400
6.7869 1.6329 -0.0400
6.0647 2.1406 -0.0400
5.9614 2.1289 -0.0400
5.8971 2.1733 -0.0400
5.8716 2.2806 -0.0400
4.5093 3.8590 -0.0400
4.4075 3.8392 -0.0400
4.3159 3.8768 -0.0400
4.2182 3.8756 -0.0400
2.5444 4.1068 -0.0400
2.3508 4.0463 -0.0400
2.2415 4.0759 -0.0400
2.2966 1.7820 -0.0400
2.2256 1.7941 -0.0400
2.1750 1.7505 -0.0400
2.1241 1.7095 -0.0400
2.0611 1.6984 -0.0400
1.9760 1.7348 -0.0400
1.9055 1.7349 -0.0400
1.8346 1.7333 -0.0400
0.8026 1.3473 -0.0400
0.7637 1.2875 -0.0400
0.6840 1.2700 -0.0400
2.3447 -1.0402 -0.0400
2.3843 -1.0825 -0.0400
2.3970 -1.1109 -0.0400
2.4067 -1.1373 -0.0400
2.4059 -1.1588 -0.0400
2.4031 -1.1792 -0.0400
2.3974 -1.1985 -0.0400
2.3891 -1.2168 -0.0400
2.3784 -1.2345 -0.0400
2.3627 -1.2509 -0.0400
2.3414 -1.2661 -0.0400
2.3084 -1.2788 -0.0400
2.2766 -1.2929 -0.0400
-0.3898 -2.3022 -0.0400
-0.3602 -2.3664 -0.0400
-0.3792 -2.4409 -0.0400
-1.3942 -3.8115 -0.0400
-0.9161 -4.9688 -0.0400
-0.8723 -5.0581 -0.0400
3.1479 -6.0307 -0.0400
3.2237 -6.0735 -0.0400
4.2652 -5.0457 -0.0400
4.3284 -5.0426 -0.0400
4.8883 -6.9139 -0.0400
5.3855 -4.4616 -0.0400
5.4416 -4.4364 -0.0400
5.6106 -4.5671 -0.0400
5.6937 -4.5709 -0.0400
6.6708 -5.1758 -0.0400
6.7300 -5.1157 -0.0400
4.5498 -1.2349 -0.0400
4.4689 -1.2416 -0.0400
4.4247 -1.2379 -0.0400
4.4000 -1.2282 -0.0400
4.3820 -1.2166 -0.0400
4.3670 -1.2041 -0.0400
4.3542 -1.1910 -0.0400
4.3428 -1.1775 -0.0400
4.3368 -1.1615 -0.0400
4.3320 -1.1449 -0.0400
4.3285 -1.1274 -0.0400
4.3283 -1.1080 -0.0400
4.3308 -1.0865 -0.0400
4.3381 -1.0617 -0.0400
4.3598 -1.0271 -0.0400
6.8811 1.3869 -0.0400
6.8064 1.4263 -0.0400
6.7531 1.4843 -0.0400
6.7203 1.5621 -0.0400
6.0025 2.1873 -0.0400
5.8961 2.1693 -0.0400
5.8324 2.2152 -0.0400
4.4133 3.8767 -0.0400
4.3112 3.8518 -0.0400
4.2158 3.8650 -0.0400
4.1228 3.8981 -0.0400
2.4433 4.0866 -0.0400
2.3491 4.0424 -0.0400
2.1399 4.0549 -0.0400
2.2847 1.7946 -0.0400
2.2317 1.7572 -0.0400
2.1653 1.7559 -0.0400
2.1072 1.7320 -0.0400
2.0566 1.6909 -0.0400
1.9812 1.7063 -0.0400
1.8993 1.7317 -0.0400
1.8333 1.7204 -0.0400
0.7637 1.2793 -0.0400
0.7053 1.2404 -0.0400
0.6089 1.2386 -0.0400
2.3797 -1.0897 -0.0400
2.3842 -1.1144 -0.0400
2.3942 -1.1409 -0.0400
2.3970 -1.1639 -0.0400
2.3962 -1.1850 -0.0400
2.3930 -1.2051 -0.0400
2.3855 -1.2235 -0.0400
2.3761 -1.2414 -0.0400
2.3633 -1.2585 -0.0400
2.3472 -1.2749 -0.0400
2.3244 -1.2899 -0.0400
2.2885 -1.3024 -0.0400
-0.3882 -2.3674 -0.0400
-0.3480 -2.4290 -0.0400
-0.3524 -2.5003 -0.0400
-1.4136 -3.8086 -0.0400
-1.3664 -3.8900 -0.0400
-0.9889 -5.0067 -0.0400
-0.8456 -5.0183 -0.0400
-0.8011 -5.1065 -0.0400
3.2040 -6.0393 -0.0400
3.2793 -6.1082 -0.0400
4.3046 -5.0343 -0.0400
4.9486 -6.8648 -0.0400
5.0562 -6.8896 -0.0400
5.3695 -4.4567 -0.0400
5.5460 -4.6056 -0.0400
5.6110 -4.5862 -0.0400
6.6161 -5.2594 -0.0400
6.6570 -5.1780 -0.0400
7.1940 -3.6803 -0.0400
7.1538 -3.5738 -0.0400
7.1796 -3.5045 -0.0400
4.6133 -1.2611 -0.0400
4.5731 -1.2513 -0.0400
4.5460 -1.2386 -0.0400
4.4495 -1.2505 -0.0400
4.4044 -1.2474 -0.0400
4.3877 -1.2349 -0.0400
4.3753 -1.2211 -0.0400
4.3642 -1.2070 -0.0400
4.3553 -1.1921 -0.0400
4.3482 -1.1764 -0.0400
4.3429 -1.1599 -0.0400
4.3457 -1.1392 -0.0400
4.3476 -1.1184 -0.0400
4.3529 -1.0953 -0.0400
4.3675 -1.0662 -0.0400
6.9469 1.3346 -0.0400
6.8663 1.3702 -0.0400
6.8299 1.4437 -0.0400
6.8516 1.5725 -0.0400
6.0462 2.1085 -0.0400
5.9658 2.1307 -0.0400
5.9142 2.1954 -0.0400
4.6047 3.8434 -0.0400
4.5027 3.8277 -0.0400
4.4057 3.8334 -0.0400
4.3075 3.8292 -0.0400
2.4470 4.0597 -0.0400
2.2378 4.0771 -0.0400
2.3463 1.7968 -0.0400
2.2817 1.7928 -0.0400
2.2184 1.7833 -0.0400
2.1706 1.7324 -0.0400
2.1125 1.7098 -0.0400
2.0413 1.7178 -0.0400
1.9541 1.7580 -0.0400
0.8520 1.3831 -0.0400
0.8129 1.3232 -0.0400
0.7524 1.2870 -0.0400
-0.5982 2.5751 -0.0400
2.3872 -1.0518 -0.0400
2.3953 -1.0790 -0.0400
2.4091 -1.1081 -0.0400
2.4128 -1.1318 -0.0400
2.4122 -1.1532 -0.0400
2.4072 -1.1725 -0.0400
2.4014 -1.1915 -0.0400
2.3928 -1.2094 -0.0400
2.3820 -1.2266 -0.0400
2.3674 -1.2428 -0.0400
2.3421 -1.2561 -0.0400
2.3138 -1.2694 -0.0400
2.2520 -1.2747 -0.0400
-0.3975 -2.2973 -0.0400
-0.3722 -2.3622 -0.0400
-0.4391 -2.4469 -0.0400
-1.4342 -3.7100 -0.0400
-1.5348 -3.8582 -0.0400
-0.9124 -4.9395 -0.0400
2.9859 -2.2053 -0.0400
3.0070 -2.1995 -0.0400
3.0242 -2.1983 -0.0400
3.1162 -6.0259 -0.0400
3.1916 -6.0693 -0.0400
4.2337 -5.0498 -0.0400
4.2984 -5.0531 -0.0400
4.8460 -6.9011 -0.0400
6.6427 -5.1975 -0.0400
6.7128 -5.1492 -0.0400
7.1660 -3.5205 -0.0400
7.2018 -3.4565 -0.0400
7.3465 -3.4438 -0.0400
4.7458 -1.2052 -0.0400
4.5513 -1.2427 -0.0400
4.4665 -1.2501 -0.0400
4.4265 -1.2444 -0.0400
4.4025 -1.2340 -0.0400
4.3852 -1.2216 -0.0400
4.3706 -1.2086 -0.0400
4.3553 -1.1961 -0.0400
4.3467 -1.1809 -0.0400
4.3408 -1.1644 -0.0400
4.3361 -1.1473 -0.0400
4.3331 -1.1291 -0.0400
4.3334 -1.1089 -0.0400
4.3367 -1.0866 -0.0400
6.9695 1.3446 -0.0400
6.8739 1.3681 -0.0400
6.8118 1.4191 -0.0400
6.7721 1.4901 -0.0400
6.7689 1.5972 -0.0400
6.0732 2.1415 -0.0400
5.9734 2.1366 -0.0400
5.9000 2.1686 -0.0400
5.8690 2.2672 -0.0400
4.5079 3.8521 -0.0400
4.4059 3.8331 -0.0400
4.3104 3.8477 -0.0400
4.2135 3.8516 -0.0400
2.5392 4.1084 -0.0400
2.4410 4.0833 -0.0400
2.3469 4.0383 -0.0400
2.3327 1.8166 -0.0400
2.2810 1.7739 -0.0400
2.2174 1.7662 -0.0400
2.1514 1.7631 -0.0400
2.1073 1.7041 -0.0400
2.0392 1.7049 -0.0400
1.9475 1.7562 -0.0400
1.8882 1.7312 -0.0400
1.7998 1.7655 -0.0400
0.7927 1.3364 -0.0400
0.7572 1.2731 -0.0400
-0.6006 2.5744 -0.0400
2.3885 -1.0863 -0.0400
2.3941 -1.1116 -0.0400
2.4035 -1.1378 -0.0400
2.4055 -1.1603 -0.0400
2.4012 -1.1798 -0.0400
2.3967 -1.1992 -0.0400
2.3885 -1.2171 -0.0400
2.3773 -1.2341 -0.0400
2.3667 -1.2514 -0.0400
2.3495 -1.2669 -0.0400
2.3260 -1.2811 -0.0400
2.2913 -1.2930 -0.0400
-1.2339 -0.4492 -0.0400
-0.3590 -2.3564 -0.0400
-0.3617 -2.4265 -0.0400
-0.4248 -2.5114 -0.0400
-1.4053 -3.7893 -0.0400
-1.3789 -3.8799 -0.0400
-0.9470 -4.9499 -0.0400
-0.8574 -5.0023 -0.0400
-0.8580 -5.1269 -0.0400
2.9517 -2.2384 -0.0400
2.9863 -2.2156 -0.0400
3.0089 -2.2072 -0.0400
3.0261 -2.2053 -0.0400
3.0464 -2.1982 -0.0400
3.0603 -2.1998 -0.0400
3.0737 -2.2019 -0.0400
4.2754 -5.0462 -0.0400
4.8282 -6.9310 -0.0400
4.9115 -6.8704 -0.0400
6.5896 -5.2834 -0.0400
6.6317 -5.2031 -0.0400
7.1398 -3.6016 -0.0400
7.1805 -3.5398 -0.0400
7.2846 -3.5091 -0.0400
4.6031 -1.2738 -0.0400
4.5685 -1.2621 -0.0400
4.5464 -1.2475 -0.0400
4.4472 -1.2597 -0.0400
4.4073 -1.2542 -0.0400
4.3914 -1.2410 -0.0400
4.3790 -1.2268 -0.0400
4.3683 -1.2120 -0.0400
4.3594 -1.1967 -0.0400
4.3526 -1.1805 -0.0400
4.3508 -1.1618 -0.0400
4.3505 -1.1421 -0.0400
4.3527 -1.1208 -0.0400
4.3589 -1.0967 -0.0400
4.3755 -1.0661 -0.0400
7.0793 1.3247 -0.0400
6.9413 1.3161 -0.0400
6.8765 1.3655 -0.0400
6.8604 1.4578 -0.0400
6.1322 2.0830 -0.0400
6.0394 2.0900 -0.0400
5.9702 2.1288 -0.0400
4.6044 3.8360 -0.0400
4.5013 3.8158 -0.0400
4.4067 3.8356 -0.0400
4.3153 3.8760 -0.0400
2.6397 4.1154 -0.0400
2.5439 4.0746 -0.0400
2.4435 4.0647 -0.0400
2.3356 4.0924 -0.0400
2.3906 1.8313 -0.0400
2.3369 1.7931 -0.0400
2.2667 1.8051 -0.0400
2.2191 1.7516 -0.0400
2.1623 1.7253 -0.0400
2.0958 1.7235 -0.0400
2.0027 1.7822 -0.0400
1.9256 1.7972 -0.0400
0.8896 1.4314 -0.0400
0.8568 1.3635 -0.0400
0.8002 1.3236 -0.0400
0.7060 1.3233 -0.0400
2.3717 -1.0126 -0.0400
2.3968 -1.0500 -0.0400
2.4054 -1.0775 -0.0400
2.4183 -1.1063 -0.0400
2.4163 -1.1273 -0.0400
2.4167 -1.1490 -0.0400
2.4114 -1.1680 -0.0400
2.4041 -1.1862 -0.0400
2.3935 -1.2030 -0.0400
2.3828 -1.2199 -0.0400
2.3654 -1.2348 -0.0400
2.3408 -1.2477 -0.0400
2.3033 -1.2575 -0.0400
2.2632 -1.2677 -0.0400
-0.3679 -2.2879 -0.0400
-0.3821 -2.3598 -0.0400
-0.4522 -2.4447 -0.0400
-1.4863 -3.6169 -0.0400
-1.4400 -3.6984 -0.0400
-0.9292 -4.9288 -0.0400
2.9708 -2.2086 -0.0400
2.9951 -2.1984 -0.0400
3.0198 -2.1864 -0.0400
3.0345 -2.1873 -0.0400
3.0484 -2.1889 -0.0400
3.0620 -2.1905 -0.0400
3.0753 -2.1923 -0.0400
3.0869 -2.1964 -0.0400
3.0985 -2.2005 -0.0400
4.2036 -5.0566 -0.0400
4.7264 -6.9724 -0.0400
4.8061 -6.8944 -0.0400
4.9168 -6.9358 -0.0400
7.1802 -3.6479 -0.0400
7.1602 -3.5532 -0.0400
7.1894 -3.4855 -0.0400
4.6033 -1.2593 -0.0400
4.5678 -1.2480 -0.0400
4.5431 -1.2342 -0.0400
4.4254 -1.2544 -0.0400
4.4044 -1.2425 -0.0400
4.3877 -1.2295 -0.0400
4.3742 -1.2155 -0.0400
4.3598 -1.2022 -0.0400
4.3517 -1.1863 -0.0400
4.3458 -1.1694 -0.0400
4.3412 -1.1518 -0.0400
4.3385 -1.1330 -0.0400
4.3389 -1.1123 -0.0400
4.3611 -1.0787 -0.0400
6.9631 1.3234 -0.0400
6.8784 1.3566 -0.0400
6.8225 1.4134 -0.0400
6.7916 1.4931 -0.0400
6.0700 2.1253 -0.0400
5.9763 2.1299 -0.0400
5.9228 2.1928 -0.0400
4.6164 3.8833 -0.0400
4.5121 3.8628 -0.0400
4.4075 3.8330 -0.0400
4.3082 3.8251 -0.0400
2.6388 4.1152 -0.0400
2.5363 4.1159 -0.0400
2.4446 4.0514 -0.0400
2.2351 4.0706 -0.0400
2.3277 1.8011 -0.0400
2.2654 1.7893 -0.0400
2.2044 1.7732 -0.0400
2.1554 1.7250 -0.0400
2.0984 1.6991 -0.0400
1.9972 1.7785 -0.0400
1.9387 1.7517 -0.0400
1.8629 1.7620 -0.0400
0.8215 1.3945 -0.0400
0.7984 1.3161 -0.0400
0.7160 1.3035 -0.0400
2.3591 -1.0418 -0.0400
2.4026 -1.0878 -0.0400
2.4068 -1.1122 -0.0400
2.4131 -1.1371 -0.0400
2.4097 -1.1571 -0.0400
2.4053 -1.1764 -0.0400
2.3994 -1.1949 -0.0400
2.3911 -1.2126 -0.0400
2.3783 -1.2286 -0.0400
2.3666 -1.2452 -0.0400
2.3447 -1.2588 -0.0400
2.3119 -1.2696 -0.0400
2.2820 -1.2823 -0.0400
-1.1899 -0.3757 -0.0400
-0.3898 -2.2904 -0.0400
-0.3563 -2.3530 -0.0400
-0.4053 -2.4325 -0.0400
-1.4664 -3.7017 -0.0400
-1.4031 -3.7754 -0.0400
-1.5090 -3.9275 -0.0400
-0.9400 -4.9229 -0.0400
-0.8677 -4.9881 -0.0400
2.9688 -2.2243 -0.0400
3.0044 -2.1977 -0.0400
3.0213 -2.1957 -0.0400
3.0369 -2.1949 -0.0400
3.0507 -2.1960 -0.0400
3.0665 -2.1938 -0.0400
3.0781 -2.1977 -0.0400
3.0897 -2.2015 -0.0400
3.1013 -2.2053 -0.0400
3.1118 -2.2108 -0.0400
3.1220 -2.2169 -0.0400
3.1323 -2.2229 -0.0400
4.2444 -5.0480 -0.0400
4.7929 -6.9403 -0.0400
4.8746 -6.8744 -0.0400
5.2906 -4.5437 -0.0400
5.3243 -4.4845 -0.0400
7.1547 -3.7319 -0.0400
7.1232 -3.6293 -0.0400
7.1541 -3.5623 -0.0400
4.6157 -1.2824 -0.0400
4.5813 -1.2700 -0.0400
4.4740 -1.2818 -0.0400
4.4406 -1.2726 -0.0400
4.4184 -1.2606 -0.0400
4.4021 -1.2469 -0.0400
4.3824 -1.2350 -0.0400
4.3728 -1.2194 -0.0400
4.3642 -1.2035 -0.0400
4.3579 -1.1866 -0.0400
4.3566 -1.1673 -0.0400
4.3566 -1.1470 -0.0400
4.3590 -1.1251 -0.0400
4.3662 -1.1001 -0.0400
4.3860 -1.0673 -0.0400
6.9961 1.2408 -0.0400
6.9312 1.2910 -0.0400
6.8911 1.3616 -0.0400
6.8883 1.4662 -0.0400
6.1125 2.0431 -0.0400
6.0425 2.0818 -0.0400
5.9927 2.1495 -0.0400
4.7044 3.8219 -0.0400
4.6103 3.8492 -0.0400
4.5057 3.8251 -0.0400
4.4051 3.8141 -0.0400
2.7392 4.1255 -0.0400
2.6411 4.0962 -0.0400
2.5438 4.0654 -0.0400
2.4334 4.1132 -0.0400
2.3339 4.0923 -0.0400
2.4385 1.8594 -0.0400
2.3868 1.8120 -0.0400
2.3166 1.8257 -0.0400
2.2642 1.7833 -0.0400
2.2117 1.7436 -0.0400
2.1418 1.7516 -0.0400
2.0543 1.8007 -0.0400
1.9943 1.7773 -0.0400
1.9176 1.7914 -0.0400
0.9073 1.5049 -0.0400
0.8970 1.4078 -0.0400
0.8496 1.3572 -0.0400
0.7767 1.3355 -0.0400
-0.5385 2.6496 -0.0400
2.4193 -1.0573 -0.0400
2.4238 -1.0824 -0.0400
2.4235 -1.1045 -0.0400
2.4215 -1.1254 -0.0400
2.4214 -1.1469 -0.0400
2.4144 -1.1649 -0.0400
2.4051 -1.1820 -0.0400
2.3948 -1.1987 -0.0400
2.3827 -1.2148 -0.0400
2.3609 -1.2276 -0.0400
2.3431 -1.2424 -0.0400
2.2978 -1.2486 -0.0400
-1.1337 -0.2192 -0.0400
-0.3766 -2.2193 -0.0400
-0.3671 -2.2860 -0.0400
-0.4609 -2.3729 -0.0400
-1.4996 -3.6112 -0.0400
-1.4881 -3.7073 -0.0400
-1.1206 -4.8093 -0.0400
-0.9808 -4.8276 -0.0400
-0.9513 -4.9249 -0.0400
2.9676 -2.2001 -0.0400
2.9915 -2.1899 -0.0400
3.0087 -2.1876 -0.0400
3.0251 -2.1856 -0.0400
3.0427 -2.1812 -0.0400
3.0556 -2.1832 -0.0400
3.0671 -2.1872 -0.0400
3.0785 -2.1911 -0.0400
3.0906 -2.1936 -0.0400
3.1005 -2.1998 -0.0400
3.1104 -2.2060 -0.0400
3.1204 -2.2121 -0.0400
3.1324 -2.2144 -0.0400
3.1434 -2.2184 -0.0400
3.1541 -2.2228 -0.0400
4.1740 -5.0617 -0.0400
4.6813 -6.9386 -0.0400
4.7696 -6.8975 -0.0400
5.2750 -4.5390 -0.0400
5.3265 -4.5069 -0.0400
5.4963 -4.6479 -0.0400
5.5815 -4.6568 -0.0400
7.1526 -3.5861 -0.0400
7.2090 -3.5317 -0.0400
4.4696 -1.2713 -0.0400
4.4362 -1.2624 -0.0400
4.4142 -1.2503 -0.0400
4.3893 -1.2400 -0.0400
4.3771 -1.2251 -0.0400
4.3667 -1.2097 -0.0400
4.3575 -1.1939 -0.0400
4.3523 -1.1762 -0.0400
4.3476 -1.1582 -0.0400
4.3458 -1.1385 -0.0400
4.3466 -1.1171 -0.0400
4.3718 -1.0815 -0.0400
6.9655 1.3065 -0.0400
6.8868 1.3453 -0.0400
6.8346 1.4060 -0.0400
6.0563 2.0906 -0.0400
5.9804 2.1211 -0.0400
5.9255 2.1822 -0.0400
4.6116 3.8412 -0.0400
4.5104 3.8351 -0.0400
4.4131 3.8444 -0.0400
4.3161 3.8547 -0.0400
2.6391 4.1097 -0.0400
2.5436 4.0645 -0.0400
2.4443 4.0474 -0.0400
2.3344 4.0868 -0.0400
2.4270 1.8798 -0.0400
2.3802 1.8142 -0.0400
2.3230 1.7866 -0.0400
2.2525 1.7997 -0.0400
2.2041 1.7471 -0.0400
2.1446 1.7272 -0.0400
2.0713 1.7418 -0.0400
1.9907 1.7701 -0.0400
1.9282 1.7522 -0.0400
0.8456 1.3521 -0.0400
0.7802 1.3221 -0.0400
-0.5328 2.6396 -0.0400
2.4079 -1.0638 -0.0400
2.4145 -1.0902 -0.0400
2.4161 -1.1132 -0.0400
2.4148 -1.1344 -0.0400
2.4157 -1.1563 -0.0400
2.4090 -1.1744 -0.0400
2.4011 -1.1920 -0.0400
2.3923 -1.2091 -0.0400
2.3766 -1.2237 -0.0400
2.3627 -1.2393 -0.0400
2.3330 -1.2497 -0.0400
2.3077 -1.2624 -0.0400
2.2667 -1.2711 -0.0400
-1.1563 -0.3022 -0.0400
-0.3647 -2.2855 -0.0400
-0.3574 -2.3524 -0.0400
-0.4420 -2.4390 -0.0400
-1.4374 -3.6793 -0.0400
-1.4550 -3.7880 -0.0400
-0.9374 -4.9023 -0.0400
-0.8774 -4.9763 -0.0400
2.9660 -2.2169 -0.0400
3.0004 -2.1916 -0.0400
3.0169 -2.1894 -0.0400
3.0320 -2.1886 -0.0400
3.0455 -2.1896 -0.0400
3.0588 -2.1906 -0.0400
3.0706 -2.1936 -0.0400
3.0832 -2.1950 -0.0400
3.0943 -2.1987 -0.0400
3.1044 -2.2043 -0.0400
3.1142 -2.2103 -0.0400
3.1242 -2.2160 -0.0400
3.1355 -2.2189 -0.0400
3.1464 -2.2227 -0.0400
3.1572 -2.2266 -0.0400
3.1669 -2.2331 -0.0400
3.1769 -2.2392 -0.0400
3.1867 -2.2459 -0.0400
4.2147 -5.0507 -0.0400
4.2805 -5.0597 -0.0400
4.8415 -6.8885 -0.0400
5.2661 -4.5641 -0.0400
5.2989 -4.5032 -0.0400
5.3481 -4.4684 -0.0400
5.5273 -4.6177 -0.0400
5.5920 -4.5974 -0.0400
7.0909 -3.7339 -0.0400
7.1036 -3.6562 -0.0400
7.1575 -3.6012 -0.0400
7.2842 -3.5820 -0.0400
4.4015 -1.2594 -0.0400
4.3898 -1.2440 -0.0400
4.3794 -1.2283 -0.0400
4.3703 -1.2122 -0.0400
4.3646 -1.1946 -0.0400
4.3602 -1.1763 -0.0400
4.3574 -1.1571 -0.0400
4.3694 -1.1299 -0.0400
4.3780 -1.1037 -0.0400
4.4119 -1.0624 -0.0400
7.0987 1.1984 -0.0400
7.0027 1.2261 -0.0400
6.9425 1.2807 -0.0400
6.9068 1.3556 -0.0400
6.9185 1.4733 -0.0400
6.2003 2.0102 -0.0400
6.1165 2.0318 -0.0400
6.0570 2.0857 -0.0400
6.0295 2.1868 -0.0400
4.7106 3.8262 -0.0400
4.6084 3.8185 -0.0400
4.5080 3.8148 -0.0400
2.8398 4.1408 -0.0400
2.7358 4.1565 -0.0400
2.6429 4.0825 -0.0400
2.5405 4.0852 -0.0400
2.4356 4.0984 -0.0400
2.4868 1.8930 -0.0400
2.4404 1.8225 -0.0400
2.3771 1.8153 -0.0400
2.3182 1.7929 -0.0400
2.2633 1.7591 -0.0400
2.2031 1.7413 -0.0400
2.1056 1.8224 -0.0400
2.0471 1.7949 -0.0400
0.9332 1.4577 -0.0400
0.8953 1.3950 -0.0400
0.8349 1.3597 -0.0400
-0.4693 2.7193 -0.0400
2.4151 -1.0278 -0.0400
2.4255 -1.0574 -0.0400
2.4289 -1.0821 -0.0400
2.4286 -1.1042 -0.0400
2.4308 -1.1272 -0.0400
2.4243 -1.1454 -0.0400
2.4162 -1.1628 -0.0400
2.4071 -1.1797 -0.0400
2.3911 -1.1937 -0.0400
2.3765 -1.2086 -0.0400
2.3592 -1.2228 -0.0400
2.3383 -1.2361 -0.0400
2.2654 -1.2318 -0.0400
-1.1280 -0.1380 -0.0400
-2.5891 -1.6132 -0.0400
-0.4035 -2.1559 -0.0400
-0.3704 -2.2189 -0.0400
-0.3743 -2.2874 -0.0400
-0.4787 -2.3759 -0.0400
-1.4713 -3.5910 -0.0400
-1.5896 -3.7408 -0.0400
-1.0585 -4.7493 -0.0400
-0.9857 -4.8143 -0.0400
-0.9927 -4.9383 -0.0400
2.9648 -2.1948 -0.0400
2.9882 -2.1846 -0.0400
3.0050 -2.1823 -0.0400
3.0211 -2.1801 -0.0400
3.0383 -2.1756 -0.0400
3.0508 -2.1776 -0.0400
3.0619 -2.1814 -0.0400
3.0729 -2.1852 -0.0400
3.0838 -2.1889 -0.0400
3.0943 -2.1934 -0.0400
3.1034 -2.2003 -0.0400
3.1129 -2.2064 -0.0400
3.1241 -2.2094 -0.0400
3.1348 -2.2131 -0.0400
3.1453 -2.2173 -0.0400
3.1551 -2.2230 -0.0400
3.1648 -2.2293 -0.0400
3.1744 -2.2359 -0.0400
3.1816 -2.2492 -0.0400
3.1902 -2.2596 -0.0400
3.1986 -2.2717 -0.0400
4.1447 -5.0634 -0.0400
4.6439 -6.9324 -0.0400
4.7347 -6.9027 -0.0400
5.2473 -4.5539 -0.0400
5.2975 -4.5202 -0.0400
5.4683 -4.6639 -0.0400
5.5472 -4.6644 -0.0400
6.5142 -5.3056 -0.0400
6.5991 -5.2748 -0.0400
7.1282 -3.7747 -0.0400
7.0998 -3.6733 -0.0400
7.1382 -3.6099 -0.0400
4.3734 -1.2174 -0.0400
4.3676 -1.1997 -0.0400
4.3629 -1.1813 -0.0400
4.3673 -1.1583 -0.0400
4.3695 -1.1359 -0.0400
4.3764 -1.1105 -0.0400
4.3955 -1.0775 -0.0400
7.1468 1.2239 -0.0400
7.0189 1.2279 -0.0400
6.9491 1.2752 -0.0400
6.9405 1.3733 -0.0400
6.2273 2.0353 -0.0400
6.1256 2.0345 -0.0400
6.0576 2.0770 -0.0400
4.7099 3.8093 -0.0400
4.6102 3.8124 -0.0400
4.5124 3.8220 -0.0400
2.8417 4.1291 -0.0400
2.7418 4.1104 -0.0400
2.6448 4.0717 -0.0400
2.5338 4.1326 -0.0400
2.4328 4.1173 -0.0400
2.4895 1.8688 -0.0400
2.4369 1.8215 -0.0400
2.3650 1.8429 -0.0400
2.3149 1.7903 -0.0400
2.2596 1.7576 -0.0400
2.1941 1.7548 -0.0400
2.1041 1.8152 -0.0400
2.0404 1.8009 -0.0400
1.9610 1.8231 -0.0400
0.9443 1.4364 -0.0400
0.8870 1.3977 -0.0400
0.7970 1.3967 -0.0400
2.3989 -1.0040 -0.0400
2.4196 -1.0409 -0.0400
2.4276 -1.0688 -0.0400
2.4374 -1.0969 -0.0400
2.4339 -1.1169 -0.0400
2.4286 -1.1358 -0.0400
2.4209 -1.1534 -0.0400
2.4121 -1.1704 -0.0400
2.3973 -1.1846 -0.0400
2.3832 -1.1995 -0.0400
2.3659 -1.2133 -0.0400
2.3453 -1.2263 -0.0400
2.2803 -1.2234 -0.0400
-1.1127 -0.0577 -0.0400
-1.1064 -0.1479 -0.0400
-1.1463 -0.2225 -0.0400
-2.5860 -1.5073 -0.0400
-0.3933 -2.1556 -0.0400
-0.3685 -2.2195 -0.0400
-0.4150 -2.2953 -0.0400
-1.5228 -3.5088 -0.0400
-1.4617 -3.5836 -0.0400
-1.0742 -4.7531 -0.0400
-0.9854 -4.8067 -0.0400
2.9713 -2.1835 -0.0400
2.9910 -2.1776 -0.0400
3.0071 -2.1756 -0.0400
3.0218 -2.1749 -0.0400
3.0350 -2.1760 -0.0400
3.0478 -2.1771 -0.0400
3.0593 -2.1801 -0.0400
3.0714 -2.1817 -0.0400
3.0821 -2.1855 -0.0400
3.0916 -2.1911 -0.0400
3.1009 -2.1973 -0.0400
3.1103 -2.2033 -0.0400
3.1204 -2.2079 -0.0400
3.1317 -2.2100 -0.0400
3.1419 -2.2142 -0.0400
3.1516 -2.2197 -0.0400
3.1611 -2.2258 -0.0400
3.1692 -2.2357 -0.0400
3.1779 -2.2447 -0.0400
3.1863 -2.2549 -0.0400
3.1945 -2.2666 -0.0400
3.1972 -2.2973 -0.0400
5.1869 -4.6008 -0.0400
5.2239 -4.5458 -0.0400
5.2765 -4.5165 -0.0400
5.4515 -4.6677 -0.0400
5.5172 -4.6498 -0.0400
6.5082 -5.3263 -0.0400
6.5662 -5.2644 -0.0400
7.0715 -3.7618 -0.0400
7.0898 -3.6870 -0.0400
7.1572 -3.6391 -0.0400
4.3702 -1.1636 -0.0400
4.3718 -1.1413 -0.0400
4.3775 -1.1164 -0.0400
7.0861 1.1657 -0.0400
7.0089 1.2083 -0.0400
6.9570 1.2699 -0.0400
6.9295 1.3523 -0.0400
6.2046 1.9951 -0.0400
6.1265 2.0250 -0.0400
6.0732 2.0881 -0.0400
4.8199 3.8269 -0.0400
4.7203 3.8358 -0.0400
4.6190 3.8353 -0.0400
4.5127 3.8066 -0.0400
2.8429 4.1295 -0.0400
2.7435 4.1047 -0.0400
2.6463 4.0668 -0.0400
2.5376 4.1127 -0.0400
2.4293 4.1429 -0.0400
2.4921 1.8459 -0.0400
2.4323 1.8253 -0.0400
2.3676 1.8221 -0.0400
2.3140 1.7816 -0.0400
2.2554 1.7584 -0.0400
2.1719 1.8063 -0.0400
2.1009 1.8131 -0.0400
2.0234 1.8336 -0.0400
0.9746 1.5026 -0.0400
0.9402 1.4343 -0.0400
0.8847 1.3932 -0.0400
0.8018 1.3842 -0.0400
2.4169 -1.0017 -0.0400
2.4319 -1.0355 -0.0400
2.4377 -1.0623 -0.0400
2.4379 -1.0851 -0.0400
2.4358 -1.1062 -0.0400
2.4318 -1.1259 -0.0400
2.4254 -1.1441 -0.0400
2.4162 -1.1608 -0.0400
2.4044 -1.1764 -0.0400
2.3907 -1.1912 -0.0400
2.3746 -1.2052 -0.0400
2.3554 -1.2183 -0.0400
2.3023 -1.2186 -0.0400
-1.1098 -0.0617 -0.0400
-1.1042 -0.1516 -0.0400
-2.5848 -1.5068 -0.0400
-0.4336 -2.0945 -0.0400
-0.3779 -2.1550 -0.0400
-0.3733 -2.2217 -0.0400
-0.4391 -2.3006 -0.0400
-1.4930 -3.4948 -0.0400
-1.4718 -3.5847 -0.0400
-1.0415 -4.7240 -0.0400
-0.9995 -4.8102 -0.0400
2.9286 -2.2150 -0.0400
2.9650 -2.1895 -0.0400
2.9872 -2.1802 -0.0400
3.0034 -2.1779 -0.0400
3.0229 -2.1703 -0.0400
3.0357 -2.1715 -0.0400
3.0479 -2.1732 -0.0400
3.0586 -2.1769 -0.0400
3.0692 -2.1806 -0.0400
3.0797 -2.1842 -0.0400
3.0898 -2.1885 -0.0400
3.0985 -2.1953 -0.0400
3.1076 -2.2014 -0.0400
3.1184 -2.2043 -0.0400
3.1287 -2.2080 -0.0400
3.1389 -2.2118 -0.0400
3.1486 -2.2167 -0.0400
3.1572 -2.2245 -0.0400
3.1663 -2.2314 -0.0400
3.1749 -2.2399 -0.0400
3.1832 -2.2495 -0.0400
3.1880 -2.2708 -0.0400
3.1944 -2.2891 -0.0400
3.1941 -2.3326 -0.0400
5.1772 -4.6143 -0.0400
5.2128 -4.5570 -0.0400
5.2606 -4.5202 -0.0400
5.4439 -4.6846 -0.0400
5.5307 -4.6966 -0.0400
6.4554 -5.4234 -0.0400
6.4859 -5.3274 -0.0400
6.5704 -5.2962 -0.0400
7.0850 -3.7038 -0.0400
7.1243 -3.6409 -0.0400
7.1017 1.1650 -0.0400
7.0186 1.2035 -0.0400
6.9620 1.2617 -0.0400
6.9892 1.3904 -0.0400
6.2287 2.0145 -0.0400
6.1364 2.0266 -0.0400
6.1024 2.1171 -0.0400
4.8215 3.8149 -0.0400
4.7277 3.8480 -0.0400
4.6173 3.8089 -0.0400
4.5184 3.8145 -0.0400
2.8436 4.1394 -0.0400
2.7468 4.0885 -0.0400
2.6440 4.0944 -0.0400
2.5389 4.1123 -0.0400
2.4298 4.1468 -0.0400
2.5470 1.8759 -0.0400
2.4921 1.8345 -0.0400
2.4236 1.8458 -0.0400
2.3642 1.8226 -0.0400
2.3135 1.7724 -0.0400
2.2496 1.7651 -0.0400
2.1580 1.8356 -0.0400
2.0976 1.8123 -0.0400
2.0144 1.8473 -0.0400
0.9736 1.4968 -0.0400
0.9369 1.4313 -0.0400
0.8530 1.4248 -0.0400
-0.3869 2.7716 -0.0400
2.4196 -1.0142 -0.0400
2.4323 -1.0463 -0.0400
2.4362 -1.0720 -0.0400
2.4429 -1.0985 -0.0400
2.4381 -1.1178 -0.0400
2.4305 -1.1354 -0.0400
2.4216 -1.1522 -0.0400
2.4115 -1.1684 -0.0400
2.3986 -1.1834 -0.0400
2.3843 -1.1979 -0.0400
2.3525 -1.2052 -0.0400
2.3234 -1.2144 -0.0400
2.2586 -1.2106 -0.0400
-1.1102 -0.0648 -0.0400
-2.6046 -1.5060 -0.0400
-0.4372 -2.0970 -0.0400
-0.3765 -2.1568 -0.0400
-0.3760 -2.2240 -0.0400
-0.5048 -2.3133 -0.0400
-1.4889 -3.4910 -0.0400
-1.4704 -3.5818 -0.0400
-1.1213 -4.6583 -0.0400
-1.0405 -4.7176 -0.0400
-0.9991 -4.8039 -0.0400
2.9506 -2.1871 -0.0400
2.9735 -2.1776 -0.0400
2.9914 -2.1732 -0.0400
3.0070 -2.1713 -0.0400
3.0209 -2.1710 -0.0400
3.0336 -2.1721 -0.0400
3.0460 -2.1732 -0.0400
3.0583 -2.1740 -0.0400
3.0687 -2.1777 -0.0400
3.0790 -2.1813 -0.0400
3.0882 -2.1867 -0.0400
3.0971 -2.1927 -0.0400
3.1060 -2.1987 -0.0400
3.1157 -2.2034 -0.0400
3.1266 -2.2054 -0.0400
3.1364 -2.2095 -0.0400
3.1457 -2.2150 -0.0400
3.1547 -2.2211 -0.0400
3.1638 -2.2274 -0.0400
3.1724 -2.2352 -0.0400
3.1782 -2.2514 -0.0400
3.1857 -2.2640 -0.0400
3.1925 -2.2801 -0.0400
3.1971 -2.3053 -0.0400
5.1648 -4.6230 -0.0400
5.2006 -4.5659 -0.0400
5.2604 -4.5479 -0.0400
5.4276 -4.6883 -0.0400
5.5036 -4.6854 -0.0400
6.4754 -5.3423 -0.0400
6.5413 -5.2899 -0.0400
7.1109 1.1586 -0.0400
7.0271 1.1970 -0.0400
6.9818 1.2647 -0.0400
6.9774 1.3672 -0.0400
6.2133 1.9819 -0.0400
6.1398 2.0186 -0.0400
6.0906 2.0879 -0.0400
4.8267 3.8148 -0.0400
4.7206 3.7985 -0.0400
4.6200 3.7999 -0.0400
4.5258 3.8284 -0.0400
2.9470 4.1507 -0.0400
2.8451 4.1446 -0.0400
2.7485 4.0891 -0.0400
2.6418 4.1253 -0.0400
2.5399 4.1163 -0.0400
2.5450 1.8742 -0.0400
2.4890 1.8365 -0.0400
2.4181 1.8560 -0.0400
2.3697 1.7941 -0.0400
2.3111 1.7703 -0.0400
2.2390 1.7879 -0.0400
2.1550 1.8352 -0.0400
2.0925 1.8171 -0.0400
0.9762 1.4866 -0.0400
0.9295 1.4339 -0.0400
0.8435 1.4297 -0.0400
-0.3879 2.7704 -0.0400
2.4325 -1.0093 -0.0400
2.4423 -1.0400 -0.0400
2.4447 -1.0649 -0.0400
2.4433 -1.0869 -0.0400
2.4398 -1.1072 -0.0400
2.4344 -1.1261 -0.0400
2.4265 -1.1435 -0.0400
2.4151 -1.1590 -0.0400
2.4014 -1.1735 -0.0400
2.3857 -1.1872 -0.0400
2.3667 -1.1997 -0.0400
2.3424 -1.2104 -0.0400
2.3082 -1.2176 -0.0400
-1.0843 0.0111 -0.0400
-1.0799 -0.0790 -0.0400
-2.5848 -1.4021 -0.0400
-2.6170 -1.5058 -0.0400
-0.3908 -2.0941 -0.0400
-0.3745 -2.1590 -0.0400
-0.3948 -2.2290 -0.0400
-0.5156 -2.3170 -0.0400
-1.5507 -3.4147 -0.0400
-1.4886 -3.4892 -0.0400
-1.4828 -3.5848 -0.0400
-1.1100 -4.6459 -0.0400
-1.0395 -4.7119 -0.0400
-1.0025 -4.8010 -0.0400
2.9473 -2.1912 -0.0400
2.9703 -2.1814 -0.0400
2.9963 -2.1664 -0.0400
3.0109 -2.1653 -0.0400
3.0234 -2.1665 -0.0400
3.0356 -2.1677 -0.0400
3.0471 -2.1697 -0.0400
3.0574 -2.1733 -0.0400
3.0676 -2.1769 -0.0400
3.0778 -2.1804 -0.0400
3.0870 -2.1854 -0.0400
3.0957 -2.1913 -0.0400
3.1044 -2.1973 -0.0400
3.1147 -2.2003 -0.0400
3.1246 -2.2038 -0.0400
3.1345 -2.2075 -0.0400
3.1438 -2.2123 -0.0400
3.1519 -2.2200 -0.0400
3.1605 -2.2269 -0.0400
3.1687 -2.2354 -0.0400
3.1765 -2.2453 -0.0400
3.1841 -2.2569 -0.0400
3.1911 -2.2710 -0.0400
2.9036 -6.0058 -0.0400
5.1487 -4.6250 -0.0400
5.1862 -4.5710 -0.0400
5.2472 -4.5550 -0.0400
5.4137 -4.6952 -0.0400
5.4869 -4.6885 -0.0400
6.4579 -5.3487 -0.0400
6.5696 -5.3494 -0.0400
7.1116 1.1453 -0.0400
7.0265 1.1828 -0.0400
6.9890 1.2568 -0.0400
6.9812 1.3565 -0.0400
6.2116 1.9662 -0.0400
6.1528 2.0224 -0.0400
6.1297 2.1284 -0.0400
4.9310 3.7979 -0.0400
4.8381 3.8359 -0.0400
4.7264 3.7995 -0.0400
4.6259 3.8025 -0.0400
4.5318 3.8327 -0.0400
2.9498 4.1491 -0.0400
2.8439 4.1862 -0.0400
2.7501 4.0956 -0.0400
2.6416 4.1450 -0.0400
2.5413 4.1214 -0.0400
2.5474 1.8553 -0.0400
2.4862 1.8390 -0.0400
2.4180 1.8481 -0.0400
2.3678 1.7921 -0.0400
2.3066 1.7762 -0.0400
2.2304 1.8056 -0.0400
2.1536 1.8312 -0.0400
2.0781 1.8483 -0.0400
1.0085 1.5532 -0.0400
0.9859 1.4673 -0.0400
0.9209 1.4383 -0.0400
-0.3326 2.8616 -0.0400
-0.3944 2.7759 -0.0400
2.4086 -0.9783 -0.0400
2.4337 -1.0210 -0.0400
2.4415 -1.0503 -0.0400
2.4506 -1.0795 -0.0400
2.4465 -1.0995 -0.0400
2.4400 -1.1179 -0.0400
2.4315 -1.1349 -0.0400
2.4217 -1.1512 -0.0400
2.4097 -1.1664 -0.0400
2.3957 -1.1807 -0.0400
2.3790 -1.1939 -0.0400
2.3412 -1.1979 -0.0400
2.3006 -1.2018 -0.0400
-1.0892 0.0094 -0.0400
-1.0819 -0.0819 -0.0400
-2.6032 -1.4017 -0.0400
-0.4416 -2.0351 -0.0400
-0.3932 -2.0972 -0.0400
-0.3820 -2.1627 -0.0400
-0.4586 -2.2411 -0.0400
-1.5370 -3.4088 -0.0400
-1.4851 -3.4868 -0.0400
-1.1433 -4.6638 -0.0400
-1.0401 -4.7080 -0.0400
-1.0352 -4.8197 -0.0400
2.9348 -2.1886 -0.0400
2.9605 -2.1762 -0.0400
2.9807 -2.1691 -0.0400
2.9958 -2.1675 -0.0400
3.0105 -2.1660 -0.0400
3.0230 -2.1670 -0.0400
3.0383 -2.1635 -0.0400
3.0483 -2.1672 -0.0400
3.0583 -2.1708 -0.0400
3.0682 -2.1744 -0.0400
3.0780 -2.1781 -0.0400
3.0868 -2.1834 -0.0400
3.0953 -2.1893 -0.0400
3.1039 -2.1951 -0.0400
3.1140 -2.1980 -0.0400
3.1236 -2.2017 -0.0400
3.1330 -2.2057 -0.0400
3.1419 -2.2110 -0.0400
3.1505 -2.2169 -0.0400
3.1592 -2.2231 -0.0400
3.1674 -2.2308 -0.0400
3.1727 -2.2470 -0.0400
3.1797 -2.2598 -0.0400
3.1859 -2.2763 -0.0400
3.1895 -2.3033 -0.0400
2.8931 -6.0004 -0.0400
2.9576 -6.1296 -0.0400
5.1559 -4.6658 -0.0400
5.1707 -4.5737 -0.0400
5.2219 -4.5430 -0.0400
5.4016 -4.7043 -0.0400
5.4770 -4.7010 -0.0400
6.3896 -5.4254 -0.0400
6.4427 -5.3575 -0.0400
6.5316 -5.3321 -0.0400
7.0846 1.1154 -0.0400
7.0519 1.1930 -0.0400
7.0517 1.2979 -0.0400
6.3833 1.9102 -0.0400
6.2857 1.9199 -0.0400
6.2195 1.9668 -0.0400
6.1787 2.0472 -0.0400
4.9346 3.7953 -0.0400
4.8268 3.7775 -0.0400
4.7270 3.7858 -0.0400
3.0535 4.1635 -0.0400
2.8521 4.1169 -0.0400
2.7456 4.1544 -0.0400
2.6417 4.1585 -0.0400
2.6599 1.9358 -0.0400
2.6083 1.8691 -0.0400
2.5431 1.8691 -0.0400
2.4836 1.8442 -0.0400
2.4278 1.8071 -0.0400
2.3638 1.8008 -0.0400
2.2875 1.8333 -0.0400
2.2133 1.8529 -0.0400
1.0829 1.5652 -0.0400
1.0377 1.5092 -0.0400
0.9595 1.4978 -0.0400
-0.2353 2.9026 -0.0400
2.4455 -0.9616 -0.0400
2.4595 -0.9977 -0.0400
2.4638 -1.0253 -0.0400
2.4628 -1.0484 -0.0400
2.4597 -1.0696 -0.0400
2.4545 -1.0891 -0.0400
2.4469 -1.1068 -0.0400
2.4370 -1.1231 -0.0400
2.4238 -1.1375 -0.0400
2.4091 -1.1512 -0.0400
2.3911 -1.1634 -0.0400
2.3695 -1.1743 -0.0400
2.3412 -1.1824 -0.0400
2.2921 -1.1818 -0.0400
-1.0396 0.1671 -0.0400
-1.0276 0.0722 -0.0400
-1.0898 0.0071 -0.0400
-2.5830 -1.2986 -0.0400
-0.4232 -1.9686 -0.0400
-0.3917 -2.0326 -0.0400
-0.4021 -2.1003 -0.0400
-1.5422 -3.3141 -0.0400
-1.5223 -3.4032 -0.0400
-1.2704 -4.5171 -0.0400
-1.1451 -4.5503 -0.0400
-1.1019 -4.6340 -0.0400
2.9314 -2.1760 -0.0400
2.9554 -2.1659 -0.0400
2.9818 -2.1515 -0.0400
2.9962 -2.1506 -0.0400
3.0086 -2.1517 -0.0400
3.0204 -2.1533 -0.0400
3.0320 -2.1549 -0.0400
3.0422 -2.1581 -0.0400
3.0519 -2.1618 -0.0400
3.0627 -2.1638 -0.0400
3.0715 -2.1687 -0.0400
3.0797 -2.1746 -0.0400
3.0879 -2.1806 -0.0400
3.0962 -2.1865 -0.0400
3.1061 -2.1894 -0.0400
3.1155 -2.1930 -0.0400
3.1249 -2.1967 -0.0400
3.1331 -2.2030 -0.0400
3.1413 -2.2093 -0.0400
3.1495 -2.2161 -0.0400
3.1571 -2.2246 -0.0400
3.1644 -2.2344 -0.0400
3.1713 -2.2460 -0.0400
3.1777 -2.2601 -0.0400
2.8091 -6.0024 -0.0400
5.0733 -4.6632 -0.0400
5.1130 -4.6123 -0.0400
5.1666 -4.5855 -0.0400
5.3339 -4.7354 -0.0400
5.4296 -4.7643 -0.0400
6.3106 -5.4795 -0.0400
6.3670 -5.4154 -0.0400
6.4547 -5.3899 -0.0400
6.3494 1.9782 -0.0400
6.2264 1.9555 -0.0400
6.1763 2.0237 -0.0400
4.9403 3.7820 -0.0400
4.8376 3.7838 -0.0400
4.7466 3.8292 -0.0400
4.6367 3.7959 -0.0400
2.9531 4.1991 -0.0400
2.8561 4.1219 -0.0400
2.7549 4.1083 -0.0400
2.6478 4.1430 -0.0400
2.5422 4.1550 -0.0400
2.6032 1.8867 -0.0400
2.5448 1.8549 -0.0400
2.4789 1.8558 -0.0400
2.4216 1.8225 -0.0400
2.3651 1.7884 -0.0400
2.2973 1.7937 -0.0400
2.2115 1.8509 -0.0400
2.1459 1.8413 -0.0400
1.0341 1.5064 -0.0400
0.9782 1.4654 -0.0400
-0.2505 2.9203 -0.0400
-0.3122 2.8335 -0.0400
2.4391 -0.9970 -0.0400
2.4484 -1.0287 -0.0400
2.4503 -1.0542 -0.0400
2.4553 -1.0811 -0.0400
2.4495 -1.1001 -0.0400
2.4412 -1.1175 -0.0400
2.4318 -1.1340 -0.0400
2.4209 -1.1497 -0.0400
2.4074 -1.1640 -0.0400
2.3923 -1.1777 -0.0400
2.3603 -1.1831 -0.0400
2.3301 -1.1904 -0.0400
-1.0987 0.0956 -0.0400
-1.0719 -0.0046 -0.0400
-1.0963 -0.0842 -0.0400
-2.6175 -1.2976 -0.0400
-0.4205 -2.0399 -0.0400
-0.3864 -2.1031 -0.0400
-0.4063 -2.1723 -0.0400
-1.5154 -3.4005 -0.0400
-1.4972 -3.4903 -0.0400
-1.1798 -4.5687 -0.0400
-1.0919 -4.6235 -0.0400
-1.0484 -4.7068 -0.0400
2.9583 -2.1663 -0.0400
2.9766 -2.1614 -0.0400
2.9909 -2.1605 -0.0400
3.0049 -2.1596 -0.0400
3.0169 -2.1608 -0.0400
3.0316 -2.1579 -0.0400
3.0417 -2.1609 -0.0400
3.0512 -2.1646 -0.0400
3.0607 -2.1682 -0.0400
3.0702 -2.1717 -0.0400
3.0791 -2.1760 -0.0400
3.0873 -2.1815 -0.0400
3.0949 -2.1881 -0.0400
3.1040 -2.1920 -0.0400
3.1135 -2.1951 -0.0400
3.1227 -2.1987 -0.0400
3.1317 -2.2028 -0.0400
3.1402 -2.2080 -0.0400
3.1485 -2.2138 -0.0400
3.1567 -2.2198 -0.0400
3.1625 -2.2328 -0.0400
3.1695 -2.2432 -0.0400
3.1761 -2.2557 -0.0400
3.1819 -2.2719 -0.0400
3.1851 -2.2984 -0.0400
2.7975 -5.9897 -0.0400
2.8717 -6.0093 -0.0400
5.1991 -4.5605 -0.0400
5.3755 -4.7183 -0.0400
5.4474 -4.7107 -0.0400
6.4154 -5.3778 -0.0400
6.5137 -5.3639 -0.0400
7.0245 -3.8332 -0.0400
7.0497 -3.7623 -0.0400
7.1315 -3.7223 -0.0400
6.3728 1.8668 -0.0400
6.2973 1.9034 -0.0400
6.2433 1.9663 -0.0400
6.2306 2.0845 -0.0400
5.0454 3.7673 -0.0400
4.9504 3.7993 -0.0400
4.8338 3.7513 -0.0400
3.1624 4.2133 -0.0400
3.0608 4.1742 -0.0400
2.9607 4.1296 -0.0400
2.8546 4.1693 -0.0400
2.7503 4.1758 -0.0400
2.6665 1.8953 -0.0400
2.6044 1.8792 -0.0400
2.5337 1.9010 -0.0400
2.4842 1.8323 -0.0400
2.4220 1.8185 -0.0400
2.3553 1.8199 -0.0400
2.2715 1.8749 -0.0400
2.2017 1.8784 -0.0400
1.1132 1.6331 -0.0400
1.0884 1.5460 -0.0400
1.0162 1.5274 -0.0400
-0.1728 2.9872 -0.0400
2.4442 -0.9563 -0.0400
2.4589 -0.9940 -0.0400
2.4735 -1.0300 -0.0400
2.4698 -1.0514 -0.0400
2.4645 -1.0713 -0.0400
2.4571 -1.0894 -0.0400
2.4480 -1.1062 -0.0400
2.4357 -1.1210 -0.0400
2.4215 -1.1348 -0.0400
2.4050 -1.1475 -0.0400
2.3857 -1.1589 -0.0400
2.3615 -1.1682 -0.0400
2.3284 -1.1736 -0.0400
-1.0261 0.1538 -0.0400
-1.0281 0.0648 -0.0400
-2.5924 -1.1952 -0.0400
-0.4557 -1.9113 -0.0400
-0.4008 -1.9744 -0.0400
-0.4137 -2.0419 -0.0400
-0.4748 -2.1152 -0.0400
-1.5831 -3.2324 -0.0400
-1.5401 -3.3136 -0.0400
-1.5557 -3.4147 -0.0400
-1.1992 -4.4689 -0.0400
-1.1302 -4.5358 -0.0400
-1.1042 -4.6300 -0.0400
2.9394 -2.1572 -0.0400
2.9596 -2.1510 -0.0400
2.9750 -2.1494 -0.0400
2.9888 -2.1490 -0.0400
3.0055 -2.1446 -0.0400
3.0166 -2.1466 -0.0400
3.0276 -2.1484 -0.0400
3.0372 -2.1519 -0.0400
3.0465 -2.1557 -0.0400
3.0568 -2.1577 -0.0400
3.0654 -2.1621 -0.0400
3.0734 -2.1676 -0.0400
3.0812 -2.1734 -0.0400
3.0890 -2.1791 -0.0400
3.0975 -2.1839 -0.0400
3.1069 -2.1868 -0.0400
3.1161 -2.1900 -0.0400
3.1243 -2.1951 -0.0400
3.1324 -2.2006 -0.0400
3.1403 -2.2068 -0.0400
3.1480 -2.2135 -0.0400
3.1552 -2.2218 -0.0400
3.1621 -2.2315 -0.0400
3.1686 -2.2428 -0.0400
3.1691 -2.2730 -0.0400
2.7159 -5.9817 -0.0400
2.7916 -5.9876 -0.0400
2.8564 -6.0867 -0.0400
6.2859 -5.5020 -0.0400
6.3381 -5.4329 -0.0400
7.0152 -3.9277 -0.0400
7.0059 -3.8354 -0.0400
7.0535 -3.7774 -0.0400
7.5330 -0.6232 -0.0400
4.7861 -1.3125 -0.0400
4.6189 -1.3353 -0.0400
6.4469 1.9319 -0.0400
6.3193 1.9079 -0.0400
6.2433 1.9437 -0.0400
6.1864 2.0036 -0.0400
4.9577 3.7860 -0.0400
4.8509 3.7750 -0.0400
4.7531 3.7945 -0.0400
4.6556 3.8137 -0.0400
3.0665 4.1873 -0.0400
2.9633 4.1812 -0.0400
2.8642 4.1269 -0.0400
2.6548 4.1509 -0.0400
2.6532 1.9654 -0.0400
2.6037 1.8823 -0.0400
2.5411 1.8677 -0.0400
2.4716 1.8811 -0.0400
2.4229 1.8123 -0.0400
2.3571 1.8102 -0.0400
2.2850 1.8272 -0.0400
2.2073 1.8572 -0.0400
1.0737 1.5608 -0.0400
1.0301 1.5019 -0.0400
0.9461 1.4980 -0.0400
-0.2440 2.9110 -0.0400
2.4176 -0.9491 -0.0400
2.4460 -0.9981 -0.0400
2.4641 -1.0372 -0.0400
2.4609 -1.0591 -0.0400
2.4561 -1.0794 -0.0400
2.4499 -1.0985 -0.0400
2.4423 -1.1164 -0.0400
2.4315 -1.1322 -0.0400
2.4183 -1.1466 -0.0400
2.4039 -1.1605 -0.0400
2.3866 -1.1729 -0.0400
2.3505 -1.1757 -0.0400
2.3128 -1.1789 -0.0400
-1.0641 0.0741 -0.0400
-2.6152 -1.1951 -0.0400
-2.6019 -1.3011 -0.0400
-0.4190 -1.9812 -0.0400
-0.3904 -2.0452 -0.0400
-0.3943 -2.1118 -0.0400
-1.5663 -3.3232 -0.0400
-1.5236 -3.4044 -0.0400
-1.1470 -4.5443 -0.0400
-1.0785 -4.6108 -0.0400
-1.1055 -4.7411 -0.0400
2.9582 -2.1589 -0.0400
2.9746 -2.1559 -0.0400
2.9881 -2.1558 -0.0400
3.0052 -2.1507 -0.0400
3.0161 -2.1527 -0.0400
3.0269 -2.1546 -0.0400
3.0373 -2.1567 -0.0400
3.0476 -2.1586 -0.0400
3.0566 -2.1623 -0.0400
3.0656 -2.1659 -0.0400
3.0740 -2.1703 -0.0400
3.0819 -2.1755 -0.0400
3.0892 -2.1818 -0.0400
3.0972 -2.1868 -0.0400
3.1066 -2.1895 -0.0400
3.1153 -2.1931 -0.0400
3.1241 -2.1966 -0.0400
3.1324 -2.2012 -0.0400
3.1404 -2.2063 -0.0400
3.1472 -2.2145 -0.0400
3.1545 -2.2221 -0.0400
3.1614 -2.2311 -0.0400
3.1680 -2.2414 -0.0400
3.1742 -2.2538 -0.0400
3.1796 -2.2697 -0.0400
3.1823 -2.2963 -0.0400
2.7805 -5.9828 -0.0400
2.8475 -6.0597 -0.0400
6.3379 -5.4676 -0.0400
6.3888 -5.3972 -0.0400
6.4857 -5.3823 -0.0400
7.0057 -3.8614 -0.0400
7.0317 -3.7910 -0.0400
7.1083 -3.7485 -0.0400
7.5677 -0.7033 -0.0400
4.7869 -1.3470 -0.0400
4.6451 -1.3596 -0.0400
4.5994 -1.3487 -0.0400
4.5819 -1.3304 -0.0400
4.4773 -1.3418 -0.0400
6.4887 1.8411 -0.0400
6.3866 1.8491 -0.0400
6.3149 1.8908 -0.0400
6.3042 2.0090 -0.0400
5.0554 3.7431 -0.0400
4.9584 3.7680 -0.0400
4.8494 3.7487 -0.0400
3.1733 4.1977 -0.0400
3.0716 4.1555 -0.0400
2.9688 4.1505 -0.0400
2.8602 4.2144 -0.0400
2.7596 4.1737 -0.0400
2.7275 1.9235 -0.0400
2.6683 1.8886 -0.0400
2.5952 1.9244 -0.0400
2.5418 1.8656 -0.0400
2.4833 1.8338 -0.0400
2.4167 1.8353 -0.0400
2.3401 1.8697 -0.0400
2.2671 1.8856 -0.0400
1.1705 1.6657 -0.0400
1.1400 1.5846 -0.0400
1.0780 1.5518 -0.0400
1.0040 1.5351 -0.0400
-0.1484 2.9547 -0.0400
2.4649 -0.9681 -0.0400
2.4820 -1.0083 -0.0400
2.4783 -1.0305 -0.0400
2.4730 -1.0509 -0.0400
2.4665 -1.0701 -0.0400
2.4593 -1.0886 -0.0400
2.4485 -1.1045 -0.0400
2.4361 -1.1193 -0.0400
2.4222 -1.1332 -0.0400
2.3981 -1.1412 -0.0400
2.3758 -1.1509 -0.0400
2.3474 -1.1578 -0.0400
2.3001 -1.1555 -0.0400
-1.0104 0.2304 -0.0400
-1.0009 0.1355 -0.0400
-1.0650 0.0720 -0.0400
-2.5865 -1.1985 -0.0400
-0.4111 -1.9173 -0.0400
-0.3945 -1.9824 -0.0400
-0.4892 -2.0567 -0.0400
-1.5817 -3.2338 -0.0400
-1.5683 -3.3246 -0.0400
-1.3104 -4.4232 -0.0400
-1.1745 -4.4514 -0.0400
-1.1269 -4.5309 -0.0400
-1.1723 -4.6711 -0.0400
2.9089 -2.1677 -0.0400
2.9379 -2.1536 -0.0400
2.9566 -2.1489 -0.0400
2.9775 -2.1411 -0.0400
2.9902 -2.1415 -0.0400
3.0048 -2.1393 -0.0400
3.0152 -2.1417 -0.0400
3.0255 -2.1439 -0.0400
3.0359 -2.1458 -0.0400
3.0446 -2.1497 -0.0400
3.0533 -2.1535 -0.0400
3.0619 -2.1573 -0.0400
3.0695 -2.1626 -0.0400
3.0769 -2.1682 -0.0400
3.0843 -2.1738 -0.0400
3.0923 -2.1785 -0.0400
3.1013 -2.1814 -0.0400
3.1102 -2.1844 -0.0400
3.1182 -2.1891 -0.0400
3.1259 -2.1943 -0.0400
3.1334 -2.2000 -0.0400
3.1410 -2.2059 -0.0400
3.1480 -2.2132 -0.0400
3.1548 -2.2217 -0.0400
3.1583 -2.2391 -0.0400
3.1635 -2.2534 -0.0400
3.1672 -2.2736 -0.0400
2.7010 -5.9688 -0.0400
2.7724 -6.0023 -0.0400
3.9095 -5.1022 -0.0400
3.9690 -5.0941 -0.0400
6.9775 -3.9441 -0.0400
6.9854 -3.8624 -0.0400
7.0382 -3.8075 -0.0400
7.5422 -0.6536 -0.0400
7.5116 -0.5835 -0.0400
4.6399 -1.3524 -0.0400
4.6098 -1.3372 -0.0400
4.5254 -1.3411 -0.0400
4.4873 -1.3316 -0.0400
4.4510 -1.3226 -0.0400
4.4362 -1.3064 -0.0400
4.4186 -1.2916 -0.0400
4.9787 3.7939 -0.0400
4.8688 3.7743 -0.0400
4.7666 3.7785 -0.0400
3.1810 4.2119 -0.0400
3.0777 4.1944 -0.0400
2.9762 4.1545 -0.0400
2.8734 4.1448 -0.0400
2.7636 4.2063 -0.0400
2.6681 1.8978 -0.0400
2.6068 1.8752 -0.0400
2.5395 1.8806 -0.0400
2.4833 1.8376 -0.0400
2.4228 1.8145 -0.0400
2.3451 1.8539 -0.0400
2.2695 1.8792 -0.0400
2.2047 1.8650 -0.0400
1.1100 1.6249 -0.0400
1.0831 1.5397 -0.0400
1.0135 1.5172 -0.0400
-0.1612 2.9731 -0.0400
2.4633 -0.9804 -0.0400
2.4664 -1.0093 -0.0400
2.4649 -1.0336 -0.0400
2.4673 -1.0602 -0.0400
2.4606 -1.0794 -0.0400
2.4537 -1.0982 -0.0400
2.4432 -1.1143 -0.0400
2.4314 -1.1296 -0.0400
2.4178 -1.1439 -0.0400
2.3960 -1.1532 -0.0400
2.3760 -1.1643 -0.0400
2.3521 -1.1735 -0.0400
2.3188 -1.1785 -0.0400
-1.0523 0.1525 -0.0400
-1.0453 0.0591 -0.0400
-2.5846 -1.2009 -0.0400
-0.4047 -1.9891 -0.0400
-0.4249 -2.0570 -0.0400
-0.5079 -2.1323 -0.0400
-1.5488 -3.3201 -0.0400
-1.5544 -3.4173 -0.0400
-1.2554 -4.4995 -0.0400
-1.1262 -4.5297 -0.0400
-1.0965 -4.6206 -0.0400
2.9372 -2.1629 -0.0400
2.9648 -2.1487 -0.0400
2.9774 -2.1496 -0.0400
2.9946 -2.1447 -0.0400
3.0051 -2.1471 -0.0400
3.0153 -2.1496 -0.0400
3.0281 -2.1485 -0.0400
3.0370 -2.1520 -0.0400
3.0466 -2.1543 -0.0400
3.0551 -2.1581 -0.0400
3.0636 -2.1618 -0.0400
3.0715 -2.1662 -0.0400
3.0788 -2.1716 -0.0400
3.0862 -2.1769 -0.0400
3.0936 -2.1822 -0.0400
3.1027 -2.1846 -0.0400
3.1110 -2.1882 -0.0400
3.1193 -2.1917 -0.0400
3.1271 -2.1963 -0.0400
3.1348 -2.2012 -0.0400
3.1414 -2.2086 -0.0400
3.1484 -2.2156 -0.0400
3.1551 -2.2235 -0.0400
3.1616 -2.2324 -0.0400
3.1677 -2.2431 -0.0400
3.1734 -2.2559 -0.0400
3.1780 -2.2732 -0.0400
2.6887 -5.9844 -0.0400
2.7649 -5.9830 -0.0400
2.8284 -6.0838 -0.0400
3.9563 -5.0948 -0.0400
4.0169 -5.0931 -0.0400
7.0242 -3.9112 -0.0400
7.0170 -3.8210 -0.0400
7.1268 -3.7969 -0.0400
7.5433 -0.6701 -0.0400
7.5176 -0.5986 -0.0400
4.7816 -1.3229 -0.0400
4.6163 -1.3472 -0.0400
4.5923 -1.3307 -0.0400
4.4914 -1.3419 -0.0400
4.4666 -1.3286 -0.0400
4.4396 -1.3167 -0.0400
4.4263 -1.3001 -0.0400
4.4125 -1.2839 -0.0400
4.4036 -1.2657 -0.0400
4.3980 -1.2460 -0.0400
5.0798 3.7459 -0.0400
4.9765 3.7516 -0.0400
4.8872 3.8048 -0.0400
4.7744 3.7710 -0.0400
3.0847 4.1839 -0.0400
2.9810 4.1785 -0.0400
2.7724 4.1782 -0.0400
2.7228 1.9741 -0.0400
2.6704 1.8955 -0.0400
2.6075 1.8793 -0.0400
2.5369 1.8987 -0.0400
2.4851 1.8352 -0.0400
2.4216 1.8234 -0.0400
2.3518 1.8334 -0.0400
2.2692 1.8831 -0.0400
2.1981 1.8881 -0.0400
1.1293 1.5935 -0.0400
1.0812 1.5397 -0.0400
1.0096 1.5198 -0.0400
-0.1612 2.9748 -0.0400
2.4620 -0.9620 -0.0400
2.4669 -0.9933 -0.0400
2.4754 -1.0265 -0.0400
2.4700 -1.0474 -0.0400
2.4680 -1.0706 -0.0400
2.4587 -1.0879 -0.0400
2.4488 -1.1046 -0.0400
2.4373 -1.1201 -0.0400
2.4237 -1.1344 -0.0400
2.4029 -1.1442 -0.0400
2.3839 -1.1556 -0.0400
2.3616 -1.1655 -0.0400
2.3329 -1.1724 -0.0400
-1.0246 0.2285 -0.0400
-1.0136 0.1323 -0.0400
-1.0404 0.0535 -0.0400
-2.5906 -1.2020 -0.0400
-0.4088 -1.9281 -0.0400
-0.3972 -1.9934 -0.0400
-0.4291 -2.0620 -0.0400
-0.5459 -2.1407 -0.0400
-1.6029 -3.2441 -0.0400
-1.5714 -3.3291 -0.0400
-1.2202 -4.4784 -0.0400
-1.1234 -4.5280 -0.0400
-1.0978 -4.6213 -0.0400
2.9211 -2.1716 -0.0400
2.9547 -2.1522 -0.0400
2.9748 -2.1453 -0.0400
2.9866 -2.1466 -0.0400
3.0015 -2.1440 -0.0400
3.0140 -2.1435 -0.0400
3.0237 -2.1462 -0.0400
3.0342 -2.1475 -0.0400
3.0424 -2.1515 -0.0400
3.0507 -2.1553 -0.0400
3.0599 -2.1577 -0.0400
3.0676 -2.1622 -0.0400
3.0747 -2.1674 -0.0400
3.0819 -2.1727 -0.0400
3.0891 -2.1780 -0.0400
3.0976 -2.1809 -0.0400
3.1058 -2.1845 -0.0400
3.1139 -2.1881 -0.0400
3.1219 -2.1918 -0.0400
3.1289 -2.1976 -0.0400
3.1361 -2.2031 -0.0400
3.1434 -2.2087 -0.0400
3.1501 -2.2156 -0.0400
3.1567 -2.2233 -0.0400
3.1605 -2.2387 -0.0400
3.1659 -2.2509 -0.0400
3.1706 -2.2664 -0.0400
3.1720 -2.2935 -0.0400
2.7588 -5.9769 -0.0400
2.8264 -6.0403 -0.0400
3.9475 -5.0960 -0.0400
4.3776 -6.9794 -0.0400
6.9705 -3.8983 -0.0400
7.0056 -3.8334 -0.0400
7.0824 -3.7915 -0.0400
7.6440 -0.8144 -0.0400
7.5670 -0.7536 -0.0400
7.5416 -0.6818 -0.0400
4.8046 -1.3520 -0.0400
4.6344 -1.3743 -0.0400
4.6071 -1.3583 -0.0400
4.5879 -1.3403 -0.0400
4.4810 -1.3536 -0.0400
4.4606 -1.3388 -0.0400
4.4391 -1.3249 -0.0400
4.4275 -1.3076 -0.0400
4.4172 -1.2898 -0.0400
4.4103 -1.2706 -0.0400
4.4086 -1.2489 -0.0400
4.4056 -1.2275 -0.0400
4.4159 -1.1990 -0.0400
5.1862 3.7238 -0.0400
5.0899 3.7547 -0.0400
4.9833 3.7505 -0.0400
3.2972 4.1918 -0.0400
3.0905 4.1583 -0.0400
2.8804 4.1903 -0.0400
2.7349 1.9119 -0.0400
2.6715 1.8976 -0.0400
2.6077 1.8853 -0.0400
2.5482 1.8539 -0.0400
2.4829 1.8490 -0.0400
2.4100 1.8719 -0.0400
2.3307 1.9125 -0.0400
2.2499 1.9510 -0.0400
1.1903 1.6272 -0.0400
1.1343 1.5848 -0.0400
1.0426 1.5944 -0.0400
-0.0637 3.0172 -0.0400
2.4877 -0.9638 -0.0400
2.4864 -0.9898 -0.0400
2.4883 -1.0179 -0.0400
2.4857 -1.0413 -0.0400
2.4766 -1.0591 -0.0400
2.4672 -1.0764 -0.0400
2.4556 -1.0920 -0.0400
2.4403 -1.1050 -0.0400
2.4253 -1.1184 -0.0400
2.4084 -1.1307 -0.0400
2.3784 -1.1351 -0.0400
2.3514 -1.1421 -0.0400
-0.9835 0.2997 -0.0400
-0.9787 0.2055 -0.0400
-1.0098 0.1284 -0.0400
-2.5920 -0.9925 -0.0400
-2.5958 -1.0976 -0.0400
-0.4147 -1.8657 -0.0400
-0.3997 -1.9309 -0.0400
-0.4289 -1.9987 -0.0400
-1.6074 -3.1527 -0.0400
-1.5834 -3.2396 -0.0400
-1.2340 -4.3792 -0.0400
-1.1803 -4.4549 -0.0400
2.9177 -2.1511 -0.0400
2.9461 -2.1382 -0.0400
2.9654 -2.1328 -0.0400
2.9810 -2.1303 -0.0400
2.9916 -2.1326 -0.0400
3.0036 -2.1330 -0.0400
3.0154 -2.1332 -0.0400
3.0241 -2.1367 -0.0400
3.0333 -2.1394 -0.0400
3.0422 -2.1422 -0.0400
3.0501 -2.1462 -0.0400
3.0581 -2.1501 -0.0400
3.0651 -2.1552 -0.0400
3.0720 -2.1605 -0.0400
3.0786 -2.1662 -0.0400
3.0858 -2.1711 -0.0400
3.0947 -2.1732 -0.0400
3.1025 -2.1769 -0.0400
3.1103 -2.1806 -0.0400
3.1172 -2.1860 -0.0400
3.1243 -2.1912 -0.0400
3.1313 -2.1967 -0.0400
3.1381 -2.2025 -0.0400
3.1427 -2.2138 -0.0400
3.1487 -2.2225 -0.0400
3.1543 -2.2324 -0.0400
3.1595 -2.2444 -0.0400
3.1638 -2.2595 -0.0400
2.6063 -5.9569 -0.0400
2.6799 -5.9701 -0.0400
3.8835 -5.1079 -0.0400
4.2777 -6.9945 -0.0400
6.9234 -3.9685 -0.0400
6.9603 -3.9048 -0.0400
7.0331 -3.8617 -0.0400
7.5771 -0.7684 -0.0400
7.5452 -0.6980 -0.0400
4.7896 -1.3688 -0.0400
4.6507 -1.3820 -0.0400
4.6187 -1.3671 -0.0400
4.5970 -1.3497 -0.0400
4.4911 -1.3623 -0.0400
4.4691 -1.3478 -0.0400
4.4520 -1.3321 -0.0400
4.4331 -1.3174 -0.0400
4.4229 -1.2995 -0.0400
4.4155 -1.2804 -0.0400
4.4102 -1.2602 -0.0400
4.4128 -1.2361 -0.0400
4.4135 -1.2124 -0.0400
4.4365 -1.1762 -0.0400
5.1995 3.7284 -0.0400
5.0879 3.7121 -0.0400
4.9878 3.7279 -0.0400
4.8936 3.7635 -0.0400
3.3049 4.2188 -0.0400
3.0960 4.2048 -0.0400
2.9913 4.2062 -0.0400
2.7381 1.9101 -0.0400
2.6671 1.9360 -0.0400
2.6096 1.8886 -0.0400
2.5500 1.8562 -0.0400
2.4842 1.8527 -0.0400
2.3984 1.9252 -0.0400
2.3305 1.9205 -0.0400
1.2302 1.6956 -0.0400
1.1940 1.6205 -0.0400
1.1326 1.5861 -0.0400
1.0216 1.6236 -0.0400
-0.0669 3.0247 -0.0400
2.4892 -0.9463 -0.0400
2.4882 -0.9734 -0.0400
2.4915 -1.0036 -0.0400
2.4894 -1.0281 -0.0400
2.4838 -1.0491 -0.0400
2.4732 -1.0656 -0.0400
2.4625 -1.0822 -0.0400
2.4481 -1.0958 -0.0400
2.4337 -1.1096 -0.0400
2.4122 -1.1187 -0.0400
2.3926 -1.1296 -0.0400
2.3537 -1.1286 -0.0400
2.3120 -1.1273 -0.0400
0.5433 -0.1136 -0.0400
-0.9720 0.2911 -0.0400
-0.9723 0.1994 -0.0400
-2.5636 -0.9979 -0.0400
-0.4245 -1.8048 -0.0400
-0.4009 -1.8702 -0.0400
-0.4242 -1.9370 -0.0400
-0.5113 -2.0089 -0.0400
-1.6978 -3.0856 -0.0400
-1.6044 -3.1542 -0.0400
-1.2272 -4.3763 -0.0400
-1.1985 -4.4665 -0.0400
2.9201 -2.1437 -0.0400
2.9444 -2.1350 -0.0400
2.9627 -2.1308 -0.0400
2.9774 -2.1293 -0.0400
2.9908 -2.1287 -0.0400
3.0022 -2.1297 -0.0400
3.0134 -2.1306 -0.0400
3.0232 -2.1326 -0.0400
3.0309 -2.1370 -0.0400
3.0395 -2.1400 -0.0400
3.0481 -2.1429 -0.0400
3.0555 -2.1473 -0.0400
3.0626 -2.1520 -0.0400
3.0691 -2.1575 -0.0400
3.0758 -2.1627 -0.0400
3.0831 -2.1671 -0.0400
3.0910 -2.1704 -0.0400
3.0987 -2.1742 -0.0400
3.1067 -2.1773 -0.0400
3.1137 -2.1819 -0.0400
3.1203 -2.1876 -0.0400
3.1271 -2.1929 -0.0400
3.1339 -2.1983 -0.0400
3.1386 -2.2083 -0.0400
3.1446 -2.2162 -0.0400
3.1503 -2.2251 -0.0400
3.1557 -2.2351 -0.0400
3.1558 -2.2597 -0.0400
3.1552 -2.2888 -0.0400
2.5962 -5.9822 -0.0400
2.6652 -6.0262 -0.0400
3.8180 -5.1241 -0.0400
3.8749 -5.1031 -0.0400
4.2672 -6.9969 -0.0400
6.9334 -3.9935 -0.0400
6.9527 -3.9189 -0.0400
7.0330 -3.8803 -0.0400
7.5679 -0.7878 -0.0400
7.5614 -0.7113 -0.0400
4.8144 -1.3750 -0.0400
4.6771 -1.3871 -0.0400
4.6370 -1.3741 -0.0400
4.5957 -1.3628 -0.0400
4.5077 -1.3690 -0.0400
4.4807 -1.3560 -0.0400
4.4606 -1.3412 -0.0400
4.4396 -1.3272 -0.0400
4.4282 -1.3096 -0.0400
4.4194 -1.2911 -0.0400
4.4150 -1.2704 -0.0400
4.4108 -1.2495 -0.0400
4.4197 -1.2217 -0.0400
4.4246 -1.1952 -0.0400
5.2070 3.7141 -0.0400
5.0991 3.7093 -0.0400
5.0193 3.7939 -0.0400
3.3135 4.1985 -0.0400
3.2087 4.2091 -0.0400
3.1057 4.1660 -0.0400
2.8939 4.2088 -0.0400
2.8034 1.9387 -0.0400
2.7414 1.9110 -0.0400
2.6724 1.9253 -0.0400
2.6108 1.8983 -0.0400
2.5503 1.8682 -0.0400
2.4767 1.8959 -0.0400
2.4004 1.9278 -0.0400
2.3323 1.9235 -0.0400
1.2384 1.6826 -0.0400
1.1930 1.6219 -0.0400
1.1259 1.5959 -0.0400
0.0041 3.1075 -0.0400
2.4848 -0.9215 -0.0400
2.4980 -0.9633 -0.0400
2.4994 -0.9924 -0.0400
2.4963 -1.0167 -0.0400
2.4905 -1.0378 -0.0400
2.4798 -1.0547 -0.0400
2.4696 -1.0717 -0.0400
2.4571 -1.0869 -0.0400
2.4408 -1.0993 -0.0400
2.4255 -1.1126 -0.0400
2.4018 -1.1205 -0.0400
2.3687 -1.1226 -0.0400
2.3379 -1.1274 -0.0400
0.5766 -0.0725 -0.0400
-0.9886 0.3901 -0.0400
-0.9626 0.2837 -0.0400
-2.5637 -0.9996 -0.0400
-0.4401 -1.8100 -0.0400
-0.4014 -1.8753 -0.0400
-0.4135 -1.9415 -0.0400
-1.6900 -3.0860 -0.0400
-1.6288 -3.1635 -0.0400
-1.3002 -4.3125 -0.0400
-1.2277 -4.3778 -0.0400
-1.2175 -4.4790 -0.0400
2.9019 -2.1553 -0.0400
2.9411 -2.1342 -0.0400
2.9607 -2.1290 -0.0400
2.9790 -2.1243 -0.0400
2.9908 -2.1252 -0.0400
3.0015 -2.1269 -0.0400
3.0120 -2.1284 -0.0400
3.0216 -2.1307 -0.0400
3.0300 -2.1340 -0.0400
3.0383 -2.1372 -0.0400
3.0465 -2.1404 -0.0400
3.0540 -2.1444 -0.0400
3.0608 -2.1492 -0.0400
3.0672 -2.1545 -0.0400
3.0736 -2.1599 -0.0400
3.0802 -2.1650 -0.0400
3.0884 -2.1677 -0.0400
3.0963 -2.1708 -0.0400
3.1037 -2.1745 -0.0400
3.1105 -2.1792 -0.0400
3.1174 -2.1838 -0.0400
3.1241 -2.1888 -0.0400
3.1300 -2.1954 -0.0400
3.1362 -2.2018 -0.0400
3.1405 -2.2123 -0.0400
3.1462 -2.2204 -0.0400
3.1517 -2.2294 -0.0400
3.1529 -2.2497 -0.0400
3.1557 -2.2673 -0.0400
2.5978 -5.9451 -0.0400
2.6671 -5.9811 -0.0400
3.8165 -5.1646 -0.0400
3.8729 -5.1369 -0.0400
4.2618 -7.0260 -0.0400
6.9073 -3.9957 -0.0400
6.9368 -3.9277 -0.0400
7.0623 -3.9155 -0.0400
7.6613 -0.8628 -0.0400
7.5784 -0.8028 -0.0400
7.5570 -0.7298 -0.0400
7.5807 -0.6449 -0.0400
4.6691 -1.4023 -0.0400
4.6335 -1.3880 -0.0400
4.6085 -1.3715 -0.0400
4.5342 -1.3726 -0.0400
4.4963 -1.3630 -0.0400
4.4619 -1.3534 -0.0400
4.4468 -1.3369 -0.0400
4.4348 -1.3195 -0.0400
4.4248 -1.3014 -0.0400
4.4191 -1.2812 -0.0400
4.4149 -1.2603 -0.0400
4.4120 -1.2384 -0.0400
4.4283 -1.2060 -0.0400
4.4424 -1.1737 -0.0400
7.2787 0.8782 -0.0400
7.2203 0.9387 -0.0400
7.1930 1.0213 -0.0400
5.2182 3.7089 -0.0400
5.1109 3.7067 -0.0400
5.0058 3.7078 -0.0400
3.2185 4.1680 -0.0400
3.0078 4.2053 -0.0400
2.8098 1.9237 -0.0400
2.7431 1.9254 -0.0400
2.6760 1.9273 -0.0400
2.6183 1.8793 -0.0400
2.5542 1.8666 -0.0400
2.4821 1.8874 -0.0400
2.4028 1.9314 -0.0400
1.2375 1.6852 -0.0400
1.1924 1.6237 -0.0400
1.1224 1.6016 -0.0400
0.0146 3.0974 -0.0400
2.4938 -0.9384 -0.0400
2.5004 -0.9737 -0.0400
2.4983 -0.9996 -0.0400
2.4967 -1.0253 -0.0400
2.4881 -1.0442 -0.0400
2.4774 -1.0611 -0.0400
2.4651 -1.0766 -0.0400
2.4495 -1.0896 -0.0400
2.4349 -1.1035 -0.0400
2.4144 -1.1132 -0.0400
2.3875 -1.1191 -0.0400
2.3474 -1.1170 -0.0400
2.2995 -1.1113 -0.0400
0.5483 -0.0600 -0.0400
-0.9323 0.3594 -0.0400
-0.9389 0.2697 -0.0400
-0.9787 0.1964 -0.0400
-2.5549 -0.8970 -0.0400
-0.4723 -1.7484 -0.0400
-0.4051 -1.8147 -0.0400
-0.4088 -1.8805 -0.0400
-0.4800 -1.9495 -0.0400
-1.6293 -3.0729 -0.0400
-1.6302 -3.1665 -0.0400
-1.2779 -4.3020 -0.0400
-1.2290 -4.3802 -0.0400
-1.2180 -4.4807 -0.0400
2.9216 -2.1352 -0.0400
2.9497 -2.1240 -0.0400
2.9610 -2.1262 -0.0400
2.9766 -2.1242 -0.0400
2.9897 -2.1239 -0.0400
3.0007 -2.1252 -0.0400
3.0113 -2.1267 -0.0400
3.0218 -2.1278 -0.0400
3.0298 -2.1314 -0.0400
3.0377 -2.1349 -0.0400
3.0456 -2.1383 -0.0400
3.0529 -2.1424 -0.0400
3.0596 -2.1470 -0.0400
3.0659 -2.1523 -0.0400
3.0721 -2.1575 -0.0400
3.0787 -2.1623 -0.0400
3.0864 -2.1655 -0.0400
3.0940 -2.1687 -0.0400
3.1016 -2.1719 -0.0400
3.1084 -2.1762 -0.0400
3.1149 -2.1812 -0.0400
3.1209 -2.1870 -0.0400
3.1274 -2.1920 -0.0400
3.1324 -2.2002 -0.0400
3.1383 -2.2068 -0.0400
3.1441 -2.2140 -0.0400
3.1475 -2.2268 -0.0400
3.1524 -2.2369 -0.0400
3.1520 -2.2607 -0.0400
3.1506 -2.2892 -0.0400
2.5924 -5.9502 -0.0400
3.8032 -5.1147 -0.0400
3.8621 -5.1105 -0.0400
4.2482 -7.0045 -0.0400
6.9006 -4.0095 -0.0400
6.9347 -3.9444 -0.0400
7.0120 -3.9045 -0.0400
7.5757 -0.8210 -0.0400
7.5761 -0.7427 -0.0400
4.7946 -1.3794 -0.0400
4.6595 -1.3931 -0.0400
4.6252 -1.3790 -0.0400
4.5305 -1.3867 -0.0400
4.4963 -1.3759 -0.0400
4.4734 -1.3618 -0.0400
4.4566 -1.3459 -0.0400
4.4425 -1.3291 -0.0400
4.4301 -1.3119 -0.0400
4.4227 -1.2925 -0.0400
4.4180 -1.2718 -0.0400
4.4142 -1.2503 -0.0400
4.4282 -1.2192 -0.0400
4.4401 -1.1882 -0.0400
7.3944 0.8347 -0.0400
7.2970 0.8708 -0.0400
7.2318 0.9269 -0.0400
7.1998 1.0062 -0.0400
5.3323 3.6877 -0.0400
5.2318 3.7090 -0.0400
5.1323 3.7321 -0.0400
5.0175 3.7038 -0.0400
3.2275 4.1869 -0.0400
3.1228 4.1863 -0.0400
2.8134 1.9319 -0.0400
2.7490 1.9176 -0.0400
2.6730 1.9690 -0.0400
2.6227 1.8784 -0.0400
2.5539 1.8867 -0.0400
2.4705 1.9540 -0.0400
2.4058 1.9349 -0.0400
2.3248 1.9763 -0.0400
1.2873 1.7433 -0.0400
1.2489 1.6685 -0.0400
1.1851 1.6369 -0.0400
1.0918 1.6498 -0.0400
0.0101 3.1100 -0.0400
2.4867 -0.9085 -0.0400
2.5043 -0.9563 -0.0400
2.5055 -0.9862 -0.0400
2.5015 -1.0103 -0.0400
2.4946 -1.0313 -0.0400
2.4848 -1.0492 -0.0400
2.4734 -1.0657 -0.0400
2.4588 -1.0795 -0.0400
2.4424 -1.0921 -0.0400
2.4225 -1.1023 -0.0400
2.3980 -1.1096 -0.0400
2.3645 -1.1113 -0.0400
2.3341 -1.1163 -0.0400
0.6255 -0.0456 -0.0400
-0.9330 0.3575 -0.0400
-0.9385 0.2671 -0.0400
-2.5618 -0.8975 -0.0400
-2.5842 -1.0000 -0.0400
-0.4097 -1.8198 -0.0400
-0.4590 -1.8868 -0.0400
-1.6318 -3.0764 -0.0400
-1.6200 -3.1665 -0.0400
-1.2939 -4.3127 -0.0400
-1.2442 -4.3908 -0.0400
2.9220 -2.1327 -0.0400
2.9515 -2.1207 -0.0400
2.9632 -2.1226 -0.0400
2.9798 -2.1198 -0.0400
2.9921 -2.1202 -0.0400
3.0035 -2.1211 -0.0400
3.0119 -2.1245 -0.0400
3.0211 -2.1269 -0.0400
3.0293 -2.1302 -0.0400
3.0374 -2.1335 -0.0400
3.0452 -2.1368 -0.0400
3.0526 -2.1404 -0.0400
3.0590 -2.1453 -0.0400
3.0651 -2.1504 -0.0400
3.0713 -2.1556 -0.0400
3.0774 -2.1607 -0.0400
3.0855 -2.1632 -0.0400
3.0928 -2.1665 -0.0400
3.1002 -2.1698 -0.0400
3.1067 -2.1743 -0.0400
3.1132 -2.1788 -0.0400
3.1193 -2.1841 -0.0400
3.1251 -2.1899 -0.0400
3.1311 -2.1956 -0.0400
3.1358 -2.2040 -0.0400
3.1398 -2.2141 -0.0400
3.1452 -2.2220 -0.0400
3.1476 -2.2368 -0.0400
3.1518 -2.2486 -0.0400
3.1550 -2.2636 -0.0400
2.5157 -5.9371 -0.0400
2.5900 -5.9423 -0.0400
2.6503 -6.0300 -0.0400
3.7967 -5.1102 -0.0400
4.1471 -7.0162 -0.0400
4.9422 -4.6976 -0.0400
4.9919 -4.6676 -0.0400
5.0567 -4.6632 -0.0400
7.5878 -0.8358 -0.0400
7.5655 -0.7630 -0.0400
7.5925 -0.6772 -0.0400
4.7946 -1.3928 -0.0400
4.6590 -1.4064 -0.0400
4.6257 -1.3920 -0.0400
4.6047 -1.3744 -0.0400
4.5227 -1.3794 -0.0400
4.4907 -1.3682 -0.0400
4.4598 -1.3576 -0.0400
4.4467 -1.3404 -0.0400
4.4355 -1.3226 -0.0400
4.4271 -1.3036 -0.0400
4.4206 -1.2837 -0.0400
4.4236 -1.2588 -0.0400
4.4266 -1.2334 -0.0400
4.4344 -1.2048 -0.0400
4.4640 -1.1627 -0.0400
7.2976 0.8511 -0.0400
7.2403 0.9126 -0.0400
7.2300 1.0077 -0.0400
5.1311 3.6858 -0.0400
5.0309 3.7033 -0.0400
3.2378 4.1710 -0.0400
2.8818 1.9604 -0.0400
2.8195 1.9270 -0.0400
2.7506 1.9403 -0.0400
2.6871 1.9182 -0.0400
2.6273 1.8795 -0.0400
2.5604 1.8781 -0.0400
2.4800 1.9329 -0.0400
2.4030 1.9640 -0.0400
1.3006 1.7242 -0.0400
1.2532 1.6646 -0.0400
1.1915 1.6295 -0.0400
0.0253 3.0947 -0.0400
2.5088 -0.9380 -0.0400
2.5059 -0.9648 -0.0400
2.5059 -0.9937 -0.0400
2.5013 -1.0173 -0.0400
2.4928 -1.0369 -0.0400
2.4818 -1.0540 -0.0400
2.4689 -1.0694 -0.0400
2.4532 -1.0825 -0.0400
2.4356 -1.0944 -0.0400
2.4154 -1.1046 -0.0400
2.3822 -1.1058 -0.0400
2.3416 -1.1030 -0.0400
0.6570 -0.0025 -0.0400
0.5964 -0.0309 -0.0400
-0.9270 0.4472 -0.0400
-0.9272 0.3526 -0.0400
-0.9423 0.2668 -0.0400
-2.5613 -0.8989 -0.0400
-0.4150 -1.7589 -0.0400
-0.4030 -1.8247 -0.0400
-0.4361 -1.8912 -0.0400
-0.5590 -1.9626 -0.0400
-1.6612 -2.9938 -0.0400
-1.6372 -3.0807 -0.0400
-1.2763 -4.3054 -0.0400
-1.2821 -4.4144 -0.0400
2.9302 -2.1249 -0.0400
2.9498 -2.1211 -0.0400
2.9688 -2.1171 -0.0400
2.9804 -2.1186 -0.0400
2.9933 -2.1186 -0.0400
3.0052 -2.1189 -0.0400
3.0135 -2.1224 -0.0400
3.0224 -2.1251 -0.0400
3.0307 -2.1281 -0.0400
3.0387 -2.1311 -0.0400
3.0456 -2.1354 -0.0400
3.0524 -2.1396 -0.0400
3.0587 -2.1443 -0.0400
3.0648 -2.1493 -0.0400
3.0709 -2.1542 -0.0400
3.0778 -2.1581 -0.0400
3.0852 -2.1613 -0.0400
3.0923 -2.1647 -0.0400
3.0994 -2.1681 -0.0400
3.1058 -2.1725 -0.0400
3.1120 -2.1772 -0.0400
3.1179 -2.1824 -0.0400
3.1237 -2.1879 -0.0400
3.1286 -2.1951 -0.0400
3.1345 -2.2008 -0.0400
3.1387 -2.2098 -0.0400
3.1424 -2.2205 -0.0400
3.1475 -2.2287 -0.0400
3.1493 -2.2447 -0.0400
3.1467 -2.2719 -0.0400
2.5131 -5.9345 -0.0400
2.5872 -5.9393 -0.0400
3.7915 -5.1111 -0.0400
3.8515 -5.1177 -0.0400
4.2321 -7.0154 -0.0400
4.8941 -4.7497 -0.0400
4.9335 -4.7005 -0.0400
4.9843 -4.6729 -0.0400
5.0553 -4.6793 -0.0400
5.2425 -4.8715 -0.0400
4.8307 -1.3960 -0.0400
4.7129 -1.4034 -0.0400
4.6531 -1.3965 -0.0400
4.6077 -1.3866 -0.0400
4.5243 -1.3920 -0.0400
4.4938 -1.3802 -0.0400
4.4724 -1.3658 -0.0400
4.4558 -1.3499 -0.0400
4.4430 -1.3326 -0.0400
4.4328 -1.3143 -0.0400
4.4272 -1.2939 -0.0400
4.4240 -1.2721 -0.0400
4.4235 -1.2486 -0.0400
4.4281 -1.2219 -0.0400
7.3046 0.8355 -0.0400
7.2507 0.8994 -0.0400
7.2159 0.9768 -0.0400
3.2484 4.1702 -0.0400
2.8248 1.9323 -0.0400
2.7537 1.9578 -0.0400
2.6959 1.9004 -0.0400
2.6316 1.8854 -0.0400
2.5596 1.9070 -0.0400
2.4801 1.9551 -0.0400
2.4119 1.9490 -0.0400
1.3059 1.7197 -0.0400
1.2553 1.6653 -0.0400
1.1895 1.6364 -0.0400
0.0997 3.1787 -0.0400
2.4943 -0.8977 -0.0400
2.5163 -0.9519 -0.0400
2.5103 -0.9755 -0.0400
2.5083 -1.0024 -0.0400
2.5016 -1.0242 -0.0400
2.4898 -1.0409 -0.0400
2.4781 -1.0576 -0.0400
2.4634 -1.0717 -0.0400
2.4464 -1.0840 -0.0400
2.4259 -1.0938 -0.0400
2.4011 -1.1009 -0.0400
2.3695 -1.1037 -0.0400
2.3156 -1.0920 -0.0400
0.6553 -0.0049 -0.0400
-0.9421 0.4537 -0.0400
-0.9082 0.3414 -0.0400
-0.9732 0.2800 -0.0400
-2.5663 -0.8993 -0.0400
-0.4194 -1.7637 -0.0400
-0.4280 -1.8298 -0.0400
-0.5146 -1.8978 -0.0400
-1.6785 -3.0009 -0.0400
-1.6308 -3.0821 -0.0400
-1.3254 -4.2297 -0.0400
-1.2799 -4.3099 -0.0400
-1.3153 -4.4354 -0.0400
2.9329 -2.1222 -0.0400
2.9599 -2.1131 -0.0400
2.9724 -2.1142 -0.0400
2.9833 -2.1162 -0.0400
2.9966 -2.1159 -0.0400
3.0055 -2.1189 -0.0400
3.0161 -2.1202 -0.0400
3.0232 -2.1245 -0.0400
3.0317 -2.1272 -0.0400
3.0400 -2.1300 -0.0400
3.0464 -2.1345 -0.0400
3.0530 -2.1387 -0.0400
3.0590 -2.1437 -0.0400
3.0649 -2.1486 -0.0400
3.0708 -2.1536 -0.0400
3.0776 -2.1575 -0.0400
3.0851 -2.1603 -0.0400
3.0923 -2.1636 -0.0400
3.0993 -2.1669 -0.0400
3.1054 -2.1714 -0.0400
3.1115 -2.1760 -0.0400
3.1172 -2.1812 -0.0400
3.1229 -2.1864 -0.0400
3.1278 -2.1931 -0.0400
3.1326 -2.2003 -0.0400
3.1370 -2.2086 -0.0400
3.1407 -2.2184 -0.0400
3.1437 -2.2303 -0.0400
3.1483 -2.2394 -0.0400
3.1486 -2.2587 -0.0400
2.5122 -5.9264 -0.0400
2.5712 -6.0109 -0.0400
3.7303 -5.1297 -0.0400
3.7868 -5.1114 -0.0400
4.1307 -7.0157 -0.0400
4.8876 -4.7553 -0.0400
4.9262 -4.7048 -0.0400
4.9763 -4.6764 -0.0400
5.1506 -4.8581 -0.0400
6.0914 -5.6419 -0.0400
6.1435 -5.5738 -0.0400
4.6243 -1.3944 -0.0400
4.6037 -1.3768 -0.0400
4.5201 -1.3836 -0.0400
4.4768 -1.3774 -0.0400
4.4603 -1.3613 -0.0400
4.4480 -1.3439 -0.0400
4.4376 -1.3256 -0.0400
4.4296 -1.3063 -0.0400
4.4245 -1.2855 -0.0400
4.4323 -1.2577 -0.0400
4.4396 -1.2294 -0.0400
4.4607 -1.1924 -0.0400
7.3978 0.7760 -0.0400
7.3152 0.8220 -0.0400
7.2610 0.8858 -0.0400
7.2283 0.9648 -0.0400
6.5568 1.7058 -0.0400
2.8954 1.9556 -0.0400
2.8315 1.9311 -0.0400
2.7606 1.9545 -0.0400
2.6996 1.9151 -0.0400
2.6380 1.8837 -0.0400
2.5499 1.9808 -0.0400
2.4855 1.9572 -0.0400
2.4081 1.9870 -0.0400
1.3079 1.7220 -0.0400
1.2570 1.6675 -0.0400
1.1490 1.7059 -0.0400
0.1119 3.1694 -0.0400
2.4990 -0.9079 -0.0400
2.5171 -0.9582 -0.0400
2.5108 -0.9817 -0.0400
2.5082 -1.0082 -0.0400
2.4997 -1.0284 -0.0400
2.4873 -1.0447 -0.0400
2.4740 -1.0602 -0.0400
2.4569 -1.0725 -0.0400
2.4405 -1.0856 -0.0400
2.4175 -1.0937 -0.0400
2.3886 -1.0980 -0.0400
2.3462 -1.0934 -0.0400
0.6801 0.0442 -0.0400
0.6468 -0.0022 -0.0400
-0.8867 0.4234 -0.0400
-0.8991 0.3355 -0.0400
-2.5246 -0.8011 -0.0400
-0.4177 -1.7024 -0.0400
-0.4008 -1.7687 -0.0400
-0.4240 -1.8345 -0.0400
-0.5043 -1.9023 -0.0400
-1.6490 -2.9970 -0.0400
-1.6757 -3.0965 -0.0400
-1.3260 -4.2327 -0.0400
-1.2810 -4.3132 -0.0400
2.9238 -2.1175 -0.0400
2.9466 -2.1125 -0.0400
2.9606 -2.1131 -0.0400
2.9738 -2.1138 -0.0400
2.9894 -2.1121 -0.0400
2.9988 -2.1150 -0.0400
3.0109 -2.1153 -0.0400
3.0181 -2.1194 -0.0400
3.0252 -2.1236 -0.0400
3.0339 -2.1260 -0.0400
3.0408 -2.1301 -0.0400
3.0479 -2.1338 -0.0400
3.0538 -2.1387 -0.0400
3.0597 -2.1435 -0.0400
3.0655 -2.1484 -0.0400
3.0713 -2.1533 -0.0400
3.0791 -2.1558 -0.0400
3.0863 -2.1589 -0.0400
3.0933 -2.1621 -0.0400
3.0995 -2.1663 -0.0400
3.1055 -2.1707 -0.0400
3.1114 -2.1753 -0.0400
3.1170 -2.1804 -0.0400
3.1226 -2.1856 -0.0400
3.1267 -2.1932 -0.0400
3.1313 -2.2002 -0.0400
3.1358 -2.2079 -0.0400
3.1397 -2.2168 -0.0400
3.1430 -2.2273 -0.0400
3.1454 -2.2402 -0.0400
3.1459 -2.2581 -0.0400
2.4323 -5.9387 -0.0400
2.5118 -5.9185 -0.0400
2.5612 -6.0517 -0.0400
3.7310 -5.1713 -0.0400
3.7822 -5.1082 -0.0400
4.1277 -7.0448 -0.0400
4.8841 -4.7657 -0.0400
4.9209 -4.7117 -0.0400
4.9847 -4.7077 -0.0400
5.1417 -4.8601 -0.0400
5.2318 -4.8893 -0.0400
6.0780 -5.6425 -0.0400
6.1344 -5.5807 -0.0400
4.4949 -1.3836 -0.0400
4.4737 -1.3692 -0.0400
4.4570 -1.3534 -0.0400
4.4430 -1.3367 -0.0400
4.4353 -1.3172 -0.0400
4.4309 -1.2960 -0.0400
4.4282 -1.2737 -0.0400
4.4305 -1.2484 -0.0400
4.4395 -1.2186 -0.0400
7.4250 0.7727 -0.0400
7.3293 0.8105 -0.0400
7.2710 0.8717 -0.0400
7.2851 0.9844 -0.0400
6.6689 1.6794 -0.0400
6.5717 1.6980 -0.0400
6.5057 1.7497 -0.0400
6.4658 1.8316 -0.0400
2.8993 1.9838 -0.0400
2.8367 1.9451 -0.0400
2.7685 1.9490 -0.0400
2.7087 1.9020 -0.0400
2.6428 1.8930 -0.0400
2.5689 1.9218 -0.0400
2.4916 1.9587 -0.0400
2.4212 1.9595 -0.0400
1.3206 1.7068 -0.0400
1.2538 1.6791 -0.0400
1.1551 1.7021 -0.0400
0.1141 3.1765 -0.0400
2.5080 -0.8895 -0.0400
2.5166 -0.9313 -0.0400
2.5235 -0.9697 -0.0400
2.5154 -0.9913 -0.0400
2.5061 -1.0113 -0.0400
2.4972 -1.0314 -0.0400
2.4844 -1.0476 -0.0400
2.4694 -1.0617 -0.0400
2.4504 -1.0727 -0.0400
2.4325 -1.0849 -0.0400
2.4050 -1.0898 -0.0400
2.3663 -1.0871 -0.0400
2.3265 -1.0850 -0.0400
0.6809 0.0412 -0.0400
0.6345 0.0036 -0.0400
-0.8861 0.4224 -0.0400
-0.9118 0.3411 -0.0400
-2.5386 -0.7994 -0.0400
-0.4126 -1.7072 -0.0400
-0.4011 -1.7734 -0.0400
-0.4262 -1.8392 -0.0400
-1.6640 -3.0035 -0.0400
-1.3287 -4.2370 -0.0400
2.9369 -2.1093 -0.0400
2.9535 -2.1086 -0.0400
2.9678 -2.1090 -0.0400
2.9800 -2.1104 -0.0400
2.9950 -2.1093 -0.0400
3.0045 -2.1120 -0.0400
3.0124 -2.1156 -0.0400
3.0196 -2.1197 -0.0400
3.0289 -2.1219 -0.0400
3.0359 -2.1259 -0.0400
3.0435 -2.1291 -0.0400
3.0493 -2.1339 -0.0400
3.0549 -2.1389 -0.0400
3.0608 -2.1437 -0.0400
3.0664 -2.1486 -0.0400
3.0736 -2.1518 -0.0400
3.0802 -2.1555 -0.0400
3.0875 -2.1584 -0.0400
3.0944 -2.1616 -0.0400
3.1002 -2.1661 -0.0400
3.1060 -2.1705 -0.0400
3.1115 -2.1755 -0.0400
3.1169 -2.1807 -0.0400
3.1222 -2.1859 -0.0400
3.1268 -2.1925 -0.0400
3.1310 -2.1998 -0.0400
3.1352 -2.2075 -0.0400
3.1390 -2.2161 -0.0400
3.1407 -2.2290 -0.0400
3.1431 -2.2413 -0.0400
3.1436 -2.2582 -0.0400
2.4384 -5.9056 -0.0400
2.5101 -5.9196 -0.0400
2.5705 -5.9928 -0.0400
3.7216 -5.1176 -0.0400
3.7799 -5.1181 -0.0400
4.1171 -7.0185 -0.0400
4.8381 -4.8194 -0.0400
4.8677 -4.7498 -0.0400
4.9103 -4.7077 -0.0400
4.9703 -4.6978 -0.0400
5.1313 -4.8584 -0.0400
5.2114 -4.8720 -0.0400
6.0695 -5.6491 -0.0400
6.1493 -5.6194 -0.0400
7.6566 -0.9522 -0.0400
4.4499 -1.3473 -0.0400
4.4396 -1.3289 -0.0400
4.4318 -1.3094 -0.0400
4.4347 -1.2843 -0.0400
4.4381 -1.2583 -0.0400
4.4487 -1.2276 -0.0400
7.4887 0.7924 -0.0400
7.3288 0.7892 -0.0400
7.2884 0.8626 -0.0400
7.2793 0.9587 -0.0400
6.5772 1.6796 -0.0400
6.5148 1.7352 -0.0400
2.9114 1.9484 -0.0400
2.8455 1.9371 -0.0400
2.7697 1.9905 -0.0400
2.7142 1.9123 -0.0400
2.6465 1.9115 -0.0400
2.5637 1.9807 -0.0400
2.4974 1.9640 -0.0400
1.3649 1.7832 -0.0400
1.3222 1.7119 -0.0400
1.2590 1.6779 -0.0400
1.1704 1.6845 -0.0400
2.5222 -0.9090 -0.0400
2.5236 -0.9427 -0.0400
2.5186 -0.9686 -0.0400
2.5174 -0.9976 -0.0400
2.5063 -1.0160 -0.0400
2.4954 -1.0343 -0.0400
2.4812 -1.0495 -0.0400
2.4657 -1.0635 -0.0400
2.4451 -1.0733 -0.0400
2.4261 -1.0848 -0.0400
2.3944 -1.0868 -0.0400
2.3412 -1.0734 -0.0400
0.6734 0.1159 -0.0400
0.6803 0.0398 -0.0400
-0.8741 0.5120 -0.0400
-0.8673 0.4122 -0.0400
-0.9187 0.3443 -0.0400
-2.5193 -0.8032 -0.0400
-0.4594 -1.6429 -0.0400
-0.4051 -1.7118 -0.0400
-0.4027 -1.7778 -0.0400
-0.5173 -1.8436 -0.0400
-1.6798 -2.9176 -0.0400
-1.6544 -3.0043 -0.0400
-1.3786 -4.1618 -0.0400
-1.3198 -4.2354 -0.0400
-1.3424 -4.3517 -0.0400
2.9143 -2.1137 -0.0400
2.9435 -2.1061 -0.0400
2.9591 -2.1062 -0.0400
2.9738 -2.1064 -0.0400
2.9844 -2.1090 -0.0400
3.0000 -2.1076 -0.0400
3.0085 -2.1109 -0.0400
3.0158 -2.1150 -0.0400
3.0231 -2.1189 -0.0400
3.0325 -2.1210 -0.0400
3.0391 -2.1252 -0.0400
3.0451 -2.1298 -0.0400
3.0508 -2.1347 -0.0400
3.0567 -2.1393 -0.0400
3.0622 -2.1442 -0.0400
3.0690 -2.1479 -0.0400
3.0758 -2.1513 -0.0400
3.0822 -2.1551 -0.0400
3.0895 -2.1578 -0.0400
3.0956 -2.1619 -0.0400
3.1013 -2.1663 -0.0400
3.1070 -2.1707 -0.0400
3.1122 -2.1758 -0.0400
3.1171 -2.1815 -0.0400
3.1221 -2.1869 -0.0400
3.1262 -2.1940 -0.0400
3.1299 -2.2018 -0.0400
3.1332 -2.2107 -0.0400
3.1380 -2.2173 -0.0400
3.1406 -2.2279 -0.0400
3.1424 -2.2407 -0.0400
3.1424 -2.2577 -0.0400
2.4379 -5.9040 -0.0400
2.5009 -5.9587 -0.0400
3.7193 -5.1223 -0.0400
4.0195 -7.0246 -0.0400
4.8657 -4.7604 -0.0400
4.9046 -4.7116 -0.0400
5.0687 -4.8874 -0.0400
5.1390 -4.8866 -0.0400
6.0513 -5.6412 -0.0400
6.1381 -5.6217 -0.0400
7.5952 -0.9048 -0.0400
7.6042 -0.8246 -0.0400
