# .PCD v0.7 - Point Cloud Data file format
VERSION 0.7
FIELDS x y z
SIZE 4 4 4
TYPE F F F
COUNT 1 1 1
WIDTH 13130
HEIGHT 1
VIEWPOINT 0 0 0 1 0 0 0
POINTS 13130
DATA ascii
-7.4986 -2.4294 -0.0400
-6.9156 -2.3659 -0.0400
-6.8546 -2.4383 -0.0400
-3.1843 -4.2026 -0.0400
-3.0872 -4.1337 -0.0400
-2.9989 -4.1568 -0.0400
-2.6466 -2.7173 -0.0400
-2.5825 -2.6990 -0.0400
-2.4398 -4.6544 -0.0400
-2.3448 -4.5900 -0.0400
-2.0908 -1.1234 -0.0400
-2.0685 -1.0643 -0.0400
-2.0409 -1.0281 -0.0400
-2.0105 -1.0030 -0.0400
-1.9785 -0.9843 -0.0400
-1.9448 -0.9708 -0.0400
-1.9092 -0.9624 -0.0400
-1.8630 -0.9791 -0.0400
-1.8147 -0.9979 -0.0400
-0.8338 -1.1799 -0.0400
-0.8351 -1.1036 -0.0400
-0.8069 -1.0626 -0.0400
-0.7689 -1.0327 -0.0400
-0.7115 -1.0222 -0.0400
1.4146 -1.6324 -0.0400
1.4252 -1.5394 -0.0400
1.4876 -1.4787 -0.0400
1.5388 -1.4108 -0.0400
1.6197 -1.3585 -0.0400
1.9632 1.4221 -0.0400
2.0686 1.5161 -0.0400
2.0653 1.5998 -0.0400
2.2403 1.7106 -0.0400
2.9654 2.6489 -0.0400
2.8733 2.7276 -0.0400
2.8749 2.8354 -0.0400
0.1716 3.6791 -0.0400
0.1131 3.7178 -0.0400
0.0715 3.7731 -0.0400
-1.5561 2.2334 -0.0400
-1.6151 2.2092 -0.0400
-1.6535 2.2072 -0.0400
-1.7045 2.1878 -0.0400
-1.7491 2.1740 -0.0400
-1.7833 2.1721 -0.0400
-1.8074 2.1832 -0.0400
-1.8284 2.1984 -0.0400
-1.8458 2.2193 -0.0400
-1.8596 2.2463 -0.0400
-1.8631 2.2914 -0.0400
-1.0675 4.2069 -0.0400
-1.1641 4.1503 -0.0400
-1.2271 4.1601 -0.0400
-1.2730 4.2084 -0.0400
-3.7426 5.7049 -0.0400
-4.3143 4.5316 -0.0400
-4.5101 4.6143 -0.0400
-4.5437 4.5251 -0.0400
-4.6174 4.5131 -0.0400
-5.8533 2.4608 -0.0400
-7.4248 -2.5315 -0.0400
-6.8203 -2.4372 -0.0400
-6.7582 -2.5078 -0.0400
-3.0774 -4.2092 -0.0400
-2.9834 -4.1621 -0.0400
-2.8925 -4.1422 -0.0400
-2.5074 -2.6930 -0.0400
-2.4427 -2.7021 -0.0400
-2.2309 -4.5901 -0.0400
-2.0227 -1.0699 -0.0400
-1.9986 -1.0241 -0.0400
-1.9706 -0.9932 -0.0400
-1.9423 -0.9651 -0.0400
-1.9084 -0.9528 -0.0400
-1.8723 -0.9455 -0.0400
-1.8337 -0.9437 -0.0400
-1.7910 -0.9494 -0.0400
-0.2429 -3.4891 -0.0400
-0.7945 -1.1433 -0.0400
-0.7967 -1.0680 -0.0400
-0.7716 -1.0242 -0.0400
-0.7360 -0.9920 -0.0400
-0.6868 -0.9729 -0.0400
-0.6041 -0.9844 -0.0400
1.4729 -1.4605 -0.0400
1.5399 -1.4020 -0.0400
1.5932 -1.3348 -0.0400
1.6629 -1.2755 -0.0400
1.9492 1.5087 -0.0400
1.9661 1.5930 -0.0400
2.0398 1.6871 -0.0400
2.0677 1.7764 -0.0400
2.8403 2.8340 -0.0400
2.8935 2.9611 -0.0400
2.0362 4.4818 -0.0400
0.1323 3.7447 -0.0400
0.0609 3.7702 -0.0400
0.0127 3.8189 -0.0400
-0.0093 3.8966 -0.0400
-1.6271 2.2389 -0.0400
-1.6732 2.2267 -0.0400
-1.7183 2.2137 -0.0400
-1.7657 2.1952 -0.0400
-1.7982 2.1954 -0.0400
-1.8253 2.2024 -0.0400
-1.8481 2.2152 -0.0400
-1.8671 2.2341 -0.0400
-1.8819 2.2604 -0.0400
-1.8864 2.3053 -0.0400
-1.2235 4.1833 -0.0400
-1.2872 4.1913 -0.0400
-1.3299 4.2493 -0.0400
-3.9222 5.6634 -0.0400
-4.3504 4.5783 -0.0400
-4.3877 4.4957 -0.0400
-4.5741 4.5533 -0.0400
-4.6176 4.4852 -0.0400
-4.6779 4.4487 -0.0400
-5.8873 2.3915 -0.0400
-5.9312 2.3431 -0.0400
-7.4113 -2.5782 -0.0400
-6.7934 -2.4688 -0.0400
-6.7736 -2.5758 -0.0400
-3.0384 -4.2083 -0.0400
-2.9442 -4.1478 -0.0400
-2.5432 -2.7258 -0.0400
-2.4803 -2.6897 -0.0400
-2.4142 -2.7179 -0.0400
-2.0246 -1.1389 -0.0400
-2.0111 -1.0556 -0.0400
-1.9863 -1.0134 -0.0400
-1.9612 -0.9756 -0.0400
-1.9287 -0.9594 -0.0400
-1.8945 -0.9479 -0.0400
-1.8582 -0.9411 -0.0400
-1.8190 -0.9403 -0.0400
-1.7573 -0.9865 -0.0400
-0.2661 -3.5562 -0.0400
-0.8029 -1.1047 -0.0400
-0.7891 -1.0480 -0.0400
-0.7579 -1.0111 -0.0400
-0.7191 -0.9820 -0.0400
-0.6626 -0.9696 -0.0400
1.4882 -1.4304 -0.0400
1.5500 -1.3687 -0.0400
1.6060 -1.3030 -0.0400
1.6837 -1.2476 -0.0400
2.0117 1.4661 -0.0400
1.9439 1.5405 -0.0400
2.0668 1.6402 -0.0400
2.0359 1.7200 -0.0400
2.2055 1.8350 -0.0400
2.8701 2.7797 -0.0400
2.8317 2.8743 -0.0400
2.0106 4.5146 -0.0400
0.0992 3.7503 -0.0400
0.0422 3.7901 -0.0400
-0.0017 3.8436 -0.0400
-0.0040 3.9441 -0.0400
-1.5830 2.2636 -0.0400
-1.6491 2.2284 -0.0400
-1.6829 2.2311 -0.0400
-1.7350 2.2082 -0.0400
-1.7768 2.1967 -0.0400
-1.8082 2.1981 -0.0400
-1.8338 2.2070 -0.0400
-1.8559 2.2211 -0.0400
-1.8732 2.2429 -0.0400
-1.8855 2.2737 -0.0400
-1.8986 2.3046 -0.0400
-1.1700 4.2119 -0.0400
-1.2458 4.1948 -0.0400
-1.3084 4.2052 -0.0400
-1.3527 4.2602 -0.0400
-3.8791 5.6921 -0.0400
-3.9623 5.6722 -0.0400
-4.3651 4.5391 -0.0400
-4.4246 4.5030 -0.0400
-4.5959 4.5287 -0.0400
-4.6431 4.4680 -0.0400
-4.7260 4.4700 -0.0400
-5.8825 2.4264 -0.0400
-5.8989 2.3661 -0.0400
-7.4441 -2.5005 -0.0400
-6.8590 -2.4257 -0.0400
-6.7961 -2.4962 -0.0400
-3.1078 -4.2049 -0.0400
-3.0129 -4.1487 -0.0400
-2.9227 -4.1418 -0.0400
-2.5920 -2.7451 -0.0400
-2.5289 -2.6938 -0.0400
-2.4636 -2.7127 -0.0400
-2.2637 -4.5870 -0.0400
-2.0466 -1.1647 -0.0400
-2.0362 -1.0667 -0.0400
-2.0111 -1.0238 -0.0400
-1.9822 -0.9952 -0.0400
-1.9514 -0.9736 -0.0400
-1.9181 -0.9592 -0.0400
-1.8814 -0.9533 -0.0400
-1.8418 -0.9536 -0.0400
-1.7975 -0.9630 -0.0400
-1.7430 -0.9919 -0.0400
-0.3388 -3.5592 -0.0400
-0.2599 -3.5179 -0.0400
-0.8249 -1.1314 -0.0400
-0.8042 -1.0815 -0.0400
-0.7812 -1.0352 -0.0400
-0.7413 -1.0072 -0.0400
-0.6974 -0.9829 -0.0400
-0.6153 -0.9943 -0.0400
1.4644 -1.5845 -0.0400
1.4610 -1.4836 -0.0400
1.5296 -1.4261 -0.0400
1.5756 -1.3549 -0.0400
1.6537 -1.3003 -0.0400
1.7428 -1.2496 -0.0400
1.9505 1.4842 -0.0400
2.0768 1.5825 -0.0400
2.0438 1.6622 -0.0400
2.1075 1.7572 -0.0400
2.8600 2.8075 -0.0400
2.0510 4.4531 -0.0400
0.1501 3.7329 -0.0400
0.0755 3.7555 -0.0400
0.0364 3.8136 -0.0400
0.0062 3.8823 -0.0400
-1.5568 2.2650 -0.0400
-1.6247 2.2297 -0.0400
-1.6650 2.2249 -0.0400
-1.7222 2.1965 -0.0400
-1.7632 2.1866 -0.0400
-1.7944 2.1885 -0.0400
-1.8205 2.1969 -0.0400
-1.8429 2.2104 -0.0400
-1.8614 2.2298 -0.0400
-1.8761 2.2559 -0.0400
-1.8811 2.2996 -0.0400
-1.1997 4.1894 -0.0400
-1.2703 4.1823 -0.0400
-1.3203 4.2220 -0.0400
-3.8965 5.6777 -0.0400
-4.3151 4.5587 -0.0400
-4.3655 4.5040 -0.0400
-4.4400 4.4992 -0.0400
-4.5443 4.5491 -0.0400
-4.5943 4.4931 -0.0400
-4.6587 4.4640 -0.0400
-4.7512 4.4817 -0.0400
-5.8805 2.4813 -0.0400
-5.8790 2.4125 -0.0400
-7.4204 -2.5790 -0.0400
-6.7993 -2.4666 -0.0400
-6.7372 -2.5375 -0.0400
-3.0329 -4.2161 -0.0400
-2.9374 -4.1365 -0.0400
-2.8489 -4.1739 -0.0400
-2.4750 -2.6910 -0.0400
-2.2748 -4.6327 -0.0400
-2.1809 -4.5756 -0.0400
-2.0110 -1.0330 -0.0400
-1.9835 -0.9991 -0.0400
-1.9534 -0.9745 -0.0400
-1.9215 -0.9559 -0.0400
-1.8876 -0.9429 -0.0400
-1.8514 -0.9350 -0.0400
-1.8124 -0.9332 -0.0400
-1.7504 -0.9791 -0.0400
-0.2522 -3.5477 -0.0400
-0.1919 -3.4714 -0.0400
-0.7894 -1.0961 -0.0400
-0.7701 -1.0450 -0.0400
-0.7470 -0.9990 -0.0400
-0.7037 -0.9739 -0.0400
-0.6562 -0.9523 -0.0400
1.4798 -1.4952 -0.0400
1.4990 -1.4087 -0.0400
1.5583 -1.3454 -0.0400
1.6442 -1.2953 -0.0400
1.6865 -1.2211 -0.0400
1.9452 1.5690 -0.0400
2.0431 1.6654 -0.0400
2.0550 1.7517 -0.0400
2.2387 1.8701 -0.0400
2.8811 2.8151 -0.0400
2.8168 2.9009 -0.0400
2.8484 3.0211 -0.0400
1.9990 4.5413 -0.0400
0.0909 3.7746 -0.0400
0.0253 3.8054 -0.0400
-0.0178 3.8595 -0.0400
0.0068 3.9901 -0.0400
-1.6239 2.2415 -0.0400
-1.6574 2.2455 -0.0400
-1.6950 2.2431 -0.0400
-1.7502 2.2155 -0.0400
-1.7910 2.2048 -0.0400
-1.8214 2.2071 -0.0400
-1.8472 2.2153 -0.0400
-1.8678 2.2312 -0.0400
-1.8855 2.2519 -0.0400
-1.8993 2.2799 -0.0400
-1.9025 2.3277 -0.0400
-1.1548 4.2872 -0.0400
-1.2593 4.2069 -0.0400
-1.3257 4.2075 -0.0400
-1.3766 4.2453 -0.0400
-3.8822 5.6723 -0.0400
-4.3936 4.5926 -0.0400
-4.4177 4.4842 -0.0400
-4.6013 4.5348 -0.0400
-4.6459 4.4699 -0.0400
-4.7080 4.4370 -0.0400
-5.9443 2.3277 -0.0400
-7.4865 -2.4831 -0.0400
-6.9211 -2.4285 -0.0400
-6.8244 -2.4723 -0.0400
-3.1280 -4.1719 -0.0400
-3.0343 -4.1339 -0.0400
-2.9456 -4.1579 -0.0400
-2.6083 -2.7241 -0.0400
-2.5443 -2.6954 -0.0400
-2.4781 -2.7253 -0.0400
-2.2848 -4.5856 -0.0400
-2.0617 -1.1316 -0.0400
-2.0427 -1.0616 -0.0400
-2.0162 -1.0219 -0.0400
-1.9863 -0.9949 -0.0400
-1.9552 -0.9730 -0.0400
-1.9193 -0.9646 -0.0400
-1.8807 -0.9624 -0.0400
-1.8381 -0.9686 -0.0400
-1.7882 -0.9892 -0.0400
-0.3528 -3.5558 -0.0400
-0.8374 -1.1147 -0.0400
-0.8108 -1.0713 -0.0400
-0.7786 -1.0347 -0.0400
-0.7330 -1.0121 -0.0400
-0.6819 -0.9943 -0.0400
1.4327 -1.5652 -0.0400
1.4570 -1.4811 -0.0400
1.5200 -1.4203 -0.0400
1.6093 -1.3730 -0.0400
1.6786 -1.3130 -0.0400
1.9700 1.4102 -0.0400
1.9556 1.4907 -0.0400
2.0597 1.5859 -0.0400
2.0536 1.6693 -0.0400
2.2255 1.7817 -0.0400
2.9520 2.7313 -0.0400
2.8810 2.8164 -0.0400
2.1157 4.3731 -0.0400
0.2133 3.7044 -0.0400
0.1321 3.7219 -0.0400
0.0726 3.7591 -0.0400
0.0349 3.8184 -0.0400
-1.5632 2.2299 -0.0400
-1.6089 2.2214 -0.0400
-1.6528 2.2130 -0.0400
-1.7044 2.1932 -0.0400
-1.7525 2.1750 -0.0400
-1.7796 2.1825 -0.0400
-1.8075 2.1883 -0.0400
-1.8305 2.2006 -0.0400
-1.8499 2.2180 -0.0400
-1.8660 2.2407 -0.0400
-1.8693 2.2849 -0.0400
-1.1319 4.1898 -0.0400
-1.2143 4.1592 -0.0400
-1.2697 4.1850 -0.0400
-1.3146 4.2359 -0.0400
-3.8008 5.7176 -0.0400
-3.8805 5.6859 -0.0400
-4.2900 4.5473 -0.0400
-4.3509 4.5161 -0.0400
-4.5446 4.5920 -0.0400
-4.5793 4.5069 -0.0400
-4.6590 4.5055 -0.0400
-5.8491 4.9823 -0.0400
-5.8893 4.8907 -0.0400
-7.4941 -2.4652 -0.0400
-6.9201 -2.4047 -0.0400
-6.8505 -2.4707 -0.0400
-5.1900 -1.9739 -0.0400
-5.1523 -2.0355 -0.0400
-3.2343 -4.2033 -0.0400
-3.1392 -4.1680 -0.0400
-3.0455 -4.1325 -0.0400
-2.9564 -4.1509 -0.0400
-2.6161 -2.7577 -0.0400
-2.5518 -2.7104 -0.0400
-2.3926 -4.6031 -0.0400
-2.2941 -4.6039 -0.0400
-2.0764 -1.0915 -0.0400
-2.0510 -1.0443 -0.0400
-2.0217 -1.0134 -0.0400
-1.9903 -0.9910 -0.0400
-1.9570 -0.9748 -0.0400
-1.9217 -0.9643 -0.0400
-1.8839 -0.9598 -0.0400
-1.8297 -0.9929 -0.0400
-1.7574 -1.0627 -0.0400
-0.3592 -3.5552 -0.0400
-0.8362 -1.1917 -0.0400
-0.8292 -1.1235 -0.0400
-0.8124 -1.0685 -0.0400
-0.7760 -1.0363 -0.0400
-0.7179 -1.0264 -0.0400
-0.6491 -1.0256 -0.0400
1.4162 -1.5549 -0.0400
1.4845 -1.4975 -0.0400
1.5232 -1.4219 -0.0400
1.6082 -1.3720 -0.0400
1.6723 -1.3092 -0.0400
1.9784 1.4145 -0.0400
2.0738 1.5069 -0.0400
2.0569 1.5890 -0.0400
2.2293 1.6978 -0.0400
2.8852 2.7127 -0.0400
2.8608 2.8118 -0.0400
2.1119 4.3720 -0.0400
0.1798 3.6777 -0.0400
0.1184 3.7134 -0.0400
0.0700 3.7613 -0.0400
0.0694 3.8592 -0.0400
-1.5871 2.2129 -0.0400
-1.6236 2.2142 -0.0400
-1.6633 2.2104 -0.0400
-1.7294 2.1722 -0.0400
-1.7597 2.1760 -0.0400
-1.7904 2.1784 -0.0400
-1.8144 2.1891 -0.0400
-1.8338 2.2063 -0.0400
-1.8524 2.2246 -0.0400
-1.8656 2.2519 -0.0400
-1.8690 2.2960 -0.0400
-1.1406 4.1756 -0.0400
-1.2178 4.1554 -0.0400
-1.2711 4.1853 -0.0400
-3.7868 5.6890 -0.0400
-4.2904 4.5666 -0.0400
-4.3413 4.5140 -0.0400
-4.5135 4.5502 -0.0400
-4.5690 4.5057 -0.0400
-4.6440 4.4966 -0.0400
-5.8252 4.9714 -0.0400
-5.8830 4.9019 -0.0400
-5.7628 4.3776 -0.0400
-7.5013 -2.4467 -0.0400
-6.8908 -2.3579 -0.0400
-6.8663 -2.4602 -0.0400
-5.1988 -1.9610 -0.0400
-5.1591 -2.0202 -0.0400
-3.4545 -0.0125 -0.0400
-3.4085 0.0120 -0.0400
-3.2455 -4.1925 -0.0400
-3.1499 -4.1529 -0.0400
-3.0572 -4.1296 -0.0400
-2.6257 -2.7013 -0.0400
-2.5606 -2.7049 -0.0400
-2.4031 -4.6194 -0.0400
-2.3061 -4.5915 -0.0400
-2.0716 -1.1222 -0.0400
-2.0500 -1.0597 -0.0400
-2.0268 -1.0081 -0.0400
-1.9939 -0.9898 -0.0400
-1.9591 -0.9773 -0.0400
-1.9220 -0.9708 -0.0400
-1.8820 -0.9712 -0.0400
-1.8371 -0.9815 -0.0400
-1.7809 -1.0152 -0.0400
-0.4415 -3.6049 -0.0400
-0.3441 -3.5986 -0.0400
-0.8466 -1.1798 -0.0400
-0.8339 -1.1182 -0.0400
-0.8122 -1.0686 -0.0400
-0.7725 -1.0396 -0.0400
-0.7251 -1.0183 -0.0400
1.4159 -1.5551 -0.0400
1.4826 -1.4967 -0.0400
1.5387 -1.4310 -0.0400
1.6118 -1.3741 -0.0400
1.9878 1.3367 -0.0400
1.9566 1.4160 -0.0400
2.0772 1.5106 -0.0400
2.0523 1.5918 -0.0400
2.1018 1.6829 -0.0400
2.9280 2.6211 -0.0400
2.8809 2.7134 -0.0400
2.1120 4.3738 -0.0400
0.1907 3.6931 -0.0400
0.1135 3.7139 -0.0400
0.0753 3.7719 -0.0400
-1.5435 2.2282 -0.0400
-1.5975 2.2115 -0.0400
-1.6439 2.2010 -0.0400
-1.6719 2.2106 -0.0400
-1.7424 2.1667 -0.0400
-1.7704 2.1730 -0.0400
-1.7984 2.1787 -0.0400
-1.8197 2.1929 -0.0400
-1.8385 2.2106 -0.0400
-1.8520 2.2364 -0.0400
-1.8563 2.2775 -0.0400
-1.0480 4.2269 -0.0400
-1.1597 4.1410 -0.0400
-1.2219 4.1515 -0.0400
-1.2676 4.1981 -0.0400
-3.7821 5.6968 -0.0400
-4.2737 4.5469 -0.0400
-4.3408 4.5297 -0.0400
-4.5137 4.5674 -0.0400
-4.5619 4.5092 -0.0400
-5.8166 4.9788 -0.0400
-5.7392 4.3684 -0.0400
-5.7742 4.2896 -0.0400
-5.8990 4.3042 -0.0400
-7.5124 -2.4310 -0.0400
-6.9066 -2.3470 -0.0400
-6.8668 -2.4368 -0.0400
-5.2140 -1.9553 -0.0400
-5.1928 -2.0372 -0.0400
-3.4574 0.0019 -0.0400
-3.4241 0.0093 -0.0400
-3.3912 0.0176 -0.0400
-3.3694 0.0114 -0.0400
-3.3470 0.0064 -0.0400
-2.6350 -2.7022 -0.0400
-2.5698 -2.7040 -0.0400
-2.4144 -4.6303 -0.0400
-2.0854 -1.0892 -0.0400
-2.0588 -1.0444 -0.0400
-2.0285 -1.0154 -0.0400
-1.9963 -0.9939 -0.0400
-1.9622 -0.9787 -0.0400
-1.9221 -0.9799 -0.0400
-1.8794 -0.9859 -0.0400
-1.8294 -1.0074 -0.0400
-0.3647 -3.5727 -0.0400
-0.8492 -1.1780 -0.0400
-0.8464 -1.1046 -0.0400
-0.8115 -1.0700 -0.0400
-0.7698 -1.0428 -0.0400
-0.7184 -1.0254 -0.0400
1.4203 -1.5589 -0.0400
1.4805 -1.4963 -0.0400
1.5429 -1.4342 -0.0400
1.6169 -1.3776 -0.0400
1.9794 1.3393 -0.0400
1.9562 1.4193 -0.0400
2.0751 1.5135 -0.0400
2.1039 1.6013 -0.0400
2.9519 2.6299 -0.0400
2.8774 2.7143 -0.0400
2.8954 2.8271 -0.0400
2.1701 4.2914 -0.0400
0.1592 3.6692 -0.0400
0.1135 3.7195 -0.0400
0.0841 3.7862 -0.0400
-1.5816 2.1977 -0.0400
-1.6191 2.1981 -0.0400
-1.6731 2.1782 -0.0400
-1.7194 2.1647 -0.0400
-1.7516 2.1665 -0.0400
-1.7825 2.1688 -0.0400
-1.8047 2.1818 -0.0400
-1.8239 2.1987 -0.0400
-1.8415 2.2180 -0.0400
-1.8505 2.2505 -0.0400
-1.0775 4.1743 -0.0400
-1.1619 4.1424 -0.0400
-1.2242 4.1525 -0.0400
-1.2669 4.2053 -0.0400
-3.7761 5.6962 -0.0400
-4.2728 4.5606 -0.0400
-4.4668 4.6466 -0.0400
-4.4963 4.5494 -0.0400
-4.5561 4.5139 -0.0400
-4.6440 4.5288 -0.0400
-5.7954 4.9694 -0.0400
-5.7021 4.3436 -0.0400
-5.7697 4.3007 -0.0400
-7.6602 -2.2640 -0.0400
-7.5998 -2.3492 -0.0400
-6.9871 -2.2740 -0.0400
-5.3610 -1.8978 -0.0400
-5.2736 -1.9038 -0.0400
-5.2279 -1.9557 -0.0400
-3.4484 0.0259 -0.0400
-3.4216 0.0252 -0.0400
-3.3935 0.0270 -0.0400
-3.3733 0.0185 -0.0400
-3.3536 0.0096 -0.0400
-3.3362 -0.0028 -0.0400
-3.3214 -0.0195 -0.0400
-2.7730 -2.7430 -0.0400
-2.7067 -2.7042 -0.0400
-2.6414 -2.7119 -0.0400
-2.5226 -4.6017 -0.0400
-2.1189 -1.1254 -0.0400
-2.1001 -1.0486 -0.0400
-2.0677 -1.0252 -0.0400
-2.0338 -1.0083 -0.0400
-1.9980 -0.9973 -0.0400
-1.9601 -0.9924 -0.0400
-1.9191 -0.9949 -0.0400
-1.8728 -1.0090 -0.0400
-0.5335 -3.6483 -0.0400
-0.9222 -1.2489 -0.0400
-0.9087 -1.1854 -0.0400
-0.8816 -1.1403 -0.0400
-0.8459 -1.1063 -0.0400
-0.8027 -1.0807 -0.0400
-0.7053 -1.1134 -0.0400
1.3798 -1.7376 -0.0400
1.3862 -1.6390 -0.0400
1.4487 -1.5778 -0.0400
1.5373 -1.5316 -0.0400
1.6068 -1.4722 -0.0400
1.9748 1.2593 -0.0400
1.9662 1.3405 -0.0400
2.0685 1.4310 -0.0400
2.1205 1.5202 -0.0400
2.9348 2.5206 -0.0400
2.9305 2.6251 -0.0400
2.2319 4.2109 -0.0400
0.2594 3.5800 -0.0400
0.2009 3.6191 -0.0400
0.1604 3.6742 -0.0400
0.1404 3.7493 -0.0400
-1.5379 2.1688 -0.0400
-1.5791 2.1669 -0.0400
-1.6125 2.1718 -0.0400
-1.6411 2.1810 -0.0400
-1.7174 2.1348 -0.0400
-1.7444 2.1425 -0.0400
-1.7698 2.1518 -0.0400
-1.7897 2.1675 -0.0400
-1.8072 2.1863 -0.0400
-1.8171 2.2159 -0.0400
-1.8274 2.2462 -0.0400
-1.0440 4.1098 -0.0400
-1.1180 4.0991 -0.0400
-1.1707 4.1287 -0.0400
-4.1658 4.6680 -0.0400
-4.1992 4.5711 -0.0400
-4.2708 4.5659 -0.0400
-4.4344 4.5908 -0.0400
-4.4981 4.5626 -0.0400
-5.6789 5.1194 -0.0400
-5.7160 5.0215 -0.0400
-5.6121 4.4909 -0.0400
-5.6369 4.3987 -0.0400
-5.7037 4.3555 -0.0400
-7.5366 -2.4004 -0.0400
-6.9304 -2.3185 -0.0400
-5.2378 -1.9349 -0.0400
-5.1919 -1.9870 -0.0400
-3.4632 -0.0054 -0.0400
-3.4165 0.0208 -0.0400
-3.3920 0.0177 -0.0400
-3.3671 0.0159 -0.0400
-3.3476 0.0066 -0.0400
-3.3299 -0.0056 -0.0400
-3.3131 -0.0194 -0.0400
-3.3011 -0.0417 -0.0400
-3.2872 -0.0616 -0.0400
-3.2851 -0.1050 -0.0400
-2.4410 -4.6026 -0.0400
-2.1198 -1.1514 -0.0400
-2.0976 -1.0836 -0.0400
-2.0690 -1.0444 -0.0400
-2.0376 -1.0178 -0.0400
-2.0044 -0.9978 -0.0400
-1.9680 -0.9881 -0.0400
-1.9283 -0.9869 -0.0400
-1.8844 -0.9949 -0.0400
-1.8324 -1.0204 -0.0400
-0.4482 -3.6422 -0.0400
-0.8762 -1.2303 -0.0400
-0.8703 -1.1577 -0.0400
-0.8458 -1.1096 -0.0400
-0.8066 -1.0792 -0.0400
-0.7529 -1.0644 -0.0400
-0.6714 -1.0774 -0.0400
1.3759 -1.6353 -0.0400
1.4291 -1.5682 -0.0400
1.4947 -1.5083 -0.0400
1.5773 -1.4574 -0.0400
2.0081 1.2646 -0.0400
1.9593 1.3438 -0.0400
2.0647 1.4344 -0.0400
2.0637 1.5182 -0.0400
2.2376 1.6230 -0.0400
2.9103 2.6218 -0.0400
2.8900 2.7220 -0.0400
0.3086 3.6306 -0.0400
0.2098 3.6351 -0.0400
0.1513 3.6737 -0.0400
0.1119 3.7299 -0.0400
-1.5184 2.2028 -0.0400
-1.5767 2.1842 -0.0400
-1.6153 2.1837 -0.0400
-1.6446 2.1923 -0.0400
-1.7215 2.1456 -0.0400
-1.7502 2.1514 -0.0400
-1.7746 2.1618 -0.0400
-1.7965 2.1749 -0.0400
-1.8140 2.1936 -0.0400
-1.8298 2.2150 -0.0400
-1.8311 2.2575 -0.0400
-1.0191 4.1663 -0.0400
-1.1144 4.1161 -0.0400
-1.1746 4.1308 -0.0400
-1.2190 4.1779 -0.0400
-3.6826 5.7068 -0.0400
-4.1967 4.5829 -0.0400
-4.2577 4.5542 -0.0400
-4.4433 4.6269 -0.0400
-4.4826 4.5503 -0.0400
-4.5450 4.5206 -0.0400
-5.7577 5.0978 -0.0400
-5.6906 4.3603 -0.0400
-5.7495 4.3085 -0.0400
-6.8971 -2.3814 -0.0400
-5.2036 -1.9677 -0.0400
-3.4134 0.0140 -0.0400
-3.3877 0.0126 -0.0400
-3.3647 0.0081 -0.0400
-3.3418 0.0039 -0.0400
-3.3230 -0.0067 -0.0400
-3.3069 -0.0219 -0.0400
-3.2908 -0.0376 -0.0400
-3.2817 -0.0669 -0.0400
-3.2699 -0.0927 -0.0400
-2.0656 -1.0836 -0.0400
-2.0442 -1.0215 -0.0400
-2.0114 -0.9997 -0.0400
-1.9770 -0.9836 -0.0400
-1.9407 -0.9729 -0.0400
-1.9020 -0.9680 -0.0400
-1.8598 -0.9708 -0.0400
-1.7761 -1.0675 -0.0400
-0.3927 -3.5755 -0.0400
-0.8683 -1.1656 -0.0400
-0.8474 -1.1127 -0.0400
-0.8159 -1.0731 -0.0400
-0.7752 -1.0441 -0.0400
-0.7243 -1.0255 -0.0400
-0.6496 -1.0300 -0.0400
1.4185 -1.5653 -0.0400
1.4895 -1.5088 -0.0400
1.5813 -1.4631 -0.0400
1.6163 -1.3832 -0.0400
1.9624 1.3475 -0.0400
1.9538 1.4287 -0.0400
2.0660 1.5218 -0.0400
2.0740 1.6070 -0.0400
2.2401 1.7141 -0.0400
2.8851 2.7228 -0.0400
2.1150 4.3851 -0.0400
0.2780 3.7043 -0.0400
0.1621 3.6921 -0.0400
0.1080 3.7346 -0.0400
0.0941 3.8164 -0.0400
-1.5637 2.2126 -0.0400
-1.6110 2.2038 -0.0400
-1.6463 2.2060 -0.0400
-1.7225 2.1605 -0.0400
-1.7541 2.1631 -0.0400
-1.7804 2.1713 -0.0400
-1.8036 2.1827 -0.0400
-1.8224 2.1997 -0.0400
-1.8383 2.2207 -0.0400
-1.8521 2.2451 -0.0400
-1.8611 2.2774 -0.0400
-1.0843 4.1859 -0.0400
-1.1756 4.1400 -0.0400
-1.2326 4.1603 -0.0400
-1.2614 4.2431 -0.0400
-3.7594 5.6917 -0.0400
-4.2609 4.5765 -0.0400
-4.3117 4.5257 -0.0400
-4.3917 4.5369 -0.0400
-4.4820 4.5646 -0.0400
-4.5372 4.5215 -0.0400
-4.6131 4.5166 -0.0400
-5.7944 5.0197 -0.0400
-5.8424 4.9390 -0.0400
-5.6915 4.3791 -0.0400
-5.7396 4.3157 -0.0400
-5.8335 4.3005 -0.0400
-5.1464 2.7652 -0.0400
-5.1057 2.6747 -0.0400
-5.1310 2.6305 -0.0400
-5.1673 2.5932 -0.0400
-5.3249 -1.8811 -0.0400
-5.2633 -1.9152 -0.0400
-5.2427 -1.9979 -0.0400
-3.4801 0.0117 -0.0400
-3.4442 0.0224 -0.0400
-3.4164 0.0234 -0.0400
-3.3921 0.0201 -0.0400
-3.3680 0.0172 -0.0400
-3.3490 0.0069 -0.0400
-3.3312 -0.0055 -0.0400
-3.3170 -0.0242 -0.0400
-3.3025 -0.0432 -0.0400
-3.2984 -0.0825 -0.0400
-3.2972 -0.1301 -0.0400
-2.1137 -1.0720 -0.0400
-2.0824 -1.0414 -0.0400
-2.0494 -1.0188 -0.0400
-2.0150 -1.0016 -0.0400
-1.9766 -0.9965 -0.0400
-1.9356 -0.9974 -0.0400
-1.8903 -1.0078 -0.0400
-1.8347 -1.0410 -0.0400
-0.4590 -3.6612 -0.0400
-0.8950 -1.2163 -0.0400
-0.8799 -1.1547 -0.0400
-0.8502 -1.1124 -0.0400
-0.8016 -1.0920 -0.0400
-0.7363 -1.0891 -0.0400
1.3842 -1.6474 -0.0400
1.4417 -1.5825 -0.0400
1.5055 -1.5208 -0.0400
1.5993 -1.4758 -0.0400
1.9682 1.2674 -0.0400
2.0054 1.3517 -0.0400
2.0590 1.4387 -0.0400
2.2456 1.5409 -0.0400
2.9354 2.5262 -0.0400
2.9159 2.6265 -0.0400
2.2229 4.2125 -0.0400
0.2546 3.5963 -0.0400
0.1914 3.6313 -0.0400
0.1502 3.6854 -0.0400
0.1341 3.7638 -0.0400
-1.5573 2.1866 -0.0400
-1.6139 2.1688 -0.0400
-1.6734 2.1453 -0.0400
-1.7135 2.1401 -0.0400
-1.7433 2.1450 -0.0400
-1.7680 2.1551 -0.0400
-1.7890 2.1692 -0.0400
-1.8051 2.1894 -0.0400
-1.8189 2.2129 -0.0400
-1.8289 2.2423 -0.0400
-0.9734 4.1372 -0.0400
-1.0521 4.1213 -0.0400
-1.1250 4.1127 -0.0400
-1.1742 4.1488 -0.0400
-3.6749 5.7055 -0.0400
-4.1466 4.6608 -0.0400
-4.1850 4.5771 -0.0400
-4.2534 4.5663 -0.0400
-4.4219 4.6059 -0.0400
-4.4711 4.5502 -0.0400
-4.5373 4.5287 -0.0400
-5.6934 5.0412 -0.0400
-5.6445 4.4528 -0.0400
-5.6741 4.3680 -0.0400
-5.7471 4.3321 -0.0400
-5.0563 2.7712 -0.0400
-5.0704 2.7188 -0.0400
-5.0972 2.6758 -0.0400
-5.1363 2.6408 -0.0400
-5.1919 2.6156 -0.0400
-5.2753 -1.9041 -0.0400
-5.2374 -1.9660 -0.0400
-3.4640 0.0156 -0.0400
-3.4319 0.0222 -0.0400
-3.4004 0.0292 -0.0400
-3.3791 0.0218 -0.0400
-3.3593 0.0125 -0.0400
-3.3409 0.0010 -0.0400
-3.3261 -0.0169 -0.0400
-3.3114 -0.0354 -0.0400
-3.2981 -0.0573 -0.0400
-3.3048 -0.1197 -0.0400
-2.1486 -1.1210 -0.0400
-2.1198 -1.0766 -0.0400
-2.0883 -1.0458 -0.0400
-2.0552 -1.0226 -0.0400
-2.0208 -1.0046 -0.0400
-1.9830 -0.9973 -0.0400
-1.9427 -0.9960 -0.0400
-1.8986 -1.0031 -0.0400
-0.5416 -3.7245 -0.0400
-0.4810 -3.6375 -0.0400
-0.9173 -1.2775 -0.0400
-0.9140 -1.1985 -0.0400
-0.8888 -1.1496 -0.0400
-0.8534 -1.1138 -0.0400
-0.8086 -1.0890 -0.0400
-0.7508 -1.0778 -0.0400
1.3287 -1.7178 -0.0400
1.3928 -1.6574 -0.0400
1.4438 -1.5878 -0.0400
1.5242 -1.5361 -0.0400
1.9972 1.1882 -0.0400
1.9608 1.2690 -0.0400
2.0765 1.3580 -0.0400
2.0711 1.4417 -0.0400
2.2422 1.5424 -0.0400
3.0015 2.4385 -0.0400
2.9308 2.5263 -0.0400
2.9249 2.6304 -0.0400
2.2369 4.2237 -0.0400
0.2598 3.6070 -0.0400
0.1902 3.6366 -0.0400
0.1691 3.7093 -0.0400
-1.5479 2.1681 -0.0400
-1.5901 2.1657 -0.0400
-1.6217 2.1726 -0.0400
-1.6856 2.1445 -0.0400
-1.7235 2.1414 -0.0400
-1.7565 2.1425 -0.0400
-1.7769 2.1574 -0.0400
-1.7944 2.1755 -0.0400
-1.8092 2.1973 -0.0400
-1.8214 2.2229 -0.0400
-1.0721 4.0935 -0.0400
-1.1316 4.1095 -0.0400
-3.5926 5.7317 -0.0400
-3.6737 5.7137 -0.0400
-4.1825 4.5799 -0.0400
-4.2458 4.5580 -0.0400
-4.3650 4.6567 -0.0400
-4.4068 4.5840 -0.0400
-4.4681 4.5537 -0.0400
-4.5553 4.5725 -0.0400
-5.6962 5.0579 -0.0400
-5.7664 5.0059 -0.0400
-5.6136 4.4289 -0.0400
-5.6717 4.3771 -0.0400
-5.0540 2.7792 -0.0400
-5.0660 2.7254 -0.0400
-5.0922 2.6822 -0.0400
-5.1427 2.6548 -0.0400
-5.1894 2.6240 -0.0400
-5.3481 -1.8577 -0.0400
-5.2899 -1.8960 -0.0400
-3.4697 0.0288 -0.0400
-3.4394 0.0327 -0.0400
-3.4139 0.0308 -0.0400
-3.3911 0.0255 -0.0400
-3.3703 0.0174 -0.0400
-3.3519 0.0059 -0.0400
-3.3351 -0.0087 -0.0400
-3.3196 -0.0259 -0.0400
-3.3059 -0.0469 -0.0400
-3.3074 -0.0990 -0.0400
-2.1572 -1.1187 -0.0400
-2.1274 -1.0774 -0.0400
-2.0953 -1.0482 -0.0400
-2.0636 -1.0199 -0.0400
-2.0273 -1.0074 -0.0400
-1.9895 -0.9994 -0.0400
-1.9494 -0.9971 -0.0400
-1.8936 -1.0341 -0.0400
-0.9265 -1.1899 -0.0400
-0.8944 -1.1494 -0.0400
-0.8531 -1.1204 -0.0400
-0.8011 -1.1033 -0.0400
-0.7240 -1.1128 -0.0400
1.3289 -1.7232 -0.0400
1.3926 -1.6623 -0.0400
1.4445 -1.5930 -0.0400
1.5329 -1.5460 -0.0400
2.0079 1.1899 -0.0400
1.9590 1.2706 -0.0400
2.0634 1.3588 -0.0400
2.0843 1.4443 -0.0400
2.2489 1.5445 -0.0400
2.9316 2.5275 -0.0400
2.9565 2.6402 -0.0400
2.2321 4.2228 -0.0400
0.3132 3.5688 -0.0400
0.2344 3.5917 -0.0400
0.1849 3.6385 -0.0400
0.1580 3.7056 -0.0400
-1.5553 2.1724 -0.0400
-1.6097 2.1581 -0.0400
-1.6769 2.1282 -0.0400
-1.7130 2.1277 -0.0400
-1.7402 2.1356 -0.0400
-1.7633 2.1475 -0.0400
-1.7834 2.1626 -0.0400
-1.7997 2.1821 -0.0400
-1.8039 2.2172 -0.0400
-1.8040 2.2592 -0.0400
-1.0104 4.0900 -0.0400
-1.0813 4.0863 -0.0400
-1.1341 4.1146 -0.0400
-1.1732 4.1707 -0.0400
-3.5881 5.7192 -0.0400
-4.1801 4.5814 -0.0400
-4.3706 4.6770 -0.0400
-4.4044 4.5872 -0.0400
-4.4627 4.5511 -0.0400
-5.6419 5.1439 -0.0400
-5.6799 5.0480 -0.0400
-5.6218 4.4493 -0.0400
-5.6621 4.3774 -0.0400
-5.0580 2.7911 -0.0400
-5.0633 2.7325 -0.0400
-5.0963 2.6940 -0.0400
-5.1372 2.6605 -0.0400
-5.1824 2.6290 -0.0400
-5.7884 2.5859 -0.0400
-5.8245 2.5365 -0.0400
-7.6419 -2.2511 -0.0400
-5.3011 -1.8836 -0.0400
-5.2627 -1.9449 -0.0400
-3.4996 0.0087 -0.0400
-3.4588 0.0264 -0.0400
-3.4297 0.0293 -0.0400
-3.4007 0.0330 -0.0400
-3.3805 0.0241 -0.0400
-3.3616 0.0131 -0.0400
-3.3442 -0.0003 -0.0400
-3.3278 -0.0160 -0.0400
-3.3199 -0.0479 -0.0400
-3.3106 -0.0789 -0.0400
-2.0708 -1.0226 -0.0400
-2.0341 -1.0108 -0.0400
-1.9960 -1.0030 -0.0400
-1.9494 -1.0181 -0.0400
-1.9011 -1.0345 -0.0400
-1.8304 -1.1029 -0.0400
-0.5883 -3.6734 -0.0400
-0.9330 -1.2733 -0.0400
-0.9230 -1.2023 -0.0400
-0.8958 -1.1552 -0.0400
-0.8582 -1.1214 -0.0400
-0.7867 -1.1265 -0.0400
1.3339 -1.7325 -0.0400
1.3956 -1.6699 -0.0400
1.4787 -1.6204 -0.0400
1.5317 -1.5505 -0.0400
1.9608 1.1899 -0.0400
1.9881 1.2730 -0.0400
2.0614 1.3599 -0.0400
2.0726 1.4448 -0.0400
2.2918 1.5497 -0.0400
2.9815 2.4352 -0.0400
2.9513 2.5333 -0.0400
0.2793 3.5471 -0.0400
0.2250 3.5901 -0.0400
0.1932 3.6523 -0.0400
-1.5432 2.1569 -0.0400
-1.5859 2.1549 -0.0400
-1.6164 2.1632 -0.0400
-1.6858 2.1312 -0.0400
-1.7205 2.1321 -0.0400
-1.7513 2.1361 -0.0400
-1.7706 2.1520 -0.0400
-1.7862 2.1723 -0.0400
-1.7991 2.1961 -0.0400
-1.8074 2.2263 -0.0400
-1.7998 2.2782 -0.0400
-0.9392 4.1011 -0.0400
-1.0220 4.0794 -0.0400
-1.0867 4.0866 -0.0400
-1.1354 4.1227 -0.0400
-3.5861 5.7175 -0.0400
-4.1150 4.6033 -0.0400
-4.1778 4.5817 -0.0400
-4.3685 4.6791 -0.0400
-4.3978 4.5802 -0.0400
-4.4703 4.5733 -0.0400
-5.6518 5.1687 -0.0400
-5.6764 5.0544 -0.0400
-5.5988 4.4327 -0.0400
-5.6643 4.3899 -0.0400
-5.0400 2.8494 -0.0400
-5.0350 2.7824 -0.0400
-5.0535 2.7339 -0.0400
-5.0876 2.6965 -0.0400
-5.1317 2.6655 -0.0400
-5.1722 2.6313 -0.0400
-5.7815 2.6600 -0.0400
-5.7835 2.5937 -0.0400
-5.8250 2.5472 -0.0400
-7.6014 -2.3258 -0.0400
-7.0677 -2.1855 -0.0400
-6.9967 -2.2509 -0.0400
-3.5062 0.0210 -0.0400
-3.4677 0.0355 -0.0400
-3.4391 0.0376 -0.0400
-3.4145 0.0346 -0.0400
-3.3925 0.0281 -0.0400
-3.3723 0.0191 -0.0400
-3.3555 0.0045 -0.0400
-3.3395 -0.0120 -0.0400
-3.3257 -0.0330 -0.0400
-3.3141 -0.0592 -0.0400
-3.3074 -0.0969 -0.0400
-1.9554 -1.0243 -0.0400
-1.9066 -1.0413 -0.0400
-0.5988 -3.6782 -0.0400
-0.9588 -1.2488 -0.0400
-0.9352 -1.1957 -0.0400
-0.9012 -1.1570 -0.0400
-0.8578 -1.1298 -0.0400
-0.8029 -1.1156 -0.0400
-0.7158 -1.1356 -0.0400
1.3048 -1.8250 -0.0400
1.3245 -1.7326 -0.0400
1.3953 -1.6761 -0.0400
1.4643 -1.6172 -0.0400
1.5295 -1.5550 -0.0400
1.9601 1.1907 -0.0400
2.0670 1.2769 -0.0400
2.0643 1.3609 -0.0400
2.2510 1.4589 -0.0400
2.9540 2.4291 -0.0400
2.9473 2.5328 -0.0400
2.2724 4.1311 -0.0400
0.2815 3.5551 -0.0400
0.2221 3.5940 -0.0400
0.1852 3.6517 -0.0400
-1.5738 2.1403 -0.0400
-1.6042 2.1491 -0.0400
-1.6761 2.1165 -0.0400
-1.7095 2.1193 -0.0400
-1.7358 2.1284 -0.0400
-1.7578 2.1416 -0.0400
-1.7767 2.1580 -0.0400
-1.7921 2.1785 -0.0400
-1.7915 2.2185 -0.0400
-0.9461 4.0995 -0.0400
-1.0292 4.0770 -0.0400
-1.0912 4.0890 -0.0400
-3.5854 5.7198 -0.0400
-4.1117 4.5993 -0.0400
-4.1781 4.5870 -0.0400
-4.3361 4.6140 -0.0400
-4.3948 4.5795 -0.0400
-4.4670 4.5724 -0.0400
-5.6140 5.1260 -0.0400
-5.6730 5.0599 -0.0400
-5.5932 4.4352 -0.0400
-5.6928 4.4312 -0.0400
-5.0386 2.7925 -0.0400
-5.0516 2.7401 -0.0400
-5.0961 2.7101 -0.0400
-5.1337 2.6747 -0.0400
-5.2060 2.6608 -0.0400
-5.7852 2.6715 -0.0400
-5.7793 2.6013 -0.0400
-5.8197 2.5545 -0.0400
-7.6607 -2.2167 -0.0400
-7.0021 -2.2312 -0.0400
-3.4957 0.0176 -0.0400
-3.4588 0.0307 -0.0400
-3.4247 0.0417 -0.0400
-3.4029 0.0349 -0.0400
-3.3829 0.0255 -0.0400
-3.3646 0.0134 -0.0400
-3.3476 -0.0013 -0.0400
-3.3320 -0.0186 -0.0400
-3.3281 -0.0596 -0.0400
-3.3287 -0.1123 -0.0400
-3.4889 -4.1876 -0.0400
-3.3857 -4.1152 -0.0400
-0.6089 -3.6853 -0.0400
-0.9526 -1.2675 -0.0400
-0.9350 -1.2060 -0.0400
-0.9040 -1.1629 -0.0400
-0.8538 -1.1435 -0.0400
-0.7869 -1.1425 -0.0400
1.3512 -1.7586 -0.0400
1.4001 -1.6864 -0.0400
1.4831 -1.6362 -0.0400
1.5634 -1.5827 -0.0400
1.9877 1.1089 -0.0400
1.9624 1.1911 -0.0400
2.0661 1.2772 -0.0400
2.0652 1.3614 -0.0400
2.2470 1.4589 -0.0400
3.0473 2.3447 -0.0400
2.9554 2.4295 -0.0400
2.9609 2.5364 -0.0400
2.2712 4.1321 -0.0400
0.3259 3.5095 -0.0400
0.2636 3.5467 -0.0400
0.2238 3.6017 -0.0400
-1.5394 2.1451 -0.0400
-1.5805 2.1454 -0.0400
-1.6109 2.1542 -0.0400
-1.6839 2.1208 -0.0400
-1.7246 2.1162 -0.0400
-1.7460 2.1302 -0.0400
-1.7643 2.1472 -0.0400
-1.7791 2.1682 -0.0400
-1.7905 2.1934 -0.0400
-1.7962 2.2261 -0.0400
-0.9481 4.1063 -0.0400
-1.0435 4.0626 -0.0400
-1.0881 4.1056 -0.0400
-3.5050 5.7423 -0.0400
-4.0803 4.7064 -0.0400
-4.1124 4.6038 -0.0400
-4.1855 4.6080 -0.0400
-4.3316 4.6080 -0.0400
-4.3932 4.5803 -0.0400
-4.4685 4.5802 -0.0400
-5.6225 5.1471 -0.0400
-5.5536 4.5165 -0.0400
-5.5870 4.4362 -0.0400
-5.6600 4.4027 -0.0400
-5.0205 2.8487 -0.0400
-5.0225 2.7874 -0.0400
-5.0453 2.7426 -0.0400
-5.0842 2.7091 -0.0400
-5.1248 2.6761 -0.0400
-5.1757 2.6490 -0.0400
-5.7767 2.6091 -0.0400
-7.6789 -2.2055 -0.0400
-7.6415 -2.3062 -0.0400
-7.0849 -2.1515 -0.0400
-7.0185 -2.2203 -0.0400
-3.4408 0.0400 -0.0400
-3.4166 0.0366 -0.0400
-3.3948 0.0299 -0.0400
-3.3756 0.0192 -0.0400
-3.3588 0.0042 -0.0400
-3.3436 -0.0141 -0.0400
-3.3308 -0.0378 -0.0400
-3.3212 -0.0691 -0.0400
-3.5028 -4.1637 -0.0400
-3.4038 -4.1235 -0.0400
-3.3106 -4.1195 -0.0400
-3.2262 -4.2061 -0.0400
-0.9754 -1.2487 -0.0400
-0.9469 -1.2015 -0.0400
-0.9093 -1.1667 -0.0400
-0.8631 -1.1423 -0.0400
-0.8046 -1.1315 -0.0400
1.2787 -1.8221 -0.0400
1.3300 -1.7518 -0.0400
1.3921 -1.6887 -0.0400
1.4941 -1.6509 -0.0400
1.9818 1.1087 -0.0400
1.9717 1.1912 -0.0400
2.0652 1.2771 -0.0400
2.0903 1.3628 -0.0400
2.3025 1.4628 -0.0400
2.9886 2.3317 -0.0400
2.9541 2.4289 -0.0400
2.2742 4.1355 -0.0400
0.3258 3.5152 -0.0400
0.2615 3.5509 -0.0400
-1.4822 2.1676 -0.0400
-1.5696 2.1295 -0.0400
-1.6217 2.1192 -0.0400
-1.6746 2.1058 -0.0400
-1.7063 2.1107 -0.0400
-1.7314 2.1213 -0.0400
-1.7523 2.1358 -0.0400
-1.7703 2.1533 -0.0400
-1.7770 2.1833 -0.0400
-1.7815 2.2169 -0.0400
-0.8927 4.0896 -0.0400
-0.9823 4.0592 -0.0400
-1.0481 4.0655 -0.0400
-1.0937 4.1065 -0.0400
-3.5028 5.7293 -0.0400
-4.0510 4.6288 -0.0400
-4.1091 4.5966 -0.0400
-4.2901 4.6847 -0.0400
-4.3332 4.6143 -0.0400
-4.3941 4.5853 -0.0400
-4.4800 4.6068 -0.0400
-5.5479 5.2003 -0.0400
-5.5878 5.1064 -0.0400
-5.5248 4.4889 -0.0400
-5.5885 4.4454 -0.0400
-5.0489 2.8765 -0.0400
-5.0268 2.7968 -0.0400
-5.0448 2.7484 -0.0400
-5.0911 2.7202 -0.0400
-5.1310 2.6868 -0.0400
-5.7513 2.6713 -0.0400
-5.7736 2.6160 -0.0400
-7.6861 -2.1873 -0.0400
-7.0204 -2.1983 -0.0400
-3.4010 0.0358 -0.0400
-3.3831 0.0228 -0.0400
-3.3666 0.0074 -0.0400
-3.3593 -0.0256 -0.0400
-3.3514 -0.0595 -0.0400
-3.6095 -4.1667 -0.0400
-3.5041 -4.0924 -0.0400
-3.4126 -4.1019 -0.0400
-2.8984 -2.7092 -0.0400
-1.0236 -1.3686 -0.0400
-1.0147 -1.2908 -0.0400
-0.9869 -1.2416 -0.0400
-0.9506 -1.2045 -0.0400
-0.8921 -1.1954 -0.0400
-0.8131 -1.2093 -0.0400
1.2172 -1.8910 -0.0400
1.2939 -1.8393 -0.0400
1.3611 -1.7794 -0.0400
1.4318 -1.7212 -0.0400
1.9702 1.0257 -0.0400
2.0341 1.1083 -0.0400
2.0737 1.1927 -0.0400
2.1165 1.2786 -0.0400
3.0033 2.2295 -0.0400
3.0054 2.3348 -0.0400
2.3806 3.9607 -0.0400
0.3648 3.4628 -0.0400
-1.4712 2.1096 -0.0400
-1.5225 2.1046 -0.0400
-1.5578 2.1109 -0.0400
-1.6221 2.0909 -0.0400
-1.6645 2.0879 -0.0400
-1.7011 2.0887 -0.0400
-1.7208 2.1045 -0.0400
-1.7376 2.1232 -0.0400
-1.7508 2.1455 -0.0400
-1.7610 2.1716 -0.0400
-1.7637 2.2066 -0.0400
-0.8232 4.0906 -0.0400
-0.9483 4.0068 -0.0400
-0.9953 4.0446 -0.0400
-3.4220 5.7415 -0.0400
-3.9864 4.6429 -0.0400
-4.0462 4.6157 -0.0400
-4.2085 4.6665 -0.0400
-4.2646 4.6266 -0.0400
-4.3410 4.6329 -0.0400
-5.4696 5.2442 -0.0400
-5.5121 5.1529 -0.0400
-5.4624 4.5378 -0.0400
-5.5198 4.4871 -0.0400
-5.6360 4.5057 -0.0400
-4.9731 2.8847 -0.0400
-4.9811 2.8279 -0.0400
-5.0078 2.7863 -0.0400
-5.0491 2.7552 -0.0400
-5.0894 2.7229 -0.0400
-5.7333 2.7342 -0.0400
-5.7374 2.6692 -0.0400
-7.8286 -2.0161 -0.0400
-7.7424 -2.0849 -0.0400
-7.1401 -2.0363 -0.0400
-7.1065 -2.1290 -0.0400
-5.4552 -1.7576 -0.0400
-5.4007 -1.8003 -0.0400
-3.3629 -0.0059 -0.0400
-3.3509 -0.0312 -0.0400
-3.3434 -0.0668 -0.0400
-3.6257 -4.1561 -0.0400
-3.5267 -4.1257 -0.0400
-3.4322 -4.1177 -0.0400
-2.9134 -2.7136 -0.0400
-2.8468 -2.7338 -0.0400
-2.7904 -4.6033 -0.0400
-1.0279 -1.3770 -0.0400
-1.0193 -1.2982 -0.0400
-0.9917 -1.2481 -0.0400
-0.9535 -1.2132 -0.0400
-0.9013 -1.1959 -0.0400
-0.8322 -1.1979 -0.0400
1.2176 -1.9012 -0.0400
1.2895 -1.8456 -0.0400
1.3847 -1.8054 -0.0400
1.4485 -1.7416 -0.0400
1.9711 1.0245 -0.0400
2.0810 1.1071 -0.0400
2.0793 1.1918 -0.0400
2.2728 1.2829 -0.0400
3.0030 2.2282 -0.0400
3.0014 2.3328 -0.0400
2.3725 3.9571 -0.0400
0.4580 3.4513 -0.0400
0.3404 3.4498 -0.0400
-1.4943 2.1014 -0.0400
-1.5370 2.1029 -0.0400
-1.5672 2.1135 -0.0400
-1.6578 2.0707 -0.0400
-1.6848 2.0807 -0.0400
-1.7076 2.0940 -0.0400
-1.7270 2.1102 -0.0400
-1.7426 2.1301 -0.0400
-1.7463 2.1623 -0.0400
-1.7471 2.1989 -0.0400
-0.8701 4.0280 -0.0400
-0.9517 4.0119 -0.0400
-1.0023 4.0437 -0.0400
-3.4226 5.7403 -0.0400
-3.9538 4.7511 -0.0400
-3.9845 4.6355 -0.0400
-4.0479 4.6188 -0.0400
-4.2056 4.6592 -0.0400
-4.2632 4.6236 -0.0400
-4.3388 4.6287 -0.0400
-5.4615 5.2381 -0.0400
-5.5088 5.1542 -0.0400
-5.4591 4.5392 -0.0400
-5.5484 4.5278 -0.0400
-4.9542 2.8740 -0.0400
-4.9739 2.8271 -0.0400
-5.0093 2.7923 -0.0400
-5.0542 2.7640 -0.0400
-5.0980 2.7341 -0.0400
-5.7087 2.7279 -0.0400
-5.7430 2.6794 -0.0400
-7.8230 -1.9906 -0.0400
-7.7517 -2.0685 -0.0400
-7.1522 -2.0225 -0.0400
-7.1054 -2.1055 -0.0400
-5.4094 -1.7852 -0.0400
-5.3755 -1.8508 -0.0400
-3.6435 -4.1540 -0.0400
-3.5442 -4.1226 -0.0400
-3.4518 -4.1312 -0.0400
-2.9282 -2.7066 -0.0400
-2.8615 -2.7196 -0.0400
-2.8084 -4.6404 -0.0400
-1.0413 -1.3732 -0.0400
-1.0272 -1.3018 -0.0400
-1.0032 -1.2467 -0.0400
-0.9597 -1.2185 -0.0400
-0.9082 -1.2001 -0.0400
-0.8424 -1.1979 -0.0400
1.1858 -1.9984 -0.0400
1.2111 -1.9070 -0.0400
1.2848 -1.8526 -0.0400
1.3643 -1.8011 -0.0400
1.4263 -1.7362 -0.0400
2.0009 0.9387 -0.0400
1.9742 1.0228 -0.0400
2.0831 1.1055 -0.0400
2.0845 1.1903 -0.0400
2.2898 1.2819 -0.0400
3.0655 2.1332 -0.0400
3.0026 2.2266 -0.0400
0.3866 3.4045 -0.0400
-1.4636 2.0990 -0.0400
-1.5136 2.0961 -0.0400
-1.5489 2.1033 -0.0400
-1.6376 2.0647 -0.0400
-1.6685 2.0721 -0.0400
-1.6931 2.0842 -0.0400
-1.7139 2.0992 -0.0400
-1.7294 2.1193 -0.0400
-1.7413 2.1430 -0.0400
-1.7489 2.1716 -0.0400
-1.7465 2.2117 -0.0400
-0.8186 4.0054 -0.0400
-0.9030 3.9874 -0.0400
-0.9576 4.0129 -0.0400
-0.9883 4.0777 -0.0400
-3.3424 5.7475 -0.0400
-3.9368 4.6957 -0.0400
-3.9848 4.6331 -0.0400
-4.0586 4.6454 -0.0400
-4.1598 4.7249 -0.0400
-4.2018 4.6485 -0.0400
-4.2630 4.6221 -0.0400
-4.3442 4.6402 -0.0400
-5.4376 5.2070 -0.0400
-5.5105 5.1622 -0.0400
-5.4294 4.6310 -0.0400
-5.4526 4.5357 -0.0400
-5.5463 4.5303 -0.0400
-4.9579 2.8809 -0.0400
-4.9731 2.8304 -0.0400
-5.0026 2.7914 -0.0400
-5.0568 2.7702 -0.0400
-5.1291 2.7603 -0.0400
-5.7165 2.7387 -0.0400
-7.7687 -2.0573 -0.0400
-7.1588 -2.0051 -0.0400
-7.1132 -2.0887 -0.0400
-5.4789 -1.7348 -0.0400
-5.4234 -1.7762 -0.0400
-3.5318 0.0471 -0.0400
-3.6628 -4.1596 -0.0400
-3.5578 -4.0914 -0.0400
-3.4701 -4.1323 -0.0400
-2.9443 -2.7238 -0.0400
-2.8772 -2.7351 -0.0400
-2.8262 -4.6127 -0.0400
-1.0098 -1.2526 -0.0400
-0.9653 -1.2255 -0.0400
-0.9132 -1.2075 -0.0400
1.2039 -1.9129 -0.0400
1.2860 -1.8645 -0.0400
1.3718 -1.8172 -0.0400
1.4651 -1.7732 -0.0400
1.9792 0.9372 -0.0400
1.9853 1.0204 -0.0400
2.0856 1.1033 -0.0400
2.1234 1.1889 -0.0400
2.2898 1.2797 -0.0400
3.0660 2.1310 -0.0400
3.0063 2.2253 -0.0400
2.4450 3.8799 -0.0400
0.4880 3.3966 -0.0400
0.3941 3.4147 -0.0400
-1.4960 2.0838 -0.0400
-1.5334 2.0901 -0.0400
-1.6197 2.0560 -0.0400
-1.6526 2.0624 -0.0400
-1.6787 2.0737 -0.0400
-1.7011 2.0876 -0.0400
-1.7194 2.1051 -0.0400
-1.7328 2.1272 -0.0400
-1.7434 2.1523 -0.0400
-1.7486 2.1836 -0.0400
-0.8184 4.0154 -0.0400
-0.9043 3.9955 -0.0400
-0.9630 4.0147 -0.0400
-3.3445 5.7516 -0.0400
-3.9276 4.6622 -0.0400
-3.9863 4.6327 -0.0400
-4.1547 4.7087 -0.0400
-4.2014 4.6450 -0.0400
-4.2669 4.6292 -0.0400
-5.4019 5.3150 -0.0400
-5.4309 5.2010 -0.0400
-5.4046 4.6020 -0.0400
-5.4533 4.5404 -0.0400
-5.5730 4.5673 -0.0400
-4.9320 2.9262 -0.0400
-4.9420 2.8711 -0.0400
-4.9687 2.8302 -0.0400
-5.0087 2.7994 -0.0400
-5.0498 2.7688 -0.0400
-5.1004 2.7443 -0.0400
-5.6999 2.7353 -0.0400
-5.7419 2.6914 -0.0400
-7.8424 -1.9594 -0.0400
-7.7606 -2.0304 -0.0400
-7.1646 -1.9874 -0.0400
-7.1305 -2.0792 -0.0400
-5.5076 -1.7412 -0.0400
-5.4324 -1.7619 -0.0400
-5.4031 -1.8323 -0.0400
-3.5069 0.0648 -0.0400
-3.4795 0.0653 -0.0400
-3.4557 0.0612 -0.0400
-3.7774 -4.1618 -0.0400
-3.6800 -4.1511 -0.0400
-3.5762 -4.0919 -0.0400
-3.4869 -4.1211 -0.0400
-2.9599 -2.7233 -0.0400
-2.8930 -2.7458 -0.0400
-2.8447 -4.6267 -0.0400
1.1498 -1.9944 -0.0400
1.2140 -1.9327 -0.0400
1.2753 -1.8684 -0.0400
1.3786 -1.8335 -0.0400
1.4243 -1.7564 -0.0400
1.9771 0.9345 -0.0400
2.0082 1.0172 -0.0400
2.0872 1.1006 -0.0400
2.2791 1.1881 -0.0400
3.0387 2.1237 -0.0400
3.0284 2.2269 -0.0400
2.4160 3.8644 -0.0400
0.4359 3.3646 -0.0400
-1.4520 2.0896 -0.0400
-1.5213 2.0738 -0.0400
-1.5493 2.0871 -0.0400
-1.6222 2.0636 -0.0400
-1.6659 2.0612 -0.0400
-1.6885 2.0753 -0.0400
-1.7082 2.0917 -0.0400
-1.7224 2.1129 -0.0400
-1.7344 2.1365 -0.0400
-1.7428 2.1642 -0.0400
-0.7671 3.9913 -0.0400
-0.8559 3.9697 -0.0400
-0.9175 3.9852 -0.0400
-0.9586 4.0322 -0.0400
-3.3481 5.7646 -0.0400
-3.9287 4.6586 -0.0400
-3.9887 4.6335 -0.0400
-4.1454 4.6802 -0.0400
-4.2011 4.6405 -0.0400
-4.2703 4.6339 -0.0400
-5.3948 5.3069 -0.0400
-5.4279 5.1997 -0.0400
-5.3572 4.6691 -0.0400
-5.3880 4.5828 -0.0400
-5.4447 4.5325 -0.0400
-4.9348 2.9308 -0.0400
-4.9425 2.8739 -0.0400
-4.9655 2.8302 -0.0400
-5.0169 2.8084 -0.0400
-5.0598 2.7791 -0.0400
-5.6749 2.7933 -0.0400
-5.6990 2.7400 -0.0400
-7.8578 -1.9477 -0.0400
-7.7989 -2.0333 -0.0400
-7.1802 -1.9771 -0.0400
-5.4519 -1.7592 -0.0400
-3.5307 0.0524 -0.0400
-3.4979 0.0603 -0.0400
-3.4710 0.0606 -0.0400
-3.4449 0.0605 -0.0400
-3.4254 0.0503 -0.0400
-3.4076 0.0372 -0.0400
-3.6980 -4.1467 -0.0400
-3.5962 -4.1013 -0.0400
-2.9751 -2.7079 -0.0400
-2.9087 -2.7411 -0.0400
-2.8633 -4.6335 -0.0400
-2.2900 -1.1706 -0.0400
1.1519 -2.0093 -0.0400
1.1975 -1.9330 -0.0400
1.2949 -1.8955 -0.0400
1.3596 -1.8322 -0.0400
2.0058 0.8456 -0.0400
1.9796 0.9310 -0.0400
2.1145 1.0113 -0.0400
2.0900 1.0974 -0.0400
2.3012 1.1850 -0.0400
3.0362 2.1201 -0.0400
3.0488 2.2277 -0.0400
2.4965 3.7890 -0.0400
0.4288 3.3635 -0.0400
-1.4986 2.0645 -0.0400
-1.5292 2.0765 -0.0400
-1.6154 2.0448 -0.0400
-1.6459 2.0538 -0.0400
-1.6770 2.0615 -0.0400
-1.6960 2.0787 -0.0400
-1.7131 2.0974 -0.0400
-1.7233 2.1225 -0.0400
-1.7328 2.1487 -0.0400
-1.6990 2.2183 -0.0400
-0.7692 3.9975 -0.0400
-0.8583 3.9758 -0.0400
-0.9220 3.9883 -0.0400
-3.2678 5.7601 -0.0400
-3.3500 5.7623 -0.0400
-3.8730 4.6898 -0.0400
-3.9291 4.6517 -0.0400
-3.9954 4.6458 -0.0400
-4.1463 4.6771 -0.0400
-4.2028 4.6395 -0.0400
-4.2865 4.6678 -0.0400
-5.3809 5.2870 -0.0400
-5.4276 5.2017 -0.0400
-5.3559 4.6693 -0.0400
-5.3812 4.5758 -0.0400
-5.4521 4.5442 -0.0400
-4.9328 2.9305 -0.0400
-4.9335 2.8682 -0.0400
-4.9688 2.8346 -0.0400
-5.0142 2.8084 -0.0400
-5.0535 2.7768 -0.0400
-5.6865 2.8044 -0.0400
-5.6927 2.7410 -0.0400
-5.7492 2.7053 -0.0400
-7.1798 -1.9557 -0.0400
-7.1493 -2.0497 -0.0400
-5.5080 -1.6952 -0.0400
-5.4591 -1.7433 -0.0400
-3.5383 0.0634 -0.0400
-3.5070 0.0690 -0.0400
-3.4809 0.0682 -0.0400
-3.4578 0.0634 -0.0400
-3.4367 0.0558 -0.0400
-3.4171 0.0457 -0.0400
-3.4022 0.0273 -0.0400
-3.3877 0.0075 -0.0400
-3.3760 -0.0188 -0.0400
-3.8119 -4.1438 -0.0400
-3.7118 -4.1176 -0.0400
-3.6133 -4.0909 -0.0400
-3.5283 -4.1530 -0.0400
-2.9911 -2.7090 -0.0400
-2.9243 -2.7270 -0.0400
-2.8820 -4.6272 -0.0400
-2.2986 -1.1901 -0.0400
-2.2726 -1.1189 -0.0400
-2.2366 -1.0957 -0.0400
-2.2012 -1.0721 -0.0400
1.1492 -2.0212 -0.0400
1.2079 -1.9546 -0.0400
1.2772 -1.8957 -0.0400
1.3535 -1.8408 -0.0400
2.0128 0.8410 -0.0400
1.9818 0.9270 -0.0400
2.1161 1.0073 -0.0400
2.1383 1.0932 -0.0400
2.3248 1.1813 -0.0400
3.0629 2.0157 -0.0400
3.0279 2.1151 -0.0400
3.0451 2.2235 -0.0400
0.5335 3.3540 -0.0400
-1.4612 2.0641 -0.0400
-1.5140 2.0614 -0.0400
-1.5405 2.0764 -0.0400
-1.6286 2.0433 -0.0400
-1.6621 2.0498 -0.0400
-1.6825 2.0661 -0.0400
-1.7007 2.0841 -0.0400
-1.7150 2.1055 -0.0400
-1.7196 2.1358 -0.0400
-1.7241 2.1672 -0.0400
-1.7146 2.2133 -0.0400
-0.7782 3.9935 -0.0400
-0.8768 3.9578 -0.0400
-0.9196 4.0016 -0.0400
-3.2702 5.7581 -0.0400
-3.8775 4.6943 -0.0400
-3.9318 4.6508 -0.0400
-4.0915 4.7134 -0.0400
-4.1461 4.6697 -0.0400
-4.2071 4.6442 -0.0400
-4.2897 4.6702 -0.0400
-5.3384 5.3842 -0.0400
-5.3570 5.2501 -0.0400
-5.4450 5.2302 -0.0400
-5.3380 4.6455 -0.0400
-5.3798 4.5750 -0.0400
-5.4517 4.5450 -0.0400
-4.9067 2.9093 -0.0400
-4.9317 2.8676 -0.0400
-4.9674 2.8347 -0.0400
-5.0124 2.8083 -0.0400
-5.0955 2.8090 -0.0400
-5.6629 2.7944 -0.0400
-5.7015 2.7497 -0.0400
-5.5182 -1.6831 -0.0400
-5.4695 -1.7314 -0.0400
-5.4617 -1.8253 -0.0400
-3.5673 0.0433 -0.0400
-3.5265 0.0622 -0.0400
-3.4971 0.0659 -0.0400
-3.4679 0.0707 -0.0400
-3.4471 0.0625 -0.0400
-3.4278 0.0522 -0.0400
-3.4103 0.0386 -0.0400
-3.3939 0.0226 -0.0400
-3.3792 0.0027 -0.0400
-3.3818 -0.0537 -0.0400
-3.7351 -4.1422 -0.0400
-3.6325 -4.0938 -0.0400
-3.0077 -2.7168 -0.0400
-3.0016 -4.6169 -0.0400
-2.3151 -1.1750 -0.0400
-2.2820 -1.1342 -0.0400
-2.2500 -1.0940 -0.0400
-2.2128 -1.0772 -0.0400
-2.1742 -1.0659 -0.0400
-2.1338 -1.0603 -0.0400
-2.0868 -1.0743 -0.0400
1.1268 -2.0180 -0.0400
1.2007 -1.9634 -0.0400
1.2671 -1.9021 -0.0400
1.3474 -1.8500 -0.0400
2.0337 0.9201 -0.0400
2.0952 1.0034 -0.0400
2.1386 1.0889 -0.0400
2.3282 1.1769 -0.0400
3.1133 2.0188 -0.0400
3.0425 2.1134 -0.0400
2.4639 3.7698 -0.0400
-1.4238 2.0615 -0.0400
-1.4925 2.0498 -0.0400
-1.5200 2.0647 -0.0400
-1.6007 2.0396 -0.0400
-1.6427 2.0407 -0.0400
-1.6698 2.0522 -0.0400
-1.6883 2.0701 -0.0400
-1.7038 2.0905 -0.0400
-1.7121 2.1173 -0.0400
-1.7205 2.1446 -0.0400
-0.8230 3.9390 -0.0400
-0.8814 3.9602 -0.0400
-0.9223 4.0069 -0.0400
-3.1925 5.7685 -0.0400
-3.2752 5.7794 -0.0400
-3.8762 4.6788 -0.0400
-3.9377 4.6590 -0.0400
-4.0962 4.7181 -0.0400
-4.1467 4.6636 -0.0400
-4.2187 4.6664 -0.0400
-5.3099 5.3369 -0.0400
-5.3514 5.2416 -0.0400
-5.3221 4.6236 -0.0400
-5.3812 4.5771 -0.0400
-5.4637 4.5612 -0.0400
-4.9156 2.9808 -0.0400
-4.9026 2.9058 -0.0400
-4.9312 2.8674 -0.0400
-4.9689 2.8362 -0.0400
-5.0224 2.8166 -0.0400
-5.6627 2.7973 -0.0400
-5.6930 2.7481 -0.0400
-5.5501 -1.6939 -0.0400
-5.4831 -1.7231 -0.0400
-3.5329 0.0746 -0.0400
-3.5053 0.0758 -0.0400
-3.4811 0.0727 -0.0400
-3.4590 0.0667 -0.0400
-3.4386 0.0581 -0.0400
-3.4213 0.0443 -0.0400
-3.4052 0.0278 -0.0400
-3.3907 0.0075 -0.0400
-3.3793 -0.0197 -0.0400
-3.3739 -0.0619 -0.0400
-3.5663 -4.1555 -0.0400
-3.0938 -2.7451 -0.0400
-3.0236 -2.7080 -0.0400
-2.9572 -2.7429 -0.0400
-2.3125 -1.2496 -0.0400
-2.2956 -1.1333 -0.0400
-2.2604 -1.1056 -0.0400
-2.2253 -1.0800 -0.0400
-2.1866 -1.0685 -0.0400
-2.1440 -1.0700 -0.0400
-2.1006 -1.0723 -0.0400
-2.0408 -1.1203 -0.0400
-0.9062 -3.8246 -0.0400
1.1255 -2.0324 -0.0400
1.1913 -1.9712 -0.0400
1.2657 -1.9157 -0.0400
1.3822 -1.8895 -0.0400
1.9837 0.8329 -0.0400
2.0066 0.9162 -0.0400
2.0990 0.9982 -0.0400
2.1275 1.0841 -0.0400
3.0843 2.0096 -0.0400
3.0654 2.1124 -0.0400
2.4693 3.7704 -0.0400
-1.4614 2.0432 -0.0400
-1.5060 2.0474 -0.0400
-1.5810 2.0284 -0.0400
-1.6259 2.0285 -0.0400
-1.6550 2.0390 -0.0400
-1.6743 2.0567 -0.0400
-1.6927 2.0748 -0.0400
-1.7050 2.0980 -0.0400
-1.7098 2.1282 -0.0400
-1.7159 2.1579 -0.0400
-0.7533 3.9401 -0.0400
-0.8328 3.9336 -0.0400
-0.8849 3.9637 -0.0400
-0.9207 4.0181 -0.0400
-3.1952 5.7637 -0.0400
-3.8765 4.6672 -0.0400
-3.9433 4.6649 -0.0400
-4.0516 4.7838 -0.0400
-4.0947 4.7045 -0.0400
-4.1508 4.6658 -0.0400
-4.2391 4.7098 -0.0400
-5.3072 5.3318 -0.0400
-5.3529 5.2436 -0.0400
-5.3184 4.6177 -0.0400
-5.3804 4.5757 -0.0400
-4.9054 3.0364 -0.0400
-4.8910 2.9583 -0.0400
-4.9056 2.9076 -0.0400
-4.9316 2.8672 -0.0400
-4.9734 2.8395 -0.0400
-5.0278 2.8208 -0.0400
-5.6607 2.7984 -0.0400
-5.5428 -1.6645 -0.0400
-5.4866 -1.7045 -0.0400
-3.5958 0.0449 -0.0400
-3.5504 0.0701 -0.0400
-3.5203 0.0749 -0.0400
-3.4945 0.0740 -0.0400
-3.4686 0.0743 -0.0400
-3.4489 0.0648 -0.0400
-3.4303 0.0533 -0.0400
-3.4131 0.0391 -0.0400
-3.3971 0.0223 -0.0400
-3.3918 -0.0172 -0.0400
-3.3892 -0.0649 -0.0400
-3.0405 -2.7169 -0.0400
-3.0404 -4.6268 -0.0400
-2.3083 -1.1374 -0.0400
-2.2731 -1.1090 -0.0400
-2.2366 -1.0882 -0.0400
-2.1987 -1.0733 -0.0400
-2.1583 -1.0672 -0.0400
-2.1101 -1.0847 -0.0400
-2.0610 -1.1010 -0.0400
-1.0030 -3.8812 -0.0400
-0.9230 -3.8282 -0.0400
1.9880 0.8268 -0.0400
2.1047 0.9058 -0.0400
2.1124 0.9922 -0.0400
2.2931 1.0764 -0.0400
3.0501 1.9992 -0.0400
3.0840 2.1102 -0.0400
0.5473 3.2860 -0.0400
-1.4740 2.0411 -0.0400
-1.5135 2.0487 -0.0400
-1.5929 2.0267 -0.0400
-1.6378 2.0268 -0.0400
-1.6617 2.0413 -0.0400
-1.6804 2.0595 -0.0400
-1.6939 2.0818 -0.0400
-1.7023 2.1085 -0.0400
-1.7115 2.1351 -0.0400
-1.6986 2.1823 -0.0400
-0.7477 3.9552 -0.0400
-0.8401 3.9313 -0.0400
-0.8851 3.9717 -0.0400
-3.1985 5.7630 -0.0400
-3.8236 4.7022 -0.0400
-3.8842 4.6794 -0.0400
-4.0566 4.7876 -0.0400
-4.0921 4.6868 -0.0400
-4.1551 4.6676 -0.0400
-5.3008 5.3198 -0.0400
-5.3530 5.2428 -0.0400
-5.2669 4.6731 -0.0400
-5.3133 4.6091 -0.0400
-5.3891 4.5862 -0.0400
-4.8982 3.0282 -0.0400
-4.8752 2.9428 -0.0400
-4.8994 2.9009 -0.0400
-4.9384 2.8716 -0.0400
-4.9800 2.8439 -0.0400
-5.0181 2.8127 -0.0400
-5.6286 2.8477 -0.0400
-5.6596 2.7995 -0.0400
-5.5561 -1.6568 -0.0400
-5.5055 -1.7028 -0.0400
-3.5673 0.0662 -0.0400
-3.5346 0.0746 -0.0400
-3.5022 0.0842 -0.0400
-3.4801 0.0783 -0.0400
-3.4595 0.0703 -0.0400
-3.4402 0.0603 -0.0400
-3.4245 0.0436 -0.0400
-3.4089 0.0261 -0.0400
-3.3953 0.0037 -0.0400
-3.3848 -0.0262 -0.0400
-2.9899 -2.7348 -0.0400
-2.3521 -1.1939 -0.0400
-2.3201 -1.1462 -0.0400
-2.2854 -1.1148 -0.0400
-2.2490 -1.0931 -0.0400
-2.2113 -1.0775 -0.0400
-2.1707 -1.0719 -0.0400
-2.1279 -1.0721 -0.0400
-2.0700 -1.1150 -0.0400
-0.9256 -3.8701 -0.0400
1.9831 0.8207 -0.0400
2.1232 0.8985 -0.0400
2.1038 0.9863 -0.0400
3.1058 1.8952 -0.0400
3.0522 1.9936 -0.0400
2.5344 3.6807 -0.0400
-1.4344 2.0377 -0.0400
-1.4908 2.0357 -0.0400
-1.5655 2.0192 -0.0400
-1.6139 2.0181 -0.0400
-1.6436 2.0292 -0.0400
-1.6658 2.0450 -0.0400
-1.6834 2.0643 -0.0400
-1.6938 2.0892 -0.0400
-1.6990 2.1190 -0.0400
-1.6922 2.1599 -0.0400
-0.7002 3.9231 -0.0400
-0.7807 3.9178 -0.0400
-0.8424 3.9356 -0.0400
-0.8759 3.9928 -0.0400
-3.7829 4.7858 -0.0400
-3.8238 4.6871 -0.0400
-3.8855 4.6691 -0.0400
-4.0421 4.7324 -0.0400
-4.0967 4.6883 -0.0400
-4.1671 4.6890 -0.0400
-5.2461 5.3932 -0.0400
-5.2804 5.2831 -0.0400
-5.2703 4.6757 -0.0400
-5.3148 4.6090 -0.0400
-5.3925 4.5889 -0.0400
-4.8765 3.0059 -0.0400
-4.8718 2.9375 -0.0400
-4.8984 2.8980 -0.0400
-4.9380 2.8695 -0.0400
-4.9863 2.8473 -0.0400
-5.0382 2.8268 -0.0400
-5.6245 2.8461 -0.0400
-5.6632 2.8027 -0.0400
-3.5817 0.0658 -0.0400
-3.5475 0.0763 -0.0400
-3.5138 0.0877 -0.0400
-3.4913 0.0826 -0.0400
-3.4702 0.0755 -0.0400
-3.4505 0.0662 -0.0400
-3.4332 0.0526 -0.0400
-3.4168 0.0371 -0.0400
-3.4015 0.0186 -0.0400
-3.3996 -0.0292 -0.0400
-2.3601 -1.2234 -0.0400
-2.3308 -1.1609 -0.0400
-2.2972 -1.1241 -0.0400
-2.2632 -1.0925 -0.0400
-2.2243 -1.0810 -0.0400
-2.1837 -1.0750 -0.0400
-2.1410 -1.0750 -0.0400
-2.0826 -1.1196 -0.0400
-0.9558 -3.8404 -0.0400
1.9845 0.7284 -0.0400
1.9988 0.8126 -0.0400
2.1014 0.8926 -0.0400
2.1304 0.9786 -0.0400
2.3245 1.0627 -0.0400
3.0550 1.9875 -0.0400
2.5474 3.6830 -0.0400
-1.4639 2.0239 -0.0400
-1.4954 2.0378 -0.0400
-1.5819 2.0135 -0.0400
-1.6236 2.0171 -0.0400
-1.6501 2.0305 -0.0400
-1.6699 2.0482 -0.0400
-1.6839 2.0705 -0.0400
-1.6940 2.0959 -0.0400
-1.6972 2.1275 -0.0400
-1.6887 2.1703 -0.0400
-0.7092 3.9177 -0.0400
-0.7983 3.9009 -0.0400
-0.8459 3.9378 -0.0400
-3.1251 5.7748 -0.0400
-3.7732 4.7303 -0.0400
-3.8271 4.6823 -0.0400
-3.9943 4.7873 -0.0400
-4.0410 4.7161 -0.0400
-4.0999 4.6853 -0.0400
-4.1897 4.7388 -0.0400
-5.2356 5.3717 -0.0400
-5.2839 5.2862 -0.0400
-5.2403 4.7628 -0.0400
-5.2575 4.6538 -0.0400
-5.3190 4.6121 -0.0400
-5.4223 4.6268 -0.0400
-4.8550 2.9831 -0.0400
-4.8687 2.9318 -0.0400
-4.8983 2.8952 -0.0400
-4.9422 2.8705 -0.0400
-4.9896 2.8478 -0.0400
-5.0440 2.8294 -0.0400
-5.6275 2.8482 -0.0400
-5.6806 2.8135 -0.0400
-3.5579 0.0812 -0.0400
-3.5304 0.0829 -0.0400
-3.5018 0.0875 -0.0400
-3.4806 0.0806 -0.0400
-3.4604 0.0725 -0.0400
-3.4425 0.0602 -0.0400
-3.4255 0.0460 -0.0400
-3.4148 0.0186 -0.0400
-3.4030 -0.0081 -0.0400
-3.3970 -0.0493 -0.0400
-3.9014 -4.1127 -0.0400
-3.8004 -4.0814 -0.0400
-3.7059 -4.0797 -0.0400
-2.3479 -1.1482 -0.0400
-2.3127 -1.1187 -0.0400
-2.2757 -1.0986 -0.0400
-2.2374 -1.0848 -0.0400
-2.1974 -1.0768 -0.0400
-2.1490 -1.0945 -0.0400
-2.0985 -1.1149 -0.0400
-0.9713 -3.8499 -0.0400
2.0209 0.7174 -0.0400
1.9855 0.8060 -0.0400
2.1065 0.8848 -0.0400
2.2896 0.9655 -0.0400
3.0772 1.8777 -0.0400
3.0706 1.9826 -0.0400
2.5272 3.6692 -0.0400
-1.3970 2.0347 -0.0400
-1.4778 2.0195 -0.0400
-1.5055 2.0357 -0.0400
-1.6004 2.0059 -0.0400
-1.6334 2.0155 -0.0400
-1.6530 2.0339 -0.0400
-1.6714 2.0529 -0.0400
-1.6836 2.0767 -0.0400
-1.6894 2.1060 -0.0400
-1.6840 2.1452 -0.0400
-0.7321 3.8939 -0.0400
-0.8026 3.9014 -0.0400
-0.8461 3.9440 -0.0400
-3.1292 5.7813 -0.0400
-3.7758 4.7214 -0.0400
-3.8375 4.7026 -0.0400
-3.9913 4.7629 -0.0400
-4.0434 4.7096 -0.0400
-4.1145 4.7140 -0.0400
-5.2355 5.3678 -0.0400
-5.2910 5.2950 -0.0400
-5.2132 4.7177 -0.0400
-5.2608 4.6549 -0.0400
-5.3319 4.6267 -0.0400
-4.8670 3.0561 -0.0400
-4.8502 2.9749 -0.0400
-4.8685 2.9280 -0.0400
-4.9018 2.8949 -0.0400
-4.9501 2.8740 -0.0400
-5.0020 2.8549 -0.0400
-5.5984 2.8966 -0.0400
-5.6218 2.8444 -0.0400
-3.5781 0.0707 -0.0400
-3.5392 0.0900 -0.0400
-3.5152 0.0871 -0.0400
-3.4904 0.0864 -0.0400
-3.4704 0.0780 -0.0400
-3.4520 0.0669 -0.0400
-3.4348 0.0533 -0.0400
-3.4226 0.0292 -0.0400
-3.4095 0.0058 -0.0400
-3.3994 -0.0257 -0.0400
-3.9259 -4.1398 -0.0400
-3.8278 -4.1281 -0.0400
-3.7237 -4.0734 -0.0400
-2.4225 -1.2482 -0.0400
-2.3934 -1.1780 -0.0400
-2.3592 -1.1403 -0.0400
-2.3228 -1.1164 -0.0400
-2.2848 -1.1003 -0.0400
-2.2434 -1.0972 -0.0400
-2.1994 -1.1019 -0.0400
-2.1511 -1.1179 -0.0400
-2.0911 -1.1653 -0.0400
-1.2099 -1.4395 -0.0400
-1.1757 -1.3937 -0.0400
-1.1362 -1.3567 -0.0400
1.9758 0.6301 -0.0400
2.0111 0.7127 -0.0400
2.1002 0.7924 -0.0400
2.1458 0.8773 -0.0400
2.5906 3.5800 -0.0400
-1.3887 2.0070 -0.0400
-1.4638 1.9969 -0.0400
-1.5285 1.9904 -0.0400
-1.5905 1.9832 -0.0400
-1.6202 1.9956 -0.0400
-1.6382 2.0153 -0.0400
-1.6526 2.0375 -0.0400
-1.6600 2.0650 -0.0400
-1.6679 2.0927 -0.0400
-1.6518 2.1403 -0.0400
-0.6138 3.8487 -0.0400
-0.7035 3.8357 -0.0400
-0.7553 3.8677 -0.0400
-0.7857 3.9276 -0.0400
-3.0501 5.7735 -0.0400
-3.6533 4.7500 -0.0400
-3.7104 4.7110 -0.0400
-3.7789 4.7208 -0.0400
-3.9290 4.7750 -0.0400
-3.9837 4.7284 -0.0400
-4.0585 4.7458 -0.0400
-5.0905 5.4528 -0.0400
-5.1399 5.3658 -0.0400
-5.2178 5.3334 -0.0400
-5.1453 4.7468 -0.0400
-5.1980 4.6915 -0.0400
-5.2872 4.6907 -0.0400
-4.7959 3.0506 -0.0400
-4.8074 2.9962 -0.0400
-4.8340 2.9571 -0.0400
-4.8732 2.9295 -0.0400
-4.9188 2.9069 -0.0400
-4.9734 2.8909 -0.0400
-5.5608 2.9389 -0.0400
-5.5889 2.8898 -0.0400
-3.5671 0.1007 -0.0400
-3.5376 0.1061 -0.0400
-3.5160 0.1000 -0.0400
-3.4943 0.0945 -0.0400
-3.4755 0.0842 -0.0400
-3.4592 0.0694 -0.0400
-3.4429 0.0542 -0.0400
-3.4333 0.0249 -0.0400
-3.4222 -0.0030 -0.0400
-4.0229 -4.0837 -0.0400
-3.9206 -4.0504 -0.0400
-3.8272 -4.0555 -0.0400
-3.2385 -2.7298 -0.0400
-3.1678 -2.6997 -0.0400
-2.4097 -1.1689 -0.0400
-2.3744 -1.1369 -0.0400
-2.3372 -1.1164 -0.0400
-2.2986 -1.1029 -0.0400
-2.2582 -1.0961 -0.0400
-2.2155 -1.0965 -0.0400
-2.1561 -1.1481 -0.0400
-1.1760 -3.9238 -0.0400
-1.2148 -1.5607 -0.0400
-1.2134 -1.4598 -0.0400
-1.1904 -1.3964 -0.0400
-1.1473 -1.3646 -0.0400
-1.0896 -1.3534 -0.0400
-1.0255 -1.3491 -0.0400
1.9900 0.6196 -0.0400
2.1000 0.6958 -0.0400
2.1124 0.7828 -0.0400
2.2984 0.8603 -0.0400
2.6361 3.4799 -0.0400
-1.4234 1.9898 -0.0400
-1.5135 1.9702 -0.0400
-1.5629 1.9724 -0.0400
-1.5934 1.9852 -0.0400
-1.6221 1.9984 -0.0400
-1.6400 2.0184 -0.0400
-1.6519 2.0425 -0.0400
-1.6547 2.0738 -0.0400
-1.6582 2.1052 -0.0400
-0.6347 3.8279 -0.0400
-0.7093 3.8332 -0.0400
-0.7514 3.8775 -0.0400
-2.9728 5.7735 -0.0400
-3.6599 4.7566 -0.0400
-3.7153 4.7098 -0.0400
-3.7830 4.7168 -0.0400
-3.8702 4.7926 -0.0400
-3.9249 4.7441 -0.0400
-3.9886 4.7281 -0.0400
-4.0666 4.7557 -0.0400
-5.1118 5.4891 -0.0400
-5.1415 5.3637 -0.0400
-5.1489 4.7472 -0.0400
-5.2072 4.7004 -0.0400
-5.3043 4.7113 -0.0400
-4.7973 3.0468 -0.0400
-4.8078 2.9915 -0.0400
-4.8364 2.9544 -0.0400
-4.8868 2.9371 -0.0400
-4.9267 2.9095 -0.0400
-5.0064 2.9144 -0.0400
-5.5568 2.9345 -0.0400
-5.5936 2.8913 -0.0400
-8.0070 -1.6211 -0.0400
-7.9544 -1.7084 -0.0400
-3.5039 0.0994 -0.0400
-3.4848 0.0900 -0.0400
-3.4671 0.0780 -0.0400
-3.4526 0.0596 -0.0400
-3.4370 0.0427 -0.0400
-3.4312 0.0048 -0.0400
-3.4255 -0.0362 -0.0400
-4.0427 -4.0879 -0.0400
-3.9429 -4.0682 -0.0400
-3.8445 -4.0482 -0.0400
-3.1848 -2.7063 -0.0400
-2.4183 -1.1979 -0.0400
-2.3850 -1.1545 -0.0400
-2.3493 -1.1265 -0.0400
-2.3120 -1.1073 -0.0400
-2.2707 -1.1036 -0.0400
-2.2267 -1.1082 -0.0400
-2.1780 -1.1255 -0.0400
-2.1159 -1.1796 -0.0400
-1.0933 -3.9317 -0.0400
-1.2304 -1.4594 -0.0400
-1.1978 -1.4106 -0.0400
-1.1572 -1.3748 -0.0400
-1.1059 -1.3543 -0.0400
-1.0016 -1.4045 -0.0400
2.0166 0.5200 -0.0400
1.9722 0.6121 -0.0400
2.1137 0.6851 -0.0400
2.1008 0.7743 -0.0400
2.2860 0.8516 -0.0400
-1.3921 1.9753 -0.0400
-1.4405 1.9822 -0.0400
-1.4717 1.9978 -0.0400
-1.5763 1.9670 -0.0400
-1.6015 1.9831 -0.0400
-1.6255 1.9995 -0.0400
-1.6396 2.0223 -0.0400
-1.6519 2.0465 -0.0400
-1.6518 2.0802 -0.0400
-1.6518 2.1146 -0.0400
-0.5373 3.8496 -0.0400
-0.6430 3.8216 -0.0400
-0.7119 3.8338 -0.0400
-0.7538 3.8787 -0.0400
-2.9767 5.7794 -0.0400
-3.6074 4.7983 -0.0400
-3.6580 4.7235 -0.0400
-3.7238 4.7239 -0.0400
-3.8766 4.7975 -0.0400
-3.9300 4.7439 -0.0400
-3.9931 4.7263 -0.0400
-5.0713 5.4041 -0.0400
-5.1514 5.3766 -0.0400
-5.0973 4.7995 -0.0400
-5.1427 4.7314 -0.0400
-5.2332 4.7347 -0.0400
-4.7819 3.0924 -0.0400
-4.7817 3.0254 -0.0400
-4.8089 2.9869 -0.0400
-4.8409 2.9532 -0.0400
-4.8896 2.9345 -0.0400
-4.9316 2.9089 -0.0400
-5.5521 2.9973 -0.0400
-5.5567 2.9322 -0.0400
-5.6224 2.9079 -0.0400
-8.0070 -1.6063 -0.0400
-7.9733 -1.7039 -0.0400
-7.3622 -1.6788 -0.0400
-3.4601 0.0688 -0.0400
-3.4478 0.0458 -0.0400
-3.4339 0.0248 -0.0400
-3.4379 -0.0363 -0.0400
-4.0623 -4.0916 -0.0400
-3.9527 -4.0245 -0.0400
-3.8646 -4.0564 -0.0400
-3.2718 -2.7331 -0.0400
-3.2005 -2.6964 -0.0400
-3.1350 -2.7309 -0.0400
-2.2909 -1.1012 -0.0400
-2.2512 -1.0917 -0.0400
-2.2091 -1.0897 -0.0400
-2.1508 -1.1347 -0.0400
-1.1278 -3.9086 -0.0400
-1.2026 -1.4380 -0.0400
-1.1705 -1.3890 -0.0400
-1.1307 -1.3521 -0.0400
-1.0745 -1.3379 -0.0400
-1.0084 -1.3353 -0.0400
1.9772 0.6844 -0.0400
2.0947 0.7615 -0.0400
2.1360 0.8471 -0.0400
2.3326 0.9275 -0.0400
-1.4186 1.9967 -0.0400
-1.4637 2.0049 -0.0400
-1.5369 1.9944 -0.0400
-1.6004 1.9872 -0.0400
-1.6240 2.0041 -0.0400
-1.6433 2.0237 -0.0400
-1.6563 2.0476 -0.0400
-1.6664 2.0738 -0.0400
-1.6549 2.1170 -0.0400
-1.5210 2.2601 -0.0400
-0.6088 3.8658 -0.0400
-0.7056 3.8458 -0.0400
-0.7621 3.8726 -0.0400
-0.7857 3.9420 -0.0400
-2.9817 5.7913 -0.0400
-3.0629 5.7867 -0.0400
-3.7281 4.7122 -0.0400
-3.7913 4.7010 -0.0400
-3.8889 4.8183 -0.0400
-3.9374 4.7459 -0.0400
-3.9991 4.7233 -0.0400
-4.0729 4.7390 -0.0400
-5.1003 5.4524 -0.0400
-5.1477 5.3613 -0.0400
-5.2462 5.3669 -0.0400
-5.1553 4.7430 -0.0400
-5.2101 4.6910 -0.0400
-5.2838 4.6681 -0.0400
-4.8007 3.0356 -0.0400
-4.8206 2.9898 -0.0400
-4.8452 2.9493 -0.0400
-4.8882 2.9257 -0.0400
-4.9327 2.9027 -0.0400
-4.9778 2.8793 -0.0400
-5.5659 2.9345 -0.0400
-5.5932 2.8855 -0.0400
-7.9699 -1.6828 -0.0400
-7.3217 -1.7429 -0.0400
-3.4196 -0.0147 -0.0400
-3.9901 -4.0869 -0.0400
-3.8855 -4.0369 -0.0400
-3.7956 -4.0586 -0.0400
-3.1552 -2.7059 -0.0400
-2.2088 -1.1222 -0.0400
-2.1526 -1.1595 -0.0400
-1.1252 -3.9536 -0.0400
-1.2625 -1.5668 -0.0400
-1.2533 -1.4775 -0.0400
-1.2215 -1.4270 -0.0400
-1.1815 -1.3900 -0.0400
-1.1237 -1.3785 -0.0400
-1.0541 -1.3816 -0.0400
1.9892 0.5894 -0.0400
2.0899 0.6666 -0.0400
2.1176 0.7528 -0.0400
2.3050 0.8300 -0.0400
-1.4028 1.9716 -0.0400
-1.4472 1.9811 -0.0400
-1.5574 1.9502 -0.0400
-1.5854 1.9654 -0.0400
-1.6075 1.9838 -0.0400
-1.6257 2.0044 -0.0400
-1.6350 2.0310 -0.0400
-1.6419 2.0596 -0.0400
-1.6424 2.0935 -0.0400
-0.5821 3.8028 -0.0400
-0.6579 3.8092 -0.0400
-0.7111 3.8407 -0.0400
-0.6717 3.9891 -0.0400
-2.9026 5.8178 -0.0400
-2.9839 5.7800 -0.0400
-3.6072 4.7432 -0.0400
-3.6687 4.7238 -0.0400
-3.8787 4.7669 -0.0400
-3.9390 4.7391 -0.0400
-5.0262 5.4888 -0.0400
-5.0749 5.3979 -0.0400
-5.0671 4.8823 -0.0400
-5.0898 4.7731 -0.0400
-5.1507 4.7310 -0.0400
-4.7621 3.0583 -0.0400
-4.7849 3.0152 -0.0400
-4.8155 2.9805 -0.0400
-4.8645 2.9629 -0.0400
-4.9019 2.9340 -0.0400
-5.5306 2.9758 -0.0400
-5.5633 2.9305 -0.0400
-8.0328 -1.5924 -0.0400
-7.4006 -1.6743 -0.0400
-4.0915 -4.0578 -0.0400
-3.9868 -4.0125 -0.0400
-3.8974 -4.0355 -0.0400
-3.3016 -2.7051 -0.0400
-3.2327 -2.6930 -0.0400
-3.1688 -2.7485 -0.0400
-1.2592 -1.4959 -0.0400
-1.2313 -1.4390 -0.0400
-1.1915 -1.4013 -0.0400
-1.1372 -1.3848 -0.0400
-1.0681 -1.3872 -0.0400
0.8734 -2.3584 -0.0400
0.9144 -2.2739 -0.0400
0.9926 -2.2224 -0.0400
1.9598 0.4947 -0.0400
1.9875 0.5784 -0.0400
2.0885 0.6556 -0.0400
2.1119 0.7422 -0.0400
-1.4309 1.9564 -0.0400
-1.5127 1.9443 -0.0400
-1.5576 1.9509 -0.0400
-1.5859 1.9662 -0.0400
-1.6076 1.9850 -0.0400
-1.6231 2.0077 -0.0400
-1.6324 2.0346 -0.0400
-1.6372 2.0649 -0.0400
-1.6319 2.1035 -0.0400
-0.6025 3.7808 -0.0400
-0.6636 3.8040 -0.0400
-0.7017 3.8539 -0.0400
-2.9062 5.7783 -0.0400
-3.6140 4.7514 -0.0400
-3.6819 4.7620 -0.0400
-3.8221 4.7903 -0.0400
-3.8807 4.7546 -0.0400
-3.9486 4.7544 -0.0400
-5.0325 5.4943 -0.0400
-5.0635 4.8683 -0.0400
-5.0923 4.7697 -0.0400
-5.1954 4.7957 -0.0400
-4.7534 3.1094 -0.0400
-4.7650 3.0537 -0.0400
-4.7856 3.0086 -0.0400
-4.8217 2.9794 -0.0400
-4.8698 2.9611 -0.0400
-4.9121 2.9367 -0.0400
-5.5064 3.0231 -0.0400
-5.5286 2.9704 -0.0400
-5.5791 2.9374 -0.0400
-8.1642 -1.5330 -0.0400
-8.0280 -1.5770 -0.0400
-7.4283 -1.5698 -0.0400
-7.4033 -1.6626 -0.0400
-4.1091 -4.0556 -0.0400
-4.0032 -4.0052 -0.0400
-3.9156 -4.0366 -0.0400
-3.3186 -2.7146 -0.0400
-3.2484 -2.6900 -0.0400
-3.1828 -2.7176 -0.0400
-1.2839 -1.4849 -0.0400
-1.2486 -1.4397 -0.0400
-1.2049 -1.4081 -0.0400
-1.1528 -1.3884 -0.0400
-1.0882 -1.3849 -0.0400
0.9197 -2.3012 -0.0400
0.9835 -2.2368 -0.0400
1.0837 -2.2023 -0.0400
1.1534 -2.1408 -0.0400
1.9559 0.4833 -0.0400
1.9974 0.5654 -0.0400
2.0847 0.6442 -0.0400
2.2893 0.7163 -0.0400
-1.3739 1.9518 -0.0400
-1.4261 1.9586 -0.0400
-1.5046 1.9488 -0.0400
-1.5547 1.9528 -0.0400
-1.5921 1.9628 -0.0400
-1.6096 1.9844 -0.0400
-1.6222 2.0092 -0.0400
-1.6309 2.0367 -0.0400
-1.6341 2.0685 -0.0400
-0.6045 3.7791 -0.0400
-0.6640 3.8043 -0.0400
-0.6926 3.8661 -0.0400
-2.8278 5.7930 -0.0400
-2.9094 5.7811 -0.0400
-3.5577 4.7735 -0.0400
-3.6154 4.7311 -0.0400
-3.6834 4.7437 -0.0400
-3.8295 4.7991 -0.0400
-3.8876 4.7609 -0.0400
-4.9670 5.5464 -0.0400
-5.0090 5.4380 -0.0400
-5.0926 5.4183 -0.0400
-5.0326 4.8061 -0.0400
-5.0958 4.7678 -0.0400
-5.2045 4.8032 -0.0400
-4.7385 3.0850 -0.0400
-4.7600 3.0404 -0.0400
-4.7930 3.0083 -0.0400
-4.8373 2.9870 -0.0400
-4.8741 2.9580 -0.0400
-5.5102 3.0212 -0.0400
-5.5338 2.9696 -0.0400
-7.4412 -1.5652 -0.0400
-7.3974 -1.6463 -0.0400
-5.7380 -1.4738 -0.0400
-5.6738 -1.5049 -0.0400
-4.1249 -4.0471 -0.0400
-4.0210 -4.0057 -0.0400
-3.9363 -4.0523 -0.0400
-3.3342 -2.7131 -0.0400
-3.2640 -2.6877 -0.0400
-2.4752 -1.2050 -0.0400
-2.4411 -1.1646 -0.0400
-2.4048 -1.1386 -0.0400
-1.2872 -1.5081 -0.0400
-1.2575 -1.4536 -0.0400
-1.2177 -1.4160 -0.0400
-1.1544 -1.4121 -0.0400
-1.0630 -1.4448 -0.0400
0.8506 -2.3841 -0.0400
0.8961 -2.3032 -0.0400
0.9816 -2.2577 -0.0400
1.0797 -2.2212 -0.0400
2.3033 0.7028 -0.0400
-1.4014 1.9362 -0.0400
-1.4388 1.9506 -0.0400
-1.5338 1.9316 -0.0400
-1.5664 1.9454 -0.0400
-1.5901 1.9638 -0.0400
-1.6086 1.9851 -0.0400
-1.6216 2.0097 -0.0400
-1.6174 2.0463 -0.0400
-1.6051 2.0897 -0.0400
-0.5067 3.7939 -0.0400
-0.6154 3.7666 -0.0400
-0.6619 3.8069 -0.0400
-0.6917 3.8674 -0.0400
-2.8312 5.7767 -0.0400
-2.9123 5.7973 -0.0400
-3.5643 4.7824 -0.0400
-3.6236 4.7471 -0.0400
-3.7722 4.8225 -0.0400
-3.8278 4.7709 -0.0400
-3.8916 4.7562 -0.0400
-3.9691 4.7904 -0.0400
-5.0136 5.4395 -0.0400
-5.0383 4.8076 -0.0400
-5.0989 4.7648 -0.0400
-5.1950 4.7801 -0.0400
-4.7203 3.1255 -0.0400
-4.7353 3.0729 -0.0400
-4.7614 3.0335 -0.0400
-4.7950 3.0021 -0.0400
-4.8444 2.9861 -0.0400
-4.8880 2.9634 -0.0400
-5.5054 3.0825 -0.0400
-5.5042 3.0118 -0.0400
-5.5472 2.9742 -0.0400
-8.0867 -1.4702 -0.0400
-8.0689 -1.5749 -0.0400
-7.4404 -1.5531 -0.0400
-5.7393 -1.4613 -0.0400
-5.6810 -1.4978 -0.0400
-4.1405 -4.0388 -0.0400
-4.0352 -3.9905 -0.0400
-3.9487 -4.0260 -0.0400
-3.3483 -2.6987 -0.0400
-3.2794 -2.6851 -0.0400
-2.4817 -1.2454 -0.0400
-2.4508 -1.1869 -0.0400
-2.4163 -1.1518 -0.0400
-2.3808 -1.1247 -0.0400
-2.3405 -1.1174 -0.0400
-2.2979 -1.1177 -0.0400
-1.3086 -1.5027 -0.0400
-1.2735 -1.4568 -0.0400
-1.2293 -1.4258 -0.0400
-1.1756 -1.4083 -0.0400
-1.1056 -1.4121 -0.0400
0.8325 -2.3911 -0.0400
0.8907 -2.3217 -0.0400
0.9661 -2.2673 -0.0400
1.0648 -2.2314 -0.0400
1.1494 -2.1817 -0.0400
-1.3841 1.9432 -0.0400
-1.4301 1.9536 -0.0400
-1.5220 1.9369 -0.0400
-1.5728 1.9405 -0.0400
-1.5921 1.9617 -0.0400
-1.6059 1.9861 -0.0400
-1.6154 2.0134 -0.0400
-1.6192 2.0448 -0.0400
-1.6098 2.0862 -0.0400
-0.5209 3.7771 -0.0400
-0.6076 3.7743 -0.0400
-0.6517 3.8181 -0.0400
-2.8341 5.7720 -0.0400
-3.5051 4.7915 -0.0400
-3.5623 4.7408 -0.0400
-3.6279 4.7435 -0.0400
-3.7791 4.8311 -0.0400
-3.8323 4.7688 -0.0400
-3.9051 4.7885 -0.0400
-4.9591 5.5129 -0.0400
-5.0132 5.4305 -0.0400
-4.9815 4.8490 -0.0400
-5.0381 4.7987 -0.0400
-5.1236 4.7984 -0.0400
-4.7157 3.1110 -0.0400
-4.7356 3.0643 -0.0400
-4.7655 3.0290 -0.0400
-4.8145 3.0134 -0.0400
-4.8532 2.9865 -0.0400
-4.9098 2.9762 -0.0400
-5.5045 3.0762 -0.0400
-5.5043 3.0064 -0.0400
-5.5591 2.9775 -0.0400
-8.0843 -1.4584 -0.0400
-7.4432 -1.5438 -0.0400
-7.4445 -1.6522 -0.0400
-5.7461 -1.4547 -0.0400
-5.7136 -1.5158 -0.0400
-3.2947 -2.6844 -0.0400
-3.2305 -2.7267 -0.0400
-2.5006 -1.2225 -0.0400
-2.4671 -1.1780 -0.0400
-2.4314 -1.1492 -0.0400
-2.3939 -1.1301 -0.0400
-2.3550 -1.1179 -0.0400
-2.3141 -1.1125 -0.0400
-2.2624 -1.1421 -0.0400
-2.2038 -1.1878 -0.0400
-1.3075 -1.5333 -0.0400
-1.2813 -1.4729 -0.0400
-1.2424 -1.4337 -0.0400
-1.1798 -1.4288 -0.0400
-1.0834 -1.4687 -0.0400
0.8225 -2.4061 -0.0400
0.8814 -2.3371 -0.0400
0.9566 -2.2825 -0.0400
1.0550 -2.2462 -0.0400
-1.3456 1.9247 -0.0400
-1.4053 1.9296 -0.0400
-1.4865 1.9210 -0.0400
-1.5375 1.9262 -0.0400
-1.5673 1.9420 -0.0400
-1.5890 1.9620 -0.0400
-1.6052 1.9851 -0.0400
-1.6058 2.0184 -0.0400
-1.6009 2.0562 -0.0400
-0.5269 3.7685 -0.0400
-0.6105 3.7694 -0.0400
-0.6382 3.8322 -0.0400
-2.8358 5.8047 -0.0400
-3.5079 4.7790 -0.0400
-3.5669 4.7394 -0.0400
-3.6330 4.7445 -0.0400
-3.7186 4.8432 -0.0400
-3.7739 4.7856 -0.0400
-3.8368 4.7666 -0.0400
-3.9084 4.7822 -0.0400
-4.8896 5.5560 -0.0400
-4.9404 5.4635 -0.0400
-4.9923 4.8599 -0.0400
-5.0418 4.7964 -0.0400
-5.1175 4.7796 -0.0400
-4.7215 3.1794 -0.0400
-4.7177 3.1038 -0.0400
-4.7392 3.0589 -0.0400
-4.7781 3.0332 -0.0400
-4.8195 3.0097 -0.0400
-4.8633 2.9879 -0.0400
-5.4782 3.0501 -0.0400
-5.5254 3.0161 -0.0400
-8.0862 -1.4495 -0.0400
-7.5053 -1.4641 -0.0400
-7.4576 -1.5421 -0.0400
-5.7381 -1.4353 -0.0400
-5.7142 -1.5038 -0.0400
-3.3775 -2.6883 -0.0400
-3.3093 -2.6794 -0.0400
-2.5082 -1.2568 -0.0400
-2.4774 -1.1971 -0.0400
-2.4430 -1.1611 -0.0400
-2.4080 -1.1315 -0.0400
-2.3683 -1.1223 -0.0400
-2.3267 -1.1199 -0.0400
-2.2819 -1.1265 -0.0400
-2.2319 -1.1472 -0.0400
-1.2030 -1.4223 -0.0400
-1.1362 -1.4222 -0.0400
0.8221 -2.4303 -0.0400
0.8668 -2.3480 -0.0400
0.9686 -2.3166 -0.0400
1.0449 -2.2611 -0.0400
-1.3863 1.9361 -0.0400
-1.5102 1.9054 -0.0400
-1.5459 1.9188 -0.0400
-1.5704 1.9378 -0.0400
-1.5888 1.9599 -0.0400
-1.6011 1.9857 -0.0400
-1.6086 2.0148 -0.0400
-1.6082 2.0496 -0.0400
-1.5689 2.1126 -0.0400
-0.5282 3.7642 -0.0400
-0.6083 3.7693 -0.0400
-0.6224 3.8480 -0.0400
-2.7576 5.7688 -0.0400
-2.8382 5.7977 -0.0400
-3.5101 4.7630 -0.0400
-3.5714 4.7385 -0.0400
-3.7209 4.8314 -0.0400
-3.7779 4.7821 -0.0400
-3.8414 4.7657 -0.0400
-4.9021 5.5763 -0.0400
-4.9460 5.4674 -0.0400
-5.0311 5.4519 -0.0400
-4.9429 4.9169 -0.0400
-4.9812 4.8303 -0.0400
-5.0520 4.8057 -0.0400
-4.7255 3.1742 -0.0400
-4.7095 3.0848 -0.0400
-4.7421 3.0525 -0.0400
-4.7844 3.0306 -0.0400
-4.8251 3.0064 -0.0400
-4.8723 2.9880 -0.0400
-5.4609 3.1006 -0.0400
-5.4757 3.0419 -0.0400
-5.5168 3.0037 -0.0400
-8.1631 -1.3661 -0.0400
-8.0964 -1.4453 -0.0400
-7.4494 -1.5276 -0.0400
-5.7443 -1.4296 -0.0400
-5.7101 -1.4881 -0.0400
-2.4945 -1.1830 -0.0400
-2.4585 -1.1555 -0.0400
-2.4210 -1.1367 -0.0400
-2.3822 -1.1242 -0.0400
-2.3418 -1.1177 -0.0400
-2.2922 -1.1411 -0.0400
-2.2386 -1.1725 -0.0400
0.7908 -2.4258 -0.0400
0.8791 -2.3835 -0.0400
0.9466 -2.3213 -0.0400
1.0350 -2.2763 -0.0400
-1.3506 1.9146 -0.0400
-1.4033 1.9235 -0.0400
-1.4893 1.9130 -0.0400
-1.5359 1.9210 -0.0400
-1.5649 1.9378 -0.0400
-1.5855 1.9589 -0.0400
-1.5950 1.9868 -0.0400
-1.5980 2.0191 -0.0400
-1.5862 2.0621 -0.0400
-0.4715 3.7283 -0.0400
-0.5594 3.7269 -0.0400
-0.6058 3.7687 -0.0400
-0.6177 3.8502 -0.0400
-2.7594 5.7687 -0.0400
-3.4549 4.8060 -0.0400
-3.5127 4.7503 -0.0400
-3.7222 4.8155 -0.0400
-3.7816 4.7781 -0.0400
-3.8549 4.8030 -0.0400
-4.8773 5.5103 -0.0400
-4.9506 5.4692 -0.0400
-4.9874 4.8327 -0.0400
-5.0954 4.8742 -0.0400
-4.7025 3.2103 -0.0400
-4.6927 3.1255 -0.0400
-4.7146 3.0806 -0.0400
-4.7470 3.0481 -0.0400
-4.7896 3.0266 -0.0400
-4.8461 3.0186 -0.0400
-5.4537 3.0881 -0.0400
-5.4787 3.0375 -0.0400
-8.0876 -1.4323 -0.0400
-7.5042 -1.4455 -0.0400
-7.4730 -1.5327 -0.0400
-5.7519 -1.4261 -0.0400
-3.6293 0.1396 -0.0400
-3.6043 0.1409 -0.0400
-3.5820 0.1386 -0.0400
-2.5396 -1.2389 -0.0400
-2.5061 -1.1939 -0.0400
-2.4707 -1.1633 -0.0400
-2.4337 -1.1425 -0.0400
-2.3953 -1.1288 -0.0400
-2.3538 -1.1262 -0.0400
-2.3097 -1.1312 -0.0400
-2.2609 -1.1491 -0.0400
-2.1969 -1.2081 -0.0400
0.8408 -2.3817 -0.0400
0.9188 -2.3293 -0.0400
0.9836 -2.2647 -0.0400
1.0956 -2.2383 -0.0400
-1.4294 1.9390 -0.0400
-1.5259 1.9211 -0.0400
-1.5594 1.9358 -0.0400
-1.5833 1.9553 -0.0400
-1.6015 1.9780 -0.0400
-1.6135 2.0046 -0.0400
-1.6205 2.0347 -0.0400
-1.4463 2.1918 -0.0400
-0.5075 3.7765 -0.0400
-0.6001 3.7691 -0.0400
-0.6524 3.8045 -0.0400
-2.7604 5.7874 -0.0400
-2.8431 5.7687 -0.0400
-3.5186 4.7539 -0.0400
-3.5809 4.7354 -0.0400
-3.6484 4.7474 -0.0400
-3.7335 4.8447 -0.0400
-3.7886 4.7838 -0.0400
-3.8530 4.7701 -0.0400
-3.9327 4.8171 -0.0400
-4.9633 5.4867 -0.0400
-5.0278 5.4263 -0.0400
-4.9956 4.8359 -0.0400
-5.0546 4.7896 -0.0400
-5.1431 4.7951 -0.0400
-4.7222 3.0756 -0.0400
-4.7538 3.0424 -0.0400
-4.7959 3.0203 -0.0400
-4.8366 2.9964 -0.0400
-4.8852 2.9796 -0.0400
-5.4898 3.0369 -0.0400
-8.0988 -1.4273 -0.0400
-8.0883 -1.5342 -0.0400
-7.4841 -1.5283 -0.0400
-5.7765 -1.4358 -0.0400
-5.7119 -1.4654 -0.0400
-5.6991 -1.5446 -0.0400
-3.6523 0.1187 -0.0400
-3.6210 0.1291 -0.0400
-3.5956 0.1318 -0.0400
-3.5733 0.1303 -0.0400
-3.5506 0.1301 -0.0400
-3.5323 0.1226 -0.0400
-3.5150 0.1134 -0.0400
-2.5147 -1.2409 -0.0400
-2.4822 -1.1939 -0.0400
-2.4475 -1.1618 -0.0400
-2.4127 -1.1336 -0.0400
-2.3736 -1.1226 -0.0400
-2.3331 -1.1169 -0.0400
-2.2902 -1.1176 -0.0400
-2.2292 -1.1706 -0.0400
0.7683 -2.4550 -0.0400
0.8543 -2.4105 -0.0400
0.9425 -2.3665 -0.0400
1.0146 -2.3071 -0.0400
-1.3550 1.9024 -0.0400
-1.4018 1.9146 -0.0400
-1.4933 1.9018 -0.0400
-1.5337 1.9136 -0.0400
-1.5661 1.9289 -0.0400
-1.5798 1.9545 -0.0400
-1.5885 1.9833 -0.0400
-1.5902 2.0170 -0.0400
-1.5727 2.0642 -0.0400
-0.3902 3.7091 -0.0400
-0.4955 3.6932 -0.0400
-0.5555 3.7215 -0.0400
-0.5863 3.7810 -0.0400
-2.6803 5.7676 -0.0400
-3.4573 4.7632 -0.0400
-3.5225 4.7631 -0.0400
-3.6636 4.8181 -0.0400
-3.7249 4.7874 -0.0400
-3.7899 4.7773 -0.0400
-4.8769 5.4927 -0.0400
-4.9350 4.8739 -0.0400
-5.0081 4.8534 -0.0400
-4.6727 3.1528 -0.0400
-4.6916 3.1035 -0.0400
-4.7227 3.0695 -0.0400
-4.7640 3.0469 -0.0400
-4.8189 3.0384 -0.0400
-5.4218 3.1189 -0.0400
-5.4537 3.0738 -0.0400
-8.1550 -1.3390 -0.0400
-7.5011 -1.4286 -0.0400
-7.5033 -1.5346 -0.0400
-5.8018 -1.3645 -0.0400
-5.7654 -1.4198 -0.0400
-3.6755 0.1275 -0.0400
-3.6410 0.1420 -0.0400
-3.6148 0.1456 -0.0400
-3.5880 0.1512 -0.0400
-3.5689 0.1452 -0.0400
-3.5508 0.1376 -0.0400
-3.5338 0.1282 -0.0400
-3.5193 0.1141 -0.0400
-3.5047 0.0995 -0.0400
-3.4908 0.0832 -0.0400
-2.5318 -1.2014 -0.0400
-2.4963 -1.1713 -0.0400
-2.4609 -1.1442 -0.0400
-2.4220 -1.1332 -0.0400
-2.3816 -1.1272 -0.0400
-2.3338 -1.1460 -0.0400
-2.2838 -1.1678 -0.0400
-1.3697 -1.5500 -0.0400
-1.3363 -1.5010 -0.0400
-1.2932 -1.4680 -0.0400
0.7595 -2.4720 -0.0400
0.8478 -2.4296 -0.0400
0.9070 -2.3599 -0.0400
1.0449 -2.3571 -0.0400
-1.3396 1.9038 -0.0400
-1.4583 1.8803 -0.0400
-1.5095 1.8877 -0.0400
-1.5394 1.9052 -0.0400
-1.5614 1.9265 -0.0400
-1.5781 1.9506 -0.0400
-1.5889 1.9783 -0.0400
-1.5728 2.0235 -0.0400
-0.4675 3.7158 -0.0400
-0.5505 3.7207 -0.0400
-2.6810 5.7658 -0.0400
-3.3985 4.7903 -0.0400
-3.4599 4.7561 -0.0400
-3.5271 4.7710 -0.0400
-3.6118 4.8907 -0.0400
-3.6669 4.8161 -0.0400
-3.7287 4.7877 -0.0400
-3.7979 4.7966 -0.0400
-4.8093 5.5405 -0.0400
-4.8803 5.4930 -0.0400
-4.8725 4.9058 -0.0400
-4.9299 4.8550 -0.0400
-5.0079 4.8443 -0.0400
-4.6463 3.1832 -0.0400
-4.6625 3.1295 -0.0400
-4.6930 3.0946 -0.0400
-4.7333 3.0713 -0.0400
-4.7762 3.0504 -0.0400
-4.8211 3.0309 -0.0400
-5.4269 3.1155 -0.0400
-5.4569 3.0689 -0.0400
-8.2086 -1.2476 -0.0400
-8.1378 -1.3244 -0.0400
-7.5203 -1.4327 -0.0400
-5.8155 -1.3688 -0.0400
-5.7604 -1.4070 -0.0400
-5.7569 -1.4932 -0.0400
-3.6943 0.1084 -0.0400
-3.6488 0.1389 -0.0400
-3.6137 0.1563 -0.0400
-3.5927 0.1532 -0.0400
-3.5733 0.1480 -0.0400
-3.5552 0.1407 -0.0400
-3.5388 0.1306 -0.0400
-3.5237 0.1180 -0.0400
-3.5093 0.1036 -0.0400
-3.4957 0.0870 -0.0400
-3.4919 0.0484 -0.0400
-3.4899 0.0024 -0.0400
-2.5712 -1.2850 -0.0400
-2.5403 -1.2243 -0.0400
-2.5097 -1.1710 -0.0400
-2.4726 -1.1516 -0.0400
-2.4348 -1.1360 -0.0400
-2.3946 -1.1301 -0.0400
-2.3475 -1.1467 -0.0400
-2.2990 -1.1644 -0.0400
-2.2344 -1.2266 -0.0400
-1.3673 -1.5830 -0.0400
-1.3431 -1.5187 -0.0400
-1.3060 -1.4764 -0.0400
-1.2472 -1.4666 -0.0400
-1.1654 -1.4873 -0.0400
0.9923 -2.3368 -0.0400
-1.3688 1.8831 -0.0400
-1.4042 1.9012 -0.0400
-1.4993 1.8870 -0.0400
-1.5324 1.9031 -0.0400
-1.5603 1.9214 -0.0400
-1.5726 1.9483 -0.0400
-1.5801 1.9783 -0.0400
-1.5801 2.0135 -0.0400
-1.5510 2.0689 -0.0400
-0.3971 3.6883 -0.0400
-0.4935 3.6820 -0.0400
-0.5460 3.7186 -0.0400
-0.5601 3.7971 -0.0400
-2.6812 5.7670 -0.0400
-3.4020 4.7953 -0.0400
-3.4625 4.7525 -0.0400
-3.6082 4.8478 -0.0400
-3.6684 4.8053 -0.0400
-3.7323 4.7879 -0.0400
-4.7510 5.6154 -0.0400
-4.8062 5.5253 -0.0400
-4.8863 5.4998 -0.0400
-4.8739 4.8998 -0.0400
-4.9331 4.8526 -0.0400
-5.0118 4.8432 -0.0400
-4.6551 3.1837 -0.0400
-4.6695 3.1275 -0.0400
-4.6981 3.0901 -0.0400
-4.7466 3.0763 -0.0400
-4.7895 3.0550 -0.0400
-5.3983 3.1559 -0.0400
-5.4247 3.1060 -0.0400
-5.4969 3.0938 -0.0400
-8.2028 -1.2393 -0.0400
-8.1365 -1.3180 -0.0400
-7.5540 -1.3424 -0.0400
-7.5109 -1.4215 -0.0400
-5.8058 -1.3533 -0.0400
-5.7774 -1.4151 -0.0400
-3.6750 0.1435 -0.0400
-3.6440 0.1537 -0.0400
-3.6191 0.1560 -0.0400
-3.5974 0.1541 -0.0400
-3.5776 0.1498 -0.0400
-3.5586 0.1445 -0.0400
-3.5425 0.1343 -0.0400
-3.5273 0.1223 -0.0400
-3.5130 0.1082 -0.0400
-3.5051 0.0803 -0.0400
-3.4957 0.0540 -0.0400
-3.4928 0.0109 -0.0400
-2.5561 -1.2102 -0.0400
-2.5204 -1.1813 -0.0400
-2.4857 -1.1517 -0.0400
-2.4475 -1.1384 -0.0400
-2.4069 -1.1342 -0.0400
-2.3649 -1.1338 -0.0400
-2.3113 -1.1693 -0.0400
-2.2477 -1.2291 -0.0400
-1.3937 -1.5691 -0.0400
-1.3610 -1.5189 -0.0400
-1.3193 -1.4838 -0.0400
-1.2687 -1.4623 -0.0400
-1.2053 -1.4578 -0.0400
1.9233 0.1697 -0.0400
1.9737 0.2506 -0.0400
-1.2758 1.8489 -0.0400
-1.3461 1.8534 -0.0400
-1.3822 1.8719 -0.0400
-1.4749 1.8611 -0.0400
-1.5213 1.8710 -0.0400
-1.5399 1.8947 -0.0400
-1.5533 1.9212 -0.0400
-1.5622 1.9503 -0.0400
-1.5371 2.0008 -0.0400
-0.4506 3.6300 -0.0400
-0.4838 3.6868 -0.0400
-2.5983 5.7700 -0.0400
-3.3361 4.7695 -0.0400
-3.4020 4.7778 -0.0400
-3.5450 4.8640 -0.0400
-3.6039 4.8076 -0.0400
-3.6711 4.8092 -0.0400
-4.7277 5.5496 -0.0400
-4.7688 5.0228 -0.0400
-4.8056 4.9230 -0.0400
-4.8700 4.8860 -0.0400
-4.5868 3.2404 -0.0400
-4.6019 3.1829 -0.0400
-4.6306 3.1450 -0.0400
-4.6694 3.1203 -0.0400
-4.7150 3.1033 -0.0400
-4.7564 3.0808 -0.0400
-4.8242 3.0870 -0.0400
-5.3706 3.1998 -0.0400
-5.3905 3.1438 -0.0400
-5.4485 3.1208 -0.0400
-8.2196 -1.1351 -0.0400
-8.1785 -1.2250 -0.0400
-7.5914 -1.2571 -0.0400
-7.5477 -1.3356 -0.0400
-5.8519 -1.3034 -0.0400
-3.7033 0.1424 -0.0400
-3.6647 0.1624 -0.0400
-3.6313 0.1769 -0.0400
-3.6110 0.1732 -0.0400
-3.5925 0.1671 -0.0400
-3.5752 0.1593 -0.0400
-3.5592 0.1494 -0.0400
-3.5439 0.1380 -0.0400
-3.5336 0.1171 -0.0400
-3.5219 0.0978 -0.0400
-3.5126 0.0726 -0.0400
-3.5084 0.0349 -0.0400
-2.5332 -1.1618 -0.0400
-2.4952 -1.1476 -0.0400
-2.4555 -1.1409 -0.0400
-2.4113 -1.1503 -0.0400
-2.3664 -1.1591 -0.0400
-1.4390 -1.6194 -0.0400
-1.4114 -1.5594 -0.0400
-1.3732 -1.5185 -0.0400
-1.3162 -1.5068 -0.0400
-1.2419 -1.5193 -0.0400
1.9252 0.2362 -0.0400
1.9719 0.3182 -0.0400
2.0691 0.3946 -0.0400
2.2575 0.4636 -0.0400
-1.3029 1.8627 -0.0400
-1.3604 1.8722 -0.0400
-1.3949 1.8912 -0.0400
-1.5076 1.8686 -0.0400
-1.5330 1.8891 -0.0400
-1.5523 1.9126 -0.0400
-1.5670 1.9385 -0.0400
-1.5669 1.9735 -0.0400
-1.5616 2.0127 -0.0400
-0.3933 3.6749 -0.0400
-0.4872 3.6718 -0.0400
-0.5347 3.7142 -0.0400
-2.5965 5.7785 -0.0400
-3.3441 4.8315 -0.0400
-3.4033 4.7605 -0.0400
-3.4731 4.7985 -0.0400
-3.5533 4.9012 -0.0400
-3.6078 4.8107 -0.0400
-3.6722 4.7947 -0.0400
-3.7458 4.8282 -0.0400
-4.7492 5.5978 -0.0400
-4.8140 5.5317 -0.0400
-4.8177 4.9384 -0.0400
-4.8724 4.8802 -0.0400
-4.9799 4.9290 -0.0400
-4.6294 3.2052 -0.0400
-4.6448 3.1489 -0.0400
-4.6729 3.1106 -0.0400
-4.7213 3.0972 -0.0400
-4.7617 3.0733 -0.0400
-4.8240 3.0736 -0.0400
-5.3872 3.2041 -0.0400
-5.3962 3.1382 -0.0400
-5.4450 3.1075 -0.0400
-8.1720 -1.2162 -0.0400
-8.1632 -1.3207 -0.0400
-7.5480 -1.3297 -0.0400
-5.8679 -1.3098 -0.0400
-5.8093 -1.3447 -0.0400
-5.8008 -1.4238 -0.0400
-3.6767 0.1520 -0.0400
-3.6471 0.1609 -0.0400
-3.6230 0.1627 -0.0400
-3.6019 0.1607 -0.0400
-3.5827 0.1562 -0.0400
-3.5647 0.1500 -0.0400
-3.5492 0.1396 -0.0400
-3.5348 0.1268 -0.0400
-3.5214 0.1117 -0.0400
-3.5090 0.0942 -0.0400
-3.4987 0.0711 -0.0400
-4.4659 -3.9714 -0.0400
-4.3734 -3.9806 -0.0400
-4.2683 -3.9364 -0.0400
-2.3895 -1.1400 -0.0400
-2.3382 -1.1690 -0.0400
-2.2842 -1.2017 -0.0400
-1.3977 -1.6202 -0.0400
-1.3877 -1.5327 -0.0400
-1.3446 -1.5001 -0.0400
-1.2934 -1.4795 -0.0400
-1.2303 -1.4751 -0.0400
1.9298 0.2182 -0.0400
2.0551 0.2884 -0.0400
2.0626 0.3784 -0.0400
2.3055 0.4408 -0.0400
-1.5048 1.8622 -0.0400
-1.5293 1.8833 -0.0400
-1.5484 1.9071 -0.0400
-1.5587 1.9359 -0.0400
-1.5645 1.9676 -0.0400
-1.5616 2.0053 -0.0400
-1.4104 2.1420 -0.0400
-0.4260 3.6331 -0.0400
-0.4864 3.6632 -0.0400
-0.5149 3.7258 -0.0400
-2.5957 5.7724 -0.0400
-3.3417 4.7825 -0.0400
-3.4052 4.7608 -0.0400
-3.5520 4.8773 -0.0400
-3.6097 4.8089 -0.0400
-3.6755 4.8005 -0.0400
-3.7561 4.8706 -0.0400
-4.7319 5.5465 -0.0400
-4.8146 5.5277 -0.0400
-4.8100 4.9140 -0.0400
-4.8758 4.8798 -0.0400
-4.9555 4.8733 -0.0400
-4.6299 3.1953 -0.0400
-4.6421 3.1349 -0.0400
-4.6809 3.1101 -0.0400
-4.7263 3.0930 -0.0400
-4.7666 3.0691 -0.0400
-4.8272 3.0675 -0.0400
-5.4014 3.1348 -0.0400
-8.1765 -1.2144 -0.0400
-7.6153 -1.2600 -0.0400
-7.5440 -1.3238 -0.0400
-5.8828 -1.3179 -0.0400
-5.8255 -1.3541 -0.0400
-3.6885 0.1392 -0.0400
-3.6436 0.1705 -0.0400
-3.6215 0.1698 -0.0400
-3.6017 0.1662 -0.0400
-3.5836 0.1604 -0.0400
-3.5668 0.1527 -0.0400
-3.5511 0.1429 -0.0400
-3.5364 0.1314 -0.0400
-3.5268 0.1094 -0.0400
-3.5160 0.0887 -0.0400
-3.5081 0.0607 -0.0400
-4.4762 -3.9639 -0.0400
-4.3789 -3.9539 -0.0400
-4.2803 -3.9342 -0.0400
-1.4332 -1.5901 -0.0400
-1.3990 -1.5425 -0.0400
-1.3573 -1.5076 -0.0400
-1.3090 -1.4831 -0.0400
-1.2145 -1.5235 -0.0400
0.7135 -2.5305 -0.0400
0.7930 -2.4802 -0.0400
0.9014 -2.4544 -0.0400
1.9252 0.2015 -0.0400
1.9607 0.2854 -0.0400
2.0771 0.3590 -0.0400
2.2655 0.4279 -0.0400
-1.5541 1.9304 -0.0400
-1.5599 1.9624 -0.0400
-1.5576 1.9999 -0.0400
-0.3980 3.6501 -0.0400
-0.4796 3.6597 -0.0400
-0.5200 3.7101 -0.0400
-2.5099 5.7773 -0.0400
-2.5944 5.7678 -0.0400
-3.3426 4.7780 -0.0400
-3.4073 4.7680 -0.0400
-3.5488 4.8419 -0.0400
-3.6104 4.8022 -0.0400
-3.6779 4.8036 -0.0400
-4.6766 5.6367 -0.0400
-4.7326 5.5438 -0.0400
-4.8229 5.5440 -0.0400
-4.7590 4.9757 -0.0400
-4.8123 4.9122 -0.0400
-4.8866 4.8955 -0.0400
-4.6142 3.1637 -0.0400
-4.6471 3.1311 -0.0400
-4.6873 3.1080 -0.0400
-4.7313 3.0890 -0.0400
-4.8007 3.0989 -0.0400
-5.3703 3.1728 -0.0400
-5.4083 3.1330 -0.0400
-8.1717 -1.2090 -0.0400
-7.5869 -1.2425 -0.0400
-7.5484 -1.3229 -0.0400
-5.9382 -1.2758 -0.0400
-5.8538 -1.2899 -0.0400
-5.8206 -1.3458 -0.0400
-3.6767 0.1591 -0.0400
-3.6484 0.1666 -0.0400
-3.6251 0.1680 -0.0400
-3.6047 0.1657 -0.0400
-3.5845 0.1636 -0.0400
-3.5686 0.1546 -0.0400
-3.5536 0.1441 -0.0400
-3.5399 0.1311 -0.0400
-3.5271 0.1156 -0.0400
-3.5154 0.0976 -0.0400
-3.5063 0.0730 -0.0400
-4.4878 -3.9629 -0.0400
-4.3908 -3.9541 -0.0400
-4.2955 -3.9468 -0.0400
-1.4455 -1.5978 -0.0400
-1.4111 -1.5505 -0.0400
-1.3698 -1.5153 -0.0400
-1.3118 -1.5050 -0.0400
-1.2407 -1.5120 -0.0400
0.6905 -2.5340 -0.0400
0.7823 -2.4954 -0.0400
0.8549 -2.4377 -0.0400
1.9102 0.1026 -0.0400
1.9561 0.1843 -0.0400
2.0768 0.2556 -0.0400
2.2718 0.3206 -0.0400
-0.3789 3.5714 -0.0400
-0.4269 3.6144 -0.0400
-0.4348 3.6978 -0.0400
-3.2776 4.7772 -0.0400
-3.3459 4.8118 -0.0400
-3.4828 4.8475 -0.0400
-3.5463 4.8167 -0.0400
-3.6165 4.8371 -0.0400
-4.5831 5.6233 -0.0400
-4.6551 5.5736 -0.0400
-4.6842 4.9865 -0.0400
-4.7444 4.9379 -0.0400
-4.8246 4.9350 -0.0400
-4.5494 3.2247 -0.0400
-4.5787 3.1862 -0.0400
-4.6145 3.1574 -0.0400
-4.6577 3.1381 -0.0400
-4.7085 3.1279 -0.0400
-5.3368 3.2116 -0.0400
-8.8297 -0.4728 -0.0400
-8.2741 -1.0372 -0.0400
-8.2153 -1.1193 -0.0400
-7.6222 -1.1592 -0.0400
-7.6284 -1.2618 -0.0400
-5.9645 -1.2121 -0.0400
-5.8913 -1.2361 -0.0400
-5.8584 -1.2917 -0.0400
-3.7132 0.1753 -0.0400
-3.6813 0.1864 -0.0400
-3.6566 0.1890 -0.0400
-3.6355 0.1873 -0.0400
-3.6164 0.1831 -0.0400
-3.5990 0.1768 -0.0400
-3.5828 0.1687 -0.0400
-3.5679 0.1587 -0.0400
-3.5569 0.1412 -0.0400
-3.5454 0.1242 -0.0400
-3.5357 0.1028 -0.0400
-3.5296 0.0730 -0.0400
-4.5842 -3.9410 -0.0400
-4.4719 -3.8813 -0.0400
-4.3884 -3.9166 -0.0400
-3.9483 -4.5808 -0.0400
-3.5733 -2.6425 -0.0400
-3.5153 -2.7050 -0.0400
-1.4834 -1.6594 -0.0400
-1.4669 -1.5806 -0.0400
-1.4243 -1.5475 -0.0400
-1.3665 -1.5379 -0.0400
-1.2976 -1.5433 -0.0400
0.6316 -2.6205 -0.0400
0.7080 -2.5677 -0.0400
0.8162 -2.5437 -0.0400
0.8853 -2.4815 -0.0400
1.9243 0.1659 -0.0400
2.0493 0.2359 -0.0400
2.0880 0.3219 -0.0400
2.2876 0.3893 -0.0400
-0.3198 3.6112 -0.0400
-0.4137 3.6115 -0.0400
-0.4680 3.6485 -0.0400
-0.4938 3.7146 -0.0400
-3.3432 4.7709 -0.0400
-3.5481 4.8227 -0.0400
-3.6144 4.8146 -0.0400
-3.6847 4.8302 -0.0400
-4.6031 5.6803 -0.0400
-4.6573 5.5765 -0.0400
-4.7445 5.5692 -0.0400
-4.7558 4.9569 -0.0400
-4.8138 4.9038 -0.0400
-4.9115 4.9362 -0.0400
-4.5841 3.2620 -0.0400
-4.5967 3.1983 -0.0400
-4.6197 3.1512 -0.0400
-4.6591 3.1271 -0.0400
-4.7074 3.1138 -0.0400
-4.7584 3.1027 -0.0400
-5.3410 3.2050 -0.0400
-5.3778 3.1640 -0.0400
-8.8040 -0.5721 -0.0400
-8.2032 -1.1114 -0.0400
-7.5800 -1.2348 -0.0400
-7.6235 -1.3576 -0.0400
-5.9117 -1.2498 -0.0400
-5.8525 -1.2838 -0.0400
-3.7083 0.1505 -0.0400
-3.6720 0.1686 -0.0400
-3.6463 0.1732 -0.0400
-3.6201 0.1799 -0.0400
-3.6023 0.1744 -0.0400
-3.5858 0.1672 -0.0400
-3.5706 0.1580 -0.0400
-3.5561 0.1474 -0.0400
-3.5429 0.1342 -0.0400
-3.5307 0.1187 -0.0400
-3.5196 0.1003 -0.0400
-3.5259 0.0440 -0.0400
-4.5044 -3.9441 -0.0400
-4.4014 -3.9114 -0.0400
-4.3137 -3.9306 -0.0400
-3.5868 -2.6461 -0.0400
-3.5221 -2.6538 -0.0400
-1.4633 -1.6229 -0.0400
-1.4312 -1.5718 -0.0400
-1.3945 -1.5295 -0.0400
-1.3455 -1.5063 -0.0400
-1.2632 -1.5304 -0.0400
0.6259 -2.6490 -0.0400
0.6650 -2.5600 -0.0400
0.7518 -2.5170 -0.0400
0.8380 -2.4720 -0.0400
1.8992 -0.0219 -0.0400
1.9148 0.0654 -0.0400
2.0396 0.1336 -0.0400
2.0675 0.2209 -0.0400
2.2659 0.2849 -0.0400
-0.2679 3.5610 -0.0400
-0.3607 3.5643 -0.0400
-0.4160 3.6010 -0.0400
-2.4204 5.7567 -0.0400
-3.2128 4.7966 -0.0400
-3.2780 4.7803 -0.0400
-3.4820 4.8326 -0.0400
-3.5505 4.8401 -0.0400
-3.6252 4.8862 -0.0400
-4.5196 5.7000 -0.0400
-4.5780 5.6041 -0.0400
-4.6640 5.5943 -0.0400
-4.6279 5.0374 -0.0400
-4.6786 4.9627 -0.0400
-4.7542 4.9502 -0.0400
-4.5241 3.2503 -0.0400
-4.5523 3.2091 -0.0400
-4.5872 3.1785 -0.0400
-4.6317 3.1612 -0.0400
-4.6731 3.1391 -0.0400
-4.7483 3.1592 -0.0400
-5.3011 3.3166 -0.0400
-5.3041 3.2410 -0.0400
-5.3454 3.2042 -0.0400
-8.8386 -0.4725 -0.0400
-8.2323 -1.0170 -0.0400
-7.6811 -1.0856 -0.0400
-7.6153 -1.1527 -0.0400
-5.9347 -1.1859 -0.0400
-5.8903 -1.2317 -0.0400
-3.7456 0.1649 -0.0400
-3.7023 0.1899 -0.0400
-3.6756 0.1950 -0.0400
-3.6533 0.1950 -0.0400
-3.6337 0.1920 -0.0400
-3.6157 0.1870 -0.0400
-3.5992 0.1801 -0.0400
-3.5844 0.1704 -0.0400
-3.5713 0.1579 -0.0400
-3.5591 0.1434 -0.0400
-3.5482 0.1262 -0.0400
-3.5393 0.1042 -0.0400
-3.5340 0.0736 -0.0400
-4.5973 -3.9154 -0.0400
-4.4917 -3.8771 -0.0400
-4.4233 -3.9663 -0.0400
-4.0732 -4.5757 -0.0400
-3.6567 -2.6338 -0.0400
-3.5919 -2.6396 -0.0400
-1.5145 -1.6610 -0.0400
-1.4914 -1.5938 -0.0400
-1.4487 -1.5611 -0.0400
-1.3955 -1.5449 -0.0400
-1.3357 -1.5377 -0.0400
0.5898 -2.6299 -0.0400
0.6868 -2.5979 -0.0400
0.7822 -2.5621 -0.0400
1.9038 0.0492 -0.0400
2.0496 0.1133 -0.0400
2.2342 0.1759 -0.0400
-0.2667 3.5487 -0.0400
-0.3564 3.5552 -0.0400
-0.3927 3.6104 -0.0400
-2.4163 5.7566 -0.0400
-3.2116 4.7864 -0.0400
-3.2779 4.7902 -0.0400
-3.4175 4.8665 -0.0400
-3.4821 4.8356 -0.0400
-3.5513 4.8477 -0.0400
-4.5131 5.6796 -0.0400
-4.5772 5.6016 -0.0400
-4.6254 5.0277 -0.0400
-4.6796 4.9613 -0.0400
-4.7645 4.9703 -0.0400
-4.5246 3.2418 -0.0400
-4.5525 3.2003 -0.0400
-4.5919 3.1761 -0.0400
-4.6400 3.1635 -0.0400
-4.6845 3.1450 -0.0400
-5.2811 3.2887 -0.0400
-5.3062 3.2355 -0.0400
-5.3548 3.2057 -0.0400
-8.8637 -0.3705 -0.0400
-8.2421 -1.0199 -0.0400
-7.6607 -1.0755 -0.0400
-7.6156 -1.1520 -0.0400
-5.9273 -1.1796 -0.0400
-5.8994 -1.2382 -0.0400
-3.7472 0.1615 -0.0400
-3.7022 0.1887 -0.0400
-3.6755 0.1940 -0.0400
-3.6480 0.2017 -0.0400
-3.6301 0.1967 -0.0400
-3.6135 0.1900 -0.0400
-3.5981 0.1818 -0.0400
-3.5838 0.1719 -0.0400
-3.5704 0.1604 -0.0400
-3.5580 0.1467 -0.0400
-3.5526 0.1198 -0.0400
-3.5460 0.0935 -0.0400
-3.5475 0.0493 -0.0400
-4.6989 -3.9056 -0.0400
-4.6067 -3.9151 -0.0400
-4.5000 -3.8727 -0.0400
-4.4209 -3.9216 -0.0400
-3.6663 -2.6402 -0.0400
-3.6000 -2.6353 -0.0400
-1.4095 -1.5484 -0.0400
-1.3302 -1.5706 -0.0400
0.6052 -2.6706 -0.0400
0.6696 -2.6061 -0.0400
0.7711 -2.5764 -0.0400
0.8483 -2.5221 -0.0400
1.8882 -0.0567 -0.0400
1.9219 0.0271 -0.0400
2.0335 0.0976 -0.0400
2.0893 0.1805 -0.0400
-0.3784 3.6103 -0.0400
-2.4119 5.7546 -0.0400
-3.2103 4.7873 -0.0400
-3.2778 4.8103 -0.0400
-3.4151 4.8507 -0.0400
-3.4813 4.8352 -0.0400
-3.5596 4.9186 -0.0400
-4.5131 5.6819 -0.0400
-4.5784 5.6064 -0.0400
-4.6173 5.0045 -0.0400
-4.6816 4.9636 -0.0400
-4.7690 4.9780 -0.0400
-4.5079 3.2938 -0.0400
-4.5221 3.2294 -0.0400
-4.5565 3.1974 -0.0400
-4.5985 3.1768 -0.0400
-4.6453 3.1620 -0.0400
-4.7161 3.1782 -0.0400
-5.2737 3.2740 -0.0400
-5.3115 3.2336 -0.0400
-8.8596 -0.3693 -0.0400
-8.2883 -0.9327 -0.0400
-8.2424 -1.0194 -0.0400
-7.6448 -1.0681 -0.0400
-7.6309 -1.1589 -0.0400
-5.9260 -1.1787 -0.0400
-5.9431 -1.2728 -0.0400
-7.6901 -2.7954 -0.0400
-3.7370 0.1719 -0.0400
-3.6876 0.2055 -0.0400
-3.6659 0.2050 -0.0400
-3.6467 0.2018 -0.0400
-3.6289 0.1968 -0.0400
-3.6126 0.1902 -0.0400
-3.5974 0.1819 -0.0400
-3.5840 0.1709 -0.0400
-3.5718 0.1576 -0.0400
-3.5605 0.1425 -0.0400
-3.5502 0.1247 -0.0400
-3.5425 0.1012 -0.0400
-3.5395 0.0671 -0.0400
-4.5969 -3.8552 -0.0400
-4.5091 -3.8730 -0.0400
-3.7416 -2.6485 -0.0400
-3.6713 -2.6224 -0.0400
-3.6111 -2.6557 -0.0400
0.5209 -2.7397 -0.0400
0.5896 -2.6800 -0.0400
0.6563 -2.6179 -0.0400
0.7574 -2.5881 -0.0400
1.8989 0.0131 -0.0400
2.0417 0.0774 -0.0400
2.2418 0.1370 -0.0400
-2.3229 5.7459 -0.0400
-3.1423 4.8018 -0.0400
-3.2085 4.7903 -0.0400
-3.2772 4.8325 -0.0400
-3.4133 4.8470 -0.0400
-3.4806 4.8409 -0.0400
-3.5517 4.8657 -0.0400
-4.4374 5.7327 -0.0400
-4.5029 5.6525 -0.0400
-4.5883 5.6397 -0.0400
-4.6169 5.0024 -0.0400
-4.6846 4.9695 -0.0400
-4.4895 3.3467 -0.0400
-4.4927 3.2617 -0.0400
-4.5214 3.2201 -0.0400
-4.5601 3.1946 -0.0400
-4.6085 3.1828 -0.0400
-4.6537 3.1656 -0.0400
-5.2741 3.2675 -0.0400
-5.3269 3.2420 -0.0400
-8.8631 -0.3703 -0.0400
-8.2694 -0.9256 -0.0400
-7.6468 -1.0693 -0.0400
-7.6359 -1.1614 -0.0400
-5.9916 -1.1497 -0.0400
-5.9250 -1.1786 -0.0400
-7.7750 -2.7248 -0.0400
-7.6877 -2.7890 -0.0400
-3.7071 0.2063 -0.0400
-3.6833 0.2080 -0.0400
-3.6627 0.2064 -0.0400
-3.6442 0.2025 -0.0400
-3.6250 0.2001 -0.0400
-3.6100 0.1918 -0.0400
-3.5960 0.1822 -0.0400
-3.5826 0.1715 -0.0400
-3.5704 0.1587 -0.0400
-3.5637 0.1358 -0.0400
-3.5558 0.1138 -0.0400
-3.5513 0.0842 -0.0400
-4.7101 -3.8876 -0.0400
-4.6127 -3.8788 -0.0400
-4.5157 -3.8669 -0.0400
-4.4415 -3.9316 -0.0400
-4.1009 -4.5498 -0.0400
-3.6791 -2.6248 -0.0400
-3.6160 -2.6381 -0.0400
0.4882 -2.7306 -0.0400
0.5532 -2.6679 -0.0400
0.6473 -2.6336 -0.0400
0.7414 -2.5973 -0.0400
2.0871 0.1434 -0.0400
-2.3118 5.7779 -0.0400
-3.1397 4.8045 -0.0400
-3.2061 4.7922 -0.0400
-3.2758 4.8505 -0.0400
-3.3454 4.8775 -0.0400
-3.4113 4.8473 -0.0400
-3.4793 4.8465 -0.0400
-3.5535 4.8942 -0.0400
-4.4349 5.7304 -0.0400
-4.4997 5.6472 -0.0400
-4.6139 4.9946 -0.0400
-4.6963 4.9981 -0.0400
-4.4857 3.3332 -0.0400
-4.4897 3.2495 -0.0400
-4.5246 3.2176 -0.0400
-4.5687 3.1998 -0.0400
-4.6143 3.1836 -0.0400
-4.6722 3.1835 -0.0400
-5.2413 3.3070 -0.0400
-5.2774 3.2645 -0.0400
-8.8859 -0.2692 -0.0400
-8.2806 -0.9301 -0.0400
-7.6955 -0.9955 -0.0400
-7.6574 -1.0748 -0.0400
-7.6754 -1.1806 -0.0400
-5.9647 -1.1313 -0.0400
-5.9315 -1.1849 -0.0400
-7.7558 -2.7062 -0.0400
-7.6899 -2.7871 -0.0400
-3.7486 0.1796 -0.0400
-3.6988 0.2123 -0.0400
-3.6773 0.2116 -0.0400
-3.6582 0.2085 -0.0400
-3.6378 0.2077 -0.0400
-3.6225 0.2002 -0.0400
-3.6079 0.1917 -0.0400
-3.5941 0.1821 -0.0400
-3.5835 0.1673 -0.0400
-3.5724 0.1528 -0.0400
-3.5621 0.1364 -0.0400
-3.5540 0.1153 -0.0400
-3.5488 0.0876 -0.0400
-4.7120 -3.8708 -0.0400
-4.6080 -3.8398 -0.0400
-4.5248 -3.8710 -0.0400
-3.7516 -2.6273 -0.0400
-3.6849 -2.6191 -0.0400
-2.7064 -1.2227 -0.0400
-2.6714 -1.1962 -0.0400
-2.6353 -1.1782 -0.0400
0.4850 -2.7519 -0.0400
0.5641 -2.7032 -0.0400
0.6233 -2.6342 -0.0400
0.7281 -2.6086 -0.0400
0.8660 2.6290 -0.0400
-2.3107 5.7433 -0.0400
-3.1367 4.8145 -0.0400
-3.2045 4.8339 -0.0400
-3.3429 4.8812 -0.0400
-3.4089 4.8495 -0.0400
-3.4773 4.8508 -0.0400
-4.4202 5.6871 -0.0400
-4.4948 5.6379 -0.0400
-4.5690 5.0929 -0.0400
-4.6146 4.9977 -0.0400
-4.7137 5.0425 -0.0400
-4.4670 3.2957 -0.0400
-4.4919 3.2464 -0.0400
-4.5277 3.2157 -0.0400
-4.5720 3.1979 -0.0400
-4.6217 3.1874 -0.0400
-4.6945 3.2075 -0.0400
-5.2408 3.3004 -0.0400
-5.2830 3.2642 -0.0400
-8.9065 -0.2744 -0.0400
-8.3542 -0.8537 -0.0400
-8.2962 -0.9365 -0.0400
-7.6851 -0.9922 -0.0400
-7.6553 -1.0749 -0.0400
-6.0477 -1.1152 -0.0400
-5.9583 -1.1286 -0.0400
-5.9350 -1.1894 -0.0400
-7.7525 -2.7007 -0.0400
-7.7128 -2.8027 -0.0400
-3.7631 0.1858 -0.0400
-3.7227 0.2057 -0.0400
-3.6975 0.2089 -0.0400
-3.6702 0.2160 -0.0400
-3.6527 0.2112 -0.0400
-3.6341 0.2082 -0.0400
-3.6193 0.2002 -0.0400
-3.6055 0.1911 -0.0400
-3.5937 0.1787 -0.0400
-3.5820 0.1658 -0.0400
-3.5711 0.1514 -0.0400
-3.5611 0.1349 -0.0400
-3.5636 0.0949 -0.0400
-4.7188 -3.8699 -0.0400
-4.6207 -3.8573 -0.0400
-4.5493 -3.9285 -0.0400
-4.1161 -4.5309 -0.0400
-3.6909 -2.6178 -0.0400
-2.7478 -1.2608 -0.0400
-2.7140 -1.2222 -0.0400
-2.6792 -1.1954 -0.0400
-2.6433 -1.1779 -0.0400
-2.6066 -1.1652 -0.0400
-2.5679 -1.1619 -0.0400
-2.5278 -1.1631 -0.0400
0.5435 -2.7064 -0.0400
0.6262 -2.6608 -0.0400
0.7135 -2.6183 -0.0400
0.8792 2.6177 -0.0400
-1.2829 1.7552 -0.0400
-1.3197 1.7761 -0.0400
-1.4219 1.7647 -0.0400
-2.2180 5.7403 -0.0400
-3.0655 4.8426 -0.0400
-3.1327 4.7955 -0.0400
-3.2003 4.8170 -0.0400
-3.3404 4.8938 -0.0400
-3.4063 4.8561 -0.0400
-3.4806 4.9119 -0.0400
-4.4283 5.7255 -0.0400
-4.4992 5.6613 -0.0400
-4.5491 5.0415 -0.0400
-4.6146 5.0007 -0.0400
-4.7218 5.0653 -0.0400
-4.4645 3.2858 -0.0400
-4.4927 3.2417 -0.0400
-4.5332 3.2181 -0.0400
-4.5808 3.2050 -0.0400
-4.6273 3.1893 -0.0400
-5.2135 3.3477 -0.0400
-5.2439 3.2982 -0.0400
-5.2977 3.2739 -0.0400
-8.3083 -0.8388 -0.0400
-8.2941 -0.9367 -0.0400
-7.6849 -0.9936 -0.0400
-7.6657 -1.0810 -0.0400
-6.0257 -1.1023 -0.0400
-5.9573 -1.1304 -0.0400
-5.9698 -1.2180 -0.0400
-7.7438 -2.6916 -0.0400
-7.7320 -2.8158 -0.0400
-3.7456 0.2001 -0.0400
-3.7054 0.2205 -0.0400
-3.6851 0.2185 -0.0400
-3.6627 0.2199 -0.0400
-3.6464 0.2138 -0.0400
-3.6312 0.2067 -0.0400
-3.6161 0.1996 -0.0400
-3.6027 0.1900 -0.0400
-3.5920 0.1763 -0.0400
-3.5808 0.1631 -0.0400
-3.5702 0.1483 -0.0400
-3.5684 0.1177 -0.0400
-3.5649 0.0885 -0.0400
-4.8129 -3.8495 -0.0400
-4.7191 -3.8520 -0.0400
-4.6181 -3.8291 -0.0400
-4.5413 -3.8798 -0.0400
-3.7608 -2.6151 -0.0400
-3.6963 -2.6168 -0.0400
-2.7537 -1.2679 -0.0400
-2.7206 -1.2251 -0.0400
-2.6861 -1.1971 -0.0400
-2.6515 -1.1737 -0.0400
-2.6140 -1.1660 -0.0400
-2.5753 -1.1634 -0.0400
-2.5350 -1.1660 -0.0400
-2.4835 -1.2080 -0.0400
0.8680 2.5960 -0.0400
-1.2566 1.7533 -0.0400
-1.3207 1.7624 -0.0400
-1.4045 1.7599 -0.0400
-1.4525 1.7723 -0.0400
-1.4735 1.7973 -0.0400
-1.4898 1.8246 -0.0400
-2.2953 5.7454 -0.0400
-3.1285 4.8053 -0.0400
-3.2693 4.9353 -0.0400
-3.3346 4.8647 -0.0400
-3.4025 4.8554 -0.0400
-3.4751 4.8938 -0.0400
-4.4231 5.7191 -0.0400
-4.5435 5.0308 -0.0400
-4.6164 5.0097 -0.0400
-4.4439 3.3401 -0.0400
-4.4593 3.2722 -0.0400
-4.4955 3.2412 -0.0400
-4.5384 3.2209 -0.0400
-4.5849 3.2058 -0.0400
-4.6403 3.2027 -0.0400
-5.2084 3.3371 -0.0400
-5.2495 3.2992 -0.0400
-8.9111 -0.1713 -0.0400
-8.3118 -0.8414 -0.0400
-7.7459 -0.9258 -0.0400
-7.6859 -0.9959 -0.0400
-6.0016 -1.0885 -0.0400
-5.9561 -1.1326 -0.0400
-5.9800 -1.2286 -0.0400
-7.7450 -2.6908 -0.0400
-3.7277 0.2139 -0.0400
-3.6967 0.2241 -0.0400
-3.6783 0.2203 -0.0400
-3.6576 0.2197 -0.0400
-3.6404 0.2153 -0.0400
-3.6261 0.2072 -0.0400
-3.6128 0.1980 -0.0400
-3.6003 0.1875 -0.0400
-3.5884 0.1758 -0.0400
-3.5802 0.1581 -0.0400
-3.5704 0.1423 -0.0400
-3.5708 0.1081 -0.0400
-3.5708 0.0727 -0.0400
-4.8236 -3.8635 -0.0400
-4.7276 -3.8601 -0.0400
-4.6250 -3.8321 -0.0400
-3.7630 -2.6009 -0.0400
-3.7048 -2.6369 -0.0400
-2.7580 -1.2813 -0.0400
-2.7259 -1.2318 -0.0400
-2.6944 -1.1877 -0.0400
-2.6581 -1.1744 -0.0400
-2.6209 -1.1664 -0.0400
-2.5824 -1.1635 -0.0400
-2.5372 -1.1866 -0.0400
-2.4903 -1.2113 -0.0400
1.8646 -0.1453 -0.0400
2.0218 -0.0870 -0.0400
2.0214 0.0058 -0.0400
0.9050 2.5940 -0.0400
-1.2546 1.7406 -0.0400
-1.3015 1.7576 -0.0400
-1.4058 1.7459 -0.0400
-1.4393 1.7655 -0.0400
-1.4688 1.7864 -0.0400
-1.4846 1.8140 -0.0400
-1.4891 1.8480 -0.0400
-1.4928 1.8829 -0.0400
-2.2030 5.7310 -0.0400
-3.0559 4.8196 -0.0400
-3.1235 4.7991 -0.0400
-3.3298 4.8601 -0.0400
-3.4003 4.8806 -0.0400
-4.4055 5.6707 -0.0400
-4.5421 5.0335 -0.0400
-4.6198 5.0245 -0.0400
-4.4375 3.3253 -0.0400
-4.4595 3.2685 -0.0400
-4.4982 3.2413 -0.0400
-4.5471 3.2302 -0.0400
-4.5933 3.2139 -0.0400
-4.6467 3.2073 -0.0400
-5.2092 3.3336 -0.0400
-5.2521 3.2976 -0.0400
-8.9121 -0.1729 -0.0400
-8.3424 -0.7512 -0.0400
-8.3314 -0.8497 -0.0400
-7.7231 -0.9188 -0.0400
-7.6935 -1.0013 -0.0400
-5.9884 -1.0829 -0.0400
-5.9863 -1.1580 -0.0400
-7.8361 -2.6286 -0.0400
-7.7542 -2.6968 -0.0400
-3.7453 0.2127 -0.0400
-3.7108 0.2259 -0.0400
-3.6864 0.2288 -0.0400
-3.6697 0.2234 -0.0400
-3.6513 0.2204 -0.0400
-3.6355 0.2145 -0.0400
-3.6219 0.2058 -0.0400
-3.6091 0.1960 -0.0400
-3.5987 0.1828 -0.0400
-3.5876 0.1702 -0.0400
-3.5810 0.1500 -0.0400
-3.5727 0.1319 -0.0400
-3.5659 0.1102 -0.0400
-4.8151 -3.8259 -0.0400
-4.7124 -3.8005 -0.0400
-4.6271 -3.8225 -0.0400
-4.2356 -4.5124 -0.0400
-3.7676 -2.6028 -0.0400
-3.7060 -2.6176 -0.0400
-2.7991 -1.3166 -0.0400
-2.7685 -1.2479 -0.0400
-2.7347 -1.2136 -0.0400
-2.6999 -1.1905 -0.0400
-2.6640 -1.1757 -0.0400
-2.6273 -1.1664 -0.0400
-2.5868 -1.1733 -0.0400
-2.5448 -1.1838 -0.0400
-2.4986 -1.2073 -0.0400
1.8772 -0.1668 -0.0400
1.8864 -0.0779 -0.0400
2.0165 -0.0120 -0.0400
0.9087 2.5778 -0.0400
-1.2453 1.7307 -0.0400
-1.2946 1.7469 -0.0400
-1.3261 1.7699 -0.0400
-1.4345 1.7542 -0.0400
-1.4592 1.7776 -0.0400
-1.4773 1.8042 -0.0400
-1.4876 1.8351 -0.0400
-1.4766 1.8787 -0.0400
-2.1886 5.7592 -0.0400
-2.2761 5.7562 -0.0400
-3.0504 4.8007 -0.0400
-3.1182 4.8173 -0.0400
-3.2579 4.9042 -0.0400
-3.3250 4.8638 -0.0400
-3.3943 4.8669 -0.0400
-4.3327 5.7495 -0.0400
-4.4017 5.6731 -0.0400
-4.4729 5.0752 -0.0400
-4.5404 5.0369 -0.0400
-4.6239 5.0426 -0.0400
-4.4394 3.3258 -0.0400
-4.4610 3.2679 -0.0400
-4.5006 3.2418 -0.0400
-4.5498 3.2309 -0.0400
-4.6028 3.2246 -0.0400
-5.1862 3.3891 -0.0400
-5.2093 3.3301 -0.0400
-5.2765 3.3203 -0.0400
-8.9164 -0.1753 -0.0400
-8.3403 -0.7524 -0.0400
-7.7847 -0.8511 -0.0400
-7.7198 -0.9200 -0.0400
-7.7188 -1.0144 -0.0400
-6.0397 -1.0467 -0.0400
-5.9901 -1.0881 -0.0400
-5.9792 -1.1568 -0.0400
-7.8155 -2.6125 -0.0400
-7.8101 -2.7394 -0.0400
-3.7755 0.1975 -0.0400
-3.7265 0.2252 -0.0400
-3.7001 0.2299 -0.0400
-3.6789 0.2296 -0.0400
-3.6607 0.2263 -0.0400
-3.6446 0.2208 -0.0400
-3.6303 0.2132 -0.0400
-3.6175 0.2038 -0.0400
-3.6057 0.1930 -0.0400
-3.5960 0.1788 -0.0400
-3.5852 0.1661 -0.0400
-3.5791 0.1454 -0.0400
-3.5787 0.1145 -0.0400
-3.5763 0.0849 -0.0400
-4.9133 -3.8224 -0.0400
-4.8180 -3.8217 -0.0400
-4.7154 -3.7961 -0.0400
-4.6301 -3.8173 -0.0400
-3.8344 -2.5959 -0.0400
-3.7705 -2.5986 -0.0400
-2.7711 -1.2654 -0.0400
-2.7385 -1.2225 -0.0400
-2.7064 -1.1845 -0.0400
-2.6700 -1.1740 -0.0400
-2.6325 -1.1691 -0.0400
-2.5936 -1.1701 -0.0400
-2.5525 -1.1785 -0.0400
-2.5075 -1.1986 -0.0400
1.8550 -0.1804 -0.0400
2.0100 -0.1221 -0.0400
2.0124 -0.0299 -0.0400
2.2106 0.0281 -0.0400
0.8819 2.5490 -0.0400
-1.2158 1.7293 -0.0400
-1.2806 1.7391 -0.0400
-1.3166 1.7603 -0.0400
-1.4263 1.7443 -0.0400
-1.4522 1.7673 -0.0400
-1.4714 1.7934 -0.0400
-1.4801 1.8252 -0.0400
-1.4848 1.8597 -0.0400
-2.1847 5.7272 -0.0400
-3.0440 4.8134 -0.0400
-3.1120 4.8038 -0.0400
-3.2509 4.8775 -0.0400
-3.3195 4.8646 -0.0400
-3.3916 4.9016 -0.0400
-4.3305 5.7615 -0.0400
-4.3973 5.6753 -0.0400
-4.4709 5.0801 -0.0400
-4.5380 5.0401 -0.0400
-4.6232 5.0498 -0.0400
-4.4075 3.3664 -0.0400
-4.4304 3.3082 -0.0400
-4.4619 3.2673 -0.0400
-4.5066 3.2492 -0.0400
-4.5518 3.2314 -0.0400
-4.6084 3.2304 -0.0400
-5.1852 3.3851 -0.0400
-5.2125 3.3306 -0.0400
-8.9610 -0.0791 -0.0400
-8.3404 -0.7545 -0.0400
-7.7728 -0.8494 -0.0400
-7.7213 -0.9233 -0.0400
-6.0318 -1.0459 -0.0400
-5.9941 -1.0953 -0.0400
-6.0044 -1.1792 -0.0400
-7.8194 -2.6152 -0.0400
-3.7453 0.2208 -0.0400
-3.7084 0.2363 -0.0400
-3.6877 0.2351 -0.0400
-3.6697 0.2315 -0.0400
-3.6534 0.2263 -0.0400
-3.6387 0.2194 -0.0400
-3.6255 0.2107 -0.0400
-3.6134 0.2006 -0.0400
-3.6031 0.1879 -0.0400
-3.5943 0.1727 -0.0400
-3.5839 0.1595 -0.0400
-3.5794 0.1364 -0.0400
-3.5810 0.1021 -0.0400
-4.9087 -3.8009 -0.0400
-4.8199 -3.8162 -0.0400
-4.7155 -3.7850 -0.0400
-4.6616 -3.9010 -0.0400
-3.8384 -2.6009 -0.0400
-3.7729 -2.5949 -0.0400
-3.7169 -2.6387 -0.0400
-2.8108 -1.2973 -0.0400
-2.7792 -1.2402 -0.0400
-2.7454 -1.2085 -0.0400
-2.7107 -1.1878 -0.0400
-2.6749 -1.1747 -0.0400
-2.6382 -1.1673 -0.0400
-2.5967 -1.1805 -0.0400
-2.5535 -1.1973 -0.0400
-2.5032 -1.2371 -0.0400
-1.6468 -1.7708 -0.0400
-1.6265 -1.6972 -0.0400
1.8543 -0.1987 -0.0400
1.8861 -0.1148 -0.0400
2.0041 -0.0469 -0.0400
1.0163 2.4269 -0.0400
0.9213 2.4720 -0.0400
0.8798 2.5362 -0.0400
-1.2468 1.7064 -0.0400
-1.3570 1.6952 -0.0400
-1.4016 1.7108 -0.0400
-1.4295 1.7333 -0.0400
-1.4499 1.7590 -0.0400
-1.4595 1.7903 -0.0400
-1.4633 1.8251 -0.0400
-1.4565 1.8666 -0.0400
-0.0882 3.3651 -0.0400
-2.0936 5.7121 -0.0400
-2.9016 4.8475 -0.0400
-2.9716 4.8036 -0.0400
-3.0393 4.8333 -0.0400
-3.1780 4.9022 -0.0400
-3.2465 4.8721 -0.0400
-4.1690 5.8589 -0.0400
-4.2294 5.7307 -0.0400
-4.3208 5.7389 -0.0400
-4.3999 5.1190 -0.0400
-4.4748 5.1001 -0.0400
-4.3561 3.3727 -0.0400
-4.3860 3.3264 -0.0400
-4.4236 3.2956 -0.0400
-4.4732 3.2856 -0.0400
-4.5158 3.2633 -0.0400
-5.1342 3.4108 -0.0400
-5.1814 3.3791 -0.0400
-7.8013 -0.7683 -0.0400
-7.7527 -0.8437 -0.0400
-6.0997 -0.9451 -0.0400
-6.0507 -0.9874 -0.0400
-6.0268 -1.0457 -0.0400
-7.9542 -2.4570 -0.0400
-7.8831 -2.5337 -0.0400
-3.7777 0.2302 -0.0400
-3.7358 0.2486 -0.0400
-3.7108 0.2512 -0.0400
-3.6909 0.2492 -0.0400
-3.6740 0.2444 -0.0400
-3.6579 0.2392 -0.0400
-3.6449 0.2304 -0.0400
-3.6328 0.2205 -0.0400
-3.6222 0.2088 -0.0400
-3.6126 0.1954 -0.0400
-3.6043 0.1799 -0.0400
-3.5988 0.1598 -0.0400
-3.5971 0.1330 -0.0400
-5.0054 -3.7980 -0.0400
-4.8877 -3.7410 -0.0400
-4.7971 -3.7480 -0.0400
-3.9006 -2.5831 -0.0400
-3.8403 -2.6019 -0.0400
-2.8182 -1.2580 -0.0400
-2.7875 -1.2002 -0.0400
-2.7518 -1.1855 -0.0400
-2.7155 -1.1769 -0.0400
-2.6781 -1.1741 -0.0400
-2.6391 -1.1781 -0.0400
-2.5976 -1.1910 -0.0400
-2.5514 -1.2198 -0.0400
-1.7059 -1.7854 -0.0400
-1.6824 -1.7164 -0.0400
-1.6499 -1.6672 -0.0400
-1.6029 -1.6451 -0.0400
-1.5498 -1.6329 -0.0400
1.8359 -0.2976 -0.0400
1.9659 -0.2365 -0.0400
1.9942 -0.1498 -0.0400
2.2017 -0.0973 -0.0400
0.9153 2.5264 -0.0400
-1.2111 1.7024 -0.0400
-1.2725 1.7139 -0.0400
-1.3072 1.7358 -0.0400
-1.3980 1.7296 -0.0400
-1.4324 1.7488 -0.0400
-1.4587 1.7715 -0.0400
-1.4697 1.8021 -0.0400
-1.4754 1.8361 -0.0400
-1.4713 1.8765 -0.0400
-0.1102 3.4092 -0.0400
-0.2210 3.4027 -0.0400
-0.2651 3.4524 -0.0400
-2.1641 5.7238 -0.0400
-3.0298 4.8077 -0.0400
-3.1695 4.9458 -0.0400
-3.2375 4.8754 -0.0400
-3.3068 4.8692 -0.0400
-3.3805 4.9233 -0.0400
-4.3163 5.7544 -0.0400
-4.4013 5.1445 -0.0400
-4.4592 5.0722 -0.0400
-4.5369 5.0619 -0.0400
-4.3944 3.3426 -0.0400
-4.4256 3.2992 -0.0400
-4.4642 3.2701 -0.0400
-4.5136 3.2589 -0.0400
-4.5602 3.2424 -0.0400
-4.6228 3.2495 -0.0400
-5.1563 3.4359 -0.0400
-5.1755 3.3701 -0.0400
-5.2336 3.3504 -0.0400
-8.9300 -0.0774 -0.0400
-8.3764 -0.6691 -0.0400
-8.3702 -0.7685 -0.0400
-7.7523 -0.8477 -0.0400
-6.0896 -1.0192 -0.0400
-6.0195 -1.0477 -0.0400
-6.0259 -1.1271 -0.0400
-7.8859 -2.5365 -0.0400
-7.8610 -2.6469 -0.0400
-3.7314 0.2398 -0.0400
-3.7048 0.2443 -0.0400
-3.6844 0.2430 -0.0400
-3.6697 0.2359 -0.0400
-3.6539 0.2304 -0.0400
-3.6398 0.2231 -0.0400
-3.6273 0.2140 -0.0400
-3.6158 0.2036 -0.0400
-3.6070 0.1895 -0.0400
-3.5980 0.1753 -0.0400
-3.5908 0.1580 -0.0400
-3.5861 0.1363 -0.0400
-3.5862 0.1061 -0.0400
-4.9082 -3.7846 -0.0400
-4.8002 -3.7466 -0.0400
-4.7181 -3.7749 -0.0400
-4.6502 -3.8459 -0.0400
-3.8377 -2.5783 -0.0400
-3.7822 -2.6192 -0.0400
-2.8195 -1.2836 -0.0400
-2.7873 -1.2346 -0.0400
-2.7536 -1.2047 -0.0400
-2.7190 -1.1858 -0.0400
-2.6834 -1.1739 -0.0400
-2.6451 -1.1759 -0.0400
-2.6050 -1.1845 -0.0400
-2.5614 -1.2049 -0.0400
-2.5073 -1.2606 -0.0400
-1.6658 -1.7715 -0.0400
-1.6555 -1.6804 -0.0400
-1.6136 -1.6496 -0.0400
-1.5663 -1.6282 -0.0400
-1.5121 -1.6174 -0.0400
1.8422 -0.2323 -0.0400
1.9820 -0.1716 -0.0400
1.9988 -0.0826 -0.0400
2.1995 -0.0261 -0.0400
1.0088 2.3878 -0.0400
0.9291 2.4388 -0.0400
0.8946 2.5059 -0.0400
-1.2303 1.6844 -0.0400
-1.2771 1.7021 -0.0400
-1.3894 1.6877 -0.0400
-1.4177 1.7102 -0.0400
-1.4377 1.7363 -0.0400
-1.4512 1.7656 -0.0400
-1.4587 1.7984 -0.0400
-1.4102 1.8639 -0.0400
-0.0765 3.3360 -0.0400
-0.1630 3.3516 -0.0400
-0.2000 3.4078 -0.0400
-2.8871 4.8185 -0.0400
-2.9562 4.8060 -0.0400
-3.1632 4.8936 -0.0400
-3.2335 4.8997 -0.0400
-4.1470 5.8223 -0.0400
-4.2160 5.7306 -0.0400
-4.3856 5.1062 -0.0400
-4.4878 5.1696 -0.0400
-4.3529 3.3692 -0.0400
-4.3850 3.3263 -0.0400
-4.4295 3.3070 -0.0400
-4.4748 3.2888 -0.0400
-4.5245 3.2772 -0.0400
-5.0923 3.4472 -0.0400
-5.1334 3.4077 -0.0400
-5.1938 3.3911 -0.0400
-8.9718 0.1253 -0.0400
-8.4055 -0.5784 -0.0400
-7.8541 -0.6997 -0.0400
-7.7801 -0.7670 -0.0400
-7.8236 -0.8765 -0.0400
-6.0791 -0.9430 -0.0400
-6.0624 -1.0054 -0.0400
-7.9492 -2.4552 -0.0400
-7.9468 -2.5807 -0.0400
-3.7591 0.2515 -0.0400
-3.7257 0.2613 -0.0400
-3.7031 0.2617 -0.0400
-3.6881 0.2548 -0.0400
-3.6718 0.2497 -0.0400
-3.6578 0.2423 -0.0400
-3.6456 0.2330 -0.0400
-3.6342 0.2227 -0.0400
-3.6244 0.2105 -0.0400
-3.6156 0.1967 -0.0400
-3.6082 0.1807 -0.0400
-3.6027 0.1614 -0.0400
-3.6066 0.1277 -0.0400
-5.0899 -3.7582 -0.0400
-4.9879 -3.7437 -0.0400
-4.8799 -3.7087 -0.0400
-4.8092 -3.7668 -0.0400
-4.4440 -4.4447 -0.0400
-3.8989 -2.5625 -0.0400
-3.8486 -2.6242 -0.0400
-2.8631 -1.2523 -0.0400
-2.8290 -1.2189 -0.0400
-2.7943 -1.1969 -0.0400
-2.7589 -1.1836 -0.0400
-2.7227 -1.1762 -0.0400
-2.6855 -1.1748 -0.0400
-2.6467 -1.1801 -0.0400
-2.6052 -1.1951 -0.0400
-1.7412 -1.7509 -0.0400
-1.7067 -1.7051 -0.0400
-1.6651 -1.6737 -0.0400
-1.6178 -1.6529 -0.0400
-1.5396 -1.6836 -0.0400
1.8174 -0.3292 -0.0400
1.9547 -0.2704 -0.0400
1.9734 -0.1819 -0.0400
0.9537 2.4299 -0.0400
0.9094 2.4935 -0.0400
-1.2370 1.6669 -0.0400
-1.2775 1.6871 -0.0400
-1.3661 1.6839 -0.0400
-1.4039 1.7023 -0.0400
-1.4291 1.7259 -0.0400
-1.4418 1.7558 -0.0400
-1.4453 1.7909 -0.0400
-1.4355 1.8342 -0.0400
-0.0121 3.3683 -0.0400
-0.1576 3.3363 -0.0400
-0.2000 3.3877 -0.0400
-2.8777 4.8314 -0.0400
-2.9477 4.8050 -0.0400
-3.0851 4.9100 -0.0400
-3.1548 4.8781 -0.0400
-3.2250 4.8858 -0.0400
-4.1278 5.7691 -0.0400
-4.2130 5.7498 -0.0400
-4.3126 5.1526 -0.0400
-4.3791 5.1044 -0.0400
-4.4651 5.1189 -0.0400
-4.3423 3.3518 -0.0400
-4.3822 3.3237 -0.0400
-4.4294 3.3089 -0.0400
-4.4749 3.2907 -0.0400
-4.5260 3.2811 -0.0400
-5.1020 3.4599 -0.0400
-5.1417 3.4179 -0.0400
-8.9684 0.0189 -0.0400
-8.3963 -0.5783 -0.0400
-7.8088 -0.6879 -0.0400
-7.8118 -0.7815 -0.0400
-6.1188 -0.9005 -0.0400
-6.0773 -0.9475 -0.0400
-6.0766 -1.0201 -0.0400
-7.9824 -2.4793 -0.0400
-3.7701 0.2531 -0.0400
-3.7317 0.2669 -0.0400
-3.7134 0.2626 -0.0400
-3.6928 0.2613 -0.0400
-3.6786 0.2539 -0.0400
-3.6637 0.2476 -0.0400
-3.6513 0.2386 -0.0400
-3.6399 0.2286 -0.0400
-3.6303 0.2163 -0.0400
-3.6222 0.2020 -0.0400
-3.6159 0.1850 -0.0400
-3.6075 0.1703 -0.0400
-3.6053 0.1465 -0.0400
-3.6091 0.1127 -0.0400
-5.0739 -3.7179 -0.0400
-4.9866 -3.7366 -0.0400
-4.8795 -3.7036 -0.0400
-4.8119 -3.7693 -0.0400
-3.9624 -2.5577 -0.0400
-3.8983 -2.5574 -0.0400
-2.8637 -1.2668 -0.0400
-2.8302 -1.2266 -0.0400
-2.7961 -1.2008 -0.0400
-2.7617 -1.1812 -0.0400
-2.7251 -1.1778 -0.0400
-2.6873 -1.1807 -0.0400
-2.6474 -1.1915 -0.0400
-2.6039 -1.2155 -0.0400
-1.7430 -1.7633 -0.0400
-1.7115 -1.7115 -0.0400
-1.6720 -1.6767 -0.0400
-1.6170 -1.6697 -0.0400
-1.5507 -1.6803 -0.0400
1.8071 -0.3443 -0.0400
1.9427 -0.2855 -0.0400
1.9716 -0.1994 -0.0400
0.9074 2.4743 -0.0400
-1.1885 1.6725 -0.0400
-1.2554 1.6821 -0.0400
-1.3683 1.6681 -0.0400
-1.4017 1.6885 -0.0400
-1.4239 1.7137 -0.0400
-1.4395 1.7421 -0.0400
-1.4471 1.7748 -0.0400
-1.4468 1.8124 -0.0400
-0.0052 3.3536 -0.0400
-0.1477 3.3244 -0.0400
-0.1863 3.3793 -0.0400
-2.8680 4.8383 -0.0400
-2.9379 4.8249 -0.0400
-3.0762 4.9236 -0.0400
-3.1462 4.8816 -0.0400
-3.2182 4.9329 -0.0400
-4.1294 5.8157 -0.0400
-4.2016 5.7359 -0.0400
-4.2998 5.1318 -0.0400
-4.3771 5.1196 -0.0400
-4.3149 3.4110 -0.0400
-4.3426 3.3568 -0.0400
-4.3814 3.3260 -0.0400
-4.4278 3.3094 -0.0400
-4.4820 3.3058 -0.0400
-5.0956 3.4530 -0.0400
-5.1554 3.4357 -0.0400
-8.9622 0.1231 -0.0400
-8.4200 -0.4872 -0.0400
-7.8152 -0.6934 -0.0400
-7.7930 -0.7782 -0.0400
-6.1144 -0.9038 -0.0400
-6.0759 -0.9525 -0.0400
-6.0840 -1.0305 -0.0400
-8.0080 -2.3729 -0.0400
-8.0048 -2.4959 -0.0400
-3.7673 0.2666 -0.0400
-3.7417 0.2681 -0.0400
-3.7145 0.2720 -0.0400
-3.6988 0.2658 -0.0400
-3.6842 0.2588 -0.0400
-3.6687 0.2529 -0.0400
-3.6567 0.2436 -0.0400
-3.6453 0.2338 -0.0400
-3.6349 0.2227 -0.0400
-3.6268 0.2089 -0.0400
-3.6206 0.1922 -0.0400
-3.6127 0.1774 -0.0400
-3.6115 0.1530 -0.0400
-3.6176 0.1172 -0.0400
-5.0728 -3.7132 -0.0400
-4.9684 -3.6904 -0.0400
-4.8785 -3.6983 -0.0400
-4.8248 -3.8004 -0.0400
-3.9582 -2.5414 -0.0400
-3.9001 -2.5641 -0.0400
-2.9018 -1.2818 -0.0400
-2.8680 -1.2373 -0.0400
-2.8337 -1.2097 -0.0400
-2.7990 -1.1921 -0.0400
-2.7637 -1.1810 -0.0400
-2.7277 -1.1754 -0.0400
-2.6905 -1.1757 -0.0400
-2.6466 -1.2079 -0.0400
-2.5992 -1.2491 -0.0400
-1.7601 -1.7436 -0.0400
-1.7223 -1.7052 -0.0400
-1.6781 -1.6798 -0.0400
-1.6268 -1.6669 -0.0400
-1.5644 -1.6716 -0.0400
0.2168 -2.9542 -0.0400
0.3111 -2.9272 -0.0400
0.3760 -2.8661 -0.0400
1.8010 -0.3602 -0.0400
1.9490 -0.3046 -0.0400
1.9848 -0.2199 -0.0400
2.1901 -0.1684 -0.0400
-1.3263 1.6727 -0.0400
-1.3828 1.6827 -0.0400
-1.4125 1.7044 -0.0400
-1.4312 1.7313 -0.0400
-1.4365 1.7654 -0.0400
-1.4310 1.8061 -0.0400
-0.0551 3.2929 -0.0400
-0.1362 3.3135 -0.0400
-0.1755 3.3679 -0.0400
-2.8601 4.8022 -0.0400
-2.9283 4.8239 -0.0400
-3.0667 4.9351 -0.0400
-3.1370 4.8797 -0.0400
-3.2083 4.9125 -0.0400
-4.0458 5.8959 -0.0400
-4.1093 5.7635 -0.0400
-4.2973 5.1488 -0.0400
-4.3671 5.1105 -0.0400
-4.3007 3.3882 -0.0400
-4.3368 3.3511 -0.0400
-4.3820 3.3321 -0.0400
-4.4301 3.3182 -0.0400
-4.4783 3.3035 -0.0400
-5.0907 3.4488 -0.0400
-8.9585 0.1220 -0.0400
-8.4322 -0.4927 -0.0400
-8.4134 -0.5880 -0.0400
-7.8566 -0.6180 -0.0400
-7.8084 -0.6945 -0.0400
-6.1134 -0.9092 -0.0400
-6.1144 -0.9819 -0.0400
-8.0090 -2.3752 -0.0400
-8.0052 -2.4978 -0.0400
-3.7700 0.2743 -0.0400
-3.7443 0.2755 -0.0400
-3.7241 0.2727 -0.0400
-3.7066 0.2679 -0.0400
-3.6874 0.2653 -0.0400
-3.6742 0.2572 -0.0400
-3.6612 0.2490 -0.0400
-3.6501 0.2390 -0.0400
-3.6397 0.2281 -0.0400
-3.6320 0.2141 -0.0400
-3.6231 0.2012 -0.0400
-3.6194 0.1815 -0.0400
-3.6129 0.1647 -0.0400
-3.6171 0.1330 -0.0400
-5.0669 -3.6988 -0.0400
-4.9618 -3.6732 -0.0400
-4.8776 -3.6946 -0.0400
-4.8229 -3.7931 -0.0400
-4.5462 -4.4207 -0.0400
-3.9572 -2.5394 -0.0400
-3.9000 -2.5652 -0.0400
-2.9019 -1.2889 -0.0400
-2.8685 -1.2408 -0.0400
-2.8344 -1.2122 -0.0400
-2.8009 -1.1860 -0.0400
-2.7652 -1.1798 -0.0400
-2.7286 -1.1787 -0.0400
-2.6908 -1.1838 -0.0400
-2.6507 -1.1974 -0.0400
-2.6065 -1.2264 -0.0400
-1.7758 -1.8434 -0.0400
-1.7607 -1.7559 -0.0400
-1.7264 -1.7105 -0.0400
-1.6845 -1.6811 -0.0400
-1.6228 -1.6870 -0.0400
-1.5330 -1.7382 -0.0400
0.1631 -3.0460 -0.0400
0.2089 -2.9629 -0.0400
0.2998 -2.9324 -0.0400
0.3724 -2.8800 -0.0400
0.4861 -2.8704 -0.0400
1.7924 -0.3751 -0.0400
1.9249 -0.3162 -0.0400
1.9590 -0.2317 -0.0400
-1.4270 1.7184 -0.0400
-1.4385 1.7490 -0.0400
-1.4421 1.7844 -0.0400
-0.0291 3.2932 -0.0400
-0.1213 3.3052 -0.0400
-0.1673 3.3540 -0.0400
-2.8497 4.8020 -0.0400
-2.9178 4.8319 -0.0400
-3.0568 4.8838 -0.0400
-3.1272 4.8798 -0.0400
-3.1986 4.9101 -0.0400
-4.1083 5.8033 -0.0400
-4.1861 5.7470 -0.0400
-4.2237 5.2059 -0.0400
-4.2857 5.1360 -0.0400
-4.3657 5.1317 -0.0400
-4.3038 3.4022 -0.0400
-4.3365 3.3574 -0.0400
-4.3781 3.3311 -0.0400
-4.4305 3.3246 -0.0400
-4.4926 3.3335 -0.0400
-5.0483 3.4913 -0.0400
-5.0899 3.4509 -0.0400
-8.4781 -0.4064 -0.0400
-8.4241 -0.4931 -0.0400
-7.8872 -0.6308 -0.0400
-7.8047 -0.6966 -0.0400
-6.1463 -0.8630 -0.0400
-6.1009 -0.9080 -0.0400
-6.1075 -0.9838 -0.0400
-8.0089 -2.3770 -0.0400
-3.7773 0.2777 -0.0400
-3.7494 0.2802 -0.0400
-3.7284 0.2779 -0.0400
-3.7106 0.2732 -0.0400
-3.6910 0.2707 -0.0400
-3.6780 0.2625 -0.0400
-3.6659 0.2535 -0.0400
-3.6546 0.2437 -0.0400
-3.6450 0.2321 -0.0400
-3.6358 0.2201 -0.0400
-3.6302 0.2036 -0.0400
-3.6233 0.1883 -0.0400
-3.6173 0.1715 -0.0400
-3.6223 0.1398 -0.0400
-3.6271 0.1068 -0.0400
-5.0661 -3.6971 -0.0400
-4.9554 -3.6581 -0.0400
-4.8823 -3.7061 -0.0400
-4.0197 -2.5382 -0.0400
-3.9567 -2.5415 -0.0400
-3.9030 -2.5808 -0.0400
-2.9023 -1.2861 -0.0400
-2.8711 -1.2159 -0.0400
-2.8365 -1.1974 -0.0400
-2.8015 -1.1857 -0.0400
-2.7661 -1.1786 -0.0400
-2.7300 -1.1763 -0.0400
-2.6894 -1.1975 -0.0400
-2.6473 -1.2212 -0.0400
-2.5948 -1.2872 -0.0400
-1.8033 -1.7979 -0.0400
-1.7734 -1.7424 -0.0400
-1.7344 -1.7073 -0.0400
-1.6886 -1.6856 -0.0400
-1.6349 -1.6777 -0.0400
-1.5658 -1.6946 -0.0400
0.1683 -3.0696 -0.0400
0.2002 -2.9698 -0.0400
0.2915 -2.9402 -0.0400
0.3958 -2.9227 -0.0400
0.4880 -2.8895 -0.0400
-1.4242 1.8512 -0.0400
-0.0352 3.3486 -0.0400
-0.1559 3.3356 -0.0400
-0.1781 3.4054 -0.0400
-3.1133 4.8775 -0.0400
-3.1839 4.8767 -0.0400
-3.2562 4.9099 -0.0400
-4.0981 5.8201 -0.0400
-4.1714 5.7410 -0.0400
-4.3507 5.1198 -0.0400
-4.4531 5.1830 -0.0400
-4.3091 3.4256 -0.0400
-4.3338 3.3633 -0.0400
-4.3728 3.3313 -0.0400
-4.4199 3.3149 -0.0400
-4.4667 3.2973 -0.0400
-4.5202 3.2905 -0.0400
-5.0944 3.4621 -0.0400
-5.1303 3.4142 -0.0400
-8.9552 0.1193 -0.0400
-8.3920 -0.5877 -0.0400
-7.8039 -0.7008 -0.0400
-7.8043 -0.7933 -0.0400
-6.1220 -0.9285 -0.0400
-6.0902 -0.9816 -0.0400
-8.0135 -2.3828 -0.0400
-7.9773 -2.4832 -0.0400
-3.7807 0.2596 -0.0400
-3.7463 0.2673 -0.0400
-3.7231 0.2666 -0.0400
-3.7044 0.2628 -0.0400
-3.6837 0.2614 -0.0400
-3.6705 0.2534 -0.0400
-3.6582 0.2446 -0.0400
-3.6469 0.2350 -0.0400
-3.6375 0.2234 -0.0400
-3.6285 0.2112 -0.0400
-3.6200 0.1982 -0.0400
-3.6123 0.1841 -0.0400
-3.6123 0.1601 -0.0400
-3.6090 0.1393 -0.0400
-5.0853 -3.7423 -0.0400
-4.9799 -3.7181 -0.0400
-4.8777 -3.6959 -0.0400
-4.8044 -3.7440 -0.0400
-3.9567 -2.5492 -0.0400
-3.8959 -2.5593 -0.0400
-2.8685 -1.2383 -0.0400
-2.8345 -1.2124 -0.0400
-2.8002 -1.1947 -0.0400
-2.7656 -1.1829 -0.0400
-2.7300 -1.1784 -0.0400
-2.6930 -1.1812 -0.0400
-2.6544 -1.1905 -0.0400
-2.6130 -1.2100 -0.0400
-2.5641 -1.2570 -0.0400
-1.7473 -1.8092 -0.0400
-1.7276 -1.7345 -0.0400
-1.6927 -1.6922 -0.0400
-1.6448 -1.6744 -0.0400
-1.5843 -1.6777 -0.0400
0.2577 -2.9234 -0.0400
0.3546 -2.8992 -0.0400
0.4535 -2.8748 -0.0400
0.5424 -2.8376 -0.0400
1.0016 2.3683 -0.0400
0.9320 2.4225 -0.0400
-0.0129 3.2645 -0.0400
-0.1029 3.2785 -0.0400
-0.1405 3.3346 -0.0400
-4.0065 5.8526 -0.0400
-4.0799 5.7666 -0.0400
-4.1989 5.1808 -0.0400
-4.2694 5.1411 -0.0400
-4.3567 5.1600 -0.0400
-4.2947 3.4029 -0.0400
-4.3295 3.3612 -0.0400
-4.3794 3.3499 -0.0400
-4.4276 3.3344 -0.0400
-5.0150 3.5542 -0.0400
-5.0399 3.4896 -0.0400
-5.0994 3.4719 -0.0400
-8.9723 0.2213 -0.0400
-8.4366 -0.4011 -0.0400
-7.8322 -0.6202 -0.0400
-6.2050 -0.8365 -0.0400
-6.1265 -0.8643 -0.0400
-6.1093 -0.9252 -0.0400
-8.0921 -2.3113 -0.0400
-8.0717 -2.4220 -0.0400
-3.7696 0.2811 -0.0400
-3.7427 0.2826 -0.0400
-3.7149 0.2857 -0.0400
-3.6998 0.2790 -0.0400
-3.6863 0.2710 -0.0400
-3.6740 0.2622 -0.0400
-3.6628 0.2525 -0.0400
-3.6534 0.2410 -0.0400
-3.6449 0.2286 -0.0400
-3.6370 0.2153 -0.0400
-3.6299 0.2009 -0.0400
-3.6315 0.1761 -0.0400
-3.6297 0.1544 -0.0400
-3.6326 0.1259 -0.0400
-5.1474 -3.6691 -0.0400
-5.0397 -3.6407 -0.0400
-4.9582 -3.6680 -0.0400
-4.8898 -3.7273 -0.0400
-4.0801 -2.5380 -0.0400
-4.0109 -2.5203 -0.0400
-3.9562 -2.5524 -0.0400
-2.9368 -1.3137 -0.0400
-2.9052 -1.2280 -0.0400
-2.8708 -1.2065 -0.0400
-2.8361 -1.1924 -0.0400
-2.8015 -1.1814 -0.0400
-2.7657 -1.1799 -0.0400
-2.7289 -1.1836 -0.0400
-2.6908 -1.1933 -0.0400
-2.6401 -1.2631 -0.0400
-1.8157 -1.7921 -0.0400
-1.7839 -1.7415 -0.0400
-1.7440 -1.7090 -0.0400
-1.6973 -1.6899 -0.0400
-1.6424 -1.6850 -0.0400
-1.5683 -1.7116 -0.0400
0.1189 -3.0415 -0.0400
0.2038 -3.0060 -0.0400
0.2774 -2.9560 -0.0400
0.3839 -2.9417 -0.0400
0.4577 -2.8896 -0.0400
0.9783 2.3474 -0.0400
0.9456 2.4155 -0.0400
-1.1536 1.6273 -0.0400
-1.2275 1.6345 -0.0400
0.0297 3.2773 -0.0400
-0.0936 3.2650 -0.0400
-0.1058 3.3427 -0.0400
-3.9959 5.8569 -0.0400
-4.0695 5.7706 -0.0400
-4.1932 5.1967 -0.0400
-4.2605 5.1441 -0.0400
-4.2532 3.4446 -0.0400
-4.2837 3.3917 -0.0400
-4.3247 3.3626 -0.0400
-4.3739 3.3494 -0.0400
-4.4206 3.3312 -0.0400
-5.0402 3.4963 -0.0400
-8.4352 -0.4027 -0.0400
-7.8567 -0.5393 -0.0400
-7.8380 -0.6250 -0.0400
-6.1558 -0.8164 -0.0400
-6.1300 -0.8724 -0.0400
-8.0654 -2.2967 -0.0400
-8.0635 -2.4187 -0.0400
-3.8012 0.2858 -0.0400
-3.7637 0.2937 -0.0400
-3.7402 0.2923 -0.0400
-3.7214 0.2879 -0.0400
-3.7053 0.2817 -0.0400
-3.6912 0.2742 -0.0400
-3.6783 0.2658 -0.0400
-3.6662 0.2570 -0.0400
-3.6568 0.2456 -0.0400
-3.6483 0.2333 -0.0400
-3.6404 0.2202 -0.0400
-3.6334 0.2060 -0.0400
-3.6353 0.1816 -0.0400
-3.6339 0.1599 -0.0400
-3.6372 0.1319 -0.0400
-5.1441 -3.6652 -0.0400
-5.0351 -3.6336 -0.0400
-4.9567 -3.6674 -0.0400
-4.0780 -2.5396 -0.0400
-4.0084 -2.5202 -0.0400
-3.9556 -2.5588 -0.0400
-2.9375 -1.2702 -0.0400
-2.9031 -1.2361 -0.0400
-2.8700 -1.1994 -0.0400
-2.8354 -1.1879 -0.0400
-2.8005 -1.1806 -0.0400
-2.7646 -1.1810 -0.0400
-2.7279 -1.1854 -0.0400
-2.6848 -1.2234 -0.0400
-2.6382 -1.2712 -0.0400
-1.8100 -1.8124 -0.0400
-1.7913 -1.7346 -0.0400
-1.7474 -1.7107 -0.0400
-1.6964 -1.7000 -0.0400
-1.6339 -1.7089 -0.0400
0.1251 -3.0637 -0.0400
0.1804 -2.9929 -0.0400
0.2984 -2.9948 -0.0400
0.3756 -2.9473 -0.0400
1.0375 2.2703 -0.0400
0.9693 2.3259 -0.0400
0.9401 2.3950 -0.0400
0.9452 2.4783 -0.0400
-1.1916 1.6352 -0.0400
-1.2636 1.6415 -0.0400
-1.3526 1.6372 -0.0400
-1.3856 1.6576 -0.0400
-0.0798 3.2551 -0.0400
-0.1199 3.3091 -0.0400
-3.9825 5.8492 -0.0400
-4.1848 5.2049 -0.0400
-4.2548 5.1607 -0.0400
-4.2638 3.4820 -0.0400
-4.2755 3.3877 -0.0400
-4.3222 3.3697 -0.0400
-4.3715 3.3563 -0.0400
-4.4220 3.3444 -0.0400
-4.9985 3.5458 -0.0400
-5.0353 3.4970 -0.0400
-8.9879 0.3232 -0.0400
-8.4720 -0.3134 -0.0400
-8.4388 -0.4053 -0.0400
-7.8536 -0.5412 -0.0400
-7.8376 -0.6278 -0.0400
-6.1573 -0.8233 -0.0400
-6.1231 -0.8748 -0.0400
-6.1424 -0.9567 -0.0400
-8.1182 -2.2099 -0.0400
-8.1113 -2.3274 -0.0400
-3.7802 0.2895 -0.0400
-3.7506 0.2919 -0.0400
-3.7294 0.2889 -0.0400
-3.7060 0.2883 -0.0400
-3.6927 0.2801 -0.0400
-3.6807 0.2709 -0.0400
-3.6698 0.2610 -0.0400
-3.6599 0.2502 -0.0400
-3.6511 0.2382 -0.0400
-3.6432 0.2254 -0.0400
-3.6412 0.2062 -0.0400
-3.6374 0.1884 -0.0400
-3.6356 0.1678 -0.0400
-3.6377 0.1420 -0.0400
-5.2306 -3.6484 -0.0400
-5.1429 -3.6663 -0.0400
-5.0344 -3.6358 -0.0400
-4.9603 -3.6797 -0.0400
-4.0649 -2.5066 -0.0400
-4.0058 -2.5216 -0.0400
-2.9696 -1.3388 -0.0400
-2.9370 -1.2384 -0.0400
-2.9024 -1.2162 -0.0400
-2.8687 -1.1918 -0.0400
-2.8340 -1.1837 -0.0400
-2.7991 -1.1789 -0.0400
-2.7628 -1.1840 -0.0400
-2.7258 -1.1906 -0.0400
-2.6817 -1.2354 -0.0400
-1.8485 -1.8583 -0.0400
-1.8280 -1.7809 -0.0400
-1.7930 -1.7381 -0.0400
-1.7511 -1.7104 -0.0400
-1.7033 -1.6943 -0.0400
-1.6050 -1.7683 -0.0400
0.1016 -3.0487 -0.0400
0.1958 -3.0250 -0.0400
0.2692 -2.9752 -0.0400
0.3645 -2.9491 -0.0400
1.1002 2.2743 -0.0400
0.9857 2.3139 -0.0400
0.9581 2.3839 -0.0400
1.0174 2.4896 -0.0400
-1.2008 1.6164 -0.0400
-1.2456 1.6347 -0.0400
-1.3163 1.6395 -0.0400
-1.3675 1.6515 -0.0400
-1.4019 1.6707 -0.0400
-1.4147 1.7006 -0.0400
-1.4194 1.7352 -0.0400
-4.1646 5.1696 -0.0400
-4.2445 5.1629 -0.0400
-4.2368 3.4384 -0.0400
-4.2721 3.3949 -0.0400
-4.3153 3.3694 -0.0400
-4.3670 3.3604 -0.0400
-4.4315 3.3738 -0.0400
-4.9850 3.5357 -0.0400
-5.0406 3.5124 -0.0400
-8.9808 0.3236 -0.0400
-8.4545 -0.3112 -0.0400
-8.4545 -0.4104 -0.0400
-7.9190 -0.4706 -0.0400
-7.8491 -0.5426 -0.0400
-7.8455 -0.6328 -0.0400
-6.1873 -0.7754 -0.0400
-6.1482 -0.8245 -0.0400
-6.1598 -0.9010 -0.0400
-8.1269 -2.2172 -0.0400
-8.0768 -2.3080 -0.0400
-8.0798 -2.4332 -0.0400
-3.7738 0.3019 -0.0400
-3.7482 0.3011 -0.0400
-3.7287 0.2966 -0.0400
-3.7123 0.2903 -0.0400
-3.6980 0.2826 -0.0400
-3.6851 0.2741 -0.0400
-3.6738 0.2645 -0.0400
-3.6640 0.2536 -0.0400
-3.6559 0.2410 -0.0400
-3.6487 0.2276 -0.0400
-3.6426 0.2128 -0.0400
-3.6383 0.1960 -0.0400
-3.6359 0.1765 -0.0400
-3.6364 0.1533 -0.0400
-5.2207 -3.6327 -0.0400
-5.1208 -3.6237 -0.0400
-5.0337 -3.6389 -0.0400
-4.9863 -3.7452 -0.0400
-4.1288 -2.5172 -0.0400
-4.0621 -2.5087 -0.0400
-4.0075 -2.5390 -0.0400
-2.9684 -1.2941 -0.0400
-2.9347 -1.2303 -0.0400
-2.9002 -1.2112 -0.0400
-2.8664 -1.1900 -0.0400
-2.8319 -1.1815 -0.0400
-2.7968 -1.1798 -0.0400
-2.7598 -1.1911 -0.0400
-2.7223 -1.2017 -0.0400
-2.6828 -1.2203 -0.0400
-1.8386 -1.7636 -0.0400
-1.7984 -1.7326 -0.0400
-1.7523 -1.7139 -0.0400
-1.6992 -1.7082 -0.0400
-1.6316 -1.7269 -0.0400
0.1018 -3.0618 -0.0400
0.1878 -3.0285 -0.0400
0.2972 -3.0204 -0.0400
0.3706 -2.9691 -0.0400
1.0284 2.2314 -0.0400
0.9766 2.2926 -0.0400
0.9545 2.3644 -0.0400
0.9681 2.4510 -0.0400
-1.1532 1.6222 -0.0400
-1.2463 1.6197 -0.0400
-1.3262 1.6200 -0.0400
-1.3666 1.6371 -0.0400
-1.3932 1.6601 -0.0400
-1.4111 1.6873 -0.0400
-1.4224 1.7180 -0.0400
-1.3958 1.7711 -0.0400
-4.2253 5.1493 -0.0400
-4.3067 5.1462 -0.0400
-4.2780 3.4288 -0.0400
-4.3060 3.3707 -0.0400
-4.3548 3.3558 -0.0400
-4.4028 3.3387 -0.0400
-4.4573 3.3326 -0.0400
-5.0309 3.5117 -0.0400
-5.0726 3.4692 -0.0400
-8.9928 0.2177 -0.0400
-8.4327 -0.4072 -0.0400
-7.8587 -0.5485 -0.0400
-7.8217 -0.6290 -0.0400
-6.1567 -0.8368 -0.0400
-6.1144 -0.8840 -0.0400
-6.1193 -0.9576 -0.0400
-8.1470 -2.2316 -0.0400
-8.0616 -2.3013 -0.0400
-8.0618 -2.4243 -0.0400
-3.7822 0.2810 -0.0400
-3.7490 0.2851 -0.0400
-3.7264 0.2827 -0.0400
-3.7018 0.2825 -0.0400
-3.6882 0.2744 -0.0400
-3.6760 0.2653 -0.0400
-3.6650 0.2554 -0.0400
-3.6551 0.2447 -0.0400
-3.6464 0.2328 -0.0400
-3.6386 0.2200 -0.0400
-3.6317 0.2061 -0.0400
-3.6336 0.1829 -0.0400
-3.6325 0.1620 -0.0400
-3.6359 0.1355 -0.0400
-5.1454 -3.6830 -0.0400
-5.0330 -3.6448 -0.0400
-4.9545 -3.6782 -0.0400
-4.0617 -2.5243 -0.0400
-3.9987 -2.5258 -0.0400
-3.9546 -2.5947 -0.0400
-2.9290 -1.2580 -0.0400
-2.8956 -1.2170 -0.0400
-2.8613 -1.2023 -0.0400
-2.8276 -1.1860 -0.0400
-2.7932 -1.1794 -0.0400
-2.7582 -1.1776 -0.0400
-2.7212 -1.1885 -0.0400
-2.6799 -1.2200 -0.0400
-2.6375 -1.2509 -0.0400
-1.8254 -1.7972 -0.0400
-1.7935 -1.7481 -0.0400
-1.7548 -1.7149 -0.0400
-1.7105 -1.6930 -0.0400
-1.6421 -1.7147 -0.0400
0.1560 -3.0064 -0.0400
0.2468 -2.9785 -0.0400
0.3321 -2.9424 -0.0400
0.4169 -2.9043 -0.0400
1.0200 2.2850 -0.0400
0.9612 2.3432 -0.0400
0.9320 2.4122 -0.0400
-1.1974 1.6222 -0.0400
-1.2436 1.6393 -0.0400
-1.2742 1.6627 -0.0400
-1.3593 1.6576 -0.0400
-1.4014 1.6724 -0.0400
-1.4178 1.7003 -0.0400
-1.4268 1.7324 -0.0400
-1.4278 1.7697 -0.0400
-1.4025 1.8243 -0.0400
-1.7475 5.6410 -0.0400
-1.8281 5.6804 -0.0400
-4.2167 3.4291 -0.0400
-4.2581 3.3983 -0.0400
-4.3060 3.3816 -0.0400
-4.3555 3.3673 -0.0400
-4.9493 3.6090 -0.0400
-4.9756 3.5431 -0.0400
-5.0381 3.5284 -0.0400
-8.9765 0.4292 -0.0400
-8.9834 0.3240 -0.0400
-8.4782 -0.2192 -0.0400
-8.4511 -0.3127 -0.0400
-7.8678 -0.4615 -0.0400
-7.8611 -0.5505 -0.0400
-6.1818 -0.7840 -0.0400
-6.1781 -0.8517 -0.0400
-8.1126 -2.2125 -0.0400
-8.1136 -2.3345 -0.0400
-3.7824 0.3115 -0.0400
-3.7558 0.3104 -0.0400
-3.7358 0.3055 -0.0400
-3.7192 0.2988 -0.0400
-3.7048 0.2909 -0.0400
-3.6920 0.2821 -0.0400
-3.6807 0.2723 -0.0400
-3.6706 0.2616 -0.0400
-3.6627 0.2491 -0.0400
-3.6557 0.2356 -0.0400
-3.6499 0.2210 -0.0400
-3.6459 0.2043 -0.0400
-3.6439 0.1852 -0.0400
-3.6447 0.1626 -0.0400
-3.6539 0.1304 -0.0400
-5.1966 -3.5945 -0.0400
-5.1085 -3.6087 -0.0400
-5.0388 -3.6616 -0.0400
-4.1165 -2.5044 -0.0400
-4.0568 -2.5173 -0.0400
-2.9977 -1.3180 -0.0400
-2.9629 -1.2448 -0.0400
-2.9288 -1.2113 -0.0400
-2.8948 -1.1926 -0.0400
-2.8606 -1.1826 -0.0400
-2.8259 -1.1808 -0.0400
-2.7908 -1.1814 -0.0400
-2.7537 -1.1959 -0.0400
-2.7127 -1.2310 -0.0400
-2.6701 -1.2664 -0.0400
-1.8741 -1.8126 -0.0400
-1.8408 -1.7656 -0.0400
-1.8016 -1.7334 -0.0400
-1.7517 -1.7230 -0.0400
-1.6929 -1.7286 -0.0400
0.0162 -3.1170 -0.0400
0.1056 -3.0897 -0.0400
0.1770 -3.0389 -0.0400
0.2802 -3.0246 -0.0400
0.3696 -2.9918 -0.0400
1.0470 2.2029 -0.0400
0.9902 2.2625 -0.0400
0.9842 2.3404 -0.0400
-1.1549 1.5925 -0.0400
-1.2139 1.6051 -0.0400
-1.3098 1.5986 -0.0400
-1.3523 1.6147 -0.0400
-1.3794 1.6375 -0.0400
-1.3991 1.6636 -0.0400
-1.4130 1.6928 -0.0400
-1.3996 1.7380 -0.0400
0.0376 3.1990 -0.0400
-1.7272 5.6521 -0.0400
-4.1779 3.4879 -0.0400
-4.2100 3.4339 -0.0400
-4.2512 3.4022 -0.0400
-4.2986 3.3841 -0.0400
-4.3532 3.3793 -0.0400
-4.4213 3.3984 -0.0400
-4.9733 3.5515 -0.0400
-5.0229 3.5190 -0.0400
-8.9735 0.4303 -0.0400
-8.4673 -0.2177 -0.0400
-8.4567 -0.3145 -0.0400
-7.9160 -0.3847 -0.0400
-7.8662 -0.4629 -0.0400
-6.1702 -0.7836 -0.0400
-6.1835 -0.8601 -0.0400
-8.1642 -2.2446 -0.0400
-3.7977 0.3100 -0.0400
-3.7654 0.3115 -0.0400
-3.7435 0.3075 -0.0400
-3.7258 0.3012 -0.0400
-3.7057 0.2971 -0.0400
-3.6938 0.2874 -0.0400
-3.6831 0.2771 -0.0400
-3.6735 0.2660 -0.0400
-3.6652 0.2539 -0.0400
-3.6577 0.2410 -0.0400
-3.6512 0.2271 -0.0400
-3.6533 0.2050 -0.0400
-3.6525 0.1850 -0.0400
-3.6557 0.1604 -0.0400
-5.2930 -3.6004 -0.0400
-5.1911 -3.5897 -0.0400
-5.1064 -3.6106 -0.0400
-5.0448 -3.6811 -0.0400
-4.1748 -2.5001 -0.0400
-4.1077 -2.4916 -0.0400
-2.9941 -1.2616 -0.0400
-2.9593 -1.2243 -0.0400
-2.9251 -1.2015 -0.0400
-2.8911 -1.1878 -0.0400
-2.8569 -1.1806 -0.0400
-2.8222 -1.1802 -0.0400
-2.7864 -1.1881 -0.0400
-2.7485 -1.2087 -0.0400
-2.7057 -1.2553 -0.0400
-1.9028 -1.8740 -0.0400
-1.8783 -1.8042 -0.0400
-1.8474 -1.7528 -0.0400
-1.8025 -1.7332 -0.0400
-1.7528 -1.7230 -0.0400
-1.6947 -1.7278 -0.0400
0.0228 -3.1356 -0.0400
0.0798 -3.0679 -0.0400
0.1669 -3.0371 -0.0400
0.2758 -3.0300 -0.0400
1.0421 2.1842 -0.0400
0.9933 2.2464 -0.0400
0.9913 2.3257 -0.0400
-1.1296 1.5891 -0.0400
-1.2258 1.5856 -0.0400
-1.2792 1.5986 -0.0400
-1.3375 1.6075 -0.0400
-1.3695 1.6279 -0.0400
-1.3936 1.6518 -0.0400
-1.4038 1.6829 -0.0400
-1.4071 1.7184 -0.0400
-1.3962 1.7629 -0.0400
0.0773 3.2091 -0.0400
-0.0410 3.2017 -0.0400
-0.0483 3.2832 -0.0400
-1.7144 5.6338 -0.0400
-4.1661 3.4829 -0.0400
-4.2013 3.4357 -0.0400
-4.2437 3.4061 -0.0400
-4.2965 3.3985 -0.0400
-4.3458 3.3828 -0.0400
-4.4105 3.3951 -0.0400
-4.9237 3.5973 -0.0400
-4.9659 3.5539 -0.0400
-8.9736 0.4316 -0.0400
-8.4687 -0.2181 -0.0400
-8.4996 -0.3234 -0.0400
-7.8962 -0.3813 -0.0400
-7.8636 -0.4637 -0.0400
-6.1935 -0.7316 -0.0400
-6.1739 -0.7907 -0.0400
-8.1589 -2.1230 -0.0400
-3.8141 0.3086 -0.0400
-3.7741 0.3139 -0.0400
-3.7505 0.3104 -0.0400
-3.7243 0.3093 -0.0400
-3.7106 0.3005 -0.0400
-3.6982 0.2911 -0.0400
-3.6873 0.2808 -0.0400
-3.6771 0.2701 -0.0400
-3.6697 0.2572 -0.0400
-3.6629 0.2437 -0.0400
-3.6572 0.2291 -0.0400
-3.6532 0.2128 -0.0400
-3.6512 0.1943 -0.0400
-3.6516 0.1730 -0.0400
-3.6581 0.1450 -0.0400
-5.2908 -3.6025 -0.0400
-5.1884 -3.5909 -0.0400
-5.1043 -3.6130 -0.0400
-4.1635 -2.4820 -0.0400
-4.1032 -2.4926 -0.0400
-4.0539 -2.5371 -0.0400
-2.9894 -1.2548 -0.0400
-2.9548 -1.2182 -0.0400
-2.9207 -1.1973 -0.0400
-2.8869 -1.1828 -0.0400
-2.8526 -1.1797 -0.0400
-2.8178 -1.1826 -0.0400
-2.7818 -1.1932 -0.0400
-2.7437 -1.2155 -0.0400
-2.7006 -1.2648 -0.0400
-1.9151 -1.8441 -0.0400
-1.8835 -1.7921 -0.0400
-1.8482 -1.7512 -0.0400
-1.8024 -1.7339 -0.0400
-1.7516 -1.7263 -0.0400
0.0026 -3.1187 -0.0400
0.0953 -3.0965 -0.0400
0.1709 -3.0514 -0.0400
0.2658 -3.0280 -0.0400
1.7161 -0.6833 -0.0400
1.7313 -0.5975 -0.0400
1.8758 -0.5473 -0.0400
1.0770 2.1794 -0.0400
0.9952 2.2302 -0.0400
0.9761 2.3027 -0.0400
-1.1216 1.5786 -0.0400
-1.2190 1.5746 -0.0400
-1.2467 1.5996 -0.0400
-1.3257 1.5990 -0.0400
-1.3699 1.6134 -0.0400
-1.3881 1.6401 -0.0400
-1.4014 1.6695 -0.0400
-1.4083 1.7027 -0.0400
0.0595 3.1743 -0.0400
-0.0293 3.1902 -0.0400
-0.0669 3.2461 -0.0400
-1.6977 5.6292 -0.0400
-2.6488 4.8048 -0.0400
-2.7189 4.8179 -0.0400
-4.2888 3.4027 -0.0400
-4.3394 3.3892 -0.0400
-4.4063 3.4053 -0.0400
-4.9224 3.6100 -0.0400
-4.9590 3.5579 -0.0400
-5.0245 3.5465 -0.0400
-8.5028 -0.1250 -0.0400
-8.4681 -0.2179 -0.0400
-7.8990 -0.3830 -0.0400
-7.8692 -0.4663 -0.0400
-6.1967 -0.7380 -0.0400
-6.1921 -0.8047 -0.0400
-8.2166 -2.0378 -0.0400
-3.8230 0.3124 -0.0400
-3.7793 0.3190 -0.0400
-3.7555 0.3150 -0.0400
-3.7289 0.3136 -0.0400
-3.7150 0.3047 -0.0400
-3.7025 0.2952 -0.0400
-3.6913 0.2848 -0.0400
-3.6807 0.2743 -0.0400
-3.6727 0.2619 -0.0400
-3.6655 0.2488 -0.0400
-3.6592 0.2348 -0.0400
-3.6545 0.2192 -0.0400
-3.6604 0.1940 -0.0400
-3.6631 0.1709 -0.0400
-3.6786 0.1347 -0.0400
-5.2890 -3.6057 -0.0400
-5.1787 -3.5783 -0.0400
-5.1222 -3.6575 -0.0400
-4.1568 -2.4775 -0.0400
-4.1000 -2.4983 -0.0400
-3.0200 -1.2706 -0.0400
-2.9846 -1.2225 -0.0400
-2.9500 -1.2077 -0.0400
-2.9161 -1.1905 -0.0400
-2.8821 -1.1817 -0.0400
-2.8479 -1.1796 -0.0400
-2.8130 -1.1839 -0.0400
-2.7757 -1.2072 -0.0400
-2.7367 -1.2366 -0.0400
-1.9253 -1.8176 -0.0400
-1.8883 -1.7797 -0.0400
-1.8477 -1.7512 -0.0400
-1.8004 -1.7375 -0.0400
-1.7473 -1.7348 -0.0400
-0.0023 -3.1206 -0.0400
0.0947 -3.1041 -0.0400
0.1957 -3.0900 -0.0400
0.2788 -3.0520 -0.0400
1.7087 -0.6931 -0.0400
1.7326 -0.6101 -0.0400
1.8686 -0.5578 -0.0400
2.0788 -0.5201 -0.0400
1.0455 2.1521 -0.0400
1.0024 2.2161 -0.0400
0.9930 2.2923 -0.0400
1.0216 2.3843 -0.0400
-1.1306 1.5611 -0.0400
-1.1913 1.5732 -0.0400
-1.2419 1.5879 -0.0400
-1.3178 1.5889 -0.0400
-1.3633 1.6026 -0.0400
-1.3825 1.6288 -0.0400
-1.3974 1.6572 -0.0400
-1.3929 1.6967 -0.0400
-1.3806 1.7419 -0.0400
0.0894 3.1769 -0.0400
-0.0214 3.1756 -0.0400
-0.0347 3.2518 -0.0400
-1.6805 5.6257 -0.0400
-2.6345 4.7941 -0.0400
-2.7041 4.8125 -0.0400
-2.8428 4.9026 -0.0400
-2.9156 4.8839 -0.0400
-4.9177 3.6186 -0.0400
-4.9524 3.5633 -0.0400
-8.4977 -0.1235 -0.0400
-8.4645 -0.2167 -0.0400
-7.9449 -0.3033 -0.0400
-7.8803 -0.3792 -0.0400
-7.9236 -0.4808 -0.0400
-6.2232 -0.6865 -0.0400
-6.1887 -0.7387 -0.0400
-8.2680 -2.0663 -0.0400
-3.7800 0.3269 -0.0400
-3.7577 0.3217 -0.0400
-3.7321 0.3191 -0.0400
-3.7186 0.3098 -0.0400
-3.7062 0.3000 -0.0400
-3.6952 0.2894 -0.0400
-3.6842 0.2790 -0.0400
-3.6761 0.2666 -0.0400
-3.6687 0.2536 -0.0400
-3.6621 0.2399 -0.0400
-3.6628 0.2200 -0.0400
-3.6610 0.2017 -0.0400
-3.6616 0.1808 -0.0400
-3.6679 0.1541 -0.0400
-5.3650 -3.5709 -0.0400
-5.2669 -3.5701 -0.0400
-5.1764 -3.5809 -0.0400
-5.1152 -3.6502 -0.0400
-4.2262 -2.5050 -0.0400
-4.1513 -2.4773 -0.0400
-3.0141 -1.2409 -0.0400
-2.9791 -1.2204 -0.0400
-2.9449 -1.1954 -0.0400
-2.9110 -1.1835 -0.0400
-2.8770 -1.1805 -0.0400
-2.8427 -1.1807 -0.0400
-2.8075 -1.1898 -0.0400
-2.7706 -1.2094 -0.0400
-2.7307 -1.2461 -0.0400
-1.9248 -1.8155 -0.0400
-1.8912 -1.7702 -0.0400
-1.8478 -1.7486 -0.0400
-1.7946 -1.7477 -0.0400
-1.7371 -1.7537 -0.0400
0.0113 -3.1457 -0.0400
0.0849 -3.0995 -0.0400
0.1943 -3.0962 -0.0400
0.2632 -3.0418 -0.0400
1.7069 -0.7040 -0.0400
1.7298 -0.6209 -0.0400
1.8731 -0.5709 -0.0400
2.0818 -0.5332 -0.0400
0.9931 2.2758 -0.0400
-1.1954 1.5579 -0.0400
-1.2282 1.5807 -0.0400
-1.3166 1.5758 -0.0400
-1.3487 1.5962 -0.0400
-1.3773 1.6175 -0.0400
-1.3925 1.6456 -0.0400
-1.3906 1.6835 -0.0400
-1.3849 1.7245 -0.0400
0.0614 3.1347 -0.0400
-0.0121 3.1624 -0.0400
-0.0445 3.2225 -0.0400
-1.6625 5.6245 -0.0400
-2.6182 4.8021 -0.0400
-2.6862 4.8454 -0.0400
-2.8281 4.8857 -0.0400
-2.9004 4.8843 -0.0400
-4.9072 3.6196 -0.0400
-4.9572 3.5859 -0.0400
-8.4814 -0.1197 -0.0400
-8.5157 -0.2248 -0.0400
-7.9358 -0.3014 -0.0400
-7.8778 -0.3789 -0.0400
-6.2171 -0.6879 -0.0400
-6.2070 -0.7516 -0.0400
-3.7949 0.3277 -0.0400
-3.7570 0.3304 -0.0400
-3.7407 0.3220 -0.0400
-3.7261 0.3129 -0.0400
-3.7093 0.3056 -0.0400
-3.6987 0.2947 -0.0400
-3.6880 0.2838 -0.0400
-3.6800 0.2713 -0.0400
-3.6726 0.2582 -0.0400
-3.6660 0.2446 -0.0400
-3.6658 0.2257 -0.0400
-3.6634 0.2080 -0.0400
-3.6631 0.1882 -0.0400
-3.6664 0.1647 -0.0400
-5.3682 -3.5835 -0.0400
-5.2499 -3.5449 -0.0400
-5.1826 -3.6007 -0.0400
-4.2030 -2.4582 -0.0400
-4.1492 -2.4867 -0.0400
-3.0451 -1.3080 -0.0400
-3.0080 -1.2277 -0.0400
-2.9733 -1.2092 -0.0400
-2.9392 -1.1890 -0.0400
-2.9054 -1.1811 -0.0400
-2.8714 -1.1800 -0.0400
-2.8367 -1.1866 -0.0400
-2.8007 -1.2046 -0.0400
-2.7619 -1.2409 -0.0400
-2.7221 -1.2739 -0.0400
-1.9442 -1.8950 -0.0400
-1.9271 -1.8054 -0.0400
-1.8906 -1.7673 -0.0400
-1.8467 -1.7474 -0.0400
-1.7937 -1.7465 -0.0400
-0.0801 -3.1735 -0.0400
0.0083 -3.1483 -0.0400
0.0798 -3.0997 -0.0400
0.1904 -3.0984 -0.0400
1.7140 -0.7171 -0.0400
1.8418 -0.6650 -0.0400
1.8683 -0.5810 -0.0400
2.0775 -0.5439 -0.0400
-1.1826 1.5505 -0.0400
-1.2300 1.5666 -0.0400
-1.2939 1.5734 -0.0400
-1.3473 1.5833 -0.0400
-1.3695 1.6079 -0.0400
-1.3870 1.6347 -0.0400
-1.3966 1.6659 -0.0400
-1.3812 1.7122 -0.0400
0.0863 3.1337 -0.0400
0.0004 3.1520 -0.0400
-1.6395 5.6405 -0.0400
-2.6027 4.7981 -0.0400
-2.6733 4.8065 -0.0400
-2.8118 4.9021 -0.0400
-2.8847 4.8923 -0.0400
-2.9569 4.9456 -0.0400
-4.9564 3.6015 -0.0400
-8.4834 -0.1185 -0.0400
-7.9108 -0.2957 -0.0400
-7.8904 -0.3817 -0.0400
-6.2109 -0.6888 -0.0400
-6.2300 -0.7662 -0.0400
-3.8017 0.3336 -0.0400
-3.7633 0.3357 -0.0400
-3.7469 0.3269 -0.0400
-3.7269 0.3207 -0.0400
-3.7148 0.3103 -0.0400
-3.7016 0.3007 -0.0400
-3.6922 0.2889 -0.0400
-3.6837 0.2766 -0.0400
-3.6771 0.2629 -0.0400
-3.6706 0.2491 -0.0400
-3.6704 0.2304 -0.0400
-3.6678 0.2130 -0.0400
-3.6670 0.1938 -0.0400
-3.6692 0.1716 -0.0400
-5.4594 -3.5747 -0.0400
-5.3556 -3.5673 -0.0400
-5.2477 -3.5480 -0.0400
-5.1739 -3.5907 -0.0400
-4.1984 -2.4614 -0.0400
-4.1435 -2.4867 -0.0400
-3.0747 -1.3007 -0.0400
-3.0371 -1.2485 -0.0400
-3.0016 -1.2227 -0.0400
-2.9671 -1.1934 -0.0400
-2.9332 -1.1860 -0.0400
-2.8994 -1.1805 -0.0400
-2.8654 -1.1809 -0.0400
-2.8304 -1.1929 -0.0400
-2.7935 -1.2208 -0.0400
-2.7561 -1.2429 -0.0400
-1.9608 -1.8460 -0.0400
-1.9299 -1.7926 -0.0400
-1.8895 -1.7646 -0.0400
-1.8442 -1.7481 -0.0400
-1.7887 -1.7529 -0.0400
-0.0842 -3.1734 -0.0400
0.0095 -3.1554 -0.0400
0.0770 -3.1020 -0.0400
0.1860 -3.0992 -0.0400
1.6916 -0.7204 -0.0400
1.8471 -0.6772 -0.0400
1.8610 -0.5897 -0.0400
2.0680 -0.5527 -0.0400
-1.3382 1.5747 -0.0400
-1.3672 1.5957 -0.0400
-1.3830 1.6232 -0.0400
-1.3891 1.6563 -0.0400
-1.3935 1.6908 -0.0400
0.0967 3.1218 -0.0400
0.0080 3.1378 -0.0400
0.0001 3.2180 -0.0400
-1.6278 5.6148 -0.0400
-2.5867 4.7980 -0.0400
-2.6573 4.8075 -0.0400
-2.7961 4.8968 -0.0400
-2.8690 4.8867 -0.0400
-8.4928 -0.1180 -0.0400
-7.9104 -0.2949 -0.0400
-7.9048 -0.3844 -0.0400
-6.2424 -0.6380 -0.0400
-6.2159 -0.6944 -0.0400
-6.2200 -0.7650 -0.0400
-3.8301 0.3298 -0.0400
-3.7758 0.3386 -0.0400
-3.7499 0.3344 -0.0400
-3.7359 0.3243 -0.0400
-3.7191 0.3162 -0.0400
-3.7061 0.3063 -0.0400
-3.6966 0.2944 -0.0400
-3.6881 0.2820 -0.0400
-3.6807 0.2688 -0.0400
-3.6763 0.2534 -0.0400
-3.6715 0.2382 -0.0400
-3.6676 0.2220 -0.0400
-3.6736 0.1978 -0.0400
-3.6759 0.1757 -0.0400
-5.4295 -3.5291 -0.0400
-5.3268 -3.5220 -0.0400
-5.2439 -3.5480 -0.0400
-5.2039 -3.6573 -0.0400
-4.2506 -2.4445 -0.0400
-4.1939 -2.4649 -0.0400
-4.7919 -4.2942 -0.0400
-3.0297 -1.2242 -0.0400
-2.9948 -1.2049 -0.0400
-2.9606 -1.1855 -0.0400
-2.9268 -1.1813 -0.0400
-2.8930 -1.1800 -0.0400
-2.8587 -1.1884 -0.0400
-2.8240 -1.1971 -0.0400
-2.7863 -1.2336 -0.0400
-2.7476 -1.2671 -0.0400
-1.9790 -1.9296 -0.0400
-1.9639 -1.8304 -0.0400
-1.9292 -1.7872 -0.0400
-1.8874 -1.7627 -0.0400
-1.8386 -1.7547 -0.0400
-1.7769 -1.7727 -0.0400
-0.0855 -3.1762 -0.0400
0.0012 -3.1493 -0.0400
0.0797 -3.1104 -0.0400
0.1910 -3.1105 -0.0400
1.6908 -0.7299 -0.0400
1.8306 -0.6824 -0.0400
1.9014 -0.6112 -0.0400
-1.3876 1.6436 -0.0400
-1.3805 1.6846 -0.0400
-1.3658 1.7314 -0.0400
0.2061 3.0991 -0.0400
0.1005 3.1051 -0.0400
0.0170 3.1251 -0.0400
0.0062 3.2027 -0.0400
-2.5700 4.8017 -0.0400
-2.7799 4.8980 -0.0400
-2.8529 4.8880 -0.0400
-3.7263 5.8390 -0.0400
-3.8164 5.8311 -0.0400
-8.5101 -0.1182 -0.0400
-7.9080 -0.2932 -0.0400
-6.2339 -0.6373 -0.0400
-6.2247 -0.7013 -0.0400
-3.8314 0.3403 -0.0400
-3.7816 0.3457 -0.0400
-3.7562 0.3406 -0.0400
-3.7425 0.3301 -0.0400
-3.7255 0.3217 -0.0400
-3.7120 0.3118 -0.0400
-3.7008 0.3006 -0.0400
-3.6924 0.2880 -0.0400
-3.6851 0.2746 -0.0400
-3.6802 0.2596 -0.0400
-3.6749 0.2447 -0.0400
-3.6760 0.2250 -0.0400
-3.6740 0.2070 -0.0400
-3.6875 0.1765 -0.0400
-3.7097 0.1378 -0.0400
-5.4296 -3.5357 -0.0400
-5.3313 -3.5370 -0.0400
-5.2404 -3.5486 -0.0400
-4.2479 -2.4523 -0.0400
-4.1878 -2.4643 -0.0400
-4.7836 -4.2791 -0.0400
-3.0578 -1.2329 -0.0400
-3.0223 -1.2096 -0.0400
-2.9878 -1.1953 -0.0400
-2.9538 -1.1863 -0.0400
-2.9201 -1.1803 -0.0400
-2.8863 -1.1825 -0.0400
-2.8515 -1.1997 -0.0400
-2.8162 -1.2151 -0.0400
-2.7796 -1.2387 -0.0400
-1.9868 -1.8989 -0.0400
-1.9680 -1.8107 -0.0400
-1.9286 -1.7802 -0.0400
-1.8842 -1.7626 -0.0400
-1.8333 -1.7593 -0.0400
-1.7690 -1.7834 -0.0400
-0.1546 -3.2296 -0.0400
-0.0893 -3.1747 -0.0400
0.0007 -3.1526 -0.0400
0.1089 -3.1517 -0.0400
0.1729 -3.0929 -0.0400
1.6788 -0.8251 -0.0400
1.6891 -0.7385 -0.0400
1.8315 -0.6921 -0.0400
1.8705 -0.6122 -0.0400
2.0988 -0.5814 -0.0400
0.0863 3.0749 -0.0400
0.0239 3.1110 -0.0400
0.0324 3.2042 -0.0400
-1.5925 5.6061 -0.0400
-2.4808 4.8092 -0.0400
-2.5544 4.7932 -0.0400
-2.6210 4.8543 -0.0400
-2.7632 4.9059 -0.0400
-2.8361 4.9084 -0.0400
-3.6328 5.9498 -0.0400
-3.7119 5.8578 -0.0400
-3.8755 5.3009 -0.0400
-3.9439 5.2337 -0.0400
-4.0254 5.2281 -0.0400
-8.5123 -0.0160 -0.0400
-8.5115 -0.1154 -0.0400
-7.9132 -0.2926 -0.0400
-6.2937 -0.5963 -0.0400
-6.2328 -0.6392 -0.0400
-6.2287 -0.7055 -0.0400
-3.8053 0.3454 -0.0400
-3.7645 0.3467 -0.0400
-3.7453 0.3386 -0.0400
-3.7296 0.3292 -0.0400
-3.7167 0.3186 -0.0400
-3.7056 0.3072 -0.0400
-3.6971 0.2944 -0.0400
-3.6894 0.2812 -0.0400
-3.6835 0.2668 -0.0400
-3.6805 0.2503 -0.0400
-3.6759 0.2347 -0.0400
-3.6785 0.2136 -0.0400
-3.6888 0.1862 -0.0400
-3.6989 0.1578 -0.0400
-5.5060 -3.5009 -0.0400
-5.4118 -3.5113 -0.0400
-5.3126 -3.5100 -0.0400
-5.2461 -3.5663 -0.0400
-4.3026 -2.4407 -0.0400
-4.2380 -2.4428 -0.0400
-4.1931 -2.4935 -0.0400
-3.0868 -1.2537 -0.0400
-3.0500 -1.2210 -0.0400
-3.0149 -1.2010 -0.0400
-2.9806 -1.1897 -0.0400
-2.9468 -1.1803 -0.0400
-2.9131 -1.1815 -0.0400
-2.8793 -1.1867 -0.0400
-2.8450 -1.1958 -0.0400
-2.8080 -1.2374 -0.0400
-2.7692 -1.2820 -0.0400
-1.9957 -1.8635 -0.0400
-1.9650 -1.8080 -0.0400
-1.9258 -1.7776 -0.0400
-1.8808 -1.7618 -0.0400
-1.8218 -1.7771 -0.0400
-0.1598 -3.2248 -0.0400
-0.0912 -3.1749 -0.0400
-0.0040 -3.1495 -0.0400
0.1002 -3.1440 -0.0400
0.1964 -3.1253 -0.0400
1.8165 -0.7879 -0.0400
1.8270 -0.6996 -0.0400
2.0353 -0.6679 -0.0400
0.1971 3.0547 -0.0400
0.1161 3.0788 -0.0400
0.0317 3.0981 -0.0400
0.0047 3.1618 -0.0400
-2.4722 4.7877 -0.0400
-2.5417 4.8100 -0.0400
-2.6050 4.9150 -0.0400
-2.6803 4.8859 -0.0400
-2.7525 4.8978 -0.0400
-3.6092 5.8594 -0.0400
-3.7020 5.8690 -0.0400
-3.8541 5.2499 -0.0400
-3.9364 5.2492 -0.0400
-8.5301 0.0834 -0.0400
-7.9618 -0.1191 -0.0400
-7.9363 -0.2051 -0.0400
-6.3005 -0.5325 -0.0400
-6.2619 -0.5848 -0.0400
-3.8249 0.3689 -0.0400
-3.7878 0.3669 -0.0400
-3.7654 0.3593 -0.0400
-3.7486 0.3498 -0.0400
-3.7348 0.3391 -0.0400
-3.7215 0.3285 -0.0400
-3.7127 0.3157 -0.0400
-3.7054 0.3021 -0.0400
-3.6996 0.2876 -0.0400
-3.6961 0.2715 -0.0400
-3.6913 0.2561 -0.0400
-3.6924 0.2366 -0.0400
-3.6984 0.2131 -0.0400
-3.7209 0.1770 -0.0400
-5.5812 -3.4613 -0.0400
-5.4964 -3.4889 -0.0400
-5.3851 -3.4695 -0.0400
-4.3610 -2.4320 -0.0400
-4.2903 -2.4213 -0.0400
-3.1596 -1.3227 -0.0400
-3.1157 -1.2393 -0.0400
-3.0789 -1.2112 -0.0400
-3.0437 -1.1940 -0.0400
-3.0092 -1.1788 -0.0400
-2.9756 -1.1786 -0.0400
-2.9420 -1.1826 -0.0400
-2.9082 -1.1909 -0.0400
-2.8732 -1.2274 -0.0400
-2.8368 -1.2643 -0.0400
-2.0724 -1.9322 -0.0400
-2.0503 -1.8455 -0.0400
-2.0124 -1.8096 -0.0400
-1.9688 -1.7907 -0.0400
-1.9210 -1.7824 -0.0400
-1.8641 -1.7947 -0.0400
-0.2366 -3.2638 -0.0400
-0.1554 -3.2323 -0.0400
-0.0725 -3.2020 -0.0400
0.0286 -3.1944 -0.0400
0.1317 -3.1861 -0.0400
1.6304 -0.9121 -0.0400
1.6589 -0.8320 -0.0400
1.7926 -0.7857 -0.0400
1.8493 -0.7120 -0.0400
0.0753 3.0354 -0.0400
-2.3825 4.7941 -0.0400
-2.4556 4.7861 -0.0400
-2.6631 4.8935 -0.0400
-2.7363 4.8899 -0.0400
-3.5917 5.8604 -0.0400
-3.7698 5.3275 -0.0400
-3.8391 5.2583 -0.0400
-3.9289 5.2907 -0.0400
-8.5486 0.0854 -0.0400
-7.9549 -0.1151 -0.0400
-7.9598 -0.2068 -0.0400
-6.2856 -0.5281 -0.0400
-6.2637 -0.5870 -0.0400
-3.8047 0.3715 -0.0400
-3.7753 0.3662 -0.0400
-3.7553 0.3576 -0.0400
-3.7402 0.3472 -0.0400
-3.7282 0.3356 -0.0400
-3.7181 0.3232 -0.0400
-3.7101 0.3099 -0.0400
-3.7032 0.2959 -0.0400
-3.6999 0.2797 -0.0400
-3.6978 0.2626 -0.0400
-3.6984 0.2434 -0.0400
-3.7030 0.2211 -0.0400
-3.7188 0.1904 -0.0400
-5.5779 -3.4615 -0.0400
-5.4553 -3.4269 -0.0400
-5.3840 -3.4738 -0.0400
-4.3409 -2.4005 -0.0400
-4.2896 -2.4335 -0.0400
-4.9556 -4.2238 -0.0400
-3.1500 -1.3023 -0.0400
-3.1079 -1.2351 -0.0400
-3.0698 -1.1895 -0.0400
-3.0355 -1.1814 -0.0400
-3.0017 -1.1779 -0.0400
-2.9682 -1.1792 -0.0400
-2.9347 -1.1845 -0.0400
-2.9006 -1.2130 -0.0400
-2.8656 -1.2405 -0.0400
-2.8281 -1.2971 -0.0400
-2.0804 -1.8927 -0.0400
-2.0502 -1.8318 -0.0400
-2.0083 -1.8078 -0.0400
-1.9638 -1.7917 -0.0400
-1.9101 -1.7981 -0.0400
-1.8293 -1.8666 -0.0400
-0.2383 -3.2622 -0.0400
-0.1501 -3.2412 -0.0400
-0.0582 -3.2232 -0.0400
0.0347 -3.2044 -0.0400
1.6409 -1.0143 -0.0400
1.6173 -0.9146 -0.0400
1.7721 -0.8783 -0.0400
1.7959 -0.7945 -0.0400
2.0096 -0.7688 -0.0400
-2.4388 4.7855 -0.0400
-2.5083 4.8078 -0.0400
-2.5718 4.9090 -0.0400
-2.6469 4.8843 -0.0400
-2.7187 4.9071 -0.0400
-3.4913 5.9376 -0.0400
-3.5743 5.8645 -0.0400
-3.7508 5.3172 -0.0400
-3.8228 5.2613 -0.0400
-3.9043 5.2558 -0.0400
-4.0142 3.5407 -0.0400
-8.5495 0.1897 -0.0400
-8.5689 0.0878 -0.0400
-7.9588 -0.1123 -0.0400
-8.0192 -0.2145 -0.0400
-6.2853 -0.5288 -0.0400
-3.8280 0.3749 -0.0400
-3.7857 0.3739 -0.0400
-3.7623 0.3662 -0.0400
-3.7502 0.3541 -0.0400
-3.7355 0.3434 -0.0400
-3.7240 0.3314 -0.0400
-3.7155 0.3181 -0.0400
-3.7085 0.3040 -0.0400
-3.7032 0.2889 -0.0400
-3.7003 0.2723 -0.0400
-3.6991 0.2544 -0.0400
-3.7001 0.2347 -0.0400
-3.7156 0.2049 -0.0400
-5.5533 -3.4277 -0.0400
-5.4519 -3.4268 -0.0400
-5.3815 -3.4753 -0.0400
-4.3366 -2.4039 -0.0400
-5.0352 -4.1778 -0.0400
-3.1779 -1.2970 -0.0400
-3.1346 -1.2307 -0.0400
-3.0974 -1.2038 -0.0400
-3.0621 -1.1887 -0.0400
-3.0278 -1.1809 -0.0400
-2.9941 -1.1779 -0.0400
-2.9608 -1.1857 -0.0400
-2.9272 -1.1982 -0.0400
-2.8931 -1.2184 -0.0400
-2.8579 -1.2512 -0.0400
-2.1045 -1.9631 -0.0400
-2.0794 -1.8798 -0.0400
-2.0474 -1.8247 -0.0400
-2.0047 -1.8036 -0.0400
-1.9575 -1.7951 -0.0400
-1.8976 -1.8173 -0.0400
-1.8283 -1.8579 -0.0400
-0.3006 -3.3212 -0.0400
-0.2362 -3.2656 -0.0400
-0.1529 -3.2376 -0.0400
-0.0530 -3.2312 -0.0400
0.0332 -3.2035 -0.0400
1.6160 -0.9207 -0.0400
1.6633 -0.8477 -0.0400
1.8330 -0.8137 -0.0400
-2.6293 4.8935 -0.0400
-2.7026 4.8896 -0.0400
-3.4757 5.9619 -0.0400
-3.5571 5.8714 -0.0400
-3.7352 5.3262 -0.0400
-3.8067 5.2666 -0.0400
-3.8888 5.2635 -0.0400
-4.0045 3.5531 -0.0400
-4.0421 3.5050 -0.0400
-4.0914 3.4871 -0.0400
-4.1465 3.4816 -0.0400
-8.5544 0.1947 -0.0400
-8.5734 0.0927 -0.0400
-7.9888 -0.0222 -0.0400
-7.9647 -0.1093 -0.0400
-6.2872 -0.5298 -0.0400
-3.8106 0.3771 -0.0400
-3.7762 0.3729 -0.0400
-3.7550 0.3642 -0.0400
-3.7436 0.3517 -0.0400
-3.7305 0.3402 -0.0400
-3.7211 0.3270 -0.0400
-3.7136 0.3130 -0.0400
-3.7077 0.2982 -0.0400
-3.7040 0.2819 -0.0400
-3.7033 0.2638 -0.0400
-3.7051 0.2438 -0.0400
-3.7109 0.2207 -0.0400
-3.7287 0.1889 -0.0400
-5.6348 -3.3992 -0.0400
-5.5368 -3.4065 -0.0400
-5.4481 -3.4259 -0.0400
-5.3819 -3.4816 -0.0400
-4.3864 -2.3805 -0.0400
-4.3334 -2.4095 -0.0400
-5.0312 -4.1747 -0.0400
-3.1714 -1.3059 -0.0400
-3.1270 -1.2321 -0.0400
-3.0879 -1.1861 -0.0400
-3.0536 -1.1788 -0.0400
-3.0198 -1.1765 -0.0400
-2.9865 -1.1789 -0.0400
-2.9532 -1.1866 -0.0400
-2.9196 -1.1999 -0.0400
-2.8856 -1.2217 -0.0400
-2.1198 -1.8938 -0.0400
-2.0831 -1.8511 -0.0400
-2.0428 -1.8220 -0.0400
-1.9993 -1.8036 -0.0400
-1.9515 -1.7966 -0.0400
-1.8858 -1.8338 -0.0400
-0.3019 -3.3184 -0.0400
-0.2346 -3.2674 -0.0400
-0.1481 -3.2443 -0.0400
-0.0492 -3.2367 -0.0400
0.0555 -3.2338 -0.0400
1.5931 -1.0083 -0.0400
1.6159 -0.9267 -0.0400
1.7567 -0.8863 -0.0400
1.7997 -0.8094 -0.0400
2.0279 -0.7890 -0.0400
1.1656 1.8977 -0.0400
-3.5404 5.8840 -0.0400
-3.7907 5.2735 -0.0400
-3.9880 3.5489 -0.0400
-4.0310 3.5141 -0.0400
-4.0826 3.5010 -0.0400
-4.1339 3.4867 -0.0400
-4.2042 3.5119 -0.0400
-8.5702 0.1992 -0.0400
-7.9961 -0.0186 -0.0400
-7.9686 -0.1055 -0.0400
-6.3269 -0.4763 -0.0400
-3.8118 0.3908 -0.0400
-3.7892 0.3813 -0.0400
-3.7718 0.3704 -0.0400
-3.7510 0.3614 -0.0400
-3.7399 0.3485 -0.0400
-3.7277 0.3364 -0.0400
-3.7195 0.3225 -0.0400
-3.7127 0.3080 -0.0400
-3.7086 0.2919 -0.0400
-3.7080 0.2738 -0.0400
-3.7047 0.2568 -0.0400
-3.7095 0.2347 -0.0400
-3.7227 0.2066 -0.0400
-5.6418 -3.4139 -0.0400
-5.5219 -3.3875 -0.0400
-5.4439 -3.4239 -0.0400
-4.4521 -2.3883 -0.0400
-4.3811 -2.3810 -0.0400
-4.3299 -2.4142 -0.0400
-5.0286 -4.1745 -0.0400
-3.1539 -1.2305 -0.0400
-3.1159 -1.2026 -0.0400
-3.0802 -1.1871 -0.0400
-3.0458 -1.1794 -0.0400
-3.0121 -1.1769 -0.0400
-2.9790 -1.1858 -0.0400
-2.9457 -1.2000 -0.0400
-2.9121 -1.2229 -0.0400
-2.8775 -1.2616 -0.0400
-2.1098 -1.9078 -0.0400
-2.0817 -1.8372 -0.0400
-2.0394 -1.8151 -0.0400
-1.9912 -1.8103 -0.0400
-1.9394 -1.8139 -0.0400
-1.8794 -1.8360 -0.0400
-0.3533 -3.3939 -0.0400
-0.3063 -3.3100 -0.0400
-0.2182 -3.2907 -0.0400
-0.1471 -3.2449 -0.0400
-0.0489 -3.2365 -0.0400
1.6036 -1.0176 -0.0400
1.6070 -0.9288 -0.0400
1.7554 -0.8915 -0.0400
1.9664 -0.8702 -0.0400
1.1514 1.8825 -0.0400
1.0807 1.9380 -0.0400
1.0734 2.0121 -0.0400
1.1015 2.0989 -0.0400
-1.4223 5.5688 -0.0400
-3.5221 5.9354 -0.0400
-3.6046 5.8625 -0.0400
-3.7697 5.2865 -0.0400
-3.8475 5.2615 -0.0400
-3.9457 5.3262 -0.0400
-4.0319 3.5664 -0.0400
-4.0611 3.4983 -0.0400
-4.1105 3.4796 -0.0400
-4.1665 3.4751 -0.0400
-4.2251 3.4741 -0.0400
-8.5472 0.1102 -0.0400
-7.9959 -0.1030 -0.0400
-6.2920 -0.5300 -0.0400
-3.8062 0.3700 -0.0400
-3.7681 0.3669 -0.0400
-3.7528 0.3553 -0.0400
-3.7350 0.3451 -0.0400
-3.7248 0.3319 -0.0400
-3.7157 0.3182 -0.0400
-3.7080 0.3039 -0.0400
-3.7014 0.2890 -0.0400
-3.6987 0.2719 -0.0400
-3.7003 0.2520 -0.0400
-3.6985 0.2338 -0.0400
-3.7087 0.2075 -0.0400
-5.6450 -3.4233 -0.0400
-5.5537 -3.4426 -0.0400
-5.4403 -3.4237 -0.0400
-5.3735 -3.4784 -0.0400
-5.3472 -3.6053 -0.0400
-4.3816 -2.3970 -0.0400
-4.3193 -2.4067 -0.0400
-4.2716 -2.4484 -0.0400
-3.1057 -1.2046 -0.0400
-3.0699 -1.1885 -0.0400
-3.0354 -1.1805 -0.0400
-3.0017 -1.1777 -0.0400
-2.9683 -1.1798 -0.0400
-2.9350 -1.1873 -0.0400
-2.9016 -1.2007 -0.0400
-2.8676 -1.2229 -0.0400
-2.0715 -1.8437 -0.0400
-2.0309 -1.8162 -0.0400
-1.9875 -1.7980 -0.0400
-1.9410 -1.7884 -0.0400
-1.8767 -1.8233 -0.0400
-0.2337 -3.2647 -0.0400
-0.1492 -3.2395 -0.0400
-0.0436 -3.2421 -0.0400
0.0254 -3.1918 -0.0400
1.6055 -0.9345 -0.0400
1.7631 -0.9010 -0.0400
1.7766 -0.8147 -0.0400
1.9051 -0.7647 -0.0400
1.0948 1.9280 -0.0400
1.0662 1.9952 -0.0400
1.0619 2.0704 -0.0400
1.1126 2.1662 -0.0400
-1.1222 1.4692 -0.0400
-3.5067 5.9106 -0.0400
-3.6834 5.3317 -0.0400
-3.7568 5.2809 -0.0400
-3.8432 5.2974 -0.0400
-3.9751 3.5948 -0.0400
-4.0047 3.5246 -0.0400
-4.0551 3.5085 -0.0400
-4.1092 3.5000 -0.0400
-4.1760 3.5178 -0.0400
-4.6947 3.7548 -0.0400
-4.7424 3.7146 -0.0400
-7.9837 -0.0057 -0.0400
-8.0305 -0.1048 -0.0400
-6.3787 -0.4234 -0.0400
-3.8394 0.3934 -0.0400
-3.8038 0.3875 -0.0400
-3.7709 0.3817 -0.0400
-3.7570 0.3693 -0.0400
-3.7452 0.3562 -0.0400
-3.7324 0.3439 -0.0400
-3.7247 0.3293 -0.0400
-3.7191 0.3138 -0.0400
-3.7141 0.2978 -0.0400
-3.7105 0.2811 -0.0400
-3.7143 0.2600 -0.0400
-3.7142 0.2406 -0.0400
-3.7334 0.2091 -0.0400
-5.7093 -3.3647 -0.0400
-5.5938 -3.3485 -0.0400
-5.5113 -3.3785 -0.0400
-5.4703 -3.4749 -0.0400
-4.4278 -2.3607 -0.0400
-4.3734 -2.3870 -0.0400
-5.1167 -4.1514 -0.0400
-3.1732 -1.2297 -0.0400
-3.1344 -1.2016 -0.0400
-3.0983 -1.1860 -0.0400
-3.0637 -1.1784 -0.0400
-3.0298 -1.1760 -0.0400
-2.9968 -1.1843 -0.0400
-2.9639 -1.1984 -0.0400
-2.9308 -1.2212 -0.0400
-2.8970 -1.2590 -0.0400
-2.8405 -4.2521 -0.0400
-2.1536 -1.8858 -0.0400
-2.1149 -1.8492 -0.0400
-2.0730 -1.8257 -0.0400
-2.0280 -1.8124 -0.0400
-1.9709 -1.8333 -0.0400
-1.9024 -1.8807 -0.0400
-0.3604 -3.3769 -0.0400
-0.2958 -3.3213 -0.0400
-0.2126 -3.2948 -0.0400
-0.1117 -3.2925 -0.0400
-0.0225 -3.2704 -0.0400
1.5640 -1.1011 -0.0400
1.5695 -1.0130 -0.0400
1.7269 -0.9823 -0.0400
1.7407 -0.8961 -0.0400
3.0120 -0.3480 -0.0400
1.1820 1.7941 -0.0400
1.1148 1.8515 -0.0400
1.0854 1.9184 -0.0400
1.0826 1.9935 -0.0400
-1.1159 1.4305 -0.0400
-1.1788 1.4402 -0.0400
-1.2172 1.4585 -0.0400
-1.2747 1.4669 -0.0400
-1.3064 5.5228 -0.0400
-2.2995 4.7796 -0.0400
-2.3718 4.7784 -0.0400
-3.4844 5.8800 -0.0400
-3.6607 5.3040 -0.0400
-3.7413 5.2929 -0.0400
-3.9488 3.5669 -0.0400
-3.9919 3.5316 -0.0400
-4.0418 3.5141 -0.0400
-4.0964 3.5067 -0.0400
-4.1663 3.5310 -0.0400
-4.6911 3.7770 -0.0400
-4.7360 3.7316 -0.0400
-8.5910 0.3198 -0.0400
-8.5834 0.2196 -0.0400
-8.0070 -0.0027 -0.0400
-6.3806 -0.4216 -0.0400
-3.8296 0.3948 -0.0400
-3.7835 0.3927 -0.0400
-3.7674 0.3806 -0.0400
-3.7539 0.3678 -0.0400
-3.7428 0.3543 -0.0400
-3.7315 0.3411 -0.0400
-3.7245 0.3260 -0.0400
-3.7183 0.3105 -0.0400
-3.7173 0.2924 -0.0400
-3.7151 0.2746 -0.0400
-3.7238 0.2504 -0.0400
-3.7280 0.2281 -0.0400
-3.7411 0.1998 -0.0400
-5.6980 -3.3505 -0.0400
-5.5825 -3.3342 -0.0400
-5.5078 -3.3761 -0.0400
-5.4736 -3.4833 -0.0400
-4.4223 -2.3594 -0.0400
-4.3774 -2.4055 -0.0400
-5.1070 -4.1344 -0.0400
-3.1604 -1.1967 -0.0400
-3.1241 -1.1824 -0.0400
-3.0893 -1.1756 -0.0400
-3.0554 -1.1737 -0.0400
-3.0221 -1.1767 -0.0400
-2.9891 -1.1847 -0.0400
-2.9561 -1.1985 -0.0400
-2.9240 -1.2562 -0.0400
-2.9242 -4.2254 -0.0400
-2.1807 -1.9459 -0.0400
-2.1489 -1.8791 -0.0400
-2.1097 -1.8445 -0.0400
-2.0672 -1.8233 -0.0400
-2.0167 -1.8267 -0.0400
-1.9609 -1.8435 -0.0400
-0.3744 -3.3502 -0.0400
-0.2884 -3.3296 -0.0400
-0.2052 -3.3029 -0.0400
-0.1130 -3.2879 -0.0400
1.5453 -1.0967 -0.0400
1.5685 -1.0160 -0.0400
1.7163 -0.9822 -0.0400
1.7969 -0.9199 -0.0400
3.0107 -0.3549 -0.0400
1.2137 1.7931 -0.0400
1.1220 1.8441 -0.0400
1.0866 1.9092 -0.0400
1.1457 2.0037 -0.0400
-1.1446 1.4119 -0.0400
-1.1767 1.4336 -0.0400
-1.2190 1.4501 -0.0400
-1.2744 1.4593 -0.0400
-1.3133 1.4746 -0.0400
-1.3302 1.4998 -0.0400
-1.3433 1.5269 -0.0400
-1.2863 5.5270 -0.0400
-1.3707 5.5533 -0.0400
-2.3556 4.7732 -0.0400
-2.4241 4.8030 -0.0400
-2.4876 4.8966 -0.0400
-2.5623 4.8791 -0.0400
-2.6335 4.9102 -0.0400
-3.6494 5.3426 -0.0400
-3.7226 5.2890 -0.0400
-3.8102 5.3113 -0.0400
-3.9389 3.5826 -0.0400
-3.9799 3.5413 -0.0400
-4.0279 3.5186 -0.0400
-4.0854 3.5178 -0.0400
-4.1495 3.5294 -0.0400
-4.6718 3.7738 -0.0400
-4.7190 3.7322 -0.0400
-8.5725 0.3296 -0.0400
-8.0369 0.0924 -0.0400
-7.9920 0.0065 -0.0400
-3.8339 0.4109 -0.0400
-3.8028 0.4026 -0.0400
-3.7820 0.3915 -0.0400
-3.7659 0.3792 -0.0400
-3.7526 0.3662 -0.0400
-3.7387 0.3537 -0.0400
-3.7311 0.3386 -0.0400
-3.7246 0.3232 -0.0400
-3.7191 0.3072 -0.0400
-3.7206 0.2875 -0.0400
-3.7199 0.2686 -0.0400
-3.7211 0.2483 -0.0400
-3.7477 0.2129 -0.0400
-5.7898 -3.3306 -0.0400
-5.6763 -3.3211 -0.0400
-5.5830 -3.3370 -0.0400
-5.5084 -3.3795 -0.0400
-4.4753 -2.3384 -0.0400
-4.4187 -2.3611 -0.0400
-5.1893 -4.0922 -0.0400
-5.1215 -4.1689 -0.0400
-3.2369 -1.2734 -0.0400
-3.1912 -1.2185 -0.0400
-3.1525 -1.1948 -0.0400
-3.1164 -1.1819 -0.0400
-3.0817 -1.1759 -0.0400
-3.0478 -1.1745 -0.0400
-3.0149 -1.1832 -0.0400
-2.9821 -1.1974 -0.0400
-2.9494 -1.2198 -0.0400
-2.9163 -1.2555 -0.0400
-2.9208 -4.2113 -0.0400
-2.1743 -1.9452 -0.0400
-2.1429 -1.8768 -0.0400
-2.1059 -1.8347 -0.0400
-2.0599 -1.8252 -0.0400
-2.0099 -1.8275 -0.0400
-1.9519 -1.8503 -0.0400
-0.3629 -3.3648 -0.0400
-0.2847 -3.3315 -0.0400
-0.2036 -3.3017 -0.0400
-0.1021 -3.3005 -0.0400
1.5759 -1.1121 -0.0400
1.5776 -1.0225 -0.0400
1.7040 -0.9808 -0.0400
1.9228 -0.9681 -0.0400
3.0059 -0.4670 -0.0400
3.0040 -0.3602 -0.0400
1.1537 1.7689 -0.0400
1.1096 1.8318 -0.0400
1.0964 1.9030 -0.0400
1.1214 1.9866 -0.0400
-1.0826 1.3942 -0.0400
-1.1386 1.4077 -0.0400
-1.1733 1.4283 -0.0400
-1.1978 1.4523 -0.0400
-1.2891 1.4454 -0.0400
-1.3111 1.4683 -0.0400
-1.3278 1.4934 -0.0400
-1.3406 1.5205 -0.0400
-1.3354 1.5574 -0.0400
-1.3277 1.5965 -0.0400
-1.2697 5.5213 -0.0400
-2.2666 4.7738 -0.0400
-2.3389 4.7725 -0.0400
-2.5450 4.8840 -0.0400
-2.6179 4.8857 -0.0400
-3.9344 3.6129 -0.0400
-3.9651 3.5443 -0.0400
-4.0179 3.5333 -0.0400
-4.0707 3.5212 -0.0400
-4.1295 3.5213 -0.0400
-4.6579 3.7798 -0.0400
-4.7075 3.7421 -0.0400
-8.5815 0.3381 -0.0400
-8.0064 0.1039 -0.0400
-8.0286 0.0089 -0.0400
-3.8394 0.4085 -0.0400
-3.8047 0.4010 -0.0400
-3.7829 0.3900 -0.0400
-3.7590 0.3805 -0.0400
-3.7480 0.3665 -0.0400
-3.7388 0.3518 -0.0400
-3.7313 0.3365 -0.0400
-3.7251 0.3207 -0.0400
-3.7244 0.3021 -0.0400
-3.7231 0.2836 -0.0400
-3.7239 0.2636 -0.0400
-3.7273 0.2418 -0.0400
-5.7710 -3.3053 -0.0400
-5.6617 -3.3013 -0.0400
-5.5742 -3.3254 -0.0400
-5.5247 -3.4064 -0.0400
-4.4695 -2.3353 -0.0400
-4.4170 -2.3660 -0.0400
-5.1877 -4.0912 -0.0400
-3.2249 -1.2489 -0.0400
-3.1825 -1.2110 -0.0400
-3.1444 -1.1908 -0.0400
-3.1073 -1.1712 -0.0400
-3.0735 -1.1716 -0.0400
-3.0403 -1.1758 -0.0400
-3.0074 -1.1849 -0.0400
-2.9746 -1.1995 -0.0400
-2.9436 -1.2565 -0.0400
-3.0040 -4.2064 -0.0400
-2.2127 -1.9646 -0.0400
-2.1818 -1.8893 -0.0400
-2.1425 -1.8534 -0.0400
-2.0997 -1.8328 -0.0400
-2.0538 -1.8232 -0.0400
-2.0036 -1.8260 -0.0400
-0.4316 -3.4085 -0.0400
-0.3680 -3.3515 -0.0400
-0.2772 -3.3389 -0.0400
-0.1761 -3.3395 -0.0400
1.5324 -1.0962 -0.0400
1.6763 -1.0640 -0.0400
1.6996 -0.9818 -0.0400
1.7649 -0.9149 -0.0400
3.0042 -0.4725 -0.0400
3.0010 -0.3656 -0.0400
1.1788 1.7673 -0.0400
1.1160 1.8254 -0.0400
1.0923 1.8934 -0.0400
-1.1299 1.4051 -0.0400
-1.1685 1.4240 -0.0400
-1.2500 1.4232 -0.0400
-1.2853 1.4406 -0.0400
-1.3083 1.4628 -0.0400
-1.3257 1.4874 -0.0400
-1.3316 1.5179 -0.0400
-1.3328 1.5512 -0.0400
-1.3236 1.5909 -0.0400
-1.2571 5.5041 -0.0400
-2.2460 4.8003 -0.0400
-2.3230 4.7661 -0.0400
-2.3905 4.8035 -0.0400
-2.4542 4.8917 -0.0400
-2.5288 4.8753 -0.0400
-2.6000 4.9036 -0.0400
-3.9109 3.5934 -0.0400
-3.9523 3.5527 -0.0400
-4.0013 3.5324 -0.0400
-4.0567 3.5264 -0.0400
-4.6465 3.7906 -0.0400
-4.6947 3.7503 -0.0400
-8.5798 0.3478 -0.0400
-8.0285 0.1096 -0.0400
-8.0028 0.0207 -0.0400
-3.8600 0.4215 -0.0400
-3.8156 0.4161 -0.0400
-3.7919 0.4051 -0.0400
-3.7744 0.3926 -0.0400
-3.7602 0.3793 -0.0400
-3.7488 0.3652 -0.0400
-3.7393 0.3504 -0.0400
-3.7326 0.3346 -0.0400
-3.7279 0.3178 -0.0400
-3.7254 0.2999 -0.0400
-3.7249 0.2807 -0.0400
-3.7266 0.2600 -0.0400
-3.7551 0.2241 -0.0400
-5.7690 -3.3026 -0.0400
-5.6584 -3.2970 -0.0400
-5.5721 -3.3230 -0.0400
-5.5438 -3.4368 -0.0400
-4.5287 -2.3234 -0.0400
-4.4669 -2.3375 -0.0400
-4.4213 -2.3821 -0.0400
-5.1910 -4.0996 -0.0400
-3.2133 -1.2258 -0.0400
-3.1734 -1.2005 -0.0400
-3.1343 -1.1731 -0.0400
-3.0999 -1.1708 -0.0400
-3.0661 -1.1721 -0.0400
-3.0330 -1.1779 -0.0400
-3.0012 -1.2005 -0.0400
-2.9688 -1.2245 -0.0400
-2.9364 -1.2631 -0.0400
-3.0009 -4.2076 -0.0400
-2.9153 -4.2630 -0.0400
-2.1742 -1.8925 -0.0400
-2.1383 -1.8437 -0.0400
-2.0925 -1.8339 -0.0400
-2.0427 -1.8366 -0.0400
-1.9852 -1.8611 -0.0400
-0.4349 -3.3971 -0.0400
-0.3505 -3.3753 -0.0400
-0.2662 -3.3515 -0.0400
-0.1767 -3.3341 -0.0400
-0.0844 -3.3187 -0.0400
1.5344 -1.1892 -0.0400
1.5276 -1.0958 -0.0400
1.6733 -1.0648 -0.0400
1.7167 -0.9904 -0.0400
1.9245 -0.9745 -0.0400
2.9931 -0.4755 -0.0400
1.1465 1.7516 -0.0400
1.1102 1.8162 -0.0400
1.1061 1.8896 -0.0400
1.1685 1.9844 -0.0400
-1.1039 1.3751 -0.0400
-1.1467 1.3931 -0.0400
-1.1760 1.4153 -0.0400
-1.2379 1.4228 -0.0400
-1.2785 1.4378 -0.0400
-1.3050 1.4583 -0.0400
-1.3236 1.4821 -0.0400
-1.3311 1.5114 -0.0400
-1.3330 1.5441 -0.0400
-1.3245 1.5832 -0.0400
0.2417 2.8397 -0.0400
0.1840 2.8788 -0.0400
0.1535 2.9368 -0.0400
-1.2438 5.4903 -0.0400
-2.3054 4.7742 -0.0400
-2.4349 4.9188 -0.0400
-2.5120 4.8762 -0.0400
-2.5845 4.8833 -0.0400
-3.3429 5.9368 -0.0400
-3.9108 3.6364 -0.0400
-3.9375 3.5566 -0.0400
-3.9907 3.5463 -0.0400
-4.0438 3.5347 -0.0400
-4.1052 3.5404 -0.0400
-4.6395 3.8093 -0.0400
-4.6811 3.7577 -0.0400
-8.5757 0.3584 -0.0400
-8.0073 0.1210 -0.0400
-3.8250 0.4136 -0.0400
-3.7975 0.4035 -0.0400
-3.7688 0.3947 -0.0400
-3.7570 0.3804 -0.0400
-3.7469 0.3656 -0.0400
-3.7393 0.3499 -0.0400
-3.7331 0.3336 -0.0400
-3.7283 0.3167 -0.0400
-3.7257 0.2985 -0.0400
-3.7356 0.2739 -0.0400
-3.7421 0.2502 -0.0400
-3.7606 0.2193 -0.0400
-5.7658 -3.2977 -0.0400
-5.6484 -3.2826 -0.0400
-5.5785 -3.3326 -0.0400
-5.5554 -3.4545 -0.0400
-4.5204 -2.3143 -0.0400
-4.4659 -2.3419 -0.0400
-5.2693 -4.0464 -0.0400
-3.2443 -1.2367 -0.0400
-3.2023 -1.2057 -0.0400
-3.1616 -1.1740 -0.0400
-3.1266 -1.1702 -0.0400
-3.0925 -1.1701 -0.0400
-3.0590 -1.1736 -0.0400
-3.0268 -1.1891 -0.0400
-2.9944 -1.2070 -0.0400
-2.9621 -1.2331 -0.0400
-2.9298 -1.2764 -0.0400
-2.9995 -4.2515 -0.0400
-2.2123 -1.9084 -0.0400
-2.1739 -1.8662 -0.0400
-2.1318 -1.8422 -0.0400
-2.0865 -1.8308 -0.0400
-2.0372 -1.8321 -0.0400
-0.4257 -3.4070 -0.0400
-0.3469 -3.3755 -0.0400
-0.2522 -3.3685 -0.0400
-0.1731 -3.3347 -0.0400
1.5017 -1.1758 -0.0400
1.5208 -1.0940 -0.0400
1.6621 -1.0618 -0.0400
1.7201 -0.9933 -0.0400
1.9243 -0.9765 -0.0400
2.9794 -0.4774 -0.0400
1.1679 1.7502 -0.0400
1.1147 1.8104 -0.0400
1.1373 1.8914 -0.0400
-1.0753 1.3811 -0.0400
-1.1351 1.3928 -0.0400
-1.1702 1.4127 -0.0400
-1.2581 1.4089 -0.0400
-1.2872 1.4285 -0.0400
-1.3079 1.4513 -0.0400
-1.3224 1.4769 -0.0400
-1.3320 1.5049 -0.0400
-1.3349 1.5367 -0.0400
0.3269 2.8063 -0.0400
0.2427 2.8287 -0.0400
0.1892 2.8704 -0.0400
0.1639 2.9321 -0.0400
-1.2269 5.4879 -0.0400
-2.2196 4.7561 -0.0400
-2.2902 4.7658 -0.0400
-2.4958 4.8716 -0.0400
-2.5661 4.9120 -0.0400
-3.3282 5.9769 -0.0400
-3.8805 3.5846 -0.0400
-3.9289 3.5623 -0.0400
-3.9851 3.5591 -0.0400
-4.5667 3.8288 -0.0400
-4.6270 3.8086 -0.0400
-8.5984 0.5669 -0.0400
-8.6163 0.4647 -0.0400
-8.0307 0.2169 -0.0400
-3.8547 0.4444 -0.0400
-3.8200 0.4351 -0.0400
-3.7982 0.4228 -0.0400
-3.7820 0.4093 -0.0400
-3.7691 0.3949 -0.0400
-3.7584 0.3801 -0.0400
-3.7505 0.3643 -0.0400
-3.7459 0.3471 -0.0400
-3.7435 0.3289 -0.0400
-3.7434 0.3094 -0.0400
-3.7462 0.2882 -0.0400
-3.7530 0.2646 -0.0400
-3.7715 0.2341 -0.0400
-5.9246 -3.2159 -0.0400
-5.8397 -3.2496 -0.0400
-5.7219 -3.2368 -0.0400
-5.6598 -3.2982 -0.0400
-4.5723 -2.2852 -0.0400
-4.5192 -2.3156 -0.0400
-5.3536 -4.0044 -0.0400
-3.2669 -1.1970 -0.0400
-3.2279 -1.1810 -0.0400
-3.1914 -1.1728 -0.0400
-3.1550 -1.1631 -0.0400
-3.1213 -1.1663 -0.0400
-3.0890 -1.1783 -0.0400
-3.0568 -1.1937 -0.0400
-3.0248 -1.2149 -0.0400
-2.9931 -1.2458 -0.0400
-3.1690 -4.1983 -0.0400
-3.0853 -4.2543 -0.0400
-2.2603 -1.8897 -0.0400
-2.2178 -1.8647 -0.0400
-2.1726 -1.8531 -0.0400
-2.1241 -1.8536 -0.0400
-2.0700 -1.8720 -0.0400
-0.5774 -3.4740 -0.0400
-0.4963 -3.4481 -0.0400
-0.4170 -3.4180 -0.0400
-0.3169 -3.4215 -0.0400
1.4609 -1.2483 -0.0400
1.4936 -1.1725 -0.0400
1.6228 -1.1375 -0.0400
1.7220 -1.0865 -0.0400
1.9300 -1.0742 -0.0400
2.9405 -0.6841 -0.0400
2.9487 -0.5795 -0.0400
3.0097 -0.4866 -0.0400
1.2380 1.6140 -0.0400
1.1554 1.6692 -0.0400
1.1264 1.7355 -0.0400
1.1296 1.8101 -0.0400
-1.1045 1.3338 -0.0400
-1.1431 1.3534 -0.0400
-1.1694 1.3767 -0.0400
-1.2368 1.3825 -0.0400
-1.2732 1.3994 -0.0400
-1.2961 1.4213 -0.0400
-1.3111 1.4465 -0.0400
-1.3149 1.4771 -0.0400
-1.3116 1.5118 -0.0400
-1.2839 1.5603 -0.0400
0.3706 2.7488 -0.0400
0.2819 2.7695 -0.0400
0.2264 2.8102 -0.0400
-2.1395 4.7400 -0.0400
-2.2096 4.7515 -0.0400
-2.3394 4.8656 -0.0400
-2.4130 4.8610 -0.0400
-2.4833 4.8914 -0.0400
-3.2205 5.9404 -0.0400
-3.3091 5.9070 -0.0400
-3.4988 5.3287 -0.0400
-3.5815 5.3309 -0.0400
-4.0288 3.5639 -0.0400
-4.5591 3.8475 -0.0400
-4.6075 3.8066 -0.0400
-8.6158 0.5779 -0.0400
-8.5946 0.4771 -0.0400
-8.0571 0.3169 -0.0400
-8.0277 0.2272 -0.0400
-6.4278 -0.2737 -0.0400
-3.8110 0.4395 -0.0400
-3.7928 0.4260 -0.0400
-3.7785 0.4117 -0.0400
-3.7673 0.3967 -0.0400
-3.7583 0.3810 -0.0400
-3.7515 0.3645 -0.0400
-3.7461 0.3475 -0.0400
-3.7429 0.3294 -0.0400
-3.7521 0.3056 -0.0400
-3.7582 0.2824 -0.0400
-3.7741 0.2537 -0.0400
-5.9170 -3.2039 -0.0400
-5.8247 -3.2278 -0.0400
-5.7230 -3.2366 -0.0400
-5.6873 -3.3356 -0.0400
-4.6391 -2.2810 -0.0400
-4.5687 -2.2830 -0.0400
-4.5311 -2.3412 -0.0400
-5.3556 -4.0070 -0.0400
-3.3008 -1.2146 -0.0400
-3.2595 -1.1929 -0.0400
-3.2183 -1.1665 -0.0400
-3.1830 -1.1643 -0.0400
-3.1481 -1.1621 -0.0400
-3.1149 -1.1687 -0.0400
-3.0821 -1.1783 -0.0400
-3.0514 -1.2059 -0.0400
-3.0197 -1.2317 -0.0400
-3.2589 -4.2585 -0.0400
-3.1665 -4.1992 -0.0400
-2.2918 -1.9396 -0.0400
-2.2532 -1.8911 -0.0400
-2.2110 -1.8645 -0.0400
-2.1662 -1.8510 -0.0400
-2.1110 -1.8770 -0.0400
-0.5721 -3.4769 -0.0400
-0.4962 -3.4415 -0.0400
-0.3912 -3.4564 -0.0400
-0.3122 -3.4233 -0.0400
1.4480 -1.2422 -0.0400
1.5053 -1.1778 -0.0400
1.6203 -1.1369 -0.0400
1.7191 -1.0860 -0.0400
2.9414 -0.6879 -0.0400
2.9703 -0.5882 -0.0400
1.1444 1.6610 -0.0400
1.1350 1.7319 -0.0400
1.1682 1.8145 -0.0400
-1.0784 1.3395 -0.0400
-1.1311 1.3543 -0.0400
-1.2036 1.3597 -0.0400
-1.2526 1.3722 -0.0400
-1.2800 1.3925 -0.0400
-1.2990 1.4158 -0.0400
-1.3115 1.4419 -0.0400
-1.3181 1.4708 -0.0400
-1.3180 1.5035 -0.0400
0.3930 2.7529 -0.0400
0.2966 2.7689 -0.0400
0.2408 2.8094 -0.0400
-2.1184 4.7699 -0.0400
-2.1935 4.7525 -0.0400
-2.3239 4.8605 -0.0400
-2.3971 4.8578 -0.0400
-2.4675 4.8857 -0.0400
-3.2042 5.9668 -0.0400
-3.4839 5.3482 -0.0400
-3.5613 5.3168 -0.0400
-3.6557 5.3817 -0.0400
-4.5394 3.8450 -0.0400
-4.6022 3.8291 -0.0400
-8.6224 0.5899 -0.0400
-8.0744 0.3264 -0.0400
-8.0242 0.2381 -0.0400
-3.8532 0.4493 -0.0400
-3.8206 0.4389 -0.0400
-3.7995 0.4260 -0.0400
-3.7835 0.4120 -0.0400
-3.7666 0.3986 -0.0400
-3.7593 0.3821 -0.0400
-3.7535 0.3650 -0.0400
-3.7494 0.3472 -0.0400
-3.7482 0.3281 -0.0400
-3.7496 0.3074 -0.0400
-3.7545 0.2847 -0.0400
-3.7660 0.2582 -0.0400
-5.9187 -3.2030 -0.0400
-5.8223 -3.2219 -0.0400
-5.7257 -3.2379 -0.0400
-4.6364 -2.2793 -0.0400
-4.5683 -2.2856 -0.0400
-5.4457 -3.9727 -0.0400
-5.3663 -4.0249 -0.0400
-3.2902 -1.1967 -0.0400
-3.2509 -1.1825 -0.0400
-3.2115 -1.1641 -0.0400
-3.1756 -1.1588 -0.0400
-3.1419 -1.1636 -0.0400
-3.1094 -1.1750 -0.0400
-3.0770 -1.1885 -0.0400
-3.0474 -1.2261 -0.0400
-3.0163 -1.2612 -0.0400
-3.1660 -4.2227 -0.0400
-2.2927 -1.9006 -0.0400
-2.2501 -1.8740 -0.0400
-2.2053 -1.8600 -0.0400
-2.1577 -1.8579 -0.0400
-2.1059 -1.8706 -0.0400
-2.0412 -1.9252 -0.0400
-0.6370 -3.5259 -0.0400
-0.5706 -3.4724 -0.0400
-0.4844 -3.4560 -0.0400
-0.3949 -3.4434 -0.0400
-0.3102 -3.4204 -0.0400
1.4468 -1.2412 -0.0400
1.5839 -1.2126 -0.0400
1.6279 -1.1401 -0.0400
1.8503 -1.1394 -0.0400
2.9291 -0.6878 -0.0400
2.9765 -0.5928 -0.0400
1.2069 1.5970 -0.0400
1.1495 1.6572 -0.0400
1.1289 1.7252 -0.0400
1.1406 1.8016 -0.0400
-1.1092 1.3261 -0.0400
-1.1471 1.3456 -0.0400
-1.1709 1.3693 -0.0400
-1.2406 1.3739 -0.0400
-1.2744 1.3915 -0.0400
-1.2992 1.4121 -0.0400
-1.3087 1.4394 -0.0400
-1.3108 1.4703 -0.0400
-1.3046 1.5060 -0.0400
0.3557 2.7201 -0.0400
0.2742 2.7447 -0.0400
0.2396 2.7987 -0.0400
-2.1083 4.7374 -0.0400
-2.1798 4.7391 -0.0400
-2.3048 4.8871 -0.0400
-2.3814 4.8550 -0.0400
-2.4512 4.8883 -0.0400
-3.0959 5.9980 -0.0400
-3.1818 5.9115 -0.0400
-3.2753 5.9377 -0.0400
-3.4637 5.3314 -0.0400
-3.5466 5.3351 -0.0400
-4.5348 3.8695 -0.0400
-4.5798 3.8224 -0.0400
-8.5948 0.6033 -0.0400
-8.0857 0.3369 -0.0400
-8.0727 0.2447 -0.0400
-3.8377 0.4567 -0.0400
-3.8129 0.4441 -0.0400
-3.7951 0.4301 -0.0400
-3.7812 0.4152 -0.0400
-3.7700 0.3997 -0.0400
-3.7613 0.3835 -0.0400
-3.7545 0.3666 -0.0400
-3.7541 0.3470 -0.0400
-3.7545 0.3269 -0.0400
-3.7582 0.3049 -0.0400
-3.7668 0.2801 -0.0400
-3.7923 0.2461 -0.0400
-5.9145 -3.1937 -0.0400
-5.8035 -3.1937 -0.0400
-5.7300 -3.2403 -0.0400
-4.6263 -2.2645 -0.0400
-4.5733 -2.2962 -0.0400
-5.4422 -3.9632 -0.0400
-5.3705 -4.0296 -0.0400
-3.3262 -1.2158 -0.0400
-3.2844 -1.1960 -0.0400
-3.2420 -1.1697 -0.0400
-3.2045 -1.1597 -0.0400
-3.1695 -1.1590 -0.0400
-3.1361 -1.1652 -0.0400
-3.1039 -1.1793 -0.0400
-3.0735 -1.2074 -0.0400
-3.0418 -1.2321 -0.0400
-3.2501 -4.2075 -0.0400
-2.3262 -1.9463 -0.0400
-2.2864 -1.8990 -0.0400
-2.2437 -1.8728 -0.0400
-2.1989 -1.8586 -0.0400
-2.1460 -1.8783 -0.0400
-2.0847 -1.9253 -0.0400
-0.5695 -3.4670 -0.0400
-0.4737 -3.4683 -0.0400
-0.3807 -3.4614 -0.0400
1.4471 -1.3314 -0.0400
1.4490 -1.2412 -0.0400
1.5862 -1.2130 -0.0400
1.6311 -1.1409 -0.0400
1.8566 -1.1419 -0.0400
2.9176 -0.6875 -0.0400
3.1864 1.0528 -0.0400
1.1709 1.5851 -0.0400
1.1430 1.6513 -0.0400
1.1441 1.7243 -0.0400
1.2169 1.8172 -0.0400
-1.1269 1.3180 -0.0400
-1.1556 1.3402 -0.0400
-1.2139 1.3504 -0.0400
-1.2558 1.3652 -0.0400
-1.2815 1.3857 -0.0400
-1.2992 1.4092 -0.0400
-1.3104 1.4354 -0.0400
-1.3157 1.4645 -0.0400
-1.2828 1.5134 -0.0400
0.3729 2.7222 -0.0400
0.2857 2.7433 -0.0400
0.2692 2.8095 -0.0400
-2.0927 4.7389 -0.0400
-2.1631 4.7478 -0.0400
-2.2923 4.8598 -0.0400
-2.3661 4.8507 -0.0400
-2.4340 4.9045 -0.0400
-3.1645 5.9207 -0.0400
-3.2548 5.9119 -0.0400
-3.4475 5.3400 -0.0400
-3.5267 5.3215 -0.0400
-3.6229 5.3983 -0.0400
-3.7966 3.6447 -0.0400
-8.6041 0.6162 -0.0400
-8.0332 0.3528 -0.0400
-8.0686 0.2568 -0.0400
-6.4743 -0.1953 -0.0400
-3.8522 0.4564 -0.0400
-3.8223 0.4448 -0.0400
-3.8019 0.4312 -0.0400
-3.7800 0.4187 -0.0400
-3.7700 0.4026 -0.0400
-3.7628 0.3856 -0.0400
-3.7572 0.3681 -0.0400
-3.7532 0.3498 -0.0400
-3.7526 0.3299 -0.0400
-3.7544 0.3086 -0.0400
-3.7841 0.2738 -0.0400
-5.9248 -3.2019 -0.0400
-5.8054 -3.1917 -0.0400
-5.7447 -3.2560 -0.0400
-4.7046 -2.2730 -0.0400
-4.6246 -2.2626 -0.0400
-4.5794 -2.3078 -0.0400
-5.4478 -3.9690 -0.0400
-3.3153 -1.1951 -0.0400
-3.2721 -1.1690 -0.0400
-3.2338 -1.1581 -0.0400
-3.1980 -1.1554 -0.0400
-3.1641 -1.1603 -0.0400
-3.1310 -1.1689 -0.0400
-3.0994 -1.1876 -0.0400
-3.0694 -1.2200 -0.0400
-3.0379 -1.2480 -0.0400
-3.2473 -4.1957 -0.0400
-2.3216 -1.9366 -0.0400
-2.2808 -1.8949 -0.0400
-2.2383 -1.8676 -0.0400
-2.1907 -1.8659 -0.0400
-2.1396 -1.8776 -0.0400
-2.0789 -1.9227 -0.0400
-0.6402 -3.5039 -0.0400
-0.5462 -3.5038 -0.0400
-0.4747 -3.4593 -0.0400
-0.3757 -3.4635 -0.0400
-0.2904 -3.4408 -0.0400
1.4181 -1.3157 -0.0400
1.4795 -1.2541 -0.0400
1.5905 -1.2138 -0.0400
1.6460 -1.1464 -0.0400
2.9399 -0.8021 -0.0400
2.9158 -0.6891 -0.0400
3.1788 1.0476 -0.0400
1.2668 1.5280 -0.0400
1.1756 1.5825 -0.0400
1.1429 1.6476 -0.0400
1.1374 1.7187 -0.0400
-1.0655 1.3043 -0.0400
-1.1191 1.3192 -0.0400
-1.1519 1.3399 -0.0400
-1.1869 1.3589 -0.0400
-1.2663 1.3591 -0.0400
-1.2859 1.3818 -0.0400
-1.2993 1.4068 -0.0400
-1.3075 1.4342 -0.0400
-1.3084 1.4652 -0.0400
-1.3004 1.5014 -0.0400
0.4653 2.6938 -0.0400
0.3452 2.6970 -0.0400
0.2770 2.7295 -0.0400
0.2542 2.7909 -0.0400
-2.2769 4.8604 -0.0400
-2.3509 4.8491 -0.0400
-2.4206 4.8802 -0.0400
-3.0609 6.0138 -0.0400
-3.1467 5.9209 -0.0400
-3.4316 5.3505 -0.0400
-3.5158 5.3626 -0.0400
-3.8216 3.6014 -0.0400
-3.8738 3.5890 -0.0400
-3.9285 3.5824 -0.0400
-8.0347 0.3651 -0.0400
-3.8375 0.4647 -0.0400
-3.8148 0.4511 -0.0400
-3.7979 0.4364 -0.0400
-3.7845 0.4209 -0.0400
-3.7736 0.4049 -0.0400
-3.7650 0.3882 -0.0400
-3.7606 0.3699 -0.0400
-3.7585 0.3506 -0.0400
-3.7593 0.3298 -0.0400
-3.7633 0.3073 -0.0400
-3.7730 0.2815 -0.0400
-3.8071 0.2429 -0.0400
-6.0287 -3.1831 -0.0400
-5.9271 -3.1994 -0.0400
-5.8085 -3.1906 -0.0400
-5.7638 -3.2767 -0.0400
-4.6799 -2.2340 -0.0400
-4.6224 -2.2590 -0.0400
-4.5800 -2.3092 -0.0400
-5.4530 -3.9730 -0.0400
-3.3628 -1.2465 -0.0400
-3.3087 -1.1886 -0.0400
-3.2668 -1.1680 -0.0400
-3.2276 -1.1539 -0.0400
-3.1927 -1.1553 -0.0400
-3.1592 -1.1628 -0.0400
-3.1271 -1.1778 -0.0400
-3.0964 -1.2025 -0.0400
-3.0643 -1.2233 -0.0400
-3.0370 -1.2842 -0.0400
-3.3394 -4.2463 -0.0400
-3.2477 -4.2140 -0.0400
-2.3553 -1.9931 -0.0400
-2.3179 -1.9222 -0.0400
-2.2780 -1.8766 -0.0400
-2.2321 -1.8672 -0.0400
-2.1841 -1.8670 -0.0400
-2.1323 -1.8811 -0.0400
-0.6302 -3.5162 -0.0400
-0.5480 -3.4928 -0.0400
-0.4414 -3.5132 -0.0400
-0.3702 -3.4663 -0.0400
1.4151 -1.3123 -0.0400
1.5553 -1.2883 -0.0400
1.5907 -1.2124 -0.0400
1.8128 -1.2170 -0.0400
2.8966 -0.7918 -0.0400
2.9247 -0.6929 -0.0400
3.2010 1.0443 -0.0400
1.2645 1.5246 -0.0400
1.1760 1.5795 -0.0400
1.1509 1.6462 -0.0400
1.1779 1.7252 -0.0400
-1.1046 1.2910 -0.0400
-1.1398 1.3113 -0.0400
-1.1620 1.3353 -0.0400
-1.2293 1.3416 -0.0400
-1.2632 1.3591 -0.0400
-1.2844 1.3809 -0.0400
-1.2998 1.4049 -0.0400
-1.3018 1.4349 -0.0400
-1.2980 1.4681 -0.0400
-1.2722 1.5132 -0.0400
0.3713 2.7059 -0.0400
0.2823 2.7255 -0.0400
-3.0415 5.9806 -0.0400
-3.1284 5.9117 -0.0400
-3.4120 5.3334 -0.0400
-3.4963 5.3488 -0.0400
-3.7716 3.6658 -0.0400
-3.8096 3.6128 -0.0400
-3.8572 3.5884 -0.0400
-3.9122 3.5827 -0.0400
-3.9841 3.6154 -0.0400
-6.4302 -0.1663 -0.0400
-3.8474 0.4669 -0.0400
-3.8223 0.4536 -0.0400
-3.8038 0.4391 -0.0400
-3.7834 0.4256 -0.0400
-3.7741 0.4088 -0.0400
-3.7671 0.3913 -0.0400
-3.7616 0.3733 -0.0400
-3.7579 0.3544 -0.0400
-3.7575 0.3341 -0.0400
-3.7742 0.3057 -0.0400
-3.7917 0.2759 -0.0400
-6.0320 -3.1805 -0.0400
-5.8873 -3.1432 -0.0400
-5.8147 -3.1926 -0.0400
-5.7854 -3.2996 -0.0400
-4.6922 -2.2518 -0.0400
-4.6285 -2.2680 -0.0400
-5.5488 -3.9417 -0.0400
-3.3462 -1.2049 -0.0400
-3.2992 -1.1702 -0.0400
-3.2595 -1.1573 -0.0400
-3.2228 -1.1536 -0.0400
-3.1881 -1.1562 -0.0400
-3.1547 -1.1647 -0.0400
-3.1237 -1.1864 -0.0400
-3.0932 -1.2143 -0.0400
-3.0648 -1.2611 -0.0400
-3.3311 -4.1818 -0.0400
-3.2456 -4.2027 -0.0400
-2.3559 -1.9506 -0.0400
-2.3174 -1.8893 -0.0400
-2.2723 -1.8745 -0.0400
-2.2257 -1.8683 -0.0400
-2.1768 -1.8718 -0.0400
-0.7000 -3.5560 -0.0400
-0.6323 -3.5042 -0.0400
-0.5459 -3.4894 -0.0400
-0.4559 -3.4795 -0.0400
1.3944 -1.3911 -0.0400
1.4176 -1.3112 -0.0400
1.5554 -1.2863 -0.0400
1.5980 -1.2139 -0.0400
1.8539 -1.2335 -0.0400
2.8986 -0.7934 -0.0400
2.9256 -0.6944 -0.0400
3.1763 1.0394 -0.0400
1.2386 1.5173 -0.0400
1.1567 1.5731 -0.0400
1.1514 1.6436 -0.0400
1.1777 1.7222 -0.0400
-1.0406 1.2784 -0.0400
-1.1034 1.2913 -0.0400
-1.1382 1.3116 -0.0400
-1.1613 1.3351 -0.0400
-1.2497 1.3334 -0.0400
-1.2731 1.3545 -0.0400
-1.2895 1.3780 -0.0400
-1.3002 1.4037 -0.0400
-1.3055 1.4319 -0.0400
-1.3048 1.4633 -0.0400
-1.2924 1.5012 -0.0400
0.4345 2.6620 -0.0400
0.3383 2.6790 -0.0400
0.2815 2.7182 -0.0400
0.2657 2.7837 -0.0400
-3.1107 5.9049 -0.0400
-3.3951 5.3339 -0.0400
-3.4794 5.3496 -0.0400
-3.7934 3.6122 -0.0400
-3.8440 3.5961 -0.0400
-3.8999 3.5926 -0.0400
-3.9553 3.5867 -0.0400
-6.4336 -0.1574 -0.0400
-3.8562 0.4700 -0.0400
-3.8288 0.4570 -0.0400
-3.7997 0.4454 -0.0400
-3.7875 0.4291 -0.0400
-3.7772 0.4125 -0.0400
-3.7694 0.3950 -0.0400
-3.7658 0.3761 -0.0400
-3.7640 0.3562 -0.0400
-3.7652 0.3348 -0.0400
-3.7697 0.3117 -0.0400
-3.7803 0.2851 -0.0400
-6.0061 -3.1419 -0.0400
-5.8945 -3.1451 -0.0400
-5.8199 -3.1923 -0.0400
-5.8048 -3.3187 -0.0400
-4.6861 -2.2401 -0.0400
-4.6385 -2.2822 -0.0400
-5.5435 -3.9254 -0.0400
-5.4675 -3.9852 -0.0400
-3.3915 -1.2400 -0.0400
-3.3406 -1.1989 -0.0400
-3.2938 -1.1653 -0.0400
-3.2544 -1.1536 -0.0400
-3.2182 -1.1521 -0.0400
-3.1841 -1.1581 -0.0400
-3.1514 -1.1711 -0.0400
-3.1201 -1.1918 -0.0400
-3.0898 -1.2218 -0.0400
-3.0613 -1.2691 -0.0400
-3.3303 -4.1803 -0.0400
-2.3965 -1.9692 -0.0400
-2.3548 -1.9206 -0.0400
-2.3111 -1.8929 -0.0400
-2.2665 -1.8742 -0.0400
-2.2188 -1.8728 -0.0400
-2.1600 -1.9211 -0.0400
-0.7060 -3.5354 -0.0400
-0.6168 -3.5276 -0.0400
-0.5360 -3.5012 -0.0400
-0.4431 -3.4959 -0.0400
1.3826 -1.3823 -0.0400
1.4414 -1.3205 -0.0400
1.5579 -1.2852 -0.0400
1.6603 -1.2401 -0.0400
2.9093 -0.9042 -0.0400
2.8887 -0.7914 -0.0400
2.9409 -0.6991 -0.0400
3.2089 0.9331 -0.0400
3.1750 1.0360 -0.0400
1.2100 1.5102 -0.0400
1.1556 1.5710 -0.0400
1.1558 1.6425 -0.0400
1.1917 1.7233 -0.0400
-1.0492 1.2764 -0.0400
-1.1064 1.2908 -0.0400
-1.1527 1.3071 -0.0400
-1.2141 1.3165 -0.0400
-1.2492 1.3338 -0.0400
-1.2728 1.3546 -0.0400
-1.2898 1.3776 -0.0400
-1.2971 1.4046 -0.0400
-1.2976 1.4349 -0.0400
-1.2898 1.4697 -0.0400
0.4009 2.6364 -0.0400
0.3204 2.6621 -0.0400
0.2890 2.7169 -0.0400
-3.0064 5.9652 -0.0400
-3.0939 5.9079 -0.0400
-3.3062 5.4088 -0.0400
-3.3791 5.3390 -0.0400
-3.4651 5.3662 -0.0400
-3.7404 3.6672 -0.0400
-3.7807 3.6211 -0.0400
-3.8286 3.5977 -0.0400
-3.8831 3.5913 -0.0400
-3.9508 3.6147 -0.0400
-4.4701 3.8853 -0.0400
-4.5317 3.8675 -0.0400
-6.4329 -0.1470 -0.0400
-3.8616 0.4745 -0.0400
-3.8193 0.4655 -0.0400
-3.8039 0.4497 -0.0400
-3.7913 0.4333 -0.0400
-3.7807 0.4165 -0.0400
-3.7722 0.3992 -0.0400
-3.7673 0.3805 -0.0400
-3.7645 0.3608 -0.0400
-3.7643 0.3399 -0.0400
-3.7827 0.3104 -0.0400
-3.8039 0.2784 -0.0400
-6.0137 -3.1426 -0.0400
-5.9068 -3.1524 -0.0400
-5.8640 -3.2412 -0.0400
-4.6810 -2.2290 -0.0400
-4.6485 -2.2952 -0.0400
-5.5458 -3.9209 -0.0400
-5.4900 -4.0161 -0.0400
-3.3759 -1.2012 -0.0400
-3.3315 -1.1799 -0.0400
-3.2874 -1.1553 -0.0400
-3.2493 -1.1486 -0.0400
-3.2146 -1.1534 -0.0400
-3.1807 -1.1608 -0.0400
-3.1486 -1.1770 -0.0400
-3.1181 -1.2034 -0.0400
-3.0894 -1.2446 -0.0400
-3.3302 -4.1813 -0.0400
-2.3920 -1.9641 -0.0400
-2.3524 -1.9002 -0.0400
-2.3073 -1.8830 -0.0400
-2.2602 -1.8784 -0.0400
-2.2108 -1.8846 -0.0400
-2.1580 -1.9040 -0.0400
-0.7037 -3.5326 -0.0400
-0.6125 -3.5290 -0.0400
-0.5355 -3.4948 -0.0400
-0.4256 -3.5215 -0.0400
1.3906 -1.3834 -0.0400
1.5299 -1.3619 -0.0400
1.5631 -1.2851 -0.0400
1.8224 -1.3119 -0.0400
2.8726 -0.8935 -0.0400
2.8871 -0.7912 -0.0400
3.1739 0.9295 -0.0400
3.1974 1.0342 -0.0400
1.2456 1.4436 -0.0400
1.1850 1.5043 -0.0400
1.1560 1.5697 -0.0400
1.1698 1.6440 -0.0400
-1.0702 1.2714 -0.0400
-1.1359 1.2826 -0.0400
-1.1561 1.3069 -0.0400
-1.2188 1.3157 -0.0400
-1.2518 1.3335 -0.0400
-1.2806 1.3520 -0.0400
-1.2918 1.3772 -0.0400
-1.2991 1.4039 -0.0400
-1.3004 1.4336 -0.0400
-1.2949 1.4669 -0.0400
0.4149 2.6397 -0.0400
0.3301 2.6629 -0.0400
0.2853 2.7092 -0.0400
-3.3619 5.3330 -0.0400
-3.4438 5.3357 -0.0400
-3.7319 3.6880 -0.0400
-3.7687 3.6313 -0.0400
-3.8166 3.6079 -0.0400
-3.8718 3.6030 -0.0400
-3.9277 3.5986 -0.0400
-4.4651 3.9095 -0.0400
-4.5098 3.8615 -0.0400
-3.8223 0.4710 -0.0400
-3.8071 0.4549 -0.0400
-3.7945 0.4383 -0.0400
-3.7816 0.4221 -0.0400
-3.7749 0.4039 -0.0400
-3.7695 0.3852 -0.0400
-3.7657 0.3658 -0.0400
-3.7741 0.3411 -0.0400
-3.7798 0.3168 -0.0400
-3.7935 0.2883 -0.0400
-6.0952 -3.0909 -0.0400
-5.9951 -3.1112 -0.0400
-5.9009 -3.1362 -0.0400
-5.8528 -3.2179 -0.0400
-4.7434 -2.2051 -0.0400
-4.6837 -2.2288 -0.0400
-4.6527 -2.2979 -0.0400
-5.5511 -3.9205 -0.0400
-3.3707 -1.1932 -0.0400
-3.3269 -1.1740 -0.0400
-3.2834 -1.1518 -0.0400
-3.2458 -1.1473 -0.0400
-3.2114 -1.1538 -0.0400
-3.1783 -1.1656 -0.0400
-3.1474 -1.1888 -0.0400
-3.1154 -1.2090 -0.0400
-3.0882 -1.2594 -0.0400
-3.4205 -4.1933 -0.0400
-3.3335 -4.2066 -0.0400
-2.4308 -2.0112 -0.0400
-2.3896 -1.9442 -0.0400
-2.3480 -1.8958 -0.0400
-2.3024 -1.8809 -0.0400
-2.2548 -1.8788 -0.0400
-2.2002 -1.9113 -0.0400
-2.1363 -1.9796 -0.0400
-0.7569 -3.6100 -0.0400
-0.7010 -3.5309 -0.0400
-0.6089 -3.5290 -0.0400
-0.5113 -3.5350 -0.0400
-0.4287 -3.5092 -0.0400
1.4036 -1.4801 -0.0400
1.4078 -1.3891 -0.0400
1.5254 -1.3566 -0.0400
1.5781 -1.2895 -0.0400
1.7835 -1.2917 -0.0400
2.8652 -0.8912 -0.0400
2.8904 -0.7920 -0.0400
3.1709 0.9273 -0.0400
1.2472 1.4432 -0.0400
1.1696 1.5007 -0.0400
1.1555 1.5688 -0.0400
1.2082 1.6515 -0.0400
-1.0355 1.2513 -0.0400
-1.0953 1.2658 -0.0400
-1.1423 1.2823 -0.0400
-1.1721 1.3031 -0.0400
-1.2287 1.3137 -0.0400
-1.2679 1.3288 -0.0400
-1.2830 1.3523 -0.0400
-1.2933 1.3775 -0.0400
-1.3001 1.4043 -0.0400
-1.2852 1.4411 -0.0400
-1.2570 1.4854 -0.0400
0.4683 2.5922 -0.0400
0.3765 2.6129 -0.0400
0.3187 2.6515 -0.0400
0.2994 2.7134 -0.0400
-3.3457 5.3319 -0.0400
-3.4337 5.3762 -0.0400
-3.7202 3.6990 -0.0400
-3.7508 3.6245 -0.0400
-3.8010 3.6080 -0.0400
-3.8577 3.6074 -0.0400
-3.9102 3.5952 -0.0400
-4.4423 3.9008 -0.0400
-4.5015 3.8790 -0.0400
-3.7757 0.4121 -0.0400
-3.7686 0.3939 -0.0400
-3.7627 0.3751 -0.0400
-3.7641 0.3532 -0.0400
-3.7648 0.3313 -0.0400
-3.7687 0.3075 -0.0400
-3.7784 0.2804 -0.0400
-6.0737 -3.1913 -0.0400
-5.9541 -3.1884 -0.0400
-5.8444 -3.1939 -0.0400
-4.6987 -2.2448 -0.0400
-4.6323 -2.2582 -0.0400
-5.5586 -3.9189 -0.0400
-3.3240 -1.1744 -0.0400
-3.2833 -1.1629 -0.0400
-3.2454 -1.1591 -0.0400
-3.2078 -1.1542 -0.0400
-3.1732 -1.1608 -0.0400
-3.1404 -1.1748 -0.0400
-3.1100 -1.2033 -0.0400
-3.0783 -1.2280 -0.0400
-3.0551 -1.3111 -0.0400
-3.3339 -4.2014 -0.0400
-3.2479 -4.2247 -0.0400
-2.3757 -2.0081 -0.0400
-2.3394 -1.9122 -0.0400
-2.2961 -1.8807 -0.0400
-2.2495 -1.8722 -0.0400
-2.2012 -1.8722 -0.0400
-2.1444 -1.9104 -0.0400
-0.6886 -3.5481 -0.0400
-0.6084 -3.5212 -0.0400
-0.5301 -3.4895 -0.0400
-0.4338 -3.4911 -0.0400
-0.3512 -3.4648 -0.0400
1.3910 -1.3756 -0.0400
1.4660 -1.3223 -0.0400
1.5666 -1.2797 -0.0400
1.6339 -1.2190 -0.0400
2.8978 -0.7935 -0.0400
2.9716 -0.7073 -0.0400
3.1707 1.0283 -0.0400
1.2150 1.5089 -0.0400
1.1570 1.5687 -0.0400
1.1441 1.6368 -0.0400
1.1917 1.7192 -0.0400
-1.0871 1.2714 -0.0400
-1.1201 1.2924 -0.0400
-1.1471 1.3144 -0.0400
-1.2158 1.3210 -0.0400
-1.2485 1.3387 -0.0400
-1.2788 1.3564 -0.0400
-1.2923 1.3802 -0.0400
-1.3025 1.4053 -0.0400
-1.2981 1.4370 -0.0400
-1.2925 1.4699 -0.0400
-1.2562 1.5188 -0.0400
0.4616 2.6582 -0.0400
0.3618 2.6729 -0.0400
0.2910 2.7029 -0.0400
-0.9952 5.4069 -0.0400
-3.7511 3.6825 -0.0400
-3.7825 3.6135 -0.0400
-3.8322 3.5957 -0.0400
-3.8881 3.5925 -0.0400
-3.9549 3.6129 -0.0400
-4.4841 3.8909 -0.0400
-4.5319 3.8491 -0.0400
-3.7768 0.3739 -0.0400
-3.7775 0.3520 -0.0400
-3.7810 0.3284 -0.0400
-3.8284 0.2841 -0.0400
-6.1009 -3.0764 -0.0400
-5.9960 -3.0916 -0.0400
-5.9138 -3.1316 -0.0400
-4.7432 -2.1928 -0.0400
-4.6982 -2.2395 -0.0400
-5.6519 -3.8787 -0.0400
-5.5746 -3.9377 -0.0400
-3.4151 -1.2201 -0.0400
-3.3626 -1.1797 -0.0400
-3.3145 -1.1470 -0.0400
-3.2773 -1.1467 -0.0400
-3.2411 -1.1482 -0.0400
-3.2073 -1.1584 -0.0400
-3.1743 -1.1723 -0.0400
-3.1450 -1.2046 -0.0400
-3.1141 -1.2335 -0.0400
-3.4201 -4.1755 -0.0400
-2.4299 -1.9406 -0.0400
-2.3861 -1.9021 -0.0400
-2.3402 -1.8867 -0.0400
-2.2929 -1.8820 -0.0400
-2.2422 -1.8959 -0.0400
-2.1806 -1.9620 -0.0400
-0.7684 -3.5708 -0.0400
-0.6843 -3.5530 -0.0400
-0.6009 -3.5322 -0.0400
-0.5084 -3.5278 -0.0400
1.3529 -1.5387 -0.0400
1.3533 -1.4452 -0.0400
1.4365 -1.3972 -0.0400
1.5312 -1.3529 -0.0400
2.8541 -0.9935 -0.0400
2.8590 -0.8880 -0.0400
3.1738 0.9243 -0.0400
1.1963 1.4352 -0.0400
1.1647 1.5000 -0.0400
1.1607 1.5696 -0.0400
1.2440 1.6585 -0.0400
-1.0906 1.2416 -0.0400
-1.1350 1.2594 -0.0400
-1.1528 1.2841 -0.0400
-1.2322 1.2881 -0.0400
-1.2548 1.3092 -0.0400
-1.2724 1.3316 -0.0400
-1.2870 1.3548 -0.0400
-1.2945 1.3808 -0.0400
-1.2862 1.4137 -0.0400
-1.2764 1.4480 -0.0400
0.4928 2.5998 -0.0400
0.3539 2.5932 -0.0400
0.3236 2.6477 -0.0400
0.3462 2.7357 -0.0400
-0.8303 5.3351 -0.0400
-0.9048 5.3805 -0.0400
-3.6853 3.6846 -0.0400
-3.7263 3.6408 -0.0400
-3.7735 3.6162 -0.0400
-3.8298 3.6155 -0.0400
-3.8946 3.6331 -0.0400
-4.4276 3.9393 -0.0400
-4.4795 3.9039 -0.0400
-3.8310 0.2898 -0.0400
-6.1079 -3.0726 -0.0400
-5.9888 -3.0715 -0.0400
-5.9372 -3.1488 -0.0400
-4.7513 -2.1973 -0.0400
-5.7633 -3.8601 -0.0400
-5.6551 -3.8713 -0.0400
-3.4072 -1.1999 -0.0400
-3.3583 -1.1698 -0.0400
-3.3118 -1.1426 -0.0400
-3.2752 -1.1444 -0.0400
-3.2398 -1.1499 -0.0400
-3.2067 -1.1635 -0.0400
-3.1744 -1.1812 -0.0400
-3.1475 -1.2260 -0.0400
-3.1191 -1.2701 -0.0400
-3.4220 -4.1759 -0.0400
-2.4264 -1.9383 -0.0400
-2.3829 -1.8964 -0.0400
-2.3361 -1.8874 -0.0400
-2.2868 -1.8941 -0.0400
-2.2324 -1.9276 -0.0400
-0.8379 -3.6152 -0.0400
-0.7703 -3.5604 -0.0400
-0.6816 -3.5527 -0.0400
-0.5857 -3.5575 -0.0400
1.3555 -1.4424 -0.0400
1.4956 -1.4247 -0.0400
1.5721 -1.3701 -0.0400
2.8375 -0.9871 -0.0400
2.8651 -0.8888 -0.0400
3.2137 0.8204 -0.0400
1.2904 1.3797 -0.0400
1.1890 1.4349 -0.0400
1.1636 1.5006 -0.0400
1.1802 1.5741 -0.0400
-1.1042 1.2415 -0.0400
-1.1413 1.2611 -0.0400
-1.1582 1.2858 -0.0400
-1.2371 1.2898 -0.0400
-1.2657 1.3086 -0.0400
-1.2792 1.3321 -0.0400
-1.2876 1.3575 -0.0400
-1.2917 1.3847 -0.0400
-1.2929 1.4133 -0.0400
-1.2564 1.4593 -0.0400
0.4170 2.5552 -0.0400
0.3522 2.5900 -0.0400
0.3234 2.6451 -0.0400
0.3394 2.7286 -0.0400
-0.8185 5.3354 -0.0400
-0.8961 5.3727 -0.0400
-3.6791 3.7095 -0.0400
-3.7107 3.6380 -0.0400
-3.7589 3.6169 -0.0400
-3.8166 3.6203 -0.0400
-3.8696 3.6099 -0.0400
-4.3997 3.9201 -0.0400
-4.4603 3.9013 -0.0400
-6.1128 -3.0654 -0.0400
-6.0022 -3.0747 -0.0400
-5.9277 -3.1247 -0.0400
-4.8206 -2.1767 -0.0400
-4.7515 -2.1892 -0.0400
-4.7184 -2.2547 -0.0400
-5.6602 -3.8658 -0.0400
-3.4050 -1.1944 -0.0400
-3.3491 -1.1437 -0.0400
-3.3106 -1.1413 -0.0400
-3.2741 -1.1439 -0.0400
-3.2390 -1.1510 -0.0400
-3.2067 -1.1687 -0.0400
-3.1749 -1.1897 -0.0400
-3.1440 -1.2174 -0.0400
-3.5121 -4.1664 -0.0400
-3.4286 -4.2060 -0.0400
-2.4691 -1.9699 -0.0400
-2.4253 -1.9176 -0.0400
-2.3796 -1.8950 -0.0400
-2.3323 -1.8880 -0.0400
-2.2830 -1.8949 -0.0400
-2.2222 -1.9643 -0.0400
-0.8457 -3.5910 -0.0400
-0.7591 -3.5800 -0.0400
-0.6728 -3.5663 -0.0400
-0.5810 -3.5618 -0.0400
-0.4963 -3.5407 -0.0400
1.3197 -1.5114 -0.0400
1.3768 -1.4501 -0.0400
1.4982 -1.4222 -0.0400
1.5648 -1.3627 -0.0400
1.7863 -1.3775 -0.0400
2.8326 -0.9841 -0.0400
2.8737 -0.8901 -0.0400
3.1702 0.8199 -0.0400
1.2216 1.3713 -0.0400
1.1772 1.4344 -0.0400
1.1665 1.5024 -0.0400
1.1951 1.5781 -0.0400
-1.0801 1.2217 -0.0400
-1.1250 1.2400 -0.0400
-1.1511 1.2622 -0.0400
-1.2033 1.2757 -0.0400
-1.2474 1.2902 -0.0400
-1.2700 1.3108 -0.0400
-1.2821 1.3346 -0.0400
-1.2892 1.3603 -0.0400
-1.2848 1.3907 -0.0400
-1.2810 1.4215 -0.0400
0.4002 2.5444 -0.0400
0.3501 2.5872 -0.0400
0.3262 2.6450 -0.0400
-0.8913 5.3567 -0.0400
-1.8967 4.7034 -0.0400
-1.9692 4.6943 -0.0400
-3.6979 3.6426 -0.0400
-3.7464 3.6225 -0.0400
-3.8010 3.6181 -0.0400
-3.8605 3.6243 -0.0400
-4.3860 3.9266 -0.0400
-4.4458 3.9067 -0.0400
-8.6071 0.9808 -0.0400
-8.5914 0.8772 -0.0400
-6.1963 -3.0093 -0.0400
-6.0968 -3.0337 -0.0400
-6.0027 -3.0619 -0.0400
-5.9616 -3.1526 -0.0400
-4.8108 -2.1533 -0.0400
-4.7623 -2.1955 -0.0400
-5.7612 -3.8285 -0.0400
-5.6752 -3.8748 -0.0400
-3.4422 -1.1862 -0.0400
-3.3920 -1.1562 -0.0400
-3.3493 -1.1442 -0.0400
-3.3106 -1.1417 -0.0400
-3.2739 -1.1446 -0.0400
-3.2396 -1.1551 -0.0400
-3.2070 -1.1725 -0.0400
-3.1755 -1.1960 -0.0400
-3.1454 -1.2281 -0.0400
-3.5231 -4.2153 -0.0400
-2.4675 -1.9572 -0.0400
-2.4231 -1.9108 -0.0400
-2.3767 -1.8937 -0.0400
-2.3283 -1.8943 -0.0400
-2.2767 -1.9143 -0.0400
-2.2126 -2.0007 -0.0400
-0.8442 -3.5898 -0.0400
-0.7568 -3.5804 -0.0400
-0.6724 -3.5624 -0.0400
-0.5751 -3.5694 -0.0400
1.3271 -1.5115 -0.0400
1.4632 -1.4941 -0.0400
1.5167 -1.4282 -0.0400
1.7273 -1.4421 -0.0400
2.8322 -0.9824 -0.0400
3.1848 0.8198 -0.0400
1.2219 1.3732 -0.0400
1.1753 1.4359 -0.0400
1.1677 1.5043 -0.0400
-1.0367 1.2064 -0.0400
-1.0999 1.2214 -0.0400
-1.1346 1.2419 -0.0400
-1.1666 1.2622 -0.0400
-1.2313 1.2716 -0.0400
-1.2589 1.2908 -0.0400
-1.2754 1.3131 -0.0400
-1.2848 1.3377 -0.0400
-1.2890 1.3643 -0.0400
-1.2826 1.3954 -0.0400
-1.2773 1.4267 -0.0400
0.4987 2.5258 -0.0400
0.4256 2.5577 -0.0400
0.3492 2.5858 -0.0400
0.3358 2.6496 -0.0400
-0.8064 5.3130 -0.0400
-1.8882 4.6941 -0.0400
-1.9589 4.6928 -0.0400
-2.0765 4.8347 -0.0400
-2.1503 4.8190 -0.0400
-3.8451 3.6225 -0.0400
-4.3806 3.9481 -0.0400
-4.4353 3.9185 -0.0400
-8.0995 0.7006 -0.0400
-8.0528 0.6078 -0.0400
-6.2306 -3.0324 -0.0400
-6.1268 -3.0533 -0.0400
-6.0107 -3.0571 -0.0400
-4.8251 -2.1628 -0.0400
-4.7625 -2.1853 -0.0400
-5.7892 -3.8551 -0.0400
-3.4490 -1.2015 -0.0400
-3.3949 -1.1621 -0.0400
-3.3510 -1.1473 -0.0400
-3.3090 -1.1354 -0.0400
-3.2737 -1.1433 -0.0400
-3.2399 -1.1563 -0.0400
-3.2073 -1.1745 -0.0400
-3.1760 -1.1994 -0.0400
-3.1575 -1.2857 -0.0400
-3.5205 -4.1778 -0.0400
-2.4672 -1.9338 -0.0400
-2.4214 -1.9026 -0.0400
-2.3740 -1.8941 -0.0400
-2.3250 -1.8983 -0.0400
-2.2715 -1.9294 -0.0400
-0.9070 -3.6547 -0.0400
-0.8404 -3.5948 -0.0400
-0.7552 -3.5801 -0.0400
-0.6652 -3.5739 -0.0400
-0.5715 -3.5730 -0.0400
1.3021 -1.5873 -0.0400
1.3236 -1.5052 -0.0400
1.4709 -1.4944 -0.0400
1.5084 -1.4198 -0.0400
1.7142 -1.4317 -0.0400
2.8021 -1.0780 -0.0400
2.8452 -0.9850 -0.0400
3.1804 0.7172 -0.0400
3.1939 0.8200 -0.0400
1.2703 1.3116 -0.0400
1.1897 1.3709 -0.0400
1.1722 1.4376 -0.0400
1.1774 1.5080 -0.0400
-1.0605 1.2061 -0.0400
-1.1244 1.2204 -0.0400
-1.1464 1.2438 -0.0400
-1.2087 1.2551 -0.0400
-1.2434 1.2728 -0.0400
-1.2648 1.2937 -0.0400
-1.2786 1.3167 -0.0400
-1.2858 1.3420 -0.0400
-1.2853 1.3702 -0.0400
-1.2732 1.4035 -0.0400
-1.2609 1.4378 -0.0400
0.4575 2.5038 -0.0400
0.3880 2.5367 -0.0400
0.3561 2.5894 -0.0400
0.3784 2.6746 -0.0400
-0.7962 5.3139 -0.0400
-1.8787 4.6925 -0.0400
-1.9413 4.7324 -0.0400
-2.0673 4.8265 -0.0400
-2.1401 4.8165 -0.0400
-2.2008 4.9010 -0.0400
-4.3608 3.9421 -0.0400
-4.4143 3.9112 -0.0400
-8.6066 1.0173 -0.0400
-8.6063 0.9136 -0.0400
-8.0597 0.6247 -0.0400
-6.2025 -2.9865 -0.0400
-6.0934 -3.0005 -0.0400
-6.0172 -3.0496 -0.0400
-4.8210 -2.1455 -0.0400
-4.7775 -2.1956 -0.0400
-5.7690 -3.8079 -0.0400
-5.7015 -3.8837 -0.0400
-3.4353 -1.1601 -0.0400
-3.3888 -1.1407 -0.0400
-3.3482 -1.1356 -0.0400
-3.3105 -1.1372 -0.0400
-3.2748 -1.1443 -0.0400
-3.2405 -1.1566 -0.0400
-3.2118 -1.1904 -0.0400
-3.1827 -1.2266 -0.0400
-3.1584 -1.2889 -0.0400
-3.5282 -4.1994 -0.0400
-2.5076 -2.0401 -0.0400
-2.4660 -1.9264 -0.0400
-2.4196 -1.9008 -0.0400
-2.3717 -1.8959 -0.0400
-2.3210 -1.9115 -0.0400
-2.2612 -1.9815 -0.0400
-0.9197 -3.6198 -0.0400
-0.8307 -3.6151 -0.0400
-0.7554 -3.5765 -0.0400
-0.6543 -3.5945 -0.0400
-0.5539 -3.6064 -0.0400
1.2819 -1.5707 -0.0400
1.3919 -1.5408 -0.0400
1.4643 -1.4866 -0.0400
1.5655 -1.4465 -0.0400
2.8084 -1.0783 -0.0400
2.8391 -0.9811 -0.0400
3.1819 0.7178 -0.0400
1.2269 1.3091 -0.0400
1.1908 1.3738 -0.0400
1.1748 1.4406 -0.0400
1.2171 1.5173 -0.0400
-1.0913 1.2046 -0.0400
-1.1297 1.2247 -0.0400
-1.1518 1.2479 -0.0400
-1.2216 1.2569 -0.0400
-1.2571 1.2740 -0.0400
-1.2721 1.2967 -0.0400
-1.2816 1.3209 -0.0400
-1.2859 1.3470 -0.0400
-1.2838 1.3757 -0.0400
-1.2693 1.4098 -0.0400
0.4479 2.4993 -0.0400
0.3834 2.5345 -0.0400
0.3539 2.5884 -0.0400
-0.7880 5.3115 -0.0400
-1.8732 4.6742 -0.0400
-1.9339 4.7217 -0.0400
-2.0575 4.8257 -0.0400
-2.1288 4.8255 -0.0400
-4.3493 3.9510 -0.0400
-4.4097 3.9327 -0.0400
-8.5985 1.1331 -0.0400
-8.6280 1.0304 -0.0400
-8.1037 0.8245 -0.0400
-8.0621 0.7305 -0.0400
-6.2782 -2.9235 -0.0400
-6.1753 -2.9463 -0.0400
-6.0916 -2.9880 -0.0400
-4.8836 -2.1139 -0.0400
-4.8292 -2.1487 -0.0400
-5.8558 -3.7503 -0.0400
-3.4797 -1.1665 -0.0400
-3.4296 -1.1411 -0.0400
-3.3828 -1.1203 -0.0400
-3.3464 -1.1268 -0.0400
-3.3120 -1.1388 -0.0400
-3.2793 -1.1567 -0.0400
-3.2482 -1.1814 -0.0400
-3.2192 -1.2164 -0.0400
-3.1948 -1.2746 -0.0400
-3.7044 -4.1522 -0.0400
-3.6199 -4.1862 -0.0400
-2.5608 -1.9662 -0.0400
-2.5134 -1.9335 -0.0400
-2.4664 -1.9086 -0.0400
-2.4180 -1.9063 -0.0400
-2.3666 -1.9302 -0.0400
-0.9971 -3.6512 -0.0400
-0.9101 -3.6426 -0.0400
-0.8214 -3.6360 -0.0400
-0.7300 -3.6330 -0.0400
1.2422 -1.6389 -0.0400
1.3028 -1.5805 -0.0400
1.4240 -1.5568 -0.0400
2.7508 -1.2731 -0.0400
2.7658 -1.1698 -0.0400
3.1704 0.6161 -0.0400
1.2193 1.2411 -0.0400
1.1915 1.3069 -0.0400
1.1902 1.3756 -0.0400
-1.0649 1.1555 -0.0400
-1.1146 1.1746 -0.0400
-1.1403 1.1975 -0.0400
-1.1896 1.2139 -0.0400
-1.2325 1.2304 -0.0400
-1.2554 1.2512 -0.0400
-1.2691 1.2742 -0.0400
-1.2775 1.2987 -0.0400
-1.2747 1.3270 -0.0400
-1.2674 1.3573 -0.0400
-1.2406 1.3956 -0.0400
0.5452 2.4093 -0.0400
0.4449 2.4290 -0.0400
0.4015 2.4754 -0.0400
0.3871 2.5372 -0.0400
-0.7099 5.2651 -0.0400
-1.7199 4.6994 -0.0400
-1.8016 4.6547 -0.0400
-1.8644 4.6880 -0.0400
-1.9860 4.7894 -0.0400
-2.0540 4.8079 -0.0400
-8.6034 1.0548 -0.0400
-8.6416 0.9516 -0.0400
-8.0901 0.7537 -0.0400
-8.0621 0.6599 -0.0400
-6.4873 0.0396 -0.0400
-6.2204 -2.9731 -0.0400
-6.1189 -2.9965 -0.0400
-6.0532 -3.0588 -0.0400
-4.8978 -2.1152 -0.0400
-4.8339 -2.1376 -0.0400
-4.8042 -2.2083 -0.0400
-5.7815 -3.7905 -0.0400
-3.4943 -1.1929 -0.0400
-3.4369 -1.1504 -0.0400
-3.3916 -1.1355 -0.0400
-3.3514 -1.1326 -0.0400
-3.3140 -1.1363 -0.0400
-3.2785 -1.1457 -0.0400
-3.2482 -1.1733 -0.0400
-3.2184 -1.2054 -0.0400
-3.1921 -1.2556 -0.0400
-3.6317 -4.2112 -0.0400
-3.5353 -4.1830 -0.0400
-2.5121 -1.9389 -0.0400
-2.4647 -1.9154 -0.0400
-2.4169 -1.9036 -0.0400
-2.3675 -1.9081 -0.0400
-2.3164 -1.9229 -0.0400
-0.9875 -3.6762 -0.0400
-0.9182 -3.6209 -0.0400
-0.8327 -3.6072 -0.0400
-0.7458 -3.5948 -0.0400
-0.6452 -3.6109 -0.0400
1.2478 -1.6367 -0.0400
1.2951 -1.5702 -0.0400
1.4277 -1.5536 -0.0400
1.4830 -1.4891 -0.0400
1.6908 -1.5066 -0.0400
2.8179 -1.1864 -0.0400
2.7996 -1.0712 -0.0400
2.8754 -0.9893 -0.0400
1.2896 1.2526 -0.0400
1.2132 1.3139 -0.0400
1.1805 1.3787 -0.0400
1.1855 1.4484 -0.0400
-1.0946 1.1873 -0.0400
-1.1326 1.2077 -0.0400
-1.1482 1.2325 -0.0400
-1.2260 1.2406 -0.0400
-1.2540 1.2600 -0.0400
-1.2693 1.2824 -0.0400
-1.2778 1.3067 -0.0400
-1.2827 1.3322 -0.0400
-1.2810 1.3602 -0.0400
-1.2696 1.3922 -0.0400
0.4997 2.4588 -0.0400
0.4141 2.4841 -0.0400
0.3719 2.5307 -0.0400
0.3888 2.6104 -0.0400
-0.6897 5.2864 -0.0400
-0.7699 5.3149 -0.0400
-1.8559 4.6763 -0.0400
-1.9651 4.8417 -0.0400
-2.0426 4.8050 -0.0400
-2.1117 4.8162 -0.0400
-2.1736 4.8843 -0.0400
-2.7567 5.9921 -0.0400
-2.8443 5.9239 -0.0400
-8.6116 1.1718 -0.0400
-8.6286 1.0683 -0.0400
-8.0962 0.8605 -0.0400
-8.0690 0.7661 -0.0400
-6.5120 0.1144 -0.0400
-6.5003 0.0469 -0.0400
-3.9161 0.5553 -0.0400
-6.2934 -2.9056 -0.0400
-6.1730 -2.9103 -0.0400
-6.1282 -2.9953 -0.0400
-4.9644 -2.0856 -0.0400
-4.8928 -2.0991 -0.0400
-4.8528 -2.1544 -0.0400
-5.8893 -3.7614 -0.0400
-3.4685 -1.1222 -0.0400
-3.4263 -1.1165 -0.0400
-3.3877 -1.1188 -0.0400
-3.3515 -1.1271 -0.0400
-3.3173 -1.1411 -0.0400
-3.2849 -1.1616 -0.0400
-3.2545 -1.1904 -0.0400
-3.2271 -1.2333 -0.0400
-3.7136 -4.1417 -0.0400
-2.5614 -1.9354 -0.0400
-2.5132 -1.9175 -0.0400
-2.4648 -1.9107 -0.0400
-2.4140 -1.9298 -0.0400
-2.3612 -1.9599 -0.0400
-1.0713 -3.6939 -0.0400
-0.9899 -3.6701 -0.0400
-0.9084 -3.6460 -0.0400
-0.8097 -3.6630 -0.0400
-0.7192 -3.6561 -0.0400
1.2075 -1.7049 -0.0400
1.2494 -1.6350 -0.0400
1.3888 -1.6249 -0.0400
1.5950 -1.6496 -0.0400
2.7330 -1.2620 -0.0400
2.7829 -1.1721 -0.0400
3.1717 0.5158 -0.0400
1.2383 1.1809 -0.0400
1.2006 1.2463 -0.0400
1.1984 1.3146 -0.0400
1.2290 1.3876 -0.0400
-1.0742 1.1379 -0.0400
-1.1026 1.1615 -0.0400
-1.1362 1.1832 -0.0400
-1.1905 1.1992 -0.0400
-1.2355 1.2157 -0.0400
-1.2563 1.2371 -0.0400
-1.2661 1.2610 -0.0400
-1.2723 1.2859 -0.0400
-1.2702 1.3135 -0.0400
-1.2573 1.3450 -0.0400
-1.2464 1.3767 -0.0400
0.4986 2.3907 -0.0400
0.4269 2.4236 -0.0400
0.3993 2.4778 -0.0400
-0.6217 5.2215 -0.0400
-1.7151 4.6564 -0.0400
-1.7870 4.6495 -0.0400
-1.8406 4.7232 -0.0400
-1.9697 4.7855 -0.0400
-2.0330 4.8302 -0.0400
-2.6594 5.9165 -0.0400
-2.7480 5.9318 -0.0400
-2.9784 5.3937 -0.0400
-3.0551 5.3584 -0.0400
-3.1351 5.3658 -0.0400
-8.6099 1.0933 -0.0400
-8.1168 0.7897 -0.0400
-8.0673 0.6960 -0.0400
-6.4900 0.0697 -0.0400
-6.4786 0.0023 -0.0400
-3.8723 0.5363 -0.0400
-3.8525 0.5194 -0.0400
-3.8297 0.5041 -0.0400
-6.1147 -2.9561 -0.0400
-6.0762 -3.0494 -0.0400
-4.9233 -2.1196 -0.0400
-4.8486 -2.1284 -0.0400
-5.8880 -3.7324 -0.0400
-5.8083 -3.7904 -0.0400
-3.4975 -1.1802 -0.0400
-3.4424 -1.1447 -0.0400
-3.3975 -1.1322 -0.0400
-3.3574 -1.1307 -0.0400
-3.3199 -1.1356 -0.0400
-3.2865 -1.1532 -0.0400
-3.2550 -1.1782 -0.0400
-3.2258 -1.2144 -0.0400
-3.2021 -1.2770 -0.0400
-3.6344 -4.1590 -0.0400
-2.5612 -1.9588 -0.0400
-2.5132 -1.9262 -0.0400
-2.4650 -1.9103 -0.0400
-2.4163 -1.9051 -0.0400
-2.3638 -1.9348 -0.0400
-2.3073 -1.9862 -0.0400
-0.9971 -3.6530 -0.0400
-0.9106 -3.6421 -0.0400
-0.8279 -3.6199 -0.0400
-0.7319 -3.6279 -0.0400
1.2526 -1.6318 -0.0400
1.3903 -1.6208 -0.0400
1.4325 -1.5487 -0.0400
1.6357 -1.5683 -0.0400
2.7811 -1.1686 -0.0400
3.1782 0.6202 -0.0400
1.2890 1.1902 -0.0400
1.2140 1.2529 -0.0400
1.1881 1.3187 -0.0400
1.1832 1.3866 -0.0400
-1.1064 1.1703 -0.0400
-1.1286 1.1942 -0.0400
-1.1454 1.2187 -0.0400
-1.2296 1.2266 -0.0400
-1.2481 1.2486 -0.0400
-1.2664 1.2702 -0.0400
-1.2745 1.2944 -0.0400
-1.2766 1.3205 -0.0400
-1.2689 1.3500 -0.0400
-1.2624 1.3798 -0.0400
0.4700 2.4488 -0.0400
0.3976 2.4803 -0.0400
0.3887 2.5444 -0.0400
-0.6878 5.2600 -0.0400
-1.7773 4.6516 -0.0400
-1.8404 4.6803 -0.0400
-1.9546 4.8133 -0.0400
-2.0280 4.7980 -0.0400
-2.0945 4.8231 -0.0400
-2.6444 6.0066 -0.0400
-2.7331 5.9231 -0.0400
-2.8216 5.9306 -0.0400
-3.0428 5.3864 -0.0400
-3.1193 5.3568 -0.0400
-3.2002 5.3702 -0.0400
-8.6011 1.2100 -0.0400
-8.0751 0.8973 -0.0400
-8.1106 0.8021 -0.0400
-6.5338 0.1414 -0.0400
-6.5089 0.0763 -0.0400
-3.9010 0.5589 -0.0400
-3.8604 0.5473 -0.0400
-3.8452 0.5293 -0.0400
-3.8284 0.5121 -0.0400
-3.8192 0.4927 -0.0400
-3.8126 0.4725 -0.0400
-4.9774 -2.0716 -0.0400
-4.9172 -2.1008 -0.0400
-5.9758 -3.6719 -0.0400
-5.8965 -3.7305 -0.0400
-3.5240 -1.1349 -0.0400
-3.4754 -1.1170 -0.0400
-3.4336 -1.1136 -0.0400
-3.3950 -1.1171 -0.0400
-3.3588 -1.1266 -0.0400
-3.3246 -1.1420 -0.0400
-3.2923 -1.1640 -0.0400
-3.2728 -1.2327 -0.0400
-3.7297 -4.1525 -0.0400
-2.6116 -1.9651 -0.0400
-2.5629 -1.9324 -0.0400
-2.5142 -1.9177 -0.0400
-2.4643 -1.9268 -0.0400
-2.4124 -1.9519 -0.0400
-1.0740 -3.6919 -0.0400
-0.9857 -3.6861 -0.0400
-0.8961 -3.6814 -0.0400
-0.8041 -3.6798 -0.0400
1.2095 -1.6984 -0.0400
1.3449 -1.6884 -0.0400
1.3905 -1.6185 -0.0400
1.5932 -1.6417 -0.0400
2.7229 -1.3639 -0.0400
2.7307 -1.2569 -0.0400
2.8338 -1.1872 -0.0400
3.1680 0.5193 -0.0400
1.2657 1.1220 -0.0400
1.2107 1.1869 -0.0400
1.1918 1.2535 -0.0400
1.2397 1.3272 -0.0400
-1.0667 1.1249 -0.0400
-1.1008 1.1480 -0.0400
-1.1370 1.1696 -0.0400
-1.2026 1.1842 -0.0400
-1.2416 1.2024 -0.0400
-1.2540 1.2257 -0.0400
-1.2636 1.2495 -0.0400
-1.2679 1.2747 -0.0400
-1.2692 1.3008 -0.0400
-1.2536 1.3325 -0.0400
-1.2376 1.3652 -0.0400
0.5322 2.3442 -0.0400
0.4717 2.3836 -0.0400
0.4199 2.4258 -0.0400
0.4155 2.4916 -0.0400
-0.5248 5.2024 -0.0400
-0.6070 5.2258 -0.0400
-1.7055 4.6424 -0.0400
-1.7743 4.6466 -0.0400
-1.8867 4.7734 -0.0400
-1.9553 4.7837 -0.0400
-2.0140 4.8538 -0.0400
-2.6379 5.9352 -0.0400
-2.7261 5.9185 -0.0400
-2.9570 5.3923 -0.0400
-3.0337 5.3615 -0.0400
-8.6242 1.2308 -0.0400
-8.0918 0.9159 -0.0400
-8.0868 0.8210 -0.0400
-6.5364 0.1569 -0.0400
-6.5208 0.0897 -0.0400
-3.9075 0.5690 -0.0400
-3.8784 0.5539 -0.0400
-3.8487 0.5399 -0.0400
-3.8357 0.5214 -0.0400
-3.8229 0.5030 -0.0400
-3.8159 0.4828 -0.0400
-3.8131 0.4610 -0.0400
-3.8103 0.4390 -0.0400
-3.8191 0.4119 -0.0400
-4.9311 -2.1025 -0.0400
-5.9820 -3.6588 -0.0400
-5.9115 -3.7301 -0.0400
-3.5366 -1.1512 -0.0400
-3.4846 -1.1266 -0.0400
-3.4406 -1.1187 -0.0400
-3.3987 -1.1141 -0.0400
-3.3637 -1.1273 -0.0400
-3.3306 -1.1468 -0.0400
-3.2995 -1.1739 -0.0400
-3.2714 -1.2136 -0.0400
-3.2513 -1.2873 -0.0400
-3.8229 -4.1209 -0.0400
-2.6132 -1.9741 -0.0400
-2.5648 -1.9215 -0.0400
-2.5155 -1.9185 -0.0400
-2.4653 -1.9279 -0.0400
-2.4132 -1.9546 -0.0400
-1.0741 -3.6969 -0.0400
-0.9869 -3.6874 -0.0400
-0.8858 -3.7119 -0.0400
-0.7933 -3.7097 -0.0400
1.1566 -1.7575 -0.0400
1.2212 -1.7027 -0.0400
1.3404 -1.6821 -0.0400
1.3973 -1.6192 -0.0400
2.7430 -1.3704 -0.0400
2.7660 -1.2690 -0.0400
3.1628 0.4188 -0.0400
1.2590 1.1260 -0.0400
1.2074 1.1911 -0.0400
1.2068 1.2593 -0.0400
1.2603 1.3337 -0.0400
-1.0350 1.1081 -0.0400
-1.0875 1.1295 -0.0400
-1.1304 1.1507 -0.0400
-1.1933 1.1670 -0.0400
-1.2232 1.1877 -0.0400
-1.2425 1.2098 -0.0400
-1.2595 1.2320 -0.0400
-1.2665 1.2564 -0.0400
-1.2623 1.2838 -0.0400
-1.2588 1.3113 -0.0400
-1.2484 1.3415 -0.0400
0.5351 2.3492 -0.0400
0.4495 2.3766 -0.0400
0.4273 2.4330 -0.0400
-0.6076 5.2134 -0.0400
-1.6238 4.6634 -0.0400
-1.7042 4.6254 -0.0400
-1.7637 4.6664 -0.0400
-1.8781 4.7844 -0.0400
-1.9499 4.7780 -0.0400
-2.0138 4.8142 -0.0400
-2.5392 5.9618 -0.0400
-2.6282 5.9098 -0.0400
-2.9481 5.4066 -0.0400
-3.0254 5.3818 -0.0400
-8.6012 1.2492 -0.0400
-8.0766 0.9346 -0.0400
-6.5141 0.1774 -0.0400
-6.5216 0.1058 -0.0400
-3.9220 0.5773 -0.0400
-3.8872 0.5635 -0.0400
-3.8648 0.5470 -0.0400
-3.8405 0.5318 -0.0400
-3.8295 0.5127 -0.0400
-3.8203 0.4931 -0.0400
-3.8148 0.4722 -0.0400
-3.8164 0.4484 -0.0400
-3.8168 0.4247 -0.0400
-3.8365 0.3921 -0.0400
-3.8604 0.3563 -0.0400
-3.5299 -1.1207 -0.0400
-3.4837 -1.1095 -0.0400
-3.4426 -1.1090 -0.0400
-3.4044 -1.1147 -0.0400
-3.3683 -1.1257 -0.0400
-3.3342 -1.1424 -0.0400
-3.3088 -1.1885 -0.0400
-3.2841 -1.2413 -0.0400
-3.8374 -4.1464 -0.0400
-3.7494 -4.1692 -0.0400
-2.6660 -1.9937 -0.0400
-2.6160 -1.9451 -0.0400
-2.5668 -1.9243 -0.0400
-2.5174 -1.9189 -0.0400
-2.4672 -1.9264 -0.0400
-1.1531 -3.7365 -0.0400
-1.0672 -3.7234 -0.0400
-0.9872 -3.6925 -0.0400
-0.8874 -3.7132 -0.0400
-0.7865 -3.7315 -0.0400
1.1641 -1.7595 -0.0400
1.3073 -1.7572 -0.0400
1.3405 -1.6790 -0.0400
1.5673 -1.7217 -0.0400
2.7165 -1.4692 -0.0400
2.6937 -1.3479 -0.0400
2.7556 -1.2631 -0.0400
3.1914 0.4183 -0.0400
1.2119 1.1278 -0.0400
1.1965 1.1948 -0.0400
1.2078 1.2639 -0.0400
1.2700 1.3392 -0.0400
-1.0630 1.1123 -0.0400
-1.1209 1.1325 -0.0400
-1.1671 1.1527 -0.0400
-1.2125 1.1714 -0.0400
-1.2349 1.1933 -0.0400
-1.2555 1.2149 -0.0400
-1.2624 1.2392 -0.0400
-1.2653 1.2645 -0.0400
-1.2650 1.2908 -0.0400
-1.2421 1.3239 -0.0400
-1.1990 1.3645 -0.0400
0.5907 2.3101 -0.0400
0.5219 2.3471 -0.0400
0.4441 2.3780 -0.0400
0.4469 2.4466 -0.0400
-1.6982 4.6290 -0.0400
-1.7985 4.7974 -0.0400
-1.8762 4.7654 -0.0400
-1.9432 4.7820 -0.0400
-2.5294 5.9864 -0.0400
-2.6189 5.9120 -0.0400
-2.9366 5.3698 -0.0400
-3.0153 5.3731 -0.0400
-3.4601 3.7726 -0.0400
-3.4969 3.7137 -0.0400
-3.5410 3.6833 -0.0400
-8.0926 0.9535 -0.0400
-8.0928 0.8584 -0.0400
-6.5210 0.1925 -0.0400
-6.5156 0.1235 -0.0400
-3.9014 0.5717 -0.0400
-3.8744 0.5563 -0.0400
-3.8466 0.5420 -0.0400
-3.8347 0.5231 -0.0400
-3.8248 0.5036 -0.0400
-3.8188 0.4828 -0.0400
-3.8148 0.4612 -0.0400
-3.8222 0.4345 -0.0400
-3.8265 0.4086 -0.0400
-3.6029 -1.1731 -0.0400
-3.5394 -1.1268 -0.0400
-3.4916 -1.1128 -0.0400
-3.4497 -1.1108 -0.0400
-3.4095 -1.1119 -0.0400
-3.3747 -1.1273 -0.0400
-3.3419 -1.1487 -0.0400
-3.3111 -1.1782 -0.0400
-3.2835 -1.2211 -0.0400
-3.8404 -4.1197 -0.0400
-2.6692 -2.0363 -0.0400
-2.6191 -1.9311 -0.0400
-2.5695 -1.9217 -0.0400
-2.5195 -1.9264 -0.0400
-2.4680 -1.9473 -0.0400
-2.4124 -2.0079 -0.0400
-1.1596 -3.7259 -0.0400
-1.0738 -3.7126 -0.0400
-0.9814 -3.7159 -0.0400
-0.8917 -3.7089 -0.0400
1.1217 -1.8268 -0.0400
1.1575 -1.7519 -0.0400
1.2942 -1.7456 -0.0400
1.3496 -1.6820 -0.0400
1.5491 -1.7078 -0.0400
2.7087 -1.4642 -0.0400
2.6942 -1.3464 -0.0400
2.7547 -1.2611 -0.0400
3.1718 0.4218 -0.0400
1.2805 1.0671 -0.0400
1.2146 1.1327 -0.0400
1.1960 1.1995 -0.0400
1.2051 1.2683 -0.0400
-1.0733 1.0909 -0.0400
-1.1067 1.1149 -0.0400
-1.1268 1.1397 -0.0400
-1.1910 1.1569 -0.0400
-1.2232 1.1776 -0.0400
-1.2504 1.1984 -0.0400
-1.2582 1.2225 -0.0400
-1.2628 1.2473 -0.0400
-1.2632 1.2731 -0.0400
-1.2432 1.3047 -0.0400
-1.2153 1.3397 -0.0400
0.5900 2.3141 -0.0400
0.4764 2.3310 -0.0400
0.4427 2.3817 -0.0400
0.4726 2.4634 -0.0400
-0.5270 5.1703 -0.0400
-1.6262 4.6212 -0.0400
-1.6958 4.6211 -0.0400
-1.7468 4.6951 -0.0400
-1.8698 4.7718 -0.0400
-1.9331 4.8076 -0.0400
-2.5220 5.9420 -0.0400
-2.6102 5.9163 -0.0400
-2.9286 5.3814 -0.0400
-3.0123 5.4496 -0.0400
-3.4503 3.7690 -0.0400
-3.4878 3.7135 -0.0400
-3.5322 3.6846 -0.0400
-3.5857 3.6848 -0.0400
-3.6378 3.6791 -0.0400
-3.6944 3.6843 -0.0400
-6.5370 0.2061 -0.0400
-6.5645 0.1300 -0.0400
-3.9267 0.5772 -0.0400
-3.8717 0.5696 -0.0400
-3.8544 0.5519 -0.0400
-3.8406 0.5335 -0.0400
-3.8300 0.5142 -0.0400
-3.8226 0.4938 -0.0400
-3.8181 0.4723 -0.0400
-3.8158 0.4496 -0.0400
-3.8299 0.4196 -0.0400
-3.8406 0.3902 -0.0400
-3.6138 -1.1799 -0.0400
-3.5478 -1.1289 -0.0400
-3.4994 -1.1142 -0.0400
-3.4531 -1.1017 -0.0400
-3.4158 -1.1108 -0.0400
-3.3803 -1.1247 -0.0400
-3.3467 -1.1444 -0.0400
-3.3230 -1.1969 -0.0400
-3.3008 -1.2603 -0.0400
-3.8505 -4.1210 -0.0400
-3.7723 -4.1890 -0.0400
-2.6728 -1.9768 -0.0400
-2.6224 -1.9390 -0.0400
-2.5726 -1.9243 -0.0400
-2.5226 -1.9237 -0.0400
-2.4686 -1.9829 -0.0400
-1.1627 -3.7273 -0.0400
-1.0686 -3.7379 -0.0400
-0.9699 -3.7570 -0.0400
-0.8928 -3.7144 -0.0400
1.1175 -1.8212 -0.0400
1.1861 -1.7693 -0.0400
1.2942 -1.7431 -0.0400
1.3950 -1.7090 -0.0400
1.5923 -1.7325 -0.0400
2.6871 -1.4533 -0.0400
2.6940 -1.3449 -0.0400
3.1522 0.3227 -0.0400
1.2233 1.0698 -0.0400
1.2002 1.1367 -0.0400
1.2062 1.2050 -0.0400
1.2535 1.2773 -0.0400
-1.0795 1.0984 -0.0400
-1.1126 1.1224 -0.0400
-1.1312 1.1473 -0.0400
-1.2262 1.1596 -0.0400
-1.2426 1.1825 -0.0400
-1.2538 1.2060 -0.0400
-1.2606 1.2303 -0.0400
-1.2626 1.2556 -0.0400
-1.2479 1.2852 -0.0400
-1.2293 1.3167 -0.0400
0.5503 2.3017 -0.0400
0.4663 2.3311 -0.0400
0.4501 2.3898 -0.0400
0.4759 2.4694 -0.0400
-0.5204 5.1768 -0.0400
-1.6185 4.6354 -0.0400
-1.6865 4.6419 -0.0400
-1.7959 4.7669 -0.0400
-1.8681 4.7580 -0.0400
-1.9324 4.7862 -0.0400
-2.5132 5.9679 -0.0400
-2.6022 5.9070 -0.0400
-2.8437 5.4129 -0.0400
-2.9197 5.3677 -0.0400
-2.9992 5.3877 -0.0400
-3.4445 3.7782 -0.0400
-3.4802 3.7163 -0.0400
-3.5245 3.6878 -0.0400
-3.5782 3.6890 -0.0400
-3.6300 3.6829 -0.0400
-3.6891 3.6954 -0.0400
-6.5259 0.2248 -0.0400
-6.5347 0.1529 -0.0400
-3.9180 0.5923 -0.0400
-3.8862 0.5779 -0.0400
-3.8648 0.5612 -0.0400
-3.8488 0.5433 -0.0400
-3.8334 0.5256 -0.0400
-3.8260 0.5051 -0.0400
-3.8210 0.4837 -0.0400
-3.8177 0.4615 -0.0400
-3.8301 0.4322 -0.0400
-3.8398 0.4033 -0.0400
-3.8759 0.3610 -0.0400
-3.6161 -1.1661 -0.0400
-3.5543 -1.1252 -0.0400
-3.4998 -1.0960 -0.0400
-3.4601 -1.1005 -0.0400
-3.4225 -1.1094 -0.0400
-3.3867 -1.1230 -0.0400
-3.3568 -1.1545 -0.0400
-3.3271 -1.1888 -0.0400
-3.3019 -1.2417 -0.0400
-3.9544 -4.1194 -0.0400
-3.8651 -4.1390 -0.0400
-2.7288 -2.0110 -0.0400
-2.6769 -1.9523 -0.0400
-2.6265 -1.9301 -0.0400
-2.5764 -1.9245 -0.0400
-2.5258 -1.9336 -0.0400
-2.4734 -1.9621 -0.0400
-1.1657 -3.7305 -0.0400
-1.0741 -3.7333 -0.0400
-0.9750 -3.7538 -0.0400
-0.8923 -3.7255 -0.0400
1.1103 -1.8138 -0.0400
1.2546 -1.8154 -0.0400
1.2942 -1.7409 -0.0400
1.4055 -1.7137 -0.0400
2.6662 -1.4429 -0.0400
2.7551 -1.3697 -0.0400
3.1593 0.3238 -0.0400
1.2327 1.0749 -0.0400
1.2017 1.1416 -0.0400
1.2018 1.2095 -0.0400
-1.0808 1.0786 -0.0400
-1.1124 1.1032 -0.0400
-1.1309 1.1284 -0.0400
-1.2064 1.1451 -0.0400
-1.2308 1.1673 -0.0400
-1.2461 1.1904 -0.0400
-1.2560 1.2141 -0.0400
-1.2570 1.2395 -0.0400
-1.2532 1.2662 -0.0400
-1.2425 1.2950 -0.0400
-1.2128 1.3295 -0.0400
0.5978 2.2600 -0.0400
0.5198 2.2937 -0.0400
0.4666 2.3362 -0.0400
0.4730 2.4054 -0.0400
-0.5250 5.1621 -0.0400
-1.5484 4.6244 -0.0400
-1.6257 4.5988 -0.0400
-1.6861 4.6306 -0.0400
-1.7902 4.7754 -0.0400
-1.8634 4.7614 -0.0400
-1.9175 4.8423 -0.0400
-2.5073 5.9182 -0.0400
-2.5944 5.9246 -0.0400
-2.9126 5.3738 -0.0400
-3.4455 3.8101 -0.0400
-3.4688 3.7042 -0.0400
-3.5168 3.6890 -0.0400
-3.5700 3.6894 -0.0400
-3.6220 3.6845 -0.0400
-4.1375 4.0624 -0.0400
-4.1827 4.0176 -0.0400
-6.5450 0.2381 -0.0400
-6.5854 0.1595 -0.0400
-3.9086 0.5841 -0.0400
-3.8663 0.5736 -0.0400
-3.8511 0.5554 -0.0400
-3.8394 0.5363 -0.0400
-3.8300 0.5165 -0.0400
-3.8237 0.4955 -0.0400
-3.8259 0.4710 -0.0400
-3.8283 0.4460 -0.0400
-3.8355 0.4183 -0.0400
-3.8538 0.3846 -0.0400
-3.5066 -1.0923 -0.0400
-3.4673 -1.0980 -0.0400
-3.4297 -1.1076 -0.0400
-3.3959 -1.1273 -0.0400
-3.3634 -1.1518 -0.0400
-3.3330 -1.1846 -0.0400
-3.3064 -1.2328 -0.0400
-3.8715 -4.1196 -0.0400
-2.6818 -1.9702 -0.0400
-2.6310 -1.9380 -0.0400
-2.5806 -1.9300 -0.0400
-2.5292 -1.9495 -0.0400
-2.4747 -2.0066 -0.0400
-1.2514 -3.7599 -0.0400
-1.1569 -3.7731 -0.0400
-1.0777 -3.7364 -0.0400
-0.9780 -3.7579 -0.0400
-0.8947 -3.7307 -0.0400
1.0762 -1.8890 -0.0400
1.1153 -1.8158 -0.0400
1.2008 -1.7758 -0.0400
1.2984 -1.7420 -0.0400
1.5132 -1.7825 -0.0400
2.6435 -1.5442 -0.0400
2.6543 -1.4366 -0.0400
2.7128 -1.3507 -0.0400
1.2481 1.0118 -0.0400
1.2078 1.0790 -0.0400
1.2022 1.1465 -0.0400
-1.0149 1.0636 -0.0400
-1.0836 1.0867 -0.0400
-1.1145 1.1114 -0.0400
-1.1528 1.1342 -0.0400
-1.2306 1.1503 -0.0400
-1.2448 1.1737 -0.0400
-1.2534 1.1977 -0.0400
-1.2579 1.2223 -0.0400
-1.2573 1.2480 -0.0400
-1.2517 1.2751 -0.0400
-1.2377 1.3047 -0.0400
0.5791 2.2575 -0.0400
0.5029 2.2917 -0.0400
0.4747 2.3450 -0.0400
-0.4505 5.1220 -0.0400
-0.5066 5.1940 -0.0400
-1.5486 4.6159 -0.0400
-1.6239 4.5963 -0.0400
-1.6844 4.6269 -0.0400
-1.7187 4.7650 -0.0400
-1.7945 4.7422 -0.0400
-1.8611 4.7561 -0.0400
-1.9200 4.8104 -0.0400
-2.5011 5.9025 -0.0400
-2.8290 5.3971 -0.0400
-2.9053 5.3672 -0.0400
-2.9856 5.4043 -0.0400
-3.4213 3.7476 -0.0400
-3.4625 3.7076 -0.0400
-3.5094 3.6892 -0.0400
-3.5614 3.6868 -0.0400
-3.6226 3.7092 -0.0400
-4.1262 4.0606 -0.0400
-4.1739 4.0214 -0.0400
-6.5369 0.1862 -0.0400
-3.9776 0.6017 -0.0400
-3.9083 0.5972 -0.0400
-3.8811 0.5819 -0.0400
-3.8618 0.5648 -0.0400
-3.8470 0.5466 -0.0400
-3.8348 0.5277 -0.0400
-3.8292 0.5064 -0.0400
-3.8259 0.4841 -0.0400
-3.8256 0.4603 -0.0400
-3.8300 0.4340 -0.0400
-3.4038 -1.1265 -0.0400
-3.3713 -1.1515 -0.0400
-3.3407 -1.1842 -0.0400
-3.8819 -4.1147 -0.0400
-2.7392 -1.9973 -0.0400
-2.6870 -1.9496 -0.0400
-2.6362 -1.9303 -0.0400
-2.5857 -1.9275 -0.0400
-2.5345 -1.9392 -0.0400
-2.4814 -1.9740 -0.0400
-1.2542 -3.7688 -0.0400
-1.1671 -3.7577 -0.0400
-1.0823 -3.7381 -0.0400
-0.9823 -3.7602 -0.0400
1.0634 -1.8781 -0.0400
1.1248 -1.8214 -0.0400
1.2449 -1.8057 -0.0400
1.3268 -1.7601 -0.0400
2.6498 -1.5467 -0.0400
2.6642 -1.4404 -0.0400
3.1642 0.3268 -0.0400
1.2660 1.0168 -0.0400
1.2123 1.0840 -0.0400
-1.0178 1.0427 -0.0400
-1.0839 1.0672 -0.0400
-1.1137 1.0925 -0.0400
-1.1600 1.1152 -0.0400
-1.2109 1.1357 -0.0400
-1.2335 1.1585 -0.0400
-1.2472 1.1819 -0.0400
-1.2552 1.2060 -0.0400
-1.2527 1.2319 -0.0400
-1.2458 1.2591 -0.0400
-1.2288 1.2889 -0.0400
0.5726 2.2603 -0.0400
0.4853 2.2897 -0.0400
0.4815 2.3535 -0.0400
-0.4505 5.1192 -0.0400
-1.5527 4.5963 -0.0400
-1.6227 4.5936 -0.0400
-1.7182 4.7570 -0.0400
-1.7925 4.7393 -0.0400
-1.8590 4.7532 -0.0400
-2.4047 5.9715 -0.0400
-2.4948 5.9034 -0.0400
-2.8218 5.3704 -0.0400
-2.8996 5.3790 -0.0400
-3.4207 3.7694 -0.0400
-3.4547 3.7034 -0.0400
-3.5051 3.6974 -0.0400
-3.5585 3.6997 -0.0400
-3.6123 3.7011 -0.0400
-4.1184 4.0649 -0.0400
-4.1809 4.0560 -0.0400
-8.6037 1.3477 -0.0400
-8.0833 1.0288 -0.0400
-3.9560 0.5964 -0.0400
-3.8838 0.5941 -0.0400
-3.8649 0.5769 -0.0400
-3.8506 0.5585 -0.0400
-3.8400 0.5390 -0.0400
-3.8318 0.5186 -0.0400
-3.8266 0.4971 -0.0400
-3.8338 0.4701 -0.0400
-3.8404 0.4427 -0.0400
-3.8567 0.4100 -0.0400
-6.5560 -2.6976 -0.0400
-3.9936 -4.1337 -0.0400
-2.7467 -2.0445 -0.0400
-2.6931 -1.9633 -0.0400
-2.6420 -1.9284 -0.0400
-2.5910 -1.9346 -0.0400
-2.5391 -1.9582 -0.0400
-2.4833 -2.0299 -0.0400
-1.3362 -3.8191 -0.0400
-1.2598 -3.7704 -0.0400
-1.1699 -3.7676 -0.0400
-1.0766 -3.7723 -0.0400
-0.9891 -3.7571 -0.0400
1.0630 -1.8772 -0.0400
1.1278 -1.8229 -0.0400
1.2436 -1.8040 -0.0400
1.3937 -1.8051 -0.0400
2.6336 -1.5389 -0.0400
2.6680 -1.4418 -0.0400
1.2867 0.9526 -0.0400
1.2188 1.0210 -0.0400
1.2017 1.0885 -0.0400
-1.0257 1.0505 -0.0400
-1.0869 1.0753 -0.0400
-1.1156 1.1007 -0.0400
-1.2114 1.1185 -0.0400
-1.2329 1.1417 -0.0400
-1.2458 1.1654 -0.0400
-1.2528 1.1897 -0.0400
-1.2557 1.2146 -0.0400
-1.2532 1.2405 -0.0400
-1.2458 1.2678 -0.0400
-1.2265 1.2981 -0.0400
0.5931 2.2083 -0.0400
0.5161 2.2433 -0.0400
0.4838 2.2947 -0.0400
0.4843 2.3603 -0.0400
-0.4465 5.1251 -0.0400
-1.5566 4.5794 -0.0400
-1.6212 4.5938 -0.0400
-1.7197 4.7431 -0.0400
-1.7916 4.7343 -0.0400
-1.8484 4.7919 -0.0400
-2.4024 5.9104 -0.0400
-2.4889 5.9122 -0.0400
-2.8166 5.3810 -0.0400
-2.8931 5.3659 -0.0400
-3.4068 3.7394 -0.0400
-3.4497 3.7071 -0.0400
-3.4975 3.6933 -0.0400
-3.5514 3.6981 -0.0400
-3.6266 3.7624 -0.0400
-4.1038 4.0533 -0.0400
-4.1694 4.0520 -0.0400
-8.0771 1.0475 -0.0400
-8.1341 0.9526 -0.0400
-3.9064 0.6003 -0.0400
-3.8804 0.5850 -0.0400
-3.8616 0.5678 -0.0400
-3.8444 0.5506 -0.0400
-3.8366 0.5301 -0.0400
-3.8320 0.5082 -0.0400
-3.8297 0.4853 -0.0400
-3.8322 0.4599 -0.0400
-3.8403 0.4314 -0.0400
-6.5827 -2.6993 -0.0400
-6.4412 -2.6928 -0.0400
-6.3565 -2.7383 -0.0400
-6.3289 -2.8421 -0.0400
-2.7516 -1.9775 -0.0400
-2.6994 -1.9437 -0.0400
-2.6482 -1.9308 -0.0400
-2.5972 -1.9314 -0.0400
-2.5455 -1.9470 -0.0400
-1.2668 -3.7693 -0.0400
-1.1733 -3.7777 -0.0400
-1.0770 -3.7904 -0.0400
1.0567 -1.9772 -0.0400
1.0636 -1.8776 -0.0400
1.2023 -1.8778 -0.0400
1.2514 -1.8094 -0.0400
1.4558 -1.8475 -0.0400
2.6154 -1.5305 -0.0400
2.6921 -1.4529 -0.0400
3.1527 0.2277 -0.0400
1.3053 0.9571 -0.0400
1.2225 1.0257 -0.0400
-1.0395 1.0295 -0.0400
-1.0900 1.0557 -0.0400
-1.1161 1.0817 -0.0400
-1.1774 1.1041 -0.0400
-1.2153 1.1266 -0.0400
-1.2354 1.1500 -0.0400
-1.2476 1.1738 -0.0400
-1.2526 1.1984 -0.0400
-1.2493 1.2243 -0.0400
-1.2407 1.2516 -0.0400
-1.2195 1.2819 -0.0400
0.5953 2.2149 -0.0400
0.5163 2.2491 -0.0400
0.4817 2.2996 -0.0400
-0.4462 5.1248 -0.0400
-1.5586 4.5709 -0.0400
-1.6171 4.6049 -0.0400
-1.7228 4.7256 -0.0400
-1.7911 4.7300 -0.0400
-1.8405 4.8207 -0.0400
-2.3964 5.9296 -0.0400
-2.4843 5.9008 -0.0400
-2.7349 5.3983 -0.0400
-2.8111 5.3661 -0.0400
-2.8892 5.3899 -0.0400
-3.3978 3.7256 -0.0400
-3.4437 3.7053 -0.0400
-3.4950 3.7038 -0.0400
-3.5472 3.7034 -0.0400
-3.6042 3.7156 -0.0400
-4.0970 4.0571 -0.0400
-4.1565 4.0437 -0.0400
-8.5826 1.4892 -0.0400
-8.0838 1.0663 -0.0400
-3.8515 0.5613 -0.0400
-3.8411 0.5417 -0.0400
-3.8333 0.5212 -0.0400
-3.8356 0.4963 -0.0400
-3.8389 0.4705 -0.0400
-3.8491 0.4410 -0.0400
-3.8843 0.3983 -0.0400
-6.5634 -2.6574 -0.0400
-6.4726 -2.6994 -0.0400
-6.3703 -2.7281 -0.0400
-6.3382 -2.8273 -0.0400
-2.7593 -1.9920 -0.0400
-2.7065 -1.9511 -0.0400
-2.6551 -1.9311 -0.0400
-2.6036 -1.9423 -0.0400
-2.5510 -1.9723 -0.0400
-1.3535 -3.8079 -0.0400
-1.2686 -3.7880 -0.0400
-1.1810 -3.7759 -0.0400
-1.0784 -3.8075 -0.0400
-0.9959 -3.7751 -0.0400
1.0223 -1.9505 -0.0400
1.0657 -1.8796 -0.0400
1.2026 -1.8785 -0.0400
1.2613 -1.8167 -0.0400
1.4781 -1.8634 -0.0400
2.5917 -1.6338 -0.0400
2.6150 -1.5308 -0.0400
3.1298 0.1284 -0.0400
1.2231 0.9621 -0.0400
1.2037 1.0301 -0.0400
-1.0578 1.0370 -0.0400
-1.0971 1.0635 -0.0400
-1.1196 1.0897 -0.0400
-1.2180 1.1092 -0.0400
-1.2352 1.1331 -0.0400
-1.2463 1.1572 -0.0400
-1.2523 1.1817 -0.0400
-1.2531 1.2069 -0.0400
-1.2496 1.2329 -0.0400
-1.2402 1.2603 -0.0400
0.6226 2.1655 -0.0400
0.5405 2.2000 -0.0400
0.5017 2.2492 -0.0400
0.4988 2.3127 -0.0400
-0.3785 5.0779 -0.0400
-1.5589 4.5691 -0.0400
-1.7252 4.7128 -0.0400
-1.7897 4.7318 -0.0400
-1.8490 4.7755 -0.0400
-2.3917 5.9363 -0.0400
-2.7308 5.4145 -0.0400
-2.8067 5.3642 -0.0400
-3.3626 3.8086 -0.0400
-3.3958 3.7355 -0.0400
-3.4392 3.7066 -0.0400
-3.4874 3.6955 -0.0400
-3.5457 3.7154 -0.0400
-4.0916 4.0625 -0.0400
-8.5860 1.5087 -0.0400
-8.6005 1.4055 -0.0400
-8.1160 1.1807 -0.0400
-8.0716 1.0846 -0.0400
-6.5413 0.3064 -0.0400
-3.8338 0.5107 -0.0400
-3.8322 0.4873 -0.0400
-3.8359 0.4610 -0.0400
-6.4685 -2.6711 -0.0400
-6.3850 -2.7183 -0.0400
-5.1297 -1.9335 -0.0400
-5.0722 -1.9690 -0.0400
-6.1825 -3.5039 -0.0400
-2.7674 -2.0003 -0.0400
-2.7139 -1.9362 -0.0400
-2.6625 -1.9316 -0.0400
-2.6110 -1.9391 -0.0400
-2.5585 -1.9632 -0.0400
-1.2715 -3.8050 -0.0400
-1.1812 -3.8002 -0.0400
-1.0899 -3.7960 -0.0400
1.0172 -1.9477 -0.0400
1.0741 -1.8872 -0.0400
1.2017 -1.8789 -0.0400
1.3075 -1.8507 -0.0400
1.4851 -1.8692 -0.0400
2.5960 -1.6371 -0.0400
2.6283 -1.5382 -0.0400
1.2777 0.8968 -0.0400
1.2197 0.9666 -0.0400
1.2034 1.0346 -0.0400
-1.0741 1.0445 -0.0400
-1.1233 1.0704 -0.0400
-1.1972 1.0931 -0.0400
-1.2232 1.1171 -0.0400
-1.2383 1.1412 -0.0400
-1.2479 1.1655 -0.0400
-1.2497 1.1906 -0.0400
-1.2454 1.2166 -0.0400
-1.2345 1.2440 -0.0400
-1.2087 1.2747 -0.0400
0.6417 2.1780 -0.0400
0.5492 2.2091 -0.0400
0.5001 2.2545 -0.0400
-0.3799 5.0767 -0.0400
-1.4870 4.5795 -0.0400
-1.5595 4.5683 -0.0400
-1.6409 4.7658 -0.0400
-1.7255 4.7103 -0.0400
-1.7851 4.7492 -0.0400
-2.2969 5.9926 -0.0400
-2.3904 5.8922 -0.0400
-2.7265 5.3652 -0.0400
-2.8030 5.3709 -0.0400
-2.8847 5.4791 -0.0400
-3.3472 3.7617 -0.0400
-3.3884 3.7228 -0.0400
-3.4349 3.7065 -0.0400
-3.4865 3.7075 -0.0400
-3.5381 3.7065 -0.0400
-3.5977 3.7277 -0.0400
-4.0395 4.1071 -0.0400
-4.0832 4.0602 -0.0400
-4.1539 4.0712 -0.0400
-8.5795 1.5271 -0.0400
-8.0683 1.1029 -0.0400
-6.5570 0.3204 -0.0400
-3.8620 0.4581 -0.0400
-6.5374 -2.5927 -0.0400
-6.4609 -2.6474 -0.0400
-6.4252 -2.7420 -0.0400
-5.2000 -1.8970 -0.0400
-5.1409 -1.9313 -0.0400
-6.2731 -3.4382 -0.0400
-2.8236 -1.9565 -0.0400
-2.7710 -1.9396 -0.0400
-2.7193 -1.9354 -0.0400
-2.6677 -1.9426 -0.0400
-2.6145 -2.0193 -0.0400
-1.4513 -3.8317 -0.0400
-1.3592 -3.8376 -0.0400
-1.2748 -3.8129 -0.0400
-1.1756 -3.8361 -0.0400
0.9681 -2.0158 -0.0400
1.0317 -1.9605 -0.0400
1.1563 -1.9517 -0.0400
1.3661 -2.0025 -0.0400
2.5255 -1.7178 -0.0400
2.5895 -1.6349 -0.0400
3.1064 0.0294 -0.0400
1.2500 0.8315 -0.0400
1.2132 0.9014 -0.0400
-1.0453 0.9934 -0.0400
-1.1122 1.0214 -0.0400
-1.1647 1.0475 -0.0400
-1.2069 1.0722 -0.0400
-1.2268 1.0968 -0.0400
-1.2437 1.1210 -0.0400
-1.2467 1.1459 -0.0400
-1.2450 1.1714 -0.0400
-1.2390 1.1976 -0.0400
-1.2262 1.2251 -0.0400
0.6055 2.1049 -0.0400
0.5420 2.1467 -0.0400
0.5273 2.2049 -0.0400
-0.2322 5.0062 -0.0400
-0.3118 5.0326 -0.0400
-1.4362 4.5271 -0.0400
-1.4958 4.5547 -0.0400
-1.5885 4.7029 -0.0400
-1.6630 4.6860 -0.0400
-1.7192 4.7355 -0.0400
-2.2126 5.9321 -0.0400
-2.3025 5.8911 -0.0400
-2.5710 5.4029 -0.0400
-2.6482 5.3589 -0.0400
-2.7244 5.3665 -0.0400
-2.8035 5.4660 -0.0400
-3.3005 3.7898 -0.0400
-3.3392 3.7381 -0.0400
-3.3857 3.7218 -0.0400
-3.4382 3.7272 -0.0400
-3.4912 3.7319 -0.0400
-3.9712 4.1076 -0.0400
-4.0285 4.0920 -0.0400
-8.5560 1.6414 -0.0400
-8.0943 1.2104 -0.0400
-6.5563 0.4015 -0.0400
-6.5675 0.3298 -0.0400
-6.5975 -2.6159 -0.0400
-6.4919 -2.6442 -0.0400
-6.4147 -2.6979 -0.0400
-6.3874 -2.8024 -0.0400
-5.1550 -1.9166 -0.0400
-5.0976 -1.9527 -0.0400
-6.2180 -3.4915 -0.0400
-2.7832 -1.9516 -0.0400
-2.7308 -1.9366 -0.0400
-2.6790 -1.9333 -0.0400
-2.6267 -1.9614 -0.0400
-2.5726 -2.0116 -0.0400
-1.3788 -3.8098 -0.0400
-1.2876 -3.8100 -0.0400
-1.1924 -3.8200 -0.0400
-1.1040 -3.8052 -0.0400
1.0247 -1.9582 -0.0400
1.1611 -1.9587 -0.0400
1.2057 -1.8858 -0.0400
1.4199 -1.9356 -0.0400
2.5667 -1.6261 -0.0400
2.6680 -1.5608 -0.0400
1.2267 0.9062 -0.0400
-1.0174 1.0029 -0.0400
-1.1081 1.0316 -0.0400
-1.1236 1.0588 -0.0400
-1.1968 1.0831 -0.0400
-1.2213 1.1077 -0.0400
-1.2438 1.1317 -0.0400
-1.2491 1.1565 -0.0400
-1.2501 1.1817 -0.0400
-1.2473 1.2075 -0.0400
-1.2208 1.2369 -0.0400
0.5981 2.1742 -0.0400
0.5206 2.2103 -0.0400
0.5515 2.2865 -0.0400
-0.2951 5.0647 -0.0400
-0.3634 5.1108 -0.0400
-1.4204 4.5778 -0.0400
-1.5008 4.5454 -0.0400
-1.5570 4.5833 -0.0400
-1.6613 4.6959 -0.0400
-1.7272 4.7073 -0.0400
-1.7771 4.7848 -0.0400
-2.2057 5.9685 -0.0400
-2.2973 5.9121 -0.0400
-2.3850 5.8842 -0.0400
-2.6447 5.3849 -0.0400
-2.7207 5.3582 -0.0400
-2.7970 5.3721 -0.0400
-3.3037 3.8199 -0.0400
-3.3379 3.7478 -0.0400
-3.3811 3.7192 -0.0400
-3.4284 3.7074 -0.0400
-3.4811 3.7134 -0.0400
-3.5315 3.7099 -0.0400
-4.0247 4.1013 -0.0400
-4.0725 4.0644 -0.0400
-8.5594 1.5625 -0.0400
-8.0979 1.2345 -0.0400
-8.1025 1.1397 -0.0400
-6.5585 0.3535 -0.0400
-3.9550 0.6384 -0.0400
-3.9141 0.6271 -0.0400
-3.8894 0.6116 -0.0400
-6.6735 -2.5420 -0.0400
-6.5761 -2.5795 -0.0400
-6.4907 -2.6263 -0.0400
-5.2137 -1.8658 -0.0400
-5.1603 -1.9069 -0.0400
-6.3068 -3.4223 -0.0400
-2.6850 -1.9716 -0.0400
-2.6314 -2.0289 -0.0400
-1.4700 -3.8328 -0.0400
-1.3759 -3.8449 -0.0400
-1.2899 -3.8245 -0.0400
0.9364 -2.1043 -0.0400
0.9692 -2.0225 -0.0400
1.1044 -2.0245 -0.0400
1.1709 -1.9684 -0.0400
2.5025 -1.8275 -0.0400
2.5294 -1.7245 -0.0400
2.6280 -1.6587 -0.0400
3.1018 -0.0740 -0.0400
-1.0173 0.9493 -0.0400
-1.0775 0.9804 -0.0400
-1.1052 1.0089 -0.0400
-1.1874 1.0362 -0.0400
-1.2144 1.0618 -0.0400
-1.2382 1.0866 -0.0400
-1.2432 1.1117 -0.0400
-1.2456 1.1368 -0.0400
-1.2440 1.1623 -0.0400
-1.2257 1.1898 -0.0400
-1.2038 1.2184 -0.0400
0.6423 2.0644 -0.0400
0.5653 2.1031 -0.0400
0.5375 2.1569 -0.0400
0.5492 2.2248 -0.0400
-0.2400 5.0000 -0.0400
-1.3671 4.5356 -0.0400
-1.4414 4.5223 -0.0400
-1.5239 4.6913 -0.0400
-1.6014 4.6664 -0.0400
-1.6644 4.6876 -0.0400
-1.7120 4.7686 -0.0400
-2.1180 5.9592 -0.0400
-2.2144 5.8650 -0.0400
-2.2967 5.9020 -0.0400
-2.5662 5.4180 -0.0400
-2.6436 5.3542 -0.0400
-2.7195 5.3828 -0.0400
-3.2890 3.7600 -0.0400
-3.3311 3.7257 -0.0400
-3.3819 3.7281 -0.0400
-3.4328 3.7292 -0.0400
-3.4886 3.7451 -0.0400
-3.9604 4.1076 -0.0400
-4.0209 4.1006 -0.0400
-8.5440 1.6768 -0.0400
-8.0614 1.3392 -0.0400
-8.0579 1.2447 -0.0400
-6.5966 0.4982 -0.0400
-6.5595 0.4340 -0.0400
-6.5854 0.3599 -0.0400
-3.9531 0.6478 -0.0400
-3.9150 0.6356 -0.0400
-3.8808 0.6234 -0.0400
-3.8674 0.6047 -0.0400
-3.8577 0.5848 -0.0400
-6.6418 -2.6068 -0.0400
-6.5085 -2.6096 -0.0400
-6.4614 -2.6931 -0.0400
-5.1797 -1.8974 -0.0400
-5.1242 -1.9360 -0.0400
-6.2466 -3.4687 -0.0400
-1.3910 -3.8401 -0.0400
-1.3052 -3.8182 -0.0400
-1.2038 -3.8477 -0.0400
-1.1179 -3.8226 -0.0400
0.9771 -2.0346 -0.0400
1.0213 -1.9625 -0.0400
1.1553 -1.9612 -0.0400
1.2427 -1.9201 -0.0400
1.4389 -1.9561 -0.0400
2.5352 -1.7318 -0.0400
2.5889 -1.6430 -0.0400
3.1036 0.0298 -0.0400
1.2327 0.8443 -0.0400
-1.0478 0.9886 -0.0400
-1.1096 1.0183 -0.0400
-1.1233 1.0460 -0.0400
-1.2167 1.0716 -0.0400
-1.2310 1.0969 -0.0400
-1.2408 1.1219 -0.0400
-1.2479 1.1469 -0.0400
-1.2471 1.1723 -0.0400
-1.2334 1.1993 -0.0400
-1.2175 1.2271 -0.0400
-1.1740 1.2596 -0.0400
0.6246 2.1302 -0.0400
0.5339 2.1633 -0.0400
0.5377 2.2283 -0.0400
-0.3105 5.0465 -0.0400
-1.4394 4.5368 -0.0400
-1.5046 4.5470 -0.0400
-1.5924 4.7048 -0.0400
-1.6682 4.6822 -0.0400
-1.7272 4.7180 -0.0400
-2.2056 5.9343 -0.0400
-2.2969 5.8731 -0.0400
-2.3791 5.9162 -0.0400
-2.6416 5.3680 -0.0400
-2.7173 5.3677 -0.0400
-2.7952 5.4624 -0.0400
-3.2884 3.7654 -0.0400
-3.3304 3.7313 -0.0400
-3.3763 3.7157 -0.0400
-3.4261 3.7145 -0.0400
-3.4772 3.7164 -0.0400
-4.0124 4.0952 -0.0400
-8.0803 1.2688 -0.0400
-8.0815 1.1744 -0.0400
-6.6090 0.4481 -0.0400
-6.5526 0.3873 -0.0400
-6.5574 0.3166 -0.0400
-3.9459 0.6433 -0.0400
-3.9115 0.6306 -0.0400
-3.8888 0.6147 -0.0400
-3.8714 0.5974 -0.0400
-3.8579 0.5791 -0.0400
-3.8489 0.5590 -0.0400
-3.8449 0.5368 -0.0400
-3.8436 0.5131 -0.0400
-6.6974 -2.5137 -0.0400
-6.5889 -2.5412 -0.0400
-6.5205 -2.6041 -0.0400
-5.2465 -1.8551 -0.0400
-5.1841 -1.8862 -0.0400
-3.7469 -1.0842 -0.0400
-3.6928 -1.0672 -0.0400
-3.6402 -1.0501 -0.0400
-1.5740 -3.8654 -0.0400
-1.4864 -3.8522 -0.0400
-1.3972 -3.8438 -0.0400
-1.2982 -3.8684 -0.0400
0.9241 -2.1029 -0.0400
1.0599 -2.1074 -0.0400
1.1087 -2.0364 -0.0400
1.2311 -2.0234 -0.0400
2.4918 -1.8289 -0.0400
2.5475 -1.7409 -0.0400
3.1011 -0.0752 -0.0400
-1.0258 0.9337 -0.0400
-1.0764 0.9656 -0.0400
-1.1157 0.9953 -0.0400
-1.2026 1.0244 -0.0400
-1.2197 1.0504 -0.0400
-1.2384 1.0759 -0.0400
-1.2426 1.1012 -0.0400
-1.2419 1.1267 -0.0400
-1.2380 1.1525 -0.0400
-1.2309 1.1788 -0.0400
-1.1844 1.2096 -0.0400
0.6594 2.0167 -0.0400
0.5836 2.0573 -0.0400
0.5522 2.1102 -0.0400
0.5542 2.1741 -0.0400
-0.1641 4.9759 -0.0400
-1.2919 4.5614 -0.0400
-1.3859 4.5000 -0.0400
-1.4324 4.5615 -0.0400
-1.5370 4.6632 -0.0400
-1.6064 4.6631 -0.0400
-1.6640 4.7024 -0.0400
-2.1231 5.8942 -0.0400
-2.2115 5.8684 -0.0400
-2.4878 5.4059 -0.0400
-2.5656 5.3573 -0.0400
-2.6411 5.3595 -0.0400
-3.2035 3.8455 -0.0400
-3.2385 3.7671 -0.0400
-3.2816 3.7369 -0.0400
-3.3276 3.7225 -0.0400
-3.3810 3.7373 -0.0400
-3.4326 3.7416 -0.0400
-3.9056 4.1476 -0.0400
-3.9521 4.1076 -0.0400
-4.0215 4.1223 -0.0400
-8.0640 1.2795 -0.0400
-6.6184 0.5275 -0.0400
-6.5635 0.4657 -0.0400
-3.9409 0.6536 -0.0400
-3.8965 0.6443 -0.0400
-3.8804 0.6265 -0.0400
-3.8679 0.6077 -0.0400
-3.8585 0.5878 -0.0400
-3.8516 0.5669 -0.0400
-3.8479 0.5446 -0.0400
-3.8612 0.5142 -0.0400
-3.8753 0.4825 -0.0400
-6.7241 -2.5125 -0.0400
-6.5966 -2.5232 -0.0400
-6.5696 -2.6253 -0.0400
-5.2476 -1.8319 -0.0400
-5.2098 -1.8915 -0.0400
-6.3673 -3.4078 -0.0400
-3.7785 -1.1192 -0.0400
-3.6983 -1.0492 -0.0400
-3.6536 -1.0494 -0.0400
-3.6095 -1.0495 -0.0400
-3.5717 -1.0631 -0.0400
-3.5370 -1.0847 -0.0400
-1.5851 -3.8674 -0.0400
-1.4977 -3.8531 -0.0400
-1.4082 -3.8451 -0.0400
-1.3089 -3.8703 -0.0400
0.8722 -2.1753 -0.0400
0.9154 -2.1010 -0.0400
1.0608 -2.1137 -0.0400
1.1088 -2.0418 -0.0400
1.3039 -2.0858 -0.0400
2.4686 -1.9401 -0.0400
2.4736 -1.8232 -0.0400
3.1042 -0.0770 -0.0400
1.2546 0.7087 -0.0400
-1.0440 0.9410 -0.0400
-1.1041 0.9733 -0.0400
-1.1631 1.0033 -0.0400
-1.2166 1.0312 -0.0400
-1.2282 1.0572 -0.0400
-1.2405 1.0827 -0.0400
-1.2429 1.1082 -0.0400
-1.2407 1.1339 -0.0400
-1.2261 1.1605 -0.0400
-1.2113 1.1878 -0.0400
0.6514 2.0196 -0.0400
0.5784 2.0611 -0.0400
0.5508 2.1152 -0.0400
-0.1803 4.9559 -0.0400
-0.2282 5.0327 -0.0400
-1.3202 4.4989 -0.0400
-1.3874 4.5048 -0.0400
-1.4375 4.5562 -0.0400
-1.4647 4.6779 -0.0400
-1.5449 4.6472 -0.0400
-1.6050 4.6764 -0.0400
-1.6606 4.7230 -0.0400
-2.1249 5.8755 -0.0400
-2.2110 5.8673 -0.0400
-2.4895 5.3651 -0.0400
-2.5657 5.3453 -0.0400
-2.6404 5.3670 -0.0400
-3.1966 3.8080 -0.0400
-3.2367 3.7590 -0.0400
-3.2806 3.7339 -0.0400
-3.3297 3.7336 -0.0400
-3.3801 3.7364 -0.0400
-3.4315 3.7413 -0.0400
-3.9083 4.1622 -0.0400
-3.9557 4.1243 -0.0400
-6.6007 0.5456 -0.0400
-6.5634 0.4815 -0.0400
-3.9855 0.6770 -0.0400
-3.9369 0.6677 -0.0400
-3.9104 0.6526 -0.0400
-3.8909 0.6358 -0.0400
-3.8758 0.6179 -0.0400
-3.8628 0.5994 -0.0400
-3.8565 0.5783 -0.0400
-3.8531 0.5559 -0.0400
-3.8525 0.5319 -0.0400
-3.8580 0.5047 -0.0400
-3.8725 0.4724 -0.0400
-6.6159 -2.5156 -0.0400
-6.5494 -2.5804 -0.0400
-5.2659 -1.8281 -0.0400
-5.2118 -1.8688 -0.0400
-6.3715 -3.3829 -0.0400
-3.7800 -1.0926 -0.0400
-3.7193 -1.0633 -0.0400
-3.6636 -1.0404 -0.0400
-3.6226 -1.0479 -0.0400
-3.5837 -1.0593 -0.0400
-3.5481 -1.0786 -0.0400
-3.5188 -1.1157 -0.0400
-3.4881 -1.1512 -0.0400
-1.5978 -3.8653 -0.0400
-1.5073 -3.8628 -0.0400
-1.4095 -3.8857 -0.0400
-1.3199 -3.8734 -0.0400
0.8908 -2.1990 -0.0400
0.9116 -2.1042 -0.0400
1.0669 -2.1253 -0.0400
1.1611 -2.0905 -0.0400
2.4407 -1.9293 -0.0400
2.4716 -1.8272 -0.0400
2.5618 -1.7578 -0.0400
3.0701 -0.1773 -0.0400
-1.0372 0.9168 -0.0400
-1.0978 0.9506 -0.0400
-1.1223 0.9802 -0.0400
-1.2060 1.0110 -0.0400
-1.2196 1.0376 -0.0400
-1.2364 1.0636 -0.0400
-1.2431 1.0893 -0.0400
-1.2405 1.1150 -0.0400
-1.2369 1.1408 -0.0400
-1.2182 1.1679 -0.0400
0.7140 1.9780 -0.0400
0.6325 2.0192 -0.0400
0.5707 2.0639 -0.0400
0.5801 2.1299 -0.0400
-0.1839 4.9559 -0.0400
-1.3261 4.4937 -0.0400
-1.3880 4.5127 -0.0400
-1.4758 4.6550 -0.0400
-1.5479 4.6476 -0.0400
-1.6081 4.6762 -0.0400
-2.0366 5.8948 -0.0400
-2.1281 5.8487 -0.0400
-2.2077 5.8980 -0.0400
-2.4901 5.3584 -0.0400
-2.5659 5.3411 -0.0400
-2.6398 5.4045 -0.0400
-3.2349 3.7482 -0.0400
-3.2799 3.7299 -0.0400
-3.3306 3.7373 -0.0400
-3.3802 3.7374 -0.0400
-3.4327 3.7470 -0.0400
-3.8555 4.1938 -0.0400
-3.8932 4.1297 -0.0400
-3.9504 4.1177 -0.0400
-6.5650 0.4968 -0.0400
-6.5856 0.4242 -0.0400
-3.9598 0.6732 -0.0400
-3.9255 0.6604 -0.0400
-3.8924 0.6482 -0.0400
-3.8787 0.6298 -0.0400
-3.8677 0.6106 -0.0400
-3.8589 0.5906 -0.0400
-3.8532 0.5693 -0.0400
-3.8590 0.5426 -0.0400
-3.8652 0.5151 -0.0400
-3.8816 0.4818 -0.0400
-5.2727 -1.8111 -0.0400
-5.2406 -1.8774 -0.0400
-3.7927 -1.0881 -0.0400
-3.7309 -1.0570 -0.0400
-3.6816 -1.0485 -0.0400
-3.6343 -1.0423 -0.0400
-3.5957 -1.0545 -0.0400
-3.5613 -1.0773 -0.0400
-3.5278 -1.1032 -0.0400
-3.5069 -1.1663 -0.0400
-3.4944 -1.2599 -0.0400
-4.3141 -4.0020 -0.0400
-1.4148 -3.9137 -0.0400
-1.3309 -3.8786 -0.0400
0.8545 -2.1737 -0.0400
0.9329 -2.1301 -0.0400
1.0489 -2.1171 -0.0400
1.1323 -2.0739 -0.0400
1.3379 -2.1255 -0.0400
2.4320 -1.9302 -0.0400
2.4729 -1.8336 -0.0400
3.0717 -0.1799 -0.0400
-1.0642 0.9244 -0.0400
-1.1055 0.9565 -0.0400
-1.1863 0.9893 -0.0400
-1.2186 1.0173 -0.0400
-1.2344 1.0438 -0.0400
-1.2415 1.0698 -0.0400
-1.2418 1.0955 -0.0400
-1.2396 1.1213 -0.0400
-1.2287 1.1477 -0.0400
-1.2005 1.1756 -0.0400
0.6714 1.9714 -0.0400
0.6007 2.0150 -0.0400
0.5728 2.0695 -0.0400
0.6237 2.1490 -0.0400
-1.2679 4.4753 -0.0400
-1.3352 4.4813 -0.0400
-1.3912 4.5148 -0.0400
-1.4811 4.6497 -0.0400
-1.5502 4.6512 -0.0400
-1.6081 4.6869 -0.0400
-2.0365 5.8990 -0.0400
-2.1286 5.8477 -0.0400
-2.4917 5.3415 -0.0400
-2.5665 5.3416 -0.0400
-2.6396 5.4365 -0.0400
-3.1939 3.7847 -0.0400
-3.2341 3.7392 -0.0400
-3.2804 3.7288 -0.0400
-3.3290 3.7280 -0.0400
-3.3818 3.7426 -0.0400
-3.4383 3.7672 -0.0400
-3.8504 4.1842 -0.0400
-3.8911 4.1288 -0.0400
-3.9480 4.1166 -0.0400
-6.5954 0.5768 -0.0400
-6.5655 0.5120 -0.0400
-3.9886 0.6767 -0.0400
-3.9211 0.6744 -0.0400
-3.9017 0.6576 -0.0400
-3.8860 0.6399 -0.0400
-3.8734 0.6214 -0.0400
-3.8637 0.6018 -0.0400
-3.8588 0.5801 -0.0400
-3.8561 0.5574 -0.0400
-3.8570 0.5327 -0.0400
-3.8638 0.5045 -0.0400
-5.2937 -1.8099 -0.0400
-5.2365 -1.8473 -0.0400
-6.4059 -3.3642 -0.0400
-3.8161 -1.1044 -0.0400
-3.7458 -1.0569 -0.0400
-3.6951 -1.0460 -0.0400
-3.6468 -1.0376 -0.0400
-3.6080 -1.0500 -0.0400
-3.5713 -1.0672 -0.0400
-3.5414 -1.1026 -0.0400
-3.5110 -1.1389 -0.0400
-4.3303 -3.9961 -0.0400
0.8607 -2.1877 -0.0400
0.9123 -2.1200 -0.0400
1.0580 -2.1328 -0.0400
1.2537 -2.1812 -0.0400
2.4310 -1.9363 -0.0400
2.4719 -1.8394 -0.0400
3.0705 -0.1824 -0.0400
1.3002 0.6385 -0.0400
-1.0915 0.9318 -0.0400
-1.1192 0.9626 -0.0400
-1.1996 0.9953 -0.0400
-1.2242 1.0230 -0.0400
-1.2363 1.0495 -0.0400
-1.2424 1.0755 -0.0400
-1.2393 1.1014 -0.0400
-1.2303 1.1276 -0.0400
-1.2092 1.1547 -0.0400
0.6282 1.9644 -0.0400
0.5832 2.0147 -0.0400
0.5653 2.0720 -0.0400
-0.1213 4.9156 -0.0400
-1.2576 4.5100 -0.0400
-1.3373 4.4870 -0.0400
-1.3745 4.5693 -0.0400
-1.4200 4.6351 -0.0400
-1.4908 4.6331 -0.0400
-1.5534 4.6532 -0.0400
-2.0445 5.8488 -0.0400
-2.1295 5.8473 -0.0400
-2.4124 5.4201 -0.0400
-2.4930 5.3382 -0.0400
-2.5668 5.3602 -0.0400
-3.1544 3.8325 -0.0400
-3.1939 3.7762 -0.0400
-3.2351 3.7369 -0.0400
-3.2829 3.7344 -0.0400
-3.3332 3.7414 -0.0400
-3.3871 3.7603 -0.0400
-3.8427 4.1662 -0.0400
-3.8892 4.1269 -0.0400
-6.6136 0.4502 -0.0400
-3.9309 0.6836 -0.0400
-3.9100 0.6672 -0.0400
-3.8932 0.6499 -0.0400
-3.8762 0.6330 -0.0400
-3.8674 0.6132 -0.0400
-3.8606 0.5925 -0.0400
-3.8562 0.5706 -0.0400
-3.8658 0.5419 -0.0400
-3.8747 0.5128 -0.0400
-3.9042 0.4722 -0.0400
-3.7647 -1.0646 -0.0400
-3.7017 -1.0277 -0.0400
-3.6598 -1.0339 -0.0400
-3.6207 -1.0456 -0.0400
-3.5837 -1.0623 -0.0400
-3.5539 -1.0982 -0.0400
-3.5240 -1.1361 -0.0400
-3.4997 -1.1935 -0.0400
-4.3491 -3.9973 -0.0400
0.8466 -2.1840 -0.0400
1.0038 -2.2098 -0.0400
1.0452 -2.1305 -0.0400
1.2393 -2.1780 -0.0400
2.4159 -1.9346 -0.0400
3.0759 -0.1868 -0.0400
-1.0243 0.8997 -0.0400
-1.1027 0.9372 -0.0400
-1.1636 0.9706 -0.0400
-1.2145 1.0011 -0.0400
-1.2322 1.0284 -0.0400
-1.2400 1.0548 -0.0400
-1.2412 1.0808 -0.0400
-1.2370 1.1069 -0.0400
-1.2272 1.1332 -0.0400
-1.1879 1.1613 -0.0400
0.6888 1.9208 -0.0400
0.6251 1.9678 -0.0400
0.5795 2.0180 -0.0400
0.5812 2.0812 -0.0400
-0.1246 4.9171 -0.0400
-1.2837 4.4600 -0.0400
-1.3362 4.5011 -0.0400
-1.4149 4.6607 -0.0400
-1.4950 4.6329 -0.0400
-1.5533 4.6660 -0.0400
-1.9535 5.8925 -0.0400
-2.0444 5.8583 -0.0400
-2.1273 5.8747 -0.0400
-2.4171 5.3758 -0.0400
-2.4948 5.3331 -0.0400
-2.5681 5.3611 -0.0400
-3.1504 3.7933 -0.0400
-3.1931 3.7598 -0.0400
-3.2362 3.7328 -0.0400
-3.2849 3.7357 -0.0400
-3.3345 3.7401 -0.0400
-3.3882 3.7591 -0.0400
-3.8369 4.1512 -0.0400
-3.8887 4.1272 -0.0400
-3.9605 0.6859 -0.0400
-3.9164 0.6772 -0.0400
-3.8993 0.6601 -0.0400
-3.8811 0.6437 -0.0400
-3.8715 0.6242 -0.0400
-3.8634 0.6041 -0.0400
-3.8635 0.5804 -0.0400
-3.8627 0.5567 -0.0400
-3.8669 0.5301 -0.0400
-3.8789 0.4990 -0.0400
-6.8561 -2.4023 -0.0400
-6.7628 -2.4464 -0.0400
-3.7949 -1.0846 -0.0400
-3.7329 -1.0516 -0.0400
-3.6836 -1.0427 -0.0400
-3.6403 -1.0453 -0.0400
-3.5999 -1.0542 -0.0400
-3.5642 -1.0745 -0.0400
-3.5307 -1.1018 -0.0400
-3.4999 -1.1384 -0.0400
-3.4743 -1.1938 -0.0400
-4.2856 -4.0285 -0.0400
0.9069 -2.1371 -0.0400
1.0366 -2.1359 -0.0400
1.1135 -2.0865 -0.0400
1.3197 -2.1392 -0.0400
2.4605 -1.8501 -0.0400
3.0698 -0.1905 -0.0400
-1.0724 0.9395 -0.0400
-1.1153 0.9723 -0.0400
-1.2042 1.0063 -0.0400
-1.2194 1.0339 -0.0400
-1.2366 1.0609 -0.0400
-1.2431 1.0873 -0.0400
-1.2407 1.1134 -0.0400
-1.2328 1.1399 -0.0400
-1.2141 1.1671 -0.0400
-1.1730 1.1963 -0.0400
0.6531 1.9801 -0.0400
0.5918 2.0267 -0.0400
0.5612 2.0807 -0.0400
-0.1270 4.9221 -0.0400
-1.2833 4.4766 -0.0400
-1.3477 4.4892 -0.0400
-1.3948 4.5448 -0.0400
-1.4990 4.6387 -0.0400
-1.5607 4.6610 -0.0400
-1.6136 4.7122 -0.0400
-2.0411 5.8964 -0.0400
-2.1316 5.8577 -0.0400
-2.4965 5.3486 -0.0400
-2.5711 5.3467 -0.0400
-3.2001 3.7802 -0.0400
-3.2405 3.7378 -0.0400
-3.2859 3.7253 -0.0400
-3.3365 3.7360 -0.0400
-3.3843 3.7324 -0.0400
-3.4422 3.7658 -0.0400
-3.8888 4.1274 -0.0400
-3.9469 4.1200 -0.0400
-3.9570 0.6791 -0.0400
-3.9291 0.6652 -0.0400
-3.8990 0.6530 -0.0400
-3.8846 0.6354 -0.0400
-3.8704 0.6179 -0.0400
-3.8617 0.5982 -0.0400
-3.8592 0.5756 -0.0400
-3.8567 0.5527 -0.0400
-3.8575 0.5278 -0.0400
-3.8931 0.4839 -0.0400
-6.7158 -2.4968 -0.0400
-6.6027 -2.5196 -0.0400
-3.7898 -1.0525 -0.0400
-3.7354 -1.0349 -0.0400
-3.6848 -1.0226 -0.0400
-3.6462 -1.0357 -0.0400
-3.6100 -1.0546 -0.0400
-3.5761 -1.0801 -0.0400
-3.5450 -1.1145 -0.0400
-4.4813 -3.9842 -0.0400
-4.3875 -3.9998 -0.0400
-3.0054 -2.0033 -0.0400
-2.9468 -1.9454 -0.0400
0.8070 -2.2851 -0.0400
0.8389 -2.1977 -0.0400
0.9889 -2.2170 -0.0400
1.0403 -2.1459 -0.0400
2.3597 -2.0398 -0.0400
3.0676 -0.3000 -0.0400
-1.0233 0.8760 -0.0400
-1.0818 0.9133 -0.0400
-1.1208 0.9465 -0.0400
-1.2155 0.9827 -0.0400
-1.2263 1.0102 -0.0400
-1.2377 1.0374 -0.0400
-1.2387 1.0638 -0.0400
-1.2356 1.0901 -0.0400
-1.2237 1.1166 -0.0400
-1.1958 1.1439 -0.0400
0.7326 1.8742 -0.0400
0.6712 1.9236 -0.0400
0.5949 1.9674 -0.0400
0.5880 2.0281 -0.0400
-0.0562 4.8863 -0.0400
-0.1158 4.9428 -0.0400
-1.2286 4.4492 -0.0400
-1.2915 4.4656 -0.0400
-1.3325 4.5343 -0.0400
-1.3718 4.6121 -0.0400
-1.4410 4.6152 -0.0400
-1.5003 4.6439 -0.0400
-1.5448 4.7184 -0.0400
-1.9584 5.8852 -0.0400
-2.0497 5.8468 -0.0400
-2.4246 5.3334 -0.0400
-2.4973 5.3623 -0.0400
-3.1136 3.8341 -0.0400
-3.1517 3.7644 -0.0400
-3.1950 3.7387 -0.0400
-3.2411 3.7306 -0.0400
-3.2919 3.7451 -0.0400
-3.3416 3.7509 -0.0400
-3.8345 4.1427 -0.0400
-3.9861 0.7010 -0.0400
-3.9331 0.6951 -0.0400
-3.9145 0.6784 -0.0400
-3.8929 0.6633 -0.0400
-3.8814 0.6448 -0.0400
-3.8712 0.6257 -0.0400
-3.8645 0.6053 -0.0400
-3.8653 0.5812 -0.0400
-3.8651 0.5572 -0.0400
-3.8912 0.5194 -0.0400
-6.8686 -2.3640 -0.0400
-6.7864 -2.4174 -0.0400
-6.6708 -2.4395 -0.0400
-6.6283 -2.5265 -0.0400
-3.8650 -1.0765 -0.0400
-3.7948 -1.0303 -0.0400
-3.7438 -1.0195 -0.0400
-3.6998 -1.0219 -0.0400
-3.6594 -1.0314 -0.0400
-3.6219 -1.0470 -0.0400
-3.5928 -1.0850 -0.0400
-3.5645 -1.1277 -0.0400
-3.5470 -1.2050 -0.0400
-4.4017 -3.9844 -0.0400
-3.0165 -1.9714 -0.0400
-2.9608 -1.9496 -0.0400
-2.9064 -1.9380 -0.0400
-2.8532 -1.9462 -0.0400
-2.8004 -1.9942 -0.0400
0.7754 -2.2670 -0.0400
0.8570 -2.2260 -0.0400
0.9736 -2.2148 -0.0400
1.0632 -2.1766 -0.0400
3.0550 -0.3020 -0.0400
-1.0827 0.8865 -0.0400
-1.1077 0.9191 -0.0400
-1.1486 0.9523 -0.0400
-1.2190 0.9863 -0.0400
-1.2286 1.0139 -0.0400
-1.2384 1.0411 -0.0400
-1.2353 1.0675 -0.0400
-1.2301 1.0940 -0.0400
-1.2092 1.1208 -0.0400
-1.0253 1.1522 -0.0400
0.6992 1.8697 -0.0400
0.6180 1.9139 -0.0400
0.5913 1.9697 -0.0400
0.6241 2.0414 -0.0400
-0.0639 4.8819 -0.0400
-1.2320 4.4537 -0.0400
-1.2772 4.5111 -0.0400
-1.3766 4.6127 -0.0400
-1.4454 4.6167 -0.0400
-1.5035 4.6486 -0.0400
-1.8722 5.8980 -0.0400
-1.9671 5.8464 -0.0400
-2.3513 5.3497 -0.0400
-2.4274 5.3328 -0.0400
-2.4986 5.3841 -0.0400
-3.1147 3.8157 -0.0400
-3.1544 3.7589 -0.0400
-3.1978 3.7344 -0.0400
-3.2455 3.7361 -0.0400
-3.2951 3.7454 -0.0400
-3.3467 3.7603 -0.0400
-3.7906 4.1852 -0.0400
-3.8355 4.1420 -0.0400
-3.8998 0.6724 -0.0400
-3.8843 0.6554 -0.0400
-3.8750 0.6361 -0.0400
-3.8686 0.6156 -0.0400
-3.8635 0.5944 -0.0400
-3.8682 0.5683 -0.0400
-3.8710 0.5425 -0.0400
-6.7946 -2.4000 -0.0400
-6.6837 -2.4263 -0.0400
-5.3346 -1.7566 -0.0400
-5.3066 -1.8273 -0.0400
-3.8244 -1.0587 -0.0400
-3.7648 -1.0313 -0.0400
-3.7113 -1.0131 -0.0400
-3.6721 -1.0254 -0.0400
-3.6358 -1.0440 -0.0400
-3.6020 -1.0699 -0.0400
-3.5714 -1.1058 -0.0400
-3.5463 -1.1600 -0.0400
-3.0334 -2.0035 -0.0400
-2.9742 -1.9422 -0.0400
-2.9203 -1.9381 -0.0400
-2.8673 -1.9561 -0.0400
-2.8140 -1.9846 -0.0400
0.7764 -2.2808 -0.0400
0.8326 -2.2158 -0.0400
0.9719 -2.2255 -0.0400
1.1745 -2.2846 -0.0400
-1.0674 0.8866 -0.0400
-1.1186 0.9228 -0.0400
-1.1966 0.9597 -0.0400
-1.2292 0.9900 -0.0400
-1.2348 1.0173 -0.0400
-1.2374 1.0443 -0.0400
-1.2325 1.0708 -0.0400
-1.2255 1.0975 -0.0400
-1.1970 1.1245 -0.0400
0.6919 1.8705 -0.0400
0.6164 1.9162 -0.0400
0.5970 1.9739 -0.0400
-1.1755 4.4346 -0.0400
-1.2425 4.4428 -0.0400
-1.2863 4.5025 -0.0400
-1.3801 4.6170 -0.0400
-1.4462 4.6283 -0.0400
-1.8797 5.8715 -0.0400
-1.9724 5.8299 -0.0400
-2.0517 5.8656 -0.0400
-2.3564 5.3292 -0.0400
-2.4299 5.3388 -0.0400
-2.5013 5.3854 -0.0400
-3.1157 3.7933 -0.0400
-3.1568 3.7487 -0.0400
-3.2016 3.7343 -0.0400
-3.2496 3.7383 -0.0400
-3.2988 3.7459 -0.0400
-3.7842 4.1608 -0.0400
-3.8406 4.1518 -0.0400
-8.5535 1.9565 -0.0400
-3.8707 0.6266 -0.0400
-3.8685 0.6042 -0.0400
-3.8652 0.5821 -0.0400
-3.8764 0.5523 -0.0400
-3.8848 0.5232 -0.0400
-6.8694 -2.3166 -0.0400
-6.7771 -2.3606 -0.0400
-6.6929 -2.4099 -0.0400
-6.6672 -2.5122 -0.0400
-5.3530 -1.7524 -0.0400
-5.2987 -1.7932 -0.0400
-3.7276 -1.0148 -0.0400
-3.6861 -1.0221 -0.0400
-3.6478 -1.0361 -0.0400
-3.6177 -1.0715 -0.0400
-3.5893 -1.1136 -0.0400
-3.5709 -1.1877 -0.0400
-4.4470 -4.0043 -0.0400
-3.0471 -1.9949 -0.0400
-2.9895 -1.9575 -0.0400
-2.9344 -1.9376 -0.0400
-2.8810 -1.9465 -0.0400
-2.8284 -2.0076 -0.0400
0.7623 -2.2809 -0.0400
0.9140 -2.3048 -0.0400
0.9637 -2.2310 -0.0400
1.1575 -2.2828 -0.0400
-1.0802 0.8899 -0.0400
-1.1780 0.9317 -0.0400
-1.2103 0.9632 -0.0400
-1.2241 0.9919 -0.0400
-1.2368 1.0200 -0.0400
-1.2357 1.0469 -0.0400
-1.2244 1.0734 -0.0400
-1.2122 1.1003 -0.0400
-1.1916 1.1277 -0.0400
0.6601 1.8656 -0.0400
0.6057 1.9159 -0.0400
0.6012 1.9774 -0.0400
-0.0066 4.8354 -0.0400
-1.1734 4.4509 -0.0400
-1.2375 4.4661 -0.0400
-1.3204 4.6017 -0.0400
-1.3926 4.5988 -0.0400
-1.4517 4.6275 -0.0400
-1.4897 4.7160 -0.0400
-1.8837 5.8649 -0.0400
-1.9755 5.8287 -0.0400
-2.3586 5.3409 -0.0400
-2.4315 5.3593 -0.0400
-3.1166 3.7660 -0.0400
-3.1600 3.7410 -0.0400
-3.2071 3.7418 -0.0400
-3.2553 3.7467 -0.0400
-3.3043 3.7534 -0.0400
-3.7438 4.2117 -0.0400
-3.7847 4.1555 -0.0400
-3.8451 4.1584 -0.0400
-8.4879 2.0624 -0.0400
-8.0235 1.6120 -0.0400
-8.0690 1.5228 -0.0400
-3.8721 0.5667 -0.0400
-3.8954 0.5300 -0.0400
-6.8840 -2.3050 -0.0400
-6.7943 -2.3514 -0.0400
-6.7024 -2.3940 -0.0400
-5.3583 -1.7340 -0.0400
-5.3265 -1.8001 -0.0400
-3.6266 -1.0553 -0.0400
-3.5951 -1.0883 -0.0400
-3.5684 -1.1371 -0.0400
-3.0622 -1.9991 -0.0400
-3.0041 -1.9577 -0.0400
-2.9487 -1.9377 -0.0400
-2.8954 -1.9482 -0.0400
-2.8420 -1.9722 -0.0400
0.7311 -2.3861 -0.0400
0.7542 -2.2875 -0.0400
0.8644 -2.2727 -0.0400
0.9536 -2.2357 -0.0400
-1.1135 0.8956 -0.0400
-1.1907 0.9346 -0.0400
-1.2154 0.9654 -0.0400
-1.2273 0.9940 -0.0400
-1.2362 1.0220 -0.0400
-1.2325 1.0489 -0.0400
-1.2259 1.0758 -0.0400
-1.1952 1.1025 -0.0400
-1.1482 1.1304 -0.0400
0.6484 1.8647 -0.0400
0.6058 1.9178 -0.0400
0.6209 1.9843 -0.0400
-1.0934 4.4775 -0.0400
-1.1933 4.4215 -0.0400
-1.2465 4.4588 -0.0400
-1.3202 4.6152 -0.0400
-1.3961 4.6034 -0.0400
-1.4388 4.6758 -0.0400
-1.8869 5.8644 -0.0400
-2.2835 5.3752 -0.0400
-2.3627 5.3347 -0.0400
-2.4317 5.3990 -0.0400
-3.0802 3.8172 -0.0400
-3.1199 3.7550 -0.0400
-3.1648 3.7415 -0.0400
-3.2116 3.7413 -0.0400
-3.2610 3.7532 -0.0400
-3.3152 3.7860 -0.0400
-3.7421 4.1974 -0.0400
-3.7882 4.1577 -0.0400
-8.4875 2.0745 -0.0400
-8.0466 1.7194 -0.0400
-8.0234 1.6240 -0.0400
-8.1091 1.5382 -0.0400
-6.8922 -2.2885 -0.0400
-6.8027 -2.3350 -0.0400
-6.7252 -2.3903 -0.0400
-5.3729 -1.7261 -0.0400
-5.3244 -1.7730 -0.0400
-4.4837 -3.9962 -0.0400
-3.0790 -2.0200 -0.0400
-3.0175 -1.9403 -0.0400
-2.9633 -1.9371 -0.0400
-2.9099 -1.9472 -0.0400
-2.8565 -1.9715 -0.0400
-1.8271 -3.9143 -0.0400
0.7203 -2.3911 -0.0400
0.7465 -2.2953 -0.0400
0.8376 -2.2626 -0.0400
0.9717 -2.2665 -0.0400
1.1710 -2.3226 -0.0400
-1.0881 0.8622 -0.0400
-1.1129 0.8961 -0.0400
-1.1936 0.9359 -0.0400
-1.2168 0.9666 -0.0400
-1.2349 0.9960 -0.0400
-1.2347 1.0233 -0.0400
-1.2296 1.0504 -0.0400
-1.2205 1.0774 -0.0400
-1.1768 1.1041 -0.0400
0.7252 1.8182 -0.0400
0.6289 1.8617 -0.0400
0.6142 1.9211 -0.0400
0.6274 1.9874 -0.0400
0.0576 4.7975 -0.0400
-0.0003 4.8557 -0.0400
-1.1385 4.3996 -0.0400
-1.1963 4.4272 -0.0400
-1.2490 4.6251 -0.0400
-1.3386 4.5844 -0.0400
-1.4019 4.6026 -0.0400
-1.4505 4.6590 -0.0400
-1.8067 5.8511 -0.0400
-1.8992 5.8164 -0.0400
-2.2934 5.3238 -0.0400
-2.3657 5.3430 -0.0400
-2.4311 5.4503 -0.0400
-3.0805 3.7730 -0.0400
-3.1246 3.7513 -0.0400
-3.1700 3.7423 -0.0400
-3.2176 3.7477 -0.0400
-3.2671 3.7602 -0.0400
-3.7392 4.1777 -0.0400
-3.7912 4.1572 -0.0400
-8.4922 2.0870 -0.0400
-8.5461 1.9927 -0.0400
-8.0521 1.7314 -0.0400
-8.0223 1.6354 -0.0400
-6.8965 -2.2691 -0.0400
-6.8023 -2.3112 -0.0400
-6.7384 -2.3783 -0.0400
-5.3897 -1.7207 -0.0400
-6.6143 -3.2145 -0.0400
-3.0895 -1.9715 -0.0400
-3.0327 -1.9445 -0.0400
-2.9782 -1.9375 -0.0400
-2.9245 -1.9439 -0.0400
-2.8722 -2.0152 -0.0400
-1.8430 -3.9206 -0.0400
-1.7495 -3.9276 -0.0400
-1.6577 -3.9234 -0.0400
-1.5583 -3.9478 -0.0400
0.6971 -2.3845 -0.0400
0.7381 -2.3031 -0.0400
0.8774 -2.3155 -0.0400
0.9629 -2.2739 -0.0400
1.1589 -2.3273 -0.0400
-1.0802 0.8607 -0.0400
-1.1091 0.8956 -0.0400
-1.2181 0.9392 -0.0400
-1.2298 0.9685 -0.0400
-1.2339 0.9966 -0.0400
-1.2333 1.0241 -0.0400
-1.2272 1.0513 -0.0400
-1.1994 1.0779 -0.0400
-1.1581 1.1052 -0.0400
0.7175 1.8171 -0.0400
0.6259 1.8618 -0.0400
0.6280 1.9251 -0.0400
0.0534 4.7975 -0.0400
-0.0026 4.8582 -0.0400
-1.1403 4.4073 -0.0400
-1.2026 4.4261 -0.0400
-1.2805 4.5663 -0.0400
-1.3465 4.5788 -0.0400
-1.3984 4.6250 -0.0400
-1.8087 5.8576 -0.0400
-1.9026 5.8165 -0.0400
-2.2182 5.3580 -0.0400
-2.2972 5.3250 -0.0400
-2.3693 5.3465 -0.0400
-3.0441 3.8254 -0.0400
-3.0842 3.7566 -0.0400
-3.1293 3.7456 -0.0400
-3.1754 3.7429 -0.0400
-3.2247 3.7589 -0.0400
-3.2731 3.7652 -0.0400
-3.6972 4.2204 -0.0400
-3.7400 4.1685 -0.0400
-8.4986 2.2021 -0.0400
-8.4964 2.0988 -0.0400
-8.0217 1.6464 -0.0400
-6.9179 -2.2642 -0.0400
-6.7973 -2.2840 -0.0400
-6.7301 -2.3475 -0.0400
-5.3924 -1.7002 -0.0400
-5.3658 -1.7716 -0.0400
-3.8722 -1.0260 -0.0400
-3.8152 -1.0043 -0.0400
-3.1575 -1.9966 -0.0400
-3.0977 -1.9513 -0.0400
-3.0420 -1.9351 -0.0400
-2.9891 -1.9532 -0.0400
-2.9365 -1.9938 -0.0400
-1.9418 -3.9446 -0.0400
-1.8478 -3.9562 -0.0400
-1.7476 -3.9929 -0.0400
-1.6584 -3.9719 -0.0400
0.8127 -2.3870 -0.0400
0.9075 -2.3548 -0.0400
1.1042 -2.4129 -0.0400
-1.0741 0.7966 -0.0400
-1.1087 0.8342 -0.0400
-1.1811 0.8764 -0.0400
-1.2136 0.9102 -0.0400
-1.2265 0.9402 -0.0400
-1.2313 0.9687 -0.0400
-1.2266 0.9961 -0.0400
-1.2150 1.0231 -0.0400
-1.1944 1.0500 -0.0400
-1.1425 1.0763 -0.0400
0.7560 1.6960 -0.0400
0.6851 1.7477 -0.0400
0.6430 1.8028 -0.0400
0.6507 1.8672 -0.0400
0.1120 4.7440 -0.0400
-1.0267 4.3544 -0.0400
-1.0919 4.3687 -0.0400
-1.1310 4.4332 -0.0400
-1.2204 4.5476 -0.0400
-1.2897 4.5538 -0.0400
-1.3443 4.5927 -0.0400
-1.6424 5.8362 -0.0400
-1.7409 5.7856 -0.0400
-2.1452 5.3597 -0.0400
-2.2267 5.3163 -0.0400
-2.9984 3.7953 -0.0400
-3.0424 3.7646 -0.0400
-3.0874 3.7511 -0.0400
-3.1347 3.7589 -0.0400
-3.1841 3.7774 -0.0400
-3.2377 3.8170 -0.0400
-3.6384 4.2081 -0.0400
-3.6908 4.1888 -0.0400
-8.4623 2.2023 -0.0400
-8.0030 1.8359 -0.0400
-8.0300 1.7467 -0.0400
-6.5898 0.7812 -0.0400
-6.6294 0.7099 -0.0400
-6.9661 -2.1685 -0.0400
-6.8694 -2.2094 -0.0400
-6.8052 -2.2757 -0.0400
-5.4476 -1.6456 -0.0400
-5.4203 -1.7152 -0.0400
-3.8722 -1.0046 -0.0400
-3.8116 -0.9748 -0.0400
-3.7710 -0.9843 -0.0400
-3.7335 -1.0004 -0.0400
-3.1198 -1.9690 -0.0400
-3.0628 -1.9420 -0.0400
-3.0082 -1.9361 -0.0400
-2.9546 -1.9455 -0.0400
-2.9012 -1.9732 -0.0400
-1.8754 -3.9344 -0.0400
-1.7820 -3.9400 -0.0400
-1.6866 -3.9510 -0.0400
-1.5821 -3.9948 -0.0400
-1.0281 0.8177 -0.0400
-1.0966 0.8611 -0.0400
-1.2096 0.9084 -0.0400
-1.2255 0.9391 -0.0400
-1.2323 0.9682 -0.0400
-1.2333 0.9963 -0.0400
-1.2277 1.0239 -0.0400
-1.2169 1.0513 -0.0400
-1.1975 1.0786 -0.0400
0.6484 1.8033 -0.0400
0.6264 1.8618 -0.0400
-1.0883 4.3898 -0.0400
-1.1552 4.4004 -0.0400
-1.1993 4.4559 -0.0400
-1.2236 4.5563 -0.0400
-1.2954 4.5573 -0.0400
-1.3532 4.5886 -0.0400
-1.3864 4.6813 -0.0400
-1.8247 5.8149 -0.0400
-1.9060 5.8351 -0.0400
-2.2316 5.3217 -0.0400
-2.3047 5.3330 -0.0400
-2.3681 5.4359 -0.0400
-3.0094 3.8370 -0.0400
-3.0516 3.7779 -0.0400
-3.0953 3.7506 -0.0400
-3.1419 3.7533 -0.0400
-3.1896 3.7621 -0.0400
-3.2368 3.7641 -0.0400
-3.6964 4.1880 -0.0400
-3.7529 4.1831 -0.0400
-8.4716 2.2173 -0.0400
-8.0354 1.7604 -0.0400
-8.0237 1.6668 -0.0400
-6.6000 0.7933 -0.0400
-6.5888 0.7277 -0.0400
-6.6344 0.6549 -0.0400
-6.7544 -2.3234 -0.0400
-5.4170 -1.6812 -0.0400
-5.4000 -1.7632 -0.0400
-3.9074 -1.0328 -0.0400
-3.8454 -1.0019 -0.0400
-3.7961 -0.9941 -0.0400
-3.7530 -0.9979 -0.0400
-3.7132 -1.0086 -0.0400
-3.6800 -1.0356 -0.0400
-3.6493 -1.0704 -0.0400
-3.6242 -1.1233 -0.0400
-3.1396 -2.0137 -0.0400
-3.0793 -1.9567 -0.0400
-3.0234 -1.9363 -0.0400
-2.9702 -1.9543 -0.0400
-2.9171 -1.9985 -0.0400
-1.8926 -3.9379 -0.0400
-1.7981 -3.9488 -0.0400
-1.6970 -3.9851 -0.0400
-1.6086 -3.9594 -0.0400
-1.0824 0.8253 -0.0400
-1.1119 0.8617 -0.0400
-1.1958 0.9048 -0.0400
-1.2196 0.9370 -0.0400
-1.2293 0.9667 -0.0400
-1.2303 0.9951 -0.0400
-1.2203 1.0226 -0.0400
-1.2026 1.0498 -0.0400
-1.1649 1.0769 -0.0400
0.7696 1.7601 -0.0400
0.6429 1.8012 -0.0400
0.6320 1.8621 -0.0400
0.6567 1.9311 -0.0400
0.1060 4.7470 -0.0400
0.0563 4.8154 -0.0400
-1.0939 4.3893 -0.0400
-1.1462 4.4285 -0.0400
-1.2268 4.5608 -0.0400
-1.2997 4.5596 -0.0400
-1.3586 4.5886 -0.0400
-1.7383 5.8330 -0.0400
-1.8301 5.8066 -0.0400
-2.2348 5.3300 -0.0400
-2.3023 5.3871 -0.0400
-3.0143 3.8193 -0.0400
-3.0560 3.7565 -0.0400
-3.1015 3.7509 -0.0400
-3.1487 3.7584 -0.0400
-3.1958 3.7631 -0.0400
-3.6479 4.2033 -0.0400
-3.6991 4.1807 -0.0400
-3.7578 4.1837 -0.0400
-8.4824 2.1264 -0.0400
-8.0086 1.7663 -0.0400
-8.0912 1.6830 -0.0400
-6.6034 0.8021 -0.0400
-6.5886 0.7370 -0.0400
-6.6336 0.6646 -0.0400
-5.4234 -1.6659 -0.0400
-5.3827 -1.7208 -0.0400
-3.8684 -1.0174 -0.0400
-3.8060 -0.9818 -0.0400
-3.7645 -0.9892 -0.0400
-3.7259 -1.0027 -0.0400
-3.6900 -1.0226 -0.0400
-3.6568 -1.0502 -0.0400
-3.6271 -1.0890 -0.0400
-3.0387 -1.9352 -0.0400
-2.9849 -1.9423 -0.0400
-2.9315 -1.9682 -0.0400
-1.9062 -3.9630 -0.0400
-1.8151 -3.9547 -0.0400
-1.7113 -4.0030 -0.0400
-1.6247 -3.9683 -0.0400
-1.1067 0.8270 -0.0400
-1.1769 0.8700 -0.0400
-1.2136 0.9052 -0.0400
-1.2275 0.9361 -0.0400
-1.2322 0.9653 -0.0400
-1.2305 0.9936 -0.0400
-1.2226 1.0214 -0.0400
-1.2078 1.0489 -0.0400
0.6835 1.7436 -0.0400
0.6431 1.7997 -0.0400
0.6386 1.8621 -0.0400
0.1102 4.7558 -0.0400
-1.1065 4.3757 -0.0400
-1.1460 4.4391 -0.0400
-1.2325 4.5596 -0.0400
-1.3031 4.5637 -0.0400
-1.3437 4.6353 -0.0400
-1.7396 5.8424 -0.0400
-2.1640 5.3318 -0.0400
-2.2407 5.3194 -0.0400
-2.3096 5.3627 -0.0400
-2.9737 3.8172 -0.0400
-3.0176 3.7729 -0.0400
-3.0623 3.7549 -0.0400
-3.1079 3.7509 -0.0400
-3.1554 3.7617 -0.0400
-3.2059 3.7908 -0.0400
-3.6561 4.2148 -0.0400
-3.7066 4.1894 -0.0400
-8.4592 2.2328 -0.0400
-8.0199 1.7762 -0.0400
-6.6132 0.8098 -0.0400
-6.5868 0.7459 -0.0400
-5.4341 -1.6557 -0.0400
-3.9309 -1.0173 -0.0400
-3.8711 -0.9908 -0.0400
-3.8221 -0.9837 -0.0400
-3.7789 -0.9874 -0.0400
-3.7389 -0.9976 -0.0400
-3.7045 -1.0212 -0.0400
-3.6727 -1.0524 -0.0400
-3.6451 -1.0974 -0.0400
-3.6351 -1.1980 -0.0400
-2.0978 -3.9923 -0.0400
-2.0094 -3.9696 -0.0400
-1.9160 -3.9760 -0.0400
-1.8182 -4.0003 -0.0400
-1.0901 0.7898 -0.0400
-1.1156 0.8265 -0.0400
-1.2009 0.8720 -0.0400
-1.2325 0.9063 -0.0400
-1.2331 0.9352 -0.0400
-1.2264 0.9631 -0.0400
-1.2139 0.9906 -0.0400
-1.1909 1.0176 -0.0400
-1.0121 1.0359 -0.0400
0.7959 1.6306 -0.0400
0.7008 1.6813 -0.0400
0.6591 1.7380 -0.0400
0.6574 1.8010 -0.0400
0.1787 4.7125 -0.0400
-0.9960 4.3164 -0.0400
-1.0503 4.3509 -0.0400
-1.1890 4.5054 -0.0400
-1.2452 4.5398 -0.0400
-1.2822 4.6176 -0.0400
-1.5740 5.8166 -0.0400
-1.6735 5.7689 -0.0400
-2.0980 5.2959 -0.0400
-2.1679 5.3256 -0.0400
-2.9313 3.8202 -0.0400
-2.9759 3.7747 -0.0400
-3.0209 3.7571 -0.0400
-3.0682 3.7729 -0.0400
-3.1148 3.7758 -0.0400
-3.1645 3.8025 -0.0400
-3.6004 4.2063 -0.0400
-3.6625 4.2258 -0.0400
-8.4437 2.3372 -0.0400
-8.0442 1.9700 -0.0400
-7.9887 1.8692 -0.0400
-6.6533 0.9455 -0.0400
-6.5947 0.8828 -0.0400
-6.6101 0.8154 -0.0400
-4.0323 0.7837 -0.0400
-3.9785 0.7784 -0.0400
-3.9529 0.7653 -0.0400
-3.9925 -1.0235 -0.0400
-3.9215 -0.9782 -0.0400
-3.8707 -0.9690 -0.0400
-3.8220 -0.9617 -0.0400
-3.7840 -0.9762 -0.0400
-3.7484 -0.9963 -0.0400
-3.7152 -1.0230 -0.0400
-3.6852 -1.0592 -0.0400
-2.0287 -3.9643 -0.0400
-1.9299 -4.0013 -0.0400
-1.8341 -4.0133 -0.0400
-1.0764 0.7505 -0.0400
-1.1113 0.7902 -0.0400
-1.1853 0.8358 -0.0400
-1.2163 0.8713 -0.0400
-1.2283 0.9026 -0.0400
-1.2313 0.9321 -0.0400
-1.2276 0.9606 -0.0400
-1.2030 0.9870 -0.0400
-1.1660 1.0133 -0.0400
0.7189 1.6812 -0.0400
0.6676 1.7368 -0.0400
0.2299 4.6492 -0.0400
-0.9951 4.3261 -0.0400
-1.0459 4.3673 -0.0400
-1.1301 4.4858 -0.0400
-1.1933 4.5064 -0.0400
-1.2461 4.5482 -0.0400
-1.5735 5.8307 -0.0400
-1.6724 5.7870 -0.0400
-2.0149 5.3571 -0.0400
-2.1019 5.2984 -0.0400
-2.1736 5.3177 -0.0400
-2.2295 5.4462 -0.0400
-2.8912 3.8291 -0.0400
-2.9367 3.7782 -0.0400
-2.9819 3.7599 -0.0400
-3.0276 3.7574 -0.0400
-3.0747 3.7719 -0.0400
-3.1213 3.7752 -0.0400
-3.1712 3.8036 -0.0400
-3.5525 4.2198 -0.0400
-3.6065 4.2086 -0.0400
-8.4276 2.3413 -0.0400
-7.9787 1.9668 -0.0400
-8.0118 1.8799 -0.0400
-6.6001 0.8898 -0.0400
-6.5958 0.8243 -0.0400
-3.9810 0.7840 -0.0400
-3.9544 0.7713 -0.0400
-3.9264 0.7599 -0.0400
-3.9137 0.7434 -0.0400
-3.9030 0.7264 -0.0400
-3.9372 -0.9793 -0.0400
-3.8765 -0.9499 -0.0400
-3.8352 -0.9577 -0.0400
-3.7964 -0.9704 -0.0400
-3.7598 -0.9881 -0.0400
-3.7319 -1.0275 -0.0400
-3.7048 -1.0716 -0.0400
-3.6906 -1.1547 -0.0400
-2.0517 -3.9750 -0.0400
-1.9577 -3.9849 -0.0400
-1.8669 -3.9733 -0.0400
-1.7663 -4.0066 -0.0400
-1.6714 -4.0076 -0.0400
-1.0173 0.7646 -0.0400
-1.0960 0.8132 -0.0400
-1.1170 0.8489 -0.0400
-1.2255 0.8971 -0.0400
-1.2318 0.9273 -0.0400
-1.2318 0.9565 -0.0400
-1.2245 0.9849 -0.0400
-1.2111 1.0128 -0.0400
-1.1856 1.0404 -0.0400
-0.9710 1.0600 -0.0400
0.7413 1.6797 -0.0400
0.6657 1.7320 -0.0400
0.6513 1.7932 -0.0400
0.6943 1.8658 -0.0400
0.1646 4.7013 -0.0400
-0.9987 4.3301 -0.0400
-1.0622 4.3491 -0.0400
-1.1891 4.5271 -0.0400
-1.2567 4.5388 -0.0400
-1.3037 4.5941 -0.0400
-1.5748 5.8417 -0.0400
-1.6791 5.7783 -0.0400
-1.7600 5.7998 -0.0400
-2.1068 5.3030 -0.0400
-2.1803 5.3117 -0.0400
-2.2409 5.4067 -0.0400
-2.9474 3.8432 -0.0400
-2.9918 3.7795 -0.0400
-3.0366 3.7583 -0.0400
-3.0834 3.7690 -0.0400
-3.1301 3.7740 -0.0400
-3.1795 3.7996 -0.0400
-3.6133 4.2052 -0.0400
-3.6681 4.1972 -0.0400
-8.4286 2.3506 -0.0400
-8.0112 1.8888 -0.0400
-8.0024 1.7961 -0.0400
-6.6229 0.8972 -0.0400
-6.5927 0.8338 -0.0400
-6.6334 0.7639 -0.0400
-3.9843 0.7688 -0.0400
-3.9412 0.7626 -0.0400
-3.9252 0.7474 -0.0400
-3.9119 0.7315 -0.0400
-3.9008 0.7149 -0.0400
-3.8918 0.6975 -0.0400
-3.8857 0.6789 -0.0400
-3.8816 0.6591 -0.0400
-3.9916 -1.0470 -0.0400
-3.9163 -0.9910 -0.0400
-3.8569 -0.9621 -0.0400
-3.8153 -0.9689 -0.0400
-3.7761 -0.9804 -0.0400
-3.7414 -1.0027 -0.0400
-3.7086 -1.0306 -0.0400
-3.6788 -1.0681 -0.0400
-3.6550 -1.1260 -0.0400
-3.1976 -1.9734 -0.0400
-3.1396 -1.9402 -0.0400
-2.0645 -3.9724 -0.0400
-1.9629 -4.0258 -0.0400
-1.8693 -4.0253 -0.0400
-1.0903 0.7434 -0.0400
-1.1171 0.7818 -0.0400
-1.1972 0.8291 -0.0400
-1.2201 0.8635 -0.0400
-1.2294 0.8947 -0.0400
-1.2308 0.9244 -0.0400
-1.2182 0.9523 -0.0400
-1.1983 0.9797 -0.0400
-1.1547 1.0058 -0.0400
0.7817 1.6175 -0.0400
0.6741 1.6671 -0.0400
0.6917 1.7336 -0.0400
-0.9475 4.2944 -0.0400
-1.0008 4.3313 -0.0400
-1.0716 4.4717 -0.0400
-1.1412 4.4814 -0.0400
-1.1925 4.5261 -0.0400
-1.4990 5.8044 -0.0400
-1.6008 5.7553 -0.0400
-1.6806 5.7809 -0.0400
-2.0364 5.2922 -0.0400
-2.1104 5.2986 -0.0400
-2.1751 5.3599 -0.0400
-2.9042 3.7854 -0.0400
-2.9497 3.7634 -0.0400
-2.9953 3.7584 -0.0400
-3.0418 3.7691 -0.0400
-3.0884 3.7761 -0.0400
-3.1369 3.7979 -0.0400
-3.5633 4.2164 -0.0400
-8.4069 2.4517 -0.0400
-8.4423 2.3577 -0.0400
-8.0184 2.0786 -0.0400
-7.9661 1.9774 -0.0400
-6.5956 0.9032 -0.0400
-3.9702 0.7984 -0.0400
-3.9478 0.7848 -0.0400
-3.9310 0.7699 -0.0400
-3.9173 0.7542 -0.0400
-3.9042 0.7385 -0.0400
-3.8971 0.7206 -0.0400
-3.8912 0.7020 -0.0400
-3.8877 0.6824 -0.0400
-3.8941 0.6577 -0.0400
-3.8987 0.6333 -0.0400
-3.9091 0.6052 -0.0400
-3.9567 -0.9595 -0.0400
-3.9078 -0.9537 -0.0400
-3.8592 -0.9464 -0.0400
-3.8204 -0.9589 -0.0400
-3.7859 -0.9808 -0.0400
-3.7531 -1.0078 -0.0400
-3.7230 -1.0430 -0.0400
-3.2700 -2.0289 -0.0400
-3.2056 -1.9521 -0.0400
-3.1486 -1.9263 -0.0400
-3.0956 -1.9424 -0.0400
-3.0434 -1.9822 -0.0400
-1.9866 -3.9982 -0.0400
-1.8869 -4.0321 -0.0400
-1.7875 -4.0555 -0.0400
-1.0800 0.7352 -0.0400
-1.1116 0.7750 -0.0400
-1.1810 0.8207 -0.0400
-1.2299 0.8601 -0.0400
-1.2332 0.8905 -0.0400
-1.2306 0.9197 -0.0400
-1.2215 0.9482 -0.0400
-1.2059 0.9762 -0.0400
-1.1770 1.0035 -0.0400
0.7355 1.6067 -0.0400
0.6769 1.6629 -0.0400
0.6773 1.7269 -0.0400
0.2873 4.5944 -0.0400
-0.9549 4.2885 -0.0400
-0.9949 4.3476 -0.0400
-1.0786 4.4660 -0.0400
-1.1454 4.4811 -0.0400
-1.1963 4.5264 -0.0400
-1.5076 5.7850 -0.0400
-1.6054 5.7498 -0.0400
-2.0406 5.2913 -0.0400
-2.1061 5.3436 -0.0400
-2.9109 3.7895 -0.0400
-2.9564 3.7595 -0.0400
-3.0026 3.7689 -0.0400
-3.0491 3.7774 -0.0400
-3.0967 3.7949 -0.0400
-3.5156 4.2283 -0.0400
-3.5697 4.2182 -0.0400
-8.4049 2.4568 -0.0400
-7.9640 1.9826 -0.0400
-8.0080 1.8981 -0.0400
-6.6121 0.9731 -0.0400
-6.5940 0.9089 -0.0400
-6.6465 0.8394 -0.0400
-4.0300 0.8057 -0.0400
-3.9785 0.8003 -0.0400
-3.9531 0.7878 -0.0400
-3.9345 0.7736 -0.0400
-3.9150 0.7603 -0.0400
-3.9055 0.7434 -0.0400
-3.8981 0.7258 -0.0400
-3.8920 0.7076 -0.0400
-3.8944 0.6854 -0.0400
-3.8947 0.6638 -0.0400
-3.8994 0.6396 -0.0400
-3.9104 0.6114 -0.0400
-3.9776 -0.9722 -0.0400
-3.9158 -0.9408 -0.0400
-3.8732 -0.9460 -0.0400
-3.8319 -0.9528 -0.0400
-3.7955 -0.9702 -0.0400
-3.7653 -1.0028 -0.0400
-3.7350 -1.0372 -0.0400
-3.2786 -1.9733 -0.0400
-3.2193 -1.9366 -0.0400
-3.1639 -1.9256 -0.0400
-3.1102 -1.9318 -0.0400
-3.0573 -1.9549 -0.0400
0.4649 -2.5960 -0.0400
-1.0753 0.7276 -0.0400
-1.1088 0.7682 -0.0400
-1.2137 0.8211 -0.0400
-1.2266 0.8539 -0.0400
-1.2315 0.8848 -0.0400
-1.2308 0.9146 -0.0400
-1.2142 0.9423 -0.0400
-1.1915 0.9698 -0.0400
-1.1220 0.9940 -0.0400
0.7762 1.5412 -0.0400
0.6972 1.5965 -0.0400
0.6797 1.6581 -0.0400
0.7209 1.7289 -0.0400
0.2855 4.5923 -0.0400
-0.8954 4.2667 -0.0400
-0.9568 4.2909 -0.0400
-1.0009 4.3433 -0.0400
-1.0882 4.4549 -0.0400
-1.1467 4.4853 -0.0400
-1.1937 4.5387 -0.0400
-1.5148 5.7699 -0.0400
-1.9602 5.3285 -0.0400
-2.0456 5.2858 -0.0400
-2.1083 5.3526 -0.0400
-2.8713 3.7939 -0.0400
-2.9174 3.7663 -0.0400
-2.9631 3.7590 -0.0400
-3.0092 3.7666 -0.0400
-3.0557 3.7761 -0.0400
-3.5222 4.2307 -0.0400
-8.4091 2.4629 -0.0400
-7.9815 1.9903 -0.0400
-6.5953 0.9788 -0.0400
-6.6135 0.9128 -0.0400
-3.9662 0.8082 -0.0400
-3.9455 0.7945 -0.0400
-3.9298 0.7797 -0.0400
-3.9171 0.7640 -0.0400
-3.9069 0.7476 -0.0400
-3.8988 0.7305 -0.0400
-3.8958 0.7112 -0.0400
-3.8937 0.6912 -0.0400
-3.8938 0.6700 -0.0400
-3.8976 0.6465 -0.0400
-3.9294 -0.9401 -0.0400
-3.8823 -0.9358 -0.0400
-3.8437 -0.9481 -0.0400
-3.8076 -0.9660 -0.0400
-3.7734 -0.9887 -0.0400
-3.7488 -1.0369 -0.0400
-3.7236 -1.0870 -0.0400
-3.2995 -2.0179 -0.0400
-3.2359 -1.9495 -0.0400
-3.1788 -1.9229 -0.0400
-3.1257 -1.9369 -0.0400
-3.0734 -1.9711 -0.0400
0.4588 -2.6141 -0.0400
0.5266 -2.5572 -0.0400
0.6473 -2.5550 -0.0400
0.7541 -2.5350 -0.0400
-1.0771 0.7209 -0.0400
-1.1575 0.7717 -0.0400
-1.2108 0.8141 -0.0400
-1.2250 0.8474 -0.0400
-1.2306 0.8787 -0.0400
-1.2286 0.9085 -0.0400
-1.2170 0.9370 -0.0400
-1.1978 0.9650 -0.0400
-1.1585 0.9919 -0.0400
0.7216 1.5936 -0.0400
0.6798 1.6524 -0.0400
0.3009 4.6082 -0.0400
-0.9040 4.2578 -0.0400
-0.9550 4.2986 -0.0400
-1.0238 4.4397 -0.0400
-1.0946 4.4489 -0.0400
-1.1505 4.4844 -0.0400
-1.1764 4.5796 -0.0400
-1.4330 5.7558 -0.0400
-1.5301 5.7273 -0.0400
-1.6079 5.7602 -0.0400
-1.9777 5.2670 -0.0400
-2.0477 5.2936 -0.0400
-2.1037 5.3962 -0.0400
-2.8778 3.7947 -0.0400
-2.9240 3.7594 -0.0400
-2.9700 3.7666 -0.0400
-3.0163 3.7779 -0.0400
-3.0632 3.7896 -0.0400
-3.4751 4.2461 -0.0400
-3.5266 4.2223 -0.0400
-3.5903 4.2567 -0.0400
-8.4345 2.4735 -0.0400
-7.9422 2.0789 -0.0400
-7.9793 1.9943 -0.0400
-6.5996 0.9829 -0.0400
-6.5969 0.9183 -0.0400
-4.0179 0.8164 -0.0400
-3.9752 0.8087 -0.0400
-3.9513 0.7962 -0.0400
-3.9337 0.7821 -0.0400
-3.9152 0.7687 -0.0400
-3.9064 0.7520 -0.0400
-3.8998 0.7345 -0.0400
-3.8949 0.7162 -0.0400
-3.8925 0.6967 -0.0400
-3.8918 0.6761 -0.0400
-3.9119 0.6448 -0.0400
-3.9347 0.6108 -0.0400
-7.1192 -1.9811 -0.0400
-3.8182 -0.9590 -0.0400
-3.7873 -0.9893 -0.0400
-3.7558 -1.0196 -0.0400
-3.7437 -1.1043 -0.0400
-3.3071 -1.9584 -0.0400
-3.2489 -1.9300 -0.0400
-3.1938 -1.9220 -0.0400
-3.1403 -1.9289 -0.0400
-3.0875 -1.9511 -0.0400
0.4346 -2.6124 -0.0400
0.5054 -2.5591 -0.0400
0.6390 -2.5707 -0.0400
0.7374 -2.5421 -0.0400
-1.1730 0.7678 -0.0400
-1.2127 0.8075 -0.0400
-1.2254 0.8407 -0.0400
-1.2352 0.8728 -0.0400
-1.2291 0.9022 -0.0400
-1.2186 0.9310 -0.0400
-1.2016 0.9594 -0.0400
0.7698 1.5275 -0.0400
0.6955 1.5839 -0.0400
0.6860 1.6469 -0.0400
0.3640 4.5528 -0.0400
-0.7924 4.3109 -0.0400
-0.9063 4.2579 -0.0400
-0.9549 4.3027 -0.0400
-1.0345 4.4255 -0.0400
-1.0967 4.4500 -0.0400
-1.1395 4.5105 -0.0400
-1.4348 5.7565 -0.0400
-1.5316 5.7297 -0.0400
-1.8957 5.3043 -0.0400
-1.9797 5.2733 -0.0400
-2.0473 5.3120 -0.0400
-2.8380 3.7894 -0.0400
-2.8847 3.7655 -0.0400
-2.9306 3.7593 -0.0400
-2.9765 3.7664 -0.0400
-3.0229 3.7776 -0.0400
-3.4783 4.2305 -0.0400
-3.5374 4.2461 -0.0400
-8.3682 2.5627 -0.0400
-8.3872 2.4660 -0.0400
-7.9379 2.0817 -0.0400
-7.9909 2.0001 -0.0400
-6.6107 1.0508 -0.0400
-6.5934 0.9869 -0.0400
-6.6407 0.9196 -0.0400
-3.9930 0.8264 -0.0400
-3.9643 0.8149 -0.0400
-3.9444 0.8014 -0.0400
-3.9292 0.7868 -0.0400
-3.9171 0.7714 -0.0400
-3.9074 0.7552 -0.0400
-3.8999 0.7383 -0.0400
-3.8982 0.7188 -0.0400
-3.8973 0.6988 -0.0400
-3.8987 0.6773 -0.0400
-3.9056 0.6527 -0.0400
-3.9215 0.6228 -0.0400
-7.1208 -1.9670 -0.0400
-7.0091 -1.9965 -0.0400
-6.9677 -2.0788 -0.0400
-3.7481 -1.0798 -0.0400
-3.3235 -1.9698 -0.0400
-3.2643 -1.9345 -0.0400
-3.2088 -1.9228 -0.0400
-3.1558 -1.9369 -0.0400
-3.1038 -1.9738 -0.0400
-2.2276 -3.9957 -0.0400
-2.1316 -4.0233 -0.0400
0.4473 -2.6524 -0.0400
0.5119 -2.5913 -0.0400
0.6271 -2.5831 -0.0400
0.8311 -2.6610 -0.0400
-1.2358 0.8659 -0.0400
-1.2292 0.8953 -0.0400
-1.2188 0.9244 -0.0400
-1.1757 0.9501 -0.0400
0.7982 1.5230 -0.0400
0.7103 1.5786 -0.0400
0.7108 1.6435 -0.0400
0.3706 4.5574 -0.0400
-0.8353 4.2495 -0.0400
-0.9076 4.2588 -0.0400
-0.9348 4.3380 -0.0400
-0.9454 4.4485 -0.0400
-1.0373 4.4244 -0.0400
-1.0982 4.4515 -0.0400
-1.1424 4.5093 -0.0400
-1.4403 5.7452 -0.0400
-1.5322 5.7343 -0.0400
-1.9099 5.2590 -0.0400
-1.9844 5.2664 -0.0400
-2.0336 5.3917 -0.0400
-2.7951 3.8418 -0.0400
-2.8445 3.7828 -0.0400
-2.8911 3.7638 -0.0400
-2.9370 3.7594 -0.0400
-2.9832 3.7788 -0.0400
-3.0299 3.7913 -0.0400
-3.4359 4.2750 -0.0400
-3.4843 4.2300 -0.0400
-3.5413 4.2354 -0.0400
-8.3542 2.5623 -0.0400
-7.9392 2.0850 -0.0400
-6.6177 1.0536 -0.0400
-6.5912 0.9901 -0.0400
-6.6185 0.9243 -0.0400
-4.0093 0.8236 -0.0400
-3.9725 0.8145 -0.0400
-3.9496 0.8020 -0.0400
-3.9255 0.7907 -0.0400
-3.9150 0.7749 -0.0400
-3.9067 0.7585 -0.0400
-3.9006 0.7412 -0.0400
-3.8964 0.7230 -0.0400
-3.8945 0.7037 -0.0400
-3.8948 0.6831 -0.0400
-3.9190 0.6503 -0.0400
-7.0923 -1.9314 -0.0400
-7.0170 -1.9877 -0.0400
-6.9864 -2.0784 -0.0400
-3.3385 -1.9716 -0.0400
-3.2791 -1.9354 -0.0400
-3.2230 -1.9176 -0.0400
-3.1701 -1.9310 -0.0400
-3.1178 -1.9599 -0.0400
-3.0668 -2.0384 -0.0400
-2.2433 -4.0175 -0.0400
-2.1544 -3.9965 -0.0400
-2.0495 -4.0716 -0.0400
-1.9580 -4.0574 -0.0400
0.4315 -2.6609 -0.0400
0.5659 -2.6756 -0.0400
0.6165 -2.5973 -0.0400
0.7108 -2.5643 -0.0400
-1.1727 0.9426 -0.0400
0.7395 1.5091 -0.0400
0.6939 1.5689 -0.0400
0.6966 1.6340 -0.0400
0.3544 4.5375 -0.0400
-0.8503 4.2290 -0.0400
-0.9072 4.2614 -0.0400
-0.9598 4.4269 -0.0400
-1.0404 4.4218 -0.0400
-1.0942 4.4619 -0.0400
-1.4542 5.7068 -0.0400
-1.5191 5.7820 -0.0400
-1.9137 5.2547 -0.0400
-1.9833 5.2836 -0.0400
-2.0375 5.3868 -0.0400
-2.8029 3.8074 -0.0400
-2.8509 3.7739 -0.0400
-2.8973 3.7607 -0.0400
-2.9432 3.7715 -0.0400
-2.9895 3.7799 -0.0400
-3.0363 3.7954 -0.0400
-3.4360 4.2389 -0.0400
-3.4920 4.2398 -0.0400
-8.3525 2.5646 -0.0400
-7.9226 2.1750 -0.0400
-7.9327 2.0863 -0.0400
-6.6174 1.0560 -0.0400
-6.6123 0.9919 -0.0400
-3.9874 0.8314 -0.0400
-3.9611 0.8197 -0.0400
-3.9423 0.8062 -0.0400
-3.9279 0.7917 -0.0400
-3.9163 0.7766 -0.0400
-3.9071 0.7606 -0.0400
-3.9017 0.7433 -0.0400
-3.8991 0.7246 -0.0400
-3.8988 0.7048 -0.0400
-3.9010 0.6834 -0.0400
-3.9092 0.6587 -0.0400
-3.9288 0.6273 -0.0400
-7.1905 -1.8767 -0.0400
-7.1042 -1.9263 -0.0400
-7.0245 -1.9793 -0.0400
-6.9953 -2.0708 -0.0400
-7.0798 -2.7720 -0.0400
-5.6117 -1.4747 -0.0400
-5.5668 -1.5223 -0.0400
-3.3517 -1.9618 -0.0400
-3.2931 -1.9313 -0.0400
-3.2373 -1.9157 -0.0400
-3.1845 -1.9281 -0.0400
-3.1322 -1.9547 -0.0400
-2.2643 -3.9992 -0.0400
-2.1685 -4.0261 -0.0400
-2.0761 -4.0251 -0.0400
-1.9795 -4.0433 -0.0400
0.3979 -2.6496 -0.0400
0.5552 -2.6902 -0.0400
0.6059 -2.6117 -0.0400
0.7055 -2.5841 -0.0400
0.7664 1.5034 -0.0400
0.6986 1.5613 -0.0400
0.8228 1.6430 -0.0400
0.4375 4.4992 -0.0400
0.3605 4.5400 -0.0400
-0.8521 4.2272 -0.0400
-0.9031 4.2689 -0.0400
-0.9758 4.4020 -0.0400
-1.0402 4.4242 -0.0400
-1.0918 4.4684 -0.0400
-1.3630 5.7160 -0.0400
-1.4576 5.6998 -0.0400
-1.8292 5.2915 -0.0400
-1.9182 5.2468 -0.0400
-1.9822 5.2991 -0.0400
-2.8100 3.7817 -0.0400
-2.8571 3.7638 -0.0400
-2.9032 3.7631 -0.0400
-2.9492 3.7786 -0.0400
-2.9956 3.7829 -0.0400
-3.0428 3.8075 -0.0400
-3.3937 4.2926 -0.0400
-3.4417 4.2382 -0.0400
-3.4974 4.2372 -0.0400
-8.4528 3.4555 -0.0400
-8.3385 2.6645 -0.0400
-8.3677 2.5708 -0.0400
-7.9155 2.1754 -0.0400
-7.9298 2.0878 -0.0400
-6.5903 1.0585 -0.0400
-6.6143 0.9939 -0.0400
-3.9970 0.8294 -0.0400
-3.9513 0.8236 -0.0400
-3.9359 0.8094 -0.0400
-3.9237 0.7945 -0.0400
-3.9139 0.7789 -0.0400
-3.9061 0.7627 -0.0400
-3.9005 0.7457 -0.0400
-3.8967 0.7278 -0.0400
-3.8953 0.7088 -0.0400
-3.9092 0.6822 -0.0400
-3.9225 0.6550 -0.0400
-7.2051 -1.8741 -0.0400
-7.1263 -1.9294 -0.0400
-7.0317 -1.9713 -0.0400
-5.6980 -1.4529 -0.0400
-5.6168 -1.4659 -0.0400
-5.5768 -1.5181 -0.0400
-3.3729 -2.0140 -0.0400
-3.3064 -1.9231 -0.0400
-3.2516 -1.9162 -0.0400
-3.1988 -1.9282 -0.0400
-3.1467 -1.9552 -0.0400
-2.2816 -4.0068 -0.0400
-2.1891 -4.0126 -0.0400
-2.0870 -4.0714 -0.0400
-1.9940 -4.0664 -0.0400
0.3244 -2.7181 -0.0400
0.4165 -2.6886 -0.0400
0.5340 -2.6848 -0.0400
0.7807 1.4328 -0.0400
0.7084 1.4917 -0.0400
0.7439 1.5607 -0.0400
0.4892 4.4297 -0.0400
0.4320 4.4907 -0.0400
-0.7956 4.1937 -0.0400
-0.8430 4.2407 -0.0400
-0.9211 4.3637 -0.0400
-0.9808 4.3943 -0.0400
-1.0174 4.4642 -0.0400
-1.2826 5.6896 -0.0400
-1.3723 5.6903 -0.0400
-1.7722 5.2216 -0.0400
-1.8462 5.2334 -0.0400
-1.9126 5.2744 -0.0400
-2.7154 3.8376 -0.0400
-2.7685 3.7624 -0.0400
-2.8151 3.7566 -0.0400
-2.8611 3.7594 -0.0400
-2.9067 3.7805 -0.0400
-2.9531 3.7943 -0.0400
-3.3402 4.2848 -0.0400
-3.3910 4.2460 -0.0400
-8.4107 3.5519 -0.0400
-8.2961 2.7550 -0.0400
-8.3356 2.6648 -0.0400
-7.8849 2.2603 -0.0400
-7.9144 2.1762 -0.0400
-6.5880 1.1230 -0.0400
-6.6315 1.0586 -0.0400
-4.0119 0.8648 -0.0400
-3.9775 0.8544 -0.0400
-3.9559 0.8415 -0.0400
-3.9398 0.8274 -0.0400
-3.9270 0.8127 -0.0400
-3.9145 0.7982 -0.0400
-3.9088 0.7815 -0.0400
-3.9045 0.7642 -0.0400
-3.9029 0.7457 -0.0400
-3.9033 0.7261 -0.0400
-3.9066 0.7049 -0.0400
-3.9162 0.6803 -0.0400
-3.9391 0.6484 -0.0400
-7.2441 -1.7825 -0.0400
-7.1409 -1.8207 -0.0400
-7.0930 -1.8966 -0.0400
-7.1562 -2.6793 -0.0400
-5.6636 -1.4121 -0.0400
-3.4284 -1.9480 -0.0400
-3.3698 -1.9218 -0.0400
-3.3136 -1.9049 -0.0400
-3.2607 -1.9131 -0.0400
-3.2107 -1.9589 -0.0400
-2.3839 -4.0170 -0.0400
-2.2902 -4.0343 -0.0400
-2.1941 -4.0614 -0.0400
-2.1006 -4.0638 -0.0400
0.3787 -2.6820 -0.0400
0.5183 -2.7033 -0.0400
0.5992 -2.6569 -0.0400
0.8005 -2.7326 -0.0400
0.7106 1.4793 -0.0400
0.6997 1.5433 -0.0400
0.7281 1.6123 -0.0400
0.4337 4.4852 -0.0400
0.3775 4.5475 -0.0400
-0.7771 4.2185 -0.0400
-0.8455 4.2360 -0.0400
-0.9788 4.3976 -0.0400
-1.0381 4.4290 -0.0400
-1.0613 4.5245 -0.0400
-1.2676 5.7302 -0.0400
-1.3772 5.6772 -0.0400
-1.4507 5.7240 -0.0400
-1.8496 5.2293 -0.0400
-1.9192 5.2576 -0.0400
-2.7744 3.7783 -0.0400
-2.8219 3.7627 -0.0400
-2.8684 3.7576 -0.0400
-2.9143 3.7697 -0.0400
-2.9605 3.7887 -0.0400
-3.0076 3.8189 -0.0400
-3.4001 4.2597 -0.0400
-3.4553 4.2540 -0.0400
-8.3107 2.6593 -0.0400
-7.9493 2.2764 -0.0400
-7.9028 2.1750 -0.0400
-7.9799 2.1002 -0.0400
-6.6073 1.1239 -0.0400
-6.5869 1.0607 -0.0400
-4.0154 0.8435 -0.0400
-3.9605 0.8397 -0.0400
-3.9439 0.8259 -0.0400
-3.9309 0.8115 -0.0400
-3.9201 0.7965 -0.0400
-3.9116 0.7809 -0.0400
-3.9049 0.7647 -0.0400
-3.8998 0.7479 -0.0400
-3.9030 0.7275 -0.0400
-3.9049 0.7073 -0.0400
-3.9115 0.6845 -0.0400
-3.9262 0.6571 -0.0400
-7.2046 -1.8503 -0.0400
-7.1154 -1.8973 -0.0400
-7.0453 -1.9567 -0.0400
-7.1093 -2.7500 -0.0400
-5.6326 -1.4561 -0.0400
-3.2787 -1.9104 -0.0400
-3.2263 -1.9241 -0.0400
-3.1742 -1.9479 -0.0400
-2.4052 -4.0412 -0.0400
-2.3182 -4.0041 -0.0400
-2.2240 -4.0237 -0.0400
-2.1305 -4.0311 -0.0400
0.2981 -2.7429 -0.0400
0.4516 -2.7832 -0.0400
0.5139 -2.7166 -0.0400
0.7064 -2.7884 -0.0400
0.7169 1.4082 -0.0400
0.7125 1.4729 -0.0400
0.7492 1.5424 -0.0400
0.4950 4.4237 -0.0400
-0.7321 4.1661 -0.0400
-0.7919 4.1964 -0.0400
-0.8375 4.3671 -0.0400
-0.9206 4.3631 -0.0400
-0.9708 4.4099 -0.0400
-0.9994 4.4946 -0.0400
-1.1902 5.6911 -0.0400
-1.2978 5.6480 -0.0400
-1.6926 5.2344 -0.0400
-1.7782 5.2106 -0.0400
-1.8466 5.2432 -0.0400
-2.6752 3.8554 -0.0400
-2.7320 3.7657 -0.0400
-2.7792 3.7579 -0.0400
-2.8255 3.7597 -0.0400
-2.8710 3.7792 -0.0400
-2.9173 3.7913 -0.0400
-3.3471 4.2534 -0.0400
-3.4077 4.2896 -0.0400
-8.3713 3.6498 -0.0400
-8.4318 3.5627 -0.0400
-8.2817 2.7525 -0.0400
-7.8724 2.3494 -0.0400
-7.8801 2.2606 -0.0400
-6.5829 1.1872 -0.0400
-6.5894 1.1241 -0.0400
-8.9702 1.0217 -0.0400
-4.0172 0.8810 -0.0400
-3.9826 0.8704 -0.0400
-3.9612 0.8573 -0.0400
-3.9451 0.8434 -0.0400
-3.9324 0.8289 -0.0400
-3.9189 0.8149 -0.0400
-3.9124 0.7989 -0.0400
-3.9076 0.7822 -0.0400
-3.9046 0.7648 -0.0400
-3.9037 0.7465 -0.0400
-3.9047 0.7271 -0.0400
-3.9096 0.7056 -0.0400
-3.9611 0.6619 -0.0400
-7.3226 -1.7043 -0.0400
-7.2592 -1.7709 -0.0400
-7.1489 -1.8039 -0.0400
-7.1202 -1.8933 -0.0400
-5.7257 -1.3583 -0.0400
-5.6748 -1.3993 -0.0400
-2.5084 -4.0397 -0.0400
-2.4200 -4.0136 -0.0400
-2.3263 -4.0344 -0.0400
-2.2280 -4.0786 -0.0400
-2.1280 -4.1209 -0.0400
0.3510 -2.7055 -0.0400
0.4927 -2.7296 -0.0400
0.5875 -2.6980 -0.0400
0.4337 4.4718 -0.0400
-0.7883 4.1977 -0.0400
-0.8434 4.2346 -0.0400
-0.9061 4.3830 -0.0400
-0.9762 4.3985 -0.0400
-1.0151 4.4653 -0.0400
-1.2799 5.6929 -0.0400
-1.3737 5.6841 -0.0400
-1.7711 5.2376 -0.0400
-1.8510 5.2312 -0.0400
-1.9129 5.2904 -0.0400
-2.7363 3.7837 -0.0400
-2.7846 3.7677 -0.0400
-2.8320 3.7549 -0.0400
-2.8779 3.7668 -0.0400
-2.9240 3.7824 -0.0400
-2.9706 3.7992 -0.0400
-3.3544 4.2601 -0.0400
-3.4079 4.2417 -0.0400
-8.4157 3.5555 -0.0400
-8.2919 2.7559 -0.0400
-8.3165 2.6619 -0.0400
-7.8944 2.2639 -0.0400
-7.9034 2.1756 -0.0400
-6.5839 1.1237 -0.0400
-6.5928 1.0606 -0.0400
-8.9659 0.9217 -0.0400
-4.0056 0.8622 -0.0400
-3.9762 0.8511 -0.0400
-3.9564 0.8382 -0.0400
-3.9338 0.8266 -0.0400
-3.9236 0.8118 -0.0400
-3.9153 0.7965 -0.0400
-3.9086 0.7807 -0.0400
-3.9034 0.7644 -0.0400
-3.9047 0.7455 -0.0400
-3.9052 0.7266 -0.0400
-3.9086 0.7060 -0.0400
-3.9174 0.6826 -0.0400
-3.9372 0.6531 -0.0400
-7.2115 -1.8344 -0.0400
-7.1148 -1.8756 -0.0400
-5.7064 -1.4150 -0.0400
-5.6587 -1.4592 -0.0400
-2.3525 -4.0131 -0.0400
-2.2598 -4.0228 -0.0400
-2.1607 -4.0673 -0.0400
-2.0592 -4.1138 -0.0400
0.4250 -2.8088 -0.0400
0.4892 -2.7441 -0.0400
0.6851 -2.8202 -0.0400
0.5554 4.3503 -0.0400
-0.7310 4.1609 -0.0400
-0.8498 4.3427 -0.0400
-0.9157 4.3657 -0.0400
-0.9192 4.4891 -0.0400
-1.2060 5.6442 -0.0400
-1.2803 5.6892 -0.0400
-1.7044 5.1988 -0.0400
-1.7775 5.2165 -0.0400
-1.8332 5.2962 -0.0400
-2.6362 3.8437 -0.0400
-2.6935 3.7675 -0.0400
-2.7421 3.7517 -0.0400
-2.7883 3.7562 -0.0400
-2.8337 3.7765 -0.0400
-2.8802 3.7828 -0.0400
-2.9259 3.8289 -0.0400
-3.3013 4.2558 -0.0400
-3.3577 4.2613 -0.0400
-8.3727 3.6502 -0.0400
-8.2681 2.8502 -0.0400
-8.3299 2.7677 -0.0400
-7.8785 2.4418 -0.0400
-7.8641 2.3467 -0.0400
-7.8972 2.2642 -0.0400
-6.5980 1.2493 -0.0400
-6.5810 1.1859 -0.0400
-6.6048 1.1232 -0.0400
-8.9590 1.0284 -0.0400
-4.0378 0.8910 -0.0400
-3.9920 0.8823 -0.0400
-3.9693 0.8695 -0.0400
-3.9435 0.8582 -0.0400
-3.9325 0.8435 -0.0400
-3.9234 0.8285 -0.0400
-3.9159 0.8131 -0.0400
-3.9105 0.7970 -0.0400
-3.9076 0.7801 -0.0400
-3.9064 0.7624 -0.0400
-3.9069 0.7439 -0.0400
-3.9099 0.7240 -0.0400
-3.9420 0.6908 -0.0400
-7.3205 -1.6845 -0.0400
-7.2388 -1.7382 -0.0400
-7.1569 -1.7901 -0.0400
-7.1412 -1.8882 -0.0400
-7.2570 -2.5797 -0.0400
-5.7280 -1.3411 -0.0400
-5.6886 -1.3921 -0.0400
-4.1652 -0.9105 -0.0400
-4.1005 -0.8782 -0.0400
-4.0523 -0.8724 -0.0400
-2.5422 -4.0492 -0.0400
-2.4552 -4.0101 -0.0400
-2.3613 -4.0358 -0.0400
-2.2641 -4.0747 -0.0400
0.5212 4.4222 -0.0400
0.4556 4.4767 -0.0400
-0.7275 4.1591 -0.0400
-0.7825 4.1969 -0.0400
-0.9057 4.3756 -0.0400
-0.9622 4.4138 -0.0400
-1.1689 5.7308 -0.0400
-1.2813 5.6797 -0.0400
-1.7774 5.2154 -0.0400
-1.8482 5.2415 -0.0400
-2.6928 3.8151 -0.0400
-2.7457 3.7661 -0.0400
-2.7938 3.7528 -0.0400
-2.8398 3.7634 -0.0400
-2.8859 3.7783 -0.0400
-2.9321 3.8053 -0.0400
-3.3109 4.2967 -0.0400
-3.3620 4.2479 -0.0400
-8.3870 3.6560 -0.0400
-8.4393 3.5653 -0.0400
-8.2927 2.7555 -0.0400
-7.9299 2.3623 -0.0400
-7.8845 2.2601 -0.0400
-6.5923 1.1843 -0.0400
-6.5839 1.1215 -0.0400
-8.9859 1.0314 -0.0400
-8.9643 0.9273 -0.0400
-3.9755 0.8640 -0.0400
-3.9577 0.8506 -0.0400
-3.9367 0.8387 -0.0400
-3.9268 0.8240 -0.0400
-3.9186 0.8090 -0.0400
-3.9113 0.7938 -0.0400
-3.9068 0.7777 -0.0400
-3.9040 0.7609 -0.0400
-3.9026 0.7434 -0.0400
-3.9122 0.7211 -0.0400
-3.9197 0.6991 -0.0400
-3.9352 0.6727 -0.0400
-7.3154 -1.7783 -0.0400
-7.1645 -1.7840 -0.0400
-7.1202 -1.8612 -0.0400
-5.6904 -1.3821 -0.0400
-4.1370 -0.9228 -0.0400
-4.0743 -0.8916 -0.0400
-4.0267 -0.8855 -0.0400
-3.9800 -0.8791 -0.0400
-3.9437 -0.8925 -0.0400
-3.9091 -0.9095 -0.0400
-2.4731 -4.0549 -0.0400
-2.3857 -4.0217 -0.0400
-2.2946 -4.0218 -0.0400
-2.1956 -4.0689 -0.0400
-2.1018 -4.0735 -0.0400
1.1112 -0.0834 -0.0400
-1.0721 0.5771 -0.0400
-1.1361 0.6292 -0.0400
0.5650 4.3411 -0.0400
-0.6645 4.1275 -0.0400
-0.7258 4.1575 -0.0400
-0.7849 4.3070 -0.0400
-0.8523 4.3293 -0.0400
-0.9003 4.3804 -0.0400
-1.1077 5.6464 -0.0400
-1.2095 5.6240 -0.0400
-1.7032 5.1988 -0.0400
-1.7723 5.2307 -0.0400
-2.6507 3.7838 -0.0400
-2.7020 3.7539 -0.0400
-2.7493 3.7515 -0.0400
-2.7950 3.7661 -0.0400
-2.8411 3.7799 -0.0400
-2.8870 3.8080 -0.0400
-3.2550 4.2698 -0.0400
-3.3102 4.2619 -0.0400
-8.3309 3.7438 -0.0400
-8.2748 2.8511 -0.0400
-7.8724 2.4378 -0.0400
-7.8706 2.3462 -0.0400
-6.6220 1.3103 -0.0400
-6.5743 1.2450 -0.0400
-6.5901 1.1830 -0.0400
-8.9617 1.1371 -0.0400
-8.9624 1.0330 -0.0400
-4.0424 0.9020 -0.0400
-3.9962 0.8928 -0.0400
-3.9616 0.8825 -0.0400
-3.9485 0.8682 -0.0400
-3.9375 0.8537 -0.0400
-3.9243 0.8400 -0.0400
-3.9174 0.8248 -0.0400
-3.9120 0.8092 -0.0400
-3.9086 0.7929 -0.0400
-3.9068 0.7760 -0.0400
-3.9130 0.7559 -0.0400
-3.9173 0.7361 -0.0400
-3.9256 0.7141 -0.0400
-3.9427 0.6878 -0.0400
-7.3160 -1.6660 -0.0400
-7.2283 -1.7151 -0.0400
-7.1626 -1.7774 -0.0400
-7.2588 -2.5581 -0.0400
-5.7326 -1.3290 -0.0400
-5.7006 -1.3863 -0.0400
-4.1812 -0.9089 -0.0400
-4.1125 -0.8693 -0.0400
-4.0553 -0.8461 -0.0400
-4.0169 -0.8557 -0.0400
-3.9810 -0.8698 -0.0400
-3.9472 -0.8880 -0.0400
-3.9207 -0.9226 -0.0400
-3.8939 -0.9583 -0.0400
-3.8719 -1.0080 -0.0400
-2.2978 -4.0802 -0.0400
1.1306 -0.1053 -0.0400
-1.1059 0.5736 -0.0400
-1.1307 0.6155 -0.0400
-1.2153 0.6701 -0.0400
-1.2304 0.7065 -0.0400
-1.2438 0.7417 -0.0400
0.5786 4.3432 -0.0400
-0.5936 4.1016 -0.0400
-0.6695 4.1142 -0.0400
-0.7051 4.1785 -0.0400
-0.7746 4.3153 -0.0400
-0.8480 4.3294 -0.0400
-0.8997 4.3752 -0.0400
-1.1134 5.6248 -0.0400
-1.2060 5.6252 -0.0400
-1.6182 5.2099 -0.0400
-1.6993 5.2066 -0.0400
-1.7576 5.2755 -0.0400
-2.5981 3.8300 -0.0400
-2.6538 3.7804 -0.0400
-2.7049 3.7534 -0.0400
-2.7520 3.7546 -0.0400
-2.7973 3.7760 -0.0400
-2.8436 3.7912 -0.0400
-3.2039 4.2930 -0.0400
-3.2578 4.2598 -0.0400
-3.3174 4.2999 -0.0400
-8.3332 3.7437 -0.0400
-8.2442 2.9419 -0.0400
-7.8425 2.4279 -0.0400
-7.8767 2.3463 -0.0400
-6.6245 1.3081 -0.0400
-6.5735 1.2426 -0.0400
-6.5951 1.1809 -0.0400
-8.9430 1.1385 -0.0400
-8.9955 1.0344 -0.0400
-4.0090 0.9039 -0.0400
-3.9840 0.8910 -0.0400
-3.9562 0.8796 -0.0400
-3.9385 0.8666 -0.0400
-3.9298 0.8518 -0.0400
-3.9201 0.8375 -0.0400
-3.9146 0.8220 -0.0400
-3.9101 0.8064 -0.0400
-3.9092 0.7894 -0.0400
-3.9081 0.7724 -0.0400
-3.9159 0.7519 -0.0400
-3.9216 0.7317 -0.0400
-3.9316 0.7091 -0.0400
-7.2921 -1.6440 -0.0400
-7.2119 -1.6972 -0.0400
-7.1892 -1.7886 -0.0400
-5.7846 -1.2831 -0.0400
-5.7365 -1.3256 -0.0400
-4.1052 -0.8430 -0.0400
-4.0616 -0.8437 -0.0400
-4.0228 -0.8523 -0.0400
-3.9869 -0.8660 -0.0400
-3.9563 -0.8905 -0.0400
-3.9274 -0.9194 -0.0400
-3.9015 -0.9568 -0.0400
-3.8814 -1.0104 -0.0400
0.1730 -2.8747 -0.0400
0.2335 -2.8083 -0.0400
1.1034 -0.1141 -0.0400
1.0926 -0.0332 -0.0400
-1.1374 0.6046 -0.0400
-1.1816 0.6499 -0.0400
-1.2391 0.6962 -0.0400
-1.2429 0.7296 -0.0400
-1.2420 0.7617 -0.0400
-1.2327 0.7924 -0.0400
-1.2067 0.8209 -0.0400
0.5792 4.3329 -0.0400
-0.6623 4.1158 -0.0400
-0.7122 4.1615 -0.0400
-0.6950 4.3002 -0.0400
-0.7849 4.2931 -0.0400
-0.8424 4.3305 -0.0400
-0.8693 4.4150 -0.0400
-1.1160 5.6094 -0.0400
-1.2002 5.6306 -0.0400
-1.6220 5.1924 -0.0400
-1.6984 5.2033 -0.0400
-2.6060 3.7920 -0.0400
-2.6579 3.7668 -0.0400
-2.7076 3.7510 -0.0400
-2.7535 3.7651 -0.0400
-2.7998 3.7776 -0.0400
-2.8458 3.7998 -0.0400
-3.2068 4.2911 -0.0400
-3.2613 4.2640 -0.0400
-8.3358 3.7436 -0.0400
-8.2337 2.9367 -0.0400
-8.3011 2.8573 -0.0400
-7.8509 2.4282 -0.0400
-6.5745 1.3022 -0.0400
-6.5737 1.2399 -0.0400
-6.6348 1.1795 -0.0400
-8.9462 1.1396 -0.0400
-9.0074 1.0356 -0.0400
-3.9847 0.9035 -0.0400
-3.9686 0.8894 -0.0400
-3.9478 0.8768 -0.0400
-3.9335 0.8633 -0.0400
-3.9258 0.8485 -0.0400
-3.9176 0.8339 -0.0400
-3.9129 0.8185 -0.0400
-3.9096 0.8026 -0.0400
-3.9114 0.7849 -0.0400
-3.9112 0.7677 -0.0400
-3.9125 0.7497 -0.0400
-3.9305 0.7249 -0.0400
-3.9455 0.7003 -0.0400
-7.3780 -1.5868 -0.0400
-7.3129 -1.6512 -0.0400
-7.2129 -1.6916 -0.0400
-7.1752 -1.7724 -0.0400
-5.8033 -1.2933 -0.0400
-5.7363 -1.3193 -0.0400
-4.1687 -0.8631 -0.0400
-4.1138 -0.8460 -0.0400
-4.0686 -0.8437 -0.0400
-4.0289 -0.8504 -0.0400
-3.9926 -0.8630 -0.0400
-3.9614 -0.8856 -0.0400
-3.9325 -0.9142 -0.0400
-3.9067 -0.9510 -0.0400
0.2145 -2.8140 -0.0400
0.3615 -2.8487 -0.0400
0.5526 -2.9261 -0.0400
1.0924 -0.1277 -0.0400
1.0862 -0.0481 -0.0400
-1.1096 0.5846 -0.0400
-1.1939 0.6401 -0.0400
-1.2258 0.6809 -0.0400
-1.2458 0.7179 -0.0400
-1.2435 0.7499 -0.0400
-1.2303 0.7800 -0.0400
-1.2140 0.8100 -0.0400
-0.5944 4.0839 -0.0400
-0.6594 4.1109 -0.0400
-0.7740 4.3002 -0.0400
-0.8394 4.3266 -0.0400
-1.1112 5.6101 -0.0400
-1.1952 5.6324 -0.0400
-1.6211 5.1871 -0.0400
-1.6949 5.2065 -0.0400
-2.6083 3.7869 -0.0400
-2.6601 3.7637 -0.0400
-2.7093 3.7528 -0.0400
-2.7545 3.7753 -0.0400
-2.8017 3.7816 -0.0400
-2.8461 3.8294 -0.0400
-3.2081 4.2679 -0.0400
-3.2643 4.2680 -0.0400
-8.2883 3.8343 -0.0400
-8.2342 2.9351 -0.0400
-7.8449 2.5156 -0.0400
-7.8459 2.4246 -0.0400
-6.6109 1.3643 -0.0400
-6.5766 1.2991 -0.0400
-6.5882 1.2375 -0.0400
-8.9645 1.2444 -0.0400
-8.9760 1.1407 -0.0400
-9.0323 1.0364 -0.0400
-4.0086 0.9114 -0.0400
-3.9741 0.9001 -0.0400
-3.9533 0.8873 -0.0400
-3.9385 0.8737 -0.0400
-3.9275 0.8597 -0.0400
-3.9214 0.8447 -0.0400
-3.9150 0.8299 -0.0400
-3.9115 0.8142 -0.0400
-3.9089 0.7983 -0.0400
-3.9108 0.7808 -0.0400
-3.9178 0.7612 -0.0400
-3.9220 0.7422 -0.0400
-3.9489 0.7139 -0.0400
-7.3781 -1.5817 -0.0400
-7.3169 -1.6484 -0.0400
-7.2199 -1.6907 -0.0400
-7.3349 -2.4660 -0.0400
-5.7812 -1.2694 -0.0400
-5.7456 -1.3222 -0.0400
-4.1877 -0.8849 -0.0400
-4.1096 -0.8276 -0.0400
-4.0683 -0.8317 -0.0400
-4.0314 -0.8428 -0.0400
-3.9972 -0.8590 -0.0400
-3.9655 -0.8801 -0.0400
-3.9363 -0.9072 -0.0400
-3.9254 -0.9778 -0.0400
0.1414 -2.8937 -0.0400
0.2045 -2.8305 -0.0400
0.3476 -2.8607 -0.0400
0.4296 -2.8163 -0.0400
0.6558 -2.9269 -0.0400
1.1083 -0.0768 -0.0400
1.0990 0.0034 -0.0400
-1.0987 0.6003 -0.0400
-1.1787 0.6535 -0.0400
-1.2214 0.6961 -0.0400
-1.2342 0.7315 -0.0400
-1.2417 0.7654 -0.0400
-1.2342 0.7966 -0.0400
-1.2081 0.8255 -0.0400
-1.1756 0.8545 -0.0400
0.6033 4.3261 -0.0400
0.5477 4.3914 -0.0400
-0.6976 4.1595 -0.0400
-0.7565 4.3123 -0.0400
-0.8339 4.3221 -0.0400
-0.8861 4.3682 -0.0400
-1.1916 5.6249 -0.0400
-1.6902 5.2078 -0.0400
-1.7424 5.2980 -0.0400
-2.6614 3.7656 -0.0400
-2.7107 3.7559 -0.0400
-2.7584 3.7571 -0.0400
-2.8042 3.7783 -0.0400
-2.8515 3.7859 -0.0400
-3.2667 4.2594 -0.0400
-3.3248 4.2800 -0.0400
-8.3385 3.7409 -0.0400
-7.8589 2.4249 -0.0400
-6.5951 1.2956 -0.0400
-6.5773 1.2324 -0.0400
-6.6232 1.1718 -0.0400
-8.9559 1.1408 -0.0400
-8.9721 1.0373 -0.0400
-4.0154 0.9023 -0.0400
-3.9795 0.8913 -0.0400
-3.9586 0.8785 -0.0400
-3.9431 0.8652 -0.0400
-3.9314 0.8514 -0.0400
-3.9222 0.8372 -0.0400
-3.9154 0.8227 -0.0400
-3.9109 0.8075 -0.0400
-3.9092 0.7915 -0.0400
-3.9070 0.7755 -0.0400
-3.9098 0.7577 -0.0400
-3.9181 0.7375 -0.0400
-3.9225 0.7183 -0.0400
-3.9527 0.6881 -0.0400
-7.3284 -1.6495 -0.0400
-7.2161 -1.6818 -0.0400
-7.1754 -1.7599 -0.0400
-7.2943 -2.5487 -0.0400
-5.7477 -1.3181 -0.0400
-4.1395 -0.8675 -0.0400
-4.0879 -0.8539 -0.0400
-4.0443 -0.8530 -0.0400
-4.0060 -0.8609 -0.0400
-3.9720 -0.8770 -0.0400
-3.9421 -0.9020 -0.0400
-3.9151 -0.9345 -0.0400
-3.8927 -0.9799 -0.0400
0.2486 -2.7826 -0.0400
0.3975 -2.8169 -0.0400
0.5901 -2.8924 -0.0400
1.0986 -0.1641 -0.0400
1.0812 -0.0808 -0.0400
-1.1331 0.5640 -0.0400
-1.1473 0.6029 -0.0400
-1.2203 0.6539 -0.0400
-1.2368 0.6906 -0.0400
-1.2461 0.7252 -0.0400
-1.2384 0.7564 -0.0400
-1.2256 0.7870 -0.0400
-1.1722 0.8126 -0.0400
-0.5885 4.0710 -0.0400
-0.6469 4.1069 -0.0400
-0.7713 4.2842 -0.0400
-0.8036 4.3598 -0.0400
-1.0041 5.6128 -0.0400
-1.1084 5.5912 -0.0400
-1.5404 5.1652 -0.0400
-1.6149 5.1843 -0.0400
-1.6662 5.2734 -0.0400
-2.6118 3.7748 -0.0400
-2.6639 3.7506 -0.0400
-2.7107 3.7602 -0.0400
-2.7565 3.7812 -0.0400
-2.8026 3.8042 -0.0400
-3.1563 4.2854 -0.0400
-3.2122 4.2705 -0.0400
-3.2703 4.2950 -0.0400
-8.2538 3.9301 -0.0400
-8.2052 3.0232 -0.0400
-7.8322 2.5065 -0.0400
-6.5886 1.3549 -0.0400
-6.5792 1.2919 -0.0400
-6.6343 1.2326 -0.0400
-8.9579 1.2444 -0.0400
-8.9958 1.1414 -0.0400
-3.9971 0.9181 -0.0400
-3.9683 0.9057 -0.0400
-3.9508 0.8923 -0.0400
-3.9345 0.8791 -0.0400
-3.9261 0.8648 -0.0400
-3.9194 0.8502 -0.0400
-3.9147 0.8352 -0.0400
-3.9116 0.8198 -0.0400
-3.9110 0.8037 -0.0400
-3.9128 0.7867 -0.0400
-3.9182 0.7682 -0.0400
-3.9301 0.7471 -0.0400
-3.9373 0.7270 -0.0400
-7.4588 -1.5178 -0.0400
-7.3637 -1.5646 -0.0400
-7.2585 -1.6027 -0.0400
-7.2274 -1.6865 -0.0400
-5.8288 -1.2195 -0.0400
-5.7824 -1.2626 -0.0400
-4.1607 -0.8218 -0.0400
-4.1146 -0.8182 -0.0400
-4.0747 -0.8238 -0.0400
-4.0387 -0.8358 -0.0400
-4.0056 -0.8531 -0.0400
-3.9752 -0.8761 -0.0400
-3.9476 -0.9059 -0.0400
-3.9457 -0.9955 -0.0400
-3.5461 -1.8879 -0.0400
-3.4918 -1.8784 -0.0400
-3.4398 -1.8810 -0.0400
0.1026 -2.9026 -0.0400
0.1861 -2.8647 -0.0400
0.3156 -2.8795 -0.0400
0.4111 -2.8506 -0.0400
1.0636 -0.1712 -0.0400
1.0723 -0.0957 -0.0400
-1.1174 0.5463 -0.0400
-1.1412 0.5880 -0.0400
-1.2051 0.6373 -0.0400
-1.2467 0.6796 -0.0400
-1.2469 0.7124 -0.0400
-1.2412 0.7441 -0.0400
-1.2288 0.7747 -0.0400
-1.1776 0.8006 -0.0400
0.8305 1.1531 -0.0400
0.7691 1.2184 -0.0400
0.7301 1.2830 -0.0400
0.6616 4.2404 -0.0400
-0.5899 4.0578 -0.0400
-0.6240 4.1246 -0.0400
-0.6939 4.2614 -0.0400
-0.7659 4.2804 -0.0400
-0.8130 4.3344 -0.0400
-1.0213 5.5598 -0.0400
-1.5320 5.1755 -0.0400
-1.6107 5.1836 -0.0400
-1.6701 5.2485 -0.0400
-2.5549 3.8176 -0.0400
-2.6128 3.7683 -0.0400
-2.6639 3.7520 -0.0400
-2.7102 3.7675 -0.0400
-2.7572 3.7799 -0.0400
-2.8002 3.8379 -0.0400
-3.1571 4.2775 -0.0400
-3.2141 4.2828 -0.0400
-8.3076 3.8389 -0.0400
-8.2053 3.0208 -0.0400
-7.8086 2.5878 -0.0400
-7.8347 2.5043 -0.0400
-6.6052 1.4148 -0.0400
-6.5697 1.3491 -0.0400
-6.6242 1.2909 -0.0400
-8.9962 1.3495 -0.0400
-8.9619 1.2441 -0.0400
-3.9968 0.9281 -0.0400
-3.9664 0.9156 -0.0400
-3.9554 0.9010 -0.0400
-3.9405 0.8874 -0.0400
-3.9298 0.8735 -0.0400
-3.9220 0.8592 -0.0400
-3.9164 0.8445 -0.0400
-3.9132 0.8293 -0.0400
-3.9121 0.8135 -0.0400
-3.9127 0.7972 -0.0400
-3.9153 0.7800 -0.0400
-3.9225 0.7610 -0.0400
-3.9357 0.7395 -0.0400
-3.9700 0.7096 -0.0400
-7.4142 -1.4888 -0.0400
-7.3484 -1.5521 -0.0400
-7.2582 -1.5992 -0.0400
-7.2480 -1.6963 -0.0400
-7.4159 -2.3857 -0.0400
-5.8274 -1.2159 -0.0400
-5.7826 -1.2600 -0.0400
-5.7794 -1.3403 -0.0400
-4.1718 -0.8337 -0.0400
-4.1222 -0.8240 -0.0400
-4.0799 -0.8253 -0.0400
-4.0415 -0.8326 -0.0400
-4.0104 -0.8533 -0.0400
-3.9821 -0.8803 -0.0400
-3.9574 -0.9161 -0.0400
-3.9389 -0.9679 -0.0400
-3.6127 -1.9137 -0.0400
-3.5541 -1.8838 -0.0400
-3.5002 -1.8753 -0.0400
-3.4485 -1.8791 -0.0400
-3.4008 -1.9158 -0.0400
-3.3539 -1.9714 -0.0400
0.0897 -2.9149 -0.0400
0.1639 -2.8658 -0.0400
0.3011 -2.8902 -0.0400
0.5136 -2.9940 -0.0400
1.0753 -0.1924 -0.0400
1.0688 -0.1122 -0.0400
-1.0787 0.5224 -0.0400
-1.1527 0.5771 -0.0400
-1.2269 0.6288 -0.0400
-1.2430 0.6656 -0.0400
-1.2469 0.6993 -0.0400
-1.2440 0.7315 -0.0400
-1.2215 0.7607 -0.0400
-1.1908 0.7894 -0.0400
0.7439 1.2024 -0.0400
0.7317 1.2683 -0.0400
0.6691 4.2322 -0.0400
-0.5810 4.0564 -0.0400
-0.6301 4.1046 -0.0400
-0.7005 4.2399 -0.0400
-0.7579 4.2794 -0.0400
-0.7804 4.3698 -0.0400
-1.0001 5.5907 -0.0400
-1.0930 5.5962 -0.0400
-1.4450 5.1721 -0.0400
-1.5330 5.1582 -0.0400
-1.5989 5.2029 -0.0400
-2.5553 3.8111 -0.0400
-2.6155 3.7486 -0.0400
-2.6633 3.7537 -0.0400
-2.7093 3.7732 -0.0400
-2.7567 3.7836 -0.0400
-3.1578 4.2791 -0.0400
-3.2151 4.2895 -0.0400
-8.2433 3.9203 -0.0400
-8.1750 3.1102 -0.0400
-7.8180 2.5877 -0.0400
-7.8326 2.5005 -0.0400
-6.5767 1.4073 -0.0400
-6.5676 1.3444 -0.0400
-6.5948 1.2845 -0.0400
-8.9623 1.3470 -0.0400
-8.9774 1.2440 -0.0400
-4.0142 0.9356 -0.0400
-3.9714 0.9239 -0.0400
-3.9586 0.9095 -0.0400
-3.9417 0.8960 -0.0400
-3.9303 0.8822 -0.0400
-3.9225 0.8679 -0.0400
-3.9181 0.8531 -0.0400
-3.9140 0.8383 -0.0400
-3.9119 0.8230 -0.0400
-3.9120 0.8070 -0.0400
-3.9138 0.7904 -0.0400
-3.9237 0.7711 -0.0400
-3.9338 0.7511 -0.0400
-3.9530 0.7275 -0.0400
-7.4138 -1.4861 -0.0400
-7.3073 -1.5247 -0.0400
-7.2544 -1.5941 -0.0400
-5.9092 -1.1989 -0.0400
-5.8232 -1.2107 -0.0400
-5.7846 -1.2597 -0.0400
-4.2176 -0.8296 -0.0400
-4.1626 -0.8124 -0.0400
-4.1179 -0.8104 -0.0400
-4.0793 -0.8174 -0.0400
-4.0442 -0.8303 -0.0400
-4.0120 -0.8484 -0.0400
-3.9825 -0.8723 -0.0400
-3.9687 -0.9309 -0.0400
-3.9620 -1.0098 -0.0400
-3.6216 -1.9186 -0.0400
-3.5622 -1.8835 -0.0400
-3.5081 -1.8735 -0.0400
-3.4578 -1.8856 -0.0400
-3.4095 -1.9165 -0.0400
-3.3639 -1.9834 -0.0400
0.0743 -2.9237 -0.0400
0.1485 -2.8747 -0.0400
0.2952 -2.9107 -0.0400
0.4892 -2.9938 -0.0400
1.0521 -0.2032 -0.0400
1.0650 -0.1288 -0.0400
-1.1135 0.5175 -0.0400
-1.1425 0.5608 -0.0400
-1.2001 0.6092 -0.0400
-1.2336 0.6502 -0.0400
-1.2505 0.6866 -0.0400
-1.2439 0.7183 -0.0400
-1.2299 0.7488 -0.0400
-1.2061 0.7784 -0.0400
-1.1434 0.8041 -0.0400
0.8416 1.1229 -0.0400
0.7694 1.1883 -0.0400
0.7395 1.2537 -0.0400
0.7836 1.3240 -0.0400
0.7545 4.1759 -0.0400
0.6797 4.2260 -0.0400
-0.5746 4.0511 -0.0400
-0.6882 4.2433 -0.0400
-0.7531 4.2729 -0.0400
-0.7942 4.3362 -0.0400
-0.8994 5.5816 -0.0400
-1.0095 5.5525 -0.0400
-1.5257 5.1620 -0.0400
-1.5976 5.1902 -0.0400
-2.5023 3.8162 -0.0400
-2.5630 3.7612 -0.0400
-2.6142 3.7501 -0.0400
-2.6622 3.7557 -0.0400
-2.7081 3.7772 -0.0400
-2.7531 3.8115 -0.0400
-3.1011 4.2922 -0.0400
-3.1577 4.2729 -0.0400
-8.2470 3.9203 -0.0400
-8.1921 3.1146 -0.0400
-8.2238 3.0230 -0.0400
-7.8062 2.6730 -0.0400
-7.8040 2.5799 -0.0400
-6.5687 1.4017 -0.0400
-6.5710 1.3400 -0.0400
-9.0242 1.4542 -0.0400
-8.9650 1.3462 -0.0400
-9.0236 1.2449 -0.0400
-4.0230 0.9440 -0.0400
-3.9877 0.9307 -0.0400
-3.9577 0.9179 -0.0400
-3.9470 0.9035 -0.0400
-3.9332 0.8899 -0.0400
-3.9241 0.8758 -0.0400
-3.9195 0.8612 -0.0400
-3.9152 0.8465 -0.0400
-3.9135 0.8312 -0.0400
-3.9145 0.8152 -0.0400
-3.9137 0.7996 -0.0400
-3.9183 0.7822 -0.0400
-3.9272 0.7633 -0.0400
-3.9418 0.7419 -0.0400
-3.9820 0.7110 -0.0400
-7.4050 -1.4792 -0.0400
-7.2990 -1.5178 -0.0400
-7.2517 -1.5902 -0.0400
-5.8196 -1.2067 -0.0400
-5.7920 -1.2645 -0.0400
-4.2343 -0.8522 -0.0400
-4.1702 -0.8206 -0.0400
-4.1150 -0.8004 -0.0400
-4.0792 -0.8117 -0.0400
-4.0462 -0.8280 -0.0400
-4.0160 -0.8497 -0.0400
-3.9887 -0.8777 -0.0400
-3.9651 -0.9149 -0.0400
-3.9488 -0.9706 -0.0400
-3.6323 -1.9352 -0.0400
-3.5703 -1.8869 -0.0400
-3.5149 -1.8676 -0.0400
-3.4652 -1.8823 -0.0400
-3.4170 -1.9122 -0.0400
-3.3716 -1.9771 -0.0400
0.0572 -2.9299 -0.0400
0.1390 -2.8906 -0.0400
0.2821 -2.9225 -0.0400
0.4753 -3.0054 -0.0400
1.0686 -0.2261 -0.0400
1.0603 -0.1452 -0.0400
1.0879 -0.0749 -0.0400
-1.1513 0.5490 -0.0400
-1.2194 0.5998 -0.0400
-1.2422 0.6384 -0.0400
-1.2496 0.6730 -0.0400
-1.2473 0.7054 -0.0400
-1.2379 0.7367 -0.0400
-1.1916 0.7631 -0.0400
0.8316 1.1070 -0.0400
0.7613 1.1725 -0.0400
0.7361 1.2382 -0.0400
-0.5053 4.0127 -0.0400
-0.5688 4.0441 -0.0400
-0.5947 4.1218 -0.0400
-0.6894 4.2274 -0.0400
-0.7376 4.2802 -0.0400
-0.9953 5.5652 -0.0400
-1.4395 5.1530 -0.0400
-1.5211 5.1566 -0.0400
-1.5797 5.2230 -0.0400
-2.5600 3.7678 -0.0400
-2.6120 3.7532 -0.0400
-2.6587 3.7696 -0.0400
-2.7063 3.7811 -0.0400
-2.7518 3.8128 -0.0400
-3.1004 4.2818 -0.0400
-3.1574 4.2765 -0.0400
-3.2164 4.3177 -0.0400
-8.2198 4.0228 -0.0400
-8.2991 3.9476 -0.0400
-8.1771 3.1059 -0.0400
-7.8043 2.5766 -0.0400
-6.5665 1.3965 -0.0400
-6.6378 1.3411 -0.0400
-8.9985 1.4512 -0.0400
-8.9695 1.3453 -0.0400
-9.0398 1.2445 -0.0400
-3.9773 0.9398 -0.0400
-3.9613 0.9254 -0.0400
-3.9493 0.9110 -0.0400
-3.9341 0.8974 -0.0400
-3.9275 0.8829 -0.0400
-3.9201 0.8688 -0.0400
-3.9164 0.8540 -0.0400
-3.9139 0.8391 -0.0400
-3.9147 0.8234 -0.0400
-3.9143 0.8079 -0.0400
-3.9196 0.7907 -0.0400
-3.9300 0.7717 -0.0400
-3.9478 0.7499 -0.0400
-3.9609 0.7287 -0.0400
-7.4933 -1.4266 -0.0400
-7.3933 -1.4712 -0.0400
-7.2939 -1.5135 -0.0400
-7.2528 -1.5894 -0.0400
-5.8787 -1.1738 -0.0400
-5.8233 -1.2092 -0.0400
-4.2096 -0.8095 -0.0400
-4.1603 -0.8007 -0.0400
-4.1183 -0.8021 -0.0400
-4.0814 -0.8114 -0.0400
-4.0475 -0.8257 -0.0400
-4.0208 -0.8537 -0.0400
-3.9961 -0.8867 -0.0400
-3.9766 -0.9327 -0.0400
-3.6300 -1.8875 -0.0400
-3.5739 -1.8675 -0.0400
-3.5217 -1.8655 -0.0400
-3.4718 -1.8774 -0.0400
-3.4235 -1.9039 -0.0400
-2.7946 -4.0567 -0.0400
-2.7076 -4.0270 -0.0400
0.0496 -2.9476 -0.0400
0.1947 -2.9860 -0.0400
0.2534 -2.9154 -0.0400
0.4761 -3.0331 -0.0400
-1.1327 0.5305 -0.0400
-1.1512 0.5705 -0.0400
-1.2251 0.6211 -0.0400
-1.2531 0.6601 -0.0400
-1.2492 0.6923 -0.0400
-1.2361 0.7230 -0.0400
-1.2142 0.7528 -0.0400
-1.1643 0.7799 -0.0400
0.8419 1.0914 -0.0400
0.7649 1.1570 -0.0400
0.7380 1.2227 -0.0400
-0.4973 4.0071 -0.0400
-0.5615 4.0381 -0.0400
-0.5933 4.1087 -0.0400
-0.6058 4.2062 -0.0400
-0.6810 4.2237 -0.0400
-0.7352 4.2684 -0.0400
-0.7510 4.3691 -0.0400
-0.8887 5.5656 -0.0400
-0.9940 5.5479 -0.0400
-1.5098 5.1677 -0.0400
-2.5065 3.7719 -0.0400
-2.5609 3.7496 -0.0400
-2.6103 3.7503 -0.0400
-2.6570 3.7672 -0.0400
-2.7045 3.7808 -0.0400
-2.7507 3.8076 -0.0400
-3.0993 4.2798 -0.0400
-3.1566 4.2821 -0.0400
-7.7816 2.6578 -0.0400
-7.8264 2.5806 -0.0400
-6.5599 1.4526 -0.0400
-6.5702 1.3918 -0.0400
-9.0016 1.4500 -0.0400
-8.9725 1.3441 -0.0400
-3.9943 0.9463 -0.0400
-3.9713 0.9319 -0.0400
-3.9461 0.9186 -0.0400
-3.9372 0.9042 -0.0400
-3.9260 0.8903 -0.0400
-3.9211 0.8758 -0.0400
-3.9174 0.8611 -0.0400
-3.9147 0.8463 -0.0400
-3.9135 0.8312 -0.0400
-3.9163 0.8152 -0.0400
-3.9171 0.7994 -0.0400
-3.9269 0.7810 -0.0400
-3.9443 0.7600 -0.0400
-3.9562 0.7399 -0.0400
-7.4627 -1.4091 -0.0400
-7.3695 -1.4567 -0.0400
-7.2902 -1.5104 -0.0400
-7.2725 -1.6006 -0.0400
-5.8720 -1.1689 -0.0400
-5.8216 -1.2080 -0.0400
-4.2150 -0.8161 -0.0400
-4.1522 -0.7851 -0.0400
-4.1149 -0.7936 -0.0400
-4.0807 -0.8070 -0.0400
-4.0491 -0.8250 -0.0400
-4.0201 -0.8481 -0.0400
-3.9940 -0.8778 -0.0400
-3.9721 -0.9176 -0.0400
-3.6398 -1.9053 -0.0400
-3.5813 -1.8732 -0.0400
-3.5282 -1.8651 -0.0400
-3.4800 -1.8872 -0.0400
-3.4339 -1.9319 -0.0400
-2.8071 -4.0458 -0.0400
-2.7192 -4.0323 -0.0400
-2.6269 -4.0732 -0.0400
-2.5339 -4.1045 -0.0400
-2.4398 -4.1324 -0.0400
0.0271 -2.9460 -0.0400
0.1121 -2.9112 -0.0400
0.2450 -2.9320 -0.0400
0.4368 -3.0148 -0.0400
-1.2481 0.6454 -0.0400
-1.2503 0.6789 -0.0400
-1.2447 0.7108 -0.0400
-1.2076 0.7384 -0.0400
0.7796 1.1416 -0.0400
0.7520 1.2077 -0.0400
-0.4938 3.9956 -0.0400
-0.5532 4.0325 -0.0400
-0.5978 4.2006 -0.0400
-0.6729 4.2184 -0.0400
-0.7286 4.2614 -0.0400
-0.8635 5.5969 -0.0400
-1.4289 5.1403 -0.0400
-1.5073 5.1538 -0.0400
-1.5542 5.2536 -0.0400
-2.4971 3.8019 -0.0400
-2.5563 3.7580 -0.0400
-2.6065 3.7563 -0.0400
-2.6534 3.7736 -0.0400
-2.7003 3.7940 -0.0400
-3.0976 4.2809 -0.0400
-3.1552 4.2848 -0.0400
-8.1967 4.0057 -0.0400
-8.1438 3.1917 -0.0400
-8.2101 3.1144 -0.0400
-7.7845 2.6554 -0.0400
-6.5625 1.4476 -0.0400
-6.5692 1.3864 -0.0400
-6.6421 1.3315 -0.0400
-8.9672 1.4459 -0.0400
-9.0387 1.3465 -0.0400
-3.9961 0.9537 -0.0400
-3.9712 0.9391 -0.0400
-3.9450 0.9255 -0.0400
-3.9361 0.9110 -0.0400
-3.9290 0.8966 -0.0400
-3.9232 0.8822 -0.0400
-3.9177 0.8679 -0.0400
-3.9150 0.8532 -0.0400
-3.9159 0.8378 -0.0400
-3.9163 0.8224 -0.0400
-3.9174 0.8068 -0.0400
-3.9277 0.7887 -0.0400
-3.9338 0.7712 -0.0400
-3.9610 0.7474 -0.0400
-7.4398 -1.3964 -0.0400
-7.3417 -1.4407 -0.0400
-7.2856 -1.5074 -0.0400
-7.2841 -1.6073 -0.0400
-5.9268 -1.1335 -0.0400
-5.8595 -1.1603 -0.0400
-5.8254 -1.2119 -0.0400
-4.2479 -0.7970 -0.0400
-4.1963 -0.7855 -0.0400
-4.1534 -0.7857 -0.0400
-4.1156 -0.7934 -0.0400
-4.0811 -0.8059 -0.0400
-4.0519 -0.8278 -0.0400
-4.0254 -0.8557 -0.0400
-4.0025 -0.8917 -0.0400
-3.9862 -0.9435 -0.0400
-3.7041 -1.9315 -0.0400
-3.6393 -1.8737 -0.0400
-3.5847 -1.8592 -0.0400
-3.5337 -1.8618 -0.0400
-3.4848 -1.8780 -0.0400
-3.4379 -1.9126 -0.0400
-2.8183 -4.0471 -0.0400
-2.7287 -4.0623 -0.0400
-2.6375 -4.0867 -0.0400
-2.5457 -4.1065 -0.0400
0.2279 -2.9377 -0.0400
-1.2280 0.7276 -0.0400
-1.1961 0.7566 -0.0400
0.8147 1.0586 -0.0400
0.7497 1.1245 -0.0400
0.7468 1.1914 -0.0400
-0.5947 4.1877 -0.0400
-0.6656 4.2112 -0.0400
-0.6884 4.3003 -0.0400
-0.8861 5.5274 -0.0400
-0.9732 5.5494 -0.0400
-1.4268 5.1238 -0.0400
-1.4920 5.1718 -0.0400
-2.5015 3.7620 -0.0400
-2.5548 3.7470 -0.0400
-2.6038 3.7521 -0.0400
-2.6500 3.7754 -0.0400
-2.6982 3.7871 -0.0400
-3.0954 4.2851 -0.0400
-8.1967 4.0042 -0.0400
-8.1509 3.1923 -0.0400
-7.7825 2.7446 -0.0400
-7.7797 2.6504 -0.0400
-6.5599 1.5041 -0.0400
-6.5599 1.4419 -0.0400
-6.6196 1.3868 -0.0400
-8.9675 1.4443 -0.0400
-9.0380 1.3450 -0.0400
-4.0072 0.9606 -0.0400
-3.9754 0.9458 -0.0400
-3.9459 0.9319 -0.0400
-3.9366 0.9173 -0.0400
-3.9292 0.9029 -0.0400
-3.9235 0.8885 -0.0400
-3.9180 0.8742 -0.0400
-3.9158 0.8595 -0.0400
-3.9150 0.8446 -0.0400
-3.9150 0.8294 -0.0400
-3.9208 0.8130 -0.0400
-3.9249 0.7966 -0.0400
-3.9429 0.7767 -0.0400
-3.9560 0.7571 -0.0400
-3.9885 0.7315 -0.0400
-7.4417 -1.3978 -0.0400
-7.3405 -1.4403 -0.0400
-7.2854 -1.5075 -0.0400
-5.9175 -1.1283 -0.0400
-5.8516 -1.1558 -0.0400
-5.8510 -1.2338 -0.0400
-4.2442 -0.7919 -0.0400
-4.1947 -0.7832 -0.0400
-4.1526 -0.7844 -0.0400
-4.1122 -0.7871 -0.0400
-4.0807 -0.8044 -0.0400
-4.0513 -0.8257 -0.0400
-4.0244 -0.8520 -0.0400
-4.0007 -0.8857 -0.0400
-3.6479 -1.8915 -0.0400
-3.5886 -1.8520 -0.0400
-3.5393 -1.8631 -0.0400
-3.4921 -1.8900 -0.0400
-3.4481 -1.9470 -0.0400
-2.8296 -4.0367 -0.0400
-2.7396 -4.0638 -0.0400
-2.6488 -4.0864 -0.0400
-2.5571 -4.1078 -0.0400
0.8498 1.0429 -0.0400
0.7657 1.1088 -0.0400
0.7434 1.1751 -0.0400
-0.6502 4.3350 -0.0400
-0.8639 5.5498 -0.0400
-1.4174 5.1243 -0.0400
-1.4890 5.1558 -0.0400
-1.5293 5.2750 -0.0400
-2.5008 3.7442 -0.0400
-2.5513 3.7437 -0.0400
-2.5984 3.7606 -0.0400
-2.6461 3.7760 -0.0400
-2.6921 3.8054 -0.0400
-3.0346 4.2923 -0.0400
-3.0926 4.2826 -0.0400
-8.1648 4.1053 -0.0400
-8.2044 4.0074 -0.0400
-8.1258 3.2850 -0.0400
-8.1455 3.1876 -0.0400
-7.7496 2.7291 -0.0400
-7.8220 2.6621 -0.0400
-6.5695 1.5001 -0.0400
-6.5585 1.4363 -0.0400
-6.6078 1.3801 -0.0400
-8.9608 1.5458 -0.0400
-9.0148 1.4463 -0.0400
-3.9628 0.9528 -0.0400
-3.9488 0.9379 -0.0400
-3.9386 0.9233 -0.0400
-3.9305 0.9088 -0.0400
-3.9244 0.8943 -0.0400
-3.9184 0.8801 -0.0400
-3.9162 0.8655 -0.0400
-3.9157 0.8506 -0.0400
-3.9160 0.8355 -0.0400
-3.9226 0.8192 -0.0400
-3.9277 0.8029 -0.0400
-3.9348 0.7858 -0.0400
-3.9450 0.7675 -0.0400
-7.5013 -1.3317 -0.0400
-7.4011 -1.3765 -0.0400
-7.3331 -1.4370 -0.0400
-7.2978 -1.5155 -0.0400
-5.8963 -1.1149 -0.0400
-5.8507 -1.1572 -0.0400
-4.2972 -0.8051 -0.0400
-4.2360 -0.7808 -0.0400
-4.1903 -0.7776 -0.0400
-4.1446 -0.7724 -0.0400
-4.1112 -0.7861 -0.0400
-4.0800 -0.8036 -0.0400
-4.0509 -0.8249 -0.0400
-4.0323 -0.8668 -0.0400
-4.0137 -0.9111 -0.0400
-4.0119 -0.9934 -0.0400
-3.7087 -1.9094 -0.0400
-3.6471 -1.8647 -0.0400
-3.5936 -1.8536 -0.0400
-3.5433 -1.8583 -0.0400
-3.4954 -1.8777 -0.0400
-2.8400 -4.0338 -0.0400
-2.7498 -4.0676 -0.0400
-2.6605 -4.0742 -0.0400
1.0250 -0.2846 -0.0400
1.0436 -0.2118 -0.0400
1.1003 -0.1493 -0.0400
0.8143 1.0259 -0.0400
0.7504 1.0920 -0.0400
0.7536 1.1593 -0.0400
-0.8784 5.4950 -0.0400
-1.4101 5.1177 -0.0400
-1.4643 5.1952 -0.0400
-2.4931 3.7572 -0.0400
-2.5462 3.7454 -0.0400
-2.5948 3.7550 -0.0400
-2.6403 3.7850 -0.0400
-3.0312 4.2816 -0.0400
-3.0893 4.3093 -0.0400
-8.1400 4.0890 -0.0400
-8.1220 3.2811 -0.0400
-8.1444 3.1849 -0.0400
-7.7508 2.7263 -0.0400
-7.8094 2.6545 -0.0400
-6.5755 1.5582 -0.0400
-6.5505 1.4917 -0.0400
-6.5823 1.4340 -0.0400
-8.9795 1.5458 -0.0400
-8.9819 1.4419 -0.0400
-9.0594 1.3430 -0.0400
-4.0032 0.9748 -0.0400
-3.9715 0.9589 -0.0400
-3.9541 0.9438 -0.0400
-3.9420 0.9290 -0.0400
-3.9330 0.9144 -0.0400
-3.9223 0.9002 -0.0400
-3.9190 0.8857 -0.0400
-3.9166 0.8712 -0.0400
-3.9158 0.8564 -0.0400
-3.9162 0.8415 -0.0400
-3.9229 0.8254 -0.0400
-3.9282 0.8092 -0.0400
-3.9358 0.7923 -0.0400
-3.9468 0.7742 -0.0400
-7.4847 -1.3244 -0.0400
-7.4092 -1.3822 -0.0400
-7.3327 -1.4380 -0.0400
-7.3379 -1.5402 -0.0400
-5.8909 -1.1137 -0.0400
-5.8622 -1.1688 -0.0400
-4.2258 -0.7678 -0.0400
-4.1837 -0.7693 -0.0400
-4.1418 -0.7699 -0.0400
-4.1096 -0.7852 -0.0400
-4.0791 -0.8035 -0.0400
-4.0559 -0.8353 -0.0400
-4.0327 -0.8684 -0.0400
-4.0143 -0.9125 -0.0400
-4.0133 -0.9959 -0.0400
-3.7035 -1.8680 -0.0400
-3.6478 -1.8485 -0.0400
-3.5965 -1.8477 -0.0400
-3.5481 -1.8614 -0.0400
-3.5018 -1.8913 -0.0400
-3.4596 -1.9588 -0.0400
-2.8474 -4.0815 -0.0400
-2.7594 -4.0722 -0.0400
-2.6668 -4.1212 -0.0400
-2.5751 -4.1408 -0.0400
1.0356 -0.3058 -0.0400
1.0352 -0.2272 -0.0400
1.0689 -0.1586 -0.0400
-1.1401 0.4758 -0.0400
-1.1601 0.5165 -0.0400
-1.2269 0.5661 -0.0400
0.8632 0.9466 -0.0400
0.7738 1.0143 -0.0400
0.7488 1.0810 -0.0400
-0.6862 5.4648 -0.0400
-0.7911 5.4555 -0.0400
-1.2501 5.0755 -0.0400
-1.3303 5.0883 -0.0400
-1.3904 5.1492 -0.0400
-2.3867 3.7552 -0.0400
-2.4432 3.7347 -0.0400
-2.4935 3.7379 -0.0400
-2.5401 3.7587 -0.0400
-2.5882 3.7735 -0.0400
-2.6330 3.8107 -0.0400
-2.9701 4.2887 -0.0400
-3.0283 4.2954 -0.0400
-8.0469 4.2767 -0.0400
-8.0884 4.1791 -0.0400
-8.0684 3.3618 -0.0400
-7.7616 2.9182 -0.0400
-7.7200 2.8061 -0.0400
-6.5433 1.5491 -0.0400
-8.9507 1.6457 -0.0400
-9.0258 1.5492 -0.0400
-3.9850 0.9843 -0.0400
-3.9473 0.9680 -0.0400
-3.9372 0.9529 -0.0400
-3.9297 0.9381 -0.0400
-3.9243 0.9235 -0.0400
-3.9205 0.9089 -0.0400
-3.9180 0.8944 -0.0400
-3.9169 0.8797 -0.0400
-3.9205 0.8646 -0.0400
-3.9236 0.8493 -0.0400
-3.9288 0.8335 -0.0400
-3.9366 0.8170 -0.0400
-3.9473 0.7996 -0.0400
-7.5205 -1.2463 -0.0400
-7.4380 -1.3012 -0.0400
-7.3765 -1.3656 -0.0400
-5.9177 -1.0600 -0.0400
-5.8968 -1.1203 -0.0400
-4.3050 -0.7562 -0.0400
-4.2429 -0.7309 -0.0400
-4.2048 -0.7383 -0.0400
-4.1702 -0.7502 -0.0400
-4.1368 -0.7636 -0.0400
-4.1079 -0.7841 -0.0400
-4.0869 -0.8189 -0.0400
-4.0655 -0.8544 -0.0400
-4.0494 -0.9016 -0.0400
-3.7582 -1.8699 -0.0400
-3.6997 -1.8410 -0.0400
-3.6474 -1.8355 -0.0400
-3.6009 -1.8584 -0.0400
-3.5578 -1.9051 -0.0400
-3.0304 -4.0567 -0.0400
-2.9430 -4.0414 -0.0400
-2.8542 -4.0674 -0.0400
-2.7614 -4.1406 -0.0400
0.9923 -0.3828 -0.0400
1.0127 -0.3105 -0.0400
1.0675 -0.2483 -0.0400
-1.1121 0.4225 -0.0400
-1.1535 0.4699 -0.0400
-1.1676 0.5089 -0.0400
-1.2614 0.5644 -0.0400
-1.2644 0.5982 -0.0400
-1.2596 0.6303 -0.0400
-0.7618 5.4779 -0.0400
-0.8568 5.4866 -0.0400
-1.3110 5.0983 -0.0400
-1.3916 5.1099 -0.0400
-1.4552 5.1636 -0.0400
-2.4217 3.7914 -0.0400
-2.4830 3.7493 -0.0400
-2.5352 3.7436 -0.0400
-2.5817 3.7674 -0.0400
-2.6290 3.7897 -0.0400
-2.9633 4.3000 -0.0400
-3.0223 4.2848 -0.0400
-8.1087 4.1916 -0.0400
-8.1262 3.2794 -0.0400
-7.7550 2.8164 -0.0400
-7.7835 2.7329 -0.0400
-6.5463 1.5424 -0.0400
-6.5590 1.4821 -0.0400
-8.9596 1.5402 -0.0400
-4.0191 0.9893 -0.0400
-3.9741 0.9715 -0.0400
-3.9549 0.9556 -0.0400
-3.9424 0.9404 -0.0400
-3.9331 0.9255 -0.0400
-3.9264 0.9109 -0.0400
-3.9191 0.8965 -0.0400
-3.9172 0.8819 -0.0400
-3.9171 0.8672 -0.0400
-3.9182 0.8523 -0.0400
-3.9205 0.8372 -0.0400
-3.9245 0.8217 -0.0400
-3.9311 0.8055 -0.0400
-3.9580 0.7854 -0.0400
-3.9882 0.7635 -0.0400
-7.5632 -1.2701 -0.0400
-7.4838 -1.3276 -0.0400
-7.3781 -1.3691 -0.0400
-7.3418 -1.4466 -0.0400
-5.9271 -1.0717 -0.0400
-5.8850 -1.1165 -0.0400
-4.3334 -0.8016 -0.0400
-4.2680 -0.7731 -0.0400
-4.2108 -0.7530 -0.0400
-4.1690 -0.7538 -0.0400
-4.1364 -0.7682 -0.0400
-4.1063 -0.7863 -0.0400
-4.0785 -0.8086 -0.0400
-4.0524 -0.8345 -0.0400
-4.0399 -0.8870 -0.0400
-4.0275 -0.9430 -0.0400
-3.7665 -1.8905 -0.0400
-3.7052 -1.8498 -0.0400
-3.6520 -1.8399 -0.0400
-3.6023 -1.8446 -0.0400
-3.5549 -1.8619 -0.0400
-3.5098 -1.8970 -0.0400
-2.9544 -4.0359 -0.0400
-2.8655 -4.0742 -0.0400
-2.7770 -4.0819 -0.0400
-2.6858 -4.1175 -0.0400
1.0642 -0.4302 -0.0400
1.0178 -0.3356 -0.0400
1.0251 -0.2595 -0.0400
1.0626 -0.1920 -0.0400
-1.1329 0.4460 -0.0400
-1.1589 0.4883 -0.0400
-1.1999 0.5327 -0.0400
-1.2426 0.5757 -0.0400
-1.2548 0.6112 -0.0400
-1.2565 0.6445 -0.0400
-1.2402 0.6748 -0.0400
-1.2120 0.7041 -0.0400
-1.2335 5.0599 -0.0400
-1.3112 5.0793 -0.0400
-2.3774 3.7387 -0.0400
-2.4316 3.7288 -0.0400
-2.4811 3.7372 -0.0400
-2.5272 3.7627 -0.0400
-2.5760 3.7763 -0.0400
-2.6192 3.8255 -0.0400
-2.9601 4.2881 -0.0400
-8.0316 4.2660 -0.0400
-8.0270 3.4462 -0.0400
-8.0591 3.3540 -0.0400
-7.6875 2.8818 -0.0400
-7.7937 2.8302 -0.0400
-6.5384 1.6000 -0.0400
-6.6047 1.5490 -0.0400
-8.9391 1.7449 -0.0400
-8.9770 1.6453 -0.0400
-3.9912 0.9976 -0.0400
-3.9479 0.9795 -0.0400
-3.9376 0.9640 -0.0400
-3.9299 0.9490 -0.0400
-3.9245 0.9341 -0.0400
-3.9208 0.9195 -0.0400
-3.9185 0.9049 -0.0400
-3.9176 0.8903 -0.0400
-3.9184 0.8755 -0.0400
-3.9252 0.8602 -0.0400
-3.9313 0.8446 -0.0400
-3.9400 0.8285 -0.0400
-3.9525 0.8114 -0.0400
-3.9722 0.7926 -0.0400
-7.5660 -1.1763 -0.0400
-7.4913 -1.2362 -0.0400
-7.4172 -1.2948 -0.0400
-7.4194 -1.3929 -0.0400
-5.9503 -1.0166 -0.0400
-5.9334 -1.0790 -0.0400
-4.3300 -0.7376 -0.0400
-4.2821 -0.7336 -0.0400
-4.2322 -0.7247 -0.0400
-4.1935 -0.7305 -0.0400
-4.1621 -0.7463 -0.0400
-4.1329 -0.7657 -0.0400
-4.1102 -0.7960 -0.0400
-4.0867 -0.8261 -0.0400
-4.0825 -0.8924 -0.0400
-3.8198 -1.8879 -0.0400
-3.7556 -1.8399 -0.0400
-3.7016 -1.8275 -0.0400
-3.6526 -1.8353 -0.0400
-3.6078 -1.8654 -0.0400
-3.5676 -1.9267 -0.0400
-3.0466 -4.0432 -0.0400
-2.9593 -4.0499 -0.0400
-2.8711 -4.0691 -0.0400
-2.7789 -4.1417 -0.0400
0.9980 -0.4200 -0.0400
1.0071 -0.3439 -0.0400
1.0764 -0.2861 -0.0400
-1.1003 0.3913 -0.0400
-1.1518 0.4416 -0.0400
-1.1691 0.4816 -0.0400
-1.2595 0.5367 -0.0400
-1.2666 0.5714 -0.0400
-1.2651 0.6041 -0.0400
-1.2559 0.6353 -0.0400
-1.2379 0.6654 -0.0400
-1.2047 0.6941 -0.0400
0.8875 3.9919 -0.0400
-2.3684 3.7442 -0.0400
-2.4238 3.7309 -0.0400
-2.4743 3.7361 -0.0400
-2.5202 3.7630 -0.0400
-2.5657 3.7961 -0.0400
-2.8949 4.2955 -0.0400
-2.9542 4.2904 -0.0400
-8.0205 4.2590 -0.0400
-8.0125 3.4377 -0.0400
-7.6879 2.9754 -0.0400
-7.6864 2.8790 -0.0400
-6.5269 1.6553 -0.0400
-6.5366 1.5944 -0.0400
-6.6006 1.5431 -0.0400
-8.9504 1.7448 -0.0400
-9.0225 1.6491 -0.0400
-3.9754 1.0030 -0.0400
-3.9553 0.9859 -0.0400
-3.9427 0.9699 -0.0400
-3.9337 0.9545 -0.0400
-3.9273 0.9395 -0.0400
-3.9198 0.9247 -0.0400
-3.9182 0.9101 -0.0400
-3.9186 0.8954 -0.0400
-3.9201 0.8807 -0.0400
-3.9229 0.8657 -0.0400
-3.9274 0.8505 -0.0400
-3.9347 0.8348 -0.0400
-3.9451 0.8184 -0.0400
-3.9922 0.7963 -0.0400
-7.6468 -1.1202 -0.0400
-7.5596 -1.1760 -0.0400
-7.4740 -1.2304 -0.0400
-7.4176 -1.2977 -0.0400
-5.9977 -0.9798 -0.0400
-5.9466 -1.0188 -0.0400
-5.9549 -1.0988 -0.0400
-4.3209 -0.7315 -0.0400
-4.2658 -0.7170 -0.0400
-4.2236 -0.7183 -0.0400
-4.1885 -0.7289 -0.0400
-4.1583 -0.7463 -0.0400
-4.1308 -0.7680 -0.0400
-4.1092 -0.7998 -0.0400
-4.0861 -0.8302 -0.0400
-4.0820 -0.8963 -0.0400
-3.8210 -1.8874 -0.0400
-3.7512 -1.8161 -0.0400
-3.7010 -1.8182 -0.0400
-3.6536 -1.8322 -0.0400
-3.6086 -1.8591 -0.0400
-3.5668 -1.9094 -0.0400
-3.0538 -4.0324 -0.0400
-2.9662 -4.0680 -0.0400
-2.8776 -4.0964 -0.0400
-2.7881 -4.1199 -0.0400
0.9718 -0.4286 -0.0400
0.9985 -0.3586 -0.0400
1.0553 -0.2973 -0.0400
-1.1725 0.4333 -0.0400
-1.1807 0.4707 -0.0400
-1.2482 0.5207 -0.0400
-1.2627 0.5571 -0.0400
-1.2664 0.5909 -0.0400
-1.2556 0.6218 -0.0400
-1.2344 0.6514 -0.0400
-1.1907 0.6787 -0.0400
0.9566 3.9132 -0.0400
0.8951 3.9769 -0.0400
-2.3600 3.7452 -0.0400
-2.4158 3.7311 -0.0400
-2.4651 3.7428 -0.0400
-2.5132 3.7606 -0.0400
-2.5601 3.7863 -0.0400
-2.8869 4.3185 -0.0400
-2.9468 4.3152 -0.0400
-7.9709 4.3525 -0.0400
-8.0125 3.4369 -0.0400
-7.6523 2.9576 -0.0400
-7.6913 2.8790 -0.0400
-6.5253 1.6499 -0.0400
-6.5396 1.5899 -0.0400
-6.6075 1.5393 -0.0400
-8.9427 1.8471 -0.0400
-8.9346 1.7411 -0.0400
-9.0138 1.6466 -0.0400
-3.9901 1.0111 -0.0400
-3.9632 0.9927 -0.0400
-3.9369 0.9753 -0.0400
-3.9296 0.9599 -0.0400
-3.9244 0.9448 -0.0400
-3.9210 0.9300 -0.0400
-3.9188 0.9153 -0.0400
-3.9181 0.9007 -0.0400
-3.9190 0.8860 -0.0400
-3.9254 0.8709 -0.0400
-3.9316 0.8557 -0.0400
-3.9402 0.8400 -0.0400
-3.9523 0.8235 -0.0400
-3.9708 0.8058 -0.0400
-7.6268 -1.1141 -0.0400
-7.5579 -1.1781 -0.0400
-7.4635 -1.2282 -0.0400
-7.4623 -1.3234 -0.0400
-5.9786 -0.9723 -0.0400
-5.9483 -1.0249 -0.0400
-5.9571 -1.1051 -0.0400
-4.3716 -0.7444 -0.0400
-4.3033 -0.7147 -0.0400
-4.2563 -0.7105 -0.0400
-4.2179 -0.7168 -0.0400
-4.1844 -0.7294 -0.0400
-4.1551 -0.7479 -0.0400
-4.1302 -0.7734 -0.0400
-4.1110 -0.8092 -0.0400
-4.0892 -0.8417 -0.0400
-4.0919 -0.9203 -0.0400
-3.8046 -1.8225 -0.0400
-3.7514 -1.8137 -0.0400
-3.7017 -1.8169 -0.0400
-3.6545 -1.8308 -0.0400
-3.6165 -1.8935 -0.0400
-3.0604 -4.0324 -0.0400
-2.9729 -4.0734 -0.0400
-2.8835 -4.1254 -0.0400
-2.7929 -4.1628 -0.0400
1.0464 -0.5517 -0.0400
0.9657 -0.4437 -0.0400
0.9930 -0.3740 -0.0400
1.0472 -0.3121 -0.0400
-1.1334 0.3731 -0.0400
-1.1648 0.4178 -0.0400
-1.1778 0.4565 -0.0400
-1.2343 0.5042 -0.0400
-1.2710 0.5455 -0.0400
-1.2703 0.5783 -0.0400
-1.2635 0.6098 -0.0400
-1.2482 0.6401 -0.0400
-1.2230 0.6695 -0.0400
0.8145 0.8804 -0.0400
0.7539 0.9481 -0.0400
0.7619 1.0155 -0.0400
-2.3524 3.7405 -0.0400
-2.4095 3.7221 -0.0400
-2.4572 3.7410 -0.0400
-2.5053 3.7594 -0.0400
-2.5529 3.7826 -0.0400
-2.8814 4.2890 -0.0400
-2.9404 4.2982 -0.0400
-7.9720 4.3547 -0.0400
-7.9902 3.5346 -0.0400
-8.0234 3.4420 -0.0400
-7.6502 2.9550 -0.0400
-6.5366 1.7110 -0.0400
-6.5228 1.6445 -0.0400
-6.5471 1.5865 -0.0400
-8.9335 1.8443 -0.0400
-8.9325 1.7394 -0.0400
-4.0109 1.0208 -0.0400
-3.9514 0.9979 -0.0400
-3.9403 0.9815 -0.0400
-3.9322 0.9658 -0.0400
-3.9265 0.9505 -0.0400
-3.9224 0.9355 -0.0400
-3.9183 0.9206 -0.0400
-3.9189 0.9060 -0.0400
-3.9206 0.8912 -0.0400
-3.9235 0.8764 -0.0400
-3.9280 0.8614 -0.0400
-3.9351 0.8460 -0.0400
-3.9451 0.8301 -0.0400
-3.9847 0.8107 -0.0400
-7.6239 -1.1159 -0.0400
-7.5584 -1.1814 -0.0400
-7.4575 -1.2284 -0.0400
-7.4984 -1.3449 -0.0400
-5.9818 -0.9798 -0.0400
-5.9657 -1.0420 -0.0400
-4.3552 -0.7308 -0.0400
-4.2941 -0.7100 -0.0400
-4.2451 -0.7026 -0.0400
-4.2106 -0.7139 -0.0400
-4.1797 -0.7299 -0.0400
-4.1521 -0.7507 -0.0400
-4.1282 -0.7775 -0.0400
-4.1093 -0.8135 -0.0400
-4.0991 -0.8661 -0.0400
-3.8023 -1.8134 -0.0400
-3.7505 -1.8092 -0.0400
-3.7019 -1.8158 -0.0400
-3.6588 -1.8485 -0.0400
-3.6180 -1.8968 -0.0400
-3.1530 -4.0447 -0.0400
-3.0664 -4.0381 -0.0400
-2.9793 -4.0649 -0.0400
-2.8896 -4.1345 -0.0400
-2.8018 -4.1250 -0.0400
-0.2244 -3.1353 -0.0400
0.9902 -0.5487 -0.0400
0.9714 -0.4625 -0.0400
0.9909 -0.3902 -0.0400
1.0513 -0.3302 -0.0400
-1.1245 0.3572 -0.0400
-1.1624 0.4038 -0.0400
-1.1777 0.4432 -0.0400
-1.2592 0.4966 -0.0400
-1.2703 0.5322 -0.0400
-1.2724 0.5655 -0.0400
-1.2677 0.5974 -0.0400
-1.2429 0.6261 -0.0400
-1.2083 0.6543 -0.0400
0.8527 0.8636 -0.0400
0.7721 0.9319 -0.0400
0.7506 0.9988 -0.0400
0.9146 3.9490 -0.0400
-0.2888 3.8277 -0.0400
-2.4008 3.7204 -0.0400
-2.4484 3.7409 -0.0400
-2.4969 3.7585 -0.0400
-2.8733 4.2948 -0.0400
-7.9586 4.3472 -0.0400
-7.9624 3.5197 -0.0400
-7.6614 3.0560 -0.0400
-7.6489 2.9530 -0.0400
-6.5175 1.7020 -0.0400
-6.5245 1.6402 -0.0400
-8.9184 1.8407 -0.0400
-8.9347 1.7385 -0.0400
-3.9536 1.0047 -0.0400
-3.9420 0.9879 -0.0400
-3.9339 0.9719 -0.0400
-3.9280 0.9564 -0.0400
-3.9202 0.9410 -0.0400
-3.9187 0.9262 -0.0400
-3.9187 0.9114 -0.0400
-3.9199 0.8967 -0.0400
-3.9223 0.8819 -0.0400
-3.9324 0.8668 -0.0400
-3.9409 0.8514 -0.0400
-3.9523 0.8355 -0.0400
-3.9690 0.8187 -0.0400
-4.0078 0.7990 -0.0400
-7.5928 -1.1053 -0.0400
-7.4973 -1.1563 -0.0400
-7.4576 -1.2318 -0.0400
-6.0409 -0.9509 -0.0400
-5.9785 -0.9833 -0.0400
-4.3905 -0.7248 -0.0400
-4.3343 -0.7122 -0.0400
-4.2806 -0.7002 -0.0400
-4.2399 -0.7036 -0.0400
-4.2056 -0.7150 -0.0400
-4.1755 -0.7318 -0.0400
-4.1506 -0.7566 -0.0400
-4.1291 -0.7872 -0.0400
-4.1125 -0.8268 -0.0400
-4.1065 -0.8867 -0.0400
-3.8646 -1.8545 -0.0400
-3.8046 -1.8239 -0.0400
-3.7492 -1.8049 -0.0400
-3.7016 -1.8152 -0.0400
-3.6605 -1.8559 -0.0400
-3.6213 -1.9122 -0.0400
-3.1586 -4.0681 -0.0400
-3.0718 -4.0636 -0.0400
-2.9846 -4.0858 -0.0400
-2.8961 -4.1198 -0.0400
-0.2367 -3.1384 -0.0400
-0.0977 -3.1822 -0.0400
-0.0188 -3.1401 -0.0400
0.1688 -3.2353 -0.0400
1.0248 -0.5778 -0.0400
0.9565 -0.4741 -0.0400
0.9778 -0.4026 -0.0400
1.0778 -0.3549 -0.0400
-1.1660 0.3917 -0.0400
-1.1806 0.4309 -0.0400
-1.2580 0.4834 -0.0400
-1.2699 0.5192 -0.0400
-1.2735 0.5528 -0.0400
-1.2678 0.5844 -0.0400
-1.2524 0.6146 -0.0400
-1.2276 0.6438 -0.0400
0.8134 0.8477 -0.0400
0.7543 0.9154 -0.0400
0.7587 0.9826 -0.0400
0.9274 3.9369 -0.0400
-0.2713 3.8241 -0.0400
-0.3318 3.8633 -0.0400
-0.3793 4.0256 -0.0400
-2.8654 4.2874 -0.0400
-2.9229 4.3390 -0.0400
-7.9650 4.3542 -0.0400
-7.9637 3.5209 -0.0400
-7.6150 3.0333 -0.0400
-7.6632 2.9586 -0.0400
-6.5104 1.6960 -0.0400
-6.5386 1.6389 -0.0400
-8.9077 1.8380 -0.0400
-3.9524 1.0115 -0.0400
-3.9416 0.9944 -0.0400
-3.9339 0.9782 -0.0400
-3.9283 0.9625 -0.0400
-3.9205 0.9469 -0.0400
-3.9190 0.9320 -0.0400
-3.9187 0.9171 -0.0400
-3.9198 0.9024 -0.0400
-3.9250 0.8876 -0.0400
-3.9301 0.8727 -0.0400
-3.9375 0.8575 -0.0400
-3.9473 0.8419 -0.0400
-3.9607 0.8257 -0.0400
-7.5934 -1.1090 -0.0400
-7.5031 -1.1625 -0.0400
-7.4562 -1.2346 -0.0400
-6.0019 -0.9325 -0.0400
-5.9827 -0.9918 -0.0400
-4.3826 -0.7236 -0.0400
-4.3111 -0.6912 -0.0400
-4.2653 -0.6888 -0.0400
-4.2296 -0.6985 -0.0400
-4.1999 -0.7158 -0.0400
-4.1715 -0.7349 -0.0400
-4.1471 -0.7600 -0.0400
-4.1271 -0.7928 -0.0400
-4.1123 -0.8354 -0.0400
-3.8517 -1.8135 -0.0400
-3.7985 -1.8048 -0.0400
-3.7477 -1.8025 -0.0400
-3.7017 -1.8188 -0.0400
-3.6575 -1.8439 -0.0400
-3.1626 -4.0239 -0.0400
-3.0767 -4.0660 -0.0400
-2.9899 -4.0721 -0.0400
-2.9015 -4.1189 -0.0400
-0.2362 -3.1588 -0.0400
-0.1074 -3.1888 -0.0400
-0.0216 -3.1560 -0.0400
0.1725 -3.2600 -0.0400
0.9526 -0.4891 -0.0400
0.9824 -0.4204 -0.0400
1.0410 -0.3602 -0.0400
-1.1455 0.3735 -0.0400
-1.1864 0.4195 -0.0400
-1.2209 0.4623 -0.0400
-1.2725 0.5070 -0.0400
-1.2758 0.5405 -0.0400
-1.2720 0.5724 -0.0400
-1.2581 0.6026 -0.0400
-1.2373 0.6322 -0.0400
0.8321 0.8312 -0.0400
0.7652 0.8993 -0.0400
0.7503 0.9662 -0.0400
-0.2712 3.8019 -0.0400
-0.3247 3.8484 -0.0400
-0.3604 4.0242 -0.0400
-0.4398 4.0426 -0.0400
-0.4850 4.1014 -0.0400
-2.7959 4.2942 -0.0400
-2.8565 4.2873 -0.0400
-2.9146 4.3285 -0.0400
-7.9379 3.6191 -0.0400
-7.9661 3.5231 -0.0400
-7.6080 3.0295 -0.0400
-7.6812 2.9662 -0.0400
-6.5078 1.7551 -0.0400
-6.5111 1.6921 -0.0400
-6.5995 1.6481 -0.0400
-3.9886 1.0413 -0.0400
-3.9634 1.0206 -0.0400
-3.9498 1.0026 -0.0400
-3.9318 0.9847 -0.0400
-3.9271 0.9689 -0.0400
-3.9201 0.9531 -0.0400
-3.9188 0.9380 -0.0400
-3.9188 0.9231 -0.0400
-3.9199 0.9083 -0.0400
-3.9247 0.8936 -0.0400
-3.9293 0.8787 -0.0400
-3.9359 0.8636 -0.0400
-3.9446 0.8482 -0.0400
-3.9741 0.8316 -0.0400
-4.0131 0.8133 -0.0400
-7.6290 -1.0337 -0.0400
-7.5476 -1.0924 -0.0400
-7.4915 -1.1607 -0.0400
-7.5012 -1.2599 -0.0400
-6.0533 -0.8990 -0.0400
-5.9993 -0.9369 -0.0400
-5.9837 -0.9985 -0.0400
-4.3569 -0.7012 -0.0400
-4.2970 -0.6826 -0.0400
-4.2555 -0.6853 -0.0400
-4.2246 -0.7010 -0.0400
-4.1945 -0.7176 -0.0400
-4.1695 -0.7415 -0.0400
-4.1498 -0.7737 -0.0400
-4.1277 -0.8034 -0.0400
-4.1195 -0.8567 -0.0400
-3.8479 -1.8061 -0.0400
-3.7961 -1.8015 -0.0400
-3.7462 -1.8017 -0.0400
-3.7032 -1.8299 -0.0400
-3.6611 -1.8653 -0.0400
-3.1666 -4.0216 -0.0400
-3.0810 -4.0646 -0.0400
-2.9937 -4.1210 -0.0400
-2.9056 -4.1402 -0.0400
-0.3246 -3.2013 -0.0400
-0.2471 -3.1620 -0.0400
-0.1157 -3.1963 -0.0400
-0.0296 -3.1642 -0.0400
-1.1665 0.3665 -0.0400
-1.1824 0.4060 -0.0400
-1.2427 0.4548 -0.0400
-1.2627 0.4925 -0.0400
-1.2796 0.5288 -0.0400
-1.2765 0.5606 -0.0400
-1.2616 0.5906 -0.0400
-1.2425 0.6203 -0.0400
0.8559 0.8147 -0.0400
0.7497 0.8832 -0.0400
0.7648 0.9504 -0.0400
1.0006 3.8372 -0.0400
-0.2317 3.8204 -0.0400
-0.3068 3.8448 -0.0400
-0.3615 3.9991 -0.0400
-0.4267 4.0341 -0.0400
-0.4448 4.1270 -0.0400
-2.7867 4.2890 -0.0400
-2.8470 4.2886 -0.0400
-2.9034 4.3680 -0.0400
-7.9263 3.6141 -0.0400
-7.9880 3.5365 -0.0400
-7.6119 3.1299 -0.0400
-7.6085 3.0298 -0.0400
-7.6854 2.9681 -0.0400
-6.5001 1.7495 -0.0400
-6.5134 1.6889 -0.0400
-4.0065 1.0537 -0.0400
-3.9690 1.0297 -0.0400
-3.9419 1.0089 -0.0400
-3.9351 0.9922 -0.0400
-3.9242 0.9754 -0.0400
-3.9218 0.9599 -0.0400
-3.9204 0.9447 -0.0400
-3.9188 0.9295 -0.0400
-3.9202 0.9146 -0.0400
-3.9250 0.8999 -0.0400
-3.9296 0.8850 -0.0400
-3.9360 0.8700 -0.0400
-3.9442 0.8547 -0.0400
-3.9703 0.8387 -0.0400
-3.9977 0.8216 -0.0400
-7.6379 -1.0410 -0.0400
-7.5629 -1.1027 -0.0400
-7.4908 -1.1641 -0.0400
-6.0550 -0.9061 -0.0400
-5.9967 -0.9415 -0.0400
-4.4153 -0.7247 -0.0400
-4.3267 -0.6740 -0.0400
-4.2875 -0.6805 -0.0400
-4.2480 -0.6854 -0.0400
-4.2180 -0.7021 -0.0400
-4.1901 -0.7216 -0.0400
-4.1682 -0.7497 -0.0400
-4.1456 -0.7775 -0.0400
-4.1352 -0.8255 -0.0400
-3.9051 -1.8332 -0.0400
-3.8420 -1.7931 -0.0400
-3.7922 -1.7944 -0.0400
-3.7443 -1.8019 -0.0400
-3.7024 -1.8338 -0.0400
-3.6607 -1.8703 -0.0400
-3.2565 -4.0404 -0.0400
-3.1702 -4.0208 -0.0400
-3.0848 -4.0671 -0.0400
-2.9978 -4.1178 -0.0400
-2.9100 -4.1363 -0.0400
-0.3282 -3.2140 -0.0400
-0.2606 -3.1606 -0.0400
-0.1217 -3.2059 -0.0400
0.0786 -3.3263 -0.0400
-1.2220 0.4379 -0.0400
-1.2743 0.4828 -0.0400
-1.2785 0.5163 -0.0400
-1.2797 0.5490 -0.0400
-1.2713 0.5798 -0.0400
-1.2431 0.6080 -0.0400
-1.2089 0.6363 -0.0400
0.7913 0.7998 -0.0400
0.7500 0.8674 -0.0400
0.7566 0.9343 -0.0400
1.0252 3.8329 -0.0400
0.9850 3.9135 -0.0400
-0.2220 3.8074 -0.0400
-0.2906 3.8390 -0.0400
-0.3191 4.0239 -0.0400
-0.4132 4.0257 -0.0400
-0.4542 4.0903 -0.0400
-7.9190 3.6121 -0.0400
-7.9925 3.5409 -0.0400
-7.5931 3.1211 -0.0400
-7.6156 3.0336 -0.0400
-6.5118 1.8139 -0.0400
-6.5021 1.7467 -0.0400
-6.5257 1.6884 -0.0400
-3.9650 1.0376 -0.0400
-3.9523 1.0189 -0.0400
-3.9348 0.9999 -0.0400
-3.9247 0.9827 -0.0400
-3.9224 0.9671 -0.0400
-3.9185 0.9514 -0.0400
-3.9188 0.9363 -0.0400
-3.9207 0.9214 -0.0400
-3.9234 0.9065 -0.0400
-3.9267 0.8916 -0.0400
-3.9377 0.8767 -0.0400
-3.9460 0.8615 -0.0400
-3.9710 0.8459 -0.0400
-3.9959 0.8294 -0.0400
-7.6913 -0.9724 -0.0400
-7.6248 -1.0390 -0.0400
-7.5256 -1.0901 -0.0400
-7.4995 -1.1718 -0.0400
-6.0961 -0.8658 -0.0400
-6.0257 -0.8950 -0.0400
-6.0062 -0.9537 -0.0400
-4.3685 -0.6796 -0.0400
-4.3083 -0.6617 -0.0400
-4.2737 -0.6733 -0.0400
-4.2420 -0.6879 -0.0400
-4.2118 -0.7042 -0.0400
-4.1856 -0.7258 -0.0400
-4.1663 -0.7576 -0.0400
-4.1455 -0.7882 -0.0400
-4.1428 -0.8482 -0.0400
-3.8978 -1.8185 -0.0400
-3.8386 -1.7906 -0.0400
-3.7882 -1.7890 -0.0400
-3.7430 -1.8061 -0.0400
-3.7035 -1.8474 -0.0400
-3.6638 -1.8935 -0.0400
-3.2585 -4.0183 -0.0400
-3.1734 -4.0279 -0.0400
-3.0881 -4.0725 -0.0400
-3.0014 -4.1132 -0.0400
-2.9133 -4.1506 -0.0400
-0.3433 -3.2085 -0.0400
-0.1971 -3.2687 -0.0400
-0.1278 -3.2147 -0.0400
0.0582 -3.3165 -0.0400
-1.2824 0.5375 -0.0400
-1.2709 0.5677 -0.0400
-1.2563 0.5978 -0.0400
-1.1954 0.6224 -0.0400
0.7861 0.7843 -0.0400
0.7491 0.8517 -0.0400
0.7540 0.9186 -0.0400
1.0231 3.8089 -0.0400
-0.2372 3.7683 -0.0400
-0.2795 3.8273 -0.0400
-0.3080 4.0121 -0.0400
-0.3989 4.0180 -0.0400
-0.4344 4.0894 -0.0400
-0.4597 5.3573 -0.0400
-0.5687 5.3485 -0.0400
-7.9274 3.6195 -0.0400
-7.5775 3.1145 -0.0400
-7.6190 3.0363 -0.0400
-6.4947 1.8063 -0.0400
-6.5002 1.7433 -0.0400
-6.5857 1.7000 -0.0400
-3.9701 1.0480 -0.0400
-3.9564 1.0285 -0.0400
-3.9384 1.0088 -0.0400
-3.9276 0.9911 -0.0400
-3.9212 0.9746 -0.0400
-3.9204 0.9591 -0.0400
-3.9186 0.9436 -0.0400
-3.9203 0.9285 -0.0400
-3.9228 0.9136 -0.0400
-3.9293 0.8988 -0.0400
-3.9351 0.8838 -0.0400
-3.9503 0.8689 -0.0400
-3.9613 0.8534 -0.0400
-3.9763 0.8375 -0.0400
-7.6228 -1.0418 -0.0400
-7.5233 -1.0928 -0.0400
-6.0249 -0.9010 -0.0400
-7.6504 -1.9668 -0.0400
-4.4005 -0.6730 -0.0400
-4.3472 -0.6650 -0.0400
-4.3052 -0.6686 -0.0400
-4.2636 -0.6713 -0.0400
-4.2340 -0.6884 -0.0400
-4.2078 -0.7098 -0.0400
-4.1841 -0.7349 -0.0400
-4.1622 -0.7629 -0.0400
-4.1560 -0.8153 -0.0400
-4.1474 -0.8666 -0.0400
-3.9553 -1.8464 -0.0400
-3.8867 -1.7934 -0.0400
-3.8331 -1.7825 -0.0400
-3.7849 -1.7881 -0.0400
-3.7409 -1.8087 -0.0400
-3.7018 -1.8513 -0.0400
-3.2606 -4.0130 -0.0400
-3.1765 -4.0546 -0.0400
-3.0908 -4.0537 -0.0400
-3.0044 -4.1142 -0.0400
-0.3502 -3.2141 -0.0400
-0.2636 -3.1892 -0.0400
-0.1393 -3.2149 -0.0400
-1.2208 0.6137 -0.0400
0.8241 0.7682 -0.0400
0.7466 0.8363 -0.0400
0.7557 0.9031 -0.0400
1.0454 3.8026 -0.0400
-0.2213 3.7613 -0.0400
-0.2720 3.8114 -0.0400
-0.3261 3.9665 -0.0400
-0.3859 4.0083 -0.0400
-0.4207 4.0806 -0.0400
-0.4679 5.3093 -0.0400
-0.5544 5.3398 -0.0400
-1.0364 4.9688 -0.0400
-7.9325 3.6256 -0.0400
-7.5782 3.1165 -0.0400
-7.6353 3.0456 -0.0400
-6.4922 1.8032 -0.0400
-6.5006 1.7408 -0.0400
-3.9828 1.0612 -0.0400
-3.9513 1.0369 -0.0400
-3.9364 1.0174 -0.0400
-3.9270 0.9996 -0.0400
-3.9213 0.9828 -0.0400
-3.9207 0.9672 -0.0400
-3.9187 0.9515 -0.0400
-3.9197 0.9362 -0.0400
-3.9230 0.9212 -0.0400
-3.9263 0.9062 -0.0400
-3.9349 0.8914 -0.0400
-3.9485 0.8766 -0.0400
-3.9583 0.8612 -0.0400
-3.9892 0.8457 -0.0400
-7.6560 -0.9654 -0.0400
-7.5759 -1.0259 -0.0400
-7.5207 -1.0953 -0.0400
-7.5312 -1.1935 -0.0400
-6.0563 -0.8559 -0.0400
-6.0226 -0.9060 -0.0400
-7.6226 -1.9528 -0.0400
-4.3798 -0.6602 -0.0400
-4.3328 -0.6590 -0.0400
-4.2862 -0.6565 -0.0400
-4.2555 -0.6724 -0.0400
-4.2276 -0.6914 -0.0400
-4.2016 -0.7129 -0.0400
-4.1838 -0.7459 -0.0400
-4.1654 -0.7792 -0.0400
-4.1741 -0.8544 -0.0400
-3.9497 -1.8409 -0.0400
-3.8816 -1.7888 -0.0400
-3.8288 -1.7802 -0.0400
-3.7822 -1.7909 -0.0400
-3.7404 -1.8196 -0.0400
-3.7041 -1.8737 -0.0400
-3.2623 -4.0096 -0.0400
-3.1783 -4.0452 -0.0400
-3.0932 -4.0819 -0.0400
-3.0065 -4.1436 -0.0400
-0.4189 -3.2802 -0.0400
-0.3557 -3.2209 -0.0400
-0.2163 -3.2726 -0.0400
-0.1345 -3.2368 -0.0400
0.0658 -3.3590 -0.0400
0.8020 0.7535 -0.0400
0.7533 0.8212 -0.0400
0.7653 0.8880 -0.0400
