# .PCD v0.7 - Point Cloud Data file format
VERSION 0.7
FIELDS x y z
SIZE 4 4 4
TYPE F F F
COUNT 1 1 1
WIDTH 14978
HEIGHT 1
VIEWPOINT 0 0 0 1 0 0 0
POINTS 14978
DATA ascii
-4.2408 -3.5357 -0.0400
-4.1208 -3.6115 -0.0400
-4.0676 -3.6959 -0.0400
-3.9931 -3.7746 -0.0400
-4.0231 -3.8742 -0.0400
-1.2293 -3.4779 -0.0400
-1.1742 -3.5046 -0.0400
-1.1347 -3.5350 -0.0400
-1.0277 -3.5394 -0.0400
-0.9691 -3.5590 -0.0400
-0.9423 -3.5900 -0.0400
-0.9184 -3.6217 -0.0400
-1.4042 -6.1300 -0.0400
-1.3383 -6.1643 -0.0400
-1.2830 -6.2135 -0.0400
0.1879 -4.1762 -0.0400
0.2311 -4.1624 -0.0400
0.2651 -4.1617 -0.0400
0.2976 -4.1625 -0.0400
0.3226 -4.1761 -0.0400
0.3455 -4.1936 -0.0400
0.3661 -4.2162 -0.0400
0.3663 -4.2826 -0.0400
0.3683 -6.0561 -0.0400
0.4368 -6.0164 -0.0400
0.4915 -6.0413 -0.0400
1.1614 -8.7396 -0.0400
1.2646 -8.6818 -0.0400
1.3637 -8.5745 -0.0400
1.4626 -8.5209 -0.0400
1.5599 -8.4680 -0.0400
1.6556 -8.4157 -0.0400
1.7500 -8.3641 -0.0400
1.8380 -8.2760 -0.0400
1.9293 -8.2273 -0.0400
2.0194 -8.1788 -0.0400
2.1085 -8.1307 -0.0400
2.1907 -8.0549 -0.0400
2.2775 -8.0087 -0.0400
2.3634 -7.9626 -0.0400
2.4427 -7.8946 -0.0400
2.5268 -7.8498 -0.0400
2.6047 -7.7867 -0.0400
2.6873 -7.7428 -0.0400
2.7692 -7.6985 -0.0400
2.8455 -7.6402 -0.0400
2.9260 -7.5962 -0.0400
3.0016 -7.5408 -0.0400
3.0771 -7.4874 -0.0400
3.1561 -7.4436 -0.0400
3.2311 -7.3920 -0.0400
3.3062 -7.3417 -0.0400
3.3836 -7.2971 -0.0400
3.4582 -7.2476 -0.0400
3.5329 -7.1988 -0.0400
3.6075 -7.1504 -0.0400
3.6822 -7.1024 -0.0400
3.7568 -7.0546 -0.0400
3.8314 -7.0067 -0.0400
3.6391 -6.5590 -0.0400
3.7049 -6.5132 -0.0400
3.9726 -6.7482 -0.0400
3.9966 -6.6362 -0.0400
4.0185 -6.5258 -0.0400
4.0383 -6.4169 -0.0400
4.0562 -6.3097 -0.0400
4.0951 -6.2307 -0.0400
4.1095 -6.1260 -0.0400
4.1223 -6.0231 -0.0400
4.1337 -5.9221 -0.0400
4.1662 -5.8457 -0.0400
2.7546 -4.3638 -0.0400
2.7492 -4.3031 -0.0400
2.7737 -4.2717 -0.0400
2.7910 -4.2341 -0.0400
2.8195 -4.2066 -0.0400
1.6350 -3.1881 -0.0400
1.6302 -3.1689 -0.0400
1.6299 -3.1537 -0.0400
1.6280 -3.1377 -0.0400
1.6322 -3.1266 -0.0400
1.6369 -3.1159 -0.0400
1.6438 -3.1067 -0.0400
1.6517 -3.0982 -0.0400
1.6608 -3.0903 -0.0400
1.6781 -3.0870 -0.0400
1.6958 -3.0834 -0.0400
4.4097 -4.5256 -0.0400
4.4255 -4.4597 -0.0400
4.4271 -4.3875 -0.0400
4.4423 -4.3228 -0.0400
4.4570 -4.2585 -0.0400
4.4712 -4.1944 -0.0400
4.4849 -4.1306 -0.0400
4.4886 -4.0634 -0.0400
4.5022 -4.0005 -0.0400
4.5154 -3.9379 -0.0400
4.5283 -3.8755 -0.0400
4.5409 -3.8132 -0.0400
4.5532 -3.7511 -0.0400
4.5652 -3.6890 -0.0400
4.5735 -3.6263 -0.0400
4.5858 -3.5647 -0.0400
4.5979 -3.5031 -0.0400
4.6097 -3.4416 -0.0400
4.6213 -3.3800 -0.0400
4.6327 -3.3184 -0.0400
4.6439 -3.2566 -0.0400
4.6548 -3.1948 -0.0400
4.6699 -3.1333 -0.0400
4.6813 -3.0712 -0.0400
4.6925 -3.0088 -0.0400
4.7034 -2.9462 -0.0400
4.7142 -2.8834 -0.0400
4.7246 -2.8202 -0.0400
4.7348 -2.7567 -0.0400
4.7558 -2.6927 -0.0400
4.7663 -2.6283 -0.0400
4.7764 -2.5635 -0.0400
4.7861 -2.4982 -0.0400
4.7955 -2.4324 -0.0400
4.8203 -2.3645 -0.0400
4.8296 -2.2974 -0.0400
4.8385 -2.2298 -0.0400
4.8468 -2.1615 -0.0400
3.6222 -2.3077 -0.0400
3.5590 -2.2742 -0.0400
3.5388 -2.2336 -0.0400
3.5350 -2.1897 -0.0400
4.9242 -1.8006 -0.0400
4.9299 -1.7277 -0.0400
4.9590 -1.6472 -0.0400
4.9637 -1.5723 -0.0400
4.9675 -1.4967 -0.0400
4.9964 -1.4115 -0.0400
4.9987 -1.3340 -0.0400
5.0273 -1.2453 -0.0400
5.0279 -1.1656 -0.0400
5.0557 -1.0733 -0.0400
5.0833 -0.9788 -0.0400
5.0809 -0.8957 -0.0400
5.1070 -0.7975 -0.0400
5.1326 -0.6969 -0.0400
5.1573 -0.5941 -0.0400
5.1499 -0.5063 -0.0400
5.1722 -0.3999 -0.0400
5.1934 -0.2912 -0.0400
5.2132 -0.1803 -0.0400
5.2316 -0.0671 -0.0400
5.2810 0.0701 -0.0400
5.2462 0.1535 -0.0400
5.1943 0.2253 -0.0400
5.1422 0.2970 -0.0400
5.0901 0.3688 -0.0400
5.0380 0.4407 -0.0400
4.9860 0.5129 -0.0400
4.9342 0.5856 -0.0400
4.8827 0.6589 -0.0400
4.8268 0.7286 -0.0400
4.7752 0.8029 -0.0400
4.7240 0.8783 -0.0400
4.6665 0.9479 -0.0400
4.6155 1.0251 -0.0400
4.5652 1.1042 -0.0400
4.5062 1.1746 -0.0400
4.4563 1.2567 -0.0400
4.3962 1.3278 -0.0400
4.3352 1.3988 -0.0400
4.2855 1.4860 -0.0400
4.2235 1.5584 -0.0400
4.1743 1.6506 -0.0400
4.1111 1.7249 -0.0400
4.0470 1.7995 -0.0400
3.9979 1.9001 -0.0400
3.9325 1.9774 -0.0400
3.8661 2.0554 -0.0400
3.7987 2.1341 -0.0400
3.7488 2.2482 -0.0400
3.6796 2.3307 -0.0400
3.6094 2.4143 -0.0400
3.5380 2.4990 -0.0400
3.4654 2.5850 -0.0400
3.4121 2.7212 -0.0400
3.3369 2.8127 -0.0400
1.8818 2.9080 -0.0400
1.0908 0.0388 -0.0400
1.0434 -0.0327 -0.0400
0.9966 -0.0535 -0.0400
0.9498 -0.0612 -0.0400
0.9021 -0.0544 -0.0400
0.8454 0.0478 -0.0400
0.8828 -1.4205 -0.0400
0.8625 -1.4407 -0.0400
0.8417 -1.4551 -0.0400
0.8206 -1.4667 -0.0400
0.7996 -1.4777 -0.0400
0.7772 -1.4824 -0.0400
0.7544 -1.4855 -0.0400
-4.3833 -0.3431 -0.0400
-4.2602 -3.5395 -0.0400
-4.1581 -3.6185 -0.0400
-4.1072 -3.7039 -0.0400
-4.0403 -3.7849 -0.0400
-1.1735 -3.4991 -0.0400
-1.1479 -3.5345 -0.0400
-1.0258 -3.5333 -0.0400
-0.9870 -3.5607 -0.0400
-0.9525 -3.5889 -0.0400
-0.9352 -3.6237 -0.0400
-0.9288 -3.6634 -0.0400
-0.9173 -3.7012 -0.0400
-0.8688 -3.7207 -0.0400
0.1975 -4.1595 -0.0400
0.2346 -4.1553 -0.0400
0.2704 -4.1516 -0.0400
0.2967 -4.1633 -0.0400
0.3211 -4.1784 -0.0400
0.3436 -4.1974 -0.0400
0.3543 -4.2406 -0.0400
0.3571 -4.3033 -0.0400
0.3755 -6.0548 -0.0400
0.4434 -6.0184 -0.0400
0.4982 -6.0446 -0.0400
3.5418 -8.0221 -0.0400
3.5706 -6.7193 -0.0400
3.5353 -6.5133 -0.0400
3.5972 -6.4645 -0.0400
3.6856 -6.4540 -0.0400
2.7224 -4.3685 -0.0400
2.7221 -4.3121 -0.0400
2.7436 -4.2780 -0.0400
2.7711 -4.2497 -0.0400
2.7949 -4.2180 -0.0400
1.6223 -3.1785 -0.0400
1.6230 -3.1636 -0.0400
1.6215 -3.1474 -0.0400
1.6258 -3.1360 -0.0400
1.6299 -3.1247 -0.0400
1.6364 -3.1152 -0.0400
1.6436 -3.1062 -0.0400
1.6542 -3.0993 -0.0400
1.6646 -3.0921 -0.0400
1.6861 -3.0914 -0.0400
1.7104 -3.0916 -0.0400
4.7909 -4.2339 -0.0400
4.7830 -4.1562 -0.0400
4.8222 -4.0969 -0.0400
6.9088 -4.1906 -0.0400
6.9235 -4.0864 -0.0400
6.9377 -3.9824 -0.0400
6.9458 -3.8776 -0.0400
6.9606 -3.7743 -0.0400
6.9750 -3.6711 -0.0400
6.9890 -3.5679 -0.0400
7.0026 -3.4647 -0.0400
7.0159 -3.3614 -0.0400
7.0288 -3.2580 -0.0400
7.0414 -3.1544 -0.0400
7.0608 -3.0510 -0.0400
7.0740 -2.9469 -0.0400
7.0869 -2.8425 -0.0400
3.5787 -2.3433 -0.0400
3.5396 -2.3056 -0.0400
3.5216 -2.2649 -0.0400
3.5177 -2.2216 -0.0400
5.6898 -0.6870 -0.0400
5.6550 -0.6061 -0.0400
1.8700 2.9120 -0.0400
1.0866 0.0360 -0.0400
1.0395 -0.0324 -0.0400
0.9930 -0.0554 -0.0400
0.9453 -0.0436 -0.0400
0.8953 -0.0071 -0.0400
0.8386 0.0860 -0.0400
0.9042 -1.4004 -0.0400
0.8845 -1.4268 -0.0400
0.8643 -1.4455 -0.0400
0.8436 -1.4589 -0.0400
0.8233 -1.4732 -0.0400
0.8013 -1.4785 -0.0400
0.7789 -1.4820 -0.0400
0.7558 -1.4837 -0.0400
0.7289 -1.4726 -0.0400
0.7023 -1.4647 -0.0400
0.6729 -1.4500 -0.0400
-4.3112 -0.1477 -0.0400
-4.3345 -0.2525 -0.0400
-4.1494 -1.3752 -0.0400
-4.1993 -1.4608 -0.0400
-4.1502 -3.5986 -0.0400
-4.0581 -3.6763 -0.0400
-4.0479 -3.7679 -0.0400
-1.1828 -3.4882 -0.0400
-1.1564 -3.5235 -0.0400
-1.0928 -3.5445 -0.0400
-0.9942 -3.5497 -0.0400
-0.9682 -3.5815 -0.0400
-0.9461 -3.6147 -0.0400
-0.9336 -3.6518 -0.0400
-0.9140 -3.6858 -0.0400
-0.8816 -3.7133 -0.0400
-0.8540 -3.7426 -0.0400
-0.8388 -3.7782 -0.0400
-0.8439 -3.8254 -0.0400
0.2641 -4.1488 -0.0400
0.2904 -4.1608 -0.0400
0.3150 -4.1760 -0.0400
0.3324 -4.2050 -0.0400
0.3499 -4.2353 -0.0400
0.3582 -4.2865 -0.0400
-0.1943 -8.1655 -0.0400
0.3766 -6.0206 -0.0400
0.4373 -6.0183 -0.0400
3.4392 -8.0504 -0.0400
3.5333 -8.0115 -0.0400
3.5505 -6.8472 -0.0400
3.4810 -6.5755 -0.0400
3.5304 -6.5058 -0.0400
3.5922 -6.4567 -0.0400
3.6883 -6.4576 -0.0400
2.7063 -4.4031 -0.0400
2.7007 -4.3398 -0.0400
2.7175 -4.3006 -0.0400
2.7444 -4.2717 -0.0400
2.7691 -4.2407 -0.0400
1.6233 -3.1850 -0.0400
1.6181 -3.1646 -0.0400
1.6214 -3.1520 -0.0400
1.6233 -3.1385 -0.0400
1.6279 -3.1274 -0.0400
1.6346 -3.1178 -0.0400
1.6432 -3.1097 -0.0400
1.6520 -3.1017 -0.0400
1.6667 -3.0973 -0.0400
1.6800 -3.0917 -0.0400
1.6972 -3.0880 -0.0400
4.7703 -4.2209 -0.0400
4.7727 -4.1475 -0.0400
3.6912 -2.4115 -0.0400
3.6141 -2.3761 -0.0400
3.5628 -2.3392 -0.0400
3.5303 -2.3006 -0.0400
3.5162 -2.2593 -0.0400
3.5395 -2.2103 -0.0400
5.7519 -0.7543 -0.0400
5.6733 -0.6924 -0.0400
5.6610 -0.6015 -0.0400
1.9755 2.8886 -0.0400
1.0920 -0.0165 -0.0400
1.0452 -0.0462 -0.0400
0.9987 -0.0572 -0.0400
0.9516 -0.0519 -0.0400
0.9026 -0.0251 -0.0400
0.9074 -1.3903 -0.0400
0.8884 -1.4207 -0.0400
0.8688 -1.4421 -0.0400
0.8497 -1.4636 -0.0400
0.8286 -1.4724 -0.0400
0.8069 -1.4783 -0.0400
0.7847 -1.4819 -0.0400
0.7600 -1.4767 -0.0400
0.7352 -1.4725 -0.0400
0.7087 -1.4641 -0.0400
0.6791 -1.4483 -0.0400
-4.3298 -0.2336 -0.0400
-4.3883 -0.3221 -0.0400
-4.2144 -1.2391 -0.0400
-4.1554 -1.3543 -0.0400
-4.1772 -1.4468 -0.0400
-4.2750 -1.5223 -0.0400
-4.2662 -3.5028 -0.0400
-4.1700 -3.5831 -0.0400
-4.1050 -3.6663 -0.0400
-4.0387 -3.7474 -0.0400
-1.2556 -3.4525 -0.0400
-1.1917 -3.4768 -0.0400
-1.1626 -3.5114 -0.0400
-1.1455 -3.5498 -0.0400
-1.0009 -3.5382 -0.0400
-0.9741 -3.5699 -0.0400
-0.9511 -3.6027 -0.0400
-0.9421 -3.6416 -0.0400
-0.9376 -3.6829 -0.0400
-0.8847 -3.7007 -0.0400
-0.8615 -3.7323 -0.0400
-0.8495 -3.7698 -0.0400
-0.8443 -3.8114 -0.0400
-2.8430 -5.0296 -0.0400
-2.7799 -5.0848 -0.0400
-2.7612 -5.1672 -0.0400
0.3254 -4.2034 -0.0400
0.3431 -4.2338 -0.0400
0.3520 -4.2841 -0.0400
-0.2126 -8.1978 -0.0400
0.3657 -6.0385 -0.0400
0.4311 -6.0157 -0.0400
3.4340 -8.0484 -0.0400
3.5182 -6.7952 -0.0400
3.4710 -6.5606 -0.0400
3.5287 -6.5041 -0.0400
3.6013 -6.4710 -0.0400
2.7038 -4.3942 -0.0400
2.6970 -4.3296 -0.0400
2.7199 -4.2965 -0.0400
2.7474 -4.2680 -0.0400
1.6184 -3.1872 -0.0400
1.6153 -3.1682 -0.0400
1.6193 -3.1558 -0.0400
1.6216 -3.1423 -0.0400
1.6262 -3.1309 -0.0400
1.6329 -3.1213 -0.0400
1.6406 -3.1124 -0.0400
1.6510 -3.1054 -0.0400
1.6654 -3.1009 -0.0400
1.6783 -3.0950 -0.0400
1.7162 -3.1046 -0.0400
4.7624 -4.2132 -0.0400
4.7891 -4.1493 -0.0400
3.6952 -2.4043 -0.0400
3.6129 -2.3695 -0.0400
3.5603 -2.3328 -0.0400
3.5230 -2.2950 -0.0400
3.5240 -2.2510 -0.0400
3.5446 -2.2025 -0.0400
5.7169 -0.7669 -0.0400
5.6715 -0.6911 -0.0400
1.9878 2.9190 -0.0400
1.0967 0.0112 -0.0400
1.0502 -0.0545 -0.0400
1.0036 -0.0544 -0.0400
0.9560 -0.0386 -0.0400
0.9048 0.0199 -0.0400
0.9142 -1.4085 -0.0400
0.8947 -1.4326 -0.0400
0.8745 -1.4494 -0.0400
0.8540 -1.4616 -0.0400
0.8332 -1.4712 -0.0400
0.8120 -1.4783 -0.0400
0.7892 -1.4789 -0.0400
0.7658 -1.4780 -0.0400
0.7414 -1.4743 -0.0400
0.7153 -1.4663 -0.0400
0.6702 -1.4020 -0.0400
-4.3002 -0.1108 -0.0400
-4.3210 -0.2168 -0.0400
-4.1427 -1.3383 -0.0400
-4.1974 -1.4226 -0.0400
-4.1693 -3.4760 -0.0400
-4.0751 -3.5551 -0.0400
-1.2204 -3.4318 -0.0400
-1.1843 -3.4647 -0.0400
-1.0728 -3.4702 -0.0400
-1.0256 -3.4957 -0.0400
-0.9959 -3.5267 -0.0400
-0.9726 -3.5597 -0.0400
-0.9636 -3.5985 -0.0400
-0.9606 -3.6404 -0.0400
-0.9192 -3.6646 -0.0400
-0.8850 -3.6912 -0.0400
-0.8692 -3.7267 -0.0400
-0.8774 -3.7753 -0.0400
-0.8984 -3.8322 -0.0400
-2.8290 -5.0090 -0.0400
-2.8082 -5.0896 -0.0400
-2.7236 -5.1308 -0.0400
-2.6904 -5.2038 -0.0400
0.2386 -6.0335 -0.0400
0.3092 -5.9973 -0.0400
0.3654 -6.0171 -0.0400
3.3430 -8.1027 -0.0400
3.4581 -6.8598 -0.0400
3.4053 -6.6065 -0.0400
3.4646 -6.5515 -0.0400
3.5447 -6.5302 -0.0400
2.6576 -4.4003 -0.0400
2.6711 -4.3561 -0.0400
2.6962 -4.3249 -0.0400
1.6157 -3.2126 -0.0400
1.6051 -3.1852 -0.0400
1.6068 -3.1704 -0.0400
1.6107 -3.1578 -0.0400
1.6163 -3.1470 -0.0400
1.6235 -3.1375 -0.0400
1.6315 -3.1288 -0.0400
1.6417 -3.1216 -0.0400
1.6548 -3.1164 -0.0400
1.6727 -3.1144 -0.0400
1.6899 -3.1112 -0.0400
4.7357 -4.3503 -0.0400
4.7244 -4.2694 -0.0400
4.7800 -4.2175 -0.0400
3.6248 -2.4530 -0.0400
3.5727 -2.4144 -0.0400
3.5407 -2.3748 -0.0400
3.5287 -2.3331 -0.0400
3.5307 -2.2891 -0.0400
3.5542 -2.2406 -0.0400
5.8271 -0.9109 -0.0400
5.7423 -0.8495 -0.0400
5.7117 -0.7674 -0.0400
5.7213 -0.6675 -0.0400
2.0840 2.8631 -0.0400
1.1464 -0.0300 -0.0400
1.0995 -0.0536 -0.0400
1.0532 -0.0607 -0.0400
1.0065 -0.0513 -0.0400
0.9538 0.0634 -0.0400
0.9384 -1.3975 -0.0400
0.9190 -1.4255 -0.0400
0.8992 -1.4452 -0.0400
0.8800 -1.4650 -0.0400
0.8589 -1.4723 -0.0400
0.8373 -1.4767 -0.0400
0.8152 -1.4789 -0.0400
0.7923 -1.4784 -0.0400
0.7684 -1.4750 -0.0400
0.7371 -1.4473 -0.0400
0.7035 -1.4159 -0.0400
-4.2362 -0.0117 -0.0400
-4.2686 -0.1123 -0.0400
-4.1304 -1.1310 -0.0400
-4.1153 -1.2346 -0.0400
-4.1506 -1.3234 -0.0400
-4.1905 -3.4602 -0.0400
-4.1166 -3.5430 -0.0400
-4.0656 -3.6278 -0.0400
-1.2100 -3.4140 -0.0400
-1.1843 -3.4501 -0.0400
-1.1046 -3.4668 -0.0400
-1.0410 -3.4870 -0.0400
-1.0049 -3.5157 -0.0400
-0.9788 -3.5478 -0.0400
-0.9670 -3.5855 -0.0400
-0.9648 -3.6276 -0.0400
-0.9283 -3.6543 -0.0400
-0.8917 -3.6800 -0.0400
-0.8761 -3.7156 -0.0400
-0.8676 -3.7552 -0.0400
-2.9018 -4.9397 -0.0400
-2.8389 -4.9959 -0.0400
-2.8187 -5.0771 -0.0400
-2.7362 -5.1198 -0.0400
-2.7417 -5.2184 -0.0400
-0.3179 -8.1358 -0.0400
0.2997 -6.0029 -0.0400
0.3593 -6.0091 -0.0400
3.2446 -8.1460 -0.0400
3.3478 -8.1274 -0.0400
3.4301 -6.8148 -0.0400
3.3980 -6.5973 -0.0400
3.4657 -6.5562 -0.0400
3.5455 -6.5340 -0.0400
2.6679 -4.4675 -0.0400
2.6542 -4.3914 -0.0400
2.6721 -4.3517 -0.0400
1.6106 -3.2166 -0.0400
1.6043 -3.1926 -0.0400
1.6052 -3.1764 -0.0400
1.6088 -3.1632 -0.0400
1.6142 -3.1518 -0.0400
1.6208 -3.1417 -0.0400
1.6295 -3.1334 -0.0400
1.6401 -3.1264 -0.0400
1.6532 -3.1213 -0.0400
1.6703 -3.1187 -0.0400
1.6863 -3.1149 -0.0400
4.7084 -4.3339 -0.0400
4.7230 -4.2647 -0.0400
3.6282 -2.4457 -0.0400
3.5758 -2.4071 -0.0400
3.5337 -2.3688 -0.0400
3.5358 -2.3250 -0.0400
3.5588 -2.2773 -0.0400
5.8169 -0.9120 -0.0400
5.7420 -0.8469 -0.0400
5.7184 -0.7619 -0.0400
2.0897 2.8588 -0.0400
1.1973 -0.0122 -0.0400
1.1496 -0.0480 -0.0400
1.1032 -0.0611 -0.0400
1.0570 -0.0575 -0.0400
1.0101 -0.0385 -0.0400
0.9598 0.0337 -0.0400
0.9624 -1.3781 -0.0400
0.9434 -1.4134 -0.0400
0.9237 -1.4361 -0.0400
0.9035 -1.4517 -0.0400
0.8831 -1.4629 -0.0400
0.8624 -1.4716 -0.0400
0.8413 -1.4773 -0.0400
0.8186 -1.4760 -0.0400
0.7953 -1.4733 -0.0400
0.7707 -1.4669 -0.0400
0.7441 -1.4550 -0.0400
0.7134 -1.4318 -0.0400
-4.2480 0.0150 -0.0400
-4.2634 -0.0942 -0.0400
-4.1405 -1.1088 -0.0400
-4.1125 -1.2164 -0.0400
-4.2001 -1.2912 -0.0400
-1.2192 -3.4418 -0.0400
-1.1811 -3.4737 -0.0400
-1.1609 -3.5113 -0.0400
-1.0195 -3.5018 -0.0400
-0.9914 -3.5333 -0.0400
-0.9692 -3.5667 -0.0400
-0.9566 -3.6042 -0.0400
-0.9508 -3.6450 -0.0400
-0.9075 -3.6679 -0.0400
-0.8820 -3.6988 -0.0400
-0.8648 -3.7337 -0.0400
-0.8550 -3.7729 -0.0400
-2.8672 -4.9868 -0.0400
-2.8077 -5.0446 -0.0400
-2.7818 -5.1227 -0.0400
-2.7030 -5.1670 -0.0400
-2.6748 -5.2440 -0.0400
-0.2371 -8.1526 -0.0400
0.3463 -6.0155 -0.0400
3.3332 -8.1118 -0.0400
3.4347 -8.0877 -0.0400
3.4684 -6.8903 -0.0400
3.4293 -6.6566 -0.0400
3.4675 -6.5645 -0.0400
3.5375 -6.5262 -0.0400
3.6329 -6.5262 -0.0400
2.6707 -4.4034 -0.0400
2.6775 -4.3513 -0.0400
2.7025 -4.3193 -0.0400
1.6123 -3.1895 -0.0400
1.6108 -3.1706 -0.0400
1.6133 -3.1561 -0.0400
1.6183 -3.1442 -0.0400
1.6250 -3.1339 -0.0400
1.6333 -3.1251 -0.0400
1.6430 -3.1173 -0.0400
1.6544 -3.1107 -0.0400
1.6730 -3.1093 -0.0400
1.6972 -3.1111 -0.0400
4.7752 -4.3595 -0.0400
4.7229 -4.2596 -0.0400
4.7563 -4.1986 -0.0400
3.6321 -2.4361 -0.0400
3.5814 -2.3971 -0.0400
3.5421 -2.3582 -0.0400
3.5264 -2.3170 -0.0400
3.5263 -2.2734 -0.0400
3.5458 -2.2259 -0.0400
5.7852 -0.8258 -0.0400
5.7098 -0.7616 -0.0400
2.0979 2.8621 -0.0400
1.1548 0.0250 -0.0400
1.1072 -0.0366 -0.0400
1.0612 -0.0555 -0.0400
1.0148 -0.0456 -0.0400
0.9667 -0.0074 -0.0400
0.9380 -1.3435 -0.0400
0.9222 -1.4017 -0.0400
0.9035 -1.4286 -0.0400
0.8858 -1.4568 -0.0400
0.8655 -1.4666 -0.0400
0.8448 -1.4739 -0.0400
0.8236 -1.4780 -0.0400
0.8018 -1.4798 -0.0400
0.7790 -1.4787 -0.0400
0.7551 -1.4745 -0.0400
0.7222 -1.4416 -0.0400
-0.7151 0.1195 -0.0400
-4.2568 -0.0705 -0.0400
-4.2951 -0.1677 -0.0400
-4.1612 -1.1772 -0.0400
-4.1314 -1.2843 -0.0400
-4.2034 -1.3640 -0.0400
-1.2234 -3.3885 -0.0400
-1.1949 -3.4239 -0.0400
-1.1282 -3.4455 -0.0400
-1.0549 -3.4626 -0.0400
-1.0163 -3.4907 -0.0400
-0.9919 -3.5236 -0.0400
-0.9816 -3.5621 -0.0400
-0.9809 -3.6051 -0.0400
-0.9360 -3.6281 -0.0400
-0.9065 -3.6574 -0.0400
-0.8871 -3.6913 -0.0400
-0.8936 -3.7390 -0.0400
-0.9189 -3.7982 -0.0400
-2.8569 -4.9679 -0.0400
-2.8358 -5.0485 -0.0400
-2.7544 -5.0924 -0.0400
-2.7372 -5.1762 -0.0400
-0.4529 -8.1601 -0.0400
-0.3420 -8.1309 -0.0400
0.2845 -5.9911 -0.0400
3.2428 -8.1744 -0.0400
3.3718 -6.8940 -0.0400
3.3542 -6.6916 -0.0400
3.3987 -6.6081 -0.0400
3.4796 -6.5875 -0.0400
2.6372 -4.4247 -0.0400
2.6498 -4.3780 -0.0400
1.6044 -3.2129 -0.0400
1.5997 -3.1897 -0.0400
1.6017 -3.1740 -0.0400
1.6082 -3.1630 -0.0400
1.6143 -3.1519 -0.0400
1.6225 -3.1427 -0.0400
1.6325 -3.1351 -0.0400
1.6447 -3.1292 -0.0400
1.6597 -3.1253 -0.0400
1.6798 -3.1249 -0.0400
4.7079 -4.4036 -0.0400
4.6959 -4.3211 -0.0400
4.7690 -4.2774 -0.0400
3.6430 -2.4754 -0.0400
3.5540 -2.4391 -0.0400
3.5372 -2.3975 -0.0400
3.5368 -2.3542 -0.0400
3.5546 -2.3080 -0.0400
5.7742 -0.9221 -0.0400
5.7564 -0.8351 -0.0400
2.1968 2.8367 -0.0400
1.2014 -0.0353 -0.0400
1.1546 -0.0574 -0.0400
1.1087 -0.0648 -0.0400
1.0629 -0.0574 -0.0400
1.0162 -0.0294 -0.0400
0.9663 0.0429 -0.0400
0.9673 -1.3873 -0.0400
0.9481 -1.4185 -0.0400
0.9286 -1.4397 -0.0400
0.9088 -1.4540 -0.0400
0.8886 -1.4647 -0.0400
0.8683 -1.4730 -0.0400
0.8470 -1.4760 -0.0400
0.8250 -1.4759 -0.0400
0.8019 -1.4723 -0.0400
0.7775 -1.4648 -0.0400
0.7508 -1.4510 -0.0400
0.7187 -1.4218 -0.0400
-0.6554 0.1459 -0.0400
-0.6914 0.0944 -0.0400
-0.7515 0.0804 -0.0400
-0.8598 0.1343 -0.0400
-4.1113 -1.0799 -0.0400
-4.1022 -1.1817 -0.0400
-4.1782 -1.2593 -0.0400
-1.2571 -3.3838 -0.0400
-1.2086 -3.4133 -0.0400
-1.1843 -3.4498 -0.0400
-1.0493 -3.4456 -0.0400
-1.0182 -3.4765 -0.0400
-0.9948 -3.5098 -0.0400
-0.9832 -3.5477 -0.0400
-0.9786 -3.5889 -0.0400
-0.9540 -3.6213 -0.0400
-0.9116 -3.6446 -0.0400
-0.8970 -3.6810 -0.0400
-0.8914 -3.7224 -0.0400
-0.9031 -3.7739 -0.0400
-2.8689 -4.9552 -0.0400
-2.8273 -5.0237 -0.0400
-2.7644 -5.0788 -0.0400
-2.7491 -5.1639 -0.0400
0.2744 -5.9923 -0.0400
3.2256 -8.1492 -0.0400
3.3728 -6.9043 -0.0400
3.3523 -6.6954 -0.0400
3.3972 -6.6120 -0.0400
3.4836 -6.6002 -0.0400
2.6363 -4.4839 -0.0400
2.6389 -4.4236 -0.0400
1.6018 -3.2225 -0.0400
1.6012 -3.2026 -0.0400
1.5996 -3.1826 -0.0400
1.6032 -3.1683 -0.0400
1.6106 -3.1581 -0.0400
1.6184 -3.1484 -0.0400
1.6286 -3.1408 -0.0400
1.6388 -3.1331 -0.0400
1.6533 -3.1288 -0.0400
1.6725 -3.1279 -0.0400
4.6812 -4.3879 -0.0400
4.6991 -4.3195 -0.0400
3.6509 -2.5129 -0.0400
3.6036 -2.4716 -0.0400
3.5552 -2.4320 -0.0400
3.5369 -2.3905 -0.0400
3.5345 -2.3475 -0.0400
5.3320 -2.0371 -0.0400
5.9834 -0.9376 -0.0400
5.7749 -0.9186 -0.0400
5.7505 -0.8343 -0.0400
2.2002 2.8309 -0.0400
1.2032 -0.0296 -0.0400
1.1564 -0.0556 -0.0400
1.1107 -0.0610 -0.0400
1.0649 -0.0421 -0.0400
1.0170 0.0236 -0.0400
0.9666 -1.3696 -0.0400
0.9509 -1.4318 -0.0400
0.9311 -1.4479 -0.0400
0.9112 -1.4596 -0.0400
0.8910 -1.4683 -0.0400
0.8705 -1.4746 -0.0400
0.8495 -1.4779 -0.0400
0.8280 -1.4788 -0.0400
0.8056 -1.4768 -0.0400
0.7778 -1.4554 -0.0400
0.7493 -1.4349 -0.0400
-0.6355 0.1306 -0.0400
-0.6841 0.0997 -0.0400
-0.7468 0.0900 -0.0400
-0.8538 0.1424 -0.0400
-4.0834 -1.0699 -0.0400
-4.0904 -1.1667 -0.0400
-4.2029 -1.2341 -0.0400
-4.2818 -3.3204 -0.0400
-1.0792 -3.4415 -0.0400
-1.0326 -3.4670 -0.0400
-1.0061 -3.4992 -0.0400
-0.9905 -3.5356 -0.0400
-0.9907 -3.5790 -0.0400
-0.9512 -3.6046 -0.0400
-0.9204 -3.6336 -0.0400
-0.9005 -3.6674 -0.0400
-0.8898 -3.7060 -0.0400
-2.9232 -4.8740 -0.0400
-2.8861 -4.9453 -0.0400
-2.8561 -5.0210 -0.0400
-2.7758 -5.0659 -0.0400
-2.7525 -5.1458 -0.0400
3.2830 -6.7461 -0.0400
3.3258 -6.6562 -0.0400
3.3952 -6.6160 -0.0400
3.4825 -6.6055 -0.0400
2.6153 -4.4571 -0.0400
2.6310 -4.4124 -0.0400
1.5927 -3.2064 -0.0400
1.5963 -3.1913 -0.0400
1.6015 -3.1782 -0.0400
1.6060 -3.1647 -0.0400
1.6139 -3.1547 -0.0400
1.6230 -3.1460 -0.0400
1.6353 -3.1400 -0.0400
1.6469 -3.1332 -0.0400
1.6658 -3.1323 -0.0400
4.6723 -4.4589 -0.0400
4.6666 -4.3782 -0.0400
4.7140 -4.3237 -0.0400
4.7934 -4.2823 -0.0400
3.6506 -2.5062 -0.0400
3.5591 -2.4682 -0.0400
3.5408 -2.4264 -0.0400
3.5382 -2.3834 -0.0400
3.5519 -2.3382 -0.0400
5.3056 -2.0368 -0.0400
5.8075 -0.9965 -0.0400
5.7776 -0.9143 -0.0400
5.8042 -0.8100 -0.0400
2.2062 2.8407 -0.0400
1.2031 -0.0575 -0.0400
1.1573 -0.0673 -0.0400
1.1120 -0.0638 -0.0400
1.0665 -0.0476 -0.0400
1.0195 -0.0011 -0.0400
0.9879 -1.3466 -0.0400
0.9702 -1.4015 -0.0400
0.9510 -1.4272 -0.0400
0.9316 -1.4454 -0.0400
0.9118 -1.4578 -0.0400
0.8926 -1.4712 -0.0400
0.8719 -1.4751 -0.0400
0.8508 -1.4768 -0.0400
0.8291 -1.4760 -0.0400
0.8063 -1.4719 -0.0400
0.7821 -1.4637 -0.0400
0.7556 -1.4487 -0.0400
0.7226 -1.4151 -0.0400
-0.5935 0.1886 -0.0400
-0.6287 0.1355 -0.0400
-0.6763 0.1034 -0.0400
-0.7389 0.0938 -0.0400
-0.8717 0.1841 -0.0400
-4.0925 -1.0490 -0.0400
-4.0881 -1.1492 -0.0400
-4.1470 -1.2310 -0.0400
-4.3089 -3.3048 -0.0400
-4.1866 -3.3840 -0.0400
-4.0888 -3.4632 -0.0400
-0.9933 -3.5216 -0.0400
-0.9852 -3.5612 -0.0400
-0.9777 -3.6015 -0.0400
-0.9251 -3.6204 -0.0400
-0.9092 -3.6562 -0.0400
-0.9032 -3.6974 -0.0400
-0.9141 -3.7484 -0.0400
-2.8895 -4.9273 -0.0400
-2.8864 -5.0189 -0.0400
-2.7932 -5.0565 -0.0400
-1.7094 -5.9682 -0.0400
-1.6248 -5.9847 -0.0400
-1.5568 -6.0201 -0.0400
3.2161 -8.1674 -0.0400
3.3410 -6.8650 -0.0400
3.3274 -6.6684 -0.0400
3.3919 -6.6191 -0.0400
2.6085 -4.4478 -0.0400
1.5971 -3.2262 -0.0400
1.5964 -3.2052 -0.0400
1.5952 -3.1847 -0.0400
1.6017 -3.1728 -0.0400
1.6085 -3.1614 -0.0400
1.6176 -3.1524 -0.0400
1.6275 -3.1441 -0.0400
1.6413 -3.1393 -0.0400
1.6545 -3.1336 -0.0400
1.6796 -3.1375 -0.0400
4.6722 -4.4568 -0.0400
4.6668 -4.3762 -0.0400
4.7297 -4.3286 -0.0400
3.6457 -2.5447 -0.0400
3.6018 -2.5024 -0.0400
3.5574 -2.4615 -0.0400
3.5400 -2.4196 -0.0400
3.5375 -2.3766 -0.0400
3.6187 -2.3228 -0.0400
5.8282 -0.9859 -0.0400
5.7725 -0.9129 -0.0400
5.7811 -0.8157 -0.0400
3.7591 2.6901 -0.0400
1.2500 -0.0396 -0.0400
1.2034 -0.0608 -0.0400
1.1579 -0.0691 -0.0400
1.1128 -0.0654 -0.0400
1.0672 -0.0092 -0.0400
1.0187 0.0779 -0.0400
0.9721 -1.4223 -0.0400
0.9526 -1.4412 -0.0400
0.9329 -1.4539 -0.0400
0.9131 -1.4638 -0.0400
0.8932 -1.4714 -0.0400
0.8729 -1.4763 -0.0400
0.8521 -1.4787 -0.0400
0.8292 -1.4716 -0.0400
0.8060 -1.4651 -0.0400
0.7810 -1.4532 -0.0400
0.7523 -1.4306 -0.0400
-0.5954 0.2067 -0.0400
-0.6233 0.1415 -0.0400
-0.6687 0.1061 -0.0400
-0.7887 0.1835 -0.0400
-0.8607 0.1832 -0.0400
-4.0810 -1.1334 -0.0400
-4.2843 -3.2830 -0.0400
-4.1885 -3.3655 -0.0400
-4.1005 -3.4462 -0.0400
-4.0977 -3.5390 -0.0400
-0.9373 -3.6107 -0.0400
-0.9138 -3.6429 -0.0400
-0.9002 -3.6800 -0.0400
-0.9468 -3.7503 -0.0400
-2.9090 -4.9183 -0.0400
-2.8583 -4.9819 -0.0400
-2.7960 -5.0378 -0.0400
-2.8111 -5.1425 -0.0400
-1.7429 -5.9834 -0.0400
-1.6291 -5.9653 -0.0400
-1.5687 -6.0102 -0.0400
-1.5420 -6.0993 -0.0400
3.1091 -8.2019 -0.0400
3.2749 -6.9323 -0.0400
3.2626 -6.7295 -0.0400
3.3186 -6.6631 -0.0400
3.3972 -6.6380 -0.0400
2.5987 -4.5011 -0.0400
1.6033 -3.2505 -0.0400
1.5928 -3.2170 -0.0400
1.5948 -3.1990 -0.0400
1.5959 -3.1808 -0.0400
1.6033 -3.1697 -0.0400
1.6117 -3.1596 -0.0400
1.6221 -3.1516 -0.0400
1.6334 -3.1443 -0.0400
1.6513 -3.1428 -0.0400
1.6680 -3.1397 -0.0400
1.6923 -3.1425 -0.0400
4.6469 -4.4425 -0.0400
4.6696 -4.3758 -0.0400
4.7355 -4.3295 -0.0400
3.6351 -2.5387 -0.0400
3.5873 -2.4967 -0.0400
3.5535 -2.4552 -0.0400
3.5420 -2.4127 -0.0400
3.5566 -2.3678 -0.0400
5.2922 -2.1053 -0.0400
5.8781 -1.0587 -0.0400
5.8008 -0.9921 -0.0400
5.7932 -0.9018 -0.0400
3.7602 2.6895 -0.0400
1.2491 -0.0513 -0.0400
1.2031 -0.0661 -0.0400
1.1579 -0.0717 -0.0400
1.1132 -0.0492 -0.0400
1.0676 -0.0049 -0.0400
1.0195 0.0816 -0.0400
0.9907 -1.3963 -0.0400
0.9714 -1.4223 -0.0400
0.9520 -1.4409 -0.0400
0.9325 -1.4539 -0.0400
0.9136 -1.4685 -0.0400
0.8935 -1.4737 -0.0400
0.8731 -1.4764 -0.0400
0.8522 -1.4770 -0.0400
0.8305 -1.4750 -0.0400
0.8080 -1.4700 -0.0400
0.7839 -1.4608 -0.0400
0.7424 -1.3901 -0.0400
-0.5716 0.1803 -0.0400
-0.6137 0.1395 -0.0400
-0.6684 0.1193 -0.0400
-0.7793 0.1834 -0.0400
-0.8472 0.1778 -0.0400
-4.2960 -3.2656 -0.0400
-4.1913 -3.3472 -0.0400
-4.0936 -3.4265 -0.0400
-0.9138 -3.7162 -0.0400
-2.9087 -4.8980 -0.0400
-2.9101 -4.9923 -0.0400
-2.8184 -5.0311 -0.0400
-1.7342 -5.9483 -0.0400
-1.6482 -5.9636 -0.0400
-1.5855 -6.0060 -0.0400
-1.5438 -6.0756 -0.0400
0.0661 -4.1171 -0.0400
0.1097 -4.1082 -0.0400
0.1506 -4.1015 -0.0400
3.1057 -8.2198 -0.0400
3.2703 -6.7565 -0.0400
3.3145 -6.6674 -0.0400
3.4181 -6.6854 -0.0400
2.5992 -4.5026 -0.0400
1.5956 -3.2381 -0.0400
1.5922 -3.2128 -0.0400
1.5904 -3.1904 -0.0400
1.5973 -3.1784 -0.0400
1.6054 -3.1677 -0.0400
1.6145 -3.1582 -0.0400
1.6268 -3.1517 -0.0400
1.6395 -3.1454 -0.0400
1.6541 -3.1406 -0.0400
1.6888 -3.1529 -0.0400
4.6438 -4.4397 -0.0400
4.6796 -4.3794 -0.0400
3.6701 -2.5765 -0.0400
3.6223 -2.5330 -0.0400
3.5735 -2.4910 -0.0400
3.5415 -2.4496 -0.0400
3.5440 -2.4060 -0.0400
3.5620 -2.3606 -0.0400
5.2916 -2.1013 -0.0400
6.0144 -1.0108 -0.0400
5.8011 -0.9886 -0.0400
3.8631 2.6593 -0.0400
3.7617 2.6904 -0.0400
2.3080 2.8081 -0.0400
1.2490 -0.0400 -0.0400
1.2021 -0.0725 -0.0400
1.1574 -0.0727 -0.0400
1.1130 -0.0422 -0.0400
1.0675 0.0153 -0.0400
1.0084 -1.3535 -0.0400
0.9897 -1.4014 -0.0400
0.9704 -1.4254 -0.0400
0.9522 -1.4528 -0.0400
0.9326 -1.4621 -0.0400
0.9129 -1.4695 -0.0400
0.8931 -1.4748 -0.0400
0.8729 -1.4777 -0.0400
0.8512 -1.4732 -0.0400
0.8291 -1.4689 -0.0400
0.8059 -1.4606 -0.0400
0.7806 -1.4463 -0.0400
0.7504 -1.4168 -0.0400
-0.5732 0.1958 -0.0400
-0.6087 0.1441 -0.0400
-0.6579 0.1156 -0.0400
-0.7834 0.2026 -0.0400
-4.3329 -3.1554 -0.0400
-4.2553 -3.2423 -0.0400
-4.1850 -3.3278 -0.0400
-4.0959 -3.4084 -0.0400
-4.1236 -3.5060 -0.0400
-1.2659 -3.3263 -0.0400
-1.2241 -3.3581 -0.0400
-1.2024 -3.3954 -0.0400
-2.8151 -5.0085 -0.0400
-1.7409 -5.9310 -0.0400
-1.6582 -5.9503 -0.0400
-1.5939 -5.9907 -0.0400
-1.5697 -6.0831 -0.0400
0.1042 -4.0950 -0.0400
0.1380 -4.0996 -0.0400
0.1709 -4.1048 -0.0400
0.1974 -4.1198 -0.0400
0.2197 -4.1425 -0.0400
3.0903 -8.2065 -0.0400
3.2565 -6.9255 -0.0400
3.2467 -6.7258 -0.0400
3.3100 -6.6723 -0.0400
3.3975 -6.6620 -0.0400
2.6064 -4.5133 -0.0400
1.5826 -3.2201 -0.0400
1.5860 -3.2029 -0.0400
1.5918 -3.1891 -0.0400
1.5990 -3.1771 -0.0400
1.6076 -3.1666 -0.0400
1.6186 -3.1588 -0.0400
1.6309 -3.1520 -0.0400
1.6451 -3.1468 -0.0400
1.6617 -3.1435 -0.0400
4.6413 -4.5172 -0.0400
4.6428 -4.4386 -0.0400
4.6836 -4.3806 -0.0400
3.6360 -2.5713 -0.0400
3.5949 -2.5279 -0.0400
3.5453 -2.4863 -0.0400
3.5419 -2.4432 -0.0400
3.5492 -2.3992 -0.0400
3.5744 -2.3529 -0.0400
5.8310 -1.0676 -0.0400
5.8020 -0.9850 -0.0400
5.8280 -0.8824 -0.0400
3.8785 2.6876 -0.0400
2.3084 2.8018 -0.0400
1.2930 -0.0415 -0.0400
1.2462 -0.0633 -0.0400
1.2007 -0.0774 -0.0400
1.1565 -0.0698 -0.0400
1.1121 -0.0546 -0.0400
1.0669 0.0434 -0.0400
1.0079 -1.3807 -0.0400
0.9885 -1.4114 -0.0400
0.9703 -1.4448 -0.0400
0.9508 -1.4555 -0.0400
0.9313 -1.4642 -0.0400
0.9118 -1.4711 -0.0400
0.8920 -1.4754 -0.0400
0.8716 -1.4763 -0.0400
0.8507 -1.4748 -0.0400
0.8290 -1.4709 -0.0400
0.8062 -1.4636 -0.0400
0.7742 -1.4221 -0.0400
-0.5336 0.2538 -0.0400
-0.5573 0.1802 -0.0400
-0.6020 0.1446 -0.0400
-0.6613 0.1327 -0.0400
-0.7704 0.1949 -0.0400
-0.8471 0.2028 -0.0400
-4.2882 -3.2277 -0.0400
-4.1887 -3.3099 -0.0400
-4.1088 -3.3920 -0.0400
-1.2429 -3.3490 -0.0400
-1.2103 -3.3830 -0.0400
-1.0961 -3.3873 -0.0400
-1.0517 -3.4138 -0.0400
-1.0268 -3.4468 -0.0400
-1.7556 -5.9228 -0.0400
-1.6712 -5.9403 -0.0400
-1.6072 -5.9812 -0.0400
-1.5907 -6.0838 -0.0400
0.0827 -4.1057 -0.0400
0.1291 -4.0914 -0.0400
0.1591 -4.1013 -0.0400
0.1867 -4.1149 -0.0400
0.2109 -4.1343 -0.0400
0.2267 -4.1696 -0.0400
0.2436 -4.2047 -0.0400
3.0826 -8.2161 -0.0400
3.2711 -6.9712 -0.0400
3.2329 -6.7149 -0.0400
3.3109 -6.6880 -0.0400
3.4220 -6.7183 -0.0400
1.5890 -3.2488 -0.0400
1.5847 -3.2211 -0.0400
1.5877 -3.2031 -0.0400
1.5934 -3.1888 -0.0400
1.5997 -3.1754 -0.0400
1.6098 -3.1664 -0.0400
1.6212 -3.1586 -0.0400
1.6342 -3.1523 -0.0400
1.6495 -3.1478 -0.0400
1.6913 -3.1670 -0.0400
4.6318 -4.5123 -0.0400
4.6486 -4.4415 -0.0400
4.7022 -4.3895 -0.0400
3.6081 -2.5660 -0.0400
3.5654 -2.5230 -0.0400
3.5470 -2.4803 -0.0400
3.5461 -2.4369 -0.0400
3.5610 -2.3921 -0.0400
5.3374 -2.1639 -0.0400
5.8406 -1.0613 -0.0400
5.8376 -0.9696 -0.0400
3.8618 2.6558 -0.0400
2.4113 2.8080 -0.0400
2.3137 2.8187 -0.0400
1.2901 -0.0521 -0.0400
1.2441 -0.0680 -0.0400
1.1990 -0.0793 -0.0400
1.1553 -0.0594 -0.0400
1.1111 -0.0328 -0.0400
1.0065 -1.4022 -0.0400
0.9869 -1.4242 -0.0400
0.9684 -1.4503 -0.0400
0.9490 -1.4597 -0.0400
0.9296 -1.4673 -0.0400
0.9104 -1.4743 -0.0400
0.8904 -1.4763 -0.0400
0.8702 -1.4769 -0.0400
0.8494 -1.4752 -0.0400
0.8254 -1.4599 -0.0400
0.8015 -1.4477 -0.0400
0.7744 -1.4255 -0.0400
-0.5592 0.1940 -0.0400
-0.5970 0.1469 -0.0400
-0.6796 0.1723 -0.0400
-0.7773 0.2165 -0.0400
-4.3506 -3.1206 -0.0400
-4.2883 -3.2095 -0.0400
-4.1225 -3.2831 -0.0400
-4.1026 -3.3729 -0.0400
-1.2882 -3.3032 -0.0400
-1.2370 -3.3323 -0.0400
-1.2123 -3.3688 -0.0400
-1.1416 -3.3885 -0.0400
-1.0752 -3.4076 -0.0400
-1.0379 -3.4361 -0.0400
-1.0150 -3.4695 -0.0400
-1.0084 -3.5098 -0.0400
-0.9999 -3.5495 -0.0400
-1.8337 -5.8791 -0.0400
-1.7416 -5.8893 -0.0400
-1.6847 -5.9393 -0.0400
-1.6589 -6.0286 -0.0400
0.0472 -4.0872 -0.0400
0.0875 -4.0836 -0.0400
0.1253 -4.0823 -0.0400
0.1528 -4.0962 -0.0400
0.1753 -4.1185 -0.0400
0.1965 -4.1437 -0.0400
0.1987 -4.2047 -0.0400
2.8837 -8.3038 -0.0400
2.9827 -8.2696 -0.0400
3.1667 -6.9643 -0.0400
3.1613 -6.7647 -0.0400
3.2318 -6.7236 -0.0400
3.3237 -6.7217 -0.0400
1.5678 -3.2449 -0.0400
1.5705 -3.2254 -0.0400
1.5764 -3.2105 -0.0400
1.5840 -3.1981 -0.0400
1.5931 -3.1876 -0.0400
1.6035 -3.1785 -0.0400
1.6153 -3.1708 -0.0400
1.6348 -3.1710 -0.0400
1.6547 -3.1707 -0.0400
4.6044 -4.5785 -0.0400
4.6218 -4.5073 -0.0400
4.6837 -4.4598 -0.0400
3.6355 -2.6518 -0.0400
3.6021 -2.6068 -0.0400
3.5515 -2.5632 -0.0400
3.5464 -2.5199 -0.0400
3.5635 -2.4756 -0.0400
3.5954 -2.4296 -0.0400
5.3083 -2.2395 -0.0400
5.8940 -1.2265 -0.0400
5.8483 -1.1486 -0.0400
5.8539 -1.0550 -0.0400
3.9530 2.6057 -0.0400
2.5032 2.7719 -0.0400
1.3833 -0.0142 -0.0400
1.3311 -0.0759 -0.0400
1.2860 -0.0822 -0.0400
1.2415 -0.0846 -0.0400
1.1985 -0.0615 -0.0400
1.1549 -0.0333 -0.0400
1.0457 -1.3679 -0.0400
1.0262 -1.4244 -0.0400
1.0064 -1.4398 -0.0400
0.9868 -1.4510 -0.0400
0.9679 -1.4657 -0.0400
0.9485 -1.4715 -0.0400
0.9290 -1.4757 -0.0400
0.9091 -1.4768 -0.0400
0.8890 -1.4765 -0.0400
0.8668 -1.4656 -0.0400
0.8447 -1.4575 -0.0400
0.8210 -1.4444 -0.0400
0.7943 -1.4210 -0.0400
-0.4664 0.2672 -0.0400
-0.4968 0.2049 -0.0400
-0.5438 0.1739 -0.0400
-0.6065 0.1691 -0.0400
-0.7127 0.2315 -0.0400
-0.8043 0.2646 -0.0400
-4.3190 -3.0106 -0.0400
-4.2510 -3.0992 -0.0400
-4.1277 -3.1796 -0.0400
-4.1149 -3.2702 -0.0400
-1.2652 -3.2867 -0.0400
-1.2312 -3.3207 -0.0400
-1.1288 -3.3311 -0.0400
-1.0804 -3.3570 -0.0400
-1.0514 -3.3888 -0.0400
-1.0297 -3.4228 -0.0400
-1.0194 -3.4612 -0.0400
-1.0166 -3.5031 -0.0400
-0.9754 -3.5281 -0.0400
-0.9537 -3.5613 -0.0400
-0.9419 -3.5992 -0.0400
-1.7650 -5.8821 -0.0400
-1.6928 -5.9141 -0.0400
-1.6391 -5.9679 -0.0400
-1.6058 -6.0488 -0.0400
0.0542 -4.1035 -0.0400
0.0978 -4.0945 -0.0400
0.1375 -4.0896 -0.0400
0.1656 -4.1027 -0.0400
0.1915 -4.1196 -0.0400
0.2094 -4.1511 -0.0400
0.2274 -4.1839 -0.0400
3.0602 -8.2209 -0.0400
3.1616 -6.7899 -0.0400
3.2198 -6.7238 -0.0400
3.3013 -6.7028 -0.0400
2.5677 -4.5449 -0.0400
1.5813 -3.2394 -0.0400
1.5818 -3.2172 -0.0400
1.5867 -3.2009 -0.0400
1.5920 -3.1856 -0.0400
1.6022 -3.1761 -0.0400
1.6139 -3.1681 -0.0400
1.6275 -3.1618 -0.0400
1.6435 -3.1578 -0.0400
1.6636 -3.1572 -0.0400
4.6208 -4.5895 -0.0400
4.6208 -4.5083 -0.0400
4.6757 -4.4570 -0.0400
3.6188 -2.6000 -0.0400
3.5795 -2.5558 -0.0400
3.5461 -2.5127 -0.0400
3.5480 -2.4691 -0.0400
3.5610 -2.4246 -0.0400
5.2996 -2.2363 -0.0400
5.8590 -1.1416 -0.0400
5.8190 -1.0623 -0.0400
5.8218 -0.9690 -0.0400
2.4039 2.7733 -0.0400
1.3320 -0.0300 -0.0400
1.2830 -0.0731 -0.0400
1.2380 -0.0833 -0.0400
1.1943 -0.0762 -0.0400
1.1515 -0.0428 -0.0400
1.1076 -0.0003 -0.0400
1.0198 -1.3871 -0.0400
1.0009 -1.4277 -0.0400
0.9821 -1.4502 -0.0400
0.9628 -1.4586 -0.0400
0.9440 -1.4695 -0.0400
0.9247 -1.4740 -0.0400
0.9053 -1.4768 -0.0400
0.8853 -1.4762 -0.0400
0.8650 -1.4749 -0.0400
0.8425 -1.4627 -0.0400
0.8201 -1.4538 -0.0400
0.7959 -1.4392 -0.0400
-0.5395 0.1777 -0.0400
-0.5940 0.1597 -0.0400
-0.7029 0.2278 -0.0400
-0.7720 0.2274 -0.0400
-4.1313 0.3921 -0.0400
-4.0938 0.2518 -0.0400
-4.2127 -3.1656 -0.0400
-4.1865 -3.2558 -0.0400
-4.1158 -3.3391 -0.0400
-1.2440 -3.3052 -0.0400
-1.2203 -3.3419 -0.0400
-1.1575 -3.3645 -0.0400
-1.0892 -3.3831 -0.0400
-1.0491 -3.4105 -0.0400
-1.0234 -3.4428 -0.0400
-1.0133 -3.4814 -0.0400
-1.0143 -3.5253 -0.0400
-0.9770 -3.5517 -0.0400
-0.9470 -3.5809 -0.0400
-0.9275 -3.6150 -0.0400
-0.9419 -3.6672 -0.0400
-2.9629 -4.8476 -0.0400
-2.8949 -4.9014 -0.0400
-1.8462 -5.8421 -0.0400
-1.7630 -5.8625 -0.0400
-1.7032 -5.9090 -0.0400
0.0042 -4.1047 -0.0400
0.0700 -4.0644 -0.0400
0.1021 -4.0720 -0.0400
0.1309 -4.0844 -0.0400
0.1571 -4.1007 -0.0400
0.1750 -4.1318 -0.0400
0.1922 -4.1653 -0.0400
0.1987 -4.2210 -0.0400
-0.7791 -8.0305 -0.0400
3.1126 -7.0939 -0.0400
3.0931 -6.8515 -0.0400
3.1434 -6.7667 -0.0400
3.2202 -6.7371 -0.0400
1.5681 -3.2720 -0.0400
1.5650 -3.2433 -0.0400
1.5692 -3.2251 -0.0400
1.5760 -3.2108 -0.0400
1.5846 -3.1989 -0.0400
1.5947 -3.1889 -0.0400
1.6063 -3.1805 -0.0400
1.6250 -3.1796 -0.0400
1.6444 -3.1788 -0.0400
4.5713 -4.6448 -0.0400
4.5868 -4.5717 -0.0400
4.6295 -4.5141 -0.0400
3.6425 -2.6876 -0.0400
3.6195 -2.6417 -0.0400
3.5622 -2.5966 -0.0400
3.5469 -2.5529 -0.0400
3.5579 -2.5090 -0.0400
3.5769 -2.4643 -0.0400
5.3112 -2.3083 -0.0400
5.9703 -1.2920 -0.0400
5.8733 -1.2269 -0.0400
5.8463 -1.1436 -0.0400
4.0419 2.5541 -0.0400
2.5047 2.7756 -0.0400
1.3701 -0.0691 -0.0400
1.3234 -0.0891 -0.0400
1.2790 -0.0929 -0.0400
1.2360 -0.0810 -0.0400
1.1940 -0.0448 -0.0400
1.1529 0.0477 -0.0400
1.0589 -1.3881 -0.0400
1.0383 -1.4107 -0.0400
1.0188 -1.4401 -0.0400
0.9996 -1.4571 -0.0400
0.9803 -1.4639 -0.0400
0.9614 -1.4728 -0.0400
0.9422 -1.4763 -0.0400
0.9227 -1.4775 -0.0400
0.9025 -1.4737 -0.0400
0.8823 -1.4708 -0.0400
0.8614 -1.4659 -0.0400
0.8367 -1.4429 -0.0400
0.8119 -1.4234 -0.0400
-0.4498 0.2519 -0.0400
-0.4874 0.2038 -0.0400
-0.5369 0.1780 -0.0400
-0.6053 0.1835 -0.0400
-4.0388 0.4691 -0.0400
-4.0286 0.3432 -0.0400
-4.0956 0.2630 -0.0400
-4.3071 -2.9749 -0.0400
-4.2356 -3.0629 -0.0400
-4.1316 -3.1452 -0.0400
-4.1085 -3.2343 -0.0400
-1.3183 -3.2284 -0.0400
-1.2629 -3.2572 -0.0400
-1.2358 -3.2931 -0.0400
-1.2210 -3.3324 -0.0400
-1.0886 -3.3307 -0.0400
-1.0603 -3.3627 -0.0400
-1.0392 -3.3968 -0.0400
-1.0278 -3.4347 -0.0400
-1.0226 -3.4754 -0.0400
-0.9905 -3.5044 -0.0400
-0.9653 -3.5359 -0.0400
-0.9504 -3.5723 -0.0400
-0.9458 -3.6139 -0.0400
-0.9593 -3.6659 -0.0400
-3.0242 -4.8685 -0.0400
-2.9125 -4.8982 -0.0400
-1.7887 -5.8574 -0.0400
-1.7192 -5.8927 -0.0400
-1.6693 -5.9515 -0.0400
-1.6480 -6.0478 -0.0400
0.0337 -4.0877 -0.0400
0.0771 -4.0792 -0.0400
0.1120 -4.0825 -0.0400
0.1425 -4.0921 -0.0400
0.1680 -4.1098 -0.0400
0.1901 -4.1341 -0.0400
0.2088 -4.1655 -0.0400
0.2199 -4.2136 -0.0400
-0.7094 -8.0655 -0.0400
0.0250 -5.9741 -0.0400
0.0947 -5.9558 -0.0400
0.1438 -6.0110 -0.0400
2.9369 -8.2616 -0.0400
3.1333 -6.7748 -0.0400
3.2042 -6.7331 -0.0400
3.2944 -6.7273 -0.0400
2.5561 -4.5424 -0.0400
1.5785 -3.2399 -0.0400
1.5747 -3.2117 -0.0400
1.5826 -3.1986 -0.0400
1.5923 -3.1877 -0.0400
1.6033 -3.1785 -0.0400
1.6163 -3.1712 -0.0400
1.6313 -3.1659 -0.0400
1.6497 -3.1636 -0.0400
1.6767 -3.1689 -0.0400
4.5985 -4.5817 -0.0400
4.6189 -4.5115 -0.0400
4.6703 -4.4581 -0.0400
3.6254 -2.6362 -0.0400
3.5694 -2.5907 -0.0400
3.5466 -2.5468 -0.0400
3.5460 -2.5030 -0.0400
3.5536 -2.4589 -0.0400
3.6103 -2.4114 -0.0400
5.3313 -2.2287 -0.0400
5.8984 -1.2168 -0.0400
5.8407 -1.1420 -0.0400
5.8776 -1.0385 -0.0400
3.9482 2.6024 -0.0400
2.5019 2.7669 -0.0400
1.3207 -0.0667 -0.0400
1.2747 -0.0849 -0.0400
1.2310 -0.0841 -0.0400
1.1884 -0.0645 -0.0400
1.1463 -0.0154 -0.0400
1.0316 -1.3993 -0.0400
1.0121 -1.4302 -0.0400
0.9930 -1.4494 -0.0400
0.9742 -1.4622 -0.0400
0.9551 -1.4676 -0.0400
0.9363 -1.4744 -0.0400
0.9172 -1.4767 -0.0400
0.8978 -1.4777 -0.0400
0.8777 -1.4736 -0.0400
0.8562 -1.4634 -0.0400
0.8348 -1.4565 -0.0400
0.8079 -1.4251 -0.0400
0.7758 -1.3763 -0.0400
-0.4863 0.2098 -0.0400
-0.5327 0.1790 -0.0400
-0.5926 0.1710 -0.0400
-0.6981 0.2346 -0.0400
-0.7735 0.2447 -0.0400
-4.0844 0.3950 -0.0400
-4.0644 0.2652 -0.0400
-4.1463 0.1929 -0.0400
-4.1299 -3.2143 -0.0400
-4.1304 -3.3066 -0.0400
-1.3207 -3.2552 -0.0400
-1.2602 -3.2817 -0.0400
-1.2310 -3.3166 -0.0400
-1.1390 -3.3292 -0.0400
-1.0892 -3.3541 -0.0400
-1.0558 -3.3839 -0.0400
-1.0341 -3.4177 -0.0400
-1.0228 -3.4556 -0.0400
-1.0230 -3.4989 -0.0400
-0.9901 -3.5273 -0.0400
-0.9599 -3.5564 -0.0400
-0.9391 -3.5897 -0.0400
-0.9447 -3.6370 -0.0400
-0.9812 -3.7027 -0.0400
-2.9124 -4.8711 -0.0400
-2.8631 -4.9350 -0.0400
-1.8743 -5.8220 -0.0400
-1.7894 -5.8408 -0.0400
-1.7299 -5.8878 -0.0400
0.0341 -4.0714 -0.0400
0.0799 -4.0589 -0.0400
0.1087 -4.0714 -0.0400
0.1346 -4.0886 -0.0400
0.1577 -4.1107 -0.0400
0.1773 -4.1396 -0.0400
-0.8065 -8.0003 -0.0400
0.0279 -5.9308 -0.0400
0.0808 -5.9697 -0.0400
3.0557 -7.0184 -0.0400
3.0587 -6.8248 -0.0400
3.1262 -6.7754 -0.0400
3.2107 -6.7598 -0.0400
1.5640 -3.2732 -0.0400
1.5627 -3.2461 -0.0400
1.5674 -3.2280 -0.0400
1.5747 -3.2136 -0.0400
1.5839 -3.2018 -0.0400
1.5961 -3.1935 -0.0400
1.6105 -3.1876 -0.0400
1.6278 -3.1845 -0.0400
1.6503 -3.1861 -0.0400
4.5665 -4.6480 -0.0400
4.5884 -4.5781 -0.0400
3.6854 -2.7279 -0.0400
3.6197 -2.6786 -0.0400
3.5688 -2.6321 -0.0400
3.5466 -2.5877 -0.0400
3.5536 -2.5439 -0.0400
3.5876 -2.4990 -0.0400
5.3035 -2.3792 -0.0400
5.8898 -1.3087 -0.0400
5.8638 -1.2250 -0.0400
5.8663 -1.1329 -0.0400
2.5917 2.7312 -0.0400
1.4061 -0.0710 -0.0400
1.3599 -0.0849 -0.0400
1.3147 -0.0951 -0.0400
1.2716 -0.0890 -0.0400
1.2297 -0.0661 -0.0400
1.1892 -0.0046 -0.0400
1.0692 -1.3889 -0.0400
1.0484 -1.4225 -0.0400
1.0287 -1.4439 -0.0400
1.0095 -1.4574 -0.0400
0.9905 -1.4672 -0.0400
0.9717 -1.4742 -0.0400
0.9527 -1.4772 -0.0400
0.9335 -1.4773 -0.0400
0.9142 -1.4772 -0.0400
0.8940 -1.4713 -0.0400
0.8726 -1.4593 -0.0400
0.8514 -1.4516 -0.0400
0.8248 -1.4177 -0.0400
-0.4037 0.2956 -0.0400
-0.4349 0.2346 -0.0400
-0.4800 0.2016 -0.0400
-0.5364 0.1888 -0.0400
-0.6600 0.2874 -0.0400
-3.9648 0.4534 -0.0400
-4.0058 0.3589 -0.0400
-4.0880 0.2877 -0.0400
-1.2713 -3.2317 -0.0400
-1.2441 -3.2675 -0.0400
-1.1571 -3.2832 -0.0400
-1.1079 -3.3090 -0.0400
-1.0728 -3.3386 -0.0400
-1.0469 -3.3709 -0.0400
-1.0377 -3.4094 -0.0400
-1.0343 -3.4507 -0.0400
-1.0188 -3.4871 -0.0400
-0.9759 -3.5107 -0.0400
-0.9608 -3.5467 -0.0400
-0.9548 -3.5875 -0.0400
-0.9628 -3.6363 -0.0400
-2.9824 -4.8051 -0.0400
-2.9305 -4.8682 -0.0400
-1.7282 -5.9788 -0.0400
-0.0229 -4.0744 -0.0400
0.0279 -4.0569 -0.0400
0.0647 -4.0581 -0.0400
0.0962 -4.0668 -0.0400
0.1240 -4.0808 -0.0400
0.1434 -4.1095 -0.0400
0.1606 -4.1431 -0.0400
0.1660 -4.2005 -0.0400
-0.8395 -8.0402 -0.0400
-0.0610 -5.9578 -0.0400
0.0116 -5.9340 -0.0400
3.0454 -7.0226 -0.0400
3.0492 -6.8296 -0.0400
3.1165 -6.7792 -0.0400
2.5102 -4.5677 -0.0400
1.5571 -3.2431 -0.0400
1.5637 -3.2273 -0.0400
1.5724 -3.2143 -0.0400
1.5826 -3.2034 -0.0400
1.5945 -3.1945 -0.0400
1.6081 -3.1875 -0.0400
1.6241 -3.1828 -0.0400
1.6684 -3.2067 -0.0400
4.5523 -4.6436 -0.0400
4.6076 -4.5928 -0.0400
3.6465 -2.7223 -0.0400
3.5890 -2.6738 -0.0400
3.5538 -2.6281 -0.0400
3.5472 -2.5840 -0.0400
3.5568 -2.5399 -0.0400
3.5902 -2.4950 -0.0400
5.3195 -2.3770 -0.0400
5.9555 -1.3814 -0.0400
5.8880 -1.3074 -0.0400
5.8796 -1.2187 -0.0400
4.1258 2.4994 -0.0400
2.6876 2.7178 -0.0400
2.5904 2.7305 -0.0400
1.4525 -0.0310 -0.0400
1.4015 -0.0697 -0.0400
1.3539 -0.0951 -0.0400
1.3101 -0.0950 -0.0400
1.2685 -0.0739 -0.0400
1.2265 -0.0510 -0.0400
1.1874 0.0350 -0.0400
1.0629 -1.4057 -0.0400
1.0425 -1.4333 -0.0400
1.0231 -1.4559 -0.0400
1.0041 -1.4654 -0.0400
0.9852 -1.4723 -0.0400
0.9664 -1.4766 -0.0400
0.9475 -1.4783 -0.0400
0.9284 -1.4777 -0.0400
0.9088 -1.4734 -0.0400
0.8884 -1.4652 -0.0400
0.8666 -1.4506 -0.0400
0.8450 -1.4405 -0.0400
0.8154 -1.3907 -0.0400
-0.4005 0.2927 -0.0400
-0.4328 0.2341 -0.0400
-0.4843 0.2133 -0.0400
-0.5648 0.2425 -0.0400
-0.6527 0.2798 -0.0400
-3.9670 0.4680 -0.0400
-3.9984 0.3680 -0.0400
-4.0727 0.2927 -0.0400
-3.9408 -0.7332 -0.0400
-3.9751 -0.8194 -0.0400
-4.0523 -0.8918 -0.0400
-1.2955 -3.2251 -0.0400
-1.2452 -3.2541 -0.0400
-1.2300 -3.2931 -0.0400
-1.1102 -3.2960 -0.0400
-1.0767 -3.3261 -0.0400
-1.0507 -3.3582 -0.0400
-1.0408 -3.3964 -0.0400
-1.0350 -3.4365 -0.0400
-1.0085 -3.4678 -0.0400
-0.9825 -3.4989 -0.0400
-0.9646 -3.5335 -0.0400
-0.9539 -3.5718 -0.0400
-1.0055 -3.6435 -0.0400
-2.9542 -4.7698 -0.0400
-2.9200 -4.8422 -0.0400
0.0479 -4.1023 -0.0400
0.1012 -4.0760 -0.0400
0.1319 -4.0855 -0.0400
0.1592 -4.1004 -0.0400
0.1836 -4.1208 -0.0400
0.2047 -4.1480 -0.0400
0.2209 -4.1867 -0.0400
-0.6735 -8.0856 -0.0400
0.0372 -5.9780 -0.0400
0.1079 -5.9556 -0.0400
0.1664 -5.9765 -0.0400
3.1451 -7.0792 -0.0400
3.1254 -6.8397 -0.0400
3.1738 -6.7506 -0.0400
3.2523 -6.7222 -0.0400
3.3644 -6.7533 -0.0400
2.5466 -4.5597 -0.0400
1.5774 -3.2533 -0.0400
1.5767 -3.2276 -0.0400
1.5815 -3.2095 -0.0400
1.5889 -3.1948 -0.0400
1.5979 -3.1823 -0.0400
1.6105 -3.1738 -0.0400
1.6253 -3.1675 -0.0400
1.6433 -3.1640 -0.0400
1.6675 -3.1659 -0.0400
4.6135 -4.6038 -0.0400
4.6168 -4.5230 -0.0400
4.6613 -4.4653 -0.0400
3.6420 -2.6257 -0.0400
3.5767 -2.5790 -0.0400
3.5469 -2.5344 -0.0400
3.5448 -2.4903 -0.0400
3.5657 -2.4453 -0.0400
5.2807 -2.3023 -0.0400
5.3121 -2.2251 -0.0400
5.8761 -1.2173 -0.0400
5.8303 -1.1389 -0.0400
5.8270 -1.0481 -0.0400
3.9480 2.6117 -0.0400
1.3525 -0.0397 -0.0400
1.3049 -0.0670 -0.0400
1.2593 -0.0845 -0.0400
1.2164 -0.0775 -0.0400
1.1740 -0.0618 -0.0400
1.1333 0.0063 -0.0400
1.0321 -1.4025 -0.0400
1.0123 -1.4196 -0.0400
0.9932 -1.4428 -0.0400
0.9744 -1.4566 -0.0400
0.9559 -1.4662 -0.0400
0.9374 -1.4730 -0.0400
0.9188 -1.4765 -0.0400
0.9000 -1.4771 -0.0400
0.8807 -1.4753 -0.0400
0.8609 -1.4708 -0.0400
0.8401 -1.4620 -0.0400
0.8178 -1.4471 -0.0400
0.7919 -1.4180 -0.0400
-0.4939 0.2347 -0.0400
-0.5262 0.1793 -0.0400
-0.5818 0.1655 -0.0400
-0.6629 0.1922 -0.0400
-0.7501 0.2240 -0.0400
-4.0468 0.2993 -0.0400
-4.1068 0.2161 -0.0400
-4.2520 0.1763 -0.0400
-4.0033 -0.7883 -0.0400
-3.9995 -0.8877 -0.0400
-4.0363 -0.9732 -0.0400
-4.1345 -1.0411 -0.0400
-1.2620 -3.2809 -0.0400
-1.2334 -3.3156 -0.0400
-1.2140 -3.3529 -0.0400
-1.1124 -3.3588 -0.0400
-1.0561 -3.3793 -0.0400
-1.0354 -3.4131 -0.0400
-1.0206 -3.4493 -0.0400
-1.0131 -3.4889 -0.0400
-0.9880 -3.5204 -0.0400
-0.9611 -3.5505 -0.0400
-0.9408 -3.5838 -0.0400
-0.9407 -3.6282 -0.0400
-0.9529 -3.6804 -0.0400
-2.8949 -4.8872 -0.0400
-2.8484 -4.9523 -0.0400
0.0603 -4.0657 -0.0400
0.0945 -4.0700 -0.0400
0.1242 -4.0810 -0.0400
0.1467 -4.1047 -0.0400
0.1657 -4.1355 -0.0400
0.1773 -4.1822 -0.0400
-0.7734 -8.0246 -0.0400
-0.0351 -5.9658 -0.0400
0.0378 -5.9390 -0.0400
0.0961 -5.9607 -0.0400
3.1773 -6.7746 -0.0400
2.5229 -4.5356 -0.0400
1.5612 -3.2368 -0.0400
1.5683 -3.2211 -0.0400
1.5773 -3.2080 -0.0400
1.5879 -3.1970 -0.0400
1.6000 -3.1877 -0.0400
1.6140 -3.1804 -0.0400
1.6398 -3.1851 -0.0400
4.5529 -4.6558 -0.0400
4.5872 -4.5923 -0.0400
3.6628 -2.7176 -0.0400
3.6260 -2.6693 -0.0400
3.5622 -2.6216 -0.0400
3.5480 -2.5768 -0.0400
3.5511 -2.5325 -0.0400
3.5807 -2.4875 -0.0400
5.2949 -2.3761 -0.0400
5.3756 -2.2965 -0.0400
6.1573 -1.3315 -0.0400
5.9060 -1.3000 -0.0400
5.8497 -1.2238 -0.0400
5.8771 -1.1245 -0.0400
4.1429 2.5346 -0.0400
2.5869 2.7307 -0.0400
1.3917 -0.0520 -0.0400
1.3421 -0.0904 -0.0400
1.2984 -0.0919 -0.0400
1.2565 -0.0773 -0.0400
1.2147 -0.0554 -0.0400
1.1768 0.0383 -0.0400
1.0680 -1.3916 -0.0400
1.0473 -1.4145 -0.0400
1.0272 -1.4429 -0.0400
1.0081 -1.4582 -0.0400
0.9894 -1.4682 -0.0400
0.9708 -1.4722 -0.0400
0.9523 -1.4766 -0.0400
0.9336 -1.4782 -0.0400
0.9148 -1.4775 -0.0400
0.8956 -1.4738 -0.0400
0.8751 -1.4626 -0.0400
0.8541 -1.4510 -0.0400
0.8312 -1.4313 -0.0400
0.8013 -1.3776 -0.0400
-0.4135 0.3222 -0.0400
-0.4359 0.2439 -0.0400
-0.4768 0.2040 -0.0400
-0.5348 0.1953 -0.0400
-0.6362 0.2589 -0.0400
-4.0186 0.5282 -0.0400
-3.9961 0.3954 -0.0400
-4.0412 0.3041 -0.0400
-4.1408 0.2425 -0.0400
-3.9704 -0.6931 -0.0400
-3.9637 -0.7941 -0.0400
-4.0020 -0.8787 -0.0400
-1.2261 -3.3043 -0.0400
-1.1110 -3.3069 -0.0400
-1.0786 -3.3370 -0.0400
-1.0486 -3.3672 -0.0400
-1.0331 -3.4029 -0.0400
-1.0327 -3.4453 -0.0400
-1.0254 -3.4851 -0.0400
-0.9798 -3.5068 -0.0400
-0.9604 -3.5404 -0.0400
-0.9591 -3.5836 -0.0400
-0.9659 -3.6319 -0.0400
-2.9391 -4.8075 -0.0400
-2.9457 -4.9044 -0.0400
0.1151 -4.0790 -0.0400
0.1372 -4.1035 -0.0400
0.1547 -4.1373 -0.0400
-0.8791 -7.9828 -0.0400
-0.0337 -5.9261 -0.0400
1.5489 -3.2777 -0.0400
1.5517 -3.2549 -0.0400
1.5584 -3.2379 -0.0400
1.5671 -3.2239 -0.0400
1.5774 -3.2122 -0.0400
1.5909 -3.2042 -0.0400
1.6064 -3.1983 -0.0400
1.6250 -3.1955 -0.0400
1.6503 -3.1990 -0.0400
4.5293 -4.7303 -0.0400
4.5500 -4.6581 -0.0400
4.6153 -4.6124 -0.0400
3.6547 -2.7624 -0.0400
3.6222 -2.7137 -0.0400
3.5581 -2.6646 -0.0400
3.5527 -2.6198 -0.0400
3.5621 -2.5754 -0.0400
3.6293 -2.5306 -0.0400
5.3233 -2.4504 -0.0400
5.9799 -1.4643 -0.0400
5.8948 -1.3929 -0.0400
5.8821 -1.3055 -0.0400
4.1260 2.5095 -0.0400
2.7767 2.6951 -0.0400
2.6815 2.7146 -0.0400
1.4766 -0.0560 -0.0400
1.4264 -0.0879 -0.0400
1.3799 -0.1043 -0.0400
1.3376 -0.0959 -0.0400
1.2959 -0.0810 -0.0400
1.2597 -0.0073 -0.0400
1.2209 0.0659 -0.0400
1.0817 -1.4175 -0.0400
1.0613 -1.4346 -0.0400
1.0413 -1.4560 -0.0400
1.0223 -1.4684 -0.0400
1.0036 -1.4728 -0.0400
0.9851 -1.4778 -0.0400
0.9666 -1.4791 -0.0400
0.9479 -1.4775 -0.0400
0.9291 -1.4761 -0.0400
0.9098 -1.4696 -0.0400
0.8897 -1.4593 -0.0400
0.8685 -1.4437 -0.0400
0.8452 -1.4176 -0.0400
-0.3400 0.2977 -0.0400
-0.3792 0.2531 -0.0400
-0.4248 0.2225 -0.0400
-0.4936 0.2351 -0.0400
-0.5881 0.2901 -0.0400
-3.8991 0.5822 -0.0400
-3.9282 0.4806 -0.0400
-4.0042 0.4078 -0.0400
-3.9497 -0.5936 -0.0400
-3.9281 -0.7011 -0.0400
-4.0271 -0.7640 -0.0400
-1.0643 -3.3228 -0.0400
-1.0504 -3.3590 -0.0400
-1.0406 -3.3970 -0.0400
-1.0334 -3.4364 -0.0400
-1.0034 -3.4656 -0.0400
-0.9791 -3.4970 -0.0400
-0.9670 -3.5342 -0.0400
-0.9868 -3.5884 -0.0400
-2.9762 -4.7243 -0.0400
-1.9033 -5.7511 -0.0400
-1.8379 -5.7916 -0.0400
-1.7940 -5.8569 -0.0400
-0.8983 -7.9802 -0.0400
-0.1136 -5.9201 -0.0400
-0.0458 -5.9124 -0.0400
2.4481 -4.6029 -0.0400
1.5492 -3.2869 -0.0400
1.5507 -3.2617 -0.0400
1.5568 -3.2435 -0.0400
1.5630 -3.2261 -0.0400
1.5746 -3.2155 -0.0400
1.5875 -3.2067 -0.0400
1.6022 -3.1996 -0.0400
1.6293 -3.2057 -0.0400
4.5220 -4.8193 -0.0400
4.5119 -4.7264 -0.0400
4.5574 -4.6692 -0.0400
3.6241 -2.7586 -0.0400
3.5791 -2.7093 -0.0400
3.5595 -2.6631 -0.0400
3.5552 -2.6181 -0.0400
3.5678 -2.5736 -0.0400
5.3017 -2.5265 -0.0400
5.3575 -2.4502 -0.0400
5.9707 -1.4663 -0.0400
5.8923 -1.3932 -0.0400
5.8951 -1.3019 -0.0400
4.2085 2.4491 -0.0400
2.7758 2.6987 -0.0400
2.6808 2.7189 -0.0400
1.4656 -0.0818 -0.0400
1.4186 -0.0978 -0.0400
1.3743 -0.1015 -0.0400
1.3326 -0.0885 -0.0400
1.2922 -0.0624 -0.0400
1.2605 0.0577 -0.0400
1.0946 -1.4066 -0.0400
1.0734 -1.4286 -0.0400
1.0528 -1.4549 -0.0400
1.0337 -1.4624 -0.0400
1.0149 -1.4733 -0.0400
0.9963 -1.4767 -0.0400
0.9779 -1.4793 -0.0400
0.9595 -1.4786 -0.0400
0.9409 -1.4771 -0.0400
0.9219 -1.4706 -0.0400
0.9021 -1.4592 -0.0400
0.8811 -1.4415 -0.0400
0.8603 -1.4296 -0.0400
-0.3396 0.2951 -0.0400
-0.3760 0.2451 -0.0400
-0.4277 0.2271 -0.0400
-0.5339 0.3092 -0.0400
-0.5968 0.3057 -0.0400
-3.9273 0.6108 -0.0400
-3.9269 0.4906 -0.0400
-3.9820 0.4056 -0.0400
-3.8982 -0.6028 -0.0400
-3.9220 -0.6923 -0.0400
-3.9975 -0.7632 -0.0400
-1.0453 -3.4281 -0.0400
-1.0032 -3.4518 -0.0400
-0.9828 -3.4848 -0.0400
-0.9743 -3.5237 -0.0400
-0.9713 -3.5658 -0.0400
-2.9780 -4.7067 -0.0400
-2.9492 -4.7816 -0.0400
-1.9306 -5.7557 -0.0400
-1.8525 -5.7823 -0.0400
-1.7967 -5.8335 -0.0400
-0.9384 -8.0170 -0.0400
-0.8335 -8.0244 -0.0400
-0.0831 -5.9612 -0.0400
-0.0073 -5.9268 -0.0400
0.0491 -5.9558 -0.0400
2.4709 -4.5775 -0.0400
1.5578 -3.2835 -0.0400
1.5578 -3.2564 -0.0400
1.5591 -3.2321 -0.0400
1.5688 -3.2190 -0.0400
1.5800 -3.2077 -0.0400
1.5924 -3.1979 -0.0400
1.6111 -3.1948 -0.0400
1.6308 -3.1923 -0.0400
1.6595 -3.1982 -0.0400
4.5531 -4.6766 -0.0400
4.6266 -4.6350 -0.0400
3.6414 -2.7126 -0.0400
3.5637 -2.6619 -0.0400
3.5533 -2.6164 -0.0400
3.5647 -2.5717 -0.0400
3.5920 -2.5266 -0.0400
5.3008 -2.4525 -0.0400
5.3669 -2.3747 -0.0400
5.9108 -1.3892 -0.0400
5.8676 -1.3089 -0.0400
5.8772 -1.2152 -0.0400
1.4644 -0.0430 -0.0400
1.4126 -0.0828 -0.0400
1.3671 -0.0935 -0.0400
1.3240 -0.0906 -0.0400
1.2831 -0.0703 -0.0400
1.2437 -0.0310 -0.0400
1.2052 0.0351 -0.0400
1.0626 -1.4314 -0.0400
1.0427 -1.4462 -0.0400
1.0233 -1.4640 -0.0400
1.0046 -1.4697 -0.0400
0.9862 -1.4740 -0.0400
0.9679 -1.4781 -0.0400
0.9495 -1.4788 -0.0400
0.9310 -1.4762 -0.0400
0.9124 -1.4736 -0.0400
0.8930 -1.4641 -0.0400
0.8725 -1.4475 -0.0400
0.8520 -1.4366 -0.0400
0.8258 -1.3894 -0.0400
-0.3858 0.2614 -0.0400
-0.4264 0.2214 -0.0400
-0.4784 0.2040 -0.0400
-0.5843 0.2820 -0.0400
-0.6777 0.3301 -0.0400
-3.9357 0.5092 -0.0400
-3.9713 0.4126 -0.0400
-4.0555 0.3445 -0.0400
-3.9458 -0.6695 -0.0400
-3.9492 -0.7662 -0.0400
-0.9621 -3.5424 -0.0400
-0.9748 -3.5931 -0.0400
-2.9523 -4.7587 -0.0400
-2.9434 -4.8455 -0.0400
-1.8762 -5.7749 -0.0400
-1.8109 -5.8151 -0.0400
-1.7650 -5.8784 -0.0400
-1.7557 -5.9889 -0.0400
-0.0302 -4.0728 -0.0400
-0.9340 -7.9658 -0.0400
-0.1438 -5.9105 -0.0400
-0.0764 -5.9044 -0.0400
1.5464 -3.2482 -0.0400
1.5565 -3.2350 -0.0400
1.5679 -3.2236 -0.0400
1.5822 -3.2158 -0.0400
1.5981 -3.2095 -0.0400
1.6168 -3.2060 -0.0400
1.6411 -3.2077 -0.0400
4.4951 -4.8186 -0.0400
4.5052 -4.7382 -0.0400
4.5592 -4.6857 -0.0400
3.7124 -2.8139 -0.0400
3.6316 -2.7584 -0.0400
3.5580 -2.7065 -0.0400
3.5547 -2.6610 -0.0400
3.5621 -2.6162 -0.0400
5.3081 -2.6047 -0.0400
5.3125 -2.5290 -0.0400
5.9332 -1.4754 -0.0400
5.8989 -1.3924 -0.0400
5.9444 -1.2902 -0.0400
4.2175 2.4695 -0.0400
2.7618 2.6715 -0.0400
1.5006 -0.0648 -0.0400
1.4498 -0.0959 -0.0400
1.4039 -0.1079 -0.0400
1.3627 -0.0939 -0.0400
1.3231 -0.0658 -0.0400
1.2869 -0.0042 -0.0400
1.0952 -1.4350 -0.0400
1.0748 -1.4505 -0.0400
1.0552 -1.4602 -0.0400
1.0362 -1.4675 -0.0400
1.0174 -1.4776 -0.0400
0.9991 -1.4795 -0.0400
0.9809 -1.4798 -0.0400
0.9626 -1.4785 -0.0400
0.9443 -1.4757 -0.0400
0.9254 -1.4657 -0.0400
0.9063 -1.4586 -0.0400
0.8855 -1.4358 -0.0400
0.8644 -1.4183 -0.0400
-0.3019 0.3366 -0.0400
-0.3308 0.2694 -0.0400
-0.3787 0.2444 -0.0400
-0.4335 0.2330 -0.0400
-0.5360 0.3092 -0.0400
-3.8973 0.6110 -0.0400
-3.9248 0.5087 -0.0400
-3.9081 -0.4789 -0.0400
-3.8824 -0.5889 -0.0400
-3.9195 -0.6728 -0.0400
-4.0382 -0.7278 -0.0400
-2.9749 -4.7594 -0.0400
-2.0765 -5.7494 -0.0400
-1.9486 -5.7250 -0.0400
-1.8766 -5.7583 -0.0400
-1.8234 -5.8124 -0.0400
-0.0112 -4.0277 -0.0400
0.0243 -4.0307 -0.0400
0.0548 -4.0409 -0.0400
-0.0932 -5.9046 -0.0400
-0.0358 -5.9296 -0.0400
1.5781 -3.2199 -0.0400
1.5939 -3.2132 -0.0400
1.6121 -3.2089 -0.0400
4.5048 -4.7469 -0.0400
3.6932 -2.8125 -0.0400
3.5734 -2.7535 -0.0400
3.5567 -2.7065 -0.0400
3.5566 -2.6611 -0.0400
3.5687 -2.6162 -0.0400
5.3091 -2.6069 -0.0400
5.3255 -2.5311 -0.0400
5.9252 -1.4783 -0.0400
5.9219 -1.3882 -0.0400
5.9575 -1.2880 -0.0400
4.2920 2.3968 -0.0400
1.4853 -0.1049 -0.0400
1.4400 -0.1116 -0.0400
1.3975 -0.1057 -0.0400
1.3567 -0.0892 -0.0400
1.3179 -0.0565 -0.0400
1.1065 -1.4302 -0.0400
1.0853 -1.4485 -0.0400
1.0655 -1.4596 -0.0400
1.0463 -1.4675 -0.0400
1.0273 -1.4784 -0.0400
1.0091 -1.4802 -0.0400
0.9909 -1.4807 -0.0400
0.9728 -1.4801 -0.0400
0.9545 -1.4746 -0.0400
0.9361 -1.4699 -0.0400
0.9169 -1.4540 -0.0400
0.8974 -1.4424 -0.0400
0.8770 -1.4265 -0.0400
-0.2942 0.3139 -0.0400
-0.3306 0.2636 -0.0400
-0.3802 0.2427 -0.0400
-0.4472 0.2555 -0.0400
-0.5453 0.3232 -0.0400
-3.8703 0.7236 -0.0400
-3.8611 0.5963 -0.0400
-3.9104 0.5085 -0.0400
-4.0113 0.4515 -0.0400
-3.8924 -0.5758 -0.0400
-3.9454 -0.6538 -0.0400
-4.3677 -2.7333 -0.0400
-1.9682 -5.7216 -0.0400
-1.8894 -5.7474 -0.0400
-1.8505 -5.8182 -0.0400
-0.0348 -4.0393 -0.0400
0.0068 -4.0334 -0.0400
0.0408 -4.0382 -0.0400
0.0699 -4.0504 -0.0400
0.0927 -4.0732 -0.0400
0.1113 -4.1046 -0.0400
4.4725 -4.8232 -0.0400
4.4977 -4.7521 -0.0400
4.5651 -4.7074 -0.0400
3.6280 -2.8065 -0.0400
3.5748 -2.7545 -0.0400
3.5578 -2.7072 -0.0400
3.5585 -2.6616 -0.0400
3.6103 -2.6182 -0.0400
5.3117 -2.6097 -0.0400
5.3401 -2.5337 -0.0400
6.1952 -1.5190 -0.0400
5.9282 -1.4794 -0.0400
5.9501 -1.3834 -0.0400
4.2886 2.3944 -0.0400
2.8539 2.6577 -0.0400
1.5297 -0.0738 -0.0400
1.4786 -0.1034 -0.0400
1.4333 -0.1104 -0.0400
1.3909 -0.1041 -0.0400
1.3549 -0.0579 -0.0400
1.1187 -1.4185 -0.0400
1.0963 -1.4420 -0.0400
1.0757 -1.4567 -0.0400
1.0563 -1.4657 -0.0400
1.0370 -1.4782 -0.0400
1.0186 -1.4806 -0.0400
1.0005 -1.4812 -0.0400
0.9825 -1.4806 -0.0400
0.9644 -1.4749 -0.0400
0.9461 -1.4697 -0.0400
0.9276 -1.4626 -0.0400
0.9087 -1.4532 -0.0400
0.8878 -1.4207 -0.0400
0.8656 -1.3860 -0.0400
-0.2869 0.2907 -0.0400
-0.3311 0.2584 -0.0400
-0.3855 0.2478 -0.0400
-0.4642 0.2838 -0.0400
-0.5502 0.3283 -0.0400
-3.8488 0.5963 -0.0400
-3.9307 0.5291 -0.0400
-3.8820 -0.4723 -0.0400
-3.8721 -0.5754 -0.0400
-3.9166 -0.6560 -0.0400
-4.3335 -2.7195 -0.0400
-4.2181 -2.8059 -0.0400
-4.1467 -2.8917 -0.0400
-4.1320 -2.9805 -0.0400
-1.9599 -5.6881 -0.0400
-1.9004 -5.7349 -0.0400
-1.8573 -5.8005 -0.0400
-1.8462 -5.9059 -0.0400
-0.0399 -4.0229 -0.0400
-0.0016 -4.0220 -0.0400
0.0307 -4.0293 -0.0400
0.0593 -4.0421 -0.0400
0.0848 -4.0602 -0.0400
0.1071 -4.0844 -0.0400
0.1025 -4.1608 -0.0400
4.4779 -4.8375 -0.0400
4.5077 -4.7689 -0.0400
3.6359 -2.8091 -0.0400
3.5829 -2.7566 -0.0400
3.5565 -2.7083 -0.0400
3.5710 -2.6634 -0.0400
3.6126 -2.6192 -0.0400
5.3139 -2.6130 -0.0400
5.3469 -2.5369 -0.0400
5.9802 -1.5622 -0.0400
5.9335 -1.4804 -0.0400
5.9623 -1.3828 -0.0400
4.2867 2.3941 -0.0400
2.8490 2.6514 -0.0400
1.5142 -0.1098 -0.0400
1.4686 -0.1171 -0.0400
1.4262 -0.1108 -0.0400
1.3859 -0.0927 -0.0400
1.1343 -1.3874 -0.0400
1.1081 -1.4300 -0.0400
1.0864 -1.4499 -0.0400
1.0652 -1.4717 -0.0400
1.0464 -1.4771 -0.0400
1.0280 -1.4805 -0.0400
1.0098 -1.4816 -0.0400
0.9918 -1.4813 -0.0400
0.9739 -1.4765 -0.0400
0.9558 -1.4713 -0.0400
0.9376 -1.4641 -0.0400
0.9189 -1.4545 -0.0400
0.8988 -1.4214 -0.0400
0.8772 -1.3860 -0.0400
-0.2668 0.3725 -0.0400
-0.2898 0.2893 -0.0400
-0.3340 0.2573 -0.0400
-0.3897 0.2497 -0.0400
-0.4914 0.3311 -0.0400
-0.5688 0.3581 -0.0400
-3.8110 0.6988 -0.0400
-3.8444 0.6007 -0.0400
-3.9161 0.5274 -0.0400
-3.8427 -0.4811 -0.0400
-3.8694 -0.5686 -0.0400
-3.9527 -0.6341 -0.0400
-4.2670 -2.7052 -0.0400
-4.2181 -2.7941 -0.0400
-4.1422 -2.8794 -0.0400
-4.1429 -2.9693 -0.0400
-1.9709 -5.6759 -0.0400
-1.9123 -5.7236 -0.0400
-1.8683 -5.7880 -0.0400
-0.0636 -4.0349 -0.0400
-0.0189 -4.0248 -0.0400
0.0164 -4.0276 -0.0400
0.0481 -4.0353 -0.0400
0.0724 -4.0553 -0.0400
0.0936 -4.0814 -0.0400
0.1099 -4.1180 -0.0400
4.4492 -4.8300 -0.0400
4.4955 -4.7722 -0.0400
3.6459 -2.8605 -0.0400
3.5923 -2.8064 -0.0400
3.5622 -2.7566 -0.0400
3.5573 -2.7101 -0.0400
3.5693 -2.6648 -0.0400
3.6039 -2.6202 -0.0400
5.3408 -2.6175 -0.0400
5.9590 -1.5691 -0.0400
5.9388 -1.4821 -0.0400
2.8428 2.6415 -0.0400
1.5636 -0.0620 -0.0400
1.5080 -0.1058 -0.0400
1.4620 -0.1143 -0.0400
1.4192 -0.1099 -0.0400
1.1411 -1.4110 -0.0400
1.1166 -1.4406 -0.0400
1.0951 -1.4574 -0.0400
1.0751 -1.4673 -0.0400
1.0559 -1.4742 -0.0400
1.0373 -1.4789 -0.0400
1.0190 -1.4814 -0.0400
1.0009 -1.4816 -0.0400
0.9831 -1.4787 -0.0400
0.9652 -1.4738 -0.0400
0.9471 -1.4671 -0.0400
0.9288 -1.4580 -0.0400
0.9095 -1.4274 -0.0400
0.8891 -1.3981 -0.0400
-0.2489 0.3208 -0.0400
-0.2885 0.2776 -0.0400
-0.3383 0.2585 -0.0400
-0.4005 0.2645 -0.0400
-0.4950 0.3317 -0.0400
-0.5801 0.3734 -0.0400
-2.9051 2.0938 -0.0400
-3.8073 0.7028 -0.0400
-3.8403 0.6046 -0.0400
-3.9976 0.5852 -0.0400
-3.8553 -0.4686 -0.0400
-3.8630 -0.5639 -0.0400
-3.9193 -0.6394 -0.0400
-4.3465 -2.6041 -0.0400
-4.2799 -2.6944 -0.0400
-4.2197 -2.7828 -0.0400
-4.1433 -2.8681 -0.0400
-2.0888 -5.6667 -0.0400
-1.9941 -5.6774 -0.0400
-1.9250 -5.7136 -0.0400
-1.8835 -5.7807 -0.0400
-0.0934 -4.0562 -0.0400
-0.0251 -4.0103 -0.0400
0.0078 -4.0168 -0.0400
0.0369 -4.0286 -0.0400
0.0632 -4.0451 -0.0400
0.0867 -4.0667 -0.0400
0.0928 -4.1220 -0.0400
-1.1040 -7.9104 -0.0400
2.7727 -6.9931 -0.0400
4.4290 -4.9179 -0.0400
4.4437 -4.8384 -0.0400
4.4892 -4.7799 -0.0400
3.6822 -2.8683 -0.0400
3.6245 -2.8129 -0.0400
3.5549 -2.7585 -0.0400
3.5630 -2.7129 -0.0400
3.5911 -2.6683 -0.0400
5.3150 -2.6981 -0.0400
5.3309 -2.6217 -0.0400
5.9600 -1.5723 -0.0400
5.9509 -1.4829 -0.0400
5.9970 -1.3809 -0.0400
4.3769 2.3457 -0.0400
2.9313 2.6106 -0.0400
1.5441 -0.1106 -0.0400
1.4973 -0.1206 -0.0400
1.4541 -0.1177 -0.0400
1.4138 -0.1013 -0.0400
1.1302 -1.4206 -0.0400
1.1065 -1.4459 -0.0400
1.0854 -1.4605 -0.0400
1.0646 -1.4782 -0.0400
1.0459 -1.4820 -0.0400
1.0278 -1.4831 -0.0400
1.0098 -1.4826 -0.0400
0.9920 -1.4807 -0.0400
0.9742 -1.4767 -0.0400
0.9563 -1.4711 -0.0400
0.9383 -1.4520 -0.0400
0.9197 -1.4366 -0.0400
0.9003 -1.4134 -0.0400
-0.2471 0.3062 -0.0400
-0.2923 0.2764 -0.0400
-0.3473 0.2688 -0.0400
-0.4439 0.3459 -0.0400
-0.5189 0.3714 -0.0400
-2.8257 2.1666 -0.0400
-3.8202 0.8402 -0.0400
-3.7972 0.7018 -0.0400
-3.8532 0.6189 -0.0400
-4.0014 0.5939 -0.0400
-3.8362 -0.3708 -0.0400
-3.8273 -0.4740 -0.0400
-3.8691 -0.5547 -0.0400
-3.9941 -0.6037 -0.0400
-4.3133 -2.6849 -0.0400
-4.2235 -2.7722 -0.0400
-4.1491 -2.8576 -0.0400
-1.9960 -5.6561 -0.0400
-1.9344 -5.7002 -0.0400
-1.9051 -5.7813 -0.0400
-0.0812 -4.0150 -0.0400
-0.0397 -4.0094 -0.0400
-0.0054 -4.0136 -0.0400
0.0251 -4.0232 -0.0400
0.0509 -4.0405 -0.0400
0.0730 -4.0647 -0.0400
0.0911 -4.0972 -0.0400
0.0996 -4.1503 -0.0400
-1.0276 -7.9397 -0.0400
-0.2209 -5.8878 -0.0400
-0.1527 -5.8801 -0.0400
2.7460 -7.2046 -0.0400
2.7627 -7.0120 -0.0400
2.8154 -6.9184 -0.0400
2.8953 -6.8911 -0.0400
4.4139 -4.9206 -0.0400
4.4366 -4.8464 -0.0400
4.4859 -4.7902 -0.0400
3.6346 -2.8657 -0.0400
3.5802 -2.8111 -0.0400
3.5585 -2.7619 -0.0400
3.5606 -2.7156 -0.0400
3.5806 -2.6704 -0.0400
5.3205 -2.7035 -0.0400
5.4169 -2.6292 -0.0400
6.0172 -1.6577 -0.0400
5.9629 -1.5758 -0.0400
5.9644 -1.4840 -0.0400
4.3669 2.3330 -0.0400
2.9321 2.6188 -0.0400
1.5382 -0.1057 -0.0400
1.4908 -0.1175 -0.0400
1.4484 -0.1107 -0.0400
1.1384 -1.4319 -0.0400
1.1150 -1.4536 -0.0400
1.0940 -1.4658 -0.0400
1.0743 -1.4739 -0.0400
1.0552 -1.4792 -0.0400
1.0367 -1.4823 -0.0400
1.0186 -1.4828 -0.0400
1.0008 -1.4806 -0.0400
0.9832 -1.4756 -0.0400
0.9655 -1.4687 -0.0400
0.9476 -1.4592 -0.0400
0.9294 -1.4463 -0.0400
0.9107 -1.4281 -0.0400
0.8911 -1.3980 -0.0400
-0.2249 0.3826 -0.0400
-0.2494 0.3002 -0.0400
-0.2965 0.2754 -0.0400
-0.3577 0.2814 -0.0400
-0.4546 0.3590 -0.0400
-0.5214 0.3682 -0.0400
-2.8187 2.1610 -0.0400
-3.7681 0.8087 -0.0400
-3.7842 0.6981 -0.0400
-3.8599 0.6286 -0.0400
-3.8524 -0.3577 -0.0400
-3.8281 -0.4677 -0.0400
-3.8604 -0.5522 -0.0400
-4.3162 -2.5830 -0.0400
-4.2334 -2.6721 -0.0400
-4.1765 -2.7596 -0.0400
-4.1416 -2.8468 -0.0400
-1.2982 -3.0940 -0.0400
-1.2746 -3.1291 -0.0400
-1.2602 -3.1665 -0.0400
-2.0087 -5.6471 -0.0400
-1.9486 -5.6928 -0.0400
-1.9066 -5.7589 -0.0400
-0.0963 -4.0149 -0.0400
-0.0530 -4.0068 -0.0400
-0.0177 -4.0095 -0.0400
0.0154 -4.0148 -0.0400
0.0412 -4.0318 -0.0400
0.0646 -4.0533 -0.0400
0.0851 -4.0809 -0.0400
-1.1382 -7.8920 -0.0400
-0.1699 -5.8814 -0.0400
-0.1115 -5.9029 -0.0400
2.7371 -6.9931 -0.0400
2.8017 -6.9283 -0.0400
2.8915 -6.9227 -0.0400
3.6025 -2.8655 -0.0400
3.5624 -2.8129 -0.0400
3.5562 -2.7654 -0.0400
3.5689 -2.7198 -0.0400
3.6074 -2.6755 -0.0400
5.3174 -2.7091 -0.0400
5.3557 -2.6330 -0.0400
6.0273 -1.6608 -0.0400
5.9670 -1.5795 -0.0400
5.9707 -1.4871 -0.0400
4.4512 2.2730 -0.0400
4.3910 2.3676 -0.0400
1.5738 -0.1136 -0.0400
1.5260 -0.1253 -0.0400
1.4820 -0.1245 -0.0400
1.1562 -1.3979 -0.0400
1.1278 -1.4386 -0.0400
1.1050 -1.4574 -0.0400
1.0828 -1.4779 -0.0400
1.0638 -1.4823 -0.0400
1.0453 -1.4843 -0.0400
1.0273 -1.4842 -0.0400
1.0095 -1.4826 -0.0400
0.9918 -1.4791 -0.0400
0.9741 -1.4736 -0.0400
0.9565 -1.4659 -0.0400
0.9389 -1.4412 -0.0400
0.9206 -1.4200 -0.0400
0.9013 -1.3782 -0.0400
-0.1838 0.4140 -0.0400
-0.2113 0.3354 -0.0400
-0.2537 0.2984 -0.0400
-0.3057 0.2848 -0.0400
-0.3665 0.2898 -0.0400
-0.4646 0.3701 -0.0400
-2.8169 2.1613 -0.0400
-3.7343 0.7892 -0.0400
-3.7744 0.6959 -0.0400
-3.8389 0.6195 -0.0400
-3.8560 -0.3508 -0.0400
-3.8207 -0.4656 -0.0400
-3.8944 -0.5329 -0.0400
-4.3336 -2.5739 -0.0400
-4.2613 -2.6634 -0.0400
-4.2227 -2.7522 -0.0400
-1.3429 -3.0560 -0.0400
-1.2986 -3.0863 -0.0400
-1.2754 -3.1213 -0.0400
-1.2618 -3.1588 -0.0400
-1.1482 -3.1639 -0.0400
-1.1167 -3.1932 -0.0400
-1.0956 -3.2255 -0.0400
-0.0640 -4.0010 -0.0400
-0.0289 -4.0040 -0.0400
0.0047 -4.0083 -0.0400
0.0311 -4.0243 -0.0400
0.0552 -4.0442 -0.0400
0.0672 -4.0874 -0.0400
0.0741 -4.1432 -0.0400
-1.1679 -7.9160 -0.0400
-0.2515 -5.8789 -0.0400
-0.1827 -5.8694 -0.0400
2.7804 -7.1453 -0.0400
2.7877 -6.9381 -0.0400
2.8701 -6.9157 -0.0400
3.6300 -2.8740 -0.0400
3.5744 -2.8189 -0.0400
3.5586 -2.7699 -0.0400
3.5851 -2.7252 -0.0400
5.3175 -2.7930 -0.0400
5.3282 -2.7160 -0.0400
6.0492 -1.6625 -0.0400
5.9871 -1.5810 -0.0400
4.4485 2.2695 -0.0400
3.0159 2.5800 -0.0400
1.5670 -0.1128 -0.0400
1.5193 -0.1238 -0.0400
1.1615 -1.4223 -0.0400
1.1356 -1.4493 -0.0400
1.1133 -1.4643 -0.0400
1.0929 -1.4730 -0.0400
1.0733 -1.4791 -0.0400
1.0544 -1.4829 -0.0400
1.0361 -1.4840 -0.0400
1.0182 -1.4832 -0.0400
1.0006 -1.4787 -0.0400
0.9831 -1.4724 -0.0400
0.9656 -1.4637 -0.0400
0.9479 -1.4519 -0.0400
0.9300 -1.4357 -0.0400
0.9116 -1.4114 -0.0400
-0.2105 0.3197 -0.0400
-0.2568 0.2928 -0.0400
-0.3209 0.3075 -0.0400
-0.4071 0.3674 -0.0400
-0.4699 0.3708 -0.0400
-2.8151 2.1609 -0.0400
-3.7338 0.7926 -0.0400
-3.7764 0.7012 -0.0400
-3.8635 0.6398 -0.0400
-3.7857 -0.3780 -0.0400
-3.8182 -0.4620 -0.0400
-3.8906 -0.5295 -0.0400
-4.3135 -2.5647 -0.0400
-4.2279 -2.6535 -0.0400
-4.1536 -2.7399 -0.0400
-4.1571 -2.8288 -0.0400
-1.3526 -3.0513 -0.0400
-1.3022 -3.0800 -0.0400
-1.2773 -3.1144 -0.0400
-1.1941 -3.1308 -0.0400
-1.1492 -3.1566 -0.0400
-1.1174 -3.1856 -0.0400
-1.0972 -3.2180 -0.0400
-1.0843 -3.2528 -0.0400
-1.0782 -3.2904 -0.0400
-1.0806 -3.3319 -0.0400
-0.0857 -4.0121 -0.0400
-0.0384 -3.9963 -0.0400
-0.0076 -4.0050 -0.0400
0.0208 -4.0175 -0.0400
0.0451 -4.0369 -0.0400
0.0590 -4.0763 -0.0400
0.0712 -4.1210 -0.0400
-1.1735 -7.8778 -0.0400
-0.2752 -5.8990 -0.0400
-0.1991 -5.8688 -0.0400
-0.1418 -5.8936 -0.0400
2.7513 -7.1195 -0.0400
2.7734 -6.9479 -0.0400
2.8586 -6.9316 -0.0400
2.9704 -6.9708 -0.0400
2.3527 -4.6694 -0.0400
3.6435 -2.9305 -0.0400
3.5893 -2.8738 -0.0400
3.5602 -2.8222 -0.0400
3.5574 -2.7746 -0.0400
3.5732 -2.7289 -0.0400
3.6237 -2.6851 -0.0400
5.3198 -2.7225 -0.0400
5.9936 -1.6774 -0.0400
5.9811 -1.5878 -0.0400
4.4498 2.2710 -0.0400
3.0112 2.5730 -0.0400
1.6188 -0.0679 -0.0400
1.5539 -0.1348 -0.0400
1.5102 -0.1319 -0.0400
1.1492 -1.4359 -0.0400
1.1249 -1.4566 -0.0400
1.1035 -1.4678 -0.0400
1.0818 -1.4834 -0.0400
1.0630 -1.4858 -0.0400
1.0448 -1.4858 -0.0400
1.0269 -1.4844 -0.0400
1.0092 -1.4815 -0.0400
0.9917 -1.4764 -0.0400
0.9742 -1.4695 -0.0400
0.9574 -1.4484 -0.0400
0.9398 -1.4305 -0.0400
0.9218 -1.4028 -0.0400
-0.1696 0.3464 -0.0400
-0.2135 0.3128 -0.0400
-0.2631 0.2943 -0.0400
-0.3201 0.2929 -0.0400
-0.4200 0.3839 -0.0400
-0.5036 0.4306 -0.0400
-2.7330 2.2264 -0.0400
-2.8418 2.1957 -0.0400
-3.7231 0.7882 -0.0400
-3.7761 0.7043 -0.0400
-3.8643 0.6439 -0.0400
-3.7787 -0.3772 -0.0400
-3.8187 -0.4577 -0.0400
-3.9007 -0.5210 -0.0400
-4.3213 -2.5565 -0.0400
-4.2440 -2.6456 -0.0400
-4.1443 -2.7310 -0.0400
-1.3091 -3.0752 -0.0400
-1.2754 -3.1071 -0.0400
-1.2054 -3.1272 -0.0400
-1.1538 -3.1509 -0.0400
-1.1205 -3.1793 -0.0400
-1.0951 -3.2097 -0.0400
-1.0866 -3.2460 -0.0400
-1.0818 -3.2838 -0.0400
-1.0852 -3.3255 -0.0400
-1.0420 -3.3475 -0.0400
-1.0237 -3.3797 -0.0400
-1.0112 -3.4146 -0.0400
-0.0886 -3.9950 -0.0400
-0.0526 -3.9965 -0.0400
-0.0169 -3.9973 -0.0400
0.0109 -4.0105 -0.0400
0.0345 -4.0310 -0.0400
0.0567 -4.0545 -0.0400
0.0621 -4.1116 -0.0400
-1.1892 -7.8663 -0.0400
-0.2128 -5.8606 -0.0400
2.6873 -7.0069 -0.0400
2.7585 -6.9571 -0.0400
2.8449 -6.9432 -0.0400
2.3473 -4.6847 -0.0400
2.3684 -4.6345 -0.0400
2.4059 -4.6085 -0.0400
2.4398 -4.5779 -0.0400
3.6800 -2.9425 -0.0400
3.6217 -2.8842 -0.0400
3.5694 -2.8290 -0.0400
3.5622 -2.7806 -0.0400
3.5923 -2.7358 -0.0400
5.3148 -2.8076 -0.0400
5.3377 -2.7309 -0.0400
5.9947 -1.6837 -0.0400
6.0265 -1.5860 -0.0400
4.5365 2.2117 -0.0400
3.0130 2.5813 -0.0400
1.5927 -0.1324 -0.0400
1.5467 -0.1363 -0.0400
1.1636 -1.4225 -0.0400
1.1371 -1.4488 -0.0400
1.1116 -1.4757 -0.0400
1.0917 -1.4812 -0.0400
1.0725 -1.4847 -0.0400
1.0539 -1.4858 -0.0400
1.0358 -1.4852 -0.0400
1.0182 -1.4817 -0.0400
1.0007 -1.4758 -0.0400
0.9834 -1.4678 -0.0400
0.9661 -1.4574 -0.0400
0.9486 -1.4432 -0.0400
0.9310 -1.4237 -0.0400
0.9131 -1.3910 -0.0400
-0.1371 0.3974 -0.0400
-0.1727 0.3387 -0.0400
-0.2181 0.3095 -0.0400
-0.2703 0.2975 -0.0400
-0.3681 0.3906 -0.0400
-0.4344 0.4035 -0.0400
-2.7313 2.2247 -0.0400
-2.8326 2.1850 -0.0400
-3.7072 0.9022 -0.0400
-3.7108 0.7820 -0.0400
-3.7860 0.7138 -0.0400
-3.8926 0.6656 -0.0400
-3.8074 -0.2608 -0.0400
-3.7862 -0.3704 -0.0400
-3.8274 -0.4504 -0.0400
-3.9549 -0.4948 -0.0400
-4.3143 -2.5488 -0.0400
-4.2235 -2.6373 -0.0400
-4.1455 -2.7232 -0.0400
-4.1746 -2.8133 -0.0400
-1.3306 -3.0336 -0.0400
-1.2951 -3.0655 -0.0400
-1.2766 -3.1011 -0.0400
-1.2297 -3.1280 -0.0400
-1.1614 -3.1468 -0.0400
-1.1139 -3.1704 -0.0400
-1.0970 -3.2034 -0.0400
-1.0877 -3.2392 -0.0400
-1.0825 -3.2767 -0.0400
-1.0683 -3.3108 -0.0400
-1.0442 -3.3406 -0.0400
-1.0264 -3.3728 -0.0400
-1.0150 -3.4080 -0.0400
-1.0353 -3.4593 -0.0400
-3.0775 -4.5701 -0.0400
-0.0277 -3.9928 -0.0400
0.0010 -4.0041 -0.0400
0.0263 -4.0214 -0.0400
0.0449 -4.0512 -0.0400
0.0638 -4.0818 -0.0400
-1.3202 -7.8717 -0.0400
-1.2063 -7.8591 -0.0400
-0.2935 -5.8572 -0.0400
-0.2267 -5.8535 -0.0400
-0.1912 -5.9476 -0.0400
2.6600 -7.2243 -0.0400
2.6772 -7.0290 -0.0400
2.7432 -6.9656 -0.0400
2.8276 -6.9471 -0.0400
2.3305 -4.6836 -0.0400
2.3603 -4.6458 -0.0400
2.3950 -4.6157 -0.0400
2.4294 -4.5856 -0.0400
1.5085 -3.3244 -0.0400
1.5143 -3.3025 -0.0400
1.5196 -3.2807 -0.0400
3.6251 -2.9405 -0.0400
3.5735 -2.8839 -0.0400
3.5554 -2.8335 -0.0400
3.5591 -2.7862 -0.0400
3.5799 -2.7405 -0.0400
5.3232 -2.8165 -0.0400
5.4241 -2.7436 -0.0400
6.0778 -1.7707 -0.0400
5.9969 -1.6903 -0.0400
6.0023 -1.5971 -0.0400
4.5298 2.2013 -0.0400
1.6328 -0.1287 -0.0400
1.5841 -0.1391 -0.0400
1.1779 -1.4125 -0.0400
1.1490 -1.4447 -0.0400
1.1220 -1.4742 -0.0400
1.1017 -1.4800 -0.0400
1.0822 -1.4838 -0.0400
1.0633 -1.4856 -0.0400
1.0448 -1.4868 -0.0400
1.0270 -1.4837 -0.0400
1.0096 -1.4787 -0.0400
0.9922 -1.4721 -0.0400
0.9748 -1.4633 -0.0400
0.9587 -1.4380 -0.0400
0.9414 -1.4157 -0.0400
0.9245 -1.3735 -0.0400
-0.1401 0.3887 -0.0400
-0.1773 0.3347 -0.0400
-0.2233 0.3072 -0.0400
-0.2962 0.3461 -0.0400
-0.3763 0.3959 -0.0400
-0.4514 0.4284 -0.0400
-2.7339 2.2280 -0.0400
-3.6853 0.8879 -0.0400
-3.7074 0.7815 -0.0400
-3.7843 0.7149 -0.0400
-3.7520 -0.2846 -0.0400
-3.7719 -0.3742 -0.0400
-3.8585 -0.4339 -0.0400
-4.2307 -2.5410 -0.0400
-4.1730 -2.6288 -0.0400
-4.1464 -2.7160 -0.0400
-1.3512 -3.0332 -0.0400
-1.3017 -3.0617 -0.0400
-1.2782 -3.0959 -0.0400
-1.1857 -3.1092 -0.0400
-1.1440 -3.1354 -0.0400
-1.1166 -3.1652 -0.0400
-1.0992 -3.1979 -0.0400
-1.0876 -3.2326 -0.0400
-1.0993 -3.2765 -0.0400
-1.0730 -3.3057 -0.0400
-1.0469 -3.3344 -0.0400
-1.0284 -3.3662 -0.0400
-1.0296 -3.4072 -0.0400
-1.0392 -3.4532 -0.0400
-3.0991 -4.5690 -0.0400
0.0377 -4.0401 -0.0400
0.0485 -4.0859 -0.0400
-1.2268 -7.8613 -0.0400
-0.3074 -5.8511 -0.0400
-0.2409 -5.8480 -0.0400
-0.1948 -5.9074 -0.0400
2.5957 -7.0880 -0.0400
2.6584 -7.0135 -0.0400
2.7609 -7.0383 -0.0400
2.3034 -4.7431 -0.0400
2.3157 -4.6775 -0.0400
2.3528 -4.6507 -0.0400
2.3883 -4.6217 -0.0400
2.4365 -4.6098 -0.0400
1.4956 -3.3194 -0.0400
1.5046 -3.3017 -0.0400
1.5139 -3.2847 -0.0400
1.5273 -3.2730 -0.0400
1.5441 -3.2650 -0.0400
3.6280 -2.9956 -0.0400
3.5810 -2.9383 -0.0400
3.5572 -2.8862 -0.0400
3.5663 -2.8393 -0.0400
3.6087 -2.7959 -0.0400
5.3124 -2.8999 -0.0400
5.3559 -2.8247 -0.0400
6.0388 -1.8735 -0.0400
6.0203 -1.7839 -0.0400
4.6143 2.1385 -0.0400
3.1843 2.4961 -0.0400
1.6751 -0.1278 -0.0400
1.2115 -1.4200 -0.0400
1.1814 -1.4508 -0.0400
1.1532 -1.4794 -0.0400
1.1326 -1.4846 -0.0400
1.1128 -1.4879 -0.0400
1.0937 -1.4895 -0.0400
1.0748 -1.4910 -0.0400
1.0570 -1.4880 -0.0400
1.0395 -1.4833 -0.0400
1.0221 -1.4772 -0.0400
1.0060 -1.4615 -0.0400
0.9891 -1.4480 -0.0400
0.9723 -1.4301 -0.0400
0.9556 -1.4039 -0.0400
-0.0934 0.4054 -0.0400
-0.1279 0.3417 -0.0400
-0.1826 0.3378 -0.0400
-0.2543 0.3763 -0.0400
-0.3302 0.4192 -0.0400
-2.5687 2.3543 -0.0400
-2.6485 2.2872 -0.0400
-3.5962 0.9455 -0.0400
-3.6467 0.8602 -0.0400
-3.7437 0.8086 -0.0400
-3.7030 -0.2075 -0.0400
-3.7288 -0.2943 -0.0400
-3.8124 -0.3540 -0.0400
-4.3192 -2.3559 -0.0400
-4.2516 -2.4473 -0.0400
-4.2189 -2.5366 -0.0400
-4.1397 -2.6236 -0.0400
-1.3283 -2.9842 -0.0400
-1.2984 -3.0174 -0.0400
-1.2834 -3.0537 -0.0400
-1.2129 -3.0744 -0.0400
-1.1613 -3.0985 -0.0400
-1.1212 -3.1246 -0.0400
-1.1069 -3.1582 -0.0400
-1.1022 -3.1951 -0.0400
-1.1046 -3.2348 -0.0400
-1.0896 -3.2684 -0.0400
-1.0611 -3.2964 -0.0400
-1.0435 -3.3284 -0.0400
-1.0404 -3.3670 -0.0400
-1.0502 -3.4122 -0.0400
-3.1355 -4.4919 -0.0400
-1.4483 -7.8358 -0.0400
-1.3250 -7.8036 -0.0400
-0.3898 -5.8660 -0.0400
-0.3082 -5.8233 -0.0400
-0.2750 -5.9188 -0.0400
2.6225 -7.2273 -0.0400
2.6407 -7.0334 -0.0400
2.7123 -6.9834 -0.0400
2.8052 -6.9840 -0.0400
2.3293 -4.7310 -0.0400
2.3382 -4.6615 -0.0400
2.3754 -4.6346 -0.0400
2.4091 -4.6031 -0.0400
2.4645 -4.5999 -0.0400
1.5088 -3.3303 -0.0400
1.5070 -3.2991 -0.0400
1.5175 -3.2835 -0.0400
1.5292 -3.2697 -0.0400
1.5439 -3.2591 -0.0400
1.5651 -3.2553 -0.0400
1.5865 -3.2511 -0.0400
3.6349 -2.9573 -0.0400
3.5894 -2.9008 -0.0400
3.5524 -2.8472 -0.0400
3.5643 -2.8005 -0.0400
3.5964 -2.7554 -0.0400
5.3140 -2.8341 -0.0400
6.0672 -1.7885 -0.0400
6.0003 -1.7056 -0.0400
4.5417 2.2113 -0.0400
3.0977 2.5406 -0.0400
1.6674 -0.1270 -0.0400
1.6164 -0.1418 -0.0400
1.1692 -1.4544 -0.0400
1.1456 -1.4670 -0.0400
1.1241 -1.4742 -0.0400
1.1018 -1.4865 -0.0400
1.0827 -1.4879 -0.0400
1.0637 -1.4896 -0.0400
1.0457 -1.4868 -0.0400
1.0281 -1.4826 -0.0400
1.0106 -1.4770 -0.0400
0.9941 -1.4633 -0.0400
0.9770 -1.4517 -0.0400
0.9600 -1.4367 -0.0400
0.9429 -1.4161 -0.0400
-0.1038 0.4117 -0.0400
-0.1392 0.3499 -0.0400
-0.1854 0.3222 -0.0400
-0.2395 0.3164 -0.0400
-0.3116 0.3533 -0.0400
-2.6487 2.2860 -0.0400
-2.7492 2.2467 -0.0400
-3.6592 0.8706 -0.0400
-3.7066 0.7834 -0.0400
-3.8074 0.7337 -0.0400
-3.7923 -0.1605 -0.0400
-3.7332 -0.2900 -0.0400
-3.7684 -0.3718 -0.0400
-3.8730 -0.4230 -0.0400
-4.3087 -2.4389 -0.0400
-4.2205 -2.5287 -0.0400
-4.1487 -2.6158 -0.0400
-4.1585 -2.7038 -0.0400
-1.3416 -3.0221 -0.0400
-1.2879 -3.0490 -0.0400
-1.2801 -3.0869 -0.0400
-1.1780 -3.0972 -0.0400
-1.1407 -3.1243 -0.0400
-1.1166 -3.1547 -0.0400
-1.0999 -3.1873 -0.0400
-1.0919 -3.2228 -0.0400
-1.1043 -3.2665 -0.0400
-1.0696 -3.2920 -0.0400
-1.0473 -3.3218 -0.0400
-1.0333 -3.3552 -0.0400
-1.0267 -3.3920 -0.0400
-1.0324 -3.4354 -0.0400
-0.3376 -5.8477 -0.0400
-0.2695 -5.8399 -0.0400
2.5621 -7.1007 -0.0400
2.6280 -7.0336 -0.0400
2.2653 -4.7352 -0.0400
2.2944 -4.6954 -0.0400
2.3312 -4.6677 -0.0400
2.3661 -4.6375 -0.0400
2.4226 -4.6366 -0.0400
1.4968 -3.3574 -0.0400
1.4972 -3.3277 -0.0400
1.5001 -3.3023 -0.0400
1.5119 -3.2883 -0.0400
1.5265 -3.2776 -0.0400
1.5431 -3.2689 -0.0400
1.5712 -3.2720 -0.0400
3.6261 -3.0116 -0.0400
3.5516 -2.9492 -0.0400
3.5492 -2.9003 -0.0400
3.5608 -2.8535 -0.0400
3.5903 -2.8085 -0.0400
5.3223 -2.9202 -0.0400
6.0340 -1.8913 -0.0400
6.0288 -1.7997 -0.0400
4.7055 2.0778 -0.0400
3.2789 2.4713 -0.0400
3.1839 2.4971 -0.0400
1.7018 -0.1511 -0.0400
1.2050 -1.4531 -0.0400
1.1798 -1.4676 -0.0400
1.1544 -1.4853 -0.0400
1.1341 -1.4882 -0.0400
1.1132 -1.4945 -0.0400
1.0947 -1.4930 -0.0400
1.0765 -1.4906 -0.0400
1.0587 -1.4866 -0.0400
1.0413 -1.4806 -0.0400
1.0251 -1.4674 -0.0400
1.0082 -1.4563 -0.0400
0.9914 -1.4421 -0.0400
0.9748 -1.4238 -0.0400
-0.0633 0.4488 -0.0400
-0.0897 0.3555 -0.0400
-0.1430 0.3483 -0.0400
-0.2104 0.3790 -0.0400
-0.2888 0.4333 -0.0400
-0.3753 0.5000 -0.0400
-2.4866 2.4154 -0.0400
-2.5656 2.3471 -0.0400
-3.5589 1.0430 -0.0400
-3.5849 0.9380 -0.0400
-3.6507 0.8646 -0.0400
-3.7935 0.8466 -0.0400
-3.7140 -0.0983 -0.0400
-3.6893 -0.2118 -0.0400
-3.7388 -0.2866 -0.0400
-4.2983 -2.3455 -0.0400
-4.2172 -2.4366 -0.0400
-4.1552 -2.5249 -0.0400
-1.3228 -2.9754 -0.0400
-1.2962 -3.0090 -0.0400
-1.2833 -3.0454 -0.0400
-1.2030 -3.0632 -0.0400
-1.1370 -3.0826 -0.0400
-1.1210 -3.1154 -0.0400
-1.1093 -3.1494 -0.0400
-1.1053 -3.1861 -0.0400
-1.1113 -3.2268 -0.0400
-1.0859 -3.2559 -0.0400
-1.0607 -3.2848 -0.0400
-1.0503 -3.3194 -0.0400
-1.0524 -3.3599 -0.0400
-1.0787 -3.4125 -0.0400
-0.4064 -5.8272 -0.0400
-0.3352 -5.8123 -0.0400
-0.2962 -5.8890 -0.0400
2.6068 -7.0287 -0.0400
2.7009 -7.0340 -0.0400
2.2602 -4.7537 -0.0400
2.2850 -4.7068 -0.0400
2.3195 -4.6754 -0.0400
2.3558 -4.6470 -0.0400
2.4072 -4.6392 -0.0400
1.4947 -3.3428 -0.0400
1.4934 -3.3120 -0.0400
1.5044 -3.2967 -0.0400
1.5171 -3.2837 -0.0400
1.5343 -3.2756 -0.0400
1.5529 -3.2688 -0.0400
1.5988 -3.2893 -0.0400
3.5479 -2.9573 -0.0400
3.5484 -2.9086 -0.0400
3.5610 -2.8618 -0.0400
5.3012 -3.0079 -0.0400
5.3209 -2.9306 -0.0400
6.0612 -1.8976 -0.0400
6.0703 -1.8034 -0.0400
3.2714 2.4553 -0.0400
1.2284 -1.4255 -0.0400
1.1913 -1.4706 -0.0400
1.1690 -1.4770 -0.0400
1.1454 -1.4892 -0.0400
1.1241 -1.4957 -0.0400
1.1054 -1.4942 -0.0400
1.0867 -1.4931 -0.0400
1.0688 -1.4891 -0.0400
1.0517 -1.4816 -0.0400
1.0345 -1.4738 -0.0400
1.0174 -1.4646 -0.0400
1.0021 -1.4431 -0.0400
0.9855 -1.4256 -0.0400
-0.0507 0.3870 -0.0400
-0.0958 0.3543 -0.0400
-0.1477 0.3432 -0.0400
-0.2116 0.3646 -0.0400
-0.3156 0.4867 -0.0400
-2.4842 2.4098 -0.0400
-2.5697 2.3510 -0.0400
-3.5379 1.0258 -0.0400
-3.5853 0.9381 -0.0400
-3.6727 0.8811 -0.0400
-3.6704 -0.1208 -0.0400
-3.6845 -0.2137 -0.0400
-3.7483 -0.2812 -0.0400
-4.2963 -2.3409 -0.0400
-4.1629 -2.4327 -0.0400
-4.1373 -2.5201 -0.0400
-1.3443 -2.9375 -0.0400
-1.3093 -2.9697 -0.0400
-1.2923 -3.0050 -0.0400
-1.2462 -3.0328 -0.0400
-1.1791 -3.0534 -0.0400
-1.1446 -3.0813 -0.0400
-1.1233 -3.1124 -0.0400
-1.1079 -3.1450 -0.0400
-1.1152 -3.1854 -0.0400
-1.1095 -3.2217 -0.0400
-1.0787 -3.2486 -0.0400
-1.0581 -3.2789 -0.0400
-1.0470 -3.3130 -0.0400
-1.0453 -3.3514 -0.0400
-1.0583 -3.3973 -0.0400
2.2643 -4.7869 -0.0400
2.2705 -4.7107 -0.0400
2.3103 -4.6872 -0.0400
2.3435 -4.6542 -0.0400
2.3893 -4.6389 -0.0400
1.4818 -3.3454 -0.0400
1.4878 -3.3233 -0.0400
1.4974 -3.3062 -0.0400
1.5091 -3.2918 -0.0400
1.5247 -3.2819 -0.0400
1.5426 -3.2742 -0.0400
1.5639 -3.2697 -0.0400
4.2821 -5.0774 -0.0400
5.2998 -3.0190 -0.0400
5.3242 -2.9420 -0.0400
6.0985 -1.9968 -0.0400
6.0334 -1.9109 -0.0400
6.0453 -1.8167 -0.0400
3.2714 2.4539 -0.0400
1.7336 -0.1644 -0.0400
1.2062 -1.4664 -0.0400
1.1828 -1.4742 -0.0400
1.1584 -1.4869 -0.0400
1.1363 -1.4941 -0.0400
1.1162 -1.4967 -0.0400
1.0978 -1.4939 -0.0400
1.0794 -1.4913 -0.0400
1.0621 -1.4843 -0.0400
1.0448 -1.4773 -0.0400
1.0287 -1.4632 -0.0400
1.0118 -1.4516 -0.0400
0.9973 -1.4229 -0.0400
0.9816 -1.3971 -0.0400
-0.0079 0.4075 -0.0400
-0.0519 0.3696 -0.0400
-0.1027 0.3553 -0.0400
-0.1629 0.3687 -0.0400
-0.2452 0.4396 -0.0400
-0.3128 0.4628 -0.0400
-2.4852 2.4089 -0.0400
-2.5717 2.3515 -0.0400
-3.5323 1.0206 -0.0400
-3.5853 0.9375 -0.0400
-3.6982 0.9001 -0.0400
-3.6675 -0.1224 -0.0400
-3.6838 -0.2140 -0.0400
-3.7962 -0.2576 -0.0400
-4.3385 -2.2449 -0.0400
-4.2087 -2.3398 -0.0400
-4.1560 -2.4288 -0.0400
-4.1349 -2.5159 -0.0400
-1.3609 -2.9387 -0.0400
-1.3147 -2.9685 -0.0400
-1.2930 -3.0028 -0.0400
-1.2028 -3.0193 -0.0400
-1.1618 -3.0460 -0.0400
-1.1354 -3.0758 -0.0400
-1.1198 -3.1083 -0.0400
-1.1104 -3.1426 -0.0400
-1.1067 -3.1789 -0.0400
-1.1148 -3.2199 -0.0400
-1.0841 -3.2467 -0.0400
-1.0599 -3.2754 -0.0400
-1.0539 -3.3115 -0.0400
-1.0593 -3.3530 -0.0400
-3.1709 -4.3830 -0.0400
-2.2826 -5.4226 -0.0400
-2.2010 -5.4471 -0.0400
-2.1407 -5.4910 -0.0400
2.2371 -4.7712 -0.0400
2.2616 -4.7234 -0.0400
2.2967 -4.6928 -0.0400
2.3327 -4.6638 -0.0400
2.3956 -4.6716 -0.0400
1.4859 -3.3695 -0.0400
1.4851 -3.3385 -0.0400
1.4919 -3.3178 -0.0400
1.5005 -3.2996 -0.0400
1.5149 -3.2883 -0.0400
1.5315 -3.2792 -0.0400
1.5509 -3.2728 -0.0400
4.2510 -5.1683 -0.0400
4.2757 -5.0919 -0.0400
4.3528 -5.0542 -0.0400
6.2412 -1.9940 -0.0400
6.0362 -1.9212 -0.0400
3.2758 2.4604 -0.0400
1.2242 -1.4566 -0.0400
1.1946 -1.4792 -0.0400
1.1704 -1.4897 -0.0400
1.1483 -1.4960 -0.0400
1.1280 -1.4981 -0.0400
1.1094 -1.4953 -0.0400
1.0906 -1.4933 -0.0400
1.0728 -1.4880 -0.0400
1.0558 -1.4792 -0.0400
1.0385 -1.4714 -0.0400
1.0226 -1.4553 -0.0400
1.0079 -1.4307 -0.0400
0.9916 -1.4106 -0.0400
-0.0155 0.4120 -0.0400
-0.0584 0.3696 -0.0400
-0.1078 0.3513 -0.0400
-0.1975 0.4514 -0.0400
-0.2618 0.4681 -0.0400
-2.4855 2.4066 -0.0400
-3.5133 1.1317 -0.0400
-3.5342 1.0212 -0.0400
-3.5993 0.9476 -0.0400
-3.7094 0.9078 -0.0400
-3.6495 -0.0312 -0.0400
-3.6561 -0.1290 -0.0400
-3.6868 -0.2128 -0.0400
-3.7901 -0.2607 -0.0400
-4.2989 -2.2436 -0.0400
-4.2029 -2.3366 -0.0400
-4.1408 -2.4255 -0.0400
-4.1353 -2.5122 -0.0400
-1.3911 -2.9031 -0.0400
-1.3282 -2.9307 -0.0400
-1.3031 -2.9644 -0.0400
-1.2906 -3.0003 -0.0400
-1.2183 -3.0212 -0.0400
-1.1702 -3.0462 -0.0400
-1.1389 -3.0746 -0.0400
-1.1177 -3.1052 -0.0400
-1.1145 -3.1413 -0.0400
-1.1181 -3.1800 -0.0400
-1.1052 -3.2133 -0.0400
-1.0776 -3.2409 -0.0400
-1.0589 -3.2715 -0.0400
-1.0495 -3.3059 -0.0400
-1.0497 -3.3447 -0.0400
-2.2841 -5.4097 -0.0400
-2.2056 -5.4369 -0.0400
-2.1478 -5.4830 -0.0400
-2.1373 -5.5778 -0.0400
2.2475 -4.7284 -0.0400
2.2867 -4.7038 -0.0400
2.3204 -4.6715 -0.0400
2.3671 -4.6572 -0.0400
1.4750 -3.3449 -0.0400
1.4824 -3.3248 -0.0400
1.4929 -3.3088 -0.0400
1.5057 -3.2956 -0.0400
1.5206 -3.2846 -0.0400
1.5461 -3.2845 -0.0400
1.5759 -3.2877 -0.0400
4.2673 -5.1054 -0.0400
4.3303 -5.0574 -0.0400
6.2477 -2.0050 -0.0400
6.0408 -1.9319 -0.0400
3.2832 2.4719 -0.0400
1.7766 -0.1557 -0.0400
1.2131 -1.4690 -0.0400
1.1864 -1.4839 -0.0400
1.1632 -1.4915 -0.0400
1.1406 -1.4993 -0.0400
1.1211 -1.4985 -0.0400
1.1023 -1.4959 -0.0400
1.0844 -1.4908 -0.0400
1.0671 -1.4829 -0.0400
1.0496 -1.4754 -0.0400
1.0333 -1.4622 -0.0400
1.0179 -1.4430 -0.0400
1.0038 -1.4130 -0.0400
0.9883 -1.3860 -0.0400
0.0291 0.4282 -0.0400
-0.0139 0.3839 -0.0400
-0.0631 0.3641 -0.0400
-0.1193 0.3672 -0.0400
-0.2023 0.4469 -0.0400
-0.2645 0.4581 -0.0400
-2.4103 2.4783 -0.0400
-2.4845 2.4021 -0.0400
-3.4835 1.1051 -0.0400
-3.5261 1.0131 -0.0400
-3.6335 0.9732 -0.0400
-3.6637 -0.0242 -0.0400
-3.6438 -0.1365 -0.0400
-3.7107 -0.2013 -0.0400
-4.3213 -2.1495 -0.0400
-4.2843 -2.2415 -0.0400
-4.2076 -2.3336 -0.0400
-4.1278 -2.4228 -0.0400
-4.1483 -2.5091 -0.0400
-1.3319 -2.9305 -0.0400
-1.3043 -2.9636 -0.0400
-1.2416 -2.9878 -0.0400
-1.1854 -3.0117 -0.0400
-1.1529 -3.0401 -0.0400
-1.1321 -3.0709 -0.0400
-1.1176 -3.1033 -0.0400
-1.1113 -3.1381 -0.0400
-1.1103 -3.1750 -0.0400
-1.0937 -3.2066 -0.0400
-1.0729 -3.2364 -0.0400
-1.0605 -3.2692 -0.0400
-1.0560 -3.3055 -0.0400
-1.0652 -3.3482 -0.0400
-3.2098 -4.3853 -0.0400
-2.2926 -5.4040 -0.0400
-2.2122 -5.4293 -0.0400
-2.1662 -5.4869 -0.0400
-2.1511 -5.5771 -0.0400
2.4556 -7.2759 -0.0400
2.4780 -7.0816 -0.0400
2.2404 -4.7443 -0.0400
2.2729 -4.7096 -0.0400
2.3106 -4.6829 -0.0400
2.3669 -4.6816 -0.0400
1.4785 -3.3684 -0.0400
1.4798 -3.3404 -0.0400
1.4871 -3.3204 -0.0400
1.4971 -3.3039 -0.0400
1.5127 -3.2935 -0.0400
1.5311 -3.2860 -0.0400
1.5541 -3.2826 -0.0400
4.2568 -5.2135 -0.0400
4.2626 -5.1220 -0.0400
4.3423 -5.0859 -0.0400
6.0464 -2.0359 -0.0400
6.0407 -1.9436 -0.0400
6.0913 -1.8439 -0.0400
3.3761 2.4344 -0.0400
1.2339 -1.4564 -0.0400
1.2019 -1.4826 -0.0400
1.1770 -1.4931 -0.0400
1.1547 -1.4983 -0.0400
1.1343 -1.4993 -0.0400
1.1150 -1.4977 -0.0400
1.0964 -1.4941 -0.0400
1.0789 -1.4868 -0.0400
1.0619 -1.4774 -0.0400
1.0454 -1.4648 -0.0400
1.0297 -1.4475 -0.0400
1.0151 -1.4226 -0.0400
0.9988 -1.4025 -0.0400
0.0233 0.4268 -0.0400
-0.0197 0.3825 -0.0400
-0.0687 0.3620 -0.0400
-0.1552 0.4604 -0.0400
-0.2159 0.4689 -0.0400
-2.3982 2.4562 -0.0400
-2.5130 2.4420 -0.0400
-3.4581 1.2116 -0.0400
-3.4727 1.0941 -0.0400
-3.5268 1.0119 -0.0400
-3.6089 0.9523 -0.0400
-3.6393 -0.0393 -0.0400
-3.6442 -0.1376 -0.0400
-3.7485 -0.1830 -0.0400
-4.3257 -2.1469 -0.0400
-4.2080 -2.2435 -0.0400
-4.1942 -2.3317 -0.0400
-4.1289 -2.4204 -0.0400
-1.3110 -2.9262 -0.0400
-1.2965 -2.9614 -0.0400
-1.2538 -2.9900 -0.0400
-1.1882 -3.0116 -0.0400
-1.1551 -3.0398 -0.0400
-1.1270 -3.0684 -0.0400
-1.1189 -3.1024 -0.0400
-1.1157 -3.1381 -0.0400
-1.1233 -3.1778 -0.0400
-1.0980 -3.2063 -0.0400
-1.0745 -3.2349 -0.0400
-1.0591 -3.2664 -0.0400
-1.0679 -3.3080 -0.0400
-1.0940 -3.3581 -0.0400
-2.3085 -5.4061 -0.0400
-2.2118 -5.4157 -0.0400
-2.1707 -5.4777 -0.0400
-2.1547 -5.5665 -0.0400
2.4483 -7.3106 -0.0400
2.4720 -7.1173 -0.0400
2.5479 -7.0764 -0.0400
2.3395 -4.6688 -0.0400
1.4695 -3.3767 -0.0400
1.4708 -3.3485 -0.0400
1.4782 -3.3285 -0.0400
1.4889 -3.3127 -0.0400
1.5021 -3.2998 -0.0400
1.5178 -3.2895 -0.0400
1.5478 -3.2933 -0.0400
4.2494 -5.2286 -0.0400
4.2535 -5.1356 -0.0400
4.3537 -5.1143 -0.0400
6.0443 -2.0485 -0.0400
6.0453 -1.9554 -0.0400
3.3740 2.4247 -0.0400
1.2606 -1.4343 -0.0400
1.2183 -1.4814 -0.0400
1.1951 -1.4860 -0.0400
1.1703 -1.4960 -0.0400
1.1483 -1.5003 -0.0400
1.1283 -1.4998 -0.0400
1.1093 -1.4969 -0.0400
1.0912 -1.4911 -0.0400
1.0738 -1.4830 -0.0400
1.0569 -1.4724 -0.0400
1.0404 -1.4594 -0.0400
1.0264 -1.4335 -0.0400
1.0126 -1.4030 -0.0400
0.0189 0.4208 -0.0400
-0.0237 0.3751 -0.0400
-0.0793 0.3770 -0.0400
-0.1605 0.4580 -0.0400
-0.2206 0.4649 -0.0400
-2.4014 2.4579 -0.0400
-2.4986 2.4170 -0.0400
-3.4455 1.1983 -0.0400
-3.4697 1.0894 -0.0400
-3.5301 1.0125 -0.0400
-3.6067 -0.0594 -0.0400
-3.6458 -0.1384 -0.0400
-4.2932 -2.1476 -0.0400
-4.1974 -2.2423 -0.0400
-4.1917 -2.3299 -0.0400
-4.1251 -2.4186 -0.0400
-1.3318 -2.8922 -0.0400
-1.3083 -2.9259 -0.0400
-1.2951 -2.9612 -0.0400
-1.2464 -2.9883 -0.0400
-1.1632 -3.0054 -0.0400
-1.1403 -3.0356 -0.0400
-1.1262 -3.0678 -0.0400
-1.1166 -3.1011 -0.0400
-1.1132 -3.1365 -0.0400
-1.1136 -3.1734 -0.0400
-1.0881 -3.2014 -0.0400
-1.0703 -3.2319 -0.0400
-1.0609 -3.2655 -0.0400
-1.0603 -3.3029 -0.0400
-1.0741 -3.3471 -0.0400
-2.3909 -5.3688 -0.0400
-2.2824 -5.3698 -0.0400
-2.2178 -5.4092 -0.0400
-2.1728 -5.4670 -0.0400
-2.1508 -5.5490 -0.0400
-0.2043 -3.9306 -0.0400
-0.1641 -3.9248 -0.0400
-0.1310 -3.9281 -0.0400
2.3968 -7.2166 -0.0400
2.4435 -7.0916 -0.0400
2.5241 -7.0644 -0.0400
2.6253 -7.0877 -0.0400
1.4764 -3.3742 -0.0400
1.4764 -3.3451 -0.0400
1.4801 -3.3211 -0.0400
1.4934 -3.3082 -0.0400
1.5093 -3.2981 -0.0400
1.5286 -3.2911 -0.0400
1.5539 -3.2896 -0.0400
4.2449 -5.1498 -0.0400
4.3423 -5.1266 -0.0400
3.4722 2.3936 -0.0400
3.3746 2.4192 -0.0400
1.2443 -1.4610 -0.0400
1.2097 -1.4905 -0.0400
1.1872 -1.4935 -0.0400
1.1633 -1.5012 -0.0400
1.1423 -1.5026 -0.0400
1.1233 -1.4988 -0.0400
1.1045 -1.4948 -0.0400
1.0867 -1.4875 -0.0400
1.0697 -1.4773 -0.0400
1.0533 -1.4638 -0.0400
1.0377 -1.4460 -0.0400
1.0229 -1.4223 -0.0400
1.0103 -1.3849 -0.0400
0.0213 0.3893 -0.0400
-0.0295 0.3745 -0.0400
-0.0859 0.3792 -0.0400
-0.1661 0.4572 -0.0400
-2.3210 2.5214 -0.0400
-2.4046 2.4596 -0.0400
-3.4458 1.1961 -0.0400
-3.4702 1.0874 -0.0400
-3.5712 1.0441 -0.0400
-3.6208 0.0489 -0.0400
-3.6030 -0.0636 -0.0400
-3.6631 -0.1311 -0.0400
-3.7843 -0.1676 -0.0400
-4.2712 -2.1481 -0.0400
-4.1854 -2.2418 -0.0400
-4.1447 -2.3305 -0.0400
-4.1302 -2.4170 -0.0400
-1.3225 -2.8915 -0.0400
-1.3041 -2.9259 -0.0400
-1.2936 -2.9615 -0.0400
-1.1890 -2.9759 -0.0400
-1.1595 -3.0049 -0.0400
-1.1383 -3.0354 -0.0400
-1.1245 -3.0674 -0.0400
-1.1218 -3.1026 -0.0400
-1.1260 -3.1402 -0.0400
-1.1151 -3.1734 -0.0400
-1.0884 -3.2009 -0.0400
-1.0696 -3.2308 -0.0400
-1.0682 -3.2673 -0.0400
-1.0778 -3.3089 -0.0400
-3.2158 -4.2852 -0.0400
-2.2990 -5.3739 -0.0400
-2.2247 -5.4042 -0.0400
-2.1965 -5.4785 -0.0400
-0.2094 -3.9264 -0.0400
-0.1688 -3.9197 -0.0400
-0.1359 -3.9229 -0.0400
-0.1047 -3.9279 -0.0400
-0.0804 -3.9434 -0.0400
-0.0579 -3.9620 -0.0400
2.4077 -7.3037 -0.0400
2.4339 -7.1172 -0.0400
2.5147 -7.0896 -0.0400
1.4748 -3.3335 -0.0400
1.4850 -3.3171 -0.0400
1.4980 -3.3039 -0.0400
1.5199 -3.2996 -0.0400
1.5457 -3.2985 -0.0400
4.1982 -5.2312 -0.0400
4.2335 -5.1622 -0.0400
4.3111 -5.1246 -0.0400
1.2376 -1.4670 -0.0400
1.2042 -1.4936 -0.0400
1.1817 -1.4961 -0.0400
1.1581 -1.5027 -0.0400
1.1375 -1.5027 -0.0400
1.1187 -1.4980 -0.0400
1.1004 -1.4917 -0.0400
1.0833 -1.4819 -0.0400
1.0657 -1.4727 -0.0400
1.0499 -1.4566 -0.0400
1.0350 -1.4346 -0.0400
1.0221 -1.4013 -0.0400
0.0653 0.4093 -0.0400
0.0168 0.3847 -0.0400
-0.0358 0.3768 -0.0400
-0.0943 0.3881 -0.0400
-0.1812 0.4872 -0.0400
-2.3339 2.5393 -0.0400
-2.4031 2.4538 -0.0400
-3.4087 1.1606 -0.0400
-3.4703 1.0849 -0.0400
-3.5713 1.0417 -0.0400
-3.5893 0.0278 -0.0400
-3.6054 -0.0647 -0.0400
-3.6960 -0.1155 -0.0400
-4.2674 -2.1476 -0.0400
-4.1812 -2.2413 -0.0400
-4.1138 -2.3310 -0.0400
-4.1722 -2.4150 -0.0400
-1.3691 -2.8626 -0.0400
-1.3289 -2.8941 -0.0400
-1.2993 -2.9264 -0.0400
-1.2931 -2.9626 -0.0400
-1.1781 -2.9746 -0.0400
-1.1525 -3.0043 -0.0400
-1.1353 -3.0354 -0.0400
-1.1239 -3.0679 -0.0400
-1.1209 -3.1028 -0.0400
-1.1256 -3.1404 -0.0400
-1.1129 -3.1727 -0.0400
-1.0805 -3.1980 -0.0400
-1.0701 -3.2307 -0.0400
-1.0658 -3.2659 -0.0400
-1.0715 -3.3056 -0.0400
-1.1081 -3.3595 -0.0400
-2.3744 -5.3331 -0.0400
-2.2851 -5.3507 -0.0400
-2.2272 -5.3959 -0.0400
-2.1903 -5.4610 -0.0400
-2.1901 -5.5649 -0.0400
-0.2176 -3.9275 -0.0400
-0.1749 -3.9177 -0.0400
-0.1360 -3.9115 -0.0400
-0.1098 -3.9237 -0.0400
-0.0857 -3.9392 -0.0400
-0.0636 -3.9582 -0.0400
-0.0523 -3.9967 -0.0400
-0.0414 -4.0380 -0.0400
2.3411 -7.1637 -0.0400
2.4074 -7.0957 -0.0400
2.4921 -7.0799 -0.0400
2.5989 -7.1181 -0.0400
2.1881 -4.8315 -0.0400
1.5048 -3.3018 -0.0400
1.5239 -3.2945 -0.0400
1.5496 -3.2928 -0.0400
4.2084 -5.2609 -0.0400
4.2241 -5.1763 -0.0400
1.2555 -1.4699 -0.0400
1.2258 -1.4857 -0.0400
1.1966 -1.5026 -0.0400
1.1750 -1.5032 -0.0400
1.1544 -1.5018 -0.0400
1.1337 -1.5013 -0.0400
1.1149 -1.4962 -0.0400
1.0969 -1.4886 -0.0400
1.0803 -1.4762 -0.0400
1.0630 -1.4656 -0.0400
1.0482 -1.4445 -0.0400
1.0352 -1.4135 -0.0400
1.0205 -1.3862 -0.0400
0.0969 0.4901 -0.0400
0.0585 0.4159 -0.0400
0.0116 0.3841 -0.0400
-0.0433 0.3841 -0.0400
-0.1269 0.4809 -0.0400
-0.1914 0.5024 -0.0400
-2.2647 2.6240 -0.0400
-2.3165 2.5074 -0.0400
-2.4232 2.4824 -0.0400
-3.4166 1.2977 -0.0400
-3.4141 1.1626 -0.0400
-3.4700 1.0818 -0.0400
-3.5643 1.0334 -0.0400
-3.5786 0.0188 -0.0400
-3.6207 -0.0587 -0.0400
-4.2719 -2.0582 -0.0400
-4.1935 -2.1532 -0.0400
-4.1686 -2.2418 -0.0400
-4.1098 -2.3309 -0.0400
-1.3342 -2.8595 -0.0400
-1.3123 -2.8933 -0.0400
-1.2973 -2.9279 -0.0400
-1.2226 -2.9500 -0.0400
-1.1846 -2.9778 -0.0400
-1.1439 -3.0038 -0.0400
-1.1311 -3.0358 -0.0400
-1.1242 -3.0693 -0.0400
-1.1215 -3.1041 -0.0400
-1.1281 -3.1421 -0.0400
-1.0953 -3.1676 -0.0400
-1.0783 -3.1978 -0.0400
-1.0689 -3.2306 -0.0400
-1.0648 -3.2656 -0.0400
-1.1143 -3.3232 -0.0400
-2.2816 -5.3380 -0.0400
-2.2367 -5.3949 -0.0400
-2.2172 -5.4771 -0.0400
-0.2302 -3.9356 -0.0400
-0.1710 -3.9019 -0.0400
-0.1411 -3.9087 -0.0400
-0.1145 -3.9200 -0.0400
-0.0903 -3.9349 -0.0400
-0.0735 -3.9624 -0.0400
-0.0575 -3.9924 -0.0400
-0.0477 -4.0353 -0.0400
-1.6805 -7.6855 -0.0400
-1.5740 -7.6917 -0.0400
2.2962 -7.3610 -0.0400
2.3259 -7.1733 -0.0400
2.3904 -7.0998 -0.0400
2.4725 -7.0777 -0.0400
2.1889 -4.7727 -0.0400
2.2244 -4.7425 -0.0400
2.2613 -4.7147 -0.0400
4.1306 -5.3113 -0.0400
4.1739 -5.2482 -0.0400
3.5611 2.3273 -0.0400
1.2667 -1.4908 -0.0400
1.2397 -1.4998 -0.0400
1.2158 -1.5037 -0.0400
1.1907 -1.5115 -0.0400
1.1707 -1.5081 -0.0400
1.1508 -1.5050 -0.0400
1.1326 -1.4976 -0.0400
1.1146 -1.4895 -0.0400
1.0985 -1.4752 -0.0400
1.0816 -1.4628 -0.0400
1.0681 -1.4374 -0.0400
1.0586 -1.3939 -0.0400
0.1589 0.4412 -0.0400
0.1105 0.4124 -0.0400
0.0575 0.4059 -0.0400
-0.0012 0.4213 -0.0400
-0.0749 0.4876 -0.0400
-2.2301 2.5626 -0.0400
-3.2900 1.3121 -0.0400
-3.3397 1.2248 -0.0400
-3.4261 1.1712 -0.0400
-3.5154 0.0813 -0.0400
-3.5835 0.0197 -0.0400
-4.2645 -1.9703 -0.0400
-4.1816 -2.0672 -0.0400
-4.1399 -2.1576 -0.0400
-4.1135 -2.2453 -0.0400
-1.3285 -2.8233 -0.0400
-1.3109 -2.8578 -0.0400
-1.2989 -2.8928 -0.0400
-1.1940 -2.9104 -0.0400
-1.1689 -2.9407 -0.0400
-1.1429 -2.9700 -0.0400
-1.1324 -3.0024 -0.0400
-1.1257 -3.0357 -0.0400
-1.1343 -3.0732 -0.0400
-1.1349 -3.1091 -0.0400
-1.0986 -3.1337 -0.0400
-1.0850 -3.1649 -0.0400
-1.0766 -3.1979 -0.0400
-1.0952 -3.2410 -0.0400
-1.1330 -3.2929 -0.0400
-2.4152 -5.2569 -0.0400
-2.3342 -5.2825 -0.0400
-2.2807 -5.3313 -0.0400
-2.2501 -5.4015 -0.0400
-0.2355 -3.8870 -0.0400
-0.1975 -3.8838 -0.0400
-0.1665 -3.8892 -0.0400
-0.1394 -3.8996 -0.0400
-0.1171 -3.9171 -0.0400
-0.0980 -3.9401 -0.0400
-0.0821 -3.9693 -0.0400
-0.0721 -4.0101 -0.0400
-1.7718 -7.6267 -0.0400
-1.6757 -7.6555 -0.0400
-0.6430 -5.7690 -0.0400
-0.5615 -5.7325 -0.0400
2.1977 -7.3807 -0.0400
2.2317 -7.1969 -0.0400
2.2985 -7.1282 -0.0400
2.3941 -7.1445 -0.0400
2.1491 -4.9061 -0.0400
2.1483 -4.8136 -0.0400
2.1781 -4.7739 -0.0400
2.2174 -4.7496 -0.0400
2.2614 -4.7319 -0.0400
4.1909 -5.2909 -0.0400
4.2044 -5.2043 -0.0400
3.6036 -3.1848 -0.0400
3.5781 -3.1274 -0.0400
3.5320 -3.0676 -0.0400
3.4798 2.3693 -0.0400
1.2736 -1.4708 -0.0400
1.2408 -1.4907 -0.0400
1.2149 -1.4979 -0.0400
1.1913 -1.5014 -0.0400
1.1670 -1.5076 -0.0400
1.1472 -1.5037 -0.0400
1.1279 -1.4986 -0.0400
1.1097 -1.4904 -0.0400
1.0920 -1.4808 -0.0400
1.0768 -1.4624 -0.0400
1.0602 -1.4471 -0.0400
1.0441 -1.4287 -0.0400
1.0367 -1.3736 -0.0400
0.1027 0.4200 -0.0400
0.0541 0.3934 -0.0400
-0.0000 0.3907 -0.0400
-0.0800 0.4826 -0.0400
-0.1393 0.4893 -0.0400
-2.2326 2.5630 -0.0400
-2.3257 2.5165 -0.0400
-3.3729 1.2513 -0.0400
-3.4087 1.1517 -0.0400
-3.4831 1.0872 -0.0400
-3.5332 0.0879 -0.0400
-3.5636 0.0036 -0.0400
-3.6321 -0.0583 -0.0400
-4.2187 -2.0644 -0.0400
-4.1813 -2.1550 -0.0400
-4.1184 -2.2457 -0.0400
-4.1208 -2.3309 -0.0400
-1.3550 -2.8310 -0.0400
-1.3142 -2.8624 -0.0400
-1.3020 -2.8972 -0.0400
-1.2476 -2.9241 -0.0400
-1.1808 -2.9468 -0.0400
-1.1587 -2.9771 -0.0400
-1.1354 -3.0065 -0.0400
-1.1261 -3.0390 -0.0400
-1.1226 -3.0730 -0.0400
-1.1375 -3.1125 -0.0400
-1.1119 -3.1404 -0.0400
-1.0913 -3.1694 -0.0400
-1.0763 -3.1999 -0.0400
-1.0703 -3.2336 -0.0400
-1.0947 -3.2794 -0.0400
-3.2304 -4.1943 -0.0400
-2.4578 -5.2832 -0.0400
-2.3501 -5.2863 -0.0400
-2.2877 -5.3269 -0.0400
-2.2468 -5.3870 -0.0400
-2.2343 -5.4754 -0.0400
-0.2276 -3.9157 -0.0400
-0.1753 -3.8911 -0.0400
-0.1470 -3.8994 -0.0400
-0.1218 -3.9123 -0.0400
-0.0993 -3.9290 -0.0400
-0.0792 -3.9503 -0.0400
-0.0622 -3.9774 -0.0400
-1.6990 -7.6662 -0.0400
-0.5891 -5.7660 -0.0400
-0.5158 -5.7456 -0.0400
2.2867 -7.1640 -0.0400
2.3559 -7.1052 -0.0400
2.4533 -7.1244 -0.0400
2.1659 -4.7907 -0.0400
2.1996 -4.7578 -0.0400
2.2386 -4.7331 -0.0400
2.2758 -4.7057 -0.0400
2.3311 -4.7028 -0.0400
1.4686 -3.4116 -0.0400
3.6237 -3.2516 -0.0400
3.5394 -3.1800 -0.0400
3.5278 -3.1265 -0.0400
3.5350 -3.0771 -0.0400
3.5598 -3.0307 -0.0400
5.2958 -3.2334 -0.0400
3.5696 2.3194 -0.0400
1.2918 -1.4802 -0.0400
1.2592 -1.4982 -0.0400
1.2331 -1.5048 -0.0400
1.2058 -1.5154 -0.0400
1.1853 -1.5122 -0.0400
1.1655 -1.5074 -0.0400
1.1464 -1.5013 -0.0400
1.1290 -1.4906 -0.0400
1.1117 -1.4792 -0.0400
1.0948 -1.4659 -0.0400
1.0825 -1.4371 -0.0400
1.0681 -1.4123 -0.0400
0.1960 0.4898 -0.0400
0.1539 0.4221 -0.0400
0.1021 0.4089 -0.0400
0.0469 0.4115 -0.0400
-0.0304 0.5003 -0.0400
-0.1056 0.5669 -0.0400
-2.1430 2.6134 -0.0400
-2.2377 2.5700 -0.0400
-3.2598 1.4136 -0.0400
-3.2810 1.2970 -0.0400
-3.3470 1.2253 -0.0400
-3.4584 1.1942 -0.0400
-3.4923 0.1639 -0.0400
-3.5180 0.0761 -0.0400
-4.2586 -1.8837 -0.0400
-4.2482 -1.9738 -0.0400
-4.1624 -2.0708 -0.0400
-4.0970 -2.1627 -0.0400
-1.3431 -2.7950 -0.0400
-1.3123 -2.8280 -0.0400
-1.3006 -2.8628 -0.0400
-1.2121 -2.8849 -0.0400
-1.1705 -2.9124 -0.0400
-1.1524 -2.9434 -0.0400
-1.1362 -2.9743 -0.0400
-1.1306 -3.0074 -0.0400
-1.1275 -3.0413 -0.0400
-1.1430 -3.0804 -0.0400
-1.1067 -3.1053 -0.0400
-1.0920 -3.1359 -0.0400
-1.0855 -3.1690 -0.0400
-1.0844 -3.2041 -0.0400
-1.0910 -3.2425 -0.0400
-2.4088 -5.2372 -0.0400
-2.3367 -5.2699 -0.0400
-2.3122 -5.3445 -0.0400
-0.2942 -3.9027 -0.0400
-0.2374 -3.8758 -0.0400
-0.2013 -3.8745 -0.0400
-0.1715 -3.8809 -0.0400
-0.1455 -3.8921 -0.0400
-0.1254 -3.9124 -0.0400
-0.1082 -3.9377 -0.0400
-0.0954 -3.9713 -0.0400
-0.0986 -4.0348 -0.0400
-1.7840 -7.5976 -0.0400
-0.6502 -5.7395 -0.0400
-0.5731 -5.7118 -0.0400
2.1655 -7.3917 -0.0400
2.2015 -7.2133 -0.0400
2.2646 -7.1334 -0.0400
2.3494 -7.1203 -0.0400
2.1152 -4.9057 -0.0400
2.1235 -4.8283 -0.0400
2.1534 -4.7890 -0.0400
2.1919 -4.7635 -0.0400
2.2338 -4.7431 -0.0400
1.4387 -3.3893 -0.0400
1.4438 -3.3665 -0.0400
1.4531 -3.3490 -0.0400
3.6134 -3.2151 -0.0400
3.5810 -3.1558 -0.0400
3.5286 -3.0943 -0.0400
3.5366 -3.0451 -0.0400
3.5860 -3.0020 -0.0400
5.3009 -3.1741 -0.0400
3.5797 2.3192 -0.0400
1.2720 -1.4697 -0.0400
1.2306 -1.5067 -0.0400
1.2066 -1.5096 -0.0400
1.1843 -1.5095 -0.0400
1.1636 -1.5065 -0.0400
1.1436 -1.5019 -0.0400
1.1249 -1.4940 -0.0400
1.1071 -1.4837 -0.0400
1.0898 -1.4714 -0.0400
1.0730 -1.4565 -0.0400
1.0618 -1.4216 -0.0400
1.0490 -1.3881 -0.0400
0.1471 0.4306 -0.0400
0.0984 0.4015 -0.0400
0.0456 0.3933 -0.0400
-0.0152 0.4168 -0.0400
-0.0915 0.4935 -0.0400
-2.1694 2.6581 -0.0400
-2.2323 2.5576 -0.0400
-2.3322 2.5225 -0.0400
-3.3839 1.3922 -0.0400
-3.3569 1.2303 -0.0400
-3.4397 1.1734 -0.0400
-3.5067 0.1684 -0.0400
-3.5219 0.0738 -0.0400
-3.5792 0.0060 -0.0400
-4.2607 -1.9741 -0.0400
-4.2071 -2.0680 -0.0400
-4.1344 -2.1614 -0.0400
-4.1188 -2.2480 -0.0400
-1.3606 -2.8026 -0.0400
-1.3220 -2.8347 -0.0400
-1.3032 -2.8685 -0.0400
-1.2735 -2.9001 -0.0400
-1.1946 -2.9220 -0.0400
-1.1606 -2.9501 -0.0400
-1.1390 -2.9799 -0.0400
-1.1275 -3.0115 -0.0400
-1.1262 -3.0455 -0.0400
-1.1244 -3.0796 -0.0400
-1.1245 -3.1146 -0.0400
-1.0955 -3.1409 -0.0400
-1.0813 -3.1714 -0.0400
-1.0760 -3.2048 -0.0400
-1.0900 -3.2455 -0.0400
-1.1096 -3.2894 -0.0400
-2.4298 -5.2471 -0.0400
-2.3474 -5.2711 -0.0400
-2.2925 -5.3179 -0.0400
-2.2581 -5.3834 -0.0400
-2.2602 -5.4855 -0.0400
-0.2110 -3.8804 -0.0400
-0.1792 -3.8838 -0.0400
-0.1518 -3.8927 -0.0400
-0.1276 -3.9062 -0.0400
-0.1060 -3.9240 -0.0400
-0.0872 -3.9465 -0.0400
-0.0720 -3.9760 -0.0400
-1.7057 -7.6276 -0.0400
-0.5887 -5.7200 -0.0400
-0.5288 -5.7309 -0.0400
2.2297 -7.3766 -0.0400
2.2491 -7.1560 -0.0400
2.3223 -7.1097 -0.0400
2.4149 -7.1175 -0.0400
2.1526 -4.8229 -0.0400
2.1750 -4.7724 -0.0400
2.2144 -4.7485 -0.0400
2.2516 -4.7214 -0.0400
2.3044 -4.7154 -0.0400
1.4557 -3.3760 -0.0400
1.4600 -3.3530 -0.0400
1.4670 -3.3335 -0.0400
1.4815 -3.3218 -0.0400
1.4992 -3.3130 -0.0400
3.6170 -3.1823 -0.0400
3.5798 -3.1227 -0.0400
3.5461 -3.0654 -0.0400
3.5426 -3.0141 -0.0400
3.5670 -2.9669 -0.0400
5.3386 -3.1189 -0.0400
1.2756 -1.4623 -0.0400
1.2385 -1.4891 -0.0400
1.2111 -1.4981 -0.0400
1.1864 -1.5023 -0.0400
1.1637 -1.5031 -0.0400
1.1414 -1.5037 -0.0400
1.1220 -1.4970 -0.0400
1.1034 -1.4885 -0.0400
1.0854 -1.4779 -0.0400
1.0679 -1.4651 -0.0400
1.0551 -1.4356 -0.0400
1.0404 -1.4093 -0.0400
1.0301 -1.3631 -0.0400
0.0929 0.4055 -0.0400
0.0421 0.3874 -0.0400
-0.0150 0.3958 -0.0400
-0.0917 0.4755 -0.0400
-0.1578 0.5056 -0.0400
-2.2418 2.5718 -0.0400
-2.3220 2.5029 -0.0400
-3.3674 1.2361 -0.0400
-3.4127 1.1450 -0.0400
-3.4941 1.0866 -0.0400
-3.5790 0.1047 -0.0400
-3.5732 -0.0025 -0.0400
-3.6813 -0.0412 -0.0400
-4.2755 -2.0632 -0.0400
-4.1824 -2.1596 -0.0400
-4.1350 -2.2492 -0.0400
-4.1407 -2.3341 -0.0400
-1.3533 -2.8448 -0.0400
-1.3143 -2.8762 -0.0400
-1.2968 -2.9098 -0.0400
-1.2086 -2.9305 -0.0400
-1.1705 -2.9579 -0.0400
-1.1448 -2.9868 -0.0400
-1.1292 -3.0175 -0.0400
-1.1193 -3.0492 -0.0400
-1.1186 -3.0833 -0.0400
-1.1283 -3.1207 -0.0400
-1.1026 -3.1480 -0.0400
-1.0821 -3.1763 -0.0400
-1.0713 -3.2076 -0.0400
-1.0687 -3.2419 -0.0400
-1.0860 -3.2842 -0.0400
-1.1090 -3.3301 -0.0400
-2.4015 -5.3114 -0.0400
-2.3098 -5.3262 -0.0400
-2.2577 -5.3752 -0.0400
-2.2425 -5.4598 -0.0400
-0.2468 -3.9241 -0.0400
-0.1984 -3.9051 -0.0400
-0.1640 -3.9041 -0.0400
-0.1349 -3.9101 -0.0400
-0.1098 -3.9219 -0.0400
-0.0899 -3.9420 -0.0400
-0.0730 -3.9679 -0.0400
-0.0611 -4.0039 -0.0400
-0.5480 -5.7505 -0.0400
-0.4837 -5.7491 -0.0400
2.4697 -7.0849 -0.0400
2.1653 -4.7917 -0.0400
2.1982 -4.7581 -0.0400
2.2385 -4.7355 -0.0400
2.2725 -4.7041 -0.0400
1.4713 -3.4171 -0.0400
1.4580 -3.3745 -0.0400
1.4622 -3.3518 -0.0400
1.4706 -3.3339 -0.0400
1.4818 -3.3190 -0.0400
1.4958 -3.3067 -0.0400
1.5225 -3.3057 -0.0400
1.5615 -3.3143 -0.0400
3.6075 -3.2915 -0.0400
3.5721 -3.2303 -0.0400
3.5317 -3.1697 -0.0400
3.5298 -3.1182 -0.0400
3.5583 -3.0722 -0.0400
5.2866 -3.2814 -0.0400
3.6758 2.2616 -0.0400
1.2735 -1.5146 -0.0400
1.2477 -1.5188 -0.0400
1.2242 -1.5194 -0.0400
1.2028 -1.5164 -0.0400
1.1824 -1.5114 -0.0400
1.1629 -1.5045 -0.0400
1.1444 -1.4953 -0.0400
1.1291 -1.4773 -0.0400
1.1130 -1.4601 -0.0400
1.0980 -1.4387 -0.0400
1.0848 -1.4095 -0.0400
1.0826 -1.3399 -0.0400
0.2440 0.4740 -0.0400
0.1968 0.4279 -0.0400
0.1447 0.4147 -0.0400
0.0879 0.4244 -0.0400
0.0119 0.5161 -0.0400
-0.0566 0.5612 -0.0400
-2.0523 2.6584 -0.0400
-2.1510 2.6223 -0.0400
-3.2404 1.3851 -0.0400
-3.2899 1.2964 -0.0400
-3.4234 1.2876 -0.0400
-3.4386 0.2227 -0.0400
-3.4780 0.1435 -0.0400
-3.5626 0.0931 -0.0400
-4.2676 -1.7983 -0.0400
-4.2408 -1.8913 -0.0400
-4.1245 -1.9940 -0.0400
-4.0936 -2.0831 -0.0400
-4.1235 -2.1654 -0.0400
-1.3799 -2.7387 -0.0400
-1.3252 -2.7708 -0.0400
-1.3119 -2.8055 -0.0400
-1.3011 -2.8401 -0.0400
-1.2096 -2.8632 -0.0400
-1.1722 -2.8917 -0.0400
-1.1478 -2.9214 -0.0400
-1.1342 -2.9525 -0.0400
-1.1311 -2.9855 -0.0400
-1.1335 -3.0200 -0.0400
-1.1396 -3.0557 -0.0400
-1.1101 -3.0824 -0.0400
-1.0936 -3.1121 -0.0400
-1.0866 -3.1444 -0.0400
-1.0928 -3.1811 -0.0400
-1.1236 -3.2269 -0.0400
-3.2595 -4.0413 -0.0400
-2.4462 -5.1598 -0.0400
-2.3864 -5.2026 -0.0400
-2.3450 -5.2607 -0.0400
-2.3253 -5.3386 -0.0400
-0.2694 -3.8584 -0.0400
-0.2314 -3.8545 -0.0400
-0.2009 -3.8595 -0.0400
-0.1747 -3.8697 -0.0400
-0.1515 -3.8840 -0.0400
-0.1310 -3.9025 -0.0400
-0.1135 -3.9259 -0.0400
-0.1205 -3.9912 -0.0400
-1.9110 -7.5608 -0.0400
-0.6473 -5.6748 -0.0400
-0.6003 -5.7152 -0.0400
2.0820 -4.8410 -0.0400
2.1159 -4.8085 -0.0400
2.1557 -4.7855 -0.0400
2.1965 -4.7638 -0.0400
2.2626 -4.7776 -0.0400
1.4446 -3.4225 -0.0400
1.4392 -3.3879 -0.0400
1.4401 -3.3614 -0.0400
1.4519 -3.3470 -0.0400
1.4663 -3.3353 -0.0400
1.4837 -3.3264 -0.0400
1.5056 -3.3213 -0.0400
1.5420 -3.3285 -0.0400
4.0738 -5.3763 -0.0400
4.1240 -5.3187 -0.0400
3.6605 -3.2701 -0.0400
3.5884 -3.2011 -0.0400
3.5238 -3.1365 -0.0400
3.5335 -3.0873 -0.0400
3.5604 -3.0406 -0.0400
5.2974 -3.2237 -0.0400
6.1385 -2.3820 -0.0400
6.0707 -2.2907 -0.0400
6.0739 -2.1962 -0.0400
3.6955 2.2721 -0.0400
1.2912 -1.4837 -0.0400
1.2576 -1.5016 -0.0400
1.2305 -1.5082 -0.0400
1.2060 -1.5106 -0.0400
1.1820 -1.5132 -0.0400
1.1620 -1.5068 -0.0400
1.1432 -1.4980 -0.0400
1.1250 -1.4870 -0.0400
1.1077 -1.4735 -0.0400
1.0912 -1.4565 -0.0400
1.0757 -1.4352 -0.0400
0.1900 0.4482 -0.0400
0.1416 0.4123 -0.0400
0.0872 0.4101 -0.0400
0.0235 0.4478 -0.0400
-0.0467 0.5051 -0.0400
-0.1185 0.5583 -0.0400
-2.0721 2.6953 -0.0400
-2.1439 2.6083 -0.0400
-3.2456 1.3867 -0.0400
-3.2841 1.2869 -0.0400
-3.3557 1.2203 -0.0400
-3.4719 1.1939 -0.0400
-3.4784 0.1387 -0.0400
-3.5478 0.0789 -0.0400
-4.2534 -1.8926 -0.0400
-4.1949 -1.9884 -0.0400
-4.1729 -2.0777 -0.0400
-4.1115 -2.1696 -0.0400
-1.3448 -2.7799 -0.0400
-1.3220 -2.8138 -0.0400
-1.3028 -2.8475 -0.0400
-1.2246 -2.8724 -0.0400
-1.1769 -2.8995 -0.0400
-1.1590 -2.9303 -0.0400
-1.1393 -2.9603 -0.0400
-1.1285 -2.9916 -0.0400
-1.1263 -3.0248 -0.0400
-1.1307 -3.0598 -0.0400
-1.1148 -3.0899 -0.0400
-1.0959 -3.1189 -0.0400
-1.0842 -3.1496 -0.0400
-1.0806 -3.1829 -0.0400
-1.0874 -3.2200 -0.0400
-1.1228 -3.2681 -0.0400
-3.2799 -4.1286 -0.0400
-2.4914 -5.1920 -0.0400
-2.4036 -5.2123 -0.0400
-2.3445 -5.2550 -0.0400
-2.3019 -5.3119 -0.0400
-0.2586 -3.8875 -0.0400
-0.2167 -3.8777 -0.0400
-0.1791 -3.8720 -0.0400
-0.1549 -3.8845 -0.0400
-0.1334 -3.9010 -0.0400
-0.1147 -3.9221 -0.0400
-0.0992 -3.9490 -0.0400
-0.0893 -3.9868 -0.0400
-1.8182 -7.5678 -0.0400
-0.6065 -5.7067 -0.0400
-0.5492 -5.7224 -0.0400
2.1168 -4.8439 -0.0400
2.1393 -4.7937 -0.0400
2.1789 -4.7706 -0.0400
2.2189 -4.7477 -0.0400
2.2773 -4.7499 -0.0400
1.4418 -3.4143 -0.0400
1.4403 -3.3849 -0.0400
1.4461 -3.3640 -0.0400
1.4553 -3.3470 -0.0400
1.4669 -3.3326 -0.0400
1.4857 -3.3249 -0.0400
1.5075 -3.3195 -0.0400
1.5438 -3.3260 -0.0400
4.1239 -5.3480 -0.0400
4.1507 -5.2718 -0.0400
3.5893 -3.2692 -0.0400
3.5470 -3.2074 -0.0400
3.5266 -3.1518 -0.0400
3.5300 -3.1013 -0.0400
3.5517 -3.0539 -0.0400
6.0674 -2.3082 -0.0400
6.0762 -2.2132 -0.0400
3.6086 2.3041 -0.0400
1.3247 -1.4725 -0.0400
1.2833 -1.5025 -0.0400
1.2542 -1.5117 -0.0400
1.2286 -1.5152 -0.0400
1.2052 -1.5151 -0.0400
1.1837 -1.5115 -0.0400
1.1633 -1.5058 -0.0400
1.1439 -1.4976 -0.0400
1.1275 -1.4816 -0.0400
1.1108 -1.4651 -0.0400
1.0953 -1.4442 -0.0400
1.0816 -1.4160 -0.0400
1.0743 -1.3631 -0.0400
0.2307 0.5305 -0.0400
0.1909 0.4316 -0.0400
0.1392 0.4136 -0.0400
0.0837 0.4160 -0.0400
0.0089 0.5029 -0.0400
-0.0538 0.5248 -0.0400
-2.0612 2.6748 -0.0400
-2.1429 2.6064 -0.0400
-3.2443 1.3828 -0.0400
-3.2852 1.2854 -0.0400
-3.3567 1.2185 -0.0400
-3.4663 0.2328 -0.0400
-3.4816 0.1371 -0.0400
-3.5387 0.0695 -0.0400
-4.2473 -1.8960 -0.0400
-4.1810 -1.9927 -0.0400
-4.0979 -2.0885 -0.0400
-4.1354 -2.1699 -0.0400
-1.3321 -2.7847 -0.0400
-1.3141 -2.8188 -0.0400
-1.3014 -2.8530 -0.0400
-1.1982 -2.8746 -0.0400
-1.1747 -2.9049 -0.0400
-1.1471 -2.9339 -0.0400
-1.1348 -2.9650 -0.0400
-1.1315 -2.9978 -0.0400
-1.1281 -3.0306 -0.0400
-1.1397 -3.0673 -0.0400
-1.1112 -3.0941 -0.0400
-1.0926 -3.1230 -0.0400
-1.0826 -3.1541 -0.0400
-1.0877 -3.1900 -0.0400
-1.1030 -3.2300 -0.0400
-3.2476 -4.0383 -0.0400
-2.4751 -5.1762 -0.0400
-2.3992 -5.2058 -0.0400
-2.3444 -5.2520 -0.0400
-2.3310 -5.3347 -0.0400
-0.2892 -3.8801 -0.0400
-0.2427 -3.8653 -0.0400
-0.2091 -3.8657 -0.0400
-0.1807 -3.8724 -0.0400
-0.1557 -3.8834 -0.0400
-0.1334 -3.8983 -0.0400
-0.1198 -3.9271 -0.0400
-0.1077 -3.9596 -0.0400
-0.1089 -4.0165 -0.0400
-1.8353 -7.5824 -0.0400
-0.6726 -5.6959 -0.0400
-0.6070 -5.6925 -0.0400
2.0991 -4.8407 -0.0400
2.1295 -4.8030 -0.0400
2.1685 -4.7791 -0.0400
2.2032 -4.7490 -0.0400
2.2693 -4.7621 -0.0400
1.4411 -3.4029 -0.0400
1.4430 -3.3777 -0.0400
1.4463 -3.3548 -0.0400
1.4584 -3.3409 -0.0400
1.4729 -3.3294 -0.0400
1.4904 -3.3203 -0.0400
1.5123 -3.3148 -0.0400
4.0964 -5.3478 -0.0400
4.1449 -5.2889 -0.0400
3.6259 -3.3418 -0.0400
3.5705 -3.2751 -0.0400
3.5257 -3.2130 -0.0400
3.5268 -3.1618 -0.0400
3.5666 -3.1176 -0.0400
5.3372 -3.3408 -0.0400
6.1487 -2.5063 -0.0400
6.0819 -2.4134 -0.0400
6.1217 -2.3168 -0.0400
3.7887 2.2023 -0.0400
1.3138 -1.4960 -0.0400
1.2806 -1.5109 -0.0400
1.2482 -1.5267 -0.0400
1.2259 -1.5236 -0.0400
1.2050 -1.5182 -0.0400
1.1852 -1.5105 -0.0400
1.1664 -1.5002 -0.0400
1.1486 -1.4875 -0.0400
1.1318 -1.4717 -0.0400
1.1160 -1.4519 -0.0400
1.1134 -1.3915 -0.0400
0.2901 0.5000 -0.0400
0.2436 0.4385 -0.0400
0.1904 0.4281 -0.0400
0.1314 0.4495 -0.0400
0.0588 0.5328 -0.0400
-0.0023 0.5480 -0.0400
-1.9739 2.7346 -0.0400
-2.0545 2.6626 -0.0400
-3.1665 1.4421 -0.0400
-3.2165 1.3531 -0.0400
-3.3416 1.3390 -0.0400
-3.3866 0.2821 -0.0400
-3.4384 0.2113 -0.0400
-3.5430 0.1751 -0.0400
-4.2332 -1.8115 -0.0400
-4.1208 -1.9163 -0.0400
-4.0866 -2.0067 -0.0400
-1.3584 -2.7187 -0.0400
-1.3288 -2.7529 -0.0400
-1.3068 -2.7867 -0.0400
-1.2763 -2.8191 -0.0400
-1.1881 -2.8437 -0.0400
-1.1675 -2.8745 -0.0400
-1.1462 -2.9046 -0.0400
-1.1378 -2.9363 -0.0400
-1.1358 -2.9691 -0.0400
-1.1447 -3.0044 -0.0400
-1.1285 -3.0345 -0.0400
-1.1071 -3.0630 -0.0400
-1.0961 -3.0938 -0.0400
-1.0911 -3.1261 -0.0400
-1.0968 -3.1619 -0.0400
-1.1185 -3.2033 -0.0400
-3.2721 -3.9699 -0.0400
-2.5500 -5.1427 -0.0400
-2.4352 -5.1427 -0.0400
-2.3877 -5.1948 -0.0400
-2.3888 -5.2887 -0.0400
-0.3156 -3.8680 -0.0400
-0.2645 -3.8485 -0.0400
-0.2225 -3.8383 -0.0400
-0.1975 -3.8494 -0.0400
-0.1752 -3.8639 -0.0400
-0.1554 -3.8821 -0.0400
-0.1383 -3.9047 -0.0400
-0.1248 -3.9337 -0.0400
-0.1183 -3.9753 -0.0400
-1.9159 -7.5147 -0.0400
-0.7403 -5.6930 -0.0400
-0.6645 -5.6689 -0.0400
-0.6124 -5.6959 -0.0400
2.0541 -4.8718 -0.0400
2.0803 -4.8271 -0.0400
2.1193 -4.8034 -0.0400
2.1579 -4.7791 -0.0400
2.2042 -4.7658 -0.0400
1.4364 -3.4374 -0.0400
1.4204 -3.3921 -0.0400
1.4287 -3.3741 -0.0400
1.4394 -3.3589 -0.0400
1.4521 -3.3458 -0.0400
1.4726 -3.3398 -0.0400
1.4957 -3.3358 -0.0400
4.0488 -5.4221 -0.0400
4.0844 -5.3527 -0.0400
3.5790 -3.3457 -0.0400
3.5344 -3.2821 -0.0400
3.5136 -3.2257 -0.0400
3.5191 -3.1754 -0.0400
3.5456 -3.1289 -0.0400
5.3024 -3.3530 -0.0400
6.1400 -2.5244 -0.0400
6.0842 -2.4311 -0.0400
6.0897 -2.3363 -0.0400
3.7273 2.2742 -0.0400
1.3475 -1.4885 -0.0400
1.3077 -1.5131 -0.0400
1.2787 -1.5203 -0.0400
1.2530 -1.5226 -0.0400
1.2295 -1.5214 -0.0400
1.2079 -1.5168 -0.0400
1.1877 -1.5094 -0.0400
1.1694 -1.4976 -0.0400
1.1521 -1.4828 -0.0400
1.1360 -1.4642 -0.0400
1.1214 -1.4404 -0.0400
1.1097 -1.4058 -0.0400
0.2890 0.5032 -0.0400
0.2425 0.4388 -0.0400
0.1888 0.4307 -0.0400
0.1263 0.4708 -0.0400
0.0542 0.5489 -0.0400
-0.0124 0.5873 -0.0400
-1.9585 2.7054 -0.0400
-3.1273 1.5427 -0.0400
-3.1561 1.4292 -0.0400
-3.2327 1.3673 -0.0400
-3.3771 1.3717 -0.0400
-3.3901 0.3902 -0.0400
-3.3901 0.2810 -0.0400
-3.4380 0.2074 -0.0400
-3.5286 0.1621 -0.0400
-4.2200 -1.7279 -0.0400
-4.1542 -1.8275 -0.0400
-4.1231 -1.9190 -0.0400
-4.0882 -2.0095 -0.0400
-1.3329 -2.7240 -0.0400
-1.3153 -2.7585 -0.0400
-1.2716 -2.7903 -0.0400
-1.2114 -2.8191 -0.0400
-1.1828 -2.8495 -0.0400
-1.1531 -2.8789 -0.0400
-1.1437 -2.9105 -0.0400
-1.1392 -2.9428 -0.0400
-1.1375 -2.9756 -0.0400
-1.1525 -3.0120 -0.0400
-1.1178 -3.0381 -0.0400
-1.1051 -3.0685 -0.0400
-1.0959 -3.0996 -0.0400
-1.0996 -3.1343 -0.0400
-1.1212 -3.1748 -0.0400
-1.1478 -3.2181 -0.0400
-3.2898 -3.9776 -0.0400
-2.6204 -5.1044 -0.0400
-2.5049 -5.1065 -0.0400
-2.4314 -5.1384 -0.0400
-2.3929 -5.1976 -0.0400
-2.3683 -5.2691 -0.0400
-0.2850 -3.8314 -0.0400
-0.2506 -3.8316 -0.0400
-0.2221 -3.8383 -0.0400
-0.1971 -3.8489 -0.0400
-0.1745 -3.8629 -0.0400
-0.1588 -3.8866 -0.0400
-0.1447 -3.9136 -0.0400
-0.1359 -3.9500 -0.0400
-1.9217 -7.5098 -0.0400
-0.7290 -5.6577 -0.0400
-0.6663 -5.6609 -0.0400
2.1458 -4.7844 -0.0400
2.2057 -4.7907 -0.0400
1.4157 -3.4037 -0.0400
1.4226 -3.3844 -0.0400
1.4321 -3.3679 -0.0400
1.4443 -3.3543 -0.0400
1.4600 -3.3440 -0.0400
1.4789 -3.3365 -0.0400
1.5037 -3.3335 -0.0400
4.0244 -5.4237 -0.0400
4.0855 -5.3753 -0.0400
3.5712 -3.3060 -0.0400
3.5251 -3.2433 -0.0400
3.5212 -3.1910 -0.0400
3.5614 -3.1468 -0.0400
6.1461 -2.5425 -0.0400
6.0876 -2.4490 -0.0400
6.0985 -2.3538 -0.0400
3.8044 2.1873 -0.0400
1.3179 -1.5017 -0.0400
1.2782 -1.5282 -0.0400
1.2536 -1.5282 -0.0400
1.2312 -1.5245 -0.0400
1.2100 -1.5186 -0.0400
1.1901 -1.5101 -0.0400
1.1711 -1.4994 -0.0400
1.1532 -1.4858 -0.0400
1.1415 -1.4553 -0.0400
1.1284 -1.4260 -0.0400
1.1235 -1.3702 -0.0400
0.2929 0.4703 -0.0400
0.2418 0.4402 -0.0400
0.1860 0.4443 -0.0400
0.1250 0.4739 -0.0400
0.0520 0.5559 -0.0400
-1.9577 2.7065 -0.0400
-3.0955 1.5064 -0.0400
-3.1488 1.4197 -0.0400
-3.2226 1.3553 -0.0400
-3.3882 0.3855 -0.0400
-3.3917 0.2788 -0.0400
-3.4757 0.2300 -0.0400
-4.2269 -1.7297 -0.0400
-4.1633 -1.8291 -0.0400
-4.1592 -1.9168 -0.0400
-1.3444 -2.6957 -0.0400
-1.3208 -2.7303 -0.0400
-1.3089 -2.7649 -0.0400
-1.3053 -2.7998 -0.0400
-1.1879 -2.8236 -0.0400
-1.1661 -2.8544 -0.0400
-1.1471 -2.8849 -0.0400
-1.1403 -2.9167 -0.0400
-1.1393 -2.9494 -0.0400
-1.1516 -2.9847 -0.0400
-1.1419 -3.0162 -0.0400
-1.1129 -3.0433 -0.0400
-1.1011 -3.0737 -0.0400
-1.0982 -3.1063 -0.0400
-1.1102 -3.1433 -0.0400
-1.1225 -3.1811 -0.0400
-3.2917 -3.9032 -0.0400
-2.5918 -5.0826 -0.0400
-2.5006 -5.1026 -0.0400
-2.4309 -5.1372 -0.0400
-2.4084 -5.2095 -0.0400
-2.4055 -5.2998 -0.0400
-0.3241 -3.8375 -0.0400
-0.2809 -3.8281 -0.0400
-0.2483 -3.8301 -0.0400
-0.2205 -3.8374 -0.0400
-0.1948 -3.8470 -0.0400
-0.1750 -3.8643 -0.0400
-0.1575 -3.8852 -0.0400
-0.1428 -3.9109 -0.0400
-0.1328 -3.9448 -0.0400
-2.0269 -7.4856 -0.0400
-0.7389 -5.6690 -0.0400
-0.6775 -5.6754 -0.0400
1.4235 -3.4286 -0.0400
1.4164 -3.3940 -0.0400
1.4250 -3.3767 -0.0400
1.4353 -3.3614 -0.0400
1.4497 -3.3501 -0.0400
1.4663 -3.3406 -0.0400
1.5029 -3.3483 -0.0400
4.0135 -5.4362 -0.0400
4.0669 -5.3818 -0.0400
3.5131 -3.2046 -0.0400
3.5356 -3.1575 -0.0400
3.6114 -3.1183 -0.0400
6.2861 -2.5585 -0.0400
6.0919 -2.4671 -0.0400
3.8135 2.1803 -0.0400
1.3502 -1.4998 -0.0400
1.3135 -1.5181 -0.0400
1.2849 -1.5239 -0.0400
1.2592 -1.5251 -0.0400
1.2357 -1.5229 -0.0400
1.2130 -1.5197 -0.0400
1.1936 -1.5096 -0.0400
1.1752 -1.4970 -0.0400
1.1578 -1.4815 -0.0400
1.1416 -1.4621 -0.0400
1.1270 -1.4369 -0.0400
1.1163 -1.3984 -0.0400
0.3444 0.5084 -0.0400
0.2944 0.4607 -0.0400
0.2418 0.4409 -0.0400
0.1822 0.4667 -0.0400
0.1130 0.5388 -0.0400
0.0389 0.6210 -0.0400
-1.8722 2.7740 -0.0400
-1.9590 2.7126 -0.0400
-3.1079 1.6683 -0.0400
-3.0984 1.5084 -0.0400
-3.1505 1.4201 -0.0400
-3.2421 1.3738 -0.0400
-3.3748 0.3725 -0.0400
-3.3916 0.2755 -0.0400
-3.4818 0.2310 -0.0400
-4.2257 -1.6438 -0.0400
-4.1675 -1.7440 -0.0400
-4.1432 -1.8357 -0.0400
-4.0794 -1.9321 -0.0400
-4.1334 -2.0100 -0.0400
-1.3733 -2.6673 -0.0400
-1.3326 -2.7024 -0.0400
-1.3150 -2.7371 -0.0400
-1.3073 -2.7718 -0.0400
-1.1998 -2.7985 -0.0400
-1.1744 -2.8293 -0.0400
-1.1571 -2.8603 -0.0400
-1.1470 -2.8918 -0.0400
-1.1432 -2.9240 -0.0400
-1.1433 -2.9569 -0.0400
-1.1450 -2.9902 -0.0400
-1.1241 -3.0193 -0.0400
-1.1101 -3.0493 -0.0400
-1.1009 -3.0803 -0.0400
-1.0998 -3.1132 -0.0400
-1.1219 -3.1529 -0.0400
-1.1505 -3.1957 -0.0400
-3.3051 -3.9100 -0.0400
-2.5570 -5.0569 -0.0400
-2.4880 -5.0930 -0.0400
-2.4302 -5.1367 -0.0400
-2.4124 -5.2124 -0.0400
-2.4130 -5.3056 -0.0400
-0.3108 -3.8246 -0.0400
-0.2741 -3.8225 -0.0400
-0.2441 -3.8273 -0.0400
-0.2147 -3.8322 -0.0400
-0.1933 -3.8470 -0.0400
-0.1739 -3.8646 -0.0400
-0.1566 -3.8854 -0.0400
-0.1541 -3.9291 -0.0400
-0.1639 -3.9946 -0.0400
-2.0445 -7.5044 -0.0400
-0.8129 -5.6786 -0.0400
-0.7291 -5.6400 -0.0400
-0.6743 -5.6594 -0.0400
1.4162 -3.4368 -0.0400
1.4163 -3.4098 -0.0400
1.4175 -3.3850 -0.0400
1.4278 -3.3697 -0.0400
1.4406 -3.3570 -0.0400
1.4560 -3.3465 -0.0400
1.4847 -3.3476 -0.0400
4.0015 -5.4476 -0.0400
4.0546 -5.3930 -0.0400
6.1051 -2.5800 -0.0400
6.0989 -2.4853 -0.0400
3.8243 2.1748 -0.0400
1.3641 -1.4854 -0.0400
1.3222 -1.5120 -0.0400
1.2852 -1.5327 -0.0400
1.2607 -1.5313 -0.0400
1.2383 -1.5266 -0.0400
1.2171 -1.5199 -0.0400
1.1970 -1.5108 -0.0400
1.1779 -1.4995 -0.0400
1.1635 -1.4760 -0.0400
1.1482 -1.4535 -0.0400
1.1353 -1.4226 -0.0400
0.3466 0.4970 -0.0400
0.2955 0.4580 -0.0400
0.2420 0.4431 -0.0400
0.1778 0.4968 -0.0400
0.1114 0.5500 -0.0400
0.0480 0.5763 -0.0400
-3.0562 1.6090 -0.0400
-3.0912 1.4997 -0.0400
-3.1520 1.4208 -0.0400
-3.3375 0.3418 -0.0400
-3.3979 0.2770 -0.0400
-3.5030 0.2427 -0.0400
-4.2214 -1.7371 -0.0400
-4.1462 -1.8386 -0.0400
-4.0974 -1.9328 -0.0400
-1.3599 -2.6745 -0.0400
-1.3258 -2.7095 -0.0400
-1.3117 -2.7442 -0.0400
-1.2223 -2.7739 -0.0400
-1.1873 -2.8048 -0.0400
-1.1649 -2.8357 -0.0400
-1.1530 -2.8671 -0.0400
-1.1453 -2.8988 -0.0400
-1.1453 -2.9314 -0.0400
-1.1525 -2.9655 -0.0400
-1.1481 -2.9978 -0.0400
-1.1158 -3.0246 -0.0400
-1.1056 -3.0553 -0.0400
-1.1067 -3.0885 -0.0400
-1.1118 -3.1231 -0.0400
-1.1260 -3.1607 -0.0400
-3.3098 -3.8380 -0.0400
-3.3122 -3.9151 -0.0400
-2.5526 -5.0545 -0.0400
-2.4751 -5.0838 -0.0400
-2.4335 -5.1398 -0.0400
-2.4307 -5.2278 -0.0400
-0.3160 -3.8344 -0.0400
-0.2656 -3.8156 -0.0400
-0.2385 -3.8236 -0.0400
-0.2120 -3.8318 -0.0400
-0.1916 -3.8476 -0.0400
-0.1730 -3.8660 -0.0400
-0.1642 -3.8989 -0.0400
-0.1550 -3.9325 -0.0400
-2.0186 -7.4470 -0.0400
-0.7272 -5.6290 -0.0400
1.3774 -8.6135 -0.0400
1.4073 -3.4159 -0.0400
1.4140 -3.3966 -0.0400
1.4200 -3.3772 -0.0400
1.4315 -3.3635 -0.0400
1.4471 -3.3534 -0.0400
1.4641 -3.3443 -0.0400
1.5017 -3.3524 -0.0400
4.0456 -5.4066 -0.0400
6.1437 -2.5981 -0.0400
6.0953 -2.5040 -0.0400
6.1329 -2.4073 -0.0400
1.3191 -1.5281 -0.0400
1.2918 -1.5307 -0.0400
1.2667 -1.5302 -0.0400
1.2436 -1.5262 -0.0400
1.2212 -1.5213 -0.0400
1.2018 -1.5104 -0.0400
1.1833 -1.4971 -0.0400
1.1657 -1.4809 -0.0400
1.1494 -1.4607 -0.0400
1.1349 -1.4341 -0.0400
0.3480 0.4981 -0.0400
0.2967 0.4590 -0.0400
0.2405 0.4619 -0.0400
0.1705 0.5488 -0.0400
0.1108 0.5586 -0.0400
0.0421 0.6108 -0.0400
-1.8596 2.7584 -0.0400
-3.0709 1.6259 -0.0400
-3.0805 1.4876 -0.0400
-3.1597 1.4285 -0.0400
-3.3267 0.4421 -0.0400
-3.3441 0.3441 -0.0400
-3.4139 0.2858 -0.0400
-4.2051 -1.6545 -0.0400
-4.1369 -1.7564 -0.0400
-4.0861 -1.8523 -0.0400
-4.0845 -1.9382 -0.0400
-1.3547 -2.6819 -0.0400
-1.3110 -2.7166 -0.0400
-1.3085 -2.7514 -0.0400
-1.2111 -2.7808 -0.0400
-1.1807 -2.8118 -0.0400
-1.1602 -2.8428 -0.0400
-1.1458 -2.8738 -0.0400
-1.1464 -2.9063 -0.0400
-1.1495 -2.9394 -0.0400
-1.1593 -2.9739 -0.0400
-1.1228 -3.0004 -0.0400
-1.1105 -3.0308 -0.0400
-1.1048 -3.0623 -0.0400
-1.1036 -3.0949 -0.0400
-1.1309 -3.1351 -0.0400
-3.3417 -3.7745 -0.0400
-3.3284 -3.8468 -0.0400
-2.5338 -5.0419 -0.0400
-2.4709 -5.0819 -0.0400
-2.4344 -5.1417 -0.0400
-2.4325 -5.2302 -0.0400
-0.3328 -3.8172 -0.0400
-0.2948 -3.8140 -0.0400
-0.2569 -3.8095 -0.0400
-0.2324 -3.8202 -0.0400
-0.2098 -3.8330 -0.0400
-0.1902 -3.8496 -0.0400
-0.1729 -3.8694 -0.0400
-0.1664 -3.9055 -0.0400
-0.1598 -3.9429 -0.0400
-2.0219 -7.4427 -0.0400
-0.7911 -5.6234 -0.0400
-0.7285 -5.6263 -0.0400
-0.6938 -5.6883 -0.0400
1.3651 -8.6149 -0.0400
1.9258 -7.4535 -0.0400
1.9656 -7.2740 -0.0400
1.4138 -3.3860 -0.0400
1.4237 -3.3708 -0.0400
1.4368 -3.3586 -0.0400
1.4558 -3.3516 -0.0400
1.4753 -3.3444 -0.0400
4.0458 -5.4275 -0.0400
6.1026 -2.6174 -0.0400
6.1119 -2.5222 -0.0400
1.3589 -1.5169 -0.0400
1.3261 -1.5273 -0.0400
1.2983 -1.5302 -0.0400
1.2728 -1.5298 -0.0400
1.2473 -1.5303 -0.0400
1.2262 -1.5224 -0.0400
1.2062 -1.5122 -0.0400
1.1870 -1.4999 -0.0400
1.1730 -1.4747 -0.0400
1.1577 -1.4509 -0.0400
1.1453 -1.4175 -0.0400
0.3532 0.4686 -0.0400
0.2991 0.4541 -0.0400
0.2420 0.4634 -0.0400
0.1718 0.5513 -0.0400
0.1115 0.5634 -0.0400
-3.0188 1.5667 -0.0400
-3.0772 1.4841 -0.0400
-3.1854 1.4561 -0.0400
-3.2956 0.4156 -0.0400
-3.3398 0.3384 -0.0400
-3.4587 0.3159 -0.0400
-4.2136 -1.6560 -0.0400
-4.1348 -1.7602 -0.0400
-4.0668 -1.8591 -0.0400
-1.3533 -2.6538 -0.0400
-1.3228 -2.6893 -0.0400
-1.3105 -2.7241 -0.0400
-1.3086 -2.7589 -0.0400
-1.2060 -2.7881 -0.0400
-1.1608 -2.8180 -0.0400
-1.1510 -2.8496 -0.0400
-1.1462 -2.8814 -0.0400
-1.1469 -2.9140 -0.0400
-1.1535 -2.9475 -0.0400
-1.1328 -2.9770 -0.0400
-1.1181 -3.0071 -0.0400
-1.1094 -3.0380 -0.0400
-1.1057 -3.0699 -0.0400
-1.1279 -3.1080 -0.0400
-1.1607 -3.1499 -0.0400
-3.3300 -3.7750 -0.0400
-3.3142 -3.8462 -0.0400
-2.6568 -5.0454 -0.0400
-2.5285 -5.0400 -0.0400
-2.4692 -5.0825 -0.0400
-2.4441 -5.1509 -0.0400
-2.4730 -5.2647 -0.0400
-0.3208 -3.8090 -0.0400
-0.2875 -3.8107 -0.0400
-0.2528 -3.8096 -0.0400
-0.2269 -3.8183 -0.0400
-0.2064 -3.8334 -0.0400
-0.1901 -3.8541 -0.0400
-0.1742 -3.8758 -0.0400
-0.1607 -3.9014 -0.0400
-0.1792 -3.9760 -0.0400
-2.1283 -7.4255 -0.0400
-2.0265 -7.4417 -0.0400
-0.7918 -5.6209 -0.0400
-0.7297 -5.6244 -0.0400
1.3536 -8.6183 -0.0400
1.9123 -7.4478 -0.0400
1.9520 -7.2684 -0.0400
2.0205 -7.2066 -0.0400
2.1100 -7.2158 -0.0400
1.4445 -3.3556 -0.0400
1.4687 -3.3528 -0.0400
1.4947 -3.3508 -0.0400
3.5828 -3.4249 -0.0400
3.5420 -3.3614 -0.0400
3.5038 -3.3003 -0.0400
6.1460 -2.6357 -0.0400
6.1002 -2.5413 -0.0400
6.1481 -2.4442 -0.0400
1.3647 -1.5198 -0.0400
1.3322 -1.5291 -0.0400
1.3045 -1.5315 -0.0400
1.2753 -1.5378 -0.0400
1.2530 -1.5315 -0.0400
1.2316 -1.5237 -0.0400
1.2113 -1.5138 -0.0400
1.1940 -1.4966 -0.0400
1.1766 -1.4791 -0.0400
1.1604 -1.4573 -0.0400
1.1464 -1.4282 -0.0400
0.4045 0.5525 -0.0400
0.3552 0.4750 -0.0400
0.3013 0.4558 -0.0400
0.2446 0.4608 -0.0400
0.1709 0.5718 -0.0400
0.1004 0.6391 -0.0400
-3.0202 1.5692 -0.0400
-3.0811 1.4893 -0.0400
-3.2060 1.4789 -0.0400
-3.2934 0.4120 -0.0400
-3.3537 0.3470 -0.0400
-3.4528 0.3096 -0.0400
-4.2105 -1.5700 -0.0400
-4.1540 -1.6717 -0.0400
-4.1300 -1.7644 -0.0400
-4.0683 -1.8623 -0.0400
-4.1253 -1.9388 -0.0400
-1.3548 -2.6613 -0.0400
-1.3107 -2.6969 -0.0400
-1.2805 -2.7312 -0.0400
-1.2054 -2.7628 -0.0400
-1.1765 -2.7943 -0.0400
-1.1595 -2.8257 -0.0400
-1.1498 -2.8572 -0.0400
-1.1461 -2.8892 -0.0400
-1.1601 -2.9233 -0.0400
-1.1505 -2.9548 -0.0400
-1.1285 -2.9840 -0.0400
-1.1145 -3.0141 -0.0400
-1.1082 -3.0454 -0.0400
-1.1204 -3.0807 -0.0400
-1.1386 -3.1180 -0.0400
-3.3717 -3.7144 -0.0400
-3.3282 -3.7784 -0.0400
-2.6102 -5.0148 -0.0400
-2.5168 -5.0339 -0.0400
-2.4677 -5.0837 -0.0400
-2.4454 -5.1541 -0.0400
-0.3765 -3.8364 -0.0400
-0.3053 -3.7976 -0.0400
-0.2768 -3.8042 -0.0400
-0.2468 -3.8083 -0.0400
-0.2230 -3.8193 -0.0400
-0.2033 -3.8351 -0.0400
-0.1876 -3.8563 -0.0400
-0.1791 -3.8879 -0.0400
-0.1687 -3.9182 -0.0400
-2.1139 -7.3939 -0.0400
-2.0445 -7.4654 -0.0400
-0.8694 -5.6429 -0.0400
-0.7895 -5.6140 -0.0400
-0.7584 -5.6813 -0.0400
1.2406 -8.6521 -0.0400
1.3429 -8.6248 -0.0400
1.9019 -7.4521 -0.0400
1.9299 -7.2298 -0.0400
2.0110 -7.2138 -0.0400
2.1028 -7.2309 -0.0400
3.5626 -3.3817 -0.0400
3.5220 -3.3197 -0.0400
3.5032 -3.2639 -0.0400
3.5352 -3.2186 -0.0400
1.2814 -1.5399 -0.0400
1.2590 -1.5333 -0.0400
1.2375 -1.5254 -0.0400
1.2179 -1.5133 -0.0400
1.1991 -1.4991 -0.0400
1.1812 -1.4823 -0.0400
1.1644 -1.4617 -0.0400
1.1613 -1.4029 -0.0400
0.4130 0.4922 -0.0400
0.3593 0.4655 -0.0400
0.3033 0.4640 -0.0400
0.2419 0.5009 -0.0400
0.1743 0.5681 -0.0400
0.1079 0.6116 -0.0400
-2.9784 1.6752 -0.0400
-3.0060 1.5545 -0.0400
-3.0822 1.4919 -0.0400
-3.2101 1.4847 -0.0400
-3.2896 0.5213 -0.0400
-3.2886 0.4068 -0.0400
-3.3648 0.3538 -0.0400
-4.1147 -1.6833 -0.0400
-4.0577 -1.7818 -0.0400
-4.0856 -1.8627 -0.0400
-1.3567 -2.6333 -0.0400
-1.3235 -2.6695 -0.0400
-1.3109 -2.7046 -0.0400
-1.2867 -2.7390 -0.0400
-1.2052 -2.7706 -0.0400
-1.1607 -2.8013 -0.0400
-1.1515 -2.8330 -0.0400
-1.1488 -2.8650 -0.0400
-1.1502 -2.8975 -0.0400
-1.1608 -2.9312 -0.0400
-1.1464 -2.9620 -0.0400
-1.1255 -2.9913 -0.0400
-1.1128 -3.0216 -0.0400
-1.1141 -3.0543 -0.0400
-1.1239 -3.0891 -0.0400
-1.1518 -3.1287 -0.0400
-3.3659 -3.7170 -0.0400
-3.3524 -3.7889 -0.0400
-2.5721 -4.9910 -0.0400
-2.5070 -5.0296 -0.0400
-2.4777 -5.0940 -0.0400
-2.4555 -5.1647 -0.0400
-0.3424 -3.8064 -0.0400
-0.2973 -3.7954 -0.0400
-0.2656 -3.7979 -0.0400
-0.2401 -3.8069 -0.0400
-0.2193 -3.8211 -0.0400
-0.2005 -3.8379 -0.0400
-0.1865 -3.8611 -0.0400
-0.1796 -3.8947 -0.0400
-0.1706 -3.9269 -0.0400
-2.1125 -7.3852 -0.0400
-0.8481 -5.6015 -0.0400
-0.7834 -5.6005 -0.0400
1.3310 -8.6142 -0.0400
1.8529 -7.3027 -0.0400
1.9202 -7.2338 -0.0400
2.0009 -7.2168 -0.0400
2.0930 -7.2358 -0.0400
3.5882 -3.4574 -0.0400
3.5438 -3.3926 -0.0400
3.5019 -3.3305 -0.0400
3.4974 -3.2780 -0.0400
3.5148 -3.2301 -0.0400
3.5607 -3.1866 -0.0400
1.2241 -1.5150 -0.0400
1.2051 -1.5009 -0.0400
1.1869 -1.4844 -0.0400
1.1763 -1.4477 -0.0400
1.1646 -1.4107 -0.0400
0.4151 0.5151 -0.0400
0.3624 0.4719 -0.0400
0.3073 0.4608 -0.0400
0.2360 0.5705 -0.0400
0.1730 0.5985 -0.0400
-2.9676 1.6650 -0.0400
-3.0030 1.5534 -0.0400
-3.0917 1.5045 -0.0400
-3.2464 0.4854 -0.0400
-3.2901 0.4069 -0.0400
-3.3601 0.3491 -0.0400
-4.1870 -1.5815 -0.0400
-4.1160 -1.6862 -0.0400
-4.0630 -1.7841 -0.0400
-4.0779 -1.8674 -0.0400
-1.3235 -2.6421 -0.0400
-1.3108 -2.6774 -0.0400
-1.3093 -2.7123 -0.0400
-1.2066 -2.7454 -0.0400
-1.1772 -2.7775 -0.0400
-1.1603 -2.8092 -0.0400
-1.1510 -2.8409 -0.0400
-1.1483 -2.8729 -0.0400
-1.1642 -2.9068 -0.0400
-1.1484 -2.9376 -0.0400
-1.1282 -2.9673 -0.0400
-1.1163 -2.9978 -0.0400
-1.1115 -3.0293 -0.0400
-1.1141 -3.0622 -0.0400
-1.1267 -3.0976 -0.0400
-3.3840 -3.6505 -0.0400
-3.3448 -3.7160 -0.0400
-3.3541 -3.7936 -0.0400
-2.5579 -4.9844 -0.0400
-2.5059 -5.0321 -0.0400
-2.4739 -5.0944 -0.0400
-2.5033 -5.2052 -0.0400
-0.3775 -3.8123 -0.0400
-0.3195 -3.7891 -0.0400
-0.2855 -3.7897 -0.0400
-0.2581 -3.7967 -0.0400
-0.2349 -3.8081 -0.0400
-0.2155 -3.8237 -0.0400
-0.1996 -3.8439 -0.0400
-0.1884 -3.8707 -0.0400
-0.1854 -3.9097 -0.0400
-0.1843 -3.9533 -0.0400
-2.1130 -7.3808 -0.0400
-0.8377 -5.5819 -0.0400
-0.7807 -5.5951 -0.0400
-0.7416 -5.6440 -0.0400
1.2182 -8.6327 -0.0400
1.8160 -7.5507 -0.0400
1.8538 -7.3459 -0.0400
1.9128 -7.2443 -0.0400
1.9905 -7.2172 -0.0400
3.5548 -3.4106 -0.0400
3.5174 -3.3492 -0.0400
3.4951 -3.2927 -0.0400
3.5222 -3.2466 -0.0400
1.1828 -1.4488 -0.0400
1.1706 -1.4127 -0.0400
0.4219 0.4873 -0.0400
0.3672 0.4673 -0.0400
0.3099 0.4736 -0.0400
0.2406 0.5673 -0.0400
0.1793 0.5835 -0.0400
-2.9430 1.6388 -0.0400
-3.0034 1.5568 -0.0400
-3.0921 1.5077 -0.0400
-3.2375 0.4776 -0.0400
-3.2953 0.4105 -0.0400
-3.4357 0.4059 -0.0400
-4.2113 -1.4880 -0.0400
-4.1873 -1.5843 -0.0400
-4.1157 -1.6893 -0.0400
-4.0595 -1.7879 -0.0400
-1.3590 -2.6126 -0.0400
-1.3241 -2.6497 -0.0400
-1.3111 -2.6851 -0.0400
-1.3092 -2.7200 -0.0400
-1.1781 -2.7529 -0.0400
-1.1614 -2.7849 -0.0400
-1.1525 -2.8168 -0.0400
-1.1501 -2.8488 -0.0400
-1.1519 -2.8812 -0.0400
-1.1633 -2.9147 -0.0400
-1.1473 -2.9455 -0.0400
-1.1269 -2.9752 -0.0400
-1.1157 -3.0057 -0.0400
-1.1193 -3.0387 -0.0400
-1.1336 -3.0740 -0.0400
-1.1728 -3.1153 -0.0400
-3.3926 -3.6568 -0.0400
-3.3448 -3.7203 -0.0400
-3.3493 -3.7967 -0.0400
-2.6180 -4.9453 -0.0400
-2.5525 -4.9845 -0.0400
-2.5061 -5.0360 -0.0400
-2.4796 -5.1023 -0.0400
-0.3573 -3.7993 -0.0400
-0.3094 -3.7863 -0.0400
-0.2776 -3.7889 -0.0400
-0.2501 -3.7956 -0.0400
-0.2298 -3.8100 -0.0400
-0.2124 -3.8279 -0.0400
-0.1980 -3.8498 -0.0400
-0.1882 -3.8782 -0.0400
-0.1872 -3.9198 -0.0400
-2.1183 -7.3854 -0.0400
-0.8365 -5.5810 -0.0400
-0.7878 -5.6101 -0.0400
1.3115 -8.6163 -0.0400
1.8286 -7.2837 -0.0400
1.9020 -7.2401 -0.0400
1.9878 -7.2423 -0.0400
1.9441 -4.9882 -0.0400
1.9574 -4.9208 -0.0400
3.5310 -3.4199 -0.0400
3.4927 -3.3587 -0.0400
3.4904 -3.3067 -0.0400
3.5076 -3.2588 -0.0400
3.5491 -3.2148 -0.0400
0.4253 0.5085 -0.0400
0.3716 0.4725 -0.0400
0.3112 0.5042 -0.0400
0.2436 0.5802 -0.0400
0.1779 0.6236 -0.0400
-2.9355 1.6337 -0.0400
-3.0073 1.5650 -0.0400
-3.1086 1.5296 -0.0400
-3.2274 0.5856 -0.0400
-3.2366 0.4770 -0.0400
-3.2970 0.4117 -0.0400
-3.4219 0.3953 -0.0400
-4.1831 -1.4977 -0.0400
-4.1355 -1.5992 -0.0400
-4.0421 -1.7082 -0.0400
-4.0624 -1.7904 -0.0400
-1.3222 -2.6222 -0.0400
-1.3102 -2.6579 -0.0400
-1.3089 -2.6928 -0.0400
-1.2067 -2.7281 -0.0400
-1.1777 -2.7608 -0.0400
-1.1611 -2.7928 -0.0400
-1.1521 -2.8247 -0.0400
-1.1536 -2.8570 -0.0400
-1.1653 -2.8903 -0.0400
-1.1504 -2.9214 -0.0400
-1.1301 -2.9514 -0.0400
-1.1186 -2.9821 -0.0400
-1.1145 -3.0136 -0.0400
-1.1181 -3.0465 -0.0400
-1.1325 -3.0818 -0.0400
-3.4323 -3.5949 -0.0400
-3.3618 -3.6543 -0.0400
-3.3594 -3.7284 -0.0400
-2.5919 -4.9320 -0.0400
-2.5414 -4.9809 -0.0400
-2.5039 -5.0386 -0.0400
-2.5179 -5.1351 -0.0400
-0.3852 -3.7988 -0.0400
-0.3240 -3.7736 -0.0400
-0.2968 -3.7815 -0.0400
-0.2680 -3.7870 -0.0400
-0.2448 -3.7981 -0.0400
-0.2254 -3.8133 -0.0400
-0.2090 -3.8323 -0.0400
-0.2002 -3.8611 -0.0400
-0.1938 -3.8941 -0.0400
-2.2016 -7.3360 -0.0400
-0.8306 -5.5722 -0.0400
-0.7922 -5.6207 -0.0400
1.1996 -8.6279 -0.0400
1.7831 -7.4895 -0.0400
1.8252 -7.3059 -0.0400
1.8928 -7.2397 -0.0400
1.9756 -7.2325 -0.0400
1.9319 -4.9829 -0.0400
1.9484 -4.9216 -0.0400
1.9758 -4.8815 -0.0400
2.0168 -4.8643 -0.0400
2.0521 -4.8380 -0.0400
3.5683 -3.4978 -0.0400
3.5335 -3.4355 -0.0400
3.4962 -3.3743 -0.0400
3.4882 -3.3211 -0.0400
3.5196 -3.2760 -0.0400
6.1014 -2.7116 -0.0400
6.1343 -2.6160 -0.0400
0.5410 0.5636 -0.0400
0.4872 0.4936 -0.0400
0.4314 0.4790 -0.0400
0.3733 0.4923 -0.0400
0.3057 0.5836 -0.0400
-2.8255 1.8200 -0.0400
-2.8611 1.7030 -0.0400
-2.9339 1.6349 -0.0400
-3.0419 1.6083 -0.0400
-3.1524 0.6398 -0.0400
-3.1797 0.5456 -0.0400
-3.2609 0.4973 -0.0400
-4.1459 -1.4183 -0.0400
-4.0750 -1.5269 -0.0400
-4.0182 -1.6287 -0.0400
-4.0557 -1.7071 -0.0400
-1.3455 -2.5545 -0.0400
-1.3190 -2.5922 -0.0400
-1.3089 -2.6280 -0.0400
-1.2745 -2.6643 -0.0400
-1.1763 -2.7009 -0.0400
-1.1619 -2.7335 -0.0400
-1.1541 -2.7657 -0.0400
-1.1529 -2.7978 -0.0400
-1.1554 -2.8301 -0.0400
-1.1675 -2.8632 -0.0400
-1.1531 -2.8945 -0.0400
-1.1255 -2.9242 -0.0400
-1.1223 -2.9558 -0.0400
-1.1268 -2.9885 -0.0400
-1.1421 -3.0232 -0.0400
-1.1823 -3.0629 -0.0400
-3.4523 -3.5268 -0.0400
-3.3801 -3.5870 -0.0400
-3.3661 -3.6583 -0.0400
-2.7380 -4.8633 -0.0400
-2.6380 -4.8827 -0.0400
-2.5772 -4.9251 -0.0400
-2.5512 -4.9907 -0.0400
-0.3650 -3.7488 -0.0400
-0.3339 -3.7538 -0.0400
-0.3013 -3.7562 -0.0400
-0.2768 -3.7662 -0.0400
-0.2574 -3.7814 -0.0400
-0.2400 -3.7987 -0.0400
-0.2264 -3.8206 -0.0400
-0.2174 -3.8487 -0.0400
-0.2156 -3.8868 -0.0400
-2.2728 -7.2701 -0.0400
-0.9376 -5.5348 -0.0400
-0.8746 -5.5379 -0.0400
1.0914 -8.6419 -0.0400
1.6861 -7.4693 -0.0400
1.7315 -7.2898 -0.0400
1.8086 -7.2618 -0.0400
1.8989 -7.2839 -0.0400
1.8894 -5.0096 -0.0400
1.8955 -4.9279 -0.0400
1.9318 -4.9033 -0.0400
1.9722 -4.8859 -0.0400
2.0089 -4.8619 -0.0400
3.5510 -3.5571 -0.0400
3.5181 -3.4944 -0.0400
3.4851 -3.4334 -0.0400
3.4729 -3.3788 -0.0400
3.4981 -3.3329 -0.0400
3.5612 -3.2938 -0.0400
6.1117 -2.8191 -0.0400
6.1077 -2.7241 -0.0400
0.4939 0.4857 -0.0400
0.4369 0.4866 -0.0400
0.3757 0.5296 -0.0400
0.3099 0.5983 -0.0400
0.2415 0.6674 -0.0400
-2.7921 1.7827 -0.0400
-2.8497 1.6944 -0.0400
-2.9537 1.6644 -0.0400
-3.1296 0.6212 -0.0400
-3.1802 0.5472 -0.0400
-3.2693 0.5054 -0.0400
-4.1325 -1.3330 -0.0400
-4.0920 -1.4354 -0.0400
-4.0751 -1.5293 -0.0400
-4.0181 -1.6313 -0.0400
-1.3360 -2.5626 -0.0400
-1.3159 -2.5998 -0.0400
-1.2444 -2.6392 -0.0400
-1.1975 -2.6750 -0.0400
-1.1729 -2.7086 -0.0400
-1.1607 -2.7412 -0.0400
-1.1534 -2.7734 -0.0400
-1.1566 -2.8057 -0.0400
-1.1696 -2.8386 -0.0400
-1.1540 -2.8702 -0.0400
-1.1352 -2.9010 -0.0400
-1.1247 -2.9321 -0.0400
-1.1215 -2.9637 -0.0400
-1.1258 -2.9964 -0.0400
-1.1845 -3.0377 -0.0400
-3.4464 -3.4555 -0.0400
-3.4019 -3.5217 -0.0400
-3.3767 -3.5909 -0.0400
-3.4313 -3.6775 -0.0400
-2.7060 -4.8481 -0.0400
-2.6124 -4.8709 -0.0400
-2.5787 -4.9309 -0.0400
-2.5624 -5.0031 -0.0400
-2.5970 -5.1132 -0.0400
-0.3490 -3.7429 -0.0400
-0.3209 -3.7503 -0.0400
-0.2918 -3.7559 -0.0400
-0.2701 -3.7687 -0.0400
-0.2524 -3.7855 -0.0400
-0.2384 -3.8065 -0.0400
-0.2295 -3.8339 -0.0400
-0.2291 -3.8725 -0.0400
-0.2284 -3.9125 -0.0400
-2.2780 -7.2766 -0.0400
-0.9303 -5.5267 -0.0400
-0.8732 -5.5395 -0.0400
1.0827 -8.6268 -0.0400
1.6835 -7.4935 -0.0400
1.7293 -7.3136 -0.0400
1.8002 -7.2596 -0.0400
1.8607 -4.9704 -0.0400
1.8897 -4.9322 -0.0400
1.9251 -4.9063 -0.0400
1.9657 -4.8895 -0.0400
2.0114 -4.8804 -0.0400
3.5103 -3.5069 -0.0400
3.4786 -3.4463 -0.0400
3.4687 -3.3923 -0.0400
3.4921 -3.3462 -0.0400
3.5407 -3.3044 -0.0400
6.0969 -2.8376 -0.0400
6.1373 -2.7427 -0.0400
0.5560 0.5292 -0.0400
0.5004 0.4912 -0.0400
0.4438 0.4825 -0.0400
0.3845 0.5047 -0.0400
0.3133 0.6262 -0.0400
-2.7787 1.7723 -0.0400
-2.8454 1.6955 -0.0400
-2.9345 1.6472 -0.0400
-3.1239 0.6182 -0.0400
-3.1822 0.5507 -0.0400
-3.3343 0.5608 -0.0400
-4.1347 -1.3341 -0.0400
-4.0538 -1.4479 -0.0400
-4.0261 -1.5441 -0.0400
-4.0400 -1.6284 -0.0400
-1.3584 -2.5314 -0.0400
-1.3245 -2.5708 -0.0400
-1.3055 -2.6078 -0.0400
-1.2232 -2.6479 -0.0400
-1.1884 -2.6829 -0.0400
-1.1678 -2.7163 -0.0400
-1.1524 -2.7489 -0.0400
-1.1540 -2.7811 -0.0400
-1.1581 -2.8135 -0.0400
-1.1709 -2.8464 -0.0400
-1.1508 -2.8777 -0.0400
-1.1268 -2.9082 -0.0400
-1.1244 -2.9399 -0.0400
-1.1294 -2.9726 -0.0400
-1.1448 -3.0069 -0.0400
-1.1833 -3.0454 -0.0400
-3.4326 -3.4576 -0.0400
-3.4112 -3.5280 -0.0400
-3.4059 -3.6014 -0.0400
-2.6562 -4.8224 -0.0400
-2.6092 -4.8739 -0.0400
-2.5803 -4.9370 -0.0400
-2.5725 -5.0150 -0.0400
-0.3716 -3.7395 -0.0400
-0.3389 -3.7431 -0.0400
-0.3057 -3.7452 -0.0400
-0.2845 -3.7585 -0.0400
-0.2648 -3.7730 -0.0400
-0.2483 -3.7910 -0.0400
-0.2373 -3.8153 -0.0400
-0.2338 -3.8491 -0.0400
-0.2280 -3.8813 -0.0400
-2.3784 -7.2555 -0.0400
-2.2770 -7.2746 -0.0400
-0.9185 -5.5116 -0.0400
-0.8786 -5.5543 -0.0400
0.9731 -8.6342 -0.0400
1.6059 -7.5753 -0.0400
1.6493 -7.3639 -0.0400
1.7150 -7.2820 -0.0400
1.7947 -7.2664 -0.0400
1.8875 -7.3000 -0.0400
1.8596 -4.9822 -0.0400
1.8851 -4.9375 -0.0400
1.9191 -4.9094 -0.0400
1.9579 -4.8899 -0.0400
2.0029 -4.8802 -0.0400
3.5224 -3.5244 -0.0400
3.4669 -3.4576 -0.0400
3.4646 -3.4056 -0.0400
3.4901 -3.3601 -0.0400
3.5406 -3.3188 -0.0400
6.2787 -2.9571 -0.0400
6.0963 -2.8561 -0.0400
6.1124 -2.7614 -0.0400
0.5627 0.5530 -0.0400
0.5081 0.4863 -0.0400
0.4499 0.4973 -0.0400
0.3837 0.5921 -0.0400
0.3221 0.6110 -0.0400
-2.7401 1.8969 -0.0400
-2.7722 1.7717 -0.0400
-2.8432 1.7001 -0.0400
-2.9394 1.6602 -0.0400
-3.1229 0.6201 -0.0400
-3.1835 0.5543 -0.0400
-4.1239 -1.3388 -0.0400
-4.0508 -1.4505 -0.0400
-3.9943 -1.5542 -0.0400
-4.0356 -1.6314 -0.0400
-1.3319 -2.5412 -0.0400
-1.3046 -2.5797 -0.0400
-1.2560 -2.6188 -0.0400
-1.2033 -2.6563 -0.0400
-1.1787 -2.6906 -0.0400
-1.1552 -2.7240 -0.0400
-1.1518 -2.7564 -0.0400
-1.1548 -2.7886 -0.0400
-1.1614 -2.8211 -0.0400
-1.1475 -2.8530 -0.0400
-1.1338 -2.8844 -0.0400
-1.1261 -2.9159 -0.0400
-1.1245 -2.9478 -0.0400
-1.1302 -2.9805 -0.0400
-1.1908 -3.0208 -0.0400
-3.4393 -3.3890 -0.0400
-3.4407 -3.4633 -0.0400
-3.3870 -3.5280 -0.0400
-3.3921 -3.6030 -0.0400
-2.7270 -4.7896 -0.0400
-2.6529 -4.8256 -0.0400
-2.6067 -4.8775 -0.0400
-2.5799 -4.9419 -0.0400
-0.3497 -3.7295 -0.0400
-0.3226 -3.7378 -0.0400
-0.2955 -3.7455 -0.0400
-0.2767 -3.7609 -0.0400
-0.2596 -3.7780 -0.0400
-0.2477 -3.8008 -0.0400
-0.2356 -3.8239 -0.0400
-0.2382 -3.8647 -0.0400
-0.2454 -3.9129 -0.0400
-2.3515 -7.2165 -0.0400
-0.9827 -5.5160 -0.0400
-0.9156 -5.5126 -0.0400
-0.8799 -5.5626 -0.0400
0.9669 -8.6372 -0.0400
1.6666 -7.4776 -0.0400
1.7081 -7.2797 -0.0400
1.7935 -7.2886 -0.0400
1.8442 -4.9654 -0.0400
1.8762 -4.9337 -0.0400
1.9148 -4.9143 -0.0400
1.9518 -4.8922 -0.0400
1.9937 -4.8778 -0.0400
1.3700 -3.4826 -0.0400
3.5008 -3.5326 -0.0400
3.4749 -3.4736 -0.0400
3.4594 -3.4184 -0.0400
3.4752 -3.3709 -0.0400
6.2910 -2.9761 -0.0400
6.0945 -2.8744 -0.0400
4.2250 1.9020 -0.0400
0.5727 0.5045 -0.0400
0.5159 0.4874 -0.0400
0.4581 0.4928 -0.0400
0.3963 0.5380 -0.0400
0.3236 0.6685 -0.0400
-2.7433 1.9108 -0.0400
-2.7692 1.7765 -0.0400
-2.8401 1.7046 -0.0400
-3.0969 0.7213 -0.0400
-3.1223 0.6229 -0.0400
-3.2038 0.5749 -0.0400
-4.0814 -1.3527 -0.0400
-4.0466 -1.4531 -0.0400
-3.9957 -1.5555 -0.0400
-4.0551 -1.6284 -0.0400
-1.3319 -2.5118 -0.0400
-1.3140 -2.5499 -0.0400
-1.3063 -2.5862 -0.0400
-1.2113 -2.6293 -0.0400
-1.1846 -2.6645 -0.0400
-1.1575 -2.6987 -0.0400
-1.1526 -2.7313 -0.0400
-1.1531 -2.7636 -0.0400
-1.1560 -2.7960 -0.0400
-1.1638 -2.8286 -0.0400
-1.1426 -2.8602 -0.0400
-1.1305 -2.8917 -0.0400
-1.1254 -2.9234 -0.0400
-1.1357 -2.9565 -0.0400
-1.1538 -2.9909 -0.0400
-1.1998 -3.0296 -0.0400
-3.4359 -3.3928 -0.0400
-3.4570 -3.4703 -0.0400
-3.3973 -3.5343 -0.0400
-2.7315 -4.7975 -0.0400
-2.6519 -4.8303 -0.0400
-2.6144 -4.8878 -0.0400
-2.6153 -4.9706 -0.0400
-0.3636 -3.7192 -0.0400
-0.3350 -3.7265 -0.0400
-0.3111 -3.7375 -0.0400
-0.2900 -3.7507 -0.0400
-0.2713 -3.7662 -0.0400
-0.2563 -3.7854 -0.0400
-0.2500 -3.8143 -0.0400
-0.2419 -3.8420 -0.0400
-0.2398 -3.8775 -0.0400
-2.3548 -7.2222 -0.0400
-0.9646 -5.4931 -0.0400
-0.9174 -5.5224 -0.0400
0.9611 -8.6362 -0.0400
1.5824 -7.5152 -0.0400
1.6316 -7.3362 -0.0400
1.7015 -7.2764 -0.0400
1.7836 -7.2729 -0.0400
1.8812 -7.3266 -0.0400
1.8440 -4.9763 -0.0400
1.8724 -4.9381 -0.0400
1.9080 -4.9137 -0.0400
1.9483 -4.8976 -0.0400
2.0014 -4.9017 -0.0400
1.3684 -3.4895 -0.0400
1.3526 -3.4493 -0.0400
1.3591 -3.4328 -0.0400
1.3673 -3.4181 -0.0400
3.4557 -3.4312 -0.0400
3.4805 -3.3857 -0.0400
3.5207 -3.3428 -0.0400
6.2858 -2.9943 -0.0400
6.0946 -2.8926 -0.0400
6.1531 -2.7982 -0.0400
4.2462 1.9001 -0.0400
2.2196 -0.3659 -0.0400
0.6379 0.5774 -0.0400
0.5813 0.5059 -0.0400
0.5244 0.4887 -0.0400
0.4665 0.4917 -0.0400
0.3986 0.6052 -0.0400
0.3347 0.6416 -0.0400
-2.7567 1.7698 -0.0400
-2.8538 1.7312 -0.0400
-3.0771 0.7075 -0.0400
-3.1197 0.6247 -0.0400
-3.2407 0.6107 -0.0400
-4.0963 -1.2570 -0.0400
-4.0267 -1.3700 -0.0400
-3.9795 -1.4731 -0.0400
-3.9936 -1.5573 -0.0400
-1.3608 -2.4773 -0.0400
-1.3268 -2.5187 -0.0400
-1.3028 -2.5576 -0.0400
-1.3036 -2.5929 -0.0400
-1.1841 -2.6382 -0.0400
-1.1672 -2.6724 -0.0400
-1.1592 -2.7056 -0.0400
-1.1518 -2.7383 -0.0400
-1.1549 -2.7707 -0.0400
-1.1739 -2.8032 -0.0400
-1.1505 -2.8355 -0.0400
-1.1366 -2.8673 -0.0400
-1.1276 -2.8990 -0.0400
-1.1301 -2.9312 -0.0400
-1.1399 -2.9644 -0.0400
-1.1606 -2.9992 -0.0400
-3.4423 -3.3241 -0.0400
-3.4709 -3.4020 -0.0400
-3.3986 -3.4649 -0.0400
-3.3925 -3.5377 -0.0400
-2.7796 -4.7501 -0.0400
-2.6886 -4.7777 -0.0400
-2.6382 -4.8274 -0.0400
-2.6097 -4.8903 -0.0400
-2.6072 -4.9707 -0.0400
-0.3824 -3.7133 -0.0400
-0.3498 -3.7177 -0.0400
-0.3240 -3.7272 -0.0400
-0.3020 -3.7398 -0.0400
-0.2823 -3.7542 -0.0400
-0.2673 -3.7732 -0.0400
-0.2544 -3.7945 -0.0400
-0.2438 -3.8187 -0.0400
-0.2541 -3.8670 -0.0400
-2.3655 -7.2393 -0.0400
-1.0282 -5.4968 -0.0400
-0.9560 -5.4864 -0.0400
-0.9131 -5.5226 -0.0400
1.5809 -7.5346 -0.0400
1.6182 -7.2958 -0.0400
1.6972 -7.2806 -0.0400
1.7864 -7.3075 -0.0400
1.8091 -5.0135 -0.0400
1.8325 -4.9646 -0.0400
1.8660 -4.9364 -0.0400
1.9061 -4.9205 -0.0400
1.9416 -4.8965 -0.0400
1.9873 -4.8893 -0.0400
1.3472 -3.4750 -0.0400
1.3493 -3.4537 -0.0400
1.3552 -3.4367 -0.0400
1.3629 -3.4219 -0.0400
1.3726 -3.4092 -0.0400
1.3853 -3.3990 -0.0400
1.3997 -3.3903 -0.0400
6.1442 -3.0070 -0.0400
6.0923 -2.9105 -0.0400
6.1522 -2.8163 -0.0400
4.2563 1.8831 -0.0400
2.2394 -0.3594 -0.0400
1.4647 -1.5433 -0.0400
1.4282 -1.5549 -0.0400
1.3923 -1.5674 -0.0400
0.6478 0.5499 -0.0400
0.5906 0.5035 -0.0400
0.5334 0.4887 -0.0400
0.4725 0.5335 -0.0400
0.4075 0.6054 -0.0400
0.3439 0.6381 -0.0400
-2.6929 1.8637 -0.0400
-2.7527 1.7751 -0.0400
-2.8430 1.7277 -0.0400
-3.0693 0.7053 -0.0400
-3.1187 0.6286 -0.0400
-4.0965 -1.2572 -0.0400
-4.0193 -1.3728 -0.0400
-3.9710 -1.4762 -0.0400
-4.0278 -1.5492 -0.0400
-1.3335 -2.4873 -0.0400
-1.3158 -2.5262 -0.0400
-1.3022 -2.5637 -0.0400
-1.2001 -2.6097 -0.0400
-1.1798 -2.6450 -0.0400
-1.1566 -2.6797 -0.0400
-1.1527 -2.7125 -0.0400
-1.1540 -2.7450 -0.0400
-1.1600 -2.7774 -0.0400
-1.1714 -2.8101 -0.0400
-1.1402 -2.8422 -0.0400
-1.1303 -2.8741 -0.0400
-1.1289 -2.9062 -0.0400
-1.1354 -2.9389 -0.0400
-1.1499 -2.9726 -0.0400
-1.1802 -3.0086 -0.0400
-3.4448 -3.3283 -0.0400
-3.4533 -3.4035 -0.0400
-3.3970 -3.4688 -0.0400
-3.3924 -3.5418 -0.0400
-2.8230 -4.7798 -0.0400
-2.6928 -4.7857 -0.0400
-2.6401 -4.8342 -0.0400
-2.6332 -4.9108 -0.0400
-0.4111 -3.7154 -0.0400
-0.3690 -3.7128 -0.0400
-0.3393 -3.7194 -0.0400
-0.3152 -3.7303 -0.0400
-0.2929 -3.7424 -0.0400
-0.2774 -3.7607 -0.0400
-0.2640 -3.7812 -0.0400
-0.2532 -3.8047 -0.0400
-0.2615 -3.8494 -0.0400
-2.4322 -7.1724 -0.0400
-2.3614 -7.2353 -0.0400
-1.0187 -5.4898 -0.0400
-0.9526 -5.4890 -0.0400
-0.9192 -5.5409 -0.0400
1.4973 -7.5726 -0.0400
1.5486 -7.3848 -0.0400
1.6150 -7.3016 -0.0400
1.6919 -7.2774 -0.0400
1.7774 -7.2902 -0.0400
1.8226 -5.0495 -0.0400
1.8333 -4.9749 -0.0400
1.8624 -4.9388 -0.0400
1.9001 -4.9191 -0.0400
1.9404 -4.9036 -0.0400
2.0038 -4.9254 -0.0400
1.3476 -3.4824 -0.0400
1.3472 -3.4586 -0.0400
1.3521 -3.4409 -0.0400
1.3575 -3.4240 -0.0400
1.3682 -3.4124 -0.0400
1.3805 -3.4023 -0.0400
1.3947 -3.3936 -0.0400
1.4223 -3.3956 -0.0400
6.1089 -3.0233 -0.0400
6.0817 -2.9279 -0.0400
4.2752 1.8771 -0.0400
2.2400 -0.3841 -0.0400
2.1837 -0.3800 -0.0400
1.4348 -1.5660 -0.0400
1.4056 -1.5664 -0.0400
1.3746 -1.5712 -0.0400
1.3506 -1.5641 -0.0400
1.3269 -1.5565 -0.0400
0.4810 0.5478 -0.0400
0.4166 0.6093 -0.0400
0.3526 0.6439 -0.0400
-2.6700 1.8444 -0.0400
-2.7515 1.7853 -0.0400
-2.8746 1.7793 -0.0400
-3.0665 0.7086 -0.0400
-3.1406 0.6538 -0.0400
-4.0409 -1.2750 -0.0400
-4.0190 -1.3730 -0.0400
-3.9702 -1.4769 -0.0400
-4.0213 -1.5514 -0.0400
-1.3696 -2.4498 -0.0400
-1.3317 -2.4931 -0.0400
-1.3056 -2.5332 -0.0400
-1.2533 -2.5754 -0.0400
-1.1837 -2.6174 -0.0400
-1.1693 -2.6520 -0.0400
-1.1538 -2.6861 -0.0400
-1.1512 -2.7190 -0.0400
-1.1545 -2.7515 -0.0400
-1.1721 -2.7838 -0.0400
-1.1552 -2.8167 -0.0400
-1.1316 -2.8488 -0.0400
-1.1280 -2.8809 -0.0400
-1.1275 -2.9131 -0.0400
-1.1451 -2.9466 -0.0400
-1.1667 -2.9812 -0.0400
-3.4430 -3.2582 -0.0400
-3.4519 -3.3329 -0.0400
-3.4299 -3.4039 -0.0400
-3.3943 -3.4722 -0.0400
-2.7345 -4.7356 -0.0400
-2.6718 -4.7790 -0.0400
-2.6348 -4.8366 -0.0400
-2.6215 -4.9090 -0.0400
-0.3968 -3.7145 -0.0400
-0.3587 -3.7150 -0.0400
-0.3235 -3.7166 -0.0400
-0.3039 -3.7313 -0.0400
-0.2871 -3.7483 -0.0400
-0.2726 -3.7675 -0.0400
-0.2607 -3.7895 -0.0400
-0.2649 -3.8287 -0.0400
-0.2734 -3.8740 -0.0400
-2.4267 -7.1673 -0.0400
-1.0636 -5.4650 -0.0400
-0.9993 -5.4682 -0.0400
-0.9488 -5.4914 -0.0400
0.8451 -8.6320 -0.0400
0.9468 -8.6262 -0.0400
1.4904 -7.5542 -0.0400
1.5427 -7.3730 -0.0400
1.6108 -7.3001 -0.0400
1.6924 -7.2984 -0.0400
1.7982 -5.0080 -0.0400
1.8238 -4.9643 -0.0400
1.8577 -4.9379 -0.0400
1.8982 -4.9235 -0.0400
1.9336 -4.9001 -0.0400
1.9815 -4.8973 -0.0400
1.3526 -3.4937 -0.0400
1.3470 -3.4646 -0.0400
1.3455 -3.4407 -0.0400
1.3538 -3.4271 -0.0400
1.3640 -3.4152 -0.0400
1.3758 -3.4048 -0.0400
1.3954 -3.4011 -0.0400
1.4157 -3.3973 -0.0400
1.4563 -3.4091 -0.0400
6.1221 -3.0412 -0.0400
6.0805 -2.9453 -0.0400
6.1179 -2.8515 -0.0400
4.2915 1.8675 -0.0400
2.1942 -0.3893 -0.0400
1.4574 -1.5503 -0.0400
1.4150 -1.5731 -0.0400
1.3878 -1.5706 -0.0400
1.3604 -1.5696 -0.0400
1.3374 -1.5604 -0.0400
1.3160 -1.5481 -0.0400
1.2952 -1.5341 -0.0400
1.2784 -1.5104 -0.0400
-2.6726 1.8613 -0.0400
-2.7424 1.7858 -0.0400
-2.8460 1.7547 -0.0400
-3.0048 0.7817 -0.0400
-3.0537 0.7033 -0.0400
-3.1364 0.6564 -0.0400
-4.1090 -1.1584 -0.0400
-4.0236 -1.2801 -0.0400
-3.9803 -1.3845 -0.0400
-3.9741 -1.4757 -0.0400
-1.3338 -2.4611 -0.0400
-1.3052 -2.5025 -0.0400
-1.2986 -2.5395 -0.0400
-1.1988 -2.5876 -0.0400
-1.1818 -2.6233 -0.0400
-1.1585 -2.6588 -0.0400
-1.1504 -2.6923 -0.0400
-1.1525 -2.7250 -0.0400
-1.1566 -2.7576 -0.0400
-1.1682 -2.7901 -0.0400
-1.1377 -2.8230 -0.0400
-1.1300 -2.8553 -0.0400
-1.1293 -2.8876 -0.0400
-1.1342 -2.9201 -0.0400
-1.1654 -2.9548 -0.0400
-1.2227 -2.9929 -0.0400
-3.4453 -3.2618 -0.0400
-3.4735 -3.3391 -0.0400
-3.4125 -3.4050 -0.0400
-3.4244 -3.4807 -0.0400
-2.7070 -4.7258 -0.0400
-2.6655 -4.7809 -0.0400
-2.6472 -4.8497 -0.0400
-2.6696 -4.9448 -0.0400
-0.4016 -3.6974 -0.0400
-0.3655 -3.7000 -0.0400
-0.3386 -3.7091 -0.0400
-0.3165 -3.7218 -0.0400
-0.2976 -3.7370 -0.0400
-0.2815 -3.7546 -0.0400
-0.2742 -3.7807 -0.0400
-0.2674 -3.8081 -0.0400
-0.2665 -3.8422 -0.0400
-2.5092 -7.1240 -0.0400
-2.4406 -7.1895 -0.0400
-0.9905 -5.4635 -0.0400
-0.9554 -5.5113 -0.0400
0.8414 -8.6224 -0.0400
1.4825 -7.5261 -0.0400
1.5359 -7.3532 -0.0400
1.6053 -7.2894 -0.0400
1.6886 -7.2972 -0.0400
1.8041 -5.0264 -0.0400
1.8178 -4.9590 -0.0400
1.8558 -4.9410 -0.0400
1.8927 -4.9206 -0.0400
1.9344 -4.9084 -0.0400
1.3377 -3.4833 -0.0400
1.3384 -3.4613 -0.0400
1.3436 -3.4445 -0.0400
1.3510 -3.4301 -0.0400
1.3603 -3.4177 -0.0400
1.3740 -3.4093 -0.0400
1.3893 -3.4021 -0.0400
1.4083 -3.3976 -0.0400
1.4365 -3.3999 -0.0400
6.0731 -2.9622 -0.0400
4.3044 1.8530 -0.0400
2.2065 -0.3961 -0.0400
1.4712 -1.5502 -0.0400
1.4341 -1.5631 -0.0400
1.3985 -1.5754 -0.0400
1.3728 -1.5707 -0.0400
1.3478 -1.5651 -0.0400
1.3256 -1.5542 -0.0400
1.3064 -1.5367 -0.0400
1.2867 -1.5196 -0.0400
1.2736 -1.4856 -0.0400
1.2581 -1.4553 -0.0400
-2.6004 1.9497 -0.0400
-2.6559 1.8525 -0.0400
-2.7451 1.8030 -0.0400
-3.0113 0.7959 -0.0400
-3.0507 0.7079 -0.0400
-3.1266 0.6546 -0.0400
-4.0740 -1.1692 -0.0400
-4.0037 -1.2856 -0.0400
-3.9814 -1.3835 -0.0400
-3.9814 -1.4731 -0.0400
-1.3257 -2.4672 -0.0400
-1.3043 -2.5074 -0.0400
-1.2283 -2.5544 -0.0400
-1.1823 -2.5949 -0.0400
-1.1592 -2.6311 -0.0400
-1.1507 -2.6650 -0.0400
-1.1493 -2.6981 -0.0400
-1.1528 -2.7307 -0.0400
-1.1654 -2.7631 -0.0400
-1.1510 -2.7964 -0.0400
-1.1325 -2.8291 -0.0400
-1.1289 -2.8615 -0.0400
-1.1313 -2.8939 -0.0400
-1.1515 -2.9274 -0.0400
-1.1729 -2.9617 -0.0400
-3.4522 -3.1921 -0.0400
-3.4436 -3.2648 -0.0400
-3.4302 -3.3370 -0.0400
-3.4024 -3.4070 -0.0400
-3.4036 -3.4809 -0.0400
-2.7908 -4.6981 -0.0400
-2.7093 -4.7325 -0.0400
-2.6630 -4.7850 -0.0400
-2.6390 -4.8503 -0.0400
-0.3928 -3.7014 -0.0400
-0.3580 -3.7050 -0.0400
-0.3256 -3.7094 -0.0400
-0.3075 -3.7253 -0.0400
-0.2923 -3.7437 -0.0400
-0.2796 -3.7645 -0.0400
-0.2703 -3.7887 -0.0400
-0.2648 -3.8174 -0.0400
-0.2678 -3.8555 -0.0400
-2.5019 -7.1176 -0.0400
-1.0349 -5.4402 -0.0400
-0.9886 -5.4699 -0.0400
0.8385 -8.6223 -0.0400
1.4751 -7.4973 -0.0400
1.5291 -7.3301 -0.0400
1.6023 -7.2882 -0.0400
1.6875 -7.3059 -0.0400
1.7785 -5.0777 -0.0400
1.7872 -4.9971 -0.0400
1.8162 -4.9612 -0.0400
1.8516 -4.9384 -0.0400
1.8906 -4.9224 -0.0400
1.9428 -4.9286 -0.0400
1.3435 -3.4940 -0.0400
1.3394 -3.4670 -0.0400
1.3384 -3.4441 -0.0400
1.3469 -3.4312 -0.0400
1.3572 -3.4200 -0.0400
1.3693 -3.4104 -0.0400
1.3835 -3.4026 -0.0400
1.4007 -3.3969 -0.0400
2.2786 -0.4025 -0.0400
2.2204 -0.4006 -0.0400
1.4902 -1.5420 -0.0400
1.4488 -1.5615 -0.0400
1.4104 -1.5784 -0.0400
1.3841 -1.5746 -0.0400
1.3596 -1.5678 -0.0400
1.3363 -1.5588 -0.0400
1.3150 -1.5455 -0.0400
1.2980 -1.5223 -0.0400
1.2796 -1.5010 -0.0400
1.2732 -1.4479 -0.0400
-2.6354 2.0164 -0.0400
-2.6557 1.8675 -0.0400
-2.7627 1.8413 -0.0400
-2.9653 0.8879 -0.0400
-2.9877 0.7815 -0.0400
-3.0536 0.7189 -0.0400
-3.1791 0.7102 -0.0400
-4.0706 -1.1686 -0.0400
-4.0020 -1.2847 -0.0400
-3.9607 -1.3887 -0.0400
-4.0179 -1.4615 -0.0400
-1.3560 -2.4282 -0.0400
-1.3083 -2.4745 -0.0400
-1.2973 -2.5129 -0.0400
-1.2137 -2.5612 -0.0400
-1.1767 -2.6004 -0.0400
-1.1570 -2.6363 -0.0400
-1.1472 -2.6705 -0.0400
-1.1505 -2.7032 -0.0400
-1.1602 -2.7357 -0.0400
-1.1615 -2.7687 -0.0400
-1.1380 -2.8022 -0.0400
-1.1316 -2.8349 -0.0400
-1.1279 -2.8673 -0.0400
-1.1370 -2.9001 -0.0400
-1.1635 -2.9340 -0.0400
-1.1947 -2.9693 -0.0400
-3.4486 -3.1945 -0.0400
-3.4659 -3.2700 -0.0400
-3.4291 -3.3399 -0.0400
-3.4084 -3.4109 -0.0400
-3.4524 -3.4917 -0.0400
-2.7441 -4.6786 -0.0400
-2.6948 -4.7299 -0.0400
-2.6678 -4.7932 -0.0400
-2.6665 -4.8724 -0.0400
-0.3996 -3.6863 -0.0400
-0.3661 -3.6914 -0.0400
-0.3405 -3.7019 -0.0400
-0.3194 -3.7155 -0.0400
-0.3017 -3.7317 -0.0400
-0.2868 -3.7503 -0.0400
-0.2826 -3.7790 -0.0400
-0.2788 -3.8089 -0.0400
-0.2860 -3.8505 -0.0400
-2.4999 -7.1186 -0.0400
-1.0902 -5.4328 -0.0400
-1.0280 -5.4397 -0.0400
-0.9893 -5.4808 -0.0400
0.7349 -8.6340 -0.0400
1.4506 -7.3579 -0.0400
1.5216 -7.2999 -0.0400
1.5988 -7.2817 -0.0400
1.6902 -7.3296 -0.0400
1.7781 -4.9823 -0.0400
1.8123 -4.9575 -0.0400
1.8526 -4.9445 -0.0400
1.8877 -4.9216 -0.0400
1.9327 -4.9160 -0.0400
1.3312 -3.4846 -0.0400
1.3323 -3.4635 -0.0400
1.3375 -3.4472 -0.0400
1.3447 -3.4333 -0.0400
1.3540 -3.4214 -0.0400
1.3682 -3.4140 -0.0400
1.3839 -3.4077 -0.0400
1.4041 -3.4047 -0.0400
2.3032 -0.3910 -0.0400
2.2367 -0.4017 -0.0400
2.1852 -0.3901 -0.0400
1.4535 -1.5780 -0.0400
1.4236 -1.5795 -0.0400
1.3964 -1.5770 -0.0400
1.3710 -1.5717 -0.0400
1.3472 -1.5636 -0.0400
1.3257 -1.5507 -0.0400
1.3051 -1.5355 -0.0400
1.2904 -1.5053 -0.0400
1.2739 -1.4779 -0.0400
-2.5777 1.9502 -0.0400
-2.6411 1.8635 -0.0400
-2.7364 1.8216 -0.0400
-2.9921 0.7952 -0.0400
-3.0449 0.7197 -0.0400
-4.0731 -1.1654 -0.0400
-4.0056 -1.2816 -0.0400
-3.9589 -1.3876 -0.0400
-1.3452 -2.4340 -0.0400
-1.3046 -2.4790 -0.0400
-1.2973 -2.5169 -0.0400
-1.1926 -2.5685 -0.0400
-1.1629 -2.6066 -0.0400
-1.1514 -2.6415 -0.0400
-1.1471 -2.6752 -0.0400
-1.1516 -2.7080 -0.0400
-1.1620 -2.7405 -0.0400
-1.1467 -2.7744 -0.0400
-1.1329 -2.8076 -0.0400
-1.1284 -2.8403 -0.0400
-1.1331 -2.8729 -0.0400
-1.1504 -2.9061 -0.0400
-1.1655 -2.9398 -0.0400
-3.4809 -3.1255 -0.0400
-3.4434 -3.1966 -0.0400
-3.4736 -3.2733 -0.0400
-3.4187 -3.3413 -0.0400
-3.4118 -3.4142 -0.0400
-2.8387 -4.6545 -0.0400
-2.7442 -4.6838 -0.0400
-2.6933 -4.7344 -0.0400
-2.6636 -4.7962 -0.0400
-0.4516 -3.7040 -0.0400
-0.3916 -3.6910 -0.0400
-0.3490 -3.6890 -0.0400
-0.3285 -3.7033 -0.0400
-0.3114 -3.7201 -0.0400
-0.2971 -3.7392 -0.0400
-0.2858 -3.7611 -0.0400
-0.2781 -3.7866 -0.0400
-0.2751 -3.8171 -0.0400
-0.2857 -3.8623 -0.0400
-1.0839 -5.4335 -0.0400
-1.0228 -5.4419 -0.0400
-0.9895 -5.4913 -0.0400
0.7330 -8.6219 -0.0400
1.4488 -7.3555 -0.0400
1.5186 -7.2914 -0.0400
1.5979 -7.2854 -0.0400
1.7507 -5.0242 -0.0400
1.7773 -4.9829 -0.0400
1.8109 -4.9573 -0.0400
1.8495 -4.9416 -0.0400
1.8907 -4.9303 -0.0400
1.3370 -3.4936 -0.0400
1.3267 -3.4608 -0.0400
1.3332 -3.4462 -0.0400
1.3416 -3.4337 -0.0400
1.3518 -3.4229 -0.0400
1.3638 -3.4139 -0.0400
1.3781 -3.4066 -0.0400
1.3956 -3.4018 -0.0400
2.2436 -0.4185 -0.0400
1.5154 -1.5482 -0.0400
1.4717 -1.5713 -0.0400
1.4386 -1.5778 -0.0400
1.4098 -1.5778 -0.0400
1.3813 -1.5784 -0.0400
1.3581 -1.5687 -0.0400
1.3362 -1.5565 -0.0400
1.3153 -1.5420 -0.0400
1.3003 -1.5127 -0.0400
1.2837 -1.4855 -0.0400
1.2708 -1.4464 -0.0400
-2.5902 1.9865 -0.0400
-2.6372 1.8754 -0.0400
-2.7621 1.8731 -0.0400
-2.9414 0.8844 -0.0400
-2.9770 0.7908 -0.0400
-3.0531 0.7373 -0.0400
-4.0562 -1.0736 -0.0400
-4.0173 -1.1822 -0.0400
-3.9403 -1.3008 -0.0400
-3.9593 -1.3853 -0.0400
-1.3814 -2.3911 -0.0400
-1.3219 -2.4418 -0.0400
-1.2976 -2.4836 -0.0400
-1.2139 -2.5342 -0.0400
-1.1886 -2.5729 -0.0400
-1.1591 -2.6111 -0.0400
-1.1504 -2.6458 -0.0400
-1.1501 -2.6792 -0.0400
-1.1570 -2.7120 -0.0400
-1.1713 -2.7446 -0.0400
-1.1427 -2.7793 -0.0400
-1.1311 -2.8125 -0.0400
-1.1282 -2.8453 -0.0400
-1.1398 -2.8781 -0.0400
-1.1620 -2.9117 -0.0400
-3.5168 -3.0551 -0.0400
-3.4528 -3.1257 -0.0400
-3.4502 -3.1992 -0.0400
-3.4712 -3.2753 -0.0400
-3.4081 -3.3424 -0.0400
-3.4293 -3.4190 -0.0400
-2.8275 -4.6536 -0.0400
-2.7408 -4.6870 -0.0400
-2.6947 -4.7403 -0.0400
-2.6880 -4.8154 -0.0400
-0.4454 -3.6788 -0.0400
-0.3974 -3.6754 -0.0400
-0.3667 -3.6831 -0.0400
-0.3425 -3.6949 -0.0400
-0.3226 -3.7097 -0.0400
-0.3059 -3.7267 -0.0400
-0.2967 -3.7503 -0.0400
-0.2899 -3.7763 -0.0400
-0.2880 -3.8075 -0.0400
-0.3029 -3.8557 -0.0400
-2.5885 -7.0876 -0.0400
-1.0796 -5.4373 -0.0400
-1.0322 -5.4660 -0.0400
0.7316 -8.6119 -0.0400
1.3932 -7.5403 -0.0400
1.4447 -7.3353 -0.0400
1.5170 -7.2882 -0.0400
1.5962 -7.2830 -0.0400
1.7488 -5.0210 -0.0400
1.7761 -4.9816 -0.0400
1.8112 -4.9593 -0.0400
1.8476 -4.9398 -0.0400
1.8879 -4.9273 -0.0400
1.9452 -4.9436 -0.0400
1.3259 -3.4838 -0.0400
1.3275 -3.4638 -0.0400
1.3328 -3.4482 -0.0400
1.3401 -3.4348 -0.0400
1.3504 -3.4245 -0.0400
1.3635 -3.4166 -0.0400
1.3792 -3.4109 -0.0400
1.3996 -3.4086 -0.0400
2.3677 -0.4310 -0.0400
2.3005 -0.4409 -0.0400
2.2500 -0.4269 -0.0400
1.5152 -1.5652 -0.0400
1.4663 -1.5975 -0.0400
1.4384 -1.5956 -0.0400
1.4125 -1.5904 -0.0400
1.3889 -1.5815 -0.0400
1.3663 -1.5705 -0.0400
1.3480 -1.5504 -0.0400
1.3295 -1.5298 -0.0400
1.3127 -1.5041 -0.0400
1.2990 -1.4688 -0.0400
-2.4531 2.1683 -0.0400
-2.4711 2.0062 -0.0400
-2.5471 1.9366 -0.0400
-2.6534 1.9102 -0.0400
-2.9281 1.0119 -0.0400
-2.9146 0.8648 -0.0400
-3.0243 0.8445 -0.0400
-4.0174 -0.9902 -0.0400
-3.9681 -1.1041 -0.0400
-3.9604 -1.2002 -0.0400
-3.9641 -1.2910 -0.0400
-1.3427 -2.3628 -0.0400
-1.3113 -2.4082 -0.0400
-1.2926 -2.4495 -0.0400
-1.1907 -2.5053 -0.0400
-1.1726 -2.5432 -0.0400
-1.1522 -2.5806 -0.0400
-1.1469 -2.6151 -0.0400
-1.1518 -2.6482 -0.0400
-1.1628 -2.6807 -0.0400
-1.1593 -2.7146 -0.0400
-1.1384 -2.7493 -0.0400
-1.1316 -2.7826 -0.0400
-1.1347 -2.8154 -0.0400
-1.1468 -2.8483 -0.0400
-1.1726 -2.8816 -0.0400
-3.5208 -2.9814 -0.0400
-3.4517 -3.0531 -0.0400
-3.4659 -3.1276 -0.0400
-3.4318 -3.1989 -0.0400
-3.4213 -3.2716 -0.0400
-2.8399 -4.5850 -0.0400
-2.7537 -4.6196 -0.0400
-2.7286 -4.6838 -0.0400
-2.7247 -4.7599 -0.0400
-0.4452 -3.6550 -0.0400
-0.4042 -3.6571 -0.0400
-0.3670 -3.6604 -0.0400
-0.3482 -3.6763 -0.0400
-0.3325 -3.6944 -0.0400
-0.3198 -3.7147 -0.0400
-0.3098 -3.7375 -0.0400
-0.3038 -3.7640 -0.0400
-0.3034 -3.7961 -0.0400
-2.6436 -7.0088 -0.0400
-1.1681 -5.3776 -0.0400
-1.1043 -5.3842 -0.0400
-1.0713 -5.4322 -0.0400
0.6303 -8.6097 -0.0400
1.2977 -7.4427 -0.0400
1.3611 -7.3115 -0.0400
1.4384 -7.2967 -0.0400
1.5186 -7.2997 -0.0400
1.6873 -5.0894 -0.0400
1.7057 -5.0264 -0.0400
1.7334 -4.9877 -0.0400
1.7724 -4.9740 -0.0400
1.8087 -4.9546 -0.0400
1.8491 -4.9432 -0.0400
1.3052 -3.5062 -0.0400
1.3051 -3.4838 -0.0400
1.3098 -3.4674 -0.0400
1.3167 -3.4536 -0.0400
1.3254 -3.4419 -0.0400
1.3357 -3.4318 -0.0400
1.3478 -3.4235 -0.0400
1.3621 -3.4169 -0.0400
1.3956 -3.4268 -0.0400
2.2702 -0.4318 -0.0400
2.2242 -0.4109 -0.0400
1.5023 -1.5688 -0.0400
1.4649 -1.5822 -0.0400
1.4345 -1.5846 -0.0400
1.4071 -1.5825 -0.0400
1.3809 -1.5786 -0.0400
1.3586 -1.5669 -0.0400
1.3378 -1.5518 -0.0400
1.3181 -1.5335 -0.0400
1.3000 -1.5106 -0.0400
1.2996 -1.4394 -0.0400
-2.5478 1.9643 -0.0400
-2.6295 1.9024 -0.0400
-2.9219 0.8887 -0.0400
-2.9663 0.8032 -0.0400
-3.0502 0.7566 -0.0400
-4.0447 -1.0701 -0.0400
-3.9895 -1.1849 -0.0400
-3.9549 -1.2895 -0.0400
-1.3121 -2.4108 -0.0400
-1.3003 -2.4510 -0.0400
-1.2982 -2.4888 -0.0400
-1.1892 -2.5442 -0.0400
-1.1707 -2.5818 -0.0400
-1.1525 -2.6186 -0.0400
-1.1509 -2.6527 -0.0400
-1.1555 -2.6860 -0.0400
-1.1730 -2.7183 -0.0400
-1.1439 -2.7540 -0.0400
-1.1369 -2.7877 -0.0400
-1.1310 -2.8210 -0.0400
-1.1368 -2.8540 -0.0400
-1.1569 -2.8873 -0.0400
-1.2036 -2.9220 -0.0400
-3.4755 -3.0556 -0.0400
-3.4445 -3.1280 -0.0400
-3.4604 -3.2031 -0.0400
-3.4220 -3.2738 -0.0400
-3.4236 -3.3479 -0.0400
-2.7565 -4.6271 -0.0400
-2.7185 -4.6848 -0.0400
-2.6973 -4.7513 -0.0400
-2.6983 -4.8310 -0.0400
-0.3915 -3.6617 -0.0400
-0.3654 -3.6731 -0.0400
-0.3440 -3.6873 -0.0400
-0.3259 -3.7035 -0.0400
-0.3106 -3.7219 -0.0400
-0.3040 -3.7474 -0.0400
-0.2986 -3.7745 -0.0400
-0.2992 -3.8075 -0.0400
-2.5640 -7.0649 -0.0400
-1.1223 -5.4220 -0.0400
-1.0608 -5.4311 -0.0400
0.6295 -8.6148 -0.0400
0.7300 -8.6159 -0.0400
1.3146 -7.5837 -0.0400
1.3690 -7.3675 -0.0400
1.4385 -7.2970 -0.0400
1.5155 -7.2823 -0.0400
1.6015 -7.3152 -0.0400
1.7147 -5.0439 -0.0400
1.7409 -5.0017 -0.0400
1.7716 -4.9708 -0.0400
1.8118 -4.9598 -0.0400
1.8465 -4.9378 -0.0400
1.3229 -3.5038 -0.0400
1.3201 -3.4789 -0.0400
1.3233 -3.4613 -0.0400
1.3269 -3.4446 -0.0400
1.3364 -3.4341 -0.0400
1.3476 -3.4251 -0.0400
1.3607 -3.4178 -0.0400
1.3765 -3.4127 -0.0400
1.3970 -3.4111 -0.0400
3.5136 -3.7166 -0.0400
3.4297 -3.6399 -0.0400
3.4180 -3.5863 -0.0400
3.4226 -3.5378 -0.0400
2.3294 -0.4512 -0.0400
2.2762 -0.4411 -0.0400
2.2343 -0.4134 -0.0400
1.4936 -1.6010 -0.0400
1.4638 -1.6018 -0.0400
1.4367 -1.5986 -0.0400
1.4120 -1.5915 -0.0400
1.3889 -1.5814 -0.0400
1.3672 -1.5683 -0.0400
1.3513 -1.5420 -0.0400
1.3346 -1.5159 -0.0400
1.3215 -1.4792 -0.0400
-2.4438 2.0074 -0.0400
-2.5371 1.9627 -0.0400
-2.6791 1.9860 -0.0400
-2.8371 0.9420 -0.0400
-2.9065 0.8816 -0.0400
-3.0396 0.8840 -0.0400
-4.0167 -0.9814 -0.0400
-3.9638 -1.0974 -0.0400
-3.9122 -1.2096 -0.0400
-1.3225 -2.3711 -0.0400
-1.2897 -2.4169 -0.0400
-1.2450 -2.4636 -0.0400
-1.1656 -2.5149 -0.0400
-1.1556 -2.5514 -0.0400
-1.1521 -2.5863 -0.0400
-1.1520 -2.6205 -0.0400
-1.1575 -2.6539 -0.0400
-1.1691 -2.6867 -0.0400
-1.1397 -2.7231 -0.0400
-1.1346 -2.7568 -0.0400
-1.1357 -2.7901 -0.0400
-1.1502 -2.8229 -0.0400
-1.1661 -2.8562 -0.0400
-3.5822 -2.9085 -0.0400
-3.4716 -2.9818 -0.0400
-3.4591 -3.0554 -0.0400
-3.4684 -3.1300 -0.0400
-3.4228 -3.2008 -0.0400
-3.4400 -3.2763 -0.0400
-2.8635 -4.5275 -0.0400
-2.7958 -4.5724 -0.0400
-2.7534 -4.6284 -0.0400
-2.7407 -4.6993 -0.0400
-0.4258 -3.6322 -0.0400
-0.3967 -3.6425 -0.0400
-0.3734 -3.6559 -0.0400
-0.3539 -3.6716 -0.0400
-0.3378 -3.6895 -0.0400
-0.3267 -3.7112 -0.0400
-0.3187 -3.7355 -0.0400
-0.3147 -3.7635 -0.0400
-0.3183 -3.7988 -0.0400
-2.7128 -6.9536 -0.0400
-1.2173 -5.3697 -0.0400
-1.1420 -5.3630 -0.0400
-1.0982 -5.3959 -0.0400
0.5288 -8.6168 -0.0400
1.2299 -7.5674 -0.0400
1.2852 -7.3311 -0.0400
1.3597 -7.2965 -0.0400
1.4383 -7.2936 -0.0400
1.5266 -7.3459 -0.0400
1.6670 -5.0352 -0.0400
1.6987 -5.0055 -0.0400
1.7338 -4.9842 -0.0400
1.7722 -4.9704 -0.0400
1.8098 -4.9545 -0.0400
1.3011 -3.5233 -0.0400
1.2974 -3.4964 -0.0400
1.3005 -3.4783 -0.0400
1.3065 -3.4639 -0.0400
1.3140 -3.4515 -0.0400
1.3231 -3.4408 -0.0400
1.3337 -3.4316 -0.0400
1.3509 -3.4286 -0.0400
1.3692 -3.4261 -0.0400
1.3966 -3.4310 -0.0400
3.4339 -3.7494 -0.0400
3.4085 -3.6900 -0.0400
3.3984 -3.6367 -0.0400
3.4057 -3.5889 -0.0400
3.4553 -3.5519 -0.0400
1.4972 -1.5768 -0.0400
1.4624 -1.5866 -0.0400
1.4330 -1.5876 -0.0400
1.4042 -1.5885 -0.0400
1.3813 -1.5780 -0.0400
1.3598 -1.5644 -0.0400
1.3396 -1.5473 -0.0400
1.3209 -1.5256 -0.0400
1.3044 -1.4972 -0.0400
0.7683 0.5233 -0.0400
-2.4441 2.0385 -0.0400
-2.5135 1.9576 -0.0400
-2.6056 1.9105 -0.0400
-2.7392 1.9193 -0.0400
-2.8991 0.8927 -0.0400
-2.9558 0.8191 -0.0400
-3.0517 0.7836 -0.0400
-3.9635 -1.0907 -0.0400
-3.9296 -1.1970 -0.0400
-3.9372 -1.2868 -0.0400
-1.3166 -2.4123 -0.0400
-1.2934 -2.4553 -0.0400
-1.2108 -2.5085 -0.0400
-1.1798 -2.5497 -0.0400
-1.1532 -2.5888 -0.0400
-1.1508 -2.6236 -0.0400
-1.1563 -2.6571 -0.0400
-1.1696 -2.6900 -0.0400
-1.1681 -2.7244 -0.0400
-1.1385 -2.7604 -0.0400
-1.1344 -2.7942 -0.0400
-1.1376 -2.8275 -0.0400
-1.1603 -2.8607 -0.0400
-1.1833 -2.8946 -0.0400
-3.5198 -2.9830 -0.0400
-3.4587 -3.0557 -0.0400
-3.4566 -3.1299 -0.0400
-3.4510 -3.2038 -0.0400
-3.4172 -3.2751 -0.0400
-3.4698 -3.3550 -0.0400
-2.7957 -4.5775 -0.0400
-2.7494 -4.6317 -0.0400
-2.7293 -4.6988 -0.0400
-2.7304 -4.7779 -0.0400
-0.4262 -3.6448 -0.0400
-0.3946 -3.6537 -0.0400
-0.3698 -3.6664 -0.0400
-0.3491 -3.6814 -0.0400
-0.3300 -3.6972 -0.0400
-0.3174 -3.7178 -0.0400
-0.3070 -3.7403 -0.0400
-0.3000 -3.7657 -0.0400
-0.3208 -3.8153 -0.0400
-2.6570 -7.0388 -0.0400
-2.5744 -7.0864 -0.0400
-1.1397 -5.3730 -0.0400
-1.0893 -5.3974 -0.0400
0.6296 -8.6160 -0.0400
1.3090 -7.5240 -0.0400
1.3656 -7.3299 -0.0400
1.4387 -7.2881 -0.0400
1.5173 -7.2856 -0.0400
1.7071 -5.0182 -0.0400
1.7366 -4.9848 -0.0400
1.7740 -4.9692 -0.0400
1.8116 -4.9539 -0.0400
1.8531 -4.9457 -0.0400
1.9077 -4.9607 -0.0400
1.3149 -3.5142 -0.0400
1.3111 -3.4881 -0.0400
1.3139 -3.4701 -0.0400
1.3167 -3.4529 -0.0400
1.3254 -3.4421 -0.0400
1.3355 -3.4327 -0.0400
1.3472 -3.4249 -0.0400
1.3608 -3.4185 -0.0400
1.3772 -3.4144 -0.0400
1.3999 -3.4152 -0.0400
3.4520 -3.7141 -0.0400
3.4250 -3.6552 -0.0400
3.4118 -3.6015 -0.0400
3.4274 -3.5560 -0.0400
3.4701 -3.5168 -0.0400
4.4975 1.7106 -0.0400
1.3983 -1.5819 -0.0400
1.3738 -1.5749 -0.0400
1.3508 -1.5645 -0.0400
1.3323 -1.5428 -0.0400
1.3138 -1.5200 -0.0400
1.2978 -1.4889 -0.0400
1.2895 -1.4330 -0.0400
0.7273 0.5315 -0.0400
0.6685 0.4984 -0.0400
0.6087 0.5060 -0.0400
0.5416 0.6123 -0.0400
-2.5075 1.9800 -0.0400
-2.5814 1.9062 -0.0400
-2.6765 1.8626 -0.0400
-2.9429 0.8256 -0.0400
-3.0251 0.7768 -0.0400
-4.0542 -1.0483 -0.0400
-4.0052 -1.1623 -0.0400
-4.0148 -1.2532 -0.0400
-3.9590 -1.3644 -0.0400
-1.2981 -2.4551 -0.0400
-1.2976 -2.4931 -0.0400
-1.2014 -2.5474 -0.0400
-1.1751 -2.5872 -0.0400
-1.1528 -2.6253 -0.0400
-1.1534 -2.6597 -0.0400
-1.1583 -2.6935 -0.0400
-1.1756 -2.7264 -0.0400
-1.1509 -2.7625 -0.0400
-1.1331 -2.7974 -0.0400
-1.1323 -2.8310 -0.0400
-1.1373 -2.8645 -0.0400
-1.1639 -2.8983 -0.0400
-1.1939 -2.9330 -0.0400
-3.4999 -3.0569 -0.0400
-3.4532 -3.1294 -0.0400
-3.4582 -3.2043 -0.0400
-3.4238 -3.2759 -0.0400
-3.4232 -3.3502 -0.0400
-3.4744 -3.4314 -0.0400
-2.7578 -4.6406 -0.0400
-2.7136 -4.6956 -0.0400
-2.6934 -4.7630 -0.0400
-0.4680 -3.6831 -0.0400
-0.4075 -3.6743 -0.0400
-0.3644 -3.6752 -0.0400
-0.3433 -3.6901 -0.0400
-0.3231 -3.7052 -0.0400
-0.3093 -3.7250 -0.0400
-0.2977 -3.7465 -0.0400
-0.2887 -3.7704 -0.0400
-0.2989 -3.8109 -0.0400
-0.3216 -3.8639 -0.0400
-2.5593 -7.0730 -0.0400
-1.0950 -5.4183 -0.0400
-1.0374 -5.4326 -0.0400
0.7304 -8.6350 -0.0400
1.3726 -7.3676 -0.0400
1.4419 -7.2966 -0.0400
1.5183 -7.2809 -0.0400
1.5992 -7.2904 -0.0400
1.7291 -5.0602 -0.0400
1.7446 -4.9945 -0.0400
1.7763 -4.9669 -0.0400
1.8140 -4.9525 -0.0400
1.8509 -4.9360 -0.0400
1.9071 -4.9548 -0.0400
1.3249 -3.5001 -0.0400
1.3165 -3.4698 -0.0400
1.3223 -3.4559 -0.0400
1.3294 -3.4437 -0.0400
1.3379 -3.4330 -0.0400
1.3476 -3.4235 -0.0400
1.3626 -3.4189 -0.0400
1.3781 -3.4143 -0.0400
1.3983 -3.4133 -0.0400
3.4758 -3.6799 -0.0400
3.4505 -3.6220 -0.0400
3.4177 -3.5637 -0.0400
3.4372 -3.5195 -0.0400
3.4776 -3.4795 -0.0400
1.3607 -1.5629 -0.0400
1.3410 -1.5443 -0.0400
1.3229 -1.5202 -0.0400
0.7969 0.5189 -0.0400
0.7373 0.5047 -0.0400
0.6770 0.5304 -0.0400
0.6124 0.6182 -0.0400
0.5453 0.6977 -0.0400
-2.8313 0.9869 -0.0400
-2.8755 0.8989 -0.0400
-2.9515 0.8443 -0.0400
-4.0129 -0.9626 -0.0400
-3.9537 -1.0822 -0.0400
-3.9077 -1.1934 -0.0400
-3.9818 -1.2605 -0.0400
-1.3068 -2.3760 -0.0400
-1.2945 -2.4176 -0.0400
-1.2950 -2.4557 -0.0400
-1.1961 -2.5127 -0.0400
-1.1548 -2.5559 -0.0400
-1.1509 -2.5915 -0.0400
-1.1544 -2.6257 -0.0400
-1.1600 -2.6596 -0.0400
-1.1618 -2.6940 -0.0400
-1.1454 -2.7299 -0.0400
-1.1368 -2.7646 -0.0400
-1.1387 -2.7983 -0.0400
-1.1486 -2.8318 -0.0400
-1.1974 -2.8651 -0.0400
-3.5860 -2.9062 -0.0400
-3.5132 -2.9814 -0.0400
-3.4638 -3.0549 -0.0400
-3.4756 -3.1302 -0.0400
-3.4306 -3.2019 -0.0400
-3.4562 -3.2786 -0.0400
-2.8633 -4.5384 -0.0400
-2.7804 -4.5769 -0.0400
-2.7489 -4.6384 -0.0400
-2.7338 -4.7082 -0.0400
-0.4281 -3.6340 -0.0400
-0.3993 -3.6454 -0.0400
-0.3690 -3.6550 -0.0400
-0.3513 -3.6723 -0.0400
-0.3358 -3.6909 -0.0400
-0.3247 -3.7127 -0.0400
-0.3156 -3.7363 -0.0400
-0.3224 -3.7726 -0.0400
-0.3313 -3.8120 -0.0400
-2.6285 -7.0123 -0.0400
-1.1815 -5.3562 -0.0400
-1.1220 -5.3696 -0.0400
-1.1133 -5.4494 -0.0400
0.5302 -8.6264 -0.0400
1.2332 -7.5577 -0.0400
1.2919 -7.3461 -0.0400
1.3661 -7.3087 -0.0400
1.4435 -7.2995 -0.0400
1.5338 -7.3679 -0.0400
1.6768 -5.0369 -0.0400
1.7044 -4.9986 -0.0400
1.7404 -4.9807 -0.0400
1.7793 -4.9691 -0.0400
1.8161 -4.9527 -0.0400
1.2980 -3.4879 -0.0400
1.3030 -3.4729 -0.0400
1.3096 -3.4601 -0.0400
1.3172 -3.4486 -0.0400
1.3264 -3.4389 -0.0400
1.3378 -3.4314 -0.0400
1.3508 -3.4252 -0.0400
1.3660 -3.4208 -0.0400
1.3852 -3.4196 -0.0400
3.4608 -3.7827 -0.0400
3.4344 -3.7228 -0.0400
3.4021 -3.6628 -0.0400
3.4006 -3.6129 -0.0400
3.4172 -3.5683 -0.0400
3.4527 -3.5280 -0.0400
6.0582 -3.2962 -0.0400
6.0689 -3.2042 -0.0400
6.1273 -3.1140 -0.0400
4.5254 1.6830 -0.0400
1.3214 -1.4869 -0.0400
0.8117 0.5553 -0.0400
0.7520 0.5051 -0.0400
0.6920 0.5149 -0.0400
0.6265 0.6301 -0.0400
0.5623 0.6633 -0.0400
-2.8229 0.9951 -0.0400
-2.8679 0.9076 -0.0400
-2.9420 0.8509 -0.0400
-4.0122 -0.9554 -0.0400
-3.9615 -1.0722 -0.0400
-3.9201 -1.1822 -0.0400
-1.3137 -2.3733 -0.0400
-1.2976 -2.4162 -0.0400
-1.1929 -2.4769 -0.0400
-1.1660 -2.5184 -0.0400
-1.1561 -2.5557 -0.0400
-1.1519 -2.5916 -0.0400
-1.1561 -2.6259 -0.0400
-1.1750 -2.6585 -0.0400
-1.1561 -2.6955 -0.0400
-1.1431 -2.7311 -0.0400
-1.1374 -2.7658 -0.0400
-1.1432 -2.7995 -0.0400
-1.1579 -2.8331 -0.0400
-1.1840 -2.8670 -0.0400
-3.5742 -2.9045 -0.0400
-3.4828 -2.9793 -0.0400
-3.4754 -3.0541 -0.0400
-3.4748 -3.1291 -0.0400
-3.4336 -3.2012 -0.0400
-3.4671 -3.2788 -0.0400
-2.8228 -4.5227 -0.0400
-2.7736 -4.5764 -0.0400
-2.7471 -4.6403 -0.0400
-2.7544 -4.7218 -0.0400
-0.4933 -3.6509 -0.0400
-0.4148 -3.6341 -0.0400
-0.3821 -3.6429 -0.0400
-0.3635 -3.6600 -0.0400
-0.3456 -3.6772 -0.0400
-0.3325 -3.6977 -0.0400
-0.3266 -3.7234 -0.0400
-0.3201 -3.7491 -0.0400
-0.3171 -3.7781 -0.0400
-2.6979 -6.9528 -0.0400
-1.1774 -5.3602 -0.0400
-1.1175 -5.3732 -0.0400
-1.0938 -5.4330 -0.0400
0.5318 -8.6161 -0.0400
1.2346 -7.5509 -0.0400
1.2929 -7.3351 -0.0400
1.3681 -7.3073 -0.0400
1.4476 -7.3132 -0.0400
1.6560 -5.0848 -0.0400
1.6757 -5.0249 -0.0400
1.7062 -4.9940 -0.0400
1.7431 -4.9788 -0.0400
1.7802 -4.9637 -0.0400
1.8232 -4.9604 -0.0400
1.3012 -3.5083 -0.0400
1.2961 -3.4810 -0.0400
1.3024 -3.4680 -0.0400
1.3096 -3.4562 -0.0400
1.3175 -3.4453 -0.0400
1.3278 -3.4371 -0.0400
1.3393 -3.4299 -0.0400
1.3524 -3.4240 -0.0400
1.3778 -3.4293 -0.0400
3.4417 -3.7313 -0.0400
3.4123 -3.6720 -0.0400
3.3994 -3.6190 -0.0400
3.4286 -3.5778 -0.0400
6.1072 -3.4056 -0.0400
6.0582 -3.3082 -0.0400
6.0733 -3.2167 -0.0400
4.5585 1.6929 -0.0400
2.3373 -0.4661 -0.0400
2.2886 -0.4493 -0.0400
2.2498 -0.4162 -0.0400
0.8823 0.5582 -0.0400
0.8215 0.5088 -0.0400
0.7616 0.5225 -0.0400
0.6996 0.5889 -0.0400
0.6326 0.7084 -0.0400
-2.7443 1.0593 -0.0400
-2.7968 0.9789 -0.0400
-2.9504 1.0050 -0.0400
-3.9687 -0.7702 -0.0400
-3.9243 -0.8886 -0.0400
-3.9270 -0.9846 -0.0400
-3.8779 -1.0993 -0.0400
-1.3116 -2.2934 -0.0400
-1.2882 -2.3396 -0.0400
-1.2853 -2.3795 -0.0400
-1.2001 -2.4379 -0.0400
-1.1682 -2.4816 -0.0400
-1.1560 -2.5200 -0.0400
-1.1501 -2.5566 -0.0400
-1.1587 -2.5904 -0.0400
-1.1757 -2.6232 -0.0400
-1.1552 -2.6610 -0.0400
-1.1432 -2.6971 -0.0400
-1.1389 -2.7319 -0.0400
-1.1490 -2.7655 -0.0400
-1.1682 -2.7988 -0.0400
-1.2044 -2.8322 -0.0400
-3.5246 -2.8272 -0.0400
-3.4810 -2.9030 -0.0400
-3.4776 -2.9780 -0.0400
-3.4558 -3.0523 -0.0400
-3.4418 -3.1263 -0.0400
-2.8412 -4.4564 -0.0400
-2.8049 -4.5162 -0.0400
-2.7970 -4.5890 -0.0400
-0.4559 -3.6050 -0.0400
-0.4162 -3.6112 -0.0400
-0.3901 -3.6244 -0.0400
-0.3736 -3.6429 -0.0400
-0.3587 -3.6623 -0.0400
-0.3505 -3.6862 -0.0400
-0.3426 -3.7105 -0.0400
-0.3501 -3.7465 -0.0400
-0.3584 -3.7842 -0.0400
-2.7675 -6.8923 -0.0400
-1.2162 -5.3263 -0.0400
-1.1820 -5.3719 -0.0400
0.4329 -8.6084 -0.0400
1.0748 -7.5920 -0.0400
1.1453 -7.4309 -0.0400
1.2173 -7.3467 -0.0400
1.2927 -7.3182 -0.0400
1.3726 -7.3300 -0.0400
1.6132 -5.0798 -0.0400
1.6349 -5.0235 -0.0400
1.6694 -5.0027 -0.0400
1.7088 -4.9937 -0.0400
1.7450 -4.9771 -0.0400
1.7910 -4.9811 -0.0400
1.2780 -3.5191 -0.0400
1.2804 -3.5003 -0.0400
1.2852 -3.4851 -0.0400
1.2892 -3.4693 -0.0400
1.2973 -3.4589 -0.0400
1.3068 -3.4500 -0.0400
1.3178 -3.4427 -0.0400
1.3298 -3.4364 -0.0400
1.3502 -3.4382 -0.0400
1.3712 -3.4398 -0.0400
3.4245 -3.8316 -0.0400
3.4001 -3.7721 -0.0400
3.3757 -3.7142 -0.0400
3.3795 -3.6661 -0.0400
3.4022 -3.6237 -0.0400
3.4512 -3.5877 -0.0400
6.1819 -3.5156 -0.0400
6.0474 -3.4075 -0.0400
6.0646 -3.3165 -0.0400
4.6292 1.5960 -0.0400
2.3973 -0.4847 -0.0400
2.3416 -0.4779 -0.0400
2.2971 -0.4544 -0.0400
1.5741 -1.5911 -0.0400
1.5338 -1.6085 -0.0400
1.5018 -1.6131 -0.0400
0.8966 0.5201 -0.0400
0.8366 0.5099 -0.0400
0.7767 0.5227 -0.0400
0.7140 0.6116 -0.0400
-3.9753 -0.8581 -0.0400
-3.8495 -1.0078 -0.0400
-3.8991 -1.0831 -0.0400
-1.3489 -2.2803 -0.0400
-1.2958 -2.3355 -0.0400
-1.2149 -2.3953 -0.0400
-1.1695 -2.4435 -0.0400
-1.1531 -2.4836 -0.0400
-1.1482 -2.5205 -0.0400
-1.1512 -2.5555 -0.0400
-1.1584 -2.5898 -0.0400
-1.1757 -2.6227 -0.0400
-1.1413 -2.6625 -0.0400
-1.1372 -2.6977 -0.0400
-1.1405 -2.7319 -0.0400
-1.1515 -2.7656 -0.0400
-1.1725 -2.7991 -0.0400
-3.5938 -2.7459 -0.0400
-3.5153 -2.8246 -0.0400
-3.4805 -2.9005 -0.0400
-3.4837 -2.9758 -0.0400
-3.4494 -3.0499 -0.0400
-3.4494 -3.1248 -0.0400
-2.9087 -4.4104 -0.0400
-2.8389 -4.4572 -0.0400
-2.8051 -4.5182 -0.0400
-2.7959 -4.5905 -0.0400
-0.4721 -3.5918 -0.0400
-0.4302 -3.5978 -0.0400
-0.4030 -3.6109 -0.0400
-0.3860 -3.6294 -0.0400
-0.3688 -3.6476 -0.0400
-0.3571 -3.6693 -0.0400
-0.3517 -3.6951 -0.0400
-0.3451 -3.7206 -0.0400
-0.3576 -3.7605 -0.0400
-2.8640 -6.8611 -0.0400
-2.7681 -6.8959 -0.0400
-1.2801 -5.3239 -0.0400
-1.1971 -5.3119 -0.0400
-1.2004 -5.4034 -0.0400
1.1438 -7.3732 -0.0400
1.2185 -7.3285 -0.0400
1.2975 -7.3365 -0.0400
1.3829 -7.3904 -0.0400
1.6098 -5.0576 -0.0400
1.6385 -5.0208 -0.0400
1.6734 -5.0013 -0.0400
1.7122 -4.9911 -0.0400
1.7522 -4.9833 -0.0400
1.2763 -3.5097 -0.0400
1.2763 -3.4883 -0.0400
1.2834 -3.4764 -0.0400
1.2897 -3.4640 -0.0400
1.2989 -3.4551 -0.0400
1.3087 -3.4468 -0.0400
1.3216 -3.4418 -0.0400
1.3344 -3.4366 -0.0400
1.3575 -3.4412 -0.0400
1.3868 -3.4508 -0.0400
3.4582 -3.8485 -0.0400
3.4145 -3.7820 -0.0400
3.3649 -3.7158 -0.0400
3.3807 -3.6717 -0.0400
3.4164 -3.6331 -0.0400
6.2338 -3.5327 -0.0400
6.0478 -3.4186 -0.0400
4.6399 1.5792 -0.0400
2.4016 -0.5050 -0.0400
2.3512 -0.4904 -0.0400
2.3111 -0.4601 -0.0400
2.2820 -0.4106 -0.0400
1.5588 -1.5904 -0.0400
1.5208 -1.6050 -0.0400
1.4847 -1.6185 -0.0400
1.4590 -1.6131 -0.0400
1.4356 -1.6034 -0.0400
0.9123 0.5299 -0.0400
0.8519 0.5120 -0.0400
0.7920 0.5188 -0.0400
0.7284 0.6454 -0.0400
0.6624 0.7265 -0.0400
-3.9481 -0.7607 -0.0400
-3.9045 -0.8791 -0.0400
-3.8841 -0.9848 -0.0400
-3.8770 -1.0831 -0.0400
-1.2999 -2.2915 -0.0400
-1.2841 -2.3360 -0.0400
-1.2852 -2.3752 -0.0400
-1.1846 -2.4379 -0.0400
-1.1586 -2.4806 -0.0400
-1.1456 -2.5194 -0.0400
-1.1532 -2.5538 -0.0400
-1.1687 -2.5869 -0.0400
-1.1625 -2.6236 -0.0400
-1.1449 -2.6613 -0.0400
-1.1390 -2.6969 -0.0400
-1.1413 -2.7314 -0.0400
-1.1705 -2.7640 -0.0400
-1.2154 -2.7966 -0.0400
-3.5955 -2.7423 -0.0400
-3.5188 -2.8213 -0.0400
-3.4823 -2.8975 -0.0400
-3.4900 -2.9730 -0.0400
-3.4502 -3.0473 -0.0400
-3.4604 -3.1228 -0.0400
-2.8932 -4.4052 -0.0400
-2.8340 -4.4563 -0.0400
-2.8117 -4.5225 -0.0400
-2.8265 -4.6062 -0.0400
-0.4620 -3.5928 -0.0400
-0.4185 -3.5979 -0.0400
-0.3962 -3.6138 -0.0400
-0.3791 -3.6324 -0.0400
-0.3665 -3.6535 -0.0400
-0.3589 -3.6779 -0.0400
-0.3505 -3.7021 -0.0400
-0.3537 -3.7346 -0.0400
-0.3864 -3.7894 -0.0400
-2.8378 -6.8355 -0.0400
-1.2361 -5.2810 -0.0400
-1.1971 -5.3201 -0.0400
0.3365 -8.6018 -0.0400
1.0743 -7.4810 -0.0400
1.1456 -7.3550 -0.0400
1.2214 -7.3267 -0.0400
1.2996 -7.3282 -0.0400
1.5835 -5.0890 -0.0400
1.6077 -5.0377 -0.0400
1.6410 -5.0139 -0.0400
1.6787 -5.0017 -0.0400
1.7155 -4.9875 -0.0400
1.7570 -4.9833 -0.0400
1.2773 -3.5251 -0.0400
1.2736 -3.4982 -0.0400
1.2770 -3.4815 -0.0400
1.2847 -3.4709 -0.0400
1.2921 -3.4600 -0.0400
1.3020 -3.4522 -0.0400
1.3127 -3.4452 -0.0400
1.3276 -3.4426 -0.0400
1.3418 -3.4389 -0.0400
1.3588 -3.4375 -0.0400
3.4100 -3.8355 -0.0400
3.3858 -3.7766 -0.0400
3.3681 -3.7213 -0.0400
3.3753 -3.6748 -0.0400
3.4009 -3.6336 -0.0400
6.0591 -3.5227 -0.0400
6.0479 -3.4290 -0.0400
6.1103 -3.3420 -0.0400
4.6531 1.5657 -0.0400
2.4206 -0.5030 -0.0400
2.3661 -0.4944 -0.0400
2.3215 -0.4714 -0.0400
2.3078 -0.3960 -0.0400
1.5662 -1.6032 -0.0400
1.5300 -1.6149 -0.0400
1.5001 -1.6165 -0.0400
1.4729 -1.6139 -0.0400
1.4476 -1.6081 -0.0400
1.4252 -1.5963 -0.0400
1.4050 -1.5796 -0.0400
1.3862 -1.5586 -0.0400
0.8730 0.5525 -0.0400
0.8126 0.5132 -0.0400
0.7518 0.5452 -0.0400
0.6872 0.6362 -0.0400
0.6220 0.6838 -0.0400
-3.9122 -0.9603 -0.0400
-3.8692 -1.0737 -0.0400
-1.2889 -2.3301 -0.0400
-1.2840 -2.3713 -0.0400
-1.2036 -2.4298 -0.0400
-1.1674 -2.4753 -0.0400
-1.1548 -2.5145 -0.0400
-1.1502 -2.5515 -0.0400
-1.1561 -2.5865 -0.0400
-1.1674 -2.6206 -0.0400
-1.1477 -2.6589 -0.0400
-1.1376 -2.6953 -0.0400
-1.1380 -2.7303 -0.0400
-1.1467 -2.7645 -0.0400
-1.1662 -2.7983 -0.0400
-1.2058 -2.8320 -0.0400
-3.5974 -2.8143 -0.0400
-3.4830 -2.8926 -0.0400
-3.4863 -2.9683 -0.0400
-3.4926 -3.0443 -0.0400
-3.4460 -3.1180 -0.0400
-3.4570 -3.1940 -0.0400
-2.9647 -4.4344 -0.0400
-2.8426 -4.4609 -0.0400
-2.8041 -4.5203 -0.0400
-2.7845 -4.5881 -0.0400
-2.8193 -4.6825 -0.0400
-0.4686 -3.6040 -0.0400
-0.4246 -3.6094 -0.0400
-0.3970 -3.6227 -0.0400
-0.3764 -3.6395 -0.0400
-0.3605 -3.6588 -0.0400
-0.3499 -3.6814 -0.0400
-0.3441 -3.7074 -0.0400
-0.3444 -3.7380 -0.0400
-0.3607 -3.7809 -0.0400
-2.7639 -6.8968 -0.0400
-1.2612 -5.3198 -0.0400
-1.1938 -5.3265 -0.0400
-1.1684 -5.3828 -0.0400
0.4383 -8.6152 -0.0400
1.0854 -7.6104 -0.0400
1.1538 -7.4072 -0.0400
1.2271 -7.3406 -0.0400
1.3035 -7.3229 -0.0400
1.3910 -7.3989 -0.0400
1.6212 -5.0543 -0.0400
1.6492 -5.0160 -0.0400
1.6848 -4.9988 -0.0400
1.7230 -4.9880 -0.0400
1.7612 -4.9769 -0.0400
1.2860 -3.5246 -0.0400
1.2822 -3.4976 -0.0400
1.2850 -3.4804 -0.0400
1.2907 -3.4675 -0.0400
1.2990 -3.4580 -0.0400
1.3077 -3.4489 -0.0400
1.3184 -3.4423 -0.0400
1.3293 -3.4357 -0.0400
1.3449 -3.4337 -0.0400
1.3678 -3.4388 -0.0400
3.4078 -3.7890 -0.0400
3.3767 -3.7291 -0.0400
3.3760 -3.6802 -0.0400
3.3940 -3.6371 -0.0400
3.4335 -3.5995 -0.0400
6.1006 -3.4473 -0.0400
6.0559 -3.3508 -0.0400
4.5965 1.6199 -0.0400
2.4015 -0.4752 -0.0400
2.3376 -0.4824 -0.0400
2.2978 -0.4515 -0.0400
2.2679 -0.4028 -0.0400
1.5753 -1.5671 -0.0400
1.5314 -1.5932 -0.0400
1.4917 -1.6142 -0.0400
1.4650 -1.6110 -0.0400
1.4402 -1.6045 -0.0400
1.4170 -1.5946 -0.0400
1.3950 -1.5819 -0.0400
1.3744 -1.5655 -0.0400
1.3625 -1.5248 -0.0400
1.3514 -1.4786 -0.0400
0.9434 0.5270 -0.0400
0.8830 0.5126 -0.0400
0.8229 0.5269 -0.0400
0.7600 0.6320 -0.0400
-3.9303 -0.7474 -0.0400
-3.8851 -0.8670 -0.0400
-3.8495 -0.9793 -0.0400
-3.8799 -1.0629 -0.0400
-1.2940 -2.2856 -0.0400
-1.2820 -2.3294 -0.0400
-1.2859 -2.3683 -0.0400
-1.1491 -2.4404 -0.0400
-1.1445 -2.4782 -0.0400
-1.1473 -2.5141 -0.0400
-1.1555 -2.5488 -0.0400
-1.1744 -2.5818 -0.0400
-1.1546 -2.6210 -0.0400
-1.1421 -2.6583 -0.0400
-1.1399 -2.6939 -0.0400
-1.1585 -2.7273 -0.0400
-1.1922 -2.7601 -0.0400
-3.6009 -2.6552 -0.0400
-3.5929 -2.7336 -0.0400
-3.4925 -2.8137 -0.0400
-3.4892 -2.8897 -0.0400
-3.5388 -2.9662 -0.0400
-3.4655 -3.0409 -0.0400
-2.9578 -4.3549 -0.0400
-2.8658 -4.3949 -0.0400
-2.8339 -4.4574 -0.0400
-2.8325 -4.5331 -0.0400
-0.4685 -3.5783 -0.0400
-0.4300 -3.5873 -0.0400
-0.4053 -3.6025 -0.0400
-0.3875 -3.6212 -0.0400
-0.3746 -3.6425 -0.0400
-0.3661 -3.6665 -0.0400
-0.3618 -3.6934 -0.0400
-0.3636 -3.7249 -0.0400
-2.9203 -6.7889 -0.0400
-2.8320 -6.8332 -0.0400
-1.2778 -5.2593 -0.0400
-1.2272 -5.2856 -0.0400
0.2402 -8.5991 -0.0400
1.0055 -7.6163 -0.0400
1.0771 -7.4052 -0.0400
1.1517 -7.3433 -0.0400
1.2306 -7.3531 -0.0400
1.5559 -5.0990 -0.0400
1.5844 -5.0582 -0.0400
1.6146 -5.0252 -0.0400
1.6515 -5.0116 -0.0400
1.6885 -4.9983 -0.0400
1.7327 -5.0019 -0.0400
1.2682 -3.5382 -0.0400
1.2646 -3.5100 -0.0400
1.2678 -3.4928 -0.0400
1.2734 -3.4795 -0.0400
1.2805 -3.4685 -0.0400
1.2891 -3.4596 -0.0400
1.2993 -3.4527 -0.0400
1.3114 -3.4479 -0.0400
1.3232 -3.4425 -0.0400
1.3405 -3.4428 -0.0400
1.3692 -3.4543 -0.0400
3.4497 -3.9084 -0.0400
3.3954 -3.8369 -0.0400
3.3692 -3.7778 -0.0400
3.3607 -3.7261 -0.0400
3.3883 -3.6862 -0.0400
6.2255 -3.6573 -0.0400
6.0367 -3.5389 -0.0400
6.0522 -3.4486 -0.0400
2.4367 -0.5309 -0.0400
2.3873 -0.5151 -0.0400
2.3464 -0.4864 -0.0400
2.3122 -0.4461 -0.0400
1.5949 -1.6038 -0.0400
1.5568 -1.6185 -0.0400
1.5253 -1.6228 -0.0400
1.4975 -1.6213 -0.0400
1.4714 -1.6170 -0.0400
1.4474 -1.6090 -0.0400
1.4261 -1.5950 -0.0400
1.4060 -1.5775 -0.0400
1.3877 -1.5550 -0.0400
1.3717 -1.5248 -0.0400
1.3627 -1.4725 -0.0400
0.9602 0.5599 -0.0400
0.8988 0.5156 -0.0400
0.8385 0.5533 -0.0400
0.7756 0.6456 -0.0400
0.7097 0.7308 -0.0400
-3.9312 -0.7354 -0.0400
-3.8377 -0.8764 -0.0400
-3.8341 -0.9749 -0.0400
-1.3020 -2.2371 -0.0400
-1.2786 -2.2854 -0.0400
-1.2768 -2.3263 -0.0400
-1.1893 -2.3890 -0.0400
-1.1594 -2.4342 -0.0400
-1.1502 -2.4734 -0.0400
-1.1474 -2.5107 -0.0400
-1.1634 -2.5441 -0.0400
-1.1632 -2.5807 -0.0400
-1.1439 -2.6198 -0.0400
-1.1378 -2.6563 -0.0400
-1.1415 -2.6913 -0.0400
-1.1542 -2.7255 -0.0400
-1.1792 -2.7591 -0.0400
-3.6198 -2.6486 -0.0400
-3.5029 -2.7321 -0.0400
-3.4852 -2.8090 -0.0400
-3.5193 -2.8848 -0.0400
-3.4657 -2.9609 -0.0400
-3.4598 -3.0364 -0.0400
-2.9626 -4.3560 -0.0400
-2.8657 -4.3945 -0.0400
-2.8357 -4.4579 -0.0400
-2.8451 -4.5385 -0.0400
-0.5134 -3.5758 -0.0400
-0.4496 -3.5736 -0.0400
-0.4191 -3.5865 -0.0400
-0.4020 -3.6059 -0.0400
-0.3852 -3.6253 -0.0400
-0.3743 -3.6479 -0.0400
-0.3688 -3.6740 -0.0400
-0.3697 -3.7046 -0.0400
-0.3835 -3.7445 -0.0400
-2.9016 -6.7709 -0.0400
-2.8376 -6.8404 -0.0400
-1.2701 -5.2572 -0.0400
-1.2415 -5.3086 -0.0400
0.2404 -8.6169 -0.0400
0.3413 -8.6150 -0.0400
1.0781 -7.3518 -0.0400
1.1551 -7.3378 -0.0400
1.2344 -7.3559 -0.0400
1.5524 -5.0685 -0.0400
1.5849 -5.0412 -0.0400
1.6200 -5.0228 -0.0400
1.6577 -5.0116 -0.0400
1.6940 -4.9968 -0.0400
1.7446 -5.0156 -0.0400
1.2625 -3.5179 -0.0400
1.2644 -3.4984 -0.0400
1.2678 -3.4821 -0.0400
1.2753 -3.4716 -0.0400
1.2839 -3.4629 -0.0400
1.2935 -3.4555 -0.0400
1.3045 -3.4498 -0.0400
1.3174 -3.4461 -0.0400
1.3330 -3.4452 -0.0400
1.3550 -3.4506 -0.0400
3.3845 -3.8857 -0.0400
3.3645 -3.8281 -0.0400
3.3483 -3.7732 -0.0400
3.3547 -3.7268 -0.0400
3.3783 -3.6860 -0.0400
3.4268 -3.6519 -0.0400
6.0690 -3.5514 -0.0400
6.0893 -3.4611 -0.0400
4.7813 1.4723 -0.0400
4.6989 1.5345 -0.0400
2.4483 -0.5390 -0.0400
2.3990 -0.5231 -0.0400
2.3574 -0.4956 -0.0400
2.3425 -0.4233 -0.0400
1.6209 -1.5832 -0.0400
1.5746 -1.6118 -0.0400
1.5405 -1.6206 -0.0400
1.5071 -1.6300 -0.0400
1.4819 -1.6241 -0.0400
1.4584 -1.6151 -0.0400
1.4361 -1.6034 -0.0400
1.4150 -1.5889 -0.0400
1.4007 -1.5566 -0.0400
1.3856 -1.5240 -0.0400
1.3847 -1.4495 -0.0400
0.9146 0.5139 -0.0400
0.8544 0.5252 -0.0400
0.7918 0.6330 -0.0400
-3.8569 -0.7571 -0.0400
-3.8724 -0.8496 -0.0400
-3.8280 -0.9661 -0.0400
-1.2862 -2.2778 -0.0400
-1.2795 -2.3205 -0.0400
-1.1632 -2.3910 -0.0400
-1.1474 -2.4326 -0.0400
-1.1433 -2.4707 -0.0400
-1.1482 -2.5065 -0.0400
-1.1583 -2.5413 -0.0400
-1.1777 -2.5747 -0.0400
-1.1527 -2.6151 -0.0400
-1.1367 -2.6533 -0.0400
-1.1455 -2.6880 -0.0400
-1.1665 -2.7216 -0.0400
-1.2096 -2.7541 -0.0400
-3.5988 -2.6438 -0.0400
-3.5349 -2.7250 -0.0400
-3.4894 -2.8034 -0.0400
-3.4995 -2.8796 -0.0400
-3.4585 -2.9557 -0.0400
-3.5036 -3.0327 -0.0400
-2.9234 -4.3401 -0.0400
-2.8628 -4.3924 -0.0400
-2.8455 -4.4612 -0.0400
-2.8453 -4.5379 -0.0400
-0.4928 -3.5698 -0.0400
-0.4412 -3.5736 -0.0400
-0.4136 -3.5881 -0.0400
-0.3978 -3.6083 -0.0400
-0.3840 -3.6295 -0.0400
-0.3772 -3.6548 -0.0400
-0.3698 -3.6800 -0.0400
-0.3751 -3.7136 -0.0400
-0.4106 -3.7681 -0.0400
-2.9064 -6.7764 -0.0400
-1.3334 -5.2493 -0.0400
-1.2626 -5.2549 -0.0400
0.2451 -8.5931 -0.0400
1.0098 -7.5314 -0.0400
1.0824 -7.3607 -0.0400
1.1589 -7.3379 -0.0400
1.2379 -7.3517 -0.0400
1.5395 -5.1407 -0.0400
1.5603 -5.0725 -0.0400
1.5891 -5.0343 -0.0400
1.6262 -5.0218 -0.0400
1.6631 -5.0088 -0.0400
1.7037 -5.0049 -0.0400
1.7534 -5.0216 -0.0400
1.2543 -3.5155 -0.0400
1.2604 -3.5021 -0.0400
1.2648 -3.4869 -0.0400
1.2713 -3.4753 -0.0400
1.2793 -3.4659 -0.0400
1.2885 -3.4582 -0.0400
1.2997 -3.4530 -0.0400
1.3120 -3.4490 -0.0400
1.3263 -3.4471 -0.0400
1.3443 -3.4489 -0.0400
3.3897 -3.8893 -0.0400
3.3722 -3.8326 -0.0400
3.3499 -3.7756 -0.0400
3.3582 -3.7300 -0.0400
3.3972 -3.6940 -0.0400
6.2024 -3.6708 -0.0400
6.0295 -3.5545 -0.0400
6.0561 -3.4658 -0.0400
2.4709 -0.5302 -0.0400
2.4098 -0.5321 -0.0400
2.3689 -0.5038 -0.0400
2.3519 -0.4353 -0.0400
2.3427 -0.3494 -0.0400
1.5911 -1.6070 -0.0400
1.5474 -1.6337 -0.0400
1.5199 -1.6318 -0.0400
1.4940 -1.6272 -0.0400
1.4697 -1.6200 -0.0400
1.4478 -1.6077 -0.0400
1.4273 -1.5917 -0.0400
1.4080 -1.5722 -0.0400
1.3904 -1.5470 -0.0400
1.3760 -1.5113 -0.0400
0.7427 0.7088 -0.0400
-2.1345 2.2514 -0.0400
-2.2063 2.1677 -0.0400
-3.8844 -0.6300 -0.0400
-3.8502 -0.7475 -0.0400
-3.8664 -0.8398 -0.0400
-3.8244 -0.9556 -0.0400
-1.2843 -2.2310 -0.0400
-1.2721 -2.2761 -0.0400
-1.2748 -2.3162 -0.0400
-1.1781 -2.3819 -0.0400
-1.1531 -2.4262 -0.0400
-1.1480 -2.4649 -0.0400
-1.1491 -2.5018 -0.0400
-1.1660 -2.5355 -0.0400
-1.1589 -2.5737 -0.0400
-1.1427 -2.6127 -0.0400
-1.1387 -2.6494 -0.0400
-1.1437 -2.6847 -0.0400
-1.1583 -2.7191 -0.0400
-3.6067 -2.5578 -0.0400
-3.6037 -2.6369 -0.0400
-3.4969 -2.7204 -0.0400
-3.4922 -2.7973 -0.0400
-3.5466 -2.8732 -0.0400
-3.4623 -2.9501 -0.0400
-3.4756 -3.0265 -0.0400
-2.9881 -4.2859 -0.0400
-2.9094 -4.3331 -0.0400
-2.8664 -4.3923 -0.0400
-2.8616 -4.4665 -0.0400
-2.8899 -4.5561 -0.0400
-0.5027 -3.5485 -0.0400
-0.4645 -3.5597 -0.0400
-0.4382 -3.5758 -0.0400
-0.4110 -3.5907 -0.0400
-0.3959 -3.6114 -0.0400
-0.3841 -3.6339 -0.0400
-0.3805 -3.6613 -0.0400
-0.3755 -3.6882 -0.0400
-0.3923 -3.7295 -0.0400
-2.9952 -6.7311 -0.0400
-2.9028 -6.7728 -0.0400
-1.3078 -5.2273 -0.0400
-1.2657 -5.2637 -0.0400
-1.2655 -5.3475 -0.0400
1.0090 -7.3762 -0.0400
1.0855 -7.3419 -0.0400
1.1639 -7.3530 -0.0400
1.2476 -7.4234 -0.0400
1.5349 -5.1025 -0.0400
1.5588 -5.0462 -0.0400
1.5948 -5.0309 -0.0400
1.6336 -5.0233 -0.0400
1.6687 -5.0056 -0.0400
1.7186 -5.0255 -0.0400
1.2505 -3.5184 -0.0400
1.2560 -3.5042 -0.0400
1.2600 -3.4884 -0.0400
1.2666 -3.4768 -0.0400
1.2748 -3.4679 -0.0400
1.2842 -3.4607 -0.0400
1.2945 -3.4547 -0.0400
1.3063 -3.4504 -0.0400
1.3198 -3.4480 -0.0400
1.3359 -3.4483 -0.0400
3.3873 -3.8895 -0.0400
3.3340 -3.8198 -0.0400
3.3369 -3.7723 -0.0400
3.3550 -3.7304 -0.0400
3.3891 -3.6932 -0.0400
6.0367 -3.6546 -0.0400
6.0299 -3.5619 -0.0400
6.1025 -3.4783 -0.0400
2.4741 -0.5499 -0.0400
2.4238 -0.5357 -0.0400
2.3807 -0.5108 -0.0400
2.3465 -0.4712 -0.0400
2.3599 -0.3480 -0.0400
1.6051 -1.6064 -0.0400
1.5599 -1.6358 -0.0400
1.5320 -1.6345 -0.0400
1.5059 -1.6306 -0.0400
1.4804 -1.6259 -0.0400
1.4581 -1.6146 -0.0400
1.4369 -1.6006 -0.0400
1.4167 -1.5837 -0.0400
1.4049 -1.5440 -0.0400
1.3931 -1.5009 -0.0400
-2.1045 2.2358 -0.0400
-2.1909 2.1770 -0.0400
-3.8724 -0.6220 -0.0400
-3.8345 -0.7414 -0.0400
-3.8354 -0.8405 -0.0400
-1.2929 -2.2215 -0.0400
-1.2754 -2.2686 -0.0400
-1.2751 -2.3098 -0.0400
-1.1529 -2.3826 -0.0400
-1.1433 -2.4230 -0.0400
-1.1409 -2.4611 -0.0400
-1.1484 -2.4968 -0.0400
-1.1610 -2.5315 -0.0400
-1.1758 -2.5661 -0.0400
-1.1357 -2.6093 -0.0400
-1.1377 -2.6452 -0.0400
-1.1488 -2.6800 -0.0400
-1.1717 -2.7138 -0.0400
-1.2212 -2.7461 -0.0400
-3.5985 -2.6300 -0.0400
-3.5227 -2.7124 -0.0400
-3.5105 -2.7901 -0.0400
-3.4759 -2.8675 -0.0400
-3.4645 -2.9439 -0.0400
-2.9748 -4.2787 -0.0400
-2.9053 -4.3294 -0.0400
-2.8666 -4.3903 -0.0400
-2.8782 -4.4715 -0.0400
-0.5200 -3.5589 -0.0400
-0.4517 -3.5565 -0.0400
-0.4291 -3.5743 -0.0400
-0.4072 -3.5920 -0.0400
-0.3944 -3.6142 -0.0400
-0.3837 -3.6375 -0.0400
-0.3822 -3.6663 -0.0400
-0.3792 -3.6947 -0.0400
-0.4105 -3.7454 -0.0400
-2.9913 -6.7266 -0.0400
-2.9005 -6.7700 -0.0400
-1.2992 -5.2228 -0.0400
-1.2749 -5.2786 -0.0400
0.1487 -8.5914 -0.0400
0.9369 -7.5707 -0.0400
1.0134 -7.3909 -0.0400
1.0895 -7.3413 -0.0400
1.1675 -7.3470 -0.0400
1.5302 -5.0633 -0.0400
1.5647 -5.0426 -0.0400
1.6019 -5.0308 -0.0400
1.6386 -5.0175 -0.0400
1.6819 -5.0219 -0.0400
1.2516 -3.5289 -0.0400
1.2503 -3.5030 -0.0400
1.2573 -3.4917 -0.0400
1.2631 -3.4791 -0.0400
1.2711 -3.4698 -0.0400
1.2804 -3.4628 -0.0400
1.2908 -3.4572 -0.0400
1.3031 -3.4538 -0.0400
1.3176 -3.4531 -0.0400
1.3307 -3.4502 -0.0400
1.3532 -3.4578 -0.0400
3.3471 -3.8742 -0.0400
3.3310 -3.8192 -0.0400
3.3352 -3.7724 -0.0400
3.3533 -3.7307 -0.0400
6.0618 -3.6649 -0.0400
6.0234 -3.5679 -0.0400
6.0627 -3.4811 -0.0400
2.4878 -0.5535 -0.0400
2.4313 -0.5487 -0.0400
2.3898 -0.5217 -0.0400
2.3643 -0.4681 -0.0400
2.3521 -0.3891 -0.0400
1.6153 -1.6123 -0.0400
1.5795 -1.6239 -0.0400
1.5432 -1.6385 -0.0400
1.5171 -1.6348 -0.0400
1.4912 -1.6311 -0.0400
1.4687 -1.6205 -0.0400
1.4469 -1.6080 -0.0400
1.4301 -1.5832 -0.0400
1.4122 -1.5594 -0.0400
1.3968 -1.5271 -0.0400
-2.0974 2.2603 -0.0400
-2.1817 2.1972 -0.0400
-1.2963 -2.2130 -0.0400
-1.2766 -2.2612 -0.0400
-1.1934 -2.3261 -0.0400
-1.1586 -2.3747 -0.0400
-1.1456 -2.4163 -0.0400
-1.1427 -2.4548 -0.0400
-1.1496 -2.4908 -0.0400
-1.1693 -2.5244 -0.0400
-1.1516 -2.5649 -0.0400
-1.1402 -2.6035 -0.0400
-1.1387 -2.6402 -0.0400
-1.1455 -2.6757 -0.0400
-1.1928 -2.7072 -0.0400
-3.5986 -2.5430 -0.0400
-3.5886 -2.6229 -0.0400
-3.4948 -2.7062 -0.0400
-3.4968 -2.7832 -0.0400
-3.5121 -2.8601 -0.0400
-3.4627 -2.9371 -0.0400
-2.9767 -4.2763 -0.0400
-2.9063 -4.3269 -0.0400
-2.8787 -4.3924 -0.0400
-2.8901 -4.4738 -0.0400
-0.4986 -3.5513 -0.0400
-0.4449 -3.5556 -0.0400
-0.4244 -3.5745 -0.0400
-0.4077 -3.5951 -0.0400
-0.3952 -3.6176 -0.0400
-0.3868 -3.6424 -0.0400
-0.3924 -3.6756 -0.0400
-0.3965 -3.7088 -0.0400
-0.4208 -3.7557 -0.0400
-2.9683 -6.7028 -0.0400
-1.3591 -5.2080 -0.0400
-1.2971 -5.2246 -0.0400
-1.2829 -5.2915 -0.0400
0.1511 -8.5888 -0.0400
0.9392 -7.4081 -0.0400
1.0162 -7.3474 -0.0400
1.0937 -7.3441 -0.0400
1.1736 -7.3808 -0.0400
1.5047 -5.0913 -0.0400
1.5361 -5.0587 -0.0400
1.5710 -5.0395 -0.0400
1.6089 -5.0301 -0.0400
1.6468 -5.0203 -0.0400
1.6933 -5.0331 -0.0400
1.2415 -3.5191 -0.0400
1.2469 -3.5045 -0.0400
1.2537 -3.4929 -0.0400
1.2595 -3.4800 -0.0400
1.2681 -3.4720 -0.0400
1.2771 -3.4646 -0.0400
1.2871 -3.4587 -0.0400
1.2991 -3.4554 -0.0400
1.3137 -3.4552 -0.0400
1.3271 -3.4529 -0.0400
1.3514 -3.4636 -0.0400
3.3862 -3.9398 -0.0400
3.3313 -3.8679 -0.0400
3.3254 -3.8170 -0.0400
3.3336 -3.7719 -0.0400
3.3743 -3.7379 -0.0400
6.1798 -3.7828 -0.0400
6.0089 -3.6633 -0.0400
6.0307 -3.5750 -0.0400
2.3702 -0.4841 -0.0400
2.3788 -0.3700 -0.0400
1.6481 -1.5769 -0.0400
1.5879 -1.6326 -0.0400
1.5580 -1.6351 -0.0400
1.5274 -1.6402 -0.0400
1.5027 -1.6343 -0.0400
1.4792 -1.6260 -0.0400
1.4573 -1.6139 -0.0400
1.4396 -1.5916 -0.0400
1.4210 -1.5702 -0.0400
1.4041 -1.5426 -0.0400
1.0228 0.5284 -0.0400
-2.0768 2.2619 -0.0400
-2.1600 2.1972 -0.0400
-2.5588 1.2164 -0.0400
-1.2919 -2.2065 -0.0400
-1.2626 -2.2578 -0.0400
-1.1961 -2.3181 -0.0400
-1.1604 -2.3672 -0.0400
-1.1463 -2.4094 -0.0400
-1.1388 -2.4492 -0.0400
-1.1482 -2.4848 -0.0400
-1.1657 -2.5190 -0.0400
-1.1597 -2.5576 -0.0400
-1.1346 -2.5988 -0.0400
-1.1394 -2.6347 -0.0400
-1.1530 -2.6696 -0.0400
-1.1784 -2.7035 -0.0400
-3.6158 -2.5330 -0.0400
-3.6007 -2.6137 -0.0400
-3.4870 -2.6986 -0.0400
-3.5248 -2.7745 -0.0400
-3.4707 -2.8530 -0.0400
-3.4692 -2.9297 -0.0400
-2.9353 -4.2582 -0.0400
-2.8960 -4.3197 -0.0400
-2.8802 -4.3898 -0.0400
-2.8928 -4.4718 -0.0400
-0.4665 -3.5382 -0.0400
-0.4416 -3.5557 -0.0400
-0.4222 -3.5754 -0.0400
-0.4066 -3.5966 -0.0400
-0.3969 -3.6209 -0.0400
-0.3907 -3.6472 -0.0400
-0.3878 -3.6757 -0.0400
-0.4221 -3.7273 -0.0400
-2.9677 -6.7004 -0.0400
-1.3508 -5.2028 -0.0400
-1.2984 -5.2294 -0.0400
0.0480 -8.6130 -0.0400
0.1537 -8.5827 -0.0400
0.9440 -7.5319 -0.0400
1.0206 -7.3605 -0.0400
1.0987 -7.3687 -0.0400
1.5111 -5.0878 -0.0400
1.5426 -5.0556 -0.0400
1.5790 -5.0412 -0.0400
1.6145 -5.0245 -0.0400
1.6544 -5.0209 -0.0400
1.7057 -5.0468 -0.0400
1.2417 -3.5264 -0.0400
1.2457 -3.5089 -0.0400
1.2489 -3.4911 -0.0400
1.2569 -3.4817 -0.0400
1.2647 -3.4725 -0.0400
1.2742 -3.4661 -0.0400
1.2843 -3.4604 -0.0400
1.2965 -3.4578 -0.0400
1.3084 -3.4544 -0.0400
1.3263 -3.4584 -0.0400
1.3431 -3.4604 -0.0400
3.3902 -3.9917 -0.0400
3.3570 -3.9269 -0.0400
3.3481 -3.8737 -0.0400
3.3185 -3.8138 -0.0400
3.3332 -3.7713 -0.0400
3.3843 -3.7410 -0.0400
6.1928 -3.7905 -0.0400
6.0121 -3.6692 -0.0400
6.0219 -3.5795 -0.0400
1.6030 -1.6283 -0.0400
1.5661 -1.6440 -0.0400
1.5397 -1.6408 -0.0400
1.5126 -1.6400 -0.0400
1.4894 -1.6314 -0.0400
1.4678 -1.6191 -0.0400
1.4468 -1.6050 -0.0400
1.4308 -1.5777 -0.0400
1.4133 -1.5523 -0.0400
1.0400 0.5650 -0.0400
0.9780 0.5136 -0.0400
0.9180 0.5488 -0.0400
0.8558 0.6472 -0.0400
-2.0600 2.2706 -0.0400
-2.1447 2.2082 -0.0400
-2.5265 1.3542 -0.0400
-2.5488 1.2311 -0.0400
-2.6172 1.1656 -0.0400
-2.7247 1.1437 -0.0400
-1.2602 -2.2503 -0.0400
-1.1892 -2.3122 -0.0400
-1.1580 -2.3603 -0.0400
-1.1344 -2.4050 -0.0400
-1.1378 -2.4423 -0.0400
-1.1472 -2.4782 -0.0400
-1.1632 -2.5128 -0.0400
-1.1414 -2.5544 -0.0400
-1.1351 -2.5925 -0.0400
-1.1382 -2.6289 -0.0400
-1.1491 -2.6642 -0.0400
-1.2112 -2.6945 -0.0400
-3.5927 -2.5258 -0.0400
-3.5269 -2.6099 -0.0400
-3.4889 -2.6900 -0.0400
-3.5023 -2.7669 -0.0400
-3.4888 -2.8446 -0.0400
-3.5108 -2.9218 -0.0400
-3.0627 -4.2205 -0.0400
-2.9455 -4.2575 -0.0400
-2.8995 -4.3170 -0.0400
-2.8794 -4.3856 -0.0400
-0.5022 -3.5254 -0.0400
-0.4660 -3.5389 -0.0400
-0.4409 -3.5565 -0.0400
-0.4217 -3.5765 -0.0400
-0.4069 -3.5983 -0.0400
-0.3985 -3.6235 -0.0400
-0.3940 -3.6510 -0.0400
-0.3936 -3.6813 -0.0400
-1.4195 -5.1933 -0.0400
-1.3363 -5.1906 -0.0400
-1.2991 -5.2328 -0.0400
0.0509 -8.6047 -0.0400
0.1556 -8.5821 -0.0400
0.8667 -7.5449 -0.0400
0.9468 -7.3725 -0.0400
1.0241 -7.3439 -0.0400
1.1022 -7.3575 -0.0400
1.1846 -7.4348 -0.0400
1.4802 -5.0968 -0.0400
1.5121 -5.0644 -0.0400
1.5474 -5.0461 -0.0400
1.5860 -5.0394 -0.0400
1.6213 -5.0222 -0.0400
1.6616 -5.0200 -0.0400
1.2369 -3.5238 -0.0400
1.2414 -3.5072 -0.0400
1.2454 -3.4903 -0.0400
1.2536 -3.4814 -0.0400
1.2624 -3.4739 -0.0400
1.2716 -3.4672 -0.0400
1.2823 -3.4627 -0.0400
1.2935 -3.4587 -0.0400
1.3088 -3.4604 -0.0400
1.3232 -3.4603 -0.0400
1.3404 -3.4634 -0.0400
3.4144 -6.0589 -0.0400
3.3823 -3.9867 -0.0400
3.3345 -3.9161 -0.0400
3.3176 -3.8603 -0.0400
3.3158 -3.8116 -0.0400
3.3364 -3.7714 -0.0400
3.3686 -3.7349 -0.0400
6.1923 -3.7955 -0.0400
6.0031 -3.6728 -0.0400
6.0631 -3.5900 -0.0400
1.5234 -1.6432 -0.0400
1.4994 -1.6366 -0.0400
1.4772 -1.6259 -0.0400
1.4575 -1.6091 -0.0400
1.4374 -1.5927 -0.0400
1.4239 -1.5574 -0.0400
1.4088 -1.5236 -0.0400
1.0546 0.5319 -0.0400
0.9937 0.5120 -0.0400
0.9337 0.5216 -0.0400
0.8720 0.6324 -0.0400
-2.0459 2.2844 -0.0400
-2.5270 1.2322 -0.0400
-2.6001 1.1723 -0.0400
-1.1318 -2.3979 -0.0400
-1.1367 -2.4350 -0.0400
-1.1462 -2.4710 -0.0400
-1.1596 -2.5063 -0.0400
-1.1421 -2.5472 -0.0400
-1.1353 -2.5857 -0.0400
-1.1378 -2.6223 -0.0400
-1.1615 -2.6563 -0.0400
-1.1975 -2.6896 -0.0400
-3.5951 -2.5159 -0.0400
-3.5504 -2.5988 -0.0400
-3.4932 -2.6806 -0.0400
-3.5234 -2.7572 -0.0400
-3.4653 -2.8363 -0.0400
-3.4828 -2.9132 -0.0400
-2.9859 -4.1904 -0.0400
-2.9293 -4.2472 -0.0400
-2.9031 -4.3137 -0.0400
-2.9037 -4.3905 -0.0400
-0.5081 -3.5280 -0.0400
-0.4684 -3.5403 -0.0400
-0.4338 -3.5538 -0.0400
-0.4187 -3.5758 -0.0400
-0.4076 -3.5996 -0.0400
-0.3997 -3.6253 -0.0400
-0.3960 -3.6535 -0.0400
-0.4251 -3.7010 -0.0400
-1.4040 -5.1796 -0.0400
-1.3360 -5.1921 -0.0400
-1.3122 -5.2486 -0.0400
0.0558 -8.5826 -0.0400
0.8702 -7.5527 -0.0400
0.9507 -7.3788 -0.0400
1.0283 -7.3543 -0.0400
1.1083 -7.4131 -0.0400
1.4881 -5.0982 -0.0400
1.5194 -5.0634 -0.0400
1.5556 -5.0483 -0.0400
1.5912 -5.0318 -0.0400
1.6316 -5.0302 -0.0400
1.2340 -3.5242 -0.0400
1.2387 -3.5072 -0.0400
1.2427 -3.4903 -0.0400
1.2511 -3.4818 -0.0400
1.2600 -3.4745 -0.0400
1.2695 -3.4682 -0.0400
1.2807 -3.4647 -0.0400
1.2922 -3.4615 -0.0400
1.3046 -3.4594 -0.0400
1.3183 -3.4588 -0.0400
1.3474 -3.4787 -0.0400
3.3288 -6.0567 -0.0400
3.3577 -3.9739 -0.0400
3.3214 -3.9086 -0.0400
3.3132 -3.8567 -0.0400
3.3149 -3.8095 -0.0400
3.3498 -3.7746 -0.0400
3.3993 -3.7439 -0.0400
5.9875 -3.7655 -0.0400
5.9994 -3.6765 -0.0400
6.0569 -3.5937 -0.0400
1.4663 -1.6170 -0.0400
1.4488 -1.5944 -0.0400
1.4298 -1.5743 -0.0400
1.4214 -1.5224 -0.0400
1.0713 0.5600 -0.0400
1.0094 0.5113 -0.0400
0.9495 0.5398 -0.0400
0.8878 0.6422 -0.0400
0.8236 0.7040 -0.0400
-2.0215 2.2805 -0.0400
-2.5269 1.2598 -0.0400
-2.5944 1.1927 -0.0400
-2.7268 1.1986 -0.0400
-1.1543 -2.4995 -0.0400
-1.1402 -2.5401 -0.0400
-1.1346 -2.5785 -0.0400
-1.1414 -2.6147 -0.0400
-1.1594 -2.6496 -0.0400
-1.1921 -2.6834 -0.0400
-3.5954 -2.5056 -0.0400
-3.4905 -2.5931 -0.0400
-3.4894 -2.6711 -0.0400
-3.5351 -2.7472 -0.0400
-3.4682 -2.8269 -0.0400
-3.0186 -4.1954 -0.0400
-2.9402 -4.2455 -0.0400
-2.9033 -4.3086 -0.0400
-2.9554 -4.4052 -0.0400
-0.5330 -3.5077 -0.0400
-0.4852 -3.5177 -0.0400
-0.4567 -3.5347 -0.0400
-0.4358 -3.5546 -0.0400
-0.4199 -3.5764 -0.0400
-0.4081 -3.6002 -0.0400
-0.4092 -3.6309 -0.0400
-0.4118 -3.6629 -0.0400
-0.4280 -3.7036 -0.0400
-3.0473 -6.6353 -0.0400
-1.4051 -5.1815 -0.0400
-1.3370 -5.1943 -0.0400
-1.3333 -5.2717 -0.0400
0.8762 -7.3786 -0.0400
0.9543 -7.3422 -0.0400
1.0320 -7.3506 -0.0400
1.1115 -7.3978 -0.0400
1.4579 -5.1101 -0.0400
1.4892 -5.0728 -0.0400
1.5243 -5.0533 -0.0400
1.5625 -5.0455 -0.0400
1.5982 -5.0295 -0.0400
1.6381 -5.0268 -0.0400
1.2327 -3.5272 -0.0400
1.2332 -3.5011 -0.0400
1.2408 -3.4909 -0.0400
1.2491 -3.4824 -0.0400
1.2581 -3.4752 -0.0400
1.2676 -3.4691 -0.0400
1.2790 -3.4661 -0.0400
1.2906 -3.4634 -0.0400
1.3035 -3.4622 -0.0400
1.3179 -3.4630 -0.0400
3.2263 -6.1442 -0.0400
3.2739 -6.0921 -0.0400
3.3392 -6.0639 -0.0400
3.3324 -3.9601 -0.0400
3.3021 -3.8980 -0.0400
3.3050 -3.8510 -0.0400
3.3152 -3.8073 -0.0400
3.3550 -3.7744 -0.0400
3.4109 -3.7460 -0.0400
5.9791 -3.7677 -0.0400
5.9989 -3.6802 -0.0400
6.0664 -3.5990 -0.0400
1.4259 -1.5435 -0.0400
1.0854 0.5224 -0.0400
1.0249 0.5093 -0.0400
0.9650 0.5211 -0.0400
0.9037 0.6315 -0.0400
-2.0068 2.2939 -0.0400
-2.1005 2.2466 -0.0400
-2.5109 1.2688 -0.0400
-2.5868 1.2113 -0.0400
-1.1417 -2.6070 -0.0400
-1.1606 -2.6420 -0.0400
-1.1932 -2.6759 -0.0400
-3.5477 -2.4992 -0.0400
-3.4892 -2.5828 -0.0400
-3.4877 -2.6610 -0.0400
-3.5277 -2.7373 -0.0400
-3.4677 -2.8171 -0.0400
-2.9807 -4.1769 -0.0400
-2.9321 -4.2368 -0.0400
-2.9126 -4.3061 -0.0400
-2.9250 -4.3878 -0.0400
-0.4950 -3.5206 -0.0400
-0.4503 -3.5309 -0.0400
-0.4333 -3.5527 -0.0400
-0.4206 -3.5762 -0.0400
-0.4122 -3.6019 -0.0400
-0.4084 -3.6303 -0.0400
-0.4102 -3.6621 -0.0400
-0.4249 -3.7020 -0.0400
-1.4673 -5.1612 -0.0400
-1.3871 -5.1643 -0.0400
-1.3573 -5.2149 -0.0400
-0.0415 -8.5689 -0.0400
0.0609 -8.5653 -0.0400
0.7959 -7.5401 -0.0400
0.8798 -7.3714 -0.0400
0.9579 -7.3410 -0.0400
1.0356 -7.3495 -0.0400
1.4659 -5.1122 -0.0400
1.4940 -5.0617 -0.0400
1.5319 -5.0533 -0.0400
1.5681 -5.0385 -0.0400
1.6075 -5.0348 -0.0400
1.6570 -5.0608 -0.0400
1.2219 -3.5380 -0.0400
1.2255 -3.5166 -0.0400
1.2319 -3.5028 -0.0400
1.2393 -3.4920 -0.0400
1.2476 -3.4832 -0.0400
1.2565 -3.4759 -0.0400
1.2663 -3.4705 -0.0400
1.2772 -3.4670 -0.0400
1.2889 -3.4645 -0.0400
1.3019 -3.4637 -0.0400
1.3164 -3.4651 -0.0400
3.2094 -6.2352 -0.0400
3.2263 -6.1370 -0.0400
3.2787 -6.0917 -0.0400
3.3537 -6.0764 -0.0400
3.3564 -4.0180 -0.0400
3.3244 -3.9534 -0.0400
3.2979 -3.8931 -0.0400
3.2981 -3.8452 -0.0400
3.3198 -3.8062 -0.0400
3.3747 -3.7789 -0.0400
6.1604 -3.8959 -0.0400
5.9885 -3.7723 -0.0400
6.0063 -3.6846 -0.0400
1.1010 0.5305 -0.0400
1.0402 0.5094 -0.0400
0.9807 0.5515 -0.0400
0.9192 0.6460 -0.0400
0.8547 0.7295 -0.0400
-1.9887 2.3017 -0.0400
-2.4851 1.2661 -0.0400
-2.5735 1.2236 -0.0400
-3.5226 -2.4902 -0.0400
-3.4846 -2.5722 -0.0400
-3.4880 -2.6502 -0.0400
-3.4678 -2.7291 -0.0400
-3.4672 -2.8067 -0.0400
-3.0098 -4.1794 -0.0400
-2.9338 -4.2308 -0.0400
-2.9320 -4.3067 -0.0400
-3.0073 -4.4127 -0.0400
-0.5212 -3.4995 -0.0400
-0.4813 -3.5131 -0.0400
-0.4552 -3.5315 -0.0400
-0.4362 -3.5526 -0.0400
-0.4220 -3.5758 -0.0400
-0.4192 -3.6045 -0.0400
-0.4201 -3.6356 -0.0400
-0.4312 -3.6730 -0.0400
-1.4449 -5.1395 -0.0400
-1.3794 -5.1563 -0.0400
-1.3429 -5.2002 -0.0400
-0.0372 -8.5488 -0.0400
0.8029 -7.4303 -0.0400
0.8834 -7.3558 -0.0400
0.9613 -7.3400 -0.0400
1.0401 -7.4055 -0.0400
1.4347 -5.1211 -0.0400
1.4660 -5.0804 -0.0400
1.5012 -5.0602 -0.0400
1.5389 -5.0509 -0.0400
1.5753 -5.0368 -0.0400
1.6240 -5.0633 -0.0400
1.2244 -3.5501 -0.0400
1.2251 -3.5207 -0.0400
1.2310 -3.5053 -0.0400
1.2362 -3.4893 -0.0400
1.2451 -3.4819 -0.0400
1.2546 -3.4758 -0.0400
1.2647 -3.4710 -0.0400
1.2755 -3.4673 -0.0400
1.2871 -3.4649 -0.0400
1.2998 -3.4642 -0.0400
1.3216 -3.4775 -0.0400
3.2105 -6.2292 -0.0400
3.2293 -6.1337 -0.0400
3.2832 -6.0906 -0.0400
3.3191 -3.9970 -0.0400
3.3013 -3.9394 -0.0400
3.2884 -3.8855 -0.0400
3.2972 -3.8414 -0.0400
3.3229 -3.8042 -0.0400
3.3806 -3.7780 -0.0400
5.9768 -3.8635 -0.0400
5.9693 -3.7716 -0.0400
6.0393 -3.6924 -0.0400
1.1163 0.5320 -0.0400
1.0554 0.5076 -0.0400
0.9959 0.5360 -0.0400
0.9348 0.6370 -0.0400
0.8717 0.6797 -0.0400
-1.8866 2.3606 -0.0400
-2.3522 1.4243 -0.0400
-2.4038 1.3357 -0.0400
-2.4871 1.2878 -0.0400
-3.4626 -2.6442 -0.0400
-3.4703 -2.7216 -0.0400
-3.1128 -4.0516 -0.0400
-3.0041 -4.0965 -0.0400
-2.9623 -4.1594 -0.0400
-2.9485 -4.2310 -0.0400
-2.9710 -4.3160 -0.0400
-0.5162 -3.4659 -0.0400
-0.4864 -3.4839 -0.0400
-0.4652 -3.5048 -0.0400
-0.4497 -3.5277 -0.0400
-0.4389 -3.5526 -0.0400
-0.4326 -3.5797 -0.0400
-0.4317 -3.6098 -0.0400
-0.4389 -3.6447 -0.0400
-3.1906 -6.4920 -0.0400
-1.4817 -5.0942 -0.0400
-1.4203 -5.1158 -0.0400
-1.3950 -5.1705 -0.0400
-0.1356 -8.5305 -0.0400
0.7283 -7.3773 -0.0400
0.8082 -7.3402 -0.0400
0.8855 -7.3590 -0.0400
0.9634 -7.4324 -0.0400
1.4003 -5.1270 -0.0400
1.4302 -5.0771 -0.0400
1.4682 -5.0689 -0.0400
1.5052 -5.0562 -0.0400
1.5441 -5.0514 -0.0400
1.5897 -5.0695 -0.0400
1.2003 -3.5363 -0.0400
1.2061 -3.5185 -0.0400
1.2136 -3.5063 -0.0400
1.2219 -3.4966 -0.0400
1.2308 -3.4888 -0.0400
1.2402 -3.4826 -0.0400
1.2503 -3.4777 -0.0400
1.2624 -3.4768 -0.0400
1.2748 -3.4762 -0.0400
1.2886 -3.4777 -0.0400
1.3050 -3.4831 -0.0400
3.1724 -6.1674 -0.0400
3.2535 -6.1630 -0.0400
3.2974 -4.0340 -0.0400
3.2745 -3.9735 -0.0400
3.2655 -3.9208 -0.0400
3.2809 -3.8797 -0.0400
3.3174 -3.8470 -0.0400
5.9394 -3.9481 -0.0400
5.9454 -3.8588 -0.0400
6.0096 -3.7800 -0.0400
5.0579 1.2250 -0.0400
1.1859 0.5214 -0.0400
1.1249 0.5026 -0.0400
1.0660 0.5296 -0.0400
1.0069 0.6324 -0.0400
-2.4344 1.4142 -0.0400
-2.4615 1.2955 -0.0400
-2.5814 1.2898 -0.0400
-2.9670 -4.1504 -0.0400
-2.9421 -4.2186 -0.0400
-2.9457 -4.2968 -0.0400
-0.5196 -3.4929 -0.0400
-0.4823 -3.5080 -0.0400
-0.4573 -3.5274 -0.0400
-0.4371 -3.5484 -0.0400
-0.4287 -3.5747 -0.0400
-0.4254 -3.6037 -0.0400
-0.4286 -3.6366 -0.0400
-0.4474 -3.6786 -0.0400
-3.1332 -6.5605 -0.0400
-1.4426 -5.1335 -0.0400
-1.3808 -5.1544 -0.0400
-0.0381 -8.5569 -0.0400
0.7219 -7.5570 -0.0400
0.8120 -7.3414 -0.0400
0.8899 -7.3354 -0.0400
0.9676 -7.3451 -0.0400
1.4081 -5.1180 -0.0400
1.4413 -5.0837 -0.0400
1.4772 -5.0654 -0.0400
1.5153 -5.0572 -0.0400
1.5519 -5.0434 -0.0400
1.5987 -5.0659 -0.0400
1.2147 -3.5381 -0.0400
1.2192 -3.5165 -0.0400
1.2263 -3.5032 -0.0400
1.2327 -3.4888 -0.0400
1.2420 -3.4822 -0.0400
1.2519 -3.4769 -0.0400
1.2624 -3.4729 -0.0400
1.2736 -3.4702 -0.0400
1.2856 -3.4690 -0.0400
1.2989 -3.4696 -0.0400
1.3143 -3.4735 -0.0400
3.1834 -6.1727 -0.0400
3.2343 -6.1250 -0.0400
3.3121 -6.1150 -0.0400
3.3194 -4.0383 -0.0400
3.2916 -3.9751 -0.0400
3.2842 -3.9230 -0.0400
3.2834 -3.8747 -0.0400
3.3028 -3.8354 -0.0400
3.3431 -3.8040 -0.0400
6.1413 -3.9927 -0.0400
5.9466 -3.8610 -0.0400
5.9583 -3.7732 -0.0400
6.0424 -3.6970 -0.0400
4.9919 1.2786 -0.0400
1.1450 0.5126 -0.0400
1.0849 0.5027 -0.0400
1.0258 0.5372 -0.0400
0.9652 0.6341 -0.0400
-2.3142 1.4361 -0.0400
-2.3748 1.3591 -0.0400
-2.4714 1.3271 -0.0400
-3.7456 -0.3135 -0.0400
-3.6878 -0.4502 -0.0400
-3.0732 -4.0236 -0.0400
-3.0016 -4.0793 -0.0400
-2.9678 -4.1450 -0.0400
-2.9613 -4.2194 -0.0400
-0.5669 -3.4469 -0.0400
-0.5174 -3.4592 -0.0400
-0.4887 -3.4782 -0.0400
-0.4684 -3.4999 -0.0400
-0.4535 -3.5235 -0.0400
-0.4433 -3.5492 -0.0400
-0.4378 -3.5771 -0.0400
-0.4615 -3.6199 -0.0400
-3.2225 -6.5049 -0.0400
-1.4631 -5.0725 -0.0400
-1.4409 -5.1301 -0.0400
-0.2335 -8.5073 -0.0400
0.6546 -7.3811 -0.0400
0.7359 -7.3374 -0.0400
0.8139 -7.3374 -0.0400
0.8910 -7.3680 -0.0400
1.3721 -5.1157 -0.0400
1.4070 -5.0879 -0.0400
1.4437 -5.0725 -0.0400
1.4811 -5.0615 -0.0400
1.5206 -5.0593 -0.0400
1.5665 -5.0801 -0.0400
1.1936 -3.5294 -0.0400
1.2010 -3.5151 -0.0400
1.2093 -3.5043 -0.0400
1.2183 -3.4959 -0.0400
1.2277 -3.4891 -0.0400
1.2375 -3.4836 -0.0400
1.2479 -3.4795 -0.0400
1.2605 -3.4800 -0.0400
1.2733 -3.4806 -0.0400
1.2877 -3.4838 -0.0400
1.3051 -3.4919 -0.0400
3.1218 -6.1988 -0.0400
3.1941 -6.1830 -0.0400
3.2760 -4.0636 -0.0400
3.2725 -4.0118 -0.0400
3.2514 -3.9528 -0.0400
3.2652 -3.9111 -0.0400
3.3020 -3.8794 -0.0400
3.3445 -3.8492 -0.0400
5.9746 -4.0495 -0.0400
5.9209 -3.9465 -0.0400
5.9447 -3.8613 -0.0400
5.0607 1.1928 -0.0400
2.6727 -0.6500 -0.0400
2.6084 -0.6551 -0.0400
1.2148 0.5187 -0.0400
1.1538 0.4958 -0.0400
1.0948 0.5117 -0.0400
1.0369 0.6390 -0.0400
0.9748 0.6850 -0.0400
-2.3284 1.4858 -0.0400
-2.3626 1.3739 -0.0400
-3.7187 -0.3086 -0.0400
-3.6842 -0.4329 -0.0400
-3.6483 -0.5546 -0.0400
-3.7032 -0.6292 -0.0400
-3.1041 -4.0228 -0.0400
-2.9934 -4.0678 -0.0400
-2.9794 -4.1397 -0.0400
-2.9968 -4.2225 -0.0400
-0.5311 -3.4599 -0.0400
-0.4974 -3.4774 -0.0400
-0.4678 -3.4956 -0.0400
-0.4557 -3.5206 -0.0400
-0.4483 -3.5477 -0.0400
-0.4463 -3.5776 -0.0400
-0.4515 -3.6115 -0.0400
-0.4768 -3.6567 -0.0400
-1.5437 -5.0619 -0.0400
-1.4680 -5.0731 -0.0400
-1.4357 -5.1218 -0.0400
-0.2345 -8.5081 -0.0400
0.5590 -7.5780 -0.0400
0.6585 -7.3568 -0.0400
0.7385 -7.3320 -0.0400
0.8162 -7.3376 -0.0400
0.8915 -7.4506 -0.0400
1.3432 -5.1437 -0.0400
1.3768 -5.1035 -0.0400
1.4129 -5.0826 -0.0400
1.4508 -5.0730 -0.0400
1.4880 -5.0604 -0.0400
1.5283 -5.0616 -0.0400
1.5775 -5.0948 -0.0400
1.1889 -3.5644 -0.0400
1.1919 -3.5317 -0.0400
1.1995 -3.5168 -0.0400
1.2079 -3.5058 -0.0400
1.2169 -3.4971 -0.0400
1.2258 -3.4886 -0.0400
1.2362 -3.4844 -0.0400
1.2471 -3.4815 -0.0400
1.2586 -3.4798 -0.0400
1.2711 -3.4799 -0.0400
1.2848 -3.4821 -0.0400
1.3007 -3.4881 -0.0400
3.0843 -6.2598 -0.0400
3.1262 -6.1968 -0.0400
3.1915 -6.1706 -0.0400
3.2694 -4.0544 -0.0400
3.2571 -3.9987 -0.0400
3.2492 -3.9463 -0.0400
3.2728 -3.9092 -0.0400
3.3044 -3.8753 -0.0400
5.9218 -4.0376 -0.0400
5.9118 -3.9450 -0.0400
5.9506 -3.8630 -0.0400
5.0597 1.1755 -0.0400
2.6752 -0.6607 -0.0400
2.6130 -0.6633 -0.0400
2.5637 -0.6499 -0.0400
2.5295 -0.6151 -0.0400
2.5034 -0.5671 -0.0400
1.1678 0.4932 -0.0400
1.1097 0.5304 -0.0400
1.0512 0.6265 -0.0400
-2.4438 1.3528 -0.0400
-3.7229 -0.2863 -0.0400
-3.6719 -0.4199 -0.0400
-3.6479 -0.5357 -0.0400
-3.0418 -3.9957 -0.0400
-2.9984 -4.0595 -0.0400
-2.9793 -4.1302 -0.0400
-2.9868 -4.2097 -0.0400
-0.5568 -3.4334 -0.0400
-0.5169 -3.4496 -0.0400
-0.4910 -3.4700 -0.0400
-0.4722 -3.4927 -0.0400
-0.4583 -3.5172 -0.0400
-0.4487 -3.5436 -0.0400
-0.4578 -3.5789 -0.0400
-0.4710 -3.6172 -0.0400
-1.5168 -5.0343 -0.0400
-1.4709 -5.0713 -0.0400
-0.3432 -8.5244 -0.0400
-0.2359 -8.5096 -0.0400
0.5734 -7.4405 -0.0400
0.6600 -7.3606 -0.0400
0.7410 -7.3232 -0.0400
0.8180 -7.3443 -0.0400
1.3457 -5.1179 -0.0400
1.3815 -5.0927 -0.0400
1.4189 -5.0790 -0.0400
1.4565 -5.0679 -0.0400
1.4950 -5.0612 -0.0400
1.5370 -5.0685 -0.0400
1.1848 -3.5611 -0.0400
1.1893 -3.5318 -0.0400
1.1973 -3.5173 -0.0400
1.2060 -3.5065 -0.0400
1.2141 -3.4948 -0.0400
1.2242 -3.4894 -0.0400
1.2346 -3.4851 -0.0400
1.2455 -3.4821 -0.0400
1.2569 -3.4801 -0.0400
1.2719 -3.4861 -0.0400
1.2869 -3.4912 -0.0400
1.3061 -3.5042 -0.0400
3.0421 -6.3155 -0.0400
3.0733 -6.2331 -0.0400
3.1336 -6.1995 -0.0400
3.2750 -4.1019 -0.0400
3.2704 -4.0488 -0.0400
3.2380 -3.9832 -0.0400
3.2509 -3.9412 -0.0400
3.2808 -3.9070 -0.0400
3.3207 -3.8767 -0.0400
5.9196 -4.0370 -0.0400
5.9107 -3.9448 -0.0400
5.9900 -3.8710 -0.0400
5.1363 1.0948 -0.0400
2.6837 -0.6626 -0.0400
2.6105 -0.6804 -0.0400
2.5704 -0.6545 -0.0400
2.5376 -0.6181 -0.0400
2.5141 -0.5664 -0.0400
1.0039 0.7251 -0.0400
-1.7254 2.4488 -0.0400
-1.8206 2.4044 -0.0400
-3.7085 -0.2739 -0.0400
-3.6809 -0.3953 -0.0400
-3.6364 -0.5221 -0.0400
-3.7110 -0.5873 -0.0400
-1.2420 -2.0627 -0.0400
-1.2268 -2.1123 -0.0400
-3.1439 -3.9353 -0.0400
-3.0456 -3.9863 -0.0400
-3.0024 -4.0505 -0.0400
-2.9818 -4.1208 -0.0400
-0.5735 -3.4334 -0.0400
-0.5261 -3.4473 -0.0400
-0.4978 -3.4672 -0.0400
-0.4723 -3.4875 -0.0400
-0.4617 -3.5136 -0.0400
-0.4552 -3.5416 -0.0400
-0.4543 -3.5724 -0.0400
-0.4610 -3.6075 -0.0400
-0.4977 -3.6589 -0.0400
-3.3047 -6.4192 -0.0400
-1.5360 -5.0452 -0.0400
-1.4720 -5.0670 -0.0400
-1.4772 -5.1502 -0.0400
-0.3391 -8.5003 -0.0400
-0.2445 -8.5409 -0.0400
0.5810 -7.3742 -0.0400
0.6645 -7.3217 -0.0400
0.7426 -7.3225 -0.0400
0.8184 -7.3739 -0.0400
0.8947 -7.4693 -0.0400
1.3193 -5.1743 -0.0400
1.3492 -5.1000 -0.0400
1.3866 -5.0850 -0.0400
1.4249 -5.0769 -0.0400
1.4627 -5.0662 -0.0400
1.5030 -5.0672 -0.0400
1.1786 -3.5501 -0.0400
1.1857 -3.5290 -0.0400
1.1944 -3.5162 -0.0400
1.2036 -3.5064 -0.0400
1.2121 -3.4954 -0.0400
1.2224 -3.4902 -0.0400
1.2329 -3.4861 -0.0400
1.2439 -3.4831 -0.0400
1.2568 -3.4850 -0.0400
1.2698 -3.4864 -0.0400
1.2842 -3.4906 -0.0400
1.3017 -3.5007 -0.0400
3.0796 -6.2341 -0.0400
3.1354 -6.1934 -0.0400
3.2568 -4.0856 -0.0400
3.2421 -4.0278 -0.0400
3.2346 -3.9751 -0.0400
3.2556 -3.9372 -0.0400
3.2852 -3.9030 -0.0400
5.9387 -4.1324 -0.0400
5.9092 -4.0341 -0.0400
5.9148 -3.9453 -0.0400
5.9923 -3.8713 -0.0400
5.1611 1.1046 -0.0400
2.6662 -0.6979 -0.0400
2.6170 -0.6841 -0.0400
2.5761 -0.6597 -0.0400
2.5433 -0.6236 -0.0400
2.5599 -0.5109 -0.0400
1.6793 -1.6868 -0.0400
1.6503 -1.6904 -0.0400
1.6245 -1.6893 -0.0400
-1.7986 2.4050 -0.0400
-3.7010 -0.2575 -0.0400
-3.6708 -0.3805 -0.0400
-3.6305 -0.5053 -0.0400
-1.2252 -2.0552 -0.0400
-1.2258 -2.0993 -0.0400
-1.1431 -2.1698 -0.0400
-1.1254 -2.2168 -0.0400
-1.1091 -2.2624 -0.0400
-3.1190 -3.9178 -0.0400
-3.0433 -3.9747 -0.0400
-3.0049 -4.0404 -0.0400
-3.0123 -4.1196 -0.0400
-0.5870 -3.4317 -0.0400
-0.5332 -3.4437 -0.0400
-0.4924 -3.4591 -0.0400
-0.4761 -3.4832 -0.0400
-0.4640 -3.5089 -0.0400
-0.4561 -3.5364 -0.0400
-0.4686 -3.5737 -0.0400
-0.4871 -3.6150 -0.0400
-1.6107 -5.0242 -0.0400
-1.5180 -5.0238 -0.0400
-1.4835 -5.0711 -0.0400
-0.3390 -8.4905 -0.0400
0.4779 -7.5832 -0.0400
0.5826 -7.3667 -0.0400
0.6658 -7.3194 -0.0400
0.7436 -7.3275 -0.0400
0.8185 -7.3989 -0.0400
1.3178 -5.1187 -0.0400
1.3547 -5.0969 -0.0400
1.3923 -5.0827 -0.0400
1.4309 -5.0758 -0.0400
1.4701 -5.0719 -0.0400
1.5135 -5.0862 -0.0400
1.1843 -3.5364 -0.0400
1.1908 -3.5138 -0.0400
1.2005 -3.5050 -0.0400
1.2097 -3.4955 -0.0400
1.2202 -3.4909 -0.0400
1.2309 -3.4872 -0.0400
1.2421 -3.4845 -0.0400
1.2550 -3.4866 -0.0400
1.2680 -3.4881 -0.0400
1.2822 -3.4921 -0.0400
1.2990 -3.5012 -0.0400
3.0272 -6.2719 -0.0400
3.0799 -6.2257 -0.0400
3.1567 -6.2182 -0.0400
3.2505 -4.1261 -0.0400
3.2410 -4.0702 -0.0400
3.2304 -4.0149 -0.0400
3.2380 -3.9702 -0.0400
3.2664 -3.9358 -0.0400
3.3094 -3.9076 -0.0400
5.9649 -4.1382 -0.0400
5.8997 -4.0309 -0.0400
5.9414 -3.9503 -0.0400
5.1488 1.0794 -0.0400
2.6760 -0.6962 -0.0400
2.6238 -0.6866 -0.0400
2.5811 -0.6649 -0.0400
2.5628 -0.6078 -0.0400
2.5621 -0.5215 -0.0400
1.7192 -1.6774 -0.0400
1.6848 -1.6894 -0.0400
1.6556 -1.6938 -0.0400
1.6297 -1.6931 -0.0400
1.6035 -1.6938 -0.0400
1.5818 -1.6861 -0.0400
1.5611 -1.6762 -0.0400
-1.6891 2.4639 -0.0400
-1.7871 2.4250 -0.0400
-3.6973 -0.2387 -0.0400
-3.6591 -0.3663 -0.0400
-3.6240 -0.4886 -0.0400
-1.2420 -2.0353 -0.0400
-1.2205 -2.0875 -0.0400
-1.1749 -2.1462 -0.0400
-1.1114 -2.2080 -0.0400
-1.1102 -2.2492 -0.0400
-1.1110 -2.2894 -0.0400
-1.1227 -2.3265 -0.0400
-1.1483 -2.3605 -0.0400
-3.0253 -4.1123 -0.0400
-0.5905 -3.4259 -0.0400
-0.5180 -3.4314 -0.0400
-0.4965 -3.4540 -0.0400
-0.4798 -3.4782 -0.0400
-0.4671 -3.5039 -0.0400
-0.4656 -3.5345 -0.0400
-0.4670 -3.5669 -0.0400
-0.4788 -3.6050 -0.0400
-3.2993 -6.3927 -0.0400
-1.5394 -5.0350 -0.0400
-0.3422 -8.4929 -0.0400
0.4841 -7.5303 -0.0400
0.5862 -7.3358 -0.0400
0.6669 -7.3150 -0.0400
0.7442 -7.3310 -0.0400
0.8192 -7.4028 -0.0400
1.2894 -5.1738 -0.0400
1.3218 -5.1072 -0.0400
1.3595 -5.0914 -0.0400
1.3980 -5.0826 -0.0400
1.4361 -5.0718 -0.0400
1.4764 -5.0730 -0.0400
1.1783 -3.5265 -0.0400
1.1881 -3.5161 -0.0400
1.1969 -3.5033 -0.0400
1.2073 -3.4974 -0.0400
1.2179 -3.4925 -0.0400
1.2287 -3.4887 -0.0400
1.2401 -3.4866 -0.0400
1.2533 -3.4894 -0.0400
1.2664 -3.4913 -0.0400
1.2807 -3.4958 -0.0400
1.2976 -3.5056 -0.0400
3.0325 -6.2719 -0.0400
3.0833 -6.2224 -0.0400
3.2687 -4.1814 -0.0400
3.2446 -4.1156 -0.0400
3.2284 -4.0561 -0.0400
3.2266 -4.0059 -0.0400
3.2444 -3.9664 -0.0400
3.2810 -3.9360 -0.0400
3.3624 -3.9252 -0.0400
5.9353 -4.1293 -0.0400
5.9012 -4.0300 -0.0400
5.9846 -3.9588 -0.0400
5.1630 1.0805 -0.0400
2.6697 -0.7146 -0.0400
2.6244 -0.6965 -0.0400
2.5888 -0.6653 -0.0400
2.5615 -0.6218 -0.0400
2.5618 -0.5348 -0.0400
1.7281 -1.6729 -0.0400
1.6914 -1.6891 -0.0400
1.6614 -1.6952 -0.0400
1.6314 -1.7027 -0.0400
1.6087 -1.6971 -0.0400
1.5870 -1.6896 -0.0400
1.5666 -1.6797 -0.0400
1.5488 -1.6636 -0.0400
1.5307 -1.6474 -0.0400
1.5135 -1.6283 -0.0400
-1.6749 2.4787 -0.0400
-1.7651 2.4249 -0.0400
-2.2309 1.4824 -0.0400
-2.3043 1.4219 -0.0400
-3.6589 -0.1302 -0.0400
-3.6384 -0.2504 -0.0400
-3.6486 -0.3512 -0.0400
-3.6172 -0.4718 -0.0400
-1.2369 -2.0230 -0.0400
-1.2262 -2.0716 -0.0400
-1.1565 -2.1385 -0.0400
-1.1267 -2.1900 -0.0400
-1.1050 -2.2375 -0.0400
-1.1083 -2.2771 -0.0400
-1.1242 -2.3133 -0.0400
-1.1450 -2.3486 -0.0400
-1.1204 -2.3940 -0.0400
-1.1188 -2.4337 -0.0400
-1.1270 -2.4713 -0.0400
-0.5204 -3.4249 -0.0400
-0.4996 -3.4480 -0.0400
-0.4831 -3.4725 -0.0400
-0.4726 -3.4993 -0.0400
-0.4677 -3.5286 -0.0400
-0.4679 -3.5606 -0.0400
-0.4763 -3.5972 -0.0400
-1.5992 -4.9998 -0.0400
-1.5242 -5.0145 -0.0400
-1.4982 -5.0697 -0.0400
-0.3463 -8.4965 -0.0400
0.4835 -7.5326 -0.0400
0.5869 -7.3302 -0.0400
0.6667 -7.3201 -0.0400
0.7432 -7.3511 -0.0400
1.2892 -5.1269 -0.0400
1.3268 -5.1059 -0.0400
1.3641 -5.0861 -0.0400
1.4031 -5.0807 -0.0400
1.1674 -3.5554 -0.0400
1.1760 -3.5350 -0.0400
1.1842 -3.5158 -0.0400
1.1936 -3.5041 -0.0400
1.2043 -3.4986 -0.0400
1.2148 -3.4930 -0.0400
1.2259 -3.4899 -0.0400
1.2379 -3.4895 -0.0400
1.2500 -3.4891 -0.0400
1.2627 -3.4900 -0.0400
1.2798 -3.5023 -0.0400
1.2985 -3.5172 -0.0400
3.0277 -6.2550 -0.0400
3.0985 -6.2388 -0.0400
3.2613 -4.1696 -0.0400
3.2438 -4.1077 -0.0400
3.2245 -4.0466 -0.0400
3.2236 -3.9970 -0.0400
3.2514 -3.9628 -0.0400
3.2962 -3.9363 -0.0400
5.8893 -4.1158 -0.0400
5.9046 -4.0293 -0.0400
5.1653 1.0710 -0.0400
2.7567 -0.6897 -0.0400
2.6793 -0.7113 -0.0400
2.6305 -0.6979 -0.0400
2.5914 -0.6720 -0.0400
2.5869 -0.5955 -0.0400
1.7428 -1.6575 -0.0400
1.6989 -1.6860 -0.0400
1.6608 -1.7071 -0.0400
1.6364 -1.7046 -0.0400
1.6135 -1.6996 -0.0400
1.5918 -1.6927 -0.0400
1.5724 -1.6810 -0.0400
1.5537 -1.6673 -0.0400
1.5360 -1.6509 -0.0400
1.5191 -1.6314 -0.0400
1.5130 -1.5816 -0.0400
-1.6604 2.4926 -0.0400
-2.2311 1.5141 -0.0400
-2.2859 1.4289 -0.0400
-3.6760 -0.2083 -0.0400
-3.6432 -0.3333 -0.0400
-3.6305 -0.4446 -0.0400
-1.2395 -2.0076 -0.0400
-1.2244 -2.0580 -0.0400
-1.1573 -2.1243 -0.0400
-1.1236 -2.1773 -0.0400
-1.1111 -2.2223 -0.0400
-1.1063 -2.2643 -0.0400
-1.1185 -2.3015 -0.0400
-1.1447 -2.3356 -0.0400
-1.1266 -2.3798 -0.0400
-1.1167 -2.4214 -0.0400
-1.1244 -2.4593 -0.0400
-1.1528 -2.4938 -0.0400
-1.1866 -2.5284 -0.0400
-3.4608 -2.2836 -0.0400
-0.4765 -3.4935 -0.0400
-0.4715 -3.5230 -0.0400
-0.4713 -3.5550 -0.0400
-3.3005 -6.3687 -0.0400
-1.5298 -5.0108 -0.0400
-0.4573 -8.5039 -0.0400
0.3895 -7.6033 -0.0400
0.4939 -7.4398 -0.0400
0.5872 -7.3231 -0.0400
0.6656 -7.3305 -0.0400
0.7426 -7.3597 -0.0400
1.2572 -5.1672 -0.0400
1.2924 -5.1137 -0.0400
1.3300 -5.0929 -0.0400
1.3692 -5.0870 -0.0400
1.1625 -3.5568 -0.0400
1.1717 -3.5373 -0.0400
1.1805 -3.5185 -0.0400
1.1902 -3.5067 -0.0400
1.2005 -3.4989 -0.0400
1.2115 -3.4948 -0.0400
1.2227 -3.4914 -0.0400
1.2348 -3.4912 -0.0400
1.2469 -3.4907 -0.0400
1.2615 -3.4973 -0.0400
1.2756 -3.5015 -0.0400
2.9768 -6.2963 -0.0400
3.0314 -6.2528 -0.0400
3.1041 -6.2397 -0.0400
3.2632 -4.1630 -0.0400
3.2035 -4.0771 -0.0400
3.2079 -4.0300 -0.0400
3.2270 -3.9914 -0.0400
3.2580 -3.9587 -0.0400
3.3098 -3.9356 -0.0400
6.0634 -4.2535 -0.0400
5.8863 -4.1130 -0.0400
5.9263 -4.0327 -0.0400
2.7294 -0.7319 -0.0400
2.6746 -0.7257 -0.0400
2.6318 -0.7049 -0.0400
2.5986 -0.6711 -0.0400
2.5777 -0.6189 -0.0400
2.5804 -0.5291 -0.0400
1.7282 -1.6910 -0.0400
1.6947 -1.7025 -0.0400
1.6662 -1.7069 -0.0400
1.6414 -1.7053 -0.0400
1.6182 -1.7014 -0.0400
1.5960 -1.6959 -0.0400
1.5766 -1.6846 -0.0400
1.5579 -1.6715 -0.0400
1.5402 -1.6555 -0.0400
1.5298 -1.6202 -0.0400
1.5177 -1.5865 -0.0400
-1.6358 2.4861 -0.0400
-1.7418 2.4630 -0.0400
-2.1700 1.6247 -0.0400
-2.1994 1.5029 -0.0400
-2.2745 1.4447 -0.0400
-2.3967 1.4452 -0.0400
-3.5856 -0.0270 -0.0400
-3.5625 -0.1504 -0.0400
-3.5618 -0.2579 -0.0400
-3.5663 -0.3606 -0.0400
-1.2436 -1.9504 -0.0400
-1.1996 -2.0125 -0.0400
-1.1725 -2.0665 -0.0400
-1.1173 -2.1281 -0.0400
-1.1013 -2.1749 -0.0400
-1.0958 -2.2176 -0.0400
-1.1090 -2.2546 -0.0400
-1.1275 -2.2903 -0.0400
-1.1164 -2.3334 -0.0400
-1.1128 -2.3740 -0.0400
-1.1204 -2.4121 -0.0400
-1.1382 -2.4482 -0.0400
-1.2170 -2.4750 -0.0400
-3.4553 -2.1933 -0.0400
-3.4808 -2.2705 -0.0400
-3.4664 -2.3525 -0.0400
-3.4582 -2.4331 -0.0400
-3.4470 -6.2248 -0.0400
-1.6334 -4.9362 -0.0400
-1.5712 -4.9625 -0.0400
-1.5787 -5.0458 -0.0400
-0.5522 -8.4525 -0.0400
-0.4571 -8.4920 -0.0400
0.3061 -7.5855 -0.0400
0.4165 -7.4027 -0.0400
0.5080 -7.3173 -0.0400
0.5851 -7.3388 -0.0400
0.6600 -7.3912 -0.0400
1.2183 -5.1582 -0.0400
1.2554 -5.1164 -0.0400
1.2937 -5.0987 -0.0400
1.3330 -5.0930 -0.0400
1.1516 -3.5368 -0.0400
1.1617 -3.5221 -0.0400
1.1721 -3.5122 -0.0400
1.1829 -3.5053 -0.0400
1.1942 -3.5017 -0.0400
1.2056 -3.4984 -0.0400
1.2175 -3.4976 -0.0400
1.2304 -3.5000 -0.0400
1.2432 -3.5012 -0.0400
1.2590 -3.5117 -0.0400
2.8716 -6.3885 -0.0400
2.9153 -6.3224 -0.0400
2.9754 -6.2882 -0.0400
3.0535 -6.2853 -0.0400
3.2209 -4.2377 -0.0400
3.2032 -4.1737 -0.0400
3.1835 -4.1104 -0.0400
3.1883 -4.0632 -0.0400
3.2085 -4.0252 -0.0400
3.2780 -4.0131 -0.0400
5.8875 -4.2945 -0.0400
5.8667 -4.1969 -0.0400
5.9438 -4.1266 -0.0400
5.3138 0.9200 -0.0400
2.7828 -0.7459 -0.0400
2.7163 -0.7532 -0.0400
2.6698 -0.7369 -0.0400
2.6445 -0.6931 -0.0400
2.6435 -0.6138 -0.0400
1.7586 -1.6910 -0.0400
1.7195 -1.7108 -0.0400
1.6828 -1.7289 -0.0400
1.6593 -1.7252 -0.0400
1.6373 -1.7193 -0.0400
1.6166 -1.7112 -0.0400
1.5973 -1.7003 -0.0400
1.5788 -1.6874 -0.0400
1.5656 -1.6620 -0.0400
1.5511 -1.6383 -0.0400
1.5392 -1.6063 -0.0400
-1.5302 2.5365 -0.0400
-1.6375 2.5174 -0.0400
-2.1200 1.5764 -0.0400
-2.1846 1.5037 -0.0400
-3.6601 -0.1743 -0.0400
-3.6262 -0.3003 -0.0400
-1.2197 -1.9854 -0.0400
-1.2110 -2.0336 -0.0400
-1.2181 -2.0756 -0.0400
-1.1366 -2.1451 -0.0400
-1.0996 -2.1979 -0.0400
-1.1016 -2.2382 -0.0400
-1.1137 -2.2756 -0.0400
-1.1306 -2.3120 -0.0400
-1.1212 -2.3544 -0.0400
-1.1164 -2.3952 -0.0400
-1.1206 -2.4340 -0.0400
-1.1440 -2.4695 -0.0400
-1.1761 -2.5043 -0.0400
-3.4574 -2.2518 -0.0400
-3.4756 -2.3300 -0.0400
-3.4525 -2.4123 -0.0400
-3.4608 -2.4913 -0.0400
-3.4093 -6.3014 -0.0400
-1.6105 -4.9811 -0.0400
-1.5500 -5.0088 -0.0400
-0.4589 -8.4745 -0.0400
0.3991 -7.5090 -0.0400
0.5023 -7.3485 -0.0400
0.5847 -7.3274 -0.0400
0.6620 -7.3514 -0.0400
0.7371 -7.4149 -0.0400
1.2618 -5.1312 -0.0400
1.2992 -5.1010 -0.0400
1.3382 -5.0911 -0.0400
1.1609 -3.5400 -0.0400
1.1708 -3.5227 -0.0400
1.1813 -3.5117 -0.0400
1.1918 -3.5020 -0.0400
1.2030 -3.4974 -0.0400
1.2146 -3.4947 -0.0400
1.2267 -3.4941 -0.0400
1.2396 -3.4960 -0.0400
1.2524 -3.4966 -0.0400
1.2676 -3.5049 -0.0400
1.2894 -3.5321 -0.0400
2.9771 -6.2807 -0.0400
3.0431 -6.2568 -0.0400
3.2618 -4.1993 -0.0400
3.1909 -4.1041 -0.0400
3.1940 -4.0558 -0.0400
3.2132 -4.0173 -0.0400
3.2456 -3.9858 -0.0400
3.3030 -3.9664 -0.0400
5.8994 -4.2028 -0.0400
5.9100 -4.1145 -0.0400
5.2424 0.9777 -0.0400
2.7295 -0.7446 -0.0400
2.6785 -0.7343 -0.0400
2.6378 -0.7114 -0.0400
2.6068 -0.6753 -0.0400
2.5886 -0.6199 -0.0400
2.5959 -0.5240 -0.0400
1.7308 -1.7000 -0.0400
1.6985 -1.7105 -0.0400
1.6709 -1.7139 -0.0400
1.6467 -1.7121 -0.0400
1.6241 -1.7079 -0.0400
1.6030 -1.7010 -0.0400
1.5843 -1.6893 -0.0400
1.5666 -1.6747 -0.0400
1.5500 -1.6572 -0.0400
1.5346 -1.6355 -0.0400
1.5215 -1.6066 -0.0400
-1.5249 2.5827 -0.0400
-1.6032 2.5043 -0.0400
-2.1653 1.5191 -0.0400
-2.2511 1.4751 -0.0400
-3.5504 -0.3271 -0.0400
-1.2328 -1.9244 -0.0400
-1.2037 -1.9813 -0.0400
-1.1417 -2.0481 -0.0400
-1.1022 -2.1044 -0.0400
-1.0915 -2.1496 -0.0400
-1.0929 -2.1904 -0.0400
-1.1022 -2.2287 -0.0400
-1.1318 -2.2617 -0.0400
-1.1165 -2.3062 -0.0400
-1.1107 -2.3477 -0.0400
-1.1140 -2.3867 -0.0400
-1.1379 -2.4219 -0.0400
-1.1727 -2.4559 -0.0400
-3.4597 -2.1597 -0.0400
-3.4849 -2.2372 -0.0400
-3.4624 -2.3205 -0.0400
-3.4750 -2.3994 -0.0400
-3.4834 -6.2231 -0.0400
-1.6232 -4.9079 -0.0400
-1.5883 -4.9562 -0.0400
-0.5626 -8.4517 -0.0400
0.3088 -7.5396 -0.0400
0.4246 -7.3195 -0.0400
0.5041 -7.3235 -0.0400
0.5763 -7.3948 -0.0400
1.1847 -5.1675 -0.0400
1.2236 -5.1343 -0.0400
1.2619 -5.1066 -0.0400
1.1409 -3.5522 -0.0400
1.1510 -3.5297 -0.0400
1.1619 -3.5176 -0.0400
1.1730 -3.5099 -0.0400
1.1845 -3.5048 -0.0400
1.1962 -3.5016 -0.0400
1.2082 -3.5003 -0.0400
1.2212 -3.5030 -0.0400
1.2348 -3.5074 -0.0400
1.2500 -3.5164 -0.0400
1.2724 -3.5494 -0.0400
2.8682 -6.3660 -0.0400
2.9214 -6.3181 -0.0400
2.9992 -6.3155 -0.0400
3.2395 -4.2882 -0.0400
3.1923 -4.2029 -0.0400
3.1744 -4.1395 -0.0400
3.1757 -4.0896 -0.0400
3.1939 -4.0504 -0.0400
3.2584 -4.0369 -0.0400
5.8450 -4.2764 -0.0400
5.8965 -4.2002 -0.0400
5.3020 0.8931 -0.0400
2.7752 -0.7659 -0.0400
2.7097 -0.7728 -0.0400
2.6762 -0.7409 -0.0400
2.6520 -0.6962 -0.0400
2.6578 -0.6086 -0.0400
1.7586 -1.7020 -0.0400
1.7120 -1.7353 -0.0400
1.6867 -1.7349 -0.0400
1.6638 -1.7309 -0.0400
1.6424 -1.7249 -0.0400
1.6224 -1.7162 -0.0400
1.6037 -1.7049 -0.0400
1.5859 -1.6917 -0.0400
1.5743 -1.6637 -0.0400
1.5612 -1.6375 -0.0400
1.5522 -1.5991 -0.0400
-1.4958 2.5498 -0.0400
-1.5985 2.5223 -0.0400
-2.0226 1.6674 -0.0400
-2.0786 1.5816 -0.0400
-2.1605 1.5331 -0.0400
-2.2908 1.5470 -0.0400
-1.2165 -1.9564 -0.0400
-1.2041 -2.0062 -0.0400
-1.2102 -2.0487 -0.0400
-1.1312 -2.1178 -0.0400
-1.1075 -2.1670 -0.0400
-1.0956 -2.2116 -0.0400
-1.1093 -2.2487 -0.0400
-1.1306 -2.2842 -0.0400
-1.1304 -2.3249 -0.0400
-1.1186 -2.3676 -0.0400
-1.1195 -2.4072 -0.0400
-1.1377 -2.4437 -0.0400
-1.1690 -2.4787 -0.0400
-3.4678 -2.2170 -0.0400
-3.5034 -2.2936 -0.0400
-3.4619 -2.3785 -0.0400
-3.4601 -2.4587 -0.0400
-1.6667 -4.9264 -0.0400
-1.5921 -4.9442 -0.0400
-1.5545 -4.9906 -0.0400
-0.5703 -8.4494 -0.0400
0.3901 -7.5336 -0.0400
0.5008 -7.3243 -0.0400
0.5797 -7.3348 -0.0400
0.6562 -7.3726 -0.0400
1.2276 -5.1405 -0.0400
1.2666 -5.1169 -0.0400
1.1487 -3.5581 -0.0400
1.1582 -3.5276 -0.0400
1.1698 -3.5192 -0.0400
1.1808 -3.5086 -0.0400
1.1922 -3.5021 -0.0400
1.2039 -3.4984 -0.0400
1.2161 -3.4970 -0.0400
1.2288 -3.4977 -0.0400
1.2423 -3.5010 -0.0400
1.2567 -3.5073 -0.0400
1.2735 -3.5201 -0.0400
2.9218 -6.3095 -0.0400
2.9848 -6.2804 -0.0400
3.2009 -4.1976 -0.0400
3.1835 -4.1343 -0.0400
3.1822 -4.0826 -0.0400
3.1985 -4.0423 -0.0400
3.2281 -4.0095 -0.0400
3.2784 -3.9875 -0.0400
5.8768 -4.2822 -0.0400
5.8731 -4.1896 -0.0400
5.9254 -4.1132 -0.0400
5.2421 0.9620 -0.0400
2.7950 -0.7474 -0.0400
2.7262 -0.7579 -0.0400
2.6796 -0.7426 -0.0400
2.6421 -0.7161 -0.0400
2.6138 -0.6771 -0.0400
1.7787 -1.6745 -0.0400
1.7317 -1.7076 -0.0400
1.7005 -1.7168 -0.0400
1.6738 -1.7193 -0.0400
1.6502 -1.7173 -0.0400
1.6269 -1.7155 -0.0400
1.6078 -1.7054 -0.0400
1.5897 -1.6933 -0.0400
1.5727 -1.6783 -0.0400
1.5568 -1.6601 -0.0400
1.5425 -1.6371 -0.0400
1.5308 -1.6052 -0.0400
1.4039 0.4901 -0.0400
1.3447 0.4782 -0.0400
1.2871 0.4842 -0.0400
-1.5681 2.5154 -0.0400
-2.0780 1.6222 -0.0400
-2.1359 1.5403 -0.0400
-2.2172 1.4908 -0.0400
-1.2134 -1.9878 -0.0400
-1.2074 -2.0347 -0.0400
-1.1119 -2.1092 -0.0400
-1.0955 -2.1561 -0.0400
-1.0962 -2.1971 -0.0400
-1.1044 -2.2358 -0.0400
-1.1196 -2.2727 -0.0400
-1.1158 -2.3141 -0.0400
-1.1101 -2.3554 -0.0400
-1.1154 -2.3942 -0.0400
-1.1299 -2.4313 -0.0400
-1.1575 -2.4668 -0.0400
-3.4583 -2.2012 -0.0400
-3.5026 -2.2767 -0.0400
-3.4618 -2.3617 -0.0400
-3.4612 -2.4418 -0.0400
-1.6632 -4.9115 -0.0400
-1.5964 -4.9357 -0.0400
-1.5628 -4.9856 -0.0400
-0.5810 -8.4623 -0.0400
-0.4828 -8.4946 -0.0400
0.4131 -7.3515 -0.0400
0.4974 -7.3263 -0.0400
0.5759 -7.3427 -0.0400
0.6516 -7.3914 -0.0400
1.2295 -5.1370 -0.0400
1.2687 -5.1141 -0.0400
1.1516 -3.5384 -0.0400
1.1623 -3.5192 -0.0400
1.1741 -3.5125 -0.0400
1.1856 -3.5046 -0.0400
1.1975 -3.5004 -0.0400
1.2097 -3.4984 -0.0400
1.2223 -3.4985 -0.0400
1.2358 -3.5017 -0.0400
1.2504 -3.5088 -0.0400
1.2675 -3.5239 -0.0400
2.8780 -6.3701 -0.0400
2.9235 -6.3065 -0.0400
2.9897 -6.2831 -0.0400
3.2077 -4.1938 -0.0400
3.1908 -4.1307 -0.0400
3.1872 -4.0775 -0.0400
3.2085 -4.0400 -0.0400
3.2551 -4.0166 -0.0400
5.8905 -4.2833 -0.0400
5.8756 -4.1873 -0.0400
2.7180 -0.7712 -0.0400
2.6784 -0.7476 -0.0400
2.6477 -0.7125 -0.0400
2.6289 -0.6605 -0.0400
2.6342 -0.5720 -0.0400
1.7579 -1.7104 -0.0400
1.7242 -1.7228 -0.0400
1.6962 -1.7273 -0.0400
1.6720 -1.7263 -0.0400
1.6496 -1.7225 -0.0400
1.6286 -1.7166 -0.0400
1.6092 -1.7079 -0.0400
1.5908 -1.6968 -0.0400
1.5768 -1.6756 -0.0400
1.5622 -1.6547 -0.0400
1.5496 -1.6275 -0.0400
1.5422 -1.5847 -0.0400
1.4126 0.4859 -0.0400
1.3537 0.4762 -0.0400
1.2967 0.4863 -0.0400
1.2455 0.6211 -0.0400
1.1870 0.6698 -0.0400
-2.1199 1.5486 -0.0400
-2.2065 1.5063 -0.0400
-1.1910 -1.9856 -0.0400
-1.1329 -2.0498 -0.0400
-1.0986 -2.1036 -0.0400
-1.0807 -2.1508 -0.0400
-1.0942 -2.1880 -0.0400
-1.1153 -2.2233 -0.0400
-1.1212 -2.2628 -0.0400
-1.1082 -2.3063 -0.0400
-1.1080 -2.3465 -0.0400
-1.1322 -2.3817 -0.0400
-1.1737 -2.4147 -0.0400
-3.4461 -2.1105 -0.0400
-3.4813 -2.1866 -0.0400
-3.4613 -2.2700 -0.0400
-3.5120 -2.3454 -0.0400
-0.6802 -8.4175 -0.0400
0.2165 -7.5169 -0.0400
0.3294 -7.3488 -0.0400
0.4150 -7.3215 -0.0400
0.4932 -7.3407 -0.0400
1.1890 -5.1254 -0.0400
1.1294 -3.5535 -0.0400
1.1413 -3.5370 -0.0400
1.1527 -3.5201 -0.0400
1.1649 -3.5143 -0.0400
1.1768 -3.5081 -0.0400
1.1891 -3.5060 -0.0400
1.2017 -3.5052 -0.0400
1.2151 -3.5084 -0.0400
1.2298 -3.5165 -0.0400
1.2441 -3.5218 -0.0400
2.8046 -6.3751 -0.0400
2.8636 -6.3378 -0.0400
2.9408 -6.3355 -0.0400
3.1619 -4.2650 -0.0400
3.1482 -4.2018 -0.0400
3.1451 -4.1475 -0.0400
3.1601 -4.1059 -0.0400
3.1880 -4.0726 -0.0400
3.2324 -4.0485 -0.0400
5.8543 -4.4551 -0.0400
5.8262 -4.3528 -0.0400
5.8677 -4.2742 -0.0400
6.4583 -0.1778 -0.0400
5.3866 0.8170 -0.0400
2.8007 -0.8164 -0.0400
2.7517 -0.8034 -0.0400
2.7113 -0.7809 -0.0400
2.6800 -0.7474 -0.0400
2.7008 -0.6440 -0.0400
1.7827 -1.7142 -0.0400
1.7451 -1.7318 -0.0400
1.7159 -1.7379 -0.0400
1.6865 -1.7455 -0.0400
1.6655 -1.7397 -0.0400
1.6458 -1.7318 -0.0400
1.6275 -1.7212 -0.0400
1.6102 -1.7085 -0.0400
1.5940 -1.6930 -0.0400
1.5790 -1.6743 -0.0400
1.5658 -1.6503 -0.0400
1.4756 0.4778 -0.0400
1.4164 0.4668 -0.0400
1.3630 0.5163 -0.0400
1.3115 0.6170 -0.0400
1.2549 0.6854 -0.0400
-1.9783 1.6971 -0.0400
-2.0350 1.6125 -0.0400
-2.1316 1.5844 -0.0400
-3.5282 0.0484 -0.0400
-3.5043 -0.0760 -0.0400
-3.4853 -0.1943 -0.0400
-1.0931 -2.1688 -0.0400
-1.0967 -2.2089 -0.0400
-1.1108 -2.2461 -0.0400
-1.1158 -2.2856 -0.0400
-1.1077 -2.3276 -0.0400
-1.1114 -2.3668 -0.0400
-1.1250 -2.4042 -0.0400
-1.1539 -2.4395 -0.0400
-3.4616 -2.1660 -0.0400
-3.4796 -2.2448 -0.0400
-3.4506 -2.3286 -0.0400
-3.4887 -2.4055 -0.0400
-3.1027 -3.7759 -0.0400
-0.5925 -8.4482 -0.0400
0.2863 -7.5701 -0.0400
0.4017 -7.3719 -0.0400
0.4882 -7.3372 -0.0400
0.5628 -7.3922 -0.0400
1.1924 -5.1703 -0.0400
1.2318 -5.1288 -0.0400
1.1461 -3.5332 -0.0400
1.1583 -3.5223 -0.0400
1.1700 -3.5103 -0.0400
1.1823 -3.5060 -0.0400
1.1947 -3.5029 -0.0400
1.2074 -3.5018 -0.0400
1.2204 -3.5018 -0.0400
1.2346 -3.5077 -0.0400
1.2509 -3.5212 -0.0400
1.2678 -3.5349 -0.0400
2.8228 -6.4070 -0.0400
2.8653 -6.3347 -0.0400
2.9323 -6.3129 -0.0400
3.1903 -4.2197 -0.0400
3.1757 -4.1567 -0.0400
3.1728 -4.1031 -0.0400
3.1919 -4.0642 -0.0400
3.2346 -4.0392 -0.0400
4.8138 -4.8754 -0.0400
6.0240 -4.4137 -0.0400
5.8563 -4.2663 -0.0400
6.4199 -0.0830 -0.0400
5.3107 0.8748 -0.0400
2.8513 -0.7596 -0.0400
2.7668 -0.7870 -0.0400
2.7186 -0.7738 -0.0400
2.6819 -0.7473 -0.0400
2.6574 -0.7045 -0.0400
2.6569 -0.6277 -0.0400
1.7913 -1.7011 -0.0400
1.7497 -1.7250 -0.0400
1.7198 -1.7322 -0.0400
1.6940 -1.7338 -0.0400
1.6711 -1.7314 -0.0400
1.6497 -1.7268 -0.0400
1.6296 -1.7200 -0.0400
1.6120 -1.7084 -0.0400
1.5954 -1.6945 -0.0400
1.5800 -1.6773 -0.0400
1.5660 -1.6560 -0.0400
1.5542 -1.6280 -0.0400
1.5489 -1.5809 -0.0400
1.4300 0.4936 -0.0400
1.3707 0.4773 -0.0400
1.3160 0.5167 -0.0400
1.2634 0.6211 -0.0400
1.2060 0.6881 -0.0400
-2.0429 1.6636 -0.0400
-2.0913 1.5684 -0.0400
-2.1796 1.5289 -0.0400
-3.5867 0.0020 -0.0400
-3.5691 -0.1178 -0.0400
-3.5822 -0.2177 -0.0400
-1.1377 -2.2662 -0.0400
-1.1154 -2.3117 -0.0400
-1.1103 -2.3529 -0.0400
-1.1296 -2.3893 -0.0400
-1.1658 -2.4236 -0.0400
-3.4566 -2.1492 -0.0400
-3.5115 -2.2235 -0.0400
-3.4544 -2.3108 -0.0400
-3.4687 -2.3898 -0.0400
-3.1890 -3.7015 -0.0400
-3.1123 -3.7622 -0.0400
-3.0693 -3.8293 -0.0400
-3.0628 -3.9053 -0.0400
-0.6028 -8.4533 -0.0400
0.3018 -7.4453 -0.0400
0.4034 -7.3273 -0.0400
0.4838 -7.3341 -0.0400
0.5595 -7.3806 -0.0400
1.1923 -5.1572 -0.0400
1.1379 -3.5647 -0.0400
1.1487 -3.5257 -0.0400
1.1612 -3.5172 -0.0400
1.1736 -3.5110 -0.0400
1.1859 -3.5051 -0.0400
1.1987 -3.5033 -0.0400
1.2122 -3.5055 -0.0400
1.2257 -3.5075 -0.0400
1.2398 -3.5113 -0.0400
1.2579 -3.5319 -0.0400
2.8207 -6.3990 -0.0400
2.8662 -6.3328 -0.0400
2.9331 -6.3106 -0.0400
3.1892 -4.2110 -0.0400
3.1514 -4.1328 -0.0400
3.1680 -4.0921 -0.0400
3.1958 -4.0586 -0.0400
3.2386 -4.0337 -0.0400
4.8027 -4.8644 -0.0400
5.8468 -4.3519 -0.0400
5.8572 -4.2632 -0.0400
5.9313 -4.1938 -0.0400
2.8232 -0.7918 -0.0400
2.7618 -0.7931 -0.0400
2.7125 -0.7818 -0.0400
2.6816 -0.7483 -0.0400
2.6576 -0.7054 -0.0400
2.6556 -0.6311 -0.0400
1.7933 -1.6969 -0.0400
1.7502 -1.7232 -0.0400
1.7202 -1.7309 -0.0400
1.6895 -1.7413 -0.0400
1.6681 -1.7367 -0.0400
1.6480 -1.7303 -0.0400
1.6293 -1.7214 -0.0400
1.6116 -1.7105 -0.0400
1.5947 -1.6977 -0.0400
1.5789 -1.6820 -0.0400
1.5714 -1.6462 -0.0400
1.5628 -1.6105 -0.0400
1.4964 0.5019 -0.0400
1.4351 0.4715 -0.0400
1.3779 0.4735 -0.0400
1.3228 0.5031 -0.0400
1.2712 0.6141 -0.0400
-3.5527 0.0034 -0.0400
-3.5271 -0.1205 -0.0400
-3.5073 -0.2379 -0.0400
-3.5609 -0.3135 -0.0400
-1.1117 -2.3431 -0.0400
-1.1347 -2.3789 -0.0400
-1.1877 -2.4107 -0.0400
-3.4575 -2.1373 -0.0400
-3.4422 -2.2201 -0.0400
-3.5206 -2.2924 -0.0400
-3.1191 -3.6756 -0.0400
-3.0914 -3.7465 -0.0400
-3.1100 -3.8288 -0.0400
-0.5907 -3.3200 -0.0400
0.2013 -7.5097 -0.0400
0.3201 -7.3141 -0.0400
0.3966 -7.3480 -0.0400
1.1504 -5.1588 -0.0400
1.1244 -3.5373 -0.0400
1.1373 -3.5265 -0.0400
1.1501 -3.5193 -0.0400
1.1629 -3.5143 -0.0400
1.1757 -3.5105 -0.0400
1.1888 -3.5101 -0.0400
1.2022 -3.5111 -0.0400
1.2171 -3.5205 -0.0400
1.2321 -3.5282 -0.0400
2.7507 -6.4133 -0.0400
2.8067 -6.3678 -0.0400
2.8870 -6.3725 -0.0400
3.1697 -4.3021 -0.0400
3.1201 -4.2113 -0.0400
3.1275 -4.1635 -0.0400
3.1478 -4.1252 -0.0400
3.1777 -4.0931 -0.0400
4.7257 -4.9890 -0.0400
5.8001 -4.4262 -0.0400
5.8561 -4.3527 -0.0400
6.5070 -0.2754 -0.0400
5.4648 0.7423 -0.0400
2.8376 -0.8438 -0.0400
2.7870 -0.8326 -0.0400
2.7446 -0.8131 -0.0400
2.7156 -0.7778 -0.0400
2.6955 -0.7307 -0.0400
1.8042 -1.7194 -0.0400
1.7530 -1.7572 -0.0400
1.7274 -1.7582 -0.0400
1.7049 -1.7551 -0.0400
1.6838 -1.7502 -0.0400
1.6638 -1.7437 -0.0400
1.6459 -1.7338 -0.0400
1.6293 -1.7211 -0.0400
1.6140 -1.7057 -0.0400
1.5996 -1.6876 -0.0400
1.5869 -1.6649 -0.0400
1.5771 -1.6341 -0.0400
1.4967 0.4673 -0.0400
1.4402 0.4761 -0.0400
1.3936 0.5950 -0.0400
1.3373 0.6364 -0.0400
-3.5008 0.0972 -0.0400
-3.4824 -0.0243 -0.0400
-3.5217 -0.1094 -0.0400
-1.2217 -1.8359 -0.0400
-1.1775 -1.8996 -0.0400
-3.5074 -2.1885 -0.0400
-3.4523 -2.2759 -0.0400
-3.4693 -2.3548 -0.0400
-3.1300 -3.7336 -0.0400
-3.0787 -3.7990 -0.0400
-3.0761 -3.8763 -0.0400
-0.5959 -3.3382 -0.0400
-0.5511 -3.3552 -0.0400
-0.5327 -3.3810 -0.0400
-0.5169 -3.4075 -0.0400
-0.7216 -8.4221 -0.0400
0.3029 -7.3658 -0.0400
0.3923 -7.3238 -0.0400
0.4711 -7.3445 -0.0400
0.5442 -7.4171 -0.0400
1.1494 -5.1612 -0.0400
1.1273 -3.5486 -0.0400
1.1403 -3.5316 -0.0400
1.1532 -3.5211 -0.0400
1.1661 -3.5141 -0.0400
1.1788 -3.5079 -0.0400
1.1921 -3.5066 -0.0400
1.2055 -3.5069 -0.0400
1.2194 -3.5089 -0.0400
1.2355 -3.5229 -0.0400
1.2524 -3.5374 -0.0400
2.7712 -6.4566 -0.0400
2.8145 -6.3820 -0.0400
2.8717 -6.3391 -0.0400
2.9674 -6.3716 -0.0400
3.1436 -4.2179 -0.0400
3.1398 -4.1618 -0.0400
3.1526 -4.1182 -0.0400
3.1760 -4.0818 -0.0400
3.2367 -4.0684 -0.0400
4.7705 -4.9229 -0.0400
5.8604 -4.4431 -0.0400
5.8306 -4.3398 -0.0400
5.8712 -4.2610 -0.0400
6.4698 -0.1786 -0.0400
5.3747 0.7914 -0.0400
2.7898 -0.8273 -0.0400
2.7477 -0.8076 -0.0400
2.7096 -0.7836 -0.0400
2.6867 -0.7407 -0.0400
2.6699 -0.6887 -0.0400
1.7606 -1.7414 -0.0400
1.7328 -1.7457 -0.0400
1.7085 -1.7455 -0.0400
1.6865 -1.7423 -0.0400
1.6637 -1.7410 -0.0400
1.6453 -1.7323 -0.0400
1.6279 -1.7218 -0.0400
1.6112 -1.7097 -0.0400
1.5955 -1.6952 -0.0400
1.5864 -1.6657 -0.0400
1.5756 -1.6379 -0.0400
1.5713 -1.5924 -0.0400
1.5071 0.4845 -0.0400
1.4476 0.4658 -0.0400
1.3915 0.4742 -0.0400
1.3382 0.5222 -0.0400
1.2864 0.6248 -0.0400
-3.5456 0.0422 -0.0400
-3.5025 -0.0923 -0.0400
-3.4794 -0.2115 -0.0400
-1.2129 -1.9116 -0.0400
-1.1838 -1.9671 -0.0400
-1.1218 -2.0317 -0.0400
-1.0911 -2.0837 -0.0400
-3.1486 -3.6487 -0.0400
-3.1022 -3.7160 -0.0400
-3.1062 -3.7947 -0.0400
-3.1561 -3.8866 -0.0400
-0.6035 -3.2993 -0.0400
-0.5743 -3.3223 -0.0400
-0.5463 -3.3451 -0.0400
-0.5332 -3.3728 -0.0400
-0.5273 -3.4034 -0.0400
-0.5239 -3.4353 -0.0400
-0.5444 -3.4782 -0.0400
-0.8234 -8.3764 -0.0400
0.1071 -7.4786 -0.0400
0.2241 -7.3168 -0.0400
0.3070 -7.3155 -0.0400
0.3817 -7.3634 -0.0400
1.1063 -5.1790 -0.0400
1.1142 -3.5542 -0.0400
1.1277 -3.5365 -0.0400
1.1406 -3.5199 -0.0400
1.1539 -3.5157 -0.0400
1.1672 -3.5134 -0.0400
1.1807 -3.5128 -0.0400
1.1945 -3.5141 -0.0400
1.2098 -3.5256 -0.0400
1.2256 -3.5363 -0.0400
2.6953 -6.4605 -0.0400
2.7483 -6.4058 -0.0400
2.8161 -6.3849 -0.0400
3.1342 -4.3171 -0.0400
3.1358 -4.2622 -0.0400
3.1095 -4.1886 -0.0400
3.1306 -4.1505 -0.0400
3.1745 -4.1277 -0.0400
3.2491 -4.1237 -0.0400
4.7554 -4.9985 -0.0400
5.7737 -4.5030 -0.0400
5.8081 -4.4224 -0.0400
6.5835 -0.3566 -0.0400
5.4315 0.7111 -0.0400
2.8185 -0.8607 -0.0400
2.7737 -0.8440 -0.0400
2.7423 -0.8124 -0.0400
2.7301 -0.7572 -0.0400
2.7343 -0.6794 -0.0400
1.8240 -1.7223 -0.0400
1.7691 -1.7637 -0.0400
1.7434 -1.7647 -0.0400
1.7207 -1.7621 -0.0400
1.6967 -1.7623 -0.0400
1.6778 -1.7548 -0.0400
1.6600 -1.7453 -0.0400
1.6431 -1.7345 -0.0400
1.6295 -1.7168 -0.0400
1.6154 -1.6997 -0.0400
1.6025 -1.6791 -0.0400
1.5918 -1.6527 -0.0400
1.5863 -1.6124 -0.0400
1.5709 0.5012 -0.0400
1.5068 0.4525 -0.0400
1.4532 0.4810 -0.0400
1.4069 0.5973 -0.0400
1.3522 0.6540 -0.0400
-3.4351 0.0990 -0.0400
-3.4451 -0.0043 -0.0400
-3.4276 -0.1218 -0.0400
-3.4916 -0.1909 -0.0400
-1.1764 -1.8694 -0.0400
-1.1700 -1.9171 -0.0400
-1.1801 -1.9584 -0.0400
-1.1008 -2.0286 -0.0400
-1.0669 -2.0814 -0.0400
-1.0726 -2.1209 -0.0400
-1.0884 -2.1576 -0.0400
-3.1258 -3.6270 -0.0400
-3.1060 -3.7000 -0.0400
-3.1110 -3.7790 -0.0400
-3.1710 -3.8736 -0.0400
-0.6505 -3.3016 -0.0400
-0.5776 -3.3106 -0.0400
-0.5561 -3.3358 -0.0400
-0.5379 -3.3618 -0.0400
-0.5290 -3.3913 -0.0400
-0.5342 -3.4268 -0.0400
-0.5387 -3.4628 -0.0400
-0.8357 -8.3788 -0.0400
0.0915 -7.5143 -0.0400
0.2112 -7.3445 -0.0400
0.2998 -7.3149 -0.0400
1.1005 -3.5606 -0.0400
1.1145 -3.5397 -0.0400
1.1282 -3.5283 -0.0400
1.1417 -3.5212 -0.0400
1.1552 -3.5167 -0.0400
1.1687 -3.5143 -0.0400
1.1828 -3.5171 -0.0400
1.1971 -3.5211 -0.0400
1.2122 -3.5285 -0.0400
1.2286 -3.5422 -0.0400
2.6943 -6.4593 -0.0400
2.7482 -6.4062 -0.0400
2.8228 -6.3992 -0.0400
3.1120 -4.2930 -0.0400
3.1034 -4.2310 -0.0400
3.1089 -4.1810 -0.0400
3.1359 -4.1470 -0.0400
3.1716 -4.1187 -0.0400
4.6760 -5.0329 -0.0400
5.9361 -4.6584 -0.0400
5.7756 -4.5005 -0.0400
5.8056 -4.4183 -0.0400
5.8873 -4.3536 -0.0400
6.5719 -0.3616 -0.0400
5.5176 0.6537 -0.0400
5.4448 0.7203 -0.0400
2.8787 -0.8589 -0.0400
2.8116 -0.8652 -0.0400
2.7704 -0.8448 -0.0400
2.7405 -0.8117 -0.0400
2.7283 -0.7570 -0.0400
1.8467 -1.7233 -0.0400
1.7983 -1.7534 -0.0400
1.7687 -1.7591 -0.0400
1.7368 -1.7699 -0.0400
1.7156 -1.7655 -0.0400
1.6933 -1.7633 -0.0400
1.6751 -1.7549 -0.0400
1.6579 -1.7449 -0.0400
1.6430 -1.7306 -0.0400
1.6282 -1.7156 -0.0400
1.6143 -1.6984 -0.0400
1.6016 -1.6780 -0.0400
1.6050 -1.6209 -0.0400
1.5704 0.4635 -0.0400
1.5117 0.4509 -0.0400
1.4567 0.4653 -0.0400
1.4062 0.5296 -0.0400
-3.4145 0.1072 -0.0400
-3.4335 0.0096 -0.0400
-3.4171 -0.1073 -0.0400
-1.1985 -1.8457 -0.0400
-1.1618 -1.9051 -0.0400
-1.1267 -1.9619 -0.0400
-1.0825 -2.0198 -0.0400
-1.0685 -2.0662 -0.0400
-1.0711 -2.1068 -0.0400
-1.0806 -2.1452 -0.0400
-1.1157 -2.1770 -0.0400
-1.0954 -2.2229 -0.0400
-1.0922 -2.2639 -0.0400
-3.1966 -3.5465 -0.0400
-3.1347 -3.6118 -0.0400
-3.1087 -3.6835 -0.0400
-3.1098 -3.7616 -0.0400
-0.5842 -3.2997 -0.0400
-0.5614 -3.3246 -0.0400
-0.5445 -3.3513 -0.0400
-0.5344 -3.3804 -0.0400
-0.5297 -3.4118 -0.0400
-0.5505 -3.4549 -0.0400
0.0980 -7.4428 -0.0400
0.2108 -7.3046 -0.0400
0.2914 -7.3175 -0.0400
0.3653 -7.3727 -0.0400
1.1003 -3.5816 -0.0400
1.1146 -3.5450 -0.0400
1.1282 -3.5240 -0.0400
1.1420 -3.5190 -0.0400
1.1558 -3.5165 -0.0400
1.1697 -3.5160 -0.0400
1.1838 -3.5178 -0.0400
1.1984 -3.5219 -0.0400
1.2137 -3.5296 -0.0400
2.6850 -6.4398 -0.0400
2.7483 -6.4082 -0.0400
2.8229 -6.4010 -0.0400
3.1333 -4.3607 -0.0400
3.1009 -4.2777 -0.0400
3.0899 -4.2141 -0.0400
3.1121 -4.1765 -0.0400
3.1498 -4.1498 -0.0400
3.1982 -4.1296 -0.0400
4.7241 -5.0602 -0.0400
5.9319 -4.6541 -0.0400
5.7754 -4.4974 -0.0400
5.8518 -4.4319 -0.0400
6.5511 -0.3702 -0.0400
5.5277 0.6607 -0.0400
5.4499 0.7236 -0.0400
2.8524 -0.8826 -0.0400
2.8034 -0.8702 -0.0400
2.7694 -0.8421 -0.0400
2.7401 -0.8086 -0.0400
2.7333 -0.7475 -0.0400
1.8298 -1.7401 -0.0400
1.7810 -1.7715 -0.0400
1.7560 -1.7716 -0.0400
1.7295 -1.7750 -0.0400
1.7096 -1.7690 -0.0400
1.6906 -1.7620 -0.0400
1.6721 -1.7545 -0.0400
1.6555 -1.7438 -0.0400
1.6416 -1.7280 -0.0400
1.6273 -1.7126 -0.0400
1.6138 -1.6948 -0.0400
1.6105 -1.6549 -0.0400
1.6080 -1.6105 -0.0400
1.6337 0.4739 -0.0400
1.5721 0.4453 -0.0400
1.5162 0.4502 -0.0400
1.4637 0.4854 -0.0400
1.4179 0.5993 -0.0400
1.3659 0.6850 -0.0400
-3.4519 0.1516 -0.0400
-3.4253 0.0252 -0.0400
-3.4046 -0.0942 -0.0400
-1.1662 -1.8432 -0.0400
-1.1605 -1.8907 -0.0400
-1.1692 -1.9323 -0.0400
-1.1013 -1.9990 -0.0400
-1.0605 -2.0541 -0.0400
-1.0640 -2.0943 -0.0400
-1.0783 -2.1313 -0.0400
-1.1002 -2.1665 -0.0400
-1.1085 -2.2054 -0.0400
-1.0961 -2.2487 -0.0400
-1.1010 -2.2878 -0.0400
-1.1254 -2.3233 -0.0400
-1.1844 -2.3538 -0.0400
-3.2538 -3.5401 -0.0400
-3.1499 -3.5977 -0.0400
-3.1226 -3.6694 -0.0400
-3.1521 -3.7547 -0.0400
-0.6335 -3.2695 -0.0400
-0.5943 -3.2898 -0.0400
-0.5688 -3.3140 -0.0400
-0.5503 -3.3401 -0.0400
-0.5388 -3.3688 -0.0400
-0.5341 -3.4003 -0.0400
-0.5349 -3.4346 -0.0400
-0.9613 -8.3487 -0.0400
-0.8603 -8.3780 -0.0400
0.0789 -7.4889 -0.0400
0.1977 -7.3265 -0.0400
0.2797 -7.3351 -0.0400
1.0551 -5.1884 -0.0400
1.0996 -3.5534 -0.0400
1.1140 -3.5366 -0.0400
1.1280 -3.5269 -0.0400
1.1420 -3.5211 -0.0400
1.1559 -3.5178 -0.0400
1.1702 -3.5192 -0.0400
1.1848 -3.5233 -0.0400
1.2001 -3.5309 -0.0400
1.2166 -3.5449 -0.0400
2.6898 -6.4549 -0.0400
2.7522 -6.4200 -0.0400
3.1061 -4.3327 -0.0400
3.0836 -4.2580 -0.0400
3.0903 -4.2080 -0.0400
3.1152 -4.1723 -0.0400
3.1580 -4.1491 -0.0400
4.6299 -5.0846 -0.0400
4.7197 -5.0541 -0.0400
5.7972 -4.5977 -0.0400
5.7750 -4.4944 -0.0400
5.8556 -4.4304 -0.0400
5.4922 0.6334 -0.0400
2.9067 -0.8863 -0.0400
2.8412 -0.8898 -0.0400
2.7985 -0.8709 -0.0400
2.7666 -0.8409 -0.0400
2.7469 -0.7965 -0.0400
2.7642 -0.7062 -0.0400
1.8100 -1.7598 -0.0400
1.7726 -1.7763 -0.0400
1.7495 -1.7742 -0.0400
1.7248 -1.7751 -0.0400
1.7035 -1.7718 -0.0400
1.6857 -1.7633 -0.0400
1.6691 -1.7530 -0.0400
1.6532 -1.7415 -0.0400
1.6380 -1.7285 -0.0400
1.6271 -1.7069 -0.0400
1.6144 -1.6878 -0.0400
1.6137 -1.6427 -0.0400
1.5767 0.4506 -0.0400
1.5197 0.4469 -0.0400
1.4789 0.5809 -0.0400
1.4248 0.6246 -0.0400
-1.1473 2.7052 -0.0400
-1.2399 2.6608 -0.0400
-1.3487 2.6520 -0.0400
-3.3969 0.1374 -0.0400
-3.4130 0.0381 -0.0400
-3.3949 -0.0797 -0.0400
-1.1739 -1.8254 -0.0400
-1.1606 -1.8759 -0.0400
-1.1143 -1.9369 -0.0400
-1.0746 -1.9933 -0.0400
-1.0607 -2.0396 -0.0400
-1.0635 -2.0801 -0.0400
-1.0709 -2.1190 -0.0400
-1.1035 -2.1513 -0.0400
-1.0946 -2.1943 -0.0400
-1.0886 -2.2361 -0.0400
-1.0935 -2.2751 -0.0400
-1.1083 -2.3121 -0.0400
-1.1394 -2.3469 -0.0400
-3.4369 -2.0513 -0.0400
-3.4359 -2.1324 -0.0400
-3.1925 -3.5111 -0.0400
-3.1381 -3.5779 -0.0400
-3.1192 -3.6513 -0.0400
-3.1314 -3.7321 -0.0400
-0.6697 -3.2674 -0.0400
-0.6095 -3.2814 -0.0400
-0.5789 -3.3040 -0.0400
-0.5530 -3.3276 -0.0400
-0.5426 -3.3567 -0.0400
-0.5367 -3.3878 -0.0400
-0.5367 -3.4217 -0.0400
-3.6994 -5.9066 -0.0400
-3.6099 -5.9674 -0.0400
-1.7556 -4.7574 -0.0400
-0.0193 -7.4902 -0.0400
0.1041 -7.3262 -0.0400
0.1943 -7.2966 -0.0400
0.2730 -7.3219 -0.0400
0.3439 -7.3983 -0.0400
1.0983 -3.5435 -0.0400
1.1128 -3.5316 -0.0400
1.1270 -3.5244 -0.0400
1.1412 -3.5203 -0.0400
1.1555 -3.5186 -0.0400
1.1699 -3.5193 -0.0400
1.1846 -3.5224 -0.0400
1.1999 -3.5290 -0.0400
2.6854 -6.4495 -0.0400
2.7587 -6.4390 -0.0400
3.0944 -4.3761 -0.0400
3.0776 -4.3039 -0.0400
3.0714 -4.2426 -0.0400
3.0931 -4.2041 -0.0400
3.1216 -4.1709 -0.0400
3.1764 -4.1559 -0.0400
4.6400 -5.0884 -0.0400
5.7379 -4.5713 -0.0400
5.7791 -4.4934 -0.0400
5.8770 -4.4356 -0.0400
6.5924 -0.4636 -0.0400
5.4916 0.6332 -0.0400
2.8943 -0.8936 -0.0400
2.8295 -0.8967 -0.0400
2.7927 -0.8720 -0.0400
2.7656 -0.8369 -0.0400
2.7512 -0.7865 -0.0400
2.7686 -0.6964 -0.0400
1.8373 -1.7508 -0.0400
1.7922 -1.7760 -0.0400
1.7618 -1.7835 -0.0400
1.7412 -1.7783 -0.0400
1.7187 -1.7767 -0.0400
1.6987 -1.7717 -0.0400
1.6817 -1.7623 -0.0400
1.6656 -1.7514 -0.0400
1.6518 -1.7366 -0.0400
1.6374 -1.7223 -0.0400
1.6284 -1.6973 -0.0400
1.6170 -1.6758 -0.0400
1.6077 -1.6485 -0.0400
1.6365 0.4502 -0.0400
1.5780 0.4383 -0.0400
1.5236 0.4506 -0.0400
1.4732 0.4998 -0.0400
1.4268 0.6041 -0.0400
-1.0564 2.7895 -0.0400
-1.1342 2.7073 -0.0400
-1.2291 2.6686 -0.0400
-1.3439 2.6735 -0.0400
-3.3930 0.1551 -0.0400
-3.3658 0.0292 -0.0400
-3.3826 -0.0672 -0.0400
-1.1769 -1.8096 -0.0400
-1.1464 -1.8666 -0.0400
-1.1600 -1.9063 -0.0400
-1.0815 -1.9767 -0.0400
-1.0649 -2.0240 -0.0400
-1.0552 -2.0683 -0.0400
-1.0693 -2.1052 -0.0400
-1.0896 -2.1407 -0.0400
-1.1074 -2.1771 -0.0400
-1.0924 -2.2211 -0.0400
-1.0919 -2.2612 -0.0400
-1.1124 -2.2973 -0.0400
-1.1505 -2.3309 -0.0400
-3.5138 -2.0223 -0.0400
-3.4304 -2.1154 -0.0400
-3.4630 -2.1922 -0.0400
-3.2642 -3.5070 -0.0400
-3.1565 -3.5642 -0.0400
-3.1339 -3.6371 -0.0400
-3.1762 -3.7254 -0.0400
-0.6038 -3.2657 -0.0400
-0.5778 -3.2899 -0.0400
-0.5595 -3.3163 -0.0400
-0.5467 -3.3445 -0.0400
-0.5388 -3.3748 -0.0400
-0.5544 -3.4155 -0.0400
-0.5787 -3.4614 -0.0400
-1.7724 -4.7518 -0.0400
-1.7342 -4.8005 -0.0400
0.0919 -7.3353 -0.0400
0.1845 -7.2962 -0.0400
0.2576 -7.3534 -0.0400
1.0468 -5.1797 -0.0400
1.0963 -3.5531 -0.0400
1.1112 -3.5372 -0.0400
1.1257 -3.5281 -0.0400
1.1400 -3.5207 -0.0400
1.1545 -3.5204 -0.0400
1.1693 -3.5229 -0.0400
1.1845 -3.5283 -0.0400
1.2005 -3.5383 -0.0400
1.2187 -3.5614 -0.0400
2.6811 -6.4458 -0.0400
2.7617 -6.4517 -0.0400
3.0915 -4.3686 -0.0400
3.0610 -4.2851 -0.0400
3.0703 -4.2363 -0.0400
3.0955 -4.2004 -0.0400
3.1374 -4.1768 -0.0400
4.5785 -5.1341 -0.0400
4.6355 -5.0829 -0.0400
5.7621 -4.6744 -0.0400
5.7411 -4.5703 -0.0400
5.7949 -4.4971 -0.0400
6.5960 -0.4609 -0.0400
5.5692 0.5712 -0.0400
5.4961 0.6374 -0.0400
2.8760 -0.9061 -0.0400
2.8263 -0.8942 -0.0400
2.7898 -0.8694 -0.0400
2.7645 -0.8325 -0.0400
2.7722 -0.7566 -0.0400
1.8149 -1.7711 -0.0400
1.7812 -1.7820 -0.0400
1.7546 -1.7849 -0.0400
1.7320 -1.7830 -0.0400
1.7117 -1.7785 -0.0400
1.6937 -1.7709 -0.0400
1.6774 -1.7608 -0.0400
1.6621 -1.7489 -0.0400
1.6492 -1.7328 -0.0400
1.6350 -1.7184 -0.0400
1.6261 -1.6935 -0.0400
1.6238 -1.6543 -0.0400
1.6229 -1.6092 -0.0400
1.6398 0.4552 -0.0400
1.5806 0.4383 -0.0400
1.5293 0.4725 -0.0400
1.4864 0.5857 -0.0400
1.4344 0.6465 -0.0400
-1.0473 2.7998 -0.0400
-1.1227 2.7120 -0.0400
-1.2174 2.6733 -0.0400
-1.1705 -1.7977 -0.0400
-1.1415 -1.8541 -0.0400
-1.1540 -1.8941 -0.0400
-1.0851 -1.9613 -0.0400
-1.0481 -2.0153 -0.0400
-1.0525 -2.0551 -0.0400
-1.0629 -2.0929 -0.0400
-1.0787 -2.1294 -0.0400
-1.0875 -2.1678 -0.0400
-1.0824 -2.2092 -0.0400
-1.0869 -2.2482 -0.0400
-1.1004 -2.2854 -0.0400
-1.1258 -2.3209 -0.0400
-3.4279 -2.0174 -0.0400
-3.4299 -2.0979 -0.0400
-3.1264 -3.6178 -0.0400
-3.1393 -3.6988 -0.0400
-0.6265 -3.2594 -0.0400
-0.5915 -3.2808 -0.0400
-0.5683 -3.3056 -0.0400
-0.5527 -3.3330 -0.0400
-0.5476 -3.3645 -0.0400
-0.5497 -3.3994 -0.0400
-0.5624 -3.4398 -0.0400
-3.7187 -5.8761 -0.0400
-3.6405 -5.9451 -0.0400
-1.7676 -4.7303 -0.0400
-1.7322 -4.7809 -0.0400
0.0811 -7.3356 -0.0400
0.1747 -7.2928 -0.0400
0.2496 -7.3410 -0.0400
1.0783 -3.5673 -0.0400
1.0939 -3.5447 -0.0400
1.1089 -3.5332 -0.0400
1.1236 -3.5262 -0.0400
1.1382 -3.5224 -0.0400
1.1528 -3.5210 -0.0400
1.1677 -3.5221 -0.0400
1.1839 -3.5356 -0.0400
1.2008 -3.5509 -0.0400
2.6157 -6.4827 -0.0400
2.6789 -6.4484 -0.0400
2.7604 -6.4560 -0.0400
3.1133 -4.4437 -0.0400
3.0732 -4.3485 -0.0400
3.0593 -4.2789 -0.0400
3.0719 -4.2326 -0.0400
3.0981 -4.1973 -0.0400
3.1548 -4.1843 -0.0400
4.5831 -5.1353 -0.0400
5.7097 -4.6501 -0.0400
5.7333 -4.5650 -0.0400
5.8448 -4.5142 -0.0400
6.5968 -0.4591 -0.0400
5.5733 0.5753 -0.0400
2.9210 -0.9175 -0.0400
2.8577 -0.9181 -0.0400
2.8184 -0.8960 -0.0400
2.7888 -0.8642 -0.0400
2.7688 -0.8213 -0.0400
2.7741 -0.7485 -0.0400
1.8497 -1.7512 -0.0400
1.7946 -1.7880 -0.0400
1.7679 -1.7904 -0.0400
1.7452 -1.7885 -0.0400
1.7247 -1.7842 -0.0400
1.7058 -1.7780 -0.0400
1.6888 -1.7691 -0.0400
1.6733 -1.7580 -0.0400
1.6594 -1.7442 -0.0400
1.6474 -1.7266 -0.0400
1.6338 -1.7114 -0.0400
1.6262 -1.6842 -0.0400
1.6266 -1.6397 -0.0400
1.6370 0.4282 -0.0400
1.5820 0.4339 -0.0400
1.5303 0.4633 -0.0400
1.4882 0.5786 -0.0400
1.4351 0.6251 -0.0400
-1.0453 2.8270 -0.0400
-1.1131 2.7197 -0.0400
-1.2244 2.7198 -0.0400
-1.7518 1.8277 -0.0400
-1.8131 1.7510 -0.0400
-1.1556 -1.7894 -0.0400
-1.1458 -1.8384 -0.0400
-1.1489 -1.8818 -0.0400
-1.0802 -1.9490 -0.0400
-1.0440 -2.0027 -0.0400
-1.0489 -2.0423 -0.0400
-1.0572 -2.0807 -0.0400
-1.0864 -2.1136 -0.0400
-1.0917 -2.1529 -0.0400
-1.0829 -2.1953 -0.0400
-1.0833 -2.2351 -0.0400
-1.1056 -2.2706 -0.0400
-1.1412 -2.3044 -0.0400
-3.4462 -1.9972 -0.0400
-3.4221 -2.0815 -0.0400
-3.4643 -2.1570 -0.0400
-0.6224 -3.2440 -0.0400
-0.5916 -3.2668 -0.0400
-0.5709 -3.2926 -0.0400
-0.5565 -3.3204 -0.0400
-0.5479 -3.3504 -0.0400
-0.5452 -3.3832 -0.0400
-0.5905 -3.4382 -0.0400
-3.7123 -5.8497 -0.0400
-1.8000 -4.7351 -0.0400
-1.7505 -4.7760 -0.0400
-0.0527 -7.4888 -0.0400
0.0831 -7.2750 -0.0400
0.1643 -7.2898 -0.0400
0.2397 -7.3354 -0.0400
1.0363 -5.1662 -0.0400
1.0908 -3.5539 -0.0400
1.1061 -3.5387 -0.0400
1.1209 -3.5252 -0.0400
1.1357 -3.5229 -0.0400
1.1507 -3.5230 -0.0400
1.1659 -3.5258 -0.0400
1.1816 -3.5318 -0.0400
1.1981 -3.5428 -0.0400
1.2180 -3.5759 -0.0400
2.6156 -6.4929 -0.0400
2.6759 -6.4505 -0.0400
3.0861 -4.4161 -0.0400
3.0633 -4.3361 -0.0400
3.0536 -4.2700 -0.0400
3.0736 -4.2294 -0.0400
3.1083 -4.2005 -0.0400
3.1658 -4.1878 -0.0400
4.5852 -5.1353 -0.0400
4.7087 -5.1289 -0.0400
5.7051 -4.6465 -0.0400
5.7460 -4.5684 -0.0400
5.8331 -4.5080 -0.0400
5.5492 0.5593 -0.0400
2.9009 -0.9300 -0.0400
2.8493 -0.9195 -0.0400
2.8151 -0.8925 -0.0400
2.7909 -0.8550 -0.0400
2.7861 -0.7954 -0.0400
1.8186 -1.7799 -0.0400
1.7851 -1.7902 -0.0400
1.7594 -1.7917 -0.0400
1.7377 -1.7888 -0.0400
1.7167 -1.7856 -0.0400
1.6997 -1.7769 -0.0400
1.6839 -1.7666 -0.0400
1.6691 -1.7546 -0.0400
1.6560 -1.7396 -0.0400
1.6444 -1.7217 -0.0400
1.6351 -1.6989 -0.0400
1.6302 -1.6667 -0.0400
1.6965 0.4390 -0.0400
1.6379 0.4256 -0.0400
1.5832 0.4323 -0.0400
1.5317 0.4608 -0.0400
1.4941 0.6111 -0.0400
-1.0114 2.7704 -0.0400
-1.0991 2.7149 -0.0400
-1.2065 2.7073 -0.0400
-1.7360 1.8257 -0.0400
-1.8015 1.7558 -0.0400
-1.1744 -1.7681 -0.0400
-1.1357 -1.8284 -0.0400
-1.1434 -1.8700 -0.0400
-1.0666 -1.9399 -0.0400
-1.0541 -1.9859 -0.0400
-1.0439 -2.0302 -0.0400
-1.0524 -2.0684 -0.0400
-1.0798 -2.1016 -0.0400
-1.0929 -2.1390 -0.0400
-1.0818 -2.1819 -0.0400
-1.0805 -2.2221 -0.0400
-1.0961 -2.2587 -0.0400
-1.1249 -2.2934 -0.0400
-1.1940 -2.3228 -0.0400
-3.4330 -2.0628 -0.0400
-0.6600 -3.2424 -0.0400
-0.6110 -3.2595 -0.0400
-0.5827 -3.2828 -0.0400
-0.5618 -3.3082 -0.0400
-0.5552 -3.3391 -0.0400
-0.5552 -3.3731 -0.0400
-0.5656 -3.4124 -0.0400
-3.7240 -5.8351 -0.0400
-1.8095 -4.7233 -0.0400
-1.7653 -4.7681 -0.0400
0.0727 -7.2687 -0.0400
0.1529 -7.2887 -0.0400
0.2279 -7.3375 -0.0400
1.0713 -3.5653 -0.0400
1.0873 -3.5455 -0.0400
1.1026 -3.5347 -0.0400
1.1178 -3.5281 -0.0400
1.1328 -3.5246 -0.0400
1.1479 -3.5234 -0.0400
1.1636 -3.5302 -0.0400
1.1798 -3.5389 -0.0400
1.1972 -3.5557 -0.0400
2.5505 -6.5371 -0.0400
2.6061 -6.4808 -0.0400
2.6795 -6.4700 -0.0400
3.0616 -4.3913 -0.0400
3.0393 -4.3123 -0.0400
3.0550 -4.2673 -0.0400
3.0771 -4.2283 -0.0400
3.1182 -4.2040 -0.0400
4.5358 -5.1909 -0.0400
4.6052 -5.1484 -0.0400
5.7314 -4.7534 -0.0400
5.6969 -4.6417 -0.0400
5.7545 -4.5705 -0.0400
6.6323 -0.5532 -0.0400
5.6269 0.4981 -0.0400
5.5597 0.5688 -0.0400
2.9480 -0.9388 -0.0400
2.8912 -0.9320 -0.0400
2.8439 -0.9175 -0.0400
2.8126 -0.8877 -0.0400
2.7946 -0.8437 -0.0400
2.8172 -0.7537 -0.0400
5.0303 1.8531 -0.0400
1.8332 -1.7833 -0.0400
1.7956 -1.7977 -0.0400
1.7687 -1.8006 -0.0400
1.7496 -1.7940 -0.0400
1.7290 -1.7901 -0.0400
1.7104 -1.7838 -0.0400
1.6941 -1.7744 -0.0400
1.6789 -1.7633 -0.0400
1.6663 -1.7482 -0.0400
1.6540 -1.7320 -0.0400
1.6434 -1.7124 -0.0400
1.6353 -1.6876 -0.0400
1.6324 -1.6516 -0.0400
1.6947 0.4266 -0.0400
1.6379 0.4216 -0.0400
1.5842 0.4325 -0.0400
1.5478 0.5676 -0.0400
1.4957 0.6115 -0.0400
-1.0093 2.7942 -0.0400
-1.0892 2.7191 -0.0400
-1.7257 1.8313 -0.0400
-1.8031 1.7801 -0.0400
-1.1336 -1.8157 -0.0400
-1.1374 -1.8587 -0.0400
-1.0809 -1.9217 -0.0400
-1.0425 -1.9763 -0.0400
-1.0433 -2.0170 -0.0400
-1.0486 -2.0561 -0.0400
-1.0640 -2.0924 -0.0400
-1.0882 -2.1267 -0.0400
-1.0783 -2.1692 -0.0400
-1.0768 -2.2094 -0.0400
-1.0911 -2.2462 -0.0400
-1.1149 -2.2816 -0.0400
-3.4061 -1.9689 -0.0400
-3.4221 -2.0471 -0.0400
-0.5675 -3.2961 -0.0400
-0.5559 -3.3251 -0.0400
-0.5503 -3.3566 -0.0400
-0.5809 -3.4047 -0.0400
-3.7543 -5.8325 -0.0400
-1.7935 -4.6931 -0.0400
-1.7706 -4.7530 -0.0400
0.9778 -5.1983 -0.0400
1.0663 -3.5880 -0.0400
1.0830 -3.5526 -0.0400
1.0987 -3.5393 -0.0400
1.1140 -3.5272 -0.0400
1.1292 -3.5252 -0.0400
1.1446 -3.5256 -0.0400
1.1602 -3.5286 -0.0400
1.1763 -3.5349 -0.0400
1.1933 -3.5466 -0.0400
2.6040 -6.4889 -0.0400
3.0552 -4.3830 -0.0400
3.0337 -4.3045 -0.0400
3.0538 -4.2632 -0.0400
3.0835 -4.2301 -0.0400
3.1422 -4.2189 -0.0400
4.5386 -5.1926 -0.0400
4.6205 -5.1588 -0.0400
5.6711 -4.7254 -0.0400
5.6938 -4.6394 -0.0400
5.7452 -4.5656 -0.0400
5.6137 0.4910 -0.0400
2.9177 -0.9591 -0.0400
2.8757 -0.9391 -0.0400
2.8397 -0.9138 -0.0400
2.8147 -0.8777 -0.0400
2.7959 -0.8345 -0.0400
2.8270 -0.7353 -0.0400
1.8120 -1.7975 -0.0400
1.7805 -1.8053 -0.0400
1.7607 -1.7995 -0.0400
1.7389 -1.7969 -0.0400
1.7199 -1.7912 -0.0400
1.7037 -1.7818 -0.0400
1.6885 -1.7712 -0.0400
1.6744 -1.7587 -0.0400
1.6619 -1.7435 -0.0400
1.6507 -1.7257 -0.0400
1.6412 -1.7044 -0.0400
1.6411 -1.6654 -0.0400
1.6972 0.4391 -0.0400
1.6375 0.4178 -0.0400
1.5853 0.4371 -0.0400
1.5493 0.5727 -0.0400
1.4983 0.6244 -0.0400
-0.9216 2.8809 -0.0400
-0.9880 2.7666 -0.0400
-1.0808 2.7251 -0.0400
-1.1986 2.7428 -0.0400
-1.7039 1.8174 -0.0400
-1.7915 1.7830 -0.0400
-1.0431 -1.9630 -0.0400
-1.0353 -2.0064 -0.0400
-1.0426 -2.0448 -0.0400
-1.0614 -2.0800 -0.0400
-1.0864 -2.1140 -0.0400
-1.0724 -2.1574 -0.0400
-1.0729 -2.1970 -0.0400
-1.0878 -2.2336 -0.0400
-1.1109 -2.2690 -0.0400
-3.4008 -1.9528 -0.0400
-3.4180 -2.0308 -0.0400
-3.1994 -3.4246 -0.0400
-3.1534 -3.4933 -0.0400
-0.5622 -3.3816 -0.0400
-0.5846 -3.4271 -0.0400
-3.7386 -5.7994 -0.0400
-1.8080 -4.6843 -0.0400
-1.7716 -4.7346 -0.0400
0.9699 -5.2055 -0.0400
1.0164 -5.1525 -0.0400
1.0782 -3.5594 -0.0400
1.0942 -3.5349 -0.0400
1.1097 -3.5295 -0.0400
1.1251 -3.5266 -0.0400
1.1407 -3.5260 -0.0400
1.1568 -3.5336 -0.0400
1.1734 -3.5427 -0.0400
1.1914 -3.5610 -0.0400
2.5366 -6.5311 -0.0400
2.5975 -6.4874 -0.0400
2.6781 -6.4931 -0.0400
3.0616 -4.4491 -0.0400
3.0574 -4.3829 -0.0400
3.0336 -4.3020 -0.0400
3.0552 -4.2618 -0.0400
3.0900 -4.2325 -0.0400
4.4957 -5.2545 -0.0400
4.5449 -5.1975 -0.0400
5.6588 -4.7194 -0.0400
5.6945 -4.6391 -0.0400
5.8101 -4.5918 -0.0400
6.6458 -0.5444 -0.0400
5.6104 0.4911 -0.0400
2.9208 -0.9482 -0.0400
2.8666 -0.9396 -0.0400
2.8358 -0.9095 -0.0400
2.8234 -0.8605 -0.0400
2.8213 -0.7993 -0.0400
2.8298 -0.7242 -0.0400
1.8241 -1.8019 -0.0400
1.7980 -1.8027 -0.0400
1.7695 -1.8071 -0.0400
1.7505 -1.8007 -0.0400
1.7301 -1.7968 -0.0400
1.7128 -1.7889 -0.0400
1.6977 -1.7783 -0.0400
1.6835 -1.7662 -0.0400
1.6716 -1.7507 -0.0400
1.6613 -1.7321 -0.0400
1.6490 -1.7162 -0.0400
1.6424 -1.6900 -0.0400
1.6415 -1.6520 -0.0400
1.7512 0.4308 -0.0400
1.6922 0.4157 -0.0400
1.6377 0.4209 -0.0400
1.5875 0.4514 -0.0400
1.5478 0.5604 -0.0400
-0.9858 2.7869 -0.0400
-1.0808 2.7505 -0.0400
-1.6422 1.9142 -0.0400
-1.6956 1.8241 -0.0400
-1.7779 1.7819 -0.0400
-1.9108 1.8140 -0.0400
-1.0550 -2.0689 -0.0400
-1.0858 -2.1012 -0.0400
-1.0740 -2.1442 -0.0400
-1.0688 -2.1849 -0.0400
-1.0780 -2.2225 -0.0400
-1.1120 -2.2557 -0.0400
-1.1583 -2.2880 -0.0400
-3.4223 -2.0135 -0.0400
-3.2486 -3.4160 -0.0400
-3.1683 -3.4787 -0.0400
-3.1567 -3.5539 -0.0400
-3.2193 -3.6466 -0.0400
-3.7488 -5.7833 -0.0400
-1.8342 -4.6835 -0.0400
0.9624 -5.1918 -0.0400
1.0086 -5.1508 -0.0400
1.0731 -3.5477 -0.0400
1.0891 -3.5379 -0.0400
1.1048 -3.5317 -0.0400
1.1205 -3.5282 -0.0400
1.1363 -3.5288 -0.0400
1.1523 -3.5323 -0.0400
1.1689 -3.5394 -0.0400
1.1864 -3.5524 -0.0400
2.5251 -6.5181 -0.0400
2.5965 -6.5015 -0.0400
3.0365 -4.4249 -0.0400
3.0320 -4.3589 -0.0400
3.0290 -4.2964 -0.0400
3.0573 -4.2616 -0.0400
3.0928 -4.2327 -0.0400
4.4972 -5.2567 -0.0400
4.5492 -5.2014 -0.0400
5.6820 -4.8281 -0.0400
5.6573 -4.7187 -0.0400
5.6934 -4.6385 -0.0400
5.7962 -4.5859 -0.0400
6.6663 -0.6456 -0.0400
5.6687 0.4168 -0.0400
2.9672 -0.9570 -0.0400
2.8950 -0.9636 -0.0400
2.8604 -0.9371 -0.0400
2.8341 -0.9026 -0.0400
2.8142 -0.8614 -0.0400
2.8488 -0.7617 -0.0400
1.8448 -1.7966 -0.0400
1.8020 -1.8154 -0.0400
1.7803 -1.8116 -0.0400
1.7605 -1.8060 -0.0400
1.7389 -1.8032 -0.0400
1.7222 -1.7947 -0.0400
1.7064 -1.7852 -0.0400
1.6918 -1.7740 -0.0400
1.6792 -1.7599 -0.0400
1.6691 -1.7416 -0.0400
1.6570 -1.7259 -0.0400
1.6511 -1.6997 -0.0400
1.6514 -1.6613 -0.0400
1.7481 0.4215 -0.0400
1.6905 0.4120 -0.0400
1.6366 0.4192 -0.0400
1.5960 0.5074 -0.0400
1.5498 0.5765 -0.0400
-0.8950 2.8604 -0.0400
-0.9689 2.7671 -0.0400
-1.0646 2.7342 -0.0400
-1.1911 2.7741 -0.0400
-1.6678 1.9762 -0.0400
-1.6873 1.8297 -0.0400
-1.7947 1.8266 -0.0400
-1.0654 -2.1731 -0.0400
-1.0787 -2.2097 -0.0400
-1.0977 -2.2455 -0.0400
-3.3960 -1.9206 -0.0400
-3.4044 -1.9996 -0.0400
-3.2057 -3.3909 -0.0400
-3.1601 -3.4597 -0.0400
-3.1465 -3.5342 -0.0400
-3.1669 -3.6167 -0.0400
-3.7779 -5.7792 -0.0400
-1.9091 -4.6396 -0.0400
-1.8242 -4.6572 -0.0400
-1.7968 -4.7140 -0.0400
1.0673 -3.5499 -0.0400
1.0835 -3.5400 -0.0400
1.0995 -3.5337 -0.0400
1.1153 -3.5287 -0.0400
1.1312 -3.5292 -0.0400
1.1474 -3.5320 -0.0400
1.1640 -3.5377 -0.0400
1.1842 -3.5747 -0.0400
2.5227 -6.5316 -0.0400
2.5868 -6.4950 -0.0400
2.6757 -6.5203 -0.0400
3.0277 -4.4164 -0.0400
3.0189 -4.3465 -0.0400
3.0331 -4.2988 -0.0400
3.0630 -4.2651 -0.0400
3.1075 -4.2430 -0.0400
4.5028 -5.2627 -0.0400
4.5789 -5.2251 -0.0400
5.6627 -4.8195 -0.0400
5.6584 -4.7197 -0.0400
5.7171 -4.6492 -0.0400
6.6694 -0.6426 -0.0400
5.6793 0.4266 -0.0400
2.9272 -0.9839 -0.0400
2.8881 -0.9612 -0.0400
2.8574 -0.9311 -0.0400
2.8335 -0.8944 -0.0400
2.8629 -0.8029 -0.0400
1.8533 -1.8045 -0.0400
1.8206 -1.8111 -0.0400
1.7945 -1.8116 -0.0400
1.7671 -1.8146 -0.0400
1.7488 -1.8077 -0.0400
1.7298 -1.8021 -0.0400
1.7146 -1.7918 -0.0400
1.7000 -1.7809 -0.0400
1.6874 -1.7670 -0.0400
1.6747 -1.7532 -0.0400
1.6663 -1.7326 -0.0400
1.6555 -1.7148 -0.0400
1.6538 -1.6814 -0.0400
1.7427 0.4044 -0.0400
1.6875 0.4049 -0.0400
1.6359 0.4227 -0.0400
1.6016 0.5480 -0.0400
1.5492 0.5780 -0.0400
-0.8708 2.8168 -0.0400
-0.9594 2.7652 -0.0400
-1.0681 2.7658 -0.0400
-1.6127 1.9022 -0.0400
-1.6768 1.8308 -0.0400
-1.7696 1.8056 -0.0400
-1.1522 -2.2635 -0.0400
-3.4192 -1.9814 -0.0400
-3.2365 -3.3791 -0.0400
-3.1714 -3.4446 -0.0400
-3.1641 -3.5206 -0.0400
-3.2244 -3.6124 -0.0400
-0.7001 -3.1988 -0.0400
-0.6366 -3.2116 -0.0400
-0.6055 -3.2341 -0.0400
-3.8211 -5.6714 -0.0400
-1.8878 -4.6123 -0.0400
1.0955 -3.5335 -0.0400
1.1117 -3.5339 -0.0400
1.1279 -3.5366 -0.0400
1.1453 -3.5522 -0.0400
1.1635 -3.5707 -0.0400
2.3878 -6.6048 -0.0400
2.4467 -6.5502 -0.0400
2.5222 -6.5444 -0.0400
2.9956 -4.5155 -0.0400
2.9943 -4.4489 -0.0400
2.9871 -4.3790 -0.0400
3.0052 -4.3341 -0.0400
3.0430 -4.3070 -0.0400
3.0970 -4.2929 -0.0400
4.4560 -5.3238 -0.0400
5.5989 -4.8879 -0.0400
5.6277 -4.8034 -0.0400
5.6996 -4.7392 -0.0400
6.7607 -0.8302 -0.0400
5.7117 0.3346 -0.0400
3.0003 -1.0298 -0.0400
2.9497 -1.0157 -0.0400
2.9122 -0.9913 -0.0400
2.8840 -0.9590 -0.0400
2.8848 -0.8991 -0.0400
1.8842 -1.8214 -0.0400
1.8464 -1.8316 -0.0400
1.8185 -1.8331 -0.0400
1.7896 -1.8367 -0.0400
1.7713 -1.8296 -0.0400
1.7542 -1.8214 -0.0400
1.7383 -1.8119 -0.0400
1.7236 -1.8012 -0.0400
1.7102 -1.7888 -0.0400
1.7004 -1.7715 -0.0400
1.6894 -1.7553 -0.0400
1.6792 -1.7376 -0.0400
1.6783 -1.7052 -0.0400
1.6742 -1.6761 -0.0400
1.8625 0.4411 -0.0400
1.7926 0.3858 -0.0400
1.7377 0.3877 -0.0400
1.6901 0.4237 -0.0400
1.6570 0.5441 -0.0400
1.6064 0.5824 -0.0400
-0.7764 2.8683 -0.0400
-0.8587 2.7977 -0.0400
-0.9586 2.7777 -0.0400
-1.5141 1.9270 -0.0400
-1.5960 1.8857 -0.0400
-1.7285 1.9258 -0.0400
-3.2075 -3.2856 -0.0400
-3.1752 -3.3570 -0.0400
-3.1696 -3.4328 -0.0400
-3.1981 -3.5162 -0.0400
-0.6815 -3.1834 -0.0400
-0.6334 -3.2011 -0.0400
-0.5970 -3.2215 -0.0400
-0.5846 -3.2501 -0.0400
-0.5781 -3.2811 -0.0400
-1.8112 -4.6850 -0.0400
1.1537 -3.5479 -0.0400
1.1721 -3.5637 -0.0400
2.5061 -6.5313 -0.0400
2.5746 -6.5053 -0.0400
3.0274 -4.4822 -0.0400
3.0207 -4.4111 -0.0400
3.0145 -4.3431 -0.0400
3.0333 -4.2990 -0.0400
3.0750 -4.2747 -0.0400
3.1438 -4.2713 -0.0400
4.5021 -5.2675 -0.0400
5.6317 -4.8075 -0.0400
5.6682 -4.7267 -0.0400
6.6767 -0.6365 -0.0400
5.6529 0.4148 -0.0400
2.9664 -0.9896 -0.0400
2.9155 -0.9763 -0.0400
2.8791 -0.9513 -0.0400
2.8599 -0.9105 -0.0400
2.8560 -0.8540 -0.0400
1.8465 -1.8151 -0.0400
1.8152 -1.8199 -0.0400
1.7831 -1.8269 -0.0400
1.7642 -1.8205 -0.0400
1.7466 -1.8128 -0.0400
1.7305 -1.8039 -0.0400
1.7155 -1.7935 -0.0400
1.7022 -1.7812 -0.0400
1.6898 -1.7674 -0.0400
1.6780 -1.7527 -0.0400
1.6725 -1.7284 -0.0400
1.6643 -1.7073 -0.0400
1.6737 -1.6577 -0.0400
1.7945 0.4087 -0.0400
1.7353 0.3919 -0.0400
1.6828 0.4030 -0.0400
1.6357 0.4435 -0.0400
1.5997 0.5567 -0.0400
-0.7778 2.9011 -0.0400
-0.8525 2.8077 -0.0400
-0.9467 2.7729 -0.0400
-1.0635 2.7951 -0.0400
-1.5927 1.9015 -0.0400
-1.6616 1.8388 -0.0400
-1.7611 1.8249 -0.0400
-3.2483 0.4599 -0.0400
-3.2470 0.3468 -0.0400
-3.2683 0.2513 -0.0400
-3.3149 -3.2798 -0.0400
-3.2056 -3.3397 -0.0400
-3.1677 -3.4098 -0.0400
-3.1551 -3.4843 -0.0400
-0.6626 -3.1923 -0.0400
-0.6236 -3.2123 -0.0400
-0.5983 -3.2364 -0.0400
-0.5806 -3.2630 -0.0400
-0.5687 -3.2918 -0.0400
-0.5773 -3.3296 -0.0400
-0.5932 -3.3717 -0.0400
2.3659 -6.5925 -0.0400
2.4315 -6.5571 -0.0400
2.5142 -6.5700 -0.0400
3.0065 -4.5299 -0.0400
2.9567 -4.4155 -0.0400
2.9754 -4.3702 -0.0400
3.0065 -4.3368 -0.0400
3.0496 -4.3138 -0.0400
3.1265 -4.3182 -0.0400
4.4977 -5.3643 -0.0400
5.5981 -4.8914 -0.0400
5.6386 -4.8123 -0.0400
6.7345 -0.8353 -0.0400
5.7644 0.2599 -0.0400
3.0208 -1.0518 -0.0400
2.9686 -1.0382 -0.0400
2.9311 -1.0135 -0.0400
2.9042 -0.9802 -0.0400
2.8860 -0.9388 -0.0400
1.8868 -1.8221 -0.0400
1.8303 -1.8497 -0.0400
1.8078 -1.8460 -0.0400
1.7878 -1.8402 -0.0400
1.7698 -1.8328 -0.0400
1.7532 -1.8241 -0.0400
1.7379 -1.8142 -0.0400
1.7248 -1.8018 -0.0400
1.7127 -1.7879 -0.0400
1.7015 -1.7729 -0.0400
1.6970 -1.7484 -0.0400
1.6899 -1.7266 -0.0400
1.6852 -1.7005 -0.0400
1.6871 -1.6632 -0.0400
1.8430 0.3881 -0.0400
1.7844 0.3752 -0.0400
1.7351 0.3999 -0.0400
1.6951 0.4726 -0.0400
1.6555 0.5589 -0.0400
-0.6848 2.9573 -0.0400
-0.7540 2.8432 -0.0400
-0.8453 2.8002 -0.0400
-1.4408 2.0156 -0.0400
-1.4984 1.9309 -0.0400
-1.5839 1.8966 -0.0400
-3.1830 0.5368 -0.0400
-3.1787 0.4204 -0.0400
-3.2121 0.3328 -0.0400
-3.2179 0.2279 -0.0400
-3.3102 -3.1897 -0.0400
-3.2174 -3.2537 -0.0400
-3.1816 -3.3245 -0.0400
-3.1953 -3.4039 -0.0400
-0.7194 -3.1677 -0.0400
-0.6521 -3.1795 -0.0400
-0.6086 -3.1976 -0.0400
-0.5937 -3.2253 -0.0400
-0.5841 -3.2549 -0.0400
-0.5804 -3.2871 -0.0400
-0.5853 -3.3234 -0.0400
-0.6076 -3.3685 -0.0400
2.3591 -6.6020 -0.0400
2.4227 -6.5596 -0.0400
2.5003 -6.5581 -0.0400
2.9709 -4.4974 -0.0400
2.9607 -4.4218 -0.0400
2.9763 -4.3731 -0.0400
3.0060 -4.3382 -0.0400
3.0896 -4.3502 -0.0400
4.4091 -5.3955 -0.0400
4.4952 -5.3668 -0.0400
5.6149 -5.0040 -0.0400
5.6003 -4.8953 -0.0400
5.6660 -4.8282 -0.0400
6.7349 -0.8338 -0.0400
3.0209 -1.0428 -0.0400
2.9658 -1.0315 -0.0400
2.9274 -1.0075 -0.0400
2.9094 -0.9664 -0.0400
1.8808 -1.8422 -0.0400
1.8458 -1.8485 -0.0400
1.8193 -1.8480 -0.0400
1.7980 -1.8432 -0.0400
1.7788 -1.8367 -0.0400
1.7589 -1.8315 -0.0400
1.7446 -1.8204 -0.0400
1.7313 -1.8084 -0.0400
1.7190 -1.7950 -0.0400
1.7077 -1.7803 -0.0400
1.7031 -1.7567 -0.0400
1.6960 -1.7355 -0.0400
1.6914 -1.7100 -0.0400
1.6923 -1.6755 -0.0400
1.8958 0.3897 -0.0400
1.8366 0.3772 -0.0400
1.7807 0.3744 -0.0400
1.7323 0.4019 -0.0400
1.7016 0.5184 -0.0400
1.6540 0.5659 -0.0400
0.9167 3.4110 -0.0400
-0.6823 2.9685 -0.0400
-0.7443 2.8321 -0.0400
-0.8492 2.8290 -0.0400
-1.4686 2.0812 -0.0400
-1.4960 1.9408 -0.0400
-1.6002 1.9385 -0.0400
-3.1777 0.5471 -0.0400
-3.1731 0.4306 -0.0400
-3.1424 0.2991 -0.0400
-3.2263 0.2476 -0.0400
-3.2124 -3.2365 -0.0400
-3.1825 -3.3082 -0.0400
-3.1998 -3.3881 -0.0400
-0.6864 -3.1434 -0.0400
-0.6449 -3.1633 -0.0400
-0.6187 -3.1874 -0.0400
-0.6000 -3.2137 -0.0400
-0.5868 -3.2418 -0.0400
-0.5894 -3.2766 -0.0400
-0.5975 -3.3143 -0.0400
-0.6375 -3.3676 -0.0400
2.3504 -6.6072 -0.0400
2.4134 -6.5625 -0.0400
2.9383 -4.4684 -0.0400
2.9473 -4.4120 -0.0400
2.9738 -4.3737 -0.0400
3.0130 -4.3471 -0.0400
3.0737 -4.3388 -0.0400
4.4062 -5.3986 -0.0400
4.4834 -5.3626 -0.0400
5.5898 -4.9943 -0.0400
5.6015 -4.8993 -0.0400
6.7678 -0.9314 -0.0400
6.7524 -0.8272 -0.0400
5.7542 0.2593 -0.0400
3.0502 -1.0667 -0.0400
2.9904 -1.0580 -0.0400
2.9507 -1.0347 -0.0400
2.9224 -1.0025 -0.0400
2.9034 -0.9623 -0.0400
1.8669 -1.8426 -0.0400
1.8226 -1.8579 -0.0400
1.8018 -1.8524 -0.0400
1.7832 -1.8452 -0.0400
1.7664 -1.8366 -0.0400
1.7516 -1.8262 -0.0400
1.7378 -1.8147 -0.0400
1.7249 -1.8021 -0.0400
1.7167 -1.7839 -0.0400
1.7077 -1.7662 -0.0400
1.7002 -1.7461 -0.0400
1.6949 -1.7224 -0.0400
1.6938 -1.6920 -0.0400
1.8934 0.3956 -0.0400
1.8297 0.3660 -0.0400
1.7789 0.3824 -0.0400
1.7387 0.4466 -0.0400
1.7001 0.5274 -0.0400
1.6574 0.6005 -0.0400
0.9194 3.4155 -0.0400
-0.6478 2.8752 -0.0400
-0.7391 2.8326 -0.0400
-0.8434 2.8288 -0.0400
-1.4170 1.9990 -0.0400
-1.4848 1.9338 -0.0400
-1.5779 1.9135 -0.0400
-3.1779 0.5609 -0.0400
-3.1469 0.4254 -0.0400
-3.1367 0.3086 -0.0400
-3.2164 0.2546 -0.0400
-3.2354 -3.2239 -0.0400
-3.1829 -3.2921 -0.0400
-3.1799 -3.3680 -0.0400
-0.7159 -3.1393 -0.0400
-0.6600 -3.1548 -0.0400
-0.6292 -3.1774 -0.0400
-0.6027 -3.2009 -0.0400
-0.5922 -3.2300 -0.0400
-0.5869 -3.2614 -0.0400
-0.5881 -3.2958 -0.0400
-0.6004 -3.3360 -0.0400
-1.9944 -4.5299 -0.0400
-1.9028 -4.5451 -0.0400
-0.3236 -7.2443 -0.0400
-0.2273 -7.2155 -0.0400
-0.1427 -7.2247 -0.0400
2.3389 -6.6056 -0.0400
2.4099 -6.5841 -0.0400
2.9686 -4.5722 -0.0400
2.9608 -4.4955 -0.0400
2.9519 -4.4206 -0.0400
2.9732 -4.3768 -0.0400
3.0282 -4.3643 -0.0400
4.3540 -5.4614 -0.0400
4.4181 -5.4149 -0.0400
5.5783 -4.9925 -0.0400
5.6026 -4.9038 -0.0400
6.7527 -0.9349 -0.0400
3.0531 -1.0558 -0.0400
2.9739 -1.0620 -0.0400
2.9447 -1.0305 -0.0400
1.9288 -1.8289 -0.0400
1.8672 -1.8558 -0.0400
1.8367 -1.8577 -0.0400
1.8134 -1.8540 -0.0400
1.7933 -1.8479 -0.0400
1.7753 -1.8403 -0.0400
1.7576 -1.8327 -0.0400
1.7443 -1.8206 -0.0400
1.7322 -1.8073 -0.0400
1.7214 -1.7924 -0.0400
1.7117 -1.7759 -0.0400
1.7035 -1.7572 -0.0400
1.6972 -1.7355 -0.0400
1.7132 -1.6834 -0.0400
1.8842 0.3787 -0.0400
1.8248 0.3637 -0.0400
1.7781 0.3963 -0.0400
1.7345 0.4455 -0.0400
1.7021 0.5550 -0.0400
0.9217 3.4145 -0.0400
-0.6411 2.8685 -0.0400
-0.7349 2.8347 -0.0400
-0.8415 2.8380 -0.0400
-1.4187 2.0141 -0.0400
-1.4859 1.9476 -0.0400
-3.1607 0.5611 -0.0400
-3.1424 0.4350 -0.0400
-3.1352 0.3203 -0.0400
-3.1964 0.2541 -0.0400
-1.0854 -1.6376 -0.0400
-1.0748 -1.6862 -0.0400
-3.2114 -3.2045 -0.0400
-3.1859 -3.2767 -0.0400
-3.1957 -3.3548 -0.0400
-3.2356 -3.4400 -0.0400
-0.6726 -3.1456 -0.0400
-0.6255 -3.1626 -0.0400
-0.6082 -3.1893 -0.0400
-0.5955 -3.2176 -0.0400
-0.5875 -3.2477 -0.0400
-0.6023 -3.2879 -0.0400
-0.6258 -3.3332 -0.0400
-3.8762 -5.5916 -0.0400
-1.9343 -4.5468 -0.0400
-0.3775 -7.3685 -0.0400
-0.2398 -7.1992 -0.0400
-0.1589 -7.2225 -0.0400
-0.1012 -7.3435 -0.0400
2.4029 -6.5971 -0.0400
2.9359 -4.5438 -0.0400
2.9272 -4.4669 -0.0400
2.9415 -4.4153 -0.0400
2.9725 -4.3807 -0.0400
3.0170 -4.3584 -0.0400
4.3572 -5.4716 -0.0400
4.4061 -5.4118 -0.0400
5.5789 -4.9976 -0.0400
5.6359 -4.9255 -0.0400
6.7757 -0.9277 -0.0400
5.7989 0.1792 -0.0400
3.0819 -1.0808 -0.0400
3.0115 -1.0786 -0.0400
2.9705 -1.0558 -0.0400
2.9399 -1.0254 -0.0400
1.8961 -1.8446 -0.0400
1.8392 -1.8681 -0.0400
1.8171 -1.8631 -0.0400
1.7977 -1.8562 -0.0400
1.7802 -1.8479 -0.0400
1.7646 -1.8380 -0.0400
1.7506 -1.8267 -0.0400
1.7377 -1.8143 -0.0400
1.7261 -1.8005 -0.0400
1.7204 -1.7797 -0.0400
1.7132 -1.7600 -0.0400
1.7084 -1.7367 -0.0400
1.7074 -1.7078 -0.0400
1.7215 -1.6577 -0.0400
1.8733 0.3569 -0.0400
1.8206 0.3655 -0.0400
1.7767 0.4088 -0.0400
1.7455 0.5124 -0.0400
1.7044 0.5852 -0.0400
1.0282 3.4121 -0.0400
0.9233 3.4299 -0.0400
-0.5710 2.9982 -0.0400
-0.6418 2.8840 -0.0400
-0.7333 2.8430 -0.0400
-0.8467 2.8660 -0.0400
-1.3377 2.0666 -0.0400
-1.3964 1.9832 -0.0400
-1.4780 1.9442 -0.0400
-1.5926 1.9615 -0.0400
-3.1532 0.5677 -0.0400
-3.0919 0.4107 -0.0400
-3.1282 0.3275 -0.0400
-1.0787 -1.6321 -0.0400
-1.0698 -1.6798 -0.0400
-1.0758 -1.7205 -0.0400
-1.0130 -1.7868 -0.0400
-0.9973 -1.8332 -0.0400
-3.1927 -3.3385 -0.0400
-0.6798 -3.1349 -0.0400
-0.6314 -3.1515 -0.0400
-0.6134 -3.1779 -0.0400
-0.5997 -3.2056 -0.0400
-0.5970 -3.2379 -0.0400
-0.5984 -3.2723 -0.0400
-0.6100 -3.3119 -0.0400
-1.9233 -4.5204 -0.0400
-1.8883 -4.5718 -0.0400
-0.3572 -7.2401 -0.0400
-0.2598 -7.2089 -0.0400
-0.1788 -7.2335 -0.0400
-0.1100 -7.3089 -0.0400
2.9543 -4.5697 -0.0400
2.9444 -4.4904 -0.0400
2.9374 -4.4170 -0.0400
2.9762 -4.3895 -0.0400
3.0348 -4.3796 -0.0400
4.3489 -5.4724 -0.0400
4.4281 -5.4383 -0.0400
5.5465 -5.0886 -0.0400
5.5629 -4.9945 -0.0400
5.6342 -4.9300 -0.0400
6.7837 -1.0333 -0.0400
6.7649 -0.9305 -0.0400
5.7971 0.1806 -0.0400
3.0775 -1.0757 -0.0400
2.9927 -1.0841 -0.0400
2.9620 -1.0536 -0.0400
1.8915 -1.8619 -0.0400
1.8558 -1.8666 -0.0400
1.8298 -1.8643 -0.0400
1.8085 -1.8586 -0.0400
1.7896 -1.8513 -0.0400
1.7702 -1.8448 -0.0400
1.7567 -1.8329 -0.0400
1.7443 -1.8200 -0.0400
1.7334 -1.8054 -0.0400
1.7236 -1.7895 -0.0400
1.7154 -1.7715 -0.0400
1.7088 -1.7510 -0.0400
1.7050 -1.7265 -0.0400
1.9278 0.3703 -0.0400
1.8670 0.3528 -0.0400
1.8182 0.3750 -0.0400
1.7728 0.4126 -0.0400
1.7475 0.5406 -0.0400
1.7082 0.6232 -0.0400
1.0295 3.4109 -0.0400
0.9247 3.4342 -0.0400
-0.5453 2.9211 -0.0400
-0.6322 2.8644 -0.0400
-0.7378 2.8680 -0.0400
-1.3318 2.0647 -0.0400
-1.3919 1.9843 -0.0400
-1.4728 1.9445 -0.0400
-3.1044 0.6571 -0.0400
-3.1029 0.5415 -0.0400
-3.1320 0.4510 -0.0400
-3.1180 0.3318 -0.0400
-1.0780 -1.6246 -0.0400
-1.0570 -1.6772 -0.0400
-1.0727 -1.7136 -0.0400
-1.0073 -1.7809 -0.0400
-0.9916 -1.8271 -0.0400
-0.9815 -1.8703 -0.0400
-0.9899 -1.9067 -0.0400
-1.0064 -1.9405 -0.0400
-0.6805 -3.1223 -0.0400
-0.6482 -3.1444 -0.0400
-0.6177 -3.1663 -0.0400
-0.6038 -3.1940 -0.0400
-0.5993 -3.2253 -0.0400
-0.5986 -3.2587 -0.0400
-0.6058 -3.2960 -0.0400
-3.9598 -5.4792 -0.0400
-1.9498 -4.5189 -0.0400
-0.3717 -7.2288 -0.0400
-0.2748 -7.1998 -0.0400
-0.1926 -7.2196 -0.0400
2.9262 -4.5478 -0.0400
2.9176 -4.4702 -0.0400
2.9361 -4.4222 -0.0400
2.9694 -4.3892 -0.0400
3.0174 -4.3695 -0.0400
4.3532 -5.4852 -0.0400
5.5667 -5.1064 -0.0400
5.5631 -5.0007 -0.0400
5.6256 -4.9315 -0.0400
6.7745 -1.0359 -0.0400
6.7967 -0.9215 -0.0400
5.7950 0.1815 -0.0400
3.0910 -1.1120 -0.0400
3.0277 -1.1034 -0.0400
2.9879 -1.0792 -0.0400
2.9578 -1.0482 -0.0400
1.8752 -1.8637 -0.0400
1.8321 -1.8747 -0.0400
1.8119 -1.8678 -0.0400
1.7939 -1.8595 -0.0400
1.7778 -1.8498 -0.0400
1.7635 -1.8386 -0.0400
1.7503 -1.8264 -0.0400
1.7383 -1.8131 -0.0400
1.7316 -1.7940 -0.0400
1.7241 -1.7754 -0.0400
1.7186 -1.7539 -0.0400
1.7162 -1.7281 -0.0400
1.7208 -1.6928 -0.0400
1.9835 0.3854 -0.0400
1.9173 0.3539 -0.0400
1.8626 0.3559 -0.0400
1.8177 0.3926 -0.0400
1.7902 0.5021 -0.0400
1.7567 0.6010 -0.0400
1.1349 3.4239 -0.0400
1.0304 3.4076 -0.0400
-0.5405 2.9144 -0.0400
-0.6288 2.8631 -0.0400
-0.7332 2.8638 -0.0400
-1.3211 2.0521 -0.0400
-1.3869 1.9832 -0.0400
-1.5025 2.0065 -0.0400
-3.0733 0.5300 -0.0400
-3.0684 0.4157 -0.0400
-3.1294 0.3505 -0.0400
-1.0506 -1.6295 -0.0400
-1.0545 -1.6709 -0.0400
-1.0688 -1.7077 -0.0400
-1.0076 -1.7733 -0.0400
-0.9717 -1.8267 -0.0400
-0.9786 -1.8636 -0.0400
-0.9871 -1.8998 -0.0400
-1.0045 -1.9332 -0.0400
-1.0378 -1.9623 -0.0400
-1.0275 -2.0038 -0.0400
-1.0282 -2.0419 -0.0400
-0.7069 -3.1184 -0.0400
-0.6481 -3.1316 -0.0400
-0.6269 -3.1569 -0.0400
-0.6077 -3.1824 -0.0400
-0.5978 -3.2115 -0.0400
-0.6019 -3.2466 -0.0400
-0.6074 -3.2831 -0.0400
-3.9811 -5.4698 -0.0400
-3.9099 -5.5452 -0.0400
-2.0076 -4.4630 -0.0400
-1.9358 -4.4909 -0.0400
-1.9094 -4.5480 -0.0400
-0.5386 -7.4135 -0.0400
-0.3899 -7.2292 -0.0400
-0.2919 -7.1972 -0.0400
-0.2100 -7.2185 -0.0400
0.8023 -5.1616 -0.0400
0.8495 -5.1443 -0.0400
0.8955 -5.1380 -0.0400
2.9346 -4.5649 -0.0400
2.9040 -4.4640 -0.0400
2.9321 -4.4255 -0.0400
2.9733 -4.3998 -0.0400
3.0410 -4.3978 -0.0400
4.3419 -5.4849 -0.0400
4.4322 -5.4599 -0.0400
5.6698 -5.2804 -0.0400
5.5211 -5.0878 -0.0400
5.5713 -5.0120 -0.0400
6.7754 -1.0361 -0.0400
5.8640 0.1114 -0.0400
3.0741 -1.1159 -0.0400
3.0202 -1.1007 -0.0400
2.9823 -1.0750 -0.0400
1.8708 -1.8802 -0.0400
1.8439 -1.8775 -0.0400
1.8224 -1.8712 -0.0400
1.8032 -1.8635 -0.0400
1.7860 -1.8545 -0.0400
1.7691 -1.8455 -0.0400
1.7565 -1.8327 -0.0400
1.7453 -1.8186 -0.0400
1.7353 -1.8031 -0.0400
1.7266 -1.7860 -0.0400
1.7195 -1.7668 -0.0400
1.7148 -1.7444 -0.0400
1.7369 -1.6897 -0.0400
1.9709 0.3645 -0.0400
1.9103 0.3497 -0.0400
1.8602 0.3669 -0.0400
1.8193 0.4187 -0.0400
1.7881 0.5144 -0.0400
1.7437 0.5665 -0.0400
1.1356 3.4337 -0.0400
1.0310 3.4192 -0.0400
-0.5335 2.8982 -0.0400
-0.6255 2.8606 -0.0400
-0.7353 2.8788 -0.0400
-1.3093 2.0359 -0.0400
-1.3826 1.9825 -0.0400
-3.0856 0.6632 -0.0400
-3.0803 0.5452 -0.0400
-3.1246 0.4664 -0.0400
-3.1082 0.3456 -0.0400
-1.0912 -1.5603 -0.0400
-1.0537 -1.6214 -0.0400
-1.0534 -1.6646 -0.0400
-1.0648 -1.7024 -0.0400
-0.9786 -1.7775 -0.0400
-0.9712 -1.8199 -0.0400
-0.9764 -1.8573 -0.0400
-0.9844 -1.8934 -0.0400
-1.0132 -1.9231 -0.0400
-1.0344 -1.9556 -0.0400
-1.0243 -1.9970 -0.0400
-1.0251 -2.0348 -0.0400
-1.0389 -2.0694 -0.0400
-1.0617 -2.1023 -0.0400
-1.0982 -2.1331 -0.0400
-0.6579 -3.1227 -0.0400
-0.6273 -3.1445 -0.0400
-0.6124 -3.1715 -0.0400
-0.6027 -3.2006 -0.0400
-0.5971 -3.2315 -0.0400
-0.6138 -3.2726 -0.0400
-0.6388 -3.3189 -0.0400
-3.9881 -5.4522 -0.0400
-1.9497 -4.4816 -0.0400
-1.9099 -4.5295 -0.0400
-0.4435 -7.3463 -0.0400
-0.3117 -7.2034 -0.0400
-0.2356 -7.2477 -0.0400
0.7874 -5.1821 -0.0400
0.8368 -5.1386 -0.0400
0.8826 -5.1379 -0.0400
0.9283 -5.1351 -0.0400
0.9934 -3.6025 -0.0400
1.0119 -3.5600 -0.0400
2.9137 -4.6240 -0.0400
2.9115 -4.5496 -0.0400
2.9059 -4.4745 -0.0400
2.9289 -4.4305 -0.0400
2.9651 -4.3998 -0.0400
4.2839 -5.5482 -0.0400
4.3511 -5.5036 -0.0400
5.5399 -5.1062 -0.0400
5.5632 -5.0150 -0.0400
6.8231 -1.1327 -0.0400
6.7985 -1.0309 -0.0400
5.8394 0.0995 -0.0400
3.0556 -1.1211 -0.0400
3.0109 -1.0995 -0.0400
1.8846 -1.8828 -0.0400
1.8549 -1.8816 -0.0400
1.8322 -1.8758 -0.0400
1.8124 -1.8681 -0.0400
1.7903 -1.8630 -0.0400
1.7761 -1.8514 -0.0400
1.7630 -1.8390 -0.0400
1.7509 -1.8257 -0.0400
1.7402 -1.8110 -0.0400
1.7356 -1.7899 -0.0400
1.7294 -1.7699 -0.0400
1.7258 -1.7465 -0.0400
1.7266 -1.7173 -0.0400
1.7451 -1.6661 -0.0400
1.9632 0.3591 -0.0400
1.9027 0.3440 -0.0400
1.8567 0.3751 -0.0400
1.8331 0.4899 -0.0400
1.7858 0.5265 -0.0400
1.1354 3.4187 -0.0400
1.0313 3.4425 -0.0400
-0.4633 3.0261 -0.0400
-0.5312 2.8967 -0.0400
-0.6255 2.8670 -0.0400
-0.7551 2.9476 -0.0400
-1.3006 2.0248 -0.0400
-1.3826 1.9886 -0.0400
-1.4828 1.9850 -0.0400
-3.0764 0.6653 -0.0400
-3.0599 0.5390 -0.0400
-3.0523 0.4231 -0.0400
-3.1341 0.3732 -0.0400
-1.0387 -1.6221 -0.0400
-1.0470 -1.6612 -0.0400
-1.0174 -1.7153 -0.0400
-0.9835 -1.7693 -0.0400
-0.9732 -1.8128 -0.0400
-0.9750 -1.8512 -0.0400
-0.9868 -1.8860 -0.0400
-1.0081 -1.9178 -0.0400
-1.0351 -1.9484 -0.0400
-1.0227 -1.9903 -0.0400
-1.0220 -2.0284 -0.0400
-1.0370 -2.0625 -0.0400
-1.0611 -2.0949 -0.0400
-1.1035 -2.1243 -0.0400
-0.6049 -3.1889 -0.0400
-0.6050 -3.2220 -0.0400
-0.6054 -3.2558 -0.0400
-3.9776 -5.4248 -0.0400
-1.9605 -4.4704 -0.0400
-0.4161 -7.1944 -0.0400
-0.3263 -7.1903 -0.0400
-0.2501 -7.2338 -0.0400
0.7748 -5.1709 -0.0400
0.8229 -5.1472 -0.0400
0.8692 -5.1399 -0.0400
0.9151 -5.1359 -0.0400
0.9828 -3.5958 -0.0400
1.0014 -3.5707 -0.0400
1.0192 -3.5514 -0.0400
1.0369 -3.5466 -0.0400
1.0546 -3.5436 -0.0400
2.9132 -4.5614 -0.0400
2.8926 -4.4703 -0.0400
2.9258 -4.4364 -0.0400
2.9718 -4.4147 -0.0400
4.2833 -5.5593 -0.0400
4.3353 -5.5009 -0.0400
5.5272 -5.2134 -0.0400
5.5154 -5.1007 -0.0400
5.5792 -5.0319 -0.0400
6.8182 -1.1352 -0.0400
6.7900 -1.0343 -0.0400
3.0915 -1.1423 -0.0400
3.0390 -1.1251 -0.0400
1.8946 -1.8890 -0.0400
1.8639 -1.8878 -0.0400
1.8408 -1.8818 -0.0400
1.8206 -1.8741 -0.0400
1.7975 -1.8692 -0.0400
1.7830 -1.8578 -0.0400
1.7696 -1.8455 -0.0400
1.7571 -1.8325 -0.0400
1.7482 -1.8161 -0.0400
1.7395 -1.7992 -0.0400
1.7322 -1.7806 -0.0400
1.7270 -1.7595 -0.0400
1.7245 -1.7347 -0.0400
2.0077 0.3425 -0.0400
1.9487 0.3337 -0.0400
1.8974 0.3467 -0.0400
1.8526 0.3812 -0.0400
1.8286 0.4943 -0.0400
1.1349 3.4076 -0.0400
1.0312 3.4527 -0.0400
-0.4445 2.9600 -0.0400
-0.5274 2.8881 -0.0400
-0.6260 2.8739 -0.0400
-1.2983 2.0251 -0.0400
-1.3943 2.0159 -0.0400
-3.0691 0.6682 -0.0400
-3.0594 0.5472 -0.0400
-3.0498 0.4298 -0.0400
-1.0621 -1.5626 -0.0400
-1.0418 -1.6154 -0.0400
-1.0451 -1.6565 -0.0400
-1.0605 -1.6922 -0.0400
-0.9641 -1.7711 -0.0400
-0.9619 -1.8112 -0.0400
-0.9688 -1.8474 -0.0400
-0.9823 -1.8814 -0.0400
-1.0007 -1.9138 -0.0400
-1.0310 -1.9432 -0.0400
-1.0126 -1.9864 -0.0400
-1.0193 -2.0223 -0.0400
-1.0336 -2.0564 -0.0400
-1.0574 -2.0886 -0.0400
-0.6382 -3.2923 -0.0400
-3.9711 -5.4001 -0.0400
-2.0362 -4.4269 -0.0400
-1.9646 -4.4550 -0.0400
-0.5177 -7.1926 -0.0400
-0.4194 -7.1645 -0.0400
-0.3412 -7.1996 -0.0400
0.7193 -5.1674 -0.0400
0.7679 -5.1445 -0.0400
0.8144 -5.1378 -0.0400
0.8604 -5.1355 -0.0400
0.9059 -5.1452 -0.0400
0.9758 -3.5744 -0.0400
0.9941 -3.5616 -0.0400
1.0120 -3.5495 -0.0400
1.0299 -3.5472 -0.0400
1.0479 -3.5493 -0.0400
1.0661 -3.5529 -0.0400
1.0859 -3.5712 -0.0400
2.8416 -4.5627 -0.0400
2.8591 -4.5110 -0.0400
2.8909 -4.4753 -0.0400
2.9333 -4.4502 -0.0400
4.2243 -5.6197 -0.0400
4.3105 -5.5928 -0.0400
5.4753 -5.1888 -0.0400
6.8259 -1.2420 -0.0400
3.0888 -1.1916 -0.0400
1.9497 -1.8925 -0.0400
1.9014 -1.9013 -0.0400
1.8608 -1.9065 -0.0400
1.8412 -1.8978 -0.0400
1.8183 -1.8920 -0.0400
1.8040 -1.8801 -0.0400
1.7908 -1.8675 -0.0400
1.7784 -1.8543 -0.0400
1.7690 -1.8384 -0.0400
1.7601 -1.8219 -0.0400
1.7524 -1.8040 -0.0400
1.7463 -1.7843 -0.0400
1.7559 -1.7481 -0.0400
1.7663 -1.7095 -0.0400
2.0548 0.3276 -0.0400
1.9948 0.3178 -0.0400
1.9436 0.3311 -0.0400
1.9303 0.4646 -0.0400
1.8867 0.5107 -0.0400
1.3438 3.4272 -0.0400
1.2395 3.4297 -0.0400
-0.3462 2.9783 -0.0400
-0.4308 2.9100 -0.0400
-0.5390 2.9318 -0.0400
-1.1575 2.1487 -0.0400
-1.2144 2.0591 -0.0400
-1.3151 2.0613 -0.0400
-2.9556 0.8144 -0.0400
-2.9582 0.6998 -0.0400
-2.9955 0.6155 -0.0400
-2.9861 0.4967 -0.0400
-1.0145 -1.5386 -0.0400
-1.0120 -1.5830 -0.0400
-1.0231 -1.6205 -0.0400
-0.9797 -1.6812 -0.0400
-0.9550 -1.7318 -0.0400
-0.9472 -1.7743 -0.0400
-0.9532 -1.8108 -0.0400
-0.9701 -1.8433 -0.0400
-0.9977 -1.8726 -0.0400
-1.0041 -1.9089 -0.0400
-1.0000 -1.9482 -0.0400
-1.0043 -1.9846 -0.0400
-1.0175 -2.0186 -0.0400
-1.0698 -2.0436 -0.0400
-4.0297 -5.3042 -0.0400
-1.9949 -4.3895 -0.0400
-1.9667 -4.4446 -0.0400
-0.4491 -7.1801 -0.0400
-0.3615 -7.1842 -0.0400
-0.2895 -7.2435 -0.0400
0.7463 -5.1786 -0.0400
0.7953 -5.1483 -0.0400
0.8419 -5.1395 -0.0400
0.8880 -5.1360 -0.0400
0.9336 -5.1464 -0.0400
0.9796 -5.1949 -0.0400
0.9976 -3.5633 -0.0400
1.0156 -3.5539 -0.0400
1.0333 -3.5460 -0.0400
1.0513 -3.5452 -0.0400
1.0699 -3.5519 -0.0400
1.0889 -3.5590 -0.0400
2.8697 -4.6096 -0.0400
2.8689 -4.5365 -0.0400
2.8855 -4.4841 -0.0400
2.9155 -4.4464 -0.0400
2.9792 -4.4414 -0.0400
4.2663 -5.5695 -0.0400
4.3401 -5.5302 -0.0400
5.5063 -5.2206 -0.0400
5.5078 -5.1152 -0.0400
5.5824 -5.0519 -0.0400
6.8032 -1.1427 -0.0400
5.8853 0.0170 -0.0400
3.1067 -1.1716 -0.0400
3.0573 -1.1514 -0.0400
1.8860 -1.8993 -0.0400
1.8605 -1.8938 -0.0400
1.8320 -1.8913 -0.0400
1.8149 -1.8811 -0.0400
1.7990 -1.8702 -0.0400
1.7829 -1.8597 -0.0400
1.7704 -1.8464 -0.0400
1.7606 -1.8309 -0.0400
1.7512 -1.8148 -0.0400
1.7429 -1.7974 -0.0400
1.7359 -1.7786 -0.0400
1.7419 -1.7461 -0.0400
1.7455 -1.7148 -0.0400
2.0501 0.3381 -0.0400
1.9878 0.3224 -0.0400
1.9359 0.3335 -0.0400
1.8914 0.3675 -0.0400
1.8703 0.4827 -0.0400
1.8258 0.5272 -0.0400
1.2377 3.4122 -0.0400
1.1338 3.4120 -0.0400
-0.3560 3.0214 -0.0400
-0.4377 2.9391 -0.0400
-0.5255 2.8864 -0.0400
-0.6327 2.9024 -0.0400
-1.2208 2.0762 -0.0400
-1.2951 2.0253 -0.0400
-1.4186 2.0696 -0.0400
-3.0225 0.7617 -0.0400
-3.0291 0.6514 -0.0400
-2.9854 0.5056 -0.0400
-3.0570 0.4499 -0.0400
-1.0482 -1.5605 -0.0400
-1.0337 -1.6101 -0.0400
-1.0394 -1.6498 -0.0400
-0.9676 -1.7208 -0.0400
-0.9556 -1.7650 -0.0400
-0.9559 -1.8036 -0.0400
-0.9632 -1.8393 -0.0400
-0.9792 -1.8719 -0.0400
-1.0015 -1.9028 -0.0400
-1.0256 -1.9336 -0.0400
-1.0057 -1.9769 -0.0400
-1.0162 -2.0114 -0.0400
-1.0346 -2.0441 -0.0400
-1.0684 -2.0738 -0.0400
-3.3834 -1.6498 -0.0400
-2.0445 -4.3976 -0.0400
-1.9810 -4.4307 -0.0400
-1.9696 -4.4973 -0.0400
-0.4001 -7.2316 -0.0400
-0.3023 -7.1994 -0.0400
-0.2236 -7.2345 -0.0400
0.7722 -5.2070 -0.0400
0.8223 -5.1557 -0.0400
0.8692 -5.1412 -0.0400
0.9153 -5.1364 -0.0400
0.9612 -5.1438 -0.0400
1.0079 -5.1852 -0.0400
1.0010 -3.5682 -0.0400
1.0189 -3.5558 -0.0400
1.0367 -3.5482 -0.0400
1.0545 -3.5436 -0.0400
1.0727 -3.5442 -0.0400
1.0925 -3.5565 -0.0400
1.1128 -3.5695 -0.0400
2.8919 -4.5778 -0.0400
2.8903 -4.5050 -0.0400
2.9090 -4.4552 -0.0400
2.9464 -4.4245 -0.0400
3.0017 -4.4102 -0.0400
4.3074 -5.5192 -0.0400
4.3755 -5.4741 -0.0400
5.5024 -5.1261 -0.0400
5.5548 -5.0504 -0.0400
5.8527 0.1093 -0.0400
3.0609 -1.1408 -0.0400
1.9062 -1.8737 -0.0400
1.8566 -1.8844 -0.0400
1.8275 -1.8820 -0.0400
1.8100 -1.8718 -0.0400
1.7902 -1.8638 -0.0400
1.7764 -1.8514 -0.0400
1.7625 -1.8391 -0.0400
1.7512 -1.8248 -0.0400
1.7407 -1.8096 -0.0400
1.7348 -1.7900 -0.0400
1.7274 -1.7714 -0.0400
1.7316 -1.7407 -0.0400
1.7326 -1.7121 -0.0400
1.7502 -1.6645 -0.0400
1.9973 0.3731 -0.0400
1.9313 0.3455 -0.0400
1.8780 0.3521 -0.0400
1.8623 0.4834 -0.0400
1.8170 0.5247 -0.0400
1.1323 3.4104 -0.0400
-0.4613 3.0310 -0.0400
-0.5272 2.8931 -0.0400
-0.6247 2.8766 -0.0400
-1.2571 2.1541 -0.0400
-1.2967 2.0307 -0.0400
-1.3752 1.9890 -0.0400
-1.5009 2.0345 -0.0400
-3.0459 0.6731 -0.0400
-3.0414 0.5567 -0.0400
-3.0402 0.4459 -0.0400
-3.0939 0.3772 -0.0400
-1.0845 -1.5389 -0.0400
-1.0434 -1.6012 -0.0400
-1.0427 -1.6436 -0.0400
-1.0542 -1.6803 -0.0400
-0.9998 -1.7427 -0.0400
-0.9785 -1.7901 -0.0400
-0.9712 -1.8312 -0.0400
-0.9768 -1.8672 -0.0400
-0.9954 -1.8989 -0.0400
-1.0248 -1.9277 -0.0400
-1.0211 -1.9664 -0.0400
-1.0184 -2.0044 -0.0400
-1.0245 -2.0398 -0.0400
-1.0393 -2.0732 -0.0400
-1.1151 -2.0946 -0.0400
-1.9307 -4.5226 -0.0400
0.7190 -5.1643 -0.0400
0.7673 -5.1421 -0.0400
0.8138 -5.1388 -0.0400
0.8599 -5.1384 -0.0400
0.9058 -5.1405 -0.0400
0.9750 -3.5826 -0.0400
0.9932 -3.5648 -0.0400
1.0112 -3.5548 -0.0400
1.0290 -3.5473 -0.0400
1.0472 -3.5472 -0.0400
1.0658 -3.5499 -0.0400
1.0867 -3.5705 -0.0400
2.9131 -4.4674 -0.0400
2.9705 -4.4556 -0.0400
4.2518 -5.5848 -0.0400
5.4717 -5.2222 -0.0400
5.5022 -5.1335 -0.0400
5.5932 -5.0789 -0.0400
3.1368 -1.1937 -0.0400
3.0841 -1.1742 -0.0400
1.8878 -1.9040 -0.0400
1.8553 -1.9026 -0.0400
1.8311 -1.8965 -0.0400
1.8154 -1.8849 -0.0400
1.7983 -1.8745 -0.0400
1.7844 -1.8620 -0.0400
1.7730 -1.8476 -0.0400
1.7640 -1.8311 -0.0400
1.7550 -1.8145 -0.0400
1.7525 -1.7918 -0.0400
1.7473 -1.7710 -0.0400
1.7441 -1.7477 -0.0400
1.7747 -1.6897 -0.0400
2.1050 0.3648 -0.0400
2.0281 0.3146 -0.0400
1.9740 0.3203 -0.0400
1.9275 0.3470 -0.0400
1.8932 0.4132 -0.0400
1.8642 0.5035 -0.0400
1.2361 3.4262 -0.0400
-0.3526 3.0060 -0.0400
-0.4309 2.9115 -0.0400
-0.5366 2.9267 -0.0400
-1.1658 2.1722 -0.0400
-1.2117 2.0591 -0.0400
-1.3022 2.0423 -0.0400
-2.9543 0.8342 -0.0400
-2.9679 0.7286 -0.0400
-2.9805 0.6248 -0.0400
-2.9826 0.5153 -0.0400
-1.0337 -1.5613 -0.0400
-1.0190 -1.6105 -0.0400
-0.9945 -1.6626 -0.0400
-0.9581 -1.7180 -0.0400
-0.9482 -1.7609 -0.0400
-0.9506 -1.7983 -0.0400
-0.9584 -1.8334 -0.0400
-0.9759 -1.8651 -0.0400
-1.0000 -1.8949 -0.0400
-0.9984 -1.9329 -0.0400
-1.0007 -1.9693 -0.0400
-1.0128 -2.0029 -0.0400
-1.0352 -2.0342 -0.0400
-1.0740 -2.0624 -0.0400
-3.2630 -3.0002 -0.0400
0.7011 -5.2006 -0.0400
0.7522 -5.1512 -0.0400
0.7993 -5.1399 -0.0400
0.8456 -5.1367 -0.0400
0.8913 -5.1531 -0.0400
0.9819 -3.5772 -0.0400
0.9995 -3.5538 -0.0400
1.0176 -3.5491 -0.0400
1.0358 -3.5475 -0.0400
1.0542 -3.5487 -0.0400
1.0746 -3.5648 -0.0400
1.0962 -3.5858 -0.0400
2.1238 -6.6601 -0.0400
2.1968 -6.6407 -0.0400
5.4470 -5.2195 -0.0400
5.5189 -5.1549 -0.0400
5.9288 -0.0711 -0.0400
3.1129 -1.2032 -0.0400
1.8967 -1.9137 -0.0400
1.8649 -1.9110 -0.0400
1.8409 -1.9042 -0.0400
1.8250 -1.8923 -0.0400
1.8072 -1.8821 -0.0400
1.7924 -1.8700 -0.0400
1.7803 -1.8559 -0.0400
1.7696 -1.8408 -0.0400
1.7619 -1.8231 -0.0400
1.7579 -1.8020 -0.0400
1.7516 -1.7823 -0.0400
1.7576 -1.7508 -0.0400
1.7604 -1.7210 -0.0400
2.0243 0.3219 -0.0400
1.9703 0.3282 -0.0400
1.9333 0.3832 -0.0400
1.9094 0.4837 -0.0400
1.8737 0.5556 -0.0400
1.3371 3.3995 -0.0400
1.2346 3.4248 -0.0400
-0.3399 2.9496 -0.0400
-0.4314 2.9112 -0.0400
-0.5421 2.9447 -0.0400
-1.1481 2.1326 -0.0400
-1.2119 2.0589 -0.0400
-1.3035 2.0448 -0.0400
-2.9374 0.8244 -0.0400
-2.9447 0.7142 -0.0400
-2.9747 0.6250 -0.0400
-2.9790 0.5173 -0.0400
-1.0273 -1.5194 -0.0400
-1.0127 -1.5693 -0.0400
-1.0178 -1.6088 -0.0400
-1.0338 -1.6431 -0.0400
-0.9688 -1.7111 -0.0400
-0.9378 -1.7624 -0.0400
-0.9454 -1.7975 -0.0400
-0.9591 -1.8302 -0.0400
-0.9784 -1.8612 -0.0400
-1.0100 -1.8885 -0.0400
-1.0015 -1.9285 -0.0400
-1.0011 -1.9656 -0.0400
-1.0093 -2.0001 -0.0400
-1.0473 -2.0273 -0.0400
-3.3506 -1.5522 -0.0400
-3.2532 -2.9882 -0.0400
-3.2106 -3.0573 -0.0400
-3.2186 -3.1327 -0.0400
-3.2595 -3.2144 -0.0400
0.6893 -5.1693 -0.0400
0.7383 -5.1428 -0.0400
0.7850 -5.1381 -0.0400
0.8312 -5.1380 -0.0400
0.8772 -5.1419 -0.0400
0.9231 -5.1804 -0.0400
0.9517 -3.6166 -0.0400
0.9700 -3.5749 -0.0400
0.9880 -3.5606 -0.0400
1.0061 -3.5527 -0.0400
1.0242 -3.5486 -0.0400
1.0429 -3.5519 -0.0400
1.0622 -3.5584 -0.0400
1.0828 -3.5720 -0.0400
2.0535 -6.7520 -0.0400
2.1110 -6.6727 -0.0400
2.1882 -6.6662 -0.0400
5.4384 -5.3358 -0.0400
5.4420 -5.2292 -0.0400
5.5046 -5.1590 -0.0400
5.9287 -0.0726 -0.0400
1.9287 -1.9103 -0.0400
1.8855 -1.9134 -0.0400
1.8523 -1.9117 -0.0400
1.8319 -1.9025 -0.0400
1.8148 -1.8914 -0.0400
1.8001 -1.8789 -0.0400
1.7877 -1.8650 -0.0400
1.7767 -1.8499 -0.0400
1.7678 -1.8332 -0.0400
1.7619 -1.8138 -0.0400
1.7597 -1.7908 -0.0400
1.7543 -1.7700 -0.0400
1.7640 -1.7346 -0.0400
2.0700 0.3097 -0.0400
2.0125 0.3080 -0.0400
1.9637 0.3281 -0.0400
1.9240 0.3749 -0.0400
1.9022 0.4806 -0.0400
1.3358 3.4043 -0.0400
1.2327 3.4171 -0.0400
-0.2722 3.0953 -0.0400
-0.3376 2.9350 -0.0400
-0.4345 2.9193 -0.0400
-0.5413 2.9391 -0.0400
-1.1349 2.1016 -0.0400
-1.2172 2.0688 -0.0400
-1.3122 2.0615 -0.0400
-2.9716 0.8578 -0.0400
-2.9222 0.6996 -0.0400
-2.9735 0.6281 -0.0400
-2.9858 0.5268 -0.0400
-1.0363 -1.5137 -0.0400
-1.0020 -1.5731 -0.0400
-1.0151 -1.6085 -0.0400
-0.9639 -1.6720 -0.0400
-0.9452 -1.7192 -0.0400
-0.9387 -1.7602 -0.0400
-0.9452 -1.7955 -0.0400
-0.9546 -1.8296 -0.0400
-0.9888 -1.8552 -0.0400
-0.9973 -1.8898 -0.0400
-0.9928 -1.9283 -0.0400
-0.9969 -1.9637 -0.0400
-1.0106 -1.9965 -0.0400
-1.0347 -2.0270 -0.0400
-1.0768 -2.0539 -0.0400
-3.2231 -2.9745 -0.0400
-3.2123 -3.0470 -0.0400
-3.2247 -3.1229 -0.0400
-3.2847 -3.2076 -0.0400
-0.6601 -7.3157 -0.0400
0.7225 -5.1580 -0.0400
0.7702 -5.1405 -0.0400
0.8167 -5.1359 -0.0400
0.8625 -5.1511 -0.0400
0.9588 -3.6059 -0.0400
0.9767 -3.5736 -0.0400
0.9942 -3.5534 -0.0400
1.0124 -3.5499 -0.0400
1.0308 -3.5497 -0.0400
1.0497 -3.5530 -0.0400
1.0695 -3.5611 -0.0400
2.0944 -6.6730 -0.0400
2.1684 -6.6557 -0.0400
5.4292 -5.3438 -0.0400
5.4354 -5.2386 -0.0400
5.4948 -5.1665 -0.0400
3.1603 -1.2188 -0.0400
1.8983 -1.9220 -0.0400
1.8678 -1.9177 -0.0400
1.8449 -1.9094 -0.0400
1.8258 -1.8993 -0.0400
1.8102 -1.8870 -0.0400
1.7957 -1.8744 -0.0400
1.7847 -1.8591 -0.0400
1.7757 -1.8424 -0.0400
1.7691 -1.8236 -0.0400
1.7653 -1.8020 -0.0400
1.7588 -1.7824 -0.0400
1.7628 -1.7529 -0.0400
1.7869 -1.7037 -0.0400
2.0653 0.3140 -0.0400
2.0069 0.3104 -0.0400
1.9662 0.3527 -0.0400
1.9475 0.4618 -0.0400
1.9068 0.5141 -0.0400
1.4384 3.4069 -0.0400
1.3340 3.4024 -0.0400
-0.2564 3.0163 -0.0400
-0.3406 2.9421 -0.0400
-0.4410 2.9403 -0.0400
-1.0784 2.1914 -0.0400
-1.1330 2.0948 -0.0400
-1.2163 2.0647 -0.0400
-2.9246 0.8207 -0.0400
-2.9109 0.6934 -0.0400
-2.9162 0.5856 -0.0400
-2.9651 0.5143 -0.0400
-1.0211 -1.4775 -0.0400
-0.9995 -1.5315 -0.0400
-1.0015 -1.5725 -0.0400
-1.0135 -1.6083 -0.0400
-0.9728 -1.6671 -0.0400
-0.9279 -1.7253 -0.0400
-0.9320 -1.7615 -0.0400
-0.9407 -1.7957 -0.0400
-0.9577 -1.8268 -0.0400
-0.9803 -1.8562 -0.0400
-1.0053 -1.8852 -0.0400
-0.9948 -1.9254 -0.0400
-0.9971 -1.9613 -0.0400
-1.0158 -1.9926 -0.0400
-1.0497 -2.0205 -0.0400
-3.2662 -2.8954 -0.0400
-3.2247 -2.9650 -0.0400
-3.2123 -3.0371 -0.0400
-3.2251 -3.1128 -0.0400
-0.5314 -7.1414 -0.0400
-0.4496 -7.1649 -0.0400
-0.3837 -7.2460 -0.0400
0.8019 -5.1411 -0.0400
0.8482 -5.1391 -0.0400
0.8941 -5.1667 -0.0400
0.9466 -3.6056 -0.0400
0.9646 -3.5742 -0.0400
0.9826 -3.5606 -0.0400
1.0006 -3.5531 -0.0400
1.0188 -3.5495 -0.0400
1.0381 -3.5557 -0.0400
1.0581 -3.5655 -0.0400
1.0807 -3.5893 -0.0400
2.0790 -6.6783 -0.0400
2.1546 -6.6662 -0.0400
5.4073 -5.3445 -0.0400
5.4271 -5.2476 -0.0400
6.0022 -0.1505 -0.0400
1.9358 -1.9175 -0.0400
1.8861 -1.9233 -0.0400
1.8581 -1.9175 -0.0400
1.8363 -1.9085 -0.0400
1.8191 -1.8970 -0.0400
1.8048 -1.8838 -0.0400
1.7926 -1.8693 -0.0400
1.7824 -1.8533 -0.0400
1.7738 -1.8360 -0.0400
1.7705 -1.8143 -0.0400
1.7683 -1.7912 -0.0400
1.7708 -1.7634 -0.0400
1.7866 -1.7227 -0.0400
2.1081 0.2938 -0.0400
2.0506 0.2933 -0.0400
2.0013 0.3122 -0.0400
1.9599 0.3527 -0.0400
1.9416 0.4624 -0.0400
1.4387 3.4309 -0.0400
1.3319 3.3982 -0.0400
-0.2536 2.9960 -0.0400
-0.3416 2.9399 -0.0400
-0.4489 2.9660 -0.0400
-1.0747 2.1793 -0.0400
-1.1345 2.0946 -0.0400
-1.2215 2.0728 -0.0400
-2.9089 0.9287 -0.0400
-2.9204 0.8198 -0.0400
-2.9073 0.6931 -0.0400
-2.9059 0.5799 -0.0400
-2.9969 0.5418 -0.0400
-1.0123 -1.4823 -0.0400
-0.9970 -1.5329 -0.0400
-1.0000 -1.5731 -0.0400
-0.9587 -1.6333 -0.0400
-0.9353 -1.6832 -0.0400
-0.9284 -1.7245 -0.0400
-0.9311 -1.7612 -0.0400
-0.9394 -1.7953 -0.0400
-0.9623 -1.8241 -0.0400
-0.9932 -1.8505 -0.0400
-0.9862 -1.8898 -0.0400
-0.9866 -1.9263 -0.0400
-0.9943 -1.9603 -0.0400
-1.0101 -1.9921 -0.0400
-1.0364 -2.0215 -0.0400
-3.2818 -2.8878 -0.0400
-3.2293 -2.9563 -0.0400
-3.2114 -3.0276 -0.0400
-3.2858 -3.1121 -0.0400
-0.7068 -3.0384 -0.0400
-0.6938 -7.3015 -0.0400
-0.5572 -7.1637 -0.0400
-0.4647 -7.1528 -0.0400
-0.3892 -7.1981 -0.0400
0.9385 -3.6100 -0.0400
0.9559 -3.5631 -0.0400
0.9742 -3.5559 -0.0400
0.9925 -3.5528 -0.0400
1.0111 -3.5534 -0.0400
1.0303 -3.5582 -0.0400
1.0505 -3.5691 -0.0400
1.9300 -6.7549 -0.0400
1.9959 -6.7040 -0.0400
2.0720 -6.6939 -0.0400
6.0549 -0.2366 -0.0400
1.9599 -1.9480 -0.0400
1.9219 -1.9453 -0.0400
1.8851 -1.9430 -0.0400
1.8602 -1.9350 -0.0400
1.8450 -1.9217 -0.0400
1.8288 -1.9092 -0.0400
1.8153 -1.8953 -0.0400
1.8047 -1.8794 -0.0400
1.7964 -1.8620 -0.0400
1.7903 -1.8427 -0.0400
1.7864 -1.8213 -0.0400
1.7857 -1.7970 -0.0400
1.7897 -1.7681 -0.0400
2.1508 0.2681 -0.0400
2.0954 0.2736 -0.0400
2.0476 0.2963 -0.0400
2.0414 0.4269 -0.0400
2.0011 0.4765 -0.0400
1.5370 3.3810 -0.0400
1.4364 3.4185 -0.0400
-0.1504 2.9743 -0.0400
-0.2480 2.9640 -0.0400
-0.3589 3.0100 -0.0400
-0.9169 2.2614 -0.0400
-0.9774 2.1729 -0.0400
-1.0539 2.1274 -0.0400
-1.1691 2.1698 -0.0400
-2.8048 0.9560 -0.0400
-2.8336 0.8625 -0.0400
-2.8453 0.7560 -0.0400
-2.8478 0.6447 -0.0400
-2.9442 0.6123 -0.0400
-0.9773 -1.4586 -0.0400
-0.9709 -1.5047 -0.0400
-0.9757 -1.5440 -0.0400
-0.9314 -1.6066 -0.0400
-0.9144 -1.6541 -0.0400
-0.9095 -1.6947 -0.0400
-0.9091 -1.7327 -0.0400
-0.9246 -1.7637 -0.0400
-0.9440 -1.7934 -0.0400
-0.9737 -1.8196 -0.0400
-0.9741 -1.8565 -0.0400
-0.9687 -1.8948 -0.0400
-0.9833 -1.9265 -0.0400
-1.0071 -1.9558 -0.0400
-1.0465 -1.9814 -0.0400
-3.2475 -2.8057 -0.0400
-3.2237 -2.8768 -0.0400
-3.2274 -2.9503 -0.0400
-3.2679 -3.0289 -0.0400
-0.7111 -3.0035 -0.0400
-0.6668 -3.0202 -0.0400
-0.6503 -3.0453 -0.0400
-0.6379 -3.0715 -0.0400
-0.6381 -7.0984 -0.0400
-0.5587 -7.1289 -0.0400
-0.4938 -7.2088 -0.0400
0.9443 -3.5781 -0.0400
0.9624 -3.5635 -0.0400
0.9805 -3.5558 -0.0400
0.9990 -3.5546 -0.0400
1.0182 -3.5596 -0.0400
1.0385 -3.5711 -0.0400
1.9224 -6.7956 -0.0400
1.9808 -6.7122 -0.0400
2.0550 -6.6950 -0.0400
6.0254 -0.2533 -0.0400
1.9434 -1.9524 -0.0400
1.9104 -1.9469 -0.0400
1.8771 -1.9427 -0.0400
1.8536 -1.9338 -0.0400
1.8396 -1.9196 -0.0400
1.8247 -1.9062 -0.0400
1.8131 -1.8908 -0.0400
1.8031 -1.8743 -0.0400
1.7959 -1.8559 -0.0400
1.7916 -1.8350 -0.0400
1.7910 -1.8108 -0.0400
1.7955 -1.7820 -0.0400
1.8131 -1.7413 -0.0400
2.2069 0.2755 -0.0400
2.1427 0.2635 -0.0400
2.0896 0.2742 -0.0400
2.0557 0.3309 -0.0400
2.0373 0.4314 -0.0400
1.9979 0.4837 -0.0400
1.5362 3.3896 -0.0400
-0.0630 3.0295 -0.0400
-0.1523 2.9741 -0.0400
-0.2499 2.9642 -0.0400
-0.3623 3.0171 -0.0400
-0.9750 2.1614 -0.0400
-1.0587 2.1336 -0.0400
-2.8009 0.9536 -0.0400
-2.7925 0.8268 -0.0400
-2.7986 0.7168 -0.0400
-2.8557 0.6528 -0.0400
-0.9623 -1.4683 -0.0400
-0.9648 -1.5092 -0.0400
-0.9761 -1.5449 -0.0400
-0.9180 -1.6142 -0.0400
-0.9071 -1.6583 -0.0400
-0.8976 -1.7007 -0.0400
-0.9077 -1.7338 -0.0400
-0.9237 -1.7644 -0.0400
-0.9428 -1.7940 -0.0400
-0.9621 -1.8237 -0.0400
-0.9613 -1.8606 -0.0400
-0.9670 -1.8950 -0.0400
-0.9802 -1.9268 -0.0400
-1.0016 -1.9565 -0.0400
-3.3241 -1.3726 -0.0400
-3.2633 -2.7990 -0.0400
-3.2261 -2.8690 -0.0400
-3.2201 -2.9413 -0.0400
-0.6903 -2.9904 -0.0400
-0.6681 -3.0138 -0.0400
-0.6515 -3.0386 -0.0400
-0.6394 -3.0647 -0.0400
-0.6366 -3.0944 -0.0400
-0.6365 -3.1255 -0.0400
-0.6427 -3.1598 -0.0400
-0.7964 -7.2362 -0.0400
-0.6603 -7.1089 -0.0400
-0.5732 -7.1162 -0.0400
-0.5009 -7.1702 -0.0400
0.9866 -3.5536 -0.0400
1.0053 -3.5538 -0.0400
1.0246 -3.5584 -0.0400
1.9642 -6.7152 -0.0400
2.0519 -6.7474 -0.0400
6.0361 -0.2529 -0.0400
1.9169 -1.9624 -0.0400
1.8934 -1.9521 -0.0400
1.8736 -1.9403 -0.0400
1.8502 -1.9311 -0.0400
1.8365 -1.9166 -0.0400
1.8221 -1.9028 -0.0400
1.8121 -1.8861 -0.0400
1.8029 -1.8689 -0.0400
1.7981 -1.8484 -0.0400
1.7974 -1.8246 -0.0400
1.7929 -1.8030 -0.0400
1.8027 -1.7697 -0.0400
2.1910 0.2538 -0.0400
2.1346 0.2584 -0.0400
2.0907 0.2904 -0.0400
2.0610 0.3580 -0.0400
2.0349 0.4401 -0.0400
1.9981 0.4995 -0.0400
1.6395 3.3938 -0.0400
1.5336 3.3819 -0.0400
-0.0672 3.0420 -0.0400
-0.1547 2.9755 -0.0400
-0.2651 3.0269 -0.0400
-0.8999 2.2047 -0.0400
-0.9767 2.1595 -0.0400
-1.0669 2.1475 -0.0400
-2.7917 0.9456 -0.0400
-2.7832 0.8190 -0.0400
-2.7909 0.7107 -0.0400
-2.8539 0.6521 -0.0400
-0.9854 -1.4142 -0.0400
-0.9490 -1.4778 -0.0400
-0.9590 -1.5141 -0.0400
-0.9743 -1.5475 -0.0400
-0.9019 -1.6237 -0.0400
-0.8981 -1.6640 -0.0400
-0.8949 -1.7032 -0.0400
-0.9062 -1.7356 -0.0400
-0.9240 -1.7652 -0.0400
-0.9611 -1.7876 -0.0400
-0.9587 -1.8254 -0.0400
-0.9593 -1.8616 -0.0400
-0.9658 -1.8955 -0.0400
-0.9894 -1.9240 -0.0400
-1.0231 -1.9501 -0.0400
-3.2907 -1.3774 -0.0400
-3.2970 -2.7206 -0.0400
-3.2395 -2.7901 -0.0400
-3.2230 -2.8613 -0.0400
-3.2359 -2.9354 -0.0400
-3.3068 -3.0172 -0.0400
-0.7315 -2.9660 -0.0400
-0.6944 -2.9855 -0.0400
-0.6707 -3.0083 -0.0400
-0.6533 -3.0326 -0.0400
-0.6420 -3.0589 -0.0400
-0.6380 -3.0880 -0.0400
-0.6385 -3.1191 -0.0400
-0.6460 -3.1537 -0.0400
-0.8161 -7.2388 -0.0400
-0.6797 -7.1114 -0.0400
-0.5941 -7.1237 -0.0400
-0.5372 -7.2293 -0.0400
0.5706 -5.1895 -0.0400
0.6231 -5.1414 -0.0400
0.6705 -5.1319 -0.0400
1.0328 -3.5700 -0.0400
1.0582 -3.6088 -0.0400
1.8831 -6.7776 -0.0400
1.9478 -6.7198 -0.0400
2.0268 -6.7200 -0.0400
6.0922 -0.3411 -0.0400
1.9633 -1.9589 -0.0400
1.9213 -1.9568 -0.0400
1.8833 -1.9540 -0.0400
1.8651 -1.9414 -0.0400
1.8451 -1.9301 -0.0400
1.8324 -1.9149 -0.0400
1.8207 -1.8991 -0.0400
1.8113 -1.8819 -0.0400
1.8028 -1.8640 -0.0400
1.7998 -1.8419 -0.0400
1.8027 -1.8152 -0.0400
1.8009 -1.7911 -0.0400
1.8266 -1.7447 -0.0400
2.1791 0.2404 -0.0400
2.1281 0.2564 -0.0400
2.0830 0.2856 -0.0400
2.0772 0.4110 -0.0400
2.0358 0.4562 -0.0400
1.6345 3.3681 -0.0400
1.5373 3.4312 -0.0400
0.0235 3.0858 -0.0400
-0.0617 2.9974 -0.0400
-0.1569 2.9751 -0.0400
-0.2630 3.0068 -0.0400
-0.8403 2.2916 -0.0400
-0.9003 2.1985 -0.0400
-0.9797 2.1603 -0.0400
-1.0749 2.1603 -0.0400
-2.7906 0.9446 -0.0400
-2.7669 0.8043 -0.0400
-2.7825 0.7035 -0.0400
-2.8816 0.6758 -0.0400
-0.9714 -1.4251 -0.0400
-0.9480 -1.4810 -0.0400
-0.9571 -1.5177 -0.0400
-0.9219 -1.5766 -0.0400
-0.8860 -1.6337 -0.0400
-0.8873 -1.6711 -0.0400
-0.8956 -1.7048 -0.0400
-0.9071 -1.7369 -0.0400
-0.9258 -1.7660 -0.0400
-0.9591 -1.7896 -0.0400
-0.9530 -1.8286 -0.0400
-0.9568 -1.8634 -0.0400
-0.9687 -1.8953 -0.0400
-0.9903 -1.9242 -0.0400
-1.0239 -1.9501 -0.0400
-3.2844 -1.3756 -0.0400
-3.2540 -2.7844 -0.0400
-3.2236 -2.8546 -0.0400
-3.2671 -2.9315 -0.0400
-0.7474 -2.9652 -0.0400
-0.7016 -2.9822 -0.0400
-0.6747 -3.0038 -0.0400
-0.6515 -3.0261 -0.0400
-0.6425 -3.0530 -0.0400
-0.6379 -3.0815 -0.0400
-0.6382 -3.1123 -0.0400
-0.6837 -3.1627 -0.0400
-0.8318 -7.2305 -0.0400
-0.6847 -7.0723 -0.0400
-0.6085 -7.1117 -0.0400
-0.5458 -7.1971 -0.0400
0.6061 -5.1643 -0.0400
0.6554 -5.1376 -0.0400
0.7022 -5.1324 -0.0400
0.7482 -5.1377 -0.0400
0.7929 -5.1851 -0.0400
1.9319 -6.7268 -0.0400
2.7389 -4.7144 -0.0400
6.0967 -0.3449 -0.0400
1.9462 -1.9650 -0.0400
1.9117 -1.9592 -0.0400
1.8772 -1.9544 -0.0400
1.8599 -1.9411 -0.0400
1.8452 -1.9266 -0.0400
1.8302 -1.9125 -0.0400
1.8198 -1.8958 -0.0400
1.8130 -1.8766 -0.0400
1.8061 -1.8573 -0.0400
1.8002 -1.8370 -0.0400
1.8057 -1.8081 -0.0400
1.8067 -1.7817 -0.0400
2.2310 0.2357 -0.0400
2.1744 0.2414 -0.0400
2.1266 0.2647 -0.0400
2.0869 0.3067 -0.0400
2.0789 0.4277 -0.0400
2.0434 0.4887 -0.0400
1.7449 3.4170 -0.0400
1.6330 3.3687 -0.0400
1.5338 3.4132 -0.0400
-0.0656 3.0068 -0.0400
-0.1648 3.0054 -0.0400
-0.8430 2.2913 -0.0400
-0.9025 2.1967 -0.0400
-0.9825 2.1600 -0.0400
-2.7644 1.0414 -0.0400
-2.7460 0.9022 -0.0400
-2.7807 0.8163 -0.0400
-2.7828 0.7033 -0.0400
-0.9670 -1.3876 -0.0400
-0.9520 -1.4398 -0.0400
-0.9444 -1.4862 -0.0400
-0.9572 -1.5207 -0.0400
-0.9094 -1.5860 -0.0400
-0.8841 -1.6375 -0.0400
-0.8809 -1.6768 -0.0400
-0.8920 -1.7089 -0.0400
-0.9105 -1.7377 -0.0400
-0.9314 -1.7657 -0.0400
-0.9588 -1.7916 -0.0400
-0.9476 -1.8322 -0.0400
-0.9535 -1.8660 -0.0400
-0.9710 -1.8958 -0.0400
-0.9947 -1.9239 -0.0400
-1.0308 -1.9490 -0.0400
-3.2820 -2.7073 -0.0400
-3.2347 -2.7770 -0.0400
-3.2228 -2.8482 -0.0400
-3.2419 -2.9224 -0.0400
-0.7202 -2.9526 -0.0400
-0.6886 -2.9733 -0.0400
-0.6677 -2.9964 -0.0400
-0.6530 -3.0212 -0.0400
-0.6428 -3.0475 -0.0400
-0.6371 -3.0754 -0.0400
-0.6532 -3.1123 -0.0400
-0.6744 -3.1524 -0.0400
-4.1995 -4.9629 -0.0400
-2.0971 -4.2074 -0.0400
-2.0686 -4.2601 -0.0400
-0.8428 -7.2102 -0.0400
-0.7000 -7.0644 -0.0400
-0.6240 -7.1038 -0.0400
-0.5602 -7.1848 -0.0400
0.5934 -5.1454 -0.0400
0.6414 -5.1306 -0.0400
0.6875 -5.1338 -0.0400
0.7338 -5.1321 -0.0400
0.7795 -5.1465 -0.0400
1.9149 -6.7297 -0.0400
1.9940 -6.7301 -0.0400
2.7252 -4.7994 -0.0400
2.7358 -4.7315 -0.0400
2.7284 -4.6454 -0.0400
2.7611 -4.6073 -0.0400
2.8100 -4.5869 -0.0400
6.0957 -0.3516 -0.0400
1.9400 -1.9662 -0.0400
1.8934 -1.9665 -0.0400
1.8740 -1.9538 -0.0400
1.8573 -1.9400 -0.0400
1.8431 -1.9250 -0.0400
1.8295 -1.9099 -0.0400
1.8199 -1.8924 -0.0400
1.8115 -1.8740 -0.0400
1.8101 -1.8508 -0.0400
1.8065 -1.8286 -0.0400
1.8198 -1.7935 -0.0400
1.8313 -1.7584 -0.0400
2.2218 0.2268 -0.0400
2.1684 0.2390 -0.0400
2.1241 0.2700 -0.0400
2.1184 0.3904 -0.0400
2.0749 0.4297 -0.0400
1.7433 3.4150 -0.0400
1.6316 3.3690 -0.0400
0.0262 3.0382 -0.0400
-0.0649 2.9883 -0.0400
-0.1642 2.9894 -0.0400
-0.8545 2.3152 -0.0400
-0.9030 2.1899 -0.0400
-0.9999 2.1965 -0.0400
-2.7346 1.0111 -0.0400
-2.7263 0.8824 -0.0400
-2.7302 0.7691 -0.0400
-2.7868 0.7058 -0.0400
-0.9542 -1.3994 -0.0400
-0.9349 -1.4537 -0.0400
-0.9401 -1.4925 -0.0400
-0.9028 -1.5536 -0.0400
-0.8912 -1.5989 -0.0400
-0.8775 -1.6441 -0.0400
-0.8792 -1.6808 -0.0400
-0.8913 -1.7122 -0.0400
-0.9104 -1.7405 -0.0400
-0.9445 -1.7629 -0.0400
-0.9477 -1.7983 -0.0400
-0.9426 -1.8363 -0.0400
-0.9529 -1.8683 -0.0400
-0.9668 -1.8991 -0.0400
-1.0046 -1.9225 -0.0400
-1.0533 -1.9438 -0.0400
-3.3217 -2.7039 -0.0400
-3.2269 -2.7710 -0.0400
-3.2333 -2.8434 -0.0400
-3.2801 -2.9204 -0.0400
-0.7363 -2.9530 -0.0400
-0.6967 -2.9713 -0.0400
-0.6723 -2.9933 -0.0400
-0.6524 -3.0163 -0.0400
-0.6455 -3.0435 -0.0400
-0.6435 -3.0726 -0.0400
-0.6480 -3.1046 -0.0400
-0.6634 -3.1419 -0.0400
-4.2083 -4.9539 -0.0400
-2.1590 -4.1628 -0.0400
-2.0997 -4.1982 -0.0400
-2.0765 -4.2539 -0.0400
-0.8141 -7.0819 -0.0400
-0.7179 -7.0645 -0.0400
-0.6408 -7.1006 -0.0400
-0.5804 -7.1925 -0.0400
0.5770 -5.1637 -0.0400
0.6264 -5.1360 -0.0400
0.6731 -5.1324 -0.0400
0.7193 -5.1329 -0.0400
0.7644 -5.1611 -0.0400
0.9144 -3.5886 -0.0400
0.9323 -3.5705 -0.0400
2.7117 -4.7241 -0.0400
2.7247 -4.6618 -0.0400
2.7528 -4.6182 -0.0400
2.7974 -4.5930 -0.0400
4.0502 -5.8164 -0.0400
4.1496 -5.8016 -0.0400
6.0846 -0.3630 -0.0400
1.9492 -1.9843 -0.0400
1.9162 -1.9767 -0.0400
1.8925 -1.9655 -0.0400
1.8728 -1.9527 -0.0400
1.8562 -1.9386 -0.0400
1.8399 -1.9247 -0.0400
1.8294 -1.9075 -0.0400
1.8203 -1.8895 -0.0400
1.8127 -1.8703 -0.0400
1.8142 -1.8449 -0.0400
1.8126 -1.8209 -0.0400
1.8146 -1.7937 -0.0400
2.2779 0.2271 -0.0400
2.2184 0.2289 -0.0400
2.1639 0.2390 -0.0400
2.1253 0.2827 -0.0400
2.1170 0.3975 -0.0400
2.0753 0.4414 -0.0400
1.7391 3.3947 -0.0400
1.6348 3.4022 -0.0400
0.0285 3.0074 -0.0400
-0.0683 2.9951 -0.0400
-0.1775 3.0488 -0.0400
-0.8287 2.2336 -0.0400
-0.9052 2.1872 -0.0400
-0.9990 2.1862 -0.0400
-2.7277 1.0027 -0.0400
-2.7265 0.8808 -0.0400
-2.7347 0.7716 -0.0400
-2.8165 0.7305 -0.0400
-0.9336 -1.4167 -0.0400
-0.9296 -1.4613 -0.0400
-0.9405 -1.4966 -0.0400
-0.8924 -1.5634 -0.0400
-0.8730 -1.6124 -0.0400
-0.8687 -1.6524 -0.0400
-0.8774 -1.6854 -0.0400
-0.8903 -1.7162 -0.0400
-0.9123 -1.7431 -0.0400
-0.9470 -1.7650 -0.0400
-0.9434 -1.8029 -0.0400
-0.9416 -1.8395 -0.0400
-0.9549 -1.8702 -0.0400
-0.9740 -1.8991 -0.0400
-1.0268 -1.9177 -0.0400
-3.2553 -1.2987 -0.0400
-3.2622 -2.6962 -0.0400
-3.2287 -2.7662 -0.0400
-3.2246 -2.8376 -0.0400
-3.2515 -2.9121 -0.0400
-0.7762 -2.9301 -0.0400
-0.7157 -2.9436 -0.0400
-0.6865 -2.9645 -0.0400
-0.6669 -2.9877 -0.0400
-0.6532 -3.0124 -0.0400
-0.6444 -3.0387 -0.0400
-0.6404 -3.0668 -0.0400
-0.6633 -3.1059 -0.0400
-4.2344 -4.9540 -0.0400
-2.1682 -4.1581 -0.0400
-2.1042 -4.1909 -0.0400
-2.0796 -4.2454 -0.0400
-0.9764 -7.2195 -0.0400
-0.8476 -7.1250 -0.0400
-0.7293 -7.0470 -0.0400
-0.6512 -7.0787 -0.0400
0.5653 -5.1385 -0.0400
0.6129 -5.1268 -0.0400
0.6589 -5.1303 -0.0400
0.7050 -5.1300 -0.0400
0.7507 -5.1414 -0.0400
0.9213 -3.5895 -0.0400
0.9380 -3.5622 -0.0400
0.9562 -3.5570 -0.0400
0.9747 -3.5556 -0.0400
2.7253 -4.7621 -0.0400
2.7116 -4.6678 -0.0400
2.7426 -4.6273 -0.0400
2.7957 -4.6111 -0.0400
4.0355 -5.8243 -0.0400
6.1270 -0.4603 -0.0400
1.9545 -1.9814 -0.0400
1.9185 -1.9750 -0.0400
1.8937 -1.9640 -0.0400
1.8662 -1.9551 -0.0400
1.8522 -1.9395 -0.0400
1.8400 -1.9231 -0.0400
1.8297 -1.9055 -0.0400
1.8209 -1.8871 -0.0400
1.8199 -1.8634 -0.0400
1.8173 -1.8403 -0.0400
1.8176 -1.8147 -0.0400
1.8233 -1.7845 -0.0400
2.2663 0.2125 -0.0400
2.2083 0.2169 -0.0400
2.1641 0.2480 -0.0400
2.1396 0.3228 -0.0400
2.1126 0.3967 -0.0400
2.0836 0.4712 -0.0400
1.7321 3.3552 -0.0400
1.6374 3.4294 -0.0400
0.1105 3.1160 -0.0400
0.0252 3.0142 -0.0400
-0.0697 2.9891 -0.0400
-0.1738 3.0165 -0.0400
-0.8256 2.2156 -0.0400
-0.9151 2.2049 -0.0400
-2.6855 1.0824 -0.0400
-2.7093 0.9825 -0.0400
-2.7028 0.8562 -0.0400
-2.7321 0.7671 -0.0400
-0.9284 -1.4250 -0.0400
-0.9245 -1.4693 -0.0400
-0.9119 -1.5175 -0.0400
-0.8737 -1.5783 -0.0400
-0.8658 -1.6208 -0.0400
-0.8668 -1.6578 -0.0400
-0.8772 -1.6898 -0.0400
-0.8946 -1.7183 -0.0400
-0.9210 -1.7431 -0.0400
-0.9344 -1.7739 -0.0400
-0.9365 -1.8091 -0.0400
-0.9397 -1.8435 -0.0400
-0.9571 -1.8725 -0.0400
-0.9767 -1.9011 -0.0400
-1.0306 -1.9192 -0.0400
-3.2363 -2.6909 -0.0400
-3.2253 -2.7617 -0.0400
-3.2422 -2.8345 -0.0400
-3.3181 -2.9139 -0.0400
-0.7301 -2.9447 -0.0400
-0.6939 -2.9636 -0.0400
-0.6633 -2.9832 -0.0400
-0.6529 -3.0087 -0.0400
-0.6472 -3.0359 -0.0400
-0.6467 -3.0652 -0.0400
-0.6535 -3.0977 -0.0400
-0.6752 -3.1372 -0.0400
-4.2122 -4.9314 -0.0400
-2.1927 -4.1624 -0.0400
-2.1122 -4.1861 -0.0400
-0.7439 -7.0395 -0.0400
-0.6710 -7.0866 -0.0400
-0.6103 -7.1759 -0.0400
0.5505 -5.1442 -0.0400
0.5987 -5.1277 -0.0400
0.6449 -5.1263 -0.0400
0.6907 -5.1311 -0.0400
0.7357 -5.1600 -0.0400
0.9091 -3.5905 -0.0400
0.9267 -3.5723 -0.0400
0.9444 -3.5619 -0.0400
0.9624 -3.5562 -0.0400
0.9815 -3.5593 -0.0400
1.0016 -3.5672 -0.0400
1.0241 -3.5871 -0.0400
2.7163 -4.7735 -0.0400
2.7013 -4.6773 -0.0400
2.7329 -4.6374 -0.0400
2.7742 -4.6084 -0.0400
4.0311 -5.8435 -0.0400
1.9760 -1.9959 -0.0400
1.9329 -1.9917 -0.0400
1.9065 -1.9808 -0.0400
1.8853 -1.9680 -0.0400
1.8676 -1.9539 -0.0400
1.8531 -1.9383 -0.0400
1.8406 -1.9218 -0.0400
1.8320 -1.9030 -0.0400
1.8254 -1.8829 -0.0400
1.8209 -1.8612 -0.0400
1.8189 -1.8374 -0.0400
1.8205 -1.8107 -0.0400
2.2619 0.2106 -0.0400
2.2053 0.2180 -0.0400
2.1659 0.2594 -0.0400
2.1575 0.3695 -0.0400
2.1211 0.4244 -0.0400
1.8424 3.3884 -0.0400
1.7314 3.3557 -0.0400
0.1187 3.0356 -0.0400
0.0248 3.0017 -0.0400
-0.0763 3.0156 -0.0400
-0.7626 2.2940 -0.0400
-0.8296 2.2174 -0.0400
-0.9144 2.1940 -0.0400
-1.0301 2.2492 -0.0400
-2.6756 1.0697 -0.0400
-2.6754 0.9464 -0.0400
-2.7111 0.8615 -0.0400
-2.7455 0.7769 -0.0400
-0.9359 -1.3831 -0.0400
-0.9196 -1.4361 -0.0400
-0.9261 -1.4739 -0.0400
-0.8948 -1.5327 -0.0400
-0.8686 -1.5864 -0.0400
-0.8555 -1.6313 -0.0400
-0.8642 -1.6641 -0.0400
-0.8767 -1.6948 -0.0400
-0.8973 -1.7217 -0.0400
-0.9260 -1.7453 -0.0400
-0.9307 -1.7796 -0.0400
-0.9308 -1.8153 -0.0400
-0.9410 -1.8468 -0.0400
-0.9624 -1.8743 -0.0400
-0.9851 -1.9017 -0.0400
-1.0567 -1.9141 -0.0400
-3.2875 -2.6175 -0.0400
-3.2389 -2.6874 -0.0400
-3.2240 -2.7578 -0.0400
-3.2338 -2.8298 -0.0400
-0.7584 -2.9204 -0.0400
-0.7109 -2.9369 -0.0400
-0.6841 -2.9581 -0.0400
-0.6657 -2.9812 -0.0400
-0.6530 -3.0058 -0.0400
-0.6450 -3.0320 -0.0400
-0.6551 -3.0649 -0.0400
-0.6690 -3.1002 -0.0400
-4.2137 -4.9209 -0.0400
-2.1562 -4.1340 -0.0400
-2.1079 -4.1749 -0.0400
0.5365 -5.1448 -0.0400
0.5847 -5.1278 -0.0400
0.6307 -5.1295 -0.0400
0.6768 -5.1277 -0.0400
0.7221 -5.1459 -0.0400
0.9146 -3.5730 -0.0400
0.9323 -3.5630 -0.0400
0.9503 -3.5574 -0.0400
0.9687 -3.5557 -0.0400
0.9878 -3.5577 -0.0400
1.0078 -3.5649 -0.0400
1.7957 -6.7831 -0.0400
2.6820 -4.7549 -0.0400
2.6928 -4.6894 -0.0400
2.7229 -4.6475 -0.0400
2.7641 -4.6183 -0.0400
4.0254 -5.8617 -0.0400
5.2062 -5.6083 -0.0400
6.1318 -0.4755 -0.0400
2.0044 -1.9844 -0.0400
1.9428 -1.9880 -0.0400
1.9124 -1.9786 -0.0400
1.8799 -1.9712 -0.0400
1.8649 -1.9555 -0.0400
1.8518 -1.9390 -0.0400
1.8411 -1.9212 -0.0400
1.8323 -1.9024 -0.0400
1.8255 -1.8821 -0.0400
1.8209 -1.8603 -0.0400
1.8333 -1.8266 -0.0400
1.8440 -1.7929 -0.0400
2.3248 0.2183 -0.0400
2.2542 0.2018 -0.0400
2.2041 0.2218 -0.0400
2.1658 0.2659 -0.0400
2.1555 0.3720 -0.0400
2.1181 0.4250 -0.0400
1.8341 3.3423 -0.0400
1.7315 3.3597 -0.0400
0.1158 3.0418 -0.0400
0.0226 3.0017 -0.0400
-0.0769 3.0064 -0.0400
-0.6944 2.3627 -0.0400
-0.7516 2.2507 -0.0400
-0.8327 2.2168 -0.0400
-0.9333 2.2362 -0.0400
-2.6823 1.0734 -0.0400
-2.6733 0.9412 -0.0400
-2.6824 0.8310 -0.0400
-0.9123 -1.4045 -0.0400
-0.9126 -1.4465 -0.0400
-0.8988 -1.4960 -0.0400
-0.8756 -1.5494 -0.0400
-0.8588 -1.5975 -0.0400
-0.8561 -1.6366 -0.0400
-0.8655 -1.6688 -0.0400
-0.8795 -1.6987 -0.0400
-0.9058 -1.7228 -0.0400
-0.9288 -1.7489 -0.0400
-0.9234 -1.7873 -0.0400
-0.9286 -1.8207 -0.0400
-0.9418 -1.8508 -0.0400
-0.9651 -1.8774 -0.0400
-1.0061 -1.8985 -0.0400
-3.2180 -1.2306 -0.0400
-3.2858 -2.6145 -0.0400
-3.2385 -2.6844 -0.0400
-3.2350 -2.7553 -0.0400
-3.2754 -2.8297 -0.0400
-0.6970 -2.9313 -0.0400
-0.6764 -2.9539 -0.0400
-0.6621 -2.9780 -0.0400
-0.6527 -3.0034 -0.0400
-0.6479 -3.0305 -0.0400
-0.6484 -3.0597 -0.0400
-0.6569 -3.0924 -0.0400
-0.6836 -3.1334 -0.0400
-4.2908 -4.8383 -0.0400
-2.1704 -4.1339 -0.0400
-2.1108 -4.1685 -0.0400
0.5233 -5.1401 -0.0400
0.5712 -5.1251 -0.0400
0.6170 -5.1281 -0.0400
0.6631 -5.1256 -0.0400
0.7084 -5.1401 -0.0400
0.9037 -3.5869 -0.0400
0.9211 -3.5713 -0.0400
0.9387 -3.5617 -0.0400
0.9567 -3.5571 -0.0400
0.9757 -3.5592 -0.0400
0.9957 -3.5663 -0.0400
1.0181 -3.5842 -0.0400
1.8490 -6.7508 -0.0400
2.6939 -4.8749 -0.0400
2.6849 -4.7813 -0.0400
2.6871 -4.7049 -0.0400
2.7132 -4.6583 -0.0400
2.7675 -4.6431 -0.0400
4.0144 -5.8747 -0.0400
5.2069 -5.6298 -0.0400
5.2524 -5.5467 -0.0400
5.3513 -5.4989 -0.0400
6.1551 -0.4761 -0.0400
1.9670 -2.0028 -0.0400
1.9298 -1.9955 -0.0400
1.9046 -1.9837 -0.0400
1.8840 -1.9701 -0.0400
1.8676 -1.9549 -0.0400
1.8538 -1.9385 -0.0400
1.8432 -1.9204 -0.0400
1.8362 -1.9002 -0.0400
1.8315 -1.8784 -0.0400
1.8297 -1.8544 -0.0400
1.8317 -1.8273 -0.0400
1.8417 -1.7939 -0.0400
2.3206 0.2149 -0.0400
2.2517 0.2019 -0.0400
2.2044 0.2278 -0.0400
2.1745 0.2893 -0.0400
2.1598 0.3872 -0.0400
2.1386 0.4774 -0.0400
1.8336 3.3402 -0.0400
0.1138 3.0425 -0.0400
0.0183 3.0175 -0.0400
-0.0941 3.1006 -0.0400
-0.7577 2.2593 -0.0400
-0.8346 2.2127 -0.0400
-2.6211 1.0071 -0.0400
-2.6525 0.9171 -0.0400
-2.6804 0.8256 -0.0400
-2.7683 0.7918 -0.0400
-0.9319 -1.3552 -0.0400
-0.9044 -1.4163 -0.0400
-0.9127 -1.4531 -0.0400
-0.8959 -1.5043 -0.0400
-0.8545 -1.5678 -0.0400
-0.8467 -1.6103 -0.0400
-0.8534 -1.6440 -0.0400
-0.8667 -1.6741 -0.0400
-0.8849 -1.7017 -0.0400
-0.9106 -1.7261 -0.0400
-0.9253 -1.7557 -0.0400
-0.9222 -1.7929 -0.0400
-0.9293 -1.8254 -0.0400
-0.9474 -1.8535 -0.0400
-0.9749 -1.8785 -0.0400
-1.0260 -1.8961 -0.0400
-3.2254 -1.2288 -0.0400
-3.2729 -2.6118 -0.0400
-3.2254 -2.6814 -0.0400
-3.2350 -2.7527 -0.0400
-3.2746 -2.8267 -0.0400
-0.7386 -2.9127 -0.0400
-0.7023 -2.9317 -0.0400
-0.6794 -2.9535 -0.0400
-0.6631 -2.9768 -0.0400
-0.6540 -3.0021 -0.0400
-0.6527 -3.0302 -0.0400
-0.6577 -3.0609 -0.0400
-0.6739 -3.0966 -0.0400
-4.2185 -4.9026 -0.0400
-2.1502 -4.1159 -0.0400
-2.1168 -4.1646 -0.0400
0.5072 -5.1634 -0.0400
0.5582 -5.1196 -0.0400
0.6041 -5.1197 -0.0400
0.6496 -5.1244 -0.0400
0.6947 -5.1391 -0.0400
0.8938 -3.6111 -0.0400
0.9091 -3.5706 -0.0400
0.9268 -3.5622 -0.0400
0.9447 -3.5575 -0.0400
0.9631 -3.5560 -0.0400
0.9821 -3.5582 -0.0400
1.0063 -3.5869 -0.0400
1.7624 -6.7918 -0.0400
1.8307 -6.7482 -0.0400
1.9124 -6.7596 -0.0400
2.6847 -4.8043 -0.0400
2.6682 -4.7053 -0.0400
2.7027 -4.6684 -0.0400
2.7502 -4.6459 -0.0400
2.8326 -4.6591 -0.0400
5.1854 -5.6359 -0.0400
5.2408 -5.5597 -0.0400
6.1440 -0.4904 -0.0400
1.9919 -1.9941 -0.0400
1.9215 -2.0015 -0.0400
1.8993 -1.9881 -0.0400
1.8810 -1.9733 -0.0400
1.8664 -1.9570 -0.0400
1.8540 -1.9396 -0.0400
1.8440 -1.9210 -0.0400
1.8361 -1.9011 -0.0400
1.8305 -1.8797 -0.0400
1.8406 -1.8478 -0.0400
1.8487 -1.8162 -0.0400
1.8906 -1.7600 -0.0400
2.3880 0.2250 -0.0400
2.3093 0.1978 -0.0400
2.2492 0.2009 -0.0400
2.2103 0.2434 -0.0400
2.1773 0.2997 -0.0400
2.1624 0.3976 -0.0400
1.8332 3.3369 -0.0400
0.1960 3.1820 -0.0400
0.1156 3.0139 -0.0400
0.0163 3.0191 -0.0400
-0.0963 3.1037 -0.0400
-0.6801 2.2960 -0.0400
-0.7545 2.2396 -0.0400
-0.8436 2.2292 -0.0400
-2.6194 1.1271 -0.0400
-2.6213 1.0034 -0.0400
-2.6390 0.8997 -0.0400
-2.6847 0.8260 -0.0400
-0.8975 -1.3855 -0.0400
-0.9040 -1.4238 -0.0400
-0.9153 -1.4584 -0.0400
-0.8693 -1.5270 -0.0400
-0.8458 -1.5796 -0.0400
-0.8438 -1.6185 -0.0400
-0.8559 -1.6492 -0.0400
-0.8710 -1.6782 -0.0400
-0.8948 -1.7030 -0.0400
-0.9171 -1.7289 -0.0400
-0.9185 -1.7644 -0.0400
-0.9203 -1.7993 -0.0400
-0.9314 -1.8299 -0.0400
-0.9512 -1.8573 -0.0400
-0.9818 -1.8810 -0.0400
-3.1740 -1.1692 -0.0400
-3.3233 -2.5390 -0.0400
-3.2541 -2.6096 -0.0400
-3.2254 -2.6794 -0.0400
-3.2401 -2.7508 -0.0400
-3.2878 -2.8253 -0.0400
-0.7134 -2.9059 -0.0400
-0.6889 -2.9275 -0.0400
-0.6719 -2.9506 -0.0400
-0.6598 -2.9749 -0.0400
-0.6522 -3.0004 -0.0400
-0.6490 -3.0276 -0.0400
-0.6512 -3.0570 -0.0400
-0.7115 -3.1095 -0.0400
-4.2788 -4.8140 -0.0400
-2.1678 -4.1189 -0.0400
0.4970 -5.1369 -0.0400
0.5447 -5.1229 -0.0400
0.5908 -5.1198 -0.0400
0.6363 -5.1235 -0.0400
0.6810 -5.1436 -0.0400
0.8811 -3.5988 -0.0400
0.8982 -3.5792 -0.0400
0.9156 -3.5675 -0.0400
0.9332 -3.5602 -0.0400
0.9514 -3.5579 -0.0400
0.9705 -3.5607 -0.0400
0.9907 -3.5685 -0.0400
1.0137 -3.5882 -0.0400
1.8155 -6.7580 -0.0400
2.6755 -4.9000 -0.0400
2.6625 -4.8009 -0.0400
2.6645 -4.7238 -0.0400
2.6916 -4.6782 -0.0400
2.7333 -4.6492 -0.0400
4.0485 -5.9607 -0.0400
5.2065 -5.6727 -0.0400
5.2442 -5.5834 -0.0400
1.9664 -2.0084 -0.0400
1.9310 -1.9998 -0.0400
1.9064 -1.9872 -0.0400
1.8861 -1.9731 -0.0400
1.8665 -1.9590 -0.0400
1.8556 -1.9407 -0.0400
1.8470 -1.9210 -0.0400
1.8407 -1.8999 -0.0400
1.8371 -1.8769 -0.0400
1.8370 -1.8513 -0.0400
1.8423 -1.8214 -0.0400
1.8617 -1.7810 -0.0400
2.3784 0.2103 -0.0400
2.3060 0.1943 -0.0400
2.2493 0.2039 -0.0400
2.2171 0.2598 -0.0400
2.2033 0.3562 -0.0400
2.1737 0.4254 -0.0400
1.9387 3.3306 -0.0400
1.8366 3.3528 -0.0400
0.2099 3.0360 -0.0400
0.1139 3.0141 -0.0400
0.0134 3.0281 -0.0400
-0.6858 2.3046 -0.0400
-0.7579 2.2404 -0.0400
-0.8751 2.3116 -0.0400
-2.6219 1.1256 -0.0400
-2.6239 1.0019 -0.0400
-2.6381 0.8947 -0.0400
-0.9103 -1.3409 -0.0400
-0.8874 -1.3999 -0.0400
-0.9005 -1.4335 -0.0400
-0.9191 -1.4634 -0.0400
-0.8416 -1.5509 -0.0400
-0.8432 -1.5883 -0.0400
-0.8445 -1.6252 -0.0400
-0.8575 -1.6552 -0.0400
-0.8768 -1.6820 -0.0400
-0.9080 -1.7031 -0.0400
-0.9178 -1.7349 -0.0400
-0.9123 -1.7733 -0.0400
-0.9206 -1.8051 -0.0400
-0.9398 -1.8324 -0.0400
-0.9598 -1.8596 -0.0400
-1.0016 -1.8793 -0.0400
-3.1752 -1.1704 -0.0400
-3.2693 -2.5377 -0.0400
-3.2359 -2.6080 -0.0400
-3.2232 -2.6780 -0.0400
-3.2543 -2.7500 -0.0400
-3.3460 -2.8277 -0.0400
-0.7550 -2.8881 -0.0400
-0.7143 -2.9064 -0.0400
-0.6895 -2.9277 -0.0400
-0.6720 -2.9505 -0.0400
-0.6590 -2.9743 -0.0400
-0.6550 -3.0009 -0.0400
-0.6558 -3.0293 -0.0400
-0.6637 -3.0607 -0.0400
-0.6864 -3.0985 -0.0400
-4.2684 -4.8009 -0.0400
-2.2214 -4.0747 -0.0400
-2.1488 -4.1029 -0.0400
-2.1250 -4.1564 -0.0400
0.5781 -5.1159 -0.0400
0.6234 -5.1206 -0.0400
0.6684 -5.1314 -0.0400
0.8713 -3.6206 -0.0400
0.8875 -3.5880 -0.0400
0.9047 -3.5736 -0.0400
0.9215 -3.5604 -0.0400
0.9395 -3.5575 -0.0400
0.9580 -3.5575 -0.0400
0.9773 -3.5609 -0.0400
1.0037 -3.5988 -0.0400
1.7261 -6.7849 -0.0400
1.7975 -6.7553 -0.0400
1.8815 -6.7766 -0.0400
2.6337 -4.8637 -0.0400
2.6128 -4.7563 -0.0400
2.6473 -4.7189 -0.0400
2.6962 -4.6982 -0.0400
3.9313 -5.9728 -0.0400
5.1437 -5.7592 -0.0400
5.1944 -5.6787 -0.0400
6.2458 -0.6858 -0.0400
1.9629 -2.0367 -0.0400
1.9357 -2.0241 -0.0400
1.9142 -2.0097 -0.0400
1.8965 -1.9940 -0.0400
1.8825 -1.9768 -0.0400
1.8705 -1.9587 -0.0400
1.8611 -1.9393 -0.0400
1.8601 -1.9151 -0.0400
1.8592 -1.8903 -0.0400
1.8627 -1.8624 -0.0400
1.8758 -1.8276 -0.0400
2.4053 0.1481 -0.0400
2.3481 0.1588 -0.0400
2.2988 0.1824 -0.0400
2.2718 0.2470 -0.0400
2.2566 0.3381 -0.0400
2.2400 0.4321 -0.0400
2.0399 3.3008 -0.0400
1.9438 3.3531 -0.0400
0.3047 3.0665 -0.0400
0.2094 3.0322 -0.0400
0.1067 3.0661 -0.0400
-0.5924 2.2924 -0.0400
-0.6782 2.2732 -0.0400
-0.7838 2.3143 -0.0400
-2.5591 1.1836 -0.0400
-2.5205 1.0139 -0.0400
-2.5701 0.9432 -0.0400
-0.8680 -1.3323 -0.0400
-0.8710 -1.3738 -0.0400
-0.8815 -1.4093 -0.0400
-0.8318 -1.4834 -0.0400
-0.8090 -1.5373 -0.0400
-0.8164 -1.5711 -0.0400
-0.8283 -1.6019 -0.0400
-0.8446 -1.6300 -0.0400
-0.8638 -1.6566 -0.0400
-0.8959 -1.6769 -0.0400
-0.8940 -1.7144 -0.0400
-0.8948 -1.7500 -0.0400
-0.9085 -1.7793 -0.0400
-0.9276 -1.8064 -0.0400
-0.9649 -1.8263 -0.0400
-3.1178 -1.0369 -0.0400
-3.2031 -1.0836 -0.0400
-3.2661 -2.4664 -0.0400
-3.2224 -2.5371 -0.0400
-3.2244 -2.6072 -0.0400
-3.2920 -2.6799 -0.0400
-0.7513 -2.8596 -0.0400
-0.7149 -2.8793 -0.0400
-0.6816 -2.8986 -0.0400
-0.6699 -2.9227 -0.0400
-0.6620 -2.9479 -0.0400
-0.6580 -2.9741 -0.0400
-0.6583 -3.0019 -0.0400
-0.6913 -3.0415 -0.0400
-4.3012 -4.7044 -0.0400
-2.2148 -4.0023 -0.0400
-2.1688 -4.0443 -0.0400
0.8619 -3.5957 -0.0400
0.8791 -3.5788 -0.0400
0.8959 -3.5632 -0.0400
0.9137 -3.5591 -0.0400
0.9318 -3.5576 -0.0400
0.9517 -3.5667 -0.0400
0.9726 -3.5784 -0.0400
1.6417 -6.8088 -0.0400
1.7116 -6.7711 -0.0400
2.6126 -4.7796 -0.0400
2.6366 -4.7294 -0.0400
2.6767 -4.6987 -0.0400
5.1086 -5.7559 -0.0400
5.1869 -5.6956 -0.0400
1.9772 -2.0349 -0.0400
1.9451 -2.0240 -0.0400
1.9214 -2.0102 -0.0400
1.8961 -1.9978 -0.0400
1.8832 -1.9799 -0.0400
1.8728 -1.9607 -0.0400
1.8647 -1.9404 -0.0400
1.8591 -1.9185 -0.0400
1.8564 -1.8947 -0.0400
1.8575 -1.8681 -0.0400
1.9093 -1.8085 -0.0400
2.4166 0.1666 -0.0400
2.3463 0.1562 -0.0400
2.3026 0.1897 -0.0400
2.3067 0.3127 -0.0400
2.2669 0.3591 -0.0400
2.2424 0.4381 -0.0400
2.0412 3.3000 -0.0400
0.4011 3.0852 -0.0400
0.3059 3.0405 -0.0400
0.2061 3.0537 -0.0400
0.0947 3.1580 -0.0400
-0.5190 2.3479 -0.0400
-0.5947 2.2909 -0.0400
-0.6811 2.2731 -0.0400
-0.7861 2.3126 -0.0400
-2.4977 1.2414 -0.0400
-2.5080 1.1220 -0.0400
-2.5352 1.0249 -0.0400
-2.5714 0.9398 -0.0400
-0.8684 -1.2961 -0.0400
-0.8614 -1.3457 -0.0400
-0.8657 -1.3860 -0.0400
-0.8301 -1.4523 -0.0400
-0.8165 -1.5015 -0.0400
-0.8157 -1.5412 -0.0400
-0.8157 -1.5795 -0.0400
-0.8293 -1.6091 -0.0400
-0.8520 -1.6335 -0.0400
-0.8789 -1.6560 -0.0400
-0.8941 -1.6850 -0.0400
-0.8865 -1.7252 -0.0400
-0.8961 -1.7563 -0.0400
-0.9148 -1.7833 -0.0400
-0.9363 -1.8093 -0.0400
-0.9882 -1.8233 -0.0400
-3.1279 -1.0355 -0.0400
-3.1939 -1.0893 -0.0400
-3.2514 -2.4665 -0.0400
-3.2203 -2.5369 -0.0400
-3.2246 -2.6069 -0.0400
-3.2875 -2.6791 -0.0400
-0.7387 -2.8584 -0.0400
-0.6940 -2.8758 -0.0400
-0.6792 -2.8992 -0.0400
-0.6683 -2.9234 -0.0400
-0.6609 -2.9484 -0.0400
-0.6650 -2.9769 -0.0400
-0.6712 -3.0066 -0.0400
-0.6869 -3.0402 -0.0400
-4.3576 -4.6160 -0.0400
-2.2267 -4.0039 -0.0400
-2.1698 -4.0405 -0.0400
-2.1624 -4.1021 -0.0400
0.8683 -3.5821 -0.0400
0.8855 -3.5709 -0.0400
0.9025 -3.5604 -0.0400
0.9204 -3.5578 -0.0400
0.9396 -3.5633 -0.0400
0.9594 -3.5704 -0.0400
0.9815 -3.5868 -0.0400
1.6986 -6.7890 -0.0400
2.7435 -4.7195 -0.0400
5.0944 -5.8876 -0.0400
5.1010 -5.7730 -0.0400
5.1724 -5.7078 -0.0400
6.2272 -0.7165 -0.0400
1.9636 -2.0454 -0.0400
1.9381 -2.0317 -0.0400
1.9175 -2.0164 -0.0400
1.9006 -1.9998 -0.0400
1.8869 -1.9820 -0.0400
1.8751 -1.9634 -0.0400
1.8696 -1.9414 -0.0400
1.8656 -1.9183 -0.0400
1.8651 -1.8929 -0.0400
1.8694 -1.8640 -0.0400
1.8850 -1.8272 -0.0400
2.4113 0.1568 -0.0400
2.3482 0.1586 -0.0400
2.3083 0.1994 -0.0400
2.2866 0.2751 -0.0400
2.2805 0.3852 -0.0400
2.0435 3.3015 -0.0400
0.4010 3.0776 -0.0400
0.3055 3.0361 -0.0400
0.2056 3.0502 -0.0400
-0.5175 2.3330 -0.0400
-0.5965 2.2881 -0.0400
-0.6853 2.2783 -0.0400
-2.5076 1.2482 -0.0400
-2.5038 1.1124 -0.0400
-2.5116 0.9946 -0.0400
-0.8616 -1.3103 -0.0400
-0.8507 -1.3624 -0.0400
-0.8697 -1.3918 -0.0400
-0.8159 -1.4706 -0.0400
-0.8092 -1.5148 -0.0400
-0.8043 -1.5568 -0.0400
-0.8173 -1.5868 -0.0400
-0.8348 -1.6140 -0.0400
-0.8547 -1.6399 -0.0400
-0.8840 -1.6610 -0.0400
-0.8823 -1.6986 -0.0400
-0.8852 -1.7333 -0.0400
-0.9000 -1.7618 -0.0400
-0.9191 -1.7885 -0.0400
-0.9615 -1.8055 -0.0400
-1.0126 -1.8201 -0.0400
-3.1392 -1.0341 -0.0400
-3.3098 -2.3944 -0.0400
-3.2314 -2.4672 -0.0400
-3.2202 -2.5372 -0.0400
-3.2306 -2.6071 -0.0400
-3.3174 -2.6799 -0.0400
-0.7601 -2.8372 -0.0400
-0.7231 -2.8571 -0.0400
-0.6885 -2.8765 -0.0400
-0.6757 -2.9001 -0.0400
-0.6664 -2.9245 -0.0400
-0.6642 -2.9508 -0.0400
-0.6653 -2.9783 -0.0400
-0.6719 -3.0079 -0.0400
-0.6878 -3.0413 -0.0400
-4.3737 -4.6163 -0.0400
-4.3148 -4.6966 -0.0400
-2.2697 -3.9562 -0.0400
-2.2012 -3.9879 -0.0400
-2.1758 -4.0398 -0.0400
-2.3151 -7.6834 -0.0400
0.8588 -3.5977 -0.0400
0.8747 -3.5722 -0.0400
0.8920 -3.5645 -0.0400
0.9094 -3.5587 -0.0400
0.9275 -3.5578 -0.0400
0.9474 -3.5671 -0.0400
0.9681 -3.5777 -0.0400
1.6826 -6.7925 -0.0400
5.1491 -5.7214 -0.0400
6.1969 -0.6377 -0.0400
2.0060 -2.0352 -0.0400
1.9612 -2.0287 -0.0400
1.9339 -2.0158 -0.0400
1.9118 -2.0011 -0.0400
1.8883 -1.9877 -0.0400
1.8758 -1.9692 -0.0400
1.8655 -1.9496 -0.0400
1.8573 -1.9288 -0.0400
1.8516 -1.9064 -0.0400
1.8487 -1.8820 -0.0400
1.8705 -1.8415 -0.0400
2.3498 0.1586 -0.0400
2.3017 0.1855 -0.0400
2.2638 0.2310 -0.0400
2.2573 0.3384 -0.0400
2.2548 0.4612 -0.0400
2.0476 3.3057 -0.0400
1.9437 3.3213 -0.0400
0.3039 3.0491 -0.0400
0.2070 3.0296 -0.0400
0.1059 3.0496 -0.0400
-0.6011 2.2932 -0.0400
-0.6841 2.2634 -0.0400
-2.5493 1.1569 -0.0400
-2.5694 1.0506 -0.0400
-2.5784 0.9358 -0.0400
-2.6568 0.8950 -0.0400
-0.8631 -1.3214 -0.0400
-0.8644 -1.3645 -0.0400
-0.8767 -1.3988 -0.0400
-0.8617 -1.4513 -0.0400
-0.8311 -1.5123 -0.0400
-0.8138 -1.5624 -0.0400
-0.8250 -1.5935 -0.0400
-0.8391 -1.6227 -0.0400
-0.8589 -1.6485 -0.0400
-0.8946 -1.6660 -0.0400
-0.8918 -1.7043 -0.0400
-0.8960 -1.7383 -0.0400
-0.9043 -1.7699 -0.0400
-0.9237 -1.7964 -0.0400
-0.9476 -1.8211 -0.0400
-1.0250 -1.8244 -0.0400
-3.1263 -1.0434 -0.0400
-3.1688 -1.1053 -0.0400
-3.2813 -2.4674 -0.0400
-3.2294 -2.5382 -0.0400
-3.2219 -2.6078 -0.0400
-3.2523 -2.6783 -0.0400
-0.7288 -2.8619 -0.0400
-0.7047 -2.8836 -0.0400
-0.6867 -2.9061 -0.0400
-0.6687 -2.9281 -0.0400
-0.6609 -2.9526 -0.0400
-0.6613 -2.9796 -0.0400
-0.6633 -3.0074 -0.0400
-0.6709 -3.0375 -0.0400
-4.3427 -4.7008 -0.0400
-2.1853 -4.0406 -0.0400
-2.1486 -4.0864 -0.0400
-2.2412 -7.7308 -0.0400
0.8796 -3.5795 -0.0400
0.8959 -3.5649 -0.0400
0.9132 -3.5597 -0.0400
0.9310 -3.5580 -0.0400
0.9494 -3.5586 -0.0400
0.9709 -3.5735 -0.0400
0.9947 -3.5947 -0.0400
5.0603 -5.9085 -0.0400
5.0812 -5.8047 -0.0400
5.1733 -5.7542 -0.0400
6.3051 -0.8248 -0.0400
6.2420 -0.7383 -0.0400
2.0299 -2.0555 -0.0400
1.9808 -2.0497 -0.0400
1.9519 -2.0367 -0.0400
1.9199 -2.0259 -0.0400
1.9048 -2.0081 -0.0400
1.8918 -1.9896 -0.0400
1.8808 -1.9701 -0.0400
1.8765 -1.9470 -0.0400
1.8729 -1.9232 -0.0400
1.8729 -1.8971 -0.0400
1.8782 -1.8671 -0.0400
1.8964 -1.8281 -0.0400
2.4619 0.1272 -0.0400
2.4008 0.1342 -0.0400
2.3530 0.1620 -0.0400
2.3175 0.2114 -0.0400
2.3250 0.3416 -0.0400
0.4984 3.1058 -0.0400
0.4029 3.0425 -0.0400
0.3048 3.0377 -0.0400
0.1994 3.1074 -0.0400
-0.4500 2.4127 -0.0400
-0.5159 2.3102 -0.0400
-0.6044 2.3001 -0.0400
-0.7066 2.3342 -0.0400
-2.4365 1.2897 -0.0400
-2.4462 1.1669 -0.0400
-2.4636 1.0572 -0.0400
-2.5236 0.9975 -0.0400
-0.8420 -1.2992 -0.0400
-0.8447 -1.3417 -0.0400
-0.8583 -1.3752 -0.0400
-0.7912 -1.4655 -0.0400
-0.7895 -1.5067 -0.0400
-0.7967 -1.5409 -0.0400
-0.8088 -1.5715 -0.0400
-0.8256 -1.5990 -0.0400
-0.8567 -1.6181 -0.0400
-0.8725 -1.6465 -0.0400
-0.8720 -1.6837 -0.0400
-0.8792 -1.7162 -0.0400
-0.8945 -1.7444 -0.0400
-0.9177 -1.7689 -0.0400
-0.9491 -1.7901 -0.0400
-0.9991 -1.8039 -0.0400
-3.1058 -0.9755 -0.0400
-3.2046 -1.0152 -0.0400
-3.2396 -2.3994 -0.0400
-3.2173 -2.4697 -0.0400
-3.2238 -2.5391 -0.0400
-3.2662 -2.6091 -0.0400
-0.7256 -2.8366 -0.0400
-0.6935 -2.8567 -0.0400
-0.6809 -2.8802 -0.0400
-0.6694 -2.9038 -0.0400
-0.6644 -2.9289 -0.0400
-0.6619 -2.9547 -0.0400
-0.6748 -2.9854 -0.0400
-0.6865 -3.0164 -0.0400
-4.3499 -4.5961 -0.0400
-2.1958 -3.9802 -0.0400
-1.1149 -6.9289 -0.0400
-1.0250 -6.9284 -0.0400
-0.9507 -6.9651 -0.0400
0.9058 -3.5581 -0.0400
0.9244 -3.5611 -0.0400
0.9433 -3.5647 -0.0400
0.9680 -3.5946 -0.0400
1.7384 -6.8387 -0.0400
2.5735 -4.8854 -0.0400
5.0753 -5.8236 -0.0400
2.0340 -2.0607 -0.0400
1.9855 -2.0543 -0.0400
1.9433 -2.0468 -0.0400
1.9244 -2.0301 -0.0400
1.9089 -2.0123 -0.0400
1.8955 -1.9936 -0.0400
1.8851 -1.9736 -0.0400
1.8780 -1.9518 -0.0400
1.8733 -1.9285 -0.0400
1.8717 -1.9031 -0.0400
1.8981 -1.8603 -0.0400
2.4700 0.1353 -0.0400
2.4048 0.1366 -0.0400
2.3662 0.1803 -0.0400
2.3641 0.2894 -0.0400
2.3274 0.3420 -0.0400
0.5002 3.0767 -0.0400
0.4034 3.0414 -0.0400
0.3028 3.0678 -0.0400
-0.4357 2.3466 -0.0400
-0.5175 2.3097 -0.0400
-0.6174 2.3406 -0.0400
-2.4412 1.2904 -0.0400
-2.4540 1.1708 -0.0400
-2.4824 1.0732 -0.0400
-0.8245 -1.2775 -0.0400
-0.8277 -1.3202 -0.0400
-0.8419 -1.3534 -0.0400
-0.8116 -1.4191 -0.0400
-0.7933 -1.4735 -0.0400
-0.7917 -1.5145 -0.0400
-0.8001 -1.5479 -0.0400
-0.8134 -1.5777 -0.0400
-0.8344 -1.6026 -0.0400
-0.8641 -1.6225 -0.0400
-0.8701 -1.6565 -0.0400
-0.8722 -1.6921 -0.0400
-0.8809 -1.7237 -0.0400
-0.9011 -1.7494 -0.0400
-0.9279 -1.7721 -0.0400
-0.9660 -1.7903 -0.0400
-3.0733 -0.9142 -0.0400
-3.1234 -0.9721 -0.0400
-3.2400 -2.4012 -0.0400
-3.2162 -2.4714 -0.0400
-3.2254 -2.5406 -0.0400
-3.3449 -2.6114 -0.0400
-0.7671 -2.8210 -0.0400
-0.7138 -2.8381 -0.0400
-0.6884 -2.8593 -0.0400
-0.6773 -2.8830 -0.0400
-0.6678 -2.9068 -0.0400
-0.6671 -2.9328 -0.0400
-0.6675 -2.9594 -0.0400
-0.6883 -2.9923 -0.0400
-0.7123 -3.0273 -0.0400
-2.2292 -3.9312 -0.0400
-2.1960 -3.9787 -0.0400
-2.4371 -7.6127 -0.0400
-1.2650 -7.0334 -0.0400
-1.1239 -6.9212 -0.0400
-1.0360 -6.9254 -0.0400
-0.9641 -6.9678 -0.0400
0.9535 -3.5770 -0.0400
2.5873 -4.9275 -0.0400
2.5592 -4.8094 -0.0400
2.5899 -4.7673 -0.0400
2.6353 -4.7428 -0.0400
5.1559 -5.7881 -0.0400
1.9466 -2.0523 -0.0400
1.9280 -2.0353 -0.0400
1.9126 -2.0172 -0.0400
1.8976 -1.9991 -0.0400
1.8882 -1.9784 -0.0400
1.8806 -1.9567 -0.0400
1.8752 -1.9336 -0.0400
1.8852 -1.9012 -0.0400
1.8930 -1.8692 -0.0400
1.9264 -1.8201 -0.0400
2.5353 0.1263 -0.0400
2.4577 0.1106 -0.0400
2.4049 0.1313 -0.0400
2.3654 0.1738 -0.0400
2.3660 0.2875 -0.0400
2.3274 0.3371 -0.0400
0.5013 3.0728 -0.0400
0.4041 3.0419 -0.0400
0.3037 3.0641 -0.0400
-0.4349 2.3376 -0.0400
-0.5190 2.3099 -0.0400
-0.6220 2.3518 -0.0400
-2.3809 1.3502 -0.0400
-2.3995 1.2349 -0.0400
-2.4486 1.1595 -0.0400
-2.4591 1.0418 -0.0400
-0.8305 -1.2825 -0.0400
-0.8328 -1.3260 -0.0400
-0.8466 -1.3595 -0.0400
-0.7779 -1.4537 -0.0400
-0.7767 -1.4949 -0.0400
-0.7860 -1.5279 -0.0400
-0.7989 -1.5581 -0.0400
-0.8180 -1.5839 -0.0400
-0.8400 -1.6082 -0.0400
-0.8701 -1.6279 -0.0400
-0.8587 -1.6717 -0.0400
-0.8690 -1.7025 -0.0400
-0.8849 -1.7302 -0.0400
-0.9072 -1.7547 -0.0400
-0.9384 -1.7754 -0.0400
-3.0574 -0.8458 -0.0400
-3.0770 -0.9168 -0.0400
-3.1416 -0.9687 -0.0400
-3.2610 -2.3324 -0.0400
-3.2172 -2.4043 -0.0400
-3.2150 -2.4736 -0.0400
-3.2364 -2.5425 -0.0400
-3.3393 -2.6130 -0.0400
-0.7304 -2.8191 -0.0400
-0.6998 -2.8398 -0.0400
-0.6818 -2.8621 -0.0400
-0.6732 -2.8861 -0.0400
-0.6666 -2.9104 -0.0400
-0.6680 -2.9368 -0.0400
-0.6689 -2.9633 -0.0400
-0.6903 -2.9963 -0.0400
-4.4074 -4.5072 -0.0400
-4.3387 -4.5834 -0.0400
-2.2213 -3.9267 -0.0400
-2.1991 -3.9791 -0.0400
-2.4552 -7.6210 -0.0400
-1.2774 -7.0347 -0.0400
-1.1352 -6.9207 -0.0400
-1.0463 -6.9221 -0.0400
-0.9988 -7.0270 -0.0400
2.5544 -4.9098 -0.0400
2.5618 -4.8364 -0.0400
2.5816 -4.7807 -0.0400
2.6176 -4.7452 -0.0400
1.9012 -2.0044 -0.0400
1.8918 -1.9835 -0.0400
1.8840 -1.9617 -0.0400
1.8862 -1.9341 -0.0400
1.8865 -1.9071 -0.0400
1.8924 -1.8761 -0.0400
1.9130 -1.8350 -0.0400
2.4672 0.1188 -0.0400
2.4125 0.1374 -0.0400
2.3902 0.2092 -0.0400
2.3769 0.3003 -0.0400
2.3602 0.3904 -0.0400
0.5033 3.0588 -0.0400
0.4049 3.0491 -0.0400
0.3008 3.1185 -0.0400
-0.3576 2.3937 -0.0400
-0.4366 2.3408 -0.0400
-0.5217 2.3164 -0.0400
-2.3872 1.3535 -0.0400
-2.4082 1.2407 -0.0400
-2.4489 1.1550 -0.0400
-2.4831 1.0640 -0.0400
-0.8141 -1.2599 -0.0400
-0.8161 -1.3043 -0.0400
-0.8300 -1.3381 -0.0400
-0.8026 -1.4031 -0.0400
-0.7829 -1.4598 -0.0400
-0.7813 -1.5013 -0.0400
-0.7905 -1.5344 -0.0400
-0.8049 -1.5635 -0.0400
-0.8278 -1.5870 -0.0400
-0.8583 -1.6061 -0.0400
-0.8563 -1.6451 -0.0400
-0.8617 -1.6790 -0.0400
-0.8728 -1.7093 -0.0400
-0.8896 -1.7365 -0.0400
-0.9329 -1.7505 -0.0400
-0.9942 -1.7571 -0.0400
-3.0588 -0.8497 -0.0400
-3.0800 -0.9199 -0.0400
-3.1565 -0.9668 -0.0400
-3.2342 -2.3367 -0.0400
-3.2183 -2.4069 -0.0400
-3.2208 -2.4759 -0.0400
-3.2757 -2.5445 -0.0400
-0.7560 -2.8017 -0.0400
-0.7161 -2.8216 -0.0400
-0.6932 -2.8433 -0.0400
-0.6784 -2.8661 -0.0400
-0.6698 -2.8898 -0.0400
-0.6674 -2.9150 -0.0400
-0.6722 -2.9421 -0.0400
-0.6753 -2.9692 -0.0400
-0.7036 -3.0041 -0.0400
-4.3703 -4.4902 -0.0400
-2.2928 -3.8958 -0.0400
-2.2329 -3.9318 -0.0400
-2.2152 -3.9864 -0.0400
-2.4526 -7.5976 -0.0400
-1.2929 -7.0441 -0.0400
-1.1487 -6.9263 -0.0400
-1.0605 -6.9296 -0.0400
-1.0062 -7.0169 -0.0400
2.5680 -4.9516 -0.0400
2.5379 -4.8304 -0.0400
2.5667 -4.7860 -0.0400
2.6093 -4.7584 -0.0400
2.6693 -4.7498 -0.0400
1.8903 -1.9392 -0.0400
1.8901 -1.9122 -0.0400
1.8950 -1.8817 -0.0400
2.5302 0.1040 -0.0400
2.4630 0.1047 -0.0400
2.4133 0.1312 -0.0400
2.3807 0.1859 -0.0400
2.3764 0.2918 -0.0400
0.6031 3.0992 -0.0400
0.5050 3.0597 -0.0400
0.4062 3.0543 -0.0400
-0.3540 2.3754 -0.0400
-0.4349 2.3307 -0.0400
-0.5308 2.3494 -0.0400
-2.3887 1.3509 -0.0400
-2.3848 1.2074 -0.0400
-2.4010 1.0938 -0.0400
-2.4774 1.0528 -0.0400
-0.8200 -1.2649 -0.0400
-0.8215 -1.3098 -0.0400
-0.7887 -1.3810 -0.0400
-0.7684 -1.4394 -0.0400
-0.7672 -1.4813 -0.0400
-0.7766 -1.5145 -0.0400
-0.7897 -1.5446 -0.0400
-0.8093 -1.5701 -0.0400
-0.8321 -1.5936 -0.0400
-0.8626 -1.6127 -0.0400
-0.8493 -1.6584 -0.0400
-0.8611 -1.6884 -0.0400
-0.8788 -1.7150 -0.0400
-0.9036 -1.7380 -0.0400
-0.9392 -1.7560 -0.0400
-3.0599 -0.7731 -0.0400
-3.0635 -0.8522 -0.0400
-3.1267 -0.9040 -0.0400
-3.2252 -2.3403 -0.0400
-3.2143 -2.4100 -0.0400
-3.2295 -2.4785 -0.0400
-0.7395 -2.8046 -0.0400
-0.6996 -2.8241 -0.0400
-0.6843 -2.8469 -0.0400
-0.6740 -2.8703 -0.0400
-0.6685 -2.8945 -0.0400
-0.6678 -2.9199 -0.0400
-0.6738 -2.9472 -0.0400
-0.6902 -2.9779 -0.0400
-4.3699 -4.4875 -0.0400
-2.2581 -3.8812 -0.0400
-2.2158 -3.9243 -0.0400
-1.3991 -7.0459 -0.0400
-1.2397 -6.9037 -0.0400
-1.1420 -6.8867 -0.0400
-1.0671 -6.9200 -0.0400
-1.0080 -6.9940 -0.0400
2.5276 -4.9237 -0.0400
2.5372 -4.8531 -0.0400
2.5584 -4.7991 -0.0400
2.5939 -4.7632 -0.0400
2.4719 0.1066 -0.0400
2.4165 0.1246 -0.0400
2.3752 0.1652 -0.0400
2.3772 0.2815 -0.0400
2.3390 0.3327 -0.0400
0.5076 3.0734 -0.0400
0.4096 3.0457 -0.0400
0.3088 3.0682 -0.0400
-0.4397 2.3506 -0.0400
-0.5205 2.3075 -0.0400
-0.6284 2.3675 -0.0400
-2.4062 1.2277 -0.0400
-2.4525 1.1486 -0.0400
-2.4668 1.0345 -0.0400
-2.5425 0.9923 -0.0400
-0.8258 -1.2732 -0.0400
-0.8276 -1.3179 -0.0400
-0.8412 -1.3521 -0.0400
-0.8159 -1.4158 -0.0400
-0.7945 -1.4740 -0.0400
-0.7926 -1.5160 -0.0400
-0.7956 -1.5534 -0.0400
-0.8151 -1.5790 -0.0400
-0.8377 -1.6026 -0.0400
-0.8681 -1.6217 -0.0400
-0.8656 -1.6611 -0.0400
-0.8709 -1.6950 -0.0400
-0.8820 -1.7253 -0.0400
-0.8993 -1.7522 -0.0400
-0.9452 -1.7647 -0.0400
-3.0540 -0.7823 -0.0400
-3.0732 -0.8540 -0.0400
-3.0827 -0.9296 -0.0400
-3.1446 -0.9822 -0.0400
-3.2688 -2.3419 -0.0400
-3.2311 -2.4136 -0.0400
-3.2192 -2.4831 -0.0400
-3.2372 -2.5516 -0.0400
-0.7700 -2.8169 -0.0400
-0.7174 -2.8348 -0.0400
-0.6927 -2.8560 -0.0400
-0.6776 -2.8785 -0.0400
-0.6684 -2.9018 -0.0400
-0.6662 -2.9267 -0.0400
-0.6684 -2.9528 -0.0400
-0.6773 -2.9811 -0.0400
-0.6994 -3.0138 -0.0400
-4.4165 -4.5022 -0.0400
-4.3552 -4.5810 -0.0400
-2.2302 -3.9321 -0.0400
-2.1928 -3.9769 -0.0400
-2.3854 -7.6444 -0.0400
-1.2262 -7.0505 -0.0400
-1.0861 -6.9344 -0.0400
-1.0135 -6.9743 -0.0400
0.3821 -5.1043 -0.0400
0.4275 -5.0966 -0.0400
0.4713 -5.0998 -0.0400
2.5631 -4.9165 -0.0400
2.5749 -4.8494 -0.0400
2.5786 -4.7752 -0.0400
2.6218 -4.7484 -0.0400
2.6818 -4.7392 -0.0400
5.0356 -5.8962 -0.0400
5.0849 -5.8143 -0.0400
2.5354 0.0931 -0.0400
2.4711 0.0989 -0.0400
2.4238 0.1299 -0.0400
2.4386 0.2638 -0.0400
2.4157 0.3413 -0.0400
0.6089 3.0779 -0.0400
0.5102 3.0536 -0.0400
0.4088 3.0945 -0.0400
-0.2808 2.4675 -0.0400
-0.3498 2.3572 -0.0400
-0.4370 2.3401 -0.0400
-0.5469 2.4131 -0.0400
-2.3114 1.3860 -0.0400
-2.3296 1.2673 -0.0400
-2.3899 1.2049 -0.0400
-2.4033 1.0873 -0.0400
-0.8035 -1.2522 -0.0400
-0.8078 -1.2954 -0.0400
-0.7731 -1.3701 -0.0400
-0.7564 -1.4269 -0.0400
-0.7564 -1.4685 -0.0400
-0.7667 -1.5014 -0.0400
-0.7803 -1.5313 -0.0400
-0.8002 -1.5566 -0.0400
-0.8230 -1.5800 -0.0400
-0.8348 -1.6108 -0.0400
-0.8410 -1.6448 -0.0400
-0.8530 -1.6747 -0.0400
-0.8710 -1.7011 -0.0400
-0.8963 -1.7235 -0.0400
-0.9324 -1.7407 -0.0400
-3.0172 -0.7222 -0.0400
-3.0595 -0.7829 -0.0400
-3.0750 -0.8564 -0.0400
-3.2300 -2.2776 -0.0400
-3.2125 -2.3480 -0.0400
-3.2280 -2.4161 -0.0400
-3.2694 -2.4838 -0.0400
-0.7293 -2.7895 -0.0400
-0.6995 -2.8108 -0.0400
-0.6831 -2.8333 -0.0400
-0.6759 -2.8570 -0.0400
-0.6698 -2.8809 -0.0400
-0.6691 -2.9059 -0.0400
-0.6742 -2.9324 -0.0400
-0.6868 -2.9613 -0.0400
-4.4308 -4.4049 -0.0400
-4.3861 -4.4899 -0.0400
-2.3080 -3.8431 -0.0400
-2.2372 -3.8747 -0.0400
-2.2154 -3.9264 -0.0400
-2.5629 -7.5271 -0.0400
-1.3965 -7.0003 -0.0400
-1.2492 -6.8832 -0.0400
-1.1559 -6.8752 -0.0400
-1.0872 -6.9223 -0.0400
-1.0417 -7.0298 -0.0400
0.2850 -5.1186 -0.0400
0.3340 -5.0925 -0.0400
0.3791 -5.0865 -0.0400
0.4226 -5.0919 -0.0400
0.4657 -5.1006 -0.0400
0.5077 -5.1262 -0.0400
2.5179 -4.9586 -0.0400
2.5028 -4.8564 -0.0400
2.5321 -4.8128 -0.0400
2.5725 -4.7830 -0.0400
2.6254 -4.7669 -0.0400
5.0035 -6.0081 -0.0400
5.0134 -5.8950 -0.0400
2.6076 0.0855 -0.0400
2.5278 0.0710 -0.0400
2.4750 0.0941 -0.0400
2.4374 0.1408 -0.0400
2.4393 0.2540 -0.0400
2.4041 0.3102 -0.0400
0.6126 3.0598 -0.0400
0.5132 3.0590 -0.0400
0.4120 3.0919 -0.0400
-0.2792 2.4647 -0.0400
-0.3487 2.3557 -0.0400
-0.4388 2.3508 -0.0400
-2.3224 1.3970 -0.0400
-2.3236 1.2557 -0.0400
-2.3490 1.1506 -0.0400
-0.7875 -1.2764 -0.0400
-0.8044 -1.3081 -0.0400
-0.7685 -1.3838 -0.0400
-0.7579 -1.4355 -0.0400
-0.7594 -1.4761 -0.0400
-0.7655 -1.5120 -0.0400
-0.7862 -1.5367 -0.0400
-0.8097 -1.5596 -0.0400
-0.8402 -1.5780 -0.0400
-0.8388 -1.6176 -0.0400
-0.8451 -1.6515 -0.0400
-0.8571 -1.6816 -0.0400
-0.8843 -1.7026 -0.0400
-0.9202 -1.7194 -0.0400
-2.9813 -0.6636 -0.0400
-3.0593 -0.7058 -0.0400
-3.0275 -0.8033 -0.0400
-3.0669 -0.8650 -0.0400
-3.2534 -2.2097 -0.0400
-3.2168 -2.2826 -0.0400
-3.2087 -2.3522 -0.0400
-3.2192 -2.4203 -0.0400
-0.7632 -2.7744 -0.0400
-0.7120 -2.7939 -0.0400
-0.6892 -2.8159 -0.0400
-0.6804 -2.8394 -0.0400
-0.6724 -2.8628 -0.0400
-0.6714 -2.8875 -0.0400
-0.6771 -2.9138 -0.0400
-0.6806 -2.9400 -0.0400
-0.7032 -2.9714 -0.0400
-4.3994 -4.3930 -0.0400
-2.2908 -3.8382 -0.0400
-2.2343 -3.8755 -0.0400
-2.2430 -3.9407 -0.0400
-2.5774 -7.5349 -0.0400
-2.4917 -7.5928 -0.0400
-1.2993 -6.9739 -0.0400
-1.1645 -6.8754 -0.0400
-1.1072 -6.9495 -0.0400
0.2765 -5.1257 -0.0400
0.3265 -5.0931 -0.0400
0.3718 -5.0851 -0.0400
0.4149 -5.0922 -0.0400
0.4579 -5.0997 -0.0400
0.4994 -5.1291 -0.0400
2.5031 -4.9627 -0.0400
2.4917 -4.8651 -0.0400
2.5208 -4.8214 -0.0400
2.5603 -4.7906 -0.0400
4.9508 -5.9902 -0.0400
5.0070 -5.9137 -0.0400
2.5872 0.0488 -0.0400
2.5288 0.0647 -0.0400
2.5123 0.1434 -0.0400
2.5025 0.2363 -0.0400
2.4938 0.3360 -0.0400
0.8159 3.1492 -0.0400
0.7146 3.0768 -0.0400
0.6148 3.0828 -0.0400
0.5120 3.1714 -0.0400
-0.1809 2.4346 -0.0400
-0.2609 2.3747 -0.0400
-0.3601 2.4137 -0.0400
-2.1889 1.5110 -0.0400
-2.2422 1.4342 -0.0400
-2.2341 1.2776 -0.0400
-2.2749 1.1910 -0.0400
-2.3536 1.1537 -0.0400
-0.7520 -1.2198 -0.0400
-0.7652 -1.2558 -0.0400
-0.7846 -1.2855 -0.0400
-0.7406 -1.3701 -0.0400
-0.7197 -1.4313 -0.0400
-0.7336 -1.4617 -0.0400
-0.7490 -1.4906 -0.0400
-0.7710 -1.5144 -0.0400
-0.7956 -1.5363 -0.0400
-0.8052 -1.5691 -0.0400
-0.8132 -1.6024 -0.0400
-0.8266 -1.6318 -0.0400
-0.8455 -1.6575 -0.0400
-0.8711 -1.6793 -0.0400
-0.9071 -1.6956 -0.0400
-2.9447 -0.6038 -0.0400
-2.9694 -0.6732 -0.0400
-2.9982 -0.7402 -0.0400
-3.2310 -2.1451 -0.0400
-3.2036 -2.2176 -0.0400
-3.2019 -2.2867 -0.0400
-3.2640 -2.3511 -0.0400
-0.7216 -2.7495 -0.0400
-0.7041 -2.7727 -0.0400
-0.6850 -2.7952 -0.0400
-0.6782 -2.8189 -0.0400
-0.6741 -2.8429 -0.0400
-0.6779 -2.8683 -0.0400
-0.6812 -2.8939 -0.0400
-0.7014 -2.9234 -0.0400
-4.4262 -4.3020 -0.0400
-2.2891 -3.7787 -0.0400
-2.2517 -3.8240 -0.0400
-2.6522 -7.4528 -0.0400
-1.4760 -6.9414 -0.0400
-1.3283 -6.8297 -0.0400
-1.2397 -6.8328 -0.0400
-1.1742 -6.8853 -0.0400
0.2241 -5.1396 -0.0400
0.2785 -5.0869 -0.0400
0.3250 -5.0728 -0.0400
0.3673 -5.0831 -0.0400
0.4103 -5.0895 -0.0400
0.4512 -5.1182 -0.0400
2.4435 -4.9847 -0.0400
2.4633 -4.9261 -0.0400
2.4729 -4.8565 -0.0400
2.5134 -4.8271 -0.0400
2.6073 -4.8602 -0.0400
4.9032 -6.0901 -0.0400
4.9326 -5.9916 -0.0400
2.6019 0.0527 -0.0400
2.5369 0.0598 -0.0400
2.4881 0.0896 -0.0400
2.4560 0.1457 -0.0400
2.4533 0.2520 -0.0400
2.4220 0.3156 -0.0400
0.7209 3.1231 -0.0400
0.6208 3.0674 -0.0400
0.5200 3.0979 -0.0400
-0.2650 2.4088 -0.0400
-0.3461 2.3578 -0.0400
-2.2540 1.4469 -0.0400
-2.2583 1.3057 -0.0400
-2.3043 1.2244 -0.0400
-2.3490 1.1435 -0.0400
-0.7671 -1.2180 -0.0400
-0.7754 -1.2590 -0.0400
-0.7915 -1.2920 -0.0400
-0.7757 -1.3523 -0.0400
-0.7351 -1.4313 -0.0400
-0.7435 -1.4666 -0.0400
-0.7574 -1.4969 -0.0400
-0.7745 -1.5244 -0.0400
-0.8031 -1.5434 -0.0400
-0.8290 -1.5648 -0.0400
-0.8268 -1.6057 -0.0400
-0.8350 -1.6387 -0.0400
-0.8488 -1.6678 -0.0400
-0.8770 -1.6879 -0.0400
-0.9131 -1.7041 -0.0400
-2.9459 -0.6098 -0.0400
-2.9996 -0.6638 -0.0400
-3.0124 -0.7395 -0.0400
-3.0299 -0.8121 -0.0400
-3.1046 -0.8572 -0.0400
-3.2363 -2.2200 -0.0400
-3.2094 -2.2918 -0.0400
-3.2276 -2.3593 -0.0400
-3.2879 -2.4250 -0.0400
-0.7427 -2.7611 -0.0400
-0.7013 -2.7822 -0.0400
-0.6891 -2.8054 -0.0400
-0.6802 -2.8288 -0.0400
-0.6734 -2.8523 -0.0400
-0.6715 -2.8765 -0.0400
-0.6789 -2.9027 -0.0400
-0.6848 -2.9290 -0.0400
-0.7197 -2.9623 -0.0400
-4.4522 -4.3105 -0.0400
-4.3978 -4.3919 -0.0400
-2.2656 -3.8337 -0.0400
-2.2324 -3.8803 -0.0400
-2.5780 -7.5107 -0.0400
-1.3466 -6.8480 -0.0400
-1.2492 -6.8326 -0.0400
-1.1777 -6.8709 -0.0400
-1.1255 -6.9557 -0.0400
0.2682 -5.0987 -0.0400
0.3152 -5.0808 -0.0400
0.3591 -5.0801 -0.0400
0.4010 -5.0926 -0.0400
0.4444 -5.0941 -0.0400
2.4838 -4.9829 -0.0400
2.4767 -4.8906 -0.0400
2.5018 -4.8419 -0.0400
2.5396 -4.8092 -0.0400
2.5913 -4.7925 -0.0400
4.9168 -6.0104 -0.0400
4.9920 -5.9489 -0.0400
2.5685 0.0874 -0.0400
2.4983 0.0865 -0.0400
2.4459 0.1111 -0.0400
2.4579 0.2403 -0.0400
2.4208 0.2943 -0.0400
0.6270 3.1184 -0.0400
0.5277 3.0604 -0.0400
0.4256 3.1048 -0.0400
-0.2638 2.4206 -0.0400
-0.3437 2.3613 -0.0400
-0.4302 2.3376 -0.0400
-2.3140 1.3773 -0.0400
-2.3235 1.2459 -0.0400
-2.3552 1.1477 -0.0400
-2.4179 1.0898 -0.0400
-0.8023 -1.2460 -0.0400
-0.7983 -1.2981 -0.0400
-0.8183 -1.3273 -0.0400
-0.7475 -1.4332 -0.0400
-0.7527 -1.4715 -0.0400
-0.7656 -1.5028 -0.0400
-0.7803 -1.5323 -0.0400
-0.8021 -1.5564 -0.0400
-0.8305 -1.5760 -0.0400
-0.8444 -1.6059 -0.0400
-0.8465 -1.6433 -0.0400
-0.8534 -1.6769 -0.0400
-0.8735 -1.7021 -0.0400
-0.9000 -1.7236 -0.0400
-0.9366 -1.7400 -0.0400
-2.9840 -0.6786 -0.0400
-3.0216 -0.7412 -0.0400
-3.0308 -0.8181 -0.0400
-3.0882 -0.8713 -0.0400
-3.2109 -2.2977 -0.0400
-3.2109 -2.3664 -0.0400
-3.2346 -2.4336 -0.0400
-3.3007 -2.5000 -0.0400
-0.7488 -2.7719 -0.0400
-0.7182 -2.7941 -0.0400
-0.6991 -2.8168 -0.0400
-0.6796 -2.8388 -0.0400
-0.6732 -2.8622 -0.0400
-0.6720 -2.8865 -0.0400
-0.6732 -2.9114 -0.0400
-0.6774 -2.9371 -0.0400
-0.7055 -2.9686 -0.0400
-0.7504 -3.0055 -0.0400
-4.4338 -4.4048 -0.0400
-2.2739 -3.8418 -0.0400
-2.2339 -3.8856 -0.0400
-2.2235 -3.9417 -0.0400
-2.5847 -7.5063 -0.0400
-1.3327 -6.9937 -0.0400
-1.1914 -6.8821 -0.0400
-1.1093 -6.8963 -0.0400
0.3008 -5.1255 -0.0400
0.3494 -5.0945 -0.0400
0.3933 -5.0909 -0.0400
0.4362 -5.0947 -0.0400
0.4781 -5.1102 -0.0400
0.8092 -3.6095 -0.0400
0.8232 -3.5880 -0.0400
0.8380 -3.5755 -0.0400
2.5074 -4.8769 -0.0400
2.5229 -4.8173 -0.0400
2.5613 -4.7857 -0.0400
2.6270 -4.7842 -0.0400
4.9480 -6.0666 -0.0400
4.9595 -5.9547 -0.0400
5.0259 -5.8863 -0.0400
6.3587 -1.0992 -0.0400
2.6260 0.0580 -0.0400
2.5536 0.0558 -0.0400
2.5078 0.0910 -0.0400
2.5015 0.1883 -0.0400
2.4739 0.2563 -0.0400
2.4659 0.3604 -0.0400
0.8334 3.1368 -0.0400
0.7315 3.0711 -0.0400
0.6313 3.0663 -0.0400
0.5298 3.1126 -0.0400
-0.2536 2.3770 -0.0400
-0.3444 2.3740 -0.0400
-2.1965 1.5156 -0.0400
-2.2025 1.3717 -0.0400
-2.2565 1.2989 -0.0400
-2.2768 1.1841 -0.0400
-2.3792 1.1761 -0.0400
-0.7547 -1.1981 -0.0400
-0.7628 -1.2403 -0.0400
-0.7755 -1.2772 -0.0400
-0.7360 -1.3607 -0.0400
-0.7334 -1.4078 -0.0400
-0.7302 -1.4539 -0.0400
-0.7456 -1.4833 -0.0400
-0.7656 -1.5088 -0.0400
-0.7907 -1.5304 -0.0400
-0.8202 -1.5491 -0.0400
-0.8208 -1.5888 -0.0400
-0.8224 -1.6268 -0.0400
-0.8396 -1.6538 -0.0400
-0.8619 -1.6775 -0.0400
-0.8904 -1.6977 -0.0400
-2.9145 -0.5534 -0.0400
-2.9590 -0.6121 -0.0400
-2.9944 -0.6761 -0.0400
-3.0003 -0.7554 -0.0400
-3.0516 -0.8111 -0.0400
-3.2406 -2.1590 -0.0400
-3.2064 -2.2324 -0.0400
-3.2041 -2.3014 -0.0400
-3.2273 -2.3683 -0.0400
-0.7757 -2.7280 -0.0400
-0.7287 -2.7505 -0.0400
-0.7061 -2.7736 -0.0400
-0.6840 -2.7959 -0.0400
-0.6775 -2.8194 -0.0400
-0.6740 -2.8432 -0.0400
-0.6730 -2.8674 -0.0400
-0.6845 -2.8938 -0.0400
-0.6946 -2.9206 -0.0400
-4.4411 -4.3081 -0.0400
-2.2929 -3.7919 -0.0400
-2.2491 -3.8345 -0.0400
-2.6687 -7.4414 -0.0400
-1.4926 -6.9306 -0.0400
-1.3456 -6.8209 -0.0400
-1.2566 -6.8219 -0.0400
-1.1902 -6.8707 -0.0400
-1.1481 -6.9780 -0.0400
0.2597 -5.0870 -0.0400
0.3055 -5.0742 -0.0400
0.3483 -5.0772 -0.0400
0.3903 -5.0863 -0.0400
0.4326 -5.0941 -0.0400
0.7889 -3.6131 -0.0400
0.8028 -3.5883 -0.0400
0.8176 -3.5752 -0.0400
0.8320 -3.5627 -0.0400
0.8476 -3.5587 -0.0400
0.8636 -3.5568 -0.0400
2.5733 -4.8128 -0.0400
4.8694 -6.1411 -0.0400
4.8900 -6.0354 -0.0400
4.9569 -5.9679 -0.0400
3.3915 -1.6664 -0.0400
3.3375 -1.6332 -0.0400
2.0182 -2.1200 -0.0400
2.6283 0.0456 -0.0400
2.5555 0.0429 -0.0400
2.5149 0.0859 -0.0400
2.4969 0.1652 -0.0400
2.4796 0.2493 -0.0400
0.8416 3.1962 -0.0400
0.7378 3.0795 -0.0400
0.6374 3.0650 -0.0400
-0.1745 2.4687 -0.0400
-0.2508 2.3804 -0.0400
-0.3453 2.3944 -0.0400
-2.1759 1.4852 -0.0400
-2.1923 1.3564 -0.0400
-2.2211 1.2500 -0.0400
-2.2797 1.1863 -0.0400
-0.7510 -1.2104 -0.0400
-0.7571 -1.2545 -0.0400
-0.7793 -1.2821 -0.0400
-0.7136 -1.3899 -0.0400
-0.7212 -1.4274 -0.0400
-0.7294 -1.4634 -0.0400
-0.7473 -1.4907 -0.0400
-0.7694 -1.5146 -0.0400
-0.8017 -1.5308 -0.0400
-0.8125 -1.5635 -0.0400
-0.8099 -1.6053 -0.0400
-0.8261 -1.6331 -0.0400
-0.8457 -1.6585 -0.0400
-0.8705 -1.6808 -0.0400
-0.9333 -1.6802 -0.0400
-2.9147 -0.5579 -0.0400
-2.9613 -0.6154 -0.0400
-2.9935 -0.6812 -0.0400
-3.0189 -0.7505 -0.0400
-3.2033 -2.1685 -0.0400
-3.1977 -2.2381 -0.0400
-3.2177 -2.3049 -0.0400
-3.2740 -2.3695 -0.0400
-0.7484 -2.7348 -0.0400
-0.7166 -2.7579 -0.0400
-0.6878 -2.7801 -0.0400
-0.6800 -2.8036 -0.0400
-0.6756 -2.8272 -0.0400
-0.6741 -2.8512 -0.0400
-0.6845 -2.8771 -0.0400
-0.6946 -2.9034 -0.0400
-0.7125 -2.9318 -0.0400
-4.4392 -4.3086 -0.0400
-2.3304 -3.7505 -0.0400
-2.2812 -3.7918 -0.0400
-2.2574 -3.8421 -0.0400
-2.6706 -7.4358 -0.0400
-1.5008 -6.9363 -0.0400
-1.3529 -6.8252 -0.0400
-1.2601 -6.8182 -0.0400
-1.2112 -6.9054 -0.0400
0.2525 -5.1029 -0.0400
0.3017 -5.0693 -0.0400
0.3430 -5.0814 -0.0400
0.3857 -5.0841 -0.0400
0.4262 -5.1069 -0.0400
0.7981 -3.5922 -0.0400
0.8114 -3.5697 -0.0400
0.8266 -3.5630 -0.0400
0.8420 -3.5589 -0.0400
0.8577 -3.5567 -0.0400
0.8751 -3.5625 -0.0400
0.8929 -3.5683 -0.0400
0.9128 -3.5809 -0.0400
4.8754 -6.0465 -0.0400
4.9495 -5.9847 -0.0400
6.3893 -1.1290 -0.0400
6.3541 -1.0315 -0.0400
2.0895 -2.1315 -0.0400
2.0363 -2.1247 -0.0400
1.9924 -2.1157 -0.0400
1.9727 -2.0972 -0.0400
1.9513 -2.0799 -0.0400
2.5638 0.0384 -0.0400
2.5247 0.0840 -0.0400
2.5165 0.1788 -0.0400
2.5203 0.2979 -0.0400
0.8459 3.0950 -0.0400
0.7445 3.0653 -0.0400
0.6439 3.0881 -0.0400
-0.1593 2.4029 -0.0400
-0.2475 2.3846 -0.0400
-0.3447 2.4109 -0.0400
-2.1746 1.4834 -0.0400
-2.1903 1.3532 -0.0400
-2.2220 1.2504 -0.0400
-2.2916 1.2007 -0.0400
-0.7550 -1.1623 -0.0400
-0.7449 -1.2247 -0.0400
-0.7598 -1.2600 -0.0400
-0.7286 -1.3385 -0.0400
-0.7113 -1.4004 -0.0400
-0.7155 -1.4409 -0.0400
-0.7326 -1.4692 -0.0400
-0.7532 -1.4944 -0.0400
-0.7769 -1.5172 -0.0400
-0.7983 -1.5419 -0.0400
-0.8040 -1.5783 -0.0400
-0.8152 -1.6100 -0.0400
-0.8304 -1.6386 -0.0400
-0.8533 -1.6620 -0.0400
-0.9015 -1.6695 -0.0400
-2.8858 -0.4943 -0.0400
-2.9158 -0.5616 -0.0400
-2.9713 -0.6142 -0.0400
-2.9684 -0.6992 -0.0400
-3.0236 -0.7525 -0.0400
-3.2782 -2.0929 -0.0400
-3.2112 -2.1723 -0.0400
-3.1990 -2.2428 -0.0400
-3.2133 -2.3101 -0.0400
-0.7103 -2.7413 -0.0400
-0.6944 -2.7647 -0.0400
-0.6840 -2.7881 -0.0400
-0.6776 -2.8116 -0.0400
-0.6746 -2.8353 -0.0400
-0.6820 -2.8605 -0.0400
-0.6907 -2.8862 -0.0400
-0.7055 -2.9134 -0.0400
-0.7402 -2.9450 -0.0400
-4.4949 -4.2285 -0.0400
-2.3272 -3.7541 -0.0400
-2.2644 -3.7902 -0.0400
-2.2655 -3.8500 -0.0400
-2.6750 -7.4345 -0.0400
-1.5040 -6.9336 -0.0400
-1.3353 -6.7804 -0.0400
-1.2644 -6.8176 -0.0400
-1.2085 -6.8885 -0.0400
0.1995 -5.1296 -0.0400
0.2529 -5.0794 -0.0400
0.2978 -5.0689 -0.0400
0.3398 -5.0751 -0.0400
0.3816 -5.0821 -0.0400
0.4171 -5.1488 -0.0400
0.7923 -3.5821 -0.0400
0.8069 -3.5713 -0.0400
0.8217 -3.5637 -0.0400
0.8368 -3.5591 -0.0400
0.8528 -3.5591 -0.0400
0.8694 -3.5614 -0.0400
0.8869 -3.5669 -0.0400
0.9063 -3.5791 -0.0400
4.8440 -6.1658 -0.0400
4.8634 -6.0593 -0.0400
4.9517 -6.0088 -0.0400
6.3913 -1.1479 -0.0400
3.4228 -1.6841 -0.0400
3.3520 -1.6567 -0.0400
2.0373 -2.1368 -0.0400
2.0074 -2.1217 -0.0400
1.9755 -2.1083 -0.0400
1.9588 -2.0887 -0.0400
1.9430 -2.0690 -0.0400
1.9318 -2.0471 -0.0400
1.9257 -2.0224 -0.0400
2.5446 0.3188 -0.0400
0.8546 3.1306 -0.0400
0.7520 3.0711 -0.0400
0.6508 3.1542 -0.0400
-0.0760 2.4893 -0.0400
-0.1550 2.4059 -0.0400
-0.2434 2.3867 -0.0400
-0.3414 2.4163 -0.0400
-2.1714 1.4796 -0.0400
-2.1855 1.3468 -0.0400
-2.2096 1.2334 -0.0400
-2.2969 1.2074 -0.0400
-0.7304 -1.1958 -0.0400
-0.7407 -1.2366 -0.0400
-0.7635 -1.2641 -0.0400
-0.7087 -1.3652 -0.0400
-0.7053 -1.4140 -0.0400
-0.7164 -1.4481 -0.0400
-0.7346 -1.4756 -0.0400
-0.7578 -1.4988 -0.0400
-0.7914 -1.5137 -0.0400
-0.7981 -1.5501 -0.0400
-0.7995 -1.5898 -0.0400
-0.8157 -1.6178 -0.0400
-0.8386 -1.6412 -0.0400
-0.8659 -1.6618 -0.0400
-0.9007 -1.6781 -0.0400
-2.8817 -0.5009 -0.0400
-2.9212 -0.5625 -0.0400
-2.9416 -0.6351 -0.0400
-2.9719 -0.7016 -0.0400
-3.0396 -0.7484 -0.0400
-3.2120 -2.1075 -0.0400
-3.1933 -2.1795 -0.0400
-3.2026 -2.2472 -0.0400
-3.2403 -2.3124 -0.0400
-0.7297 -2.7259 -0.0400
-0.7055 -2.7495 -0.0400
-0.6908 -2.7730 -0.0400
-0.6815 -2.7964 -0.0400
-0.6768 -2.8199 -0.0400
-0.6789 -2.8442 -0.0400
-0.6850 -2.8692 -0.0400
-0.6965 -2.8953 -0.0400
-0.7178 -2.9237 -0.0400
-4.4631 -4.2208 -0.0400
-2.3015 -3.7500 -0.0400
-2.2796 -3.8009 -0.0400
-2.7721 -7.3886 -0.0400
-1.4276 -6.7777 -0.0400
-1.3370 -6.7760 -0.0400
-1.2663 -6.8132 -0.0400
-1.2092 -6.8809 -0.0400
0.2056 -5.0830 -0.0400
0.2522 -5.0653 -0.0400
0.2951 -5.0654 -0.0400
0.3358 -5.0786 -0.0400
0.3779 -5.0820 -0.0400
0.4174 -5.1096 -0.0400
0.7756 -3.6132 -0.0400
0.7889 -3.5871 -0.0400
0.8030 -3.5739 -0.0400
0.8175 -3.5652 -0.0400
0.8322 -3.5588 -0.0400
0.8478 -3.5580 -0.0400
0.8640 -3.5596 -0.0400
0.8811 -3.5644 -0.0400
4.8353 -6.1810 -0.0400
4.8468 -6.0680 -0.0400
4.9233 -6.0086 -0.0400
3.4231 -1.6991 -0.0400
3.3561 -1.6701 -0.0400
2.0914 -2.1276 -0.0400
2.0129 -2.1320 -0.0400
1.9895 -2.1147 -0.0400
1.9636 -2.0991 -0.0400
1.9497 -2.0783 -0.0400
1.9379 -2.0566 -0.0400
1.9292 -2.0332 -0.0400
1.9286 -2.0052 -0.0400
1.9258 -1.9780 -0.0400
1.9446 -1.9373 -0.0400
0.8614 3.0841 -0.0400
0.7599 3.0682 -0.0400
0.6588 3.1089 -0.0400
-0.1511 2.4141 -0.0400
-0.2454 2.4261 -0.0400
-2.1124 1.5525 -0.0400
-2.1721 1.4821 -0.0400
-2.1859 1.3484 -0.0400
-2.2098 1.2344 -0.0400
-0.7491 -1.1289 -0.0400
-0.7249 -1.2087 -0.0400
-0.7425 -1.2420 -0.0400
-0.6961 -1.3380 -0.0400
-0.6928 -1.3879 -0.0400
-0.7013 -1.4253 -0.0400
-0.7197 -1.4529 -0.0400
-0.7389 -1.4796 -0.0400
-0.7651 -1.5005 -0.0400
-0.7873 -1.5247 -0.0400
-0.7942 -1.5610 -0.0400
-0.8010 -1.5965 -0.0400
-0.8207 -1.6222 -0.0400
-0.8442 -1.6452 -0.0400
-0.8880 -1.6550 -0.0400
-0.9408 -1.6603 -0.0400
-2.8807 -0.5053 -0.0400
-2.9358 -0.5577 -0.0400
-2.9543 -0.6319 -0.0400
-2.9812 -0.7005 -0.0400
-3.2246 -2.1105 -0.0400
-3.1971 -2.1838 -0.0400
-3.2232 -2.2497 -0.0400
-3.3169 -2.3097 -0.0400
-0.7787 -2.7101 -0.0400
-0.7031 -2.7337 -0.0400
-0.6896 -2.7574 -0.0400
-0.6813 -2.7810 -0.0400
-0.6771 -2.8046 -0.0400
-0.6765 -2.8285 -0.0400
-0.6796 -2.8528 -0.0400
-0.6874 -2.8780 -0.0400
-0.7342 -2.9094 -0.0400
-4.4567 -4.2209 -0.0400
-2.3310 -3.7068 -0.0400
-2.2828 -3.7487 -0.0400
-2.2658 -3.8011 -0.0400
-2.7680 -7.3778 -0.0400
-1.4221 -6.7609 -0.0400
-1.3373 -6.7702 -0.0400
-1.2689 -6.8116 -0.0400
0.2004 -5.0967 -0.0400
0.2489 -5.0692 -0.0400
0.2924 -5.0648 -0.0400
0.3336 -5.0732 -0.0400
0.3738 -5.0898 -0.0400
0.7845 -3.5795 -0.0400
0.7988 -3.5693 -0.0400
0.8133 -3.5624 -0.0400
0.8281 -3.5583 -0.0400
0.8433 -3.5566 -0.0400
0.8591 -3.5573 -0.0400
0.8783 -3.5727 -0.0400
0.8997 -3.5943 -0.0400
6.4111 -1.2825 -0.0400
3.3822 -1.7241 -0.0400
3.3448 -1.6845 -0.0400
2.0312 -2.1605 -0.0400
2.0068 -2.1432 -0.0400
1.9865 -2.1246 -0.0400
1.9658 -2.1067 -0.0400
1.9537 -2.0849 -0.0400
1.9468 -2.0607 -0.0400
1.9407 -2.0357 -0.0400
1.9481 -2.0031 -0.0400
1.9515 -1.9718 -0.0400
0.9678 3.0671 -0.0400
0.8672 3.0850 -0.0400
0.0301 2.4589 -0.0400
-0.0563 2.4194 -0.0400
-0.1499 2.4309 -0.0400
-2.0296 1.5902 -0.0400
-2.0636 1.4800 -0.0400
-2.0858 1.3569 -0.0400
-2.1518 1.3012 -0.0400
-0.6923 -1.1415 -0.0400
-0.7006 -1.1865 -0.0400
-0.7202 -1.2181 -0.0400
-0.6718 -1.3190 -0.0400
-0.6649 -1.3734 -0.0400
-0.6799 -1.4050 -0.0400
-0.6988 -1.4324 -0.0400
-0.7229 -1.4548 -0.0400
-0.7558 -1.4699 -0.0400
-0.7686 -1.5024 -0.0400
-0.7711 -1.5427 -0.0400
-0.7848 -1.5732 -0.0400
-0.8081 -1.5962 -0.0400
-0.8344 -1.6174 -0.0400
-0.8849 -1.6221 -0.0400
-2.8066 -0.3811 -0.0400
-2.8429 -0.4449 -0.0400
-2.8887 -0.5027 -0.0400
-2.9023 -0.5800 -0.0400
-2.9799 -0.6197 -0.0400
-3.2139 -1.9750 -0.0400
-3.1818 -2.0508 -0.0400
-3.1820 -2.1201 -0.0400
-3.2082 -2.1855 -0.0400
-3.2757 -2.2468 -0.0400
-0.7659 -2.6651 -0.0400
-0.7218 -2.6909 -0.0400
-0.7009 -2.7153 -0.0400
-0.6885 -2.7391 -0.0400
-0.6811 -2.7628 -0.0400
-0.6798 -2.7866 -0.0400
-0.6847 -2.8109 -0.0400
-0.6946 -2.8359 -0.0400
-0.7113 -2.8621 -0.0400
-0.7498 -2.8918 -0.0400
-2.3361 -3.6538 -0.0400
-2.2948 -3.6984 -0.0400
-2.8366 -7.2972 -0.0400
-1.6492 -6.8350 -0.0400
-1.5022 -6.7378 -0.0400
-1.4071 -6.7287 -0.0400
-1.3432 -6.7783 -0.0400
0.1116 -5.0957 -0.0400
0.1647 -5.0545 -0.0400
0.2093 -5.0461 -0.0400
0.2506 -5.0524 -0.0400
0.2912 -5.0629 -0.0400
0.3321 -5.0723 -0.0400
0.3694 -5.1099 -0.0400
0.7538 -3.6066 -0.0400
0.7673 -3.5828 -0.0400
0.7814 -3.5703 -0.0400
0.7957 -3.5623 -0.0400
0.8102 -3.5570 -0.0400
0.8255 -3.5571 -0.0400
0.8414 -3.5599 -0.0400
0.8583 -3.5664 -0.0400
0.8774 -3.5809 -0.0400
6.3908 -1.2076 -0.0400
3.3805 -1.6914 -0.0400
2.0815 -2.1579 -0.0400
2.0361 -2.1483 -0.0400
2.0072 -2.1330 -0.0400
1.9848 -2.1154 -0.0400
1.9617 -2.0986 -0.0400
1.9489 -2.0772 -0.0400
1.9379 -2.0548 -0.0400
1.9350 -2.0280 -0.0400
1.9312 -2.0013 -0.0400
1.9486 -1.9615 -0.0400
1.9680 -1.9190 -0.0400
0.9861 3.1767 -0.0400
0.8793 3.0788 -0.0400
0.7777 3.0721 -0.0400
0.6763 3.1265 -0.0400
-0.0557 2.4762 -0.0400
-0.1389 2.4149 -0.0400
-2.1009 1.5414 -0.0400
-2.1312 1.4274 -0.0400
-2.1479 1.2988 -0.0400
-2.2402 1.2794 -0.0400
-0.7135 -1.1801 -0.0400
-0.7254 -1.2206 -0.0400
-0.6900 -1.3087 -0.0400
-0.6822 -1.3650 -0.0400
-0.6885 -1.4056 -0.0400
-0.7041 -1.4364 -0.0400
-0.7236 -1.4632 -0.0400
-0.7518 -1.4825 -0.0400
-0.7746 -1.5066 -0.0400
-0.7762 -1.5478 -0.0400
-0.7881 -1.5800 -0.0400
-0.8082 -1.6056 -0.0400
-0.8307 -1.6295 -0.0400
-0.8670 -1.6440 -0.0400
-0.9404 -1.6345 -0.0400
-2.8423 -0.4494 -0.0400
-2.8837 -0.5101 -0.0400
-2.9174 -0.5754 -0.0400
-2.9413 -0.6462 -0.0400
-3.0122 -0.6906 -0.0400
-3.2341 -2.0481 -0.0400
-3.1960 -2.1242 -0.0400
-3.2044 -2.1924 -0.0400
-3.2598 -2.2549 -0.0400
-0.7185 -2.7024 -0.0400
-0.6991 -2.7267 -0.0400
-0.6870 -2.7506 -0.0400
-0.6802 -2.7743 -0.0400
-0.6774 -2.7980 -0.0400
-0.6782 -2.8219 -0.0400
-0.6832 -2.8464 -0.0400
-0.6934 -2.8716 -0.0400
-0.7645 -2.9051 -0.0400
-4.4818 -4.1352 -0.0400
-2.3136 -3.7123 -0.0400
-2.3343 -3.7781 -0.0400
-2.7588 -7.3573 -0.0400
-1.5079 -6.7437 -0.0400
-1.4154 -6.7396 -0.0400
-1.3405 -6.7673 -0.0400
-1.2836 -6.8317 -0.0400
0.1477 -5.1237 -0.0400
0.2029 -5.0689 -0.0400
0.2475 -5.0581 -0.0400
0.2882 -5.0670 -0.0400
0.3296 -5.0717 -0.0400
0.3683 -5.0972 -0.0400
0.7654 -3.5936 -0.0400
0.7790 -3.5774 -0.0400
0.7930 -3.5677 -0.0400
0.8071 -3.5611 -0.0400
0.8216 -3.5573 -0.0400
0.8365 -3.5560 -0.0400
0.8519 -3.5573 -0.0400
0.8712 -3.5747 -0.0400
3.4431 -1.7873 -0.0400
3.3846 -1.7541 -0.0400
3.3520 -1.7127 -0.0400
2.0672 -2.1725 -0.0400
2.0304 -2.1596 -0.0400
1.9954 -2.1471 -0.0400
1.9787 -2.1271 -0.0400
1.9655 -2.1057 -0.0400
1.9542 -2.0834 -0.0400
1.9507 -2.0571 -0.0400
1.9472 -2.0303 -0.0400
1.9473 -2.0011 -0.0400
1.9877 -1.9472 -0.0400
1.0906 3.0921 -0.0400
0.9870 3.0664 -0.0400
0.8865 3.0949 -0.0400
0.0450 2.4502 -0.0400
-0.0438 2.4257 -0.0400
-0.1412 2.4589 -0.0400
-1.9935 1.5411 -0.0400
-2.0473 1.4622 -0.0400
-2.0806 1.3553 -0.0400
-0.6801 -1.1104 -0.0400
-0.6811 -1.1654 -0.0400
-0.7030 -1.1953 -0.0400
-0.6594 -1.2948 -0.0400
-0.6555 -1.3481 -0.0400
-0.6663 -1.3848 -0.0400
-0.6834 -1.4144 -0.0400
-0.7075 -1.4373 -0.0400
-0.7370 -1.4554 -0.0400
-0.7520 -1.4865 -0.0400
-0.7581 -1.5246 -0.0400
-0.7711 -1.5563 -0.0400
-0.7948 -1.5792 -0.0400
-0.8266 -1.5963 -0.0400
-0.8774 -1.6002 -0.0400
-2.7742 -0.3199 -0.0400
-2.8042 -0.3884 -0.0400
-2.8546 -0.4433 -0.0400
-2.8694 -0.5208 -0.0400
-2.9143 -0.5792 -0.0400
-3.0110 -0.6082 -0.0400
-3.1745 -1.9916 -0.0400
-3.1730 -2.0616 -0.0400
-3.1940 -2.1276 -0.0400
-3.2453 -2.1899 -0.0400
-0.7488 -2.6576 -0.0400
-0.7151 -2.6837 -0.0400
-0.6973 -2.7084 -0.0400
-0.6865 -2.7324 -0.0400
-0.6791 -2.7562 -0.0400
-0.6813 -2.7801 -0.0400
-0.6875 -2.8044 -0.0400
-0.6993 -2.8293 -0.0400
-0.7196 -2.8555 -0.0400
-4.5069 -4.0466 -0.0400
-2.3424 -3.6097 -0.0400
-2.3085 -3.6569 -0.0400
-2.9236 -7.2382 -0.0400
-2.8437 -7.3001 -0.0400
-1.5704 -6.6900 -0.0400
-1.4798 -6.6905 -0.0400
-1.4079 -6.7235 -0.0400
-1.3836 -6.8513 -0.0400
0.1074 -5.1058 -0.0400
0.1665 -5.0373 -0.0400
0.2081 -5.0405 -0.0400
0.2474 -5.0553 -0.0400
0.2888 -5.0593 -0.0400
0.3275 -5.0803 -0.0400
0.7497 -3.6013 -0.0400
0.7630 -3.5799 -0.0400
0.7768 -3.5682 -0.0400
0.7904 -3.5578 -0.0400
0.8049 -3.5558 -0.0400
0.8198 -3.5562 -0.0400
0.8354 -3.5594 -0.0400
0.8520 -3.5665 -0.0400
0.8709 -3.5827 -0.0400
6.4243 -1.3392 -0.0400
3.4047 -1.7625 -0.0400
3.3632 -1.7241 -0.0400
2.0613 -2.1884 -0.0400
2.0294 -2.1736 -0.0400
2.0064 -2.1558 -0.0400
1.9874 -2.1367 -0.0400
1.9722 -2.1161 -0.0400
1.9612 -2.0936 -0.0400
1.9541 -2.0690 -0.0400
1.9498 -2.0427 -0.0400
1.9489 -2.0140 -0.0400
1.9837 -1.9636 -0.0400
1.1034 3.1208 -0.0400
0.9978 3.0710 -0.0400
0.8962 3.0798 -0.0400
0.1408 2.4882 -0.0400
0.0542 2.4383 -0.0400
-0.0389 2.4451 -0.0400
-2.0246 1.5963 -0.0400
-2.0238 1.4309 -0.0400
-2.0728 1.3480 -0.0400
-0.6731 -1.1230 -0.0400
-0.6800 -1.1713 -0.0400
-0.7044 -1.1984 -0.0400
-0.6470 -1.3131 -0.0400
-0.6503 -1.3588 -0.0400
-0.6691 -1.3874 -0.0400
-0.6878 -1.4158 -0.0400
-0.7126 -1.4383 -0.0400
-0.7463 -1.4528 -0.0400
-0.7449 -1.4985 -0.0400
-0.7560 -1.5324 -0.0400
-0.7744 -1.5597 -0.0400
-0.7995 -1.5817 -0.0400
-0.8322 -1.5983 -0.0400
-2.7803 -0.2263 -0.0400
-2.7658 -0.3278 -0.0400
-2.8051 -0.3901 -0.0400
-2.8522 -0.4472 -0.0400
-2.8631 -0.5273 -0.0400
-2.9115 -0.5835 -0.0400
-3.1991 -1.9206 -0.0400
-3.1728 -1.9964 -0.0400
-3.1736 -2.0660 -0.0400
-3.1959 -2.1318 -0.0400
-0.7099 -2.6679 -0.0400
-0.6944 -2.6929 -0.0400
-0.6852 -2.7171 -0.0400
-0.6803 -2.7410 -0.0400
-0.6791 -2.7648 -0.0400
-0.6819 -2.7888 -0.0400
-0.6886 -2.8131 -0.0400
-0.7245 -2.8398 -0.0400
-4.5415 -3.9611 -0.0400
-2.3445 -3.6164 -0.0400
-2.3065 -3.6623 -0.0400
-2.3649 -3.7392 -0.0400
-2.9206 -7.2327 -0.0400
-1.7203 -6.7855 -0.0400
-1.5555 -6.6627 -0.0400
-1.4755 -6.6812 -0.0400
-1.4092 -6.7243 -0.0400
-1.3941 -6.8697 -0.0400
0.1229 -5.0416 -0.0400
0.1670 -5.0347 -0.0400
0.2082 -5.0388 -0.0400
0.2472 -5.0539 -0.0400
0.2862 -5.0708 -0.0400
0.7346 -3.6207 -0.0400
0.7475 -3.5865 -0.0400
0.7611 -3.5722 -0.0400
0.7749 -3.5635 -0.0400
0.7888 -3.5577 -0.0400
0.8030 -3.5545 -0.0400
0.8175 -3.5538 -0.0400
0.8340 -3.5634 -0.0400
0.8512 -3.5742 -0.0400
3.4620 -1.8124 -0.0400
3.3969 -1.7811 -0.0400
3.3638 -1.7397 -0.0400
2.0956 -2.1885 -0.0400
2.0497 -2.1788 -0.0400
2.0206 -2.1633 -0.0400
1.9910 -2.1488 -0.0400
1.9771 -2.1275 -0.0400
1.9658 -2.1051 -0.0400
1.9572 -2.0813 -0.0400
1.9514 -2.0558 -0.0400
1.9639 -2.0196 -0.0400
1.9753 -1.9828 -0.0400
1.1112 3.0722 -0.0400
1.0087 3.0689 -0.0400
0.9086 3.1191 -0.0400
0.1425 2.5554 -0.0400
0.0613 2.4485 -0.0400
-0.0290 2.4326 -0.0400
-2.0228 1.6002 -0.0400
-2.0073 1.4113 -0.0400
-2.0740 1.3550 -0.0400
-0.6745 -1.1249 -0.0400
-0.6821 -1.1727 -0.0400
-0.6711 -1.2395 -0.0400
-0.6437 -1.3211 -0.0400
-0.6502 -1.3635 -0.0400
-0.6699 -1.3914 -0.0400
-0.6923 -1.4164 -0.0400
-0.7230 -1.4335 -0.0400
-0.7468 -1.4575 -0.0400
-0.7454 -1.5034 -0.0400
-0.7585 -1.5358 -0.0400
-0.7802 -1.5606 -0.0400
-0.8101 -1.5790 -0.0400
-0.8529 -1.5884 -0.0400
-2.7688 -0.2361 -0.0400
-2.7650 -0.3300 -0.0400
-2.8040 -0.3926 -0.0400
-2.8344 -0.4607 -0.0400
-2.8661 -0.5275 -0.0400
-2.9680 -0.5517 -0.0400
-3.1835 -1.9280 -0.0400
-3.1684 -2.0014 -0.0400
-3.1751 -2.0700 -0.0400
-3.2473 -2.1280 -0.0400
-0.7276 -2.6506 -0.0400
-0.7049 -2.6766 -0.0400
-0.6918 -2.7014 -0.0400
-0.6839 -2.7256 -0.0400
-0.6799 -2.7495 -0.0400
-0.6835 -2.7735 -0.0400
-0.6914 -2.7977 -0.0400
-0.7049 -2.8225 -0.0400
-0.7288 -2.8487 -0.0400
-4.5693 -3.9703 -0.0400
-4.5172 -4.0545 -0.0400
-2.3612 -3.5699 -0.0400
-2.3202 -3.6155 -0.0400
-2.3491 -3.6816 -0.0400
-2.9159 -7.2257 -0.0400
-1.7117 -6.7706 -0.0400
-1.5514 -6.6554 -0.0400
-1.4719 -6.6742 -0.0400
-1.4144 -6.7333 -0.0400
0.1256 -5.0330 -0.0400
0.1683 -5.0308 -0.0400
0.2087 -5.0379 -0.0400
0.2480 -5.0502 -0.0400
0.2859 -5.0716 -0.0400
0.7475 -3.5916 -0.0400
0.7600 -3.5662 -0.0400
0.7738 -3.5596 -0.0400
0.7877 -3.5559 -0.0400
0.8019 -3.5542 -0.0400
0.8164 -3.5551 -0.0400
0.8316 -3.5586 -0.0400
0.8479 -3.5664 -0.0400
0.8666 -3.5837 -0.0400
2.3030 -5.1123 -0.0400
2.3193 -5.0487 -0.0400
2.3347 -4.9864 -0.0400
3.4240 -1.7874 -0.0400
3.3770 -1.7507 -0.0400
2.0916 -2.2039 -0.0400
2.0501 -2.1924 -0.0400
2.0231 -2.1760 -0.0400
2.0020 -2.1576 -0.0400
1.9847 -2.1378 -0.0400
1.9716 -2.1162 -0.0400
1.9649 -2.0913 -0.0400
1.9607 -2.0649 -0.0400
1.9605 -2.0358 -0.0400
1.9665 -2.0024 -0.0400
1.9894 -1.9579 -0.0400
1.2368 3.1913 -0.0400
1.1235 3.0781 -0.0400
1.0202 3.0673 -0.0400
0.9195 3.1027 -0.0400
0.1594 2.4786 -0.0400
0.0711 2.4415 -0.0400
-0.0238 2.4589 -0.0400
-1.9706 1.6960 -0.0400
-1.9695 1.5221 -0.0400
-2.0019 1.4097 -0.0400
-2.0772 1.3661 -0.0400
-0.6544 -1.0934 -0.0400
-0.6655 -1.1386 -0.0400
-0.6825 -1.1753 -0.0400
-0.6383 -1.2795 -0.0400
-0.6454 -1.3230 -0.0400
-0.6520 -1.3656 -0.0400
-0.6718 -1.3936 -0.0400
-0.6961 -1.4170 -0.0400
-0.7309 -1.4306 -0.0400
-0.7376 -1.4704 -0.0400
-0.7431 -1.5101 -0.0400
-0.7607 -1.5387 -0.0400
-0.7846 -1.5620 -0.0400
-0.8182 -1.5778 -0.0400
-0.8728 -1.5785 -0.0400
-2.7486 -0.2517 -0.0400
-2.7623 -0.3330 -0.0400
-2.8194 -0.3835 -0.0400
-2.8331 -0.4630 -0.0400
-2.8673 -0.5284 -0.0400
-2.9595 -0.5585 -0.0400
-3.1669 -1.9355 -0.0400
-3.1646 -2.0062 -0.0400
-3.2013 -2.0694 -0.0400
-3.2776 -2.1272 -0.0400
-0.7498 -2.6320 -0.0400
-0.7163 -2.6596 -0.0400
-0.6991 -2.6852 -0.0400
-0.6817 -2.7101 -0.0400
-0.6796 -2.7341 -0.0400
-0.6807 -2.7580 -0.0400
-0.6853 -2.7820 -0.0400
-0.6942 -2.8063 -0.0400
-0.7373 -2.8327 -0.0400
-4.5262 -3.9630 -0.0400
-2.3662 -3.5774 -0.0400
-2.3192 -3.6214 -0.0400
-2.3242 -3.6801 -0.0400
-3.0229 -7.1966 -0.0400
-2.9257 -7.2373 -0.0400
-1.8111 -6.7761 -0.0400
-1.6392 -6.6497 -0.0400
-1.5408 -6.6377 -0.0400
-1.4702 -6.6718 -0.0400
-1.4159 -6.7363 -0.0400
0.0758 -5.0656 -0.0400
0.1251 -5.0398 -0.0400
0.1699 -5.0281 -0.0400
0.2092 -5.0395 -0.0400
0.2484 -5.0512 -0.0400
0.2852 -5.0784 -0.0400
0.7333 -3.5965 -0.0400
0.7467 -3.5777 -0.0400
0.7601 -3.5669 -0.0400
0.7736 -3.5598 -0.0400
0.7873 -3.5552 -0.0400
0.8014 -3.5549 -0.0400
0.8161 -3.5575 -0.0400
0.8316 -3.5635 -0.0400
0.8485 -3.5752 -0.0400
2.2939 -5.1138 -0.0400
2.3107 -5.0513 -0.0400
2.3245 -4.9870 -0.0400
2.3502 -4.9409 -0.0400
2.3954 -4.9206 -0.0400
2.4547 -4.9169 -0.0400
3.3590 -1.7198 -0.0400
2.0815 -2.1934 -0.0400
2.0421 -2.1817 -0.0400
2.0062 -2.1697 -0.0400
1.9899 -2.1494 -0.0400
1.9773 -2.1275 -0.0400
1.9674 -2.1043 -0.0400
1.9607 -2.0792 -0.0400
1.9574 -2.0520 -0.0400
1.9824 -2.0077 -0.0400
1.2488 3.1830 -0.0400
1.1359 3.0789 -0.0400
1.0324 3.0668 -0.0400
0.1661 2.5098 -0.0400
0.0799 2.4470 -0.0400
-1.9408 1.6554 -0.0400
-1.9675 1.5274 -0.0400
-1.9999 1.4143 -0.0400
-2.0762 1.3718 -0.0400
-0.6461 -1.1055 -0.0400
-0.6624 -1.1443 -0.0400
-0.6852 -1.1745 -0.0400
-0.6266 -1.2954 -0.0400
-0.6374 -1.3346 -0.0400
-0.6506 -1.3703 -0.0400
-0.6746 -1.3943 -0.0400
-0.6992 -1.4175 -0.0400
-0.7308 -1.4344 -0.0400
-0.7362 -1.4755 -0.0400
-0.7442 -1.5133 -0.0400
-0.7659 -1.5387 -0.0400
-0.7917 -1.5606 -0.0400
-0.8341 -1.5698 -0.0400
-2.7761 -0.1376 -0.0400
-2.7502 -0.2509 -0.0400
-2.7648 -0.3319 -0.0400
-2.8350 -0.3736 -0.0400
-2.8291 -0.4666 -0.0400
-2.8835 -0.5193 -0.0400
-3.2132 -1.8575 -0.0400
-3.1546 -1.9418 -0.0400
-3.1647 -2.0100 -0.0400
-3.1902 -2.0752 -0.0400
-0.7260 -2.6420 -0.0400
-0.7052 -2.6684 -0.0400
-0.6842 -2.6941 -0.0400
-0.6804 -2.7183 -0.0400
-0.6798 -2.7423 -0.0400
-0.6825 -2.7662 -0.0400
-0.6993 -2.7905 -0.0400
-0.7162 -2.8154 -0.0400
-0.7502 -2.8417 -0.0400
-2.3885 -3.5320 -0.0400
-2.3345 -3.5750 -0.0400
-2.3283 -3.6302 -0.0400
-3.0001 -7.1695 -0.0400
-1.8201 -6.7918 -0.0400
-1.6372 -6.6481 -0.0400
-1.5391 -6.6364 -0.0400
-1.4715 -6.6755 -0.0400
-1.4296 -6.7633 -0.0400
0.0871 -5.0299 -0.0400
0.1305 -5.0247 -0.0400
0.1716 -5.0278 -0.0400
0.2101 -5.0413 -0.0400
0.2503 -5.0476 -0.0400
0.2821 -5.1020 -0.0400
0.7343 -3.5971 -0.0400
0.7467 -3.5680 -0.0400
0.7602 -3.5608 -0.0400
0.7737 -3.5561 -0.0400
0.7873 -3.5535 -0.0400
0.8012 -3.5531 -0.0400
0.8156 -3.5548 -0.0400
0.8305 -3.5593 -0.0400
0.8516 -3.5936 -0.0400
2.2901 -5.1221 -0.0400
2.3048 -5.0566 -0.0400
2.3062 -4.9756 -0.0400
2.3436 -4.9457 -0.0400
2.3902 -4.9276 -0.0400
2.4541 -4.9297 -0.0400
2.0203 -2.1773 -0.0400
2.0001 -2.1587 -0.0400
1.9843 -2.1383 -0.0400
1.9741 -2.1151 -0.0400
1.9682 -2.0896 -0.0400
1.9664 -2.0615 -0.0400
1.9700 -2.0297 -0.0400
1.9849 -1.9902 -0.0400
2.8244 -0.1035 -0.0400
2.7616 -0.0869 -0.0400
2.7143 -0.0509 -0.0400
1.2578 3.1375 -0.0400
1.1484 3.0733 -0.0400
1.0468 3.0944 -0.0400
0.2650 2.5688 -0.0400
0.1807 2.4659 -0.0400
0.0898 2.4487 -0.0400
-0.0082 2.4869 -0.0400
-1.9372 1.6599 -0.0400
-1.9668 1.5358 -0.0400
-1.9977 1.4197 -0.0400
-0.6417 -1.0508 -0.0400
-0.6429 -1.1104 -0.0400
-0.6613 -1.1468 -0.0400
-0.6863 -1.1747 -0.0400
-0.6210 -1.3037 -0.0400
-0.6361 -1.3384 -0.0400
-0.6547 -1.3685 -0.0400
-0.6777 -1.3938 -0.0400
-0.7067 -1.4132 -0.0400
-0.7165 -1.4509 -0.0400
-0.7301 -1.4843 -0.0400
-0.7469 -1.5145 -0.0400
-0.7696 -1.5391 -0.0400
-0.7972 -1.5599 -0.0400
-0.8492 -1.5617 -0.0400
-2.7276 -0.1740 -0.0400
-2.7356 -0.2614 -0.0400
-2.7725 -0.3265 -0.0400
-2.8043 -0.3947 -0.0400
-2.8313 -0.4656 -0.0400
-2.8945 -0.5130 -0.0400
-3.1595 -1.8733 -0.0400
-3.1556 -1.9450 -0.0400
-3.1754 -2.0113 -0.0400
-3.2170 -2.0740 -0.0400
-0.7299 -2.6243 -0.0400
-0.7078 -2.6514 -0.0400
-0.6855 -2.6777 -0.0400
-0.6812 -2.7022 -0.0400
-0.6799 -2.7263 -0.0400
-0.6812 -2.7503 -0.0400
-0.6936 -2.7743 -0.0400
-0.7065 -2.7987 -0.0400
-0.7276 -2.8239 -0.0400
-0.7893 -2.8518 -0.0400
-4.5681 -3.8815 -0.0400
-2.4023 -3.5415 -0.0400
-2.3369 -3.5819 -0.0400
-2.9986 -7.1683 -0.0400
-1.7468 -6.6766 -0.0400
-1.6282 -6.6356 -0.0400
-1.5371 -6.6353 -0.0400
-1.4721 -6.6789 -0.0400
-1.4347 -6.7747 -0.0400
0.0911 -5.0238 -0.0400
0.1335 -5.0216 -0.0400
0.1738 -5.0270 -0.0400
0.2126 -5.0385 -0.0400
0.2506 -5.0548 -0.0400
0.7213 -3.5940 -0.0400
0.7347 -3.5769 -0.0400
0.7480 -3.5666 -0.0400
0.7613 -3.5598 -0.0400
0.7746 -3.5550 -0.0400
0.7881 -3.5534 -0.0400
0.8021 -3.5549 -0.0400
0.8167 -3.5589 -0.0400
0.8321 -3.5666 -0.0400
0.8495 -3.5825 -0.0400
2.3004 -5.1503 -0.0400
2.2757 -5.0281 -0.0400
2.3007 -4.9808 -0.0400
2.3369 -4.9495 -0.0400
2.3830 -4.9311 -0.0400
6.4707 -1.5152 -0.0400
