# .PCD v0.7 - Point Cloud Data file format
VERSION 0.7
FIELDS x y z
SIZE 4 4 4
TYPE F F F
COUNT 1 1 1
WIDTH 15031
HEIGHT 1
VIEWPOINT 0 0 0 1 0 0 0
POINTS 15031
DATA ascii
-0.9515 -0.9700 -0.0400
-0.9136 -1.0518 -0.0400
0.6818 -0.8860 -0.0400
3.4984 -2.3303 -0.0400
3.5624 -2.3148 -0.0400
3.6256 -2.3227 -0.0400
3.6890 -2.3310 -0.0400
4.6604 -0.9957 -0.0400
4.6893 -0.9537 -0.0400
4.7246 -0.9271 -0.0400
4.7655 -0.9127 -0.0400
4.8117 -0.9080 -0.0400
4.8361 -0.8616 -0.0400
4.8736 -0.8407 -0.0400
4.9169 -0.8296 -0.0400
4.9648 -0.8251 -0.0400
5.0443 -0.8692 -0.0400
5.0953 -0.8649 -0.0400
7.8427 -2.9583 -0.0400
7.5502 0.2959 -0.0400
7.5471 0.3688 -0.0400
7.5977 0.4291 -0.0400
6.8338 1.7759 -0.0400
6.7515 1.8188 -0.0400
6.7137 1.8674 -0.0400
6.6935 1.9186 -0.0400
6.6871 1.9726 -0.0400
6.6959 2.0304 -0.0400
8.2342 3.0161 -0.0400
5.8739 2.4040 -0.0400
5.7916 2.4097 -0.0400
5.7484 2.4338 -0.0400
5.7168 2.4635 -0.0400
5.6956 2.4989 -0.0400
5.6838 2.5401 -0.0400
5.6818 2.5880 -0.0400
5.6980 2.6491 -0.0400
6.7421 4.7966 -0.0400
6.6617 4.8278 -0.0400
6.6132 4.8964 -0.0400
4.1890 3.9224 -0.0400
4.1375 3.9008 -0.0400
4.0908 3.9017 -0.0400
4.0404 3.8757 -0.0400
3.9917 3.8539 -0.0400
3.9475 3.8648 -0.0400
3.9007 3.8495 -0.0400
3.8551 3.8410 -0.0400
3.8108 3.8483 -0.0400
3.6860 6.7869 -0.0400
3.5906 6.7437 -0.0400
3.4938 6.7879 -0.0400
3.3946 6.8482 -0.0400
2.2070 3.9455 -0.0400
2.1891 3.8705 -0.0400
2.1399 3.8515 -0.0400
2.0867 3.8385 -0.0400
2.0553 3.7905 -0.0400
2.0132 3.7600 -0.0400
1.9591 3.7468 -0.0400
1.8903 3.7527 -0.0400
2.2150 1.7138 -0.0400
2.2731 1.6709 -0.0400
2.2783 1.6435 -0.0400
2.2792 1.6176 -0.0400
2.2767 1.5926 -0.0400
2.2673 1.5690 -0.0400
2.2538 1.5460 -0.0400
2.2335 1.5238 -0.0400
2.1350 1.5119 -0.0400
2.1255 1.4857 -0.0400
2.1114 1.4598 -0.0400
2.0905 1.4342 -0.0400
2.0584 1.4086 -0.0400
0.7243 1.0357 -0.0400
-0.9435 -1.0054 -0.0400
-0.9141 -1.0917 -0.0400
0.6625 -0.8540 -0.0400
0.6955 -0.9099 -0.0400
3.5178 -2.3456 -0.0400
3.5821 -2.3223 -0.0400
3.6453 -2.3250 -0.0400
4.6786 -1.0125 -0.0400
4.7019 -0.9579 -0.0400
4.7331 -0.9232 -0.0400
4.7758 -0.9124 -0.0400
4.8145 -0.8935 -0.0400
4.8457 -0.8606 -0.0400
4.8812 -0.8364 -0.0400
4.9257 -0.8276 -0.0400
4.9750 -0.8255 -0.0400
5.0518 -0.8647 -0.0400
5.1025 -0.8600 -0.0400
7.8149 -3.0453 -0.0400
7.8554 -2.9371 -0.0400
7.9620 -2.8957 -0.0400
7.5503 0.3071 -0.0400
7.5458 0.3801 -0.0400
7.6144 0.4365 -0.0400
6.7693 1.8277 -0.0400
6.7207 1.8744 -0.0400
6.6937 1.9243 -0.0400
6.6963 1.9803 -0.0400
6.7185 2.0418 -0.0400
8.1911 3.0154 -0.0400
8.1965 3.1088 -0.0400
5.7862 2.4097 -0.0400
5.7456 2.4351 -0.0400
5.7151 2.4655 -0.0400
5.6908 2.4990 -0.0400
5.6817 2.5420 -0.0400
5.6777 2.5888 -0.0400
6.6499 4.8381 -0.0400
6.6020 4.9078 -0.0400
4.1269 3.8988 -0.0400
4.0792 3.8937 -0.0400
4.0288 3.8663 -0.0400
3.9818 3.8575 -0.0400
3.9367 3.8622 -0.0400
3.8896 3.8420 -0.0400
3.8447 3.8431 -0.0400
3.8007 3.8623 -0.0400
3.5646 6.7468 -0.0400
3.4654 6.8426 -0.0400
2.2056 3.9098 -0.0400
2.1719 3.8633 -0.0400
2.1191 3.8497 -0.0400
2.0761 3.8197 -0.0400
2.0423 3.7757 -0.0400
2.2466 1.6876 -0.0400
2.2780 1.6526 -0.0400
2.2797 1.6263 -0.0400
2.2783 1.6009 -0.0400
2.2733 1.5765 -0.0400
2.2557 1.5544 -0.0400
2.2351 1.5323 -0.0400
2.2002 1.5119 -0.0400
2.1322 1.4948 -0.0400
2.1228 1.4685 -0.0400
2.0895 1.4444 -0.0400
2.0548 1.4194 -0.0400
-0.9307 -1.0173 -0.0400
0.6706 -0.8624 -0.0400
0.6908 -0.9279 -0.0400
3.5303 -2.3306 -0.0400
3.5939 -2.3216 -0.0400
3.6571 -2.3340 -0.0400
4.6793 -0.9931 -0.0400
4.7066 -0.9482 -0.0400
4.7418 -0.9219 -0.0400
4.7866 -0.9153 -0.0400
4.8193 -0.8846 -0.0400
4.8517 -0.8542 -0.0400
4.8905 -0.8359 -0.0400
4.9366 -0.8293 -0.0400
4.9908 -0.8348 -0.0400
5.0628 -0.8655 -0.0400
5.1207 -0.8712 -0.0400
7.8062 -3.0072 -0.0400
7.8710 -2.9244 -0.0400
7.5758 0.2421 -0.0400
7.5419 0.3235 -0.0400
7.5482 0.3937 -0.0400
6.8406 1.7945 -0.0400
6.7514 1.8357 -0.0400
6.7117 1.8838 -0.0400
6.6943 1.9355 -0.0400
6.7021 1.9929 -0.0400
6.7350 2.0573 -0.0400
8.1842 3.0305 -0.0400
5.7726 2.4121 -0.0400
5.7365 2.4398 -0.0400
5.7088 2.4716 -0.0400
5.6870 2.5066 -0.0400
5.6832 2.5529 -0.0400
5.6836 2.6028 -0.0400
6.7223 4.8221 -0.0400
6.6366 4.8468 -0.0400
4.1763 3.9582 -0.0400
4.1177 3.8976 -0.0400
4.0680 3.8797 -0.0400
4.0190 3.8598 -0.0400
3.9730 3.8571 -0.0400
3.9284 3.8660 -0.0400
3.8807 3.8397 -0.0400
3.8363 3.8464 -0.0400
3.7926 3.8733 -0.0400
3.6418 6.7840 -0.0400
3.5465 6.7450 -0.0400
3.4463 6.8602 -0.0400
2.2187 3.9758 -0.0400
2.2027 3.8952 -0.0400
2.1647 3.8566 -0.0400
2.1042 3.8558 -0.0400
2.0726 3.8073 -0.0400
2.0357 3.7684 -0.0400
2.2549 1.6809 -0.0400
2.2800 1.6479 -0.0400
2.2805 1.6219 -0.0400
2.2779 1.5969 -0.0400
2.2719 1.5726 -0.0400
2.2514 1.5510 -0.0400
2.2275 1.5294 -0.0400
2.1805 1.5105 -0.0400
2.1308 1.4905 -0.0400
2.1204 1.4643 -0.0400
2.0822 1.4406 -0.0400
2.0412 1.4158 -0.0400
-0.9519 -0.9691 -0.0400
-0.9139 -1.0508 -0.0400
0.6806 -0.8860 -0.0400
3.4977 -2.3295 -0.0400
3.5617 -2.3147 -0.0400
3.6249 -2.3226 -0.0400
3.6883 -2.3323 -0.0400
4.6593 -0.9946 -0.0400
4.6887 -0.9536 -0.0400
4.7242 -0.9275 -0.0400
4.7653 -0.9133 -0.0400
4.8109 -0.9074 -0.0400
4.8357 -0.8619 -0.0400
4.8734 -0.8412 -0.0400
4.9170 -0.8307 -0.0400
4.9653 -0.8271 -0.0400
5.0443 -0.8702 -0.0400
5.0957 -0.8665 -0.0400
7.8409 -2.9582 -0.0400
7.5484 0.2955 -0.0400
7.5478 0.3678 -0.0400
7.6002 0.4277 -0.0400
6.8287 1.7745 -0.0400
6.7502 1.8179 -0.0400
6.7133 1.8667 -0.0400
6.6935 1.9179 -0.0400
6.6877 1.9720 -0.0400
6.6972 2.0300 -0.0400
8.2272 3.0124 -0.0400
5.8674 2.4001 -0.0400
5.7906 2.4085 -0.0400
5.7479 2.4330 -0.0400
5.7167 2.4629 -0.0400
5.6961 2.4986 -0.0400
5.6846 2.5400 -0.0400
5.6832 2.5883 -0.0400
5.7014 2.6507 -0.0400
6.7396 4.7923 -0.0400
6.6624 4.8272 -0.0400
6.6155 4.8977 -0.0400
4.1890 3.9199 -0.0400
4.1379 3.8999 -0.0400
4.0913 3.9016 -0.0400
4.0407 3.8743 -0.0400
3.9922 3.8536 -0.0400
3.9480 3.8650 -0.0400
3.9011 3.8484 -0.0400
3.8556 3.8406 -0.0400
3.8114 3.8486 -0.0400
3.6871 6.7828 -0.0400
3.5917 6.7440 -0.0400
3.4948 6.7920 -0.0400
3.3955 6.8513 -0.0400
2.2094 3.9423 -0.0400
2.1897 3.8706 -0.0400
2.1400 3.8525 -0.0400
2.0881 3.8373 -0.0400
2.0562 3.7902 -0.0400
2.0136 3.7604 -0.0400
1.9591 3.7478 -0.0400
1.8895 3.7547 -0.0400
2.2196 1.7127 -0.0400
2.2738 1.6709 -0.0400
2.2787 1.6436 -0.0400
2.2795 1.6177 -0.0400
2.2767 1.5928 -0.0400
2.2672 1.5693 -0.0400
2.2535 1.5463 -0.0400
2.2328 1.5242 -0.0400
2.1350 1.5121 -0.0400
2.1254 1.4860 -0.0400
2.1111 1.4602 -0.0400
2.0899 1.4345 -0.0400
2.0570 1.4090 -0.0400
0.7285 1.0366 -0.0400
-0.9678 -0.9567 -0.0400
0.6685 -0.8759 -0.0400
3.4890 -2.3405 -0.0400
3.5536 -2.3220 -0.0400
3.6171 -2.3245 -0.0400
3.6809 -2.3889 -0.0400
4.6620 -1.0047 -0.0400
4.6892 -0.9579 -0.0400
4.7237 -0.9292 -0.0400
4.7729 -0.9310 -0.0400
4.8016 -0.8912 -0.0400
4.8359 -0.8637 -0.0400
4.8739 -0.8430 -0.0400
4.9185 -0.8339 -0.0400
5.0025 -0.8884 -0.0400
5.0470 -0.8746 -0.0400
5.1048 -0.8803 -0.0400
7.8416 -2.9635 -0.0400
7.5454 0.2272 -0.0400
7.5324 0.3034 -0.0400
7.5439 0.3725 -0.0400
6.8638 1.7856 -0.0400
6.7250 1.8198 -0.0400
6.7034 1.8710 -0.0400
6.6957 1.9246 -0.0400
6.7026 1.9815 -0.0400
6.7339 2.0450 -0.0400
8.1951 3.0038 -0.0400
5.8472 2.3975 -0.0400
5.7811 2.4111 -0.0400
5.7410 2.4368 -0.0400
5.7099 2.4667 -0.0400
5.6953 2.5058 -0.0400
5.6880 2.5497 -0.0400
5.6937 2.6026 -0.0400
6.6621 4.8290 -0.0400
4.1861 3.9061 -0.0400
4.1370 3.8952 -0.0400
4.0908 3.8976 -0.0400
4.0373 3.8492 -0.0400
3.9923 3.8518 -0.0400
3.9485 3.8636 -0.0400
3.9018 3.8469 -0.0400
3.8567 3.8432 -0.0400
3.8136 3.8685 -0.0400
3.6934 6.8176 -0.0400
3.5977 6.7592 -0.0400
3.4998 6.8387 -0.0400
2.2357 3.9106 -0.0400
2.1967 3.8741 -0.0400
2.1481 3.8546 -0.0400
2.0942 3.8430 -0.0400
2.0667 3.7894 -0.0400
2.0205 3.7654 -0.0400
1.9646 3.7552 -0.0400
1.8815 3.7812 -0.0400
1.8243 3.7685 -0.0400
1.7598 3.7639 -0.0400
2.2242 1.7236 -0.0400
2.2573 1.6875 -0.0400
2.2806 1.6554 -0.0400
2.2815 1.6295 -0.0400
2.2806 1.6042 -0.0400
2.2722 1.5806 -0.0400
2.2606 1.5574 -0.0400
2.2218 1.5383 -0.0400
2.1385 1.5242 -0.0400
2.1314 1.4979 -0.0400
2.1205 1.4718 -0.0400
2.0815 1.4479 -0.0400
2.0406 1.4229 -0.0400
0.7957 1.0069 -0.0400
0.8105 0.9578 -0.0400
0.8080 0.9066 -0.0400
-1.0504 -0.8754 -0.0400
-0.9695 -0.9372 -0.0400
-0.9373 -1.0220 -0.0400
0.6229 -0.8095 -0.0400
0.6602 -0.8628 -0.0400
-0.0011 -2.9009 -0.0400
0.1250 -2.9027 -0.0400
3.4816 -2.3153 -0.0400
3.5452 -2.3193 -0.0400
3.6088 -2.3230 -0.0400
3.6726 -2.3559 -0.0400
4.6271 -1.0421 -0.0400
4.6505 -0.9834 -0.0400
4.6840 -0.9510 -0.0400
4.7240 -0.9338 -0.0400
4.7699 -0.9285 -0.0400
4.8026 -0.8961 -0.0400
4.8358 -0.8659 -0.0400
4.8801 -0.8562 -0.0400
4.9313 -0.8574 -0.0400
5.0026 -0.8900 -0.0400
5.0477 -0.8768 -0.0400
5.1084 -0.8867 -0.0400
7.7681 -3.0435 -0.0400
7.5471 0.2300 -0.0400
7.5275 0.3081 -0.0400
7.5576 0.3727 -0.0400
6.7718 1.7779 -0.0400
6.7275 1.8263 -0.0400
6.7030 1.8770 -0.0400
6.6931 1.9302 -0.0400
6.7339 1.9946 -0.0400
8.2499 3.0278 -0.0400
5.8402 2.4016 -0.0400
5.7554 2.4055 -0.0400
5.7273 2.4372 -0.0400
5.7070 2.4729 -0.0400
5.6938 2.5128 -0.0400
5.6897 2.5586 -0.0400
6.7293 4.7858 -0.0400
6.6685 4.8393 -0.0400
4.1886 3.9218 -0.0400
4.1357 3.8908 -0.0400
4.0868 3.8755 -0.0400
4.0365 3.8455 -0.0400
3.9920 3.8498 -0.0400
3.9486 3.8640 -0.0400
3.9007 3.8336 -0.0400
3.8571 3.8428 -0.0400
3.8142 3.8684 -0.0400
3.6984 6.7364 -0.0400
3.6035 6.7440 -0.0400
3.5060 6.8315 -0.0400
2.2384 3.9205 -0.0400
2.2028 3.8780 -0.0400
2.1562 3.8555 -0.0400
2.1125 3.8279 -0.0400
2.0735 3.7932 -0.0400
2.0276 3.7691 -0.0400
1.9720 3.7588 -0.0400
1.8802 3.7975 -0.0400
1.8308 3.7744 -0.0400
1.7626 3.7748 -0.0400
2.2650 1.6973 -0.0400
2.2740 1.6689 -0.0400
2.2847 1.6407 -0.0400
2.2830 1.6157 -0.0400
2.2761 1.5918 -0.0400
2.2654 1.5686 -0.0400
2.2329 1.5487 -0.0400
2.1958 1.5283 -0.0400
2.1360 1.5097 -0.0400
2.1155 1.4848 -0.0400
2.0953 1.4592 -0.0400
2.0654 1.4337 -0.0400
0.7784 1.0201 -0.0400
0.8055 0.9723 -0.0400
0.8142 0.9226 -0.0400
0.7497 0.8615 -0.0400
-0.9829 -0.9233 -0.0400
0.6049 -0.8028 -0.0400
0.6543 -0.8476 -0.0400
0.0364 -2.8312 -0.0400
0.1118 -2.8915 -0.0400
3.4065 -2.3418 -0.0400
3.4724 -2.3151 -0.0400
3.5362 -2.3183 -0.0400
3.6000 -2.3228 -0.0400
4.6528 -0.9958 -0.0400
4.6837 -0.9565 -0.0400
4.7260 -0.9435 -0.0400
4.7648 -0.9228 -0.0400
4.7973 -0.8902 -0.0400
4.8342 -0.8666 -0.0400
4.8776 -0.8549 -0.0400
4.9271 -0.8531 -0.0400
5.0006 -0.8893 -0.0400
5.0668 -0.9095 -0.0400
7.5966 0.1443 -0.0400
7.5344 0.2366 -0.0400
7.5293 0.3108 -0.0400
7.6106 0.3630 -0.0400
6.7372 1.7787 -0.0400
6.7124 1.8298 -0.0400
6.7014 1.8828 -0.0400
6.7038 1.9385 -0.0400
6.7247 1.9986 -0.0400
8.2290 2.9333 -0.0400
8.2174 3.0193 -0.0400
5.8583 2.3708 -0.0400
5.7911 2.3850 -0.0400
5.7518 2.4115 -0.0400
5.7237 2.4431 -0.0400
5.7038 2.4790 -0.0400
5.7103 2.5304 -0.0400
5.7289 2.5905 -0.0400
6.7208 4.7795 -0.0400
6.6722 4.8469 -0.0400
4.2337 3.9164 -0.0400
4.1817 3.8938 -0.0400
4.1321 3.8774 -0.0400
4.0826 3.8562 -0.0400
4.0359 3.8471 -0.0400
3.9916 3.8519 -0.0400
3.9464 3.8489 -0.0400
3.9002 3.8323 -0.0400
3.8570 3.8448 -0.0400
3.8146 3.8753 -0.0400
3.8001 6.8195 -0.0400
3.7032 6.7306 -0.0400
3.6086 6.7395 -0.0400
3.5097 6.8934 -0.0400
2.2528 3.9078 -0.0400
2.2090 3.8807 -0.0400
2.1531 3.8743 -0.0400
2.1162 3.8354 -0.0400
2.0799 3.7966 -0.0400
2.0349 3.7716 -0.0400
1.9497 3.8046 -0.0400
1.8869 3.8018 -0.0400
1.8382 3.7781 -0.0400
1.7706 3.7782 -0.0400
2.2557 1.7115 -0.0400
2.2820 1.6785 -0.0400
2.2838 1.6525 -0.0400
2.2867 1.6266 -0.0400
2.2820 1.6024 -0.0400
2.2685 1.5799 -0.0400
2.2549 1.5570 -0.0400
2.2060 1.5389 -0.0400
2.1389 1.5214 -0.0400
2.1214 1.4964 -0.0400
2.1041 1.4707 -0.0400
2.0786 1.4452 -0.0400
0.7898 1.0362 -0.0400
0.8070 0.9874 -0.0400
0.8082 0.9368 -0.0400
0.7890 0.8829 -0.0400
-0.9553 -0.9900 -0.0400
0.6220 -0.8513 -0.0400
-0.0251 -2.8746 -0.0400
0.0701 -2.9137 -0.0400
3.3974 -2.3303 -0.0400
3.4627 -2.3138 -0.0400
3.5265 -2.3194 -0.0400
3.5901 -2.3480 -0.0400
4.6161 -1.0323 -0.0400
4.6436 -0.9826 -0.0400
4.6793 -0.9542 -0.0400
4.7214 -0.9405 -0.0400
4.7672 -0.9339 -0.0400
4.7973 -0.8956 -0.0400
4.8356 -0.8741 -0.0400
4.8838 -0.8705 -0.0400
4.9457 -0.8893 -0.0400
5.0046 -0.8997 -0.0400
5.0595 -0.9012 -0.0400
7.5187 0.2437 -0.0400
7.5364 0.3117 -0.0400
6.7823 1.7354 -0.0400
6.7369 1.7845 -0.0400
6.7119 1.8357 -0.0400
6.7001 1.8886 -0.0400
6.7302 1.9497 -0.0400
6.7947 2.0198 -0.0400
8.2739 2.8625 -0.0400
8.2271 2.9362 -0.0400
5.8647 2.3815 -0.0400
5.7679 2.3814 -0.0400
5.7396 2.4132 -0.0400
5.7200 2.4492 -0.0400
5.7081 2.4895 -0.0400
5.7070 2.5365 -0.0400
5.7271 2.5974 -0.0400
6.8060 4.7568 -0.0400
6.7271 4.7904 -0.0400
4.2288 3.9029 -0.0400
4.1791 3.8894 -0.0400
4.1298 3.8735 -0.0400
4.0783 3.8398 -0.0400
4.0337 3.8413 -0.0400
3.9902 3.8507 -0.0400
3.9437 3.8340 -0.0400
3.8992 3.8310 -0.0400
3.8570 3.8530 -0.0400
3.8157 3.9004 -0.0400
3.8032 6.7749 -0.0400
3.7075 6.7259 -0.0400
3.6124 6.8264 -0.0400
3.5146 6.8929 -0.0400
2.2688 4.0008 -0.0400
2.2545 3.9171 -0.0400
2.2154 3.8819 -0.0400
2.1648 3.8670 -0.0400
2.1288 3.8275 -0.0400
2.0851 3.8009 -0.0400
2.0338 3.7857 -0.0400
1.9669 3.7922 -0.0400
1.8930 3.8060 -0.0400
1.8464 3.7798 -0.0400
2.2883 1.6376 -0.0400
2.2842 1.6135 -0.0400
2.2760 1.5900 -0.0400
2.2562 1.5684 -0.0400
2.2359 1.5462 -0.0400
2.1414 1.5330 -0.0400
2.1332 1.5070 -0.0400
2.1091 1.4823 -0.0400
2.0863 1.4567 -0.0400
0.7031 1.0945 -0.0400
0.7767 1.0497 -0.0400
0.8023 1.0017 -0.0400
0.8112 0.9522 -0.0400
0.7602 0.8935 -0.0400
0.5908 -0.7736 -0.0400
0.6314 -0.8247 -0.0400
-0.0043 -2.8235 -0.0400
0.0833 -2.8702 -0.0400
3.5799 -2.3600 -0.0400
4.6370 -0.9769 -0.0400
4.6772 -0.9584 -0.0400
4.7236 -0.9534 -0.0400
4.7584 -0.9235 -0.0400
4.7926 -0.8931 -0.0400
4.8315 -0.8726 -0.0400
4.8783 -0.8663 -0.0400
4.9343 -0.8747 -0.0400
5.0122 -0.9171 -0.0400
7.5142 0.1739 -0.0400
7.5119 0.2480 -0.0400
7.5599 0.3079 -0.0400
6.7750 1.7401 -0.0400
6.7341 1.7899 -0.0400
6.7086 1.8409 -0.0400
6.7104 1.8963 -0.0400
6.7284 1.9552 -0.0400
6.7868 2.0239 -0.0400
8.2194 2.9371 -0.0400
5.8995 2.3580 -0.0400
5.8088 2.3630 -0.0400
5.7662 2.3885 -0.0400
5.7368 2.4198 -0.0400
5.7163 2.4553 -0.0400
5.7226 2.5058 -0.0400
5.7423 2.5653 -0.0400
6.7789 4.7314 -0.0400
6.7184 4.7847 -0.0400
4.2223 3.8846 -0.0400
4.1752 3.8815 -0.0400
4.1248 3.8586 -0.0400
4.0755 3.8351 -0.0400
4.0315 3.8395 -0.0400
3.9881 3.8478 -0.0400
3.9411 3.8254 -0.0400
3.8978 3.8312 -0.0400
3.8576 3.8757 -0.0400
3.8058 6.7382 -0.0400
3.7113 6.7244 -0.0400
3.6165 6.8277 -0.0400
2.2982 3.9557 -0.0400
2.2644 3.9101 -0.0400
2.2186 3.8876 -0.0400
2.1585 3.8890 -0.0400
2.1306 3.8358 -0.0400
2.0913 3.8026 -0.0400
2.0446 3.7809 -0.0400
1.9410 3.8417 -0.0400
1.8980 3.8108 -0.0400
1.8408 3.7991 -0.0400
2.2648 1.5783 -0.0400
2.2318 1.5583 -0.0400
2.1933 1.5379 -0.0400
2.1345 1.5186 -0.0400
2.1232 1.4928 -0.0400
2.0882 1.4685 -0.0400
2.0540 1.4430 -0.0400
0.7637 1.0631 -0.0400
0.8042 1.0166 -0.0400
0.8039 0.9660 -0.0400
0.7844 0.9121 -0.0400
0.5971 -0.8294 -0.0400
-0.0178 -2.8112 -0.0400
0.0665 -2.8621 -0.0400
4.6060 -1.0307 -0.0400
4.6358 -0.9853 -0.0400
4.6731 -0.9597 -0.0400
4.7164 -0.9475 -0.0400
4.7519 -0.9189 -0.0400
4.7893 -0.8947 -0.0400
4.8328 -0.8825 -0.0400
4.8835 -0.8826 -0.0400
4.9580 -0.9222 -0.0400
5.0041 -0.9097 -0.0400
5.0715 -0.9305 -0.0400
7.5156 0.1753 -0.0400
7.5164 0.2487 -0.0400
7.5818 0.3041 -0.0400
6.8298 1.6959 -0.0400
6.7628 1.7440 -0.0400
6.7167 1.7929 -0.0400
6.7088 1.8466 -0.0400
6.7121 1.9023 -0.0400
6.7311 1.9615 -0.0400
8.2452 2.8600 -0.0400
8.2733 2.9593 -0.0400
5.8270 2.3333 -0.0400
5.7826 2.3586 -0.0400
5.7526 2.3898 -0.0400
5.7316 2.4252 -0.0400
5.7192 2.4650 -0.0400
5.7166 2.5106 -0.0400
5.7329 2.5679 -0.0400
6.7740 4.7307 -0.0400
4.2185 3.8805 -0.0400
4.1716 3.8773 -0.0400
4.1188 3.8408 -0.0400
4.0723 3.8314 -0.0400
4.0288 3.8373 -0.0400
3.9844 3.8362 -0.0400
3.9388 3.8231 -0.0400
3.8959 3.8308 -0.0400
3.8559 3.8758 -0.0400
3.8082 6.7134 -0.0400
3.7145 6.7247 -0.0400
3.6203 6.7891 -0.0400
2.2893 3.9831 -0.0400
2.2664 3.9165 -0.0400
2.2256 3.8853 -0.0400
2.1743 3.8724 -0.0400
2.1398 3.8311 -0.0400
2.0949 3.8072 -0.0400
2.0410 3.7968 -0.0400
1.9618 3.8220 -0.0400
1.9049 3.8118 -0.0400
1.8539 3.7922 -0.0400
2.1404 1.5293 -0.0400
2.1215 1.5044 -0.0400
2.1049 1.4788 -0.0400
2.0480 1.4551 -0.0400
0.7861 1.0797 -0.0400
0.8024 1.0309 -0.0400
0.8060 0.9808 -0.0400
0.7944 0.9283 -0.0400
0.6140 -0.7973 -0.0400
-0.0457 -2.8149 -0.0400
2.3972 -1.2598 -0.0400
4.5935 -1.0134 -0.0400
4.6286 -0.9811 -0.0400
4.6702 -0.9651 -0.0400
4.7181 -0.9623 -0.0400
4.7507 -0.9265 -0.0400
4.7864 -0.8984 -0.0400
4.8268 -0.8797 -0.0400
4.8948 -0.9113 -0.0400
4.9577 -0.9294 -0.0400
5.0121 -0.9303 -0.0400
7.5361 0.0954 -0.0400
7.4991 0.1818 -0.0400
7.5194 0.2494 -0.0400
7.5907 0.3033 -0.0400
6.7926 1.6970 -0.0400
6.7290 1.7451 -0.0400
6.7149 1.7981 -0.0400
6.7106 1.8523 -0.0400
6.7172 1.9087 -0.0400
8.2455 2.8635 -0.0400
8.2534 2.9558 -0.0400
5.8271 2.3410 -0.0400
5.7812 2.3658 -0.0400
5.7501 2.3966 -0.0400
5.7339 2.4344 -0.0400
5.7303 2.4790 -0.0400
5.7445 2.5343 -0.0400
6.7829 4.7450 -0.0400
4.2640 3.8903 -0.0400
4.2130 3.8713 -0.0400
4.1647 3.8600 -0.0400
4.1144 3.8338 -0.0400
4.0691 3.8298 -0.0400
4.0267 3.8421 -0.0400
3.9798 3.8226 -0.0400
3.9362 3.8233 -0.0400
3.8939 3.8352 -0.0400
3.8557 3.8983 -0.0400
3.8105 6.7069 -0.0400
3.7178 6.7630 -0.0400
3.6232 6.8232 -0.0400
2.3099 3.9521 -0.0400
2.2739 3.9116 -0.0400
2.2268 3.8922 -0.0400
2.1717 3.8860 -0.0400
2.1419 3.8368 -0.0400
2.1011 3.8067 -0.0400
2.0309 3.8215 -0.0400
1.9524 3.8454 -0.0400
1.9066 3.8193 -0.0400
1.8433 3.8167 -0.0400
0.4762 3.6382 -0.0400
0.4607 3.5660 -0.0400
0.4290 3.5058 -0.0400
2.0708 1.4652 -0.0400
0.7845 1.0938 -0.0400
0.8009 1.0450 -0.0400
0.8057 0.9952 -0.0400
0.7561 0.9372 -0.0400
-1.0609 -0.7784 -0.0400
-1.0213 -0.8598 -0.0400
-0.1721 -2.7807 -0.0400
-0.0333 -2.7728 -0.0400
2.4730 -1.1840 -0.0400
2.5244 -1.1892 -0.0400
2.5719 -1.2025 -0.0400
4.5926 -1.0268 -0.0400
4.6254 -0.9879 -0.0400
4.6647 -0.9659 -0.0400
4.7094 -0.9559 -0.0400
4.7436 -0.9234 -0.0400
4.7821 -0.9005 -0.0400
4.8276 -0.8912 -0.0400
4.8808 -0.8950 -0.0400
4.9520 -0.9284 -0.0400
5.0006 -0.9194 -0.0400
7.5203 0.1013 -0.0400
7.4964 0.1836 -0.0400
7.5310 0.2471 -0.0400
6.8133 1.6480 -0.0400
6.7634 1.6989 -0.0400
6.7340 1.7507 -0.0400
6.7150 1.8032 -0.0400
6.7159 1.8584 -0.0400
6.7724 1.9236 -0.0400
8.2750 2.8763 -0.0400
5.8422 2.3096 -0.0400
5.7963 2.3350 -0.0400
5.7653 2.3662 -0.0400
5.7433 2.4012 -0.0400
5.7299 2.4404 -0.0400
5.7252 2.4844 -0.0400
5.7363 2.5378 -0.0400
6.8278 4.6803 -0.0400
6.7815 4.7486 -0.0400
4.2584 3.8834 -0.0400
4.2087 3.8691 -0.0400
4.1557 3.8343 -0.0400
4.1088 3.8232 -0.0400
4.0652 3.8275 -0.0400
4.0226 3.8370 -0.0400
3.9760 3.8182 -0.0400
3.9331 3.8228 -0.0400
3.8927 3.8513 -0.0400
3.9097 6.7784 -0.0400
3.8125 6.7031 -0.0400
3.7202 6.7654 -0.0400
3.6257 6.8202 -0.0400
2.3056 3.9679 -0.0400
2.2776 3.9124 -0.0400
2.2223 3.9080 -0.0400
2.1854 3.8705 -0.0400
2.1486 3.8339 -0.0400
2.1034 3.8113 -0.0400
2.0481 3.8038 -0.0400
1.9546 3.8510 -0.0400
1.9150 3.8164 -0.0400
0.4473 3.7571 -0.0400
0.4861 3.6433 -0.0400
0.4690 3.5725 -0.0400
0.4350 3.5141 -0.0400
0.3504 3.4884 -0.0400
0.7621 1.1056 -0.0400
0.8002 1.0590 -0.0400
0.8041 1.0091 -0.0400
0.7575 0.9517 -0.0400
-1.0183 -0.8380 -0.0400
-0.1218 -2.7072 -0.0400
-0.0684 -2.7935 -0.0400
2.3449 -1.2000 -0.0400
2.4137 -1.1730 -0.0400
2.4726 -1.1634 -0.0400
2.5180 -1.1818 -0.0400
2.5546 -1.2211 -0.0400
2.5891 -1.2681 -0.0400
4.5412 -1.0311 -0.0400
4.5796 -1.0054 -0.0400
4.6232 -0.9932 -0.0400
4.6705 -0.9888 -0.0400
4.7031 -0.9514 -0.0400
4.7410 -0.9263 -0.0400
4.7925 -0.9291 -0.0400
4.8561 -0.9530 -0.0400
4.9143 -0.9632 -0.0400
4.9724 -0.9709 -0.0400
7.4724 0.0424 -0.0400
7.4793 0.1151 -0.0400
7.5163 0.1778 -0.0400
6.8165 1.5952 -0.0400
6.7482 1.6455 -0.0400
6.7314 1.6988 -0.0400
6.7290 1.7534 -0.0400
6.7382 1.8097 -0.0400
6.7621 1.8689 -0.0400
8.2918 2.7057 -0.0400
8.3056 2.7985 -0.0400
5.8549 2.2744 -0.0400
5.8109 2.3013 -0.0400
5.7809 2.3333 -0.0400
5.7641 2.3708 -0.0400
5.7602 2.4146 -0.0400
5.7714 2.4667 -0.0400
6.8831 4.6253 -0.0400
6.8349 4.6911 -0.0400
4.3458 3.8710 -0.0400
4.2956 3.8586 -0.0400
4.2483 3.8544 -0.0400
4.1951 3.8220 -0.0400
4.1480 3.8108 -0.0400
4.1049 3.8170 -0.0400
4.0593 3.8081 -0.0400
4.0152 3.8050 -0.0400
3.9737 3.8186 -0.0400
3.9350 3.8570 -0.0400
4.0007 6.7075 -0.0400
3.9065 6.6954 -0.0400
3.8169 6.8011 -0.0400
3.7225 6.8318 -0.0400
2.3898 4.0328 -0.0400
2.3668 3.9633 -0.0400
2.3266 3.9315 -0.0400
2.2765 3.9189 -0.0400
2.2284 3.9018 -0.0400
2.1956 3.8577 -0.0400
2.1445 3.8455 -0.0400
2.0778 3.8569 -0.0400
2.0062 3.8730 -0.0400
1.9582 3.8510 -0.0400
1.8906 3.8563 -0.0400
0.5316 3.7019 -0.0400
0.5148 3.6304 -0.0400
0.4664 3.5821 -0.0400
0.3881 3.5533 -0.0400
0.7722 1.1662 -0.0400
0.7923 1.1176 -0.0400
0.7969 1.0679 -0.0400
0.7850 1.0160 -0.0400
-1.1064 -0.6662 -0.0400
-1.0703 -0.7491 -0.0400
-1.0592 -0.8439 -0.0400
-0.2570 -2.6808 -0.0400
-0.1333 -2.6919 -0.0400
2.4043 -1.1608 -0.0400
2.4574 -1.1638 -0.0400
2.5046 -1.1787 -0.0400
2.5453 -1.2085 -0.0400
2.5615 -1.3014 -0.0400
4.5057 -1.0870 -0.0400
4.5366 -1.0384 -0.0400
4.5739 -1.0092 -0.0400
4.6167 -0.9945 -0.0400
4.6584 -0.9771 -0.0400
4.6954 -0.9492 -0.0400
4.7362 -0.9302 -0.0400
4.7841 -0.9253 -0.0400
4.8403 -0.9350 -0.0400
4.9071 -0.9617 -0.0400
7.4659 0.0445 -0.0400
7.4863 0.1128 -0.0400
7.5378 0.1713 -0.0400
6.8681 1.5458 -0.0400
6.7968 1.5981 -0.0400
6.7444 1.6495 -0.0400
6.7289 1.7030 -0.0400
6.7292 1.7580 -0.0400
6.7664 1.8182 -0.0400
6.8211 1.8828 -0.0400
8.3575 2.6381 -0.0400
8.2900 2.7080 -0.0400
5.9253 2.2635 -0.0400
5.8465 2.2783 -0.0400
5.7936 2.3015 -0.0400
5.7739 2.3377 -0.0400
5.7619 2.3774 -0.0400
5.7581 2.4213 -0.0400
5.7688 2.4731 -0.0400
6.9393 4.5731 -0.0400
6.8851 4.6326 -0.0400
4.3416 3.8731 -0.0400
4.2878 3.8473 -0.0400
4.2361 3.8239 -0.0400
4.1868 3.8055 -0.0400
4.1436 3.8109 -0.0400
4.1018 3.8230 -0.0400
4.0550 3.8073 -0.0400
4.0111 3.8051 -0.0400
3.9702 3.8215 -0.0400
4.0004 6.6887 -0.0400
3.9075 6.6930 -0.0400
3.8182 6.7968 -0.0400
2.3738 3.9542 -0.0400
2.3267 3.9367 -0.0400
2.2705 3.9358 -0.0400
2.2397 3.8874 -0.0400
2.1995 3.8570 -0.0400
2.1530 3.8377 -0.0400
2.0947 3.8365 -0.0400
2.0090 3.8756 -0.0400
1.9520 3.8673 -0.0400
0.5296 3.7144 -0.0400
0.5248 3.6342 -0.0400
0.4745 3.5876 -0.0400
0.3974 3.5584 -0.0400
0.7651 1.1790 -0.0400
0.7957 1.1314 -0.0400
0.7998 1.0818 -0.0400
0.7704 1.0279 -0.0400
-1.1435 -0.6624 -0.0400
-1.0659 -0.7271 -0.0400
0.5116 -0.6566 -0.0400
-0.1495 -2.6814 -0.0400
2.3920 -1.1542 -0.0400
2.4451 -1.1574 -0.0400
2.4925 -1.1717 -0.0400
2.5305 -1.2083 -0.0400
2.5645 -1.2567 -0.0400
4.4996 -1.0927 -0.0400
4.5305 -1.0433 -0.0400
4.5678 -1.0134 -0.0400
4.6150 -1.0089 -0.0400
4.6539 -0.9839 -0.0400
4.6902 -0.9539 -0.0400
4.7301 -0.9326 -0.0400
4.7872 -0.9458 -0.0400
4.8596 -0.9857 -0.0400
4.9072 -0.9749 -0.0400
4.9741 -0.9971 -0.0400
7.4877 -0.0404 -0.0400
7.4675 0.0433 -0.0400
7.4894 0.1112 -0.0400
7.5493 0.1673 -0.0400
6.8806 1.5501 -0.0400
6.7717 1.6004 -0.0400
6.7379 1.6531 -0.0400
6.7306 1.7074 -0.0400
6.7337 1.7628 -0.0400
6.7762 1.8239 -0.0400
8.2994 2.7132 -0.0400
5.8901 2.2570 -0.0400
5.8148 2.2728 -0.0400
5.7897 2.3071 -0.0400
5.7719 2.3442 -0.0400
5.7609 2.3845 -0.0400
5.7893 2.4439 -0.0400
6.9467 4.5854 -0.0400
6.8802 4.6330 -0.0400
4.3316 3.8566 -0.0400
4.2823 3.8458 -0.0400
4.2274 3.8096 -0.0400
4.1821 3.8068 -0.0400
4.1387 3.8109 -0.0400
4.0942 3.8082 -0.0400
4.0490 3.7993 -0.0400
4.0071 3.8076 -0.0400
3.9679 3.8349 -0.0400
4.1021 6.7772 -0.0400
3.9997 6.6713 -0.0400
3.9087 6.7025 -0.0400
3.8194 6.8023 -0.0400
2.4124 3.9933 -0.0400
2.3757 3.9543 -0.0400
2.3301 3.9342 -0.0400
2.2738 3.9342 -0.0400
2.2459 3.8809 -0.0400
2.2004 3.8604 -0.0400
2.1466 3.8535 -0.0400
2.0682 3.8844 -0.0400
2.0136 3.8744 -0.0400
1.9629 3.8572 -0.0400
1.8819 3.8825 -0.0400
0.5605 3.7865 -0.0400
0.5590 3.7026 -0.0400
0.5305 3.6405 -0.0400
0.4840 3.5915 -0.0400
0.4140 3.5579 -0.0400
0.7779 1.0423 -0.0400
-1.1083 -0.6276 -0.0400
-1.0773 -0.7124 -0.0400
0.5166 -0.7125 -0.0400
2.3066 -1.1816 -0.0400
2.3771 -1.1523 -0.0400
2.4314 -1.1532 -0.0400
2.4795 -1.1666 -0.0400
2.5170 -1.2043 -0.0400
2.5494 -1.2569 -0.0400
4.4899 -1.0902 -0.0400
4.5227 -1.0453 -0.0400
4.5608 -1.0170 -0.0400
4.6077 -1.0112 -0.0400
4.6478 -0.9887 -0.0400
4.6842 -0.9583 -0.0400
4.7275 -0.9436 -0.0400
4.7776 -0.9421 -0.0400
4.8439 -0.9703 -0.0400
4.8994 -0.9745 -0.0400
7.4548 -0.0296 -0.0400
7.4587 0.0452 -0.0400
7.5176 0.1008 -0.0400
6.7927 1.5494 -0.0400
6.7502 1.6026 -0.0400
6.7335 1.6564 -0.0400
6.7303 1.7112 -0.0400
6.7462 1.7682 -0.0400
6.8090 1.8322 -0.0400
8.3239 2.6339 -0.0400
5.8366 2.2436 -0.0400
5.8075 2.2768 -0.0400
5.7854 2.3124 -0.0400
5.7707 2.3509 -0.0400
5.7798 2.4004 -0.0400
5.7978 2.4553 -0.0400
6.9339 4.5784 -0.0400
6.9064 4.6643 -0.0400
4.3852 3.8966 -0.0400
4.3208 3.8386 -0.0400
4.2769 3.8461 -0.0400
4.2206 3.8039 -0.0400
4.1764 3.8050 -0.0400
4.1349 3.8169 -0.0400
4.0870 3.7973 -0.0400
4.0442 3.8001 -0.0400
4.0038 3.8172 -0.0400
3.9709 3.8882 -0.0400
4.0975 6.7251 -0.0400
4.0002 6.6762 -0.0400
3.9094 6.7092 -0.0400
3.8200 6.8037 -0.0400
2.4146 3.9911 -0.0400
2.3774 3.9535 -0.0400
2.3221 3.9531 -0.0400
2.2855 3.9155 -0.0400
2.2484 3.8800 -0.0400
2.2035 3.8588 -0.0400
2.1521 3.8484 -0.0400
2.0599 3.9023 -0.0400
2.0123 3.8812 -0.0400
1.9484 3.8839 -0.0400
0.5270 3.8223 -0.0400
0.5551 3.7152 -0.0400
0.5327 3.6485 -0.0400
0.4704 3.6108 -0.0400
-1.1154 -0.6113 -0.0400
-1.0864 -0.6969 -0.0400
0.4905 -0.6317 -0.0400
0.5339 -0.6811 -0.0400
2.3589 -1.1567 -0.0400
2.4165 -1.1514 -0.0400
2.4653 -1.1634 -0.0400
2.5049 -1.1964 -0.0400
2.5379 -1.2474 -0.0400
4.5535 -1.0214 -0.0400
4.6011 -1.0166 -0.0400
4.6401 -0.9911 -0.0400
4.6758 -0.9588 -0.0400
4.7204 -0.9464 -0.0400
4.7702 -0.9441 -0.0400
4.8308 -0.9611 -0.0400
4.9043 -0.9989 -0.0400
7.4435 -0.0273 -0.0400
7.4579 0.0437 -0.0400
7.4978 0.1058 -0.0400
6.7917 1.5524 -0.0400
6.7431 1.6054 -0.0400
6.7338 1.6598 -0.0400
6.7419 1.7158 -0.0400
6.7764 1.7752 -0.0400
8.3108 2.6324 -0.0400
5.8851 2.2231 -0.0400
5.8406 2.2516 -0.0400
5.8007 2.2808 -0.0400
5.7834 2.3184 -0.0400
5.7834 2.3634 -0.0400
5.7894 2.4119 -0.0400
5.8220 2.4740 -0.0400
6.9411 4.5904 -0.0400
4.3638 3.8468 -0.0400
4.3145 3.8369 -0.0400
4.2617 3.8114 -0.0400
4.2149 3.8040 -0.0400
4.1706 3.8043 -0.0400
4.1302 3.8207 -0.0400
4.0811 3.7952 -0.0400
4.0391 3.8014 -0.0400
4.0009 3.8309 -0.0400
4.0933 6.6833 -0.0400
4.0010 6.6910 -0.0400
3.9109 6.7363 -0.0400
3.8214 6.8330 -0.0400
2.4450 4.0463 -0.0400
2.4181 3.9847 -0.0400
2.3774 3.9551 -0.0400
2.3223 3.9546 -0.0400
2.2875 3.9137 -0.0400
2.2503 3.8788 -0.0400
2.1982 3.8707 -0.0400
2.1353 3.8795 -0.0400
2.0619 3.9026 -0.0400
2.0163 3.8787 -0.0400
1.9583 3.8731 -0.0400
0.5853 3.7855 -0.0400
0.5746 3.7093 -0.0400
0.5407 3.6517 -0.0400
0.4870 3.6083 -0.0400
0.3973 3.5885 -0.0400
-1.1191 -0.5937 -0.0400
-1.0924 -0.6802 -0.0400
0.5035 -0.6822 -0.0400
2.3953 -1.1509 -0.0400
2.4476 -1.1556 -0.0400
2.4940 -1.1728 -0.0400
2.5355 -1.2019 -0.0400
2.5714 -1.2467 -0.0400
3.2736 -2.3070 -0.0400
4.7060 -0.9417 -0.0400
4.7511 -0.9298 -0.0400
4.8010 -0.9266 -0.0400
4.8814 -0.9785 -0.0400
4.9350 -0.9768 -0.0400
7.4815 -0.0452 -0.0400
7.4614 0.0392 -0.0400
7.4796 0.1090 -0.0400
7.5281 0.1688 -0.0400
6.8248 1.5571 -0.0400
6.7616 1.6101 -0.0400
6.7353 1.6638 -0.0400
6.7273 1.7184 -0.0400
6.7342 1.7746 -0.0400
6.7962 1.8384 -0.0400
8.3512 2.6448 -0.0400
8.2947 2.7184 -0.0400
5.8364 2.2584 -0.0400
5.8055 2.2912 -0.0400
5.7788 2.3252 -0.0400
5.7658 2.3646 -0.0400
5.7576 2.4064 -0.0400
5.7908 2.4682 -0.0400
6.9273 4.5842 -0.0400
6.8743 4.6449 -0.0400
4.3619 3.8673 -0.0400
4.3100 3.8496 -0.0400
4.2648 3.8525 -0.0400
4.2085 3.8104 -0.0400
4.1641 3.8102 -0.0400
4.1232 3.8242 -0.0400
4.0761 3.8084 -0.0400
4.0323 3.8058 -0.0400
3.9919 3.8210 -0.0400
3.9531 3.8494 -0.0400
4.1032 6.7982 -0.0400
4.0000 6.6879 -0.0400
3.9081 6.7005 -0.0400
3.8199 6.8050 -0.0400
2.4102 4.0012 -0.0400
2.3761 3.9578 -0.0400
2.3309 3.9380 -0.0400
2.2780 3.9330 -0.0400
2.2455 3.8890 -0.0400
2.2054 3.8601 -0.0400
2.1549 3.8490 -0.0400
2.0923 3.8564 -0.0400
2.0192 3.8778 -0.0400
1.9613 3.8725 -0.0400
0.5183 3.7629 -0.0400
0.5438 3.6603 -0.0400
0.4989 3.6110 -0.0400
0.4294 3.5781 -0.0400
2.2860 1.7791 -0.0400
2.2982 1.7516 -0.0400
2.3043 1.7261 -0.0400
-1.0911 -0.6542 -0.0400
-1.0616 -0.7394 -0.0400
0.5119 -0.6509 -0.0400
0.5468 -0.7058 -0.0400
2.3334 -1.1419 -0.0400
2.3905 -1.1379 -0.0400
2.4394 -1.1500 -0.0400
2.4748 -1.1931 -0.0400
2.5011 -1.2609 -0.0400
3.1285 -2.3326 -0.0400
3.1978 -2.3078 -0.0400
3.2630 -2.3162 -0.0400
3.3286 -2.3218 -0.0400
4.8369 -1.0089 -0.0400
4.8913 -1.0090 -0.0400
7.4619 -0.1181 -0.0400
7.4400 -0.0317 -0.0400
7.4601 0.0377 -0.0400
6.8146 1.5016 -0.0400
6.7593 1.5559 -0.0400
6.7391 1.6104 -0.0400
6.7397 1.6658 -0.0400
6.7606 1.7233 -0.0400
6.8201 1.7859 -0.0400
8.3284 2.5518 -0.0400
8.3128 2.6358 -0.0400
5.9193 2.2014 -0.0400
5.8454 2.2210 -0.0400
5.8115 2.2530 -0.0400
5.7951 2.2912 -0.0400
5.7911 2.3344 -0.0400
5.7914 2.3799 -0.0400
6.9812 4.5279 -0.0400
4.3950 3.8380 -0.0400
4.3462 3.8311 -0.0400
4.2901 3.7970 -0.0400
4.2435 3.7909 -0.0400
4.2010 3.7978 -0.0400
4.1603 3.8118 -0.0400
4.1114 3.7893 -0.0400
4.0695 3.7959 -0.0400
4.0337 3.8344 -0.0400
4.1946 6.7712 -0.0400
4.0917 6.6839 -0.0400
4.0002 6.6999 -0.0400
3.9146 6.8159 -0.0400
2.4649 3.9989 -0.0400
2.4245 3.9690 -0.0400
2.3790 3.9508 -0.0400
2.3300 3.9393 -0.0400
2.2941 3.9020 -0.0400
2.2497 3.8812 -0.0400
2.1972 3.8747 -0.0400
2.1325 3.8873 -0.0400
2.0628 3.9050 -0.0400
2.0064 3.8988 -0.0400
0.6017 3.7881 -0.0400
0.5860 3.7163 -0.0400
0.5489 3.6616 -0.0400
0.4910 3.6217 -0.0400
2.2960 1.8051 -0.0400
2.3087 1.7772 -0.0400
2.3148 1.7517 -0.0400
2.3194 1.7270 -0.0400
2.3155 1.7045 -0.0400
2.3085 1.6827 -0.0400
-1.1347 -0.5628 -0.0400
-1.1021 -0.6465 -0.0400
0.4651 -0.5913 -0.0400
0.5106 -0.6391 -0.0400
-0.2814 -2.5683 -0.0400
-0.2202 -2.6454 -0.0400
2.3265 -1.1223 -0.0400
2.3795 -1.1266 -0.0400
2.4257 -1.1446 -0.0400
2.4661 -1.1759 -0.0400
2.4992 -1.2263 -0.0400
3.1833 -2.3024 -0.0400
3.2484 -2.3123 -0.0400
3.3126 -2.3381 -0.0400
7.4867 -0.1320 -0.0400
7.4342 -0.0332 -0.0400
7.4862 0.0248 -0.0400
6.7861 1.5025 -0.0400
6.7484 1.5573 -0.0400
6.7399 1.6124 -0.0400
6.7436 1.6682 -0.0400
6.7741 1.7267 -0.0400
8.3255 2.5518 -0.0400
5.8830 2.1946 -0.0400
5.8341 2.2225 -0.0400
5.8084 2.2575 -0.0400
5.7943 2.2967 -0.0400
5.7941 2.3415 -0.0400
5.8267 2.4011 -0.0400
7.0400 4.4772 -0.0400
6.9775 4.5294 -0.0400
4.3867 3.8335 -0.0400
4.3319 3.8072 -0.0400
4.2817 3.7914 -0.0400
4.2368 3.7904 -0.0400
4.1949 3.7996 -0.0400
4.1475 3.7854 -0.0400
4.1046 3.7875 -0.0400
4.0644 3.8012 -0.0400
4.0262 3.8271 -0.0400
4.1847 6.6964 -0.0400
4.0907 6.6876 -0.0400
4.0063 6.7911 -0.0400
3.9144 6.8285 -0.0400
2.4646 3.9962 -0.0400
2.4236 3.9684 -0.0400
2.3735 3.9601 -0.0400
2.3358 3.9260 -0.0400
2.2963 3.8964 -0.0400
2.2516 3.8768 -0.0400
2.1909 3.8853 -0.0400
2.1085 3.9279 -0.0400
2.0618 3.9072 -0.0400
2.0006 3.9086 -0.0400
0.6262 3.8606 -0.0400
0.6236 3.7773 -0.0400
0.5938 3.7170 -0.0400
0.5452 3.6712 -0.0400
0.4687 3.6446 -0.0400
2.2938 1.8115 -0.0400
2.3088 1.7831 -0.0400
2.3229 1.7557 -0.0400
2.3214 1.7327 -0.0400
2.3176 1.7104 -0.0400
2.3105 1.6887 -0.0400
2.2916 1.6692 -0.0400
2.2732 1.6489 -0.0400
2.2435 1.6299 -0.0400
-1.1309 -0.5430 -0.0400
-1.1051 -0.6293 -0.0400
0.4548 -0.5794 -0.0400
-0.3510 -2.6127 -0.0400
-0.2147 -2.6118 -0.0400
2.3015 -1.1392 -0.0400
2.3619 -1.1291 -0.0400
2.4120 -1.1388 -0.0400
2.4484 -1.1795 -0.0400
2.4742 -1.2482 -0.0400
3.0926 -2.3736 -0.0400
3.1667 -2.3144 -0.0400
3.2328 -2.3170 -0.0400
3.2985 -2.3241 -0.0400
7.4245 -0.1117 -0.0400
7.4332 -0.0372 -0.0400
7.4768 0.0240 -0.0400
6.7765 1.5035 -0.0400
6.7453 1.5585 -0.0400
6.7407 1.6139 -0.0400
6.7552 1.6707 -0.0400
6.8133 1.7320 -0.0400
8.3255 2.5522 -0.0400
5.9125 2.1640 -0.0400
5.8560 2.1906 -0.0400
5.8243 2.2242 -0.0400
5.8071 2.2623 -0.0400
5.7967 2.3030 -0.0400
5.8039 2.3511 -0.0400
5.8589 2.4206 -0.0400
7.0354 4.4776 -0.0400
6.9750 4.5317 -0.0400
4.4214 3.8188 -0.0400
4.3746 3.8183 -0.0400
4.3238 3.8036 -0.0400
4.2743 3.7895 -0.0400
4.2303 3.7916 -0.0400
4.1862 3.7917 -0.0400
4.1404 3.7834 -0.0400
4.0985 3.7897 -0.0400
4.0593 3.8083 -0.0400
4.1810 6.6791 -0.0400
4.0899 6.6956 -0.0400
4.0067 6.8130 -0.0400
2.4896 4.0588 -0.0400
2.4659 3.9889 -0.0400
2.4219 3.9681 -0.0400
2.3715 3.9610 -0.0400
2.3358 3.9231 -0.0400
2.2948 3.8966 -0.0400
2.2486 3.8803 -0.0400
2.1752 3.9116 -0.0400
2.1106 3.9233 -0.0400
2.0655 3.9005 -0.0400
1.9809 3.9394 -0.0400
0.5939 3.8931 -0.0400
0.6177 3.7879 -0.0400
0.5960 3.7214 -0.0400
0.5318 3.6873 -0.0400
2.2853 1.8193 -0.0400
2.3211 1.7851 -0.0400
2.3238 1.7609 -0.0400
2.3231 1.7379 -0.0400
2.3197 1.7157 -0.0400
2.3076 1.6953 -0.0400
2.2944 1.6748 -0.0400
2.2755 1.6549 -0.0400
2.2446 1.6362 -0.0400
2.1596 1.6236 -0.0400
2.1470 1.6000 -0.0400
2.1299 1.5764 -0.0400
0.4514 -0.5633 -0.0400
-0.3033 -2.5366 -0.0400
-0.2509 -2.6227 -0.0400
2.4403 -1.1604 -0.0400
2.4751 -1.2066 -0.0400
3.0751 -2.3872 -0.0400
3.1511 -2.3138 -0.0400
3.2174 -2.3159 -0.0400
3.2828 -2.3281 -0.0400
7.4076 -0.1100 -0.0400
7.4410 -0.0451 -0.0400
7.5381 -0.0030 -0.0400
6.8198 1.4479 -0.0400
6.7778 1.5042 -0.0400
6.7455 1.5593 -0.0400
6.7424 1.6150 -0.0400
6.7640 1.6724 -0.0400
6.8622 1.7375 -0.0400
8.3638 2.4728 -0.0400
8.3426 2.5561 -0.0400
5.9074 2.1668 -0.0400
5.8450 2.1916 -0.0400
5.8204 2.2276 -0.0400
5.8078 2.2675 -0.0400
5.8073 2.3121 -0.0400
5.8285 2.3662 -0.0400
5.8577 2.4253 -0.0400
7.0273 4.4748 -0.0400
4.4151 3.8212 -0.0400
4.3682 3.8203 -0.0400
4.3170 3.8044 -0.0400
4.2648 3.7812 -0.0400
4.2243 3.7950 -0.0400
4.1785 3.7888 -0.0400
4.1335 3.7832 -0.0400
4.0923 3.7920 -0.0400
4.0631 3.8585 -0.0400
4.2743 6.6947 -0.0400
4.1798 6.6849 -0.0400
4.0904 6.7193 -0.0400
4.0041 6.8004 -0.0400
2.5028 4.0206 -0.0400
2.4664 3.9819 -0.0400
2.4176 3.9726 -0.0400
2.3677 3.9645 -0.0400
2.3371 3.9164 -0.0400
2.2938 3.8951 -0.0400
2.2468 3.8806 -0.0400
2.1754 3.9087 -0.0400
2.1097 3.9230 -0.0400
2.0588 3.9099 -0.0400
0.6523 3.8500 -0.0400
0.6364 3.7782 -0.0400
0.6007 3.7231 -0.0400
0.5464 3.6820 -0.0400
0.4578 3.6645 -0.0400
2.2731 1.8522 -0.0400
2.3068 1.8176 -0.0400
2.3185 1.7905 -0.0400
2.3236 1.7659 -0.0400
2.3239 1.7428 -0.0400
2.3208 1.7207 -0.0400
2.3111 1.7000 -0.0400
2.2982 1.6796 -0.0400
2.2805 1.6598 -0.0400
2.1711 1.6531 -0.0400
2.1614 1.6296 -0.0400
2.1484 1.6062 -0.0400
2.1304 1.5829 -0.0400
2.0615 1.5631 -0.0400
0.4510 -0.5457 -0.0400
0.4844 -0.6011 -0.0400
-0.3338 -2.5410 -0.0400
-0.2439 -2.5878 -0.0400
3.1367 -2.3010 -0.0400
3.2017 -2.3161 -0.0400
3.2672 -2.3276 -0.0400
7.4603 -0.2175 -0.0400
7.4130 -0.1180 -0.0400
7.4334 -0.0477 -0.0400
7.4950 0.0073 -0.0400
6.7908 1.4478 -0.0400
6.7625 1.5041 -0.0400
6.7455 1.5597 -0.0400
6.7504 1.6160 -0.0400
6.7650 1.6732 -0.0400
8.3648 2.4723 -0.0400
8.3575 2.5590 -0.0400
5.9589 2.1406 -0.0400
5.8784 2.1618 -0.0400
5.8415 2.1946 -0.0400
5.8194 2.2315 -0.0400
5.8073 2.2718 -0.0400
5.8176 2.3207 -0.0400
5.8495 2.3795 -0.0400
7.0308 4.4818 -0.0400
4.4509 3.8103 -0.0400
4.4033 3.8085 -0.0400
4.3522 3.7945 -0.0400
4.3020 3.7800 -0.0400
4.2582 3.7833 -0.0400
4.2178 3.7972 -0.0400
4.1715 3.7891 -0.0400
4.1268 3.7848 -0.0400
4.0896 3.8108 -0.0400
4.2712 6.6880 -0.0400
4.1782 6.6893 -0.0400
4.0911 6.7462 -0.0400
2.5286 4.0806 -0.0400
2.5046 4.0087 -0.0400
2.4647 3.9790 -0.0400
2.4149 3.9724 -0.0400
2.3745 3.9446 -0.0400
2.3380 3.9094 -0.0400
2.2914 3.8951 -0.0400
2.2410 3.8871 -0.0400
2.1550 3.9416 -0.0400
2.1081 3.9227 -0.0400
2.0566 3.9109 -0.0400
0.6464 3.8592 -0.0400
0.6362 3.7827 -0.0400
0.5952 3.7318 -0.0400
0.5218 3.7050 -0.0400
2.2985 1.8241 -0.0400
2.3285 1.7919 -0.0400
2.3295 1.7687 -0.0400
2.3278 1.7464 -0.0400
2.3233 1.7248 -0.0400
2.3151 1.7040 -0.0400
2.3031 1.6837 -0.0400
2.2644 1.6677 -0.0400
2.1735 1.6583 -0.0400
2.1644 1.6349 -0.0400
2.1518 1.6117 -0.0400
2.1095 1.5911 -0.0400
2.0641 1.5692 -0.0400
0.4360 -0.5378 -0.0400
0.4623 -0.5979 -0.0400
-0.3774 -2.5589 -0.0400
3.0510 -2.3244 -0.0400
3.1206 -2.3018 -0.0400
3.1859 -2.3146 -0.0400
3.2517 -2.3230 -0.0400
7.3995 -0.1982 -0.0400
7.4039 -0.1207 -0.0400
7.4465 -0.0590 -0.0400
6.7784 1.4473 -0.0400
6.7560 1.5036 -0.0400
6.7467 1.5596 -0.0400
6.7618 1.6165 -0.0400
6.7887 1.6749 -0.0400
8.3528 2.4686 -0.0400
5.9341 2.1367 -0.0400
5.8683 2.1622 -0.0400
5.8359 2.1965 -0.0400
5.8191 2.2353 -0.0400
5.8135 2.2781 -0.0400
5.8229 2.3269 -0.0400
5.8640 2.3895 -0.0400
7.0761 4.4179 -0.0400
7.0214 4.4772 -0.0400
4.4459 3.8165 -0.0400
4.3971 3.8118 -0.0400
4.3468 3.8003 -0.0400
4.2923 3.7729 -0.0400
4.2520 3.7869 -0.0400
4.2059 3.7807 -0.0400
4.1608 3.7758 -0.0400
4.1201 3.7866 -0.0400
4.0831 3.8133 -0.0400
4.2690 6.6890 -0.0400
4.1762 6.6923 -0.0400
4.0957 6.8115 -0.0400
2.5324 4.0615 -0.0400
2.5062 3.9961 -0.0400
2.4615 3.9786 -0.0400
2.4077 3.9812 -0.0400
2.3754 3.9358 -0.0400
2.3363 3.9067 -0.0400
2.2895 3.8931 -0.0400
2.2286 3.9052 -0.0400
2.1529 3.9409 -0.0400
2.1035 3.9267 -0.0400
2.0482 3.9214 -0.0400
0.6782 3.8364 -0.0400
0.6470 3.7778 -0.0400
0.6007 3.7315 -0.0400
0.5346 3.6996 -0.0400
2.2885 1.8546 -0.0400
2.3145 1.8227 -0.0400
2.3248 1.7966 -0.0400
2.3288 1.7726 -0.0400
2.3287 1.7501 -0.0400
2.3233 1.7289 -0.0400
2.3126 1.7088 -0.0400
2.2977 1.6892 -0.0400
2.2758 1.6705 -0.0400
2.2339 1.6541 -0.0400
2.1683 1.6395 -0.0400
2.1422 1.6182 -0.0400
2.1174 1.5958 -0.0400
2.0744 1.5742 -0.0400
0.7306 1.3384 -0.0400
0.7718 1.2915 -0.0400
0.4626 -0.5802 -0.0400
-0.3338 -2.4882 -0.0400
2.9675 -2.3589 -0.0400
3.0432 -2.3011 -0.0400
3.1092 -2.3080 -0.0400
3.1723 -2.3450 -0.0400
7.4035 -0.2856 -0.0400
7.3827 -0.1959 -0.0400
7.4594 -0.1481 -0.0400
6.8175 1.3316 -0.0400
6.7764 1.3899 -0.0400
6.7578 1.4467 -0.0400
6.7521 1.5030 -0.0400
6.7784 1.5602 -0.0400
6.8200 1.6191 -0.0400
8.3738 2.3839 -0.0400
5.9166 2.0888 -0.0400
5.8698 2.1204 -0.0400
5.8505 2.1589 -0.0400
5.8361 2.1987 -0.0400
5.8365 2.2436 -0.0400
5.8581 2.2966 -0.0400
7.1243 4.3550 -0.0400
7.0912 4.4326 -0.0400
4.5257 3.7897 -0.0400
4.4753 3.7833 -0.0400
4.4264 3.7786 -0.0400
4.3734 3.7599 -0.0400
4.3284 3.7612 -0.0400
4.2880 3.7747 -0.0400
4.2427 3.7724 -0.0400
4.1965 3.7651 -0.0400
4.1603 3.7922 -0.0400
4.3575 6.6676 -0.0400
4.2738 6.7351 -0.0400
4.1879 6.8014 -0.0400
2.5853 4.0519 -0.0400
2.5496 4.0101 -0.0400
2.5039 3.9954 -0.0400
2.4538 3.9907 -0.0400
2.4222 3.9434 -0.0400
2.3779 3.9254 -0.0400
2.3276 3.9198 -0.0400
2.2643 3.9381 -0.0400
2.1974 3.9596 -0.0400
2.1467 3.9486 -0.0400
0.7408 3.9569 -0.0400
0.7257 3.8832 -0.0400
0.6926 3.8263 -0.0400
0.6460 3.7807 -0.0400
2.3362 1.8412 -0.0400
2.3424 1.8163 -0.0400
2.3427 1.7936 -0.0400
2.3402 1.7718 -0.0400
2.3349 1.7508 -0.0400
2.3253 1.7308 -0.0400
2.3119 1.7114 -0.0400
2.2653 1.6980 -0.0400
2.1824 1.6892 -0.0400
2.1709 1.6667 -0.0400
2.1549 1.6445 -0.0400
2.1319 1.6226 -0.0400
2.0967 1.6013 -0.0400
0.7396 1.3935 -0.0400
0.7767 1.3460 -0.0400
0.7933 1.2985 -0.0400
0.7858 1.2498 -0.0400
0.7621 1.1991 -0.0400
-0.4086 -2.4092 -0.0400
2.2143 -1.0786 -0.0400
2.2701 -1.0788 -0.0400
2.3175 -1.0945 -0.0400
3.0193 -2.3165 -0.0400
3.0885 -2.2992 -0.0400
3.1535 -2.3147 -0.0400
3.2190 -2.3290 -0.0400
7.3884 -0.2088 -0.0400
7.4004 -0.1340 -0.0400
7.4505 -0.0748 -0.0400
6.8182 1.3867 -0.0400
6.7742 1.4446 -0.0400
6.7545 1.5013 -0.0400
6.7579 1.5580 -0.0400
6.7807 1.6158 -0.0400
6.8332 1.6764 -0.0400
8.3759 2.3813 -0.0400
8.3743 2.4693 -0.0400
5.8910 2.1297 -0.0400
5.8499 2.1623 -0.0400
5.8324 2.2013 -0.0400
5.8238 2.2433 -0.0400
5.8358 2.2927 -0.0400
5.8461 2.3427 -0.0400
7.0691 4.4179 -0.0400
4.4781 3.8148 -0.0400
4.4263 3.8039 -0.0400
4.3656 3.7659 -0.0400
4.3197 3.7647 -0.0400
4.2788 3.7768 -0.0400
4.2348 3.7786 -0.0400
4.1881 3.7700 -0.0400
4.1469 3.7785 -0.0400
4.1098 3.8032 -0.0400
4.0814 3.8675 -0.0400
4.3593 6.7010 -0.0400
4.2629 6.6825 -0.0400
4.1767 6.7371 -0.0400
4.0904 6.8052 -0.0400
2.5682 4.0825 -0.0400
2.5417 4.0153 -0.0400
2.4990 3.9932 -0.0400
2.4514 3.9832 -0.0400
2.4092 3.9600 -0.0400
2.3733 3.9237 -0.0400
2.3291 3.9059 -0.0400
2.2777 3.9020 -0.0400
2.1932 3.9589 -0.0400
2.1486 3.9371 -0.0400
2.0925 3.9351 -0.0400
0.7081 3.9012 -0.0400
0.6867 3.8341 -0.0400
0.6515 3.7794 -0.0400
0.5779 3.7548 -0.0400
2.2979 1.8563 -0.0400
2.3210 1.8259 -0.0400
2.3299 1.8005 -0.0400
2.3331 1.7772 -0.0400
2.3338 1.7549 -0.0400
2.3262 1.7346 -0.0400
2.3150 1.7151 -0.0400
2.2989 1.6962 -0.0400
2.2742 1.6783 -0.0400
2.1786 1.6707 -0.0400
2.1694 1.6480 -0.0400
2.1391 1.6276 -0.0400
2.1081 1.6062 -0.0400
2.0479 1.5863 -0.0400
0.7355 1.3550 -0.0400
0.7895 1.3092 -0.0400
0.7929 1.2614 -0.0400
0.7843 1.2125 -0.0400
0.7562 1.1610 -0.0400
-0.3650 -2.4685 -0.0400
2.2264 -1.1217 -0.0400
2.2911 -1.1037 -0.0400
2.3433 -1.1094 -0.0400
2.3830 -1.1422 -0.0400
2.4133 -1.1989 -0.0400
3.1320 -2.3122 -0.0400
3.1982 -2.3172 -0.0400
3.2619 -2.3624 -0.0400
4.4102 -1.0982 -0.0400
4.4496 -1.0677 -0.0400
4.4934 -1.0498 -0.0400
7.4294 -0.1572 -0.0400
7.4299 -0.0776 -0.0400
7.5308 -0.0366 -0.0400
6.8289 1.4412 -0.0400
6.7534 1.4986 -0.0400
6.7465 1.5552 -0.0400
6.7533 1.6123 -0.0400
6.7763 1.6707 -0.0400
6.8328 1.7327 -0.0400
8.3823 2.4672 -0.0400
5.9241 2.1412 -0.0400
5.8753 2.1725 -0.0400
5.8333 2.2045 -0.0400
5.8160 2.2437 -0.0400
5.8104 2.2870 -0.0400
5.8324 2.3410 -0.0400
5.8608 2.3990 -0.0400
7.0734 4.4245 -0.0400
7.0191 4.4848 -0.0400
4.4708 3.8207 -0.0400
4.4179 3.8076 -0.0400
4.3721 3.8103 -0.0400
4.3170 3.7854 -0.0400
4.2706 3.7818 -0.0400
4.2290 3.7918 -0.0400
4.1794 3.7737 -0.0400
4.1377 3.7806 -0.0400
4.1001 3.8033 -0.0400
4.0690 3.8557 -0.0400
4.2593 6.6825 -0.0400
4.1709 6.7186 -0.0400
4.0867 6.8018 -0.0400
2.5267 4.0375 -0.0400
2.4929 3.9923 -0.0400
2.4486 3.9748 -0.0400
2.3967 3.9743 -0.0400
2.3655 3.9275 -0.0400
2.3236 3.9050 -0.0400
2.2793 3.8873 -0.0400
2.2222 3.8937 -0.0400
2.1442 3.9355 -0.0400
2.0993 3.9145 -0.0400
2.0408 3.9159 -0.0400
0.6464 3.8696 -0.0400
0.6493 3.7831 -0.0400
0.6097 3.7323 -0.0400
0.5246 3.7158 -0.0400
2.2716 1.8667 -0.0400
2.3098 1.8313 -0.0400
2.3226 1.8048 -0.0400
2.3283 1.7810 -0.0400
2.3290 1.7588 -0.0400
2.3269 1.7374 -0.0400
2.3218 1.7168 -0.0400
2.3123 1.6970 -0.0400
2.2836 1.6804 -0.0400
2.2490 1.6639 -0.0400
2.1710 1.6522 -0.0400
2.1592 1.6299 -0.0400
2.1425 1.6077 -0.0400
2.1179 1.5857 -0.0400
2.0744 1.5642 -0.0400
0.7691 1.3179 -0.0400
0.7887 1.2712 -0.0400
0.7940 1.2237 -0.0400
0.7865 1.1750 -0.0400
-0.3035 -2.5101 -0.0400
-0.2569 -2.6017 -0.0400
2.2650 -1.1126 -0.0400
2.3222 -1.1081 -0.0400
2.3712 -1.1199 -0.0400
2.4146 -1.1442 -0.0400
2.4524 -1.1831 -0.0400
2.4768 -1.2596 -0.0400
3.1208 -2.3137 -0.0400
3.1866 -2.3249 -0.0400
4.3620 -1.1323 -0.0400
4.3963 -1.0854 -0.0400
4.4415 -1.0711 -0.0400
4.4901 -1.0654 -0.0400
4.5294 -1.0359 -0.0400
4.5711 -1.0128 -0.0400
7.4008 -0.3139 -0.0400
7.3740 -0.2203 -0.0400
7.3980 -0.1503 -0.0400
7.4615 -0.0959 -0.0400
6.8603 1.3213 -0.0400
6.7886 1.3821 -0.0400
6.7612 1.4398 -0.0400
6.7524 1.4968 -0.0400
6.7578 1.5539 -0.0400
6.8363 1.6144 -0.0400
8.3883 2.3774 -0.0400
5.9112 2.0932 -0.0400
5.8756 2.1285 -0.0400
5.8456 2.1646 -0.0400
5.8347 2.2061 -0.0400
5.8285 2.2492 -0.0400
5.8574 2.3050 -0.0400
7.1174 4.3570 -0.0400
4.5076 3.8049 -0.0400
4.4548 3.7936 -0.0400
4.3939 3.7584 -0.0400
4.3471 3.7559 -0.0400
4.3055 3.7665 -0.0400
4.2642 3.7771 -0.0400
4.2155 3.7641 -0.0400
4.1735 3.7705 -0.0400
4.1359 3.7920 -0.0400
4.3492 6.6720 -0.0400
4.2583 6.6888 -0.0400
4.1777 6.7865 -0.0400
2.5997 4.1113 -0.0400
2.5721 4.0439 -0.0400
2.5351 4.0063 -0.0400
2.4888 3.9939 -0.0400
2.4437 3.9783 -0.0400
2.4087 3.9397 -0.0400
2.3644 3.9226 -0.0400
2.3128 3.9205 -0.0400
2.2361 3.9665 -0.0400
2.1860 3.9563 -0.0400
2.1380 3.9413 -0.0400
2.0654 3.9685 -0.0400
0.7280 3.9724 -0.0400
0.7183 3.8941 -0.0400
0.6953 3.8289 -0.0400
0.6479 3.7848 -0.0400
0.5877 3.7502 -0.0400
-1.6823 4.4672 -0.0400
2.3132 1.8537 -0.0400
2.3284 1.8262 -0.0400
2.3430 1.7997 -0.0400
2.3412 1.7784 -0.0400
2.3367 1.7578 -0.0400
2.3285 1.7381 -0.0400
2.3167 1.7191 -0.0400
2.3002 1.7007 -0.0400
2.2740 1.6836 -0.0400
2.1812 1.6762 -0.0400
2.1602 1.6556 -0.0400
2.1387 1.6343 -0.0400
2.1052 1.6137 -0.0400
0.7632 1.3702 -0.0400
0.7874 1.3235 -0.0400
0.7949 1.2763 -0.0400
0.7595 1.2255 -0.0400
-0.3774 -2.4314 -0.0400
2.2009 -1.1066 -0.0400
2.2644 -1.0912 -0.0400
2.3164 -1.0972 -0.0400
2.3574 -1.1267 -0.0400
2.3903 -1.1767 -0.0400
4.3470 -1.1304 -0.0400
4.3859 -1.0964 -0.0400
4.4305 -1.0799 -0.0400
4.4814 -1.0798 -0.0400
4.5163 -1.0385 -0.0400
4.5594 -1.0187 -0.0400
4.6123 -1.0208 -0.0400
4.6681 -1.0271 -0.0400
4.7419 -1.0677 -0.0400
7.3774 -0.2317 -0.0400
7.4151 -0.1669 -0.0400
6.7676 1.3791 -0.0400
6.7544 1.4366 -0.0400
6.7568 1.4938 -0.0400
6.7751 1.5514 -0.0400
6.8200 1.6109 -0.0400
8.4021 2.3760 -0.0400
5.8993 2.0907 -0.0400
5.8686 2.1274 -0.0400
5.8475 2.1662 -0.0400
5.8396 2.2088 -0.0400
5.8405 2.2545 -0.0400
5.9135 2.3264 -0.0400
7.1174 4.3582 -0.0400
4.4888 3.7780 -0.0400
4.4420 3.7800 -0.0400
4.3870 3.7595 -0.0400
4.3405 3.7579 -0.0400
4.2990 3.7687 -0.0400
4.2491 3.7536 -0.0400
4.2070 3.7603 -0.0400
4.1694 3.7812 -0.0400
4.1375 3.8246 -0.0400
4.4397 6.6696 -0.0400
4.3465 6.6729 -0.0400
4.2665 6.7632 -0.0400
4.1794 6.8203 -0.0400
2.6118 4.0595 -0.0400
2.5733 4.0248 -0.0400
2.5302 4.0045 -0.0400
2.4760 4.0123 -0.0400
2.4410 3.9720 -0.0400
2.4037 3.9388 -0.0400
2.3589 3.9230 -0.0400
2.3019 3.9323 -0.0400
2.2260 3.9766 -0.0400
2.1821 3.9545 -0.0400
2.1230 3.9599 -0.0400
0.7376 3.9634 -0.0400
0.7216 3.8911 -0.0400
0.6963 3.8282 -0.0400
0.6333 3.7970 -0.0400
0.5531 3.7779 -0.0400
-1.6721 4.4673 -0.0400
2.3127 1.8771 -0.0400
2.3321 1.8478 -0.0400
2.3398 1.8231 -0.0400
2.3424 1.8004 -0.0400
2.3417 1.7790 -0.0400
2.3384 1.7583 -0.0400
2.3258 1.7399 -0.0400
2.3115 1.7216 -0.0400
2.2904 1.7042 -0.0400
2.2522 1.6893 -0.0400
2.1802 1.6785 -0.0400
2.1675 1.6568 -0.0400
2.1496 1.6355 -0.0400
2.1234 1.6145 -0.0400
0.7812 1.3770 -0.0400
0.7927 1.3301 -0.0400
0.7904 1.2825 -0.0400
0.7704 1.2333 -0.0400
2.1752 -1.1251 -0.0400
2.2568 -1.0736 -0.0400
2.3046 -1.0880 -0.0400
2.3472 -1.1136 -0.0400
2.3846 -1.1521 -0.0400
2.4102 -1.2220 -0.0400
4.3339 -1.1350 -0.0400
4.3729 -1.1010 -0.0400
4.4162 -1.0807 -0.0400
4.4683 -1.0836 -0.0400
4.5062 -1.0495 -0.0400
4.5482 -1.0267 -0.0400
4.5971 -1.0195 -0.0400
4.6737 -1.0703 -0.0400
4.7288 -1.0710 -0.0400
7.3615 -0.2351 -0.0400
7.4053 -0.1731 -0.0400
6.8321 1.3144 -0.0400
6.7795 1.3747 -0.0400
6.7585 1.4327 -0.0400
6.7553 1.4901 -0.0400
6.8035 1.5486 -0.0400
8.4098 2.2840 -0.0400
8.4021 2.3715 -0.0400
5.9410 2.0557 -0.0400
5.8947 2.0896 -0.0400
5.8664 2.1271 -0.0400
5.8473 2.1666 -0.0400
5.8453 2.2112 -0.0400
5.8526 2.2594 -0.0400
5.8772 2.3144 -0.0400
7.1730 4.2991 -0.0400
7.1190 4.3602 -0.0400
4.5301 3.7778 -0.0400
4.4819 3.7782 -0.0400
4.4317 3.7720 -0.0400
4.3792 3.7577 -0.0400
4.3330 3.7568 -0.0400
4.2905 3.7649 -0.0400
4.2423 3.7551 -0.0400
4.2005 3.7624 -0.0400
4.1628 3.7833 -0.0400
4.4416 6.6949 -0.0400
4.3434 6.6709 -0.0400
4.2668 6.7838 -0.0400
2.6023 4.0702 -0.0400
2.5694 4.0195 -0.0400
2.5232 4.0077 -0.0400
2.4796 3.9890 -0.0400
2.4410 3.9582 -0.0400
2.3986 3.9375 -0.0400
2.3473 3.9361 -0.0400
2.2922 3.9412 -0.0400
2.2219 3.9741 -0.0400
2.1756 3.9569 -0.0400
2.1031 3.9869 -0.0400
0.7560 3.9458 -0.0400
0.7299 3.8830 -0.0400
0.6961 3.8277 -0.0400
0.6293 3.7999 -0.0400
0.5462 3.7833 -0.0400
-1.6413 4.5761 -0.0400
-1.6590 4.4651 -0.0400
2.3101 1.8775 -0.0400
2.3306 1.8479 -0.0400
2.3482 1.8203 -0.0400
2.3475 1.7989 -0.0400
2.3445 1.7784 -0.0400
2.3387 1.7586 -0.0400
2.3292 1.7397 -0.0400
2.3162 1.7213 -0.0400
2.2989 1.7035 -0.0400
2.1872 1.7021 -0.0400
2.1762 1.6806 -0.0400
2.1607 1.6595 -0.0400
2.1382 1.6388 -0.0400
2.1031 1.6188 -0.0400
0.7215 1.4290 -0.0400
0.7732 1.3824 -0.0400
0.7917 1.3358 -0.0400
0.7944 1.2888 -0.0400
0.7330 1.2363 -0.0400
-1.2192 -0.3251 -0.0400
2.1859 -1.0724 -0.0400
2.2423 -1.0706 -0.0400
2.2914 -1.0823 -0.0400
2.3357 -1.1041 -0.0400
2.3609 -1.1708 -0.0400
4.2813 -1.1591 -0.0400
4.3201 -1.1227 -0.0400
4.3634 -1.1019 -0.0400
4.4155 -1.1058 -0.0400
4.4542 -1.0726 -0.0400
4.4965 -1.0501 -0.0400
4.5482 -1.0500 -0.0400
4.6048 -1.0589 -0.0400
4.6804 -1.1059 -0.0400
4.7445 -1.1235 -0.0400
7.3158 -0.3855 -0.0400
7.3320 -0.3107 -0.0400
7.3756 -0.2487 -0.0400
6.8994 1.1876 -0.0400
6.7953 1.2546 -0.0400
6.7664 1.3143 -0.0400
6.7580 1.3723 -0.0400
6.7657 1.4297 -0.0400
6.7919 1.4875 -0.0400
6.8591 1.5471 -0.0400
8.4450 2.1973 -0.0400
8.4125 2.2811 -0.0400
5.9553 2.0130 -0.0400
5.9086 2.0476 -0.0400
5.8809 2.0858 -0.0400
5.8662 2.1269 -0.0400
5.8660 2.1721 -0.0400
5.8786 2.2217 -0.0400
5.9221 2.2826 -0.0400
7.2212 4.2334 -0.0400
7.1856 4.3088 -0.0400
4.6182 3.7647 -0.0400
4.5625 3.7522 -0.0400
4.5179 3.7610 -0.0400
4.4628 3.7449 -0.0400
4.4093 3.7292 -0.0400
4.3696 3.7451 -0.0400
4.3243 3.7461 -0.0400
4.2776 3.7418 -0.0400
4.2399 3.7620 -0.0400
4.2099 3.8074 -0.0400
4.6299 6.6933 -0.0400
4.5227 6.6356 -0.0400
4.4354 6.6711 -0.0400
4.3570 6.7632 -0.0400
2.6553 4.0491 -0.0400
2.6106 4.0333 -0.0400
2.5611 4.0314 -0.0400
2.5178 4.0113 -0.0400
2.4827 3.9709 -0.0400
2.4376 3.9568 -0.0400
2.3771 3.9776 -0.0400
2.3063 4.0170 -0.0400
2.2636 3.9928 -0.0400
2.2064 3.9976 -0.0400
0.8043 3.9877 -0.0400
0.7824 3.9208 -0.0400
0.7357 3.8770 -0.0400
0.6543 3.8624 -0.0400
-1.5540 4.6480 -0.0400
2.3492 1.8853 -0.0400
2.3559 1.8608 -0.0400
2.3584 1.8382 -0.0400
2.3574 1.8170 -0.0400
2.3543 1.7966 -0.0400
2.3450 1.7780 -0.0400
2.3325 1.7601 -0.0400
2.3161 1.7428 -0.0400
2.2911 1.7269 -0.0400
2.1976 1.7239 -0.0400
2.1878 1.7026 -0.0400
2.1743 1.6816 -0.0400
2.1286 1.6650 -0.0400
2.0748 1.6478 -0.0400
0.7621 1.4804 -0.0400
0.7887 1.4333 -0.0400
0.7959 1.3865 -0.0400
0.7887 1.3392 -0.0400
0.7596 1.2902 -0.0400
-1.2462 -0.2329 -0.0400
-1.2610 -0.3324 -0.0400
2.1334 -1.0448 -0.0400
2.1897 -1.0442 -0.0400
2.2389 -1.0560 -0.0400
2.2785 -1.0876 -0.0400
2.3119 -1.1339 -0.0400
2.8774 -2.2960 -0.0400
2.9467 -2.2822 -0.0400
4.3130 -1.1625 -0.0400
4.3487 -1.1173 -0.0400
4.3923 -1.0971 -0.0400
4.4444 -1.0994 -0.0400
4.4816 -1.0628 -0.0400
4.5233 -1.0387 -0.0400
4.5756 -1.0389 -0.0400
4.6342 -1.0508 -0.0400
4.7027 -1.0800 -0.0400
7.3334 -0.3272 -0.0400
7.3544 -0.2547 -0.0400
7.4008 -0.1934 -0.0400
6.8210 1.3046 -0.0400
6.7763 1.3649 -0.0400
6.7583 1.4233 -0.0400
6.7757 1.4811 -0.0400
6.8191 1.5401 -0.0400
8.4047 2.2722 -0.0400
5.9519 2.0562 -0.0400
5.8798 2.0842 -0.0400
5.8613 2.1245 -0.0400
5.8525 2.1673 -0.0400
5.8522 2.2129 -0.0400
5.8662 2.2637 -0.0400
7.1699 4.2962 -0.0400
7.1378 4.3748 -0.0400
4.5110 3.7653 -0.0400
4.4619 3.7631 -0.0400
4.4022 3.7338 -0.0400
4.3605 3.7451 -0.0400
4.3219 3.7643 -0.0400
4.2726 3.7536 -0.0400
4.2283 3.7549 -0.0400
4.1923 3.7808 -0.0400
4.1636 3.8332 -0.0400
4.4285 6.6529 -0.0400
4.3528 6.7587 -0.0400
2.6437 4.0587 -0.0400
2.6027 4.0316 -0.0400
2.5568 4.0198 -0.0400
2.5042 4.0254 -0.0400
2.4746 3.9701 -0.0400
2.4306 3.9537 -0.0400
2.3839 3.9430 -0.0400
2.3314 3.9445 -0.0400
2.2561 3.9918 -0.0400
2.2099 3.9751 -0.0400
0.7701 4.0169 -0.0400
0.7689 3.9302 -0.0400
0.7387 3.8718 -0.0400
0.6887 3.8310 -0.0400
0.6069 3.8158 -0.0400
-1.6086 4.5649 -0.0400
2.3302 1.8899 -0.0400
2.3427 1.8632 -0.0400
2.3485 1.8394 -0.0400
2.3502 1.8175 -0.0400
2.3518 1.7958 -0.0400
2.3462 1.7764 -0.0400
2.3375 1.7578 -0.0400
2.3261 1.7397 -0.0400
2.3108 1.7222 -0.0400
2.2524 1.7130 -0.0400
2.1878 1.7029 -0.0400
2.1751 1.6821 -0.0400
2.1580 1.6616 -0.0400
2.1333 1.6415 -0.0400
2.0914 1.6227 -0.0400
0.7364 1.4385 -0.0400
0.7790 1.3921 -0.0400
0.7943 1.3458 -0.0400
0.7740 1.2977 -0.0400
0.7047 1.2448 -0.0400
-1.2325 -0.3051 -0.0400
2.1391 -1.1023 -0.0400
2.2175 -1.0574 -0.0400
2.2662 -1.0697 -0.0400
2.3063 -1.1003 -0.0400
2.3416 -1.1432 -0.0400
2.3595 -1.2311 -0.0400
2.9135 -2.3611 -0.0400
2.9899 -2.2956 -0.0400
3.0558 -2.3044 -0.0400
3.1179 -2.3557 -0.0400
4.2517 -1.1608 -0.0400
4.2921 -1.1291 -0.0400
4.3377 -1.1149 -0.0400
4.3887 -1.1151 -0.0400
4.4307 -1.0901 -0.0400
4.4717 -1.0637 -0.0400
4.5226 -1.0610 -0.0400
4.5804 -1.0727 -0.0400
4.6501 -1.1071 -0.0400
6.8588 1.1788 -0.0400
6.7894 1.2435 -0.0400
6.7649 1.3034 -0.0400
6.7596 1.3617 -0.0400
6.7701 1.4194 -0.0400
6.8007 1.4776 -0.0400
8.4277 2.1826 -0.0400
5.9987 1.9727 -0.0400
5.9310 2.0046 -0.0400
5.8975 2.0423 -0.0400
5.8774 2.0826 -0.0400
5.8680 2.1254 -0.0400
5.8944 2.1787 -0.0400
5.9539 2.2437 -0.0400
7.2928 4.1822 -0.0400
7.2289 4.2374 -0.0400
4.5966 3.7471 -0.0400
4.5425 3.7375 -0.0400
4.4875 3.7233 -0.0400
4.4398 3.7228 -0.0400
4.3975 3.7331 -0.0400
4.3530 3.7374 -0.0400
4.3037 3.7277 -0.0400
4.2658 3.7471 -0.0400
4.2323 3.7800 -0.0400
4.6073 6.6146 -0.0400
4.5181 6.6389 -0.0400
4.4432 6.7402 -0.0400
4.3580 6.7989 -0.0400
2.7204 4.1220 -0.0400
2.6863 4.0674 -0.0400
2.6441 4.0436 -0.0400
2.5972 4.0350 -0.0400
2.5560 4.0098 -0.0400
2.5151 3.9845 -0.0400
2.4702 3.9705 -0.0400
2.4208 3.9669 -0.0400
2.3413 4.0315 -0.0400
2.2973 4.0102 -0.0400
2.2467 4.0030 -0.0400
2.1844 4.0180 -0.0400
0.8228 4.0539 -0.0400
0.8161 3.9714 -0.0400
0.7813 3.9170 -0.0400
0.7212 3.8856 -0.0400
0.6151 3.8923 -0.0400
-1.5390 4.6461 -0.0400
2.3512 1.9026 -0.0400
2.3591 1.8775 -0.0400
2.3628 1.8546 -0.0400
2.3663 1.8321 -0.0400
2.3621 1.8125 -0.0400
2.3555 1.7936 -0.0400
2.3464 1.7754 -0.0400
2.3243 1.7603 -0.0400
2.3031 1.7445 -0.0400
2.2648 1.7317 -0.0400
2.1975 1.7236 -0.0400
2.1849 1.7032 -0.0400
2.1499 1.6861 -0.0400
2.1152 1.6679 -0.0400
0.7705 1.4884 -0.0400
0.7926 1.4417 -0.0400
0.7974 1.3953 -0.0400
0.7871 1.3483 -0.0400
0.7523 1.2993 -0.0400
-1.2836 -0.1296 -0.0400
-1.2632 -0.2152 -0.0400
2.1012 -1.0467 -0.0400
2.1607 -1.0404 -0.0400
2.2150 -1.0418 -0.0400
2.2583 -1.0650 -0.0400
2.2868 -1.1211 -0.0400
2.8448 -2.2932 -0.0400
2.9146 -2.2768 -0.0400
2.9788 -2.2968 -0.0400
3.0441 -2.3110 -0.0400
4.2850 -1.1707 -0.0400
4.3211 -1.1260 -0.0400
4.3638 -1.1029 -0.0400
4.4155 -1.1044 -0.0400
4.4547 -1.0726 -0.0400
4.4978 -1.0515 -0.0400
4.5464 -1.0431 -0.0400
4.6019 -1.0484 -0.0400
4.6838 -1.1064 -0.0400
6.8083 1.2925 -0.0400
6.7579 1.3534 -0.0400
6.7617 1.4115 -0.0400
6.7826 1.4697 -0.0400
6.8333 1.5291 -0.0400
8.4664 2.1787 -0.0400
8.4164 2.2607 -0.0400
5.9012 2.0401 -0.0400
5.8775 2.0798 -0.0400
5.8651 2.1221 -0.0400
5.8620 2.1670 -0.0400
5.8729 2.2165 -0.0400
5.9141 2.2768 -0.0400
7.2510 4.2511 -0.0400
7.1827 4.3030 -0.0400
4.6020 3.7735 -0.0400
4.5409 3.7509 -0.0400
4.4922 3.7513 -0.0400
4.4321 3.7241 -0.0400
4.3898 3.7347 -0.0400
4.3473 3.7442 -0.0400
4.2988 3.7374 -0.0400
4.2560 3.7439 -0.0400
4.2207 3.7714 -0.0400
4.1909 3.8177 -0.0400
4.6241 6.7020 -0.0400
4.5131 6.6299 -0.0400
4.4239 6.6546 -0.0400
4.3475 6.7552 -0.0400
2.6655 4.1082 -0.0400
2.6327 4.0516 -0.0400
2.5884 4.0348 -0.0400
2.5404 4.0289 -0.0400
2.5043 3.9897 -0.0400
2.4630 3.9660 -0.0400
2.4180 3.9521 -0.0400
2.3501 3.9909 -0.0400
2.2896 4.0082 -0.0400
2.2437 3.9912 -0.0400
2.1902 3.9892 -0.0400
0.7921 4.0794 -0.0400
0.7895 3.9921 -0.0400
0.7754 3.9181 -0.0400
0.7353 3.8690 -0.0400
0.6728 3.8393 -0.0400
-1.5794 4.6757 -0.0400
-1.5974 4.5645 -0.0400
2.3127 1.9135 -0.0400
2.3363 1.8821 -0.0400
2.3563 1.8531 -0.0400
2.3568 1.8318 -0.0400
2.3583 1.8104 -0.0400
2.3535 1.7912 -0.0400
2.3460 1.7727 -0.0400
2.3296 1.7565 -0.0400
2.3143 1.7396 -0.0400
2.2922 1.7238 -0.0400
2.2530 1.7108 -0.0400
2.1825 1.7024 -0.0400
2.1672 1.6823 -0.0400
2.1459 1.6627 -0.0400
2.1140 1.6439 -0.0400
0.7521 1.4456 -0.0400
0.7950 1.3997 -0.0400
0.7916 1.3532 -0.0400
0.7697 1.3055 -0.0400
-1.2697 -0.2030 -0.0400
-1.2440 -0.2867 -0.0400
-1.2329 -0.3764 -0.0400
0.3449 -0.3587 -0.0400
0.3748 -0.4141 -0.0400
2.1226 -1.0753 -0.0400
2.1934 -1.0453 -0.0400
2.2417 -1.0580 -0.0400
2.2843 -1.0825 -0.0400
2.3228 -1.1171 -0.0400
2.8852 -2.3294 -0.0400
2.9581 -2.2886 -0.0400
3.0236 -2.2996 -0.0400
3.0862 -2.3433 -0.0400
4.2250 -1.1736 -0.0400
4.2648 -1.1395 -0.0400
4.3106 -1.1253 -0.0400
4.3623 -1.1275 -0.0400
4.4037 -1.1005 -0.0400
4.4452 -1.0748 -0.0400
4.4996 -1.0807 -0.0400
4.5646 -1.1083 -0.0400
4.6277 -1.1273 -0.0400
4.6907 -1.1429 -0.0400
6.8246 1.1675 -0.0400
6.7797 1.2305 -0.0400
6.7624 1.2902 -0.0400
6.7617 1.3487 -0.0400
6.7764 1.4068 -0.0400
8.4401 2.0807 -0.0400
5.9771 1.9625 -0.0400
5.9245 1.9977 -0.0400
5.8962 2.0370 -0.0400
5.8803 2.0787 -0.0400
5.8933 2.1279 -0.0400
5.9232 2.1829 -0.0400
7.2780 4.1673 -0.0400
4.6277 3.7323 -0.0400
4.5773 3.7320 -0.0400
4.5221 3.7199 -0.0400
4.4673 3.7057 -0.0400
4.4265 3.7202 -0.0400
4.3825 3.7269 -0.0400
4.3322 3.7167 -0.0400
4.2932 3.7333 -0.0400
4.2662 3.7835 -0.0400
4.7028 6.6341 -0.0400
4.6019 6.6104 -0.0400
4.5131 6.6366 -0.0400
4.4467 6.7814 -0.0400
2.7517 4.1419 -0.0400
2.7191 4.0778 -0.0400
2.6769 4.0537 -0.0400
2.6296 4.0469 -0.0400
2.5813 4.0425 -0.0400
2.5448 4.0033 -0.0400
2.5016 3.9844 -0.0400
2.4500 3.9877 -0.0400
2.3848 4.0222 -0.0400
2.3310 4.0251 -0.0400
2.2838 4.0113 -0.0400
0.8256 4.1353 -0.0400
0.8543 4.0152 -0.0400
0.8229 3.9575 -0.0400
0.7660 3.9242 -0.0400
0.7038 3.8946 -0.0400
-1.4921 4.7443 -0.0400
-1.5468 4.6564 -0.0400
2.3569 1.9154 -0.0400
2.3634 1.8909 -0.0400
2.3731 1.8659 -0.0400
2.3710 1.8456 -0.0400
2.3677 1.8260 -0.0400
2.3620 1.8072 -0.0400
2.3532 1.7894 -0.0400
2.3345 1.7742 -0.0400
2.3174 1.7580 -0.0400
2.2923 1.7434 -0.0400
2.2021 1.7426 -0.0400
2.1896 1.7226 -0.0400
2.1739 1.7030 -0.0400
2.1525 1.6840 -0.0400
0.7383 1.5415 -0.0400
0.7819 1.4939 -0.0400
0.7973 1.4477 -0.0400
0.7980 1.4016 -0.0400
0.7836 1.3549 -0.0400
-1.2905 -0.1111 -0.0400
-1.2739 -0.1976 -0.0400
0.3146 -0.2964 -0.0400
0.3389 -0.3549 -0.0400
2.2341 -1.0535 -0.0400
2.2639 -1.1062 -0.0400
2.2883 -1.1743 -0.0400
2.8155 -2.2735 -0.0400
2.8831 -2.2698 -0.0400
2.9473 -2.2892 -0.0400
3.0117 -2.3095 -0.0400
4.2205 -1.2104 -0.0400
4.2541 -1.1545 -0.0400
4.2959 -1.1278 -0.0400
4.3492 -1.1345 -0.0400
4.3883 -1.1013 -0.0400
4.4319 -1.0809 -0.0400
4.4813 -1.0749 -0.0400
4.5392 -1.0868 -0.0400
4.6114 -1.1270 -0.0400
6.8444 1.1577 -0.0400
6.7882 1.2221 -0.0400
6.7591 1.2829 -0.0400
6.7694 1.3411 -0.0400
6.7975 1.3992 -0.0400
6.8662 1.4582 -0.0400
8.4596 2.0747 -0.0400
8.4469 2.1627 -0.0400
6.0389 1.9231 -0.0400
5.9487 1.9532 -0.0400
5.9130 1.9917 -0.0400
5.8929 2.0329 -0.0400
5.8842 2.0765 -0.0400
5.8861 2.1229 -0.0400
5.9057 2.1750 -0.0400
7.3565 4.1177 -0.0400
7.2821 4.1670 -0.0400
7.2495 4.2453 -0.0400
4.6761 3.7363 -0.0400
4.6152 3.7184 -0.0400
4.5731 3.7341 -0.0400
4.5089 3.7040 -0.0400
4.4612 3.7048 -0.0400
4.4227 3.7245 -0.0400
4.3732 3.7185 -0.0400
4.3270 3.7184 -0.0400
4.2928 3.7479 -0.0400
4.2625 3.7896 -0.0400
4.6926 6.6005 -0.0400
4.5999 6.6102 -0.0400
4.5295 6.7242 -0.0400
2.7118 4.0796 -0.0400
2.6691 4.0568 -0.0400
2.6192 4.0583 -0.0400
2.5826 4.0176 -0.0400
2.5409 3.9946 -0.0400
2.4955 3.9822 -0.0400
2.4439 3.9855 -0.0400
2.3777 4.0228 -0.0400
2.3224 4.0293 -0.0400
2.2639 4.0404 -0.0400
0.8574 4.0980 -0.0400
0.8591 4.0058 -0.0400
0.8188 3.9570 -0.0400
0.7657 3.9203 -0.0400
0.6553 3.9340 -0.0400
-1.4730 4.7333 -0.0400
2.3259 1.9467 -0.0400
2.3651 1.9076 -0.0400
2.3680 1.8849 -0.0400
2.3744 1.8613 -0.0400
2.3744 1.8406 -0.0400
2.3693 1.8218 -0.0400
2.3594 1.8045 -0.0400
2.3491 1.7873 -0.0400
2.3369 1.7704 -0.0400
2.3064 1.7581 -0.0400
2.2730 1.7455 -0.0400
2.1995 1.7408 -0.0400
2.1865 1.7212 -0.0400
2.1708 1.7017 -0.0400
2.1177 1.6882 -0.0400
0.7185 1.5439 -0.0400
0.7962 1.4958 -0.0400
0.7997 1.4499 -0.0400
0.7900 1.4038 -0.0400
0.7592 1.3564 -0.0400
-1.2915 -0.1019 -0.0400
-1.2701 -0.1865 -0.0400
0.3102 -0.2887 -0.0400
0.3353 -0.3464 -0.0400
2.7989 -2.2771 -0.0400
2.8675 -2.2669 -0.0400
2.9318 -2.2848 -0.0400
4.3323 -1.1313 -0.0400
4.3778 -1.1154 -0.0400
4.4185 -1.0870 -0.0400
4.4721 -1.0910 -0.0400
4.5364 -1.1171 -0.0400
4.6015 -1.1410 -0.0400
4.6683 -1.1643 -0.0400
6.8548 1.1482 -0.0400
6.7660 1.2155 -0.0400
6.7597 1.2748 -0.0400
6.7671 1.3333 -0.0400
6.7896 1.3916 -0.0400
8.4437 2.0640 -0.0400
5.9709 1.9530 -0.0400
5.9242 1.9899 -0.0400
5.8944 2.0292 -0.0400
5.8921 2.0746 -0.0400
5.9040 2.1240 -0.0400
5.9474 2.1833 -0.0400
7.3433 4.1048 -0.0400
7.2839 4.1645 -0.0400
7.2818 4.2649 -0.0400
4.6594 3.7145 -0.0400
4.6095 3.7168 -0.0400
4.5484 3.6953 -0.0400
4.4973 3.6906 -0.0400
4.4560 3.7046 -0.0400
4.4182 3.7263 -0.0400
4.3638 3.7091 -0.0400
4.3227 3.7213 -0.0400
4.2922 3.7607 -0.0400
4.2680 3.8200 -0.0400
4.6868 6.5836 -0.0400
4.5983 6.6109 -0.0400
4.5219 6.6961 -0.0400
2.7502 4.0942 -0.0400
2.7092 4.0638 -0.0400
2.6631 4.0537 -0.0400
2.6111 4.0624 -0.0400
2.5756 4.0179 -0.0400
2.5336 3.9954 -0.0400
2.4826 3.9982 -0.0400
2.4195 4.0307 -0.0400
2.3641 4.0392 -0.0400
2.3166 4.0265 -0.0400
2.2584 4.0374 -0.0400
0.8899 4.0593 -0.0400
0.8587 4.0010 -0.0400
0.8139 3.9567 -0.0400
0.7561 3.9245 -0.0400
-1.4748 4.7357 -0.0400
2.3593 1.9269 -0.0400
2.3746 1.8986 -0.0400
2.3750 1.8774 -0.0400
2.3770 1.8557 -0.0400
2.3750 1.8359 -0.0400
2.3686 1.8178 -0.0400
2.3583 1.8009 -0.0400
2.3415 1.7858 -0.0400
2.3268 1.7697 -0.0400
2.2831 1.7608 -0.0400
2.2123 1.7572 -0.0400
2.2021 1.7374 -0.0400
2.1804 1.7198 -0.0400
2.1621 1.7009 -0.0400
2.0987 1.6892 -0.0400
0.7077 1.5929 -0.0400
0.7752 1.5435 -0.0400
0.7958 1.4972 -0.0400
0.8011 1.4514 -0.0400
0.7944 1.4056 -0.0400
-1.3307 -0.0144 -0.0400
-1.3034 -0.0970 -0.0400
-1.2976 -0.1870 -0.0400
0.3029 -0.2832 -0.0400
2.7836 -2.2738 -0.0400
2.8522 -2.2634 -0.0400
2.9159 -2.2847 -0.0400
2.9768 -2.3352 -0.0400
4.4526 -1.0826 -0.0400
4.5078 -1.0887 -0.0400
4.5840 -1.1385 -0.0400
6.7883 1.1452 -0.0400
6.7667 1.2066 -0.0400
6.7602 1.2662 -0.0400
6.7665 1.3249 -0.0400
6.8285 1.3825 -0.0400
8.4487 2.0551 -0.0400
8.4718 2.1480 -0.0400
6.0147 1.9090 -0.0400
5.9472 1.9435 -0.0400
5.9147 1.9832 -0.0400
5.8962 2.0251 -0.0400
5.8895 2.0696 -0.0400
5.8937 2.1171 -0.0400
7.3472 4.1027 -0.0400
7.2880 4.1629 -0.0400
4.6536 3.7117 -0.0400
4.6056 3.7176 -0.0400
4.5435 3.6946 -0.0400
4.4919 3.6891 -0.0400
4.4530 3.7084 -0.0400
4.4013 3.6993 -0.0400
4.3574 3.7057 -0.0400
4.3217 3.7315 -0.0400
4.2877 3.7624 -0.0400
4.7818 6.5861 -0.0400
4.6845 6.5798 -0.0400
4.6073 6.6559 -0.0400
4.5264 6.7237 -0.0400
2.7481 4.0751 -0.0400
2.7025 4.0632 -0.0400
2.6509 4.0721 -0.0400
2.6132 4.0329 -0.0400
2.5725 4.0058 -0.0400
2.5275 3.9927 -0.0400
2.4774 3.9932 -0.0400
2.4177 4.0172 -0.0400
2.3561 4.0417 -0.0400
2.2995 4.0504 -0.0400
0.8867 4.1494 -0.0400
0.8998 4.0433 -0.0400
0.8599 3.9942 -0.0400
0.8112 3.9540 -0.0400
0.7144 3.9582 -0.0400
-1.4334 4.8329 -0.0400
2.3441 1.9502 -0.0400
2.3695 1.9167 -0.0400
2.3785 1.8916 -0.0400
2.3809 1.8697 -0.0400
2.3799 1.8495 -0.0400
2.3745 1.8312 -0.0400
2.3671 1.8136 -0.0400
2.3550 1.7974 -0.0400
2.3367 1.7829 -0.0400
2.3214 1.7671 -0.0400
2.2735 1.7595 -0.0400
2.2070 1.7549 -0.0400
2.1957 1.7355 -0.0400
2.1698 1.7188 -0.0400
2.1469 1.7008 -0.0400
2.1128 1.6841 -0.0400
0.7233 1.5928 -0.0400
0.7775 1.5442 -0.0400
0.7969 1.4980 -0.0400
0.7959 1.4524 -0.0400
0.7742 1.4064 -0.0400
-1.2949 -0.0858 -0.0400
-1.2754 -0.1706 -0.0400
0.2588 -0.2274 -0.0400
0.3053 -0.2729 -0.0400
-0.6982 -2.1389 -0.0400
-0.6069 -2.1849 -0.0400
2.7699 -2.2625 -0.0400
2.8373 -2.2593 -0.0400
2.9007 -2.2817 -0.0400
2.9618 -2.3287 -0.0400
4.6334 -1.1609 -0.0400
6.7819 1.1362 -0.0400
6.7644 1.1974 -0.0400
6.7603 1.2570 -0.0400
6.7854 1.3151 -0.0400
6.8276 1.3736 -0.0400
8.4740 1.9580 -0.0400
8.4585 2.0462 -0.0400
5.9646 1.9413 -0.0400
5.9100 1.9768 -0.0400
5.8992 2.0206 -0.0400
5.8983 2.0667 -0.0400
5.9134 2.1174 -0.0400
5.9721 2.1812 -0.0400
7.3387 4.0917 -0.0400
4.7125 3.7294 -0.0400
4.6460 3.7049 -0.0400
4.5888 3.6936 -0.0400
4.5330 3.6821 -0.0400
4.4882 3.6903 -0.0400
4.4499 3.7112 -0.0400
4.3969 3.6996 -0.0400
4.3538 3.7082 -0.0400
4.3211 3.7416 -0.0400
4.7755 6.5663 -0.0400
4.6828 6.5773 -0.0400
4.6071 6.6593 -0.0400
2.7813 4.1119 -0.0400
2.7415 4.0744 -0.0400
2.6964 4.0604 -0.0400
2.6460 4.0653 -0.0400
2.6107 4.0180 -0.0400
2.5658 4.0049 -0.0400
2.5167 4.0036 -0.0400
2.4591 4.0243 -0.0400
2.3968 4.0535 -0.0400
2.3507 4.0377 -0.0400
2.2963 4.0415 -0.0400
0.9116 4.1165 -0.0400
0.8916 4.0456 -0.0400
0.8549 3.9932 -0.0400
0.7978 3.9612 -0.0400
-1.4201 4.8239 -0.0400
-1.4888 4.7463 -0.0400
2.3722 1.9309 -0.0400
2.3810 1.9055 -0.0400
2.3840 1.8833 -0.0400
2.3833 1.8629 -0.0400
2.3803 1.8438 -0.0400
2.3734 1.8262 -0.0400
2.3631 1.8097 -0.0400
2.3484 1.7945 -0.0400
2.3272 1.7810 -0.0400
2.3088 1.7661 -0.0400
2.2188 1.7697 -0.0400
2.2043 1.7515 -0.0400
2.1926 1.7323 -0.0400
2.1669 1.7157 -0.0400
2.1155 1.7034 -0.0400
0.7476 1.5916 -0.0400
0.7846 1.5441 -0.0400
0.8034 1.4982 -0.0400
0.7958 1.4529 -0.0400
0.7739 1.4071 -0.0400
-1.3275 0.0021 -0.0400
-1.3065 -0.0820 -0.0400
0.3027 -0.2660 -0.0400
-0.6954 -2.1201 -0.0400
-0.6178 -2.1780 -0.0400
2.7513 -2.2821 -0.0400
2.8226 -2.2547 -0.0400
2.8860 -2.2765 -0.0400
2.9441 -2.3476 -0.0400
6.7904 1.3053 -0.0400
6.8367 1.3639 -0.0400
8.4970 1.9495 -0.0400
8.4512 2.0348 -0.0400
5.9924 1.8931 -0.0400
5.9428 1.9310 -0.0400
5.9157 1.9721 -0.0400
5.9005 2.0151 -0.0400
5.8956 2.0605 -0.0400
5.9452 2.1202 -0.0400
7.3423 4.0881 -0.0400
7.3166 4.1716 -0.0400
4.6908 3.6974 -0.0400
4.6435 3.7062 -0.0400
4.5825 3.6881 -0.0400
4.5276 3.6788 -0.0400
4.4854 3.6923 -0.0400
4.4384 3.6952 -0.0400
4.3904 3.6942 -0.0400
4.3512 3.7120 -0.0400
4.3194 3.7479 -0.0400
4.8810 6.5985 -0.0400
4.7759 6.5696 -0.0400
4.6820 6.5772 -0.0400
4.6140 6.6919 -0.0400
2.7809 4.0842 -0.0400
2.7359 4.0697 -0.0400
2.6863 4.0728 -0.0400
2.6440 4.0482 -0.0400
2.6044 4.0162 -0.0400
2.5596 4.0023 -0.0400
2.5113 3.9988 -0.0400
2.4358 4.0695 -0.0400
2.3906 4.0514 -0.0400
2.3378 4.0523 -0.0400
0.9197 4.1011 -0.0400
0.8987 4.0317 -0.0400
0.8474 3.9944 -0.0400
0.7817 3.9708 -0.0400
-1.4156 4.8206 -0.0400
2.3528 1.9553 -0.0400
2.3766 1.9221 -0.0400
2.3846 1.8973 -0.0400
2.3856 1.8761 -0.0400
2.3858 1.8557 -0.0400
2.3794 1.8381 -0.0400
2.3705 1.8213 -0.0400
2.3589 1.8055 -0.0400
2.3429 1.7908 -0.0400
2.3210 1.7776 -0.0400
2.2774 1.7700 -0.0400
2.2148 1.7660 -0.0400
2.1986 1.7483 -0.0400
2.1857 1.7295 -0.0400
2.1580 1.7135 -0.0400
2.0992 1.7026 -0.0400
0.7713 1.5898 -0.0400
0.7944 1.5433 -0.0400
0.8034 1.4979 -0.0400
0.7929 1.4528 -0.0400
0.7670 1.4071 -0.0400
-1.3499 0.0020 -0.0400
-1.3107 -0.0762 -0.0400
0.2638 -0.2093 -0.0400
0.2959 -0.2622 -0.0400
-0.7077 -2.1153 -0.0400
-0.6263 -2.1697 -0.0400
2.7414 -2.2521 -0.0400
2.8081 -2.2511 -0.0400
2.8714 -2.2724 -0.0400
2.9346 -2.2988 -0.0400
4.1581 -1.2092 -0.0400
4.1959 -1.1672 -0.0400
4.2400 -1.1475 -0.0400
8.5060 1.9390 -0.0400
8.4513 2.0237 -0.0400
6.0120 1.8894 -0.0400
5.9527 1.9262 -0.0400
5.9123 1.9649 -0.0400
5.9053 2.0099 -0.0400
5.9080 2.0573 -0.0400
5.9280 2.1096 -0.0400
7.3932 4.0151 -0.0400
7.3535 4.0889 -0.0400
4.6838 3.6899 -0.0400
4.6398 3.7044 -0.0400
4.5722 3.6747 -0.0400
4.5237 3.6773 -0.0400
4.4839 3.6959 -0.0400
4.4334 3.6919 -0.0400
4.3873 3.6953 -0.0400
4.3512 3.7206 -0.0400
4.3272 3.7760 -0.0400
4.8701 6.5613 -0.0400
4.7688 6.5445 -0.0400
4.6880 6.6019 -0.0400
4.6181 6.7103 -0.0400
2.8154 4.1191 -0.0400
2.7747 4.0825 -0.0400
2.7296 4.0681 -0.0400
2.6802 4.0705 -0.0400
2.6429 4.0279 -0.0400
2.5982 4.0138 -0.0400
2.5504 4.0095 -0.0400
2.4962 4.0229 -0.0400
2.4293 4.0685 -0.0400
2.3851 4.0477 -0.0400
2.3334 4.0460 -0.0400
0.9146 4.1945 -0.0400
0.9378 4.0746 -0.0400
0.8951 4.0286 -0.0400
0.8397 3.9956 -0.0400
0.7655 3.9802 -0.0400
-1.4177 4.8215 -0.0400
2.3451 1.9741 -0.0400
2.3815 1.9338 -0.0400
2.3908 1.9082 -0.0400
2.3881 1.8887 -0.0400
2.3879 1.8683 -0.0400
2.3846 1.8495 -0.0400
2.3773 1.8323 -0.0400
2.3673 1.8162 -0.0400
2.3502 1.8024 -0.0400
2.3315 1.7886 -0.0400
2.3025 1.7776 -0.0400
2.2239 1.7799 -0.0400
2.2113 1.7617 -0.0400
2.1949 1.7442 -0.0400
2.1730 1.7276 -0.0400
2.1359 1.7135 -0.0400
0.7918 1.5877 -0.0400
0.8033 1.5420 -0.0400
0.8056 1.4971 -0.0400
0.7842 1.4522 -0.0400
0.7480 1.4064 -0.0400
-1.3225 0.0167 -0.0400
-1.3041 -0.0676 -0.0400
0.2369 -0.2169 -0.0400
0.2530 -0.2790 -0.0400
-0.7508 -2.1380 -0.0400
2.8572 -2.2684 -0.0400
4.1861 -1.1856 -0.0400
4.2260 -1.1524 -0.0400
4.2790 -1.1588 -0.0400
4.3206 -1.1319 -0.0400
4.3631 -1.1084 -0.0400
7.2471 -0.5995 -0.0400
7.2434 -0.5116 -0.0400
8.4840 1.9250 -0.0400
6.0265 1.8843 -0.0400
5.9348 1.9156 -0.0400
5.9157 1.9585 -0.0400
5.9064 2.0032 -0.0400
5.9055 2.0499 -0.0400
5.9794 2.1162 -0.0400
7.4237 4.0269 -0.0400
7.3524 4.0808 -0.0400
4.6818 3.6898 -0.0400
4.6386 3.7062 -0.0400
4.5677 3.6708 -0.0400
4.5213 3.6778 -0.0400
4.4837 3.7010 -0.0400
4.4269 3.6844 -0.0400
4.3861 3.6996 -0.0400
4.3500 3.7255 -0.0400
4.3380 3.8103 -0.0400
4.8687 6.5555 -0.0400
4.7674 6.5391 -0.0400
4.6940 6.6251 -0.0400
4.6215 6.7244 -0.0400
2.8107 4.1111 -0.0400
2.7689 4.0799 -0.0400
2.7196 4.0825 -0.0400
2.6773 4.0565 -0.0400
2.6369 4.0257 -0.0400
2.5921 4.0118 -0.0400
2.5444 4.0068 -0.0400
2.4691 4.0830 -0.0400
2.4250 4.0613 -0.0400
2.3741 4.0585 -0.0400
2.3088 4.0905 -0.0400
0.9589 4.2343 -0.0400
0.9645 4.1312 -0.0400
0.9348 4.0704 -0.0400
0.8911 4.0257 -0.0400
0.8340 3.9945 -0.0400
-1.3711 4.9134 -0.0400
-1.4333 4.8316 -0.0400
2.3761 1.9502 -0.0400
2.3919 1.9209 -0.0400
2.3912 1.9003 -0.0400
2.3922 1.8794 -0.0400
2.3895 1.8603 -0.0400
2.3820 1.8434 -0.0400
2.3735 1.8269 -0.0400
2.3611 1.8117 -0.0400
2.3447 1.7977 -0.0400
2.3229 1.7851 -0.0400
2.2844 1.7770 -0.0400
2.2183 1.7757 -0.0400
2.2046 1.7579 -0.0400
2.1869 1.7408 -0.0400
2.1627 1.7247 -0.0400
2.1179 1.7123 -0.0400
0.7935 1.5860 -0.0400
0.8080 1.5404 -0.0400
0.8030 1.4958 -0.0400
0.7633 1.4512 -0.0400
-1.3340 0.0188 -0.0400
-1.3544 -0.0780 -0.0400
0.2643 -0.1963 -0.0400
0.2877 -0.2535 -0.0400
-0.8416 -2.0756 -0.0400
-0.7004 -2.0801 -0.0400
4.1322 -1.2256 -0.0400
4.1688 -1.1793 -0.0400
4.2114 -1.1550 -0.0400
4.2596 -1.1477 -0.0400
4.3110 -1.1484 -0.0400
4.3503 -1.1160 -0.0400
4.3998 -1.1102 -0.0400
4.4598 -1.1279 -0.0400
4.5312 -1.1674 -0.0400
7.2132 -0.5994 -0.0400
7.2372 -0.5259 -0.0400
7.3209 -0.4817 -0.0400
5.9702 1.8671 -0.0400
5.9380 1.9084 -0.0400
5.9185 1.9515 -0.0400
5.9082 1.9961 -0.0400
5.9272 2.0477 -0.0400
5.9625 2.1045 -0.0400
7.4005 4.0040 -0.0400
7.3741 4.0871 -0.0400
4.7393 3.6984 -0.0400
4.6778 3.6856 -0.0400
4.6178 3.6723 -0.0400
4.5668 3.6727 -0.0400
4.5209 3.6809 -0.0400
4.4805 3.6991 -0.0400
4.4242 3.6839 -0.0400
4.3866 3.7064 -0.0400
4.3534 3.7394 -0.0400
4.8630 6.5336 -0.0400
4.7711 6.5504 -0.0400
4.6966 6.6331 -0.0400
4.6226 6.7269 -0.0400
2.8445 4.1575 -0.0400
2.8068 4.1005 -0.0400
2.7630 4.0784 -0.0400
2.7122 4.0872 -0.0400
2.6724 4.0506 -0.0400
2.6311 4.0229 -0.0400
2.5831 4.0198 -0.0400
2.5295 4.0329 -0.0400
2.4632 4.0806 -0.0400
2.4191 4.0591 -0.0400
2.3685 4.0553 -0.0400
0.9586 4.1301 -0.0400
0.9307 4.0675 -0.0400
0.8755 4.0348 -0.0400
0.7931 4.0288 -0.0400
-1.3604 4.9043 -0.0400
2.3766 1.9634 -0.0400
2.3852 1.9372 -0.0400
2.3965 1.9104 -0.0400
2.3937 1.8911 -0.0400
2.3931 1.8711 -0.0400
2.3871 1.8536 -0.0400
2.3788 1.8372 -0.0400
2.3667 1.8222 -0.0400
2.3495 1.8089 -0.0400
2.3255 1.7975 -0.0400
2.3039 1.7846 -0.0400
2.2274 1.7882 -0.0400
2.2146 1.7705 -0.0400
2.1989 1.7533 -0.0400
2.1795 1.7367 -0.0400
2.1355 1.7254 -0.0400
0.7533 1.6318 -0.0400
0.8007 1.5834 -0.0400
0.8087 1.5384 -0.0400
0.8025 1.4940 -0.0400
0.7629 1.4496 -0.0400
-1.3537 0.1072 -0.0400
-1.3300 0.0250 -0.0400
-1.3188 -0.0612 -0.0400
0.2209 -0.1445 -0.0400
0.2658 -0.1902 -0.0400
-0.7154 -2.0799 -0.0400
4.1331 -1.2814 -0.0400
4.1583 -1.1945 -0.0400
4.1983 -1.1616 -0.0400
4.2491 -1.1621 -0.0400
4.2939 -1.1444 -0.0400
4.3354 -1.1183 -0.0400
4.3811 -1.1033 -0.0400
4.4347 -1.1066 -0.0400
4.5019 -1.1385 -0.0400
7.2260 -0.6243 -0.0400
7.2332 -0.5417 -0.0400
7.2939 -0.4862 -0.0400
5.9679 1.8582 -0.0400
5.9388 1.9002 -0.0400
5.9205 1.9437 -0.0400
5.9185 1.9903 -0.0400
5.9283 2.0400 -0.0400
5.9588 2.0957 -0.0400
7.4155 4.0047 -0.0400
4.7293 3.6830 -0.0400
4.6793 3.6896 -0.0400
4.6088 3.6585 -0.0400
4.5622 3.6667 -0.0400
4.5218 3.6856 -0.0400
4.4678 3.6771 -0.0400
4.4231 3.6857 -0.0400
4.3866 3.7110 -0.0400
4.3554 3.7490 -0.0400
4.8640 6.5331 -0.0400
4.7744 6.5584 -0.0400
4.7078 6.6721 -0.0400
2.8450 4.1233 -0.0400
2.8043 4.0835 -0.0400
2.7562 4.0817 -0.0400
2.7081 4.0784 -0.0400
2.6682 4.0428 -0.0400
2.6250 4.0218 -0.0400
2.5761 4.0215 -0.0400
2.5216 4.0373 -0.0400
2.4578 4.0773 -0.0400
2.4082 4.0713 -0.0400
2.3453 4.0998 -0.0400
0.9979 4.1732 -0.0400
0.9719 4.1074 -0.0400
0.9300 4.0605 -0.0400
0.8736 4.0292 -0.0400
0.7944 4.0203 -0.0400
-1.3605 4.9028 -0.0400
2.3526 1.9901 -0.0400
2.3961 1.9440 -0.0400
2.3983 1.9217 -0.0400
2.3966 1.9018 -0.0400
2.3974 1.8810 -0.0400
2.3919 1.8634 -0.0400
2.3834 1.8472 -0.0400
2.3740 1.8313 -0.0400
2.3585 1.8177 -0.0400
2.3361 1.8063 -0.0400
2.3164 1.7933 -0.0400
2.2326 1.8011 -0.0400
2.2195 1.7838 -0.0400
2.2027 1.7673 -0.0400
2.1903 1.7492 -0.0400
2.1646 1.7342 -0.0400
2.1203 1.7229 -0.0400
0.7870 1.6266 -0.0400
0.8093 1.5803 -0.0400
0.8072 1.5360 -0.0400
0.7973 1.4918 -0.0400
0.7453 1.4476 -0.0400
-1.3524 0.1118 -0.0400
-1.3271 0.0303 -0.0400
0.2652 -0.1857 -0.0400
0.2753 -0.2496 -0.0400
-0.8318 -2.0423 -0.0400
-0.7141 -2.0662 -0.0400
1.9952 -0.9803 -0.0400
4.1403 -1.1848 -0.0400
4.1834 -1.1626 -0.0400
4.2316 -1.1558 -0.0400
4.2834 -1.1582 -0.0400
4.3227 -1.1258 -0.0400
4.3706 -1.1165 -0.0400
4.4269 -1.1259 -0.0400
4.5021 -1.1752 -0.0400
4.5585 -1.1779 -0.0400
7.2104 -0.6345 -0.0400
7.2248 -0.5555 -0.0400
7.3113 -0.5127 -0.0400
5.9228 1.9827 -0.0400
5.9340 2.0329 -0.0400
5.9661 2.0892 -0.0400
7.4123 3.9932 -0.0400
7.4010 4.0865 -0.0400
4.7258 3.6775 -0.0400
4.6787 3.6890 -0.0400
4.6048 3.6523 -0.0400
4.5609 3.6657 -0.0400
4.5214 3.6865 -0.0400
4.4633 3.6706 -0.0400
4.4219 3.6860 -0.0400
4.3937 3.7296 -0.0400
4.9866 6.6050 -0.0400
4.8652 6.5315 -0.0400
4.7884 6.6027 -0.0400
4.7104 6.6763 -0.0400
2.8854 4.1394 -0.0400
2.8433 4.1022 -0.0400
2.7985 4.0834 -0.0400
2.7479 4.0928 -0.0400
2.7063 4.0613 -0.0400
2.6653 4.0304 -0.0400
2.6190 4.0213 -0.0400
2.5685 4.0262 -0.0400
2.5119 4.0483 -0.0400
2.4529 4.0733 -0.0400
2.4010 4.0737 -0.0400
2.3348 4.1108 -0.0400
0.9860 4.1790 -0.0400
0.9654 4.1067 -0.0400
0.9187 4.0650 -0.0400
0.8441 4.0527 -0.0400
-1.3626 4.9025 -0.0400
2.3563 2.0015 -0.0400
2.3870 1.9614 -0.0400
2.3942 1.9358 -0.0400
2.4031 1.9101 -0.0400
2.3998 1.8913 -0.0400
2.3967 1.8726 -0.0400
2.3887 1.8563 -0.0400
2.3795 1.8405 -0.0400
2.3641 1.8272 -0.0400
2.3503 1.8129 -0.0400
2.3207 1.8042 -0.0400
2.2914 1.7945 -0.0400
2.2274 1.7955 -0.0400
2.2112 1.7792 -0.0400
2.1980 1.7616 -0.0400
2.1729 1.7471 -0.0400
2.1285 1.7368 -0.0400
0.7520 1.6716 -0.0400
0.7980 1.6225 -0.0400
0.8118 1.5771 -0.0400
0.8069 1.5331 -0.0400
0.7812 1.4895 -0.0400
-1.3460 0.1173 -0.0400
-1.3417 0.0298 -0.0400
0.2331 -0.1300 -0.0400
0.2586 -0.1852 -0.0400
1.9916 -0.9692 -0.0400
2.0546 -0.9535 -0.0400
2.0976 -0.9731 -0.0400
2.1368 -1.0004 -0.0400
4.0907 -1.2374 -0.0400
4.1278 -1.1927 -0.0400
4.1698 -1.1670 -0.0400
4.2164 -1.1557 -0.0400
4.2656 -1.1513 -0.0400
4.3077 -1.1271 -0.0400
4.3535 -1.1129 -0.0400
4.4065 -1.1151 -0.0400
4.4703 -1.1398 -0.0400
4.5571 -1.2103 -0.0400
7.1701 -0.7125 -0.0400
7.1860 -0.6339 -0.0400
7.2930 -0.6026 -0.0400
7.4696 3.9225 -0.0400
4.7668 3.6548 -0.0400
4.6960 3.6287 -0.0400
4.6445 3.6312 -0.0400
4.6014 3.6466 -0.0400
4.5636 3.6710 -0.0400
4.5025 3.6513 -0.0400
4.4640 3.6729 -0.0400
4.4307 3.7054 -0.0400
5.0734 6.5596 -0.0400
4.9587 6.5128 -0.0400
4.8951 6.6261 -0.0400
4.8098 6.6739 -0.0400
2.9301 4.1432 -0.0400
2.8882 4.1014 -0.0400
2.8411 4.0947 -0.0400
2.7940 4.0875 -0.0400
2.7516 4.0587 -0.0400
2.7072 4.0414 -0.0400
2.6581 4.0433 -0.0400
2.6057 4.0553 -0.0400
2.5428 4.1002 -0.0400
2.4943 4.0917 -0.0400
2.4399 4.1000 -0.0400
1.0707 4.2703 -0.0400
1.0545 4.1898 -0.0400
1.0169 4.1373 -0.0400
0.9654 4.1014 -0.0400
0.8964 4.0842 -0.0400
-1.2377 5.0631 -0.0400
2.4007 1.9910 -0.0400
2.4094 1.9638 -0.0400
2.4194 1.9367 -0.0400
2.4157 1.9179 -0.0400
2.4107 1.9000 -0.0400
2.4039 1.8832 -0.0400
2.3932 1.8683 -0.0400
2.3817 1.8536 -0.0400
2.3604 1.8430 -0.0400
2.3414 1.8309 -0.0400
2.3156 1.8210 -0.0400
2.2425 1.8281 -0.0400
2.2310 1.8107 -0.0400
2.2117 1.7957 -0.0400
2.1965 1.7789 -0.0400
2.1601 1.7680 -0.0400
0.7735 1.7123 -0.0400
0.8174 1.6629 -0.0400
0.8191 1.6185 -0.0400
0.8066 1.5752 -0.0400
0.7721 1.5324 -0.0400
-1.4104 0.2785 -0.0400
-1.3592 0.2037 -0.0400
-1.3881 0.1077 -0.0400
0.2046 -0.0743 -0.0400
0.2387 -0.1250 -0.0400
-0.8615 -1.9265 -0.0400
-0.7835 -1.9837 -0.0400
1.9629 -0.9126 -0.0400
2.0106 -0.9242 -0.0400
2.0528 -0.9452 -0.0400
2.0905 -0.9746 -0.0400
2.1019 -1.0583 -0.0400
4.0350 -1.2528 -0.0400
4.0728 -1.2086 -0.0400
4.1149 -1.1825 -0.0400
4.1654 -1.1839 -0.0400
4.2119 -1.1718 -0.0400
4.2538 -1.1465 -0.0400
4.2985 -1.1298 -0.0400
4.3605 -1.1560 -0.0400
4.4333 -1.2035 -0.0400
4.4895 -1.2074 -0.0400
7.2031 -0.6682 -0.0400
7.2179 -0.5891 -0.0400
7.3114 -0.5495 -0.0400
7.4834 3.9162 -0.0400
7.4233 3.9790 -0.0400
4.7682 3.6540 -0.0400
4.7208 3.6663 -0.0400
4.6571 3.6505 -0.0400
4.6052 3.6518 -0.0400
4.5616 3.6664 -0.0400
4.5061 3.6579 -0.0400
4.4622 3.6695 -0.0400
4.4242 3.6928 -0.0400
4.3931 3.7311 -0.0400
4.9671 6.5273 -0.0400
4.8733 6.5421 -0.0400
4.8076 6.6542 -0.0400
4.7235 6.7092 -0.0400
2.9202 4.1670 -0.0400
2.8786 4.1195 -0.0400
2.8353 4.0891 -0.0400
2.7848 4.0992 -0.0400
2.7417 4.0715 -0.0400
2.7008 4.0375 -0.0400
2.6545 4.0281 -0.0400
2.6014 4.0432 -0.0400
2.5433 4.0723 -0.0400
2.4890 4.0836 -0.0400
2.4376 4.0833 -0.0400
2.3778 4.1053 -0.0400
1.0010 4.2441 -0.0400
1.0107 4.1336 -0.0400
0.9623 4.0941 -0.0400
0.8981 4.0719 -0.0400
0.7825 4.1028 -0.0400
-1.3057 4.9835 -0.0400
2.3805 1.9899 -0.0400
2.3977 1.9574 -0.0400
2.4113 1.9281 -0.0400
2.4085 1.9088 -0.0400
2.4041 1.8907 -0.0400
2.3979 1.8736 -0.0400
2.3874 1.8587 -0.0400
2.3757 1.8442 -0.0400
2.3622 1.8304 -0.0400
2.3462 1.8173 -0.0400
2.3036 1.8144 -0.0400
2.2393 1.8182 -0.0400
2.2242 1.8022 -0.0400
2.2110 1.7853 -0.0400
2.1966 1.7684 -0.0400
2.1618 1.7573 -0.0400
2.1317 1.7439 -0.0400
0.7896 1.6602 -0.0400
0.8121 1.6138 -0.0400
0.8133 1.5696 -0.0400
0.7988 1.5264 -0.0400
-1.3641 0.2057 -0.0400
-1.3456 0.1231 -0.0400
-1.3306 0.0392 -0.0400
0.2366 -0.1225 -0.0400
-0.9247 -1.9641 -0.0400
-0.7857 -1.9724 -0.0400
1.9335 -0.9433 -0.0400
1.9928 -0.9356 -0.0400
2.0415 -0.9447 -0.0400
2.0841 -0.9644 -0.0400
2.1123 -1.0129 -0.0400
2.1318 -1.0822 -0.0400
4.1007 -1.1992 -0.0400
4.1429 -1.1742 -0.0400
4.1927 -1.1733 -0.0400
4.2400 -1.1636 -0.0400
4.2813 -1.1373 -0.0400
4.3290 -1.1282 -0.0400
4.3830 -1.1332 -0.0400
4.4607 -1.1899 -0.0400
4.5127 -1.1839 -0.0400
7.1458 -0.8265 -0.0400
7.1381 -0.7332 -0.0400
7.1740 -0.6653 -0.0400
7.2511 -0.6187 -0.0400
7.5054 3.9218 -0.0400
4.8150 3.6376 -0.0400
4.7640 3.6454 -0.0400
4.7030 3.6359 -0.0400
4.6433 3.6257 -0.0400
4.6059 3.6515 -0.0400
4.5481 3.6407 -0.0400
4.5041 3.6532 -0.0400
4.4671 3.6785 -0.0400
5.0563 6.4908 -0.0400
4.9681 6.5236 -0.0400
4.9091 6.6528 -0.0400
2.9653 4.1758 -0.0400
2.9250 4.1132 -0.0400
2.8786 4.1000 -0.0400
2.8297 4.1027 -0.0400
2.7865 4.0739 -0.0400
2.7433 4.0487 -0.0400
2.6942 4.0507 -0.0400
2.6434 4.0582 -0.0400
2.5794 4.1115 -0.0400
2.5323 4.0977 -0.0400
2.4733 4.1227 -0.0400
1.0718 4.3569 -0.0400
1.0865 4.2334 -0.0400
1.0545 4.1731 -0.0400
1.0080 4.1313 -0.0400
0.9472 4.1060 -0.0400
-1.1901 5.1516 -0.0400
2.4228 1.9787 -0.0400
2.4248 1.9557 -0.0400
2.4226 1.9358 -0.0400
2.4186 1.9172 -0.0400
2.4129 1.8998 -0.0400
2.4030 1.8847 -0.0400
2.3913 1.8705 -0.0400
2.3775 1.8572 -0.0400
2.3612 1.8447 -0.0400
2.3185 1.8434 -0.0400
2.2536 1.8500 -0.0400
2.2429 1.8327 -0.0400
2.2305 1.8158 -0.0400
2.2078 1.8025 -0.0400
2.1879 1.7876 -0.0400
2.1330 1.7833 -0.0400
0.7788 1.7481 -0.0400
0.8180 1.6985 -0.0400
0.8234 1.6538 -0.0400
0.8167 1.6105 -0.0400
0.7915 1.5682 -0.0400
-1.3800 0.2901 -0.0400
-1.3674 0.2062 -0.0400
0.1812 -0.0143 -0.0400
0.2134 -0.0657 -0.0400
-0.8522 -1.9005 -0.0400
-0.7993 -1.9775 -0.0400
1.8820 -0.9274 -0.0400
1.9472 -0.9111 -0.0400
1.9974 -0.9179 -0.0400
2.0375 -0.9420 -0.0400
2.0692 -0.9824 -0.0400
2.0890 -1.0484 -0.0400
4.0171 -1.2918 -0.0400
4.0496 -1.2268 -0.0400
4.0878 -1.1874 -0.0400
4.1343 -1.1772 -0.0400
4.1848 -1.1785 -0.0400
4.2268 -1.1541 -0.0400
4.2743 -1.1450 -0.0400
4.3276 -1.1498 -0.0400
4.3932 -1.1819 -0.0400
4.4728 -1.2412 -0.0400
7.1405 -0.7541 -0.0400
7.1631 -0.6787 -0.0400
6.8165 0.8903 -0.0400
6.7565 0.9605 -0.0400
7.5214 3.8201 -0.0400
7.4957 3.9039 -0.0400
4.8654 3.6229 -0.0400
4.8077 3.6224 -0.0400
4.7514 3.6220 -0.0400
4.6918 3.6144 -0.0400
4.6463 3.6274 -0.0400
4.6076 3.6515 -0.0400
4.5513 3.6438 -0.0400
4.5077 3.6576 -0.0400
4.4792 3.7003 -0.0400
5.0619 6.4952 -0.0400
4.9810 6.5515 -0.0400
4.9087 6.6393 -0.0400
2.9673 4.1275 -0.0400
2.9219 4.1049 -0.0400
2.8728 4.1091 -0.0400
2.8254 4.1014 -0.0400
2.7842 4.0617 -0.0400
2.7385 4.0483 -0.0400
2.6880 4.0566 -0.0400
2.6355 4.0698 -0.0400
2.5751 4.1088 -0.0400
2.5237 4.1098 -0.0400
2.4679 4.1233 -0.0400
1.0979 4.2106 -0.0400
1.0526 4.1671 -0.0400
0.9941 4.1396 -0.0400
0.9129 4.1373 -0.0400
-1.2047 5.1613 -0.0400
-1.2536 5.0687 -0.0400
2.3919 2.0342 -0.0400
2.4184 1.9930 -0.0400
2.4236 1.9675 -0.0400
2.4236 1.9459 -0.0400
2.4207 1.9265 -0.0400
2.4177 1.9075 -0.0400
2.4082 1.8923 -0.0400
2.3971 1.8779 -0.0400
2.3840 1.8644 -0.0400
2.3686 1.8518 -0.0400
2.3300 1.8496 -0.0400
2.2586 1.8606 -0.0400
2.2486 1.8431 -0.0400
2.2359 1.8266 -0.0400
2.2132 1.8137 -0.0400
2.1926 1.7994 -0.0400
2.1658 1.7866 -0.0400
2.1291 1.7763 -0.0400
0.8021 1.7400 -0.0400
0.8256 1.6927 -0.0400
0.8234 1.6490 -0.0400
0.8072 1.6066 -0.0400
0.7523 1.5662 -0.0400
-1.3730 0.2930 -0.0400
-1.3681 0.2075 -0.0400
0.1882 -0.0101 -0.0400
0.2104 -0.0658 -0.0400
-0.9347 -1.8386 -0.0400
-0.8483 -1.8893 -0.0400
1.8964 -0.8921 -0.0400
1.9499 -0.8941 -0.0400
1.9947 -0.9095 -0.0400
2.0336 -0.9352 -0.0400
2.0666 -0.9726 -0.0400
2.0898 -1.0309 -0.0400
4.0328 -1.2158 -0.0400
4.0753 -1.1921 -0.0400
4.1225 -1.1843 -0.0400
4.1741 -1.1890 -0.0400
4.2132 -1.1563 -0.0400
4.2581 -1.1409 -0.0400
4.3150 -1.1556 -0.0400
4.3813 -1.1897 -0.0400
4.4577 -1.2422 -0.0400
7.1198 -0.8511 -0.0400
7.1200 -0.7622 -0.0400
7.1623 -0.6978 -0.0400
7.2768 -0.6705 -0.0400
6.7802 0.8810 -0.0400
6.7597 0.9457 -0.0400
6.7493 1.0083 -0.0400
6.7616 1.0682 -0.0400
6.8135 1.1254 -0.0400
7.5272 3.8107 -0.0400
7.4986 3.8930 -0.0400
4.8145 3.6271 -0.0400
4.7688 3.6436 -0.0400
4.6892 3.6056 -0.0400
4.6490 3.6274 -0.0400
4.5967 3.6285 -0.0400
4.5480 3.6340 -0.0400
4.5090 3.6565 -0.0400
4.4785 3.6955 -0.0400
5.1615 6.4798 -0.0400
5.0676 6.4986 -0.0400
4.9921 6.5720 -0.0400
4.9148 6.6452 -0.0400
3.0053 4.1930 -0.0400
2.9638 4.1255 -0.0400
2.9180 4.1050 -0.0400
2.8674 4.1180 -0.0400
2.8259 4.0753 -0.0400
2.7812 4.0550 -0.0400
2.7333 4.0521 -0.0400
2.6839 4.0546 -0.0400
2.6223 4.1041 -0.0400
2.5709 4.1067 -0.0400
2.5165 4.1181 -0.0400
2.4561 4.1458 -0.0400
1.1245 4.2707 -0.0400
1.0933 4.2081 -0.0400
1.0488 4.1636 -0.0400
0.9917 4.1344 -0.0400
-1.1785 5.1370 -0.0400
2.4045 2.0145 -0.0400
2.4332 1.9722 -0.0400
2.4314 1.9517 -0.0400
2.4275 1.9328 -0.0400
2.4218 1.9153 -0.0400
2.4134 1.8995 -0.0400
2.4032 1.8848 -0.0400
2.3910 1.8710 -0.0400
2.3674 1.8629 -0.0400
2.3441 1.8539 -0.0400
2.3099 1.8493 -0.0400
2.2544 1.8530 -0.0400
2.2424 1.8365 -0.0400
2.2206 1.8236 -0.0400
2.2009 1.8094 -0.0400
2.1753 1.7968 -0.0400
2.1404 1.7866 -0.0400
0.7815 1.7825 -0.0400
0.8098 1.7336 -0.0400
0.8275 1.6872 -0.0400
0.8222 1.6440 -0.0400
0.7950 1.6026 -0.0400
-1.4189 0.3698 -0.0400
-1.3728 0.2939 -0.0400
-1.3862 0.2039 -0.0400
0.1788 -0.0138 -0.0400
0.1973 -0.0712 -0.0400
-0.9674 -1.8565 -0.0400
-0.8476 -1.8814 -0.0400
1.8826 -0.9038 -0.0400
1.9417 -0.8967 -0.0400
1.9892 -0.9073 -0.0400
2.0239 -0.9404 -0.0400
2.0501 -0.9905 -0.0400
2.4842 -2.2473 -0.0400
4.1087 -1.1840 -0.0400
4.1587 -1.1848 -0.0400
4.2007 -1.1609 -0.0400
4.2460 -1.1466 -0.0400
4.2958 -1.1438 -0.0400
4.3792 -1.2206 -0.0400
4.4309 -1.2153 -0.0400
7.1245 -0.7845 -0.0400
7.1472 -0.7092 -0.0400
6.8107 0.8616 -0.0400
6.7500 0.9323 -0.0400
6.7487 0.9938 -0.0400
6.7715 1.0529 -0.0400
6.8051 1.1116 -0.0400
7.6058 3.7431 -0.0400
7.5349 3.8018 -0.0400
7.5107 3.8868 -0.0400
4.8657 3.6111 -0.0400
4.8125 3.6178 -0.0400
4.7506 3.6097 -0.0400
4.6951 3.6090 -0.0400
4.6514 3.6258 -0.0400
4.6072 3.6413 -0.0400
4.5500 3.6328 -0.0400
4.5171 3.6669 -0.0400
4.5073 3.7469 -0.0400
5.1687 6.4847 -0.0400
5.0736 6.5009 -0.0400
4.9992 6.5784 -0.0400
3.0067 4.1496 -0.0400
2.9620 4.1136 -0.0400
2.9143 4.1068 -0.0400
2.8651 4.1102 -0.0400
2.8226 4.0726 -0.0400
2.7774 4.0547 -0.0400
2.7280 4.0581 -0.0400
2.6728 4.0847 -0.0400
2.6145 4.1185 -0.0400
2.5649 4.1131 -0.0400
2.5129 4.1151 -0.0400
1.1182 4.3787 -0.0400
1.1230 4.2647 -0.0400
1.0899 4.2044 -0.0400
1.0362 4.1713 -0.0400
0.9608 4.1636 -0.0400
-1.1869 5.1416 -0.0400
2.4195 2.0159 -0.0400
2.4290 1.9862 -0.0400
2.4310 1.9627 -0.0400
2.4285 1.9427 -0.0400
2.4241 1.9242 -0.0400
2.4175 1.9073 -0.0400
2.4064 1.8931 -0.0400
2.3932 1.8800 -0.0400
2.3776 1.8679 -0.0400
2.3581 1.8576 -0.0400
2.3306 1.8506 -0.0400
2.2597 1.8629 -0.0400
2.2446 1.8479 -0.0400
2.2294 1.8326 -0.0400
2.2121 1.8178 -0.0400
2.1893 1.8047 -0.0400
2.1587 1.7938 -0.0400
0.8155 1.7715 -0.0400
0.8267 1.7256 -0.0400
0.8275 1.6817 -0.0400
0.8118 1.6396 -0.0400
0.7868 1.5980 -0.0400
-1.3989 0.3744 -0.0400
-1.3733 0.2942 -0.0400
-1.3860 0.2045 -0.0400
0.1511 0.0393 -0.0400
0.1931 -0.0074 -0.0400
-0.9055 -1.8030 -0.0400
1.8214 -0.9027 -0.0400
1.8921 -0.8788 -0.0400
1.9432 -0.8841 -0.0400
1.9860 -0.9021 -0.0400
2.0227 -0.9310 -0.0400
2.0528 -0.9730 -0.0400
2.0663 -1.0498 -0.0400
2.4784 -2.2272 -0.0400
2.5511 -2.1956 -0.0400
2.6114 -2.2207 -0.0400
2.6732 -2.2403 -0.0400
4.2324 -1.1477 -0.0400
4.2880 -1.1600 -0.0400
4.3477 -1.1794 -0.0400
4.4229 -1.2311 -0.0400
7.2497 -0.6955 -0.0400
6.7986 0.8482 -0.0400
6.7649 0.9153 -0.0400
6.7477 0.9791 -0.0400
6.7609 1.0391 -0.0400
6.8291 1.0951 -0.0400
4.8874 3.6343 -0.0400
4.8077 3.6036 -0.0400
4.7424 3.5902 -0.0400
4.6952 3.6025 -0.0400
4.6563 3.6273 -0.0400
4.5988 3.6205 -0.0400
4.5533 3.6325 -0.0400
4.5168 3.6603 -0.0400
4.4926 3.7124 -0.0400
5.1815 6.5030 -0.0400
5.0934 6.5410 -0.0400
5.0184 6.6195 -0.0400
3.0047 4.1421 -0.0400
2.9592 4.1130 -0.0400
2.9102 4.1144 -0.0400
2.8645 4.0935 -0.0400
2.8207 4.0638 -0.0400
2.7738 4.0552 -0.0400
2.7239 4.0602 -0.0400
2.6691 4.0848 -0.0400
2.6112 4.1164 -0.0400
2.5591 4.1199 -0.0400
2.4912 4.1774 -0.0400
1.1427 4.3373 -0.0400
1.1247 4.2546 -0.0400
1.0893 4.1975 -0.0400
1.0303 4.1708 -0.0400
0.9531 4.1652 -0.0400
-1.1300 5.2253 -0.0400
2.4386 1.9907 -0.0400
2.4385 1.9684 -0.0400
2.4352 1.9488 -0.0400
2.4299 1.9308 -0.0400
2.4223 1.9145 -0.0400
2.4125 1.8996 -0.0400
2.4008 1.8858 -0.0400
2.3869 1.8730 -0.0400
2.3567 1.8688 -0.0400
2.3254 1.8641 -0.0400
2.2642 1.8730 -0.0400
2.2526 1.8565 -0.0400
2.2392 1.8406 -0.0400
2.2228 1.8258 -0.0400
2.2029 1.8121 -0.0400
2.1486 1.8111 -0.0400
0.8061 1.7670 -0.0400
0.8321 1.7189 -0.0400
0.8264 1.6760 -0.0400
0.7912 1.6361 -0.0400
0.7341 1.5970 -0.0400
-1.3824 0.3777 -0.0400
-1.3781 0.2930 -0.0400
0.1596 0.0422 -0.0400
0.1949 -0.0072 -0.0400
-1.0247 -1.7705 -0.0400
-0.9062 -1.7979 -0.0400
-0.8967 -1.9074 -0.0400
1.8799 -0.8902 -0.0400
1.9361 -0.8870 -0.0400
1.9812 -0.9010 -0.0400
2.0134 -0.9376 -0.0400
2.0355 -0.9946 -0.0400
2.4780 -2.1865 -0.0400
2.5418 -2.1934 -0.0400
2.6020 -2.2184 -0.0400
2.6625 -2.2437 -0.0400
4.4067 -1.2271 -0.0400
6.7999 0.8326 -0.0400
6.7634 0.9003 -0.0400
6.7467 0.9642 -0.0400
6.7623 1.0240 -0.0400
6.7927 1.0830 -0.0400
8.4915 1.5864 -0.0400
8.5430 1.6809 -0.0400
4.8709 3.6025 -0.0400
4.8206 3.6141 -0.0400
4.7549 3.6011 -0.0400
4.7019 3.6051 -0.0400
4.6495 3.6084 -0.0400
4.5978 3.6112 -0.0400
4.5579 3.6332 -0.0400
4.5277 3.6733 -0.0400
5.3018 6.5303 -0.0400
5.1763 6.4711 -0.0400
5.0935 6.5232 -0.0400
5.0236 6.6164 -0.0400
3.0039 4.1277 -0.0400
2.9565 4.1150 -0.0400
2.9072 4.1180 -0.0400
2.8623 4.0901 -0.0400
2.8177 4.0644 -0.0400
2.7699 4.0593 -0.0400
2.7172 4.0769 -0.0400
2.6550 4.1323 -0.0400
2.6077 4.1169 -0.0400
2.5549 4.1226 -0.0400
2.4863 4.1822 -0.0400
1.1579 4.3087 -0.0400
1.1355 4.2325 -0.0400
1.0839 4.1969 -0.0400
1.0215 4.1744 -0.0400
0.9366 4.1777 -0.0400
-1.1392 5.2311 -0.0400
2.4149 2.0444 -0.0400
2.4338 2.0060 -0.0400
2.4378 1.9801 -0.0400
2.4359 1.9591 -0.0400
2.4319 1.9400 -0.0400
2.4272 1.9216 -0.0400
2.4165 1.9073 -0.0400
2.4039 1.8941 -0.0400
2.3890 1.8820 -0.0400
2.3712 1.8713 -0.0400
2.3470 1.8636 -0.0400
2.3116 1.8610 -0.0400
2.2600 1.8651 -0.0400
2.2416 1.8518 -0.0400
2.2248 1.8373 -0.0400
2.2028 1.8247 -0.0400
2.1742 1.8143 -0.0400
2.1335 1.8076 -0.0400
0.7868 1.8087 -0.0400
0.8350 1.7561 -0.0400
0.8326 1.7127 -0.0400
0.8214 1.6705 -0.0400
0.7992 1.6293 -0.0400
-1.3841 0.3767 -0.0400
-1.3782 0.2924 -0.0400
0.1713 0.0459 -0.0400
0.1941 -0.0086 -0.0400
-0.9858 -1.7374 -0.0400
-0.9071 -1.7936 -0.0400
1.8239 -0.8840 -0.0400
1.8887 -0.8687 -0.0400
1.9377 -0.8765 -0.0400
1.9792 -0.8961 -0.0400
2.0144 -0.9268 -0.0400
2.0422 -0.9721 -0.0400
2.3948 -2.2207 -0.0400
2.4690 -2.1860 -0.0400
2.5330 -2.1914 -0.0400
2.5930 -2.2163 -0.0400
6.8148 0.8147 -0.0400
6.7436 0.8875 -0.0400
6.7455 0.9490 -0.0400
6.7607 1.0089 -0.0400
6.7923 1.0679 -0.0400
8.4940 1.5694 -0.0400
5.9959 1.7069 -0.0400
4.8673 3.5879 -0.0400
4.8104 3.5899 -0.0400
4.7491 3.5833 -0.0400
4.7033 3.5985 -0.0400
4.6652 3.6253 -0.0400
4.6055 3.6157 -0.0400
4.5610 3.6302 -0.0400
4.5476 3.7015 -0.0400
5.1840 6.4724 -0.0400
5.1215 6.5824 -0.0400
3.0454 4.1981 -0.0400
3.0025 4.1244 -0.0400
2.9539 4.1205 -0.0400
2.9037 4.1285 -0.0400
2.8615 4.0803 -0.0400
2.8148 4.0671 -0.0400
2.7665 4.0632 -0.0400
2.7121 4.0884 -0.0400
2.6525 4.1310 -0.0400
2.6032 4.1232 -0.0400
2.5458 4.1459 -0.0400
1.1964 4.3575 -0.0400
1.1698 4.2850 -0.0400
1.1301 4.2326 -0.0400
1.0754 4.2007 -0.0400
1.0064 4.1862 -0.0400
-1.0785 5.3126 -0.0400
-1.1181 5.2104 -0.0400
2.4259 2.0245 -0.0400
2.4469 1.9848 -0.0400
2.4436 1.9646 -0.0400
2.4385 1.9462 -0.0400
2.4314 1.9293 -0.0400
2.4219 1.9142 -0.0400
2.4107 1.9002 -0.0400
2.3975 1.8872 -0.0400
2.3721 1.8813 -0.0400
2.3455 1.8752 -0.0400
2.2974 1.8799 -0.0400
2.2644 1.8751 -0.0400
2.2510 1.8595 -0.0400
2.2358 1.8446 -0.0400
2.2183 1.8304 -0.0400
2.1953 1.8182 -0.0400
2.1258 1.8244 -0.0400
0.8319 1.7941 -0.0400
0.8369 1.7493 -0.0400
0.8311 1.7065 -0.0400
0.8153 1.6649 -0.0400
-1.4127 0.4550 -0.0400
-1.3973 0.3729 -0.0400
-1.3834 0.2904 -0.0400
0.1741 0.0453 -0.0400
0.1750 -0.0188 -0.0400
-1.0365 -1.7701 -0.0400
-0.9147 -1.7951 -0.0400
1.8937 -0.8546 -0.0400
1.9375 -0.8703 -0.0400
1.9748 -0.8965 -0.0400
2.0054 -0.9351 -0.0400
2.0240 -0.9978 -0.0400
2.4600 -2.1880 -0.0400
2.5248 -2.1895 -0.0400
2.5825 -2.2248 -0.0400
6.8551 0.7282 -0.0400
6.7691 0.8059 -0.0400
6.7468 0.8714 -0.0400
6.7441 0.9336 -0.0400
6.7566 0.9939 -0.0400
6.8413 1.0484 -0.0400
8.4985 1.5522 -0.0400
6.0510 1.6513 -0.0400
6.0053 1.6949 -0.0400
5.9687 1.7383 -0.0400
5.9587 1.7850 -0.0400
5.9647 1.8346 -0.0400
4.8765 3.5905 -0.0400
4.8304 3.6086 -0.0400
4.7609 3.5909 -0.0400
4.7088 3.5970 -0.0400
4.6555 3.5996 -0.0400
4.6060 3.6068 -0.0400
4.5673 3.6318 -0.0400
4.5389 3.6758 -0.0400
5.2956 6.4742 -0.0400
5.1910 6.4701 -0.0400
5.1212 6.5599 -0.0400
5.0432 6.6319 -0.0400
3.0482 4.1499 -0.0400
3.0010 4.1260 -0.0400
2.9520 4.1246 -0.0400
2.9029 4.1225 -0.0400
2.8601 4.0776 -0.0400
2.8124 4.0695 -0.0400
2.7624 4.0739 -0.0400
2.7024 4.1251 -0.0400
2.6504 4.1302 -0.0400
2.6001 4.1257 -0.0400
2.5386 4.1636 -0.0400
1.1936 4.3549 -0.0400
1.1768 4.2685 -0.0400
1.1291 4.2272 -0.0400
1.0605 4.2133 -0.0400
0.9754 4.2183 -0.0400
-1.0733 5.3060 -0.0400
-1.1188 5.2090 -0.0400
2.4441 2.0227 -0.0400
2.4473 1.9963 -0.0400
2.4452 1.9748 -0.0400
2.4409 1.9555 -0.0400
2.4349 1.9376 -0.0400
2.4265 1.9217 -0.0400
2.4144 1.9082 -0.0400
2.4004 1.8959 -0.0400
2.3838 1.8850 -0.0400
2.3627 1.8763 -0.0400
2.3341 1.8712 -0.0400
2.2701 1.8844 -0.0400
2.2548 1.8699 -0.0400
2.2388 1.8555 -0.0400
2.2199 1.8422 -0.0400
2.1953 1.8310 -0.0400
2.1623 1.8227 -0.0400
0.8131 1.8354 -0.0400
0.8338 1.7871 -0.0400
0.8369 1.7426 -0.0400
0.8290 1.7002 -0.0400
0.7758 1.6635 -0.0400
-1.4030 0.4554 -0.0400
-1.3944 0.3721 -0.0400
0.1367 0.0914 -0.0400
0.1765 0.0440 -0.0400
-1.1045 -1.7007 -0.0400
-0.9710 -1.7193 -0.0400
1.8314 -0.8622 -0.0400
1.8885 -0.8578 -0.0400
1.9347 -0.8695 -0.0400
1.9741 -0.8917 -0.0400
1.9923 -0.9521 -0.0400
2.3874 -2.1851 -0.0400
2.4554 -2.1738 -0.0400
2.5152 -2.1962 -0.0400
2.5759 -2.2163 -0.0400
7.0658 -0.9199 -0.0400
7.0764 -0.8368 -0.0400
7.1266 -0.7768 -0.0400
6.7919 0.7864 -0.0400
6.7546 0.8546 -0.0400
6.7448 0.9178 -0.0400
6.7689 0.9770 -0.0400
6.8192 1.0346 -0.0400
8.5064 1.5348 -0.0400
5.9973 1.6803 -0.0400
5.9753 1.7258 -0.0400
5.9635 1.7724 -0.0400
5.9640 1.8211 -0.0400
6.0082 1.8788 -0.0400
4.8763 3.5787 -0.0400
4.8125 3.5714 -0.0400
4.7573 3.5745 -0.0400
4.7134 3.5932 -0.0400
4.6696 3.6116 -0.0400
4.6138 3.6092 -0.0400
4.5777 3.6394 -0.0400
5.2901 6.4383 -0.0400
5.2035 6.4809 -0.0400
5.1376 6.5827 -0.0400
3.0487 4.1357 -0.0400
3.0005 4.1233 -0.0400
2.9498 4.1355 -0.0400
2.9045 4.1015 -0.0400
2.8584 4.0795 -0.0400
2.8103 4.0730 -0.0400
2.7597 4.0795 -0.0400
2.6959 4.1487 -0.0400
2.6474 4.1352 -0.0400
2.5953 4.1375 -0.0400
1.2047 4.4479 -0.0400
1.2012 4.3378 -0.0400
1.1749 4.2648 -0.0400
1.1209 4.2320 -0.0400
1.0571 4.2115 -0.0400
-1.0630 5.2950 -0.0400
-1.1269 5.2144 -0.0400
2.4432 2.0367 -0.0400
2.4485 2.0079 -0.0400
2.4478 1.9848 -0.0400
2.4439 1.9648 -0.0400
2.4415 1.9440 -0.0400
2.4318 1.9290 -0.0400
2.4205 1.9149 -0.0400
2.4076 1.9020 -0.0400
2.3927 1.8901 -0.0400
2.3616 1.8879 -0.0400
2.3300 1.8850 -0.0400
2.2753 1.8940 -0.0400
2.2632 1.8779 -0.0400
2.2495 1.8626 -0.0400
2.2329 1.8485 -0.0400
2.2128 1.8356 -0.0400
2.1609 1.8368 -0.0400
0.8128 1.8285 -0.0400
0.8335 1.7802 -0.0400
0.8341 1.7363 -0.0400
0.8120 1.6960 -0.0400
0.7661 1.6581 -0.0400
-1.4030 0.4535 -0.0400
-1.3980 0.3696 -0.0400
0.1430 0.0911 -0.0400
0.1768 0.0414 -0.0400
-1.0856 -1.6849 -0.0400
-0.9660 -1.7129 -0.0400
-0.9544 -1.8182 -0.0400
1.8459 -0.8365 -0.0400
1.8936 -0.8459 -0.0400
1.9343 -0.8657 -0.0400
1.9691 -0.8954 -0.0400
1.9973 -0.9375 -0.0400
2.0089 -1.0125 -0.0400
2.3747 -2.2067 -0.0400
2.4473 -2.1767 -0.0400
2.5098 -2.1865 -0.0400
2.5630 -2.2428 -0.0400
7.0762 -0.8566 -0.0400
7.1064 -0.7853 -0.0400
6.8412 0.6982 -0.0400
6.7619 0.7750 -0.0400
6.7413 0.8405 -0.0400
6.7412 0.9024 -0.0400
6.7576 0.9624 -0.0400
6.7950 1.0209 -0.0400
8.5263 1.4255 -0.0400
8.5084 1.5170 -0.0400
6.0251 1.6699 -0.0400
5.9755 1.7121 -0.0400
5.9641 1.7588 -0.0400
5.9739 1.8092 -0.0400
5.9920 1.8619 -0.0400
4.9375 3.5676 -0.0400
4.8835 3.5765 -0.0400
4.8245 3.5767 -0.0400
4.7655 3.5746 -0.0400
4.7209 3.5928 -0.0400
4.6620 3.5873 -0.0400
4.6164 3.6018 -0.0400
4.5797 3.6310 -0.0400
4.5554 3.6832 -0.0400
5.3043 6.4504 -0.0400
5.2076 6.4676 -0.0400
5.1582 6.6149 -0.0400
3.0488 4.1325 -0.0400
2.9999 4.1262 -0.0400
2.9495 4.1342 -0.0400
2.9051 4.0917 -0.0400
2.8576 4.0797 -0.0400
2.8068 4.0880 -0.0400
2.7535 4.1072 -0.0400
2.6944 4.1503 -0.0400
2.6454 4.1381 -0.0400
2.5923 4.1439 -0.0400
1.2121 4.3163 -0.0400
1.1737 4.2608 -0.0400
1.1136 4.2361 -0.0400
1.0462 4.2199 -0.0400
-1.0518 5.2833 -0.0400
2.4470 2.0475 -0.0400
2.4528 2.0176 -0.0400
2.4523 1.9938 -0.0400
2.4482 1.9736 -0.0400
2.4465 1.9519 -0.0400
2.4371 1.9365 -0.0400
2.4263 1.9221 -0.0400
2.4141 1.9087 -0.0400
2.3941 1.9003 -0.0400
2.3743 1.8914 -0.0400
2.3486 1.8855 -0.0400
2.3055 1.8891 -0.0400
2.2706 1.8865 -0.0400
2.2524 1.8737 -0.0400
2.2357 1.8597 -0.0400
2.2142 1.8478 -0.0400
2.1868 1.8382 -0.0400
2.1503 1.8319 -0.0400
0.8180 1.8652 -0.0400
0.8398 1.8161 -0.0400
0.8425 1.7716 -0.0400
0.8332 1.7295 -0.0400
0.8105 1.6893 -0.0400
0.7624 1.6519 -0.0400
-1.4412 0.5291 -0.0400
-1.4040 0.4512 -0.0400
-1.4215 0.3627 -0.0400
0.1050 0.1363 -0.0400
0.1534 0.0919 -0.0400
0.1678 0.0345 -0.0400
-1.0371 -1.6492 -0.0400
-0.9578 -1.7049 -0.0400
1.7798 -0.8508 -0.0400
1.8432 -0.8381 -0.0400
1.8919 -0.8458 -0.0400
1.9335 -0.8639 -0.0400
1.9603 -0.9068 -0.0400
1.9784 -0.9670 -0.0400
2.3776 -2.1691 -0.0400
2.4424 -2.1689 -0.0400
2.5010 -2.1951 -0.0400
2.5602 -2.2209 -0.0400
7.0461 -0.9482 -0.0400
7.0590 -0.8664 -0.0400
7.1081 -0.8059 -0.0400
6.7858 0.6970 -0.0400
6.7448 0.7670 -0.0400
6.7350 0.8307 -0.0400
6.7626 0.8892 -0.0400
6.8215 0.9451 -0.0400
8.5082 1.4131 -0.0400
6.0360 1.6127 -0.0400
5.9849 1.6556 -0.0400
5.9749 1.7027 -0.0400
5.9737 1.7511 -0.0400
6.0154 1.8073 -0.0400
4.9843 3.5393 -0.0400
4.9299 3.5488 -0.0400
4.8733 3.5537 -0.0400
4.8053 3.5404 -0.0400
4.7661 3.5669 -0.0400
4.7109 3.5687 -0.0400
4.6625 3.5796 -0.0400
4.6352 3.6247 -0.0400
5.3940 6.3985 -0.0400
5.3148 6.4601 -0.0400
5.2458 6.5513 -0.0400
3.1468 4.1590 -0.0400
3.0982 4.1391 -0.0400
3.0487 4.1368 -0.0400
2.9975 4.1534 -0.0400
2.9534 4.0991 -0.0400
2.9050 4.0920 -0.0400
2.8553 4.0934 -0.0400
2.7943 4.1623 -0.0400
2.7436 4.1591 -0.0400
2.6904 4.1677 -0.0400
2.6305 4.2036 -0.0400
1.3047 4.4039 -0.0400
1.2721 4.3371 -0.0400
1.2211 4.2998 -0.0400
1.1629 4.2725 -0.0400
1.0714 4.2898 -0.0400
-0.9210 5.4415 -0.0400
-0.9839 5.3594 -0.0400
2.4580 2.0561 -0.0400
2.4717 2.0184 -0.0400
2.4666 1.9985 -0.0400
2.4640 1.9769 -0.0400
2.4542 1.9616 -0.0400
2.4432 1.9473 -0.0400
2.4310 1.9339 -0.0400
2.4125 1.9249 -0.0400
2.3948 1.9150 -0.0400
2.3718 1.9082 -0.0400
2.3420 1.9051 -0.0400
2.2859 1.9172 -0.0400
2.2719 1.9022 -0.0400
2.2559 1.8882 -0.0400
2.2379 1.8750 -0.0400
2.2153 1.8638 -0.0400
2.1552 1.8708 -0.0400
0.8216 1.9047 -0.0400
0.8466 1.8542 -0.0400
0.8489 1.8095 -0.0400
0.8259 1.7700 -0.0400
0.7783 1.7340 -0.0400
-1.4324 0.6132 -0.0400
-1.4287 0.5296 -0.0400
0.0804 0.1877 -0.0400
0.1389 0.1466 -0.0400
-1.0810 -1.5677 -0.0400
-1.0091 -1.6289 -0.0400
1.7458 -0.8183 -0.0400
1.8077 -0.8088 -0.0400
1.8597 -0.8119 -0.0400
1.8953 -0.8391 -0.0400
1.9249 -0.8764 -0.0400
1.9454 -0.9305 -0.0400
2.3079 -2.1701 -0.0400
2.3782 -2.1506 -0.0400
2.4360 -2.1781 -0.0400
2.4835 -2.2558 -0.0400
7.0266 -1.0405 -0.0400
7.0176 -0.9443 -0.0400
7.0544 -0.8769 -0.0400
6.7375 0.8709 -0.0400
6.7530 0.9310 -0.0400
6.7901 0.9894 -0.0400
6.0049 1.6390 -0.0400
5.9816 1.6847 -0.0400
5.9694 1.7315 -0.0400
5.9674 1.7799 -0.0400
6.0112 1.8375 -0.0400
4.9495 3.5563 -0.0400
4.8973 3.5683 -0.0400
4.8200 3.5431 -0.0400
4.7733 3.5592 -0.0400
4.7331 3.5847 -0.0400
4.6800 3.5894 -0.0400
4.6298 3.5972 -0.0400
4.5978 3.6354 -0.0400
5.3172 6.4312 -0.0400
5.2553 6.5400 -0.0400
3.0987 4.1552 -0.0400
3.0502 4.1339 -0.0400
3.0005 4.1315 -0.0400
2.9530 4.1096 -0.0400
2.9055 4.0912 -0.0400
2.8568 4.0843 -0.0400
2.8061 4.0901 -0.0400
2.7430 4.1622 -0.0400
2.6943 4.1468 -0.0400
2.6424 4.1467 -0.0400
1.2495 4.3658 -0.0400
1.2205 4.2946 -0.0400
1.1649 4.2635 -0.0400
1.0899 4.2585 -0.0400
-0.9924 5.3667 -0.0400
2.4600 2.0401 -0.0400
2.4599 2.0148 -0.0400
2.4622 1.9883 -0.0400
2.4552 1.9702 -0.0400
2.4471 1.9533 -0.0400
2.4374 1.9379 -0.0400
2.4253 1.9243 -0.0400
2.4075 1.9148 -0.0400
2.3905 1.9043 -0.0400
2.3696 1.8961 -0.0400
2.3426 1.8912 -0.0400
2.2819 1.9064 -0.0400
2.2684 1.8910 -0.0400
2.2540 1.8761 -0.0400
2.2377 1.8620 -0.0400
2.2027 1.8574 -0.0400
2.1710 1.8500 -0.0400
2.1199 1.8510 -0.0400
0.8118 1.8975 -0.0400
0.8417 1.8457 -0.0400
0.8472 1.8004 -0.0400
0.8395 1.7580 -0.0400
0.8187 1.7179 -0.0400
0.7757 1.6806 -0.0400
-1.4586 0.6056 -0.0400
-1.4196 0.5275 -0.0400
-1.4133 0.4443 -0.0400
0.1242 0.1357 -0.0400
0.1523 0.0838 -0.0400
-1.1606 -1.6194 -0.0400
-1.0109 -1.6290 -0.0400
-0.9661 -1.7084 -0.0400
1.7894 -0.8352 -0.0400
1.8551 -0.8182 -0.0400
1.8954 -0.8377 -0.0400
1.9311 -0.8645 -0.0400
1.9613 -0.9010 -0.0400
2.3685 -2.1595 -0.0400
2.4318 -2.1640 -0.0400
2.4899 -2.1903 -0.0400
2.5472 -2.2232 -0.0400
3.8978 -1.3251 -0.0400
7.0411 -0.8952 -0.0400
7.1008 -0.8408 -0.0400
8.5245 1.4567 -0.0400
8.5207 1.5489 -0.0400
6.0749 1.6280 -0.0400
6.0107 1.6694 -0.0400
5.9802 1.7140 -0.0400
5.9642 1.7602 -0.0400
5.9733 1.8109 -0.0400
5.9972 1.8654 -0.0400
4.7865 3.5586 -0.0400
4.7408 3.5763 -0.0400
4.7007 3.6021 -0.0400
4.6378 3.5901 -0.0400
4.5967 3.6130 -0.0400
4.5630 3.6490 -0.0400
4.5494 3.7239 -0.0400
5.3354 6.4388 -0.0400
5.2366 6.4525 -0.0400
5.1678 6.5464 -0.0400
5.0890 6.6183 -0.0400
3.0508 4.1555 -0.0400
3.0027 4.1292 -0.0400
2.9509 4.1446 -0.0400
2.9055 4.1027 -0.0400
2.8582 4.0833 -0.0400
2.8094 4.0757 -0.0400
2.7516 4.1188 -0.0400
2.6945 4.1490 -0.0400
2.6449 4.1370 -0.0400
2.5917 4.1409 -0.0400
1.2245 4.3996 -0.0400
1.2094 4.3061 -0.0400
1.1673 4.2550 -0.0400
1.1110 4.2246 -0.0400
1.0374 4.2165 -0.0400
2.4258 2.0585 -0.0400
2.4519 2.0086 -0.0400
2.4549 1.9811 -0.0400
2.4479 1.9628 -0.0400
2.4423 1.9438 -0.0400
2.4320 1.9287 -0.0400
2.4195 1.9153 -0.0400
2.4059 1.9026 -0.0400
2.3909 1.8907 -0.0400
2.3642 1.8865 -0.0400
2.3384 1.8808 -0.0400
2.2773 1.8963 -0.0400
2.2644 1.8805 -0.0400
2.2510 1.8650 -0.0400
2.2352 1.8506 -0.0400
2.2057 1.8431 -0.0400
2.1789 1.8334 -0.0400
2.1431 1.8273 -0.0400
0.7914 1.8476 -0.0400
0.8444 1.7914 -0.0400
0.8384 1.7487 -0.0400
0.8196 1.7083 -0.0400
0.7807 1.6705 -0.0400
-1.4350 0.5210 -0.0400
-1.4101 0.4410 -0.0400
-1.4022 0.3580 -0.0400
0.1608 0.0813 -0.0400
0.1681 0.0214 -0.0400
-1.1074 -1.6948 -0.0400
-0.9586 -1.7025 -0.0400
1.7665 -0.8697 -0.0400
1.8359 -0.8481 -0.0400
1.8931 -0.8420 -0.0400
1.9319 -0.8634 -0.0400
1.9667 -0.8914 -0.0400
1.9787 -0.9602 -0.0400
2.4250 -2.1651 -0.0400
2.4836 -2.1883 -0.0400
2.5430 -2.2092 -0.0400
3.9290 -1.3022 -0.0400
3.9560 -1.2246 -0.0400
3.9984 -1.2070 -0.0400
4.0446 -1.2016 -0.0400
7.0457 -0.9236 -0.0400
7.0683 -0.8482 -0.0400
7.1196 -0.7889 -0.0400
6.0383 1.6139 -0.0400
5.9841 1.6560 -0.0400
5.9757 1.7035 -0.0400
5.9788 1.7530 -0.0400
5.9973 1.8057 -0.0400
6.0650 1.8698 -0.0400
7.6474 3.6023 -0.0400
4.6839 3.5646 -0.0400
4.6444 3.5903 -0.0400
4.6116 3.6278 -0.0400
5.4422 6.4224 -0.0400
5.3340 6.4155 -0.0400
5.2766 6.5362 -0.0400
3.1523 4.1794 -0.0400
3.1034 4.1438 -0.0400
3.0536 4.1369 -0.0400
3.0021 4.1518 -0.0400
2.9550 4.1173 -0.0400
2.9076 4.0947 -0.0400
2.8564 4.1028 -0.0400
2.8012 4.1326 -0.0400
2.7446 4.1631 -0.0400
2.6944 4.1529 -0.0400
1.2865 4.4215 -0.0400
1.2638 4.3375 -0.0400
1.2166 4.2936 -0.0400
1.1520 4.2748 -0.0400
1.0529 4.3022 -0.0400
2.4646 2.0422 -0.0400
2.4694 2.0116 -0.0400
2.4672 1.9884 -0.0400
2.4585 1.9715 -0.0400
2.4500 1.9547 -0.0400
2.4376 1.9411 -0.0400
2.4243 1.9282 -0.0400
2.4054 1.9194 -0.0400
2.3877 1.9093 -0.0400
2.3510 1.9121 -0.0400
2.2951 1.9265 -0.0400
2.2837 1.9098 -0.0400
2.2678 1.8959 -0.0400
2.2519 1.8817 -0.0400
2.2249 1.8737 -0.0400
2.1993 1.8641 -0.0400
2.1676 1.8570 -0.0400
2.1068 1.8637 -0.0400
0.8039 1.9309 -0.0400
0.8435 1.8756 -0.0400
0.8514 1.8292 -0.0400
0.8458 1.7864 -0.0400
0.8282 1.7459 -0.0400
-1.4459 0.6013 -0.0400
-1.4254 0.5205 -0.0400
0.1015 0.1804 -0.0400
0.1311 0.1291 -0.0400
-1.1297 -1.5988 -0.0400
-1.0045 -1.6245 -0.0400
1.7587 -0.8030 -0.0400
1.8117 -0.8053 -0.0400
1.8568 -0.8178 -0.0400
1.8962 -0.8380 -0.0400
1.9283 -0.8700 -0.0400
1.9314 -0.9517 -0.0400
2.2910 -2.1732 -0.0400
2.3621 -2.1494 -0.0400
2.4232 -2.1607 -0.0400
2.4812 -2.1857 -0.0400
3.8656 -1.2617 -0.0400
3.9057 -1.2337 -0.0400
3.9485 -1.2178 -0.0400
3.9950 -1.2149 -0.0400
4.0413 -1.2097 -0.0400
4.0833 -1.1912 -0.0400
4.1278 -1.1800 -0.0400
6.9974 -0.9970 -0.0400
7.0231 -0.9231 -0.0400
7.0744 -0.8642 -0.0400
8.5297 1.4259 -0.0400
6.0891 1.5547 -0.0400
6.0215 1.5971 -0.0400
5.9916 1.6423 -0.0400
5.9770 1.6890 -0.0400
5.9751 1.7376 -0.0400
6.0315 1.7974 -0.0400
7.7142 3.5200 -0.0400
7.6582 3.5893 -0.0400
5.4550 6.4224 -0.0400
5.3515 6.4281 -0.0400
5.2861 6.5289 -0.0400
3.1541 4.2174 -0.0400
3.1065 4.1396 -0.0400
3.0555 4.1484 -0.0400
3.0063 4.1321 -0.0400
2.9587 4.1044 -0.0400
2.9095 4.0963 -0.0400
2.8585 4.1016 -0.0400
2.8037 4.1283 -0.0400
2.7462 4.1635 -0.0400
2.6924 4.1710 -0.0400
1.3029 4.3937 -0.0400
1.2674 4.3300 -0.0400
1.2147 4.2941 -0.0400
1.1463 4.2807 -0.0400
2.4723 2.0523 -0.0400
2.4760 2.0220 -0.0400
2.4729 1.9990 -0.0400
2.4642 1.9818 -0.0400
2.4562 1.9641 -0.0400
2.4453 1.9492 -0.0400
2.4309 1.9371 -0.0400
2.4167 1.9248 -0.0400
2.3961 1.9171 -0.0400
2.3644 1.9169 -0.0400
2.3340 1.9148 -0.0400
2.2900 1.9207 -0.0400
2.2763 1.9054 -0.0400
2.2574 1.8932 -0.0400
2.2402 1.8796 -0.0400
2.2204 1.8672 -0.0400
2.1759 1.8680 -0.0400
2.1358 1.8649 -0.0400
0.8015 1.9246 -0.0400
0.8594 1.8646 -0.0400
0.8535 1.8217 -0.0400
0.8363 1.7813 -0.0400
0.8024 1.7438 -0.0400
-1.4370 0.5993 -0.0400
-1.4337 0.5158 -0.0400
0.1198 0.1818 -0.0400
0.1412 0.1278 -0.0400
-1.0697 -1.5602 -0.0400
-1.0227 -1.6376 -0.0400
1.7616 -0.8018 -0.0400
1.8215 -0.7938 -0.0400
1.8617 -0.8128 -0.0400
1.8947 -0.8427 -0.0400
1.9234 -0.8799 -0.0400
1.9455 -0.9295 -0.0400
2.2980 -2.1359 -0.0400
2.3605 -2.1418 -0.0400
2.4173 -2.1695 -0.0400
2.4745 -2.1979 -0.0400
3.8593 -1.2665 -0.0400
3.8985 -1.2357 -0.0400
3.9409 -1.2190 -0.0400
3.9940 -1.2388 -0.0400
4.0333 -1.2113 -0.0400
4.0756 -1.1938 -0.0400
4.1203 -1.1837 -0.0400
4.1825 -1.2200 -0.0400
4.2509 -1.2668 -0.0400
4.3047 -1.2719 -0.0400
7.0221 -1.0310 -0.0400
7.0146 -0.9369 -0.0400
7.0706 -0.8808 -0.0400
6.8408 0.6161 -0.0400
6.7525 0.6954 -0.0400
6.7313 0.7613 -0.0400
6.0524 1.5857 -0.0400
5.9896 1.6271 -0.0400
5.9806 1.6747 -0.0400
5.9844 1.7243 -0.0400
6.0054 1.7776 -0.0400
7.6694 3.5762 -0.0400
5.4440 6.3655 -0.0400
5.3617 6.4210 -0.0400
5.2968 6.5231 -0.0400
3.1595 4.1681 -0.0400
3.1097 4.1432 -0.0400
3.0592 4.1431 -0.0400
3.0081 4.1474 -0.0400
2.9617 4.1032 -0.0400
2.9111 4.1050 -0.0400
2.8577 4.1258 -0.0400
2.7980 4.1801 -0.0400
2.7484 4.1637 -0.0400
2.6951 4.1684 -0.0400
2.6328 4.2127 -0.0400
1.3077 4.3852 -0.0400
1.2671 4.3293 -0.0400
1.2110 4.2982 -0.0400
1.1287 4.3043 -0.0400
2.4627 2.0814 -0.0400
2.4744 2.0415 -0.0400
2.4784 2.0108 -0.0400
2.4726 1.9905 -0.0400
2.4637 1.9733 -0.0400
2.4526 1.9584 -0.0400
2.4389 1.9456 -0.0400
2.4252 1.9329 -0.0400
2.4066 1.9238 -0.0400
2.3818 1.9189 -0.0400
2.3428 1.9237 -0.0400
2.2980 1.9311 -0.0400
2.2841 1.9159 -0.0400
2.2664 1.9030 -0.0400
2.2508 1.8885 -0.0400
2.2224 1.8815 -0.0400
2.1981 1.8712 -0.0400
2.1338 1.8825 -0.0400
0.8198 1.9587 -0.0400
0.8521 1.9042 -0.0400
0.8581 1.8580 -0.0400
0.8518 1.8151 -0.0400
0.8347 1.7747 -0.0400
-1.4764 0.6745 -0.0400
-1.4334 0.5963 -0.0400
-1.4295 0.5131 -0.0400
0.0717 0.2218 -0.0400
0.1257 0.1785 -0.0400
-1.0591 -1.5544 -0.0400
1.7715 -0.7916 -0.0400
1.8252 -0.7921 -0.0400
1.8641 -0.8127 -0.0400
1.8964 -0.8431 -0.0400
1.9114 -0.9021 -0.0400
2.2948 -2.1369 -0.0400
2.3580 -2.1395 -0.0400
2.4149 -2.1663 -0.0400
3.8544 -1.2751 -0.0400
3.8924 -1.2398 -0.0400
3.9361 -1.2282 -0.0400
3.9865 -1.2392 -0.0400
4.0264 -1.2141 -0.0400
4.0681 -1.1956 -0.0400
4.1195 -1.2049 -0.0400
4.1765 -1.2270 -0.0400
4.2437 -1.2712 -0.0400
4.2993 -1.2812 -0.0400
6.9861 -1.0276 -0.0400
7.0069 -0.9509 -0.0400
7.0774 -0.9032 -0.0400
6.7853 0.6737 -0.0400
6.7432 0.7434 -0.0400
6.7315 0.8072 -0.0400
6.7582 0.8660 -0.0400
6.8172 0.9224 -0.0400
6.0002 1.6136 -0.0400
5.9826 1.6600 -0.0400
5.9784 1.7083 -0.0400
6.0311 1.7673 -0.0400
7.6753 3.5600 -0.0400
5.4552 6.3592 -0.0400
5.3774 6.4259 -0.0400
5.3087 6.5191 -0.0400
3.2144 4.1970 -0.0400
3.1642 4.1517 -0.0400
3.1137 4.1437 -0.0400
3.0619 4.1594 -0.0400
3.0135 4.1267 -0.0400
2.9648 4.1065 -0.0400
2.9149 4.1004 -0.0400
2.8626 4.1127 -0.0400
2.8020 4.1744 -0.0400
2.7498 4.1724 -0.0400
2.6916 4.2010 -0.0400
1.3365 4.4629 -0.0400
1.3067 4.3869 -0.0400
1.2664 4.3303 -0.0400
1.2088 4.3010 -0.0400
1.1152 4.3230 -0.0400
2.4797 2.0556 -0.0400
2.4814 2.0263 -0.0400
2.4772 2.0037 -0.0400
2.4701 1.9845 -0.0400
2.4600 1.9683 -0.0400
2.4474 1.9545 -0.0400
2.4323 1.9427 -0.0400
2.4142 1.9333 -0.0400
2.3915 1.9271 -0.0400
2.3590 1.9276 -0.0400
2.3251 1.9281 -0.0400
2.2931 1.9261 -0.0400
2.2776 1.9118 -0.0400
2.2583 1.8998 -0.0400
2.2410 1.8861 -0.0400
2.2098 1.8806 -0.0400
2.1619 1.8837 -0.0400
1.9773 1.9612 -0.0400
0.8319 1.9485 -0.0400
0.8546 1.8968 -0.0400
0.8577 1.8512 -0.0400
0.8409 1.8108 -0.0400
0.8062 1.7739 -0.0400
-1.4447 0.6749 -0.0400
-1.4392 0.5920 -0.0400
0.0853 0.2207 -0.0400
0.1058 0.1662 -0.0400
-1.1516 -1.5077 -0.0400
-1.0581 -1.5553 -0.0400
1.7175 -0.7945 -0.0400
1.7842 -0.7787 -0.0400
1.8301 -0.7894 -0.0400
1.8667 -0.8130 -0.0400
1.8961 -0.8478 -0.0400
1.9079 -0.9116 -0.0400
2.2930 -2.1352 -0.0400
2.3537 -2.1466 -0.0400
2.4116 -2.1688 -0.0400
2.4586 -2.2402 -0.0400
3.8075 -1.3026 -0.0400
3.8436 -1.2566 -0.0400
3.8843 -1.2335 -0.0400
3.9287 -1.2256 -0.0400
3.9776 -1.2328 -0.0400
4.0204 -1.2180 -0.0400
4.0623 -1.2006 -0.0400
4.1113 -1.2037 -0.0400
4.1674 -1.2242 -0.0400
4.2359 -1.2728 -0.0400
6.9826 -1.0438 -0.0400
6.9978 -0.9638 -0.0400
7.0541 -0.9082 -0.0400
6.7514 0.6633 -0.0400
6.7285 0.7296 -0.0400
6.7269 0.7918 -0.0400
6.7425 0.8518 -0.0400
6.7789 0.9100 -0.0400
6.0092 1.7034 -0.0400
6.0714 1.7646 -0.0400
7.7238 3.4737 -0.0400
3.2180 4.1693 -0.0400
3.1674 4.1502 -0.0400
3.1163 4.1534 -0.0400
3.0672 4.1220 -0.0400
3.0172 4.1148 -0.0400
2.9658 4.1221 -0.0400
2.9113 4.1529 -0.0400
2.8545 4.1904 -0.0400
2.8031 4.1819 -0.0400
2.7477 4.1975 -0.0400
1.4093 4.4687 -0.0400
1.3684 4.4103 -0.0400
1.3158 4.3727 -0.0400
1.2502 4.3557 -0.0400
1.1679 4.3623 -0.0400
2.4806 2.1082 -0.0400
2.4967 2.0611 -0.0400
2.4954 2.0342 -0.0400
2.4896 2.0129 -0.0400
2.4800 1.9958 -0.0400
2.4681 1.9811 -0.0400
2.4539 1.9686 -0.0400
2.4376 1.9578 -0.0400
2.4189 1.9487 -0.0400
2.3873 1.9499 -0.0400
2.3429 1.9599 -0.0400
2.3130 1.9571 -0.0400
2.2975 1.9430 -0.0400
2.2793 1.9305 -0.0400
2.2632 1.9162 -0.0400
2.2376 1.9079 -0.0400
2.2010 1.9059 -0.0400
2.1121 1.9342 -0.0400
0.8582 1.9822 -0.0400
0.8700 1.9332 -0.0400
0.8673 1.8889 -0.0400
0.8449 1.8500 -0.0400
0.8058 1.8145 -0.0400
-1.4564 0.7545 -0.0400
-1.4526 0.6715 -0.0400
0.0541 0.3293 -0.0400
0.0942 0.2806 -0.0400
0.0834 0.2164 -0.0400
-1.1549 -1.4049 -0.0400
-1.1144 -1.4857 -0.0400
1.6992 -0.7487 -0.0400
1.7559 -0.7467 -0.0400
1.7988 -0.7618 -0.0400
1.8325 -0.7894 -0.0400
1.8557 -0.8327 -0.0400
1.8516 -0.9196 -0.0400
2.1606 -2.1412 -0.0400
2.2387 -2.0982 -0.0400
2.2944 -2.1259 -0.0400
2.3519 -2.1485 -0.0400
2.3990 -2.2138 -0.0400
3.7971 -1.2724 -0.0400
3.8367 -1.2437 -0.0400
3.8829 -1.2440 -0.0400
3.9295 -1.2442 -0.0400
3.9703 -1.2226 -0.0400
4.0136 -1.2104 -0.0400
4.0608 -1.2100 -0.0400
4.1140 -1.2252 -0.0400
4.1939 -1.3098 -0.0400
6.7628 0.5873 -0.0400
6.7274 0.6567 -0.0400
6.7176 0.7206 -0.0400
6.7437 0.7790 -0.0400
6.7972 0.8348 -0.0400
8.5120 1.1916 -0.0400
7.7524 3.4683 -0.0400
3.2749 4.1901 -0.0400
3.2236 4.1566 -0.0400
3.1725 4.1527 -0.0400
3.1204 4.1741 -0.0400
3.0714 4.1328 -0.0400
3.0216 4.1168 -0.0400
2.9685 4.1396 -0.0400
2.9095 4.2054 -0.0400
2.8590 4.1876 -0.0400
2.8053 4.1942 -0.0400
2.7434 4.2457 -0.0400
1.4172 4.4574 -0.0400
1.3719 4.4064 -0.0400
1.3182 4.3706 -0.0400
1.2356 4.3798 -0.0400
2.4869 2.1253 -0.0400
2.4965 2.0836 -0.0400
2.5011 2.0492 -0.0400
2.4973 2.0251 -0.0400
2.4869 2.0084 -0.0400
2.4763 1.9921 -0.0400
2.4630 1.9785 -0.0400
2.4472 1.9672 -0.0400
2.4282 1.9585 -0.0400
2.4049 1.9530 -0.0400
2.3739 1.9532 -0.0400
2.3219 1.9689 -0.0400
2.3083 1.9531 -0.0400
2.2903 1.9406 -0.0400
2.2712 1.9285 -0.0400
2.2477 1.9190 -0.0400
2.2152 1.9149 -0.0400
2.1689 1.9184 -0.0400
1.9964 1.9968 -0.0400
0.8521 2.0240 -0.0400
0.8717 1.9717 -0.0400
0.8785 1.9242 -0.0400
0.8624 1.8838 -0.0400
0.8353 1.8459 -0.0400
0.7866 1.8124 -0.0400
-1.4734 0.8326 -0.0400
-1.4605 0.7505 -0.0400
-1.4645 0.6665 -0.0400
0.0494 0.3222 -0.0400
0.0959 0.2754 -0.0400
0.0877 0.2120 -0.0400
-1.1741 -1.4187 -0.0400
1.7181 -0.7303 -0.0400
1.7646 -0.7411 -0.0400
1.8027 -0.7624 -0.0400
1.8335 -0.7936 -0.0400
1.8546 -0.8398 -0.0400
2.1694 -2.1108 -0.0400
2.2383 -2.0957 -0.0400
2.2929 -2.1265 -0.0400
2.3498 -2.1505 -0.0400
3.7511 -1.2969 -0.0400
3.7891 -1.2591 -0.0400
3.8306 -1.2404 -0.0400
3.8759 -1.2381 -0.0400
3.9261 -1.2530 -0.0400
3.9650 -1.2252 -0.0400
4.0097 -1.2179 -0.0400
4.0610 -1.2304 -0.0400
4.1330 -1.2994 -0.0400
4.1838 -1.3016 -0.0400
6.7246 0.5786 -0.0400
6.7103 0.6438 -0.0400
6.7131 0.7054 -0.0400
6.7313 0.7648 -0.0400
6.7689 0.8222 -0.0400
7.7420 3.4367 -0.0400
7.7125 3.5200 -0.0400
3.2310 4.2300 -0.0400
3.1801 4.1601 -0.0400
3.1287 4.1579 -0.0400
3.0780 4.1432 -0.0400
3.0287 4.1170 -0.0400
2.9782 4.1102 -0.0400
2.9260 4.1194 -0.0400
2.8699 4.1545 -0.0400
2.8135 4.1813 -0.0400
2.7561 4.2069 -0.0400
1.3980 4.4963 -0.0400
1.3670 4.4191 -0.0400
1.3206 4.3705 -0.0400
1.2650 4.3374 -0.0400
1.1675 4.3671 -0.0400
2.4841 2.0896 -0.0400
2.4860 2.0574 -0.0400
2.4886 2.0258 -0.0400
2.4838 2.0030 -0.0400
2.4722 1.9873 -0.0400
2.4602 1.9722 -0.0400
2.4448 1.9603 -0.0400
2.4294 1.9483 -0.0400
2.4085 1.9407 -0.0400
2.3799 1.9390 -0.0400
2.3318 1.9519 -0.0400
2.3054 1.9460 -0.0400
2.2901 1.9313 -0.0400
2.2726 1.9180 -0.0400
2.2528 1.9060 -0.0400
2.2286 1.8964 -0.0400
2.1839 1.8993 -0.0400
1.9989 1.9860 -0.0400
0.8662 1.9652 -0.0400
0.8705 1.9183 -0.0400
0.8653 1.8747 -0.0400
0.8422 1.8358 -0.0400
0.8075 1.7992 -0.0400
-1.4840 0.7434 -0.0400
-1.4433 0.6642 -0.0400
0.0971 0.2679 -0.0400
0.0964 0.2070 -0.0400
-1.1138 -1.4908 -0.0400
1.6885 -0.7770 -0.0400
1.7570 -0.7601 -0.0400
1.8035 -0.7701 -0.0400
1.8406 -0.7923 -0.0400
1.8650 -0.8331 -0.0400
1.8802 -0.8891 -0.0400
2.1623 -2.1310 -0.0400
2.2338 -2.1082 -0.0400
2.2955 -2.1141 -0.0400
2.3504 -2.1437 -0.0400
2.4047 -2.1779 -0.0400
3.7972 -1.3248 -0.0400
3.8294 -1.2621 -0.0400
3.8691 -1.2368 -0.0400
3.9166 -1.2430 -0.0400
3.9606 -1.2344 -0.0400
4.0012 -1.2144 -0.0400
4.0447 -1.2041 -0.0400
4.0939 -1.2099 -0.0400
4.1522 -1.2387 -0.0400
4.2348 -1.3259 -0.0400
6.8034 0.5427 -0.0400
6.7408 0.6177 -0.0400
6.7216 0.6833 -0.0400
6.7199 0.7454 -0.0400
6.7537 0.8030 -0.0400
6.8134 0.8589 -0.0400
8.5111 1.2404 -0.0400
6.0435 1.5247 -0.0400
7.8055 3.3566 -0.0400
7.7517 3.4281 -0.0400
3.2877 4.1758 -0.0400
3.2360 4.1552 -0.0400
3.1845 4.1574 -0.0400
3.1325 4.1652 -0.0400
3.0829 4.1298 -0.0400
3.0318 4.1263 -0.0400
2.9781 4.1506 -0.0400
2.9200 4.2056 -0.0400
2.8685 4.1923 -0.0400
2.8140 4.2019 -0.0400
1.4538 4.5353 -0.0400
1.4227 4.4561 -0.0400
1.3752 4.4082 -0.0400
1.3052 4.3982 -0.0400
1.2088 4.4278 -0.0400
2.5128 2.0839 -0.0400
2.5076 2.0595 -0.0400
2.4997 2.0388 -0.0400
2.4939 2.0164 -0.0400
2.4817 2.0011 -0.0400
2.4682 1.9873 -0.0400
2.4506 1.9774 -0.0400
2.4335 1.9666 -0.0400
2.4069 1.9640 -0.0400
2.3666 1.9723 -0.0400
2.3265 1.9787 -0.0400
2.3121 1.9632 -0.0400
2.2951 1.9496 -0.0400
2.2753 1.9379 -0.0400
2.2511 1.9289 -0.0400
2.2195 1.9244 -0.0400
2.1777 1.9255 -0.0400
1.9872 2.0197 -0.0400
0.8637 2.0552 -0.0400
0.8791 2.0033 -0.0400
0.8867 1.9550 -0.0400
0.8731 1.9136 -0.0400
0.8328 1.8796 -0.0400
0.7721 1.8497 -0.0400
-1.4597 0.8267 -0.0400
-1.4573 0.7437 -0.0400
0.0803 0.3191 -0.0400
0.0882 0.2612 -0.0400
-1.1997 -1.3346 -0.0400
-1.1672 -1.4198 -0.0400
1.6859 -0.7146 -0.0400
1.7374 -0.7196 -0.0400
1.7747 -0.7415 -0.0400
1.8081 -0.7686 -0.0400
1.8322 -0.8091 -0.0400
1.8413 -0.8727 -0.0400
2.1059 -2.1060 -0.0400
2.1812 -2.0734 -0.0400
2.2383 -2.0936 -0.0400
2.2904 -2.1316 -0.0400
2.3345 -2.2019 -0.0400
3.7415 -1.2895 -0.0400
3.7801 -1.2564 -0.0400
3.8216 -1.2399 -0.0400
3.8671 -1.2404 -0.0400
3.9155 -1.2500 -0.0400
3.9546 -1.2245 -0.0400
4.0007 -1.2236 -0.0400
4.0525 -1.2387 -0.0400
4.1223 -1.3033 -0.0400
4.1762 -1.3152 -0.0400
6.7850 0.4716 -0.0400
6.7275 0.5469 -0.0400
6.7098 0.6127 -0.0400
6.7105 0.6747 -0.0400
6.7367 0.7328 -0.0400
6.7857 0.7888 -0.0400
8.5290 1.1359 -0.0400
6.0922 1.4699 -0.0400
6.0079 1.5108 -0.0400
5.9958 1.5581 -0.0400
5.9977 1.6072 -0.0400
7.7942 3.3312 -0.0400
7.7836 3.4237 -0.0400
5.1508 3.4733 -0.0400
3.2952 4.1865 -0.0400
3.2431 4.1586 -0.0400
3.1909 4.1766 -0.0400
3.1403 4.1415 -0.0400
3.0897 4.1248 -0.0400
3.0386 4.1210 -0.0400
2.9858 4.1353 -0.0400
2.9279 4.1894 -0.0400
2.8735 4.2002 -0.0400
2.8152 4.2333 -0.0400
1.4471 4.5544 -0.0400
1.4329 4.4437 -0.0400
1.3758 4.4125 -0.0400
1.3072 4.3997 -0.0400
1.2089 4.4323 -0.0400
2.4973 2.1299 -0.0400
2.5064 2.0868 -0.0400
2.5106 2.0514 -0.0400
2.5014 2.0321 -0.0400
2.4925 2.0129 -0.0400
2.4789 1.9988 -0.0400
2.4644 1.9857 -0.0400
2.4455 1.9767 -0.0400
2.4272 1.9668 -0.0400
2.3955 1.9685 -0.0400
2.3362 1.9926 -0.0400
2.3228 1.9761 -0.0400
2.3064 1.9619 -0.0400
2.2867 1.9501 -0.0400
2.2686 1.9368 -0.0400
2.2400 1.9307 -0.0400
2.2024 1.9299 -0.0400
2.0252 2.0203 -0.0400
-0.2345 3.4297 -0.0400
0.8799 2.0442 -0.0400
0.8851 1.9958 -0.0400
0.8852 1.9498 -0.0400
0.8600 1.9119 -0.0400
0.8277 1.8754 -0.0400
-1.4593 0.8233 -0.0400
0.0627 0.3683 -0.0400
0.0794 0.3129 -0.0400
-1.1995 -1.3375 -0.0400
-1.1687 -1.4236 -0.0400
1.6274 -0.7241 -0.0400
1.7006 -0.7044 -0.0400
1.7415 -0.7222 -0.0400
1.7793 -0.7434 -0.0400
1.8056 -0.7798 -0.0400
1.8171 -0.8381 -0.0400
1.8211 -0.9100 -0.0400
2.1140 -2.0848 -0.0400
2.1826 -2.0712 -0.0400
2.2390 -2.0931 -0.0400
2.2913 -2.1294 -0.0400
3.7349 -1.2715 -0.0400
3.7754 -1.2499 -0.0400
3.8191 -1.2443 -0.0400
3.8670 -1.2551 -0.0400
3.9090 -1.2407 -0.0400
3.9500 -1.2230 -0.0400
3.9939 -1.2159 -0.0400
4.0436 -1.2260 -0.0400
4.1217 -1.3163 -0.0400
6.7179 0.5335 -0.0400
6.7046 0.5984 -0.0400
6.7076 0.6599 -0.0400
6.7330 0.7180 -0.0400
6.7785 0.7743 -0.0400
8.5072 1.1180 -0.0400
6.0620 1.4523 -0.0400
6.0205 1.4973 -0.0400
6.0003 1.5438 -0.0400
5.9928 1.5915 -0.0400
6.0315 1.6466 -0.0400
7.8190 3.3228 -0.0400
7.7694 3.3965 -0.0400
5.0786 3.4448 -0.0400
5.0289 3.4633 -0.0400
4.9547 3.4483 -0.0400
3.3031 4.1923 -0.0400
3.2508 4.1558 -0.0400
3.1986 4.1703 -0.0400
3.1473 4.1482 -0.0400
3.0966 4.1269 -0.0400
3.0444 4.1351 -0.0400
2.9895 4.1682 -0.0400
2.9329 4.2046 -0.0400
2.8803 4.1979 -0.0400
2.8243 4.2142 -0.0400
1.4774 4.5061 -0.0400
1.4341 4.4487 -0.0400
1.3790 4.4133 -0.0400
1.3123 4.3974 -0.0400
2.5089 2.1124 -0.0400
2.5106 2.0783 -0.0400
2.5116 2.0463 -0.0400
2.5014 2.0279 -0.0400
2.4893 2.0119 -0.0400
2.4753 1.9980 -0.0400
2.4593 1.9861 -0.0400
2.4365 1.9805 -0.0400
2.4140 1.9741 -0.0400
2.3880 1.9701 -0.0400
2.3329 1.9904 -0.0400
2.3185 1.9744 -0.0400
2.3006 1.9612 -0.0400
2.2784 1.9511 -0.0400
2.2583 1.9389 -0.0400
2.2222 1.9378 -0.0400
2.1671 1.9486 -0.0400
2.0066 2.0273 -0.0400
0.8579 2.0947 -0.0400
0.8779 2.0398 -0.0400
0.8922 1.9883 -0.0400
0.8821 1.9456 -0.0400
0.8494 1.9097 -0.0400
0.8105 1.8748 -0.0400
-1.4644 0.9027 -0.0400
-1.4659 0.8195 -0.0400
-1.5054 0.7323 -0.0400
0.0577 0.3611 -0.0400
-1.2039 -1.3431 -0.0400
1.6436 -0.7132 -0.0400
1.7094 -0.7021 -0.0400
1.7483 -0.7219 -0.0400
1.7821 -0.7481 -0.0400
1.8018 -0.7934 -0.0400
1.8211 -0.8408 -0.0400
2.1234 -2.0614 -0.0400
2.1845 -2.0688 -0.0400
2.2385 -2.0978 -0.0400
2.2904 -2.1351 -0.0400
3.7011 -1.3490 -0.0400
3.7337 -1.2789 -0.0400
3.7731 -1.2521 -0.0400
3.8152 -1.2404 -0.0400
3.8641 -1.2562 -0.0400
3.9043 -1.2356 -0.0400
3.9469 -1.2250 -0.0400
3.9935 -1.2270 -0.0400
4.0467 -1.2482 -0.0400
4.1141 -1.3069 -0.0400
4.1693 -1.3238 -0.0400
6.7389 0.5144 -0.0400
6.6971 0.5848 -0.0400
6.7012 0.6459 -0.0400
6.7340 0.7028 -0.0400
6.7816 0.7587 -0.0400
8.5043 1.1000 -0.0400
6.1032 1.4411 -0.0400
6.0131 1.4818 -0.0400
5.9996 1.5289 -0.0400
5.9981 1.5774 -0.0400
6.0095 1.6282 -0.0400
6.0488 1.6845 -0.0400
5.1586 3.4401 -0.0400
5.0941 3.4424 -0.0400
5.0241 3.4353 -0.0400
4.9689 3.4451 -0.0400
4.9226 3.4657 -0.0400
4.8762 3.4854 -0.0400
4.8183 3.4875 -0.0400
3.3111 4.1609 -0.0400
3.2589 4.1561 -0.0400
3.2066 4.1683 -0.0400
3.1549 4.1527 -0.0400
3.1043 4.1257 -0.0400
3.0521 4.1324 -0.0400
2.9978 4.1583 -0.0400
2.9396 4.2094 -0.0400
2.8855 4.2125 -0.0400
1.4918 4.4883 -0.0400
1.4393 4.4475 -0.0400
1.3756 4.4268 -0.0400
1.2937 4.4350 -0.0400
2.5116 2.1065 -0.0400
2.5201 2.0641 -0.0400
2.5110 2.0438 -0.0400
2.5001 2.0259 -0.0400
2.4871 2.0106 -0.0400
2.4714 1.9982 -0.0400
2.4541 1.9873 -0.0400
2.4351 1.9778 -0.0400
2.4001 1.9826 -0.0400
2.3636 1.9875 -0.0400
2.3291 1.9893 -0.0400
2.3134 1.9742 -0.0400
2.2963 1.9600 -0.0400
2.2719 1.9514 -0.0400
2.2492 1.9409 -0.0400
2.2079 1.9432 -0.0400
2.0239 2.0427 -0.0400
-0.1818 3.4811 -0.0400
0.8811 2.0814 -0.0400
0.8996 2.0274 -0.0400
0.8949 1.9826 -0.0400
0.8733 1.9435 -0.0400
0.8475 1.9053 -0.0400
-1.4631 0.8997 -0.0400
-1.4642 0.8164 -0.0400
-1.5042 0.7292 -0.0400
0.0379 0.4102 -0.0400
0.0721 0.3590 -0.0400
0.0424 0.2909 -0.0400
-1.2571 -1.2730 -0.0400
-1.2001 -1.3443 -0.0400
1.6147 -0.6884 -0.0400
1.6704 -0.6904 -0.0400
1.7149 -0.7041 -0.0400
1.7545 -0.7230 -0.0400
1.7853 -0.7529 -0.0400
1.7997 -0.8050 -0.0400
1.8100 -0.8652 -0.0400
2.0494 -2.0925 -0.0400
2.1272 -2.0559 -0.0400
2.1865 -2.0679 -0.0400
2.2389 -2.1012 -0.0400
2.2821 -2.1675 -0.0400
3.6897 -1.2936 -0.0400
3.7287 -1.2630 -0.0400
3.7700 -1.2475 -0.0400
3.8144 -1.2473 -0.0400
3.8630 -1.2626 -0.0400
3.9017 -1.2367 -0.0400
3.9433 -1.2229 -0.0400
3.9955 -1.2444 -0.0400
4.0644 -1.3145 -0.0400
4.1149 -1.3208 -0.0400
6.7093 0.5055 -0.0400
6.6993 0.5697 -0.0400
6.6993 0.6315 -0.0400
6.7188 0.6901 -0.0400
6.8003 0.7415 -0.0400
8.5024 1.0822 -0.0400
6.0608 1.4228 -0.0400
6.0229 1.4682 -0.0400
6.0035 1.5147 -0.0400
5.9957 1.5623 -0.0400
6.0277 1.6162 -0.0400
5.1027 3.4310 -0.0400
5.0566 3.4546 -0.0400
4.9772 3.4335 -0.0400
4.9334 3.4577 -0.0400
4.8781 3.4648 -0.0400
4.8307 3.4822 -0.0400
4.7964 3.5188 -0.0400
4.7719 3.5721 -0.0400
3.3199 4.1594 -0.0400
3.2677 4.1573 -0.0400
3.2151 4.1713 -0.0400
3.1641 4.1312 -0.0400
3.1124 4.1264 -0.0400
3.0602 4.1318 -0.0400
3.0060 4.1540 -0.0400
2.9481 4.2031 -0.0400
2.8936 4.2090 -0.0400
2.8341 4.2470 -0.0400
1.5159 4.5959 -0.0400
1.4900 4.5016 -0.0400
1.4422 4.4517 -0.0400
1.3827 4.4233 -0.0400
2.5267 2.1196 -0.0400
2.5262 2.0868 -0.0400
2.5191 2.0632 -0.0400
2.5099 2.0428 -0.0400
2.4986 2.0251 -0.0400
2.4849 2.0102 -0.0400
2.4682 1.9985 -0.0400
2.4498 1.9884 -0.0400
2.4285 1.9808 -0.0400
2.3863 1.9919 -0.0400
2.3407 2.0044 -0.0400
2.3266 1.9877 -0.0400
2.3077 1.9751 -0.0400
2.2896 1.9614 -0.0400
2.2583 1.9578 -0.0400
2.2314 1.9499 -0.0400
2.2000 1.9445 -0.0400
2.0047 2.0520 -0.0400
-0.1823 3.4820 -0.0400
0.8864 2.0753 -0.0400
0.8988 2.0235 -0.0400
0.8920 1.9792 -0.0400
0.8642 1.9419 -0.0400
0.8057 1.9133 -0.0400
-1.4946 0.9786 -0.0400
-1.4609 0.8969 -0.0400
-1.4620 0.8136 -0.0400
0.0343 0.4036 -0.0400
0.0443 0.3461 -0.0400
-1.3063 -1.3029 -0.0400
1.6052 -0.7081 -0.0400
1.6852 -0.6822 -0.0400
1.7247 -0.7015 -0.0400
1.7564 -0.7299 -0.0400
1.7820 -0.7665 -0.0400
1.8020 -0.8114 -0.0400
2.0679 -2.0493 -0.0400
2.1327 -2.0465 -0.0400
2.1872 -2.0721 -0.0400
2.2401 -2.1035 -0.0400
3.6891 -1.2974 -0.0400
3.7275 -1.2643 -0.0400
3.7683 -1.2470 -0.0400
3.8163 -1.2637 -0.0400
3.8578 -1.2494 -0.0400
3.8986 -1.2330 -0.0400
3.9417 -1.2257 -0.0400
3.9896 -1.2336 -0.0400
4.0452 -1.2637 -0.0400
4.1084 -1.3110 -0.0400
6.6956 0.6176 -0.0400
6.7295 0.6741 -0.0400
6.7724 0.7303 -0.0400
8.5383 0.9716 -0.0400
8.5009 1.0646 -0.0400
6.0783 1.4099 -0.0400
6.0325 1.4547 -0.0400
6.0022 1.5000 -0.0400
6.0019 1.5486 -0.0400
6.0133 1.5992 -0.0400
6.0498 1.6548 -0.0400
5.1139 3.4224 -0.0400
5.0643 3.4417 -0.0400
4.9986 3.4389 -0.0400
4.9459 3.4514 -0.0400
4.9018 3.4749 -0.0400
4.8418 3.4745 -0.0400
4.8041 3.5062 -0.0400
3.1730 4.1309 -0.0400
3.1211 4.1272 -0.0400
3.0686 4.1337 -0.0400
3.0088 4.2188 -0.0400
2.9563 4.2046 -0.0400
2.9019 4.2086 -0.0400
2.8435 4.2383 -0.0400
1.5443 4.5529 -0.0400
1.5017 4.4911 -0.0400
1.4462 4.4551 -0.0400
1.3785 4.4405 -0.0400
1.2837 4.4693 -0.0400
2.5224 2.1245 -0.0400
2.5240 2.0885 -0.0400
2.5173 2.0642 -0.0400
2.5122 2.0386 -0.0400
2.4984 2.0235 -0.0400
2.4829 2.0103 -0.0400
2.4657 1.9989 -0.0400
2.4465 1.9892 -0.0400
2.4112 1.9948 -0.0400
2.3725 2.0021 -0.0400
2.3387 2.0034 -0.0400
2.3234 1.9875 -0.0400
2.3027 1.9760 -0.0400
2.2820 1.9643 -0.0400
2.2586 1.9541 -0.0400
2.2134 1.9598 -0.0400
2.1611 1.9689 -0.0400
-0.1424 3.5441 -0.0400
-0.2083 3.5006 -0.0400
0.8612 2.1299 -0.0400
0.9028 2.0654 -0.0400
0.9042 2.0177 -0.0400
0.8889 1.9763 -0.0400
0.8587 1.9396 -0.0400
0.7992 1.9112 -0.0400
-1.4711 0.9769 -0.0400
-1.4655 0.8939 -0.0400
0.0243 0.4555 -0.0400
0.0610 0.4044 -0.0400
0.0486 0.3415 -0.0400
-1.3777 -1.2405 -0.0400
-1.2356 -1.2681 -0.0400
1.6522 -0.6644 -0.0400
1.6949 -0.6804 -0.0400
1.7313 -0.7031 -0.0400
1.7628 -0.7316 -0.0400
1.7762 -0.7837 -0.0400
1.7822 -0.8477 -0.0400
2.0701 -2.0510 -0.0400
2.1352 -2.0472 -0.0400
2.1890 -2.0743 -0.0400
2.2366 -2.1219 -0.0400
3.6882 -1.2956 -0.0400
3.7249 -1.2542 -0.0400
3.7678 -1.2496 -0.0400
3.8138 -1.2580 -0.0400
3.8565 -1.2500 -0.0400
3.8969 -1.2324 -0.0400
3.9432 -1.2375 -0.0400
3.9945 -1.2570 -0.0400
4.0604 -1.3189 -0.0400
4.1131 -1.3329 -0.0400
8.5102 1.0470 -0.0400
6.0882 1.3965 -0.0400
6.0175 1.4390 -0.0400
6.0040 1.4859 -0.0400
6.0006 1.5340 -0.0400
6.0070 1.5836 -0.0400
5.1933 3.4149 -0.0400
5.1269 3.4156 -0.0400
5.0823 3.4414 -0.0400
5.0115 3.4325 -0.0400
4.9582 3.4444 -0.0400
4.9116 3.4646 -0.0400
4.8570 3.4723 -0.0400
4.8187 3.5034 -0.0400
4.7948 3.5577 -0.0400
5.8769 6.2092 -0.0400
5.7687 6.2144 -0.0400
5.7006 6.3016 -0.0400
3.0180 4.2178 -0.0400
2.9650 4.2063 -0.0400
2.9103 4.2118 -0.0400
1.5343 4.5861 -0.0400
1.5017 4.5037 -0.0400
1.4466 4.4661 -0.0400
1.3676 4.4705 -0.0400
2.5302 2.1502 -0.0400
2.5363 2.1070 -0.0400
2.5309 2.0800 -0.0400
2.5219 2.0583 -0.0400
2.5108 2.0396 -0.0400
2.4971 2.0241 -0.0400
2.4817 2.0105 -0.0400
2.4594 2.0040 -0.0400
2.4359 1.9982 -0.0400
2.4075 1.9966 -0.0400
2.3617 2.0102 -0.0400
2.3369 2.0030 -0.0400
2.3179 1.9900 -0.0400
2.2989 1.9767 -0.0400
2.2761 1.9664 -0.0400
2.2501 1.9580 -0.0400
2.1963 1.9698 -0.0400
2.0350 2.0574 -0.0400
-0.1461 3.5487 -0.0400
0.8708 2.1231 -0.0400
0.9063 2.0608 -0.0400
0.9036 2.0145 -0.0400
0.8823 1.9750 -0.0400
0.8381 1.9426 -0.0400
-1.4619 0.9749 -0.0400
-1.4663 0.8914 -0.0400
-1.5045 0.8052 -0.0400
0.0332 0.4521 -0.0400
0.0621 0.3992 -0.0400
0.0436 0.3348 -0.0400
-1.2841 -1.1955 -0.0400
-1.2492 -1.2788 -0.0400
1.6119 -0.6547 -0.0400
1.6620 -0.6632 -0.0400
1.7022 -0.6817 -0.0400
1.7362 -0.7071 -0.0400
1.7546 -0.7519 -0.0400
1.7674 -0.8051 -0.0400
2.0077 -2.0539 -0.0400
2.0810 -2.0307 -0.0400
2.1379 -2.0484 -0.0400
2.1896 -2.0813 -0.0400
2.2388 -2.1238 -0.0400
3.7430 -4.8276 -0.0400
3.6539 -1.3614 -0.0400
3.6834 -1.2676 -0.0400
3.7243 -1.2526 -0.0400
3.7672 -1.2487 -0.0400
3.8129 -1.2566 -0.0400
3.8537 -1.2417 -0.0400
3.8959 -1.2326 -0.0400
3.9408 -1.2331 -0.0400
3.9904 -1.2481 -0.0400
4.0576 -1.3160 -0.0400
6.8224 -1.2752 -0.0400
6.8412 -1.1976 -0.0400
8.5089 0.9384 -0.0400
8.4976 1.0302 -0.0400
6.0855 1.3822 -0.0400
6.0193 1.4251 -0.0400
6.0057 1.4720 -0.0400
6.0008 1.5198 -0.0400
6.0310 1.5730 -0.0400
6.0900 1.6324 -0.0400
7.8370 3.2506 -0.0400
5.1431 3.4124 -0.0400
5.0944 3.4334 -0.0400
5.0134 3.4113 -0.0400
4.9699 3.4363 -0.0400
4.9264 3.4611 -0.0400
4.8695 3.4658 -0.0400
4.8314 3.4973 -0.0400
4.8107 3.5568 -0.0400
5.9191 6.2523 -0.0400
5.7882 6.2141 -0.0400
5.7166 6.2944 -0.0400
1.5588 4.5528 -0.0400
1.5128 4.4967 -0.0400
1.4551 4.4639 -0.0400
1.3845 4.4535 -0.0400
1.2679 4.5183 -0.0400
2.5306 2.1156 -0.0400
2.5277 2.0848 -0.0400
2.5250 2.0551 -0.0400
2.5115 2.0389 -0.0400
2.4961 2.0251 -0.0400
2.4788 2.0132 -0.0400
2.4591 2.0037 -0.0400
2.4356 1.9978 -0.0400
2.4071 1.9960 -0.0400
2.3503 2.0197 -0.0400
2.3338 2.0044 -0.0400
2.3157 1.9903 -0.0400
2.2957 1.9777 -0.0400
2.2723 1.9675 -0.0400
2.2259 1.9748 -0.0400
2.1739 1.9845 -0.0400
2.0147 2.0701 -0.0400
-0.1452 3.5507 -0.0400
0.8963 2.1102 -0.0400
0.9131 2.0554 -0.0400
0.9004 2.0127 -0.0400
0.8786 1.9732 -0.0400
0.8245 1.9439 -0.0400
-1.4783 1.0556 -0.0400
-1.4609 0.9728 -0.0400
-1.4877 0.8881 -0.0400
0.0441 0.4493 -0.0400
0.0608 0.3936 -0.0400
-1.2974 -1.2056 -0.0400
-1.2369 -1.2755 -0.0400
1.5424 -0.6746 -0.0400
1.6209 -0.6547 -0.0400
1.6695 -0.6647 -0.0400
1.7084 -0.6847 -0.0400
1.7349 -0.7190 -0.0400
1.7543 -0.7625 -0.0400
1.7579 -0.8277 -0.0400
2.0210 -2.0299 -0.0400
2.0834 -2.0341 -0.0400
2.1384 -2.0568 -0.0400
2.1895 -2.0915 -0.0400
3.7392 -4.8305 -0.0400
3.6476 -1.3150 -0.0400
3.6830 -1.2622 -0.0400
3.7242 -1.2504 -0.0400
3.7676 -1.2499 -0.0400
3.8125 -1.2554 -0.0400
3.8530 -1.2397 -0.0400
3.8951 -1.2313 -0.0400
3.9397 -1.2315 -0.0400
4.0128 -1.3276 -0.0400
4.0614 -1.3319 -0.0400
6.8099 -1.2796 -0.0400
6.8334 -1.2054 -0.0400
6.9296 -1.1784 -0.0400
6.0720 1.3673 -0.0400
6.0353 1.4129 -0.0400
6.0063 1.4582 -0.0400
6.0022 1.5060 -0.0400
6.0304 1.5587 -0.0400
6.0790 1.6162 -0.0400
7.8425 3.2331 -0.0400
7.8157 3.3176 -0.0400
5.1477 3.3947 -0.0400
5.0898 3.4041 -0.0400
5.0281 3.4067 -0.0400
4.9822 3.4287 -0.0400
4.9444 3.4615 -0.0400
4.8784 3.4535 -0.0400
4.8423 3.4880 -0.0400
4.8201 3.5451 -0.0400
5.9105 6.1961 -0.0400
5.8055 6.2088 -0.0400
5.7544 6.3323 -0.0400
5.6789 6.4096 -0.0400
1.5549 4.5767 -0.0400
1.5204 4.4975 -0.0400
1.4551 4.4782 -0.0400
1.3712 4.4902 -0.0400
2.5397 2.1419 -0.0400
2.5408 2.1046 -0.0400
2.5334 2.0796 -0.0400
2.5235 2.0583 -0.0400
2.5109 2.0407 -0.0400
2.4959 2.0261 -0.0400
2.4753 2.0176 -0.0400
2.4522 2.0113 -0.0400
2.4246 2.0088 -0.0400
2.3847 2.0175 -0.0400
2.3489 2.0207 -0.0400
2.3328 2.0047 -0.0400
2.3147 1.9904 -0.0400
2.2851 1.9856 -0.0400
2.2566 1.9791 -0.0400
2.2222 1.9764 -0.0400
2.1567 1.9960 -0.0400
-0.1174 3.6248 -0.0400
0.8733 2.1672 -0.0400
0.9023 2.1057 -0.0400
0.9140 2.0528 -0.0400
0.8952 2.0122 -0.0400
0.8677 1.9744 -0.0400
-1.4674 1.0541 -0.0400
-1.4626 0.9709 -0.0400
-1.4992 0.8856 -0.0400
0.0154 0.4980 -0.0400
0.0515 0.4459 -0.0400
-1.3831 -1.1503 -0.0400
-1.2728 -1.1963 -0.0400
1.5493 -0.6770 -0.0400
1.6272 -0.6579 -0.0400
1.6822 -0.6607 -0.0400
1.7135 -0.6891 -0.0400
1.7384 -0.7252 -0.0400
1.7554 -0.7717 -0.0400
1.7463 -0.8533 -0.0400
2.0279 -2.0229 -0.0400
2.0879 -2.0328 -0.0400
2.1392 -2.0652 -0.0400
2.1855 -2.1141 -0.0400
3.7352 -4.8242 -0.0400
3.6082 -1.3398 -0.0400
3.6451 -1.2899 -0.0400
3.6844 -1.2650 -0.0400
3.7251 -1.2506 -0.0400
3.7690 -1.2539 -0.0400
3.8118 -1.2501 -0.0400
3.8527 -1.2371 -0.0400
3.8951 -1.2308 -0.0400
3.9471 -1.2592 -0.0400
4.0122 -1.3268 -0.0400
4.0606 -1.3315 -0.0400
6.8038 -1.2877 -0.0400
6.8362 -1.2196 -0.0400
6.9397 -1.1974 -0.0400
6.0996 1.3561 -0.0400
6.0274 1.3986 -0.0400
6.0107 1.4451 -0.0400
6.0053 1.4927 -0.0400
6.0108 1.5419 -0.0400
6.0918 1.6042 -0.0400
7.8510 3.2172 -0.0400
5.1652 3.3926 -0.0400
5.1181 3.4159 -0.0400
5.0484 3.4090 -0.0400
4.9956 3.4222 -0.0400
4.9422 3.4334 -0.0400
4.8911 3.4465 -0.0400
4.8521 3.4768 -0.0400
4.8247 3.5255 -0.0400
5.9217 6.1778 -0.0400
5.8243 6.2057 -0.0400
5.7511 6.2830 -0.0400
1.6102 4.6360 -0.0400
1.5770 4.5505 -0.0400
1.5262 4.5028 -0.0400
1.4650 4.4756 -0.0400
1.3903 4.4717 -0.0400
2.5475 2.0991 -0.0400
2.5380 2.0765 -0.0400
2.5263 2.0573 -0.0400
2.5119 2.0415 -0.0400
2.4953 2.0284 -0.0400
2.4766 2.0175 -0.0400
2.4550 2.0094 -0.0400
2.4284 2.0059 -0.0400
2.3635 2.0388 -0.0400
2.3478 2.0222 -0.0400
2.3299 2.0076 -0.0400
2.3095 1.9949 -0.0400
2.2852 1.9853 -0.0400
2.2568 1.9785 -0.0400
2.2222 1.9757 -0.0400
-0.0787 3.6927 -0.0400
-0.1010 3.6170 -0.0400
-0.1734 3.5778 -0.0400
0.9152 2.1479 -0.0400
0.9198 2.0970 -0.0400
0.9126 2.0516 -0.0400
0.8919 2.0114 -0.0400
0.8608 1.9747 -0.0400
-1.5214 1.1363 -0.0400
-1.4695 1.0527 -0.0400
-1.4693 0.9692 -0.0400
0.0386 0.4978 -0.0400
0.0485 0.4405 -0.0400
-1.3865 -1.1549 -0.0400
-1.2703 -1.1981 -0.0400
1.5109 -0.6629 -0.0400
1.6003 -0.6340 -0.0400
1.6492 -0.6444 -0.0400
1.6875 -0.6652 -0.0400
1.7187 -0.6935 -0.0400
1.7431 -0.7302 -0.0400
1.9605 -2.0404 -0.0400
2.0316 -2.0248 -0.0400
2.0904 -2.0375 -0.0400
2.1431 -2.0661 -0.0400
2.1803 -2.1410 -0.0400
3.7328 -4.8340 -0.0400
3.6088 -1.3313 -0.0400
3.6439 -1.2706 -0.0400
3.6845 -1.2557 -0.0400
3.7274 -1.2560 -0.0400
3.7726 -1.2660 -0.0400
3.8132 -1.2518 -0.0400
3.8534 -1.2367 -0.0400
3.8963 -1.2328 -0.0400
3.9514 -1.2734 -0.0400
4.0126 -1.3279 -0.0400
4.0622 -1.3369 -0.0400
6.7798 -1.2828 -0.0400
6.8283 -1.2260 -0.0400
6.9259 -1.2005 -0.0400
6.0326 1.3859 -0.0400
6.0083 1.4315 -0.0400
6.0033 1.4790 -0.0400
6.0207 1.5298 -0.0400
6.0455 1.5827 -0.0400
7.8536 3.1986 -0.0400
7.8375 3.2880 -0.0400
5.1720 3.3773 -0.0400
5.1157 3.3890 -0.0400
5.0522 3.3897 -0.0400
5.0064 3.4121 -0.0400
4.9684 3.4447 -0.0400
4.9068 3.4435 -0.0400
4.8708 3.4786 -0.0400
5.9398 6.1726 -0.0400
5.8427 6.2013 -0.0400
5.7739 6.2879 -0.0400
1.6022 4.6729 -0.0400
1.5802 4.5627 -0.0400
1.5326 4.5084 -0.0400
1.4626 4.4969 -0.0400
1.3653 4.5317 -0.0400
2.5454 2.1423 -0.0400
2.5442 2.1073 -0.0400
2.5362 2.0824 -0.0400
2.5256 2.0614 -0.0400
2.5124 2.0438 -0.0400
2.4945 2.0319 -0.0400
2.4738 2.0228 -0.0400
2.4489 2.0177 -0.0400
2.4182 2.0179 -0.0400
2.3628 2.0410 -0.0400
2.3479 2.0233 -0.0400
2.3306 2.0079 -0.0400
2.3022 2.0021 -0.0400
2.2745 1.9949 -0.0400
2.2408 1.9919 -0.0400
2.1905 2.0009 -0.0400
2.0288 2.0927 -0.0400
-0.1015 3.6224 -0.0400
-0.1524 3.5677 -0.0400
0.8966 2.1551 -0.0400
0.9259 2.0935 -0.0400
0.9129 2.0503 -0.0400
0.8770 2.0156 -0.0400
0.8284 1.9845 -0.0400
-1.4854 1.1354 -0.0400
-1.4616 1.0518 -0.0400
-1.4796 0.9678 -0.0400
-0.0014 0.5457 -0.0400
0.0397 0.4937 -0.0400
0.0036 0.4267 -0.0400
-1.3845 -1.1567 -0.0400
1.6030 -0.6413 -0.0400
1.6614 -0.6415 -0.0400
1.6926 -0.6700 -0.0400
1.7165 -0.7067 -0.0400
1.7315 -0.7548 -0.0400
1.9774 -2.0118 -0.0400
2.0400 -2.0159 -0.0400
2.0912 -2.0475 -0.0400
2.1435 -2.0774 -0.0400
2.1819 -2.1489 -0.0400
3.6252 -4.8262 -0.0400
3.6083 -1.3086 -0.0400
3.6454 -1.2655 -0.0400
3.6861 -1.2532 -0.0400
3.7290 -1.2544 -0.0400
3.7729 -1.2588 -0.0400
3.8131 -1.2438 -0.0400
3.8552 -1.2383 -0.0400
3.8995 -1.2408 -0.0400
3.9469 -1.2529 -0.0400
4.0152 -1.3345 -0.0400
4.0674 -1.3522 -0.0400
6.7707 -1.3784 -0.0400
6.7762 -1.2912 -0.0400
6.8186 -1.2306 -0.0400
6.9003 -1.1953 -0.0400
6.0159 1.5157 -0.0400
6.0855 1.5757 -0.0400
7.8679 3.1856 -0.0400
5.1936 3.3798 -0.0400
5.1420 3.3979 -0.0400
5.0762 3.3964 -0.0400
5.0198 3.4052 -0.0400
4.9679 3.4186 -0.0400
4.9159 3.4308 -0.0400
4.8775 3.4621 -0.0400
4.8536 3.5164 -0.0400
5.9668 6.1838 -0.0400
5.8606 6.1955 -0.0400
5.8120 6.3242 -0.0400
1.5983 4.5468 -0.0400
1.5405 4.5121 -0.0400
1.4730 4.4957 -0.0400
1.3873 4.5101 -0.0400
2.5576 2.1314 -0.0400
2.5514 2.1030 -0.0400
2.5413 2.0806 -0.0400
2.5290 2.0614 -0.0400
2.5138 2.0460 -0.0400
2.4965 2.0330 -0.0400
2.4771 2.0223 -0.0400
2.4418 2.0280 -0.0400
2.4015 2.0373 -0.0400
2.3641 2.0420 -0.0400
2.3471 2.0261 -0.0400
2.3277 2.0123 -0.0400
2.3053 2.0008 -0.0400
2.2789 1.9924 -0.0400
2.2469 1.9878 -0.0400
2.0601 2.1050 -0.0400
-0.0576 3.6879 -0.0400
-0.0975 3.6251 -0.0400
0.9098 2.1492 -0.0400
0.9274 2.0924 -0.0400
0.9105 2.0505 -0.0400
0.8838 2.0122 -0.0400
-1.4805 1.1349 -0.0400
-1.4596 1.0512 -0.0400
0.0193 0.5454 -0.0400
0.0428 0.4903 -0.0400
-1.3062 -1.1214 -0.0400
1.5739 -0.6197 -0.0400
1.6263 -0.6273 -0.0400
1.6662 -0.6468 -0.0400
1.6981 -0.6744 -0.0400
1.7229 -0.7101 -0.0400
1.6915 -0.8129 -0.0400
1.9166 -2.0137 -0.0400
1.9862 -2.0032 -0.0400
2.0446 -2.0170 -0.0400
2.0957 -2.0486 -0.0400
2.1383 -2.1047 -0.0400
3.6228 -4.8161 -0.0400
3.6081 -1.2849 -0.0400
3.6471 -1.2587 -0.0400
3.6882 -1.2503 -0.0400
3.7320 -1.2578 -0.0400
3.7742 -1.2539 -0.0400
3.8145 -1.2409 -0.0400
3.8567 -1.2364 -0.0400
3.9057 -1.2589 -0.0400
3.9581 -1.2892 -0.0400
4.0211 -1.3510 -0.0400
6.7682 -1.2959 -0.0400
6.8352 -1.2521 -0.0400
7.9081 3.0883 -0.0400
7.8714 3.1678 -0.0400
5.0316 3.3960 -0.0400
4.9934 3.4286 -0.0400
4.9333 3.4299 -0.0400
4.8949 3.4616 -0.0400
5.9687 6.1466 -0.0400
5.8892 6.2103 -0.0400
5.8284 6.3146 -0.0400
1.6552 4.6061 -0.0400
1.6063 4.5519 -0.0400
1.5485 4.5169 -0.0400
1.4820 4.4984 -0.0400
2.5531 2.1440 -0.0400
2.5496 2.1113 -0.0400
2.5407 2.0868 -0.0400
2.5317 2.0632 -0.0400
2.5152 2.0491 -0.0400
2.4965 2.0374 -0.0400
2.4749 2.0286 -0.0400
2.4491 2.0240 -0.0400
2.4168 2.0251 -0.0400
2.3641 2.0452 -0.0400
2.3463 2.0297 -0.0400
2.3249 2.0174 -0.0400
2.2996 2.0081 -0.0400
2.2696 2.0023 -0.0400
2.2327 2.0013 -0.0400
2.0748 2.0953 -0.0400
-0.0677 3.7023 -0.0400
-0.0935 3.6285 -0.0400
0.9368 2.1378 -0.0400
0.9273 2.0926 -0.0400
0.9078 2.0515 -0.0400
0.8767 2.0146 -0.0400
-1.4636 1.1347 -0.0400
-1.4705 1.0509 -0.0400
0.0178 0.5416 -0.0400
0.0388 0.4858 -0.0400
-1.3591 -1.0493 -0.0400
-1.3070 -1.1243 -0.0400
1.5995 -0.6041 -0.0400
1.6401 -0.6232 -0.0400
1.6726 -0.6503 -0.0400
1.6977 -0.6854 -0.0400
1.7143 -0.7305 -0.0400
1.7093 -0.8027 -0.0400
1.9259 -2.0052 -0.0400
1.9929 -2.0004 -0.0400
2.0487 -2.0199 -0.0400
2.0954 -2.0629 -0.0400
3.6219 -4.8294 -0.0400
3.5733 -1.3255 -0.0400
3.6104 -1.2765 -0.0400
3.6499 -1.2556 -0.0400
3.6915 -1.2522 -0.0400
3.7372 -1.2713 -0.0400
3.7756 -1.2475 -0.0400
3.8163 -1.2375 -0.0400
3.8592 -1.2372 -0.0400
3.9088 -1.2624 -0.0400
3.9618 -1.2954 -0.0400
4.0225 -1.3498 -0.0400
5.6605 -4.4185 -0.0400
6.7426 -1.3779 -0.0400
6.7625 -1.3016 -0.0400
6.8155 -1.2487 -0.0400
7.9113 3.0709 -0.0400
7.8774 3.1514 -0.0400
4.9379 3.4190 -0.0400
4.9114 3.4683 -0.0400
6.0721 6.1015 -0.0400
5.9813 6.1434 -0.0400
5.9307 6.2646 -0.0400
1.7244 4.6345 -0.0400
1.6721 4.5863 -0.0400
1.6125 4.5544 -0.0400
1.5234 4.5796 -0.0400
2.5815 2.1483 -0.0400
2.5723 2.1227 -0.0400
2.5609 2.1011 -0.0400
2.5473 2.0826 -0.0400
2.5311 2.0679 -0.0400
2.5129 2.0553 -0.0400
2.4851 2.0536 -0.0400
2.4560 2.0524 -0.0400
2.4122 2.0658 -0.0400
2.3798 2.0656 -0.0400
2.3617 2.0501 -0.0400
2.3411 2.0369 -0.0400
2.3174 2.0264 -0.0400
2.2715 2.0350 -0.0400
2.2213 2.0455 -0.0400
2.0615 2.1443 -0.0400
-0.0086 3.7560 -0.0400
-0.0615 3.7025 -0.0400
0.9465 2.2348 -0.0400
0.9515 2.1818 -0.0400
0.9412 2.1365 -0.0400
0.9201 2.0959 -0.0400
0.8406 2.0782 -0.0400
-1.4669 1.2189 -0.0400
-1.4753 1.1350 -0.0400
-0.0212 0.6527 -0.0400
0.0216 0.5994 -0.0400
-0.0249 0.5322 -0.0400
-1.4557 -0.9946 -0.0400
-1.3601 -1.0512 -0.0400
1.5151 -0.5728 -0.0400
1.5714 -0.5787 -0.0400
1.6127 -0.5976 -0.0400
1.6455 -0.6244 -0.0400
1.6570 -0.6738 -0.0400
1.6547 -0.7396 -0.0400
1.8773 -1.9766 -0.0400
1.9432 -1.9751 -0.0400
1.9937 -2.0071 -0.0400
2.0404 -2.0491 -0.0400
3.4138 -4.8612 -0.0400
3.5172 -4.8293 -0.0400
3.5301 -1.2928 -0.0400
3.5696 -1.2661 -0.0400
3.6102 -1.2551 -0.0400
3.6526 -1.2583 -0.0400
3.6962 -1.2677 -0.0400
3.7355 -1.2493 -0.0400
3.7768 -1.2431 -0.0400
3.8214 -1.2524 -0.0400
3.8740 -1.2937 -0.0400
3.9299 -1.3407 -0.0400
3.9837 -1.3722 -0.0400
5.4605 -4.4906 -0.0400
6.6740 -1.4247 -0.0400
6.7159 -1.3645 -0.0400
6.7978 -1.3323 -0.0400
6.7039 0.2600 -0.0400
7.9185 3.0615 -0.0400
6.0044 6.1324 -0.0400
5.9425 6.2311 -0.0400
5.8717 6.3162 -0.0400
3.4905 4.1974 -0.0400
3.4349 4.1603 -0.0400
1.4682 4.5662 -0.0400
2.5608 2.1892 -0.0400
2.5652 2.1433 -0.0400
2.5586 2.1143 -0.0400
2.5479 2.0915 -0.0400
2.5370 2.0696 -0.0400
2.5196 2.0559 -0.0400
2.5000 2.0446 -0.0400
2.4777 2.0361 -0.0400
2.4507 2.0321 -0.0400
2.4164 2.0348 -0.0400
2.3673 2.0508 -0.0400
2.3481 2.0361 -0.0400
2.3262 2.0237 -0.0400
2.3001 2.0146 -0.0400
2.2689 2.0094 -0.0400
2.2294 2.0100 -0.0400
2.0697 2.1054 -0.0400
-0.0428 3.6989 -0.0400
0.9226 2.1972 -0.0400
0.9335 2.1417 -0.0400
0.9235 2.0961 -0.0400
0.8895 2.0603 -0.0400
0.8264 2.0348 -0.0400
-1.5244 1.2216 -0.0400
-1.4699 1.1359 -0.0400
-1.5036 1.0515 -0.0400
-0.0009 0.5924 -0.0400
0.0337 0.5383 -0.0400
-1.4603 -0.9988 -0.0400
-1.3437 -1.0463 -0.0400
1.5776 -0.5856 -0.0400
1.6192 -0.6043 -0.0400
1.6524 -0.6308 -0.0400
1.6786 -0.6645 -0.0400
1.6969 -0.7071 -0.0400
1.6992 -0.7689 -0.0400
1.9492 -1.9790 -0.0400
2.0023 -2.0050 -0.0400
2.0540 -2.0343 -0.0400
2.0994 -2.0807 -0.0400
3.5161 -4.8215 -0.0400
3.5775 -1.2887 -0.0400
3.6164 -1.2613 -0.0400
3.6569 -1.2513 -0.0400
3.7010 -1.2660 -0.0400
3.7411 -1.2527 -0.0400
3.7810 -1.2403 -0.0400
3.8230 -1.2380 -0.0400
3.8683 -1.2497 -0.0400
3.9216 -1.2908 -0.0400
3.9799 -1.3436 -0.0400
5.5539 -4.4551 -0.0400
6.7265 -1.3831 -0.0400
6.7525 -1.3117 -0.0400
6.8121 -1.2638 -0.0400
6.7041 0.3091 -0.0400
6.6511 0.3823 -0.0400
6.6564 0.4417 -0.0400
6.6725 0.4989 -0.0400
7.9280 3.0411 -0.0400
7.8857 3.1178 -0.0400
6.1076 6.0864 -0.0400
6.0170 6.1288 -0.0400
5.9671 6.2513 -0.0400
3.5528 4.1741 -0.0400
3.4980 4.1622 -0.0400
3.4446 4.1786 -0.0400
3.3903 4.1669 -0.0400
3.3364 4.1404 -0.0400
2.5815 2.1664 -0.0400
2.5749 2.1362 -0.0400
2.5692 2.1062 -0.0400
2.5538 2.0894 -0.0400
2.5366 2.0752 -0.0400
2.5176 2.0630 -0.0400
2.4878 2.0630 -0.0400
2.4572 2.0629 -0.0400
2.3997 2.0902 -0.0400
2.3836 2.0722 -0.0400
2.3649 2.0568 -0.0400
2.3435 2.0439 -0.0400
2.3065 2.0450 -0.0400
2.2711 2.0435 -0.0400
2.2120 2.0612 -0.0400
-0.0023 3.7683 -0.0400
0.9432 2.2928 -0.0400
0.9631 2.2311 -0.0400
0.9576 2.1827 -0.0400
0.9392 2.1406 -0.0400
0.9073 2.1041 -0.0400
0.8508 2.0768 -0.0400
-1.5090 1.3072 -0.0400
-1.4791 1.2213 -0.0400
0.0080 0.6517 -0.0400
0.0109 0.5926 -0.0400
-1.4883 -0.9121 -0.0400
-1.3807 -0.9651 -0.0400
1.4973 -0.5491 -0.0400
1.5519 -0.5575 -0.0400
1.5926 -0.5776 -0.0400
1.6253 -0.6048 -0.0400
1.6385 -0.6515 -0.0400
1.6407 -0.7112 -0.0400
1.8302 -1.9619 -0.0400
1.8987 -1.9566 -0.0400
1.9522 -1.9812 -0.0400
2.0032 -2.0120 -0.0400
3.4125 -4.8332 -0.0400
3.4980 -1.3064 -0.0400
3.5371 -1.2698 -0.0400
3.5777 -1.2597 -0.0400
3.6188 -1.2566 -0.0400
3.6626 -1.2724 -0.0400
3.7020 -1.2544 -0.0400
3.7424 -1.2445 -0.0400
3.7854 -1.2491 -0.0400
3.8323 -1.2705 -0.0400
3.8923 -1.3454 -0.0400
3.9409 -1.3606 -0.0400
5.4505 -4.4828 -0.0400
6.6530 -1.5169 -0.0400
6.6626 -1.4317 -0.0400
6.7091 -1.3754 -0.0400
6.8051 -1.3539 -0.0400
6.6380 0.2572 -0.0400
6.6318 0.3197 -0.0400
6.6391 0.3786 -0.0400
6.6588 0.4348 -0.0400
6.7404 0.4803 -0.0400
7.9690 2.9517 -0.0400
7.9340 3.0316 -0.0400
5.2685 3.3028 -0.0400
5.2248 3.3307 -0.0400
5.1524 3.3227 -0.0400
3.5187 4.2006 -0.0400
3.4626 4.1612 -0.0400
3.4087 4.1706 -0.0400
3.3546 4.1527 -0.0400
3.3011 4.1410 -0.0400
3.2471 4.1486 -0.0400
3.1923 4.1674 -0.0400
3.1337 4.2288 -0.0400
2.5697 2.1567 -0.0400
2.5710 2.1164 -0.0400
2.5583 2.0958 -0.0400
2.5433 2.0782 -0.0400
2.5265 2.0633 -0.0400
2.5045 2.0542 -0.0400
2.4804 2.0470 -0.0400
2.4517 2.0442 -0.0400
2.4118 2.0521 -0.0400
2.3715 2.0586 -0.0400
2.3513 2.0443 -0.0400
2.3283 2.0324 -0.0400
2.3014 2.0235 -0.0400
2.2690 2.0188 -0.0400
2.2277 2.0204 -0.0400
0.0044 3.7761 -0.0400
-0.0378 3.7135 -0.0400
0.9377 2.1957 -0.0400
0.9440 2.1420 -0.0400
0.9161 2.1037 -0.0400
0.8685 2.0728 -0.0400
-1.4741 1.2236 -0.0400
-1.4799 1.1391 -0.0400
0.0210 0.5916 -0.0400
0.0066 0.5294 -0.0400
-1.3910 -0.9711 -0.0400
-1.3516 -1.0526 -0.0400
1.5394 -0.5810 -0.0400
1.5901 -0.5923 -0.0400
1.6320 -0.6108 -0.0400
1.6572 -0.6454 -0.0400
1.6752 -0.6880 -0.0400
1.6785 -0.7476 -0.0400
1.9037 -1.9633 -0.0400
1.9597 -1.9827 -0.0400
2.0100 -2.0148 -0.0400
2.0565 -2.0568 -0.0400
3.5168 -4.8553 -0.0400
3.5450 -1.2848 -0.0400
3.5850 -1.2675 -0.0400
3.6252 -1.2554 -0.0400
3.6680 -1.2654 -0.0400
3.7089 -1.2591 -0.0400
3.7489 -1.2476 -0.0400
3.7896 -1.2404 -0.0400
3.8328 -1.2454 -0.0400
3.8805 -1.2689 -0.0400
3.9406 -1.3383 -0.0400
4.0015 -1.3994 -0.0400
5.4639 -4.5277 -0.0400
5.5478 -4.4549 -0.0400
6.7113 -1.3861 -0.0400
6.7699 -1.3383 -0.0400
6.6936 0.2316 -0.0400
6.6549 0.3026 -0.0400
6.6455 0.3653 -0.0400
6.6512 0.4242 -0.0400
6.6942 0.4762 -0.0400
6.7591 0.5258 -0.0400
5.2586 3.3398 -0.0400
5.2016 3.3515 -0.0400
5.1438 3.3608 -0.0400
5.0786 3.3587 -0.0400
5.0375 3.3872 -0.0400
4.9797 3.3918 -0.0400
3.5826 4.1929 -0.0400
3.5264 4.1667 -0.0400
3.4726 4.1771 -0.0400
3.4182 4.1711 -0.0400
3.3640 4.1441 -0.0400
3.3102 4.1471 -0.0400
3.2546 4.2002 -0.0400
3.1978 4.2377 -0.0400
3.1418 4.2441 -0.0400
3.0837 4.2705 -0.0400
2.5904 2.1358 -0.0400
2.5769 2.1156 -0.0400
2.5615 2.0982 -0.0400
2.5432 2.0847 -0.0400
2.5226 2.0739 -0.0400
2.4993 2.0658 -0.0400
2.4715 2.0622 -0.0400
2.4065 2.0977 -0.0400
2.3888 2.0807 -0.0400
2.3692 2.0656 -0.0400
2.3468 2.0531 -0.0400
2.3075 2.0559 -0.0400
2.2705 2.0552 -0.0400
2.1165 2.1546 -0.0400
0.0420 3.8502 -0.0400
0.0111 3.7779 -0.0400
0.9591 2.2921 -0.0400
0.9694 2.2347 -0.0400
0.9595 2.1880 -0.0400
0.9363 2.1476 -0.0400
0.8965 2.1139 -0.0400
-1.4742 1.3100 -0.0400
-1.4821 1.2255 -0.0400
-0.0411 0.7027 -0.0400
0.0093 0.6487 -0.0400
-1.5367 -0.8340 -0.0400
-1.4063 -0.8800 -0.0400
-1.3814 -0.9675 -0.0400
1.4549 -0.5453 -0.0400
1.5217 -0.5448 -0.0400
1.5748 -0.5545 -0.0400
1.6044 -0.5848 -0.0400
1.6279 -0.6211 -0.0400
1.6439 -0.6652 -0.0400
1.7692 -1.9740 -0.0400
1.8522 -1.9428 -0.0400
1.9101 -1.9585 -0.0400
1.9592 -1.9927 -0.0400
3.3095 -4.8347 -0.0400
3.4131 -4.8498 -0.0400
3.4687 -1.3548 -0.0400
3.5066 -1.2774 -0.0400
3.5470 -1.2645 -0.0400
3.5879 -1.2609 -0.0400
3.6313 -1.2788 -0.0400
3.6710 -1.2627 -0.0400
3.7109 -1.2506 -0.0400
3.7529 -1.2521 -0.0400
3.7994 -1.2762 -0.0400
3.8472 -1.3010 -0.0400
3.9027 -1.3553 -0.0400
5.3514 -4.5278 -0.0400
5.4491 -4.4921 -0.0400
6.6277 -1.5096 -0.0400
6.6526 -1.4369 -0.0400
6.7075 -1.3873 -0.0400
6.6998 0.1621 -0.0400
6.6434 0.2390 -0.0400
6.6300 0.3030 -0.0400
6.6400 0.3610 -0.0400
6.6745 0.4139 -0.0400
6.7383 0.4624 -0.0400
5.2927 3.2851 -0.0400
5.2469 3.3104 -0.0400
5.1794 3.3085 -0.0400
5.1279 3.3244 -0.0400
5.0879 3.3546 -0.0400
5.0357 3.3678 -0.0400
4.9891 3.3878 -0.0400
4.9722 3.4512 -0.0400
3.5975 4.1975 -0.0400
3.5410 4.1673 -0.0400
3.4871 4.1796 -0.0400
3.4324 4.1688 -0.0400
3.3782 4.1481 -0.0400
3.3242 4.1540 -0.0400
3.2695 4.1761 -0.0400
3.2119 4.2373 -0.0400
3.1562 4.2391 -0.0400
2.5476 2.0894 -0.0400
2.5269 2.0784 -0.0400
2.5038 2.0698 -0.0400
2.4618 2.0818 -0.0400
2.4100 2.1024 -0.0400
2.3926 2.0849 -0.0400
2.3733 2.0693 -0.0400
2.3435 2.0637 -0.0400
2.3145 2.0565 -0.0400
2.2798 2.0537 -0.0400
2.2292 2.0636 -0.0400
0.0596 3.8472 -0.0400
-0.0020 3.7997 -0.0400
0.9815 2.2853 -0.0400
0.9777 2.2350 -0.0400
0.9595 2.1920 -0.0400
0.9266 2.1557 -0.0400
0.8667 2.1302 -0.0400
-1.4842 1.3135 -0.0400
-1.4933 1.2286 -0.0400
-0.0254 0.7038 -0.0400
0.0034 0.6471 -0.0400
-1.4764 -0.8106 -0.0400
-1.4047 -0.8796 -0.0400
1.4847 -0.5279 -0.0400
1.5474 -0.5306 -0.0400
1.5801 -0.5583 -0.0400
1.6073 -0.5909 -0.0400
1.6284 -0.6296 -0.0400
1.5988 -0.7200 -0.0400
1.8024 -1.9225 -0.0400
1.8620 -1.9358 -0.0400
1.9103 -1.9712 -0.0400
1.9611 -2.0022 -0.0400
3.3103 -4.8305 -0.0400
3.4320 -1.3593 -0.0400
3.4721 -1.2985 -0.0400
3.5123 -1.2754 -0.0400
3.5524 -1.2605 -0.0400
3.5938 -1.2636 -0.0400
3.6360 -1.2719 -0.0400
3.6758 -1.2584 -0.0400
3.7164 -1.2514 -0.0400
3.7603 -1.2650 -0.0400
3.8045 -1.2764 -0.0400
3.8627 -1.3535 -0.0400
3.9147 -1.3885 -0.0400
5.3429 -4.5084 -0.0400
5.4572 -4.5186 -0.0400
6.6351 -1.5207 -0.0400
6.6538 -1.4431 -0.0400
6.7429 -1.4190 -0.0400
6.6400 0.1710 -0.0400
6.6190 0.2376 -0.0400
6.6192 0.2979 -0.0400
6.6346 0.3543 -0.0400
6.6654 0.4077 -0.0400
6.7215 0.4572 -0.0400
8.4631 0.5924 -0.0400
5.3142 3.2872 -0.0400
5.2591 3.3019 -0.0400
5.2039 3.3151 -0.0400
5.1372 3.3124 -0.0400
5.1017 3.3482 -0.0400
5.0412 3.3503 -0.0400
4.9973 3.3738 -0.0400
4.9657 3.4150 -0.0400
3.6138 4.2163 -0.0400
3.5554 4.1618 -0.0400
3.5017 4.1775 -0.0400
3.4471 4.1725 -0.0400
3.3926 4.1496 -0.0400
3.3386 4.1573 -0.0400
3.2836 4.1844 -0.0400
3.2259 4.2459 -0.0400
3.1700 4.2463 -0.0400
3.1114 4.2774 -0.0400
2.4659 2.0870 -0.0400
2.4142 2.1073 -0.0400
2.3967 2.0896 -0.0400
2.3730 2.0782 -0.0400
2.3484 2.0671 -0.0400
2.3204 2.0588 -0.0400
2.2872 2.0545 -0.0400
2.1042 2.1797 -0.0400
0.0656 3.8546 -0.0400
0.0151 3.7979 -0.0400
0.9681 2.2973 -0.0400
0.9737 2.2418 -0.0400
0.9612 2.1959 -0.0400
0.9093 2.1679 -0.0400
-1.4760 1.4019 -0.0400
-1.4870 1.3172 -0.0400
-1.5097 1.2325 -0.0400
-0.0466 0.7619 -0.0400
-0.0013 0.7062 -0.0400
0.0021 0.6466 -0.0400
-1.4695 -0.8076 -0.0400
-1.4047 -0.8796 -0.0400
1.4539 -0.5047 -0.0400
1.5073 -0.5166 -0.0400
1.5485 -0.5376 -0.0400
1.5837 -0.5633 -0.0400
1.6075 -0.5992 -0.0400
1.6013 -0.6646 -0.0400
1.8037 -1.9321 -0.0400
1.8667 -1.9389 -0.0400
1.9148 -1.9748 -0.0400
1.9440 -2.0525 -0.0400
3.2077 -4.8421 -0.0400
3.3109 -4.8581 -0.0400
3.4774 -1.2799 -0.0400
3.5177 -1.2661 -0.0400
3.5588 -1.2669 -0.0400
3.6010 -1.2784 -0.0400
3.6416 -1.2704 -0.0400
3.6811 -1.2555 -0.0400
3.7222 -1.2527 -0.0400
3.7672 -1.2740 -0.0400
3.8136 -1.2972 -0.0400
3.8697 -1.3630 -0.0400
5.3428 -4.5115 -0.0400
5.4565 -4.5204 -0.0400
6.5923 -1.5843 -0.0400
6.6047 -1.5010 -0.0400
6.6482 -1.4434 -0.0400
6.7238 -1.4097 -0.0400
6.6626 0.1578 -0.0400
6.6264 0.2287 -0.0400
6.6197 0.2906 -0.0400
6.6429 0.3452 -0.0400
6.6903 0.3952 -0.0400
8.4608 0.5815 -0.0400
6.1237 1.1413 -0.0400
6.0599 1.1865 -0.0400
6.0319 1.2318 -0.0400
5.3373 3.2913 -0.0400
5.2687 3.2906 -0.0400
5.2000 3.2872 -0.0400
5.1500 3.3049 -0.0400
5.1104 3.3353 -0.0400
5.0606 3.3518 -0.0400
5.0115 3.3684 -0.0400
4.9877 3.4211 -0.0400
6.1715 6.0425 -0.0400
6.1252 6.1671 -0.0400
3.6259 4.1774 -0.0400
3.5703 4.1628 -0.0400
3.5163 4.1721 -0.0400
3.4621 4.1818 -0.0400
3.4073 4.1484 -0.0400
3.3532 4.1568 -0.0400
3.2982 4.1835 -0.0400
3.2404 4.2481 -0.0400
3.1843 4.2507 -0.0400
3.1246 4.2938 -0.0400
2.3770 2.0834 -0.0400
2.3525 2.0721 -0.0400
2.3248 2.0633 -0.0400
2.2700 2.0783 -0.0400
2.1134 2.1800 -0.0400
0.0716 3.8626 -0.0400
0.0234 3.8039 -0.0400
0.9692 2.3567 -0.0400
0.9882 2.2930 -0.0400
0.9812 2.2438 -0.0400
0.9605 2.2016 -0.0400
0.9245 2.1662 -0.0400
0.8541 2.1448 -0.0400
-1.4800 1.4065 -0.0400
-1.4890 1.3213 -0.0400
-1.5167 1.2367 -0.0400
-0.0016 0.7064 -0.0400
-0.0283 0.6430 -0.0400
-1.4501 -0.7995 -0.0400
-1.4255 -0.8875 -0.0400
1.4614 -0.5058 -0.0400
1.5241 -0.5098 -0.0400
1.5581 -0.5369 -0.0400
1.5837 -0.5712 -0.0400
1.6029 -0.6116 -0.0400
1.6143 -0.6603 -0.0400
1.7528 -1.9130 -0.0400
1.8191 -1.9149 -0.0400
1.8700 -1.9448 -0.0400
1.9205 -1.9758 -0.0400
1.9590 -2.0334 -0.0400
3.2091 -4.8344 -0.0400
3.4429 -1.2906 -0.0400
3.4833 -1.2712 -0.0400
3.5238 -1.2627 -0.0400
3.5648 -1.2639 -0.0400
3.6069 -1.2762 -0.0400
3.6467 -1.2624 -0.0400
3.6874 -1.2578 -0.0400
3.7294 -1.2623 -0.0400
3.7734 -1.2764 -0.0400
3.8306 -1.3594 -0.0400
3.8764 -1.3689 -0.0400
5.2515 -4.5668 -0.0400
5.3511 -4.5373 -0.0400
5.4616 -4.5368 -0.0400
6.5868 -1.5833 -0.0400
6.6020 -1.5025 -0.0400
6.6451 -1.4449 -0.0400
6.6993 0.0786 -0.0400
6.6241 0.1623 -0.0400
6.6091 0.2268 -0.0400
6.6136 0.2856 -0.0400
6.6335 0.3405 -0.0400
6.6718 0.3920 -0.0400
6.7511 0.4368 -0.0400
8.4598 0.5711 -0.0400
6.1159 1.1329 -0.0400
6.0561 1.1781 -0.0400
6.0291 1.2232 -0.0400
6.0132 1.2683 -0.0400
6.0167 1.3149 -0.0400
6.0290 1.3627 -0.0400
5.3246 3.2550 -0.0400
5.2792 3.2805 -0.0400
5.2165 3.2845 -0.0400
5.1624 3.2973 -0.0400
5.1221 3.3266 -0.0400
5.0636 3.3313 -0.0400
5.0206 3.3559 -0.0400
4.9887 3.3965 -0.0400
6.1879 6.0325 -0.0400
6.1175 6.1122 -0.0400
6.0553 6.2105 -0.0400
3.6429 4.2010 -0.0400
3.5856 4.1668 -0.0400
3.5321 4.1910 -0.0400
3.4766 4.1617 -0.0400
3.4222 4.1504 -0.0400
3.3680 4.1527 -0.0400
3.3133 4.1736 -0.0400
3.2555 4.2426 -0.0400
3.1992 4.2499 -0.0400
3.1397 4.2913 -0.0400
2.2729 2.0847 -0.0400
2.1162 2.1865 -0.0400
0.0785 3.8708 -0.0400
0.9797 2.3038 -0.0400
0.9792 2.2510 -0.0400
0.9543 2.2105 -0.0400
0.9042 2.1811 -0.0400
-1.4890 1.4119 -0.0400
-1.5026 1.3267 -0.0400
-0.0093 0.7065 -0.0400
-1.5612 -0.7419 -0.0400
-1.4528 -0.7993 -0.0400
-1.4407 -0.8925 -0.0400
1.4181 -0.4908 -0.0400
1.4767 -0.5001 -0.0400
1.5300 -0.5120 -0.0400
1.5624 -0.5405 -0.0400
1.5863 -0.5764 -0.0400
1.5883 -0.6330 -0.0400
1.5801 -0.7013 -0.0400
1.7562 -1.9181 -0.0400
1.8238 -1.9176 -0.0400
1.8730 -1.9510 -0.0400
1.9145 -2.0008 -0.0400
3.2105 -4.8354 -0.0400
3.4084 -1.3152 -0.0400
3.4493 -1.2824 -0.0400
3.4898 -1.2673 -0.0400
3.5303 -1.2625 -0.0400
3.5729 -1.2878 -0.0400
3.6126 -1.2693 -0.0400
3.6527 -1.2594 -0.0400
3.6934 -1.2557 -0.0400
3.7379 -1.2787 -0.0400
3.7845 -1.3081 -0.0400
3.8393 -1.3759 -0.0400
3.8924 -1.4209 -0.0400
5.2461 -4.5511 -0.0400
5.3490 -4.5323 -0.0400
6.5737 -1.5753 -0.0400
6.5978 -1.5022 -0.0400
6.6751 -1.4714 -0.0400
6.6453 0.1506 -0.0400
6.6164 0.2191 -0.0400
6.6130 0.2798 -0.0400
6.6437 0.3321 -0.0400
6.7002 0.3798 -0.0400
8.4576 0.4718 -0.0400
8.4857 0.5585 -0.0400
6.1264 1.1256 -0.0400
6.0573 1.1704 -0.0400
6.0177 1.2146 -0.0400
6.0131 1.2603 -0.0400
6.0182 1.3068 -0.0400
6.0330 1.3547 -0.0400
5.3353 3.2457 -0.0400
5.2895 3.2706 -0.0400
5.2298 3.2781 -0.0400
5.1699 3.2837 -0.0400
5.1341 3.3187 -0.0400
5.0777 3.3262 -0.0400
5.0316 3.3465 -0.0400
5.0151 3.4093 -0.0400
6.2037 6.0216 -0.0400
6.1580 6.1467 -0.0400
3.6563 4.1762 -0.0400
3.6006 4.1621 -0.0400
3.5466 4.1748 -0.0400
3.4920 4.1772 -0.0400
3.4372 4.1526 -0.0400
3.3829 4.1670 -0.0400
3.3273 4.2101 -0.0400
3.2704 4.2457 -0.0400
3.2143 4.2472 -0.0400
3.1559 4.2766 -0.0400
0.9930 2.3583 -0.0400
0.9980 2.3016 -0.0400
0.9858 2.2546 -0.0400
0.9612 2.2138 -0.0400
0.9207 2.1801 -0.0400
-1.5043 1.5051 -0.0400
-1.4804 1.4167 -0.0400
-1.4920 1.3314 -0.0400
-0.0103 0.7682 -0.0400
-0.0167 0.7071 -0.0400
-1.5104 -0.7215 -0.0400
-1.4483 -0.7959 -0.0400
1.4211 -0.4945 -0.0400
1.4940 -0.4924 -0.0400
1.5365 -0.5131 -0.0400
1.5639 -0.5460 -0.0400
1.5857 -0.5840 -0.0400
1.5832 -0.6451 -0.0400
1.7769 -1.8916 -0.0400
1.8284 -1.9203 -0.0400
1.8780 -1.9531 -0.0400
1.9210 -1.9997 -0.0400
3.4151 -1.3077 -0.0400
3.4560 -1.2782 -0.0400
3.4964 -1.2655 -0.0400
3.5377 -1.2757 -0.0400
3.5790 -1.2801 -0.0400
3.6189 -1.2657 -0.0400
3.6592 -1.2591 -0.0400
3.7021 -1.2740 -0.0400
3.7465 -1.2941 -0.0400
3.7993 -1.3613 -0.0400
3.8441 -1.3683 -0.0400
5.2470 -4.5536 -0.0400
5.3578 -4.5580 -0.0400
6.5592 -1.5655 -0.0400
6.5942 -1.5016 -0.0400
6.6931 -1.4879 -0.0400
6.6652 0.0782 -0.0400
6.6128 0.1547 -0.0400
6.6016 0.2178 -0.0400
6.6088 0.2754 -0.0400
6.6317 0.3293 -0.0400
6.6743 0.3794 -0.0400
8.4601 0.5516 -0.0400
6.0334 1.1622 -0.0400
6.0181 1.2073 -0.0400
6.0125 1.2527 -0.0400
6.0173 1.2990 -0.0400
6.0771 1.3517 -0.0400
5.3645 3.2576 -0.0400
5.2995 3.2608 -0.0400
5.2385 3.2666 -0.0400
5.1804 3.2742 -0.0400
5.1442 3.3085 -0.0400
5.0905 3.3196 -0.0400
5.0453 3.3411 -0.0400
5.0189 3.3895 -0.0400
6.3167 5.9798 -0.0400
6.2173 6.0073 -0.0400
6.1638 6.1174 -0.0400
6.0959 6.2052 -0.0400
3.7248 4.2099 -0.0400
3.6656 4.1649 -0.0400
3.6123 4.1876 -0.0400
3.5562 4.1612 -0.0400
3.5015 4.1516 -0.0400
3.4473 4.1579 -0.0400
3.3928 4.1878 -0.0400
3.3362 4.2547 -0.0400
3.2795 4.2680 -0.0400
1.9448 4.7894 -0.0400
1.9047 4.7026 -0.0400
1.0048 2.4124 -0.0400
1.0143 2.3521 -0.0400
1.0043 2.3035 -0.0400
0.9678 2.2685 -0.0400
0.9049 2.2453 -0.0400
-1.4788 1.5068 -0.0400
-0.0199 0.8292 -0.0400
-0.0282 0.7680 -0.0400
-1.5434 -0.6344 -0.0400
-1.4856 -0.7111 -0.0400
1.3416 -0.4464 -0.0400
1.4324 -0.4344 -0.0400
1.4789 -0.4533 -0.0400
1.5108 -0.4828 -0.0400
1.5362 -0.5176 -0.0400
1.5483 -0.5639 -0.0400
1.5288 -0.6395 -0.0400
1.6666 -1.8524 -0.0400
1.7285 -1.8642 -0.0400
1.7785 -1.8957 -0.0400
1.8280 -1.9285 -0.0400
3.0054 -4.8496 -0.0400
3.1089 -4.8533 -0.0400
3.3785 -1.3040 -0.0400
3.4197 -1.2655 -0.0400
3.4604 -1.2672 -0.0400
3.5015 -1.2804 -0.0400
3.5424 -1.2787 -0.0400
3.5825 -1.2665 -0.0400
3.6236 -1.2681 -0.0400
3.6664 -1.2856 -0.0400
3.7121 -1.3197 -0.0400
3.7615 -1.3700 -0.0400
5.1491 -4.5857 -0.0400
6.5002 -1.6102 -0.0400
6.5474 -1.5567 -0.0400
6.6149 -1.5195 -0.0400
6.5728 0.1031 -0.0400
6.5750 0.1623 -0.0400
6.5930 0.2169 -0.0400
6.6275 0.2676 -0.0400
6.6921 0.3122 -0.0400
8.4315 0.3706 -0.0400
6.0762 1.0664 -0.0400
6.0369 1.1121 -0.0400
6.0178 1.1572 -0.0400
6.0112 1.2024 -0.0400
6.0329 1.2495 -0.0400
6.0702 1.2990 -0.0400
5.3951 3.2012 -0.0400
5.3449 3.2216 -0.0400
5.2767 3.2200 -0.0400
5.2268 3.2380 -0.0400
5.1893 3.2705 -0.0400
5.1352 3.2816 -0.0400
5.0908 3.3043 -0.0400
5.0634 3.3503 -0.0400
6.4193 5.9319 -0.0400
6.3112 5.9459 -0.0400
6.2742 6.0821 -0.0400
3.5770 4.1698 -0.0400
3.5228 4.1833 -0.0400
3.4676 4.1542 -0.0400
3.4133 4.1682 -0.0400
3.3576 4.2142 -0.0400
3.3008 4.2480 -0.0400
3.2445 4.2520 -0.0400
3.1848 4.2967 -0.0400
1.9128 4.7355 -0.0400
1.8588 4.6848 -0.0400
1.7960 4.6555 -0.0400
1.7238 4.6462 -0.0400
0.9836 2.3803 -0.0400
0.9965 2.3186 -0.0400
0.9898 2.2683 -0.0400
0.9577 2.2306 -0.0400
0.9055 2.2016 -0.0400
-1.4868 1.5165 -0.0400
-1.4917 1.4301 -0.0400
-1.5178 1.3450 -0.0400
-0.0161 0.7724 -0.0400
-1.4878 -0.7082 -0.0400
-1.4754 -0.8013 -0.0400
1.3933 -0.4702 -0.0400
1.4655 -0.4707 -0.0400
1.5143 -0.4874 -0.0400
1.5423 -0.5202 -0.0400
1.5595 -0.5621 -0.0400
1.5595 -0.6202 -0.0400
1.6531 -1.8873 -0.0400
1.7293 -1.8759 -0.0400
1.7871 -1.8941 -0.0400
1.8353 -1.9293 -0.0400
1.8712 -1.9889 -0.0400
3.1124 -4.8324 -0.0400
3.3878 -1.3059 -0.0400
3.4291 -1.2771 -0.0400
3.4697 -1.2656 -0.0400
3.5104 -1.2672 -0.0400
3.5518 -1.2809 -0.0400
3.5918 -1.2663 -0.0400
3.6323 -1.2627 -0.0400
3.6737 -1.2676 -0.0400
3.7170 -1.2862 -0.0400
3.7645 -1.3280 -0.0400
3.8182 -1.3989 -0.0400
5.1535 -4.5969 -0.0400
5.2545 -4.5734 -0.0400
6.5748 -1.6760 -0.0400
6.5476 -1.5581 -0.0400
6.6098 -1.5170 -0.0400
6.6313 0.0803 -0.0400
6.5992 0.1502 -0.0400
6.5943 0.2111 -0.0400
6.6054 0.2673 -0.0400
6.6666 0.3120 -0.0400
8.4669 0.4446 -0.0400
8.4653 0.5340 -0.0400
6.1066 1.1056 -0.0400
6.0252 1.1493 -0.0400
6.0147 1.1942 -0.0400
6.0149 1.2396 -0.0400
6.0263 1.2861 -0.0400
6.0559 1.3351 -0.0400
5.3762 3.2298 -0.0400
5.3187 3.2413 -0.0400
5.2608 3.2507 -0.0400
5.2009 3.2560 -0.0400
5.1616 3.2859 -0.0400
5.1078 3.2965 -0.0400
5.0640 3.3194 -0.0400
5.0404 3.3712 -0.0400
6.3524 5.9668 -0.0400
6.2583 6.0037 -0.0400
6.2059 6.1157 -0.0400
3.3795 4.1533 -0.0400
3.3242 4.1778 -0.0400
3.2650 4.2537 -0.0400
3.2080 4.2632 -0.0400
1.8560 4.7430 -0.0400
1.8169 4.6587 -0.0400
1.7537 4.6301 -0.0400
1.6644 4.6544 -0.0400
0.9720 2.3436 -0.0400
0.9952 2.2774 -0.0400
0.9757 2.2335 -0.0400
0.9453 2.1947 -0.0400
0.8976 2.1629 -0.0400
-1.4784 1.4387 -0.0400
-1.4882 1.3526 -0.0400
-0.0219 0.7764 -0.0400
-0.0083 0.7165 -0.0400
-1.4719 -0.7955 -0.0400
1.4556 -0.4844 -0.0400
1.5100 -0.4973 -0.0400
1.5473 -0.5228 -0.0400
1.5742 -0.5566 -0.0400
1.5920 -0.5986 -0.0400
1.5693 -0.6786 -0.0400
1.7926 -1.8972 -0.0400
1.8453 -1.9241 -0.0400
1.8897 -1.9671 -0.0400
3.2180 -4.8342 -0.0400
3.4385 -1.3106 -0.0400
3.4793 -1.2661 -0.0400
3.5199 -1.2670 -0.0400
3.5612 -1.2806 -0.0400
3.6018 -1.2758 -0.0400
3.6417 -1.2631 -0.0400
3.6821 -1.2589 -0.0400
3.7237 -1.2643 -0.0400
3.7759 -1.3447 -0.0400
3.8228 -1.3708 -0.0400
3.8718 -1.4028 -0.0400
5.2521 -4.5620 -0.0400
5.3624 -4.5656 -0.0400
6.5820 -1.5872 -0.0400
6.5924 -1.5033 -0.0400
6.6611 -1.4670 -0.0400
6.6092 0.1431 -0.0400
6.5992 0.2054 -0.0400
6.6060 0.2626 -0.0400
6.6268 0.3162 -0.0400
6.6650 0.3665 -0.0400
6.7429 0.4099 -0.0400
8.4544 0.5250 -0.0400
6.0669 1.1437 -0.0400
6.0326 1.1878 -0.0400
6.0166 1.2321 -0.0400
6.0117 1.2769 -0.0400
6.0450 1.3257 -0.0400
6.1140 1.3802 -0.0400
8.0133 2.8104 -0.0400
7.9757 2.8876 -0.0400
5.1771 3.2769 -0.0400
5.1395 3.3090 -0.0400
5.0887 3.3230 -0.0400
5.0397 3.3385 -0.0400
5.0053 3.3747 -0.0400
6.2758 5.9850 -0.0400
6.1946 6.0439 -0.0400
6.1384 6.1511 -0.0400
3.2754 4.2524 -0.0400
3.2165 4.2873 -0.0400
1.9342 4.7653 -0.0400
1.8846 4.7028 -0.0400
1.8233 4.6695 -0.0400
1.7489 4.6645 -0.0400
1.0170 2.3266 -0.0400
0.9952 2.2837 -0.0400
0.9632 2.2456 -0.0400
-1.4811 1.5312 -0.0400
-1.4880 1.4447 -0.0400
-0.0557 0.8381 -0.0400
-0.0564 0.7763 -0.0400
-1.4989 -0.7047 -0.0400
1.4354 -0.4470 -0.0400
1.4863 -0.4635 -0.0400
1.5193 -0.4927 -0.0400
1.5404 -0.5315 -0.0400
1.5488 -0.5816 -0.0400
1.5098 -0.6748 -0.0400
1.6762 -1.8662 -0.0400
1.7448 -1.8674 -0.0400
1.7913 -1.9055 -0.0400
1.8425 -1.9357 -0.0400
3.0122 -4.8375 -0.0400
3.3605 -1.3140 -0.0400
3.4027 -1.2796 -0.0400
3.4435 -1.2665 -0.0400
3.4841 -1.2668 -0.0400
3.5251 -1.2798 -0.0400
3.5654 -1.2681 -0.0400
3.6059 -1.2648 -0.0400
3.6472 -1.2714 -0.0400
3.6902 -1.2917 -0.0400
3.7387 -1.3514 -0.0400
3.7848 -1.3763 -0.0400
3.8337 -1.4120 -0.0400
5.1547 -4.5937 -0.0400
5.2664 -4.6041 -0.0400
6.5080 -1.6173 -0.0400
6.5459 -1.5565 -0.0400
6.6397 -1.5416 -0.0400
6.6467 0.0083 -0.0400
6.5940 0.0860 -0.0400
6.5824 0.1492 -0.0400
6.5870 0.2069 -0.0400
6.6250 0.2559 -0.0400
6.6859 0.3004 -0.0400
8.4682 0.4300 -0.0400
6.0418 1.0943 -0.0400
6.0206 1.1389 -0.0400
6.0128 1.1834 -0.0400
6.0165 1.2286 -0.0400
6.0319 1.2751 -0.0400
6.0738 1.3250 -0.0400
8.0369 2.7197 -0.0400
8.0101 2.8008 -0.0400
5.0843 3.3019 -0.0400
5.0595 3.3513 -0.0400
6.3581 5.9054 -0.0400
6.2745 5.9586 -0.0400
6.2385 6.0984 -0.0400
1.9484 4.7727 -0.0400
1.8992 4.7089 -0.0400
1.8366 4.6783 -0.0400
1.7590 4.6797 -0.0400
2.6413 2.2191 -0.0400
-1.4978 1.6292 -0.0400
-1.4769 1.5393 -0.0400
-1.4925 1.4533 -0.0400
-0.0249 0.8445 -0.0400
-0.0286 0.7829 -0.0400
-1.6498 -0.6533 -0.0400
-1.5201 -0.7077 -0.0400
1.3669 -0.4449 -0.0400
1.4506 -0.4391 -0.0400
1.4926 -0.4622 -0.0400
1.5203 -0.4957 -0.0400
1.5387 -0.5369 -0.0400
1.5386 -0.5945 -0.0400
1.6951 -1.8430 -0.0400
1.7488 -1.8688 -0.0400
1.7947 -1.9082 -0.0400
1.8376 -1.9539 -0.0400
3.0126 -4.8566 -0.0400
3.1174 -4.8407 -0.0400
3.3690 -1.2810 -0.0400
3.4102 -1.2666 -0.0400
3.4508 -1.2662 -0.0400
3.4914 -1.2780 -0.0400
3.5323 -1.2812 -0.0400
3.5726 -1.2683 -0.0400
3.6130 -1.2643 -0.0400
3.6542 -1.2697 -0.0400
3.7027 -1.3464 -0.0400
3.7491 -1.3798 -0.0400
3.7969 -1.4146 -0.0400
5.1566 -4.5952 -0.0400
6.5021 -1.7064 -0.0400
6.5025 -1.6113 -0.0400
6.5477 -1.5570 -0.0400
6.6442 -1.5446 -0.0400
6.6422 0.0079 -0.0400
6.5929 0.0844 -0.0400
6.5703 0.1506 -0.0400
6.5880 0.2044 -0.0400
6.6190 0.2550 -0.0400
6.6718 0.3011 -0.0400
8.4403 0.4271 -0.0400
6.0557 1.0904 -0.0400
6.0263 1.1348 -0.0400
6.0133 1.1790 -0.0400
6.0249 1.2245 -0.0400
6.0534 1.2720 -0.0400
8.0405 2.7093 -0.0400
6.3784 5.9047 -0.0400
6.2939 5.9565 -0.0400
6.2473 6.0770 -0.0400
3.7338 4.1794 -0.0400
3.6774 4.1592 -0.0400
1.9581 4.7918 -0.0400
1.9181 4.7055 -0.0400
1.8512 4.6846 -0.0400
1.7734 4.6865 -0.0400
2.6419 2.2377 -0.0400
2.6425 2.1938 -0.0400
2.6281 2.1719 -0.0400
2.6141 2.1498 -0.0400
-1.4757 1.5482 -0.0400
-0.0454 0.9103 -0.0400
-0.0236 0.8498 -0.0400
-1.5379 -0.6107 -0.0400
-1.5210 -0.7028 -0.0400
1.3828 -0.4360 -0.0400
1.4565 -0.4375 -0.0400
1.4943 -0.4638 -0.0400
1.5198 -0.4993 -0.0400
1.5301 -0.5475 -0.0400
1.4986 -0.6321 -0.0400
1.6280 -1.8446 -0.0400
1.7006 -1.8413 -0.0400
1.7514 -1.8721 -0.0400
1.7973 -1.9116 -0.0400
3.0170 -4.8222 -0.0400
3.3325 -1.3255 -0.0400
3.3760 -1.2831 -0.0400
3.4174 -1.2676 -0.0400
3.4580 -1.2658 -0.0400
3.4987 -1.2834 -0.0400
3.5392 -1.2701 -0.0400
3.5797 -1.2660 -0.0400
3.6206 -1.2704 -0.0400
3.6631 -1.2902 -0.0400
3.7086 -1.3336 -0.0400
3.7558 -1.3769 -0.0400
3.8029 -1.4071 -0.0400
5.0593 -4.6245 -0.0400
5.1708 -4.6377 -0.0400
6.4924 -1.6957 -0.0400
6.4977 -1.6053 -0.0400
6.5587 -1.5647 -0.0400
6.6204 0.0138 -0.0400
6.5621 0.0926 -0.0400
6.5686 0.1496 -0.0400
6.5867 0.2031 -0.0400
6.6170 0.2536 -0.0400
8.4225 0.3354 -0.0400
6.0754 1.0416 -0.0400
6.0357 1.0865 -0.0400
6.0170 1.1308 -0.0400
6.0111 1.1750 -0.0400
6.0168 1.2199 -0.0400
6.0353 1.2662 -0.0400
6.0861 1.3165 -0.0400
8.0462 2.7002 -0.0400
6.3018 5.9352 -0.0400
6.2729 6.0864 -0.0400
3.6933 4.1669 -0.0400
3.6391 4.1772 -0.0400
3.5839 4.1668 -0.0400
3.5291 4.1523 -0.0400
2.0251 4.8601 -0.0400
1.9882 4.7610 -0.0400
1.9322 4.7138 -0.0400
1.8672 4.6885 -0.0400
1.7918 4.6854 -0.0400
2.6532 2.2416 -0.0400
2.6456 2.2088 -0.0400
2.6377 2.1778 -0.0400
2.6213 2.1586 -0.0400
2.6028 2.1425 -0.0400
2.5818 2.1293 -0.0400
2.5536 2.1242 -0.0400
-1.4723 1.6454 -0.0400
-1.4830 1.5586 -0.0400
-1.5192 1.4739 -0.0400
-0.0250 0.8554 -0.0400
-0.0399 0.7926 -0.0400
-1.5535 -0.6100 -0.0400
-1.5157 -0.6952 -0.0400
1.3507 -0.4050 -0.0400
1.4139 -0.4157 -0.0400
1.4571 -0.4391 -0.0400
1.4947 -0.4659 -0.0400
1.5189 -0.5026 -0.0400
1.5234 -0.5557 -0.0400
1.6471 -1.8208 -0.0400
1.7038 -1.8427 -0.0400
1.7512 -1.8794 -0.0400
1.7960 -1.9213 -0.0400
3.0188 -4.8210 -0.0400
3.3422 -1.2818 -0.0400
3.3839 -1.2668 -0.0400
3.4246 -1.2650 -0.0400
3.4650 -1.2755 -0.0400
3.5058 -1.2850 -0.0400
3.5464 -1.2704 -0.0400
3.5869 -1.2656 -0.0400
3.6290 -1.2901 -0.0400
3.6734 -1.3303 -0.0400
3.7200 -1.3783 -0.0400
3.7659 -1.4039 -0.0400
5.0612 -4.6251 -0.0400
5.1707 -4.6317 -0.0400
6.4718 -1.6744 -0.0400
6.4986 -1.6038 -0.0400
6.5621 -1.5655 -0.0400
6.5932 0.0222 -0.0400
6.5567 0.0936 -0.0400
6.5669 0.1492 -0.0400
6.5872 0.2019 -0.0400
6.6574 0.2420 -0.0400
8.4212 0.3306 -0.0400
8.4761 0.4115 -0.0400
6.1028 1.0386 -0.0400
6.0455 1.0837 -0.0400
6.0126 1.1275 -0.0400
6.0137 1.1718 -0.0400
6.0267 1.2170 -0.0400
6.0596 1.2644 -0.0400
8.0473 2.6900 -0.0400
3.7649 4.1837 -0.0400
3.7079 4.1581 -0.0400
3.6536 4.1623 -0.0400
3.6001 4.1909 -0.0400
3.5445 4.1574 -0.0400
3.4901 4.1637 -0.0400
3.4350 4.2052 -0.0400
3.3781 4.2531 -0.0400
1.9959 4.7859 -0.0400
1.9450 4.7254 -0.0400
1.8754 4.7103 -0.0400
1.7834 4.7421 -0.0400
2.6541 2.2170 -0.0400
2.6415 2.1919 -0.0400
2.6301 2.1660 -0.0400
2.6116 2.1496 -0.0400
2.5890 2.1382 -0.0400
2.5654 2.1276 -0.0400
2.5264 2.1337 -0.0400
2.4834 2.1426 -0.0400
2.4434 2.1466 -0.0400
-1.4786 1.6566 -0.0400
-1.4780 1.5683 -0.0400
-0.0391 0.9230 -0.0400
-0.0290 0.8615 -0.0400
-1.6473 -0.5351 -0.0400
-1.5410 -0.5994 -0.0400
1.4269 -0.4078 -0.0400
1.4642 -0.4354 -0.0400
1.4927 -0.4692 -0.0400
1.5111 -0.5108 -0.0400
1.5227 -0.5584 -0.0400
1.5807 -1.8178 -0.0400
1.6545 -1.8147 -0.0400
1.7063 -1.8444 -0.0400
1.7529 -1.8827 -0.0400
1.7783 -1.9588 -0.0400
2.9175 -4.8127 -0.0400
3.3054 -1.3153 -0.0400
3.3493 -1.2804 -0.0400
3.3909 -1.2665 -0.0400
3.4316 -1.2652 -0.0400
3.4720 -1.2853 -0.0400
3.5128 -1.2710 -0.0400
3.5534 -1.2667 -0.0400
3.5942 -1.2693 -0.0400
3.6361 -1.2877 -0.0400
3.6800 -1.3245 -0.0400
3.7268 -1.3759 -0.0400
4.9650 -4.6579 -0.0400
5.0725 -4.6594 -0.0400
6.4650 -1.7623 -0.0400
6.4559 -1.6569 -0.0400
6.5081 -1.6093 -0.0400
6.5760 -1.5748 -0.0400
6.5928 -0.0383 -0.0400
6.5671 0.0308 -0.0400
6.5618 0.0918 -0.0400
6.5665 0.1490 -0.0400
6.5911 0.2003 -0.0400
6.6741 0.2369 -0.0400
8.4197 0.3264 -0.0400
6.0557 1.0367 -0.0400
6.0264 1.0811 -0.0400
6.0130 1.1250 -0.0400
6.0101 1.1689 -0.0400
6.0187 1.2136 -0.0400
6.1115 1.2654 -0.0400
8.0728 2.6891 -0.0400
3.7844 4.2311 -0.0400
3.7236 4.1647 -0.0400
3.6693 4.1711 -0.0400
3.6145 4.1699 -0.0400
3.5596 4.1509 -0.0400
3.5054 4.1525 -0.0400
3.4508 4.1730 -0.0400
3.3935 4.2561 -0.0400
3.3369 4.2661 -0.0400
2.0606 4.8603 -0.0400
2.0199 4.7704 -0.0400
1.9625 4.7263 -0.0400
1.8953 4.7059 -0.0400
1.8144 4.7146 -0.0400
2.6601 2.2290 -0.0400
2.6493 2.2011 -0.0400
2.6351 2.1786 -0.0400
2.6202 2.1574 -0.0400
2.6000 2.1430 -0.0400
2.5724 2.1370 -0.0400
2.5442 2.1310 -0.0400
2.4708 2.1728 -0.0400
2.4517 2.1542 -0.0400
2.4267 2.1415 -0.0400
2.4021 2.1280 -0.0400
2.3626 2.1281 -0.0400
-1.4817 1.6680 -0.0400
-1.4789 1.5792 -0.0400
-0.0659 0.9291 -0.0400
-0.0265 0.8685 -0.0400
-1.5445 -0.5934 -0.0400
1.3425 -0.4118 -0.0400
1.4325 -0.4044 -0.0400
1.4667 -0.4344 -0.0400
1.4941 -0.4692 -0.0400
1.5011 -0.5199 -0.0400
1.5007 -0.5779 -0.0400
1.5869 -1.8128 -0.0400
1.6580 -1.8140 -0.0400
1.7090 -1.8452 -0.0400
1.7515 -1.8906 -0.0400
2.9191 -4.8106 -0.0400
3.3130 -1.3050 -0.0400
3.3564 -1.2767 -0.0400
3.3979 -1.2643 -0.0400
3.4382 -1.2761 -0.0400
3.4790 -1.2834 -0.0400
3.5198 -1.2705 -0.0400
3.5605 -1.2664 -0.0400
3.6021 -1.2887 -0.0400
3.6452 -1.3242 -0.0400
3.6911 -1.3780 -0.0400
3.7360 -1.3991 -0.0400
4.9755 -4.6917 -0.0400
5.0687 -4.6390 -0.0400
6.4343 -1.7295 -0.0400
6.4544 -1.6519 -0.0400
6.5078 -1.6056 -0.0400
6.5919 -0.0374 -0.0400
6.5456 0.0385 -0.0400
6.5513 0.0954 -0.0400
6.5703 0.1481 -0.0400
6.6016 0.1974 -0.0400
6.6474 0.2436 -0.0400
8.4581 0.3167 -0.0400
6.0633 1.0349 -0.0400
6.0146 1.0792 -0.0400
6.0098 1.1230 -0.0400
6.0157 1.1670 -0.0400
6.0327 1.2121 -0.0400
6.0752 1.2599 -0.0400
8.0821 2.5934 -0.0400
8.0559 2.6737 -0.0400
3.7940 4.1711 -0.0400
3.7378 4.1536 -0.0400
3.6837 4.1600 -0.0400
3.6303 4.1871 -0.0400
3.5748 4.1561 -0.0400
3.5206 4.1594 -0.0400
3.4658 4.1948 -0.0400
3.4089 4.2551 -0.0400
3.3529 4.2535 -0.0400
3.2949 4.2816 -0.0400
2.0254 4.8015 -0.0400
1.9752 4.7388 -0.0400
1.9042 4.7269 -0.0400
1.8035 4.7778 -0.0400
2.6639 2.2445 -0.0400
2.6556 2.2129 -0.0400
2.6425 2.1886 -0.0400
2.6291 2.1654 -0.0400
2.6090 2.1506 -0.0400
2.5871 2.1379 -0.0400
2.5526 2.1391 -0.0400
2.5177 2.1395 -0.0400
2.4589 2.1635 -0.0400
2.4374 2.1471 -0.0400
2.4059 2.1403 -0.0400
2.3764 2.1307 -0.0400
2.3199 2.1449 -0.0400
2.1434 2.2617 -0.0400
-1.4630 1.6772 -0.0400
-1.4779 1.5904 -0.0400
-0.0326 0.9379 -0.0400
-0.0409 0.8752 -0.0400
-1.5981 -0.5047 -0.0400
-1.5557 -0.5894 -0.0400
1.3916 -0.3782 -0.0400
1.4344 -0.4031 -0.0400
1.4668 -0.4346 -0.0400
1.4920 -0.4712 -0.0400
1.4901 -0.5291 -0.0400
1.4695 -0.6039 -0.0400
1.5985 -1.7990 -0.0400
1.6604 -1.8142 -0.0400
1.7058 -1.8547 -0.0400
1.7512 -1.8957 -0.0400
2.8117 -4.8486 -0.0400
2.9205 -4.8083 -0.0400
3.3207 -1.2914 -0.0400
3.3640 -1.2621 -0.0400
3.4045 -1.2664 -0.0400
3.4449 -1.2802 -0.0400
3.4858 -1.2804 -0.0400
3.5267 -1.2667 -0.0400
3.5675 -1.2707 -0.0400
3.6090 -1.2897 -0.0400
3.6522 -1.3253 -0.0400
3.6980 -1.3775 -0.0400
4.9671 -4.6512 -0.0400
5.0791 -4.6701 -0.0400
6.4301 -1.7213 -0.0400
6.4567 -1.6500 -0.0400
6.5163 -1.6094 -0.0400
6.5720 -0.0292 -0.0400
6.5417 0.0408 -0.0400
6.5497 0.0969 -0.0400
6.5694 0.1491 -0.0400
6.6260 0.1911 -0.0400
6.6985 0.2306 -0.0400
8.4293 0.2295 -0.0400
6.0648 0.9892 -0.0400
6.0315 1.0341 -0.0400
6.0145 1.0780 -0.0400
6.0087 1.1215 -0.0400
6.0124 1.1653 -0.0400
6.0617 1.2121 -0.0400
8.0815 2.5847 -0.0400
3.8097 4.1798 -0.0400
3.7527 4.1538 -0.0400
3.6983 4.1548 -0.0400
3.6443 4.1613 -0.0400
3.5896 4.1483 -0.0400
3.5356 4.1511 -0.0400
3.4812 4.1716 -0.0400
3.4246 4.2423 -0.0400
3.3678 4.2631 -0.0400
1.9261 4.7184 -0.0400
1.8457 4.7262 -0.0400
2.6614 2.2691 -0.0400
2.6593 2.2285 -0.0400
2.6543 2.1933 -0.0400
2.6377 2.1740 -0.0400
2.6185 2.1580 -0.0400
2.5970 2.1448 -0.0400
2.5637 2.1446 -0.0400
2.5294 2.1443 -0.0400
2.4671 2.1721 -0.0400
2.4450 2.1562 -0.0400
2.4204 2.1425 -0.0400
2.3806 2.1428 -0.0400
2.3436 2.1391 -0.0400
-1.4663 1.6897 -0.0400
-1.4824 1.6028 -0.0400
-0.0380 0.9459 -0.0400
-0.0342 0.8836 -0.0400
-1.5784 -0.4903 -0.0400
1.3212 -0.3691 -0.0400
1.3903 -0.3781 -0.0400
1.4337 -0.4029 -0.0400
1.4658 -0.4348 -0.0400
1.4792 -0.4806 -0.0400
1.4824 -0.5351 -0.0400
1.5277 -1.7974 -0.0400
1.5998 -1.7998 -0.0400
1.6609 -1.8165 -0.0400
1.7068 -1.8565 -0.0400
1.7416 -1.9154 -0.0400
2.8166 -4.8153 -0.0400
3.2841 -1.3049 -0.0400
3.3295 -1.2630 -0.0400
3.3706 -1.2612 -0.0400
3.4109 -1.2700 -0.0400
3.4512 -1.2889 -0.0400
3.4927 -1.2672 -0.0400
3.5335 -1.2666 -0.0400
3.5743 -1.2735 -0.0400
3.6160 -1.2931 -0.0400
3.6621 -1.3811 -0.0400
3.7066 -1.4032 -0.0400
4.9691 -4.6516 -0.0400
6.3878 -1.7738 -0.0400
6.4143 -1.7016 -0.0400
6.4587 -1.6474 -0.0400
6.5728 -1.6557 -0.0400
6.5460 -0.0183 -0.0400
6.5345 0.0448 -0.0400
6.5471 0.0991 -0.0400
6.5726 0.1493 -0.0400
6.6333 0.1900 -0.0400
6.7133 0.2274 -0.0400
8.3976 0.2322 -0.0400
8.4288 0.3149 -0.0400
6.0596 0.9890 -0.0400
6.0294 1.0337 -0.0400
6.0134 1.0773 -0.0400
6.0121 1.1208 -0.0400
6.0247 1.1648 -0.0400
6.0538 1.2103 -0.0400
8.0801 2.5764 -0.0400
8.0661 2.6604 -0.0400
3.8244 4.1807 -0.0400
3.7673 4.1531 -0.0400
3.7138 4.1668 -0.0400
3.6593 4.1668 -0.0400
3.6044 4.1469 -0.0400
3.5504 4.1481 -0.0400
3.4958 4.2023 -0.0400
3.4394 4.2533 -0.0400
3.3834 4.2544 -0.0400
3.3256 4.2830 -0.0400
2.6970 2.2781 -0.0400
2.6900 2.2437 -0.0400
2.6768 2.2188 -0.0400
2.6614 2.1975 -0.0400
2.6434 2.1799 -0.0400
2.6190 2.1702 -0.0400
2.5921 2.1629 -0.0400
2.5596 2.1613 -0.0400
2.5109 2.1763 -0.0400
2.4689 2.1819 -0.0400
2.4443 2.1684 -0.0400
2.4165 2.1575 -0.0400
2.3652 2.1682 -0.0400
2.2924 2.1965 -0.0400
-0.0464 1.0141 -0.0400
-1.6237 -0.3999 -0.0400
-1.6047 -0.4923 -0.0400
1.2731 -0.3435 -0.0400
1.3571 -0.3447 -0.0400
1.4104 -0.3636 -0.0400
1.4340 -0.4018 -0.0400
1.4485 -0.4467 -0.0400
1.4492 -0.5025 -0.0400
1.4896 -1.7469 -0.0400
1.5538 -1.7614 -0.0400
1.6055 -1.7927 -0.0400
1.6498 -1.8353 -0.0400
1.6848 -1.8935 -0.0400
3.2041 -1.3044 -0.0400
3.2497 -1.2760 -0.0400
3.2925 -1.2639 -0.0400
3.3337 -1.2629 -0.0400
3.3738 -1.2761 -0.0400
3.4152 -1.2689 -0.0400
3.4562 -1.2663 -0.0400
3.4970 -1.2692 -0.0400
3.5379 -1.2815 -0.0400
3.5803 -1.3570 -0.0400
3.6238 -1.3878 -0.0400
3.6682 -1.4137 -0.0400
4.7720 -4.7107 -0.0400
4.8762 -4.7023 -0.0400
6.3643 -1.8472 -0.0400
6.3621 -1.7449 -0.0400
6.4191 -1.7029 -0.0400
6.5594 -0.1427 -0.0400
6.5165 -0.0655 -0.0400
6.5119 -0.0046 -0.0400
6.5273 0.0486 -0.0400
6.5642 0.0948 -0.0400
6.6431 0.1292 -0.0400
8.3839 0.1455 -0.0400
6.0978 0.8980 -0.0400
6.0428 0.9456 -0.0400
6.0193 0.9903 -0.0400
6.0036 1.0340 -0.0400
6.0091 1.0772 -0.0400
6.0224 1.1208 -0.0400
6.0517 1.1655 -0.0400
8.1588 2.4200 -0.0400
8.1059 2.4918 -0.0400
5.4810 3.1088 -0.0400
3.8874 4.1647 -0.0400
3.8306 4.1438 -0.0400
3.7775 4.1592 -0.0400
3.7232 4.1627 -0.0400
3.6680 4.1436 -0.0400
3.6143 4.1541 -0.0400
3.5605 4.1858 -0.0400
3.5052 4.2549 -0.0400
3.4495 4.2508 -0.0400
2.6900 2.2653 -0.0400
2.6816 2.2334 -0.0400
2.6717 2.2046 -0.0400
2.6528 2.1881 -0.0400
2.6309 2.1753 -0.0400
2.6062 2.1654 -0.0400
2.5764 2.1609 -0.0400
2.4997 2.2066 -0.0400
2.4783 2.1898 -0.0400
2.4545 2.1754 -0.0400
2.4275 2.1638 -0.0400
2.3769 2.1739 -0.0400
2.3169 2.1906 -0.0400
-0.0409 1.0235 -0.0400
-1.7195 -0.3184 -0.0400
-1.6156 -0.3880 -0.0400
1.3218 -0.3107 -0.0400
1.3726 -0.3325 -0.0400
1.4079 -0.3633 -0.0400
1.4332 -0.4006 -0.0400
1.4491 -0.4446 -0.0400
1.4914 -1.7452 -0.0400
1.5551 -1.7605 -0.0400
1.6026 -1.7984 -0.0400
1.6428 -1.8477 -0.0400
2.6090 -4.8050 -0.0400
3.2106 -1.2987 -0.0400
3.2576 -1.2597 -0.0400
3.2991 -1.2573 -0.0400
3.3390 -1.2711 -0.0400
3.3794 -1.2827 -0.0400
3.4213 -1.2709 -0.0400
3.4625 -1.2662 -0.0400
3.5033 -1.2730 -0.0400
3.5442 -1.3225 -0.0400
3.5871 -1.3811 -0.0400
3.6304 -1.3946 -0.0400
3.6756 -1.4334 -0.0400
4.7779 -4.7301 -0.0400
6.3184 -1.7944 -0.0400
6.3659 -1.7432 -0.0400
6.4341 -1.7122 -0.0400
6.5157 -0.1225 -0.0400
6.5023 -0.0575 -0.0400
6.5084 -0.0008 -0.0400
6.5297 0.0502 -0.0400
6.5694 0.0954 -0.0400
6.6494 0.1292 -0.0400
8.4076 0.0508 -0.0400
8.3871 0.1432 -0.0400
6.0279 0.9471 -0.0400
6.0119 0.9911 -0.0400
6.0032 1.0344 -0.0400
6.0106 1.0774 -0.0400
6.0262 1.1209 -0.0400
8.1018 2.4839 -0.0400
5.4840 3.0994 -0.0400
5.4234 3.1062 -0.0400
5.3687 3.1177 -0.0400
5.3248 3.1403 -0.0400
3.9068 4.2100 -0.0400
3.8443 4.1392 -0.0400
3.7906 4.1443 -0.0400
3.7372 4.1568 -0.0400
3.6823 4.1409 -0.0400
3.6287 4.1515 -0.0400
3.5750 4.1796 -0.0400
3.5200 4.2549 -0.0400
3.4639 4.2642 -0.0400
3.4054 4.3233 -0.0400
2.7000 2.3188 -0.0400
2.7028 2.2693 -0.0400
2.6932 2.2390 -0.0400
2.6789 2.2160 -0.0400
2.6621 2.1966 -0.0400
2.6423 2.1810 -0.0400
2.6124 2.1774 -0.0400
2.5799 2.1758 -0.0400
2.5301 2.1920 -0.0400
2.4885 2.1973 -0.0400
2.4657 2.1817 -0.0400
2.4289 2.1798 -0.0400
2.3929 2.1758 -0.0400
2.3460 2.1807 -0.0400
1.0819 2.5862 -0.0400
1.0888 2.5233 -0.0400
1.0836 2.4688 -0.0400
-0.0452 1.0333 -0.0400
-1.6182 -0.3786 -0.0400
1.3031 -0.3191 -0.0400
1.3791 -0.3254 -0.0400
1.4068 -0.3613 -0.0400
1.4245 -0.4041 -0.0400
1.4301 -0.4559 -0.0400
1.3964 -0.5383 -0.0400
1.5026 -1.7297 -0.0400
1.5569 -1.7581 -0.0400
1.6015 -1.8005 -0.0400
1.6389 -1.8544 -0.0400
3.1703 -1.3191 -0.0400
3.2183 -1.2825 -0.0400
3.2635 -1.2569 -0.0400
3.3045 -1.2602 -0.0400
3.3446 -1.2730 -0.0400
3.3863 -1.2681 -0.0400
3.4276 -1.2648 -0.0400
3.4684 -1.2702 -0.0400
3.5091 -1.2866 -0.0400
3.5503 -1.3089 -0.0400
3.5933 -1.3883 -0.0400
3.6371 -1.4108 -0.0400
4.6820 -4.7734 -0.0400
4.7725 -4.6976 -0.0400
4.8850 -4.7265 -0.0400
6.2885 -1.8584 -0.0400
6.3193 -1.7893 -0.0400
6.3713 -1.7428 -0.0400
6.4500 -1.7220 -0.0400
6.5156 -0.1192 -0.0400
6.5007 -0.0537 -0.0400
6.5083 0.0022 -0.0400
6.5392 0.0497 -0.0400
6.5895 0.0915 -0.0400
8.3577 0.0603 -0.0400
8.4289 0.1340 -0.0400
6.0654 0.9024 -0.0400
6.0131 0.9491 -0.0400
6.0043 0.9925 -0.0400
6.0013 1.0354 -0.0400
6.0156 1.0782 -0.0400
6.0367 1.1217 -0.0400
8.1303 2.3994 -0.0400
8.1104 2.4805 -0.0400
5.4791 3.0826 -0.0400
5.4274 3.0984 -0.0400
5.3732 3.1101 -0.0400
5.3307 3.1341 -0.0400
5.2901 3.1596 -0.0400
5.2417 3.1752 -0.0400
5.2029 3.2022 -0.0400
3.9148 4.1586 -0.0400
3.8584 4.1408 -0.0400
3.8047 4.1464 -0.0400
3.7524 4.1732 -0.0400
3.6963 4.1373 -0.0400
3.6427 4.1412 -0.0400
3.5894 4.1834 -0.0400
3.5345 4.2529 -0.0400
3.4786 4.2627 -0.0400
3.4206 4.3140 -0.0400
2.2038 4.9044 -0.0400
2.1586 4.8223 -0.0400
2.0991 4.7822 -0.0400
2.6948 2.3026 -0.0400
2.6941 2.2594 -0.0400
2.6894 2.2231 -0.0400
2.6721 2.2044 -0.0400
2.6515 2.1899 -0.0400
2.6280 2.1786 -0.0400
2.5998 2.1723 -0.0400
2.5644 2.1732 -0.0400
2.4960 2.2077 -0.0400
2.4719 2.1934 -0.0400
2.4439 2.1826 -0.0400
2.4105 2.1764 -0.0400
2.3685 2.1771 -0.0400
1.1056 2.5290 -0.0400
1.0889 2.4810 -0.0400
1.0558 2.4423 -0.0400
1.0123 2.4086 -0.0400
-1.6569 -0.2806 -0.0400
-1.6343 -0.3723 -0.0400
1.2344 -0.3019 -0.0400
1.3267 -0.3007 -0.0400
1.3726 -0.3260 -0.0400
1.4043 -0.3596 -0.0400
1.4259 -0.3999 -0.0400
1.3983 -0.4757 -0.0400
1.4945 -1.7398 -0.0400
1.5523 -1.7641 -0.0400
1.6011 -1.8006 -0.0400
3.1760 -1.3145 -0.0400
3.2260 -1.2648 -0.0400
3.2692 -1.2536 -0.0400
3.3094 -1.2648 -0.0400
3.3492 -1.2816 -0.0400
3.3920 -1.2658 -0.0400
3.4332 -1.2645 -0.0400
3.4741 -1.2708 -0.0400
3.5144 -1.3078 -0.0400
3.5560 -1.3554 -0.0400
3.5993 -1.4054 -0.0400
3.6452 -1.4817 -0.0400
4.6785 -4.7480 -0.0400
4.7736 -4.6958 -0.0400
4.8851 -4.7207 -0.0400
6.2902 -1.8539 -0.0400
6.3218 -1.7857 -0.0400
6.3759 -1.7414 -0.0400
6.5191 -0.1776 -0.0400
6.4874 -0.1042 -0.0400
6.4961 -0.0484 -0.0400
6.5090 0.0054 -0.0400
6.5403 0.0526 -0.0400
6.5956 0.0925 -0.0400
8.3518 0.0610 -0.0400
8.4319 0.1327 -0.0400
6.0559 0.9049 -0.0400
6.0114 0.9510 -0.0400
5.9994 0.9943 -0.0400
6.0031 1.0369 -0.0400
6.0283 1.0796 -0.0400
6.0590 1.1232 -0.0400
8.1434 2.3981 -0.0400
5.5327 3.0570 -0.0400
5.4847 3.0776 -0.0400
5.4357 3.0960 -0.0400
5.3795 3.1054 -0.0400
5.3381 3.1304 -0.0400
5.2949 3.1527 -0.0400
5.2473 3.1689 -0.0400
5.2098 3.1972 -0.0400
5.2116 3.2780 -0.0400
3.8180 4.1414 -0.0400
3.7648 4.1515 -0.0400
3.7102 4.1379 -0.0400
3.6566 4.1415 -0.0400
3.6032 4.1602 -0.0400
3.5488 4.2493 -0.0400
3.4933 4.2490 -0.0400
3.4346 4.3270 -0.0400
2.1659 4.8502 -0.0400
2.1127 4.7931 -0.0400
2.0396 4.7872 -0.0400
2.6947 2.2373 -0.0400
2.6799 2.2151 -0.0400
2.6623 2.1968 -0.0400
2.6364 2.1884 -0.0400
2.6068 2.1836 -0.0400
2.5684 2.1877 -0.0400
2.5064 2.2154 -0.0400
2.4842 2.1991 -0.0400
2.4587 2.1859 -0.0400
2.4114 2.1931 -0.0400
2.3629 2.1996 -0.0400
1.0833 2.6176 -0.0400
1.1000 2.5482 -0.0400
1.0958 2.4927 -0.0400
1.0674 2.4514 -0.0400
0.9920 2.4344 -0.0400
-1.6692 -0.2723 -0.0400
-1.6288 -0.3594 -0.0400
1.2834 -0.2682 -0.0400
1.3387 -0.2889 -0.0400
1.3752 -0.3201 -0.0400
1.4005 -0.3580 -0.0400
1.4153 -0.4033 -0.0400
1.4140 -0.4606 -0.0400
1.4169 -1.7383 -0.0400
1.4963 -1.7354 -0.0400
1.5483 -1.7680 -0.0400
1.5971 -1.8051 -0.0400
1.6246 -1.8748 -0.0400
3.1882 -1.2680 -0.0400
3.2327 -1.2519 -0.0400
3.2740 -1.2544 -0.0400
3.3143 -1.2654 -0.0400
3.3551 -1.2731 -0.0400
3.3975 -1.2619 -0.0400
3.4385 -1.2668 -0.0400
3.4793 -1.2772 -0.0400
3.5197 -1.3200 -0.0400
3.5614 -1.3888 -0.0400
3.6049 -1.4084 -0.0400
4.6750 -4.7236 -0.0400
4.7760 -4.7012 -0.0400
6.2960 -1.8536 -0.0400
6.3288 -1.7866 -0.0400
6.4163 -1.7759 -0.0400
6.4910 -0.1614 -0.0400
6.4897 -0.1010 -0.0400
6.4910 -0.0425 -0.0400
6.5158 0.0067 -0.0400
6.5661 0.0473 -0.0400
6.6169 0.0890 -0.0400
8.3597 -0.0287 -0.0400
8.3506 0.0612 -0.0400
6.0673 0.8626 -0.0400
6.0354 0.9087 -0.0400
6.0054 0.9536 -0.0400
5.9984 0.9965 -0.0400
6.0031 1.0388 -0.0400
6.0283 1.0813 -0.0400
8.1795 2.3170 -0.0400
8.1296 2.3895 -0.0400
5.5445 3.0592 -0.0400
5.4907 3.0736 -0.0400
5.4478 3.0986 -0.0400
5.3777 3.0925 -0.0400
5.3427 3.1243 -0.0400
5.3021 3.1495 -0.0400
5.2532 3.1639 -0.0400
5.2255 3.2045 -0.0400
6.6737 5.6977 -0.0400
6.6115 5.7807 -0.0400
6.5633 5.8886 -0.0400
3.6702 4.1380 -0.0400
3.6172 4.1776 -0.0400
3.5628 4.2508 -0.0400
3.5073 4.2532 -0.0400
3.4508 4.2780 -0.0400
2.2353 4.9153 -0.0400
2.1893 4.8348 -0.0400
2.1300 4.7941 -0.0400
2.0618 4.7769 -0.0400
1.9797 4.7911 -0.0400
2.6508 2.1912 -0.0400
2.6258 2.1814 -0.0400
2.5950 2.1775 -0.0400
2.5154 2.2246 -0.0400
2.4923 2.2092 -0.0400
2.4655 2.1973 -0.0400
2.4336 2.1897 -0.0400
2.3934 2.1889 -0.0400
2.2001 2.3234 -0.0400
1.0947 2.6272 -0.0400
1.1090 2.5592 -0.0400
1.0988 2.5070 -0.0400
1.0703 2.4656 -0.0400
1.0255 2.4325 -0.0400
-1.6737 -0.2613 -0.0400
-1.6298 -0.3478 -0.0400
1.2505 -0.2822 -0.0400
1.3252 -0.2920 -0.0400
1.3684 -0.3194 -0.0400
1.3926 -0.3585 -0.0400
1.3988 -0.4099 -0.0400
1.3715 -0.4863 -0.0400
1.4178 -1.7341 -0.0400
1.5015 -1.7256 -0.0400
1.5470 -1.7673 -0.0400
1.5922 -1.8100 -0.0400
3.1420 -1.3115 -0.0400
3.1928 -1.2659 -0.0400
3.2376 -1.2489 -0.0400
3.2781 -1.2581 -0.0400
3.3178 -1.2759 -0.0400
3.3610 -1.2619 -0.0400
3.4025 -1.2612 -0.0400
3.4434 -1.2669 -0.0400
3.4838 -1.2900 -0.0400
3.5242 -1.3463 -0.0400
3.5665 -1.3970 -0.0400
3.6103 -1.4245 -0.0400
4.6728 -4.7066 -0.0400
6.2552 -1.9063 -0.0400
6.2791 -1.8286 -0.0400
6.3303 -1.7815 -0.0400
6.4125 -1.7657 -0.0400
6.4814 -0.1528 -0.0400
6.4836 -0.0941 -0.0400
6.4916 -0.0383 -0.0400
6.5263 0.0071 -0.0400
6.5651 0.0517 -0.0400
8.3682 -0.0303 -0.0400
8.3523 0.0611 -0.0400
6.0574 0.8664 -0.0400
6.0140 0.9132 -0.0400
5.9986 0.9567 -0.0400
5.9994 0.9991 -0.0400
6.0064 1.0412 -0.0400
6.0373 1.0836 -0.0400
8.1722 2.3112 -0.0400
8.1288 2.3852 -0.0400
8.1468 2.4772 -0.0400
5.5325 3.0383 -0.0400
5.4928 3.0666 -0.0400
5.4318 3.0718 -0.0400
5.3833 3.0888 -0.0400
5.3459 3.1175 -0.0400
5.3122 3.1506 -0.0400
5.2570 3.1571 -0.0400
5.2292 3.1972 -0.0400
5.2236 3.2676 -0.0400
6.7725 5.6479 -0.0400
6.6859 5.6936 -0.0400
6.6334 5.7913 -0.0400
6.5795 5.8901 -0.0400
3.5212 4.2491 -0.0400
3.4631 4.3219 -0.0400
2.1993 4.8552 -0.0400
2.1442 4.8032 -0.0400
2.0706 4.7990 -0.0400
1.9645 4.8687 -0.0400
2.5563 2.2000 -0.0400
2.5048 2.2150 -0.0400
2.4811 2.2000 -0.0400
2.4388 2.2027 -0.0400
2.3945 2.2056 -0.0400
1.0884 2.6481 -0.0400
1.1135 2.5731 -0.0400
1.1049 2.5198 -0.0400
1.0759 2.4785 -0.0400
1.0280 2.4470 -0.0400
-1.6678 -0.2472 -0.0400
1.2837 -0.2567 -0.0400
1.3347 -0.2804 -0.0400
1.3695 -0.3131 -0.0400
1.3932 -0.3526 -0.0400
1.4063 -0.3995 -0.0400
1.4004 -0.4605 -0.0400
1.3556 -1.7080 -0.0400
1.4421 -1.6985 -0.0400
1.4988 -1.7256 -0.0400
1.5444 -1.7675 -0.0400
1.5886 -1.8119 -0.0400
3.1520 -1.2774 -0.0400
3.1989 -1.2530 -0.0400
3.2415 -1.2497 -0.0400
3.2819 -1.2611 -0.0400
3.3223 -1.2732 -0.0400
3.3657 -1.2581 -0.0400
3.4069 -1.2628 -0.0400
3.4473 -1.2799 -0.0400
3.4874 -1.3176 -0.0400
3.5280 -1.3835 -0.0400
3.5712 -1.3970 -0.0400
4.5736 -4.7354 -0.0400
4.6742 -4.7103 -0.0400
4.7839 -4.7308 -0.0400
6.2739 -1.9204 -0.0400
6.2812 -1.8240 -0.0400
6.3559 -1.8017 -0.0400
6.4977 -0.2156 -0.0400
6.4819 -0.1480 -0.0400
6.4741 -0.0853 -0.0400
6.4933 -0.0343 -0.0400
6.5348 0.0085 -0.0400
6.5813 0.0504 -0.0400
8.3302 -0.0205 -0.0400
8.3657 0.0590 -0.0400
6.0326 0.8721 -0.0400
6.0061 0.9171 -0.0400
5.9960 0.9601 -0.0400
5.9994 1.0021 -0.0400
6.0166 1.0440 -0.0400
6.0619 1.0862 -0.0400
8.1550 2.3034 -0.0400
8.1272 2.3813 -0.0400
5.5437 3.0414 -0.0400
5.4964 3.0619 -0.0400
5.4443 3.0764 -0.0400
5.3854 3.0819 -0.0400
5.3550 3.1183 -0.0400
5.3026 3.1290 -0.0400
5.2611 3.1517 -0.0400
5.2306 3.1879 -0.0400
5.2172 3.2474 -0.0400
6.7852 5.6456 -0.0400
6.6966 5.6882 -0.0400
6.6461 5.7884 -0.0400
2.2228 4.8384 -0.0400
2.1609 4.8050 -0.0400
2.0909 4.7925 -0.0400
2.0066 4.8122 -0.0400
2.4605 2.1999 -0.0400
2.4247 2.1953 -0.0400
2.3776 2.1999 -0.0400
1.1127 2.5904 -0.0400
1.1154 2.5303 -0.0400
1.0842 2.4902 -0.0400
1.0374 2.4581 -0.0400
1.2613 -0.2630 -0.0400
1.3232 -0.2809 -0.0400
1.3665 -0.3087 -0.0400
1.3834 -0.3529 -0.0400
1.3871 -0.4065 -0.0400
1.4355 -1.7022 -0.0400
1.4949 -1.7262 -0.0400
1.5366 -1.7739 -0.0400
3.1567 -1.2698 -0.0400
3.2028 -1.2501 -0.0400
3.2447 -1.2523 -0.0400
3.2841 -1.2721 -0.0400
3.3274 -1.2631 -0.0400
3.3696 -1.2590 -0.0400
3.4109 -1.2642 -0.0400
3.4515 -1.2811 -0.0400
3.4906 -1.3423 -0.0400
3.5321 -1.3906 -0.0400
3.5753 -1.4374 -0.0400
4.5740 -4.7356 -0.0400
4.6804 -4.7410 -0.0400
6.2415 -1.8768 -0.0400
6.2836 -1.8196 -0.0400
6.3507 -1.7894 -0.0400
6.4694 -0.1975 -0.0400
6.4671 -0.1364 -0.0400
6.4744 -0.0803 -0.0400
6.5012 -0.0324 -0.0400
6.5371 0.0125 -0.0400
6.6751 0.0221 -0.0400
8.3591 -0.1145 -0.0400
8.3324 -0.0198 -0.0400
6.0956 0.8260 -0.0400
6.0249 0.8767 -0.0400
5.9959 0.9217 -0.0400
5.9940 0.9639 -0.0400
6.0027 1.0055 -0.0400
6.0250 1.0471 -0.0400
6.0766 1.0893 -0.0400
8.1452 2.2981 -0.0400
8.1314 2.3796 -0.0400
5.5948 3.0167 -0.0400
5.5363 3.0268 -0.0400
5.4980 3.0560 -0.0400
5.4344 3.0578 -0.0400
5.3898 3.0785 -0.0400
5.3561 3.1108 -0.0400
5.3127 3.1318 -0.0400
5.2681 3.1506 -0.0400
5.2484 3.2004 -0.0400
6.8070 5.6570 -0.0400
6.7058 5.6815 -0.0400
6.6827 5.8232 -0.0400
2.2881 4.9124 -0.0400
2.2367 4.8473 -0.0400
2.1762 4.8105 -0.0400
2.1084 4.7927 -0.0400
2.7242 2.3056 -0.0400
1.1290 2.6573 -0.0400
1.1361 2.5934 -0.0400
1.1217 2.5434 -0.0400
1.0944 2.5011 -0.0400
1.0520 2.4667 -0.0400
1.2072 -0.2315 -0.0400
1.2866 -0.2409 -0.0400
1.3312 -0.2689 -0.0400
1.3625 -0.3043 -0.0400
1.3837 -0.3458 -0.0400
1.3942 -0.3950 -0.0400
1.3743 -1.6735 -0.0400
1.4408 -1.6896 -0.0400
1.4869 -1.7314 -0.0400
1.5361 -1.7692 -0.0400
3.1049 -1.3244 -0.0400
3.1621 -1.2562 -0.0400
3.2063 -1.2474 -0.0400
3.2474 -1.2556 -0.0400
3.2864 -1.2796 -0.0400
3.3310 -1.2617 -0.0400
3.3731 -1.2606 -0.0400
3.4140 -1.2713 -0.0400
3.4541 -1.2993 -0.0400
3.4933 -1.3668 -0.0400
3.5359 -1.3949 -0.0400
3.5792 -1.4430 -0.0400
4.5719 -4.7223 -0.0400
4.6808 -4.7427 -0.0400
6.1989 -1.9270 -0.0400
6.2356 -1.8631 -0.0400
6.2964 -1.8266 -0.0400
6.4707 -0.2534 -0.0400
6.4567 -0.1861 -0.0400
6.4611 -0.1283 -0.0400
6.4758 -0.0755 -0.0400
6.5136 -0.0320 -0.0400
6.5613 0.0086 -0.0400
8.3322 -0.1059 -0.0400
8.3331 -0.0184 -0.0400
6.0547 0.8349 -0.0400
6.0102 0.8824 -0.0400
5.9951 0.9259 -0.0400
5.9941 0.9680 -0.0400
6.0045 1.0094 -0.0400
6.0485 1.0503 -0.0400
8.1458 2.2961 -0.0400
8.1633 2.3863 -0.0400
5.5455 3.0296 -0.0400
5.5018 3.0531 -0.0400
5.4287 3.0448 -0.0400
5.3917 3.0732 -0.0400
5.3622 3.1099 -0.0400
5.3074 3.1173 -0.0400
5.2696 3.1438 -0.0400
5.2437 3.1852 -0.0400
6.7953 5.6220 -0.0400
6.7266 5.6929 -0.0400
6.6885 5.8118 -0.0400
2.3041 4.9147 -0.0400
2.2517 4.8525 -0.0400
2.1912 4.8158 -0.0400
2.1130 4.8242 -0.0400
2.7304 2.2756 -0.0400
2.7171 2.2511 -0.0400
2.7012 2.2305 -0.0400
1.1315 2.6134 -0.0400
1.1255 2.5582 -0.0400
1.0923 2.5191 -0.0400
1.0323 2.4938 -0.0400
-1.4244 2.0975 -0.0400
-1.4164 2.0048 -0.0400
-1.4567 1.9207 -0.0400
1.2747 -0.2399 -0.0400
1.3231 -0.2660 -0.0400
1.3567 -0.3002 -0.0400
1.3705 -0.3470 -0.0400
1.3685 -0.4049 -0.0400
1.3528 -1.6932 -0.0400
1.4337 -1.6921 -0.0400
1.4840 -1.7287 -0.0400
1.5161 -1.7906 -0.0400
3.1124 -1.2988 -0.0400
3.1652 -1.2521 -0.0400
3.2085 -1.2493 -0.0400
3.2491 -1.2620 -0.0400
3.2907 -1.2686 -0.0400
3.3342 -1.2594 -0.0400
3.3760 -1.2629 -0.0400
3.4166 -1.2791 -0.0400
3.4563 -1.3172 -0.0400
3.4959 -1.3839 -0.0400
3.5388 -1.4154 -0.0400
4.5703 -4.7145 -0.0400
4.6849 -4.7665 -0.0400
6.2099 -1.9327 -0.0400
6.2403 -1.8613 -0.0400
6.2955 -1.8186 -0.0400
6.4596 -0.2422 -0.0400
6.4515 -0.1778 -0.0400
6.4595 -0.1218 -0.0400
6.4861 -0.0741 -0.0400
6.5274 -0.0318 -0.0400
6.5903 0.0031 -0.0400
8.3377 -0.1053 -0.0400
8.3886 -0.0298 -0.0400
6.0200 0.8436 -0.0400
5.9949 0.8886 -0.0400
5.9905 0.9309 -0.0400
5.9957 0.9724 -0.0400
6.0126 1.0134 -0.0400
6.0519 1.0544 -0.0400
8.1440 2.2940 -0.0400
5.5920 3.0027 -0.0400
5.5395 3.0180 -0.0400
5.4958 3.0410 -0.0400
5.4370 3.0474 -0.0400
5.3947 3.0699 -0.0400
5.3632 3.1042 -0.0400
5.3073 3.1099 -0.0400
5.2769 3.1449 -0.0400
5.2631 3.2015 -0.0400
6.8063 5.6202 -0.0400
6.7261 5.6740 -0.0400
2.2680 4.8535 -0.0400
2.2062 4.8204 -0.0400
2.1273 4.8310 -0.0400
2.7164 2.3603 -0.0400
2.7296 2.2979 -0.0400
2.7215 2.2663 -0.0400
2.7081 2.2424 -0.0400
2.6922 2.2219 -0.0400
2.6694 2.2097 -0.0400
2.6428 2.2016 -0.0400
1.1398 2.6857 -0.0400
1.1502 2.6195 -0.0400
1.1360 2.5693 -0.0400
1.1074 2.5276 -0.0400
1.0612 2.4951 -0.0400
-1.4628 2.1223 -0.0400
-1.4267 2.0238 -0.0400
-1.4489 1.9364 -0.0400
1.2659 -0.2364 -0.0400
1.3275 -0.2549 -0.0400
1.3534 -0.2940 -0.0400
1.3697 -0.3393 -0.0400
1.3736 -0.3934 -0.0400
1.3731 -1.6604 -0.0400
1.4333 -1.6850 -0.0400
1.4792 -1.7277 -0.0400
1.5227 -1.7740 -0.0400
3.0690 -1.3014 -0.0400
3.1212 -1.2644 -0.0400
3.1668 -1.2535 -0.0400
3.2100 -1.2525 -0.0400
3.2506 -1.2665 -0.0400
3.2935 -1.2656 -0.0400
3.3366 -1.2609 -0.0400
3.3782 -1.2672 -0.0400
3.4182 -1.2936 -0.0400
3.4559 -1.3672 -0.0400
3.4986 -1.3877 -0.0400
3.5413 -1.4306 -0.0400
4.4680 -4.7343 -0.0400
4.5755 -4.7500 -0.0400
6.1675 -1.9845 -0.0400
6.1929 -1.9056 -0.0400
6.2447 -1.8592 -0.0400
6.3246 -1.8438 -0.0400
6.5165 -0.3262 -0.0400
6.4563 -0.2344 -0.0400
6.4505 -0.1712 -0.0400
6.4596 -0.1158 -0.0400
6.4922 -0.0707 -0.0400
6.5396 -0.0310 -0.0400
6.6229 -0.0036 -0.0400
8.3149 -0.0971 -0.0400
6.0691 0.7996 -0.0400
6.0055 0.8505 -0.0400
5.9894 0.8942 -0.0400
5.9905 0.9359 -0.0400
6.0025 0.9768 -0.0400
6.0355 1.0171 -0.0400
8.1941 2.2209 -0.0400
8.1445 2.2930 -0.0400
5.6138 3.0191 -0.0400
5.5393 3.0131 -0.0400
5.4796 3.0195 -0.0400
5.4321 3.0369 -0.0400
5.3966 3.0664 -0.0400
5.3624 3.0972 -0.0400
5.3119 3.1088 -0.0400
5.2759 3.1368 -0.0400
5.2529 3.1811 -0.0400
6.9145 5.5885 -0.0400
6.8105 5.6097 -0.0400
6.7660 5.7152 -0.0400
6.7160 5.8162 -0.0400
2.3286 4.9389 -0.0400
2.2781 4.8709 -0.0400
2.2208 4.8257 -0.0400
2.1512 4.8131 -0.0400
2.7427 2.3017 -0.0400
2.7330 2.2722 -0.0400
2.7189 2.2492 -0.0400
2.7021 2.2299 -0.0400
2.6827 2.2139 -0.0400
2.6596 2.2020 -0.0400
2.6157 2.2122 -0.0400
2.5428 2.2508 -0.0400
2.5206 2.2344 -0.0400
1.1398 2.6433 -0.0400
1.1383 2.5852 -0.0400
1.1078 2.5445 -0.0400
1.0472 2.5196 -0.0400
-1.4191 2.1313 -0.0400
-1.4162 2.0393 -0.0400
1.2873 -0.2148 -0.0400
1.3225 -0.2489 -0.0400
1.3489 -0.2879 -0.0400
1.3664 -0.3326 -0.0400
1.3248 -0.4175 -0.0400
1.3775 -1.6462 -0.0400
1.4251 -1.6870 -0.0400
1.4739 -1.7263 -0.0400
1.4891 -1.8121 -0.0400
3.1251 -1.2517 -0.0400
3.1692 -1.2481 -0.0400
3.2102 -1.2606 -0.0400
3.2505 -1.2780 -0.0400
3.2951 -1.2673 -0.0400
3.3384 -1.2628 -0.0400
3.3801 -1.2702 -0.0400
3.4197 -1.3034 -0.0400
3.4571 -1.3838 -0.0400
3.5006 -1.3986 -0.0400
4.4667 -4.7334 -0.0400
4.5756 -4.7571 -0.0400
6.1753 -1.9870 -0.0400
6.1974 -1.9040 -0.0400
6.2471 -1.8550 -0.0400
6.5316 -0.3275 -0.0400
6.4290 -0.2149 -0.0400
6.4396 -0.1599 -0.0400
6.4624 -0.1108 -0.0400
6.4968 -0.0665 -0.0400
6.5480 -0.0283 -0.0400
8.3137 -0.1823 -0.0400
8.3194 -0.0958 -0.0400
6.0161 0.8123 -0.0400
6.0003 0.8566 -0.0400
5.9876 0.8998 -0.0400
5.9916 0.9411 -0.0400
6.0105 0.9815 -0.0400
6.0632 1.0208 -0.0400
8.1597 2.2122 -0.0400
8.1621 2.2969 -0.0400
5.5851 2.9881 -0.0400
5.5403 3.0103 -0.0400
5.4894 3.0254 -0.0400
5.4365 3.0371 -0.0400
5.4027 3.0682 -0.0400
5.3519 3.0801 -0.0400
5.3117 3.1031 -0.0400
5.2834 3.1400 -0.0400
5.2767 3.2047 -0.0400
6.8192 5.6066 -0.0400
6.7933 5.7387 -0.0400
2.3383 4.9573 -0.0400
2.2978 4.8607 -0.0400
2.2355 4.8297 -0.0400
2.1603 4.8316 -0.0400
2.0734 4.8591 -0.0400
2.7406 2.3255 -0.0400
2.7360 2.2889 -0.0400
2.7250 2.2617 -0.0400
2.7123 2.2375 -0.0400
2.6920 2.2226 -0.0400
2.6684 2.2113 -0.0400
2.6401 2.2047 -0.0400
2.6031 2.2064 -0.0400
2.5326 2.2407 -0.0400
2.5027 2.2318 -0.0400
2.4705 2.2243 -0.0400
2.4297 2.2237 -0.0400
1.1463 2.5921 -0.0400
1.1029 2.5586 -0.0400
-1.3940 2.2299 -0.0400
-1.4059 2.1405 -0.0400
-1.4285 2.0532 -0.0400
-0.0472 1.2815 -0.0400
1.2600 -0.1694 -0.0400
1.2928 -0.2052 -0.0400
1.3178 -0.2453 -0.0400
1.3155 -0.3024 -0.0400
1.2966 -0.3715 -0.0400
1.3164 -1.6154 -0.0400
1.3741 -1.6442 -0.0400
1.4196 -1.6878 -0.0400
3.0203 -1.3204 -0.0400
3.0842 -1.2406 -0.0400
3.1277 -1.2417 -0.0400
3.1687 -1.2541 -0.0400
3.2103 -1.2638 -0.0400
3.2542 -1.2599 -0.0400
3.2964 -1.2647 -0.0400
3.3370 -1.2833 -0.0400
3.3775 -1.3060 -0.0400
3.4137 -1.3867 -0.0400
3.4569 -1.4057 -0.0400
4.3625 -4.7440 -0.0400
4.4723 -4.7792 -0.0400
6.1209 -2.0273 -0.0400
6.1436 -1.9435 -0.0400
6.2169 -1.9225 -0.0400
6.4142 -0.3256 -0.0400
6.4072 -0.2605 -0.0400
6.4177 -0.2051 -0.0400
6.4409 -0.1562 -0.0400
6.5077 -0.1266 -0.0400
8.2779 -0.2585 -0.0400
8.3069 -0.1785 -0.0400
6.0510 0.7248 -0.0400
5.9875 0.7780 -0.0400
5.9810 0.8209 -0.0400
5.9809 0.8627 -0.0400
5.9937 0.9030 -0.0400
6.0113 0.9432 -0.0400
6.0862 0.9802 -0.0400
8.1737 2.1318 -0.0400
8.1894 2.2192 -0.0400
5.6037 2.9395 -0.0400
5.5616 2.9639 -0.0400
5.5044 2.9729 -0.0400
5.4627 2.9959 -0.0400
5.4315 3.0293 -0.0400
5.3902 3.0518 -0.0400
5.3451 3.0694 -0.0400
5.3296 3.1207 -0.0400
6.9881 5.5022 -0.0400
6.8974 5.5415 -0.0400
6.8745 5.6745 -0.0400
6.8187 5.7654 -0.0400
2.2375 4.8526 -0.0400
2.7496 2.3719 -0.0400
2.7679 2.3028 -0.0400
2.7539 2.2793 -0.0400
2.7379 2.2590 -0.0400
2.7196 2.2417 -0.0400
2.6983 2.2281 -0.0400
2.6634 2.2296 -0.0400
2.6241 2.2345 -0.0400
2.5588 2.2652 -0.0400
2.5352 2.2503 -0.0400
2.5077 2.2390 -0.0400
2.4745 2.2324 -0.0400
-1.4090 2.1652 -0.0400
-1.4204 2.0756 -0.0400
-1.4433 1.9881 -0.0400
-0.0458 1.2365 -0.0400
-0.0794 1.1722 -0.0400
1.3329 -0.3346 -0.0400
1.3076 -0.4093 -0.0400
1.3000 -1.6209 -0.0400
1.3673 -1.6388 -0.0400
1.4127 -1.6831 -0.0400
1.4613 -1.7234 -0.0400
3.0811 -1.2544 -0.0400
3.1273 -1.2452 -0.0400
3.1702 -1.2490 -0.0400
3.2112 -1.2632 -0.0400
3.2547 -1.2631 -0.0400
3.2980 -1.2623 -0.0400
3.3404 -1.2675 -0.0400
3.3799 -1.2987 -0.0400
3.4196 -1.3391 -0.0400
3.4590 -1.4020 -0.0400
3.5017 -1.4429 -0.0400
4.4638 -4.7375 -0.0400
6.1490 -1.9412 -0.0400
6.2018 -1.8958 -0.0400
6.2765 -1.8755 -0.0400
6.4140 -0.2550 -0.0400
6.4225 -0.1987 -0.0400
6.4439 -0.1490 -0.0400
6.4781 -0.1049 -0.0400
6.5299 -0.0679 -0.0400
6.6518 -0.0577 -0.0400
8.3020 -0.1731 -0.0400
6.0252 0.7804 -0.0400
6.0013 0.8263 -0.0400
5.9839 0.8704 -0.0400
5.9885 0.9115 -0.0400
6.0134 0.9508 -0.0400
6.0429 0.9906 -0.0400
6.1029 1.0298 -0.0400
8.1586 2.2123 -0.0400
5.6268 2.9580 -0.0400
5.5757 2.9744 -0.0400
5.5394 3.0040 -0.0400
5.4784 3.0084 -0.0400
5.4330 3.0270 -0.0400
5.4004 3.0586 -0.0400
5.3506 3.0710 -0.0400
5.3149 3.0984 -0.0400
5.2910 3.1400 -0.0400
6.9063 5.5365 -0.0400
6.8435 5.6130 -0.0400
6.8073 5.7297 -0.0400
4.0359 4.1136 -0.0400
3.9834 4.1143 -0.0400
3.9325 4.1309 -0.0400
2.7599 2.3410 -0.0400
2.7545 2.3055 -0.0400
2.7435 2.2784 -0.0400
2.7291 2.2562 -0.0400
2.7124 2.2372 -0.0400
2.6904 2.2243 -0.0400
2.6650 2.2149 -0.0400
2.6335 2.2113 -0.0400
2.5890 2.2200 -0.0400
2.5266 2.2445 -0.0400
2.4982 2.2337 -0.0400
2.4634 2.2282 -0.0400
2.4161 2.2328 -0.0400
-1.4023 2.2682 -0.0400
-1.3999 2.1755 -0.0400
-0.0473 1.3112 -0.0400
1.2289 -1.5982 -0.0400
1.3092 -1.6025 -0.0400
1.3607 -1.6395 -0.0400
1.3890 -1.7057 -0.0400
2.9796 -1.2961 -0.0400
3.0374 -1.2488 -0.0400
3.0841 -1.2399 -0.0400
3.1270 -1.2454 -0.0400
3.1666 -1.2670 -0.0400
3.2119 -1.2591 -0.0400
3.2552 -1.2604 -0.0400
3.2974 -1.2681 -0.0400
3.3351 -1.3127 -0.0400
3.3715 -1.3816 -0.0400
3.4151 -1.3959 -0.0400
4.2568 -4.7758 -0.0400
4.3639 -4.7914 -0.0400
6.0528 -2.0408 -0.0400
6.0954 -1.9816 -0.0400
6.1540 -1.9431 -0.0400
6.2360 -1.9323 -0.0400
6.4117 -0.3735 -0.0400
6.3949 -0.3019 -0.0400
6.4014 -0.2441 -0.0400
6.4217 -0.1938 -0.0400
6.4813 -0.1619 -0.0400
6.5754 -0.1438 -0.0400
8.2551 -0.3339 -0.0400
8.2923 -0.2566 -0.0400
6.0455 0.6949 -0.0400
6.0019 0.7460 -0.0400
5.9738 0.7927 -0.0400
5.9764 0.8340 -0.0400
5.9863 0.8743 -0.0400
6.0025 0.9142 -0.0400
6.0780 0.9493 -0.0400
8.1990 2.0555 -0.0400
8.1742 2.1333 -0.0400
5.6532 2.9181 -0.0400
5.6041 2.9366 -0.0400
5.5402 2.9401 -0.0400
5.4960 2.9606 -0.0400
5.4621 2.9907 -0.0400
5.4360 3.0288 -0.0400
5.3828 3.0380 -0.0400
5.3528 3.0717 -0.0400
5.3465 3.1331 -0.0400
6.9849 5.4742 -0.0400
6.9084 5.5314 -0.0400
6.8839 5.6608 -0.0400
4.1489 4.1213 -0.0400
4.0925 4.1003 -0.0400
4.0404 4.1034 -0.0400
3.9905 4.1250 -0.0400
3.9368 4.1129 -0.0400
3.8848 4.1146 -0.0400
3.8334 4.1242 -0.0400
2.7815 2.3690 -0.0400
2.7786 2.3293 -0.0400
2.7683 2.3007 -0.0400
2.7575 2.2739 -0.0400
2.7394 2.2566 -0.0400
2.7186 2.2425 -0.0400
2.6953 2.2312 -0.0400
2.6528 2.2404 -0.0400
2.5784 2.2815 -0.0400
2.5564 2.2653 -0.0400
2.5311 2.2520 -0.0400
2.5012 2.2426 -0.0400
2.4321 2.2685 -0.0400
-1.3769 2.2811 -0.0400
-1.3990 2.1937 -0.0400
-0.0869 1.3937 -0.0400
-0.0458 1.3264 -0.0400
-0.0644 1.2621 -0.0400
1.2498 -1.5622 -0.0400
1.3076 -1.5924 -0.0400
1.3521 -1.6381 -0.0400
1.3938 -1.6876 -0.0400
3.0348 -1.2543 -0.0400
3.0837 -1.2371 -0.0400
3.1244 -1.2538 -0.0400
3.1656 -1.2686 -0.0400
3.2113 -1.2603 -0.0400
3.2547 -1.2619 -0.0400
3.2945 -1.2878 -0.0400
3.3336 -1.3248 -0.0400
3.3713 -1.3844 -0.0400
3.4147 -1.4032 -0.0400
4.2534 -4.7716 -0.0400
6.0686 -2.0557 -0.0400
6.0982 -1.9789 -0.0400
6.1648 -1.9504 -0.0400
6.4012 -0.4245 -0.0400
6.3771 -0.3475 -0.0400
6.3814 -0.2879 -0.0400
6.4000 -0.2366 -0.0400
6.4312 -0.1917 -0.0400
6.4774 -0.1535 -0.0400
6.5572 -0.1293 -0.0400
8.2640 -0.3334 -0.0400
8.2847 -0.2509 -0.0400
6.0285 0.7049 -0.0400
5.9745 0.7575 -0.0400
5.9725 0.7996 -0.0400
5.9781 0.8404 -0.0400
5.9912 0.8802 -0.0400
6.0474 0.9159 -0.0400
8.1890 2.0549 -0.0400
5.6465 2.9120 -0.0400
5.5935 2.9266 -0.0400
5.5379 2.9373 -0.0400
5.4950 2.9588 -0.0400
5.4615 2.9890 -0.0400
5.4160 3.0065 -0.0400
5.3785 3.0317 -0.0400
5.3512 3.0679 -0.0400
5.3380 3.1210 -0.0400
7.0759 5.4250 -0.0400
6.9856 5.4647 -0.0400
6.9468 5.5717 -0.0400
6.9027 5.6752 -0.0400
4.1577 4.1255 -0.0400
4.1006 4.0999 -0.0400
4.0484 4.1018 -0.0400
3.9990 4.1253 -0.0400
3.9451 4.1106 -0.0400
3.8935 4.1141 -0.0400
3.8425 4.1274 -0.0400
3.7957 4.2363 -0.0400
3.7418 4.2343 -0.0400
3.6883 4.2477 -0.0400
2.7864 2.3386 -0.0400
2.7762 2.3099 -0.0400
2.7664 2.2818 -0.0400
2.7488 2.2640 -0.0400
2.7292 2.2487 -0.0400
2.7012 2.2429 -0.0400
2.6716 2.2381 -0.0400
2.6320 2.2430 -0.0400
2.5678 2.2715 -0.0400
2.5368 2.2641 -0.0400
2.5049 2.2567 -0.0400
2.4649 2.2559 -0.0400
1.1760 2.8078 -0.0400
1.2065 2.7268 -0.0400
1.1957 2.6739 -0.0400
-1.3810 2.3007 -0.0400
-1.4003 2.2125 -0.0400
-0.0463 1.3419 -0.0400
-0.0659 1.2776 -0.0400
-1.8530 0.1579 -0.0400
1.2399 -1.5606 -0.0400
1.3001 -1.5885 -0.0400
1.3438 -1.6354 -0.0400
2.9875 -1.2539 -0.0400
3.0375 -1.2366 -0.0400
3.0820 -1.2379 -0.0400
3.1232 -1.2528 -0.0400
3.1633 -1.2742 -0.0400
3.2110 -1.2561 -0.0400
3.2533 -1.2655 -0.0400
3.2936 -1.2896 -0.0400
3.3325 -1.3289 -0.0400
3.3706 -1.3864 -0.0400
3.4069 -1.4842 -0.0400
4.2506 -4.7786 -0.0400
6.0205 -2.1040 -0.0400
6.0519 -2.0278 -0.0400
6.1072 -1.9848 -0.0400
6.1889 -1.9746 -0.0400
6.4203 -0.4288 -0.0400
6.3854 -0.3453 -0.0400
6.3867 -0.2839 -0.0400
6.4074 -0.2336 -0.0400
6.4510 -0.1947 -0.0400
6.5207 -0.1672 -0.0400
8.2528 -0.3263 -0.0400
6.0149 0.6714 -0.0400
5.9843 0.7204 -0.0400
5.9728 0.7647 -0.0400
5.9723 0.8065 -0.0400
5.9799 0.8469 -0.0400
6.0177 0.8836 -0.0400
6.0686 0.9201 -0.0400
8.2382 1.9832 -0.0400
8.1919 2.0572 -0.0400
8.2267 2.1473 -0.0400
5.6923 2.8905 -0.0400
5.6374 2.9045 -0.0400
5.5813 2.9158 -0.0400
5.5323 2.9323 -0.0400
5.4929 2.9567 -0.0400
5.4637 2.9909 -0.0400
5.4142 3.0040 -0.0400
5.3780 3.0303 -0.0400
5.3508 3.0664 -0.0400
7.0896 5.4329 -0.0400
6.9867 5.4566 -0.0400
6.9311 5.5407 -0.0400
4.1681 4.1427 -0.0400
4.1085 4.1021 -0.0400
4.0575 4.1120 -0.0400
4.0071 4.1271 -0.0400
3.9532 4.1107 -0.0400
3.9016 4.1130 -0.0400
3.8527 4.1556 -0.0400
3.8043 4.2350 -0.0400
3.7506 4.2338 -0.0400
3.6974 4.2525 -0.0400
2.7801 2.3667 -0.0400
2.7857 2.3167 -0.0400
2.7719 2.2938 -0.0400
2.7583 2.2711 -0.0400
2.7392 2.2554 -0.0400
2.7130 2.2476 -0.0400
2.6857 2.2405 -0.0400
2.6515 2.2401 -0.0400
2.5753 2.2815 -0.0400
2.5506 2.2679 -0.0400
2.5220 2.2576 -0.0400
2.4870 2.2526 -0.0400
1.1910 2.7545 -0.0400
1.1958 2.6914 -0.0400
1.1732 2.6460 -0.0400
1.1208 2.6178 -0.0400
-1.3708 2.3172 -0.0400
-1.3985 2.2308 -0.0400
-0.0491 1.3577 -0.0400
-1.8783 0.1710 -0.0400
-1.7412 0.0982 -0.0400
1.2318 -1.5561 -0.0400
1.2928 -1.5834 -0.0400
1.3375 -1.6294 -0.0400
1.3578 -1.7065 -0.0400
2.9796 -1.2730 -0.0400
3.0371 -1.2290 -0.0400
3.0789 -1.2418 -0.0400
3.1178 -1.2682 -0.0400
3.1646 -1.2589 -0.0400
3.2092 -1.2578 -0.0400
3.2520 -1.2655 -0.0400
3.2926 -1.2883 -0.0400
3.3246 -1.3817 -0.0400
3.3677 -1.4042 -0.0400
3.4052 -1.4916 -0.0400
4.2466 -4.7794 -0.0400
6.0156 -2.0921 -0.0400
6.0479 -2.0172 -0.0400
6.1097 -1.9828 -0.0400
6.4101 -0.4813 -0.0400
6.3658 -0.3904 -0.0400
6.3658 -0.3275 -0.0400
6.3813 -0.2742 -0.0400
6.4087 -0.2275 -0.0400
6.4492 -0.1871 -0.0400
6.5119 -0.1565 -0.0400
8.2511 -0.3221 -0.0400
6.0157 0.6783 -0.0400
5.9846 0.7274 -0.0400
5.9731 0.7716 -0.0400
5.9754 0.8130 -0.0400
5.9929 0.8520 -0.0400
6.0240 0.8896 -0.0400
6.0866 0.9249 -0.0400
8.2222 1.9825 -0.0400
8.1995 2.0607 -0.0400
5.6703 2.8734 -0.0400
5.6296 2.8989 -0.0400
5.5919 2.9264 -0.0400
5.5250 2.9263 -0.0400
5.4908 2.9553 -0.0400
5.4550 2.9826 -0.0400
5.4114 3.0014 -0.0400
5.3774 3.0297 -0.0400
5.3740 3.0919 -0.0400
7.0933 5.4294 -0.0400
7.0005 5.4657 -0.0400
6.9746 5.5893 -0.0400
4.1676 4.1003 -0.0400
4.1138 4.0915 -0.0400
4.0637 4.1048 -0.0400
4.0153 4.1341 -0.0400
3.9609 4.1130 -0.0400
3.9097 4.1185 -0.0400
3.8601 4.1491 -0.0400
3.8124 4.2348 -0.0400
3.7589 4.2329 -0.0400
3.7069 4.3201 -0.0400
2.7965 2.3636 -0.0400
2.7886 2.3318 -0.0400
2.7820 2.2995 -0.0400
2.7660 2.2799 -0.0400
2.7486 2.2622 -0.0400
2.7275 2.2489 -0.0400
2.6973 2.2454 -0.0400
2.6653 2.2428 -0.0400
2.5860 2.2879 -0.0400
2.5620 2.2738 -0.0400
2.5350 2.2623 -0.0400
2.4830 2.2733 -0.0400
1.2175 2.7552 -0.0400
1.2097 2.7003 -0.0400
1.1864 2.6556 -0.0400
1.1482 2.6194 -0.0400
1.0812 2.5985 -0.0400
-1.3744 2.3369 -0.0400
-1.3929 2.2484 -0.0400
-0.0555 1.4391 -0.0400
-0.0485 1.3735 -0.0400
-1.8047 0.2025 -0.0400
-1.7437 0.1155 -0.0400
1.2265 -1.5476 -0.0400
1.2817 -1.5820 -0.0400
1.3303 -1.6236 -0.0400
1.3546 -1.6959 -0.0400
2.9844 -1.2440 -0.0400
3.0330 -1.2330 -0.0400
3.0765 -1.2400 -0.0400
3.1168 -1.2611 -0.0400
3.1636 -1.2522 -0.0400
3.2070 -1.2578 -0.0400
3.2480 -1.2775 -0.0400
3.2875 -1.3102 -0.0400
3.3228 -1.3821 -0.0400
3.3665 -1.4007 -0.0400
3.4071 -1.4560 -0.0400
6.0050 -2.0727 -0.0400
6.0513 -2.0170 -0.0400
6.1171 -1.9876 -0.0400
6.4184 -0.4798 -0.0400
6.3705 -0.3864 -0.0400
6.3700 -0.3231 -0.0400
6.3855 -0.2698 -0.0400
6.4248 -0.2291 -0.0400
6.4831 -0.1972 -0.0400
8.2287 -0.4003 -0.0400
8.2887 -0.3309 -0.0400
6.0117 0.6431 -0.0400
5.9786 0.6935 -0.0400
5.9669 0.7381 -0.0400
5.9671 0.7799 -0.0400
5.9766 0.8199 -0.0400
5.9944 0.8588 -0.0400
6.0269 0.8962 -0.0400
8.2034 1.9817 -0.0400
8.1989 2.0629 -0.0400
5.6675 2.8730 -0.0400
5.6235 2.8954 -0.0400
5.5684 2.9071 -0.0400
5.5196 2.9229 -0.0400
5.4888 2.9548 -0.0400
5.4625 2.9913 -0.0400
5.4078 2.9987 -0.0400
5.3776 3.0307 -0.0400
5.3880 3.1078 -0.0400
7.0632 5.3851 -0.0400
7.0022 5.4603 -0.0400
6.9764 5.5834 -0.0400
4.1764 4.1146 -0.0400
4.1203 4.0921 -0.0400
4.0729 4.1232 -0.0400
4.0193 4.1111 -0.0400
3.9670 4.1054 -0.0400
3.9164 4.1146 -0.0400
3.8669 4.1408 -0.0400
3.8192 4.2194 -0.0400
3.7671 4.2455 -0.0400
3.7148 4.3061 -0.0400
2.7887 2.3090 -0.0400
2.7759 2.2856 -0.0400
2.7581 2.2685 -0.0400
2.7362 2.2563 -0.0400
2.7133 2.2449 -0.0400
2.6750 2.2496 -0.0400
2.6330 2.2565 -0.0400
2.5719 2.2809 -0.0400
2.5459 2.2685 -0.0400
2.4984 2.2757 -0.0400
2.4498 2.2819 -0.0400
1.2064 2.7799 -0.0400
1.2107 2.7171 -0.0400
1.1908 2.6702 -0.0400
1.1435 2.6393 -0.0400
-0.0458 1.3894 -0.0400
-0.0797 1.3255 -0.0400
-1.7563 0.1312 -0.0400
1.2735 -1.5762 -0.0400
1.3209 -1.6197 -0.0400
1.3405 -1.6981 -0.0400
2.9324 -1.2497 -0.0400
2.9849 -1.2285 -0.0400
3.0305 -1.2290 -0.0400
3.0720 -1.2448 -0.0400
3.1123 -1.2672 -0.0400
3.1597 -1.2566 -0.0400
3.2041 -1.2589 -0.0400
3.2463 -1.2726 -0.0400
3.2785 -1.3538 -0.0400
3.3193 -1.3911 -0.0400
3.3608 -1.4311 -0.0400
5.9714 -2.1441 -0.0400
5.9976 -2.0583 -0.0400
6.0531 -2.0152 -0.0400
6.1359 -2.0078 -0.0400
6.4065 -0.4661 -0.0400
6.3452 -0.3650 -0.0400
6.3613 -0.3116 -0.0400
6.3883 -0.2646 -0.0400
6.4267 -0.2236 -0.0400
6.4828 -0.1906 -0.0400
8.2414 -0.4011 -0.0400
6.0206 0.6482 -0.0400
5.9825 0.6999 -0.0400
5.9695 0.7449 -0.0400
5.9703 0.7865 -0.0400
5.9885 0.8251 -0.0400
6.0212 0.8620 -0.0400
6.0918 0.8949 -0.0400
8.2059 1.9848 -0.0400
5.6595 2.8690 -0.0400
5.6113 2.8874 -0.0400
5.5627 2.9043 -0.0400
5.5171 2.9228 -0.0400
5.4920 2.9600 -0.0400
5.4450 2.9758 -0.0400
5.4064 2.9990 -0.0400
5.3815 3.0365 -0.0400
5.3672 3.0860 -0.0400
7.0649 5.3808 -0.0400
7.0132 5.4675 -0.0400
6.9798 5.5804 -0.0400
4.2404 4.1436 -0.0400
4.1777 4.0898 -0.0400
4.1254 4.0873 -0.0400
4.0768 4.1080 -0.0400
4.0266 4.1201 -0.0400
3.9732 4.1042 -0.0400
3.9241 4.1273 -0.0400
3.8762 4.1774 -0.0400
3.8268 4.2290 -0.0400
3.7742 4.2395 -0.0400
3.7218 4.2806 -0.0400
2.7469 2.2609 -0.0400
2.7203 2.2539 -0.0400
2.6942 2.2457 -0.0400
2.6304 2.2759 -0.0400
2.5852 2.2842 -0.0400
2.5549 2.2763 -0.0400
2.5257 2.2666 -0.0400
2.4633 2.2860 -0.0400
1.2374 2.7773 -0.0400
1.2263 2.7247 -0.0400
1.2020 2.6806 -0.0400
1.1642 2.6444 -0.0400
1.1014 2.6214 -0.0400
-0.0524 1.4712 -0.0400
-0.0498 1.4058 -0.0400
-1.7701 0.1469 -0.0400
2.9115 -1.3038 -0.0400
2.9775 -1.2391 -0.0400
3.0257 -1.2316 -0.0400
3.0653 -1.2562 -0.0400
3.1114 -1.2540 -0.0400
3.1571 -1.2519 -0.0400
3.2005 -1.2604 -0.0400
3.2410 -1.2853 -0.0400
3.2794 -1.3281 -0.0400
3.3170 -1.3866 -0.0400
3.3599 -1.4156 -0.0400
5.9558 -2.1181 -0.0400
5.9977 -2.0550 -0.0400
6.0660 -2.0290 -0.0400
6.3393 -0.4187 -0.0400
6.3455 -0.3587 -0.0400
6.3637 -0.3065 -0.0400
6.3918 -0.2601 -0.0400
6.4620 -0.2354 -0.0400
8.2297 -0.3934 -0.0400
6.0224 0.6113 -0.0400
5.9780 0.6656 -0.0400
5.9642 0.7113 -0.0400
5.9628 0.7535 -0.0400
5.9709 0.7937 -0.0400
5.9883 0.8324 -0.0400
6.0193 0.8694 -0.0400
8.2158 1.9078 -0.0400
8.2171 1.9897 -0.0400
5.7005 2.8471 -0.0400
5.6510 2.8652 -0.0400
5.5941 2.8758 -0.0400
5.5524 2.8982 -0.0400
5.5138 2.9227 -0.0400
5.4849 2.9559 -0.0400
5.4404 2.9738 -0.0400
5.4042 2.9992 -0.0400
5.3949 3.0529 -0.0400
7.1633 5.3462 -0.0400
7.0612 5.3709 -0.0400
7.0345 5.4886 -0.0400
6.9903 5.5877 -0.0400
4.1850 4.1023 -0.0400
4.1310 4.0900 -0.0400
4.0850 4.1275 -0.0400
4.0302 4.1038 -0.0400
3.9788 4.1029 -0.0400
3.9290 4.1159 -0.0400
3.8806 4.1523 -0.0400
3.8333 4.2303 -0.0400
3.7815 4.2589 -0.0400
2.6624 2.2589 -0.0400
2.5926 2.2929 -0.0400
2.5693 2.2784 -0.0400
2.5322 2.2765 -0.0400
2.4969 2.2717 -0.0400
1.2385 2.7938 -0.0400
1.2314 2.7385 -0.0400
1.2106 2.6924 -0.0400
1.1540 2.6672 -0.0400
-0.0451 1.4218 -0.0400
-0.0754 1.3577 -0.0400
-1.7887 0.2607 -0.0400
-1.7758 0.1644 -0.0400
2.9249 -1.2415 -0.0400
2.9764 -1.2255 -0.0400
3.0215 -1.2291 -0.0400
3.0630 -1.2468 -0.0400
3.1051 -1.2629 -0.0400
3.1522 -1.2558 -0.0400
3.1949 -1.2689 -0.0400
3.2345 -1.3013 -0.0400
3.2681 -1.3779 -0.0400
3.3120 -1.3974 -0.0400
3.3514 -1.4593 -0.0400
5.9541 -2.1131 -0.0400
5.9992 -2.0542 -0.0400
6.0672 -2.0278 -0.0400
6.3361 -0.4755 -0.0400
6.3327 -0.4084 -0.0400
6.3443 -0.3518 -0.0400
6.3660 -0.3016 -0.0400
6.4122 -0.2649 -0.0400
6.4721 -0.2345 -0.0400
6.0364 0.6149 -0.0400
5.9831 0.6717 -0.0400
5.9564 0.7203 -0.0400
5.9641 0.7606 -0.0400
5.9808 0.7992 -0.0400
6.0104 0.8359 -0.0400
6.0674 0.8694 -0.0400
8.2661 1.8365 -0.0400
8.2182 1.9114 -0.0400
8.2317 1.9953 -0.0400
5.6880 2.8410 -0.0400
5.6470 2.8658 -0.0400
5.5875 2.8740 -0.0400
5.5411 2.8919 -0.0400
5.5112 2.9239 -0.0400
5.4716 2.9467 -0.0400
5.4334 2.9702 -0.0400
5.4032 3.0014 -0.0400
5.3996 3.0608 -0.0400
7.1339 5.3073 -0.0400
7.0643 5.3701 -0.0400
7.0559 5.5105 -0.0400
4.2448 4.1180 -0.0400
4.1859 4.0822 -0.0400
4.1347 4.0836 -0.0400
4.0872 4.1088 -0.0400
4.0362 4.1120 -0.0400
3.9842 4.1042 -0.0400
3.9357 4.1302 -0.0400
3.8899 4.2027 -0.0400
3.8390 4.2264 -0.0400
3.7871 4.2441 -0.0400
2.5879 5.0460 -0.0400
2.5424 4.9565 -0.0400
2.5478 2.2775 -0.0400
2.4982 2.2860 -0.0400
2.4452 2.2956 -0.0400
1.2441 2.8072 -0.0400
1.2378 2.7514 -0.0400
1.2143 2.7069 -0.0400
1.1701 2.6745 -0.0400
1.0784 2.6677 -0.0400
-1.8060 0.2765 -0.0400
-1.7735 0.1837 -0.0400
1.1371 -0.0530 -0.0400
1.2031 -0.0742 -0.0400
2.9129 -1.2619 -0.0400
2.9687 -1.2328 -0.0400
3.0155 -1.2316 -0.0400
3.0546 -1.2598 -0.0400
3.1028 -1.2512 -0.0400
3.1483 -1.2519 -0.0400
3.1916 -1.2628 -0.0400
3.2321 -1.2896 -0.0400
3.2701 -1.3378 -0.0400
3.3050 -1.4188 -0.0400
5.9482 -2.1025 -0.0400
6.0031 -2.0577 -0.0400
6.0917 -2.0589 -0.0400
6.3595 -0.4846 -0.0400
6.3252 -0.3978 -0.0400
6.3432 -0.3451 -0.0400
6.3775 -0.3020 -0.0400
6.4238 -0.2652 -0.0400
6.4921 -0.2391 -0.0400
8.1994 -0.4657 -0.0400
6.0341 0.5783 -0.0400
5.9769 0.6376 -0.0400
5.9611 0.6843 -0.0400
5.9585 0.7272 -0.0400
5.9653 0.7677 -0.0400
5.9810 0.8064 -0.0400
6.0535 0.8359 -0.0400
8.2631 1.8395 -0.0400
8.2177 1.9147 -0.0400
8.2436 2.0006 -0.0400
5.7650 2.8478 -0.0400
5.6743 2.8346 -0.0400
5.6292 2.8555 -0.0400
5.5753 2.8679 -0.0400
5.5368 2.8924 -0.0400
5.5097 2.9267 -0.0400
5.4664 2.9459 -0.0400
5.4278 2.9687 -0.0400
5.4068 3.0089 -0.0400
7.1305 5.2997 -0.0400
7.0628 5.3645 -0.0400
7.0544 5.5043 -0.0400
4.2413 4.0818 -0.0400
4.1883 4.0738 -0.0400
4.1396 4.0885 -0.0400
4.0926 4.1168 -0.0400
4.0388 4.0977 -0.0400
3.9883 4.0999 -0.0400
3.9393 4.1170 -0.0400
3.8918 4.1603 -0.0400
3.8446 4.2314 -0.0400
3.7937 4.2699 -0.0400
2.6033 5.0288 -0.0400
2.5544 4.9521 -0.0400
2.4962 4.9113 -0.0400
2.4263 4.9072 -0.0400
2.3461 4.9302 -0.0400
1.2551 2.8168 -0.0400
1.2464 2.7626 -0.0400
1.2224 2.7185 -0.0400
1.1802 2.6851 -0.0400
1.1078 2.6678 -0.0400
-1.3603 2.4095 -0.0400
-1.4036 2.3263 -0.0400
-1.8790 0.2828 -0.0400
1.1512 -0.0308 -0.0400
1.1930 -0.0646 -0.0400
1.2267 -0.1021 -0.0400
1.2455 -0.1476 -0.0400
1.2345 -0.2114 -0.0400
2.9166 -1.2283 -0.0400
2.9661 -1.2200 -0.0400
3.0104 -1.2285 -0.0400
3.0512 -1.2505 -0.0400
3.0956 -1.2582 -0.0400
3.1432 -1.2510 -0.0400
3.1846 -1.2725 -0.0400
3.2238 -1.3090 -0.0400
3.2589 -1.3788 -0.0400
3.3026 -1.4026 -0.0400
5.9044 -2.1640 -0.0400
5.9485 -2.1019 -0.0400
6.0062 -2.0607 -0.0400
6.3369 -0.5313 -0.0400
6.3239 -0.4562 -0.0400
6.3195 -0.3887 -0.0400
6.3443 -0.3400 -0.0400
6.3761 -0.2955 -0.0400
6.4445 -0.2708 -0.0400
6.5441 -0.2607 -0.0400
8.1999 -0.4627 -0.0400
6.0322 0.5859 -0.0400
5.9783 0.6444 -0.0400
5.9510 0.6940 -0.0400
5.9581 0.7345 -0.0400
5.9739 0.7731 -0.0400
6.0009 0.8099 -0.0400
6.0488 0.8438 -0.0400
8.2505 1.9231 -0.0400
5.7232 2.8208 -0.0400
5.6713 2.8373 -0.0400
5.6204 2.8533 -0.0400
5.5696 2.8680 -0.0400
5.5321 2.8932 -0.0400
5.5041 2.9264 -0.0400
5.4570 2.9417 -0.0400
5.4256 2.9712 -0.0400
5.4074 3.0141 -0.0400
7.2343 5.2737 -0.0400
7.1291 5.2954 -0.0400
7.0641 5.3630 -0.0400
7.0568 5.5037 -0.0400
4.2470 4.0945 -0.0400
4.1916 4.0742 -0.0400
4.1419 4.0816 -0.0400
4.0933 4.0962 -0.0400
4.0419 4.0915 -0.0400
3.9926 4.1022 -0.0400
3.9449 4.1311 -0.0400
3.9014 4.2256 -0.0400
3.8489 4.2236 -0.0400
3.7977 4.2473 -0.0400
2.6123 5.0325 -0.0400
2.5701 4.9337 -0.0400
2.5055 4.9146 -0.0400
2.4346 4.9142 -0.0400
2.3498 4.9506 -0.0400
1.2394 2.8435 -0.0400
1.2568 2.7723 -0.0400
1.2340 2.7277 -0.0400
1.1852 2.6984 -0.0400
1.1091 2.6833 -0.0400
-1.3463 2.4250 -0.0400
-1.3700 2.3379 -0.0400
-1.7838 0.2263 -0.0400
-1.7990 0.1239 -0.0400
1.1430 -0.0705 -0.0400
1.2137 -0.0887 -0.0400
1.2430 -0.1285 -0.0400
1.2553 -0.1782 -0.0400
1.2604 -0.2330 -0.0400
2.9500 -1.2442 -0.0400
3.0008 -1.2310 -0.0400
3.0451 -1.2404 -0.0400
3.0865 -1.2616 -0.0400
3.1348 -1.2529 -0.0400
3.1801 -1.2560 -0.0400
3.2232 -1.2701 -0.0400
3.2644 -1.2977 -0.0400
3.2972 -1.3900 -0.0400
3.3393 -1.4319 -0.0400
5.9528 -2.1081 -0.0400
6.0023 -2.0546 -0.0400
6.0732 -2.0313 -0.0400
6.3549 -0.4693 -0.0400
6.3312 -0.3888 -0.0400
6.3493 -0.3358 -0.0400
6.3773 -0.2890 -0.0400
6.4160 -0.2479 -0.0400
6.5134 -0.2374 -0.0400
8.2283 -0.4695 -0.0400
8.2309 -0.3797 -0.0400
5.9759 0.6545 -0.0400
5.9631 0.7006 -0.0400
5.9615 0.7433 -0.0400
5.9684 0.7838 -0.0400
5.9835 0.8227 -0.0400
6.0482 0.8533 -0.0400
8.2149 1.9228 -0.0400
8.2250 2.0058 -0.0400
5.6739 2.8468 -0.0400
5.6290 2.8678 -0.0400
5.5807 2.8849 -0.0400
5.5332 2.9015 -0.0400
5.5015 2.9313 -0.0400
5.4686 2.9599 -0.0400
5.4238 2.9765 -0.0400
5.3976 3.0110 -0.0400
5.3891 3.0644 -0.0400
7.1519 5.3196 -0.0400
7.0568 5.3514 -0.0400
7.0151 5.4479 -0.0400
7.0028 5.5855 -0.0400
4.2540 4.1123 -0.0400
4.1963 4.0806 -0.0400
4.1457 4.0815 -0.0400
4.0984 4.1035 -0.0400
4.0491 4.1143 -0.0400
3.9968 4.0995 -0.0400
3.9472 4.1062 -0.0400
3.9023 4.1723 -0.0400
3.8544 4.2259 -0.0400
3.8030 4.2374 -0.0400
3.7521 4.2828 -0.0400
2.5737 4.9639 -0.0400
2.5165 4.9209 -0.0400
2.4528 4.8995 -0.0400
2.3821 4.8981 -0.0400
1.2429 2.8024 -0.0400
1.2343 2.7487 -0.0400
1.2156 2.7017 -0.0400
1.1815 2.6638 -0.0400
-1.3724 2.3634 -0.0400
-1.4211 2.2809 -0.0400
-1.8787 0.3215 -0.0400
1.1182 -0.0165 -0.0400
1.1720 -0.0447 -0.0400
1.2128 -0.0787 -0.0400
1.2316 -0.1245 -0.0400
1.2120 -0.1935 -0.0400
2.8989 -1.2384 -0.0400
2.9539 -1.2133 -0.0400
2.9963 -1.2299 -0.0400
3.0356 -1.2595 -0.0400
3.0849 -1.2491 -0.0400
3.1307 -1.2516 -0.0400
3.1715 -1.2782 -0.0400
3.2098 -1.3220 -0.0400
3.2470 -1.3814 -0.0400
3.2903 -1.4110 -0.0400
5.8938 -2.1487 -0.0400
5.9455 -2.0977 -0.0400
6.0252 -2.0875 -0.0400
6.3042 -0.4995 -0.0400
6.2996 -0.4304 -0.0400
6.3223 -0.3800 -0.0400
6.3551 -0.3359 -0.0400
6.4186 -0.3093 -0.0400
6.4928 -0.2869 -0.0400
8.1754 -0.5384 -0.0400
5.9875 0.5684 -0.0400
5.9604 0.6201 -0.0400
5.9516 0.6655 -0.0400
5.9530 0.7077 -0.0400
5.9697 0.7461 -0.0400
5.9979 0.7823 -0.0400
6.0455 0.8155 -0.0400
8.2361 1.8470 -0.0400
5.7457 2.7929 -0.0400
5.6918 2.8084 -0.0400
5.6537 2.8350 -0.0400
5.5923 2.8418 -0.0400
5.5558 2.8678 -0.0400
5.5294 2.9022 -0.0400
5.4869 2.9220 -0.0400
5.4479 2.9443 -0.0400
5.4250 2.9816 -0.0400
5.4243 3.0419 -0.0400
7.3413 5.2484 -0.0400
7.1999 5.2321 -0.0400
7.1266 5.2892 -0.0400
7.0967 5.3984 -0.0400
7.0867 5.5361 -0.0400
4.3071 4.1111 -0.0400
4.2466 4.0701 -0.0400
4.1953 4.0678 -0.0400
4.1506 4.1017 -0.0400
4.0973 4.0857 -0.0400
4.0474 4.0881 -0.0400
3.9990 4.1032 -0.0400
3.9525 4.1399 -0.0400
3.9083 4.2196 -0.0400
3.8566 4.2236 -0.0400
2.6423 4.9901 -0.0400
2.5865 4.9408 -0.0400
2.5240 4.9162 -0.0400
2.4363 4.9677 -0.0400
1.2488 2.7502 -0.0400
1.2015 2.7203 -0.0400
1.1397 2.6976 -0.0400
-1.3441 2.5551 -0.0400
-1.3353 2.4598 -0.0400
-1.3645 2.3740 -0.0400
-0.0480 1.5526 -0.0400
-0.0458 1.4871 -0.0400
1.1069 -0.0063 -0.0400
1.1639 -0.0331 -0.0400
1.2056 -0.0668 -0.0400
1.2233 -0.1133 -0.0400
1.2316 -0.1657 -0.0400
2.8997 -1.2091 -0.0400
2.9464 -1.2117 -0.0400
2.9891 -1.2279 -0.0400
3.0292 -1.2551 -0.0400
3.0797 -1.2403 -0.0400
3.1240 -1.2498 -0.0400
3.1657 -1.2725 -0.0400
3.2056 -1.3083 -0.0400
3.2385 -1.3929 -0.0400
3.2765 -1.4622 -0.0400
5.8866 -2.1393 -0.0400
5.9480 -2.1028 -0.0400
6.0243 -2.0875 -0.0400
6.3050 -0.5635 -0.0400
6.2843 -0.4817 -0.0400
6.3027 -0.4278 -0.0400
6.3234 -0.3760 -0.0400
6.3640 -0.3366 -0.0400
6.4370 -0.3152 -0.0400
8.1585 -0.6210 -0.0400
8.1712 -0.5342 -0.0400
5.9691 0.5806 -0.0400
5.9533 0.6289 -0.0400
5.9498 0.6728 -0.0400
5.9558 0.7138 -0.0400
5.9746 0.7518 -0.0400
6.0051 0.7876 -0.0400
6.0574 0.8200 -0.0400
8.2431 1.7706 -0.0400
8.2290 1.8499 -0.0400
5.7342 2.7909 -0.0400
5.6874 2.8116 -0.0400
5.6369 2.8282 -0.0400
5.5828 2.8405 -0.0400
5.5538 2.8726 -0.0400
5.5264 2.9059 -0.0400
5.4757 2.9182 -0.0400
5.4481 2.9508 -0.0400
5.4421 3.0045 -0.0400
7.2002 5.2320 -0.0400
7.1273 5.2895 -0.0400
7.1259 5.4326 -0.0400
4.3079 4.1092 -0.0400
4.2452 4.0565 -0.0400
4.1977 4.0721 -0.0400
4.1530 4.1056 -0.0400
4.0994 4.0868 -0.0400
4.0492 4.0858 -0.0400
4.0034 4.1208 -0.0400
3.9626 4.2165 -0.0400
3.9107 4.2154 -0.0400
3.8604 4.2356 -0.0400
2.6570 4.9667 -0.0400
2.5961 4.9366 -0.0400
2.5288 4.9283 -0.0400
2.4513 4.9496 -0.0400
-1.3608 2.5779 -0.0400
-1.3293 2.4768 -0.0400
-0.0400 1.5030 -0.0400
-0.0701 1.4392 -0.0400
1.0823 -0.0025 -0.0400
1.1699 -0.0139 -0.0400
1.1983 -0.0546 -0.0400
1.2169 -0.1006 -0.0400
1.2253 -0.1530 -0.0400
2.8922 -1.2052 -0.0400
2.9385 -1.2098 -0.0400
2.9812 -1.2266 -0.0400
3.0253 -1.2384 -0.0400
3.0721 -1.2391 -0.0400
3.1167 -1.2483 -0.0400
3.1590 -1.2690 -0.0400
3.1874 -1.3682 -0.0400
3.2321 -1.3885 -0.0400
3.2735 -1.4339 -0.0400
5.8536 -2.2245 -0.0400
5.8896 -2.1468 -0.0400
5.9558 -2.1168 -0.0400
6.2806 -0.5426 -0.0400
6.2790 -0.4741 -0.0400
6.2967 -0.4198 -0.0400
6.3299 -0.3758 -0.0400
6.3827 -0.3435 -0.0400
6.4364 -0.3105 -0.0400
8.1615 -0.6202 -0.0400
8.2120 -0.5485 -0.0400
5.9521 0.5923 -0.0400
5.9456 0.6376 -0.0400
5.9454 0.6806 -0.0400
5.9605 0.7193 -0.0400
5.9830 0.7565 -0.0400
6.0181 0.7915 -0.0400
8.2360 1.7736 -0.0400
5.7577 2.7596 -0.0400
5.7147 2.7835 -0.0400
5.6842 2.8160 -0.0400
5.6137 2.8169 -0.0400
5.5787 2.8441 -0.0400
5.5531 2.8789 -0.0400
5.5132 2.9013 -0.0400
5.4702 2.9201 -0.0400
5.4522 2.9615 -0.0400
5.4395 3.0087 -0.0400
7.2849 5.1872 -0.0400
7.1965 5.2280 -0.0400
7.1342 5.2973 -0.0400
7.1272 5.4336 -0.0400
4.2962 4.0543 -0.0400
4.2457 4.0548 -0.0400
4.1985 4.0708 -0.0400
4.1539 4.1035 -0.0400
4.0992 4.0766 -0.0400
4.0510 4.0885 -0.0400
4.0044 4.1148 -0.0400
3.9603 4.1732 -0.0400
3.9129 4.2139 -0.0400
3.8651 4.2699 -0.0400
2.7056 5.0756 -0.0400
2.6611 4.9793 -0.0400
2.6030 4.9394 -0.0400
2.5385 4.9231 -0.0400
-1.3532 2.5943 -0.0400
-1.3297 2.4952 -0.0400
-0.0467 1.5849 -0.0400
-0.0415 1.5193 -0.0400
1.1099 0.0276 -0.0400
1.1583 -0.0036 -0.0400
1.1906 -0.0424 -0.0400
1.2120 -0.0869 -0.0400
1.1883 -0.1582 -0.0400
3.0178 -1.2342 -0.0400
3.0642 -1.2374 -0.0400
3.1088 -1.2473 -0.0400
3.1469 -1.2895 -0.0400
3.1811 -1.3597 -0.0400
3.2247 -1.3864 -0.0400
3.2671 -1.4260 -0.0400
5.8432 -2.2121 -0.0400
5.8861 -2.1450 -0.0400
5.9647 -2.1335 -0.0400
6.2766 -0.5364 -0.0400
6.2789 -0.4704 -0.0400
6.2986 -0.4173 -0.0400
6.3378 -0.3770 -0.0400
6.3968 -0.3482 -0.0400
8.1465 -0.6121 -0.0400
8.2245 -0.5518 -0.0400
5.9780 0.5460 -0.0400
5.9384 0.6027 -0.0400
5.9398 0.6456 -0.0400
5.9470 0.6865 -0.0400
5.9686 0.7237 -0.0400
5.9972 0.7596 -0.0400
8.2335 1.7771 -0.0400
8.2493 1.8600 -0.0400
5.7649 2.7718 -0.0400
5.7071 2.7852 -0.0400
5.6569 2.8026 -0.0400
5.6021 2.8151 -0.0400
5.5732 2.8470 -0.0400
5.5505 2.8839 -0.0400
5.4970 2.8945 -0.0400
5.4672 2.9247 -0.0400
5.4560 2.9722 -0.0400
5.4583 3.0341 -0.0400
7.2932 5.1971 -0.0400
7.1994 5.2319 -0.0400
7.1779 5.3482 -0.0400
4.2948 4.0474 -0.0400
4.2456 4.0531 -0.0400
4.1993 4.0726 -0.0400
4.1494 4.0738 -0.0400
4.0997 4.0746 -0.0400
4.0518 4.0868 -0.0400
4.0054 4.1126 -0.0400
3.9653 4.2075 -0.0400
3.9151 4.2201 -0.0400
3.8663 4.2589 -0.0400
2.7273 5.0168 -0.0400
2.6723 4.9637 -0.0400
2.6102 4.9393 -0.0400
2.5410 4.9386 -0.0400
2.4569 4.9811 -0.0400
2.8483 2.4193 -0.0400
2.8474 2.3805 -0.0400
-1.3233 2.6046 -0.0400
-1.3237 2.5118 -0.0400
-0.0367 1.5350 -0.0400
-0.0723 1.4716 -0.0400
1.0782 0.0283 -0.0400
1.1420 0.0044 -0.0400
1.1833 -0.0298 -0.0400
1.1970 -0.0787 -0.0400
1.1957 -0.1370 -0.0400
1.0793 -1.4086 -0.0400
1.1332 -1.4470 -0.0400
1.1757 -1.4979 -0.0400
3.1374 -1.2940 -0.0400
3.1711 -1.3681 -0.0400
3.2163 -1.3867 -0.0400
5.8402 -2.2124 -0.0400
5.8857 -2.1491 -0.0400
5.9704 -2.1465 -0.0400
6.2985 -0.6190 -0.0400
6.2642 -0.5248 -0.0400
6.2741 -0.4641 -0.0400
6.3010 -0.4157 -0.0400
6.3427 -0.3768 -0.0400
6.4035 -0.3489 -0.0400
8.1373 -0.6067 -0.0400
5.9418 0.5637 -0.0400
5.9384 0.6087 -0.0400
5.9378 0.6522 -0.0400
5.9512 0.6915 -0.0400
5.9852 0.7256 -0.0400
6.0234 0.7597 -0.0400
8.2402 1.7008 -0.0400
8.2445 1.7820 -0.0400
5.7315 2.7559 -0.0400
5.6932 2.7826 -0.0400
5.6403 2.7977 -0.0400
5.6001 2.8211 -0.0400
5.5731 2.8545 -0.0400
5.5329 2.8769 -0.0400
5.4914 2.8973 -0.0400
5.4685 2.9336 -0.0400
5.4548 2.9788 -0.0400
7.2845 5.1889 -0.0400
7.2040 5.2383 -0.0400
7.2013 5.3761 -0.0400
7.1791 5.4962 -0.0400
4.3520 4.0761 -0.0400
4.2957 4.0535 -0.0400
4.2456 4.0542 -0.0400
4.2007 4.0805 -0.0400
4.1483 4.0672 -0.0400
4.0996 4.0728 -0.0400
4.0522 4.0863 -0.0400
4.0129 4.1695 -0.0400
3.9660 4.2057 -0.0400
3.9161 4.2187 -0.0400
3.8675 4.2562 -0.0400
2.7246 5.0521 -0.0400
2.6756 4.9749 -0.0400
2.6166 4.9400 -0.0400
2.5394 4.9662 -0.0400
2.8534 2.4231 -0.0400
2.8531 2.3835 -0.0400
2.8512 2.3479 -0.0400
2.8369 2.3290 -0.0400
2.8213 2.3119 -0.0400
-1.2958 2.6152 -0.0400
-1.3148 2.5275 -0.0400
-0.0452 1.5514 -0.0400
-1.9291 0.4912 -0.0400
-1.8105 0.4105 -0.0400
1.0946 0.0530 -0.0400
1.1442 0.0222 -0.0400
1.1763 -0.0168 -0.0400
1.1962 -0.0624 -0.0400
1.2032 -0.1156 -0.0400
0.9612 -1.4134 -0.0400
1.0613 -1.4059 -0.0400
1.1172 -1.4426 -0.0400
1.1643 -1.4886 -0.0400
5.7794 -2.2589 -0.0400
5.8214 -2.1882 -0.0400
5.8833 -2.1511 -0.0400
5.9689 -2.1496 -0.0400
6.2549 -0.5849 -0.0400
6.2641 -0.5224 -0.0400
6.2743 -0.4617 -0.0400
6.3047 -0.4155 -0.0400
6.3543 -0.3813 -0.0400
6.4374 -0.3666 -0.0400
8.1117 -0.6876 -0.0400
8.1606 -0.6157 -0.0400
5.9698 0.5149 -0.0400
5.9341 0.5718 -0.0400
5.9355 0.6152 -0.0400
5.9399 0.6573 -0.0400
5.9626 0.6942 -0.0400
5.9896 0.7303 -0.0400
8.2417 1.7045 -0.0400
8.2385 1.7850 -0.0400
5.7618 2.7308 -0.0400
5.7257 2.7596 -0.0400
5.6766 2.7784 -0.0400
5.6292 2.7972 -0.0400
5.5936 2.8240 -0.0400
5.5653 2.8562 -0.0400
5.5197 2.8738 -0.0400
5.4870 2.9015 -0.0400
5.4759 2.9482 -0.0400
5.4894 3.0189 -0.0400
7.2701 5.1753 -0.0400
7.2064 5.2426 -0.0400
7.2085 5.3857 -0.0400
4.3427 4.0429 -0.0400
4.2918 4.0407 -0.0400
4.2465 4.0622 -0.0400
4.2003 4.0816 -0.0400
4.1486 4.0715 -0.0400
4.0995 4.0736 -0.0400
4.0528 4.0917 -0.0400
4.0170 4.2013 -0.0400
3.9662 4.2038 -0.0400
3.9168 4.2202 -0.0400
2.7412 5.0084 -0.0400
2.6848 4.9622 -0.0400
2.6220 4.9420 -0.0400
2.5518 4.9461 -0.0400
2.4609 5.0109 -0.0400
2.8519 2.4349 -0.0400
2.8675 2.3744 -0.0400
2.8562 2.3514 -0.0400
2.8421 2.3324 -0.0400
2.8267 2.3154 -0.0400
2.8076 2.3028 -0.0400
2.7862 2.2925 -0.0400
2.7624 2.2845 -0.0400
-1.3023 2.6345 -0.0400
-1.3129 2.5445 -0.0400
-1.3674 2.4650 -0.0400
-0.0348 1.6315 -0.0400
-0.0379 1.5667 -0.0400
-1.8284 0.4268 -0.0400
1.0485 0.0470 -0.0400
1.1236 0.0283 -0.0400
1.1690 -0.0040 -0.0400
1.1827 -0.0530 -0.0400
1.1795 -0.1123 -0.0400
1.0542 -1.3914 -0.0400
1.1090 -1.4292 -0.0400
1.1483 -1.4841 -0.0400
1.1641 -1.5670 -0.0400
5.7882 -2.2819 -0.0400
5.8206 -2.1942 -0.0400
5.8794 -2.1519 -0.0400
6.2418 -0.5736 -0.0400
6.2559 -0.5147 -0.0400
6.2738 -0.4593 -0.0400
6.3139 -0.4193 -0.0400
6.3585 -0.3817 -0.0400
6.4590 -0.3775 -0.0400
8.1127 -0.6876 -0.0400
5.9385 0.5309 -0.0400
5.9357 0.5764 -0.0400
5.9316 0.6217 -0.0400
5.9435 0.6616 -0.0400
5.9722 0.6970 -0.0400
6.0022 0.7326 -0.0400
8.2439 1.7082 -0.0400
5.8158 2.7208 -0.0400
5.7552 2.7343 -0.0400
5.7217 2.7647 -0.0400
5.6669 2.7794 -0.0400
5.6158 2.7952 -0.0400
5.5917 2.8307 -0.0400
5.5521 2.8537 -0.0400
5.5126 2.8761 -0.0400
5.4924 2.9144 -0.0400
5.4882 2.9675 -0.0400
7.3708 5.1486 -0.0400
7.2749 5.1827 -0.0400
7.2470 5.2894 -0.0400
7.2075 5.3863 -0.0400
4.3395 4.0368 -0.0400
4.2898 4.0385 -0.0400
4.2449 4.0612 -0.0400
4.1954 4.0622 -0.0400
4.1457 4.0607 -0.0400
4.0990 4.0759 -0.0400
4.0539 4.1042 -0.0400
4.0104 4.1508 -0.0400
3.9663 4.2057 -0.0400
3.9177 4.2298 -0.0400
2.7402 5.0324 -0.0400
2.6910 4.9580 -0.0400
2.6244 4.9521 -0.0400
2.5473 4.9791 -0.0400
2.8763 2.4103 -0.0400
2.8704 2.3794 -0.0400
2.8602 2.3553 -0.0400
2.8466 2.3359 -0.0400
2.8320 2.3182 -0.0400
2.8128 2.3059 -0.0400
2.7916 2.2958 -0.0400
2.7676 2.2883 -0.0400
2.7162 2.3086 -0.0400
2.6528 2.3383 -0.0400
2.6302 2.3255 -0.0400
-1.3084 2.5607 -0.0400
-0.0323 1.6468 -0.0400
-0.0354 1.5820 -0.0400
-1.9207 0.5310 -0.0400
-1.8155 0.4481 -0.0400
1.1610 0.0087 -0.0400
1.1832 -0.0356 -0.0400
1.1922 -0.0877 -0.0400
1.0437 -1.3801 -0.0400
1.0961 -1.4207 -0.0400
1.1402 -1.4702 -0.0400
5.7597 -2.2427 -0.0400
5.8138 -2.1917 -0.0400
5.8882 -2.1736 -0.0400
6.2397 -0.5711 -0.0400
6.2544 -0.5124 -0.0400
6.2753 -0.4590 -0.0400
6.3226 -0.4236 -0.0400
6.3747 -0.3903 -0.0400
8.1037 -0.6834 -0.0400
5.9574 0.4833 -0.0400
5.9290 0.5390 -0.0400
5.9237 0.5853 -0.0400
5.9316 0.6267 -0.0400
5.9515 0.6643 -0.0400
5.9743 0.7015 -0.0400
6.0304 0.7305 -0.0400
8.2450 1.6309 -0.0400
8.2451 1.7116 -0.0400
5.8113 2.7258 -0.0400
5.7508 2.7393 -0.0400
5.6854 2.7477 -0.0400
5.6415 2.7694 -0.0400
5.6114 2.8003 -0.0400
5.5890 2.8369 -0.0400
5.5435 2.8553 -0.0400
5.5084 2.8812 -0.0400
5.4939 2.9242 -0.0400
5.5154 3.0003 -0.0400
7.3502 5.1301 -0.0400
7.2737 5.1839 -0.0400
7.2719 5.3192 -0.0400
4.3922 4.0531 -0.0400
4.3352 4.0281 -0.0400
4.2874 4.0368 -0.0400
4.2445 4.0673 -0.0400
4.1927 4.0572 -0.0400
4.1437 4.0579 -0.0400
4.0974 4.0742 -0.0400
4.0573 4.1356 -0.0400
4.0151 4.1954 -0.0400
3.9665 4.2139 -0.0400
3.9194 4.2535 -0.0400
2.8018 5.0809 -0.0400
2.7535 4.9964 -0.0400
2.6952 4.9596 -0.0400
2.6312 4.9452 -0.0400
2.5594 4.9559 -0.0400
2.8739 2.4215 -0.0400
2.8716 2.3857 -0.0400
2.8627 2.3600 -0.0400
2.8531 2.3360 -0.0400
2.8367 2.3208 -0.0400
2.8181 2.3082 -0.0400
2.7973 2.2980 -0.0400
2.7623 2.3026 -0.0400
2.7231 2.3102 -0.0400
2.6578 2.3423 -0.0400
2.6351 2.3299 -0.0400
2.5971 2.3315 -0.0400
2.5601 2.3307 -0.0400
2.5048 2.3446 -0.0400
-0.0372 1.5974 -0.0400
-1.8225 0.4660 -0.0400
0.9488 -1.3595 -0.0400
1.0302 -1.3715 -0.0400
1.0839 -1.4109 -0.0400
1.1279 -1.4607 -0.0400
5.7654 -2.2627 -0.0400
5.8108 -2.1963 -0.0400
6.2594 -0.6572 -0.0400
6.2247 -0.5595 -0.0400
6.2470 -0.5065 -0.0400
6.2767 -0.4591 -0.0400
6.3267 -0.4253 -0.0400
6.3829 -0.3945 -0.0400
8.1092 -0.6863 -0.0400
5.9481 0.4909 -0.0400
5.9269 0.5440 -0.0400
5.9246 0.5894 -0.0400
5.9350 0.6301 -0.0400
5.9599 0.6665 -0.0400
6.0037 0.6981 -0.0400
8.2447 1.6339 -0.0400
8.2524 1.7153 -0.0400
5.8380 2.6975 -0.0400
5.7720 2.7087 -0.0400
5.7389 2.7395 -0.0400
5.6816 2.7534 -0.0400
5.6372 2.7747 -0.0400
5.6073 2.8057 -0.0400
5.5636 2.8259 -0.0400
5.5288 2.8521 -0.0400
5.5056 2.8875 -0.0400
5.4944 2.9335 -0.0400
7.3410 5.1236 -0.0400
7.3165 5.2321 -0.0400
7.2817 5.3326 -0.0400
4.3860 4.0403 -0.0400
4.3319 4.0258 -0.0400
4.2858 4.0403 -0.0400
4.2414 4.0636 -0.0400
4.1891 4.0496 -0.0400
4.1414 4.0567 -0.0400
4.0964 4.0794 -0.0400
4.0568 4.1429 -0.0400
4.0135 4.1932 -0.0400
3.9652 4.2123 -0.0400
2.7617 4.9785 -0.0400
2.6992 4.9592 -0.0400
2.6306 4.9618 -0.0400
2.5480 5.0086 -0.0400
2.8886 2.4082 -0.0400
2.8813 2.3798 -0.0400
2.8703 2.3575 -0.0400
2.8564 2.3392 -0.0400
2.8410 2.3231 -0.0400
2.8233 2.3097 -0.0400
2.7969 2.3060 -0.0400
2.7699 2.3022 -0.0400
2.7333 2.3076 -0.0400
2.6629 2.3455 -0.0400
2.6323 2.3410 -0.0400
2.6024 2.3350 -0.0400
2.5648 2.3351 -0.0400
2.5060 2.3525 -0.0400
-0.0364 1.6773 -0.0400
-0.0270 1.6117 -0.0400
-1.8511 0.5788 -0.0400
-1.8274 0.4841 -0.0400
0.9697 -1.3235 -0.0400
1.0268 -1.3598 -0.0400
1.0610 -1.4201 -0.0400
5.6599 -2.3846 -0.0400
5.6875 -2.2816 -0.0400
5.7478 -2.2401 -0.0400
5.8315 -2.2374 -0.0400
6.2000 -0.6839 -0.0400
6.2027 -0.6137 -0.0400
6.2151 -0.5525 -0.0400
6.2510 -0.5093 -0.0400
6.3192 -0.4882 -0.0400
6.4042 -0.4766 -0.0400
8.0443 -0.8465 -0.0400
8.1202 -0.7875 -0.0400
5.9176 0.4592 -0.0400
5.9058 0.5094 -0.0400
5.9108 0.5524 -0.0400
5.9270 0.5913 -0.0400
5.9547 0.6267 -0.0400
5.9982 0.6579 -0.0400
8.2499 1.5554 -0.0400
8.2941 1.6388 -0.0400
5.7947 2.6763 -0.0400
5.7287 2.6865 -0.0400
5.6835 2.7084 -0.0400
5.6539 2.7399 -0.0400
5.6333 2.7775 -0.0400
5.5857 2.7954 -0.0400
5.5511 2.8221 -0.0400
5.5292 2.8584 -0.0400
7.4083 5.0624 -0.0400
7.4033 5.1892 -0.0400
7.3616 5.2817 -0.0400
4.4854 4.0389 -0.0400
4.4246 4.0063 -0.0400
4.3750 4.0081 -0.0400
4.3311 4.0304 -0.0400
4.2842 4.0419 -0.0400
4.2332 4.0343 -0.0400
4.1869 4.0475 -0.0400
4.1443 4.0811 -0.0400
4.1107 4.1754 -0.0400
4.0611 4.1814 -0.0400
4.0146 4.2109 -0.0400
2.8848 5.0372 -0.0400
2.8276 4.9919 -0.0400
2.7658 4.9703 -0.0400
2.6991 4.9684 -0.0400
2.9052 2.4281 -0.0400
2.9003 2.3959 -0.0400
2.8907 2.3714 -0.0400
2.8797 2.3495 -0.0400
2.8628 2.3356 -0.0400
2.8434 2.3247 -0.0400
2.8212 2.3167 -0.0400
2.7960 2.3117 -0.0400
2.7631 2.3144 -0.0400
2.6822 2.3658 -0.0400
2.6573 2.3562 -0.0400
2.6281 2.3503 -0.0400
2.5912 2.3508 -0.0400
-0.0339 1.7519 -0.0400
-0.0279 1.6863 -0.0400
-1.8738 0.6864 -0.0400
-1.8350 0.5935 -0.0400
0.9663 -1.3042 -0.0400
1.0082 -1.3561 -0.0400
1.0540 -1.4043 -0.0400
5.6786 -2.2787 -0.0400
5.7508 -2.2575 -0.0400
6.1899 -0.6770 -0.0400
6.1972 -0.6103 -0.0400
6.2158 -0.5536 -0.0400
6.2559 -0.5133 -0.0400
6.3067 -0.4799 -0.0400
8.0396 -0.8458 -0.0400
5.9263 0.4124 -0.0400
5.9154 0.4634 -0.0400
5.9049 0.5131 -0.0400
5.9126 0.5553 -0.0400
5.9333 0.5929 -0.0400
5.9715 0.6252 -0.0400
6.0464 0.6474 -0.0400
8.2658 1.4776 -0.0400
8.2660 1.5586 -0.0400
5.8171 2.6463 -0.0400
5.7798 2.6753 -0.0400
5.7285 2.6946 -0.0400
5.6812 2.7153 -0.0400
5.6503 2.7459 -0.0400
5.6075 2.7677 -0.0400
5.5724 2.7943 -0.0400
5.5506 2.8305 -0.0400
5.5427 2.8779 -0.0400
7.4691 4.9961 -0.0400
7.4080 5.0655 -0.0400
7.4026 5.1917 -0.0400
7.3646 5.2880 -0.0400
4.4810 4.0371 -0.0400
4.4203 4.0044 -0.0400
4.3715 4.0083 -0.0400
4.3306 4.0418 -0.0400
4.2780 4.0295 -0.0400
4.2293 4.0309 -0.0400
4.1842 4.0484 -0.0400
4.1423 4.0854 -0.0400
4.1079 4.1730 -0.0400
4.0594 4.1853 -0.0400
4.0156 4.2346 -0.0400
2.8875 5.0359 -0.0400
2.8302 4.9918 -0.0400
2.7659 4.9814 -0.0400
2.6924 5.0054 -0.0400
2.9160 2.4579 -0.0400
2.9164 2.4170 -0.0400
2.9082 2.3902 -0.0400
2.8965 2.3691 -0.0400
2.8824 2.3516 -0.0400
2.8664 2.3368 -0.0400
2.8482 2.3248 -0.0400
2.8202 2.3240 -0.0400
2.7910 2.3236 -0.0400
2.7470 2.3383 -0.0400
2.6882 2.3664 -0.0400
2.6645 2.3559 -0.0400
2.6366 2.3492 -0.0400
2.5698 2.3783 -0.0400
1.3868 2.9628 -0.0400
1.3680 2.9171 -0.0400
1.3404 2.8777 -0.0400
-1.8666 0.7056 -0.0400
-1.8352 0.6119 -0.0400
1.0272 0.1542 -0.0400
1.0843 0.1258 -0.0400
0.8491 -1.3027 -0.0400
0.9491 -1.2986 -0.0400
1.0012 -1.3402 -0.0400
1.0451 -1.3902 -0.0400
5.6358 -2.3690 -0.0400
5.6752 -2.2869 -0.0400
5.7390 -2.2505 -0.0400
5.8302 -2.2597 -0.0400
6.1876 -0.6770 -0.0400
6.1835 -0.6013 -0.0400
6.2168 -0.5557 -0.0400
6.2598 -0.5171 -0.0400
6.3158 -0.4871 -0.0400
8.0418 -0.8490 -0.0400
5.9092 0.4222 -0.0400
5.9049 0.4704 -0.0400
5.9013 0.5175 -0.0400
5.9168 0.5570 -0.0400
5.9372 0.5948 -0.0400
5.9816 0.6252 -0.0400
8.2512 1.4795 -0.0400
8.2624 1.5608 -0.0400
5.7995 2.6441 -0.0400
5.7515 2.6662 -0.0400
5.7026 2.6865 -0.0400
5.6706 2.7167 -0.0400
5.6486 2.7533 -0.0400
5.6054 2.7749 -0.0400
5.5688 2.8004 -0.0400
5.5456 2.8356 -0.0400
7.4733 5.0036 -0.0400
7.4067 5.0677 -0.0400
7.4284 5.2211 -0.0400
4.4643 3.9975 -0.0400
4.4148 3.9997 -0.0400
4.3686 4.0122 -0.0400
4.3270 4.0424 -0.0400
4.2740 4.0279 -0.0400
4.2260 4.0319 -0.0400
4.1835 4.0616 -0.0400
4.1442 4.1125 -0.0400
4.1046 4.1707 -0.0400
4.0573 4.1898 -0.0400
4.0150 4.2495 -0.0400
2.9418 5.1112 -0.0400
2.8911 5.0272 -0.0400
2.8340 4.9839 -0.0400
2.7680 4.9819 -0.0400
2.6948 5.0055 -0.0400
2.9125 2.4268 -0.0400
2.9071 2.3960 -0.0400
2.9012 2.3672 -0.0400
2.8861 2.3515 -0.0400
2.8692 2.3383 -0.0400
2.8494 2.3284 -0.0400
2.8270 2.3214 -0.0400
2.8008 2.3180 -0.0400
2.7648 2.3246 -0.0400
2.6880 2.3726 -0.0400
2.6616 2.3651 -0.0400
2.6297 2.3623 -0.0400
2.5873 2.3685 -0.0400
1.3987 3.0240 -0.0400
1.3932 2.9683 -0.0400
1.3737 2.9234 -0.0400
1.3448 2.8850 -0.0400
1.2715 2.8746 -0.0400
-1.8529 0.7254 -0.0400
-1.8410 0.6294 -0.0400
1.0595 0.1304 -0.0400
1.1137 0.1017 -0.0400
1.1302 0.0544 -0.0400
1.1313 -0.0016 -0.0400
0.9424 -1.2823 -0.0400
0.9832 -1.3355 -0.0400
1.0264 -1.3865 -0.0400
2.6837 -1.1953 -0.0400
2.7451 -1.1650 -0.0400
5.6099 -2.3367 -0.0400
5.6670 -2.2874 -0.0400
5.7437 -2.2733 -0.0400
6.1543 -0.7268 -0.0400
6.1609 -0.6581 -0.0400
6.1834 -0.6034 -0.0400
6.2169 -0.5577 -0.0400
6.2609 -0.5197 -0.0400
6.3907 -0.5410 -0.0400
8.0171 -0.9367 -0.0400
8.0419 -0.8518 -0.0400
5.9059 0.4257 -0.0400
5.9025 0.4736 -0.0400
5.9019 0.5197 -0.0400
5.9220 0.5577 -0.0400
5.9474 0.5941 -0.0400
6.0107 0.6187 -0.0400
8.2500 1.4814 -0.0400
8.2776 1.5634 -0.0400
5.8383 2.6234 -0.0400
5.7970 2.6505 -0.0400
5.7518 2.6745 -0.0400
5.7006 2.6935 -0.0400
5.6678 2.7232 -0.0400
5.6282 2.7479 -0.0400
5.5899 2.7726 -0.0400
5.5656 2.8069 -0.0400
5.5552 2.8518 -0.0400
7.5451 4.9476 -0.0400
7.4685 5.0028 -0.0400
7.4452 5.1090 -0.0400
7.4181 5.2142 -0.0400
4.5156 4.0133 -0.0400
4.4604 3.9996 -0.0400
4.4097 3.9977 -0.0400
4.3688 4.0284 -0.0400
4.3176 4.0224 -0.0400
4.2692 4.0251 -0.0400
4.2230 4.0361 -0.0400
4.1803 4.0646 -0.0400
4.1423 4.1212 -0.0400
4.1012 4.1707 -0.0400
4.0569 4.2078 -0.0400
2.9511 5.0675 -0.0400
2.8951 5.0140 -0.0400
2.8353 4.9846 -0.0400
2.7683 4.9873 -0.0400
2.6936 5.0174 -0.0400
1.3384 6.9232 -0.0400
2.9246 2.4519 -0.0400
2.9231 2.4145 -0.0400
2.9142 2.3895 -0.0400
2.9022 2.3695 -0.0400
2.8880 2.3528 -0.0400
2.8720 2.3386 -0.0400
2.8494 2.3326 -0.0400
2.8251 2.3279 -0.0400
2.7948 2.3295 -0.0400
2.7154 2.3833 -0.0400
2.6940 2.3715 -0.0400
2.6696 2.3624 -0.0400
2.6403 2.3576 -0.0400
1.3993 3.0329 -0.0400
1.3971 2.9750 -0.0400
1.3788 2.9294 -0.0400
1.3359 2.9004 -0.0400
1.2724 2.8838 -0.0400
-1.8915 0.7387 -0.0400
-1.8675 0.6438 -0.0400
1.0024 0.1756 -0.0400
1.0662 0.1501 -0.0400
1.1044 0.1136 -0.0400
1.1291 0.0707 -0.0400
1.1409 0.0207 -0.0400
0.9232 -1.2783 -0.0400
0.9779 -1.3174 -0.0400
1.0210 -1.3684 -0.0400
2.6790 -1.1695 -0.0400
2.7313 -1.1650 -0.0400
2.7785 -1.1732 -0.0400
2.8208 -1.1964 -0.0400
2.8690 -1.2009 -0.0400
5.6111 -2.3566 -0.0400
5.6609 -2.2932 -0.0400
5.7297 -2.2648 -0.0400
6.1642 -0.7388 -0.0400
6.1641 -0.6639 -0.0400
6.1839 -0.6068 -0.0400
6.2253 -0.5668 -0.0400
6.2843 -0.5391 -0.0400
6.3868 -0.5406 -0.0400
8.0036 -0.9331 -0.0400
8.0590 -0.8639 -0.0400
5.9466 0.3616 -0.0400
5.8892 0.4343 -0.0400
5.8932 0.4791 -0.0400
5.9034 0.5211 -0.0400
5.9254 0.5586 -0.0400
5.9536 0.5942 -0.0400
6.0377 0.6122 -0.0400
8.2526 1.4020 -0.0400
8.2486 1.4829 -0.0400
5.8158 2.6185 -0.0400
5.7729 2.6444 -0.0400
5.7209 2.6638 -0.0400
5.6868 2.6931 -0.0400
5.6634 2.7287 -0.0400
5.6267 2.7554 -0.0400
5.5864 2.7788 -0.0400
5.5733 2.8213 -0.0400
7.5665 4.9707 -0.0400
7.4657 5.0039 -0.0400
7.4722 5.1389 -0.0400
4.5056 3.9987 -0.0400
4.4533 3.9930 -0.0400
4.4060 4.0016 -0.0400
4.3642 4.0287 -0.0400
4.3136 4.0245 -0.0400
4.2645 4.0242 -0.0400
4.2211 4.0469 -0.0400
4.1837 4.1009 -0.0400
4.1466 4.1651 -0.0400
4.0981 4.1744 -0.0400
4.0539 4.2117 -0.0400
2.9576 5.0356 -0.0400
2.8984 5.0013 -0.0400
2.8368 4.9817 -0.0400
2.7664 5.0000 -0.0400
2.6851 5.0559 -0.0400
2.9143 2.4694 -0.0400
2.9304 2.4059 -0.0400
2.9195 2.3843 -0.0400
2.9059 2.3670 -0.0400
2.8907 2.3520 -0.0400
2.8737 2.3395 -0.0400
2.8538 2.3304 -0.0400
2.8315 2.3240 -0.0400
2.8048 2.3218 -0.0400
2.7167 2.3861 -0.0400
2.6934 2.3765 -0.0400
2.6664 2.3702 -0.0400
2.6335 2.3691 -0.0400
2.5860 2.3807 -0.0400
1.3929 3.0464 -0.0400
1.3984 2.9828 -0.0400
1.3826 2.9356 -0.0400
1.3433 2.9046 -0.0400
1.2822 2.8867 -0.0400
-1.8450 0.7617 -0.0400
-1.8442 0.6646 -0.0400
1.0442 0.1559 -0.0400
1.1004 0.1281 -0.0400
1.1191 0.0821 -0.0400
1.1249 0.0289 -0.0400
1.1012 -0.0420 -0.0400
2.6549 -1.1958 -0.0400
2.7198 -1.1571 -0.0400
2.7661 -1.1683 -0.0400
2.8039 -1.2063 -0.0400
2.8549 -1.2024 -0.0400
2.9033 -1.2056 -0.0400
2.9477 -1.2227 -0.0400
2.9841 -1.2750 -0.0400
5.5905 -2.3366 -0.0400
5.6547 -2.2998 -0.0400
5.7412 -2.3020 -0.0400
6.1475 -0.8060 -0.0400
6.1340 -0.7178 -0.0400
6.1503 -0.6567 -0.0400
6.1801 -0.6075 -0.0400
6.2214 -0.5672 -0.0400
6.2773 -0.5372 -0.0400
6.3664 -0.5294 -0.0400
8.0009 -0.9358 -0.0400
8.0770 -0.8770 -0.0400
5.9150 0.3765 -0.0400
5.8987 0.4313 -0.0400
5.8899 0.4817 -0.0400
5.9051 0.5219 -0.0400
5.9389 0.5552 -0.0400
5.9777 0.5876 -0.0400
6.0430 0.6123 -0.0400
8.2511 1.4031 -0.0400
8.2759 1.4846 -0.0400
5.8516 2.5954 -0.0400
5.8120 2.6241 -0.0400
5.7680 2.6494 -0.0400
5.7171 2.6696 -0.0400
5.6824 2.6984 -0.0400
5.6476 2.7267 -0.0400
5.6069 2.7504 -0.0400
5.5807 2.7834 -0.0400
5.5676 2.8259 -0.0400
5.5826 2.8902 -0.0400
7.5274 4.9391 -0.0400
7.4693 5.0110 -0.0400
7.4668 5.1373 -0.0400
4.5001 3.9983 -0.0400
4.4460 3.9870 -0.0400
4.4020 4.0056 -0.0400
4.3571 4.0217 -0.0400
4.3074 4.0197 -0.0400
4.2607 4.0284 -0.0400
4.2200 4.0626 -0.0400
4.1795 4.1021 -0.0400
4.1421 4.1638 -0.0400
4.0970 4.1916 -0.0400
2.9578 5.0351 -0.0400
2.9001 4.9938 -0.0400
2.8364 4.9854 -0.0400
2.7589 5.0341 -0.0400
1.4477 6.9627 -0.0400
2.9350 2.4387 -0.0400
2.9292 2.4088 -0.0400
2.9194 2.3857 -0.0400
2.9064 2.3679 -0.0400
2.8923 2.3517 -0.0400
2.8736 2.3417 -0.0400
2.8525 2.3344 -0.0400
2.8282 2.3304 -0.0400
2.7970 2.3336 -0.0400
2.7204 2.3854 -0.0400
2.6988 2.3744 -0.0400
2.6741 2.3662 -0.0400
2.6221 2.3844 -0.0400
1.3942 3.1146 -0.0400
1.4242 3.0312 -0.0400
1.4127 2.9806 -0.0400
1.3884 2.9398 -0.0400
1.3523 2.9069 -0.0400
1.2977 2.8853 -0.0400
0.9988 0.2062 -0.0400
1.0556 0.1776 -0.0400
1.0919 0.1402 -0.0400
1.1162 0.0972 -0.0400
1.1289 0.0479 -0.0400
2.6439 -1.1857 -0.0400
2.7021 -1.1662 -0.0400
2.7526 -1.1660 -0.0400
2.7950 -1.1895 -0.0400
2.8429 -1.1957 -0.0400
2.8899 -1.2039 -0.0400
2.9320 -1.2309 -0.0400
2.9735 -1.2628 -0.0400
3.0032 -1.3516 -0.0400
3.0474 -1.3832 -0.0400
5.5472 -2.4364 -0.0400
5.5844 -2.3451 -0.0400
5.6460 -2.3029 -0.0400
5.7254 -2.2926 -0.0400
6.1455 -0.7325 -0.0400
6.1540 -0.6645 -0.0400
6.1819 -0.6133 -0.0400
6.2336 -0.5806 -0.0400
6.3095 -0.5647 -0.0400
8.0008 -0.9405 -0.0400
8.0795 -0.8829 -0.0400
5.9042 0.3815 -0.0400
5.8931 0.4341 -0.0400
5.8900 0.4823 -0.0400
5.9083 0.5215 -0.0400
5.9332 0.5583 -0.0400
6.0082 0.5781 -0.0400
8.2497 1.4038 -0.0400
8.2715 1.4854 -0.0400
5.8434 2.5984 -0.0400
5.8076 2.6292 -0.0400
5.7334 2.6371 -0.0400
5.7016 2.6681 -0.0400
5.6789 2.7043 -0.0400
5.6430 2.7319 -0.0400
5.6029 2.7561 -0.0400
5.5876 2.7968 -0.0400
5.5987 2.8571 -0.0400
7.5270 4.9424 -0.0400
7.5280 5.0696 -0.0400
7.4949 5.1682 -0.0400
4.5433 3.9930 -0.0400
4.4888 3.9820 -0.0400
4.4423 3.9929 -0.0400
4.4026 4.0255 -0.0400
4.3518 4.0219 -0.0400
4.3010 4.0157 -0.0400
4.2563 4.0314 -0.0400
4.2179 4.0755 -0.0400
4.1816 4.1352 -0.0400
4.1382 4.1675 -0.0400
4.0968 4.2163 -0.0400
2.9592 5.0245 -0.0400
2.9001 4.9925 -0.0400
2.8362 4.9856 -0.0400
2.7597 5.0313 -0.0400
1.4537 6.9607 -0.0400
2.9457 2.4222 -0.0400
2.9360 2.3988 -0.0400
2.9234 2.3804 -0.0400
2.9093 2.3645 -0.0400
2.8936 2.3509 -0.0400
2.8758 2.3401 -0.0400
2.8558 2.3318 -0.0400
2.8220 2.3395 -0.0400
2.7821 2.3526 -0.0400
2.7205 2.3877 -0.0400
2.6973 2.3787 -0.0400
2.6700 2.3733 -0.0400
2.6364 2.3735 -0.0400
2.5862 2.3883 -0.0400
1.4165 3.0442 -0.0400
1.4129 2.9878 -0.0400
1.3879 2.9476 -0.0400
1.3401 2.9226 -0.0400
0.9762 0.2118 -0.0400
1.0424 0.1873 -0.0400
1.0826 0.1517 -0.0400
1.1050 0.1077 -0.0400
1.1097 0.0540 -0.0400
1.0858 -0.0167 -0.0400
2.6262 -1.1929 -0.0400
2.6881 -1.1642 -0.0400
2.7390 -1.1629 -0.0400
2.7809 -1.1885 -0.0400
2.8261 -1.2044 -0.0400
2.8765 -1.2015 -0.0400
2.9213 -1.2185 -0.0400
2.9553 -1.2808 -0.0400
2.9911 -1.3443 -0.0400
3.0270 -1.4163 -0.0400
5.5389 -2.4426 -0.0400
5.5765 -2.3515 -0.0400
5.6376 -2.3079 -0.0400
6.1266 -0.7995 -0.0400
6.1238 -0.7201 -0.0400
6.1440 -0.6618 -0.0400
6.1778 -0.6153 -0.0400
6.2241 -0.5783 -0.0400
6.2891 -0.5545 -0.0400
8.0304 -0.9618 -0.0400
5.9017 0.3822 -0.0400
5.8784 0.4403 -0.0400
5.8912 0.4819 -0.0400
5.9115 0.5205 -0.0400
5.9399 0.5563 -0.0400
6.0600 0.5606 -0.0400
8.2667 1.3224 -0.0400
8.2524 1.4041 -0.0400
5.8844 2.5765 -0.0400
5.8332 2.6001 -0.0400
5.7687 2.6150 -0.0400
5.7262 2.6405 -0.0400
5.6972 2.6732 -0.0400
5.6760 2.7103 -0.0400
5.6215 2.7260 -0.0400
5.5969 2.7602 -0.0400
5.5845 2.8029 -0.0400
5.5958 2.8634 -0.0400
7.6029 4.8896 -0.0400
7.5232 4.9427 -0.0400
7.4979 5.0452 -0.0400
7.4746 5.1521 -0.0400
4.5981 4.0179 -0.0400
4.5315 3.9773 -0.0400
4.4811 3.9773 -0.0400
4.4361 3.9920 -0.0400
4.3939 4.0159 -0.0400
4.3431 4.0112 -0.0400
4.2969 4.0213 -0.0400
4.2543 4.0452 -0.0400
4.2139 4.0811 -0.0400
4.1811 4.1569 -0.0400
4.1340 4.1716 -0.0400
4.0968 4.2433 -0.0400
3.0160 5.0695 -0.0400
2.9608 5.0103 -0.0400
2.8991 4.9932 -0.0400
2.8342 4.9917 -0.0400
2.7535 5.0563 -0.0400
1.4538 6.9723 -0.0400
2.9508 2.4521 -0.0400
2.9452 2.4215 -0.0400
2.9355 2.3984 -0.0400
2.9233 2.3799 -0.0400
2.9107 2.3621 -0.0400
2.8935 2.3510 -0.0400
2.8740 2.3426 -0.0400
2.8524 2.3365 -0.0400
2.8274 2.3340 -0.0400
2.7935 2.3409 -0.0400
2.7234 2.3862 -0.0400
2.6930 2.3852 -0.0400
2.6625 2.3833 -0.0400
2.6225 2.3897 -0.0400
1.4272 3.1028 -0.0400
1.4377 3.0350 -0.0400
1.4228 2.9874 -0.0400
1.3954 2.9492 -0.0400
1.3544 2.9201 -0.0400
1.2847 2.9087 -0.0400
-1.1816 2.9462 -0.0400
-1.2160 2.8648 -0.0400
0.9633 0.2216 -0.0400
1.0329 0.1985 -0.0400
1.0819 0.1673 -0.0400
1.1014 0.1219 -0.0400
1.1102 0.0707 -0.0400
1.1005 0.0083 -0.0400
0.7997 -1.2358 -0.0400
2.6792 -1.1467 -0.0400
2.7255 -1.1589 -0.0400
2.7680 -1.1829 -0.0400
2.8120 -1.2028 -0.0400
2.8628 -1.1990 -0.0400
2.9072 -1.2178 -0.0400
2.9489 -1.2489 -0.0400
2.9767 -1.3456 -0.0400
3.0206 -1.3788 -0.0400
5.5211 -2.4311 -0.0400
5.5664 -2.3548 -0.0400
5.6411 -2.3358 -0.0400
6.1738 -0.8482 -0.0400
6.1100 -0.7149 -0.0400
6.1391 -0.6640 -0.0400
6.1805 -0.6233 -0.0400
6.2371 -0.5938 -0.0400
6.3290 -0.5892 -0.0400
7.9717 -1.0362 -0.0400
8.0103 -0.9572 -0.0400
5.8868 0.3393 -0.0400
5.8754 0.3931 -0.0400
5.8791 0.4393 -0.0400
5.8921 0.4811 -0.0400
5.9131 0.5196 -0.0400
5.9751 0.5431 -0.0400
8.2666 1.3220 -0.0400
8.2575 1.4039 -0.0400
5.8608 2.5713 -0.0400
5.8055 2.5924 -0.0400
5.7550 2.6146 -0.0400
5.7185 2.6435 -0.0400
5.6923 2.6778 -0.0400
5.6492 2.7014 -0.0400
5.6164 2.7306 -0.0400
5.5947 2.7668 -0.0400
5.5842 2.8108 -0.0400
7.5805 4.8737 -0.0400
7.5420 4.9631 -0.0400
7.5284 5.0770 -0.0400
4.5810 3.9899 -0.0400
4.5230 3.9715 -0.0400
4.4751 3.9779 -0.0400
4.4385 4.0182 -0.0400
4.3850 4.0067 -0.0400
4.3361 4.0076 -0.0400
4.2912 4.0218 -0.0400
4.2531 4.0634 -0.0400
4.2197 4.1302 -0.0400
4.1770 4.1628 -0.0400
4.1326 4.1910 -0.0400
4.0935 4.2533 -0.0400
3.0176 5.0505 -0.0400
2.9602 5.0059 -0.0400
2.8980 4.9924 -0.0400
2.8289 5.0118 -0.0400
1.5548 7.0101 -0.0400
1.4610 6.9641 -0.0400
2.9526 2.4464 -0.0400
2.9458 2.4183 -0.0400
2.9400 2.3898 -0.0400
2.9260 2.3743 -0.0400
2.9108 2.3607 -0.0400
2.8939 2.3494 -0.0400
2.8750 2.3407 -0.0400
2.8463 2.3437 -0.0400
2.8157 2.3478 -0.0400
2.7423 2.3999 -0.0400
2.7213 2.3893 -0.0400
2.6976 2.3814 -0.0400
2.6696 2.3772 -0.0400
2.6337 2.3802 -0.0400
1.4298 3.0466 -0.0400
1.4277 2.9898 -0.0400
1.3930 2.9570 -0.0400
1.3394 2.9365 -0.0400
-1.1806 3.0508 -0.0400
-1.1786 2.9575 -0.0400
-1.2131 2.8763 -0.0400
0.9661 0.2382 -0.0400
1.0288 0.2121 -0.0400
1.0760 0.1800 -0.0400
1.0963 0.1352 -0.0400
1.1066 0.0849 -0.0400
0.8845 -1.2244 -0.0400
0.9242 -1.2785 -0.0400
0.9652 -1.3318 -0.0400
2.6078 -1.1601 -0.0400
2.6638 -1.1475 -0.0400
2.7121 -1.1541 -0.0400
2.7554 -1.1756 -0.0400
2.8016 -1.1880 -0.0400
2.8490 -1.1964 -0.0400
2.8937 -1.2140 -0.0400
2.9353 -1.2456 -0.0400
2.9626 -1.3443 -0.0400
3.0059 -1.3808 -0.0400
5.6371 -2.3512 -0.0400
6.1115 -0.8011 -0.0400
6.1150 -0.7265 -0.0400
6.1382 -0.6702 -0.0400
6.1742 -0.6249 -0.0400
6.2590 -0.6170 -0.0400
7.9556 -1.0342 -0.0400
5.8968 0.3327 -0.0400
5.8794 0.3898 -0.0400
5.8809 0.4372 -0.0400
5.8970 0.4780 -0.0400
5.9281 0.5128 -0.0400
5.9761 0.5419 -0.0400
8.2562 1.3215 -0.0400
8.2902 1.4031 -0.0400
5.8832 2.5390 -0.0400
5.8442 2.5694 -0.0400
5.8186 2.6060 -0.0400
5.7407 2.6137 -0.0400
5.7125 2.6471 -0.0400
5.6802 2.6778 -0.0400
5.6399 2.7031 -0.0400
5.6122 2.7355 -0.0400
5.5937 2.7739 -0.0400
7.6813 4.8408 -0.0400
7.5770 4.8740 -0.0400
7.5286 4.9545 -0.0400
7.5237 5.0761 -0.0400
4.5718 3.9832 -0.0400
4.5160 3.9700 -0.0400
4.4727 3.9897 -0.0400
4.4295 4.0102 -0.0400
4.3776 4.0029 -0.0400
4.3304 4.0095 -0.0400
4.2906 4.0419 -0.0400
4.2534 4.0882 -0.0400
4.2187 4.1507 -0.0400
4.1709 4.1608 -0.0400
4.1337 4.2246 -0.0400
3.0196 5.0257 -0.0400
2.9594 5.0002 -0.0400
2.8954 4.9972 -0.0400
2.8242 5.0267 -0.0400
1.5597 7.0059 -0.0400
1.4640 6.9654 -0.0400
2.9586 2.4733 -0.0400
2.9558 2.4376 -0.0400
2.9534 2.4032 -0.0400
2.9401 2.3867 -0.0400
2.9258 2.3719 -0.0400
2.9105 2.3588 -0.0400
2.8908 2.3516 -0.0400
2.8701 2.3453 -0.0400
2.8469 2.3417 -0.0400
2.8179 2.3443 -0.0400
2.7433 2.3983 -0.0400
2.7171 2.3938 -0.0400
2.6907 2.3889 -0.0400
2.6585 2.3892 -0.0400
2.6119 2.4029 -0.0400
1.4440 3.1006 -0.0400
1.4476 3.0384 -0.0400
1.4306 2.9930 -0.0400
1.4012 2.9567 -0.0400
1.3578 2.9298 -0.0400
-1.1844 3.0637 -0.0400
-1.1756 2.9682 -0.0400
-1.2097 2.8870 -0.0400
1.0294 0.2276 -0.0400
1.0654 0.1902 -0.0400
1.0896 0.1474 -0.0400
1.0998 0.0971 -0.0400
0.8673 -1.2183 -0.0400
0.9200 -1.2595 -0.0400
0.9619 -1.3116 -0.0400
2.5747 -1.2063 -0.0400
2.6461 -1.1539 -0.0400
2.6973 -1.1529 -0.0400
2.7373 -1.1849 -0.0400
2.7862 -1.1898 -0.0400
2.8350 -1.1935 -0.0400
2.8807 -1.2077 -0.0400
2.9134 -1.2755 -0.0400
2.9489 -1.3403 -0.0400
2.9925 -1.3756 -0.0400
6.0835 -0.7849 -0.0400
6.1015 -0.7231 -0.0400
6.1333 -0.6739 -0.0400
6.1773 -0.6347 -0.0400
6.2374 -0.6076 -0.0400
6.3480 -0.6164 -0.0400
7.9553 -1.0417 -0.0400
8.0323 -0.9832 -0.0400
5.8975 0.2796 -0.0400
5.8683 0.3438 -0.0400
5.8663 0.3936 -0.0400
5.8759 0.4374 -0.0400
5.8958 0.4767 -0.0400
5.9249 0.5125 -0.0400
5.9704 0.5427 -0.0400
8.2575 1.3203 -0.0400
5.8775 2.5423 -0.0400
5.8362 2.5716 -0.0400
5.7783 2.5912 -0.0400
5.7312 2.6151 -0.0400
5.7078 2.6513 -0.0400
5.6861 2.6883 -0.0400
5.6321 2.7055 -0.0400
5.6103 2.7417 -0.0400
5.6261 2.8031 -0.0400
7.6751 4.8386 -0.0400
7.5739 4.8745 -0.0400
7.5834 5.0065 -0.0400
4.5538 3.9543 -0.0400
4.5077 3.9658 -0.0400
4.4678 3.9946 -0.0400
4.4223 4.0080 -0.0400
4.3707 4.0017 -0.0400
4.3263 4.0170 -0.0400
4.2867 4.0506 -0.0400
4.2546 4.1170 -0.0400
4.2128 4.1508 -0.0400
4.1716 4.1909 -0.0400
3.0712 5.0998 -0.0400
3.0173 5.0250 -0.0400
2.9573 4.9990 -0.0400
2.8929 4.9991 -0.0400
2.8083 5.0933 -0.0400
1.5674 6.9921 -0.0400
2.9680 2.4524 -0.0400
2.9600 2.4261 -0.0400
2.9537 2.3982 -0.0400
2.9399 2.3829 -0.0400
2.9252 2.3691 -0.0400
2.9082 2.3587 -0.0400
2.8893 2.3507 -0.0400
2.8687 2.3446 -0.0400
2.8457 2.3411 -0.0400
2.7605 2.4111 -0.0400
2.7406 2.4002 -0.0400
2.7180 2.3920 -0.0400
2.6925 2.3863 -0.0400
2.6618 2.3856 -0.0400
1.4701 3.0844 -0.0400
1.4585 3.0346 -0.0400
1.4338 2.9952 -0.0400
1.3967 2.9646 -0.0400
1.3387 2.9475 -0.0400
-1.1724 2.9782 -0.0400
0.0072 1.8723 -0.0400
0.9527 0.2620 -0.0400
1.0133 0.2349 -0.0400
1.0632 0.2042 -0.0400
1.0868 0.1613 -0.0400
1.0888 0.1068 -0.0400
1.0814 0.0462 -0.0400
0.8625 -1.2004 -0.0400
0.9014 -1.2552 -0.0400
0.9449 -1.3058 -0.0400
2.5378 -1.1387 -0.0400
2.5952 -1.1247 -0.0400
2.6434 -1.1326 -0.0400
2.6859 -1.1562 -0.0400
2.7277 -1.1832 -0.0400
2.7793 -1.1792 -0.0400
2.8219 -1.2044 -0.0400
2.8607 -1.2459 -0.0400
2.8914 -1.3249 -0.0400
2.9357 -1.3551 -0.0400
6.0563 -0.8459 -0.0400
6.0689 -0.7781 -0.0400
6.0971 -0.7251 -0.0400
6.1532 -0.6959 -0.0400
6.2311 -0.6831 -0.0400
7.8983 -1.2192 -0.0400
7.9169 -1.1270 -0.0400
5.8642 0.2941 -0.0400
5.8562 0.3476 -0.0400
5.8627 0.3935 -0.0400
5.8897 0.4298 -0.0400
5.9318 0.4603 -0.0400
6.0122 0.4767 -0.0400
8.2560 1.1548 -0.0400
8.2615 1.2368 -0.0400
5.9305 2.4716 -0.0400
5.8874 2.5015 -0.0400
5.8376 2.5271 -0.0400
5.7766 2.5457 -0.0400
5.7505 2.5808 -0.0400
5.7280 2.6176 -0.0400
5.6845 2.6424 -0.0400
5.6530 2.6732 -0.0400
5.6390 2.7144 -0.0400
5.6364 2.7632 -0.0400
7.7161 4.7538 -0.0400
7.6460 4.8163 -0.0400
7.6446 4.9371 -0.0400
4.6506 3.9512 -0.0400
4.5936 3.9383 -0.0400
4.5475 3.9500 -0.0400
4.5083 3.9799 -0.0400
4.4554 3.9722 -0.0400
4.4102 3.9851 -0.0400
4.3679 4.0068 -0.0400
4.3298 4.0443 -0.0400
4.3047 4.1322 -0.0400
4.2583 4.1481 -0.0400
4.2190 4.1944 -0.0400
3.1398 5.0546 -0.0400
3.0807 5.0169 -0.0400
3.0183 5.0071 -0.0400
2.9521 5.0193 -0.0400
2.8715 5.1028 -0.0400
1.6681 7.0216 -0.0400
2.9857 2.5013 -0.0400
2.9946 2.4431 -0.0400
2.9832 2.4228 -0.0400
2.9705 2.4053 -0.0400
2.9587 2.3870 -0.0400
2.9432 2.3747 -0.0400
2.9246 2.3670 -0.0400
2.9053 2.3600 -0.0400
2.8841 2.3552 -0.0400
2.8465 2.3710 -0.0400
2.7795 2.4213 -0.0400
2.7591 2.4113 -0.0400
2.7367 2.4034 -0.0400
2.6983 2.4128 -0.0400
2.6591 2.4215 -0.0400
1.4936 3.1279 -0.0400
1.4877 3.0731 -0.0400
1.4665 3.0310 -0.0400
1.4141 3.0121 -0.0400
-1.1147 3.1500 -0.0400
-1.1499 3.0698 -0.0400
-0.0022 2.0076 -0.0400
0.0213 1.9404 -0.0400
1.0391 0.2567 -0.0400
1.0609 0.2130 -0.0400
1.0722 0.1638 -0.0400
1.0293 0.0853 -0.0400
0.7298 -1.1275 -0.0400
0.8074 -1.1467 -0.0400
0.8549 -1.1928 -0.0400
0.8962 -1.2452 -0.0400
2.6162 -1.1501 -0.0400
2.6695 -1.1438 -0.0400
2.7095 -1.1758 -0.0400
2.7577 -1.1831 -0.0400
2.8067 -1.1870 -0.0400
2.8520 -1.2032 -0.0400
2.8931 -1.2367 -0.0400
2.9190 -1.3407 -0.0400
2.9590 -1.3939 -0.0400
6.0661 -0.7888 -0.0400
6.0906 -0.7323 -0.0400
6.1269 -0.6864 -0.0400
6.1749 -0.6499 -0.0400
6.2406 -0.6265 -0.0400
7.9476 -1.0546 -0.0400
5.8802 0.2809 -0.0400
5.8606 0.3408 -0.0400
5.8626 0.3891 -0.0400
5.8758 0.4318 -0.0400
5.8990 0.4701 -0.0400
5.9344 0.5038 -0.0400
8.2775 1.2330 -0.0400
8.2856 1.3155 -0.0400
5.9075 2.5175 -0.0400
5.8544 2.5423 -0.0400
5.7932 2.5616 -0.0400
5.7471 2.5869 -0.0400
5.7232 2.6231 -0.0400
5.6925 2.6553 -0.0400
5.6476 2.6787 -0.0400
5.6261 2.7153 -0.0400
5.6304 2.7684 -0.0400
7.6286 4.8054 -0.0400
7.5966 4.8995 -0.0400
7.5813 5.0102 -0.0400
4.5864 3.9439 -0.0400
4.5396 3.9538 -0.0400
4.4998 3.9821 -0.0400
4.4551 3.9975 -0.0400
4.4031 3.9911 -0.0400
4.3577 4.0029 -0.0400
4.3152 4.0244 -0.0400
4.2968 4.1347 -0.0400
4.2482 4.1416 -0.0400
4.2039 4.1659 -0.0400
4.1656 4.2192 -0.0400
3.1266 5.1303 -0.0400
3.0746 5.0307 -0.0400
3.0138 5.0097 -0.0400
2.9505 5.0057 -0.0400
2.8779 5.0495 -0.0400
1.6623 7.0455 -0.0400
1.5699 6.9968 -0.0400
2.9725 2.4715 -0.0400
2.9739 2.4289 -0.0400
2.9659 2.4038 -0.0400
2.9520 2.3891 -0.0400
2.9385 2.3740 -0.0400
2.9220 2.3635 -0.0400
2.9046 2.3544 -0.0400
2.8820 2.3520 -0.0400
2.8601 2.3480 -0.0400
2.8162 2.3709 -0.0400
2.7584 2.4080 -0.0400
2.7373 2.3990 -0.0400
2.7066 2.4004 -0.0400
2.6763 2.4003 -0.0400
2.6353 2.4102 -0.0400
1.4825 3.1406 -0.0400
1.4833 3.0803 -0.0400
1.4657 3.0357 -0.0400
1.4372 2.9996 -0.0400
1.3962 2.9723 -0.0400
1.3282 2.9626 -0.0400
-1.1606 3.0867 -0.0400
-1.1687 2.9974 -0.0400
-0.0157 1.9580 -0.0400
-0.0107 1.8938 -0.0400
1.0604 0.0653 -0.0400
0.7357 -1.1846 -0.0400
0.8343 -1.1832 -0.0400
0.8811 -1.2301 -0.0400
0.9177 -1.2876 -0.0400
2.6153 -1.1235 -0.0400
2.6587 -1.1450 -0.0400
2.6977 -1.1804 -0.0400
2.7509 -1.1719 -0.0400
2.7936 -1.1970 -0.0400
2.8319 -1.2406 -0.0400
2.8625 -1.3196 -0.0400
2.9056 -1.3551 -0.0400
6.0261 -0.9211 -0.0400
6.0304 -0.8433 -0.0400
6.0537 -0.7849 -0.0400
6.0882 -0.7371 -0.0400
6.1554 -0.7167 -0.0400
6.2528 -0.7188 -0.0400
7.8715 -1.2223 -0.0400
7.9198 -1.1476 -0.0400
5.9076 0.2119 -0.0400
5.8322 0.3020 -0.0400
5.8422 0.3468 -0.0400
5.8630 0.3862 -0.0400
5.8938 0.4214 -0.0400
5.9427 0.4495 -0.0400
8.2634 1.1490 -0.0400
5.9635 2.4459 -0.0400
5.8970 2.4669 -0.0400
5.8499 2.4946 -0.0400
5.7948 2.5173 -0.0400
5.7669 2.5520 -0.0400
5.7444 2.5891 -0.0400
5.7003 2.6145 -0.0400
5.6684 2.6456 -0.0400
5.6505 2.6844 -0.0400
5.6634 2.7423 -0.0400
7.7681 4.6809 -0.0400
7.6823 4.7316 -0.0400
7.6808 4.8499 -0.0400
7.6546 4.9506 -0.0400
4.6911 3.9565 -0.0400
4.6270 3.9297 -0.0400
4.5792 3.9380 -0.0400
4.5389 3.9642 -0.0400
4.4878 3.9624 -0.0400
4.4422 3.9741 -0.0400
4.4002 3.9962 -0.0400
4.3631 4.0349 -0.0400
4.3395 4.1223 -0.0400
4.2910 4.1296 -0.0400
4.2473 4.1549 -0.0400
3.1912 5.1119 -0.0400
3.1359 5.0302 -0.0400
3.0744 5.0142 -0.0400
3.0094 5.0235 -0.0400
1.7626 7.0741 -0.0400
1.6675 7.0328 -0.0400
3.0074 2.4872 -0.0400
3.0001 2.4579 -0.0400
2.9944 2.4273 -0.0400
2.9840 2.4064 -0.0400
2.9694 2.3931 -0.0400
2.9551 2.3795 -0.0400
2.9368 2.3720 -0.0400
2.9183 2.3647 -0.0400
2.8934 2.3661 -0.0400
2.8698 2.3648 -0.0400
2.8392 2.3717 -0.0400
2.7744 2.4201 -0.0400
2.7529 2.4120 -0.0400
2.7198 2.4169 -0.0400
2.6876 2.4195 -0.0400
2.6440 2.4333 -0.0400
1.5088 3.1809 -0.0400
1.5131 3.1169 -0.0400
1.4971 3.0709 -0.0400
1.4603 3.0413 -0.0400
1.4041 3.0256 -0.0400
-1.1028 3.1646 -0.0400
-1.1387 3.0852 -0.0400
0.0339 2.0198 -0.0400
0.0080 1.9605 -0.0400
0.7912 -1.1185 -0.0400
0.8281 -1.1746 -0.0400
0.8698 -1.2265 -0.0400
2.7777 -1.1812 -0.0400
2.8240 -1.1938 -0.0400
2.8655 -1.2259 -0.0400
2.8903 -1.3335 -0.0400
2.9300 -1.3876 -0.0400
6.0587 -0.8855 -0.0400
6.0621 -0.8077 -0.0400
6.0842 -0.7483 -0.0400
6.1227 -0.7036 -0.0400
6.1786 -0.6730 -0.0400
6.2608 -0.6616 -0.0400
5.8694 0.2764 -0.0400
5.8556 0.3339 -0.0400
5.8598 0.3816 -0.0400
5.8749 0.4239 -0.0400
5.9224 0.4524 -0.0400
5.9943 0.4724 -0.0400
8.2647 1.2271 -0.0400
5.9271 2.4854 -0.0400
5.8734 2.5112 -0.0400
5.8070 2.5294 -0.0400
5.7634 2.5569 -0.0400
5.7373 2.5923 -0.0400
5.7076 2.6255 -0.0400
5.6653 2.6512 -0.0400
5.6421 2.6871 -0.0400
5.6316 2.7307 -0.0400
7.6761 4.7291 -0.0400
7.6224 4.8045 -0.0400
7.6377 4.9388 -0.0400
4.6204 3.9368 -0.0400
4.5712 3.9419 -0.0400
4.5296 3.9647 -0.0400
4.4900 3.9934 -0.0400
4.4364 3.9843 -0.0400
4.3896 3.9925 -0.0400
4.3465 4.0116 -0.0400
4.3297 4.1195 -0.0400
4.2829 4.1327 -0.0400
4.2387 4.1557 -0.0400
4.2015 4.2096 -0.0400
3.1847 5.1263 -0.0400
3.1278 5.0555 -0.0400
3.0681 5.0232 -0.0400
3.0063 5.0109 -0.0400
2.9411 5.0196 -0.0400
1.6676 7.0362 -0.0400
2.9897 2.4633 -0.0400
2.9850 2.4310 -0.0400
2.9756 2.4083 -0.0400
2.9633 2.3914 -0.0400
2.9484 2.3790 -0.0400
2.9327 2.3680 -0.0400
2.9141 2.3613 -0.0400
2.8956 2.3541 -0.0400
2.8705 2.3555 -0.0400
2.8325 2.3728 -0.0400
2.7731 2.4149 -0.0400
2.7492 2.4101 -0.0400
2.7266 2.4031 -0.0400
2.7026 2.3974 -0.0400
2.6537 2.4180 -0.0400
1.4778 3.1475 -0.0400
1.4956 3.0740 -0.0400
1.4698 3.0363 -0.0400
1.4344 3.0058 -0.0400
1.3836 2.9858 -0.0400
-1.1410 3.0976 -0.0400
-1.1946 3.0240 -0.0400
0.0198 1.9697 -0.0400
0.0071 1.9086 -0.0400
-1.8859 1.0071 -0.0400
0.7297 -1.1474 -0.0400
0.8224 -1.1514 -0.0400
0.8597 -1.2071 -0.0400
0.9034 -1.2571 -0.0400
2.8337 -1.3117 -0.0400
2.8783 -1.3411 -0.0400
6.0088 -0.9298 -0.0400
6.0188 -0.8569 -0.0400
6.0393 -0.7953 -0.0400
6.0835 -0.7555 -0.0400
6.1387 -0.7246 -0.0400
6.2159 -0.7104 -0.0400
7.8499 -1.2312 -0.0400
7.9346 -1.1782 -0.0400
5.8277 0.2426 -0.0400
5.8277 0.2936 -0.0400
5.8397 0.3379 -0.0400
5.8625 0.3769 -0.0400
5.8956 0.4114 -0.0400
5.9488 0.4381 -0.0400
8.2603 1.0584 -0.0400
8.2647 1.1413 -0.0400
5.9225 2.4368 -0.0400
5.8870 2.4707 -0.0400
5.8219 2.4906 -0.0400
5.7822 2.5206 -0.0400
5.7579 2.5571 -0.0400
5.7155 2.5842 -0.0400
5.6842 2.6162 -0.0400
5.6696 2.6570 -0.0400
5.6802 2.7129 -0.0400
7.7310 4.6558 -0.0400
7.7093 4.7563 -0.0400
7.6960 4.8658 -0.0400
4.6614 3.9230 -0.0400
4.6108 3.9257 -0.0400
4.5768 3.9667 -0.0400
4.5212 3.9555 -0.0400
4.4737 3.9628 -0.0400
4.4307 3.9816 -0.0400
4.3930 4.0163 -0.0400
4.3657 4.0866 -0.0400
4.3255 4.1206 -0.0400
4.2809 4.1413 -0.0400
3.1901 5.0405 -0.0400
3.1289 5.0210 -0.0400
3.0641 5.0328 -0.0400
2.9955 5.0652 -0.0400
1.7698 7.0551 -0.0400
3.0176 2.4887 -0.0400
3.0142 2.4517 -0.0400
3.0050 2.4276 -0.0400
2.9930 2.4097 -0.0400
2.9797 2.3946 -0.0400
2.9646 2.3829 -0.0400
2.9470 2.3752 -0.0400
2.9272 2.3707 -0.0400
2.9080 2.3648 -0.0400
2.8815 2.3688 -0.0400
2.8377 2.3951 -0.0400
2.7896 2.4242 -0.0400
2.7658 2.4200 -0.0400
2.7363 2.4220 -0.0400
2.7088 2.4205 -0.0400
1.5467 3.1504 -0.0400
1.5284 3.1063 -0.0400
1.5014 3.0699 -0.0400
1.4658 3.0400 -0.0400
-1.0954 3.1785 -0.0400
-1.1335 3.1003 -0.0400
0.0370 2.0349 -0.0400
-1.8795 1.1113 -0.0400
0.7005 -1.0701 -0.0400
0.7683 -1.0978 -0.0400
0.8092 -1.1498 -0.0400
0.8489 -1.2035 -0.0400
6.0683 -0.7589 -0.0400
6.1134 -0.7194 -0.0400
6.1693 -0.6884 -0.0400
7.8934 -1.1694 -0.0400
5.8552 0.2711 -0.0400
5.8481 0.3257 -0.0400
5.8555 0.3723 -0.0400
5.8825 0.4097 -0.0400
5.9259 0.4405 -0.0400
6.0144 0.4541 -0.0400
8.2770 1.1342 -0.0400
8.2659 1.2184 -0.0400
5.8965 2.4792 -0.0400
5.8503 2.5081 -0.0400
5.7897 2.5292 -0.0400
5.7569 2.5620 -0.0400
5.7389 2.6018 -0.0400
5.6878 2.6241 -0.0400
5.6593 2.6575 -0.0400
5.6445 2.6985 -0.0400
7.7664 4.6839 -0.0400
7.6706 4.7272 -0.0400
7.6622 4.8397 -0.0400
7.6351 4.9392 -0.0400
4.6543 3.9284 -0.0400
4.6028 3.9295 -0.0400
4.5600 3.9493 -0.0400
4.5250 3.9890 -0.0400
4.4699 3.9779 -0.0400
4.4214 3.9820 -0.0400
4.3834 4.0158 -0.0400
4.3519 4.0722 -0.0400
4.3174 4.1237 -0.0400
4.2720 4.1421 -0.0400
4.2329 4.1847 -0.0400
3.1825 5.0579 -0.0400
3.1224 5.0265 -0.0400
3.0608 5.0134 -0.0400
2.9972 5.0153 -0.0400
1.6630 7.0517 -0.0400
2.9992 2.4635 -0.0400
2.9930 2.4334 -0.0400
2.9850 2.4084 -0.0400
2.9718 2.3934 -0.0400
2.9574 2.3806 -0.0400
2.9412 2.3711 -0.0400
2.9233 2.3641 -0.0400
2.9030 2.3603 -0.0400
2.8794 2.3607 -0.0400
2.8476 2.3713 -0.0400
2.7842 2.4218 -0.0400
2.7648 2.4122 -0.0400
2.7402 2.4088 -0.0400
2.7100 2.4112 -0.0400
2.6813 2.4109 -0.0400
1.5203 3.1127 -0.0400
1.4994 3.0714 -0.0400
1.4709 3.0364 -0.0400
1.4102 3.0252 -0.0400
-1.0985 3.1893 -0.0400
-1.1336 3.1103 -0.0400
0.0277 1.9830 -0.0400
-0.0068 1.9252 -0.0400
-1.8816 1.0322 -0.0400
0.7119 -1.1228 -0.0400
0.8036 -1.1275 -0.0400
0.8459 -1.1780 -0.0400
0.8743 -1.2430 -0.0400
2.4967 -1.1601 -0.0400
2.5633 -1.1219 -0.0400
7.8471 -1.2545 -0.0400
5.8149 0.2356 -0.0400
5.8208 0.2839 -0.0400
5.8366 0.3267 -0.0400
5.8617 0.3651 -0.0400
5.8985 0.3984 -0.0400
5.9583 0.4227 -0.0400
8.2597 1.0483 -0.0400
8.3037 1.1288 -0.0400
5.9704 2.4123 -0.0400
5.9078 2.4367 -0.0400
5.8435 2.4585 -0.0400
5.8090 2.4917 -0.0400
5.7776 2.5257 -0.0400
5.7491 2.5605 -0.0400
5.7052 2.5871 -0.0400
5.6841 2.6247 -0.0400
5.6825 2.6732 -0.0400
7.7849 4.5821 -0.0400
7.7315 4.6577 -0.0400
7.7067 4.7561 -0.0400
7.7182 4.8857 -0.0400
4.6936 3.9106 -0.0400
4.6422 3.9126 -0.0400
4.6080 3.9519 -0.0400
4.5540 3.9464 -0.0400
4.5050 3.9507 -0.0400
4.4618 3.9689 -0.0400
4.4230 3.9993 -0.0400
4.3911 4.0521 -0.0400
4.3599 4.1113 -0.0400
4.3212 4.1515 -0.0400
3.3027 5.1128 -0.0400
3.2430 5.0529 -0.0400
3.1821 5.0277 -0.0400
3.1199 5.0207 -0.0400
3.0495 5.0777 -0.0400
1.8662 7.0901 -0.0400
3.0323 2.4753 -0.0400
3.0214 2.4533 -0.0400
3.0127 2.4281 -0.0400
3.0006 2.4106 -0.0400
2.9872 2.3962 -0.0400
2.9719 2.3852 -0.0400
2.9542 2.3784 -0.0400
2.9351 2.3736 -0.0400
2.9137 2.3719 -0.0400
2.8888 2.3746 -0.0400
2.8524 2.3927 -0.0400
2.7999 2.4305 -0.0400
2.7772 2.4256 -0.0400
2.7512 2.4244 -0.0400
2.7172 2.4321 -0.0400
2.6856 2.4355 -0.0400
1.5516 3.2052 -0.0400
1.5460 3.1496 -0.0400
1.5315 3.1028 -0.0400
1.4994 3.0710 -0.0400
1.4276 3.0694 -0.0400
-1.0778 3.2782 -0.0400
-1.0906 3.1908 -0.0400
-1.1337 3.1149 -0.0400
0.0457 2.1093 -0.0400
0.0367 2.0483 -0.0400
-1.8907 1.2290 -0.0400
-1.8823 1.1347 -0.0400
0.7547 -1.0700 -0.0400
0.7908 -1.1261 -0.0400
0.8307 -1.1791 -0.0400
2.5003 -1.1236 -0.0400
2.5597 -1.1031 -0.0400
2.6015 -1.1289 -0.0400
2.6437 -1.1545 -0.0400
5.3351 -2.5298 -0.0400
7.8369 -1.2662 -0.0400
7.8833 -1.1894 -0.0400
5.8513 0.2055 -0.0400
5.8344 0.2667 -0.0400
5.8373 0.3165 -0.0400
5.8500 0.3610 -0.0400
5.8854 0.3950 -0.0400
5.9353 0.4235 -0.0400
8.2621 1.1240 -0.0400
5.9377 2.4516 -0.0400
5.8855 2.4795 -0.0400
5.8120 2.4966 -0.0400
5.7809 2.5310 -0.0400
5.7576 2.5687 -0.0400
5.7089 2.5933 -0.0400
5.6812 2.6278 -0.0400
5.6624 2.6669 -0.0400
5.6716 2.7222 -0.0400
7.7174 4.6472 -0.0400
7.6787 4.7343 -0.0400
7.6904 4.8633 -0.0400
4.6339 3.9147 -0.0400
4.5914 3.9355 -0.0400
4.5563 3.9738 -0.0400
4.5022 3.9668 -0.0400
4.4530 3.9702 -0.0400
4.4140 4.0003 -0.0400
4.3812 4.0500 -0.0400
4.3519 4.1145 -0.0400
4.3054 4.1291 -0.0400
4.2643 4.1624 -0.0400
3.2328 5.1038 -0.0400
3.1740 5.0452 -0.0400
3.1134 5.0207 -0.0400
3.0483 5.0375 -0.0400
2.9769 5.0921 -0.0400
1.7624 7.0759 -0.0400
3.0172 2.4859 -0.0400
3.0093 2.4572 -0.0400
3.0028 2.4277 -0.0400
2.9918 2.4083 -0.0400
2.9787 2.3934 -0.0400
2.9634 2.3828 -0.0400
2.9473 2.3737 -0.0400
2.9293 2.3675 -0.0400
2.9094 2.3639 -0.0400
2.8870 2.3634 -0.0400
2.8510 2.3816 -0.0400
2.7943 2.4258 -0.0400
2.7734 2.4191 -0.0400
2.7502 2.4147 -0.0400
2.7237 2.4138 -0.0400
2.6887 2.4221 -0.0400
1.5415 3.1511 -0.0400
1.5245 3.1066 -0.0400
1.4987 3.0698 -0.0400
1.4621 3.0414 -0.0400
1.4143 3.0209 -0.0400
-1.0866 3.1974 -0.0400
-1.1238 3.1197 -0.0400
0.0070 2.0609 -0.0400
0.0317 1.9945 -0.0400
-1.9135 1.1474 -0.0400
-1.8728 1.0554 -0.0400
2.5333 -1.1179 -0.0400
2.5855 -1.1151 -0.0400
2.6308 -1.1306 -0.0400
2.6708 -1.1634 -0.0400
2.7212 -1.1632 -0.0400
2.7657 -1.1822 -0.0400
2.8059 -1.2190 -0.0400
5.2628 -2.5827 -0.0400
5.3040 -2.4870 -0.0400
5.3765 -2.4620 -0.0400
7.7798 -1.3459 -0.0400
7.8443 -1.2804 -0.0400
5.8330 0.1561 -0.0400
5.8168 0.2182 -0.0400
5.8198 0.2687 -0.0400
5.8341 0.3128 -0.0400
5.8643 0.3491 -0.0400
5.9093 0.3793 -0.0400
6.0011 0.3904 -0.0400
8.2779 0.9495 -0.0400
8.2612 1.0357 -0.0400
5.9808 2.3700 -0.0400
5.9335 2.4016 -0.0400
5.9066 2.4402 -0.0400
5.8307 2.4576 -0.0400
5.8016 2.4934 -0.0400
5.7818 2.5329 -0.0400
5.7260 2.5550 -0.0400
5.7026 2.5920 -0.0400
5.6955 2.6374 -0.0400
7.8684 4.5266 -0.0400
7.7757 4.5748 -0.0400
7.7381 4.6624 -0.0400
7.7481 4.7882 -0.0400
4.7207 3.8861 -0.0400
4.6728 3.8962 -0.0400
4.6316 3.9197 -0.0400
4.5970 3.9584 -0.0400
4.5362 3.9370 -0.0400
4.4933 3.9562 -0.0400
4.4546 3.9862 -0.0400
4.4222 4.0354 -0.0400
4.3943 4.1013 -0.0400
4.3536 4.1334 -0.0400
3.2929 5.1118 -0.0400
3.2347 5.0305 -0.0400
3.1722 5.0276 -0.0400
3.1074 5.0454 -0.0400
3.0358 5.1117 -0.0400
1.8655 7.0870 -0.0400
3.0405 2.4701 -0.0400
3.0293 2.4486 -0.0400
3.0201 2.4244 -0.0400
3.0077 2.4079 -0.0400
2.9925 2.3970 -0.0400
2.9767 2.3876 -0.0400
2.9587 2.3820 -0.0400
2.9384 2.3797 -0.0400
2.9192 2.3753 -0.0400
2.8937 2.3802 -0.0400
2.8564 2.4011 -0.0400
2.8086 2.4348 -0.0400
2.7870 2.4293 -0.0400
2.7592 2.4315 -0.0400
2.7301 2.4343 -0.0400
2.6885 2.4513 -0.0400
1.5396 3.2740 -0.0400
1.5773 3.1779 -0.0400
1.5570 3.1362 -0.0400
1.5292 3.1012 -0.0400
1.4753 3.0872 -0.0400
1.3978 3.0901 -0.0400
-1.0491 3.2782 -0.0400
-1.0889 3.2019 -0.0400
0.0540 2.1184 -0.0400
0.0355 2.0595 -0.0400
-1.8764 1.2506 -0.0400
2.4714 -1.1167 -0.0400
2.5326 -1.0917 -0.0400
2.5750 -1.1154 -0.0400
2.6138 -1.1508 -0.0400
2.6651 -1.1488 -0.0400
2.7118 -1.1601 -0.0400
2.7545 -1.1859 -0.0400
2.7749 -1.2998 -0.0400
2.8164 -1.3412 -0.0400
5.2322 -2.5526 -0.0400
5.2911 -2.4966 -0.0400
5.3734 -2.4918 -0.0400
5.8238 0.1518 -0.0400
5.8119 0.2117 -0.0400
5.8090 0.2654 -0.0400
5.8312 0.3056 -0.0400
5.8604 0.3426 -0.0400
5.9028 0.3741 -0.0400
8.2506 0.9451 -0.0400
8.2831 1.0265 -0.0400
5.9262 2.3998 -0.0400
5.8815 2.4313 -0.0400
5.8209 2.4549 -0.0400
5.7978 2.4933 -0.0400
5.7828 2.5353 -0.0400
5.7252 2.5568 -0.0400
5.7031 2.5945 -0.0400
5.7039 2.6443 -0.0400
7.8607 4.5200 -0.0400
7.7836 4.5795 -0.0400
7.7728 4.6876 -0.0400
7.7761 4.8090 -0.0400
4.7659 3.8824 -0.0400
4.7118 3.8817 -0.0400
4.6669 3.8977 -0.0400
4.6282 3.9267 -0.0400
4.5768 3.9280 -0.0400
4.5301 3.9386 -0.0400
4.4876 3.9588 -0.0400
4.4496 3.9908 -0.0400
4.4341 4.0862 -0.0400
4.3881 4.1024 -0.0400
4.3476 4.1354 -0.0400
3.3509 5.1333 -0.0400
3.2907 5.0573 -0.0400
3.2295 5.0310 -0.0400
3.1672 5.0261 -0.0400
3.1026 5.0431 -0.0400
1.9553 7.1425 -0.0400
3.0470 2.4841 -0.0400
3.0375 2.4580 -0.0400
3.0296 2.4302 -0.0400
3.0156 2.4166 -0.0400
3.0025 2.4019 -0.0400
2.9868 2.3923 -0.0400
2.9696 2.3855 -0.0400
2.9500 2.3830 -0.0400
2.9310 2.3786 -0.0400
2.9059 2.3837 -0.0400
2.8688 2.4062 -0.0400
2.8203 2.4429 -0.0400
2.8008 2.4348 -0.0400
2.7776 2.4317 -0.0400
2.7514 2.4318 -0.0400
2.7183 2.4398 -0.0400
2.6690 2.4663 -0.0400
1.5846 3.2289 -0.0400
1.5831 3.1694 -0.0400
1.5588 3.1316 -0.0400
1.5261 3.1009 -0.0400
1.4680 3.0906 -0.0400
-1.0568 3.2861 -0.0400
-1.1202 3.2187 -0.0400
0.0426 2.1250 -0.0400
-1.8858 1.2598 -0.0400
-1.8989 1.1650 -0.0400
2.3969 -1.1317 -0.0400
2.4669 -1.0887 -0.0400
2.5183 -1.0887 -0.0400
2.5634 -1.1048 -0.0400
2.6034 -1.1359 -0.0400
2.6522 -1.1411 -0.0400
2.6974 -1.1572 -0.0400
2.7376 -1.1917 -0.0400
2.7719 -1.2519 -0.0400
2.8073 -1.3152 -0.0400
2.8441 -1.3805 -0.0400
5.2757 -2.5017 -0.0400
5.3502 -2.4803 -0.0400
5.8057 0.2577 -0.0400
5.8288 0.2977 -0.0400
5.8588 0.3345 -0.0400
5.9523 0.3430 -0.0400
8.2613 0.9361 -0.0400
8.2634 1.0206 -0.0400
5.9918 2.3748 -0.0400
5.9252 2.3998 -0.0400
5.8662 2.4258 -0.0400
5.8263 2.4581 -0.0400
5.8012 2.4959 -0.0400
5.7623 2.5271 -0.0400
5.7232 2.5574 -0.0400
5.7091 2.5993 -0.0400
5.7056 2.6471 -0.0400
7.8418 4.5051 -0.0400
7.7892 4.5819 -0.0400
7.7941 4.7019 -0.0400
4.7681 3.8983 -0.0400
4.7047 3.8802 -0.0400
4.6631 3.9031 -0.0400
4.6189 3.9207 -0.0400
4.5688 3.9246 -0.0400
4.5245 3.9409 -0.0400
4.4827 3.9628 -0.0400
4.4614 4.0382 -0.0400
4.4280 4.0870 -0.0400
4.3828 4.1057 -0.0400
4.3428 4.1402 -0.0400
3.2865 5.0363 -0.0400
3.2243 5.0294 -0.0400
3.1604 5.0440 -0.0400
3.0917 5.0984 -0.0400
1.9578 7.1281 -0.0400
3.0491 2.4588 -0.0400
3.0372 2.4393 -0.0400
3.0262 2.4189 -0.0400
3.0115 2.4073 -0.0400
2.9963 2.3969 -0.0400
2.9794 2.3900 -0.0400
2.9620 2.3838 -0.0400
2.9408 2.3840 -0.0400
2.9206 2.3818 -0.0400
2.8892 2.3970 -0.0400
2.8328 2.4487 -0.0400
2.8137 2.4406 -0.0400
2.7906 2.4379 -0.0400
2.7641 2.4392 -0.0400
2.7299 2.4497 -0.0400
2.6985 2.4551 -0.0400
1.5913 3.2185 -0.0400
1.5832 3.1655 -0.0400
1.5581 3.1285 -0.0400
1.5177 3.1046 -0.0400
1.4410 3.1093 -0.0400
-1.0091 3.3628 -0.0400
-1.0527 3.2887 -0.0400
-1.1144 3.2210 -0.0400
0.0219 2.1956 -0.0400
0.0614 2.1253 -0.0400
0.0241 2.0702 -0.0400
-1.9545 1.3613 -0.0400
-1.8786 1.2692 -0.0400
0.9295 0.4341 -0.0400
0.9714 0.3999 -0.0400
1.0008 0.3610 -0.0400
2.4502 -1.0921 -0.0400
2.5038 -1.0866 -0.0400
2.5478 -1.1056 -0.0400
2.5871 -1.1388 -0.0400
2.6378 -1.1386 -0.0400
2.6843 -1.1503 -0.0400
2.7273 -1.1743 -0.0400
2.7469 -1.2893 -0.0400
2.7898 -1.3244 -0.0400
5.2612 -2.5091 -0.0400
5.3386 -2.4939 -0.0400
5.9677 0.3265 -0.0400
8.2535 0.9284 -0.0400
8.3068 1.0082 -0.0400
5.9499 2.3594 -0.0400
5.9212 2.3981 -0.0400
5.8607 2.4237 -0.0400
5.8246 2.4577 -0.0400
5.8011 2.4964 -0.0400
5.7527 2.5235 -0.0400
5.7245 2.5590 -0.0400
5.7204 2.6062 -0.0400
5.7376 2.6652 -0.0400
7.8482 4.5071 -0.0400
7.7977 4.5859 -0.0400
7.8183 4.7178 -0.0400
4.8066 3.8791 -0.0400
4.7482 3.8725 -0.0400
4.6998 3.8827 -0.0400
4.6626 3.9145 -0.0400
4.6175 3.9308 -0.0400
4.5620 3.9236 -0.0400
4.5196 3.9442 -0.0400
4.4901 3.9964 -0.0400
4.4700 4.0766 -0.0400
4.4219 4.0875 -0.0400
4.3782 4.1105 -0.0400
3.3424 5.0777 -0.0400
3.2810 5.0393 -0.0400
3.2191 5.0277 -0.0400
3.1556 5.0379 -0.0400
2.0516 7.1690 -0.0400
1.9566 7.1264 -0.0400
3.0587 2.4629 -0.0400
3.0469 2.4428 -0.0400
3.0334 2.4277 -0.0400
3.0193 2.4146 -0.0400
3.0056 2.4011 -0.0400
2.9892 2.3933 -0.0400
2.9705 2.3901 -0.0400
2.9517 2.3863 -0.0400
2.9319 2.3840 -0.0400
2.9019 2.3983 -0.0400
2.8715 2.4113 -0.0400
2.8250 2.4474 -0.0400
2.8053 2.4404 -0.0400
2.7801 2.4407 -0.0400
2.7485 2.4490 -0.0400
2.7197 2.4521 -0.0400
1.6022 3.2654 -0.0400
1.6032 3.2027 -0.0400
1.5851 3.1592 -0.0400
1.5551 3.1269 -0.0400
1.5117 3.1057 -0.0400
1.4259 3.1180 -0.0400
-1.0052 3.3646 -0.0400
-1.0472 3.2901 -0.0400
0.0522 2.1303 -0.0400
-1.8779 1.2777 -0.0400
0.8462 0.4619 -0.0400
0.9294 0.4429 -0.0400
0.9706 0.4086 -0.0400
0.9989 0.3694 -0.0400
1.0085 0.3218 -0.0400
1.0078 0.2687 -0.0400
0.9780 0.1998 -0.0400
2.4356 -1.0906 -0.0400
2.4932 -1.0747 -0.0400
2.5358 -1.0969 -0.0400
2.5741 -1.1328 -0.0400
2.6233 -1.1369 -0.0400
2.6699 -1.1484 -0.0400
2.7097 -1.1834 -0.0400
2.7441 -1.2424 -0.0400
2.7791 -1.3061 -0.0400
2.8178 -1.3617 -0.0400
5.2475 -2.5325 -0.0400
5.3103 -2.4856 -0.0400
5.3877 -2.4695 -0.0400
8.2565 1.0011 -0.0400
8.2743 1.0846 -0.0400
5.9865 2.3710 -0.0400
5.9325 2.4012 -0.0400
5.9009 2.4388 -0.0400
5.8401 2.4637 -0.0400
5.8000 2.4957 -0.0400
5.7719 2.5324 -0.0400
5.7289 2.5615 -0.0400
5.7029 2.5981 -0.0400
5.7097 2.6515 -0.0400
7.7987 4.5828 -0.0400
7.7486 4.6623 -0.0400
7.7733 4.7996 -0.0400
4.7509 3.8915 -0.0400
4.6928 3.8840 -0.0400
4.6506 3.9060 -0.0400
4.6105 3.9325 -0.0400
4.5588 3.9340 -0.0400
4.5118 3.9447 -0.0400
4.4709 3.9691 -0.0400
4.4334 4.0032 -0.0400
4.4149 4.0902 -0.0400
4.3690 4.1069 -0.0400
4.3403 4.1758 -0.0400
3.3349 5.0917 -0.0400
3.2737 5.0435 -0.0400
3.2120 5.0273 -0.0400
3.1490 5.0319 -0.0400
3.0829 5.0650 -0.0400
1.8576 7.0924 -0.0400
3.0461 2.4636 -0.0400
3.0349 2.4419 -0.0400
3.0222 2.4252 -0.0400
3.0084 2.4114 -0.0400
2.9951 2.3972 -0.0400
2.9788 2.3895 -0.0400
2.9618 2.3831 -0.0400
2.9440 2.3780 -0.0400
2.9207 2.3822 -0.0400
2.8983 2.3839 -0.0400
2.8355 2.4499 -0.0400
2.8171 2.4412 -0.0400
2.7973 2.4343 -0.0400
2.7725 2.4344 -0.0400
2.7498 2.4308 -0.0400
2.7122 2.4464 -0.0400
2.6763 2.4579 -0.0400
1.5693 3.2273 -0.0400
1.5710 3.1651 -0.0400
1.5519 3.1231 -0.0400
1.5154 3.0964 -0.0400
1.4629 3.0823 -0.0400
-1.0417 3.2917 -0.0400
-1.0827 3.2168 -0.0400
0.0570 2.1329 -0.0400
0.0446 2.0738 -0.0400
-1.9063 1.2871 -0.0400
-1.8821 1.1945 -0.0400
0.9385 0.4060 -0.0400
0.9823 0.3734 -0.0400
1.0114 0.3350 -0.0400
1.0210 0.2874 -0.0400
1.0184 0.2332 -0.0400
2.4636 -1.1004 -0.0400
2.5202 -1.0855 -0.0400
2.5635 -1.1056 -0.0400
2.6032 -1.1380 -0.0400
2.6527 -1.1400 -0.0400
2.6982 -1.1544 -0.0400
2.7400 -1.1829 -0.0400
2.7782 -1.2285 -0.0400
2.8043 -1.3329 -0.0400
5.1716 -2.5791 -0.0400
5.2315 -2.5243 -0.0400
5.3065 -2.5037 -0.0400
8.2503 0.8245 -0.0400
8.2531 0.9098 -0.0400
6.0344 2.3360 -0.0400
5.9561 2.3592 -0.0400
5.8808 2.3810 -0.0400
5.8443 2.4157 -0.0400
5.8225 2.4557 -0.0400
5.7932 2.4923 -0.0400
5.7511 2.5225 -0.0400
5.7352 2.5643 -0.0400
5.7442 2.6185 -0.0400
7.9471 4.4538 -0.0400
7.8628 4.5107 -0.0400
7.8609 4.6248 -0.0400
7.8359 4.7247 -0.0400
4.7824 3.8555 -0.0400
4.7323 3.8636 -0.0400
4.6923 3.8900 -0.0400
4.6475 3.9072 -0.0400
4.5946 3.9069 -0.0400
4.5524 3.9283 -0.0400
4.5184 3.9686 -0.0400
4.4872 4.0181 -0.0400
4.4571 4.0735 -0.0400
4.4148 4.1002 -0.0400
4.3779 4.1433 -0.0400
3.3947 5.1091 -0.0400
3.3326 5.0519 -0.0400
3.2707 5.0316 -0.0400
3.2062 5.0629 -0.0400
2.0549 7.1409 -0.0400
3.0722 2.4844 -0.0400
3.0621 2.4579 -0.0400
3.0498 2.4387 -0.0400
3.0361 2.4243 -0.0400
3.0231 2.4087 -0.0400
3.0068 2.4011 -0.0400
2.9898 2.3950 -0.0400
2.9720 2.3905 -0.0400
2.9489 2.3956 -0.0400
2.9262 2.3989 -0.0400
2.8993 2.4086 -0.0400
2.8489 2.4563 -0.0400
2.8274 2.4528 -0.0400
2.8066 2.4478 -0.0400
2.7778 2.4543 -0.0400
2.7503 2.4576 -0.0400
2.7176 2.4669 -0.0400
1.6023 3.3174 -0.0400
1.6276 3.2292 -0.0400
1.6063 3.1886 -0.0400
1.5817 3.1516 -0.0400
1.5438 3.1266 -0.0400
1.4857 3.1180 -0.0400
-0.9730 3.4480 -0.0400
-0.9991 3.3671 -0.0400
0.0745 2.1921 -0.0400
0.0612 2.1334 -0.0400
-1.9712 1.3845 -0.0400
0.9141 0.4526 -0.0400
0.9748 0.4267 -0.0400
0.9944 0.3842 -0.0400
1.0037 0.3369 -0.0400
1.0003 0.2830 -0.0400
2.4143 -1.0697 -0.0400
2.4658 -1.0692 -0.0400
2.5106 -1.0851 -0.0400
2.5495 -1.1182 -0.0400
2.5990 -1.1207 -0.0400
2.6442 -1.1357 -0.0400
2.6864 -1.1617 -0.0400
2.7055 -1.2762 -0.0400
2.7492 -1.3062 -0.0400
5.1670 -2.6114 -0.0400
5.2181 -2.5357 -0.0400
5.3111 -2.5532 -0.0400
5.9038 -1.0829 -0.0400
8.2664 0.8119 -0.0400
8.2509 0.8999 -0.0400
5.9809 2.3158 -0.0400
5.9482 2.3542 -0.0400
5.8894 2.3823 -0.0400
5.8484 2.4157 -0.0400
5.8240 2.4549 -0.0400
5.7719 2.4818 -0.0400
5.7471 2.5197 -0.0400
5.7369 2.5643 -0.0400
5.7484 2.6199 -0.0400
7.9304 4.4384 -0.0400
7.8676 4.5099 -0.0400
7.8875 4.6396 -0.0400
4.8300 3.8500 -0.0400
4.7714 3.8448 -0.0400
4.7283 3.8656 -0.0400
4.6934 3.9020 -0.0400
4.6381 3.8988 -0.0400
4.5902 3.9089 -0.0400
4.5481 3.9307 -0.0400
4.5169 3.9777 -0.0400
4.4986 4.0587 -0.0400
4.4525 4.0755 -0.0400
4.4188 4.1256 -0.0400
3.4534 5.1251 -0.0400
3.3900 5.0578 -0.0400
3.3278 5.0350 -0.0400
3.2653 5.0336 -0.0400
3.2015 5.0544 -0.0400
3.1322 5.1317 -0.0400
2.0495 7.1552 -0.0400
3.0737 2.5114 -0.0400
3.0677 2.4707 -0.0400
3.0563 2.4480 -0.0400
3.0459 2.4246 -0.0400
3.0310 2.4135 -0.0400
3.0152 2.4047 -0.0400
2.9985 2.3982 -0.0400
2.9810 2.3934 -0.0400
2.9587 2.3976 -0.0400
2.9368 2.4002 -0.0400
2.9106 2.4098 -0.0400
2.8592 2.4621 -0.0400
2.8381 2.4585 -0.0400
2.8172 2.4540 -0.0400
2.7952 2.4507 -0.0400
2.7706 2.4508 -0.0400
2.7257 2.4794 -0.0400
1.6378 3.2748 -0.0400
1.6247 3.2254 -0.0400
1.6083 3.1804 -0.0400
1.5745 3.1520 -0.0400
1.5212 3.1406 -0.0400
1.4590 3.1352 -0.0400
-0.9665 3.4466 -0.0400
-0.9972 3.3681 -0.0400
-1.0839 3.3125 -0.0400
0.0790 2.1925 -0.0400
-1.8810 1.3924 -0.0400
-1.8979 1.2990 -0.0400
0.8779 0.4965 -0.0400
0.9366 0.4687 -0.0400
0.9711 0.4323 -0.0400
0.9932 0.3911 -0.0400
1.0048 0.3452 -0.0400
0.9493 0.2664 -0.0400
2.3968 -1.0775 -0.0400
2.4551 -1.0597 -0.0400
2.5002 -1.0742 -0.0400
2.5348 -1.1192 -0.0400
2.5847 -1.1204 -0.0400
2.6314 -1.1306 -0.0400
2.6733 -1.1569 -0.0400
2.6921 -1.2714 -0.0400
2.7362 -1.2997 -0.0400
2.7705 -1.3733 -0.0400
5.1369 -2.5846 -0.0400
5.2007 -2.5386 -0.0400
5.2821 -2.5315 -0.0400
5.9084 -1.1083 -0.0400
5.8859 -0.9974 -0.0400
5.9182 -0.9437 -0.0400
5.9603 -0.8998 -0.0400
8.2720 0.8002 -0.0400
8.2503 0.8892 -0.0400
5.9976 2.3183 -0.0400
5.9209 2.3419 -0.0400
5.8707 2.3729 -0.0400
5.8438 2.4116 -0.0400
5.8290 2.4549 -0.0400
5.7768 2.4821 -0.0400
5.7491 2.5190 -0.0400
5.7366 2.5627 -0.0400
7.9263 4.4307 -0.0400
7.8745 4.5098 -0.0400
7.9038 4.6464 -0.0400
4.8171 3.8356 -0.0400
4.7668 3.8448 -0.0400
4.7282 3.8740 -0.0400
4.6818 3.8888 -0.0400
4.6288 3.8900 -0.0400
4.5859 3.9102 -0.0400
4.5473 3.9397 -0.0400
4.5205 3.9975 -0.0400
4.4935 4.0584 -0.0400
4.4491 4.0797 -0.0400
4.4176 4.1360 -0.0400
3.4485 5.1329 -0.0400
3.3849 5.0606 -0.0400
3.3226 5.0360 -0.0400
3.2593 5.0530 -0.0400
3.1927 5.1125 -0.0400
2.1448 7.1897 -0.0400
3.0886 2.4981 -0.0400
3.0790 2.4671 -0.0400
3.0669 2.4461 -0.0400
3.0530 2.4312 -0.0400
3.0385 2.4187 -0.0400
3.0234 2.4084 -0.0400
3.0071 2.4011 -0.0400
2.9882 2.3994 -0.0400
2.9689 2.3982 -0.0400
2.9480 2.3995 -0.0400
2.9238 2.4064 -0.0400
2.8934 2.4235 -0.0400
2.8491 2.4627 -0.0400
2.8287 2.4580 -0.0400
2.8067 2.4552 -0.0400
2.7825 2.4552 -0.0400
2.7390 2.4837 -0.0400
1.6448 3.2604 -0.0400
1.6278 3.2152 -0.0400
1.6056 3.1760 -0.0400
1.5640 3.1550 -0.0400
1.5184 3.1367 -0.0400
-0.9581 3.4439 -0.0400
-1.0024 3.3715 -0.0400
0.0806 2.2544 -0.0400
0.0821 2.1927 -0.0400
-1.8788 1.3984 -0.0400
0.8334 0.4859 -0.0400
0.9246 0.4703 -0.0400
0.9733 0.4398 -0.0400
0.9876 0.3955 -0.0400
0.9895 0.3452 -0.0400
0.9681 0.2830 -0.0400
2.4425 -1.0559 -0.0400
2.4868 -1.0726 -0.0400
2.5269 -1.1011 -0.0400
2.5736 -1.1114 -0.0400
2.6194 -1.1237 -0.0400
2.6591 -1.1573 -0.0400
2.6976 -1.1979 -0.0400
2.7225 -1.2973 -0.0400
5.1344 -2.6229 -0.0400
5.1882 -2.5527 -0.0400
5.2930 -2.5956 -0.0400
5.8692 -1.0889 -0.0400
5.8834 -1.0153 -0.0400
5.9060 -0.9519 -0.0400
5.9499 -0.9096 -0.0400
6.0209 -0.8916 -0.0400
6.1035 -0.8818 -0.0400
8.2539 0.7911 -0.0400
8.2928 0.8727 -0.0400
5.9770 2.3080 -0.0400
5.9513 2.3492 -0.0400
5.8828 2.3743 -0.0400
5.8486 2.4106 -0.0400
5.8037 2.4418 -0.0400
5.7701 2.4768 -0.0400
5.7541 2.5190 -0.0400
5.7565 2.5699 -0.0400
7.9335 4.4299 -0.0400
7.9494 4.5553 -0.0400
7.9189 4.6515 -0.0400
4.8883 3.8654 -0.0400
4.8122 3.8341 -0.0400
4.7636 3.8463 -0.0400
4.7253 3.8764 -0.0400
4.6728 3.8800 -0.0400
4.6244 3.8900 -0.0400
4.5833 3.9141 -0.0400
4.5510 3.9580 -0.0400
4.5363 4.0442 -0.0400
4.4894 4.0598 -0.0400
4.4482 4.0896 -0.0400
4.4350 4.1947 -0.0400
3.4436 5.1248 -0.0400
3.3801 5.0370 -0.0400
3.3176 5.0343 -0.0400
3.2543 5.0512 -0.0400
3.1882 5.1035 -0.0400
2.1485 7.1642 -0.0400
3.0828 2.4865 -0.0400
3.0722 2.4590 -0.0400
3.0594 2.4400 -0.0400
3.0473 2.4204 -0.0400
3.0317 2.4113 -0.0400
3.0150 2.4050 -0.0400
2.9975 2.4005 -0.0400
2.9789 2.3981 -0.0400
2.9591 2.3979 -0.0400
2.9369 2.4019 -0.0400
2.8792 2.4730 -0.0400
2.8605 2.4658 -0.0400
2.8402 2.4610 -0.0400
2.8188 2.4578 -0.0400
2.7960 2.4564 -0.0400
2.7564 2.4806 -0.0400
2.7154 2.5044 -0.0400
1.6449 3.3162 -0.0400
1.6434 3.2540 -0.0400
1.6318 3.2038 -0.0400
1.6016 3.1725 -0.0400
1.5541 3.1570 -0.0400
1.4993 3.1469 -0.0400
-0.9828 3.5490 -0.0400
-0.9549 3.4430 -0.0400
-1.0039 3.3729 -0.0400
0.0960 2.2509 -0.0400
0.0759 2.1944 -0.0400
-1.9110 1.4965 -0.0400
-1.8716 1.4039 -0.0400
0.8893 0.5127 -0.0400
0.9398 0.4821 -0.0400
0.9705 0.4447 -0.0400
0.9891 0.4024 -0.0400
0.9958 0.3547 -0.0400
0.5641 -0.8992 -0.0400
0.6294 -0.9282 -0.0400
0.6753 -0.9733 -0.0400
2.5612 -1.1072 -0.0400
2.6068 -1.1197 -0.0400
2.6496 -1.1421 -0.0400
2.6790 -1.2149 -0.0400
2.7127 -1.2800 -0.0400
5.1694 -2.5530 -0.0400
5.2508 -2.5459 -0.0400
5.8676 -1.0204 -0.0400
5.8988 -0.9653 -0.0400
5.9445 -0.9244 -0.0400
6.0016 -0.8937 -0.0400
6.0079 2.2636 -0.0400
5.9703 2.3016 -0.0400
5.9156 2.3329 -0.0400
5.8718 2.3666 -0.0400
5.8478 2.4068 -0.0400
5.8204 2.4454 -0.0400
5.7761 2.4763 -0.0400
5.7539 2.5160 -0.0400
7.9945 4.3499 -0.0400
7.9393 4.4274 -0.0400
7.9564 4.5538 -0.0400
7.9245 4.6493 -0.0400
4.8687 3.8390 -0.0400
4.8057 3.8290 -0.0400
4.7624 3.8505 -0.0400
4.7259 3.8842 -0.0400
4.6683 3.8788 -0.0400
4.6213 3.8918 -0.0400
4.5799 3.9156 -0.0400
4.5557 3.9772 -0.0400
4.5315 4.0428 -0.0400
4.4876 4.0658 -0.0400
4.4547 4.1167 -0.0400
3.4381 5.0543 -0.0400
3.3752 5.0357 -0.0400
3.3127 5.0351 -0.0400
3.2493 5.0530 -0.0400
2.1464 7.1650 -0.0400
3.0945 2.4809 -0.0400
3.0825 2.4570 -0.0400
3.0688 2.4401 -0.0400
3.0543 2.4267 -0.0400
3.0393 2.4158 -0.0400
3.0233 2.4077 -0.0400
3.0064 2.4019 -0.0400
2.9861 2.4039 -0.0400
2.9656 2.4055 -0.0400
2.9423 2.4123 -0.0400
2.9135 2.4288 -0.0400
2.8712 2.4692 -0.0400
2.8518 2.4634 -0.0400
2.8314 2.4589 -0.0400
2.8024 2.4686 -0.0400
2.7742 2.4756 -0.0400
2.7397 2.4910 -0.0400
1.6671 3.2844 -0.0400
1.6518 3.2372 -0.0400
1.6281 3.1993 -0.0400
1.5923 3.1736 -0.0400
1.5487 3.1545 -0.0400
-0.9312 3.5244 -0.0400
-0.9557 3.4434 -0.0400
-1.0108 3.3762 -0.0400
0.0973 2.2502 -0.0400
-1.9076 1.5012 -0.0400
-1.8685 1.4088 -0.0400
0.8581 0.5059 -0.0400
0.9485 0.4907 -0.0400
0.9712 0.4503 -0.0400
0.9823 0.4050 -0.0400
0.9799 0.3533 -0.0400
0.9400 0.2826 -0.0400
0.5613 -0.8890 -0.0400
0.6250 -0.9192 -0.0400
0.6665 -0.9678 -0.0400
0.6868 -1.0360 -0.0400
2.6709 -1.1947 -0.0400
2.6972 -1.2867 -0.0400
2.7358 -1.3390 -0.0400
5.8558 -1.0299 -0.0400
5.8879 -0.9755 -0.0400
5.9293 -0.9306 -0.0400
6.0004 -0.9126 -0.0400
6.0914 -0.9100 -0.0400
7.6764 -1.5646 -0.0400
7.7330 -1.4920 -0.0400
6.0382 2.2679 -0.0400
5.9787 2.2996 -0.0400
5.9422 2.3376 -0.0400
5.8682 2.3610 -0.0400
5.8527 2.4046 -0.0400
5.8025 2.4342 -0.0400
5.7741 2.4718 -0.0400
5.7627 2.5165 -0.0400
5.7769 2.5734 -0.0400
8.0140 4.3550 -0.0400
7.9445 4.4239 -0.0400
7.9410 4.5365 -0.0400
4.8524 3.8172 -0.0400
4.8036 3.8305 -0.0400
4.7620 3.8552 -0.0400
4.7188 3.8772 -0.0400
4.6634 3.8760 -0.0400
4.6199 3.8960 -0.0400
4.5835 3.9307 -0.0400
4.5562 3.9864 -0.0400
4.5281 4.0435 -0.0400
4.4844 4.0673 -0.0400
4.4641 4.1499 -0.0400
3.4973 5.0793 -0.0400
3.4334 5.0461 -0.0400
3.3706 5.0342 -0.0400
3.3079 5.0380 -0.0400
3.2416 5.1275 -0.0400
2.2419 7.1996 -0.0400
3.0967 2.5091 -0.0400
3.0877 2.4719 -0.0400
3.0752 2.4497 -0.0400
3.0633 2.4276 -0.0400
3.0478 2.4176 -0.0400
3.0313 2.4108 -0.0400
3.0141 2.4060 -0.0400
2.9959 2.4032 -0.0400
2.9766 2.4028 -0.0400
2.9557 2.4053 -0.0400
2.9310 2.4150 -0.0400
2.8808 2.4746 -0.0400
2.8608 2.4700 -0.0400
2.8398 2.4668 -0.0400
2.8175 2.4655 -0.0400
2.7920 2.4690 -0.0400
2.7622 2.4785 -0.0400
2.7234 2.5007 -0.0400
1.6815 3.3248 -0.0400
1.6738 3.2685 -0.0400
1.6529 3.2275 -0.0400
1.6247 3.1943 -0.0400
1.5783 3.1788 -0.0400
1.5207 3.1725 -0.0400
-0.9289 3.5228 -0.0400
-0.9567 3.4435 -0.0400
0.0997 2.2487 -0.0400
-1.8855 1.5052 -0.0400
0.8953 0.5243 -0.0400
0.9414 0.4924 -0.0400
0.9697 0.4544 -0.0400
0.9860 0.4116 -0.0400
0.9532 0.3463 -0.0400
0.5533 -0.8839 -0.0400
0.6189 -0.9123 -0.0400
0.6530 -0.9672 -0.0400
0.6767 -1.0322 -0.0400
5.8309 -1.1147 -0.0400
5.8469 -1.0425 -0.0400
5.8780 -0.9870 -0.0400
5.9194 -0.9420 -0.0400
5.9943 -0.9273 -0.0400
6.1024 -0.9397 -0.0400
7.6393 -1.5592 -0.0400
7.7157 -1.5007 -0.0400
6.0066 2.2527 -0.0400
5.9747 2.2930 -0.0400
5.9142 2.3228 -0.0400
5.8750 2.3586 -0.0400
5.8535 2.4002 -0.0400
5.8185 2.4362 -0.0400
5.7784 2.4693 -0.0400
5.7794 2.5197 -0.0400
8.1197 4.2990 -0.0400
8.0013 4.3393 -0.0400
7.9747 4.4359 -0.0400
7.9706 4.5488 -0.0400
4.8465 3.8114 -0.0400
4.8012 3.8306 -0.0400
4.7660 3.8667 -0.0400
4.7092 3.8648 -0.0400
4.6614 3.8777 -0.0400
4.6186 3.8996 -0.0400
4.5850 3.9403 -0.0400
4.5728 4.0289 -0.0400
4.5257 4.0456 -0.0400
4.4876 4.0830 -0.0400
3.4939 5.1049 -0.0400
3.4289 5.0379 -0.0400
3.3661 5.0343 -0.0400
3.3025 5.0777 -0.0400
2.2401 7.2005 -0.0400
3.1105 2.4964 -0.0400
3.0987 2.4678 -0.0400
3.0850 2.4487 -0.0400
3.0703 2.4347 -0.0400
3.0551 2.4232 -0.0400
3.0393 2.4142 -0.0400
3.0226 2.4080 -0.0400
3.0034 2.4081 -0.0400
2.9838 2.4086 -0.0400
2.9621 2.4134 -0.0400
2.9367 2.4253 -0.0400
2.8910 2.4785 -0.0400
2.8724 2.4713 -0.0400
2.8522 2.4671 -0.0400
2.8308 2.4647 -0.0400
2.7993 2.4798 -0.0400
2.7679 2.4927 -0.0400
2.7204 2.5305 -0.0400
1.6879 3.3083 -0.0400
1.6746 3.2584 -0.0400
1.6505 3.2209 -0.0400
1.6116 3.1986 -0.0400
1.5617 3.1863 -0.0400
-0.9158 3.6088 -0.0400
-0.9225 3.5188 -0.0400
-0.9656 3.4468 -0.0400
0.1043 2.3071 -0.0400
0.0938 2.2488 -0.0400
-1.9555 1.6029 -0.0400
-1.8651 1.5086 -0.0400
0.8569 0.5635 -0.0400
0.9158 0.5356 -0.0400
0.9493 0.4994 -0.0400
0.9697 0.4585 -0.0400
0.9786 0.4127 -0.0400
0.9727 0.3598 -0.0400
0.5392 -0.8845 -0.0400
0.6147 -0.9045 -0.0400
0.6478 -0.9600 -0.0400
0.6731 -1.0232 -0.0400
5.7926 -1.1801 -0.0400
5.8016 -1.0990 -0.0400
5.8305 -1.0405 -0.0400
5.8788 -1.0020 -0.0400
5.9437 -0.9788 -0.0400
6.0496 -0.9915 -0.0400
7.5960 -1.6550 -0.0400
5.7230 0.0185 -0.0400
5.7302 0.0701 -0.0400
5.7420 0.1183 -0.0400
6.0421 2.2086 -0.0400
5.9979 2.2460 -0.0400
5.9163 2.2702 -0.0400
5.8904 2.3109 -0.0400
5.8776 2.3559 -0.0400
5.8246 2.3857 -0.0400
5.7991 2.4250 -0.0400
5.7916 2.4716 -0.0400
5.8155 2.5326 -0.0400
8.0640 4.2600 -0.0400
8.0105 4.3395 -0.0400
4.8880 3.7877 -0.0400
4.8438 3.8091 -0.0400
4.8129 3.8523 -0.0400
4.7489 3.8395 -0.0400
4.7042 3.8587 -0.0400
4.6659 3.8893 -0.0400
4.6419 3.9488 -0.0400
4.6189 4.0136 -0.0400
4.5723 4.0318 -0.0400
4.5391 4.0799 -0.0400
3.6199 5.1105 -0.0400
3.5531 5.0617 -0.0400
3.4888 5.0340 -0.0400
3.4262 5.0412 -0.0400
3.3632 5.0629 -0.0400
2.3397 7.2200 -0.0400
3.1352 2.5329 -0.0400
3.1259 2.4870 -0.0400
3.1125 2.4641 -0.0400
3.0977 2.4485 -0.0400
3.0840 2.4307 -0.0400
3.0675 2.4235 -0.0400
3.0503 2.4185 -0.0400
3.0325 2.4154 -0.0400
3.0137 2.4146 -0.0400
2.9936 2.4165 -0.0400
2.9713 2.4233 -0.0400
2.9217 2.4926 -0.0400
2.9025 2.4868 -0.0400
2.8822 2.4832 -0.0400
2.8604 2.4821 -0.0400
2.8367 2.4841 -0.0400
2.8097 2.4914 -0.0400
2.7774 2.5069 -0.0400
1.7230 3.3282 -0.0400
1.7065 3.2813 -0.0400
1.6779 3.2486 -0.0400
1.6354 3.2302 -0.0400
1.5771 3.2269 -0.0400
-0.8969 3.6928 -0.0400
-0.8821 3.5909 -0.0400
-0.9438 3.5281 -0.0400
0.1309 2.3597 -0.0400
0.1059 2.3054 -0.0400
-1.8708 1.6943 -0.0400
-1.8548 1.6020 -0.0400
0.8064 0.5978 -0.0400
0.8930 0.5782 -0.0400
0.9322 0.5438 -0.0400
0.9526 0.5030 -0.0400
0.9519 0.4536 -0.0400
0.9264 0.3927 -0.0400
0.5260 -0.8062 -0.0400
0.5741 -0.8487 -0.0400
0.6052 -0.9054 -0.0400
0.6351 -0.9638 -0.0400
4.9888 -2.6393 -0.0400
5.8616 -1.1923 -0.0400
5.8192 -1.0586 -0.0400
5.8555 -1.0082 -0.0400
5.9032 -0.9690 -0.0400
5.9641 -0.9414 -0.0400
6.0542 -0.9385 -0.0400
7.6274 -1.5934 -0.0400
7.6901 -1.5252 -0.0400
5.7514 0.0371 -0.0400
5.7379 0.1005 -0.0400
5.7556 0.1453 -0.0400
5.7872 0.1827 -0.0400
5.8252 0.2174 -0.0400
6.0687 2.2070 -0.0400
6.0030 2.2387 -0.0400
5.9783 2.2816 -0.0400
5.9115 2.3098 -0.0400
5.8779 2.3480 -0.0400
5.8598 2.3913 -0.0400
5.8004 2.4181 -0.0400
5.7853 2.4617 -0.0400
5.7903 2.5143 -0.0400
8.0962 4.2670 -0.0400
8.0128 4.3289 -0.0400
8.0165 4.4454 -0.0400
7.9973 4.5493 -0.0400
4.9038 3.8139 -0.0400
4.8421 3.8089 -0.0400
4.8025 3.8380 -0.0400
4.7687 3.8774 -0.0400
4.7036 3.8618 -0.0400
4.6596 3.8823 -0.0400
4.6231 3.9174 -0.0400
4.6103 4.0019 -0.0400
4.5692 4.0318 -0.0400
4.5271 4.0602 -0.0400
4.5144 4.1584 -0.0400
3.5501 5.0970 -0.0400
3.4839 5.0390 -0.0400
3.4208 5.0342 -0.0400
3.3580 5.0583 -0.0400
3.2939 5.1008 -0.0400
3.1121 2.4952 -0.0400
3.0995 2.4679 -0.0400
3.0877 2.4403 -0.0400
3.0721 2.4291 -0.0400
3.0560 2.4201 -0.0400
3.0392 2.4139 -0.0400
3.0218 2.4095 -0.0400
3.0015 2.4130 -0.0400
2.9811 2.4156 -0.0400
2.9577 2.4248 -0.0400
2.9298 2.4430 -0.0400
2.8926 2.4797 -0.0400
2.8730 2.4745 -0.0400
2.8526 2.4709 -0.0400
2.8246 2.4817 -0.0400
2.7969 2.4902 -0.0400
2.7636 2.5073 -0.0400
1.7003 3.2749 -0.0400
1.6732 3.2406 -0.0400
1.6386 3.2144 -0.0400
1.5943 3.1976 -0.0400
1.5267 3.2022 -0.0400
-0.9103 3.6027 -0.0400
-0.9311 3.5198 -0.0400
0.1156 2.2997 -0.0400
-1.8769 1.6059 -0.0400
-1.8885 1.5145 -0.0400
0.8789 0.5764 -0.0400
0.9237 0.5440 -0.0400
0.9516 0.5062 -0.0400
0.9684 0.4643 -0.0400
0.9738 0.4175 -0.0400
0.9624 0.3626 -0.0400
0.5466 -0.8585 -0.0400
0.5978 -0.8984 -0.0400
0.6334 -0.9513 -0.0400
5.0493 -2.6442 -0.0400
5.1109 -2.5919 -0.0400
5.7635 -1.1952 -0.0400
5.7758 -1.1174 -0.0400
5.8071 -1.0613 -0.0400
5.8507 -1.0181 -0.0400
5.9406 -1.0188 -0.0400
7.5681 -1.6784 -0.0400
7.6393 -1.6165 -0.0400
5.7154 -0.0086 -0.0400
5.7193 0.0454 -0.0400
5.7305 0.0943 -0.0400
5.7585 0.1336 -0.0400
5.8182 0.1566 -0.0400
5.9005 0.1701 -0.0400
6.0277 2.1905 -0.0400
5.9996 2.2329 -0.0400
5.9168 2.2573 -0.0400
5.8956 2.2999 -0.0400
5.8691 2.3404 -0.0400
5.8266 2.3744 -0.0400
5.8054 2.4159 -0.0400
5.8018 2.4645 -0.0400
8.0819 4.2520 -0.0400
8.0929 4.3720 -0.0400
4.9381 3.7764 -0.0400
4.8870 3.7887 -0.0400
4.8527 3.8264 -0.0400
4.8012 3.8367 -0.0400
4.7462 3.8398 -0.0400
4.7044 3.8648 -0.0400
4.6682 3.9001 -0.0400
4.6635 3.9981 -0.0400
4.6152 4.0139 -0.0400
4.5770 4.0509 -0.0400
3.6101 5.0679 -0.0400
3.5445 5.0341 -0.0400
3.4814 5.0351 -0.0400
3.4190 5.0661 -0.0400
2.4415 7.2178 -0.0400
3.1420 2.5106 -0.0400
3.1288 2.4806 -0.0400
3.1164 2.4511 -0.0400
3.1005 2.4397 -0.0400
3.0843 2.4304 -0.0400
3.0675 2.4237 -0.0400
3.0496 2.4211 -0.0400
3.0310 2.4201 -0.0400
3.0114 2.4215 -0.0400
2.9901 2.4269 -0.0400
2.9659 2.4385 -0.0400
2.9234 2.4938 -0.0400
2.9033 2.4902 -0.0400
2.8824 2.4879 -0.0400
2.8605 2.4874 -0.0400
2.8358 2.4918 -0.0400
2.8076 2.5020 -0.0400
2.7733 2.5220 -0.0400
1.7472 3.3463 -0.0400
1.7298 3.2999 -0.0400
1.7022 3.2660 -0.0400
1.6669 3.2408 -0.0400
1.5787 3.2699 -0.0400
-0.8473 3.6625 -0.0400
-0.8965 3.5943 -0.0400
0.1293 2.4161 -0.0400
0.1330 2.3538 -0.0400
-1.8520 1.6976 -0.0400
-1.8927 1.6078 -0.0400
0.8601 0.6196 -0.0400
0.9082 0.5878 -0.0400
0.9405 0.5515 -0.0400
0.9479 0.5062 -0.0400
0.9422 0.4551 -0.0400
0.8951 0.3854 -0.0400
0.4490 -0.7676 -0.0400
0.5227 -0.7907 -0.0400
0.5642 -0.8382 -0.0400
0.5963 -0.8934 -0.0400
0.6089 -0.9664 -0.0400
4.9571 -2.6528 -0.0400
5.0249 -2.6153 -0.0400
5.1105 -2.6199 -0.0400
5.8109 -1.2707 -0.0400
5.7568 -1.1204 -0.0400
5.7947 -1.0713 -0.0400
5.8448 -1.0344 -0.0400
5.9104 -1.0119 -0.0400
6.0320 -1.0393 -0.0400
7.5636 -1.6975 -0.0400
5.7076 -0.0201 -0.0400
5.7114 0.0341 -0.0400
5.7258 0.0812 -0.0400
5.7548 0.1201 -0.0400
5.7941 0.1539 -0.0400
6.0341 2.1844 -0.0400
5.9644 2.2147 -0.0400
5.9219 2.2515 -0.0400
5.8981 2.2935 -0.0400
5.8861 2.3394 -0.0400
5.8248 2.3669 -0.0400
5.8160 2.4133 -0.0400
5.8323 2.4706 -0.0400
8.1387 4.1629 -0.0400
8.0756 4.2379 -0.0400
8.0982 4.3649 -0.0400
8.0778 4.4681 -0.0400
5.0043 3.7835 -0.0400
4.9352 3.7716 -0.0400
4.8870 3.7885 -0.0400
4.8544 3.8293 -0.0400
4.7964 3.8294 -0.0400
4.7474 3.8429 -0.0400
4.7090 3.8743 -0.0400
4.6766 3.9174 -0.0400
4.6605 3.9939 -0.0400
4.6161 4.0180 -0.0400
4.5770 4.0535 -0.0400
3.6747 5.1058 -0.0400
3.6054 5.0434 -0.0400
3.5414 5.0355 -0.0400
3.4784 5.0403 -0.0400
3.4162 5.0879 -0.0400
2.4380 7.2346 -0.0400
3.1529 2.5121 -0.0400
3.1389 2.4833 -0.0400
3.1258 2.4544 -0.0400
3.1096 2.4432 -0.0400
3.0932 2.4338 -0.0400
3.0764 2.4269 -0.0400
3.0587 2.4231 -0.0400
3.0404 2.4215 -0.0400
3.0213 2.4218 -0.0400
3.0011 2.4244 -0.0400
2.9705 2.4550 -0.0400
2.9340 2.4975 -0.0400
2.9147 2.4920 -0.0400
2.8945 2.4884 -0.0400
2.8732 2.4870 -0.0400
2.8440 2.5020 -0.0400
2.8151 2.5142 -0.0400
2.7792 2.5384 -0.0400
1.7569 3.3240 -0.0400
1.7293 3.2899 -0.0400
1.6939 3.2649 -0.0400
1.6483 3.2506 -0.0400
1.5747 3.2643 -0.0400
-0.8668 3.7656 -0.0400
-0.8581 3.6656 -0.0400
-0.9036 3.5954 -0.0400
0.1491 2.4066 -0.0400
0.1001 2.3599 -0.0400
-1.9253 1.7953 -0.0400
-1.8401 1.6984 -0.0400
0.8929 0.6314 -0.0400
0.9225 0.5940 -0.0400
0.9415 0.5532 -0.0400
0.9508 0.5089 -0.0400
0.9483 0.4595 -0.0400
0.5235 -0.7822 -0.0400
0.5529 -0.8391 -0.0400
0.5822 -0.8968 -0.0400
4.9477 -2.6756 -0.0400
5.0136 -2.6329 -0.0400
5.7559 -1.1427 -0.0400
5.7855 -1.0845 -0.0400
5.8284 -1.0406 -0.0400
5.9206 -1.0436 -0.0400
7.5485 -1.7090 -0.0400
5.7058 -0.0356 -0.0400
5.7065 0.0207 -0.0400
5.7198 0.0686 -0.0400
5.7491 0.1074 -0.0400
5.7903 0.1402 -0.0400
5.8521 0.1636 -0.0400
6.0191 2.1719 -0.0400
5.9688 2.2078 -0.0400
5.9257 2.2447 -0.0400
5.9018 2.2869 -0.0400
5.8560 2.3210 -0.0400
5.8285 2.3607 -0.0400
5.8153 2.4057 -0.0400
5.8215 2.4589 -0.0400
8.1289 4.1462 -0.0400
8.1071 4.2454 -0.0400
8.1061 4.3588 -0.0400
5.0049 3.7825 -0.0400
4.9357 3.7710 -0.0400
4.8919 3.7949 -0.0400
4.8515 3.8238 -0.0400
4.7947 3.8261 -0.0400
4.7479 3.8436 -0.0400
4.7134 3.8823 -0.0400
4.6860 3.9354 -0.0400
4.6625 3.9986 -0.0400
4.6202 4.0273 -0.0400
4.5874 4.0769 -0.0400
3.6691 5.0716 -0.0400
3.6022 5.0364 -0.0400
3.5386 5.0333 -0.0400
3.4763 5.0589 -0.0400
3.4150 5.1674 -0.0400
2.5380 7.2582 -0.0400
2.4408 7.2125 -0.0400
3.1502 2.4810 -0.0400
3.1344 2.4642 -0.0400
3.1181 2.4516 -0.0400
3.1028 2.4360 -0.0400
3.0857 2.4295 -0.0400
3.0680 2.4257 -0.0400
3.0498 2.4238 -0.0400
3.0308 2.4236 -0.0400
3.0111 2.4256 -0.0400
2.9834 2.4498 -0.0400
2.9511 2.4837 -0.0400
2.9258 2.4949 -0.0400
2.9058 2.4910 -0.0400
2.8823 2.4950 -0.0400
2.8588 2.4980 -0.0400
2.8327 2.5056 -0.0400
2.8025 2.5202 -0.0400
2.7471 2.5827 -0.0400
1.7651 3.3715 -0.0400
1.7504 3.3209 -0.0400
1.7240 3.2854 -0.0400
1.6894 3.2595 -0.0400
1.6090 3.2829 -0.0400
-0.8275 3.7408 -0.0400
-0.8513 3.6591 -0.0400
0.1354 2.4686 -0.0400
0.1464 2.4036 -0.0400
0.1037 2.3552 -0.0400
-1.8874 1.7936 -0.0400
-1.8366 1.6992 -0.0400
0.8521 0.6663 -0.0400
0.8956 0.6327 -0.0400
0.9238 0.5950 -0.0400
0.9422 0.5543 -0.0400
0.9342 0.5035 -0.0400
0.9107 0.4455 -0.0400
0.4528 -0.7502 -0.0400
0.5196 -0.7781 -0.0400
0.5552 -0.8298 -0.0400
0.5881 -0.8839 -0.0400
4.8676 -2.7301 -0.0400
4.9229 -2.6585 -0.0400
4.9941 -2.6300 -0.0400
5.0843 -2.6456 -0.0400
5.8847 -1.0314 -0.0400
5.9914 -1.0456 -0.0400
7.5346 -1.7214 -0.0400
5.7110 -0.0557 -0.0400
5.7043 0.0054 -0.0400
5.7114 0.0571 -0.0400
5.7412 0.0956 -0.0400
5.7817 0.1289 -0.0400
5.8433 0.1523 -0.0400
6.0215 2.1636 -0.0400
5.9667 2.1985 -0.0400
5.9276 2.2367 -0.0400
5.9067 2.2801 -0.0400
5.8604 2.3143 -0.0400
5.8319 2.3540 -0.0400
5.8176 2.3987 -0.0400
8.1370 4.1391 -0.0400
8.0869 4.2219 -0.0400
8.1078 4.3481 -0.0400
4.9799 3.7446 -0.0400
4.9312 3.7620 -0.0400
4.8938 3.7955 -0.0400
4.8528 3.8240 -0.0400
4.7954 3.8258 -0.0400
4.7508 3.8474 -0.0400
4.7167 3.8872 -0.0400
4.6956 3.9523 -0.0400
4.6623 3.9977 -0.0400
4.6251 4.0372 -0.0400
4.6100 4.1245 -0.0400
3.6665 5.0651 -0.0400
3.5999 5.0354 -0.0400
3.5362 5.0338 -0.0400
3.4746 5.0783 -0.0400
2.5389 7.2497 -0.0400
3.1603 2.4895 -0.0400
3.1442 2.4711 -0.0400
3.1290 2.4507 -0.0400
3.1122 2.4413 -0.0400
3.0956 2.4317 -0.0400
3.0780 2.4273 -0.0400
3.0600 2.4242 -0.0400
3.0403 2.4270 -0.0400
3.0207 2.4287 -0.0400
2.9945 2.4501 -0.0400
2.9663 2.4743 -0.0400
2.9368 2.4988 -0.0400
2.9171 2.4943 -0.0400
2.8944 2.4968 -0.0400
2.8722 2.4973 -0.0400
2.8479 2.5018 -0.0400
2.8207 2.5113 -0.0400
1.7904 3.3990 -0.0400
1.7770 3.3456 -0.0400
1.7511 3.3091 -0.0400
1.7172 3.2825 -0.0400
1.6739 3.2664 -0.0400
1.6113 3.2702 -0.0400
-0.8203 3.7336 -0.0400
-0.8679 3.6648 -0.0400
0.1460 2.4609 -0.0400
0.1393 2.4017 -0.0400
-1.8354 1.7903 -0.0400
-1.8473 1.7003 -0.0400
0.8653 0.6700 -0.0400
0.9016 0.6345 -0.0400
0.9264 0.5959 -0.0400
0.9358 0.5521 -0.0400
0.9330 0.5035 -0.0400
0.9089 0.4455 -0.0400
0.4728 -0.7290 -0.0400
0.5189 -0.7722 -0.0400
0.5478 -0.8289 -0.0400
0.5714 -0.8908 -0.0400
2.2001 -0.9983 -0.0400
2.2572 -0.9846 -0.0400
2.3051 -0.9895 -0.0400
4.8583 -2.7535 -0.0400
4.9086 -2.6680 -0.0400
4.9772 -2.6330 -0.0400
7.4844 -1.8222 -0.0400
7.5391 -1.7478 -0.0400
5.6822 -0.0549 -0.0400
5.6871 -0.0012 -0.0400
5.7044 0.0446 -0.0400
5.7317 0.0845 -0.0400
5.7688 0.1195 -0.0400
5.9103 2.2724 -0.0400
5.8611 2.3058 -0.0400
5.8350 2.3465 -0.0400
5.8402 2.3990 -0.0400
8.1386 4.1276 -0.0400
8.1565 4.2504 -0.0400
8.1371 4.3536 -0.0400
4.9865 3.7501 -0.0400
4.9343 3.7631 -0.0400
4.8946 3.7937 -0.0400
4.8406 3.8020 -0.0400
4.7937 3.8203 -0.0400
4.7528 3.8484 -0.0400
4.7190 3.8892 -0.0400
4.7014 3.9611 -0.0400
4.6648 4.0008 -0.0400
4.6301 4.0458 -0.0400
3.6632 5.0484 -0.0400
3.5977 5.0308 -0.0400
3.5348 5.0426 -0.0400
3.4729 5.0862 -0.0400
3.1694 2.5108 -0.0400
3.1554 2.4733 -0.0400
3.1384 2.4613 -0.0400
3.1225 2.4446 -0.0400
3.1058 2.4348 -0.0400
3.0881 2.4301 -0.0400
3.0698 2.4279 -0.0400
3.0512 2.4267 -0.0400
3.0301 2.4340 -0.0400
3.0090 2.4398 -0.0400
2.9859 2.4505 -0.0400
2.9481 2.5029 -0.0400
2.9284 2.4983 -0.0400
2.9061 2.5001 -0.0400
2.8844 2.4996 -0.0400
2.8609 2.5027 -0.0400
2.8350 2.5104 -0.0400
2.7861 2.5668 -0.0400
1.7815 3.3992 -0.0400
1.7703 3.3429 -0.0400
1.7453 3.3051 -0.0400
1.7031 3.2882 -0.0400
1.6449 3.2885 -0.0400
-0.8267 3.7337 -0.0400
-0.8791 3.6675 -0.0400
0.1585 2.5138 -0.0400
0.1633 2.4506 -0.0400
0.1373 2.3978 -0.0400
-1.8386 1.7905 -0.0400
-1.8513 1.7006 -0.0400
0.8509 0.6648 -0.0400
0.9091 0.6362 -0.0400
0.9293 0.5964 -0.0400
0.9324 0.5506 -0.0400
0.9269 0.5010 -0.0400
0.8942 0.4397 -0.0400
0.4600 -0.7333 -0.0400
0.5170 -0.7680 -0.0400
0.5412 -0.8283 -0.0400
2.1947 -0.9908 -0.0400
2.2508 -0.9789 -0.0400
2.2981 -0.9847 -0.0400
2.3361 -1.0123 -0.0400
2.3729 -1.0441 -0.0400
2.4203 -1.0484 -0.0400
4.8421 -2.7575 -0.0400
4.8933 -2.6743 -0.0400
4.9707 -2.6612 -0.0400
7.5133 -1.7517 -0.0400
5.6937 -0.0794 -0.0400
5.6882 -0.0188 -0.0400
5.6999 0.0305 -0.0400
5.7320 0.0679 -0.0400
5.7802 0.0972 -0.0400
8.1947 0.4706 -0.0400
8.2201 0.5546 -0.0400
5.8482 2.3930 -0.0400
8.2086 4.0422 -0.0400
8.1424 4.1167 -0.0400
8.1336 4.2239 -0.0400
8.1264 4.3341 -0.0400
5.0385 3.7310 -0.0400
4.9799 3.7363 -0.0400
4.9375 3.7633 -0.0400
4.9082 3.8098 -0.0400
4.8461 3.8066 -0.0400
4.7967 3.8216 -0.0400
4.7540 3.8471 -0.0400
4.7445 3.9309 -0.0400
4.7107 3.9752 -0.0400
4.6667 4.0016 -0.0400
4.6326 4.0481 -0.0400
3.7294 5.0733 -0.0400
3.6619 5.0475 -0.0400
3.5964 5.0316 -0.0400
3.5337 5.0505 -0.0400
3.4728 5.1201 -0.0400
3.1811 2.5211 -0.0400
3.1665 2.4808 -0.0400
3.1492 2.4677 -0.0400
3.1330 2.4509 -0.0400
3.1163 2.4388 -0.0400
3.0987 2.4327 -0.0400
3.0807 2.4290 -0.0400
3.0618 2.4290 -0.0400
3.0414 2.4344 -0.0400
3.0211 2.4378 -0.0400
2.9942 2.4626 -0.0400
2.9599 2.5068 -0.0400
2.9398 2.5031 -0.0400
2.9196 2.4995 -0.0400
2.8985 2.4979 -0.0400
2.8729 2.5069 -0.0400
2.8477 2.5136 -0.0400
2.8070 2.5543 -0.0400
1.8096 3.4236 -0.0400
1.7981 3.3664 -0.0400
1.7730 3.3283 -0.0400
1.7402 3.3004 -0.0400
1.6991 3.2822 -0.0400
1.6438 3.2793 -0.0400
-0.7816 3.7998 -0.0400
-0.8294 3.7315 -0.0400
-0.8846 3.6669 -0.0400
0.1590 2.4472 -0.0400
-1.8782 1.8845 -0.0400
-1.8332 1.7897 -0.0400
-1.8784 1.7019 -0.0400
0.8355 0.7058 -0.0400
0.8784 0.6718 -0.0400
0.9158 0.6371 -0.0400
0.9304 0.5957 -0.0400
0.9391 0.5521 -0.0400
0.9108 0.4942 -0.0400
0.4098 -0.6880 -0.0400
0.4757 -0.7168 -0.0400
0.5136 -0.7658 -0.0400
0.5438 -0.8210 -0.0400
0.5548 -0.8927 -0.0400
2.1849 -0.9939 -0.0400
2.2435 -0.9764 -0.0400
2.2913 -0.9808 -0.0400
2.3284 -1.0098 -0.0400
2.3660 -1.0391 -0.0400
2.4127 -1.0447 -0.0400
2.4541 -1.0648 -0.0400
2.4905 -1.1004 -0.0400
2.5223 -1.1539 -0.0400
4.8193 -2.7428 -0.0400
4.8766 -2.6765 -0.0400
4.9562 -2.6691 -0.0400
5.7061 -1.2515 -0.0400
5.6699 -0.0820 -0.0400
5.6734 -0.0271 -0.0400
5.6906 0.0189 -0.0400
5.7188 0.0585 -0.0400
5.7583 0.0922 -0.0400
5.8223 0.1143 -0.0400
8.1910 0.4543 -0.0400
8.2122 4.0304 -0.0400
8.1465 4.1054 -0.0400
8.1319 4.2093 -0.0400
5.0630 3.7579 -0.0400
4.9866 3.7401 -0.0400
4.9395 3.7608 -0.0400
4.8959 3.7862 -0.0400
4.8426 3.7963 -0.0400
4.7993 3.8211 -0.0400
4.7636 3.8589 -0.0400
4.7393 3.9174 -0.0400
4.7139 3.9768 -0.0400
4.6685 4.0011 -0.0400
3.7266 5.0541 -0.0400
3.6602 5.0374 -0.0400
3.5957 5.0345 -0.0400
3.5342 5.0747 -0.0400
3.4721 5.1286 -0.0400
3.1780 2.4922 -0.0400
3.1616 2.4688 -0.0400
3.1447 2.4534 -0.0400
3.1276 2.4420 -0.0400
3.1100 2.4354 -0.0400
3.0919 2.4316 -0.0400
3.0733 2.4300 -0.0400
3.0536 2.4325 -0.0400
3.0322 2.4409 -0.0400
3.0109 2.4472 -0.0400
2.9799 2.4847 -0.0400
2.9524 2.5060 -0.0400
2.9321 2.5024 -0.0400
2.9097 2.5045 -0.0400
2.8879 2.5043 -0.0400
2.8590 2.5211 -0.0400
2.8314 2.5326 -0.0400
2.7997 2.5516 -0.0400
1.8056 3.4178 -0.0400
1.7930 3.3620 -0.0400
1.7676 3.3242 -0.0400
1.7274 3.3052 -0.0400
1.6735 3.3015 -0.0400
-0.7876 3.7995 -0.0400
-0.8286 3.7273 -0.0400
0.1797 2.4962 -0.0400
0.1447 2.4468 -0.0400
-1.8351 1.8796 -0.0400
-1.8336 1.7889 -0.0400
0.8471 0.7070 -0.0400
0.8839 0.6715 -0.0400
0.9175 0.6359 -0.0400
0.9270 0.5929 -0.0400
0.9288 0.5469 -0.0400
0.8669 0.4764 -0.0400
0.3968 -0.6937 -0.0400
0.4718 -0.7158 -0.0400
0.5051 -0.7682 -0.0400
0.5287 -0.8286 -0.0400
2.1693 -1.0108 -0.0400
2.2428 -0.9608 -0.0400
2.2852 -0.9766 -0.0400
2.3224 -1.0050 -0.0400
2.3586 -1.0371 -0.0400
2.4059 -1.0407 -0.0400
2.4464 -1.0626 -0.0400
2.4819 -1.1004 -0.0400
2.5114 -1.1609 -0.0400
2.5310 -1.2612 -0.0400
4.8598 -2.6774 -0.0400
4.9322 -2.6530 -0.0400
5.6999 -1.1765 -0.0400
5.7378 -1.1272 -0.0400
5.7883 -1.0908 -0.0400
5.6914 -0.1129 -0.0400
5.6778 -0.0470 -0.0400
5.6868 0.0041 -0.0400
5.7169 0.0426 -0.0400
5.7654 0.0718 -0.0400
8.1917 0.4369 -0.0400
8.2298 0.5188 -0.0400
8.2068 4.0131 -0.0400
8.1512 4.0938 -0.0400
8.1841 4.2254 -0.0400
5.0396 3.7198 -0.0400
4.9855 3.7320 -0.0400
4.9462 3.7641 -0.0400
4.9079 3.7979 -0.0400
4.8479 3.7986 -0.0400
4.8024 3.8204 -0.0400
4.7792 3.8793 -0.0400
4.7640 3.9550 -0.0400
4.7158 3.9748 -0.0400
4.6779 4.0137 -0.0400
3.7262 5.0513 -0.0400
3.6597 5.0357 -0.0400
3.5955 5.0385 -0.0400
3.5352 5.0979 -0.0400
3.1893 2.5168 -0.0400
3.1733 2.4811 -0.0400
3.1563 2.4627 -0.0400
3.1390 2.4494 -0.0400
3.1217 2.4387 -0.0400
3.1036 2.4342 -0.0400
3.0849 2.4327 -0.0400
3.0654 2.4345 -0.0400
3.0448 2.4402 -0.0400
3.0243 2.4441 -0.0400
2.9985 2.4658 -0.0400
2.9655 2.5090 -0.0400
2.9448 2.5065 -0.0400
2.9243 2.5031 -0.0400
2.9013 2.5066 -0.0400
2.8745 2.5190 -0.0400
2.8492 2.5258 -0.0400
2.8061 2.5744 -0.0400
1.8051 3.4074 -0.0400
1.7966 3.3463 -0.0400
1.7627 3.3195 -0.0400
1.7215 3.3017 -0.0400
1.6677 3.2980 -0.0400
-0.7559 3.8733 -0.0400
-0.7842 3.7934 -0.0400
-0.8345 3.7266 -0.0400
0.1840 2.5508 -0.0400
0.1776 2.4915 -0.0400
0.1226 2.4489 -0.0400
-1.8303 1.8779 -0.0400
-1.8418 1.7884 -0.0400
0.8662 0.7098 -0.0400
0.8945 0.6722 -0.0400
0.9202 0.6344 -0.0400
0.9262 0.5904 -0.0400
0.9271 0.5443 -0.0400
0.8633 0.4734 -0.0400
0.4340 -0.6640 -0.0400
0.4779 -0.7081 -0.0400
0.5045 -0.7651 -0.0400
0.5337 -0.8207 -0.0400
2.1848 -0.9628 -0.0400
2.2359 -0.9602 -0.0400
2.2799 -0.9720 -0.0400
2.3175 -0.9987 -0.0400
2.3562 -1.0235 -0.0400
2.3994 -1.0373 -0.0400
2.4399 -1.0586 -0.0400
2.4752 -1.0963 -0.0400
2.4877 -1.2103 -0.0400
2.5215 -1.2645 -0.0400
4.7854 -2.7424 -0.0400
4.8462 -2.6861 -0.0400
4.9225 -2.6714 -0.0400
5.6887 -1.2799 -0.0400
5.6982 -1.1980 -0.0400
5.7284 -1.1403 -0.0400
5.7712 -1.0963 -0.0400
5.8620 -1.0987 -0.0400
5.7027 0.0336 -0.0400
5.7397 0.0687 -0.0400
5.7990 0.0930 -0.0400
8.1888 0.4199 -0.0400
8.2003 4.2198 -0.0400
5.0596 3.7388 -0.0400
4.9893 3.7298 -0.0400
4.9589 3.7749 -0.0400
4.8999 3.7788 -0.0400
4.8494 3.7938 -0.0400
4.8069 3.8208 -0.0400
4.7738 3.8636 -0.0400
4.7635 3.9474 -0.0400
4.7189 3.9739 -0.0400
4.6977 4.0448 -0.0400
3.8063 5.1562 -0.0400
3.7243 5.0323 -0.0400
3.6593 5.0296 -0.0400
3.5957 5.0395 -0.0400
3.5357 5.1069 -0.0400
3.1859 2.4960 -0.0400
3.1690 2.4698 -0.0400
3.1517 2.4541 -0.0400
3.1340 2.4434 -0.0400
3.1159 2.4375 -0.0400
3.0974 2.4342 -0.0400
3.0785 2.4333 -0.0400
3.0579 2.4396 -0.0400
3.0363 2.4483 -0.0400
3.0115 2.4677 -0.0400
2.9788 2.5129 -0.0400
2.9584 2.5095 -0.0400
2.9380 2.5057 -0.0400
2.9158 2.5069 -0.0400
2.8917 2.5128 -0.0400
2.8634 2.5289 -0.0400
2.8362 2.5395 -0.0400
2.7301 2.7411 -0.0400
1.8212 3.3747 -0.0400
1.7920 3.3416 -0.0400
1.7568 3.3164 -0.0400
1.7143 3.3001 -0.0400
-0.7794 3.8836 -0.0400
-0.7836 3.7889 -0.0400
0.1851 2.5447 -0.0400
0.1746 2.4869 -0.0400
-1.9098 1.9761 -0.0400
-1.8330 1.8766 -0.0400
0.7982 0.7346 -0.0400
0.8717 0.7083 -0.0400
0.9055 0.6726 -0.0400
0.9214 0.6320 -0.0400
0.9198 0.5856 -0.0400
0.9173 0.5384 -0.0400
0.3664 -0.6337 -0.0400
0.4354 -0.6607 -0.0400
0.4783 -0.7053 -0.0400
0.5044 -0.7625 -0.0400
2.1728 -0.9745 -0.0400
2.2333 -0.9515 -0.0400
2.2723 -0.9741 -0.0400
2.3052 -1.0118 -0.0400
2.3493 -1.0235 -0.0400
2.3935 -1.0338 -0.0400
2.4343 -1.0536 -0.0400
2.4561 -1.1313 -0.0400
2.4816 -1.2049 -0.0400
2.5162 -1.2554 -0.0400
4.9059 -2.6718 -0.0400
5.7263 -1.3457 -0.0400
5.6772 -1.1987 -0.0400
5.7148 -1.1489 -0.0400
5.7638 -1.1113 -0.0400
5.8274 -1.0874 -0.0400
5.9305 -1.0991 -0.0400
8.1917 0.3119 -0.0400
8.1871 0.4024 -0.0400
5.0453 3.7110 -0.0400
4.9938 3.7274 -0.0400
4.9566 3.7632 -0.0400
4.9129 3.7898 -0.0400
4.8531 3.7915 -0.0400
4.8169 3.8289 -0.0400
4.7928 3.8874 -0.0400
4.7699 3.9506 -0.0400
4.7243 3.9759 -0.0400
4.6905 4.0234 -0.0400
3.7977 5.0852 -0.0400
3.7267 5.0446 -0.0400
3.6602 5.0315 -0.0400
3.5973 5.0520 -0.0400
3.1995 2.5145 -0.0400
3.1828 2.4765 -0.0400
3.1644 2.4656 -0.0400
3.1469 2.4504 -0.0400
3.1289 2.4416 -0.0400
3.1104 2.4371 -0.0400
3.0913 2.4361 -0.0400
3.0716 2.4382 -0.0400
3.0510 2.4435 -0.0400
3.0284 2.4555 -0.0400
3.0030 2.4764 -0.0400
2.9726 2.5121 -0.0400
2.9516 2.5101 -0.0400
2.9297 2.5109 -0.0400
2.9063 2.5149 -0.0400
2.8798 2.5269 -0.0400
2.8548 2.5329 -0.0400
2.8186 2.5661 -0.0400
1.8451 3.4053 -0.0400
1.8191 3.3670 -0.0400
1.7871 3.3375 -0.0400
1.7497 3.3150 -0.0400
1.6767 3.3359 -0.0400
-0.7432 3.8571 -0.0400
-0.7910 3.7892 -0.0400
0.1819 2.5401 -0.0400
-1.8419 1.9665 -0.0400
-1.8313 1.8747 -0.0400
0.8405 0.7420 -0.0400
0.8848 0.7084 -0.0400
0.9100 0.6705 -0.0400
0.9219 0.6288 -0.0400
0.9192 0.5823 -0.0400
0.8879 0.5251 -0.0400
0.3812 -0.6221 -0.0400
0.4397 -0.6560 -0.0400
0.4791 -0.7029 -0.0400
0.4951 -0.7675 -0.0400
2.1071 -0.9928 -0.0400
2.1790 -0.9492 -0.0400
2.2276 -0.9510 -0.0400
2.2690 -0.9677 -0.0400
2.3047 -0.9980 -0.0400
2.3458 -1.0160 -0.0400
2.3872 -1.0333 -0.0400
2.4242 -1.0633 -0.0400
2.4556 -1.1119 -0.0400
2.4766 -1.1979 -0.0400
2.5129 -1.2414 -0.0400
5.6557 -1.2904 -0.0400
5.6722 -1.2163 -0.0400
5.7047 -1.1611 -0.0400
5.7484 -1.1181 -0.0400
5.8364 -1.1182 -0.0400
7.4139 -1.8853 -0.0400
7.5116 -1.8439 -0.0400
8.1852 0.3847 -0.0400
8.2414 0.4636 -0.0400
5.0423 3.6975 -0.0400
4.9997 3.7262 -0.0400
4.9718 3.7755 -0.0400
4.9070 3.7718 -0.0400
4.8581 3.7900 -0.0400
4.8173 3.8205 -0.0400
4.7865 3.8679 -0.0400
4.7724 3.9457 -0.0400
4.7339 3.9841 -0.0400
4.7200 4.0698 -0.0400
3.7972 5.0699 -0.0400
3.7273 5.0381 -0.0400
3.6619 5.0363 -0.0400
3.5996 5.0659 -0.0400
3.5391 5.1354 -0.0400
3.1965 2.4977 -0.0400
3.1790 2.4685 -0.0400
3.1605 2.4585 -0.0400
3.1426 2.4461 -0.0400
3.1240 2.4405 -0.0400
3.1051 2.4378 -0.0400
3.0857 2.4381 -0.0400
3.0652 2.4430 -0.0400
3.0432 2.4537 -0.0400
3.0182 2.4746 -0.0400
2.9871 2.5164 -0.0400
2.9665 2.5127 -0.0400
2.9453 2.5109 -0.0400
2.9232 2.5114 -0.0400
2.8973 2.5228 -0.0400
2.8694 2.5380 -0.0400
2.8358 2.5662 -0.0400
1.7899 5.2148 -0.0400
1.8458 3.4715 -0.0400
1.8355 3.4086 -0.0400
1.8164 3.3605 -0.0400
1.7810 3.3354 -0.0400
1.7245 3.3371 -0.0400
-0.7540 3.8596 -0.0400
-0.8139 3.7987 -0.0400
0.1957 2.5910 -0.0400
0.1918 2.5304 -0.0400
-1.9156 2.0654 -0.0400
-1.8252 1.9624 -0.0400
-1.8462 1.8741 -0.0400
0.8491 0.7402 -0.0400
0.8900 0.7059 -0.0400
0.9132 0.6676 -0.0400
0.9185 0.6240 -0.0400
0.9089 0.5753 -0.0400
0.8593 0.5116 -0.0400
0.3577 -0.6374 -0.0400
0.4443 -0.6518 -0.0400
0.4755 -0.7044 -0.0400
0.4884 -0.7712 -0.0400
2.1809 -0.9344 -0.0400
2.2250 -0.9450 -0.0400
2.2620 -0.9711 -0.0400
2.2929 -1.0129 -0.0400
2.3405 -1.0148 -0.0400
2.3828 -1.0290 -0.0400
2.4217 -1.0529 -0.0400
2.4275 -1.1768 -0.0400
2.4658 -1.2110 -0.0400
5.6559 -1.3139 -0.0400
5.6662 -1.2327 -0.0400
5.6918 -1.1701 -0.0400
5.7431 -1.1349 -0.0400
5.8085 -1.1130 -0.0400
5.9209 -1.1339 -0.0400
7.4607 -1.8285 -0.0400
8.1952 0.3645 -0.0400
5.1261 3.7107 -0.0400
5.0513 3.6989 -0.0400
5.0038 3.7213 -0.0400
4.9693 3.7615 -0.0400
4.9067 3.7612 -0.0400
4.8631 3.7876 -0.0400
4.8282 3.8278 -0.0400
4.8067 3.8912 -0.0400
4.7785 3.9462 -0.0400
4.7342 3.9746 -0.0400
4.7033 4.0282 -0.0400
3.7991 5.0675 -0.0400
3.7277 5.0251 -0.0400
3.6641 5.0398 -0.0400
3.6022 5.0769 -0.0400
3.2116 2.5229 -0.0400
3.1930 2.4931 -0.0400
3.1753 2.4651 -0.0400
3.1567 2.4554 -0.0400
3.1384 2.4448 -0.0400
3.1194 2.4411 -0.0400
3.1002 2.4396 -0.0400
3.0800 2.4431 -0.0400
3.0582 2.4535 -0.0400
3.0366 2.4606 -0.0400
3.0082 2.4954 -0.0400
2.9817 2.5164 -0.0400
2.9605 2.5146 -0.0400
2.9382 2.5156 -0.0400
2.9149 2.5195 -0.0400
2.8891 2.5294 -0.0400
2.8603 2.5466 -0.0400
2.8259 2.5762 -0.0400
1.8666 3.4309 -0.0400
1.8416 3.3900 -0.0400
1.8114 3.3574 -0.0400
1.7720 3.3375 -0.0400
1.7256 3.3261 -0.0400
-0.7183 3.9312 -0.0400
-0.7488 3.8522 -0.0400
-0.8004 3.7865 -0.0400
0.1822 2.5903 -0.0400
0.1610 2.5360 -0.0400
-1.8974 2.0606 -0.0400
-1.8233 1.9598 -0.0400
-1.8696 1.8742 -0.0400
0.8296 0.7761 -0.0400
0.8642 0.7395 -0.0400
0.8984 0.7038 -0.0400
0.9147 0.6637 -0.0400
0.9177 0.6196 -0.0400
0.9046 0.5699 -0.0400
0.3106 -0.5943 -0.0400
0.3953 -0.6116 -0.0400
0.4456 -0.6506 -0.0400
0.4701 -0.7079 -0.0400
0.5005 -0.7612 -0.0400
2.1105 -0.9669 -0.0400
2.1738 -0.9398 -0.0400
2.2208 -0.9441 -0.0400
2.2606 -0.9632 -0.0400
2.2932 -1.0001 -0.0400
2.3372 -1.0099 -0.0400
2.3774 -1.0292 -0.0400
2.4119 -1.0649 -0.0400
2.4390 -1.1253 -0.0400
2.4636 -1.1988 -0.0400
2.4940 -1.2609 -0.0400
5.6485 -1.3287 -0.0400
5.6409 -1.2278 -0.0400
5.6802 -1.1801 -0.0400
5.7289 -1.1425 -0.0400
5.7893 -1.1159 -0.0400
7.3888 -1.9124 -0.0400
5.6440 -0.1537 -0.0400
5.6415 -0.0946 -0.0400
5.6551 -0.0462 -0.0400
8.1616 0.1795 -0.0400
8.1650 0.2689 -0.0400
5.0928 3.6607 -0.0400
5.0551 3.6964 -0.0400
5.0165 3.7312 -0.0400
4.9565 3.7359 -0.0400
4.9111 3.7603 -0.0400
4.8731 3.7956 -0.0400
4.8770 3.8980 -0.0400
4.8289 3.9205 -0.0400
4.7923 3.9624 -0.0400
3.9329 5.0576 -0.0400
3.8607 5.0244 -0.0400
3.7943 5.0209 -0.0400
3.7308 5.0369 -0.0400
3.6696 5.0776 -0.0400
3.2308 2.5016 -0.0400
3.2115 2.4827 -0.0400
3.1929 2.4621 -0.0400
3.1738 2.4549 -0.0400
3.1547 2.4503 -0.0400
3.1354 2.4478 -0.0400
3.1158 2.4476 -0.0400
3.0950 2.4543 -0.0400
3.0721 2.4713 -0.0400
3.0493 2.4835 -0.0400
3.0189 2.5292 -0.0400
2.9977 2.5271 -0.0400
2.9764 2.5245 -0.0400
2.9536 2.5275 -0.0400
2.9289 2.5358 -0.0400
2.9010 2.5532 -0.0400
2.8682 2.5826 -0.0400
1.9312 5.2418 -0.0400
1.9032 3.4488 -0.0400
1.8785 3.4069 -0.0400
1.8423 3.3827 -0.0400
1.7918 3.3781 -0.0400
1.7331 3.3829 -0.0400
-0.6572 3.9875 -0.0400
-0.7089 3.9223 -0.0400
0.2310 2.6288 -0.0400
0.1933 2.5817 -0.0400
-1.8831 2.1492 -0.0400
-1.8117 2.0472 -0.0400
0.8233 0.8163 -0.0400
0.8740 0.7833 -0.0400
0.8958 0.7443 -0.0400
0.9005 0.7012 -0.0400
0.9016 0.6568 -0.0400
0.8721 0.6025 -0.0400
0.3024 -0.5266 -0.0400
0.3696 -0.5559 -0.0400
0.4157 -0.5980 -0.0400
0.4349 -0.6583 -0.0400
0.4443 -0.7268 -0.0400
2.0888 -0.9059 -0.0400
2.1392 -0.9046 -0.0400
2.1817 -0.9180 -0.0400
2.2167 -0.9470 -0.0400
2.2486 -0.9841 -0.0400
2.2947 -0.9892 -0.0400
2.3358 -1.0056 -0.0400
2.3620 -1.0615 -0.0400
2.3763 -1.1553 -0.0400
2.4106 -1.1989 -0.0400
5.5865 -1.3681 -0.0400
5.5866 -1.2740 -0.0400
5.6269 -1.2274 -0.0400
5.6754 -1.1899 -0.0400
5.7678 -1.1966 -0.0400
7.3322 -2.0007 -0.0400
7.3932 -1.9315 -0.0400
5.6511 -0.2291 -0.0400
5.6246 -0.1531 -0.0400
5.6299 -0.0991 -0.0400
5.6541 -0.0571 -0.0400
5.6972 -0.0258 -0.0400
5.7717 -0.0107 -0.0400
8.1858 0.2458 -0.0400
6.1067 1.9692 -0.0400
6.0635 2.0112 -0.0400
5.1541 3.6421 -0.0400
5.0999 3.6577 -0.0400
5.0593 3.6899 -0.0400
5.0304 3.7380 -0.0400
4.9596 3.7284 -0.0400
4.9184 3.7591 -0.0400
4.8864 3.8039 -0.0400
4.8783 3.8879 -0.0400
4.8343 3.9173 -0.0400
4.7928 3.9512 -0.0400
3.9401 5.0780 -0.0400
3.8649 5.0305 -0.0400
3.7975 5.0223 -0.0400
3.7373 5.0657 -0.0400
3.2286 2.4899 -0.0400
3.2091 2.4755 -0.0400
3.1898 2.4646 -0.0400
3.1708 2.4531 -0.0400
3.1514 2.4501 -0.0400
3.1315 2.4512 -0.0400
3.1114 2.4532 -0.0400
3.0908 2.4568 -0.0400
3.0668 2.4788 -0.0400
3.0424 2.4980 -0.0400
3.0146 2.5297 -0.0400
2.9927 2.5295 -0.0400
2.9708 2.5288 -0.0400
2.9467 2.5357 -0.0400
2.9195 2.5519 -0.0400
2.8933 2.5618 -0.0400
2.8493 2.6253 -0.0400
1.9280 5.2484 -0.0400
1.9169 3.5006 -0.0400
1.9049 3.4369 -0.0400
1.8743 3.4040 -0.0400
1.8363 3.3822 -0.0400
1.7822 3.3823 -0.0400
-0.6460 4.0768 -0.0400
-0.6587 3.9845 -0.0400
-0.7094 3.9186 -0.0400
0.2494 2.6775 -0.0400
0.2211 2.6267 -0.0400
-1.7999 2.1334 -0.0400
-1.8646 2.0519 -0.0400
0.7930 0.8497 -0.0400
0.8419 0.8151 -0.0400
0.8824 0.7800 -0.0400
0.8966 0.7394 -0.0400
0.9021 0.6966 -0.0400
0.8839 0.6468 -0.0400
0.3294 -0.5108 -0.0400
0.3794 -0.5506 -0.0400
0.4147 -0.5996 -0.0400
0.4338 -0.6598 -0.0400
0.4395 -0.7308 -0.0400
2.0796 -0.9176 -0.0400
2.1344 -0.9077 -0.0400
2.1771 -0.9204 -0.0400
2.2075 -0.9591 -0.0400
2.2498 -0.9728 -0.0400
2.2926 -0.9848 -0.0400
2.3311 -1.0069 -0.0400
2.3635 -1.0460 -0.0400
2.3867 -1.1133 -0.0400
2.4119 -1.1805 -0.0400
5.5619 -1.3621 -0.0400
5.5850 -1.2946 -0.0400
5.6154 -1.2370 -0.0400
5.6650 -1.2006 -0.0400
5.7568 -1.2071 -0.0400
7.3369 -2.0281 -0.0400
5.6110 -0.2203 -0.0400
5.6058 -0.1585 -0.0400
5.6183 -0.1092 -0.0400
5.6415 -0.0668 -0.0400
5.6758 -0.0307 -0.0400
5.7261 -0.0029 -0.0400
8.1753 0.3131 -0.0400
6.0827 1.9974 -0.0400
6.0614 2.0443 -0.0400
5.9865 2.0761 -0.0400
5.9634 2.1209 -0.0400
5.9411 2.1656 -0.0400
5.1210 3.6669 -0.0400
5.0661 3.6814 -0.0400
5.0239 3.7119 -0.0400
4.9754 3.7333 -0.0400
4.9243 3.7504 -0.0400
4.8811 3.7785 -0.0400
4.8461 3.8195 -0.0400
4.8418 3.9119 -0.0400
4.7970 3.9405 -0.0400
4.7639 3.9900 -0.0400
3.8715 5.0382 -0.0400
3.8025 5.0218 -0.0400
3.7375 5.0295 -0.0400
3.6751 5.0609 -0.0400
3.6172 5.1490 -0.0400
3.2256 2.5035 -0.0400
3.2059 2.4813 -0.0400
3.1864 2.4678 -0.0400
3.1671 2.4575 -0.0400
3.1480 2.4481 -0.0400
3.1283 2.4459 -0.0400
3.1083 2.4455 -0.0400
3.0870 2.4536 -0.0400
3.0653 2.4614 -0.0400
3.0373 2.5001 -0.0400
3.0103 2.5272 -0.0400
2.9891 2.5229 -0.0400
2.9668 2.5236 -0.0400
2.9445 2.5229 -0.0400
2.9189 2.5336 -0.0400
2.8887 2.5573 -0.0400
2.8603 2.5720 -0.0400
1.9291 5.2443 -0.0400
1.8901 3.5328 -0.0400
1.8945 3.4419 -0.0400
1.8690 3.4005 -0.0400
1.8339 3.3743 -0.0400
1.7914 3.3584 -0.0400
1.7265 3.3717 -0.0400
-0.6902 4.0008 -0.0400
-0.7054 3.9109 -0.0400
0.2199 2.6190 -0.0400
0.2006 2.5644 -0.0400
-1.8176 2.0415 -0.0400
-1.8550 1.9557 -0.0400
0.8087 0.8006 -0.0400
0.8753 0.7709 -0.0400
0.8949 0.7316 -0.0400
0.9056 0.6904 -0.0400
0.9078 0.6466 -0.0400
0.8737 0.5914 -0.0400
0.3657 -0.5619 -0.0400
0.4191 -0.5987 -0.0400
0.4404 -0.6571 -0.0400
0.4570 -0.7196 -0.0400
2.0647 -0.9398 -0.0400
2.1277 -0.9145 -0.0400
2.1742 -0.9191 -0.0400
2.2140 -0.9367 -0.0400
2.2481 -0.9674 -0.0400
2.2840 -0.9948 -0.0400
2.3276 -1.0044 -0.0400
2.3629 -1.0348 -0.0400
2.3918 -1.0848 -0.0400
2.4094 -1.1715 -0.0400
2.4426 -1.2189 -0.0400
5.6106 -1.3532 -0.0400
5.6100 -1.2599 -0.0400
5.6473 -1.2104 -0.0400
5.6988 -1.1760 -0.0400
5.7598 -1.1505 -0.0400
7.3528 -1.9532 -0.0400
5.6581 -0.2151 -0.0400
5.6337 -0.1416 -0.0400
5.6385 -0.0877 -0.0400
5.6594 -0.0439 -0.0400
5.6983 -0.0101 -0.0400
5.7608 0.0120 -0.0400
6.1174 1.9436 -0.0400
6.0646 1.9837 -0.0400
6.0152 2.0231 -0.0400
5.9797 2.0650 -0.0400
5.9704 2.1137 -0.0400
5.9148 2.1481 -0.0400
5.8992 2.1943 -0.0400
5.9192 2.2530 -0.0400
5.1660 3.6299 -0.0400
5.1134 3.6481 -0.0400
5.0846 3.6962 -0.0400
5.0245 3.7033 -0.0400
4.9733 3.7210 -0.0400
4.9302 3.7497 -0.0400
4.9138 3.8187 -0.0400
4.8947 3.8866 -0.0400
4.8480 3.9124 -0.0400
4.8113 3.9551 -0.0400
3.9441 5.0513 -0.0400
3.8718 5.0219 -0.0400
3.8077 5.0379 -0.0400
3.7493 5.1000 -0.0400
3.2455 2.5058 -0.0400
3.2252 2.4845 -0.0400
3.2053 2.4712 -0.0400
3.1859 2.4568 -0.0400
3.1660 2.4538 -0.0400
3.1460 2.4529 -0.0400
3.1257 2.4541 -0.0400
3.1037 2.4674 -0.0400
3.0813 2.4792 -0.0400
3.0570 2.4989 -0.0400
3.0287 2.5355 -0.0400
3.0069 2.5334 -0.0400
2.9836 2.5375 -0.0400
2.9602 2.5410 -0.0400
2.9358 2.5468 -0.0400
2.9046 2.5755 -0.0400
2.8738 2.5985 -0.0400
1.9976 5.2688 -0.0400
1.9323 3.5458 -0.0400
1.9341 3.4566 -0.0400
1.9027 3.4239 -0.0400
1.8628 3.4046 -0.0400
1.8103 3.4031 -0.0400
-0.6311 4.0589 -0.0400
-0.6669 3.9825 -0.0400
0.2617 2.7231 -0.0400
0.2463 2.6665 -0.0400
-1.8009 2.2189 -0.0400
-1.8135 2.1298 -0.0400
0.7806 0.8807 -0.0400
0.8374 0.8468 -0.0400
0.8787 0.8115 -0.0400
0.8909 0.7706 -0.0400
0.8972 0.7283 -0.0400
0.8770 0.6789 -0.0400
0.8478 0.6257 -0.0400
0.2677 -0.4814 -0.0400
0.3504 -0.5018 -0.0400
0.3914 -0.5467 -0.0400
0.4113 -0.6054 -0.0400
0.4234 -0.6703 -0.0400
2.0156 -0.9341 -0.0400
2.0874 -0.8946 -0.0400
2.1378 -0.8920 -0.0400
2.1718 -0.9211 -0.0400
2.2018 -0.9598 -0.0400
2.2476 -0.9649 -0.0400
2.2881 -0.9811 -0.0400
2.3252 -1.0058 -0.0400
2.3559 -1.0478 -0.0400
2.3604 -1.1653 -0.0400
5.5578 -1.3074 -0.0400
5.5931 -1.2555 -0.0400
5.6420 -1.2188 -0.0400
5.7220 -1.2137 -0.0400
7.2864 -2.0326 -0.0400
5.5878 -0.1815 -0.0400
5.6023 -0.1335 -0.0400
5.6261 -0.0915 -0.0400
5.6598 -0.0553 -0.0400
5.7078 -0.0264 -0.0400
6.1058 1.9743 -0.0400
6.0725 2.0187 -0.0400
6.0004 2.0517 -0.0400
5.9741 2.0959 -0.0400
5.9455 2.1389 -0.0400
5.9091 2.1788 -0.0400
5.8938 2.2252 -0.0400
5.8978 2.2789 -0.0400
5.0499 3.7179 -0.0400
4.9883 3.7224 -0.0400
4.9381 3.7414 -0.0400
4.9019 3.7807 -0.0400
4.8760 3.8369 -0.0400
4.8575 3.9075 -0.0400
4.8093 3.9311 -0.0400
4.7987 4.0208 -0.0400
3.9578 5.0864 -0.0400
3.8800 5.0298 -0.0400
3.8116 5.0201 -0.0400
3.7472 5.0347 -0.0400
3.6857 5.0779 -0.0400
3.2235 2.5048 -0.0400
3.2040 2.4687 -0.0400
3.1841 2.4587 -0.0400
3.1642 2.4526 -0.0400
3.1442 2.4497 -0.0400
3.1239 2.4490 -0.0400
3.1023 2.4576 -0.0400
3.0803 2.4667 -0.0400
3.0568 2.4818 -0.0400
3.0294 2.5144 -0.0400
3.0042 2.5300 -0.0400
2.9820 2.5283 -0.0400
2.9593 2.5285 -0.0400
2.9328 2.5425 -0.0400
2.9069 2.5518 -0.0400
2.8682 2.6022 -0.0400
2.7914 2.7658 -0.0400
1.9298 5.2453 -0.0400
1.9168 3.4754 -0.0400
1.8953 3.4260 -0.0400
1.8627 3.3953 -0.0400
1.8225 3.3760 -0.0400
1.7555 3.3937 -0.0400
-0.6665 3.9777 -0.0400
-0.7186 3.9125 -0.0400
0.2341 2.6639 -0.0400
0.2212 2.6063 -0.0400
-1.8465 2.1312 -0.0400
-1.8184 2.0357 -0.0400
0.8231 0.8358 -0.0400
0.8619 0.7997 -0.0400
0.8859 0.7612 -0.0400
0.8991 0.7207 -0.0400
0.8992 0.6768 -0.0400
0.8492 0.6183 -0.0400
0.3084 -0.5317 -0.0400
0.3851 -0.5545 -0.0400
0.4191 -0.6037 -0.0400
0.4426 -0.6602 -0.0400
0.4309 -0.7427 -0.0400
2.0844 -0.8976 -0.0400
2.1326 -0.8991 -0.0400
2.1741 -0.9126 -0.0400
2.2095 -0.9386 -0.0400
2.2391 -0.9784 -0.0400
2.2854 -0.9811 -0.0400
2.3234 -1.0030 -0.0400
2.3558 -1.0399 -0.0400
2.3803 -1.1006 -0.0400
2.4027 -1.1729 -0.0400
2.4310 -1.2338 -0.0400
5.7464 -1.1779 -0.0400
7.3305 -1.9804 -0.0400
5.6134 -0.2205 -0.0400
5.6092 -0.1602 -0.0400
5.6201 -0.1102 -0.0400
5.6400 -0.0661 -0.0400
5.6863 -0.0367 -0.0400
5.7498 -0.0153 -0.0400
6.1253 1.9163 -0.0400
6.0896 1.9607 -0.0400
6.0171 1.9949 -0.0400
5.9923 2.0398 -0.0400
5.9788 2.0876 -0.0400
5.9267 2.1234 -0.0400
5.9094 2.1693 -0.0400
5.9413 2.2323 -0.0400
8.3489 3.6996 -0.0400
4.9536 3.7533 -0.0400
4.9297 3.8118 -0.0400
4.9092 3.8781 -0.0400
4.8699 3.9167 -0.0400
4.8508 3.9903 -0.0400
3.9471 5.0071 -0.0400
3.8812 5.0140 -0.0400
3.8191 5.0454 -0.0400
3.7633 5.1297 -0.0400
3.2659 2.5163 -0.0400
3.2447 2.4900 -0.0400
3.2241 2.4756 -0.0400
3.2038 2.4652 -0.0400
3.1836 2.4588 -0.0400
3.1632 2.4575 -0.0400
3.1424 2.4601 -0.0400
3.1211 2.4658 -0.0400
3.0988 2.4768 -0.0400
3.0751 2.4942 -0.0400
3.0458 2.5409 -0.0400
3.0235 2.5393 -0.0400
3.0009 2.5393 -0.0400
2.9778 2.5408 -0.0400
2.9499 2.5613 -0.0400
2.9225 2.5758 -0.0400
2.8924 2.5977 -0.0400
2.0675 5.2971 -0.0400
1.9971 5.2772 -0.0400
1.9582 3.4890 -0.0400
1.9319 3.4467 -0.0400
1.8948 3.4226 -0.0400
1.8479 3.4133 -0.0400
1.7793 3.4344 -0.0400
-0.5840 4.1214 -0.0400
-0.6146 4.0407 -0.0400
-0.7027 4.0004 -0.0400
0.2587 2.7126 -0.0400
-1.8673 2.3178 -0.0400
-1.7874 2.2104 -0.0400
0.7644 0.9102 -0.0400
0.8322 0.8771 -0.0400
0.8640 0.8393 -0.0400
0.8848 0.8002 -0.0400
0.8869 0.7572 -0.0400
0.8801 0.7118 -0.0400
0.8574 0.6616 -0.0400
0.2999 -0.4684 -0.0400
0.3618 -0.5008 -0.0400
0.3883 -0.5546 -0.0400
0.4099 -0.6120 -0.0400
1.9855 -0.8944 -0.0400
2.0498 -0.8700 -0.0400
2.0967 -0.8741 -0.0400
2.1375 -0.8888 -0.0400
2.1630 -0.9343 -0.0400
2.2054 -0.9460 -0.0400
2.2470 -0.9590 -0.0400
2.2851 -0.9797 -0.0400
2.3182 -1.0131 -0.0400
2.3193 -1.1313 -0.0400
2.3507 -1.1778 -0.0400
7.2589 -2.0548 -0.0400
5.5817 -0.2696 -0.0400
5.5789 -0.2094 -0.0400
5.5897 -0.1591 -0.0400
5.6135 -0.1172 -0.0400
5.6505 -0.0831 -0.0400
5.7047 -0.0577 -0.0400
8.1233 0.0950 -0.0400
6.1432 1.9053 -0.0400
6.0799 1.9436 -0.0400
6.0257 1.9823 -0.0400
5.9976 2.0266 -0.0400
5.9836 2.0743 -0.0400
5.9314 2.1103 -0.0400
5.9155 2.1567 -0.0400
5.9141 2.2081 -0.0400
8.4863 3.6339 -0.0400
8.3638 3.6872 -0.0400
8.3510 3.7911 -0.0400
8.3578 3.9064 -0.0400
4.8799 3.9155 -0.0400
4.8730 4.0100 -0.0400
4.0319 5.0590 -0.0400
3.9553 5.0166 -0.0400
3.8872 5.0130 -0.0400
3.8233 5.0330 -0.0400
3.2666 2.5332 -0.0400
3.2451 2.4801 -0.0400
3.2244 2.4690 -0.0400
3.2039 2.4617 -0.0400
3.1834 2.4585 -0.0400
3.1627 2.4582 -0.0400
3.1418 2.4607 -0.0400
3.1203 2.4664 -0.0400
3.0951 2.4988 -0.0400
3.0662 2.5471 -0.0400
3.0443 2.5422 -0.0400
3.0219 2.5407 -0.0400
2.9989 2.5413 -0.0400
2.9726 2.5562 -0.0400
2.9464 2.5680 -0.0400
2.9178 2.5862 -0.0400
2.8790 2.6383 -0.0400
2.0700 5.2956 -0.0400
1.9788 3.5381 -0.0400
1.9636 3.4746 -0.0400
1.9294 3.4452 -0.0400
1.8907 3.4234 -0.0400
1.8386 3.4216 -0.0400
-0.5669 4.1061 -0.0400
-0.6243 4.0449 -0.0400
0.2614 2.7055 -0.0400
-1.7923 2.2083 -0.0400
0.7853 0.9068 -0.0400
0.8408 0.8719 -0.0400
0.8778 0.8353 -0.0400
0.8850 0.7936 -0.0400
0.8832 0.7498 -0.0400
0.8706 0.7030 -0.0400
0.3229 -0.4585 -0.0400
0.3625 -0.5041 -0.0400
0.3824 -0.5620 -0.0400
0.4040 -0.6194 -0.0400
-0.0309 -3.7335 -0.0400
2.0009 -0.8687 -0.0400
2.0541 -0.8628 -0.0400
2.0985 -0.8709 -0.0400
2.1339 -0.8957 -0.0400
2.1621 -0.9354 -0.0400
2.2060 -0.9437 -0.0400
2.2472 -0.9572 -0.0400
2.2787 -0.9925 -0.0400
2.3067 -1.0386 -0.0400
2.3195 -1.1270 -0.0400
2.3527 -1.1679 -0.0400
4.5639 -2.7691 -0.0400
4.6393 -2.7592 -0.0400
4.7362 -2.8072 -0.0400
7.2459 -2.0659 -0.0400
5.5691 -0.2195 -0.0400
5.5816 -0.1704 -0.0400
5.6054 -0.1287 -0.0400
5.6412 -0.0939 -0.0400
5.6913 -0.0665 -0.0400
6.1189 1.8850 -0.0400
6.0950 1.9322 -0.0400
6.0390 1.9708 -0.0400
6.0049 2.0136 -0.0400
5.9760 2.0572 -0.0400
5.9382 2.0975 -0.0400
5.9198 2.1433 -0.0400
5.9181 2.1946 -0.0400
8.3746 3.6726 -0.0400
8.3449 3.7683 -0.0400
8.3999 3.9080 -0.0400
4.0307 5.0179 -0.0400
3.9599 5.0042 -0.0400
3.8944 5.0154 -0.0400
3.8327 5.0518 -0.0400
3.2675 2.5083 -0.0400
3.2460 2.4863 -0.0400
3.2250 2.4731 -0.0400
3.2043 2.4645 -0.0400
3.1836 2.4602 -0.0400
3.1626 2.4623 -0.0400
3.1411 2.4678 -0.0400
3.1187 2.4786 -0.0400
3.0950 2.4968 -0.0400
3.0655 2.5487 -0.0400
3.0435 2.5434 -0.0400
3.0200 2.5468 -0.0400
2.9960 2.5510 -0.0400
2.9709 2.5591 -0.0400
2.9441 2.5722 -0.0400
2.9146 2.5931 -0.0400
2.1397 5.3281 -0.0400
2.0722 5.2967 -0.0400
1.9848 3.5233 -0.0400
1.9639 3.4694 -0.0400
1.9276 3.4433 -0.0400
1.8834 3.4299 -0.0400
1.8155 3.4516 -0.0400
-0.5663 4.1032 -0.0400
-0.6339 4.0493 -0.0400
0.2886 2.7512 -0.0400
0.2506 2.7051 -0.0400
-1.7871 2.2959 -0.0400
-1.7979 2.2063 -0.0400
0.8384 0.9080 -0.0400
0.8650 0.8692 -0.0400
0.8798 0.8288 -0.0400
0.8854 0.7869 -0.0400
0.8808 0.7425 -0.0400
0.2410 -0.4408 -0.0400
0.3316 -0.4576 -0.0400
0.3566 -0.5119 -0.0400
0.3843 -0.5648 -0.0400
0.3591 -0.6532 -0.0400
-0.1165 -3.6663 -0.0400
1.9857 -0.8965 -0.0400
2.0597 -0.8545 -0.0400
2.1012 -0.8674 -0.0400
2.1329 -0.8987 -0.0400
2.1640 -0.9321 -0.0400
2.2079 -0.9399 -0.0400
2.2458 -0.9600 -0.0400
2.2783 -0.9929 -0.0400
2.3061 -1.0389 -0.0400
2.3193 -1.1254 -0.0400
4.4864 -2.8059 -0.0400
4.5538 -2.7718 -0.0400
4.6308 -2.7673 -0.0400
5.5881 -0.3069 -0.0400
5.5757 -0.2400 -0.0400
5.5723 -0.1806 -0.0400
5.5942 -0.1379 -0.0400
5.6351 -0.1063 -0.0400
5.6854 -0.0792 -0.0400
8.1136 0.0600 -0.0400
8.1446 0.1428 -0.0400
6.1425 1.8749 -0.0400
6.1017 1.9185 -0.0400
6.0267 1.9526 -0.0400
6.0047 1.9985 -0.0400
5.9962 2.0480 -0.0400
5.9472 2.0852 -0.0400
5.9246 2.1298 -0.0400
5.9602 2.1940 -0.0400
8.3943 3.6619 -0.0400
8.3882 3.7694 -0.0400
8.3842 3.8797 -0.0400
4.0423 5.0358 -0.0400
3.9686 5.0098 -0.0400
3.9013 5.0126 -0.0400
3.8460 5.0910 -0.0400
3.2916 2.5236 -0.0400
3.2690 2.4941 -0.0400
3.2475 2.4792 -0.0400
3.2264 2.4687 -0.0400
3.2055 2.4630 -0.0400
3.1845 2.4611 -0.0400
3.1633 2.4620 -0.0400
3.1418 2.4661 -0.0400
3.1174 2.4943 -0.0400
3.0909 2.5306 -0.0400
3.0657 2.5483 -0.0400
3.0430 2.5464 -0.0400
3.0197 2.5471 -0.0400
2.9956 2.5511 -0.0400
2.9703 2.5592 -0.0400
2.9367 2.6002 -0.0400
2.8688 2.7698 -0.0400
2.1421 5.3318 -0.0400
2.0748 5.2990 -0.0400
1.9835 3.5223 -0.0400
1.9625 3.4684 -0.0400
1.9254 3.4432 -0.0400
1.8775 3.4353 -0.0400
-0.5408 4.1867 -0.0400
-0.5704 4.1043 -0.0400
-0.6567 4.0636 -0.0400
0.2830 2.7488 -0.0400
-1.7992 2.2955 -0.0400
0.7851 0.9371 -0.0400
0.8398 0.9013 -0.0400
0.8667 0.8625 -0.0400
0.8813 0.8222 -0.0400
0.8714 0.7771 -0.0400
0.8482 0.7284 -0.0400
0.2916 -0.4166 -0.0400
0.3345 -0.4605 -0.0400
0.3548 -0.5176 -0.0400
0.3822 -0.5706 -0.0400
-0.1183 -3.6633 -0.0400
1.9444 -0.8828 -0.0400
2.0126 -0.8534 -0.0400
2.0651 -0.8476 -0.0400
2.1033 -0.8659 -0.0400
2.1371 -0.8926 -0.0400
2.1687 -0.9246 -0.0400
2.2099 -0.9372 -0.0400
2.2457 -0.9614 -0.0400
2.2765 -0.9977 -0.0400
2.3018 -1.0496 -0.0400
2.3088 -1.1515 -0.0400
4.4776 -2.8105 -0.0400
4.5440 -2.7739 -0.0400
4.6208 -2.7694 -0.0400
5.6039 -0.3337 -0.0400
5.5548 -0.2422 -0.0400
5.5679 -0.1936 -0.0400
5.5879 -0.1498 -0.0400
5.6191 -0.1127 -0.0400
5.6881 -0.0963 -0.0400
6.1271 1.8563 -0.0400
6.1027 1.9035 -0.0400
6.0456 1.9421 -0.0400
6.0128 1.9855 -0.0400
5.9979 2.0332 -0.0400
5.9449 2.0693 -0.0400
5.9338 2.1175 -0.0400
5.9444 2.1733 -0.0400
8.4016 3.6450 -0.0400
8.4246 3.7667 -0.0400
8.4110 3.8727 -0.0400
4.0438 5.0028 -0.0400
3.9750 5.0003 -0.0400
3.9104 5.0189 -0.0400
3.8498 5.0653 -0.0400
3.2715 2.5064 -0.0400
3.2496 2.4859 -0.0400
3.2283 2.4663 -0.0400
3.2072 2.4631 -0.0400
3.1859 2.4632 -0.0400
3.1643 2.4665 -0.0400
3.1422 2.4740 -0.0400
3.1190 2.4884 -0.0400
3.0938 2.5148 -0.0400
3.0662 2.5504 -0.0400
3.0428 2.5507 -0.0400
3.0188 2.5541 -0.0400
2.9936 2.5621 -0.0400
2.9667 2.5757 -0.0400
2.9375 2.5966 -0.0400
2.8698 2.7659 -0.0400
2.1433 5.3419 -0.0400
2.0159 3.5560 -0.0400
1.9922 3.5045 -0.0400
1.9622 3.4663 -0.0400
1.9213 3.4471 -0.0400
1.8752 3.4359 -0.0400
-0.5166 4.1666 -0.0400
-0.5739 4.1054 -0.0400
-0.6431 4.0521 -0.0400
0.3060 2.7974 -0.0400
0.2834 2.7436 -0.0400
-1.7886 2.3829 -0.0400
-1.7723 2.2872 -0.0400
0.8330 0.9364 -0.0400
0.8607 0.8973 -0.0400
0.8753 0.8569 -0.0400
0.8796 0.8148 -0.0400
0.8728 0.7703 -0.0400
0.8486 0.7215 -0.0400
0.3062 -0.4134 -0.0400
0.3360 -0.4645 -0.0400
0.3568 -0.5212 -0.0400
0.3498 -0.5960 -0.0400
-0.2239 -3.6271 -0.0400
-0.1339 -3.6812 -0.0400
1.9631 -0.8561 -0.0400
2.0178 -0.8485 -0.0400
2.0677 -0.8467 -0.0400
2.1024 -0.8711 -0.0400
2.1333 -0.9033 -0.0400
2.1734 -0.9181 -0.0400
2.2122 -0.9352 -0.0400
2.2489 -0.9568 -0.0400
2.2731 -1.0075 -0.0400
2.2916 -1.0757 -0.0400
2.3041 -1.1643 -0.0400
4.4710 -2.8206 -0.0400
4.5349 -2.7761 -0.0400
5.5795 -0.1601 -0.0400
5.6191 -0.1280 -0.0400
5.6644 -0.0984 -0.0400
8.1011 0.0262 -0.0400
8.1496 0.1047 -0.0400
6.1629 1.8485 -0.0400
6.1110 1.8900 -0.0400
6.0369 1.9246 -0.0400
6.0138 1.9704 -0.0400
6.0058 2.0201 -0.0400
5.9561 2.0573 -0.0400
5.9347 2.1024 -0.0400
5.9333 2.1540 -0.0400
8.4114 3.6291 -0.0400
8.4465 3.7566 -0.0400
8.4267 3.8598 -0.0400
4.1337 5.0539 -0.0400
4.0538 5.0079 -0.0400
3.9838 5.0010 -0.0400
3.9182 5.0151 -0.0400
3.8717 5.1502 -0.0400
3.2971 2.5208 -0.0400
3.2742 2.4943 -0.0400
3.2522 2.4799 -0.0400
3.2307 2.4701 -0.0400
3.2093 2.4650 -0.0400
3.1879 2.4636 -0.0400
3.1658 2.4724 -0.0400
3.1431 2.4841 -0.0400
3.1190 2.5038 -0.0400
3.0901 2.5558 -0.0400
3.0673 2.5513 -0.0400
3.0440 2.5501 -0.0400
3.0199 2.5529 -0.0400
2.9948 2.5597 -0.0400
2.9630 2.5961 -0.0400
2.9267 2.6451 -0.0400
2.2114 5.3942 -0.0400
2.1511 5.3298 -0.0400
2.0739 5.3300 -0.0400
2.0237 3.5405 -0.0400
1.9953 3.4977 -0.0400
1.9606 3.4674 -0.0400
1.9154 3.4551 -0.0400
1.8625 3.4541 -0.0400
-0.5157 4.1649 -0.0400
-0.5776 4.1070 -0.0400
0.3073 2.7922 -0.0400
0.2492 2.7562 -0.0400
-1.7777 2.3779 -0.0400
-1.7723 2.2846 -0.0400
0.7593 0.9641 -0.0400
0.8303 0.9290 -0.0400
0.8604 0.8902 -0.0400
0.8762 0.8499 -0.0400
0.8676 0.8055 -0.0400
0.8437 0.7574 -0.0400
0.2431 -0.3855 -0.0400
0.3019 -0.4211 -0.0400
0.3292 -0.4737 -0.0400
0.3564 -0.5266 -0.0400
-0.2183 -3.6157 -0.0400
-0.1339 -3.6773 -0.0400
1.9800 -0.8335 -0.0400
2.0267 -0.8381 -0.0400
2.0713 -0.8451 -0.0400
2.1039 -0.8730 -0.0400
2.1337 -0.9068 -0.0400
2.1760 -0.9170 -0.0400
2.2131 -0.9372 -0.0400
2.2475 -0.9634 -0.0400
2.2620 -1.0364 -0.0400
2.2796 -1.1074 -0.0400
2.3126 -1.1450 -0.0400
4.3964 -2.8616 -0.0400
4.4564 -2.8018 -0.0400
4.5281 -2.7839 -0.0400
4.6176 -2.8182 -0.0400
8.0957 0.0093 -0.0400
8.1300 0.0911 -0.0400
6.0515 1.9597 -0.0400
6.0112 2.0009 -0.0400
5.9928 2.0477 -0.0400
5.9417 2.0839 -0.0400
5.9290 2.1317 -0.0400
5.9405 2.1884 -0.0400
8.4454 3.6171 -0.0400
8.3805 3.6969 -0.0400
8.3971 3.8168 -0.0400
8.3852 3.9243 -0.0400
4.0789 5.0648 -0.0400
3.9997 5.0181 -0.0400
3.9294 5.0092 -0.0400
3.8665 5.0413 -0.0400
3.8091 5.1183 -0.0400
3.2798 2.5417 -0.0400
3.2567 2.5016 -0.0400
3.2349 2.4715 -0.0400
3.2133 2.4639 -0.0400
3.1917 2.4610 -0.0400
3.1700 2.4613 -0.0400
3.1480 2.4646 -0.0400
3.1252 2.4731 -0.0400
3.1012 2.4884 -0.0400
3.0702 2.5493 -0.0400
3.0469 2.5471 -0.0400
3.0229 2.5482 -0.0400
2.9981 2.5530 -0.0400
2.9718 2.5627 -0.0400
2.9435 2.5793 -0.0400
2.9117 2.6062 -0.0400
2.8390 2.7819 -0.0400
2.0870 5.3081 -0.0400
2.0002 3.5854 -0.0400
1.9883 3.5103 -0.0400
1.9588 3.4701 -0.0400
1.9229 3.4417 -0.0400
1.8724 3.4371 -0.0400
1.8105 3.4487 -0.0400
-0.5341 4.1788 -0.0400
-0.5663 4.0978 -0.0400
-0.6273 4.0387 -0.0400
0.2819 2.7340 -0.0400
-1.7815 2.2833 -0.0400
-1.7927 2.1937 -0.0400
0.8273 0.9191 -0.0400
0.8600 0.8806 -0.0400
0.8772 0.8405 -0.0400
0.8838 0.7988 -0.0400
0.8790 0.7549 -0.0400
0.8589 0.7072 -0.0400
0.2871 -0.4368 -0.0400
0.3384 -0.4758 -0.0400
0.3613 -0.5310 -0.0400
0.3795 -0.5895 -0.0400
-0.1188 -3.6513 -0.0400
2.0221 -0.8538 -0.0400
2.0718 -0.8520 -0.0400
2.1106 -0.8682 -0.0400
2.1395 -0.9032 -0.0400
2.1734 -0.9294 -0.0400
2.2167 -0.9367 -0.0400
2.2525 -0.9592 -0.0400
2.2867 -0.9861 -0.0400
2.3031 -1.0565 -0.0400
2.3151 -1.1436 -0.0400
2.3357 -1.2154 -0.0400
4.5197 -2.7933 -0.0400
4.5869 -2.7619 -0.0400
8.1113 0.0715 -0.0400
5.9698 2.0304 -0.0400
5.9445 2.0744 -0.0400
5.9398 2.1249 -0.0400
8.4334 3.5976 -0.0400
8.4709 3.7263 -0.0400
4.1503 5.0384 -0.0400
4.0726 5.0038 -0.0400
4.0027 4.9995 -0.0400
3.9401 5.0324 -0.0400
3.8830 5.1041 -0.0400
3.3048 2.5161 -0.0400
3.2816 2.4934 -0.0400
3.2593 2.4801 -0.0400
3.2373 2.4715 -0.0400
3.2155 2.4671 -0.0400
3.1935 2.4695 -0.0400
3.1711 2.4762 -0.0400
3.1479 2.4887 -0.0400
3.1233 2.5097 -0.0400
3.0945 2.5583 -0.0400
3.0712 2.5546 -0.0400
3.0474 2.5539 -0.0400
3.0206 2.5698 -0.0400
2.9934 2.5841 -0.0400
2.9638 2.6067 -0.0400
2.8988 2.7794 -0.0400
2.2288 5.3694 -0.0400
2.1622 5.3289 -0.0400
2.0400 3.6118 -0.0400
2.0275 3.5351 -0.0400
1.9969 3.4957 -0.0400
1.9566 3.4744 -0.0400
1.9060 3.4702 -0.0400
1.8301 3.5050 -0.0400
-0.4753 4.2396 -0.0400
-0.5275 4.1738 -0.0400
0.3296 2.8385 -0.0400
0.2946 2.7908 -0.0400
-1.8113 2.4749 -0.0400
-1.7511 2.3673 -0.0400
0.8188 0.9566 -0.0400
0.8528 0.9176 -0.0400
0.8714 0.8775 -0.0400
0.8668 0.8340 -0.0400
0.8478 0.7876 -0.0400
0.2840 -0.3747 -0.0400
0.3076 -0.4292 -0.0400
0.3318 -0.4835 -0.0400
0.3379 -0.5490 -0.0400
-0.2028 -3.5890 -0.0400
1.9395 -0.8305 -0.0400
1.9976 -0.8175 -0.0400
2.0416 -0.8255 -0.0400
2.0779 -0.8459 -0.0400
2.1052 -0.8827 -0.0400
2.1442 -0.8986 -0.0400
2.1828 -0.9148 -0.0400
2.2161 -0.9422 -0.0400
2.2469 -0.9756 -0.0400
2.2558 -1.0604 -0.0400
2.2737 -1.1304 -0.0400
1.6373 -4.5489 -0.0400
4.3769 -2.8484 -0.0400
4.4403 -2.8022 -0.0400
4.5150 -2.7952 -0.0400
8.0845 -0.0237 -0.0400
8.4897 3.4926 -0.0400
8.4432 3.5812 -0.0400
8.4775 3.7083 -0.0400
5.3149 3.5454 -0.0400
4.0134 5.0006 -0.0400
3.9510 5.0363 -0.0400
3.8950 5.1160 -0.0400
3.3101 2.5284 -0.0400
3.2863 2.4998 -0.0400
3.2636 2.4753 -0.0400
3.2415 2.4694 -0.0400
3.2195 2.4678 -0.0400
3.1973 2.4689 -0.0400
3.1749 2.4731 -0.0400
3.1518 2.4831 -0.0400
3.1236 2.5393 -0.0400
3.0978 2.5584 -0.0400
3.0739 2.5573 -0.0400
3.0494 2.5594 -0.0400
3.0241 2.5656 -0.0400
2.9974 2.5770 -0.0400
2.9685 2.5958 -0.0400
2.8929 2.8165 -0.0400
2.2387 5.3558 -0.0400
2.1636 5.3473 -0.0400
2.0370 3.5197 -0.0400
1.9999 3.4924 -0.0400
1.9567 3.4758 -0.0400
1.9053 3.4727 -0.0400
-0.4680 4.2345 -0.0400
-0.5291 4.1757 -0.0400
0.3324 2.8336 -0.0400
0.2760 2.7973 -0.0400
-1.7367 2.4546 -0.0400
-1.7535 2.3659 -0.0400
0.8129 0.9922 -0.0400
0.8474 0.9527 -0.0400
0.8655 0.9121 -0.0400
0.8727 0.8705 -0.0400
0.8695 0.8273 -0.0400
0.8530 0.7814 -0.0400
0.2439 -0.3349 -0.0400
0.2864 -0.3794 -0.0400
0.3081 -0.4349 -0.0400
0.3331 -0.4887 -0.0400
-0.2974 -3.5412 -0.0400
-0.2050 -3.5906 -0.0400
1.9485 -0.8240 -0.0400
2.0039 -0.8149 -0.0400
2.0467 -0.8245 -0.0400
2.0782 -0.8529 -0.0400
2.1068 -0.8871 -0.0400
2.1494 -0.8961 -0.0400
2.1863 -0.9153 -0.0400
2.2190 -0.9434 -0.0400
2.2416 -0.9940 -0.0400
2.2460 -1.0894 -0.0400
2.2652 -1.1571 -0.0400
1.5321 -4.5219 -0.0400
1.6333 -4.5489 -0.0400
4.3802 -2.8860 -0.0400
4.4348 -2.8080 -0.0400
4.5192 -2.8329 -0.0400
5.3991 -1.4941 -0.0400
5.4211 -1.4258 -0.0400
5.4553 -1.3740 -0.0400
8.0812 -0.0404 -0.0400
8.1377 0.0357 -0.0400
8.5644 3.5041 -0.0400
8.4529 3.5645 -0.0400
8.5041 3.6996 -0.0400
5.3394 3.5525 -0.0400
5.2564 3.5398 -0.0400
5.2149 3.5741 -0.0400
5.1758 3.6114 -0.0400
3.3159 2.5405 -0.0400
3.2912 2.4893 -0.0400
3.2686 2.4788 -0.0400
3.2462 2.4718 -0.0400
3.2240 2.4688 -0.0400
3.2015 2.4732 -0.0400
3.1786 2.4807 -0.0400
3.1549 2.4947 -0.0400
3.1296 2.5189 -0.0400
3.1013 2.5608 -0.0400
3.0774 2.5578 -0.0400
3.0520 2.5654 -0.0400
3.0258 2.5746 -0.0400
2.9981 2.5899 -0.0400
2.9675 2.6151 -0.0400
2.9021 2.7895 -0.0400
2.2431 5.3668 -0.0400
2.1739 5.3344 -0.0400
2.0643 3.5716 -0.0400
2.0366 3.5242 -0.0400
2.0007 3.4941 -0.0400
1.9584 3.4758 -0.0400
1.8703 3.5338 -0.0400
-0.4724 4.2396 -0.0400
-0.5278 4.1759 -0.0400
0.3361 2.8964 -0.0400
0.3303 2.8319 -0.0400
0.2633 2.8011 -0.0400
-1.8083 2.5657 -0.0400
-1.7374 2.4532 -0.0400
-1.8148 2.3786 -0.0400
0.8145 0.9855 -0.0400
0.8481 0.9458 -0.0400
0.8681 0.9055 -0.0400
0.8650 0.8624 -0.0400
0.8493 0.8171 -0.0400
0.8022 0.7654 -0.0400
0.2435 -0.3412 -0.0400
0.2886 -0.3844 -0.0400
0.3062 -0.4420 -0.0400
0.2961 -0.5162 -0.0400
-0.3088 -3.5558 -0.0400
1.9086 -0.8156 -0.0400
1.9616 -0.8118 -0.0400
2.0118 -0.8105 -0.0400
2.0502 -0.8269 -0.0400
2.0803 -0.8575 -0.0400
2.1125 -0.8849 -0.0400
2.1543 -0.8949 -0.0400
2.1886 -0.9190 -0.0400
2.2174 -0.9547 -0.0400
2.2364 -1.0132 -0.0400
2.2472 -1.0943 -0.0400
2.2632 -1.1693 -0.0400
1.5318 -4.5118 -0.0400
1.6306 -4.5460 -0.0400
4.3619 -2.8425 -0.0400
4.4269 -2.8037 -0.0400
4.5034 -2.8042 -0.0400
5.3881 -1.4950 -0.0400
5.4114 -1.4287 -0.0400
5.4463 -1.3780 -0.0400
5.4962 -1.3453 -0.0400
5.5575 -1.3247 -0.0400
5.6399 -1.3250 -0.0400
8.0857 -0.1494 -0.0400
8.0739 -0.0558 -0.0400
6.1537 1.7847 -0.0400
6.1204 1.8302 -0.0400
8.4972 3.6748 -0.0400
5.3301 3.5208 -0.0400
5.2705 3.5350 -0.0400
5.2307 3.5717 -0.0400
5.1923 3.6102 -0.0400
5.1274 3.6146 -0.0400
5.0846 3.6468 -0.0400
5.0562 3.6992 -0.0400
3.3206 2.5097 -0.0400
3.2970 2.4922 -0.0400
3.2741 2.4813 -0.0400
3.2515 2.4739 -0.0400
3.2291 2.4703 -0.0400
3.2065 2.4725 -0.0400
3.1836 2.4785 -0.0400
3.1599 2.4898 -0.0400
3.1295 2.5657 -0.0400
3.1056 2.5615 -0.0400
3.0813 2.5607 -0.0400
3.0563 2.5637 -0.0400
3.0304 2.5707 -0.0400
3.0031 2.5830 -0.0400
2.9620 2.6594 -0.0400
2.3149 5.4245 -0.0400
2.2522 5.3609 -0.0400
2.0765 3.5529 -0.0400
2.0421 3.5189 -0.0400
2.0010 3.4979 -0.0400
1.9523 3.4903 -0.0400
1.8868 3.5098 -0.0400
-0.4748 4.2437 -0.0400
-0.5301 4.1796 -0.0400
0.3475 2.8876 -0.0400
0.3231 2.8336 -0.0400
-1.7812 2.5574 -0.0400
-1.7296 2.4499 -0.0400
0.7310 1.0163 -0.0400
0.8466 0.9816 -0.0400
0.8625 0.9405 -0.0400
0.8686 0.8986 -0.0400
0.8653 0.8555 -0.0400
0.8501 0.8102 -0.0400
0.2126 -0.2965 -0.0400
0.2634 -0.3373 -0.0400
0.2863 -0.3919 -0.0400
0.3094 -0.4465 -0.0400
0.3044 -0.5176 -0.0400
-0.2965 -3.5392 -0.0400
1.9121 -0.8191 -0.0400
1.9767 -0.7974 -0.0400
2.0189 -0.8081 -0.0400
2.0503 -0.8359 -0.0400
2.0805 -0.8661 -0.0400
2.1191 -0.8821 -0.0400
2.1578 -0.8975 -0.0400
2.1915 -0.9223 -0.0400
2.2188 -0.9608 -0.0400
2.2147 -1.0687 -0.0400
2.2442 -1.1097 -0.0400
1.5318 -4.5025 -0.0400
1.6223 -4.5648 -0.0400
4.3517 -2.8263 -0.0400
4.4231 -2.8112 -0.0400
4.5133 -2.8563 -0.0400
5.3832 -1.5029 -0.0400
5.4044 -1.4342 -0.0400
5.4375 -1.3816 -0.0400
5.4899 -1.3520 -0.0400
5.5535 -1.3342 -0.0400
5.6464 -1.3460 -0.0400
6.1324 1.8174 -0.0400
6.0650 1.8542 -0.0400
6.0355 1.8986 -0.0400
6.0244 1.9475 -0.0400
5.2804 3.5248 -0.0400
5.2380 3.5583 -0.0400
5.1958 3.5922 -0.0400
5.1409 3.6095 -0.0400
5.0986 3.6426 -0.0400
5.0650 3.6879 -0.0400
5.0645 3.7824 -0.0400
5.0170 3.8110 -0.0400
4.9912 3.8733 -0.0400
3.3270 2.5099 -0.0400
3.3032 2.4933 -0.0400
3.2801 2.4826 -0.0400
3.2574 2.4718 -0.0400
3.2347 2.4711 -0.0400
3.2120 2.4729 -0.0400
3.1890 2.4774 -0.0400
3.1639 2.5051 -0.0400
3.1372 2.5393 -0.0400
3.1104 2.5629 -0.0400
3.0859 2.5614 -0.0400
3.0597 2.5715 -0.0400
3.0330 2.5816 -0.0400
3.0046 2.5984 -0.0400
2.9732 2.6256 -0.0400
2.9071 2.8033 -0.0400
2.2592 5.3658 -0.0400
2.0740 3.5649 -0.0400
2.0426 3.5241 -0.0400
2.0038 3.4985 -0.0400
1.9404 3.5164 -0.0400
-0.4291 4.3187 -0.0400
-0.4759 4.2473 -0.0400
0.3555 2.8812 -0.0400
0.3194 2.8338 -0.0400
-1.7859 2.5580 -0.0400
-1.7246 2.4478 -0.0400
0.8261 1.0162 -0.0400
0.8506 0.9753 -0.0400
0.8640 0.9339 -0.0400
0.8687 0.8919 -0.0400
0.8411 0.8454 -0.0400
0.7920 0.7944 -0.0400
0.2056 -0.3060 -0.0400
0.2643 -0.3431 -0.0400
0.2851 -0.3988 -0.0400
0.2875 -0.4649 -0.0400
-0.2995 -3.5437 -0.0400
1.9297 -0.8025 -0.0400
1.9854 -0.7937 -0.0400
2.0232 -0.8109 -0.0400
2.0543 -0.8388 -0.0400
2.0839 -0.8699 -0.0400
2.1254 -0.8804 -0.0400
2.1596 -0.9039 -0.0400
2.1935 -0.9283 -0.0400
2.2157 -0.9771 -0.0400
2.2181 -1.0712 -0.0400
2.2444 -1.1188 -0.0400
1.5309 -4.4977 -0.0400
1.6132 -4.5875 -0.0400
4.2991 -2.9355 -0.0400
4.3485 -2.8338 -0.0400
4.4161 -2.8058 -0.0400
4.4955 -2.8172 -0.0400
5.3842 -1.5174 -0.0400
5.3875 -1.4265 -0.0400
5.4303 -1.3861 -0.0400
5.4821 -1.3562 -0.0400
5.5457 -1.3387 -0.0400
7.0480 -2.3277 -0.0400
7.0895 -2.2438 -0.0400
6.1678 1.7569 -0.0400
6.1285 1.8012 -0.0400
6.0930 1.8455 -0.0400
6.0453 1.8857 -0.0400
6.0239 1.9319 -0.0400
5.9815 1.9715 -0.0400
5.9626 2.0174 -0.0400
5.9679 2.0712 -0.0400
5.2917 3.5158 -0.0400
5.2503 3.5508 -0.0400
5.2214 3.6014 -0.0400
5.1522 3.6010 -0.0400
5.1088 3.6329 -0.0400
5.0866 3.6941 -0.0400
5.0795 3.7796 -0.0400
5.0324 3.8090 -0.0400
4.9991 3.8600 -0.0400
3.2637 2.4727 -0.0400
3.2409 2.4721 -0.0400
3.2180 2.4738 -0.0400
3.1942 2.4883 -0.0400
3.1698 2.5032 -0.0400
3.1436 2.5312 -0.0400
3.1157 2.5647 -0.0400
3.0907 2.5659 -0.0400
3.0652 2.5695 -0.0400
3.0386 2.5783 -0.0400
3.0106 2.5923 -0.0400
2.9440 2.7930 -0.0400
2.3392 5.3941 -0.0400
2.2693 5.3607 -0.0400
2.1111 3.6048 -0.0400
2.0838 3.5535 -0.0400
2.0473 3.5227 -0.0400
2.0038 3.5053 -0.0400
1.9512 3.5037 -0.0400
-0.4195 4.3142 -0.0400
-0.4804 4.2544 -0.0400
0.3424 2.9574 -0.0400
0.3522 2.8819 -0.0400
0.2991 2.8438 -0.0400
-1.8034 2.6585 -0.0400
-1.7040 2.5352 -0.0400
-1.7540 2.4547 -0.0400
0.8037 1.0518 -0.0400
0.8371 1.0106 -0.0400
0.8558 0.9693 -0.0400
0.8653 0.9276 -0.0400
0.8546 0.8837 -0.0400
0.8336 0.8378 -0.0400
0.7473 0.7810 -0.0400
0.1693 -0.2633 -0.0400
0.2365 -0.2973 -0.0400
0.2697 -0.3467 -0.0400
0.2885 -0.4033 -0.0400
0.2994 -0.4647 -0.0400
-0.3939 -3.4972 -0.0400
1.9510 -0.7811 -0.0400
1.9913 -0.7947 -0.0400
2.0258 -0.8170 -0.0400
2.0552 -0.8477 -0.0400
2.0914 -0.8674 -0.0400
2.1294 -0.8838 -0.0400
2.1638 -0.9067 -0.0400
2.1886 -0.9485 -0.0400
2.1906 -1.0389 -0.0400
2.2127 -1.0930 -0.0400
2.2371 -1.1456 -0.0400
1.4256 -4.4804 -0.0400
1.5281 -4.5010 -0.0400
4.2762 -2.8618 -0.0400
4.3414 -2.8242 -0.0400
4.4160 -2.8218 -0.0400
5.3468 -1.5798 -0.0400
5.3534 -1.4905 -0.0400
5.3830 -1.4331 -0.0400
5.4234 -1.3901 -0.0400
5.4732 -1.3583 -0.0400
5.5780 -1.3869 -0.0400
7.0315 -2.3286 -0.0400
7.0854 -2.2563 -0.0400
6.1395 1.7884 -0.0400
6.0755 1.8261 -0.0400
6.0437 1.8700 -0.0400
6.0295 1.9180 -0.0400
5.9998 1.9614 -0.0400
5.9667 2.0032 -0.0400
5.9562 2.0517 -0.0400
5.3633 3.4926 -0.0400
5.3042 3.5080 -0.0400
5.2618 3.5418 -0.0400
5.2330 3.5927 -0.0400
5.1644 3.5934 -0.0400
5.1213 3.6257 -0.0400
5.0858 3.6686 -0.0400
5.0903 3.7701 -0.0400
5.0420 3.7979 -0.0400
5.0258 3.8755 -0.0400
3.2005 2.4896 -0.0400
3.1760 2.5040 -0.0400
3.1499 2.5298 -0.0400
3.1215 2.5664 -0.0400
3.0965 2.5664 -0.0400
3.0709 2.5698 -0.0400
3.0444 2.5773 -0.0400
3.0121 2.6137 -0.0400
2.9762 2.6612 -0.0400
2.3454 5.4091 -0.0400
2.2773 5.3665 -0.0400
2.0990 3.6407 -0.0400
2.0825 3.5658 -0.0400
2.0500 3.5262 -0.0400
2.0015 3.5178 -0.0400
1.9377 3.5353 -0.0400
-0.4111 4.4249 -0.0400
-0.4182 4.3175 -0.0400
-0.4758 4.2547 -0.0400
0.3297 2.9648 -0.0400
0.3493 2.8831 -0.0400
0.2770 2.8556 -0.0400
-1.7907 2.6550 -0.0400
-1.7037 2.5351 -0.0400
0.7888 1.0452 -0.0400
0.8480 1.0052 -0.0400
0.8602 0.9634 -0.0400
0.8584 0.9206 -0.0400
0.8465 0.8763 -0.0400
0.8173 0.8292 -0.0400
0.1388 -0.2834 -0.0400
0.2463 -0.2989 -0.0400
0.2633 -0.3562 -0.0400
0.2802 -0.4140 -0.0400
-0.3774 -3.4776 -0.0400
1.9059 -0.7839 -0.0400
1.9621 -0.7752 -0.0400
1.9984 -0.7946 -0.0400
2.0298 -0.8213 -0.0400
2.0571 -0.8553 -0.0400
2.0972 -0.8684 -0.0400
2.1336 -0.8875 -0.0400
2.1666 -0.9127 -0.0400
2.1861 -0.9647 -0.0400
2.1857 -1.0602 -0.0400
2.2167 -1.0958 -0.0400
1.4249 -4.4784 -0.0400
1.5259 -4.5034 -0.0400
4.2742 -2.8691 -0.0400
4.3376 -2.8249 -0.0400
4.4096 -2.8144 -0.0400
5.3573 -1.5068 -0.0400
5.3725 -1.4315 -0.0400
5.4199 -1.3973 -0.0400
5.4780 -1.3752 -0.0400
5.5561 -1.3742 -0.0400
7.0264 -2.3392 -0.0400
7.0780 -2.2649 -0.0400
5.5144 -0.4071 -0.0400
6.1655 1.7263 -0.0400
6.1328 1.7719 -0.0400
6.0964 1.8159 -0.0400
6.0520 1.8569 -0.0400
6.0308 1.9030 -0.0400
5.9916 1.9436 -0.0400
5.9704 1.9888 -0.0400
5.9689 2.0402 -0.0400
8.5265 3.4035 -0.0400
8.5158 3.5082 -0.0400
5.4271 3.4662 -0.0400
5.3563 3.4698 -0.0400
5.3108 3.5005 -0.0400
5.2704 3.5368 -0.0400
5.2164 3.5564 -0.0400
5.1734 3.5891 -0.0400
5.1387 3.6328 -0.0400
5.1448 3.7339 -0.0400
5.0982 3.7645 -0.0400
5.0618 3.8101 -0.0400
3.1502 2.5734 -0.0400
3.1250 2.5738 -0.0400
3.0994 2.5774 -0.0400
3.0706 2.6003 -0.0400
3.0416 2.6189 -0.0400
3.0088 2.6537 -0.0400
2.9461 2.8310 -0.0400
2.3528 5.4061 -0.0400
2.1622 3.6261 -0.0400
2.1315 3.5799 -0.0400
2.0928 3.5520 -0.0400
2.0476 3.5375 -0.0400
1.9924 3.5407 -0.0400
-0.3649 4.3875 -0.0400
0.4027 2.9902 -0.0400
0.3509 2.9519 -0.0400
-1.7007 2.7242 -0.0400
-1.6779 2.6221 -0.0400
0.7839 1.1286 -0.0400
0.8214 1.0859 -0.0400
0.8523 1.0442 -0.0400
0.8573 1.0018 -0.0400
0.8561 0.9591 -0.0400
0.8233 0.9131 -0.0400
0.7695 0.8634 -0.0400
0.1835 -0.2019 -0.0400
0.2221 -0.2493 -0.0400
0.2379 -0.3071 -0.0400
0.2595 -0.3623 -0.0400
-0.4536 -3.4088 -0.0400
1.8303 -0.7527 -0.0400
1.8879 -0.7450 -0.0400
1.9313 -0.7551 -0.0400
1.9664 -0.7761 -0.0400
1.9939 -0.8088 -0.0400
2.0311 -0.8267 -0.0400
2.0676 -0.8456 -0.0400
2.1017 -0.8684 -0.0400
2.1237 -0.9128 -0.0400
2.1454 -0.9600 -0.0400
2.1473 -1.0478 -0.0400
2.1725 -1.0947 -0.0400
1.3297 -4.4346 -0.0400
1.4166 -4.5015 -0.0400
4.2009 -2.8834 -0.0400
4.2660 -2.8449 -0.0400
4.3497 -2.8793 -0.0400
5.2726 -1.5984 -0.0400
5.2890 -1.5213 -0.0400
5.3226 -1.4692 -0.0400
5.3666 -1.4312 -0.0400
5.4207 -1.4054 -0.0400
5.4709 -0.4415 -0.0400
5.4459 -0.3660 -0.0400
5.4647 -0.3230 -0.0400
5.4901 -0.2844 -0.0400
6.1864 1.6679 -0.0400
6.1462 1.7126 -0.0400
6.1266 1.7606 -0.0400
6.0578 1.7969 -0.0400
6.0466 1.8455 -0.0400
6.0176 1.8894 -0.0400
5.9865 1.9320 -0.0400
5.9758 1.9803 -0.0400
8.5775 3.3026 -0.0400
8.5274 3.3900 -0.0400
