# .PCD v0.7 - Point Cloud Data file format
VERSION 0.7
FIELDS x y z
SIZE 4 4 4
TYPE F F F
COUNT 1 1 1
WIDTH 13146
HEIGHT 1
VIEWPOINT 0 0 0 1 0 0 0
POINTS 13146
DATA ascii
-7.4089 -2.5520 -0.0400
-7.3467 -2.6347 -0.0400
-6.7379 -2.5209 -0.0400
-3.0461 -4.1937 -0.0400
-2.9523 -4.1407 -0.0400
-2.8619 -4.1266 -0.0400
-2.7743 -4.2098 -0.0400
-2.4859 -2.6770 -0.0400
-2.4213 -2.6834 -0.0400
-2.1978 -4.5764 -0.0400
-2.1003 -4.5702 -0.0400
-2.0110 -1.0536 -0.0400
-1.9876 -1.0066 -0.0400
-1.9600 -0.9749 -0.0400
-1.9302 -0.9513 -0.0400
-1.8985 -0.9333 -0.0400
-1.8648 -0.9203 -0.0400
-1.8231 -0.9256 -0.0400
-1.7798 -0.9324 -0.0400
-1.7276 -0.9557 -0.0400
-0.2108 -3.4731 -0.0400
-0.7750 -1.0556 -0.0400
-0.7595 -1.0017 -0.0400
-0.7267 -0.9665 -0.0400
-0.6826 -0.9423 -0.0400
-0.6100 -0.9441 -0.0400
1.4882 -1.4246 -0.0400
1.5470 -1.3612 -0.0400
1.5854 -1.2861 -0.0400
1.6688 -1.2341 -0.0400
1.7322 -1.1703 -0.0400
1.9486 1.5485 -0.0400
1.9554 1.6316 -0.0400
2.0371 1.7273 -0.0400
2.0561 1.8153 -0.0400
2.8527 2.8870 -0.0400
2.7975 2.9756 -0.0400
2.0136 4.5209 -0.0400
0.1336 3.7916 -0.0400
0.0579 3.8130 -0.0400
-0.0035 3.8479 -0.0400
-0.0283 3.9230 -0.0400
-1.6186 2.2772 -0.0400
-1.6678 2.2615 -0.0400
-1.7031 2.2617 -0.0400
-1.7579 2.2338 -0.0400
-1.8022 2.2176 -0.0400
-1.8299 2.2237 -0.0400
-1.8540 2.2348 -0.0400
-1.8750 2.2506 -0.0400
-1.8927 2.2722 -0.0400
-1.9055 2.3029 -0.0400
-1.2259 4.2430 -0.0400
-1.3001 4.2274 -0.0400
-1.3610 4.2413 -0.0400
-3.9518 5.6714 -0.0400
-4.4101 4.4990 -0.0400
-4.4874 4.4986 -0.0400
-4.6490 4.5028 -0.0400
-4.7053 4.4589 -0.0400
-5.9001 2.3855 -0.0400
-5.9478 2.3385 -0.0400
-7.4482 -2.4778 -0.0400
-6.8655 -2.4073 -0.0400
-6.7923 -2.4691 -0.0400
-3.1307 -4.2084 -0.0400
-3.0368 -4.1699 -0.0400
-2.9460 -4.1581 -0.0400
-2.5450 -2.6893 -0.0400
-2.4813 -2.6838 -0.0400
-2.2901 -4.5774 -0.0400
-2.0390 -1.0943 -0.0400
-2.0184 -1.0357 -0.0400
-1.9970 -0.9851 -0.0400
-1.9658 -0.9655 -0.0400
-1.9331 -0.9508 -0.0400
-1.8985 -0.9409 -0.0400
-1.8618 -0.9357 -0.0400
-1.8112 -0.9611 -0.0400
-1.7564 -0.9919 -0.0400
-0.2847 -3.5290 -0.0400
-0.8139 -1.1710 -0.0400
-0.8217 -1.0886 -0.0400
-0.7949 -1.0466 -0.0400
-0.7648 -1.0087 -0.0400
-0.7206 -0.9853 -0.0400
-0.6548 -0.9821 -0.0400
1.4469 -1.5103 -0.0400
1.5096 -1.4496 -0.0400
1.5442 -1.3724 -0.0400
1.6351 -1.3254 -0.0400
1.9781 1.4548 -0.0400
1.9509 1.5337 -0.0400
2.0597 1.6314 -0.0400
2.0472 1.7139 -0.0400
2.8687 2.7702 -0.0400
2.8509 2.8718 -0.0400
2.0962 4.4393 -0.0400
0.1839 3.7270 -0.0400
0.1129 3.7541 -0.0400
0.0523 3.7905 -0.0400
0.0199 3.8566 -0.0400
-1.5993 2.2354 -0.0400
-1.6406 2.2305 -0.0400
-1.6738 2.2343 -0.0400
-1.7298 2.2065 -0.0400
-1.7691 2.1985 -0.0400
-1.7993 2.2019 -0.0400
-1.8243 2.2122 -0.0400
-1.8451 2.2287 -0.0400
-1.8611 2.2530 -0.0400
-1.8785 2.2759 -0.0400
-1.8761 2.3341 -0.0400
-1.0695 4.2622 -0.0400
-1.1615 4.2158 -0.0400
-1.2440 4.1840 -0.0400
-1.2976 4.2157 -0.0400
-1.3361 4.2862 -0.0400
-3.8723 5.6825 -0.0400
-4.3557 4.5256 -0.0400
-4.5881 4.5196 -0.0400
-4.6533 4.4911 -0.0400
-5.8731 2.4899 -0.0400
-5.8771 2.4233 -0.0400
-7.4361 -2.5075 -0.0400
-6.8372 -2.4212 -0.0400
-3.0081 -4.1253 -0.0400
-2.9193 -4.1354 -0.0400
-2.5265 -2.7017 -0.0400
-2.4609 -2.7271 -0.0400
-2.2636 -4.5671 -0.0400
-2.0152 -1.0143 -0.0400
-1.9868 -0.9856 -0.0400
-1.9566 -0.9635 -0.0400
-1.9249 -0.9463 -0.0400
-1.8914 -0.9338 -0.0400
-1.8511 -0.9371 -0.0400
-1.8096 -0.9416 -0.0400
-1.7620 -0.9573 -0.0400
-0.2773 -3.4925 -0.0400
-0.1692 -3.5048 -0.0400
-0.8014 -1.1667 -0.0400
-0.7958 -1.0993 -0.0400
-0.7861 -1.0388 -0.0400
-0.7576 -0.9993 -0.0400
-0.7161 -0.9732 -0.0400
-0.6570 -0.9634 -0.0400
1.4601 -1.4932 -0.0400
1.4911 -1.4143 -0.0400
1.5543 -1.3535 -0.0400
1.6446 -1.3059 -0.0400
1.6899 -1.2334 -0.0400
1.9452 1.5533 -0.0400
1.9798 1.6406 -0.0400
2.0878 1.7417 -0.0400
2.8779 2.8006 -0.0400
2.8270 2.8910 -0.0400
2.8883 3.0225 -0.0400
2.0708 4.4536 -0.0400
2.0158 4.5412 -0.0400
0.1067 3.7724 -0.0400
0.0406 3.8032 -0.0400
0.0010 3.8617 -0.0400
0.0118 3.9779 -0.0400
-1.5876 2.2595 -0.0400
-1.6374 2.2444 -0.0400
-1.6747 2.2432 -0.0400
-1.7224 2.2264 -0.0400
-1.7695 2.2080 -0.0400
-1.8021 2.2080 -0.0400
-1.8281 2.2168 -0.0400
-1.8497 2.2321 -0.0400
-1.8698 2.2500 -0.0400
-1.8839 2.2784 -0.0400
-1.8831 2.3343 -0.0400
-1.1782 4.2184 -0.0400
-1.2540 4.2013 -0.0400
-1.3148 4.2162 -0.0400
-4.3209 4.5668 -0.0400
-4.3724 4.5134 -0.0400
-4.4457 4.5055 -0.0400
-4.6023 4.5020 -0.0400
-4.6649 4.4690 -0.0400
-4.7448 4.4650 -0.0400
-5.8855 2.4055 -0.0400
-5.9324 2.3583 -0.0400
-7.4244 -2.5085 -0.0400
-6.8522 -2.4422 -0.0400
-6.7642 -2.4916 -0.0400
-3.0965 -4.2201 -0.0400
-3.0041 -4.2012 -0.0400
-2.9109 -4.1495 -0.0400
-2.5202 -2.6905 -0.0400
-2.4568 -2.6784 -0.0400
-2.2529 -4.5697 -0.0400
-2.0223 -1.0978 -0.0400
-2.0038 -1.0336 -0.0400
-1.9836 -0.9801 -0.0400
-1.9528 -0.9595 -0.0400
-1.9204 -0.9441 -0.0400
-1.8862 -0.9332 -0.0400
-1.8499 -0.9269 -0.0400
-1.8003 -0.9494 -0.0400
-1.7476 -0.9751 -0.0400
-0.2606 -3.4999 -0.0400
-0.7899 -1.1681 -0.0400
-0.8059 -1.0769 -0.0400
-0.7805 -1.0334 -0.0400
-0.7520 -0.9940 -0.0400
-0.7095 -0.9688 -0.0400
-0.6470 -0.9620 -0.0400
1.4687 -1.4840 -0.0400
1.5152 -1.4137 -0.0400
1.5598 -1.3423 -0.0400
1.6535 -1.2963 -0.0400
1.9858 1.4891 -0.0400
1.9447 1.5662 -0.0400
2.0592 1.6656 -0.0400
2.0387 1.7468 -0.0400
2.8595 2.8103 -0.0400
2.8315 2.9085 -0.0400
0.1721 3.7548 -0.0400
0.0971 3.7779 -0.0400
0.0330 3.8105 -0.0400
-0.0033 3.8725 -0.0400
-1.6035 2.2498 -0.0400
-1.6470 2.2418 -0.0400
-1.6814 2.2440 -0.0400
-1.7345 2.2196 -0.0400
-1.7761 2.2083 -0.0400
-1.8073 2.2101 -0.0400
-1.8328 2.2196 -0.0400
-1.8541 2.2352 -0.0400
-1.8708 2.2586 -0.0400
-1.8886 2.2808 -0.0400
-1.8899 2.3331 -0.0400
-1.1815 4.2324 -0.0400
-1.2657 4.1961 -0.0400
-1.3209 4.2241 -0.0400
-1.3650 4.2808 -0.0400
-3.9049 5.6768 -0.0400
-4.3792 4.5136 -0.0400
-4.6146 4.5120 -0.0400
-4.6747 4.4741 -0.0400
-5.8933 2.4740 -0.0400
-5.8884 2.4034 -0.0400
-7.4724 -2.5151 -0.0400
-6.8490 -2.4120 -0.0400
-6.7737 -2.4718 -0.0400
-3.1085 -4.1937 -0.0400
-3.0146 -4.1494 -0.0400
-2.9235 -4.1269 -0.0400
-2.8360 -4.1848 -0.0400
-2.5299 -2.6832 -0.0400
-2.4656 -2.6858 -0.0400
-2.2647 -4.5928 -0.0400
-2.1684 -4.5733 -0.0400
-2.0342 -1.0702 -0.0400
-2.0110 -1.0210 -0.0400
-1.9835 -0.9882 -0.0400
-1.9537 -0.9641 -0.0400
-1.9221 -0.9457 -0.0400
-1.8864 -0.9381 -0.0400
-1.8481 -0.9359 -0.0400
-1.8059 -0.9413 -0.0400
-1.7566 -0.9600 -0.0400
-0.2720 -3.4955 -0.0400
-0.7818 -1.1783 -0.0400
-0.8069 -1.0763 -0.0400
-0.7813 -1.0328 -0.0400
-0.7514 -0.9945 -0.0400
-0.7042 -0.9738 -0.0400
-0.6550 -0.9540 -0.0400
1.4560 -1.4796 -0.0400
1.4962 -1.4060 -0.0400
1.5569 -1.3436 -0.0400
1.6503 -1.2976 -0.0400
1.7239 -1.2392 -0.0400
1.9599 1.4859 -0.0400
1.9571 1.5677 -0.0400
2.0479 1.6634 -0.0400
2.0573 1.7495 -0.0400
2.2401 1.8680 -0.0400
2.8891 2.8169 -0.0400
2.8217 2.9018 -0.0400
2.0635 4.4610 -0.0400
2.0242 4.5605 -0.0400
0.0909 3.7704 -0.0400
0.0351 3.8114 -0.0400
0.0150 3.8910 -0.0400
-1.5990 2.2612 -0.0400
-1.6484 2.2463 -0.0400
-1.6841 2.2466 -0.0400
-1.7481 2.2075 -0.0400
-1.7831 2.2048 -0.0400
-1.8115 2.2103 -0.0400
-1.8360 2.2209 -0.0400
-1.8571 2.2366 -0.0400
-1.8745 2.2585 -0.0400
-1.8867 2.2899 -0.0400
-1.1745 4.2413 -0.0400
-1.2616 4.1987 -0.0400
-1.3149 4.2309 -0.0400
-3.8931 5.6814 -0.0400
-4.3211 4.5819 -0.0400
-4.3669 4.5167 -0.0400
-4.4388 4.5064 -0.0400
-4.5964 4.5060 -0.0400
-4.6603 4.4757 -0.0400
-4.7509 4.4901 -0.0400
-5.8793 2.4181 -0.0400
-5.9142 2.3659 -0.0400
-7.4659 -2.4874 -0.0400
-7.4009 -2.5682 -0.0400
-6.7963 -2.4680 -0.0400
-3.1200 -4.2026 -0.0400
-3.0260 -4.1638 -0.0400
-2.9349 -4.1512 -0.0400
-2.5364 -2.6968 -0.0400
-2.3701 -4.6337 -0.0400
-2.2759 -4.5693 -0.0400
-2.0285 -1.0953 -0.0400
-2.0176 -1.0062 -0.0400
-1.9878 -0.9803 -0.0400
-1.9562 -0.9609 -0.0400
-1.9229 -0.9468 -0.0400
-1.8875 -0.9378 -0.0400
-1.8494 -0.9348 -0.0400
-1.8075 -0.9393 -0.0400
-0.2751 -3.4990 -0.0400
-0.7821 -1.1761 -0.0400
-0.8074 -1.0735 -0.0400
-0.7810 -1.0307 -0.0400
-0.7482 -0.9953 -0.0400
-0.6938 -0.9814 -0.0400
-0.6356 -0.9698 -0.0400
1.4515 -1.4760 -0.0400
1.5191 -1.4180 -0.0400
1.5703 -1.3498 -0.0400
1.6466 -1.2944 -0.0400
1.7102 -1.2310 -0.0400
1.9706 1.4908 -0.0400
1.9469 1.5701 -0.0400
2.0549 1.6680 -0.0400
2.2282 1.7809 -0.0400
2.9539 2.7317 -0.0400
2.8541 2.8072 -0.0400
2.8531 2.9147 -0.0400
2.0630 4.4617 -0.0400
0.1811 3.7667 -0.0400
0.0833 3.7668 -0.0400
0.0395 3.8201 -0.0400
0.0092 3.8885 -0.0400
-1.5696 2.2595 -0.0400
-1.6285 2.2346 -0.0400
-1.6612 2.2393 -0.0400
-1.6935 2.2435 -0.0400
-1.7565 2.2054 -0.0400
-1.7902 2.2041 -0.0400
-1.8176 2.2107 -0.0400
-1.8410 2.2228 -0.0400
-1.8594 2.2424 -0.0400
-1.8753 2.2666 -0.0400
-1.8841 2.3035 -0.0400
-1.1074 4.2378 -0.0400
-1.1839 4.2226 -0.0400
-1.2647 4.1933 -0.0400
-1.3139 4.2347 -0.0400
-4.3379 4.6392 -0.0400
-4.3599 4.5223 -0.0400
-4.4265 4.5018 -0.0400
-4.5424 4.5749 -0.0400
-4.5884 4.5110 -0.0400
-4.6515 4.4797 -0.0400
-4.7425 4.4953 -0.0400
-7.4772 -2.4724 -0.0400
-7.4189 -2.5583 -0.0400
-6.8932 -2.4023 -0.0400
-6.7995 -2.4477 -0.0400
-3.1314 -4.2045 -0.0400
-3.0338 -4.1201 -0.0400
-2.9450 -4.1377 -0.0400
-2.6083 -2.7222 -0.0400
-2.5446 -2.6819 -0.0400
-2.4792 -2.7004 -0.0400
-2.2856 -4.5757 -0.0400
-2.1851 -4.6046 -0.0400
-2.0419 -1.0602 -0.0400
-2.0170 -1.0153 -0.0400
-1.9880 -0.9860 -0.0400
-1.9570 -0.9641 -0.0400
-1.9231 -0.9510 -0.0400
-1.8855 -0.9469 -0.0400
-1.8444 -0.9501 -0.0400
-1.7973 -0.9650 -0.0400
-1.7265 -1.0283 -0.0400
-0.8174 -1.1345 -0.0400
-0.8142 -1.0644 -0.0400
-0.7830 -1.0269 -0.0400
-0.7463 -0.9953 -0.0400
-0.6886 -0.9845 -0.0400
-0.6228 -0.9800 -0.0400
1.4513 -1.4753 -0.0400
1.5184 -1.4170 -0.0400
1.5906 -1.3602 -0.0400
1.6513 -1.2961 -0.0400
1.9954 1.4147 -0.0400
1.9521 1.4924 -0.0400
2.0731 1.5897 -0.0400
2.0477 1.6705 -0.0400
2.2188 1.7827 -0.0400
2.8590 2.8108 -0.0400
2.1292 4.3839 -0.0400
0.1397 3.7307 -0.0400
0.0795 3.7674 -0.0400
0.0421 3.8272 -0.0400
0.0233 3.9080 -0.0400
-1.6007 2.2327 -0.0400
-1.6354 2.2358 -0.0400
-1.6732 2.2338 -0.0400
-1.7359 2.1982 -0.0400
-1.7733 2.1927 -0.0400
-1.7988 2.2021 -0.0400
-1.8240 2.2115 -0.0400
-1.8453 2.2264 -0.0400
-1.8627 2.2473 -0.0400
-1.8769 2.2740 -0.0400
-1.1134 4.2283 -0.0400
-1.2024 4.1852 -0.0400
-1.2672 4.1905 -0.0400
-1.3048 4.2590 -0.0400
-3.8791 5.6900 -0.0400
-4.2932 4.5609 -0.0400
-4.3532 4.5272 -0.0400
-4.5494 4.6072 -0.0400
-4.5825 4.5187 -0.0400
-4.6420 4.4813 -0.0400
-5.8406 4.9771 -0.0400
-5.8945 4.9024 -0.0400
-7.4996 -2.4651 -0.0400
-6.9042 -2.3880 -0.0400
-6.8129 -2.4356 -0.0400
-5.1818 -1.9606 -0.0400
-5.1326 -2.0078 -0.0400
-3.1387 -4.1543 -0.0400
-3.0452 -4.1183 -0.0400
-2.9561 -4.1346 -0.0400
-2.5527 -2.6849 -0.0400
-2.3931 -4.5997 -0.0400
-2.2960 -4.5807 -0.0400
-2.0744 -1.0952 -0.0400
-2.0512 -1.0401 -0.0400
-2.0231 -1.0057 -0.0400
-1.9925 -0.9812 -0.0400
-1.9600 -0.9632 -0.0400
-1.9255 -0.9510 -0.0400
-1.8886 -0.9445 -0.0400
-1.8486 -0.9449 -0.0400
-1.7812 -1.0058 -0.0400
-0.3627 -3.5464 -0.0400
-0.2561 -3.5569 -0.0400
-0.8283 -1.1983 -0.0400
-0.8298 -1.1199 -0.0400
-0.8094 -1.0690 -0.0400
-0.7813 -1.0277 -0.0400
-0.7401 -1.0005 -0.0400
-0.6617 -1.0101 -0.0400
1.4296 -1.5609 -0.0400
1.4595 -1.4802 -0.0400
1.5154 -1.4150 -0.0400
1.5992 -1.3648 -0.0400
1.6529 -1.2965 -0.0400
2.0172 1.4201 -0.0400
1.9511 1.4959 -0.0400
2.0548 1.5908 -0.0400
2.0914 1.6802 -0.0400
2.9027 2.7198 -0.0400
2.8562 2.8120 -0.0400
2.1219 4.3804 -0.0400
0.2468 3.7421 -0.0400
0.1259 3.7223 -0.0400
0.0765 3.7694 -0.0400
0.0394 3.8293 -0.0400
-1.6146 2.2266 -0.0400
-1.6493 2.2292 -0.0400
-1.7002 2.2104 -0.0400
-1.7525 2.1872 -0.0400
-1.7798 2.1944 -0.0400
-1.8075 2.2006 -0.0400
-1.8295 2.2142 -0.0400
-1.8463 2.2355 -0.0400
-1.8644 2.2555 -0.0400
-1.8734 2.2904 -0.0400
-1.1292 4.1997 -0.0400
-1.2095 4.1739 -0.0400
-1.2688 4.1907 -0.0400
-1.3043 4.2639 -0.0400
-3.7878 5.7023 -0.0400
-4.2949 4.5826 -0.0400
-4.3440 4.5256 -0.0400
-4.4235 4.5321 -0.0400
-4.5171 4.5628 -0.0400
-4.5721 4.5170 -0.0400
-4.6469 4.5072 -0.0400
-5.8120 5.1055 -0.0400
-5.8248 4.9761 -0.0400
-5.8889 4.9143 -0.0400
-5.7536 4.3725 -0.0400
-5.7807 4.2848 -0.0400
-7.4960 -2.4389 -0.0400
-6.8730 -2.4617 -0.0400
-5.1983 -1.9567 -0.0400
-5.1642 -2.0227 -0.0400
-3.4364 0.0141 -0.0400
-3.4063 0.0179 -0.0400
-3.3755 0.0240 -0.0400
-3.1493 -4.1370 -0.0400
-3.0569 -4.1151 -0.0400
-2.9681 -4.1382 -0.0400
-2.5613 -2.6884 -0.0400
-2.4032 -4.6292 -0.0400
-2.3077 -4.5746 -0.0400
-2.0653 -1.1419 -0.0400
-2.0498 -1.0576 -0.0400
-2.0234 -1.0159 -0.0400
-1.9966 -0.9791 -0.0400
-1.9626 -0.9647 -0.0400
-1.9265 -0.9562 -0.0400
-1.8877 -0.9541 -0.0400
-1.8446 -0.9609 -0.0400
-1.7936 -0.9837 -0.0400
-0.3562 -3.5732 -0.0400
-0.8406 -1.1844 -0.0400
-0.8344 -1.1149 -0.0400
-0.8116 -1.0667 -0.0400
-0.7788 -1.0302 -0.0400
-0.7333 -1.0071 -0.0400
-0.6768 -0.9945 -0.0400
1.4300 -1.5619 -0.0400
1.4673 -1.4854 -0.0400
1.5206 -1.4184 -0.0400
1.6065 -1.3691 -0.0400
1.6925 -1.3178 -0.0400
1.9580 1.4182 -0.0400
1.9850 1.5029 -0.0400
2.0533 1.5939 -0.0400
2.0785 1.6817 -0.0400
2.2639 1.7962 -0.0400
2.8827 2.7157 -0.0400
2.9036 2.8295 -0.0400
2.1217 4.3820 -0.0400
0.2041 3.7072 -0.0400
0.1278 3.7294 -0.0400
0.0803 3.7785 -0.0400
0.0585 3.8544 -0.0400
-1.5867 2.2257 -0.0400
-1.6241 2.2261 -0.0400
-1.6641 2.2220 -0.0400
-1.7200 2.1966 -0.0400
-1.7631 2.1845 -0.0400
-1.7889 2.1934 -0.0400
-1.8137 2.2032 -0.0400
-1.8327 2.2209 -0.0400
-1.8509 2.2401 -0.0400
-1.8610 2.2721 -0.0400
-1.1345 4.1938 -0.0400
-1.2165 4.1639 -0.0400
-1.2672 4.1996 -0.0400
-3.7848 5.7165 -0.0400
-3.8714 5.7139 -0.0400
-4.2770 4.5598 -0.0400
-4.3425 4.5388 -0.0400
-4.5182 4.5814 -0.0400
-4.5653 4.5208 -0.0400
-4.6313 4.4957 -0.0400
-5.8184 4.9860 -0.0400
-5.8802 4.9215 -0.0400
-5.7370 4.3708 -0.0400
-5.7716 4.2915 -0.0400
-7.5074 -2.4233 -0.0400
-6.9012 -2.3387 -0.0400
-6.8620 -2.4287 -0.0400
-5.2070 -1.9433 -0.0400
-5.1592 -1.9925 -0.0400
-3.4726 -0.0150 -0.0400
-3.4135 0.0267 -0.0400
-3.3883 0.0246 -0.0400
-3.3621 0.0250 -0.0400
-3.3424 0.0165 -0.0400
-3.3231 0.0075 -0.0400
-2.6356 -2.6895 -0.0400
-2.5706 -2.6889 -0.0400
-2.4152 -4.6307 -0.0400
-2.3196 -4.5732 -0.0400
-2.0846 -1.0898 -0.0400
-2.0594 -1.0402 -0.0400
-2.0303 -1.0077 -0.0400
-1.9988 -0.9843 -0.0400
-1.9656 -0.9672 -0.0400
-1.9303 -0.9558 -0.0400
-1.8860 -0.9671 -0.0400
-1.8391 -0.9820 -0.0400
-1.7728 -1.0384 -0.0400
-0.3736 -3.5537 -0.0400
-0.8421 -1.1842 -0.0400
-0.8357 -1.1147 -0.0400
-0.8167 -1.0619 -0.0400
-0.7768 -1.0329 -0.0400
-0.7285 -1.0125 -0.0400
-0.6651 -1.0064 -0.0400
1.4165 -1.5546 -0.0400
1.4822 -1.4954 -0.0400
1.5451 -1.4335 -0.0400
1.6083 -1.3708 -0.0400
2.0007 1.3428 -0.0400
1.9569 1.4214 -0.0400
1.9890 1.5066 -0.0400
2.0514 1.5969 -0.0400
2.2666 1.7111 -0.0400
2.8841 2.7181 -0.0400
2.8746 2.8220 -0.0400
0.1883 3.6980 -0.0400
0.1189 3.7264 -0.0400
0.0867 3.7905 -0.0400
0.0954 3.8982 -0.0400
-1.6081 2.2126 -0.0400
-1.6417 2.2167 -0.0400
-1.7086 2.1799 -0.0400
-1.7428 2.1796 -0.0400
-1.7711 2.1856 -0.0400
-1.7985 2.1922 -0.0400
-1.8196 2.2068 -0.0400
-1.8360 2.2280 -0.0400
-1.8527 2.2493 -0.0400
-1.8557 2.2923 -0.0400
-1.1473 4.1734 -0.0400
-1.2187 4.1653 -0.0400
-1.2678 4.2042 -0.0400
-3.7765 5.7059 -0.0400
-4.2771 4.5753 -0.0400
-4.3316 4.5309 -0.0400
-4.5001 4.5618 -0.0400
-4.5591 4.5242 -0.0400
-4.6442 4.5339 -0.0400
-5.8270 5.0141 -0.0400
-5.7302 4.3789 -0.0400
-5.7764 4.3122 -0.0400
-7.6060 -2.3413 -0.0400
-7.5317 -2.4166 -0.0400
-6.9281 -2.3363 -0.0400
-6.8599 -2.4031 -0.0400
-5.2187 -1.9329 -0.0400
-5.1760 -1.9885 -0.0400
-3.4355 0.0158 -0.0400
-3.3975 0.0310 -0.0400
-3.3747 0.0262 -0.0400
-3.3514 0.0226 -0.0400
-3.3326 0.0128 -0.0400
-3.3156 0.0000 -0.0400
-3.2991 -0.0136 -0.0400
-3.2870 -0.0355 -0.0400
-2.6456 -2.6872 -0.0400
-2.5803 -2.6929 -0.0400
-2.4290 -4.6034 -0.0400
-2.0815 -1.1199 -0.0400
-2.0599 -1.0554 -0.0400
-2.0368 -1.0022 -0.0400
-2.0038 -0.9830 -0.0400
-1.9691 -0.9697 -0.0400
-1.9322 -0.9620 -0.0400
-1.8925 -0.9612 -0.0400
-1.8482 -0.9698 -0.0400
-1.7946 -0.9976 -0.0400
-0.4571 -3.6045 -0.0400
-0.3604 -3.5966 -0.0400
-0.8722 -1.1504 -0.0400
-0.8490 -1.1013 -0.0400
-0.8168 -1.0634 -0.0400
-0.7765 -1.0347 -0.0400
-0.7270 -1.0152 -0.0400
1.4154 -1.5556 -0.0400
1.4808 -1.4961 -0.0400
1.5744 -1.4520 -0.0400
1.6121 -1.3743 -0.0400
1.9780 1.3442 -0.0400
1.9572 1.4245 -0.0400
2.0777 1.5187 -0.0400
2.0915 1.6047 -0.0400
2.2724 1.7146 -0.0400
2.9183 2.6239 -0.0400
2.8918 2.7224 -0.0400
0.1627 3.6801 -0.0400
0.1179 3.7314 -0.0400
0.0919 3.8016 -0.0400
-1.5879 2.2042 -0.0400
-1.6246 2.2054 -0.0400
-1.6537 2.2142 -0.0400
-1.7126 2.1867 -0.0400
-1.7571 2.1737 -0.0400
-1.7819 2.1838 -0.0400
-1.8051 2.1955 -0.0400
-1.8234 2.2137 -0.0400
-1.8403 2.2341 -0.0400
-1.8460 2.2717 -0.0400
-1.8499 2.3137 -0.0400
-1.0800 4.1773 -0.0400
-1.1643 4.1455 -0.0400
-1.2185 4.1727 -0.0400
-1.2632 4.2215 -0.0400
-3.7704 5.7018 -0.0400
-4.2355 4.6654 -0.0400
-4.2642 4.5603 -0.0400
-4.3337 4.5493 -0.0400
-4.5011 4.5777 -0.0400
-4.5517 4.5245 -0.0400
-5.7540 5.0815 -0.0400
-5.7890 4.9821 -0.0400
-5.6994 4.3598 -0.0400
-5.7672 4.3172 -0.0400
-7.5877 -2.3130 -0.0400
-6.9796 -2.2407 -0.0400
-5.2802 -1.8834 -0.0400
-5.2378 -1.9390 -0.0400
-3.4657 0.0256 -0.0400
-3.4327 0.0326 -0.0400
-3.4003 0.0401 -0.0400
-3.3788 0.0335 -0.0400
-3.3578 0.0265 -0.0400
-3.3403 0.0145 -0.0400
-3.3253 -0.0018 -0.0400
-3.3103 -0.0183 -0.0400
-3.3024 -0.0479 -0.0400
-3.2916 -0.0738 -0.0400
-2.1324 -1.0943 -0.0400
-2.1044 -1.0512 -0.0400
-2.0732 -1.0229 -0.0400
-2.0404 -1.0020 -0.0400
-2.0060 -0.9869 -0.0400
-1.9663 -0.9867 -0.0400
-1.9242 -0.9919 -0.0400
-1.8761 -1.0104 -0.0400
-0.4610 -3.6088 -0.0400
-0.9044 -1.1919 -0.0400
-0.8831 -1.1394 -0.0400
-0.8515 -1.1002 -0.0400
-0.7990 -1.0850 -0.0400
-0.7316 -1.0848 -0.0400
1.3291 -1.7039 -0.0400
1.3793 -1.6351 -0.0400
1.4410 -1.5733 -0.0400
1.5332 -1.5293 -0.0400
1.5756 -1.4540 -0.0400
1.9694 1.2637 -0.0400
1.9737 1.3458 -0.0400
2.0710 1.4359 -0.0400
2.1254 1.5254 -0.0400
2.9511 2.5284 -0.0400
2.9156 2.6244 -0.0400
2.2394 4.2194 -0.0400
0.2686 3.5959 -0.0400
0.2055 3.6311 -0.0400
0.1626 3.6841 -0.0400
0.1411 3.7578 -0.0400
-1.5418 2.1782 -0.0400
-1.5818 2.1776 -0.0400
-1.6139 2.1839 -0.0400
-1.6669 2.1662 -0.0400
-1.7208 2.1449 -0.0400
-1.7464 2.1544 -0.0400
-1.7692 2.1668 -0.0400
-1.7898 2.1818 -0.0400
-1.8036 2.2058 -0.0400
-1.8175 2.2302 -0.0400
-1.7973 2.3038 -0.0400
-1.0366 4.1326 -0.0400
-1.1155 4.1129 -0.0400
-1.1672 4.1447 -0.0400
-3.6026 5.7329 -0.0400
-4.1986 4.5875 -0.0400
-4.3869 4.6714 -0.0400
-4.4249 4.5893 -0.0400
-4.4869 4.5587 -0.0400
-4.5818 4.5895 -0.0400
-5.6971 5.1649 -0.0400
-5.7156 5.0412 -0.0400
-5.6360 4.4161 -0.0400
-5.6967 4.3663 -0.0400
-5.0800 2.8315 -0.0400
-5.0684 2.7586 -0.0400
-7.0049 -2.2364 -0.0400
-6.9447 -2.3097 -0.0400
-5.2953 -1.8763 -0.0400
-5.2460 -1.9241 -0.0400
-3.4880 0.0160 -0.0400
-3.4476 0.0322 -0.0400
-3.4118 0.0441 -0.0400
-3.3896 0.0381 -0.0400
-3.3692 0.0300 -0.0400
-3.3499 0.0204 -0.0400
-3.3330 0.0071 -0.0400
-3.3203 -0.0134 -0.0400
-3.3067 -0.0331 -0.0400
-3.3042 -0.0739 -0.0400
-2.1353 -1.1079 -0.0400
-2.1078 -1.0613 -0.0400
-2.0806 -1.0180 -0.0400
-2.0463 -1.0014 -0.0400
-2.0104 -0.9904 -0.0400
-1.9724 -0.9850 -0.0400
-1.9316 -0.9864 -0.0400
-1.8863 -0.9978 -0.0400
-0.5522 -3.6474 -0.0400
-0.9362 -1.2372 -0.0400
-0.9194 -1.1775 -0.0400
-0.8895 -1.1355 -0.0400
-0.8511 -1.1041 -0.0400
-0.8034 -1.0832 -0.0400
-0.7400 -1.0786 -0.0400
1.3531 -1.7236 -0.0400
1.4029 -1.6536 -0.0400
1.4430 -1.5774 -0.0400
1.5302 -1.5302 -0.0400
1.9677 1.2662 -0.0400
2.0210 1.3514 -0.0400
2.0648 1.4379 -0.0400
2.2593 1.5413 -0.0400
2.9517 2.5301 -0.0400
2.2309 4.2162 -0.0400
0.2689 3.6022 -0.0400
0.2028 3.6350 -0.0400
0.1843 3.7104 -0.0400
-1.4908 2.1990 -0.0400
-1.5542 2.1771 -0.0400
-1.5938 2.1766 -0.0400
-1.6235 2.1853 -0.0400
-1.7034 2.1377 -0.0400
-1.7311 2.1451 -0.0400
-1.7551 2.1563 -0.0400
-1.7759 2.1710 -0.0400
-1.7909 2.1930 -0.0400
-1.8044 2.2173 -0.0400
-1.8141 2.2476 -0.0400
-1.8106 2.2977 -0.0400
-0.9706 4.1329 -0.0400
-1.0472 4.1207 -0.0400
-1.1186 4.1152 -0.0400
-1.1661 4.1552 -0.0400
-3.5986 5.7319 -0.0400
-4.1405 4.6356 -0.0400
-4.1921 4.5838 -0.0400
-4.2697 4.5929 -0.0400
-4.4178 4.5867 -0.0400
-4.4926 4.5818 -0.0400
-5.6629 5.1330 -0.0400
-5.7077 5.0456 -0.0400
-5.6274 4.4197 -0.0400
-5.7223 4.4082 -0.0400
-5.0668 2.8325 -0.0400
-5.0603 2.7635 -0.0400
-5.0771 2.7129 -0.0400
-5.1179 2.6789 -0.0400
-5.1560 2.6427 -0.0400
-5.3059 -1.8639 -0.0400
-5.2869 -1.9467 -0.0400
-3.4517 0.0466 -0.0400
-3.4248 0.0462 -0.0400
-3.4014 0.0417 -0.0400
-3.3800 0.0348 -0.0400
-3.3598 0.0265 -0.0400
-3.3426 0.0136 -0.0400
-3.3262 -0.0009 -0.0400
-3.3161 -0.0265 -0.0400
-3.3040 -0.0500 -0.0400
-2.1397 -1.1179 -0.0400
-2.1187 -1.0460 -0.0400
-2.0858 -1.0227 -0.0400
-2.0515 -1.0051 -0.0400
-2.0159 -0.9925 -0.0400
-1.9744 -0.9965 -0.0400
-1.9308 -1.0044 -0.0400
-1.8802 -1.0281 -0.0400
-0.5481 -3.6788 -0.0400
-0.9213 -1.2624 -0.0400
-0.9149 -1.1882 -0.0400
-0.8893 -1.1404 -0.0400
-0.8467 -1.1136 -0.0400
-0.7891 -1.1035 -0.0400
1.3367 -1.7162 -0.0400
1.3962 -1.6529 -0.0400
1.4528 -1.5871 -0.0400
1.5316 -1.5343 -0.0400
1.9758 1.1869 -0.0400
1.9657 1.2683 -0.0400
2.0690 1.3567 -0.0400
2.0744 1.4410 -0.0400
2.9422 2.5291 -0.0400
2.2957 4.1380 -0.0400
0.3174 3.5597 -0.0400
0.2461 3.5888 -0.0400
0.2002 3.6389 -0.0400
0.1768 3.7098 -0.0400
-1.5079 2.1937 -0.0400
-1.5645 2.1782 -0.0400
-1.6207 2.1605 -0.0400
-1.6810 2.1359 -0.0400
-1.7132 2.1390 -0.0400
-1.7394 2.1480 -0.0400
-1.7621 2.1605 -0.0400
-1.7793 2.1795 -0.0400
-1.7937 2.2022 -0.0400
-1.8047 2.2299 -0.0400
-1.8082 2.2688 -0.0400
-0.9920 4.1030 -0.0400
-1.0660 4.0945 -0.0400
-1.1220 4.1175 -0.0400
-3.5954 5.7318 -0.0400
-4.1262 4.6105 -0.0400
-4.1944 4.5996 -0.0400
-4.3635 4.6441 -0.0400
-4.4132 4.5879 -0.0400
-4.4790 4.5658 -0.0400
-5.6681 5.1541 -0.0400
-5.5903 4.5099 -0.0400
-5.6199 4.4237 -0.0400
-5.6931 4.3884 -0.0400
-5.0652 2.8415 -0.0400
-5.0424 2.7608 -0.0400
-5.0724 2.7199 -0.0400
-5.1151 2.6875 -0.0400
-5.1525 2.6509 -0.0400
-5.3180 -1.8528 -0.0400
-5.2797 -1.9134 -0.0400
-3.4711 0.0408 -0.0400
-3.4403 0.0452 -0.0400
-3.4147 0.0435 -0.0400
-3.3892 0.0425 -0.0400
-3.3698 0.0327 -0.0400
-3.3522 0.0203 -0.0400
-3.3354 0.0064 -0.0400
-3.3245 -0.0179 -0.0400
-3.3122 -0.0409 -0.0400
-3.3026 -0.0700 -0.0400
-2.1562 -1.0824 -0.0400
-2.1248 -1.0501 -0.0400
-2.0917 -1.0267 -0.0400
-2.0574 -1.0085 -0.0400
-2.0206 -0.9987 -0.0400
-1.9811 -0.9964 -0.0400
-1.9386 -1.0012 -0.0400
-1.8905 -1.0183 -0.0400
-0.5687 -3.6574 -0.0400
-0.9480 -1.2342 -0.0400
-0.9266 -1.1796 -0.0400
-0.8942 -1.1401 -0.0400
-0.8524 -1.1121 -0.0400
-0.8001 -1.0960 -0.0400
-0.7215 -1.1072 -0.0400
1.3333 -1.7184 -0.0400
1.3947 -1.6562 -0.0400
1.4642 -1.5984 -0.0400
1.5304 -1.5375 -0.0400
1.9672 1.1885 -0.0400
1.9696 1.2704 -0.0400
2.0676 1.3585 -0.0400
2.1806 1.4513 -0.0400
2.9636 2.4305 -0.0400
2.9500 2.5324 -0.0400
2.2414 4.2274 -0.0400
0.3269 3.5738 -0.0400
0.2459 3.5950 -0.0400
0.2131 3.6568 -0.0400
-1.5008 2.1722 -0.0400
-1.5537 2.1613 -0.0400
-1.5901 2.1644 -0.0400
-1.6433 2.1492 -0.0400
-1.6907 2.1377 -0.0400
-1.7219 2.1418 -0.0400
-1.7496 2.1489 -0.0400
-1.7684 2.1658 -0.0400
-1.7840 2.1866 -0.0400
-1.7967 2.2114 -0.0400
-1.8047 2.2432 -0.0400
-0.9864 4.1221 -0.0400
-1.0726 4.0914 -0.0400
-1.1209 4.1291 -0.0400
-3.5952 5.7453 -0.0400
-4.1237 4.6127 -0.0400
-4.1876 4.5922 -0.0400
-4.3482 4.6205 -0.0400
-4.4100 4.5908 -0.0400
-4.4960 4.6089 -0.0400
-5.6333 5.1189 -0.0400
-5.6989 5.0605 -0.0400
-5.5589 4.4842 -0.0400
-5.6166 4.4316 -0.0400
-5.0228 2.8191 -0.0400
-5.0382 2.7673 -0.0400
-5.0671 2.7258 -0.0400
-5.1095 2.6934 -0.0400
-5.1741 2.6748 -0.0400
-5.7921 2.6436 -0.0400
-5.3318 -1.8435 -0.0400
-5.3228 -1.9379 -0.0400
-3.5017 0.0206 -0.0400
-3.4482 0.0551 -0.0400
-3.4233 0.0525 -0.0400
-3.4010 0.0465 -0.0400
-3.3809 0.0378 -0.0400
-3.3620 0.0271 -0.0400
-3.3469 0.0103 -0.0400
-3.3322 -0.0075 -0.0400
-3.3192 -0.0292 -0.0400
-3.3085 -0.0561 -0.0400
-2.1644 -1.0817 -0.0400
-2.1323 -1.0516 -0.0400
-2.0986 -1.0292 -0.0400
-2.0646 -1.0095 -0.0400
-2.0271 -1.0013 -0.0400
-1.9878 -0.9980 -0.0400
-1.9457 -1.0012 -0.0400
-1.8761 -1.0735 -0.0400
-0.5791 -3.6599 -0.0400
-0.9352 -1.2585 -0.0400
-0.9343 -1.1769 -0.0400
-0.8959 -1.1446 -0.0400
-0.8480 -1.1235 -0.0400
-0.7839 -1.1201 -0.0400
1.2873 -1.7966 -0.0400
1.3313 -1.7223 -0.0400
1.3951 -1.6614 -0.0400
1.4674 -1.6052 -0.0400
2.0016 1.1083 -0.0400
1.9678 1.1900 -0.0400
1.9947 1.2731 -0.0400
2.0695 1.3602 -0.0400
2.2627 1.4592 -0.0400
2.9786 2.4350 -0.0400
2.9773 2.5404 -0.0400
2.2848 4.1356 -0.0400
0.3892 3.5415 -0.0400
0.2913 3.5506 -0.0400
0.2360 3.5929 -0.0400
0.2032 3.6545 -0.0400
-1.5102 2.1747 -0.0400
-1.5612 2.1656 -0.0400
-1.6376 2.1293 -0.0400
-1.6808 2.1229 -0.0400
-1.7111 2.1283 -0.0400
-1.7357 2.1391 -0.0400
-1.7562 2.1540 -0.0400
-1.7742 2.1719 -0.0400
-1.7888 2.1939 -0.0400
-1.7847 2.2399 -0.0400
-0.9109 4.1389 -0.0400
-1.0218 4.0687 -0.0400
-1.0757 4.0956 -0.0400
-1.1152 4.1500 -0.0400
-3.5115 5.7623 -0.0400
-4.0921 4.7252 -0.0400
-4.1208 4.6126 -0.0400
-4.3084 4.7080 -0.0400
-4.3458 4.6230 -0.0400
-4.4049 4.5883 -0.0400
-4.4816 4.5887 -0.0400
-5.5751 5.2006 -0.0400
-5.6138 5.1039 -0.0400
-5.5677 4.5055 -0.0400
-5.6077 4.4323 -0.0400
-5.6915 4.4095 -0.0400
-5.0256 2.8299 -0.0400
-5.0351 2.7739 -0.0400
-5.0614 2.7308 -0.0400
-5.1128 2.7048 -0.0400
-5.1640 2.6776 -0.0400
-5.7783 2.6473 -0.0400
-5.8103 2.5958 -0.0400
-7.6908 -2.1624 -0.0400
-5.3440 -1.8324 -0.0400
-5.3032 -1.8901 -0.0400
-3.5067 0.0348 -0.0400
-3.4677 0.0494 -0.0400
-3.4391 0.0513 -0.0400
-3.4146 0.0482 -0.0400
-3.3910 0.0445 -0.0400
-3.3726 0.0331 -0.0400
-3.3557 0.0192 -0.0400
-3.3398 0.0033 -0.0400
-3.3258 -0.0163 -0.0400
-3.3250 -0.0617 -0.0400
-2.0717 -1.0128 -0.0400
-2.0339 -1.0049 -0.0400
-1.9943 -1.0017 -0.0400
-1.9425 -1.0308 -0.0400
-1.8853 -1.0697 -0.0400
-0.5672 -3.7132 -0.0400
-0.9498 -1.3346 -0.0400
-0.9581 -1.2370 -0.0400
-0.9341 -1.1851 -0.0400
-0.8998 -1.1474 -0.0400
-0.8562 -1.1210 -0.0400
-0.7429 -1.1738 -0.0400
1.3030 -1.8141 -0.0400
1.3251 -1.7238 -0.0400
1.4130 -1.6790 -0.0400
1.4833 -1.6209 -0.0400
1.9801 1.1092 -0.0400
1.9696 1.1912 -0.0400
2.0685 1.2773 -0.0400
2.0879 1.3624 -0.0400
2.2549 1.4596 -0.0400
3.0123 2.3382 -0.0400
2.9604 2.4314 -0.0400
2.2806 4.1351 -0.0400
0.2771 3.5452 -0.0400
0.2399 3.6027 -0.0400
-1.4988 2.1578 -0.0400
-1.5492 2.1503 -0.0400
-1.5845 2.1550 -0.0400
-1.6475 2.1314 -0.0400
-1.6886 2.1270 -0.0400
-1.7182 2.1332 -0.0400
-1.7441 2.1425 -0.0400
-1.7609 2.1615 -0.0400
-1.7746 2.1843 -0.0400
-1.7847 2.2120 -0.0400
-1.7863 2.2512 -0.0400
-0.9592 4.0664 -0.0400
-1.0276 4.0685 -0.0400
-1.0776 4.1023 -0.0400
-1.1024 4.1849 -0.0400
-3.5087 5.7548 -0.0400
-4.0716 4.6766 -0.0400
-4.1202 4.6167 -0.0400
-4.3035 4.7035 -0.0400
-4.3426 4.6228 -0.0400
-4.4133 4.6125 -0.0400
-5.5873 5.2294 -0.0400
-5.6112 5.1113 -0.0400
-5.7042 5.0908 -0.0400
-5.5439 4.4869 -0.0400
-5.6091 4.4439 -0.0400
-5.0054 2.8227 -0.0400
-5.0263 2.7756 -0.0400
-5.0636 2.7407 -0.0400
-5.1065 2.7090 -0.0400
-5.1512 2.6778 -0.0400
-5.7577 2.6469 -0.0400
-5.8117 2.6068 -0.0400
-7.6482 -2.2354 -0.0400
-7.1179 -2.1079 -0.0400
-7.0418 -2.1697 -0.0400
-3.4768 0.0581 -0.0400
-3.4486 0.0594 -0.0400
-3.4245 0.0557 -0.0400
-3.4029 0.0488 -0.0400
-3.3831 0.0395 -0.0400
-3.3649 0.0277 -0.0400
-3.3515 0.0076 -0.0400
-3.3383 -0.0138 -0.0400
-3.3275 -0.0404 -0.0400
-3.3223 -0.0796 -0.0400
-1.9481 -1.0383 -0.0400
-1.8889 -1.0817 -0.0400
-0.6829 -3.7064 -0.0400
-0.5785 -3.7165 -0.0400
-0.9734 -1.2263 -0.0400
-0.9418 -1.1842 -0.0400
-0.9016 -1.1535 -0.0400
-0.8515 -1.1345 -0.0400
-0.7833 -1.1352 -0.0400
1.2723 -1.7988 -0.0400
1.3512 -1.7486 -0.0400
1.4017 -1.6778 -0.0400
1.4839 -1.6274 -0.0400
1.5610 -1.5721 -0.0400
1.9765 1.1098 -0.0400
1.9677 1.1919 -0.0400
2.0665 1.2780 -0.0400
2.1090 1.3645 -0.0400
3.0052 2.3369 -0.0400
2.9787 2.4361 -0.0400
2.3323 4.0483 -0.0400
0.3416 3.5158 -0.0400
0.2756 3.5502 -0.0400
0.2337 3.6037 -0.0400
-1.5071 2.1615 -0.0400
-1.5723 2.1404 -0.0400
-1.6375 2.1164 -0.0400
-1.6780 2.1134 -0.0400
-1.7067 2.1208 -0.0400
-1.7305 2.1326 -0.0400
-1.7505 2.1481 -0.0400
-1.7667 2.1678 -0.0400
-1.7802 2.1908 -0.0400
-1.7677 2.2458 -0.0400
-0.8777 4.0930 -0.0400
-0.9655 4.0657 -0.0400
-1.0324 4.0704 -0.0400
-1.0804 4.1077 -0.0400
-3.5053 5.7408 -0.0400
-4.0593 4.6481 -0.0400
-4.1217 4.6249 -0.0400
-4.2913 4.6809 -0.0400
-4.3369 4.6157 -0.0400
-4.4112 4.6139 -0.0400
-5.5479 5.1824 -0.0400
-5.6066 5.1149 -0.0400
-5.5476 4.5004 -0.0400
-5.6338 4.4819 -0.0400
-5.0088 2.8327 -0.0400
-5.0242 2.7816 -0.0400
-5.0545 2.7418 -0.0400
-5.1102 2.7194 -0.0400
-5.7475 2.7189 -0.0400
-5.7531 2.6541 -0.0400
-5.8030 2.6123 -0.0400
-7.7076 -2.1268 -0.0400
-7.0498 -2.1523 -0.0400
-7.0254 -2.2531 -0.0400
-3.5045 0.0415 -0.0400
-3.4684 0.0529 -0.0400
-3.4404 0.0544 -0.0400
-3.4133 0.0557 -0.0400
-3.3936 0.0461 -0.0400
-3.3758 0.0336 -0.0400
-3.3592 0.0187 -0.0400
-3.3441 0.0011 -0.0400
-3.3312 -0.0214 -0.0400
-3.3434 -0.0937 -0.0400
-3.5750 -4.1551 -0.0400
-3.4804 -4.1513 -0.0400
-3.3786 -4.0846 -0.0400
-0.6941 -3.7113 -0.0400
-0.9823 -1.3115 -0.0400
-0.9718 -1.2388 -0.0400
-0.9441 -1.1912 -0.0400
-0.9070 -1.1563 -0.0400
-0.8416 -1.1552 -0.0400
1.2760 -1.8092 -0.0400
1.3452 -1.7518 -0.0400
1.4431 -1.7128 -0.0400
1.4910 -1.6389 -0.0400
1.9668 1.1100 -0.0400
2.0025 1.1929 -0.0400
2.0681 1.2784 -0.0400
2.1137 1.3651 -0.0400
2.9893 2.3334 -0.0400
2.9973 2.4405 -0.0400
2.3302 4.0488 -0.0400
0.3170 3.5024 -0.0400
0.2725 3.5538 -0.0400
-1.4993 2.1416 -0.0400
-1.5456 2.1386 -0.0400
-1.5790 2.1456 -0.0400
-1.6462 2.1198 -0.0400
-1.6854 2.1180 -0.0400
-1.7187 2.1208 -0.0400
-1.7383 2.1368 -0.0400
-1.7539 2.1570 -0.0400
-1.7668 2.1805 -0.0400
-1.7750 2.2099 -0.0400
-1.7707 2.2553 -0.0400
-0.8778 4.1028 -0.0400
-0.9685 4.0710 -0.0400
-1.0322 4.0815 -0.0400
-3.5062 5.7493 -0.0400
-4.0029 4.6902 -0.0400
-4.0523 4.6317 -0.0400
-4.1148 4.6102 -0.0400
-4.2812 4.6617 -0.0400
-4.3360 4.6179 -0.0400
-4.4139 4.6240 -0.0400
-5.5548 5.2015 -0.0400
-5.5974 5.1110 -0.0400
-5.4967 4.5689 -0.0400
-5.5319 4.4895 -0.0400
-5.6055 4.4571 -0.0400
-4.9877 2.8867 -0.0400
-4.9933 2.8275 -0.0400
-5.0191 2.7846 -0.0400
-5.0597 2.7525 -0.0400
-5.1003 2.7197 -0.0400
-5.1562 2.6964 -0.0400
-5.7498 2.6613 -0.0400
-5.7894 2.6146 -0.0400
-7.7253 -2.1153 -0.0400
-7.6876 -2.2151 -0.0400
-7.1322 -2.0721 -0.0400
-7.0640 -2.1396 -0.0400
-3.4269 0.0576 -0.0400
-3.4055 0.0506 -0.0400
-3.3858 0.0411 -0.0400
-3.3703 0.0245 -0.0400
-3.3556 0.0061 -0.0400
-3.3433 -0.0176 -0.0400
-3.3342 -0.0487 -0.0400
-3.5969 -4.1828 -0.0400
-3.4897 -4.0957 -0.0400
-3.3960 -4.0872 -0.0400
-0.9701 -1.3404 -0.0400
-0.9867 -1.2304 -0.0400
-0.9517 -1.1923 -0.0400
-0.9081 -1.1651 -0.0400
-0.8548 -1.1494 -0.0400
-0.7768 -1.1608 -0.0400
1.2679 -1.8117 -0.0400
1.3416 -1.7574 -0.0400
1.4155 -1.7020 -0.0400
1.4784 -1.6382 -0.0400
1.9688 1.1097 -0.0400
2.0803 1.1943 -0.0400
2.0790 1.2787 -0.0400
2.2697 1.3735 -0.0400
3.0529 2.2409 -0.0400
2.9842 2.3319 -0.0400
2.9855 2.4374 -0.0400
2.3303 4.0503 -0.0400
0.3864 3.4754 -0.0400
0.3150 3.5067 -0.0400
0.2688 3.5568 -0.0400
-1.5114 2.1420 -0.0400
-1.5681 2.1298 -0.0400
-1.6387 2.1027 -0.0400
-1.6752 2.1040 -0.0400
-1.7023 2.1134 -0.0400
-1.7250 2.1265 -0.0400
-1.7444 2.1427 -0.0400
-1.7597 2.1633 -0.0400
-1.7607 2.2001 -0.0400
-1.7529 2.2485 -0.0400
-0.9152 4.0524 -0.0400
-0.9892 4.0468 -0.0400
-1.0378 4.0825 -0.0400
-3.4240 5.7576 -0.0400
-3.5108 5.7778 -0.0400
-4.0024 4.6895 -0.0400
-4.0513 4.6299 -0.0400
-4.1245 4.6365 -0.0400
-4.2229 4.7008 -0.0400
-4.2727 4.6445 -0.0400
-4.3320 4.6118 -0.0400
-5.5213 5.1606 -0.0400
-5.5099 4.5928 -0.0400
-5.5339 4.4992 -0.0400
-5.0106 2.9107 -0.0400
-4.9977 2.8368 -0.0400
-5.0153 2.7879 -0.0400
-5.0650 2.7625 -0.0400
-5.1075 2.7311 -0.0400
-5.7223 2.7223 -0.0400
-5.7496 2.6696 -0.0400
-7.7474 -2.1067 -0.0400
-7.0668 -2.1185 -0.0400
-3.3788 0.0348 -0.0400
-3.3623 0.0195 -0.0400
-3.3475 0.0009 -0.0400
-3.3470 -0.0462 -0.0400
-3.6097 -4.1523 -0.0400
-3.5129 -4.1345 -0.0400
-3.4138 -4.0910 -0.0400
-3.3293 -4.1625 -0.0400
-2.9012 -2.7266 -0.0400
-2.8334 -2.6973 -0.0400
-1.0145 -1.2922 -0.0400
-0.9901 -1.2382 -0.0400
-0.9561 -1.1983 -0.0400
-0.9148 -1.1681 -0.0400
-0.8381 -1.1801 -0.0400
1.2136 -1.8888 -0.0400
1.2985 -1.8430 -0.0400
1.3427 -1.7669 -0.0400
1.4302 -1.7204 -0.0400
1.5070 -1.6650 -0.0400
2.0045 1.0258 -0.0400
1.9790 1.1091 -0.0400
2.0766 1.1935 -0.0400
2.0837 1.2783 -0.0400
2.2829 1.3735 -0.0400
3.0213 2.2338 -0.0400
2.9899 2.3323 -0.0400
2.3936 3.9691 -0.0400
2.3441 4.0594 -0.0400
0.3802 3.4763 -0.0400
0.3118 3.5099 -0.0400
-1.5057 2.1206 -0.0400
-1.5463 2.1231 -0.0400
-1.5763 2.1335 -0.0400
-1.6504 2.1032 -0.0400
-1.6834 2.1078 -0.0400
-1.7135 2.1142 -0.0400
-1.7320 2.1314 -0.0400
-1.7467 2.1525 -0.0400
-1.7584 2.1772 -0.0400
-1.7649 2.2081 -0.0400
-1.7536 2.2606 -0.0400
-0.9110 4.0695 -0.0400
-0.9925 4.0520 -0.0400
-3.4239 5.7531 -0.0400
-3.9951 4.6678 -0.0400
-4.0515 4.6302 -0.0400
-4.1269 4.6426 -0.0400
-4.2219 4.6995 -0.0400
-4.2686 4.6363 -0.0400
-4.3344 4.6186 -0.0400
-5.4728 5.2503 -0.0400
-5.5172 5.1616 -0.0400
-5.4662 4.5439 -0.0400
-5.5252 4.4950 -0.0400
-5.6434 4.5158 -0.0400
-4.9741 2.8867 -0.0400
-4.9849 2.8321 -0.0400
-5.0127 2.7913 -0.0400
-5.0555 2.7613 -0.0400
-5.0949 2.7281 -0.0400
-5.1605 2.7119 -0.0400
-5.7318 2.7350 -0.0400
-5.7410 2.6728 -0.0400
-5.8120 2.6423 -0.0400
-7.7382 -2.0783 -0.0400
-7.1008 -2.1209 -0.0400
-5.3939 -1.7886 -0.0400
-3.3467 -0.0181 -0.0400
-3.3388 -0.0526 -0.0400
-3.6264 -4.1439 -0.0400
-3.5276 -4.1137 -0.0400
-3.4314 -4.0905 -0.0400
-2.9150 -2.6988 -0.0400
-2.8481 -2.6963 -0.0400
-2.7928 -4.5917 -0.0400
-1.0196 -1.2992 -0.0400
-0.9952 -1.2448 -0.0400
-0.9614 -1.2042 -0.0400
-0.9123 -1.1833 -0.0400
-0.8505 -1.1770 -0.0400
1.2277 -1.9096 -0.0400
1.2658 -1.8290 -0.0400
1.3346 -1.7707 -0.0400
1.4282 -1.7283 -0.0400
1.9972 1.0246 -0.0400
1.9932 1.1079 -0.0400
2.0821 1.1925 -0.0400
2.1085 1.2781 -0.0400
3.0184 2.2319 -0.0400
2.9918 2.3315 -0.0400
2.3782 3.9613 -0.0400
0.3688 3.4729 -0.0400
-1.4718 2.1213 -0.0400
-1.5211 2.1182 -0.0400
-1.5560 2.1252 -0.0400
-1.6186 2.1072 -0.0400
-1.6753 2.0917 -0.0400
-1.6996 2.1040 -0.0400
-1.7198 2.1197 -0.0400
-1.7374 2.1379 -0.0400
-1.7516 2.1595 -0.0400
-1.7489 2.1996 -0.0400
-0.8588 4.0480 -0.0400
-0.9432 4.0282 -0.0400
-0.9986 4.0525 -0.0400
-1.0309 4.1166 -0.0400
-3.4241 5.7484 -0.0400
-3.9893 4.6489 -0.0400
-4.0562 4.6410 -0.0400
-4.2155 4.6835 -0.0400
-4.2679 4.6345 -0.0400
-4.3342 4.6186 -0.0400
-5.4546 5.2287 -0.0400
-5.5150 5.1644 -0.0400
-5.4474 4.6509 -0.0400
-5.4622 4.5442 -0.0400
-5.5209 4.4952 -0.0400
-4.9880 2.9022 -0.0400
-4.9778 2.8311 -0.0400
-5.0155 2.7980 -0.0400
-5.0589 2.7686 -0.0400
-5.1054 2.7404 -0.0400
-5.7109 2.7306 -0.0400
-5.7490 2.6840 -0.0400
-7.7489 -2.0629 -0.0400
-7.1435 -2.0125 -0.0400
-7.1019 -2.0990 -0.0400
-5.4042 -1.7753 -0.0400
-5.3672 -1.8370 -0.0400
-3.6446 -4.1438 -0.0400
-3.5457 -4.1135 -0.0400
-3.4492 -4.0905 -0.0400
-2.9312 -2.7228 -0.0400
-2.8635 -2.7070 -0.0400
-2.8107 -4.5923 -0.0400
-1.0344 -1.3849 -0.0400
-1.0291 -1.3008 -0.0400
-1.0024 -1.2494 -0.0400
-0.9672 -1.2103 -0.0400
-0.9186 -1.1885 -0.0400
-0.8587 -1.1797 -0.0400
1.2032 -1.9019 -0.0400
1.2838 -1.8527 -0.0400
1.3391 -1.7841 -0.0400
1.4205 -1.7331 -0.0400
2.0139 0.9387 -0.0400
1.9770 1.0232 -0.0400
1.9940 1.1062 -0.0400
2.0864 1.1909 -0.0400
2.1240 1.2771 -0.0400
3.0087 2.2283 -0.0400
3.0210 2.3360 -0.0400
2.3759 3.9605 -0.0400
0.4355 3.4415 -0.0400
-1.4292 2.1270 -0.0400
-1.4982 2.1103 -0.0400
-1.5380 2.1144 -0.0400
-1.5673 2.1259 -0.0400
-1.6574 2.0841 -0.0400
-1.6839 2.0948 -0.0400
-1.7066 2.1085 -0.0400
-1.7261 2.1249 -0.0400
-1.7373 2.1495 -0.0400
-1.7471 2.1761 -0.0400
-1.7497 2.2109 -0.0400
-0.8934 4.0047 -0.0400
-0.9530 4.0229 -0.0400
-0.9913 4.0754 -0.0400
-3.3463 5.7757 -0.0400
-3.9559 4.7528 -0.0400
-3.9892 4.6448 -0.0400
-4.0575 4.6416 -0.0400
-4.2081 4.6636 -0.0400
-4.2693 4.6365 -0.0400
-4.3395 4.6295 -0.0400
-5.4683 5.2546 -0.0400
-5.5216 5.1793 -0.0400
-5.4224 4.6225 -0.0400
-5.4563 4.5412 -0.0400
-5.5753 4.5666 -0.0400
-4.9751 2.9600 -0.0400
-4.9597 2.8832 -0.0400
-4.9769 2.8342 -0.0400
-5.0078 2.7962 -0.0400
-5.0550 2.7698 -0.0400
-5.7172 2.7403 -0.0400
-5.7353 2.6833 -0.0400
-7.7479 -2.0404 -0.0400
-7.1503 -1.9953 -0.0400
-7.1120 -2.0840 -0.0400
-5.4174 -1.7655 -0.0400
-5.4126 -1.8634 -0.0400
-3.5260 0.0592 -0.0400
-3.4916 0.0689 -0.0400
-3.7507 -4.1371 -0.0400
-3.6515 -4.1117 -0.0400
-3.5561 -4.1023 -0.0400
-3.0083 -2.7116 -0.0400
-2.9403 -2.6956 -0.0400
-2.9230 -4.5999 -0.0400
-1.0100 -1.2492 -0.0400
-0.9600 -1.2293 -0.0400
-0.8987 -1.2226 -0.0400
1.1545 -1.9827 -0.0400
1.2206 -1.9228 -0.0400
1.3283 -1.8929 -0.0400
1.3800 -1.8204 -0.0400
1.9843 0.9382 -0.0400
2.1041 1.0190 -0.0400
2.1222 1.1043 -0.0400
2.2932 1.1922 -0.0400
3.0808 2.0296 -0.0400
3.0313 2.1263 -0.0400
3.0607 2.2368 -0.0400
2.4888 3.7872 -0.0400
2.4310 3.8734 -0.0400
0.5478 3.3530 -0.0400
0.4453 3.3670 -0.0400
0.3873 3.4097 -0.0400
-1.5028 2.0778 -0.0400
-1.5319 2.0904 -0.0400
-1.6222 2.0529 -0.0400
-1.6503 2.0632 -0.0400
-1.6737 2.0769 -0.0400
-1.6933 2.0934 -0.0400
-1.7078 2.1146 -0.0400
-1.7193 2.1389 -0.0400
-1.7267 2.1677 -0.0400
-1.7243 2.2073 -0.0400
-0.7492 4.0070 -0.0400
-0.8411 3.9812 -0.0400
-0.9055 3.9929 -0.0400
-0.9477 4.0384 -0.0400
-3.2642 5.7678 -0.0400
-3.8685 4.6920 -0.0400
-3.9270 4.6608 -0.0400
-4.0083 4.6967 -0.0400
-4.0980 4.7497 -0.0400
-4.1432 4.6792 -0.0400
-4.2065 4.6577 -0.0400
-4.2988 4.7041 -0.0400
-5.3209 5.3474 -0.0400
-5.3671 5.2587 -0.0400
-5.3402 4.6426 -0.0400
-5.3903 4.5825 -0.0400
-4.9124 2.9096 -0.0400
-4.9414 2.8704 -0.0400
-4.9835 2.8414 -0.0400
-5.0243 2.8108 -0.0400
-5.0804 2.7906 -0.0400
-5.6850 2.8618 -0.0400
-5.6717 2.7858 -0.0400
-5.7188 2.7450 -0.0400
-7.8080 -1.9420 -0.0400
-7.2314 -1.9225 -0.0400
-7.1847 -2.0052 -0.0400
-5.5460 -1.6852 -0.0400
-5.4721 -1.7078 -0.0400
-5.4432 -1.7775 -0.0400
-3.5314 0.0661 -0.0400
-3.4891 0.0873 -0.0400
-3.4656 0.0827 -0.0400
-3.4445 0.0751 -0.0400
-3.6801 -4.1345 -0.0400
-3.5772 -4.0794 -0.0400
-3.4869 -4.1003 -0.0400
-2.9620 -2.7153 -0.0400
-2.8941 -2.6970 -0.0400
-2.8473 -4.6105 -0.0400
1.1576 -2.0021 -0.0400
1.1963 -1.9207 -0.0400
1.2685 -1.8648 -0.0400
1.3470 -1.8124 -0.0400
1.4107 -1.7484 -0.0400
1.9988 1.0175 -0.0400
2.0934 1.1007 -0.0400
2.0980 1.1862 -0.0400
3.0417 2.1244 -0.0400
3.0104 2.2238 -0.0400
0.5059 3.4145 -0.0400
-1.4250 2.1110 -0.0400
-1.4888 2.1000 -0.0400
-1.5392 2.0968 -0.0400
-1.6067 2.0780 -0.0400
-1.6448 2.0809 -0.0400
-1.6801 2.0847 -0.0400
-1.7005 2.1008 -0.0400
-1.7169 2.1204 -0.0400
-1.7299 2.1432 -0.0400
-1.7400 2.1693 -0.0400
-1.7441 2.2020 -0.0400
-0.8429 3.9913 -0.0400
-0.9116 3.9968 -0.0400
-0.9569 4.0374 -0.0400
-3.3481 5.7593 -0.0400
-3.9344 4.6744 -0.0400
-3.9925 4.6428 -0.0400
-4.1503 4.6916 -0.0400
-4.2055 4.6500 -0.0400
-4.2737 4.6408 -0.0400
-5.3896 5.2988 -0.0400
-5.4361 5.2125 -0.0400
-5.3898 4.5854 -0.0400
-5.4517 4.5417 -0.0400
-5.5385 4.5284 -0.0400
-4.9327 2.9293 -0.0400
-4.9443 2.8756 -0.0400
-4.9709 2.8348 -0.0400
-5.0097 2.8034 -0.0400
-5.0688 2.7861 -0.0400
-5.7039 2.7435 -0.0400
-7.7622 -2.0068 -0.0400
-7.1684 -1.9652 -0.0400
-7.1166 -2.0436 -0.0400
-5.4394 -1.7416 -0.0400
-3.5248 0.0650 -0.0400
-3.4926 0.0723 -0.0400
-3.4661 0.0723 -0.0400
-3.4429 0.0680 -0.0400
-3.4210 0.0622 -0.0400
-3.4033 0.0492 -0.0400
-3.3870 0.0336 -0.0400
-3.7851 -4.1202 -0.0400
-3.6842 -4.0855 -0.0400
-3.5897 -4.0805 -0.0400
-3.0410 -2.7274 -0.0400
-2.9728 -2.7184 -0.0400
-2.9603 -4.6125 -0.0400
-2.2964 -1.1315 -0.0400
1.1195 -2.0941 -0.0400
1.1374 -1.9949 -0.0400
1.2159 -1.9443 -0.0400
1.3069 -1.9017 -0.0400
1.9809 0.8483 -0.0400
2.0126 0.9308 -0.0400
2.0957 1.0129 -0.0400
2.1172 1.0984 -0.0400
3.0609 2.0204 -0.0400
3.0344 2.1210 -0.0400
2.4742 3.7787 -0.0400
0.5126 3.3370 -0.0400
-1.4432 2.0680 -0.0400
-1.5005 2.0622 -0.0400
-1.5275 2.0768 -0.0400
-1.6170 2.0426 -0.0400
-1.6434 2.0548 -0.0400
-1.6692 2.0669 -0.0400
-1.6871 2.0852 -0.0400
-1.7020 2.1061 -0.0400
-1.7085 2.1349 -0.0400
-1.7139 2.1655 -0.0400
-0.6999 3.9875 -0.0400
-0.7943 3.9613 -0.0400
-0.8641 3.9665 -0.0400
-0.9103 4.0053 -0.0400
-3.1874 5.7758 -0.0400
-3.2719 5.8004 -0.0400
-3.8192 4.7391 -0.0400
-3.8693 4.6783 -0.0400
-3.9341 4.6679 -0.0400
-4.0890 4.7140 -0.0400
-4.1444 4.6722 -0.0400
-4.2134 4.6663 -0.0400
-5.2993 5.3167 -0.0400
-5.3577 5.2490 -0.0400
-5.3255 4.6266 -0.0400
-5.4047 4.6064 -0.0400
-4.8954 2.9625 -0.0400
-4.9090 2.9103 -0.0400
-4.9442 2.8766 -0.0400
-4.9875 2.8489 -0.0400
-5.0307 2.8205 -0.0400
-5.6522 2.8512 -0.0400
-5.6655 2.7915 -0.0400
-5.7345 2.7634 -0.0400
-7.2260 -1.8771 -0.0400
-7.2149 -1.9840 -0.0400
-5.4995 -1.6901 -0.0400
-3.5776 0.0446 -0.0400
-3.5162 0.0919 -0.0400
-3.4905 0.0904 -0.0400
-3.4677 0.0852 -0.0400
-3.4470 0.0772 -0.0400
-3.4278 0.0670 -0.0400
-3.4103 0.0538 -0.0400
-3.3990 0.0292 -0.0400
-3.3876 0.0034 -0.0400
-3.3812 -0.0335 -0.0400
-3.7179 -4.1353 -0.0400
-3.6141 -4.0770 -0.0400
-3.5266 -4.1192 -0.0400
-2.9932 -2.6979 -0.0400
-2.9263 -2.7079 -0.0400
-2.8847 -4.6085 -0.0400
-2.3018 -1.1853 -0.0400
-2.2711 -1.1340 -0.0400
-2.2413 -1.0857 -0.0400
-2.2049 -1.0663 -0.0400
-2.1682 -1.0494 -0.0400
1.1795 -1.9347 -0.0400
1.2623 -1.8864 -0.0400
1.3507 -1.8406 -0.0400
1.4203 -1.7799 -0.0400
1.9844 0.9266 -0.0400
2.0154 1.0097 -0.0400
2.0971 1.0934 -0.0400
2.3020 1.1809 -0.0400
3.0321 2.1157 -0.0400
3.0450 2.2234 -0.0400
2.4228 3.8668 -0.0400
0.4412 3.3766 -0.0400
-1.4882 2.0815 -0.0400
-1.5317 2.0846 -0.0400
-1.5983 2.0684 -0.0400
-1.6462 2.0643 -0.0400
-1.6749 2.0742 -0.0400
-1.6938 2.0919 -0.0400
-1.7089 2.1128 -0.0400
-1.7221 2.1356 -0.0400
-1.7212 2.1720 -0.0400
-1.7189 2.2112 -0.0400
-0.7630 4.0171 -0.0400
-0.8530 3.9950 -0.0400
-0.9166 4.0085 -0.0400
-3.2743 5.7897 -0.0400
-3.8772 4.6905 -0.0400
-3.9357 4.6603 -0.0400
-4.0163 4.6964 -0.0400
-4.1018 4.7396 -0.0400
-4.1490 4.6753 -0.0400
-4.2110 4.6521 -0.0400
-4.2890 4.6668 -0.0400
-5.3692 5.2691 -0.0400
-5.4363 5.2162 -0.0400
-5.3647 4.6820 -0.0400
-5.3837 4.5798 -0.0400
-5.4706 4.5691 -0.0400
-4.9289 2.9924 -0.0400
-4.9224 2.9223 -0.0400
-4.9375 2.8722 -0.0400
-4.9761 2.8414 -0.0400
-5.0180 2.8126 -0.0400
-5.0604 2.7834 -0.0400
-5.6655 2.7962 -0.0400
-5.7099 2.7547 -0.0400
-5.5476 -1.7100 -0.0400
-5.4656 -1.7234 -0.0400
-3.5582 0.0601 -0.0400
-3.5203 0.0753 -0.0400
-3.4918 0.0782 -0.0400
-3.4669 0.0763 -0.0400
-3.4427 0.0742 -0.0400
-3.4235 0.0640 -0.0400
-3.4061 0.0507 -0.0400
-3.3898 0.0350 -0.0400
-3.3752 0.0155 -0.0400
-3.3632 -0.0102 -0.0400
-3.8220 -4.1146 -0.0400
-3.7208 -4.0796 -0.0400
-3.6268 -4.0783 -0.0400
-3.0721 -2.7085 -0.0400
-3.0040 -2.6974 -0.0400
-2.3211 -1.1371 -0.0400
-2.2862 -1.1069 -0.0400
-2.2519 -1.0779 -0.0400
-2.2139 -1.0649 -0.0400
-2.1735 -1.0609 -0.0400
-2.1319 -1.0594 -0.0400
-2.0808 -1.0859 -0.0400
1.0915 -2.1007 -0.0400
1.1485 -2.0325 -0.0400
1.2064 -1.9650 -0.0400
1.2967 -1.9214 -0.0400
1.3609 -1.8571 -0.0400
1.9882 0.8391 -0.0400
2.0995 0.9183 -0.0400
2.1227 1.0038 -0.0400
2.3055 1.0883 -0.0400
3.0589 2.0120 -0.0400
2.5347 3.6902 -0.0400
0.5437 3.2800 -0.0400
-1.4455 2.0464 -0.0400
-1.4929 2.0486 -0.0400
-1.5183 2.0650 -0.0400
-1.6045 2.0358 -0.0400
-1.6382 2.0431 -0.0400
-1.6618 2.0575 -0.0400
-1.6791 2.0766 -0.0400
-1.6915 2.0999 -0.0400
-1.6953 2.1310 -0.0400
-1.6996 2.1626 -0.0400
-0.7280 3.9658 -0.0400
-0.8241 3.9367 -0.0400
-0.8669 3.9805 -0.0400
-3.1956 5.8071 -0.0400
-3.8147 4.6998 -0.0400
-3.8760 4.6787 -0.0400
-4.0316 4.7349 -0.0400
-4.0886 4.6973 -0.0400
-4.1552 4.6865 -0.0400
-5.2419 5.3893 -0.0400
-5.2841 5.2926 -0.0400
-5.3750 5.2789 -0.0400
-5.2690 4.6782 -0.0400
-5.3220 4.6229 -0.0400
-5.4513 4.6704 -0.0400
-4.8699 3.0051 -0.0400
-4.8809 2.9501 -0.0400
-4.9040 2.9068 -0.0400
-4.9456 2.8789 -0.0400
-4.9856 2.8490 -0.0400
-5.6323 2.8455 -0.0400
-5.6694 2.8004 -0.0400
-5.5788 -1.6288 -0.0400
-5.5147 -1.6610 -0.0400
-3.5552 0.0786 -0.0400
-3.5142 0.0989 -0.0400
-3.4905 0.0951 -0.0400
-3.4689 0.0886 -0.0400
-3.4489 0.0797 -0.0400
-3.4302 0.0688 -0.0400
-3.4163 0.0492 -0.0400
-3.4023 0.0291 -0.0400
-3.3911 0.0025 -0.0400
-3.3856 -0.0373 -0.0400
-3.0874 -2.6930 -0.0400
-3.0211 -2.7128 -0.0400
-3.0184 -4.6464 -0.0400
-2.3272 -1.1707 -0.0400
-2.2994 -1.1075 -0.0400
-2.2630 -1.0866 -0.0400
-2.2260 -1.0691 -0.0400
-2.1864 -1.0616 -0.0400
-2.1412 -1.0721 -0.0400
-2.0955 -1.0813 -0.0400
-0.9940 -3.8471 -0.0400
1.1368 -2.0386 -0.0400
1.2021 -1.9767 -0.0400
1.2872 -1.9291 -0.0400
1.9942 0.7486 -0.0400
1.9926 0.8335 -0.0400
2.1084 0.9127 -0.0400
2.1154 0.9989 -0.0400
2.2965 1.0833 -0.0400
3.0561 2.0067 -0.0400
2.5293 3.6853 -0.0400
0.5440 3.2823 -0.0400
-1.4691 2.0374 -0.0400
-1.5044 2.0476 -0.0400
-1.5879 2.0225 -0.0400
-1.6233 2.0295 -0.0400
-1.6481 2.0433 -0.0400
-1.6661 2.0621 -0.0400
-1.6816 2.0829 -0.0400
-1.6912 2.1087 -0.0400
-1.6901 2.1444 -0.0400
-1.6899 2.1805 -0.0400
-0.7748 3.9105 -0.0400
-0.8280 3.9396 -0.0400
-0.8653 3.9914 -0.0400
-3.1150 5.7811 -0.0400
-3.7692 4.7665 -0.0400
-3.8184 4.6991 -0.0400
-3.8889 4.7092 -0.0400
-4.0322 4.7267 -0.0400
-4.0913 4.6954 -0.0400
-4.1660 4.7064 -0.0400
-5.2407 5.3866 -0.0400
-5.2830 5.2903 -0.0400
-5.2622 4.6675 -0.0400
-5.3218 4.6219 -0.0400
-5.4543 4.6742 -0.0400
-4.8523 2.9879 -0.0400
-4.8729 2.9422 -0.0400
-4.9017 2.9041 -0.0400
-4.9522 2.8838 -0.0400
-4.9885 2.8511 -0.0400
-5.6492 2.9264 -0.0400
-5.6303 2.8465 -0.0400
-5.6110 -1.6397 -0.0400
-5.5269 -1.6518 -0.0400
-5.5085 -1.7319 -0.0400
-3.5576 0.0961 -0.0400
-3.5285 0.0991 -0.0400
-3.5035 0.0972 -0.0400
-3.4809 0.0922 -0.0400
-3.4590 0.0864 -0.0400
-3.4409 0.0746 -0.0400
-3.4241 0.0603 -0.0400
-3.4086 0.0435 -0.0400
-3.3947 0.0227 -0.0400
-3.4002 -0.0388 -0.0400
-3.1051 -2.7109 -0.0400
-3.0366 -2.6962 -0.0400
-2.3390 -1.1799 -0.0400
-2.3121 -1.1114 -0.0400
-2.2757 -1.0900 -0.0400
-2.2382 -1.0740 -0.0400
-2.1983 -1.0671 -0.0400
-2.1567 -1.0656 -0.0400
-2.1038 -1.0973 -0.0400
-2.0466 -1.1364 -0.0400
-1.0107 -3.8513 -0.0400
2.1191 0.8194 -0.0400
2.1054 0.9070 -0.0400
2.2884 0.9880 -0.0400
3.0874 2.0059 -0.0400
2.5272 3.6815 -0.0400
-1.4284 2.0354 -0.0400
-1.4786 2.0372 -0.0400
-1.5412 2.0288 -0.0400
-1.5961 2.0235 -0.0400
-1.6325 2.0298 -0.0400
-1.6534 2.0467 -0.0400
-1.6695 2.0671 -0.0400
-1.6806 2.0916 -0.0400
-1.6847 2.1224 -0.0400
-1.6908 2.1522 -0.0400
-0.6897 3.9293 -0.0400
-0.7717 3.9222 -0.0400
-0.8283 3.9470 -0.0400
-0.8513 4.0200 -0.0400
-3.1183 5.7808 -0.0400
-3.7618 4.7220 -0.0400
-3.8212 4.6942 -0.0400
-3.9854 4.7860 -0.0400
-4.0360 4.7267 -0.0400
-4.0980 4.7037 -0.0400
-4.1729 4.7154 -0.0400
-5.2353 5.3756 -0.0400
-5.2834 5.2895 -0.0400
-5.2475 4.7788 -0.0400
-5.2561 4.6568 -0.0400
-5.3311 4.6334 -0.0400
-4.8513 2.9852 -0.0400
-4.8697 2.9377 -0.0400
-4.9043 2.9049 -0.0400
-4.9547 2.8847 -0.0400
-4.9991 2.8586 -0.0400
-5.6212 2.9101 -0.0400
-5.6368 2.8520 -0.0400
-5.5350 -1.6388 -0.0400
-3.5729 0.0947 -0.0400
-3.5421 0.1000 -0.0400
-3.5161 0.0995 -0.0400
-3.4895 0.1008 -0.0400
-3.4695 0.0922 -0.0400
-3.4506 0.0818 -0.0400
-3.4329 0.0694 -0.0400
-3.4203 0.0473 -0.0400
-3.4073 0.0250 -0.0400
-3.3971 -0.0044 -0.0400
-2.3586 -1.1529 -0.0400
-2.3243 -1.1184 -0.0400
-2.2881 -1.0952 -0.0400
-2.2508 -1.0782 -0.0400
-2.2109 -1.0712 -0.0400
-2.1689 -1.0704 -0.0400
-2.1243 -1.0767 -0.0400
-2.0473 -1.1748 -0.0400
-1.0276 -3.8559 -0.0400
1.9863 0.7366 -0.0400
2.0089 0.8202 -0.0400
2.1055 0.9006 -0.0400
2.1415 0.9862 -0.0400
3.0747 1.8926 -0.0400
3.0856 1.9997 -0.0400
2.5414 3.6850 -0.0400
-1.4448 2.0304 -0.0400
-1.4892 2.0359 -0.0400
-1.5747 2.0120 -0.0400
-1.6119 2.0186 -0.0400
-1.6372 2.0328 -0.0400
-1.6573 2.0505 -0.0400
-1.6720 2.0722 -0.0400
-1.6786 2.1005 -0.0400
-1.6789 2.1349 -0.0400
-0.7247 3.8908 -0.0400
-0.7861 3.9099 -0.0400
-0.8183 3.9684 -0.0400
-3.1220 5.7829 -0.0400
-3.7119 4.7725 -0.0400
-3.7635 4.7116 -0.0400
-3.8271 4.6996 -0.0400
-3.9799 4.7556 -0.0400
-4.0369 4.7173 -0.0400
-4.1122 4.7326 -0.0400
-5.2158 5.3388 -0.0400
-5.2177 4.7313 -0.0400
-5.2580 4.6572 -0.0400
-5.3344 4.6359 -0.0400
-4.8560 3.0527 -0.0400
-4.8461 2.9779 -0.0400
-4.8701 2.9358 -0.0400
-4.9057 2.9040 -0.0400
-4.9545 2.8828 -0.0400
-5.6042 2.9001 -0.0400
-5.6460 2.8586 -0.0400
-3.5541 0.1030 -0.0400
-3.5277 0.1030 -0.0400
-3.5003 0.1055 -0.0400
-3.4798 0.0978 -0.0400
-3.4606 0.0882 -0.0400
-3.4441 0.0738 -0.0400
-3.4281 0.0581 -0.0400
-3.4134 0.0394 -0.0400
-3.4009 0.0153 -0.0400
-2.3689 -1.1705 -0.0400
-2.3357 -1.1296 -0.0400
-2.3003 -1.1026 -0.0400
-2.2641 -1.0810 -0.0400
-2.2241 -1.0738 -0.0400
-2.1823 -1.0724 -0.0400
-2.1377 -1.0786 -0.0400
-2.0593 -1.1812 -0.0400
-1.0443 -3.8616 -0.0400
2.0049 0.6420 -0.0400
1.9852 0.7295 -0.0400
2.1114 0.8061 -0.0400
2.1143 0.8932 -0.0400
2.2988 0.9741 -0.0400
3.0819 1.8868 -0.0400
3.0766 1.9918 -0.0400
2.6164 3.6004 -0.0400
2.5422 3.6815 -0.0400
-1.4026 2.0266 -0.0400
-1.4671 2.0212 -0.0400
-1.4937 2.0380 -0.0400
-1.5851 2.0105 -0.0400
-1.6186 2.0197 -0.0400
-1.6419 2.0355 -0.0400
-1.6589 2.0556 -0.0400
-1.6708 2.0797 -0.0400
-1.6773 2.1084 -0.0400
-1.6748 2.1454 -0.0400
-0.6201 3.9300 -0.0400
-0.7325 3.8870 -0.0400
-0.7884 3.9134 -0.0400
-0.8214 3.9710 -0.0400
-3.0447 5.7944 -0.0400
-3.1272 5.8118 -0.0400
-3.7114 4.7511 -0.0400
-3.7675 4.7087 -0.0400
-3.8343 4.7090 -0.0400
-3.9290 4.8022 -0.0400
-3.9804 4.7434 -0.0400
-4.0410 4.7166 -0.0400
-4.1097 4.7134 -0.0400
-5.1837 5.4532 -0.0400
-5.2132 5.3311 -0.0400
-5.2027 4.7053 -0.0400
-5.2675 4.6678 -0.0400
-5.3504 4.6556 -0.0400
-4.8276 3.0224 -0.0400
-4.8403 2.9694 -0.0400
-4.8717 2.9342 -0.0400
-4.9115 2.9063 -0.0400
-4.9579 2.8832 -0.0400
-5.5824 2.9541 -0.0400
-5.5944 2.8939 -0.0400
-5.6305 2.8493 -0.0400
-3.5761 0.0908 -0.0400
-3.5377 0.1085 -0.0400
-3.5141 0.1050 -0.0400
-3.4899 0.1033 -0.0400
-3.4705 0.0941 -0.0400
-3.4531 0.0815 -0.0400
-3.4367 0.0668 -0.0400
-3.4212 0.0501 -0.0400
-3.4157 0.0124 -0.0400
-3.4105 -0.0286 -0.0400
-3.8884 -4.0637 -0.0400
-3.7914 -4.0501 -0.0400
-2.3766 -1.2022 -0.0400
-2.3516 -1.1222 -0.0400
-2.3150 -1.1003 -0.0400
-2.2771 -1.0852 -0.0400
-2.2377 -1.0760 -0.0400
-2.1964 -1.0728 -0.0400
-2.1434 -1.1049 -0.0400
-2.0839 -1.1512 -0.0400
-1.0606 -3.8694 -0.0400
-1.1863 -1.4555 -0.0400
1.9843 0.7218 -0.0400
2.0308 0.8040 -0.0400
2.1560 0.8834 -0.0400
3.0817 1.8795 -0.0400
2.5806 3.5798 -0.0400
-1.4225 2.0186 -0.0400
-1.4762 2.0197 -0.0400
-1.5485 2.0069 -0.0400
-1.5985 2.0063 -0.0400
-1.6263 2.0195 -0.0400
-1.6445 2.0391 -0.0400
-1.6597 2.0608 -0.0400
-1.6693 2.0869 -0.0400
-1.6698 2.1208 -0.0400
-1.6443 2.1775 -0.0400
-0.6526 3.8949 -0.0400
-0.7430 3.8793 -0.0400
-0.7870 3.9215 -0.0400
-0.8107 3.9922 -0.0400
-3.7147 4.7445 -0.0400
-3.7721 4.7079 -0.0400
-3.9294 4.7879 -0.0400
-3.9834 4.7381 -0.0400
-4.0463 4.7188 -0.0400
-5.1567 5.3993 -0.0400
-5.2151 5.3307 -0.0400
-5.1745 4.7958 -0.0400
-5.2013 4.6991 -0.0400
-5.2678 4.6646 -0.0400
-4.8289 3.0863 -0.0400
-4.8200 3.0111 -0.0400
-4.8396 2.9649 -0.0400
-4.8731 2.9320 -0.0400
-4.9218 2.9118 -0.0400
-4.9702 2.8904 -0.0400
-5.5812 2.9527 -0.0400
-5.5969 2.8950 -0.0400
-5.6685 2.8724 -0.0400
-3.5813 0.1027 -0.0400
-3.5529 0.1055 -0.0400
-3.5231 0.1118 -0.0400
-3.5015 0.1059 -0.0400
-3.4801 0.1001 -0.0400
-3.4616 0.0898 -0.0400
-3.4458 0.0741 -0.0400
-3.4299 0.0584 -0.0400
-3.4221 0.0257 -0.0400
-3.4129 -0.0060 -0.0400
-3.9131 -4.0927 -0.0400
-3.8092 -4.0440 -0.0400
-3.7205 -4.0741 -0.0400
-2.3954 -1.1810 -0.0400
-2.3624 -1.1380 -0.0400
-2.3270 -1.1098 -0.0400
-2.2899 -1.0908 -0.0400
-2.2499 -1.0836 -0.0400
-2.2070 -1.0853 -0.0400
-2.1606 -1.0964 -0.0400
-2.1065 -1.1278 -0.0400
-1.0773 -3.8763 -0.0400
-1.1891 -1.4766 -0.0400
-1.1815 -1.3896 -0.0400
-1.1429 -1.3516 -0.0400
-1.0958 -1.3258 -0.0400
1.9890 0.6271 -0.0400
1.9907 0.7129 -0.0400
2.1073 0.7903 -0.0400
2.1241 0.8770 -0.0400
2.3128 0.9577 -0.0400
2.5933 3.5803 -0.0400
-1.4260 2.0199 -0.0400
-1.4803 2.0209 -0.0400
-1.5612 2.0027 -0.0400
-1.6043 2.0068 -0.0400
-1.6297 2.0218 -0.0400
-1.6465 2.0426 -0.0400
-1.6582 2.0671 -0.0400
-1.6616 2.0983 -0.0400
-1.6665 2.1291 -0.0400
-0.5872 3.8814 -0.0400
-0.6873 3.8568 -0.0400
-0.7485 3.8773 -0.0400
-0.7913 3.9213 -0.0400
-3.0517 5.7844 -0.0400
-3.7145 4.7221 -0.0400
-3.7838 4.7345 -0.0400
-3.9328 4.7832 -0.0400
-3.9877 4.7364 -0.0400
-4.0668 4.7667 -0.0400
-5.1438 5.3706 -0.0400
-5.2327 5.3577 -0.0400
-5.1688 4.7819 -0.0400
-5.2051 4.7002 -0.0400
-5.2775 4.6744 -0.0400
-4.8187 3.0714 -0.0400
-4.8110 2.9978 -0.0400
-4.8396 2.9605 -0.0400
-4.8795 2.9335 -0.0400
-4.9243 2.9101 -0.0400
-4.9787 2.8938 -0.0400
-5.5704 2.9442 -0.0400
-5.5995 2.8955 -0.0400
-3.5349 0.1134 -0.0400
-3.5101 0.1128 -0.0400
-3.4901 0.1049 -0.0400
-3.4710 0.0957 -0.0400
-3.4534 0.0838 -0.0400
-3.4393 0.0650 -0.0400
-3.4243 0.0472 -0.0400
-3.4198 0.0066 -0.0400
-3.9227 -4.0464 -0.0400
-3.8274 -4.0408 -0.0400
-3.1696 -2.6876 -0.0400
-3.1036 -2.7126 -0.0400
-2.3994 -1.2317 -0.0400
-2.3780 -1.1327 -0.0400
-2.3416 -1.1091 -0.0400
-2.3038 -1.0931 -0.0400
-2.2643 -1.0838 -0.0400
-2.2227 -1.0813 -0.0400
-2.1781 -1.0873 -0.0400
-1.1800 -3.9218 -0.0400
-1.0796 -3.9244 -0.0400
-1.2151 -1.4619 -0.0400
-1.1878 -1.4051 -0.0400
-1.1546 -1.3587 -0.0400
-1.1080 -1.3321 -0.0400
-1.0370 -1.3380 -0.0400
2.0366 0.6127 -0.0400
1.9829 0.7047 -0.0400
2.1040 0.7816 -0.0400
2.2891 0.8590 -0.0400
-1.4034 2.0014 -0.0400
-1.4491 2.0090 -0.0400
-1.5469 1.9826 -0.0400
-1.5805 1.9938 -0.0400
-1.6063 2.0093 -0.0400
-1.6316 2.0246 -0.0400
-1.6473 2.0463 -0.0400
-1.6567 2.0728 -0.0400
-1.6538 2.1092 -0.0400
-1.6515 2.1463 -0.0400
-0.5916 3.8799 -0.0400
-0.6991 3.8464 -0.0400
-0.7494 3.8808 -0.0400
-0.7611 3.9662 -0.0400
-2.9743 5.7870 -0.0400
-3.6639 4.7684 -0.0400
-3.7193 4.7209 -0.0400
-3.7874 4.7283 -0.0400
-3.9294 4.7544 -0.0400
-3.9935 4.7391 -0.0400
-4.0737 4.7728 -0.0400
-5.1082 5.4794 -0.0400
-5.1520 5.3808 -0.0400
-5.1184 4.8381 -0.0400
-5.1500 4.7466 -0.0400
-5.2081 4.6994 -0.0400
-4.8033 3.0507 -0.0400
-4.8135 2.9950 -0.0400
-4.8424 2.9582 -0.0400
-4.8839 2.9327 -0.0400
-4.9346 2.9145 -0.0400
-5.5615 2.9363 -0.0400
-5.6156 2.9042 -0.0400
-7.9946 -1.6127 -0.0400
-7.9547 -1.7068 -0.0400
-3.4800 0.1017 -0.0400
-3.4631 0.0889 -0.0400
-3.4464 0.0754 -0.0400
-3.4342 0.0523 -0.0400
-3.4206 0.0311 -0.0400
-3.4275 -0.0364 -0.0400
-4.0437 -4.0795 -0.0400
-3.9456 -4.0672 -0.0400
-3.8447 -4.0336 -0.0400
-3.7585 -4.0771 -0.0400
-3.1872 -2.7023 -0.0400
-3.1188 -2.6911 -0.0400
-2.3521 -1.1460 -0.0400
-2.3183 -1.1121 -0.0400
-2.2820 -1.0902 -0.0400
-2.2428 -1.0796 -0.0400
-2.2000 -1.0800 -0.0400
-2.1534 -1.0907 -0.0400
-2.0986 -1.1218 -0.0400
-1.0263 -3.8684 -0.0400
-1.1628 -1.3798 -0.0400
-1.1258 -1.3393 -0.0400
-1.0769 -1.3155 -0.0400
-1.0194 -1.3023 -0.0400
1.9807 0.6921 -0.0400
2.0129 0.7757 -0.0400
2.1035 0.8569 -0.0400
2.1419 0.9432 -0.0400
2.3396 1.0270 -0.0400
-1.4370 2.0191 -0.0400
-1.4757 2.0302 -0.0400
-1.5525 2.0157 -0.0400
-1.6080 2.0123 -0.0400
-1.6313 2.0293 -0.0400
-1.6510 2.0484 -0.0400
-1.6646 2.0720 -0.0400
-1.6758 2.0975 -0.0400
-1.6692 2.1377 -0.0400
-1.6536 2.1867 -0.0400
-0.6678 3.8897 -0.0400
-0.7519 3.8829 -0.0400
-0.8008 3.9192 -0.0400
-0.8165 4.0009 -0.0400
-3.0606 5.7928 -0.0400
-3.1434 5.8176 -0.0400
-3.7263 4.7208 -0.0400
-3.7921 4.7195 -0.0400
-3.9466 4.7905 -0.0400
-3.9992 4.7357 -0.0400
-4.0623 4.7173 -0.0400
-4.1411 4.7444 -0.0400
-5.1790 5.4236 -0.0400
-5.2382 5.3556 -0.0400
-5.2127 4.6987 -0.0400
-5.2815 4.6681 -0.0400
-4.8306 3.0699 -0.0400
-4.8243 2.9976 -0.0400
-4.8475 2.9554 -0.0400
-4.8805 2.9225 -0.0400
-4.9290 2.9030 -0.0400
-4.9716 2.8774 -0.0400
-5.5904 2.9524 -0.0400
-5.5944 2.8875 -0.0400
-5.6536 2.8582 -0.0400
-7.9542 -1.6868 -0.0400
-7.9341 -1.7925 -0.0400
-7.3079 -1.7472 -0.0400
-7.2699 -1.8329 -0.0400
-3.4258 0.0539 -0.0400
-3.4164 0.0235 -0.0400
-3.4049 -0.0041 -0.0400
-3.9784 -4.1065 -0.0400
-3.8812 -4.0968 -0.0400
-3.7791 -4.0528 -0.0400
-3.1406 -2.6898 -0.0400
-3.0741 -2.7080 -0.0400
-2.2917 -1.0903 -0.0400
-2.2508 -1.0858 -0.0400
-2.2069 -1.0896 -0.0400
-2.1350 -1.1755 -0.0400
-1.2148 -1.4159 -0.0400
-1.1764 -1.3768 -0.0400
-1.1319 -1.3470 -0.0400
-1.0625 -1.3508 -0.0400
1.9797 0.5989 -0.0400
1.9933 0.6841 -0.0400
2.1161 0.7612 -0.0400
2.3023 0.8386 -0.0400
-1.3678 1.9896 -0.0400
-1.4272 1.9912 -0.0400
-1.4621 2.0052 -0.0400
-1.5485 1.9863 -0.0400
-1.5948 1.9899 -0.0400
-1.6154 2.0090 -0.0400
-1.6328 2.0300 -0.0400
-1.6419 2.0570 -0.0400
-1.6493 2.0856 -0.0400
-1.6136 2.1480 -0.0400
-0.6335 3.8360 -0.0400
-0.7053 3.8456 -0.0400
-0.7408 3.8990 -0.0400
-2.9003 5.8125 -0.0400
-2.9817 5.7967 -0.0400
-3.6678 4.7377 -0.0400
-3.7311 4.7264 -0.0400
-3.8770 4.7742 -0.0400
-3.9391 4.7523 -0.0400
-4.0130 4.7696 -0.0400
-5.0774 5.4066 -0.0400
-5.0933 4.7834 -0.0400
-5.1528 4.7384 -0.0400
-5.2336 4.7267 -0.0400
-4.7784 3.0799 -0.0400
-4.7864 3.0213 -0.0400
-4.8163 2.9856 -0.0400
-4.8585 2.9615 -0.0400
-4.9036 2.9393 -0.0400
-4.9950 2.9566 -0.0400
-5.5337 2.9798 -0.0400
-5.5654 2.9335 -0.0400
-8.0055 -1.5901 -0.0400
-7.9903 -1.6976 -0.0400
-7.4604 -1.6146 -0.0400
-7.3592 -1.6609 -0.0400
-7.3378 -1.7570 -0.0400
-4.0809 -4.0798 -0.0400
-3.9702 -4.0068 -0.0400
-3.8799 -4.0248 -0.0400
-3.2192 -2.6933 -0.0400
-3.1513 -2.6888 -0.0400
-2.1670 -1.1248 -0.0400
-1.1418 -3.9161 -0.0400
-1.2527 -1.4839 -0.0400
-1.2254 -1.4264 -0.0400
-1.1879 -1.3857 -0.0400
-1.1435 -1.3556 -0.0400
-1.0715 -1.3629 -0.0400
1.9805 0.5880 -0.0400
2.0985 0.6634 -0.0400
2.1059 0.7513 -0.0400
2.2921 0.8285 -0.0400
-1.3697 1.9891 -0.0400
-1.4291 1.9909 -0.0400
-1.4634 2.0054 -0.0400
-1.5724 1.9731 -0.0400
-1.5971 1.9901 -0.0400
-1.6166 2.0102 -0.0400
-1.6324 2.0325 -0.0400
-1.6378 2.0623 -0.0400
-1.6413 2.0942 -0.0400
-1.6330 2.1358 -0.0400
-0.5519 3.8371 -0.0400
-0.6528 3.8151 -0.0400
-0.7054 3.8478 -0.0400
-0.7345 3.9096 -0.0400
-2.9851 5.7906 -0.0400
-3.6110 4.7554 -0.0400
-3.6724 4.7344 -0.0400
-3.8832 4.7780 -0.0400
-3.9435 4.7495 -0.0400
-4.0145 4.7574 -0.0400
-5.0312 5.4958 -0.0400
-5.0803 5.4055 -0.0400
-5.0609 4.8685 -0.0400
-5.0943 4.7778 -0.0400
-5.1576 4.7392 -0.0400
-5.2554 4.7538 -0.0400
-4.7753 3.1382 -0.0400
-4.7749 3.0690 -0.0400
-4.7883 3.0162 -0.0400
-4.8208 2.9832 -0.0400
-4.8698 2.9655 -0.0400
-4.9180 2.9461 -0.0400
-4.9944 2.9502 -0.0400
-5.5350 2.9770 -0.0400
-5.5688 2.9324 -0.0400
-8.0200 -1.5846 -0.0400
-7.4790 -1.6123 -0.0400
-7.3657 -1.6512 -0.0400
-4.0949 -4.0607 -0.0400
-3.9866 -3.9987 -0.0400
-3.8971 -4.0200 -0.0400
-3.2341 -2.6794 -0.0400
-3.1691 -2.7135 -0.0400
-1.2546 -1.5088 -0.0400
-1.2336 -1.4408 -0.0400
-1.1988 -1.3959 -0.0400
-1.1488 -1.3735 -0.0400
-1.0863 -1.3675 -0.0400
0.9080 -2.2725 -0.0400
0.9908 -2.2252 -0.0400
1.0621 -2.1669 -0.0400
1.9784 0.5768 -0.0400
2.0962 0.6523 -0.0400
2.1028 0.7404 -0.0400
2.2890 0.8174 -0.0400
-1.3498 1.9998 -0.0400
-1.4467 1.9811 -0.0400
-1.5378 1.9619 -0.0400
-1.5723 1.9740 -0.0400
-1.5971 1.9912 -0.0400
-1.6166 2.0115 -0.0400
-1.6272 2.0376 -0.0400
-1.6343 2.0666 -0.0400
-1.6343 2.1013 -0.0400
-1.5129 2.2304 -0.0400
-0.5608 3.8279 -0.0400
-0.6563 3.8123 -0.0400
-0.7037 3.8514 -0.0400
-3.6178 4.7634 -0.0400
-3.6770 4.7310 -0.0400
-3.8264 4.8015 -0.0400
-3.8850 4.7650 -0.0400
-3.9530 4.7643 -0.0400
-5.0378 5.5021 -0.0400
-5.0842 5.4058 -0.0400
-5.0633 4.8648 -0.0400
-5.0972 4.7750 -0.0400
-5.1631 4.7407 -0.0400
-4.7462 3.0989 -0.0400
-4.7647 3.0506 -0.0400
-4.7918 3.0122 -0.0400
-4.8331 2.9878 -0.0400
-4.8737 2.9623 -0.0400
-4.9333 2.9533 -0.0400
-5.5150 3.0273 -0.0400
-5.5345 2.9725 -0.0400
-5.5812 2.9368 -0.0400
-8.0205 -1.5722 -0.0400
-7.3979 -1.6583 -0.0400
-4.1084 -4.0414 -0.0400
-4.0087 -4.0190 -0.0400
-3.9156 -4.0232 -0.0400
-3.3207 -2.7111 -0.0400
-3.2499 -2.6776 -0.0400
-3.1840 -2.6979 -0.0400
-2.4582 -1.2306 -0.0400
-1.2783 -1.5947 -0.0400
-1.2937 -1.4655 -0.0400
-1.2527 -1.4299 -0.0400
-1.2035 -1.4066 -0.0400
-1.1443 -1.3970 -0.0400
-1.0543 -1.4278 -0.0400
0.8449 -2.3521 -0.0400
0.9236 -2.3016 -0.0400
0.9956 -2.2442 -0.0400
1.0928 -2.2069 -0.0400
1.9783 0.4816 -0.0400
2.0835 0.5568 -0.0400
2.1007 0.6440 -0.0400
-1.3831 1.9464 -0.0400
-1.4245 1.9588 -0.0400
-1.5154 1.9420 -0.0400
-1.5524 1.9533 -0.0400
-1.5829 1.9676 -0.0400
-1.5972 1.9915 -0.0400
-1.6077 2.0179 -0.0400
-1.6133 2.0478 -0.0400
-1.6105 2.0844 -0.0400
-0.5095 3.7911 -0.0400
-0.6076 3.7750 -0.0400
-0.6522 3.8176 -0.0400
-2.8277 5.7942 -0.0400
-3.4956 4.7962 -0.0400
-3.5542 4.7542 -0.0400
-3.6220 4.7673 -0.0400
-3.7677 4.8261 -0.0400
-3.8250 4.7818 -0.0400
-4.8940 5.5908 -0.0400
-4.9376 5.4819 -0.0400
-5.0221 5.4646 -0.0400
-5.0102 4.9187 -0.0400
-5.0375 4.8142 -0.0400
-5.1484 4.8558 -0.0400
-4.7230 3.1374 -0.0400
-4.7279 3.0736 -0.0400
-4.7609 3.0413 -0.0400
-4.8100 3.0253 -0.0400
-4.8502 2.9995 -0.0400
-4.9062 2.9880 -0.0400
-5.4690 3.0594 -0.0400
-5.5011 3.0140 -0.0400
-8.0606 -1.4715 -0.0400
-7.4756 -1.4822 -0.0400
-7.4332 -1.5637 -0.0400
-5.7658 -1.4121 -0.0400
-5.7079 -1.4492 -0.0400
-5.6801 -1.5147 -0.0400
-4.2110 -4.0209 -0.0400
-4.1033 -3.9674 -0.0400
-4.0129 -3.9826 -0.0400
-3.3977 -2.6968 -0.0400
-3.3268 -2.6681 -0.0400
-3.2612 -2.6869 -0.0400
-2.4797 -1.1710 -0.0400
-2.4440 -1.1410 -0.0400
-2.4066 -1.1218 -0.0400
-1.2820 -1.5220 -0.0400
-1.2599 -1.4556 -0.0400
-1.2240 -1.4121 -0.0400
-1.1790 -1.3825 -0.0400
-1.0969 -1.4036 -0.0400
0.8889 -2.3014 -0.0400
0.9766 -2.2580 -0.0400
1.0779 -2.2242 -0.0400
1.1282 -2.1469 -0.0400
-1.4201 1.9596 -0.0400
-1.5064 1.9459 -0.0400
-1.5498 1.9541 -0.0400
-1.5780 1.9701 -0.0400
-1.5988 1.9903 -0.0400
-1.6146 2.0134 -0.0400
-1.6258 2.0397 -0.0400
-1.6130 2.0832 -0.0400
-0.4919 3.8092 -0.0400
-0.5844 3.8007 -0.0400
-0.6540 3.8153 -0.0400
-0.6844 3.8756 -0.0400
-2.8318 5.7869 -0.0400
-2.9131 5.8187 -0.0400
-3.5672 4.7914 -0.0400
-3.6239 4.7413 -0.0400
-3.7760 4.8329 -0.0400
-3.8317 4.7813 -0.0400
-3.8958 4.7664 -0.0400
-3.9735 4.8006 -0.0400
-5.0250 5.4599 -0.0400
-5.0435 4.8135 -0.0400
-5.1051 4.7721 -0.0400
-5.2126 4.8056 -0.0400
-4.7684 3.1766 -0.0400
-4.7372 3.0720 -0.0400
-4.7669 3.0363 -0.0400
-4.8041 3.0084 -0.0400
-4.8488 2.9875 -0.0400
-4.9049 2.9767 -0.0400
-5.5051 3.0101 -0.0400
-5.5435 2.9693 -0.0400
-8.0819 -1.4674 -0.0400
-8.0552 -1.5672 -0.0400
-7.4572 -1.5628 -0.0400
-5.7288 -1.4507 -0.0400
-5.6739 -1.4900 -0.0400
-5.6564 -1.5661 -0.0400
-4.0363 -3.9844 -0.0400
-3.9495 -4.0173 -0.0400
-3.2806 -2.6722 -0.0400
-3.2152 -2.6952 -0.0400
-2.4780 -1.2772 -0.0400
-2.4528 -1.1896 -0.0400
-2.4195 -1.1495 -0.0400
-2.3839 -1.1230 -0.0400
-2.3464 -1.1054 -0.0400
-2.3051 -1.1024 -0.0400
-2.2607 -1.1083 -0.0400
-1.3186 -1.4829 -0.0400
-1.2775 -1.4470 -0.0400
-1.2275 -1.4249 -0.0400
-1.1657 -1.4190 -0.0400
0.8239 -2.3800 -0.0400
0.9069 -2.3331 -0.0400
0.9743 -2.2714 -0.0400
1.0783 -2.2397 -0.0400
-1.3213 1.9390 -0.0400
-1.3929 1.9380 -0.0400
-1.4590 1.9374 -0.0400
-1.5248 1.9346 -0.0400
-1.5638 1.9450 -0.0400
-1.5808 1.9677 -0.0400
-1.5920 1.9940 -0.0400
-1.5986 2.0235 -0.0400
-1.5966 2.0593 -0.0400
-1.4632 2.1892 -0.0400
-0.4601 3.7492 -0.0400
-0.5486 3.7466 -0.0400
-0.6054 3.7763 -0.0400
-2.7509 5.8137 -0.0400
-3.5005 4.7628 -0.0400
-3.5666 4.7681 -0.0400
-3.7156 4.8531 -0.0400
-3.7714 4.7974 -0.0400
-3.8436 4.8166 -0.0400
-4.8865 5.5567 -0.0400
-4.9417 5.4741 -0.0400
-4.9779 4.8421 -0.0400
-5.0648 4.8454 -0.0400
-4.6802 3.1409 -0.0400
-4.7036 3.0975 -0.0400
-4.7362 3.0649 -0.0400
-4.7775 3.0415 -0.0400
-4.8292 3.0282 -0.0400
-5.4509 3.1047 -0.0400
-5.4721 3.0509 -0.0400
-7.4770 -1.4611 -0.0400
-7.4676 -1.5617 -0.0400
-5.7767 -1.3963 -0.0400
-5.7207 -1.4348 -0.0400
-3.3575 -2.6678 -0.0400
-3.2938 -2.7070 -0.0400
-2.5057 -1.1846 -0.0400
-2.4705 -1.1516 -0.0400
-2.4335 -1.1305 -0.0400
-2.3952 -1.1164 -0.0400
-2.3552 -1.1089 -0.0400
-2.3131 -1.1087 -0.0400
-2.2551 -1.1587 -0.0400
-1.3236 -1.5038 -0.0400
-1.2886 -1.4579 -0.0400
-1.2443 -1.4273 -0.0400
-1.1629 -1.4495 -0.0400
0.7747 -2.4827 -0.0400
0.8130 -2.3940 -0.0400
0.8960 -2.3472 -0.0400
0.9669 -2.2883 -0.0400
1.0834 -2.2670 -0.0400
-1.3591 1.9175 -0.0400
-1.4037 1.9298 -0.0400
-1.4970 1.9146 -0.0400
-1.5349 1.9269 -0.0400
-1.5601 1.9454 -0.0400
-1.5791 1.9672 -0.0400
-1.5921 1.9926 -0.0400
-1.5854 2.0310 -0.0400
-1.5634 2.0809 -0.0400
-0.4634 3.7434 -0.0400
-0.5512 3.7417 -0.0400
-0.6027 3.7776 -0.0400
-2.7547 5.7821 -0.0400
-3.4445 4.7944 -0.0400
-3.5051 4.7616 -0.0400
-3.5719 4.7712 -0.0400
-3.7116 4.8097 -0.0400
-3.7754 4.7933 -0.0400
-3.8473 4.8116 -0.0400
-4.8684 5.5063 -0.0400
-4.9306 4.9020 -0.0400
-4.9816 4.8399 -0.0400
-5.0586 4.8257 -0.0400
-4.6758 3.1984 -0.0400
-4.6830 3.1344 -0.0400
-4.7075 3.0924 -0.0400
-4.7413 3.0611 -0.0400
-4.7916 3.0474 -0.0400
-4.8408 3.0313 -0.0400
-5.4423 3.0917 -0.0400
-5.4793 3.0504 -0.0400
-8.1194 -1.3574 -0.0400
-7.4891 -1.4581 -0.0400
-5.7898 -1.3963 -0.0400
-5.7495 -1.4492 -0.0400
-3.3715 -2.6587 -0.0400
-3.3067 -2.6818 -0.0400
-2.5428 -1.2924 -0.0400
-2.5160 -1.2049 -0.0400
-2.4818 -1.1657 -0.0400
-2.4458 -1.1392 -0.0400
-2.4088 -1.1197 -0.0400
-2.3681 -1.1152 -0.0400
-2.3249 -1.1184 -0.0400
-2.2778 -1.1328 -0.0400
-2.2209 -1.1744 -0.0400
-1.1954 -1.4298 -0.0400
-1.0979 -1.4717 -0.0400
0.8007 -2.4071 -0.0400
0.8884 -2.3644 -0.0400
0.9852 -2.3279 -0.0400
1.0745 -2.2830 -0.0400
-1.3361 1.9253 -0.0400
-1.3924 1.9324 -0.0400
-1.5107 1.9044 -0.0400
-1.5401 1.9213 -0.0400
-1.5612 1.9423 -0.0400
-1.5764 1.9665 -0.0400
-1.5864 1.9941 -0.0400
-1.5902 2.0259 -0.0400
-1.5805 2.0675 -0.0400
-0.4606 3.7431 -0.0400
-0.5496 3.7406 -0.0400
-0.5764 3.8044 -0.0400
-2.6732 5.8095 -0.0400
-3.4471 4.7800 -0.0400
-3.5096 4.7616 -0.0400
-3.5787 4.7847 -0.0400
-3.6569 4.8510 -0.0400
-3.7156 4.8063 -0.0400
-3.7800 4.7928 -0.0400
-3.8523 4.8124 -0.0400
-4.8285 5.6198 -0.0400
-4.8739 5.5103 -0.0400
-4.9588 5.4950 -0.0400
-4.8796 4.9572 -0.0400
-4.9202 4.8726 -0.0400
-4.9919 4.8496 -0.0400
-4.6812 3.1947 -0.0400
-4.6877 3.1299 -0.0400
-4.7123 3.0879 -0.0400
-4.7579 3.0697 -0.0400
-4.7973 3.0442 -0.0400
-4.8512 3.0330 -0.0400
-5.4186 3.1372 -0.0400
-5.4441 3.0867 -0.0400
-5.4966 3.0573 -0.0400
-8.1260 -1.3515 -0.0400
-7.4822 -1.4448 -0.0400
-5.7760 -1.3731 -0.0400
-5.7432 -1.4321 -0.0400
-3.6869 0.1153 -0.0400
-3.6407 0.1449 -0.0400
-2.5259 -1.2261 -0.0400
-2.4977 -1.1569 -0.0400
-2.4606 -1.1366 -0.0400
-2.4223 -1.1226 -0.0400
-2.3827 -1.1144 -0.0400
-2.3411 -1.1126 -0.0400
-2.2865 -1.1526 -0.0400
0.8792 -2.3887 -0.0400
0.9339 -2.3153 -0.0400
1.0336 -2.2801 -0.0400
1.1045 -2.2190 -0.0400
-1.3766 1.9351 -0.0400
-1.4186 1.9486 -0.0400
-1.5135 1.9315 -0.0400
-1.5492 1.9449 -0.0400
-1.5739 1.9640 -0.0400
-1.5895 1.9883 -0.0400
-1.5965 2.0182 -0.0400
-1.5941 2.0549 -0.0400
-1.4496 2.1922 -0.0400
-0.5463 3.7392 -0.0400
-0.5988 3.7746 -0.0400
-0.6236 3.8416 -0.0400
-2.7591 5.7838 -0.0400
-3.5150 4.7592 -0.0400
-3.5799 4.7562 -0.0400
-3.7244 4.8208 -0.0400
-3.7848 4.7871 -0.0400
-3.8503 4.7782 -0.0400
-4.8820 5.5177 -0.0400
-4.9559 5.4774 -0.0400
-4.9927 4.8392 -0.0400
-5.0575 4.8032 -0.0400
-4.6934 3.1958 -0.0400
-4.6957 3.1258 -0.0400
-4.7195 3.0828 -0.0400
-4.7534 3.0519 -0.0400
-4.7988 3.0331 -0.0400
-4.8377 3.0068 -0.0400
-5.4535 3.0851 -0.0400
-5.4859 3.0403 -0.0400
-8.0792 -1.4286 -0.0400
-7.4967 -1.4418 -0.0400
-7.4617 -1.5264 -0.0400
-5.7459 -1.4208 -0.0400
-3.6321 0.1355 -0.0400
-3.5965 0.1534 -0.0400
-3.5749 0.1505 -0.0400
-3.5549 0.1458 -0.0400
-2.5089 -1.1920 -0.0400
-2.4743 -1.1584 -0.0400
-2.4379 -1.1354 -0.0400
-2.4004 -1.1188 -0.0400
-2.3600 -1.1131 -0.0400
-2.3172 -1.1151 -0.0400
-2.2706 -1.1270 -0.0400
-2.2160 -1.1599 -0.0400
0.7946 -2.4596 -0.0400
0.8396 -2.3774 -0.0400
0.9199 -2.3273 -0.0400
1.0266 -2.2981 -0.0400
-1.3565 1.9405 -0.0400
-1.4795 1.9117 -0.0400
-1.5248 1.9210 -0.0400
-1.5536 1.9384 -0.0400
-1.5741 1.9601 -0.0400
-1.5888 1.9851 -0.0400
-1.5984 2.0134 -0.0400
-1.6013 2.0467 -0.0400
-0.4375 3.7565 -0.0400
-0.5374 3.7440 -0.0400
-0.5963 3.7729 -0.0400
-0.6275 3.8327 -0.0400
-2.7604 5.7856 -0.0400
-3.4608 4.8137 -0.0400
-3.5191 4.7596 -0.0400
-3.5887 4.7855 -0.0400
-3.7255 4.8053 -0.0400
-3.7887 4.7853 -0.0400
-4.8889 5.5255 -0.0400
-4.9566 5.4709 -0.0400
-4.9337 4.8771 -0.0400
-4.9944 4.8333 -0.0400
-5.0841 4.8422 -0.0400
-4.7088 3.2042 -0.0400
-4.7028 3.1237 -0.0400
-4.7241 3.0779 -0.0400
-4.7685 3.0585 -0.0400
-4.8086 3.0339 -0.0400
-4.8630 3.0233 -0.0400
-5.4553 3.0794 -0.0400
-5.4915 3.0377 -0.0400
-8.1296 -1.3348 -0.0400
-8.1184 -1.4403 -0.0400
-7.5183 -1.4462 -0.0400
-7.4478 -1.5102 -0.0400
-5.8098 -1.3806 -0.0400
-5.7440 -1.4095 -0.0400
-5.7289 -1.4851 -0.0400
-3.6260 0.1549 -0.0400
-3.6015 0.1562 -0.0400
-3.5798 0.1539 -0.0400
-3.5597 0.1495 -0.0400
-3.5400 0.1449 -0.0400
-3.5232 0.1353 -0.0400
-3.5070 0.1246 -0.0400
-2.5214 -1.1976 -0.0400
-2.4867 -1.1641 -0.0400
-2.4506 -1.1402 -0.0400
-2.4139 -1.1207 -0.0400
-2.3739 -1.1139 -0.0400
-2.3321 -1.1129 -0.0400
-2.2873 -1.1197 -0.0400
-1.3395 -1.5754 -0.0400
0.7960 -2.4779 -0.0400
0.8597 -2.4123 -0.0400
0.9516 -2.3714 -0.0400
-1.2888 1.8971 -0.0400
-1.3638 1.8975 -0.0400
-1.4001 1.9148 -0.0400
-1.4969 1.8991 -0.0400
-1.5288 1.9156 -0.0400
-1.5549 1.9346 -0.0400
-1.5656 1.9622 -0.0400
-1.5711 1.9933 -0.0400
-1.5662 2.0316 -0.0400
-0.4262 3.6728 -0.0400
-0.4987 3.6894 -0.0400
-0.5362 3.7416 -0.0400
-2.5966 5.7838 -0.0400
-2.6778 5.8017 -0.0400
-3.3935 4.7772 -0.0400
-3.4577 4.7692 -0.0400
-3.6058 4.8764 -0.0400
-3.6620 4.8106 -0.0400
-3.7283 4.8059 -0.0400
-3.8009 4.8295 -0.0400
-4.8128 5.5563 -0.0400
-4.8719 4.9133 -0.0400
-4.9310 4.8658 -0.0400
-4.6368 3.1822 -0.0400
-4.6592 3.1364 -0.0400
-4.6923 3.1044 -0.0400
-4.7356 3.0843 -0.0400
-4.7769 3.0612 -0.0400
-5.4247 3.1208 -0.0400
-8.1811 -1.2445 -0.0400
-8.1318 -1.3312 -0.0400
-7.5316 -1.3455 -0.0400
-7.5287 -1.4473 -0.0400
-5.7953 -1.3622 -0.0400
-3.6784 0.1559 -0.0400
-3.6457 0.1675 -0.0400
-3.6201 0.1701 -0.0400
-3.5980 0.1684 -0.0400
-3.5755 0.1680 -0.0400
-3.5579 0.1600 -0.0400
-3.5414 0.1502 -0.0400
-3.5255 0.1394 -0.0400
-3.5137 0.1205 -0.0400
-3.5004 0.1038 -0.0400
-3.4888 0.0829 -0.0400
-2.5641 -1.2406 -0.0400
-2.5356 -1.1718 -0.0400
-2.4990 -1.1496 -0.0400
-2.4620 -1.1308 -0.0400
-2.4222 -1.1239 -0.0400
-2.3809 -1.1220 -0.0400
-2.3289 -1.1550 -0.0400
-2.2707 -1.2022 -0.0400
-1.3813 -1.5272 -0.0400
-1.3413 -1.4894 -0.0400
-1.2928 -1.4650 -0.0400
0.7588 -2.4681 -0.0400
0.8408 -2.4200 -0.0400
0.9555 -2.3995 -0.0400
-1.3489 1.8987 -0.0400
-1.4694 1.8740 -0.0400
-1.5071 1.8883 -0.0400
-1.5326 1.9082 -0.0400
-1.5516 1.9314 -0.0400
-1.5648 1.9577 -0.0400
-1.5730 1.9873 -0.0400
-1.5347 2.0472 -0.0400
-0.3963 3.6960 -0.0400
-0.4901 3.6920 -0.0400
-0.5385 3.7331 -0.0400
-2.5974 5.7796 -0.0400
-2.6777 5.8106 -0.0400
-3.3965 4.7737 -0.0400
-3.4617 4.7736 -0.0400
-3.6020 4.8303 -0.0400
-3.6654 4.8090 -0.0400
-3.7376 4.8344 -0.0400
-4.7597 5.6445 -0.0400
-4.8084 5.5375 -0.0400
-4.8682 4.8965 -0.0400
-4.9492 4.8924 -0.0400
-4.6296 3.1620 -0.0400
-4.6620 3.1291 -0.0400
-4.7043 3.1081 -0.0400
-4.7464 3.0863 -0.0400
-4.7948 3.0710 -0.0400
-5.3915 3.1573 -0.0400
-5.4272 3.1153 -0.0400
-8.1683 -1.2325 -0.0400
-7.5360 -1.3416 -0.0400
-5.8465 -1.3128 -0.0400
-5.7907 -1.3504 -0.0400
-5.7869 -1.4346 -0.0400
-3.6930 0.1430 -0.0400
-3.6530 0.1648 -0.0400
-3.6260 0.1697 -0.0400
-3.5986 0.1764 -0.0400
-3.5797 0.1706 -0.0400
-3.5621 0.1631 -0.0400
-3.5456 0.1538 -0.0400
-3.5317 0.1396 -0.0400
-3.5180 0.1248 -0.0400
-3.5049 0.1080 -0.0400
-3.4936 0.0870 -0.0400
-2.5801 -1.2251 -0.0400
-2.5454 -1.1886 -0.0400
-2.5121 -1.1501 -0.0400
-2.4744 -1.1348 -0.0400
-2.4350 -1.1268 -0.0400
-2.3939 -1.1246 -0.0400
-2.3431 -1.1542 -0.0400
-2.2882 -1.1917 -0.0400
-1.3995 -1.6325 -0.0400
-1.3857 -1.5492 -0.0400
-1.3519 -1.5012 -0.0400
-1.3089 -1.4684 -0.0400
-1.2346 -1.4813 -0.0400
-1.3692 1.8823 -0.0400
-1.4557 1.8747 -0.0400
-1.4985 1.8867 -0.0400
-1.5266 1.9056 -0.0400
-1.5478 1.9277 -0.0400
-1.5577 1.9563 -0.0400
-1.5617 1.9889 -0.0400
-1.5530 2.0300 -0.0400
-0.3175 3.6747 -0.0400
-0.4287 3.6565 -0.0400
-0.4908 3.6843 -0.0400
-0.5198 3.7460 -0.0400
-2.5981 5.7726 -0.0400
-3.3360 4.7928 -0.0400
-3.3994 4.7735 -0.0400
-3.4676 4.7971 -0.0400
-3.5505 4.9189 -0.0400
-3.6038 4.8217 -0.0400
-3.6685 4.8077 -0.0400
-3.7424 4.8421 -0.0400
-4.7307 5.5616 -0.0400
-4.8164 5.5500 -0.0400
-4.8090 4.9358 -0.0400
-4.8715 4.8946 -0.0400
-4.9542 4.8936 -0.0400
-4.6168 3.2103 -0.0400
-4.6356 3.1587 -0.0400
-4.6671 3.1247 -0.0400
-4.7082 3.1022 -0.0400
-4.7618 3.0939 -0.0400
-5.3936 3.1513 -0.0400
-8.2187 -1.1410 -0.0400
-8.1682 -1.2269 -0.0400
-7.5808 -1.2581 -0.0400
-7.5425 -1.3394 -0.0400
-5.8355 -1.2968 -0.0400
-5.8068 -1.3575 -0.0400
-3.6786 0.1697 -0.0400
-3.6486 0.1781 -0.0400
-3.6244 0.1796 -0.0400
-3.6032 0.1772 -0.0400
-3.5838 0.1725 -0.0400
-3.5659 0.1657 -0.0400
-3.5497 0.1562 -0.0400
-3.5350 0.1439 -0.0400
-3.5213 0.1297 -0.0400
-3.5083 0.1132 -0.0400
-3.5056 0.0748 -0.0400
-3.5049 0.0291 -0.0400
-2.5901 -1.2404 -0.0400
-2.5602 -1.1791 -0.0400
-2.5235 -1.1572 -0.0400
-2.4872 -1.1362 -0.0400
-2.4484 -1.1265 -0.0400
-2.4059 -1.1299 -0.0400
-2.3626 -1.1345 -0.0400
-2.3001 -1.1981 -0.0400
-1.4058 -1.5453 -0.0400
-1.3669 -1.5058 -0.0400
-1.3197 -1.4796 -0.0400
-1.2626 -1.4676 -0.0400
-1.1816 -1.4877 -0.0400
1.9409 0.2463 -0.0400
1.9421 0.3353 -0.0400
2.0601 0.4084 -0.0400
-1.3347 1.8891 -0.0400
-1.3801 1.9031 -0.0400
-1.4615 1.8969 -0.0400
-1.5081 1.9068 -0.0400
-1.5447 1.9208 -0.0400
-1.5619 1.9454 -0.0400
-1.5734 1.9733 -0.0400
-1.5805 2.0042 -0.0400
-1.4116 2.1527 -0.0400
-0.4402 3.7253 -0.0400
-0.5279 3.7268 -0.0400
-2.5946 5.8042 -0.0400
-2.6798 5.7783 -0.0400
-3.4029 4.7742 -0.0400
-3.4681 4.7720 -0.0400
-3.6102 4.8388 -0.0400
-3.6725 4.8081 -0.0400
-3.7381 4.7984 -0.0400
-4.7642 5.6406 -0.0400
-4.8182 5.5456 -0.0400
-4.8295 4.9687 -0.0400
-4.8760 4.8927 -0.0400
-4.9424 4.8596 -0.0400
-5.0311 4.8687 -0.0400
-4.6425 3.1533 -0.0400
-4.6737 3.1186 -0.0400
-4.7138 3.0951 -0.0400
-4.7573 3.0751 -0.0400
-4.8010 3.0546 -0.0400
-5.4083 3.1536 -0.0400
-5.4332 3.1023 -0.0400
-5.5027 3.0879 -0.0400
-8.1687 -1.2207 -0.0400
-8.1386 -1.3154 -0.0400
-7.5406 -1.3318 -0.0400
-7.5018 -1.4127 -0.0400
-5.8045 -1.3474 -0.0400
-5.7588 -1.3930 -0.0400
-3.6779 0.1437 -0.0400
-3.6428 0.1604 -0.0400
-3.6169 0.1649 -0.0400
-3.5906 0.1712 -0.0400
-3.5723 0.1654 -0.0400
-3.5552 0.1578 -0.0400
-3.5392 0.1484 -0.0400
-3.5241 0.1372 -0.0400
-3.5101 0.1237 -0.0400
-3.5019 0.0976 -0.0400
-3.4925 0.0726 -0.0400
-3.4879 0.0349 -0.0400
-2.4640 -1.1326 -0.0400
-2.4252 -1.1233 -0.0400
-2.3848 -1.1190 -0.0400
-2.3374 -1.1363 -0.0400
-2.2892 -1.1527 -0.0400
-1.3889 -1.6115 -0.0400
-1.3704 -1.5377 -0.0400
-1.3362 -1.4910 -0.0400
-1.2938 -1.4578 -0.0400
-1.2226 -1.4651 -0.0400
1.9486 0.1437 -0.0400
1.9543 0.2327 -0.0400
2.0525 0.3074 -0.0400
2.1509 0.3852 -0.0400
-1.3190 1.8548 -0.0400
-1.3614 1.8711 -0.0400
-1.4421 1.8670 -0.0400
-1.5021 1.8708 -0.0400
-1.5239 1.8933 -0.0400
-1.5413 1.9180 -0.0400
-1.5534 1.9457 -0.0400
-1.5457 1.9857 -0.0400
-1.5213 2.0376 -0.0400
-0.3229 3.6520 -0.0400
-0.4245 3.6438 -0.0400
-0.4807 3.6780 -0.0400
-0.5008 3.7496 -0.0400
-2.5137 5.7734 -0.0400
-2.5958 5.7851 -0.0400
-3.3396 4.7812 -0.0400
-3.4050 4.7810 -0.0400
-3.5442 4.8365 -0.0400
-3.6083 4.8158 -0.0400
-3.6795 4.8389 -0.0400
-4.6687 5.6237 -0.0400
-4.7337 5.5562 -0.0400
-4.8097 4.9207 -0.0400
-4.8834 4.9028 -0.0400
-4.5892 3.2293 -0.0400
-4.6095 3.1787 -0.0400
-4.6415 3.1448 -0.0400
-4.6818 3.1217 -0.0400
-4.7335 3.1119 -0.0400
-4.8128 3.1326 -0.0400
-5.3442 3.2396 -0.0400
-5.3628 3.1816 -0.0400
-5.4185 3.1572 -0.0400
-8.2385 -1.1406 -0.0400
-7.6819 -1.1990 -0.0400
-7.5739 -1.2456 -0.0400
-7.5475 -1.3326 -0.0400
-5.8954 -1.2519 -0.0400
-5.8384 -1.2883 -0.0400
-5.8302 -1.3663 -0.0400
-3.6803 0.1773 -0.0400
-3.6515 0.1849 -0.0400
-3.6279 0.1860 -0.0400
-3.6073 0.1834 -0.0400
-3.5885 0.1786 -0.0400
-3.5712 0.1716 -0.0400
-3.5559 0.1615 -0.0400
-3.5420 0.1486 -0.0400
-3.5291 0.1334 -0.0400
-3.5171 0.1159 -0.0400
-3.5075 0.0928 -0.0400
-3.5012 0.0609 -0.0400
-4.4548 -3.9442 -0.0400
-4.3487 -3.9000 -0.0400
-4.2613 -3.9215 -0.0400
-2.3870 -1.1411 -0.0400
-2.3292 -1.1911 -0.0400
-1.4279 -1.6737 -0.0400
-1.4203 -1.5790 -0.0400
-1.3927 -1.5210 -0.0400
-1.3445 -1.4965 -0.0400
-1.2869 -1.4855 -0.0400
-1.2059 -1.5062 -0.0400
0.6561 -2.5723 -0.0400
1.9243 0.1309 -0.0400
1.9336 0.2189 -0.0400
2.0524 0.2902 -0.0400
2.1075 0.3737 -0.0400
-1.4990 1.8645 -0.0400
-1.5202 1.8876 -0.0400
-1.5374 1.9126 -0.0400
-1.5424 1.9447 -0.0400
-1.5440 1.9794 -0.0400
-1.5280 2.0259 -0.0400
-0.4298 3.6289 -0.0400
-0.4664 3.6830 -0.0400
-2.5123 5.7729 -0.0400
-2.5935 5.7946 -0.0400
-3.2779 4.8129 -0.0400
-3.3412 4.7795 -0.0400
-3.4108 4.8211 -0.0400
-3.4890 4.9215 -0.0400
-3.5458 4.8333 -0.0400
-3.6102 4.8142 -0.0400
-3.6876 4.8732 -0.0400
-4.6642 5.6056 -0.0400
-4.7500 5.5939 -0.0400
-4.7552 4.9734 -0.0400
-4.8143 4.9231 -0.0400
-4.9010 4.9319 -0.0400
-4.5895 3.2189 -0.0400
-4.6136 3.1735 -0.0400
-4.6513 3.1471 -0.0400
-4.6950 3.1278 -0.0400
-4.7388 3.1081 -0.0400
-4.8151 3.1254 -0.0400
-5.3592 3.2455 -0.0400
-5.3674 3.1777 -0.0400
-5.4151 3.1463 -0.0400
-8.1971 -1.1194 -0.0400
-7.5726 -1.2413 -0.0400
-7.5703 -1.3409 -0.0400
-5.9068 -1.2570 -0.0400
-5.8390 -1.2844 -0.0400
-3.6912 0.1659 -0.0400
-3.6577 0.1798 -0.0400
-3.6263 0.1927 -0.0400
-3.6069 0.1888 -0.0400
-3.5892 0.1826 -0.0400
-3.5728 0.1747 -0.0400
-3.5576 0.1648 -0.0400
-3.5433 0.1531 -0.0400
-3.5301 0.1390 -0.0400
-3.5239 0.1107 -0.0400
-3.5165 0.0832 -0.0400
-4.5570 -3.9262 -0.0400
-4.4614 -3.9239 -0.0400
-4.3605 -3.8977 -0.0400
-4.2757 -3.9291 -0.0400
-1.4448 -1.5669 -0.0400
-1.4052 -1.5288 -0.0400
-1.3589 -1.5015 -0.0400
-1.3048 -1.4857 -0.0400
0.7278 -2.5409 -0.0400
0.8170 -2.4991 -0.0400
0.8928 -2.4436 -0.0400
1.9182 0.1144 -0.0400
1.9400 0.2003 -0.0400
2.0585 0.2717 -0.0400
2.2532 0.3365 -0.0400
-1.5375 1.9394 -0.0400
-1.5391 1.9742 -0.0400
-1.5240 2.0204 -0.0400
-0.3270 3.6276 -0.0400
-0.4198 3.6283 -0.0400
-0.4674 3.6717 -0.0400
-0.4242 3.8103 -0.0400
-2.5096 5.7786 -0.0400
-3.2789 4.8118 -0.0400
-3.3427 4.7827 -0.0400
-3.4852 4.8765 -0.0400
-3.5465 4.8268 -0.0400
-3.6136 4.8255 -0.0400
-3.6937 4.8989 -0.0400
-4.6154 5.7210 -0.0400
-4.6587 5.5859 -0.0400
-4.7463 4.9462 -0.0400
-4.8159 4.9198 -0.0400
-4.5769 3.2718 -0.0400
-4.5896 3.2087 -0.0400
-4.6150 3.1650 -0.0400
-4.6579 3.1454 -0.0400
-4.7001 3.1241 -0.0400
-4.7456 3.1064 -0.0400
-5.3348 3.2146 -0.0400
-5.3783 3.1797 -0.0400
-8.2738 -1.0417 -0.0400
-8.1944 -1.1153 -0.0400
-7.6407 -1.1727 -0.0400
-7.5829 -1.2436 -0.0400
-5.8808 -1.2327 -0.0400
-5.8512 -1.2911 -0.0400
-3.7281 0.1514 -0.0400
-3.6796 0.1843 -0.0400
-3.6523 0.1905 -0.0400
-3.6295 0.1911 -0.0400
-3.6096 0.1883 -0.0400
-3.5914 0.1833 -0.0400
-3.5745 0.1765 -0.0400
-3.5599 0.1659 -0.0400
-3.5466 0.1528 -0.0400
-3.5343 0.1374 -0.0400
-3.5230 0.1194 -0.0400
-3.5144 0.0952 -0.0400
-3.5103 0.0597 -0.0400
-4.5688 -3.9265 -0.0400
-4.4750 -3.9302 -0.0400
-4.3718 -3.8956 -0.0400
-3.5639 -2.6441 -0.0400
-1.4494 -1.6950 -0.0400
-1.4571 -1.5744 -0.0400
-1.4176 -1.5363 -0.0400
-1.3718 -1.5084 -0.0400
-1.3005 -1.5182 -0.0400
0.6289 -2.5972 -0.0400
0.7129 -2.5522 -0.0400
0.7801 -2.4901 -0.0400
0.8812 -2.4581 -0.0400
1.9172 0.0967 -0.0400
1.9404 0.1825 -0.0400
2.0570 0.2541 -0.0400
2.2594 0.3177 -0.0400
-0.3119 3.6304 -0.0400
-0.4182 3.6187 -0.0400
-0.4427 3.6855 -0.0400
-2.5078 5.7725 -0.0400
-3.2155 4.8594 -0.0400
-3.2785 4.7960 -0.0400
-3.3446 4.7977 -0.0400
-3.4861 4.8764 -0.0400
-3.5478 4.8282 -0.0400
-3.6166 4.8371 -0.0400
-4.5939 5.6541 -0.0400
-4.6599 5.5855 -0.0400
-4.6964 5.0138 -0.0400
-4.7481 4.9443 -0.0400
-4.8212 4.9253 -0.0400
-4.5640 3.2429 -0.0400
-4.5823 3.1881 -0.0400
-4.6208 3.1627 -0.0400
-4.6666 3.1467 -0.0400
-4.7066 3.1225 -0.0400
-5.3392 3.2108 -0.0400
-5.3809 3.1742 -0.0400
-8.8218 -0.4730 -0.0400
-8.2376 -1.0249 -0.0400
-8.1928 -1.1121 -0.0400
-7.6321 -1.1663 -0.0400
-7.5790 -1.2392 -0.0400
-5.9442 -1.1988 -0.0400
-5.8804 -1.2298 -0.0400
-5.8518 -1.2886 -0.0400
-3.6713 0.1973 -0.0400
-3.6474 0.1993 -0.0400
-3.6268 0.1973 -0.0400
-3.6082 0.1930 -0.0400
-3.5911 0.1866 -0.0400
-3.5753 0.1785 -0.0400
-3.5605 0.1686 -0.0400
-3.5468 0.1568 -0.0400
-3.5384 0.1347 -0.0400
-3.5288 0.1137 -0.0400
-3.5226 0.0848 -0.0400
-4.5850 -3.9429 -0.0400
-4.4874 -3.9340 -0.0400
-4.3843 -3.9000 -0.0400
-3.9485 -4.5769 -0.0400
-3.5729 -2.6360 -0.0400
-3.5130 -2.6818 -0.0400
-1.4817 -1.6675 -0.0400
-1.4599 -1.5975 -0.0400
-1.4302 -1.5430 -0.0400
-1.3840 -1.5160 -0.0400
-1.3135 -1.5249 -0.0400
0.6368 -2.6309 -0.0400
0.7005 -2.5657 -0.0400
0.7925 -2.5268 -0.0400
0.8672 -2.4704 -0.0400
1.9215 0.0777 -0.0400
1.9336 0.1657 -0.0400
2.0656 0.2348 -0.0400
2.2588 0.2996 -0.0400
-0.3521 3.5804 -0.0400
-0.4122 3.6126 -0.0400
-0.4446 3.6716 -0.0400
-2.5045 5.7755 -0.0400
-3.2147 4.8423 -0.0400
-3.2786 4.7941 -0.0400
-3.3462 4.8151 -0.0400
-3.4227 4.9193 -0.0400
-3.4845 4.8580 -0.0400
-3.5490 4.8326 -0.0400
-3.6243 4.8839 -0.0400
-4.5830 5.6192 -0.0400
-4.6645 5.5962 -0.0400
-4.6847 4.9803 -0.0400
-4.7492 4.9415 -0.0400
-4.8333 4.9464 -0.0400
-4.5350 3.2736 -0.0400
-4.5574 3.2233 -0.0400
-4.5881 3.1864 -0.0400
-4.6298 3.1651 -0.0400
-4.6727 3.1450 -0.0400
-4.7375 3.1518 -0.0400
-5.3363 3.2774 -0.0400
-5.3477 3.2110 -0.0400
-8.8221 -0.4717 -0.0400
-8.2334 -1.0214 -0.0400
-8.2185 -1.1209 -0.0400
-7.7068 -1.1011 -0.0400
-7.6124 -1.1551 -0.0400
-7.5866 -1.2412 -0.0400
-5.9316 -1.1874 -0.0400
-5.8800 -1.2275 -0.0400
-5.8581 -1.2917 -0.0400
-3.7072 0.1807 -0.0400
-3.6743 0.1937 -0.0400
-3.6496 0.1970 -0.0400
-3.6284 0.1961 -0.0400
-3.6069 0.1966 -0.0400
-3.5908 0.1891 -0.0400
-3.5760 0.1797 -0.0400
-3.5619 0.1690 -0.0400
-3.5492 0.1557 -0.0400
-3.5374 0.1403 -0.0400
-3.5268 0.1220 -0.0400
-3.5189 0.0973 -0.0400
-4.5839 -3.9049 -0.0400
-4.4821 -3.8790 -0.0400
-4.3930 -3.8927 -0.0400
-3.9608 -4.5757 -0.0400
-3.5814 -2.6287 -0.0400
-1.4781 -1.5942 -0.0400
-1.4402 -1.5535 -0.0400
-1.3948 -1.5253 -0.0400
-1.3409 -1.5096 -0.0400
0.5976 -2.6174 -0.0400
0.6901 -2.5810 -0.0400
0.7571 -2.5188 -0.0400
0.8521 -2.4815 -0.0400
1.9091 0.0619 -0.0400
2.0517 0.1267 -0.0400
2.0583 0.2177 -0.0400
2.2519 0.2821 -0.0400
-0.2488 3.5735 -0.0400
-0.3450 3.5743 -0.0400
-0.4054 3.6065 -0.0400
-0.4407 3.6629 -0.0400
-3.2125 4.8028 -0.0400
-3.2781 4.7927 -0.0400
-3.3461 4.8163 -0.0400
-3.4216 4.9099 -0.0400
-3.4842 4.8552 -0.0400
-3.5499 4.8379 -0.0400
-4.5269 5.7229 -0.0400
-4.5821 5.6157 -0.0400
-4.6662 5.5998 -0.0400
-4.6345 5.0528 -0.0400
-4.6829 4.9718 -0.0400
-4.7557 4.9520 -0.0400
-4.5366 3.2665 -0.0400
-4.5546 3.2098 -0.0400
-4.5912 3.1814 -0.0400
-4.6400 3.1696 -0.0400
-4.6805 3.1459 -0.0400
-4.7318 3.1356 -0.0400
-5.3070 3.2409 -0.0400
-5.3552 3.2106 -0.0400
-8.8664 -0.3743 -0.0400
-8.8242 -0.4713 -0.0400
-8.2223 -1.0157 -0.0400
-7.6904 -1.0925 -0.0400
-7.6024 -1.1491 -0.0400
-5.9547 -1.2042 -0.0400
-5.8825 -1.2283 -0.0400
-5.8812 -1.3094 -0.0400
-3.6902 0.2023 -0.0400
-3.6650 0.2059 -0.0400
-3.6436 0.2053 -0.0400
-3.6246 0.2019 -0.0400
-3.6071 0.1967 -0.0400
-3.5909 0.1897 -0.0400
-3.5758 0.1811 -0.0400
-3.5637 0.1676 -0.0400
-3.5517 0.1533 -0.0400
-3.5409 0.1364 -0.0400
-3.5321 0.1147 -0.0400
-3.5268 0.0849 -0.0400
-4.5954 -3.9100 -0.0400
-4.4975 -3.8976 -0.0400
-4.4134 -3.9303 -0.0400
-3.6556 -2.6265 -0.0400
-3.5900 -2.6258 -0.0400
-3.5333 -2.6918 -0.0400
-1.4875 -1.6051 -0.0400
-1.4545 -1.5565 -0.0400
-1.4086 -1.5293 -0.0400
-1.3460 -1.5270 -0.0400
-1.2725 -1.5383 -0.0400
0.5848 -2.6299 -0.0400
0.6775 -2.5939 -0.0400
0.7815 -2.5664 -0.0400
0.8508 -2.5049 -0.0400
1.8921 -0.0374 -0.0400
1.9417 0.0432 -0.0400
2.0393 0.1166 -0.0400
-0.2068 3.5130 -0.0400
-0.2977 3.5203 -0.0400
-0.3537 3.5573 -0.0400
-2.3312 5.7586 -0.0400
-3.1462 4.8285 -0.0400
-3.2123 4.8129 -0.0400
-3.3503 4.8792 -0.0400
-3.4161 4.8543 -0.0400
-3.4835 4.8510 -0.0400
-4.4387 5.7288 -0.0400
-4.5006 5.6390 -0.0400
-4.5615 5.0717 -0.0400
-4.6147 4.9999 -0.0400
-4.6875 4.9805 -0.0400
-4.4726 3.3358 -0.0400
-4.4933 3.2798 -0.0400
-4.5185 3.2329 -0.0400
-4.5620 3.2145 -0.0400
-4.6060 3.1963 -0.0400
-4.6598 3.1906 -0.0400
-5.2374 3.3230 -0.0400
-5.2715 3.2786 -0.0400
-5.3306 3.2593 -0.0400
-8.9119 -0.2771 -0.0400
-8.2540 -0.9233 -0.0400
-7.6873 -0.9937 -0.0400
-7.6368 -1.0676 -0.0400
-5.9582 -1.1269 -0.0400
-5.9351 -1.1888 -0.0400
-7.6812 -2.7973 -0.0400
-3.7367 0.2016 -0.0400
-3.7016 0.2159 -0.0400
-3.6767 0.2190 -0.0400
-3.6554 0.2182 -0.0400
-3.6333 0.2192 -0.0400
-3.6173 0.2121 -0.0400
-3.6024 0.2035 -0.0400
-3.5885 0.1934 -0.0400
-3.5756 0.1817 -0.0400
-3.5637 0.1679 -0.0400
-3.5527 0.1522 -0.0400
-3.5528 0.1154 -0.0400
-3.5542 0.0734 -0.0400
-4.7847 -3.8855 -0.0400
-4.6832 -3.8684 -0.0400
-4.5776 -3.8328 -0.0400
-4.4960 -3.8706 -0.0400
-3.7264 -2.6232 -0.0400
-3.6584 -2.6096 -0.0400
-3.5994 -2.6508 -0.0400
-1.4036 -1.5538 -0.0400
0.5096 -2.6992 -0.0400
0.5997 -2.6616 -0.0400
0.7117 -2.6437 -0.0400
0.7718 -2.5738 -0.0400
1.9072 0.0253 -0.0400
2.0420 0.0913 -0.0400
2.0674 0.1793 -0.0400
2.2734 0.2417 -0.0400
-2.4084 5.7662 -0.0400
-3.2102 4.8119 -0.0400
-3.2779 4.8291 -0.0400
-3.4184 4.8957 -0.0400
-3.4819 4.8473 -0.0400
-3.5517 4.8607 -0.0400
-4.5071 5.6629 -0.0400
-4.5804 5.6129 -0.0400
-4.6236 5.0202 -0.0400
-4.6850 4.9712 -0.0400
-4.7707 4.9811 -0.0400
-4.5166 3.3054 -0.0400
-4.5280 3.2360 -0.0400
-4.5610 3.2017 -0.0400
-4.6081 3.1879 -0.0400
-4.6487 3.1643 -0.0400
-4.7083 3.1653 -0.0400
-5.2901 3.2882 -0.0400
-5.3203 3.2397 -0.0400
-8.8634 -0.3730 -0.0400
-8.2998 -0.9399 -0.0400
-8.2283 -1.0168 -0.0400
-7.6494 -1.0732 -0.0400
-7.6191 -1.1563 -0.0400
-5.9864 -1.1483 -0.0400
-5.9191 -1.1767 -0.0400
-5.8961 -1.2387 -0.0400
-7.6806 -2.7902 -0.0400
-3.7167 0.1935 -0.0400
-3.6855 0.2042 -0.0400
-3.6550 0.2156 -0.0400
-3.6366 0.2118 -0.0400
-3.6195 0.2065 -0.0400
-3.6036 0.1997 -0.0400
-3.5886 0.1916 -0.0400
-3.5760 0.1799 -0.0400
-3.5640 0.1667 -0.0400
-3.5529 0.1518 -0.0400
-3.5429 0.1340 -0.0400
-3.5353 0.1109 -0.0400
-3.5323 0.0773 -0.0400
-4.6093 -3.8965 -0.0400
-4.5047 -3.8598 -0.0400
-3.6692 -2.6117 -0.0400
-3.6077 -2.6348 -0.0400
0.5562 -2.6511 -0.0400
0.6472 -2.6139 -0.0400
0.7571 -2.5926 -0.0400
0.8170 -2.5228 -0.0400
1.8857 -0.0734 -0.0400
1.9427 0.0058 -0.0400
2.0355 0.0800 -0.0400
-2.2364 5.7519 -0.0400
-3.1421 4.8075 -0.0400
-3.2108 4.8654 -0.0400
-3.3484 4.8918 -0.0400
-3.4144 4.8630 -0.0400
-3.4863 4.8979 -0.0400
-4.4206 5.6737 -0.0400
-4.5020 5.6491 -0.0400
-4.5547 5.0507 -0.0400
-4.6181 5.0052 -0.0400
-4.7203 5.0572 -0.0400
-4.4505 3.3755 -0.0400
-4.4573 3.2939 -0.0400
-4.4868 3.2527 -0.0400
-4.5284 3.2313 -0.0400
-4.5730 3.2140 -0.0400
-4.6185 3.1973 -0.0400
-5.2149 3.3666 -0.0400
-5.2392 3.3109 -0.0400
-5.3175 3.3119 -0.0400
-8.8876 -0.2718 -0.0400
-8.2946 -0.8346 -0.0400
-7.6735 -0.9881 -0.0400
-7.6535 -1.0753 -0.0400
-5.9966 -1.0784 -0.0400
-5.9493 -1.1215 -0.0400
-5.9496 -1.2006 -0.0400
-7.7426 -2.7033 -0.0400
-3.7185 0.2175 -0.0400
-3.6832 0.2332 -0.0400
-3.6638 0.2303 -0.0400
-3.6460 0.2257 -0.0400
-3.6295 0.2197 -0.0400
-3.6135 0.2134 -0.0400
-3.6000 0.2035 -0.0400
-3.5873 0.1923 -0.0400
-3.5755 0.1793 -0.0400
-3.5646 0.1647 -0.0400
-3.5623 0.1343 -0.0400
-3.5585 0.1048 -0.0400
-4.7904 -3.8540 -0.0400
-4.6994 -3.8660 -0.0400
-4.5925 -3.8257 -0.0400
-4.5155 -3.8775 -0.0400
-3.7378 -2.6042 -0.0400
-3.6736 -2.6089 -0.0400
-2.7297 -1.2644 -0.0400
0.4833 -2.7219 -0.0400
0.5704 -2.6819 -0.0400
0.6772 -2.6595 -0.0400
0.7498 -2.6019 -0.0400
2.2730 0.2039 -0.0400
-2.3958 5.7741 -0.0400
-3.1386 4.8165 -0.0400
-3.2052 4.8037 -0.0400
-3.4111 4.8581 -0.0400
-3.4796 4.8599 -0.0400
-3.5550 4.9147 -0.0400
-4.4992 5.6472 -0.0400
-4.5829 5.6287 -0.0400
-4.5625 5.0731 -0.0400
-4.6199 5.0104 -0.0400
-4.6930 4.9899 -0.0400
-4.4854 3.3311 -0.0400
-4.4991 3.2627 -0.0400
-4.5288 3.2222 -0.0400
-4.5732 3.2045 -0.0400
-4.6186 3.1877 -0.0400
-4.6755 3.1859 -0.0400
-5.2519 3.3160 -0.0400
-5.2857 3.2707 -0.0400
-8.2624 -0.9265 -0.0400
-7.7051 -1.0028 -0.0400
-7.6413 -1.0708 -0.0400
-5.9575 -1.1297 -0.0400
-5.9156 -1.1764 -0.0400
-7.7574 -2.7106 -0.0400
-7.6868 -2.7877 -0.0400
-3.7231 0.2058 -0.0400
-3.6943 0.2134 -0.0400
-3.6650 0.2230 -0.0400
-3.6469 0.2191 -0.0400
-3.6300 0.2139 -0.0400
-3.6128 0.2094 -0.0400
-3.5989 0.2005 -0.0400
-3.5855 0.1908 -0.0400
-3.5729 0.1797 -0.0400
-3.5645 0.1612 -0.0400
-3.5546 0.1447 -0.0400
-3.5469 0.1234 -0.0400
-3.5421 0.0954 -0.0400
-4.7073 -3.8600 -0.0400
-4.6057 -3.8354 -0.0400
-4.5188 -3.8540 -0.0400
-3.7513 -2.6298 -0.0400
-3.6821 -2.6065 -0.0400
-3.6235 -2.6458 -0.0400
-2.7012 -1.2561 -0.0400
-2.6728 -1.1906 -0.0400
-2.6374 -1.1705 -0.0400
-2.6011 -1.1561 -0.0400
0.4826 -2.7539 -0.0400
0.5286 -2.6718 -0.0400
0.6165 -2.6322 -0.0400
0.7075 -2.5937 -0.0400
0.8289 -2.5812 -0.0400
-1.2194 1.7570 -0.0400
-2.2244 5.7452 -0.0400
-3.0692 4.8321 -0.0400
-3.1362 4.8091 -0.0400
-3.2750 4.9001 -0.0400
-3.3418 4.8692 -0.0400
-3.4105 4.8727 -0.0400
-4.3557 5.7770 -0.0400
-4.4178 5.6781 -0.0400
-4.4900 5.0986 -0.0400
-4.5494 5.0388 -0.0400
-4.6287 5.0345 -0.0400
-4.4306 3.3278 -0.0400
-4.4564 3.2786 -0.0400
-4.4931 3.2488 -0.0400
-4.5390 3.2334 -0.0400
-4.5834 3.2153 -0.0400
-5.2058 3.3443 -0.0400
-5.2564 3.3169 -0.0400
-8.9066 -0.1708 -0.0400
-8.9340 -0.2830 -0.0400
-8.3433 -0.7501 -0.0400
-8.2952 -0.8361 -0.0400
-7.7166 -0.9131 -0.0400
-7.6918 -0.9979 -0.0400
-5.9822 -1.0720 -0.0400
-5.9562 -1.1301 -0.0400
-7.8079 -2.6161 -0.0400
-7.7459 -2.6997 -0.0400
-3.7169 0.2367 -0.0400
-3.6946 0.2367 -0.0400
-3.6749 0.2342 -0.0400
-3.6533 0.2347 -0.0400
-3.6376 0.2282 -0.0400
-3.6220 0.2218 -0.0400
-3.6088 0.2122 -0.0400
-3.5960 0.2019 -0.0400
-3.5868 0.1859 -0.0400
-3.5764 0.1713 -0.0400
-3.5673 0.1541 -0.0400
-3.5600 0.1328 -0.0400
-4.7969 -3.8320 -0.0400
-4.6996 -3.8235 -0.0400
-4.6050 -3.8187 -0.0400
-4.2089 -4.5120 -0.0400
-3.7488 -2.5950 -0.0400
-3.6865 -2.6085 -0.0400
-2.7514 -1.2219 -0.0400
-2.7166 -1.1934 -0.0400
-2.6810 -1.1740 -0.0400
-2.6446 -1.1605 -0.0400
-2.6066 -1.1554 -0.0400
-2.5671 -1.1560 -0.0400
-2.5258 -1.1623 -0.0400
0.5400 -2.6993 -0.0400
0.6476 -2.6784 -0.0400
0.7250 -2.6259 -0.0400
0.9235 2.5549 -0.0400
0.8647 2.6120 -0.0400
-1.2889 1.7520 -0.0400
-1.3179 1.7763 -0.0400
-1.4218 1.7641 -0.0400
-2.2135 5.7646 -0.0400
-2.9965 4.8835 -0.0400
-3.0652 4.8108 -0.0400
-3.1328 4.8305 -0.0400
-3.2722 4.9147 -0.0400
-3.3387 4.8735 -0.0400
-3.4125 4.9332 -0.0400
-4.3468 5.7552 -0.0400
-4.4145 5.6763 -0.0400
-4.4792 5.0711 -0.0400
-4.5484 5.0396 -0.0400
-4.6281 5.0359 -0.0400
-4.4300 3.3210 -0.0400
-4.4578 3.2751 -0.0400
-4.4983 3.2513 -0.0400
-4.5462 3.2386 -0.0400
-4.5940 3.2250 -0.0400
-5.1782 3.3920 -0.0400
-5.2068 3.3399 -0.0400
-5.2576 3.3127 -0.0400
-8.9011 -0.1707 -0.0400
-8.3266 -0.7458 -0.0400
-8.3454 -0.8545 -0.0400
-7.7139 -0.9137 -0.0400
-7.7145 -1.0092 -0.0400
-6.0557 -1.0495 -0.0400
-5.9796 -1.0729 -0.0400
-5.9944 -1.1606 -0.0400
-7.7931 -2.6028 -0.0400
-7.7656 -2.7129 -0.0400
-3.7551 0.2134 -0.0400
-3.7096 0.2390 -0.0400
-3.6830 0.2444 -0.0400
-3.6659 0.2394 -0.0400
-3.6472 0.2367 -0.0400
-3.6327 0.2290 -0.0400
-3.6189 0.2205 -0.0400
-3.6061 0.2106 -0.0400
-3.5942 0.1993 -0.0400
-3.5858 0.1824 -0.0400
-3.5759 0.1673 -0.0400
-3.5675 0.1491 -0.0400
-3.5737 0.1045 -0.0400
-4.8912 -3.8123 -0.0400
-4.8000 -3.8232 -0.0400
-4.6936 -3.7870 -0.0400
-4.6144 -3.8282 -0.0400
-3.8195 -2.5975 -0.0400
-3.7529 -2.5884 -0.0400
-3.6987 -2.6469 -0.0400
-2.7903 -1.2761 -0.0400
-2.7575 -1.2260 -0.0400
-2.7232 -1.1957 -0.0400
-2.6879 -1.1750 -0.0400
-2.6520 -1.1601 -0.0400
-2.6139 -1.1564 -0.0400
-2.5744 -1.1578 -0.0400
-2.5329 -1.1658 -0.0400
-2.4722 -1.2411 -0.0400
0.9761 2.5585 -0.0400
-1.1937 1.7412 -0.0400
-1.2651 1.7491 -0.0400
-1.3634 1.7423 -0.0400
-1.4084 1.7574 -0.0400
-1.4463 1.7747 -0.0400
-1.4643 1.8014 -0.0400
-1.4758 1.8315 -0.0400
-2.2091 5.7441 -0.0400
-3.0607 4.8194 -0.0400
-3.2003 4.9690 -0.0400
-3.2666 4.8846 -0.0400
-3.3349 4.8745 -0.0400
-3.4069 4.9117 -0.0400
-4.3423 5.7518 -0.0400
-4.4121 5.6798 -0.0400
-4.4843 5.0920 -0.0400
-4.5515 5.0531 -0.0400
-4.6536 5.1076 -0.0400
-4.4186 3.3944 -0.0400
-4.4250 3.3076 -0.0400
-4.4599 3.2736 -0.0400
-4.5025 3.2529 -0.0400
-4.5497 3.2390 -0.0400
-4.6045 3.2354 -0.0400
-5.1703 3.3782 -0.0400
-5.2127 3.3417 -0.0400
-8.3355 -0.7501 -0.0400
-7.7525 -0.8368 -0.0400
-7.7092 -0.9138 -0.0400
-7.7129 -1.0103 -0.0400
-6.0313 -1.0362 -0.0400
-5.9784 -1.0752 -0.0400
-5.9932 -1.1626 -0.0400
-7.7944 -2.6023 -0.0400
-7.7707 -2.7150 -0.0400
-3.7629 0.2241 -0.0400
-3.7300 0.2345 -0.0400
-3.6990 0.2443 -0.0400
-3.6761 0.2459 -0.0400
-3.6601 0.2398 -0.0400
-3.6428 0.2357 -0.0400
-3.6281 0.2286 -0.0400
-3.6152 0.2191 -0.0400
-3.6040 0.2072 -0.0400
-3.5928 0.1952 -0.0400
-3.5820 0.1822 -0.0400
-3.5768 0.1599 -0.0400
-3.5694 0.1402 -0.0400
-4.9029 -3.8287 -0.0400
-4.8027 -3.8153 -0.0400
-4.6998 -3.7886 -0.0400
-4.2203 -4.4903 -0.0400
-3.7600 -2.6001 -0.0400
-2.7935 -1.2989 -0.0400
-2.7626 -1.2341 -0.0400
-2.7288 -1.2003 -0.0400
-2.6955 -1.1695 -0.0400
-2.6587 -1.1603 -0.0400
-2.6209 -1.1561 -0.0400
-2.5816 -1.1576 -0.0400
-2.5329 -1.1951 -0.0400
-2.4780 -1.2484 -0.0400
1.8829 -0.1479 -0.0400
2.0048 -0.0820 -0.0400
2.0630 -0.0005 -0.0400
0.9597 2.5347 -0.0400
0.8829 2.5851 -0.0400
-1.2629 1.7365 -0.0400
-1.2998 1.7578 -0.0400
-1.4072 1.7446 -0.0400
-1.4345 1.7672 -0.0400
-1.4587 1.7909 -0.0400
-1.4712 1.8205 -0.0400
-1.4702 1.8579 -0.0400
-1.4674 1.8971 -0.0400
-2.1153 5.7349 -0.0400
-2.9873 4.8400 -0.0400
-3.0556 4.8135 -0.0400
-3.1238 4.8633 -0.0400
-3.2626 4.8986 -0.0400
-3.3319 4.8973 -0.0400
-4.3388 5.7544 -0.0400
-4.4790 5.0838 -0.0400
-4.5559 5.0720 -0.0400
-4.4126 3.3801 -0.0400
-4.4253 3.3043 -0.0400
-4.4632 3.2752 -0.0400
-4.5086 3.2586 -0.0400
-4.5561 3.2446 -0.0400
-5.1710 3.3748 -0.0400
-5.2172 3.3424 -0.0400
-8.9213 -0.0717 -0.0400
-8.3725 -0.7638 -0.0400
-7.7854 -0.8517 -0.0400
-7.7241 -0.9221 -0.0400
-6.0127 -1.0274 -0.0400
-5.9954 -1.0908 -0.0400
-7.8690 -2.5278 -0.0400
-7.8015 -2.6066 -0.0400
-7.8009 -2.7373 -0.0400
-3.7433 0.2375 -0.0400
-3.7109 0.2481 -0.0400
-3.6874 0.2500 -0.0400
-3.6679 0.2480 -0.0400
-3.6531 0.2410 -0.0400
-3.6374 0.2352 -0.0400
-3.6239 0.2267 -0.0400
-3.6114 0.2171 -0.0400
-3.6009 0.2046 -0.0400
-3.5925 0.1886 -0.0400
-3.5825 0.1746 -0.0400
-3.5800 0.1480 -0.0400
-3.5748 0.1246 -0.0400
-3.5763 0.0884 -0.0400
-4.9080 -3.8292 -0.0400
-4.7877 -3.7600 -0.0400
-4.7017 -3.7793 -0.0400
-4.6409 -3.8757 -0.0400
-3.8246 -2.5797 -0.0400
-3.7618 -2.5876 -0.0400
-2.8047 -1.2539 -0.0400
-2.7712 -1.2137 -0.0400
-2.7367 -1.1875 -0.0400
-2.7012 -1.1710 -0.0400
-2.6648 -1.1605 -0.0400
-2.6275 -1.1554 -0.0400
-2.5849 -1.1721 -0.0400
-2.5409 -1.1906 -0.0400
-2.4881 -1.2377 -0.0400
1.8631 -0.1621 -0.0400
2.0126 -0.1024 -0.0400
2.0241 -0.0120 -0.0400
0.9662 2.5196 -0.0400
0.8885 2.5698 -0.0400
-1.2537 1.7266 -0.0400
-1.2929 1.7470 -0.0400
-1.3734 1.7469 -0.0400
-1.4292 1.7562 -0.0400
-1.4502 1.7816 -0.0400
-1.4636 1.8109 -0.0400
-1.4710 1.8437 -0.0400
-1.4429 1.8976 -0.0400
-2.1902 5.7495 -0.0400
-2.9820 4.8161 -0.0400
-3.0498 4.8279 -0.0400
-3.1887 4.9274 -0.0400
-3.2566 4.8830 -0.0400
-3.3259 4.8836 -0.0400
-4.2515 5.7834 -0.0400
-4.3221 5.7081 -0.0400
-4.4726 5.0740 -0.0400
-4.5587 5.0882 -0.0400
-4.3766 3.4138 -0.0400
-4.3951 3.3456 -0.0400
-4.4273 3.3050 -0.0400
-4.4664 3.2775 -0.0400
-4.5136 3.2634 -0.0400
-4.5618 3.2501 -0.0400
-5.1521 3.4364 -0.0400
-5.1719 3.3723 -0.0400
-5.2395 3.3637 -0.0400
-8.9255 -0.0740 -0.0400
-8.3576 -0.6595 -0.0400
-7.7414 -0.8375 -0.0400
-7.7549 -0.9369 -0.0400
-6.0095 -1.0294 -0.0400
-6.0362 -1.1232 -0.0400
-7.8786 -2.5343 -0.0400
-7.8259 -2.6244 -0.0400
-3.7592 0.2372 -0.0400
-3.7236 0.2503 -0.0400
-3.6992 0.2527 -0.0400
-3.6789 0.2514 -0.0400
-3.6614 0.2474 -0.0400
-3.6459 0.2416 -0.0400
-3.6320 0.2339 -0.0400
-3.6197 0.2242 -0.0400
-3.6079 0.2139 -0.0400
-3.5982 0.2003 -0.0400
-3.5903 0.1840 -0.0400
-3.5809 0.1692 -0.0400
-3.5791 0.1419 -0.0400
-4.8921 -3.7765 -0.0400
-4.7898 -3.7538 -0.0400
-4.7044 -3.7742 -0.0400
-4.6409 -3.8610 -0.0400
-3.8259 -2.5696 -0.0400
-3.7719 -2.6206 -0.0400
-2.8068 -1.2764 -0.0400
-2.7747 -1.2244 -0.0400
-2.7409 -1.1938 -0.0400
-2.7071 -1.1681 -0.0400
-2.6703 -1.1615 -0.0400
-2.6321 -1.1608 -0.0400
-2.5922 -1.1669 -0.0400
-2.5492 -1.1827 -0.0400
-2.4996 -1.2197 -0.0400
1.8771 -0.1839 -0.0400
1.9948 -0.1175 -0.0400
2.0544 -0.0364 -0.0400
0.9934 2.5123 -0.0400
0.8843 2.5503 -0.0400
-1.2378 1.7193 -0.0400
-1.2828 1.7375 -0.0400
-1.3584 1.7400 -0.0400
-1.4218 1.7459 -0.0400
-1.4436 1.7710 -0.0400
-1.4607 1.7985 -0.0400
-1.4631 1.8340 -0.0400
-1.4625 1.8720 -0.0400
-2.0978 5.7249 -0.0400
-2.9751 4.8317 -0.0400
-3.0436 4.8171 -0.0400
-3.1818 4.8968 -0.0400
-3.2508 4.8818 -0.0400
-3.3220 4.9129 -0.0400
-4.2494 5.7974 -0.0400
-4.3174 5.7104 -0.0400
-4.4013 5.1140 -0.0400
-4.4699 5.0769 -0.0400
-4.5566 5.0925 -0.0400
-4.3888 3.3326 -0.0400
-4.4257 3.3004 -0.0400
-4.4731 3.2869 -0.0400
-4.5167 3.2662 -0.0400
-4.5642 3.2513 -0.0400
-5.1348 3.4129 -0.0400
-5.1743 3.3722 -0.0400
-8.9669 0.0229 -0.0400
-8.9900 -0.0868 -0.0400
-8.3580 -0.6617 -0.0400
-7.7867 -0.7638 -0.0400
-7.7430 -0.8409 -0.0400
-6.0461 -0.9841 -0.0400
-6.0085 -1.0332 -0.0400
-7.8716 -2.5292 -0.0400
-7.8636 -2.6523 -0.0400
-3.7399 0.2481 -0.0400
-3.7114 0.2543 -0.0400
-3.6863 0.2579 -0.0400
-3.6693 0.2534 -0.0400
-3.6539 0.2474 -0.0400
-3.6397 0.2402 -0.0400
-3.6270 0.2312 -0.0400
-3.6154 0.2210 -0.0400
-3.6053 0.2085 -0.0400
-3.5967 0.1937 -0.0400
-3.5901 0.1754 -0.0400
-3.5816 0.1595 -0.0400
-3.5818 0.1289 -0.0400
-4.8920 -3.7666 -0.0400
-4.7889 -3.7411 -0.0400
-4.7071 -3.7707 -0.0400
-3.8953 -2.5790 -0.0400
-3.8283 -2.5671 -0.0400
-3.7714 -2.6022 -0.0400
-2.8444 -1.3316 -0.0400
-2.8151 -1.2444 -0.0400
-2.7815 -1.2081 -0.0400
-2.7471 -1.1842 -0.0400
-2.7117 -1.1695 -0.0400
-2.6754 -1.1607 -0.0400
-2.6380 -1.1576 -0.0400
-2.5941 -1.1821 -0.0400
-2.5480 -1.2105 -0.0400
-1.6706 -1.7214 -0.0400
-1.6385 -1.6712 -0.0400
1.8509 -0.2876 -0.0400
1.8568 -0.1977 -0.0400
1.9949 -0.1361 -0.0400
2.0203 -0.0486 -0.0400
0.9430 2.4747 -0.0400
0.8919 2.5354 -0.0400
-1.2095 1.7171 -0.0400
-1.2678 1.7299 -0.0400
-1.3777 1.7167 -0.0400
-1.4124 1.7363 -0.0400
-1.4363 1.7606 -0.0400
-1.4541 1.7877 -0.0400
-1.4574 1.8228 -0.0400
-1.4565 1.8610 -0.0400
-1.4181 1.9227 -0.0400
-0.1613 3.3851 -0.0400
-2.0874 5.7237 -0.0400
-2.8962 4.9012 -0.0400
-2.9685 4.8149 -0.0400
-3.0365 4.8387 -0.0400
-3.1758 4.9186 -0.0400
-3.2444 4.8836 -0.0400
-3.3146 4.8935 -0.0400
-4.2301 5.7421 -0.0400
-4.3199 5.7427 -0.0400
-4.4011 5.1278 -0.0400
-4.4667 5.0801 -0.0400
-4.3929 3.4444 -0.0400
-4.3874 3.3296 -0.0400
-4.4266 3.3013 -0.0400
-4.4717 3.2835 -0.0400
-4.5219 3.2733 -0.0400
-4.5799 3.2744 -0.0400
-5.1334 3.4091 -0.0400
-5.1798 3.3764 -0.0400
-8.9307 -0.0784 -0.0400
-8.3597 -0.6645 -0.0400
-7.7873 -0.7670 -0.0400
-7.7436 -0.8441 -0.0400
-6.0396 -0.9848 -0.0400
-6.0252 -1.0492 -0.0400
-7.8752 -2.5321 -0.0400
-7.8675 -2.6553 -0.0400
-3.7432 0.2586 -0.0400
-3.7219 0.2571 -0.0400
-3.6977 0.2593 -0.0400
-3.6784 0.2570 -0.0400
-3.6618 0.2523 -0.0400
-3.6472 0.2456 -0.0400
-3.6339 0.2377 -0.0400
-3.6222 0.2278 -0.0400
-3.6118 0.2161 -0.0400
-3.6024 0.2029 -0.0400
-3.5941 0.1878 -0.0400
-3.5885 0.1682 -0.0400
-3.5863 0.1428 -0.0400
-3.5971 0.0952 -0.0400
-4.9941 -3.7765 -0.0400
-4.8965 -3.7701 -0.0400
-4.7902 -3.7361 -0.0400
-4.7139 -3.7807 -0.0400
-3.8967 -2.5758 -0.0400
-3.8302 -2.5650 -0.0400
-2.8162 -1.2656 -0.0400
-2.7839 -1.2190 -0.0400
-2.7521 -1.1781 -0.0400
-2.7163 -1.1673 -0.0400
-2.6796 -1.1623 -0.0400
-2.6415 -1.1635 -0.0400
-2.6013 -1.1725 -0.0400
-2.5575 -1.1932 -0.0400
-2.5024 -1.2523 -0.0400
-1.6921 -1.8140 -0.0400
-1.6811 -1.7203 -0.0400
-1.6481 -1.6721 -0.0400
-1.6079 -1.6383 -0.0400
-1.5569 -1.6229 -0.0400
-1.4975 -1.6202 -0.0400
1.8588 -0.3078 -0.0400
1.8473 -0.2139 -0.0400
1.9867 -0.1529 -0.0400
2.1873 -0.0992 -0.0400
0.9729 2.4681 -0.0400
0.9033 2.5219 -0.0400
-1.2281 1.6946 -0.0400
-1.2727 1.7132 -0.0400
-1.3536 1.7136 -0.0400
-1.3984 1.7287 -0.0400
-1.4267 1.7510 -0.0400
-1.4459 1.7776 -0.0400
-1.4541 1.8101 -0.0400
-1.4550 1.8472 -0.0400
-1.4345 1.8979 -0.0400
-0.0505 3.3699 -0.0400
-0.1420 3.3821 -0.0400
-0.2100 3.4119 -0.0400
-0.2349 3.4794 -0.0400
-2.0766 5.7223 -0.0400
-2.9607 4.8227 -0.0400
-3.0293 4.8232 -0.0400
-3.1680 4.8940 -0.0400
-3.2376 4.8862 -0.0400
-3.3102 4.9343 -0.0400
-4.2349 5.7901 -0.0400
-4.3077 5.7201 -0.0400
-4.3311 5.1814 -0.0400
-4.3897 5.1076 -0.0400
-4.4678 5.0984 -0.0400
-4.3531 3.3690 -0.0400
-4.3867 3.3291 -0.0400
-4.4273 3.3028 -0.0400
-4.4746 3.2883 -0.0400
-4.5275 3.2822 -0.0400
-5.1346 3.4093 -0.0400
-5.1843 3.3803 -0.0400
-8.9378 0.0238 -0.0400
-8.3928 -0.5760 -0.0400
-8.3903 -0.6760 -0.0400
-7.7943 -0.7727 -0.0400
-6.0938 -0.9512 -0.0400
-6.0375 -0.9887 -0.0400
-7.9508 -2.4595 -0.0400
-7.9287 -2.5712 -0.0400
-3.7552 0.2597 -0.0400
-3.7306 0.2610 -0.0400
-3.7040 0.2653 -0.0400
-3.6839 0.2638 -0.0400
-3.6671 0.2593 -0.0400
-3.6541 0.2509 -0.0400
-3.6405 0.2434 -0.0400
-3.6283 0.2342 -0.0400
-3.6175 0.2234 -0.0400
-3.6078 0.2110 -0.0400
-3.6010 0.1945 -0.0400
-3.5946 0.1768 -0.0400
-3.5903 0.1554 -0.0400
-3.5908 0.1257 -0.0400
-4.9796 -3.7351 -0.0400
-4.8837 -3.7307 -0.0400
-4.7915 -3.7324 -0.0400
-4.7264 -3.8084 -0.0400
-3.8956 -2.5643 -0.0400
-3.8367 -2.5871 -0.0400
-2.8541 -1.3026 -0.0400
-2.8229 -1.2367 -0.0400
-2.7893 -1.2034 -0.0400
-2.7550 -1.1815 -0.0400
-2.7198 -1.1681 -0.0400
-2.6838 -1.1605 -0.0400
-2.6438 -1.1719 -0.0400
-2.6022 -1.1874 -0.0400
-2.5548 -1.2226 -0.0400
-1.6879 -1.7250 -0.0400
-1.6612 -1.6657 -0.0400
-1.6153 -1.6423 -0.0400
-1.5636 -1.6287 -0.0400
-1.5016 -1.6305 -0.0400
1.8531 -0.3246 -0.0400
1.9750 -0.2614 -0.0400
1.9767 -0.1690 -0.0400
2.0506 -0.0912 -0.0400
0.9243 2.5059 -0.0400
0.8776 2.5681 -0.0400
-1.1891 1.7309 -0.0400
-1.2642 1.7357 -0.0400
-1.3022 1.7561 -0.0400
-1.4133 1.7382 -0.0400
-1.4375 1.7624 -0.0400
-1.4552 1.7897 -0.0400
-1.4660 1.8209 -0.0400
-1.4708 1.8560 -0.0400
-0.1895 3.4032 -0.0400
-0.2431 3.4451 -0.0400
-2.1468 5.7324 -0.0400
-2.9494 4.8311 -0.0400
-3.0186 4.8148 -0.0400
-3.0874 4.8794 -0.0400
-3.2280 4.9016 -0.0400
-3.2970 4.8785 -0.0400
-4.2315 5.8172 -0.0400
-4.2976 5.7177 -0.0400
-4.4578 5.0906 -0.0400
-4.5597 5.1479 -0.0400
-4.3834 3.4312 -0.0400
-4.3942 3.3456 -0.0400
-4.4270 3.3044 -0.0400
-4.4675 3.2779 -0.0400
-4.5183 3.2683 -0.0400
-4.5718 3.2619 -0.0400
-5.1523 3.4306 -0.0400
-5.1816 3.3763 -0.0400
-8.3904 -0.6792 -0.0400
-7.8107 -0.7828 -0.0400
-7.7401 -0.8502 -0.0400
-6.0463 -1.0017 -0.0400
-6.0261 -1.0623 -0.0400
-7.8760 -2.5348 -0.0400
-7.8327 -2.6312 -0.0400
-3.7231 0.2543 -0.0400
-3.7026 0.2525 -0.0400
-3.6797 0.2539 -0.0400
-3.6617 0.2508 -0.0400
-3.6483 0.2429 -0.0400
-3.6344 0.2360 -0.0400
-3.6222 0.2271 -0.0400
-3.6118 0.2160 -0.0400
-3.6011 0.2051 -0.0400
-3.5924 0.1914 -0.0400
-3.5852 0.1753 -0.0400
-3.5800 0.1557 -0.0400
-3.5774 0.1312 -0.0400
-4.8998 -3.7655 -0.0400
-4.8029 -3.7561 -0.0400
-4.7120 -3.7589 -0.0400
-4.3467 -4.4571 -0.0400
-3.8344 -2.5693 -0.0400
-3.7821 -2.6240 -0.0400
-2.7911 -1.2159 -0.0400
-2.7575 -1.1897 -0.0400
-2.7229 -1.1734 -0.0400
-2.6875 -1.1633 -0.0400
-2.6510 -1.1590 -0.0400
-2.6130 -1.1608 -0.0400
-2.5727 -1.1707 -0.0400
-2.5281 -1.1942 -0.0400
-1.6622 -1.6851 -0.0400
-1.6238 -1.6486 -0.0400
-1.5792 -1.6234 -0.0400
-1.5280 -1.6089 -0.0400
1.8532 -0.2571 -0.0400
1.9848 -0.1948 -0.0400
1.9889 -0.1033 -0.0400
2.0589 -0.0240 -0.0400
0.9870 2.4368 -0.0400
0.9162 2.4904 -0.0400
-1.2040 1.6754 -0.0400
-1.2554 1.6915 -0.0400
-1.3224 1.6987 -0.0400
-1.3818 1.7074 -0.0400
-1.4121 1.7290 -0.0400
-1.4335 1.7545 -0.0400
-1.4401 1.7880 -0.0400
-1.4384 1.8267 -0.0400
-0.0991 3.3783 -0.0400
-0.1881 3.3910 -0.0400
-0.2077 3.4633 -0.0400
-2.8736 4.8438 -0.0400
-2.9439 4.8160 -0.0400
-3.0123 4.8456 -0.0400
-3.0818 4.9232 -0.0400
-3.1519 4.8895 -0.0400
-3.2222 4.8951 -0.0400
-4.2116 5.7548 -0.0400
-4.3139 5.1648 -0.0400
-4.3797 5.1134 -0.0400
-4.4651 5.1253 -0.0400
-4.3544 3.3775 -0.0400
-4.3847 3.3301 -0.0400
-4.4334 3.3177 -0.0400
-4.4782 3.2977 -0.0400
-4.5329 3.2937 -0.0400
-5.0981 3.4551 -0.0400
-5.1367 3.4119 -0.0400
-8.9599 0.0170 -0.0400
-8.3861 -0.5791 -0.0400
-7.8020 -0.7819 -0.0400
-6.0668 -0.9458 -0.0400
-6.0748 -1.0237 -0.0400
-7.9372 -2.4525 -0.0400
-3.7749 0.2649 -0.0400
-3.7435 0.2715 -0.0400
-3.7211 0.2708 -0.0400
-3.6964 0.2731 -0.0400
-3.6813 0.2668 -0.0400
-3.6648 0.2622 -0.0400
-3.6520 0.2538 -0.0400
-3.6396 0.2452 -0.0400
-3.6291 0.2346 -0.0400
-3.6189 0.2234 -0.0400
-3.6109 0.2093 -0.0400
-3.6048 0.1925 -0.0400
-3.6016 0.1712 -0.0400
-3.5948 0.1540 -0.0400
-3.5995 0.1194 -0.0400
-5.0813 -3.7424 -0.0400
-4.9731 -3.7116 -0.0400
-4.8759 -3.7022 -0.0400
-4.7943 -3.7302 -0.0400
-3.9560 -2.5435 -0.0400
-3.8928 -2.5458 -0.0400
-3.8362 -2.5758 -0.0400
-2.8614 -1.2731 -0.0400
-2.8287 -1.2257 -0.0400
-2.7950 -1.1967 -0.0400
-2.7607 -1.1780 -0.0400
-2.7257 -1.1663 -0.0400
-2.6886 -1.1666 -0.0400
-2.6498 -1.1739 -0.0400
-2.6081 -1.1916 -0.0400
-2.5597 -1.2332 -0.0400
-1.7368 -1.7757 -0.0400
-1.7109 -1.7131 -0.0400
-1.6739 -1.6736 -0.0400
-1.6306 -1.6465 -0.0400
-1.5642 -1.6585 -0.0400
1.8124 -0.3499 -0.0400
1.8376 -0.2652 -0.0400
1.9685 -0.2031 -0.0400
2.1707 -0.1511 -0.0400
0.9034 2.5481 -0.0400
-1.2226 1.6911 -0.0400
-1.2689 1.7086 -0.0400
-1.3808 1.6930 -0.0400
-1.4089 1.7156 -0.0400
-1.4276 1.7426 -0.0400
-1.4395 1.7732 -0.0400
-1.4441 1.8082 -0.0400
-1.4355 1.8515 -0.0400
-0.0884 3.3669 -0.0400
-0.1758 3.3811 -0.0400
-0.1807 3.4668 -0.0400
-2.8639 4.8477 -0.0400
-2.9346 4.8163 -0.0400
-3.0727 4.9350 -0.0400
-3.1431 4.8926 -0.0400
-3.2133 4.8896 -0.0400
-4.1292 5.8280 -0.0400
-4.2010 5.7452 -0.0400
-4.3002 5.1415 -0.0400
-4.3771 5.1272 -0.0400
-4.3141 3.4121 -0.0400
-4.3440 3.3619 -0.0400
-4.3836 3.3324 -0.0400
-4.4310 3.3172 -0.0400
-4.4769 3.2988 -0.0400
-5.0947 3.4524 -0.0400
-5.1391 3.4161 -0.0400
-8.9539 0.1211 -0.0400
-8.4098 -0.4881 -0.0400
-7.8043 -0.6936 -0.0400
-7.7824 -0.7783 -0.0400
-6.1000 -0.9001 -0.0400
-6.0650 -0.9506 -0.0400
-6.0775 -1.0312 -0.0400
-7.9921 -2.4916 -0.0400
-3.7617 0.2655 -0.0400
-3.7219 0.2799 -0.0400
-3.7038 0.2759 -0.0400
-3.6835 0.2744 -0.0400
-3.6700 0.2668 -0.0400
-3.6571 0.2586 -0.0400
-3.6445 0.2503 -0.0400
-3.6335 0.2404 -0.0400
-3.6244 0.2282 -0.0400
-3.6150 0.2163 -0.0400
-3.6087 0.2002 -0.0400
-3.6058 0.1792 -0.0400
-3.5995 0.1619 -0.0400
-3.6051 0.1274 -0.0400
-5.0726 -3.7206 -0.0400
-4.9694 -3.7007 -0.0400
-4.8708 -3.6870 -0.0400
-4.8020 -3.7478 -0.0400
-3.9555 -2.5424 -0.0400
-3.8950 -2.5551 -0.0400
-2.8662 -1.2361 -0.0400
-2.8324 -1.2055 -0.0400
-2.7981 -1.1851 -0.0400
-2.7633 -1.1724 -0.0400
-2.7278 -1.1649 -0.0400
-2.6914 -1.1628 -0.0400
-2.6535 -1.1670 -0.0400
-2.6052 -1.2162 -0.0400
-1.7280 -1.8077 -0.0400
-1.7236 -1.7028 -0.0400
-1.6816 -1.6734 -0.0400
-1.6334 -1.6556 -0.0400
-1.5762 -1.6521 -0.0400
-1.4927 -1.6898 -0.0400
0.3033 -2.9208 -0.0400
0.3706 -2.8626 -0.0400
0.4787 -2.8472 -0.0400
1.8148 -0.3679 -0.0400
1.8658 -0.2892 -0.0400
1.9547 -0.2177 -0.0400
2.1802 -0.1708 -0.0400
-1.3543 1.6908 -0.0400
-1.3934 1.7084 -0.0400
-1.4191 1.7320 -0.0400
-1.4303 1.7630 -0.0400
-1.4314 1.8000 -0.0400
-1.4106 1.8508 -0.0400
-0.1194 3.3204 -0.0400
-0.1653 3.3694 -0.0400
-0.1703 3.4550 -0.0400
-2.8543 4.8384 -0.0400
-2.9240 4.8372 -0.0400
-3.0631 4.9409 -0.0400
-3.1337 4.8942 -0.0400
-3.2053 4.9244 -0.0400
-4.1089 5.7757 -0.0400
-4.2001 5.7801 -0.0400
-4.2978 5.1599 -0.0400
-4.3672 5.1194 -0.0400
-4.4599 5.1525 -0.0400
-4.3243 3.4398 -0.0400
-4.3386 3.3576 -0.0400
-4.3846 3.3397 -0.0400
-4.4321 3.3242 -0.0400
-4.4820 3.3121 -0.0400
-5.0938 3.4537 -0.0400
-8.9499 0.1200 -0.0400
-8.4212 -0.4934 -0.0400
-8.4030 -0.5887 -0.0400
-7.8453 -0.6183 -0.0400
-7.7976 -0.6947 -0.0400
-6.0993 -0.9057 -0.0400
-6.0619 -0.9548 -0.0400
-7.9973 -2.3720 -0.0400
-7.9933 -2.4942 -0.0400
-3.7664 0.2714 -0.0400
-3.7248 0.2865 -0.0400
-3.7066 0.2823 -0.0400
-3.6907 0.2766 -0.0400
-3.6761 0.2699 -0.0400
-3.6608 0.2642 -0.0400
-3.6492 0.2549 -0.0400
-3.6385 0.2448 -0.0400
-3.6289 0.2334 -0.0400
-3.6196 0.2215 -0.0400
-3.6138 0.2053 -0.0400
-3.6066 0.1904 -0.0400
-3.6068 0.1654 -0.0400
-3.6030 0.1445 -0.0400
-5.0601 -3.6913 -0.0400
-4.9574 -3.6710 -0.0400
-4.8692 -3.6820 -0.0400
-4.8042 -3.7522 -0.0400
-3.9525 -2.5336 -0.0400
-3.8955 -2.5593 -0.0400
-2.8990 -1.2988 -0.0400
-2.8665 -1.2394 -0.0400
-2.8329 -1.2081 -0.0400
-2.7989 -1.1864 -0.0400
-2.7648 -1.1694 -0.0400
-2.7288 -1.1666 -0.0400
-2.6917 -1.1693 -0.0400
-2.6527 -1.1793 -0.0400
-2.6106 -1.2006 -0.0400
-2.5587 -1.2586 -0.0400
-1.7556 -1.7654 -0.0400
-1.7259 -1.7112 -0.0400
-1.6872 -1.6759 -0.0400
-1.6416 -1.6538 -0.0400
-1.5633 -1.6868 -0.0400
0.2048 -2.9600 -0.0400
0.3004 -2.9351 -0.0400
0.3647 -2.8738 -0.0400
0.4701 -2.8558 -0.0400
1.8453 -0.3015 -0.0400
1.9583 -0.2358 -0.0400
2.1609 -0.1846 -0.0400
-1.4295 1.7481 -0.0400
-1.4370 1.7813 -0.0400
-1.4353 1.8205 -0.0400
-0.0043 3.3060 -0.0400
-0.1021 3.3139 -0.0400
-0.1562 3.3563 -0.0400
-0.1747 3.4297 -0.0400
-2.9132 4.8494 -0.0400
-3.0529 4.9305 -0.0400
-3.1236 4.8912 -0.0400
-3.1954 4.9232 -0.0400
-4.1088 5.8213 -0.0400
-4.1848 5.7552 -0.0400
-4.2245 5.2198 -0.0400
-4.2854 5.1451 -0.0400
-4.3652 5.1390 -0.0400
-4.3042 3.4067 -0.0400
-4.3377 3.3631 -0.0400
-4.3802 3.3381 -0.0400
-4.4304 3.3272 -0.0400
-4.4991 3.3473 -0.0400
-5.0483 3.4926 -0.0400
-5.0938 3.4570 -0.0400
-8.9486 0.1188 -0.0400
-8.4642 -0.4065 -0.0400
-8.4143 -0.4941 -0.0400
-7.8703 -0.6293 -0.0400
-7.7939 -0.6969 -0.0400
-7.8437 -0.8064 -0.0400
-6.1320 -0.8597 -0.0400
-6.0893 -0.9060 -0.0400
-6.0976 -0.9826 -0.0400
-7.9971 -2.3738 -0.0400
-7.9841 -2.4897 -0.0400
-3.7787 0.2706 -0.0400
-3.7297 0.2908 -0.0400
-3.7108 0.2871 -0.0400
-3.6946 0.2815 -0.0400
-3.6799 0.2748 -0.0400
-3.6645 0.2691 -0.0400
-3.6532 0.2597 -0.0400
-3.6424 0.2498 -0.0400
-3.6324 0.2389 -0.0400
-3.6252 0.2250 -0.0400
-3.6171 0.2118 -0.0400
-3.6151 0.1910 -0.0400
-3.6101 0.1731 -0.0400
-3.6068 0.1523 -0.0400
-5.0593 -3.6901 -0.0400
-4.9551 -3.6661 -0.0400
-4.8719 -3.6889 -0.0400
-4.8268 -3.8115 -0.0400
-4.0205 -2.5532 -0.0400
-3.9495 -2.5267 -0.0400
-3.9015 -2.5882 -0.0400
-2.8995 -1.2923 -0.0400
-2.8668 -1.2376 -0.0400
-2.8351 -1.1904 -0.0400
-2.8005 -1.1769 -0.0400
-2.7655 -1.1686 -0.0400
-2.7298 -1.1649 -0.0400
-2.6932 -1.1661 -0.0400
-2.6499 -1.1991 -0.0400
-2.6035 -1.2395 -0.0400
-1.7715 -1.7451 -0.0400
-1.7355 -1.7041 -0.0400
-1.6926 -1.6774 -0.0400
-1.6425 -1.6638 -0.0400
-1.5815 -1.6678 -0.0400
0.1967 -2.9674 -0.0400
0.2934 -2.9440 -0.0400
0.3569 -2.8821 -0.0400
0.4699 -2.8724 -0.0400
-0.0715 3.3183 -0.0400
-0.1337 3.3543 -0.0400
-3.1132 4.8931 -0.0400
-3.1854 4.9360 -0.0400
-4.0882 5.7720 -0.0400
-4.2791 5.1539 -0.0400
-4.3537 5.1297 -0.0400
-4.2655 3.4518 -0.0400
-4.2933 3.3937 -0.0400
-4.3333 3.3631 -0.0400
-4.3814 3.3484 -0.0400
-4.4283 3.3308 -0.0400
-4.4838 3.3277 -0.0400
-5.0505 3.5002 -0.0400
-5.0906 3.4571 -0.0400
-8.4072 -0.4946 -0.0400
-7.8199 -0.6170 -0.0400
-7.8238 -0.7099 -0.0400
-6.1387 -0.8696 -0.0400
-6.0859 -0.9103 -0.0400
-8.0594 -2.2931 -0.0400
-8.0194 -2.3904 -0.0400
-8.0186 -2.5150 -0.0400
-3.7631 0.2918 -0.0400
-3.7366 0.2932 -0.0400
-3.7163 0.2903 -0.0400
-3.6994 0.2851 -0.0400
-3.6842 0.2788 -0.0400
-3.6683 0.2735 -0.0400
-3.6570 0.2640 -0.0400
-3.6463 0.2541 -0.0400
-3.6366 0.2431 -0.0400
-3.6300 0.2288 -0.0400
-3.6223 0.2154 -0.0400
-3.6158 0.2003 -0.0400
-3.6105 0.1834 -0.0400
-3.6171 0.1512 -0.0400
-3.6250 0.1155 -0.0400
-5.1451 -3.6704 -0.0400
-5.0578 -3.6881 -0.0400
-4.9491 -3.6532 -0.0400
-4.8720 -3.6905 -0.0400
-4.0119 -2.5291 -0.0400
-3.9477 -2.5260 -0.0400
-3.9023 -2.5972 -0.0400
-2.9003 -1.2737 -0.0400
-2.8692 -1.2065 -0.0400
-2.8349 -1.1880 -0.0400
-2.8005 -1.1755 -0.0400
-2.7656 -1.1675 -0.0400
-2.7291 -1.1706 -0.0400
-2.6914 -1.1781 -0.0400
-2.6515 -1.1940 -0.0400
-2.6070 -1.2275 -0.0400
-1.7687 -1.7611 -0.0400
-1.7373 -1.7110 -0.0400
-1.6976 -1.6786 -0.0400
-1.6397 -1.6793 -0.0400
-1.5636 -1.7088 -0.0400
0.1911 -2.9768 -0.0400
0.2738 -2.9380 -0.0400
0.3905 -2.9350 -0.0400
0.4596 -2.8777 -0.0400
1.0807 2.3162 -0.0400
0.9769 2.3594 -0.0400
0.9375 2.4249 -0.0400
0.0516 3.2279 -0.0400
-0.0444 3.2391 -0.0400
-0.0917 3.2874 -0.0400
-3.9204 5.8786 -0.0400
-3.9958 5.7958 -0.0400
-4.1255 5.2116 -0.0400
-4.1969 5.1733 -0.0400
-4.2841 5.1933 -0.0400
-4.2528 3.4319 -0.0400
-4.2887 3.3913 -0.0400
-4.3394 3.3816 -0.0400
-4.3888 3.3684 -0.0400
-4.9671 3.5880 -0.0400
-4.9978 3.5303 -0.0400
-5.0618 3.5189 -0.0400
-8.9850 0.3222 -0.0400
-7.8457 -0.5358 -0.0400
-7.8382 -0.6247 -0.0400
-6.2139 -0.7735 -0.0400
-6.1439 -0.8065 -0.0400
-6.1294 -0.8685 -0.0400
-8.1397 -2.2223 -0.0400
-8.0556 -2.2921 -0.0400
-3.7922 0.3018 -0.0400
-3.7575 0.3080 -0.0400
-3.7346 0.3064 -0.0400
-3.7162 0.3019 -0.0400
-3.6960 0.2994 -0.0400
-3.6833 0.2910 -0.0400
-3.6721 0.2816 -0.0400
-3.6615 0.2716 -0.0400
-3.6519 0.2606 -0.0400
-3.6456 0.2463 -0.0400
-3.6385 0.2326 -0.0400
-3.6327 0.2172 -0.0400
-3.6283 0.2000 -0.0400
-3.6373 0.1667 -0.0400
-3.6540 0.1224 -0.0400
-5.2283 -3.6440 -0.0400
-5.1179 -3.6131 -0.0400
-5.0257 -3.6169 -0.0400
-4.9692 -3.7025 -0.0400
-4.0630 -2.4910 -0.0400
-4.0065 -2.5151 -0.0400
-2.9721 -1.3172 -0.0400
-2.9380 -1.2505 -0.0400
-2.9051 -1.1989 -0.0400
-2.8706 -1.1840 -0.0400
-2.8359 -1.1741 -0.0400
-2.8007 -1.1702 -0.0400
-2.7645 -1.1728 -0.0400
-2.7272 -1.1807 -0.0400
-2.6879 -1.1972 -0.0400
-1.8552 -1.8229 -0.0400
-1.8278 -1.7612 -0.0400
-1.7901 -1.7240 -0.0400
-1.7461 -1.7003 -0.0400
-1.6949 -1.6899 -0.0400
-1.6318 -1.6997 -0.0400
0.0576 -3.1013 -0.0400
0.1193 -3.0380 -0.0400
0.2051 -3.0035 -0.0400
0.3059 -2.9847 -0.0400
0.3804 -2.9342 -0.0400
1.0301 2.2861 -0.0400
0.9702 2.3447 -0.0400
0.9930 2.4346 -0.0400
-1.1836 1.6144 -0.0400
-1.2310 1.6325 -0.0400
-0.0468 3.2962 -0.0400
-0.1092 3.3323 -0.0400
-3.9927 5.8604 -0.0400
-4.0674 5.7788 -0.0400
-4.1914 5.2033 -0.0400
-4.2596 5.1531 -0.0400
-4.3416 5.1530 -0.0400
-4.2521 3.4477 -0.0400
-4.2841 3.3978 -0.0400
-4.3258 3.3694 -0.0400
-4.3757 3.3573 -0.0400
-4.4222 3.3382 -0.0400
-4.4821 3.3420 -0.0400
-5.0411 3.4997 -0.0400
-5.0918 3.4699 -0.0400
-8.9555 0.2195 -0.0400
-8.4270 -0.4041 -0.0400
-7.8311 -0.6265 -0.0400
-6.1184 -0.8707 -0.0400
-8.0526 -2.2931 -0.0400
-8.0506 -2.4148 -0.0400
-3.7425 0.3038 -0.0400
-3.7219 0.3005 -0.0400
-3.7048 0.2951 -0.0400
-3.6899 0.2884 -0.0400
-3.6766 0.2805 -0.0400
-3.6646 0.2717 -0.0400
-3.6536 0.2621 -0.0400
-3.6449 0.2504 -0.0400
-3.6368 0.2379 -0.0400
-3.6295 0.2245 -0.0400
-3.6234 0.2097 -0.0400
-3.6188 0.1927 -0.0400
-3.6274 0.1601 -0.0400
-3.6389 0.1224 -0.0400
-5.1416 -3.6686 -0.0400
-5.0326 -3.6369 -0.0400
-4.9511 -3.6638 -0.0400
-4.8874 -3.7340 -0.0400
-4.0020 -2.5115 -0.0400
-3.9461 -2.5374 -0.0400
-2.9350 -1.2633 -0.0400
-2.9008 -1.2281 -0.0400
-2.8667 -1.2043 -0.0400
-2.8336 -1.1787 -0.0400
-2.7991 -1.1704 -0.0400
-2.7637 -1.1693 -0.0400
-2.7274 -1.1727 -0.0400
-2.6898 -1.1815 -0.0400
-2.6418 -1.2410 -0.0400
-1.7972 -1.8368 -0.0400
-1.7806 -1.7539 -0.0400
-1.7498 -1.7038 -0.0400
-1.7020 -1.6876 -0.0400
-1.6453 -1.6869 -0.0400
-1.5568 -1.7388 -0.0400
0.1735 -2.9855 -0.0400
0.2657 -2.9583 -0.0400
0.3692 -2.9414 -0.0400
1.0855 2.2816 -0.0400
0.9889 2.3275 -0.0400
0.9492 2.3929 -0.0400
0.9418 2.4711 -0.0400
-1.2141 1.6584 -0.0400
-1.3211 1.6466 -0.0400
-1.3647 1.6623 -0.0400
-1.3923 1.6850 -0.0400
-0.1112 3.3090 -0.0400
-3.9793 5.8540 -0.0400
-4.0556 5.7794 -0.0400
-4.1820 5.2082 -0.0400
-4.2498 5.1558 -0.0400
-4.2595 3.4784 -0.0400
-4.2828 3.4084 -0.0400
-4.3235 3.3775 -0.0400
-4.3723 3.3627 -0.0400
-4.4241 3.3527 -0.0400
-4.9981 3.5480 -0.0400
-5.0370 3.5018 -0.0400
-8.9657 0.3225 -0.0400
-9.0024 0.2142 -0.0400
-8.4531 -0.3126 -0.0400
-8.4341 -0.4075 -0.0400
-7.8403 -0.5410 -0.0400
-7.8326 -0.6298 -0.0400
-6.1434 -0.8206 -0.0400
-6.1117 -0.8731 -0.0400
-6.1341 -0.9567 -0.0400
-8.0904 -2.3188 -0.0400
-3.7979 0.2908 -0.0400
-3.7553 0.3017 -0.0400
-3.7309 0.3007 -0.0400
-3.7119 0.2964 -0.0400
-3.6957 0.2904 -0.0400
-3.6783 0.2858 -0.0400
-3.6672 0.2762 -0.0400
-3.6568 0.2661 -0.0400
-3.6477 0.2548 -0.0400
-3.6395 0.2427 -0.0400
-3.6321 0.2296 -0.0400
-3.6256 0.2154 -0.0400
-3.6285 0.1908 -0.0400
-3.6280 0.1689 -0.0400
-3.6339 0.1390 -0.0400
-5.1349 -3.6582 -0.0400
-5.0299 -3.6351 -0.0400
-4.9547 -3.6764 -0.0400
-4.0604 -2.5051 -0.0400
-3.9998 -2.5146 -0.0400
-3.9478 -2.5546 -0.0400
-2.9329 -1.2586 -0.0400
-2.9000 -1.2068 -0.0400
-2.8658 -1.1904 -0.0400
-2.8321 -1.1738 -0.0400
-2.7975 -1.1685 -0.0400
-2.7624 -1.1661 -0.0400
-2.7251 -1.1780 -0.0400
-2.6871 -1.1896 -0.0400
-2.6357 -1.2667 -0.0400
-1.8232 -1.7879 -0.0400
-1.7918 -1.7376 -0.0400
-1.7528 -1.7045 -0.0400
-1.7076 -1.6840 -0.0400
-1.6549 -1.6766 -0.0400
0.1027 -3.0504 -0.0400
0.1849 -3.0126 -0.0400
0.2604 -2.9658 -0.0400
0.3655 -2.9510 -0.0400
0.4477 -2.9087 -0.0400
1.0093 2.3170 -0.0400
0.9561 2.3774 -0.0400
0.9814 2.4690 -0.0400
-1.1555 1.6305 -0.0400
-1.2198 1.6409 -0.0400
-1.2559 1.6625 -0.0400
-1.3407 1.6592 -0.0400
-1.3777 1.6775 -0.0400
-1.4043 1.7004 -0.0400
-1.4132 1.7327 -0.0400
-1.4135 1.7705 -0.0400
-4.0966 5.2240 -0.0400
-4.1718 5.1976 -0.0400
-4.1930 3.4653 -0.0400
-4.2299 3.4241 -0.0400
-4.2745 3.4009 -0.0400
-4.3262 3.3921 -0.0400
-4.3737 3.3740 -0.0400
-4.9994 3.5558 -0.0400
-8.9713 0.4263 -0.0400
-8.5191 -0.2275 -0.0400
-8.4923 -0.3217 -0.0400
-7.9153 -0.3813 -0.0400
-7.8611 -0.4579 -0.0400
-7.8710 -0.5514 -0.0400
-6.1658 -0.7671 -0.0400
-6.1808 -0.8442 -0.0400
-8.1690 -2.1254 -0.0400
-8.1147 -2.2135 -0.0400
-8.1192 -2.3380 -0.0400
-3.7612 0.3272 -0.0400
-3.7396 0.3237 -0.0400
-3.7222 0.3178 -0.0400
-3.7071 0.3107 -0.0400
-3.6939 0.3024 -0.0400
-3.6822 0.2932 -0.0400
-3.6715 0.2833 -0.0400
-3.6620 0.2724 -0.0400
-3.6558 0.2586 -0.0400
-3.6494 0.2447 -0.0400
-3.6446 0.2292 -0.0400
-3.6414 0.2116 -0.0400
-3.6402 0.1914 -0.0400
-3.6429 0.1664 -0.0400
-5.3039 -3.6121 -0.0400
-5.1869 -3.5710 -0.0400
-5.1021 -3.5913 -0.0400
-5.0315 -3.6419 -0.0400
-4.1120 -2.4747 -0.0400
-4.0549 -2.4948 -0.0400
-2.9680 -1.2397 -0.0400
-2.9341 -1.1997 -0.0400
-2.8996 -1.1868 -0.0400
-2.8657 -1.1725 -0.0400
-2.8309 -1.1701 -0.0400
-2.7956 -1.1714 -0.0400
-2.7576 -1.1911 -0.0400
-2.7190 -1.2085 -0.0400
-2.6770 -1.2404 -0.0400
-1.8677 -1.8151 -0.0400
-1.8443 -1.7462 -0.0400
-1.8004 -1.7237 -0.0400
-1.7502 -1.7134 -0.0400
-1.6901 -1.7207 -0.0400
0.0559 -3.1407 -0.0400
0.0934 -3.0475 -0.0400
0.2097 -3.0506 -0.0400
0.2909 -3.0093 -0.0400
1.0151 2.2271 -0.0400
0.9862 2.2965 -0.0400
0.9876 2.3776 -0.0400
-1.1819 1.6093 -0.0400
-1.2664 1.6101 -0.0400
-1.3314 1.6170 -0.0400
-1.3634 1.6380 -0.0400
-1.3850 1.6636 -0.0400
-1.4002 1.6924 -0.0400
-1.4068 1.7260 -0.0400
-4.1638 5.2117 -0.0400
-4.1899 3.4762 -0.0400
-4.2253 3.4309 -0.0400
-4.2731 3.4137 -0.0400
-4.3212 3.3968 -0.0400
-4.3779 3.3961 -0.0400
-4.9419 3.5868 -0.0400
-4.9869 3.5481 -0.0400
-8.9743 0.4263 -0.0400
-8.4627 -0.2180 -0.0400
-7.8641 -0.4610 -0.0400
-6.1991 -0.7207 -0.0400
-6.1629 -0.7714 -0.0400
-6.1751 -0.8471 -0.0400
-8.1556 -2.1197 -0.0400
-8.1597 -2.2422 -0.0400
-3.7750 0.3254 -0.0400
-3.7491 0.3240 -0.0400
-3.7297 0.3192 -0.0400
-3.7134 0.3126 -0.0400
-3.6954 0.3076 -0.0400
-3.6844 0.2978 -0.0400
-3.6743 0.2873 -0.0400
-3.6657 0.2758 -0.0400
-3.6579 0.2634 -0.0400
-3.6511 0.2502 -0.0400
-3.6452 0.2357 -0.0400
-3.6412 0.2193 -0.0400
-3.6504 0.1895 -0.0400
-3.6588 0.1590 -0.0400
-5.2910 -3.5921 -0.0400
-5.1951 -3.5931 -0.0400
-5.1023 -3.5972 -0.0400
-5.0496 -3.6876 -0.0400
-4.1079 -2.4745 -0.0400
-4.0538 -2.5037 -0.0400
-2.9999 -1.2724 -0.0400
-2.9653 -1.2186 -0.0400
-2.9313 -1.1902 -0.0400
-2.8969 -1.1806 -0.0400
-2.8629 -1.1705 -0.0400
-2.8281 -1.1699 -0.0400
-2.7929 -1.1719 -0.0400
-2.7551 -1.1913 -0.0400
-2.7115 -1.2418 -0.0400
-1.9139 -1.8387 -0.0400
-1.8838 -1.7828 -0.0400
-1.8459 -1.7468 -0.0400
-1.8029 -1.7228 -0.0400
-1.7544 -1.7097 -0.0400
-1.6560 -1.7899 -0.0400
0.0185 -3.1047 -0.0400
0.1155 -3.0867 -0.0400
0.1825 -3.0303 -0.0400
0.2825 -3.0120 -0.0400
1.0918 2.1558 -0.0400
1.0233 2.2124 -0.0400
0.9898 2.2801 -0.0400
0.9827 2.3578 -0.0400
-1.1275 1.5790 -0.0400
-1.1933 1.5900 -0.0400
-1.2303 1.6117 -0.0400
-1.3059 1.6143 -0.0400
-1.3485 1.6306 -0.0400
-1.3799 1.6513 -0.0400
-1.3921 1.6816 -0.0400
-1.3967 1.7164 -0.0400
-1.3894 1.7585 -0.0400
-4.1850 3.4844 -0.0400
-4.2160 3.4287 -0.0400
-4.2653 3.4144 -0.0400
-4.3143 3.3991 -0.0400
-4.3671 3.3906 -0.0400
-4.9317 3.5834 -0.0400
-4.9977 3.5741 -0.0400
-8.9827 0.5309 -0.0400
-8.5401 -0.1337 -0.0400
-8.4736 -0.2209 -0.0400
-7.8918 -0.3797 -0.0400
-7.8922 -0.4704 -0.0400
-6.1939 -0.7238 -0.0400
-6.1613 -0.7763 -0.0400
-8.2651 -2.0636 -0.0400
-8.1523 -2.1197 -0.0400
-8.1554 -2.2414 -0.0400
-3.7915 0.3226 -0.0400
-3.7458 0.3331 -0.0400
-3.7283 0.3267 -0.0400
-3.7133 0.3191 -0.0400
-3.7001 0.3105 -0.0400
-3.6884 0.3011 -0.0400
-3.6779 0.2909 -0.0400
-3.6684 0.2800 -0.0400
-3.6622 0.2664 -0.0400
-3.6560 0.2526 -0.0400
-3.6514 0.2372 -0.0400
-3.6485 0.2199 -0.0400
-3.6476 0.2002 -0.0400
-3.6505 0.1761 -0.0400
-3.6756 0.1285 -0.0400
-5.2862 -3.5883 -0.0400
-5.1760 -3.5602 -0.0400
-5.1078 -3.6148 -0.0400
-4.1656 -2.4691 -0.0400
-4.1041 -2.4758 -0.0400
-2.9963 -1.2487 -0.0400
-2.9618 -1.2096 -0.0400
-2.9277 -1.1868 -0.0400
-2.8938 -1.1741 -0.0400
-2.8595 -1.1691 -0.0400
-2.8245 -1.1724 -0.0400
-2.7893 -1.1759 -0.0400
-2.7510 -1.1991 -0.0400
-2.7065 -1.2565 -0.0400
-1.9167 -1.8342 -0.0400
-1.8855 -1.7813 -0.0400
-1.8474 -1.7463 -0.0400
-1.8008 -1.7300 -0.0400
-1.7458 -1.7300 -0.0400
-1.6724 -1.7628 -0.0400
0.0172 -3.1141 -0.0400
0.1032 -3.0826 -0.0400
0.2197 -3.0861 -0.0400
0.2820 -3.0228 -0.0400
1.0923 2.1388 -0.0400
1.0280 2.1968 -0.0400
0.9944 2.2644 -0.0400
1.0548 2.3679 -0.0400
-1.1759 1.5831 -0.0400
-1.2186 1.6025 -0.0400
-1.3171 1.5946 -0.0400
-1.3500 1.6152 -0.0400
-1.3732 1.6400 -0.0400
-1.3891 1.6683 -0.0400
-1.3989 1.6999 -0.0400
-1.3674 1.7558 -0.0400
0.1008 3.1612 -0.0400
0.0063 3.1742 -0.0400
-1.6397 5.6372 -0.0400
-1.7249 5.6603 -0.0400
-4.1656 3.4605 -0.0400
-4.2088 3.4324 -0.0400
-4.2579 3.4173 -0.0400
-4.3075 3.4029 -0.0400
-4.9282 3.5905 -0.0400
-4.9809 3.5623 -0.0400
-8.9718 0.5324 -0.0400
-8.4881 -0.1254 -0.0400
-8.4929 -0.2250 -0.0400
-7.8779 -0.3781 -0.0400
-7.8847 -0.4702 -0.0400
-6.2653 -0.6940 -0.0400
-6.1871 -0.7259 -0.0400
-6.2104 -0.8062 -0.0400
-8.2539 -2.0590 -0.0400
-8.1494 -2.1197 -0.0400
-3.7774 0.3387 -0.0400
-3.7534 0.3353 -0.0400
-3.7347 0.3292 -0.0400
-3.7188 0.3219 -0.0400
-3.7051 0.3135 -0.0400
-3.6904 0.3060 -0.0400
-3.6805 0.2953 -0.0400
-3.6721 0.2835 -0.0400
-3.6645 0.2711 -0.0400
-3.6578 0.2578 -0.0400
-3.6521 0.2435 -0.0400
-3.6483 0.2274 -0.0400
-3.6570 0.1993 -0.0400
-3.6631 0.1725 -0.0400
-5.2588 -3.5414 -0.0400
-5.1739 -3.5622 -0.0400
-5.1130 -3.6320 -0.0400
-4.1574 -2.4590 -0.0400
-4.1026 -2.4851 -0.0400
-3.0281 -1.3315 -0.0400
-2.9923 -1.2206 -0.0400
-2.9579 -1.1951 -0.0400
-2.9239 -1.1799 -0.0400
-2.8899 -1.1710 -0.0400
-2.8557 -1.1683 -0.0400
-2.8207 -1.1727 -0.0400
-2.7843 -1.1872 -0.0400
-2.7450 -1.2179 -0.0400
-1.9221 -1.8222 -0.0400
-1.8881 -1.7765 -0.0400
-1.8497 -1.7426 -0.0400
-1.8015 -1.7303 -0.0400
-1.7467 -1.7303 -0.0400
-1.6748 -1.7610 -0.0400
0.0056 -3.1092 -0.0400
0.0981 -3.0865 -0.0400
0.1761 -3.0442 -0.0400
1.0292 2.1801 -0.0400
1.0003 2.2493 -0.0400
1.0706 2.3564 -0.0400
-1.1639 1.5741 -0.0400
-1.2241 1.5858 -0.0400
-1.2999 1.5883 -0.0400
-1.3384 1.6064 -0.0400
-1.3644 1.6299 -0.0400
-1.3819 1.6573 -0.0400
-1.3880 1.6910 -0.0400
-1.3854 1.7302 -0.0400
0.0412 3.1806 -0.0400
-0.0155 3.2221 -0.0400
-4.1568 3.4622 -0.0400
-4.2011 3.4362 -0.0400
-4.2508 3.4221 -0.0400
-4.3059 3.4184 -0.0400
-4.9222 3.5953 -0.0400
-8.9727 0.5338 -0.0400
-8.4711 -0.1226 -0.0400
-8.4763 -0.2221 -0.0400
-7.9274 -0.3007 -0.0400
-7.8800 -0.3800 -0.0400
-7.9022 -0.4761 -0.0400
-6.2245 -0.6804 -0.0400
-6.1968 -0.7356 -0.0400
-8.2225 -2.0433 -0.0400
-3.7853 0.3418 -0.0400
-3.7595 0.3389 -0.0400
-3.7401 0.3329 -0.0400
-3.7240 0.3254 -0.0400
-3.7053 0.3199 -0.0400
-3.6943 0.3098 -0.0400
-3.6841 0.2991 -0.0400
-3.6751 0.2877 -0.0400
-3.6672 0.2756 -0.0400
-3.6630 0.2604 -0.0400
-3.6586 0.2450 -0.0400
-3.6558 0.2281 -0.0400
-3.6548 0.2091 -0.0400
-3.6573 0.1863 -0.0400
-3.6708 0.1523 -0.0400
-5.3580 -3.5517 -0.0400
-5.2568 -3.5440 -0.0400
-5.1717 -3.5646 -0.0400
-5.1136 -3.6400 -0.0400
-4.2129 -2.4491 -0.0400
-4.1529 -2.4605 -0.0400
-4.1048 -2.5062 -0.0400
-3.0228 -1.2650 -0.0400
-2.9876 -1.2163 -0.0400
-2.9533 -1.1906 -0.0400
-2.9194 -1.1767 -0.0400
-2.8856 -1.1689 -0.0400
-2.8512 -1.1700 -0.0400
-2.8160 -1.1776 -0.0400
-2.7794 -1.1949 -0.0400
-2.7397 -1.2286 -0.0400
-1.9287 -1.8058 -0.0400
-1.8912 -1.7690 -0.0400
-1.8494 -1.7433 -0.0400
-1.8003 -1.7334 -0.0400
-1.7443 -1.7362 -0.0400
-0.0676 -3.1644 -0.0400
0.0264 -3.1453 -0.0400
0.0948 -3.0917 -0.0400
0.1990 -3.0812 -0.0400
0.2826 -3.0437 -0.0400
1.7059 -0.6785 -0.0400
1.7841 -0.6112 -0.0400
1.8673 -0.5433 -0.0400
1.1176 2.1134 -0.0400
1.0449 2.1687 -0.0400
1.0089 2.2355 -0.0400
1.0102 2.3160 -0.0400
-1.1563 1.5634 -0.0400
-1.2173 1.5748 -0.0400
-1.2870 1.5803 -0.0400
-1.3287 1.5970 -0.0400
-1.3627 1.6163 -0.0400
-1.3780 1.6448 -0.0400
-1.3873 1.6766 -0.0400
-1.3901 1.7124 -0.0400
0.1217 3.1357 -0.0400
0.0279 3.1494 -0.0400
-0.0194 3.1979 -0.0400
-2.5770 4.8064 -0.0400
-2.6480 4.8093 -0.0400
-4.2998 3.4261 -0.0400
-4.8727 3.6437 -0.0400
-4.9148 3.5988 -0.0400
-4.9888 3.6002 -0.0400
-8.9880 0.5351 -0.0400
-8.5168 -0.0310 -0.0400
-8.4724 -0.1226 -0.0400
-7.8959 -0.2946 -0.0400
-7.8752 -0.3799 -0.0400
-6.2614 -0.6336 -0.0400
-6.2077 -0.6775 -0.0400
-6.1848 -0.7348 -0.0400
-3.7884 0.3482 -0.0400
-3.7631 0.3444 -0.0400
-3.7439 0.3379 -0.0400
-3.7279 0.3300 -0.0400
-3.7091 0.3242 -0.0400
-3.6980 0.3140 -0.0400
-3.6877 0.3033 -0.0400
-3.6785 0.2920 -0.0400
-3.6718 0.2789 -0.0400
-3.6654 0.2654 -0.0400
-3.6602 0.2508 -0.0400
-3.6566 0.2347 -0.0400
-3.6547 0.2168 -0.0400
-3.6705 0.1829 -0.0400
-5.3563 -3.5551 -0.0400
-5.2571 -3.5515 -0.0400
-5.1869 -3.6019 -0.0400
-4.2062 -2.4453 -0.0400
-4.1495 -2.4655 -0.0400
-4.7108 -4.3293 -0.0400
-3.0544 -1.3063 -0.0400
-3.0173 -1.2247 -0.0400
-2.9826 -1.1933 -0.0400
-2.9484 -1.1839 -0.0400
-2.9146 -1.1723 -0.0400
-2.8807 -1.1682 -0.0400
-2.8464 -1.1707 -0.0400
-2.8111 -1.1805 -0.0400
-2.7726 -1.2147 -0.0400
-2.7304 -1.2671 -0.0400
-1.9545 -1.8711 -0.0400
-1.9339 -1.7912 -0.0400
-1.8935 -1.7621 -0.0400
-1.8503 -1.7402 -0.0400
-1.7961 -1.7413 -0.0400
-1.7363 -1.7519 -0.0400
-0.0702 -3.1691 -0.0400
0.0052 -3.1261 -0.0400
0.0860 -3.0892 -0.0400
0.1963 -3.0867 -0.0400
1.6973 -0.7785 -0.0400
1.7042 -0.6900 -0.0400
1.8530 -0.6436 -0.0400
1.8686 -0.5561 -0.0400
1.1378 2.1036 -0.0400
1.0363 2.1494 -0.0400
1.0095 2.2191 -0.0400
1.0478 2.3134 -0.0400
-1.1584 1.5489 -0.0400
-1.1980 1.5697 -0.0400
-1.2811 1.5692 -0.0400
-1.3219 1.5863 -0.0400
-1.3573 1.6050 -0.0400
-1.3730 1.6331 -0.0400
-1.3840 1.6638 -0.0400
-1.3692 1.7096 -0.0400
0.1697 3.1513 -0.0400
0.0547 3.1497 -0.0400
0.0032 3.1952 -0.0400
-1.5916 5.6157 -0.0400
-2.5604 4.8173 -0.0400
-2.6310 4.8280 -0.0400
-2.7698 4.9049 -0.0400
-2.8428 4.8932 -0.0400
-2.9143 4.9329 -0.0400
-4.8661 3.6498 -0.0400
-4.9077 3.6039 -0.0400
-4.9751 3.5957 -0.0400
-8.9866 0.6424 -0.0400
-8.5108 -0.0292 -0.0400
-8.4728 -0.1220 -0.0400
-7.9637 -0.2191 -0.0400
-7.8904 -0.2940 -0.0400
-7.9132 -0.3894 -0.0400
-6.2584 -0.6365 -0.0400
-6.2070 -0.6816 -0.0400
-6.2141 -0.7532 -0.0400
-3.8153 0.3426 -0.0400
-3.7785 0.3440 -0.0400
-3.7457 0.3445 -0.0400
-3.7303 0.3359 -0.0400
-3.7122 0.3294 -0.0400
-3.7014 0.3188 -0.0400
-3.6912 0.3079 -0.0400
-3.6821 0.2964 -0.0400
-3.6751 0.2835 -0.0400
-3.6686 0.2701 -0.0400
-3.6630 0.2558 -0.0400
-3.6590 0.2402 -0.0400
-3.6653 0.2158 -0.0400
-3.6680 0.1936 -0.0400
-3.6819 0.1607 -0.0400
-5.4334 -3.5227 -0.0400
-5.3363 -3.5252 -0.0400
-5.2430 -3.5315 -0.0400
-5.1795 -3.5942 -0.0400
-4.2008 -2.4455 -0.0400
-4.1457 -2.4699 -0.0400
-3.0474 -1.2571 -0.0400
-3.0114 -1.2060 -0.0400
-2.9770 -1.1916 -0.0400
-2.9431 -1.1753 -0.0400
-2.9094 -1.1691 -0.0400
-2.8753 -1.1711 -0.0400
-2.8410 -1.1739 -0.0400
-2.8053 -1.1895 -0.0400
-2.7674 -1.2186 -0.0400
-2.7220 -1.2955 -0.0400
-1.9574 -1.8602 -0.0400
-1.9332 -1.7893 -0.0400
-1.8939 -1.7584 -0.0400
-1.8479 -1.7431 -0.0400
-1.7865 -1.7596 -0.0400
-1.7105 -1.8022 -0.0400
-0.0741 -3.1711 -0.0400
0.0117 -3.1419 -0.0400
0.1074 -3.1235 -0.0400
0.1870 -3.0833 -0.0400
1.7004 -0.7909 -0.0400
1.7005 -0.7003 -0.0400
1.8507 -0.6547 -0.0400
2.0511 -0.6182 -0.0400
1.0408 2.2942 -0.0400
-1.1246 1.5499 -0.0400
-1.2007 1.5551 -0.0400
-1.2264 1.5809 -0.0400
-1.3195 1.5738 -0.0400
-1.3460 1.5968 -0.0400
-1.3680 1.6217 -0.0400
-1.3795 1.6520 -0.0400
-1.3693 1.6949 -0.0400
0.1291 3.1006 -0.0400
0.0421 3.1195 -0.0400
0.0021 3.1736 -0.0400
-1.5727 5.6167 -0.0400
-2.5459 4.8066 -0.0400
-2.6169 4.8114 -0.0400
-2.7535 4.9204 -0.0400
-2.8273 4.8976 -0.0400
-2.8991 4.9282 -0.0400
-4.8558 3.6513 -0.0400
-4.9007 3.6100 -0.0400
-8.4939 -0.0256 -0.0400
-8.5040 -0.1259 -0.0400
-7.9528 -0.2169 -0.0400
-7.8891 -0.2938 -0.0400
-7.9040 -0.3875 -0.0400
-6.2419 -0.6334 -0.0400
-6.2086 -0.6864 -0.0400
-3.7727 0.3555 -0.0400
-3.7538 0.3480 -0.0400
-3.7311 0.3432 -0.0400
-3.7186 0.3331 -0.0400
-3.7071 0.3227 -0.0400
-3.6945 0.3130 -0.0400
-3.6857 0.3012 -0.0400
-3.6789 0.2881 -0.0400
-3.6724 0.2747 -0.0400
-3.6668 0.2605 -0.0400
-3.6626 0.2450 -0.0400
-3.6677 0.2220 -0.0400
-3.6694 0.2010 -0.0400
-3.6775 0.1738 -0.0400
-5.4394 -3.5397 -0.0400
-5.3507 -3.5583 -0.0400
-5.2461 -3.5445 -0.0400
-4.1974 -2.4513 -0.0400
-3.0784 -1.2945 -0.0400
-3.0409 -1.2407 -0.0400
-3.0053 -1.1961 -0.0400
-2.9711 -1.1845 -0.0400
-2.9374 -1.1713 -0.0400
-2.9036 -1.1692 -0.0400
-2.8697 -1.1708 -0.0400
-2.8347 -1.1837 -0.0400
-2.7979 -1.2111 -0.0400
-2.7561 -1.2727 -0.0400
-1.9932 -1.8996 -0.0400
-1.9645 -1.8369 -0.0400
-1.9340 -1.7828 -0.0400
-1.8927 -1.7570 -0.0400
-1.8463 -1.7430 -0.0400
-1.7856 -1.7587 -0.0400
-0.0730 -3.1789 -0.0400
0.0067 -3.1419 -0.0400
0.1014 -3.1229 -0.0400
0.1818 -3.0839 -0.0400
1.6963 -0.7099 -0.0400
1.8392 -0.6626 -0.0400
2.0466 -0.6286 -0.0400
-1.1893 1.5470 -0.0400
-1.2531 1.5554 -0.0400
-1.3036 1.5681 -0.0400
-1.3431 1.5848 -0.0400
-1.3625 1.6108 -0.0400
-1.3737 1.6412 -0.0400
-1.3805 1.6743 -0.0400
-1.3357 1.7384 -0.0400
0.1440 3.0919 -0.0400
0.0555 3.1097 -0.0400
0.0077 3.1575 -0.0400
-2.5303 4.8033 -0.0400
-2.6007 4.8154 -0.0400
-2.7384 4.9081 -0.0400
-2.8117 4.8963 -0.0400
-2.8820 4.9974 -0.0400
-8.4976 -0.0244 -0.0400
-8.5398 -0.1300 -0.0400
-7.9278 -0.2115 -0.0400
-7.8986 -0.2956 -0.0400
-6.2276 -0.6309 -0.0400
-6.2219 -0.6962 -0.0400
-3.7932 0.3543 -0.0400
-3.7583 0.3542 -0.0400
-3.7360 0.3486 -0.0400
-3.7236 0.3382 -0.0400
-3.7090 0.3293 -0.0400
-3.6991 0.3179 -0.0400
-3.6897 0.3064 -0.0400
-3.6820 0.2937 -0.0400
-3.6749 0.2806 -0.0400
-3.6717 0.2648 -0.0400
-3.6676 0.2493 -0.0400
-3.6725 0.2268 -0.0400
-3.6737 0.2063 -0.0400
-3.6804 0.1808 -0.0400
-5.4218 -3.5157 -0.0400
-5.3163 -3.5026 -0.0400
-5.2378 -3.5360 -0.0400
-4.2477 -2.4298 -0.0400
-4.1917 -2.4516 -0.0400
-4.7895 -4.2901 -0.0400
-3.0693 -1.2367 -0.0400
-3.0336 -1.2105 -0.0400
-2.9989 -1.1926 -0.0400
-2.9649 -1.1741 -0.0400
-2.9313 -1.1698 -0.0400
-2.8975 -1.1700 -0.0400
-2.8635 -1.1738 -0.0400
-2.8281 -1.1933 -0.0400
-2.7900 -1.2350 -0.0400
-2.7499 -1.2793 -0.0400
-1.9957 -1.8860 -0.0400
-1.9717 -1.8119 -0.0400
-1.9346 -1.7753 -0.0400
-1.8899 -1.7579 -0.0400
-1.8422 -1.7472 -0.0400
-1.7777 -1.7711 -0.0400
-0.1244 -3.2597 -0.0400
-0.0647 -3.1955 -0.0400
0.0045 -3.1446 -0.0400
0.1109 -3.1407 -0.0400
1.6686 -0.8013 -0.0400
1.7167 -0.7266 -0.0400
1.8353 -0.6721 -0.0400
1.9046 -0.6002 -0.0400
-1.3360 1.5752 -0.0400
-1.3582 1.5997 -0.0400
-1.3723 1.6284 -0.0400
-1.3718 1.6653 -0.0400
-1.3701 1.7038 -0.0400
0.1526 3.0786 -0.0400
0.0656 3.0976 -0.0400
0.0385 3.1620 -0.0400
-1.5391 5.6032 -0.0400
-2.5140 4.8040 -0.0400
-2.5846 4.8150 -0.0400
-2.7225 4.9051 -0.0400
-2.7957 4.8976 -0.0400
-2.8678 4.9216 -0.0400
-3.6609 5.9028 -0.0400
-8.5355 0.0716 -0.0400
-8.4950 -0.0219 -0.0400
-7.9304 -0.2111 -0.0400
-7.9067 -0.2966 -0.0400
-6.2595 -0.5801 -0.0400
-6.2273 -0.6340 -0.0400
-3.8067 0.3577 -0.0400
-3.7680 0.3585 -0.0400
-3.7445 0.3529 -0.0400
-3.7267 0.3450 -0.0400
-3.7157 0.3338 -0.0400
-3.7032 0.3237 -0.0400
-3.6936 0.3120 -0.0400
-3.6859 0.2993 -0.0400
-3.6803 0.2852 -0.0400
-3.6744 0.2711 -0.0400
-3.6744 0.2528 -0.0400
-3.6717 0.2360 -0.0400
-3.6706 0.2177 -0.0400
-3.6889 0.1837 -0.0400
-5.3947 -3.4751 -0.0400
-5.3090 -3.4964 -0.0400
-5.2594 -3.5842 -0.0400
-4.2416 -2.4295 -0.0400
-4.8675 -4.2384 -0.0400
-3.0631 -1.2463 -0.0400
-3.0264 -1.1933 -0.0400
-2.9922 -1.1812 -0.0400
-2.9584 -1.1695 -0.0400
-2.9248 -1.1684 -0.0400
-2.8911 -1.1705 -0.0400
-2.8566 -1.1860 -0.0400
-2.8215 -1.1999 -0.0400
-2.7820 -1.2564 -0.0400
-2.0040 -1.8549 -0.0400
-1.9722 -1.8028 -0.0400
-1.9329 -1.7721 -0.0400
-1.8876 -1.7568 -0.0400
-1.8334 -1.7607 -0.0400
-0.1554 -3.2204 -0.0400
-0.0866 -3.1703 -0.0400
0.0068 -3.1524 -0.0400
0.1058 -3.1393 -0.0400
1.6789 -0.8144 -0.0400
1.6963 -0.7299 -0.0400
1.8535 -0.6876 -0.0400
2.0856 -0.6610 -0.0400
-1.3720 1.6517 -0.0400
-1.3514 1.7010 -0.0400
0.1544 3.0607 -0.0400
0.0714 3.0825 -0.0400
0.0483 3.1498 -0.0400
-1.5128 5.6280 -0.0400
-2.4971 4.8086 -0.0400
-2.5688 4.8102 -0.0400
-2.7061 4.9072 -0.0400
-2.7795 4.8986 -0.0400
-2.8516 4.9253 -0.0400
-3.6451 5.9121 -0.0400
-3.7317 5.8747 -0.0400
-8.5353 0.0745 -0.0400
-8.4987 -0.0198 -0.0400
-7.9803 -0.1284 -0.0400
-7.9213 -0.2080 -0.0400
-7.9463 -0.3037 -0.0400
-6.2581 -0.5822 -0.0400
-6.2372 -0.6410 -0.0400
-3.8047 0.3691 -0.0400
-3.7711 0.3667 -0.0400
-3.7491 0.3599 -0.0400
-3.7320 0.3513 -0.0400
-3.7210 0.3398 -0.0400
-3.7085 0.3294 -0.0400
-3.6981 0.3180 -0.0400
-3.6903 0.3051 -0.0400
-3.6833 0.2919 -0.0400
-3.6787 0.2769 -0.0400
-3.6778 0.2593 -0.0400
-3.6745 0.2430 -0.0400
-3.6813 0.2191 -0.0400
-3.6840 0.1974 -0.0400
-5.4969 -3.4860 -0.0400
-5.3998 -3.4906 -0.0400
-5.3060 -3.4980 -0.0400
-5.2441 -3.5624 -0.0400
-4.2981 -2.4233 -0.0400
-4.2357 -2.4297 -0.0400
-4.1933 -2.4864 -0.0400
-3.0929 -1.2723 -0.0400
-3.0537 -1.1989 -0.0400
-3.0191 -1.1838 -0.0400
-2.9852 -1.1747 -0.0400
-2.9516 -1.1697 -0.0400
-2.9180 -1.1705 -0.0400
-2.8843 -1.1762 -0.0400
-2.8491 -1.2028 -0.0400
-2.8132 -1.2261 -0.0400
-2.7747 -1.2679 -0.0400
-2.0040 -1.8453 -0.0400
-1.9733 -1.7907 -0.0400
-1.9305 -1.7695 -0.0400
-1.8826 -1.7606 -0.0400
-1.8260 -1.7702 -0.0400
-0.1610 -3.2160 -0.0400
-0.0701 -3.1965 -0.0400
0.0271 -3.1831 -0.0400
0.1022 -3.1389 -0.0400
1.6598 -0.8169 -0.0400
1.8176 -0.7778 -0.0400
1.8344 -0.6913 -0.0400
2.0444 -0.6595 -0.0400
0.1826 3.0625 -0.0400
0.0746 3.0658 -0.0400
0.0363 3.1206 -0.0400
-2.4817 4.7979 -0.0400
-2.5486 4.8488 -0.0400
-2.6891 4.9162 -0.0400
-2.7631 4.8991 -0.0400
-3.6226 5.8722 -0.0400
-3.7122 5.8595 -0.0400
-3.8661 5.2552 -0.0400
-3.9453 5.2404 -0.0400
-8.5149 0.0802 -0.0400
-8.5432 -0.0227 -0.0400
-7.9795 -0.1262 -0.0400
-7.9232 -0.2065 -0.0400
-6.3181 -0.5404 -0.0400
-6.2473 -0.5801 -0.0400
-6.2432 -0.6459 -0.0400
-3.7870 0.3701 -0.0400
-3.7617 0.3640 -0.0400
-3.7385 0.3577 -0.0400
-3.7244 0.3476 -0.0400
-3.7126 0.3365 -0.0400
-3.7026 0.3246 -0.0400
-3.6947 0.3117 -0.0400
-3.6876 0.2983 -0.0400
-3.6821 0.2840 -0.0400
-3.6797 0.2674 -0.0400
-3.6805 0.2484 -0.0400
-3.6781 0.2312 -0.0400
-3.6880 0.2048 -0.0400
-5.4856 -3.4734 -0.0400
-5.3773 -3.4582 -0.0400
-5.3088 -3.5099 -0.0400
-4.3538 -2.4139 -0.0400
-4.2858 -2.4084 -0.0400
-4.2385 -2.4514 -0.0400
-3.0815 -1.2117 -0.0400
-3.0461 -1.1905 -0.0400
-3.0118 -1.1783 -0.0400
-2.9780 -1.1713 -0.0400
-2.9445 -1.1691 -0.0400
-2.9110 -1.1739 -0.0400
-2.8771 -1.1832 -0.0400
-2.8426 -1.1979 -0.0400
-2.8040 -1.2626 -0.0400
-2.0281 -1.9114 -0.0400
-2.0068 -1.8266 -0.0400
-1.9701 -1.7885 -0.0400
-1.9273 -1.7679 -0.0400
-1.8784 -1.7617 -0.0400
-1.8067 -1.8056 -0.0400
-0.1620 -3.2171 -0.0400
-0.0744 -3.1935 -0.0400
0.0196 -3.1765 -0.0400
0.1226 -3.1684 -0.0400
1.6623 -0.8262 -0.0400
1.8005 -0.7811 -0.0400
1.8670 -0.7100 -0.0400
0.1657 3.0314 -0.0400
0.0876 3.0569 -0.0400
0.0547 3.1160 -0.0400
-2.4647 4.8006 -0.0400
-2.5349 4.8176 -0.0400
-2.6736 4.8979 -0.0400
-2.7462 4.9076 -0.0400
-3.6123 5.9279 -0.0400
-3.8523 5.2688 -0.0400
-3.9358 5.2717 -0.0400
-8.5317 0.0821 -0.0400
-7.9454 -0.1178 -0.0400
-7.9305 -0.2055 -0.0400
-6.3006 -0.5353 -0.0400
-6.2482 -0.5822 -0.0400
-3.7982 0.3766 -0.0400
-3.7678 0.3721 -0.0400
-3.7476 0.3638 -0.0400
-3.7319 0.3540 -0.0400
-3.7193 0.3430 -0.0400
-3.7085 0.3313 -0.0400
-3.6994 0.3188 -0.0400
-3.6926 0.3051 -0.0400
-3.6872 0.2906 -0.0400
-3.6845 0.2742 -0.0400
-3.6841 0.2561 -0.0400
-3.6810 0.2394 -0.0400
-3.6870 0.2161 -0.0400
-3.7105 0.1794 -0.0400
-5.5732 -3.4565 -0.0400
-5.4845 -3.4774 -0.0400
-5.3744 -3.4596 -0.0400
-5.3023 -3.5048 -0.0400
-4.3595 -2.4400 -0.0400
-4.2811 -2.4115 -0.0400
-4.2301 -2.4453 -0.0400
-3.1108 -1.2375 -0.0400
-3.0736 -1.2052 -0.0400
-3.0384 -1.1857 -0.0400
-3.0043 -1.1752 -0.0400
-2.9707 -1.1675 -0.0400
-2.9373 -1.1706 -0.0400
-2.9038 -1.1778 -0.0400
-2.8698 -1.1904 -0.0400
-2.8332 -1.2438 -0.0400
-2.0414 -1.8597 -0.0400
-2.0091 -1.8080 -0.0400
-1.9679 -1.7829 -0.0400
-1.9228 -1.7683 -0.0400
-1.8706 -1.7703 -0.0400
-1.8012 -1.8088 -0.0400
-0.2300 -3.2692 -0.0400
-0.1534 -3.2311 -0.0400
-0.0799 -3.1880 -0.0400
0.0290 -3.1913 -0.0400
0.1332 -3.1847 -0.0400
1.6643 -0.9251 -0.0400
1.6537 -0.8310 -0.0400
1.8043 -0.7904 -0.0400
1.8329 -0.7080 -0.0400
2.0545 -0.6804 -0.0400
0.0579 3.0997 -0.0400
-2.4484 4.7962 -0.0400
-2.6563 4.9070 -0.0400
-2.7298 4.9003 -0.0400
-2.8015 4.9455 -0.0400
-3.5946 5.9293 -0.0400
-3.8351 5.2664 -0.0400
-3.9159 5.2575 -0.0400
-8.5257 0.0871 -0.0400
-7.9712 -0.1191 -0.0400
-7.9653 -0.2092 -0.0400
-6.2788 -0.5282 -0.0400
-3.8109 0.3836 -0.0400
-3.7858 0.3760 -0.0400
-3.7585 0.3701 -0.0400
-3.7398 0.3612 -0.0400
-3.7253 0.3507 -0.0400
-3.7137 0.3391 -0.0400
-3.7046 0.3264 -0.0400
-3.6972 0.3129 -0.0400
-3.6910 0.2987 -0.0400
-3.6864 0.2835 -0.0400
-3.6873 0.2647 -0.0400
-3.6882 0.2455 -0.0400
-3.6934 0.2229 -0.0400
-3.7123 0.1902 -0.0400
-5.5681 -3.4536 -0.0400
-5.4816 -3.4782 -0.0400
-5.3718 -3.4612 -0.0400
-4.3318 -2.3915 -0.0400
-4.2784 -2.4191 -0.0400
-4.9431 -4.2044 -0.0400
-3.1028 -1.2331 -0.0400
-3.0659 -1.2023 -0.0400
-3.0301 -1.1720 -0.0400
-2.9965 -1.1677 -0.0400
-2.9632 -1.1676 -0.0400
-2.9299 -1.1720 -0.0400
-2.8964 -1.1812 -0.0400
-2.8615 -1.2222 -0.0400
-2.8249 -1.2674 -0.0400
-2.0433 -1.8399 -0.0400
-2.0072 -1.7998 -0.0400
-1.9639 -1.7809 -0.0400
-1.9153 -1.7754 -0.0400
-1.8539 -1.7991 -0.0400
-0.2351 -3.2624 -0.0400
-0.1544 -3.2306 -0.0400
-0.0771 -3.1931 -0.0400
0.0237 -3.1858 -0.0400
1.6228 -0.9171 -0.0400
1.6779 -0.8465 -0.0400
1.7937 -0.7945 -0.0400
1.9036 -0.7373 -0.0400
-2.3655 4.7912 -0.0400
-2.4358 4.8069 -0.0400
-2.5728 4.8922 -0.0400
-2.6447 4.9114 -0.0400
-3.4856 5.8861 -0.0400
-3.7453 5.2873 -0.0400
-3.8278 5.2868 -0.0400
-3.9743 3.5860 -0.0400
-4.0089 3.5282 -0.0400
-8.5858 0.1838 -0.0400
-7.9766 -0.0269 -0.0400
-6.2999 -0.4694 -0.0400
-3.7989 0.4027 -0.0400
-3.7799 0.3925 -0.0400
-3.7572 0.3843 -0.0400
-3.7412 0.3740 -0.0400
-3.7316 0.3611 -0.0400
-3.7207 0.3489 -0.0400
-3.7127 0.3355 -0.0400
-3.7066 0.3211 -0.0400
-3.7024 0.3056 -0.0400
-3.7005 0.2887 -0.0400
-3.7007 0.2703 -0.0400
-3.7033 0.2500 -0.0400
-3.7107 0.2260 -0.0400
-5.6339 -3.3992 -0.0400
-5.5144 -3.3722 -0.0400
-5.4444 -3.4207 -0.0400
-4.3839 -2.3694 -0.0400
-4.3296 -2.3953 -0.0400
-3.1663 -1.2245 -0.0400
-3.1283 -1.1947 -0.0400
-3.0926 -1.1775 -0.0400
-3.0583 -1.1686 -0.0400
-3.0246 -1.1651 -0.0400
-2.9914 -1.1662 -0.0400
-2.9584 -1.1824 -0.0400
-2.9250 -1.2009 -0.0400
-2.8907 -1.2299 -0.0400
-2.8544 -1.2914 -0.0400
-2.1247 -1.8881 -0.0400
-2.0880 -1.8457 -0.0400
-2.0500 -1.8101 -0.0400
-2.0054 -1.7950 -0.0400
-1.9534 -1.7994 -0.0400
-1.8761 -1.8648 -0.0400
-0.3583 -3.3832 -0.0400
-0.3116 -3.2992 -0.0400
-0.2234 -3.2799 -0.0400
-0.1438 -3.2462 -0.0400
-0.0477 -3.2341 -0.0400
1.5996 -1.0031 -0.0400
1.6211 -0.9208 -0.0400
1.7620 -0.8800 -0.0400
2.0160 -0.8715 -0.0400
-1.3708 5.5585 -0.0400
-2.5549 4.9036 -0.0400
-2.6288 4.8962 -0.0400
-2.6994 4.9465 -0.0400
-3.3855 5.9855 -0.0400
-3.4683 5.8934 -0.0400
-3.6557 5.3470 -0.0400
-3.7290 5.2923 -0.0400
-3.8118 5.2928 -0.0400
-3.9546 3.5721 -0.0400
-3.9977 3.5368 -0.0400
-4.0479 3.5203 -0.0400
-4.1005 3.5092 -0.0400
-4.1617 3.5163 -0.0400
-8.5551 0.2918 -0.0400
-8.5838 0.1895 -0.0400
-7.9747 -0.0225 -0.0400
-6.3561 -0.4219 -0.0400
-6.3017 -0.4702 -0.0400
-3.7899 0.4015 -0.0400
-3.7724 0.3907 -0.0400
-3.7512 0.3819 -0.0400
-3.7365 0.3708 -0.0400
-3.7272 0.3576 -0.0400
-3.7183 0.3444 -0.0400
-3.7117 0.3301 -0.0400
-3.7058 0.3155 -0.0400
-3.7032 0.2989 -0.0400
-3.7033 0.2806 -0.0400
-3.7066 0.2601 -0.0400
-3.7148 0.2360 -0.0400
-3.7432 0.1982 -0.0400
-5.5976 -3.3486 -0.0400
-5.5105 -3.3710 -0.0400
-5.4458 -3.4282 -0.0400
-4.3795 -2.3724 -0.0400
-5.1077 -4.1251 -0.0400
-3.1588 -1.2266 -0.0400
-3.1206 -1.1957 -0.0400
-3.0838 -1.1662 -0.0400
-3.0501 -1.1632 -0.0400
-3.0169 -1.1650 -0.0400
-2.9839 -1.1715 -0.0400
-2.9508 -1.1836 -0.0400
-2.9174 -1.2033 -0.0400
-2.8831 -1.2351 -0.0400
-2.1280 -1.8587 -0.0400
-2.0878 -1.8287 -0.0400
-2.0453 -1.8078 -0.0400
-1.9974 -1.8023 -0.0400
-1.9464 -1.8039 -0.0400
-0.3485 -3.3981 -0.0400
-0.3110 -3.2993 -0.0400
-0.2242 -3.2782 -0.0400
-0.1182 -3.2827 -0.0400
-0.0392 -3.2460 -0.0400
1.5892 -1.0960 -0.0400
1.5819 -1.0021 -0.0400
1.7375 -0.9694 -0.0400
1.7607 -0.8859 -0.0400
1.9720 -0.8640 -0.0400
1.2150 1.8347 -0.0400
1.1265 1.8870 -0.0400
-1.3538 5.5517 -0.0400
-3.4529 5.9199 -0.0400
-3.7128 5.2989 -0.0400
-3.7944 5.2928 -0.0400
-3.9502 3.6006 -0.0400
-3.9838 3.5393 -0.0400
-4.0337 3.5219 -0.0400
-4.0895 3.5184 -0.0400
-4.1460 3.5146 -0.0400
-8.5717 0.2967 -0.0400
-8.5642 0.1974 -0.0400
-7.9982 0.0698 -0.0400
-7.9773 -0.0182 -0.0400
-6.3304 -0.4127 -0.0400
-3.8117 0.4076 -0.0400
-3.7754 0.4029 -0.0400
-3.7608 0.3910 -0.0400
-3.7482 0.3787 -0.0400
-3.7337 0.3673 -0.0400
-3.7249 0.3538 -0.0400
-3.7169 0.3400 -0.0400
-3.7117 0.3248 -0.0400
-3.7068 0.3094 -0.0400
-3.7069 0.2912 -0.0400
-3.7105 0.2706 -0.0400
-3.7101 0.2519 -0.0400
-3.7257 0.2230 -0.0400
-5.7009 -3.3520 -0.0400
-5.6189 -3.3851 -0.0400
-5.5062 -3.3689 -0.0400
-5.4541 -3.4466 -0.0400
-4.4272 -2.3446 -0.0400
-4.3761 -2.3770 -0.0400
-5.1053 -4.1253 -0.0400
-3.1857 -1.2250 -0.0400
-3.1467 -1.1935 -0.0400
-3.1105 -1.1758 -0.0400
-3.0760 -1.1670 -0.0400
-3.0423 -1.1638 -0.0400
-3.0091 -1.1655 -0.0400
-2.9766 -1.1829 -0.0400
-2.9435 -1.2035 -0.0400
-2.9099 -1.2369 -0.0400
-2.1528 -1.9243 -0.0400
-2.1202 -1.8651 -0.0400
-2.0844 -1.8212 -0.0400
-2.0399 -1.8065 -0.0400
-1.9863 -1.8173 -0.0400
-1.9284 -1.8367 -0.0400
-0.3797 -3.3459 -0.0400
-0.3066 -3.3046 -0.0400
-0.2234 -3.2781 -0.0400
-0.1165 -3.2844 -0.0400
-0.0363 -3.2495 -0.0400
1.5782 -1.0059 -0.0400
1.6447 -0.9409 -0.0400
1.8038 -0.9066 -0.0400
1.1967 1.8188 -0.0400
1.1230 1.8748 -0.0400
1.0994 1.9441 -0.0400
1.1202 2.0276 -0.0400
-1.3364 5.5463 -0.0400
-3.4326 5.9617 -0.0400
-3.5160 5.8851 -0.0400
-3.7698 5.2875 -0.0400
-3.8671 5.3540 -0.0400
-3.9803 3.5827 -0.0400
-4.0186 3.5346 -0.0400
-4.0665 3.5119 -0.0400
-4.1198 3.5014 -0.0400
-4.1873 3.5204 -0.0400
-4.7123 3.7657 -0.0400
-8.5502 0.2076 -0.0400
-8.0015 -0.0146 -0.0400
-7.9582 -0.0992 -0.0400
-3.8174 0.4014 -0.0400
-3.7876 0.3940 -0.0400
-3.7676 0.3836 -0.0400
-3.7444 0.3752 -0.0400
-3.7329 0.3623 -0.0400
-3.7204 0.3502 -0.0400
-3.7128 0.3360 -0.0400
-3.7058 0.3215 -0.0400
-3.7011 0.3058 -0.0400
-3.6968 0.2898 -0.0400
-3.6987 0.2702 -0.0400
-3.7058 0.2470 -0.0400
-3.7082 0.2260 -0.0400
-5.6159 -3.3853 -0.0400
-5.5105 -3.3810 -0.0400
-5.4393 -3.4282 -0.0400
-4.4274 -2.3591 -0.0400
-4.3660 -2.3709 -0.0400
-4.3192 -2.4132 -0.0400
-5.0174 -4.1644 -0.0400
-3.1414 -1.2327 -0.0400
-3.1002 -1.1773 -0.0400
-3.0656 -1.1682 -0.0400
-3.0319 -1.1647 -0.0400
-2.9986 -1.1661 -0.0400
-2.9657 -1.1723 -0.0400
-2.9327 -1.1843 -0.0400
-2.8993 -1.2041 -0.0400
-2.8652 -1.2366 -0.0400
-2.1055 -1.8868 -0.0400
-2.0755 -1.8233 -0.0400
-2.0325 -1.8042 -0.0400
-1.9867 -1.7936 -0.0400
-1.9372 -1.7921 -0.0400
-0.3043 -3.3051 -0.0400
-0.2167 -3.2856 -0.0400
-0.1379 -3.2513 -0.0400
-0.0430 -3.2385 -0.0400
0.0586 -3.2321 -0.0400
1.6308 -0.9421 -0.0400
1.7492 -0.8943 -0.0400
1.8131 -0.8250 -0.0400
3.0375 -0.2391 -0.0400
1.1844 1.8782 -0.0400
1.0950 1.9285 -0.0400
1.0867 2.0022 -0.0400
1.1170 2.0895 -0.0400
-1.0770 1.4508 -0.0400
-1.1377 1.4622 -0.0400
-1.3994 5.5609 -0.0400
-3.4155 5.9169 -0.0400
-3.6050 5.3609 -0.0400
-3.6787 5.3056 -0.0400
-3.7645 5.3209 -0.0400
-3.9235 3.6116 -0.0400
-3.9614 3.5605 -0.0400
-4.0101 3.5392 -0.0400
-4.0633 3.5289 -0.0400
-4.1171 3.5186 -0.0400
-4.6599 3.8183 -0.0400
-4.6953 3.7560 -0.0400
-8.5614 0.3116 -0.0400
-7.9886 0.0824 -0.0400
-8.0374 -0.0158 -0.0400
-6.3762 -0.3573 -0.0400
-3.8142 0.4192 -0.0400
-3.7891 0.4096 -0.0400
-3.7708 0.3983 -0.0400
-3.7497 0.3885 -0.0400
-3.7393 0.3750 -0.0400
-3.7301 0.3612 -0.0400
-3.7223 0.3469 -0.0400
-3.7165 0.3317 -0.0400
-3.7151 0.3141 -0.0400
-3.7128 0.2969 -0.0400
-3.7115 0.2789 -0.0400
-3.7221 0.2539 -0.0400
-3.7293 0.2300 -0.0400
-5.6820 -3.3307 -0.0400
-5.5722 -3.3217 -0.0400
-5.5092 -3.3813 -0.0400
-4.4897 -2.3542 -0.0400
-4.4200 -2.3512 -0.0400
-4.3874 -2.4227 -0.0400
-3.2049 -1.2231 -0.0400
-3.1651 -1.1917 -0.0400
-3.1285 -1.1742 -0.0400
-3.0936 -1.1656 -0.0400
-3.0598 -1.1626 -0.0400
-3.0269 -1.1684 -0.0400
-2.9943 -1.1812 -0.0400
-2.9617 -1.2016 -0.0400
-2.9288 -1.2343 -0.0400
-2.8952 -1.3118 -0.0400
-2.1589 -1.8577 -0.0400
-2.1176 -1.8319 -0.0400
-2.0734 -1.8166 -0.0400
-2.0261 -1.8107 -0.0400
-1.9577 -1.8635 -0.0400
-0.4333 -3.4138 -0.0400
-0.3773 -3.3442 -0.0400
-0.2900 -3.3255 -0.0400
-0.1841 -3.3330 -0.0400
-0.1144 -3.2839 -0.0400
1.5399 -1.0893 -0.0400
1.5968 -1.0218 -0.0400
1.7127 -0.9752 -0.0400
1.7734 -0.9058 -0.0400
3.0065 -0.4520 -0.0400
3.0175 -0.3472 -0.0400
1.1488 1.7859 -0.0400
1.1133 1.8515 -0.0400
1.1050 1.9248 -0.0400
1.1375 2.0115 -0.0400
-1.0695 1.4122 -0.0400
-1.1289 1.4249 -0.0400
-1.1770 1.4404 -0.0400
-1.2427 1.4467 -0.0400
-1.2783 1.4647 -0.0400
-1.2173 5.5098 -0.0400
-2.2992 4.7783 -0.0400
-3.6625 5.3153 -0.0400
-3.9166 3.6357 -0.0400
-3.9449 3.5582 -0.0400
-3.9964 3.5441 -0.0400
-4.0504 3.5353 -0.0400
-4.1040 3.5248 -0.0400
-4.6340 3.8027 -0.0400
-4.6814 3.7610 -0.0400
-8.5953 0.4178 -0.0400
-8.5794 0.3182 -0.0400
-8.0012 0.0874 -0.0400
-3.8650 0.4199 -0.0400
-3.8096 0.4188 -0.0400
-3.7858 0.4086 -0.0400
-3.7594 0.4001 -0.0400
-3.7478 0.3867 -0.0400
-3.7376 0.3730 -0.0400
-3.7291 0.3587 -0.0400
-3.7225 0.3436 -0.0400
-3.7174 0.3278 -0.0400
-3.7138 0.3112 -0.0400
-3.7183 0.2902 -0.0400
-3.7193 0.2707 -0.0400
-3.7414 0.2389 -0.0400
-5.7695 -3.3066 -0.0400
-5.6568 -3.2968 -0.0400
-5.5686 -3.3191 -0.0400
-5.5115 -3.3877 -0.0400
-4.5443 -2.3357 -0.0400
-4.4702 -2.3263 -0.0400
-4.4263 -2.3734 -0.0400
-5.1835 -4.0850 -0.0400
-3.1967 -1.2206 -0.0400
-3.1540 -1.1699 -0.0400
-3.1191 -1.1622 -0.0400
-3.0852 -1.1599 -0.0400
-3.0519 -1.1622 -0.0400
-3.0191 -1.1691 -0.0400
-2.9866 -1.1816 -0.0400
-2.9539 -1.2015 -0.0400
-2.9230 -1.3025 -0.0400
-2.1918 -1.8928 -0.0400
-2.1537 -1.8530 -0.0400
-2.1120 -1.8287 -0.0400
-2.0672 -1.8156 -0.0400
-2.0102 -1.8391 -0.0400
-1.9355 -1.9086 -0.0400
-0.4272 -3.4202 -0.0400
-0.3625 -3.3646 -0.0400
-0.2880 -3.3252 -0.0400
-0.1844 -3.3295 -0.0400
-0.1073 -3.2915 -0.0400
1.5364 -1.0911 -0.0400
1.6180 -1.0337 -0.0400
1.7082 -0.9774 -0.0400
1.1591 1.7794 -0.0400
1.1160 1.8429 -0.0400
1.1029 1.9145 -0.0400
-1.0606 1.4085 -0.0400
-1.1508 1.4090 -0.0400
-1.1749 1.4339 -0.0400
-1.2416 1.4396 -0.0400
-1.2773 1.4574 -0.0400
-1.3076 1.4767 -0.0400
-1.3209 1.5038 -0.0400
-1.3305 1.5330 -0.0400
-1.1970 5.5141 -0.0400
-1.2838 5.5340 -0.0400
-2.2826 4.7764 -0.0400
-2.3518 4.7999 -0.0400
-2.4883 4.8846 -0.0400
-2.5595 4.9117 -0.0400
-3.6442 5.3131 -0.0400
-3.7305 5.3308 -0.0400
-3.8902 3.6063 -0.0400
-3.9326 3.5672 -0.0400
-3.9815 3.5465 -0.0400
-4.0372 3.5420 -0.0400
-4.1086 3.5715 -0.0400
-4.6706 3.7720 -0.0400
-8.5713 0.4278 -0.0400
-8.0434 0.1814 -0.0400
-7.9962 0.0952 -0.0400
-3.7909 0.4236 -0.0400
-3.7729 0.4116 -0.0400
-3.7586 0.3987 -0.0400
-3.7471 0.3850 -0.0400
-3.7369 0.3711 -0.0400
-3.7286 0.3565 -0.0400
-3.7231 0.3407 -0.0400
-3.7187 0.3244 -0.0400
-3.7161 0.3070 -0.0400
-3.7237 0.2843 -0.0400
-3.7271 0.2631 -0.0400
-3.7362 0.2382 -0.0400
-5.7543 -3.2868 -0.0400
-5.6389 -3.2728 -0.0400
-5.5663 -3.3179 -0.0400
-5.5272 -3.4144 -0.0400
-4.5316 -2.3206 -0.0400
-4.4652 -2.3252 -0.0400
-4.4230 -2.3758 -0.0400
-5.2098 -4.1423 -0.0400
-3.2221 -1.2081 -0.0400
-3.1827 -1.1829 -0.0400
-3.1462 -1.1691 -0.0400
-3.1114 -1.1625 -0.0400
-3.0775 -1.1605 -0.0400
-3.0447 -1.1673 -0.0400
-3.0123 -1.1803 -0.0400
-2.9800 -1.2006 -0.0400
-2.9477 -1.2322 -0.0400
-2.9153 -1.2989 -0.0400
-2.1856 -1.8912 -0.0400
-2.1476 -1.8507 -0.0400
-2.1056 -1.8275 -0.0400
-2.0570 -1.8267 -0.0400
-2.0026 -1.8422 -0.0400
-0.4426 -3.3892 -0.0400
-0.3563 -3.3704 -0.0400
-0.2767 -3.3391 -0.0400
-0.1818 -3.3300 -0.0400
1.5352 -1.0934 -0.0400
1.6775 -1.0601 -0.0400
1.7097 -0.9811 -0.0400
2.9864 -0.4612 -0.0400
1.1402 1.7659 -0.0400
1.1196 1.8351 -0.0400
1.1317 1.9140 -0.0400
-1.1068 1.3847 -0.0400
-1.1449 1.4047 -0.0400
-1.1715 1.4285 -0.0400
-1.2365 1.4349 -0.0400
-1.2868 1.4458 -0.0400
-1.3054 1.4704 -0.0400
-1.3185 1.4974 -0.0400
-1.3272 1.5267 -0.0400
-1.3129 1.5689 -0.0400
-1.1822 5.5034 -0.0400
-1.2680 5.5260 -0.0400
-2.2663 4.7726 -0.0400
-2.4708 4.8911 -0.0400
-2.5441 4.8906 -0.0400
-2.6136 4.9549 -0.0400
-3.8848 3.6358 -0.0400
-3.9209 3.5787 -0.0400
-3.9718 3.5624 -0.0400
-4.0245 3.5502 -0.0400
-4.0852 3.5552 -0.0400
-4.6593 3.7824 -0.0400
-8.5826 0.4365 -0.0400
-8.6065 0.3340 -0.0400
-8.0097 0.1928 -0.0400
-8.0295 0.0988 -0.0400
-3.8199 0.4323 -0.0400
-3.7932 0.4221 -0.0400
-3.7742 0.4102 -0.0400
-3.7594 0.3972 -0.0400
-3.7433 0.3851 -0.0400
-3.7355 0.3701 -0.0400
-3.7289 0.3545 -0.0400
-3.7236 0.3385 -0.0400
-3.7198 0.3216 -0.0400
-3.7255 0.3000 -0.0400
-3.7279 0.2795 -0.0400
-3.7339 0.2566 -0.0400
-3.7512 0.2269 -0.0400
-5.7281 -3.2515 -0.0400
-5.6355 -3.2692 -0.0400
-5.5775 -3.3361 -0.0400
-4.5189 -2.3049 -0.0400
-4.4648 -2.3324 -0.0400
-4.4327 -2.4032 -0.0400
-3.2566 -1.2399 -0.0400
-3.2128 -1.1987 -0.0400
-3.1743 -1.1779 -0.0400
-3.1383 -1.1670 -0.0400
-3.1030 -1.1569 -0.0400
-3.0699 -1.1608 -0.0400
-3.0373 -1.1693 -0.0400
-3.0049 -1.1826 -0.0400
-2.9726 -1.2031 -0.0400
-2.9435 -1.3021 -0.0400
-3.0019 -4.2443 -0.0400
-2.2243 -1.9047 -0.0400
-2.1862 -1.8622 -0.0400
-2.1444 -1.8375 -0.0400
-2.0994 -1.8254 -0.0400
-2.0509 -1.8247 -0.0400
-1.9963 -1.8409 -0.0400
-0.4979 -3.4559 -0.0400
-0.4413 -3.3864 -0.0400
-0.3494 -3.3770 -0.0400
-0.2459 -3.3834 -0.0400
-0.1780 -3.3316 -0.0400
1.5026 -1.1719 -0.0400
1.5322 -1.0943 -0.0400
1.6702 -1.0598 -0.0400
1.7282 -0.9908 -0.0400
1.9387 -0.9751 -0.0400
3.0013 -0.5771 -0.0400
2.9839 -0.4665 -0.0400
3.0408 -0.3713 -0.0400
1.2406 1.7079 -0.0400
1.1499 1.7604 -0.0400
1.1177 1.8263 -0.0400
1.1168 1.9011 -0.0400
-1.0919 1.3844 -0.0400
-1.1364 1.4021 -0.0400
-1.1669 1.4242 -0.0400
-1.2559 1.4201 -0.0400
-1.2831 1.4410 -0.0400
-1.3027 1.4649 -0.0400
-1.3165 1.4914 -0.0400
-1.3150 1.5258 -0.0400
-1.3102 1.5627 -0.0400
0.3556 2.8488 -0.0400
-1.1705 5.4846 -0.0400
-1.2471 5.5340 -0.0400
-2.1711 4.8095 -0.0400
-2.2504 4.7676 -0.0400
-2.3180 4.8016 -0.0400
-2.4549 4.8800 -0.0400
-2.5261 4.9060 -0.0400
-3.8624 3.6183 -0.0400
-3.9048 3.5787 -0.0400
-3.9548 3.5604 -0.0400
-4.0101 3.5544 -0.0400
-4.0646 3.5455 -0.0400
-4.5936 3.8237 -0.0400
-4.6457 3.7895 -0.0400
-8.5775 0.4465 -0.0400
-8.0333 0.1989 -0.0400
-8.0056 0.1100 -0.0400
-3.8035 0.4373 -0.0400
-3.7830 0.4253 -0.0400
-3.7673 0.4122 -0.0400
-3.7549 0.3983 -0.0400
-3.7444 0.3839 -0.0400
-3.7362 0.3688 -0.0400
-3.7295 0.3531 -0.0400
-3.7275 0.3354 -0.0400
-3.7264 0.3170 -0.0400
-3.7270 0.2975 -0.0400
-3.7306 0.2762 -0.0400
-3.7388 0.2519 -0.0400
-5.8357 -3.2514 -0.0400
-5.7254 -3.2481 -0.0400
-5.6341 -3.2678 -0.0400
-5.5742 -3.3319 -0.0400
-4.5844 -2.3030 -0.0400
-4.5111 -2.2973 -0.0400
-4.4610 -2.3323 -0.0400
-5.2616 -4.0383 -0.0400
-3.2437 -1.2124 -0.0400
-3.2033 -1.1865 -0.0400
-3.1659 -1.1713 -0.0400
-3.1292 -1.1561 -0.0400
-3.0957 -1.1575 -0.0400
-3.0627 -1.1627 -0.0400
-3.0301 -1.1721 -0.0400
-2.9993 -1.2059 -0.0400
-2.9675 -1.2397 -0.0400
-2.9374 -1.3274 -0.0400
-2.9985 -4.2318 -0.0400
-2.2164 -1.9096 -0.0400
-2.1791 -1.8632 -0.0400
-2.1380 -1.8356 -0.0400
-2.0899 -1.8345 -0.0400
-2.0360 -1.8507 -0.0400
-0.5039 -3.4393 -0.0400
-0.4365 -3.3890 -0.0400
-0.3428 -3.3827 -0.0400
-0.2483 -3.3749 -0.0400
-0.1646 -3.3477 -0.0400
1.4966 -1.1707 -0.0400
1.5301 -1.0950 -0.0400
1.6664 -1.0602 -0.0400
1.8932 -1.0553 -0.0400
2.9831 -0.5781 -0.0400
2.9821 -0.4714 -0.0400
1.1852 1.6874 -0.0400
1.1389 1.7501 -0.0400
1.1261 1.8210 -0.0400
1.1549 1.9044 -0.0400
-1.1144 1.3708 -0.0400
-1.1497 1.3914 -0.0400
-1.1740 1.4156 -0.0400
-1.2479 1.4178 -0.0400
-1.2783 1.4372 -0.0400
-1.2995 1.4602 -0.0400
-1.3118 1.4873 -0.0400
-1.3152 1.5190 -0.0400
-1.3112 1.5552 -0.0400
0.3456 2.8300 -0.0400
0.2309 2.8322 -0.0400
0.1987 2.8890 -0.0400
-2.2338 4.7679 -0.0400
-2.3596 4.9265 -0.0400
-2.4381 4.8815 -0.0400
-2.5107 4.8882 -0.0400
-2.5794 4.9616 -0.0400
-3.2535 5.9662 -0.0400
-3.3405 5.9116 -0.0400
-3.9078 3.6443 -0.0400
-3.9391 3.5755 -0.0400
-3.9886 3.5554 -0.0400
-4.0416 3.5433 -0.0400
-4.1044 3.5517 -0.0400
-4.6347 3.8117 -0.0400
-4.6795 3.7650 -0.0400
-8.5654 0.3602 -0.0400
-7.9968 0.1231 -0.0400
-8.0594 0.0225 -0.0400
-3.8457 0.4257 -0.0400
-3.8029 0.4197 -0.0400
-3.7793 0.4086 -0.0400
-3.7618 0.3960 -0.0400
-3.7429 0.3844 -0.0400
-3.7340 0.3693 -0.0400
-3.7269 0.3536 -0.0400
-3.7212 0.3372 -0.0400
-3.7172 0.3201 -0.0400
-3.7158 0.3015 -0.0400
-3.7162 0.2817 -0.0400
-3.7370 0.2509 -0.0400
-3.7708 0.2116 -0.0400
-5.7593 -3.2938 -0.0400
-5.6451 -3.2831 -0.0400
-5.5649 -3.3180 -0.0400
-5.5239 -3.4121 -0.0400
-4.5135 -2.3094 -0.0400
-4.4538 -2.3270 -0.0400
-5.2630 -4.0415 -0.0400
-5.1874 -4.1007 -0.0400
-3.1958 -1.1959 -0.0400
-3.1577 -1.1783 -0.0400
-3.1202 -1.1595 -0.0400
-3.0862 -1.1589 -0.0400
-3.0529 -1.1620 -0.0400
-3.0199 -1.1684 -0.0400
-2.9884 -1.1923 -0.0400
-2.9561 -1.2161 -0.0400
-2.9239 -1.2540 -0.0400
-2.9936 -4.2011 -0.0400
-2.2058 -1.9164 -0.0400
-2.1696 -1.8643 -0.0400
-2.1288 -1.8358 -0.0400
-2.0848 -1.8203 -0.0400
-2.0372 -1.8168 -0.0400
-1.9840 -1.8293 -0.0400
-0.4286 -3.3946 -0.0400
-0.3464 -3.3691 -0.0400
-0.2610 -3.3475 -0.0400
-0.1730 -3.3282 -0.0400
1.5254 -1.0943 -0.0400
1.5745 -1.0251 -0.0400
1.6986 -0.9837 -0.0400
1.9294 -0.9771 -0.0400
2.9887 -0.4790 -0.0400
3.0090 -0.3771 -0.0400
1.2055 1.7581 -0.0400
1.1326 1.8135 -0.0400
1.1052 1.8802 -0.0400
-1.1100 1.4007 -0.0400
-1.1493 1.4193 -0.0400
-1.1767 1.4418 -0.0400
-1.2685 1.4347 -0.0400
-1.2923 1.4564 -0.0400
-1.3096 1.4808 -0.0400
-1.3216 1.5078 -0.0400
-1.3271 1.5383 -0.0400
-1.3260 1.5729 -0.0400
0.2640 2.8394 -0.0400
0.2030 2.8762 -0.0400
0.1736 2.9350 -0.0400
-1.2184 5.4953 -0.0400
-1.2906 5.5585 -0.0400
-2.2828 4.7774 -0.0400
-2.4884 4.8910 -0.0400
-2.5596 4.9220 -0.0400
-3.3241 5.9990 -0.0400
-3.4062 5.9013 -0.0400
-3.5897 5.3447 -0.0400
-3.9708 3.5524 -0.0400
-4.0270 3.5478 -0.0400
-4.0799 3.5348 -0.0400
-4.6755 3.7885 -0.0400
-8.5797 0.4716 -0.0400
-8.5969 0.3692 -0.0400
-8.0069 0.1315 -0.0400
-8.0059 0.0393 -0.0400
-3.8206 0.4347 -0.0400
-3.7925 0.4243 -0.0400
-3.7728 0.4119 -0.0400
-3.7575 0.3984 -0.0400
-3.7455 0.3841 -0.0400
-3.7355 0.3692 -0.0400
-3.7279 0.3534 -0.0400
-3.7243 0.3359 -0.0400
-3.7226 0.3174 -0.0400
-3.7232 0.2976 -0.0400
-3.7266 0.2760 -0.0400
-3.7350 0.2513 -0.0400
-3.7633 0.2148 -0.0400
-5.7535 -3.2842 -0.0400
-5.6479 -3.2860 -0.0400
-5.5696 -3.3241 -0.0400
-4.5096 -2.3071 -0.0400
-4.4525 -2.3297 -0.0400
-5.2630 -4.0409 -0.0400
-3.2313 -1.2283 -0.0400
-3.1850 -1.1754 -0.0400
-3.1488 -1.1668 -0.0400
-3.1138 -1.1625 -0.0400
-3.0792 -1.1586 -0.0400
-3.0462 -1.1644 -0.0400
-3.0144 -1.1833 -0.0400
-2.9822 -1.2025 -0.0400
-2.9500 -1.2305 -0.0400
-2.9181 -1.2786 -0.0400
-2.9920 -4.2341 -0.0400
-2.1972 -1.9243 -0.0400
-2.1670 -1.8471 -0.0400
-2.1233 -1.8302 -0.0400
-2.0762 -1.8259 -0.0400
-2.0244 -1.8358 -0.0400
-1.9590 -1.8849 -0.0400
-0.4967 -3.4372 -0.0400
-0.4276 -3.3899 -0.0400
-0.3434 -3.3680 -0.0400
-0.2557 -3.3503 -0.0400
-0.1700 -3.3274 -0.0400
1.5342 -1.1887 -0.0400
1.5232 -1.0938 -0.0400
1.6636 -1.0616 -0.0400
1.7087 -0.9885 -0.0400
2.9801 -0.4812 -0.0400
3.0341 -0.3861 -0.0400
1.1650 1.7418 -0.0400
1.1244 1.8051 -0.0400
1.1159 1.8769 -0.0400
1.1578 1.9647 -0.0400
-1.0717 1.3768 -0.0400
-1.1256 1.3907 -0.0400
-1.1587 1.4113 -0.0400
-1.2095 1.4234 -0.0400
-1.2595 1.4343 -0.0400
-1.2877 1.4538 -0.0400
-1.3078 1.4768 -0.0400
-1.3155 1.5057 -0.0400
-1.3163 1.5386 -0.0400
-1.3050 1.5788 -0.0400
0.3696 2.8199 -0.0400
0.2745 2.8356 -0.0400
0.2082 2.8687 -0.0400
0.1785 2.9270 -0.0400
-2.1840 4.8468 -0.0400
-2.2670 4.7750 -0.0400
-2.4730 4.8794 -0.0400
-2.5440 4.9095 -0.0400
-3.3018 5.9595 -0.0400
-3.3882 5.9063 -0.0400
-3.6514 5.3257 -0.0400
-4.5560 3.8531 -0.0400
-4.6056 3.8140 -0.0400
-8.5990 0.5801 -0.0400
-8.5853 0.4791 -0.0400
-8.0446 0.3193 -0.0400
-8.0170 0.2295 -0.0400
-3.8489 0.4475 -0.0400
-3.8110 0.4390 -0.0400
-3.7772 0.4303 -0.0400
-3.7643 0.4158 -0.0400
-3.7536 0.4007 -0.0400
-3.7455 0.3848 -0.0400
-3.7392 0.3683 -0.0400
-3.7346 0.3511 -0.0400
-3.7322 0.3329 -0.0400
-3.7323 0.3132 -0.0400
-3.7509 0.2844 -0.0400
-3.7726 0.2529 -0.0400
-5.9360 -3.2321 -0.0400
-5.8047 -3.2058 -0.0400
-5.7151 -3.2304 -0.0400
-5.6562 -3.2964 -0.0400
-4.5596 -2.2739 -0.0400
-4.5140 -2.3177 -0.0400
-5.3446 -3.9931 -0.0400
-3.3099 -1.2682 -0.0400
-3.2519 -1.1798 -0.0400
-3.2140 -1.1677 -0.0400
-3.1762 -1.1528 -0.0400
-3.1420 -1.1533 -0.0400
-3.1085 -1.1571 -0.0400
-3.0759 -1.1664 -0.0400
-3.0435 -1.1791 -0.0400
-3.0136 -1.2174 -0.0400
-2.9823 -1.2540 -0.0400
-3.1616 -4.1867 -0.0400
-2.2849 -1.9514 -0.0400
-2.2488 -1.8899 -0.0400
-2.2077 -1.8584 -0.0400
-2.1640 -1.8411 -0.0400
-2.1173 -1.8354 -0.0400
-2.0519 -1.8950 -0.0400
-0.5621 -3.4874 -0.0400
-0.5004 -3.4259 -0.0400
-0.4132 -3.4104 -0.0400
-0.3124 -3.4157 -0.0400
1.4616 -1.2465 -0.0400
1.4915 -1.1697 -0.0400
1.6236 -1.1364 -0.0400
1.6773 -1.0673 -0.0400
2.9525 -0.5833 -0.0400
1.2000 1.6728 -0.0400
1.1416 1.7322 -0.0400
1.1574 1.8102 -0.0400
-1.1060 1.3620 -0.0400
-1.1445 1.3810 -0.0400
-1.2275 1.3808 -0.0400
-1.2616 1.3986 -0.0400
-1.2834 1.4209 -0.0400
-1.2987 1.4459 -0.0400
-1.3088 1.4733 -0.0400
-1.3114 1.5047 -0.0400
-1.3057 1.5409 -0.0400
0.3276 2.7857 -0.0400
0.2470 2.8101 -0.0400
-2.1128 4.7693 -0.0400
-2.1876 4.7536 -0.0400
-2.3104 4.9261 -0.0400
-2.3902 4.8690 -0.0400
-2.4606 4.8996 -0.0400
-3.1991 5.9800 -0.0400
-3.2848 5.9087 -0.0400
-3.4798 5.3614 -0.0400
-3.5569 5.3268 -0.0400
-3.6478 5.3715 -0.0400
-4.6007 3.8372 -0.0400
-8.6002 0.5924 -0.0400
-8.5823 0.4913 -0.0400
-8.0581 0.3292 -0.0400
-8.0136 0.2406 -0.0400
-3.8291 0.4557 -0.0400
-3.8024 0.4440 -0.0400
-3.7834 0.4307 -0.0400
-3.7686 0.4164 -0.0400
-3.7570 0.4014 -0.0400
-3.7469 0.3860 -0.0400
-3.7416 0.3689 -0.0400
-3.7383 0.3509 -0.0400
-3.7379 0.3315 -0.0400
-3.7400 0.3106 -0.0400
-3.7460 0.2876 -0.0400
-3.7613 0.2592 -0.0400
-5.8070 -3.2059 -0.0400
-5.7184 -3.2321 -0.0400
-5.6697 -3.3129 -0.0400
-4.6197 -2.2579 -0.0400
-4.5587 -2.2755 -0.0400
-4.5187 -2.3292 -0.0400
-5.3492 -3.9994 -0.0400
-3.2895 -1.2108 -0.0400
-3.2431 -1.1682 -0.0400
-3.2066 -1.1618 -0.0400
-3.1697 -1.1514 -0.0400
-3.1354 -1.1520 -0.0400
-3.1024 -1.1591 -0.0400
-3.0708 -1.1768 -0.0400
-3.0388 -1.1944 -0.0400
-3.0102 -1.2471 -0.0400
-2.9821 -1.3241 -0.0400
-3.1597 -4.1919 -0.0400
-2.2781 -1.9526 -0.0400
-2.2467 -1.8678 -0.0400
-2.2028 -1.8506 -0.0400
-2.1563 -1.8445 -0.0400
-2.1061 -1.8518 -0.0400
-2.0485 -1.8830 -0.0400
-0.5718 -3.4617 -0.0400
-0.4812 -3.4537 -0.0400
-0.4033 -3.4210 -0.0400
-0.3091 -3.4148 -0.0400
-0.2059 -3.4203 -0.0400
1.4602 -1.2451 -0.0400
1.4935 -1.1700 -0.0400
1.6245 -1.1365 -0.0400
1.7178 -1.0837 -0.0400
2.9868 -0.7013 -0.0400
2.9527 -0.5864 -0.0400
1.2471 1.6046 -0.0400
1.1678 1.6605 -0.0400
1.1385 1.7264 -0.0400
1.1395 1.8001 -0.0400
-1.0772 1.3360 -0.0400
-1.1225 1.3533 -0.0400
-1.1527 1.3750 -0.0400
-1.2095 1.3851 -0.0400
-1.2535 1.3988 -0.0400
-1.2800 1.4190 -0.0400
-1.2977 1.4427 -0.0400
-1.3030 1.4723 -0.0400
-1.3012 1.5058 -0.0400
-1.2822 1.5491 -0.0400
0.3780 2.7310 -0.0400
0.2925 2.7534 -0.0400
0.2499 2.8024 -0.0400
0.2516 2.8821 -0.0400
-2.0879 4.8236 -0.0400
-2.1722 4.7521 -0.0400
-2.2371 4.8019 -0.0400
-2.2988 4.8896 -0.0400
-2.3744 4.8679 -0.0400
-2.4441 4.9059 -0.0400
-3.1766 5.9220 -0.0400
-3.2699 5.9449 -0.0400
-3.4689 5.4080 -0.0400
-3.5420 5.3439 -0.0400
-4.5775 3.8292 -0.0400
-8.5875 0.6055 -0.0400
-8.0610 0.3405 -0.0400
-8.0140 0.2519 -0.0400
-3.8472 0.4540 -0.0400
-3.7961 0.4489 -0.0400
-3.7798 0.4346 -0.0400
-3.7671 0.4196 -0.0400
-3.7565 0.4040 -0.0400
-3.7486 0.3877 -0.0400
-3.7426 0.3706 -0.0400
-3.7382 0.3529 -0.0400
-3.7447 0.3303 -0.0400
-3.7492 0.3081 -0.0400
-3.7596 0.2825 -0.0400
-3.8016 0.2404 -0.0400
-5.9167 -3.2001 -0.0400
-5.7926 -3.1832 -0.0400
-5.7199 -3.2307 -0.0400
-5.6729 -3.3140 -0.0400
-4.6139 -2.2499 -0.0400
-4.5586 -2.2771 -0.0400
-5.4376 -3.9606 -0.0400
-5.3753 -4.0442 -0.0400
-3.3285 -1.2394 -0.0400
-3.2755 -1.1780 -0.0400
-3.2374 -1.1681 -0.0400
-3.1990 -1.1538 -0.0400
-3.1633 -1.1494 -0.0400
-3.1297 -1.1538 -0.0400
-3.0968 -1.1625 -0.0400
-3.0655 -1.1829 -0.0400
-3.0360 -1.2209 -0.0400
-3.0049 -1.2556 -0.0400
-3.2448 -4.1922 -0.0400
-3.1578 -4.1928 -0.0400
-2.3202 -1.9545 -0.0400
-2.2823 -1.8966 -0.0400
-2.2405 -1.8662 -0.0400
-2.1964 -1.8493 -0.0400
-2.1500 -1.8429 -0.0400
-2.0894 -1.8898 -0.0400
-0.5682 -3.4610 -0.0400
-0.4739 -3.4598 -0.0400
-0.3773 -3.4595 -0.0400
-0.2941 -3.4335 -0.0400
1.4431 -1.3270 -0.0400
1.4543 -1.2412 -0.0400
1.5170 -1.1796 -0.0400
1.6259 -1.1365 -0.0400
1.7286 -1.0877 -0.0400
2.9350 -0.6907 -0.0400
2.9679 -0.5924 -0.0400
1.1554 1.6534 -0.0400
1.1484 1.7245 -0.0400
1.1828 1.8070 -0.0400
-1.0521 1.3427 -0.0400
-1.1374 1.3458 -0.0400
-1.1607 1.3696 -0.0400
-1.2329 1.3733 -0.0400
-1.2635 1.3920 -0.0400
-1.2840 1.4145 -0.0400
-1.2981 1.4396 -0.0400
-1.3070 1.4671 -0.0400
-1.3084 1.4986 -0.0400
0.4069 2.7406 -0.0400
0.3100 2.7561 -0.0400
0.2517 2.7947 -0.0400
-2.1578 4.7465 -0.0400
-2.2806 4.9111 -0.0400
-2.3595 4.8611 -0.0400
-2.4307 4.8782 -0.0400
-3.0735 6.0278 -0.0400
-3.1591 5.9290 -0.0400
-3.2499 5.9239 -0.0400
-3.4429 5.3497 -0.0400
-3.5224 5.3314 -0.0400
-3.6184 5.4067 -0.0400
-3.7934 3.6527 -0.0400
-3.8346 3.6088 -0.0400
-8.0491 0.3535 -0.0400
-8.0843 0.2572 -0.0400
-6.4526 -0.1890 -0.0400
-3.8294 0.4628 -0.0400
-3.8042 0.4502 -0.0400
-3.7860 0.4362 -0.0400
-3.7716 0.4214 -0.0400
-3.7573 0.4068 -0.0400
-3.7506 0.3899 -0.0400
-3.7454 0.3723 -0.0400
-3.7425 0.3537 -0.0400
-3.7423 0.3337 -0.0400
-3.7451 0.3121 -0.0400
-3.7522 0.2881 -0.0400
-5.9139 -3.1917 -0.0400
-5.8100 -3.2012 -0.0400
-5.7358 -3.2478 -0.0400
-4.6134 -2.2497 -0.0400
-4.5599 -2.2804 -0.0400
-5.4375 -3.9561 -0.0400
-3.3119 -1.1977 -0.0400
-3.2671 -1.1658 -0.0400
-3.2281 -1.1517 -0.0400
-3.1918 -1.1465 -0.0400
-3.1575 -1.1486 -0.0400
-3.1243 -1.1555 -0.0400
-3.0921 -1.1693 -0.0400
-3.0613 -1.1943 -0.0400
-3.0324 -1.2389 -0.0400
-3.0022 -1.2847 -0.0400
-3.2426 -4.1853 -0.0400
-2.3165 -1.9398 -0.0400
-2.2770 -1.8910 -0.0400
-2.2345 -1.8637 -0.0400
-2.1890 -1.8529 -0.0400
-2.1391 -1.8604 -0.0400
-2.0830 -1.8892 -0.0400
-0.6358 -3.5038 -0.0400
-0.5581 -3.4725 -0.0400
-0.4762 -3.4484 -0.0400
-0.3686 -3.4679 -0.0400
-0.2989 -3.4188 -0.0400
1.4572 -1.3323 -0.0400
1.4571 -1.2410 -0.0400
1.5913 -1.2117 -0.0400
1.6604 -1.1503 -0.0400
1.8566 -1.1393 -0.0400
2.9258 -0.6903 -0.0400
2.9748 -0.5961 -0.0400
1.1965 1.5864 -0.0400
1.1565 1.6500 -0.0400
1.1441 1.7196 -0.0400
1.1634 1.7978 -0.0400
-1.0953 1.3266 -0.0400
-1.1321 1.3462 -0.0400
-1.1572 1.3693 -0.0400
-1.2223 1.3758 -0.0400
-1.2706 1.3871 -0.0400
-1.2867 1.4112 -0.0400
-1.2972 1.4376 -0.0400
-1.3012 1.4673 -0.0400
-1.2980 1.5010 -0.0400
-1.2715 1.5478 -0.0400
0.3756 2.7133 -0.0400
0.2935 2.7375 -0.0400
0.2608 2.7925 -0.0400
-2.3446 4.8574 -0.0400
-2.4130 4.9042 -0.0400
-3.0545 6.0049 -0.0400
-3.1412 5.9266 -0.0400
-3.2320 5.9231 -0.0400
-3.4268 5.3582 -0.0400
-3.5049 5.3310 -0.0400
-3.8010 3.7211 -0.0400
-3.8248 3.6261 -0.0400
-3.8712 3.5977 -0.0400
-3.9259 3.5905 -0.0400
-3.9847 3.5919 -0.0400
-3.8422 0.4638 -0.0400
-3.7981 0.4563 -0.0400
-3.7827 0.4413 -0.0400
-3.7705 0.4256 -0.0400
-3.7602 0.4095 -0.0400
-3.7526 0.3926 -0.0400
-3.7467 0.3751 -0.0400
-3.7479 0.3546 -0.0400
-3.7495 0.3336 -0.0400
-3.7546 0.3107 -0.0400
-3.7663 0.2841 -0.0400
-6.0206 -3.1761 -0.0400
-5.9168 -3.1894 -0.0400
-5.8069 -3.1917 -0.0400
-5.7543 -3.2673 -0.0400
-4.6130 -2.2489 -0.0400
-4.5730 -2.3026 -0.0400
-5.4425 -3.9595 -0.0400
-3.3046 -1.1881 -0.0400
-3.2613 -1.1619 -0.0400
-3.2231 -1.1516 -0.0400
-3.1863 -1.1447 -0.0400
-3.1526 -1.1501 -0.0400
-3.1201 -1.1620 -0.0400
-3.0889 -1.1823 -0.0400
-3.0590 -1.2155 -0.0400
-3.0274 -1.2430 -0.0400
-3.2406 -4.1780 -0.0400
-2.3137 -1.9207 -0.0400
-2.2723 -1.8830 -0.0400
-2.2296 -1.8569 -0.0400
-2.1824 -1.8542 -0.0400
-2.1320 -1.8635 -0.0400
-2.0747 -1.8965 -0.0400
-0.6246 -3.5185 -0.0400
-0.5478 -3.4848 -0.0400
-0.4586 -3.4733 -0.0400
-0.3734 -3.4526 -0.0400
1.4380 -1.3208 -0.0400
1.4725 -1.2464 -0.0400
1.5966 -1.2125 -0.0400
1.6553 -1.1467 -0.0400
2.9231 -0.6910 -0.0400
3.2206 1.0454 -0.0400
3.1926 1.1486 -0.0400
1.1956 1.5833 -0.0400
1.1563 1.6470 -0.0400
1.1749 1.7239 -0.0400
-1.1174 1.3184 -0.0400
-1.1446 1.3409 -0.0400
-1.1995 1.3522 -0.0400
-1.2424 1.3666 -0.0400
-1.2682 1.3868 -0.0400
-1.2864 1.4098 -0.0400
-1.2985 1.4353 -0.0400
-1.2928 1.4694 -0.0400
-1.2805 1.5077 -0.0400
0.3981 2.7202 -0.0400
0.3070 2.7389 -0.0400
0.2866 2.8022 -0.0400
-3.1231 5.9186 -0.0400
-3.2155 5.9362 -0.0400
-3.4099 5.3597 -0.0400
-3.4930 5.3647 -0.0400
-3.7676 3.6709 -0.0400
-3.8066 3.6206 -0.0400
-3.8546 3.5968 -0.0400
-3.9099 3.5916 -0.0400
-3.9630 3.5798 -0.0400
-3.8262 0.4732 -0.0400
-3.8044 0.4592 -0.0400
-3.7880 0.4443 -0.0400
-3.7748 0.4287 -0.0400
-3.7615 0.4134 -0.0400
-3.7550 0.3959 -0.0400
-3.7501 0.3777 -0.0400
-3.7475 0.3586 -0.0400
-3.7474 0.3382 -0.0400
-3.7505 0.3160 -0.0400
-3.7886 0.2769 -0.0400
-6.0301 -3.1807 -0.0400
-5.9214 -3.1886 -0.0400
-5.8039 -3.1815 -0.0400
-5.7732 -3.2864 -0.0400
-4.6818 -2.2400 -0.0400
-4.6140 -2.2492 -0.0400
-5.5384 -3.9284 -0.0400
-5.4458 -3.9587 -0.0400
-3.3487 -1.2259 -0.0400
-3.2955 -1.1706 -0.0400
-3.2541 -1.1514 -0.0400
-3.2168 -1.1448 -0.0400
-3.1818 -1.1456 -0.0400
-3.1482 -1.1522 -0.0400
-3.1156 -1.1645 -0.0400
-3.0858 -1.1942 -0.0400
-3.0564 -1.2319 -0.0400
-3.3289 -4.1933 -0.0400
-3.2422 -4.2040 -0.0400
-2.3517 -1.9497 -0.0400
-2.3110 -1.9015 -0.0400
-2.2696 -1.8654 -0.0400
-2.2235 -1.8572 -0.0400
-2.1753 -1.8584 -0.0400
-2.1236 -1.8723 -0.0400
-0.6333 -3.4932 -0.0400
-0.5429 -3.4867 -0.0400
-0.4644 -3.4555 -0.0400
-0.3705 -3.4509 -0.0400
1.4225 -1.3108 -0.0400
1.4825 -1.2489 -0.0400
1.6030 -1.2135 -0.0400
1.6865 -1.1584 -0.0400
2.9362 -0.8021 -0.0400
2.9219 -0.6918 -0.0400
3.1864 1.0401 -0.0400
1.2711 1.5234 -0.0400
1.1878 1.5794 -0.0400
1.1595 1.6452 -0.0400
1.1767 1.7216 -0.0400
-1.0771 1.2994 -0.0400
-1.1163 1.3187 -0.0400
-1.1443 1.3408 -0.0400
-1.1914 1.3550 -0.0400
-1.2559 1.3607 -0.0400
-1.2747 1.3834 -0.0400
-1.2879 1.4083 -0.0400
-1.2963 1.4353 -0.0400
-1.2980 1.4656 -0.0400
-1.2918 1.5004 -0.0400
0.3720 2.6977 -0.0400
0.2956 2.7250 -0.0400
0.2695 2.7839 -0.0400
-3.0204 6.0185 -0.0400
-3.1075 5.9427 -0.0400
-3.3922 5.3539 -0.0400
-3.4767 5.3695 -0.0400
-3.7694 3.7225 -0.0400
-3.7963 3.6364 -0.0400
-3.8417 3.6053 -0.0400
-3.8973 3.6008 -0.0400
-3.9534 3.5961 -0.0400
-4.4869 3.8940 -0.0400
-3.8707 0.4878 -0.0400
-3.8328 0.4770 -0.0400
-3.8100 0.4630 -0.0400
-3.7929 0.4480 -0.0400
-3.7736 0.4341 -0.0400
-3.7644 0.4173 -0.0400
-3.7574 0.3997 -0.0400
-3.7518 0.3817 -0.0400
-3.7540 0.3604 -0.0400
-3.7558 0.3389 -0.0400
-3.7613 0.3153 -0.0400
-3.7744 0.2877 -0.0400
-5.9965 -3.1325 -0.0400
-5.8871 -3.1383 -0.0400
-5.8097 -3.1818 -0.0400
-5.7800 -3.2882 -0.0400
-4.6770 -2.2301 -0.0400
-4.6159 -2.2499 -0.0400
-5.5346 -3.9145 -0.0400
-5.4588 -3.9741 -0.0400
-3.3317 -1.1812 -0.0400
-3.2907 -1.1673 -0.0400
-3.2493 -1.1485 -0.0400
-3.2123 -1.1432 -0.0400
-3.1777 -1.1464 -0.0400
-3.1447 -1.1566 -0.0400
-3.1130 -1.1748 -0.0400
-3.0825 -1.2016 -0.0400
-3.0533 -1.2424 -0.0400
-3.3257 -4.1700 -0.0400
-3.2434 -4.2224 -0.0400
-2.3514 -1.9142 -0.0400
-2.3081 -1.8853 -0.0400
-2.2637 -1.8662 -0.0400
-2.2168 -1.8612 -0.0400
-2.1672 -1.8682 -0.0400
-0.6123 -3.5279 -0.0400
-0.5389 -3.4870 -0.0400
-0.4400 -3.4935 -0.0400
-0.3567 -3.4685 -0.0400
1.3028 -3.6572 -0.0400
1.4238 -1.4006 -0.0400
1.4408 -1.3172 -0.0400
1.5642 -1.2853 -0.0400
1.6046 -1.2119 -0.0400
2.8974 -0.7919 -0.0400
2.9599 -0.7022 -0.0400
3.1881 1.0370 -0.0400
1.2284 1.5137 -0.0400
1.1773 1.5754 -0.0400
1.1640 1.6443 -0.0400
1.1907 1.7228 -0.0400
-1.0835 1.2980 -0.0400
-1.1192 1.3182 -0.0400
-1.1815 1.3279 -0.0400
-1.2296 1.3408 -0.0400
-1.2561 1.3608 -0.0400
-1.2751 1.3832 -0.0400
-1.2890 1.4076 -0.0400
-1.2899 1.4377 -0.0400
-1.2864 1.4705 -0.0400
-1.2628 1.5140 -0.0400
0.3386 2.6714 -0.0400
0.2980 2.7207 -0.0400
0.3079 2.8033 -0.0400
-3.0887 5.9147 -0.0400
-3.1816 5.9422 -0.0400
-3.3743 5.3444 -0.0400
-3.4547 5.3361 -0.0400
-3.7357 3.6702 -0.0400
-3.7776 3.6283 -0.0400
-3.8261 3.6062 -0.0400
-3.8813 3.6013 -0.0400
-3.9344 3.5897 -0.0400
-4.5297 3.8750 -0.0400
-3.8747 0.4932 -0.0400
-3.8368 0.4821 -0.0400
-3.8141 0.4678 -0.0400
-3.7884 0.4552 -0.0400
-3.7771 0.4386 -0.0400
-3.7673 0.4217 -0.0400
-3.7599 0.4041 -0.0400
-3.7563 0.3851 -0.0400
-3.7543 0.3653 -0.0400
-3.7549 0.3441 -0.0400
-3.7585 0.3213 -0.0400
-3.8051 0.2779 -0.0400
-6.0044 -3.1334 -0.0400
-5.9011 -3.1475 -0.0400
-5.8157 -3.1814 -0.0400
-4.6784 -2.2287 -0.0400
-4.6363 -2.2796 -0.0400
-5.5377 -3.9110 -0.0400
-5.4761 -3.9957 -0.0400
-3.3238 -1.1656 -0.0400
-3.2839 -1.1553 -0.0400
-3.2441 -1.1422 -0.0400
-3.2081 -1.1412 -0.0400
-3.1742 -1.1481 -0.0400
-3.1415 -1.1603 -0.0400
-3.1105 -1.1828 -0.0400
-3.0810 -1.2175 -0.0400
-3.0552 -1.2822 -0.0400
-3.3255 -4.1692 -0.0400
-3.2438 -4.2276 -0.0400
-2.3889 -1.9562 -0.0400
-2.3467 -1.9111 -0.0400
-2.3046 -1.8739 -0.0400
-2.2587 -1.8631 -0.0400
-2.2090 -1.8721 -0.0400
-2.1571 -1.8887 -0.0400
-2.0947 -1.9451 -0.0400
-0.7025 -3.5262 -0.0400
-0.6109 -3.5233 -0.0400
-0.5376 -3.4824 -0.0400
-0.4349 -3.4961 -0.0400
1.3046 -3.6567 -0.0400
1.4002 -1.3852 -0.0400
1.4297 -1.3086 -0.0400
1.5661 -1.2836 -0.0400
1.6378 -1.2245 -0.0400
2.8945 -0.7913 -0.0400
2.9475 -0.6994 -0.0400
1.1985 1.5071 -0.0400
1.1681 1.5724 -0.0400
1.1551 1.6409 -0.0400
1.2445 1.7341 -0.0400
-1.0382 1.2811 -0.0400
-1.0942 1.2959 -0.0400
-1.1402 1.3123 -0.0400
-1.1913 1.3254 -0.0400
-1.2331 1.3404 -0.0400
-1.2583 1.3607 -0.0400
-1.2794 1.3820 -0.0400
-1.2887 1.4081 -0.0400
-1.2922 1.4369 -0.0400
-1.2899 1.4688 -0.0400
-1.2737 1.5082 -0.0400
0.4457 2.6564 -0.0400
0.3532 2.6755 -0.0400
0.2974 2.7151 -0.0400
0.2803 2.7794 -0.0400
-3.2858 5.4213 -0.0400
-3.3589 5.3516 -0.0400
-3.4410 5.3537 -0.0400
-3.7257 3.6864 -0.0400
-3.7647 3.6362 -0.0400
-3.8114 3.6093 -0.0400
-3.8693 3.6112 -0.0400
-3.9266 3.6097 -0.0400
-4.4615 3.9141 -0.0400
-4.5076 3.8685 -0.0400
-3.7914 0.4606 -0.0400
-3.7802 0.4438 -0.0400
-3.7704 0.4267 -0.0400
-3.7631 0.4089 -0.0400
-3.7584 0.3900 -0.0400
-3.7557 0.3703 -0.0400
-3.7554 0.3494 -0.0400
-3.7726 0.3204 -0.0400
-3.7907 0.2899 -0.0400
-6.0895 -3.0859 -0.0400
-5.9925 -3.1099 -0.0400
-5.8909 -3.1256 -0.0400
-5.8375 -3.2002 -0.0400
-4.7364 -2.1979 -0.0400
-4.6739 -2.2171 -0.0400
-4.6383 -2.2784 -0.0400
-5.5435 -3.9111 -0.0400
-5.4875 -4.0057 -0.0400
-3.3199 -1.1617 -0.0400
-3.2801 -1.1520 -0.0400
-3.2405 -1.1403 -0.0400
-3.2050 -1.1420 -0.0400
-3.1714 -1.1507 -0.0400
-3.1396 -1.1682 -0.0400
-3.1100 -1.1992 -0.0400
-3.0786 -1.2249 -0.0400
-3.0581 -1.3247 -0.0400
-3.3265 -4.1742 -0.0400
-2.3870 -1.9332 -0.0400
-2.3431 -1.9012 -0.0400
-2.2998 -1.8718 -0.0400
-2.2525 -1.8685 -0.0400
-2.2035 -1.8733 -0.0400
-2.1391 -1.9473 -0.0400
-0.7001 -3.5238 -0.0400
-0.6086 -3.5210 -0.0400
-0.5066 -3.5357 -0.0400
-0.4332 -3.4927 -0.0400
1.3955 -1.3794 -0.0400
1.5343 -1.3579 -0.0400
1.5756 -1.2852 -0.0400
1.7831 -1.2885 -0.0400
2.9407 -0.9116 -0.0400
2.8976 -0.7920 -0.0400
2.9738 -0.7062 -0.0400
3.2128 0.9291 -0.0400
1.1984 1.5065 -0.0400
1.1668 1.5714 -0.0400
1.1685 1.6430 -0.0400
-1.0719 1.2731 -0.0400
-1.1080 1.2934 -0.0400
-1.1464 1.3119 -0.0400
-1.2080 1.3211 -0.0400
-1.2401 1.3393 -0.0400
-1.2690 1.3578 -0.0400
-1.2810 1.3825 -0.0400
-1.2897 1.4087 -0.0400
-1.2932 1.4372 -0.0400
-1.2642 1.4816 -0.0400
0.4061 2.6289 -0.0400
0.3330 2.6589 -0.0400
0.3058 2.7160 -0.0400
-3.4240 5.3483 -0.0400
-3.7129 3.6941 -0.0400
-3.7516 3.6427 -0.0400
-3.7994 3.6189 -0.0400
-3.8551 3.6152 -0.0400
-3.9092 3.6065 -0.0400
-4.5002 3.8875 -0.0400
-3.7659 0.4143 -0.0400
-3.7611 0.3953 -0.0400
-3.7581 0.3755 -0.0400
-3.7667 0.3507 -0.0400
-3.7722 0.3265 -0.0400
-3.7862 0.2979 -0.0400
-6.0133 -3.1244 -0.0400
-5.8999 -3.1267 -0.0400
-4.7490 -2.2108 -0.0400
-4.6771 -2.2165 -0.0400
-4.6357 -2.2687 -0.0400
-5.5650 -3.9361 -0.0400
-3.3649 -1.1913 -0.0400
-3.3124 -1.1444 -0.0400
-3.2746 -1.1410 -0.0400
-3.2382 -1.1413 -0.0400
-3.2027 -1.1435 -0.0400
-3.1691 -1.1531 -0.0400
-3.1380 -1.1747 -0.0400
-3.1096 -1.2133 -0.0400
-3.0793 -1.2473 -0.0400
-3.4152 -4.1704 -0.0400
-3.3277 -4.1769 -0.0400
-2.4251 -1.9878 -0.0400
-2.3824 -1.9339 -0.0400
-2.3404 -1.8880 -0.0400
-2.2953 -1.8701 -0.0400
-2.2468 -1.8736 -0.0400
-2.1969 -1.8815 -0.0400
-0.7562 -3.5953 -0.0400
-0.6978 -3.5218 -0.0400
-0.6074 -3.5166 -0.0400
-0.5060 -3.5305 -0.0400
-0.4302 -3.4919 -0.0400
1.4121 -1.3846 -0.0400
1.5337 -1.3544 -0.0400
1.5892 -1.2885 -0.0400
1.7961 -1.2918 -0.0400
2.8763 -0.8917 -0.0400
2.8965 -0.7912 -0.0400
3.1772 0.9266 -0.0400
1.1892 1.5048 -0.0400
1.1674 1.5714 -0.0400
1.1704 1.6431 -0.0400
-1.0973 1.2681 -0.0400
-1.1264 1.2900 -0.0400
-1.1453 1.3146 -0.0400
-1.2250 1.3174 -0.0400
-1.2494 1.3379 -0.0400
-1.2726 1.3583 -0.0400
-1.2828 1.3836 -0.0400
-1.2897 1.4102 -0.0400
-1.2778 1.4456 -0.0400
-1.2596 1.4849 -0.0400
0.4146 2.6306 -0.0400
0.3365 2.6575 -0.0400
0.3021 2.7098 -0.0400
-0.9103 5.3868 -0.0400
-3.6966 3.6902 -0.0400
-3.7372 3.6448 -0.0400
-3.7854 3.6223 -0.0400
-3.8412 3.6195 -0.0400
-3.8942 3.6084 -0.0400
-4.4296 3.9215 -0.0400
-4.4803 3.8844 -0.0400
-3.7793 0.3715 -0.0400
-3.7847 0.3475 -0.0400
-3.7969 0.3199 -0.0400
-6.1622 -3.0147 -0.0400
-6.0612 -3.0356 -0.0400
-5.9723 -3.0684 -0.0400
-5.9402 -3.1690 -0.0400
-4.7876 -2.1508 -0.0400
-4.7397 -2.1925 -0.0400
-5.7312 -3.8296 -0.0400
-5.6428 -3.8705 -0.0400
-3.4494 -1.2121 -0.0400
-3.3928 -1.1628 -0.0400
-3.3490 -1.1457 -0.0400
-3.3063 -1.1284 -0.0400
-3.2707 -1.1321 -0.0400
-3.2366 -1.1405 -0.0400
-3.2039 -1.1546 -0.0400
-3.1719 -1.1724 -0.0400
-3.1451 -1.2163 -0.0400
-3.1165 -1.2581 -0.0400
-3.5022 -4.1528 -0.0400
-3.4195 -4.1944 -0.0400
-2.4740 -1.9611 -0.0400
-2.4306 -1.9100 -0.0400
-2.3855 -1.8870 -0.0400
-2.3383 -1.8823 -0.0400
-2.2902 -1.8833 -0.0400
-2.2364 -1.9148 -0.0400
-0.8444 -3.5987 -0.0400
-0.7592 -3.5843 -0.0400
-0.6783 -3.5590 -0.0400
-0.5830 -3.5624 -0.0400
-0.5002 -3.5378 -0.0400
1.1486 -3.7906 -0.0400
1.3186 -1.5168 -0.0400
1.3750 -1.4549 -0.0400
1.4970 -1.4269 -0.0400
1.5573 -1.3640 -0.0400
2.8338 -0.9849 -0.0400
2.8886 -0.8949 -0.0400
3.1761 0.8226 -0.0400
1.2423 1.3724 -0.0400
1.1877 1.4344 -0.0400
1.1843 1.5041 -0.0400
1.1979 1.5776 -0.0400
-1.0180 1.2294 -0.0400
-1.0976 1.2394 -0.0400
-1.1332 1.2596 -0.0400
-1.1791 1.2755 -0.0400
-1.2341 1.2870 -0.0400
-1.2525 1.3095 -0.0400
-1.2665 1.3333 -0.0400
-1.2761 1.3586 -0.0400
-1.2799 1.3862 -0.0400
-1.2629 1.4232 -0.0400
-1.2222 1.4719 -0.0400
0.4430 2.5718 -0.0400
0.3623 2.5981 -0.0400
0.3641 2.6722 -0.0400
-0.8208 5.3575 -0.0400
-3.6494 3.7493 -0.0400
-3.6759 3.6580 -0.0400
-3.7241 3.6360 -0.0400
-3.7819 3.6399 -0.0400
-3.8356 3.6312 -0.0400
-4.3695 3.9636 -0.0400
-4.4147 3.9158 -0.0400
-6.2037 -3.0484 -0.0400
-6.0468 -3.0075 -0.0400
-5.9888 -3.0763 -0.0400
-4.7983 -2.1585 -0.0400
-4.7394 -2.1846 -0.0400
-5.7256 -3.8085 -0.0400
-3.4403 -1.1891 -0.0400
-3.3887 -1.1537 -0.0400
-3.3459 -1.1395 -0.0400
-3.3043 -1.1263 -0.0400
-3.2691 -1.1317 -0.0400
-3.2351 -1.1411 -0.0400
-3.2041 -1.1626 -0.0400
-3.1729 -1.1850 -0.0400
-3.1501 -1.2496 -0.0400
-3.5044 -4.1541 -0.0400
-3.4229 -4.2056 -0.0400
-2.4712 -1.9525 -0.0400
-2.4270 -1.9088 -0.0400
-2.3818 -1.8855 -0.0400
-2.3337 -1.8864 -0.0400
-2.2825 -1.9062 -0.0400
-0.9124 -3.6472 -0.0400
-0.8464 -3.5876 -0.0400
-0.7554 -3.5868 -0.0400
-0.6658 -3.5799 -0.0400
-0.5820 -3.5587 -0.0400
1.3231 -1.5153 -0.0400
1.3726 -1.4497 -0.0400
1.5192 -1.4350 -0.0400
1.7311 -1.4487 -0.0400
2.8166 -1.0856 -0.0400
2.8366 -0.9847 -0.0400
2.9349 -0.9080 -0.0400
3.1925 0.7186 -0.0400
3.1810 0.8218 -0.0400
1.2241 1.3708 -0.0400
1.1849 1.4349 -0.0400
1.1845 1.5050 -0.0400
1.2651 1.5915 -0.0400
-1.0586 1.2227 -0.0400
-1.1109 1.2394 -0.0400
-1.1393 1.2613 -0.0400
-1.1950 1.2740 -0.0400
-1.2381 1.2890 -0.0400
-1.2598 1.3102 -0.0400
-1.2701 1.3350 -0.0400
-1.2735 1.3624 -0.0400
-1.2750 1.3910 -0.0400
-1.2719 1.4218 -0.0400
0.5201 2.5394 -0.0400
0.3947 2.5427 -0.0400
0.3626 2.5960 -0.0400
0.3642 2.6698 -0.0400
-0.7330 5.3161 -0.0400
-0.8137 5.3465 -0.0400
-3.6224 3.7096 -0.0400
-3.6647 3.6679 -0.0400
-3.7111 3.6406 -0.0400
-3.7651 3.6348 -0.0400
-3.8245 3.6415 -0.0400
-4.3577 3.9740 -0.0400
-4.4110 3.9414 -0.0400
-6.1716 -3.0004 -0.0400
-6.0665 -3.0175 -0.0400
-5.9858 -3.0603 -0.0400
-4.8751 -2.1471 -0.0400
-4.7953 -2.1456 -0.0400
-4.7555 -2.1998 -0.0400
-5.7352 -3.8095 -0.0400
-3.4391 -1.1858 -0.0400
-3.3877 -1.1516 -0.0400
-3.3400 -1.1235 -0.0400
-3.3034 -1.1259 -0.0400
-3.2684 -1.1326 -0.0400
-3.2345 -1.1433 -0.0400
-3.2046 -1.1699 -0.0400
-3.1742 -1.1968 -0.0400
-3.1453 -1.2344 -0.0400
-3.5117 -4.1842 -0.0400
-2.5113 -2.0342 -0.0400
-2.4702 -1.9273 -0.0400
-2.4249 -1.8975 -0.0400
-2.3782 -1.8859 -0.0400
-2.3298 -1.8885 -0.0400
-2.2785 -1.9077 -0.0400
-0.9100 -3.6479 -0.0400
-0.8367 -3.6051 -0.0400
-0.7572 -3.5773 -0.0400
-0.6568 -3.5940 -0.0400
-0.5739 -3.5699 -0.0400
1.2894 -1.5858 -0.0400
1.3278 -1.5139 -0.0400
1.4665 -1.4976 -0.0400
1.5147 -1.4288 -0.0400
1.7226 -1.4409 -0.0400
2.8110 -1.0823 -0.0400
2.8418 -0.9850 -0.0400
1.2013 1.3690 -0.0400
1.1831 1.4360 -0.0400
1.1966 1.5083 -0.0400
-1.0260 1.2040 -0.0400
-1.0912 1.2187 -0.0400
-1.1255 1.2395 -0.0400
-1.1831 1.2526 -0.0400
-1.2144 1.2719 -0.0400
-1.2456 1.2904 -0.0400
-1.2632 1.3127 -0.0400
-1.2725 1.3377 -0.0400
-1.2747 1.3654 -0.0400
-1.2637 1.3988 -0.0400
-1.2501 1.4342 -0.0400
0.4871 2.5204 -0.0400
0.3905 2.5390 -0.0400
0.3652 2.5959 -0.0400
0.3862 2.6813 -0.0400
-0.8090 5.3312 -0.0400
-1.8273 4.6931 -0.0400
-1.8989 4.6906 -0.0400
-1.9620 4.7299 -0.0400
-3.6975 3.6430 -0.0400
-3.7551 3.6472 -0.0400
-3.8074 3.6358 -0.0400
-4.3409 3.9746 -0.0400
-4.3974 3.9481 -0.0400
-8.5923 0.9782 -0.0400
-6.1634 -2.9778 -0.0400
-6.0600 -2.9967 -0.0400
-6.0108 -3.0763 -0.0400
-4.8030 -2.1469 -0.0400
-5.8503 -3.7919 -0.0400
-5.7432 -3.8072 -0.0400
-3.4233 -1.1419 -0.0400
-3.3795 -1.1277 -0.0400
-3.3403 -1.1243 -0.0400
-3.3034 -1.1265 -0.0400
-3.2683 -1.1337 -0.0400
-3.2364 -1.1524 -0.0400
-3.2052 -1.1751 -0.0400
-3.1754 -1.2057 -0.0400
-3.1480 -1.2515 -0.0400
-3.6086 -4.2045 -0.0400
-3.5106 -4.1594 -0.0400
-2.5108 -2.0037 -0.0400
-2.4679 -1.9215 -0.0400
-2.4222 -1.8944 -0.0400
-2.3749 -1.8882 -0.0400
-2.3250 -1.9006 -0.0400
-2.2698 -1.9428 -0.0400
-0.9151 -3.6305 -0.0400
-0.8313 -3.6132 -0.0400
-0.7486 -3.5920 -0.0400
-0.6554 -3.5923 -0.0400
1.3071 -1.5922 -0.0400
1.3247 -1.5078 -0.0400
1.4695 -1.4954 -0.0400
1.6751 -1.5105 -0.0400
2.8112 -1.0808 -0.0400
2.8438 -0.9841 -0.0400
3.1872 0.7183 -0.0400
1.2776 1.3109 -0.0400
1.2010 1.3709 -0.0400
1.1827 1.4377 -0.0400
1.2017 1.5108 -0.0400
-1.0657 1.1995 -0.0400
-1.1068 1.2194 -0.0400
-1.1328 1.2421 -0.0400
-1.1965 1.2533 -0.0400
-1.2331 1.2707 -0.0400
-1.2539 1.2920 -0.0400
-1.2662 1.3159 -0.0400
-1.2743 1.3411 -0.0400
-1.2733 1.3698 -0.0400
-1.2587 1.4046 -0.0400
-1.2407 1.4417 -0.0400
0.5378 2.4747 -0.0400
0.4654 2.5081 -0.0400
0.3950 2.5407 -0.0400
0.3749 2.6006 -0.0400
-0.7238 5.2887 -0.0400
-1.8184 4.6868 -0.0400
-1.8888 4.6892 -0.0400
-1.9485 4.7451 -0.0400
-2.0052 4.8275 -0.0400
-2.0788 4.8173 -0.0400
-2.1480 4.8332 -0.0400
-4.3222 3.9707 -0.0400
-4.3740 3.9361 -0.0400
-8.6098 1.1005 -0.0400
-8.5851 0.9961 -0.0400
-8.0462 0.6997 -0.0400
-8.0689 0.6050 -0.0400
-6.1832 -2.9851 -0.0400
-6.0692 -2.9929 -0.0400
-6.0029 -3.0528 -0.0400
-4.8751 -2.1268 -0.0400
-4.8058 -2.1404 -0.0400
-4.7733 -2.2058 -0.0400
-5.7481 -3.7990 -0.0400
-3.4902 -1.2088 -0.0400
-3.4272 -1.1495 -0.0400
-3.3816 -1.1314 -0.0400
-3.3416 -1.1265 -0.0400
-3.3031 -1.1244 -0.0400
-3.2692 -1.1364 -0.0400
-3.2368 -1.1537 -0.0400
-3.2056 -1.1773 -0.0400
-3.1760 -1.2097 -0.0400
-3.6049 -4.1638 -0.0400
-3.5162 -4.1720 -0.0400
-2.5115 -1.9629 -0.0400
-2.4667 -1.9088 -0.0400
-2.4200 -1.8923 -0.0400
-2.3721 -1.8899 -0.0400
-2.3213 -1.9074 -0.0400
-2.2615 -1.9790 -0.0400
-0.9195 -3.6155 -0.0400
-0.8311 -3.6097 -0.0400
-0.7401 -3.6074 -0.0400
-0.6551 -3.5890 -0.0400
1.2838 -1.5738 -0.0400
1.3696 -1.5297 -0.0400
1.4664 -1.4896 -0.0400
1.5572 -1.4437 -0.0400
2.8093 -1.0784 -0.0400
3.2015 0.7183 -0.0400
1.2240 1.3067 -0.0400
1.1913 1.3718 -0.0400
1.1864 1.4405 -0.0400
1.2289 1.5176 -0.0400
-1.0806 1.2013 -0.0400
-1.1243 1.2202 -0.0400
-1.1683 1.2377 -0.0400
-1.2166 1.2526 -0.0400
-1.2419 1.2729 -0.0400
-1.2589 1.2952 -0.0400
-1.2689 1.3197 -0.0400
-1.2719 1.3465 -0.0400
-1.2668 1.3768 -0.0400
-1.2407 1.4161 -0.0400
0.5356 2.4736 -0.0400
0.4261 2.4872 -0.0400
0.3870 2.5361 -0.0400
0.4212 2.6269 -0.0400
-0.7111 5.2953 -0.0400
-1.8088 4.6864 -0.0400
-1.8794 4.6867 -0.0400
-1.9958 4.8221 -0.0400
-2.0687 4.8149 -0.0400
-2.1369 4.8367 -0.0400
-4.3150 3.9884 -0.0400
-4.3646 3.9495 -0.0400
-8.6050 1.0150 -0.0400
-8.1249 0.8105 -0.0400
-8.0512 0.7169 -0.0400
-6.1538 -2.9380 -0.0400
-6.0744 -2.9837 -0.0400
-6.0497 -3.0924 -0.0400
-4.8653 -2.1019 -0.0400
-4.8177 -2.1456 -0.0400
-5.8488 -3.7576 -0.0400
-5.7636 -3.8058 -0.0400
-3.4686 -1.1490 -0.0400
-3.4202 -1.1264 -0.0400
-3.3786 -1.1189 -0.0400
-3.3404 -1.1193 -0.0400
-3.3043 -1.1253 -0.0400
-3.2701 -1.1366 -0.0400
-3.2373 -1.1535 -0.0400
-3.2120 -1.2004 -0.0400
-3.1866 -1.2526 -0.0400
-3.6089 -4.1620 -0.0400
-2.5105 -1.9532 -0.0400
-2.4652 -1.9052 -0.0400
-2.4178 -1.8941 -0.0400
-2.3692 -1.8958 -0.0400
-2.3160 -1.9299 -0.0400
-0.9921 -3.6577 -0.0400
-0.9145 -3.6250 -0.0400
-0.8316 -3.6055 -0.0400
-0.7446 -3.5940 -0.0400
-0.6516 -3.5936 -0.0400
1.3021 -1.5806 -0.0400
1.4271 -1.5590 -0.0400
1.4956 -1.5019 -0.0400
1.7184 -1.5264 -0.0400
2.7933 -1.1791 -0.0400
2.8058 -1.0752 -0.0400
1.2077 1.3075 -0.0400
1.1906 1.3744 -0.0400
1.2038 1.4457 -0.0400
-1.0447 1.1850 -0.0400
-1.0985 1.2028 -0.0400
-1.1279 1.2249 -0.0400
-1.1870 1.2382 -0.0400
-1.2253 1.2555 -0.0400
-1.2517 1.2753 -0.0400
-1.2633 1.2991 -0.0400
-1.2698 1.3245 -0.0400
-1.2705 1.3521 -0.0400
-1.2631 1.3831 -0.0400
-1.2305 1.4249 -0.0400
0.5113 2.4619 -0.0400
0.4198 2.4844 -0.0400
0.3852 2.5355 -0.0400
0.4132 2.6224 -0.0400
-0.7076 5.2827 -0.0400
-1.7977 4.6945 -0.0400
-1.8636 4.7175 -0.0400
-1.9860 4.8222 -0.0400
-2.0590 4.8135 -0.0400
-4.3492 3.9512 -0.0400
-8.6334 1.0346 -0.0400
-8.0529 0.7345 -0.0400
-8.0993 0.6385 -0.0400
-6.2688 -2.9126 -0.0400
-6.1686 -2.9382 -0.0400
-6.0815 -2.9759 -0.0400
-6.0373 -3.0619 -0.0400
-4.8777 -2.1062 -0.0400
-4.8191 -2.1351 -0.0400
-5.8768 -3.7807 -0.0400
-3.4805 -1.1728 -0.0400
-3.4266 -1.1374 -0.0400
-3.3826 -1.1246 -0.0400
-3.3409 -1.1156 -0.0400
-3.3061 -1.1260 -0.0400
-3.2730 -1.1419 -0.0400
-3.2415 -1.1643 -0.0400
-3.2118 -1.1959 -0.0400
-3.1855 -1.2444 -0.0400
-3.7077 -4.1764 -0.0400
-3.6131 -4.1586 -0.0400
-2.5582 -1.9627 -0.0400
-2.5110 -1.9262 -0.0400
-2.4638 -1.9059 -0.0400
-2.4161 -1.8958 -0.0400
-2.3671 -1.8998 -0.0400
-2.3120 -1.9468 -0.0400
-0.9913 -3.6580 -0.0400
-0.9071 -3.6420 -0.0400
-0.8285 -3.6108 -0.0400
-0.7322 -3.6201 -0.0400
1.2533 -1.6421 -0.0400
1.2943 -1.5716 -0.0400
1.4324 -1.5580 -0.0400
1.4829 -1.4908 -0.0400
2.7703 -1.1686 -0.0400
2.8491 -1.0884 -0.0400
3.1839 0.6174 -0.0400
1.2910 1.2501 -0.0400
1.2026 1.3100 -0.0400
1.1900 1.3773 -0.0400
1.2245 1.4518 -0.0400
-1.0832 1.1830 -0.0400
-1.1196 1.2040 -0.0400
-1.1771 1.2188 -0.0400
-1.2071 1.2389 -0.0400
-1.2371 1.2581 -0.0400
-1.2550 1.2801 -0.0400
-1.2656 1.3041 -0.0400
-1.2704 1.3299 -0.0400
-1.2629 1.3603 -0.0400
-1.2466 1.3947 -0.0400
0.4869 2.4507 -0.0400
0.4127 2.4818 -0.0400
0.3858 2.5368 -0.0400
-0.7006 5.2794 -0.0400
-1.7094 4.7286 -0.0400
-1.7955 4.6669 -0.0400
-1.8588 4.6987 -0.0400
-1.9755 4.8296 -0.0400
-2.0486 4.8200 -0.0400
-2.6788 6.0065 -0.0400
-2.7678 5.9361 -0.0400
-8.5895 1.1558 -0.0400
-8.0572 0.7522 -0.0400
-6.5188 0.1009 -0.0400
-6.4714 0.0410 -0.0400
-6.2767 -2.9043 -0.0400
-6.1768 -2.9305 -0.0400
-6.0892 -2.9678 -0.0400
-4.8768 -2.0915 -0.0400
-4.8406 -2.1516 -0.0400
-5.8550 -3.7306 -0.0400
-3.4703 -1.1390 -0.0400
-3.4228 -1.1198 -0.0400
-3.3819 -1.1152 -0.0400
-3.3439 -1.1176 -0.0400
-3.3083 -1.1260 -0.0400
-3.2744 -1.1400 -0.0400
-3.2474 -1.1791 -0.0400
-3.2204 -1.2225 -0.0400
-3.6166 -4.1487 -0.0400
-2.5565 -1.9927 -0.0400
-2.5111 -1.9141 -0.0400
-2.4633 -1.9010 -0.0400
-2.4144 -1.9041 -0.0400
-2.3639 -1.9181 -0.0400
-2.3105 -1.9492 -0.0400
-0.9963 -3.6442 -0.0400
-0.9076 -3.6399 -0.0400
-0.8276 -3.6120 -0.0400
-0.7321 -3.6193 -0.0400
1.2483 -1.6347 -0.0400
1.3951 -1.6290 -0.0400
1.4346 -1.5554 -0.0400
1.6387 -1.5747 -0.0400
2.7742 -1.1680 -0.0400
2.8251 -1.0780 -0.0400
3.1802 0.6187 -0.0400
1.3251 1.1862 -0.0400
1.2327 1.2477 -0.0400
1.2021 1.3133 -0.0400
1.2043 1.3826 -0.0400
1.2357 1.4567 -0.0400
-1.0400 1.1686 -0.0400
-1.1017 1.1856 -0.0400
-1.1306 1.2079 -0.0400
-1.1863 1.2229 -0.0400
-1.2276 1.2398 -0.0400
-1.2483 1.2612 -0.0400
-1.2598 1.2849 -0.0400
-1.2672 1.3097 -0.0400
-1.2676 1.3369 -0.0400
-1.2610 1.3669 -0.0400
-1.2364 1.4043 -0.0400
0.5672 2.4223 -0.0400
0.4700 2.4439 -0.0400
0.4099 2.4820 -0.0400
0.3994 2.5458 -0.0400
-0.6919 5.2814 -0.0400
-1.7865 4.6709 -0.0400
-1.8924 4.8422 -0.0400
-1.9716 4.8026 -0.0400
-2.0407 4.8142 -0.0400
-2.1017 4.8834 -0.0400
-2.6668 5.9939 -0.0400
-2.7556 5.9264 -0.0400
-8.6016 1.1756 -0.0400
-8.6217 1.0723 -0.0400
-8.0830 0.8645 -0.0400
-8.0604 0.7702 -0.0400
-6.4929 0.1213 -0.0400
-6.4739 0.0557 -0.0400
-3.9349 0.5531 -0.0400
-3.8607 0.5495 -0.0400
-6.2834 -2.8937 -0.0400
-6.1794 -2.9158 -0.0400
-6.1170 -2.9815 -0.0400
-4.9611 -2.0809 -0.0400
-4.8843 -2.0873 -0.0400
-4.8407 -2.1373 -0.0400
-5.8686 -3.7308 -0.0400
-3.4826 -1.1606 -0.0400
-3.4221 -1.1087 -0.0400
-3.3828 -1.1089 -0.0400
-3.3461 -1.1152 -0.0400
-3.3114 -1.1273 -0.0400
-3.2786 -1.1456 -0.0400
-3.2476 -1.1713 -0.0400
-3.2190 -1.2087 -0.0400
-3.1965 -1.2750 -0.0400
-3.7099 -4.1293 -0.0400
-2.5575 -1.9712 -0.0400
-2.5112 -1.9101 -0.0400
-2.4631 -1.9003 -0.0400
-2.4142 -1.9003 -0.0400
-2.3607 -1.9415 -0.0400
-0.9953 -3.6476 -0.0400
-0.9086 -3.6378 -0.0400
-0.8154 -3.6416 -0.0400
-0.7278 -3.6289 -0.0400
1.2245 -1.7124 -0.0400
1.2483 -1.6305 -0.0400
1.4009 -1.6287 -0.0400
1.4323 -1.5501 -0.0400
2.7493 -1.2655 -0.0400
2.7776 -1.1672 -0.0400
1.2136 1.2495 -0.0400
1.1969 1.3164 -0.0400
1.2358 1.3903 -0.0400
-1.0863 1.1667 -0.0400
-1.1121 1.1903 -0.0400
-1.1708 1.2057 -0.0400
-1.2067 1.2247 -0.0400
-1.2384 1.2438 -0.0400
-1.2541 1.2663 -0.0400
-1.2620 1.2908 -0.0400
-1.2641 1.3172 -0.0400
-1.2578 1.3466 -0.0400
-1.2326 1.3833 -0.0400
0.5205 2.4021 -0.0400
0.4446 2.4334 -0.0400
0.4077 2.4830 -0.0400
0.4122 2.5548 -0.0400
-1.7081 4.6731 -0.0400
-1.7814 4.6610 -0.0400
-1.8383 4.7202 -0.0400
-1.9623 4.8094 -0.0400
-2.0283 4.8401 -0.0400
-2.6554 5.9950 -0.0400
-2.7444 5.9505 -0.0400
-3.0521 5.3695 -0.0400
-3.1328 5.3822 -0.0400
-8.1060 0.8829 -0.0400
-8.0610 0.7885 -0.0400
-6.5211 0.1314 -0.0400
-6.4887 0.0680 -0.0400
-3.9144 0.5696 -0.0400
-3.8762 0.5566 -0.0400
-3.8419 0.5437 -0.0400
-3.8278 0.5257 -0.0400
-3.8122 0.5085 -0.0400
-6.1343 -2.9825 -0.0400
-4.9698 -2.0768 -0.0400
-4.8922 -2.0826 -0.0400
-4.8464 -2.1299 -0.0400
-5.8766 -3.7219 -0.0400
-3.5396 -1.1863 -0.0400
-3.4757 -1.1321 -0.0400
-3.4290 -1.1163 -0.0400
-3.3882 -1.1132 -0.0400
-3.3502 -1.1168 -0.0400
-3.3159 -1.1306 -0.0400
-3.2842 -1.1534 -0.0400
-3.2547 -1.1860 -0.0400
-3.2293 -1.2367 -0.0400
-3.7213 -4.1516 -0.0400
-3.6344 -4.1762 -0.0400
-2.5599 -1.9278 -0.0400
-2.5117 -1.9086 -0.0400
-2.4632 -1.9019 -0.0400
-2.4138 -1.9051 -0.0400
-2.3580 -1.9657 -0.0400
-1.0701 -3.6917 -0.0400
-0.9861 -3.6745 -0.0400
-0.9080 -3.6409 -0.0400
-0.8073 -3.6625 -0.0400
-0.7215 -3.6447 -0.0400
1.2219 -1.7068 -0.0400
1.2497 -1.6274 -0.0400
1.3887 -1.6174 -0.0400
1.4799 -1.5744 -0.0400
2.7687 -1.2711 -0.0400
2.7729 -1.1633 -0.0400
3.1770 0.5191 -0.0400
1.2358 1.1868 -0.0400
1.2063 1.2528 -0.0400
1.1995 1.3206 -0.0400
1.2149 1.3914 -0.0400
-1.0550 1.1505 -0.0400
-1.1101 1.1695 -0.0400
-1.1267 1.1944 -0.0400
-1.1863 1.2094 -0.0400
-1.2292 1.2264 -0.0400
-1.2438 1.2494 -0.0400
-1.2568 1.2726 -0.0400
-1.2632 1.2974 -0.0400
-1.2603 1.3252 -0.0400
-1.2441 1.3579 -0.0400
-1.2270 1.3919 -0.0400
0.5206 2.4049 -0.0400
0.4406 2.4341 -0.0400
0.4069 2.4852 -0.0400
-0.6051 5.2379 -0.0400
-1.7722 4.6711 -0.0400
-1.8831 4.8120 -0.0400
-1.9574 4.7952 -0.0400
-2.0241 4.8189 -0.0400
-2.6448 5.9300 -0.0400
-2.7333 5.9426 -0.0400
-2.9638 5.3943 -0.0400
-3.0413 5.3712 -0.0400
-3.1228 5.3937 -0.0400
-8.5919 1.2138 -0.0400
-8.0997 0.8063 -0.0400
-6.5152 0.1484 -0.0400
-6.4812 0.0854 -0.0400
-3.8786 0.5676 -0.0400
-3.8556 0.5513 -0.0400
-3.8302 0.5364 -0.0400
-3.8186 0.5178 -0.0400
-3.8071 0.4994 -0.0400
-3.8004 0.4794 -0.0400
-3.7975 0.4578 -0.0400
-4.9694 -2.0603 -0.0400
-4.8997 -2.0766 -0.0400
-5.9695 -3.6617 -0.0400
-5.8861 -3.7143 -0.0400
-3.4726 -1.1122 -0.0400
-3.4296 -1.1054 -0.0400
-3.3904 -1.1070 -0.0400
-3.3537 -1.1146 -0.0400
-3.3190 -1.1278 -0.0400
-3.2861 -1.1474 -0.0400
-3.2552 -1.1751 -0.0400
-3.2479 -1.2935 -0.0400
-3.7241 -4.1298 -0.0400
-2.6095 -1.9710 -0.0400
-2.5610 -1.9291 -0.0400
-2.5126 -1.9094 -0.0400
-2.4638 -1.9033 -0.0400
-2.4120 -1.9321 -0.0400
-2.3563 -1.9858 -0.0400
-1.0737 -3.6855 -0.0400
-0.9857 -3.6790 -0.0400
-0.9067 -3.6470 -0.0400
-0.8091 -3.6608 -0.0400
1.2149 -1.6984 -0.0400
1.3540 -1.6906 -0.0400
1.3901 -1.6147 -0.0400
1.4836 -1.5731 -0.0400
2.7618 -1.3772 -0.0400
2.7368 -1.2565 -0.0400
2.8048 -1.1733 -0.0400
3.1797 0.5207 -0.0400
1.3014 1.1263 -0.0400
1.2271 1.1904 -0.0400
1.2035 1.2568 -0.0400
1.2036 1.3252 -0.0400
-1.0378 1.1316 -0.0400
-1.0815 1.1536 -0.0400
-1.1099 1.1769 -0.0400
-1.1829 1.1904 -0.0400
-1.2130 1.2109 -0.0400
-1.2408 1.2311 -0.0400
-1.2516 1.2548 -0.0400
-1.2591 1.2793 -0.0400
-1.2584 1.3061 -0.0400
-1.2576 1.3333 -0.0400
-1.2288 1.3701 -0.0400
0.5746 2.3648 -0.0400
0.4760 2.3869 -0.0400
0.4344 2.4342 -0.0400
0.4141 2.4920 -0.0400
-0.6015 5.2333 -0.0400
-1.6993 4.6570 -0.0400
-1.7692 4.6576 -0.0400
-1.9507 4.7945 -0.0400
-2.0105 4.8582 -0.0400
-2.6344 5.9473 -0.0400
-2.7227 5.9293 -0.0400
-2.9540 5.3999 -0.0400
-3.0311 5.3722 -0.0400
-3.1124 5.3954 -0.0400
-8.6278 1.2354 -0.0400
-8.0847 0.9201 -0.0400
-8.0752 0.8253 -0.0400
-6.5204 0.1635 -0.0400
-6.4854 0.1006 -0.0400
-3.9319 0.5653 -0.0400
-3.8610 0.5616 -0.0400
-3.8426 0.5444 -0.0400
-3.8224 0.5283 -0.0400
-3.8125 0.5092 -0.0400
-3.8049 0.4894 -0.0400
-3.7997 0.4686 -0.0400
-3.8018 0.4449 -0.0400
-3.8023 0.4214 -0.0400
-3.8207 0.3896 -0.0400
-5.9739 -3.6459 -0.0400
-5.9025 -3.7155 -0.0400
-3.5382 -1.1562 -0.0400
-3.4824 -1.1225 -0.0400
-3.4370 -1.1109 -0.0400
-3.3965 -1.1099 -0.0400
-3.3584 -1.1142 -0.0400
-3.3247 -1.1315 -0.0400
-3.2931 -1.1558 -0.0400
-3.2638 -1.1903 -0.0400
-3.2392 -1.2458 -0.0400
-3.7410 -4.1721 -0.0400
-2.6112 -1.9853 -0.0400
-2.5625 -1.9345 -0.0400
-2.5142 -1.9074 -0.0400
-2.4645 -1.9124 -0.0400
-2.4131 -1.9332 -0.0400
-2.3568 -1.9912 -0.0400
-1.0740 -3.6900 -0.0400
-0.9866 -3.6815 -0.0400
-0.9056 -3.6542 -0.0400
-0.8088 -3.6654 -0.0400
1.2174 -1.6966 -0.0400
1.3476 -1.6832 -0.0400
1.3941 -1.6137 -0.0400
1.5965 -1.6371 -0.0400
2.7401 -1.2559 -0.0400
3.1909 0.4187 -0.0400
1.2948 1.1303 -0.0400
1.2241 1.1946 -0.0400
1.2023 1.2611 -0.0400
1.2524 1.3350 -0.0400
-1.0666 1.1350 -0.0400
-1.0984 1.1585 -0.0400
-1.1672 1.1742 -0.0400
-1.2058 1.1936 -0.0400
-1.2273 1.2155 -0.0400
-1.2423 1.2384 -0.0400
-1.2546 1.2617 -0.0400
-1.2585 1.2870 -0.0400
-1.2495 1.3163 -0.0400
-1.2408 1.3460 -0.0400
-1.2175 1.3812 -0.0400
0.5429 2.3540 -0.0400
0.4775 2.3912 -0.0400
0.4319 2.4365 -0.0400
0.4600 2.5192 -0.0400
-0.6006 5.2243 -0.0400
-1.6121 4.6977 -0.0400
-1.6988 4.6380 -0.0400
-1.7595 4.6745 -0.0400
-1.8728 4.7989 -0.0400
-1.9452 4.7897 -0.0400
-2.0098 4.8232 -0.0400
-2.6250 5.9202 -0.0400
-2.9453 5.4155 -0.0400
-3.0213 5.3723 -0.0400
-6.5515 0.2387 -0.0400
-6.5273 0.1730 -0.0400
-3.8761 0.5882 -0.0400
-3.8557 0.5711 -0.0400
-3.8401 0.5532 -0.0400
-3.8239 0.5358 -0.0400
-3.8157 0.5160 -0.0400
-3.8119 0.4947 -0.0400
-3.8086 0.4731 -0.0400
-3.8179 0.4463 -0.0400
-3.8231 0.4205 -0.0400
-3.5925 -1.1718 -0.0400
-3.5148 -1.0912 -0.0400
-3.4731 -1.0896 -0.0400
-3.4345 -1.0942 -0.0400
-3.3982 -1.1044 -0.0400
-3.3639 -1.1199 -0.0400
-3.3315 -1.1417 -0.0400
-3.3115 -1.2052 -0.0400
-3.8276 -4.1186 -0.0400
-2.7148 -2.0226 -0.0400
-2.6635 -1.9495 -0.0400
-2.6139 -1.9235 -0.0400
-2.5646 -1.9139 -0.0400
-2.5149 -1.9178 -0.0400
-2.4640 -1.9364 -0.0400
-1.2304 -3.7661 -0.0400
-1.1563 -3.7173 -0.0400
-1.0668 -3.7155 -0.0400
-0.9711 -3.7281 -0.0400
-0.8884 -3.7026 -0.0400
1.1244 -1.8289 -0.0400
1.1625 -1.7558 -0.0400
1.2989 -1.7491 -0.0400
1.3644 -1.6920 -0.0400
2.6645 -1.4439 -0.0400
2.7114 -1.3531 -0.0400
3.1830 0.4206 -0.0400
1.3101 1.0645 -0.0400
1.2113 1.1285 -0.0400
1.2174 1.1971 -0.0400
1.2617 1.2696 -0.0400
-1.0218 1.0884 -0.0400
-1.0757 1.1107 -0.0400
-1.1189 1.1327 -0.0400
-1.1870 1.1493 -0.0400
-1.2147 1.1708 -0.0400
-1.2316 1.1937 -0.0400
-1.2454 1.2169 -0.0400
-1.2494 1.2420 -0.0400
-1.2497 1.2682 -0.0400
-1.2462 1.2956 -0.0400
-1.2028 1.3351 -0.0400
0.5554 2.2950 -0.0400
0.4900 2.3328 -0.0400
0.4617 2.3864 -0.0400
-0.5255 5.1811 -0.0400
-1.6300 4.6217 -0.0400
-1.6956 4.6372 -0.0400
-1.7265 4.7971 -0.0400
-1.8063 4.7606 -0.0400
-1.8736 4.7764 -0.0400
-1.9279 4.8619 -0.0400
-2.4399 5.9967 -0.0400
-2.5311 5.9187 -0.0400
-2.8585 5.3804 -0.0400
-2.9374 5.3856 -0.0400
-3.4467 3.7265 -0.0400
-3.4924 3.7005 -0.0400
-3.5417 3.6873 -0.0400
-8.0791 0.8628 -0.0400
-6.5098 0.1982 -0.0400
-6.5049 0.1292 -0.0400
-3.9282 0.5909 -0.0400
-3.8840 0.5795 -0.0400
-3.8593 0.5637 -0.0400
-3.8410 0.5466 -0.0400
-3.8222 0.5301 -0.0400
-3.8127 0.5107 -0.0400
-3.8058 0.4904 -0.0400
-3.8047 0.4679 -0.0400
-3.8037 0.4449 -0.0400
-3.8202 0.4140 -0.0400
-3.8341 0.3833 -0.0400
-3.5376 -1.1228 -0.0400
-3.4886 -1.1059 -0.0400
-3.4459 -1.1017 -0.0400
-3.4064 -1.1044 -0.0400
-3.3695 -1.1133 -0.0400
-3.3362 -1.1328 -0.0400
-3.3048 -1.1593 -0.0400
-3.2760 -1.1969 -0.0400
-3.2534 -1.2614 -0.0400
-3.8373 -4.1070 -0.0400
-2.6172 -1.9620 -0.0400
-2.5683 -1.9128 -0.0400
-2.5186 -1.9125 -0.0400
-2.4678 -1.9269 -0.0400
-2.4143 -1.9660 -0.0400
-1.1585 -3.7232 -0.0400
-1.0762 -3.6995 -0.0400
-0.9903 -3.6856 -0.0400
-0.8916 -3.7035 -0.0400
-0.8039 -3.6893 -0.0400
1.1605 -1.7506 -0.0400
1.2305 -1.6993 -0.0400
1.3508 -1.6794 -0.0400
1.4550 -1.6458 -0.0400
2.7036 -1.3476 -0.0400
2.7505 -1.2566 -0.0400
3.1714 0.4241 -0.0400
1.2341 1.1361 -0.0400
1.2078 1.2027 -0.0400
1.2101 1.2710 -0.0400
1.2490 1.3436 -0.0400
-1.0841 1.1204 -0.0400
-1.1101 1.1448 -0.0400
-1.1574 1.1649 -0.0400
-1.2039 1.1837 -0.0400
-1.2266 1.2056 -0.0400
-1.2461 1.2276 -0.0400
-1.2524 1.2521 -0.0400
-1.2536 1.2780 -0.0400
-1.2516 1.3048 -0.0400
-1.2165 1.3417 -0.0400
0.6028 2.3212 -0.0400
0.5307 2.3570 -0.0400
0.4547 2.3889 -0.0400
0.4397 2.4487 -0.0400
-0.5033 5.2148 -0.0400
-1.6206 4.6349 -0.0400
-1.6909 4.6328 -0.0400
-1.7445 4.6964 -0.0400
-1.8651 4.7849 -0.0400
-1.9351 4.7859 -0.0400
-2.5186 5.9652 -0.0400
-2.6073 5.9247 -0.0400
-2.9263 5.3924 -0.0400
-3.0035 5.3745 -0.0400
-3.4457 3.7647 -0.0400
-3.4854 3.7169 -0.0400
-3.5307 3.6910 -0.0400
-3.5804 3.6795 -0.0400
-3.6380 3.6899 -0.0400
-3.6996 3.7082 -0.0400
-6.5391 0.2738 -0.0400
-6.5122 0.2088 -0.0400
-3.9131 0.6032 -0.0400
-3.8794 0.5891 -0.0400
-3.8475 0.5756 -0.0400
-3.8349 0.5568 -0.0400
-3.8250 0.5374 -0.0400
-3.8172 0.5174 -0.0400
-3.8154 0.4951 -0.0400
-3.8142 0.4723 -0.0400
-3.8163 0.4480 -0.0400
-3.8451 0.4114 -0.0400
-3.5806 -1.1118 -0.0400
-3.5311 -1.0959 -0.0400
-3.4878 -1.0920 -0.0400
-3.4458 -1.0893 -0.0400
-3.4103 -1.1027 -0.0400
-3.3766 -1.1211 -0.0400
-3.3447 -1.1457 -0.0400
-3.3277 -1.2201 -0.0400
-3.9366 -4.1044 -0.0400
-3.8514 -4.1392 -0.0400
-2.7215 -1.9949 -0.0400
-2.6701 -1.9425 -0.0400
-2.6202 -1.9215 -0.0400
-2.5704 -1.9169 -0.0400
-2.5200 -1.9266 -0.0400
-1.2419 -3.7510 -0.0400
-1.1541 -3.7444 -0.0400
-1.0711 -3.7214 -0.0400
-0.9731 -3.7395 -0.0400
1.1153 -1.8169 -0.0400
1.2517 -1.8128 -0.0400
1.3046 -1.7476 -0.0400
1.5422 -1.8021 -0.0400
2.6656 -1.5540 -0.0400
2.6610 -1.4393 -0.0400
2.7202 -1.3537 -0.0400
1.2162 1.0703 -0.0400
1.2159 1.1383 -0.0400
1.2488 1.2088 -0.0400
-1.0484 1.0732 -0.0400
-1.0873 1.0975 -0.0400
-1.1108 1.1225 -0.0400
-1.1722 1.1414 -0.0400
-1.2238 1.1598 -0.0400
-1.2363 1.1834 -0.0400
-1.2437 1.2078 -0.0400
-1.2475 1.2328 -0.0400
-1.2468 1.2590 -0.0400
-1.2208 1.2917 -0.0400
0.5870 2.2508 -0.0400
0.5156 2.2870 -0.0400
0.4865 2.3402 -0.0400
0.5168 2.4211 -0.0400
-0.4450 5.1411 -0.0400
-1.5508 4.6251 -0.0400
-1.6255 4.6091 -0.0400
-1.7262 4.7605 -0.0400
-1.7988 4.7522 -0.0400
-1.8631 4.7801 -0.0400
-2.4245 5.9772 -0.0400
-2.5148 5.9129 -0.0400
-2.7652 5.4248 -0.0400
-2.8421 5.3779 -0.0400
-2.9213 5.3977 -0.0400
-3.3917 3.7826 -0.0400
-3.4308 3.7303 -0.0400
-3.4760 3.7039 -0.0400
-3.5319 3.7131 -0.0400
-3.5835 3.7064 -0.0400
-3.6480 3.7355 -0.0400
-6.5154 0.2305 -0.0400
-6.5205 0.1594 -0.0400
-3.9018 0.5998 -0.0400
-3.8722 0.5851 -0.0400
-3.8518 0.5683 -0.0400
-3.8363 0.5505 -0.0400
-3.8241 0.5318 -0.0400
-3.8149 0.5122 -0.0400
-3.8102 0.4909 -0.0400
-3.8072 0.4687 -0.0400
-3.8081 0.4446 -0.0400
-3.8327 0.4093 -0.0400
-3.6225 -1.1795 -0.0400
-3.5517 -1.1184 -0.0400
-3.5032 -1.1038 -0.0400
-3.4559 -1.0894 -0.0400
-3.4182 -1.0975 -0.0400
-3.3822 -1.1099 -0.0400
-3.3476 -1.1268 -0.0400
-3.3208 -1.1689 -0.0400
-3.2938 -1.2147 -0.0400
-3.8583 -4.1092 -0.0400
-2.6759 -1.9551 -0.0400
-2.6255 -1.9252 -0.0400
-2.5756 -1.9140 -0.0400
-2.5254 -1.9177 -0.0400
-2.4738 -1.9377 -0.0400
-2.4182 -1.9974 -0.0400
-1.1655 -3.7262 -0.0400
-1.0765 -3.7214 -0.0400
-0.9742 -3.7512 -0.0400
-0.8956 -3.7121 -0.0400
1.1286 -1.8240 -0.0400
1.1697 -1.7524 -0.0400
1.2976 -1.7400 -0.0400
1.3555 -1.6779 -0.0400
1.6027 -1.7340 -0.0400
2.6764 -1.4447 -0.0400
2.7012 -1.3440 -0.0400
1.2604 1.0783 -0.0400
1.2165 1.1448 -0.0400
1.2085 1.2124 -0.0400
1.2317 1.2825 -0.0400
-1.0913 1.1082 -0.0400
-1.1136 1.1333 -0.0400
-1.1799 1.1515 -0.0400
-1.2130 1.1728 -0.0400
-1.2314 1.1956 -0.0400
-1.2437 1.2191 -0.0400
-1.2508 1.2434 -0.0400
-1.2453 1.2706 -0.0400
-1.2376 1.2987 -0.0400
-1.2170 1.3308 -0.0400
0.6191 2.2704 -0.0400
0.5377 2.3031 -0.0400
0.4793 2.3437 -0.0400
0.4543 2.3984 -0.0400
-0.4290 5.1649 -0.0400
-0.5174 5.1753 -0.0400
-1.6211 4.6103 -0.0400
-1.6812 4.6436 -0.0400
-1.7861 4.7865 -0.0400
-1.8603 4.7688 -0.0400
-1.9137 4.8533 -0.0400
-2.5045 5.9339 -0.0400
-2.5919 5.9314 -0.0400
-2.9106 5.3842 -0.0400
-3.4383 3.7949 -0.0400
-3.4722 3.7264 -0.0400
-3.5164 3.6976 -0.0400
-3.5709 3.7019 -0.0400
-3.6222 3.6944 -0.0400
-3.6862 3.7206 -0.0400
-4.1323 4.0594 -0.0400
-4.1822 4.0243 -0.0400
-4.2512 4.0268 -0.0400
-8.5940 1.3122 -0.0400
-6.5485 0.3057 -0.0400
-6.5189 0.2410 -0.0400
-3.8996 0.6090 -0.0400
-3.8723 0.5936 -0.0400
-3.8451 0.5790 -0.0400
-3.8341 0.5598 -0.0400
-3.8256 0.5398 -0.0400
-3.8199 0.5189 -0.0400
-3.8161 0.4971 -0.0400
-3.8267 0.4692 -0.0400
-3.8353 0.4414 -0.0400
-3.8579 0.4065 -0.0400
-3.4974 -1.0762 -0.0400
-3.4599 -1.0857 -0.0400
-3.4241 -1.0992 -0.0400
-3.3934 -1.1273 -0.0400
-3.3630 -1.1579 -0.0400
-3.3358 -1.2013 -0.0400
-3.9533 -4.0843 -0.0400
-2.7307 -1.9843 -0.0400
-2.6791 -1.9399 -0.0400
-2.6287 -1.9222 -0.0400
-2.5780 -1.9349 -0.0400
-2.5257 -1.9728 -0.0400
-1.2449 -3.7714 -0.0400
-1.1591 -3.7565 -0.0400
-1.0597 -3.7804 -0.0400
-0.9781 -3.7489 -0.0400
1.0658 -1.8783 -0.0400
1.1707 -1.8536 -0.0400
1.2505 -1.8083 -0.0400
1.3358 -1.7649 -0.0400
2.6193 -1.5305 -0.0400
2.6756 -1.4438 -0.0400
3.1597 0.2240 -0.0400
1.2834 0.9441 -0.0400
1.2262 1.0123 -0.0400
1.2134 1.0799 -0.0400
1.2305 1.1488 -0.0400
-1.0561 1.0608 -0.0400
-1.0915 1.0860 -0.0400
-1.1126 1.1115 -0.0400
-1.1817 1.1306 -0.0400
-1.2262 1.1508 -0.0400
-1.2369 1.1747 -0.0400
-1.2429 1.1993 -0.0400
-1.2432 1.2249 -0.0400
-1.2395 1.2515 -0.0400
-1.2289 1.2801 -0.0400
-1.2001 1.3137 -0.0400
0.6192 2.2076 -0.0400
0.5428 2.2431 -0.0400
0.4986 2.2900 -0.0400
-0.3516 5.1300 -0.0400
-1.4839 4.5965 -0.0400
-1.5572 4.5860 -0.0400
-1.6165 4.6207 -0.0400
-1.7260 4.7341 -0.0400
-1.7922 4.7505 -0.0400
-1.8497 4.8085 -0.0400
-2.4113 5.9603 -0.0400
-2.7511 5.4076 -0.0400
-2.8280 5.3770 -0.0400
-2.9076 5.4129 -0.0400
-3.3713 3.7590 -0.0400
-3.4144 3.7239 -0.0400
-3.4621 3.7080 -0.0400
-3.5149 3.7087 -0.0400
-3.5670 3.7055 -0.0400
-4.0693 4.0812 -0.0400
-4.1214 4.0510 -0.0400
-8.5810 1.4286 -0.0400
-8.0680 1.1025 -0.0400
-3.9535 0.6313 -0.0400
-3.9003 0.6217 -0.0400
-3.8743 0.6059 -0.0400
-3.8556 0.5886 -0.0400
-3.8415 0.5702 -0.0400
-3.8309 0.5509 -0.0400
-3.8251 0.5299 -0.0400
-3.8224 0.5077 -0.0400
-3.8230 0.4838 -0.0400
-3.8282 0.4577 -0.0400
-3.8407 0.4276 -0.0400
-3.4015 -1.1271 -0.0400
-3.3710 -1.1581 -0.0400
-3.3437 -1.2015 -0.0400
-3.9642 -4.0811 -0.0400
-2.7898 -2.0283 -0.0400
-2.7356 -1.9535 -0.0400
-2.6843 -1.9286 -0.0400
-2.6338 -1.9208 -0.0400
-2.5832 -1.9276 -0.0400
-2.5314 -1.9527 -0.0400
-2.4743 -2.0471 -0.0400
-1.3305 -3.8058 -0.0400
-1.2525 -3.7641 -0.0400
-1.1633 -3.7598 -0.0400
-1.0705 -3.7637 -0.0400
1.0684 -1.8792 -0.0400
1.2029 -1.8761 -0.0400
1.2606 -1.8142 -0.0400
1.4746 -1.8583 -0.0400
2.6111 -1.6399 -0.0400
2.6204 -1.5304 -0.0400
3.1527 0.2265 -0.0400
1.3182 0.9488 -0.0400
1.2326 1.0172 -0.0400
1.2129 1.0848 -0.0400
-1.0567 1.0408 -0.0400
-1.0918 1.0667 -0.0400
-1.1117 1.0927 -0.0400
-1.1830 1.1128 -0.0400
-1.2122 1.1355 -0.0400
-1.2283 1.1590 -0.0400
-1.2386 1.1831 -0.0400
-1.2443 1.2077 -0.0400
-1.2343 1.2352 -0.0400
-1.2217 1.2639 -0.0400
-1.1826 1.2992 -0.0400
0.6135 2.2108 -0.0400
0.5355 2.2456 -0.0400
0.5119 2.3011 -0.0400
-0.3671 5.0996 -0.0400
-1.4879 4.5792 -0.0400
-1.5560 4.5841 -0.0400
-1.6126 4.6273 -0.0400
-1.6505 4.7436 -0.0400
-1.7244 4.7304 -0.0400
-1.7901 4.7481 -0.0400
-1.8482 4.8020 -0.0400
-2.3164 5.9753 -0.0400
-2.4079 5.9072 -0.0400
-2.7446 5.3790 -0.0400
-2.8223 5.3879 -0.0400
-3.3704 3.7801 -0.0400
-3.4096 3.7303 -0.0400
-3.4582 3.7176 -0.0400
-3.5111 3.7188 -0.0400
-3.5662 3.7249 -0.0400
-4.0619 4.0860 -0.0400
-4.1130 4.0539 -0.0400
-8.5835 1.4484 -0.0400
-8.0958 1.1221 -0.0400
-3.9440 0.6228 -0.0400
-3.8963 0.6125 -0.0400
-3.8589 0.6006 -0.0400
-3.8451 0.5821 -0.0400
-3.8350 0.5626 -0.0400
-3.8274 0.5422 -0.0400
-3.8227 0.5208 -0.0400
-3.8203 0.4982 -0.0400
-3.8380 0.4668 -0.0400
-3.8554 0.4344 -0.0400
-6.5148 -2.6629 -0.0400
-4.0815 -4.1176 -0.0400
-3.9764 -4.0808 -0.0400
-2.7421 -1.9709 -0.0400
-2.6903 -1.9363 -0.0400
-2.6395 -1.9247 -0.0400
-2.5883 -1.9417 -0.0400
-2.5354 -1.9855 -0.0400
-1.3424 -3.7856 -0.0400
-1.2499 -3.7935 -0.0400
-1.1646 -3.7746 -0.0400
-1.0700 -3.7826 -0.0400
1.0281 -1.9515 -0.0400
1.0711 -1.8807 -0.0400
1.2018 -1.8748 -0.0400
1.2581 -1.8117 -0.0400
2.5921 -1.6304 -0.0400
2.6186 -1.5294 -0.0400
3.1512 0.2282 -0.0400
1.2392 0.9537 -0.0400
1.2156 1.0218 -0.0400
1.2208 1.0898 -0.0400
-1.0597 1.0490 -0.0400
-1.0948 1.0748 -0.0400
-1.1136 1.1009 -0.0400
-1.2119 1.1184 -0.0400
-1.2271 1.1423 -0.0400
-1.2364 1.1666 -0.0400
-1.2412 1.1913 -0.0400
-1.2402 1.2171 -0.0400
-1.2345 1.2439 -0.0400
-1.2205 1.2728 -0.0400
-1.1667 1.3114 -0.0400
0.5554 2.1942 -0.0400
0.5176 2.2440 -0.0400
0.5129 2.3071 -0.0400
-0.3731 5.0874 -0.0400
-1.4775 4.6075 -0.0400
-1.5541 4.5863 -0.0400
-1.6529 4.7282 -0.0400
-1.7236 4.7262 -0.0400
-1.7880 4.7482 -0.0400
-2.4021 5.9152 -0.0400
-2.7394 5.3895 -0.0400
-2.8162 5.3755 -0.0400
-2.8974 5.4504 -0.0400
-3.3263 3.8390 -0.0400
-3.3579 3.7531 -0.0400
-3.4019 3.7233 -0.0400
-3.4504 3.7116 -0.0400
-3.5046 3.7184 -0.0400
-3.5563 3.7148 -0.0400
-4.0572 4.0956 -0.0400
-4.1222 4.0931 -0.0400
-8.5705 1.4668 -0.0400
-8.0641 1.1398 -0.0400
-8.1025 1.0458 -0.0400
-3.8742 0.6090 -0.0400
-3.8559 0.5917 -0.0400
-3.8421 0.5733 -0.0400
-3.8320 0.5538 -0.0400
-3.8278 0.5321 -0.0400
-3.8260 0.5092 -0.0400
-3.8290 0.4841 -0.0400
-3.8376 0.4560 -0.0400
-3.8616 0.4198 -0.0400
-6.6254 -2.6151 -0.0400
-6.5298 -2.6537 -0.0400
-6.4097 -2.6663 -0.0400
-6.3532 -2.7393 -0.0400
-2.8015 -1.9896 -0.0400
-2.7481 -1.9448 -0.0400
-2.6967 -1.9264 -0.0400
-2.6458 -1.9234 -0.0400
-2.5946 -1.9341 -0.0400
-2.5423 -1.9637 -0.0400
-1.3465 -3.7952 -0.0400
-1.2575 -3.7902 -0.0400
-1.1726 -3.7700 -0.0400
-1.0704 -3.8007 -0.0400
1.0224 -1.9471 -0.0400
1.0874 -1.8931 -0.0400
1.2028 -1.8754 -0.0400
1.2909 -1.8348 -0.0400
2.6014 -1.6354 -0.0400
2.6243 -1.5323 -0.0400
1.2435 0.9583 -0.0400
1.2167 1.0265 -0.0400
-1.0635 1.0289 -0.0400
-1.0962 1.0555 -0.0400
-1.1140 1.0819 -0.0400
-1.1906 1.1029 -0.0400
-1.2146 1.1266 -0.0400
-1.2291 1.1506 -0.0400
-1.2378 1.1750 -0.0400
-1.2369 1.2006 -0.0400
-1.2301 1.2274 -0.0400
-1.2147 1.2563 -0.0400
0.6412 2.1667 -0.0400
0.5571 2.2006 -0.0400
0.5158 2.2491 -0.0400
0.5094 2.3113 -0.0400
-0.3728 5.0873 -0.0400
-1.4007 4.6236 -0.0400
-1.4902 4.5669 -0.0400
-1.5474 4.6055 -0.0400
-1.6464 4.7474 -0.0400
-1.7229 4.7234 -0.0400
-1.7847 4.7554 -0.0400
-2.3098 5.9247 -0.0400
-2.3977 5.9048 -0.0400
-2.6574 5.4038 -0.0400
-2.7343 5.3743 -0.0400
-2.8121 5.4003 -0.0400
-3.3571 3.7701 -0.0400
-3.3964 3.7226 -0.0400
-3.4482 3.7232 -0.0400
-3.5003 3.7229 -0.0400
-3.5588 3.7409 -0.0400
-4.0045 4.1436 -0.0400
-4.0430 4.0823 -0.0400
-4.1056 4.0761 -0.0400
-8.5611 1.5894 -0.0400
-8.0785 1.1589 -0.0400
-3.8363 0.5655 -0.0400
-3.8289 0.5450 -0.0400
-3.8247 0.5232 -0.0400
-3.8352 0.4950 -0.0400
-3.8456 0.4660 -0.0400
-3.8791 0.4253 -0.0400
-6.5192 -2.6201 -0.0400
-6.4257 -2.6581 -0.0400
-6.4027 -2.7650 -0.0400
-5.1837 -1.9201 -0.0400
-2.8098 -2.0076 -0.0400
-2.7556 -1.9524 -0.0400
-2.7038 -1.9307 -0.0400
-2.6526 -1.9308 -0.0400
-2.6009 -1.9538 -0.0400
-2.5467 -2.0169 -0.0400
-1.4259 -3.8646 -0.0400
-1.3543 -3.7936 -0.0400
-1.2629 -3.7968 -0.0400
-1.1698 -3.8018 -0.0400
-1.0812 -3.7894 -0.0400
1.0206 -1.9464 -0.0400
1.0919 -1.8970 -0.0400
1.2066 -1.8788 -0.0400
1.4108 -1.9209 -0.0400
2.6064 -1.7549 -0.0400
2.5740 -1.6224 -0.0400
2.6706 -1.5549 -0.0400
3.1591 0.1257 -0.0400
1.2171 0.9631 -0.0400
-1.0077 1.0094 -0.0400
-1.0713 1.0367 -0.0400
-1.1000 1.0634 -0.0400
-1.1440 1.0882 -0.0400
-1.2159 1.1093 -0.0400
-1.2288 1.1337 -0.0400
-1.2360 1.1583 -0.0400
-1.2392 1.1833 -0.0400
-1.2372 1.2092 -0.0400
-1.2300 1.2361 -0.0400
-1.2135 1.2651 -0.0400
0.5855 2.1525 -0.0400
0.5358 2.1984 -0.0400
0.5261 2.2590 -0.0400
-0.2997 5.0501 -0.0400
-0.3593 5.1120 -0.0400
-1.4165 4.5782 -0.0400
-1.4915 4.5629 -0.0400
-1.5483 4.6018 -0.0400
-1.5778 4.7372 -0.0400
-1.6546 4.7147 -0.0400
-1.7210 4.7277 -0.0400
-1.7776 4.7812 -0.0400
-2.3059 5.9214 -0.0400
-2.3936 5.9012 -0.0400
-2.6532 5.4162 -0.0400
-2.7300 5.3718 -0.0400
-2.8072 5.3865 -0.0400
-3.3111 3.8134 -0.0400
-3.3475 3.7493 -0.0400
-3.3917 3.7224 -0.0400
-3.4409 3.7145 -0.0400
-3.4942 3.7198 -0.0400
-4.0381 4.0886 -0.0400
-8.5605 1.6084 -0.0400
-8.5868 1.5067 -0.0400
-8.0931 1.2730 -0.0400
-8.0574 1.1767 -0.0400
-6.5404 0.3743 -0.0400
-6.5545 0.3021 -0.0400
-3.8281 0.5116 -0.0400
-3.8320 0.4858 -0.0400
-3.8431 0.4561 -0.0400
-6.5590 -2.6333 -0.0400
-6.4385 -2.6462 -0.0400
-6.3901 -2.7277 -0.0400
-5.1144 -1.9194 -0.0400
-5.0786 -1.9811 -0.0400
-6.2046 -3.5376 -0.0400
-2.8183 -2.0158 -0.0400
-2.7635 -1.9566 -0.0400
-2.7113 -1.9245 -0.0400
-2.6600 -1.9291 -0.0400
-2.6083 -1.9474 -0.0400
-2.5548 -1.9921 -0.0400
-1.3614 -3.7970 -0.0400
-1.2683 -3.8052 -0.0400
-1.1711 -3.8227 -0.0400
-1.0745 -3.8332 -0.0400
0.9990 -2.0372 -0.0400
1.0284 -1.9538 -0.0400
1.1647 -1.9543 -0.0400
1.2183 -1.8885 -0.0400
1.4495 -1.9498 -0.0400
2.5946 -1.7502 -0.0400
2.5742 -1.6237 -0.0400
3.1329 0.1305 -0.0400
1.2361 0.8989 -0.0400
1.2163 0.9674 -0.0400
-1.0432 1.0169 -0.0400
-1.0827 1.0444 -0.0400
-1.1680 1.0685 -0.0400
-1.2018 1.0929 -0.0400
-1.2202 1.1173 -0.0400
-1.2316 1.1418 -0.0400
-1.2375 1.1666 -0.0400
-1.2331 1.1926 -0.0400
-1.2251 1.2195 -0.0400
-1.2062 1.2486 -0.0400
0.6011 2.1639 -0.0400
0.5354 2.2042 -0.0400
0.5193 2.2622 -0.0400
-0.2994 5.0520 -0.0400
-1.4274 4.5489 -0.0400
-1.4941 4.5568 -0.0400
-1.5425 4.6214 -0.0400
-1.5821 4.7220 -0.0400
-1.6560 4.7090 -0.0400
-1.7214 4.7248 -0.0400
-2.2115 5.9645 -0.0400
-2.3035 5.9045 -0.0400
-2.6497 5.4163 -0.0400
-2.7265 5.3815 -0.0400
-3.2980 3.7721 -0.0400
-3.3408 3.7377 -0.0400
-3.3880 3.7235 -0.0400
-3.4402 3.7272 -0.0400
-3.4915 3.7257 -0.0400
-3.5532 3.7554 -0.0400
-3.9835 4.1277 -0.0400
-4.0301 4.0862 -0.0400
-8.5527 1.6265 -0.0400
-8.5806 1.5251 -0.0400
-8.1200 1.2927 -0.0400
-8.0535 1.1948 -0.0400
-8.1056 1.1015 -0.0400
-6.5584 0.3882 -0.0400
-6.5334 0.3227 -0.0400
-6.5111 -2.6835 -0.0400
-6.3916 -2.6960 -0.0400
-6.3536 -2.7889 -0.0400
-5.1434 -1.9228 -0.0400
-5.0773 -1.9479 -0.0400
-6.1918 -3.4828 -0.0400
-6.1361 -3.5750 -0.0400
-2.7765 -2.0066 -0.0400
-2.7223 -1.9307 -0.0400
-2.6708 -1.9225 -0.0400
-2.6193 -1.9252 -0.0400
-2.5671 -1.9409 -0.0400
-1.3675 -3.8172 -0.0400
-1.2871 -3.7800 -0.0400
-1.1972 -3.7749 -0.0400
-1.0945 -3.8064 -0.0400
-1.0128 -3.7707 -0.0400
1.0555 -1.9783 -0.0400
1.0811 -1.8922 -0.0400
1.2121 -1.8863 -0.0400
1.2804 -1.8308 -0.0400
2.5901 -1.6339 -0.0400
2.6221 -1.5348 -0.0400
3.1296 0.1318 -0.0400
1.2723 0.9032 -0.0400
1.2270 0.9729 -0.0400
1.2137 1.0411 -0.0400
-1.0681 1.0551 -0.0400
-1.1139 1.0814 -0.0400
-1.1882 1.1044 -0.0400
-1.2129 1.1287 -0.0400
-1.2277 1.1531 -0.0400
-1.2401 1.1773 -0.0400
-1.2401 1.2028 -0.0400
-1.2365 1.2290 -0.0400
-1.2272 1.2563 -0.0400
-1.2061 1.2863 -0.0400
0.6129 2.1758 -0.0400
0.5367 2.2125 -0.0400
0.5129 2.2676 -0.0400
0.5421 2.3445 -0.0400
-0.3711 5.0950 -0.0400
-1.4915 4.5687 -0.0400
-1.5559 4.5823 -0.0400
-1.6538 4.7192 -0.0400
-1.7231 4.7198 -0.0400
-1.7852 4.7476 -0.0400
-2.2964 5.9453 -0.0400
-2.3858 5.8982 -0.0400
-2.7223 5.3701 -0.0400
-2.7989 5.3823 -0.0400
-3.3474 3.7821 -0.0400
-3.3864 3.7344 -0.0400
-3.4311 3.7118 -0.0400
-3.4860 3.7246 -0.0400
-3.5401 3.7315 -0.0400
-4.0834 4.0801 -0.0400
-8.5540 1.5476 -0.0400
-8.6117 1.4483 -0.0400
-8.1034 1.2207 -0.0400
-8.0548 1.1247 -0.0400
-6.5359 0.3445 -0.0400
-6.5420 0.2735 -0.0400
-3.9405 0.6327 -0.0400
-6.5479 -2.5739 -0.0400
-6.4679 -2.6253 -0.0400
-6.4367 -2.7242 -0.0400
-5.1391 -1.9018 -0.0400
-5.1081 -1.9698 -0.0400
-2.7799 -1.9314 -0.0400
-2.7281 -1.9257 -0.0400
-2.6765 -1.9307 -0.0400
-2.6237 -1.9859 -0.0400
-1.3693 -3.8338 -0.0400
-1.2822 -3.8179 -0.0400
-1.1873 -3.8266 -0.0400
0.9775 -2.0243 -0.0400
1.1184 -2.0307 -0.0400
1.1594 -1.9545 -0.0400
1.2331 -1.9035 -0.0400
2.5393 -1.7254 -0.0400
2.5888 -1.6347 -0.0400
3.1136 0.0303 -0.0400
1.2182 0.9074 -0.0400
-1.0579 1.0036 -0.0400
-1.1062 1.0317 -0.0400
-1.1703 1.0578 -0.0400
-1.2012 1.0830 -0.0400
-1.2188 1.1079 -0.0400
-1.2335 1.1324 -0.0400
-1.2361 1.1577 -0.0400
-1.2344 1.1834 -0.0400
-1.2287 1.2098 -0.0400
-1.1842 1.2421 -0.0400
0.6401 2.1243 -0.0400
0.5611 2.1614 -0.0400
0.5612 2.2256 -0.0400
-0.2310 5.0119 -0.0400
-0.3040 5.0494 -0.0400
-1.3411 4.6002 -0.0400
-1.4353 4.5344 -0.0400
-1.4933 4.5663 -0.0400
-1.5921 4.6932 -0.0400
-1.6608 4.6961 -0.0400
-1.7155 4.7508 -0.0400
-2.2130 5.8918 -0.0400
-2.2991 5.8887 -0.0400
-2.6446 5.3652 -0.0400
-2.7208 5.3857 -0.0400
-3.2516 3.8181 -0.0400
-3.2896 3.7594 -0.0400
-3.3339 3.7335 -0.0400
-3.3819 3.7244 -0.0400
-3.4350 3.7329 -0.0400
-3.4857 3.7306 -0.0400
-3.9698 4.1228 -0.0400
-4.0197 4.0905 -0.0400
-8.5523 1.6636 -0.0400
-8.0682 1.3259 -0.0400
-8.0484 1.2306 -0.0400
-6.5568 0.4216 -0.0400
-6.5386 0.3551 -0.0400
-3.9071 0.6517 -0.0400
-3.8831 0.6358 -0.0400
-3.8653 0.6185 -0.0400
-6.6695 -2.5343 -0.0400
-6.5739 -2.5733 -0.0400
-6.4825 -2.6142 -0.0400
-6.4423 -2.7042 -0.0400
-5.1526 -1.8938 -0.0400
-5.1429 -1.9880 -0.0400
-6.2377 -3.4925 -0.0400
-2.6325 -1.9975 -0.0400
-1.4710 -3.8297 -0.0400
-1.3795 -3.8322 -0.0400
-1.2938 -3.8115 -0.0400
-1.1929 -3.8396 -0.0400
0.9557 -2.1194 -0.0400
0.9718 -2.0230 -0.0400
1.0429 -1.9732 -0.0400
1.1690 -1.9652 -0.0400
1.3635 -2.0044 -0.0400
2.5279 -1.7221 -0.0400
2.6556 -1.6711 -0.0400
3.1248 0.0283 -0.0400
1.2489 0.8411 -0.0400
-1.0586 0.9823 -0.0400
-1.0872 1.0112 -0.0400
-1.1047 1.0390 -0.0400
-1.1965 1.0647 -0.0400
-1.2146 1.0901 -0.0400
-1.2313 1.1149 -0.0400
-1.2353 1.1401 -0.0400
-1.2345 1.1657 -0.0400
-1.2309 1.1917 -0.0400
-1.2025 1.2211 -0.0400
0.6634 2.0731 -0.0400
0.5838 2.1114 -0.0400
0.5483 2.1628 -0.0400
0.5494 2.2271 -0.0400
-0.2366 5.0067 -0.0400
-0.2976 5.0639 -0.0400
-1.3570 4.5633 -0.0400
-1.4378 4.5331 -0.0400
-1.4771 4.6202 -0.0400
-1.5189 4.7076 -0.0400
-1.5976 4.6797 -0.0400
-1.6619 4.6969 -0.0400
-1.7145 4.7592 -0.0400
-2.2111 5.8916 -0.0400
-2.5659 5.4006 -0.0400
-2.6427 5.3649 -0.0400
-2.7189 5.4107 -0.0400
-3.2524 3.8309 -0.0400
-3.2884 3.7621 -0.0400
-3.3319 3.7340 -0.0400
-3.3833 3.7385 -0.0400
-3.4339 3.7380 -0.0400
-3.4921 3.7615 -0.0400
-3.9217 4.1730 -0.0400
-3.9605 4.1123 -0.0400
-4.0232 4.1102 -0.0400
-8.5326 1.6795 -0.0400
-8.0516 1.2483 -0.0400
-6.5481 0.4393 -0.0400
-6.5740 0.3655 -0.0400
-3.9394 0.6550 -0.0400
-3.9027 0.6427 -0.0400
-3.8795 0.6269 -0.0400
-3.8559 0.6119 -0.0400
-3.8463 0.5922 -0.0400
-3.8392 0.5716 -0.0400
-6.7121 -2.5474 -0.0400
-6.6133 -2.5847 -0.0400
-6.5073 -2.6126 -0.0400
-5.2231 -1.8486 -0.0400
-5.1647 -1.8838 -0.0400
-5.1527 -1.9751 -0.0400
-6.2640 -3.4960 -0.0400
-1.4785 -3.8417 -0.0400
-1.3894 -3.8343 -0.0400
-1.2929 -3.8506 -0.0400
-1.2045 -3.8351 -0.0400
0.9413 -2.1115 -0.0400
0.9715 -2.0269 -0.0400
1.0663 -1.9961 -0.0400
1.1853 -1.9818 -0.0400
1.3776 -2.0189 -0.0400
2.5272 -1.7250 -0.0400
3.0986 -0.0723 -0.0400
1.3197 0.7704 -0.0400
-1.0178 0.9585 -0.0400
-1.0677 0.9894 -0.0400
-1.1077 1.0184 -0.0400
-1.1704 1.0460 -0.0400
-1.2145 1.0717 -0.0400
-1.2246 1.0971 -0.0400
-1.2313 1.1224 -0.0400
-1.2337 1.1479 -0.0400
-1.2307 1.1738 -0.0400
-1.2083 1.2019 -0.0400
-1.1808 1.2316 -0.0400
0.6661 2.0794 -0.0400
0.5848 2.1174 -0.0400
0.5624 2.1734 -0.0400
-0.2379 5.0087 -0.0400
-1.3704 4.5345 -0.0400
-1.4400 4.5338 -0.0400
-1.5224 4.7026 -0.0400
-1.6003 4.6770 -0.0400
-1.6604 4.7086 -0.0400
-2.2111 5.8780 -0.0400
-2.5657 5.3641 -0.0400
-2.6414 5.3611 -0.0400
-3.2506 3.8278 -0.0400
-3.2831 3.7442 -0.0400
-3.3299 3.7317 -0.0400
-3.3805 3.7341 -0.0400
-3.4311 3.7347 -0.0400
-3.4857 3.7471 -0.0400
-3.9582 4.1171 -0.0400
-4.0124 4.0958 -0.0400
-8.0458 1.3594 -0.0400
-8.0424 1.2652 -0.0400
-6.5955 0.5181 -0.0400
-6.5495 0.4553 -0.0400
-6.5580 0.3845 -0.0400
-3.9365 0.6689 -0.0400
-3.9042 0.6553 -0.0400
-3.8823 0.6391 -0.0400
-3.8655 0.6217 -0.0400
-3.8525 0.6032 -0.0400
-3.8428 0.5836 -0.0400
-3.8400 0.5612 -0.0400
-3.8389 0.5379 -0.0400
-3.8433 0.5116 -0.0400
-6.6902 -2.5030 -0.0400
-6.5892 -2.5372 -0.0400
-6.5118 -2.5915 -0.0400
-5.2456 -1.8499 -0.0400
-5.1765 -1.8730 -0.0400
-5.1451 -1.9407 -0.0400
-3.6899 -1.0566 -0.0400
-3.6428 -1.0515 -0.0400
-3.5963 -1.0456 -0.0400
-1.4911 -3.8356 -0.0400
-1.3996 -3.8370 -0.0400
-1.3076 -3.8373 -0.0400
-1.2151 -3.8359 -0.0400
0.9414 -2.1168 -0.0400
0.9713 -2.0317 -0.0400
1.1078 -2.0345 -0.0400
1.1962 -1.9949 -0.0400
1.3973 -2.0384 -0.0400
2.4998 -1.8321 -0.0400
2.5269 -1.7287 -0.0400
3.0925 -0.0720 -0.0400
1.2613 0.7772 -0.0400
-1.0614 0.9671 -0.0400
-1.0861 0.9966 -0.0400
-1.1399 1.0257 -0.0400
-1.2057 1.0528 -0.0400
-1.2183 1.0786 -0.0400
-1.2310 1.1040 -0.0400
-1.2341 1.1295 -0.0400
-1.2288 1.1556 -0.0400
-1.2226 1.1819 -0.0400
-1.2106 1.2092 -0.0400
0.6009 2.0647 -0.0400
0.5638 2.1160 -0.0400
0.5590 2.1778 -0.0400
-0.1631 4.9790 -0.0400
-0.2381 5.0133 -0.0400
-1.3810 4.5146 -0.0400
-1.4356 4.5542 -0.0400
-1.5302 4.6858 -0.0400
-1.6032 4.6751 -0.0400
-1.6621 4.7101 -0.0400
-2.1205 5.9142 -0.0400
-2.2109 5.8712 -0.0400
-2.5652 5.3582 -0.0400
-2.6406 5.3593 -0.0400
-3.2379 3.7676 -0.0400
-3.2819 3.7421 -0.0400
-3.3287 3.7305 -0.0400
-3.3790 3.7326 -0.0400
-3.4355 3.7556 -0.0400
-3.9041 4.1472 -0.0400
-3.9531 4.1136 -0.0400
-6.5932 0.5342 -0.0400
-6.5509 0.4710 -0.0400
-6.5567 0.4008 -0.0400
-3.9270 0.6610 -0.0400
-3.8979 0.6469 -0.0400
-3.8687 0.6337 -0.0400
-3.8564 0.6150 -0.0400
-3.8471 0.5953 -0.0400
-3.8403 0.5746 -0.0400
-3.8365 0.5526 -0.0400
-3.8352 0.5292 -0.0400
-3.8621 0.4919 -0.0400
-6.7317 -2.5149 -0.0400
-6.6417 -2.5603 -0.0400
-6.5454 -2.5979 -0.0400
-5.1973 -1.8727 -0.0400
-6.3539 -3.3866 -0.0400
-3.7097 -1.0687 -0.0400
-3.6508 -1.0386 -0.0400
-3.6092 -1.0439 -0.0400
-3.5685 -1.0505 -0.0400
-3.5319 -1.0667 -0.0400
-3.4998 -1.0950 -0.0400
-1.5855 -3.8699 -0.0400
-1.5022 -3.8380 -0.0400
-1.4105 -3.8395 -0.0400
-1.3200 -3.8336 -0.0400
-1.2090 -3.8937 -0.0400
0.9152 -2.0999 -0.0400
1.0290 -2.0860 -0.0400
1.1078 -2.0401 -0.0400
1.1963 -2.0003 -0.0400
1.4044 -2.0491 -0.0400
2.4800 -1.8258 -0.0400
2.5356 -1.7378 -0.0400
3.0943 -0.0737 -0.0400
-1.0284 0.9421 -0.0400
-1.0669 0.9735 -0.0400
-1.1034 1.0034 -0.0400
-1.1847 1.0329 -0.0400
-1.2160 1.0594 -0.0400
-1.2239 1.0853 -0.0400
-1.2327 1.1108 -0.0400
-1.2306 1.1367 -0.0400
-1.2268 1.1628 -0.0400
-1.2044 1.1907 -0.0400
-1.1806 1.2196 -0.0400
0.6689 2.0266 -0.0400
0.5946 2.0680 -0.0400
0.5618 2.1208 -0.0400
0.5596 2.1835 -0.0400
-0.1741 4.9672 -0.0400
-1.2846 4.5897 -0.0400
-1.3847 4.5138 -0.0400
-1.5398 4.6648 -0.0400
-1.6035 4.6831 -0.0400
-1.6429 4.7871 -0.0400
-2.1216 5.9013 -0.0400
-2.2104 5.8714 -0.0400
-2.4879 5.3935 -0.0400
-2.5652 5.3510 -0.0400
-2.6402 5.3620 -0.0400
-3.2363 3.7596 -0.0400
-3.2811 3.7390 -0.0400
-3.3282 3.7299 -0.0400
-3.3817 3.7457 -0.0400
-3.4352 3.7574 -0.0400
-3.9045 4.1557 -0.0400
-3.9496 4.1123 -0.0400
-6.5521 0.4865 -0.0400
-6.5640 0.4154 -0.0400
-3.9229 0.6751 -0.0400
-3.8977 0.6598 -0.0400
-3.8788 0.6431 -0.0400
-3.8642 0.6252 -0.0400
-3.8525 0.6064 -0.0400
-3.8452 0.5860 -0.0400
-3.8418 0.5638 -0.0400
-3.8410 0.5402 -0.0400
-3.8459 0.5135 -0.0400
-3.8593 0.4820 -0.0400
-6.5393 -2.5665 -0.0400
-5.2645 -1.8223 -0.0400
-5.2028 -1.8541 -0.0400
-6.3621 -3.3666 -0.0400
-3.7185 -1.0567 -0.0400
-3.6685 -1.0465 -0.0400
-3.6199 -1.0366 -0.0400
-3.5809 -1.0473 -0.0400
-3.5449 -1.0652 -0.0400
-3.5103 -1.0874 -0.0400
-3.4846 -1.1357 -0.0400
-3.4572 -1.1827 -0.0400
-4.3006 -4.0080 -0.0400
-1.5995 -3.8623 -0.0400
-1.5123 -3.8466 -0.0400
-1.4224 -3.8404 -0.0400
-1.3227 -3.8670 -0.0400
-1.2211 -3.8935 -0.0400
0.9147 -2.1063 -0.0400
0.9903 -2.0598 -0.0400
1.1077 -2.0462 -0.0400
1.3349 -2.1155 -0.0400
2.4756 -1.8286 -0.0400
2.5541 -1.7528 -0.0400
3.1211 -0.0808 -0.0400
1.2722 0.7108 -0.0400
-1.0650 0.9503 -0.0400
-1.1005 0.9811 -0.0400
-1.1700 1.0118 -0.0400
-1.2077 1.0395 -0.0400
-1.2179 1.0658 -0.0400
-1.2294 1.0916 -0.0400
-1.2325 1.1174 -0.0400
-1.2269 1.1435 -0.0400
-1.2214 1.1699 -0.0400
-1.1929 1.1985 -0.0400
0.6530 2.0270 -0.0400
0.5848 2.0701 -0.0400
0.5612 2.1258 -0.0400
-0.1771 4.9681 -0.0400
-1.3249 4.4988 -0.0400
-1.3876 4.5159 -0.0400
-1.4603 4.7020 -0.0400
-1.5443 4.6609 -0.0400
-1.6021 4.6980 -0.0400
-1.6495 4.7735 -0.0400
-2.1268 5.8598 -0.0400
-2.2077 5.8976 -0.0400
-2.4891 5.3764 -0.0400
-2.5656 5.3480 -0.0400
-2.6399 5.3912 -0.0400
-3.1977 3.8134 -0.0400
-3.2380 3.7657 -0.0400
-3.2809 3.7365 -0.0400
-3.3292 3.7332 -0.0400
-3.3823 3.7481 -0.0400
-3.4383 3.7699 -0.0400
-3.8937 4.1334 -0.0400
-3.9542 4.1294 -0.0400
-6.5572 0.5012 -0.0400
-6.5913 0.4265 -0.0400
-3.9427 0.6815 -0.0400
-3.9116 0.6679 -0.0400
-3.8897 0.6520 -0.0400
-3.8669 0.6371 -0.0400
-3.8562 0.6180 -0.0400
-3.8476 0.5982 -0.0400
-3.8420 0.5771 -0.0400
-3.8386 0.5548 -0.0400
-3.8533 0.5237 -0.0400
-3.8685 0.4914 -0.0400
-5.2246 -1.8543 -0.0400
-3.7310 -1.0521 -0.0400
-3.6805 -1.0409 -0.0400
-3.6359 -1.0406 -0.0400
-3.5929 -1.0425 -0.0400
-3.5558 -1.0580 -0.0400
-3.5243 -1.0882 -0.0400
-3.4924 -1.1195 -0.0400
-3.4824 -1.2182 -0.0400
-4.3224 -4.0201 -0.0400
-1.3343 -3.8704 -0.0400
0.8626 -2.1806 -0.0400
0.9177 -2.1163 -0.0400
1.0544 -2.1214 -0.0400
1.1185 -2.0621 -0.0400
1.3150 -2.1069 -0.0400
2.4468 -1.9383 -0.0400
2.4747 -1.8340 -0.0400
3.0773 -0.1801 -0.0400
3.1246 -0.0838 -0.0400
1.2611 0.7134 -0.0400
-1.0759 0.9563 -0.0400
-1.1042 0.9867 -0.0400
-1.1948 1.0184 -0.0400
-1.2171 1.0455 -0.0400
-1.2280 1.0717 -0.0400
-1.2323 1.0977 -0.0400
-1.2291 1.1237 -0.0400
-1.2257 1.1499 -0.0400
-1.2090 1.1771 -0.0400
-1.1612 1.2076 -0.0400
0.6144 2.0207 -0.0400
0.5772 2.0727 -0.0400
0.6133 2.1475 -0.0400
-0.1793 4.9707 -0.0400
-1.3312 4.4937 -0.0400
-1.3841 4.5358 -0.0400
-1.4805 4.6539 -0.0400
-1.5476 4.6618 -0.0400
-1.6003 4.7150 -0.0400
-2.0327 5.9276 -0.0400
-2.1271 5.8613 -0.0400
-2.2071 5.9078 -0.0400
-2.4912 5.3518 -0.0400
-2.5662 5.3499 -0.0400
-2.6399 5.4162 -0.0400
-3.1919 3.7744 -0.0400
-3.2358 3.7489 -0.0400
-3.2820 3.7373 -0.0400
-3.3319 3.7417 -0.0400
-3.3812 3.7413 -0.0400
-3.8451 4.1719 -0.0400
-3.8917 4.1325 -0.0400
-3.9524 4.1296 -0.0400
-6.5541 0.5168 -0.0400
-6.5641 0.4463 -0.0400
-3.9641 0.6872 -0.0400
-3.9247 0.6761 -0.0400
-3.8888 0.6650 -0.0400
-3.8739 0.6473 -0.0400
-3.8616 0.6288 -0.0400
-3.8519 0.6095 -0.0400
-3.8477 0.5878 -0.0400
-3.8450 0.5653 -0.0400
-3.8458 0.5409 -0.0400
-3.8523 0.5132 -0.0400
-3.8702 0.4789 -0.0400
-5.3660 -1.7091 -0.0400
-6.6082 -3.1601 -0.0400
-3.8476 -1.0073 -0.0400
-3.7943 -0.9949 -0.0400
-3.7486 -0.9949 -0.0400
-3.7051 -0.9980 -0.0400
-3.6689 -1.0157 -0.0400
-3.6346 -1.0377 -0.0400
-3.6105 -1.0850 -0.0400
-3.5858 -1.1340 -0.0400
-4.5783 -3.9036 -0.0400
-4.5042 -3.9732 -0.0400
0.7288 -2.4065 -0.0400
0.7476 -2.3050 -0.0400
0.9005 -2.3328 -0.0400
1.0812 -2.3798 -0.0400
2.2949 -2.2138 -0.0400
2.3244 -2.1084 -0.0400
3.0152 -0.4855 -0.0400
-1.0567 0.8374 -0.0400
-1.0982 0.8723 -0.0400
-1.1596 0.9076 -0.0400
-1.2009 0.9389 -0.0400
-1.2167 0.9667 -0.0400
-1.2240 0.9934 -0.0400
-1.2248 1.0196 -0.0400
-1.2177 1.0455 -0.0400
-1.2024 1.0716 -0.0400
-1.1696 1.0985 -0.0400
0.7394 1.7997 -0.0400
0.6456 1.8417 -0.0400
0.6303 1.9000 -0.0400
0.6386 1.9645 -0.0400
0.0851 4.7816 -0.0400
-1.0810 4.4184 -0.0400
-1.1553 4.4131 -0.0400
-1.3009 4.5684 -0.0400
-1.3609 4.5962 -0.0400
-1.4122 4.6480 -0.0400
-1.7884 5.8372 -0.0400
-1.8769 5.8236 -0.0400
-2.2681 5.3256 -0.0400
-2.3428 5.3294 -0.0400
-3.0478 3.7806 -0.0400
-3.0932 3.7606 -0.0400
-3.1399 3.7526 -0.0400
-3.1910 3.7695 -0.0400
-3.2409 3.7749 -0.0400
-3.6746 4.2056 -0.0400
-3.7265 4.1800 -0.0400
-3.7907 4.1909 -0.0400
-3.9955 0.7501 -0.0400
-3.9466 0.7395 -0.0400
-3.9085 0.7273 -0.0400
-3.8937 0.7091 -0.0400
-3.8815 0.6904 -0.0400
-3.8710 0.6712 -0.0400
-3.8656 0.6504 -0.0400
-3.8624 0.6285 -0.0400
-3.8616 0.6055 -0.0400
-3.8835 0.5724 -0.0400
-3.9126 0.5348 -0.0400
-3.9691 -0.9672 -0.0400
-3.9087 -0.9473 -0.0400
-3.8536 -0.9336 -0.0400
-3.8151 -0.9475 -0.0400
-3.7793 -0.9661 -0.0400
-3.7461 -0.9899 -0.0400
-3.7248 -1.0392 -0.0400
-3.7037 -1.0918 -0.0400
0.5128 -2.5504 -0.0400
0.5890 -2.5077 -0.0400
0.7128 -2.5139 -0.0400
0.8000 -2.4785 -0.0400
2.9388 -0.7885 -0.0400
1.2313 0.2208 -0.0400
-1.0712 0.7508 -0.0400
-1.1081 0.7872 -0.0400
-1.1870 0.8290 -0.0400
-1.2129 0.8601 -0.0400
-1.2226 0.8881 -0.0400
-1.2251 0.9148 -0.0400
-1.2201 0.9406 -0.0400
-1.2109 0.9663 -0.0400
-1.1932 0.9917 -0.0400
0.7204 1.6094 -0.0400
0.6859 1.6651 -0.0400
0.6928 1.7279 -0.0400
0.2744 4.6281 -0.0400
-0.9193 4.3076 -0.0400
-0.9732 4.3441 -0.0400
-1.0440 4.4942 -0.0400
-1.1191 4.4906 -0.0400
-1.1730 4.5316 -0.0400
-1.5496 5.7430 -0.0400
-1.6312 5.7635 -0.0400
-1.9710 5.2900 -0.0400
-2.0476 5.2846 -0.0400
-2.1191 5.3119 -0.0400
-2.8592 3.8215 -0.0400
-2.9040 3.7735 -0.0400
-2.9506 3.7634 -0.0400
-2.9983 3.7657 -0.0400
-3.0481 3.7828 -0.0400
-3.0976 3.7917 -0.0400
-3.5109 4.2591 -0.0400
-3.5611 4.2244 -0.0400
-3.9598 0.8053 -0.0400
-3.9355 0.7881 -0.0400
-3.9084 0.7723 -0.0400
-3.8969 0.7531 -0.0400
-3.8862 0.7339 -0.0400
-3.8807 0.7132 -0.0400
-3.8777 0.6917 -0.0400
-3.8852 0.6663 -0.0400
-3.8921 0.6405 -0.0400
-3.9070 0.6111 -0.0400
-7.0742 -2.0193 -0.0400
-6.9648 -2.0550 -0.0400
-3.8021 -1.0200 -0.0400
-3.7503 -1.0083 -0.0400
-3.7056 -1.0090 -0.0400
-3.6649 -1.0173 -0.0400
-3.6268 -1.0311 -0.0400
-3.5953 -1.0611 -0.0400
-3.5648 -1.0954 -0.0400
-3.5386 -1.1438 -0.0400
-4.4660 -4.0056 -0.0400
0.8107 -2.2742 -0.0400
0.9378 -2.2747 -0.0400
0.9955 -2.2092 -0.0400
1.1905 -2.2613 -0.0400
2.3692 -2.0339 -0.0400
-1.0554 0.8775 -0.0400
-1.0821 0.9103 -0.0400
-1.1429 0.9453 -0.0400
-1.2040 0.9782 -0.0400
-1.2141 1.0057 -0.0400
-1.2251 1.0328 -0.0400
-1.2271 1.0593 -0.0400
-1.2215 1.0856 -0.0400
-1.2080 1.1122 -0.0400
-1.1805 1.1397 -0.0400
0.7351 1.8721 -0.0400
0.6349 1.9118 -0.0400
0.6075 1.9674 -0.0400
0.6198 2.0336 -0.0400
0.0154 4.8403 -0.0400
-1.2234 4.4481 -0.0400
-1.2655 4.5129 -0.0400
-1.3619 4.6239 -0.0400
-1.4310 4.6281 -0.0400
-1.4802 4.6870 -0.0400
-1.9646 5.8344 -0.0400
-2.0446 5.8678 -0.0400
-2.3451 5.3577 -0.0400
-2.4214 5.3410 -0.0400
-2.4897 5.4540 -0.0400
-3.1047 3.7967 -0.0400
-3.1466 3.7562 -0.0400
-3.1923 3.7441 -0.0400
-3.2419 3.7531 -0.0400
-3.2924 3.7633 -0.0400
-3.3446 3.7781 -0.0400
-3.7391 4.2191 -0.0400
-3.7822 4.1677 -0.0400
-3.8472 4.1804 -0.0400
-3.9754 0.7155 -0.0400
-3.9211 0.7094 -0.0400
-3.9026 0.6926 -0.0400
-3.8816 0.6773 -0.0400
-3.8704 0.6586 -0.0400
-3.8613 0.6393 -0.0400
-3.8557 0.6186 -0.0400
-3.8588 0.5938 -0.0400
-3.8609 0.5690 -0.0400
-3.8682 0.5411 -0.0400
-6.8269 -2.3571 -0.0400
-6.7338 -2.4001 -0.0400
-6.7179 -2.5112 -0.0400
-3.7962 -1.0602 -0.0400
-3.7367 -1.0321 -0.0400
-3.6884 -1.0249 -0.0400
-3.6436 -1.0237 -0.0400
-3.6067 -1.0405 -0.0400
-3.5722 -1.0635 -0.0400
-3.5401 -1.0943 -0.0400
-3.5115 -1.1373 -0.0400
-4.3829 -3.9767 -0.0400
-3.0074 -2.0029 -0.0400
-2.9497 -1.9594 -0.0400
-2.8945 -1.9302 -0.0400
0.8393 -2.1987 -0.0400
0.9288 -2.1642 -0.0400
1.0371 -2.1437 -0.0400
1.1340 -2.1107 -0.0400
3.0973 -0.1991 -0.0400
-1.0618 0.9123 -0.0400
-1.0909 0.9449 -0.0400
-1.1744 0.9808 -0.0400
-1.2137 1.0109 -0.0400
-1.2212 1.0381 -0.0400
-1.2290 1.0650 -0.0400
-1.2255 1.0915 -0.0400
-1.2210 1.1181 -0.0400
-1.2030 1.1452 -0.0400
-1.1580 1.1742 -0.0400
0.6751 1.9259 -0.0400
0.6187 1.9749 -0.0400
0.5891 2.0298 -0.0400
0.6943 2.1241 -0.0400
-0.0445 4.9048 -0.0400
-0.1142 4.9473 -0.0400
-1.2249 4.4604 -0.0400
-1.2874 4.4782 -0.0400
-1.3230 4.5606 -0.0400
-1.4379 4.6267 -0.0400
-1.4965 4.6581 -0.0400
-1.5372 4.7448 -0.0400
-1.9587 5.8873 -0.0400
-2.0498 5.8504 -0.0400
-2.3437 5.4083 -0.0400
-2.4236 5.3551 -0.0400
-2.4982 5.3572 -0.0400
-3.1127 3.8238 -0.0400
-3.1528 3.7688 -0.0400
-3.1966 3.7449 -0.0400
-3.2428 3.7373 -0.0400
-3.2936 3.7516 -0.0400
-3.3432 3.7563 -0.0400
-3.7904 4.1883 -0.0400
-3.8367 4.1487 -0.0400
-3.9017 4.1606 -0.0400
-3.9300 0.6986 -0.0400
-3.8995 0.6864 -0.0400
-3.8849 0.6689 -0.0400
-3.8691 0.6523 -0.0400
-3.8599 0.6331 -0.0400
-3.8538 0.6126 -0.0400
-3.8491 0.5914 -0.0400
-3.8555 0.5645 -0.0400
-3.8601 0.5379 -0.0400
-6.8882 -2.3763 -0.0400
-6.7743 -2.4026 -0.0400
-6.6621 -2.4274 -0.0400
-6.6094 -2.5045 -0.0400
-5.3249 -1.7661 -0.0400
-3.7984 -1.0323 -0.0400
-3.7446 -1.0156 -0.0400
-3.6987 -1.0137 -0.0400
-3.6575 -1.0206 -0.0400
-3.6191 -1.0340 -0.0400
-3.5832 -1.0535 -0.0400
-3.5582 -1.1035 -0.0400
-3.5346 -1.1620 -0.0400
-4.3992 -3.9675 -0.0400
-2.9624 -1.9436 -0.0400
-2.9082 -1.9324 -0.0400
-2.8549 -1.9350 -0.0400
-2.8018 -1.9510 -0.0400
0.8398 -2.2110 -0.0400
0.9778 -2.2194 -0.0400
1.0459 -2.1625 -0.0400
1.2453 -2.2142 -0.0400
3.0714 -0.3059 -0.0400
-1.0913 0.9184 -0.0400
-1.1056 0.9492 -0.0400
-1.1789 0.9843 -0.0400
-1.2153 1.0143 -0.0400
-1.2226 1.0416 -0.0400
-1.2273 1.0686 -0.0400
-1.2207 1.0953 -0.0400
-1.2135 1.1221 -0.0400
-1.1832 1.1498 -0.0400
0.7404 1.8800 -0.0400
0.6451 1.9216 -0.0400
0.6022 1.9738 -0.0400
0.6071 2.0380 -0.0400
-0.0586 4.8914 -0.0400
-1.2279 4.4657 -0.0400
-1.2920 4.4798 -0.0400
-1.3736 4.6235 -0.0400
-1.4421 4.6287 -0.0400
-1.4996 4.6632 -0.0400
-1.9678 5.8469 -0.0400
-2.0509 5.8585 -0.0400
-2.3453 5.4214 -0.0400
-2.4273 5.3434 -0.0400
-2.5004 5.3644 -0.0400
-3.1161 3.8215 -0.0400
-3.1559 3.7647 -0.0400
-3.1997 3.7422 -0.0400
-3.2478 3.7454 -0.0400
-3.2972 3.7529 -0.0400
-3.3494 3.7699 -0.0400
-3.7858 4.1702 -0.0400
-3.8369 4.1455 -0.0400
-8.5000 1.9378 -0.0400
-3.8745 0.6618 -0.0400
-3.8635 0.6435 -0.0400
-3.8556 0.6239 -0.0400
-3.8535 0.6016 -0.0400
-3.8503 0.5796 -0.0400
-3.8628 0.5493 -0.0400
-3.8727 0.5194 -0.0400
-6.7868 -2.3891 -0.0400
-6.6886 -2.4265 -0.0400
-5.2879 -1.8014 -0.0400
-3.8727 -1.0652 -0.0400
-3.8008 -1.0156 -0.0400
-3.7497 -1.0044 -0.0400
-3.7029 -0.9999 -0.0400
-3.6659 -1.0166 -0.0400
-3.6316 -1.0401 -0.0400
-3.6003 -1.0721 -0.0400
-3.5733 -1.1177 -0.0400
-4.5017 -3.9406 -0.0400
-3.0868 -2.0117 -0.0400
-3.0269 -1.9574 -0.0400
-2.9707 -1.9281 -0.0400
-2.9174 -1.9317 -0.0400
-2.8652 -1.9694 -0.0400
-2.8121 -2.0258 -0.0400
0.7407 -2.3630 -0.0400
0.7737 -2.2750 -0.0400
0.9269 -2.3001 -0.0400
0.9758 -2.2258 -0.0400
-1.0216 0.8497 -0.0400
-1.0772 0.8883 -0.0400
-1.1705 0.9292 -0.0400
-1.1991 0.9602 -0.0400
-1.2217 0.9896 -0.0400
-1.2242 1.0168 -0.0400
-1.2238 1.0438 -0.0400
-1.2149 1.0704 -0.0400
-1.2046 1.0973 -0.0400
-1.1600 1.1248 -0.0400
0.7404 1.8176 -0.0400
0.6557 1.8630 -0.0400
0.6182 1.9170 -0.0400
0.6515 1.9882 -0.0400
0.0036 4.8429 -0.0400
-1.1114 4.4180 -0.0400
-1.1789 4.4266 -0.0400
-1.2218 4.4872 -0.0400
-1.3142 4.6028 -0.0400
-1.3839 4.6063 -0.0400
-1.7956 5.8599 -0.0400
-1.8886 5.8227 -0.0400
-1.9618 5.8932 -0.0400
-2.2791 5.3509 -0.0400
-2.3543 5.3481 -0.0400
-2.4216 5.4412 -0.0400
-3.0661 3.7809 -0.0400
-3.1108 3.7611 -0.0400
-3.1559 3.7468 -0.0400
-3.2040 3.7524 -0.0400
-3.2531 3.7605 -0.0400
-3.3063 3.7855 -0.0400
-3.7315 4.1816 -0.0400
-3.7866 4.1689 -0.0400
-8.4775 2.0459 -0.0400
-8.0533 1.6938 -0.0400
-3.8600 0.6298 -0.0400
-3.8619 0.6057 -0.0400
-3.8619 0.5821 -0.0400
-3.8857 0.5460 -0.0400
-6.8285 -2.2862 -0.0400
-6.7397 -2.3321 -0.0400
-6.7041 -2.4240 -0.0400
-5.3973 -1.7046 -0.0400
-5.3356 -1.7371 -0.0400
-6.5518 -3.2351 -0.0400
-3.6845 -1.0123 -0.0400
-3.6452 -1.0236 -0.0400
-3.6087 -1.0415 -0.0400
-3.5828 -1.0889 -0.0400
-3.5585 -1.1447 -0.0400
-4.4378 -3.9669 -0.0400
-3.0505 -2.0067 -0.0400
-2.9917 -1.9558 -0.0400
-2.9365 -1.9364 -0.0400
-2.8828 -1.9345 -0.0400
-2.8295 -1.9515 -0.0400
0.8507 -2.2474 -0.0400
0.9617 -2.2307 -0.0400
1.0515 -2.1922 -0.0400
-1.0531 0.8870 -0.0400
-1.0889 0.9218 -0.0400
-1.1887 0.9619 -0.0400
-1.2085 0.9915 -0.0400
-1.2186 1.0197 -0.0400
-1.2256 1.0473 -0.0400
-1.2223 1.0743 -0.0400
-1.2060 1.1012 -0.0400
-1.1882 1.1287 -0.0400
-1.1525 1.1571 -0.0400
0.7005 1.8753 -0.0400
0.6232 1.9210 -0.0400
0.6058 1.9796 -0.0400
0.6561 2.0565 -0.0400
0.0017 4.8485 -0.0400
-1.1676 4.4660 -0.0400
-1.2432 4.4568 -0.0400
-1.3167 4.6140 -0.0400
-1.3892 4.6107 -0.0400
-1.4484 4.6397 -0.0400
-1.8831 5.8734 -0.0400
-1.9744 5.8402 -0.0400
-2.2780 5.4000 -0.0400
-2.3590 5.3460 -0.0400
-2.4333 5.3487 -0.0400
-3.0763 3.8166 -0.0400
-3.1190 3.7775 -0.0400
-3.1621 3.7491 -0.0400
-3.2089 3.7476 -0.0400
-3.2584 3.7592 -0.0400
-3.3064 3.7596 -0.0400
-3.7433 4.2086 -0.0400
-3.7867 4.1597 -0.0400
-3.8473 4.1633 -0.0400
-8.0440 1.6161 -0.0400
-8.0760 1.5256 -0.0400
-3.8693 0.5462 -0.0400
-6.8768 -2.2952 -0.0400
-6.7912 -2.3447 -0.0400
-6.6937 -2.3822 -0.0400
-6.6444 -2.4620 -0.0400
-5.3112 -1.7784 -0.0400
-3.6240 -1.0550 -0.0400
-3.5956 -1.0963 -0.0400
-3.5769 -1.1687 -0.0400
-3.1166 -2.0155 -0.0400
-3.0556 -1.9549 -0.0400
-2.9999 -1.9349 -0.0400
-2.9460 -1.9343 -0.0400
-2.8931 -1.9550 -0.0400
-2.8400 -1.9975 -0.0400
0.7006 -2.3522 -0.0400
0.7743 -2.3037 -0.0400
0.9003 -2.3030 -0.0400
0.9766 -2.2533 -0.0400
-1.0576 0.8574 -0.0400
-1.1493 0.9009 -0.0400
-1.1956 0.9355 -0.0400
-1.2113 0.9652 -0.0400
-1.2194 0.9936 -0.0400
-1.2219 1.0212 -0.0400
-1.2158 1.0482 -0.0400
-1.2062 1.0753 -0.0400
-1.1584 1.1021 -0.0400
0.8051 1.7685 -0.0400
0.7155 1.8158 -0.0400
0.6377 1.8628 -0.0400
0.6319 1.9242 -0.0400
0.0684 4.8058 -0.0400
-1.1296 4.4047 -0.0400
-1.1830 4.4418 -0.0400
-1.2530 4.6027 -0.0400
-1.3308 4.5890 -0.0400
-1.3720 4.6630 -0.0400
-1.8023 5.8564 -0.0400
-1.8939 5.8264 -0.0400
-2.2093 5.3635 -0.0400
-2.2884 5.3315 -0.0400
-2.3522 5.4392 -0.0400
-3.0305 3.8017 -0.0400
-3.0745 3.7723 -0.0400
-3.1190 3.7526 -0.0400
-3.1673 3.7631 -0.0400
-3.2148 3.7645 -0.0400
-3.2676 3.7927 -0.0400
-3.6878 4.2138 -0.0400
-3.7342 4.1734 -0.0400
-8.4582 2.1701 -0.0400
-8.0021 1.7125 -0.0400
-6.9375 -2.2087 -0.0400
-6.8493 -2.2568 -0.0400
-6.7592 -2.3014 -0.0400
-5.4134 -1.6744 -0.0400
-5.3601 -1.7159 -0.0400
-3.0712 -1.9638 -0.0400
-3.0140 -1.9267 -0.0400
-2.9606 -1.9330 -0.0400
-2.9076 -1.9530 -0.0400
-2.8545 -1.9964 -0.0400
-1.9052 -3.9721 -0.0400
-1.8215 -3.9274 -0.0400
0.6925 -2.3599 -0.0400
0.7647 -2.3097 -0.0400
0.8928 -2.3110 -0.0400
1.0967 -2.3763 -0.0400
-1.0592 0.8269 -0.0400
-1.0943 0.8635 -0.0400
-1.1546 0.9023 -0.0400
-1.1970 0.9366 -0.0400
-1.2117 0.9663 -0.0400
-1.2235 0.9952 -0.0400
-1.2195 1.0225 -0.0400
-1.2121 1.0496 -0.0400
-1.1990 1.0768 -0.0400
-0.9924 1.1012 -0.0400
0.7471 1.7589 -0.0400
0.6856 1.8109 -0.0400
0.6361 1.8636 -0.0400
0.6673 1.9338 -0.0400
0.1311 4.7593 -0.0400
0.0713 4.8152 -0.0400
-1.1329 4.4096 -0.0400
-1.1803 4.6137 -0.0400
-1.2729 4.5699 -0.0400
-1.3363 4.5887 -0.0400
-1.3843 4.6456 -0.0400
-1.8151 5.8102 -0.0400
-2.2140 5.3573 -0.0400
-2.2903 5.3480 -0.0400
-3.0354 3.7983 -0.0400
-3.0783 3.7592 -0.0400
-3.1241 3.7530 -0.0400
-3.1733 3.7697 -0.0400
-3.2204 3.7682 -0.0400
-3.6867 4.1984 -0.0400
-3.7385 4.1767 -0.0400
-8.4628 2.1825 -0.0400
-8.5190 2.0895 -0.0400
-8.0258 1.8196 -0.0400
-8.0004 1.7237 -0.0400
-6.8468 -2.2318 -0.0400
-6.7680 -2.2857 -0.0400
-5.4309 -1.6697 -0.0400
-5.3693 -1.7023 -0.0400
-3.1428 -1.9798 -0.0400
-3.0841 -1.9406 -0.0400
-3.0289 -1.9277 -0.0400
-2.9752 -1.9303 -0.0400
-2.9221 -1.9471 -0.0400
-1.9291 -3.9332 -0.0400
-1.8384 -3.9282 -0.0400
-1.7444 -3.9371 -0.0400
-1.6466 -3.9586 -0.0400
0.6560 -2.4636 -0.0400
0.6824 -2.3663 -0.0400
0.7617 -2.3228 -0.0400
0.8971 -2.3308 -0.0400
1.0886 -2.3846 -0.0400
-1.0431 0.8235 -0.0400
-1.0896 0.8626 -0.0400
-1.1303 0.8989 -0.0400
-1.2132 0.9389 -0.0400
-1.2204 0.9678 -0.0400
-1.2222 0.9958 -0.0400
-1.2178 1.0232 -0.0400
-1.2091 1.0505 -0.0400
-1.1669 1.0769 -0.0400
0.7440 1.7586 -0.0400
0.6775 1.8098 -0.0400
0.6395 1.8650 -0.0400
0.1259 4.7580 -0.0400
0.0711 4.8202 -0.0400
-1.0766 4.3895 -0.0400
-1.1391 4.4089 -0.0400
-1.2811 4.5639 -0.0400
-1.3326 4.6107 -0.0400
-1.7238 5.8497 -0.0400
-1.8186 5.8099 -0.0400
-2.1435 5.3510 -0.0400
-2.2225 5.3249 -0.0400
-2.2940 5.3503 -0.0400
-2.9950 3.8112 -0.0400
-3.0390 3.7769 -0.0400
-3.0837 3.7580 -0.0400
-3.1307 3.7616 -0.0400
-3.1786 3.7692 -0.0400
-3.2301 3.7960 -0.0400
-3.6873 4.1874 -0.0400
-3.7540 4.2147 -0.0400
-8.4658 2.1940 -0.0400
-7.9991 1.7343 -0.0400
-8.0559 1.6478 -0.0400
-6.5880 0.7728 -0.0400
-6.9590 -2.1812 -0.0400
-6.8908 -2.2456 -0.0400
-6.7760 -2.2697 -0.0400
-6.7489 -2.3682 -0.0400
-5.4437 -1.6604 -0.0400
-5.3978 -1.7100 -0.0400
-3.9160 -1.0237 -0.0400
-3.8504 -0.9872 -0.0400
-3.8005 -0.9787 -0.0400
-3.1005 -1.9546 -0.0400
-3.0443 -1.9324 -0.0400
-2.9906 -1.9367 -0.0400
-2.9378 -1.9668 -0.0400
-1.9417 -3.9615 -0.0400
-1.8508 -3.9546 -0.0400
-1.7621 -3.9357 -0.0400
-1.6627 -3.9645 -0.0400
0.8970 -2.3472 -0.0400
1.0883 -2.4007 -0.0400
-1.0818 0.8294 -0.0400
-1.1051 0.8643 -0.0400
-1.1894 0.9068 -0.0400
-1.2098 0.9382 -0.0400
-1.2184 0.9675 -0.0400
-1.2207 0.9958 -0.0400
-1.2098 1.0230 -0.0400
-1.1940 1.0502 -0.0400
-1.1628 1.0774 -0.0400
0.7002 1.7507 -0.0400
0.6556 1.8055 -0.0400
0.6413 1.8656 -0.0400
0.1191 4.7544 -0.0400
-1.0872 4.3804 -0.0400
-1.1264 4.4449 -0.0400
-1.2164 4.5594 -0.0400
-1.2859 4.5655 -0.0400
-1.3408 4.6042 -0.0400
-1.7395 5.7964 -0.0400
-2.1455 5.3652 -0.0400
-2.2265 5.3261 -0.0400
-2.2983 5.3485 -0.0400
-2.9560 3.8492 -0.0400
-2.9993 3.7896 -0.0400
-3.0439 3.7664 -0.0400
-3.0893 3.7568 -0.0400
-3.1379 3.7743 -0.0400
-3.1848 3.7740 -0.0400
-3.6445 4.2267 -0.0400
-3.6918 4.1888 -0.0400
-8.4527 2.2019 -0.0400
-7.9937 1.8361 -0.0400
-8.0193 1.7469 -0.0400
-6.5830 0.7835 -0.0400
-6.6256 0.7119 -0.0400
-6.9702 -2.1684 -0.0400
-6.8551 -2.1941 -0.0400
-6.7848 -2.2547 -0.0400
-5.4499 -1.6443 -0.0400
-5.4094 -1.6996 -0.0400
-3.8780 -1.0109 -0.0400
-3.8212 -0.9893 -0.0400
-3.7691 -0.9743 -0.0400
-3.7306 -0.9876 -0.0400
-3.6949 -1.0075 -0.0400
-3.1735 -1.9798 -0.0400
-3.1143 -1.9384 -0.0400
-3.0589 -1.9256 -0.0400
-3.0053 -1.9300 -0.0400
-2.9522 -1.9503 -0.0400
-2.8993 -1.9998 -0.0400
-1.9609 -3.9523 -0.0400
-1.8726 -3.9328 -0.0400
-1.7761 -3.9536 -0.0400
-1.6795 -3.9687 -0.0400
-1.0646 0.8247 -0.0400
-1.0968 0.8615 -0.0400
-1.2072 0.9084 -0.0400
-1.2187 0.9386 -0.0400
-1.2216 0.9673 -0.0400
-1.2185 0.9952 -0.0400
-1.2103 1.0228 -0.0400
-1.1950 1.0502 -0.0400
-1.1655 1.0775 -0.0400
0.7366 1.7562 -0.0400
0.6537 1.8047 -0.0400
0.6554 1.8682 -0.0400
0.2022 4.7310 -0.0400
0.1172 4.7566 -0.0400
-1.0256 4.3691 -0.0400
-1.0918 4.3823 -0.0400
-1.1345 4.4400 -0.0400
-1.2302 4.5413 -0.0400
-1.2875 4.5739 -0.0400
-1.3139 4.6801 -0.0400
-1.7404 5.8080 -0.0400
-1.8219 5.8277 -0.0400
-2.1569 5.3196 -0.0400
-2.2297 5.3340 -0.0400
-2.2910 5.4426 -0.0400
-2.9607 3.8241 -0.0400
-3.0048 3.7814 -0.0400
-3.0496 3.7630 -0.0400
-3.0967 3.7699 -0.0400
-3.1439 3.7751 -0.0400
-3.1922 3.7847 -0.0400
-3.6420 4.2007 -0.0400
-3.6969 4.1909 -0.0400
-8.4431 2.3123 -0.0400
-8.4902 2.2189 -0.0400
-8.0128 1.8482 -0.0400
-7.9999 1.7543 -0.0400
-6.5816 0.7932 -0.0400
-6.6364 0.7206 -0.0400
-5.4534 -1.6259 -0.0400
-5.4029 -1.6698 -0.0400
-3.8810 -0.9851 -0.0400
-3.8295 -0.9738 -0.0400
-3.7846 -0.9745 -0.0400
-3.7441 -0.9833 -0.0400
-3.7064 -0.9984 -0.0400
-3.6775 -1.0356 -0.0400
-3.6503 -1.0798 -0.0400
-3.6371 -1.1668 -0.0400
-3.1316 -1.9591 -0.0400
-3.0748 -1.9325 -0.0400
-3.0208 -1.9349 -0.0400
-2.9682 -1.9666 -0.0400
-1.9782 -3.9559 -0.0400
-1.8889 -3.9412 -0.0400
-1.7899 -3.9742 -0.0400
-1.6963 -3.9739 -0.0400
-1.0374 0.7850 -0.0400
-1.0918 0.8275 -0.0400
-1.1491 0.8682 -0.0400
-1.1982 0.9055 -0.0400
-1.2130 0.9365 -0.0400
-1.2188 0.9658 -0.0400
-1.2135 0.9938 -0.0400
-1.1998 1.0212 -0.0400
-1.1742 1.0484 -0.0400
0.7225 1.7525 -0.0400
0.6580 1.8045 -0.0400
0.6764 1.8717 -0.0400
0.1768 4.7048 -0.0400
-1.0319 4.3676 -0.0400
-1.0960 4.3846 -0.0400
-1.1622 4.5417 -0.0400
-1.2345 4.5434 -0.0400
-1.2928 4.5741 -0.0400
-1.3305 4.6533 -0.0400
-1.6535 5.8242 -0.0400
-1.7463 5.7982 -0.0400
-2.1600 5.3279 -0.0400
-2.2346 5.3295 -0.0400
-2.9664 3.8135 -0.0400
-3.0107 3.7765 -0.0400
-3.0559 3.7630 -0.0400
-3.1035 3.7765 -0.0400
-3.1504 3.7782 -0.0400
-3.2002 3.7991 -0.0400
-3.6012 4.2466 -0.0400
-3.6475 4.2032 -0.0400
-8.4510 2.2206 -0.0400
-7.9842 1.8532 -0.0400
-8.0507 1.7694 -0.0400
-6.5924 0.8676 -0.0400
-6.5807 0.8024 -0.0400
-6.6308 0.7306 -0.0400
-5.4703 -1.6219 -0.0400
-5.4209 -1.6671 -0.0400
-3.9071 -1.0059 -0.0400
-3.8489 -0.9821 -0.0400
-3.7955 -0.9646 -0.0400
-3.7563 -0.9763 -0.0400
-3.7199 -0.9941 -0.0400
-3.6860 -1.0188 -0.0400
-3.6553 -1.0528 -0.0400
-3.6297 -1.1033 -0.0400
-3.0356 -1.9272 -0.0400
-2.9825 -1.9454 -0.0400
-2.9296 -1.9911 -0.0400
-1.9941 -3.9693 -0.0400
-1.9026 -3.9655 -0.0400
-1.8068 -3.9806 -0.0400
-1.7133 -3.9796 -0.0400
-1.1047 0.8271 -0.0400
-1.1882 0.8722 -0.0400
-1.2104 0.9051 -0.0400
-1.2189 0.9353 -0.0400
-1.2205 0.9642 -0.0400
-1.2150 0.9923 -0.0400
-1.2035 1.0201 -0.0400
-1.1829 1.0476 -0.0400
0.6711 1.7420 -0.0400
0.6628 1.8038 -0.0400
0.7045 1.8761 -0.0400
0.1751 4.7062 -0.0400
-1.0399 4.3625 -0.0400
-1.0774 4.4291 -0.0400
-1.1687 4.5389 -0.0400
-1.2392 4.5445 -0.0400
-1.2747 4.6257 -0.0400
-1.6547 5.8335 -0.0400
-1.7506 5.7953 -0.0400
-2.0890 5.3283 -0.0400
-2.1660 5.3180 -0.0400
-2.2341 5.3639 -0.0400
-2.9710 3.7772 -0.0400
-3.0163 3.7633 -0.0400
-3.0625 3.7649 -0.0400
-3.1100 3.7776 -0.0400
-3.1570 3.7806 -0.0400
-3.5999 4.2205 -0.0400
-3.6512 4.1978 -0.0400
-8.4284 2.3267 -0.0400
-7.9976 1.8634 -0.0400
-8.0044 1.7724 -0.0400
-6.6028 0.8752 -0.0400
-6.5782 0.8111 -0.0400
-6.6182 0.7408 -0.0400
-5.4269 -1.6517 -0.0400
-3.9054 -0.9717 -0.0400
-3.8548 -0.9624 -0.0400
-3.8103 -0.9636 -0.0400
-3.7697 -0.9722 -0.0400
-3.7317 -0.9864 -0.0400
-3.7014 -1.0195 -0.0400
-3.6724 -1.0584 -0.0400
-3.6509 -1.1207 -0.0400
-2.0147 -3.9555 -0.0400
-1.9197 -3.9723 -0.0400
-1.8265 -3.9739 -0.0400
-1.7305 -3.9848 -0.0400
-1.0549 0.7819 -0.0400
-1.0942 0.8218 -0.0400
-1.1648 0.8653 -0.0400
-1.2003 0.9008 -0.0400
-1.2216 0.9331 -0.0400
-1.2187 0.9617 -0.0400
-1.2097 0.9897 -0.0400
-1.1928 1.0173 -0.0400
-1.1586 1.0443 -0.0400
0.7351 1.6861 -0.0400
0.6734 1.7400 -0.0400
0.6652 1.8021 -0.0400
0.7767 1.8888 -0.0400
0.2504 4.6710 -0.0400
0.1732 4.7070 -0.0400
-0.9749 4.3544 -0.0400
-1.0435 4.3650 -0.0400
-1.1770 4.5320 -0.0400
-1.2403 4.5528 -0.0400
-1.2738 4.6387 -0.0400
-1.5723 5.8268 -0.0400
-1.6720 5.7792 -0.0400
-2.0899 5.3472 -0.0400
-2.1674 5.3360 -0.0400
-2.9327 3.8153 -0.0400
-2.9776 3.7774 -0.0400
-3.0228 3.7630 -0.0400
-3.0690 3.7650 -0.0400
-3.1174 3.7869 -0.0400
-3.1690 3.8275 -0.0400
-3.6033 4.2125 -0.0400
-8.4561 2.3405 -0.0400
-7.9780 1.8684 -0.0400
-6.5833 0.8844 -0.0400
-6.5982 0.8173 -0.0400
-3.9606 0.7851 -0.0400
-3.9371 0.7716 -0.0400
-3.9192 0.7567 -0.0400
-3.9240 -0.9783 -0.0400
-3.8710 -0.9644 -0.0400
-3.8248 -0.9623 -0.0400
-3.7814 -0.9647 -0.0400
-3.7450 -0.9824 -0.0400
-3.7110 -1.0063 -0.0400
-3.6798 -1.0383 -0.0400
-3.6526 -1.0838 -0.0400
-2.1156 -3.9748 -0.0400
-2.0189 -4.0054 -0.0400
-1.9216 -4.0298 -0.0400
-1.8255 -4.0407 -0.0400
-1.0862 0.7531 -0.0400
-1.1093 0.7903 -0.0400
-1.1933 0.8377 -0.0400
-1.2119 0.8709 -0.0400
-1.2187 0.9014 -0.0400
-1.2188 0.9307 -0.0400
-1.2115 0.9590 -0.0400
-1.1757 0.9846 -0.0400
-0.9694 0.9979 -0.0400
0.7649 1.6239 -0.0400
0.6917 1.6776 -0.0400
0.7313 1.7479 -0.0400
0.3283 4.6359 -0.0400
0.2485 4.6704 -0.0400
-0.8309 4.3436 -0.0400
-0.9350 4.3001 -0.0400
-0.9929 4.3291 -0.0400
-1.0493 4.4962 -0.0400
-1.1283 4.4885 -0.0400
-1.1784 4.5357 -0.0400
-1.4892 5.8159 -0.0400
-1.5920 5.7629 -0.0400
-1.9403 5.3452 -0.0400
-2.0273 5.2938 -0.0400
-2.0985 5.3159 -0.0400
-2.8899 3.7820 -0.0400
-2.9356 3.7671 -0.0400
-2.9816 3.7694 -0.0400
-3.0286 3.7838 -0.0400
-3.0755 3.7897 -0.0400
-3.1263 3.8317 -0.0400
-3.5057 4.2675 -0.0400
-3.5547 4.2314 -0.0400
-8.3930 2.4337 -0.0400
-7.9821 1.9655 -0.0400
-6.5896 0.9544 -0.0400
-6.5849 0.8891 -0.0400
-4.0111 0.8170 -0.0400
-3.9662 0.8088 -0.0400
-3.9418 0.7954 -0.0400
-3.9236 0.7805 -0.0400
-3.9039 0.7667 -0.0400
-3.8940 0.7496 -0.0400
-3.8857 0.7320 -0.0400
-3.9719 -0.9605 -0.0400
-3.9174 -0.9453 -0.0400
-3.8651 -0.9316 -0.0400
-3.8261 -0.9435 -0.0400
-3.7893 -0.9601 -0.0400
-3.7547 -0.9819 -0.0400
-3.7318 -1.0335 -0.0400
-3.7106 -1.0934 -0.0400
-2.1356 -4.0078 -0.0400
-2.0494 -3.9697 -0.0400
-1.9552 -3.9812 -0.0400
-1.8512 -4.0374 -0.0400
-1.7642 -4.0020 -0.0400
-1.0656 0.7751 -0.0400
-1.0980 0.8140 -0.0400
-1.1738 0.8590 -0.0400
-1.2188 0.8964 -0.0400
-1.2210 0.9262 -0.0400
-1.2168 0.9550 -0.0400
-1.2065 0.9833 -0.0400
-1.1879 1.0112 -0.0400
-1.1471 1.0382 -0.0400
0.7802 1.6208 -0.0400
0.6992 1.6740 -0.0400
0.6750 1.7340 -0.0400
0.6954 1.8017 -0.0400
0.2327 4.6549 -0.0400
-0.8931 4.3782 -0.0400
-0.9988 4.3292 -0.0400
-1.0442 4.3802 -0.0400
-1.0395 4.5250 -0.0400
-1.1272 4.5021 -0.0400
-1.1931 4.5183 -0.0400
-1.2338 4.5860 -0.0400
-1.5959 5.7648 -0.0400
-1.6753 5.7929 -0.0400
-2.1052 5.3101 -0.0400
-2.1641 5.4076 -0.0400
-2.8995 3.8343 -0.0400
-2.9451 3.7843 -0.0400
-2.9905 3.7664 -0.0400
-3.0363 3.7650 -0.0400
-3.0842 3.7873 -0.0400
-3.1343 3.8239 -0.0400
-3.5126 4.2642 -0.0400
-3.5598 4.2203 -0.0400
-3.6168 4.2214 -0.0400
-7.9848 1.9747 -0.0400
-7.9764 1.8819 -0.0400
-6.6139 0.9618 -0.0400
-6.5821 0.8983 -0.0400
-6.6218 0.8296 -0.0400
-3.9703 0.7936 -0.0400
-3.9432 0.7816 -0.0400
-3.9150 0.7707 -0.0400
-3.9025 0.7547 -0.0400
-3.8921 0.7380 -0.0400
-3.8835 0.7208 -0.0400
-3.8788 0.7018 -0.0400
-3.8753 0.6822 -0.0400
-3.8732 0.6617 -0.0400
-3.9500 -0.9704 -0.0400
-3.8971 -0.9568 -0.0400
-3.8455 -0.9433 -0.0400
-3.8062 -0.9541 -0.0400
-3.7688 -0.9691 -0.0400
-3.7377 -0.9997 -0.0400
-3.7073 -1.0336 -0.0400
-3.6815 -1.0823 -0.0400
-3.2524 -1.9903 -0.0400
-3.1913 -1.9378 -0.0400
-3.1355 -1.9220 -0.0400
-2.1519 -3.9808 -0.0400
-2.0554 -4.0098 -0.0400
-1.9581 -4.0353 -0.0400
-1.0995 0.7460 -0.0400
-1.1477 0.7886 -0.0400
-1.2005 0.8302 -0.0400
-1.2141 0.8628 -0.0400
-1.2190 0.8935 -0.0400
-1.2177 0.9230 -0.0400
-1.1976 0.9501 -0.0400
-1.1697 0.9771 -0.0400
0.7340 1.6119 -0.0400
0.7045 1.6720 -0.0400
0.2946 4.6018 -0.0400
-0.8735 4.2896 -0.0400
-0.9440 4.2995 -0.0400
-0.9846 4.4902 -0.0400
-1.0776 4.4599 -0.0400
-1.1343 4.4938 -0.0400
-1.4168 5.7822 -0.0400
-1.5179 5.7402 -0.0400
-1.5953 5.7747 -0.0400
-1.9620 5.2847 -0.0400
-2.0355 5.2952 -0.0400
-2.0975 5.3673 -0.0400
-2.8095 3.8501 -0.0400
-2.8573 3.7889 -0.0400
-2.9033 3.7701 -0.0400
-2.9492 3.7679 -0.0400
-2.9957 3.7826 -0.0400
-3.0423 3.7881 -0.0400
-3.0911 3.8186 -0.0400
-3.4631 4.2815 -0.0400
-3.5097 4.2306 -0.0400
-3.5663 4.2317 -0.0400
-8.3675 2.5424 -0.0400
-8.4118 2.4509 -0.0400
-7.9376 2.0621 -0.0400
-8.0347 1.9868 -0.0400
-6.5846 0.9673 -0.0400
-6.5893 0.9019 -0.0400
-3.9834 0.8140 -0.0400
-3.9362 0.8080 -0.0400
-3.9203 0.7929 -0.0400
-3.9074 0.7771 -0.0400
-3.8969 0.7606 -0.0400
-3.8886 0.7434 -0.0400
-3.8835 0.7248 -0.0400
-3.8806 0.7053 -0.0400
-3.8791 0.6848 -0.0400
-3.8936 0.6563 -0.0400
-3.9055 0.6282 -0.0400
-4.0167 -0.9889 -0.0400
-3.9383 -0.9285 -0.0400
-3.8933 -0.9294 -0.0400
-3.8498 -0.9319 -0.0400
-3.8129 -0.9476 -0.0400
-3.7819 -0.9775 -0.0400
-3.7515 -1.0100 -0.0400
-3.7248 -1.0541 -0.0400
-3.2585 -1.9562 -0.0400
-3.2003 -1.9251 -0.0400
-3.1457 -1.9225 -0.0400
-3.0936 -1.9511 -0.0400
-3.0435 -2.0341 -0.0400
-1.8871 -4.0474 -0.0400
-1.7996 -4.0133 -0.0400
-1.0114 0.7179 -0.0400
-1.0864 0.7682 -0.0400
-1.1070 0.8050 -0.0400
-1.1889 0.8515 -0.0400
-1.2205 0.8871 -0.0400
-1.2211 0.9171 -0.0400
-1.2150 0.9461 -0.0400
-1.2031 0.9746 -0.0400
-1.1823 1.0027 -0.0400
-1.1308 1.0293 -0.0400
0.7710 1.6100 -0.0400
0.6945 1.6643 -0.0400
0.6829 1.7266 -0.0400
0.3036 4.6121 -0.0400
0.2508 4.6769 -0.0400
-0.9460 4.3041 -0.0400
-0.9993 4.3416 -0.0400
-1.0629 4.4961 -0.0400
-1.1416 4.4899 -0.0400
-1.1854 4.5497 -0.0400
-1.5071 5.7894 -0.0400
-1.6042 5.7570 -0.0400
-1.6756 5.8153 -0.0400
-1.9505 5.3598 -0.0400
-2.0402 5.2981 -0.0400
-2.1136 5.3092 -0.0400
-2.9125 3.7918 -0.0400
-2.9582 3.7702 -0.0400
-3.0045 3.7788 -0.0400
-3.0511 3.7860 -0.0400
-3.0994 3.8098 -0.0400
-3.5177 4.2307 -0.0400
-3.5732 4.2267 -0.0400
-8.3906 2.4533 -0.0400
-8.4260 2.3598 -0.0400
-7.9537 1.9807 -0.0400
-7.9994 1.8967 -0.0400
-6.6016 0.9736 -0.0400
-6.5818 0.9098 -0.0400
-6.6312 0.8408 -0.0400
-4.0071 0.8126 -0.0400
-3.9633 0.8052 -0.0400
-3.9392 0.7927 -0.0400
-3.9213 0.7785 -0.0400
-3.9070 0.7635 -0.0400
-3.8932 0.7486 -0.0400
-3.8860 0.7311 -0.0400
-3.8801 0.7131 -0.0400
-3.8766 0.6939 -0.0400
-3.8835 0.6696 -0.0400
-3.8887 0.6454 -0.0400
-3.9003 0.6172 -0.0400
-3.9763 -0.9655 -0.0400
-3.9234 -0.9521 -0.0400
-3.8709 -0.9365 -0.0400
-3.8308 -0.9455 -0.0400
-3.7926 -0.9582 -0.0400
-3.7574 -0.9783 -0.0400
-3.7305 -1.0200 -0.0400
-3.7028 -1.0626 -0.0400
-3.2843 -1.9990 -0.0400
-3.2221 -1.9392 -0.0400
-3.1660 -1.9211 -0.0400
-3.1119 -1.9205 -0.0400
-3.0588 -1.9358 -0.0400
-3.0061 -1.9741 -0.0400
0.4586 -2.5853 -0.0400
-1.0850 0.7303 -0.0400
-1.1068 0.7682 -0.0400
-1.2110 0.8210 -0.0400
-1.2198 0.8531 -0.0400
-1.2208 0.8834 -0.0400
-1.2161 0.9128 -0.0400
-1.1922 0.9399 -0.0400
-1.1581 0.9666 -0.0400
0.7321 1.5370 -0.0400
0.7019 1.5976 -0.0400
0.7190 1.6642 -0.0400
0.3614 4.5529 -0.0400
-0.8273 4.2513 -0.0400
-0.8954 4.2661 -0.0400
-1.0189 4.4423 -0.0400
-1.0839 4.4618 -0.0400
-1.1173 4.5406 -0.0400
-1.4380 5.7325 -0.0400
-1.5248 5.7364 -0.0400
-1.8887 5.3040 -0.0400
-1.9712 5.2784 -0.0400
-2.0257 5.3809 -0.0400
-2.8242 3.7932 -0.0400
-2.8708 3.7720 -0.0400
-2.9167 3.7677 -0.0400
-2.9629 3.7786 -0.0400
-3.0094 3.7871 -0.0400
-3.0568 3.8064 -0.0400
-3.4680 4.2429 -0.0400
-3.5222 4.2331 -0.0400
-8.3559 2.5496 -0.0400
-7.9323 2.0711 -0.0400
-6.6001 0.9769 -0.0400
-3.9772 0.8241 -0.0400
-3.9343 0.8171 -0.0400
-3.9193 0.8021 -0.0400
-3.9072 0.7864 -0.0400
-3.8975 0.7700 -0.0400
-3.8899 0.7530 -0.0400
-3.8840 0.7352 -0.0400
-3.8859 0.7140 -0.0400
-3.8866 0.6930 -0.0400
-3.8911 0.6697 -0.0400
-3.9021 0.6426 -0.0400
-3.9152 -0.9165 -0.0400
-3.8726 -0.9204 -0.0400
-3.8356 -0.9358 -0.0400
-3.8026 -0.9602 -0.0400
-3.7701 -0.9868 -0.0400
-3.7516 -1.0506 -0.0400
-3.2885 -1.9512 -0.0400
-3.2304 -1.9222 -0.0400
-3.1758 -1.9180 -0.0400
-3.1236 -1.9431 -0.0400
-3.0727 -2.0037 -0.0400
0.4042 -2.6822 -0.0400
0.4482 -2.5985 -0.0400
0.5885 -2.6203 -0.0400
0.6556 -2.5602 -0.0400
0.8775 -2.6554 -0.0400
-1.0152 0.6721 -0.0400
-1.0867 0.7237 -0.0400
-1.1877 0.7786 -0.0400
-1.2092 0.8142 -0.0400
-1.2183 0.8466 -0.0400
-1.2201 0.8773 -0.0400
-1.2117 0.9064 -0.0400
-1.1964 0.9348 -0.0400
-1.1694 0.9623 -0.0400
0.7767 1.5356 -0.0400
0.7063 1.5922 -0.0400
0.7031 1.6562 -0.0400
0.3588 4.5492 -0.0400
-0.8294 4.2520 -0.0400
-0.8938 4.2729 -0.0400
-0.9533 4.4274 -0.0400
-1.0296 4.4288 -0.0400
-1.0814 4.4721 -0.0400
-1.1250 4.5319 -0.0400
-1.4476 5.7101 -0.0400
-1.5191 5.7635 -0.0400
-1.8985 5.2783 -0.0400
-1.9713 5.2939 -0.0400
-2.8308 3.7931 -0.0400
-2.8774 3.7722 -0.0400
-2.9234 3.7781 -0.0400
-2.9697 3.7876 -0.0400
-3.0167 3.8048 -0.0400
-3.4203 4.2559 -0.0400
-3.4734 4.2392 -0.0400
-8.3678 2.6594 -0.0400
-8.3491 2.5522 -0.0400
-7.9562 2.1713 -0.0400
-7.9573 2.0799 -0.0400
-6.5865 1.0462 -0.0400
-6.5847 0.9819 -0.0400
-4.0005 0.8410 -0.0400
-3.9627 0.8315 -0.0400
-3.9399 0.8186 -0.0400
-3.9230 0.8044 -0.0400
-3.9096 0.7893 -0.0400
-3.8970 0.7742 -0.0400
-3.8908 0.7568 -0.0400
-3.8864 0.7386 -0.0400
-3.8844 0.7193 -0.0400
-3.8842 0.6990 -0.0400
-3.8874 0.6766 -0.0400
-3.9279 0.6351 -0.0400
-7.1579 -1.8996 -0.0400
-7.0775 -1.9538 -0.0400
-3.8126 -0.9518 -0.0400
-3.7851 -0.9900 -0.0400
-3.7562 -1.0271 -0.0400
-3.3001 -1.9234 -0.0400
-3.2442 -1.9107 -0.0400
-3.1904 -1.9128 -0.0400
-3.1377 -1.9293 -0.0400
-3.0858 -1.9670 -0.0400
0.4415 -2.6163 -0.0400
0.5843 -2.6406 -0.0400
0.6716 -2.6013 -0.0400
0.8606 -2.6627 -0.0400
-1.1920 0.7723 -0.0400
-1.2106 0.8075 -0.0400
-1.2187 0.8399 -0.0400
-1.2218 0.8710 -0.0400
-1.2127 0.9002 -0.0400
-1.1987 0.9289 -0.0400
-1.1749 0.9569 -0.0400
0.8084 1.4662 -0.0400
0.7272 1.5236 -0.0400
0.7061 1.5857 -0.0400
0.7369 1.6546 -0.0400
0.3654 4.5545 -0.0400
-0.8422 4.2362 -0.0400
-0.8931 4.2776 -0.0400
-0.9559 4.4271 -0.0400
-1.0324 4.4284 -0.0400
-1.0776 4.4838 -0.0400
-1.3544 5.7292 -0.0400
-1.4496 5.7103 -0.0400
-1.8256 5.2747 -0.0400
-1.9060 5.2612 -0.0400
-1.9777 5.2808 -0.0400
-2.7879 3.8501 -0.0400
-2.8379 3.7703 -0.0400
-2.8839 3.7674 -0.0400
-2.9299 3.7783 -0.0400
-2.9763 3.7875 -0.0400
-3.0232 3.8037 -0.0400
-3.4273 4.2617 -0.0400
-3.4857 4.2739 -0.0400
-8.3227 2.6504 -0.0400
-8.3622 2.5593 -0.0400
-7.9253 2.1685 -0.0400
-7.9763 2.0871 -0.0400
-6.5805 1.0499 -0.0400
-6.6291 0.9837 -0.0400
-3.9521 0.8372 -0.0400
-3.9330 0.8235 -0.0400
-3.9186 0.8087 -0.0400
-3.9069 0.7933 -0.0400
-3.8978 0.7772 -0.0400
-3.8908 0.7604 -0.0400
-3.8854 0.7428 -0.0400
-3.8890 0.7213 -0.0400
-3.8908 0.7002 -0.0400
-3.8980 0.6761 -0.0400
-3.9140 0.6470 -0.0400
-7.1600 -1.8862 -0.0400
-7.0736 -1.9357 -0.0400
-7.0083 -1.9996 -0.0400
-3.3776 -1.9779 -0.0400
-3.3155 -1.9279 -0.0400
-3.2592 -1.9118 -0.0400
-3.2051 -1.9105 -0.0400
-3.1539 -1.9456 -0.0400
-3.1037 -2.0166 -0.0400
-2.3144 -4.0088 -0.0400
-2.2215 -4.0181 -0.0400
-2.1296 -4.0159 -0.0400
0.4871 -2.5694 -0.0400
0.6281 -2.5891 -0.0400
0.7009 -2.5343 -0.0400
-1.2209 0.8920 -0.0400
-1.2121 0.9214 -0.0400
-1.1989 0.9506 -0.0400
-1.1202 0.9741 -0.0400
0.7398 1.5801 -0.0400
0.6961 1.6395 -0.0400
0.3714 4.5573 -0.0400
0.3049 4.6081 -0.0400
-0.9005 4.2698 -0.0400
-0.9396 4.3305 -0.0400
-1.0295 4.4381 -0.0400
-1.0927 4.4618 -0.0400
-1.1380 4.5182 -0.0400
-1.4470 5.7257 -0.0400
-1.5329 5.7334 -0.0400
-1.9024 5.2918 -0.0400
-1.9825 5.2779 -0.0400
-2.0491 5.3222 -0.0400
-2.8458 3.7831 -0.0400
-2.8923 3.7684 -0.0400
-2.9384 3.7668 -0.0400
-2.9846 3.7787 -0.0400
-3.0318 3.8053 -0.0400
-3.4361 4.2672 -0.0400
-3.4866 4.2342 -0.0400
-3.5454 4.2482 -0.0400
-8.4928 3.3538 -0.0400
-8.3484 2.5599 -0.0400
-7.9492 2.1772 -0.0400
-7.9252 2.0815 -0.0400
-7.9519 1.9959 -0.0400
-6.6020 1.0532 -0.0400
-6.5795 0.9899 -0.0400
-6.6094 0.9242 -0.0400
-3.9924 0.8278 -0.0400
-3.9579 0.8184 -0.0400
-3.9358 0.8060 -0.0400
-3.9194 0.7922 -0.0400
-3.9023 0.7790 -0.0400
-3.8942 0.7628 -0.0400
-3.8882 0.7458 -0.0400
-3.8841 0.7279 -0.0400
-3.8823 0.7088 -0.0400
-3.8826 0.6885 -0.0400
-3.8867 0.6659 -0.0400
-7.1187 -1.9498 -0.0400
-7.0071 -1.9790 -0.0400
-6.9737 -2.0671 -0.0400
-3.3425 -1.9854 -0.0400
-3.2814 -1.9351 -0.0400
-3.2253 -1.9176 -0.0400
-3.1715 -1.9185 -0.0400
-3.1191 -1.9409 -0.0400
-3.0671 -1.9900 -0.0400
-2.1600 -3.9799 -0.0400
-2.0645 -4.0014 -0.0400
-1.9648 -4.0379 -0.0400
0.4146 -2.6382 -0.0400
0.5561 -2.6614 -0.0400
0.6389 -2.6173 -0.0400
0.8327 -2.6842 -0.0400
-0.9937 0.9233 -0.0400
0.7886 1.4488 -0.0400
0.7199 1.5077 -0.0400
0.7139 1.5718 -0.0400
0.4249 4.4908 -0.0400
-0.7796 4.2154 -0.0400
-0.8416 4.2413 -0.0400
-0.8782 4.3052 -0.0400
-0.8756 4.4340 -0.0400
-0.9735 4.4035 -0.0400
-1.0303 4.4386 -0.0400
-1.0554 4.5310 -0.0400
-1.2694 5.7225 -0.0400
-1.3641 5.7096 -0.0400
-1.4488 5.7231 -0.0400
-1.8351 5.2600 -0.0400
-1.9114 5.2628 -0.0400
-2.7560 3.7958 -0.0400
-2.8040 3.7725 -0.0400
-2.8504 3.7659 -0.0400
-2.8964 3.7700 -0.0400
-2.9425 3.7910 -0.0400
-2.9894 3.8158 -0.0400
-3.3858 4.2800 -0.0400
-3.4391 4.2615 -0.0400
-8.4560 3.4533 -0.0400
-8.3118 2.6530 -0.0400
-7.9271 2.2656 -0.0400
-7.9074 2.1701 -0.0400
-6.5969 1.1188 -0.0400
-6.5766 1.0553 -0.0400
-4.0245 0.8600 -0.0400
-3.9730 0.8538 -0.0400
-3.9484 0.8416 -0.0400
-3.9306 0.8279 -0.0400
-3.9169 0.8133 -0.0400
-3.9059 0.7981 -0.0400
-3.8973 0.7822 -0.0400
-3.8907 0.7656 -0.0400
-3.8901 0.7466 -0.0400
-3.8902 0.7270 -0.0400
-3.8926 0.7061 -0.0400
-3.9010 0.6819 -0.0400
-3.9201 0.6517 -0.0400
-7.1469 -1.8493 -0.0400
-7.0635 -1.8999 -0.0400
-7.0304 -1.9874 -0.0400
-5.6439 -1.4188 -0.0400
-5.5991 -1.4660 -0.0400
-3.3438 -1.9217 -0.0400
-3.2879 -1.9080 -0.0400
-3.2343 -1.9108 -0.0400
-3.1823 -1.9327 -0.0400
-3.1310 -1.9771 -0.0400
-2.3514 -4.0082 -0.0400
-2.2574 -4.0276 -0.0400
-2.1664 -4.0198 -0.0400
-2.0673 -4.0586 -0.0400
-1.9710 -4.0723 -0.0400
0.4805 -2.6140 -0.0400
0.6062 -2.6172 -0.0400
0.6908 -2.5741 -0.0400
0.8905 -2.6427 -0.0400
0.7899 1.5033 -0.0400
0.7171 1.5611 -0.0400
0.7006 1.6241 -0.0400
0.3714 4.5499 -0.0400
-0.8401 4.2444 -0.0400
-0.8906 4.2875 -0.0400
-0.9600 4.4277 -0.0400
-1.0343 4.4341 -0.0400
-1.0891 4.4732 -0.0400
-1.3579 5.7311 -0.0400
-1.4554 5.7071 -0.0400
-1.9153 5.2601 -0.0400
-1.9847 5.2905 -0.0400
-2.8095 3.8123 -0.0400
-2.8582 3.7675 -0.0400
-2.9044 3.7661 -0.0400
-2.9505 3.7856 -0.0400
-2.9971 3.7958 -0.0400
-3.0450 3.8326 -0.0400
-3.3928 4.2756 -0.0400
-3.4437 4.2416 -0.0400
-3.5009 4.2493 -0.0400
-8.3553 2.6680 -0.0400
-8.3411 2.5625 -0.0400
-7.9231 2.1758 -0.0400
-7.9272 2.0861 -0.0400
-6.5903 1.0574 -0.0400
-6.6110 0.9929 -0.0400
-3.9792 0.8334 -0.0400
-3.9512 0.8226 -0.0400
-3.9224 0.8128 -0.0400
-3.9105 0.7981 -0.0400
-3.9010 0.7827 -0.0400
-3.8935 0.7667 -0.0400
-3.8879 0.7499 -0.0400
-3.8843 0.7322 -0.0400
-3.8829 0.7135 -0.0400
-3.8837 0.6934 -0.0400
-3.9092 0.6608 -0.0400
-7.2020 -1.8714 -0.0400
-7.1320 -1.9330 -0.0400
-7.0217 -1.9630 -0.0400
-6.9779 -2.0423 -0.0400
-7.0779 -2.7517 -0.0400
-5.6087 -1.4573 -0.0400
-5.5665 -1.5068 -0.0400
-3.3117 -1.9501 -0.0400
-3.2531 -1.9098 -0.0400
-3.1995 -1.9104 -0.0400
-3.1479 -1.9392 -0.0400
-3.0960 -1.9842 -0.0400
-2.2829 -4.0202 -0.0400
-2.1956 -3.9886 -0.0400
-2.1013 -4.0038 -0.0400
-2.0009 -4.0456 -0.0400
0.3899 -2.6728 -0.0400
0.4591 -2.6170 -0.0400
0.5963 -2.6328 -0.0400
0.6744 -2.5830 -0.0400
0.7935 1.4944 -0.0400
0.7211 1.5526 -0.0400
0.7277 1.6189 -0.0400
0.4406 4.4959 -0.0400
0.3812 4.5550 -0.0400
-0.8385 4.2465 -0.0400
-0.8867 4.2934 -0.0400
-0.9649 4.4199 -0.0400
-1.0322 4.4385 -0.0400
-1.0817 4.4873 -0.0400
-1.3595 5.7274 -0.0400
-1.4563 5.7061 -0.0400
-1.8415 5.2542 -0.0400
-1.9179 5.2575 -0.0400
-1.9759 5.3369 -0.0400
-2.7678 3.8105 -0.0400
-2.8166 3.7815 -0.0400
-2.8638 3.7646 -0.0400
-2.9099 3.7714 -0.0400
-2.9562 3.7856 -0.0400
-3.0031 3.8112 -0.0400
-3.3970 4.2662 -0.0400
-3.4491 4.2405 -0.0400
-3.5072 4.2525 -0.0400
-8.4524 3.4551 -0.0400
-8.3240 2.6605 -0.0400
-8.3421 2.5644 -0.0400
-7.8996 2.1720 -0.0400
-7.9469 2.0913 -0.0400
-6.6265 1.1219 -0.0400
-6.5793 1.0587 -0.0400
-6.6332 0.9934 -0.0400
-3.9905 0.8495 -0.0400
-3.9598 0.8390 -0.0400
-3.9392 0.8263 -0.0400
-3.9237 0.8126 -0.0400
-3.9112 0.7983 -0.0400
-3.9012 0.7833 -0.0400
-3.8932 0.7676 -0.0400
-3.8888 0.7506 -0.0400
-3.8870 0.7324 -0.0400
-3.8871 0.7131 -0.0400
-3.8900 0.6922 -0.0400
-3.8987 0.6680 -0.0400
-3.9196 0.6368 -0.0400
-7.0884 -1.8888 -0.0400
-7.0299 -1.9567 -0.0400
-7.0895 -2.7463 -0.0400
-5.6154 -1.4510 -0.0400
-5.5724 -1.4996 -0.0400
-3.3226 -1.9251 -0.0400
-3.2673 -1.9125 -0.0400
-3.2135 -1.9101 -0.0400
-3.1609 -1.9242 -0.0400
-3.1112 -2.0051 -0.0400
-2.2092 -4.0206 -0.0400
-2.1170 -4.0199 -0.0400
-2.0199 -4.0436 -0.0400
0.3337 -2.7623 -0.0400
0.3784 -2.6780 -0.0400
0.5266 -2.7088 -0.0400
0.7197 -2.7809 -0.0400
0.7979 1.4219 -0.0400
0.7203 1.4808 -0.0400
0.7390 1.5483 -0.0400
0.5075 4.4400 -0.0400
0.4463 4.4977 -0.0400
-0.7192 4.1846 -0.0400
-0.7864 4.2048 -0.0400
-0.9036 4.3902 -0.0400
-0.9710 4.4096 -0.0400
-1.0164 4.4654 -0.0400
-1.2906 5.6677 -0.0400
-1.3691 5.7002 -0.0400
-1.7699 5.2354 -0.0400
-1.8446 5.2466 -0.0400
-1.8869 5.3838 -0.0400
-2.7253 3.7951 -0.0400
-2.7747 3.7639 -0.0400
-2.8211 3.7641 -0.0400
-2.8666 3.7854 -0.0400
-2.9131 3.7900 -0.0400
-3.3444 4.2639 -0.0400
-3.3984 4.2508 -0.0400
-8.4154 3.5533 -0.0400
-8.2719 2.7472 -0.0400
-8.3581 2.6710 -0.0400
-7.8716 2.2566 -0.0400
-7.9233 2.1776 -0.0400
-6.5820 1.1855 -0.0400
-6.5726 1.1223 -0.0400
-6.5942 1.0589 -0.0400
-8.9650 0.9117 -0.0400
-3.9934 0.8673 -0.0400
-3.9621 0.8566 -0.0400
-3.9311 0.8469 -0.0400
-3.9188 0.8323 -0.0400
-3.9090 0.8173 -0.0400
-3.9010 0.8018 -0.0400
-3.8949 0.7857 -0.0400
-3.8902 0.7690 -0.0400
-3.8878 0.7514 -0.0400
-3.8961 0.7290 -0.0400
-3.9030 0.7067 -0.0400
-3.9177 0.6801 -0.0400
-7.2449 -1.7717 -0.0400
-7.1602 -1.8226 -0.0400
-7.0823 -1.8766 -0.0400
-7.0717 -1.9803 -0.0400
-7.1788 -2.6834 -0.0400
-5.6643 -1.4004 -0.0400
-3.2752 -1.9004 -0.0400
-3.2242 -1.9297 -0.0400
-3.1730 -1.9681 -0.0400
-2.4060 -4.0055 -0.0400
-2.3111 -4.0353 -0.0400
-2.2205 -4.0259 -0.0400
-2.1224 -4.0615 -0.0400
0.2985 -2.7489 -0.0400
0.3880 -2.7164 -0.0400
0.5096 -2.7172 -0.0400
0.6204 -2.7025 -0.0400
0.7234 1.4711 -0.0400
0.7488 1.5395 -0.0400
-0.7257 4.1734 -0.0400
-0.7834 4.2069 -0.0400
-0.8143 4.2791 -0.0400
-0.8353 4.3691 -0.0400
-0.9108 4.3773 -0.0400
-0.9596 4.4271 -0.0400
-1.2917 5.6634 -0.0400
-1.6847 5.2596 -0.0400
-1.7749 5.2218 -0.0400
-1.8444 5.2515 -0.0400
-2.7316 3.7779 -0.0400
-2.7798 3.7610 -0.0400
-2.8261 3.7643 -0.0400
-2.8716 3.7854 -0.0400
-2.9178 3.8117 -0.0400
-3.2960 4.2866 -0.0400
-3.3486 4.2565 -0.0400
-8.3952 3.6593 -0.0400
-8.2747 2.7487 -0.0400
-7.8638 2.3456 -0.0400
-7.8692 2.2564 -0.0400
-6.5805 1.1855 -0.0400
-6.5864 1.1224 -0.0400
-3.9643 0.8732 -0.0400
-3.9449 0.8600 -0.0400
-3.9300 0.8461 -0.0400
-3.9180 0.8317 -0.0400
-3.9081 0.8168 -0.0400
-3.8994 0.8018 -0.0400
-3.8948 0.7853 -0.0400
-3.8921 0.7681 -0.0400
-3.8912 0.7500 -0.0400
-3.8924 0.7309 -0.0400
-3.8973 0.7097 -0.0400
-3.9082 0.6852 -0.0400
-7.2437 -1.7605 -0.0400
-7.1380 -1.7964 -0.0400
-7.0977 -1.8770 -0.0400
-5.7220 -1.3549 -0.0400
-5.6640 -1.3892 -0.0400
-5.6509 -1.4660 -0.0400
-2.4236 -4.0059 -0.0400
-2.3291 -4.0345 -0.0400
-2.2385 -4.0257 -0.0400
-2.1376 -4.0796 -0.0400
0.3045 -2.7842 -0.0400
0.3530 -2.7041 -0.0400
0.5075 -2.7423 -0.0400
0.7082 -2.8229 -0.0400
0.5030 4.4220 -0.0400
-0.7256 4.1703 -0.0400
-0.7787 4.2105 -0.0400
-0.8425 4.3555 -0.0400
-0.9109 4.3747 -0.0400
-0.9652 4.4158 -0.0400
-1.1861 5.6975 -0.0400
-1.2923 5.6593 -0.0400
-1.6891 5.2464 -0.0400
-1.7755 5.2217 -0.0400
-1.8392 5.2726 -0.0400
-2.6874 3.7910 -0.0400
-2.7375 3.7628 -0.0400
-2.7844 3.7610 -0.0400
-2.8303 3.7715 -0.0400
-2.8763 3.7880 -0.0400
-2.9221 3.8309 -0.0400
-3.2986 4.2644 -0.0400
-3.3537 4.2580 -0.0400
-3.4135 4.2874 -0.0400
-8.3853 3.6545 -0.0400
-8.2649 2.8475 -0.0400
-8.2961 2.7554 -0.0400
-7.8682 2.3465 -0.0400
-7.8707 2.2566 -0.0400
-6.5720 1.1847 -0.0400
-6.5921 1.1221 -0.0400
-8.9772 1.0238 -0.0400
-8.9819 0.9188 -0.0400
-3.9826 0.8850 -0.0400
-3.9587 0.8726 -0.0400
-3.9411 0.8592 -0.0400
-3.9274 0.8452 -0.0400
-3.9116 0.8321 -0.0400
-3.9041 0.8168 -0.0400
-3.8981 0.8011 -0.0400
-3.8934 0.7849 -0.0400
-3.8905 0.7680 -0.0400
-3.8963 0.7474 -0.0400
-3.9004 0.7271 -0.0400
-3.9097 0.7041 -0.0400
-3.9299 0.6752 -0.0400
-7.2478 -1.7537 -0.0400
-7.1593 -1.8014 -0.0400
-7.0921 -1.8627 -0.0400
-7.1666 -2.6441 -0.0400
-5.6687 -1.3834 -0.0400
-2.4400 -4.0158 -0.0400
-2.3473 -4.0293 -0.0400
-2.2555 -4.0312 -0.0400
-2.1544 -4.0872 -0.0400
0.4839 -2.7437 -0.0400
0.6746 -2.8145 -0.0400
-0.7227 4.1700 -0.0400
-0.7751 4.2116 -0.0400
-0.8433 4.3504 -0.0400
-0.9082 4.3755 -0.0400
-0.9578 4.4245 -0.0400
-1.1865 5.6919 -0.0400
-1.2887 5.6650 -0.0400
-1.6976 5.2192 -0.0400
-1.7734 5.2292 -0.0400
-1.8375 5.2797 -0.0400
-2.6934 3.7731 -0.0400
-2.7420 3.7585 -0.0400
-2.7884 3.7632 -0.0400
-2.8339 3.7835 -0.0400
-2.8801 3.8005 -0.0400
-2.9266 3.8292 -0.0400
-3.2499 4.2960 -0.0400
-3.3030 4.2634 -0.0400
-3.3616 4.2865 -0.0400
-8.3682 3.6460 -0.0400
-8.2500 2.8423 -0.0400
-8.2902 2.7534 -0.0400
-7.8498 2.3411 -0.0400
-7.8802 2.2583 -0.0400
-6.6019 1.2475 -0.0400
-6.5666 1.1836 -0.0400
-6.6284 1.1214 -0.0400
-8.9533 1.0270 -0.0400
-3.9696 0.8853 -0.0400
-3.9504 0.8721 -0.0400
-3.9354 0.8583 -0.0400
-3.9177 0.8457 -0.0400
-3.9093 0.8307 -0.0400
-3.9022 0.8155 -0.0400
-3.8967 0.7998 -0.0400
-3.8952 0.7827 -0.0400
-3.8942 0.7652 -0.0400
-3.8948 0.7468 -0.0400
-3.8983 0.7270 -0.0400
-3.9064 0.7048 -0.0400
-7.3156 -1.6820 -0.0400
-7.2516 -1.7474 -0.0400
-7.1447 -1.7821 -0.0400
-7.1165 -1.8709 -0.0400
-5.7219 -1.3361 -0.0400
-5.6751 -1.3800 -0.0400
-4.0999 -0.8765 -0.0400
-4.0498 -0.8669 -0.0400
-4.0060 -0.8672 -0.0400
-2.4583 -4.0048 -0.0400
-2.3649 -4.0271 -0.0400
-2.2694 -4.0561 -0.0400
-2.1762 -4.0615 -0.0400
0.5194 4.4207 -0.0400
-0.7191 4.1698 -0.0400
-0.8401 4.3507 -0.0400
-0.9051 4.3759 -0.0400
-1.0972 5.6759 -0.0400
-1.2030 5.6447 -0.0400
-1.2866 5.6656 -0.0400
-1.6987 5.2139 -0.0400
-1.7686 5.2439 -0.0400
-1.8193 5.3438 -0.0400
-2.6436 3.8166 -0.0400
-2.6974 3.7691 -0.0400
-2.7458 3.7574 -0.0400
-2.7921 3.7638 -0.0400
-2.8377 3.7855 -0.0400
-2.8835 3.8141 -0.0400
-3.2526 4.2775 -0.0400
-3.3070 4.2606 -0.0400
-3.3694 4.3178 -0.0400
-8.2505 2.8418 -0.0400
-8.3143 2.7604 -0.0400
-7.8540 2.4320 -0.0400
-7.8526 2.3408 -0.0400
-7.9360 2.2706 -0.0400
-6.5796 1.2450 -0.0400
-6.5660 1.1821 -0.0400
-6.6338 1.1202 -0.0400
-8.9440 1.0295 -0.0400
-4.0008 0.8933 -0.0400
-3.9712 0.8817 -0.0400
-3.9407 0.8713 -0.0400
-3.9285 0.8571 -0.0400
-3.9137 0.8439 -0.0400
-3.9063 0.8289 -0.0400
-3.9002 0.8136 -0.0400
-3.8966 0.7975 -0.0400
-3.8946 0.7807 -0.0400
-3.8938 0.7634 -0.0400
-3.8945 0.7452 -0.0400
-3.9129 0.7193 -0.0400
-3.9300 0.6930 -0.0400
-7.2516 -1.7391 -0.0400
-7.1501 -1.7775 -0.0400
-5.7437 -1.3474 -0.0400
-5.6983 -1.3929 -0.0400
-4.1051 -0.8705 -0.0400
-4.0552 -0.8609 -0.0400
-4.0116 -0.8611 -0.0400
-3.9703 -0.8645 -0.0400
-3.9357 -0.8810 -0.0400
-3.9029 -0.9014 -0.0400
-2.4752 -4.0042 -0.0400
-2.3820 -4.0264 -0.0400
-2.2900 -4.0323 -0.0400
-2.1912 -4.0767 -0.0400
1.1115 -0.0098 -0.0400
-1.0911 0.6145 -0.0400
-1.1289 0.6587 -0.0400
0.5766 4.3485 -0.0400
-0.6538 4.1386 -0.0400
-0.7175 4.1660 -0.0400
-0.8443 4.3386 -0.0400
-0.8924 4.3902 -0.0400
-1.2052 5.6323 -0.0400
-1.6044 5.2532 -0.0400
-1.6966 5.2173 -0.0400
-1.7662 5.2491 -0.0400
-1.8085 5.3791 -0.0400
-2.6493 3.7959 -0.0400
-2.7013 3.7620 -0.0400
-2.7489 3.7592 -0.0400
-2.7946 3.7752 -0.0400
-2.8410 3.7883 -0.0400
-2.8868 3.8212 -0.0400
-3.2564 4.2792 -0.0400
-3.3112 4.2636 -0.0400
-8.3250 3.7387 -0.0400
-8.2712 2.9506 -0.0400
-8.2522 2.8414 -0.0400
-7.8434 2.4276 -0.0400
-7.8541 2.3398 -0.0400
-6.5624 1.2422 -0.0400
-6.5766 1.1804 -0.0400
-8.9553 1.1353 -0.0400
-8.9434 1.0314 -0.0400
-3.9697 0.8958 -0.0400
-3.9524 0.8821 -0.0400
-3.9308 0.8700 -0.0400
-3.9211 0.8555 -0.0400
-3.9125 0.8409 -0.0400
-3.9034 0.8266 -0.0400
-3.8984 0.8111 -0.0400
-3.8964 0.7947 -0.0400
-3.8949 0.7779 -0.0400
-3.8946 0.7605 -0.0400
-3.9067 0.7380 -0.0400
-3.9160 0.7159 -0.0400
-3.9351 0.6889 -0.0400
-7.3063 -1.6608 -0.0400
-7.2230 -1.7126 -0.0400
-7.1497 -1.7695 -0.0400
-7.1408 -1.8715 -0.0400
-7.2581 -2.5580 -0.0400
-5.7248 -1.3230 -0.0400
-5.6844 -1.3723 -0.0400
-4.1133 -0.8709 -0.0400
-4.0619 -0.8584 -0.0400
-4.0129 -0.8479 -0.0400
-3.9765 -0.8605 -0.0400
-3.9422 -0.8771 -0.0400
-3.9100 -0.8983 -0.0400
-3.8872 -0.9421 -0.0400
-3.8635 -0.9865 -0.0400
-3.8567 -1.0774 -0.0400
-2.2092 -4.0711 -0.0400
1.1529 -0.1158 -0.0400
1.1167 -0.0274 -0.0400
-1.1085 0.6064 -0.0400
-1.1235 0.6452 -0.0400
-1.2141 0.6994 -0.0400
-1.2230 0.7341 -0.0400
-1.2302 0.7680 -0.0400
0.6000 4.3592 -0.0400
0.5412 4.4212 -0.0400
-0.6604 4.1230 -0.0400
-0.6988 4.1840 -0.0400
-0.7645 4.3268 -0.0400
-0.8396 4.3390 -0.0400
-0.8923 4.3838 -0.0400
-1.2001 5.6368 -0.0400
-1.6178 5.2083 -0.0400
-1.6971 5.2107 -0.0400
-1.7414 5.3265 -0.0400
-2.6551 3.7713 -0.0400
-2.7039 3.7629 -0.0400
-2.7515 3.7614 -0.0400
-2.7969 3.7834 -0.0400
-2.8434 3.7982 -0.0400
-3.2047 4.2978 -0.0400
-3.2587 4.2647 -0.0400
-3.3177 4.2963 -0.0400
-8.3293 3.7395 -0.0400
-8.2288 2.9342 -0.0400
-8.2683 2.8455 -0.0400
-7.8485 2.4272 -0.0400
-7.8861 2.3464 -0.0400
-6.5627 1.2398 -0.0400
-6.5805 1.1782 -0.0400
-8.9497 1.1366 -0.0400
-8.9755 1.0326 -0.0400
-3.9993 0.9030 -0.0400
-3.9590 0.8935 -0.0400
-3.9449 0.8795 -0.0400
-3.9266 0.8669 -0.0400
-3.9140 0.8533 -0.0400
-3.9073 0.8384 -0.0400
-3.9012 0.8235 -0.0400
-3.8970 0.8079 -0.0400
-3.8940 0.7920 -0.0400
-3.8965 0.7740 -0.0400
-3.8970 0.7565 -0.0400
-3.9122 0.7329 -0.0400
-3.9239 0.7099 -0.0400
-7.3161 -1.6606 -0.0400
-7.1998 -1.6904 -0.0400
-7.1678 -1.7750 -0.0400
-5.7806 -1.2809 -0.0400
-5.7242 -1.3159 -0.0400
-5.7212 -1.3992 -0.0400
-4.1241 -0.8772 -0.0400
-4.0587 -0.8388 -0.0400
-4.0189 -0.8451 -0.0400
-3.9823 -0.8568 -0.0400
-3.9481 -0.8732 -0.0400
-3.9210 -0.9052 -0.0400
-3.8941 -0.9394 -0.0400
-3.8715 -0.9860 -0.0400
0.2278 -2.8071 -0.0400
0.3834 -2.8513 -0.0400
1.1047 -0.0407 -0.0400
-1.0798 0.5864 -0.0400
-1.1299 0.6342 -0.0400
-1.1980 0.6837 -0.0400
-1.2288 0.7231 -0.0400
-1.2297 0.7559 -0.0400
-1.2240 0.7874 -0.0400
-1.2128 0.8181 -0.0400
-1.1761 0.8459 -0.0400
0.5888 4.3379 -0.0400
-0.6517 4.1261 -0.0400
-0.7048 4.1681 -0.0400
-0.7756 4.3031 -0.0400
-0.8344 4.3390 -0.0400
-0.8636 4.4205 -0.0400
-1.1122 5.6148 -0.0400
-1.1939 5.6426 -0.0400
-1.6194 5.1968 -0.0400
-1.6941 5.2135 -0.0400
-1.7564 5.2699 -0.0400
-2.5997 3.8307 -0.0400
-2.6584 3.7624 -0.0400
-2.7065 3.7594 -0.0400
-2.7530 3.7702 -0.0400
-2.7990 3.7874 -0.0400
-2.8457 3.8026 -0.0400
-3.2072 4.2904 -0.0400
-3.2617 4.2646 -0.0400
-8.3310 3.7389 -0.0400
-8.2244 2.9310 -0.0400
-7.8517 2.5175 -0.0400
-7.8358 2.4216 -0.0400
-6.5688 1.2993 -0.0400
-6.5686 1.2372 -0.0400
-6.6032 1.1761 -0.0400
-8.9398 1.1375 -0.0400
-8.9763 1.0338 -0.0400
-3.9707 0.9033 -0.0400
-3.9458 0.8913 -0.0400
-3.9349 0.8769 -0.0400
-3.9206 0.8636 -0.0400
-3.9104 0.8497 -0.0400
-3.9043 0.8348 -0.0400
-3.8992 0.8198 -0.0400
-3.8976 0.8036 -0.0400
-3.8958 0.7874 -0.0400
-3.9004 0.7688 -0.0400
-3.9029 0.7506 -0.0400
-3.9080 0.7311 -0.0400
-3.9425 0.6989 -0.0400
-7.3684 -1.5825 -0.0400
-7.3063 -1.6485 -0.0400
-7.2006 -1.6850 -0.0400
-7.1587 -1.7624 -0.0400
-7.2540 -2.5350 -0.0400
-5.7262 -1.3118 -0.0400
-5.6956 -1.3694 -0.0400
-4.1749 -0.8747 -0.0400
-4.1129 -0.8453 -0.0400
-4.0660 -0.8398 -0.0400
-4.0249 -0.8435 -0.0400
-3.9879 -0.8540 -0.0400
-3.9554 -0.8734 -0.0400
-3.9257 -0.8995 -0.0400
-3.8989 -0.9332 -0.0400
-3.8766 -0.9796 -0.0400
0.2191 -2.8251 -0.0400
0.2899 -2.7712 -0.0400
0.4529 -2.8201 -0.0400
1.0983 -0.0557 -0.0400
-1.0787 0.5730 -0.0400
-1.1120 0.6171 -0.0400
-1.2032 0.6722 -0.0400
-1.2199 0.7090 -0.0400
-1.2319 0.7440 -0.0400
-1.2275 0.7758 -0.0400
-1.2084 0.8055 -0.0400
-1.1871 0.8354 -0.0400
0.5991 4.3352 -0.0400
-0.5810 4.0969 -0.0400
-0.6504 4.1188 -0.0400
-0.6701 4.2053 -0.0400
-0.7634 4.3117 -0.0400
-0.8310 4.3355 -0.0400
-0.8747 4.3948 -0.0400
-1.1061 5.6179 -0.0400
-1.1894 5.6428 -0.0400
-1.5212 5.2353 -0.0400
-1.6176 5.1935 -0.0400
-1.6899 5.2181 -0.0400
-1.7432 5.3050 -0.0400
-2.6006 3.8334 -0.0400
-2.6599 3.7627 -0.0400
-2.7081 3.7608 -0.0400
-2.7542 3.7763 -0.0400
-2.8004 3.7953 -0.0400
-2.8465 3.8225 -0.0400
-3.2087 4.2733 -0.0400
-3.2650 4.2743 -0.0400
-8.2369 3.0370 -0.0400
-8.2274 2.9302 -0.0400
-7.8273 2.5078 -0.0400
-7.8386 2.4200 -0.0400
-7.9381 2.3559 -0.0400
-6.5595 1.2954 -0.0400
-6.5673 1.2339 -0.0400
-8.9819 1.2427 -0.0400
-8.9478 1.1382 -0.0400
-3.9877 0.9118 -0.0400
-3.9576 0.9002 -0.0400
-3.9386 0.8873 -0.0400
-3.9245 0.8739 -0.0400
-3.9139 0.8600 -0.0400
-3.9062 0.8457 -0.0400
-3.9014 0.8307 -0.0400
-3.8976 0.8154 -0.0400
-3.8972 0.7991 -0.0400
-3.8959 0.7829 -0.0400
-3.9010 0.7643 -0.0400
-3.9144 0.7422 -0.0400
-3.9235 0.7210 -0.0400
-7.3664 -1.5763 -0.0400
-7.3062 -1.6433 -0.0400
-7.2006 -1.6797 -0.0400
-7.3323 -2.4652 -0.0400
-5.7725 -1.2638 -0.0400
-5.7312 -1.3112 -0.0400
-4.1247 -0.8555 -0.0400
-4.0647 -0.8261 -0.0400
-4.0268 -0.8350 -0.0400
-3.9918 -0.8491 -0.0400
-3.9594 -0.8683 -0.0400
-3.9294 -0.8930 -0.0400
-3.9021 -0.9249 -0.0400
-3.9068 -1.0356 -0.0400
0.1989 -2.8293 -0.0400
0.3537 -2.8734 -0.0400
0.4178 -2.8085 -0.0400
0.6136 -2.8868 -0.0400
1.1154 -0.1560 -0.0400
1.0955 -0.0719 -0.0400
-1.0540 0.5533 -0.0400
-1.1071 0.6028 -0.0400
-1.2006 0.6588 -0.0400
-1.2203 0.6964 -0.0400
-1.2277 0.7307 -0.0400
-1.2284 0.7636 -0.0400
-1.2175 0.7945 -0.0400
-1.1802 0.8222 -0.0400
0.6844 4.2832 -0.0400
0.6113 4.3334 -0.0400
-0.6436 4.1177 -0.0400
-0.6870 4.2889 -0.0400
-0.7673 4.2964 -0.0400
-0.8212 4.3403 -0.0400
-1.0879 5.6483 -0.0400
-1.6138 5.1945 -0.0400
-1.6857 5.2208 -0.0400
-2.6087 3.7876 -0.0400
-2.6618 3.7567 -0.0400
-2.7091 3.7628 -0.0400
-2.7554 3.7787 -0.0400
-2.8015 3.7998 -0.0400
-2.8473 3.8356 -0.0400
-3.2106 4.2719 -0.0400
-3.2682 4.2879 -0.0400
-8.2838 3.8277 -0.0400
-8.2377 3.0353 -0.0400
-8.2312 2.9295 -0.0400
-7.8199 2.5029 -0.0400
-7.8455 2.4194 -0.0400
-6.5591 1.2917 -0.0400
-6.5777 1.2309 -0.0400
-8.9582 1.2421 -0.0400
-8.9824 1.1389 -0.0400
-9.0351 1.0347 -0.0400
-4.0240 0.9175 -0.0400
-3.9606 0.9102 -0.0400
-3.9424 0.8970 -0.0400
-3.9286 0.8834 -0.0400
-3.9180 0.8695 -0.0400
-3.9097 0.8553 -0.0400
-3.9035 0.8408 -0.0400
-3.8992 0.8259 -0.0400
-3.8977 0.8101 -0.0400
-3.8988 0.7935 -0.0400
-3.8980 0.7772 -0.0400
-3.9051 0.7580 -0.0400
-3.9206 0.7352 -0.0400
-3.9319 0.7132 -0.0400
-7.3584 -1.5672 -0.0400
-7.2829 -1.6240 -0.0400
-7.2065 -1.6789 -0.0400
-5.7777 -1.2642 -0.0400
-5.7295 -1.3055 -0.0400
-4.1736 -0.8535 -0.0400
-4.1169 -0.8324 -0.0400
-4.0716 -0.8289 -0.0400
-4.0321 -0.8346 -0.0400
-3.9962 -0.8465 -0.0400
-3.9662 -0.8700 -0.0400
-3.9386 -0.8998 -0.0400
-3.9149 -0.9398 -0.0400
-3.8998 -1.0030 -0.0400
-3.5495 -1.9600 -0.0400
0.1857 -2.8417 -0.0400
0.2679 -2.8013 -0.0400
0.4283 -2.8480 -0.0400
1.1337 -0.1788 -0.0400
1.0963 -0.0894 -0.0400
1.1045 -0.0138 -0.0400
-1.1281 0.5944 -0.0400
-1.1889 0.6431 -0.0400
-1.2174 0.6828 -0.0400
-1.2270 0.7178 -0.0400
-1.2300 0.7511 -0.0400
-1.2190 0.7821 -0.0400
-1.2026 0.8126 -0.0400
0.6106 4.3194 -0.0400
-0.5759 4.0823 -0.0400
-0.6381 4.1139 -0.0400
-0.7559 4.3017 -0.0400
-0.7995 4.3614 -0.0400
-0.9973 5.6231 -0.0400
-1.1026 5.5999 -0.0400
-1.6098 5.1942 -0.0400
-1.6578 5.2940 -0.0400
-2.5540 3.8199 -0.0400
-2.6111 3.7745 -0.0400
-2.6616 3.7626 -0.0400
-2.7087 3.7718 -0.0400
-2.7555 3.7854 -0.0400
-2.8000 3.8284 -0.0400
-3.1569 4.3076 -0.0400
-3.2122 4.2729 -0.0400
-8.1980 3.0179 -0.0400
-7.8201 2.5002 -0.0400
-6.5664 1.3502 -0.0400
-6.5597 1.2878 -0.0400
-8.9566 1.2419 -0.0400
-9.0191 1.1394 -0.0400
-3.9774 0.9176 -0.0400
-3.9512 0.9052 -0.0400
-3.9345 0.8920 -0.0400
-3.9224 0.8783 -0.0400
-3.9113 0.8647 -0.0400
-3.9053 0.8503 -0.0400
-3.9009 0.8355 -0.0400
-3.8981 0.8203 -0.0400
-3.8975 0.8044 -0.0400
-3.8991 0.7877 -0.0400
-3.9040 0.7697 -0.0400
-3.9147 0.7493 -0.0400
-3.9367 0.7241 -0.0400
-7.3501 -1.5585 -0.0400
-7.2638 -1.6082 -0.0400
-7.2148 -1.6804 -0.0400
-5.7702 -1.2546 -0.0400
-5.7578 -1.3268 -0.0400
-4.2021 -0.8937 -0.0400
-4.1121 -0.8158 -0.0400
-4.0705 -0.8180 -0.0400
-4.0336 -0.8280 -0.0400
-3.9997 -0.8432 -0.0400
-3.9684 -0.8638 -0.0400
-3.9398 -0.8906 -0.0400
-3.9146 -0.9261 -0.0400
-3.5553 -1.9400 -0.0400
-3.4917 -1.8745 -0.0400
-3.4393 -1.8736 -0.0400
-3.3884 -1.8830 -0.0400
0.1747 -2.8564 -0.0400
0.3174 -2.8869 -0.0400
0.3955 -2.8384 -0.0400
0.5967 -2.9232 -0.0400
1.0628 -0.1696 -0.0400
-1.0835 0.5012 -0.0400
-1.1253 0.5489 -0.0400
-1.1390 0.5880 -0.0400
-1.2129 0.6395 -0.0400
-1.2386 0.6784 -0.0400
-1.2354 0.7107 -0.0400
-1.2255 0.7418 -0.0400
-1.2091 0.7721 -0.0400
0.7877 1.1525 -0.0400
0.7512 1.2182 -0.0400
0.7660 1.2859 -0.0400
-0.4938 4.0655 -0.0400
-0.5637 4.0895 -0.0400
-0.6254 4.2356 -0.0400
-0.7001 4.2524 -0.0400
-0.7483 4.3048 -0.0400
-0.8861 5.6433 -0.0400
-1.4546 5.1611 -0.0400
-1.5336 5.1702 -0.0400
-1.5918 5.2372 -0.0400
-2.5077 3.7983 -0.0400
-2.5637 3.7644 -0.0400
-2.6139 3.7568 -0.0400
-2.6596 3.7766 -0.0400
-2.7070 3.7869 -0.0400
-2.7531 3.8106 -0.0400
-3.1004 4.3020 -0.0400
-3.1568 4.2837 -0.0400
-8.2507 3.9246 -0.0400
-8.1612 3.1054 -0.0400
-7.7694 2.6652 -0.0400
-7.8007 2.5836 -0.0400
-6.5484 1.4075 -0.0400
-6.5640 1.3471 -0.0400
-8.9601 1.4491 -0.0400
-8.9460 1.3446 -0.0400
-9.0184 1.2437 -0.0400
-3.9804 0.9456 -0.0400
-3.9513 0.9328 -0.0400
-3.9339 0.9192 -0.0400
-3.9264 0.9047 -0.0400
-3.9160 0.8908 -0.0400
-3.9088 0.8765 -0.0400
-3.9039 0.8619 -0.0400
-3.9006 0.8471 -0.0400
-3.9010 0.8312 -0.0400
-3.9020 0.8151 -0.0400
-3.9052 0.7981 -0.0400
-3.9124 0.7796 -0.0400
-3.9254 0.7588 -0.0400
-3.9560 0.7311 -0.0400
-7.3623 -1.4618 -0.0400
-7.2864 -1.5179 -0.0400
-7.2399 -1.5909 -0.0400
-5.8531 -1.1596 -0.0400
-5.8074 -1.2028 -0.0400
-5.7966 -1.2752 -0.0400
-4.2041 -0.8174 -0.0400
-4.1500 -0.8016 -0.0400
-4.1059 -0.8001 -0.0400
-4.0677 -0.8077 -0.0400
-4.0338 -0.8227 -0.0400
-4.0049 -0.8475 -0.0400
-3.9792 -0.8797 -0.0400
-3.9583 -0.9235 -0.0400
-3.9536 -1.0072 -0.0400
-3.6023 -1.8725 -0.0400
-3.5474 -1.8602 -0.0400
-3.4955 -1.8614 -0.0400
-3.4451 -1.8733 -0.0400
-3.4006 -1.9362 -0.0400
0.0292 -2.9773 -0.0400
0.0920 -2.9137 -0.0400
0.2390 -2.9531 -0.0400
0.3086 -2.8951 -0.0400
1.0852 -0.2732 -0.0400
1.0638 -0.1876 -0.0400
1.0824 -0.1146 -0.0400
-1.1047 0.5298 -0.0400
-1.2001 0.5890 -0.0400
-1.2279 0.6294 -0.0400
-1.2366 0.6647 -0.0400
-1.2365 0.6977 -0.0400
-1.2296 0.7294 -0.0400
-1.1973 0.7574 -0.0400
-1.1434 0.7835 -0.0400
0.8198 1.1384 -0.0400
0.7499 1.2033 -0.0400
0.7622 1.2708 -0.0400
0.7370 4.1770 -0.0400
-0.5172 4.0256 -0.0400
-0.5679 4.0720 -0.0400
-0.5912 4.2680 -0.0400
-0.6925 4.2504 -0.0400
-0.7175 4.3358 -0.0400
-0.9089 5.5789 -0.0400
-1.0087 5.5715 -0.0400
-1.4559 5.1434 -0.0400
-1.5216 5.1883 -0.0400
-2.5068 3.7978 -0.0400
-2.5631 3.7639 -0.0400
-2.6129 3.7599 -0.0400
-2.6588 3.7800 -0.0400
-2.7063 3.7908 -0.0400
-2.7514 3.8253 -0.0400
-3.0436 4.3125 -0.0400
-3.1005 4.2830 -0.0400
-3.1574 4.2852 -0.0400
-8.1856 4.0051 -0.0400
-8.1293 3.1941 -0.0400
-7.7788 2.6652 -0.0400
-7.7977 2.5794 -0.0400
-6.5508 1.4651 -0.0400
-6.5497 1.4031 -0.0400
-6.5898 1.3449 -0.0400
-8.9739 1.3454 -0.0400
-9.0376 1.2438 -0.0400
-4.0030 0.9525 -0.0400
-3.9579 0.9406 -0.0400
-3.9367 0.9272 -0.0400
-3.9283 0.9127 -0.0400
-3.9170 0.8990 -0.0400
-3.9095 0.8848 -0.0400
-3.9049 0.8703 -0.0400
-3.9017 0.8555 -0.0400
-3.9002 0.8403 -0.0400
-3.9009 0.8245 -0.0400
-3.9033 0.8081 -0.0400
-3.9085 0.7907 -0.0400
-3.9260 0.7691 -0.0400
-3.9462 0.7458 -0.0400
-7.5001 -1.4365 -0.0400
-7.3630 -1.4599 -0.0400
-7.2831 -1.5134 -0.0400
-7.2635 -1.6031 -0.0400
-5.8476 -1.1537 -0.0400
-5.8094 -1.2027 -0.0400
-4.2542 -0.8197 -0.0400
-4.1907 -0.7907 -0.0400
-4.1441 -0.7860 -0.0400
-4.1040 -0.7906 -0.0400
-4.0683 -0.8021 -0.0400
-4.0355 -0.8188 -0.0400
-4.0055 -0.8407 -0.0400
-3.9784 -0.8691 -0.0400
-3.9742 -0.9484 -0.0400
-3.6749 -1.9288 -0.0400
-3.6105 -1.8742 -0.0400
-3.5554 -1.8591 -0.0400
-3.5034 -1.8593 -0.0400
-3.4558 -1.8900 -0.0400
-3.4097 -1.9399 -0.0400
0.0115 -2.9828 -0.0400
0.0774 -2.9236 -0.0400
0.2235 -2.9622 -0.0400
0.4132 -3.0457 -0.0400
1.0539 -0.2024 -0.0400
-1.0524 0.4644 -0.0400
-1.1215 0.5202 -0.0400
-1.1404 0.5609 -0.0400
-1.2125 0.6124 -0.0400
-1.2309 0.6501 -0.0400
-1.2389 0.6848 -0.0400
-1.2278 0.7159 -0.0400
-1.2091 0.7460 -0.0400
-1.1748 0.7745 -0.0400
0.7961 1.1225 -0.0400
0.7545 1.1883 -0.0400
0.7936 1.2576 -0.0400
0.7487 4.1714 -0.0400
-0.5058 4.0257 -0.0400
-0.6215 4.2149 -0.0400
-0.6872 4.2441 -0.0400
-0.7290 4.3061 -0.0400
-0.8102 5.5627 -0.0400
-0.9241 5.5295 -0.0400
-1.4480 5.1480 -0.0400
-1.5204 5.1754 -0.0400
-1.5617 5.2916 -0.0400
-2.5132 3.7585 -0.0400
-2.5641 3.7509 -0.0400
-2.6116 3.7613 -0.0400
-2.6577 3.7813 -0.0400
-2.7052 3.7937 -0.0400
-3.1005 4.2837 -0.0400
-3.1583 4.3113 -0.0400
-8.1893 4.0052 -0.0400
-8.1467 3.1989 -0.0400
-8.1792 3.1077 -0.0400
-7.7661 2.7503 -0.0400
-7.7666 2.6577 -0.0400
-6.5458 1.4596 -0.0400
-6.5548 1.3988 -0.0400
-6.6173 1.3426 -0.0400
-8.9464 1.4463 -0.0400
-9.0177 1.3468 -0.0400
-3.9594 0.9485 -0.0400
-3.9455 0.9341 -0.0400
-3.9278 0.9206 -0.0400
-3.9205 0.9062 -0.0400
-3.9113 0.8923 -0.0400
-3.9058 0.8780 -0.0400
-3.9027 0.8633 -0.0400
-3.9013 0.8483 -0.0400
-3.9026 0.8326 -0.0400
-3.9060 0.8162 -0.0400
-3.9074 0.8000 -0.0400
-3.9171 0.7814 -0.0400
-3.9328 0.7603 -0.0400
-7.4489 -1.4064 -0.0400
-7.3473 -1.4491 -0.0400
-7.2801 -1.5097 -0.0400
-7.2636 -1.6010 -0.0400
-5.8558 -1.1592 -0.0400
-5.8176 -1.2082 -0.0400
-4.1999 -0.8013 -0.0400
-4.1501 -0.7916 -0.0400
-4.1029 -0.7838 -0.0400
-4.0694 -0.7987 -0.0400
-4.0387 -0.8187 -0.0400
-4.0108 -0.8444 -0.0400
-3.9861 -0.8777 -0.0400
-3.9670 -0.9244 -0.0400
-3.6194 -1.8815 -0.0400
-3.5632 -1.8607 -0.0400
-3.5112 -1.8605 -0.0400
-3.4630 -1.8852 -0.0400
-3.4169 -1.9329 -0.0400
0.0671 -2.9383 -0.0400
0.2054 -2.9678 -0.0400
0.4003 -3.0580 -0.0400
1.0556 -0.2208 -0.0400
1.0734 -0.1475 -0.0400
-1.0849 0.4965 -0.0400
-1.1490 0.5490 -0.0400
-1.2245 0.6014 -0.0400
-1.2377 0.6379 -0.0400
-1.2396 0.6715 -0.0400
-1.2342 0.7036 -0.0400
-1.2201 0.7343 -0.0400
-1.1326 0.7555 -0.0400
0.7891 1.1067 -0.0400
0.7546 1.1729 -0.0400
0.7592 1.2402 -0.0400
-0.5058 4.0116 -0.0400
-0.5317 4.0886 -0.0400
-0.6081 4.2179 -0.0400
-0.6722 4.2501 -0.0400
-0.9071 5.5467 -0.0400
-0.9908 5.5749 -0.0400
-1.3606 5.1393 -0.0400
-1.4438 5.1413 -0.0400
-1.5025 5.2058 -0.0400
-2.5096 3.7660 -0.0400
-2.5617 3.7541 -0.0400
-2.6100 3.7608 -0.0400
-2.6554 3.7867 -0.0400
-2.6996 3.8268 -0.0400
-3.0423 4.3342 -0.0400
-3.0999 4.2909 -0.0400
-8.1551 4.1039 -0.0400
-8.2428 4.0344 -0.0400
-8.1312 3.1897 -0.0400
-7.7668 2.6544 -0.0400
-7.8418 2.5874 -0.0400
-6.5454 1.4545 -0.0400
-6.5586 1.3942 -0.0400
-8.9724 1.5511 -0.0400
-8.9504 1.4454 -0.0400
-9.0228 1.3460 -0.0400
-3.9981 0.9699 -0.0400
-3.9681 0.9555 -0.0400
-3.9395 0.9421 -0.0400
-3.9297 0.9277 -0.0400
-3.9219 0.9133 -0.0400
-3.9119 0.8995 -0.0400
-3.9075 0.8850 -0.0400
-3.9034 0.8706 -0.0400
-3.9013 0.8559 -0.0400
-3.9022 0.8405 -0.0400
-3.9060 0.8243 -0.0400
-3.9075 0.8084 -0.0400
-3.9181 0.7898 -0.0400
-3.9361 0.7687 -0.0400
-7.4281 -1.3938 -0.0400
-7.3227 -1.4337 -0.0400
-7.2895 -1.5140 -0.0400
-7.2820 -1.6109 -0.0400
-5.8965 -1.1122 -0.0400
-5.8431 -1.1492 -0.0400
-4.2398 -0.7910 -0.0400
-4.1867 -0.7772 -0.0400
-4.1432 -0.7766 -0.0400
-4.1053 -0.7843 -0.0400
-4.0709 -0.7973 -0.0400
-4.0392 -0.8150 -0.0400
-4.0170 -0.8513 -0.0400
-3.9958 -0.8915 -0.0400
-3.9844 -0.9550 -0.0400
-3.6800 -1.8861 -0.0400
-3.6212 -1.8558 -0.0400
-3.5681 -1.8492 -0.0400
-3.5177 -1.8565 -0.0400
-3.4693 -1.8777 -0.0400
-3.4229 -1.9196 -0.0400
-2.8797 -4.0775 -0.0400
-2.7933 -4.0233 -0.0400
-2.7020 -4.0605 -0.0400
-0.0147 -3.0047 -0.0400
0.0450 -2.9377 -0.0400
0.1869 -2.9724 -0.0400
0.2731 -2.9348 -0.0400
-1.1368 0.5320 -0.0400
-1.1929 0.5804 -0.0400
-1.2269 0.6219 -0.0400
-1.2426 0.6585 -0.0400
-1.2340 0.6900 -0.0400
-1.2168 0.7204 -0.0400
-1.1860 0.7493 -0.0400
0.7959 1.0911 -0.0400
0.7565 1.1573 -0.0400
0.7621 1.2247 -0.0400
-0.4359 3.9717 -0.0400
-0.4983 4.0055 -0.0400
-0.5278 4.0784 -0.0400
-0.6155 4.1932 -0.0400
-0.6691 4.2391 -0.0400
-0.6861 4.3364 -0.0400
-0.8019 5.5412 -0.0400
-0.9091 5.5227 -0.0400
-1.4359 5.1424 -0.0400
-2.4561 3.7677 -0.0400
-2.5102 3.7498 -0.0400
-2.5595 3.7527 -0.0400
-2.6058 3.7725 -0.0400
-2.6535 3.7855 -0.0400
-2.6988 3.8181 -0.0400
-3.0414 4.2862 -0.0400
-3.0989 4.2980 -0.0400
-8.2007 4.0080 -0.0400
-8.1293 3.1862 -0.0400
-7.7425 2.7349 -0.0400
-7.7887 2.6587 -0.0400
-6.5524 1.4502 -0.0400
-8.9793 1.5503 -0.0400
-8.9530 1.4442 -0.0400
-9.0255 1.3449 -0.0400
-3.9941 0.9778 -0.0400
-3.9648 0.9630 -0.0400
-3.9477 0.9484 -0.0400
-3.9353 0.9340 -0.0400
-3.9198 0.9203 -0.0400
-3.9138 0.9060 -0.0400
-3.9070 0.8919 -0.0400
-3.9042 0.8774 -0.0400
-3.9019 0.8628 -0.0400
-3.9030 0.8475 -0.0400
-3.9033 0.8323 -0.0400
-3.9099 0.8155 -0.0400
-3.9137 0.7990 -0.0400
-3.9302 0.7790 -0.0400
-3.9725 0.7508 -0.0400
-7.5049 -1.3353 -0.0400
-7.4237 -1.3908 -0.0400
-7.3178 -1.4303 -0.0400
-7.2867 -1.5116 -0.0400
-5.8894 -1.1075 -0.0400
-5.8411 -1.1480 -0.0400
-4.2450 -0.7974 -0.0400
-4.1899 -0.7804 -0.0400
-4.1382 -0.7661 -0.0400
-4.1035 -0.7785 -0.0400
-4.0716 -0.7954 -0.0400
-4.0422 -0.8170 -0.0400
-4.0156 -0.8443 -0.0400
-3.9925 -0.8799 -0.0400
-3.9757 -0.9307 -0.0400
-3.6927 -1.9169 -0.0400
-3.6291 -1.8640 -0.0400
-3.5747 -1.8505 -0.0400
-3.5251 -1.8620 -0.0400
-3.4787 -1.8968 -0.0400
-2.8920 -4.0600 -0.0400
-2.8050 -4.0256 -0.0400
-2.7144 -4.0568 -0.0400
-2.6208 -4.1074 -0.0400
-2.5294 -4.1176 -0.0400
-0.0248 -3.0189 -0.0400
0.0427 -2.9619 -0.0400
0.1728 -2.9820 -0.0400
0.2990 -2.9921 -0.0400
-1.2415 0.6446 -0.0400
-1.2391 0.6773 -0.0400
-1.2288 0.7086 -0.0400
-1.1729 0.7339 -0.0400
0.8229 1.0757 -0.0400
0.7610 1.1416 -0.0400
-0.4328 3.9595 -0.0400
-0.4896 4.0001 -0.0400
-0.5124 4.0812 -0.0400
-0.5343 4.1661 -0.0400
-0.6077 4.1873 -0.0400
-0.6622 4.2323 -0.0400
-0.6864 4.3197 -0.0400
-0.7695 5.5849 -0.0400
-0.8979 5.5251 -0.0400
-1.3506 5.1247 -0.0400
-1.4297 5.1377 -0.0400
-1.4793 5.2272 -0.0400
-2.4462 3.7963 -0.0400
-2.5055 3.7570 -0.0400
-2.5564 3.7536 -0.0400
-2.6023 3.7763 -0.0400
-2.6486 3.8003 -0.0400
-2.9807 4.3300 -0.0400
-3.0395 4.2877 -0.0400
-3.0972 4.3001 -0.0400
-8.1402 4.0913 -0.0400
-8.0959 3.2744 -0.0400
-8.1647 3.1990 -0.0400
-7.7553 2.7362 -0.0400
-6.5406 1.5052 -0.0400
-6.5509 1.4447 -0.0400
-9.0186 1.4476 -0.0400
-4.0010 0.9851 -0.0400
-3.9661 0.9699 -0.0400
-3.9478 0.9551 -0.0400
-3.9350 0.9406 -0.0400
-3.9190 0.9267 -0.0400
-3.9132 0.9124 -0.0400
-3.9085 0.8980 -0.0400
-3.9052 0.8836 -0.0400
-3.9030 0.8691 -0.0400
-3.9027 0.8542 -0.0400
-3.9069 0.8384 -0.0400
-3.9092 0.8228 -0.0400
-3.9134 0.8065 -0.0400
-3.9308 0.7868 -0.0400
-3.9433 0.7675 -0.0400
-7.4966 -1.3310 -0.0400
-7.3734 -1.3631 -0.0400
-7.3124 -1.4271 -0.0400
-7.2980 -1.5180 -0.0400
-5.8788 -1.1008 -0.0400
-5.8400 -1.1483 -0.0400
-4.2214 -0.7607 -0.0400
-4.1774 -0.7597 -0.0400
-4.1388 -0.7660 -0.0400
-4.1040 -0.7779 -0.0400
-4.0717 -0.7938 -0.0400
-4.0466 -0.8228 -0.0400
-4.0229 -0.8557 -0.0400
-4.0042 -0.9003 -0.0400
-4.0044 -0.9877 -0.0400
-3.6882 -1.8698 -0.0400
-3.6313 -1.8465 -0.0400
-3.5792 -1.8433 -0.0400
-3.5300 -1.8550 -0.0400
-3.4828 -1.8823 -0.0400
-3.4387 -1.9397 -0.0400
-2.9029 -4.0670 -0.0400
-2.8163 -4.0263 -0.0400
-2.7250 -4.0704 -0.0400
-2.6326 -4.1078 -0.0400
-2.5393 -4.1384 -0.0400
0.2635 -2.9761 -0.0400
-1.2018 0.7531 -0.0400
-1.1446 0.7804 -0.0400
0.7707 1.1205 -0.0400
0.7564 1.1872 -0.0400
0.7963 1.2574 -0.0400
-0.5868 4.1916 -0.0400
-0.6561 4.2177 -0.0400
-0.7088 4.2654 -0.0400
-0.8774 5.5375 -0.0400
-0.9663 5.5562 -0.0400
-1.4025 5.1764 -0.0400
-1.4866 5.1776 -0.0400
-2.4983 3.7669 -0.0400
-2.5515 3.7532 -0.0400
-2.6004 3.7601 -0.0400
-2.6470 3.7816 -0.0400
-2.6951 3.7957 -0.0400
-2.7384 3.8528 -0.0400
-3.0940 4.2876 -0.0400
-8.1945 4.0006 -0.0400
-8.1444 3.1870 -0.0400
-7.7711 2.7377 -0.0400
-7.7707 2.6445 -0.0400
-6.5488 1.4372 -0.0400
-6.6115 1.3827 -0.0400
-8.9551 1.4405 -0.0400
-9.0257 1.3414 -0.0400
-3.9730 0.9577 -0.0400
-3.9512 0.9430 -0.0400
-3.9367 0.9286 -0.0400
-3.9191 0.9148 -0.0400
-3.9130 0.9006 -0.0400
-3.9080 0.8863 -0.0400
-3.9045 0.8720 -0.0400
-3.9025 0.8575 -0.0400
-3.9023 0.8427 -0.0400
-3.9029 0.8277 -0.0400
-3.9045 0.8124 -0.0400
-3.9158 0.7947 -0.0400
-3.9233 0.7774 -0.0400
-3.9561 0.7531 -0.0400
-7.4368 -1.3985 -0.0400
-7.3388 -1.4428 -0.0400
-7.2725 -1.5033 -0.0400
-7.2592 -1.5953 -0.0400
-7.4745 -2.2908 -0.0400
-5.8406 -1.1510 -0.0400
-5.8149 -1.2088 -0.0400
-4.2414 -0.7920 -0.0400
-4.1899 -0.7801 -0.0400
-4.1470 -0.7797 -0.0400
-4.1089 -0.7862 -0.0400
-4.0731 -0.7956 -0.0400
-4.0433 -0.8155 -0.0400
-4.0158 -0.8400 -0.0400
-3.9909 -0.8707 -0.0400
-3.9701 -0.9112 -0.0400
-3.6506 -1.9102 -0.0400
-3.5904 -1.8676 -0.0400
-3.5367 -1.8531 -0.0400
-3.4889 -1.8733 -0.0400
-3.4432 -1.9144 -0.0400
-2.7400 -4.0643 -0.0400
-2.6510 -4.0661 -0.0400
-2.5580 -4.1047 -0.0400
-2.4640 -4.1367 -0.0400
1.0691 -0.2848 -0.0400
0.8032 1.0428 -0.0400
0.7603 1.1093 -0.0400
0.7739 1.1773 -0.0400
-0.7781 5.5223 -0.0400
-0.8816 5.5130 -0.0400
-1.3396 5.1067 -0.0400
-1.4111 5.1391 -0.0400
-1.4502 5.2571 -0.0400
-2.4406 3.7823 -0.0400
-2.4999 3.7449 -0.0400
-2.5467 3.7638 -0.0400
-2.5944 3.7791 -0.0400
-2.6397 3.8123 -0.0400
-2.9758 4.2969 -0.0400
-3.0340 4.2926 -0.0400
-8.0875 4.1782 -0.0400
-8.1584 4.0997 -0.0400
-8.0690 3.3638 -0.0400
-8.1000 3.2715 -0.0400
-7.7586 2.8249 -0.0400
-7.7898 2.7425 -0.0400
-6.5461 1.5574 -0.0400
-6.5382 1.4940 -0.0400
-6.5911 1.4392 -0.0400
-8.9852 1.5459 -0.0400
-3.9878 0.9831 -0.0400
-3.9579 0.9675 -0.0400
-3.9296 0.9528 -0.0400
-3.9210 0.9383 -0.0400
-3.9145 0.9239 -0.0400
-3.9094 0.9095 -0.0400
-3.9060 0.8952 -0.0400
-3.9039 0.8808 -0.0400
-3.9042 0.8661 -0.0400
-3.9054 0.8511 -0.0400
-3.9076 0.8359 -0.0400
-3.9207 0.8185 -0.0400
-3.9296 0.8014 -0.0400
-3.9426 0.7829 -0.0400
-3.9684 0.7607 -0.0400
-7.4655 -1.3161 -0.0400
-7.3585 -1.3564 -0.0400
-7.3169 -1.4309 -0.0400
-7.3421 -1.5449 -0.0400
-5.9247 -1.0627 -0.0400
-5.8717 -1.0997 -0.0400
-5.8632 -1.1700 -0.0400
-4.2602 -0.7550 -0.0400
-4.2133 -0.7505 -0.0400
-4.1725 -0.7536 -0.0400
-4.1329 -0.7574 -0.0400
-4.1016 -0.7743 -0.0400
-4.0724 -0.7947 -0.0400
-4.0454 -0.8196 -0.0400
-4.0329 -0.8731 -0.0400
-4.0223 -0.9336 -0.0400
-3.6950 -1.8584 -0.0400
-3.6394 -1.8395 -0.0400
-3.5883 -1.8392 -0.0400
-3.5399 -1.8533 -0.0400
-3.4937 -1.8840 -0.0400
-2.9248 -4.0305 -0.0400
-2.8349 -4.0745 -0.0400
-2.7469 -4.0638 -0.0400
-2.6541 -4.1134 -0.0400
1.1139 -0.3912 -0.0400
1.0297 -0.2847 -0.0400
1.0728 -0.2188 -0.0400
-1.0852 0.4395 -0.0400
0.7738 1.0259 -0.0400
0.7642 1.0931 -0.0400
-0.7673 5.5192 -0.0400
-1.3275 5.1113 -0.0400
-1.3848 5.1799 -0.0400
-2.4415 3.7553 -0.0400
-2.4948 3.7454 -0.0400
-2.5430 3.7578 -0.0400
-2.5900 3.7780 -0.0400
-2.9715 4.3148 -0.0400
-3.0300 4.3260 -0.0400
-8.0765 4.1702 -0.0400
-8.0636 3.3591 -0.0400
-8.0999 3.2693 -0.0400
-7.7389 2.9091 -0.0400
-7.7101 2.8026 -0.0400
-7.7750 2.7339 -0.0400
-6.5491 1.6151 -0.0400
-6.5291 1.5490 -0.0400
-6.5640 1.4924 -0.0400
-8.9624 1.6461 -0.0400
-8.9547 1.5411 -0.0400
-9.0341 1.4439 -0.0400
-3.9697 0.9893 -0.0400
-3.9479 0.9735 -0.0400
-3.9340 0.9584 -0.0400
-3.9240 0.9437 -0.0400
-3.9164 0.9292 -0.0400
-3.9108 0.9148 -0.0400
-3.9052 0.9007 -0.0400
-3.9039 0.8862 -0.0400
-3.9041 0.8716 -0.0400
-3.9053 0.8568 -0.0400
-3.9076 0.8417 -0.0400
-3.9206 0.8247 -0.0400
-3.9300 0.8078 -0.0400
-3.9434 0.7897 -0.0400
-3.9700 0.7680 -0.0400
-7.5320 -1.2539 -0.0400
-7.4250 -1.2964 -0.0400
-7.3609 -1.3591 -0.0400
-7.3401 -1.4453 -0.0400
-5.9193 -1.0618 -0.0400
-5.8702 -1.1014 -0.0400
-4.2677 -0.7687 -0.0400
-4.2056 -0.7413 -0.0400
-4.1677 -0.7484 -0.0400
-4.1308 -0.7561 -0.0400
-4.1005 -0.7742 -0.0400
-4.0720 -0.7956 -0.0400
-4.0532 -0.8352 -0.0400
-4.0337 -0.8754 -0.0400
-4.0239 -0.9371 -0.0400
-3.6938 -1.8361 -0.0400
-3.6415 -1.8303 -0.0400
-3.5923 -1.8389 -0.0400
-3.5456 -1.8621 -0.0400
-3.5018 -1.9088 -0.0400
-2.9338 -4.0441 -0.0400
-2.8451 -4.0631 -0.0400
-2.7524 -4.1330 -0.0400
-2.6638 -4.1192 -0.0400
1.0398 -0.3850 -0.0400
1.0275 -0.3018 -0.0400
1.0513 -0.2304 -0.0400
1.1166 -0.1701 -0.0400
-1.1470 0.4781 -0.0400
-1.1791 0.5214 -0.0400
-1.2315 0.5676 -0.0400
0.8179 1.0101 -0.0400
0.7625 1.0766 -0.0400
0.7755 1.1446 -0.0400
-0.7828 5.4631 -0.0400
-1.3233 5.0955 -0.0400
-1.3824 5.1595 -0.0400
-2.4391 3.7404 -0.0400
-2.4893 3.7448 -0.0400
-2.5359 3.7669 -0.0400
-2.5843 3.7809 -0.0400
-2.6287 3.8220 -0.0400
-2.9679 4.2929 -0.0400
-3.0262 4.3029 -0.0400
-8.0984 4.1836 -0.0400
-8.0549 3.3530 -0.0400
-8.1073 3.2707 -0.0400
-7.7194 2.8981 -0.0400
-7.7101 2.7996 -0.0400
-7.7744 2.7307 -0.0400
-6.5775 1.6150 -0.0400
-6.5311 1.5439 -0.0400
-6.5539 1.4854 -0.0400
-8.9377 1.6414 -0.0400
-9.0122 1.5451 -0.0400
-3.9944 0.9967 -0.0400
-3.9583 0.9796 -0.0400
-3.9405 0.9640 -0.0400
-3.9198 0.9491 -0.0400
-3.9136 0.9346 -0.0400
-3.9089 0.9202 -0.0400
-3.9060 0.9058 -0.0400
-3.9040 0.8914 -0.0400
-3.9038 0.8769 -0.0400
-3.9048 0.8623 -0.0400
-3.9123 0.8466 -0.0400
-3.9187 0.8309 -0.0400
-3.9275 0.8144 -0.0400
-3.9403 0.7968 -0.0400
-3.9620 0.7768 -0.0400
-7.5243 -1.2518 -0.0400
-7.4172 -1.2941 -0.0400
-7.3616 -1.3612 -0.0400
-7.3666 -1.4619 -0.0400
-5.9678 -1.0246 -0.0400
-5.9093 -1.0582 -0.0400
-5.8748 -1.1082 -0.0400
-4.2971 -0.7503 -0.0400
-4.2473 -0.7425 -0.0400
-4.1968 -0.7315 -0.0400
-4.1622 -0.7431 -0.0400
-4.1294 -0.7570 -0.0400
-4.0995 -0.7754 -0.0400
-4.0720 -0.7982 -0.0400
-4.0555 -0.8415 -0.0400
-4.0375 -0.8845 -0.0400
-4.0344 -0.9596 -0.0400
-3.7613 -1.8903 -0.0400
-3.6986 -1.8438 -0.0400
-3.6451 -1.8319 -0.0400
-3.5952 -1.8359 -0.0400
-3.5522 -1.8797 -0.0400
-2.9431 -4.0285 -0.0400
-2.8542 -4.0641 -0.0400
-2.7650 -4.0823 -0.0400
-2.6741 -4.1103 -0.0400
1.0752 -0.4145 -0.0400
1.0193 -0.3170 -0.0400
1.0620 -0.2512 -0.0400
-1.1237 0.4582 -0.0400
-1.1474 0.5000 -0.0400
-1.2035 0.5477 -0.0400
-1.2491 0.5910 -0.0400
-1.2484 0.6241 -0.0400
-1.2394 0.6556 -0.0400
-0.7703 5.4611 -0.0400
-1.2348 5.0744 -0.0400
-1.3138 5.0912 -0.0400
-1.3744 5.1517 -0.0400
-2.3706 3.7816 -0.0400
-2.4314 3.7462 -0.0400
-2.4833 3.7443 -0.0400
-2.5312 3.7602 -0.0400
-2.5763 3.7939 -0.0400
-2.9037 4.3037 -0.0400
-2.9630 4.2926 -0.0400
-8.0225 4.2582 -0.0400
-8.0882 4.1767 -0.0400
-8.0613 3.4629 -0.0400
-8.0484 3.3481 -0.0400
-7.7005 2.8874 -0.0400
-7.7105 2.7970 -0.0400
-6.5230 1.5993 -0.0400
-6.5389 1.5398 -0.0400
-8.9360 1.6393 -0.0400
-9.0145 1.5436 -0.0400
-3.9737 1.0020 -0.0400
-3.9488 0.9852 -0.0400
-3.9342 0.9695 -0.0400
-3.9239 0.9544 -0.0400
-3.9163 0.9397 -0.0400
-3.9108 0.9252 -0.0400
-3.9071 0.9108 -0.0400
-3.9044 0.8965 -0.0400
-3.9051 0.8819 -0.0400
-3.9070 0.8672 -0.0400
-3.9102 0.8523 -0.0400
-3.9157 0.8369 -0.0400
-3.9237 0.8208 -0.0400
-3.9348 0.8039 -0.0400
-7.5759 -1.1824 -0.0400
-7.5069 -1.2454 -0.0400
-7.4209 -1.2982 -0.0400
-7.3732 -1.3696 -0.0400
-7.3885 -1.4761 -0.0400
-5.9731 -1.0322 -0.0400
-5.9020 -1.0570 -0.0400
-4.2870 -0.7407 -0.0400
-4.2413 -0.7383 -0.0400
-4.1936 -0.7311 -0.0400
-4.1568 -0.7389 -0.0400
-4.1261 -0.7557 -0.0400
-4.0994 -0.7791 -0.0400
-4.0735 -0.8044 -0.0400
-4.0498 -0.8345 -0.0400
-4.0465 -0.9046 -0.0400
-3.7519 -1.8410 -0.0400
-3.6969 -1.8246 -0.0400
-3.6463 -1.8246 -0.0400
-3.5985 -1.8381 -0.0400
-3.5530 -1.8663 -0.0400
-3.5112 -1.9236 -0.0400
-2.9506 -4.0588 -0.0400
-2.8626 -4.0678 -0.0400
-2.7714 -4.1207 -0.0400
-2.6805 -4.1437 -0.0400
1.0151 -0.4125 -0.0400
1.0145 -0.3332 -0.0400
1.0440 -0.2636 -0.0400
1.1158 -0.2053 -0.0400
-1.1403 0.4485 -0.0400
-1.1568 0.4884 -0.0400
-1.2207 0.5377 -0.0400
-1.2416 0.5759 -0.0400
-1.2483 0.6104 -0.0400
-1.2454 0.6430 -0.0400
-1.2189 0.6720 -0.0400
-1.1749 0.6996 -0.0400
-1.2280 5.0621 -0.0400
-1.3034 5.0873 -0.0400
-1.3614 5.1545 -0.0400
-2.3541 3.8180 -0.0400
-2.4272 3.7340 -0.0400
-2.4763 3.7453 -0.0400
-2.5230 3.7685 -0.0400
-2.5715 3.7849 -0.0400
-2.6137 3.8422 -0.0400
-2.9575 4.2927 -0.0400
-3.0160 4.3124 -0.0400
-8.0149 4.2532 -0.0400
-8.0095 3.4353 -0.0400
-8.0596 3.3521 -0.0400
-7.6822 2.8772 -0.0400
-6.5249 1.5943 -0.0400
-6.5375 1.5342 -0.0400
-8.9281 1.7407 -0.0400
-8.9604 1.6405 -0.0400
-9.0396 1.5445 -0.0400
-3.9610 0.9918 -0.0400
-3.9416 0.9754 -0.0400
-3.9198 0.9596 -0.0400
-3.9136 0.9448 -0.0400
-3.9090 0.9303 -0.0400
-3.9062 0.9158 -0.0400
-3.9044 0.9014 -0.0400
-3.9046 0.8870 -0.0400
-3.9058 0.8724 -0.0400
-3.9083 0.8577 -0.0400
-3.9209 0.8417 -0.0400
-3.9309 0.8255 -0.0400
-3.9450 0.8083 -0.0400
-3.9712 0.7886 -0.0400
-7.4747 -1.2319 -0.0400
-7.4045 -1.2922 -0.0400
-7.4160 -1.3950 -0.0400
-5.9510 -1.0215 -0.0400
-5.9043 -1.0629 -0.0400
-4.3581 -0.7810 -0.0400
-4.2711 -0.7241 -0.0400
-4.2309 -0.7286 -0.0400
-4.1882 -0.7283 -0.0400
-4.1533 -0.7386 -0.0400
-4.1233 -0.7563 -0.0400
-4.0970 -0.7800 -0.0400
-4.0778 -0.8167 -0.0400
-4.0567 -0.8515 -0.0400
-3.7549 -1.8459 -0.0400
-3.6993 -1.8266 -0.0400
-3.6483 -1.8244 -0.0400
-3.6028 -1.8491 -0.0400
-3.5603 -1.8944 -0.0400
-3.0457 -4.0698 -0.0400
-2.9591 -4.0291 -0.0400
-2.8708 -4.0618 -0.0400
-2.7809 -4.0994 -0.0400
1.0193 -0.4314 -0.0400
1.0117 -0.3498 -0.0400
1.0662 -0.2876 -0.0400
-1.1240 0.4305 -0.0400
-1.1499 0.4730 -0.0400
-1.1593 0.5106 -0.0400
-1.2502 0.5640 -0.0400
-1.2525 0.5977 -0.0400
-1.2477 0.6298 -0.0400
-1.2339 0.6607 -0.0400
-1.2103 0.6906 -0.0400
-1.1378 0.7157 -0.0400
0.8948 3.9909 -0.0400
-2.3646 3.7457 -0.0400
-2.4193 3.7356 -0.0400
-2.4695 3.7427 -0.0400
-2.5164 3.7659 -0.0400
-2.5603 3.8087 -0.0400
-2.8920 4.2985 -0.0400
-2.9513 4.2968 -0.0400
-8.0154 4.2541 -0.0400
-8.0099 3.4344 -0.0400
-7.6591 2.9604 -0.0400
-7.6763 2.8724 -0.0400
-7.7386 2.8033 -0.0400
-6.5273 1.5896 -0.0400
-6.6003 1.5400 -0.0400
-8.9375 1.7404 -0.0400
-8.9400 1.6364 -0.0400
-3.9752 1.0151 -0.0400
-3.9489 0.9970 -0.0400
-3.9341 0.9806 -0.0400
-3.9239 0.9651 -0.0400
-3.9164 0.9501 -0.0400
-3.9111 0.9354 -0.0400
-3.9075 0.9208 -0.0400
-3.9046 0.9064 -0.0400
-3.9055 0.8919 -0.0400
-3.9076 0.8773 -0.0400
-3.9110 0.8626 -0.0400
-3.9167 0.8474 -0.0400
-3.9250 0.8318 -0.0400
-3.9364 0.8154 -0.0400
-3.9538 0.7976 -0.0400
-7.5453 -1.1732 -0.0400
-7.4591 -1.2271 -0.0400
-7.4036 -1.2945 -0.0400
-7.3865 -1.3818 -0.0400
-5.9325 -1.0137 -0.0400
-5.9056 -1.0686 -0.0400
-4.3285 -0.7475 -0.0400
-4.2642 -0.7207 -0.0400
-4.2186 -0.7171 -0.0400
-4.1814 -0.7244 -0.0400
-4.1493 -0.7386 -0.0400
-4.1204 -0.7576 -0.0400
-4.0957 -0.7836 -0.0400
-4.0775 -0.8218 -0.0400
-4.0568 -0.8571 -0.0400
-3.7559 -1.8448 -0.0400
-3.6977 -1.8132 -0.0400
-3.6496 -1.8229 -0.0400
-3.6038 -1.8447 -0.0400
-3.5605 -1.8842 -0.0400
-3.0529 -4.0279 -0.0400
-2.9653 -4.0720 -0.0400
-2.8779 -4.0702 -0.0400
-2.7876 -4.1161 -0.0400
1.0157 -0.4476 -0.0400
1.0049 -0.3649 -0.0400
1.0527 -0.3009 -0.0400
-1.0951 0.4093 -0.0400
-1.1621 0.4623 -0.0400
-1.2186 0.5101 -0.0400
-1.2431 0.5491 -0.0400
-1.2508 0.5839 -0.0400
-1.2504 0.6169 -0.0400
-1.2319 0.6469 -0.0400
-1.2029 0.6761 -0.0400
0.9648 3.9195 -0.0400
-2.3087 3.7360 -0.0400
-2.3638 3.7269 -0.0400
-2.4143 3.7341 -0.0400
-2.4602 3.7617 -0.0400
-2.5060 3.7925 -0.0400
-2.8267 4.3164 -0.0400
-2.8877 4.2942 -0.0400
-7.9144 4.4391 -0.0400
-7.9790 4.3565 -0.0400
-7.9565 3.6260 -0.0400
-7.9605 3.5174 -0.0400
-7.6244 3.0398 -0.0400
-7.6580 2.9586 -0.0400
-6.4991 1.7058 -0.0400
-6.5197 1.6474 -0.0400
-8.9071 1.8393 -0.0400
-8.9880 1.7464 -0.0400
-3.9563 1.0225 -0.0400
-3.9387 1.0051 -0.0400
-3.9274 0.9889 -0.0400
-3.9125 0.9729 -0.0400
-3.9086 0.9581 -0.0400
-3.9063 0.9435 -0.0400
-3.9051 0.9290 -0.0400
-3.9056 0.9145 -0.0400
-3.9073 0.9001 -0.0400
-3.9102 0.8855 -0.0400
-3.9225 0.8702 -0.0400
-3.9325 0.8547 -0.0400
-3.9463 0.8385 -0.0400
-3.9695 0.8207 -0.0400
-7.6505 -1.0324 -0.0400
-7.5788 -1.0956 -0.0400
-7.4864 -1.1476 -0.0400
-7.4404 -1.2199 -0.0400
-6.0192 -0.9292 -0.0400
-5.9689 -0.9689 -0.0400
-4.3291 -0.6934 -0.0400
-4.2795 -0.6867 -0.0400
-4.2391 -0.6906 -0.0400
-4.2045 -0.7015 -0.0400
-4.1740 -0.7179 -0.0400
-4.1475 -0.7403 -0.0400
-4.1258 -0.7707 -0.0400
-4.1112 -0.8139 -0.0400
-4.0930 -0.8531 -0.0400
-3.8680 -1.8740 -0.0400
-3.7949 -1.7960 -0.0400
-3.7447 -1.7970 -0.0400
-3.6971 -1.8083 -0.0400
-3.6518 -1.8304 -0.0400
-3.1439 -4.0366 -0.0400
-3.0572 -4.0333 -0.0400
-2.9684 -4.1332 -0.0400
-2.8803 -4.1263 -0.0400
0.9782 -0.5259 -0.0400
0.9770 -0.4460 -0.0400
1.0256 -0.3829 -0.0400
-1.1491 0.3780 -0.0400
-1.1684 0.4193 -0.0400
-1.1953 0.4613 -0.0400
-1.2418 0.5064 -0.0400
-1.2642 0.5446 -0.0400
-1.2591 0.5766 -0.0400
-1.2475 0.6075 -0.0400
-1.2275 0.6374 -0.0400
-1.1892 0.6654 -0.0400
0.7745 0.8815 -0.0400
0.7684 0.9489 -0.0400
0.9162 3.9648 -0.0400
-2.2826 3.7868 -0.0400
-2.3487 3.7400 -0.0400
-2.4032 3.7326 -0.0400
-2.4515 3.7502 -0.0400
-2.5002 3.7669 -0.0400
-2.5473 3.7942 -0.0400
-2.8781 4.2926 -0.0400
-2.9370 4.3065 -0.0400
-7.9682 4.3510 -0.0400
-8.0271 4.2643 -0.0400
-8.0033 3.4300 -0.0400
-7.6485 2.9522 -0.0400
-7.6972 2.8777 -0.0400
-6.5142 1.7030 -0.0400
-6.5108 1.6391 -0.0400
-6.5425 1.5827 -0.0400
-8.9163 1.8390 -0.0400
-8.9195 1.7349 -0.0400
-3.9641 1.0114 -0.0400
-3.9438 0.9935 -0.0400
-3.9211 0.9761 -0.0400
-3.9148 0.9608 -0.0400
-3.9101 0.9459 -0.0400
-3.9073 0.9311 -0.0400
-3.9054 0.9166 -0.0400
-3.9060 0.9021 -0.0400
-3.9082 0.8875 -0.0400
-3.9117 0.8729 -0.0400
-3.9175 0.8580 -0.0400
-3.9256 0.8427 -0.0400
-3.9364 0.8268 -0.0400
-3.9525 0.8100 -0.0400
-7.6169 -1.1168 -0.0400
-7.5432 -1.1784 -0.0400
-7.4475 -1.2276 -0.0400
-7.4689 -1.3340 -0.0400
-5.9678 -0.9754 -0.0400
-5.9287 -1.0218 -0.0400
-4.2916 -0.7130 -0.0400
-4.2441 -0.7076 -0.0400
-4.2025 -0.7088 -0.0400
-4.1707 -0.7231 -0.0400
-4.1419 -0.7418 -0.0400
-4.1165 -0.7657 -0.0400
-4.0953 -0.7973 -0.0400
-4.0803 -0.8405 -0.0400
-4.0824 -0.9170 -0.0400
-3.8097 -1.8517 -0.0400
-3.7469 -1.8053 -0.0400
-3.6977 -1.8090 -0.0400
-3.6508 -1.8222 -0.0400
-3.6115 -1.8758 -0.0400
-3.0651 -4.0245 -0.0400
-2.9782 -4.0603 -0.0400
-2.8905 -4.0817 -0.0400
-2.8014 -4.1132 -0.0400
-0.2186 -3.1460 -0.0400
-0.1565 -3.0840 -0.0400
0.9843 -0.4710 -0.0400
0.9923 -0.3948 -0.0400
1.0512 -0.3344 -0.0400
-1.1390 0.3939 -0.0400
-1.1603 0.4352 -0.0400
-1.1673 0.4721 -0.0400
-1.2520 0.5245 -0.0400
-1.2574 0.5588 -0.0400
-1.2559 0.5914 -0.0400
-1.2488 0.6230 -0.0400
-1.2133 0.6509 -0.0400
0.8091 0.9274 -0.0400
0.7640 0.9943 -0.0400
0.7794 1.0623 -0.0400
0.9799 3.8881 -0.0400
-0.2886 3.8275 -0.0400
-2.3945 3.7435 -0.0400
-2.4435 3.7597 -0.0400
-2.4898 3.7899 -0.0400
-2.8128 4.2961 -0.0400
-2.8724 4.3003 -0.0400
-7.8941 4.4280 -0.0400
-7.9107 3.6004 -0.0400
-8.0145 3.5461 -0.0400
-7.6039 3.0274 -0.0400
-7.7028 2.9758 -0.0400
-6.5251 1.7664 -0.0400
-6.5037 1.6975 -0.0400
-6.5622 1.6471 -0.0400
-8.8830 1.9375 -0.0400
-3.9640 1.0372 -0.0400
-3.9438 1.0184 -0.0400
-3.9211 1.0000 -0.0400
-3.9150 0.9844 -0.0400
-3.9107 0.9692 -0.0400
-3.9078 0.9543 -0.0400
-3.9049 0.9395 -0.0400
-3.9061 0.9250 -0.0400
-3.9082 0.9105 -0.0400
-3.9114 0.8959 -0.0400
-3.9161 0.8812 -0.0400
-3.9334 0.8660 -0.0400
-3.9466 0.8503 -0.0400
-3.9669 0.8336 -0.0400
-7.6700 -1.0470 -0.0400
-7.5214 -1.0766 -0.0400
-7.4781 -1.1503 -0.0400
-7.5143 -1.2624 -0.0400
-6.0616 -0.8948 -0.0400
-5.9922 -0.9234 -0.0400
-4.3473 -0.6750 -0.0400
-4.3059 -0.6795 -0.0400
-4.2612 -0.6781 -0.0400
-4.2253 -0.6874 -0.0400
-4.1942 -0.7026 -0.0400
-4.1667 -0.7228 -0.0400
-4.1461 -0.7537 -0.0400
-4.1279 -0.7894 -0.0400
-4.1167 -0.8382 -0.0400
-3.9105 -1.8423 -0.0400
-3.8481 -1.8061 -0.0400
-3.7944 -1.7957 -0.0400
-3.7437 -1.7936 -0.0400
-3.6981 -1.8114 -0.0400
-3.6623 -1.8767 -0.0400
-3.1546 -4.0175 -0.0400
-3.0686 -4.0643 -0.0400
-2.9808 -4.1160 -0.0400
-2.8918 -4.1507 -0.0400
-0.3016 -3.1918 -0.0400
-0.2319 -3.1407 -0.0400
-0.0913 -3.1866 -0.0400
0.0947 -3.2854 -0.0400
1.0256 -0.6581 -0.0400
0.9654 -0.5549 -0.0400
0.9634 -0.4750 -0.0400
1.0019 -0.4089 -0.0400
-1.0932 0.3359 -0.0400
-1.1727 0.3940 -0.0400
-1.1784 0.4309 -0.0400
-1.2598 0.4843 -0.0400
-1.2653 0.5187 -0.0400
-1.2647 0.5515 -0.0400
-1.2514 0.5820 -0.0400
-1.2312 0.6116 -0.0400
-1.1932 0.6395 -0.0400
0.7738 0.8489 -0.0400
0.7668 0.9162 -0.0400
0.9412 3.9403 -0.0400
-0.2638 3.8242 -0.0400
-0.3263 3.8615 -0.0400
-0.3223 4.0839 -0.0400
-0.4403 4.0574 -0.0400
-2.8612 4.2989 -0.0400
-7.9537 4.3455 -0.0400
-7.9535 3.5141 -0.0400
-7.6094 3.0289 -0.0400
-7.6465 2.9493 -0.0400
-6.5385 1.7643 -0.0400
-6.5039 1.6918 -0.0400
-6.5408 1.6367 -0.0400
-3.9601 1.0251 -0.0400
-3.9421 1.0066 -0.0400
-3.9210 0.9884 -0.0400
-3.9152 0.9727 -0.0400
-3.9110 0.9574 -0.0400
-3.9081 0.9424 -0.0400
-3.9049 0.9275 -0.0400
-3.9057 0.9129 -0.0400
-3.9074 0.8984 -0.0400
-3.9100 0.8838 -0.0400
-3.9203 0.8690 -0.0400
-3.9285 0.8539 -0.0400
-3.9397 0.8384 -0.0400
-3.9552 0.8221 -0.0400
-3.9863 0.8040 -0.0400
-7.5797 -1.1071 -0.0400
-7.4932 -1.1620 -0.0400
-7.4413 -1.2316 -0.0400
-7.4584 -1.3354 -0.0400
-6.0166 -0.9464 -0.0400
-5.9670 -0.9865 -0.0400
-4.3674 -0.7114 -0.0400
-4.3133 -0.7006 -0.0400
-4.2611 -0.6900 -0.0400
-4.2222 -0.6951 -0.0400
-4.1898 -0.7084 -0.0400
-4.1614 -0.7270 -0.0400
-4.1355 -0.7495 -0.0400
-4.1138 -0.7790 -0.0400
-4.0969 -0.8173 -0.0400
-4.0882 -0.8715 -0.0400
-3.8610 -1.8567 -0.0400
-3.7941 -1.7998 -0.0400
-3.7440 -1.7996 -0.0400
-3.6969 -1.8105 -0.0400
-3.6523 -1.8333 -0.0400
-3.6098 -1.8688 -0.0400
-3.1608 -4.0199 -0.0400
-3.0750 -4.0547 -0.0400
-2.9886 -4.0601 -0.0400
-2.8999 -4.1210 -0.0400
-2.8120 -4.1256 -0.0400
-0.2408 -3.1541 -0.0400
-0.1028 -3.1970 -0.0400
-0.0272 -3.1507 -0.0400
0.1614 -3.2481 -0.0400
0.9803 -0.4237 -0.0400
1.0480 -0.3663 -0.0400
-1.1137 0.3614 -0.0400
-1.1469 0.4061 -0.0400
-1.1756 0.4483 -0.0400
-1.2319 0.4948 -0.0400
-1.2610 0.5339 -0.0400
-1.2611 0.5666 -0.0400
-1.2502 0.5975 -0.0400
-1.2327 0.6277 -0.0400
-1.2038 0.6570 -0.0400
0.8702 0.8260 -0.0400
0.7924 0.8947 -0.0400
0.7633 0.9618 -0.0400
0.7821 1.0297 -0.0400
1.0010 3.8599 -0.0400
-0.1504 3.8227 -0.0400
-0.2611 3.8121 -0.0400
-0.3022 3.9798 -0.0400
-0.3734 4.0087 -0.0400
-0.4124 4.0751 -0.0400
-2.7954 4.2936 -0.0400
-7.8958 3.7061 -0.0400
-7.9117 3.6027 -0.0400
-7.5730 3.1088 -0.0400
-7.6284 3.0377 -0.0400
-6.5022 1.8167 -0.0400
-6.4883 1.7489 -0.0400
-6.5294 1.6952 -0.0400
-3.9740 1.0545 -0.0400
-3.9339 1.0308 -0.0400
-3.9253 1.0138 -0.0400
-3.9189 0.9976 -0.0400
-3.9091 0.9812 -0.0400
-3.9072 0.9661 -0.0400
-3.9047 0.9510 -0.0400
-3.9059 0.9364 -0.0400
-3.9080 0.9218 -0.0400
-3.9109 0.9073 -0.0400
-3.9205 0.8928 -0.0400
-3.9284 0.8779 -0.0400
-3.9385 0.8628 -0.0400
-3.9524 0.8472 -0.0400
-7.5734 -1.0133 -0.0400
-7.5114 -1.0794 -0.0400
-7.5114 -1.1728 -0.0400
-6.0757 -0.8446 -0.0400
-6.0165 -0.8798 -0.0400
-5.9990 -0.9395 -0.0400
-4.3728 -0.6683 -0.0400
-4.3257 -0.6665 -0.0400
-4.2775 -0.6614 -0.0400
-4.2417 -0.6707 -0.0400
-4.2127 -0.6885 -0.0400
-4.1858 -0.7092 -0.0400
-4.1641 -0.7375 -0.0400
-4.1488 -0.7764 -0.0400
-4.1293 -0.8101 -0.0400
-4.1375 -0.8910 -0.0400
-3.8992 -1.8154 -0.0400
-3.8376 -1.7795 -0.0400
-3.7884 -1.7827 -0.0400
-3.7419 -1.7955 -0.0400
-3.7030 -1.8403 -0.0400
-3.6655 -1.8983 -0.0400
-3.2488 -4.0113 -0.0400
-3.1639 -4.0468 -0.0400
-3.0778 -4.0536 -0.0400
-2.9905 -4.1199 -0.0400
-0.3219 -3.2006 -0.0400
-0.1810 -3.2519 -0.0400
-0.1065 -3.2045 -0.0400
0.0813 -3.3070 -0.0400
-1.1027 0.3131 -0.0400
-1.1732 0.3689 -0.0400
-1.1809 0.4062 -0.0400
-1.2521 0.4574 -0.0400
-1.2626 0.4930 -0.0400
-1.2709 0.5275 -0.0400
-1.2653 0.5590 -0.0400
-1.2421 0.5879 -0.0400
-1.2151 0.6169 -0.0400
0.8139 0.8161 -0.0400
0.7709 0.8840 -0.0400
1.0658 3.7756 -0.0400
-0.1745 3.7760 -0.0400
-0.2524 3.7984 -0.0400
-0.2550 4.0092 -0.0400
-0.3619 3.9983 -0.0400
-0.4081 4.0561 -0.0400
-2.7855 4.2970 -0.0400
-7.8872 3.7029 -0.0400
-7.9226 3.6104 -0.0400
-7.5810 3.2125 -0.0400
-7.5642 3.1046 -0.0400
-7.6367 3.0417 -0.0400
-6.4815 1.8075 -0.0400
-6.4954 1.7470 -0.0400
-6.5532 1.6971 -0.0400
-3.9786 1.0642 -0.0400
-3.9357 1.0388 -0.0400
-3.9270 1.0215 -0.0400
-3.9139 1.0038 -0.0400
-3.9107 0.9881 -0.0400
-3.9056 0.9724 -0.0400
-3.9051 0.9574 -0.0400
-3.9057 0.9426 -0.0400
-3.9083 0.9281 -0.0400
-3.9115 0.9134 -0.0400
-3.9211 0.8990 -0.0400
-3.9287 0.8843 -0.0400
-3.9384 0.8692 -0.0400
-3.9513 0.8539 -0.0400
-7.6612 -0.9598 -0.0400
-7.5976 -1.0270 -0.0400
-7.5115 -1.0831 -0.0400
-7.4936 -1.1683 -0.0400
-6.0808 -0.8536 -0.0400
-6.0143 -0.8847 -0.0400
-5.9951 -0.9433 -0.0400
-4.4376 -0.6983 -0.0400
-4.3624 -0.6658 -0.0400
-4.3042 -0.6499 -0.0400
-4.2698 -0.6616 -0.0400
-4.2352 -0.6722 -0.0400
-4.2072 -0.6911 -0.0400
-4.1828 -0.7150 -0.0400
-4.1650 -0.7490 -0.0400
-4.1448 -0.7805 -0.0400
-4.1437 -0.8431 -0.0400
-3.8884 -1.7879 -0.0400
-3.8331 -1.7716 -0.0400
-3.7855 -1.7797 -0.0400
-3.7408 -1.7983 -0.0400
-3.7030 -1.8475 -0.0400
-3.6673 -1.9131 -0.0400
-3.3396 -4.0462 -0.0400
-3.2521 -4.0083 -0.0400
-3.1677 -4.0542 -0.0400
-3.0818 -4.1155 -0.0400
-2.9946 -4.1190 -0.0400
-0.3814 -3.2851 -0.0400
-0.3325 -3.2028 -0.0400
-0.1859 -3.2631 -0.0400
-0.1175 -3.2074 -0.0400
-1.2437 0.4433 -0.0400
-1.2716 0.4827 -0.0400
-1.2721 0.5155 -0.0400
-1.2672 0.5471 -0.0400
-1.2551 0.5776 -0.0400
-1.2148 0.6044 -0.0400
0.7655 0.8010 -0.0400
0.7656 0.8681 -0.0400
0.8330 0.9364 -0.0400
1.0356 3.8407 -0.0400
-0.1606 3.7670 -0.0400
-0.2404 3.7880 -0.0400
-0.2597 3.9799 -0.0400
-0.3446 3.9940 -0.0400
-0.3849 4.0593 -0.0400
-7.8677 3.6937 -0.0400
-7.5683 3.2067 -0.0400
-7.5679 3.1071 -0.0400
-6.5001 1.8746 -0.0400
-6.4714 1.8015 -0.0400
-6.4941 1.7434 -0.0400
-3.9448 1.0491 -0.0400
-3.9245 1.0289 -0.0400
-3.9194 1.0123 -0.0400
-3.9102 0.9953 -0.0400
-3.9055 0.9793 -0.0400
-3.9052 0.9643 -0.0400
-3.9055 0.9493 -0.0400
-3.9077 0.9346 -0.0400
-3.9126 0.9201 -0.0400
-3.9175 0.9055 -0.0400
-3.9238 0.8907 -0.0400
-3.9408 0.8761 -0.0400
-3.9537 0.8608 -0.0400
-7.7268 -0.8955 -0.0400
-7.6404 -0.9551 -0.0400
-7.5458 -1.0091 -0.0400
-7.5145 -1.0881 -0.0400
-6.0431 -0.8384 -0.0400
-6.0194 -0.8941 -0.0400
-4.3871 -0.6507 -0.0400
-4.3387 -0.6480 -0.0400
-4.2904 -0.6434 -0.0400
-4.2588 -0.6581 -0.0400
-4.2296 -0.6753 -0.0400
-4.2031 -0.6962 -0.0400
-4.1791 -0.7205 -0.0400
-4.1644 -0.7588 -0.0400
-4.1469 -0.7944 -0.0400
-4.1697 -0.8950 -0.0400
-3.9514 -1.8328 -0.0400
-3.8830 -1.7796 -0.0400
-3.8299 -1.7700 -0.0400
-3.7829 -1.7795 -0.0400
-3.7408 -1.8078 -0.0400
-3.7069 -1.8732 -0.0400
-3.2551 -4.0119 -0.0400
-3.1705 -4.0441 -0.0400
-3.0851 -4.1069 -0.0400
-2.9980 -4.1266 -0.0400
-0.3212 -3.2368 -0.0400
-0.2002 -3.2598 -0.0400
-0.0951 -3.2555 -0.0400
-1.2717 0.5360 -0.0400
-1.2531 0.5653 -0.0400
-1.2336 0.5949 -0.0400
0.8904 0.7140 -0.0400
0.7634 0.7855 -0.0400
0.7641 0.8524 -0.0400
0.8129 0.9203 -0.0400
1.0858 3.7453 -0.0400
-0.1093 3.7953 -0.0400
-0.2178 3.7881 -0.0400
-0.2443 3.9728 -0.0400
-0.3319 3.9842 -0.0400
-0.3666 4.0561 -0.0400
-0.3798 5.3133 -0.0400
-0.4857 5.3121 -0.0400
-7.8669 3.6961 -0.0400
-7.5392 3.1929 -0.0400
-7.5850 3.1168 -0.0400
-6.4693 1.8627 -0.0400
-6.4734 1.7992 -0.0400
-6.5452 1.7538 -0.0400
-3.9449 1.0583 -0.0400
-3.9254 1.0376 -0.0400
-3.9208 1.0208 -0.0400
-3.9120 1.0034 -0.0400
-3.9067 0.9871 -0.0400
-3.9043 0.9715 -0.0400
-3.9053 0.9565 -0.0400
-3.9074 0.9417 -0.0400
-3.9120 0.9271 -0.0400
-3.9165 0.9124 -0.0400
-3.9281 0.8980 -0.0400
-3.9365 0.8832 -0.0400
-3.9600 0.8684 -0.0400
-3.9819 0.8529 -0.0400
-7.6418 -0.9592 -0.0400
-7.5572 -1.0174 -0.0400
-7.5716 -1.1166 -0.0400
-6.0435 -0.8450 -0.0400
-6.0128 -0.8965 -0.0400
-4.4220 -0.6471 -0.0400
-4.3652 -0.6362 -0.0400
-4.3228 -0.6398 -0.0400
-4.2864 -0.6492 -0.0400
-4.2507 -0.6587 -0.0400
-4.2234 -0.6782 -0.0400
-4.2014 -0.7048 -0.0400
-4.1800 -0.7329 -0.0400
-4.1612 -0.7654 -0.0400
-4.1659 -0.8344 -0.0400
-3.9317 -1.7836 -0.0400
-3.8754 -1.7658 -0.0400
-3.8258 -1.7667 -0.0400
-3.7805 -1.7816 -0.0400
-3.7393 -1.8129 -0.0400
-3.7061 -1.8806 -0.0400
-3.3429 -4.0172 -0.0400
-3.2588 -4.0455 -0.0400
-3.1730 -4.0424 -0.0400
-3.0878 -4.0904 -0.0400
-0.4122 -3.2706 -0.0400
-0.3440 -3.2187 -0.0400
-0.2071 -3.2661 -0.0400
-0.1216 -3.2349 -0.0400
0.8406 0.7004 -0.0400
0.7869 0.7697 -0.0400
0.7659 0.8370 -0.0400
