# .PCD v0.7 - Point Cloud Data file format
VERSION 0.7
FIELDS x y z
SIZE 4 4 4
TYPE F F F
COUNT 1 1 1
WIDTH 14874
HEIGHT 1
VIEWPOINT 0 0 0 1 0 0 0
POINTS 14874
DATA ascii
-4.2669 -3.5047 -0.0400
-4.1606 -3.5837 -0.0400
-4.1013 -3.6678 -0.0400
-4.0226 -3.7466 -0.0400
-1.1707 -3.4826 -0.0400
-1.1451 -3.5180 -0.0400
-1.0220 -3.5171 -0.0400
-0.9839 -3.5448 -0.0400
-0.9494 -3.5730 -0.0400
-0.9316 -3.6075 -0.0400
-0.9245 -3.6467 -0.0400
-0.9162 -3.6857 -0.0400
-0.8671 -3.7050 -0.0400
0.1910 -4.1523 -0.0400
0.2296 -4.1459 -0.0400
0.2665 -4.1404 -0.0400
0.2932 -4.1514 -0.0400
0.3177 -4.1659 -0.0400
0.3404 -4.1839 -0.0400
0.3525 -4.2235 -0.0400
0.3612 -4.2726 -0.0400
-0.1211 -8.1683 -0.0400
0.4236 -6.0129 -0.0400
0.4816 -6.0216 -0.0400
3.4994 -8.0199 -0.0400
3.5634 -6.7654 -0.0400
3.5265 -6.5534 -0.0400
3.5755 -6.4840 -0.0400
3.6556 -6.4619 -0.0400
2.7185 -4.3287 -0.0400
2.7341 -4.2888 -0.0400
2.7615 -4.2604 -0.0400
2.7832 -4.2270 -0.0400
1.6378 -3.1968 -0.0400
1.6300 -3.1744 -0.0400
1.6238 -3.1541 -0.0400
1.6267 -3.1416 -0.0400
1.6286 -3.1285 -0.0400
1.6340 -3.1183 -0.0400
1.6403 -3.1087 -0.0400
1.6486 -3.1004 -0.0400
1.6574 -3.0924 -0.0400
1.6733 -3.0886 -0.0400
1.6881 -3.0836 -0.0400
1.7101 -3.0823 -0.0400
6.1816 -5.4931 -0.0400
6.1776 -5.3770 -0.0400
6.1985 -5.2755 -0.0400
6.2185 -5.1747 -0.0400
6.2375 -5.0743 -0.0400
6.2347 -4.9654 -0.0400
6.2530 -4.8670 -0.0400
4.7873 -4.1863 -0.0400
4.8110 -4.1212 -0.0400
6.3034 -4.5745 -0.0400
6.3041 -4.4730 -0.0400
6.3201 -4.3773 -0.0400
6.3356 -4.2821 -0.0400
6.3506 -4.1871 -0.0400
6.3651 -4.0924 -0.0400
6.3791 -3.9979 -0.0400
6.3927 -3.9037 -0.0400
6.4008 -3.8086 -0.0400
6.4149 -3.7149 -0.0400
6.4287 -3.6213 -0.0400
6.4421 -3.5278 -0.0400
6.4551 -3.4342 -0.0400
6.4679 -3.3405 -0.0400
6.4803 -3.2467 -0.0400
6.4924 -3.1528 -0.0400
6.5107 -3.0591 -0.0400
6.5234 -2.9647 -0.0400
6.5358 -2.8699 -0.0400
6.5479 -2.7749 -0.0400
6.5595 -2.6794 -0.0400
6.5707 -2.5835 -0.0400
6.5815 -2.4871 -0.0400
6.6086 -2.3892 -0.0400
6.6198 -2.2914 -0.0400
6.6303 -2.1930 -0.0400
6.6403 -2.0939 -0.0400
6.6497 -1.9941 -0.0400
3.6192 -2.3552 -0.0400
3.5635 -2.3194 -0.0400
3.5370 -2.2799 -0.0400
3.5259 -2.2379 -0.0400
3.5650 -2.1847 -0.0400
6.7503 -1.3658 -0.0400
6.7562 -1.2591 -0.0400
6.7611 -1.1514 -0.0400
6.7984 -1.0329 -0.0400
6.8018 -0.9226 -0.0400
5.7499 -0.6990 -0.0400
5.6832 -0.6318 -0.0400
1.9098 2.9062 -0.0400
1.0593 -0.0192 -0.0400
1.0127 -0.0486 -0.0400
0.9651 -0.0397 -0.0400
0.9156 -0.0092 -0.0400
0.8613 0.0651 -0.0400
0.9137 -1.3901 -0.0400
0.8938 -1.4173 -0.0400
0.8734 -1.4365 -0.0400
0.8525 -1.4501 -0.0400
0.8321 -1.4647 -0.0400
0.8100 -1.4700 -0.0400
0.7874 -1.4735 -0.0400
0.7643 -1.4752 -0.0400
0.7373 -1.4641 -0.0400
0.7107 -1.4562 -0.0400
0.6813 -1.4415 -0.0400
-4.3154 -0.2170 -0.0400
-4.3746 -0.3051 -0.0400
-4.1367 -1.3412 -0.0400
-4.1785 -1.4285 -0.0400
-4.1449 -3.5859 -0.0400
-4.0514 -3.6635 -0.0400
-4.0485 -3.7564 -0.0400
-1.1750 -3.4804 -0.0400
-1.1505 -3.5163 -0.0400
-1.0699 -3.5310 -0.0400
-0.9854 -3.5415 -0.0400
-0.9616 -3.5741 -0.0400
-0.9416 -3.6080 -0.0400
-0.9307 -3.6458 -0.0400
-0.9047 -3.6767 -0.0400
-0.8748 -3.7052 -0.0400
-0.8489 -3.7353 -0.0400
-0.8349 -3.7714 -0.0400
-0.8427 -3.8200 -0.0400
0.2670 -4.1398 -0.0400
0.2931 -4.1520 -0.0400
0.3174 -4.1673 -0.0400
0.3346 -4.1964 -0.0400
0.3518 -4.2269 -0.0400
0.3595 -4.2789 -0.0400
-0.2027 -8.1561 -0.0400
0.3725 -6.0135 -0.0400
0.4337 -6.0082 -0.0400
3.4285 -8.0533 -0.0400
3.5192 -8.0069 -0.0400
3.4765 -6.5837 -0.0400
3.5223 -6.5082 -0.0400
3.5827 -6.4572 -0.0400
3.6726 -6.4494 -0.0400
2.7233 -4.4261 -0.0400
2.7007 -4.3447 -0.0400
2.7149 -4.3028 -0.0400
2.7401 -4.2724 -0.0400
2.7665 -4.2430 -0.0400
1.6376 -3.1976 -0.0400
1.6226 -3.1685 -0.0400
1.6249 -3.1549 -0.0400
1.6248 -3.1397 -0.0400
1.6279 -3.1274 -0.0400
1.6340 -3.1175 -0.0400
1.6412 -3.1084 -0.0400
1.6491 -3.0998 -0.0400
1.6614 -3.0941 -0.0400
1.6728 -3.0874 -0.0400
1.6865 -3.0819 -0.0400
4.7766 -4.2319 -0.0400
4.7721 -4.1556 -0.0400
3.6277 -2.3799 -0.0400
3.5783 -2.3424 -0.0400
3.5408 -2.3044 -0.0400
3.5231 -2.2637 -0.0400
3.5389 -2.2163 -0.0400
5.7730 -0.7581 -0.0400
5.6871 -0.6991 -0.0400
5.6681 -0.6112 -0.0400
1.9912 2.8951 -0.0400
1.1000 -0.0103 -0.0400
1.0530 -0.0390 -0.0400
1.0063 -0.0490 -0.0400
0.9590 -0.0429 -0.0400
0.9099 -0.0147 -0.0400
0.9121 -1.3874 -0.0400
0.8927 -1.4162 -0.0400
0.8728 -1.4365 -0.0400
0.8534 -1.4572 -0.0400
0.8320 -1.4653 -0.0400
0.8101 -1.4706 -0.0400
0.7877 -1.4739 -0.0400
0.7625 -1.4674 -0.0400
0.7373 -1.4623 -0.0400
0.7102 -1.4525 -0.0400
0.6796 -1.4337 -0.0400
-4.3229 -0.2211 -0.0400
-4.3844 -0.3082 -0.0400
-4.1924 -1.2318 -0.0400
-4.1477 -1.3431 -0.0400
-4.1737 -1.4346 -0.0400
-4.2872 -1.5063 -0.0400
-4.2590 -3.4897 -0.0400
-4.1604 -3.5697 -0.0400
-4.0835 -3.6507 -0.0400
-4.0362 -3.7353 -0.0400
-1.2353 -3.4409 -0.0400
-1.1834 -3.4689 -0.0400
-1.1566 -3.5042 -0.0400
-1.0887 -3.5237 -0.0400
-0.9917 -3.5298 -0.0400
-0.9675 -3.5624 -0.0400
-0.9458 -3.5957 -0.0400
-0.9392 -3.6355 -0.0400
-0.9318 -3.6754 -0.0400
-0.8782 -3.6928 -0.0400
-0.8564 -3.7250 -0.0400
-0.8467 -3.7636 -0.0400
-0.8431 -3.8060 -0.0400
-2.8382 -5.0160 -0.0400
-2.7772 -5.0725 -0.0400
-2.7616 -5.1566 -0.0400
0.3276 -4.1949 -0.0400
0.3450 -4.2255 -0.0400
0.3534 -4.2764 -0.0400
-0.2214 -8.1892 -0.0400
0.3616 -6.0310 -0.0400
0.4274 -6.0065 -0.0400
3.4225 -8.0492 -0.0400
3.5241 -6.8221 -0.0400
3.4656 -6.5672 -0.0400
3.5206 -6.5065 -0.0400
3.5907 -6.4698 -0.0400
3.7244 -6.5250 -0.0400
2.7150 -4.4111 -0.0400
2.6960 -4.3335 -0.0400
2.7161 -4.2975 -0.0400
2.7457 -4.2710 -0.0400
1.6302 -3.1980 -0.0400
1.6198 -3.1721 -0.0400
1.6227 -3.1587 -0.0400
1.6232 -3.1436 -0.0400
1.6264 -3.1311 -0.0400
1.6319 -3.1206 -0.0400
1.6390 -3.1113 -0.0400
1.6480 -3.1034 -0.0400
1.6601 -3.0975 -0.0400
1.6714 -3.0907 -0.0400
1.6941 -3.0910 -0.0400
4.7671 -4.2236 -0.0400
4.7823 -4.1550 -0.0400
3.6266 -2.3734 -0.0400
3.5751 -2.3362 -0.0400
3.5294 -2.2996 -0.0400
3.5279 -2.2560 -0.0400
3.5432 -2.2087 -0.0400
5.7360 -0.7715 -0.0400
5.6834 -0.6985 -0.0400
1.1048 0.0156 -0.0400
1.0580 -0.0471 -0.0400
1.0112 -0.0461 -0.0400
0.9636 -0.0295 -0.0400
0.9120 0.0345 -0.0400
0.9187 -1.4046 -0.0400
0.8989 -1.4276 -0.0400
0.8785 -1.4435 -0.0400
0.8577 -1.4552 -0.0400
0.8367 -1.4644 -0.0400
0.8152 -1.4708 -0.0400
0.7921 -1.4706 -0.0400
0.7685 -1.4690 -0.0400
0.7436 -1.4642 -0.0400
0.7169 -1.4549 -0.0400
-4.2899 -0.0999 -0.0400
-4.3141 -0.2043 -0.0400
-4.1377 -1.3265 -0.0400
-4.1970 -1.4096 -0.0400
-4.1503 -3.5493 -0.0400
-4.0553 -3.6269 -0.0400
-1.1973 -3.4589 -0.0400
-1.1642 -3.4923 -0.0400
-1.0473 -3.4941 -0.0400
-1.0028 -3.5198 -0.0400
-0.9751 -3.5512 -0.0400
-0.9519 -3.5840 -0.0400
-0.9453 -3.6239 -0.0400
-0.9378 -3.6638 -0.0400
-0.8955 -3.6869 -0.0400
-0.8629 -3.7140 -0.0400
-0.8476 -3.7496 -0.0400
-0.8578 -3.7997 -0.0400
-2.8669 -5.0141 -0.0400
-2.7878 -5.0602 -0.0400
-2.7676 -5.1415 -0.0400
-2.6796 -5.1796 -0.0400
-2.6475 -5.2534 -0.0400
0.2905 -6.0398 -0.0400
0.3615 -5.9981 -0.0400
0.4184 -6.0143 -0.0400
3.4202 -8.0551 -0.0400
3.4657 -6.5697 -0.0400
3.5208 -6.5086 -0.0400
3.5967 -6.4803 -0.0400
2.6869 -4.3758 -0.0400
2.6966 -4.3281 -0.0400
2.7193 -4.2946 -0.0400
2.7479 -4.2671 -0.0400
1.6177 -3.1772 -0.0400
1.6173 -3.1605 -0.0400
1.6195 -3.1466 -0.0400
1.6237 -3.1347 -0.0400
1.6297 -3.1243 -0.0400
1.6370 -3.1150 -0.0400
1.6457 -3.1068 -0.0400
1.6570 -3.1003 -0.0400
1.6721 -3.0962 -0.0400
1.6853 -3.0904 -0.0400
4.7837 -4.3021 -0.0400
4.7476 -4.2112 -0.0400
4.7941 -4.1553 -0.0400
3.6337 -2.4106 -0.0400
3.5833 -2.3723 -0.0400
3.5447 -2.3339 -0.0400
3.5282 -2.2928 -0.0400
3.5271 -2.2492 -0.0400
3.5439 -2.2017 -0.0400
5.8161 -0.8318 -0.0400
5.7228 -0.7745 -0.0400
5.6877 -0.6942 -0.0400
5.6887 -0.5973 -0.0400
2.0047 2.8883 -0.0400
1.1088 -0.0194 -0.0400
1.0622 -0.0431 -0.0400
1.0158 -0.0501 -0.0400
0.9688 -0.0406 -0.0400
0.9139 0.0792 -0.0400
0.9371 -1.3363 -0.0400
0.9207 -1.3937 -0.0400
0.9015 -1.4208 -0.0400
0.8817 -1.4395 -0.0400
0.8625 -1.4586 -0.0400
0.8413 -1.4659 -0.0400
0.8195 -1.4701 -0.0400
0.7972 -1.4721 -0.0400
0.7740 -1.4713 -0.0400
0.7497 -1.4676 -0.0400
0.7169 -1.4369 -0.0400
0.6784 -1.3932 -0.0400
-4.2719 -0.0879 -0.0400
-4.3054 -0.1877 -0.0400
-4.1446 -1.2066 -0.0400
-4.1332 -1.3085 -0.0400
-4.1710 -1.3968 -0.0400
-4.1672 -3.5331 -0.0400
-4.0860 -3.6135 -0.0400
-4.0475 -3.7000 -0.0400
-1.1899 -3.4419 -0.0400
-1.1654 -3.4780 -0.0400
-1.0739 -3.4893 -0.0400
-1.0180 -3.5112 -0.0400
-0.9843 -3.5404 -0.0400
-0.9596 -3.5727 -0.0400
-0.9489 -3.6109 -0.0400
-0.9461 -3.6530 -0.0400
-0.9039 -3.6764 -0.0400
-0.8698 -3.7028 -0.0400
-0.8547 -3.7387 -0.0400
-0.8468 -3.7787 -0.0400
-2.8584 -4.9903 -0.0400
-2.7967 -5.0466 -0.0400
-2.7708 -5.1244 -0.0400
-2.6924 -5.1688 -0.0400
-2.7070 -5.2745 -0.0400
-0.2335 -8.1445 -0.0400
0.3519 -6.0046 -0.0400
0.4120 -6.0074 -0.0400
3.3257 -8.1072 -0.0400
3.4206 -8.0687 -0.0400
3.4944 -6.7793 -0.0400
3.4556 -6.5563 -0.0400
3.5215 -6.5125 -0.0400
3.5975 -6.4840 -0.0400
2.6825 -4.3660 -0.0400
2.6971 -4.3233 -0.0400
2.7240 -4.2939 -0.0400
1.6184 -3.1861 -0.0400
1.6163 -3.1671 -0.0400
1.6181 -3.1524 -0.0400
1.6222 -3.1399 -0.0400
1.6271 -3.1285 -0.0400
1.6348 -3.1193 -0.0400
1.6440 -3.1114 -0.0400
1.6554 -3.1049 -0.0400
1.6699 -3.1005 -0.0400
1.6825 -3.0943 -0.0400
1.7145 -3.1007 -0.0400
4.7393 -4.2789 -0.0400
4.7481 -4.2073 -0.0400
4.8257 -4.1637 -0.0400
3.6386 -2.4031 -0.0400
3.5891 -2.3646 -0.0400
3.5341 -2.3285 -0.0400
3.5328 -2.2850 -0.0400
3.5495 -2.2380 -0.0400
5.8048 -0.8335 -0.0400
5.7215 -0.7723 -0.0400
5.6930 -0.6892 -0.0400
2.0105 2.8846 -0.0400
1.1595 -0.0021 -0.0400
1.1123 -0.0370 -0.0400
1.0659 -0.0502 -0.0400
1.0195 -0.0467 -0.0400
0.9722 -0.0266 -0.0400
0.9206 0.0447 -0.0400
0.9448 -1.3764 -0.0400
0.9258 -1.4089 -0.0400
0.9062 -1.4308 -0.0400
0.8861 -1.4455 -0.0400
0.8656 -1.4568 -0.0400
0.8449 -1.4654 -0.0400
0.8236 -1.4707 -0.0400
0.8005 -1.4689 -0.0400
0.7768 -1.4656 -0.0400
0.7517 -1.4586 -0.0400
0.7243 -1.4455 -0.0400
0.6912 -1.4173 -0.0400
-4.2824 -0.0623 -0.0400
-4.3015 -0.1691 -0.0400
-4.1529 -1.1851 -0.0400
-4.1301 -1.2903 -0.0400
-4.2293 -1.3633 -0.0400
-1.2082 -3.4330 -0.0400
-1.1741 -3.4662 -0.0400
-1.1564 -3.5046 -0.0400
-1.0102 -3.4935 -0.0400
-0.9848 -3.5259 -0.0400
-0.9645 -3.5600 -0.0400
-0.9520 -3.5974 -0.0400
-0.9479 -3.6389 -0.0400
-0.9005 -3.6598 -0.0400
-0.8768 -3.6915 -0.0400
-0.8607 -3.7269 -0.0400
-0.8522 -3.7667 -0.0400
-2.8623 -4.9733 -0.0400
-2.8058 -5.0328 -0.0400
-2.7822 -5.1121 -0.0400
-2.7007 -5.1547 -0.0400
-2.6748 -5.2330 -0.0400
-0.2452 -8.1417 -0.0400
0.3423 -6.0083 -0.0400
3.3236 -8.1171 -0.0400
3.4161 -8.0721 -0.0400
3.4297 -6.6735 -0.0400
3.4620 -6.5710 -0.0400
3.5269 -6.5247 -0.0400
3.6170 -6.5170 -0.0400
2.6750 -4.4132 -0.0400
2.6754 -4.3540 -0.0400
2.6997 -4.3214 -0.0400
1.6212 -3.1982 -0.0400
1.6143 -3.1739 -0.0400
1.6150 -3.1576 -0.0400
1.6188 -3.1446 -0.0400
1.6245 -3.1335 -0.0400
1.6317 -3.1238 -0.0400
1.6404 -3.1153 -0.0400
1.6506 -3.1079 -0.0400
1.6663 -3.1044 -0.0400
1.6841 -3.1020 -0.0400
4.7220 -4.2676 -0.0400
4.7522 -4.2053 -0.0400
3.6516 -2.4399 -0.0400
3.6027 -2.4003 -0.0400
3.5529 -2.3623 -0.0400
3.5334 -2.3215 -0.0400
3.5303 -2.2784 -0.0400
3.5445 -2.2319 -0.0400
5.8045 -0.8308 -0.0400
5.7216 -0.7693 -0.0400
2.1138 2.8683 -0.0400
1.1630 0.0285 -0.0400
1.1152 -0.0299 -0.0400
1.0690 -0.0482 -0.0400
1.0225 -0.0366 -0.0400
0.9742 0.0052 -0.0400
0.9439 -1.3501 -0.0400
0.9268 -1.3986 -0.0400
0.9078 -1.4242 -0.0400
0.8897 -1.4506 -0.0400
0.8691 -1.4599 -0.0400
0.8483 -1.4666 -0.0400
0.8268 -1.4702 -0.0400
0.8047 -1.4714 -0.0400
0.7817 -1.4697 -0.0400
0.7574 -1.4646 -0.0400
0.7230 -1.4272 -0.0400
-0.7073 0.1244 -0.0400
-4.2482 -0.0589 -0.0400
-4.2888 -0.1550 -0.0400
-4.1471 -1.1679 -0.0400
-4.1270 -1.2723 -0.0400
-4.2058 -1.3502 -0.0400
-1.2030 -3.4164 -0.0400
-1.1765 -3.4520 -0.0400
-1.0946 -3.4671 -0.0400
-1.0312 -3.4866 -0.0400
-0.9961 -3.5155 -0.0400
-0.9713 -3.5480 -0.0400
-0.9639 -3.5877 -0.0400
-0.9551 -3.6272 -0.0400
-0.9129 -3.6508 -0.0400
-0.8844 -3.6802 -0.0400
-0.8656 -3.7143 -0.0400
-0.8745 -3.7637 -0.0400
-2.8743 -4.9608 -0.0400
-2.8163 -5.0195 -0.0400
-2.7958 -5.1009 -0.0400
-2.7119 -5.1423 -0.0400
-2.6962 -5.2275 -0.0400
-0.3708 -8.1815 -0.0400
-0.2576 -8.1395 -0.0400
0.3371 -5.9908 -0.0400
3.4532 -6.8880 -0.0400
3.4163 -6.6565 -0.0400
3.4565 -6.5671 -0.0400
3.5325 -6.5384 -0.0400
3.6418 -6.5594 -0.0400
2.6668 -4.4005 -0.0400
2.6752 -4.3499 -0.0400
2.7015 -4.3191 -0.0400
1.6119 -3.1815 -0.0400
1.6112 -3.1633 -0.0400
1.6168 -3.1516 -0.0400
1.6216 -3.1393 -0.0400
1.6284 -3.1290 -0.0400
1.6372 -3.1204 -0.0400
1.6479 -3.1133 -0.0400
1.6609 -3.1078 -0.0400
1.6770 -3.1043 -0.0400
1.7008 -3.1059 -0.0400
4.7513 -4.3539 -0.0400
4.7212 -4.2639 -0.0400
4.7829 -4.2146 -0.0400
3.6593 -2.4323 -0.0400
3.5598 -2.3981 -0.0400
3.5389 -2.3571 -0.0400
3.5348 -2.3142 -0.0400
3.5473 -2.2685 -0.0400
5.7548 -0.8472 -0.0400
5.7305 -0.7626 -0.0400
2.1181 2.8642 -0.0400
1.1640 -0.0239 -0.0400
1.1175 -0.0460 -0.0400
1.0716 -0.0534 -0.0400
1.0255 -0.0459 -0.0400
0.9782 -0.0174 -0.0400
0.9270 0.0551 -0.0400
0.9496 -1.3841 -0.0400
0.9306 -1.4135 -0.0400
0.9113 -1.4342 -0.0400
0.8913 -1.4478 -0.0400
0.8712 -1.4585 -0.0400
0.8508 -1.4665 -0.0400
0.8292 -1.4689 -0.0400
0.8069 -1.4684 -0.0400
0.7835 -1.4645 -0.0400
0.7585 -1.4563 -0.0400
0.7308 -1.4408 -0.0400
0.6953 -1.4035 -0.0400
-0.6959 0.1241 -0.0400
-0.7339 0.0764 -0.0400
-0.7958 0.0641 -0.0400
-0.9035 0.1142 -0.0400
-4.1267 -1.1551 -0.0400
-4.1232 -1.2547 -0.0400
-4.2051 -1.3317 -0.0400
-1.2318 -3.4106 -0.0400
-1.1886 -3.4411 -0.0400
-1.1658 -3.4778 -0.0400
-1.0273 -3.4702 -0.0400
-0.9981 -3.5014 -0.0400
-0.9760 -3.5349 -0.0400
-0.9641 -3.5727 -0.0400
-0.9604 -3.6144 -0.0400
-0.9292 -3.6434 -0.0400
-0.8902 -3.6678 -0.0400
-0.8761 -3.7044 -0.0400
-0.8712 -3.7463 -0.0400
-0.8873 -3.8009 -0.0400
-2.8271 -5.0062 -0.0400
-2.7831 -5.0731 -0.0400
-2.7221 -5.1288 -0.0400
-2.7086 -5.2156 -0.0400
0.3271 -5.9917 -0.0400
3.3061 -8.1090 -0.0400
3.4570 -6.9030 -0.0400
3.4140 -6.6595 -0.0400
3.4530 -6.5675 -0.0400
3.5368 -6.5509 -0.0400
2.6685 -4.3995 -0.0400
2.6770 -4.3486 -0.0400
1.6164 -3.1975 -0.0400
1.6102 -3.1729 -0.0400
1.6117 -3.1569 -0.0400
1.6182 -3.1458 -0.0400
1.6246 -3.1348 -0.0400
1.6335 -3.1261 -0.0400
1.6428 -3.1177 -0.0400
1.6553 -3.1118 -0.0400
1.6715 -3.1085 -0.0400
1.6952 -3.1104 -0.0400
4.7136 -4.3336 -0.0400
4.7220 -4.2612 -0.0400
4.8115 -4.2236 -0.0400
3.6679 -2.4700 -0.0400
3.6166 -2.4294 -0.0400
3.5610 -2.3910 -0.0400
3.5384 -2.3502 -0.0400
3.5330 -2.3074 -0.0400
3.6054 -2.2519 -0.0400
5.9740 -0.8562 -0.0400
5.7555 -0.8437 -0.0400
5.7273 -0.7607 -0.0400
2.1216 2.8581 -0.0400
1.1657 -0.0186 -0.0400
1.1192 -0.0444 -0.0400
1.0735 -0.0495 -0.0400
1.0272 -0.0304 -0.0400
0.9780 0.0405 -0.0400
0.9490 -1.3701 -0.0400
0.9335 -1.4261 -0.0400
0.9138 -1.4417 -0.0400
0.8938 -1.4530 -0.0400
0.8736 -1.4618 -0.0400
0.8530 -1.4678 -0.0400
0.8318 -1.4708 -0.0400
0.8100 -1.4717 -0.0400
0.7873 -1.4694 -0.0400
0.7583 -1.4458 -0.0400
0.7283 -1.4224 -0.0400
-0.6773 0.1116 -0.0400
-0.7270 0.0822 -0.0400
-0.7923 0.0753 -0.0400
-0.8985 0.1236 -0.0400
-4.1010 -1.1442 -0.0400
-4.1098 -1.2400 -0.0400
-4.2440 -1.3034 -0.0400
-4.2658 -3.3956 -0.0400
-1.0557 -3.4659 -0.0400
-1.0111 -3.4914 -0.0400
-0.9858 -3.5238 -0.0400
-0.9728 -3.5613 -0.0400
-0.9726 -3.6047 -0.0400
-0.9281 -3.6274 -0.0400
-0.8982 -3.6564 -0.0400
-0.8792 -3.6905 -0.0400
-0.8697 -3.7298 -0.0400
-2.8826 -4.9260 -0.0400
-2.8460 -4.9975 -0.0400
-2.8092 -5.0691 -0.0400
-2.7327 -5.1155 -0.0400
-2.7110 -5.1967 -0.0400
3.3458 -6.7119 -0.0400
3.3844 -6.6163 -0.0400
3.4513 -6.5720 -0.0400
3.5358 -6.5562 -0.0400
2.6480 -4.4365 -0.0400
2.6586 -4.3864 -0.0400
1.6064 -3.2001 -0.0400
1.6078 -3.1826 -0.0400
1.6113 -3.1679 -0.0400
1.6139 -3.1526 -0.0400
1.6209 -3.1419 -0.0400
1.6286 -3.1319 -0.0400
1.6392 -3.1244 -0.0400
1.6498 -3.1168 -0.0400
1.6658 -3.1134 -0.0400
1.6896 -3.1157 -0.0400
4.7104 -4.4072 -0.0400
4.6935 -4.3218 -0.0400
4.7343 -4.2639 -0.0400
4.7961 -4.2144 -0.0400
3.6677 -2.4633 -0.0400
3.5655 -2.4273 -0.0400
3.5429 -2.3861 -0.0400
3.5374 -2.3433 -0.0400
3.5459 -2.2985 -0.0400
3.5885 -2.2477 -0.0400
5.7968 -0.9185 -0.0400
5.7558 -0.8403 -0.0400
5.7736 -0.7384 -0.0400
2.1273 2.8673 -0.0400
1.1661 -0.0456 -0.0400
1.1203 -0.0556 -0.0400
1.0749 -0.0522 -0.0400
1.0289 -0.0361 -0.0400
0.9810 0.0133 -0.0400
0.9704 -1.3515 -0.0400
0.9526 -1.3973 -0.0400
0.9336 -1.4219 -0.0400
0.9142 -1.4392 -0.0400
0.8945 -1.4516 -0.0400
0.8752 -1.4643 -0.0400
0.8543 -1.4679 -0.0400
0.8331 -1.4696 -0.0400
0.8110 -1.4683 -0.0400
0.7878 -1.4639 -0.0400
0.7631 -1.4551 -0.0400
0.7354 -1.4381 -0.0400
0.6968 -1.3891 -0.0400
-0.6346 0.1677 -0.0400
-0.6706 0.1166 -0.0400
-0.7190 0.0855 -0.0400
-0.7841 0.0788 -0.0400
-0.9196 0.1688 -0.0400
-4.1088 -1.1238 -0.0400
-4.1094 -1.2221 -0.0400
-4.1712 -1.3037 -0.0400
-4.2866 -3.3794 -0.0400
-4.1716 -3.4580 -0.0400
-4.0724 -3.5356 -0.0400
-0.9885 -3.5148 -0.0400
-0.9822 -3.5551 -0.0400
-0.9672 -3.5919 -0.0400
-0.9194 -3.6129 -0.0400
-0.9049 -3.6493 -0.0400
-0.9002 -3.6911 -0.0400
-0.9158 -3.7445 -0.0400
-2.8878 -4.9157 -0.0400
-2.8874 -5.0087 -0.0400
-2.7926 -5.0454 -0.0400
-1.7089 -5.9551 -0.0400
-1.6249 -5.9723 -0.0400
-1.5574 -6.0081 -0.0400
3.2020 -8.1610 -0.0400
3.3350 -6.8719 -0.0400
3.3216 -6.6747 -0.0400
3.3827 -6.6193 -0.0400
2.6091 -4.4538 -0.0400
2.6261 -4.4103 -0.0400
1.6018 -3.2111 -0.0400
1.5970 -3.1864 -0.0400
1.6026 -3.1736 -0.0400
1.6078 -3.1606 -0.0400
1.6162 -3.1510 -0.0400
1.6254 -3.1421 -0.0400
1.6375 -3.1358 -0.0400
1.6493 -3.1291 -0.0400
1.6691 -3.1288 -0.0400
4.6809 -4.4698 -0.0400
4.6640 -4.3832 -0.0400
4.7185 -4.3319 -0.0400
3.6665 -2.5494 -0.0400
3.6213 -2.5067 -0.0400
3.5682 -2.4661 -0.0400
3.5472 -2.4244 -0.0400
3.5425 -2.3815 -0.0400
3.5959 -2.3314 -0.0400
5.8474 -0.9915 -0.0400
5.7823 -0.9216 -0.0400
5.7833 -0.8274 -0.0400
3.7769 2.6921 -0.0400
1.2584 -0.0339 -0.0400
1.2116 -0.0540 -0.0400
1.1660 -0.0617 -0.0400
1.1208 -0.0573 -0.0400
1.0751 0.0031 -0.0400
0.9924 -1.3414 -0.0400
0.9766 -1.4179 -0.0400
0.9569 -1.4358 -0.0400
0.9370 -1.4479 -0.0400
0.9171 -1.4574 -0.0400
0.8969 -1.4646 -0.0400
0.8764 -1.4687 -0.0400
0.8555 -1.4707 -0.0400
0.8322 -1.4624 -0.0400
0.8086 -1.4548 -0.0400
0.7830 -1.4412 -0.0400
0.7530 -1.4142 -0.0400
-0.5856 0.2084 -0.0400
-0.6166 0.1482 -0.0400
-0.6634 0.1149 -0.0400
-0.7840 0.1935 -0.0400
-0.8594 0.1983 -0.0400
-4.0757 -1.1216 -0.0400
-4.2799 -3.2704 -0.0400
-4.1828 -3.3529 -0.0400
-4.0928 -3.4334 -0.0400
-4.0986 -3.5275 -0.0400
-0.9149 -3.6335 -0.0400
-0.8925 -3.6660 -0.0400
-0.8793 -3.7034 -0.0400
-2.9003 -4.8960 -0.0400
-2.8696 -4.9711 -0.0400
-2.8148 -5.0318 -0.0400
-2.7544 -5.0884 -0.0400
-1.6857 -6.0135 -0.0400
-1.5738 -5.9955 -0.0400
-1.5130 -6.0396 -0.0400
-1.4854 -6.1285 -0.0400
3.1911 -8.1649 -0.0400
3.3408 -6.8992 -0.0400
3.3248 -6.6949 -0.0400
3.3763 -6.6215 -0.0400
3.4526 -6.5924 -0.0400
3.5612 -6.6142 -0.0400
2.6383 -4.4885 -0.0400
2.6351 -4.4200 -0.0400
1.6095 -3.2139 -0.0400
1.6070 -3.1910 -0.0400
1.6048 -3.1695 -0.0400
1.6111 -3.1574 -0.0400
1.6186 -3.1465 -0.0400
1.6273 -3.1370 -0.0400
1.6376 -3.1288 -0.0400
1.6529 -3.1249 -0.0400
1.6674 -3.1200 -0.0400
1.6848 -3.1170 -0.0400
4.6788 -4.3882 -0.0400
4.6938 -4.3180 -0.0400
4.7502 -4.2669 -0.0400
3.6476 -2.4967 -0.0400
3.6057 -2.4547 -0.0400
3.5596 -2.4144 -0.0400
3.5413 -2.3727 -0.0400
3.5511 -2.3280 -0.0400
3.5916 -2.2784 -0.0400
5.8686 -0.9797 -0.0400
5.7825 -0.9170 -0.0400
5.7682 -0.8287 -0.0400
3.6858 2.7396 -0.0400
1.2121 -0.0391 -0.0400
1.1662 -0.0539 -0.0400
1.1210 -0.0601 -0.0400
1.0759 -0.0369 -0.0400
1.0294 0.0101 -0.0400
0.9912 -1.3403 -0.0400
0.9731 -1.3917 -0.0400
0.9540 -1.4167 -0.0400
0.9347 -1.4349 -0.0400
0.9152 -1.4473 -0.0400
0.8963 -1.4616 -0.0400
0.8761 -1.4665 -0.0400
0.8555 -1.4689 -0.0400
0.8343 -1.4695 -0.0400
0.8124 -1.4672 -0.0400
0.7894 -1.4618 -0.0400
0.7647 -1.4513 -0.0400
-0.6129 0.1604 -0.0400
-0.6561 0.1216 -0.0400
-0.7123 0.1032 -0.0400
-0.8236 0.1646 -0.0400
-0.8936 0.1607 -0.0400
-4.2784 -3.3407 -0.0400
-4.1499 -3.4172 -0.0400
-4.0777 -3.4990 -0.0400
-0.9128 -3.7109 -0.0400
-2.9069 -4.8863 -0.0400
-2.9138 -4.9836 -0.0400
-2.8180 -5.0202 -0.0400
-1.7337 -5.9352 -0.0400
-1.6483 -5.9512 -0.0400
-1.5862 -5.9941 -0.0400
-1.5448 -6.0639 -0.0400
0.0708 -4.1061 -0.0400
0.1135 -4.0984 -0.0400
0.1540 -4.0923 -0.0400
3.0963 -8.2261 -0.0400
3.1933 -8.1881 -0.0400
3.2643 -6.7628 -0.0400
3.3060 -6.6687 -0.0400
3.4027 -6.6752 -0.0400
2.6085 -4.5197 -0.0400
2.6056 -4.4496 -0.0400
1.5978 -3.2191 -0.0400
1.5920 -3.1919 -0.0400
1.5979 -3.1788 -0.0400
1.6051 -3.1672 -0.0400
1.6134 -3.1569 -0.0400
1.6240 -3.1488 -0.0400
1.6356 -3.1417 -0.0400
1.6486 -3.1356 -0.0400
1.6732 -3.1394 -0.0400
4.6444 -4.4485 -0.0400
4.6738 -4.3850 -0.0400
3.7107 -2.5814 -0.0400
3.6353 -2.5379 -0.0400
3.5885 -2.4956 -0.0400
3.5478 -2.4545 -0.0400
3.5476 -2.4111 -0.0400
3.5615 -2.3662 -0.0400
3.6176 -2.3154 -0.0400
6.0358 -1.0164 -0.0400
5.8126 -0.9969 -0.0400
3.8820 2.6629 -0.0400
3.7791 2.6915 -0.0400
2.3241 2.8139 -0.0400
1.2574 -0.0342 -0.0400
1.2104 -0.0653 -0.0400
1.1655 -0.0647 -0.0400
1.1211 -0.0325 -0.0400
1.0755 0.0342 -0.0400
1.0138 -1.3592 -0.0400
0.9945 -1.3984 -0.0400
0.9749 -1.4210 -0.0400
0.9565 -1.4468 -0.0400
0.9367 -1.4558 -0.0400
0.9169 -1.4628 -0.0400
0.8968 -1.4675 -0.0400
0.8764 -1.4699 -0.0400
0.8543 -1.4643 -0.0400
0.8320 -1.4592 -0.0400
0.8084 -1.4500 -0.0400
0.7824 -1.4334 -0.0400
0.7495 -1.3944 -0.0400
-0.5652 0.2004 -0.0400
-0.6023 0.1513 -0.0400
-0.6533 0.1255 -0.0400
-0.7794 0.2138 -0.0400
-4.3177 -3.1418 -0.0400
-4.2400 -3.2286 -0.0400
-4.1804 -3.3154 -0.0400
-4.0906 -3.3960 -0.0400
-1.2539 -3.3175 -0.0400
-1.2162 -3.3504 -0.0400
-1.1973 -3.3886 -0.0400
-2.7739 -5.0594 -0.0400
-1.6855 -5.9623 -0.0400
-1.6030 -5.9807 -0.0400
-1.5384 -6.0204 -0.0400
-1.5133 -6.1128 -0.0400
0.1315 -4.0986 -0.0400
0.1650 -4.1029 -0.0400
0.1976 -4.1078 -0.0400
0.2243 -4.1224 -0.0400
0.2467 -4.1448 -0.0400
3.1716 -8.1679 -0.0400
3.3224 -6.8927 -0.0400
3.3088 -6.6915 -0.0400
3.3679 -6.6308 -0.0400
3.4519 -6.6139 -0.0400
1.5966 -3.2143 -0.0400
1.5971 -3.1939 -0.0400
1.6012 -3.1783 -0.0400
1.6072 -3.1651 -0.0400
1.6147 -3.1536 -0.0400
1.6238 -3.1439 -0.0400
1.6350 -3.1361 -0.0400
1.6476 -3.1295 -0.0400
1.6622 -3.1244 -0.0400
1.6983 -3.1372 -0.0400
4.6796 -4.4660 -0.0400
4.6689 -4.3817 -0.0400
4.7056 -4.3215 -0.0400
3.6487 -2.5296 -0.0400
3.6153 -2.4862 -0.0400
3.5487 -2.4461 -0.0400
3.5424 -2.4031 -0.0400
3.5458 -2.3593 -0.0400
3.5651 -2.3132 -0.0400
5.8216 -0.9894 -0.0400
5.7812 -0.9107 -0.0400
5.7985 -0.8104 -0.0400
2.2303 2.8302 -0.0400
1.2559 -0.0292 -0.0400
1.2095 -0.0508 -0.0400
1.1641 -0.0650 -0.0400
1.1196 -0.0576 -0.0400
1.0748 -0.0423 -0.0400
1.0280 0.0570 -0.0400
0.9903 -1.3786 -0.0400
0.9711 -1.4061 -0.0400
0.9531 -1.4380 -0.0400
0.9336 -1.4486 -0.0400
0.9142 -1.4573 -0.0400
0.8946 -1.4642 -0.0400
0.8745 -1.4677 -0.0400
0.8540 -1.4684 -0.0400
0.8327 -1.4667 -0.0400
0.8107 -1.4625 -0.0400
0.7874 -1.4546 -0.0400
0.7526 -1.4058 -0.0400
-0.5729 0.2292 -0.0400
-0.5994 0.1618 -0.0400
-0.6450 0.1277 -0.0400
-0.7066 0.1184 -0.0400
-0.8154 0.1770 -0.0400
-0.8986 0.1926 -0.0400
-4.3329 -3.2146 -0.0400
-4.2751 -3.3032 -0.0400
-4.1721 -3.3835 -0.0400
-4.0963 -3.4652 -0.0400
-1.2220 -3.3768 -0.0400
-1.1922 -3.4113 -0.0400
-1.0736 -3.4121 -0.0400
-1.0314 -3.4388 -0.0400
-1.0073 -3.4717 -0.0400
-1.6448 -5.9980 -0.0400
-1.5604 -6.0132 -0.0400
-1.4954 -6.0522 -0.0400
-1.4762 -6.1547 -0.0400
0.1343 -4.1223 -0.0400
0.1796 -4.1072 -0.0400
0.2097 -4.1162 -0.0400
0.2375 -4.1291 -0.0400
0.2622 -4.1476 -0.0400
0.2790 -4.1824 -0.0400
0.2968 -4.2168 -0.0400
3.2575 -8.1402 -0.0400
3.3585 -6.6331 -0.0400
3.4342 -6.6016 -0.0400
3.5398 -6.6181 -0.0400
2.6401 -4.4307 -0.0400
1.6074 -3.2033 -0.0400
1.6070 -3.1820 -0.0400
1.6107 -3.1659 -0.0400
1.6144 -3.1501 -0.0400
1.6234 -3.1400 -0.0400
1.6336 -3.1310 -0.0400
1.6453 -3.1234 -0.0400
1.6586 -3.1170 -0.0400
1.6861 -3.1225 -0.0400
4.6963 -4.3953 -0.0400
4.7010 -4.3191 -0.0400
4.7464 -4.2625 -0.0400
3.6178 -2.4784 -0.0400
3.5710 -2.4367 -0.0400
3.5470 -2.3947 -0.0400
3.5390 -2.3518 -0.0400
3.5493 -2.3069 -0.0400
5.3077 -2.0238 -0.0400
5.8011 -0.8993 -0.0400
5.7779 -0.8140 -0.0400
3.6963 2.7573 -0.0400
2.2393 2.8638 -0.0400
2.1405 2.8681 -0.0400
1.2079 -0.0337 -0.0400
1.1623 -0.0506 -0.0400
1.1174 -0.0627 -0.0400
1.0730 -0.0430 -0.0400
1.0278 -0.0170 -0.0400
0.9667 -1.3960 -0.0400
0.9476 -1.4172 -0.0400
0.9298 -1.4427 -0.0400
0.9106 -1.4522 -0.0400
0.8913 -1.4600 -0.0400
0.8719 -1.4667 -0.0400
0.8519 -1.4690 -0.0400
0.8314 -1.4699 -0.0400
0.8103 -1.4684 -0.0400
0.7854 -1.4523 -0.0400
0.7604 -1.4391 -0.0400
0.7310 -1.4128 -0.0400
-0.6491 0.1478 -0.0400
-0.6875 0.1027 -0.0400
-0.8048 0.1756 -0.0400
-0.8732 0.1710 -0.0400
-4.3105 -3.2834 -0.0400
-4.2545 -3.3713 -0.0400
-4.0924 -3.4403 -0.0400
-4.0763 -3.5304 -0.0400
-1.2524 -3.3670 -0.0400
-1.2069 -3.3964 -0.0400
-1.1827 -3.4325 -0.0400
-1.0986 -3.4449 -0.0400
-1.0401 -3.4650 -0.0400
-1.0055 -3.4936 -0.0400
-0.9834 -3.5270 -0.0400
-0.9770 -3.5676 -0.0400
-0.9602 -3.6036 -0.0400
-1.7239 -5.9566 -0.0400
-1.6322 -5.9645 -0.0400
-1.5742 -6.0130 -0.0400
-1.5459 -6.1016 -0.0400
0.0983 -4.1051 -0.0400
0.1380 -4.1006 -0.0400
0.1754 -4.0984 -0.0400
0.2032 -4.1114 -0.0400
0.2262 -4.1331 -0.0400
0.2480 -4.1575 -0.0400
0.2521 -4.2182 -0.0400
3.0641 -8.2412 -0.0400
3.1547 -8.1841 -0.0400
3.3032 -6.8897 -0.0400
3.2920 -6.6914 -0.0400
3.3568 -6.6401 -0.0400
3.4462 -6.6316 -0.0400
1.5924 -3.2294 -0.0400
1.5908 -3.2054 -0.0400
1.5945 -3.1883 -0.0400
1.6006 -3.1744 -0.0400
1.6083 -3.1625 -0.0400
1.6175 -3.1523 -0.0400
1.6281 -3.1434 -0.0400
1.6447 -3.1402 -0.0400
1.6616 -3.1369 -0.0400
1.6847 -3.1385 -0.0400
4.6710 -4.4624 -0.0400
4.6763 -4.3857 -0.0400
4.7301 -4.3332 -0.0400
3.6459 -2.5637 -0.0400
3.6177 -2.5194 -0.0400
3.5539 -2.4777 -0.0400
3.5446 -2.4346 -0.0400
3.5548 -2.3902 -0.0400
3.5790 -2.3439 -0.0400
5.2912 -2.0989 -0.0400
5.8599 -1.0632 -0.0400
5.8030 -0.9895 -0.0400
5.8004 -0.8975 -0.0400
3.7872 2.7062 -0.0400
2.3323 2.8298 -0.0400
1.2998 0.0052 -0.0400
1.2497 -0.0557 -0.0400
1.2047 -0.0632 -0.0400
1.1602 -0.0663 -0.0400
1.1164 -0.0438 -0.0400
1.0718 -0.0160 -0.0400
1.0052 -1.3664 -0.0400
0.9871 -1.4163 -0.0400
0.9677 -1.4316 -0.0400
0.9483 -1.4428 -0.0400
0.9297 -1.4574 -0.0400
0.9103 -1.4635 -0.0400
0.8908 -1.4676 -0.0400
0.8707 -1.4689 -0.0400
0.8503 -1.4687 -0.0400
0.8275 -1.4574 -0.0400
0.8047 -1.4490 -0.0400
0.7800 -1.4348 -0.0400
0.7508 -1.4065 -0.0400
-0.5570 0.2211 -0.0400
-0.5885 0.1631 -0.0400
-0.6356 0.1323 -0.0400
-0.7012 0.1300 -0.0400
-0.8079 0.1866 -0.0400
-4.2970 -3.1745 -0.0400
-4.2222 -3.2603 -0.0400
-4.1015 -3.3372 -0.0400
-4.0919 -3.4282 -0.0400
-1.2338 -3.3510 -0.0400
-1.2020 -3.3848 -0.0400
-1.0933 -3.3896 -0.0400
-1.0481 -3.4153 -0.0400
-1.0204 -3.4469 -0.0400
-0.9989 -3.4806 -0.0400
-0.9880 -3.5188 -0.0400
-0.9855 -3.5613 -0.0400
-0.9398 -3.5830 -0.0400
-0.9184 -3.6161 -0.0400
-0.9063 -3.6540 -0.0400
-1.7106 -5.9142 -0.0400
-1.6383 -5.9453 -0.0400
-1.5840 -5.9984 -0.0400
-1.5498 -6.0789 -0.0400
0.0819 -4.1073 -0.0400
0.1248 -4.0982 -0.0400
0.1641 -4.0931 -0.0400
0.1923 -4.1058 -0.0400
0.2182 -4.1223 -0.0400
0.2364 -4.1535 -0.0400
0.2549 -4.1858 -0.0400
3.1408 -8.1802 -0.0400
3.2246 -6.7568 -0.0400
3.2785 -6.6836 -0.0400
3.3572 -6.6572 -0.0400
1.6024 -3.2422 -0.0400
1.5943 -3.2097 -0.0400
1.5967 -3.1907 -0.0400
1.5995 -3.1729 -0.0400
1.6087 -3.1623 -0.0400
1.6193 -3.1532 -0.0400
1.6316 -3.1457 -0.0400
1.6457 -3.1399 -0.0400
1.6630 -3.1365 -0.0400
1.6867 -3.1385 -0.0400
4.6687 -4.5435 -0.0400
4.6514 -4.4535 -0.0400
4.6940 -4.3956 -0.0400
3.6297 -2.5589 -0.0400
3.5923 -2.5150 -0.0400
3.5502 -2.4725 -0.0400
3.5471 -2.4290 -0.0400
3.5563 -2.3846 -0.0400
5.2934 -2.1705 -0.0400
5.3453 -2.0896 -0.0400
5.8509 -1.0633 -0.0400
5.8004 -0.9875 -0.0400
5.7976 -0.8956 -0.0400
2.3266 2.8037 -0.0400
1.2948 -0.0177 -0.0400
1.2465 -0.0601 -0.0400
1.2015 -0.0705 -0.0400
1.1577 -0.0635 -0.0400
1.1142 -0.0291 -0.0400
1.0696 0.0150 -0.0400
1.0022 -1.3831 -0.0400
0.9837 -1.4216 -0.0400
0.9651 -1.4432 -0.0400
0.9458 -1.4515 -0.0400
0.9270 -1.4621 -0.0400
0.9076 -1.4663 -0.0400
0.8880 -1.4691 -0.0400
0.8678 -1.4682 -0.0400
0.8473 -1.4666 -0.0400
0.8241 -1.4534 -0.0400
0.8012 -1.4436 -0.0400
0.7760 -1.4272 -0.0400
-0.5744 0.2595 -0.0400
-0.5824 0.1609 -0.0400
-0.6383 0.1449 -0.0400
-0.7477 0.2103 -0.0400
-0.8189 0.2116 -0.0400
-4.1593 0.3097 -0.0400
-4.1333 0.1776 -0.0400
-4.1957 -3.2393 -0.0400
-4.1731 -3.3298 -0.0400
-4.1040 -3.4124 -0.0400
-1.2257 -3.3337 -0.0400
-1.2031 -3.3704 -0.0400
-1.1275 -3.3874 -0.0400
-1.0670 -3.4078 -0.0400
-1.0298 -3.4358 -0.0400
-1.0057 -3.4684 -0.0400
-0.9962 -3.5073 -0.0400
-0.9971 -3.5513 -0.0400
-0.9546 -3.5748 -0.0400
-0.9253 -3.6039 -0.0400
-0.9067 -3.6383 -0.0400
-0.9244 -3.6929 -0.0400
-2.9268 -4.9025 -0.0400
-2.8526 -4.9520 -0.0400
-1.7378 -5.9204 -0.0400
-1.6545 -5.9385 -0.0400
-1.5936 -5.9833 -0.0400
0.0571 -4.1221 -0.0400
0.1198 -4.0821 -0.0400
0.1520 -4.0888 -0.0400
0.1809 -4.1003 -0.0400
0.2075 -4.1158 -0.0400
0.2262 -4.1462 -0.0400
0.2445 -4.1790 -0.0400
0.2527 -4.2341 -0.0400
-0.6067 -8.0787 -0.0400
3.2266 -6.7803 -0.0400
3.2714 -6.6889 -0.0400
3.3453 -6.6535 -0.0400
2.5761 -4.4988 -0.0400
1.5879 -3.2261 -0.0400
1.5886 -3.2042 -0.0400
1.5935 -3.1879 -0.0400
1.6007 -3.1746 -0.0400
1.6095 -3.1633 -0.0400
1.6198 -3.1536 -0.0400
1.6357 -3.1495 -0.0400
1.6527 -3.1460 -0.0400
1.6753 -3.1471 -0.0400
4.6399 -4.5299 -0.0400
4.6467 -4.4528 -0.0400
4.6828 -4.3916 -0.0400
3.6602 -2.5996 -0.0400
3.6290 -2.5542 -0.0400
3.5679 -2.5108 -0.0400
3.5464 -2.4677 -0.0400
3.5517 -2.4236 -0.0400
3.5655 -2.3786 -0.0400
5.2962 -2.1675 -0.0400
6.0559 -1.0916 -0.0400
5.8334 -1.0662 -0.0400
5.7994 -0.9851 -0.0400
3.8798 2.6611 -0.0400
3.7990 2.7317 -0.0400
2.3329 2.8304 -0.0400
1.2886 -0.0481 -0.0400
1.2425 -0.0689 -0.0400
1.1981 -0.0737 -0.0400
1.1547 -0.0624 -0.0400
1.1114 -0.0264 -0.0400
1.0672 0.0690 -0.0400
1.0188 -1.3816 -0.0400
0.9989 -1.4033 -0.0400
0.9801 -1.4315 -0.0400
0.9614 -1.4480 -0.0400
0.9422 -1.4552 -0.0400
0.9234 -1.4644 -0.0400
0.9041 -1.4676 -0.0400
0.8845 -1.4691 -0.0400
0.8639 -1.4651 -0.0400
0.8433 -1.4624 -0.0400
0.8220 -1.4576 -0.0400
0.7959 -1.4329 -0.0400
0.7691 -1.4098 -0.0400
-0.5416 0.2092 -0.0400
-0.5792 0.1625 -0.0400
-0.6295 0.1377 -0.0400
-0.7019 0.1468 -0.0400
-4.1277 0.3073 -0.0400
-4.1201 0.1855 -0.0400
-4.1900 0.1060 -0.0400
-4.2880 -3.1386 -0.0400
-4.2104 -3.2238 -0.0400
-4.1065 -3.3030 -0.0400
-4.0843 -3.3918 -0.0400
-1.2826 -3.2928 -0.0400
-1.2341 -3.3220 -0.0400
-1.2083 -3.3577 -0.0400
-1.1938 -3.3970 -0.0400
-1.0573 -3.3893 -0.0400
-1.0302 -3.4211 -0.0400
-1.0085 -3.4547 -0.0400
-0.9972 -3.4926 -0.0400
-0.9923 -3.5337 -0.0400
-0.9551 -3.5596 -0.0400
-0.9304 -3.5909 -0.0400
-0.9157 -3.6273 -0.0400
-0.9109 -3.6694 -0.0400
-0.9275 -3.7245 -0.0400
-2.9078 -4.9648 -0.0400
-2.8358 -5.0153 -0.0400
-1.7883 -5.8447 -0.0400
-1.7192 -5.8804 -0.0400
-1.6698 -5.9394 -0.0400
-1.6490 -6.0360 -0.0400
0.0378 -4.0776 -0.0400
0.0807 -4.0697 -0.0400
0.1153 -4.0733 -0.0400
0.1456 -4.0830 -0.0400
0.1709 -4.1008 -0.0400
0.1928 -4.1250 -0.0400
0.2114 -4.1563 -0.0400
0.2224 -4.2041 -0.0400
-0.7175 -8.0560 -0.0400
0.0210 -5.9675 -0.0400
0.0913 -5.9476 -0.0400
0.1444 -5.9867 -0.0400
2.9245 -8.2589 -0.0400
3.1272 -6.7807 -0.0400
3.1949 -6.7326 -0.0400
3.2821 -6.7218 -0.0400
2.5633 -4.5575 -0.0400
1.5869 -3.2502 -0.0400
1.5761 -3.2131 -0.0400
1.5829 -3.1986 -0.0400
1.5915 -3.1867 -0.0400
1.6017 -3.1765 -0.0400
1.6135 -3.1682 -0.0400
1.6271 -3.1615 -0.0400
1.6434 -3.1573 -0.0400
1.6640 -3.1568 -0.0400
4.6015 -4.5921 -0.0400
4.6160 -4.5185 -0.0400
4.6612 -4.4619 -0.0400
3.6392 -2.6419 -0.0400
3.5833 -2.5960 -0.0400
3.5542 -2.5519 -0.0400
3.5506 -2.5082 -0.0400
3.5557 -2.4641 -0.0400
3.5971 -2.4177 -0.0400
5.3229 -2.2387 -0.0400
5.9177 -1.2233 -0.0400
5.8519 -1.1506 -0.0400
5.8793 -1.0501 -0.0400
3.9663 2.6039 -0.0400
2.5185 2.7731 -0.0400
1.3293 -0.0606 -0.0400
1.2833 -0.0780 -0.0400
1.2394 -0.0764 -0.0400
1.1968 -0.0560 -0.0400
1.1548 -0.0037 -0.0400
1.0366 -1.3967 -0.0400
1.0169 -1.4258 -0.0400
0.9976 -1.4437 -0.0400
0.9786 -1.4559 -0.0400
0.9595 -1.4613 -0.0400
0.9405 -1.4672 -0.0400
0.9211 -1.4690 -0.0400
0.9016 -1.4698 -0.0400
0.8812 -1.4647 -0.0400
0.8594 -1.4532 -0.0400
0.8377 -1.4455 -0.0400
0.8097 -1.4092 -0.0400
-0.4795 0.2167 -0.0400
-0.5271 0.1877 -0.0400
-0.5893 0.1835 -0.0400
-0.6937 0.2455 -0.0400
-0.7740 0.2631 -0.0400
-4.0681 0.4024 -0.0400
-4.0571 0.2776 -0.0400
-4.1433 0.2076 -0.0400
-4.1198 -3.2014 -0.0400
-4.1345 -3.2955 -0.0400
-1.3008 -3.2442 -0.0400
-1.2504 -3.2735 -0.0400
-1.2237 -3.3091 -0.0400
-1.1258 -3.3197 -0.0400
-1.0796 -3.3458 -0.0400
-1.0488 -3.3764 -0.0400
-1.0273 -3.4102 -0.0400
-1.0185 -3.4491 -0.0400
-1.0197 -3.4927 -0.0400
-0.9820 -3.5188 -0.0400
-0.9532 -3.5484 -0.0400
-0.9337 -3.5823 -0.0400
-0.9429 -3.6314 -0.0400
-2.9784 -4.8055 -0.0400
-2.9076 -4.8577 -0.0400
-2.8611 -4.9231 -0.0400
-1.8204 -5.8555 -0.0400
-1.7358 -5.8734 -0.0400
-1.6759 -5.9197 -0.0400
0.0610 -4.0760 -0.0400
0.1062 -4.0633 -0.0400
0.1350 -4.0754 -0.0400
0.1610 -4.0922 -0.0400
0.1843 -4.1139 -0.0400
0.2043 -4.1424 -0.0400
-0.7238 -8.0171 -0.0400
0.0798 -5.9351 -0.0400
0.1341 -5.9697 -0.0400
3.1228 -6.9885 -0.0400
3.1222 -6.7933 -0.0400
3.1858 -6.7365 -0.0400
3.2670 -6.7142 -0.0400
2.5361 -4.5295 -0.0400
1.5763 -3.2401 -0.0400
1.5782 -3.2186 -0.0400
1.5840 -3.2025 -0.0400
1.5919 -3.1893 -0.0400
1.6019 -3.1787 -0.0400
1.6151 -3.1715 -0.0400
1.6305 -3.1663 -0.0400
1.6495 -3.1644 -0.0400
1.6789 -3.1719 -0.0400
4.6019 -4.5956 -0.0400
4.6165 -4.5219 -0.0400
3.6326 -2.6379 -0.0400
3.5796 -2.5920 -0.0400
3.5504 -2.5477 -0.0400
3.5536 -2.5038 -0.0400
3.5800 -2.4587 -0.0400
5.2995 -2.3134 -0.0400
5.8782 -1.2321 -0.0400
5.8466 -1.1500 -0.0400
5.8448 -1.0587 -0.0400
2.5154 2.7648 -0.0400
1.3699 -0.0567 -0.0400
1.3238 -0.0707 -0.0400
1.2788 -0.0811 -0.0400
1.2355 -0.0752 -0.0400
1.1931 -0.0521 -0.0400
1.1517 0.0120 -0.0400
1.0517 -1.3847 -0.0400
1.0314 -1.4162 -0.0400
1.0119 -1.4364 -0.0400
0.9927 -1.4497 -0.0400
0.9738 -1.4593 -0.0400
0.9549 -1.4662 -0.0400
0.9358 -1.4688 -0.0400
0.9165 -1.4689 -0.0400
0.8970 -1.4685 -0.0400
0.8765 -1.4623 -0.0400
0.8545 -1.4494 -0.0400
0.8328 -1.4409 -0.0400
0.8043 -1.4013 -0.0400
-0.4446 0.2743 -0.0400
-0.4778 0.2181 -0.0400
-0.5234 0.1862 -0.0400
-0.5811 0.1749 -0.0400
-0.7074 0.2734 -0.0400
-4.0076 0.3811 -0.0400
-4.0500 0.2876 -0.0400
-4.1351 0.2173 -0.0400
-1.2523 -3.2602 -0.0400
-1.2270 -3.2962 -0.0400
-1.1338 -3.3084 -0.0400
-1.0868 -3.3342 -0.0400
-1.0542 -3.3642 -0.0400
-1.0303 -3.3969 -0.0400
-1.0205 -3.4353 -0.0400
-1.0181 -3.4771 -0.0400
-0.9955 -3.5101 -0.0400
-0.9561 -3.5347 -0.0400
-0.9417 -3.5711 -0.0400
-0.9363 -3.6123 -0.0400
-0.9460 -3.6624 -0.0400
-2.9387 -4.8556 -0.0400
-2.8928 -4.9219 -0.0400
-1.6731 -6.0109 -0.0400
0.0049 -4.0790 -0.0400
0.0545 -4.0618 -0.0400
0.0911 -4.0627 -0.0400
0.1225 -4.0710 -0.0400
0.1504 -4.0846 -0.0400
0.1700 -4.1128 -0.0400
0.1877 -4.1460 -0.0400
0.1942 -4.2026 -0.0400
-0.7576 -8.0623 -0.0400
-0.0097 -5.9673 -0.0400
0.0632 -5.9399 -0.0400
3.1121 -6.9917 -0.0400
3.1128 -6.7982 -0.0400
3.1761 -6.7405 -0.0400
3.2889 -6.7771 -0.0400
2.5451 -4.5502 -0.0400
1.5691 -3.2353 -0.0400
1.5738 -3.2171 -0.0400
1.5810 -3.2025 -0.0400
1.5902 -3.1904 -0.0400
1.6008 -3.1802 -0.0400
1.6132 -3.1719 -0.0400
1.6276 -3.1655 -0.0400
1.6573 -3.1741 -0.0400
4.5824 -4.5884 -0.0400
4.6299 -4.5329 -0.0400
3.6682 -2.6818 -0.0400
3.6083 -2.6338 -0.0400
3.5618 -2.5881 -0.0400
3.5505 -2.5440 -0.0400
3.5557 -2.4998 -0.0400
3.5821 -2.4546 -0.0400
5.3131 -2.3111 -0.0400
5.9535 -1.3019 -0.0400
5.8765 -1.2308 -0.0400
5.8594 -1.1444 -0.0400
5.8966 -1.0406 -0.0400
4.0548 2.5548 -0.0400
2.6116 2.7529 -0.0400
2.5138 2.7627 -0.0400
1.4156 -0.0178 -0.0400
1.3653 -0.0556 -0.0400
1.3180 -0.0808 -0.0400
1.2742 -0.0806 -0.0400
1.2322 -0.0595 -0.0400
1.1898 -0.0364 -0.0400
1.1494 0.0513 -0.0400
1.0456 -1.3999 -0.0400
1.0256 -1.4264 -0.0400
1.0065 -1.4482 -0.0400
0.9875 -1.4574 -0.0400
0.9686 -1.4642 -0.0400
0.9497 -1.4682 -0.0400
0.9307 -1.4699 -0.0400
0.9114 -1.4690 -0.0400
0.8915 -1.4644 -0.0400
0.8707 -1.4557 -0.0400
0.8483 -1.4396 -0.0400
0.8261 -1.4286 -0.0400
-0.4413 0.2714 -0.0400
-0.4756 0.2176 -0.0400
-0.5293 0.2002 -0.0400
-0.6335 0.2675 -0.0400
-0.6999 0.2660 -0.0400
-4.0091 0.3952 -0.0400
-4.0420 0.2964 -0.0400
-4.1186 0.2219 -0.0400
-3.9657 -0.8047 -0.0400
-4.0013 -0.8906 -0.0400
-4.0841 -0.9621 -0.0400
-1.2738 -3.2531 -0.0400
-1.2287 -3.2830 -0.0400
-1.2148 -3.3222 -0.0400
-1.0896 -3.3213 -0.0400
-1.0579 -3.3516 -0.0400
-1.0336 -3.3841 -0.0400
-1.0238 -3.4223 -0.0400
-1.0190 -3.4629 -0.0400
-0.9879 -3.4918 -0.0400
-0.9620 -3.5226 -0.0400
-0.9448 -3.5575 -0.0400
-0.9346 -3.5960 -0.0400
-3.0166 -4.7871 -0.0400
-2.9149 -4.8221 -0.0400
-2.8822 -4.8954 -0.0400
0.0282 -4.0778 -0.0400
0.0814 -4.0532 -0.0400
0.1117 -4.0632 -0.0400
0.1386 -4.0786 -0.0400
0.1625 -4.0994 -0.0400
0.1830 -4.1269 -0.0400
0.1984 -4.1656 -0.0400
-0.7727 -8.0487 -0.0400
-0.0221 -5.9563 -0.0400
0.0497 -5.9327 -0.0400
0.1083 -5.9521 -0.0400
3.0623 -6.9126 -0.0400
3.0986 -6.7947 -0.0400
3.1726 -6.7579 -0.0400
3.2779 -6.7798 -0.0400
2.5223 -4.5296 -0.0400
1.5721 -3.2443 -0.0400
1.5749 -3.2232 -0.0400
1.5812 -3.2071 -0.0400
1.5885 -3.1925 -0.0400
1.6003 -3.1833 -0.0400
1.6140 -3.1760 -0.0400
1.6300 -3.1710 -0.0400
1.6499 -3.1694 -0.0400
1.6870 -3.1838 -0.0400
4.5960 -4.6848 -0.0400
4.5838 -4.5938 -0.0400
4.6229 -4.5334 -0.0400
3.6627 -2.6787 -0.0400
3.5940 -2.6303 -0.0400
3.5574 -2.5849 -0.0400
3.5527 -2.5406 -0.0400
3.5694 -2.4961 -0.0400
5.2929 -2.3859 -0.0400
5.3192 -2.3096 -0.0400
5.9203 -1.3090 -0.0400
5.8680 -1.2317 -0.0400
5.8603 -1.1425 -0.0400
4.0570 2.5617 -0.0400
1.4066 -0.0429 -0.0400
1.3585 -0.0684 -0.0400
1.3126 -0.0842 -0.0400
1.2698 -0.0758 -0.0400
1.2275 -0.0586 -0.0400
1.1886 0.0195 -0.0400
1.0593 -1.4021 -0.0400
1.0391 -1.4180 -0.0400
1.0195 -1.4394 -0.0400
1.0004 -1.4522 -0.0400
0.9816 -1.4611 -0.0400
0.9628 -1.4671 -0.0400
0.9440 -1.4696 -0.0400
0.9250 -1.4696 -0.0400
0.9056 -1.4667 -0.0400
0.8856 -1.4610 -0.0400
0.8648 -1.4510 -0.0400
0.8423 -1.4341 -0.0400
0.8157 -1.3990 -0.0400
-0.4354 0.2621 -0.0400
-0.4711 0.2116 -0.0400
-0.5281 0.2008 -0.0400
-0.6313 0.2670 -0.0400
-0.6967 0.2642 -0.0400
-3.9861 0.3944 -0.0400
-4.0506 0.3139 -0.0400
-3.9580 -0.6960 -0.0400
-3.9602 -0.7939 -0.0400
-4.0016 -0.8777 -0.0400
-4.1163 -0.9390 -0.0400
-1.2615 -3.2361 -0.0400
-1.2356 -3.2717 -0.0400
-1.1703 -3.2935 -0.0400
-1.1113 -3.3155 -0.0400
-1.0602 -3.3387 -0.0400
-1.0402 -3.3728 -0.0400
-1.0279 -3.4099 -0.0400
-1.0226 -3.4502 -0.0400
-0.9941 -3.4802 -0.0400
-0.9683 -3.5110 -0.0400
-0.9498 -3.5451 -0.0400
-0.9527 -3.5904 -0.0400
-0.9708 -3.6450 -0.0400
-2.9271 -4.8094 -0.0400
-2.8839 -4.8765 -0.0400
0.0637 -4.0564 -0.0400
0.0976 -4.0608 -0.0400
0.1272 -4.0718 -0.0400
0.1495 -4.0955 -0.0400
0.1684 -4.1261 -0.0400
0.1800 -4.1724 -0.0400
-0.7799 -8.0105 -0.0400
-0.0392 -5.9598 -0.0400
0.0346 -5.9300 -0.0400
0.0934 -5.9490 -0.0400
3.1652 -6.7687 -0.0400
3.2770 -6.8026 -0.0400
2.5233 -4.5416 -0.0400
1.5640 -3.2401 -0.0400
1.5695 -3.2223 -0.0400
1.5774 -3.2078 -0.0400
1.5870 -3.1957 -0.0400
1.5982 -3.1855 -0.0400
1.6110 -3.1770 -0.0400
1.6329 -3.1779 -0.0400
1.6571 -3.1801 -0.0400
4.5532 -4.6647 -0.0400
4.5824 -4.5983 -0.0400
4.6662 -4.5624 -0.0400
3.6859 -2.7245 -0.0400
3.6398 -2.6753 -0.0400
3.5729 -2.6271 -0.0400
3.5538 -2.5821 -0.0400
3.5551 -2.5377 -0.0400
3.5788 -2.4929 -0.0400
5.2989 -2.3851 -0.0400
5.3604 -2.3067 -0.0400
5.9273 -1.3063 -0.0400
5.8608 -1.2325 -0.0400
5.8787 -1.1360 -0.0400
2.6030 2.7345 -0.0400
1.4006 -0.0464 -0.0400
1.3509 -0.0837 -0.0400
1.3071 -0.0849 -0.0400
1.2652 -0.0690 -0.0400
1.2234 -0.0463 -0.0400
1.1856 0.0497 -0.0400
1.0731 -1.3896 -0.0400
1.0523 -1.4110 -0.0400
1.0322 -1.4376 -0.0400
1.0129 -1.4522 -0.0400
0.9941 -1.4618 -0.0400
0.9753 -1.4655 -0.0400
0.9567 -1.4694 -0.0400
0.9379 -1.4704 -0.0400
0.9189 -1.4691 -0.0400
0.8994 -1.4650 -0.0400
0.8787 -1.4524 -0.0400
0.8574 -1.4396 -0.0400
0.8340 -1.4175 -0.0400
-0.3994 0.3149 -0.0400
-0.4277 0.2483 -0.0400
-0.4712 0.2130 -0.0400
-0.5308 0.2071 -0.0400
-0.6310 0.2687 -0.0400
-3.9998 0.5339 -0.0400
-3.9862 0.4063 -0.0400
-4.0345 0.3169 -0.0400
-4.1392 0.2581 -0.0400
-3.9578 -0.6839 -0.0400
-3.9561 -0.7832 -0.0400
-3.9974 -0.8668 -0.0400
-1.2211 -3.2974 -0.0400
-1.1004 -3.2983 -0.0400
-1.0695 -3.3287 -0.0400
-1.0421 -3.3599 -0.0400
-1.0280 -3.3961 -0.0400
-1.0293 -3.4390 -0.0400
-1.0154 -3.4757 -0.0400
-0.9730 -3.4988 -0.0400
-0.9548 -3.5330 -0.0400
-0.9557 -3.5771 -0.0400
-0.9664 -3.6274 -0.0400
-2.9347 -4.7944 -0.0400
0.1414 -4.0828 -0.0400
0.1637 -4.1068 -0.0400
0.1817 -4.1401 -0.0400
-0.7961 -7.9995 -0.0400
0.0177 -5.9330 -0.0400
1.5696 -3.2810 -0.0400
1.5647 -3.2481 -0.0400
1.5690 -3.2283 -0.0400
1.5763 -3.2128 -0.0400
1.5845 -3.1986 -0.0400
1.5969 -3.1894 -0.0400
1.6110 -3.1820 -0.0400
1.6276 -3.1770 -0.0400
1.6482 -3.1756 -0.0400
4.5675 -4.6796 -0.0400
4.5793 -4.6024 -0.0400
4.6362 -4.5514 -0.0400
3.6774 -2.7222 -0.0400
3.6341 -2.6731 -0.0400
3.5670 -2.6248 -0.0400
3.5553 -2.5798 -0.0400
3.5614 -2.5353 -0.0400
3.6081 -2.4898 -0.0400
5.3180 -2.3843 -0.0400
5.3744 -2.3058 -0.0400
5.9794 -1.3847 -0.0400
5.8843 -1.3165 -0.0400
5.8642 -1.2308 -0.0400
4.0533 2.5620 -0.0400
2.7016 2.7324 -0.0400
2.6050 2.7473 -0.0400
1.4403 -0.0413 -0.0400
1.3906 -0.0730 -0.0400
1.3444 -0.0894 -0.0400
1.3019 -0.0812 -0.0400
1.2599 -0.0662 -0.0400
1.2229 0.0131 -0.0400
1.3876 3.2039 -0.0400
1.0648 -1.4111 -0.0400
1.0446 -1.4273 -0.0400
1.0249 -1.4479 -0.0400
1.0059 -1.4599 -0.0400
0.9872 -1.4643 -0.0400
0.9686 -1.4691 -0.0400
0.9500 -1.4703 -0.0400
0.9311 -1.4683 -0.0400
0.9122 -1.4669 -0.0400
0.8925 -1.4601 -0.0400
0.8721 -1.4493 -0.0400
0.8502 -1.4323 -0.0400
0.8255 -1.4020 -0.0400
-0.3826 0.2806 -0.0400
-0.4222 0.2374 -0.0400
-0.4684 0.2080 -0.0400
-0.5416 0.2269 -0.0400
-0.6344 0.2756 -0.0400
-3.9430 0.5103 -0.0400
-3.9735 0.4101 -0.0400
-4.0518 0.3380 -0.0400
-3.9694 -0.6681 -0.0400
-3.9534 -0.7725 -0.0400
-4.0657 -0.8321 -0.0400
-1.0467 -3.3484 -0.0400
-1.0340 -3.3851 -0.0400
-1.0250 -3.4234 -0.0400
-1.0118 -3.4602 -0.0400
-0.9829 -3.4895 -0.0400
-0.9599 -3.5212 -0.0400
-0.9481 -3.5586 -0.0400
-0.9724 -3.6158 -0.0400
-2.9370 -4.7766 -0.0400
-1.8508 -5.7855 -0.0400
-1.7851 -5.8252 -0.0400
-1.7404 -5.8899 -0.0400
-0.8161 -7.9993 -0.0400
-0.0621 -5.9281 -0.0400
0.0060 -5.9176 -0.0400
2.4803 -4.5822 -0.0400
2.5000 -4.5347 -0.0400
1.5645 -3.2559 -0.0400
1.5679 -3.2345 -0.0400
1.5716 -3.2141 -0.0400
1.5820 -3.2023 -0.0400
1.5939 -3.1922 -0.0400
1.6073 -3.1839 -0.0400
1.6302 -3.1852 -0.0400
1.6559 -3.1885 -0.0400
4.5452 -4.6730 -0.0400
4.5827 -4.6110 -0.0400
3.6372 -2.7182 -0.0400
3.5940 -2.6696 -0.0400
3.5682 -2.6232 -0.0400
3.5577 -2.5780 -0.0400
3.5667 -2.5333 -0.0400
5.3037 -2.4605 -0.0400
5.3435 -2.3838 -0.0400
5.9701 -1.3868 -0.0400
5.8821 -1.3167 -0.0400
5.8760 -1.2273 -0.0400
4.1382 2.5052 -0.0400
2.7009 2.7366 -0.0400
2.6041 2.7512 -0.0400
1.4298 -0.0665 -0.0400
1.3830 -0.0827 -0.0400
1.3387 -0.0866 -0.0400
1.2969 -0.0733 -0.0400
1.2560 -0.0469 -0.0400
1.4865 3.1883 -0.0400
1.0776 -1.4006 -0.0400
1.0567 -1.4217 -0.0400
1.0365 -1.4466 -0.0400
1.0174 -1.4540 -0.0400
0.9986 -1.4647 -0.0400
0.9800 -1.4682 -0.0400
0.9615 -1.4705 -0.0400
0.9429 -1.4696 -0.0400
0.9241 -1.4680 -0.0400
0.9048 -1.4609 -0.0400
0.8846 -1.4490 -0.0400
0.8630 -1.4298 -0.0400
0.8415 -1.4167 -0.0400
-0.3822 0.2780 -0.0400
-0.4197 0.2312 -0.0400
-0.4722 0.2140 -0.0400
-0.5797 0.2943 -0.0400
-0.6443 0.2927 -0.0400
-3.9680 0.5363 -0.0400
-3.9713 0.4194 -0.0400
-4.0279 0.3352 -0.0400
-3.9840 -0.5513 -0.0400
-3.9239 -0.6742 -0.0400
-3.9496 -0.7629 -0.0400
-4.0300 -0.8328 -0.0400
-1.0228 -3.4516 -0.0400
-0.9834 -3.4759 -0.0400
-0.9637 -3.5091 -0.0400
-0.9561 -3.5485 -0.0400
-0.9546 -3.5916 -0.0400
-2.9402 -4.7597 -0.0400
-2.9123 -4.8353 -0.0400
-1.8779 -5.7903 -0.0400
-1.7997 -5.8160 -0.0400
-1.7433 -5.8664 -0.0400
-0.9471 -8.0095 -0.0400
-0.8387 -8.0064 -0.0400
-0.0877 -5.9569 -0.0400
-0.0105 -5.9178 -0.0400
0.0468 -5.9431 -0.0400
2.4711 -4.5834 -0.0400
2.4928 -4.5384 -0.0400
1.5628 -3.2626 -0.0400
1.5602 -3.2332 -0.0400
1.5689 -3.2188 -0.0400
1.5792 -3.2065 -0.0400
1.5908 -3.1958 -0.0400
1.6070 -3.1903 -0.0400
1.6245 -3.1856 -0.0400
1.6465 -3.1851 -0.0400
4.5552 -4.6866 -0.0400
4.6069 -4.6324 -0.0400
3.6578 -2.7190 -0.0400
3.5743 -2.6676 -0.0400
3.5601 -2.6217 -0.0400
3.5665 -2.5769 -0.0400
3.5886 -2.5319 -0.0400
5.3066 -2.4615 -0.0400
5.3578 -2.3843 -0.0400
5.9259 -1.3973 -0.0400
5.8785 -1.3178 -0.0400
5.8809 -1.2260 -0.0400
1.4733 -0.0386 -0.0400
1.4217 -0.0766 -0.0400
1.3760 -0.0867 -0.0400
1.3329 -0.0831 -0.0400
1.2920 -0.0622 -0.0400
1.2528 -0.0203 -0.0400
1.0941 -1.3465 -0.0400
1.0678 -1.4268 -0.0400
1.0478 -1.4409 -0.0400
1.0283 -1.4579 -0.0400
1.0095 -1.4632 -0.0400
0.9909 -1.4673 -0.0400
0.9725 -1.4706 -0.0400
0.9541 -1.4710 -0.0400
0.9354 -1.4678 -0.0400
0.9166 -1.4649 -0.0400
0.8970 -1.4543 -0.0400
0.8762 -1.4362 -0.0400
0.8554 -1.4239 -0.0400
-0.3778 0.2662 -0.0400
-0.4202 0.2296 -0.0400
-0.4731 0.2137 -0.0400
-0.5789 0.2918 -0.0400
-3.9249 0.5195 -0.0400
-3.9637 0.4248 -0.0400
-4.0520 0.3591 -0.0400
-3.9340 -0.6601 -0.0400
-3.9420 -0.7551 -0.0400
-0.9575 -3.5353 -0.0400
-0.9729 -3.5873 -0.0400
-2.9482 -4.7458 -0.0400
-2.9444 -4.8354 -0.0400
-1.8758 -5.7622 -0.0400
-1.8107 -5.8026 -0.0400
-1.7653 -5.8662 -0.0400
-1.7564 -5.9767 -0.0400
-0.0263 -4.0626 -0.0400
-0.8518 -7.9849 -0.0400
-0.0925 -5.9189 -0.0400
-0.0246 -5.9097 -0.0400
1.5568 -3.2382 -0.0400
1.5656 -3.2236 -0.0400
1.5759 -3.2110 -0.0400
1.5883 -3.2010 -0.0400
1.6029 -3.1933 -0.0400
1.6197 -3.1877 -0.0400
1.6399 -3.1852 -0.0400
4.5451 -4.7752 -0.0400
4.5374 -4.6841 -0.0400
4.5832 -4.6265 -0.0400
3.6451 -2.7180 -0.0400
3.5669 -2.6667 -0.0400
3.5592 -2.6211 -0.0400
3.5634 -2.5760 -0.0400
3.6254 -2.5312 -0.0400
5.3127 -2.4629 -0.0400
5.9243 -1.3985 -0.0400
5.8843 -1.3170 -0.0400
5.9179 -1.2168 -0.0400
4.1446 2.5219 -0.0400
2.6864 2.7064 -0.0400
1.4646 -0.0496 -0.0400
1.4144 -0.0803 -0.0400
1.3686 -0.0922 -0.0400
1.3272 -0.0783 -0.0400
1.2872 -0.0500 -0.0400
1.2504 0.0170 -0.0400
1.0788 -1.4272 -0.0400
1.0585 -1.4421 -0.0400
1.0391 -1.4518 -0.0400
1.0201 -1.4591 -0.0400
1.0014 -1.4688 -0.0400
0.9830 -1.4706 -0.0400
0.9646 -1.4707 -0.0400
0.9462 -1.4692 -0.0400
0.9276 -1.4663 -0.0400
0.9084 -1.4558 -0.0400
0.8890 -1.4485 -0.0400
0.8675 -1.4236 -0.0400
0.8456 -1.4033 -0.0400
-0.3434 0.3165 -0.0400
-0.3740 0.2545 -0.0400
-0.4231 0.2317 -0.0400
-0.4787 0.2211 -0.0400
-0.5823 0.2956 -0.0400
-3.9398 0.5380 -0.0400
-3.9729 0.4396 -0.0400
-3.9291 -0.5531 -0.0400
-3.9093 -0.6598 -0.0400
-3.9485 -0.7430 -0.0400
-2.9383 -4.8134 -0.0400
-2.0210 -5.7835 -0.0400
-1.8964 -5.7601 -0.0400
-1.8242 -5.7924 -0.0400
-1.7704 -5.8457 -0.0400
0.0148 -4.0334 -0.0400
0.0501 -4.0360 -0.0400
0.0806 -4.0456 -0.0400
-0.0420 -5.9120 -0.0400
0.0168 -5.9324 -0.0400
1.5844 -3.2053 -0.0400
1.5989 -3.1973 -0.0400
1.6152 -3.1909 -0.0400
1.6498 -3.2028 -0.0400
4.5339 -4.6909 -0.0400
4.6220 -4.6579 -0.0400
3.5883 -2.7141 -0.0400
3.5646 -2.6667 -0.0400
3.5604 -2.6210 -0.0400
3.5686 -2.5759 -0.0400
5.3122 -2.5409 -0.0400
5.3236 -2.4648 -0.0400
5.9150 -1.4018 -0.0400
5.9041 -1.3132 -0.0400
5.9279 -1.2151 -0.0400
4.2219 2.4528 -0.0400
1.4501 -0.0888 -0.0400
1.4049 -0.0958 -0.0400
1.3622 -0.0901 -0.0400
1.3212 -0.0737 -0.0400
1.2818 -0.0407 -0.0400
1.0900 -1.4226 -0.0400
1.0691 -1.4402 -0.0400
1.0494 -1.4510 -0.0400
1.0303 -1.4589 -0.0400
1.0114 -1.4695 -0.0400
0.9931 -1.4712 -0.0400
0.9748 -1.4717 -0.0400
0.9565 -1.4711 -0.0400
0.9380 -1.4651 -0.0400
0.9194 -1.4601 -0.0400
0.8997 -1.4432 -0.0400
0.8797 -1.4308 -0.0400
0.8588 -1.4135 -0.0400
-0.3368 0.2969 -0.0400
-0.3740 0.2494 -0.0400
-0.4248 0.2304 -0.0400
-0.4960 0.2495 -0.0400
-0.5927 0.3111 -0.0400
-3.9106 0.6484 -0.0400
-3.9065 0.5258 -0.0400
-3.9574 0.4390 -0.0400
-4.0624 0.3834 -0.0400
-3.9175 -0.6475 -0.0400
-3.9786 -0.7228 -0.0400
-4.3411 -2.8091 -0.0400
-1.9159 -5.7568 -0.0400
-1.8372 -5.7818 -0.0400
-1.7975 -5.8520 -0.0400
-0.0086 -4.0452 -0.0400
0.0327 -4.0389 -0.0400
0.0666 -4.0431 -0.0400
0.0957 -4.0548 -0.0400
0.1189 -4.0772 -0.0400
0.1379 -4.1080 -0.0400
1.6440 -3.2053 -0.0400
4.5111 -4.7729 -0.0400
4.5284 -4.6972 -0.0400
4.5874 -4.6470 -0.0400
3.6416 -2.7663 -0.0400
3.5900 -2.7151 -0.0400
3.5655 -2.6674 -0.0400
3.5617 -2.6216 -0.0400
3.6014 -2.5770 -0.0400
5.3150 -2.5436 -0.0400
5.3328 -2.4673 -0.0400
5.9173 -1.4030 -0.0400
5.9280 -1.3090 -0.0400
4.2188 2.4510 -0.0400
2.7792 2.6950 -0.0400
1.4940 -0.0582 -0.0400
1.4434 -0.0874 -0.0400
1.3982 -0.0947 -0.0400
1.3556 -0.0886 -0.0400
1.3190 -0.0416 -0.0400
1.1020 -1.4116 -0.0400
1.0800 -1.4340 -0.0400
1.0597 -1.4479 -0.0400
1.0403 -1.4569 -0.0400
1.0211 -1.4692 -0.0400
1.0028 -1.4714 -0.0400
0.9845 -1.4720 -0.0400
0.9664 -1.4714 -0.0400
0.9481 -1.4653 -0.0400
0.9296 -1.4598 -0.0400
0.9108 -1.4523 -0.0400
0.8915 -1.4425 -0.0400
0.8697 -1.4066 -0.0400
-0.3303 0.2763 -0.0400
-0.3750 0.2453 -0.0400
-0.4305 0.2362 -0.0400
-0.5289 0.3067 -0.0400
-0.5977 0.3160 -0.0400
-3.9521 0.6832 -0.0400
-3.8964 0.5273 -0.0400
-3.9805 0.4609 -0.0400
-3.9054 -0.5453 -0.0400
-3.8998 -0.6458 -0.0400
-3.9468 -0.7257 -0.0400
-4.3207 -2.7956 -0.0400
-4.2093 -2.8805 -0.0400
-4.1348 -2.9649 -0.0400
-4.1232 -3.0538 -0.0400
-1.9084 -5.7235 -0.0400
-1.8484 -5.7694 -0.0400
-1.8045 -5.8344 -0.0400
-1.7919 -5.9396 -0.0400
-0.0139 -4.0291 -0.0400
0.0241 -4.0277 -0.0400
0.0564 -4.0344 -0.0400
0.0851 -4.0468 -0.0400
0.1107 -4.0644 -0.0400
0.1334 -4.0880 -0.0400
0.1306 -4.1628 -0.0400
4.5198 -4.7892 -0.0400
4.5331 -4.7103 -0.0400
3.6508 -2.7689 -0.0400
3.5985 -2.7172 -0.0400
3.5608 -2.6683 -0.0400
3.5716 -2.6230 -0.0400
3.6030 -2.5780 -0.0400
5.3172 -2.5469 -0.0400
5.3391 -2.4704 -0.0400
5.9791 -1.4835 -0.0400
5.9227 -1.4040 -0.0400
5.9402 -1.3082 -0.0400
4.2170 2.4508 -0.0400
2.7737 2.6867 -0.0400
1.4793 -0.0932 -0.0400
1.4336 -0.1010 -0.0400
1.3911 -0.0948 -0.0400
1.3506 -0.0768 -0.0400
1.1162 -1.3870 -0.0400
1.0917 -1.4223 -0.0400
1.0703 -1.4415 -0.0400
1.0495 -1.4625 -0.0400
1.0307 -1.4679 -0.0400
1.0122 -1.4712 -0.0400
0.9940 -1.4723 -0.0400
0.9759 -1.4720 -0.0400
0.9578 -1.4667 -0.0400
0.9395 -1.4613 -0.0400
0.9209 -1.4538 -0.0400
0.9020 -1.4437 -0.0400
0.8809 -1.4076 -0.0400
0.8570 -1.3527 -0.0400
-0.3061 0.3465 -0.0400
-0.3332 0.2750 -0.0400
-0.3779 0.2442 -0.0400
-0.4349 0.2383 -0.0400
-0.5379 0.3182 -0.0400
-0.6198 0.3511 -0.0400
-3.8566 0.6281 -0.0400
-3.8915 0.5314 -0.0400
-3.9649 0.4588 -0.0400
-3.8702 -0.5518 -0.0400
-3.8990 -0.6383 -0.0400
-3.9883 -0.7026 -0.0400
-4.2529 -2.7802 -0.0400
-4.2096 -2.8686 -0.0400
-4.1305 -2.9526 -0.0400
-4.1358 -3.0429 -0.0400
-1.9195 -5.7115 -0.0400
-1.8604 -5.7583 -0.0400
-1.8157 -5.8221 -0.0400
-0.0374 -4.0412 -0.0400
0.0068 -4.0306 -0.0400
0.0420 -4.0330 -0.0400
0.0737 -4.0401 -0.0400
0.0983 -4.0596 -0.0400
0.1199 -4.0852 -0.0400
0.1367 -4.1210 -0.0400
4.4833 -4.7771 -0.0400
4.5242 -4.7158 -0.0400
3.6704 -2.8214 -0.0400
3.6154 -2.7677 -0.0400
3.5718 -2.7170 -0.0400
3.5624 -2.6702 -0.0400
3.5700 -2.6245 -0.0400
3.5978 -2.5793 -0.0400
5.3364 -2.5510 -0.0400
5.9515 -1.4920 -0.0400
5.9255 -1.4061 -0.0400
2.7681 2.6779 -0.0400
1.5275 -0.0474 -0.0400
1.4730 -0.0893 -0.0400
1.4270 -0.0983 -0.0400
1.3842 -0.0940 -0.0400
1.1243 -1.4047 -0.0400
1.1005 -1.4322 -0.0400
1.0793 -1.4485 -0.0400
1.0594 -1.4582 -0.0400
1.0403 -1.4651 -0.0400
1.0216 -1.4699 -0.0400
1.0032 -1.4722 -0.0400
0.9851 -1.4722 -0.0400
0.9671 -1.4691 -0.0400
0.9490 -1.4642 -0.0400
0.9307 -1.4572 -0.0400
0.9121 -1.4477 -0.0400
0.8920 -1.4147 -0.0400
0.8706 -1.3795 -0.0400
-0.2919 0.3051 -0.0400
-0.3326 0.2652 -0.0400
-0.3826 0.2460 -0.0400
-0.4470 0.2551 -0.0400
-0.5415 0.3187 -0.0400
-3.8529 0.6322 -0.0400
-3.8874 0.5354 -0.0400
-3.8809 -0.5403 -0.0400
-3.8913 -0.6341 -0.0400
-3.9509 -0.7088 -0.0400
-4.3329 -2.6805 -0.0400
-4.2645 -2.7695 -0.0400
-4.2111 -2.8573 -0.0400
-4.1317 -2.9413 -0.0400
-2.0368 -5.7035 -0.0400
-1.9426 -5.7132 -0.0400
-1.8733 -5.7486 -0.0400
-1.8309 -5.8150 -0.0400
-0.0665 -4.0624 -0.0400
0.0005 -4.0163 -0.0400
0.0332 -4.0223 -0.0400
0.0624 -4.0337 -0.0400
0.0889 -4.0496 -0.0400
0.1127 -4.0707 -0.0400
0.1199 -4.1249 -0.0400
-1.0231 -7.9339 -0.0400
2.7666 -6.9998 -0.0400
4.4381 -4.9333 -0.0400
4.4421 -4.8462 -0.0400
4.4836 -4.7852 -0.0400
4.5756 -4.7553 -0.0400
3.6365 -2.8194 -0.0400
3.5611 -2.7641 -0.0400
3.5659 -2.7182 -0.0400
3.5891 -2.6734 -0.0400
5.3225 -2.7074 -0.0400
5.3316 -2.6308 -0.0400
5.9704 -1.5818 -0.0400
5.9570 -1.4931 -0.0400
5.9925 -1.3935 -0.0400
4.3929 2.3426 -0.0400
2.9482 2.6146 -0.0400
1.6182 -0.0339 -0.0400
1.5536 -0.1047 -0.0400
1.5068 -0.1142 -0.0400
1.4635 -0.1106 -0.0400
1.4232 -0.0937 -0.0400
1.1357 -1.4172 -0.0400
1.1121 -1.4412 -0.0400
1.0911 -1.4547 -0.0400
1.0702 -1.4717 -0.0400
1.0515 -1.4751 -0.0400
1.0332 -1.4758 -0.0400
1.0151 -1.4750 -0.0400
0.9972 -1.4728 -0.0400
0.9793 -1.4683 -0.0400
0.9613 -1.4621 -0.0400
0.9432 -1.4417 -0.0400
0.9245 -1.4250 -0.0400
0.9049 -1.3990 -0.0400
-0.2187 0.4044 -0.0400
-0.2396 0.3122 -0.0400
-0.2856 0.2842 -0.0400
-0.3419 0.2792 -0.0400
-0.4380 0.3555 -0.0400
-0.5160 0.3870 -0.0400
-2.8134 2.1761 -0.0400
-3.7971 0.8420 -0.0400
-3.7860 0.7117 -0.0400
-3.8472 0.6323 -0.0400
-3.8221 -0.3627 -0.0400
-3.8188 -0.4635 -0.0400
-3.8637 -0.5430 -0.0400
-4.3083 -2.6726 -0.0400
-4.2165 -2.7600 -0.0400
-4.1468 -2.8457 -0.0400
-1.9952 -5.6434 -0.0400
-1.9338 -5.6877 -0.0400
-1.9049 -5.7687 -0.0400
-0.0776 -4.0055 -0.0400
-0.0363 -4.0001 -0.0400
-0.0021 -4.0043 -0.0400
0.0283 -4.0139 -0.0400
0.0540 -4.0310 -0.0400
0.0760 -4.0551 -0.0400
0.0941 -4.0872 -0.0400
0.1031 -4.1386 -0.0400
-1.0336 -7.9250 -0.0400
-0.2240 -5.8792 -0.0400
-0.1552 -5.8695 -0.0400
2.8267 -7.2067 -0.0400
2.8327 -6.9938 -0.0400
2.8773 -6.8840 -0.0400
2.9556 -6.8532 -0.0400
3.0792 -6.9146 -0.0400
4.4548 -4.8719 -0.0400
4.4703 -4.7933 -0.0400
4.5142 -4.7335 -0.0400
3.6509 -2.8258 -0.0400
3.5966 -2.7720 -0.0400
3.5676 -2.7223 -0.0400
3.5647 -2.6755 -0.0400
3.5796 -2.6299 -0.0400
5.3233 -2.6373 -0.0400
5.3813 -2.5610 -0.0400
6.0177 -1.5786 -0.0400
5.9535 -1.4990 -0.0400
5.9481 -1.4083 -0.0400
4.2986 2.3912 -0.0400
2.8583 2.6575 -0.0400
1.5033 -0.0890 -0.0400
1.4561 -0.1011 -0.0400
1.4136 -0.0941 -0.0400
1.1223 -1.4236 -0.0400
1.0993 -1.4446 -0.0400
1.0785 -1.4566 -0.0400
1.0588 -1.4645 -0.0400
1.0398 -1.4698 -0.0400
1.0213 -1.4728 -0.0400
1.0031 -1.4734 -0.0400
0.9852 -1.4708 -0.0400
0.9673 -1.4658 -0.0400
0.9494 -1.4586 -0.0400
0.9312 -1.4488 -0.0400
0.9127 -1.4351 -0.0400
0.8935 -1.4157 -0.0400
0.8730 -1.3804 -0.0400
-0.2658 0.3601 -0.0400
-0.2932 0.2872 -0.0400
-0.3408 0.2632 -0.0400
-0.4043 0.2727 -0.0400
-0.5018 0.3476 -0.0400
-0.5704 0.3586 -0.0400
-2.8896 2.1079 -0.0400
-3.8131 0.7370 -0.0400
-3.8312 0.6287 -0.0400
-3.9110 0.5614 -0.0400
-3.8750 -0.4315 -0.0400
-3.8562 -0.5381 -0.0400
-3.8906 -0.6217 -0.0400
-4.3109 -2.6592 -0.0400
-4.2254 -2.7469 -0.0400
-4.1612 -2.8330 -0.0400
-4.1343 -2.9203 -0.0400
-1.2815 -3.1231 -0.0400
-1.2596 -3.1584 -0.0400
-1.2459 -3.1959 -0.0400
-1.9577 -5.6832 -0.0400
-1.8972 -5.7281 -0.0400
-1.8543 -5.7935 -0.0400
-0.0705 -4.0220 -0.0400
-0.0275 -4.0133 -0.0400
0.0077 -4.0155 -0.0400
0.0407 -4.0202 -0.0400
0.0667 -4.0366 -0.0400
0.0904 -4.0576 -0.0400
0.1113 -4.0846 -0.0400
-1.0571 -7.9148 -0.0400
-0.1191 -5.8903 -0.0400
-0.0594 -5.9073 -0.0400
2.7304 -6.9982 -0.0400
2.7932 -6.9288 -0.0400
2.8795 -6.9157 -0.0400
2.9870 -6.9463 -0.0400
3.6252 -2.8737 -0.0400
3.5721 -2.8191 -0.0400
3.5615 -2.7709 -0.0400
3.5707 -2.7250 -0.0400
3.6022 -2.6803 -0.0400
5.3226 -2.7184 -0.0400
5.3511 -2.6420 -0.0400
6.0463 -1.6691 -0.0400
5.9774 -1.5890 -0.0400
5.9757 -1.4976 -0.0400
4.4697 2.2731 -0.0400
4.4024 2.3580 -0.0400
1.5835 -0.1077 -0.0400
1.5356 -0.1190 -0.0400
1.4916 -0.1177 -0.0400
1.1606 -1.4004 -0.0400
1.1335 -1.4342 -0.0400
1.1108 -1.4518 -0.0400
1.0886 -1.4715 -0.0400
1.0695 -1.4757 -0.0400
1.0510 -1.4773 -0.0400
1.0329 -1.4769 -0.0400
1.0149 -1.4749 -0.0400
0.9972 -1.4708 -0.0400
0.9794 -1.4650 -0.0400
0.9616 -1.4567 -0.0400
0.9441 -1.4303 -0.0400
0.9256 -1.4068 -0.0400
-0.1702 0.4045 -0.0400
-0.2028 0.3393 -0.0400
-0.2465 0.3052 -0.0400
-0.3001 0.2952 -0.0400
-0.3635 0.3057 -0.0400
-0.4599 0.3826 -0.0400
-2.8067 2.1735 -0.0400
-3.7229 0.7990 -0.0400
-3.7654 0.7073 -0.0400
-3.8321 0.6324 -0.0400
-3.8371 -0.3449 -0.0400
-3.8140 -0.4544 -0.0400
-3.8932 -0.5193 -0.0400
-4.3228 -2.5615 -0.0400
-4.2491 -2.6511 -0.0400
-4.2184 -2.7401 -0.0400
-1.3285 -3.0472 -0.0400
-1.2889 -3.0785 -0.0400
-1.2678 -3.1140 -0.0400
-1.2563 -3.1520 -0.0400
-1.1375 -3.1557 -0.0400
-1.1074 -3.1853 -0.0400
-1.0884 -3.2182 -0.0400
-0.0605 -3.9917 -0.0400
-0.0256 -3.9947 -0.0400
0.0079 -3.9990 -0.0400
0.0342 -4.0149 -0.0400
0.0582 -4.0347 -0.0400
0.0703 -4.0773 -0.0400
0.0779 -4.1311 -0.0400
-1.1754 -7.9058 -0.0400
-1.0767 -7.9312 -0.0400
-0.2546 -5.8703 -0.0400
-0.1853 -5.8590 -0.0400
2.8483 -7.1172 -0.0400
2.8500 -6.9042 -0.0400
2.9308 -6.8781 -0.0400
3.6446 -2.8341 -0.0400
3.5901 -2.7797 -0.0400
3.5662 -2.7302 -0.0400
3.5840 -2.6844 -0.0400
5.3268 -2.7272 -0.0400
5.3294 -2.6496 -0.0400
6.1740 -1.5610 -0.0400
5.9721 -1.5050 -0.0400
4.3817 2.3294 -0.0400
2.9428 2.6198 -0.0400
1.5323 -0.0956 -0.0400
1.4848 -0.1069 -0.0400
1.1453 -1.4142 -0.0400
1.1200 -1.4403 -0.0400
1.0980 -1.4547 -0.0400
1.0777 -1.4635 -0.0400
1.0581 -1.4696 -0.0400
1.0392 -1.4733 -0.0400
1.0209 -1.4743 -0.0400
1.0028 -1.4733 -0.0400
0.9851 -1.4686 -0.0400
0.9674 -1.4622 -0.0400
0.9496 -1.4532 -0.0400
0.9317 -1.4410 -0.0400
0.9133 -1.4240 -0.0400
0.8944 -1.3974 -0.0400
-0.2543 0.3067 -0.0400
-0.3011 0.2810 -0.0400
-0.3684 0.3011 -0.0400
-0.4538 0.3557 -0.0400
-0.5176 0.3598 -0.0400
-2.8265 2.2009 -0.0400
-2.8873 2.1095 -0.0400
-3.7809 0.7230 -0.0400
-3.8264 0.6339 -0.0400
-3.9160 0.5733 -0.0400
-3.8152 -0.4478 -0.0400
-3.8493 -0.5310 -0.0400
-3.9260 -0.5975 -0.0400
-4.3102 -2.6409 -0.0400
-4.2210 -2.7283 -0.0400
-4.1437 -2.8133 -0.0400
-4.1532 -2.9028 -0.0400
-1.3307 -3.0800 -0.0400
-1.2857 -3.1093 -0.0400
-1.2625 -3.1438 -0.0400
-1.1740 -3.1572 -0.0400
-1.1308 -3.1828 -0.0400
-1.0999 -3.2116 -0.0400
-1.0811 -3.2443 -0.0400
-1.0694 -3.2795 -0.0400
-1.0642 -3.3175 -0.0400
-1.0660 -3.3589 -0.0400
-0.0601 -4.0191 -0.0400
-0.0132 -4.0026 -0.0400
0.0176 -4.0108 -0.0400
0.0461 -4.0226 -0.0400
0.0707 -4.0415 -0.0400
0.0853 -4.0801 -0.0400
0.0987 -4.1233 -0.0400
-1.0916 -7.8983 -0.0400
-0.2258 -5.9152 -0.0400
-0.1483 -5.8780 -0.0400
-0.0898 -5.8984 -0.0400
2.7564 -7.1548 -0.0400
2.7640 -6.9466 -0.0400
2.8476 -6.9268 -0.0400
2.9533 -6.9537 -0.0400
2.3524 -4.6750 -0.0400
3.6654 -2.9391 -0.0400
3.6110 -2.8819 -0.0400
3.5691 -2.8283 -0.0400
3.5625 -2.7802 -0.0400
3.5747 -2.7341 -0.0400
3.6121 -2.6895 -0.0400
5.3247 -2.7317 -0.0400
6.0045 -1.6870 -0.0400
5.9890 -1.5977 -0.0400
4.4669 2.2692 -0.0400
3.0280 2.5764 -0.0400
1.6281 -0.0641 -0.0400
1.5636 -0.1285 -0.0400
1.5199 -0.1251 -0.0400
1.1551 -1.4315 -0.0400
1.1309 -1.4512 -0.0400
1.1095 -1.4619 -0.0400
1.0878 -1.4767 -0.0400
1.0689 -1.4788 -0.0400
1.0506 -1.4786 -0.0400
1.0326 -1.4769 -0.0400
1.0149 -1.4735 -0.0400
0.9972 -1.4682 -0.0400
0.9797 -1.4607 -0.0400
0.9629 -1.4383 -0.0400
0.9452 -1.4191 -0.0400
0.9272 -1.3876 -0.0400
-0.1613 0.3510 -0.0400
-0.2062 0.3196 -0.0400
-0.2569 0.3037 -0.0400
-0.3149 0.3044 -0.0400
-0.4151 0.3964 -0.0400
-2.7214 2.2369 -0.0400
-3.7121 0.7982 -0.0400
-3.7689 0.7169 -0.0400
-3.8605 0.6588 -0.0400
-3.7700 -0.3669 -0.0400
-3.8125 -0.4463 -0.0400
-3.9011 -0.5067 -0.0400
-4.3122 -2.5443 -0.0400
-4.2326 -2.6333 -0.0400
-4.1396 -2.7191 -0.0400
-1.3567 -3.0405 -0.0400
-1.2984 -3.0672 -0.0400
-1.2689 -3.1001 -0.0400
-1.1887 -3.1173 -0.0400
-1.1431 -3.1427 -0.0400
-1.1112 -3.1714 -0.0400
-1.0882 -3.2025 -0.0400
-1.0811 -3.2391 -0.0400
-1.0779 -3.2776 -0.0400
-1.0785 -3.3180 -0.0400
-1.0348 -3.3397 -0.0400
-1.0177 -3.3723 -0.0400
-1.0061 -3.4076 -0.0400
-0.0852 -3.9857 -0.0400
-0.0493 -3.9872 -0.0400
-0.0136 -3.9880 -0.0400
0.0140 -4.0012 -0.0400
0.0376 -4.0214 -0.0400
0.0597 -4.0447 -0.0400
0.0655 -4.1006 -0.0400
-1.1955 -7.8532 -0.0400
-0.2151 -5.8495 -0.0400
2.6805 -7.0118 -0.0400
2.7492 -6.9557 -0.0400
2.8334 -6.9372 -0.0400
2.9438 -6.9741 -0.0400
2.3478 -4.6914 -0.0400
2.3653 -4.6357 -0.0400
2.4013 -4.6079 -0.0400
2.4352 -4.5772 -0.0400
3.6335 -2.8910 -0.0400
3.5796 -2.8353 -0.0400
3.5650 -2.7859 -0.0400
3.5902 -2.7407 -0.0400
5.3226 -2.8171 -0.0400
5.3369 -2.7399 -0.0400
6.0024 -1.6937 -0.0400
6.0270 -1.5973 -0.0400
4.5557 2.2124 -0.0400
3.0294 2.5835 -0.0400
1.6026 -0.1264 -0.0400
1.5564 -0.1300 -0.0400
1.1694 -1.4188 -0.0400
1.1431 -1.4438 -0.0400
1.1177 -1.4695 -0.0400
1.0977 -1.4748 -0.0400
1.0785 -1.4780 -0.0400
1.0599 -1.4786 -0.0400
1.0417 -1.4777 -0.0400
1.0240 -1.4735 -0.0400
1.0065 -1.4673 -0.0400
0.9891 -1.4589 -0.0400
0.9716 -1.4478 -0.0400
0.9542 -1.4328 -0.0400
0.9365 -1.4119 -0.0400
0.9186 -1.3734 -0.0400
-0.1271 0.3973 -0.0400
-0.1649 0.3447 -0.0400
-0.2111 0.3170 -0.0400
-0.2643 0.3076 -0.0400
-0.3623 0.4014 -0.0400
-0.4305 0.4181 -0.0400
-2.7208 2.2366 -0.0400
-2.8248 2.2003 -0.0400
-3.6921 0.9093 -0.0400
-3.7010 0.7928 -0.0400
-3.7800 0.7274 -0.0400
-3.8932 0.6836 -0.0400
-3.7890 -0.2550 -0.0400
-3.7762 -0.3607 -0.0400
-3.8230 -0.4381 -0.0400
-4.3093 -2.5366 -0.0400
-4.2162 -2.6252 -0.0400
-4.1380 -2.7112 -0.0400
-4.1855 -2.8021 -0.0400
-1.3185 -3.0254 -0.0400
-1.2867 -3.0581 -0.0400
-1.2697 -3.0941 -0.0400
-1.2076 -3.1165 -0.0400
-1.1508 -3.1386 -0.0400
-1.1064 -3.1631 -0.0400
-1.0901 -3.1963 -0.0400
-1.0821 -3.2324 -0.0400
-1.0785 -3.2704 -0.0400
-1.0599 -3.3026 -0.0400
-1.0370 -3.3328 -0.0400
-1.0203 -3.3654 -0.0400
-1.0099 -3.4010 -0.0400
-1.0329 -3.4534 -0.0400
-3.0766 -4.5591 -0.0400
-0.0245 -3.9835 -0.0400
0.0042 -3.9947 -0.0400
0.0294 -4.0119 -0.0400
0.0480 -4.0414 -0.0400
0.0669 -4.0714 -0.0400
-1.3310 -7.8694 -0.0400
-1.2124 -7.8456 -0.0400
-0.2963 -5.8480 -0.0400
-0.2291 -5.8430 -0.0400
-0.1891 -5.9214 -0.0400
2.6534 -7.2309 -0.0400
2.6704 -7.0339 -0.0400
2.7338 -6.9642 -0.0400
2.8171 -6.9434 -0.0400
2.3303 -4.6892 -0.0400
2.3572 -4.6471 -0.0400
2.3929 -4.6185 -0.0400
2.4252 -4.5854 -0.0400
1.5177 -3.3360 -0.0400
1.5184 -3.3073 -0.0400
1.5208 -3.2819 -0.0400
3.6376 -2.9477 -0.0400
3.5883 -2.8910 -0.0400
3.5637 -2.8395 -0.0400
3.5632 -2.7917 -0.0400
3.5797 -2.7456 -0.0400
3.6311 -2.7017 -0.0400
5.3842 -2.7506 -0.0400
6.2214 -1.7623 -0.0400
6.0070 -1.7000 -0.0400
6.0070 -1.6077 -0.0400
4.5476 2.2003 -0.0400
1.6428 -0.1230 -0.0400
1.5940 -0.1329 -0.0400
1.1836 -1.4100 -0.0400
1.1551 -1.4398 -0.0400
1.1283 -1.4680 -0.0400
1.1079 -1.4735 -0.0400
1.0883 -1.4771 -0.0400
1.0694 -1.4785 -0.0400
1.0508 -1.4794 -0.0400
1.0330 -1.4759 -0.0400
1.0154 -1.4705 -0.0400
0.9979 -1.4635 -0.0400
0.9805 -1.4542 -0.0400
0.9644 -1.4272 -0.0400
0.9472 -1.4031 -0.0400
0.9312 -1.3384 -0.0400
-0.1302 0.3887 -0.0400
-0.1696 0.3406 -0.0400
-0.2166 0.3154 -0.0400
-0.2947 0.3672 -0.0400
-0.3706 0.4069 -0.0400
-0.4547 0.4595 -0.0400
-2.7237 2.2404 -0.0400
-3.6719 0.8962 -0.0400
-3.6981 0.7927 -0.0400
-3.7784 0.7285 -0.0400
-3.7405 -0.2757 -0.0400
-3.7634 -0.3638 -0.0400
-3.8585 -0.4195 -0.0400
-4.2228 -2.5290 -0.0400
-4.1588 -2.6167 -0.0400
-4.1416 -2.7041 -0.0400
-1.3359 -3.0243 -0.0400
-1.2922 -3.0541 -0.0400
-1.2726 -3.0892 -0.0400
-1.1729 -3.1005 -0.0400
-1.1345 -3.1276 -0.0400
-1.1091 -3.1579 -0.0400
-1.0919 -3.1906 -0.0400
-1.0820 -3.2258 -0.0400
-1.0953 -3.2701 -0.0400
-1.0639 -3.2972 -0.0400
-1.0397 -3.3266 -0.0400
-1.0224 -3.3588 -0.0400
-1.0256 -3.4006 -0.0400
-1.0371 -3.4474 -0.0400
-3.1014 -4.5596 -0.0400
0.0408 -4.0302 -0.0400
0.0517 -4.0751 -0.0400
0.0543 -4.1396 -0.0400
-1.2322 -7.8459 -0.0400
-0.3102 -5.8419 -0.0400
-0.2434 -5.8376 -0.0400
-0.1940 -5.8859 -0.0400
2.6630 -7.0634 -0.0400
2.7209 -6.9789 -0.0400
2.8195 -6.9927 -0.0400
2.3425 -4.7320 -0.0400
2.3458 -4.6542 -0.0400
2.3811 -4.6249 -0.0400
2.4156 -4.5947 -0.0400
2.4603 -4.5780 -0.0400
1.5096 -3.3135 -0.0400
1.5166 -3.2934 -0.0400
1.5235 -3.2738 -0.0400
1.5359 -3.2609 -0.0400
1.5508 -3.2509 -0.0400
3.6502 -2.9570 -0.0400
3.6023 -2.9001 -0.0400
3.5686 -2.8469 -0.0400
3.5694 -2.7990 -0.0400
3.6032 -2.7542 -0.0400
5.3199 -2.8340 -0.0400
5.3524 -2.7575 -0.0400
6.0425 -1.7948 -0.0400
6.0115 -1.7069 -0.0400
4.5489 2.1997 -0.0400
3.1123 2.5371 -0.0400
1.6410 -0.1093 -0.0400
1.1952 -1.4122 -0.0400
1.1661 -1.4413 -0.0400
1.1387 -1.4690 -0.0400
1.1181 -1.4742 -0.0400
1.0983 -1.4776 -0.0400
1.0791 -1.4792 -0.0400
1.0602 -1.4806 -0.0400
1.0423 -1.4776 -0.0400
1.0246 -1.4728 -0.0400
1.0071 -1.4668 -0.0400
0.9907 -1.4505 -0.0400
0.9735 -1.4365 -0.0400
0.9563 -1.4178 -0.0400
0.9393 -1.3889 -0.0400
-0.1363 0.3883 -0.0400
-0.1728 0.3324 -0.0400
-0.2282 0.3295 -0.0400
-0.3169 0.4070 -0.0400
-0.3780 0.4103 -0.0400
-2.6417 2.3040 -0.0400
-2.7228 2.2387 -0.0400
-3.6468 0.8787 -0.0400
-3.6985 0.7945 -0.0400
-3.7987 0.7443 -0.0400
-3.7347 -0.2764 -0.0400
-3.7612 -0.3626 -0.0400
-3.8507 -0.4205 -0.0400
-4.3142 -2.4324 -0.0400
-4.2436 -2.5227 -0.0400
-4.2165 -2.6114 -0.0400
-4.1336 -2.6971 -0.0400
-1.3120 -3.0139 -0.0400
-1.2844 -3.0472 -0.0400
-1.2706 -3.0836 -0.0400
-1.1901 -3.1004 -0.0400
-1.1437 -3.1251 -0.0400
-1.1064 -3.1515 -0.0400
-1.0933 -3.1853 -0.0400
-1.0881 -3.2220 -0.0400
-1.0914 -3.2624 -0.0400
-1.0706 -3.2935 -0.0400
-1.0432 -3.3215 -0.0400
-1.0275 -3.3542 -0.0400
-1.0250 -3.3931 -0.0400
-1.0356 -3.4391 -0.0400
-3.1069 -4.5507 -0.0400
-1.2447 -7.8284 -0.0400
-0.2574 -5.8324 -0.0400
-0.2178 -5.9113 -0.0400
2.6153 -7.2324 -0.0400
2.6339 -7.0382 -0.0400
2.7029 -6.9819 -0.0400
2.7931 -6.9767 -0.0400
2.3366 -4.7483 -0.0400
2.3350 -4.6627 -0.0400
2.3707 -4.6338 -0.0400
2.4058 -4.6042 -0.0400
2.4543 -4.5922 -0.0400
1.5206 -3.3449 -0.0400
1.5092 -3.3015 -0.0400
1.5185 -3.2844 -0.0400
1.5283 -3.2684 -0.0400
1.5421 -3.2570 -0.0400
1.5608 -3.2507 -0.0400
1.5799 -3.2443 -0.0400
3.6551 -2.9658 -0.0400
3.6109 -2.9090 -0.0400
3.5575 -2.8528 -0.0400
3.5668 -2.8058 -0.0400
3.5937 -2.7603 -0.0400
5.3199 -2.8434 -0.0400
6.0860 -1.7973 -0.0400
6.0104 -1.7153 -0.0400
4.5578 2.2079 -0.0400
3.1142 2.5428 -0.0400
1.6774 -0.1216 -0.0400
1.6264 -0.1358 -0.0400
1.1756 -1.4493 -0.0400
1.1520 -1.4613 -0.0400
1.1306 -1.4679 -0.0400
1.1082 -1.4799 -0.0400
1.0890 -1.4809 -0.0400
1.0700 -1.4822 -0.0400
1.0519 -1.4792 -0.0400
1.0342 -1.4746 -0.0400
1.0166 -1.4689 -0.0400
1.0002 -1.4544 -0.0400
0.9830 -1.4421 -0.0400
0.9659 -1.4262 -0.0400
0.9489 -1.4039 -0.0400
-0.0938 0.4114 -0.0400
-0.1314 0.3558 -0.0400
-0.1784 0.3301 -0.0400
-0.2335 0.3267 -0.0400
-0.3223 0.4049 -0.0400
-2.6374 2.2970 -0.0400
-2.7408 2.2616 -0.0400
-3.6478 0.8803 -0.0400
-3.6984 0.7953 -0.0400
-3.8040 0.7492 -0.0400
-3.7630 -0.1604 -0.0400
-3.7241 -0.2800 -0.0400
-3.7615 -0.3608 -0.0400
-3.8779 -0.4065 -0.0400
-4.2825 -2.4271 -0.0400
-4.2129 -2.5167 -0.0400
-4.1398 -2.6039 -0.0400
-4.1569 -2.6919 -0.0400
-1.3281 -3.0136 -0.0400
-1.2809 -3.0421 -0.0400
-1.2369 -3.0700 -0.0400
-1.1667 -3.0890 -0.0400
-1.1313 -3.1166 -0.0400
-1.1091 -3.1475 -0.0400
-1.0930 -3.1801 -0.0400
-1.0862 -3.2160 -0.0400
-1.0940 -3.2578 -0.0400
-1.0618 -3.2840 -0.0400
-1.0400 -3.3140 -0.0400
-1.0272 -3.3478 -0.0400
-1.0217 -3.3850 -0.0400
-1.0300 -3.4295 -0.0400
-1.2737 -7.8533 -0.0400
-0.3407 -5.8394 -0.0400
-0.2722 -5.8304 -0.0400
2.6296 -7.0765 -0.0400
2.6908 -6.9994 -0.0400
2.7982 -7.0334 -0.0400
2.2992 -4.7170 -0.0400
2.3247 -4.6723 -0.0400
2.3597 -4.6422 -0.0400
2.3956 -4.6135 -0.0400
2.4446 -4.6020 -0.0400
1.5130 -3.3237 -0.0400
1.5114 -3.2932 -0.0400
1.5219 -3.2777 -0.0400
1.5344 -3.2646 -0.0400
1.5496 -3.2545 -0.0400
1.5734 -3.2530 -0.0400
1.5981 -3.2516 -0.0400
3.6476 -2.9730 -0.0400
3.5647 -2.9103 -0.0400
3.5573 -2.8607 -0.0400
3.5656 -2.8134 -0.0400
3.5894 -2.7674 -0.0400
5.3262 -2.8539 -0.0400
6.0310 -1.8136 -0.0400
6.0186 -1.7228 -0.0400
3.2084 2.5159 -0.0400
3.1117 2.5378 -0.0400
1.6682 -0.1320 -0.0400
1.1900 -1.4433 -0.0400
1.1651 -1.4573 -0.0400
1.1401 -1.4748 -0.0400
1.1198 -1.4778 -0.0400
1.0990 -1.4840 -0.0400
1.0804 -1.4825 -0.0400
1.0621 -1.4802 -0.0400
1.0442 -1.4760 -0.0400
1.0266 -1.4702 -0.0400
1.0102 -1.4565 -0.0400
0.9930 -1.4450 -0.0400
0.9760 -1.4305 -0.0400
0.9590 -1.4114 -0.0400
-0.1037 0.4225 -0.0400
-0.1344 0.3457 -0.0400
-0.1886 0.3406 -0.0400
-0.2605 0.3804 -0.0400
-0.3365 0.4245 -0.0400
-2.5605 2.3663 -0.0400
-2.6406 2.2997 -0.0400
-3.6087 0.9750 -0.0400
-3.6369 0.8725 -0.0400
-3.7033 0.7994 -0.0400
-3.8634 0.7915 -0.0400
-3.7395 -0.1713 -0.0400
-3.7220 -0.2799 -0.0400
-3.7744 -0.3535 -0.0400
-4.2981 -2.4216 -0.0400
-4.2135 -2.5115 -0.0400
-4.1477 -2.5987 -0.0400
-1.3644 -2.9781 -0.0400
-1.3074 -3.0053 -0.0400
-1.2829 -3.0389 -0.0400
-1.2713 -3.0755 -0.0400
-1.1838 -3.0901 -0.0400
-1.1227 -3.1098 -0.0400
-1.1063 -3.1423 -0.0400
-1.0958 -3.1766 -0.0400
-1.0913 -3.2131 -0.0400
-1.0982 -3.2544 -0.0400
-1.0674 -3.2811 -0.0400
-1.0434 -3.3101 -0.0400
-1.0344 -3.3453 -0.0400
-1.0370 -3.3862 -0.0400
-1.0713 -3.4435 -0.0400
-0.3568 -5.8418 -0.0400
-0.2844 -5.8216 -0.0400
-0.2364 -5.8726 -0.0400
2.6705 -6.9973 -0.0400
2.7620 -6.9951 -0.0400
2.2964 -4.7386 -0.0400
2.3168 -4.6857 -0.0400
2.3487 -4.6509 -0.0400
2.3837 -4.6209 -0.0400
2.4307 -4.6068 -0.0400
1.5149 -3.3440 -0.0400
1.5054 -3.3035 -0.0400
1.5148 -3.2867 -0.0400
1.5263 -3.2723 -0.0400
1.5412 -3.2617 -0.0400
1.5582 -3.2532 -0.0400
1.5898 -3.2587 -0.0400
3.5604 -2.9183 -0.0400
3.5565 -2.8691 -0.0400
3.5658 -2.8217 -0.0400
5.3120 -2.9424 -0.0400
5.3250 -2.8643 -0.0400
5.4402 -2.7924 -0.0400
6.0653 -1.8186 -0.0400
6.0544 -1.7268 -0.0400
3.2003 2.4981 -0.0400
1.2124 -1.4171 -0.0400
1.1768 -1.4601 -0.0400
1.1547 -1.4664 -0.0400
1.1312 -1.4786 -0.0400
1.1100 -1.4849 -0.0400
1.0912 -1.4836 -0.0400
1.0724 -1.4826 -0.0400
1.0544 -1.4785 -0.0400
1.0371 -1.4708 -0.0400
1.0197 -1.4631 -0.0400
1.0024 -1.4538 -0.0400
0.9868 -1.4314 -0.0400
0.9699 -1.4132 -0.0400
-0.0948 0.3747 -0.0400
-0.1405 0.3445 -0.0400
-0.1931 0.3349 -0.0400
-0.2599 0.3619 -0.0400
-0.3711 0.4953 -0.0400
-2.5583 2.3612 -0.0400
-2.6452 2.3042 -0.0400
-3.5891 0.9594 -0.0400
-3.6373 0.8726 -0.0400
-3.7276 0.8171 -0.0400
-3.7019 -0.1900 -0.0400
-3.7182 -0.2813 -0.0400
-3.7850 -0.3478 -0.0400
-4.2951 -2.4171 -0.0400
-4.1534 -2.5068 -0.0400
-4.1345 -2.5937 -0.0400
-1.3275 -2.9675 -0.0400
-1.2960 -2.9998 -0.0400
-1.2800 -3.0352 -0.0400
-1.2185 -3.0581 -0.0400
-1.1621 -3.0805 -0.0400
-1.1285 -3.1081 -0.0400
-1.1086 -3.1394 -0.0400
-1.0933 -3.1718 -0.0400
-1.1027 -3.2131 -0.0400
-1.0902 -3.2469 -0.0400
-1.0614 -3.2741 -0.0400
-1.0416 -3.3045 -0.0400
-1.0312 -3.3388 -0.0400
-1.0301 -3.3777 -0.0400
-1.0443 -3.4246 -0.0400
2.3011 -4.6880 -0.0400
2.3385 -4.6611 -0.0400
2.3722 -4.6292 -0.0400
2.4147 -4.6091 -0.0400
1.4987 -3.3426 -0.0400
1.5013 -3.3165 -0.0400
1.5088 -3.2972 -0.0400
1.5191 -3.2813 -0.0400
1.5323 -3.2687 -0.0400
1.5485 -3.2593 -0.0400
1.5674 -3.2523 -0.0400
4.3193 -5.0266 -0.0400
5.3090 -2.9533 -0.0400
5.3284 -2.8757 -0.0400
6.1042 -1.9175 -0.0400
6.0290 -1.8335 -0.0400
6.0339 -1.7398 -0.0400
3.2003 2.4966 -0.0400
1.7004 -0.1448 -0.0400
1.1916 -1.4560 -0.0400
1.1685 -1.4635 -0.0400
1.1442 -1.4762 -0.0400
1.1223 -1.4835 -0.0400
1.1022 -1.4859 -0.0400
1.0836 -1.4834 -0.0400
1.0652 -1.4806 -0.0400
1.0477 -1.4737 -0.0400
1.0302 -1.4665 -0.0400
1.0138 -1.4521 -0.0400
0.9967 -1.4402 -0.0400
0.9820 -1.4098 -0.0400
0.9659 -1.3820 -0.0400
-0.0521 0.3953 -0.0400
-0.0965 0.3598 -0.0400
-0.1480 0.3473 -0.0400
-0.2101 0.3642 -0.0400
-0.2924 0.4305 -0.0400
-0.3626 0.4582 -0.0400
-2.5593 2.3602 -0.0400
-2.6475 2.3051 -0.0400
-3.5839 0.9547 -0.0400
-3.6377 0.8724 -0.0400
-3.7564 0.8379 -0.0400
-3.6992 -0.1915 -0.0400
-3.7179 -0.2813 -0.0400
-3.8431 -0.3203 -0.0400
-4.3264 -2.3222 -0.0400
-4.2065 -2.4147 -0.0400
-4.1479 -2.5028 -0.0400
-4.1322 -2.5895 -0.0400
-1.3411 -2.9683 -0.0400
-1.3000 -2.9985 -0.0400
-1.2801 -3.0328 -0.0400
-1.1843 -3.0464 -0.0400
-1.1461 -3.0732 -0.0400
-1.1213 -3.1031 -0.0400
-1.1053 -3.1352 -0.0400
-1.0970 -3.1698 -0.0400
-1.0941 -3.2065 -0.0400
-1.1018 -3.2476 -0.0400
-1.0662 -3.2721 -0.0400
-1.0437 -3.3012 -0.0400
-1.0381 -3.3375 -0.0400
-1.0456 -3.3802 -0.0400
-3.1426 -4.4416 -0.0400
-2.2343 -5.4629 -0.0400
-2.1527 -5.4864 -0.0400
-2.0919 -5.5294 -0.0400
2.2389 -4.7803 -0.0400
2.2595 -4.7262 -0.0400
2.2924 -4.6923 -0.0400
2.3300 -4.6657 -0.0400
2.3825 -4.6594 -0.0400
1.4902 -3.3446 -0.0400
1.4944 -3.3205 -0.0400
1.5003 -3.2992 -0.0400
1.5136 -3.2867 -0.0400
1.5289 -3.2763 -0.0400
1.5466 -3.2683 -0.0400
1.5847 -3.2801 -0.0400
4.2544 -5.1803 -0.0400
4.2738 -5.0997 -0.0400
4.3411 -5.0550 -0.0400
6.2620 -2.0035 -0.0400
6.0459 -1.9312 -0.0400
3.2924 2.4620 -0.0400
1.2309 -1.4519 -0.0400
1.2015 -1.4735 -0.0400
1.1773 -1.4836 -0.0400
1.1552 -1.4894 -0.0400
1.1348 -1.4913 -0.0400
1.1161 -1.4883 -0.0400
1.0973 -1.4860 -0.0400
1.0795 -1.4803 -0.0400
1.0625 -1.4711 -0.0400
1.0451 -1.4629 -0.0400
1.0292 -1.4461 -0.0400
1.0146 -1.4203 -0.0400
0.9985 -1.3988 -0.0400
-0.0068 0.4155 -0.0400
-0.0506 0.3761 -0.0400
-0.1009 0.3602 -0.0400
-0.1907 0.4612 -0.0400
-0.2566 0.4823 -0.0400
-2.4750 2.4191 -0.0400
-3.4981 1.1382 -0.0400
-3.5230 1.0308 -0.0400
-3.5921 0.9605 -0.0400
-3.7082 0.9254 -0.0400
-3.6348 -0.0243 -0.0400
-3.6455 -0.1198 -0.0400
-3.6797 -0.2018 -0.0400
-3.7939 -0.2441 -0.0400
-4.2892 -2.2318 -0.0400
-4.1952 -2.3249 -0.0400
-4.1314 -2.4139 -0.0400
-4.1308 -2.5004 -0.0400
-1.3670 -2.8935 -0.0400
-1.3174 -2.9234 -0.0400
-1.2948 -2.9574 -0.0400
-1.2838 -2.9936 -0.0400
-1.2027 -3.0123 -0.0400
-1.1592 -3.0384 -0.0400
-1.1295 -3.0670 -0.0400
-1.1118 -3.0986 -0.0400
-1.1086 -3.1346 -0.0400
-1.1139 -3.1737 -0.0400
-1.0956 -3.2050 -0.0400
-1.0696 -3.2331 -0.0400
-1.0524 -3.2642 -0.0400
-1.0441 -3.2989 -0.0400
-1.0456 -3.3382 -0.0400
-2.2822 -5.3965 -0.0400
-2.2041 -5.4240 -0.0400
-2.1465 -5.4702 -0.0400
-2.1362 -5.5649 -0.0400
2.2783 -4.7060 -0.0400
2.3151 -4.6781 -0.0400
2.3496 -4.6470 -0.0400
2.3926 -4.6275 -0.0400
1.4902 -3.3401 -0.0400
1.4949 -3.3169 -0.0400
1.5037 -3.2991 -0.0400
1.5150 -3.2843 -0.0400
1.5286 -3.2720 -0.0400
1.5504 -3.2678 -0.0400
1.5744 -3.2652 -0.0400
4.3034 -5.0537 -0.0400
4.3595 -5.0006 -0.0400
6.2559 -1.9233 -0.0400
6.0342 -1.8547 -0.0400
6.0777 -1.7551 -0.0400
3.2110 2.5130 -0.0400
1.2407 -1.4062 -0.0400
1.1987 -1.4584 -0.0400
1.1725 -1.4730 -0.0400
1.1494 -1.4806 -0.0400
1.1268 -1.4883 -0.0400
1.1072 -1.4877 -0.0400
1.0883 -1.4852 -0.0400
1.0703 -1.4800 -0.0400
1.0529 -1.4720 -0.0400
1.0352 -1.4647 -0.0400
1.0186 -1.4511 -0.0400
1.0029 -1.4312 -0.0400
0.9885 -1.3997 -0.0400
0.9730 -1.3694 -0.0400
-0.0154 0.4166 -0.0400
-0.0586 0.3746 -0.0400
-0.1081 0.3560 -0.0400
-0.1655 0.3610 -0.0400
-0.2490 0.4373 -0.0400
-0.3124 0.4502 -0.0400
-2.4844 2.4292 -0.0400
-2.5601 2.3559 -0.0400
-3.5352 1.0389 -0.0400
-3.5790 0.9483 -0.0400
-3.6919 0.9116 -0.0400
-3.6918 -0.0961 -0.0400
-3.6782 -0.2037 -0.0400
-3.7488 -0.2672 -0.0400
-4.3138 -2.2267 -0.0400
-4.2847 -2.3176 -0.0400
-4.2031 -2.4085 -0.0400
-4.1248 -2.4964 -0.0400
-4.1489 -2.5829 -0.0400
-1.3739 -2.9331 -0.0400
-1.3163 -2.9606 -0.0400
-1.2910 -2.9937 -0.0400
-1.2194 -3.0148 -0.0400
-1.1689 -3.0391 -0.0400
-1.1374 -3.0672 -0.0400
-1.1180 -3.0982 -0.0400
-1.1035 -3.1303 -0.0400
-1.0979 -3.1654 -0.0400
-1.0979 -3.2027 -0.0400
-1.0769 -3.2325 -0.0400
-1.0562 -3.2620 -0.0400
-1.0444 -3.2950 -0.0400
-1.0404 -3.3315 -0.0400
-1.0515 -3.3754 -0.0400
-2.2446 -5.4446 -0.0400
-2.1642 -5.4688 -0.0400
-2.1174 -5.5257 -0.0400
-2.1010 -5.6154 -0.0400
2.5242 -7.2494 -0.0400
2.5452 -7.0586 -0.0400
2.2383 -4.7471 -0.0400
2.2693 -4.7100 -0.0400
2.3086 -4.6856 -0.0400
2.3562 -4.6725 -0.0400
1.4841 -3.3454 -0.0400
1.4891 -3.3225 -0.0400
1.4965 -3.3030 -0.0400
1.5108 -3.2914 -0.0400
1.5275 -3.2823 -0.0400
1.5476 -3.2762 -0.0400
1.5748 -3.2765 -0.0400
4.2615 -5.1303 -0.0400
4.3281 -5.0849 -0.0400
6.0559 -2.0461 -0.0400
6.0479 -1.9540 -0.0400
6.0896 -1.8555 -0.0400
3.3936 2.4375 -0.0400
1.2408 -1.4516 -0.0400
1.2090 -1.4766 -0.0400
1.1840 -1.4870 -0.0400
1.1617 -1.4917 -0.0400
1.1413 -1.4925 -0.0400
1.1219 -1.4906 -0.0400
1.1033 -1.4867 -0.0400
1.0857 -1.4792 -0.0400
1.0687 -1.4693 -0.0400
1.0522 -1.4562 -0.0400
1.0366 -1.4381 -0.0400
1.0221 -1.4117 -0.0400
1.0060 -1.3902 -0.0400
0.0321 0.4303 -0.0400
-0.0118 0.3889 -0.0400
-0.0615 0.3704 -0.0400
-0.1481 0.4696 -0.0400
-0.2098 0.4810 -0.0400
-2.3865 2.4669 -0.0400
-2.5061 2.4600 -0.0400
-3.4413 1.2165 -0.0400
-3.4614 1.1036 -0.0400
-3.5177 1.0233 -0.0400
-3.6025 0.9658 -0.0400
-3.6260 -0.0316 -0.0400
-3.6365 -0.1269 -0.0400
-3.7515 -0.1665 -0.0400
-4.3061 -2.1359 -0.0400
-4.1973 -2.2320 -0.0400
-4.1884 -2.3199 -0.0400
-4.1241 -2.4087 -0.0400
-1.3729 -2.8935 -0.0400
-1.3022 -2.9193 -0.0400
-1.2895 -2.9548 -0.0400
-1.2303 -2.9796 -0.0400
-1.1770 -3.0040 -0.0400
-1.1453 -3.0324 -0.0400
-1.1196 -3.0616 -0.0400
-1.1129 -3.0959 -0.0400
-1.1105 -3.1317 -0.0400
-1.1191 -3.1715 -0.0400
-1.0888 -3.1982 -0.0400
-1.0669 -3.2274 -0.0400
-1.0527 -3.2592 -0.0400
-1.0636 -3.3015 -0.0400
-1.0971 -3.3547 -0.0400
-2.3065 -5.3928 -0.0400
-2.2102 -5.4029 -0.0400
-2.1693 -5.4649 -0.0400
-2.1536 -5.5535 -0.0400
2.4413 -7.3166 -0.0400
2.4649 -7.1218 -0.0400
2.5364 -7.0690 -0.0400
2.3662 -4.6409 -0.0400
2.4316 -4.6497 -0.0400
1.4859 -3.3435 -0.0400
1.4906 -3.3205 -0.0400
1.4996 -3.3029 -0.0400
1.5113 -3.2885 -0.0400
1.5255 -3.2766 -0.0400
1.5505 -3.2751 -0.0400
1.5807 -3.2777 -0.0400
4.2932 -5.0864 -0.0400
4.3712 -5.0483 -0.0400
6.0419 -1.9711 -0.0400
6.0365 -1.8784 -0.0400
6.0858 -1.7778 -0.0400
3.3041 2.4700 -0.0400
1.2451 -1.4251 -0.0400
1.2045 -1.4701 -0.0400
1.1813 -1.4749 -0.0400
1.1567 -1.4850 -0.0400
1.1347 -1.4893 -0.0400
1.1146 -1.4889 -0.0400
1.0955 -1.4861 -0.0400
1.0773 -1.4801 -0.0400
1.0597 -1.4720 -0.0400
1.0426 -1.4614 -0.0400
1.0259 -1.4481 -0.0400
1.0116 -1.4213 -0.0400
0.9975 -1.3889 -0.0400
-0.0254 0.4091 -0.0400
-0.0688 0.3676 -0.0400
-0.1253 0.3712 -0.0400
-0.2072 0.4490 -0.0400
-0.2685 0.4576 -0.0400
-2.4764 2.4109 -0.0400
-2.5761 2.3731 -0.0400
-3.4966 1.1308 -0.0400
-3.5231 1.0249 -0.0400
-3.5843 0.9488 -0.0400
-3.6418 -0.1264 -0.0400
-3.6816 -0.2049 -0.0400
-4.2904 -2.2242 -0.0400
-4.1951 -2.3172 -0.0400
-4.1920 -2.4045 -0.0400
-4.1238 -2.4921 -0.0400
-1.3176 -2.9226 -0.0400
-1.2957 -2.9563 -0.0400
-1.2837 -2.9916 -0.0400
-1.2213 -3.0146 -0.0400
-1.1481 -3.0328 -0.0400
-1.1268 -3.0631 -0.0400
-1.1123 -3.0950 -0.0400
-1.1037 -3.1285 -0.0400
-1.0999 -3.1638 -0.0400
-1.0959 -3.1992 -0.0400
-1.0714 -3.2272 -0.0400
-1.0547 -3.2579 -0.0400
-1.0458 -3.2916 -0.0400
-1.0458 -3.3294 -0.0400
-1.0605 -3.3746 -0.0400
-2.3426 -5.4102 -0.0400
-2.2351 -5.4104 -0.0400
-2.1701 -5.4488 -0.0400
-2.1243 -5.5059 -0.0400
-2.1011 -5.5874 -0.0400
-0.1801 -3.9402 -0.0400
-0.1399 -3.9335 -0.0400
-0.1068 -3.9361 -0.0400
2.4889 -7.2586 -0.0400
2.5109 -7.0691 -0.0400
2.5874 -7.0317 -0.0400
2.6845 -7.0435 -0.0400
1.5024 -3.3298 -0.0400
1.5012 -3.3012 -0.0400
1.5127 -3.2866 -0.0400
1.5268 -3.2746 -0.0400
1.5440 -3.2653 -0.0400
1.5655 -3.2598 -0.0400
1.5987 -3.2638 -0.0400
4.3204 -5.0395 -0.0400
4.4001 -5.0018 -0.0400
3.3153 2.4827 -0.0400
3.2154 2.5026 -0.0400
1.2085 -1.4446 -0.0400
1.1752 -1.4742 -0.0400
1.1527 -1.4778 -0.0400
1.1290 -1.4860 -0.0400
1.1080 -1.4877 -0.0400
1.0889 -1.4843 -0.0400
1.0699 -1.4806 -0.0400
1.0518 -1.4737 -0.0400
1.0344 -1.4637 -0.0400
1.0176 -1.4502 -0.0400
1.0014 -1.4322 -0.0400
0.9860 -1.4078 -0.0400
0.9725 -1.3673 -0.0400
-0.0758 0.3645 -0.0400
-0.1269 0.3505 -0.0400
-0.1842 0.3554 -0.0400
-0.2664 0.4289 -0.0400
-2.4841 2.4181 -0.0400
-2.5680 2.3571 -0.0400
-3.5615 1.0536 -0.0400
-3.5863 0.9473 -0.0400
-3.6924 0.9059 -0.0400
-3.6949 -0.1002 -0.0400
-3.6827 -0.2071 -0.0400
-3.7436 -0.2750 -0.0400
-4.2801 -2.3119 -0.0400
-4.1909 -2.4028 -0.0400
-4.1424 -2.4902 -0.0400
-4.1336 -2.5761 -0.0400
-1.3048 -2.9593 -0.0400
-1.2874 -2.9934 -0.0400
-1.2771 -3.0288 -0.0400
-1.1677 -3.0386 -0.0400
-1.1386 -3.0669 -0.0400
-1.1184 -3.0971 -0.0400
-1.1039 -3.1286 -0.0400
-1.1014 -3.1641 -0.0400
-1.1060 -3.2023 -0.0400
-1.0885 -3.2329 -0.0400
-1.0626 -3.2600 -0.0400
-1.0437 -3.2895 -0.0400
-1.0434 -3.3268 -0.0400
-1.0538 -3.3696 -0.0400
-3.1619 -4.4144 -0.0400
-2.2050 -5.4678 -0.0400
-2.1301 -5.4957 -0.0400
-2.0996 -5.5689 -0.0400
-0.1642 -3.9542 -0.0400
-0.1239 -3.9459 -0.0400
-0.0908 -3.9478 -0.0400
-0.0595 -3.9516 -0.0400
-0.0348 -3.9661 -0.0400
-0.0117 -3.9837 -0.0400
2.5562 -7.2557 -0.0400
2.5760 -7.0668 -0.0400
2.6505 -7.0240 -0.0400
1.4876 -3.3258 -0.0400
1.4960 -3.3076 -0.0400
1.5074 -3.2927 -0.0400
1.5259 -3.2850 -0.0400
1.5478 -3.2801 -0.0400
1.5824 -3.2860 -0.0400
4.2418 -5.1849 -0.0400
4.2704 -5.1110 -0.0400
4.3393 -5.0665 -0.0400
1.2236 -1.4558 -0.0400
1.1907 -1.4822 -0.0400
1.1682 -1.4849 -0.0400
1.1447 -1.4915 -0.0400
1.1240 -1.4916 -0.0400
1.1050 -1.4871 -0.0400
1.0867 -1.4807 -0.0400
1.0693 -1.4708 -0.0400
1.0516 -1.4616 -0.0400
1.0355 -1.4452 -0.0400
1.0204 -1.4225 -0.0400
1.0072 -1.3874 -0.0400
0.0206 0.4005 -0.0400
-0.0280 0.3766 -0.0400
-0.0811 0.3698 -0.0400
-0.1412 0.3844 -0.0400
-0.2293 0.4809 -0.0400
-2.4079 2.4897 -0.0400
-2.4791 2.4084 -0.0400
-3.4631 1.0970 -0.0400
-3.5257 1.0222 -0.0400
-3.6303 0.9809 -0.0400
-3.6221 -0.0409 -0.0400
-3.6408 -0.1315 -0.0400
-3.7386 -0.1793 -0.0400
-4.2501 -2.2247 -0.0400
-4.1808 -2.3159 -0.0400
-4.1122 -2.4045 -0.0400
-1.3500 -2.8929 -0.0400
-1.3147 -2.9245 -0.0400
-1.2882 -2.9569 -0.0400
-1.2554 -2.9872 -0.0400
-1.1622 -3.0022 -0.0400
-1.1374 -3.0316 -0.0400
-1.1217 -3.0629 -0.0400
-1.1116 -3.0956 -0.0400
-1.1080 -3.1303 -0.0400
-1.1137 -3.1684 -0.0400
-1.0951 -3.1986 -0.0400
-1.0643 -3.2239 -0.0400
-1.0545 -3.2568 -0.0400
-1.0507 -3.2922 -0.0400
-1.0584 -3.3330 -0.0400
-3.1682 -4.3303 -0.0400
-2.3272 -5.3749 -0.0400
-2.2380 -5.3914 -0.0400
-2.1797 -5.4356 -0.0400
-2.1418 -5.5002 -0.0400
-2.1400 -5.6037 -0.0400
-0.1935 -3.9373 -0.0400
-0.1509 -3.9265 -0.0400
-0.1120 -3.9195 -0.0400
-0.0856 -3.9310 -0.0400
-0.0614 -3.9460 -0.0400
-0.0390 -3.9643 -0.0400
-0.0268 -4.0018 -0.0400
-0.0146 -4.0413 -0.0400
2.4095 -7.1428 -0.0400
2.4723 -7.0672 -0.0400
2.5556 -7.0476 -0.0400
2.6586 -7.0740 -0.0400
2.2344 -4.8317 -0.0400
1.5128 -3.2893 -0.0400
1.5300 -3.2800 -0.0400
1.5517 -3.2746 -0.0400
4.2631 -5.2225 -0.0400
4.2627 -5.1264 -0.0400
1.2415 -1.4588 -0.0400
1.2122 -1.4743 -0.0400
1.1833 -1.4912 -0.0400
1.1616 -1.4920 -0.0400
1.1410 -1.4907 -0.0400
1.1203 -1.4903 -0.0400
1.1013 -1.4853 -0.0400
1.0832 -1.4776 -0.0400
1.0664 -1.4650 -0.0400
1.0488 -1.4543 -0.0400
1.0337 -1.4327 -0.0400
1.0206 -1.4001 -0.0400
1.0057 -1.3706 -0.0400
0.0547 0.4660 -0.0400
0.0140 0.4055 -0.0400
-0.0335 0.3771 -0.0400
-0.0892 0.3786 -0.0400
-0.1742 0.4736 -0.0400
-0.2402 0.4975 -0.0400
-2.3366 2.5698 -0.0400
-2.3928 2.4625 -0.0400
-2.5025 2.4410 -0.0400
-3.4640 1.2259 -0.0400
-3.4680 1.0985 -0.0400
-3.5249 1.0187 -0.0400
-3.6219 0.9716 -0.0400
-3.6128 -0.0490 -0.0400
-3.6599 -0.1237 -0.0400
-4.2715 -2.1346 -0.0400
-4.1915 -2.2283 -0.0400
-4.1537 -2.3169 -0.0400
-4.1086 -2.4043 -0.0400
-1.3203 -2.8902 -0.0400
-1.3000 -2.9239 -0.0400
-1.2869 -2.9586 -0.0400
-1.2039 -2.9777 -0.0400
-1.1685 -3.0054 -0.0400
-1.1307 -3.0315 -0.0400
-1.1175 -3.0632 -0.0400
-1.1118 -3.0969 -0.0400
-1.1102 -3.1321 -0.0400
-1.1162 -3.1701 -0.0400
-1.0790 -3.1937 -0.0400
-1.0629 -3.2240 -0.0400
-1.0533 -3.2566 -0.0400
-1.0497 -3.2919 -0.0400
-1.1090 -3.3547 -0.0400
-2.2348 -5.3787 -0.0400
-2.1891 -5.4348 -0.0400
-2.1684 -5.5166 -0.0400
-0.2063 -3.9461 -0.0400
-0.1471 -3.9106 -0.0400
-0.1172 -3.9168 -0.0400
-0.0904 -3.9274 -0.0400
-0.0661 -3.9419 -0.0400
-0.0486 -3.9685 -0.0400
-0.0320 -3.9976 -0.0400
-0.0208 -4.0387 -0.0400
-1.6035 -7.7201 -0.0400
-1.4944 -7.7187 -0.0400
2.3681 -7.3423 -0.0400
2.3944 -7.1525 -0.0400
2.4561 -7.0735 -0.0400
2.5360 -7.0457 -0.0400
2.2216 -4.7531 -0.0400
2.2545 -4.7192 -0.0400
2.2923 -4.6928 -0.0400
1.5658 -3.2986 -0.0400
4.1747 -5.2655 -0.0400
4.2111 -5.1972 -0.0400
4.3059 -5.1723 -0.0400
3.4916 2.3728 -0.0400
1.2534 -1.4789 -0.0400
1.2265 -1.4880 -0.0400
1.2026 -1.4920 -0.0400
1.1776 -1.4999 -0.0400
1.1575 -1.4967 -0.0400
1.1376 -1.4935 -0.0400
1.1192 -1.4863 -0.0400
1.1010 -1.4782 -0.0400
1.0847 -1.4637 -0.0400
1.0676 -1.4511 -0.0400
1.0538 -1.4249 -0.0400
1.0444 -1.3781 -0.0400
0.1142 0.4318 -0.0400
0.0656 0.4050 -0.0400
0.0117 0.4012 -0.0400
-0.0488 0.4210 -0.0400
-0.1220 0.4807 -0.0400
-2.3067 2.5183 -0.0400
-3.3454 1.2490 -0.0400
-3.3962 1.1633 -0.0400
-3.4846 1.1108 -0.0400
-3.6089 0.1538 -0.0400
-3.5542 0.0165 -0.0400
-3.6246 -0.0442 -0.0400
-4.2650 -2.0467 -0.0400
-4.1809 -2.1423 -0.0400
-4.1331 -2.2322 -0.0400
-4.1165 -2.3188 -0.0400
-1.3869 -2.8264 -0.0400
-1.3154 -2.8541 -0.0400
-1.2996 -2.8885 -0.0400
-1.2894 -2.9236 -0.0400
-1.1788 -2.9386 -0.0400
-1.1546 -2.9685 -0.0400
-1.1302 -2.9978 -0.0400
-1.1197 -3.0300 -0.0400
-1.1138 -3.0634 -0.0400
-1.1234 -3.1015 -0.0400
-1.1170 -3.1353 -0.0400
-1.0833 -3.1601 -0.0400
-1.0704 -3.1914 -0.0400
-1.0624 -3.2245 -0.0400
-1.0831 -3.2688 -0.0400
-3.2190 -4.1820 -0.0400
-2.3691 -5.2995 -0.0400
-2.2880 -5.3240 -0.0400
-2.2340 -5.3720 -0.0400
-2.2025 -5.4416 -0.0400
-0.2118 -3.8971 -0.0400
-0.1738 -3.8931 -0.0400
-0.1427 -3.8977 -0.0400
-0.1155 -3.9075 -0.0400
-0.0928 -3.9244 -0.0400
-0.0733 -3.9467 -0.0400
-0.0570 -3.9752 -0.0400
-0.0459 -4.0146 -0.0400
-1.6944 -7.6601 -0.0400
-1.5953 -7.6816 -0.0400
-0.5132 -5.7495 -0.0400
2.2698 -7.3635 -0.0400
2.3005 -7.1776 -0.0400
2.3647 -7.1031 -0.0400
2.4573 -7.1097 -0.0400
2.1832 -4.7971 -0.0400
2.2096 -4.7526 -0.0400
2.2468 -4.7251 -0.0400
2.2882 -4.7038 -0.0400
4.2029 -5.3098 -0.0400
4.2014 -5.2113 -0.0400
3.6222 -3.1939 -0.0400
3.5959 -3.1360 -0.0400
3.5396 -3.0739 -0.0400
3.4966 2.3706 -0.0400
1.2809 -1.4658 -0.0400
1.2483 -1.4850 -0.0400
1.2224 -1.4918 -0.0400
1.1987 -1.4951 -0.0400
1.1744 -1.5008 -0.0400
1.1545 -1.4967 -0.0400
1.1352 -1.4915 -0.0400
1.1170 -1.4828 -0.0400
1.0993 -1.4729 -0.0400
1.0841 -1.4539 -0.0400
1.0676 -1.4380 -0.0400
1.0516 -1.4190 -0.0400
1.0459 -1.3567 -0.0400
0.1110 0.4255 -0.0400
0.0617 0.4016 -0.0400
0.0071 0.4006 -0.0400
-0.0725 0.4917 -0.0400
-0.1327 0.5011 -0.0400
-2.2196 2.5718 -0.0400
-2.3152 2.5294 -0.0400
-3.3593 1.2589 -0.0400
-3.3982 1.1620 -0.0400
-3.4754 1.0999 -0.0400
-3.5219 0.0965 -0.0400
-3.5556 0.0141 -0.0400
-3.6279 -0.0455 -0.0400
-4.2026 -2.0537 -0.0400
-4.1714 -2.1437 -0.0400
-4.1082 -2.2345 -0.0400
-4.1166 -2.3192 -0.0400
-1.3412 -2.8238 -0.0400
-1.3052 -2.8558 -0.0400
-1.2936 -2.8906 -0.0400
-1.2294 -2.9157 -0.0400
-1.1694 -2.9396 -0.0400
-1.1486 -2.9700 -0.0400
-1.1274 -2.9998 -0.0400
-1.1199 -3.0326 -0.0400
-1.1166 -3.0665 -0.0400
-1.1303 -3.1056 -0.0400
-1.1021 -3.1326 -0.0400
-1.0832 -3.1620 -0.0400
-1.0697 -3.1929 -0.0400
-1.0648 -3.2269 -0.0400
-1.0919 -3.2735 -0.0400
-3.2286 -4.1833 -0.0400
-2.4545 -5.2693 -0.0400
-2.3479 -5.2733 -0.0400
-2.2858 -5.3141 -0.0400
-2.2451 -5.3742 -0.0400
-2.2328 -5.4624 -0.0400
-0.2242 -3.9069 -0.0400
-0.1716 -3.8820 -0.0400
-0.1433 -3.8901 -0.0400
-0.1183 -3.9028 -0.0400
-0.0957 -3.9194 -0.0400
-0.0757 -3.9403 -0.0400
-0.0585 -3.9669 -0.0400
-1.7056 -7.6550 -0.0400
-0.5940 -5.7626 -0.0400
-0.5186 -5.7370 -0.0400
2.2794 -7.1681 -0.0400
2.3472 -7.1046 -0.0400
2.4413 -7.1157 -0.0400
2.1636 -4.7933 -0.0400
2.1959 -4.7581 -0.0400
2.2366 -4.7360 -0.0400
2.2709 -4.7045 -0.0400
2.3208 -4.6945 -0.0400
4.2822 -5.1977 -0.0400
3.6787 -3.2204 -0.0400
3.5605 -3.1426 -0.0400
3.5426 -3.0880 -0.0400
3.5432 -3.0374 -0.0400
3.5641 -2.9902 -0.0400
5.3044 -3.1674 -0.0400
3.5008 2.3659 -0.0400
1.2781 -1.4686 -0.0400
1.2461 -1.4861 -0.0400
1.2201 -1.4930 -0.0400
1.1930 -1.5036 -0.0400
1.1723 -1.5006 -0.0400
1.1524 -1.4960 -0.0400
1.1332 -1.4899 -0.0400
1.1156 -1.4790 -0.0400
1.0981 -1.4676 -0.0400
1.0810 -1.4542 -0.0400
1.0684 -1.4245 -0.0400
1.0538 -1.3984 -0.0400
0.1515 0.4763 -0.0400
0.1089 0.4152 -0.0400
0.0567 0.4041 -0.0400
0.0008 0.4076 -0.0400
-0.0777 0.4944 -0.0400
-0.1615 0.5864 -0.0400
-2.2202 2.5702 -0.0400
-2.3166 2.5291 -0.0400
-3.3132 1.3476 -0.0400
-3.3374 1.2353 -0.0400
-3.4044 1.1644 -0.0400
-3.5210 1.1366 -0.0400
-3.5286 0.0971 -0.0400
-3.5565 0.0112 -0.0400
-4.2597 -1.9603 -0.0400
-4.2298 -2.0520 -0.0400
-4.1660 -2.1452 -0.0400
-4.0994 -2.2361 -0.0400
-1.3292 -2.8261 -0.0400
-1.3015 -2.8589 -0.0400
-1.2906 -2.8936 -0.0400
-1.1950 -2.9131 -0.0400
-1.1565 -2.9405 -0.0400
-1.1389 -2.9712 -0.0400
-1.1239 -3.0022 -0.0400
-1.1191 -3.0354 -0.0400
-1.1155 -3.0691 -0.0400
-1.1257 -3.1070 -0.0400
-1.0915 -3.1319 -0.0400
-1.0767 -3.1622 -0.0400
-1.0718 -3.1959 -0.0400
-1.0712 -3.2313 -0.0400
-1.0789 -3.2703 -0.0400
-2.3631 -5.2798 -0.0400
-2.2908 -5.3115 -0.0400
-2.2653 -5.3856 -0.0400
-0.2713 -3.9154 -0.0400
-0.2137 -3.8859 -0.0400
-0.1777 -3.8837 -0.0400
-0.1479 -3.8895 -0.0400
-0.1217 -3.9002 -0.0400
-0.1011 -3.9196 -0.0400
-0.0834 -3.9442 -0.0400
-0.0700 -3.9770 -0.0400
-0.0691 -4.0345 -0.0400
-1.7046 -7.6261 -0.0400
-0.6041 -5.7634 -0.0400
-0.5232 -5.7243 -0.0400
2.2377 -7.3749 -0.0400
2.2719 -7.1984 -0.0400
2.3302 -7.1070 -0.0400
2.4138 -7.0901 -0.0400
2.1586 -4.8122 -0.0400
2.1855 -4.7685 -0.0400
2.2218 -4.7399 -0.0400
2.2617 -4.7165 -0.0400
2.3274 -4.7279 -0.0400
1.4568 -3.3872 -0.0400
1.4582 -3.3605 -0.0400
1.4653 -3.3407 -0.0400
3.6328 -3.2246 -0.0400
3.5956 -3.1638 -0.0400
3.5349 -3.1004 -0.0400
3.5401 -3.0506 -0.0400
3.5809 -3.0063 -0.0400
5.3012 -3.1831 -0.0400
3.5974 2.3216 -0.0400
1.2793 -1.4647 -0.0400
1.2382 -1.5007 -0.0400
1.2142 -1.5032 -0.0400
1.1919 -1.5029 -0.0400
1.1710 -1.4997 -0.0400
1.1510 -1.4949 -0.0400
1.1324 -1.4865 -0.0400
1.1146 -1.4759 -0.0400
1.0972 -1.4633 -0.0400
1.0805 -1.4479 -0.0400
1.0696 -1.4115 -0.0400
1.0574 -1.3754 -0.0400
0.1556 0.4354 -0.0400
0.1063 0.4090 -0.0400
0.0531 0.4022 -0.0400
-0.0093 0.4322 -0.0400
-0.0847 0.5052 -0.0400
-2.1529 2.6610 -0.0400
-2.2200 2.5676 -0.0400
-2.3223 2.5365 -0.0400
-3.3511 1.3814 -0.0400
-3.3449 1.2392 -0.0400
-3.4335 1.1876 -0.0400
-3.4932 0.1755 -0.0400
-3.5125 0.0834 -0.0400
-3.5736 0.0180 -0.0400
-4.2510 -1.9628 -0.0400
-4.1943 -2.0571 -0.0400
-4.1213 -2.1505 -0.0400
-4.1145 -2.2364 -0.0400
-1.3463 -2.7956 -0.0400
-1.3118 -2.8281 -0.0400
-1.2948 -2.8621 -0.0400
-1.2420 -2.8899 -0.0400
-1.1829 -2.9149 -0.0400
-1.1504 -2.9432 -0.0400
-1.1310 -2.9733 -0.0400
-1.1200 -3.0049 -0.0400
-1.1200 -3.0391 -0.0400
-1.1200 -3.0736 -0.0400
-1.1145 -3.1069 -0.0400
-1.0875 -3.1337 -0.0400
-1.0741 -3.1643 -0.0400
-1.0704 -3.1981 -0.0400
-1.0871 -3.2397 -0.0400
-1.1109 -3.2850 -0.0400
-2.4272 -5.2339 -0.0400
-2.3452 -5.2582 -0.0400
-2.2906 -5.3050 -0.0400
-2.2564 -5.3705 -0.0400
-2.2586 -5.4723 -0.0400
-0.2073 -3.8714 -0.0400
-0.1755 -3.8746 -0.0400
-0.1481 -3.8834 -0.0400
-0.1239 -3.8968 -0.0400
-0.1024 -3.9142 -0.0400
-0.0836 -3.9364 -0.0400
-0.0683 -3.9654 -0.0400
-1.7108 -7.6134 -0.0400
-0.5917 -5.7123 -0.0400
-0.5303 -5.7193 -0.0400
2.2238 -7.3862 -0.0400
2.2419 -7.1600 -0.0400
2.3136 -7.1091 -0.0400
2.4030 -7.1088 -0.0400
2.5149 -7.1630 -0.0400
2.1541 -4.8315 -0.0400
2.1712 -4.7726 -0.0400
2.2122 -4.7512 -0.0400
2.2468 -4.7203 -0.0400
2.2950 -4.7082 -0.0400
1.4627 -3.3836 -0.0400
1.4634 -3.3566 -0.0400
1.4672 -3.3336 -0.0400
1.4803 -3.3205 -0.0400
1.4963 -3.3102 -0.0400
3.6278 -3.2380 -0.0400
3.5913 -3.1773 -0.0400
3.5489 -3.1172 -0.0400
3.5403 -3.0646 -0.0400
3.5614 -3.0172 -0.0400
5.3250 -3.2027 -0.0400
1.3039 -1.4647 -0.0400
1.2669 -1.4895 -0.0400
1.2392 -1.4976 -0.0400
1.2145 -1.5012 -0.0400
1.1917 -1.5013 -0.0400
1.1693 -1.5012 -0.0400
1.1501 -1.4939 -0.0400
1.1316 -1.4848 -0.0400
1.1138 -1.4736 -0.0400
1.0965 -1.4601 -0.0400
1.0844 -1.4292 -0.0400
1.0705 -1.4012 -0.0400
1.0635 -1.3452 -0.0400
0.1544 0.4241 -0.0400
0.1026 0.4095 -0.0400
0.0450 0.4215 -0.0400
-0.0299 0.5013 -0.0400
-0.0966 0.5365 -0.0400
-2.1378 2.6318 -0.0400
-2.2211 2.5676 -0.0400
-3.2868 1.3159 -0.0400
-3.3364 1.2281 -0.0400
-3.4215 1.1738 -0.0400
-3.5139 0.1853 -0.0400
-3.5167 0.0824 -0.0400
-3.6395 0.0543 -0.0400
-4.2540 -1.9642 -0.0400
-4.1641 -2.0621 -0.0400
-4.1137 -2.1529 -0.0400
-4.1331 -2.2367 -0.0400
-1.3411 -2.7998 -0.0400
-1.3069 -2.8322 -0.0400
-1.2926 -2.8663 -0.0400
-1.1980 -2.8875 -0.0400
-1.1641 -2.9161 -0.0400
-1.1399 -2.9455 -0.0400
-1.1266 -2.9766 -0.0400
-1.1186 -3.0087 -0.0400
-1.1185 -3.0427 -0.0400
-1.1305 -3.0803 -0.0400
-1.1008 -3.1067 -0.0400
-1.0820 -3.1356 -0.0400
-1.0727 -3.1673 -0.0400
-1.0719 -3.2019 -0.0400
-1.0926 -3.2448 -0.0400
-1.1244 -3.2931 -0.0400
-2.4425 -5.2417 -0.0400
-2.3516 -5.2585 -0.0400
-2.3006 -5.3085 -0.0400
-2.2870 -5.3932 -0.0400
-0.2641 -3.8964 -0.0400
-0.2149 -3.8775 -0.0400
-0.1805 -3.8769 -0.0400
-0.1516 -3.8833 -0.0400
-0.1266 -3.8951 -0.0400
-0.1070 -3.9153 -0.0400
-0.0905 -3.9411 -0.0400
-0.0789 -3.9763 -0.0400
-0.6018 -5.7163 -0.0400
-0.5369 -5.7143 -0.0400
-0.5083 -5.8047 -0.0400
2.3836 -7.1032 -0.0400
2.1275 -4.8158 -0.0400
2.1598 -4.7808 -0.0400
2.1985 -4.7561 -0.0400
2.2346 -4.7276 -0.0400
1.4535 -3.3916 -0.0400
1.4547 -3.3650 -0.0400
1.4615 -3.3452 -0.0400
1.4716 -3.3291 -0.0400
1.4844 -3.3158 -0.0400
1.5070 -3.3115 -0.0400
1.5341 -3.3106 -0.0400
3.6404 -3.2557 -0.0400
3.5926 -3.1922 -0.0400
3.5484 -3.1315 -0.0400
3.5392 -3.0787 -0.0400
3.5631 -3.0316 -0.0400
3.6259 -2.9893 -0.0400
3.6079 2.3096 -0.0400
1.2609 -1.5023 -0.0400
1.2351 -1.5068 -0.0400
1.2116 -1.5074 -0.0400
1.1900 -1.5046 -0.0400
1.1695 -1.4998 -0.0400
1.1499 -1.4928 -0.0400
1.1312 -1.4837 -0.0400
1.1157 -1.4653 -0.0400
1.0994 -1.4479 -0.0400
1.0841 -1.4261 -0.0400
1.0708 -1.3954 -0.0400
0.1990 0.4649 -0.0400
0.1518 0.4218 -0.0400
0.0994 0.4098 -0.0400
0.0419 0.4213 -0.0400
-0.0355 0.5109 -0.0400
-0.1079 0.5672 -0.0400
-2.1307 2.6175 -0.0400
-2.2306 2.5830 -0.0400
-3.2958 1.3217 -0.0400
-3.3492 1.2372 -0.0400
-3.4941 1.2369 -0.0400
-3.5103 0.2864 -0.0400
-3.4768 0.1573 -0.0400
-3.5181 0.0796 -0.0400
-3.6070 0.0310 -0.0400
-4.2655 -1.8759 -0.0400
-4.2474 -1.9670 -0.0400
-4.1201 -2.0689 -0.0400
-4.0958 -2.1566 -0.0400
-4.1313 -2.2388 -0.0400
-1.3601 -2.7702 -0.0400
-1.3135 -2.8021 -0.0400
-1.3014 -2.8365 -0.0400
-1.2914 -2.8711 -0.0400
-1.1929 -2.8916 -0.0400
-1.1584 -2.9200 -0.0400
-1.1355 -2.9495 -0.0400
-1.1223 -2.9804 -0.0400
-1.1199 -3.0136 -0.0400
-1.1234 -3.0484 -0.0400
-1.1224 -3.0824 -0.0400
-1.0949 -3.1092 -0.0400
-1.0789 -3.1388 -0.0400
-1.0733 -3.1714 -0.0400
-1.0799 -3.2084 -0.0400
-1.1156 -3.2567 -0.0400
-3.2327 -4.1001 -0.0400
-2.4016 -5.2032 -0.0400
-2.3414 -5.2452 -0.0400
-2.2992 -5.3025 -0.0400
-2.2784 -5.3800 -0.0400
-0.2460 -3.8691 -0.0400
-0.2080 -3.8644 -0.0400
-0.1774 -3.8687 -0.0400
-0.1510 -3.8783 -0.0400
-0.1277 -3.8920 -0.0400
-0.1069 -3.9100 -0.0400
-0.0890 -3.9327 -0.0400
-0.0935 -3.9952 -0.0400
-1.8351 -7.5975 -0.0400
-1.7385 -7.6236 -0.0400
-0.5986 -5.6903 -0.0400
-0.5493 -5.7255 -0.0400
2.1163 -4.8238 -0.0400
2.1480 -4.7881 -0.0400
2.1859 -4.7623 -0.0400
2.2251 -4.7383 -0.0400
2.2804 -4.7362 -0.0400
1.4571 -3.3853 -0.0400
1.4527 -3.3535 -0.0400
1.4629 -3.3376 -0.0400
1.4757 -3.3243 -0.0400
1.4912 -3.3135 -0.0400
1.5106 -3.3061 -0.0400
1.5371 -3.3043 -0.0400
4.1174 -5.3302 -0.0400
4.1616 -5.2678 -0.0400
3.5990 -3.2083 -0.0400
3.5305 -3.1427 -0.0400
3.5369 -3.0928 -0.0400
3.5595 -3.0455 -0.0400
3.6205 -3.0029 -0.0400
6.2859 -2.3873 -0.0400
6.0817 -2.3010 -0.0400
6.0773 -2.2069 -0.0400
3.7133 2.2743 -0.0400
1.2988 -1.4784 -0.0400
1.2653 -1.4957 -0.0400
1.2382 -1.5020 -0.0400
1.2137 -1.5042 -0.0400
1.1896 -1.5064 -0.0400
1.1696 -1.4998 -0.0400
1.1507 -1.4907 -0.0400
1.1326 -1.4793 -0.0400
1.1153 -1.4654 -0.0400
1.0988 -1.4480 -0.0400
1.0834 -1.4259 -0.0400
0.1989 0.4515 -0.0400
0.1496 0.4197 -0.0400
0.0947 0.4198 -0.0400
0.0291 0.4662 -0.0400
-0.0397 0.5166 -0.0400
-0.1184 0.5967 -0.0400
-2.0567 2.6999 -0.0400
-2.1312 2.6178 -0.0400
-3.2318 1.3937 -0.0400
-3.2733 1.2969 -0.0400
-3.3472 1.2324 -0.0400
-3.4693 1.2116 -0.0400
-3.4698 0.1489 -0.0400
-3.5430 0.0916 -0.0400
-4.2432 -1.8815 -0.0400
-4.1819 -1.9777 -0.0400
-4.1647 -2.0664 -0.0400
-4.1070 -2.1579 -0.0400
-1.3323 -2.7734 -0.0400
-1.3118 -2.8074 -0.0400
-1.2956 -2.8413 -0.0400
-1.2102 -2.8653 -0.0400
-1.1664 -2.8929 -0.0400
-1.1488 -2.9236 -0.0400
-1.1312 -2.9539 -0.0400
-1.1209 -2.9852 -0.0400
-1.1201 -3.0186 -0.0400
-1.1262 -3.0539 -0.0400
-1.1054 -3.0826 -0.0400
-1.0879 -3.1118 -0.0400
-1.0774 -3.1428 -0.0400
-1.0749 -3.1763 -0.0400
-1.0829 -3.2137 -0.0400
-1.1251 -3.2641 -0.0400
-3.2813 -4.1188 -0.0400
-2.4885 -5.1787 -0.0400
-2.4012 -5.1994 -0.0400
-2.3423 -5.2422 -0.0400
-2.2999 -5.2991 -0.0400
-0.2549 -3.8788 -0.0400
-0.2130 -3.8688 -0.0400
-0.1752 -3.8627 -0.0400
-0.1511 -3.8751 -0.0400
-0.1296 -3.8914 -0.0400
-0.1109 -3.9122 -0.0400
-0.0953 -3.9386 -0.0400
-0.0851 -3.9754 -0.0400
-1.8232 -7.5540 -0.0400
-0.6092 -5.6983 -0.0400
-0.5505 -5.7102 -0.0400
2.1182 -4.8524 -0.0400
2.1359 -4.7944 -0.0400
2.1740 -4.7692 -0.0400
2.2129 -4.7450 -0.0400
2.2649 -4.7386 -0.0400
1.4461 -3.3910 -0.0400
1.4494 -3.3672 -0.0400
1.4568 -3.3484 -0.0400
1.4671 -3.3327 -0.0400
1.4828 -3.3222 -0.0400
1.5022 -3.3148 -0.0400
1.5285 -3.3130 -0.0400
4.1304 -5.3628 -0.0400
4.1475 -5.2786 -0.0400
3.6074 -3.2784 -0.0400
3.5643 -3.2161 -0.0400
3.5345 -3.1582 -0.0400
3.5343 -3.1070 -0.0400
3.5525 -3.0590 -0.0400
5.3759 -3.2607 -0.0400
6.0762 -2.3186 -0.0400
6.0796 -2.2240 -0.0400
3.6255 2.3050 -0.0400
1.3320 -1.4682 -0.0400
1.2910 -1.4970 -0.0400
1.2620 -1.5057 -0.0400
1.2363 -1.5090 -0.0400
1.2129 -1.5086 -0.0400
1.1913 -1.5048 -0.0400
1.1708 -1.4988 -0.0400
1.1514 -1.4904 -0.0400
1.1351 -1.4738 -0.0400
1.1186 -1.4567 -0.0400
1.1031 -1.4352 -0.0400
1.0897 -1.4057 -0.0400
1.0862 -1.3399 -0.0400
0.2428 0.5132 -0.0400
0.1993 0.4371 -0.0400
0.1473 0.4210 -0.0400
0.0911 0.4263 -0.0400
0.0167 0.5118 -0.0400
-0.0472 0.5382 -0.0400
-2.0474 2.6823 -0.0400
-2.1306 2.6166 -0.0400
-3.2305 1.3899 -0.0400
-3.2745 1.2954 -0.0400
-3.3482 1.2307 -0.0400
-3.4528 0.2397 -0.0400
-3.4721 0.1467 -0.0400
-3.5329 0.0815 -0.0400
-4.2390 -1.8847 -0.0400
-4.1697 -1.9818 -0.0400
-4.0900 -2.0773 -0.0400
-4.1363 -2.1578 -0.0400
-1.3208 -2.7784 -0.0400
-1.3051 -2.8126 -0.0400
-1.2945 -2.8469 -0.0400
-1.1862 -2.8679 -0.0400
-1.1642 -2.8983 -0.0400
-1.1389 -2.9276 -0.0400
-1.1272 -2.9587 -0.0400
-1.1252 -2.9916 -0.0400
-1.1221 -3.0244 -0.0400
-1.1350 -3.0613 -0.0400
-1.1022 -3.0870 -0.0400
-1.0847 -3.1160 -0.0400
-1.0758 -3.1473 -0.0400
-1.0831 -3.1838 -0.0400
-1.1001 -3.2242 -0.0400
-3.2435 -4.0267 -0.0400
-2.4723 -5.1631 -0.0400
-2.3967 -5.1930 -0.0400
-2.3422 -5.2392 -0.0400
-2.3291 -5.3218 -0.0400
-0.2856 -3.8716 -0.0400
-0.2389 -3.8564 -0.0400
-0.2052 -3.8566 -0.0400
-0.1768 -3.8632 -0.0400
-0.1519 -3.8741 -0.0400
-0.1296 -3.8888 -0.0400
-0.1158 -3.9169 -0.0400
-0.1036 -3.9489 -0.0400
-0.1026 -4.0014 -0.0400
-1.8450 -7.5775 -0.0400
-0.6750 -5.6870 -0.0400
-0.6086 -5.6817 -0.0400
-0.5788 -5.7633 -0.0400
2.0983 -4.8456 -0.0400
2.1272 -4.8055 -0.0400
2.1631 -4.7769 -0.0400
2.1996 -4.7494 -0.0400
2.2552 -4.7484 -0.0400
1.4548 -3.4176 -0.0400
1.4480 -3.3828 -0.0400
1.4477 -3.3560 -0.0400
1.4585 -3.3410 -0.0400
1.4717 -3.3281 -0.0400
1.4873 -3.3176 -0.0400
1.5068 -3.3101 -0.0400
4.0952 -5.3563 -0.0400
4.1387 -5.2935 -0.0400
3.5902 -3.2367 -0.0400
3.5439 -3.1750 -0.0400
3.5361 -3.1222 -0.0400
3.5696 -3.0765 -0.0400
5.3371 -3.2727 -0.0400
6.2875 -2.4228 -0.0400
6.0857 -2.3356 -0.0400
6.1132 -2.2390 -0.0400
3.7224 2.2527 -0.0400
1.3007 -1.4837 -0.0400
1.2679 -1.4986 -0.0400
1.2358 -1.5144 -0.0400
1.2134 -1.5115 -0.0400
1.1923 -1.5062 -0.0400
1.1724 -1.4985 -0.0400
1.1535 -1.4883 -0.0400
1.1355 -1.4755 -0.0400
1.1184 -1.4596 -0.0400
1.1023 -1.4395 -0.0400
1.1004 -1.3739 -0.0400
0.2453 0.4877 -0.0400
0.1985 0.4331 -0.0400
0.1451 0.4239 -0.0400
0.0848 0.4488 -0.0400
0.0113 0.5283 -0.0400
-0.0509 0.5458 -0.0400
-2.0516 2.6914 -0.0400
-2.1341 2.6237 -0.0400
-3.2234 1.3804 -0.0400
-3.2746 1.2931 -0.0400
-3.4076 1.2848 -0.0400
-3.4268 0.2182 -0.0400
-3.4804 0.1485 -0.0400
-3.5936 0.1166 -0.0400
-4.2394 -1.8873 -0.0400
-4.1155 -1.9917 -0.0400
-4.0914 -2.0800 -0.0400
-1.3433 -2.7504 -0.0400
-1.3165 -2.7843 -0.0400
-1.2978 -2.8180 -0.0400
-1.2425 -2.8470 -0.0400
-1.1738 -2.8724 -0.0400
-1.1539 -2.9029 -0.0400
-1.1344 -2.9329 -0.0400
-1.1273 -2.9647 -0.0400
-1.1248 -2.9974 -0.0400
-1.1349 -3.0330 -0.0400
-1.1128 -3.0616 -0.0400
-1.0927 -3.0900 -0.0400
-1.0824 -3.1208 -0.0400
-1.0780 -3.1533 -0.0400
-1.0842 -3.1894 -0.0400
-1.1095 -3.2325 -0.0400
-3.2465 -4.0290 -0.0400
-2.5049 -5.1873 -0.0400
-2.3909 -5.1861 -0.0400
-2.3428 -5.2374 -0.0400
-2.3424 -5.3311 -0.0400
-0.2926 -3.8804 -0.0400
-0.2411 -3.8591 -0.0400
-0.1992 -3.8479 -0.0400
-0.1740 -3.8584 -0.0400
-0.1515 -3.8724 -0.0400
-0.1315 -3.8901 -0.0400
-0.1140 -3.9120 -0.0400
-0.0999 -3.9403 -0.0400
-0.0921 -3.9804 -0.0400
-1.8382 -7.5468 -0.0400
-0.6950 -5.7183 -0.0400
-0.6162 -5.6856 -0.0400
-0.5624 -5.7080 -0.0400
2.0912 -4.8588 -0.0400
2.1127 -4.8071 -0.0400
2.1499 -4.7809 -0.0400
2.1883 -4.7564 -0.0400
2.2316 -4.7387 -0.0400
1.4360 -3.3872 -0.0400
1.4423 -3.3672 -0.0400
1.4514 -3.3504 -0.0400
1.4626 -3.3359 -0.0400
1.4800 -3.3269 -0.0400
1.4999 -3.3199 -0.0400
1.5281 -3.3193 -0.0400
4.0964 -5.3792 -0.0400
4.1245 -5.3039 -0.0400
3.6078 -3.3093 -0.0400
3.5622 -3.2460 -0.0400
3.5299 -3.1874 -0.0400
3.5304 -3.1362 -0.0400
3.5520 -3.0886 -0.0400
3.6194 -3.0471 -0.0400
6.1531 -2.4456 -0.0400
6.0875 -2.3533 -0.0400
6.0867 -2.2587 -0.0400
3.6556 2.3168 -0.0400
1.3341 -1.4762 -0.0400
1.2952 -1.5004 -0.0400
1.2662 -1.5079 -0.0400
1.2405 -1.5103 -0.0400
1.2170 -1.5093 -0.0400
1.1952 -1.5048 -0.0400
1.1749 -1.4974 -0.0400
1.1565 -1.4855 -0.0400
1.1390 -1.4705 -0.0400
1.1226 -1.4517 -0.0400
1.1077 -1.4274 -0.0400
1.0960 -1.3911 -0.0400
0.2441 0.4908 -0.0400
0.1973 0.4342 -0.0400
0.1434 0.4271 -0.0400
0.0785 0.4744 -0.0400
0.0062 0.5458 -0.0400
-0.0645 0.5977 -0.0400
-2.0375 2.6659 -0.0400
-3.1828 1.4784 -0.0400
-3.2140 1.3687 -0.0400
-3.2936 1.3097 -0.0400
-3.4245 0.3208 -0.0400
-3.4301 0.2169 -0.0400
-3.4794 0.1443 -0.0400
-3.5748 0.1012 -0.0400
-4.2275 -1.8037 -0.0400
-4.1570 -1.9026 -0.0400
-4.1168 -1.9946 -0.0400
-4.0931 -2.0829 -0.0400
-1.3209 -2.7556 -0.0400
-1.3054 -2.7899 -0.0400
-1.2419 -2.8191 -0.0400
-1.1957 -2.8482 -0.0400
-1.1695 -2.8783 -0.0400
-1.1416 -2.9075 -0.0400
-1.1323 -2.9389 -0.0400
-1.1286 -2.9712 -0.0400
-1.1265 -3.0039 -0.0400
-1.1354 -3.0392 -0.0400
-1.1034 -3.0653 -0.0400
-1.0906 -3.0954 -0.0400
-1.0821 -3.1266 -0.0400
-1.0874 -3.1619 -0.0400
-1.1106 -3.2033 -0.0400
-3.2601 -3.9582 -0.0400
-3.2656 -4.0376 -0.0400
-2.5730 -5.1480 -0.0400
-2.4608 -5.1508 -0.0400
-2.3872 -5.1817 -0.0400
-2.3479 -5.2402 -0.0400
-2.3223 -5.3112 -0.0400
-0.2618 -3.8423 -0.0400
-0.2274 -3.8418 -0.0400
-0.1988 -3.8479 -0.0400
-0.1736 -3.8580 -0.0400
-0.1509 -3.8714 -0.0400
-0.1347 -3.8944 -0.0400
-0.1200 -3.9206 -0.0400
-0.1103 -3.9561 -0.0400
-1.8455 -7.5446 -0.0400
-0.6807 -5.6751 -0.0400
-0.6172 -5.6756 -0.0400
2.1768 -4.7626 -0.0400
2.2294 -4.7579 -0.0400
1.4328 -3.4003 -0.0400
1.4373 -3.3784 -0.0400
1.4449 -3.3601 -0.0400
1.4544 -3.3441 -0.0400
1.4687 -3.3325 -0.0400
1.4856 -3.3229 -0.0400
1.5065 -3.3166 -0.0400
4.0670 -5.3769 -0.0400
4.1203 -5.3221 -0.0400
3.5913 -3.2677 -0.0400
3.5458 -3.2058 -0.0400
3.5310 -3.1515 -0.0400
3.5650 -3.1058 -0.0400
6.1595 -2.4636 -0.0400
6.0912 -2.3712 -0.0400
6.0949 -2.2761 -0.0400
3.7376 2.2368 -0.0400
1.3050 -1.4894 -0.0400
1.2659 -1.5158 -0.0400
1.2412 -1.5159 -0.0400
1.2187 -1.5123 -0.0400
1.1974 -1.5065 -0.0400
1.1773 -1.4981 -0.0400
1.1582 -1.4874 -0.0400
1.1400 -1.4738 -0.0400
1.1281 -1.4424 -0.0400
1.1148 -1.4122 -0.0400
1.1134 -1.3426 -0.0400
0.2931 0.5436 -0.0400
0.2478 0.4630 -0.0400
0.1965 0.4367 -0.0400
0.1400 0.4424 -0.0400
0.0771 0.4777 -0.0400
0.0038 0.5537 -0.0400
-2.0367 2.6669 -0.0400
-3.1535 1.4457 -0.0400
-3.2075 1.3603 -0.0400
-3.2823 1.2968 -0.0400
-3.4235 0.3169 -0.0400
-3.4318 0.2147 -0.0400
-3.5225 0.1696 -0.0400
-4.2321 -1.8060 -0.0400
-4.1659 -1.9044 -0.0400
-4.1459 -1.9939 -0.0400
-1.3315 -2.7276 -0.0400
-1.3107 -2.7619 -0.0400
-1.3000 -2.7963 -0.0400
-1.2693 -2.8285 -0.0400
-1.1743 -2.8525 -0.0400
-1.1531 -2.8830 -0.0400
-1.1360 -2.9134 -0.0400
-1.1301 -2.9452 -0.0400
-1.1286 -2.9778 -0.0400
-1.1420 -3.0135 -0.0400
-1.1258 -3.0435 -0.0400
-1.0987 -3.0705 -0.0400
-1.0876 -3.1010 -0.0400
-1.0854 -3.1337 -0.0400
-1.0995 -3.1715 -0.0400
-1.1134 -3.2102 -0.0400
-3.2660 -3.9624 -0.0400
-2.5474 -5.1278 -0.0400
-2.4566 -5.1469 -0.0400
-2.3867 -5.1806 -0.0400
-2.3632 -5.2523 -0.0400
-2.3589 -5.3424 -0.0400
-0.3009 -3.8494 -0.0400
-0.2577 -3.8390 -0.0400
-0.2250 -3.8403 -0.0400
-0.1972 -3.8470 -0.0400
-0.1713 -3.8559 -0.0400
-0.1512 -3.8726 -0.0400
-0.1334 -3.8930 -0.0400
-0.1182 -3.9181 -0.0400
-0.1073 -3.9509 -0.0400
-1.9514 -7.5229 -0.0400
-1.8608 -7.5592 -0.0400
-0.6914 -5.6887 -0.0400
-0.6268 -5.6870 -0.0400
1.4319 -3.3889 -0.0400
1.4387 -3.3699 -0.0400
1.4463 -3.3521 -0.0400
1.4593 -3.3393 -0.0400
1.4743 -3.3284 -0.0400
1.5029 -3.3288 -0.0400
4.0575 -5.3907 -0.0400
4.1057 -5.3318 -0.0400
3.5255 -3.1657 -0.0400
3.5435 -3.1175 -0.0400
3.5974 -3.0742 -0.0400
6.3019 -2.4775 -0.0400
6.0958 -2.3892 -0.0400
3.7472 2.2306 -0.0400
1.3371 -1.4874 -0.0400
1.3010 -1.5054 -0.0400
1.2725 -1.5113 -0.0400
1.2468 -1.5128 -0.0400
1.2232 -1.5107 -0.0400
1.2005 -1.5075 -0.0400
1.1809 -1.4974 -0.0400
1.1623 -1.4848 -0.0400
1.1447 -1.4692 -0.0400
1.1282 -1.4495 -0.0400
1.1135 -1.4234 -0.0400
1.1027 -1.3828 -0.0400
0.2994 0.4970 -0.0400
0.2492 0.4554 -0.0400
0.1965 0.4366 -0.0400
0.1353 0.4678 -0.0400
0.0658 0.5342 -0.0400
-1.9510 2.7334 -0.0400
-2.0392 2.6751 -0.0400
-3.1445 1.5811 -0.0400
-3.1564 1.4476 -0.0400
-3.2105 1.3621 -0.0400
-3.3038 1.3167 -0.0400
-3.4123 0.3057 -0.0400
-3.4340 0.2130 -0.0400
-3.5289 0.1708 -0.0400
-4.2285 -1.7208 -0.0400
-4.1697 -1.8198 -0.0400
-4.1509 -1.9100 -0.0400
-4.0838 -2.0056 -0.0400
-1.3553 -2.6998 -0.0400
-1.3209 -2.7342 -0.0400
-1.3054 -2.7686 -0.0400
-1.2986 -2.8032 -0.0400
-1.1856 -2.8277 -0.0400
-1.1613 -2.8582 -0.0400
-1.1458 -2.8891 -0.0400
-1.1357 -2.9203 -0.0400
-1.1329 -2.9526 -0.0400
-1.1341 -2.9856 -0.0400
-1.1293 -3.0178 -0.0400
-1.1096 -3.0467 -0.0400
-1.0958 -3.0765 -0.0400
-1.0880 -3.1077 -0.0400
-1.0868 -3.1407 -0.0400
-1.1111 -3.1814 -0.0400
-1.1466 -3.2269 -0.0400
-3.2807 -3.9699 -0.0400
-2.5134 -5.1021 -0.0400
-2.4442 -5.1372 -0.0400
-2.3861 -5.1800 -0.0400
-2.3671 -5.2554 -0.0400
-2.3663 -5.3483 -0.0400
-0.2875 -3.8360 -0.0400
-0.2510 -3.8333 -0.0400
-0.2208 -3.8374 -0.0400
-0.1914 -3.8416 -0.0400
-0.1698 -3.8558 -0.0400
-0.1501 -3.8729 -0.0400
-0.1325 -3.8932 -0.0400
-0.1287 -3.9357 -0.0400
-0.1324 -3.9925 -0.0400
-0.6815 -5.6585 -0.0400
-0.6249 -5.6733 -0.0400
1.4358 -3.4085 -0.0400
1.4318 -3.3786 -0.0400
1.4405 -3.3618 -0.0400
1.4508 -3.3468 -0.0400
1.4648 -3.3351 -0.0400
1.4886 -3.3316 -0.0400
1.5153 -3.3298 -0.0400
4.0935 -5.3433 -0.0400
6.1189 -2.5018 -0.0400
6.1006 -2.4074 -0.0400
6.1655 -2.3082 -0.0400
3.7581 2.2253 -0.0400
1.3505 -1.4733 -0.0400
1.3095 -1.4994 -0.0400
1.2729 -1.5200 -0.0400
1.2485 -1.5189 -0.0400
1.2259 -1.5144 -0.0400
1.2046 -1.5077 -0.0400
1.1843 -1.4986 -0.0400
1.1650 -1.4873 -0.0400
1.1504 -1.4634 -0.0400
1.1349 -1.4403 -0.0400
1.1219 -1.4082 -0.0400
0.3012 0.4902 -0.0400
0.2502 0.4535 -0.0400
0.1966 0.4396 -0.0400
0.1298 0.5022 -0.0400
0.0639 0.5463 -0.0400
-0.0007 0.5748 -0.0400
-3.1126 1.5454 -0.0400
-3.1496 1.4396 -0.0400
-3.2125 1.3633 -0.0400
-3.3793 0.2790 -0.0400
-3.4416 0.2154 -0.0400
-3.5554 0.1857 -0.0400
-4.2303 -1.8126 -0.0400
-4.1515 -1.9132 -0.0400
-4.1068 -2.0059 -0.0400
-1.3450 -2.7068 -0.0400
-1.3155 -2.7413 -0.0400
-1.3022 -2.7757 -0.0400
-1.2057 -2.8035 -0.0400
-1.1743 -2.8340 -0.0400
-1.1526 -2.8645 -0.0400
-1.1416 -2.8958 -0.0400
-1.1353 -2.9275 -0.0400
-1.1348 -2.9600 -0.0400
-1.1432 -2.9944 -0.0400
-1.1316 -3.0253 -0.0400
-1.1018 -3.0520 -0.0400
-1.0924 -3.0827 -0.0400
-1.0942 -3.1162 -0.0400
-1.0998 -3.1510 -0.0400
-1.1159 -3.1895 -0.0400
-3.2851 -3.8976 -0.0400
-3.2877 -3.9751 -0.0400
-2.5091 -5.0996 -0.0400
-2.4315 -5.1279 -0.0400
-2.3892 -5.1832 -0.0400
-2.3852 -5.2710 -0.0400
-0.2927 -3.8460 -0.0400
-0.2424 -3.8261 -0.0400
-0.2153 -3.8336 -0.0400
-0.1886 -3.8411 -0.0400
-0.1680 -3.8565 -0.0400
-0.1491 -3.8743 -0.0400
-0.1395 -3.9063 -0.0400
-0.1296 -3.9391 -0.0400
-1.9422 -7.4816 -0.0400
-0.6784 -5.6446 -0.0400
1.4659 -8.5986 -0.0400
1.4263 -3.4141 -0.0400
1.4297 -3.3917 -0.0400
1.4328 -3.3695 -0.0400
1.4431 -3.3546 -0.0400
1.4564 -3.3424 -0.0400
1.4716 -3.3318 -0.0400
1.5005 -3.3322 -0.0400
4.0841 -5.3566 -0.0400
6.1578 -2.5193 -0.0400
6.0987 -2.4261 -0.0400
6.1257 -2.3294 -0.0400
1.3654 -1.4577 -0.0400
1.3069 -1.5153 -0.0400
1.2795 -1.5181 -0.0400
1.2544 -1.5177 -0.0400
1.2312 -1.5139 -0.0400
1.2088 -1.5089 -0.0400
1.1892 -1.4981 -0.0400
1.1704 -1.4848 -0.0400
1.1526 -1.4684 -0.0400
1.1361 -1.4478 -0.0400
1.1213 -1.4206 -0.0400
0.3026 0.4913 -0.0400
0.2514 0.4545 -0.0400
0.1944 0.4610 -0.0400
0.1234 0.5449 -0.0400
0.0629 0.5563 -0.0400
-0.0093 0.6200 -0.0400
-1.9394 2.7204 -0.0400
-3.1252 1.5593 -0.0400
-3.1398 1.4289 -0.0400
-3.2210 1.3716 -0.0400
-3.3646 0.3753 -0.0400
-3.3853 0.2807 -0.0400
-3.4594 0.2251 -0.0400
-4.2137 -1.7301 -0.0400
-4.1433 -1.8311 -0.0400
-4.0883 -1.9265 -0.0400
-4.0926 -2.0113 -0.0400
-1.3402 -2.7141 -0.0400
-1.3027 -2.7482 -0.0400
-1.2589 -2.7807 -0.0400
-1.1964 -2.8103 -0.0400
-1.1677 -2.8409 -0.0400
-1.1491 -2.8717 -0.0400
-1.1363 -2.9026 -0.0400
-1.1363 -2.9350 -0.0400
-1.1406 -2.9683 -0.0400
-1.1480 -3.0026 -0.0400
-1.1091 -3.0281 -0.0400
-1.0977 -3.0584 -0.0400
-1.0915 -3.0897 -0.0400
-1.0910 -3.1225 -0.0400
-1.1203 -3.1637 -0.0400
-3.3157 -3.8341 -0.0400
-3.3049 -3.9070 -0.0400
-2.4906 -5.0869 -0.0400
-2.4274 -5.1260 -0.0400
-2.3902 -5.1851 -0.0400
-2.3870 -5.2734 -0.0400
-0.3096 -3.8291 -0.0400
-0.2716 -3.8251 -0.0400
-0.2338 -3.8198 -0.0400
-0.2092 -3.8300 -0.0400
-0.1865 -3.8423 -0.0400
-0.1665 -3.8583 -0.0400
-0.1489 -3.8776 -0.0400
-0.1415 -3.9127 -0.0400
-0.1338 -3.9489 -0.0400
-1.9456 -7.4774 -0.0400
-0.7432 -5.6419 -0.0400
-0.6801 -5.6425 -0.0400
-0.6397 -5.6929 -0.0400
1.4536 -8.6005 -0.0400
1.9988 -7.4402 -0.0400
2.0359 -7.2600 -0.0400
1.4279 -3.3794 -0.0400
1.4353 -3.3619 -0.0400
1.4472 -3.3487 -0.0400
1.4636 -3.3392 -0.0400
1.4807 -3.3301 -0.0400
1.5232 -3.3408 -0.0400
6.1138 -2.5393 -0.0400
6.1109 -2.4443 -0.0400
1.3462 -1.5041 -0.0400
1.3137 -1.5145 -0.0400
1.2860 -1.5175 -0.0400
1.2604 -1.5174 -0.0400
1.2350 -1.5178 -0.0400
1.2137 -1.5101 -0.0400
1.1935 -1.4999 -0.0400
1.1742 -1.4876 -0.0400
1.1599 -1.4618 -0.0400
1.1444 -1.4376 -0.0400
1.1320 -1.4025 -0.0400
0.3078 0.4649 -0.0400
0.2536 0.4515 -0.0400
0.1958 0.4628 -0.0400
0.1246 0.5474 -0.0400
0.0636 0.5611 -0.0400
-3.0782 1.5076 -0.0400
-3.1380 1.4270 -0.0400
-3.2501 1.4018 -0.0400
-3.3368 0.3521 -0.0400
-3.3822 0.2761 -0.0400
-3.5145 0.2615 -0.0400
-4.2199 -1.7322 -0.0400
-4.1074 -1.8408 -0.0400
-4.0739 -1.9323 -0.0400
-1.3394 -2.6862 -0.0400
-1.3132 -2.7212 -0.0400
-1.3021 -2.7558 -0.0400
-1.2454 -2.7876 -0.0400
-1.1916 -2.8177 -0.0400
-1.1501 -2.8470 -0.0400
-1.1404 -2.8784 -0.0400
-1.1365 -2.9103 -0.0400
-1.1367 -2.9427 -0.0400
-1.1445 -2.9765 -0.0400
-1.1188 -3.0049 -0.0400
-1.1043 -3.0347 -0.0400
-1.0964 -3.0656 -0.0400
-1.0933 -3.0976 -0.0400
-1.1178 -3.1366 -0.0400
-1.1571 -3.1809 -0.0400
-3.3053 -3.8347 -0.0400
-3.2894 -3.9058 -0.0400
-2.6096 -5.0895 -0.0400
-2.4854 -5.0849 -0.0400
-2.4258 -5.1265 -0.0400
-2.3997 -5.1945 -0.0400
-2.4269 -5.3085 -0.0400
-0.2976 -3.8206 -0.0400
-0.2643 -3.8216 -0.0400
-0.2296 -3.8198 -0.0400
-0.2036 -3.8279 -0.0400
-0.1829 -3.8425 -0.0400
-0.1662 -3.8626 -0.0400
-0.1500 -3.8838 -0.0400
-0.1360 -3.9089 -0.0400
-0.1491 -3.9767 -0.0400
-2.0543 -7.4657 -0.0400
-1.9497 -7.4756 -0.0400
-0.7438 -5.6393 -0.0400
-0.6812 -5.6407 -0.0400
1.4426 -8.6075 -0.0400
1.9852 -7.4347 -0.0400
2.0218 -7.2531 -0.0400
2.0874 -7.1836 -0.0400
2.1747 -7.1848 -0.0400
1.4535 -3.3445 -0.0400
1.4739 -3.3384 -0.0400
1.4947 -3.3320 -0.0400
3.6251 -3.3915 -0.0400
3.5667 -3.3243 -0.0400
3.5222 -3.2625 -0.0400
6.1624 -2.6465 -0.0400
6.1061 -2.5520 -0.0400
6.1465 -2.4553 -0.0400
1.3724 -1.5150 -0.0400
1.3401 -1.5237 -0.0400
1.3124 -1.5257 -0.0400
1.2832 -1.5315 -0.0400
1.2609 -1.5250 -0.0400
1.2395 -1.5170 -0.0400
1.2191 -1.5069 -0.0400
1.2020 -1.4891 -0.0400
1.1846 -1.4711 -0.0400
1.1686 -1.4486 -0.0400
1.1548 -1.4184 -0.0400
0.4150 0.5396 -0.0400
0.3639 0.4800 -0.0400
0.3097 0.4633 -0.0400
0.2526 0.4709 -0.0400
0.1788 0.5830 -0.0400
-3.0072 1.5769 -0.0400
-3.0716 1.5008 -0.0400
-3.2030 1.4976 -0.0400
-3.2828 0.4207 -0.0400
-3.3471 0.3587 -0.0400
-3.4546 0.3276 -0.0400
-4.1956 -1.5605 -0.0400
-4.1401 -1.6619 -0.0400
-4.1233 -1.7532 -0.0400
-4.0599 -1.8515 -0.0400
-1.3398 -2.6559 -0.0400
-1.3027 -2.6913 -0.0400
-1.2448 -2.7251 -0.0400
-1.1925 -2.7571 -0.0400
-1.1654 -2.7885 -0.0400
-1.1508 -2.8200 -0.0400
-1.1418 -2.8515 -0.0400
-1.1396 -2.8835 -0.0400
-1.1553 -2.9177 -0.0400
-1.1394 -2.9482 -0.0400
-1.1192 -2.9776 -0.0400
-1.1063 -3.0078 -0.0400
-1.1010 -3.0391 -0.0400
-1.1156 -3.0748 -0.0400
-1.1377 -3.1129 -0.0400
-3.3622 -3.7018 -0.0400
-3.3221 -3.7666 -0.0400
-2.6063 -5.0016 -0.0400
-2.5137 -5.0211 -0.0400
-2.4649 -5.0710 -0.0400
-2.4428 -5.1414 -0.0400
-0.3007 -3.7888 -0.0400
-0.2723 -3.7954 -0.0400
-0.2423 -3.7992 -0.0400
-0.2186 -3.8101 -0.0400
-0.1989 -3.8258 -0.0400
-0.1832 -3.8467 -0.0400
-0.1745 -3.8778 -0.0400
-0.1640 -3.9074 -0.0400
-2.1195 -7.3820 -0.0400
-2.0436 -7.4420 -0.0400
-0.7918 -5.6054 -0.0400
-0.7464 -5.6427 -0.0400
1.3306 -8.6133 -0.0400
1.8943 -7.4569 -0.0400
1.9211 -7.2283 -0.0400
2.0010 -7.2083 -0.0400
2.0912 -7.2209 -0.0400
3.5784 -3.3906 -0.0400
3.5370 -3.3280 -0.0400
3.5062 -3.2695 -0.0400
3.5338 -3.2233 -0.0400
1.2893 -1.5337 -0.0400
1.2669 -1.5269 -0.0400
1.2454 -1.5188 -0.0400
1.2259 -1.5061 -0.0400
1.2071 -1.4916 -0.0400
1.1893 -1.4743 -0.0400
1.1726 -1.4532 -0.0400
1.1709 -1.3904 -0.0400
0.4220 0.4957 -0.0400
0.3679 0.4721 -0.0400
0.3115 0.4733 -0.0400
0.2493 0.5164 -0.0400
0.1824 0.5779 -0.0400
0.1137 0.6352 -0.0400
-2.9621 1.6790 -0.0400
-2.9944 1.5637 -0.0400
-3.0729 1.5036 -0.0400
-3.2078 1.5042 -0.0400
-3.2718 0.5242 -0.0400
-3.2788 0.4161 -0.0400
-3.3596 0.3666 -0.0400
-4.2142 -1.5592 -0.0400
-4.1057 -1.6726 -0.0400
-4.0469 -1.7715 -0.0400
-4.0822 -1.8509 -0.0400
-1.3410 -2.6281 -0.0400
-1.3137 -2.6641 -0.0400
-1.3029 -2.6990 -0.0400
-1.2462 -2.7329 -0.0400
-1.1922 -2.7649 -0.0400
-1.1520 -2.7957 -0.0400
-1.1434 -2.8274 -0.0400
-1.1422 -2.8594 -0.0400
-1.1443 -2.8918 -0.0400
-1.1560 -2.9256 -0.0400
-1.1353 -2.9555 -0.0400
-1.1166 -2.9850 -0.0400
-1.1058 -3.0155 -0.0400
-1.1085 -3.0484 -0.0400
-1.1207 -3.0836 -0.0400
-1.1524 -3.1240 -0.0400
-3.3577 -3.7048 -0.0400
-3.3489 -3.7779 -0.0400
-2.5686 -4.9781 -0.0400
-2.5039 -5.0169 -0.0400
-2.4749 -5.0813 -0.0400
-2.4529 -5.1520 -0.0400
-0.3378 -3.7976 -0.0400
-0.2926 -3.7866 -0.0400
-0.2610 -3.7890 -0.0400
-0.2355 -3.7978 -0.0400
-0.2147 -3.8119 -0.0400
-0.1961 -3.8286 -0.0400
-0.1820 -3.8514 -0.0400
-0.1748 -3.8844 -0.0400
-0.1656 -3.9157 -0.0400
-2.1162 -7.3703 -0.0400
-0.8503 -5.5928 -0.0400
-0.7850 -5.5907 -0.0400
1.3197 -8.6117 -0.0400
1.8453 -7.3059 -0.0400
1.9118 -7.2336 -0.0400
1.9910 -7.2118 -0.0400
2.0813 -7.2258 -0.0400
3.5536 -3.4001 -0.0400
3.5121 -3.3378 -0.0400
3.5029 -3.2840 -0.0400
3.5166 -3.2353 -0.0400
3.5550 -3.1907 -0.0400
1.2321 -1.5079 -0.0400
1.2131 -1.4934 -0.0400
1.1950 -1.4764 -0.0400
1.1848 -1.4383 -0.0400
1.1740 -1.3987 -0.0400
0.4243 0.5166 -0.0400
0.3711 0.4777 -0.0400
0.3156 0.4693 -0.0400
0.2443 0.5802 -0.0400
0.1808 0.6114 -0.0400
-2.9525 1.6701 -0.0400
-2.9920 1.5632 -0.0400
-3.0835 1.5175 -0.0400
-3.2348 0.4931 -0.0400
-3.2818 0.4173 -0.0400
-3.3542 0.3613 -0.0400
-4.2047 -1.4737 -0.0400
-4.1669 -1.5733 -0.0400
-4.1070 -1.6755 -0.0400
-4.0522 -1.7738 -0.0400
-4.0734 -1.8558 -0.0400
-1.3136 -2.6368 -0.0400
-1.3028 -2.6720 -0.0400
-1.2494 -2.7069 -0.0400
-1.1935 -2.7400 -0.0400
-1.1659 -2.7719 -0.0400
-1.1516 -2.8036 -0.0400
-1.1429 -2.8353 -0.0400
-1.1417 -2.8673 -0.0400
-1.1593 -2.9013 -0.0400
-1.1371 -2.9313 -0.0400
-1.1194 -2.9612 -0.0400
-1.1090 -2.9918 -0.0400
-1.1053 -3.0234 -0.0400
-1.1091 -3.0564 -0.0400
-1.1236 -3.0921 -0.0400
-3.3756 -3.6385 -0.0400
-3.3385 -3.7043 -0.0400
-3.3508 -3.7826 -0.0400
-2.5544 -4.9716 -0.0400
-2.5028 -5.0195 -0.0400
-2.4711 -5.0818 -0.0400
-2.5008 -5.1923 -0.0400
-0.3733 -3.8040 -0.0400
-0.3147 -3.7803 -0.0400
-0.2808 -3.7808 -0.0400
-0.2535 -3.7877 -0.0400
-0.2304 -3.7990 -0.0400
-0.2109 -3.8144 -0.0400
-0.1950 -3.8344 -0.0400
-0.1838 -3.8608 -0.0400
-0.1802 -3.8987 -0.0400
-0.1776 -3.9396 -0.0400
-2.1169 -7.3662 -0.0400
-0.8399 -5.5735 -0.0400
-0.7816 -5.5839 -0.0400
-0.7404 -5.6282 -0.0400
1.2071 -8.6312 -0.0400
1.8580 -7.3969 -0.0400
1.9053 -7.2475 -0.0400
1.9811 -7.2139 -0.0400
3.5703 -3.4194 -0.0400
3.5338 -3.3579 -0.0400
3.4989 -3.2984 -0.0400
3.5220 -3.2515 -0.0400
3.5921 -3.2122 -0.0400
1.1913 -1.4394 -0.0400
1.1800 -1.4006 -0.0400
0.4308 0.4923 -0.0400
0.3757 0.4747 -0.0400
0.3180 0.4843 -0.0400
0.2490 0.5758 -0.0400
0.1873 0.5946 -0.0400
-2.9301 1.6464 -0.0400
-2.9933 1.5676 -0.0400
-3.0839 1.5207 -0.0400
-3.2269 0.4862 -0.0400
-3.2880 0.4217 -0.0400
-4.1904 -1.4801 -0.0400
-4.1443 -1.5815 -0.0400
-4.1067 -1.6785 -0.0400
-4.0548 -1.7764 -0.0400
-1.3429 -2.6078 -0.0400
-1.3141 -2.6445 -0.0400
-1.3031 -2.6797 -0.0400
-1.2513 -2.7147 -0.0400
-1.1667 -2.7475 -0.0400
-1.1527 -2.7795 -0.0400
-1.1443 -2.8113 -0.0400
-1.1435 -2.8433 -0.0400
-1.1461 -2.8756 -0.0400
-1.1585 -2.9092 -0.0400
-1.1360 -2.9391 -0.0400
-1.1182 -2.9690 -0.0400
-1.1095 -2.9999 -0.0400
-1.1143 -3.0329 -0.0400
-1.1304 -3.0684 -0.0400
-1.1766 -3.1111 -0.0400
-3.3828 -3.6445 -0.0400
-3.3384 -3.7087 -0.0400
-3.3459 -3.7856 -0.0400
-2.6141 -4.9324 -0.0400
-2.5491 -4.9717 -0.0400
-2.5030 -5.0234 -0.0400
-2.4768 -5.0897 -0.0400
-0.3525 -3.7906 -0.0400
-0.3046 -3.7775 -0.0400
-0.2728 -3.7800 -0.0400
-0.2454 -3.7866 -0.0400
-0.2252 -3.8009 -0.0400
-0.2078 -3.8186 -0.0400
-0.1934 -3.8402 -0.0400
-0.1835 -3.8682 -0.0400
-0.1818 -3.9086 -0.0400
-2.1214 -7.3695 -0.0400
-0.8387 -5.5727 -0.0400
-0.7871 -5.5958 -0.0400
1.2997 -8.6091 -0.0400
1.8209 -7.2868 -0.0400
1.8927 -7.2366 -0.0400
1.9771 -7.2343 -0.0400
1.9572 -4.9271 -0.0400
3.5406 -3.4273 -0.0400
3.5014 -3.3656 -0.0400
3.4955 -3.3127 -0.0400
3.5094 -3.2641 -0.0400
3.5451 -3.2192 -0.0400
0.3798 0.5029 -0.0400
0.3259 0.4717 -0.0400
0.2642 0.5085 -0.0400
0.1959 0.5785 -0.0400
0.1272 0.6346 -0.0400
-2.9964 1.5764 -0.0400
-3.0701 1.5099 -0.0400
-3.1737 1.4761 -0.0400
-3.2668 0.5193 -0.0400
-3.2797 0.4151 -0.0400
-3.3423 0.3514 -0.0400
-3.4919 0.3516 -0.0400
-4.1904 -1.5741 -0.0400
-4.1397 -1.6751 -0.0400
-4.0477 -1.7819 -0.0400
-4.0728 -1.8631 -0.0400
-1.3134 -2.6546 -0.0400
-1.3027 -2.6899 -0.0400
-1.2488 -2.7250 -0.0400
-1.1929 -2.7583 -0.0400
-1.1652 -2.7904 -0.0400
-1.1507 -2.8221 -0.0400
-1.1418 -2.8538 -0.0400
-1.1450 -2.8862 -0.0400
-1.1571 -2.9196 -0.0400
-1.1352 -2.9497 -0.0400
-1.1170 -2.9796 -0.0400
-1.1064 -3.0102 -0.0400
-1.1029 -3.0417 -0.0400
-1.1072 -3.0748 -0.0400
-1.1228 -3.1106 -0.0400
-3.4017 -3.6547 -0.0400
-3.3388 -3.7148 -0.0400
-3.3375 -3.7894 -0.0400
-2.5501 -4.9781 -0.0400
-2.4992 -5.0263 -0.0400
-2.4609 -5.0833 -0.0400
-2.4736 -5.1799 -0.0400
-0.3618 -3.8116 -0.0400
-0.3009 -3.7852 -0.0400
-0.2737 -3.7927 -0.0400
-0.2449 -3.7976 -0.0400
-0.2215 -3.8082 -0.0400
-0.2019 -3.8229 -0.0400
-0.1853 -3.8414 -0.0400
-0.1759 -3.8697 -0.0400
-0.1686 -3.9018 -0.0400
-0.1822 -3.9648 -0.0400
-2.1285 -7.3769 -0.0400
-0.7832 -5.5913 -0.0400
-0.7408 -5.6322 -0.0400
1.2888 -8.6182 -0.0400
1.8573 -7.4810 -0.0400
1.8956 -7.2925 -0.0400
1.9607 -7.2201 -0.0400
2.0421 -7.2075 -0.0400
1.9848 -4.9080 -0.0400
2.0089 -4.8630 -0.0400
2.0486 -4.8437 -0.0400
2.0839 -4.8175 -0.0400
3.6199 -3.4669 -0.0400
3.5552 -3.3977 -0.0400
3.5193 -3.3375 -0.0400
3.5055 -3.2831 -0.0400
3.5276 -3.2360 -0.0400
6.1088 -2.6337 -0.0400
6.1339 -2.5378 -0.0400
0.4952 0.5488 -0.0400
0.4416 0.4916 -0.0400
0.3858 0.4781 -0.0400
0.3271 0.4938 -0.0400
0.2583 0.5817 -0.0400
-2.8844 1.7581 -0.0400
-2.9229 1.6466 -0.0400
-2.9979 1.5812 -0.0400
-3.1090 1.5569 -0.0400
-3.1947 0.5763 -0.0400
-3.2252 0.4856 -0.0400
-3.3093 0.4391 -0.0400
-4.1580 -1.4934 -0.0400
-4.0873 -1.6004 -0.0400
-4.0271 -1.7017 -0.0400
-4.0709 -1.7790 -0.0400
-1.3334 -2.5878 -0.0400
-1.3107 -2.6247 -0.0400
-1.3019 -2.6601 -0.0400
-1.2400 -2.6965 -0.0400
-1.1647 -2.7308 -0.0400
-1.1523 -2.7631 -0.0400
-1.1446 -2.7950 -0.0400
-1.1444 -2.8271 -0.0400
-1.1473 -2.8594 -0.0400
-1.1598 -2.8926 -0.0400
-1.1382 -2.9231 -0.0400
-1.1142 -2.9526 -0.0400
-1.1116 -2.9842 -0.0400
-1.1168 -3.0171 -0.0400
-1.1333 -3.0522 -0.0400
-1.1795 -3.0937 -0.0400
-3.4354 -3.5898 -0.0400
-3.3567 -3.6476 -0.0400
-3.3446 -3.7193 -0.0400
-2.6958 -4.9109 -0.0400
-2.5968 -4.9295 -0.0400
-2.5358 -4.9712 -0.0400
-2.5089 -5.0363 -0.0400
-0.3420 -3.7612 -0.0400
-0.3109 -3.7656 -0.0400
-0.2783 -3.7674 -0.0400
-0.2538 -3.7770 -0.0400
-0.2342 -3.7916 -0.0400
-0.2166 -3.8086 -0.0400
-0.2026 -3.8300 -0.0400
-0.1931 -3.8576 -0.0400
-0.1902 -3.8947 -0.0400
-2.1995 -7.3102 -0.0400
-0.8908 -5.5561 -0.0400
-0.8269 -5.5563 -0.0400
1.1801 -8.6242 -0.0400
1.7580 -7.4542 -0.0400
1.8016 -7.2779 -0.0400
1.8766 -7.2419 -0.0400
1.9651 -7.2558 -0.0400
1.9305 -4.9125 -0.0400
1.9650 -4.8851 -0.0400
2.0057 -4.8678 -0.0400
2.0407 -4.8415 -0.0400
3.6045 -3.5275 -0.0400
3.5406 -3.4570 -0.0400
3.5090 -3.3969 -0.0400
3.4879 -3.3406 -0.0400
3.5085 -3.2935 -0.0400
3.5548 -3.2505 -0.0400
6.1281 -2.7412 -0.0400
6.1128 -2.6462 -0.0400
0.4484 0.4849 -0.0400
0.3910 0.4876 -0.0400
0.3283 0.5372 -0.0400
0.2622 0.5976 -0.0400
0.1899 0.6839 -0.0400
-2.8542 1.7261 -0.0400
-2.9124 1.6394 -0.0400
-3.0203 1.6128 -0.0400
-3.1744 0.5603 -0.0400
-3.2257 0.4872 -0.0400
-3.3188 0.4477 -0.0400
-4.1438 -1.4086 -0.0400
-4.0987 -1.5110 -0.0400
-4.0853 -1.6033 -0.0400
-4.0287 -1.7039 -0.0400
-1.3808 -2.5548 -0.0400
-1.3249 -2.5958 -0.0400
-1.3077 -2.6322 -0.0400
-1.2232 -2.6710 -0.0400
-1.1844 -2.7055 -0.0400
-1.1614 -2.7385 -0.0400
-1.1510 -2.7708 -0.0400
-1.1439 -2.8028 -0.0400
-1.1495 -2.8352 -0.0400
-1.1622 -2.8682 -0.0400
-1.1393 -2.8989 -0.0400
-1.1227 -2.9295 -0.0400
-1.1132 -2.9605 -0.0400
-1.1106 -2.9921 -0.0400
-1.1156 -3.0250 -0.0400
-1.1820 -3.0684 -0.0400
-3.4294 -3.5182 -0.0400
-3.3794 -3.5828 -0.0400
-3.3555 -3.6519 -0.0400
-2.6647 -4.8958 -0.0400
-2.5717 -4.9176 -0.0400
-2.5373 -4.9770 -0.0400
-2.5200 -5.0489 -0.0400
-2.5533 -5.1595 -0.0400
-0.3260 -3.7550 -0.0400
-0.2979 -3.7619 -0.0400
-0.2688 -3.7670 -0.0400
-0.2470 -3.7793 -0.0400
-0.2291 -3.7957 -0.0400
-0.2148 -3.8162 -0.0400
-0.2053 -3.8431 -0.0400
-0.2038 -3.8808 -0.0400
-0.2012 -3.9188 -0.0400
-2.2025 -7.3136 -0.0400
-0.8834 -5.5473 -0.0400
-0.8251 -5.5573 -0.0400
1.1720 -8.6194 -0.0400
1.7570 -7.4839 -0.0400
1.7998 -7.3017 -0.0400
1.8682 -7.2398 -0.0400
1.8991 -4.9606 -0.0400
1.9248 -4.9169 -0.0400
1.9586 -4.8885 -0.0400
1.9986 -4.8707 -0.0400
2.0406 -4.8555 -0.0400
3.5329 -3.4696 -0.0400
3.5026 -3.4099 -0.0400
3.4839 -3.3542 -0.0400
3.5030 -3.3069 -0.0400
3.5432 -3.2630 -0.0400
6.1062 -2.7598 -0.0400
6.1367 -2.6645 -0.0400
0.5101 0.5255 -0.0400
0.4549 0.4897 -0.0400
0.3981 0.4828 -0.0400
0.3380 0.5081 -0.0400
0.2648 0.6287 -0.0400
-2.8414 1.7168 -0.0400
-2.9089 1.6415 -0.0400
-2.9992 1.5940 -0.0400
-3.1695 0.5582 -0.0400
-3.2286 0.4914 -0.0400
-4.1446 -1.4101 -0.0400
-4.0653 -1.5217 -0.0400
-4.0306 -1.6187 -0.0400
-4.0565 -1.7000 -0.0400
-1.3433 -2.5655 -0.0400
-1.3148 -2.6037 -0.0400
-1.2991 -2.6400 -0.0400
-1.2069 -2.6791 -0.0400
-1.1768 -2.7132 -0.0400
-1.1574 -2.7461 -0.0400
-1.1432 -2.7784 -0.0400
-1.1457 -2.8105 -0.0400
-1.1512 -2.8429 -0.0400
-1.1635 -2.8760 -0.0400
-1.1362 -2.9065 -0.0400
-1.1157 -2.9367 -0.0400
-1.1139 -2.9685 -0.0400
-1.1196 -3.0013 -0.0400
-1.1362 -3.0360 -0.0400
-1.1806 -3.0761 -0.0400
-3.4156 -3.5201 -0.0400
-3.3880 -3.5891 -0.0400
-3.3883 -3.6637 -0.0400
-2.6159 -4.8697 -0.0400
-2.5684 -4.9205 -0.0400
-2.5388 -4.9831 -0.0400
-2.5299 -5.0610 -0.0400
-0.3485 -3.7519 -0.0400
-0.3159 -3.7551 -0.0400
-0.2828 -3.7566 -0.0400
-0.2615 -3.7695 -0.0400
-0.2416 -3.7835 -0.0400
-0.2248 -3.8010 -0.0400
-0.2135 -3.8250 -0.0400
-0.2093 -3.8582 -0.0400
-0.2025 -3.8894 -0.0400
-2.3078 -7.3012 -0.0400
-2.2018 -7.3119 -0.0400
-0.8714 -5.5314 -0.0400
-0.8291 -5.5699 -0.0400
1.0626 -8.6286 -0.0400
1.7312 -7.4008 -0.0400
1.7850 -7.2703 -0.0400
1.8622 -7.2447 -0.0400
1.9531 -7.2691 -0.0400
1.8989 -4.9736 -0.0400
1.9204 -4.9225 -0.0400
1.9528 -4.8919 -0.0400
1.9908 -4.8711 -0.0400
2.0326 -4.8562 -0.0400
3.5520 -3.4887 -0.0400
3.4892 -3.4210 -0.0400
3.4829 -3.3681 -0.0400
3.5010 -3.3207 -0.0400
3.5421 -3.2772 -0.0400
6.2999 -2.8770 -0.0400
6.1059 -2.7784 -0.0400
6.1149 -2.6834 -0.0400
0.5167 0.5453 -0.0400
0.4625 0.4865 -0.0400
0.4038 0.5000 -0.0400
0.3363 0.5914 -0.0400
0.2740 0.6118 -0.0400
-2.7997 1.8354 -0.0400
-2.8354 1.7169 -0.0400
-2.9069 1.6464 -0.0400
-3.0051 1.6079 -0.0400
-3.1686 0.5601 -0.0400
-3.2303 0.4952 -0.0400
-4.1358 -1.4140 -0.0400
-4.0622 -1.5242 -0.0400
-4.0047 -1.6269 -0.0400
-4.0506 -1.7033 -0.0400
-1.3595 -2.5343 -0.0400
-1.3216 -2.5745 -0.0400
-1.2987 -2.6119 -0.0400
-1.2316 -2.6514 -0.0400
-1.1903 -2.6871 -0.0400
-1.1670 -2.7208 -0.0400
-1.1464 -2.7537 -0.0400
-1.1440 -2.7859 -0.0400
-1.1464 -2.8181 -0.0400
-1.1543 -2.8506 -0.0400
-1.1350 -2.8819 -0.0400
-1.1215 -2.9131 -0.0400
-1.1148 -2.9444 -0.0400
-1.1139 -2.9763 -0.0400
-1.1203 -3.0092 -0.0400
-1.1907 -3.0518 -0.0400
-3.4215 -3.4515 -0.0400
-3.4152 -3.5245 -0.0400
-3.3658 -3.5891 -0.0400
-3.3721 -3.6647 -0.0400
-2.6866 -4.8378 -0.0400
-2.6126 -4.8729 -0.0400
-2.5658 -4.9241 -0.0400
-2.5383 -4.9881 -0.0400
-0.3267 -3.7416 -0.0400
-0.2997 -3.7495 -0.0400
-0.2725 -3.7567 -0.0400
-0.2536 -3.7717 -0.0400
-0.2363 -3.7884 -0.0400
-0.2240 -3.8108 -0.0400
-0.2115 -3.8334 -0.0400
-0.2130 -3.8734 -0.0400
-0.2172 -3.9186 -0.0400
-2.2786 -7.2576 -0.0400
-0.9366 -5.5388 -0.0400
-0.8684 -5.5322 -0.0400
-0.8295 -5.5768 -0.0400
1.0566 -8.6342 -0.0400
1.1597 -8.6343 -0.0400
1.7398 -7.4682 -0.0400
1.7764 -7.2613 -0.0400
1.8603 -7.2629 -0.0400
1.8811 -4.9533 -0.0400
1.9103 -4.9169 -0.0400
1.9472 -4.8947 -0.0400
1.9852 -4.8741 -0.0400
2.0242 -4.8551 -0.0400
2.0800 -4.8611 -0.0400
3.5238 -3.4955 -0.0400
3.4992 -3.4372 -0.0400
3.4761 -3.3806 -0.0400
3.4889 -3.3323 -0.0400
3.5559 -3.2937 -0.0400
6.3362 -2.8964 -0.0400
6.1106 -2.7968 -0.0400
6.1714 -2.7011 -0.0400
4.1632 1.9579 -0.0400
0.5271 0.5034 -0.0400
0.4704 0.4872 -0.0400
0.4122 0.4941 -0.0400
0.3487 0.5467 -0.0400
0.2731 0.6820 -0.0400
-2.8013 1.8468 -0.0400
-2.8323 1.7216 -0.0400
-2.9040 1.6510 -0.0400
-3.1402 0.6582 -0.0400
-3.1698 0.5644 -0.0400
-3.2533 0.5176 -0.0400
-4.0842 -1.4298 -0.0400
-4.0444 -1.5303 -0.0400
-4.0073 -1.6279 -0.0400
-4.0748 -1.6995 -0.0400
-1.3213 -2.5453 -0.0400
-1.3062 -2.5826 -0.0400
-1.3000 -2.6185 -0.0400
-1.1976 -2.6605 -0.0400
-1.1733 -2.6950 -0.0400
-1.1485 -2.7285 -0.0400
-1.1436 -2.7609 -0.0400
-1.1452 -2.7931 -0.0400
-1.1478 -2.8255 -0.0400
-1.1493 -2.8578 -0.0400
-1.1300 -2.8891 -0.0400
-1.1182 -2.9204 -0.0400
-1.1140 -2.9520 -0.0400
-1.1263 -2.9854 -0.0400
-1.1454 -3.0201 -0.0400
-3.4255 -3.3825 -0.0400
-3.4181 -3.4552 -0.0400
-3.4275 -3.5310 -0.0400
-3.3784 -3.5961 -0.0400
-2.6909 -4.8457 -0.0400
-2.6115 -4.8776 -0.0400
-2.5735 -4.9346 -0.0400
-2.5733 -5.0174 -0.0400
-0.3406 -3.7316 -0.0400
-0.3121 -3.7385 -0.0400
-0.2881 -3.7490 -0.0400
-0.2669 -3.7619 -0.0400
-0.2481 -3.7769 -0.0400
-0.2328 -3.7956 -0.0400
-0.2259 -3.8241 -0.0400
-0.2173 -3.8513 -0.0400
-0.2142 -3.8860 -0.0400
-2.2802 -7.2610 -0.0400
-0.9185 -5.5150 -0.0400
-0.8686 -5.5396 -0.0400
1.0509 -8.6351 -0.0400
1.6562 -7.5071 -0.0400
1.7023 -7.3257 -0.0400
1.7702 -7.2596 -0.0400
1.8510 -7.2506 -0.0400
1.9460 -7.2912 -0.0400
1.8824 -4.9667 -0.0400
1.9076 -4.9230 -0.0400
1.9412 -4.8955 -0.0400
1.9804 -4.8774 -0.0400
2.0285 -4.8730 -0.0400
1.3706 -3.4466 -0.0400
1.3750 -3.4280 -0.0400
1.3817 -3.4121 -0.0400
3.4727 -3.3935 -0.0400
3.4919 -3.3466 -0.0400
3.5262 -3.3022 -0.0400
6.3092 -2.9142 -0.0400
6.1023 -2.8149 -0.0400
6.1516 -2.7197 -0.0400
4.1850 1.9571 -0.0400
2.1904 -0.3399 -0.0400
0.5918 0.5600 -0.0400
0.5357 0.5048 -0.0400
0.4788 0.4883 -0.0400
0.4206 0.4932 -0.0400
0.3509 0.6059 -0.0400
0.2854 0.6487 -0.0400
-2.8215 1.7173 -0.0400
-2.9203 1.6801 -0.0400
-3.1219 0.6462 -0.0400
-3.1664 0.5655 -0.0400
-3.2993 0.5600 -0.0400
-4.1098 -1.3319 -0.0400
-4.0393 -1.4435 -0.0400
-3.9892 -1.5461 -0.0400
-4.0050 -1.6297 -0.0400
-1.3434 -2.5125 -0.0400
-1.3172 -2.5521 -0.0400
-1.2972 -2.5899 -0.0400
-1.2470 -2.6295 -0.0400
-1.1731 -2.6689 -0.0400
-1.1570 -2.7026 -0.0400
-1.1500 -2.7354 -0.0400
-1.1442 -2.7679 -0.0400
-1.1468 -2.8002 -0.0400
-1.1627 -2.8329 -0.0400
-1.1373 -2.8646 -0.0400
-1.1245 -2.8962 -0.0400
-1.1166 -2.9277 -0.0400
-1.1198 -2.9600 -0.0400
-1.1310 -2.9934 -0.0400
-1.1556 -3.0290 -0.0400
-3.4238 -3.3864 -0.0400
-3.4422 -3.4632 -0.0400
-3.3783 -3.5264 -0.0400
-3.3735 -3.5994 -0.0400
-2.7391 -4.7989 -0.0400
-2.6488 -4.8256 -0.0400
-2.5979 -4.8746 -0.0400
-2.5688 -4.9371 -0.0400
-2.5652 -5.0174 -0.0400
-0.3593 -3.7260 -0.0400
-0.3269 -3.7300 -0.0400
-0.3011 -3.7391 -0.0400
-0.2790 -3.7512 -0.0400
-0.2592 -3.7652 -0.0400
-0.2439 -3.7838 -0.0400
-0.2307 -3.8047 -0.0400
-0.2197 -3.8285 -0.0400
-0.2286 -3.8759 -0.0400
-2.2885 -7.2749 -0.0400
-0.9831 -5.5216 -0.0400
-0.9089 -5.5064 -0.0400
-0.8645 -5.5400 -0.0400
1.0456 -8.6331 -0.0400
1.6597 -7.5503 -0.0400
1.6884 -7.2855 -0.0400
1.7655 -7.2623 -0.0400
1.8533 -7.2809 -0.0400
1.8505 -5.0094 -0.0400
1.8690 -4.9519 -0.0400
1.9000 -4.9196 -0.0400
1.9382 -4.9002 -0.0400
1.9746 -4.8779 -0.0400
2.0169 -4.8649 -0.0400
1.3717 -3.4788 -0.0400
1.3677 -3.4514 -0.0400
1.3712 -3.4322 -0.0400
1.3775 -3.4161 -0.0400
1.3848 -3.4011 -0.0400
1.3962 -3.3898 -0.0400
1.4091 -3.3798 -0.0400
6.2839 -2.9318 -0.0400
6.1002 -2.8328 -0.0400
6.1509 -2.7378 -0.0400
4.2733 1.8825 -0.0400
2.2501 -0.3562 -0.0400
1.4719 -1.5397 -0.0400
1.4357 -1.5504 -0.0400
1.4001 -1.5621 -0.0400
0.6571 0.5475 -0.0400
0.5997 0.5081 -0.0400
0.5423 0.4952 -0.0400
0.4808 0.5478 -0.0400
0.4162 0.6147 -0.0400
0.3521 0.6517 -0.0400
-2.6791 1.8700 -0.0400
-2.7411 1.7844 -0.0400
-2.8337 1.7399 -0.0400
-3.0571 0.8377 -0.0400
-3.0573 0.7126 -0.0400
-3.1095 0.6383 -0.0400
-4.0858 -1.2472 -0.0400
-4.0100 -1.3626 -0.0400
-3.9620 -1.4660 -0.0400
-4.0262 -1.5368 -0.0400
-1.3190 -2.4836 -0.0400
-1.3048 -2.5218 -0.0400
-1.2943 -2.5589 -0.0400
-1.1860 -2.6056 -0.0400
-1.1678 -2.6406 -0.0400
-1.1476 -2.6749 -0.0400
-1.1443 -2.7077 -0.0400
-1.1471 -2.7400 -0.0400
-1.1550 -2.7723 -0.0400
-1.1664 -2.8048 -0.0400
-1.1307 -2.8369 -0.0400
-1.1216 -2.8687 -0.0400
-1.1226 -2.9008 -0.0400
-1.1302 -2.9335 -0.0400
-1.1465 -2.9672 -0.0400
-1.1826 -3.0038 -0.0400
-3.4389 -3.3174 -0.0400
-3.4408 -3.3915 -0.0400
-3.3899 -3.4575 -0.0400
-3.3879 -3.5309 -0.0400
-2.8118 -4.7633 -0.0400
-2.6885 -4.7731 -0.0400
-2.6363 -4.8218 -0.0400
-2.6298 -4.8984 -0.0400
-0.4046 -3.7064 -0.0400
-0.3630 -3.7041 -0.0400
-0.3336 -3.7108 -0.0400
-0.3096 -3.7217 -0.0400
-0.2874 -3.7337 -0.0400
-0.2720 -3.7519 -0.0400
-0.2587 -3.7723 -0.0400
-0.2479 -3.7956 -0.0400
-0.2557 -3.8394 -0.0400
-2.4369 -7.1600 -0.0400
-2.3623 -7.2174 -0.0400
-1.0202 -5.4808 -0.0400
-0.9524 -5.4773 -0.0400
-0.9167 -5.5251 -0.0400
1.5496 -7.4360 -0.0400
1.6072 -7.3042 -0.0400
1.6827 -7.2734 -0.0400
1.7664 -7.2793 -0.0400
1.8320 -4.9795 -0.0400
1.8598 -4.9407 -0.0400
1.8970 -4.9202 -0.0400
1.9348 -4.9005 -0.0400
1.9875 -4.9052 -0.0400
1.3673 -3.5030 -0.0400
1.3540 -3.4655 -0.0400
1.3562 -3.4448 -0.0400
1.3589 -3.4253 -0.0400
1.3686 -3.4127 -0.0400
1.3798 -3.4016 -0.0400
1.3928 -3.3919 -0.0400
1.4154 -3.3900 -0.0400
1.4395 -3.3886 -0.0400
6.1240 -3.0347 -0.0400
6.0891 -2.9388 -0.0400
6.1693 -2.8452 -0.0400
4.2134 1.9332 -0.0400
2.2113 -0.3576 -0.0400
2.1549 -0.3541 -0.0400
1.4229 -1.5520 -0.0400
1.3937 -1.5527 -0.0400
1.3630 -1.5574 -0.0400
1.3388 -1.5504 -0.0400
1.3150 -1.5427 -0.0400
0.4336 0.5579 -0.0400
0.3688 0.6102 -0.0400
0.3034 0.6508 -0.0400
-2.7347 1.7916 -0.0400
-2.8174 1.7340 -0.0400
-2.9460 1.7331 -0.0400
-3.1168 0.7765 -0.0400
-3.1122 0.6483 -0.0400
-3.1914 0.5977 -0.0400
-4.1422 -1.2284 -0.0400
-4.0472 -1.3512 -0.0400
-4.0324 -1.4461 -0.0400
-3.9816 -1.5493 -0.0400
-4.0384 -1.6228 -0.0400
-1.3466 -2.4865 -0.0400
-1.3210 -2.5270 -0.0400
-1.2988 -2.5659 -0.0400
-1.2278 -2.6091 -0.0400
-1.1730 -2.6483 -0.0400
-1.1590 -2.6825 -0.0400
-1.1455 -2.7160 -0.0400
-1.1439 -2.7487 -0.0400
-1.1468 -2.7811 -0.0400
-1.1653 -2.8136 -0.0400
-1.1410 -2.8461 -0.0400
-1.1201 -2.8778 -0.0400
-1.1172 -2.9097 -0.0400
-1.1175 -2.9419 -0.0400
-1.1374 -2.9758 -0.0400
-1.1620 -3.0110 -0.0400
-3.4269 -3.3209 -0.0400
-3.4367 -3.3959 -0.0400
-3.4071 -3.4654 -0.0400
-3.3739 -3.5337 -0.0400
-2.6950 -4.7842 -0.0400
-2.6321 -4.8268 -0.0400
-2.5946 -4.8838 -0.0400
-2.5803 -4.9560 -0.0400
-0.3733 -3.7273 -0.0400
-0.3356 -3.7274 -0.0400
-0.3006 -3.7285 -0.0400
-0.2809 -3.7428 -0.0400
-0.2639 -3.7595 -0.0400
-0.2492 -3.7783 -0.0400
-0.2370 -3.7999 -0.0400
-0.2403 -3.8386 -0.0400
-0.2469 -3.8826 -0.0400
-2.3533 -7.2080 -0.0400
-1.0185 -5.4897 -0.0400
-0.9534 -5.4904 -0.0400
-0.9011 -5.5105 -0.0400
0.9347 -8.6316 -0.0400
1.0358 -8.6150 -0.0400
1.5690 -7.5715 -0.0400
1.6224 -7.4064 -0.0400
1.6810 -7.2899 -0.0400
1.7601 -7.2763 -0.0400
1.8611 -7.3485 -0.0400
1.8376 -5.0004 -0.0400
1.8593 -4.9500 -0.0400
1.8918 -4.9212 -0.0400
1.9308 -4.9041 -0.0400
1.9660 -4.8806 -0.0400
2.0104 -4.8716 -0.0400
1.3684 -3.4652 -0.0400
1.3610 -3.4358 -0.0400
1.3679 -3.4208 -0.0400
1.3768 -3.4078 -0.0400
1.3872 -3.3962 -0.0400
1.4038 -3.3896 -0.0400
1.4210 -3.3832 -0.0400
1.4441 -3.3810 -0.0400
6.1433 -2.9635 -0.0400
6.0889 -2.8679 -0.0400
6.1194 -2.7735 -0.0400
4.3080 1.8663 -0.0400
2.2052 -0.3852 -0.0400
1.4647 -1.5464 -0.0400
1.4227 -1.5681 -0.0400
1.3956 -1.5652 -0.0400
1.3682 -1.5637 -0.0400
1.3452 -1.5542 -0.0400
1.3239 -1.5414 -0.0400
1.3032 -1.5270 -0.0400
1.2867 -1.5024 -0.0400
-2.6593 1.8683 -0.0400
-2.7314 1.7958 -0.0400
-2.8376 1.7683 -0.0400
-2.9928 0.7888 -0.0400
-3.0443 0.7129 -0.0400
-3.1302 0.6690 -0.0400
-4.0901 -1.1513 -0.0400
-4.0108 -1.2710 -0.0400
-3.9654 -1.3762 -0.0400
-3.9674 -1.4648 -0.0400
-1.3191 -2.4577 -0.0400
-1.2956 -2.4981 -0.0400
-1.2907 -2.5348 -0.0400
-1.1846 -2.5838 -0.0400
-1.1697 -2.6191 -0.0400
-1.1493 -2.6542 -0.0400
-1.1419 -2.6876 -0.0400
-1.1456 -2.7200 -0.0400
-1.1516 -2.7525 -0.0400
-1.1548 -2.7851 -0.0400
-1.1284 -2.8179 -0.0400
-1.1219 -2.8500 -0.0400
-1.1229 -2.8822 -0.0400
-1.1290 -2.9148 -0.0400
-1.1651 -2.9496 -0.0400
-3.4672 -3.1801 -0.0400
-3.4376 -3.2509 -0.0400
-3.4705 -3.3285 -0.0400
-3.4039 -3.3937 -0.0400
-3.4222 -3.4702 -0.0400
-2.7026 -4.7134 -0.0400
-2.6615 -4.7686 -0.0400
-2.6435 -4.8374 -0.0400
-2.6665 -4.9325 -0.0400
-0.3951 -3.6887 -0.0400
-0.3594 -3.6914 -0.0400
-0.3327 -3.7006 -0.0400
-0.3108 -3.7133 -0.0400
-0.2920 -3.7285 -0.0400
-0.2760 -3.7459 -0.0400
-0.2687 -3.7718 -0.0400
-0.2619 -3.7989 -0.0400
-0.2609 -3.8327 -0.0400
-2.5145 -7.1126 -0.0400
-2.4399 -7.1697 -0.0400
-0.9904 -5.4522 -0.0400
-0.9534 -5.4966 -0.0400
0.8303 -8.6160 -0.0400
1.4744 -7.5300 -0.0400
1.5282 -7.3571 -0.0400
1.5962 -7.2851 -0.0400
1.6784 -7.2886 -0.0400
1.7764 -7.3564 -0.0400
1.8104 -5.0468 -0.0400
1.8143 -4.9592 -0.0400
1.8510 -4.9387 -0.0400
1.8891 -4.9206 -0.0400
1.9282 -4.9042 -0.0400
1.9860 -4.9182 -0.0400
1.3499 -3.4963 -0.0400
1.3443 -3.4672 -0.0400
1.3473 -3.4480 -0.0400
1.3534 -3.4323 -0.0400
1.3615 -3.4187 -0.0400
1.3729 -3.4083 -0.0400
1.3867 -3.3998 -0.0400
1.4032 -3.3933 -0.0400
1.4242 -3.3901 -0.0400
6.0784 -2.9731 -0.0400
4.2432 1.9099 -0.0400
2.1779 -0.3698 -0.0400
1.4584 -1.5370 -0.0400
1.4220 -1.5493 -0.0400
1.3868 -1.5614 -0.0400
1.3610 -1.5569 -0.0400
1.3360 -1.5513 -0.0400
1.3137 -1.5403 -0.0400
1.2944 -1.5224 -0.0400
1.2744 -1.5051 -0.0400
1.2612 -1.4700 -0.0400
1.2458 -1.4382 -0.0400
-2.6645 1.8949 -0.0400
-2.7211 1.8004 -0.0400
-2.8117 1.7525 -0.0400
-3.0573 0.7353 -0.0400
-3.0984 0.6497 -0.0400
-3.1766 0.5979 -0.0400
-4.0884 -1.2440 -0.0400
-4.0176 -1.3589 -0.0400
-3.9883 -1.4579 -0.0400
-3.9959 -1.5449 -0.0400
-1.3159 -2.5011 -0.0400
-1.2979 -2.5402 -0.0400
-1.2116 -2.5872 -0.0400
-1.1718 -2.6259 -0.0400
-1.1502 -2.6614 -0.0400
-1.1427 -2.6950 -0.0400
-1.1423 -2.7278 -0.0400
-1.1454 -2.7604 -0.0400
-1.1592 -2.7928 -0.0400
-1.1382 -2.8259 -0.0400
-1.1212 -2.8582 -0.0400
-1.1184 -2.8904 -0.0400
-1.1216 -2.9229 -0.0400
-1.1442 -2.9568 -0.0400
-1.1685 -2.9917 -0.0400
-3.4357 -3.2549 -0.0400
-3.4275 -3.3275 -0.0400
-3.4103 -3.3990 -0.0400
-3.3829 -3.4687 -0.0400
-3.3855 -3.5429 -0.0400
-2.7513 -4.7475 -0.0400
-2.6701 -4.7809 -0.0400
-2.6233 -4.8327 -0.0400
-2.5986 -4.8977 -0.0400
-0.3694 -3.7142 -0.0400
-0.3349 -3.7175 -0.0400
-0.3027 -3.7215 -0.0400
-0.2844 -3.7370 -0.0400
-0.2690 -3.7550 -0.0400
-0.2562 -3.7755 -0.0400
-0.2464 -3.7994 -0.0400
-0.2405 -3.8277 -0.0400
-0.2424 -3.8652 -0.0400
-2.4308 -7.1619 -0.0400
-0.9888 -5.4624 -0.0400
-0.9407 -5.4891 -0.0400
0.9278 -8.6142 -0.0400
1.5485 -7.4907 -0.0400
1.5998 -7.3214 -0.0400
1.6709 -7.2713 -0.0400
1.7547 -7.2809 -0.0400
1.8254 -4.9876 -0.0400
1.8517 -4.9470 -0.0400
1.8853 -4.9212 -0.0400
1.9254 -4.9069 -0.0400
1.9709 -4.9010 -0.0400
1.3602 -3.4671 -0.0400
1.3538 -3.4392 -0.0400
1.3607 -3.4247 -0.0400
1.3698 -3.4124 -0.0400
1.3805 -3.4015 -0.0400
1.3932 -3.3924 -0.0400
1.4082 -3.3849 -0.0400
1.4474 -3.3958 -0.0400
2.2499 -0.3758 -0.0400
2.1919 -0.3742 -0.0400
1.4768 -1.5292 -0.0400
1.4365 -1.5479 -0.0400
1.3987 -1.5644 -0.0400
1.3723 -1.5606 -0.0400
1.3478 -1.5539 -0.0400
1.3244 -1.5448 -0.0400
1.3030 -1.5314 -0.0400
1.2858 -1.5076 -0.0400
1.2672 -1.4859 -0.0400
1.2613 -1.4292 -0.0400
-2.6926 1.9501 -0.0400
-2.7203 1.8143 -0.0400
-2.8322 1.7935 -0.0400
-3.0100 0.8253 -0.0400
-3.0358 0.7235 -0.0400
-3.1032 0.6621 -0.0400
-4.0867 -1.2428 -0.0400
-4.0179 -1.3573 -0.0400
-3.9717 -1.4617 -0.0400
-4.0403 -1.5317 -0.0400
-1.3385 -2.4643 -0.0400
-1.3010 -2.5078 -0.0400
-1.2924 -2.5454 -0.0400
-1.1981 -2.5936 -0.0400
-1.1661 -2.6314 -0.0400
-1.1488 -2.6665 -0.0400
-1.1392 -2.7004 -0.0400
-1.1434 -2.7330 -0.0400
-1.1544 -2.7654 -0.0400
-1.1479 -2.7986 -0.0400
-1.1268 -2.8316 -0.0400
-1.1206 -2.8640 -0.0400
-1.1181 -2.8963 -0.0400
-1.1284 -2.9292 -0.0400
-1.1573 -2.9637 -0.0400
-1.1939 -2.9999 -0.0400
-3.4320 -3.2573 -0.0400
-3.4517 -3.3333 -0.0400
-3.4091 -3.4019 -0.0400
-3.3909 -3.4730 -0.0400
-3.4431 -3.5560 -0.0400
-2.7054 -4.7276 -0.0400
-2.6559 -4.7782 -0.0400
-2.6281 -4.8411 -0.0400
-2.6260 -4.9203 -0.0400
-0.3763 -3.6994 -0.0400
-0.3431 -3.7041 -0.0400
-0.3176 -3.7142 -0.0400
-0.2964 -3.7275 -0.0400
-0.2785 -3.7433 -0.0400
-0.2634 -3.7616 -0.0400
-0.2587 -3.7899 -0.0400
-0.2545 -3.8195 -0.0400
-0.2605 -3.8605 -0.0400
-2.4287 -7.1628 -0.0400
-1.0447 -5.4568 -0.0400
-0.9815 -5.4612 -0.0400
-0.9405 -5.4988 -0.0400
0.8246 -8.6386 -0.0400
0.9260 -8.6334 -0.0400
1.5219 -7.3516 -0.0400
1.5918 -7.2910 -0.0400
1.6674 -7.2649 -0.0400
1.7567 -7.3002 -0.0400
1.8139 -4.9687 -0.0400
1.8468 -4.9415 -0.0400
1.8851 -4.9247 -0.0400
1.9209 -4.9034 -0.0400
1.9628 -4.8922 -0.0400
1.3559 -3.4889 -0.0400
1.3507 -3.4615 -0.0400
1.3535 -3.4429 -0.0400
1.3594 -3.4276 -0.0400
1.3672 -3.4144 -0.0400
1.3788 -3.4046 -0.0400
1.3928 -3.3967 -0.0400
1.4098 -3.3910 -0.0400
1.4332 -3.3898 -0.0400
2.2741 -0.3643 -0.0400
2.2082 -0.3752 -0.0400
2.1565 -0.3641 -0.0400
1.4417 -1.5639 -0.0400
1.4119 -1.5654 -0.0400
1.3846 -1.5631 -0.0400
1.3592 -1.5577 -0.0400
1.3353 -1.5496 -0.0400
1.3137 -1.5365 -0.0400
1.2929 -1.5211 -0.0400
1.2782 -1.4900 -0.0400
1.2615 -1.4617 -0.0400
-2.6426 1.8968 -0.0400
-2.7068 1.8121 -0.0400
-2.8036 1.7717 -0.0400
-3.0392 0.7360 -0.0400
-3.0938 0.6624 -0.0400
-4.0890 -1.2397 -0.0400
-4.0216 -1.3543 -0.0400
-3.9704 -1.4604 -0.0400
-1.3317 -2.4692 -0.0400
-1.2984 -2.5120 -0.0400
-1.2923 -2.5494 -0.0400
-1.1804 -2.6002 -0.0400
-1.1535 -2.6373 -0.0400
-1.1437 -2.6716 -0.0400
-1.1405 -2.7050 -0.0400
-1.1444 -2.7378 -0.0400
-1.1562 -2.7703 -0.0400
-1.1346 -2.8040 -0.0400
-1.1219 -2.8369 -0.0400
-1.1182 -2.8694 -0.0400
-1.1239 -2.9020 -0.0400
-1.1434 -2.9355 -0.0400
-1.1601 -2.9695 -0.0400
-3.4631 -3.1887 -0.0400
-3.4283 -3.2594 -0.0400
-3.4504 -3.3357 -0.0400
-3.3991 -3.4032 -0.0400
-3.3943 -3.4764 -0.0400
-2.7988 -4.7042 -0.0400
-2.7055 -4.7328 -0.0400
-2.6543 -4.7827 -0.0400
-2.6239 -4.8441 -0.0400
-0.4242 -3.7152 -0.0400
-0.3682 -3.7040 -0.0400
-0.3261 -3.7016 -0.0400
-0.3056 -3.7155 -0.0400
-0.2883 -3.7320 -0.0400
-0.2738 -3.7507 -0.0400
-0.2623 -3.7723 -0.0400
-0.2542 -3.7975 -0.0400
-0.2506 -3.8277 -0.0400
-0.2598 -3.8720 -0.0400
-1.0380 -5.4568 -0.0400
-0.9761 -5.4631 -0.0400
-0.9398 -5.5081 -0.0400
0.8225 -8.6227 -0.0400
0.9239 -8.6322 -0.0400
1.5201 -7.3493 -0.0400
1.5875 -7.2763 -0.0400
1.6659 -7.2660 -0.0400
1.7717 -7.3743 -0.0400
1.7900 -5.0171 -0.0400
1.8134 -4.9701 -0.0400
1.8453 -4.9413 -0.0400
1.8824 -4.9227 -0.0400
1.9221 -4.9086 -0.0400
1.9774 -4.9201 -0.0400
1.3438 -3.4575 -0.0400
1.3485 -3.4412 -0.0400
1.3554 -3.4272 -0.0400
1.3643 -3.4153 -0.0400
1.3750 -3.4050 -0.0400
1.3877 -3.3964 -0.0400
1.4030 -3.3896 -0.0400
1.4497 -3.4071 -0.0400
2.2153 -0.3918 -0.0400
1.5019 -1.5354 -0.0400
1.4594 -1.5574 -0.0400
1.4267 -1.5637 -0.0400
1.3980 -1.5638 -0.0400
1.3696 -1.5642 -0.0400
1.3464 -1.5545 -0.0400
1.3243 -1.5423 -0.0400
1.3032 -1.5276 -0.0400
1.2881 -1.4974 -0.0400
1.2713 -1.4694 -0.0400
1.2588 -1.4272 -0.0400
-2.6532 1.9296 -0.0400
-2.7044 1.8258 -0.0400
-2.8347 1.8288 -0.0400
-2.9876 0.8237 -0.0400
-3.0257 0.7332 -0.0400
-3.1043 0.6817 -0.0400
-4.0712 -1.1486 -0.0400
-4.0277 -1.2575 -0.0400
-3.9521 -1.3737 -0.0400
-3.9747 -1.4569 -0.0400
-1.3424 -2.4324 -0.0400
-1.3129 -2.4758 -0.0400
-1.2921 -2.5164 -0.0400
-1.1981 -2.5670 -0.0400
-1.1770 -2.6045 -0.0400
-1.1510 -2.6416 -0.0400
-1.1427 -2.6759 -0.0400
-1.1434 -2.7091 -0.0400
-1.1517 -2.7418 -0.0400
-1.1562 -2.7749 -0.0400
-1.1313 -2.8088 -0.0400
-1.1204 -2.8418 -0.0400
-1.1183 -2.8744 -0.0400
-1.1315 -2.9073 -0.0400
-1.1551 -2.9412 -0.0400
-3.4956 -3.1187 -0.0400
-3.4373 -3.1886 -0.0400
-3.4350 -3.2622 -0.0400
-3.4568 -3.3386 -0.0400
-3.3895 -3.4044 -0.0400
-3.4141 -3.4818 -0.0400
-2.7881 -4.7035 -0.0400
-2.7021 -4.7360 -0.0400
-2.6558 -4.7887 -0.0400
-2.6482 -4.8637 -0.0400
-0.4209 -3.6921 -0.0400
-0.3740 -3.6885 -0.0400
-0.3437 -3.6959 -0.0400
-0.3196 -3.7074 -0.0400
-0.2996 -3.7218 -0.0400
-0.2827 -3.7385 -0.0400
-0.2732 -3.7618 -0.0400
-0.2660 -3.7875 -0.0400
-0.2635 -3.8184 -0.0400
-0.2766 -3.8655 -0.0400
-2.5181 -7.1336 -0.0400
-2.4369 -7.1821 -0.0400
-1.0338 -5.4608 -0.0400
-0.9825 -5.4832 -0.0400
0.8209 -8.6065 -0.0400
1.4693 -7.5486 -0.0400
1.5157 -7.3291 -0.0400
1.5858 -7.2726 -0.0400
1.6642 -7.2635 -0.0400
1.7651 -7.3519 -0.0400
1.7881 -5.0139 -0.0400
1.8122 -4.9686 -0.0400
1.8444 -4.9410 -0.0400
1.8817 -4.9232 -0.0400
1.9196 -4.9063 -0.0400
1.9697 -4.9096 -0.0400
1.3490 -3.4866 -0.0400
1.3457 -3.4616 -0.0400
1.3488 -3.4438 -0.0400
1.3547 -3.4291 -0.0400
1.3624 -3.4164 -0.0400
1.3741 -3.4072 -0.0400
1.3880 -3.3998 -0.0400
1.4051 -3.3947 -0.0400
1.4293 -3.3948 -0.0400
2.2998 -0.3792 -0.0400
2.2334 -0.3904 -0.0400
2.1826 -0.3774 -0.0400
1.4827 -1.5413 -0.0400
1.4356 -1.5736 -0.0400
1.4077 -1.5722 -0.0400
1.3818 -1.5675 -0.0400
1.3579 -1.5590 -0.0400
1.3350 -1.5485 -0.0400
1.3163 -1.5280 -0.0400
1.2972 -1.5073 -0.0400
1.2798 -1.4811 -0.0400
1.2655 -1.4443 -0.0400
-2.5901 2.0391 -0.0400
-2.6166 1.8968 -0.0400
-2.6920 1.8271 -0.0400
-2.7999 1.8007 -0.0400
-3.0221 0.8692 -0.0400
-3.0252 0.7437 -0.0400
-3.1415 0.7267 -0.0400
-4.0632 -1.1478 -0.0400
-4.0069 -1.2612 -0.0400
-3.9862 -1.3600 -0.0400
-4.0097 -1.4438 -0.0400
-1.3325 -2.4369 -0.0400
-1.3073 -2.4796 -0.0400
-1.2921 -2.5193 -0.0400
-1.1820 -2.5727 -0.0400
-1.1648 -2.6095 -0.0400
-1.1462 -2.6457 -0.0400
-1.1420 -2.6797 -0.0400
-1.1458 -2.7128 -0.0400
-1.1575 -2.7455 -0.0400
-1.1454 -2.7795 -0.0400
-1.1265 -2.8133 -0.0400
-1.1202 -2.8462 -0.0400
-1.1236 -2.8790 -0.0400
-1.1359 -2.9122 -0.0400
-1.1646 -2.9465 -0.0400
-3.4943 -3.1200 -0.0400
-3.4297 -3.1897 -0.0400
-3.4443 -3.2648 -0.0400
-3.4043 -3.3345 -0.0400
-3.3946 -3.4071 -0.0400
-2.7685 -4.6979 -0.0400
-2.6824 -4.7302 -0.0400
-2.6555 -4.7935 -0.0400
-2.6494 -4.8695 -0.0400
-0.4048 -3.6909 -0.0400
-0.3646 -3.6920 -0.0400
-0.3278 -3.6944 -0.0400
-0.3086 -3.7096 -0.0400
-0.2925 -3.7271 -0.0400
-0.2792 -3.7469 -0.0400
-0.2686 -3.7692 -0.0400
-0.2617 -3.7953 -0.0400
-0.2602 -3.8271 -0.0400
-2.4972 -7.1105 -0.0400
-1.0771 -5.4366 -0.0400
-1.0122 -5.4396 -0.0400
-0.9754 -5.4831 -0.0400
0.8200 -8.6074 -0.0400
1.4592 -7.4865 -0.0400
1.5090 -7.2923 -0.0400
1.5850 -7.2711 -0.0400
1.6647 -7.2688 -0.0400
1.7837 -5.0042 -0.0400
1.8067 -4.9576 -0.0400
1.8440 -4.9404 -0.0400
1.8808 -4.9221 -0.0400
1.9186 -4.9056 -0.0400
1.3490 -3.5099 -0.0400
1.3379 -3.4761 -0.0400
1.3394 -3.4566 -0.0400
1.3445 -3.4412 -0.0400
1.3515 -3.4279 -0.0400
1.3603 -3.4165 -0.0400
1.3710 -3.4067 -0.0400
1.3836 -3.3986 -0.0400
1.4093 -3.4008 -0.0400
2.2811 -0.4280 -0.0400
2.2353 -0.4065 -0.0400
1.5090 -1.5657 -0.0400
1.4723 -1.5777 -0.0400
1.4421 -1.5795 -0.0400
1.4146 -1.5772 -0.0400
1.3886 -1.5725 -0.0400
1.3665 -1.5601 -0.0400
1.3457 -1.5447 -0.0400
1.3262 -1.5258 -0.0400
1.3082 -1.5020 -0.0400
1.3121 -1.4196 -0.0400
-2.5341 1.9708 -0.0400
-2.6199 1.9145 -0.0400
-2.9089 0.8947 -0.0400
-2.9565 0.8124 -0.0400
-3.0437 0.7691 -0.0400
-4.0350 -1.0600 -0.0400
-3.9792 -1.1752 -0.0400
-3.9409 -1.2811 -0.0400
-1.2990 -2.4076 -0.0400
-1.2906 -2.4470 -0.0400
-1.2901 -2.4843 -0.0400
-1.1746 -2.5410 -0.0400
-1.1584 -2.5781 -0.0400
-1.1439 -2.6143 -0.0400
-1.1439 -2.6481 -0.0400
-1.1486 -2.6813 -0.0400
-1.1674 -2.7134 -0.0400
-1.1338 -2.7494 -0.0400
-1.1275 -2.7829 -0.0400
-1.1232 -2.8160 -0.0400
-1.1315 -2.8489 -0.0400
-1.1535 -2.8821 -0.0400
-1.2140 -2.9170 -0.0400
-3.4651 -3.0449 -0.0400
-3.4379 -3.1174 -0.0400
-3.4556 -3.1925 -0.0400
-3.4134 -3.2628 -0.0400
-3.4187 -3.3372 -0.0400
-2.7518 -4.6149 -0.0400
-2.7142 -4.6727 -0.0400
-2.6933 -4.7392 -0.0400
-2.6947 -4.8189 -0.0400
-0.3846 -3.6535 -0.0400
-0.3589 -3.6649 -0.0400
-0.3378 -3.6791 -0.0400
-0.3198 -3.6954 -0.0400
-0.3047 -3.7137 -0.0400
-0.2981 -3.7391 -0.0400
-0.2928 -3.7660 -0.0400
-0.2934 -3.7987 -0.0400
-2.5667 -7.0505 -0.0400
-1.1239 -5.4137 -0.0400
-1.0588 -5.4178 -0.0400
0.6186 -8.6116 -0.0400
0.7191 -8.6081 -0.0400
1.3617 -7.3747 -0.0400
1.4299 -7.2944 -0.0400
1.5066 -7.2779 -0.0400
1.5911 -7.3040 -0.0400
1.7158 -5.0546 -0.0400
1.7393 -5.0058 -0.0400
1.7679 -4.9703 -0.0400
1.8066 -4.9566 -0.0400
1.8425 -4.9370 -0.0400
1.8965 -4.9506 -0.0400
1.3277 -3.4870 -0.0400
1.3278 -3.4658 -0.0400
1.3287 -3.4463 -0.0400
1.3372 -3.4347 -0.0400
1.3473 -3.4247 -0.0400
1.3591 -3.4163 -0.0400
1.3731 -3.4097 -0.0400
1.3903 -3.4054 -0.0400
1.4151 -3.4070 -0.0400
3.4441 -3.6490 -0.0400
3.4256 -3.5933 -0.0400
3.4272 -3.5438 -0.0400
2.2626 -0.3998 -0.0400
2.2092 -0.3911 -0.0400
2.1664 -0.3644 -0.0400
1.4629 -1.5766 -0.0400
1.4332 -1.5779 -0.0400
1.4061 -1.5751 -0.0400
1.3812 -1.5684 -0.0400
1.3579 -1.5586 -0.0400
1.3358 -1.5458 -0.0400
1.3194 -1.5189 -0.0400
1.3021 -1.4923 -0.0400
1.2885 -1.4538 -0.0400
-2.5905 1.9004 -0.0400
-2.6841 1.8552 -0.0400
-2.8401 1.8915 -0.0400
-2.9482 0.8214 -0.0400
-3.0180 0.7611 -0.0400
-4.0629 -1.1391 -0.0400
-4.0056 -1.2535 -0.0400
-3.9542 -1.3627 -0.0400
-1.3177 -2.4435 -0.0400
-1.2901 -2.4867 -0.0400
-1.2216 -2.5357 -0.0400
-1.1587 -2.5812 -0.0400
-1.1505 -2.6168 -0.0400
-1.1465 -2.6514 -0.0400
-1.1469 -2.6852 -0.0400
-1.1532 -2.7185 -0.0400
-1.1552 -2.7522 -0.0400
-1.1286 -2.7873 -0.0400
-1.1240 -2.8207 -0.0400
-1.1253 -2.8538 -0.0400
-1.1407 -2.8870 -0.0400
-1.1565 -2.9208 -0.0400
-3.5660 -3.0497 -0.0400
-3.4503 -3.1191 -0.0400
-3.4384 -3.1924 -0.0400
-3.4402 -3.2667 -0.0400
-3.3964 -3.3363 -0.0400
-3.4149 -3.4126 -0.0400
-2.7940 -4.6414 -0.0400
-2.7255 -4.6843 -0.0400
-2.6819 -4.7390 -0.0400
-2.6672 -4.8094 -0.0400
-0.3866 -3.6680 -0.0400
-0.3576 -3.6774 -0.0400
-0.3341 -3.6901 -0.0400
-0.3143 -3.7052 -0.0400
-0.2978 -3.7225 -0.0400
-0.2861 -3.7437 -0.0400
-0.2775 -3.7677 -0.0400
-0.2726 -3.7953 -0.0400
-0.2749 -3.8304 -0.0400
-2.5708 -7.0613 -0.0400
-1.1290 -5.4339 -0.0400
-1.0510 -5.4206 -0.0400
-1.0045 -5.4494 -0.0400
0.7188 -8.6250 -0.0400
1.3889 -7.5745 -0.0400
1.4344 -7.3187 -0.0400
1.5068 -7.2754 -0.0400
1.5843 -7.2653 -0.0400
1.6718 -7.3033 -0.0400
1.7440 -5.0117 -0.0400
1.7737 -4.9786 -0.0400
1.8070 -4.9541 -0.0400
1.8454 -4.9400 -0.0400
1.8809 -4.9201 -0.0400
1.3325 -3.4913 -0.0400
1.3315 -3.4691 -0.0400
1.3352 -3.4526 -0.0400
1.3413 -3.4387 -0.0400
1.3488 -3.4266 -0.0400
1.3581 -3.4162 -0.0400
1.3725 -3.4102 -0.0400
1.3881 -3.4050 -0.0400
1.4084 -3.4032 -0.0400
3.4776 -3.6702 -0.0400
3.4537 -3.6124 -0.0400
3.4359 -3.5576 -0.0400
3.4384 -3.5087 -0.0400
3.4783 -3.4683 -0.0400
1.5041 -1.5733 -0.0400
1.4696 -1.5821 -0.0400
1.4404 -1.5826 -0.0400
1.4119 -1.5827 -0.0400
1.3891 -1.5717 -0.0400
1.3676 -1.5576 -0.0400
1.3476 -1.5398 -0.0400
1.3291 -1.5174 -0.0400
1.3130 -1.4875 -0.0400
0.7775 0.5253 -0.0400
-2.4300 2.0442 -0.0400
-2.5015 1.9664 -0.0400
-2.5955 1.9219 -0.0400
-2.7369 1.9417 -0.0400
-2.8871 0.8996 -0.0400
-2.9466 0.8289 -0.0400
-3.0469 0.7978 -0.0400
-3.9530 -1.0812 -0.0400
-3.9155 -1.1888 -0.0400
-3.9298 -1.2762 -0.0400
-1.3523 -2.3586 -0.0400
-1.3034 -2.4091 -0.0400
-1.2853 -2.4510 -0.0400
-1.1926 -2.5062 -0.0400
-1.1673 -2.5462 -0.0400
-1.1439 -2.5847 -0.0400
-1.1429 -2.6191 -0.0400
-1.1510 -2.6523 -0.0400
-1.1644 -2.6850 -0.0400
-1.1551 -2.7200 -0.0400
-1.1290 -2.7557 -0.0400
-1.1266 -2.7893 -0.0400
-1.1311 -2.8225 -0.0400
-1.1567 -2.8555 -0.0400
-1.1832 -2.8894 -0.0400
-3.5076 -2.9724 -0.0400
-3.4505 -3.0452 -0.0400
-3.4500 -3.1193 -0.0400
-3.4405 -3.1928 -0.0400
-3.4107 -3.2644 -0.0400
-3.4696 -3.3448 -0.0400
-2.7905 -4.5652 -0.0400
-2.7447 -4.6196 -0.0400
-2.7251 -4.6868 -0.0400
-2.7267 -4.7658 -0.0400
-0.4186 -3.6364 -0.0400
-0.3875 -3.6455 -0.0400
-0.3632 -3.6584 -0.0400
-0.3426 -3.6733 -0.0400
-0.3238 -3.6892 -0.0400
-0.3114 -3.7097 -0.0400
-0.3012 -3.7321 -0.0400
-0.2942 -3.7574 -0.0400
-0.3148 -3.8066 -0.0400
-2.6610 -7.0261 -0.0400
-2.5732 -7.0671 -0.0400
-1.1404 -5.3638 -0.0400
-1.0881 -5.3854 -0.0400
0.6187 -8.6106 -0.0400
1.3009 -7.5287 -0.0400
1.3579 -7.3335 -0.0400
1.4301 -7.2855 -0.0400
1.5079 -7.2784 -0.0400
1.6127 -7.4162 -0.0400
1.7053 -5.0222 -0.0400
1.7329 -4.9845 -0.0400
1.7693 -4.9667 -0.0400
1.8073 -4.9523 -0.0400
1.8469 -4.9408 -0.0400
1.8949 -4.9441 -0.0400
1.3197 -3.4976 -0.0400
1.3191 -3.4757 -0.0400
1.3189 -3.4551 -0.0400
1.3266 -3.4432 -0.0400
1.3357 -3.4328 -0.0400
1.3464 -3.4240 -0.0400
1.3587 -3.4165 -0.0400
1.3731 -3.4108 -0.0400
1.3914 -3.4080 -0.0400
3.4627 -3.7225 -0.0400
3.4403 -3.6646 -0.0400
3.4193 -3.6084 -0.0400
3.4285 -3.5612 -0.0400
3.4657 -3.5207 -0.0400
4.5147 1.7099 -0.0400
1.4249 -1.5852 -0.0400
1.4006 -1.5772 -0.0400
1.3778 -1.5661 -0.0400
1.3601 -1.5430 -0.0400
1.3422 -1.5189 -0.0400
1.3272 -1.4860 -0.0400
1.3274 -1.4092 -0.0400
0.7916 0.5356 -0.0400
0.7321 0.5086 -0.0400
0.6723 0.5189 -0.0400
0.6072 0.6263 -0.0400
-2.4139 2.0437 -0.0400
-2.4909 1.9739 -0.0400
-2.5885 1.9344 -0.0400
-2.8722 0.8992 -0.0400
-2.9583 0.8551 -0.0400
-4.0128 -0.9555 -0.0400
-3.9637 -1.0712 -0.0400
-3.9427 -1.1735 -0.0400
-3.9275 -1.2717 -0.0400
-1.3404 -2.3617 -0.0400
-1.2837 -2.4140 -0.0400
-1.2866 -2.4514 -0.0400
-1.1836 -2.5089 -0.0400
-1.1602 -2.5486 -0.0400
-1.1424 -2.5864 -0.0400
-1.1452 -2.6204 -0.0400
-1.1507 -2.6541 -0.0400
-1.1609 -2.6873 -0.0400
-1.1411 -2.7233 -0.0400
-1.1264 -2.7582 -0.0400
-1.1275 -2.7917 -0.0400
-1.1335 -2.8250 -0.0400
-1.1633 -2.8581 -0.0400
-1.1997 -2.8923 -0.0400
-3.4941 -2.9716 -0.0400
-3.4530 -3.0450 -0.0400
-3.4608 -3.1198 -0.0400
-3.4240 -3.1917 -0.0400
-3.4284 -3.2662 -0.0400
-2.7850 -4.5661 -0.0400
-2.7423 -4.6220 -0.0400
-2.7236 -4.6897 -0.0400
-0.4684 -3.6464 -0.0400
-0.4160 -3.6437 -0.0400
-0.3738 -3.6457 -0.0400
-0.3532 -3.6610 -0.0400
-0.3335 -3.6765 -0.0400
-0.3202 -3.6965 -0.0400
-0.3092 -3.7181 -0.0400
-0.3007 -3.7420 -0.0400
-0.3116 -3.7821 -0.0400
-0.3344 -3.8338 -0.0400
-2.6345 -6.9981 -0.0400
-1.1409 -5.3743 -0.0400
-1.0824 -5.3879 -0.0400
-1.0811 -5.4795 -0.0400
0.6191 -8.6172 -0.0400
1.2854 -7.3786 -0.0400
1.3553 -7.3025 -0.0400
1.4316 -7.2863 -0.0400
1.5116 -7.2932 -0.0400
1.6957 -5.0992 -0.0400
1.7038 -5.0126 -0.0400
1.7341 -4.9814 -0.0400
1.7711 -4.9654 -0.0400
1.8086 -4.9504 -0.0400
1.8579 -4.9580 -0.0400
1.3083 -3.4822 -0.0400
1.3128 -3.4665 -0.0400
1.3191 -3.4533 -0.0400
1.3267 -3.4416 -0.0400
1.3357 -3.4314 -0.0400
1.3485 -3.4249 -0.0400
1.3624 -3.4191 -0.0400
1.3793 -3.4157 -0.0400
1.4030 -3.4176 -0.0400
3.4738 -3.7334 -0.0400
3.4519 -3.6755 -0.0400
3.4072 -3.6126 -0.0400
3.4244 -3.5679 -0.0400
3.4600 -3.5273 -0.0400
1.3685 -1.5558 -0.0400
1.3489 -1.5365 -0.0400
1.3311 -1.5114 -0.0400
0.8061 0.5230 -0.0400
0.7464 0.5104 -0.0400
0.6858 0.5424 -0.0400
0.6215 0.6260 -0.0400
0.5531 0.7266 -0.0400
-2.8176 0.9921 -0.0400
-2.8648 0.9073 -0.0400
-2.9436 0.8556 -0.0400
-3.9674 -0.9671 -0.0400
-3.9450 -1.0720 -0.0400
-3.8977 -1.1838 -0.0400
-1.3425 -2.3209 -0.0400
-1.2936 -2.3730 -0.0400
-1.2849 -2.4137 -0.0400
-1.2880 -2.4511 -0.0400
-1.1813 -2.5098 -0.0400
-1.1454 -2.5519 -0.0400
-1.1422 -2.5873 -0.0400
-1.1473 -2.6212 -0.0400
-1.1549 -2.6548 -0.0400
-1.1489 -2.6899 -0.0400
-1.1355 -2.7254 -0.0400
-1.1289 -2.7598 -0.0400
-1.1321 -2.7934 -0.0400
-1.1434 -2.8268 -0.0400
-1.1995 -2.8597 -0.0400
-3.5788 -2.8957 -0.0400
-3.5010 -2.9708 -0.0400
-3.4571 -3.0444 -0.0400
-3.4711 -3.1197 -0.0400
-3.4229 -3.1912 -0.0400
-3.4536 -3.2682 -0.0400
-2.8570 -4.5257 -0.0400
-2.7754 -4.5648 -0.0400
-2.7445 -4.6264 -0.0400
-2.7296 -4.6962 -0.0400
-0.4202 -3.6257 -0.0400
-0.3921 -3.6373 -0.0400
-0.3623 -3.6471 -0.0400
-0.3448 -3.6644 -0.0400
-0.3295 -3.6830 -0.0400
-0.3186 -3.7048 -0.0400
-0.3097 -3.7283 -0.0400
-0.3165 -3.7644 -0.0400
-0.3254 -3.8034 -0.0400
-2.6308 -6.9976 -0.0400
-1.1813 -5.3460 -0.0400
-1.1211 -5.3583 -0.0400
-1.0989 -5.4197 -0.0400
0.5191 -8.6264 -0.0400
1.2269 -7.5825 -0.0400
1.2841 -7.3495 -0.0400
1.3576 -7.3059 -0.0400
1.4343 -7.2922 -0.0400
1.5224 -7.3492 -0.0400
1.6764 -5.0445 -0.0400
1.7017 -5.0004 -0.0400
1.7358 -4.9783 -0.0400
1.7742 -4.9658 -0.0400
1.8110 -4.9496 -0.0400
1.8652 -4.9670 -0.0400
1.3044 -3.4952 -0.0400
1.3072 -3.4775 -0.0400
1.3125 -3.4631 -0.0400
1.3192 -3.4506 -0.0400
1.3267 -3.4390 -0.0400
1.3371 -3.4305 -0.0400
1.3488 -3.4232 -0.0400
1.3623 -3.4174 -0.0400
1.3785 -3.4137 -0.0400
3.4811 -3.7946 -0.0400
3.4429 -3.7305 -0.0400
3.4125 -3.6707 -0.0400
3.4063 -3.6194 -0.0400
3.4195 -3.5738 -0.0400
3.4505 -3.5324 -0.0400
6.0660 -3.3075 -0.0400
6.0734 -3.2152 -0.0400
6.1239 -3.1247 -0.0400
4.5425 1.6822 -0.0400
2.4289 -0.4044 -0.0400
1.3306 -1.4752 -0.0400
0.8210 0.5532 -0.0400
0.7610 0.5117 -0.0400
0.7010 0.5235 -0.0400
0.6356 0.6391 -0.0400
0.5711 0.6759 -0.0400
-2.8093 1.0004 -0.0400
-2.8571 0.9158 -0.0400
-2.9340 0.8620 -0.0400
-4.0021 -0.9456 -0.0400
-3.9509 -1.0626 -0.0400
-3.9074 -1.1735 -0.0400
-1.3002 -2.3705 -0.0400
-1.2877 -2.4123 -0.0400
-1.1781 -2.4742 -0.0400
-1.1535 -2.5152 -0.0400
-1.1466 -2.5518 -0.0400
-1.1431 -2.5874 -0.0400
-1.1491 -2.6214 -0.0400
-1.1697 -2.6536 -0.0400
-1.1447 -2.6912 -0.0400
-1.1335 -2.7266 -0.0400
-1.1295 -2.7610 -0.0400
-1.1378 -2.7945 -0.0400
-1.1544 -2.8279 -0.0400
-1.1838 -2.8617 -0.0400
-3.5413 -2.8939 -0.0400
-3.4721 -2.9688 -0.0400
-3.4707 -3.0436 -0.0400
-3.4629 -3.1182 -0.0400
-3.4259 -3.1905 -0.0400
-3.4660 -3.2685 -0.0400
-2.8174 -4.5106 -0.0400
-2.7688 -4.5644 -0.0400
-2.7426 -4.6284 -0.0400
-2.7506 -4.7099 -0.0400
-0.4747 -3.6365 -0.0400
-0.4073 -3.6260 -0.0400
-0.3751 -3.6350 -0.0400
-0.3568 -3.6521 -0.0400
-0.3392 -3.6694 -0.0400
-0.3263 -3.6898 -0.0400
-0.3205 -3.7154 -0.0400
-0.3141 -3.7411 -0.0400
-0.3113 -3.7699 -0.0400
-2.7001 -6.9384 -0.0400
-1.1772 -5.3500 -0.0400
-1.1166 -5.3620 -0.0400
-1.0892 -5.4165 -0.0400
0.5211 -8.6091 -0.0400
1.2266 -7.5575 -0.0400
1.2850 -7.3373 -0.0400
1.3596 -7.3045 -0.0400
1.4383 -7.3058 -0.0400
1.6738 -5.0288 -0.0400
1.7028 -4.9943 -0.0400
1.7385 -4.9762 -0.0400
1.7764 -4.9632 -0.0400
1.8169 -4.9549 -0.0400
1.3010 -3.4866 -0.0400
1.3057 -3.4715 -0.0400
1.3120 -3.4586 -0.0400
1.3183 -3.4459 -0.0400
1.3278 -3.4368 -0.0400
1.3383 -3.4287 -0.0400
1.3501 -3.4218 -0.0400
1.3709 -3.4229 -0.0400
1.3929 -3.4243 -0.0400
3.4512 -3.7393 -0.0400
3.4244 -3.6805 -0.0400
3.4027 -3.6248 -0.0400
3.4281 -3.5826 -0.0400
3.4896 -3.5486 -0.0400
6.2353 -3.4289 -0.0400
6.0648 -3.3194 -0.0400
6.0777 -3.2277 -0.0400
6.1480 -3.1382 -0.0400
4.5782 1.6952 -0.0400
2.3481 -0.4627 -0.0400
2.2996 -0.4452 -0.0400
2.2611 -0.4115 -0.0400
0.8360 0.5554 -0.0400
0.7759 0.5137 -0.0400
0.7156 0.5295 -0.0400
0.6510 0.6272 -0.0400
0.5825 0.7315 -0.0400
-2.7947 1.0026 -0.0400
-2.8487 0.9245 -0.0400
-3.9833 -0.8465 -0.0400
-3.9392 -0.9632 -0.0400
-3.9478 -1.0562 -0.0400
-3.8966 -1.1702 -0.0400
-1.3025 -2.3288 -0.0400
-1.2836 -2.3731 -0.0400
-1.2823 -2.4123 -0.0400
-1.1873 -2.4713 -0.0400
-1.1593 -2.5134 -0.0400
-1.1495 -2.5508 -0.0400
-1.1453 -2.5868 -0.0400
-1.1552 -2.6205 -0.0400
-1.1717 -2.6535 -0.0400
-1.1450 -2.6915 -0.0400
-1.1336 -2.7272 -0.0400
-1.1315 -2.7616 -0.0400
-1.1425 -2.7951 -0.0400
-1.1628 -2.8286 -0.0400
-1.2041 -2.8624 -0.0400
-3.5095 -2.8918 -0.0400
-3.4687 -2.9668 -0.0400
-3.4656 -3.0417 -0.0400
-3.4399 -3.1154 -0.0400
-3.4275 -3.1892 -0.0400
-2.8058 -4.5076 -0.0400
-2.7689 -4.5668 -0.0400
-2.7603 -4.6395 -0.0400
-0.4323 -3.6195 -0.0400
-0.3934 -3.6254 -0.0400
-0.3675 -3.6383 -0.0400
-0.3510 -3.6565 -0.0400
-0.3360 -3.6757 -0.0400
-0.3276 -3.6993 -0.0400
-0.3194 -3.7235 -0.0400
-0.3264 -3.7594 -0.0400
-0.3341 -3.7970 -0.0400
-2.6980 -6.9393 -0.0400
-1.1712 -5.3515 -0.0400
-1.1304 -5.3889 -0.0400
0.5224 -8.6107 -0.0400
1.1513 -7.6185 -0.0400
1.2215 -7.4745 -0.0400
1.2881 -7.3424 -0.0400
1.3623 -7.3058 -0.0400
1.4416 -7.3122 -0.0400
1.6558 -5.0826 -0.0400
1.6714 -5.0123 -0.0400
1.7046 -4.9887 -0.0400
1.7427 -4.9765 -0.0400
1.7792 -4.9606 -0.0400
1.8220 -4.9575 -0.0400
1.3011 -3.5023 -0.0400
1.3034 -3.4840 -0.0400
1.3046 -3.4652 -0.0400
1.3118 -3.4537 -0.0400
1.3195 -3.4429 -0.0400
1.3295 -3.4345 -0.0400
1.3405 -3.4272 -0.0400
1.3577 -3.4256 -0.0400
1.3746 -3.4232 -0.0400
1.3990 -3.4270 -0.0400
3.4578 -3.7983 -0.0400
3.4321 -3.7388 -0.0400
3.3998 -3.6789 -0.0400
3.3998 -3.6298 -0.0400
3.4184 -3.5860 -0.0400
3.4601 -3.5476 -0.0400
6.2429 -3.4413 -0.0400
6.0651 -3.3310 -0.0400
6.0785 -3.2394 -0.0400
4.5719 1.6572 -0.0400
2.3699 -0.4562 -0.0400
2.3143 -0.4498 -0.0400
2.2696 -0.4264 -0.0400
1.5611 -1.5776 -0.0400
1.5219 -1.5940 -0.0400
1.4903 -1.5983 -0.0400
0.8510 0.5237 -0.0400
0.7910 0.5149 -0.0400
0.7307 0.5298 -0.0400
0.6661 0.6295 -0.0400
-3.9973 -0.9307 -0.0400
-3.8664 -1.0796 -0.0400
-3.9261 -1.1514 -0.0400
-1.3251 -2.3203 -0.0400
-1.2912 -2.3692 -0.0400
-1.1983 -2.4303 -0.0400
-1.1611 -2.4755 -0.0400
-1.1472 -2.5145 -0.0400
-1.1423 -2.5511 -0.0400
-1.1464 -2.5858 -0.0400
-1.1549 -2.6199 -0.0400
-1.1717 -2.6530 -0.0400
-1.1321 -2.6927 -0.0400
-1.1291 -2.7275 -0.0400
-1.1331 -2.7616 -0.0400
-1.1450 -2.7953 -0.0400
-1.1671 -2.8290 -0.0400
-3.5852 -2.8116 -0.0400
-3.5002 -2.8891 -0.0400
-3.4682 -2.9644 -0.0400
-3.4720 -3.0396 -0.0400
-3.4351 -3.1131 -0.0400
-3.4364 -3.1879 -0.0400
-2.8730 -4.4623 -0.0400
-2.8034 -4.5083 -0.0400
-2.7691 -4.5688 -0.0400
-2.7591 -4.6409 -0.0400
-0.4482 -3.6064 -0.0400
-0.4075 -3.6123 -0.0400
-0.3805 -3.6251 -0.0400
-0.3633 -3.6433 -0.0400
-0.3461 -3.6612 -0.0400
-0.3343 -3.6826 -0.0400
-0.3286 -3.7083 -0.0400
-0.3217 -3.7336 -0.0400
-0.3337 -3.7735 -0.0400
-2.7968 -6.9118 -0.0400
-2.6977 -6.9419 -0.0400
-1.2408 -5.3570 -0.0400
-1.1511 -5.3354 -0.0400
-1.1467 -5.4185 -0.0400
1.2151 -7.3716 -0.0400
1.2885 -7.3192 -0.0400
1.3670 -7.3214 -0.0400
1.4514 -7.3627 -0.0400
1.6490 -5.0526 -0.0400
1.6750 -5.0095 -0.0400
1.7082 -4.9861 -0.0400
1.7469 -4.9759 -0.0400
1.7850 -4.9637 -0.0400
1.8368 -4.9790 -0.0400
1.2995 -3.5152 -0.0400
1.2937 -3.4866 -0.0400
1.2995 -3.4731 -0.0400
1.3042 -3.4588 -0.0400
1.3125 -3.4488 -0.0400
1.3215 -3.4397 -0.0400
1.3326 -3.4328 -0.0400
1.3442 -3.4263 -0.0400
1.3633 -3.4268 -0.0400
1.3824 -3.4266 -0.0400
3.4409 -3.7466 -0.0400
3.3879 -3.6804 -0.0400
3.3989 -3.6347 -0.0400
3.4295 -3.5943 -0.0400
6.2760 -3.4557 -0.0400
6.0724 -3.3426 -0.0400
6.1394 -3.2545 -0.0400
4.5830 1.6408 -0.0400
2.3747 -0.4763 -0.0400
2.3243 -0.4618 -0.0400
2.2839 -0.4316 -0.0400
2.2544 -0.3816 -0.0400
1.5461 -1.5765 -0.0400
1.5088 -1.5907 -0.0400
1.4734 -1.6034 -0.0400
1.4478 -1.5979 -0.0400
1.4243 -1.5882 -0.0400
0.8664 0.5322 -0.0400
0.8063 0.5164 -0.0400
0.7461 0.5254 -0.0400
0.6805 0.6517 -0.0400
-3.9679 -0.8345 -0.0400
-3.9208 -0.9529 -0.0400
-3.8910 -1.0611 -0.0400
-3.8959 -1.1540 -0.0400
-1.2928 -2.3263 -0.0400
-1.2802 -2.3693 -0.0400
-1.2835 -2.4077 -0.0400
-1.1740 -2.4707 -0.0400
-1.1523 -2.5117 -0.0400
-1.1413 -2.5497 -0.0400
-1.1484 -2.5841 -0.0400
-1.1652 -2.6172 -0.0400
-1.1507 -2.6547 -0.0400
-1.1357 -2.6915 -0.0400
-1.1309 -2.7268 -0.0400
-1.1340 -2.7611 -0.0400
-1.1657 -2.7939 -0.0400
-1.2197 -2.8267 -0.0400
-3.5870 -2.8080 -0.0400
-3.5038 -2.8859 -0.0400
-3.4701 -2.9614 -0.0400
-3.4719 -3.0367 -0.0400
-3.4359 -3.1105 -0.0400
-3.4475 -3.1862 -0.0400
-2.8579 -4.4570 -0.0400
-2.7986 -4.5075 -0.0400
-2.7757 -4.5733 -0.0400
-2.7898 -4.6573 -0.0400
-0.4383 -3.6074 -0.0400
-0.3959 -3.6123 -0.0400
-0.3737 -3.6280 -0.0400
-0.3566 -3.6463 -0.0400
-0.3438 -3.6671 -0.0400
-0.3360 -3.6913 -0.0400
-0.3273 -3.7153 -0.0400
-0.3302 -3.7478 -0.0400
-0.3620 -3.8029 -0.0400
-2.7704 -6.8852 -0.0400
-2.7147 -6.9641 -0.0400
-1.1913 -5.3062 -0.0400
-1.1504 -5.3429 -0.0400
0.4260 -8.6051 -0.0400
1.1499 -7.5204 -0.0400
1.2165 -7.3518 -0.0400
1.2912 -7.3156 -0.0400
1.3690 -7.3130 -0.0400
1.6260 -5.0926 -0.0400
1.6445 -5.0272 -0.0400
1.6764 -5.0003 -0.0400
1.7129 -4.9853 -0.0400
1.7504 -4.9725 -0.0400
1.7896 -4.9632 -0.0400
1.8507 -4.9978 -0.0400
1.2931 -3.4992 -0.0400
1.2933 -3.4786 -0.0400
1.3002 -3.4669 -0.0400
1.3060 -3.4542 -0.0400
1.3146 -3.4449 -0.0400
1.3245 -3.4370 -0.0400
1.3375 -3.4323 -0.0400
1.3502 -3.4270 -0.0400
1.3647 -3.4232 -0.0400
1.4027 -3.4408 -0.0400
3.4433 -3.8025 -0.0400
3.4186 -3.7438 -0.0400
3.3923 -3.6861 -0.0400
3.3950 -3.6382 -0.0400
3.4169 -3.5958 -0.0400
6.0861 -3.4469 -0.0400
6.0635 -3.3522 -0.0400
6.1167 -3.2637 -0.0400
4.5965 1.6275 -0.0400
2.3935 -0.4743 -0.0400
2.3391 -0.4660 -0.0400
2.2942 -0.4431 -0.0400
1.6118 -1.5405 -0.0400
1.5537 -1.5893 -0.0400
1.5183 -1.6001 -0.0400
1.4886 -1.6016 -0.0400
1.4615 -1.5989 -0.0400
1.4362 -1.5929 -0.0400
1.4139 -1.5806 -0.0400
1.3934 -1.5638 -0.0400
1.3746 -1.5422 -0.0400
0.8822 0.5519 -0.0400
0.8217 0.5206 -0.0400
0.7608 0.5573 -0.0400
0.6964 0.6451 -0.0400
0.6304 0.7052 -0.0400
-3.9030 -0.9504 -0.0400
-3.8590 -1.0643 -0.0400
-1.2782 -2.3268 -0.0400
-1.2756 -2.3672 -0.0400
-1.1845 -2.4284 -0.0400
-1.1548 -2.4723 -0.0400
-1.1453 -2.5107 -0.0400
-1.1419 -2.5474 -0.0400
-1.1490 -2.5820 -0.0400
-1.1622 -2.6158 -0.0400
-1.1371 -2.6548 -0.0400
-1.1294 -2.6909 -0.0400
-1.1312 -2.7256 -0.0400
-1.1414 -2.7596 -0.0400
-1.1625 -2.7932 -0.0400
-1.2078 -2.8265 -0.0400
-3.5889 -2.8039 -0.0400
-3.4742 -2.8823 -0.0400
-3.4796 -2.9579 -0.0400
-3.4784 -3.0335 -0.0400
-3.4381 -3.1074 -0.0400
-3.4518 -3.1834 -0.0400
-2.9552 -4.4207 -0.0400
-2.8371 -4.4489 -0.0400
-2.7990 -4.5084 -0.0400
-2.7800 -4.5763 -0.0400
-2.8158 -4.6709 -0.0400
-0.4595 -3.5956 -0.0400
-0.4168 -3.6016 -0.0400
-0.3898 -3.6151 -0.0400
-0.3695 -3.6320 -0.0400
-0.3538 -3.6512 -0.0400
-0.3436 -3.6739 -0.0400
-0.3379 -3.6997 -0.0400
-0.3384 -3.7303 -0.0400
-0.3548 -3.7730 -0.0400
-2.7649 -6.8812 -0.0400
-1.2622 -5.3112 -0.0400
-1.1938 -5.3169 -0.0400
-1.1622 -5.3653 -0.0400
0.4278 -8.6071 -0.0400
1.1486 -7.4538 -0.0400
1.2191 -7.3423 -0.0400
1.2948 -7.3179 -0.0400
1.3803 -7.3802 -0.0400
1.6206 -5.0622 -0.0400
1.6461 -5.0167 -0.0400
1.6812 -4.9983 -0.0400
1.7199 -4.9889 -0.0400
1.7560 -4.9730 -0.0400
1.8078 -4.9909 -0.0400
1.2890 -3.5064 -0.0400
1.2889 -3.4852 -0.0400
1.2931 -3.4701 -0.0400
1.3009 -3.4599 -0.0400
1.3083 -3.4494 -0.0400
1.3178 -3.4414 -0.0400
1.3281 -3.4342 -0.0400
1.3417 -3.4303 -0.0400
1.3604 -3.4312 -0.0400
1.3785 -3.4309 -0.0400
3.4161 -3.7968 -0.0400
3.3869 -3.7373 -0.0400
3.3814 -3.6867 -0.0400
3.3962 -3.6426 -0.0400
3.4306 -3.6037 -0.0400
6.1146 -3.4596 -0.0400
6.0624 -3.3620 -0.0400
4.6129 1.6181 -0.0400
2.4119 -0.4725 -0.0400
2.3486 -0.4783 -0.0400
2.3091 -0.4468 -0.0400
2.2796 -0.3972 -0.0400
1.5799 -1.5679 -0.0400
1.5379 -1.5900 -0.0400
1.4989 -1.6094 -0.0400
1.4722 -1.6059 -0.0400
1.4476 -1.5987 -0.0400
1.4244 -1.5885 -0.0400
1.4026 -1.5751 -0.0400
1.3821 -1.5581 -0.0400
1.3711 -1.5149 -0.0400
1.3620 -1.4627 -0.0400
0.8976 0.5298 -0.0400
0.8374 0.5180 -0.0400
0.7769 0.5352 -0.0400
0.7124 0.6369 -0.0400
-3.9526 -0.8200 -0.0400
-3.9050 -0.9391 -0.0400
-3.8655 -1.0516 -0.0400
-3.9018 -1.1329 -0.0400
-1.2878 -2.3201 -0.0400
-1.2792 -2.3625 -0.0400
-1.2206 -2.4162 -0.0400
-1.1438 -2.4715 -0.0400
-1.1389 -2.5090 -0.0400
-1.1431 -2.5444 -0.0400
-1.1526 -2.5789 -0.0400
-1.1710 -2.6121 -0.0400
-1.1449 -2.6517 -0.0400
-1.1330 -2.6885 -0.0400
-1.1319 -2.7238 -0.0400
-1.1541 -2.7570 -0.0400
-1.1906 -2.7901 -0.0400
-3.5921 -2.7212 -0.0400
-3.5528 -2.8001 -0.0400
-3.4812 -2.8779 -0.0400
-3.4788 -2.9537 -0.0400
-3.5092 -3.0304 -0.0400
-3.4539 -3.1044 -0.0400
-2.9221 -4.4074 -0.0400
-2.8312 -4.4466 -0.0400
-2.7987 -4.5086 -0.0400
-2.7966 -4.5843 -0.0400
-0.4448 -3.5932 -0.0400
-0.4073 -3.6019 -0.0400
-0.3828 -3.6169 -0.0400
-0.3650 -3.6353 -0.0400
-0.3520 -3.6563 -0.0400
-0.3433 -3.6801 -0.0400
-0.3387 -3.7070 -0.0400
-0.3402 -3.7384 -0.0400
-2.8530 -6.8395 -0.0400
-2.7627 -6.8806 -0.0400
-1.2342 -5.2863 -0.0400
-1.1817 -5.3098 -0.0400
0.3297 -8.6047 -0.0400
1.1514 -7.4434 -0.0400
1.2225 -7.3400 -0.0400
1.3003 -7.3370 -0.0400
1.3867 -7.4049 -0.0400
1.5988 -5.1044 -0.0400
1.6222 -5.0500 -0.0400
1.6503 -5.0120 -0.0400
1.6860 -4.9957 -0.0400
1.7234 -4.9834 -0.0400
1.7650 -4.9803 -0.0400
1.8133 -4.9907 -0.0400
1.2861 -3.5143 -0.0400
1.2855 -3.4920 -0.0400
1.2892 -3.4761 -0.0400
1.2952 -3.4637 -0.0400
1.3026 -3.4534 -0.0400
1.3117 -3.4451 -0.0400
1.3225 -3.4388 -0.0400
1.3334 -3.4324 -0.0400
1.3484 -3.4302 -0.0400
1.3694 -3.4336 -0.0400
1.3917 -3.4374 -0.0400
3.4236 -3.8024 -0.0400
3.3988 -3.7443 -0.0400
3.3839 -3.6907 -0.0400
3.4040 -3.6483 -0.0400
3.4652 -3.6166 -0.0400
6.0632 -3.4634 -0.0400
6.0682 -3.3718 -0.0400
2.4102 -0.5018 -0.0400
2.3606 -0.4863 -0.0400
2.3194 -0.4577 -0.0400
2.2848 -0.4174 -0.0400
1.5820 -1.5902 -0.0400
1.5449 -1.6038 -0.0400
1.5139 -1.6077 -0.0400
1.4860 -1.6063 -0.0400
1.4600 -1.6019 -0.0400
1.4361 -1.5934 -0.0400
1.4147 -1.5792 -0.0400
1.3945 -1.5613 -0.0400
1.3760 -1.5382 -0.0400
1.3600 -1.5065 -0.0400
1.3537 -1.4436 -0.0400
0.9138 0.5584 -0.0400
0.8531 0.5226 -0.0400
0.7920 0.5658 -0.0400
0.7277 0.6520 -0.0400
-3.9516 -0.8089 -0.0400
-3.8479 -0.9518 -0.0400
-3.8547 -1.0453 -0.0400
-1.2933 -2.2729 -0.0400
-1.2748 -2.3190 -0.0400
-1.2747 -2.3592 -0.0400
-1.1787 -2.4222 -0.0400
-1.1512 -2.4660 -0.0400
-1.1444 -2.5043 -0.0400
-1.1433 -2.5410 -0.0400
-1.1606 -2.5744 -0.0400
-1.1517 -2.6120 -0.0400
-1.1351 -2.6502 -0.0400
-1.1304 -2.6863 -0.0400
-1.1347 -2.7212 -0.0400
-1.1483 -2.7553 -0.0400
-1.1751 -2.7891 -0.0400
-3.6092 -2.7150 -0.0400
-3.4907 -2.7967 -0.0400
-3.4759 -2.8730 -0.0400
-3.5120 -2.9493 -0.0400
-3.4511 -3.0244 -0.0400
-3.4469 -3.0998 -0.0400
-2.9268 -4.4086 -0.0400
-2.8312 -4.4462 -0.0400
-2.8005 -4.5092 -0.0400
-2.8091 -4.5899 -0.0400
-0.4867 -3.5899 -0.0400
-0.4267 -3.5885 -0.0400
-0.3967 -3.6012 -0.0400
-0.3795 -3.6203 -0.0400
-0.3627 -3.6394 -0.0400
-0.3516 -3.6618 -0.0400
-0.3459 -3.6878 -0.0400
-0.3465 -3.7183 -0.0400
-0.3600 -3.7584 -0.0400
-2.8349 -6.8214 -0.0400
-2.7672 -6.8869 -0.0400
-1.2259 -5.2834 -0.0400
-1.1930 -5.3300 -0.0400
0.3286 -8.6390 -0.0400
0.4317 -8.6093 -0.0400
1.1490 -7.3496 -0.0400
1.2251 -7.3274 -0.0400
1.3041 -7.3387 -0.0400
1.3919 -7.4193 -0.0400
1.5903 -5.0608 -0.0400
1.6216 -5.0307 -0.0400
1.6556 -5.0095 -0.0400
1.6936 -4.9991 -0.0400
1.7286 -4.9810 -0.0400
1.7747 -4.9885 -0.0400
1.2879 -3.5280 -0.0400
1.2829 -3.4989 -0.0400
1.2835 -3.4787 -0.0400
1.2900 -3.4670 -0.0400
1.2975 -3.4569 -0.0400
1.3062 -3.4484 -0.0400
1.3162 -3.4414 -0.0400
1.3277 -3.4361 -0.0400
1.3415 -3.4331 -0.0400
1.3592 -3.4338 -0.0400
1.3936 -3.4506 -0.0400
3.4182 -3.8533 -0.0400
3.3982 -3.7960 -0.0400
3.3732 -3.7384 -0.0400
3.3758 -3.6908 -0.0400
3.3954 -3.6486 -0.0400
3.4370 -3.6121 -0.0400
6.0964 -3.4754 -0.0400
6.0974 -3.3831 -0.0400
4.7267 1.5366 -0.0400
4.6423 1.5965 -0.0400
2.4219 -0.5097 -0.0400
2.3725 -0.4941 -0.0400
2.3306 -0.4668 -0.0400
2.3160 -0.3920 -0.0400
1.6049 -1.5743 -0.0400
1.5622 -1.5976 -0.0400
1.5287 -1.6058 -0.0400
1.4958 -1.6146 -0.0400
1.4706 -1.6088 -0.0400
1.4471 -1.5995 -0.0400
1.4247 -1.5879 -0.0400
1.4034 -1.5731 -0.0400
1.3892 -1.5392 -0.0400
1.3742 -1.5049 -0.0400
0.8689 0.5193 -0.0400
0.8085 0.5328 -0.0400
0.7442 0.6384 -0.0400
-3.8746 -0.8307 -0.0400
-3.8952 -0.9205 -0.0400
-3.8482 -1.0366 -0.0400
-1.3170 -2.2603 -0.0400
-1.2822 -2.3116 -0.0400
-1.2771 -2.3535 -0.0400
-1.1556 -2.4232 -0.0400
-1.1423 -2.4637 -0.0400
-1.1383 -2.5014 -0.0400
-1.1442 -2.5369 -0.0400
-1.1555 -2.5715 -0.0400
-1.1707 -2.6056 -0.0400
-1.1434 -2.6458 -0.0400
-1.1298 -2.6833 -0.0400
-1.1402 -2.7177 -0.0400
-1.1623 -2.7515 -0.0400
-1.2104 -2.7842 -0.0400
-3.5905 -2.7098 -0.0400
-3.5213 -2.7901 -0.0400
-3.4783 -2.8676 -0.0400
-3.4911 -2.9438 -0.0400
-3.4466 -3.0192 -0.0400
-3.4969 -3.0969 -0.0400
-2.8890 -4.3926 -0.0400
-2.8286 -4.4442 -0.0400
-2.8105 -4.5127 -0.0400
-2.8094 -4.5894 -0.0400
-0.4685 -3.5848 -0.0400
-0.4185 -3.5885 -0.0400
-0.3912 -3.6027 -0.0400
-0.3754 -3.6227 -0.0400
-0.3615 -3.6437 -0.0400
-0.3545 -3.6688 -0.0400
-0.3469 -3.6938 -0.0400
-0.3518 -3.7274 -0.0400
-0.3875 -3.7830 -0.0400
-2.8403 -6.8277 -0.0400
-1.2903 -5.2776 -0.0400
-1.2177 -5.2801 -0.0400
-1.2238 -5.3723 -0.0400
0.3347 -8.5966 -0.0400
1.0833 -7.5319 -0.0400
1.1534 -7.3584 -0.0400
1.2290 -7.3275 -0.0400
1.3077 -7.3371 -0.0400
1.5995 -5.0684 -0.0400
1.6250 -5.0215 -0.0400
1.6609 -5.0061 -0.0400
1.6979 -4.9933 -0.0400
1.7369 -4.9853 -0.0400
1.7822 -4.9911 -0.0400
1.2761 -3.5211 -0.0400
1.2793 -3.5035 -0.0400
1.2812 -3.4846 -0.0400
1.2864 -3.4712 -0.0400
1.2933 -3.4604 -0.0400
1.3015 -3.4515 -0.0400
1.3114 -3.4446 -0.0400
1.3225 -3.4392 -0.0400
1.3353 -3.4355 -0.0400
1.3507 -3.4343 -0.0400
1.3717 -3.4384 -0.0400
3.4238 -3.8570 -0.0400
3.4040 -3.7998 -0.0400
3.3754 -3.7410 -0.0400
3.3773 -3.6933 -0.0400
3.4110 -3.6554 -0.0400
6.2335 -3.5934 -0.0400
6.0493 -3.4784 -0.0400
6.0691 -3.3887 -0.0400
2.4440 -0.5012 -0.0400
2.3834 -0.5030 -0.0400
2.3422 -0.4748 -0.0400
2.3256 -0.4037 -0.0400
2.3158 -0.3166 -0.0400
1.5783 -1.5932 -0.0400
1.5360 -1.6185 -0.0400
1.5086 -1.6165 -0.0400
1.4827 -1.6120 -0.0400
1.4584 -1.6045 -0.0400
1.4365 -1.5918 -0.0400
1.4159 -1.5755 -0.0400
1.3964 -1.5555 -0.0400
1.3788 -1.5293 -0.0400
1.3647 -1.4906 -0.0400
0.6928 0.7335 -0.0400
-2.2038 2.2040 -0.0400
-2.2771 2.1238 -0.0400
-3.9063 -0.7030 -0.0400
-3.8689 -0.8206 -0.0400
-3.8893 -0.9106 -0.0400
-3.8436 -1.0266 -0.0400
-1.2787 -2.2656 -0.0400
-1.2692 -2.3094 -0.0400
-1.2739 -2.3487 -0.0400
-1.1685 -2.4148 -0.0400
-1.1470 -2.4576 -0.0400
-1.1423 -2.4959 -0.0400
-1.1451 -2.5322 -0.0400
-1.1633 -2.5658 -0.0400
-1.1480 -2.6049 -0.0400
-1.1343 -2.6431 -0.0400
-1.1313 -2.6794 -0.0400
-1.1370 -2.7146 -0.0400
-1.1525 -2.7489 -0.0400
-3.5978 -2.6242 -0.0400
-3.5983 -2.7028 -0.0400
-3.4870 -2.7848 -0.0400
-3.4831 -2.8614 -0.0400
-3.5422 -2.9382 -0.0400
-3.4493 -3.0136 -0.0400
-3.4646 -3.0902 -0.0400
-2.9533 -4.3391 -0.0400
-2.8753 -4.3855 -0.0400
-2.8319 -4.4440 -0.0400
-2.8266 -4.5183 -0.0400
-2.8544 -4.6085 -0.0400
-0.4786 -3.5638 -0.0400
-0.4416 -3.5750 -0.0400
-0.4155 -3.5906 -0.0400
-0.3887 -3.6053 -0.0400
-0.3735 -3.6258 -0.0400
-0.3616 -3.6481 -0.0400
-0.3578 -3.6754 -0.0400
-0.3525 -3.7022 -0.0400
-0.3689 -3.7436 -0.0400
-2.9301 -6.7843 -0.0400
-2.8334 -6.8206 -0.0400
-1.2642 -5.2544 -0.0400
-1.2194 -5.2876 -0.0400
-1.2138 -5.3662 -0.0400
1.0801 -7.3751 -0.0400
1.1557 -7.3326 -0.0400
1.2339 -7.3397 -0.0400
1.3175 -7.3980 -0.0400
1.5767 -5.1063 -0.0400
1.5952 -5.0352 -0.0400
1.6303 -5.0171 -0.0400
1.6682 -5.0071 -0.0400
1.7037 -4.9907 -0.0400
1.7493 -4.9988 -0.0400
1.2727 -3.5253 -0.0400
1.2749 -3.5058 -0.0400
1.2762 -3.4859 -0.0400
1.2814 -3.4725 -0.0400
1.2885 -3.4620 -0.0400
1.2973 -3.4541 -0.0400
1.3066 -3.4468 -0.0400
1.3173 -3.4411 -0.0400
1.3295 -3.4371 -0.0400
1.3437 -3.4351 -0.0400
1.3674 -3.4431 -0.0400
3.4214 -3.8572 -0.0400
3.3611 -3.7859 -0.0400
3.3597 -3.7371 -0.0400
3.3741 -3.6938 -0.0400
3.4036 -3.6549 -0.0400
3.4836 -3.6291 -0.0400
6.0655 -3.5794 -0.0400
6.0475 -3.4855 -0.0400
6.1109 -3.4001 -0.0400
2.4477 -0.5204 -0.0400
2.3973 -0.5065 -0.0400
2.3541 -0.4816 -0.0400
2.3196 -0.4420 -0.0400
2.3341 -0.3127 -0.0400
1.5922 -1.5928 -0.0400
1.5485 -1.6205 -0.0400
1.5206 -1.6193 -0.0400
1.4946 -1.6152 -0.0400
1.4692 -1.6102 -0.0400
1.4469 -1.5987 -0.0400
1.4255 -1.5845 -0.0400
1.4051 -1.5674 -0.0400
1.3935 -1.5253 -0.0400
1.3830 -1.4763 -0.0400
-2.1751 2.1913 -0.0400
-2.2618 2.1333 -0.0400
-3.8966 -0.6939 -0.0400
-3.8537 -0.8141 -0.0400
-3.8425 -0.9175 -0.0400
-1.2857 -2.2568 -0.0400
-1.2721 -2.3022 -0.0400
-1.2732 -2.3427 -0.0400
-1.1455 -2.4147 -0.0400
-1.1384 -2.4540 -0.0400
-1.1362 -2.4918 -0.0400
-1.1445 -2.5272 -0.0400
-1.1584 -2.5617 -0.0400
-1.1629 -2.5979 -0.0400
-1.1286 -2.6395 -0.0400
-1.1316 -2.6751 -0.0400
-1.1436 -2.7098 -0.0400
-1.1676 -2.7438 -0.0400
-1.2295 -2.7759 -0.0400
-3.5916 -2.6960 -0.0400
-3.5093 -2.7773 -0.0400
-3.5034 -2.8545 -0.0400
-3.4627 -2.9314 -0.0400
-3.4530 -3.0075 -0.0400
-2.9407 -4.3319 -0.0400
-2.8715 -4.3818 -0.0400
-2.8322 -4.4421 -0.0400
-2.8432 -4.5235 -0.0400
-0.4931 -3.5733 -0.0400
-0.4291 -3.5717 -0.0400
-0.4067 -3.5893 -0.0400
-0.3850 -3.6067 -0.0400
-0.3720 -3.6286 -0.0400
-0.3611 -3.6516 -0.0400
-0.3594 -3.6804 -0.0400
-0.3562 -3.7087 -0.0400
-0.3874 -3.7602 -0.0400
-2.9263 -6.7797 -0.0400
-2.8314 -6.8181 -0.0400
-1.2547 -5.2488 -0.0400
-1.2270 -5.3010 -0.0400
0.2379 -8.6007 -0.0400
0.3367 -8.6191 -0.0400
1.0111 -7.5793 -0.0400
1.0847 -7.3897 -0.0400
1.1598 -7.3339 -0.0400
1.2375 -7.3337 -0.0400
1.5674 -5.0542 -0.0400
1.6007 -5.0301 -0.0400
1.6368 -5.0154 -0.0400
1.6744 -5.0049 -0.0400
1.7146 -5.0006 -0.0400
1.2684 -3.5038 -0.0400
1.2738 -3.4899 -0.0400
1.2781 -3.4750 -0.0400
1.2847 -3.4640 -0.0400
1.2935 -3.4562 -0.0400
1.3029 -3.4492 -0.0400
1.3139 -3.4442 -0.0400
1.3269 -3.4415 -0.0400
1.3389 -3.4373 -0.0400
1.3568 -3.4395 -0.0400
3.3822 -3.8431 -0.0400
3.3568 -3.7849 -0.0400
3.3575 -3.7370 -0.0400
3.3724 -3.6941 -0.0400
3.4515 -3.6700 -0.0400
6.0909 -3.5894 -0.0400
6.0434 -3.4918 -0.0400
6.0758 -3.4038 -0.0400
2.4614 -0.5238 -0.0400
2.4051 -0.5193 -0.0400
2.3634 -0.4923 -0.0400
2.3377 -0.4378 -0.0400
2.3242 -0.3590 -0.0400
1.6024 -1.5985 -0.0400
1.5674 -1.6094 -0.0400
1.5319 -1.6232 -0.0400
1.5057 -1.6195 -0.0400
1.4801 -1.6153 -0.0400
1.4574 -1.6047 -0.0400
1.4356 -1.5919 -0.0400
1.4187 -1.5661 -0.0400
1.4007 -1.5415 -0.0400
1.3854 -1.5072 -0.0400
-2.0834 2.2658 -0.0400
-2.1706 2.2077 -0.0400
-1.2805 -2.2116 -0.0400
-1.2658 -2.2581 -0.0400
-1.1743 -2.3254 -0.0400
-1.1459 -2.3722 -0.0400
-1.1360 -2.4128 -0.0400
-1.1337 -2.4511 -0.0400
-1.1441 -2.4863 -0.0400
-1.1639 -2.5197 -0.0400
-1.1404 -2.5612 -0.0400
-1.1304 -2.5996 -0.0400
-1.1306 -2.6359 -0.0400
-1.1386 -2.6711 -0.0400
-1.1924 -2.7017 -0.0400
-3.5894 -2.5330 -0.0400
-3.5531 -2.6146 -0.0400
-3.4855 -2.6962 -0.0400
-3.4897 -2.7730 -0.0400
-3.4972 -2.8498 -0.0400
-3.4543 -2.9268 -0.0400
-2.9696 -4.2641 -0.0400
-2.9003 -4.3151 -0.0400
-2.8736 -4.3808 -0.0400
-2.8856 -4.4622 -0.0400
-0.4887 -3.5431 -0.0400
-0.4370 -3.5483 -0.0400
-0.4169 -3.5673 -0.0400
-0.4006 -3.5879 -0.0400
-0.3884 -3.6104 -0.0400
-0.3802 -3.6352 -0.0400
-0.3860 -3.6684 -0.0400
-0.3905 -3.7016 -0.0400
-0.4161 -3.7490 -0.0400
-2.9705 -6.6892 -0.0400
-1.3582 -5.1980 -0.0400
-1.2953 -5.2135 -0.0400
-1.2761 -5.2747 -0.0400
0.1415 -8.5763 -0.0400
0.9311 -7.4500 -0.0400
1.0081 -7.3483 -0.0400
1.0853 -7.3386 -0.0400
1.1646 -7.3687 -0.0400
1.5035 -5.0995 -0.0400
1.5332 -5.0600 -0.0400
1.5674 -5.0387 -0.0400
1.6045 -5.0269 -0.0400
1.6418 -5.0157 -0.0400
1.6854 -5.0215 -0.0400
1.2485 -3.5312 -0.0400
1.2514 -3.5117 -0.0400
1.2567 -3.4974 -0.0400
1.2612 -3.4823 -0.0400
1.2692 -3.4733 -0.0400
1.2773 -3.4644 -0.0400
1.2867 -3.4577 -0.0400
1.2976 -3.4529 -0.0400
1.3106 -3.4508 -0.0400
1.3229 -3.4474 -0.0400
1.3416 -3.4516 -0.0400
3.4073 -3.9536 -0.0400
3.3434 -3.8776 -0.0400
3.3323 -3.8244 -0.0400
3.3375 -3.7781 -0.0400
3.3717 -3.7419 -0.0400
3.4450 -3.7172 -0.0400
6.1948 -3.7963 -0.0400
6.0151 -3.6749 -0.0400
6.0343 -3.5861 -0.0400
2.3819 -0.4788 -0.0400
2.3926 -0.3614 -0.0400
1.6485 -1.5853 -0.0400
1.5943 -1.6298 -0.0400
1.5649 -1.6311 -0.0400
1.5345 -1.6355 -0.0400
1.5099 -1.6290 -0.0400
1.4866 -1.6200 -0.0400
1.4648 -1.6076 -0.0400
1.4475 -1.5839 -0.0400
1.4291 -1.5615 -0.0400
1.4128 -1.5322 -0.0400
1.0321 0.5304 -0.0400
-2.1474 2.2172 -0.0400
-2.2310 2.1536 -0.0400
-2.6124 1.1632 -0.0400
-1.2850 -2.2419 -0.0400
-1.2615 -2.2906 -0.0400
-1.1834 -2.3526 -0.0400
-1.1533 -2.3994 -0.0400
-1.1415 -2.4405 -0.0400
-1.1357 -2.4795 -0.0400
-1.1444 -2.5153 -0.0400
-1.1632 -2.5493 -0.0400
-1.1490 -2.5890 -0.0400
-1.1280 -2.6289 -0.0400
-1.1335 -2.6646 -0.0400
-1.1479 -2.6995 -0.0400
-1.1750 -2.7336 -0.0400
-3.6071 -2.5996 -0.0400
-3.5941 -2.6797 -0.0400
-3.4794 -2.7629 -0.0400
-3.5191 -2.8392 -0.0400
-3.4577 -2.9168 -0.0400
-3.4591 -2.9934 -0.0400
-2.9024 -4.3112 -0.0400
-2.8625 -4.3721 -0.0400
-2.8462 -4.4419 -0.0400
-2.8580 -4.5242 -0.0400
-0.4440 -3.5538 -0.0400
-0.4193 -3.5710 -0.0400
-0.4000 -3.5903 -0.0400
-0.3844 -3.6113 -0.0400
-0.3745 -3.6354 -0.0400
-0.3681 -3.6616 -0.0400
-0.3650 -3.6901 -0.0400
-0.3990 -3.7423 -0.0400
-2.9012 -6.7514 -0.0400
-1.3076 -5.2307 -0.0400
-1.2530 -5.2544 -0.0400
0.2436 -8.5851 -0.0400
1.0174 -7.5326 -0.0400
1.0915 -7.3592 -0.0400
1.1690 -7.3525 -0.0400
1.5503 -5.0847 -0.0400
1.5795 -5.0456 -0.0400
1.6139 -5.0254 -0.0400
1.6499 -5.0106 -0.0400
1.6882 -5.0023 -0.0400
1.7345 -5.0138 -0.0400
1.2646 -3.5116 -0.0400
1.2646 -3.4883 -0.0400
1.2718 -3.4778 -0.0400
1.2782 -3.4666 -0.0400
1.2871 -3.4592 -0.0400
1.2965 -3.4525 -0.0400
1.3075 -3.4481 -0.0400
1.3186 -3.4436 -0.0400
1.3339 -3.4444 -0.0400
1.3482 -3.4432 -0.0400
3.3880 -3.8940 -0.0400
3.3804 -3.8415 -0.0400
3.3430 -3.7793 -0.0400
3.3539 -3.7355 -0.0400
3.3969 -3.7019 -0.0400
6.0411 -3.5944 -0.0400
6.0398 -3.5032 -0.0400
1.5906 -1.6140 -0.0400
1.5547 -1.6286 -0.0400
1.5284 -1.6254 -0.0400
1.5014 -1.6243 -0.0400
1.4782 -1.6155 -0.0400
1.4565 -1.6030 -0.0400
1.4354 -1.5886 -0.0400
1.4194 -1.5599 -0.0400
1.4019 -1.5334 -0.0400
0.9936 0.5648 -0.0400
0.9324 0.5215 -0.0400
0.8717 0.5610 -0.0400
0.8079 0.6549 -0.0400
-2.0464 2.2768 -0.0400
-2.1327 2.2172 -0.0400
-2.5048 1.3492 -0.0400
-2.5359 1.2369 -0.0400
-2.6084 1.1761 -0.0400
-2.7210 1.1601 -0.0400
-1.2518 -2.2465 -0.0400
-1.1703 -2.3115 -0.0400
-1.1453 -2.3578 -0.0400
-1.1250 -2.4016 -0.0400
-1.1304 -2.4383 -0.0400
-1.1398 -2.4740 -0.0400
-1.1577 -2.5081 -0.0400
-1.1307 -2.5507 -0.0400
-1.1269 -2.5883 -0.0400
-1.1312 -2.6244 -0.0400
-1.1436 -2.6594 -0.0400
-1.2130 -2.6887 -0.0400
-3.5842 -2.5158 -0.0400
-3.5138 -2.6002 -0.0400
-3.4796 -2.6800 -0.0400
-3.4970 -2.7566 -0.0400
-3.4780 -2.8344 -0.0400
-3.5103 -2.9114 -0.0400
-3.0505 -4.2067 -0.0400
-2.9390 -4.2457 -0.0400
-2.8937 -4.3053 -0.0400
-2.8742 -4.3740 -0.0400
-0.4927 -3.5177 -0.0400
-0.4577 -3.5316 -0.0400
-0.4331 -3.5494 -0.0400
-0.4143 -3.5694 -0.0400
-0.3999 -3.5913 -0.0400
-0.3918 -3.6164 -0.0400
-0.3875 -3.6438 -0.0400
-0.3873 -3.6741 -0.0400
-1.4217 -5.1862 -0.0400
-1.3345 -5.1797 -0.0400
-1.2964 -5.2208 -0.0400
0.1456 -8.5729 -0.0400
0.8581 -7.5477 -0.0400
0.9386 -7.3737 -0.0400
1.0158 -7.3382 -0.0400
1.0937 -7.3494 -0.0400
1.1751 -7.4148 -0.0400
1.4789 -5.1050 -0.0400
1.5091 -5.0656 -0.0400
1.5438 -5.0452 -0.0400
1.5814 -5.0354 -0.0400
1.6174 -5.0206 -0.0400
1.6562 -5.0143 -0.0400
1.2457 -3.5406 -0.0400
1.2459 -3.5150 -0.0400
1.2474 -3.4934 -0.0400
1.2550 -3.4833 -0.0400
1.2632 -3.4747 -0.0400
1.2719 -3.4672 -0.0400
1.2816 -3.4611 -0.0400
1.2920 -3.4561 -0.0400
1.3056 -3.4555 -0.0400
1.3185 -3.4536 -0.0400
1.3330 -3.4534 -0.0400
3.3980 -6.0498 -0.0400
3.3440 -3.9250 -0.0400
3.3276 -3.8692 -0.0400
3.3196 -3.8178 -0.0400
3.3382 -3.7769 -0.0400
3.3668 -3.7392 -0.0400
6.0065 -3.6839 -0.0400
6.0588 -3.6001 -0.0400
1.5305 -1.6383 -0.0400
1.5067 -1.6309 -0.0400
1.4845 -1.6199 -0.0400
1.4651 -1.6021 -0.0400
1.4451 -1.5849 -0.0400
1.4324 -1.5474 -0.0400
1.4185 -1.5098 -0.0400
1.0638 0.5335 -0.0400
1.0030 0.5171 -0.0400
0.9430 0.5300 -0.0400
0.8813 0.6398 -0.0400
-2.1167 2.2399 -0.0400
-2.5819 1.1809 -0.0400
-2.6558 1.1217 -0.0400
-1.1279 -2.4286 -0.0400
-1.1337 -2.4653 -0.0400
-1.1427 -2.5014 -0.0400
-1.1487 -2.5380 -0.0400
-1.1340 -2.5780 -0.0400
-1.1287 -2.6158 -0.0400
-1.1315 -2.6523 -0.0400
-1.1583 -2.6861 -0.0400
-1.1982 -2.7196 -0.0400
-3.5887 -2.5821 -0.0400
-3.5348 -2.6646 -0.0400
-3.4859 -2.7450 -0.0400
-3.5025 -2.8221 -0.0400
-3.4540 -2.9000 -0.0400
-3.4737 -2.9772 -0.0400
-2.9535 -4.2441 -0.0400
-2.8968 -4.3002 -0.0400
-2.8700 -4.3663 -0.0400
-2.8698 -4.4431 -0.0400
-0.4842 -3.5436 -0.0400
-0.4459 -3.5559 -0.0400
-0.4119 -3.5690 -0.0400
-0.3967 -3.5908 -0.0400
-0.3854 -3.6144 -0.0400
-0.3774 -3.6400 -0.0400
-0.3734 -3.6680 -0.0400
-0.4022 -3.7161 -0.0400
-1.3614 -5.2089 -0.0400
-1.2913 -5.2182 -0.0400
-1.2645 -5.2717 -0.0400
0.1446 -8.5948 -0.0400
0.9439 -7.5554 -0.0400
1.0218 -7.3785 -0.0400
1.0987 -7.3431 -0.0400
1.1789 -7.3903 -0.0400
1.5275 -5.0961 -0.0400
1.5564 -5.0537 -0.0400
1.5907 -5.0328 -0.0400
1.6267 -5.0180 -0.0400
1.6655 -5.0116 -0.0400
1.7134 -5.0293 -0.0400
1.2567 -3.5352 -0.0400
1.2565 -3.5089 -0.0400
1.2578 -3.4870 -0.0400
1.2654 -3.4771 -0.0400
1.2736 -3.4687 -0.0400
1.2824 -3.4614 -0.0400
1.2924 -3.4559 -0.0400
1.3031 -3.4515 -0.0400
1.3146 -3.4481 -0.0400
1.3271 -3.4458 -0.0400
1.3481 -3.4544 -0.0400
1.3739 -3.4680 -0.0400
3.3931 -3.9428 -0.0400
3.3567 -3.8781 -0.0400
3.3410 -3.8235 -0.0400
3.3371 -3.7743 -0.0400
3.3666 -3.7372 -0.0400
3.4088 -3.7036 -0.0400
6.0176 -3.6913 -0.0400
6.0187 -3.6007 -0.0400
6.0671 -3.5160 -0.0400
1.4551 -1.6003 -0.0400
1.4375 -1.5770 -0.0400
1.4184 -1.5561 -0.0400
1.4110 -1.4986 -0.0400
1.0250 0.5603 -0.0400
0.9638 0.5190 -0.0400
0.9034 0.5526 -0.0400
0.8400 0.6504 -0.0400
0.7739 0.7319 -0.0400
-2.0088 2.2883 -0.0400
-2.5133 1.2647 -0.0400
-2.5856 1.2032 -0.0400
-1.1412 -2.4964 -0.0400
-1.1295 -2.5364 -0.0400
-1.1262 -2.5743 -0.0400
-1.1352 -2.6101 -0.0400
-1.1554 -2.6446 -0.0400
-1.1914 -2.6780 -0.0400
-3.5862 -2.4957 -0.0400
-3.4810 -2.5833 -0.0400
-3.4820 -2.6611 -0.0400
-3.5309 -2.7368 -0.0400
-3.4594 -2.8168 -0.0400
-3.0109 -4.1832 -0.0400
-2.9339 -4.2338 -0.0400
-2.8977 -4.2970 -0.0400
-2.9512 -4.3938 -0.0400
-0.5216 -3.4994 -0.0400
-0.4765 -3.5104 -0.0400
-0.4486 -3.5276 -0.0400
-0.4283 -3.5476 -0.0400
-0.4127 -3.5694 -0.0400
-0.4012 -3.5932 -0.0400
-0.4027 -3.6239 -0.0400
-0.4055 -3.6558 -0.0400
-0.4224 -3.6966 -0.0400
-3.0496 -6.6219 -0.0400
-1.4046 -5.1720 -0.0400
-1.3345 -5.1827 -0.0400
-1.3207 -5.2493 -0.0400
0.0468 -8.5761 -0.0400
0.8679 -7.3797 -0.0400
0.9461 -7.3377 -0.0400
1.0236 -7.3423 -0.0400
1.1026 -7.3819 -0.0400
1.4565 -5.1186 -0.0400
1.4862 -5.0740 -0.0400
1.5208 -5.0524 -0.0400
1.5581 -5.0419 -0.0400
1.5945 -5.0282 -0.0400
1.6330 -5.0213 -0.0400
1.2357 -3.5057 -0.0400
1.2425 -3.4937 -0.0400
1.2502 -3.4839 -0.0400
1.2586 -3.4757 -0.0400
1.2676 -3.4687 -0.0400
1.2778 -3.4637 -0.0400
1.2888 -3.4601 -0.0400
1.3006 -3.4574 -0.0400
1.3136 -3.4563 -0.0400
1.3367 -3.4691 -0.0400
3.2686 -6.0968 -0.0400
3.3308 -6.0647 -0.0400
3.3413 -3.9690 -0.0400
3.3120 -3.9070 -0.0400
3.3118 -3.8585 -0.0400
3.3181 -3.8132 -0.0400
3.3524 -3.7783 -0.0400
3.3984 -3.7467 -0.0400
5.9858 -3.7794 -0.0400
6.0022 -3.6914 -0.0400
6.0620 -3.6091 -0.0400
1.4349 -1.5317 -0.0400
1.0946 0.5243 -0.0400
1.0341 0.5143 -0.0400
0.9743 0.5295 -0.0400
0.9131 0.6387 -0.0400
-1.9936 2.3010 -0.0400
-2.0892 2.2567 -0.0400
-2.4978 1.2742 -0.0400
-2.5785 1.2226 -0.0400
-1.1360 -2.6023 -0.0400
-1.1567 -2.6370 -0.0400
-1.1925 -2.6705 -0.0400
-3.5306 -2.4901 -0.0400
-3.4797 -2.5730 -0.0400
-3.4801 -2.6509 -0.0400
-3.5235 -2.7270 -0.0400
-3.4604 -2.8069 -0.0400
-2.9740 -4.1652 -0.0400
-2.9261 -4.2252 -0.0400
-2.9071 -4.2945 -0.0400
-2.9202 -4.3763 -0.0400
-0.4858 -3.5131 -0.0400
-0.4425 -3.5240 -0.0400
-0.4259 -3.5457 -0.0400
-0.4135 -3.5693 -0.0400
-0.4053 -3.5950 -0.0400
-0.4018 -3.6232 -0.0400
-0.4039 -3.6550 -0.0400
-0.4191 -3.6950 -0.0400
-3.0479 -6.6157 -0.0400
-1.3864 -5.1547 -0.0400
-1.3520 -5.2006 -0.0400
-0.0534 -8.5718 -0.0400
0.0510 -8.5568 -0.0400
0.7872 -7.5427 -0.0400
0.8716 -7.3725 -0.0400
0.9497 -7.3359 -0.0400
1.0273 -7.3412 -0.0400
1.4645 -5.1208 -0.0400
1.4904 -5.0608 -0.0400
1.5277 -5.0499 -0.0400
1.5645 -5.0375 -0.0400
1.6026 -5.0296 -0.0400
1.6479 -5.0434 -0.0400
1.2301 -3.5264 -0.0400
1.2345 -3.5078 -0.0400
1.2411 -3.4951 -0.0400
1.2487 -3.4849 -0.0400
1.2571 -3.4765 -0.0400
1.2658 -3.4691 -0.0400
1.2761 -3.4645 -0.0400
1.2871 -3.4610 -0.0400
1.2990 -3.4588 -0.0400
1.3122 -3.4582 -0.0400
1.3363 -3.4735 -0.0400
3.2236 -6.1455 -0.0400
3.2725 -6.0952 -0.0400
3.3416 -6.0723 -0.0400
3.3882 -4.0380 -0.0400
3.3333 -3.9623 -0.0400
3.3071 -3.9018 -0.0400
3.3025 -3.8518 -0.0400
3.3211 -3.8116 -0.0400
3.3685 -3.7816 -0.0400
6.1842 -3.9115 -0.0400
6.0015 -3.7852 -0.0400
6.0064 -3.6953 -0.0400
6.0960 -3.6173 -0.0400
1.1103 0.5315 -0.0400
1.0495 0.5138 -0.0400
0.9901 0.5657 -0.0400
0.9286 0.6546 -0.0400
-1.9763 2.3100 -0.0400
-2.4742 1.2741 -0.0400
-2.5652 1.2349 -0.0400
-3.5093 -2.4808 -0.0400
-3.4753 -2.5623 -0.0400
-3.4804 -2.6401 -0.0400
-3.4575 -2.7191 -0.0400
-3.4597 -2.7966 -0.0400
-3.0024 -4.1674 -0.0400
-2.9280 -4.2192 -0.0400
-2.9268 -4.2952 -0.0400
-3.0071 -4.4027 -0.0400
-0.5114 -3.4919 -0.0400
-0.4728 -3.5059 -0.0400
-0.4473 -3.5245 -0.0400
-0.4287 -3.5457 -0.0400
-0.4148 -3.5688 -0.0400
-0.4125 -3.5976 -0.0400
-0.4136 -3.6286 -0.0400
-0.4251 -3.6660 -0.0400
-1.4440 -5.1298 -0.0400
-1.3776 -5.1457 -0.0400
-1.3397 -5.1880 -0.0400
-0.0471 -8.5407 -0.0400
0.7910 -7.5223 -0.0400
0.8752 -7.3569 -0.0400
0.9532 -7.3343 -0.0400
1.0315 -7.3869 -0.0400
1.4333 -5.1304 -0.0400
1.4631 -5.0826 -0.0400
1.4976 -5.0593 -0.0400
1.5347 -5.0477 -0.0400
1.5717 -5.0359 -0.0400
1.6163 -5.0493 -0.0400
1.2309 -3.5338 -0.0400
1.2340 -3.5114 -0.0400
1.2374 -3.4913 -0.0400
1.2458 -3.4826 -0.0400
1.2547 -3.4755 -0.0400
1.2643 -3.4697 -0.0400
1.2745 -3.4650 -0.0400
1.2854 -3.4615 -0.0400
1.2972 -3.4594 -0.0400
1.3152 -3.4669 -0.0400
1.3338 -3.4743 -0.0400
3.2262 -6.1416 -0.0400
3.2768 -6.0938 -0.0400
3.3291 -4.0067 -0.0400
3.3163 -3.9510 -0.0400
3.2950 -3.8931 -0.0400
3.3009 -3.8477 -0.0400
3.3234 -3.8092 -0.0400
3.3728 -3.7801 -0.0400
5.9896 -3.8766 -0.0400
5.9748 -3.7831 -0.0400
6.0348 -3.7024 -0.0400
1.1255 0.5331 -0.0400
1.0647 0.5144 -0.0400
1.0052 0.5479 -0.0400
0.9442 0.6456 -0.0400
0.8809 0.6952 -0.0400
-1.9593 2.3198 -0.0400
-2.4072 1.3718 -0.0400
-2.4605 1.2865 -0.0400
-2.5458 1.2404 -0.0400
-3.4543 -2.7082 -0.0400
-3.4634 -2.7855 -0.0400
-3.0781 -4.1063 -0.0400
-2.9732 -4.1508 -0.0400
-2.9311 -4.2131 -0.0400
-2.9167 -4.2845 -0.0400
-2.9385 -4.3699 -0.0400
-0.4943 -3.4825 -0.0400
-0.4649 -3.5002 -0.0400
-0.4438 -3.5208 -0.0400
-0.4282 -3.5435 -0.0400
-0.4173 -3.5682 -0.0400
-0.4108 -3.5952 -0.0400
-0.4097 -3.6252 -0.0400
-0.4167 -3.6601 -0.0400
-3.1276 -6.5472 -0.0400
-1.4393 -5.1239 -0.0400
-1.3769 -5.1438 -0.0400
-1.3486 -5.1958 -0.0400
-0.0464 -8.5394 -0.0400
0.7993 -7.3820 -0.0400
0.8788 -7.3369 -0.0400
0.9564 -7.3492 -0.0400
1.0350 -7.4118 -0.0400
1.4397 -5.1266 -0.0400
1.4669 -5.0665 -0.0400
1.5042 -5.0554 -0.0400
1.5414 -5.0445 -0.0400
1.5791 -5.0351 -0.0400
1.6225 -5.0447 -0.0400
1.2239 -3.5554 -0.0400
1.2232 -3.5206 -0.0400
1.2291 -3.5047 -0.0400
1.2366 -3.4933 -0.0400
1.2447 -3.4839 -0.0400
1.2536 -3.4764 -0.0400
1.2630 -3.4703 -0.0400
1.2739 -3.4671 -0.0400
1.2855 -3.4649 -0.0400
1.2982 -3.4645 -0.0400
1.3125 -3.4663 -0.0400
1.3299 -3.4724 -0.0400
3.2245 -6.1314 -0.0400
3.2999 -6.1181 -0.0400
3.3288 -4.0023 -0.0400
3.3083 -3.9433 -0.0400
3.2924 -3.8879 -0.0400
3.3021 -3.8443 -0.0400
3.3341 -3.8096 -0.0400
3.4132 -3.7913 -0.0400
5.9727 -3.8753 -0.0400
5.9697 -3.7842 -0.0400
6.0225 -3.7028 -0.0400
5.0094 1.2953 -0.0400
1.1402 0.5269 -0.0400
1.0796 0.5128 -0.0400
1.0202 0.5429 -0.0400
0.9595 0.6415 -0.0400
-2.4156 1.4126 -0.0400
-2.4492 1.3019 -0.0400
-2.5803 1.3097 -0.0400
-2.9606 -4.1388 -0.0400
-2.9364 -4.2071 -0.0400
-2.9406 -4.2853 -0.0400
-0.5099 -3.4854 -0.0400
-0.4738 -3.5009 -0.0400
-0.4495 -3.5205 -0.0400
-0.4298 -3.5416 -0.0400
-0.4217 -3.5679 -0.0400
-0.4186 -3.5968 -0.0400
-0.4222 -3.6296 -0.0400
-0.4417 -3.6718 -0.0400
-3.1362 -6.5479 -0.0400
-1.4410 -5.1232 -0.0400
-1.3786 -5.1434 -0.0400
-0.0470 -8.5431 -0.0400
0.7130 -7.5595 -0.0400
0.8037 -7.3424 -0.0400
0.8819 -7.3295 -0.0400
0.9594 -7.3367 -0.0400
1.4063 -5.1266 -0.0400
1.4383 -5.0850 -0.0400
1.4737 -5.0644 -0.0400
1.5112 -5.0539 -0.0400
1.5484 -5.0426 -0.0400
1.5917 -5.0534 -0.0400
1.2231 -3.5262 -0.0400
1.2286 -3.5080 -0.0400
1.2335 -3.4900 -0.0400
1.2424 -3.4822 -0.0400
1.2518 -3.4759 -0.0400
1.2618 -3.4710 -0.0400
1.2723 -3.4672 -0.0400
1.2837 -3.4647 -0.0400
1.2960 -3.4638 -0.0400
1.3097 -3.4650 -0.0400
1.3418 -3.4966 -0.0400
3.1806 -6.1812 -0.0400
3.2281 -6.1284 -0.0400
3.3002 -6.1108 -0.0400
3.3333 -4.0502 -0.0400
3.3045 -3.9861 -0.0400
3.2940 -3.9323 -0.0400
3.2879 -3.8815 -0.0400
3.3045 -3.8409 -0.0400
3.3403 -3.8078 -0.0400
6.1819 -4.0126 -0.0400
5.9537 -3.8729 -0.0400
5.9638 -3.7847 -0.0400
6.0379 -3.7070 -0.0400
5.0069 1.2745 -0.0400
1.1543 0.5158 -0.0400
1.0942 0.5076 -0.0400
1.0352 0.5493 -0.0400
0.9746 0.6426 -0.0400
-2.3705 1.3856 -0.0400
-2.4328 1.3113 -0.0400
-2.5321 1.2818 -0.0400
-3.7703 -0.3860 -0.0400
-3.7144 -0.5197 -0.0400
-3.0424 -4.0787 -0.0400
-2.9712 -4.1336 -0.0400
-2.9370 -4.1989 -0.0400
-2.9297 -4.2732 -0.0400
-0.5425 -3.4635 -0.0400
-0.4956 -3.4759 -0.0400
-0.4674 -3.4946 -0.0400
-0.4471 -3.5160 -0.0400
-0.4321 -3.5394 -0.0400
-0.4217 -3.5648 -0.0400
-0.4161 -3.5926 -0.0400
-0.4396 -3.6359 -0.0400
-3.1597 -6.5609 -0.0400
-1.4204 -5.1013 -0.0400
-1.3947 -5.1559 -0.0400
-0.1446 -8.5178 -0.0400
0.7255 -7.3869 -0.0400
0.8064 -7.3396 -0.0400
0.8846 -7.3296 -0.0400
0.9621 -7.3550 -0.0400
1.4107 -5.1131 -0.0400
1.4443 -5.0799 -0.0400
1.4803 -5.0617 -0.0400
1.5174 -5.0496 -0.0400
1.5558 -5.0429 -0.0400
1.5994 -5.0545 -0.0400
1.2118 -3.5364 -0.0400
1.2169 -3.5152 -0.0400
1.2243 -3.5020 -0.0400
1.2325 -3.4918 -0.0400
1.2413 -3.4836 -0.0400
1.2506 -3.4769 -0.0400
1.2605 -3.4716 -0.0400
1.2719 -3.4696 -0.0400
1.2839 -3.4685 -0.0400
1.2970 -3.4692 -0.0400
1.3121 -3.4730 -0.0400
1.3315 -3.4836 -0.0400
3.1752 -6.1646 -0.0400
3.2422 -6.1405 -0.0400
3.3074 -4.0322 -0.0400
3.3073 -3.9822 -0.0400
3.2787 -3.9203 -0.0400
3.2879 -3.8765 -0.0400
3.3197 -3.8424 -0.0400
3.3567 -3.8096 -0.0400
6.0616 -3.9877 -0.0400
5.9483 -3.8728 -0.0400
5.9667 -3.7863 -0.0400
5.0094 1.2597 -0.0400
2.6471 -0.6190 -0.0400
2.5836 -0.6239 -0.0400
1.2334 0.5870 -0.0400
1.1691 0.5247 -0.0400
1.1086 0.5060 -0.0400
1.0493 0.5228 -0.0400
0.9894 0.6495 -0.0400
0.9263 0.7085 -0.0400
-2.3813 1.4298 -0.0400
-2.4197 1.3249 -0.0400
-3.7487 -0.3779 -0.0400
-3.7111 -0.5023 -0.0400
-3.6735 -0.6232 -0.0400
-3.7319 -0.6964 -0.0400
-3.0719 -4.0780 -0.0400
-2.9636 -4.1221 -0.0400
-2.9488 -4.1938 -0.0400
-2.9654 -4.2768 -0.0400
-0.5088 -3.4767 -0.0400
-0.4758 -3.4938 -0.0400
-0.4467 -3.5118 -0.0400
-0.4345 -3.5366 -0.0400
-0.4268 -3.5635 -0.0400
-0.4247 -3.5934 -0.0400
-0.4295 -3.6273 -0.0400
-0.4551 -3.6731 -0.0400
-1.5035 -5.0943 -0.0400
-1.4256 -5.1023 -0.0400
-1.3907 -5.1486 -0.0400
-0.1452 -8.5172 -0.0400
0.7291 -7.3625 -0.0400
0.8091 -7.3298 -0.0400
0.8870 -7.3297 -0.0400
0.9639 -7.4197 -0.0400
1.3837 -5.1510 -0.0400
1.4148 -5.0987 -0.0400
1.4498 -5.0729 -0.0400
1.4873 -5.0620 -0.0400
1.5239 -5.0474 -0.0400
1.5633 -5.0442 -0.0400
1.6085 -5.0610 -0.0400
1.2107 -3.5410 -0.0400
1.2155 -3.5176 -0.0400
1.2230 -3.5039 -0.0400
1.2312 -3.4933 -0.0400
1.2390 -3.4822 -0.0400
1.2489 -3.4768 -0.0400
1.2593 -3.4726 -0.0400
1.2703 -3.4698 -0.0400
1.2820 -3.4682 -0.0400
1.2947 -3.4684 -0.0400
1.3089 -3.4710 -0.0400
3.1464 -6.2385 -0.0400
3.1800 -6.1632 -0.0400
3.2411 -6.1306 -0.0400
3.2999 -4.0228 -0.0400
3.2890 -3.9680 -0.0400
3.2742 -3.9128 -0.0400
3.2935 -3.8736 -0.0400
3.3219 -3.8381 -0.0400
5.9580 -3.9657 -0.0400
5.9374 -3.8711 -0.0400
5.9694 -3.7874 -0.0400
5.0090 1.2428 -0.0400
2.6498 -0.6297 -0.0400
2.5886 -0.6318 -0.0400
2.5395 -0.6182 -0.0400
2.5051 -0.5832 -0.0400
2.4788 -0.5346 -0.0400
1.1226 0.5026 -0.0400
1.0640 0.5458 -0.0400
1.0039 0.6363 -0.0400
-2.5052 1.3083 -0.0400
-3.7501 -0.3573 -0.0400
-3.6996 -0.4888 -0.0400
-3.6717 -0.6052 -0.0400
-3.0124 -4.0507 -0.0400
-2.9686 -4.1139 -0.0400
-2.9489 -4.1843 -0.0400
-2.9556 -4.2639 -0.0400
-0.5341 -3.4505 -0.0400
-0.4955 -3.4664 -0.0400
-0.4699 -3.4865 -0.0400
-0.4510 -3.5090 -0.0400
-0.4370 -3.5332 -0.0400
-0.4273 -3.5594 -0.0400
-0.4362 -3.5948 -0.0400
-0.4491 -3.6333 -0.0400
-1.4759 -5.0653 -0.0400
-1.4273 -5.0994 -0.0400
-0.1465 -8.5181 -0.0400
0.6398 -7.5151 -0.0400
0.7307 -7.3662 -0.0400
0.8115 -7.3208 -0.0400
0.8888 -7.3363 -0.0400
1.3840 -5.1144 -0.0400
1.4189 -5.0852 -0.0400
1.4551 -5.0662 -0.0400
1.4931 -5.0573 -0.0400
1.5307 -5.0466 -0.0400
1.5715 -5.0490 -0.0400
1.2077 -3.5409 -0.0400
1.2132 -3.5181 -0.0400
1.2210 -3.5047 -0.0400
1.2280 -3.4898 -0.0400
1.2375 -3.4831 -0.0400
1.2475 -3.4777 -0.0400
1.2579 -3.4734 -0.0400
1.2688 -3.4703 -0.0400
1.2824 -3.4731 -0.0400
1.2960 -3.4752 -0.0400
1.3117 -3.4809 -0.0400
1.3355 -3.5013 -0.0400
3.1287 -6.2020 -0.0400
3.1853 -6.1627 -0.0400
3.2794 -6.1780 -0.0400
3.3123 -4.0735 -0.0400
3.3004 -4.0170 -0.0400
3.2658 -3.9510 -0.0400
3.2750 -3.9073 -0.0400
3.3003 -3.8709 -0.0400
3.3354 -3.8382 -0.0400
5.9558 -3.9651 -0.0400
5.9362 -3.8708 -0.0400
6.0043 -3.7940 -0.0400
5.0876 1.1637 -0.0400
2.6583 -0.6315 -0.0400
2.5865 -0.6487 -0.0400
2.5463 -0.6227 -0.0400
2.5132 -0.5861 -0.0400
2.4895 -0.5337 -0.0400
-1.7991 2.4098 -0.0400
-1.8954 2.3673 -0.0400
-3.6971 -0.2653 -0.0400
-3.6667 -0.3882 -0.0400
-3.6254 -0.5134 -0.0400
-3.7126 -0.5724 -0.0400
-1.2555 -2.0058 -0.0400
-1.2287 -2.0609 -0.0400
-1.2181 -2.1087 -0.0400
-3.1342 -3.9231 -0.0400
-3.0384 -3.9748 -0.0400
-2.9958 -4.0390 -0.0400
-2.9758 -4.1094 -0.0400
-0.5618 -3.4256 -0.0400
-0.5171 -3.4404 -0.0400
-0.4895 -3.4604 -0.0400
-0.4647 -3.4809 -0.0400
-0.4543 -3.5069 -0.0400
-0.4482 -3.5349 -0.0400
-0.4475 -3.5656 -0.0400
-0.4545 -3.6007 -0.0400
-0.4930 -3.6527 -0.0400
-3.3065 -6.4057 -0.0400
-1.5344 -5.0352 -0.0400
-1.4693 -5.0559 -0.0400
-1.4711 -5.1358 -0.0400
-0.3501 -8.4979 -0.0400
-0.2509 -8.5181 -0.0400
0.5724 -7.3763 -0.0400
0.6566 -7.3172 -0.0400
0.7348 -7.3162 -0.0400
0.8107 -7.3614 -0.0400
0.8871 -7.4387 -0.0400
1.3461 -5.1011 -0.0400
1.3831 -5.0838 -0.0400
1.4210 -5.0734 -0.0400
1.4589 -5.0634 -0.0400
1.4983 -5.0610 -0.0400
1.1889 -3.5405 -0.0400
1.1962 -3.5217 -0.0400
1.2048 -3.5095 -0.0400
1.2125 -3.4957 -0.0400
1.2224 -3.4895 -0.0400
1.2326 -3.4844 -0.0400
1.2432 -3.4805 -0.0400
1.2552 -3.4801 -0.0400
1.2674 -3.4801 -0.0400
1.2807 -3.4820 -0.0400
1.2957 -3.4870 -0.0400
1.3149 -3.5002 -0.0400
3.0763 -6.2424 -0.0400
3.1287 -6.1960 -0.0400
3.2649 -4.0950 -0.0400
3.2518 -4.0378 -0.0400
3.2379 -3.9816 -0.0400
3.2569 -3.9427 -0.0400
3.2841 -3.9074 -0.0400
5.9527 -4.1468 -0.0400
5.9159 -4.0463 -0.0400
5.9176 -3.9564 -0.0400
5.9875 -3.8810 -0.0400
5.1783 1.1022 -0.0400
2.6766 -0.6960 -0.0400
2.6277 -0.6816 -0.0400
2.5872 -0.6564 -0.0400
2.5547 -0.6195 -0.0400
2.5727 -0.5050 -0.0400
1.6855 -1.6845 -0.0400
1.6567 -1.6875 -0.0400
1.6313 -1.6853 -0.0400
-1.7860 2.4130 -0.0400
-3.7308 -0.3271 -0.0400
-3.6968 -0.4505 -0.0400
-3.6580 -0.5730 -0.0400
-1.2252 -2.0885 -0.0400
-1.2268 -2.1318 -0.0400
-1.1365 -2.2030 -0.0400
-1.1210 -2.2487 -0.0400
-1.1067 -2.2931 -0.0400
-3.0893 -3.9737 -0.0400
-3.0143 -4.0298 -0.0400
-2.9753 -4.0949 -0.0400
-2.9823 -4.1743 -0.0400
-0.5616 -3.4482 -0.0400
-0.5115 -3.4607 -0.0400
-0.4715 -3.4757 -0.0400
-0.4552 -3.4995 -0.0400
-0.4429 -3.5250 -0.0400
-0.4347 -3.5523 -0.0400
-0.4471 -3.5899 -0.0400
-0.4653 -3.6315 -0.0400
-3.2163 -6.4432 -0.0400
-1.4764 -5.0541 -0.0400
-1.4391 -5.0988 -0.0400
-0.2497 -8.5003 -0.0400
-0.1550 -8.5413 -0.0400
0.6533 -7.3736 -0.0400
0.7363 -7.3183 -0.0400
0.8143 -7.3207 -0.0400
0.8905 -7.3811 -0.0400
1.3559 -5.1148 -0.0400
1.3921 -5.0898 -0.0400
1.4286 -5.0703 -0.0400
1.4678 -5.0666 -0.0400
1.5057 -5.0561 -0.0400
1.5478 -5.0636 -0.0400
1.2043 -3.5539 -0.0400
1.2059 -3.5128 -0.0400
1.2150 -3.5023 -0.0400
1.2233 -3.4899 -0.0400
1.2334 -3.4841 -0.0400
1.2438 -3.4794 -0.0400
1.2544 -3.4756 -0.0400
1.2665 -3.4753 -0.0400
1.2788 -3.4752 -0.0400
1.2920 -3.4767 -0.0400
1.3067 -3.4812 -0.0400
3.0845 -6.2438 -0.0400
3.1330 -6.1912 -0.0400
3.2045 -6.1746 -0.0400
3.2855 -4.0971 -0.0400
3.2786 -4.0427 -0.0400
3.2590 -3.9833 -0.0400
3.2635 -3.9370 -0.0400
3.2866 -3.9000 -0.0400
3.3247 -3.8692 -0.0400
6.1158 -4.0932 -0.0400
5.9265 -3.9573 -0.0400
5.9615 -3.8748 -0.0400
5.0999 1.1481 -0.0400
2.6519 -0.6641 -0.0400
2.5999 -0.6547 -0.0400
2.5571 -0.6331 -0.0400
2.5390 -0.5745 -0.0400
2.5373 -0.4873 -0.0400
1.7067 -1.6631 -0.0400
1.6734 -1.6739 -0.0400
1.6446 -1.6780 -0.0400
1.6191 -1.6767 -0.0400
1.5931 -1.6771 -0.0400
1.5714 -1.6693 -0.0400
1.5506 -1.6593 -0.0400
-1.7634 2.4260 -0.0400
-1.8624 2.3886 -0.0400
-3.7654 -0.3882 -0.0400
-3.6841 -0.5336 -0.0400
-3.6876 -0.6338 -0.0400
-1.2490 -2.1064 -0.0400
-1.2317 -2.1559 -0.0400
-1.1681 -2.2177 -0.0400
-1.1150 -2.2737 -0.0400
-1.1150 -2.3140 -0.0400
-1.1166 -2.3536 -0.0400
-1.1270 -2.3910 -0.0400
-1.1444 -2.4271 -0.0400
-2.9700 -4.2331 -0.0400
-0.5524 -3.4671 -0.0400
-0.4844 -3.4719 -0.0400
-0.4625 -3.4938 -0.0400
-0.4454 -3.5175 -0.0400
-0.4321 -3.5427 -0.0400
-0.4299 -3.5732 -0.0400
-0.4304 -3.6056 -0.0400
-0.4413 -3.6440 -0.0400
-3.1766 -6.5220 -0.0400
-1.4572 -5.1059 -0.0400
-0.1541 -8.5207 -0.0400
0.6392 -7.5450 -0.0400
0.7352 -7.3459 -0.0400
0.8156 -7.3147 -0.0400
0.8934 -7.3248 -0.0400
0.9708 -7.3843 -0.0400
1.4001 -5.0930 -0.0400
1.4368 -5.0733 -0.0400
1.4745 -5.0606 -0.0400
1.5122 -5.0491 -0.0400
1.5517 -5.0458 -0.0400
1.2084 -3.5250 -0.0400
1.2169 -3.5101 -0.0400
1.2245 -3.4938 -0.0400
1.2343 -3.4865 -0.0400
1.2444 -3.4803 -0.0400
1.2545 -3.4744 -0.0400
1.2654 -3.4709 -0.0400
1.2778 -3.4712 -0.0400
1.2902 -3.4712 -0.0400
1.3035 -3.4729 -0.0400
1.3184 -3.4774 -0.0400
3.1504 -6.2071 -0.0400
3.1956 -6.1498 -0.0400
3.2998 -4.0444 -0.0400
3.2834 -3.9862 -0.0400
3.2759 -3.9338 -0.0400
3.2868 -3.8910 -0.0400
3.3186 -3.8577 -0.0400
3.3741 -3.8337 -0.0400
5.9953 -3.9710 -0.0400
5.9484 -3.8706 -0.0400
6.0195 -3.7947 -0.0400
5.0486 1.2214 -0.0400
2.6115 -0.6528 -0.0400
2.5657 -0.6357 -0.0400
2.5294 -0.6051 -0.0400
2.5015 -0.5608 -0.0400
2.4988 -0.4740 -0.0400
1.6968 -1.6461 -0.0400
1.6621 -1.6606 -0.0400
1.6327 -1.6665 -0.0400
1.6035 -1.6737 -0.0400
1.5807 -1.6685 -0.0400
1.5590 -1.6612 -0.0400
1.5382 -1.6515 -0.0400
1.5203 -1.6348 -0.0400
1.5018 -1.6186 -0.0400
1.4841 -1.5991 -0.0400
-1.8360 2.3943 -0.0400
-1.9261 2.3407 -0.0400
-2.3383 1.5084 -0.0400
-2.3588 1.3796 -0.0400
-2.4328 1.3199 -0.0400
-3.6856 -0.2021 -0.0400
-3.6624 -0.3223 -0.0400
-3.6789 -0.4190 -0.0400
-3.6435 -0.5401 -0.0400
-1.2336 -2.0577 -0.0400
-1.2260 -2.1047 -0.0400
-1.1481 -2.1727 -0.0400
-1.1220 -2.2221 -0.0400
-1.1029 -2.2682 -0.0400
-1.1075 -2.3073 -0.0400
-1.1248 -2.3431 -0.0400
-1.1450 -2.3787 -0.0400
-1.1152 -2.4245 -0.0400
-1.1147 -2.4638 -0.0400
-1.1236 -2.5013 -0.0400
-0.4997 -3.4420 -0.0400
-0.4788 -3.4648 -0.0400
-0.4623 -3.4890 -0.0400
-0.4518 -3.5156 -0.0400
-0.4466 -3.5448 -0.0400
-0.4465 -3.5767 -0.0400
-0.4545 -3.6134 -0.0400
-1.5596 -5.0329 -0.0400
-1.4823 -5.0445 -0.0400
-1.4531 -5.0970 -0.0400
-0.2565 -8.5047 -0.0400
0.5564 -7.5422 -0.0400
0.6570 -7.3369 -0.0400
0.7373 -7.3170 -0.0400
0.8145 -7.3406 -0.0400
1.3275 -5.1248 -0.0400
1.3644 -5.0994 -0.0400
1.4009 -5.0763 -0.0400
1.4401 -5.0716 -0.0400
1.4781 -5.0602 -0.0400
1.1936 -3.5457 -0.0400
1.1992 -3.5150 -0.0400
1.2077 -3.5001 -0.0400
1.2180 -3.4934 -0.0400
1.2279 -3.4859 -0.0400
1.2387 -3.4818 -0.0400
1.2501 -3.4795 -0.0400
1.2618 -3.4779 -0.0400
1.2739 -3.4773 -0.0400
1.2894 -3.4851 -0.0400
1.3045 -3.4909 -0.0400
3.0818 -6.2219 -0.0400
3.1482 -6.1980 -0.0400
3.3117 -4.1491 -0.0400
3.2748 -4.0767 -0.0400
3.2566 -4.0168 -0.0400
3.2475 -3.9632 -0.0400
3.2726 -3.9274 -0.0400
3.3120 -3.8979 -0.0400
5.9193 -4.0429 -0.0400
5.9306 -3.9554 -0.0400
6.0338 -3.8873 -0.0400
5.1162 1.1396 -0.0400
2.7302 -0.6596 -0.0400
2.6554 -0.6792 -0.0400
2.6067 -0.6660 -0.0400
2.5676 -0.6399 -0.0400
2.5642 -0.5599 -0.0400
1.7272 -1.6479 -0.0400
1.6871 -1.6708 -0.0400
1.6503 -1.6906 -0.0400
1.6260 -1.6880 -0.0400
1.6032 -1.6828 -0.0400
1.5815 -1.6757 -0.0400
1.5622 -1.6635 -0.0400
1.5435 -1.6492 -0.0400
1.5256 -1.6325 -0.0400
1.5086 -1.6123 -0.0400
1.5037 -1.5568 -0.0400
-1.7342 2.4534 -0.0400
-2.2876 1.4634 -0.0400
-2.3442 1.3814 -0.0400
-3.7081 -0.2766 -0.0400
-3.6712 -0.4023 -0.0400
-3.6637 -0.5099 -0.0400
-1.2359 -2.0426 -0.0400
-1.2243 -2.0911 -0.0400
-1.1474 -2.1591 -0.0400
-1.1191 -2.2094 -0.0400
-1.1093 -2.2531 -0.0400
-1.1059 -2.2944 -0.0400
-1.1175 -2.3317 -0.0400
-1.1363 -2.3676 -0.0400
-1.1211 -2.4106 -0.0400
-1.1128 -2.4515 -0.0400
-1.1211 -2.4892 -0.0400
-1.1519 -2.5236 -0.0400
-1.1886 -2.5583 -0.0400
-3.4577 -2.3481 -0.0400
-0.4557 -3.5098 -0.0400
-0.4505 -3.5392 -0.0400
-0.4499 -3.5711 -0.0400
-3.2385 -6.4251 -0.0400
-1.4868 -5.0400 -0.0400
0.5585 -7.5151 -0.0400
0.6579 -7.3232 -0.0400
0.7366 -7.3248 -0.0400
0.8140 -7.3492 -0.0400
1.3304 -5.1100 -0.0400
1.3670 -5.0838 -0.0400
1.4057 -5.0750 -0.0400
1.4441 -5.0652 -0.0400
1.1896 -3.5507 -0.0400
1.1955 -3.5181 -0.0400
1.2044 -3.5033 -0.0400
1.2141 -3.4933 -0.0400
1.2249 -3.4882 -0.0400
1.2356 -3.4831 -0.0400
1.2471 -3.4811 -0.0400
1.2588 -3.4795 -0.0400
1.2724 -3.4830 -0.0400
1.2857 -3.4852 -0.0400
1.3058 -3.5040 -0.0400
3.0341 -6.2687 -0.0400
3.0850 -6.2189 -0.0400
3.1532 -6.1979 -0.0400
3.3113 -4.1413 -0.0400
3.2359 -4.0478 -0.0400
3.2353 -3.9981 -0.0400
3.2508 -3.9575 -0.0400
3.2779 -3.9227 -0.0400
3.3230 -3.8959 -0.0400
6.1044 -4.1806 -0.0400
5.9143 -4.0397 -0.0400
5.9476 -3.9574 -0.0400
6.0328 -3.8855 -0.0400
2.7057 -0.6995 -0.0400
2.6512 -0.6933 -0.0400
2.6085 -0.6724 -0.0400
2.5752 -0.6383 -0.0400
2.5541 -0.5853 -0.0400
2.5559 -0.4944 -0.0400
1.7163 -1.6759 -0.0400
1.6836 -1.6866 -0.0400
1.6556 -1.6903 -0.0400
1.6309 -1.6887 -0.0400
1.6078 -1.6848 -0.0400
1.5859 -1.6785 -0.0400
1.5663 -1.6672 -0.0400
1.5476 -1.6536 -0.0400
1.5298 -1.6371 -0.0400
1.5197 -1.5995 -0.0400
1.5082 -1.5622 -0.0400
-1.7110 2.4502 -0.0400
-2.2226 1.5675 -0.0400
-2.2577 1.4553 -0.0400
-2.3345 1.3993 -0.0400
-2.4663 1.4096 -0.0400
-3.6603 -0.1734 -0.0400
-3.6310 -0.2972 -0.0400
-3.6185 -0.4088 -0.0400
-3.6343 -0.5040 -0.0400
-1.2477 -2.0238 -0.0400
-1.2130 -2.0805 -0.0400
-1.1609 -2.1407 -0.0400
-1.1216 -2.1947 -0.0400
-1.1081 -2.2397 -0.0400
-1.1037 -2.2815 -0.0400
-1.1157 -2.3188 -0.0400
-1.1347 -2.3547 -0.0400
-1.1172 -2.3983 -0.0400
-1.1131 -2.4385 -0.0400
-1.1220 -2.4762 -0.0400
-1.1400 -2.5127 -0.0400
-3.4900 -2.2477 -0.0400
-3.4606 -2.3318 -0.0400
-3.4870 -2.4093 -0.0400
-3.4649 -2.4911 -0.0400
-3.4581 -2.5710 -0.0400
-3.3319 -6.3610 -0.0400
-1.5546 -5.0107 -0.0400
-1.4904 -5.0338 -0.0400
-1.4844 -5.1075 -0.0400
-0.3663 -8.4925 -0.0400
-0.2670 -8.5160 -0.0400
0.5612 -7.4776 -0.0400
0.6570 -7.3232 -0.0400
0.7350 -7.3377 -0.0400
0.8119 -7.3779 -0.0400
1.2994 -5.1583 -0.0400
1.3339 -5.1038 -0.0400
1.3713 -5.0823 -0.0400
1.4106 -5.0767 -0.0400
1.1817 -3.5384 -0.0400
1.1902 -3.5165 -0.0400
1.1999 -3.5036 -0.0400
1.2100 -3.4947 -0.0400
1.2210 -3.4898 -0.0400
1.2319 -3.4848 -0.0400
1.2434 -3.4822 -0.0400
1.2557 -3.4824 -0.0400
1.2680 -3.4820 -0.0400
1.2828 -3.4885 -0.0400
1.3021 -3.5065 -0.0400
2.9998 -6.3414 -0.0400
3.0325 -6.2578 -0.0400
3.0889 -6.2173 -0.0400
3.1625 -6.2050 -0.0400
3.3020 -4.1811 -0.0400
3.2590 -4.1035 -0.0400
3.2394 -4.0419 -0.0400
3.2383 -3.9920 -0.0400
3.2540 -3.9515 -0.0400
3.3119 -3.9318 -0.0400
5.9509 -4.1378 -0.0400
5.9193 -4.0387 -0.0400
5.9841 -3.9636 -0.0400
5.2047 1.0656 -0.0400
2.7246 -0.6821 -0.0400
2.6593 -0.6900 -0.0400
2.6124 -0.6749 -0.0400
2.5865 -0.6306 -0.0400
2.5859 -0.5468 -0.0400
1.7271 -1.6645 -0.0400
1.6909 -1.6814 -0.0400
1.6558 -1.6988 -0.0400
1.6323 -1.6954 -0.0400
1.6102 -1.6899 -0.0400
1.5895 -1.6816 -0.0400
1.5699 -1.6709 -0.0400
1.5510 -1.6583 -0.0400
1.5376 -1.6315 -0.0400
1.5226 -1.6069 -0.0400
1.5106 -1.5721 -0.0400
-1.6944 2.4590 -0.0400
-2.2501 1.4759 -0.0400
-2.3151 1.4048 -0.0400
-3.6927 -0.2424 -0.0400
-3.6547 -0.3691 -0.0400
-1.2179 -2.0196 -0.0400
-1.2120 -2.0663 -0.0400
-1.2209 -2.1075 -0.0400
-1.1312 -2.1778 -0.0400
-1.0982 -2.2286 -0.0400
-1.1008 -2.2685 -0.0400
-1.1131 -2.3058 -0.0400
-1.1312 -2.3419 -0.0400
-1.1162 -2.3851 -0.0400
-1.1117 -2.4256 -0.0400
-1.1165 -2.4640 -0.0400
-1.1423 -2.4993 -0.0400
-1.1785 -2.5340 -0.0400
-3.4548 -2.3162 -0.0400
-3.4735 -2.3944 -0.0400
-3.4477 -2.4764 -0.0400
-3.4558 -2.5553 -0.0400
-3.3510 -6.3618 -0.0400
-1.5709 -5.0141 -0.0400
-1.5060 -5.0373 -0.0400
-0.3701 -8.4878 -0.0400
0.4718 -7.5187 -0.0400
0.5728 -7.3549 -0.0400
0.6554 -7.3274 -0.0400
0.7334 -7.3442 -0.0400
0.8098 -7.3984 -0.0400
1.3001 -5.1294 -0.0400
1.3365 -5.0933 -0.0400
1.3749 -5.0796 -0.0400
1.1784 -3.5558 -0.0400
1.1858 -3.5232 -0.0400
1.1957 -3.5092 -0.0400
1.2055 -3.4967 -0.0400
1.2163 -3.4905 -0.0400
1.2276 -3.4864 -0.0400
1.2393 -3.4842 -0.0400
1.2517 -3.4843 -0.0400
1.2640 -3.4838 -0.0400
1.2782 -3.4889 -0.0400
1.2953 -3.5014 -0.0400
3.0321 -6.2493 -0.0400
3.0949 -6.2199 -0.0400
3.2238 -4.0753 -0.0400
3.2217 -4.0243 -0.0400
3.2372 -3.9836 -0.0400
3.2658 -3.9498 -0.0400
3.3149 -3.9257 -0.0400
5.9364 -4.1314 -0.0400
5.9325 -4.0395 -0.0400
5.1949 1.0474 -0.0400
2.7063 -0.7118 -0.0400
2.6554 -0.7017 -0.0400
2.6146 -0.6788 -0.0400
2.5834 -0.6424 -0.0400
2.5650 -0.5861 -0.0400
2.5733 -0.4862 -0.0400
1.7669 -1.6497 -0.0400
1.7191 -1.6849 -0.0400
1.6875 -1.6946 -0.0400
1.6605 -1.6973 -0.0400
1.6363 -1.6955 -0.0400
1.6139 -1.6909 -0.0400
1.5930 -1.6836 -0.0400
1.5742 -1.6714 -0.0400
1.5565 -1.6565 -0.0400
1.5398 -1.6384 -0.0400
1.5244 -1.6156 -0.0400
1.5115 -1.5845 -0.0400
-1.5993 2.5438 -0.0400
-1.6779 2.4674 -0.0400
-2.2248 1.4733 -0.0400
-2.3124 1.4312 -0.0400
-3.6194 -0.4700 -0.0400
-1.2384 -1.9974 -0.0400
-1.2164 -2.0500 -0.0400
-1.1408 -2.1183 -0.0400
-1.1086 -2.1702 -0.0400
-1.0996 -2.2141 -0.0400
-1.0998 -2.2547 -0.0400
-1.1097 -2.2927 -0.0400
-1.1399 -2.3262 -0.0400
-1.1179 -2.3712 -0.0400
-1.1118 -2.4121 -0.0400
-1.1153 -2.4509 -0.0400
-1.1406 -2.4864 -0.0400
-1.1792 -2.5207 -0.0400
-3.4659 -2.2984 -0.0400
-3.4922 -2.3761 -0.0400
-3.4623 -2.4590 -0.0400
-3.4766 -2.5378 -0.0400
-3.3655 -6.3581 -0.0400
-1.5448 -4.9816 -0.0400
-1.5065 -5.0271 -0.0400
-0.3759 -8.4888 -0.0400
0.4599 -7.5921 -0.0400
0.5736 -7.3296 -0.0400
0.6535 -7.3276 -0.0400
0.7287 -7.3843 -0.0400
1.2663 -5.1754 -0.0400
1.3029 -5.1252 -0.0400
1.3397 -5.0913 -0.0400
1.3788 -5.0816 -0.0400
1.1799 -3.5263 -0.0400
1.1899 -3.5103 -0.0400
1.2005 -3.5001 -0.0400
1.2114 -3.4932 -0.0400
1.2227 -3.4885 -0.0400
1.2343 -3.4855 -0.0400
1.2468 -3.4858 -0.0400
1.2599 -3.4878 -0.0400
1.2743 -3.4933 -0.0400
1.2913 -3.5058 -0.0400
2.9892 -6.3074 -0.0400
3.0356 -6.2483 -0.0400
3.1094 -6.2369 -0.0400
3.2500 -4.1339 -0.0400
3.2312 -4.0716 -0.0400
3.2265 -4.0189 -0.0400
3.2404 -3.9774 -0.0400
3.2950 -3.9570 -0.0400
5.9001 -4.1190 -0.0400
5.9437 -4.0397 -0.0400
5.1931 1.0375 -0.0400
2.7181 -0.7018 -0.0400
2.6537 -0.7094 -0.0400
2.6194 -0.6780 -0.0400
2.5948 -0.6325 -0.0400
2.5975 -0.5448 -0.0400
1.7283 -1.6740 -0.0400
1.6848 -1.7051 -0.0400
1.6599 -1.7045 -0.0400
1.6370 -1.7010 -0.0400
1.6155 -1.6952 -0.0400
1.5954 -1.6864 -0.0400
1.5764 -1.6754 -0.0400
1.5583 -1.6621 -0.0400
1.5464 -1.6326 -0.0400
1.5330 -1.6050 -0.0400
1.5248 -1.5607 -0.0400
-1.6603 2.4732 -0.0400
-1.7634 2.4449 -0.0400
-2.1547 1.5685 -0.0400
-2.2106 1.4847 -0.0400
-2.2929 1.4361 -0.0400
-1.2145 -1.9908 -0.0400
-1.2053 -2.0389 -0.0400
-1.2134 -2.0805 -0.0400
-1.1256 -2.1507 -0.0400
-1.1041 -2.1985 -0.0400
-1.0960 -2.2416 -0.0400
-1.1091 -2.2788 -0.0400
-1.1315 -2.3142 -0.0400
-1.1239 -2.3562 -0.0400
-1.1138 -2.3981 -0.0400
-1.1170 -2.4371 -0.0400
-1.1359 -2.4736 -0.0400
-1.1699 -2.5085 -0.0400
-3.4655 -2.2816 -0.0400
-3.5048 -2.3582 -0.0400
-3.4561 -2.4429 -0.0400
-3.4555 -2.5227 -0.0400
-1.6286 -4.9609 -0.0400
-1.5516 -4.9758 -0.0400
-1.5116 -5.0200 -0.0400
-0.4824 -8.4671 -0.0400
0.4631 -7.5434 -0.0400
0.5715 -7.3256 -0.0400
0.6508 -7.3313 -0.0400
0.7281 -7.3634 -0.0400
1.2662 -5.1424 -0.0400
1.3043 -5.1112 -0.0400
1.3423 -5.0876 -0.0400
1.1732 -3.5293 -0.0400
1.1844 -3.5180 -0.0400
1.1948 -3.5043 -0.0400
1.2057 -3.4959 -0.0400
1.2171 -3.4906 -0.0400
1.2289 -3.4877 -0.0400
1.2412 -3.4869 -0.0400
1.2542 -3.4882 -0.0400
1.2680 -3.4919 -0.0400
1.2831 -3.4990 -0.0400
2.9772 -6.2789 -0.0400
3.0379 -6.2457 -0.0400
3.2342 -4.1685 -0.0400
3.2187 -4.1070 -0.0400
3.2106 -4.0515 -0.0400
3.2230 -4.0090 -0.0400
3.2496 -3.9744 -0.0400
3.2938 -3.9486 -0.0400
5.9150 -4.2114 -0.0400
5.9022 -4.1166 -0.0400
5.9479 -4.0379 -0.0400
5.1951 1.0320 -0.0400
2.7699 -0.7162 -0.0400
2.7031 -0.7251 -0.0400
2.6566 -0.7100 -0.0400
2.6191 -0.6834 -0.0400
2.5905 -0.6441 -0.0400
1.7623 -1.6659 -0.0400
1.7201 -1.6924 -0.0400
1.6896 -1.7008 -0.0400
1.6635 -1.7027 -0.0400
1.6400 -1.7006 -0.0400
1.6170 -1.6980 -0.0400
1.5979 -1.6878 -0.0400
1.5798 -1.6753 -0.0400
1.5627 -1.6599 -0.0400
1.5468 -1.6410 -0.0400
1.5325 -1.6167 -0.0400
1.5213 -1.5819 -0.0400
1.3587 0.4988 -0.0400
1.2998 0.4891 -0.0400
1.2423 0.4972 -0.0400
-1.6435 2.4799 -0.0400
-2.1362 1.5738 -0.0400
-2.1955 1.4946 -0.0400
-2.2781 1.4465 -0.0400
-1.2520 -1.9209 -0.0400
-1.2014 -1.9854 -0.0400
-1.1437 -2.0498 -0.0400
-1.0978 -2.1075 -0.0400
-1.0856 -2.1530 -0.0400
-1.0864 -2.1939 -0.0400
-1.0966 -2.2319 -0.0400
-1.1135 -2.2683 -0.0400
-1.1050 -2.3107 -0.0400
-1.1008 -2.3516 -0.0400
-1.1075 -2.3900 -0.0400
-1.1238 -2.4268 -0.0400
-1.1531 -2.4619 -0.0400
-3.4499 -2.1916 -0.0400
-3.4972 -2.2666 -0.0400
-3.4508 -2.3522 -0.0400
-3.4530 -2.4320 -0.0400
-1.6615 -4.9017 -0.0400
-1.5938 -4.9251 -0.0400
-1.5586 -4.9735 -0.0400
-0.5922 -8.4604 -0.0400
-0.4884 -8.4724 -0.0400
0.4046 -7.3515 -0.0400
0.4900 -7.3196 -0.0400
0.5686 -7.3336 -0.0400
0.6446 -7.3773 -0.0400
1.2265 -5.1416 -0.0400
1.2655 -5.1150 -0.0400
1.1531 -3.5520 -0.0400
1.1630 -3.5225 -0.0400
1.1746 -3.5140 -0.0400
1.1858 -3.5039 -0.0400
1.1974 -3.4981 -0.0400
1.2094 -3.4953 -0.0400
1.2217 -3.4940 -0.0400
1.2347 -3.4954 -0.0400
1.2485 -3.4999 -0.0400
1.2639 -3.5090 -0.0400
1.2842 -3.5343 -0.0400
2.8769 -6.3837 -0.0400
2.9172 -6.3094 -0.0400
2.9817 -6.2830 -0.0400
3.2183 -4.2060 -0.0400
3.2046 -4.1444 -0.0400
3.1930 -4.0860 -0.0400
3.2084 -4.0448 -0.0400
3.2504 -4.0190 -0.0400
5.9025 -4.2978 -0.0400
5.8801 -4.1993 -0.0400
2.8274 -0.7229 -0.0400
2.7288 -0.7690 -0.0400
2.6895 -0.7448 -0.0400
2.6593 -0.7089 -0.0400
2.6412 -0.6558 -0.0400
2.6471 -0.5663 -0.0400
1.7631 -1.7102 -0.0400
1.7304 -1.7207 -0.0400
1.7027 -1.7244 -0.0400
1.6788 -1.7226 -0.0400
1.6566 -1.7184 -0.0400
1.6358 -1.7118 -0.0400
1.6165 -1.7025 -0.0400
1.5982 -1.6910 -0.0400
1.5848 -1.6683 -0.0400
1.5705 -1.6464 -0.0400
1.5586 -1.6170 -0.0400
1.5544 -1.5654 -0.0400
1.4865 0.5389 -0.0400
1.4219 0.4868 -0.0400
1.3632 0.4805 -0.0400
1.3063 0.4929 -0.0400
1.2553 0.6291 -0.0400
1.1970 0.6852 -0.0400
-2.0896 1.6933 -0.0400
-2.1083 1.5558 -0.0400
-2.1968 1.5161 -0.0400
-1.2052 -2.0533 -0.0400
-1.1364 -2.1181 -0.0400
-1.1056 -2.1691 -0.0400
-1.0893 -2.2146 -0.0400
-1.1030 -2.2518 -0.0400
-1.1246 -2.2873 -0.0400
-1.1220 -2.3284 -0.0400
-1.1101 -2.3709 -0.0400
-1.1106 -2.4105 -0.0400
-1.1360 -2.4460 -0.0400
-1.1825 -2.4794 -0.0400
-3.4542 -2.2487 -0.0400
-3.4901 -2.3255 -0.0400
-3.4622 -2.4086 -0.0400
-3.5254 -2.4845 -0.0400
-0.4943 -8.4578 -0.0400
0.3711 -7.5389 -0.0400
0.4789 -7.3655 -0.0400
0.5645 -7.3284 -0.0400
0.6434 -7.3425 -0.0400
1.2678 -5.1148 -0.0400
1.3072 -5.0984 -0.0400
1.1705 -3.5359 -0.0400
1.1807 -3.5126 -0.0400
1.1924 -3.5050 -0.0400
1.2038 -3.4963 -0.0400
1.2158 -3.4921 -0.0400
1.2281 -3.4901 -0.0400
1.2411 -3.4911 -0.0400
1.2552 -3.4959 -0.0400
1.2690 -3.4986 -0.0400
1.2869 -3.5151 -0.0400
2.9241 -6.3154 -0.0400
2.9800 -6.2726 -0.0400
3.0519 -6.2588 -0.0400
3.2252 -4.1998 -0.0400
3.2126 -4.1387 -0.0400
3.1987 -4.0786 -0.0400
3.2091 -4.0345 -0.0400
3.2330 -3.9986 -0.0400
3.2722 -3.9707 -0.0400
4.8927 -4.7603 -0.0400
6.0371 -4.3356 -0.0400
5.8836 -4.1961 -0.0400
5.9172 -4.1145 -0.0400
6.3837 0.0021 -0.0400
5.2807 0.9646 -0.0400
2.7457 -0.7509 -0.0400
2.6966 -0.7389 -0.0400
2.6557 -0.7174 -0.0400
2.6234 -0.6844 -0.0400
2.6418 -0.5790 -0.0400
1.7521 -1.6867 -0.0400
1.7173 -1.7017 -0.0400
1.6887 -1.7077 -0.0400
1.6603 -1.7149 -0.0400
1.6391 -1.7094 -0.0400
1.6193 -1.7016 -0.0400
1.6008 -1.6910 -0.0400
1.5832 -1.6784 -0.0400
1.5667 -1.6627 -0.0400
1.5514 -1.6433 -0.0400
1.5378 -1.6183 -0.0400
1.3761 0.4965 -0.0400
1.3176 0.4872 -0.0400
1.2631 0.5451 -0.0400
1.2079 0.6375 -0.0400
1.1496 0.7361 -0.0400
-2.1114 1.5996 -0.0400
-2.1678 1.5165 -0.0400
-2.2677 1.4910 -0.0400
-3.6075 -0.0951 -0.0400
-3.5793 -0.2188 -0.0400
-3.5542 -0.3376 -0.0400
-1.0832 -2.1657 -0.0400
-1.0888 -2.2051 -0.0400
-1.1030 -2.2422 -0.0400
-1.1040 -2.2825 -0.0400
-1.0975 -2.3241 -0.0400
-1.1028 -2.3629 -0.0400
-1.1188 -2.3997 -0.0400
-1.1494 -2.4346 -0.0400
-3.4513 -2.1567 -0.0400
-3.4646 -2.2359 -0.0400
-3.4409 -2.3190 -0.0400
-3.4823 -2.3955 -0.0400
-3.0951 -3.7646 -0.0400
-0.6019 -8.4400 -0.0400
0.3932 -7.3720 -0.0400
0.4810 -7.3279 -0.0400
0.5562 -7.3761 -0.0400
1.1900 -5.1920 -0.0400
1.2287 -5.1324 -0.0400
1.1469 -3.5403 -0.0400
1.1589 -3.5258 -0.0400
1.1702 -3.5101 -0.0400
1.1824 -3.5048 -0.0400
1.1947 -3.5008 -0.0400
1.2071 -3.4979 -0.0400
1.2198 -3.4969 -0.0400
1.2334 -3.5003 -0.0400
1.2486 -3.5097 -0.0400
1.2636 -3.5164 -0.0400
2.8227 -6.4231 -0.0400
2.8601 -6.3400 -0.0400
2.9241 -6.3124 -0.0400
3.2007 -4.2320 -0.0400
3.1903 -4.1715 -0.0400
3.1787 -4.1119 -0.0400
3.1918 -4.0691 -0.0400
3.2307 -4.0419 -0.0400
4.8021 -4.8783 -0.0400
5.8622 -4.2788 -0.0400
5.9509 -4.2136 -0.0400
6.4336 -0.0916 -0.0400
5.3266 0.8709 -0.0400
2.8553 -0.7659 -0.0400
2.7773 -0.7855 -0.0400
2.7294 -0.7717 -0.0400
2.6931 -0.7444 -0.0400
2.6694 -0.7004 -0.0400
2.6723 -0.6191 -0.0400
1.7939 -1.7050 -0.0400
1.7554 -1.7237 -0.0400
1.7260 -1.7300 -0.0400
1.7008 -1.7305 -0.0400
1.6780 -1.7277 -0.0400
1.6568 -1.7224 -0.0400
1.6368 -1.7152 -0.0400
1.6195 -1.7027 -0.0400
1.6032 -1.6878 -0.0400
1.5880 -1.6699 -0.0400
1.5743 -1.6476 -0.0400
1.5634 -1.6170 -0.0400
1.5648 -1.5524 -0.0400
1.4392 0.4939 -0.0400
1.3804 0.4838 -0.0400
1.3261 0.5288 -0.0400
1.2733 0.6292 -0.0400
1.2169 0.7250 -0.0400
-2.0268 1.6644 -0.0400
-2.0799 1.5759 -0.0400
-2.1703 1.5391 -0.0400
-3.5686 0.0066 -0.0400
-3.5503 -0.1136 -0.0400
-3.5726 -0.2083 -0.0400
-1.1241 -2.2635 -0.0400
-1.1046 -2.3083 -0.0400
-1.1012 -2.3490 -0.0400
-1.1234 -2.3848 -0.0400
-1.1641 -2.4182 -0.0400
-3.4481 -2.1396 -0.0400
-3.5060 -2.2133 -0.0400
-3.4446 -2.3013 -0.0400
-3.4616 -2.3799 -0.0400
-3.1795 -3.6898 -0.0400
-3.1047 -3.7509 -0.0400
-3.0625 -3.8180 -0.0400
-3.0563 -3.8940 -0.0400
-0.6097 -8.4369 -0.0400
0.2852 -7.4910 -0.0400
0.3950 -7.3274 -0.0400
0.4765 -7.3266 -0.0400
0.5526 -7.3677 -0.0400
1.1893 -5.1663 -0.0400
1.2288 -5.1249 -0.0400
1.1493 -3.5299 -0.0400
1.1616 -3.5188 -0.0400
1.1739 -3.5110 -0.0400
1.1859 -3.5028 -0.0400
1.1985 -3.5001 -0.0400
1.2116 -3.5001 -0.0400
1.2248 -3.5010 -0.0400
1.2385 -3.5031 -0.0400
1.2547 -3.5163 -0.0400
1.2715 -3.5296 -0.0400
2.8194 -6.4127 -0.0400
2.8606 -6.3372 -0.0400
2.9250 -6.3101 -0.0400
3.1973 -4.2219 -0.0400
3.1569 -4.1414 -0.0400
3.1703 -4.0986 -0.0400
3.1957 -4.0635 -0.0400
3.2346 -4.0363 -0.0400
4.7937 -4.8688 -0.0400
5.8586 -4.3666 -0.0400
5.8591 -4.2745 -0.0400
5.9259 -4.2031 -0.0400
2.8330 -0.7914 -0.0400
2.7722 -0.7916 -0.0400
2.7236 -0.7792 -0.0400
2.6929 -0.7454 -0.0400
2.6698 -0.7010 -0.0400
2.6704 -0.6232 -0.0400
1.7949 -1.7023 -0.0400
1.7557 -1.7223 -0.0400
1.7264 -1.7287 -0.0400
1.6964 -1.7376 -0.0400
1.6752 -1.7327 -0.0400
1.6552 -1.7256 -0.0400
1.6367 -1.7161 -0.0400
1.6191 -1.7048 -0.0400
1.6023 -1.6914 -0.0400
1.5868 -1.6748 -0.0400
1.5803 -1.6365 -0.0400
1.5735 -1.5960 -0.0400
1.5053 0.4988 -0.0400
1.4446 0.4747 -0.0400
1.3875 0.4787 -0.0400
1.3327 0.5127 -0.0400
1.2811 0.6221 -0.0400
-3.5420 0.0124 -0.0400
-3.5149 -0.1126 -0.0400
-3.4935 -0.2309 -0.0400
-3.5539 -0.3027 -0.0400
-1.1100 -2.3729 -0.0400
-1.1346 -2.4087 -0.0400
-1.1945 -2.4401 -0.0400
-3.4547 -2.2020 -0.0400
-3.4413 -2.2841 -0.0400
-3.0946 -3.7323 -0.0400
-3.0662 -3.8028 -0.0400
-3.0841 -3.8853 -0.0400
-0.5710 -3.3383 -0.0400
0.2738 -7.5223 -0.0400
0.3912 -7.3162 -0.0400
0.4689 -7.3430 -0.0400
1.1890 -5.1631 -0.0400
1.1390 -3.5396 -0.0400
1.1516 -3.5250 -0.0400
1.1641 -3.5154 -0.0400
1.1767 -3.5087 -0.0400
1.1891 -3.5024 -0.0400
1.2021 -3.5008 -0.0400
1.2152 -3.5005 -0.0400
1.2296 -3.5065 -0.0400
1.2441 -3.5115 -0.0400
1.2646 -3.5432 -0.0400
2.8103 -6.3909 -0.0400
2.8621 -6.3372 -0.0400
2.9378 -6.3318 -0.0400
3.2201 -4.2854 -0.0400
3.1544 -4.1846 -0.0400
3.1566 -4.1335 -0.0400
3.1735 -4.0928 -0.0400
3.2008 -4.0589 -0.0400
4.7549 -4.9277 -0.0400
5.8327 -4.3546 -0.0400
5.8821 -4.2785 -0.0400
6.4815 -0.1876 -0.0400
5.4241 0.8175 -0.0400
2.8158 -0.8101 -0.0400
2.7656 -0.7988 -0.0400
2.7234 -0.7791 -0.0400
2.6942 -0.7436 -0.0400
2.6738 -0.6959 -0.0400
1.7902 -1.7073 -0.0400
1.7429 -1.7406 -0.0400
1.7179 -1.7409 -0.0400
1.6955 -1.7378 -0.0400
1.6744 -1.7328 -0.0400
1.6545 -1.7261 -0.0400
1.6368 -1.7155 -0.0400
1.6201 -1.7026 -0.0400
1.6047 -1.6869 -0.0400
1.5904 -1.6679 -0.0400
1.5778 -1.6440 -0.0400
1.5684 -1.6105 -0.0400
1.5165 0.5341 -0.0400
1.4519 0.4787 -0.0400
1.3958 0.4925 -0.0400
1.3472 0.6095 -0.0400
1.2904 0.6537 -0.0400
-3.5340 0.0291 -0.0400
-3.5124 -0.0928 -0.0400
-3.5126 -0.1993 -0.0400
-1.2082 -1.8759 -0.0400
-1.1792 -1.9324 -0.0400
-3.5019 -2.1784 -0.0400
-3.4424 -2.2664 -0.0400
-3.4621 -2.3449 -0.0400
-3.1221 -3.7222 -0.0400
-3.0718 -3.7877 -0.0400
-3.0696 -3.8650 -0.0400
-0.6545 -3.3205 -0.0400
-0.5866 -3.3313 -0.0400
-0.5428 -3.3485 -0.0400
-0.5247 -3.3743 -0.0400
-0.5091 -3.4008 -0.0400
-0.7328 -8.4199 -0.0400
0.2944 -7.3656 -0.0400
0.3848 -7.3176 -0.0400
0.4640 -7.3351 -0.0400
0.5379 -7.3983 -0.0400
1.1462 -5.1702 -0.0400
1.1870 -5.1280 -0.0400
1.1408 -3.5368 -0.0400
1.1536 -3.5230 -0.0400
1.1663 -3.5141 -0.0400
1.1788 -3.5053 -0.0400
1.1919 -3.5030 -0.0400
1.2051 -3.5021 -0.0400
1.2187 -3.5029 -0.0400
1.2339 -3.5126 -0.0400
1.2493 -3.5208 -0.0400
1.2676 -3.5404 -0.0400
2.8111 -6.3911 -0.0400
2.8644 -6.3401 -0.0400
2.9499 -6.3533 -0.0400
3.1590 -4.2342 -0.0400
3.1455 -4.1708 -0.0400
3.1557 -4.1252 -0.0400
3.1770 -4.0875 -0.0400
3.2299 -4.0693 -0.0400
4.7615 -4.9272 -0.0400
5.9870 -4.4993 -0.0400
5.8347 -4.3519 -0.0400
5.8700 -4.2714 -0.0400
6.4830 -0.1876 -0.0400
5.3907 0.7873 -0.0400
2.8006 -0.8257 -0.0400
2.7585 -0.8056 -0.0400
2.7205 -0.7813 -0.0400
2.6984 -0.7372 -0.0400
2.6824 -0.6841 -0.0400
1.7666 -1.7399 -0.0400
1.7392 -1.7433 -0.0400
1.7154 -1.7423 -0.0400
1.6934 -1.7387 -0.0400
1.6710 -1.7365 -0.0400
1.6528 -1.7272 -0.0400
1.6355 -1.7162 -0.0400
1.6189 -1.7037 -0.0400
1.6034 -1.6886 -0.0400
1.5951 -1.6570 -0.0400
1.5852 -1.6269 -0.0400
1.5883 -1.5631 -0.0400
1.5163 0.4846 -0.0400
1.4571 0.4690 -0.0400
1.4012 0.4807 -0.0400
1.3486 0.5378 -0.0400
1.2963 0.6337 -0.0400
-3.5310 0.0487 -0.0400
-3.4927 -0.0831 -0.0400
-3.4676 -0.2035 -0.0400
-1.1966 -1.9108 -0.0400
-1.1747 -1.9637 -0.0400
-1.1051 -2.0308 -0.0400
-1.0788 -2.0814 -0.0400
-3.1242 -3.7059 -0.0400
-3.0775 -3.7725 -0.0400
-3.0807 -3.8512 -0.0400
-3.1298 -3.9438 -0.0400
-0.5842 -3.3178 -0.0400
-0.5552 -3.3404 -0.0400
-0.5273 -3.3627 -0.0400
-0.5139 -3.3902 -0.0400
-0.5077 -3.4206 -0.0400
-0.5039 -3.4523 -0.0400
-0.5238 -3.4954 -0.0400
-0.7355 -8.3947 -0.0400
0.1791 -7.4925 -0.0400
0.2941 -7.3273 -0.0400
0.3781 -7.3177 -0.0400
0.4542 -7.3583 -0.0400
1.1452 -5.1949 -0.0400
1.1859 -5.1334 -0.0400
1.1422 -3.5374 -0.0400
1.1546 -3.5153 -0.0400
1.1677 -3.5095 -0.0400
1.1809 -3.5058 -0.0400
1.1942 -3.5039 -0.0400
1.2077 -3.5036 -0.0400
1.2225 -3.5111 -0.0400
1.2376 -3.5181 -0.0400
1.2542 -3.5314 -0.0400
2.7570 -6.4423 -0.0400
2.8060 -6.3797 -0.0400
2.8702 -6.3509 -0.0400
3.1751 -4.2944 -0.0400
3.1686 -4.2339 -0.0400
3.1389 -4.1589 -0.0400
3.1566 -4.1185 -0.0400
3.1953 -4.0919 -0.0400
3.2520 -4.0757 -0.0400
4.7803 -4.9341 -0.0400
5.8084 -4.4322 -0.0400
5.8382 -4.3499 -0.0400
5.9240 -4.2854 -0.0400
5.3886 0.7836 -0.0400
2.7976 -0.8266 -0.0400
2.7527 -0.8101 -0.0400
2.7211 -0.7784 -0.0400
2.7090 -0.7221 -0.0400
2.7119 -0.6442 -0.0400
1.8080 -1.7128 -0.0400
1.7592 -1.7469 -0.0400
1.7339 -1.7477 -0.0400
1.7114 -1.7449 -0.0400
1.6878 -1.7445 -0.0400
1.6688 -1.7369 -0.0400
1.6511 -1.7272 -0.0400
1.6340 -1.7162 -0.0400
1.6206 -1.6978 -0.0400
1.6063 -1.6802 -0.0400
1.5935 -1.6586 -0.0400
1.5832 -1.6302 -0.0400
1.5803 -1.5817 -0.0400
1.5250 0.5087 -0.0400
1.4626 0.4675 -0.0400
1.4089 0.4996 -0.0400
1.3606 0.6132 -0.0400
1.3057 0.6820 -0.0400
-3.4638 0.0292 -0.0400
-3.4789 -0.0702 -0.0400
-3.4589 -0.1878 -0.0400
-3.5285 -0.2541 -0.0400
-1.1769 -1.9029 -0.0400
-1.1729 -1.9493 -0.0400
-1.1846 -1.9898 -0.0400
-1.0975 -2.0609 -0.0400
-1.0673 -2.1116 -0.0400
-1.0743 -2.1506 -0.0400
-1.0895 -2.1875 -0.0400
-3.1022 -3.6839 -0.0400
-3.0816 -3.7565 -0.0400
-3.0857 -3.8355 -0.0400
-3.1452 -3.9311 -0.0400
-0.6294 -3.3202 -0.0400
-0.5587 -3.3287 -0.0400
-0.5371 -3.3536 -0.0400
-0.5188 -3.3793 -0.0400
-0.5096 -3.4085 -0.0400
-0.5143 -3.4440 -0.0400
-0.5183 -3.4799 -0.0400
-0.7477 -8.3970 -0.0400
0.2816 -7.3552 -0.0400
0.3708 -7.3173 -0.0400
0.4399 -7.4096 -0.0400
1.1423 -5.1461 -0.0400
1.1290 -3.5418 -0.0400
1.1424 -3.5262 -0.0400
1.1557 -3.5167 -0.0400
1.1690 -3.5105 -0.0400
1.1823 -3.5067 -0.0400
1.1961 -3.5066 -0.0400
1.2102 -3.5088 -0.0400
1.2248 -3.5137 -0.0400
1.2404 -3.5221 -0.0400
1.2583 -3.5406 -0.0400
2.7553 -6.4396 -0.0400
2.8057 -6.3796 -0.0400
2.8747 -6.3603 -0.0400
3.1452 -4.2652 -0.0400
3.1380 -4.2048 -0.0400
3.1361 -4.1499 -0.0400
3.1608 -4.1142 -0.0400
3.1933 -4.0835 -0.0400
4.7106 -4.9751 -0.0400
5.8128 -4.4307 -0.0400
5.8357 -4.3459 -0.0400
5.9091 -4.2775 -0.0400
6.5503 -0.2718 -0.0400
5.4767 0.7282 -0.0400
5.4010 0.7924 -0.0400
2.8568 -0.8250 -0.0400
2.7907 -0.8312 -0.0400
2.7495 -0.8108 -0.0400
2.7193 -0.7778 -0.0400
2.7071 -0.7219 -0.0400
1.8278 -1.7174 -0.0400
1.7873 -1.7375 -0.0400
1.7585 -1.7428 -0.0400
1.7276 -1.7524 -0.0400
1.7064 -1.7480 -0.0400
1.6844 -1.7456 -0.0400
1.6662 -1.7369 -0.0400
1.6489 -1.7268 -0.0400
1.6342 -1.7118 -0.0400
1.6193 -1.6966 -0.0400
1.6053 -1.6788 -0.0400
1.5927 -1.6572 -0.0400
1.5996 -1.5898 -0.0400
1.5256 0.4747 -0.0400
1.4675 0.4651 -0.0400
1.4125 0.4812 -0.0400
1.3653 0.6015 -0.0400
-3.4455 0.0390 -0.0400
-3.4685 -0.0556 -0.0400
-3.4483 -0.1733 -0.0400
-1.1947 -1.8813 -0.0400
-1.1658 -1.9368 -0.0400
-1.1170 -1.9973 -0.0400
-1.0801 -2.0516 -0.0400
-1.0692 -2.0965 -0.0400
-1.0711 -2.1370 -0.0400
-1.0819 -2.1749 -0.0400
-1.1098 -2.2088 -0.0400
-1.0925 -2.2533 -0.0400
-1.0904 -2.2938 -0.0400
-3.1733 -3.6045 -0.0400
-3.1111 -3.6688 -0.0400
-3.0845 -3.7401 -0.0400
-3.0847 -3.8181 -0.0400
-0.5654 -3.3180 -0.0400
-0.5426 -3.3425 -0.0400
-0.5254 -3.3688 -0.0400
-0.5151 -3.3977 -0.0400
-0.5101 -3.4290 -0.0400
-0.5302 -3.4722 -0.0400
-0.7661 -8.4166 -0.0400
0.1655 -7.4765 -0.0400
0.2805 -7.3152 -0.0400
0.3629 -7.3176 -0.0400
0.4380 -7.3678 -0.0400
1.1400 -5.1651 -0.0400
1.1293 -3.5491 -0.0400
1.1423 -3.5201 -0.0400
1.1559 -3.5132 -0.0400
1.1695 -3.5092 -0.0400
1.1832 -3.5072 -0.0400
1.1972 -3.5073 -0.0400
1.2115 -3.5096 -0.0400
1.2264 -3.5147 -0.0400
1.2466 -3.5485 -0.0400
2.7431 -6.4147 -0.0400
2.8041 -6.3779 -0.0400
2.8749 -6.3621 -0.0400
3.1417 -4.2561 -0.0400
3.1192 -4.1846 -0.0400
3.1388 -4.1450 -0.0400
3.1721 -4.1150 -0.0400
3.2154 -4.0911 -0.0400
4.7495 -4.9957 -0.0400
5.9993 -4.5929 -0.0400
5.8109 -4.4270 -0.0400
5.8748 -4.3563 -0.0400
6.5247 -0.2830 -0.0400
5.4057 0.7953 -0.0400
2.8316 -0.8484 -0.0400
2.7828 -0.8361 -0.0400
2.7488 -0.8079 -0.0400
2.7193 -0.7742 -0.0400
2.7129 -0.7114 -0.0400
1.8154 -1.7284 -0.0400
1.7711 -1.7549 -0.0400
1.7466 -1.7545 -0.0400
1.7206 -1.7573 -0.0400
1.7008 -1.7513 -0.0400
1.6817 -1.7443 -0.0400
1.6634 -1.7363 -0.0400
1.6467 -1.7255 -0.0400
1.6330 -1.7089 -0.0400
1.6185 -1.6932 -0.0400
1.6050 -1.6747 -0.0400
1.6025 -1.6314 -0.0400
1.5882 0.4827 -0.0400
1.5279 0.4595 -0.0400
1.4721 0.4653 -0.0400
1.4196 0.5056 -0.0400
1.3716 0.6156 -0.0400
-3.4878 0.0855 -0.0400
-3.4609 -0.0396 -0.0400
-3.4368 -0.1595 -0.0400
-1.1670 -1.8767 -0.0400
-1.1637 -1.9228 -0.0400
-1.1741 -1.9636 -0.0400
-1.0967 -2.0319 -0.0400
-1.0614 -2.0843 -0.0400
-1.0647 -2.1243 -0.0400
-1.0798 -2.1610 -0.0400
-1.1028 -2.1961 -0.0400
-1.1034 -2.2366 -0.0400
-1.0929 -2.2790 -0.0400
-1.1001 -2.3175 -0.0400
-1.1263 -2.3529 -0.0400
-1.1958 -2.3826 -0.0400
-3.2277 -3.5983 -0.0400
-3.1264 -3.6549 -0.0400
-3.0988 -3.7263 -0.0400
-3.1273 -3.8119 -0.0400
-0.6143 -3.2883 -0.0400
-0.5756 -3.3082 -0.0400
-0.5501 -3.3319 -0.0400
-0.5314 -3.3577 -0.0400
-0.5197 -3.3862 -0.0400
-0.5146 -3.4175 -0.0400
-0.5149 -3.4516 -0.0400
-0.7701 -8.3901 -0.0400
0.1510 -7.5033 -0.0400
0.2678 -7.3374 -0.0400
0.3521 -7.3319 -0.0400
1.1143 -3.5657 -0.0400
1.1284 -3.5369 -0.0400
1.1422 -3.5237 -0.0400
1.1560 -3.5158 -0.0400
1.1697 -3.5108 -0.0400
1.1837 -3.5093 -0.0400
1.1981 -3.5115 -0.0400
1.2130 -3.5165 -0.0400
1.2289 -3.5257 -0.0400
1.2471 -3.5461 -0.0400
2.7499 -6.4334 -0.0400
2.8069 -6.3870 -0.0400
2.8956 -6.4073 -0.0400
3.1411 -4.3063 -0.0400
3.1185 -4.2324 -0.0400
3.1180 -4.1774 -0.0400
3.1412 -4.1404 -0.0400
3.1793 -4.1134 -0.0400
4.6661 -5.0280 -0.0400
4.7457 -4.9901 -0.0400
5.9591 -4.5750 -0.0400
5.8062 -4.4225 -0.0400
5.8785 -4.3547 -0.0400
5.4504 0.7065 -0.0400
2.8854 -0.8520 -0.0400
2.8207 -0.8555 -0.0400
2.7781 -0.8368 -0.0400
2.7459 -0.8067 -0.0400
2.7259 -0.7620 -0.0400
2.7423 -0.6707 -0.0400
1.7988 -1.7444 -0.0400
1.7630 -1.7594 -0.0400
1.7403 -1.7569 -0.0400
1.7159 -1.7576 -0.0400
1.6949 -1.7539 -0.0400
1.6771 -1.7453 -0.0400
1.6606 -1.7346 -0.0400
1.6445 -1.7229 -0.0400
1.6292 -1.7097 -0.0400
1.6184 -1.6872 -0.0400
1.6057 -1.6674 -0.0400
1.6067 -1.6167 -0.0400
1.5965 0.5124 -0.0400
1.5322 0.4633 -0.0400
1.4755 0.4611 -0.0400
1.4329 0.5967 -0.0400
1.3784 0.6434 -0.0400
-1.2248 2.6746 -0.0400
-1.3179 2.6313 -0.0400
-1.4283 2.6246 -0.0400
-3.4285 0.0695 -0.0400
-3.4470 -0.0276 -0.0400
-3.4288 -0.1442 -0.0400
-1.1732 -1.8596 -0.0400
-1.1636 -1.9081 -0.0400
-1.1054 -1.9719 -0.0400
-1.0727 -2.0250 -0.0400
-1.0613 -2.0700 -0.0400
-1.0640 -2.1102 -0.0400
-1.0726 -2.1486 -0.0400
-1.1063 -2.1809 -0.0400
-1.0914 -2.2249 -0.0400
-1.0861 -2.2661 -0.0400
-1.0918 -2.3048 -0.0400
-1.1080 -2.3417 -0.0400
-1.1406 -2.3765 -0.0400
-3.4355 -2.1158 -0.0400
-3.4364 -2.1963 -0.0400
-3.1700 -3.5690 -0.0400
-3.1151 -3.6350 -0.0400
-3.0955 -3.7080 -0.0400
-3.1067 -3.7890 -0.0400
-0.6485 -3.2862 -0.0400
-0.5908 -3.3000 -0.0400
-0.5602 -3.3221 -0.0400
-0.5344 -3.3453 -0.0400
-0.5236 -3.3742 -0.0400
-0.5173 -3.4050 -0.0400
-0.5169 -3.4388 -0.0400
-3.6455 -5.9707 -0.0400
-3.5522 -6.0280 -0.0400
-1.7184 -4.7922 -0.0400
-0.7814 -8.3845 -0.0400
0.0459 -7.5378 -0.0400
0.1741 -7.3385 -0.0400
0.2652 -7.3005 -0.0400
0.3446 -7.3221 -0.0400
0.4178 -7.3879 -0.0400
1.1127 -3.5462 -0.0400
1.1270 -3.5296 -0.0400
1.1411 -3.5199 -0.0400
1.1551 -3.5140 -0.0400
1.1692 -3.5108 -0.0400
1.1834 -3.5097 -0.0400
1.1979 -3.5112 -0.0400
1.2129 -3.5153 -0.0400
1.2316 -3.5422 -0.0400
2.7446 -6.4263 -0.0400
2.8114 -6.4010 -0.0400
3.1361 -4.3550 -0.0400
3.1188 -4.2831 -0.0400
3.1025 -4.2145 -0.0400
3.1208 -4.1734 -0.0400
3.1458 -4.1376 -0.0400
3.1948 -4.1179 -0.0400
4.6743 -5.0304 -0.0400
4.7716 -5.0033 -0.0400
5.7725 -4.5008 -0.0400
5.8088 -4.4209 -0.0400
5.8940 -4.3575 -0.0400
6.5677 -0.3759 -0.0400
5.4499 0.7064 -0.0400
2.8733 -0.8593 -0.0400
2.8094 -0.8624 -0.0400
2.7724 -0.8378 -0.0400
2.7450 -0.8026 -0.0400
2.7307 -0.7513 -0.0400
2.7472 -0.6600 -0.0400
1.8233 -1.7385 -0.0400
1.7823 -1.7593 -0.0400
1.7528 -1.7660 -0.0400
1.7323 -1.7608 -0.0400
1.7100 -1.7589 -0.0400
1.6901 -1.7538 -0.0400
1.6731 -1.7443 -0.0400
1.6571 -1.7330 -0.0400
1.6434 -1.7175 -0.0400
1.6288 -1.7031 -0.0400
1.6199 -1.6769 -0.0400
1.6087 -1.6541 -0.0400
1.6000 -1.6245 -0.0400
1.5918 0.4624 -0.0400
1.5340 0.4527 -0.0400
1.4796 0.4671 -0.0400
1.4294 0.5248 -0.0400
1.3805 0.6211 -0.0400
-1.1336 2.7564 -0.0400
-1.2118 2.6770 -0.0400
-1.3073 2.6395 -0.0400
-1.4246 2.6478 -0.0400
-3.4219 0.0854 -0.0400
-3.3938 -0.0393 -0.0400
-3.4152 -0.1322 -0.0400
-1.1754 -1.8443 -0.0400
-1.1510 -1.8981 -0.0400
-1.1397 -1.9461 -0.0400
-1.0794 -2.0086 -0.0400
-1.0641 -2.0549 -0.0400
-1.0564 -2.0981 -0.0400
-1.0712 -2.1348 -0.0400
-1.0926 -2.1701 -0.0400
-1.1024 -2.2084 -0.0400
-1.0896 -2.2513 -0.0400
-1.0914 -2.2908 -0.0400
-1.1127 -2.3268 -0.0400
-1.1546 -2.3603 -0.0400
-3.4933 -2.0905 -0.0400
-3.4298 -2.1795 -0.0400
-3.4644 -2.2563 -0.0400
-3.2389 -3.5654 -0.0400
-3.1335 -3.6215 -0.0400
-3.1105 -3.6941 -0.0400
-3.1519 -3.7830 -0.0400
-0.5856 -3.2843 -0.0400
-0.5595 -3.3080 -0.0400
-0.5410 -3.3341 -0.0400
-0.5278 -3.3620 -0.0400
-0.5196 -3.3921 -0.0400
-0.5345 -3.4329 -0.0400
-0.5579 -3.4788 -0.0400
-1.7361 -4.7875 -0.0400
-1.6923 -4.8317 -0.0400
0.1621 -7.3478 -0.0400
0.2550 -7.3026 -0.0400
0.3303 -7.3502 -0.0400
1.0853 -5.1902 -0.0400
1.1110 -3.5615 -0.0400
1.1256 -3.5369 -0.0400
1.1399 -3.5246 -0.0400
1.1538 -3.5136 -0.0400
1.1682 -3.5118 -0.0400
1.1828 -3.5125 -0.0400
1.1977 -3.5157 -0.0400
1.2133 -3.5226 -0.0400
1.2302 -3.5353 -0.0400
2.7373 -6.4161 -0.0400
2.8146 -6.4136 -0.0400
3.1331 -4.3476 -0.0400
3.0955 -4.2596 -0.0400
3.0992 -4.2066 -0.0400
3.1211 -4.1682 -0.0400
3.1591 -4.1414 -0.0400
3.2444 -4.1461 -0.0400
4.6712 -5.0259 -0.0400
5.8068 -4.6072 -0.0400
5.7776 -4.5005 -0.0400
5.8231 -4.4237 -0.0400
6.5704 -0.3734 -0.0400
5.5291 0.6459 -0.0400
5.4540 0.7103 -0.0400
2.8556 -0.8717 -0.0400
2.8062 -0.8599 -0.0400
2.7697 -0.8350 -0.0400
2.7441 -0.7979 -0.0400
2.7526 -0.7195 -0.0400
1.8044 -1.7549 -0.0400
1.7718 -1.7650 -0.0400
1.7458 -1.7673 -0.0400
1.7234 -1.7654 -0.0400
1.7033 -1.7606 -0.0400
1.6853 -1.7528 -0.0400
1.6689 -1.7426 -0.0400
1.6536 -1.7304 -0.0400
1.6407 -1.7138 -0.0400
1.6265 -1.6989 -0.0400
1.6178 -1.6727 -0.0400
1.6166 -1.6297 -0.0400
1.5951 0.4674 -0.0400
1.5366 0.4526 -0.0400
1.4856 0.4936 -0.0400
1.4405 0.6030 -0.0400
1.3892 0.6835 -0.0400
-1.1242 2.7658 -0.0400
-1.2005 2.6819 -0.0400
-1.2957 2.6444 -0.0400
-1.1695 -1.8321 -0.0400
-1.1461 -1.8856 -0.0400
-1.1595 -1.9252 -0.0400
-1.0814 -1.9939 -0.0400
-1.0496 -2.0453 -0.0400
-1.0534 -2.0850 -0.0400
-1.0650 -2.1225 -0.0400
-1.0813 -2.1588 -0.0400
-1.0848 -2.1983 -0.0400
-1.0804 -2.2393 -0.0400
-1.0856 -2.2779 -0.0400
-1.0996 -2.3151 -0.0400
-1.1273 -2.3504 -0.0400
-3.4271 -2.0818 -0.0400
-3.4308 -2.1619 -0.0400
-3.1190 -3.6066 -0.0400
-3.1323 -3.6875 -0.0400
-0.6174 -3.2527 -0.0400
-0.5830 -3.2741 -0.0400
-0.5601 -3.2989 -0.0400
-0.5447 -3.3262 -0.0400
-0.5398 -3.3576 -0.0400
-0.5419 -3.3924 -0.0400
-0.5546 -3.4325 -0.0400
-3.7191 -5.8622 -0.0400
-3.6371 -5.9286 -0.0400
-1.7644 -4.7198 -0.0400
-1.7274 -4.7690 -0.0400
0.0695 -7.3488 -0.0400
0.1677 -7.2854 -0.0400
0.2435 -7.3275 -0.0400
1.0389 -5.1555 -0.0400
1.0941 -3.5505 -0.0400
1.1091 -3.5347 -0.0400
1.1238 -3.5257 -0.0400
1.1383 -3.5202 -0.0400
1.1529 -3.5176 -0.0400
1.1676 -3.5172 -0.0400
1.1832 -3.5265 -0.0400
1.1994 -3.5370 -0.0400
1.2179 -3.5624 -0.0400
2.6111 -6.4903 -0.0400
2.6720 -6.4499 -0.0400
2.7499 -6.4496 -0.0400
3.0805 -4.3602 -0.0400
3.0654 -4.2892 -0.0400
3.0746 -4.2398 -0.0400
3.0986 -4.2028 -0.0400
3.1490 -4.1853 -0.0400
4.5801 -5.1430 -0.0400
4.6869 -5.1256 -0.0400
5.7147 -4.6632 -0.0400
5.7368 -4.5773 -0.0400
5.8327 -4.5205 -0.0400
6.6101 -0.4685 -0.0400
5.5901 0.5711 -0.0400
2.9309 -0.9175 -0.0400
2.8687 -0.9167 -0.0400
2.8296 -0.8943 -0.0400
2.8002 -0.8619 -0.0400
2.7808 -0.8185 -0.0400
2.7880 -0.7433 -0.0400
1.8500 -1.7575 -0.0400
1.8010 -1.7863 -0.0400
1.7750 -1.7878 -0.0400
1.7526 -1.7852 -0.0400
1.7322 -1.7805 -0.0400
1.7133 -1.7740 -0.0400
1.6967 -1.7644 -0.0400
1.6814 -1.7528 -0.0400
1.6677 -1.7384 -0.0400
1.6561 -1.7199 -0.0400
1.6427 -1.7040 -0.0400
1.6358 -1.6752 -0.0400
1.6394 -1.6241 -0.0400
1.6467 0.4310 -0.0400
1.5919 0.4389 -0.0400
1.5407 0.4720 -0.0400
1.4983 0.5847 -0.0400
1.4459 0.6372 -0.0400
-1.0279 2.8239 -0.0400
-1.0987 2.7238 -0.0400
-1.2134 2.7323 -0.0400
-1.7366 1.8293 -0.0400
-1.8004 1.7565 -0.0400
-1.1408 -1.7885 -0.0400
-1.1348 -1.8359 -0.0400
-1.1407 -1.8782 -0.0400
-1.0641 -1.9482 -0.0400
-1.0339 -1.9998 -0.0400
-1.0388 -2.0393 -0.0400
-1.0490 -2.0770 -0.0400
-1.0798 -2.1093 -0.0400
-1.0789 -2.1502 -0.0400
-1.0721 -2.1920 -0.0400
-1.0742 -2.2313 -0.0400
-1.0990 -2.2662 -0.0400
-1.1370 -2.2995 -0.0400
-3.4312 -1.9887 -0.0400
-3.4118 -2.0722 -0.0400
-3.4573 -2.1471 -0.0400
-0.6135 -3.2374 -0.0400
-0.5832 -3.2602 -0.0400
-0.5627 -3.2859 -0.0400
-0.5485 -3.3136 -0.0400
-0.5401 -3.3436 -0.0400
-0.5374 -3.3762 -0.0400
-0.5823 -3.4307 -0.0400
-3.7135 -5.8364 -0.0400
-1.7978 -4.7252 -0.0400
-1.7445 -4.7632 -0.0400
-0.0709 -7.5260 -0.0400
0.0756 -7.2701 -0.0400
0.1573 -7.2824 -0.0400
0.2337 -7.3219 -0.0400
1.0327 -5.1746 -0.0400
1.0909 -3.5645 -0.0400
1.1063 -3.5421 -0.0400
1.1211 -3.5238 -0.0400
1.1359 -3.5201 -0.0400
1.1507 -3.5188 -0.0400
1.1657 -3.5199 -0.0400
1.1811 -3.5239 -0.0400
1.1971 -3.5320 -0.0400
1.2144 -3.5474 -0.0400
2.6116 -6.5017 -0.0400
2.6692 -6.4526 -0.0400
3.1182 -4.4501 -0.0400
3.0742 -4.3508 -0.0400
3.0587 -4.2794 -0.0400
3.0749 -4.2357 -0.0400
3.1067 -4.2044 -0.0400
3.1586 -4.1877 -0.0400
4.5813 -5.1424 -0.0400
4.6794 -5.1189 -0.0400
5.7102 -4.6596 -0.0400
5.7441 -4.5786 -0.0400
5.8244 -4.5156 -0.0400
5.5648 0.5543 -0.0400
2.9115 -0.9293 -0.0400
2.8603 -0.9182 -0.0400
2.8262 -0.8909 -0.0400
2.8028 -0.8524 -0.0400
2.7997 -0.7908 -0.0400
1.8244 -1.7791 -0.0400
1.7917 -1.7882 -0.0400
1.7667 -1.7887 -0.0400
1.7451 -1.7855 -0.0400
1.7243 -1.7817 -0.0400
1.7076 -1.7725 -0.0400
1.6919 -1.7617 -0.0400
1.6774 -1.7491 -0.0400
1.6645 -1.7336 -0.0400
1.6531 -1.7150 -0.0400
1.6444 -1.6909 -0.0400
1.6408 -1.6559 -0.0400
1.7057 0.4386 -0.0400
1.6475 0.4284 -0.0400
1.5932 0.4373 -0.0400
1.5420 0.4691 -0.0400
1.5048 0.6211 -0.0400
-0.9965 2.7735 -0.0400
-1.0856 2.7214 -0.0400
-1.1947 2.7177 -0.0400
-1.7217 1.8286 -0.0400
-1.7891 1.7618 -0.0400
-1.1546 -1.7691 -0.0400
-1.1248 -1.8259 -0.0400
-1.1342 -1.8668 -0.0400
-1.0525 -1.9384 -0.0400
-1.0418 -1.9837 -0.0400
-1.0339 -2.0272 -0.0400
-1.0442 -2.0648 -0.0400
-1.0733 -2.0974 -0.0400
-1.0792 -2.1364 -0.0400
-1.0709 -2.1786 -0.0400
-1.0715 -2.2182 -0.0400
-1.0891 -2.2544 -0.0400
-1.1199 -2.2886 -0.0400
-3.4565 -1.9674 -0.0400
-3.4251 -2.0531 -0.0400
-0.6504 -3.2355 -0.0400
-0.6024 -3.2528 -0.0400
-0.5745 -3.2761 -0.0400
-0.5538 -3.3015 -0.0400
-0.5472 -3.3323 -0.0400
-0.5473 -3.3661 -0.0400
-0.5576 -3.4051 -0.0400
-3.7253 -5.8219 -0.0400
-1.8072 -4.7133 -0.0400
-1.7585 -4.7548 -0.0400
0.0654 -7.2630 -0.0400
0.1464 -7.2792 -0.0400
0.2219 -7.3240 -0.0400
1.0273 -5.1447 -0.0400
1.0874 -3.5507 -0.0400
1.1029 -3.5361 -0.0400
1.1180 -3.5275 -0.0400
1.1330 -3.5224 -0.0400
1.1479 -3.5199 -0.0400
1.1633 -3.5236 -0.0400
1.1791 -3.5296 -0.0400
1.1957 -3.5408 -0.0400
1.2156 -3.5730 -0.0400
2.5493 -6.5542 -0.0400
2.6001 -6.4844 -0.0400
2.6702 -6.4659 -0.0400
3.0688 -4.4032 -0.0400
3.0464 -4.3236 -0.0400
3.0596 -4.2764 -0.0400
3.0780 -4.2342 -0.0400
3.1152 -4.2069 -0.0400
3.1910 -4.2076 -0.0400
4.5994 -5.1542 -0.0400
5.8670 -4.8261 -0.0400
5.7001 -4.6540 -0.0400
5.7527 -4.5807 -0.0400
5.8473 -4.5231 -0.0400
6.6473 -0.5622 -0.0400
5.6437 0.4936 -0.0400
5.5745 0.5631 -0.0400
2.9581 -0.9388 -0.0400
2.9019 -0.9312 -0.0400
2.8552 -0.9159 -0.0400
2.8241 -0.8857 -0.0400
2.8066 -0.8410 -0.0400
2.8299 -0.7503 -0.0400
5.0476 1.8506 -0.0400
1.8384 -1.7834 -0.0400
1.8023 -1.7959 -0.0400
1.7760 -1.7977 -0.0400
1.7571 -1.7908 -0.0400
1.7365 -1.7865 -0.0400
1.7183 -1.7795 -0.0400
1.7021 -1.7697 -0.0400
1.6870 -1.7583 -0.0400
1.6748 -1.7423 -0.0400
1.6628 -1.7254 -0.0400
1.6525 -1.7051 -0.0400
1.6451 -1.6787 -0.0400
1.6445 -1.6382 -0.0400
1.7039 0.4263 -0.0400
1.6476 0.4243 -0.0400
1.5942 0.4381 -0.0400
1.5581 0.5738 -0.0400
1.5066 0.6227 -0.0400
-0.9937 2.7954 -0.0400
-1.0753 2.7243 -0.0400
-1.7114 1.8342 -0.0400
-1.7931 1.7897 -0.0400
-1.1226 -1.8132 -0.0400
-1.1292 -1.8551 -0.0400
-1.0649 -1.9209 -0.0400
-1.0302 -1.9741 -0.0400
-1.0332 -2.0141 -0.0400
-1.0403 -2.0525 -0.0400
-1.0558 -2.0886 -0.0400
-1.0745 -2.1242 -0.0400
-1.0674 -2.1660 -0.0400
-1.0678 -2.2056 -0.0400
-1.0831 -2.2420 -0.0400
-1.1096 -2.2769 -0.0400
-3.3953 -1.9598 -0.0400
-3.4136 -2.0376 -0.0400
-0.5493 -3.3140 -0.0400
-0.5374 -3.3426 -0.0400
-0.5313 -3.3739 -0.0400
-0.5609 -3.4221 -0.0400
-3.7010 -5.8971 -0.0400
-3.6321 -5.9726 -0.0400
-1.7561 -4.7277 -0.0400
-1.7295 -4.7850 -0.0400
1.0619 -5.1501 -0.0400
1.0976 -3.5573 -0.0400
1.1131 -3.5385 -0.0400
1.1280 -3.5217 -0.0400
1.1432 -3.5181 -0.0400
1.1584 -3.5168 -0.0400
1.1738 -3.5179 -0.0400
1.1897 -3.5219 -0.0400
1.2062 -3.5301 -0.0400
2.6628 -6.4649 -0.0400
2.7524 -6.4901 -0.0400
3.0906 -4.3576 -0.0400
3.0656 -4.2773 -0.0400
3.0825 -4.2334 -0.0400
3.1085 -4.1973 -0.0400
3.1610 -4.1808 -0.0400
4.5796 -5.1395 -0.0400
4.6502 -5.0970 -0.0400
5.7098 -4.6570 -0.0400
5.7270 -4.5687 -0.0400
5.7744 -4.4930 -0.0400
5.5751 0.5663 -0.0400
2.8984 -0.9241 -0.0400
2.8565 -0.9042 -0.0400
2.8201 -0.8792 -0.0400
2.7952 -0.8426 -0.0400
2.7762 -0.7990 -0.0400
2.8076 -0.6971 -0.0400
1.8586 -1.7451 -0.0400
1.8028 -1.7805 -0.0400
1.7722 -1.7876 -0.0400
1.7524 -1.7818 -0.0400
1.7309 -1.7790 -0.0400
1.7121 -1.7730 -0.0400
1.6959 -1.7634 -0.0400
1.6805 -1.7527 -0.0400
1.6664 -1.7400 -0.0400
1.6538 -1.7245 -0.0400
1.6426 -1.7063 -0.0400
1.6333 -1.6839 -0.0400
1.6344 -1.6410 -0.0400
1.6528 0.4522 -0.0400
1.5940 0.4340 -0.0400
1.5418 0.4550 -0.0400
1.5038 0.5909 -0.0400
1.4524 0.6464 -0.0400
-0.9981 2.8441 -0.0400
-1.0664 2.7379 -0.0400
-1.1598 2.6983 -0.0400
-1.2805 2.7202 -0.0400
-1.7678 1.7783 -0.0400
-1.8572 1.7459 -0.0400
-1.0433 -1.9937 -0.0400
-1.0370 -2.0361 -0.0400
-1.0441 -2.0744 -0.0400
-1.0653 -2.1090 -0.0400
-1.0897 -2.1433 -0.0400
-1.0707 -2.1874 -0.0400
-1.0716 -2.2267 -0.0400
-1.0877 -2.2630 -0.0400
-1.1124 -2.2984 -0.0400
-3.4027 -2.0167 -0.0400
-3.4209 -2.0945 -0.0400
-3.1783 -3.4828 -0.0400
-3.1318 -3.5507 -0.0400
-0.5542 -3.3744 -0.0400
-0.5762 -3.4195 -0.0400
-3.7356 -5.7835 -0.0400
-1.8053 -4.6741 -0.0400
-1.7666 -4.7226 -0.0400
1.0129 -5.1560 -0.0400
1.0782 -3.5723 -0.0400
1.0944 -3.5358 -0.0400
1.1099 -3.5286 -0.0400
1.1253 -3.5242 -0.0400
1.1407 -3.5222 -0.0400
1.1565 -3.5267 -0.0400
1.1727 -3.5332 -0.0400
1.1898 -3.5449 -0.0400
2.5328 -6.5409 -0.0400
2.5907 -6.4892 -0.0400
2.6679 -6.4868 -0.0400
3.0955 -4.4861 -0.0400
3.0642 -4.3944 -0.0400
3.0385 -4.3115 -0.0400
3.0574 -4.2688 -0.0400
3.0883 -4.2363 -0.0400
3.1588 -4.2342 -0.0400
4.5425 -5.2056 -0.0400
5.6636 -4.7326 -0.0400
5.6954 -4.6504 -0.0400
5.7981 -4.5979 -0.0400
6.6569 -0.5548 -0.0400
5.6267 0.4863 -0.0400
2.9315 -0.9476 -0.0400
2.8779 -0.9382 -0.0400
2.8474 -0.9076 -0.0400
2.8360 -0.8576 -0.0400
2.8352 -0.7948 -0.0400
2.8449 -0.7183 -0.0400
1.8306 -1.8006 -0.0400
1.8047 -1.8008 -0.0400
1.7769 -1.8042 -0.0400
1.7581 -1.7975 -0.0400
1.7379 -1.7930 -0.0400
1.7210 -1.7845 -0.0400
1.7059 -1.7737 -0.0400
1.6920 -1.7610 -0.0400
1.6802 -1.7449 -0.0400
1.6703 -1.7256 -0.0400
1.6582 -1.7091 -0.0400
1.6524 -1.6811 -0.0400
1.6540 -1.6387 -0.0400
1.7602 0.4296 -0.0400
1.7017 0.4176 -0.0400
1.6479 0.4267 -0.0400
1.5980 0.4595 -0.0400
1.5580 0.5663 -0.0400
-0.9706 2.7892 -0.0400
-1.0684 2.7599 -0.0400
-1.6260 1.9139 -0.0400
-1.6828 1.8294 -0.0400
-1.7668 1.7897 -0.0400
-1.0467 -2.0652 -0.0400
-1.0721 -2.0987 -0.0400
-1.0631 -2.1409 -0.0400
-1.0598 -2.1812 -0.0400
-1.0700 -2.2184 -0.0400
-1.1069 -2.2510 -0.0400
-1.1608 -2.2820 -0.0400
-3.4144 -2.0039 -0.0400
-3.2393 -3.4046 -0.0400
-3.1602 -3.4676 -0.0400
-3.1493 -3.5428 -0.0400
-3.2124 -3.6352 -0.0400
-3.7481 -5.7688 -0.0400
-1.8315 -4.6733 -0.0400
0.9572 -5.2274 -0.0400
1.0051 -5.1542 -0.0400
1.0732 -3.5525 -0.0400
1.0893 -3.5393 -0.0400
1.1051 -3.5312 -0.0400
1.1207 -3.5262 -0.0400
1.1363 -3.5240 -0.0400
1.1521 -3.5260 -0.0400
1.1683 -3.5308 -0.0400
1.1852 -3.5400 -0.0400
2.5194 -6.5228 -0.0400
2.5877 -6.4982 -0.0400
3.0439 -4.4374 -0.0400
3.0453 -4.3762 -0.0400
3.0310 -4.3034 -0.0400
3.0576 -4.2671 -0.0400
3.0911 -4.2365 -0.0400
3.1773 -4.2463 -0.0400
4.5463 -5.2093 -0.0400
5.6946 -4.8453 -0.0400
5.6621 -4.7319 -0.0400
5.6943 -4.6498 -0.0400
5.7843 -4.5920 -0.0400
6.6799 -0.6552 -0.0400
5.6856 0.4123 -0.0400
2.9774 -0.9571 -0.0400
2.9062 -0.9624 -0.0400
2.8719 -0.9354 -0.0400
2.8457 -0.9008 -0.0400
2.8262 -0.8590 -0.0400
2.8621 -0.7580 -0.0400
1.8502 -1.7965 -0.0400
1.8091 -1.8131 -0.0400
1.7878 -1.8088 -0.0400
1.7682 -1.8029 -0.0400
1.7469 -1.7995 -0.0400
1.7304 -1.7905 -0.0400
1.7146 -1.7807 -0.0400
1.7002 -1.7691 -0.0400
1.6879 -1.7542 -0.0400
1.6781 -1.7354 -0.0400
1.6663 -1.7190 -0.0400
1.6611 -1.6913 -0.0400
1.6637 -1.6488 -0.0400
1.7572 0.4211 -0.0400
1.7000 0.4139 -0.0400
1.6468 0.4250 -0.0400
1.6128 0.5530 -0.0400
1.5604 0.5846 -0.0400
-0.8786 2.8590 -0.0400
-0.9546 2.7715 -0.0400
-1.0515 2.7418 -0.0400
-1.1830 2.7938 -0.0400
-1.6410 1.9585 -0.0400
-1.6756 1.8368 -0.0400
-1.7870 1.8401 -0.0400
-1.0556 -2.1695 -0.0400
-1.0706 -2.2056 -0.0400
-1.0909 -2.2411 -0.0400
-3.3843 -1.9117 -0.0400
-3.3951 -1.9903 -0.0400
-3.1972 -3.3798 -0.0400
-3.1521 -3.4486 -0.0400
-3.1389 -3.5231 -0.0400
-3.1596 -3.6054 -0.0400
-3.7709 -5.7606 -0.0400
-1.9138 -4.6344 -0.0400
-1.8210 -4.6467 -0.0400
-1.7908 -4.7013 -0.0400
1.0674 -3.5553 -0.0400
1.0837 -3.5417 -0.0400
1.0997 -3.5334 -0.0400
1.1154 -3.5257 -0.0400
1.1312 -3.5248 -0.0400
1.1472 -3.5262 -0.0400
1.1635 -3.5300 -0.0400
1.1820 -3.5526 -0.0400
2.5181 -6.5393 -0.0400
2.5799 -6.4965 -0.0400
2.6613 -6.5038 -0.0400
3.0335 -4.4274 -0.0400
3.0270 -4.3592 -0.0400
3.0369 -4.3074 -0.0400
3.0623 -4.2697 -0.0400
3.1033 -4.2449 -0.0400
4.5002 -5.2708 -0.0400
4.5694 -5.2280 -0.0400
5.6752 -4.8367 -0.0400
5.6614 -4.7321 -0.0400
5.7150 -4.6592 -0.0400
6.6860 -0.6512 -0.0400
5.6968 0.4223 -0.0400
2.9383 -0.9831 -0.0400
2.8994 -0.9600 -0.0400
2.8690 -0.9294 -0.0400
2.8456 -0.8921 -0.0400
2.8755 -0.8001 -0.0400
1.8587 -1.8045 -0.0400
1.8272 -1.8097 -0.0400
1.8017 -1.8094 -0.0400
1.7749 -1.8115 -0.0400
1.7567 -1.8043 -0.0400
1.7380 -1.7981 -0.0400
1.7230 -1.7874 -0.0400
1.7084 -1.7761 -0.0400
1.6961 -1.7617 -0.0400
1.6835 -1.7476 -0.0400
1.6756 -1.7258 -0.0400
1.6651 -1.7074 -0.0400
1.6648 -1.6717 -0.0400
1.7522 0.4056 -0.0400
1.6972 0.4075 -0.0400
1.6462 0.4288 -0.0400
1.6120 0.5538 -0.0400
1.5600 0.5871 -0.0400
-0.8559 2.8196 -0.0400
-0.9458 2.7714 -0.0400
-1.0563 2.7766 -0.0400
-1.5980 1.9042 -0.0400
-1.6643 1.8365 -0.0400
-1.7597 1.8155 -0.0400
-1.1539 -2.2576 -0.0400
-3.4111 -1.9718 -0.0400
-3.2275 -3.3679 -0.0400
-3.1633 -3.4335 -0.0400
-3.1566 -3.5094 -0.0400
-3.2173 -3.6010 -0.0400
-0.6895 -3.1915 -0.0400
-0.6280 -3.2049 -0.0400
-0.5972 -3.2274 -0.0400
-3.7689 -5.7363 -0.0400
-1.8525 -4.6492 -0.0400
1.1097 -3.5270 -0.0400
1.1257 -3.5260 -0.0400
1.1418 -3.5269 -0.0400
1.1589 -3.5379 -0.0400
1.1765 -3.5493 -0.0400
2.4528 -6.5974 -0.0400
2.5056 -6.5267 -0.0400
2.5780 -6.5117 -0.0400
3.0401 -4.4989 -0.0400
3.0298 -4.4242 -0.0400
3.0200 -4.3528 -0.0400
3.0345 -4.3050 -0.0400
3.0679 -4.2738 -0.0400
3.1170 -4.2552 -0.0400
4.4988 -5.2720 -0.0400
5.6398 -4.8208 -0.0400
5.6656 -4.7349 -0.0400
5.7274 -4.6655 -0.0400
5.6743 0.4103 -0.0400
2.9821 -0.9940 -0.0400
2.9317 -0.9801 -0.0400
2.8940 -0.9559 -0.0400
2.8656 -0.9236 -0.0400
2.8665 -0.8626 -0.0400
1.8733 -1.8057 -0.0400
1.8379 -1.8141 -0.0400
1.8107 -1.8152 -0.0400
1.7825 -1.8185 -0.0400
1.7641 -1.8114 -0.0400
1.7470 -1.8032 -0.0400
1.7312 -1.7935 -0.0400
1.7166 -1.7825 -0.0400
1.7031 -1.7700 -0.0400
1.6934 -1.7520 -0.0400
1.6823 -1.7356 -0.0400
1.6720 -1.7175 -0.0400
1.6719 -1.6828 -0.0400
1.6689 -1.6508 -0.0400
1.8149 0.4437 -0.0400
1.7494 0.4025 -0.0400
1.6949 0.4059 -0.0400
1.6474 0.4448 -0.0400
1.6122 0.5638 -0.0400
1.5615 0.6054 -0.0400
-0.8554 2.8402 -0.0400
-0.9379 2.7721 -0.0400
-1.0389 2.7539 -0.0400
-1.5794 1.8900 -0.0400
-1.6625 1.8504 -0.0400
-3.1887 -3.3441 -0.0400
-3.1557 -3.4149 -0.0400
-3.1491 -3.4906 -0.0400
-3.1765 -3.5743 -0.0400
-0.6641 -3.2031 -0.0400
-0.6164 -3.2201 -0.0400
-0.5799 -3.2400 -0.0400
-0.5671 -3.2683 -0.0400
-0.5602 -3.2990 -0.0400
-1.8056 -4.6727 -0.0400
1.1531 -3.5383 -0.0400
1.1707 -3.5487 -0.0400
1.1905 -3.5736 -0.0400
2.5007 -6.5367 -0.0400
2.5672 -6.5054 -0.0400
3.0456 -4.5056 -0.0400
3.0298 -4.4253 -0.0400
3.0193 -4.3528 -0.0400
3.0333 -4.3043 -0.0400
3.0719 -4.2774 -0.0400
3.1287 -4.2646 -0.0400
4.4997 -5.2758 -0.0400
5.6344 -4.8199 -0.0400
5.6689 -4.7380 -0.0400
5.7804 -4.6904 -0.0400
6.6876 -0.6471 -0.0400
5.6683 0.4093 -0.0400
2.9771 -0.9894 -0.0400
2.9267 -0.9755 -0.0400
2.8908 -0.9498 -0.0400
2.8720 -0.9085 -0.0400
2.8698 -0.8502 -0.0400
1.8527 -1.8143 -0.0400
1.8223 -1.8181 -0.0400
1.7911 -1.8239 -0.0400
1.7722 -1.8172 -0.0400
1.7548 -1.8093 -0.0400
1.7388 -1.7999 -0.0400
1.7242 -1.7890 -0.0400
1.7110 -1.7762 -0.0400
1.6988 -1.7621 -0.0400
1.6872 -1.7468 -0.0400
1.6823 -1.7215 -0.0400
1.6746 -1.6993 -0.0400
1.6886 -1.6423 -0.0400
1.8035 0.4075 -0.0400
1.7449 0.3941 -0.0400
1.6929 0.4078 -0.0400
1.6467 0.4529 -0.0400
1.6103 0.5638 -0.0400
-0.7611 2.8988 -0.0400
-0.8380 2.8118 -0.0400
-0.9333 2.7798 -0.0400
-1.0528 2.8090 -0.0400
-1.5784 1.9041 -0.0400
-1.6497 1.8454 -0.0400
-1.7522 1.8366 -0.0400
-3.2338 0.4658 -0.0400
-3.2305 0.3514 -0.0400
-3.2558 0.2586 -0.0400
-3.3026 -3.2681 -0.0400
-3.1971 -3.3287 -0.0400
-3.1596 -3.3987 -0.0400
-3.1474 -3.4732 -0.0400
-0.6539 -3.1856 -0.0400
-0.6152 -3.2056 -0.0400
-0.5901 -3.2297 -0.0400
-0.5725 -3.2562 -0.0400
-0.5607 -3.2848 -0.0400
-0.5691 -3.3224 -0.0400
-0.5846 -3.3640 -0.0400
2.4268 -6.5744 -0.0400
2.4898 -6.5320 -0.0400
2.5691 -6.5342 -0.0400
2.9902 -4.3900 -0.0400
3.0052 -4.3415 -0.0400
3.0339 -4.3059 -0.0400
3.0735 -4.2796 -0.0400
3.1357 -4.2710 -0.0400
4.5310 -5.3040 -0.0400
5.6372 -4.8234 -0.0400
5.6744 -4.7426 -0.0400
6.7139 -0.7465 -0.0400
5.7297 0.3371 -0.0400
3.0030 -1.0157 -0.0400
2.9511 -1.0024 -0.0400
2.9134 -0.9780 -0.0400
2.8863 -0.9447 -0.0400
2.8678 -0.9031 -0.0400
1.8753 -1.8072 -0.0400
1.8231 -1.8317 -0.0400
1.8008 -1.8278 -0.0400
1.7811 -1.8218 -0.0400
1.7630 -1.8144 -0.0400
1.7464 -1.8057 -0.0400
1.7312 -1.7955 -0.0400
1.7180 -1.7830 -0.0400
1.7060 -1.7688 -0.0400
1.6946 -1.7536 -0.0400
1.6904 -1.7280 -0.0400
1.6834 -1.7054 -0.0400
1.6792 -1.6778 -0.0400
1.6857 -1.6320 -0.0400
1.7993 0.4032 -0.0400
1.7416 0.3925 -0.0400
1.6926 0.4203 -0.0400
1.6594 0.5343 -0.0400
1.6108 0.5803 -0.0400
-0.7627 2.9232 -0.0400
-0.8335 2.8178 -0.0400
-0.9251 2.7761 -0.0400
-1.5047 1.9747 -0.0400
-1.5641 1.8946 -0.0400
-1.6511 1.8625 -0.0400
-3.2233 0.4731 -0.0400
-3.2152 0.3555 -0.0400
-3.2524 0.2710 -0.0400
-3.2616 0.1693 -0.0400
-3.2906 -3.2496 -0.0400
-3.1990 -3.3123 -0.0400
-3.1624 -3.3825 -0.0400
-3.1752 -3.4620 -0.0400
-0.7014 -3.1877 -0.0400
-0.6353 -3.1988 -0.0400
-0.5919 -3.2163 -0.0400
-0.5765 -3.2436 -0.0400
-0.5665 -3.2729 -0.0400
-0.5623 -3.3049 -0.0400
-0.5665 -3.3410 -0.0400
-0.5872 -3.3859 -0.0400
2.4211 -6.5865 -0.0400
2.4814 -6.5354 -0.0400
2.5561 -6.5253 -0.0400
3.0069 -4.4732 -0.0400
2.9974 -4.3993 -0.0400
3.0071 -4.3453 -0.0400
3.0336 -4.3075 -0.0400
3.1018 -4.3050 -0.0400
4.4516 -5.3434 -0.0400
4.5295 -5.3073 -0.0400
5.6655 -4.9409 -0.0400
5.6373 -4.8262 -0.0400
5.6978 -4.7561 -0.0400
6.7143 -0.7450 -0.0400
3.0031 -1.0067 -0.0400
2.9482 -0.9957 -0.0400
2.9099 -0.9718 -0.0400
2.8916 -0.9305 -0.0400
1.8723 -1.8248 -0.0400
1.8383 -1.8306 -0.0400
1.8125 -1.8297 -0.0400
1.7912 -1.8249 -0.0400
1.7720 -1.8185 -0.0400
1.7524 -1.8130 -0.0400
1.7380 -1.8019 -0.0400
1.7246 -1.7898 -0.0400
1.7123 -1.7762 -0.0400
1.7009 -1.7612 -0.0400
1.6965 -1.7367 -0.0400
1.6896 -1.7146 -0.0400
1.6854 -1.6878 -0.0400
1.6890 -1.6482 -0.0400
1.8516 0.4037 -0.0400
1.7935 0.3938 -0.0400
1.7382 0.3930 -0.0400
1.6898 0.4223 -0.0400
1.6570 0.5373 -0.0400
1.6094 0.5883 -0.0400
-0.7595 2.9315 -0.0400
-0.8245 2.8094 -0.0400
-0.9306 2.8081 -0.0400
-1.5231 2.0214 -0.0400
-1.5610 1.9032 -0.0400
-1.6712 1.9093 -0.0400
-3.2179 0.4834 -0.0400
-3.2095 0.3656 -0.0400
-3.1806 0.2373 -0.0400
-3.2788 0.1943 -0.0400
-3.1944 -3.2952 -0.0400
-3.1636 -3.3663 -0.0400
-3.1800 -3.4463 -0.0400
-0.6700 -3.1634 -0.0400
-0.6285 -3.1826 -0.0400
-0.6021 -3.2062 -0.0400
-0.5831 -3.2321 -0.0400
-0.5694 -3.2599 -0.0400
-0.5714 -3.2945 -0.0400
-0.5786 -3.3320 -0.0400
-0.6150 -3.3843 -0.0400
2.4125 -6.5920 -0.0400
2.4725 -6.5393 -0.0400
2.9786 -4.4494 -0.0400
2.9795 -4.3856 -0.0400
3.0026 -4.3442 -0.0400
3.0386 -4.3145 -0.0400
3.0919 -4.2991 -0.0400
4.4501 -5.3476 -0.0400
4.5190 -5.3042 -0.0400
5.6382 -4.9306 -0.0400
5.6408 -4.8313 -0.0400
5.7407 -4.7795 -0.0400
6.7543 -0.8405 -0.0400
6.7281 -0.7394 -0.0400
5.7181 0.3355 -0.0400
3.0325 -1.0305 -0.0400
2.9733 -1.0219 -0.0400
2.9334 -0.9990 -0.0400
2.9049 -0.9669 -0.0400
2.8856 -0.9266 -0.0400
1.8586 -1.8252 -0.0400
1.8160 -1.8396 -0.0400
1.7953 -1.8342 -0.0400
1.7768 -1.8268 -0.0400
1.7601 -1.8181 -0.0400
1.7451 -1.8076 -0.0400
1.7312 -1.7961 -0.0400
1.7183 -1.7834 -0.0400
1.7103 -1.7645 -0.0400
1.7013 -1.7464 -0.0400
1.6938 -1.7257 -0.0400
1.6888 -1.7009 -0.0400
1.6888 -1.6680 -0.0400
1.8486 0.4077 -0.0400
1.7871 0.3839 -0.0400
1.7366 0.4025 -0.0400
1.6979 0.4782 -0.0400
1.6557 0.5476 -0.0400
1.6139 0.6318 -0.0400
-0.7278 2.8512 -0.0400
-0.8193 2.8100 -0.0400
-0.9248 2.8079 -0.0400
-1.4822 1.9613 -0.0400
-1.5509 1.8984 -0.0400
-1.6460 1.8806 -0.0400
-3.2176 0.4966 -0.0400
-3.1887 0.3646 -0.0400
-3.1749 0.2468 -0.0400
-3.2664 0.1997 -0.0400
-3.2173 -3.2829 -0.0400
-3.1643 -3.3502 -0.0400
-3.1602 -3.4259 -0.0400
-0.6991 -3.1596 -0.0400
-0.6437 -3.1743 -0.0400
-0.6128 -3.1964 -0.0400
-0.5860 -3.2194 -0.0400
-0.5750 -3.2482 -0.0400
-0.5691 -3.2793 -0.0400
-0.5697 -3.3135 -0.0400
-0.5810 -3.3535 -0.0400
-1.8681 -4.5819 -0.0400
-0.3385 -7.2642 -0.0400
-0.2357 -7.2140 -0.0400
-0.1486 -7.2141 -0.0400
2.3344 -6.6144 -0.0400
2.4009 -6.5791 -0.0400
2.9662 -4.5067 -0.0400
2.9563 -4.4304 -0.0400
2.9745 -4.3835 -0.0400
3.0234 -4.3654 -0.0400
4.3535 -5.4714 -0.0400
4.4120 -5.4202 -0.0400
5.5883 -5.0091 -0.0400
5.6039 -4.9157 -0.0400
6.7664 -0.9449 -0.0400
3.0637 -1.0562 -0.0400
2.9853 -1.0614 -0.0400
2.9566 -1.0294 -0.0400
1.9229 -1.8388 -0.0400
1.8743 -1.8546 -0.0400
1.8445 -1.8557 -0.0400
1.8216 -1.8514 -0.0400
1.8017 -1.8450 -0.0400
1.7838 -1.8370 -0.0400
1.7664 -1.8289 -0.0400
1.7533 -1.8165 -0.0400
1.7413 -1.8028 -0.0400
1.7307 -1.7876 -0.0400
1.7213 -1.7705 -0.0400
1.7134 -1.7513 -0.0400
1.7076 -1.7286 -0.0400
1.7288 -1.6695 -0.0400
1.9626 0.4210 -0.0400
1.8933 0.3779 -0.0400
1.8350 0.3673 -0.0400
1.7892 0.4037 -0.0400
1.7474 0.4615 -0.0400
1.7134 0.5635 -0.0400
0.9372 3.4199 -0.0400
-0.6266 2.8721 -0.0400
-0.7213 2.8410 -0.0400
-0.8293 2.8483 -0.0400
-1.4035 2.0147 -0.0400
-1.4748 1.9558 -0.0400
-3.1352 0.6742 -0.0400
-3.1364 0.5594 -0.0400
-3.1293 0.4416 -0.0400
-3.1210 0.3261 -0.0400
-3.1882 0.2641 -0.0400
-1.0701 -1.6374 -0.0400
-1.0636 -1.6841 -0.0400
-3.2027 -3.1936 -0.0400
-3.1776 -3.2657 -0.0400
-3.1876 -3.3438 -0.0400
-3.2278 -3.4287 -0.0400
-0.6640 -3.1390 -0.0400
-0.6172 -3.1560 -0.0400
-0.5999 -3.1826 -0.0400
-0.5873 -3.2107 -0.0400
-0.5792 -3.2407 -0.0400
-0.5937 -3.2805 -0.0400
-0.6162 -3.3252 -0.0400
-3.8718 -5.5750 -0.0400
-1.9315 -4.5367 -0.0400
-0.3074 -7.3895 -0.0400
-0.1704 -7.2116 -0.0400
-0.0885 -7.2310 -0.0400
-0.0250 -7.3322 -0.0400
2.4589 -6.5641 -0.0400
2.9730 -4.5210 -0.0400
2.9644 -4.4451 -0.0400
2.9732 -4.3885 -0.0400
3.0006 -4.3505 -0.0400
3.0416 -4.3246 -0.0400
3.1131 -4.3241 -0.0400
4.4487 -5.3596 -0.0400
5.6273 -4.9341 -0.0400
5.6672 -4.8530 -0.0400
6.7528 -0.8395 -0.0400
5.7646 0.2564 -0.0400
3.0634 -1.0451 -0.0400
2.9949 -1.0423 -0.0400
2.9535 -1.0199 -0.0400
2.9228 -0.9896 -0.0400
1.8869 -1.8277 -0.0400
1.8329 -1.8498 -0.0400
1.8110 -1.8447 -0.0400
1.7915 -1.8379 -0.0400
1.7739 -1.8296 -0.0400
1.7585 -1.8196 -0.0400
1.7444 -1.8082 -0.0400
1.7314 -1.7957 -0.0400
1.7198 -1.7816 -0.0400
1.7142 -1.7601 -0.0400
1.7071 -1.7399 -0.0400
1.7025 -1.7158 -0.0400
1.7025 -1.6847 -0.0400
1.9037 0.4362 -0.0400
1.8308 0.3753 -0.0400
1.7783 0.3847 -0.0400
1.7349 0.4323 -0.0400
1.7012 0.5319 -0.0400
1.6606 0.6125 -0.0400
0.9397 3.4160 -0.0400
-0.6489 2.9625 -0.0400
-0.7216 2.8591 -0.0400
-0.8142 2.8220 -0.0400
-0.9304 2.8497 -0.0400
-1.4025 2.0271 -0.0400
-1.4626 1.9480 -0.0400
-1.5453 1.9107 -0.0400
-1.6670 1.9377 -0.0400
-3.1956 0.5056 -0.0400
-3.1277 0.3467 -0.0400
-3.1689 0.2673 -0.0400
-1.0818 -1.6651 -0.0400
-1.0759 -1.7109 -0.0400
-1.0839 -1.7506 -0.0400
-1.0129 -1.8185 -0.0400
-0.9991 -1.8636 -0.0400
-3.1735 -3.3967 -0.0400
-0.6639 -3.1548 -0.0400
-0.6154 -3.1706 -0.0400
-0.5970 -3.1965 -0.0400
-0.5829 -3.2240 -0.0400
-0.5796 -3.2560 -0.0400
-0.5803 -3.2901 -0.0400
-0.5908 -3.3295 -0.0400
-1.8894 -4.5579 -0.0400
-1.8507 -4.6065 -0.0400
-0.2246 -7.3306 -0.0400
-0.1145 -7.2442 -0.0400
-0.0307 -7.2568 -0.0400
0.0424 -7.3201 -0.0400
3.0352 -4.5230 -0.0400
3.0179 -4.4386 -0.0400
2.9953 -4.3527 -0.0400
3.0303 -4.3214 -0.0400
3.0829 -4.3048 -0.0400
4.4394 -5.3624 -0.0400
4.5098 -5.3195 -0.0400
5.6349 -4.9455 -0.0400
5.6391 -4.8461 -0.0400
5.7027 -4.7765 -0.0400
6.7390 -0.8433 -0.0400
6.7124 -0.7424 -0.0400
5.7118 0.3400 -0.0400
3.0302 -1.0035 -0.0400
2.9477 -1.0128 -0.0400
2.9163 -0.9830 -0.0400
1.8688 -1.8276 -0.0400
1.8342 -1.8325 -0.0400
1.8088 -1.8302 -0.0400
1.7874 -1.8249 -0.0400
1.7685 -1.8179 -0.0400
1.7493 -1.8115 -0.0400
1.7355 -1.7999 -0.0400
1.7227 -1.7871 -0.0400
1.7115 -1.7725 -0.0400
1.7014 -1.7564 -0.0400
1.6928 -1.7382 -0.0400
1.6860 -1.7172 -0.0400
1.6820 -1.6918 -0.0400
1.8316 0.4033 -0.0400
1.7725 0.3880 -0.0400
1.7233 0.4103 -0.0400
1.6775 0.4505 -0.0400
1.6477 0.5765 -0.0400
0.8369 3.4148 -0.0400
0.7310 3.4404 -0.0400
-0.7205 2.8704 -0.0400
-0.8066 2.8139 -0.0400
-0.9141 2.8195 -0.0400
-1.4768 1.9858 -0.0400
-1.5369 1.9084 -0.0400
-1.6181 1.8687 -0.0400
-3.2012 0.5247 -0.0400
-3.1946 0.4084 -0.0400
-3.2264 0.3209 -0.0400
-3.2066 0.2010 -0.0400
-1.0985 -1.6914 -0.0400
-1.0813 -1.7410 -0.0400
-1.0970 -1.7774 -0.0400
-1.0223 -1.8449 -0.0400
-1.0083 -1.8894 -0.0400
-0.9987 -1.9315 -0.0400
-1.0071 -1.9677 -0.0400
-1.0230 -2.0018 -0.0400
-0.6573 -3.1686 -0.0400
-0.6243 -3.1896 -0.0400
-0.5931 -3.2104 -0.0400
-0.5784 -3.2374 -0.0400
-0.5727 -3.2684 -0.0400
-0.5708 -3.3015 -0.0400
-0.5765 -3.3388 -0.0400
-3.8680 -5.6317 -0.0400
-1.8841 -4.6043 -0.0400
-1.8837 -4.6813 -0.0400
-0.3033 -7.2487 -0.0400
-0.2061 -7.2155 -0.0400
-0.1225 -7.2294 -0.0400
-0.0632 -7.3498 -0.0400
2.9625 -4.5242 -0.0400
2.9540 -4.4477 -0.0400
2.9668 -4.3945 -0.0400
2.9972 -4.3586 -0.0400
3.0414 -4.3351 -0.0400
4.3952 -5.4323 -0.0400
5.6167 -5.0434 -0.0400
5.6038 -4.9334 -0.0400
5.6603 -4.8606 -0.0400
6.7590 -0.9462 -0.0400
6.7661 -0.8353 -0.0400
5.7605 0.2584 -0.0400
3.0744 -1.0753 -0.0400
3.0116 -1.0669 -0.0400
2.9714 -1.0432 -0.0400
2.9411 -1.0123 -0.0400
1.8680 -1.8457 -0.0400
1.8262 -1.8563 -0.0400
1.8061 -1.8494 -0.0400
1.7881 -1.8411 -0.0400
1.7720 -1.8314 -0.0400
1.7576 -1.8202 -0.0400
1.7443 -1.8079 -0.0400
1.7322 -1.7944 -0.0400
1.7256 -1.7748 -0.0400
1.7181 -1.7558 -0.0400
1.7128 -1.7336 -0.0400
1.7108 -1.7067 -0.0400
1.7175 -1.6675 -0.0400
1.9386 0.3984 -0.0400
1.8747 0.3722 -0.0400
1.8203 0.3748 -0.0400
1.7759 0.4152 -0.0400
1.7462 0.5222 -0.0400
1.0463 3.4279 -0.0400
0.9419 3.4125 -0.0400
-0.6207 2.8907 -0.0400
-0.7091 2.8409 -0.0400
-0.8150 2.8448 -0.0400
-1.3866 2.0144 -0.0400
-1.4533 1.9485 -0.0400
-1.5765 1.9827 -0.0400
-3.1146 0.4687 -0.0400
-3.1068 0.3537 -0.0400
-3.1726 0.2916 -0.0400
-1.0566 -1.6609 -0.0400
-1.0617 -1.7015 -0.0400
-1.0771 -1.7377 -0.0400
-1.0077 -1.8049 -0.0400
-0.9760 -1.8559 -0.0400
-0.9824 -1.8927 -0.0400
-0.9921 -1.9284 -0.0400
-1.0089 -1.9620 -0.0400
-1.0368 -1.9928 -0.0400
-1.0282 -2.0334 -0.0400
-1.0289 -2.0713 -0.0400
-0.6913 -3.1387 -0.0400
-0.6324 -3.1510 -0.0400
-0.6109 -3.1758 -0.0400
-0.5913 -3.2009 -0.0400
-0.5809 -3.2297 -0.0400
-0.5842 -3.2646 -0.0400
-0.5888 -3.3008 -0.0400
-3.9331 -5.5381 -0.0400
-3.8553 -5.6088 -0.0400
-1.9772 -4.5037 -0.0400
-1.9017 -4.5282 -0.0400
-1.8715 -4.5826 -0.0400
-0.3262 -7.2660 -0.0400
-0.2235 -7.2142 -0.0400
-0.1398 -7.2282 -0.0400
0.8403 -5.1671 -0.0400
0.8876 -5.1445 -0.0400
0.9336 -5.1329 -0.0400
2.9783 -4.5485 -0.0400
2.9368 -4.4384 -0.0400
2.9615 -4.3966 -0.0400
2.9997 -4.3678 -0.0400
3.0572 -4.3557 -0.0400
4.3866 -5.4346 -0.0400
4.4682 -5.4012 -0.0400
5.5631 -5.0212 -0.0400
5.6079 -4.9423 -0.0400
6.7608 -0.9461 -0.0400
5.8318 0.1899 -0.0400
3.0578 -1.0792 -0.0400
3.0041 -1.0644 -0.0400
2.9659 -1.0391 -0.0400
1.8644 -1.8620 -0.0400
1.8381 -1.8590 -0.0400
1.8166 -1.8528 -0.0400
1.7974 -1.8452 -0.0400
1.7801 -1.8363 -0.0400
1.7635 -1.8269 -0.0400
1.7509 -1.8141 -0.0400
1.7396 -1.7997 -0.0400
1.7294 -1.7842 -0.0400
1.7207 -1.7667 -0.0400
1.7137 -1.7470 -0.0400
1.7090 -1.7240 -0.0400
1.7362 -1.6614 -0.0400
1.9272 0.3803 -0.0400
1.8679 0.3681 -0.0400
1.8187 0.3890 -0.0400
1.7787 0.4471 -0.0400
1.7443 0.5358 -0.0400
1.6998 0.5912 -0.0400
1.0468 3.4363 -0.0400
0.9423 3.4272 -0.0400
-0.6139 2.8760 -0.0400
-0.7059 2.8389 -0.0400
-0.8179 2.8612 -0.0400
-1.3757 2.0008 -0.0400
-1.4496 1.9488 -0.0400
-3.1277 0.6007 -0.0400
-3.1186 0.4815 -0.0400
-3.1332 0.3822 -0.0400
-3.1486 0.2853 -0.0400
-1.0844 -1.5986 -0.0400
-1.0591 -1.6532 -0.0400
-1.0603 -1.6954 -0.0400
-1.0726 -1.7326 -0.0400
-0.9807 -1.8080 -0.0400
-0.9742 -1.8496 -0.0400
-0.9804 -1.8864 -0.0400
-0.9890 -1.9222 -0.0400
-1.0193 -1.9516 -0.0400
-1.0335 -1.9861 -0.0400
-1.0251 -2.0265 -0.0400
-1.0259 -2.0642 -0.0400
-1.0411 -2.0984 -0.0400
-1.0647 -2.1313 -0.0400
-1.1055 -2.1617 -0.0400
-0.6424 -3.1422 -0.0400
-0.6114 -3.1634 -0.0400
-0.5961 -3.1901 -0.0400
-0.5859 -3.2189 -0.0400
-0.5798 -3.2494 -0.0400
-0.5952 -3.2904 -0.0400
-0.6174 -3.3358 -0.0400
-3.9404 -5.5206 -0.0400
-1.9168 -4.5198 -0.0400
-1.8734 -4.5650 -0.0400
-0.3724 -7.3636 -0.0400
-0.2435 -7.2217 -0.0400
-0.1635 -7.2517 -0.0400
0.8252 -5.1950 -0.0400
0.8749 -5.1368 -0.0400
0.9207 -5.1330 -0.0400
0.9663 -5.1300 -0.0400
1.0117 -5.1357 -0.0400
1.0266 -3.5622 -0.0400
2.9477 -4.5262 -0.0400
2.9399 -4.4498 -0.0400
2.9591 -4.4023 -0.0400
2.9926 -4.3688 -0.0400
4.3315 -5.5005 -0.0400
4.3920 -5.4496 -0.0400
5.5898 -5.0435 -0.0400
5.6019 -4.9466 -0.0400
6.8150 -1.0408 -0.0400
6.7789 -0.9419 -0.0400
5.8063 0.1769 -0.0400
3.0395 -1.0845 -0.0400
2.9949 -1.0632 -0.0400
1.8779 -1.8648 -0.0400
1.8491 -1.8632 -0.0400
1.8265 -1.8573 -0.0400
1.8067 -1.8498 -0.0400
1.7849 -1.8445 -0.0400
1.7706 -1.8330 -0.0400
1.7573 -1.8206 -0.0400
1.7452 -1.8071 -0.0400
1.7344 -1.7922 -0.0400
1.7299 -1.7705 -0.0400
1.7238 -1.7499 -0.0400
1.7204 -1.7258 -0.0400
1.7220 -1.6949 -0.0400
1.9200 0.3761 -0.0400
1.8611 0.3650 -0.0400
1.8154 0.3981 -0.0400
1.7894 0.5106 -0.0400
1.7421 0.5495 -0.0400
1.0468 3.4232 -0.0400
0.9422 3.4531 -0.0400
-0.5418 2.9914 -0.0400
-0.6116 2.8746 -0.0400
-0.7066 2.8473 -0.0400
-1.3677 1.9914 -0.0400
-1.4502 1.9559 -0.0400
-1.5534 1.9560 -0.0400
-3.1013 0.7049 -0.0400
-3.1005 0.5893 -0.0400
-3.1013 0.4779 -0.0400
-3.0922 0.3624 -0.0400
-1.0458 -1.6530 -0.0400
-1.0549 -1.6914 -0.0400
-1.0147 -1.7488 -0.0400
-0.9857 -1.7999 -0.0400
-0.9760 -1.8426 -0.0400
-0.9790 -1.8803 -0.0400
-0.9919 -1.9146 -0.0400
-1.0143 -1.9462 -0.0400
-1.0343 -1.9790 -0.0400
-1.0236 -2.0198 -0.0400
-1.0239 -2.0574 -0.0400
-1.0394 -2.0914 -0.0400
-1.0642 -2.1238 -0.0400
-1.1120 -2.1528 -0.0400
-0.5883 -3.2072 -0.0400
-0.5876 -3.2401 -0.0400
-0.5874 -3.2736 -0.0400
-3.9323 -5.4943 -0.0400
-1.9282 -4.5090 -0.0400
-0.3481 -7.2143 -0.0400
-0.2565 -7.2021 -0.0400
-0.1785 -7.2394 -0.0400
0.8127 -5.1801 -0.0400
0.8610 -5.1477 -0.0400
0.9074 -5.1349 -0.0400
0.9531 -5.1328 -0.0400
0.9987 -5.1472 -0.0400
1.0163 -3.5773 -0.0400
1.0337 -3.5502 -0.0400
1.0513 -3.5435 -0.0400
1.0688 -3.5378 -0.0400
2.9496 -4.5380 -0.0400
2.9242 -4.4436 -0.0400
2.9547 -4.4069 -0.0400
2.9972 -4.3815 -0.0400
3.0684 -4.3812 -0.0400
4.3792 -5.4498 -0.0400
4.4776 -5.4300 -0.0400
5.6875 -5.2136 -0.0400
5.5575 -5.0342 -0.0400
5.6154 -4.9617 -0.0400
6.8079 -1.0440 -0.0400
6.7708 -0.9454 -0.0400
3.0758 -1.1054 -0.0400
3.0233 -1.0886 -0.0400
1.8882 -1.8708 -0.0400
1.8581 -1.8694 -0.0400
1.8352 -1.8634 -0.0400
1.8150 -1.8557 -0.0400
1.7923 -1.8508 -0.0400
1.7777 -1.8393 -0.0400
1.7641 -1.8270 -0.0400
1.7515 -1.8140 -0.0400
1.7426 -1.7972 -0.0400
1.7339 -1.7801 -0.0400
1.7266 -1.7612 -0.0400
1.7214 -1.7395 -0.0400
1.7192 -1.7138 -0.0400
1.9648 0.3602 -0.0400
1.9068 0.3534 -0.0400
1.8558 0.3676 -0.0400
1.8112 0.4042 -0.0400
1.7848 0.5150 -0.0400
1.0465 3.4151 -0.0400
0.9421 3.4651 -0.0400
-0.5249 2.9358 -0.0400
-0.6080 2.8672 -0.0400
-0.7075 2.8550 -0.0400
-1.3300 2.1203 -0.0400
-1.3652 1.9915 -0.0400
-1.4642 1.9865 -0.0400
-3.1130 0.6072 -0.0400
-3.1010 0.4861 -0.0400
-3.0925 0.3709 -0.0400
-1.0637 -1.5969 -0.0400
-1.0480 -1.6467 -0.0400
-1.0529 -1.6868 -0.0400
-1.0691 -1.7221 -0.0400
-0.9675 -1.8010 -0.0400
-0.9666 -1.8402 -0.0400
-0.9731 -1.8764 -0.0400
-0.9875 -1.9099 -0.0400
-1.0070 -1.9421 -0.0400
-1.0368 -1.9719 -0.0400
-1.0141 -2.0157 -0.0400
-1.0214 -2.0513 -0.0400
-1.0361 -2.0853 -0.0400
-1.0606 -2.1175 -0.0400
-0.6178 -3.3096 -0.0400
-3.9225 -5.4673 -0.0400
-2.0069 -4.4683 -0.0400
-1.9318 -4.4933 -0.0400
-0.3729 -7.2362 -0.0400
-0.2740 -7.1991 -0.0400
-0.1939 -7.2281 -0.0400
0.7990 -5.1793 -0.0400
0.8474 -5.1470 -0.0400
0.8938 -5.1366 -0.0400
0.9397 -5.1321 -0.0400
0.9854 -5.1361 -0.0400
1.0055 -3.5804 -0.0400
1.0234 -3.5615 -0.0400
1.0407 -3.5443 -0.0400
1.0584 -3.5400 -0.0400
1.0762 -3.5388 -0.0400
1.0943 -3.5403 -0.0400
1.1139 -3.5526 -0.0400
2.9108 -4.5085 -0.0400
2.9225 -4.4519 -0.0400
2.9500 -4.4119 -0.0400
2.9892 -4.3833 -0.0400
4.3194 -5.5136 -0.0400
4.3973 -5.4774 -0.0400
5.5568 -5.0428 -0.0400
6.7862 -1.0513 -0.0400
3.0475 -1.1177 -0.0400
1.9231 -1.8601 -0.0400
1.8811 -1.8661 -0.0400
1.8417 -1.8717 -0.0400
1.8219 -1.8634 -0.0400
1.7992 -1.8579 -0.0400
1.7846 -1.8462 -0.0400
1.7710 -1.8339 -0.0400
1.7582 -1.8209 -0.0400
1.7486 -1.8049 -0.0400
1.7393 -1.7884 -0.0400
1.7313 -1.7703 -0.0400
1.7249 -1.7502 -0.0400
1.7350 -1.7118 -0.0400
1.7478 -1.6683 -0.0400
1.9600 0.3646 -0.0400
1.9012 0.3557 -0.0400
1.8502 0.3694 -0.0400
1.8327 0.5031 -0.0400
1.7883 0.5507 -0.0400
1.1506 3.4382 -0.0400
1.0463 3.4461 -0.0400
-0.5231 2.9326 -0.0400
-0.6067 2.8660 -0.0400
-0.7176 2.8909 -0.0400
-1.3054 2.0748 -0.0400
-1.3625 1.9898 -0.0400
-1.4666 1.9949 -0.0400
-3.0584 0.6870 -0.0400
-3.0553 0.5708 -0.0400
-3.0952 0.4895 -0.0400
-3.0803 0.3700 -0.0400
-1.0394 -1.6032 -0.0400
-1.0381 -1.6463 -0.0400
-1.0495 -1.6833 -0.0400
-0.9952 -1.7460 -0.0400
-0.9738 -1.7937 -0.0400
-0.9664 -1.8351 -0.0400
-0.9724 -1.8713 -0.0400
-0.9899 -1.9037 -0.0400
-1.0180 -1.9333 -0.0400
-1.0178 -1.9713 -0.0400
-1.0138 -2.0099 -0.0400
-1.0185 -2.0459 -0.0400
-1.0315 -2.0800 -0.0400
-1.0865 -2.1059 -0.0400
-3.9381 -5.4558 -0.0400
-1.9324 -4.4759 -0.0400
-1.9003 -4.5284 -0.0400
-0.3813 -7.2005 -0.0400
-0.2918 -7.1965 -0.0400
-0.2173 -7.2482 -0.0400
0.7842 -5.1896 -0.0400
0.8334 -5.1493 -0.0400
0.8800 -5.1376 -0.0400
0.9260 -5.1326 -0.0400
0.9718 -5.1378 -0.0400
1.0181 -5.1669 -0.0400
1.0124 -3.5661 -0.0400
1.0302 -3.5532 -0.0400
1.0476 -3.5416 -0.0400
1.0654 -3.5392 -0.0400
1.0838 -3.5424 -0.0400
1.1025 -3.5469 -0.0400
1.1245 -3.5731 -0.0400
2.9075 -4.5878 -0.0400
2.9069 -4.5158 -0.0400
2.9186 -4.4588 -0.0400
2.9454 -4.4179 -0.0400
3.0019 -4.4051 -0.0400
4.3126 -5.5206 -0.0400
4.3795 -5.4746 -0.0400
5.5578 -5.1588 -0.0400
5.5501 -5.0488 -0.0400
5.6170 -4.9807 -0.0400
6.7887 -1.0529 -0.0400
5.8540 0.0953 -0.0400
3.0916 -1.1345 -0.0400
3.0421 -1.1147 -0.0400
1.8803 -1.8809 -0.0400
1.8553 -1.8753 -0.0400
1.8271 -1.8729 -0.0400
1.8098 -1.8627 -0.0400
1.7939 -1.8518 -0.0400
1.7778 -1.8413 -0.0400
1.7651 -1.8280 -0.0400
1.7553 -1.8122 -0.0400
1.7459 -1.7959 -0.0400
1.7375 -1.7783 -0.0400
1.7304 -1.7591 -0.0400
1.7370 -1.7252 -0.0400
1.7419 -1.6916 -0.0400
2.0065 0.3544 -0.0400
1.9461 0.3426 -0.0400
1.8946 0.3549 -0.0400
1.8504 0.3910 -0.0400
1.8269 0.5039 -0.0400
1.7824 0.5507 -0.0400
1.1492 3.4184 -0.0400
1.0453 3.4207 -0.0400
-0.4364 2.9947 -0.0400
-0.5183 2.9169 -0.0400
-0.6064 2.8668 -0.0400
-0.7155 2.8863 -0.0400
-1.2878 2.0420 -0.0400
-1.3630 1.9936 -0.0400
-3.0628 0.6974 -0.0400
-3.0660 0.5859 -0.0400
-3.0259 0.4453 -0.0400
-3.1049 0.3945 -0.0400
-1.0519 -1.5936 -0.0400
-1.0409 -1.6410 -0.0400
-1.0474 -1.6800 -0.0400
-0.9703 -1.7515 -0.0400
-0.9591 -1.7947 -0.0400
-0.9607 -1.8326 -0.0400
-0.9678 -1.8681 -0.0400
-0.9846 -1.9005 -0.0400
-1.0079 -1.9312 -0.0400
-1.0251 -1.9640 -0.0400
-1.0074 -2.0061 -0.0400
-1.0184 -2.0404 -0.0400
-1.0382 -2.0728 -0.0400
-1.0734 -2.1026 -0.0400
-3.3969 -1.7124 -0.0400
-2.0147 -4.4385 -0.0400
-1.9489 -4.4694 -0.0400
-1.9266 -4.5289 -0.0400
-0.4140 -7.2485 -0.0400
-0.3089 -7.1914 -0.0400
-0.2296 -7.2236 -0.0400
0.8188 -5.1585 -0.0400
0.8661 -5.1361 -0.0400
0.9121 -5.1338 -0.0400
0.9579 -5.1367 -0.0400
1.0042 -5.1643 -0.0400
1.0014 -3.5753 -0.0400
1.0192 -3.5586 -0.0400
1.0369 -3.5487 -0.0400
1.0545 -3.5407 -0.0400
1.0725 -3.5399 -0.0400
1.0917 -3.5480 -0.0400
1.1113 -3.5567 -0.0400
2.8969 -4.5892 -0.0400
2.8975 -4.5182 -0.0400
2.9122 -4.4640 -0.0400
2.9443 -4.4280 -0.0400
2.9956 -4.4100 -0.0400
4.3056 -5.5281 -0.0400
4.3692 -5.4792 -0.0400
5.5043 -5.1386 -0.0400
5.5523 -5.0603 -0.0400
5.8664 0.1019 -0.0400
3.0723 -1.1410 -0.0400
1.9136 -1.8729 -0.0400
1.8653 -1.8824 -0.0400
1.8365 -1.8797 -0.0400
1.8191 -1.8692 -0.0400
1.7996 -1.8609 -0.0400
1.7858 -1.8482 -0.0400
1.7722 -1.8356 -0.0400
1.7610 -1.8210 -0.0400
1.7505 -1.8056 -0.0400
1.7451 -1.7854 -0.0400
1.7379 -1.7664 -0.0400
1.7432 -1.7345 -0.0400
1.7456 -1.7042 -0.0400
2.0050 0.3682 -0.0400
1.9411 0.3469 -0.0400
1.8885 0.3558 -0.0400
1.8733 0.4883 -0.0400
1.8288 0.5326 -0.0400
1.1480 3.4129 -0.0400
-0.4423 3.0177 -0.0400
-0.5126 2.8964 -0.0400
-0.6113 2.8841 -0.0400
-1.2368 2.1438 -0.0400
-1.2831 2.0340 -0.0400
-1.3634 1.9960 -0.0400
-3.0160 0.6662 -0.0400
-3.0283 0.5631 -0.0400
-3.0258 0.4514 -0.0400
-3.0846 0.3863 -0.0400
-1.0567 -1.5449 -0.0400
-1.0305 -1.6001 -0.0400
-1.0320 -1.6414 -0.0400
-1.0454 -1.6772 -0.0400
-0.9843 -1.7423 -0.0400
-0.9653 -1.7887 -0.0400
-0.9608 -1.8286 -0.0400
-0.9681 -1.8639 -0.0400
-0.9868 -1.8955 -0.0400
-1.0177 -1.9238 -0.0400
-1.0091 -1.9638 -0.0400
-1.0079 -2.0012 -0.0400
-1.0151 -2.0362 -0.0400
-1.0309 -2.0693 -0.0400
-1.1181 -2.0881 -0.0400
-1.9233 -4.5092 -0.0400
0.7149 -5.1706 -0.0400
0.7640 -5.1417 -0.0400
0.8106 -5.1347 -0.0400
0.8566 -5.1374 -0.0400
0.9026 -5.1352 -0.0400
0.9754 -3.6001 -0.0400
0.9935 -3.5697 -0.0400
1.0115 -3.5561 -0.0400
1.0291 -3.5451 -0.0400
1.0472 -3.5436 -0.0400
1.0655 -3.5446 -0.0400
1.0855 -3.5588 -0.0400
1.1063 -3.5751 -0.0400
2.9109 -4.4708 -0.0400
2.9639 -4.4549 -0.0400
4.2497 -5.5936 -0.0400
5.4808 -5.2392 -0.0400
5.5019 -5.1447 -0.0400
5.5864 -5.0866 -0.0400
3.1480 -1.1945 -0.0400
3.0956 -1.1746 -0.0400
1.8962 -1.9026 -0.0400
1.8643 -1.9006 -0.0400
1.8403 -1.8941 -0.0400
1.8247 -1.8823 -0.0400
1.8079 -1.8716 -0.0400
1.7940 -1.8588 -0.0400
1.7828 -1.8441 -0.0400
1.7742 -1.8272 -0.0400
1.7652 -1.8104 -0.0400
1.7632 -1.7870 -0.0400
1.7583 -1.7657 -0.0400
1.7557 -1.7417 -0.0400
2.1077 0.3474 -0.0400
2.0380 0.3157 -0.0400
1.9843 0.3230 -0.0400
1.9387 0.3526 -0.0400
1.9078 0.4292 -0.0400
1.8760 0.5107 -0.0400
1.3587 3.4677 -0.0400
1.2520 3.4336 -0.0400
-0.3364 3.0028 -0.0400
-0.4166 2.9158 -0.0400
-0.5239 2.9369 -0.0400
-1.1475 2.1654 -0.0400
-1.1989 2.0639 -0.0400
-1.2913 2.0510 -0.0400
-2.9368 0.8369 -0.0400
-2.9475 0.7289 -0.0400
-2.9674 0.6310 -0.0400
-2.9682 0.5205 -0.0400
-1.0194 -1.5610 -0.0400
-1.0092 -1.6080 -0.0400
-0.9732 -1.6652 -0.0400
-0.9446 -1.7171 -0.0400
-0.9359 -1.7594 -0.0400
-0.9402 -1.7959 -0.0400
-0.9485 -1.8307 -0.0400
-0.9672 -1.8619 -0.0400
-0.9929 -1.8911 -0.0400
-0.9873 -1.9302 -0.0400
-0.9909 -1.9661 -0.0400
-1.0043 -1.9993 -0.0400
-1.0280 -2.0302 -0.0400
-1.0691 -2.0577 -0.0400
-3.2536 -2.9895 -0.0400
0.7486 -5.1537 -0.0400
0.7961 -5.1374 -0.0400
0.8425 -5.1326 -0.0400
0.8882 -5.1439 -0.0400
0.9823 -3.5873 -0.0400
0.9998 -3.5546 -0.0400
1.0177 -3.5480 -0.0400
1.0358 -3.5447 -0.0400
1.0540 -3.5443 -0.0400
1.0737 -3.5551 -0.0400
1.0940 -3.5681 -0.0400
2.1177 -6.6643 -0.0400
2.1893 -6.6399 -0.0400
5.4486 -5.2319 -0.0400
5.5157 -5.1645 -0.0400
5.9442 -0.0779 -0.0400
3.1244 -1.2037 -0.0400
1.9052 -1.9123 -0.0400
1.8740 -1.9091 -0.0400
1.8502 -1.9019 -0.0400
1.8344 -1.8898 -0.0400
1.8167 -1.8794 -0.0400
1.8021 -1.8669 -0.0400
1.7902 -1.8526 -0.0400
1.7796 -1.8372 -0.0400
1.7721 -1.8192 -0.0400
1.7685 -1.7974 -0.0400
1.7626 -1.7773 -0.0400
1.7698 -1.7444 -0.0400
1.7741 -1.7131 -0.0400
2.0335 0.3212 -0.0400
1.9814 0.3330 -0.0400
1.9467 0.3948 -0.0400
1.9209 0.4896 -0.0400
1.8909 0.5803 -0.0400
1.3528 3.4016 -0.0400
1.2506 3.4318 -0.0400
-0.3250 2.9513 -0.0400
-0.4172 2.9155 -0.0400
-0.5297 2.9567 -0.0400
-1.1329 2.1322 -0.0400
-1.1990 2.0636 -0.0400
-1.2926 2.0536 -0.0400
-2.9226 0.8293 -0.0400
-2.9280 0.7174 -0.0400
-2.9616 0.6312 -0.0400
-2.9693 0.5262 -0.0400
-1.0111 -1.5203 -0.0400
-1.0010 -1.5678 -0.0400
-1.0079 -1.6064 -0.0400
-1.0251 -1.6401 -0.0400
-0.9534 -1.7110 -0.0400
-0.9274 -1.7602 -0.0400
-0.9351 -1.7951 -0.0400
-0.9504 -1.8271 -0.0400
-0.9712 -1.8574 -0.0400
-1.0028 -1.8846 -0.0400
-0.9899 -1.9260 -0.0400
-0.9906 -1.9626 -0.0400
-0.9999 -1.9967 -0.0400
-1.0417 -2.0229 -0.0400
-3.3462 -1.5420 -0.0400
-3.2439 -2.9775 -0.0400
-3.2018 -3.0466 -0.0400
-3.2099 -3.1218 -0.0400
-3.2509 -3.2033 -0.0400
0.6851 -5.1770 -0.0400
0.7350 -5.1423 -0.0400
0.7818 -5.1344 -0.0400
0.8279 -5.1369 -0.0400
0.8740 -5.1359 -0.0400
0.9199 -5.1626 -0.0400
0.9703 -3.5830 -0.0400
0.9884 -3.5637 -0.0400
1.0063 -3.5531 -0.0400
1.0243 -3.5471 -0.0400
1.0426 -3.5468 -0.0400
1.0616 -3.5511 -0.0400
1.0814 -3.5600 -0.0400
1.1032 -3.5799 -0.0400
2.1055 -6.6791 -0.0400
2.1789 -6.6598 -0.0400
5.4472 -5.3530 -0.0400
5.4435 -5.2417 -0.0400
5.5014 -5.1687 -0.0400
5.9434 -0.0797 -0.0400
1.9363 -1.9096 -0.0400
1.8946 -1.9117 -0.0400
1.8616 -1.9096 -0.0400
1.8414 -1.9001 -0.0400
1.8244 -1.8888 -0.0400
1.8099 -1.8760 -0.0400
1.7976 -1.8618 -0.0400
1.7867 -1.8465 -0.0400
1.7781 -1.8294 -0.0400
1.7723 -1.8097 -0.0400
1.7706 -1.7860 -0.0400
1.7656 -1.7648 -0.0400
1.7772 -1.7275 -0.0400
2.0790 0.3086 -0.0400
2.0227 0.3101 -0.0400
1.9748 0.3327 -0.0400
1.9366 0.3840 -0.0400
1.9137 0.4866 -0.0400
1.3515 3.4054 -0.0400
1.2486 3.4230 -0.0400
-0.2516 3.0721 -0.0400
-0.3231 2.9387 -0.0400
-0.4207 2.9258 -0.0400
-0.5288 2.9504 -0.0400
-1.1213 2.1048 -0.0400
-1.2055 2.0761 -0.0400
-1.3023 2.0725 -0.0400
-2.9443 0.8521 -0.0400
-2.9068 0.7038 -0.0400
-2.9385 0.6167 -0.0400
-2.9794 0.5382 -0.0400
-1.0180 -1.5156 -0.0400
-0.9913 -1.5711 -0.0400
-1.0061 -1.6057 -0.0400
-0.9485 -1.6721 -0.0400
-0.9317 -1.7183 -0.0400
-0.9273 -1.7583 -0.0400
-0.9348 -1.7932 -0.0400
-0.9459 -1.8265 -0.0400
-0.9816 -1.8514 -0.0400
-0.9848 -1.8877 -0.0400
-0.9817 -1.9256 -0.0400
-0.9874 -1.9605 -0.0400
-1.0021 -1.9929 -0.0400
-1.0274 -2.0230 -0.0400
-1.0754 -2.0484 -0.0400
-3.2141 -2.9639 -0.0400
-3.2034 -3.0363 -0.0400
-3.2160 -3.1121 -0.0400
-3.2759 -3.1964 -0.0400
-0.6693 -7.3149 -0.0400
0.7189 -5.1606 -0.0400
0.7670 -5.1381 -0.0400
0.8135 -5.1329 -0.0400
0.8593 -5.1423 -0.0400
0.9771 -3.5808 -0.0400
0.9944 -3.5534 -0.0400
1.0125 -3.5480 -0.0400
1.0307 -3.5461 -0.0400
1.0494 -3.5476 -0.0400
1.0686 -3.5528 -0.0400
2.0883 -6.6771 -0.0400
2.1608 -6.6548 -0.0400
5.4379 -5.3610 -0.0400
5.4369 -5.2510 -0.0400
5.4916 -5.1761 -0.0400
1.9766 -1.9037 -0.0400
1.9069 -1.9207 -0.0400
1.8770 -1.9158 -0.0400
1.8543 -1.9073 -0.0400
1.8353 -1.8969 -0.0400
1.8200 -1.8843 -0.0400
1.8055 -1.8714 -0.0400
1.7948 -1.8558 -0.0400
1.7860 -1.8388 -0.0400
1.7796 -1.8196 -0.0400
1.7762 -1.7976 -0.0400
1.7699 -1.7776 -0.0400
1.7751 -1.7469 -0.0400
1.8113 -1.6863 -0.0400
2.0743 0.3128 -0.0400
2.0181 0.3148 -0.0400
1.9789 0.3615 -0.0400
1.9590 0.4671 -0.0400
1.9195 0.5235 -0.0400
1.4539 3.4064 -0.0400
1.3499 3.4069 -0.0400
-0.2404 3.0136 -0.0400
-0.3258 2.9447 -0.0400
-0.4277 2.9488 -0.0400
-1.0615 2.1871 -0.0400
-1.1200 2.0993 -0.0400
-1.2044 2.0716 -0.0400
-2.9109 0.8265 -0.0400
-2.8977 0.6995 -0.0400
-2.9017 0.5905 -0.0400
-2.9536 0.5217 -0.0400
-1.0016 -1.4804 -0.0400
-0.9867 -1.5308 -0.0400
-0.9908 -1.5706 -0.0400
-1.0040 -1.6057 -0.0400
-0.9536 -1.6688 -0.0400
-0.9157 -1.7239 -0.0400
-0.9216 -1.7593 -0.0400
-0.9308 -1.7932 -0.0400
-0.9490 -1.8237 -0.0400
-0.9731 -1.8524 -0.0400
-0.9918 -1.8834 -0.0400
-0.9836 -1.9228 -0.0400
-0.9876 -1.9581 -0.0400
-1.0077 -1.9888 -0.0400
-1.0441 -2.0160 -0.0400
-3.2567 -2.8848 -0.0400
-3.2156 -2.9544 -0.0400
-3.2034 -3.0264 -0.0400
-3.2164 -3.1020 -0.0400
-0.5396 -7.1392 -0.0400
-0.4551 -7.1536 -0.0400
-0.3867 -7.2244 -0.0400
0.7986 -5.1396 -0.0400
0.8450 -5.1341 -0.0400
0.8909 -5.1539 -0.0400
0.9650 -3.5812 -0.0400
0.9829 -3.5630 -0.0400
1.0008 -3.5530 -0.0400
1.0189 -3.5477 -0.0400
1.0376 -3.5499 -0.0400
1.0571 -3.5565 -0.0400
1.0781 -3.5708 -0.0400
2.0725 -6.6808 -0.0400
2.1467 -6.6641 -0.0400
5.4159 -5.3616 -0.0400
5.4286 -5.2600 -0.0400
6.0186 -0.1571 -0.0400
1.9437 -1.9169 -0.0400
1.8953 -1.9216 -0.0400
1.8674 -1.9155 -0.0400
1.8459 -1.9062 -0.0400
1.8288 -1.8944 -0.0400
1.8147 -1.8810 -0.0400
1.8026 -1.8662 -0.0400
1.7925 -1.8500 -0.0400
1.7841 -1.8324 -0.0400
1.7812 -1.8102 -0.0400
1.7794 -1.7866 -0.0400
1.7830 -1.7577 -0.0400
1.8022 -1.7139 -0.0400
2.1172 0.2926 -0.0400
2.0607 0.2950 -0.0400
2.0124 0.3167 -0.0400
1.9725 0.3612 -0.0400
1.9528 0.4670 -0.0400
1.4541 3.4281 -0.0400
1.3478 3.4016 -0.0400
-0.2382 2.9956 -0.0400
-0.3276 2.9458 -0.0400
-0.4361 2.9772 -0.0400
-1.0589 2.1772 -0.0400
-1.1217 2.0996 -0.0400
-1.2101 2.0807 -0.0400
-2.8789 0.9198 -0.0400
-2.9073 0.8260 -0.0400
-2.8941 0.6991 -0.0400
-2.8942 0.5871 -0.0400
-2.9976 0.5589 -0.0400
-0.9947 -1.4842 -0.0400
-0.9842 -1.5321 -0.0400
-0.9893 -1.5712 -0.0400
-0.9395 -1.6354 -0.0400
-0.9218 -1.6826 -0.0400
-0.9161 -1.7232 -0.0400
-0.9207 -1.7590 -0.0400
-0.9295 -1.7928 -0.0400
-0.9551 -1.8204 -0.0400
-0.9860 -1.8467 -0.0400
-0.9745 -1.8875 -0.0400
-0.9760 -1.9235 -0.0400
-0.9849 -1.9571 -0.0400
-1.0015 -1.9885 -0.0400
-1.0291 -2.0175 -0.0400
-3.2721 -2.8772 -0.0400
-3.2201 -2.9457 -0.0400
-3.2025 -3.0170 -0.0400
-3.2768 -3.1010 -0.0400
-0.6987 -3.0319 -0.0400
-0.7030 -7.3006 -0.0400
-0.5655 -7.1615 -0.0400
-0.4710 -7.1440 -0.0400
-0.3944 -7.1853 -0.0400
0.9708 -3.5643 -0.0400
0.9888 -3.5543 -0.0400
1.0069 -3.5490 -0.0400
1.0253 -3.5475 -0.0400
1.0441 -3.5497 -0.0400
1.0639 -3.5568 -0.0400
1.9965 -6.7567 -0.0400
2.0572 -6.6876 -0.0400
2.1314 -6.6704 -0.0400
6.0306 -0.1548 -0.0400
1.9548 -1.9293 -0.0400
1.9176 -1.9265 -0.0400
1.8815 -1.9243 -0.0400
1.8566 -1.9164 -0.0400
1.8411 -1.9032 -0.0400
1.8249 -1.8908 -0.0400
1.8112 -1.8768 -0.0400
1.8006 -1.8608 -0.0400
1.7922 -1.8432 -0.0400
1.7859 -1.8237 -0.0400
1.7821 -1.8020 -0.0400
1.7815 -1.7771 -0.0400
1.7859 -1.7472 -0.0400
2.1832 0.3232 -0.0400
2.1095 0.2891 -0.0400
2.0550 0.2961 -0.0400
2.0075 0.3200 -0.0400
1.9994 0.4508 -0.0400
1.9594 0.5031 -0.0400
1.4492 3.3932 -0.0400
1.3484 3.4348 -0.0400
-0.2323 2.9591 -0.0400
-0.3304 2.9504 -0.0400
-0.4441 3.0030 -0.0400
-0.9843 2.2251 -0.0400
-1.0461 2.1425 -0.0400
-1.1231 2.0987 -0.0400
-1.2465 2.1558 -0.0400
-2.8516 0.8971 -0.0400
-2.8715 0.7968 -0.0400
-2.8921 0.6994 -0.0400
-2.8926 0.5879 -0.0400
-0.9830 -1.4913 -0.0400
-0.9790 -1.5354 -0.0400
-0.9859 -1.5734 -0.0400
-0.9330 -1.6389 -0.0400
-0.9185 -1.6843 -0.0400
-0.9142 -1.7242 -0.0400
-0.9155 -1.7611 -0.0400
-0.9316 -1.7918 -0.0400
-0.9513 -1.8213 -0.0400
-0.9813 -1.8477 -0.0400
-0.9758 -1.8863 -0.0400
-0.9728 -1.9235 -0.0400
-0.9878 -1.9550 -0.0400
-1.0123 -1.9842 -0.0400
-1.0538 -2.0097 -0.0400
-3.2358 -2.8655 -0.0400
-3.2111 -2.9362 -0.0400
-3.2138 -3.0096 -0.0400
-3.2530 -3.0886 -0.0400
-0.6977 -3.0243 -0.0400
-0.6529 -3.0401 -0.0400
-0.6359 -3.0647 -0.0400
-0.6231 -3.0906 -0.0400
-0.5715 -7.1215 -0.0400
-0.4888 -7.1415 -0.0400
-0.4202 -7.2107 -0.0400
0.9597 -3.5850 -0.0400
0.9773 -3.5651 -0.0400
0.9951 -3.5544 -0.0400
1.0132 -3.5490 -0.0400
1.0321 -3.5514 -0.0400
1.0520 -3.5588 -0.0400
1.0738 -3.5763 -0.0400
2.0427 -6.6975 -0.0400
2.1150 -6.6737 -0.0400
5.9977 -0.1737 -0.0400
1.9390 -1.9335 -0.0400
1.9065 -1.9282 -0.0400
1.8735 -1.9241 -0.0400
1.8500 -1.9153 -0.0400
1.8359 -1.9011 -0.0400
1.8208 -1.8877 -0.0400
1.8091 -1.8723 -0.0400
1.7990 -1.8558 -0.0400
1.7916 -1.8371 -0.0400
1.7874 -1.8159 -0.0400
1.7869 -1.7912 -0.0400
1.7918 -1.7613 -0.0400
1.8129 -1.7166 -0.0400
2.1635 0.2926 -0.0400
2.1019 0.2853 -0.0400
2.0492 0.2967 -0.0400
2.0173 0.3604 -0.0400
1.9955 0.4560 -0.0400
1.9564 0.5112 -0.0400
1.4485 3.4050 -0.0400
-0.1450 3.0119 -0.0400
-0.2342 2.9589 -0.0400
-0.3324 2.9506 -0.0400
-0.4479 3.0113 -0.0400
-1.0442 2.1327 -0.0400
-1.1288 2.1066 -0.0400
-2.8479 0.8950 -0.0400
-2.8373 0.7682 -0.0400
-2.8404 0.6572 -0.0400
-2.9028 0.5975 -0.0400
-0.9699 -1.4997 -0.0400
-0.9737 -1.5395 -0.0400
-0.9603 -1.5870 -0.0400
-0.9209 -1.6455 -0.0400
-0.9116 -1.6883 -0.0400
-0.9041 -1.7292 -0.0400
-0.9141 -1.7622 -0.0400
-0.9307 -1.7925 -0.0400
-0.9503 -1.8218 -0.0400
-0.9643 -1.8535 -0.0400
-0.9645 -1.8897 -0.0400
-0.9711 -1.9236 -0.0400
-0.9847 -1.9553 -0.0400
-1.0068 -1.9849 -0.0400
-3.2516 -2.8591 -0.0400
-3.2136 -2.9284 -0.0400
-3.2067 -3.0005 -0.0400
-0.6770 -3.0108 -0.0400
-0.6543 -3.0337 -0.0400
-0.6373 -3.0580 -0.0400
-0.6246 -3.0838 -0.0400
-0.6211 -3.1132 -0.0400
-0.6202 -3.1440 -0.0400
-0.6255 -3.1780 -0.0400
-0.7281 -7.2627 -0.0400
-0.5935 -7.1323 -0.0400
-0.5043 -7.1316 -0.0400
-0.4294 -7.1780 -0.0400
1.0010 -3.5502 -0.0400
1.0194 -3.5482 -0.0400
1.0384 -3.5502 -0.0400
1.0617 -3.5781 -0.0400
2.0250 -6.6969 -0.0400
2.1082 -6.7105 -0.0400
6.0074 -0.1736 -0.0400
1.9135 -1.9435 -0.0400
1.8900 -1.9334 -0.0400
1.8700 -1.9217 -0.0400
1.8467 -1.9126 -0.0400
1.8328 -1.8982 -0.0400
1.8183 -1.8843 -0.0400
1.8082 -1.8675 -0.0400
1.7989 -1.8502 -0.0400
1.7940 -1.8295 -0.0400
1.7934 -1.8051 -0.0400
1.7889 -1.7832 -0.0400
1.7996 -1.7483 -0.0400
2.1494 0.2742 -0.0400
2.0942 0.2808 -0.0400
2.0515 0.3163 -0.0400
2.0238 0.3917 -0.0400
1.9930 0.4646 -0.0400
1.9571 0.5292 -0.0400
1.5511 3.4045 -0.0400
1.4459 3.3958 -0.0400
-0.1492 3.0230 -0.0400
-0.2366 2.9600 -0.0400
-0.3501 3.0204 -0.0400
-0.9692 2.1754 -0.0400
-1.0464 2.1319 -0.0400
-1.1380 2.1221 -0.0400
-2.8401 0.8885 -0.0400
-2.8294 0.7619 -0.0400
-2.8344 0.6527 -0.0400
-2.9016 0.5974 -0.0400
-0.9853 -1.4509 -0.0400
-0.9585 -1.5079 -0.0400
-0.9684 -1.5440 -0.0400
-0.9843 -1.5770 -0.0400
-0.9065 -1.6539 -0.0400
-0.9033 -1.6935 -0.0400
-0.9014 -1.7317 -0.0400
-0.9127 -1.7639 -0.0400
-0.9311 -1.7932 -0.0400
-0.9693 -1.8156 -0.0400
-0.9609 -1.8552 -0.0400
-0.9628 -1.8906 -0.0400
-0.9699 -1.9241 -0.0400
-0.9951 -1.9522 -0.0400
-1.0299 -1.9783 -0.0400
-3.3059 -1.4392 -0.0400
-3.2862 -2.7813 -0.0400
-3.2282 -2.8498 -0.0400
-3.2107 -2.9207 -0.0400
-3.2225 -2.9948 -0.0400
-3.2917 -3.0775 -0.0400
-0.7189 -2.9873 -0.0400
-0.6812 -3.0060 -0.0400
-0.6569 -3.0282 -0.0400
-0.6391 -3.0522 -0.0400
-0.6272 -3.0780 -0.0400
-0.6225 -3.1068 -0.0400
-0.6223 -3.1376 -0.0400
-0.6289 -3.1719 -0.0400
-0.7480 -7.2662 -0.0400
-0.6129 -7.1351 -0.0400
-0.5242 -7.1368 -0.0400
-0.4624 -7.2292 -0.0400
0.6609 -5.1479 -0.0400
0.7086 -5.1326 -0.0400
1.0461 -3.5583 -0.0400
1.0682 -3.5754 -0.0400
1.9499 -6.7807 -0.0400
2.0092 -6.7036 -0.0400
2.0858 -6.6942 -0.0400
6.0669 -0.2602 -0.0400
6.0340 -0.1665 -0.0400
1.9586 -1.9401 -0.0400
1.9176 -1.9380 -0.0400
1.8801 -1.9354 -0.0400
1.8617 -1.9228 -0.0400
1.8417 -1.9116 -0.0400
1.8288 -1.8964 -0.0400
1.8168 -1.8807 -0.0400
1.8074 -1.8633 -0.0400
1.7987 -1.8453 -0.0400
1.7958 -1.8228 -0.0400
1.7989 -1.7954 -0.0400
1.7974 -1.7707 -0.0400
1.8283 -1.7187 -0.0400
2.1391 0.2634 -0.0400
2.0884 0.2802 -0.0400
2.0435 0.3105 -0.0400
2.0355 0.4353 -0.0400
1.9942 0.4822 -0.0400
1.5470 3.3824 -0.0400
1.4496 3.4527 -0.0400
-0.0586 3.0644 -0.0400
-0.1438 2.9826 -0.0400
-0.2392 2.9620 -0.0400
-0.3471 2.9974 -0.0400
-0.9083 2.2562 -0.0400
-0.9696 2.1696 -0.0400
-1.0496 2.1332 -0.0400
-1.1468 2.1363 -0.0400
-2.8261 0.8758 -0.0400
-2.8043 0.7399 -0.0400
-2.8272 0.6467 -0.0400
-0.9752 -1.4593 -0.0400
-0.9575 -1.5111 -0.0400
-0.9675 -1.5470 -0.0400
-0.9215 -1.6102 -0.0400
-0.8917 -1.6632 -0.0400
-0.8932 -1.7001 -0.0400
-0.9020 -1.7333 -0.0400
-0.9146 -1.7648 -0.0400
-0.9328 -1.7941 -0.0400
-0.9609 -1.8199 -0.0400
-0.9565 -1.8578 -0.0400
-0.9603 -1.8924 -0.0400
-0.9737 -1.9237 -0.0400
-0.9959 -1.9525 -0.0400
-1.0308 -1.9784 -0.0400
-3.2984 -1.4376 -0.0400
-3.2426 -2.8444 -0.0400
-3.2114 -2.9139 -0.0400
-3.2536 -2.9914 -0.0400
-0.7349 -2.9868 -0.0400
-0.6884 -3.0028 -0.0400
-0.6611 -3.0239 -0.0400
-0.6373 -3.0455 -0.0400
-0.6279 -3.0721 -0.0400
-0.6226 -3.1003 -0.0400
-0.6220 -3.1308 -0.0400
-0.6637 -3.1803 -0.0400
-0.7638 -7.2581 -0.0400
-0.6163 -7.0896 -0.0400
-0.5388 -7.1250 -0.0400
-0.4719 -7.1987 -0.0400
0.6437 -5.1765 -0.0400
0.6934 -5.1406 -0.0400
0.7401 -5.1340 -0.0400
0.7863 -5.1338 -0.0400
0.8319 -5.1644 -0.0400
1.9927 -6.7083 -0.0400
2.0824 -6.7446 -0.0400
2.7781 -4.6950 -0.0400
6.0719 -0.2637 -0.0400
1.9423 -1.9461 -0.0400
1.9084 -1.9403 -0.0400
1.8739 -1.9359 -0.0400
1.8565 -1.9226 -0.0400
1.8417 -1.9081 -0.0400
1.8267 -1.8940 -0.0400
1.8161 -1.8772 -0.0400
1.8092 -1.8579 -0.0400
1.8021 -1.8384 -0.0400
1.7962 -1.8179 -0.0400
1.8019 -1.7882 -0.0400
1.8032 -1.7610 -0.0400
2.1897 0.2567 -0.0400
2.1343 0.2643 -0.0400
2.0874 0.2899 -0.0400
2.0480 0.3339 -0.0400
2.0379 0.4542 -0.0400
2.0056 0.5263 -0.0400
1.6554 3.4237 -0.0400
1.5454 3.3825 -0.0400
1.4460 3.4310 -0.0400
-0.0724 3.1339 -0.0400
-0.1477 2.9908 -0.0400
-0.2484 2.9956 -0.0400
-0.9110 2.2557 -0.0400
-0.9718 2.1678 -0.0400
-1.0526 2.1333 -0.0400
-2.8064 0.9772 -0.0400
-2.7913 0.8435 -0.0400
-2.8131 0.7470 -0.0400
-2.8279 0.6468 -0.0400
-0.9674 -1.4244 -0.0400
-0.9594 -1.4716 -0.0400
-0.9543 -1.5161 -0.0400
-0.9684 -1.5495 -0.0400
-0.9127 -1.6176 -0.0400
-0.8898 -1.6669 -0.0400
-0.8878 -1.7052 -0.0400
-0.8988 -1.7371 -0.0400
-0.9180 -1.7656 -0.0400
-0.9400 -1.7933 -0.0400
-0.9669 -1.8195 -0.0400
-0.9511 -1.8614 -0.0400
-0.9570 -1.8949 -0.0400
-0.9760 -1.9242 -0.0400
-1.0004 -1.9523 -0.0400
-1.0376 -1.9774 -0.0400
-3.2716 -2.7678 -0.0400
-3.2235 -2.8367 -0.0400
-3.2107 -2.9076 -0.0400
-3.2287 -2.9819 -0.0400
-0.7075 -2.9737 -0.0400
-0.6755 -2.9937 -0.0400
-0.6542 -3.0163 -0.0400
-0.6389 -3.0407 -0.0400
-0.6283 -3.0666 -0.0400
-0.6220 -3.0942 -0.0400
-0.6366 -3.1308 -0.0400
-0.6556 -3.1703 -0.0400
-4.1584 -5.0346 -0.0400
-2.0673 -4.2476 -0.0400
-2.0355 -4.2981 -0.0400
-0.7751 -7.2379 -0.0400
-0.6318 -7.0818 -0.0400
-0.5544 -7.1174 -0.0400
-0.4864 -7.1866 -0.0400
0.6312 -5.1524 -0.0400
0.6794 -5.1324 -0.0400
0.7257 -5.1316 -0.0400
0.7718 -5.1316 -0.0400
0.8177 -5.1394 -0.0400
1.9766 -6.7146 -0.0400
2.0531 -6.7047 -0.0400
2.7802 -4.7979 -0.0400
2.7740 -4.7108 -0.0400
2.7636 -4.6226 -0.0400
2.7936 -4.5816 -0.0400
2.8383 -4.5562 -0.0400
6.0677 -0.2719 -0.0400
1.9364 -1.9473 -0.0400
1.8904 -1.9478 -0.0400
1.8708 -1.9352 -0.0400
1.8540 -1.9215 -0.0400
1.8396 -1.9066 -0.0400
1.8260 -1.8914 -0.0400
1.8162 -1.8738 -0.0400
1.8076 -1.8554 -0.0400
1.8063 -1.8317 -0.0400
1.8026 -1.8092 -0.0400
1.8168 -1.7727 -0.0400
1.8310 -1.7346 -0.0400
2.1816 0.2497 -0.0400
2.1283 0.2618 -0.0400
2.0849 0.2954 -0.0400
2.0770 0.4149 -0.0400
2.0338 0.4561 -0.0400
1.6540 3.4224 -0.0400
1.5440 3.3829 -0.0400
-0.0561 3.0222 -0.0400
-0.1471 2.9750 -0.0400
-0.2471 2.9778 -0.0400
-0.9198 2.2713 -0.0400
-0.9734 2.1640 -0.0400
-1.0725 2.1742 -0.0400
-2.7833 0.9541 -0.0400
-2.7735 0.8260 -0.0400
-2.7748 0.7120 -0.0400
-2.8325 0.6497 -0.0400
-0.9584 -1.4338 -0.0400
-0.9440 -1.4843 -0.0400
-0.9509 -1.5216 -0.0400
-0.9035 -1.5869 -0.0400
-0.8962 -1.6293 -0.0400
-0.8831 -1.6735 -0.0400
-0.8861 -1.7091 -0.0400
-0.8980 -1.7405 -0.0400
-0.9179 -1.7685 -0.0400
-0.9531 -1.7907 -0.0400
-0.9504 -1.8281 -0.0400
-0.9465 -1.8652 -0.0400
-0.9574 -1.8969 -0.0400
-0.9717 -1.9274 -0.0400
-1.0119 -1.9505 -0.0400
-1.0667 -1.9708 -0.0400
-3.3108 -2.7650 -0.0400
-3.2159 -2.8306 -0.0400
-3.2212 -2.9030 -0.0400
-3.2667 -2.9804 -0.0400
-0.7239 -2.9744 -0.0400
-0.6837 -2.9919 -0.0400
-0.6588 -3.0133 -0.0400
-0.6383 -3.0358 -0.0400
-0.6309 -3.0626 -0.0400
-0.6282 -3.0915 -0.0400
-0.6317 -3.1232 -0.0400
-0.6455 -3.1601 -0.0400
-4.1686 -5.0265 -0.0400
-2.1318 -4.2051 -0.0400
-2.0696 -4.2383 -0.0400
-2.0428 -4.2917 -0.0400
-0.7499 -7.1137 -0.0400
-0.6518 -7.0888 -0.0400
-0.5712 -7.1144 -0.0400
-0.5065 -7.1945 -0.0400
0.6146 -5.1766 -0.0400
0.6644 -5.1395 -0.0400
0.7110 -5.1344 -0.0400
0.7573 -5.1305 -0.0400
0.8030 -5.1501 -0.0400
0.9304 -3.6013 -0.0400
0.9475 -3.5741 -0.0400
2.7566 -4.7116 -0.0400
2.7610 -4.6399 -0.0400
2.7844 -4.5914 -0.0400
2.8268 -4.5635 -0.0400
4.0974 -5.7681 -0.0400
4.1883 -5.7439 -0.0400
6.0581 -0.2829 -0.0400
1.9459 -1.9653 -0.0400
1.9132 -1.9579 -0.0400
1.8895 -1.9468 -0.0400
1.8696 -1.9342 -0.0400
1.8529 -1.9202 -0.0400
1.8366 -1.9062 -0.0400
1.8260 -1.8889 -0.0400
1.8167 -1.8708 -0.0400
1.8089 -1.8516 -0.0400
1.8105 -1.8256 -0.0400
1.8089 -1.8012 -0.0400
1.8113 -1.7732 -0.0400
2.2364 0.2481 -0.0400
2.1782 0.2517 -0.0400
2.1246 0.2635 -0.0400
2.0865 0.3094 -0.0400
2.0760 0.4231 -0.0400
2.0340 0.4679 -0.0400
1.6504 3.4049 -0.0400
1.5473 3.4217 -0.0400
-0.0539 2.9942 -0.0400
-0.1511 2.9839 -0.0400
-0.2628 3.0450 -0.0400
-0.8983 2.2050 -0.0400
-0.9755 2.1611 -0.0400
-1.0710 2.1628 -0.0400
-2.7610 0.9312 -0.0400
-2.7703 0.8214 -0.0400
-2.7792 0.7143 -0.0400
-2.8691 0.6796 -0.0400
-0.9414 -1.4484 -0.0400
-0.9396 -1.4912 -0.0400
-0.9513 -1.5257 -0.0400
-0.8960 -1.5950 -0.0400
-0.8791 -1.6419 -0.0400
-0.8756 -1.6810 -0.0400
-0.8847 -1.7135 -0.0400
-0.8982 -1.7440 -0.0400
-0.9198 -1.7710 -0.0400
-0.9492 -1.7954 -0.0400
-0.9461 -1.8326 -0.0400
-0.9455 -1.8684 -0.0400
-0.9604 -1.8985 -0.0400
-0.9797 -1.9273 -0.0400
-1.0383 -1.9449 -0.0400
-3.2717 -1.3601 -0.0400
-3.2521 -2.7565 -0.0400
-3.2177 -2.8258 -0.0400
-3.2126 -2.8970 -0.0400
-3.2383 -2.9718 -0.0400
-0.7658 -2.9527 -0.0400
-0.7031 -2.9646 -0.0400
-0.6734 -2.9849 -0.0400
-0.6534 -3.0076 -0.0400
-0.6393 -3.0319 -0.0400
-0.6300 -3.0579 -0.0400
-0.6252 -3.0857 -0.0400
-0.6465 -3.1245 -0.0400
-0.6856 -3.1724 -0.0400
-4.1939 -5.0265 -0.0400
-4.1406 -5.1100 -0.0400
-2.1412 -4.2007 -0.0400
-2.0747 -4.2312 -0.0400
-2.0462 -4.2834 -0.0400
-0.9178 -7.2739 -0.0400
-0.8027 -7.2144 -0.0400
-0.6619 -7.0667 -0.0400
-0.5826 -7.0947 -0.0400
0.6030 -5.1459 -0.0400
0.6508 -5.1287 -0.0400
0.6970 -5.1287 -0.0400
0.7430 -5.1299 -0.0400
0.7889 -5.1356 -0.0400
0.9376 -3.6031 -0.0400
0.9529 -3.5625 -0.0400
0.9707 -3.5549 -0.0400
0.9889 -3.5514 -0.0400
2.7672 -4.7453 -0.0400
2.7477 -4.6458 -0.0400
2.7755 -4.6020 -0.0400
2.8239 -4.5802 -0.0400
2.8923 -4.5777 -0.0400
6.1032 -0.3792 -0.0400
1.9512 -1.9623 -0.0400
1.9156 -1.9561 -0.0400
1.8907 -1.9453 -0.0400
1.8632 -1.9366 -0.0400
1.8492 -1.9210 -0.0400
1.8367 -1.9046 -0.0400
1.8263 -1.8870 -0.0400
1.8173 -1.8684 -0.0400
1.8163 -1.8443 -0.0400
1.8136 -1.8209 -0.0400
1.8140 -1.7948 -0.0400
1.8205 -1.7634 -0.0400
2.2262 0.2355 -0.0400
2.1692 0.2414 -0.0400
2.1254 0.2739 -0.0400
2.1034 0.3568 -0.0400
2.0715 0.4222 -0.0400
2.0437 0.5021 -0.0400
1.6449 3.3717 -0.0400
0.0282 3.0925 -0.0400
-0.0572 3.0004 -0.0400
-0.1522 2.9770 -0.0400
-0.2577 3.0078 -0.0400
-0.8960 2.1897 -0.0400
-0.9869 2.1818 -0.0400
-2.7330 1.0238 -0.0400
-2.7504 0.9189 -0.0400
-2.7443 0.7952 -0.0400
-2.7777 0.7108 -0.0400
-0.9646 -1.3968 -0.0400
-0.9370 -1.4562 -0.0400
-0.9351 -1.4988 -0.0400
-0.9062 -1.5552 -0.0400
-0.8791 -1.6086 -0.0400
-0.8718 -1.6501 -0.0400
-0.8740 -1.6862 -0.0400
-0.8843 -1.7179 -0.0400
-0.9025 -1.7461 -0.0400
-0.9300 -1.7706 -0.0400
-0.9374 -1.8037 -0.0400
-0.9404 -1.8382 -0.0400
-0.9447 -1.8720 -0.0400
-0.9625 -1.9008 -0.0400
-0.9827 -1.9293 -0.0400
-1.0420 -1.9464 -0.0400
-3.2264 -2.7508 -0.0400
-3.2144 -2.8213 -0.0400
-3.2302 -2.8942 -0.0400
-3.3045 -2.9745 -0.0400
-0.7177 -2.9660 -0.0400
-0.6810 -2.9841 -0.0400
-0.6498 -3.0030 -0.0400
-0.6389 -3.0282 -0.0400
-0.6326 -3.0551 -0.0400
-0.6314 -3.0841 -0.0400
-0.6372 -3.1164 -0.0400
-0.6565 -3.1552 -0.0400
-4.1683 -5.0017 -0.0400
-2.0836 -4.2270 -0.0400
-0.6766 -7.0594 -0.0400
-0.6016 -7.1008 -0.0400
-0.5365 -7.1782 -0.0400
0.5881 -5.1538 -0.0400
0.6365 -5.1316 -0.0400
0.6829 -5.1264 -0.0400
0.7288 -5.1288 -0.0400
0.7743 -5.1492 -0.0400
0.9254 -3.6043 -0.0400
0.9420 -3.5762 -0.0400
0.9593 -3.5623 -0.0400
0.9770 -3.5542 -0.0400
0.9955 -3.5530 -0.0400
1.0151 -3.5576 -0.0400
1.0364 -3.5697 -0.0400
2.7246 -4.7899 -0.0400
2.7039 -4.6863 -0.0400
2.7330 -4.6434 -0.0400
2.7727 -4.6125 -0.0400
4.0257 -5.8492 -0.0400
1.9850 -1.9953 -0.0400
1.9427 -1.9905 -0.0400
1.9163 -1.9794 -0.0400
1.8952 -1.9664 -0.0400
1.8777 -1.9520 -0.0400
1.8633 -1.9362 -0.0400
1.8508 -1.9195 -0.0400
1.8426 -1.9004 -0.0400
1.8362 -1.8799 -0.0400
1.8320 -1.8579 -0.0400
1.8304 -1.8337 -0.0400
1.8327 -1.8063 -0.0400
2.2715 0.2104 -0.0400
2.2162 0.2204 -0.0400
2.1782 0.2648 -0.0400
2.1691 0.3733 -0.0400
2.1345 0.4324 -0.0400
1.8573 3.3833 -0.0400
1.7472 3.3570 -0.0400
0.1337 3.0361 -0.0400
0.0392 3.0058 -0.0400
-0.0624 3.0233 -0.0400
-0.7470 2.2908 -0.0400
-0.8162 2.2205 -0.0400
-0.9021 2.2003 -0.0400
-2.6631 1.0761 -0.0400
-2.6619 0.9516 -0.0400
-2.6910 0.8604 -0.0400
-2.7353 0.7852 -0.0400
-0.9191 -1.3860 -0.0400
-0.9076 -1.4358 -0.0400
-0.9165 -1.4721 -0.0400
-0.8751 -1.5366 -0.0400
-0.8550 -1.5867 -0.0400
-0.8440 -1.6305 -0.0400
-0.8543 -1.6623 -0.0400
-0.8679 -1.6923 -0.0400
-0.8885 -1.7191 -0.0400
-0.9188 -1.7420 -0.0400
-0.9184 -1.7783 -0.0400
-0.9201 -1.8133 -0.0400
-0.9315 -1.8442 -0.0400
-0.9544 -1.8710 -0.0400
-0.9775 -1.8981 -0.0400
-3.1914 -1.2276 -0.0400
-3.2771 -2.6073 -0.0400
-3.2291 -2.6773 -0.0400
-3.2145 -2.7476 -0.0400
-3.2244 -2.8195 -0.0400
-0.7507 -2.9145 -0.0400
-0.7023 -2.9308 -0.0400
-0.6755 -2.9519 -0.0400
-0.6570 -2.9748 -0.0400
-0.6442 -2.9993 -0.0400
-0.6362 -3.0253 -0.0400
-0.6457 -3.0578 -0.0400
-0.6588 -3.0925 -0.0400
-4.2108 -4.9062 -0.0400
-2.1518 -4.1236 -0.0400
-2.1022 -4.1637 -0.0400
0.5324 -5.1508 -0.0400
0.5813 -5.1270 -0.0400
0.6277 -5.1245 -0.0400
0.6738 -5.1232 -0.0400
0.7191 -5.1363 -0.0400
0.9151 -3.5775 -0.0400
0.9327 -3.5644 -0.0400
0.9505 -3.5568 -0.0400
0.9687 -3.5532 -0.0400
0.9873 -3.5532 -0.0400
1.0068 -3.5576 -0.0400
1.7914 -6.7961 -0.0400
2.6921 -4.7734 -0.0400
2.6959 -4.6989 -0.0400
2.7233 -4.6539 -0.0400
2.7626 -4.6224 -0.0400
4.0185 -5.8659 -0.0400
5.2107 -5.6234 -0.0400
6.1460 -0.4837 -0.0400
2.0100 -1.9853 -0.0400
1.9523 -1.9869 -0.0400
1.9222 -1.9772 -0.0400
1.8899 -1.9695 -0.0400
1.8750 -1.9536 -0.0400
1.8621 -1.9368 -0.0400
1.8515 -1.9188 -0.0400
1.8428 -1.8997 -0.0400
1.8363 -1.8792 -0.0400
1.8319 -1.8571 -0.0400
1.8455 -1.8225 -0.0400
1.8581 -1.7874 -0.0400
2.3320 0.2136 -0.0400
2.2645 0.2028 -0.0400
2.2153 0.2248 -0.0400
2.1785 0.2722 -0.0400
2.1671 0.3758 -0.0400
2.1315 0.4330 -0.0400
1.8498 3.3428 -0.0400
1.7478 3.3636 -0.0400
0.1309 3.0414 -0.0400
0.0372 3.0050 -0.0400
-0.0629 3.0133 -0.0400
-0.6760 2.3501 -0.0400
-0.7377 2.2524 -0.0400
-0.8201 2.2221 -0.0400
-0.9230 2.2484 -0.0400
-2.6676 1.0776 -0.0400
-2.6608 0.9473 -0.0400
-2.6682 0.8354 -0.0400
-0.8995 -1.4049 -0.0400
-0.9020 -1.4455 -0.0400
-0.8728 -1.5041 -0.0400
-0.8600 -1.5512 -0.0400
-0.8464 -1.5972 -0.0400
-0.8455 -1.6353 -0.0400
-0.8556 -1.6671 -0.0400
-0.8707 -1.6962 -0.0400
-0.8986 -1.7195 -0.0400
-0.9158 -1.7481 -0.0400
-0.9122 -1.7856 -0.0400
-0.9183 -1.8185 -0.0400
-0.9325 -1.8481 -0.0400
-0.9576 -1.8739 -0.0400
-1.0002 -1.8943 -0.0400
-3.2084 -1.2222 -0.0400
-3.2754 -2.6044 -0.0400
-3.2287 -2.6743 -0.0400
-3.2254 -2.7451 -0.0400
-3.2659 -2.8192 -0.0400
-0.6884 -2.9252 -0.0400
-0.6677 -2.9477 -0.0400
-0.6534 -2.9716 -0.0400
-0.6439 -2.9969 -0.0400
-0.6390 -3.0237 -0.0400
-0.6392 -3.0526 -0.0400
-0.6471 -3.0849 -0.0400
-0.6716 -3.1248 -0.0400
-4.2887 -4.8240 -0.0400
-4.2370 -4.9080 -0.0400
-2.1679 -4.1245 -0.0400
-2.1059 -4.1578 -0.0400
0.5193 -5.1446 -0.0400
0.5678 -5.1242 -0.0400
0.6141 -5.1216 -0.0400
0.6600 -5.1220 -0.0400
0.7054 -5.1316 -0.0400
0.9047 -3.5976 -0.0400
0.9217 -3.5755 -0.0400
0.9391 -3.5630 -0.0400
0.9567 -3.5545 -0.0400
0.9753 -3.5547 -0.0400
0.9947 -3.5590 -0.0400
1.0157 -3.5701 -0.0400
1.8414 -6.7491 -0.0400
2.6886 -4.7921 -0.0400
2.6918 -4.7164 -0.0400
2.7144 -4.6655 -0.0400
2.7633 -4.6444 -0.0400
4.0075 -5.8788 -0.0400
5.2142 -5.6469 -0.0400
5.2488 -5.5560 -0.0400
5.3426 -5.5051 -0.0400
6.1705 -0.4838 -0.0400
1.9763 -2.0019 -0.0400
1.9395 -1.9943 -0.0400
1.9145 -1.9822 -0.0400
1.8940 -1.9685 -0.0400
1.8777 -1.9530 -0.0400
1.8640 -1.9364 -0.0400
1.8537 -1.9180 -0.0400
1.8470 -1.8975 -0.0400
1.8425 -1.8754 -0.0400
1.8410 -1.8510 -0.0400
1.8436 -1.8234 -0.0400
1.8551 -1.7889 -0.0400
2.3291 0.2124 -0.0400
2.2621 0.2030 -0.0400
2.2160 0.2314 -0.0400
2.1889 0.2990 -0.0400
2.1723 0.3927 -0.0400
2.1630 0.5095 -0.0400
1.8494 3.3412 -0.0400
0.1289 3.0421 -0.0400
0.0325 3.0239 -0.0400
-0.0840 3.1343 -0.0400
-0.7434 2.2598 -0.0400
-0.8218 2.2175 -0.0400
-2.6066 1.0111 -0.0400
-2.6331 0.9163 -0.0400
-2.6673 0.8311 -0.0400
-2.7648 0.8064 -0.0400
-0.9123 -1.3602 -0.0400
-0.8930 -1.4159 -0.0400
-0.9032 -1.4513 -0.0400
-0.8728 -1.5106 -0.0400
-0.8410 -1.5684 -0.0400
-0.8352 -1.6096 -0.0400
-0.8435 -1.6424 -0.0400
-0.8568 -1.6724 -0.0400
-0.8762 -1.6993 -0.0400
-0.9033 -1.7228 -0.0400
-0.9126 -1.7548 -0.0400
-0.9115 -1.7910 -0.0400
-0.9197 -1.8229 -0.0400
-0.9389 -1.8505 -0.0400
-0.9673 -1.8750 -0.0400
-1.0241 -1.8905 -0.0400
-3.2170 -1.2200 -0.0400
-3.2627 -2.6018 -0.0400
-3.2157 -2.6713 -0.0400
-3.2254 -2.7424 -0.0400
-3.2651 -2.8163 -0.0400
-0.7303 -2.9067 -0.0400
-0.6938 -2.9256 -0.0400
-0.6707 -2.9472 -0.0400
-0.6544 -2.9704 -0.0400
-0.6450 -2.9955 -0.0400
-0.6436 -3.0234 -0.0400
-0.6481 -3.0538 -0.0400
-0.6633 -3.0888 -0.0400
-4.2139 -4.8871 -0.0400
-2.1470 -4.1062 -0.0400
-2.1101 -4.1528 -0.0400
0.5016 -5.1814 -0.0400
0.5549 -5.1187 -0.0400
0.6010 -5.1164 -0.0400
0.6465 -5.1202 -0.0400
0.6917 -5.1305 -0.0400
0.9097 -3.5742 -0.0400
0.9271 -3.5632 -0.0400
0.9449 -3.5566 -0.0400
0.9630 -3.5534 -0.0400
0.9816 -3.5536 -0.0400
1.0038 -3.5723 -0.0400
1.7585 -6.8068 -0.0400
1.8240 -6.7501 -0.0400
1.9033 -6.7527 -0.0400
2.7294 -4.7907 -0.0400
2.7042 -4.6834 -0.0400
2.7355 -4.6429 -0.0400
2.7801 -4.6168 -0.0400
2.8478 -4.6137 -0.0400
5.2352 -5.5748 -0.0400
5.2874 -5.4962 -0.0400
6.1193 -0.4096 -0.0400
1.9880 -1.9750 -0.0400
1.9191 -1.9827 -0.0400
1.8968 -1.9695 -0.0400
1.8784 -1.9548 -0.0400
1.8637 -1.9384 -0.0400
1.8511 -1.9211 -0.0400
1.8409 -1.9024 -0.0400
1.8328 -1.8824 -0.0400
1.8270 -1.8608 -0.0400
1.8377 -1.8279 -0.0400
1.8463 -1.7953 -0.0400
2.3399 0.2359 -0.0400
2.2687 0.2201 -0.0400
2.2105 0.2261 -0.0400
2.1722 0.2708 -0.0400
2.1415 0.3336 -0.0400
2.1221 0.4250 -0.0400
1.7463 3.3542 -0.0400
0.1156 3.1340 -0.0400
0.0330 3.0033 -0.0400
-0.0669 3.0103 -0.0400
-0.1879 3.1341 -0.0400
-0.7504 2.2682 -0.0400
-0.8252 2.2146 -0.0400
-0.9156 2.2069 -0.0400
-2.6717 1.0734 -0.0400
-2.6703 0.9483 -0.0400
-2.6831 0.8412 -0.0400
-2.7324 0.7714 -0.0400
-0.9070 -1.4165 -0.0400
-0.9146 -1.4536 -0.0400
-0.9275 -1.4870 -0.0400
-0.8733 -1.5589 -0.0400
-0.8524 -1.6091 -0.0400
-0.8518 -1.6468 -0.0400
-0.8638 -1.6773 -0.0400
-0.8796 -1.7059 -0.0400
-0.9044 -1.7303 -0.0400
-0.9208 -1.7589 -0.0400
-0.9224 -1.7939 -0.0400
-0.9249 -1.8281 -0.0400
-0.9366 -1.8584 -0.0400
-0.9569 -1.8856 -0.0400
-0.9898 -1.9088 -0.0400
-3.1897 -1.2303 -0.0400
-3.3145 -2.6005 -0.0400
-3.2452 -2.6699 -0.0400
-3.2158 -2.7392 -0.0400
-3.2294 -2.8107 -0.0400
-3.2758 -2.8857 -0.0400
-0.7012 -2.9270 -0.0400
-0.6764 -2.9481 -0.0400
-0.6589 -2.9707 -0.0400
-0.6464 -2.9947 -0.0400
-0.6382 -3.0200 -0.0400
-0.6344 -3.0468 -0.0400
-0.6358 -3.0760 -0.0400
-0.6896 -3.1268 -0.0400
-4.2445 -4.8893 -0.0400
-2.1400 -4.1608 -0.0400
-2.1417 -4.2298 -0.0400
0.5343 -5.1492 -0.0400
0.5824 -5.1277 -0.0400
0.6288 -5.1192 -0.0400
0.6741 -5.1261 -0.0400
0.7194 -5.1369 -0.0400
0.8988 -3.6246 -0.0400
0.9139 -3.5851 -0.0400
0.9308 -3.5700 -0.0400
0.9480 -3.5601 -0.0400
0.9656 -3.5540 -0.0400
0.9843 -3.5544 -0.0400
1.0039 -3.5588 -0.0400
1.0254 -3.5703 -0.0400
1.8766 -6.7401 -0.0400
2.6661 -4.8117 -0.0400
2.6684 -4.7345 -0.0400
2.6924 -4.6849 -0.0400
2.7317 -4.6532 -0.0400
4.0138 -5.9357 -0.0400
5.2137 -5.6899 -0.0400
5.2401 -5.5924 -0.0400
1.9757 -2.0076 -0.0400
1.9407 -1.9987 -0.0400
1.9162 -1.9858 -0.0400
1.8962 -1.9714 -0.0400
1.8767 -1.9571 -0.0400
1.8660 -1.9385 -0.0400
1.8576 -1.9186 -0.0400
1.8515 -1.8972 -0.0400
1.8483 -1.8738 -0.0400
1.8486 -1.8478 -0.0400
1.8549 -1.8172 -0.0400
1.8787 -1.7735 -0.0400
2.3850 0.2044 -0.0400
2.3160 0.1944 -0.0400
2.2606 0.2067 -0.0400
2.2313 0.2684 -0.0400
2.2150 0.3598 -0.0400
2.1874 0.4331 -0.0400
1.9543 3.3298 -0.0400
1.8532 3.3577 -0.0400
0.2248 3.0370 -0.0400
0.1285 3.0181 -0.0400
0.0274 3.0355 -0.0400
-0.6709 2.3029 -0.0400
-0.7445 2.2434 -0.0400
-2.6095 1.1320 -0.0400
-2.6101 1.0067 -0.0400
-2.6231 0.8981 -0.0400
-0.8925 -1.3452 -0.0400
-0.8766 -1.3993 -0.0400
-0.8910 -1.4319 -0.0400
-0.8753 -1.4832 -0.0400
-0.8281 -1.5517 -0.0400
-0.8309 -1.5883 -0.0400
-0.8343 -1.6239 -0.0400
-0.8475 -1.6536 -0.0400
-0.8680 -1.6796 -0.0400
-0.9008 -1.6999 -0.0400
-0.9051 -1.7342 -0.0400
-0.9016 -1.7716 -0.0400
-0.9111 -1.8028 -0.0400
-0.9312 -1.8295 -0.0400
-0.9523 -1.8562 -0.0400
-0.9976 -1.8744 -0.0400
-3.1651 -1.1623 -0.0400
-3.2588 -2.5278 -0.0400
-3.2260 -2.5980 -0.0400
-3.2135 -2.6679 -0.0400
-3.2447 -2.7398 -0.0400
-3.3355 -2.8171 -0.0400
-0.7468 -2.8822 -0.0400
-0.7057 -2.9004 -0.0400
-0.6808 -2.9216 -0.0400
-0.6633 -2.9443 -0.0400
-0.6500 -2.9679 -0.0400
-0.6459 -2.9943 -0.0400
-0.6465 -3.0224 -0.0400
-0.6539 -3.0535 -0.0400
-0.6748 -3.0903 -0.0400
-4.2623 -4.7850 -0.0400
-2.2237 -4.0679 -0.0400
-2.1447 -4.0928 -0.0400
-2.1175 -4.1443 -0.0400
0.5751 -5.1113 -0.0400
0.6203 -5.1169 -0.0400
0.6654 -5.1239 -0.0400
0.8887 -3.5986 -0.0400
0.9054 -3.5781 -0.0400
0.9218 -3.5606 -0.0400
0.9396 -3.5560 -0.0400
0.9578 -3.5543 -0.0400
0.9765 -3.5555 -0.0400
0.9998 -3.5783 -0.0400
1.7205 -6.7921 -0.0400
1.7903 -6.7553 -0.0400
1.8719 -6.7675 -0.0400
2.7151 -4.8204 -0.0400
2.6837 -4.7050 -0.0400
2.7144 -4.6636 -0.0400
2.7598 -4.6383 -0.0400
2.8351 -4.6431 -0.0400
5.2523 -5.6299 -0.0400
5.2889 -5.5399 -0.0400
6.1911 -0.5121 -0.0400
1.9491 -1.9995 -0.0400
1.9216 -1.9876 -0.0400
1.8998 -1.9737 -0.0400
1.8817 -1.9584 -0.0400
1.8672 -1.9415 -0.0400
1.8547 -1.9236 -0.0400
1.8448 -1.9043 -0.0400
1.8436 -1.8796 -0.0400
1.8422 -1.8545 -0.0400
1.8453 -1.8259 -0.0400
1.8590 -1.7893 -0.0400
2.3162 0.1964 -0.0400
2.2601 0.2079 -0.0400
2.2110 0.2316 -0.0400
2.1849 0.3016 -0.0400
2.1643 0.3875 -0.0400
2.1514 0.4959 -0.0400
1.8508 3.3374 -0.0400
0.1238 3.0429 -0.0400
0.0289 3.0112 -0.0400
-0.0755 3.0464 -0.0400
-0.7481 2.2421 -0.0400
-0.8343 2.2231 -0.0400
-0.9456 2.2732 -0.0400
-2.6759 1.0694 -0.0400
-2.6290 0.8982 -0.0400
-2.6803 0.8301 -0.0400
-0.9178 -1.3383 -0.0400
-0.8999 -1.3943 -0.0400
-0.9042 -1.4339 -0.0400
-0.9161 -1.4680 -0.0400
-0.8567 -1.5448 -0.0400
-0.8355 -1.5958 -0.0400
-0.8438 -1.6285 -0.0400
-0.8550 -1.6594 -0.0400
-0.8716 -1.6873 -0.0400
-0.8900 -1.7144 -0.0400
-0.9162 -1.7380 -0.0400
-0.9149 -1.7744 -0.0400
-0.9159 -1.8093 -0.0400
-0.9306 -1.8381 -0.0400
-0.9488 -1.8657 -0.0400
-0.9880 -1.8858 -0.0400
-3.1615 -1.1663 -0.0400
-3.2509 -1.2138 -0.0400
-3.2617 -2.5978 -0.0400
-3.2161 -2.6670 -0.0400
-3.2160 -2.7370 -0.0400
-3.2810 -2.8116 -0.0400
-0.7369 -2.9093 -0.0400
-0.6996 -2.9276 -0.0400
-0.6655 -2.9457 -0.0400
-0.6529 -2.9693 -0.0400
-0.6442 -2.9940 -0.0400
-0.6392 -3.0199 -0.0400
-0.6383 -3.0475 -0.0400
-0.6685 -3.0873 -0.0400
-4.2274 -4.8650 -0.0400
-2.1647 -4.0968 -0.0400
-2.1158 -4.1364 -0.0400
0.8940 -3.6132 -0.0400
0.9096 -3.5848 -0.0400
0.9253 -3.5635 -0.0400
0.9427 -3.5572 -0.0400
0.9605 -3.5535 -0.0400
0.9799 -3.5580 -0.0400
1.0001 -3.5648 -0.0400
1.0231 -3.5819 -0.0400
1.8425 -6.7429 -0.0400
2.6529 -4.7624 -0.0400
2.6721 -4.7070 -0.0400
2.7090 -4.6726 -0.0400
5.1601 -5.6959 -0.0400
5.2328 -5.6312 -0.0400
1.9750 -2.0157 -0.0400
1.9431 -2.0050 -0.0400
1.9192 -1.9914 -0.0400
1.8940 -1.9791 -0.0400
1.8809 -1.9611 -0.0400
1.8704 -1.9419 -0.0400
1.8621 -1.9215 -0.0400
1.8564 -1.8994 -0.0400
1.8536 -1.8754 -0.0400
1.8548 -1.8483 -0.0400
1.9205 -1.7779 -0.0400
2.3764 0.1903 -0.0400
2.3085 0.1828 -0.0400
2.2651 0.2175 -0.0400
2.2669 0.3398 -0.0400
2.2275 0.3879 -0.0400
2.2091 0.4824 -0.0400
1.9548 3.3199 -0.0400
0.3178 3.0742 -0.0400
0.2230 3.0315 -0.0400
0.1224 3.0485 -0.0400
-0.5899 2.3213 -0.0400
-0.6661 2.2677 -0.0400
-0.7532 2.2520 -0.0400
-0.8627 2.3015 -0.0400
-2.5507 1.1882 -0.0400
-2.5570 1.0663 -0.0400
-2.5792 0.9654 -0.0400
-2.6208 0.8869 -0.0400
-0.8757 -1.3299 -0.0400
-0.8717 -1.3765 -0.0400
-0.8784 -1.4145 -0.0400
-0.8332 -1.4859 -0.0400
-0.8232 -1.5319 -0.0400
-0.8230 -1.5706 -0.0400
-0.8245 -1.6074 -0.0400
-0.8383 -1.6368 -0.0400
-0.8623 -1.6605 -0.0400
-0.8893 -1.6831 -0.0400
-0.8981 -1.7152 -0.0400
-0.8922 -1.7540 -0.0400
-0.9025 -1.7846 -0.0400
-0.9218 -1.8113 -0.0400
-0.9438 -1.8371 -0.0400
-1.0009 -1.8498 -0.0400
-3.1457 -1.0961 -0.0400
-3.2148 -1.1494 -0.0400
-3.2446 -2.5271 -0.0400
-3.2128 -2.5969 -0.0400
-3.2161 -2.6668 -0.0400
-3.2777 -2.7398 -0.0400
-0.7273 -2.8802 -0.0400
-0.6821 -2.8967 -0.0400
-0.6669 -2.9198 -0.0400
-0.6555 -2.9436 -0.0400
-0.6476 -2.9684 -0.0400
-0.6508 -2.9967 -0.0400
-0.6562 -3.0261 -0.0400
-0.6703 -3.0594 -0.0400
-4.3281 -4.6933 -0.0400
-2.2011 -4.0472 -0.0400
-2.1417 -4.0817 -0.0400
-2.1289 -4.1405 -0.0400
-2.2262 -7.7336 -0.0400
0.8841 -3.5897 -0.0400
0.9009 -3.5748 -0.0400
0.9173 -3.5602 -0.0400
0.9349 -3.5558 -0.0400
0.9535 -3.5575 -0.0400
0.9728 -3.5614 -0.0400
0.9935 -3.5708 -0.0400
1.7593 -6.7692 -0.0400
2.7980 -4.6480 -0.0400
5.3038 -5.8300 -0.0400
5.2031 -5.6403 -0.0400
5.2678 -5.5696 -0.0400
6.1701 -0.5447 -0.0400
1.9501 -2.0081 -0.0400
1.9243 -1.9951 -0.0400
1.9032 -1.9803 -0.0400
1.8860 -1.9641 -0.0400
1.8718 -1.9466 -0.0400
1.8595 -1.9281 -0.0400
1.8537 -1.9059 -0.0400
1.8492 -1.8827 -0.0400
1.8482 -1.8569 -0.0400
1.8523 -1.8272 -0.0400
1.8687 -1.7883 -0.0400
2.3220 0.2052 -0.0400
2.2612 0.2095 -0.0400
2.2210 0.2511 -0.0400
2.2138 0.3601 -0.0400
2.1882 0.4383 -0.0400
1.8546 3.3399 -0.0400
0.2196 3.0569 -0.0400
0.1250 3.0173 -0.0400
0.0243 3.0309 -0.0400
-0.6738 2.2823 -0.0400
-0.7525 2.2388 -0.0400
-0.8419 2.2291 -0.0400
-2.6251 1.1339 -0.0400
-2.6199 1.0016 -0.0400
-2.6224 0.8820 -0.0400
-0.8936 -1.3727 -0.0400
-0.8857 -1.4211 -0.0400
-0.8835 -1.4643 -0.0400
-0.8413 -1.5318 -0.0400
-0.8365 -1.5735 -0.0400
-0.8322 -1.6140 -0.0400
-0.8445 -1.6440 -0.0400
-0.8624 -1.6710 -0.0400
-0.8814 -1.6975 -0.0400
-0.9049 -1.7219 -0.0400
-0.9044 -1.7581 -0.0400
-0.9078 -1.7920 -0.0400
-0.9216 -1.8209 -0.0400
-0.9409 -1.8476 -0.0400
-0.9853 -1.8648 -0.0400
-1.0450 -1.8777 -0.0400
-3.1842 -1.1637 -0.0400
-3.3068 -2.5274 -0.0400
-3.2273 -2.5976 -0.0400
-3.2140 -2.6670 -0.0400
-3.2222 -2.7370 -0.0400
-3.3063 -2.8125 -0.0400
-0.7465 -2.8874 -0.0400
-0.7085 -2.9059 -0.0400
-0.6731 -2.9240 -0.0400
-0.6595 -2.9470 -0.0400
-0.6493 -2.9709 -0.0400
-0.6460 -2.9969 -0.0400
-0.6460 -3.0242 -0.0400
-0.6512 -3.0537 -0.0400
-0.6650 -3.0870 -0.0400
-4.3036 -4.7799 -0.0400
-4.2369 -4.8557 -0.0400
-2.2266 -4.0554 -0.0400
-2.1519 -4.0822 -0.0400
-2.1217 -4.1314 -0.0400
-2.1509 -7.7777 -0.0400
0.8917 -3.6183 -0.0400
0.9049 -3.5762 -0.0400
0.9217 -3.5660 -0.0400
0.9384 -3.5565 -0.0400
0.9561 -3.5535 -0.0400
0.9755 -3.5583 -0.0400
0.9954 -3.5642 -0.0400
1.8123 -6.7577 -0.0400
5.1543 -5.7373 -0.0400
6.2105 -0.6463 -0.0400
2.0146 -2.0349 -0.0400
1.9706 -2.0279 -0.0400
1.9437 -2.0146 -0.0400
1.9217 -1.9997 -0.0400
1.8985 -1.9860 -0.0400
1.8861 -1.9673 -0.0400
1.8760 -1.9474 -0.0400
1.8680 -1.9264 -0.0400
1.8624 -1.9037 -0.0400
1.8600 -1.8789 -0.0400
1.8836 -1.8372 -0.0400
2.3604 0.1598 -0.0400
2.3134 0.1888 -0.0400
2.2774 0.2378 -0.0400
2.2691 0.3418 -0.0400
1.9599 3.3238 -0.0400
0.3188 3.0498 -0.0400
0.2215 3.0346 -0.0400
0.1201 3.0579 -0.0400
-0.5875 2.2953 -0.0400
-0.6711 2.2679 -0.0400
-2.5134 1.2693 -0.0400
-2.5279 1.1530 -0.0400
-2.5559 1.0554 -0.0400
-2.5650 0.9406 -0.0400
-2.6506 0.9075 -0.0400
-0.8492 -1.3236 -0.0400
-0.8533 -1.3645 -0.0400
-0.8672 -1.3975 -0.0400
-0.8371 -1.4603 -0.0400
-0.8174 -1.5137 -0.0400
-0.8035 -1.5616 -0.0400
-0.8151 -1.5923 -0.0400
-0.8304 -1.6207 -0.0400
-0.8502 -1.6464 -0.0400
-0.8842 -1.6647 -0.0400
-0.8795 -1.7038 -0.0400
-0.8853 -1.7369 -0.0400
-0.8948 -1.7679 -0.0400
-0.9152 -1.7937 -0.0400
-0.9401 -1.8179 -0.0400
-3.0996 -0.9637 -0.0400
-3.1143 -1.0363 -0.0400
-3.1590 -1.0972 -0.0400
-3.2705 -2.4577 -0.0400
-3.2193 -2.5285 -0.0400
-3.2121 -2.5979 -0.0400
-3.2426 -2.6683 -0.0400
-0.7199 -2.8562 -0.0400
-0.6958 -2.8777 -0.0400
-0.6778 -2.9001 -0.0400
-0.6597 -2.9220 -0.0400
-0.6518 -2.9464 -0.0400
-0.6520 -2.9732 -0.0400
-0.6537 -3.0007 -0.0400
-0.6610 -3.0305 -0.0400
-4.3418 -4.6871 -0.0400
-2.1823 -4.0311 -0.0400
-2.1421 -4.0751 -0.0400
-2.2477 -7.7189 -0.0400
0.8806 -3.5857 -0.0400
0.8964 -3.5668 -0.0400
0.9135 -3.5601 -0.0400
0.9309 -3.5556 -0.0400
0.9489 -3.5548 -0.0400
0.9693 -3.5646 -0.0400
0.9904 -3.5754 -0.0400
5.1206 -5.8543 -0.0400
5.1323 -5.7443 -0.0400
5.2164 -5.6874 -0.0400
6.2206 -0.6565 -0.0400
2.0268 -2.0362 -0.0400
1.9787 -2.0304 -0.0400
1.9501 -2.0176 -0.0400
1.9182 -2.0071 -0.0400
1.9029 -1.9893 -0.0400
1.8896 -1.9708 -0.0400
1.8785 -1.9512 -0.0400
1.8742 -1.9279 -0.0400
1.8706 -1.9039 -0.0400
1.8705 -1.8773 -0.0400
1.8762 -1.8466 -0.0400
1.8967 -1.8052 -0.0400
2.4223 0.1516 -0.0400
2.3628 0.1606 -0.0400
2.3157 0.1897 -0.0400
2.2812 0.2421 -0.0400
2.2860 0.3712 -0.0400
0.4148 3.0951 -0.0400
0.3199 3.0361 -0.0400
0.2217 3.0312 -0.0400
0.1142 3.1088 -0.0400
-0.5205 2.3808 -0.0400
-0.5878 2.2893 -0.0400
-0.6770 2.2808 -0.0400
-0.7827 2.3228 -0.0400
-2.4907 1.2378 -0.0400
-2.4978 1.1139 -0.0400
-2.5122 1.0027 -0.0400
-2.5756 0.9469 -0.0400
-0.8518 -1.3310 -0.0400
-0.8566 -1.3713 -0.0400
-0.8713 -1.4037 -0.0400
-0.7984 -1.4960 -0.0400
-0.7974 -1.5360 -0.0400
-0.8060 -1.5690 -0.0400
-0.8180 -1.5994 -0.0400
-0.8355 -1.6263 -0.0400
-0.8677 -1.6450 -0.0400
-0.8772 -1.6768 -0.0400
-0.8780 -1.7128 -0.0400
-0.8851 -1.7451 -0.0400
-0.9022 -1.7723 -0.0400
-0.9259 -1.7966 -0.0400
-0.9586 -1.8175 -0.0400
-1.0152 -1.8292 -0.0400
-3.1242 -1.0360 -0.0400
-3.2339 -2.4600 -0.0400
-3.2107 -2.5298 -0.0400
-3.2163 -2.5992 -0.0400
-3.2576 -2.6697 -0.0400
-0.7144 -2.8583 -0.0400
-0.6817 -2.8778 -0.0400
-0.6688 -2.9010 -0.0400
-0.6568 -2.9242 -0.0400
-0.6514 -2.9490 -0.0400
-0.6482 -2.9746 -0.0400
-0.6601 -3.0051 -0.0400
-0.6707 -3.0360 -0.0400
-4.3093 -4.6685 -0.0400
-2.1674 -4.0214 -0.0400
-1.0509 -6.9590 -0.0400
-0.9592 -6.9526 -0.0400
-0.8829 -6.9843 -0.0400
0.9203 -3.5564 -0.0400
0.9384 -3.5564 -0.0400
0.9568 -3.5577 -0.0400
0.9793 -3.5755 -0.0400
1.7944 -6.7963 -0.0400
2.6139 -4.8674 -0.0400
5.0793 -5.8389 -0.0400
2.0422 -2.0608 -0.0400
1.9948 -2.0537 -0.0400
1.9531 -2.0457 -0.0400
1.9344 -2.0289 -0.0400
1.9190 -2.0108 -0.0400
1.9058 -1.9919 -0.0400
1.8956 -1.9716 -0.0400
1.8888 -1.9495 -0.0400
1.8844 -1.9259 -0.0400
1.8832 -1.9001 -0.0400
1.9118 -1.8559 -0.0400
2.4788 0.1333 -0.0400
2.4152 0.1372 -0.0400
2.3800 0.1867 -0.0400
2.3760 0.2924 -0.0400
2.3405 0.3474 -0.0400
0.5152 3.0754 -0.0400
0.4181 3.0445 -0.0400
0.3172 3.0750 -0.0400
-0.4218 2.3471 -0.0400
-0.5043 2.3133 -0.0400
-0.6063 2.3522 -0.0400
-2.4270 1.2945 -0.0400
-2.4382 1.1729 -0.0400
-2.4634 1.0716 -0.0400
-0.8107 -1.2802 -0.0400
-0.8166 -1.3205 -0.0400
-0.8324 -1.3523 -0.0400
-0.7919 -1.4256 -0.0400
-0.7796 -1.4754 -0.0400
-0.7795 -1.5153 -0.0400
-0.7897 -1.5473 -0.0400
-0.8047 -1.5759 -0.0400
-0.8270 -1.5998 -0.0400
-0.8568 -1.6196 -0.0400
-0.8573 -1.6567 -0.0400
-0.8613 -1.6911 -0.0400
-0.8714 -1.7219 -0.0400
-0.8926 -1.7469 -0.0400
-0.9206 -1.7689 -0.0400
-0.9637 -1.7847 -0.0400
-3.0611 -0.9074 -0.0400
-3.1134 -0.9643 -0.0400
-3.2294 -2.3917 -0.0400
-3.2059 -2.4619 -0.0400
-3.2154 -2.5309 -0.0400
-3.3347 -2.6013 -0.0400
-0.7585 -2.8155 -0.0400
-0.7048 -2.8326 -0.0400
-0.6793 -2.8536 -0.0400
-0.6682 -2.8772 -0.0400
-0.6585 -2.9008 -0.0400
-0.6577 -2.9266 -0.0400
-0.6580 -2.9530 -0.0400
-0.6778 -2.9854 -0.0400
-0.6996 -3.0195 -0.0400
-2.2256 -3.9217 -0.0400
-2.1892 -3.9675 -0.0400
-2.4442 -7.6020 -0.0400
-1.2739 -7.0310 -0.0400
-1.1318 -6.9176 -0.0400
-1.0413 -6.9156 -0.0400
-0.9685 -6.9555 -0.0400
0.9516 -3.5669 -0.0400
2.5618 -4.8188 -0.0400
2.5899 -4.7733 -0.0400
2.6330 -4.7461 -0.0400
5.1995 -5.7216 -0.0400
1.9450 -2.0333 -0.0400
1.9263 -2.0164 -0.0400
1.9107 -1.9983 -0.0400
1.8956 -1.9802 -0.0400
1.8861 -1.9594 -0.0400
1.8783 -1.9376 -0.0400
1.8727 -1.9143 -0.0400
1.8833 -1.8811 -0.0400
1.8916 -1.8481 -0.0400
2.4934 0.1482 -0.0400
2.4198 0.1373 -0.0400
2.3676 0.1589 -0.0400
2.3290 0.2036 -0.0400
2.3267 0.3154 -0.0400
2.2885 0.3667 -0.0400
0.4180 3.0651 -0.0400
0.3211 3.0361 -0.0400
0.2200 3.0607 -0.0400
-0.5069 2.3163 -0.0400
-0.5911 2.2895 -0.0400
-0.6977 2.3401 -0.0400
-2.4342 1.2968 -0.0400
-2.4491 1.1791 -0.0400
-2.5018 1.1086 -0.0400
-2.5090 0.9891 -0.0400
-0.8406 -1.3144 -0.0400
-0.8449 -1.3556 -0.0400
-0.8598 -1.3880 -0.0400
-0.7853 -1.4842 -0.0400
-0.7852 -1.5241 -0.0400
-0.7956 -1.5559 -0.0400
-0.8083 -1.5859 -0.0400
-0.8282 -1.6112 -0.0400
-0.8513 -1.6348 -0.0400
-0.8810 -1.6550 -0.0400
-0.8654 -1.7005 -0.0400
-0.8764 -1.7307 -0.0400
-0.8927 -1.7581 -0.0400
-0.9157 -1.7823 -0.0400
-0.9481 -1.8027 -0.0400
-3.0752 -0.9069 -0.0400
-3.0958 -0.9772 -0.0400
-3.1633 -1.0284 -0.0400
-3.2560 -2.3935 -0.0400
-3.2115 -2.4646 -0.0400
-3.2084 -2.5337 -0.0400
-3.2288 -2.6028 -0.0400
-3.3303 -2.6747 -0.0400
-0.7192 -2.8411 -0.0400
-0.6883 -2.8611 -0.0400
-0.6699 -2.8830 -0.0400
-0.6609 -2.9067 -0.0400
-0.6538 -2.9308 -0.0400
-0.6545 -2.9569 -0.0400
-0.6549 -2.9833 -0.0400
-0.6749 -3.0161 -0.0400
-4.3738 -4.5830 -0.0400
-4.3004 -4.6566 -0.0400
-2.1952 -3.9692 -0.0400
-2.1697 -4.0199 -0.0400
-2.3858 -7.6786 -0.0400
-1.2125 -7.0687 -0.0400
-1.0713 -6.9511 -0.0400
-0.9799 -6.9447 -0.0400
-0.9257 -7.0349 -0.0400
2.5997 -4.8978 -0.0400
2.6060 -4.8238 -0.0400
2.6186 -4.7599 -0.0400
2.6513 -4.7207 -0.0400
1.8869 -1.9685 -0.0400
1.8770 -1.9476 -0.0400
1.8686 -1.9258 -0.0400
1.8705 -1.8978 -0.0400
1.8705 -1.8702 -0.0400
1.8762 -1.8384 -0.0400
1.9002 -1.7932 -0.0400
2.3794 0.1696 -0.0400
2.3270 0.1914 -0.0400
2.3064 0.2698 -0.0400
2.2862 0.3536 -0.0400
2.2728 0.4556 -0.0400
0.4148 3.1615 -0.0400
0.3222 3.0436 -0.0400
0.2239 3.0342 -0.0400
0.1166 3.1094 -0.0400
-0.5156 2.3461 -0.0400
-0.5937 2.2942 -0.0400
-0.6793 2.2717 -0.0400
-2.5069 1.2412 -0.0400
-2.5236 1.1272 -0.0400
-2.5662 1.0456 -0.0400
-2.6039 0.9605 -0.0400
-0.8484 -1.3213 -0.0400
-0.8518 -1.3633 -0.0400
-0.8662 -1.3961 -0.0400
-0.8251 -1.4685 -0.0400
-0.8106 -1.5192 -0.0400
-0.8094 -1.5594 -0.0400
-0.8191 -1.5915 -0.0400
-0.8343 -1.6199 -0.0400
-0.8578 -1.6431 -0.0400
-0.8870 -1.6635 -0.0400
-0.8798 -1.7045 -0.0400
-0.8851 -1.7379 -0.0400
-0.8963 -1.7679 -0.0400
-0.9131 -1.7950 -0.0400
-0.9586 -1.8090 -0.0400
-3.1176 -0.8943 -0.0400
-3.1064 -0.9786 -0.0400
-3.1275 -1.0484 -0.0400
-3.2080 -1.0955 -0.0400
-3.2340 -2.4675 -0.0400
-3.2161 -2.5370 -0.0400
-3.2165 -2.6060 -0.0400
-3.2693 -2.6762 -0.0400
-0.7430 -2.8520 -0.0400
-0.7023 -2.8704 -0.0400
-0.6787 -2.8913 -0.0400
-0.6632 -2.9134 -0.0400
-0.6537 -2.9367 -0.0400
-0.6503 -2.9616 -0.0400
-0.6540 -2.9886 -0.0400
-0.6558 -3.0155 -0.0400
-0.6815 -3.0507 -0.0400
-4.3021 -4.6530 -0.0400
-2.2528 -3.9964 -0.0400
-2.1861 -4.0276 -0.0400
-2.1599 -4.0781 -0.0400
-2.2916 -7.6975 -0.0400
-1.1532 -7.1138 -0.0400
-1.0122 -6.9900 -0.0400
-0.9205 -6.9812 -0.0400
-0.8596 -7.0553 -0.0400
2.6132 -4.7841 -0.0400
2.6373 -4.7348 -0.0400
2.6763 -4.7028 -0.0400
2.7319 -4.6880 -0.0400
1.8883 -1.9195 -0.0400
1.8883 -1.8921 -0.0400
1.8936 -1.8607 -0.0400
2.4909 0.1293 -0.0400
2.4253 0.1317 -0.0400
2.3766 0.1597 -0.0400
2.3451 0.2174 -0.0400
2.3376 0.3208 -0.0400
0.5195 3.0912 -0.0400
0.4218 3.0535 -0.0400
0.3229 3.0502 -0.0400
-0.4260 2.3526 -0.0400
-0.5072 2.3112 -0.0400
-0.6049 2.3341 -0.0400
-2.4409 1.2959 -0.0400
-2.4380 1.1564 -0.0400
-2.4518 1.0419 -0.0400
-2.5323 1.0051 -0.0400
-0.8304 -1.2970 -0.0400
-0.8340 -1.3394 -0.0400
-0.7894 -1.4183 -0.0400
-0.7760 -1.4701 -0.0400
-0.7758 -1.5106 -0.0400
-0.7864 -1.5425 -0.0400
-0.7994 -1.5724 -0.0400
-0.8198 -1.5973 -0.0400
-0.8437 -1.6202 -0.0400
-0.8728 -1.6404 -0.0400
-0.8563 -1.6872 -0.0400
-0.8687 -1.7166 -0.0400
-0.8869 -1.7429 -0.0400
-0.9125 -1.7656 -0.0400
-0.9492 -1.7833 -0.0400
-3.0828 -0.8325 -0.0400
-3.0811 -0.9134 -0.0400
-3.1512 -0.9628 -0.0400
-3.2204 -2.4009 -0.0400
-3.2086 -2.4703 -0.0400
-3.2229 -2.5389 -0.0400
-0.7285 -2.8268 -0.0400
-0.6883 -2.8456 -0.0400
-0.6726 -2.8680 -0.0400
-0.6619 -2.8911 -0.0400
-0.6559 -2.9151 -0.0400
-0.6546 -2.9403 -0.0400
-0.6599 -2.9674 -0.0400
-0.6752 -2.9979 -0.0400
-4.3331 -4.5614 -0.0400
-2.2329 -3.9244 -0.0400
-2.1891 -3.9664 -0.0400
-1.1937 -6.9761 -0.0400
-1.0786 -6.9171 -0.0400
-1.0002 -6.9421 -0.0400
-0.9380 -7.0092 -0.0400
2.5710 -4.9095 -0.0400
2.5807 -4.8398 -0.0400
2.5956 -4.7787 -0.0400
2.6283 -4.7395 -0.0400
2.7119 -4.7561 -0.0400
2.4819 0.1065 -0.0400
2.4277 0.1266 -0.0400
2.3882 0.1702 -0.0400
2.3891 0.2845 -0.0400
2.3521 0.3380 -0.0400
0.5225 3.0729 -0.0400
0.4243 3.0478 -0.0400
0.3233 3.0753 -0.0400
-0.4256 2.3506 -0.0400
-0.5074 2.3110 -0.0400
-0.6195 2.3876 -0.0400
-2.3893 1.2281 -0.0400
-2.4402 1.1546 -0.0400
-2.4534 1.0391 -0.0400
-2.5342 1.0026 -0.0400
-0.8119 -1.2763 -0.0400
-0.8166 -1.3184 -0.0400
-0.8317 -1.3511 -0.0400
-0.7940 -1.4246 -0.0400
-0.7807 -1.4764 -0.0400
-0.7805 -1.5170 -0.0400
-0.7858 -1.5526 -0.0400
-0.8065 -1.5773 -0.0400
-0.8305 -1.5998 -0.0400
-0.8605 -1.6191 -0.0400
-0.8541 -1.6607 -0.0400
-0.8602 -1.6941 -0.0400
-0.8726 -1.7236 -0.0400
-0.8908 -1.7498 -0.0400
-0.9393 -1.7608 -0.0400
-3.0445 -0.7745 -0.0400
-3.0591 -0.8483 -0.0400
-3.0714 -0.9224 -0.0400
-3.1369 -0.9734 -0.0400
-3.2577 -2.3326 -0.0400
-3.2206 -2.4042 -0.0400
-3.2091 -2.4735 -0.0400
-3.2272 -2.5420 -0.0400
-0.7608 -2.8115 -0.0400
-0.7082 -2.8293 -0.0400
-0.6835 -2.8505 -0.0400
-0.6684 -2.8728 -0.0400
-0.6592 -2.8961 -0.0400
-0.6568 -2.9207 -0.0400
-0.6589 -2.9467 -0.0400
-0.6675 -2.9747 -0.0400
-0.6886 -3.0069 -0.0400
-4.4168 -4.4892 -0.0400
-4.3463 -4.5645 -0.0400
-2.2270 -3.9228 -0.0400
-2.1869 -3.9663 -0.0400
-2.3901 -7.6296 -0.0400
-1.2348 -7.0477 -0.0400
-1.0940 -6.9310 -0.0400
-1.0163 -6.9578 -0.0400
0.3784 -5.1059 -0.0400
0.4243 -5.0947 -0.0400
0.4684 -5.0949 -0.0400
2.5709 -4.9328 -0.0400
2.5828 -4.8653 -0.0400
2.5789 -4.7816 -0.0400
2.6200 -4.7522 -0.0400
2.6759 -4.7387 -0.0400
5.0417 -5.9132 -0.0400
5.0828 -5.8249 -0.0400
2.4964 0.1186 -0.0400
2.4340 0.1266 -0.0400
2.3871 0.1586 -0.0400
2.4004 0.2937 -0.0400
2.3829 0.3829 -0.0400
0.5255 3.0718 -0.0400
0.4270 3.0488 -0.0400
0.3246 3.0941 -0.0400
-0.3518 2.4339 -0.0400
-0.4221 2.3371 -0.0400
-0.5100 2.3227 -0.0400
-2.3668 1.3353 -0.0400
-2.3810 1.2138 -0.0400
-2.4209 1.1274 -0.0400
-2.4540 1.0354 -0.0400
-0.8141 -1.2843 -0.0400
-0.8205 -1.3249 -0.0400
-0.7755 -1.4064 -0.0400
-0.7642 -1.4576 -0.0400
-0.7654 -1.4977 -0.0400
-0.7768 -1.5294 -0.0400
-0.7903 -1.5591 -0.0400
-0.8109 -1.5838 -0.0400
-0.8348 -1.6065 -0.0400
-0.8417 -1.6402 -0.0400
-0.8482 -1.6736 -0.0400
-0.8609 -1.7029 -0.0400
-0.8794 -1.7289 -0.0400
-0.9054 -1.7511 -0.0400
-0.9427 -1.7680 -0.0400
-3.0393 -0.7819 -0.0400
-3.0748 -0.8458 -0.0400
-3.0963 -0.9162 -0.0400
-3.2260 -2.3384 -0.0400
-3.2077 -2.4085 -0.0400
-3.2223 -2.4766 -0.0400
-3.2627 -2.5448 -0.0400
-0.7183 -2.8117 -0.0400
-0.6882 -2.8324 -0.0400
-0.6715 -2.8545 -0.0400
-0.6639 -2.8780 -0.0400
-0.6574 -2.9016 -0.0400
-0.6562 -2.9264 -0.0400
-0.6606 -2.9528 -0.0400
-0.6723 -2.9816 -0.0400
-4.3990 -4.4812 -0.0400
-4.3462 -4.5629 -0.0400
-2.2883 -3.8894 -0.0400
-2.2116 -3.9174 -0.0400
-2.1872 -3.9678 -0.0400
-2.4865 -7.5728 -0.0400
-1.3321 -7.0360 -0.0400
-1.1859 -6.9153 -0.0400
-1.0903 -6.9003 -0.0400
-1.0196 -6.9428 -0.0400
-0.9684 -7.0382 -0.0400
0.3205 -5.1415 -0.0400
0.3709 -5.1031 -0.0400
0.4165 -5.0922 -0.0400
0.4603 -5.0937 -0.0400
0.5035 -5.1019 -0.0400
0.5462 -5.1206 -0.0400
2.5636 -4.9469 -0.0400
2.5429 -4.8395 -0.0400
2.5686 -4.7918 -0.0400
2.6066 -4.7589 -0.0400
2.6561 -4.7386 -0.0400
5.1561 -6.0247 -0.0400
5.0669 -5.8365 -0.0400
2.5663 0.1086 -0.0400
2.4906 0.0987 -0.0400
2.4384 0.1226 -0.0400
2.4017 0.1716 -0.0400
2.4006 0.2829 -0.0400
2.3658 0.3411 -0.0400
0.5293 3.0559 -0.0400
0.4299 3.0562 -0.0400
0.3279 3.0912 -0.0400
-0.3502 2.4315 -0.0400
-0.4211 2.3359 -0.0400
-0.5122 2.3343 -0.0400
-2.3754 1.3430 -0.0400
-2.3768 1.2047 -0.0400
-2.3993 1.0977 -0.0400
-0.8257 -1.2360 -0.0400
-0.8011 -1.3054 -0.0400
-0.8187 -1.3362 -0.0400
-0.7744 -1.4171 -0.0400
-0.7662 -1.4659 -0.0400
-0.7687 -1.5050 -0.0400
-0.7759 -1.5397 -0.0400
-0.7973 -1.5638 -0.0400
-0.8218 -1.5859 -0.0400
-0.8511 -1.6053 -0.0400
-0.8456 -1.6471 -0.0400
-0.8522 -1.6804 -0.0400
-0.8649 -1.7098 -0.0400
-0.8938 -1.7300 -0.0400
-0.9309 -1.7465 -0.0400
-3.0043 -0.7228 -0.0400
-3.0844 -0.7648 -0.0400
-3.0470 -0.8637 -0.0400
-3.0878 -0.9249 -0.0400
-3.2499 -2.2711 -0.0400
-3.2129 -2.3433 -0.0400
-3.2039 -2.4126 -0.0400
-3.2135 -2.4807 -0.0400
-0.7523 -2.7972 -0.0400
-0.7009 -2.8159 -0.0400
-0.6778 -2.8373 -0.0400
-0.6687 -2.8606 -0.0400
-0.6603 -2.8838 -0.0400
-0.6587 -2.9083 -0.0400
-0.6638 -2.9345 -0.0400
-0.6666 -2.9605 -0.0400
-0.6878 -2.9917 -0.0400
-4.3660 -4.4682 -0.0400
-2.2680 -3.8828 -0.0400
-2.2084 -3.9181 -0.0400
-2.2085 -3.9798 -0.0400
-2.5093 -7.5937 -0.0400
-2.4076 -7.6265 -0.0400
-1.2446 -7.0292 -0.0400
-1.0985 -6.8997 -0.0400
-1.0376 -6.9662 -0.0400
0.3110 -5.1552 -0.0400
0.3634 -5.1039 -0.0400
0.4091 -5.0915 -0.0400
0.4522 -5.0980 -0.0400
0.4958 -5.1010 -0.0400
0.5380 -5.1223 -0.0400
2.5487 -4.9511 -0.0400
2.5323 -4.8489 -0.0400
2.5580 -4.8012 -0.0400
2.5944 -4.7667 -0.0400
2.6748 -4.7805 -0.0400
5.0115 -5.9373 -0.0400
5.0588 -5.8539 -0.0400
2.5017 0.1035 -0.0400
2.4444 0.1201 -0.0400
2.4310 0.2075 -0.0400
2.4142 0.2937 -0.0400
0.6318 3.1352 -0.0400
0.5329 3.0679 -0.0400
0.4327 3.0763 -0.0400
0.3257 3.1829 -0.0400
-0.3406 2.3926 -0.0400
-0.4199 2.3364 -0.0400
-0.5224 2.3808 -0.0400
-2.3130 1.4031 -0.0400
-2.3534 1.3114 -0.0400
-2.3489 1.1665 -0.0400
-2.3923 1.0856 -0.0400
-2.4742 1.0511 -0.0400
-0.7898 -1.2781 -0.0400
-0.8032 -1.3131 -0.0400
-0.8231 -1.3421 -0.0400
-0.7690 -1.4312 -0.0400
-0.7519 -1.4867 -0.0400
-0.7649 -1.5175 -0.0400
-0.7808 -1.5457 -0.0400
-0.8021 -1.5699 -0.0400
-0.8274 -1.5916 -0.0400
-0.8317 -1.6273 -0.0400
-0.8392 -1.6604 -0.0400
-0.8528 -1.6893 -0.0400
-0.8717 -1.7150 -0.0400
-0.8978 -1.7368 -0.0400
-0.9347 -1.7534 -0.0400
-3.0028 -0.7286 -0.0400
-3.0228 -0.7998 -0.0400
-3.0516 -0.8665 -0.0400
-3.2367 -2.2764 -0.0400
-3.2074 -2.3478 -0.0400
-3.2037 -2.4167 -0.0400
-3.2638 -2.4829 -0.0400
-0.7098 -2.7991 -0.0400
-0.6916 -2.8216 -0.0400
-0.6718 -2.8433 -0.0400
-0.6643 -2.8667 -0.0400
-0.6593 -2.8904 -0.0400
-0.6620 -2.9157 -0.0400
-0.6643 -2.9412 -0.0400
-0.6829 -2.9710 -0.0400
-4.3647 -4.4673 -0.0400
-2.2458 -3.8761 -0.0400
-2.2053 -3.9193 -0.0400
-2.4950 -7.5583 -0.0400
-1.3397 -7.0168 -0.0400
-1.1949 -6.8991 -0.0400
-1.1035 -6.8929 -0.0400
-1.0353 -6.9406 -0.0400
0.3559 -5.1087 -0.0400
0.4027 -5.0861 -0.0400
0.4451 -5.0981 -0.0400
0.4886 -5.0990 -0.0400
0.5307 -5.1194 -0.0400
2.5265 -4.9454 -0.0400
2.5464 -4.8882 -0.0400
2.5457 -4.8083 -0.0400
2.5834 -4.7754 -0.0400
2.6590 -4.7842 -0.0400
5.0217 -5.9687 -0.0400
5.0412 -5.8639 -0.0400
2.6106 0.0503 -0.0400
2.5473 0.0601 -0.0400
2.4999 0.0922 -0.0400
2.4700 0.1518 -0.0400
2.4659 0.2557 -0.0400
2.4368 0.3232 -0.0400
0.7358 3.1188 -0.0400
0.6356 3.0682 -0.0400
0.5347 3.1056 -0.0400
-0.2506 2.4069 -0.0400
-0.3331 2.3621 -0.0400
-2.2375 1.4473 -0.0400
-2.2445 1.3095 -0.0400
-2.2853 1.2215 -0.0400
-2.3380 1.1509 -0.0400
-0.7540 -1.2212 -0.0400
-0.7646 -1.2599 -0.0400
-0.7822 -1.2913 -0.0400
-0.7531 -1.3633 -0.0400
-0.7228 -1.4332 -0.0400
-0.7333 -1.4667 -0.0400
-0.7476 -1.4965 -0.0400
-0.7659 -1.5230 -0.0400
-0.7959 -1.5408 -0.0400
-0.8150 -1.5670 -0.0400
-0.8156 -1.6057 -0.0400
-0.8244 -1.6383 -0.0400
-0.8394 -1.6664 -0.0400
-0.8697 -1.6852 -0.0400
-0.9072 -1.7004 -0.0400
-2.9332 -0.6040 -0.0400
-2.9899 -0.6562 -0.0400
-2.9985 -0.7341 -0.0400
-3.0185 -0.8053 -0.0400
-3.0987 -0.8476 -0.0400
-3.2250 -2.2111 -0.0400
-3.1987 -2.2828 -0.0400
-3.2173 -2.3500 -0.0400
-3.2779 -2.4154 -0.0400
-0.7328 -2.7562 -0.0400
-0.6917 -2.7772 -0.0400
-0.6796 -2.8003 -0.0400
-0.6707 -2.8235 -0.0400
-0.6639 -2.8469 -0.0400
-0.6620 -2.8710 -0.0400
-0.6692 -2.8970 -0.0400
-0.6749 -2.9230 -0.0400
-0.7085 -2.9559 -0.0400
-4.4495 -4.2967 -0.0400
-4.3918 -4.3769 -0.0400
-2.2614 -3.8242 -0.0400
-2.2250 -3.8693 -0.0400
-2.5830 -7.4970 -0.0400
-1.3730 -6.8819 -0.0400
-1.2570 -6.8287 -0.0400
-1.1816 -6.8585 -0.0400
-1.1263 -6.9352 -0.0400
0.2637 -5.1038 -0.0400
0.3120 -5.0793 -0.0400
0.3561 -5.0766 -0.0400
0.3984 -5.0864 -0.0400
0.4415 -5.0891 -0.0400
2.4909 -4.9990 -0.0400
2.4811 -4.9026 -0.0400
2.5040 -4.8507 -0.0400
2.5381 -4.8135 -0.0400
2.5872 -4.7937 -0.0400
4.9162 -6.0223 -0.0400
4.9871 -5.9575 -0.0400
2.5758 0.0829 -0.0400
2.5087 0.0869 -0.0400
2.4572 0.1131 -0.0400
2.4698 0.2431 -0.0400
2.4341 0.2994 -0.0400
0.6420 3.1145 -0.0400
0.5424 3.0642 -0.0400
0.4401 3.1139 -0.0400
-0.2492 2.4174 -0.0400
-0.3301 2.3628 -0.0400
-0.4171 2.3418 -0.0400
-2.3002 1.3814 -0.0400
-2.3098 1.2499 -0.0400
-2.3392 1.1486 -0.0400
-2.4083 1.0989 -0.0400
-0.7884 -1.2498 -0.0400
-0.7882 -1.2981 -0.0400
-0.8096 -1.3260 -0.0400
-0.7352 -1.4352 -0.0400
-0.7415 -1.4724 -0.0400
-0.7554 -1.5028 -0.0400
-0.7706 -1.5318 -0.0400
-0.7940 -1.5545 -0.0400
-0.8233 -1.5733 -0.0400
-0.8315 -1.6071 -0.0400
-0.8353 -1.6433 -0.0400
-0.8441 -1.6756 -0.0400
-0.8651 -1.7000 -0.0400
-0.8927 -1.7208 -0.0400
-0.9316 -1.7358 -0.0400
-2.9714 -0.6726 -0.0400
-3.0068 -0.7363 -0.0400
-3.0186 -0.8118 -0.0400
-3.0787 -0.8634 -0.0400
-3.2003 -2.2887 -0.0400
-3.2006 -2.3572 -0.0400
-3.2245 -2.4243 -0.0400
-3.2909 -2.4903 -0.0400
-0.7388 -2.7669 -0.0400
-0.7085 -2.7891 -0.0400
-0.6895 -2.8117 -0.0400
-0.6702 -2.8336 -0.0400
-0.6638 -2.8569 -0.0400
-0.6625 -2.8810 -0.0400
-0.6636 -2.9057 -0.0400
-0.6678 -2.9312 -0.0400
-0.6950 -2.9623 -0.0400
-0.7328 -2.9972 -0.0400
-4.4310 -4.3908 -0.0400
-2.2689 -3.8319 -0.0400
-2.2287 -3.8756 -0.0400
-2.2144 -3.9298 -0.0400
-2.5909 -7.4945 -0.0400
-1.3415 -6.9910 -0.0400
-1.1992 -6.8784 -0.0400
-1.1145 -6.8863 -0.0400
0.2944 -5.1427 -0.0400
0.3457 -5.0959 -0.0400
0.3906 -5.0850 -0.0400
0.4332 -5.0911 -0.0400
0.4754 -5.1016 -0.0400
0.5154 -5.1479 -0.0400
0.8248 -3.5977 -0.0400
0.8391 -3.5805 -0.0400
2.5153 -4.8929 -0.0400
2.5237 -4.8243 -0.0400
2.5608 -4.7910 -0.0400
2.6208 -4.7832 -0.0400
5.0453 -6.1576 -0.0400
4.9591 -5.9666 -0.0400
5.0224 -5.8958 -0.0400
6.3729 -1.1083 -0.0400
6.3687 -1.0021 -0.0400
2.6324 0.0523 -0.0400
2.5639 0.0559 -0.0400
2.5208 0.0952 -0.0400
2.5254 0.2096 -0.0400
2.4872 0.2611 -0.0400
0.8482 3.1306 -0.0400
0.7463 3.0716 -0.0400
0.6461 3.0698 -0.0400
0.5446 3.1214 -0.0400
-0.1702 2.5051 -0.0400
-0.2402 2.3799 -0.0400
-0.3317 2.3801 -0.0400
-2.1768 1.5111 -0.0400
-2.1867 1.3727 -0.0400
-2.2427 1.3027 -0.0400
-2.2634 1.1882 -0.0400
-0.7409 -1.2023 -0.0400
-0.7519 -1.2415 -0.0400
-0.7663 -1.2766 -0.0400
-0.7197 -1.3667 -0.0400
-0.7207 -1.4104 -0.0400
-0.7201 -1.4542 -0.0400
-0.7359 -1.4831 -0.0400
-0.7571 -1.5075 -0.0400
-0.7836 -1.5279 -0.0400
-0.8102 -1.5486 -0.0400
-0.8089 -1.5895 -0.0400
-0.8130 -1.6257 -0.0400
-0.8308 -1.6521 -0.0400
-0.8541 -1.6752 -0.0400
-0.8844 -1.6941 -0.0400
-2.9017 -0.5478 -0.0400
-2.9476 -0.6056 -0.0400
-2.9788 -0.6718 -0.0400
-2.9880 -0.7492 -0.0400
-3.0415 -0.8036 -0.0400
-3.2290 -2.1502 -0.0400
-3.1955 -2.2235 -0.0400
-3.1936 -2.2924 -0.0400
-3.2171 -2.3591 -0.0400
-0.7645 -2.7232 -0.0400
-0.7188 -2.7458 -0.0400
-0.6964 -2.7687 -0.0400
-0.6744 -2.7910 -0.0400
-0.6679 -2.8143 -0.0400
-0.6645 -2.8380 -0.0400
-0.6635 -2.8620 -0.0400
-0.6747 -2.8883 -0.0400
-0.6846 -2.9148 -0.0400
-4.4388 -4.2944 -0.0400
-2.2878 -3.7822 -0.0400
-2.2418 -3.8238 -0.0400
-2.6739 -7.4284 -0.0400
-1.5014 -6.9276 -0.0400
-1.3534 -6.8168 -0.0400
-1.2615 -6.8119 -0.0400
-1.1940 -6.8580 -0.0400
-1.1475 -6.9541 -0.0400
0.2555 -5.0907 -0.0400
0.3022 -5.0728 -0.0400
0.3455 -5.0726 -0.0400
0.3871 -5.0844 -0.0400
0.4298 -5.0880 -0.0400
0.8043 -3.5989 -0.0400
0.8186 -3.5805 -0.0400
0.8325 -3.5641 -0.0400
0.8479 -3.5587 -0.0400
0.8637 -3.5555 -0.0400
2.5684 -4.8132 -0.0400
4.8745 -6.1581 -0.0400
4.8893 -6.0472 -0.0400
4.9538 -5.9777 -0.0400
3.4020 -1.6690 -0.0400
3.3488 -1.6353 -0.0400
2.0269 -2.1197 -0.0400
2.6367 0.0429 -0.0400
2.5668 0.0446 -0.0400
2.5276 0.0898 -0.0400
2.5279 0.1974 -0.0400
2.4925 0.2534 -0.0400
0.8560 3.1741 -0.0400
0.7527 3.0793 -0.0400
0.6522 3.0681 -0.0400
-0.1591 2.4603 -0.0400
-0.2376 2.3843 -0.0400
-0.3329 2.4027 -0.0400
-2.1613 1.4879 -0.0400
-2.1772 1.3583 -0.0400
-2.2050 1.2504 -0.0400
-2.2683 1.1929 -0.0400
-0.7384 -1.2134 -0.0400
-0.7479 -1.2541 -0.0400
-0.7338 -1.3161 -0.0400
-0.7013 -1.3923 -0.0400
-0.7099 -1.4288 -0.0400
-0.7197 -1.4633 -0.0400
-0.7388 -1.4895 -0.0400
-0.7609 -1.5133 -0.0400
-0.7945 -1.5283 -0.0400
-0.7996 -1.5652 -0.0400
-0.7995 -1.6050 -0.0400
-0.8167 -1.6320 -0.0400
-0.8374 -1.6566 -0.0400
-0.8631 -1.6781 -0.0400
-0.9327 -1.6732 -0.0400
-2.9020 -0.5523 -0.0400
-2.9516 -0.6079 -0.0400
-2.9779 -0.6769 -0.0400
-3.0086 -0.7431 -0.0400
-3.1922 -2.1598 -0.0400
-3.1870 -2.2292 -0.0400
-3.2073 -2.2958 -0.0400
-3.2639 -2.3601 -0.0400
-0.7381 -2.7301 -0.0400
-0.7067 -2.7531 -0.0400
-0.6782 -2.7753 -0.0400
-0.6704 -2.7987 -0.0400
-0.6660 -2.8222 -0.0400
-0.6645 -2.8460 -0.0400
-0.6748 -2.8717 -0.0400
-0.6846 -2.8978 -0.0400
-0.7020 -2.9259 -0.0400
-4.4304 -4.2929 -0.0400
-2.3279 -3.7417 -0.0400
-2.2776 -3.7826 -0.0400
-2.2486 -3.8308 -0.0400
-2.6763 -7.4234 -0.0400
-1.5096 -6.9333 -0.0400
-1.3607 -6.8211 -0.0400
-1.2657 -6.8098 -0.0400
-1.2128 -6.8875 -0.0400
0.2473 -5.1120 -0.0400
0.2988 -5.0657 -0.0400
0.3406 -5.0745 -0.0400
0.3828 -5.0796 -0.0400
0.4239 -5.0965 -0.0400
0.7999 -3.6053 -0.0400
0.8122 -3.5731 -0.0400
0.8271 -3.5648 -0.0400
0.8423 -3.5590 -0.0400
0.8578 -3.5555 -0.0400
0.8745 -3.5580 -0.0400
0.8917 -3.5613 -0.0400
0.9100 -3.5686 -0.0400
4.8747 -6.0583 -0.0400
4.9445 -5.9932 -0.0400
6.3766 -1.0445 -0.0400
6.3366 -0.9484 -0.0400
2.0832 -2.1130 -0.0400
2.0345 -2.1050 -0.0400
1.9913 -2.0962 -0.0400
1.9716 -2.0778 -0.0400
1.9503 -2.0605 -0.0400
2.5283 0.0684 -0.0400
2.4898 0.1156 -0.0400
2.4910 0.2280 -0.0400
2.4889 0.3412 -0.0400
0.7621 3.0915 -0.0400
0.6612 3.0640 -0.0400
0.5601 3.0889 -0.0400
-0.2324 2.3857 -0.0400
-0.3209 2.3688 -0.0400
-0.4198 2.3998 -0.0400
-2.2310 1.4337 -0.0400
-2.2439 1.3024 -0.0400
-2.2728 1.1976 -0.0400
-2.3479 1.1550 -0.0400
-0.7637 -1.1984 -0.0400
-0.7590 -1.2539 -0.0400
-0.7749 -1.2878 -0.0400
-0.7351 -1.3725 -0.0400
-0.7211 -1.4301 -0.0400
-0.7267 -1.4686 -0.0400
-0.7438 -1.4967 -0.0400
-0.7652 -1.5212 -0.0400
-0.7899 -1.5431 -0.0400
-0.8050 -1.5725 -0.0400
-0.8118 -1.6075 -0.0400
-0.8231 -1.6389 -0.0400
-0.8400 -1.6661 -0.0400
-0.8635 -1.6891 -0.0400
-0.9160 -1.6946 -0.0400
-2.9100 -0.5533 -0.0400
-2.9403 -0.6202 -0.0400
-2.9967 -0.6725 -0.0400
-2.9898 -0.7589 -0.0400
-3.0463 -0.8118 -0.0400
-3.2754 -2.1552 -0.0400
-3.2087 -2.2332 -0.0400
-3.1958 -2.3034 -0.0400
-3.2092 -2.3708 -0.0400
-0.6997 -2.7638 -0.0400
-0.6835 -2.7869 -0.0400
-0.6728 -2.8100 -0.0400
-0.6661 -2.8332 -0.0400
-0.6627 -2.8568 -0.0400
-0.6695 -2.8818 -0.0400
-0.6777 -2.9075 -0.0400
-0.6918 -2.9347 -0.0400
-0.7240 -2.9662 -0.0400
-4.4653 -4.3059 -0.0400
-2.3057 -3.7995 -0.0400
-2.2386 -3.8331 -0.0400
-2.2352 -3.8913 -0.0400
-2.5975 -7.4786 -0.0400
-1.4407 -6.9709 -0.0400
-1.2726 -6.8118 -0.0400
-1.1991 -6.8435 -0.0400
-1.1394 -6.9070 -0.0400
0.2895 -5.0912 -0.0400
0.3348 -5.0772 -0.0400
0.3774 -5.0784 -0.0400
0.4189 -5.0881 -0.0400
0.4580 -5.1260 -0.0400
0.8085 -3.5916 -0.0400
0.8225 -3.5766 -0.0400
0.8369 -3.5670 -0.0400
0.8517 -3.5603 -0.0400
0.8671 -3.5572 -0.0400
0.8832 -3.5575 -0.0400
0.9002 -3.5604 -0.0400
0.9184 -3.5673 -0.0400
4.9090 -6.1162 -0.0400
4.9208 -6.0043 -0.0400
5.0001 -5.9462 -0.0400
6.4056 -1.1571 -0.0400
3.4320 -1.6873 -0.0400
3.3630 -1.6589 -0.0400
2.0455 -2.1366 -0.0400
2.0163 -2.1211 -0.0400
1.9850 -2.1073 -0.0400
1.9685 -2.0875 -0.0400
1.9530 -2.0674 -0.0400
1.9421 -2.0452 -0.0400
1.9364 -2.0202 -0.0400
0.8694 3.1252 -0.0400
0.7668 3.0721 -0.0400
0.6657 3.1692 -0.0400
-0.0608 2.4806 -0.0400
-0.1414 2.4070 -0.0400
-0.2302 2.3907 -0.0400
-0.3294 2.4269 -0.0400
-2.1431 1.4620 -0.0400
-2.1718 1.3505 -0.0400
-2.1962 1.2374 -0.0400
-2.2882 1.2176 -0.0400
-0.7315 -1.1309 -0.0400
-0.7183 -1.1987 -0.0400
-0.7311 -1.2367 -0.0400
-0.7543 -1.2637 -0.0400
-0.6951 -1.3693 -0.0400
-0.6941 -1.4156 -0.0400
-0.7068 -1.4482 -0.0400
-0.7256 -1.4750 -0.0400
-0.7493 -1.4975 -0.0400
-0.7832 -1.5121 -0.0400
-0.7854 -1.5520 -0.0400
-0.7891 -1.5898 -0.0400
-0.8064 -1.6169 -0.0400
-0.8310 -1.6389 -0.0400
-0.8591 -1.6589 -0.0400
-0.8952 -1.6742 -0.0400
-2.8689 -0.4955 -0.0400
-2.9097 -0.5562 -0.0400
-2.9279 -0.6300 -0.0400
-2.9604 -0.6951 -0.0400
-3.0318 -0.7397 -0.0400
-3.2005 -2.0990 -0.0400
-3.1824 -2.1708 -0.0400
-3.1921 -2.2384 -0.0400
-3.2300 -2.3033 -0.0400
-0.7194 -2.7214 -0.0400
-0.6956 -2.7450 -0.0400
-0.6810 -2.7683 -0.0400
-0.6718 -2.7916 -0.0400
-0.6671 -2.8151 -0.0400
-0.6692 -2.8392 -0.0400
-0.6753 -2.8640 -0.0400
-0.6866 -2.8899 -0.0400
-0.7072 -2.9179 -0.0400
-4.4590 -4.2067 -0.0400
-2.2957 -3.7401 -0.0400
-2.2695 -3.7894 -0.0400
-2.7922 -7.3958 -0.0400
-1.4359 -6.7744 -0.0400
-1.3425 -6.7675 -0.0400
-1.2711 -6.8030 -0.0400
-1.2113 -6.8642 -0.0400
0.2010 -5.0879 -0.0400
0.2490 -5.0637 -0.0400
0.2922 -5.0618 -0.0400
0.3331 -5.0730 -0.0400
0.3752 -5.0766 -0.0400
0.4153 -5.0976 -0.0400
0.7903 -3.5975 -0.0400
0.8040 -3.5788 -0.0400
0.8182 -3.5679 -0.0400
0.8324 -3.5583 -0.0400
0.8477 -3.5559 -0.0400
0.8636 -3.5560 -0.0400
0.8801 -3.5585 -0.0400
0.9021 -3.5828 -0.0400
4.8466 -6.2033 -0.0400
4.8460 -6.0798 -0.0400
4.9182 -6.0170 -0.0400
3.4334 -1.7018 -0.0400
3.3672 -1.6723 -0.0400
2.0941 -2.1298 -0.0400
2.0218 -2.1314 -0.0400
1.9988 -2.1138 -0.0400
1.9733 -2.0979 -0.0400
1.9595 -2.0769 -0.0400
1.9483 -2.0547 -0.0400
1.9397 -2.0311 -0.0400
1.9399 -2.0026 -0.0400
1.9375 -1.9750 -0.0400
1.9585 -1.9328 -0.0400
0.8762 3.0831 -0.0400
0.7748 3.0707 -0.0400
0.6737 3.1164 -0.0400
-0.0622 2.5296 -0.0400
-0.1372 2.4142 -0.0400
-0.2330 2.4351 -0.0400
-2.0959 1.5522 -0.0400
-2.1440 1.4649 -0.0400
-2.1731 1.3534 -0.0400
-2.1973 1.2395 -0.0400
-0.7258 -1.1442 -0.0400
-0.7146 -1.2097 -0.0400
-0.7333 -1.2417 -0.0400
-0.6824 -1.3423 -0.0400
-0.6808 -1.3905 -0.0400
-0.6912 -1.4258 -0.0400
-0.7101 -1.4529 -0.0400
-0.7304 -1.4785 -0.0400
-0.7580 -1.4981 -0.0400
-0.7745 -1.5269 -0.0400
-0.7831 -1.5616 -0.0400
-0.7917 -1.5956 -0.0400
-0.8124 -1.6205 -0.0400
-0.8368 -1.6427 -0.0400
-0.8836 -1.6504 -0.0400
-2.8589 -0.4189 -0.0400
-2.8692 -0.4992 -0.0400
-2.9261 -0.5504 -0.0400
-2.9403 -0.6268 -0.0400
-2.9709 -0.6934 -0.0400
-3.2130 -2.1019 -0.0400
-3.1862 -2.1751 -0.0400
-3.2128 -2.2408 -0.0400
-3.3072 -2.3004 -0.0400
-0.7653 -2.7057 -0.0400
-0.6931 -2.7294 -0.0400
-0.6798 -2.7529 -0.0400
-0.6716 -2.7763 -0.0400
-0.6675 -2.7998 -0.0400
-0.6669 -2.8236 -0.0400
-0.6700 -2.8478 -0.0400
-0.6776 -2.8728 -0.0400
-0.7232 -2.9037 -0.0400
-4.4509 -4.2063 -0.0400
-2.3263 -3.6974 -0.0400
-2.2770 -3.7388 -0.0400
-2.2577 -3.7902 -0.0400
-2.7800 -7.3739 -0.0400
-1.4298 -6.7566 -0.0400
-1.3428 -6.7617 -0.0400
-1.2729 -6.7997 -0.0400
0.1937 -5.1117 -0.0400
0.2452 -5.0705 -0.0400
0.2895 -5.0612 -0.0400
0.3307 -5.0694 -0.0400
0.3715 -5.0811 -0.0400
0.4084 -5.1295 -0.0400
0.7855 -3.5863 -0.0400
0.7995 -3.5729 -0.0400
0.8139 -3.5643 -0.0400
0.8284 -3.5585 -0.0400
0.8434 -3.5553 -0.0400
0.8588 -3.5544 -0.0400
0.8768 -3.5646 -0.0400
0.8955 -3.5756 -0.0400
6.3985 -1.1985 -0.0400
3.3761 -1.6841 -0.0400
3.3382 -1.6449 -0.0400
2.0306 -2.1407 -0.0400
2.0060 -2.1235 -0.0400
1.9858 -2.1050 -0.0400
1.9651 -2.0871 -0.0400
1.9531 -2.0652 -0.0400
1.9462 -2.0407 -0.0400
1.9400 -2.0155 -0.0400
1.9479 -1.9820 -0.0400
1.9519 -1.9499 -0.0400
0.8845 3.0687 -0.0400
0.7836 3.0887 -0.0400
-0.0436 2.4420 -0.0400
-0.1300 2.4055 -0.0400
-0.2246 2.4200 -0.0400
-2.0875 1.5421 -0.0400
-2.1187 1.4298 -0.0400
-2.1385 1.3059 -0.0400
-2.2091 1.2571 -0.0400
-0.7060 -1.1725 -0.0400
-0.7160 -1.2147 -0.0400
-0.7052 -1.2773 -0.0400
-0.6816 -1.3501 -0.0400
-0.6767 -1.4014 -0.0400
-0.6923 -1.4320 -0.0400
-0.7118 -1.4586 -0.0400
-0.7361 -1.4809 -0.0400
-0.7696 -1.4957 -0.0400
-0.7761 -1.5329 -0.0400
-0.7802 -1.5713 -0.0400
-0.7946 -1.6010 -0.0400
-0.8188 -1.6234 -0.0400
-0.8453 -1.6444 -0.0400
-0.9000 -1.6469 -0.0400
-2.8328 -0.4391 -0.0400
-2.8693 -0.5026 -0.0400
-2.9099 -0.5635 -0.0400
-2.9255 -0.6390 -0.0400
-3.0086 -0.6764 -0.0400
-3.2139 -2.0365 -0.0400
-3.1812 -2.1116 -0.0400
-3.1807 -2.1807 -0.0400
-3.2061 -2.2464 -0.0400
-3.2730 -2.3085 -0.0400
-0.7544 -2.6890 -0.0400
-0.7115 -2.7140 -0.0400
-0.6906 -2.7379 -0.0400
-0.6779 -2.7615 -0.0400
-0.6703 -2.7849 -0.0400
-0.6686 -2.8086 -0.0400
-0.6730 -2.8328 -0.0400
-0.6824 -2.8578 -0.0400
-0.6985 -2.8840 -0.0400
-0.7351 -2.9140 -0.0400
-2.3138 -3.6988 -0.0400
-2.2709 -3.7423 -0.0400
-2.7650 -7.3493 -0.0400
-1.5875 -6.8744 -0.0400
-1.4418 -6.7750 -0.0400
-1.3430 -6.7569 -0.0400
-1.2772 -6.8029 -0.0400
0.2008 -5.0676 -0.0400
0.2459 -5.0558 -0.0400
0.2879 -5.0577 -0.0400
0.3281 -5.0706 -0.0400
0.3697 -5.0753 -0.0400
0.4086 -5.1029 -0.0400
0.7835 -3.5944 -0.0400
0.7970 -3.5768 -0.0400
0.8109 -3.5663 -0.0400
0.8248 -3.5575 -0.0400
0.8398 -3.5558 -0.0400
0.8554 -3.5566 -0.0400
0.8718 -3.5603 -0.0400
0.8895 -3.5688 -0.0400
0.9113 -3.5911 -0.0400
6.4044 -1.2169 -0.0400
3.3914 -1.6938 -0.0400
2.0882 -2.1584 -0.0400
2.0445 -2.1480 -0.0400
2.0162 -2.1323 -0.0400
1.9940 -2.1144 -0.0400
1.9715 -2.0972 -0.0400
1.9588 -2.0756 -0.0400
1.9483 -2.0528 -0.0400
1.9458 -2.0256 -0.0400
1.9425 -1.9985 -0.0400
1.9620 -1.9574 -0.0400
1.9884 -1.9103 -0.0400
1.0003 3.1623 -0.0400
0.8941 3.0784 -0.0400
0.7925 3.0753 -0.0400
0.6912 3.1356 -0.0400
-0.0410 2.4706 -0.0400
-0.1259 2.4205 -0.0400
-2.0866 1.5444 -0.0400
-2.1155 1.4281 -0.0400
-2.1334 1.3011 -0.0400
-2.2364 1.2968 -0.0400
-0.7216 -1.1050 -0.0400
-0.7018 -1.1829 -0.0400
-0.7163 -1.2204 -0.0400
-0.6736 -1.3161 -0.0400
-0.6701 -1.3679 -0.0400
-0.6785 -1.4063 -0.0400
-0.6945 -1.4366 -0.0400
-0.7152 -1.4622 -0.0400
-0.7447 -1.4802 -0.0400
-0.7619 -1.5090 -0.0400
-0.7657 -1.5482 -0.0400
-0.7789 -1.5793 -0.0400
-0.7999 -1.6040 -0.0400
-0.8231 -1.6273 -0.0400
-0.8611 -1.6404 -0.0400
-2.8310 -0.3550 -0.0400
-2.8295 -0.4443 -0.0400
-2.8722 -0.5039 -0.0400
-2.9035 -0.5706 -0.0400
-2.9302 -0.6396 -0.0400
-3.0050 -0.6817 -0.0400
-3.2220 -2.0398 -0.0400
-3.1848 -2.1157 -0.0400
-3.1939 -2.1836 -0.0400
-3.2496 -2.2459 -0.0400
-0.7081 -2.6982 -0.0400
-0.6890 -2.7225 -0.0400
-0.6772 -2.7463 -0.0400
-0.6705 -2.7699 -0.0400
-0.6677 -2.7934 -0.0400
-0.6686 -2.8172 -0.0400
-0.6735 -2.8415 -0.0400
-0.6837 -2.8665 -0.0400
-0.7508 -2.8992 -0.0400
-4.4754 -4.1206 -0.0400
-2.3083 -3.7028 -0.0400
-2.3042 -3.7597 -0.0400
-2.7632 -7.3433 -0.0400
-1.5226 -6.7521 -0.0400
-1.4230 -6.7353 -0.0400
-1.3447 -6.7562 -0.0400
-1.2852 -6.8151 -0.0400
-1.2519 -6.9330 -0.0400
0.1985 -5.0726 -0.0400
0.2443 -5.0565 -0.0400
0.2856 -5.0620 -0.0400
0.3270 -5.0663 -0.0400
0.3663 -5.0861 -0.0400
0.7671 -3.6088 -0.0400
0.7800 -3.5840 -0.0400
0.7937 -3.5712 -0.0400
0.8077 -3.5628 -0.0400
0.8219 -3.5574 -0.0400
0.8366 -3.5546 -0.0400
0.8516 -3.5542 -0.0400
0.8695 -3.5658 -0.0400
0.8884 -3.5797 -0.0400
3.4371 -1.7469 -0.0400
3.3790 -1.7141 -0.0400
3.3461 -1.6729 -0.0400
2.0654 -2.1527 -0.0400
2.0297 -2.1398 -0.0400
1.9950 -2.1274 -0.0400
1.9784 -2.1073 -0.0400
1.9650 -2.0859 -0.0400
1.9535 -2.0636 -0.0400
1.9503 -2.0368 -0.0400
1.9468 -2.0096 -0.0400
1.9470 -1.9800 -0.0400
1.9959 -1.9196 -0.0400
1.0067 3.0923 -0.0400
0.9037 3.0688 -0.0400
0.8028 3.0995 -0.0400
-0.0288 2.4349 -0.0400
-0.1177 2.4129 -0.0400
-0.2167 2.4508 -0.0400
-2.0486 1.4902 -0.0400
-2.1040 1.4150 -0.0400
-2.1344 1.3059 -0.0400
-0.6928 -1.1431 -0.0400
-0.6969 -1.1935 -0.0400
-0.7193 -1.2225 -0.0400
-0.6696 -1.3260 -0.0400
-0.6670 -1.3768 -0.0400
-0.6790 -1.4118 -0.0400
-0.6968 -1.4405 -0.0400
-0.7205 -1.4637 -0.0400
-0.7510 -1.4810 -0.0400
-0.7598 -1.5170 -0.0400
-0.7676 -1.5532 -0.0400
-0.7813 -1.5839 -0.0400
-0.8055 -1.6064 -0.0400
-0.8392 -1.6223 -0.0400
-0.8929 -1.6249 -0.0400
-2.8001 -0.3783 -0.0400
-2.8303 -0.4464 -0.0400
-2.8822 -0.5004 -0.0400
-2.8927 -0.5800 -0.0400
-2.9396 -0.6372 -0.0400
-3.1749 -2.0525 -0.0400
-3.1725 -2.1223 -0.0400
-3.1928 -2.1884 -0.0400
-3.2433 -2.2513 -0.0400
-0.7380 -2.6814 -0.0400
-0.7048 -2.7069 -0.0400
-0.6870 -2.7311 -0.0400
-0.6760 -2.7549 -0.0400
-0.6684 -2.7785 -0.0400
-0.6702 -2.8023 -0.0400
-0.6759 -2.8264 -0.0400
-0.6872 -2.8514 -0.0400
-0.7068 -2.8777 -0.0400
-4.4783 -4.1239 -0.0400
-2.3228 -3.6555 -0.0400
-2.2845 -3.7009 -0.0400
-2.3293 -3.7743 -0.0400
-2.8552 -7.2948 -0.0400
-2.7667 -7.3453 -0.0400
-1.5107 -6.7281 -0.0400
-1.4194 -6.7259 -0.0400
-1.3438 -6.7516 -0.0400
-1.3103 -6.8636 -0.0400
0.2030 -5.0476 -0.0400
0.2450 -5.0480 -0.0400
0.2851 -5.0588 -0.0400
0.3260 -5.0648 -0.0400
0.3657 -5.0800 -0.0400
0.7791 -3.5910 -0.0400
0.7923 -3.5745 -0.0400
0.8052 -3.5600 -0.0400
0.8195 -3.5563 -0.0400
0.8341 -3.5548 -0.0400
0.8493 -3.5560 -0.0400
0.8654 -3.5602 -0.0400
0.8829 -3.5696 -0.0400
0.9059 -3.5986 -0.0400
6.4133 -1.2548 -0.0400
3.3991 -1.7223 -0.0400
3.3572 -1.6843 -0.0400
2.0601 -2.1686 -0.0400
2.0290 -2.1537 -0.0400
2.0059 -2.1360 -0.0400
1.9869 -2.1169 -0.0400
1.9717 -2.0963 -0.0400
1.9609 -2.0735 -0.0400
1.9537 -2.0488 -0.0400
1.9493 -2.0222 -0.0400
1.9486 -1.9930 -0.0400
1.9879 -1.9387 -0.0400
1.0189 3.1188 -0.0400
0.9143 3.0728 -0.0400
0.8127 3.0832 -0.0400
0.0668 2.4710 -0.0400
-0.0197 2.4251 -0.0400
-0.1135 2.4350 -0.0400
-2.0834 1.5496 -0.0400
-2.0752 1.3769 -0.0400
-2.1283 1.3014 -0.0400
-0.6873 -1.1537 -0.0400
-0.6967 -1.1983 -0.0400
-0.6867 -1.2623 -0.0400
-0.6584 -1.3426 -0.0400
-0.6631 -1.3860 -0.0400
-0.6818 -1.4144 -0.0400
-0.7012 -1.4419 -0.0400
-0.7269 -1.4635 -0.0400
-0.7553 -1.4829 -0.0400
-0.7543 -1.5274 -0.0400
-0.7660 -1.5604 -0.0400
-0.7851 -1.5870 -0.0400
-0.8111 -1.6083 -0.0400
-0.8449 -1.6243 -0.0400
-2.8024 -0.2888 -0.0400
-2.7929 -0.3853 -0.0400
-2.8324 -0.4473 -0.0400
-2.8743 -0.5077 -0.0400
-2.8880 -0.5853 -0.0400
-2.9365 -0.6416 -0.0400
-3.1998 -1.9822 -0.0400
-3.1730 -2.0572 -0.0400
-3.1731 -2.1266 -0.0400
-3.1946 -2.1926 -0.0400
-0.6998 -2.6912 -0.0400
-0.6843 -2.7157 -0.0400
-0.6749 -2.7397 -0.0400
-0.6698 -2.7634 -0.0400
-0.6683 -2.7871 -0.0400
-0.6707 -2.8109 -0.0400
-0.6770 -2.8352 -0.0400
-0.7118 -2.8622 -0.0400
-4.5170 -4.0398 -0.0400
-2.3225 -3.6615 -0.0400
-2.2824 -3.7064 -0.0400
-2.3250 -3.7788 -0.0400
-2.8518 -7.2886 -0.0400
-1.6599 -6.8269 -0.0400
-1.4963 -6.7006 -0.0400
-1.4129 -6.7123 -0.0400
-1.3439 -6.7500 -0.0400
-1.3148 -6.8704 -0.0400
0.1586 -5.0562 -0.0400
0.2034 -5.0450 -0.0400
0.2451 -5.0464 -0.0400
0.2849 -5.0574 -0.0400
0.3243 -5.0715 -0.0400
0.3599 -5.1166 -0.0400
0.7638 -3.6013 -0.0400
0.7767 -3.5804 -0.0400
0.7902 -3.5686 -0.0400
0.8038 -3.5609 -0.0400
0.8177 -3.5559 -0.0400
0.8320 -3.5534 -0.0400
0.8478 -3.5588 -0.0400
0.8642 -3.5655 -0.0400
0.8829 -3.5805 -0.0400
3.4563 -1.7717 -0.0400
3.3917 -1.7409 -0.0400
3.3584 -1.6997 -0.0400
2.0931 -2.1686 -0.0400
2.0486 -2.1589 -0.0400
2.0201 -2.1434 -0.0400
1.9907 -2.1290 -0.0400
1.9769 -2.1076 -0.0400
1.9654 -2.0851 -0.0400
1.9567 -2.0611 -0.0400
1.9510 -2.0353 -0.0400
1.9644 -1.9979 -0.0400
1.9770 -1.9597 -0.0400
1.0276 3.0743 -0.0400
0.9254 3.0730 -0.0400
0.8246 3.1268 -0.0400
0.0691 2.5239 -0.0400
-0.0125 2.4338 -0.0400
-0.1031 2.4205 -0.0400
-2.0269 1.6351 -0.0400
-2.0624 1.5235 -0.0400
-2.0620 1.3629 -0.0400
-2.1310 1.3104 -0.0400
-0.6880 -1.0989 -0.0400
-0.6887 -1.1556 -0.0400
-0.6988 -1.1996 -0.0400
-0.6728 -1.2814 -0.0400
-0.6550 -1.3506 -0.0400
-0.6629 -1.3907 -0.0400
-0.6825 -1.4185 -0.0400
-0.7056 -1.4426 -0.0400
-0.7374 -1.4589 -0.0400
-0.7541 -1.4890 -0.0400
-0.7552 -1.5319 -0.0400
-0.7690 -1.5634 -0.0400
-0.7913 -1.5876 -0.0400
-0.8218 -1.6058 -0.0400
-0.8683 -1.6128 -0.0400
-2.7918 -0.2976 -0.0400
-2.7921 -0.3875 -0.0400
-2.8313 -0.4498 -0.0400
-2.8587 -0.5195 -0.0400
-2.8911 -0.5855 -0.0400
-3.0140 -0.5987 -0.0400
-3.1845 -1.9893 -0.0400
-3.1688 -2.0622 -0.0400
-3.1747 -2.1307 -0.0400
-3.2464 -2.1896 -0.0400
-0.7173 -2.6744 -0.0400
-0.6949 -2.6998 -0.0400
-0.6816 -2.7242 -0.0400
-0.6735 -2.7482 -0.0400
-0.6692 -2.7719 -0.0400
-0.6725 -2.7958 -0.0400
-0.6800 -2.8200 -0.0400
-0.6930 -2.8449 -0.0400
-0.7162 -2.8712 -0.0400
-4.5455 -4.0496 -0.0400
-4.4842 -4.1309 -0.0400
-2.3401 -3.6154 -0.0400
-2.2970 -3.6599 -0.0400
-2.3111 -3.7219 -0.0400
-2.8438 -7.2772 -0.0400
-1.6515 -6.8118 -0.0400
-1.4923 -6.6932 -0.0400
-1.4085 -6.7034 -0.0400
-1.3488 -6.7588 -0.0400
0.1614 -5.0465 -0.0400
0.2048 -5.0404 -0.0400
0.2458 -5.0444 -0.0400
0.2853 -5.0555 -0.0400
0.3242 -5.0719 -0.0400
0.3591 -5.1195 -0.0400
0.7645 -3.6129 -0.0400
0.7753 -3.5721 -0.0400
0.7888 -3.5636 -0.0400
0.8025 -3.5578 -0.0400
0.8164 -3.5545 -0.0400
0.8307 -3.5537 -0.0400
0.8456 -3.5552 -0.0400
0.8612 -3.5597 -0.0400
0.8784 -3.5697 -0.0400
2.3563 -5.1129 -0.0400
2.3615 -5.0343 -0.0400
2.3771 -4.9731 -0.0400
3.4184 -1.7470 -0.0400
3.3714 -1.7106 -0.0400
2.0901 -2.1838 -0.0400
2.0493 -2.1726 -0.0400
2.0227 -2.1561 -0.0400
2.0017 -2.1377 -0.0400
1.9845 -2.1179 -0.0400
1.9711 -2.0963 -0.0400
1.9648 -2.0710 -0.0400
1.9606 -2.0442 -0.0400
1.9606 -2.0146 -0.0400
1.9673 -1.9803 -0.0400
1.9958 -1.9311 -0.0400
1.1496 3.1710 -0.0400
1.0398 3.0801 -0.0400
0.9369 3.0708 -0.0400
0.8357 3.1088 -0.0400
0.0853 2.4636 -0.0400
-0.0030 2.4297 -0.0400
-0.0987 2.4500 -0.0400
-2.0227 1.6366 -0.0400
-2.0272 1.4760 -0.0400
-2.0567 1.3614 -0.0400
-2.1348 1.3220 -0.0400
-0.6680 -1.1255 -0.0400
-0.6812 -1.1671 -0.0400
-0.6541 -1.2529 -0.0400
-0.6489 -1.3107 -0.0400
-0.6566 -1.3525 -0.0400
-0.6650 -1.3926 -0.0400
-0.6848 -1.4203 -0.0400
-0.7094 -1.4433 -0.0400
-0.7408 -1.4602 -0.0400
-0.7462 -1.5004 -0.0400
-0.7531 -1.5384 -0.0400
-0.7721 -1.5656 -0.0400
-0.7957 -1.5891 -0.0400
-0.8312 -1.6036 -0.0400
-0.8904 -1.6017 -0.0400
-2.7750 -0.3104 -0.0400
-2.7893 -0.3905 -0.0400
-2.8482 -0.4400 -0.0400
-2.8572 -0.5218 -0.0400
-2.8922 -0.5864 -0.0400
-2.9903 -0.6141 -0.0400
-3.1681 -1.9964 -0.0400
-3.1649 -2.0669 -0.0400
-3.2011 -2.1305 -0.0400
-3.2771 -2.1892 -0.0400
-0.7384 -2.6563 -0.0400
-0.7063 -2.6832 -0.0400
-0.6890 -2.7083 -0.0400
-0.6716 -2.7328 -0.0400
-0.6692 -2.7566 -0.0400
-0.6699 -2.7804 -0.0400
-0.6741 -2.8043 -0.0400
-0.6826 -2.8286 -0.0400
-0.7248 -2.8555 -0.0400
-4.4970 -4.0403 -0.0400
-2.3458 -3.6233 -0.0400
-2.2963 -3.6660 -0.0400
-2.2964 -3.7233 -0.0400
-2.8490 -7.2832 -0.0400
-1.7596 -6.8331 -0.0400
-1.5826 -6.6931 -0.0400
-1.4790 -6.6700 -0.0400
-1.4069 -6.7010 -0.0400
-1.3484 -6.7583 -0.0400
0.1077 -5.0972 -0.0400
0.1606 -5.0550 -0.0400
0.2067 -5.0362 -0.0400
0.2465 -5.0445 -0.0400
0.2859 -5.0558 -0.0400
0.3239 -5.0766 -0.0400
0.7625 -3.5888 -0.0400
0.7755 -3.5736 -0.0400
0.7887 -3.5643 -0.0400
0.8021 -3.5577 -0.0400
0.8158 -3.5543 -0.0400
0.8302 -3.5550 -0.0400
0.8453 -3.5584 -0.0400
0.8614 -3.5657 -0.0400
0.8800 -3.5822 -0.0400
2.3440 -5.1101 -0.0400
2.3527 -5.0367 -0.0400
2.3669 -4.9739 -0.0400
2.3873 -4.9211 -0.0400
2.4304 -4.8979 -0.0400
2.4855 -4.8883 -0.0400
3.3534 -1.6798 -0.0400
2.0797 -2.1734 -0.0400
2.0414 -2.1617 -0.0400
2.0060 -2.1498 -0.0400
1.9898 -2.1294 -0.0400
1.9770 -2.1075 -0.0400
1.9672 -2.0840 -0.0400
1.9604 -2.0587 -0.0400
1.9573 -2.0311 -0.0400
1.9845 -1.9845 -0.0400
1.1619 3.1662 -0.0400
1.0522 3.0809 -0.0400
0.9491 3.0705 -0.0400
0.0919 2.4909 -0.0400
0.0060 2.4338 -0.0400
-2.0015 1.6113 -0.0400
-2.0252 1.4812 -0.0400
-2.0547 1.3660 -0.0400
-2.1341 1.3280 -0.0400
-0.6608 -1.1359 -0.0400
-0.6786 -1.1723 -0.0400
-0.7019 -1.2015 -0.0400
-0.6384 -1.3248 -0.0400
-0.6507 -1.3618 -0.0400
-0.6639 -1.3969 -0.0400
-0.6883 -1.4203 -0.0400
-0.7131 -1.4434 -0.0400
-0.7382 -1.4662 -0.0400
-0.7459 -1.5046 -0.0400
-0.7551 -1.5408 -0.0400
-0.7773 -1.5656 -0.0400
-0.8037 -1.5871 -0.0400
-0.8484 -1.5950 -0.0400
-2.8077 -0.1943 -0.0400
-2.7766 -0.3097 -0.0400
-2.7930 -0.3886 -0.0400
-2.8643 -0.4301 -0.0400
-2.8541 -0.5248 -0.0400
-2.9098 -0.5769 -0.0400
-3.2143 -1.9195 -0.0400
-3.1559 -2.0026 -0.0400
-3.1652 -2.0707 -0.0400
-3.1898 -2.1361 -0.0400
-0.7158 -2.6659 -0.0400
-0.6952 -2.6918 -0.0400
-0.6742 -2.7170 -0.0400
-0.6702 -2.7410 -0.0400
-0.6693 -2.7648 -0.0400
-0.6716 -2.7887 -0.0400
-0.6880 -2.8131 -0.0400
-0.7044 -2.8380 -0.0400
-0.7374 -2.8647 -0.0400
-2.3700 -3.5787 -0.0400
-2.3127 -3.6201 -0.0400
-2.3027 -3.6742 -0.0400
-2.9312 -7.2253 -0.0400
-1.5783 -6.6872 -0.0400
-1.4772 -6.6684 -0.0400
-1.4067 -6.7022 -0.0400
-1.3594 -6.7810 -0.0400
0.1221 -5.0465 -0.0400
0.1667 -5.0358 -0.0400
0.2088 -5.0336 -0.0400
0.2472 -5.0482 -0.0400
0.2875 -5.0532 -0.0400
0.3226 -5.0913 -0.0400
0.7620 -3.5753 -0.0400
0.7752 -3.5657 -0.0400
0.7885 -3.5592 -0.0400
0.8020 -3.5550 -0.0400
0.8157 -3.5529 -0.0400
0.8297 -3.5528 -0.0400
0.8443 -3.5552 -0.0400
0.8629 -3.5753 -0.0400
2.3452 -5.1254 -0.0400
2.3468 -5.0421 -0.0400
2.3457 -4.9591 -0.0400
2.3807 -4.9259 -0.0400
2.4248 -4.9043 -0.0400
2.4834 -4.8992 -0.0400
2.0201 -2.1573 -0.0400
1.9998 -2.1387 -0.0400
1.9840 -2.1183 -0.0400
1.9742 -2.0948 -0.0400
1.9683 -2.0689 -0.0400
1.9666 -2.0404 -0.0400
1.9707 -2.0077 -0.0400
1.9882 -1.9658 -0.0400
2.7883 -0.0737 -0.0400
2.7270 -0.0557 -0.0400
2.6812 -0.0175 -0.0400
1.1726 3.1336 -0.0400
1.0649 3.0760 -0.0400
0.9632 3.1016 -0.0400
0.1910 2.5393 -0.0400
0.1066 2.4527 -0.0400
0.0155 2.4379 -0.0400
-0.0840 2.4816 -0.0400
-1.9971 1.6144 -0.0400
-2.0244 1.4894 -0.0400
-2.0561 1.3768 -0.0400
-0.6527 -1.0872 -0.0400
-0.6592 -1.1388 -0.0400
-0.6783 -1.1739 -0.0400
-0.6630 -1.2470 -0.0400
-0.6327 -1.3330 -0.0400
-0.6493 -1.3655 -0.0400
-0.6678 -1.3954 -0.0400
-0.6915 -1.4199 -0.0400
-0.7214 -1.4384 -0.0400
-0.7267 -1.4798 -0.0400
-0.7403 -1.5128 -0.0400
-0.7577 -1.5420 -0.0400
-0.7811 -1.5661 -0.0400
-0.8092 -1.5865 -0.0400
-0.8651 -1.5860 -0.0400
-2.7540 -0.2335 -0.0400
-2.7625 -0.3195 -0.0400
-2.8008 -0.3833 -0.0400
-2.8292 -0.4535 -0.0400
-2.8564 -0.5238 -0.0400
-2.9222 -0.5699 -0.0400
-3.1614 -1.9344 -0.0400
-3.1568 -2.0058 -0.0400
-3.1760 -2.0722 -0.0400
-3.2169 -2.1353 -0.0400
-0.7195 -2.6484 -0.0400
-0.6979 -2.6750 -0.0400
-0.6757 -2.7008 -0.0400
-0.6711 -2.7251 -0.0400
-0.6696 -2.7490 -0.0400
-0.6706 -2.7729 -0.0400
-0.6826 -2.7970 -0.0400
-0.6951 -2.8214 -0.0400
-0.7156 -2.8468 -0.0400
-0.7734 -2.8752 -0.0400
-4.5482 -3.9614 -0.0400
-2.3883 -3.5896 -0.0400
-2.3159 -3.6272 -0.0400
-2.9287 -7.2229 -0.0400
-1.7126 -6.7588 -0.0400
-1.5694 -6.6745 -0.0400
-1.4751 -6.6673 -0.0400
-1.4073 -6.7057 -0.0400
-1.3633 -6.7905 -0.0400
0.1267 -5.0377 -0.0400
0.1697 -5.0326 -0.0400
0.2111 -5.0327 -0.0400
0.2497 -5.0449 -0.0400
0.2885 -5.0573 -0.0400
0.7503 -3.5885 -0.0400
0.7633 -3.5739 -0.0400
0.7763 -3.5646 -0.0400
0.7894 -3.5583 -0.0400
0.8026 -3.5536 -0.0400
0.8164 -3.5534 -0.0400
0.8306 -3.5554 -0.0400
0.8455 -3.5600 -0.0400
0.8617 -3.5695 -0.0400
0.8819 -3.5945 -0.0400
2.3191 -5.0166 -0.0400
2.3403 -4.9644 -0.0400
2.3740 -4.9299 -0.0400
2.4178 -4.9081 -0.0400
6.4631 -1.4301 -0.0400
1.9877 -2.1260 -0.0400
1.9792 -2.1017 -0.0400
1.9743 -2.0754 -0.0400
1.9933 -2.0347 -0.0400
2.0196 -1.9881 -0.0400
2.8579 -0.0981 -0.0400
2.7806 -0.0992 -0.0400
2.7368 -0.0584 -0.0400
2.7547 0.0684 -0.0400
2.7170 0.1222 -0.0400
1.0762 3.1143 -0.0400
0.2044 2.4739 -0.0400
0.1139 2.4509 -0.0400
-1.8441 1.7188 -0.0400
-1.8772 1.5964 -0.0400
-1.9185 1.4933 -0.0400
-1.9779 1.4232 -0.0400
-0.6252 -1.0605 -0.0400
-0.6325 -1.1125 -0.0400
-0.6526 -1.1471 -0.0400
-0.5981 -1.2683 -0.0400
-0.6078 -1.3101 -0.0400
-0.6259 -1.3414 -0.0400
-0.6458 -1.3703 -0.0400
-0.6740 -1.3904 -0.0400
-0.7059 -1.4071 -0.0400
-0.7126 -1.4482 -0.0400
-0.7182 -1.4893 -0.0400
-0.7389 -1.5159 -0.0400
-0.7706 -1.5329 -0.0400
-0.8058 -1.5477 -0.0400
-0.8526 -1.5541 -0.0400
-2.7100 -0.1719 -0.0400
-2.7218 -0.2567 -0.0400
-2.7669 -0.3160 -0.0400
-2.7830 -0.3953 -0.0400
-2.8214 -0.4586 -0.0400
-3.2226 -1.7778 -0.0400
-3.1388 -1.8707 -0.0400
-3.1422 -1.9406 -0.0400
-3.1692 -2.0054 -0.0400
-0.7674 -2.5969 -0.0400
-0.6946 -2.6311 -0.0400
-0.6834 -2.6568 -0.0400
-0.6766 -2.6817 -0.0400
-0.6698 -2.7063 -0.0400
-0.6711 -2.7302 -0.0400
-0.6813 -2.7540 -0.0400
-0.6921 -2.7780 -0.0400
-0.7085 -2.8025 -0.0400
-0.7385 -2.8280 -0.0400
-4.5455 -3.8665 -0.0400
-2.3483 -3.5265 -0.0400
-2.3225 -3.5765 -0.0400
-3.0891 -7.1025 -0.0400
-3.0001 -7.1528 -0.0400
-1.7863 -6.7251 -0.0400
-1.6152 -6.6002 -0.0400
-1.5409 -6.6277 -0.0400
-1.4910 -6.6977 -0.0400
-1.4520 -6.7909 -0.0400
0.0403 -5.0503 -0.0400
0.0934 -5.0122 -0.0400
0.1347 -5.0134 -0.0400
0.1739 -5.0220 -0.0400
0.2126 -5.0333 -0.0400
0.2506 -5.0482 -0.0400
0.7240 -3.6030 -0.0400
0.7372 -3.5807 -0.0400
0.7503 -3.5684 -0.0400
0.7630 -3.5560 -0.0400
0.7762 -3.5525 -0.0400
0.7895 -3.5508 -0.0400
0.8031 -3.5507 -0.0400
0.8170 -3.5527 -0.0400
0.8335 -3.5682 -0.0400
0.8513 -3.5876 -0.0400
2.2657 -5.1183 -0.0400
2.2830 -5.0572 -0.0400
2.2983 -4.9957 -0.0400
2.3299 -4.9583 -0.0400
2.3906 -4.9589 -0.0400
4.6075 -6.4375 -0.0400
4.6284 -6.3303 -0.0400
6.4704 -1.4417 -0.0400
