# .PCD v0.7 - Point Cloud Data file format
VERSION 0.7
FIELDS x y z
SIZE 4 4 4
TYPE F F F
COUNT 1 1 1
WIDTH 17378
HEIGHT 1
VIEWPOINT 0 0 0 1 0 0 0
POINTS 17378
DATA ascii
2.3727 -2.3338 -0.0400
2.4440 -2.3334 -0.0400
2.4669 -2.3508 -0.0400
2.4845 -2.3701 -0.0400
2.4986 -2.3906 -0.0400
2.5103 -2.4122 -0.0400
2.5186 -2.4355 -0.0400
2.5151 -2.4651 -0.0400
2.5128 -2.4947 -0.0400
2.5027 -2.5295 -0.0400
-0.4306 -4.6247 -0.0400
-0.3314 -4.6634 -0.0400
-0.2706 -4.7275 -0.0400
-0.2929 -4.8534 -0.0400
3.6738 -2.4830 -0.0400
3.6882 -2.4645 -0.0400
3.7014 -2.4503 -0.0400
3.7143 -2.4345 -0.0400
3.7259 -2.4274 -0.0400
3.7371 -2.4231 -0.0400
3.7481 -2.4198 -0.0400
3.7591 -2.4103 -0.0400
3.7698 -2.4028 -0.0400
3.7802 -2.3967 -0.0400
3.7904 -2.3920 -0.0400
3.8006 -2.3885 -0.0400
3.8107 -2.3855 -0.0400
3.8208 -2.3828 -0.0400
3.8310 -2.3827 -0.0400
3.8414 -2.3833 -0.0400
3.8520 -2.3846 -0.0400
3.8628 -2.3868 -0.0400
3.8739 -2.3902 -0.0400
3.8856 -2.3952 -0.0400
3.9007 -2.4152 -0.0400
3.9163 -2.4338 -0.0400
5.4933 -7.4003 -0.0400
5.5323 -7.1898 -0.0400
5.5688 -6.9923 -0.0400
5.5509 -6.6639 -0.0400
5.5845 -6.4995 -0.0400
5.6164 -6.3440 -0.0400
5.6468 -6.1966 -0.0400
5.6758 -6.0567 -0.0400
5.7035 -5.9236 -0.0400
5.7300 -5.7969 -0.0400
5.7140 -5.5948 -0.0400
5.7396 -5.4845 -0.0400
5.7643 -5.3787 -0.0400
5.7882 -5.2771 -0.0400
5.8113 -5.1794 -0.0400
5.7993 -5.0305 -0.0400
5.8220 -4.9432 -0.0400
5.8441 -4.8588 -0.0400
5.8656 -4.7770 -0.0400
5.8572 -4.6576 -0.0400
5.8784 -4.5831 -0.0400
5.8991 -4.5106 -0.0400
5.8937 -4.4085 -0.0400
5.9142 -4.3414 -0.0400
5.9111 -4.2496 -0.0400
5.9313 -4.1870 -0.0400
5.9509 -4.1257 -0.0400
5.9500 -4.0447 -0.0400
5.9694 -3.9867 -0.0400
5.9701 -3.9122 -0.0400
5.9722 -3.8414 -0.0400
5.9912 -3.7880 -0.0400
5.9946 -3.7219 -0.0400
5.9990 -3.6586 -0.0400
6.0174 -3.6083 -0.0400
6.0226 -3.5485 -0.0400
6.0286 -3.4906 -0.0400
6.0353 -3.4346 -0.0400
6.0426 -3.3801 -0.0400
6.0503 -3.3270 -0.0400
6.0585 -3.2751 -0.0400
6.0670 -3.2244 -0.0400
6.0706 -3.1715 -0.0400
6.0404 -3.1002 -0.0400
6.0273 -3.0408 -0.0400
6.0135 -2.9826 -0.0400
5.9991 -2.9256 -0.0400
5.9841 -2.8698 -0.0400
5.9854 -2.8230 -0.0400
5.9693 -2.7693 -0.0400
5.9528 -2.7167 -0.0400
5.9360 -2.6654 -0.0400
5.9349 -2.6213 -0.0400
5.9174 -2.5720 -0.0400
5.9000 -2.5239 -0.0400
5.8973 -2.4817 -0.0400
5.8795 -2.4356 -0.0400
5.8760 -2.3945 -0.0400
5.8582 -2.3502 -0.0400
5.8539 -2.3102 -0.0400
5.8492 -2.2707 -0.0400
5.8314 -2.2289 -0.0400
5.8262 -2.1904 -0.0400
5.8089 -2.1502 -0.0400
5.8033 -2.1127 -0.0400
5.7973 -2.0756 -0.0400
5.7911 -2.0388 -0.0400
5.7745 -2.0013 -0.0400
5.7681 -1.9654 -0.0400
5.7614 -1.9298 -0.0400
5.7545 -1.8945 -0.0400
5.7393 -1.8593 -0.0400
5.7324 -1.8247 -0.0400
5.7253 -1.7903 -0.0400
5.7181 -1.7563 -0.0400
5.7106 -1.7224 -0.0400
5.6976 -1.6891 -0.0400
5.6903 -1.6558 -0.0400
5.6829 -1.6226 -0.0400
5.6753 -1.5896 -0.0400
5.6677 -1.5567 -0.0400
5.6599 -1.5240 -0.0400
5.6520 -1.4914 -0.0400
5.6422 -1.4592 -0.0400
5.6346 -1.4268 -0.0400
5.6268 -1.3944 -0.0400
5.6190 -1.3620 -0.0400
5.6110 -1.3297 -0.0400
5.6029 -1.2975 -0.0400
5.5947 -1.2652 -0.0400
5.5864 -1.2329 -0.0400
5.5801 -1.1999 -0.0400
5.5719 -1.1673 -0.0400
5.5636 -1.1348 -0.0400
5.5550 -1.1021 -0.0400
5.5464 -1.0694 -0.0400
5.5375 -1.0366 -0.0400
5.5284 -1.0037 -0.0400
5.5245 -0.9681 -0.0400
5.5153 -0.9347 -0.0400
5.5059 -0.9012 -0.0400
5.4962 -0.8675 -0.0400
5.4862 -0.8337 -0.0400
5.4833 -0.7954 -0.0400
5.4730 -0.7609 -0.0400
5.4623 -0.7263 -0.0400
5.4513 -0.6915 -0.0400
5.4485 -0.6507 -0.0400
5.4369 -0.6152 -0.0400
5.4249 -0.5796 -0.0400
5.4124 -0.5438 -0.0400
5.4091 -0.5002 -0.0400
5.3958 -0.4637 -0.0400
5.3921 -0.4184 -0.0400
5.3779 -0.3812 -0.0400
5.3631 -0.3439 -0.0400
5.3582 -0.2964 -0.0400
5.3423 -0.2584 -0.0400
5.3365 -0.2093 -0.0400
5.3192 -0.1707 -0.0400
5.3123 -0.1200 -0.0400
5.3048 -0.0683 -0.0400
5.2853 -0.0287 -0.0400
5.2763 0.0245 -0.0400
5.2665 0.0787 -0.0400
5.2558 0.1338 -0.0400
5.2328 0.1745 -0.0400
5.2201 0.2309 -0.0400
5.2064 0.2880 -0.0400
5.1916 0.3459 -0.0400
5.1755 0.4046 -0.0400
5.1691 0.4817 -0.0400
5.1413 0.5269 -0.0400
5.1102 0.5679 -0.0400
5.0788 0.6100 -0.0400
5.0472 0.6533 -0.0400
5.0155 0.6982 -0.0400
4.9835 0.7447 -0.0400
4.9513 0.7930 -0.0400
4.9189 0.8436 -0.0400
4.8791 0.8795 -0.0400
4.8458 0.9335 -0.0400
4.8121 0.9904 -0.0400
4.7704 1.0289 -0.0400
4.7356 1.0905 -0.0400
4.7003 1.1560 -0.0400
4.6563 1.1983 -0.0400
4.6194 1.2704 -0.0400
4.5735 1.3155 -0.0400
4.5265 1.3615 -0.0400
4.4865 1.4442 -0.0400
4.4373 1.4940 -0.0400
4.3946 1.5869 -0.0400
4.3425 1.6414 -0.0400
4.2891 1.6975 -0.0400
4.2410 1.8070 -0.0400
3.9171 -0.4917 -0.0400
3.8914 -0.5181 -0.0400
3.8678 -0.5311 -0.0400
3.8381 -0.6524 -0.0400
3.8172 -0.6698 -0.0400
3.7972 -0.6779 -0.0400
3.7773 -0.7040 -0.0400
3.7586 -0.7545 -0.0400
3.7412 -0.7875 -0.0400
3.7239 -0.7970 -0.0400
3.7067 -0.8036 -0.0400
3.6894 -0.8075 -0.0400
3.6721 -0.8100 -0.0400
3.6545 -0.8094 -0.0400
3.6367 -0.8083 -0.0400
3.6166 -0.7921 -0.0400
3.5961 -0.7785 -0.0400
3.5721 -0.7485 -0.0400
1.9755 2.5008 -0.0400
1.9108 2.4453 -0.0400
1.8110 2.4682 -0.0400
0.0022 -0.5604 -0.0400
0.0996 -0.6633 -0.0400
0.0881 -0.7300 -0.0400
0.0795 -0.7972 -0.0400
0.0808 -0.8665 -0.0400
0.0654 -0.9313 -0.0400
0.0338 -0.9926 -0.0400
-0.0917 -1.0359 -0.0400
-0.1301 -1.0990 -0.0400
-0.2154 -1.1554 -0.0400
-0.4967 -2.1619 -0.0400
-0.4673 -2.2342 -0.0400
2.3929 -2.3272 -0.0400
2.4325 -2.3394 -0.0400
2.4596 -2.3555 -0.0400
2.4868 -2.3708 -0.0400
2.5002 -2.3916 -0.0400
2.5105 -2.4138 -0.0400
2.5187 -2.4370 -0.0400
2.5240 -2.4618 -0.0400
2.5127 -2.4958 -0.0400
2.5038 -2.5295 -0.0400
2.4688 -2.5794 -0.0400
-0.4104 -4.6715 -0.0400
-0.2994 -4.7015 -0.0400
-0.2536 -4.7762 -0.0400
2.2574 -6.9039 -0.0400
2.3479 -6.9249 -0.0400
2.4293 -6.9806 -0.0400
3.6699 -2.4983 -0.0400
3.6857 -2.4710 -0.0400
3.6991 -2.4558 -0.0400
3.7122 -2.4369 -0.0400
3.7237 -2.4295 -0.0400
3.7348 -2.4241 -0.0400
3.7456 -2.4207 -0.0400
3.7563 -2.4172 -0.0400
3.7668 -2.4118 -0.0400
3.7771 -2.3975 -0.0400
3.7871 -2.3925 -0.0400
3.7970 -2.3890 -0.0400
3.8069 -2.3860 -0.0400
3.8167 -2.3837 -0.0400
3.8265 -2.3821 -0.0400
3.8364 -2.3818 -0.0400
3.8468 -2.3845 -0.0400
3.8572 -2.3865 -0.0400
3.8680 -2.3897 -0.0400
3.8791 -2.3942 -0.0400
3.8909 -2.4005 -0.0400
3.9035 -2.4095 -0.0400
3.9179 -2.4241 -0.0400
5.2235 -7.4297 -0.0400
5.2486 -7.1403 -0.0400
5.3061 -6.9941 -0.0400
5.3611 -6.8545 -0.0400
5.4138 -6.7209 -0.0400
5.4645 -6.5929 -0.0400
5.5132 -6.4701 -0.0400
5.5601 -6.3521 -0.0400
5.5734 -6.1613 -0.0400
5.6175 -6.0566 -0.0400
5.6603 -5.9554 -0.0400
5.7017 -5.8575 -0.0400
5.7420 -5.7628 -0.0400
5.7530 -5.6170 -0.0400
5.7916 -5.5311 -0.0400
5.8292 -5.4474 -0.0400
5.8659 -5.3659 -0.0400
5.8770 -5.2462 -0.0400
5.9125 -5.1709 -0.0400
5.9472 -5.0973 -0.0400
5.9592 -4.9932 -0.0400
5.9929 -4.9244 -0.0400
6.0059 -4.8297 -0.0400
6.0388 -4.7648 -0.0400
6.0709 -4.7008 -0.0400
6.0847 -4.6162 -0.0400
6.1161 -4.5551 -0.0400
6.1308 -4.4766 -0.0400
6.1464 -4.4016 -0.0400
6.1767 -4.3444 -0.0400
6.1929 -4.2739 -0.0400
6.2098 -4.2060 -0.0400
6.2390 -4.1514 -0.0400
6.2563 -4.0867 -0.0400
6.2741 -4.0239 -0.0400
6.2923 -3.9628 -0.0400
6.3109 -3.9031 -0.0400
6.3298 -3.8447 -0.0400
6.3489 -3.7875 -0.0400
6.3682 -3.7312 -0.0400
6.3807 -3.6708 -0.0400
6.3516 -3.5831 -0.0400
6.3418 -3.5111 -0.0400
6.3310 -3.4404 -0.0400
6.3193 -3.3712 -0.0400
6.3068 -3.3034 -0.0400
6.3129 -3.2478 -0.0400
6.2989 -3.1822 -0.0400
6.2843 -3.1181 -0.0400
6.2693 -3.0554 -0.0400
6.2721 -3.0028 -0.0400
6.2561 -2.9424 -0.0400
6.2400 -2.8835 -0.0400
6.2408 -2.8330 -0.0400
6.2242 -2.7763 -0.0400
6.2239 -2.7271 -0.0400
6.2070 -2.6726 -0.0400
6.2057 -2.6246 -0.0400
6.2040 -2.5771 -0.0400
6.1868 -2.5256 -0.0400
6.1843 -2.4792 -0.0400
6.1675 -2.4298 -0.0400
6.1645 -2.3846 -0.0400
6.1610 -2.3398 -0.0400
6.1571 -2.2954 -0.0400
6.1410 -2.2492 -0.0400
6.1368 -2.2058 -0.0400
6.1323 -2.1628 -0.0400
6.1275 -2.1201 -0.0400
6.1128 -2.0766 -0.0400
6.1079 -2.0348 -0.0400
6.1028 -1.9932 -0.0400
6.0974 -1.9520 -0.0400
6.0918 -1.9110 -0.0400
6.0795 -1.8700 -0.0400
6.0740 -1.8296 -0.0400
6.0684 -1.7894 -0.0400
6.0626 -1.7494 -0.0400
6.0567 -1.7095 -0.0400
6.0506 -1.6698 -0.0400
6.0443 -1.6302 -0.0400
6.0358 -1.5910 -0.0400
6.0298 -1.5516 -0.0400
6.0237 -1.5123 -0.0400
6.0174 -1.4730 -0.0400
6.0111 -1.4338 -0.0400
6.0045 -1.3946 -0.0400
5.9979 -1.3554 -0.0400
5.9911 -1.3161 -0.0400
5.9868 -1.2762 -0.0400
5.9802 -1.2367 -0.0400
5.9734 -1.1971 -0.0400
5.9664 -1.1574 -0.0400
5.9592 -1.1176 -0.0400
5.9518 -1.0776 -0.0400
5.9442 -1.0376 -0.0400
5.9429 -0.9949 -0.0400
5.9352 -0.9542 -0.0400
5.9272 -0.9133 -0.0400
5.9189 -0.8723 -0.0400
5.9103 -0.8311 -0.0400
5.9105 -0.7852 -0.0400
5.9015 -0.7432 -0.0400
5.8922 -0.7009 -0.0400
5.8824 -0.6585 -0.0400
5.8830 -0.6096 -0.0400
5.8727 -0.5662 -0.0400
5.8618 -0.5226 -0.0400
5.8504 -0.4788 -0.0400
5.8506 -0.4265 -0.0400
5.8383 -0.3818 -0.0400
5.8383 -0.3275 -0.0400
5.8249 -0.2818 -0.0400
5.8109 -0.2360 -0.0400
5.8097 -0.1789 -0.0400
5.7943 -0.1322 -0.0400
5.7922 -0.0731 -0.0400
5.7754 -0.0255 -0.0400
5.7720 0.0355 -0.0400
5.7681 0.0979 -0.0400
5.7487 0.1469 -0.0400
5.7431 0.2111 -0.0400
5.7366 0.2766 -0.0400
5.7292 0.3432 -0.0400
5.7058 0.3940 -0.0400
5.6961 0.4622 -0.0400
5.6853 0.5316 -0.0400
5.6732 0.6020 -0.0400
5.6597 0.6734 -0.0400
5.6595 0.7659 -0.0400
5.6286 0.8192 -0.0400
5.5924 0.8665 -0.0400
5.5562 0.9148 -0.0400
5.5198 0.9642 -0.0400
5.4832 1.0149 -0.0400
5.4466 1.0671 -0.0400
5.4098 1.1211 -0.0400
5.3729 1.1770 -0.0400
5.3279 1.2195 -0.0400
5.2903 1.2785 -0.0400
5.2526 1.3403 -0.0400
5.2057 1.3850 -0.0400
5.1672 1.4511 -0.0400
5.1284 1.5209 -0.0400
5.0794 1.5689 -0.0400
5.0395 1.6448 -0.0400
4.9887 1.6953 -0.0400
4.9370 1.7466 -0.0400
4.8946 1.8322 -0.0400
4.8408 1.8868 -0.0400
4.7965 1.9818 -0.0400
4.7403 2.0406 -0.0400
4.6828 2.1007 -0.0400
4.6343 2.2108 -0.0400
4.5737 2.2765 -0.0400
4.5115 2.3439 -0.0400
4.4477 2.4133 -0.0400
4.3911 2.5481 -0.0400
4.3228 2.6252 -0.0400
3.9123 -0.4998 -0.0400
3.8869 -0.5236 -0.0400
3.8582 -0.6075 -0.0400
3.8339 -0.6641 -0.0400
3.8132 -0.6773 -0.0400
3.7931 -0.6856 -0.0400
3.7732 -0.7425 -0.0400
3.7548 -0.7684 -0.0400
3.7370 -0.7849 -0.0400
3.7195 -0.7969 -0.0400
3.7024 -0.8087 -0.0400
3.6849 -0.8114 -0.0400
3.6672 -0.8122 -0.0400
3.6492 -0.8108 -0.0400
3.6308 -0.8072 -0.0400
3.6116 -0.8002 -0.0400
3.5914 -0.7897 -0.0400
3.5686 -0.7680 -0.0400
2.0069 2.5480 -0.0400
1.9536 2.4625 -0.0400
1.8823 2.4226 -0.0400
-1.6091 0.6758 -0.0400
-1.6905 0.5983 -0.0400
0.0890 -0.6323 -0.0400
0.0881 -0.7027 -0.0400
0.0670 -0.7668 -0.0400
0.0738 -0.8383 -0.0400
0.0656 -0.9053 -0.0400
0.0254 -0.9646 -0.0400
-0.0329 -1.0211 -0.0400
-0.1098 -1.0757 -0.0400
-0.1576 -1.1376 -0.0400
-0.4969 -2.1328 -0.0400
2.3578 -2.3294 -0.0400
2.4168 -2.3353 -0.0400
2.4622 -2.3446 -0.0400
2.4801 -2.3638 -0.0400
2.4950 -2.3841 -0.0400
2.5067 -2.4056 -0.0400
2.5161 -2.4282 -0.0400
2.5161 -2.4555 -0.0400
2.5166 -2.4830 -0.0400
2.5124 -2.5136 -0.0400
2.4995 -2.5499 -0.0400
-0.4559 -4.6444 -0.0400
-0.3493 -4.6788 -0.0400
-0.2841 -4.7400 -0.0400
-0.2795 -4.8456 -0.0400
2.1854 -6.9564 -0.0400
2.2903 -6.9326 -0.0400
2.3694 -6.9963 -0.0400
3.6780 -2.4877 -0.0400
3.6946 -2.4498 -0.0400
3.7066 -2.4420 -0.0400
3.7182 -2.4344 -0.0400
3.7295 -2.4269 -0.0400
3.7403 -2.4230 -0.0400
3.7509 -2.4195 -0.0400
3.7616 -2.4081 -0.0400
3.7719 -2.4011 -0.0400
3.7819 -2.3953 -0.0400
3.7917 -2.3910 -0.0400
3.8015 -2.3878 -0.0400
3.8112 -2.3849 -0.0400
3.8209 -2.3828 -0.0400
3.8308 -2.3827 -0.0400
3.8408 -2.3835 -0.0400
3.8510 -2.3850 -0.0400
3.8614 -2.3871 -0.0400
3.8721 -2.3905 -0.0400
3.8832 -2.3953 -0.0400
3.8951 -2.4020 -0.0400
3.9079 -2.4117 -0.0400
5.2132 -7.6434 -0.0400
5.2903 -7.5254 -0.0400
5.3651 -7.4111 -0.0400
5.4377 -7.3002 -0.0400
5.5082 -7.1924 -0.0400
5.5767 -7.0877 -0.0400
5.6433 -6.9858 -0.0400
5.6843 -6.8240 -0.0400
5.7477 -6.7306 -0.0400
5.8097 -6.6394 -0.0400
5.8702 -6.5502 -0.0400
5.9294 -6.4629 -0.0400
5.9656 -6.3325 -0.0400
6.0227 -6.2512 -0.0400
6.0786 -6.1712 -0.0400
6.1336 -6.0926 -0.0400
6.1680 -5.9814 -0.0400
6.2214 -5.9070 -0.0400
6.2738 -5.8336 -0.0400
6.3079 -5.7341 -0.0400
6.3589 -5.6640 -0.0400
6.3934 -5.5718 -0.0400
6.4432 -5.5042 -0.0400
6.4923 -5.4370 -0.0400
6.5267 -5.3525 -0.0400
6.5746 -5.2871 -0.0400
6.6093 -5.2072 -0.0400
6.6447 -5.1301 -0.0400
6.6911 -5.0671 -0.0400
6.7266 -4.9933 -0.0400
6.7626 -4.9214 -0.0400
6.8075 -4.8597 -0.0400
6.8435 -4.7900 -0.0400
6.8728 -4.7152 -0.0400
6.9163 -4.6545 -0.0400
6.9530 -4.5883 -0.0400
6.9898 -4.5229 -0.0400
7.0266 -4.4582 -0.0400
7.0634 -4.3939 -0.0400
7.0890 -4.3218 -0.0400
7.0545 -4.2069 -0.0400
7.0443 -4.1131 -0.0400
7.0328 -4.0211 -0.0400
7.0202 -3.9309 -0.0400
7.0065 -3.8425 -0.0400
7.0164 -3.7706 -0.0400
7.0006 -3.6851 -0.0400
6.9840 -3.6014 -0.0400
6.9668 -3.5195 -0.0400
6.9724 -3.4514 -0.0400
6.9539 -3.3725 -0.0400
6.7323 -3.2010 -0.0400
6.9380 -3.2300 -0.0400
6.9185 -3.1559 -0.0400
6.9199 -3.0920 -0.0400
6.8999 -3.0208 -0.0400
6.9001 -2.9585 -0.0400
6.8995 -2.8967 -0.0400
6.8791 -2.8293 -0.0400
6.8776 -2.7691 -0.0400
6.8576 -2.7044 -0.0400
6.8553 -2.6457 -0.0400
6.8524 -2.5874 -0.0400
6.8489 -2.5297 -0.0400
6.8298 -2.4692 -0.0400
6.8259 -2.4127 -0.0400
6.8216 -2.3568 -0.0400
6.8169 -2.3012 -0.0400
6.7995 -2.2443 -0.0400
6.7946 -2.1899 -0.0400
6.7895 -2.1358 -0.0400
6.7840 -2.0821 -0.0400
6.7782 -2.0287 -0.0400
6.7637 -1.9752 -0.0400
6.7581 -1.9226 -0.0400
6.7523 -1.8702 -0.0400
6.7463 -1.8181 -0.0400
6.7400 -1.7661 -0.0400
6.7335 -1.7144 -0.0400
6.7269 -1.6629 -0.0400
6.7172 -1.6117 -0.0400
6.7109 -1.5604 -0.0400
6.7044 -1.5091 -0.0400
6.6977 -1.4580 -0.0400
6.6909 -1.4069 -0.0400
6.6838 -1.3557 -0.0400
6.6766 -1.3046 -0.0400
6.6692 -1.2535 -0.0400
6.6651 -1.2015 -0.0400
6.6579 -1.1500 -0.0400
6.6506 -1.0984 -0.0400
6.6430 -1.0467 -0.0400
6.6351 -0.9948 -0.0400
6.6269 -0.9427 -0.0400
6.6185 -0.8905 -0.0400
6.6184 -0.8351 -0.0400
6.6099 -0.7820 -0.0400
6.6010 -0.7288 -0.0400
6.5918 -0.6752 -0.0400
6.5821 -0.6214 -0.0400
6.5840 -0.5620 -0.0400
6.5739 -0.5071 -0.0400
6.5633 -0.4520 -0.0400
6.5522 -0.3965 -0.0400
6.5548 -0.3331 -0.0400
6.5429 -0.2765 -0.0400
6.5304 -0.2196 -0.0400
6.5172 -0.1623 -0.0400
6.5194 -0.0945 -0.0400
6.5051 -0.0361 -0.0400
6.5070 0.0343 -0.0400
6.4913 0.0941 -0.0400
6.4747 0.1541 -0.0400
6.4753 0.2281 -0.0400
6.4571 0.2893 -0.0400
6.4565 0.3660 -0.0400
6.4364 0.4284 -0.0400
6.4342 0.5076 -0.0400
6.4314 0.5886 -0.0400
6.4080 0.6529 -0.0400
6.4031 0.7364 -0.0400
6.3970 0.8215 -0.0400
6.3898 0.9083 -0.0400
6.3613 0.9749 -0.0400
6.3513 1.0639 -0.0400
6.3397 1.1543 -0.0400
6.3266 1.2460 -0.0400
6.3117 1.3392 -0.0400
6.3148 1.4591 -0.0400
6.2712 1.5221 -0.0400
6.2188 1.5744 -0.0400
6.1662 1.6272 -0.0400
6.1135 1.6806 -0.0400
6.0607 1.7348 -0.0400
6.0078 1.7900 -0.0400
5.9548 1.8464 -0.0400
5.9018 1.9042 -0.0400
5.8422 1.9519 -0.0400
5.7886 2.0118 -0.0400
5.7349 2.0737 -0.0400
5.6735 2.1223 -0.0400
5.6191 2.1874 -0.0400
5.5645 2.2553 -0.0400
5.5011 2.3058 -0.0400
5.4457 2.3783 -0.0400
5.3807 2.4302 -0.0400
5.3148 2.4824 -0.0400
5.2573 2.5622 -0.0400
5.1896 2.6165 -0.0400
5.1305 2.7034 -0.0400
5.0606 2.7605 -0.0400
4.9896 2.8182 -0.0400
4.7490 2.1850 -0.0400
4.6820 2.2162 -0.0400
4.7783 3.0403 -0.0400
4.7019 3.1039 -0.0400
4.6326 3.2201 -0.0400
4.5525 3.2888 -0.0400
4.4706 3.3589 -0.0400
4.3869 3.4306 -0.0400
3.9032 -0.5129 -0.0400
3.8701 -0.6352 -0.0400
3.8478 -0.6562 -0.0400
3.8265 -0.6743 -0.0400
3.8060 -0.6844 -0.0400
3.7860 -0.6927 -0.0400
3.7666 -0.7576 -0.0400
3.7485 -0.7792 -0.0400
3.7311 -0.8018 -0.0400
3.7135 -0.8080 -0.0400
3.6960 -0.8121 -0.0400
3.6784 -0.8147 -0.0400
3.6605 -0.8141 -0.0400
3.6424 -0.8127 -0.0400
3.6235 -0.8069 -0.0400
3.6041 -0.7996 -0.0400
3.5774 -0.7547 -0.0400
1.9850 2.5108 -0.0400
1.9237 2.4459 -0.0400
1.8315 2.4520 -0.0400
-1.6073 0.7385 -0.0400
-1.6539 0.6451 -0.0400
0.0178 -0.5712 -0.0400
0.0901 -0.6666 -0.0400
0.0682 -0.7305 -0.0400
0.0409 -0.7931 -0.0400
0.0578 -0.8675 -0.0400
0.0329 -0.9305 -0.0400
-0.0116 -0.9897 -0.0400
-0.1056 -1.0398 -0.0400
-0.1960 -1.0937 -0.0400
2.3350 -2.3266 -0.0400
2.4104 -2.3271 -0.0400
2.4435 -2.3415 -0.0400
2.4756 -2.3552 -0.0400
2.4905 -2.3756 -0.0400
2.5019 -2.3972 -0.0400
2.5115 -2.4197 -0.0400
2.5180 -2.4438 -0.0400
2.5110 -2.4750 -0.0400
2.5061 -2.5059 -0.0400
2.4905 -2.5436 -0.0400
-0.3804 -4.6662 -0.0400
-0.3103 -4.7245 -0.0400
2.1558 -6.9557 -0.0400
2.2583 -6.9413 -0.0400
2.3461 -6.9741 -0.0400
3.6740 -2.4864 -0.0400
3.6886 -2.4656 -0.0400
3.7028 -2.4416 -0.0400
3.7145 -2.4340 -0.0400
3.7258 -2.4268 -0.0400
3.7367 -2.4229 -0.0400
3.7474 -2.4193 -0.0400
3.7580 -2.4158 -0.0400
3.7685 -2.4012 -0.0400
3.7786 -2.3953 -0.0400
3.7886 -2.3912 -0.0400
3.7984 -2.3880 -0.0400
3.8082 -2.3850 -0.0400
3.8179 -2.3831 -0.0400
3.8278 -2.3823 -0.0400
3.8379 -2.3838 -0.0400
3.8481 -2.3852 -0.0400
3.8585 -2.3874 -0.0400
3.8692 -2.3907 -0.0400
3.8804 -2.3955 -0.0400
3.8922 -2.4022 -0.0400
3.9050 -2.4118 -0.0400
3.9199 -2.4285 -0.0400
6.8188 -4.6918 -0.0400
6.9174 -4.6825 -0.0400
8.7409 -5.0814 -0.0400
8.7201 -4.9453 -0.0400
8.6976 -4.8119 -0.0400
8.7113 -4.7031 -0.0400
8.6858 -4.5741 -0.0400
8.6592 -4.4479 -0.0400
8.6317 -4.3245 -0.0400
8.6388 -4.2214 -0.0400
6.6962 -3.2000 -0.0400
8.5795 -3.9864 -0.0400
8.5827 -3.8874 -0.0400
8.5517 -3.7757 -0.0400
8.5527 -3.6791 -0.0400
8.5212 -3.5719 -0.0400
8.5203 -3.4777 -0.0400
8.5182 -3.3844 -0.0400
8.4862 -3.2829 -0.0400
8.4827 -3.1919 -0.0400
8.4513 -3.0944 -0.0400
8.4466 -3.0057 -0.0400
8.4411 -2.9178 -0.0400
8.4349 -2.8305 -0.0400
8.4048 -2.7395 -0.0400
8.3979 -2.6542 -0.0400
8.3903 -2.5697 -0.0400
8.3821 -2.4858 -0.0400
8.3547 -2.4002 -0.0400
8.3464 -2.3180 -0.0400
8.3376 -2.2363 -0.0400
8.3283 -2.1552 -0.0400
6.9134 -1.9963 -0.0400
6.9305 -1.9418 -0.0400
7.1467 -1.8910 -0.0400
8.2764 -1.8356 -0.0400
8.2663 -1.7569 -0.0400
8.2559 -1.6785 -0.0400
8.2451 -1.6005 -0.0400
8.2341 -1.5227 -0.0400
8.2185 -1.4455 -0.0400
8.2080 -1.3681 -0.0400
8.1972 -1.2908 -0.0400
8.1862 -1.2136 -0.0400
8.1748 -1.1364 -0.0400
8.1633 -1.0593 -0.0400
8.1514 -0.9822 -0.0400
8.1392 -0.9050 -0.0400
8.1320 -0.8266 -0.0400
8.1203 -0.7489 -0.0400
8.1082 -0.6710 -0.0400
8.0957 -0.5930 -0.0400
8.0828 -0.5147 -0.0400
8.0695 -0.4362 -0.0400
8.0558 -0.3574 -0.0400
8.0545 -0.2736 -0.0400
8.0407 -0.1936 -0.0400
8.0263 -0.1132 -0.0400
8.0113 -0.0325 -0.0400
7.9957 0.0487 -0.0400
7.9974 0.1385 -0.0400
7.9811 0.2212 -0.0400
7.9641 0.3044 -0.0400
7.9462 0.3880 -0.0400
7.2623 0.1049 -0.0400
7.9299 0.5692 -0.0400
7.9099 0.6551 -0.0400
7.8889 0.7414 -0.0400
7.8910 0.8438 -0.0400
7.8682 0.9319 -0.0400
7.8698 1.0384 -0.0400
7.8450 1.1283 -0.0400
7.8189 1.2188 -0.0400
7.8183 1.3306 -0.0400
7.7896 1.4228 -0.0400
7.7873 1.5386 -0.0400
7.7557 1.6326 -0.0400
7.7510 1.7523 -0.0400
7.7451 1.8747 -0.0400
7.7087 1.9714 -0.0400
7.6996 2.0975 -0.0400
7.6889 2.2260 -0.0400
7.6763 2.3570 -0.0400
7.6320 2.4572 -0.0400
7.6151 2.5914 -0.0400
7.5960 2.7278 -0.0400
4.8537 2.2193 -0.0400
4.7696 2.1843 -0.0400
4.7023 2.2143 -0.0400
3.9350 -0.4920 -0.0400
3.9081 -0.5241 -0.0400
3.8784 -0.6024 -0.0400
3.8525 -0.6670 -0.0400
3.8314 -0.6826 -0.0400
3.8112 -0.6908 -0.0400
3.7908 -0.7294 -0.0400
3.7717 -0.7651 -0.0400
3.7536 -0.7847 -0.0400
3.7359 -0.7967 -0.0400
3.7187 -0.8109 -0.0400
3.7012 -0.8143 -0.0400
3.6836 -0.8167 -0.0400
3.6658 -0.8158 -0.0400
3.6477 -0.8137 -0.0400
3.6289 -0.8079 -0.0400
3.6096 -0.8005 -0.0400
3.5885 -0.7853 -0.0400
2.0097 2.5152 -0.0400
1.9469 2.4536 -0.0400
1.8473 2.4769 -0.0400
0.0680 -0.6363 -0.0400
0.0540 -0.7032 -0.0400
0.0237 -0.7653 -0.0400
0.0322 -0.8380 -0.0400
0.0066 -0.9014 -0.0400
-0.0549 -0.9571 -0.0400
-0.1228 -1.0132 -0.0400
-0.1618 -1.0767 -0.0400
-0.5489 -2.0722 -0.0400
2.4007 -2.3125 -0.0400
2.4346 -2.3268 -0.0400
2.4585 -2.3441 -0.0400
2.4777 -2.3629 -0.0400
2.4926 -2.3832 -0.0400
2.5034 -2.4052 -0.0400
2.5095 -2.4295 -0.0400
2.5127 -2.4555 -0.0400
2.5120 -2.4839 -0.0400
2.5054 -2.5162 -0.0400
-0.4371 -4.6632 -0.0400
-0.3499 -4.7107 -0.0400
-0.3008 -4.7840 -0.0400
3.6829 -2.4611 -0.0400
3.6960 -2.4484 -0.0400
3.7080 -2.4407 -0.0400
3.7198 -2.4331 -0.0400
3.7314 -2.4221 -0.0400
3.7423 -2.4187 -0.0400
3.7531 -2.4152 -0.0400
3.7637 -2.4071 -0.0400
3.7741 -2.4005 -0.0400
3.7843 -2.3948 -0.0400
3.7943 -2.3880 -0.0400
3.8042 -2.3851 -0.0400
3.8142 -2.3836 -0.0400
3.8242 -2.3830 -0.0400
3.8343 -2.3828 -0.0400
3.8446 -2.3836 -0.0400
3.8550 -2.3851 -0.0400
3.8665 -2.3926 -0.0400
3.8779 -2.3978 -0.0400
3.8901 -2.4054 -0.0400
3.9035 -2.4169 -0.0400
3.9196 -2.4378 -0.0400
6.7982 -4.6928 -0.0400
6.9011 -4.6880 -0.0400
6.6853 -3.2037 -0.0400
8.5218 -3.8803 -0.0400
8.5283 -3.7848 -0.0400
6.8972 -2.0563 -0.0400
6.8756 -2.0000 -0.0400
6.8863 -1.9460 -0.0400
7.1060 -1.8971 -0.0400
7.1233 -1.8388 -0.0400
8.2355 -1.3778 -0.0400
8.2388 -1.2984 -0.0400
7.2351 0.0001 -0.0400
7.2094 0.0641 -0.0400
7.2494 0.1656 -0.0400
4.8661 2.2012 -0.0400
4.7847 2.1763 -0.0400
4.7172 2.2039 -0.0400
3.9395 -0.4870 -0.0400
3.9038 -0.5982 -0.0400
3.8779 -0.6473 -0.0400
3.8559 -0.6666 -0.0400
3.8350 -0.6815 -0.0400
3.8148 -0.6920 -0.0400
3.7937 -0.7594 -0.0400
3.7752 -0.7795 -0.0400
3.7574 -0.7937 -0.0400
3.7398 -0.8037 -0.0400
3.7225 -0.8104 -0.0400
3.7053 -0.8157 -0.0400
3.6880 -0.8181 -0.0400
3.6703 -0.8164 -0.0400
3.6522 -0.8127 -0.0400
3.6336 -0.8063 -0.0400
3.6142 -0.7972 -0.0400
3.5929 -0.7797 -0.0400
3.5676 -0.7448 -0.0400
2.0802 2.6316 -0.0400
2.0401 2.5080 -0.0400
1.9706 2.4631 -0.0400
1.8859 2.4541 -0.0400
0.0559 -0.6027 -0.0400
0.0556 -0.6741 -0.0400
-0.0161 -0.7242 -0.0400
0.0076 -0.8020 -0.0400
-0.0090 -0.8681 -0.0400
-0.0693 -0.9242 -0.0400
-0.1373 -0.9803 -0.0400
-0.4798 -2.1116 -0.0400
-0.4746 -2.1860 -0.0400
-0.5267 -2.2666 -0.0400
2.4138 -2.3439 -0.0400
2.4621 -2.3512 -0.0400
2.4814 -2.3697 -0.0400
2.4962 -2.3900 -0.0400
2.5081 -2.4115 -0.0400
2.5174 -2.4343 -0.0400
2.5238 -2.4588 -0.0400
2.5130 -2.4929 -0.0400
2.5038 -2.5272 -0.0400
-0.4114 -4.7253 -0.0400
-0.3174 -4.7674 -0.0400
-0.2599 -4.8347 -0.0400
3.6726 -2.4894 -0.0400
3.6876 -2.4668 -0.0400
3.7010 -2.4521 -0.0400
3.7133 -2.4430 -0.0400
3.7257 -2.4271 -0.0400
3.7370 -2.4221 -0.0400
3.7481 -2.4185 -0.0400
3.7590 -2.4148 -0.0400
3.7698 -2.4018 -0.0400
3.7802 -2.3952 -0.0400
3.7905 -2.3904 -0.0400
3.8007 -2.3865 -0.0400
3.8108 -2.3833 -0.0400
3.8209 -2.3806 -0.0400
3.8311 -2.3798 -0.0400
3.8415 -2.3799 -0.0400
3.8520 -2.3807 -0.0400
3.8627 -2.3825 -0.0400
3.8738 -2.3854 -0.0400
3.8853 -2.3895 -0.0400
3.8974 -2.3955 -0.0400
3.9145 -2.4215 -0.0400
6.8476 -4.6394 -0.0400
6.9703 -4.6505 -0.0400
6.6917 -3.2016 -0.0400
6.7183 -3.1514 -0.0400
8.5306 -3.7844 -0.0400
8.5680 -3.7021 -0.0400
6.8989 -1.9940 -0.0400
6.8775 -1.9381 -0.0400
6.8863 -1.8838 -0.0400
7.1188 -1.8316 -0.0400
7.1762 -1.7726 -0.0400
8.2422 -1.3720 -0.0400
8.2253 -1.2947 -0.0400
7.2702 0.0251 -0.0400
7.2024 0.0669 -0.0400
7.1734 0.1291 -0.0400
7.2114 0.2310 -0.0400
4.7908 2.1933 -0.0400
4.7155 2.1886 -0.0400
4.6460 2.2063 -0.0400
3.9100 -0.5223 -0.0400
3.8802 -0.5994 -0.0400
3.8557 -0.6434 -0.0400
3.8344 -0.6622 -0.0400
3.8134 -0.6886 -0.0400
3.7938 -0.6958 -0.0400
3.7742 -0.7513 -0.0400
3.7561 -0.7732 -0.0400
3.7386 -0.7888 -0.0400
3.7218 -0.8061 -0.0400
3.7047 -0.8119 -0.0400
3.6876 -0.8150 -0.0400
3.6706 -0.8175 -0.0400
3.6531 -0.8170 -0.0400
3.6355 -0.8154 -0.0400
3.6172 -0.8106 -0.0400
3.5957 -0.7885 -0.0400
3.5733 -0.7664 -0.0400
1.9645 2.5080 -0.0400
1.9049 2.4407 -0.0400
1.8026 2.4691 -0.0400
0.0073 -0.6381 -0.0400
0.0409 -0.7195 -0.0400
0.0061 -0.7804 -0.0400
-0.0007 -0.8491 -0.0400
-0.0076 -0.9173 -0.0400
-0.0809 -0.9709 -0.0400
-0.1473 -1.0281 -0.0400
-0.4995 -2.1654 -0.0400
-0.4652 -2.2372 -0.0400
-0.4719 -2.3130 -0.0400
2.4414 -2.3460 -0.0400
2.4659 -2.3627 -0.0400
2.4856 -2.3809 -0.0400
2.5020 -2.4004 -0.0400
2.5110 -2.4234 -0.0400
2.5170 -2.4480 -0.0400
2.5192 -2.4751 -0.0400
2.5171 -2.5050 -0.0400
2.5059 -2.5411 -0.0400
-0.3449 -4.7654 -0.0400
3.6655 -2.5006 -0.0400
3.6815 -2.4732 -0.0400
3.6952 -2.4588 -0.0400
3.7088 -2.4388 -0.0400
3.7207 -2.4315 -0.0400
3.7324 -2.4250 -0.0400
3.7437 -2.4211 -0.0400
3.7549 -2.4138 -0.0400
3.7659 -2.4065 -0.0400
3.7766 -2.3997 -0.0400
3.7871 -2.3936 -0.0400
3.7973 -2.3863 -0.0400
3.8077 -2.3832 -0.0400
3.8180 -2.3812 -0.0400
3.8284 -2.3802 -0.0400
3.8388 -2.3798 -0.0400
3.8495 -2.3802 -0.0400
3.8608 -2.3850 -0.0400
3.8722 -2.3883 -0.0400
3.8841 -2.3933 -0.0400
3.8966 -2.4003 -0.0400
3.9105 -2.4114 -0.0400
3.9270 -2.4312 -0.0400
6.8141 -4.7102 -0.0400
6.8474 -4.6403 -0.0400
6.9629 -4.6450 -0.0400
6.6874 -3.1962 -0.0400
6.7254 -3.1511 -0.0400
8.5157 -3.7776 -0.0400
8.6025 -3.7152 -0.0400
6.9275 -2.0462 -0.0400
6.8933 -1.9883 -0.0400
6.8768 -1.9326 -0.0400
7.1033 -1.8847 -0.0400
7.1167 -1.8264 -0.0400
7.1669 -1.7675 -0.0400
8.2538 -1.3672 -0.0400
8.2213 -1.2914 -0.0400
7.3054 0.0486 -0.0400
7.2045 0.0733 -0.0400
7.2096 0.1547 -0.0400
4.7942 2.2040 -0.0400
4.7158 2.1860 -0.0400
4.6494 2.2168 -0.0400
3.9071 -0.5277 -0.0400
3.8769 -0.6115 -0.0400
3.8533 -0.6483 -0.0400
3.8314 -0.6796 -0.0400
3.8115 -0.6896 -0.0400
3.7921 -0.6964 -0.0400
3.7726 -0.7493 -0.0400
3.7549 -0.7877 -0.0400
3.7377 -0.7976 -0.0400
3.7207 -0.8059 -0.0400
3.7038 -0.8115 -0.0400
3.6870 -0.8155 -0.0400
3.6700 -0.8168 -0.0400
3.6527 -0.8158 -0.0400
3.6349 -0.8121 -0.0400
3.6166 -0.8062 -0.0400
3.5975 -0.7976 -0.0400
3.5766 -0.7814 -0.0400
3.5520 -0.7502 -0.0400
1.9814 2.4888 -0.0400
1.9136 2.4415 -0.0400
1.8290 2.4323 -0.0400
0.0462 -0.7056 -0.0400
-0.0111 -0.7602 -0.0400
-0.0097 -0.8312 -0.0400
-0.0035 -0.9027 -0.0400
-0.0374 -0.9647 -0.0400
-0.1434 -1.0131 -0.0400
-0.1719 -1.0788 -0.0400
-0.4847 -2.1471 -0.0400
-0.4680 -2.2205 -0.0400
-0.4921 -2.2984 -0.0400
2.4856 -2.3715 -0.0400
2.4974 -2.3932 -0.0400
2.5063 -2.4163 -0.0400
2.5021 -2.4464 -0.0400
2.4986 -2.4768 -0.0400
2.4850 -2.5137 -0.0400
-0.4683 -4.6199 -0.0400
-0.3784 -4.6659 -0.0400
3.6930 -2.4443 -0.0400
3.7053 -2.4375 -0.0400
3.7174 -2.4307 -0.0400
3.7292 -2.4225 -0.0400
3.7406 -2.4193 -0.0400
3.7518 -2.4151 -0.0400
3.7629 -2.4074 -0.0400
3.7737 -2.3963 -0.0400
3.7844 -2.3925 -0.0400
3.7950 -2.3896 -0.0400
3.8055 -2.3869 -0.0400
3.8161 -2.3858 -0.0400
3.8268 -2.3859 -0.0400
3.8376 -2.3867 -0.0400
3.8487 -2.3885 -0.0400
3.8600 -2.3913 -0.0400
3.8717 -2.3952 -0.0400
3.8860 -2.4117 -0.0400
3.9004 -2.4252 -0.0400
6.7533 -4.7555 -0.0400
6.8020 -4.6999 -0.0400
6.6655 -3.2468 -0.0400
6.7018 -3.2011 -0.0400
8.4811 -3.8608 -0.0400
8.5910 -3.8090 -0.0400
6.9046 -2.0963 -0.0400
6.8808 -2.0389 -0.0400
6.8877 -1.9845 -0.0400
7.1022 -1.9399 -0.0400
7.1186 -1.8818 -0.0400
7.1732 -1.8238 -0.0400
8.2370 -1.4451 -0.0400
8.2498 -1.3651 -0.0400
7.2752 -0.0408 -0.0400
7.2290 0.0125 -0.0400
7.2203 0.0854 -0.0400
4.8618 2.1771 -0.0400
4.7843 2.1648 -0.0400
4.7179 2.1936 -0.0400
3.9551 -0.4931 -0.0400
3.9280 -0.5242 -0.0400
3.8927 -0.6386 -0.0400
3.8703 -0.6615 -0.0400
3.8484 -0.6890 -0.0400
3.8288 -0.6965 -0.0400
3.8095 -0.7026 -0.0400
3.7886 -0.7780 -0.0400
3.7710 -0.7923 -0.0400
3.7538 -0.8015 -0.0400
3.7368 -0.8092 -0.0400
3.7202 -0.8176 -0.0400
3.7034 -0.8195 -0.0400
3.6865 -0.8201 -0.0400
3.6695 -0.8192 -0.0400
3.6522 -0.8163 -0.0400
3.6331 -0.8019 -0.0400
3.6137 -0.7887 -0.0400
3.5922 -0.7664 -0.0400
2.0493 2.5511 -0.0400
1.9920 2.4766 -0.0400
1.8969 2.4928 -0.0400
-0.2262 2.4021 -0.0400
-0.2861 2.3188 -0.0400
-0.3528 2.2430 -0.0400
0.0189 -0.8283 -0.0400
-0.0348 -0.8851 -0.0400
-0.1255 -0.9353 -0.0400
-0.1652 -0.9984 -0.0400
-0.5143 -2.0631 -0.0400
-0.4757 -2.1351 -0.0400
-0.4760 -2.2100 -0.0400
2.5058 -2.4300 -0.0400
2.5071 -2.4575 -0.0400
2.5032 -2.4886 -0.0400
-0.4139 -4.6686 -0.0400
-0.3408 -4.7255 -0.0400
3.7237 -2.4242 -0.0400
3.7353 -2.4212 -0.0400
3.7468 -2.4180 -0.0400
3.7581 -2.4046 -0.0400
3.7691 -2.3990 -0.0400
3.7800 -2.3951 -0.0400
3.7908 -2.3918 -0.0400
3.8014 -2.3875 -0.0400
3.8122 -2.3866 -0.0400
3.8231 -2.3864 -0.0400
3.8340 -2.3868 -0.0400
3.8456 -2.3914 -0.0400
3.8573 -2.3948 -0.0400
3.8694 -2.3997 -0.0400
3.8821 -2.4066 -0.0400
3.8958 -2.4166 -0.0400
3.9119 -2.4349 -0.0400
6.7491 -4.7542 -0.0400
6.8095 -4.7097 -0.0400
6.9172 -4.7087 -0.0400
6.6655 -3.2442 -0.0400
8.4800 -3.9601 -0.0400
8.4824 -3.8616 -0.0400
8.5809 -3.8050 -0.0400
6.8868 -2.0897 -0.0400
6.8718 -2.0332 -0.0400
6.8786 -1.9789 -0.0400
7.1058 -1.9353 -0.0400
7.1314 -1.8774 -0.0400
8.2786 -1.5180 -0.0400
8.2368 -1.4417 -0.0400
8.2478 -1.3618 -0.0400
7.2896 -0.0285 -0.0400
7.2415 0.0243 -0.0400
7.2907 0.1286 -0.0400
4.8561 2.1577 -0.0400
4.7845 2.1662 -0.0400
4.7201 2.2026 -0.0400
3.9465 -0.5275 -0.0400
3.9225 -0.5413 -0.0400
3.8868 -0.6611 -0.0400
3.8659 -0.6740 -0.0400
3.8456 -0.6856 -0.0400
3.8256 -0.7015 -0.0400
3.8050 -0.7423 -0.0400
3.7858 -0.7851 -0.0400
3.7684 -0.7968 -0.0400
3.7514 -0.8050 -0.0400
3.7348 -0.8157 -0.0400
3.7182 -0.8188 -0.0400
3.7016 -0.8207 -0.0400
3.6850 -0.8211 -0.0400
3.6677 -0.8159 -0.0400
3.6503 -0.8109 -0.0400
3.6324 -0.8042 -0.0400
3.6134 -0.7925 -0.0400
3.5928 -0.7740 -0.0400
2.0683 2.5222 -0.0400
2.0011 2.4735 -0.0400
1.9181 2.4627 -0.0400
-0.2172 2.4112 -0.0400
-0.2750 2.3259 -0.0400
-0.3477 2.2563 -0.0400
-0.1494 -0.9862 -0.0400
-0.5429 -2.0483 -0.0400
-0.4768 -2.1185 -0.0400
-0.5027 -2.1958 -0.0400
2.4773 -2.5185 -0.0400
-0.4858 -4.5878 -0.0400
-0.3982 -4.6356 -0.0400
1.6342 -5.2565 -0.0400
1.7174 -5.2558 -0.0400
3.7527 -2.4073 -0.0400
3.7640 -2.4015 -0.0400
3.7751 -2.3973 -0.0400
3.7859 -2.3915 -0.0400
3.7968 -2.3891 -0.0400
3.8078 -2.3878 -0.0400
3.8188 -2.3874 -0.0400
3.8302 -2.3894 -0.0400
3.8416 -2.3912 -0.0400
3.8533 -2.3938 -0.0400
3.8654 -2.3977 -0.0400
3.8800 -2.4139 -0.0400
3.8947 -2.4271 -0.0400
3.9147 -2.4613 -0.0400
6.7325 -4.8474 -0.0400
6.7474 -4.7562 -0.0400
6.8186 -4.7219 -0.0400
6.6478 -3.2975 -0.0400
6.6675 -3.2432 -0.0400
8.4659 -3.9545 -0.0400
8.4917 -3.8664 -0.0400
6.9074 -2.1432 -0.0400
6.8854 -2.0850 -0.0400
6.8736 -2.0287 -0.0400
6.9009 -1.9757 -0.0400
7.1181 -1.9314 -0.0400
7.1705 -1.8742 -0.0400
8.2581 -1.5160 -0.0400
8.2345 -1.4385 -0.0400
8.2563 -1.3577 -0.0400
7.3408 -0.0752 -0.0400
7.2592 -0.0381 -0.0400
7.2314 0.0245 -0.0400
7.2746 0.1252 -0.0400
4.8538 2.1523 -0.0400
4.7838 2.1660 -0.0400
4.7303 2.2465 -0.0400
3.9411 -0.5371 -0.0400
3.9090 -0.6126 -0.0400
3.8823 -0.6672 -0.0400
3.8606 -0.6902 -0.0400
3.8411 -0.6977 -0.0400
3.8195 -0.7425 -0.0400
3.8005 -0.7688 -0.0400
3.7826 -0.7838 -0.0400
3.7653 -0.8038 -0.0400
3.7486 -0.8108 -0.0400
3.7322 -0.8190 -0.0400
3.7157 -0.8206 -0.0400
3.6993 -0.8223 -0.0400
3.6826 -0.8193 -0.0400
3.6657 -0.8157 -0.0400
3.6484 -0.8107 -0.0400
3.6307 -0.8043 -0.0400
3.6088 -0.7716 -0.0400
2.1410 2.5761 -0.0400
2.0808 2.5080 -0.0400
2.0047 2.4820 -0.0400
1.9074 2.5046 -0.0400
-0.2087 2.4200 -0.0400
-0.2676 2.3360 -0.0400
-0.3150 2.2417 -0.0400
-0.4922 -2.0285 -0.0400
-0.4764 -2.1019 -0.0400
-0.4923 -2.1781 -0.0400
-0.4377 -4.6407 -0.0400
-0.3667 -4.6994 -0.0400
1.6365 -5.2233 -0.0400
1.7032 -5.2502 -0.0400
1.7257 -5.3550 -0.0400
3.7806 -2.3934 -0.0400
3.7917 -2.3908 -0.0400
3.8029 -2.3892 -0.0400
3.8142 -2.3894 -0.0400
3.8255 -2.3900 -0.0400
3.8371 -2.3913 -0.0400
3.8488 -2.3932 -0.0400
3.8621 -2.4033 -0.0400
3.8752 -2.4102 -0.0400
3.8893 -2.4204 -0.0400
3.9058 -2.4390 -0.0400
6.7462 -4.7593 -0.0400
6.8209 -4.7283 -0.0400
6.6431 -3.2937 -0.0400
6.6751 -3.2456 -0.0400
8.4490 -3.9480 -0.0400
8.4944 -3.8688 -0.0400
6.8934 -2.1374 -0.0400
6.8749 -2.0797 -0.0400
6.8763 -2.0246 -0.0400
7.0983 -1.9850 -0.0400
7.1164 -1.9271 -0.0400
8.2416 -1.5138 -0.0400
8.2355 -1.4354 -0.0400
7.2899 -0.0938 -0.0400
7.2555 -0.0345 -0.0400
7.2681 0.0487 -0.0400
4.9267 2.1523 -0.0400
4.8501 2.1436 -0.0400
4.7850 2.1745 -0.0400
3.9604 -0.5256 -0.0400
3.9243 -0.6167 -0.0400
3.8997 -0.6485 -0.0400
3.8766 -0.6779 -0.0400
3.8556 -0.6979 -0.0400
3.8367 -0.7021 -0.0400
3.8147 -0.7562 -0.0400
3.7957 -0.7885 -0.0400
3.7785 -0.7987 -0.0400
3.7616 -0.8122 -0.0400
3.7452 -0.8160 -0.0400
3.7289 -0.8201 -0.0400
3.7127 -0.8228 -0.0400
3.6964 -0.8227 -0.0400
3.6798 -0.8187 -0.0400
3.6630 -0.8144 -0.0400
3.6458 -0.8090 -0.0400
3.6263 -0.7866 -0.0400
3.6061 -0.7665 -0.0400
2.1326 2.6153 -0.0400
2.0836 2.5168 -0.0400
2.0131 2.4774 -0.0400
-0.2018 2.4297 -0.0400
-0.2596 2.3448 -0.0400
-0.3080 2.2516 -0.0400
-0.4918 -2.0122 -0.0400
-0.4773 -2.0857 -0.0400
-0.4917 -2.1616 -0.0400
2.3918 -2.2879 -0.0400
2.4234 -2.3024 -0.0400
2.4466 -2.3197 -0.0400
1.6086 -5.2392 -0.0400
1.6860 -5.2490 -0.0400
1.7250 -5.3247 -0.0400
3.8089 -2.3906 -0.0400
3.8204 -2.3909 -0.0400
3.8321 -2.3917 -0.0400
3.8446 -2.3982 -0.0400
3.8571 -2.4023 -0.0400
3.8702 -2.4082 -0.0400
3.8841 -2.4168 -0.0400
6.7609 -4.7793 -0.0400
6.6441 -3.2935 -0.0400
6.6815 -3.2480 -0.0400
8.4518 -3.9511 -0.0400
8.5159 -3.8802 -0.0400
6.8953 -2.1338 -0.0400
6.8665 -2.0748 -0.0400
6.8891 -2.0217 -0.0400
7.1020 -1.9815 -0.0400
7.1265 -1.9238 -0.0400
8.2359 -1.5114 -0.0400
8.2555 -1.4311 -0.0400
7.2942 -0.0865 -0.0400
7.2508 -0.0315 -0.0400
7.2480 0.0437 -0.0400
4.9253 2.1534 -0.0400
4.8484 2.1433 -0.0400
4.7844 2.1780 -0.0400
3.9839 -0.4915 -0.0400
3.9532 -0.5380 -0.0400
3.9155 -0.6412 -0.0400
3.8913 -0.6739 -0.0400
3.8701 -0.6925 -0.0400
3.8502 -0.7050 -0.0400
3.8316 -0.7085 -0.0400
3.8090 -0.7736 -0.0400
3.7909 -0.7973 -0.0400
3.7741 -0.8038 -0.0400
3.7575 -0.8149 -0.0400
3.7413 -0.8216 -0.0400
3.7252 -0.8228 -0.0400
3.7091 -0.8233 -0.0400
3.6930 -0.8225 -0.0400
3.6767 -0.8210 -0.0400
3.6596 -0.8111 -0.0400
3.6425 -0.8054 -0.0400
3.6225 -0.7782 -0.0400
3.6016 -0.7526 -0.0400
2.1596 2.5571 -0.0400
2.0930 2.5071 -0.0400
2.0130 2.4919 -0.0400
1.8970 2.5593 -0.0400
-0.1265 2.5127 -0.0400
-0.2097 2.4542 -0.0400
-0.2482 2.3492 -0.0400
-0.3032 2.2629 -0.0400
-0.5202 -1.9979 -0.0400
-0.4792 -2.0697 -0.0400
-0.4986 -2.1461 -0.0400
2.3517 -2.2899 -0.0400
2.4002 -2.2982 -0.0400
2.4300 -2.3130 -0.0400
2.4607 -2.3266 -0.0400
2.4743 -2.3475 -0.0400
2.4853 -2.3695 -0.0400
1.6002 -5.2225 -0.0400
1.6746 -5.2374 -0.0400
1.6960 -5.3441 -0.0400
3.8392 -2.3986 -0.0400
3.8518 -2.4021 -0.0400
3.8648 -2.4071 -0.0400
3.8815 -2.4288 -0.0400
3.8994 -2.4519 -0.0400
6.6945 -4.8248 -0.0400
6.7500 -4.7744 -0.0400
6.8775 -4.7941 -0.0400
6.6754 -3.3769 -0.0400
6.6524 -3.2977 -0.0400
8.4549 -3.9550 -0.0400
8.5334 -3.8903 -0.0400
6.9001 -2.1873 -0.0400
6.8660 -2.1267 -0.0400
6.8697 -2.0716 -0.0400
7.0907 -2.0362 -0.0400
7.1004 -1.9779 -0.0400
7.1605 -1.9221 -0.0400
8.2475 -1.5874 -0.0400
8.2342 -1.5090 -0.0400
7.3266 -0.1421 -0.0400
7.2771 -0.0893 -0.0400
7.2670 -0.0183 -0.0400
7.3246 0.0879 -0.0400
5.0044 2.1735 -0.0400
4.9150 2.1267 -0.0400
4.8464 2.1437 -0.0400
4.7878 2.1975 -0.0400
3.9696 -0.5363 -0.0400
3.9323 -0.6255 -0.0400
3.9056 -0.6685 -0.0400
3.8842 -0.6855 -0.0400
3.8637 -0.7014 -0.0400
3.8446 -0.7091 -0.0400
3.8215 -0.7674 -0.0400
3.8029 -0.7909 -0.0400
3.7856 -0.8061 -0.0400
3.7691 -0.8113 -0.0400
3.7529 -0.8190 -0.0400
3.7369 -0.8235 -0.0400
3.7210 -0.8246 -0.0400
3.7051 -0.8241 -0.0400
3.6889 -0.8203 -0.0400
3.6726 -0.8165 -0.0400
3.6555 -0.8055 -0.0400
3.6381 -0.7958 -0.0400
3.6198 -0.7830 -0.0400
3.0904 2.8115 -0.0400
2.1607 2.5671 -0.0400
2.0972 2.5092 -0.0400
1.9999 2.5370 -0.0400
-0.1896 2.4482 -0.0400
-0.2414 2.3576 -0.0400
-0.3020 2.2770 -0.0400
-0.4984 -1.9809 -0.0400
-0.4781 -2.0538 -0.0400
-0.5204 -2.1321 -0.0400
2.3585 -2.2736 -0.0400
2.4002 -2.2845 -0.0400
2.4274 -2.3003 -0.0400
2.4487 -2.3181 -0.0400
2.4666 -2.3370 -0.0400
2.4797 -2.3580 -0.0400
2.4870 -2.3819 -0.0400
2.4913 -2.4077 -0.0400
2.4910 -2.4363 -0.0400
1.5852 -5.2164 -0.0400
1.6601 -5.2306 -0.0400
1.6778 -5.3438 -0.0400
1.9918 -6.9114 -0.0400
3.8755 -2.4268 -0.0400
3.8924 -2.4451 -0.0400
6.6874 -4.8246 -0.0400
6.7883 -4.8200 -0.0400
6.6296 -3.3518 -0.0400
6.6468 -3.2950 -0.0400
8.4433 -4.0543 -0.0400
8.4799 -3.9699 -0.0400
6.8950 -2.1837 -0.0400
6.8657 -2.1235 -0.0400
6.8803 -2.0695 -0.0400
7.0910 -2.0333 -0.0400
7.1242 -1.9765 -0.0400
8.2387 -1.5856 -0.0400
8.2345 -1.5068 -0.0400
7.3274 -0.1367 -0.0400
7.2744 -0.0855 -0.0400
7.2604 -0.0163 -0.0400
4.9878 2.1307 -0.0400
4.9130 2.1285 -0.0400
4.8469 2.1541 -0.0400
3.9938 -0.4957 -0.0400
3.9622 -0.5429 -0.0400
3.9220 -0.6493 -0.0400
3.8981 -0.6778 -0.0400
3.8760 -0.7023 -0.0400
3.8569 -0.7095 -0.0400
3.8343 -0.7532 -0.0400
3.8145 -0.7836 -0.0400
3.7967 -0.8010 -0.0400
3.7800 -0.8112 -0.0400
3.7637 -0.8188 -0.0400
3.7477 -0.8240 -0.0400
3.7320 -0.8258 -0.0400
3.7163 -0.8262 -0.0400
3.7005 -0.8243 -0.0400
3.6844 -0.8187 -0.0400
3.6682 -0.8153 -0.0400
3.6512 -0.8034 -0.0400
3.6324 -0.7795 -0.0400
3.6133 -0.7604 -0.0400
2.1753 2.5387 -0.0400
2.1004 2.5123 -0.0400
2.0105 2.5225 -0.0400
-0.1045 2.5184 -0.0400
-0.1690 2.4409 -0.0400
-0.2453 2.3761 -0.0400
-0.2840 2.2736 -0.0400
-1.5215 1.1669 -0.0400
-1.5977 0.9703 -0.0400
-0.5032 -1.9657 -0.0400
-0.4817 -2.0386 -0.0400
-0.5004 -2.1146 -0.0400
2.3746 -2.2814 -0.0400
2.4105 -2.2939 -0.0400
2.4453 -2.3058 -0.0400
2.4618 -2.3253 -0.0400
2.4744 -2.3465 -0.0400
2.4850 -2.3687 -0.0400
2.4920 -2.3928 -0.0400
2.4962 -2.4187 -0.0400
2.4751 -2.4598 -0.0400
2.4390 -2.5117 -0.0400
1.5633 -5.2208 -0.0400
1.6393 -5.2341 -0.0400
1.6641 -5.3351 -0.0400
1.9695 -6.9236 -0.0400
2.0724 -6.9176 -0.0400
2.1193 -7.0942 -0.0400
6.6842 -4.8293 -0.0400
6.7613 -4.8005 -0.0400
6.6240 -3.3498 -0.0400
6.6511 -3.2983 -0.0400
8.4259 -4.0495 -0.0400
8.4617 -3.9648 -0.0400
6.8763 -2.1784 -0.0400
6.8610 -2.1203 -0.0400
6.8868 -2.0675 -0.0400
7.0921 -2.0308 -0.0400
7.1231 -1.9738 -0.0400
8.2674 -1.6625 -0.0400
8.2392 -1.5838 -0.0400
8.2452 -1.5044 -0.0400
7.3228 -0.1339 -0.0400
7.2867 -0.0748 -0.0400
7.3344 0.0244 -0.0400
4.9814 2.1203 -0.0400
4.9090 2.1250 -0.0400
4.8486 2.1694 -0.0400
3.9769 -0.5438 -0.0400
3.9338 -0.6542 -0.0400
3.9114 -0.6720 -0.0400
3.8896 -0.6909 -0.0400
3.8691 -0.7058 -0.0400
3.8502 -0.7131 -0.0400
3.8260 -0.7737 -0.0400
3.8068 -0.8017 -0.0400
3.7901 -0.8108 -0.0400
3.7738 -0.8184 -0.0400
3.7579 -0.8234 -0.0400
3.7422 -0.8261 -0.0400
3.7266 -0.8275 -0.0400
3.7110 -0.8258 -0.0400
3.6953 -0.8224 -0.0400
3.6793 -0.8154 -0.0400
3.6632 -0.8111 -0.0400
3.6460 -0.7962 -0.0400
3.6270 -0.7696 -0.0400
3.6070 -0.7437 -0.0400
2.2439 2.5934 -0.0400
2.1791 2.5381 -0.0400
2.1042 2.5124 -0.0400
2.0156 2.5200 -0.0400
-0.1172 2.5463 -0.0400
-0.1523 2.4368 -0.0400
-0.2116 2.3550 -0.0400
-1.5139 1.1777 -0.0400
-1.5899 0.9814 -0.0400
2.3809 -2.2653 -0.0400
2.4112 -2.2799 -0.0400
2.4336 -2.2973 -0.0400
2.4525 -2.3158 -0.0400
2.4679 -2.3357 -0.0400
2.4790 -2.3576 -0.0400
2.4852 -2.3821 -0.0400
2.4886 -2.4084 -0.0400
2.4873 -2.4379 -0.0400
2.4780 -2.4729 -0.0400
-0.5308 -4.5076 -0.0400
-0.4522 -4.5618 -0.0400
1.5675 -5.1828 -0.0400
1.6278 -5.2213 -0.0400
1.6538 -5.3201 -0.0400
1.9640 -6.8852 -0.0400
2.0569 -6.9088 -0.0400
6.6340 -4.8951 -0.0400
6.6845 -4.8385 -0.0400
6.8040 -4.8526 -0.0400
6.6232 -3.3512 -0.0400
8.4222 -4.0520 -0.0400
8.4712 -3.9735 -0.0400
6.8704 -2.1755 -0.0400
6.8640 -2.1184 -0.0400
6.9169 -2.0685 -0.0400
7.1038 -2.0297 -0.0400
7.1802 -1.9759 -0.0400
8.2498 -1.6615 -0.0400
8.2347 -1.5825 -0.0400
7.2981 -0.1401 -0.0400
7.2881 -0.0694 -0.0400
7.3367 0.0302 -0.0400
5.0725 2.1769 -0.0400
4.9785 2.1215 -0.0400
4.9070 2.1293 -0.0400
4.8478 2.1776 -0.0400
3.9944 -0.5307 -0.0400
3.9500 -0.6360 -0.0400
3.9244 -0.6660 -0.0400
3.9012 -0.6904 -0.0400
3.8801 -0.7075 -0.0400
3.8610 -0.7157 -0.0400
3.8373 -0.7634 -0.0400
3.8176 -0.7909 -0.0400
3.7999 -0.8066 -0.0400
3.7834 -0.8161 -0.0400
3.7674 -0.8220 -0.0400
3.7516 -0.8273 -0.0400
3.7362 -0.8286 -0.0400
3.7208 -0.8274 -0.0400
3.7054 -0.8257 -0.0400
3.6897 -0.8203 -0.0400
3.6738 -0.8132 -0.0400
3.6573 -0.8017 -0.0400
3.6397 -0.7824 -0.0400
3.6193 -0.7424 -0.0400
3.1813 2.7599 -0.0400
2.2507 2.5818 -0.0400
2.1829 2.5359 -0.0400
2.1061 2.5157 -0.0400
-0.0888 2.5277 -0.0400
-0.1481 2.4451 -0.0400
-0.2451 2.4027 -0.0400
-0.2735 2.2897 -0.0400
-1.5089 1.1893 -0.0400
2.3605 -2.2604 -0.0400
2.3967 -2.2728 -0.0400
2.4220 -2.2890 -0.0400
2.4495 -2.3035 -0.0400
2.4634 -2.3240 -0.0400
2.4747 -2.3458 -0.0400
2.4838 -2.3686 -0.0400
2.4897 -2.3934 -0.0400
2.4777 -2.4288 -0.0400
2.4660 -2.4653 -0.0400
-0.5640 -4.5075 -0.0400
-0.4671 -4.5499 -0.0400
-0.4466 -4.6438 -0.0400
1.5447 -5.1881 -0.0400
1.6158 -5.2091 -0.0400
2.0359 -6.9163 -0.0400
6.6756 -4.8389 -0.0400
6.5959 -3.4056 -0.0400
6.6242 -3.3542 -0.0400
8.4224 -4.0571 -0.0400
6.8990 -2.2353 -0.0400
6.8601 -2.1723 -0.0400
6.8789 -2.1186 -0.0400
6.9331 -2.0685 -0.0400
7.1119 -2.0287 -0.0400
8.2462 -1.6606 -0.0400
8.2324 -1.5816 -0.0400
7.3293 -0.1968 -0.0400
7.2985 -0.1354 -0.0400
7.2966 -0.0610 -0.0400
7.3553 0.0436 -0.0400
5.0462 2.1121 -0.0400
4.9702 2.1075 -0.0400
4.9105 2.1520 -0.0400
4.0113 -0.5201 -0.0400
3.9836 -0.5449 -0.0400
3.9355 -0.6681 -0.0400
3.9139 -0.6818 -0.0400
3.8914 -0.7038 -0.0400
3.8716 -0.7151 -0.0400
3.8483 -0.7540 -0.0400
3.8267 -0.7910 -0.0400
3.8087 -0.8085 -0.0400
3.7919 -0.8190 -0.0400
3.7762 -0.8213 -0.0400
3.7605 -0.8268 -0.0400
3.7451 -0.8284 -0.0400
3.7298 -0.8288 -0.0400
3.7145 -0.8273 -0.0400
3.6992 -0.8216 -0.0400
3.6836 -0.8158 -0.0400
3.6677 -0.8073 -0.0400
3.6511 -0.7932 -0.0400
3.6333 -0.7710 -0.0400
3.2624 2.7414 -0.0400
3.1756 2.8093 -0.0400
2.2452 2.6046 -0.0400
2.1857 2.5351 -0.0400
2.1054 2.5246 -0.0400
-0.0135 2.6051 -0.0400
-0.0957 2.5474 -0.0400
-0.1408 2.4494 -0.0400
-0.1941 2.3618 -0.0400
-1.5078 1.2024 -0.0400
-1.5334 1.0976 -0.0400
-1.6245 1.0273 -0.0400
0.0901 -0.3782 -0.0400
0.1237 -0.4612 -0.0400
0.1077 -0.5258 -0.0400
2.3425 -2.2546 -0.0400
2.3833 -2.2653 -0.0400
2.4230 -2.2752 -0.0400
2.4414 -2.2939 -0.0400
2.4571 -2.3135 -0.0400
2.4695 -2.3346 -0.0400
2.4767 -2.3584 -0.0400
2.4818 -2.3836 -0.0400
2.4831 -2.4113 -0.0400
2.4794 -2.4425 -0.0400
2.4634 -2.4822 -0.0400
-0.5484 -4.4756 -0.0400
-0.4720 -4.5313 -0.0400
1.5392 -5.1654 -0.0400
1.5962 -5.2095 -0.0400
1.6158 -5.3192 -0.0400
1.9110 -6.9292 -0.0400
2.0133 -6.9277 -0.0400
6.6199 -4.9012 -0.0400
6.6801 -4.8543 -0.0400
6.6027 -3.4130 -0.0400
6.6207 -3.3553 -0.0400
8.3834 -4.1467 -0.0400
8.4331 -4.0681 -0.0400
6.8923 -2.2333 -0.0400
6.8595 -2.1710 -0.0400
6.8981 -2.1198 -0.0400
7.0929 -2.0856 -0.0400
7.1406 -2.0302 -0.0400
8.3151 -1.7404 -0.0400
8.2369 -1.6603 -0.0400
8.2504 -1.5805 -0.0400
7.3370 -0.1895 -0.0400
7.3030 -0.1292 -0.0400
7.3334 -0.0399 -0.0400
5.1304 2.1469 -0.0400
5.0366 2.0964 -0.0400
4.9654 2.1051 -0.0400
4.9025 2.1386 -0.0400
3.9944 -0.5552 -0.0400
3.9495 -0.6555 -0.0400
3.9253 -0.6784 -0.0400
3.9018 -0.7034 -0.0400
3.8826 -0.7099 -0.0400
3.8569 -0.7587 -0.0400
3.8367 -0.7816 -0.0400
3.8174 -0.8059 -0.0400
3.8002 -0.8180 -0.0400
3.7845 -0.8214 -0.0400
3.7686 -0.8275 -0.0400
3.7533 -0.8293 -0.0400
3.7382 -0.8293 -0.0400
3.7230 -0.8281 -0.0400
3.7079 -0.8255 -0.0400
3.6927 -0.8195 -0.0400
3.6772 -0.8123 -0.0400
3.6612 -0.8008 -0.0400
3.6438 -0.7744 -0.0400
3.6244 -0.7345 -0.0400
3.2607 2.7534 -0.0400
3.1675 2.8773 -0.0400
2.3187 2.6409 -0.0400
2.2577 2.5730 -0.0400
2.1850 2.5423 -0.0400
2.0981 2.5493 -0.0400
-0.0795 2.5406 -0.0400
-0.1295 2.4484 -0.0400
-0.1970 2.3760 -0.0400
-1.4672 1.3127 -0.0400
-1.5219 1.2234 -0.0400
-1.5357 1.1120 -0.0400
-1.6031 1.0297 -0.0400
0.1069 -0.3739 -0.0400
0.1297 -0.4528 -0.0400
0.1087 -0.5155 -0.0400
0.0740 -0.5741 -0.0400
0.0718 -0.6427 -0.0400
0.0482 -0.7048 -0.0400
2.3305 -2.2466 -0.0400
2.3734 -2.2566 -0.0400
2.4153 -2.2656 -0.0400
2.4339 -2.2841 -0.0400
2.4504 -2.3034 -0.0400
2.4643 -2.3236 -0.0400
2.4738 -2.3461 -0.0400
2.4802 -2.3704 -0.0400
2.4844 -2.3963 -0.0400
2.4652 -2.4365 -0.0400
2.4385 -2.4830 -0.0400
-0.5653 -4.4651 -0.0400
-0.4807 -4.5154 -0.0400
1.4582 -5.1381 -0.0400
1.5300 -5.1589 -0.0400
1.8272 -6.8402 -0.0400
1.9085 -6.8989 -0.0400
3.0229 -7.2497 -0.0400
3.6122 -2.5103 -0.0400
3.6297 -2.4757 -0.0400
6.5757 -4.9740 -0.0400
6.6603 -4.9535 -0.0400
6.5793 -3.5411 -0.0400
6.5619 -3.4599 -0.0400
6.6310 -3.4324 -0.0400
8.3508 -4.2387 -0.0400
8.3858 -4.1522 -0.0400
6.8816 -2.3465 -0.0400
6.8605 -2.2846 -0.0400
6.8553 -2.2266 -0.0400
6.9033 -2.1772 -0.0400
7.0927 -2.1454 -0.0400
7.1635 -2.0933 -0.0400
8.3168 -1.8214 -0.0400
8.2415 -1.7397 -0.0400
8.2775 -1.6599 -0.0400
7.3908 -0.3139 -0.0400
7.3476 -0.2568 -0.0400
7.3569 -0.1787 -0.0400
7.4125 -0.0791 -0.0400
5.1815 2.0882 -0.0400
5.0973 2.0657 -0.0400
5.0291 2.0829 -0.0400
4.0355 -0.5422 -0.0400
4.0083 -0.5621 -0.0400
3.9538 -0.6919 -0.0400
3.9327 -0.7029 -0.0400
3.9105 -0.7211 -0.0400
3.8921 -0.7248 -0.0400
3.8638 -0.7834 -0.0400
3.8429 -0.8111 -0.0400
3.8263 -0.8169 -0.0400
3.8094 -0.8272 -0.0400
3.7938 -0.8296 -0.0400
3.7783 -0.8330 -0.0400
3.7632 -0.8335 -0.0400
3.7483 -0.8319 -0.0400
3.7334 -0.8288 -0.0400
3.7185 -0.8218 -0.0400
3.7034 -0.8132 -0.0400
3.6880 -0.8066 -0.0400
3.6721 -0.7896 -0.0400
3.6552 -0.7646 -0.0400
3.4177 2.7388 -0.0400
3.3379 2.7617 -0.0400
2.4000 2.6493 -0.0400
2.3353 2.5913 -0.0400
2.2618 2.5634 -0.0400
0.0821 2.6639 -0.0400
0.0169 2.5879 -0.0400
-0.0649 2.5313 -0.0400
-0.1066 2.4306 -0.0400
-1.4430 1.3069 -0.0400
-1.4775 1.2069 -0.0400
-1.6277 1.0508 -0.0400
0.1281 -0.3036 -0.0400
0.1573 -0.3858 -0.0400
0.0888 -0.4318 -0.0400
0.1024 -0.5067 -0.0400
0.0970 -0.5743 -0.0400
0.0666 -0.6342 -0.0400
-0.0511 -0.6708 -0.0400
-0.0807 -0.7334 -0.0400
2.3621 -2.2255 -0.0400
2.3905 -2.2409 -0.0400
2.4210 -2.2545 -0.0400
2.4370 -2.2740 -0.0400
2.4517 -2.2939 -0.0400
2.4614 -2.3162 -0.0400
2.4689 -2.3396 -0.0400
2.4640 -2.3702 -0.0400
2.4612 -2.4003 -0.0400
2.4494 -2.4364 -0.0400
-0.6268 -4.3844 -0.0400
-0.5502 -4.4410 -0.0400
1.5306 -5.2641 -0.0400
1.8078 -6.8395 -0.0400
1.8952 -6.8809 -0.0400
3.0027 -7.2690 -0.0400
3.6012 -2.5161 -0.0400
3.6180 -2.4921 -0.0400
3.6341 -2.4656 -0.0400
3.6483 -2.4573 -0.0400
3.6623 -2.4456 -0.0400
6.5519 -4.9601 -0.0400
6.6335 -4.9366 -0.0400
6.5642 -3.4660 -0.0400
6.6019 -3.4195 -0.0400
8.3915 -4.3766 -0.0400
8.3354 -4.2375 -0.0400
6.8496 -2.2826 -0.0400
6.8588 -2.2270 -0.0400
7.0851 -2.2049 -0.0400
7.1092 -2.1475 -0.0400
7.1665 -2.0935 -0.0400
8.2723 -1.8208 -0.0400
8.2471 -1.7402 -0.0400
7.3832 -0.3134 -0.0400
7.3493 -0.2526 -0.0400
7.3534 -0.1766 -0.0400
5.1749 2.0828 -0.0400
5.0924 2.0646 -0.0400
5.0359 2.1147 -0.0400
4.0522 -0.5316 -0.0400
4.0212 -0.5616 -0.0400
3.9631 -0.6945 -0.0400
3.9415 -0.7063 -0.0400
3.9209 -0.7167 -0.0400
3.9021 -0.7210 -0.0400
3.8700 -0.7924 -0.0400
3.8514 -0.8059 -0.0400
3.8327 -0.8231 -0.0400
3.8166 -0.8273 -0.0400
3.8010 -0.8299 -0.0400
3.7854 -0.8340 -0.0400
3.7704 -0.8342 -0.0400
3.7556 -0.8326 -0.0400
3.7407 -0.8309 -0.0400
3.7261 -0.8241 -0.0400
3.7113 -0.8152 -0.0400
3.6962 -0.8089 -0.0400
3.6807 -0.7905 -0.0400
3.6644 -0.7621 -0.0400
3.4937 2.7416 -0.0400
3.4161 2.7420 -0.0400
3.3348 2.7851 -0.0400
2.4077 2.6252 -0.0400
2.3386 2.5831 -0.0400
2.2610 2.5681 -0.0400
0.0865 2.6682 -0.0400
0.0125 2.6027 -0.0400
-0.0298 2.5015 -0.0400
-1.3852 1.4055 -0.0400
-1.4691 1.2142 -0.0400
-1.6166 1.0574 -0.0400
0.1624 -0.3782 -0.0400
0.1021 -0.4268 -0.0400
0.1033 -0.4973 -0.0400
0.0997 -0.5653 -0.0400
0.0225 -0.6113 -0.0400
-0.0488 -0.6612 -0.0400
-0.0836 -0.7223 -0.0400
2.3382 -2.2228 -0.0400
2.3885 -2.2293 -0.0400
2.4090 -2.2472 -0.0400
2.4324 -2.2634 -0.0400
2.4462 -2.2836 -0.0400
2.4568 -2.3053 -0.0400
2.4651 -2.3283 -0.0400
2.4625 -2.3574 -0.0400
2.4621 -2.3859 -0.0400
2.4554 -2.4187 -0.0400
-0.6011 -4.3476 -0.0400
-0.5507 -4.4203 -0.0400
1.7835 -6.8518 -0.0400
2.9870 -7.2499 -0.0400
3.0869 -7.2397 -0.0400
3.6068 -2.4990 -0.0400
3.6226 -2.4810 -0.0400
3.6379 -2.4589 -0.0400
3.6519 -2.4529 -0.0400
3.6657 -2.4411 -0.0400
3.6791 -2.4374 -0.0400
3.6924 -2.4325 -0.0400
6.5477 -4.9692 -0.0400
6.5451 -3.5299 -0.0400
6.5606 -3.4692 -0.0400
8.3382 -4.2470 -0.0400
8.4065 -4.1777 -0.0400
6.8945 -2.3502 -0.0400
6.8480 -2.2828 -0.0400
6.8678 -2.2289 -0.0400
7.0861 -2.2056 -0.0400
7.1370 -2.1517 -0.0400
8.2681 -1.8217 -0.0400
8.2545 -1.7412 -0.0400
7.3711 -0.3149 -0.0400
7.3553 -0.2471 -0.0400
7.3703 -0.1665 -0.0400
5.1538 2.0413 -0.0400
5.0871 2.0628 -0.0400
5.0326 2.1182 -0.0400
4.0360 -0.5545 -0.0400
3.9734 -0.6925 -0.0400
3.9510 -0.7059 -0.0400
3.9297 -0.7179 -0.0400
3.9107 -0.7225 -0.0400
3.8766 -0.7964 -0.0400
3.8577 -0.8102 -0.0400
3.8404 -0.8185 -0.0400
3.8239 -0.8246 -0.0400
3.8073 -0.8332 -0.0400
3.7921 -0.8342 -0.0400
3.7770 -0.8357 -0.0400
3.7623 -0.8337 -0.0400
3.7476 -0.8318 -0.0400
3.7332 -0.8250 -0.0400
3.7185 -0.8202 -0.0400
3.7038 -0.8077 -0.0400
3.6887 -0.7982 -0.0400
3.6732 -0.7721 -0.0400
3.5689 2.7541 -0.0400
3.4918 2.7414 -0.0400
3.4133 2.7582 -0.0400
2.4087 2.6220 -0.0400
2.3402 2.5786 -0.0400
2.2544 2.5889 -0.0400
0.0863 2.6772 -0.0400
0.0356 2.5846 -0.0400
-0.0273 2.5076 -0.0400
-0.1130 2.4562 -0.0400
-1.4226 1.3182 -0.0400
-1.4859 1.2350 -0.0400
-1.5768 1.1662 -0.0400
0.1763 -0.3043 -0.0400
0.1675 -0.3713 -0.0400
0.1203 -0.4242 -0.0400
0.0996 -0.4869 -0.0400
0.0932 -0.5541 -0.0400
0.0306 -0.6042 -0.0400
-0.0460 -0.6522 -0.0400
-0.0807 -0.7131 -0.0400
2.3761 -2.2224 -0.0400
2.4075 -2.2356 -0.0400
2.4240 -2.2548 -0.0400
2.4420 -2.2730 -0.0400
2.4531 -2.2944 -0.0400
2.4605 -2.3176 -0.0400
2.4664 -2.3419 -0.0400
2.4597 -2.3737 -0.0400
2.4551 -2.4050 -0.0400
-0.6050 -4.3295 -0.0400
-0.5601 -4.4055 -0.0400
1.7728 -6.8265 -0.0400
1.8191 -6.9859 -0.0400
2.9696 -7.2421 -0.0400
3.0685 -7.2423 -0.0400
3.1605 -7.3134 -0.0400
3.6113 -2.4891 -0.0400
3.6264 -2.4752 -0.0400
3.6413 -2.4557 -0.0400
3.6552 -2.4496 -0.0400
3.6688 -2.4387 -0.0400
3.6823 -2.4361 -0.0400
3.6955 -2.4312 -0.0400
3.7085 -2.4250 -0.0400
3.7212 -2.4155 -0.0400
6.5436 -4.9793 -0.0400
6.6557 -4.9893 -0.0400
6.5768 -3.4854 -0.0400
8.3120 -4.3482 -0.0400
8.3353 -4.2539 -0.0400
6.8505 -2.3423 -0.0400
6.8494 -2.2841 -0.0400
6.8775 -2.2316 -0.0400
7.0884 -2.2070 -0.0400
7.1739 -2.1578 -0.0400
8.2771 -1.9044 -0.0400
8.2500 -1.8227 -0.0400
8.2566 -1.7426 -0.0400
7.4079 -0.3724 -0.0400
7.3646 -0.3146 -0.0400
7.3497 -0.2465 -0.0400
7.4211 -0.1429 -0.0400
5.2421 2.0829 -0.0400
5.1507 2.0458 -0.0400
5.0826 2.0635 -0.0400
5.0270 2.1155 -0.0400
4.0432 -0.5705 -0.0400
3.9855 -0.6846 -0.0400
3.9614 -0.7019 -0.0400
3.9393 -0.7150 -0.0400
3.9195 -0.7222 -0.0400
3.8840 -0.7955 -0.0400
3.8644 -0.8109 -0.0400
3.8468 -0.8199 -0.0400
3.8301 -0.8264 -0.0400
3.8133 -0.8354 -0.0400
3.7982 -0.8359 -0.0400
3.7833 -0.8360 -0.0400
3.7686 -0.8349 -0.0400
3.7541 -0.8321 -0.0400
3.7397 -0.8273 -0.0400
3.7255 -0.8176 -0.0400
3.7109 -0.8106 -0.0400
3.6961 -0.8005 -0.0400
3.6812 -0.7736 -0.0400
3.6653 -0.7509 -0.0400
3.5668 2.7489 -0.0400
3.4896 2.7410 -0.0400
3.4102 2.7760 -0.0400
2.4703 2.6919 -0.0400
2.4123 2.6083 -0.0400
2.3396 2.5793 -0.0400
2.2513 2.5980 -0.0400
0.1744 2.7329 -0.0400
0.0971 2.6721 -0.0400
0.0418 2.5852 -0.0400
-0.0236 2.5114 -0.0400
-1.3692 1.4174 -0.0400
-1.4600 1.2311 -0.0400
0.1598 -0.2897 -0.0400
0.1588 -0.3598 -0.0400
0.1106 -0.4123 -0.0400
0.1218 -0.4857 -0.0400
0.1013 -0.5479 -0.0400
0.0477 -0.6004 -0.0400
-0.0438 -0.6437 -0.0400
2.4365 -2.2633 -0.0400
2.4485 -2.2841 -0.0400
2.4581 -2.3062 -0.0400
2.4608 -2.3320 -0.0400
2.4651 -2.3573 -0.0400
2.4505 -2.3942 -0.0400
2.4366 -2.4320 -0.0400
-0.5816 -4.3988 -0.0400
1.8342 -6.8658 -0.0400
3.0427 -7.2530 -0.0400
3.1416 -7.2520 -0.0400
3.2334 -7.3410 -0.0400
3.6102 -2.5036 -0.0400
3.6258 -2.4826 -0.0400
3.6404 -2.4700 -0.0400
3.6546 -2.4521 -0.0400
3.6684 -2.4455 -0.0400
3.6818 -2.4360 -0.0400
3.6952 -2.4330 -0.0400
3.7082 -2.4253 -0.0400
3.7211 -2.4191 -0.0400
3.7335 -2.4106 -0.0400
3.7464 -2.4071 -0.0400
3.7591 -2.4035 -0.0400
6.5294 -4.9842 -0.0400
6.5886 -4.9351 -0.0400
6.6972 -4.9391 -0.0400
6.5615 -3.4850 -0.0400
6.5859 -3.4297 -0.0400
6.8895 -2.3532 -0.0400
6.8601 -2.2885 -0.0400
6.8576 -2.2301 -0.0400
6.8876 -2.1773 -0.0400
7.1167 -2.1519 -0.0400
8.2509 -1.7452 -0.0400
8.2873 -1.6648 -0.0400
7.3680 -0.3104 -0.0400
7.3397 -0.2473 -0.0400
7.3662 -0.1620 -0.0400
5.1472 2.0536 -0.0400
5.0765 2.0650 -0.0400
5.0188 2.1105 -0.0400
4.0390 -0.5464 -0.0400
3.9859 -0.6443 -0.0400
3.9533 -0.6872 -0.0400
3.9305 -0.7022 -0.0400
3.9067 -0.7238 -0.0400
3.8743 -0.7845 -0.0400
3.8539 -0.8029 -0.0400
3.8357 -0.8146 -0.0400
3.8188 -0.8218 -0.0400
3.8018 -0.8322 -0.0400
3.7868 -0.8331 -0.0400
3.7719 -0.8335 -0.0400
3.7572 -0.8324 -0.0400
3.7428 -0.8294 -0.0400
3.7285 -0.8244 -0.0400
3.7141 -0.8192 -0.0400
3.6996 -0.8130 -0.0400
3.6852 -0.7943 -0.0400
3.6702 -0.7806 -0.0400
3.6400 2.8528 -0.0400
3.5626 2.7772 -0.0400
3.4859 2.7484 -0.0400
3.4084 2.7510 -0.0400
3.3286 2.7808 -0.0400
2.3945 2.6650 -0.0400
2.3368 2.5848 -0.0400
2.2596 2.5704 -0.0400
2.1526 2.6399 -0.0400
0.1037 2.6732 -0.0400
0.0374 2.5997 -0.0400
-0.0295 2.5276 -0.0400
-0.1007 2.4607 -0.0400
-1.3843 1.4396 -0.0400
-1.4554 1.2417 -0.0400
-1.5434 1.1724 -0.0400
-1.6078 1.0891 -0.0400
0.1656 -0.3522 -0.0400
0.1464 -0.4147 -0.0400
0.0674 -0.4570 -0.0400
0.0946 -0.5351 -0.0400
0.0655 -0.5947 -0.0400
-0.0468 -0.6315 -0.0400
-0.0651 -0.6963 -0.0400
-0.1517 -0.7447 -0.0400
2.4676 -2.3388 -0.0400
2.4658 -2.3677 -0.0400
2.4672 -2.3953 -0.0400
2.4354 -2.4446 -0.0400
-0.5242 -4.4396 -0.0400
1.3750 -5.1313 -0.0400
1.4680 -5.1203 -0.0400
1.5204 -5.1719 -0.0400
1.7805 -6.9806 -0.0400
2.9309 -7.2530 -0.0400
3.0311 -7.2445 -0.0400
3.5850 -2.5425 -0.0400
3.6029 -2.5003 -0.0400
3.6184 -2.4814 -0.0400
3.6334 -2.4588 -0.0400
3.6474 -2.4521 -0.0400
3.6612 -2.4455 -0.0400
3.6747 -2.4374 -0.0400
3.6882 -2.4346 -0.0400
3.7011 -2.4248 -0.0400
3.7141 -2.4193 -0.0400
3.7268 -2.4123 -0.0400
3.7398 -2.4096 -0.0400
3.7528 -2.4073 -0.0400
3.7661 -2.4067 -0.0400
3.7800 -2.4094 -0.0400
6.4646 -5.0380 -0.0400
6.5311 -4.9973 -0.0400
6.6439 -5.0078 -0.0400
6.5204 -3.5351 -0.0400
8.2902 -4.3555 -0.0400
8.3358 -4.2734 -0.0400
6.8594 -2.3485 -0.0400
6.8684 -2.2917 -0.0400
7.0815 -2.2714 -0.0400
7.1121 -2.2146 -0.0400
8.3120 -1.9114 -0.0400
8.2608 -1.8278 -0.0400
7.4766 -0.4195 -0.0400
7.3913 -0.3744 -0.0400
7.3669 -0.3096 -0.0400
7.3879 -0.2275 -0.0400
5.2129 2.0371 -0.0400
5.1385 2.0402 -0.0400
5.0785 2.0788 -0.0400
4.0061 -0.6808 -0.0400
3.9785 -0.7050 -0.0400
3.9555 -0.7190 -0.0400
3.9350 -0.7269 -0.0400
3.9052 -0.7693 -0.0400
3.8798 -0.8016 -0.0400
3.8602 -0.8164 -0.0400
3.8408 -0.8331 -0.0400
3.8249 -0.8362 -0.0400
3.8096 -0.8377 -0.0400
3.7947 -0.8378 -0.0400
3.7801 -0.8368 -0.0400
3.7658 -0.8337 -0.0400
3.7518 -0.8282 -0.0400
3.7376 -0.8224 -0.0400
3.7234 -0.8157 -0.0400
3.7099 -0.7950 -0.0400
3.6955 -0.7795 -0.0400
3.6808 -0.7567 -0.0400
3.6384 2.7564 -0.0400
3.5614 2.7431 -0.0400
3.4828 2.7796 -0.0400
3.3994 2.8798 -0.0400
2.4769 2.6592 -0.0400
2.4129 2.5988 -0.0400
2.3343 2.5904 -0.0400
0.1780 2.7415 -0.0400
0.1276 2.6480 -0.0400
0.0417 2.5988 -0.0400
-1.3611 1.4314 -0.0400
-1.4270 1.3506 -0.0400
-1.5564 1.1859 -0.0400
0.2013 -0.2916 -0.0400
0.1567 -0.3443 -0.0400
0.1287 -0.4037 -0.0400
0.1304 -0.4733 -0.0400
0.0997 -0.5318 -0.0400
0.0244 -0.5774 -0.0400
-0.0385 -0.6286 -0.0400
-0.5053 -1.6912 -0.0400
-0.4829 -1.7634 -0.0400
2.4389 -2.4040 -0.0400
1.3907 -5.0872 -0.0400
1.4587 -5.1141 -0.0400
2.9147 -7.2320 -0.0400
3.0078 -7.2839 -0.0400
3.5894 -2.5372 -0.0400
3.6072 -2.4800 -0.0400
3.6220 -2.4675 -0.0400
3.6362 -2.4583 -0.0400
3.6502 -2.4514 -0.0400
3.6638 -2.4402 -0.0400
3.6774 -2.4372 -0.0400
3.6910 -2.4343 -0.0400
3.7038 -2.4232 -0.0400
3.7167 -2.4177 -0.0400
3.7296 -2.4119 -0.0400
3.7427 -2.4094 -0.0400
3.7560 -2.4084 -0.0400
3.7695 -2.4086 -0.0400
3.7839 -2.4130 -0.0400
3.7981 -2.4152 -0.0400
3.8145 -2.4264 -0.0400
6.5204 -3.5436 -0.0400
6.5598 -3.4972 -0.0400
8.2747 -4.3574 -0.0400
6.8581 -2.4103 -0.0400
6.8418 -2.3477 -0.0400
6.8618 -2.2932 -0.0400
7.0824 -2.2745 -0.0400
7.1076 -2.2166 -0.0400
8.2537 -1.9116 -0.0400
8.2710 -1.8313 -0.0400
7.4494 -0.4272 -0.0400
7.3882 -0.3742 -0.0400
7.3828 -0.3025 -0.0400
7.4598 -0.1985 -0.0400
5.2790 2.0243 -0.0400
5.1996 2.0177 -0.0400
5.1367 2.0485 -0.0400
4.0578 -0.5713 -0.0400
3.9924 -0.6918 -0.0400
3.9675 -0.7090 -0.0400
3.9446 -0.7228 -0.0400
3.9049 -0.7942 -0.0400
3.8830 -0.8134 -0.0400
3.8642 -0.8244 -0.0400
3.8468 -0.8316 -0.0400
3.8308 -0.8350 -0.0400
3.8151 -0.8377 -0.0400
3.8002 -0.8379 -0.0400
3.7854 -0.8378 -0.0400
3.7711 -0.8350 -0.0400
3.7572 -0.8299 -0.0400
3.7432 -0.8241 -0.0400
3.7291 -0.8172 -0.0400
3.7161 -0.7968 -0.0400
3.7020 -0.7810 -0.0400
3.6878 -0.7578 -0.0400
3.7127 2.7760 -0.0400
3.6352 2.7483 -0.0400
3.5582 2.7441 -0.0400
3.4805 2.7615 -0.0400
2.4831 2.6298 -0.0400
2.4106 2.6009 -0.0400
2.3175 2.6398 -0.0400
0.2519 2.8116 -0.0400
0.1898 2.7318 -0.0400
0.1317 2.6483 -0.0400
0.0655 2.5761 -0.0400
-0.0061 2.5107 -0.0400
-1.2985 1.5220 -0.0400
-1.3893 1.3368 -0.0400
-1.5407 1.1862 -0.0400
0.2014 -0.2854 -0.0400
0.1752 -0.3448 -0.0400
0.1091 -0.3900 -0.0400
0.1316 -0.4670 -0.0400
0.0805 -0.5188 -0.0400
-0.0173 -0.5577 -0.0400
-0.0482 -0.6185 -0.0400
-0.4991 -1.6806 -0.0400
-0.4816 -1.7527 -0.0400
-0.5571 -1.8281 -0.0400
1.2956 -5.0693 -0.0400
1.3853 -5.0651 -0.0400
1.4387 -5.1143 -0.0400
1.4514 -5.2311 -0.0400
2.8946 -7.2392 -0.0400
2.9924 -7.2522 -0.0400
3.5777 -2.5371 -0.0400
3.5949 -2.4991 -0.0400
3.6102 -2.4806 -0.0400
3.6249 -2.4678 -0.0400
3.6390 -2.4515 -0.0400
3.6528 -2.4447 -0.0400
3.6665 -2.4403 -0.0400
3.6801 -2.4372 -0.0400
3.6932 -2.4285 -0.0400
3.7063 -2.4222 -0.0400
3.7193 -2.4168 -0.0400
3.7322 -2.4118 -0.0400
3.7454 -2.4094 -0.0400
3.7591 -2.4100 -0.0400
3.7729 -2.4105 -0.0400
3.7880 -2.4169 -0.0400
3.8028 -2.4206 -0.0400
3.8209 -2.4371 -0.0400
3.8390 -2.4505 -0.0400
6.5164 -3.5501 -0.0400
8.2729 -4.3679 -0.0400
8.3459 -4.3009 -0.0400
6.8705 -2.4171 -0.0400
6.8443 -2.3518 -0.0400
6.9109 -2.3064 -0.0400
7.0916 -2.2797 -0.0400
7.1525 -2.2273 -0.0400
8.3154 -2.0013 -0.0400
8.2561 -1.9156 -0.0400
8.2737 -1.8351 -0.0400
7.4232 -0.4351 -0.0400
7.3898 -0.3729 -0.0400
7.3920 -0.2982 -0.0400
5.2835 2.0457 -0.0400
5.1967 2.0229 -0.0400
4.0658 -0.5818 -0.0400
3.9974 -0.7033 -0.0400
3.9729 -0.7184 -0.0400
3.9508 -0.7290 -0.0400
3.9312 -0.7342 -0.0400
3.8924 -0.8031 -0.0400
3.8715 -0.8193 -0.0400
3.8536 -0.8274 -0.0400
3.8351 -0.8399 -0.0400
3.8199 -0.8407 -0.0400
3.8050 -0.8408 -0.0400
3.7905 -0.8388 -0.0400
3.7762 -0.8363 -0.0400
3.7622 -0.8320 -0.0400
3.7484 -0.8263 -0.0400
3.7353 -0.8129 -0.0400
3.7217 -0.8008 -0.0400
3.7080 -0.7858 -0.0400
3.6942 -0.7647 -0.0400
3.7891 2.8411 -0.0400
3.7091 2.7676 -0.0400
3.6318 2.7453 -0.0400
3.5548 2.7471 -0.0400
3.4730 2.8822 -0.0400
2.5364 2.7280 -0.0400
2.4834 2.6209 -0.0400
2.4054 2.6119 -0.0400
2.3190 2.6289 -0.0400
0.2626 2.8017 -0.0400
0.1929 2.7322 -0.0400
0.1377 2.6455 -0.0400
0.0756 2.5688 -0.0400
-1.2992 1.5302 -0.0400
-1.4152 1.3602 -0.0400
-1.4930 1.2863 -0.0400
0.2179 -0.2165 -0.0400
0.2067 -0.2819 -0.0400
0.1524 -0.3303 -0.0400
0.1406 -0.3953 -0.0400
0.1377 -0.4629 -0.0400
0.1013 -0.5191 -0.0400
-0.0208 -0.5500 -0.0400
-0.0831 -0.6018 -0.0400
-0.4989 -1.6707 -0.0400
-0.4961 -1.7430 -0.0400
1.3673 -5.0622 -0.0400
1.4311 -5.0954 -0.0400
2.8764 -7.2316 -0.0400
3.5813 -2.5423 -0.0400
3.5986 -2.4818 -0.0400
3.6134 -2.4690 -0.0400
3.6276 -2.4593 -0.0400
3.6416 -2.4521 -0.0400
3.6554 -2.4451 -0.0400
3.6690 -2.4383 -0.0400
3.6826 -2.4353 -0.0400
3.6958 -2.4279 -0.0400
3.7088 -2.4217 -0.0400
3.7216 -2.4144 -0.0400
3.7349 -2.4118 -0.0400
3.7482 -2.4096 -0.0400
3.7622 -2.4113 -0.0400
3.7763 -2.4125 -0.0400
3.7921 -2.4210 -0.0400
3.8076 -2.4262 -0.0400
3.8284 -2.4509 -0.0400
6.4924 -3.6170 -0.0400
6.5105 -3.5561 -0.0400
8.2737 -4.3806 -0.0400
6.8480 -2.4162 -0.0400
6.8415 -2.3553 -0.0400
6.8766 -2.3036 -0.0400
7.0866 -2.2829 -0.0400
8.2616 -1.9203 -0.0400
7.4178 -0.4367 -0.0400
7.3941 -0.3711 -0.0400
7.4535 -0.2757 -0.0400
5.3583 2.0489 -0.0400
5.2587 2.0015 -0.0400
4.0874 -0.5601 -0.0400
4.0160 -0.6805 -0.0400
3.9858 -0.7077 -0.0400
3.9617 -0.7223 -0.0400
3.9188 -0.7931 -0.0400
3.8951 -0.8147 -0.0400
3.8753 -0.8268 -0.0400
3.8574 -0.8342 -0.0400
3.8411 -0.8377 -0.0400
3.8253 -0.8403 -0.0400
3.8103 -0.8403 -0.0400
3.7955 -0.8397 -0.0400
3.7813 -0.8370 -0.0400
3.7676 -0.8311 -0.0400
3.7540 -0.8246 -0.0400
3.7402 -0.8172 -0.0400
3.7268 -0.8058 -0.0400
3.7134 -0.7919 -0.0400
3.6998 -0.7736 -0.0400
3.7855 2.8390 -0.0400
3.7055 2.7655 -0.0400
3.6282 2.7445 -0.0400
3.5506 2.7846 -0.0400
2.5515 2.6575 -0.0400
2.4816 2.6182 -0.0400
2.4005 2.6207 -0.0400
2.3060 2.6639 -0.0400
0.2751 2.7888 -0.0400
0.1946 2.7337 -0.0400
0.1380 2.6490 -0.0400
0.0771 2.5709 -0.0400
-1.3064 1.5419 -0.0400
-1.3312 1.4363 -0.0400
-1.3906 1.3528 -0.0400
-1.5005 1.2981 -0.0400
-1.5444 1.2042 -0.0400
0.2007 -0.2044 -0.0400
0.2102 -0.2783 -0.0400
0.1485 -0.3236 -0.0400
0.1582 -0.3963 -0.0400
0.1352 -0.4566 -0.0400
0.0748 -0.5048 -0.0400
-0.0107 -0.5470 -0.0400
-0.0490 -0.6052 -0.0400
-0.4815 -1.6613 -0.0400
-0.4928 -1.7333 -0.0400
-0.5721 -1.8084 -0.0400
1.3596 -5.0441 -0.0400
1.4054 -5.1050 -0.0400
1.4135 -5.2286 -0.0400
1.5823 -6.7888 -0.0400
1.6823 -6.7979 -0.0400
2.8565 -7.2360 -0.0400
2.9532 -7.2588 -0.0400
3.5691 -2.5501 -0.0400
3.5862 -2.5056 -0.0400
3.6015 -2.4844 -0.0400
3.6161 -2.4712 -0.0400
3.6301 -2.4536 -0.0400
3.6440 -2.4466 -0.0400
3.6577 -2.4417 -0.0400
3.6715 -2.4386 -0.0400
3.6851 -2.4355 -0.0400
3.6977 -2.4232 -0.0400
3.7108 -2.4180 -0.0400
3.7241 -2.4145 -0.0400
3.7374 -2.4118 -0.0400
3.7512 -2.4117 -0.0400
3.7652 -2.4122 -0.0400
3.7795 -2.4139 -0.0400
3.7962 -2.4246 -0.0400
3.8124 -2.4316 -0.0400
3.8393 -2.4760 -0.0400
6.4890 -3.6256 -0.0400
6.5060 -3.5636 -0.0400
8.2238 -4.4740 -0.0400
8.2610 -4.3860 -0.0400
6.8488 -2.4815 -0.0400
6.8314 -2.4172 -0.0400
6.8492 -2.3618 -0.0400
7.0728 -2.3479 -0.0400
7.1001 -2.2901 -0.0400
8.2670 -2.0075 -0.0400
8.2589 -1.9252 -0.0400
7.4192 -0.4366 -0.0400
7.3980 -0.3700 -0.0400
7.4705 -0.2699 -0.0400
5.2560 2.0066 -0.0400
4.0166 -0.7028 -0.0400
3.9905 -0.7192 -0.0400
3.9667 -0.7317 -0.0400
3.9467 -0.7365 -0.0400
3.9054 -0.8033 -0.0400
3.8830 -0.8213 -0.0400
3.8646 -0.8295 -0.0400
3.8452 -0.8425 -0.0400
3.8298 -0.8433 -0.0400
3.8148 -0.8432 -0.0400
3.8004 -0.8411 -0.0400
3.7862 -0.8383 -0.0400
3.7723 -0.8337 -0.0400
3.7587 -0.8278 -0.0400
3.7451 -0.8205 -0.0400
3.7331 -0.8012 -0.0400
3.7200 -0.7852 -0.0400
3.7072 -0.7621 -0.0400
3.7824 2.8558 -0.0400
3.7012 2.7439 -0.0400
3.6244 2.7492 -0.0400
3.5469 2.7857 -0.0400
2.5533 2.6385 -0.0400
2.4790 2.6176 -0.0400
2.3983 2.6188 -0.0400
0.2785 2.7870 -0.0400
0.2210 2.7028 -0.0400
0.1465 2.6415 -0.0400
0.0665 2.5866 -0.0400
-1.2316 1.6217 -0.0400
-1.3022 1.5456 -0.0400
-1.3254 1.4391 -0.0400
-1.3786 1.3522 -0.0400
-1.4797 1.2930 -0.0400
0.2332 -0.2139 -0.0400
0.2096 -0.2736 -0.0400
0.1300 -0.3119 -0.0400
0.1538 -0.3899 -0.0400
0.1436 -0.4545 -0.0400
0.0083 -0.4781 -0.0400
-0.0128 -0.5410 -0.0400
-0.5168 -1.5802 -0.0400
-0.4826 -1.6524 -0.0400
-0.4865 -1.7242 -0.0400
-0.5393 -1.7979 -0.0400
1.2708 -5.0185 -0.0400
1.3469 -5.0340 -0.0400
1.3987 -5.0852 -0.0400
1.4158 -5.1935 -0.0400
1.6651 -6.7898 -0.0400
3.5742 -2.5106 -0.0400
3.5897 -2.4878 -0.0400
3.6044 -2.4741 -0.0400
3.6187 -2.4624 -0.0400
3.6327 -2.4551 -0.0400
3.6465 -2.4479 -0.0400
3.6600 -2.4402 -0.0400
3.6738 -2.4372 -0.0400
3.6870 -2.4300 -0.0400
3.7001 -2.4235 -0.0400
3.7132 -2.4181 -0.0400
3.7264 -2.4140 -0.0400
3.7400 -2.4122 -0.0400
3.7539 -2.4121 -0.0400
3.7681 -2.4130 -0.0400
3.7843 -2.4218 -0.0400
3.8002 -2.4277 -0.0400
3.8174 -2.4370 -0.0400
6.4782 -3.6297 -0.0400
6.5019 -3.5720 -0.0400
8.2168 -4.4836 -0.0400
8.2536 -4.3952 -0.0400
6.8763 -2.4945 -0.0400
6.8412 -2.4251 -0.0400
6.8424 -2.3657 -0.0400
7.0777 -2.3544 -0.0400
7.1323 -2.3014 -0.0400
8.3001 -2.0159 -0.0400
8.2934 -1.9329 -0.0400
7.4862 -0.4907 -0.0400
7.4212 -0.4369 -0.0400
7.4204 -0.3632 -0.0400
7.4716 -0.2702 -0.0400
5.3161 1.9798 -0.0400
4.0378 -0.6778 -0.0400
4.0030 -0.7118 -0.0400
3.9781 -0.7256 -0.0400
3.9563 -0.7336 -0.0400
3.9068 -0.8181 -0.0400
3.8862 -0.8301 -0.0400
3.8680 -0.8372 -0.0400
3.8514 -0.8404 -0.0400
3.8353 -0.8428 -0.0400
3.8202 -0.8426 -0.0400
3.8054 -0.8418 -0.0400
3.7911 -0.8393 -0.0400
3.7776 -0.8333 -0.0400
3.7641 -0.8266 -0.0400
3.7506 -0.8190 -0.0400
3.7376 -0.8076 -0.0400
3.7247 -0.7936 -0.0400
3.7118 -0.7754 -0.0400
3.6996 -0.7464 -0.0400
3.7753 2.7731 -0.0400
3.6973 2.7453 -0.0400
3.6205 2.7473 -0.0400
3.5432 2.7806 -0.0400
2.6115 2.7171 -0.0400
2.5483 2.6461 -0.0400
2.4733 2.6274 -0.0400
2.3847 2.6565 -0.0400
0.3269 2.8875 -0.0400
0.2796 2.7875 -0.0400
0.2265 2.6978 -0.0400
0.1552 2.6329 -0.0400
0.0694 2.5857 -0.0400
-1.2205 1.6198 -0.0400
-1.3129 1.4372 -0.0400
-1.4346 1.3921 -0.0400
-1.4744 1.2961 -0.0400
0.2305 -0.2091 -0.0400
0.1856 -0.2601 -0.0400
0.1705 -0.3234 -0.0400
0.1669 -0.3906 -0.0400
0.1339 -0.4469 -0.0400
0.0598 -0.4902 -0.0400
-0.0060 -0.5382 -0.0400
-0.0547 -0.5929 -0.0400
-0.5519 -1.5715 -0.0400
-0.4813 -1.6442 -0.0400
-0.5154 -1.7162 -0.0400
1.2601 -5.0059 -0.0400
1.3344 -5.0237 -0.0400
1.3868 -5.0739 -0.0400
1.5505 -6.7666 -0.0400
1.6477 -6.7827 -0.0400
3.5773 -2.5186 -0.0400
3.5926 -2.4934 -0.0400
3.6069 -2.4653 -0.0400
3.6210 -2.4574 -0.0400
3.6349 -2.4503 -0.0400
3.6486 -2.4438 -0.0400
3.6624 -2.4407 -0.0400
3.6762 -2.4376 -0.0400
3.6888 -2.4259 -0.0400
3.7020 -2.4204 -0.0400
3.7153 -2.4167 -0.0400
3.7288 -2.4140 -0.0400
3.7424 -2.4122 -0.0400
3.7573 -2.4161 -0.0400
3.7721 -2.4187 -0.0400
3.7876 -2.4230 -0.0400
3.8040 -2.4299 -0.0400
3.8314 -2.4731 -0.0400
8.2033 -4.4899 -0.0400
8.2497 -4.4071 -0.0400
6.8432 -2.4923 -0.0400
6.8290 -2.4284 -0.0400
6.8529 -2.3739 -0.0400
7.0729 -2.3595 -0.0400
7.1068 -2.3025 -0.0400
8.2603 -2.0192 -0.0400
8.2724 -1.9378 -0.0400
7.4641 -0.4989 -0.0400
7.4214 -0.4383 -0.0400
7.4804 -0.3445 -0.0400
5.4057 2.0118 -0.0400
4.0955 -0.5795 -0.0400
4.0153 -0.7064 -0.0400
3.9894 -0.7210 -0.0400
3.9614 -0.7427 -0.0400
3.9162 -0.8115 -0.0400
3.8937 -0.8269 -0.0400
3.8750 -0.8342 -0.0400
3.8576 -0.8389 -0.0400
3.8397 -0.8465 -0.0400
3.8246 -0.8460 -0.0400
3.8102 -0.8435 -0.0400
3.7960 -0.8406 -0.0400
3.7822 -0.8358 -0.0400
3.7687 -0.8297 -0.0400
3.7553 -0.8224 -0.0400
3.7438 -0.8040 -0.0400
3.7312 -0.7885 -0.0400
3.7191 -0.7670 -0.0400
3.7092 -0.7225 -0.0400
3.7702 2.7462 -0.0400
3.6933 2.7438 -0.0400
3.6166 2.7717 -0.0400
3.5380 2.8889 -0.0400
2.6134 2.6937 -0.0400
2.5477 2.6349 -0.0400
2.4662 2.6416 -0.0400
0.3329 2.8804 -0.0400
0.2791 2.7895 -0.0400
0.2242 2.7022 -0.0400
0.1649 2.6224 -0.0400
-1.2333 1.6334 -0.0400
-1.2857 1.5457 -0.0400
-1.3037 1.4366 -0.0400
-1.4167 1.3867 -0.0400
-1.4807 1.3054 -0.0400
0.2557 -0.1473 -0.0400
0.2431 -0.2115 -0.0400
0.1982 -0.2620 -0.0400
0.1669 -0.3186 -0.0400
0.1678 -0.3874 -0.0400
0.1054 -0.4333 -0.0400
0.0174 -0.4724 -0.0400
-0.0179 -0.5303 -0.0400
-0.4993 -1.5649 -0.0400
-0.4785 -1.6365 -0.0400
-0.4955 -1.7080 -0.0400
1.3223 -5.0134 -0.0400
1.3721 -5.0675 -0.0400
1.6322 -6.7707 -0.0400
3.5953 -2.4815 -0.0400
3.6096 -2.4688 -0.0400
3.6236 -2.4594 -0.0400
3.6370 -2.4459 -0.0400
3.6508 -2.4425 -0.0400
3.6646 -2.4395 -0.0400
3.6782 -2.4343 -0.0400
3.6912 -2.4269 -0.0400
3.7043 -2.4210 -0.0400
3.7175 -2.4165 -0.0400
3.7312 -2.4146 -0.0400
3.7453 -2.4145 -0.0400
3.7598 -2.4158 -0.0400
3.7748 -2.4185 -0.0400
3.7936 -2.4346 -0.0400
3.8125 -2.4483 -0.0400
6.8550 -2.5025 -0.0400
6.8337 -2.4363 -0.0400
6.8985 -2.3908 -0.0400
7.0810 -2.3678 -0.0400
7.1472 -2.3166 -0.0400
8.2750 -2.1102 -0.0400
8.2553 -2.0257 -0.0400
7.4593 -0.5026 -0.0400
7.4252 -0.4391 -0.0400
7.5030 -0.3389 -0.0400
4.1105 -0.5773 -0.0400
4.0262 -0.7056 -0.0400
3.9995 -0.7204 -0.0400
3.9703 -0.7432 -0.0400
3.9252 -0.8073 -0.0400
3.9012 -0.8249 -0.0400
3.8819 -0.8329 -0.0400
3.8613 -0.8458 -0.0400
3.8454 -0.8468 -0.0400
3.8302 -0.8461 -0.0400
3.8154 -0.8445 -0.0400
3.8012 -0.8415 -0.0400
3.7877 -0.8354 -0.0400
3.7743 -0.8286 -0.0400
3.7610 -0.8210 -0.0400
3.7483 -0.8098 -0.0400
3.7357 -0.7963 -0.0400
3.7233 -0.7790 -0.0400
3.7115 -0.7544 -0.0400
3.8466 2.8032 -0.0400
3.7664 2.7521 -0.0400
3.6892 2.7425 -0.0400
3.6126 2.7625 -0.0400
2.6190 2.6527 -0.0400
2.5437 2.6366 -0.0400
2.4597 2.6531 -0.0400
0.3504 2.8565 -0.0400
0.2899 2.7756 -0.0400
0.2237 2.7036 -0.0400
0.1647 2.6235 -0.0400
-1.1912 1.7328 -0.0400
-1.2086 1.6209 -0.0400
-1.2474 1.5251 -0.0400
-1.3054 1.4422 -0.0400
-1.4473 1.4101 -0.0400
0.2600 -0.1470 -0.0400
0.2456 -0.2102 -0.0400
0.2018 -0.2609 -0.0400
0.1922 -0.3257 -0.0400
0.1700 -0.3853 -0.0400
0.1201 -0.4352 -0.0400
0.0189 -0.4694 -0.0400
-0.0068 -0.5301 -0.0400
-0.4804 -1.5583 -0.0400
-0.4829 -1.6294 -0.0400
-0.5363 -1.7013 -0.0400
2.2947 -2.1581 -0.0400
1.2282 -4.9970 -0.0400
1.3081 -5.0067 -0.0400
1.3500 -5.0727 -0.0400
1.3653 -5.1834 -0.0400
1.5252 -6.7296 -0.0400
1.6097 -6.7776 -0.0400
2.6884 -7.2990 -0.0400
3.6155 -2.4559 -0.0400
3.6293 -2.4489 -0.0400
3.6431 -2.4444 -0.0400
3.6568 -2.4396 -0.0400
3.6699 -2.4318 -0.0400
3.6832 -2.4259 -0.0400
3.6965 -2.4216 -0.0400
3.7101 -2.4190 -0.0400
3.7238 -2.4170 -0.0400
3.7388 -2.4211 -0.0400
3.7539 -2.4243 -0.0400
3.7697 -2.4296 -0.0400
3.7867 -2.4382 -0.0400
3.8061 -2.4535 -0.0400
6.8524 -2.6308 -0.0400
6.8159 -2.5582 -0.0400
6.8161 -2.4972 -0.0400
6.8540 -2.4461 -0.0400
7.0646 -2.4332 -0.0400
7.1084 -2.3783 -0.0400
8.2537 -2.1131 -0.0400
8.2801 -2.0327 -0.0400
7.4830 -0.5713 -0.0400
7.4797 -0.4984 -0.0400
7.5538 -0.4006 -0.0400
4.0536 -0.7198 -0.0400
4.0270 -0.7324 -0.0400
3.9972 -0.7534 -0.0400
3.9498 -0.8157 -0.0400
3.9253 -0.8322 -0.0400
3.9054 -0.8396 -0.0400
3.8843 -0.8519 -0.0400
3.8681 -0.8528 -0.0400
3.8528 -0.8516 -0.0400
3.8379 -0.8501 -0.0400
3.8234 -0.8475 -0.0400
3.8099 -0.8416 -0.0400
3.7966 -0.8351 -0.0400
3.7834 -0.8273 -0.0400
3.7706 -0.8178 -0.0400
3.7607 -0.7938 -0.0400
3.7493 -0.7738 -0.0400
3.7397 -0.7403 -0.0400
4.0024 2.8231 -0.0400
3.9180 2.7513 -0.0400
3.8398 2.7363 -0.0400
3.7636 2.7505 -0.0400
3.6881 2.8050 -0.0400
2.7615 2.7153 -0.0400
2.6922 2.6670 -0.0400
2.6163 2.6535 -0.0400
2.5317 2.6759 -0.0400
0.4387 2.8991 -0.0400
0.3815 2.8131 -0.0400
0.3133 2.7441 -0.0400
0.2378 2.6854 -0.0400
-1.1071 1.8004 -0.0400
-1.1444 1.7022 -0.0400
-1.1852 1.6075 -0.0400
-1.3458 1.4705 -0.0400
0.2798 -0.0138 -0.0400
0.2971 -0.0930 -0.0400
0.2754 -0.1528 -0.0400
0.2251 -0.2001 -0.0400
0.2218 -0.2677 -0.0400
0.1984 -0.3266 -0.0400
0.1499 -0.3762 -0.0400
0.0417 -0.4060 -0.0400
-0.0342 -0.4499 -0.0400
-0.4847 -1.4829 -0.0400
-0.4723 -1.5542 -0.0400
-0.4987 -1.6249 -0.0400
2.2893 -2.1297 -0.0400
2.3505 -2.1310 -0.0400
2.3720 -2.1470 -0.0400
2.3890 -2.1644 -0.0400
1.1563 -4.9568 -0.0400
1.2457 -4.9544 -0.0400
1.2944 -5.0088 -0.0400
1.4253 -6.6880 -0.0400
1.5126 -6.7280 -0.0400
2.6895 -7.2098 -0.0400
3.6553 -2.4418 -0.0400
3.6691 -2.4387 -0.0400
3.6822 -2.4312 -0.0400
3.6947 -2.4219 -0.0400
3.7083 -2.4189 -0.0400
3.7219 -2.4166 -0.0400
3.7359 -2.4156 -0.0400
3.7506 -2.4168 -0.0400
3.7657 -2.4195 -0.0400
3.7853 -2.4367 -0.0400
3.8052 -2.4522 -0.0400
6.8367 -2.5135 -0.0400
6.8259 -2.4496 -0.0400
7.0571 -2.4421 -0.0400
7.0890 -2.3846 -0.0400
8.2624 -2.1250 -0.0400
8.2580 -2.0415 -0.0400
7.4868 -0.5748 -0.0400
7.4514 -0.5109 -0.0400
7.4573 -0.4348 -0.0400
4.0684 -0.6689 -0.0400
4.0138 -0.7346 -0.0400
3.9903 -0.7425 -0.0400
3.9701 -0.7447 -0.0400
3.9128 -0.8324 -0.0400
3.8937 -0.8380 -0.0400
3.8729 -0.8493 -0.0400
3.8567 -0.8498 -0.0400
3.8414 -0.8485 -0.0400
3.8264 -0.8470 -0.0400
3.8117 -0.8447 -0.0400
3.7981 -0.8393 -0.0400
3.7846 -0.8331 -0.0400
3.7713 -0.8259 -0.0400
3.7600 -0.8098 -0.0400
3.7477 -0.7962 -0.0400
3.7357 -0.7792 -0.0400
3.7245 -0.7557 -0.0400
3.8363 2.7670 -0.0400
3.7578 2.7425 -0.0400
3.6822 2.7860 -0.0400
2.6785 2.7086 -0.0400
2.6114 2.6519 -0.0400
2.5272 2.6732 -0.0400
0.3516 2.8539 -0.0400
0.2974 2.7647 -0.0400
0.2308 2.6940 -0.0400
-1.1445 1.7063 -0.0400
-1.2071 1.6268 -0.0400
-1.2317 1.5218 -0.0400
-1.3874 1.5017 -0.0400
-1.3959 1.3868 -0.0400
0.2753 -0.1513 -0.0400
0.2447 -0.2068 -0.0400
0.2090 -0.2604 -0.0400
0.1998 -0.3249 -0.0400
0.1718 -0.3819 -0.0400
0.0455 -0.4044 -0.0400
0.0193 -0.4644 -0.0400
-0.0541 -0.5098 -0.0400
-0.5072 -1.4744 -0.0400
-0.4757 -1.5463 -0.0400
-0.4846 -1.6169 -0.0400
-0.5591 -1.6885 -0.0400
2.3241 -2.1330 -0.0400
2.3529 -2.1462 -0.0400
2.3752 -2.1613 -0.0400
2.3927 -2.1782 -0.0400
2.4116 -2.1940 -0.0400
2.4227 -2.2134 -0.0400
2.4319 -2.2337 -0.0400
1.4931 -6.7117 -0.0400
1.5799 -6.7529 -0.0400
2.6543 -7.2686 -0.0400
2.7628 -7.2144 -0.0400
2.8528 -7.2889 -0.0400
3.6740 -2.4300 -0.0400
3.6872 -2.4245 -0.0400
3.7007 -2.4210 -0.0400
3.7147 -2.4203 -0.0400
3.7293 -2.4216 -0.0400
3.7444 -2.4244 -0.0400
3.7603 -2.4292 -0.0400
3.7775 -2.4375 -0.0400
3.7971 -2.4525 -0.0400
6.2605 -5.2447 -0.0400
6.3141 -5.1851 -0.0400
6.8260 -2.5781 -0.0400
6.8207 -2.5150 -0.0400
7.0446 -2.5096 -0.0400
7.0711 -2.4510 -0.0400
7.1432 -2.4017 -0.0400
8.2866 -2.2173 -0.0400
8.2513 -2.1297 -0.0400
7.5225 -0.6421 -0.0400
7.4761 -0.5804 -0.0400
7.4751 -0.5066 -0.0400
4.1486 -0.5962 -0.0400
4.0449 -0.7414 -0.0400
4.0201 -0.7498 -0.0400
3.9667 -0.8168 -0.0400
3.9412 -0.8324 -0.0400
3.9153 -0.8510 -0.0400
3.8979 -0.8527 -0.0400
3.8812 -0.8534 -0.0400
3.8640 -0.8563 -0.0400
3.8492 -0.8537 -0.0400
3.8345 -0.8509 -0.0400
3.8210 -0.8450 -0.0400
3.8076 -0.8385 -0.0400
3.7944 -0.8312 -0.0400
3.7832 -0.8160 -0.0400
3.7711 -0.8031 -0.0400
3.7593 -0.7874 -0.0400
3.7482 -0.7667 -0.0400
3.9889 2.7654 -0.0400
3.9087 2.7365 -0.0400
3.8318 2.7385 -0.0400
3.7564 2.7707 -0.0400
2.8259 2.7528 -0.0400
2.7591 2.6848 -0.0400
2.6847 2.6643 -0.0400
2.6024 2.6809 -0.0400
0.5139 2.9578 -0.0400
0.4300 2.9096 -0.0400
0.3699 2.8275 -0.0400
0.3130 2.7429 -0.0400
-1.0784 1.7846 -0.0400
-1.1439 1.7076 -0.0400
-1.1724 1.6047 -0.0400
-1.2879 1.5609 -0.0400
-1.3361 1.4711 -0.0400
0.3068 -0.0259 -0.0400
0.3057 -0.0956 -0.0400
0.2591 -0.1435 -0.0400
0.2251 -0.1978 -0.0400
0.2296 -0.2683 -0.0400
0.1922 -0.3212 -0.0400
0.0741 -0.3445 -0.0400
0.0400 -0.4014 -0.0400
-0.5374 -1.3979 -0.0400
-0.4755 -1.4723 -0.0400
-0.5064 -1.5421 -0.0400
2.3127 -2.1087 -0.0400
2.3436 -2.1214 -0.0400
2.3670 -2.1362 -0.0400
2.3911 -2.1502 -0.0400
2.4041 -2.1686 -0.0400
2.4148 -2.1880 -0.0400
2.4235 -2.2083 -0.0400
2.4260 -2.2319 -0.0400
2.4291 -2.2556 -0.0400
2.4295 -2.2811 -0.0400
1.3972 -6.6620 -0.0400
1.4793 -6.7140 -0.0400
2.6518 -7.2044 -0.0400
3.7027 -2.4209 -0.0400
3.7166 -2.4194 -0.0400
3.7311 -2.4197 -0.0400
3.7483 -2.4302 -0.0400
3.7653 -2.4377 -0.0400
3.7846 -2.4518 -0.0400
6.2332 -5.2348 -0.0400
6.2999 -5.1926 -0.0400
6.7965 -2.5790 -0.0400
6.8183 -2.5235 -0.0400
7.0426 -2.5183 -0.0400
7.0670 -2.4591 -0.0400
8.2447 -2.2217 -0.0400
8.2653 -2.1405 -0.0400
7.5747 -0.7084 -0.0400
7.4990 -0.6527 -0.0400
7.4877 -0.5817 -0.0400
7.5457 -0.4906 -0.0400
4.0623 -0.7327 -0.0400
4.0287 -0.7555 -0.0400
4.0085 -0.7559 -0.0400
3.9492 -0.8343 -0.0400
3.9230 -0.8520 -0.0400
3.9053 -0.8537 -0.0400
3.8862 -0.8592 -0.0400
3.8709 -0.8569 -0.0400
3.8551 -0.8564 -0.0400
3.8408 -0.8523 -0.0400
3.8266 -0.8479 -0.0400
3.8137 -0.8398 -0.0400
3.8006 -0.8322 -0.0400
3.7896 -0.8171 -0.0400
3.7774 -0.8046 -0.0400
3.7656 -0.7897 -0.0400
3.7544 -0.7705 -0.0400
3.9858 2.7733 -0.0400
3.9050 2.7394 -0.0400
3.8292 2.7593 -0.0400
3.7559 2.8419 -0.0400
2.8156 2.7914 -0.0400
2.7540 2.6906 -0.0400
2.6764 2.6853 -0.0400
0.5105 2.9609 -0.0400
0.4521 2.8754 -0.0400
0.3698 2.8259 -0.0400
0.3004 2.7583 -0.0400
-1.0729 1.7825 -0.0400
-1.1214 1.6936 -0.0400
-1.1691 1.6046 -0.0400
-1.2826 1.5598 -0.0400
-1.3589 1.4882 -0.0400
0.3134 -0.0294 -0.0400
0.3078 -0.0967 -0.0400
0.2474 -0.1380 -0.0400
0.2474 -0.2072 -0.0400
0.2254 -0.2661 -0.0400
0.1782 -0.3150 -0.0400
0.0748 -0.3438 -0.0400
0.0270 -0.3956 -0.0400
-0.4811 -1.3968 -0.0400
-0.4658 -1.4681 -0.0400
-0.4862 -1.5378 -0.0400
2.3015 -2.1078 -0.0400
2.3368 -2.1187 -0.0400
2.3730 -2.1282 -0.0400
2.3887 -2.1455 -0.0400
2.4020 -2.1636 -0.0400
2.4132 -2.1825 -0.0400
2.4194 -2.2039 -0.0400
2.4245 -2.2259 -0.0400
2.4273 -2.2496 -0.0400
2.4272 -2.2751 -0.0400
2.3982 -2.3183 -0.0400
1.3781 -6.6618 -0.0400
1.4509 -6.7364 -0.0400
2.5353 -7.1892 -0.0400
2.6348 -7.1916 -0.0400
3.5366 -2.5321 -0.0400
3.5518 -2.5031 -0.0400
3.5663 -2.4851 -0.0400
3.7341 -2.4229 -0.0400
3.7499 -2.4269 -0.0400
3.7668 -2.4337 -0.0400
3.7992 -2.4876 -0.0400
6.2316 -5.2597 -0.0400
6.3114 -5.2337 -0.0400
6.7935 -2.5880 -0.0400
6.8190 -2.5334 -0.0400
7.0405 -2.5276 -0.0400
7.1128 -2.4794 -0.0400
8.2483 -2.2322 -0.0400
8.2552 -2.1492 -0.0400
7.5125 -0.6545 -0.0400
7.4836 -0.5879 -0.0400
4.0746 -0.7347 -0.0400
4.0415 -0.7551 -0.0400
4.0199 -0.7570 -0.0400
3.9622 -0.8280 -0.0400
3.9336 -0.8487 -0.0400
3.9118 -0.8579 -0.0400
3.8952 -0.8573 -0.0400
3.8777 -0.8594 -0.0400
3.8617 -0.8585 -0.0400
3.8474 -0.8542 -0.0400
3.8334 -0.8490 -0.0400
3.8199 -0.8424 -0.0400
3.8074 -0.8328 -0.0400
3.7947 -0.8232 -0.0400
3.7823 -0.8123 -0.0400
3.7731 -0.7890 -0.0400
3.7620 -0.7700 -0.0400
3.9780 2.7336 -0.0400
3.9006 2.7320 -0.0400
3.8252 2.7561 -0.0400
3.7513 2.8259 -0.0400
2.8242 2.7135 -0.0400
2.7525 2.6758 -0.0400
2.6745 2.6744 -0.0400
2.5814 2.7402 -0.0400
0.5122 2.9557 -0.0400
0.4505 2.8752 -0.0400
0.3800 2.8093 -0.0400
-1.0728 1.7838 -0.0400
-1.1024 1.6814 -0.0400
-1.1860 1.6178 -0.0400
-1.2708 1.5537 -0.0400
0.3266 0.0341 -0.0400
0.3281 -0.0376 -0.0400
0.3061 -0.0965 -0.0400
0.2577 -0.1432 -0.0400
0.2517 -0.2093 -0.0400
0.2284 -0.2675 -0.0400
0.1106 -0.2881 -0.0400
0.0781 -0.3446 -0.0400
-0.4897 -1.3924 -0.0400
-0.4735 -1.4637 -0.0400
-0.5396 -1.5320 -0.0400
2.2728 -2.0890 -0.0400
2.3196 -2.0965 -0.0400
2.3479 -2.1096 -0.0400
2.3690 -2.1250 -0.0400
2.3857 -2.1417 -0.0400
2.3999 -2.1592 -0.0400
2.4114 -2.1778 -0.0400
2.4187 -2.1984 -0.0400
2.4241 -2.2200 -0.0400
2.4268 -2.2434 -0.0400
2.4115 -2.2773 -0.0400
2.3981 -2.3113 -0.0400
1.3687 -6.6399 -0.0400
1.4477 -6.6982 -0.0400
2.5160 -7.1909 -0.0400
2.6171 -7.1844 -0.0400
3.5403 -2.5398 -0.0400
3.5550 -2.5077 -0.0400
3.5687 -2.4769 -0.0400
3.5826 -2.4659 -0.0400
3.5965 -2.4592 -0.0400
3.7727 -2.4440 -0.0400
3.7963 -2.4681 -0.0400
6.2138 -5.2634 -0.0400
6.2728 -5.2106 -0.0400
7.1287 -2.4933 -0.0400
8.2492 -2.2429 -0.0400
7.5555 -0.7244 -0.0400
7.5023 -0.6629 -0.0400
7.5027 -0.5885 -0.0400
7.5798 -0.4916 -0.0400
4.0569 -0.7519 -0.0400
4.0289 -0.7639 -0.0400
3.9696 -0.8340 -0.0400
3.9418 -0.8517 -0.0400
3.9200 -0.8598 -0.0400
3.9035 -0.8585 -0.0400
3.8856 -0.8606 -0.0400
3.8691 -0.8603 -0.0400
3.8541 -0.8569 -0.0400
3.8399 -0.8522 -0.0400
3.8267 -0.8447 -0.0400
3.8141 -0.8354 -0.0400
3.8011 -0.8267 -0.0400
3.7907 -0.8095 -0.0400
3.7785 -0.7966 -0.0400
3.7714 -0.7651 -0.0400
3.7642 -0.7297 -0.0400
4.0551 2.7586 -0.0400
3.9742 2.7321 -0.0400
3.8969 2.7326 -0.0400
3.8215 2.7572 -0.0400
2.8238 2.6903 -0.0400
2.7473 2.6814 -0.0400
2.6618 2.7178 -0.0400
0.5256 2.9322 -0.0400
0.4416 2.8855 -0.0400
0.3849 2.7996 -0.0400
-1.0359 1.8829 -0.0400
-1.0861 1.7946 -0.0400
-1.1053 1.6844 -0.0400
-1.1908 1.6223 -0.0400
-1.2693 1.5541 -0.0400
0.3330 0.0292 -0.0400
0.3391 -0.0444 -0.0400
0.2933 -0.0915 -0.0400
0.2737 -0.1515 -0.0400
0.2585 -0.2131 -0.0400
0.2251 -0.2667 -0.0400
0.1026 -0.2852 -0.0400
0.0791 -0.3451 -0.0400
-0.4892 -1.3186 -0.0400
-0.4620 -1.3909 -0.0400
-0.4685 -1.4605 -0.0400
-0.5154 -1.5290 -0.0400
2.3072 -2.0972 -0.0400
2.3402 -2.1086 -0.0400
2.3737 -2.1187 -0.0400
2.3884 -2.1360 -0.0400
2.4011 -2.1539 -0.0400
2.4109 -2.1730 -0.0400
2.4185 -2.1933 -0.0400
2.4245 -2.2143 -0.0400
2.4179 -2.2425 -0.0400
2.4141 -2.2698 -0.0400
2.4025 -2.3023 -0.0400
2.4986 -7.1839 -0.0400
2.5937 -7.2126 -0.0400
3.5285 -2.5452 -0.0400
3.5433 -2.5115 -0.0400
3.5576 -2.4928 -0.0400
3.5716 -2.4793 -0.0400
3.5853 -2.4683 -0.0400
3.5986 -2.4553 -0.0400
3.6121 -2.4489 -0.0400
3.6260 -2.4459 -0.0400
6.2011 -5.2742 -0.0400
6.2615 -5.2232 -0.0400
8.2398 -2.2529 -0.0400
7.5086 -0.6678 -0.0400
7.5676 -0.5776 -0.0400
4.0777 -0.7421 -0.0400
4.0448 -0.7604 -0.0400
4.0203 -0.7665 -0.0400
3.9572 -0.8432 -0.0400
3.9294 -0.8610 -0.0400
3.9104 -0.8638 -0.0400
3.8930 -0.8643 -0.0400
3.8766 -0.8632 -0.0400
3.8616 -0.8595 -0.0400
3.8473 -0.8546 -0.0400
3.8338 -0.8477 -0.0400
3.8208 -0.8393 -0.0400
3.8087 -0.8280 -0.0400
3.7961 -0.8177 -0.0400
3.7859 -0.7993 -0.0400
3.7781 -0.7713 -0.0400
3.7685 -0.7465 -0.0400
4.1379 2.8134 -0.0400
4.0501 2.7458 -0.0400
3.9704 2.7287 -0.0400
3.8936 2.7345 -0.0400
3.8234 2.8350 -0.0400
2.8881 2.7559 -0.0400
2.8192 2.6935 -0.0400
2.7442 2.6761 -0.0400
2.6616 2.6976 -0.0400
0.5861 3.0123 -0.0400
0.5256 2.9287 -0.0400
0.4293 2.9004 -0.0400
0.3828 2.7993 -0.0400
-1.0145 1.8666 -0.0400
-1.0651 1.7793 -0.0400
-1.1132 1.6906 -0.0400
-1.2614 1.6722 -0.0400
-1.2748 1.5586 -0.0400
0.3540 0.0162 -0.0400
0.3409 -0.0472 -0.0400
0.2876 -0.0904 -0.0400
0.2772 -0.1546 -0.0400
0.2623 -0.2161 -0.0400
0.2117 -0.2622 -0.0400
0.1064 -0.2875 -0.0400
0.0760 -0.3445 -0.0400
-0.4849 -1.3163 -0.0400
-0.4606 -1.3882 -0.0400
-0.4666 -1.4576 -0.0400
2.2808 -2.0794 -0.0400
2.3225 -2.0882 -0.0400
2.3497 -2.1014 -0.0400
2.3695 -2.1168 -0.0400
2.3857 -2.1333 -0.0400
2.3991 -2.1507 -0.0400
2.4092 -2.1695 -0.0400
2.4155 -2.1901 -0.0400
2.4194 -2.2122 -0.0400
2.4205 -2.2359 -0.0400
2.4178 -2.2623 -0.0400
2.4089 -2.2928 -0.0400
2.4830 -7.1678 -0.0400
2.5746 -7.2156 -0.0400
3.5325 -2.5477 -0.0400
3.5459 -2.4960 -0.0400
3.5599 -2.4819 -0.0400
3.5737 -2.4712 -0.0400
3.5874 -2.4626 -0.0400
3.6011 -2.4562 -0.0400
3.6146 -2.4498 -0.0400
3.6282 -2.4452 -0.0400
3.6420 -2.4423 -0.0400
3.6549 -2.4348 -0.0400
6.1928 -5.2914 -0.0400
6.2906 -5.2887 -0.0400
6.3606 -3.8437 -0.0400
8.2433 -2.2650 -0.0400
7.5492 -0.7397 -0.0400
7.5078 -0.6750 -0.0400
7.5179 -0.5977 -0.0400
4.1870 -0.5996 -0.0400
4.0640 -0.7538 -0.0400
4.0339 -0.7676 -0.0400
3.9685 -0.8441 -0.0400
3.9423 -0.8574 -0.0400
3.9213 -0.8629 -0.0400
3.9027 -0.8649 -0.0400
3.8861 -0.8636 -0.0400
3.8698 -0.8621 -0.0400
3.8549 -0.8579 -0.0400
3.8416 -0.8503 -0.0400
3.8285 -0.8421 -0.0400
3.8161 -0.8317 -0.0400
3.8033 -0.8218 -0.0400
3.7926 -0.8055 -0.0400
3.7832 -0.7838 -0.0400
3.7781 -0.7460 -0.0400
4.0451 2.7308 -0.0400
3.9669 2.7259 -0.0400
3.8936 2.7718 -0.0400
2.8908 2.7089 -0.0400
2.8162 2.6869 -0.0400
2.7360 2.6996 -0.0400
0.5841 3.0116 -0.0400
0.5234 2.9284 -0.0400
0.4267 2.9007 -0.0400
-1.0183 1.8694 -0.0400
-1.0521 1.7694 -0.0400
-1.1141 1.6913 -0.0400
-1.2190 1.6429 -0.0400
0.3578 0.0117 -0.0400
0.3338 -0.0459 -0.0400
0.2836 -0.0906 -0.0400
0.2863 -0.1608 -0.0400
0.2626 -0.2181 -0.0400
0.2071 -0.2619 -0.0400
0.1082 -0.2895 -0.0400
0.0571 -0.3385 -0.0400
-0.4733 -1.3153 -0.0400
-0.4576 -1.3863 -0.0400
-0.5114 -1.4531 -0.0400
2.3108 -2.0898 -0.0400
2.3571 -2.0956 -0.0400
2.3741 -2.1119 -0.0400
2.3884 -2.1289 -0.0400
2.4005 -2.1466 -0.0400
2.4094 -2.1657 -0.0400
2.4163 -2.1858 -0.0400
2.4215 -2.2068 -0.0400
2.4122 -2.2359 -0.0400
2.4054 -2.2645 -0.0400
2.3870 -2.3006 -0.0400
2.4681 -7.1502 -0.0400
2.5641 -7.1692 -0.0400
3.5208 -2.5476 -0.0400
3.5351 -2.5152 -0.0400
3.5492 -2.4972 -0.0400
3.5629 -2.4829 -0.0400
3.5758 -2.4644 -0.0400
3.5895 -2.4583 -0.0400
3.6030 -2.4522 -0.0400
3.6165 -2.4472 -0.0400
3.6304 -2.4447 -0.0400
3.6442 -2.4422 -0.0400
3.6565 -2.4323 -0.0400
3.6698 -2.4276 -0.0400
3.6834 -2.4248 -0.0400
6.2843 -5.1975 -0.0400
6.3848 -5.1954 -0.0400
6.4318 -3.6919 -0.0400
8.1128 -4.6170 -0.0400
7.4890 -0.6180 -0.0400
7.4775 -0.5460 -0.0400
7.5362 -0.4528 -0.0400
4.0461 -0.7315 -0.0400
4.0111 -0.7538 -0.0400
3.9605 -0.8065 -0.0400
3.9227 -0.8404 -0.0400
3.8990 -0.8510 -0.0400
3.8789 -0.8557 -0.0400
3.8615 -0.8558 -0.0400
3.8453 -0.8540 -0.0400
3.8300 -0.8505 -0.0400
3.8156 -0.8450 -0.0400
3.8018 -0.8381 -0.0400
3.7891 -0.8279 -0.0400
3.7771 -0.8153 -0.0400
3.7656 -0.8001 -0.0400
3.7552 -0.7804 -0.0400
3.7475 -0.7494 -0.0400
3.7407 -0.7113 -0.0400
3.9695 2.7939 -0.0400
3.8852 2.7332 -0.0400
3.8082 2.7388 -0.0400
3.7322 2.7628 -0.0400
2.7968 2.7704 -0.0400
2.7319 2.6853 -0.0400
2.6587 2.6574 -0.0400
2.5792 2.6621 -0.0400
0.4199 2.9044 -0.0400
0.3430 2.8465 -0.0400
0.2976 2.7454 -0.0400
-1.0899 1.7969 -0.0400
-1.1462 1.7138 -0.0400
-1.1711 1.6089 -0.0400
-1.2464 1.5397 -0.0400
-1.3328 1.4767 -0.0400
0.2700 -0.0182 -0.0400
0.3034 -0.1048 -0.0400
0.2725 -0.1587 -0.0400
0.2292 -0.2073 -0.0400
0.2318 -0.2761 -0.0400
0.1974 -0.3289 -0.0400
0.1207 -0.3658 -0.0400
0.0551 -0.4090 -0.0400
-0.0094 -0.4542 -0.0400
-0.4753 -1.4521 -0.0400
-0.4691 -1.5217 -0.0400
-0.5528 -1.5895 -0.0400
2.2973 -2.1153 -0.0400
2.3344 -2.1243 -0.0400
2.3606 -2.1367 -0.0400
2.3801 -2.1513 -0.0400
2.3961 -2.1671 -0.0400
2.4113 -2.1831 -0.0400
2.4194 -2.2023 -0.0400
2.4259 -2.2225 -0.0400
2.4295 -2.2445 -0.0400
2.4307 -2.2682 -0.0400
2.4274 -2.2950 -0.0400
2.4163 -2.3275 -0.0400
2.5209 -7.2474 -0.0400
2.6313 -7.1823 -0.0400
2.7261 -7.2112 -0.0400
3.5483 -2.5453 -0.0400
3.5596 -2.4985 -0.0400
3.5729 -2.4841 -0.0400
3.5862 -2.4735 -0.0400
3.5993 -2.4637 -0.0400
3.6127 -2.4572 -0.0400
3.6252 -2.4470 -0.0400
3.6389 -2.4442 -0.0400
3.6527 -2.4414 -0.0400
3.6658 -2.4360 -0.0400
3.6784 -2.4290 -0.0400
3.6913 -2.4234 -0.0400
3.7050 -2.4207 -0.0400
3.7191 -2.4193 -0.0400
3.7341 -2.4203 -0.0400
6.1583 -5.3025 -0.0400
6.2307 -5.2668 -0.0400
6.3291 -3.8564 -0.0400
6.3556 -3.7976 -0.0400
8.0119 -4.7880 -0.0400
7.5406 -0.7578 -0.0400
7.5145 -0.6892 -0.0400
7.5423 -0.6069 -0.0400
4.0720 -0.7587 -0.0400
4.0061 -0.8276 -0.0400
3.9748 -0.8457 -0.0400
3.9453 -0.8630 -0.0400
3.9234 -0.8690 -0.0400
3.9069 -0.8662 -0.0400
3.8892 -0.8661 -0.0400
3.8736 -0.8624 -0.0400
3.8587 -0.8574 -0.0400
3.8451 -0.8496 -0.0400
3.8320 -0.8409 -0.0400
3.8197 -0.8296 -0.0400
3.8081 -0.8161 -0.0400
3.7971 -0.8003 -0.0400
3.7910 -0.7690 -0.0400
4.1175 2.7283 -0.0400
4.0383 2.7204 -0.0400
3.9629 2.7422 -0.0400
3.8895 2.7900 -0.0400
2.9517 2.7859 -0.0400
2.8831 2.7097 -0.0400
2.8059 2.7033 -0.0400
2.7139 2.7826 -0.0400
0.6645 3.0558 -0.0400
0.5933 2.9883 -0.0400
0.5098 2.9411 -0.0400
0.4546 2.8513 -0.0400
-0.9590 1.9486 -0.0400
-1.0364 1.8821 -0.0400
-1.0535 1.7691 -0.0400
-1.1807 1.7388 -0.0400
-1.2203 1.6432 -0.0400
0.3790 0.0644 -0.0400
0.3651 0.0015 -0.0400
0.2960 -0.0325 -0.0400
0.2959 -0.1022 -0.0400
0.2880 -0.1669 -0.0400
0.2486 -0.2169 -0.0400
0.1526 -0.2433 -0.0400
0.1040 -0.2919 -0.0400
-0.5166 -1.2384 -0.0400
-0.4495 -1.3149 -0.0400
-0.4600 -1.3833 -0.0400
-0.4957 -1.4506 -0.0400
2.3100 -2.0636 -0.0400
2.3382 -2.0763 -0.0400
2.3594 -2.0909 -0.0400
2.3755 -2.1070 -0.0400
2.3892 -2.1238 -0.0400
2.4007 -2.1414 -0.0400
2.4089 -2.1604 -0.0400
2.4154 -2.1802 -0.0400
2.4117 -2.2054 -0.0400
2.4093 -2.2304 -0.0400
2.4010 -2.2593 -0.0400
2.3772 -2.2980 -0.0400
2.5287 -7.1677 -0.0400
3.5132 -2.5389 -0.0400
3.5271 -2.5120 -0.0400
3.5409 -2.4964 -0.0400
3.5544 -2.4832 -0.0400
3.5670 -2.4657 -0.0400
3.5806 -2.4599 -0.0400
3.5940 -2.4542 -0.0400
3.6073 -2.4483 -0.0400
3.6210 -2.4456 -0.0400
3.6346 -2.4422 -0.0400
3.6474 -2.4355 -0.0400
3.6604 -2.4302 -0.0400
3.6737 -2.4263 -0.0400
3.6874 -2.4240 -0.0400
3.7014 -2.4225 -0.0400
3.7183 -2.4299 -0.0400
3.7349 -2.4353 -0.0400
3.7534 -2.4449 -0.0400
6.0983 -5.3848 -0.0400
6.1431 -5.3110 -0.0400
6.2532 -5.3250 -0.0400
6.3505 -3.8123 -0.0400
7.9999 -4.8011 -0.0400
8.1045 -4.7550 -0.0400
7.5313 -0.7688 -0.0400
7.5370 -0.6926 -0.0400
7.6212 -0.5953 -0.0400
4.0961 -0.7505 -0.0400
4.0656 -0.7614 -0.0400
3.9922 -0.8417 -0.0400
3.9648 -0.8537 -0.0400
3.9381 -0.8664 -0.0400
3.9169 -0.8709 -0.0400
3.9007 -0.8673 -0.0400
3.8839 -0.8653 -0.0400
3.8684 -0.8610 -0.0400
3.8545 -0.8536 -0.0400
3.8411 -0.8452 -0.0400
3.8284 -0.8348 -0.0400
3.8172 -0.8206 -0.0400
3.8066 -0.8037 -0.0400
3.7974 -0.7822 -0.0400
3.7909 -0.7509 -0.0400
4.2063 2.8021 -0.0400
4.1141 2.7197 -0.0400
4.0357 2.7186 -0.0400
3.9611 2.7473 -0.0400
2.9511 2.7626 -0.0400
2.8813 2.6964 -0.0400
2.8019 2.7063 -0.0400
0.6596 3.0593 -0.0400
0.5946 2.9815 -0.0400
0.5302 2.9049 -0.0400
-0.9619 1.9496 -0.0400
-1.0049 1.8560 -0.0400
-1.0629 1.7750 -0.0400
-1.1630 1.7248 -0.0400
-1.2693 1.6769 -0.0400
0.3879 0.0555 -0.0400
0.3552 0.0030 -0.0400
0.2943 -0.0352 -0.0400
0.3081 -0.1116 -0.0400
0.2818 -0.1674 -0.0400
0.2080 -0.2018 -0.0400
0.1318 -0.2373 -0.0400
0.0928 -0.2899 -0.0400
-0.5033 -1.2394 -0.0400
-0.4485 -1.3145 -0.0400
-0.4822 -1.3811 -0.0400
2.3024 -2.0656 -0.0400
2.3334 -2.0773 -0.0400
2.3563 -2.0911 -0.0400
2.3799 -2.1041 -0.0400
2.3918 -2.1214 -0.0400
2.4012 -2.1396 -0.0400
2.4081 -2.1590 -0.0400
2.4133 -2.1792 -0.0400
2.4155 -2.2011 -0.0400
2.4153 -2.2247 -0.0400
2.4102 -2.2514 -0.0400
1.0820 -4.8385 -0.0400
3.5169 -2.5304 -0.0400
3.5305 -2.5080 -0.0400
3.5431 -2.4828 -0.0400
3.5565 -2.4735 -0.0400
3.5698 -2.4648 -0.0400
3.5832 -2.4592 -0.0400
3.5960 -2.4501 -0.0400
3.6096 -2.4472 -0.0400
3.6233 -2.4450 -0.0400
3.6370 -2.4422 -0.0400
3.6496 -2.4352 -0.0400
3.6623 -2.4288 -0.0400
3.6759 -2.4264 -0.0400
3.6898 -2.4246 -0.0400
3.7042 -2.4244 -0.0400
3.7196 -2.4265 -0.0400
3.7360 -2.4310 -0.0400
3.7620 -2.4606 -0.0400
6.1310 -5.3240 -0.0400
6.2055 -5.2911 -0.0400
6.3442 -3.8266 -0.0400
8.0001 -4.8230 -0.0400
7.5793 -0.8430 -0.0400
7.5330 -0.7779 -0.0400
7.5315 -0.7033 -0.0400
7.5953 -0.6113 -0.0400
4.0809 -0.7670 -0.0400
4.0542 -0.7725 -0.0400
3.9747 -0.8622 -0.0400
3.9526 -0.8661 -0.0400
3.9334 -0.8662 -0.0400
3.9124 -0.8702 -0.0400
3.8959 -0.8669 -0.0400
3.8795 -0.8637 -0.0400
3.8650 -0.8573 -0.0400
3.8510 -0.8497 -0.0400
3.8380 -0.8398 -0.0400
3.8270 -0.8251 -0.0400
3.8143 -0.8134 -0.0400
3.8049 -0.7931 -0.0400
3.7979 -0.7648 -0.0400
4.1941 2.7387 -0.0400
4.1127 2.7230 -0.0400
4.0338 2.7190 -0.0400
3.9610 2.7650 -0.0400
2.9541 2.7084 -0.0400
2.8776 2.6981 -0.0400
2.7969 2.7164 -0.0400
0.7260 3.1322 -0.0400
0.6521 3.0673 -0.0400
0.5955 2.9754 -0.0400
0.5213 2.9142 -0.0400
0.4373 2.8684 -0.0400
-0.9995 1.8502 -0.0400
-1.0871 1.7919 -0.0400
-1.1750 1.7323 -0.0400
0.3968 0.1173 -0.0400
0.3883 0.0510 -0.0400
0.3438 0.0050 -0.0400
0.3027 -0.0435 -0.0400
0.3098 -0.1163 -0.0400
0.2669 -0.1640 -0.0400
0.2094 -0.2059 -0.0400
0.1268 -0.2383 -0.0400
0.0380 -0.2706 -0.0400
-0.4727 -1.2429 -0.0400
-0.4465 -1.3147 -0.0400
-0.4890 -1.3805 -0.0400
2.2902 -2.0470 -0.0400
2.3228 -2.0586 -0.0400
2.3466 -2.0723 -0.0400
2.3645 -2.0876 -0.0400
2.3792 -2.1039 -0.0400
2.3915 -2.1208 -0.0400
2.4018 -2.1384 -0.0400
2.4066 -2.1585 -0.0400
2.4100 -2.1794 -0.0400
2.4104 -2.2021 -0.0400
2.4071 -2.2272 -0.0400
2.3979 -2.2561 -0.0400
2.3690 -2.2972 -0.0400
0.9904 -4.8262 -0.0400
1.0762 -4.8290 -0.0400
1.1029 -4.9100 -0.0400
3.5067 -2.5442 -0.0400
3.5203 -2.5195 -0.0400
3.5326 -2.4904 -0.0400
3.5461 -2.4803 -0.0400
3.5593 -2.4714 -0.0400
3.5720 -2.4600 -0.0400
3.5853 -2.4546 -0.0400
3.5984 -2.4492 -0.0400
3.6120 -2.4463 -0.0400
3.6258 -2.4446 -0.0400
3.6384 -2.4377 -0.0400
3.6513 -2.4324 -0.0400
3.6643 -2.4279 -0.0400
3.6778 -2.4251 -0.0400
3.6926 -2.4264 -0.0400
3.7078 -2.4282 -0.0400
3.7238 -2.4319 -0.0400
3.7414 -2.4389 -0.0400
3.7619 -2.4522 -0.0400
6.2979 -3.8900 -0.0400
6.3338 -3.8380 -0.0400
7.9902 -4.8383 -0.0400
7.5814 -0.8529 -0.0400
7.5351 -0.7875 -0.0400
7.5307 -0.7134 -0.0400
4.0714 -0.7761 -0.0400
4.0067 -0.8389 -0.0400
3.9744 -0.8567 -0.0400
3.9452 -0.8717 -0.0400
3.9263 -0.8711 -0.0400
3.9068 -0.8725 -0.0400
3.8914 -0.8670 -0.0400
3.8761 -0.8615 -0.0400
3.8618 -0.8540 -0.0400
3.8480 -0.8457 -0.0400
3.8358 -0.8336 -0.0400
3.8257 -0.8162 -0.0400
3.8134 -0.8029 -0.0400
3.8064 -0.7758 -0.0400
4.1903 2.7241 -0.0400
4.1090 2.7086 -0.0400
4.0338 2.7316 -0.0400
3.9654 2.8184 -0.0400
3.0226 2.7706 -0.0400
2.9501 2.7168 -0.0400
2.8734 2.7064 -0.0400
2.7897 2.7430 -0.0400
0.7402 3.1023 -0.0400
0.6728 3.0274 -0.0400
0.5741 3.0054 -0.0400
0.5246 2.9044 -0.0400
-0.9004 2.0247 -0.0400
-0.9853 1.9651 -0.0400
-1.0038 1.8516 -0.0400
-1.2044 1.7524 -0.0400
0.4151 0.1019 -0.0400
0.3878 0.0466 -0.0400
0.3408 0.0021 -0.0400
0.3272 -0.0605 -0.0400
0.3077 -0.1195 -0.0400
0.2565 -0.1632 -0.0400
0.1673 -0.1907 -0.0400
0.1181 -0.2382 -0.0400
-0.4475 -1.2463 -0.0400
-0.4496 -1.3150 -0.0400
-0.5292 -1.3778 -0.0400
2.2896 -2.0479 -0.0400
2.3221 -2.0594 -0.0400
2.3460 -2.0730 -0.0400
2.3717 -2.0852 -0.0400
2.3841 -2.1020 -0.0400
2.3945 -2.1194 -0.0400
2.4022 -2.1379 -0.0400
2.4083 -2.1572 -0.0400
2.4128 -2.1773 -0.0400
2.4140 -2.1993 -0.0400
2.3966 -2.2315 -0.0400
2.3792 -2.2648 -0.0400
0.9809 -4.8226 -0.0400
1.0668 -4.8251 -0.0400
1.0795 -4.9250 -0.0400
3.5101 -2.5291 -0.0400
3.5234 -2.5089 -0.0400
3.5356 -2.4854 -0.0400
3.5490 -2.4769 -0.0400
3.5614 -2.4636 -0.0400
3.5746 -2.4584 -0.0400
3.5878 -2.4532 -0.0400
3.6009 -2.4480 -0.0400
3.6145 -2.4458 -0.0400
3.6281 -2.4436 -0.0400
3.6407 -2.4369 -0.0400
3.6532 -2.4305 -0.0400
3.6666 -2.4277 -0.0400
3.6803 -2.4257 -0.0400
3.6944 -2.4247 -0.0400
3.7094 -2.4259 -0.0400
3.7292 -2.4396 -0.0400
3.7490 -2.4513 -0.0400
6.2994 -3.9110 -0.0400
6.3219 -3.8486 -0.0400
7.9870 -4.8584 -0.0400
7.5746 -0.8650 -0.0400
7.5370 -0.7977 -0.0400
7.6114 -0.7050 -0.0400
4.0962 -0.7709 -0.0400
4.0671 -0.7785 -0.0400
3.9951 -0.8519 -0.0400
3.9677 -0.8622 -0.0400
3.9398 -0.8749 -0.0400
3.9220 -0.8724 -0.0400
3.9048 -0.8693 -0.0400
3.8878 -0.8663 -0.0400
3.8732 -0.8591 -0.0400
3.8598 -0.8496 -0.0400
3.8461 -0.8404 -0.0400
3.8335 -0.8288 -0.0400
3.8240 -0.8095 -0.0400
3.8125 -0.7939 -0.0400
3.8083 -0.7589 -0.0400
4.2855 2.8127 -0.0400
4.1889 2.7215 -0.0400
4.1079 2.7091 -0.0400
4.0345 2.7461 -0.0400
3.0239 2.7290 -0.0400
2.9486 2.7051 -0.0400
2.8673 2.7308 -0.0400
0.7386 3.1003 -0.0400
0.6642 3.0371 -0.0400
0.5850 2.9831 -0.0400
-0.9022 2.0240 -0.0400
-0.9900 1.9668 -0.0400
-1.0070 1.8521 -0.0400
-1.1096 1.8054 -0.0400
0.4050 0.1027 -0.0400
0.3760 0.0483 -0.0400
0.3185 0.0094 -0.0400
0.3329 -0.0681 -0.0400
0.3001 -0.1203 -0.0400
0.2534 -0.1661 -0.0400
0.1501 -0.1870 -0.0400
0.1101 -0.2386 -0.0400
-0.4778 -1.1744 -0.0400
-0.4407 -1.2481 -0.0400
-0.4520 -1.3157 -0.0400
-0.5393 -1.3777 -0.0400
2.2943 -2.0477 -0.0400
2.3409 -2.0542 -0.0400
2.3583 -2.0696 -0.0400
2.3726 -2.0857 -0.0400
2.3849 -2.1023 -0.0400
2.3955 -2.1195 -0.0400
2.4017 -2.1385 -0.0400
2.4063 -2.1582 -0.0400
2.4080 -2.1795 -0.0400
2.4077 -2.2022 -0.0400
2.4029 -2.2276 -0.0400
2.3905 -2.2578 -0.0400
1.0055 -4.7765 -0.0400
1.0607 -4.8178 -0.0400
1.0818 -4.9056 -0.0400
3.5022 -2.5671 -0.0400
3.5131 -2.5126 -0.0400
3.5265 -2.5001 -0.0400
3.5386 -2.4807 -0.0400
3.5517 -2.4726 -0.0400
3.5641 -2.4615 -0.0400
3.5773 -2.4564 -0.0400
3.5899 -2.4493 -0.0400
3.6034 -2.4470 -0.0400
3.6170 -2.4448 -0.0400
3.6296 -2.4390 -0.0400
3.6424 -2.4340 -0.0400
3.6553 -2.4295 -0.0400
3.6687 -2.4265 -0.0400
3.6833 -2.4275 -0.0400
3.6981 -2.4285 -0.0400
3.7139 -2.4313 -0.0400
3.7308 -2.4366 -0.0400
3.7501 -2.4467 -0.0400
6.3325 -3.8763 -0.0400
7.9308 -4.9606 -0.0400
7.9712 -4.8701 -0.0400
6.7810 -2.8404 -0.0400
6.7677 -2.7709 -0.0400
6.7678 -2.7068 -0.0400
7.6268 -0.7125 -0.0400
4.1328 -0.7527 -0.0400
4.0938 -0.7719 -0.0400
4.0651 -0.7786 -0.0400
3.9895 -0.8567 -0.0400
3.9563 -0.8759 -0.0400
3.9366 -0.8756 -0.0400
3.9189 -0.8726 -0.0400
3.9021 -0.8685 -0.0400
3.8855 -0.8645 -0.0400
3.8713 -0.8562 -0.0400
3.8573 -0.8473 -0.0400
3.8458 -0.8333 -0.0400
3.8334 -0.8204 -0.0400
3.8260 -0.7957 -0.0400
3.8160 -0.7754 -0.0400
3.8089 -0.7464 -0.0400
4.2739 2.7529 -0.0400
4.1858 2.7068 -0.0400
4.1075 2.7109 -0.0400
4.0344 2.7516 -0.0400
3.0219 2.7245 -0.0400
2.9454 2.7106 -0.0400
2.8650 2.7291 -0.0400
0.8184 3.1500 -0.0400
0.7356 3.1010 -0.0400
0.6693 3.0238 -0.0400
0.6014 2.9515 -0.0400
-0.9030 2.0222 -0.0400
-0.9468 1.9288 -0.0400
-1.1118 1.8049 -0.0400
0.4042 0.1700 -0.0400
0.4124 0.0930 -0.0400
0.3571 0.0538 -0.0400
0.3360 -0.0052 -0.0400
0.3270 -0.0700 -0.0400
0.2846 -0.1174 -0.0400
0.2051 -0.1477 -0.0400
0.1367 -0.1853 -0.0400
0.0523 -0.2178 -0.0400
-0.4682 -1.1773 -0.0400
-0.4370 -1.2501 -0.0400
-0.4679 -1.3156 -0.0400
2.2577 -2.0387 -0.0400
2.3247 -2.0400 -0.0400
2.3451 -2.0546 -0.0400
2.3612 -2.0702 -0.0400
2.3748 -2.0864 -0.0400
2.3894 -2.1019 -0.0400
2.3971 -2.1200 -0.0400
2.4031 -2.1388 -0.0400
2.4079 -2.1582 -0.0400
2.4101 -2.1790 -0.0400
2.3974 -2.2076 -0.0400
2.3876 -2.2357 -0.0400
2.3583 -2.2752 -0.0400
0.9943 -4.7768 -0.0400
1.0557 -4.8099 -0.0400
1.0881 -4.8817 -0.0400
1.1430 -6.5419 -0.0400
3.5044 -2.5313 -0.0400
3.5162 -2.5017 -0.0400
3.5293 -2.4907 -0.0400
3.5415 -2.4754 -0.0400
3.5544 -2.4677 -0.0400
3.5669 -2.4590 -0.0400
3.5799 -2.4541 -0.0400
3.5926 -2.4482 -0.0400
3.6061 -2.4461 -0.0400
3.6195 -2.4437 -0.0400
3.6320 -2.4376 -0.0400
3.6447 -2.4327 -0.0400
3.6578 -2.4294 -0.0400
3.6715 -2.4275 -0.0400
3.6854 -2.4263 -0.0400
3.7002 -2.4270 -0.0400
3.7196 -2.4394 -0.0400
3.7385 -2.4487 -0.0400
3.7646 -2.4736 -0.0400
6.2748 -3.9321 -0.0400
6.3060 -3.8762 -0.0400
7.9590 -4.8843 -0.0400
6.7477 -2.7795 -0.0400
6.7631 -2.7203 -0.0400
6.9947 -2.7234 -0.0400
7.0265 -2.6646 -0.0400
4.1387 -0.7439 -0.0400
4.0951 -0.7687 -0.0400
4.0028 -0.8661 -0.0400
3.9764 -0.8737 -0.0400
3.9546 -0.8755 -0.0400
3.9350 -0.8748 -0.0400
3.9169 -0.8720 -0.0400
3.8989 -0.8698 -0.0400
3.8841 -0.8621 -0.0400
3.8698 -0.8535 -0.0400
3.8560 -0.8439 -0.0400
3.8455 -0.8272 -0.0400
3.8339 -0.8122 -0.0400
3.8228 -0.7950 -0.0400
3.8225 -0.7516 -0.0400
4.2736 2.7509 -0.0400
4.1853 2.7048 -0.0400
4.1079 2.7156 -0.0400
4.0374 2.7763 -0.0400
3.0928 2.7906 -0.0400
3.0206 2.7156 -0.0400
2.9424 2.7178 -0.0400
2.8606 2.7454 -0.0400
0.8130 3.1555 -0.0400
0.7247 3.1158 -0.0400
0.6695 3.0188 -0.0400
0.5916 2.9630 -0.0400
-0.8428 2.0996 -0.0400
-0.9482 1.9274 -0.0400
-1.0510 1.8823 -0.0400
-1.1174 1.8069 -0.0400
0.4417 0.1413 -0.0400
0.4072 0.0904 -0.0400
0.3339 0.0615 -0.0400
0.3426 -0.0141 -0.0400
0.3205 -0.0719 -0.0400
0.2636 -0.1120 -0.0400
0.1719 -0.1366 -0.0400
0.1422 -0.1925 -0.0400
-0.4463 -1.1822 -0.0400
-0.4367 -1.2521 -0.0400
-0.4719 -1.3170 -0.0400
2.2882 -2.0323 -0.0400
2.3335 -2.0398 -0.0400
2.3515 -2.0548 -0.0400
2.3656 -2.0709 -0.0400
2.3820 -2.0858 -0.0400
2.3913 -2.1030 -0.0400
2.3984 -2.1211 -0.0400
2.4043 -2.1398 -0.0400
2.4029 -2.1618 -0.0400
2.4030 -2.1836 -0.0400
2.3994 -2.2075 -0.0400
2.3910 -2.2346 -0.0400
2.3676 -2.2705 -0.0400
0.9965 -4.7611 -0.0400
1.0378 -4.8198 -0.0400
1.0327 -4.9428 -0.0400
1.1324 -6.5351 -0.0400
3.5321 -2.4820 -0.0400
3.5442 -2.4695 -0.0400
3.5570 -2.4630 -0.0400
3.5696 -2.4562 -0.0400
3.5825 -2.4514 -0.0400
3.5954 -2.4473 -0.0400
3.6088 -2.4451 -0.0400
3.6218 -2.4415 -0.0400
3.6343 -2.4360 -0.0400
3.6469 -2.4312 -0.0400
3.6602 -2.4286 -0.0400
3.6737 -2.4265 -0.0400
3.6896 -2.4307 -0.0400
3.7052 -2.4332 -0.0400
3.7220 -2.4381 -0.0400
3.7409 -2.4470 -0.0400
6.0170 -5.4215 -0.0400
6.0756 -5.3669 -0.0400
6.3169 -3.9046 -0.0400
7.8988 -4.9839 -0.0400
7.9675 -4.9134 -0.0400
6.7814 -2.8716 -0.0400
6.7598 -2.7990 -0.0400
6.7668 -2.7367 -0.0400
6.9915 -2.7379 -0.0400
7.0532 -2.6871 -0.0400
4.1161 -0.7738 -0.0400
4.0833 -0.7844 -0.0400
4.0053 -0.8614 -0.0400
3.9771 -0.8711 -0.0400
3.9546 -0.8736 -0.0400
3.9306 -0.8794 -0.0400
3.9139 -0.8742 -0.0400
3.8979 -0.8682 -0.0400
3.8831 -0.8601 -0.0400
3.8689 -0.8510 -0.0400
3.8574 -0.8363 -0.0400
3.8455 -0.8219 -0.0400
3.8342 -0.8055 -0.0400
3.8240 -0.7858 -0.0400
4.3619 2.7824 -0.0400
4.2691 2.7246 -0.0400
4.1848 2.7000 -0.0400
4.1107 2.7324 -0.0400
4.0381 2.7809 -0.0400
3.0951 2.7386 -0.0400
3.0192 2.7122 -0.0400
2.9409 2.7142 -0.0400
0.8113 3.1544 -0.0400
0.7520 3.0628 -0.0400
0.6713 3.0115 -0.0400
0.5952 2.9528 -0.0400
-0.8560 2.1086 -0.0400
-0.8912 2.0067 -0.0400
-0.9705 1.9432 -0.0400
-1.0658 1.8917 -0.0400
-1.1369 1.8195 -0.0400
0.4448 0.2060 -0.0400
0.4395 0.1367 -0.0400
0.4029 0.0871 -0.0400
0.3353 0.0551 -0.0400
0.3539 -0.0259 -0.0400
0.3132 -0.0736 -0.0400
0.2448 -0.1078 -0.0400
0.1704 -0.1410 -0.0400
-0.4721 -1.1117 -0.0400
-0.4297 -1.1869 -0.0400
-0.4511 -1.2528 -0.0400
-0.4922 -1.3172 -0.0400
2.2810 -2.0161 -0.0400
2.3105 -2.0289 -0.0400
2.3321 -2.0433 -0.0400
2.3587 -2.0554 -0.0400
2.3711 -2.0717 -0.0400
2.3852 -2.0872 -0.0400
2.3933 -2.1047 -0.0400
2.3997 -2.1229 -0.0400
2.4016 -2.1431 -0.0400
2.4030 -2.1638 -0.0400
2.4030 -2.1853 -0.0400
2.3994 -2.2091 -0.0400
2.3581 -2.2530 -0.0400
0.9887 -4.7590 -0.0400
1.0402 -4.8041 -0.0400
1.0471 -4.9099 -0.0400
1.1120 -6.5502 -0.0400
3.5599 -2.4596 -0.0400
3.5723 -2.4532 -0.0400
3.5851 -2.4485 -0.0400
3.5983 -2.4465 -0.0400
3.6116 -2.4443 -0.0400
3.6240 -2.4390 -0.0400
3.6366 -2.4342 -0.0400
3.6494 -2.4303 -0.0400
3.6627 -2.4278 -0.0400
3.6775 -2.4294 -0.0400
3.6923 -2.4304 -0.0400
3.7080 -2.4330 -0.0400
3.7312 -2.4527 -0.0400
3.7618 -2.4870 -0.0400
6.0577 -5.3719 -0.0400
6.1493 -5.3624 -0.0400
6.2852 -3.9007 -0.0400
7.9880 -5.0729 -0.0400
7.9396 -4.9169 -0.0400
6.7674 -2.8827 -0.0400
6.7502 -2.8115 -0.0400
6.7551 -2.7486 -0.0400
6.9898 -2.7531 -0.0400
7.0260 -2.6954 -0.0400
8.2075 -2.5756 -0.0400
8.2063 -2.4890 -0.0400
4.1242 -0.7640 -0.0400
4.0266 -0.8629 -0.0400
3.9946 -0.8764 -0.0400
3.9707 -0.8801 -0.0400
3.9497 -0.8802 -0.0400
3.9310 -0.8774 -0.0400
3.9138 -0.8725 -0.0400
3.8976 -0.8665 -0.0400
3.8832 -0.8572 -0.0400
3.8694 -0.8469 -0.0400
3.8570 -0.8335 -0.0400
3.8453 -0.8183 -0.0400
3.8344 -0.8005 -0.0400
3.8357 -0.7543 -0.0400
4.3608 2.7711 -0.0400
4.2690 2.7189 -0.0400
4.1857 2.7006 -0.0400
4.1139 2.7490 -0.0400
4.0450 2.8266 -0.0400
3.0947 2.7258 -0.0400
3.0175 2.7153 -0.0400
2.9351 2.7552 -0.0400
0.8108 3.1511 -0.0400
0.7505 3.0612 -0.0400
0.6712 3.0074 -0.0400
0.5945 2.9497 -0.0400
-0.8453 2.0962 -0.0400
-0.9117 2.0216 -0.0400
-0.9550 1.9276 -0.0400
0.4371 0.2048 -0.0400
0.4362 0.1326 -0.0400
0.3636 0.1046 -0.0400
0.3707 0.0290 -0.0400
0.3512 -0.0302 -0.0400
0.3084 -0.0767 -0.0400
0.2267 -0.1042 -0.0400
0.1500 -0.1364 -0.0400
-0.4446 -1.1188 -0.0400
-0.4285 -1.1899 -0.0400
-0.4485 -1.2558 -0.0400
2.2908 -2.0173 -0.0400
2.3301 -2.0269 -0.0400
2.3468 -2.0423 -0.0400
2.3664 -2.0564 -0.0400
2.3769 -2.0730 -0.0400
2.3865 -2.0899 -0.0400
2.3949 -2.1072 -0.0400
2.4005 -2.1255 -0.0400
2.4007 -2.1462 -0.0400
2.4018 -2.1668 -0.0400
2.4008 -2.1887 -0.0400
2.3773 -2.2222 -0.0400
2.3464 -2.2609 -0.0400
0.9219 -4.7221 -0.0400
0.9859 -4.7515 -0.0400
1.0168 -4.8230 -0.0400
1.0260 -6.4870 -0.0400
1.1037 -6.5411 -0.0400
3.5880 -2.4472 -0.0400
3.6014 -2.4459 -0.0400
3.6146 -2.4436 -0.0400
3.6265 -2.4369 -0.0400
3.6389 -2.4323 -0.0400
3.6520 -2.4295 -0.0400
3.6653 -2.4273 -0.0400
3.6804 -2.4295 -0.0400
3.6954 -2.4308 -0.0400
3.7156 -2.4441 -0.0400
3.7357 -2.4553 -0.0400
5.9866 -5.4386 -0.0400
6.0466 -5.3862 -0.0400
6.7723 -2.9007 -0.0400
6.7483 -2.8269 -0.0400
6.7516 -2.7633 -0.0400
6.9885 -2.7687 -0.0400
7.0302 -2.7124 -0.0400
8.2235 -2.5954 -0.0400
8.2161 -2.5073 -0.0400
4.1549 -0.7605 -0.0400
4.1115 -0.7826 -0.0400
4.0399 -0.8458 -0.0400
3.9998 -0.8699 -0.0400
3.9737 -0.8760 -0.0400
3.9471 -0.8842 -0.0400
3.9293 -0.8798 -0.0400
3.9128 -0.8736 -0.0400
3.8975 -0.8656 -0.0400
3.8831 -0.8560 -0.0400
3.8691 -0.8456 -0.0400
3.8565 -0.8321 -0.0400
3.8500 -0.8057 -0.0400
3.8412 -0.7826 -0.0400
3.8374 -0.7468 -0.0400
4.3500 2.7121 -0.0400
4.2661 2.6962 -0.0400
4.1871 2.7016 -0.0400
4.1160 2.7544 -0.0400
4.0508 2.8592 -0.0400
3.1689 2.7849 -0.0400
3.0940 2.7245 -0.0400
3.0164 2.7166 -0.0400
2.9343 2.7526 -0.0400
0.9016 3.1820 -0.0400
0.8239 3.1230 -0.0400
0.7480 3.0620 -0.0400
0.6756 2.9960 -0.0400
-0.7765 2.1658 -0.0400
-0.8904 2.0003 -0.0400
-1.0570 1.8793 -0.0400
0.4519 0.2630 -0.0400
0.4640 0.1811 -0.0400
0.4308 0.1297 -0.0400
0.3531 0.1048 -0.0400
0.3663 0.0255 -0.0400
0.3484 -0.0346 -0.0400
0.2500 -0.0516 -0.0400
0.1930 -0.0928 -0.0400
0.1452 -0.1395 -0.0400
-0.4952 -1.0442 -0.0400
-0.4383 -1.1231 -0.0400
-0.4309 -1.1927 -0.0400
-0.4596 -1.2575 -0.0400
2.3073 -2.0171 -0.0400
2.3384 -2.0288 -0.0400
2.3529 -2.0446 -0.0400
2.3700 -2.0592 -0.0400
2.3826 -2.0750 -0.0400
2.3906 -2.0922 -0.0400
2.3957 -2.1105 -0.0400
2.4005 -2.1289 -0.0400
2.4041 -2.1480 -0.0400
2.3983 -2.1715 -0.0400
2.3955 -2.1942 -0.0400
2.3660 -2.2305 -0.0400
0.8959 -4.7440 -0.0400
0.9813 -4.7473 -0.0400
1.0277 -4.7982 -0.0400
1.0128 -6.4895 -0.0400
1.0966 -6.5308 -0.0400
3.6170 -2.4406 -0.0400
3.6290 -2.4349 -0.0400
3.6415 -2.4306 -0.0400
3.6549 -2.4293 -0.0400
3.6682 -2.4270 -0.0400
3.6839 -2.4308 -0.0400
3.6990 -2.4323 -0.0400
3.7205 -2.4476 -0.0400
3.7423 -2.4620 -0.0400
6.0282 -5.3901 -0.0400
6.1297 -5.3943 -0.0400
6.7365 -2.8990 -0.0400
6.7448 -2.8365 -0.0400
6.9683 -2.8419 -0.0400
7.0115 -2.7863 -0.0400
8.1912 -2.6879 -0.0400
8.1947 -2.6015 -0.0400
4.1580 -0.7926 -0.0400
4.1224 -0.8038 -0.0400
4.0393 -0.8793 -0.0400
4.0098 -0.8883 -0.0400
3.9866 -0.8898 -0.0400
3.9662 -0.8880 -0.0400
3.9475 -0.8843 -0.0400
3.9306 -0.8781 -0.0400
3.9152 -0.8698 -0.0400
3.9014 -0.8588 -0.0400
3.8888 -0.8454 -0.0400
3.8774 -0.8294 -0.0400
3.8671 -0.8106 -0.0400
3.8586 -0.7872 -0.0400
3.8554 -0.7511 -0.0400
4.4376 2.7320 -0.0400
4.3438 2.6767 -0.0400
4.2672 2.6953 -0.0400
4.2065 2.8041 -0.0400
3.2482 2.7700 -0.0400
3.1716 2.7278 -0.0400
3.0926 2.7395 -0.0400
0.9798 3.2393 -0.0400
0.9161 3.1513 -0.0400
0.8259 3.1170 -0.0400
0.7359 3.0815 -0.0400
-0.7153 2.2436 -0.0400
-0.8238 2.0722 -0.0400
-0.9337 2.0360 -0.0400
0.4926 0.2313 -0.0400
0.4317 0.1978 -0.0400
0.4245 0.1294 -0.0400
0.4075 0.0681 -0.0400
0.3656 0.0218 -0.0400
0.2925 -0.0078 -0.0400
0.2208 -0.0401 -0.0400
0.1741 -0.0869 -0.0400
-0.4179 -0.9910 -0.0400
-0.4081 -1.0617 -0.0400
-0.4194 -1.1284 -0.0400
-2.2867 -0.9387 -0.0400
2.2895 -1.9839 -0.0400
2.3232 -1.9959 -0.0400
2.3466 -2.0097 -0.0400
2.3577 -2.0263 -0.0400
2.3716 -2.0419 -0.0400
2.3822 -2.0582 -0.0400
2.3890 -2.0756 -0.0400
2.3931 -2.0941 -0.0400
2.3936 -2.1140 -0.0400
2.3949 -2.1338 -0.0400
2.3852 -2.1586 -0.0400
2.3797 -2.1823 -0.0400
2.3689 -2.2089 -0.0400
0.8707 -4.6621 -0.0400
0.9279 -4.6995 -0.0400
0.9451 -4.7863 -0.0400
0.9287 -6.4343 -0.0400
2.1042 -7.0616 -0.0400
2.1875 -7.1296 -0.0400
3.6346 -2.4313 -0.0400
3.6483 -2.4309 -0.0400
3.6617 -2.4294 -0.0400
3.6781 -2.4349 -0.0400
3.6936 -2.4374 -0.0400
3.7167 -2.4567 -0.0400
5.9660 -5.4590 -0.0400
6.7371 -2.9214 -0.0400
6.7283 -2.8529 -0.0400
6.7501 -2.7952 -0.0400
6.9800 -2.7990 -0.0400
7.0164 -2.7411 -0.0400
8.1982 -2.6253 -0.0400
8.2081 -2.5402 -0.0400
4.1557 -0.7665 -0.0400
4.1129 -0.7871 -0.0400
4.0380 -0.8537 -0.0400
3.9902 -0.8882 -0.0400
3.9681 -0.8882 -0.0400
3.9487 -0.8851 -0.0400
3.9311 -0.8797 -0.0400
3.9144 -0.8730 -0.0400
3.8994 -0.8637 -0.0400
3.8851 -0.8531 -0.0400
3.8714 -0.8410 -0.0400
3.8645 -0.8157 -0.0400
3.8556 -0.7928 -0.0400
3.8507 -0.7600 -0.0400
4.3579 2.7257 -0.0400
4.2691 2.6888 -0.0400
4.1937 2.7152 -0.0400
4.1224 2.7701 -0.0400
3.1712 2.7378 -0.0400
3.0937 2.7215 -0.0400
3.0138 2.7387 -0.0400
0.9731 3.2496 -0.0400
0.9007 3.1780 -0.0400
0.8317 3.1024 -0.0400
0.7558 3.0417 -0.0400
0.6750 2.9906 -0.0400
-0.7270 2.2513 -0.0400
-0.7911 2.1739 -0.0400
-0.8345 2.0781 -0.0400
-0.9030 2.0057 -0.0400
-1.0148 1.9695 -0.0400
-1.0729 1.8869 -0.0400
0.4831 0.2290 -0.0400
0.4608 0.1703 -0.0400
0.4058 0.1326 -0.0400
0.3817 0.0752 -0.0400
0.3711 0.0103 -0.0400
0.2976 -0.0187 -0.0400
0.2170 -0.0459 -0.0400
0.1747 -0.0950 -0.0400
-0.4556 -1.0585 -0.0400
-0.4192 -1.1335 -0.0400
-0.4452 -1.1980 -0.0400
2.2666 -1.9965 -0.0400
2.3103 -2.0064 -0.0400
2.3362 -2.0196 -0.0400
2.3553 -2.0340 -0.0400
2.3694 -2.0493 -0.0400
2.3807 -2.0653 -0.0400
2.3892 -2.0821 -0.0400
2.3948 -2.0998 -0.0400
2.3983 -2.1183 -0.0400
2.3976 -2.1386 -0.0400
2.3992 -2.1583 -0.0400
2.3898 -2.1832 -0.0400
2.3653 -2.2159 -0.0400
0.9030 -4.7189 -0.0400
0.9620 -4.7540 -0.0400
0.9509 -4.8790 -0.0400
0.9991 -6.4730 -0.0400
1.0651 -6.5498 -0.0400
2.0853 -7.0704 -0.0400
2.1804 -7.0856 -0.0400
2.2576 -7.1859 -0.0400
3.6756 -2.4297 -0.0400
3.6931 -2.4369 -0.0400
3.7093 -2.4403 -0.0400
3.7379 -2.4690 -0.0400
5.9371 -5.4566 -0.0400
6.0068 -5.4185 -0.0400
6.2258 -3.9962 -0.0400
6.7170 -2.9254 -0.0400
6.7237 -2.8624 -0.0400
6.9683 -2.8752 -0.0400
7.0429 -2.8287 -0.0400
8.1834 -2.7214 -0.0400
8.1954 -2.6365 -0.0400
4.1610 -0.7974 -0.0400
4.1264 -0.8067 -0.0400
4.0419 -0.8830 -0.0400
4.0127 -0.8907 -0.0400
3.9896 -0.8914 -0.0400
3.9692 -0.8889 -0.0400
3.9484 -0.8876 -0.0400
3.9328 -0.8788 -0.0400
3.9183 -0.8682 -0.0400
3.9043 -0.8568 -0.0400
3.8923 -0.8415 -0.0400
3.8813 -0.8239 -0.0400
3.8717 -0.8026 -0.0400
3.8657 -0.7730 -0.0400
4.4286 2.6677 -0.0400
4.3495 2.6772 -0.0400
4.2755 2.7107 -0.0400
4.2077 2.7824 -0.0400
3.3272 2.8430 -0.0400
3.2501 2.7369 -0.0400
3.1719 2.7305 -0.0400
3.0901 2.7814 -0.0400
1.0655 3.2798 -0.0400
0.9987 3.1957 -0.0400
0.9171 3.1443 -0.0400
0.8437 3.0780 -0.0400
-0.6775 2.3420 -0.0400
-0.7147 2.2376 -0.0400
-0.7774 2.1593 -0.0400
-0.9339 2.0309 -0.0400
0.5280 0.2681 -0.0400
0.4794 0.2272 -0.0400
0.4374 0.1812 -0.0400
0.4300 0.1131 -0.0400
0.3978 0.0612 -0.0400
0.3378 0.0254 -0.0400
0.2445 0.0068 -0.0400
0.2082 -0.0452 -0.0400
-0.3962 -1.0033 -0.0400
-0.4111 -1.0691 -0.0400
-0.4545 -1.1306 -0.0400
-2.3049 -0.9381 -0.0400
2.2880 -1.9754 -0.0400
2.3283 -1.9862 -0.0400
2.3468 -2.0012 -0.0400
2.3605 -2.0169 -0.0400
2.3719 -2.0330 -0.0400
2.3811 -2.0495 -0.0400
2.3875 -2.0667 -0.0400
2.3913 -2.0849 -0.0400
2.3929 -2.1039 -0.0400
2.3898 -2.1249 -0.0400
2.3903 -2.1449 -0.0400
2.3777 -2.1707 -0.0400
2.3457 -2.2060 -0.0400
0.7712 -4.6582 -0.0400
0.8711 -4.6475 -0.0400
0.9189 -4.6952 -0.0400
0.9210 -4.7999 -0.0400
0.8255 -6.3913 -0.0400
0.9101 -6.4300 -0.0400
1.9844 -7.0459 -0.0400
2.0799 -7.0597 -0.0400
2.1537 -7.1675 -0.0400
3.7071 -2.4519 -0.0400
5.8602 -5.5034 -0.0400
5.9314 -5.4681 -0.0400
6.2281 -4.0118 -0.0400
7.7830 -5.1296 -0.0400
6.7077 -3.0049 -0.0400
6.7006 -2.9364 -0.0400
6.7279 -2.8805 -0.0400
6.9567 -2.8884 -0.0400
7.0055 -2.8344 -0.0400
8.1885 -2.7404 -0.0400
8.1913 -2.6535 -0.0400
4.1762 -0.7845 -0.0400
4.1350 -0.8013 -0.0400
4.0366 -0.8949 -0.0400
4.0110 -0.8977 -0.0400
3.9890 -0.8967 -0.0400
3.9693 -0.8930 -0.0400
3.9516 -0.8866 -0.0400
3.9349 -0.8791 -0.0400
3.9199 -0.8690 -0.0400
3.9082 -0.8532 -0.0400
3.8969 -0.8362 -0.0400
3.8869 -0.8161 -0.0400
3.8792 -0.7905 -0.0400
3.8809 -0.7445 -0.0400
4.5211 2.6935 -0.0400
4.4327 2.6688 -0.0400
4.3532 2.6776 -0.0400
4.2793 2.7127 -0.0400
3.3283 2.8661 -0.0400
3.2512 2.7369 -0.0400
3.1727 2.7331 -0.0400
3.0890 2.8112 -0.0400
1.0731 3.2623 -0.0400
1.0027 3.1860 -0.0400
0.9151 3.1466 -0.0400
0.8423 3.0789 -0.0400
-0.7144 2.2348 -0.0400
-0.7600 2.1404 -0.0400
-0.9320 2.0267 -0.0400
0.5332 0.3334 -0.0400
0.5243 0.2641 -0.0400
0.4818 0.2190 -0.0400
0.4239 0.1836 -0.0400
0.4299 0.1068 -0.0400
0.3782 0.0667 -0.0400
0.2709 0.0581 -0.0400
0.2401 0.0031 -0.0400
0.1657 -0.0284 -0.0400
-0.4011 -0.9377 -0.0400
-0.3951 -1.0079 -0.0400
-0.4165 -1.0725 -0.0400
-0.4785 -1.1309 -0.0400
2.2649 -1.9663 -0.0400
2.3107 -1.9770 -0.0400
2.3358 -1.9908 -0.0400
2.3534 -2.0058 -0.0400
2.3659 -2.0216 -0.0400
2.3779 -2.0373 -0.0400
2.3847 -2.0543 -0.0400
2.3891 -2.0721 -0.0400
2.3919 -2.0904 -0.0400
2.3920 -2.1099 -0.0400
2.3890 -2.1307 -0.0400
2.3808 -2.1541 -0.0400
2.3625 -2.1823 -0.0400
-1.2727 -5.5204 -0.0400
0.8694 -4.6437 -0.0400
0.8902 -4.7233 -0.0400
0.9071 -6.4177 -0.0400
0.9194 -6.5975 -0.0400
1.9709 -7.0534 -0.0400
2.0690 -7.0566 -0.0400
5.8642 -5.5394 -0.0400
5.9234 -5.4855 -0.0400
6.1738 -4.0703 -0.0400
6.1992 -4.0092 -0.0400
7.7842 -5.1545 -0.0400
7.8379 -5.0731 -0.0400
6.7117 -2.9572 -0.0400
6.7138 -2.8925 -0.0400
6.9616 -2.9070 -0.0400
8.1713 -2.7549 -0.0400
8.2271 -2.6782 -0.0400
7.6291 -1.1370 -0.0400
4.2169 -0.7774 -0.0400
4.1640 -0.8060 -0.0400
4.1315 -0.8119 -0.0400
4.0465 -0.8877 -0.0400
4.0180 -0.8938 -0.0400
3.9947 -0.8940 -0.0400
3.9707 -0.8960 -0.0400
3.9536 -0.8886 -0.0400
3.9378 -0.8793 -0.0400
3.9232 -0.8682 -0.0400
3.9089 -0.8563 -0.0400
3.8969 -0.8403 -0.0400
3.8859 -0.8217 -0.0400
3.8895 -0.7744 -0.0400
4.5306 2.7120 -0.0400
4.4383 2.6737 -0.0400
4.3608 2.6929 -0.0400
4.2948 2.7692 -0.0400
3.3311 2.7800 -0.0400
3.2528 2.7362 -0.0400
3.1734 2.7515 -0.0400
3.0906 2.8078 -0.0400
1.0712 3.2662 -0.0400
1.0024 3.1859 -0.0400
0.9191 3.1378 -0.0400
0.8338 3.0939 -0.0400
-0.6459 2.3055 -0.0400
-0.7085 2.2267 -0.0400
-0.7596 2.1377 -0.0400
0.5559 0.3102 -0.0400
0.5174 0.2624 -0.0400
0.4460 0.2369 -0.0400
0.4512 0.1593 -0.0400
0.4285 0.1013 -0.0400
0.3808 0.0588 -0.0400
0.2724 0.0511 -0.0400
0.2101 0.0139 -0.0400
-0.4001 -0.9425 -0.0400
-0.3956 -1.0124 -0.0400
-0.4204 -1.0763 -0.0400
2.3050 -1.9655 -0.0400
2.3333 -1.9790 -0.0400
2.3520 -1.9939 -0.0400
2.3610 -2.0106 -0.0400
2.3724 -2.0265 -0.0400
2.3812 -2.0429 -0.0400
2.3869 -2.0601 -0.0400
2.3905 -2.0779 -0.0400
2.3897 -2.0973 -0.0400
2.3880 -2.1174 -0.0400
2.3830 -2.1390 -0.0400
2.3725 -2.1632 -0.0400
2.3490 -2.1937 -0.0400
-1.2737 -5.5152 -0.0400
0.8109 -4.6039 -0.0400
0.8695 -4.6387 -0.0400
0.9004 -4.7058 -0.0400
0.8816 -4.8359 -0.0400
0.8163 -6.3751 -0.0400
0.8941 -6.4255 -0.0400
1.8536 -7.0768 -0.0400
1.9665 -7.0293 -0.0400
2.0518 -7.0818 -0.0400
5.8337 -5.5222 -0.0400
5.8970 -5.4754 -0.0400
6.2041 -4.0336 -0.0400
7.7576 -5.1578 -0.0400
6.9468 -2.9194 -0.0400
6.9939 -2.8649 -0.0400
8.1741 -2.7737 -0.0400
8.2004 -2.6913 -0.0400
7.6419 -1.1508 -0.0400
7.6028 -1.0806 -0.0400
7.6208 -1.0011 -0.0400
4.1758 -0.7991 -0.0400
4.1396 -0.8090 -0.0400
4.0416 -0.9008 -0.0400
4.0168 -0.9020 -0.0400
3.9951 -0.8998 -0.0400
3.9752 -0.8956 -0.0400
3.9576 -0.8886 -0.0400
3.9408 -0.8804 -0.0400
3.9270 -0.8676 -0.0400
3.9140 -0.8532 -0.0400
3.9025 -0.8356 -0.0400
3.8925 -0.8146 -0.0400
3.8854 -0.7872 -0.0400
4.6271 2.7373 -0.0400
4.5234 2.6640 -0.0400
4.4401 2.6606 -0.0400
4.3642 2.6867 -0.0400
4.2957 2.7506 -0.0400
3.3336 2.7608 -0.0400
3.2549 2.7378 -0.0400
3.1741 2.7800 -0.0400
1.1594 3.3069 -0.0400
1.0827 3.2415 -0.0400
1.0037 3.1832 -0.0400
0.9304 3.1150 -0.0400
-0.5736 2.3729 -0.0400
-0.6553 2.3131 -0.0400
-0.6978 2.2142 -0.0400
-0.7611 2.1369 -0.0400
-0.8652 2.0972 -0.0400
0.5561 0.3806 -0.0400
0.5523 0.3064 -0.0400
0.5154 0.2575 -0.0400
0.4375 0.2365 -0.0400
0.4586 0.1481 -0.0400
0.4134 0.1044 -0.0400
0.3295 0.0838 -0.0400
0.2690 0.0470 -0.0400
0.2182 0.0034 -0.0400
-0.4037 -0.9465 -0.0400
-0.4082 -1.0146 -0.0400
-0.4908 -1.0681 -0.0400
2.2845 -1.9570 -0.0400
2.3238 -1.9692 -0.0400
2.3469 -1.9834 -0.0400
2.3568 -1.9999 -0.0400
2.3696 -2.0156 -0.0400
2.3787 -2.0318 -0.0400
2.3842 -2.0490 -0.0400
2.3884 -2.0664 -0.0400
2.3906 -2.0846 -0.0400
2.3897 -2.1040 -0.0400
2.3866 -2.1244 -0.0400
2.3794 -2.1467 -0.0400
2.3514 -2.1779 -0.0400
-1.3360 -5.4261 -0.0400
-1.2950 -5.5270 -0.0400
0.8109 -4.6003 -0.0400
0.8691 -4.6352 -0.0400
0.8411 -4.7717 -0.0400
0.7993 -6.3911 -0.0400
1.9550 -7.0338 -0.0400
2.0470 -7.0589 -0.0400
5.8218 -5.5329 -0.0400
5.9005 -5.5089 -0.0400
6.1450 -4.0875 -0.0400
6.1803 -4.0347 -0.0400
7.7489 -5.1748 -0.0400
7.8224 -5.1086 -0.0400
8.1663 -2.7904 -0.0400
7.6260 -1.1690 -0.0400
7.6043 -1.0963 -0.0400
7.6903 -1.0045 -0.0400
4.1859 -0.7951 -0.0400
4.0876 -0.8819 -0.0400
4.0502 -0.8974 -0.0400
4.0238 -0.9001 -0.0400
4.0009 -0.8991 -0.0400
3.9777 -0.8992 -0.0400
3.9605 -0.8912 -0.0400
3.9447 -0.8812 -0.0400
3.9299 -0.8696 -0.0400
3.9156 -0.8570 -0.0400
3.9034 -0.8405 -0.0400
3.9006 -0.8062 -0.0400
3.8974 -0.7704 -0.0400
4.5340 2.6822 -0.0400
4.4461 2.6623 -0.0400
4.3756 2.7133 -0.0400
3.4166 2.8239 -0.0400
3.3365 2.7541 -0.0400
3.2575 2.7382 -0.0400
3.1751 2.8171 -0.0400
1.1612 3.3049 -0.0400
1.0856 3.2366 -0.0400
1.0060 3.1796 -0.0400
0.9282 3.1201 -0.0400
-0.6116 2.4113 -0.0400
-0.6861 2.2010 -0.0400
-0.8088 2.1803 -0.0400
-0.8679 2.0978 -0.0400
0.5600 0.3714 -0.0400
0.5503 0.3016 -0.0400
0.4705 0.2831 -0.0400
0.4775 0.2029 -0.0400
0.4559 0.1436 -0.0400
0.4122 0.0990 -0.0400
0.3401 0.0713 -0.0400
0.2523 0.0509 -0.0400
-0.3963 -0.8837 -0.0400
-0.3845 -0.9556 -0.0400
-0.4060 -1.0199 -0.0400
-0.4769 -1.0754 -0.0400
2.2671 -1.9478 -0.0400
2.3191 -1.9587 -0.0400
2.3353 -1.9746 -0.0400
2.3551 -1.9893 -0.0400
2.3642 -2.0058 -0.0400
2.3754 -2.0216 -0.0400
2.3820 -2.0383 -0.0400
2.3864 -2.0556 -0.0400
2.3883 -2.0737 -0.0400
2.3868 -2.0929 -0.0400
2.3823 -2.1135 -0.0400
2.3808 -2.1333 -0.0400
2.3682 -2.1577 -0.0400
2.3404 -2.1889 -0.0400
-1.3343 -5.4204 -0.0400
0.7119 -4.6055 -0.0400
0.8140 -4.5939 -0.0400
0.8477 -4.6564 -0.0400
0.8382 -4.7713 -0.0400
0.8096 -6.3595 -0.0400
0.8711 -6.4390 -0.0400
1.8487 -7.0246 -0.0400
1.9476 -7.0252 -0.0400
2.0186 -7.1325 -0.0400
3.4486 -2.5619 -0.0400
6.1448 -4.1076 -0.0400
6.1669 -4.0440 -0.0400
7.7355 -5.1880 -0.0400
8.1683 -2.8092 -0.0400
8.1969 -2.7272 -0.0400
7.6687 -1.1792 -0.0400
7.6123 -1.1111 -0.0400
7.6423 -1.0293 -0.0400
4.1712 -0.8219 -0.0400
4.0992 -0.8762 -0.0400
4.0582 -0.8956 -0.0400
4.0304 -0.8996 -0.0400
4.0021 -0.9056 -0.0400
3.9828 -0.9000 -0.0400
3.9652 -0.8921 -0.0400
3.9486 -0.8829 -0.0400
3.9348 -0.8695 -0.0400
3.9218 -0.8542 -0.0400
3.9103 -0.8360 -0.0400
3.9002 -0.8143 -0.0400
3.8935 -0.7852 -0.0400
4.6289 2.6977 -0.0400
4.5331 2.6540 -0.0400
4.4516 2.6594 -0.0400
4.3777 2.6963 -0.0400
4.3151 2.7908 -0.0400
3.4203 2.8258 -0.0400
3.3399 2.7544 -0.0400
3.2602 2.7595 -0.0400
3.1765 2.8584 -0.0400
1.1641 3.3010 -0.0400
1.0924 3.2242 -0.0400
1.0089 3.1754 -0.0400
0.9271 3.1238 -0.0400
-0.5685 2.3647 -0.0400
-0.6232 2.2774 -0.0400
-0.6893 2.2027 -0.0400
-0.8887 2.1154 -0.0400
0.5678 0.3593 -0.0400
0.5426 0.3012 -0.0400
0.4778 0.2720 -0.0400
0.4771 0.1970 -0.0400
0.4536 0.1391 -0.0400
0.3708 0.1193 -0.0400
0.2967 0.0919 -0.0400
0.2516 0.0454 -0.0400
-0.4098 -0.8854 -0.0400
-0.3892 -0.9596 -0.0400
-0.4472 -1.0164 -0.0400
-2.2865 -0.7457 -0.0400
2.2769 -1.9348 -0.0400
2.3064 -1.9498 -0.0400
2.3394 -1.9632 -0.0400
2.3509 -1.9796 -0.0400
2.3608 -1.9960 -0.0400
2.3730 -2.0116 -0.0400
2.3794 -2.0284 -0.0400
2.3841 -2.0455 -0.0400
2.3875 -2.0629 -0.0400
2.3871 -2.0815 -0.0400
2.3824 -2.1018 -0.0400
2.3809 -2.1213 -0.0400
2.3674 -2.1454 -0.0400
2.3386 -2.1760 -0.0400
-1.3319 -5.4148 -0.0400
0.7509 -4.5621 -0.0400
0.8183 -4.5872 -0.0400
0.8333 -4.6704 -0.0400
0.7994 -6.3656 -0.0400
1.9388 -7.0240 -0.0400
3.4437 -2.5689 -0.0400
3.4516 -2.5197 -0.0400
3.4625 -2.5042 -0.0400
3.4737 -2.4945 -0.0400
6.1395 -4.1233 -0.0400
6.1843 -4.0780 -0.0400
7.7195 -5.1989 -0.0400
7.6695 -1.1956 -0.0400
7.6188 -1.1265 -0.0400
7.6842 -1.0384 -0.0400
4.1765 -0.8254 -0.0400
4.1063 -0.8770 -0.0400
4.0647 -0.8967 -0.0400
4.0290 -0.9108 -0.0400
4.0079 -0.9068 -0.0400
3.9881 -0.9015 -0.0400
3.9702 -0.8936 -0.0400
3.9535 -0.8843 -0.0400
3.9387 -0.8719 -0.0400
3.9248 -0.8580 -0.0400
3.9125 -0.8408 -0.0400
3.9102 -0.8048 -0.0400
3.9087 -0.7650 -0.0400
4.6226 2.6493 -0.0400
4.5366 2.6410 -0.0400
4.4598 2.6653 -0.0400
4.3916 2.7284 -0.0400
3.4236 2.7591 -0.0400
3.3439 2.7420 -0.0400
3.2640 2.7594 -0.0400
3.1802 2.8614 -0.0400
1.2423 3.3711 -0.0400
1.1644 3.3046 -0.0400
1.0930 3.2264 -0.0400
1.0141 3.1673 -0.0400
0.9111 3.1588 -0.0400
-0.5865 2.3829 -0.0400
-0.6233 2.2766 -0.0400
-0.7194 2.2312 -0.0400
-0.7986 2.1681 -0.0400
0.5688 0.4318 -0.0400
0.5836 0.3414 -0.0400
0.5323 0.3030 -0.0400
0.4896 0.2577 -0.0400
0.4796 0.1894 -0.0400
0.4376 0.1438 -0.0400
0.3556 0.1233 -0.0400
0.2945 0.0875 -0.0400
0.2477 0.0420 -0.0400
-0.4162 -0.8186 -0.0400
-0.3776 -0.8982 -0.0400
-0.3871 -0.9651 -0.0400
-0.4326 -1.0243 -0.0400
-2.2593 -0.7528 -0.0400
2.2742 -1.9242 -0.0400
2.3059 -1.9393 -0.0400
2.3269 -1.9550 -0.0400
2.3426 -1.9709 -0.0400
2.3609 -1.9859 -0.0400
2.3692 -2.0024 -0.0400
2.3783 -2.0186 -0.0400
2.3823 -2.0357 -0.0400
2.3857 -2.0530 -0.0400
2.3857 -2.0714 -0.0400
2.3858 -2.0898 -0.0400
2.3779 -2.1110 -0.0400
2.3746 -2.1311 -0.0400
2.3519 -2.1585 -0.0400
-1.0154 -3.4393 -0.0400
-1.4215 -5.3490 -0.0400
-1.3395 -5.4175 -0.0400
0.7672 -4.5439 -0.0400
0.8201 -4.5839 -0.0400
0.8560 -4.6430 -0.0400
0.7185 -6.3119 -0.0400
0.7991 -6.3552 -0.0400
1.8365 -7.0072 -0.0400
1.9314 -7.0201 -0.0400
3.4359 -2.5415 -0.0400
3.4469 -2.5234 -0.0400
3.4575 -2.5071 -0.0400
3.4685 -2.4962 -0.0400
3.4781 -2.4798 -0.0400
3.4892 -2.4734 -0.0400
3.5001 -2.4671 -0.0400
6.1220 -4.1284 -0.0400
6.1748 -4.0900 -0.0400
7.7062 -5.2116 -0.0400
6.6819 -3.0810 -0.0400
6.6750 -3.0121 -0.0400
6.7015 -2.9560 -0.0400
7.6315 -1.2176 -0.0400
7.6220 -1.1427 -0.0400
7.6888 -1.0543 -0.0400
4.0346 -0.9134 -0.0400
4.0135 -0.9091 -0.0400
3.9936 -0.9035 -0.0400
3.9742 -0.8976 -0.0400
3.9584 -0.8866 -0.0400
3.9433 -0.8745 -0.0400
3.9285 -0.8615 -0.0400
3.9210 -0.8357 -0.0400
3.9115 -0.8122 -0.0400
3.9058 -0.7802 -0.0400
4.6387 2.6783 -0.0400
4.5461 2.6478 -0.0400
4.4655 2.6586 -0.0400
3.4285 2.7708 -0.0400
3.3484 2.7439 -0.0400
3.2684 2.7541 -0.0400
1.2521 3.3531 -0.0400
1.1625 3.3143 -0.0400
1.0916 3.2340 -0.0400
1.0171 3.1651 -0.0400
0.9058 3.1731 -0.0400
-0.5004 2.4377 -0.0400
-0.5792 2.3749 -0.0400
-0.6158 2.2683 -0.0400
-0.7341 2.2452 -0.0400
-0.7984 2.1672 -0.0400
0.6041 0.3981 -0.0400
0.5812 0.3376 -0.0400
0.5080 0.3155 -0.0400
0.5026 0.2427 -0.0400
0.4803 0.1833 -0.0400
0.4279 0.1446 -0.0400
0.3215 0.1397 -0.0400
0.2915 0.0839 -0.0400
-0.3689 -0.8360 -0.0400
-0.3716 -0.9047 -0.0400
-0.4077 -0.9655 -0.0400
-2.2435 -0.6560 -0.0400
2.2546 -1.9154 -0.0400
2.3002 -1.9298 -0.0400
2.3233 -1.9456 -0.0400
2.3405 -1.9615 -0.0400
2.3598 -1.9766 -0.0400
2.3681 -1.9931 -0.0400
2.3752 -2.0096 -0.0400
2.3805 -2.0265 -0.0400
2.3835 -2.0438 -0.0400
2.3856 -2.0614 -0.0400
2.3809 -2.0809 -0.0400
2.3791 -2.1000 -0.0400
2.3751 -2.1200 -0.0400
2.3533 -2.1462 -0.0400
2.3344 -2.1726 -0.0400
-1.0378 -3.4498 -0.0400
-1.4020 -5.3322 -0.0400
-1.3432 -5.4177 -0.0400
0.7682 -4.5425 -0.0400
0.8110 -4.5934 -0.0400
0.8154 -4.6880 -0.0400
0.7163 -6.3065 -0.0400
0.7972 -6.3488 -0.0400
1.8345 -6.9873 -0.0400
1.9154 -7.0494 -0.0400
3.4327 -2.5549 -0.0400
3.4428 -2.5287 -0.0400
3.4533 -2.5120 -0.0400
3.4626 -2.4908 -0.0400
3.4733 -2.4815 -0.0400
3.4841 -2.4747 -0.0400
3.4948 -2.4683 -0.0400
3.5050 -2.4598 -0.0400
3.5161 -2.4561 -0.0400
3.5271 -2.4523 -0.0400
6.1015 -4.1307 -0.0400
6.1375 -4.0789 -0.0400
7.6993 -5.2290 -0.0400
6.6868 -3.0334 -0.0400
6.6872 -2.9679 -0.0400
6.9368 -2.9849 -0.0400
7.6415 -1.2331 -0.0400
7.6235 -1.1593 -0.0400
7.6625 -1.0759 -0.0400
3.9798 -0.9003 -0.0400
3.9638 -0.8892 -0.0400
3.9484 -0.8771 -0.0400
3.9370 -0.8582 -0.0400
3.9250 -0.8396 -0.0400
3.9144 -0.8177 -0.0400
3.9072 -0.7885 -0.0400
4.7428 2.7107 -0.0400
4.6358 2.6385 -0.0400
4.5515 2.6376 -0.0400
4.4758 2.6677 -0.0400
4.4096 2.7409 -0.0400
3.5150 2.7925 -0.0400
3.4334 2.7483 -0.0400
3.3534 2.7497 -0.0400
3.2725 2.7965 -0.0400
1.2543 3.3549 -0.0400
1.1611 3.3243 -0.0400
1.0891 3.2454 -0.0400
1.0121 3.1807 -0.0400
-0.4910 2.4277 -0.0400
-0.5910 2.3876 -0.0400
-0.6104 2.2627 -0.0400
-0.7402 2.2511 -0.0400
-0.8092 2.1773 -0.0400
0.6162 0.3831 -0.0400
0.5764 0.3360 -0.0400
0.5293 0.2944 -0.0400
0.5119 0.2307 -0.0400
0.4817 0.1769 -0.0400
0.4038 0.1553 -0.0400
0.3241 0.1327 -0.0400
0.2521 0.1030 -0.0400
-0.3777 -0.8387 -0.0400
-0.3728 -0.9095 -0.0400
-0.4009 -0.9720 -0.0400
2.2871 -1.9210 -0.0400
2.3157 -1.9368 -0.0400
2.3352 -1.9528 -0.0400
2.3574 -1.9678 -0.0400
2.3662 -1.9843 -0.0400
2.3735 -2.0008 -0.0400
2.3789 -2.0175 -0.0400
2.3818 -2.0348 -0.0400
2.3836 -2.0523 -0.0400
2.3834 -2.0705 -0.0400
2.3823 -2.0890 -0.0400
2.3698 -2.1111 -0.0400
2.3614 -2.1326 -0.0400
2.3111 -2.1685 -0.0400
-1.0288 -3.3620 -0.0400
-1.0341 -3.4508 -0.0400
-1.3877 -5.3198 -0.0400
0.7731 -4.5378 -0.0400
0.8091 -4.5956 -0.0400
0.8142 -4.6892 -0.0400
0.7181 -6.2956 -0.0400
1.8266 -6.9902 -0.0400
1.9168 -7.0179 -0.0400
3.4307 -2.5743 -0.0400
3.4395 -2.5352 -0.0400
3.4480 -2.5036 -0.0400
3.4586 -2.4937 -0.0400
3.4691 -2.4842 -0.0400
3.4796 -2.4762 -0.0400
3.4893 -2.4658 -0.0400
3.4999 -2.4604 -0.0400
3.5108 -2.4567 -0.0400
3.5217 -2.4530 -0.0400
3.5323 -2.4486 -0.0400
3.5437 -2.4468 -0.0400
3.5552 -2.4454 -0.0400
6.1037 -4.1518 -0.0400
6.1374 -4.0979 -0.0400
7.6766 -5.2336 -0.0400
6.6722 -3.1113 -0.0400
6.6645 -3.0421 -0.0400
6.6869 -2.9846 -0.0400
6.9207 -2.9967 -0.0400
6.9693 -2.9430 -0.0400
7.6623 -1.2473 -0.0400
7.6509 -1.1721 -0.0400
3.9425 -0.8609 -0.0400
3.9302 -0.8425 -0.0400
3.9192 -0.8212 -0.0400
3.9345 -0.7494 -0.0400
4.6497 2.6550 -0.0400
4.5611 2.6405 -0.0400
4.4902 2.6911 -0.0400
3.5234 2.8579 -0.0400
3.4394 2.7591 -0.0400
3.3590 2.7462 -0.0400
1.2564 3.3584 -0.0400
1.1820 3.2830 -0.0400
1.0914 3.2473 -0.0400
1.0114 3.1886 -0.0400
-0.4348 2.5169 -0.0400
-0.4935 2.4313 -0.0400
-0.5395 2.3333 -0.0400
-0.6257 2.2788 -0.0400
-0.7188 2.2303 -0.0400
-0.7994 2.1681 -0.0400
0.6127 0.4615 -0.0400
0.6155 0.3789 -0.0400
0.5507 0.3512 -0.0400
0.5285 0.2901 -0.0400
0.5152 0.2233 -0.0400
0.4715 0.1790 -0.0400
0.3551 0.1830 -0.0400
0.3210 0.1297 -0.0400
0.2695 0.0873 -0.0400
-0.3678 -0.7762 -0.0400
-0.3585 -0.8487 -0.0400
-0.3817 -0.9123 -0.0400
-0.4522 -0.9653 -0.0400
-2.2494 -0.6590 -0.0400
2.2475 -1.9140 -0.0400
2.3023 -1.9285 -0.0400
2.3413 -1.9429 -0.0400
2.3533 -1.9594 -0.0400
2.3630 -1.9759 -0.0400
2.3709 -1.9924 -0.0400
2.3771 -2.0090 -0.0400
2.3806 -2.0261 -0.0400
2.3824 -2.0435 -0.0400
2.3822 -2.0614 -0.0400
2.3807 -2.0799 -0.0400
2.3675 -2.1017 -0.0400
2.3581 -2.1232 -0.0400
2.3426 -2.1470 -0.0400
2.3033 -2.1796 -0.0400
-1.0386 -3.3682 -0.0400
-1.3904 -5.3205 -0.0400
0.7130 -4.5067 -0.0400
0.7769 -4.5349 -0.0400
0.7927 -4.6143 -0.0400
0.8005 -4.7052 -0.0400
0.6233 -6.2697 -0.0400
0.7194 -6.2866 -0.0400
1.7281 -6.9682 -0.0400
1.8226 -6.9815 -0.0400
1.8887 -7.0946 -0.0400
3.4249 -2.5505 -0.0400
3.4349 -2.5263 -0.0400
3.4450 -2.5096 -0.0400
3.4553 -2.4970 -0.0400
3.4656 -2.4874 -0.0400
3.4749 -2.4737 -0.0400
3.4852 -2.4674 -0.0400
3.4955 -2.4612 -0.0400
3.5061 -2.4573 -0.0400
3.5166 -2.4528 -0.0400
3.5272 -2.4492 -0.0400
3.5382 -2.4468 -0.0400
3.5496 -2.4456 -0.0400
3.5618 -2.4464 -0.0400
3.5723 -2.4423 -0.0400
3.5829 -2.4383 -0.0400
6.1223 -4.1041 -0.0400
7.6804 -5.2589 -0.0400
6.6712 -3.0614 -0.0400
6.6756 -2.9973 -0.0400
6.9243 -3.0149 -0.0400
7.0273 -2.9781 -0.0400
8.1532 -2.8800 -0.0400
7.6426 -1.2671 -0.0400
7.6364 -1.1915 -0.0400
7.7093 -1.1022 -0.0400
3.9383 -0.7557 -0.0400
4.7439 2.6510 -0.0400
4.6503 2.6236 -0.0400
4.5689 2.6344 -0.0400
4.4952 2.6744 -0.0400
4.4342 2.7713 -0.0400
3.5271 2.7782 -0.0400
3.4456 2.7471 -0.0400
3.3653 2.7581 -0.0400
3.2835 2.8387 -0.0400
1.2603 3.3588 -0.0400
1.1851 3.2848 -0.0400
1.1029 3.2298 -0.0400
-0.4294 2.5124 -0.0400
-0.4936 2.4328 -0.0400
-0.5377 2.3325 -0.0400
-0.6511 2.3062 -0.0400
-0.7169 2.2291 -0.0400
0.6379 0.4361 -0.0400
0.6126 0.3767 -0.0400
0.5465 0.3500 -0.0400
0.5357 0.2801 -0.0400
0.5141 0.2194 -0.0400
0.4441 0.1934 -0.0400
0.3538 0.1793 -0.0400
0.3054 0.1352 -0.0400
-0.3724 -0.7797 -0.0400
-0.3607 -0.8530 -0.0400
-0.3807 -0.9174 -0.0400
-2.2188 -0.5652 -0.0400
2.2769 -1.9019 -0.0400
2.3115 -1.9183 -0.0400
2.3328 -1.9348 -0.0400
2.3475 -1.9513 -0.0400
2.3585 -1.9678 -0.0400
2.3674 -1.9843 -0.0400
2.3766 -2.0005 -0.0400
2.3797 -2.0176 -0.0400
2.3817 -2.0349 -0.0400
2.3822 -2.0525 -0.0400
2.3808 -2.0708 -0.0400
2.3678 -2.0921 -0.0400
2.3587 -2.1130 -0.0400
2.3441 -2.1361 -0.0400
2.3130 -2.1650 -0.0400
-1.0544 -3.2907 -0.0400
-1.4669 -5.2476 -0.0400
-1.4192 -5.3408 -0.0400
0.7238 -4.4976 -0.0400
0.7786 -4.5350 -0.0400
0.7910 -4.6177 -0.0400
0.6392 -6.2386 -0.0400
0.7149 -6.2883 -0.0400
0.7161 -6.4688 -0.0400
1.7212 -6.9718 -0.0400
1.8185 -6.9752 -0.0400
1.8969 -7.0429 -0.0400
3.4240 -2.5704 -0.0400
3.4327 -2.5335 -0.0400
3.4409 -2.5023 -0.0400
3.4513 -2.4925 -0.0400
3.4614 -2.4831 -0.0400
3.4715 -2.4754 -0.0400
3.4817 -2.4691 -0.0400
3.4918 -2.4629 -0.0400
3.5017 -2.4568 -0.0400
3.5123 -2.4533 -0.0400
3.5227 -2.4497 -0.0400
3.5333 -2.4467 -0.0400
3.5451 -2.4475 -0.0400
3.5564 -2.4464 -0.0400
3.5672 -2.4434 -0.0400
3.5775 -2.4392 -0.0400
3.5884 -2.4364 -0.0400
3.5996 -2.4342 -0.0400
3.6110 -2.4325 -0.0400
6.6497 -3.0700 -0.0400
6.6795 -3.0152 -0.0400
6.9107 -3.0272 -0.0400
6.9632 -2.9750 -0.0400
8.1436 -2.8963 -0.0400
8.1933 -2.8188 -0.0400
7.6675 -1.2811 -0.0400
7.6692 -1.2038 -0.0400
4.7593 2.6665 -0.0400
4.6617 2.6275 -0.0400
4.5784 2.6326 -0.0400
4.5157 2.7163 -0.0400
3.5360 2.8204 -0.0400
3.4526 2.7488 -0.0400
3.3722 2.7888 -0.0400
1.2636 3.3622 -0.0400
1.1845 3.2965 -0.0400
1.1105 3.2221 -0.0400
1.0027 3.2237 -0.0400
-0.4163 2.4997 -0.0400
-0.4935 2.4348 -0.0400
-0.5339 2.3301 -0.0400
-0.6680 2.3254 -0.0400
-0.7159 2.2296 -0.0400
0.6578 0.4973 -0.0400
0.6504 0.4218 -0.0400
0.6009 0.3823 -0.0400
0.5425 0.3491 -0.0400
0.5441 0.2695 -0.0400
0.5082 0.2195 -0.0400
0.4273 0.2009 -0.0400
0.3545 0.1746 -0.0400
0.2988 0.1351 -0.0400
-0.3715 -0.7847 -0.0400
-0.3649 -0.8567 -0.0400
-0.4217 -0.9120 -0.0400
-2.2188 -0.5671 -0.0400
2.2902 -1.9103 -0.0400
2.3196 -1.9269 -0.0400
2.3504 -1.9424 -0.0400
2.3606 -1.9591 -0.0400
2.3687 -1.9757 -0.0400
2.3748 -1.9924 -0.0400
2.3785 -2.0094 -0.0400
2.3811 -2.0265 -0.0400
2.3825 -2.0439 -0.0400
2.3754 -2.0631 -0.0400
2.3702 -2.0823 -0.0400
2.3623 -2.1025 -0.0400
2.3500 -2.1244 -0.0400
2.3270 -2.1500 -0.0400
-1.1080 -3.2255 -0.0400
-1.0541 -3.2939 -0.0400
-1.4551 -5.2390 -0.0400
-1.4119 -5.3350 -0.0400
0.7350 -4.4890 -0.0400
0.7738 -4.5424 -0.0400
0.7681 -4.6446 -0.0400
0.6383 -6.2358 -0.0400
0.6946 -6.3176 -0.0400
1.7169 -6.9688 -0.0400
1.8084 -6.9909 -0.0400
3.4197 -2.5485 -0.0400
3.4294 -2.5248 -0.0400
3.4392 -2.5084 -0.0400
3.4490 -2.4960 -0.0400
3.4590 -2.4865 -0.0400
3.4679 -2.4729 -0.0400
3.4780 -2.4668 -0.0400
3.4878 -2.4608 -0.0400
3.4981 -2.4571 -0.0400
3.5085 -2.4536 -0.0400
3.5187 -2.4501 -0.0400
3.5293 -2.4477 -0.0400
3.5404 -2.4468 -0.0400
3.5515 -2.4459 -0.0400
3.5626 -2.4445 -0.0400
3.5727 -2.4403 -0.0400
3.5832 -2.4369 -0.0400
3.5941 -2.4346 -0.0400
3.6053 -2.4329 -0.0400
3.6187 -2.4356 -0.0400
3.6314 -2.4363 -0.0400
3.6451 -2.4386 -0.0400
6.6490 -3.1523 -0.0400
6.6458 -3.0850 -0.0400
6.6676 -3.0274 -0.0400
6.9021 -3.0411 -0.0400
8.1459 -2.9151 -0.0400
7.6510 -1.2948 -0.0400
7.7273 -1.2067 -0.0400
4.8477 2.6472 -0.0400
4.7486 2.6085 -0.0400
4.6667 2.6202 -0.0400
4.5994 2.6840 -0.0400
3.6204 2.7699 -0.0400
3.5383 2.7486 -0.0400
3.4580 2.7688 -0.0400
1.3678 3.3741 -0.0400
1.2708 3.3528 -0.0400
1.2008 3.2656 -0.0400
-0.3429 2.5712 -0.0400
-0.4137 2.4986 -0.0400
-0.4669 2.4069 -0.0400
-0.5833 2.3849 -0.0400
-0.6623 2.3209 -0.0400
0.6979 0.5434 -0.0400
0.6895 0.4675 -0.0400
0.6281 0.4382 -0.0400
0.6111 0.3716 -0.0400
0.5844 0.3138 -0.0400
0.5297 0.2779 -0.0400
0.4661 0.2475 -0.0400
0.3869 0.2267 -0.0400
0.3096 0.2024 -0.0400
-0.3254 -0.7308 -0.0400
-0.3509 -0.7936 -0.0400
-0.4128 -0.8469 -0.0400
-2.1964 -0.4707 -0.0400
2.2993 -1.8788 -0.0400
2.3247 -1.8965 -0.0400
2.3412 -1.9137 -0.0400
2.3531 -1.9307 -0.0400
2.3624 -1.9475 -0.0400
2.3696 -1.9643 -0.0400
2.3752 -1.9811 -0.0400
2.3767 -1.9983 -0.0400
2.3766 -2.0158 -0.0400
2.3743 -2.0339 -0.0400
2.3703 -2.0524 -0.0400
2.3636 -2.0718 -0.0400
2.3531 -2.0924 -0.0400
2.2890 -2.1270 -0.0400
-1.1304 -3.1493 -0.0400
-1.0779 -3.2186 -0.0400
-1.5160 -5.1561 -0.0400
-1.5056 -5.2746 -0.0400
0.6146 -4.4256 -0.0400
0.6916 -4.4425 -0.0400
0.7277 -4.4983 -0.0400
0.7181 -4.6022 -0.0400
0.5670 -6.1778 -0.0400
0.6130 -6.2741 -0.0400
1.6361 -6.9054 -0.0400
1.7177 -6.9564 -0.0400
3.4075 -2.5627 -0.0400
3.4153 -2.5137 -0.0400
3.4252 -2.4985 -0.0400
3.4353 -2.4892 -0.0400
3.4452 -2.4802 -0.0400
3.4551 -2.4727 -0.0400
3.4651 -2.4668 -0.0400
3.4749 -2.4609 -0.0400
3.4846 -2.4550 -0.0400
3.4948 -2.4519 -0.0400
3.5050 -2.4488 -0.0400
3.5153 -2.4462 -0.0400
3.5261 -2.4452 -0.0400
3.5370 -2.4446 -0.0400
3.5482 -2.4442 -0.0400
3.5583 -2.4406 -0.0400
3.5686 -2.4375 -0.0400
3.5791 -2.4348 -0.0400
3.5915 -2.4365 -0.0400
3.6031 -2.4360 -0.0400
3.6155 -2.4368 -0.0400
3.6289 -2.4392 -0.0400
3.6492 -2.4550 -0.0400
3.6701 -2.4703 -0.0400
6.6196 -3.2181 -0.0400
6.6183 -3.1511 -0.0400
6.6396 -3.0934 -0.0400
6.8892 -3.1170 -0.0400
8.1196 -3.0979 -0.0400
8.1141 -3.0079 -0.0400
8.1942 -2.9380 -0.0400
4.7778 2.6523 -0.0400
4.6777 2.6063 -0.0400
4.6010 2.6360 -0.0400
4.5320 2.6962 -0.0400
3.5493 2.7503 -0.0400
3.4684 2.7538 -0.0400
3.3877 2.8055 -0.0400
1.3633 3.4066 -0.0400
1.2825 3.3425 -0.0400
1.1861 3.3181 -0.0400
1.1176 3.2291 -0.0400
-0.3566 2.5929 -0.0400
-0.4153 2.5053 -0.0400
-0.4701 2.4147 -0.0400
-0.5633 2.3674 -0.0400
-0.6555 2.3176 -0.0400
-0.7456 2.2641 -0.0400
0.6788 0.4730 -0.0400
0.6475 0.4179 -0.0400
0.5835 0.3899 -0.0400
0.5735 0.3180 -0.0400
0.5461 0.2610 -0.0400
0.4834 0.2304 -0.0400
0.3890 0.2207 -0.0400
0.3378 0.1786 -0.0400
-0.3361 -0.7333 -0.0400
-0.3445 -0.8013 -0.0400
-0.3761 -0.8626 -0.0400
-0.4548 -0.9126 -0.0400
2.2649 -1.8915 -0.0400
2.3089 -1.9092 -0.0400
2.3460 -1.9257 -0.0400
2.3568 -1.9427 -0.0400
2.3654 -1.9596 -0.0400
2.3722 -1.9764 -0.0400
2.3761 -1.9933 -0.0400
2.3788 -2.0104 -0.0400
2.3802 -2.0277 -0.0400
2.3794 -2.0454 -0.0400
2.3686 -2.0651 -0.0400
2.3607 -2.0848 -0.0400
2.3480 -2.1060 -0.0400
2.3258 -2.1301 -0.0400
-1.1085 -3.2328 -0.0400
-1.5625 -5.1881 -0.0400
-1.4605 -5.2434 -0.0400
0.6865 -4.4524 -0.0400
0.7342 -4.4966 -0.0400
0.7641 -4.5590 -0.0400
0.7106 -4.7122 -0.0400
0.5498 -6.2012 -0.0400
0.6428 -6.2227 -0.0400
1.5922 -7.0180 -0.0400
1.7193 -6.9342 -0.0400
1.7950 -7.0049 -0.0400
3.4164 -2.5424 -0.0400
3.4260 -2.5217 -0.0400
3.4355 -2.5059 -0.0400
3.4450 -2.4941 -0.0400
3.4535 -2.4777 -0.0400
3.4633 -2.4717 -0.0400
3.4729 -2.4658 -0.0400
3.4824 -2.4600 -0.0400
3.4923 -2.4563 -0.0400
3.5023 -2.4530 -0.0400
3.5122 -2.4497 -0.0400
3.5224 -2.4475 -0.0400
3.5331 -2.4469 -0.0400
3.5439 -2.4462 -0.0400
3.5547 -2.4451 -0.0400
3.5644 -2.4407 -0.0400
3.5744 -2.4375 -0.0400
3.5854 -2.4365 -0.0400
3.5964 -2.4352 -0.0400
3.6078 -2.4346 -0.0400
3.6197 -2.4346 -0.0400
3.6367 -2.4447 -0.0400
3.6523 -2.4507 -0.0400
3.6713 -2.4621 -0.0400
5.6386 -5.6425 -0.0400
5.6996 -5.5946 -0.0400
6.6321 -3.1120 -0.0400
6.6556 -3.0553 -0.0400
6.9041 -3.0746 -0.0400
6.9900 -3.0332 -0.0400
8.1499 -3.0407 -0.0400
8.1280 -2.9473 -0.0400
4.7642 2.5835 -0.0400
4.6893 2.6190 -0.0400
4.6222 2.6843 -0.0400
3.7244 2.8330 -0.0400
3.6370 2.7588 -0.0400
3.5552 2.7506 -0.0400
3.4748 2.7816 -0.0400
1.4575 3.4489 -0.0400
1.3717 3.3957 -0.0400
1.2987 3.3120 -0.0400
-0.2777 2.6604 -0.0400
-0.3421 2.5786 -0.0400
-0.3923 2.4814 -0.0400
-0.5463 2.5029 -0.0400
-0.5768 2.3845 -0.0400
0.7216 0.5169 -0.0400
0.6794 0.4710 -0.0400
0.6313 0.4299 -0.0400
0.6171 0.3608 -0.0400
0.5785 0.3123 -0.0400
0.5134 0.2840 -0.0400
0.4240 0.2720 -0.0400
0.3553 0.2426 -0.0400
-0.3304 -0.6667 -0.0400
-0.3306 -0.7378 -0.0400
-0.3759 -0.7950 -0.0400
-2.1783 -0.3747 -0.0400
2.2862 -1.8597 -0.0400
2.3168 -1.8785 -0.0400
2.3363 -1.8965 -0.0400
2.3488 -1.9140 -0.0400
2.3586 -1.9312 -0.0400
2.3663 -1.9482 -0.0400
2.3736 -1.9650 -0.0400
2.3752 -1.9822 -0.0400
2.3756 -1.9996 -0.0400
2.3734 -2.0174 -0.0400
2.3699 -2.0355 -0.0400
2.3633 -2.0544 -0.0400
2.3537 -2.0742 -0.0400
2.3389 -2.0956 -0.0400
-1.1565 -3.0790 -0.0400
-1.0988 -3.1476 -0.0400
-1.5791 -5.0759 -0.0400
-1.5364 -5.1711 -0.0400
0.5532 -4.4004 -0.0400
0.6503 -4.4002 -0.0400
0.6922 -4.4498 -0.0400
0.6774 -4.5560 -0.0400
0.4863 -6.1332 -0.0400
0.5683 -6.1717 -0.0400
1.5355 -6.8891 -0.0400
1.6321 -6.8948 -0.0400
1.6869 -7.0265 -0.0400
3.3933 -2.5517 -0.0400
3.4031 -2.5245 -0.0400
3.4131 -2.5091 -0.0400
3.4227 -2.4954 -0.0400
3.4325 -2.4866 -0.0400
3.4420 -2.4779 -0.0400
3.4516 -2.4709 -0.0400
3.4611 -2.4652 -0.0400
3.4701 -2.4568 -0.0400
3.4799 -2.4539 -0.0400
3.4897 -2.4509 -0.0400
3.4995 -2.4480 -0.0400
3.5094 -2.4455 -0.0400
3.5198 -2.4447 -0.0400
3.5304 -2.4442 -0.0400
3.5413 -2.4444 -0.0400
3.5511 -2.4410 -0.0400
3.5611 -2.4381 -0.0400
3.5713 -2.4357 -0.0400
3.5820 -2.4345 -0.0400
3.5931 -2.4340 -0.0400
3.6071 -2.4395 -0.0400
3.6204 -2.4427 -0.0400
3.6350 -2.4479 -0.0400
3.6523 -2.4574 -0.0400
5.5619 -5.6782 -0.0400
5.6289 -5.6405 -0.0400
6.6160 -3.2486 -0.0400
6.6138 -3.1811 -0.0400
6.6346 -3.1234 -0.0400
6.8625 -3.1400 -0.0400
8.1231 -3.1349 -0.0400
8.1235 -3.0463 -0.0400
3.5675 2.7466 -0.0400
3.4867 2.7647 -0.0400
3.4060 2.8595 -0.0400
1.4615 3.4646 -0.0400
1.3593 3.4538 -0.0400
1.2938 3.3474 -0.0400
1.2141 3.2822 -0.0400
-0.3372 2.5800 -0.0400
-0.4678 2.4210 -0.0400
-0.6115 2.4282 -0.0400
-0.6473 2.3168 -0.0400
0.6999 0.5347 -0.0400
0.6841 0.4646 -0.0400
0.6369 0.4227 -0.0400
0.5959 0.3754 -0.0400
0.5788 0.3090 -0.0400
0.5311 0.2674 -0.0400
0.4360 0.2600 -0.0400
0.3826 0.2200 -0.0400
0.3102 0.1921 -0.0400
-0.3355 -0.6700 -0.0400
-0.3318 -0.7425 -0.0400
-0.3644 -0.8035 -0.0400
-0.4467 -0.8514 -0.0400
-2.1957 -0.4754 -0.0400
2.3020 -1.8904 -0.0400
2.3267 -1.9086 -0.0400
2.3538 -1.9259 -0.0400
2.3626 -1.9431 -0.0400
2.3695 -1.9602 -0.0400
2.3740 -1.9773 -0.0400
2.3768 -1.9944 -0.0400
2.3784 -2.0116 -0.0400
2.3782 -2.0291 -0.0400
2.3692 -2.0480 -0.0400
2.3622 -2.0670 -0.0400
2.3513 -2.0871 -0.0400
2.3336 -2.1091 -0.0400
2.2943 -2.1368 -0.0400
-1.1456 -3.1659 -0.0400
-1.1061 -3.2396 -0.0400
-1.5216 -5.1627 -0.0400
-1.5482 -5.3064 -0.0400
0.6145 -4.4397 -0.0400
0.6967 -4.4516 -0.0400
0.7326 -4.5069 -0.0400
0.6975 -4.6361 -0.0400
0.5696 -6.1689 -0.0400
0.6332 -6.2356 -0.0400
1.6283 -6.8946 -0.0400
1.7157 -6.9254 -0.0400
3.4060 -2.5618 -0.0400
3.4149 -2.5299 -0.0400
3.4245 -2.5144 -0.0400
3.4327 -2.4915 -0.0400
3.4421 -2.4830 -0.0400
3.4513 -2.4750 -0.0400
3.4607 -2.4694 -0.0400
3.4700 -2.4637 -0.0400
3.4792 -2.4582 -0.0400
3.4887 -2.4548 -0.0400
3.4983 -2.4517 -0.0400
3.5077 -2.4482 -0.0400
3.5177 -2.4465 -0.0400
3.5280 -2.4461 -0.0400
3.5384 -2.4456 -0.0400
3.5489 -2.4450 -0.0400
3.5582 -2.4408 -0.0400
3.5679 -2.4378 -0.0400
3.5785 -2.4369 -0.0400
3.5892 -2.4359 -0.0400
3.6003 -2.4356 -0.0400
3.6119 -2.4360 -0.0400
3.6247 -2.4384 -0.0400
3.6386 -2.4424 -0.0400
3.6654 -2.4700 -0.0400
5.6178 -5.6490 -0.0400
5.7369 -5.6947 -0.0400
6.6427 -3.2134 -0.0400
6.6189 -3.1380 -0.0400
6.6421 -3.0815 -0.0400
6.8838 -3.0995 -0.0400
6.9381 -3.0485 -0.0400
8.1211 -3.0692 -0.0400
8.1408 -2.9857 -0.0400
7.7192 -1.4214 -0.0400
7.6512 -1.3527 -0.0400
4.4082 -0.7294 -0.0400
3.7395 2.7703 -0.0400
3.6558 2.7476 -0.0400
3.5748 2.7597 -0.0400
3.4948 2.8203 -0.0400
1.4688 3.4589 -0.0400
1.3890 3.3881 -0.0400
1.3046 3.3327 -0.0400
-0.2677 2.6603 -0.0400
-0.3292 2.5744 -0.0400
-0.3943 2.4943 -0.0400
-0.5025 2.4639 -0.0400
-0.5919 2.4104 -0.0400
0.7489 0.5747 -0.0400
0.7194 0.5163 -0.0400
0.6622 0.4832 -0.0400
0.6448 0.4152 -0.0400
0.6132 0.3602 -0.0400
0.5630 0.3205 -0.0400
0.4534 0.3257 -0.0400
0.4119 0.2766 -0.0400
-0.3091 -0.6093 -0.0400
-0.3107 -0.6805 -0.0400
-0.3471 -0.7401 -0.0400
-2.1519 -0.2796 -0.0400
2.2856 -1.8585 -0.0400
2.3355 -1.8785 -0.0400
2.3474 -1.8966 -0.0400
2.3569 -1.9142 -0.0400
2.3643 -1.9316 -0.0400
2.3700 -1.9488 -0.0400
2.3738 -1.9660 -0.0400
2.3744 -1.9833 -0.0400
2.3726 -2.0009 -0.0400
2.3695 -2.0188 -0.0400
2.3639 -2.0372 -0.0400
2.3557 -2.0562 -0.0400
2.3431 -2.0765 -0.0400
-1.2116 -3.0159 -0.0400
-1.1356 -3.0811 -0.0400
-1.1068 -3.1575 -0.0400
-1.6790 -5.0194 -0.0400
-1.5801 -5.0791 -0.0400
0.5195 -4.3521 -0.0400
0.6041 -4.3645 -0.0400
0.6551 -4.4055 -0.0400
0.6415 -4.5078 -0.0400
0.4951 -6.1199 -0.0400
0.5568 -6.1886 -0.0400
1.5435 -6.8531 -0.0400
1.6285 -6.8896 -0.0400
3.3833 -2.5618 -0.0400
3.3932 -2.5286 -0.0400
3.4032 -2.5137 -0.0400
3.4127 -2.4995 -0.0400
3.4222 -2.4896 -0.0400
3.4316 -2.4814 -0.0400
3.4408 -2.4733 -0.0400
3.4495 -2.4638 -0.0400
3.4587 -2.4586 -0.0400
3.4680 -2.4547 -0.0400
3.4775 -2.4520 -0.0400
3.4869 -2.4492 -0.0400
3.4963 -2.4465 -0.0400
3.5059 -2.4442 -0.0400
3.5159 -2.4435 -0.0400
3.5268 -2.4458 -0.0400
3.5366 -2.4437 -0.0400
3.5460 -2.4405 -0.0400
3.5556 -2.4378 -0.0400
3.5654 -2.4355 -0.0400
3.5758 -2.4345 -0.0400
3.5865 -2.4341 -0.0400
3.6001 -2.4400 -0.0400
3.6132 -2.4436 -0.0400
3.6275 -2.4493 -0.0400
3.6448 -2.4598 -0.0400
5.5438 -5.6871 -0.0400
5.6555 -5.7245 -0.0400
6.8525 -3.1678 -0.0400
8.0776 -3.1581 -0.0400
8.0915 -3.0735 -0.0400
7.6779 -1.4374 -0.0400
7.7052 -1.3574 -0.0400
4.2570 -0.8481 -0.0400
4.2218 -0.8529 -0.0400
4.1392 -0.9203 -0.0400
3.6717 2.7727 -0.0400
3.5883 2.7490 -0.0400
3.5067 2.7578 -0.0400
1.4795 3.4604 -0.0400
1.3917 3.4105 -0.0400
1.3020 3.3668 -0.0400
1.2281 3.2853 -0.0400
-0.3371 2.5935 -0.0400
-0.3915 2.4999 -0.0400
-0.4765 2.4428 -0.0400
-0.5925 2.4191 -0.0400
0.7058 0.5285 -0.0400
0.6768 0.4697 -0.0400
0.6137 0.4409 -0.0400
0.6083 0.3631 -0.0400
0.5681 0.3151 -0.0400
0.5118 0.2794 -0.0400
0.4177 0.2707 -0.0400
0.3527 0.2382 -0.0400
-0.3179 -0.6823 -0.0400
-0.3353 -0.7481 -0.0400
-0.3773 -0.8065 -0.0400
-2.1711 -0.3793 -0.0400
2.2705 -1.8692 -0.0400
2.3307 -1.8900 -0.0400
2.3445 -1.9082 -0.0400
2.3546 -1.9260 -0.0400
2.3627 -1.9435 -0.0400
2.3726 -1.9606 -0.0400
2.3751 -1.9779 -0.0400
2.3765 -1.9952 -0.0400
2.3764 -2.0126 -0.0400
2.3742 -2.0304 -0.0400
2.3620 -2.0496 -0.0400
2.3525 -2.0690 -0.0400
2.3387 -2.0895 -0.0400
2.3135 -2.1127 -0.0400
-1.1487 -3.0896 -0.0400
-1.0967 -3.1598 -0.0400
-1.6270 -5.1114 -0.0400
-1.5255 -5.1685 -0.0400
0.6566 -4.4114 -0.0400
0.6948 -4.4640 -0.0400
0.6257 -4.6231 -0.0400
0.4855 -6.1353 -0.0400
0.5635 -6.1794 -0.0400
0.6156 -6.2640 -0.0400
1.5307 -6.8817 -0.0400
1.6290 -6.8812 -0.0400
1.7107 -6.9272 -0.0400
3.3968 -2.5600 -0.0400
3.4060 -2.5292 -0.0400
3.4156 -2.5149 -0.0400
3.4239 -2.4923 -0.0400
3.4331 -2.4843 -0.0400
3.4421 -2.4764 -0.0400
3.4512 -2.4705 -0.0400
3.4603 -2.4653 -0.0400
3.4692 -2.4600 -0.0400
3.4781 -2.4554 -0.0400
3.4872 -2.4519 -0.0400
3.4964 -2.4491 -0.0400
3.5056 -2.4463 -0.0400
3.5152 -2.4451 -0.0400
3.5252 -2.4448 -0.0400
3.5352 -2.4444 -0.0400
3.5453 -2.4440 -0.0400
3.5542 -2.4399 -0.0400
3.5638 -2.4379 -0.0400
3.5737 -2.4364 -0.0400
3.5840 -2.4355 -0.0400
3.5947 -2.4354 -0.0400
3.6059 -2.4359 -0.0400
3.6182 -2.4384 -0.0400
3.6318 -2.4427 -0.0400
3.6583 -2.4707 -0.0400
5.5465 -5.7161 -0.0400
5.5981 -5.6530 -0.0400
5.7010 -5.6742 -0.0400
8.1034 -3.0993 -0.0400
8.1172 -3.0148 -0.0400
7.7220 -1.4557 -0.0400
7.6554 -1.3867 -0.0400
7.6586 -1.3098 -0.0400
7.7430 -1.2195 -0.0400
4.3058 -0.8405 -0.0400
4.2450 -0.8741 -0.0400
4.1864 -0.9087 -0.0400
4.1286 -0.9459 -0.0400
4.1036 -0.9430 -0.0400
4.0771 -0.9430 -0.0400
3.7610 2.7624 -0.0400
3.6775 2.7469 -0.0400
3.5985 2.8093 -0.0400
1.5747 3.5089 -0.0400
1.4962 3.4300 -0.0400
1.4108 3.3747 -0.0400
-0.3139 2.5705 -0.0400
-0.4139 2.5312 -0.0400
-0.5072 2.4825 -0.0400
0.7772 0.6364 -0.0400
0.7583 0.5663 -0.0400
0.6995 0.5347 -0.0400
0.6659 0.4796 -0.0400
0.6442 0.4148 -0.0400
0.6016 0.3685 -0.0400
0.5385 0.3385 -0.0400
0.4509 0.3259 -0.0400
0.3549 0.3170 -0.0400
-0.2967 -0.5468 -0.0400
-0.2901 -0.6218 -0.0400
-0.3157 -0.6849 -0.0400
-0.3999 -0.7296 -0.0400
-2.1422 -0.2830 -0.0400
2.2653 -1.8358 -0.0400
2.3286 -1.8591 -0.0400
2.3421 -1.8779 -0.0400
2.3519 -1.8962 -0.0400
2.3596 -1.9140 -0.0400
2.3699 -1.9316 -0.0400
2.3722 -1.9490 -0.0400
2.3734 -1.9664 -0.0400
2.3738 -1.9838 -0.0400
2.3675 -2.0018 -0.0400
2.3622 -2.0200 -0.0400
2.3547 -2.0386 -0.0400
2.3433 -2.0581 -0.0400
2.3260 -2.0790 -0.0400
-1.1725 -3.0139 -0.0400
-1.1162 -3.0837 -0.0400
-1.6352 -4.9959 -0.0400
0.5676 -4.3218 -0.0400
0.6159 -4.3652 -0.0400
0.6405 -4.4301 -0.0400
0.6313 -4.5283 -0.0400
0.4206 -6.0735 -0.0400
0.4916 -6.1275 -0.0400
1.4496 -6.8327 -0.0400
1.5446 -6.8418 -0.0400
1.6128 -6.9249 -0.0400
3.3865 -2.5457 -0.0400
3.3957 -2.5088 -0.0400
3.4051 -2.4959 -0.0400
3.4145 -2.4876 -0.0400
3.4237 -2.4802 -0.0400
3.4327 -2.4727 -0.0400
3.4413 -2.4637 -0.0400
3.4502 -2.4589 -0.0400
3.4590 -2.4544 -0.0400
3.4681 -2.4519 -0.0400
3.4772 -2.4493 -0.0400
3.4863 -2.4468 -0.0400
3.4953 -2.4442 -0.0400
3.5052 -2.4447 -0.0400
3.5149 -2.4446 -0.0400
3.5248 -2.4445 -0.0400
3.5340 -2.4421 -0.0400
3.5431 -2.4392 -0.0400
3.5524 -2.4367 -0.0400
3.5618 -2.4346 -0.0400
3.5717 -2.4338 -0.0400
3.5837 -2.4374 -0.0400
3.5952 -2.4394 -0.0400
3.6078 -2.4431 -0.0400
3.6217 -2.4489 -0.0400
3.6383 -2.4591 -0.0400
5.5427 -5.7210 -0.0400
8.0855 -3.1060 -0.0400
7.6751 -1.4720 -0.0400
7.7090 -1.3915 -0.0400
4.3182 -0.8440 -0.0400
4.2702 -0.8620 -0.0400
4.1891 -0.9233 -0.0400
4.1479 -0.9392 -0.0400
4.1116 -0.9507 -0.0400
4.0887 -0.9456 -0.0400
4.0656 -0.9413 -0.0400
4.0470 -0.9310 -0.0400
4.0297 -0.9187 -0.0400
3.6113 2.8329 -0.0400
1.5875 3.4994 -0.0400
1.5009 3.4438 -0.0400
1.4007 3.4274 -0.0400
-0.1755 2.7342 -0.0400
-0.3123 2.5773 -0.0400
-0.4152 2.5411 -0.0400
-0.5142 2.4984 -0.0400
0.7904 0.6249 -0.0400
0.7607 0.5653 -0.0400
0.7101 0.5260 -0.0400
0.6788 0.4689 -0.0400
0.6480 0.4121 -0.0400
0.5816 0.3855 -0.0400
0.4865 0.3803 -0.0400
0.4492 0.3273 -0.0400
-0.2808 -0.5549 -0.0400
-0.2914 -0.6237 -0.0400
-0.3429 -0.6782 -0.0400
-2.1337 -0.1798 -0.0400
2.2829 -1.8260 -0.0400
2.3125 -1.8476 -0.0400
2.3304 -1.8674 -0.0400
2.3524 -1.8867 -0.0400
2.3595 -1.9047 -0.0400
2.3694 -1.9226 -0.0400
2.3715 -1.9401 -0.0400
2.3727 -1.9576 -0.0400
2.3731 -1.9751 -0.0400
2.3681 -1.9929 -0.0400
2.3638 -2.0109 -0.0400
2.3572 -2.0293 -0.0400
2.3478 -2.0483 -0.0400
2.3101 -2.0713 -0.0400
-1.1973 -2.9393 -0.0400
-1.1373 -3.0091 -0.0400
-1.1506 -3.0963 -0.0400
-1.6346 -4.9975 -0.0400
-1.6807 -5.1486 -0.0400
0.4963 -4.3030 -0.0400
0.5740 -4.3224 -0.0400
0.6157 -4.3715 -0.0400
0.6264 -4.4490 -0.0400
0.4224 -6.0732 -0.0400
0.4857 -6.1383 -0.0400
1.3491 -6.8331 -0.0400
1.4587 -6.8077 -0.0400
1.5436 -6.8425 -0.0400
1.5968 -6.9673 -0.0400
3.3787 -2.5582 -0.0400
3.3884 -2.5143 -0.0400
3.3980 -2.5019 -0.0400
3.4073 -2.4912 -0.0400
3.4165 -2.4841 -0.0400
3.4249 -2.4710 -0.0400
3.4339 -2.4664 -0.0400
3.4428 -2.4618 -0.0400
3.4515 -2.4572 -0.0400
3.4602 -2.4530 -0.0400
3.4690 -2.4498 -0.0400
3.4779 -2.4474 -0.0400
3.4868 -2.4450 -0.0400
3.4958 -2.4434 -0.0400
3.5052 -2.4430 -0.0400
3.5147 -2.4428 -0.0400
3.5243 -2.4426 -0.0400
3.5336 -2.4410 -0.0400
3.5426 -2.4387 -0.0400
3.5517 -2.4364 -0.0400
3.5613 -2.4354 -0.0400
3.5712 -2.4349 -0.0400
3.5815 -2.4351 -0.0400
3.5923 -2.4359 -0.0400
3.6042 -2.4387 -0.0400
3.6229 -2.4552 -0.0400
3.6421 -2.4708 -0.0400
5.4565 -5.7396 -0.0400
5.5221 -5.7012 -0.0400
5.9165 -4.3264 -0.0400
5.9521 -4.2761 -0.0400
7.4454 -5.5039 -0.0400
7.6970 -1.5630 -0.0400
7.6628 -1.4902 -0.0400
7.6771 -1.4124 -0.0400
4.3865 -0.7482 -0.0400
4.2670 -0.8519 -0.0400
4.2301 -0.8590 -0.0400
4.1441 -0.9327 -0.0400
4.1138 -0.9364 -0.0400
4.0827 -0.9427 -0.0400
4.0618 -0.9353 -0.0400
4.0408 -0.9284 -0.0400
4.0228 -0.9170 -0.0400
4.0076 -0.9011 -0.0400
3.9918 -0.8857 -0.0400
3.9824 -0.8584 -0.0400
1.5956 3.5171 -0.0400
1.4899 3.5149 -0.0400
1.4226 3.4045 -0.0400
1.3409 3.3392 -0.0400
-0.2570 2.6855 -0.0400
-0.3524 2.6395 -0.0400
-0.4032 2.5393 -0.0400
-0.5018 2.4961 -0.0400
-0.5835 2.4325 -0.0400
0.7533 0.5753 -0.0400
0.7195 0.5198 -0.0400
0.6633 0.4849 -0.0400
0.6448 0.4166 -0.0400
0.6093 0.3639 -0.0400
0.5561 0.3257 -0.0400
0.4511 0.3269 -0.0400
0.4042 0.2811 -0.0400
-0.3001 -0.6231 -0.0400
-0.3134 -0.6908 -0.0400
-0.3625 -0.7467 -0.0400
-2.1381 -0.2831 -0.0400
2.3015 -1.8570 -0.0400
2.3377 -1.8783 -0.0400
2.3474 -1.8970 -0.0400
2.3622 -1.9155 -0.0400
2.3673 -1.9334 -0.0400
2.3710 -1.9511 -0.0400
2.3741 -1.9686 -0.0400
2.3745 -1.9862 -0.0400
2.3701 -2.0040 -0.0400
2.3665 -2.0220 -0.0400
2.3605 -2.0404 -0.0400
2.3526 -2.0593 -0.0400
2.3217 -2.0814 -0.0400
2.2873 -2.1052 -0.0400
-1.1819 -3.0245 -0.0400
-1.1201 -3.0934 -0.0400
-1.1108 -3.1750 -0.0400
-1.6387 -5.0028 -0.0400
-1.6559 -5.1354 -0.0400
0.5452 -4.3553 -0.0400
0.6203 -4.3758 -0.0400
0.6601 -4.4266 -0.0400
0.4032 -6.1039 -0.0400
0.4950 -6.1283 -0.0400
1.4185 -6.9092 -0.0400
1.5427 -6.8439 -0.0400
1.6277 -6.8779 -0.0400
3.3834 -2.5633 -0.0400
3.3933 -2.5326 -0.0400
3.4025 -2.5065 -0.0400
3.4116 -2.4952 -0.0400
3.4207 -2.4882 -0.0400
3.4290 -2.4756 -0.0400
3.4378 -2.4701 -0.0400
3.4465 -2.4656 -0.0400
3.4551 -2.4611 -0.0400
3.4632 -2.4545 -0.0400
3.4719 -2.4522 -0.0400
3.4806 -2.4498 -0.0400
3.4893 -2.4473 -0.0400
3.4979 -2.4448 -0.0400
3.5072 -2.4448 -0.0400
3.5165 -2.4445 -0.0400
3.5259 -2.4443 -0.0400
3.5352 -2.4436 -0.0400
3.5436 -2.4401 -0.0400
3.5524 -2.4377 -0.0400
3.5613 -2.4352 -0.0400
3.5715 -2.4362 -0.0400
3.5814 -2.4362 -0.0400
3.5917 -2.4364 -0.0400
3.6029 -2.4384 -0.0400
3.6151 -2.4420 -0.0400
3.6287 -2.4476 -0.0400
3.6450 -2.4577 -0.0400
5.5103 -5.7006 -0.0400
5.6109 -5.7222 -0.0400
5.9494 -4.2906 -0.0400
5.9878 -4.2433 -0.0400
7.5048 -5.4520 -0.0400
7.7030 -1.5084 -0.0400
7.6568 -1.4373 -0.0400
7.6597 -1.3608 -0.0400
4.4298 -0.7529 -0.0400
4.3036 -0.8592 -0.0400
4.2627 -0.8698 -0.0400
4.1760 -0.9406 -0.0400
4.1420 -0.9482 -0.0400
4.1150 -0.9478 -0.0400
4.0874 -0.9491 -0.0400
4.0672 -0.9407 -0.0400
4.0484 -0.9303 -0.0400
4.0318 -0.9166 -0.0400
4.0190 -0.8964 -0.0400
4.0054 -0.8768 -0.0400
4.0019 -0.8383 -0.0400
3.9996 -0.7952 -0.0400
1.6051 3.5103 -0.0400
1.5228 3.4407 -0.0400
1.4356 3.3884 -0.0400
-0.1696 2.7487 -0.0400
-0.2411 2.6728 -0.0400
-0.3117 2.5966 -0.0400
-0.4982 2.4985 -0.0400
0.7956 0.6253 -0.0400
0.7602 0.5706 -0.0400
0.7079 0.5323 -0.0400
0.6853 0.4668 -0.0400
0.6438 0.4188 -0.0400
0.5846 0.3857 -0.0400
0.4870 0.3825 -0.0400
0.4288 0.3453 -0.0400
-0.2969 -0.4777 -0.0400
-0.2726 -0.5612 -0.0400
-0.3023 -0.6232 -0.0400
-0.4139 -0.6576 -0.0400
-2.1100 -0.1854 -0.0400
2.3021 -1.8238 -0.0400
2.3212 -1.8449 -0.0400
2.3452 -1.8656 -0.0400
2.3594 -1.8848 -0.0400
2.3640 -1.9030 -0.0400
2.3702 -1.9210 -0.0400
2.3714 -1.9387 -0.0400
2.3717 -1.9564 -0.0400
2.3696 -1.9741 -0.0400
2.3668 -1.9919 -0.0400
2.3560 -2.0103 -0.0400
2.3480 -2.0289 -0.0400
2.3196 -2.0497 -0.0400
2.2919 -2.0715 -0.0400
-1.1988 -2.9465 -0.0400
-1.1474 -3.0187 -0.0400
-1.7098 -4.9267 -0.0400
-1.6495 -5.0108 -0.0400
0.5005 -4.3120 -0.0400
0.5775 -4.3320 -0.0400
0.5670 -4.4270 -0.0400
0.3484 -6.0299 -0.0400
0.4175 -6.0860 -0.0400
1.3664 -6.7917 -0.0400
1.4588 -6.8076 -0.0400
1.5361 -6.8617 -0.0400
3.3757 -2.5226 -0.0400
3.3856 -2.5115 -0.0400
3.3951 -2.5006 -0.0400
3.4040 -2.4847 -0.0400
3.4130 -2.4786 -0.0400
3.4214 -2.4678 -0.0400
3.4301 -2.4639 -0.0400
3.4387 -2.4598 -0.0400
3.4468 -2.4530 -0.0400
3.4554 -2.4507 -0.0400
3.4640 -2.4486 -0.0400
3.4725 -2.4464 -0.0400
3.4809 -2.4437 -0.0400
3.4897 -2.4427 -0.0400
3.4987 -2.4424 -0.0400
3.5077 -2.4423 -0.0400
3.5169 -2.4422 -0.0400
3.5258 -2.4409 -0.0400
3.5344 -2.4388 -0.0400
3.5431 -2.4366 -0.0400
3.5521 -2.4351 -0.0400
3.5614 -2.4345 -0.0400
3.5710 -2.4343 -0.0400
3.5809 -2.4345 -0.0400
3.5945 -2.4430 -0.0400
3.6071 -2.4480 -0.0400
3.6215 -2.4561 -0.0400
3.6412 -2.4735 -0.0400
5.4405 -5.7397 -0.0400
5.5125 -5.7136 -0.0400
5.9025 -4.3380 -0.0400
5.9399 -4.2900 -0.0400
7.7068 -1.5954 -0.0400
7.6641 -1.5233 -0.0400
7.7487 -1.4375 -0.0400
6.3137 1.3769 -0.0400
4.4001 -0.7641 -0.0400
4.2649 -0.8863 -0.0400
4.2000 -0.9294 -0.0400
4.1575 -0.9473 -0.0400
4.1280 -0.9498 -0.0400
4.0985 -0.9536 -0.0400
4.0774 -0.9461 -0.0400
4.0585 -0.9358 -0.0400
4.0415 -0.9224 -0.0400
4.0254 -0.9076 -0.0400
4.0158 -0.8812 -0.0400
4.0039 -0.8576 -0.0400
1.7128 3.5399 -0.0400
1.6238 3.4881 -0.0400
1.5266 3.4624 -0.0400
1.4498 3.3799 -0.0400
-0.1604 2.7491 -0.0400
-0.2234 2.6622 -0.0400
-0.4107 2.5660 -0.0400
0.8055 0.6192 -0.0400
0.7465 0.5874 -0.0400
0.7069 0.5365 -0.0400
0.6853 0.4697 -0.0400
0.6427 0.4225 -0.0400
0.5258 0.4375 -0.0400
0.4858 0.3858 -0.0400
0.4162 0.3572 -0.0400
-0.2630 -0.4920 -0.0400
-0.2732 -0.5619 -0.0400
-0.3085 -0.6220 -0.0400
-2.1196 -0.1807 -0.0400
2.2897 -1.8098 -0.0400
2.3120 -1.8320 -0.0400
2.3389 -1.8538 -0.0400
2.3539 -1.8736 -0.0400
2.3643 -1.8925 -0.0400
2.3675 -1.9106 -0.0400
2.3710 -1.9286 -0.0400
2.3714 -1.9463 -0.0400
2.3701 -1.9641 -0.0400
2.3641 -1.9820 -0.0400
2.3594 -2.0001 -0.0400
2.3440 -2.0190 -0.0400
2.3330 -2.0381 -0.0400
2.3168 -2.0581 -0.0400
0.2546 -2.2988 -0.0400
-1.1527 -2.9398 -0.0400
-1.1513 -3.0229 -0.0400
-1.6859 -4.9149 -0.0400
0.5408 -4.2855 -0.0400
0.5821 -4.3348 -0.0400
0.5811 -4.4212 -0.0400
0.2564 -6.0072 -0.0400
0.3514 -6.0295 -0.0400
0.4093 -6.1012 -0.0400
1.3628 -6.8020 -0.0400
1.4575 -6.8124 -0.0400
3.3698 -2.5491 -0.0400
3.3805 -2.5130 -0.0400
3.3900 -2.4933 -0.0400
3.3991 -2.4865 -0.0400
3.4079 -2.4757 -0.0400
3.4165 -2.4701 -0.0400
3.4251 -2.4657 -0.0400
3.4334 -2.4591 -0.0400
3.4418 -2.4553 -0.0400
3.4499 -2.4504 -0.0400
3.4583 -2.4485 -0.0400
3.4667 -2.4465 -0.0400
3.4750 -2.4439 -0.0400
3.4834 -2.4424 -0.0400
3.4920 -2.4416 -0.0400
3.5008 -2.4415 -0.0400
3.5102 -2.4433 -0.0400
3.5190 -2.4423 -0.0400
3.5272 -2.4394 -0.0400
3.5357 -2.4373 -0.0400
3.5441 -2.4352 -0.0400
3.5537 -2.4360 -0.0400
3.5630 -2.4359 -0.0400
3.5726 -2.4361 -0.0400
3.5828 -2.4374 -0.0400
3.5938 -2.4401 -0.0400
3.6057 -2.4443 -0.0400
3.6192 -2.4511 -0.0400
5.3780 -5.7958 -0.0400
5.4329 -5.7384 -0.0400
5.5385 -5.7726 -0.0400
5.9023 -4.3492 -0.0400
7.3639 -5.6060 -0.0400
7.6938 -1.6127 -0.0400
7.6625 -1.5398 -0.0400
7.7514 -1.4537 -0.0400
6.3046 1.3407 -0.0400
4.3288 -0.8677 -0.0400
4.2852 -0.8809 -0.0400
4.2520 -0.8832 -0.0400
4.1803 -0.9372 -0.0400
4.1346 -0.9610 -0.0400
4.1103 -0.9573 -0.0400
4.0890 -0.9500 -0.0400
4.0689 -0.9411 -0.0400
4.0511 -0.9290 -0.0400
4.0350 -0.9140 -0.0400
4.0194 -0.8977 -0.0400
4.0134 -0.8641 -0.0400
4.0046 -0.8335 -0.0400
1.7232 3.5460 -0.0400
1.6307 3.5041 -0.0400
1.5421 3.4522 -0.0400
-0.0877 2.8391 -0.0400
-0.1779 2.7861 -0.0400
-0.2184 2.6686 -0.0400
-0.3228 2.6342 -0.0400
-0.4106 2.5778 -0.0400
0.8307 0.6903 -0.0400
0.8067 0.6228 -0.0400
0.7525 0.5860 -0.0400
0.7009 0.5462 -0.0400
0.6864 0.4725 -0.0400
0.6236 0.4425 -0.0400
0.5256 0.4410 -0.0400
0.4857 0.3889 -0.0400
0.4128 0.3627 -0.0400
-0.2541 -0.4958 -0.0400
-0.2723 -0.5626 -0.0400
-0.3328 -0.6137 -0.0400
-2.0936 -0.0802 -0.0400
-2.1224 -0.1776 -0.0400
2.3152 -1.8198 -0.0400
2.3392 -1.8419 -0.0400
2.3529 -1.8620 -0.0400
2.3625 -1.8812 -0.0400
2.3655 -1.8996 -0.0400
2.3698 -1.9178 -0.0400
2.3712 -1.9358 -0.0400
2.3695 -1.9537 -0.0400
2.3671 -1.9716 -0.0400
2.3598 -1.9896 -0.0400
2.3465 -2.0082 -0.0400
2.3374 -2.0270 -0.0400
2.3058 -2.0478 -0.0400
2.2677 -2.0703 -0.0400
-1.1967 -2.8685 -0.0400
-1.1476 -2.9417 -0.0400
-1.6851 -4.9166 -0.0400
0.5464 -4.2875 -0.0400
0.5562 -4.3632 -0.0400
0.2653 -5.9997 -0.0400
0.3509 -6.0342 -0.0400
0.3930 -6.1277 -0.0400
1.2524 -6.8276 -0.0400
1.3675 -6.7935 -0.0400
1.4528 -6.8267 -0.0400
3.3656 -2.5332 -0.0400
3.3760 -2.5173 -0.0400
3.3858 -2.4991 -0.0400
3.3949 -2.4849 -0.0400
3.4038 -2.4799 -0.0400
3.4124 -2.4701 -0.0400
3.4207 -2.4629 -0.0400
3.4291 -2.4596 -0.0400
3.4371 -2.4535 -0.0400
3.4454 -2.4506 -0.0400
3.4536 -2.4486 -0.0400
3.4618 -2.4460 -0.0400
3.4700 -2.4441 -0.0400
3.4781 -2.4421 -0.0400
3.4865 -2.4413 -0.0400
3.4951 -2.4411 -0.0400
3.5041 -2.4427 -0.0400
3.5128 -2.4426 -0.0400
3.5210 -2.4402 -0.0400
3.5292 -2.4378 -0.0400
3.5376 -2.4363 -0.0400
3.5463 -2.4353 -0.0400
3.5552 -2.4347 -0.0400
3.5643 -2.4346 -0.0400
3.5736 -2.4347 -0.0400
3.5860 -2.4419 -0.0400
3.5974 -2.4457 -0.0400
3.6101 -2.4518 -0.0400
3.6254 -2.4626 -0.0400
5.4271 -5.7394 -0.0400
5.8799 -4.4228 -0.0400
5.8839 -4.3422 -0.0400
5.9532 -4.3242 -0.0400
7.7344 -1.6254 -0.0400
7.6630 -1.5558 -0.0400
7.6784 -1.4784 -0.0400
6.3287 1.3422 -0.0400
4.4305 -0.7676 -0.0400
4.3122 -0.8677 -0.0400
4.2591 -0.8941 -0.0400
4.1833 -0.9534 -0.0400
4.1508 -0.9594 -0.0400
4.1247 -0.9579 -0.0400
4.1013 -0.9531 -0.0400
4.0789 -0.9477 -0.0400
4.0607 -0.9360 -0.0400
4.0442 -0.9215 -0.0400
4.0281 -0.9060 -0.0400
4.0211 -0.8741 -0.0400
4.0120 -0.8441 -0.0400
5.0664 2.5155 -0.0400
4.9801 2.5231 -0.0400
4.9046 2.5606 -0.0400
1.7349 3.5494 -0.0400
1.6408 3.5119 -0.0400
1.5637 3.4253 -0.0400
1.4565 3.4281 -0.0400
-0.0663 2.8247 -0.0400
-0.1649 2.7834 -0.0400
-0.2134 2.6761 -0.0400
-0.4053 2.5843 -0.0400
0.8518 0.6742 -0.0400
0.8056 0.6293 -0.0400
0.7315 0.6117 -0.0400
0.7246 0.5289 -0.0400
0.6889 0.4746 -0.0400
0.6323 0.4392 -0.0400
0.5232 0.4471 -0.0400
0.4595 0.4140 -0.0400
-0.2534 -0.4958 -0.0400
-0.2738 -0.5619 -0.0400
-0.3536 -0.6060 -0.0400
-2.0816 -0.0816 -0.0400
2.2918 -1.8028 -0.0400
2.3262 -1.8275 -0.0400
2.3437 -1.8487 -0.0400
2.3598 -1.8692 -0.0400
2.3664 -1.8881 -0.0400
2.3698 -1.9065 -0.0400
2.3709 -1.9247 -0.0400
2.3701 -1.9426 -0.0400
2.3677 -1.9606 -0.0400
2.3623 -1.9787 -0.0400
2.3524 -1.9970 -0.0400
2.3364 -2.0158 -0.0400
2.3250 -2.0350 -0.0400
2.2821 -2.0569 -0.0400
0.2576 -2.2524 -0.0400
-1.2077 -2.8734 -0.0400
-1.1517 -2.9454 -0.0400
-1.7414 -4.8324 -0.0400
-1.7238 -4.9411 -0.0400
0.4967 -4.2515 -0.0400
0.5511 -4.2904 -0.0400
0.5709 -4.3576 -0.0400
0.5429 -4.4677 -0.0400
0.2673 -6.0013 -0.0400
0.3516 -6.0376 -0.0400
1.2390 -6.8611 -0.0400
1.3730 -6.7837 -0.0400
1.4513 -6.8335 -0.0400
3.3610 -2.5458 -0.0400
3.3725 -2.5135 -0.0400
3.3824 -2.4972 -0.0400
3.3916 -2.4845 -0.0400
3.4004 -2.4756 -0.0400
3.4090 -2.4712 -0.0400
3.4173 -2.4638 -0.0400
3.4255 -2.4582 -0.0400
3.4337 -2.4552 -0.0400
3.4416 -2.4500 -0.0400
3.4496 -2.4474 -0.0400
3.4577 -2.4457 -0.0400
3.4657 -2.4434 -0.0400
3.4737 -2.4416 -0.0400
3.4818 -2.4405 -0.0400
3.4903 -2.4411 -0.0400
3.4987 -2.4409 -0.0400
3.5075 -2.4424 -0.0400
3.5157 -2.4406 -0.0400
3.5237 -2.4382 -0.0400
3.5319 -2.4366 -0.0400
3.5401 -2.4350 -0.0400
3.5487 -2.4344 -0.0400
3.5573 -2.4338 -0.0400
3.5675 -2.4369 -0.0400
3.5773 -2.4386 -0.0400
3.5877 -2.4412 -0.0400
3.5988 -2.4449 -0.0400
3.6111 -2.4507 -0.0400
5.3591 -5.7817 -0.0400
5.4263 -5.7486 -0.0400
5.8811 -4.3494 -0.0400
7.6849 -1.6450 -0.0400
7.6616 -1.5716 -0.0400
7.7147 -1.4902 -0.0400
6.3290 1.3166 -0.0400
4.4335 -0.7840 -0.0400
4.3174 -0.8814 -0.0400
4.2775 -0.8912 -0.0400
4.2481 -0.8893 -0.0400
4.1714 -0.9522 -0.0400
4.1333 -0.9668 -0.0400
4.1107 -0.9610 -0.0400
4.0898 -0.9530 -0.0400
4.0710 -0.9422 -0.0400
4.0533 -0.9295 -0.0400
4.0406 -0.9082 -0.0400
4.0280 -0.8860 -0.0400
4.0174 -0.8591 -0.0400
4.0129 -0.8191 -0.0400
5.0871 2.5240 -0.0400
4.9946 2.5151 -0.0400
4.9193 2.5534 -0.0400
1.7481 3.5500 -0.0400
1.6616 3.4882 -0.0400
1.5758 3.4280 -0.0400
1.4712 3.4232 -0.0400
-0.0642 2.8381 -0.0400
-0.2057 2.6811 -0.0400
-0.3138 2.6507 -0.0400
0.8461 0.6869 -0.0400
0.8105 0.6308 -0.0400
0.7428 0.6066 -0.0400
0.7346 0.5251 -0.0400
0.6818 0.4863 -0.0400
0.5895 0.4816 -0.0400
0.5309 0.4454 -0.0400
0.4721 0.4083 -0.0400
-0.2732 -0.4112 -0.0400
-0.2487 -0.4969 -0.0400
-0.2853 -0.5568 -0.0400
-0.3523 -0.6059 -0.0400
-2.0826 -0.0780 -0.0400
2.3184 -1.8126 -0.0400
2.3418 -1.8354 -0.0400
2.3543 -1.8559 -0.0400
2.3627 -1.8755 -0.0400
2.3680 -1.8944 -0.0400
2.3698 -1.9128 -0.0400
2.3702 -1.9310 -0.0400
2.3671 -1.9491 -0.0400
2.3619 -1.9671 -0.0400
2.3530 -1.9854 -0.0400
2.3397 -2.0040 -0.0400
2.3307 -2.0230 -0.0400
2.3018 -2.0432 -0.0400
0.2816 -2.1995 -0.0400
-1.2291 -2.7961 -0.0400
-1.1864 -2.8717 -0.0400
-1.7518 -4.8401 -0.0400
0.4500 -4.2123 -0.0400
0.5144 -4.2441 -0.0400
0.5425 -4.3040 -0.0400
0.5217 -4.4055 -0.0400
0.2829 -5.9859 -0.0400
0.3052 -6.1037 -0.0400
1.2780 -6.7769 -0.0400
1.3689 -6.7975 -0.0400
1.4214 -6.9118 -0.0400
3.3588 -2.5316 -0.0400
3.3699 -2.5094 -0.0400
3.3798 -2.4951 -0.0400
3.3890 -2.4840 -0.0400
3.3978 -2.4762 -0.0400
3.4064 -2.4684 -0.0400
3.4147 -2.4623 -0.0400
3.4228 -2.4574 -0.0400
3.4308 -2.4525 -0.0400
3.4387 -2.4497 -0.0400
3.4466 -2.4470 -0.0400
3.4545 -2.4448 -0.0400
3.4624 -2.4433 -0.0400
3.4702 -2.4411 -0.0400
3.4782 -2.4405 -0.0400
3.4863 -2.4401 -0.0400
3.4947 -2.4413 -0.0400
3.5030 -2.4411 -0.0400
3.5112 -2.4408 -0.0400
3.5190 -2.4383 -0.0400
3.5269 -2.4365 -0.0400
3.5350 -2.4352 -0.0400
3.5434 -2.4346 -0.0400
3.5518 -2.4339 -0.0400
3.5613 -2.4364 -0.0400
3.5704 -2.4371 -0.0400
3.5801 -2.4390 -0.0400
3.5905 -2.4419 -0.0400
3.6056 -2.4555 -0.0400
3.6202 -2.4661 -0.0400
5.3592 -5.7912 -0.0400
5.4539 -5.8094 -0.0400
5.8459 -4.4080 -0.0400
5.8742 -4.3518 -0.0400
7.3490 -5.6338 -0.0400
6.5429 -3.3652 -0.0400
7.6996 -1.5075 -0.0400
6.3022 1.3686 -0.0400
6.2251 1.3972 -0.0400
4.3990 -0.7662 -0.0400
4.2699 -0.8885 -0.0400
4.2079 -0.9308 -0.0400
4.1644 -0.9517 -0.0400
4.1343 -0.9556 -0.0400
4.1094 -0.9530 -0.0400
4.0871 -0.9472 -0.0400
4.0660 -0.9398 -0.0400
4.0487 -0.9263 -0.0400
4.0326 -0.9105 -0.0400
4.0180 -0.8916 -0.0400
4.0055 -0.8678 -0.0400
5.0231 2.5291 -0.0400
4.9368 2.5361 -0.0400
4.8656 2.5885 -0.0400
4.8070 2.6870 -0.0400
1.5819 3.4638 -0.0400
1.4998 3.3938 -0.0400
-0.1340 2.7801 -0.0400
-0.2063 2.7032 -0.0400
-0.2840 2.6340 -0.0400
-0.4051 2.6177 -0.0400
-0.4774 2.5410 -0.0400
0.8324 0.7116 -0.0400
0.8164 0.6346 -0.0400
0.7632 0.5960 -0.0400
0.7089 0.5580 -0.0400
0.6928 0.4845 -0.0400
0.6494 0.4368 -0.0400
0.5794 0.4117 -0.0400
0.4855 0.4044 -0.0400
-0.2724 -0.4852 -0.0400
-0.2739 -0.5595 -0.0400
-0.3277 -0.6134 -0.0400
2.3095 -1.8178 -0.0400
2.3266 -1.8401 -0.0400
2.3475 -1.8622 -0.0400
2.3597 -1.8825 -0.0400
2.3674 -1.9019 -0.0400
2.3706 -1.9206 -0.0400
2.3715 -1.9390 -0.0400
2.3704 -1.9572 -0.0400
2.3665 -1.9755 -0.0400
2.3611 -1.9938 -0.0400
2.3466 -2.0124 -0.0400
2.3313 -2.0316 -0.0400
2.3059 -2.0518 -0.0400
0.2801 -2.2045 -0.0400
0.2772 -2.2599 -0.0400
-1.2025 -2.8776 -0.0400
-1.1434 -2.9493 -0.0400
-1.7582 -4.8460 -0.0400
-1.6834 -4.9222 -0.0400
0.4803 -4.2794 -0.0400
0.5573 -4.3009 -0.0400
0.5928 -4.3549 -0.0400
0.2518 -6.0318 -0.0400
0.3564 -6.0423 -0.0400
0.4005 -6.1324 -0.0400
1.3702 -6.8009 -0.0400
1.4577 -6.8281 -0.0400
3.3668 -2.5486 -0.0400
3.3789 -2.5138 -0.0400
3.3888 -2.4978 -0.0400
3.3980 -2.4862 -0.0400
3.4067 -2.4749 -0.0400
3.4150 -2.4680 -0.0400
3.4232 -2.4633 -0.0400
3.4312 -2.4588 -0.0400
3.4390 -2.4543 -0.0400
3.4467 -2.4503 -0.0400
3.4545 -2.4479 -0.0400
3.4622 -2.4458 -0.0400
3.4699 -2.4437 -0.0400
3.4776 -2.4421 -0.0400
3.4853 -2.4410 -0.0400
3.4933 -2.4411 -0.0400
3.5013 -2.4407 -0.0400
3.5095 -2.4415 -0.0400
3.5176 -2.4413 -0.0400
3.5252 -2.4389 -0.0400
3.5330 -2.4372 -0.0400
3.5407 -2.4353 -0.0400
3.5486 -2.4339 -0.0400
3.5572 -2.4347 -0.0400
3.5656 -2.4343 -0.0400
3.5752 -2.4370 -0.0400
3.5845 -2.4385 -0.0400
3.5943 -2.4406 -0.0400
3.6079 -2.4513 -0.0400
3.6204 -2.4583 -0.0400
3.6366 -2.4721 -0.0400
5.3588 -5.8008 -0.0400
5.4137 -5.7450 -0.0400
5.5109 -5.7669 -0.0400
5.9279 -4.3310 -0.0400
6.5616 -3.3220 -0.0400
6.5713 -3.2615 -0.0400
6.8024 -3.2857 -0.0400
6.8473 -3.2345 -0.0400
4.3125 -0.8881 -0.0400
4.2762 -0.8943 -0.0400
4.2120 -0.9394 -0.0400
4.1592 -0.9732 -0.0400
4.1344 -0.9701 -0.0400
4.1125 -0.9633 -0.0400
4.0922 -0.9544 -0.0400
4.0736 -0.9430 -0.0400
4.0569 -0.9285 -0.0400
4.0467 -0.9023 -0.0400
4.0361 -0.8754 -0.0400
4.0308 -0.8369 -0.0400
5.1117 2.4934 -0.0400
5.0268 2.5058 -0.0400
4.9501 2.5405 -0.0400
-0.0414 2.8421 -0.0400
-0.3000 2.6651 -0.0400
0.8566 0.6920 -0.0400
0.7818 0.6751 -0.0400
0.7730 0.5916 -0.0400
0.7388 0.5346 -0.0400
0.6820 0.4990 -0.0400
0.5711 0.5103 -0.0400
0.5333 0.4551 -0.0400
0.4566 0.4323 -0.0400
-0.2405 -0.4214 -0.0400
-0.2499 -0.4930 -0.0400
-0.3322 -0.5354 -0.0400
-2.0994 0.0453 -0.0400
-2.0878 -0.0680 -0.0400
2.3282 -1.8043 -0.0400
2.3399 -1.8259 -0.0400
2.3560 -1.8476 -0.0400
2.3656 -1.8678 -0.0400
2.3673 -1.8867 -0.0400
2.3694 -1.9055 -0.0400
2.3692 -1.9240 -0.0400
2.3654 -1.9423 -0.0400
2.3596 -1.9606 -0.0400
2.3502 -1.9789 -0.0400
2.3374 -1.9976 -0.0400
2.3189 -2.0168 -0.0400
2.2902 -2.0369 -0.0400
0.2787 -2.1516 -0.0400
0.2543 -2.2083 -0.0400
-1.2051 -2.7957 -0.0400
-1.1659 -2.8718 -0.0400
-1.7979 -4.7511 -0.0400
-1.7325 -4.8329 -0.0400
0.3789 -4.1962 -0.0400
0.4784 -4.2037 -0.0400
0.5167 -4.2553 -0.0400
0.5047 -4.3475 -0.0400
0.2165 -5.9362 -0.0400
0.2745 -6.0061 -0.0400
1.1735 -6.7935 -0.0400
1.2894 -6.7612 -0.0400
1.3363 -6.8837 -0.0400
3.3553 -2.5259 -0.0400
3.3671 -2.5015 -0.0400
3.3774 -2.4850 -0.0400
3.3862 -2.4808 -0.0400
3.3950 -2.4725 -0.0400
3.4035 -2.4647 -0.0400
3.4117 -2.4597 -0.0400
3.4197 -2.4554 -0.0400
3.4275 -2.4493 -0.0400
3.4352 -2.4467 -0.0400
3.4429 -2.4447 -0.0400
3.4505 -2.4430 -0.0400
3.4581 -2.4412 -0.0400
3.4656 -2.4394 -0.0400
3.4733 -2.4389 -0.0400
3.4811 -2.4391 -0.0400
3.4890 -2.4398 -0.0400
3.4968 -2.4395 -0.0400
3.5048 -2.4403 -0.0400
3.5123 -2.4377 -0.0400
3.5199 -2.4361 -0.0400
3.5275 -2.4346 -0.0400
3.5355 -2.4345 -0.0400
3.5434 -2.4339 -0.0400
3.5521 -2.4354 -0.0400
3.5604 -2.4353 -0.0400
3.5690 -2.4360 -0.0400
3.5798 -2.4422 -0.0400
3.5896 -2.4448 -0.0400
3.6039 -2.4582 -0.0400
3.6174 -2.4681 -0.0400
5.2866 -5.8277 -0.0400
5.3437 -5.7758 -0.0400
5.4389 -5.7970 -0.0400
5.8306 -4.4082 -0.0400
5.8669 -4.3604 -0.0400
7.3484 -5.6573 -0.0400
6.5112 -3.3715 -0.0400
6.5450 -3.3216 -0.0400
6.7761 -3.3503 -0.0400
6.8281 -3.3024 -0.0400
4.1806 -0.9649 -0.0400
4.1512 -0.9678 -0.0400
4.1264 -0.9649 -0.0400
4.1029 -0.9609 -0.0400
4.0844 -0.9493 -0.0400
4.0681 -0.9339 -0.0400
4.0525 -0.9171 -0.0400
4.0396 -0.8946 -0.0400
4.0295 -0.8660 -0.0400
5.2315 2.5205 -0.0400
5.1283 2.4887 -0.0400
5.0432 2.5007 -0.0400
4.9670 2.5373 -0.0400
3.9833 2.7432 -0.0400
0.0481 2.9160 -0.0400
-0.0981 2.7620 -0.0400
-0.2072 2.7337 -0.0400
-0.2949 2.6759 -0.0400
0.8950 0.7562 -0.0400
0.8672 0.6901 -0.0400
0.8087 0.6567 -0.0400
0.7635 0.6094 -0.0400
0.7408 0.5408 -0.0400
0.6586 0.5281 -0.0400
0.5804 0.5095 -0.0400
0.5235 0.4706 -0.0400
-0.2390 -0.4193 -0.0400
-0.2624 -0.4853 -0.0400
-0.3582 -0.5228 -0.0400
-2.0807 0.0435 -0.0400
2.2750 -1.7776 -0.0400
2.3353 -1.8096 -0.0400
2.3449 -1.8309 -0.0400
2.3600 -1.8526 -0.0400
2.3681 -1.8727 -0.0400
2.3685 -1.8916 -0.0400
2.3693 -1.9104 -0.0400
2.3663 -1.9288 -0.0400
2.3629 -1.9473 -0.0400
2.3548 -1.9656 -0.0400
2.3425 -1.9841 -0.0400
2.3249 -2.0030 -0.0400
2.2961 -2.0226 -0.0400
0.2548 -2.0999 -0.0400
0.2779 -2.1544 -0.0400
0.2442 -2.2119 -0.0400
-1.2423 -2.7195 -0.0400
-1.1782 -2.7925 -0.0400
-1.1618 -2.8726 -0.0400
-1.7812 -4.7436 -0.0400
-1.7397 -4.8383 -0.0400
0.4800 -4.2087 -0.0400
0.5214 -4.2580 -0.0400
0.2134 -5.9448 -0.0400
0.2838 -5.9992 -0.0400
1.1789 -6.7873 -0.0400
1.2883 -6.7694 -0.0400
3.3541 -2.5259 -0.0400
3.3668 -2.4982 -0.0400
3.3772 -2.4816 -0.0400
3.3859 -2.4771 -0.0400
3.3948 -2.4679 -0.0400
3.4033 -2.4607 -0.0400
3.4113 -2.4558 -0.0400
3.4192 -2.4536 -0.0400
3.4270 -2.4490 -0.0400
3.4346 -2.4459 -0.0400
3.4421 -2.4439 -0.0400
3.4496 -2.4421 -0.0400
3.4571 -2.4397 -0.0400
3.4645 -2.4384 -0.0400
3.4720 -2.4382 -0.0400
3.4796 -2.4383 -0.0400
3.4873 -2.4388 -0.0400
3.4950 -2.4393 -0.0400
3.5028 -2.4396 -0.0400
3.5101 -2.4372 -0.0400
3.5176 -2.4357 -0.0400
3.5250 -2.4341 -0.0400
3.5327 -2.4335 -0.0400
3.5407 -2.4340 -0.0400
3.5485 -2.4335 -0.0400
3.5571 -2.4351 -0.0400
3.5665 -2.4390 -0.0400
3.5753 -2.4404 -0.0400
3.5866 -2.4482 -0.0400
3.5968 -2.4521 -0.0400
3.6081 -2.4580 -0.0400
5.2789 -5.8174 -0.0400
5.3415 -5.7771 -0.0400
5.8137 -4.4829 -0.0400
5.8182 -4.4023 -0.0400
7.2565 -5.7098 -0.0400
6.5049 -3.4429 -0.0400
6.5082 -3.3794 -0.0400
6.5397 -3.3287 -0.0400
6.7722 -3.3587 -0.0400
7.9923 -3.4009 -0.0400
8.0295 -3.3247 -0.0400
4.1151 -0.9650 -0.0400
4.0951 -0.9557 -0.0400
4.0765 -0.9441 -0.0400
4.0638 -0.9223 -0.0400
4.0516 -0.8987 -0.0400
4.0423 -0.8685 -0.0400
5.2619 2.5492 -0.0400
5.1473 2.4897 -0.0400
5.0599 2.4961 -0.0400
4.9966 2.5707 -0.0400
4.0940 2.8142 -0.0400
4.0001 2.7470 -0.0400
3.9148 2.7381 -0.0400
3.8338 2.7729 -0.0400
0.0523 2.9311 -0.0400
-0.0337 2.8711 -0.0400
-0.0944 2.7766 -0.0400
0.8689 0.6984 -0.0400
0.7932 0.6822 -0.0400
0.7840 0.5985 -0.0400
0.7447 0.5458 -0.0400
0.6816 0.5155 -0.0400
0.5803 0.5179 -0.0400
0.5371 0.4668 -0.0400
-0.2139 -0.3503 -0.0400
-0.2228 -0.4230 -0.0400
-0.2614 -0.4826 -0.0400
-0.3610 -0.5186 -0.0400
-2.0802 0.0491 -0.0400
2.3154 -1.7891 -0.0400
2.3484 -1.8156 -0.0400
2.3555 -1.8364 -0.0400
2.3607 -1.8566 -0.0400
2.3680 -1.8768 -0.0400
2.3683 -1.8958 -0.0400
2.3683 -1.9147 -0.0400
2.3631 -1.9331 -0.0400
2.3587 -1.9517 -0.0400
2.3471 -1.9701 -0.0400
2.3292 -1.9887 -0.0400
2.3165 -2.0080 -0.0400
2.2756 -2.0280 -0.0400
0.2660 -2.1018 -0.0400
0.2711 -2.1571 -0.0400
-1.2206 -2.7171 -0.0400
-1.1728 -2.7926 -0.0400
-1.7709 -4.7394 -0.0400
0.3913 -4.1990 -0.0400
0.4858 -4.2104 -0.0400
0.4922 -4.2867 -0.0400
0.4384 -4.4130 -0.0400
0.1355 -5.9040 -0.0400
0.2212 -5.9402 -0.0400
0.1906 -6.1219 -0.0400
1.0844 -6.7758 -0.0400
1.2100 -6.7274 -0.0400
1.2900 -6.7717 -0.0400
3.3555 -2.5133 -0.0400
3.3679 -2.4894 -0.0400
3.3773 -2.4816 -0.0400
3.3867 -2.4709 -0.0400
3.3952 -2.4662 -0.0400
3.4036 -2.4589 -0.0400
3.4117 -2.4534 -0.0400
3.4194 -2.4510 -0.0400
3.4271 -2.4464 -0.0400
3.4346 -2.4440 -0.0400
3.4421 -2.4421 -0.0400
3.4495 -2.4411 -0.0400
3.4568 -2.4392 -0.0400
3.4641 -2.4379 -0.0400
3.4715 -2.4375 -0.0400
3.4789 -2.4377 -0.0400
3.4865 -2.4386 -0.0400
3.4940 -2.4390 -0.0400
3.5015 -2.4385 -0.0400
3.5087 -2.4365 -0.0400
3.5160 -2.4350 -0.0400
3.5233 -2.4336 -0.0400
3.5309 -2.4333 -0.0400
3.5386 -2.4336 -0.0400
3.5467 -2.4346 -0.0400
3.5544 -2.4342 -0.0400
3.5631 -2.4369 -0.0400
3.5726 -2.4414 -0.0400
3.5815 -2.4432 -0.0400
3.5928 -2.4515 -0.0400
3.6072 -2.4666 -0.0400
3.6220 -2.4807 -0.0400
5.2722 -5.8078 -0.0400
5.3436 -5.7858 -0.0400
5.8174 -4.4072 -0.0400
5.8639 -4.3700 -0.0400
6.5063 -3.4522 -0.0400
6.5065 -3.3873 -0.0400
6.5315 -3.3340 -0.0400
6.7935 -3.3766 -0.0400
7.9957 -3.5014 -0.0400
7.9891 -3.4117 -0.0400
8.0370 -3.3387 -0.0400
4.0712 -0.9347 -0.0400
4.0557 -0.9171 -0.0400
4.0435 -0.8929 -0.0400
5.1566 2.4648 -0.0400
5.0772 2.4926 -0.0400
5.0088 2.5523 -0.0400
4.0148 2.7304 -0.0400
3.9309 2.7339 -0.0400
3.8554 2.8345 -0.0400
-0.0201 2.8733 -0.0400
-0.0805 2.7782 -0.0400
0.9154 0.7560 -0.0400
0.8765 0.7014 -0.0400
0.8075 0.6783 -0.0400
0.7799 0.6126 -0.0400
0.7413 0.5587 -0.0400
0.6453 0.5583 -0.0400
0.5878 0.5202 -0.0400
0.5232 0.4875 -0.0400
-0.2239 -0.3414 -0.0400
-0.2237 -0.4186 -0.0400
-0.2571 -0.4806 -0.0400
-2.0538 0.1562 -0.0400
2.3053 -1.7690 -0.0400
2.3309 -1.7951 -0.0400
2.3441 -1.8178 -0.0400
2.3617 -1.8407 -0.0400
2.3656 -1.8607 -0.0400
2.3695 -1.8805 -0.0400
2.3687 -1.8995 -0.0400
2.3667 -1.9184 -0.0400
2.3604 -1.9369 -0.0400
2.3546 -1.9556 -0.0400
2.3399 -1.9741 -0.0400
2.3163 -1.9928 -0.0400
2.2984 -2.0124 -0.0400
0.2734 -2.1034 -0.0400
0.2677 -2.1592 -0.0400
-1.2181 -2.7172 -0.0400
-1.1724 -2.7932 -0.0400
-1.8207 -4.6501 -0.0400
-1.7754 -4.7426 -0.0400
0.4509 -4.1620 -0.0400
0.4873 -4.2152 -0.0400
0.4884 -4.2956 -0.0400
0.1172 -5.9300 -0.0400
0.2255 -5.9398 -0.0400
1.2105 -6.7326 -0.0400
1.2933 -6.7707 -0.0400
3.3586 -2.4969 -0.0400
3.3691 -2.4852 -0.0400
3.3793 -2.4719 -0.0400
3.3879 -2.4668 -0.0400
3.3964 -2.4618 -0.0400
3.4047 -2.4554 -0.0400
3.4125 -2.4527 -0.0400
3.4204 -2.4470 -0.0400
3.4279 -2.4454 -0.0400
3.4353 -2.4429 -0.0400
3.4427 -2.4408 -0.0400
3.4499 -2.4398 -0.0400
3.4572 -2.4378 -0.0400
3.4644 -2.4374 -0.0400
3.4717 -2.4376 -0.0400
3.4790 -2.4376 -0.0400
3.4863 -2.4381 -0.0400
3.4937 -2.4386 -0.0400
3.5010 -2.4376 -0.0400
3.5081 -2.4357 -0.0400
3.5152 -2.4342 -0.0400
3.5224 -2.4330 -0.0400
3.5298 -2.4330 -0.0400
3.5374 -2.4331 -0.0400
3.5451 -2.4337 -0.0400
3.5530 -2.4347 -0.0400
3.5615 -2.4374 -0.0400
3.5705 -2.4413 -0.0400
3.5802 -2.4468 -0.0400
3.5893 -2.4493 -0.0400
3.6014 -2.4597 -0.0400
3.6196 -2.4848 -0.0400
5.2708 -5.8082 -0.0400
5.3636 -5.8289 -0.0400
5.7786 -4.4567 -0.0400
5.8130 -4.4077 -0.0400
7.2531 -5.7255 -0.0400
6.4848 -3.4500 -0.0400
6.5008 -3.3928 -0.0400
6.5571 -3.3531 -0.0400
6.7795 -3.3796 -0.0400
8.0018 -3.5146 -0.0400
7.9863 -3.4220 -0.0400
8.0347 -3.3494 -0.0400
6.3922 1.2573 -0.0400
6.3378 1.3124 -0.0400
4.4761 -0.7916 -0.0400
4.0467 -0.8651 -0.0400
5.2805 2.4998 -0.0400
5.1767 2.4678 -0.0400
5.0929 2.4840 -0.0400
5.0203 2.5313 -0.0400
4.0344 2.7530 -0.0400
3.9480 2.7376 -0.0400
3.8676 2.7815 -0.0400
0.0109 2.8518 -0.0400
-0.0692 2.7841 -0.0400
0.9140 0.7699 -0.0400
0.8715 0.7185 -0.0400
0.8215 0.6753 -0.0400
0.7978 0.6057 -0.0400
0.7509 0.5600 -0.0400
0.6792 0.5370 -0.0400
0.5908 0.5273 -0.0400
-0.2174 -0.2610 -0.0400
-0.1985 -0.3482 -0.0400
-0.2240 -0.4139 -0.0400
-0.2871 -0.4636 -0.0400
-2.0529 0.0522 -0.0400
2.3173 -1.7738 -0.0400
2.3379 -1.7989 -0.0400
2.3491 -1.8213 -0.0400
2.3650 -1.8440 -0.0400
2.3672 -1.8638 -0.0400
2.3677 -1.8833 -0.0400
2.3675 -1.9026 -0.0400
2.3635 -1.9215 -0.0400
2.3539 -1.9399 -0.0400
2.3462 -1.9588 -0.0400
2.3360 -1.9777 -0.0400
2.3076 -1.9965 -0.0400
2.2837 -2.0163 -0.0400
0.2393 -2.0493 -0.0400
0.2699 -2.1048 -0.0400
0.2472 -2.1615 -0.0400
-1.2121 -2.7163 -0.0400
-1.1836 -2.7953 -0.0400
-1.8212 -4.6508 -0.0400
-1.8648 -4.7895 -0.0400
0.4030 -4.1221 -0.0400
0.4564 -4.1636 -0.0400
0.4857 -4.2220 -0.0400
0.4721 -4.3138 -0.0400
0.1582 -5.8866 -0.0400
0.2172 -5.9545 -0.0400
1.1276 -6.7005 -0.0400
1.2148 -6.7300 -0.0400
1.2591 -6.8524 -0.0400
3.3470 -2.5146 -0.0400
3.3621 -2.4837 -0.0400
3.3716 -2.4765 -0.0400
3.3807 -2.4706 -0.0400
3.3894 -2.4650 -0.0400
3.3983 -2.4562 -0.0400
3.4062 -2.4533 -0.0400
3.4143 -2.4469 -0.0400
3.4218 -2.4449 -0.0400
3.4292 -2.4436 -0.0400
3.4366 -2.4412 -0.0400
3.4438 -2.4401 -0.0400
3.4510 -2.4379 -0.0400
3.4582 -2.4371 -0.0400
3.4653 -2.4369 -0.0400
3.4725 -2.4375 -0.0400
3.4796 -2.4377 -0.0400
3.4869 -2.4383 -0.0400
3.4941 -2.4384 -0.0400
3.5011 -2.4362 -0.0400
3.5081 -2.4350 -0.0400
3.5152 -2.4336 -0.0400
3.5222 -2.4325 -0.0400
3.5295 -2.4326 -0.0400
3.5368 -2.4326 -0.0400
3.5446 -2.4343 -0.0400
3.5523 -2.4353 -0.0400
3.5605 -2.4378 -0.0400
3.5691 -2.4410 -0.0400
3.5782 -2.4453 -0.0400
3.5881 -2.4516 -0.0400
3.5996 -2.4615 -0.0400
3.6153 -2.4816 -0.0400
5.2690 -5.8063 -0.0400
5.7836 -4.4659 -0.0400
5.8085 -4.4072 -0.0400
6.4926 -3.4610 -0.0400
6.4963 -3.3982 -0.0400
6.5342 -3.3509 -0.0400
6.8234 -3.4056 -0.0400
7.9848 -3.4321 -0.0400
6.4147 1.2565 -0.0400
6.3455 1.2949 -0.0400
6.3054 1.3671 -0.0400
4.3718 -0.8965 -0.0400
4.3287 -0.9103 -0.0400
4.2955 -0.9131 -0.0400
5.1893 2.4509 -0.0400
5.1120 2.4845 -0.0400
5.0480 2.5572 -0.0400
4.0510 2.7482 -0.0400
3.9653 2.7400 -0.0400
3.8861 2.7980 -0.0400
0.0298 2.8482 -0.0400
-0.0647 2.8004 -0.0400
0.9364 0.7584 -0.0400
0.8814 0.7206 -0.0400
0.8175 0.6917 -0.0400
0.8007 0.6145 -0.0400
0.7425 0.5793 -0.0400
0.6375 0.5866 -0.0400
0.5954 0.5338 -0.0400
0.5155 0.5138 -0.0400
-0.2076 -0.3385 -0.0400
-0.2206 -0.4101 -0.0400
-2.0132 0.1551 -0.0400
2.3211 -1.7762 -0.0400
2.3402 -1.8011 -0.0400
2.3618 -1.8257 -0.0400
2.3661 -1.8463 -0.0400
2.3674 -1.8662 -0.0400
2.3674 -1.8858 -0.0400
2.3651 -1.9050 -0.0400
2.3604 -1.9240 -0.0400
2.3541 -1.9429 -0.0400
2.3368 -1.9613 -0.0400
2.3236 -1.9805 -0.0400
2.2788 -1.9991 -0.0400
0.2372 -2.0499 -0.0400
0.2667 -2.1057 -0.0400
0.2292 -2.1632 -0.0400
-1.2458 -2.6369 -0.0400
-1.2118 -2.7159 -0.0400
-1.1944 -2.7968 -0.0400
-1.8117 -4.6461 -0.0400
0.3853 -4.1392 -0.0400
0.4584 -4.1673 -0.0400
0.4750 -4.2352 -0.0400
0.1587 -5.8904 -0.0400
1.1235 -6.7151 -0.0400
1.2177 -6.7305 -0.0400
3.3503 -2.5040 -0.0400
3.3650 -2.4767 -0.0400
3.3744 -2.4703 -0.0400
3.3835 -2.4642 -0.0400
3.3921 -2.4591 -0.0400
3.4008 -2.4516 -0.0400
3.4086 -2.4486 -0.0400
3.4163 -2.4456 -0.0400
3.4237 -2.4439 -0.0400
3.4312 -2.4411 -0.0400
3.4384 -2.4400 -0.0400
3.4456 -2.4376 -0.0400
3.4527 -2.4367 -0.0400
3.4597 -2.4366 -0.0400
3.4667 -2.4368 -0.0400
3.4738 -2.4371 -0.0400
3.4808 -2.4379 -0.0400
3.4879 -2.4381 -0.0400
3.4949 -2.4369 -0.0400
3.5018 -2.4352 -0.0400
3.5088 -2.4341 -0.0400
3.5157 -2.4327 -0.0400
3.5228 -2.4328 -0.0400
3.5300 -2.4331 -0.0400
3.5371 -2.4329 -0.0400
3.5446 -2.4338 -0.0400
3.5522 -2.4353 -0.0400
3.5602 -2.4380 -0.0400
3.5686 -2.4412 -0.0400
3.5782 -2.4485 -0.0400
3.5878 -2.4544 -0.0400
3.5986 -2.4632 -0.0400
3.6123 -2.4792 -0.0400
5.2098 -5.8536 -0.0400
5.2702 -5.8096 -0.0400
5.7639 -4.4483 -0.0400
5.8293 -4.4315 -0.0400
6.4746 -3.5242 -0.0400
6.4732 -3.4584 -0.0400
6.4966 -3.4051 -0.0400
6.7319 -3.4430 -0.0400
6.7870 -3.3983 -0.0400
7.9621 -3.5220 -0.0400
7.9857 -3.4425 -0.0400
6.4172 1.2337 -0.0400
6.3633 1.2892 -0.0400
6.3574 1.4021 -0.0400
4.4625 -0.8052 -0.0400
4.3575 -0.8942 -0.0400
4.3172 -0.9054 -0.0400
4.2407 -0.9683 -0.0400
4.2033 -0.9814 -0.0400
4.1746 -0.9836 -0.0400
5.2104 2.4559 -0.0400
5.1266 2.4724 -0.0400
5.0549 2.5224 -0.0400
4.0651 2.7217 -0.0400
3.9825 2.7384 -0.0400
3.9035 2.8000 -0.0400
0.9732 0.8310 -0.0400
0.9431 0.7649 -0.0400
0.8891 0.7259 -0.0400
0.8199 0.7022 -0.0400
0.8122 0.6155 -0.0400
0.7542 0.5801 -0.0400
0.6468 0.5898 -0.0400
0.6019 0.5393 -0.0400
-0.1961 -0.2590 -0.0400
-0.1923 -0.3394 -0.0400
-0.2265 -0.4016 -0.0400
-0.3140 -0.4415 -0.0400
-2.0450 0.1762 -0.0400
2.3437 -1.7824 -0.0400
2.3546 -1.8054 -0.0400
2.3617 -1.8271 -0.0400
2.3658 -1.8479 -0.0400
2.3670 -1.8679 -0.0400
2.3674 -1.8878 -0.0400
2.3630 -1.9069 -0.0400
2.3576 -1.9260 -0.0400
2.3496 -1.9450 -0.0400
2.3284 -1.9634 -0.0400
2.3113 -1.9826 -0.0400
2.2861 -2.0022 -0.0400
0.2626 -2.0500 -0.0400
0.2381 -2.1067 -0.0400
-1.2371 -2.6347 -0.0400
-1.1952 -2.7126 -0.0400
-1.8086 -4.6444 -0.0400
0.3430 -4.0934 -0.0400
0.4177 -4.1218 -0.0400
0.4503 -4.1779 -0.0400
0.4371 -4.2680 -0.0400
0.0933 -5.8344 -0.0400
0.1603 -5.8928 -0.0400
1.0155 -6.7301 -0.0400
1.1380 -6.6924 -0.0400
1.2135 -6.7458 -0.0400
3.3340 -2.5360 -0.0400
3.3581 -2.4792 -0.0400
3.3680 -2.4721 -0.0400
3.3775 -2.4654 -0.0400
3.3865 -2.4591 -0.0400
3.3948 -2.4556 -0.0400
3.4037 -2.4478 -0.0400
3.4114 -2.4447 -0.0400
3.4189 -2.4429 -0.0400
3.4262 -2.4417 -0.0400
3.4336 -2.4389 -0.0400
3.4407 -2.4378 -0.0400
3.4478 -2.4368 -0.0400
3.4548 -2.4363 -0.0400
3.4617 -2.4362 -0.0400
3.4686 -2.4367 -0.0400
3.4756 -2.4375 -0.0400
3.4825 -2.4379 -0.0400
3.4895 -2.4382 -0.0400
3.4964 -2.4355 -0.0400
3.5032 -2.4345 -0.0400
3.5100 -2.4330 -0.0400
3.5169 -2.4322 -0.0400
3.5239 -2.4327 -0.0400
3.5310 -2.4333 -0.0400
3.5381 -2.4334 -0.0400
3.5454 -2.4347 -0.0400
3.5532 -2.4378 -0.0400
3.5613 -2.4415 -0.0400
3.5691 -2.4429 -0.0400
3.5779 -2.4481 -0.0400
3.5874 -2.4548 -0.0400
3.5980 -2.4642 -0.0400
3.6111 -2.4799 -0.0400
5.2002 -5.8319 -0.0400
5.2839 -5.8379 -0.0400
5.7340 -4.5040 -0.0400
5.7620 -4.4486 -0.0400
5.8286 -4.4333 -0.0400
6.4824 -3.4688 -0.0400
6.4897 -3.4081 -0.0400
6.7416 -3.4539 -0.0400
7.9788 -3.5369 -0.0400
7.9766 -3.4491 -0.0400
6.5494 1.2371 -0.0400
6.4347 1.2277 -0.0400
6.3715 1.2727 -0.0400
6.3357 1.3497 -0.0400
4.4659 -0.8214 -0.0400
4.3632 -0.9075 -0.0400
4.3247 -0.9166 -0.0400
4.2942 -0.9165 -0.0400
4.2304 -0.9647 -0.0400
4.1944 -0.9767 -0.0400
4.1607 -0.9872 -0.0400
4.1392 -0.9800 -0.0400
4.1193 -0.9706 -0.0400
4.2511 2.7469 -0.0400
4.1606 2.7139 -0.0400
4.0773 2.7251 -0.0400
3.9984 2.7783 -0.0400
1.0330 0.8741 -0.0400
0.9959 0.8152 -0.0400
0.9387 0.7797 -0.0400
0.9022 0.7214 -0.0400
0.8616 0.6682 -0.0400
0.8034 0.6331 -0.0400
0.7067 0.6345 -0.0400
0.6350 0.6091 -0.0400
-0.1630 -0.2704 -0.0400
-0.2214 -0.3215 -0.0400
-1.9732 0.2650 -0.0400
2.3192 -1.7340 -0.0400
2.3416 -1.7612 -0.0400
2.3533 -1.7849 -0.0400
2.3606 -1.8071 -0.0400
2.3693 -1.8292 -0.0400
2.3684 -1.8491 -0.0400
2.3656 -1.8686 -0.0400
2.3606 -1.8878 -0.0400
2.3541 -1.9070 -0.0400
2.3355 -1.9250 -0.0400
2.3204 -1.9439 -0.0400
2.2989 -1.9628 -0.0400
2.2632 -1.9817 -0.0400
0.2379 -1.9364 -0.0400
0.2639 -1.9935 -0.0400
0.2531 -2.0498 -0.0400
-1.2511 -2.5516 -0.0400
-1.2089 -2.6303 -0.0400
-1.8989 -4.4585 -0.0400
-1.8964 -4.5714 -0.0400
0.3232 -4.0312 -0.0400
0.3898 -4.0655 -0.0400
0.4137 -4.1274 -0.0400
0.3423 -4.2573 -0.0400
0.0313 -5.7729 -0.0400
0.0944 -5.8357 -0.0400
1.0562 -6.6565 -0.0400
3.3227 -2.5056 -0.0400
3.3380 -2.4857 -0.0400
3.3505 -2.4724 -0.0400
3.3606 -2.4653 -0.0400
3.3703 -2.4584 -0.0400
3.3793 -2.4535 -0.0400
3.3887 -2.4451 -0.0400
3.3967 -2.4420 -0.0400
3.4044 -2.4399 -0.0400
3.4118 -2.4387 -0.0400
3.4190 -2.4377 -0.0400
3.4265 -2.4348 -0.0400
3.4335 -2.4338 -0.0400
3.4405 -2.4337 -0.0400
3.4473 -2.4338 -0.0400
3.4542 -2.4345 -0.0400
3.4610 -2.4352 -0.0400
3.4679 -2.4358 -0.0400
3.4747 -2.4364 -0.0400
3.4816 -2.4341 -0.0400
3.4884 -2.4333 -0.0400
3.4952 -2.4319 -0.0400
3.5020 -2.4313 -0.0400
3.5088 -2.4314 -0.0400
3.5157 -2.4320 -0.0400
3.5226 -2.4324 -0.0400
3.5298 -2.4340 -0.0400
3.5369 -2.4348 -0.0400
3.5445 -2.4385 -0.0400
3.5525 -2.4434 -0.0400
3.5602 -2.4454 -0.0400
3.5690 -2.4522 -0.0400
3.5789 -2.4617 -0.0400
3.5905 -2.4769 -0.0400
3.6022 -2.4898 -0.0400
5.0806 -5.9226 -0.0400
5.1318 -5.8560 -0.0400
5.2239 -5.8831 -0.0400
5.6786 -4.5306 -0.0400
5.7171 -4.4866 -0.0400
7.0892 -5.8487 -0.0400
6.4336 -3.5783 -0.0400
6.4364 -3.5147 -0.0400
6.4667 -3.4651 -0.0400
6.7003 -3.5076 -0.0400
6.7654 -3.4684 -0.0400
7.9207 -3.6103 -0.0400
7.9655 -3.5383 -0.0400
7.7682 -1.9215 -0.0400
6.5040 1.1724 -0.0400
6.4487 1.2264 -0.0400
4.5137 -0.8206 -0.0400
4.4665 -0.8342 -0.0400
4.3639 -0.9202 -0.0400
4.3182 -0.9389 -0.0400
4.2525 -0.9876 -0.0400
4.2182 -0.9964 -0.0400
4.1908 -0.9968 -0.0400
4.1670 -0.9928 -0.0400
4.1458 -0.9851 -0.0400
4.1267 -0.9745 -0.0400
4.1109 -0.9581 -0.0400
4.0960 -0.9398 -0.0400
4.2785 2.8046 -0.0400
4.1794 2.7207 -0.0400
4.0979 2.7484 -0.0400
2.1776 3.7160 -0.0400
0.9122 0.7255 -0.0400
0.8683 0.6755 -0.0400
0.8086 0.6417 -0.0400
0.7025 0.6520 -0.0400
0.6419 0.6158 -0.0400
-0.1550 -0.1872 -0.0400
-0.1608 -0.2641 -0.0400
-0.2019 -0.3233 -0.0400
2.3409 -1.7394 -0.0400
2.3538 -1.7641 -0.0400
2.3620 -1.7870 -0.0400
2.3666 -1.8087 -0.0400
2.3677 -1.8293 -0.0400
2.3671 -1.8495 -0.0400
2.3645 -1.8693 -0.0400
2.3553 -1.8881 -0.0400
2.3457 -1.9071 -0.0400
2.3330 -1.9261 -0.0400
2.3164 -1.9451 -0.0400
2.2926 -1.9640 -0.0400
0.2471 -1.9356 -0.0400
0.2629 -1.9926 -0.0400
0.2399 -2.0491 -0.0400
-1.2240 -2.5467 -0.0400
-1.2215 -2.6300 -0.0400
-1.8984 -4.4571 -0.0400
0.3439 -4.0218 -0.0400
0.3892 -4.0699 -0.0400
0.4064 -4.1365 -0.0400
-0.0710 -5.7545 -0.0400
0.0371 -5.7702 -0.0400
0.0940 -5.8398 -0.0400
0.9740 -6.6226 -0.0400
1.0614 -6.6527 -0.0400
1.1049 -6.7686 -0.0400
3.3256 -2.5017 -0.0400
3.3415 -2.4813 -0.0400
3.3535 -2.4701 -0.0400
3.3666 -2.4534 -0.0400
3.3753 -2.4498 -0.0400
3.3838 -2.4463 -0.0400
3.3921 -2.4429 -0.0400
3.4001 -2.4400 -0.0400
3.4075 -2.4386 -0.0400
3.4149 -2.4376 -0.0400
3.4225 -2.4343 -0.0400
3.4296 -2.4334 -0.0400
3.4365 -2.4330 -0.0400
3.4434 -2.4332 -0.0400
3.4501 -2.4338 -0.0400
3.4569 -2.4346 -0.0400
3.4637 -2.4353 -0.0400
3.4705 -2.4360 -0.0400
3.4773 -2.4347 -0.0400
3.4841 -2.4327 -0.0400
3.4909 -2.4319 -0.0400
3.4976 -2.4311 -0.0400
3.5043 -2.4310 -0.0400
3.5111 -2.4318 -0.0400
3.5179 -2.4322 -0.0400
3.5248 -2.4339 -0.0400
3.5318 -2.4350 -0.0400
3.5389 -2.4366 -0.0400
3.5465 -2.4413 -0.0400
3.5539 -2.4435 -0.0400
3.5623 -2.4505 -0.0400
3.5704 -2.4541 -0.0400
3.5803 -2.4655 -0.0400
3.5929 -2.4861 -0.0400
5.0772 -5.9112 -0.0400
5.1369 -5.8649 -0.0400
5.2443 -5.9257 -0.0400
5.6930 -4.5474 -0.0400
5.7227 -4.4934 -0.0400
7.0932 -5.8581 -0.0400
6.4480 -3.5905 -0.0400
6.4322 -3.5173 -0.0400
6.4905 -3.4814 -0.0400
6.7126 -3.5187 -0.0400
7.9289 -3.6214 -0.0400
7.7324 -1.9334 -0.0400
7.6782 -1.8614 -0.0400
7.7159 -1.7855 -0.0400
6.5035 1.1475 -0.0400
6.4565 1.2101 -0.0400
4.4090 -0.9242 -0.0400
4.3673 -0.9360 -0.0400
4.3339 -0.9389 -0.0400
4.3066 -0.9349 -0.0400
4.2399 -0.9872 -0.0400
4.2002 -1.0050 -0.0400
4.1768 -1.0005 -0.0400
4.1560 -0.9923 -0.0400
4.1367 -0.9821 -0.0400
4.1186 -0.9697 -0.0400
4.1027 -0.9534 -0.0400
4.0957 -0.9202 -0.0400
4.0888 -0.8847 -0.0400
4.2840 2.7278 -0.0400
4.1952 2.7064 -0.0400
4.1133 2.7287 -0.0400
4.0390 2.8238 -0.0400
2.1096 3.6337 -0.0400
2.0152 3.5900 -0.0400
1.9246 3.5351 -0.0400
0.7088 0.6602 -0.0400
0.6447 0.6270 -0.0400
-0.1318 -0.1906 -0.0400
-0.1605 -0.2561 -0.0400
-0.2284 -0.3030 -0.0400
-1.9767 0.2867 -0.0400
2.2823 -1.6997 -0.0400
2.3308 -1.7358 -0.0400
2.3478 -1.7619 -0.0400
2.3576 -1.7855 -0.0400
2.3696 -1.8090 -0.0400
2.3692 -1.8295 -0.0400
2.3669 -1.8496 -0.0400
2.3617 -1.8691 -0.0400
2.3549 -1.8885 -0.0400
2.3452 -1.9077 -0.0400
2.3325 -1.9268 -0.0400
2.2924 -1.9439 -0.0400
2.2336 -1.9610 -0.0400
0.2466 -1.9340 -0.0400
0.2614 -1.9912 -0.0400
-1.3085 -2.4682 -0.0400
-1.2535 -2.5473 -0.0400
-1.8970 -4.4549 -0.0400
0.2819 -3.9865 -0.0400
0.3581 -4.0163 -0.0400
0.3927 -4.0711 -0.0400
0.3698 -4.1648 -0.0400
-0.0362 -5.7213 -0.0400
0.0403 -5.7700 -0.0400
0.9845 -6.6090 -0.0400
1.0436 -6.6923 -0.0400
3.3205 -2.4957 -0.0400
3.3376 -2.4744 -0.0400
3.3493 -2.4655 -0.0400
3.3600 -2.4580 -0.0400
3.3698 -2.4519 -0.0400
3.3787 -2.4483 -0.0400
3.3872 -2.4447 -0.0400
3.3956 -2.4412 -0.0400
3.4041 -2.4363 -0.0400
3.4114 -2.4353 -0.0400
3.4187 -2.4343 -0.0400
3.4258 -2.4333 -0.0400
3.4329 -2.4326 -0.0400
3.4397 -2.4328 -0.0400
3.4465 -2.4332 -0.0400
3.4532 -2.4339 -0.0400
3.4599 -2.4348 -0.0400
3.4666 -2.4355 -0.0400
3.4735 -2.4344 -0.0400
3.4803 -2.4332 -0.0400
3.4870 -2.4314 -0.0400
3.4937 -2.4307 -0.0400
3.5003 -2.4309 -0.0400
3.5070 -2.4312 -0.0400
3.5137 -2.4324 -0.0400
3.5204 -2.4332 -0.0400
3.5272 -2.4339 -0.0400
3.5341 -2.4357 -0.0400
3.5414 -2.4404 -0.0400
3.5487 -2.4429 -0.0400
3.5567 -2.4502 -0.0400
3.5645 -2.4541 -0.0400
3.5726 -2.4588 -0.0400
3.5830 -2.4741 -0.0400
3.5934 -2.4864 -0.0400
5.0704 -5.8900 -0.0400
5.1383 -5.8642 -0.0400
5.6644 -4.6034 -0.0400
5.6726 -4.5240 -0.0400
7.0130 -5.9107 -0.0400
6.4222 -3.5810 -0.0400
6.4284 -3.5195 -0.0400
6.4676 -3.4747 -0.0400
6.6977 -3.5168 -0.0400
7.9366 -3.7198 -0.0400
7.9120 -3.6229 -0.0400
7.9698 -3.5558 -0.0400
7.6810 -1.9449 -0.0400
7.6804 -1.8717 -0.0400
7.7381 -1.7948 -0.0400
6.5150 1.1358 -0.0400
6.4684 1.1986 -0.0400
4.5311 -0.8388 -0.0400
4.4862 -0.8496 -0.0400
4.3870 -0.9310 -0.0400
4.3510 -0.9368 -0.0400
4.2853 -0.9846 -0.0400
4.2452 -1.0010 -0.0400
4.2159 -1.0038 -0.0400
4.1909 -1.0014 -0.0400
4.1682 -0.9962 -0.0400
4.1471 -0.9887 -0.0400
4.1294 -0.9759 -0.0400
4.1137 -0.9593 -0.0400
4.0988 -0.9408 -0.0400
4.0874 -0.9148 -0.0400
4.0805 -0.8783 -0.0400
5.4266 2.4103 -0.0400
4.3125 2.7902 -0.0400
4.2145 2.7146 -0.0400
4.1345 2.7537 -0.0400
2.2208 3.6886 -0.0400
2.1182 3.6747 -0.0400
2.0263 3.6180 -0.0400
1.9409 3.5425 -0.0400
-0.1380 -0.1784 -0.0400
-0.1553 -0.2498 -0.0400
-0.2053 -0.3053 -0.0400
-1.9241 0.3886 -0.0400
2.3214 -1.7092 -0.0400
2.3449 -1.7380 -0.0400
2.3567 -1.7628 -0.0400
2.3639 -1.7859 -0.0400
2.3672 -1.8076 -0.0400
2.3674 -1.8285 -0.0400
2.3659 -1.8489 -0.0400
2.3582 -1.8683 -0.0400
2.3486 -1.8875 -0.0400
2.3361 -1.9066 -0.0400
2.3195 -1.9257 -0.0400
2.2951 -1.9445 -0.0400
2.2477 -1.9624 -0.0400
0.2620 -1.9324 -0.0400
0.2340 -1.9887 -0.0400
-1.2905 -2.4633 -0.0400
-1.2372 -2.5426 -0.0400
-1.9842 -4.3773 -0.0400
-1.9080 -4.4577 -0.0400
0.3092 -3.9728 -0.0400
0.3611 -4.0174 -0.0400
0.3723 -4.0875 -0.0400
0.3283 -4.1960 -0.0400
-0.0207 -5.7079 -0.0400
0.0350 -5.7786 -0.0400
-0.0131 -5.9652 -0.0400
0.8929 -6.5907 -0.0400
0.9878 -6.6086 -0.0400
1.0585 -6.6697 -0.0400
3.3241 -2.4912 -0.0400
3.3411 -2.4712 -0.0400
3.3526 -2.4632 -0.0400
3.3636 -2.4555 -0.0400
3.3752 -2.4446 -0.0400
3.3839 -2.4411 -0.0400
3.3923 -2.4380 -0.0400
3.4000 -2.4367 -0.0400
3.4075 -2.4357 -0.0400
3.4149 -2.4347 -0.0400
3.4221 -2.4336 -0.0400
3.4293 -2.4326 -0.0400
3.4364 -2.4316 -0.0400
3.4431 -2.4324 -0.0400
3.4498 -2.4333 -0.0400
3.4564 -2.4342 -0.0400
3.4631 -2.4350 -0.0400
3.4699 -2.4346 -0.0400
3.4768 -2.4331 -0.0400
3.4836 -2.4311 -0.0400
3.4902 -2.4304 -0.0400
3.4968 -2.4306 -0.0400
3.5034 -2.4310 -0.0400
3.5100 -2.4313 -0.0400
3.5166 -2.4331 -0.0400
3.5233 -2.4341 -0.0400
3.5301 -2.4362 -0.0400
3.5370 -2.4382 -0.0400
3.5443 -2.4441 -0.0400
3.5515 -2.4475 -0.0400
3.5590 -2.4513 -0.0400
3.5667 -2.4560 -0.0400
3.5761 -2.4696 -0.0400
3.5854 -2.4796 -0.0400
5.0248 -5.9674 -0.0400
5.0697 -5.8828 -0.0400
5.1671 -5.9265 -0.0400
5.6447 -4.5789 -0.0400
5.6713 -4.5215 -0.0400
7.0080 -5.9087 -0.0400
6.4018 -3.5736 -0.0400
6.4319 -3.5247 -0.0400
6.6632 -3.5726 -0.0400
6.7203 -3.5314 -0.0400
7.8871 -3.7079 -0.0400
7.9159 -3.6312 -0.0400
7.7517 -2.0272 -0.0400
7.6826 -1.9546 -0.0400
7.6801 -1.8815 -0.0400
7.7399 -1.8048 -0.0400
6.6186 1.1087 -0.0400
6.5321 1.1303 -0.0400
6.4849 1.1925 -0.0400
4.5005 -0.8515 -0.0400
4.4049 -0.9279 -0.0400
4.3535 -0.9534 -0.0400
4.3271 -0.9484 -0.0400
4.2657 -0.9930 -0.0400
4.2319 -1.0019 -0.0400
4.1995 -1.0104 -0.0400
4.1777 -1.0039 -0.0400
4.1573 -0.9956 -0.0400
4.1389 -0.9840 -0.0400
4.1214 -0.9708 -0.0400
4.1104 -0.9454 -0.0400
4.0993 -0.9189 -0.0400
4.0934 -0.8806 -0.0400
5.4768 2.4810 -0.0400
5.3446 2.3875 -0.0400
5.2715 2.4315 -0.0400
5.2168 2.5262 -0.0400
4.1487 2.7243 -0.0400
4.0757 2.8289 -0.0400
2.1439 3.6462 -0.0400
2.0471 3.6107 -0.0400
1.9522 3.5696 -0.0400
-0.1208 -0.1775 -0.0400
-0.1615 -0.2374 -0.0400
-0.2583 -0.2711 -0.0400
-1.9480 0.4113 -0.0400
2.2961 -1.6995 -0.0400
2.3344 -1.7331 -0.0400
2.3637 -1.7627 -0.0400
2.3684 -1.7852 -0.0400
2.3693 -1.8066 -0.0400
2.3683 -1.8274 -0.0400
2.3648 -1.8477 -0.0400
2.3587 -1.8675 -0.0400
2.3501 -1.8870 -0.0400
2.3387 -1.9064 -0.0400
2.3028 -1.9235 -0.0400
2.2644 -1.9415 -0.0400
0.2601 -1.9296 -0.0400
0.2431 -1.9863 -0.0400
-1.2916 -2.4596 -0.0400
-1.2399 -2.5393 -0.0400
-1.9535 -4.3616 -0.0400
0.3138 -3.9723 -0.0400
0.3621 -4.0192 -0.0400
0.3749 -4.0884 -0.0400
-0.1063 -5.6699 -0.0400
-0.0190 -5.7085 -0.0400
-0.0105 -5.8297 -0.0400
0.8967 -6.5890 -0.0400
0.9908 -6.6083 -0.0400
3.3293 -2.4834 -0.0400
3.3493 -2.4571 -0.0400
3.3604 -2.4501 -0.0400
3.3697 -2.4465 -0.0400
3.3788 -2.4430 -0.0400
3.3876 -2.4395 -0.0400
3.3958 -2.4373 -0.0400
3.4034 -2.4362 -0.0400
3.4118 -2.4324 -0.0400
3.4191 -2.4315 -0.0400
3.4262 -2.4309 -0.0400
3.4331 -2.4313 -0.0400
3.4398 -2.4319 -0.0400
3.4465 -2.4328 -0.0400
3.4532 -2.4337 -0.0400
3.4598 -2.4345 -0.0400
3.4669 -2.4325 -0.0400
3.4736 -2.4318 -0.0400
3.4804 -2.4310 -0.0400
3.4870 -2.4303 -0.0400
3.4936 -2.4302 -0.0400
3.5002 -2.4307 -0.0400
3.5067 -2.4311 -0.0400
3.5132 -2.4327 -0.0400
3.5198 -2.4337 -0.0400
3.5265 -2.4359 -0.0400
3.5332 -2.4380 -0.0400
3.5400 -2.4408 -0.0400
3.5473 -2.4478 -0.0400
3.5545 -2.4518 -0.0400
3.5620 -2.4569 -0.0400
3.5699 -2.4628 -0.0400
3.5798 -2.4821 -0.0400
3.5909 -2.5036 -0.0400
5.0112 -5.9252 -0.0400
5.0767 -5.8937 -0.0400
5.1671 -5.9210 -0.0400
5.6314 -4.5611 -0.0400
5.6709 -4.5192 -0.0400
7.0084 -5.9120 -0.0400
6.3973 -3.6389 -0.0400
6.4015 -3.5761 -0.0400
6.4263 -3.5248 -0.0400
6.4929 -3.4937 -0.0400
7.9018 -3.7197 -0.0400
7.9047 -3.6335 -0.0400
7.9920 -3.5771 -0.0400
7.6886 -1.9635 -0.0400
7.6773 -1.8909 -0.0400
6.5380 1.1134 -0.0400
6.4855 1.1694 -0.0400
4.5121 -0.8563 -0.0400
4.4216 -0.9260 -0.0400
4.3667 -0.9559 -0.0400
4.3389 -0.9525 -0.0400
4.2868 -0.9840 -0.0400
4.2374 -1.0151 -0.0400
4.2120 -1.0132 -0.0400
4.1894 -1.0080 -0.0400
4.1686 -1.0003 -0.0400
4.1493 -0.9902 -0.0400
4.1324 -0.9760 -0.0400
4.1170 -0.9589 -0.0400
4.1029 -0.9387 -0.0400
4.0918 -0.9115 -0.0400
5.4595 2.3962 -0.0400
5.3635 2.3865 -0.0400
5.2837 2.4137 -0.0400
5.2170 2.4753 -0.0400
2.1633 3.6452 -0.0400
2.0610 3.6307 -0.0400
1.9745 3.5580 -0.0400
-0.1150 -0.0885 -0.0400
-0.1189 -0.1681 -0.0400
-0.1539 -0.2311 -0.0400
-0.2267 -0.2762 -0.0400
-1.9227 0.4125 -0.0400
2.3251 -1.7049 -0.0400
2.3465 -1.7336 -0.0400
2.3575 -1.7586 -0.0400
2.3643 -1.7820 -0.0400
2.3667 -1.8040 -0.0400
2.3683 -1.8256 -0.0400
2.3626 -1.8456 -0.0400
2.3551 -1.8654 -0.0400
2.3444 -1.8849 -0.0400
2.3300 -1.9042 -0.0400
2.3099 -1.9233 -0.0400
2.2791 -1.9420 -0.0400
0.2571 -1.8687 -0.0400
0.2536 -1.9260 -0.0400
-1.3119 -2.3717 -0.0400
-1.2504 -2.4518 -0.0400
-1.2401 -2.5352 -0.0400
-1.9529 -4.3581 -0.0400
0.3225 -3.9689 -0.0400
0.3551 -4.0255 -0.0400
0.3313 -4.1186 -0.0400
-0.0905 -5.6558 -0.0400
-0.0151 -5.7064 -0.0400
-0.0651 -5.8897 -0.0400
0.9042 -6.5806 -0.0400
0.9825 -6.6280 -0.0400
3.3148 -2.4976 -0.0400
3.3418 -2.4602 -0.0400
3.3537 -2.4526 -0.0400
3.3640 -2.4478 -0.0400
3.3734 -2.4443 -0.0400
3.3825 -2.4409 -0.0400
3.3926 -2.4342 -0.0400
3.4003 -2.4335 -0.0400
3.4078 -2.4326 -0.0400
3.4153 -2.4318 -0.0400
3.4227 -2.4309 -0.0400
3.4297 -2.4311 -0.0400
3.4365 -2.4315 -0.0400
3.4433 -2.4319 -0.0400
3.4500 -2.4329 -0.0400
3.4566 -2.4338 -0.0400
3.4635 -2.4331 -0.0400
3.4705 -2.4319 -0.0400
3.4773 -2.4312 -0.0400
3.4840 -2.4305 -0.0400
3.4906 -2.4300 -0.0400
3.4972 -2.4304 -0.0400
3.5037 -2.4311 -0.0400
3.5101 -2.4322 -0.0400
3.5167 -2.4332 -0.0400
3.5232 -2.4351 -0.0400
3.5298 -2.4374 -0.0400
3.5364 -2.4400 -0.0400
3.5434 -2.4468 -0.0400
3.5504 -2.4510 -0.0400
3.5576 -2.4560 -0.0400
3.5651 -2.4618 -0.0400
3.5730 -2.4693 -0.0400
3.5838 -2.4982 -0.0400
5.0116 -5.9185 -0.0400
5.0852 -5.9074 -0.0400
5.1863 -5.9597 -0.0400
5.6306 -4.5574 -0.0400
5.6813 -4.5286 -0.0400
7.0248 -5.9322 -0.0400
6.3947 -3.6393 -0.0400
6.3996 -3.5772 -0.0400
6.4562 -3.5421 -0.0400
6.6716 -3.5829 -0.0400
7.8957 -3.8110 -0.0400
7.8733 -3.7144 -0.0400
7.9243 -3.6463 -0.0400
7.7026 -2.0448 -0.0400
7.6769 -1.9723 -0.0400
7.7006 -1.8988 -0.0400
6.5496 1.1029 -0.0400
6.5112 1.1742 -0.0400
4.5482 -0.8312 -0.0400
4.4307 -0.9333 -0.0400
4.3899 -0.9449 -0.0400
4.3492 -0.9583 -0.0400
4.3238 -0.9525 -0.0400
4.2500 -1.0173 -0.0400
4.2242 -1.0162 -0.0400
4.2011 -1.0117 -0.0400
4.1776 -1.0082 -0.0400
4.1589 -0.9975 -0.0400
4.1410 -0.9852 -0.0400
4.1247 -0.9700 -0.0400
4.1154 -0.9410 -0.0400
4.1056 -0.9112 -0.0400
4.1084 -0.8534 -0.0400
5.4939 2.4305 -0.0400
5.3772 2.3733 -0.0400
5.3047 2.4185 -0.0400
5.2497 2.5116 -0.0400
2.1806 3.6808 -0.0400
2.0875 3.6280 -0.0400
1.9839 3.6173 -0.0400
1.9002 3.5367 -0.0400
-0.1410 -0.1419 -0.0400
-0.1440 -0.2216 -0.0400
-0.1761 -0.2862 -0.0400
-1.9477 0.3264 -0.0400
2.3021 -1.7167 -0.0400
2.3544 -1.7535 -0.0400
2.3628 -1.7777 -0.0400
2.3672 -1.8004 -0.0400
2.3681 -1.8221 -0.0400
2.3671 -1.8433 -0.0400
2.3631 -1.8639 -0.0400
2.3570 -1.8841 -0.0400
2.3381 -1.9029 -0.0400
2.3209 -1.9223 -0.0400
2.2952 -1.9415 -0.0400
2.2372 -1.9591 -0.0400
0.2426 -1.9203 -0.0400
0.2599 -1.9785 -0.0400
-1.2615 -2.5309 -0.0400
-1.2229 -2.6115 -0.0400
-1.9163 -4.4507 -0.0400
0.3055 -3.9805 -0.0400
0.3585 -4.0252 -0.0400
0.3873 -4.0846 -0.0400
0.3561 -4.1842 -0.0400
-0.0277 -5.7210 -0.0400
0.0487 -5.7705 -0.0400
0.8711 -6.6426 -0.0400
0.9972 -6.6075 -0.0400
1.0517 -6.6987 -0.0400
3.3372 -2.4805 -0.0400
3.3574 -2.4569 -0.0400
3.3685 -2.4511 -0.0400
3.3781 -2.4477 -0.0400
3.3874 -2.4443 -0.0400
3.3981 -2.4368 -0.0400
3.4059 -2.4360 -0.0400
3.4136 -2.4352 -0.0400
3.4212 -2.4344 -0.0400
3.4287 -2.4335 -0.0400
3.4364 -2.4316 -0.0400
3.4432 -2.4324 -0.0400
3.4499 -2.4334 -0.0400
3.4566 -2.4343 -0.0400
3.4633 -2.4352 -0.0400
3.4700 -2.4357 -0.0400
3.4771 -2.4338 -0.0400
3.4843 -2.4312 -0.0400
3.4910 -2.4305 -0.0400
3.4976 -2.4307 -0.0400
3.5041 -2.4311 -0.0400
3.5106 -2.4316 -0.0400
3.5171 -2.4326 -0.0400
3.5236 -2.4335 -0.0400
3.5301 -2.4349 -0.0400
3.5365 -2.4392 -0.0400
3.5432 -2.4423 -0.0400
3.5499 -2.4455 -0.0400
3.5568 -2.4496 -0.0400
3.5638 -2.4541 -0.0400
3.5711 -2.4596 -0.0400
3.5787 -2.4665 -0.0400
3.5882 -2.4892 -0.0400
5.0186 -5.9247 -0.0400
5.0794 -5.8820 -0.0400
5.1566 -5.8797 -0.0400
5.6595 -4.5871 -0.0400
5.6743 -4.5161 -0.0400
5.7449 -4.5096 -0.0400
7.0999 -5.8809 -0.0400
6.4189 -3.5892 -0.0400
6.4254 -3.5285 -0.0400
6.4870 -3.4956 -0.0400
6.6982 -3.5309 -0.0400
7.9040 -3.6457 -0.0400
7.9380 -3.5716 -0.0400
7.7393 -1.9816 -0.0400
7.6806 -1.9103 -0.0400
7.6853 -1.8375 -0.0400
4.5224 -0.8434 -0.0400
4.4850 -0.8470 -0.0400
4.3809 -0.9413 -0.0400
4.3505 -0.9418 -0.0400
4.3177 -0.9466 -0.0400
4.2592 -0.9914 -0.0400
4.2210 -1.0092 -0.0400
4.1975 -1.0057 -0.0400
4.1736 -1.0033 -0.0400
4.1540 -0.9941 -0.0400
4.1358 -0.9826 -0.0400
4.1215 -0.9637 -0.0400
4.1061 -0.9460 -0.0400
4.0937 -0.9215 -0.0400
4.0842 -0.8891 -0.0400
5.4118 2.3953 -0.0400
5.3222 2.3989 -0.0400
5.2447 2.4315 -0.0400
5.1792 2.4979 -0.0400
2.2932 3.7093 -0.0400
2.1966 3.6687 -0.0400
2.0969 3.6424 -0.0400
-0.0999 -0.0734 -0.0400
-0.1106 -0.1499 -0.0400
-0.1805 -0.1958 -0.0400
-1.9041 0.4310 -0.0400
2.3314 -1.6990 -0.0400
2.3493 -1.7271 -0.0400
2.3589 -1.7522 -0.0400
2.3649 -1.7758 -0.0400
2.3703 -1.7989 -0.0400
2.3672 -1.8199 -0.0400
2.3612 -1.8402 -0.0400
2.3530 -1.8604 -0.0400
2.3418 -1.8802 -0.0400
2.3262 -1.8997 -0.0400
2.3047 -1.9190 -0.0400
0.2593 -1.8602 -0.0400
0.2434 -1.9173 -0.0400
-1.2864 -2.3593 -0.0400
-1.2401 -2.4407 -0.0400
-2.0221 -4.2652 -0.0400
-1.9664 -4.3557 -0.0400
0.2810 -3.9189 -0.0400
0.3247 -3.9695 -0.0400
0.3260 -4.0458 -0.0400
-0.1750 -5.6145 -0.0400
-0.0747 -5.6421 -0.0400
-0.0422 -5.7364 -0.0400
0.8303 -6.5330 -0.0400
0.9207 -6.5600 -0.0400
3.3198 -2.4737 -0.0400
3.3356 -2.4617 -0.0400
3.3530 -2.4455 -0.0400
3.3628 -2.4426 -0.0400
3.3724 -2.4398 -0.0400
3.3818 -2.4369 -0.0400
3.3917 -2.4322 -0.0400
3.3995 -2.4317 -0.0400
3.4072 -2.4312 -0.0400
3.4148 -2.4306 -0.0400
3.4228 -2.4287 -0.0400
3.4297 -2.4296 -0.0400
3.4364 -2.4307 -0.0400
3.4432 -2.4318 -0.0400
3.4499 -2.4329 -0.0400
3.4573 -2.4311 -0.0400
3.4643 -2.4304 -0.0400
3.4713 -2.4299 -0.0400
3.4781 -2.4293 -0.0400
3.4848 -2.4292 -0.0400
3.4913 -2.4298 -0.0400
3.4979 -2.4304 -0.0400
3.5043 -2.4316 -0.0400
3.5107 -2.4328 -0.0400
3.5171 -2.4351 -0.0400
3.5235 -2.4375 -0.0400
3.5300 -2.4404 -0.0400
3.5365 -2.4436 -0.0400
3.5431 -2.4474 -0.0400
3.5498 -2.4516 -0.0400
3.5568 -2.4632 -0.0400
3.5641 -2.4708 -0.0400
3.5718 -2.4812 -0.0400
3.5803 -2.4985 -0.0400
5.0182 -5.9172 -0.0400
5.1128 -5.9594 -0.0400
5.6047 -4.6080 -0.0400
5.6304 -4.5495 -0.0400
6.9320 -5.9665 -0.0400
6.3759 -3.6962 -0.0400
6.3789 -3.6325 -0.0400
6.3999 -3.5796 -0.0400
6.6248 -3.6310 -0.0400
6.6729 -3.5873 -0.0400
7.8713 -3.7229 -0.0400
7.6901 -2.0599 -0.0400
7.6779 -1.9877 -0.0400
7.7270 -1.9137 -0.0400
4.4121 -0.9530 -0.0400
4.3710 -0.9671 -0.0400
4.3458 -0.9611 -0.0400
4.2814 -1.0120 -0.0400
4.2515 -1.0165 -0.0400
4.2213 -1.0226 -0.0400
4.1996 -1.0165 -0.0400
4.1780 -1.0108 -0.0400
4.1599 -0.9994 -0.0400
4.1449 -0.9823 -0.0400
4.1295 -0.9653 -0.0400
4.1157 -0.9445 -0.0400
4.1201 -0.8850 -0.0400
5.5037 2.3654 -0.0400
5.4114 2.3644 -0.0400
5.3420 2.4169 -0.0400
5.3093 2.5687 -0.0400
4.3705 2.7004 -0.0400
4.2837 2.6924 -0.0400
2.3090 3.7273 -0.0400
2.2176 3.6629 -0.0400
2.1250 3.6096 -0.0400
-0.1914 -0.1784 -0.0400
2.3190 -1.6906 -0.0400
2.3597 -1.7255 -0.0400
2.3661 -1.7498 -0.0400
2.3690 -1.7727 -0.0400
2.3689 -1.7947 -0.0400
2.3669 -1.8161 -0.0400
2.3619 -1.8369 -0.0400
2.3484 -1.8563 -0.0400
2.3348 -1.8761 -0.0400
2.3165 -1.8955 -0.0400
2.2885 -1.9144 -0.0400
0.2478 -1.8542 -0.0400
-1.3097 -2.3544 -0.0400
-1.2489 -2.4354 -0.0400
-2.0118 -4.2561 -0.0400
0.2813 -3.9187 -0.0400
0.3231 -3.9707 -0.0400
0.2965 -4.0641 -0.0400
-0.1675 -5.6073 -0.0400
-0.0733 -5.6409 -0.0400
-0.1337 -5.8300 -0.0400
0.8450 -6.5118 -0.0400
3.3251 -2.4655 -0.0400
3.3444 -2.4480 -0.0400
3.3551 -2.4445 -0.0400
3.3650 -2.4420 -0.0400
3.3775 -2.4337 -0.0400
3.3858 -2.4331 -0.0400
3.3952 -2.4298 -0.0400
3.4030 -2.4295 -0.0400
3.4107 -2.4292 -0.0400
3.4182 -2.4292 -0.0400
3.4258 -2.4285 -0.0400
3.4326 -2.4298 -0.0400
3.4394 -2.4311 -0.0400
3.4462 -2.4323 -0.0400
3.4536 -2.4311 -0.0400
3.4608 -2.4303 -0.0400
3.4679 -2.4298 -0.0400
3.4748 -2.4294 -0.0400
3.4817 -2.4290 -0.0400
3.4884 -2.4290 -0.0400
3.4949 -2.4299 -0.0400
3.5013 -2.4311 -0.0400
3.5078 -2.4323 -0.0400
3.5142 -2.4341 -0.0400
3.5205 -2.4365 -0.0400
3.5269 -2.4391 -0.0400
3.5331 -2.4451 -0.0400
3.5396 -2.4493 -0.0400
3.5462 -2.4540 -0.0400
3.5530 -2.4596 -0.0400
3.5599 -2.4665 -0.0400
3.5671 -2.4750 -0.0400
3.5747 -2.4867 -0.0400
3.5831 -2.5073 -0.0400
4.9502 -5.9305 -0.0400
5.0321 -5.9438 -0.0400
5.5952 -4.5912 -0.0400
5.6372 -4.5528 -0.0400
6.9328 -5.9673 -0.0400
6.3571 -3.6852 -0.0400
6.3655 -3.6251 -0.0400
6.3919 -3.5755 -0.0400
6.6284 -3.6336 -0.0400
6.6877 -3.5956 -0.0400
7.8360 -3.7996 -0.0400
7.8687 -3.7257 -0.0400
7.7151 -2.0666 -0.0400
7.6742 -1.9945 -0.0400
4.2994 -1.0054 -0.0400
4.2584 -1.0259 -0.0400
4.2342 -1.0230 -0.0400
4.2086 -1.0233 -0.0400
4.1886 -1.0150 -0.0400
4.1693 -1.0058 -0.0400
4.1516 -0.9938 -0.0400
4.1383 -0.9732 -0.0400
4.1236 -0.9546 -0.0400
4.1223 -0.9075 -0.0400
5.5197 2.3589 -0.0400
5.4251 2.3524 -0.0400
5.3556 2.4043 -0.0400
5.3043 2.5063 -0.0400
4.3945 2.7343 -0.0400
4.3022 2.6948 -0.0400
4.2263 2.7614 -0.0400
2.3296 3.7236 -0.0400
2.2369 3.6654 -0.0400
2.1360 3.6446 -0.0400
2.0411 3.6011 -0.0400
2.3431 -1.6924 -0.0400
2.3553 -1.7192 -0.0400
2.3630 -1.7441 -0.0400
2.3670 -1.7676 -0.0400
2.3706 -1.7907 -0.0400
2.3667 -1.8119 -0.0400
2.3602 -1.8326 -0.0400
2.3513 -1.8530 -0.0400
2.3394 -1.8731 -0.0400
2.3231 -1.8930 -0.0400
2.2637 -1.9082 -0.0400
0.2171 -1.7874 -0.0400
0.2591 -1.8491 -0.0400
0.2336 -1.9061 -0.0400
-1.2858 -2.3462 -0.0400
-1.2477 -2.4287 -0.0400
0.2882 -3.9142 -0.0400
0.3114 -3.9772 -0.0400
0.2946 -4.0650 -0.0400
-0.1489 -5.5890 -0.0400
-0.0791 -5.6462 -0.0400
-0.1503 -5.8463 -0.0400
0.7169 -6.5452 -0.0400
3.3306 -2.4569 -0.0400
3.3482 -2.4429 -0.0400
3.3582 -2.4410 -0.0400
3.3710 -2.4334 -0.0400
3.3798 -2.4325 -0.0400
3.3895 -2.4294 -0.0400
3.3975 -2.4295 -0.0400
3.4053 -2.4295 -0.0400
3.4140 -2.4273 -0.0400
3.4211 -2.4283 -0.0400
3.4285 -2.4284 -0.0400
3.4354 -2.4299 -0.0400
3.4422 -2.4312 -0.0400
3.4490 -2.4325 -0.0400
3.4571 -2.4295 -0.0400
3.4642 -2.4293 -0.0400
3.4713 -2.4290 -0.0400
3.4783 -2.4286 -0.0400
3.4851 -2.4286 -0.0400
3.4917 -2.4294 -0.0400
3.4981 -2.4307 -0.0400
3.5046 -2.4319 -0.0400
3.5111 -2.4334 -0.0400
3.5172 -2.4372 -0.0400
3.5235 -2.4404 -0.0400
3.5298 -2.4436 -0.0400
3.5362 -2.4475 -0.0400
3.5427 -2.4516 -0.0400
3.5493 -2.4568 -0.0400
3.5560 -2.4626 -0.0400
3.5626 -2.4788 -0.0400
3.5698 -2.4915 -0.0400
3.5776 -2.5172 -0.0400
3.8442 -8.0318 -0.0400
4.8904 -5.9659 -0.0400
4.9546 -5.9312 -0.0400
5.0449 -5.9670 -0.0400
5.5913 -4.5806 -0.0400
6.8604 -6.0206 -0.0400
6.3562 -3.6839 -0.0400
6.3626 -3.6229 -0.0400
6.4045 -3.5819 -0.0400
6.6425 -3.6411 -0.0400
7.8295 -3.8000 -0.0400
7.8723 -3.7303 -0.0400
7.6826 -2.0726 -0.0400
7.6786 -2.0007 -0.0400
7.7637 -1.9261 -0.0400
4.2194 -1.0265 -0.0400
4.1973 -1.0218 -0.0400
4.1781 -1.0127 -0.0400
4.1609 -0.9999 -0.0400
4.1445 -0.9856 -0.0400
4.1325 -0.9621 -0.0400
4.1197 -0.9391 -0.0400
5.6598 2.4192 -0.0400
5.5313 2.3431 -0.0400
5.4407 2.3455 -0.0400
5.3715 2.3980 -0.0400
5.3190 2.4961 -0.0400
4.4054 2.6929 -0.0400
4.3189 2.6864 -0.0400
4.2389 2.7218 -0.0400
2.3479 3.7313 -0.0400
2.2527 3.6832 -0.0400
2.1629 3.6169 -0.0400
1.1397 0.9445 -0.0400
2.3079 -1.6514 -0.0400
2.3396 -1.6855 -0.0400
2.3528 -1.7128 -0.0400
2.3606 -1.7380 -0.0400
2.3713 -1.7635 -0.0400
2.3699 -1.7855 -0.0400
2.3669 -1.8072 -0.0400
2.3609 -1.8282 -0.0400
2.3462 -1.8477 -0.0400
2.3317 -1.8677 -0.0400
2.3120 -1.8874 -0.0400
2.2820 -1.9065 -0.0400
0.2529 -1.8424 -0.0400
-1.2526 -2.3369 -0.0400
0.2122 -3.8789 -0.0400
0.2818 -3.9167 -0.0400
0.2881 -3.9898 -0.0400
0.2626 -4.0836 -0.0400
-0.1481 -5.5870 -0.0400
-0.0901 -5.6560 -0.0400
3.3033 -2.4828 -0.0400
3.3330 -2.4528 -0.0400
3.3494 -2.4416 -0.0400
3.3625 -2.4349 -0.0400
3.3721 -2.4334 -0.0400
3.3824 -2.4300 -0.0400
3.3920 -2.4276 -0.0400
3.3999 -2.4280 -0.0400
3.4089 -2.4259 -0.0400
3.4161 -2.4272 -0.0400
3.4237 -2.4274 -0.0400
3.4306 -2.4290 -0.0400
3.4375 -2.4305 -0.0400
3.4447 -2.4310 -0.0400
3.4523 -2.4303 -0.0400
3.4604 -2.4279 -0.0400
3.4675 -2.4278 -0.0400
3.4746 -2.4278 -0.0400
3.4813 -2.4287 -0.0400
3.4881 -2.4288 -0.0400
3.4946 -2.4302 -0.0400
3.5012 -2.4315 -0.0400
3.5077 -2.4329 -0.0400
3.5138 -2.4365 -0.0400
3.5200 -2.4394 -0.0400
3.5264 -2.4426 -0.0400
3.5327 -2.4461 -0.0400
3.5391 -2.4501 -0.0400
3.5451 -2.4593 -0.0400
3.5516 -2.4658 -0.0400
3.5583 -2.4735 -0.0400
3.5651 -2.4833 -0.0400
3.5721 -2.4977 -0.0400
3.7417 -8.0493 -0.0400
3.8464 -8.0438 -0.0400
4.8940 -5.9635 -0.0400
4.9589 -5.9310 -0.0400
5.0511 -5.9722 -0.0400
5.5693 -4.6381 -0.0400
5.5971 -4.5817 -0.0400
6.8674 -6.0275 -0.0400
6.9804 -6.0209 -0.0400
6.3471 -3.6773 -0.0400
6.3631 -3.6220 -0.0400
6.4075 -3.5825 -0.0400
6.6395 -3.6392 -0.0400
7.8330 -3.8039 -0.0400
7.8916 -3.7404 -0.0400
7.6728 -2.0780 -0.0400
7.6998 -2.0061 -0.0400
4.1693 -1.0071 -0.0400
4.1542 -0.9905 -0.0400
4.1385 -0.9747 -0.0400
4.1297 -0.9441 -0.0400
4.1190 -0.9157 -0.0400
5.5401 2.3219 -0.0400
5.4558 2.3383 -0.0400
5.3901 2.3990 -0.0400
5.3454 2.5172 -0.0400
4.4266 2.7110 -0.0400
4.3368 2.6862 -0.0400
4.2627 2.7634 -0.0400
2.3683 3.6982 -0.0400
2.2694 3.6687 -0.0400
2.1672 3.6533 -0.0400
1.2322 1.0636 -0.0400
1.1971 0.9973 -0.0400
1.1280 0.9746 -0.0400
1.0827 0.9222 -0.0400
1.0529 0.8526 -0.0400
2.3136 -1.6240 -0.0400
2.3428 -1.6582 -0.0400
2.3552 -1.6859 -0.0400
2.3723 -1.7143 -0.0400
2.3727 -1.7373 -0.0400
2.3711 -1.7596 -0.0400
2.3680 -1.7814 -0.0400
2.3593 -1.8021 -0.0400
2.3487 -1.8225 -0.0400
2.3354 -1.8426 -0.0400
2.3177 -1.8624 -0.0400
2.2462 -1.8754 -0.0400
0.2467 -1.7195 -0.0400
0.2586 -1.7795 -0.0400
0.1994 -1.8342 -0.0400
-1.2848 -2.2479 -0.0400
-1.2668 -2.3325 -0.0400
0.1909 -3.8130 -0.0400
0.2479 -3.8584 -0.0400
0.2165 -3.9521 -0.0400
-0.2071 -5.5180 -0.0400
-0.2008 -5.6356 -0.0400
3.3099 -2.4514 -0.0400
3.3291 -2.4385 -0.0400
3.3424 -2.4330 -0.0400
3.3552 -2.4275 -0.0400
3.3641 -2.4278 -0.0400
3.3740 -2.4258 -0.0400
3.3835 -2.4241 -0.0400
3.3929 -2.4223 -0.0400
3.4003 -2.4238 -0.0400
3.4082 -2.4239 -0.0400
3.4157 -2.4248 -0.0400
3.4226 -2.4267 -0.0400
3.4299 -2.4276 -0.0400
3.4373 -2.4281 -0.0400
3.4458 -2.4257 -0.0400
3.4530 -2.4260 -0.0400
3.4602 -2.4262 -0.0400
3.4675 -2.4260 -0.0400
3.4742 -2.4272 -0.0400
3.4809 -2.4281 -0.0400
3.4875 -2.4297 -0.0400
3.4940 -2.4314 -0.0400
3.5003 -2.4340 -0.0400
3.5063 -2.4380 -0.0400
3.5125 -2.4412 -0.0400
3.5188 -2.4446 -0.0400
3.5251 -2.4487 -0.0400
3.5308 -2.4570 -0.0400
3.5371 -2.4629 -0.0400
3.5435 -2.4696 -0.0400
3.5499 -2.4782 -0.0400
3.5564 -2.4891 -0.0400
3.7424 -8.0340 -0.0400
4.8292 -5.9883 -0.0400
4.9153 -6.0183 -0.0400
5.5062 -4.6437 -0.0400
5.5568 -4.6172 -0.0400
6.8038 -6.0910 -0.0400
6.3051 -3.7819 -0.0400
6.3037 -3.7151 -0.0400
6.3394 -3.6716 -0.0400
6.3992 -3.6413 -0.0400
6.6180 -3.6953 -0.0400
7.7678 -3.9519 -0.0400
7.7886 -3.8735 -0.0400
7.7182 -2.2261 -0.0400
7.6691 -2.1527 -0.0400
7.6778 -2.0814 -0.0400
7.7729 -2.0087 -0.0400
4.1497 -0.9686 -0.0400
4.1470 -0.9254 -0.0400
5.6305 2.2910 -0.0400
5.5410 2.2970 -0.0400
5.4699 2.3431 -0.0400
4.5147 2.6588 -0.0400
4.4308 2.6680 -0.0400
4.3535 2.7164 -0.0400
1.1615 0.9653 -0.0400
1.1001 0.9327 -0.0400
1.0593 0.8755 -0.0400
1.0165 0.8215 -0.0400
0.9412 0.8029 -0.0400
0.8435 0.8057 -0.0400
0.7834 0.7674 -0.0400
2.3708 -1.7282 -0.0400
2.3714 -1.7514 -0.0400
2.3699 -1.7739 -0.0400
2.3665 -1.7958 -0.0400
2.3594 -1.8170 -0.0400
2.3500 -1.8379 -0.0400
2.3379 -1.8585 -0.0400
2.3029 -1.8763 -0.0400
2.2657 -1.8950 -0.0400
0.2262 -1.7665 -0.0400
0.2384 -1.8269 -0.0400
-1.2984 -2.2369 -0.0400
-1.2540 -2.3205 -0.0400
0.2243 -3.8677 -0.0400
0.2693 -3.9195 -0.0400
0.2430 -4.0120 -0.0400
-0.1488 -5.5835 -0.0400
3.3186 -2.4551 -0.0400
3.3380 -2.4421 -0.0400
3.3511 -2.4373 -0.0400
3.3662 -2.4286 -0.0400
3.3762 -2.4271 -0.0400
3.3857 -2.4260 -0.0400
3.3950 -2.4248 -0.0400
3.4039 -2.4240 -0.0400
3.4111 -2.4259 -0.0400
3.4190 -2.4266 -0.0400
3.4265 -2.4276 -0.0400
3.4340 -2.4285 -0.0400
3.4409 -2.4305 -0.0400
3.4496 -2.4281 -0.0400
3.4578 -2.4265 -0.0400
3.4651 -2.4269 -0.0400
3.4725 -2.4266 -0.0400
3.4794 -2.4279 -0.0400
3.4863 -2.4286 -0.0400
3.4929 -2.4302 -0.0400
3.4996 -2.4318 -0.0400
3.5058 -2.4346 -0.0400
3.5123 -2.4371 -0.0400
3.5182 -2.4417 -0.0400
3.5246 -2.4451 -0.0400
3.5309 -2.4489 -0.0400
3.5373 -2.4530 -0.0400
3.5430 -2.4620 -0.0400
3.5494 -2.4682 -0.0400
3.5558 -2.4757 -0.0400
3.5623 -2.4849 -0.0400
3.5672 -2.5171 -0.0400
3.7445 -8.0297 -0.0400
4.8382 -5.9973 -0.0400
4.8984 -5.9496 -0.0400
4.9876 -5.9867 -0.0400
5.5448 -4.6855 -0.0400
5.5613 -4.6130 -0.0400
6.7977 -6.0800 -0.0400
6.8765 -6.0343 -0.0400
6.3286 -3.7270 -0.0400
6.3329 -3.6647 -0.0400
6.3716 -3.6229 -0.0400
6.5939 -3.6802 -0.0400
6.6969 -3.6668 -0.0400
7.7957 -3.8782 -0.0400
7.8194 -3.8015 -0.0400
7.6768 -2.1585 -0.0400
7.6733 -2.0872 -0.0400
7.7277 -2.0154 -0.0400
5.4846 2.3225 -0.0400
5.4231 2.3924 -0.0400
5.3829 2.5213 -0.0400
4.5509 2.7231 -0.0400
4.4555 2.6742 -0.0400
4.3707 2.6772 -0.0400
4.2912 2.7138 -0.0400
1.2163 1.0225 -0.0400
1.1497 0.9963 -0.0400
1.1050 0.9427 -0.0400
1.0712 0.8772 -0.0400
1.0077 0.8463 -0.0400
0.9013 0.8606 -0.0400
0.8414 0.8224 -0.0400
2.3682 -1.7691 -0.0400
2.3607 -1.7903 -0.0400
2.3512 -1.8113 -0.0400
2.3273 -1.8299 -0.0400
2.3062 -1.8496 -0.0400
2.2743 -1.8685 -0.0400
0.2633 -1.7051 -0.0400
0.2477 -1.7629 -0.0400
-1.3235 -2.1452 -0.0400
-1.2685 -2.2297 -0.0400
-1.2908 -2.3165 -0.0400
0.1506 -3.7521 -0.0400
0.2115 -3.7967 -0.0400
0.2324 -3.8613 -0.0400
0.2031 -3.9543 -0.0400
-0.2882 -5.4637 -0.0400
-0.2165 -5.5210 -0.0400
3.3067 -2.4492 -0.0400
3.3279 -2.4354 -0.0400
3.3424 -2.4295 -0.0400
3.3555 -2.4248 -0.0400
3.3658 -2.4235 -0.0400
3.3755 -2.4227 -0.0400
3.3849 -2.4221 -0.0400
3.3946 -2.4205 -0.0400
3.4025 -2.4216 -0.0400
3.4101 -2.4231 -0.0400
3.4176 -2.4246 -0.0400
3.4250 -2.4260 -0.0400
3.4326 -2.4270 -0.0400
3.4413 -2.4254 -0.0400
3.4495 -2.4244 -0.0400
3.4573 -2.4240 -0.0400
3.4641 -2.4257 -0.0400
3.4714 -2.4263 -0.0400
3.4782 -2.4277 -0.0400
3.4849 -2.4296 -0.0400
3.4912 -2.4324 -0.0400
3.4976 -2.4350 -0.0400
3.5036 -2.4392 -0.0400
3.5100 -2.4424 -0.0400
3.5163 -2.4461 -0.0400
3.5220 -2.4527 -0.0400
3.5283 -2.4575 -0.0400
3.5337 -2.4674 -0.0400
3.5399 -2.4746 -0.0400
3.5461 -2.4830 -0.0400
3.5523 -2.4937 -0.0400
3.6410 -8.0331 -0.0400
4.8450 -6.0093 -0.0400
5.4739 -4.6788 -0.0400
5.5141 -4.6385 -0.0400
6.7296 -6.1368 -0.0400
6.2788 -3.7594 -0.0400
6.3018 -3.7086 -0.0400
6.3573 -3.6771 -0.0400
6.5681 -3.7325 -0.0400
7.7503 -3.9458 -0.0400
7.7871 -3.8750 -0.0400
7.6739 -2.2321 -0.0400
7.6639 -2.1606 -0.0400
7.6983 -2.0900 -0.0400
4.6432 2.6924 -0.0400
4.5488 2.6538 -0.0400
4.4643 2.6589 -0.0400
1.1796 0.9925 -0.0400
1.1076 0.9721 -0.0400
1.0729 0.9069 -0.0400
1.0358 0.8458 -0.0400
0.9600 0.8274 -0.0400
0.8633 0.8291 -0.0400
0.7894 0.8044 -0.0400
2.3271 -1.8445 -0.0400
2.3069 -1.8648 -0.0400
2.2768 -1.8846 -0.0400
0.2611 -1.7525 -0.0400
0.2487 -1.8108 -0.0400
-1.2845 -2.2173 -0.0400
-1.2639 -2.3023 -0.0400
0.1578 -3.8188 -0.0400
0.2401 -3.8522 -0.0400
0.2675 -3.9137 -0.0400
-0.2199 -5.5189 -0.0400
-0.1673 -5.5938 -0.0400
3.3146 -2.4515 -0.0400
3.3372 -2.4362 -0.0400
3.3486 -2.4348 -0.0400
3.3633 -2.4282 -0.0400
3.3744 -2.4260 -0.0400
3.3848 -2.4244 -0.0400
3.3948 -2.4230 -0.0400
3.4035 -2.4233 -0.0400
3.4117 -2.4244 -0.0400
3.4194 -2.4259 -0.0400
3.4270 -2.4274 -0.0400
3.4353 -2.4274 -0.0400
3.4442 -2.4261 -0.0400
3.4525 -2.4254 -0.0400
3.4606 -2.4248 -0.0400
3.4680 -2.4256 -0.0400
3.4750 -2.4273 -0.0400
3.4822 -2.4283 -0.0400
3.4891 -2.4297 -0.0400
3.4958 -2.4320 -0.0400
3.5023 -2.4346 -0.0400
3.5086 -2.4380 -0.0400
3.5147 -2.4422 -0.0400
3.5211 -2.4457 -0.0400
3.5270 -2.4515 -0.0400
3.5334 -2.4560 -0.0400
3.5390 -2.4645 -0.0400
3.5454 -2.4702 -0.0400
3.5517 -2.4773 -0.0400
3.5567 -2.4942 -0.0400
3.5626 -2.5085 -0.0400
4.8395 -5.9712 -0.0400
4.9128 -5.9643 -0.0400
5.5211 -4.6365 -0.0400
6.7332 -6.1367 -0.0400
6.8127 -6.0925 -0.0400
6.3201 -3.7810 -0.0400
6.3122 -3.7102 -0.0400
6.3351 -3.6596 -0.0400
6.3989 -3.6325 -0.0400
6.6257 -3.6928 -0.0400
7.8004 -3.9688 -0.0400
7.7821 -3.8731 -0.0400
7.8412 -3.8117 -0.0400
7.6784 -2.1652 -0.0400
7.6925 -2.0944 -0.0400
4.4876 2.6612 -0.0400
4.4043 2.6712 -0.0400
2.5245 3.7778 -0.0400
1.2437 1.0387 -0.0400
1.1696 1.0218 -0.0400
1.1305 0.9610 -0.0400
1.0930 0.8996 -0.0400
1.0110 0.8892 -0.0400
0.9209 0.8851 -0.0400
0.8657 0.8417 -0.0400
0.2423 -1.6245 -0.0400
0.2647 -1.6871 -0.0400
0.2474 -1.7450 -0.0400
-1.3009 -2.1245 -0.0400
-1.2655 -2.2098 -0.0400
0.1670 -3.7354 -0.0400
0.2030 -3.7927 -0.0400
0.1897 -3.8760 -0.0400
-0.2869 -5.4540 -0.0400
-0.2568 -5.5491 -0.0400
3.3215 -2.4344 -0.0400
3.3395 -2.4254 -0.0400
3.3508 -2.4242 -0.0400
3.3629 -2.4215 -0.0400
3.3741 -2.4194 -0.0400
3.3827 -2.4207 -0.0400
3.3922 -2.4205 -0.0400
3.4007 -2.4215 -0.0400
3.4088 -2.4229 -0.0400
3.4167 -2.4244 -0.0400
3.4251 -2.4247 -0.0400
3.4341 -2.4238 -0.0400
3.4426 -2.4234 -0.0400
3.4508 -2.4233 -0.0400
3.4586 -2.4237 -0.0400
3.4659 -2.4250 -0.0400
3.4730 -2.4268 -0.0400
3.4799 -2.4287 -0.0400
3.4863 -2.4318 -0.0400
3.4929 -2.4346 -0.0400
3.4992 -2.4384 -0.0400
3.5053 -2.4427 -0.0400
3.5113 -2.4480 -0.0400
3.5177 -2.4520 -0.0400
3.5234 -2.4590 -0.0400
3.5288 -2.4679 -0.0400
3.5350 -2.4744 -0.0400
3.5398 -2.4885 -0.0400
3.5457 -2.4992 -0.0400
3.5389 -8.0278 -0.0400
4.7062 -6.0169 -0.0400
4.7749 -5.9954 -0.0400
4.8701 -6.0601 -0.0400
5.4628 -4.7438 -0.0400
5.4862 -4.6780 -0.0400
6.6608 -6.1872 -0.0400
6.7534 -6.1607 -0.0400
6.2640 -3.8080 -0.0400
6.2749 -3.7492 -0.0400
6.3108 -3.7068 -0.0400
6.5302 -3.7730 -0.0400
6.5980 -3.7438 -0.0400
7.7262 -4.0220 -0.0400
7.7452 -3.9432 -0.0400
7.8245 -3.8915 -0.0400
7.7419 -2.3129 -0.0400
7.6568 -2.2368 -0.0400
7.6874 -2.1671 -0.0400
6.8134 0.8618 -0.0400
6.7412 0.8975 -0.0400
6.6912 0.9534 -0.0400
4.6799 2.7034 -0.0400
4.5831 2.6545 -0.0400
4.4983 2.6577 -0.0400
4.4219 2.7089 -0.0400
2.5404 3.7636 -0.0400
2.3476 3.6771 -0.0400
1.2472 1.0694 -0.0400
1.2073 1.0091 -0.0400
1.1415 0.9813 -0.0400
1.0888 0.9371 -0.0400
1.0534 0.8734 -0.0400
0.9773 0.8553 -0.0400
0.8851 0.8520 -0.0400
0.8296 0.8085 -0.0400
-1.2961 -2.1963 -0.0400
-1.2583 -2.2811 -0.0400
0.1795 -3.7977 -0.0400
0.2357 -3.8449 -0.0400
0.1700 -3.9581 -0.0400
-0.3045 -5.4620 -0.0400
-0.2313 -5.5191 -0.0400
-0.2729 -5.6820 -0.0400
3.3055 -2.4492 -0.0400
3.3263 -2.4383 -0.0400
3.3398 -2.4354 -0.0400
3.3579 -2.4259 -0.0400
3.3678 -2.4265 -0.0400
3.3801 -2.4233 -0.0400
3.3915 -2.4209 -0.0400
3.3996 -2.4231 -0.0400
3.4085 -2.4237 -0.0400
3.4170 -2.4247 -0.0400
3.4245 -2.4272 -0.0400
3.4335 -2.4269 -0.0400
3.4430 -2.4254 -0.0400
3.4519 -2.4244 -0.0400
3.4601 -2.4246 -0.0400
3.4678 -2.4256 -0.0400
3.4753 -2.4269 -0.0400
3.4825 -2.4286 -0.0400
3.4896 -2.4306 -0.0400
3.4961 -2.4339 -0.0400
3.5026 -2.4374 -0.0400
3.5090 -2.4413 -0.0400
3.5152 -2.4459 -0.0400
3.5213 -2.4511 -0.0400
3.5278 -2.4553 -0.0400
3.5337 -2.4620 -0.0400
3.5394 -2.4704 -0.0400
3.5447 -2.4815 -0.0400
3.5510 -2.4895 -0.0400
3.5552 -2.5097 -0.0400
3.6449 -8.0231 -0.0400
4.7841 -6.0058 -0.0400
4.8477 -5.9672 -0.0400
4.9375 -6.0111 -0.0400
5.4667 -4.7364 -0.0400
5.4831 -4.6608 -0.0400
5.5413 -4.6457 -0.0400
6.7370 -6.1335 -0.0400
6.8367 -6.1153 -0.0400
6.3029 -3.8278 -0.0400
6.2848 -3.7494 -0.0400
6.3089 -3.6997 -0.0400
6.3690 -3.6717 -0.0400
6.5826 -3.7302 -0.0400
7.7606 -3.9491 -0.0400
7.7807 -3.8713 -0.0400
7.6945 -2.2410 -0.0400
7.6644 -2.1691 -0.0400
7.7064 -2.0993 -0.0400
6.7696 0.9048 -0.0400
6.7000 0.9420 -0.0400
6.6532 1.0010 -0.0400
4.6242 2.7472 -0.0400
4.5192 2.6508 -0.0400
4.4367 2.6642 -0.0400
4.3697 2.7807 -0.0400
2.5646 3.7755 -0.0400
2.4605 3.7674 -0.0400
2.3687 3.7019 -0.0400
2.2760 3.6468 -0.0400
1.2779 1.1618 -0.0400
1.2669 1.0615 -0.0400
1.1888 1.0496 -0.0400
1.1637 0.9714 -0.0400
1.1142 0.9240 -0.0400
1.0436 0.9006 -0.0400
0.9409 0.9107 -0.0400
0.8422 0.9127 -0.0400
0.0263 0.1708 -0.0400
-1.3479 -2.0151 -0.0400
-1.2989 -2.1020 -0.0400
0.1654 -3.7250 -0.0400
0.1920 -3.7875 -0.0400
0.1595 -3.8812 -0.0400
-0.3748 -5.3974 -0.0400
-0.2986 -5.4528 -0.0400
-0.3465 -5.6181 -0.0400
3.3000 -2.4453 -0.0400
3.3283 -2.4263 -0.0400
3.3421 -2.4233 -0.0400
3.3567 -2.4186 -0.0400
3.3666 -2.4194 -0.0400
3.3763 -2.4202 -0.0400
3.3872 -2.4188 -0.0400
3.3953 -2.4213 -0.0400
3.4043 -2.4222 -0.0400
3.4130 -2.4233 -0.0400
3.4216 -2.4243 -0.0400
3.4317 -2.4224 -0.0400
3.4412 -2.4211 -0.0400
3.4487 -2.4232 -0.0400
3.4567 -2.4241 -0.0400
3.4644 -2.4254 -0.0400
3.4718 -2.4272 -0.0400
3.4787 -2.4299 -0.0400
3.4854 -2.4332 -0.0400
3.4919 -2.4370 -0.0400
3.4984 -2.4409 -0.0400
3.5047 -2.4455 -0.0400
3.5104 -2.4520 -0.0400
3.5164 -2.4581 -0.0400
3.5221 -2.4655 -0.0400
3.5275 -2.4744 -0.0400
3.5326 -2.4858 -0.0400
3.5389 -2.4937 -0.0400
3.5425 -2.5142 -0.0400
3.5406 -8.0308 -0.0400
4.6510 -6.0560 -0.0400
4.7123 -6.0050 -0.0400
4.7977 -6.0426 -0.0400
5.4399 -4.6900 -0.0400
5.4973 -4.6745 -0.0400
6.6886 -6.2164 -0.0400
6.2581 -3.8613 -0.0400
6.2510 -3.7895 -0.0400
6.2813 -3.7438 -0.0400
6.5033 -3.8175 -0.0400
6.5835 -3.7970 -0.0400
7.7087 -4.0997 -0.0400
7.7178 -4.0156 -0.0400
7.7555 -3.9459 -0.0400
7.7144 -2.3858 -0.0400
7.6590 -2.3106 -0.0400
7.6501 -2.2397 -0.0400
7.7549 -2.1730 -0.0400
6.8238 0.8435 -0.0400
6.7535 0.8804 -0.0400
6.7563 0.9874 -0.0400
4.6182 -0.9188 -0.0400
4.5763 -0.9287 -0.0400
4.4604 2.7395 -0.0400
2.5778 3.7748 -0.0400
2.4841 3.7159 -0.0400
2.3847 3.6894 -0.0400
1.3256 1.1250 -0.0400
1.2808 1.0704 -0.0400
1.2053 1.0553 -0.0400
1.1678 0.9921 -0.0400
1.1282 0.9327 -0.0400
0.9995 0.9750 -0.0400
0.9538 0.9207 -0.0400
0.8758 0.9011 -0.0400
0.0264 0.1888 -0.0400
0.0209 0.1055 -0.0400
-0.0296 0.0491 -0.0400
0.1642 -3.7191 -0.0400
0.1594 -3.7975 -0.0400
-0.3944 -5.4066 -0.0400
-0.3648 -5.5030 -0.0400
3.2900 -2.4470 -0.0400
3.3145 -2.4339 -0.0400
3.3378 -2.4206 -0.0400
3.3493 -2.4204 -0.0400
3.3599 -2.4209 -0.0400
3.3737 -2.4169 -0.0400
3.3828 -2.4186 -0.0400
3.3927 -2.4188 -0.0400
3.4008 -2.4215 -0.0400
3.4088 -2.4241 -0.0400
3.4193 -2.4226 -0.0400
3.4280 -2.4236 -0.0400
3.4382 -2.4217 -0.0400
3.4471 -2.4218 -0.0400
3.4547 -2.4239 -0.0400
3.4626 -2.4253 -0.0400
3.4703 -2.4269 -0.0400
3.4771 -2.4302 -0.0400
3.4839 -2.4336 -0.0400
3.4905 -2.4376 -0.0400
3.4969 -2.4420 -0.0400
3.5031 -2.4471 -0.0400
3.5092 -2.4528 -0.0400
3.5152 -2.4590 -0.0400
3.5211 -2.4662 -0.0400
3.5268 -2.4743 -0.0400
3.5310 -2.4887 -0.0400
3.5355 -2.5034 -0.0400
3.5375 -2.5296 -0.0400
4.6577 -6.0657 -0.0400
4.7163 -6.0035 -0.0400
4.7961 -6.0215 -0.0400
5.3988 -4.7186 -0.0400
5.4525 -4.6983 -0.0400
6.5994 -6.2415 -0.0400
6.6818 -6.2023 -0.0400
6.2328 -3.9059 -0.0400
6.2389 -3.8423 -0.0400
6.2533 -3.7856 -0.0400
6.3060 -3.7545 -0.0400
6.5086 -3.8161 -0.0400
7.7224 -4.1047 -0.0400
7.7142 -4.0120 -0.0400
7.8135 -3.9713 -0.0400
7.7132 -2.3863 -0.0400
7.6445 -2.3103 -0.0400
7.6572 -2.2410 -0.0400
6.8375 0.8432 -0.0400
6.7641 0.8772 -0.0400
6.7536 0.9710 -0.0400
4.6229 -0.9232 -0.0400
4.5804 -0.9340 -0.0400
4.4801 -1.0188 -0.0400
4.4501 -1.0202 -0.0400
4.4223 -1.0197 -0.0400
2.7004 3.7856 -0.0400
2.6024 3.7470 -0.0400
2.4975 3.7467 -0.0400
2.4079 3.6732 -0.0400
1.1936 1.0039 -0.0400
1.1181 0.9868 -0.0400
1.0938 0.9096 -0.0400
1.0421 0.8646 -0.0400
0.9632 0.8485 -0.0400
0.8727 0.8421 -0.0400
0.8112 0.8041 -0.0400
-0.0145 0.0704 -0.0400
-0.0365 -0.0022 -0.0400
-0.1160 -0.0442 -0.0400
0.1493 -3.7904 -0.0400
0.2257 -3.8284 -0.0400
0.2474 -3.8941 -0.0400
0.2128 -3.9922 -0.0400
-0.2467 -5.5095 -0.0400
-0.2078 -5.5984 -0.0400
3.3202 -2.4487 -0.0400
3.3492 -2.4285 -0.0400
3.3626 -2.4262 -0.0400
3.3738 -2.4262 -0.0400
3.3846 -2.4262 -0.0400
3.3979 -2.4225 -0.0400
3.4067 -2.4245 -0.0400
3.4152 -2.4269 -0.0400
3.4249 -2.4271 -0.0400
3.4339 -2.4282 -0.0400
3.4455 -2.4246 -0.0400
3.4543 -2.4253 -0.0400
3.4627 -2.4265 -0.0400
3.4715 -2.4266 -0.0400
3.4792 -2.4288 -0.0400
3.4873 -2.4301 -0.0400
3.4945 -2.4329 -0.0400
3.5016 -2.4361 -0.0400
3.5083 -2.4402 -0.0400
3.5148 -2.4449 -0.0400
3.5216 -2.4490 -0.0400
3.5278 -2.4549 -0.0400
3.5339 -2.4616 -0.0400
3.5399 -2.4693 -0.0400
3.5455 -2.4787 -0.0400
3.5509 -2.4900 -0.0400
3.5559 -2.5044 -0.0400
3.5592 -2.5275 -0.0400
3.6466 -8.0117 -0.0400
4.8024 -6.0184 -0.0400
4.8707 -5.9934 -0.0400
5.5018 -4.6538 -0.0400
5.5492 -4.6240 -0.0400
6.7506 -6.1359 -0.0400
6.2929 -3.7365 -0.0400
6.3201 -3.6890 -0.0400
6.5457 -3.7615 -0.0400
6.5954 -3.7225 -0.0400
7.7781 -3.9512 -0.0400
7.7921 -3.8706 -0.0400
7.6922 -2.2432 -0.0400
7.6543 -2.1714 -0.0400
7.6675 -2.1020 -0.0400
6.8220 0.9111 -0.0400
6.7270 0.9240 -0.0400
6.6724 0.9745 -0.0400
6.6479 1.0560 -0.0400
4.6020 -0.8832 -0.0400
4.5037 -0.9675 -0.0400
4.4566 -0.9911 -0.0400
4.4263 -0.9943 -0.0400
4.3984 -0.9952 -0.0400
4.3552 -1.0199 -0.0400
4.3170 -1.0398 -0.0400
4.2896 -1.0448 -0.0400
2.5282 3.7551 -0.0400
2.4301 3.7203 -0.0400
2.3312 3.6913 -0.0400
1.2339 1.0724 -0.0400
1.1907 1.0161 -0.0400
1.1522 0.9551 -0.0400
1.0243 0.9970 -0.0400
0.9764 0.9451 -0.0400
0.8810 0.9438 -0.0400
0.0275 0.2254 -0.0400
0.0356 0.1334 -0.0400
-0.0194 0.0793 -0.0400
0.1197 -3.6495 -0.0400
0.1549 -3.7085 -0.0400
0.1291 -3.7978 -0.0400
-0.3800 -5.3787 -0.0400
3.2980 -2.4308 -0.0400
3.3174 -2.4241 -0.0400
3.3339 -2.4196 -0.0400
3.3463 -2.4192 -0.0400
3.3578 -2.4193 -0.0400
3.3727 -2.4149 -0.0400
3.3819 -2.4171 -0.0400
3.3906 -2.4198 -0.0400
3.3992 -2.4224 -0.0400
3.4103 -2.4212 -0.0400
3.4202 -2.4215 -0.0400
3.4295 -2.4222 -0.0400
3.4400 -2.4208 -0.0400
3.4481 -2.4229 -0.0400
3.4567 -2.4240 -0.0400
3.4643 -2.4266 -0.0400
3.4717 -2.4298 -0.0400
3.4787 -2.4334 -0.0400
3.4856 -2.4374 -0.0400
3.4921 -2.4423 -0.0400
3.4982 -2.4482 -0.0400
3.5048 -2.4533 -0.0400
3.5105 -2.4610 -0.0400
3.5158 -2.4700 -0.0400
3.5222 -2.4767 -0.0400
3.5269 -2.4890 -0.0400
3.5307 -2.5055 -0.0400
3.5314 -2.5344 -0.0400
3.4368 -8.0144 -0.0400
4.6546 -6.0189 -0.0400
4.7361 -6.0462 -0.0400
5.3661 -4.7497 -0.0400
5.4094 -4.7133 -0.0400
6.5488 -6.3167 -0.0400
6.6018 -6.2346 -0.0400
6.2090 -3.8760 -0.0400
6.2270 -3.8216 -0.0400
6.2656 -3.7820 -0.0400
6.4793 -3.8563 -0.0400
6.5703 -3.8444 -0.0400
7.6842 -4.0803 -0.0400
7.7259 -4.0130 -0.0400
7.6469 -2.3802 -0.0400
7.6433 -2.3101 -0.0400
7.6693 -2.2419 -0.0400
6.8323 0.8153 -0.0400
6.7875 0.8750 -0.0400
4.6133 -0.9515 -0.0400
4.5569 -0.9800 -0.0400
4.4927 -1.0215 -0.0400
4.4607 -1.0257 -0.0400
4.4261 -1.0349 -0.0400
4.3913 -1.0459 -0.0400
4.3494 -1.0688 -0.0400
4.3216 -1.0735 -0.0400
4.2929 -1.0808 -0.0400
4.2735 -1.0746 -0.0400
4.2548 -1.0677 -0.0400
2.7383 3.7876 -0.0400
2.6395 3.7548 -0.0400
2.5459 3.6982 -0.0400
1.0367 0.9115 -0.0400
0.9420 0.9114 -0.0400
0.8797 0.8745 -0.0400
0.0040 0.1772 -0.0400
0.0087 0.0880 -0.0400
-0.0523 0.0368 -0.0400
0.1319 -3.7081 -0.0400
0.1857 -3.7584 -0.0400
0.1952 -3.8306 -0.0400
-0.4163 -5.3962 -0.0400
-0.3199 -5.4363 -0.0400
-0.3682 -5.6019 -0.0400
3.3083 -2.4368 -0.0400
3.3282 -2.4293 -0.0400
3.3452 -2.4242 -0.0400
3.3626 -2.4179 -0.0400
3.3741 -2.4179 -0.0400
3.3845 -2.4191 -0.0400
3.3938 -2.4214 -0.0400
3.4028 -2.4239 -0.0400
3.4136 -2.4235 -0.0400
3.4243 -2.4229 -0.0400
3.4341 -2.4233 -0.0400
3.4436 -2.4238 -0.0400
3.4536 -2.4233 -0.0400
3.4617 -2.4256 -0.0400
3.4697 -2.4282 -0.0400
3.4777 -2.4304 -0.0400
3.4849 -2.4340 -0.0400
3.4918 -2.4386 -0.0400
3.4987 -2.4430 -0.0400
3.5056 -2.4476 -0.0400
3.5116 -2.4545 -0.0400
3.5184 -2.4598 -0.0400
3.5238 -2.4691 -0.0400
3.5286 -2.4807 -0.0400
3.5348 -2.4892 -0.0400
3.5382 -2.5072 -0.0400
3.5371 -2.5426 -0.0400
3.4364 -8.0069 -0.0400
3.5414 -8.0054 -0.0400
4.6609 -6.0235 -0.0400
4.7297 -6.0016 -0.0400
4.8160 -6.0431 -0.0400
5.4248 -4.7229 -0.0400
6.6053 -6.2327 -0.0400
6.7097 -6.2244 -0.0400
6.2317 -3.8837 -0.0400
6.2396 -3.8217 -0.0400
6.2633 -3.7718 -0.0400
6.3104 -3.7376 -0.0400
6.5427 -3.8194 -0.0400
7.7305 -4.1000 -0.0400
7.7273 -4.0098 -0.0400
7.8104 -3.9619 -0.0400
7.6473 -2.3093 -0.0400
7.6485 -2.2399 -0.0400
7.7418 -2.1740 -0.0400
6.8579 0.8246 -0.0400
6.7797 0.8536 -0.0400
6.7345 0.9124 -0.0400
6.7478 1.0302 -0.0400
4.6076 -0.9297 -0.0400
4.5710 -0.9352 -0.0400
4.4892 -1.0001 -0.0400
4.4423 -1.0247 -0.0400
4.4170 -1.0224 -0.0400
4.3945 -1.0170 -0.0400
4.3425 -1.0557 -0.0400
4.3064 -1.0738 -0.0400
4.2846 -1.0715 -0.0400
4.2651 -1.0661 -0.0400
4.2462 -1.0598 -0.0400
4.2288 -1.0512 -0.0400
4.2129 -1.0399 -0.0400
4.1977 -1.0271 -0.0400
2.6607 3.7768 -0.0400
2.5649 3.7297 -0.0400
2.4706 3.6805 -0.0400
0.0836 0.2292 -0.0400
0.0505 0.1623 -0.0400
-0.0122 0.1125 -0.0400
2.3347 -1.5771 -0.0400
2.3674 -1.6131 -0.0400
0.1198 -3.6317 -0.0400
0.1407 -3.6978 -0.0400
0.1062 -3.7917 -0.0400
-0.4469 -5.2949 -0.0400
-0.4020 -5.3777 -0.0400
3.2870 -2.4306 -0.0400
3.3100 -2.4213 -0.0400
3.3280 -2.4162 -0.0400
3.3411 -2.4159 -0.0400
3.3535 -2.4159 -0.0400
3.3655 -2.4160 -0.0400
3.3760 -2.4174 -0.0400
3.3875 -2.4172 -0.0400
3.3966 -2.4199 -0.0400
3.4069 -2.4207 -0.0400
3.4174 -2.4208 -0.0400
3.4275 -2.4213 -0.0400
3.4384 -2.4201 -0.0400
3.4468 -2.4224 -0.0400
3.4550 -2.4252 -0.0400
3.4630 -2.4279 -0.0400
3.4706 -2.4314 -0.0400
3.4777 -2.4357 -0.0400
3.4848 -2.4401 -0.0400
3.4910 -2.4464 -0.0400
3.4977 -2.4520 -0.0400
3.5031 -2.4607 -0.0400
3.5095 -2.4674 -0.0400
3.5157 -2.4749 -0.0400
3.5197 -2.4891 -0.0400
3.5253 -2.4999 -0.0400
3.5255 -2.5275 -0.0400
3.3313 -7.9953 -0.0400
4.5973 -6.0595 -0.0400
4.6663 -6.0359 -0.0400
4.7582 -6.1021 -0.0400
5.3384 -4.7899 -0.0400
5.3704 -4.7344 -0.0400
5.4393 -4.7383 -0.0400
6.5358 -6.2865 -0.0400
6.6170 -6.2462 -0.0400
6.1973 -3.9220 -0.0400
6.2069 -3.8608 -0.0400
6.2347 -3.8137 -0.0400
6.4590 -3.9010 -0.0400
6.5254 -3.8747 -0.0400
7.6661 -4.1534 -0.0400
7.6880 -4.0759 -0.0400
7.6489 -2.4481 -0.0400
7.6295 -2.3764 -0.0400
7.6483 -2.3085 -0.0400
7.7598 -2.2454 -0.0400
6.8293 0.7926 -0.0400
6.8070 0.8723 -0.0400
4.6134 -0.9651 -0.0400
4.5388 -1.0158 -0.0400
4.4932 -1.0357 -0.0400
4.4631 -1.0383 -0.0400
4.4360 -1.0382 -0.0400
4.4135 -1.0326 -0.0400
4.3503 -1.0856 -0.0400
4.3249 -1.0877 -0.0400
4.3029 -1.0856 -0.0400
4.2830 -1.0808 -0.0400
4.2633 -1.0760 -0.0400
4.2468 -1.0664 -0.0400
4.2312 -1.0548 -0.0400
4.2164 -1.0418 -0.0400
4.2067 -1.0185 -0.0400
4.1956 -0.9966 -0.0400
4.1870 -0.9680 -0.0400
2.7752 3.7897 -0.0400
2.6799 3.7381 -0.0400
2.5770 3.7317 -0.0400
0.0857 0.2475 -0.0400
0.0596 0.1761 -0.0400
0.0030 0.1229 -0.0400
2.3473 -1.5693 -0.0400
2.3616 -1.5997 -0.0400
2.3782 -1.6300 -0.0400
2.3794 -1.6553 -0.0400
2.3806 -1.6803 -0.0400
0.0111 -3.5936 -0.0400
0.1131 -3.6249 -0.0400
0.1408 -3.6881 -0.0400
0.1108 -3.7798 -0.0400
-0.4731 -5.3049 -0.0400
-0.3933 -5.3600 -0.0400
3.2784 -2.4393 -0.0400
3.3063 -2.4255 -0.0400
3.3252 -2.4200 -0.0400
3.3454 -2.4120 -0.0400
3.3579 -2.4121 -0.0400
3.3689 -2.4134 -0.0400
3.3786 -2.4161 -0.0400
3.3880 -2.4189 -0.0400
3.3973 -2.4216 -0.0400
3.4084 -2.4217 -0.0400
3.4222 -2.4174 -0.0400
3.4315 -2.4191 -0.0400
3.4404 -2.4213 -0.0400
3.4489 -2.4239 -0.0400
3.4572 -2.4267 -0.0400
3.4653 -2.4297 -0.0400
3.4726 -2.4341 -0.0400
3.4798 -2.4387 -0.0400
3.4868 -2.4437 -0.0400
3.4928 -2.4511 -0.0400
3.4994 -2.4572 -0.0400
3.5059 -2.4641 -0.0400
3.5103 -2.4761 -0.0400
3.5162 -2.4854 -0.0400
3.5182 -2.5055 -0.0400
3.5220 -2.5227 -0.0400
3.3301 -7.9934 -0.0400
4.5314 -6.0836 -0.0400
4.5947 -6.0325 -0.0400
4.6812 -6.0841 -0.0400
5.3488 -4.7964 -0.0400
5.3892 -4.7539 -0.0400
6.4666 -6.3395 -0.0400
6.5373 -6.2836 -0.0400
6.2014 -3.9180 -0.0400
6.2065 -3.8534 -0.0400
6.2650 -3.8282 -0.0400
6.4640 -3.8980 -0.0400
6.5371 -3.8761 -0.0400
7.6606 -4.1468 -0.0400
7.7472 -4.1030 -0.0400
7.6518 -2.4466 -0.0400
7.6292 -2.3747 -0.0400
7.6529 -2.3073 -0.0400
6.9019 0.7496 -0.0400
6.8319 0.7861 -0.0400
6.7935 0.8506 -0.0400
4.6235 -0.9590 -0.0400
4.5893 -0.9617 -0.0400
4.5033 -1.0293 -0.0400
4.4590 -1.0499 -0.0400
4.4353 -1.0458 -0.0400
4.3968 -1.0627 -0.0400
4.3580 -1.0822 -0.0400
4.3306 -1.0873 -0.0400
4.3080 -1.0863 -0.0400
4.2847 -1.0872 -0.0400
4.2673 -1.0791 -0.0400
4.2505 -1.0702 -0.0400
4.2352 -1.0588 -0.0400
4.2237 -1.0399 -0.0400
4.2109 -1.0228 -0.0400
4.2000 -1.0010 -0.0400
4.1919 -0.9721 -0.0400
2.7917 3.8005 -0.0400
2.6976 3.7416 -0.0400
2.6015 3.7005 -0.0400
2.4964 3.7054 -0.0400
1.3934 1.1730 -0.0400
1.3460 1.1215 -0.0400
0.0795 0.2712 -0.0400
0.0586 0.1962 -0.0400
-0.0549 0.1756 -0.0400
2.3095 -1.5448 -0.0400
2.3662 -1.5892 -0.0400
2.3728 -1.6167 -0.0400
2.3835 -1.6448 -0.0400
2.3811 -1.6690 -0.0400
2.3782 -1.6930 -0.0400
2.3713 -1.7161 -0.0400
2.3578 -1.7379 -0.0400
0.0061 -3.5851 -0.0400
0.1080 -3.6168 -0.0400
0.1378 -3.6792 -0.0400
-0.4566 -5.2804 -0.0400
-0.4288 -5.3776 -0.0400
3.2931 -2.4237 -0.0400
3.3129 -2.4181 -0.0400
3.3298 -2.4148 -0.0400
3.3431 -2.4147 -0.0400
3.3560 -2.4147 -0.0400
3.3678 -2.4154 -0.0400
3.3803 -2.4149 -0.0400
3.3899 -2.4178 -0.0400
3.4011 -2.4182 -0.0400
3.4123 -2.4184 -0.0400
3.4229 -2.4188 -0.0400
3.4325 -2.4206 -0.0400
3.4416 -2.4228 -0.0400
3.4513 -2.4238 -0.0400
3.4592 -2.4276 -0.0400
3.4669 -2.4317 -0.0400
3.4742 -2.4365 -0.0400
3.4814 -2.4414 -0.0400
3.4875 -2.4487 -0.0400
3.4942 -2.4551 -0.0400
3.5007 -2.4622 -0.0400
3.5071 -2.4697 -0.0400
3.5106 -2.4846 -0.0400
3.5159 -2.4960 -0.0400
3.5206 -2.5101 -0.0400
4.5315 -6.0696 -0.0400
4.5995 -6.0405 -0.0400
4.6835 -6.0811 -0.0400
5.3017 -4.8170 -0.0400
5.3323 -4.7573 -0.0400
5.3929 -4.7492 -0.0400
6.4734 -6.3452 -0.0400
6.5371 -6.2780 -0.0400
6.1749 -3.9597 -0.0400
6.1827 -3.8963 -0.0400
6.2096 -3.8484 -0.0400
6.2663 -3.8221 -0.0400
6.4667 -3.8932 -0.0400
7.6610 -4.1431 -0.0400
7.7004 -2.5206 -0.0400
7.6267 -2.4415 -0.0400
7.6299 -2.3726 -0.0400
7.6790 -2.3073 -0.0400
6.9808 0.7117 -0.0400
6.8875 0.7295 -0.0400
6.8378 0.7833 -0.0400
6.8245 0.8707 -0.0400
4.6574 -0.9622 -0.0400
4.6146 -0.9738 -0.0400
4.5369 -1.0286 -0.0400
4.4952 -1.0444 -0.0400
4.4658 -1.0467 -0.0400
4.4399 -1.0457 -0.0400
4.4178 -1.0403 -0.0400
4.3533 -1.0954 -0.0400
4.3291 -1.0964 -0.0400
4.3077 -1.0943 -0.0400
4.2888 -1.0887 -0.0400
4.2709 -1.0818 -0.0400
4.2541 -1.0732 -0.0400
4.2401 -1.0598 -0.0400
4.2267 -1.0449 -0.0400
4.2141 -1.0279 -0.0400
4.2030 -1.0073 -0.0400
4.2156 -0.9351 -0.0400
2.6192 3.7022 -0.0400
1.3735 1.2286 -0.0400
1.3589 1.1320 -0.0400
1.2827 1.1182 -0.0400
1.2531 1.0446 -0.0400
1.1975 1.0044 -0.0400
0.0839 0.3781 -0.0400
0.1081 0.2732 -0.0400
0.0746 0.2063 -0.0400
0.0036 0.1613 -0.0400
2.3438 -1.5701 -0.0400
2.3749 -1.6052 -0.0400
2.3788 -1.6317 -0.0400
2.3836 -1.6579 -0.0400
2.3798 -1.6818 -0.0400
2.3720 -1.7048 -0.0400
2.3630 -1.7276 -0.0400
2.3420 -1.7485 -0.0400
2.3247 -1.7706 -0.0400
2.2708 -1.7879 -0.0400
0.0364 -3.5610 -0.0400
0.1054 -3.6070 -0.0400
0.0883 -3.6915 -0.0400
-0.4713 -5.2799 -0.0400
3.2795 -2.4357 -0.0400
3.3182 -2.4112 -0.0400
3.3322 -2.4111 -0.0400
3.3455 -2.4112 -0.0400
3.3584 -2.4114 -0.0400
3.3690 -2.4138 -0.0400
3.3790 -2.4167 -0.0400
3.3889 -2.4196 -0.0400
3.3997 -2.4209 -0.0400
3.4151 -2.4156 -0.0400
3.4251 -2.4173 -0.0400
3.4345 -2.4196 -0.0400
3.4433 -2.4225 -0.0400
3.4520 -2.4254 -0.0400
3.4601 -2.4293 -0.0400
3.4678 -2.4337 -0.0400
3.4748 -2.4396 -0.0400
3.4818 -2.4453 -0.0400
3.4886 -2.4517 -0.0400
3.4953 -2.4585 -0.0400
3.5018 -2.4662 -0.0400
3.5054 -2.4807 -0.0400
3.5107 -2.4920 -0.0400
3.5154 -2.5059 -0.0400
3.5184 -2.5251 -0.0400
4.5301 -6.0497 -0.0400
4.6053 -6.0549 -0.0400
4.6906 -6.0996 -0.0400
5.2994 -4.8019 -0.0400
5.3371 -4.7547 -0.0400
5.4014 -4.7526 -0.0400
6.4628 -6.3234 -0.0400
6.1865 -3.9614 -0.0400
6.1796 -3.8863 -0.0400
6.2319 -3.8575 -0.0400
6.4347 -3.9354 -0.0400
6.5025 -3.9112 -0.0400
7.6252 -4.2090 -0.0400
7.6635 -4.1404 -0.0400
7.6454 -2.5107 -0.0400
7.6298 -2.4392 -0.0400
7.6433 -2.3713 -0.0400
7.7813 -2.3131 -0.0400
6.8988 0.7323 -0.0400
6.8375 0.7759 -0.0400
4.6239 -0.9670 -0.0400
4.5671 -0.9969 -0.0400
4.4889 -1.0562 -0.0400
4.4612 -1.0570 -0.0400
4.4386 -1.0523 -0.0400
4.3953 -1.0761 -0.0400
4.3607 -1.0905 -0.0400
4.3342 -1.0949 -0.0400
4.3124 -1.0936 -0.0400
4.2898 -1.0940 -0.0400
4.2733 -1.0853 -0.0400
4.2574 -1.0757 -0.0400
4.2427 -1.0639 -0.0400
4.2289 -1.0501 -0.0400
4.2163 -1.0337 -0.0400
4.2133 -0.9972 -0.0400
4.2108 -0.9572 -0.0400
1.4193 1.1934 -0.0400
1.3732 1.1402 -0.0400
1.2971 1.1266 -0.0400
1.2571 1.0660 -0.0400
1.2159 1.0081 -0.0400
1.0879 1.0515 -0.0400
1.0371 1.0026 -0.0400
0.0978 0.2998 -0.0400
0.0729 0.2272 -0.0400
2.3351 -1.5548 -0.0400
2.3744 -1.5927 -0.0400
2.3795 -1.6197 -0.0400
2.3816 -1.6454 -0.0400
2.3819 -1.6704 -0.0400
2.3767 -1.6940 -0.0400
2.3640 -1.7162 -0.0400
2.3514 -1.7387 -0.0400
2.3208 -1.7585 -0.0400
2.2931 -1.7798 -0.0400
0.2515 -1.5507 -0.0400
0.0658 -3.6904 -0.0400
-0.5514 -5.2105 -0.0400
-0.4692 -5.2653 -0.0400
-0.5271 -5.4323 -0.0400
3.2901 -2.4226 -0.0400
3.3105 -2.4170 -0.0400
3.3275 -2.4143 -0.0400
3.3413 -2.4143 -0.0400
3.3591 -2.4092 -0.0400
3.3694 -2.4123 -0.0400
3.3794 -2.4154 -0.0400
3.3894 -2.4184 -0.0400
3.4022 -2.4175 -0.0400
3.4136 -2.4179 -0.0400
3.4242 -2.4191 -0.0400
3.4338 -2.4213 -0.0400
3.4443 -2.4221 -0.0400
3.4526 -2.4261 -0.0400
3.4605 -2.4306 -0.0400
3.4680 -2.4358 -0.0400
3.4754 -2.4413 -0.0400
3.4826 -2.4472 -0.0400
3.4895 -2.4539 -0.0400
3.4943 -2.4651 -0.0400
3.5002 -2.4745 -0.0400
3.5058 -2.4853 -0.0400
3.5108 -2.4980 -0.0400
3.5148 -2.5143 -0.0400
4.4672 -6.0978 -0.0400
4.5311 -6.0437 -0.0400
4.6059 -6.0469 -0.0400
5.2973 -4.7876 -0.0400
5.3426 -4.7536 -0.0400
6.3968 -6.3829 -0.0400
6.4651 -6.3224 -0.0400
6.1652 -3.9367 -0.0400
6.1831 -3.8814 -0.0400
6.2291 -3.8480 -0.0400
6.4360 -3.9294 -0.0400
7.6302 -4.2075 -0.0400
7.6640 -4.1364 -0.0400
7.6351 -2.5063 -0.0400
7.6268 -2.4359 -0.0400
7.6628 -2.3704 -0.0400
6.9596 0.6817 -0.0400
6.8886 0.7174 -0.0400
6.8476 0.7784 -0.0400
6.8685 0.8965 -0.0400
4.6524 -0.9738 -0.0400
4.6142 -0.9809 -0.0400
4.5331 -1.0399 -0.0400
4.4955 -1.0513 -0.0400
4.4671 -1.0532 -0.0400
4.4422 -1.0515 -0.0400
4.3839 -1.0957 -0.0400
4.3558 -1.1020 -0.0400
4.3323 -1.1026 -0.0400
4.3115 -1.1002 -0.0400
4.2931 -1.0946 -0.0400
4.2759 -1.0875 -0.0400
4.2596 -1.0789 -0.0400
4.2466 -1.0645 -0.0400
4.2341 -1.0487 -0.0400
4.2223 -1.0311 -0.0400
4.2129 -1.0078 -0.0400
4.2076 -0.9744 -0.0400
4.9145 2.6442 -0.0400
4.8165 2.5936 -0.0400
1.4154 1.2268 -0.0400
1.3867 1.1495 -0.0400
1.3092 1.1378 -0.0400
1.2791 1.0648 -0.0400
1.2250 1.0228 -0.0400
1.1444 1.0115 -0.0400
1.0523 1.0106 -0.0400
0.9867 0.9781 -0.0400
0.0924 0.2353 -0.0400
0.0215 0.1903 -0.0400
2.3563 -1.5486 -0.0400
2.3709 -1.5791 -0.0400
2.3780 -1.6068 -0.0400
2.3815 -1.6331 -0.0400
2.3839 -1.6587 -0.0400
2.3790 -1.6825 -0.0400
2.3712 -1.7057 -0.0400
2.3534 -1.7272 -0.0400
2.3374 -1.7495 -0.0400
2.2891 -1.7676 -0.0400
0.2660 -1.5379 -0.0400
-1.3250 -1.7831 -0.0400
-0.5771 -5.2163 -0.0400
-0.4739 -5.2555 -0.0400
3.2940 -2.4155 -0.0400
3.3141 -2.4104 -0.0400
3.3285 -2.4105 -0.0400
3.3422 -2.4108 -0.0400
3.3555 -2.4112 -0.0400
3.3664 -2.4139 -0.0400
3.3767 -2.4170 -0.0400
3.3914 -2.4145 -0.0400
3.4033 -2.4148 -0.0400
3.4147 -2.4155 -0.0400
3.4247 -2.4178 -0.0400
3.4343 -2.4205 -0.0400
3.4434 -2.4236 -0.0400
3.4522 -2.4273 -0.0400
3.4604 -2.4318 -0.0400
3.4676 -2.4379 -0.0400
3.4748 -2.4441 -0.0400
3.4818 -2.4510 -0.0400
3.4885 -2.4585 -0.0400
3.4949 -2.4669 -0.0400
3.5009 -2.4767 -0.0400
3.5065 -2.4880 -0.0400
3.5053 -2.5159 -0.0400
4.4634 -6.0671 -0.0400
4.5338 -6.0478 -0.0400
4.6221 -6.1134 -0.0400
5.2647 -4.8352 -0.0400
5.2977 -4.7780 -0.0400
6.3928 -6.3719 -0.0400
6.4693 -6.3247 -0.0400
6.1394 -3.9785 -0.0400
6.1535 -3.9196 -0.0400
6.1949 -3.8829 -0.0400
6.4028 -3.9703 -0.0400
6.4579 -3.9382 -0.0400
7.5990 -4.2759 -0.0400
7.6260 -4.2007 -0.0400
7.7254 -4.1658 -0.0400
7.6373 -2.5032 -0.0400
7.6330 -2.4333 -0.0400
7.6778 -2.3688 -0.0400
6.9724 0.6871 -0.0400
6.8923 0.7153 -0.0400
6.8802 0.8015 -0.0400
4.6686 -0.9579 -0.0400
4.5652 -1.0381 -0.0400
4.5178 -1.0599 -0.0400
4.4882 -1.0625 -0.0400
4.4613 -1.0631 -0.0400
4.4398 -1.0576 -0.0400
4.3943 -1.0849 -0.0400
4.3619 -1.0970 -0.0400
4.3365 -1.1005 -0.0400
4.3113 -1.1049 -0.0400
4.2934 -1.0990 -0.0400
4.2773 -1.0903 -0.0400
4.2620 -1.0805 -0.0400
4.2478 -1.0686 -0.0400
4.2348 -1.0544 -0.0400
4.2229 -1.0376 -0.0400
4.2221 -0.9976 -0.0400
4.9199 2.6196 -0.0400
4.8260 2.5838 -0.0400
4.7479 2.6109 -0.0400
4.6849 2.7138 -0.0400
1.4521 1.2034 -0.0400
1.3992 1.1598 -0.0400
1.3125 1.1601 -0.0400
1.2863 1.0819 -0.0400
1.2421 1.0279 -0.0400
1.1139 1.0722 -0.0400
1.0633 1.0232 -0.0400
0.9625 1.0289 -0.0400
2.3378 -1.5298 -0.0400
2.3631 -1.5641 -0.0400
2.3739 -1.5930 -0.0400
2.3875 -1.6221 -0.0400
2.3852 -1.6467 -0.0400
2.3812 -1.6707 -0.0400
2.3746 -1.6942 -0.0400
2.3575 -1.7159 -0.0400
2.3416 -1.7383 -0.0400
2.3207 -1.7603 -0.0400
0.2560 -1.5218 -0.0400
-1.3389 -1.7659 -0.0400
-1.2713 -1.8564 -0.0400
-1.3173 -1.9439 -0.0400
-0.5902 -5.2117 -0.0400
-0.5031 -5.2640 -0.0400
3.2843 -2.4211 -0.0400
3.3050 -2.4160 -0.0400
3.3225 -2.4133 -0.0400
3.3426 -2.4070 -0.0400
3.3550 -2.4086 -0.0400
3.3656 -2.4120 -0.0400
3.3760 -2.4153 -0.0400
3.3867 -2.4181 -0.0400
3.3998 -2.4174 -0.0400
3.4116 -2.4179 -0.0400
3.4245 -2.4165 -0.0400
3.4339 -2.4198 -0.0400
3.4431 -2.4233 -0.0400
3.4515 -2.4278 -0.0400
3.4595 -2.4329 -0.0400
3.4673 -2.4384 -0.0400
3.4747 -2.4448 -0.0400
3.4819 -2.4516 -0.0400
3.4867 -2.4633 -0.0400
3.4927 -2.4733 -0.0400
3.4982 -2.4849 -0.0400
3.5029 -2.4989 -0.0400
3.5059 -2.5178 -0.0400
4.4641 -6.0637 -0.0400
4.5356 -6.0495 -0.0400
4.6223 -6.1074 -0.0400
5.2541 -4.8055 -0.0400
5.3036 -4.7786 -0.0400
6.3892 -6.3620 -0.0400
6.4800 -6.3378 -0.0400
6.1457 -3.9760 -0.0400
6.1588 -3.9161 -0.0400
6.1955 -3.8758 -0.0400
6.4194 -3.9757 -0.0400
7.6164 -4.2818 -0.0400
7.6270 -4.1967 -0.0400
7.6440 -2.5703 -0.0400
7.6229 -2.4976 -0.0400
7.6631 -2.4333 -0.0400
7.7681 -2.3745 -0.0400
6.9417 0.6576 -0.0400
6.8927 0.7110 -0.0400
6.8719 0.7891 -0.0400
4.6427 -0.9870 -0.0400
4.6105 -0.9881 -0.0400
4.5240 -1.0538 -0.0400
4.4920 -1.0594 -0.0400
4.4578 -1.0691 -0.0400
4.4258 -1.0777 -0.0400
4.3829 -1.1025 -0.0400
4.3559 -1.1079 -0.0400
4.3335 -1.1078 -0.0400
4.3135 -1.1049 -0.0400
4.2955 -1.0993 -0.0400
4.2789 -1.0920 -0.0400
4.2642 -1.0814 -0.0400
4.2508 -1.0685 -0.0400
4.2389 -1.0526 -0.0400
4.2276 -1.0349 -0.0400
4.2195 -1.0099 -0.0400
4.2159 -0.9741 -0.0400
4.9305 2.6169 -0.0400
4.8341 2.5708 -0.0400
4.7598 2.6131 -0.0400
1.4627 1.2162 -0.0400
1.4140 1.1669 -0.0400
1.3419 1.1485 -0.0400
1.3077 1.0810 -0.0400
1.2484 1.0457 -0.0400
1.1636 1.0394 -0.0400
1.0781 1.0313 -0.0400
1.0103 1.0014 -0.0400
2.3728 -1.5539 -0.0400
2.3815 -1.5823 -0.0400
2.3857 -1.6089 -0.0400
2.3860 -1.6343 -0.0400
2.3831 -1.6587 -0.0400
2.3743 -1.6818 -0.0400
2.3632 -1.7047 -0.0400
2.3485 -1.7272 -0.0400
2.3285 -1.7493 -0.0400
0.2507 -1.5060 -0.0400
-1.3095 -1.7501 -0.0400
-1.2758 -1.8395 -0.0400
-0.5426 -5.1611 -0.0400
-0.5088 -5.2534 -0.0400
3.2875 -2.4130 -0.0400
3.3077 -2.4085 -0.0400
3.3226 -2.4087 -0.0400
3.3366 -2.4094 -0.0400
3.3503 -2.4100 -0.0400
3.3616 -2.4130 -0.0400
3.3748 -2.4132 -0.0400
3.3872 -2.4141 -0.0400
3.3996 -2.4146 -0.0400
3.4113 -2.4155 -0.0400
3.4217 -2.4180 -0.0400
3.4316 -2.4210 -0.0400
3.4412 -2.4243 -0.0400
3.4502 -2.4282 -0.0400
3.4582 -2.4339 -0.0400
3.4658 -2.4401 -0.0400
3.4732 -2.4469 -0.0400
3.4802 -2.4545 -0.0400
3.4869 -2.4631 -0.0400
3.4932 -2.4729 -0.0400
3.4989 -2.4843 -0.0400
3.4976 -2.5120 -0.0400
3.4948 -2.5455 -0.0400
4.4640 -6.0576 -0.0400
4.5427 -6.0813 -0.0400
5.2362 -4.8850 -0.0400
5.2577 -4.8030 -0.0400
6.3459 -6.4632 -0.0400
6.3952 -6.3686 -0.0400
6.1161 -4.0152 -0.0400
6.1292 -3.9545 -0.0400
6.1632 -3.9120 -0.0400
6.2342 -3.8985 -0.0400
6.4188 -3.9682 -0.0400
6.5044 -3.9580 -0.0400
7.5907 -4.2618 -0.0400
7.6457 -4.2029 -0.0400
7.6262 -2.5635 -0.0400
7.6199 -2.4933 -0.0400
7.6460 -2.4275 -0.0400
7.0191 0.6231 -0.0400
6.9417 0.6540 -0.0400
6.8938 0.7080 -0.0400
6.8714 0.7845 -0.0400
4.6287 -1.0021 -0.0400
4.5445 -1.0624 -0.0400
4.5102 -1.0700 -0.0400
4.4832 -1.0705 -0.0400
4.4590 -1.0684 -0.0400
4.4381 -1.0628 -0.0400
4.3873 -1.0978 -0.0400
4.3508 -1.1164 -0.0400
4.3303 -1.1142 -0.0400
4.3121 -1.1091 -0.0400
4.2949 -1.1028 -0.0400
4.2793 -1.0943 -0.0400
4.2646 -1.0842 -0.0400
4.2509 -1.0725 -0.0400
4.2384 -1.0581 -0.0400
4.2335 -1.0287 -0.0400
4.2275 -0.9997 -0.0400
4.9262 2.5600 -0.0400
4.8438 2.5670 -0.0400
4.7696 2.6083 -0.0400
1.4760 1.2247 -0.0400
1.4277 1.1749 -0.0400
1.3573 1.1546 -0.0400
1.3198 1.0915 -0.0400
1.2650 1.0507 -0.0400
1.1890 1.0346 -0.0400
1.0838 1.0495 -0.0400
2.3150 -1.4729 -0.0400
2.3624 -1.5155 -0.0400
2.3782 -1.5467 -0.0400
2.3857 -1.5748 -0.0400
2.3936 -1.6024 -0.0400
2.3893 -1.6266 -0.0400
2.3824 -1.6501 -0.0400
2.3724 -1.6731 -0.0400
2.3589 -1.6956 -0.0400
2.3205 -1.7143 -0.0400
2.2781 -1.7337 -0.0400
-1.2730 -1.7402 -0.0400
-0.6056 -5.0807 -0.0400
-0.5851 -5.1825 -0.0400
3.2685 -2.4119 -0.0400
3.2890 -2.4080 -0.0400
3.3066 -2.4061 -0.0400
3.3269 -2.4008 -0.0400
3.3396 -2.4029 -0.0400
3.3504 -2.4068 -0.0400
3.3611 -2.4106 -0.0400
3.3717 -2.4142 -0.0400
3.3853 -2.4139 -0.0400
3.4006 -2.4107 -0.0400
3.4109 -2.4138 -0.0400
3.4205 -2.4175 -0.0400
3.4300 -2.4213 -0.0400
3.4386 -2.4263 -0.0400
3.4468 -2.4319 -0.0400
3.4547 -2.4380 -0.0400
3.4608 -2.4474 -0.0400
3.4675 -2.4559 -0.0400
3.4739 -2.4655 -0.0400
3.4796 -2.4766 -0.0400
3.4845 -2.4900 -0.0400
3.4880 -2.5073 -0.0400
3.4878 -2.5340 -0.0400
4.3235 -6.1041 -0.0400
4.3931 -6.0740 -0.0400
4.4748 -6.1179 -0.0400
5.1660 -4.8662 -0.0400
5.2098 -4.8270 -0.0400
6.2366 -6.4518 -0.0400
6.3174 -6.4119 -0.0400
6.0832 -4.0543 -0.0400
6.0972 -3.9937 -0.0400
6.1308 -3.9508 -0.0400
6.3468 -4.0557 -0.0400
6.4225 -4.0406 -0.0400
7.5556 -4.3293 -0.0400
7.6599 -2.7072 -0.0400
7.6073 -2.6272 -0.0400
7.6128 -2.5587 -0.0400
7.0474 0.5513 -0.0400
6.9821 0.5921 -0.0400
6.9393 0.6500 -0.0400
4.6753 -1.0190 -0.0400
4.6424 -1.0201 -0.0400
4.5589 -1.0771 -0.0400
4.5238 -1.0850 -0.0400
4.4873 -1.0962 -0.0400
4.4669 -1.0898 -0.0400
4.4200 -1.1169 -0.0400
4.3892 -1.1261 -0.0400
4.3646 -1.1285 -0.0400
4.3441 -1.1262 -0.0400
4.3254 -1.1219 -0.0400
4.3072 -1.1174 -0.0400
4.2923 -1.1080 -0.0400
4.2789 -1.0964 -0.0400
4.2663 -1.0831 -0.0400
4.2552 -1.0669 -0.0400
4.2446 -1.0491 -0.0400
4.2379 -1.0232 -0.0400
4.2366 -0.9849 -0.0400
5.0125 2.5414 -0.0400
4.9281 2.5415 -0.0400
4.8530 2.5768 -0.0400
1.5448 1.2636 -0.0400
1.4927 1.2192 -0.0400
1.4232 1.1986 -0.0400
1.3835 1.1377 -0.0400
1.3291 1.0967 -0.0400
1.2063 1.1387 -0.0400
1.1508 1.0958 -0.0400
1.0520 1.1018 -0.0400
0.1903 0.4947 -0.0400
0.1939 0.4016 -0.0400
2.3708 -1.5048 -0.0400
2.3845 -1.5354 -0.0400
2.3909 -1.5631 -0.0400
2.3933 -1.5893 -0.0400
2.3909 -1.6141 -0.0400
2.3864 -1.6382 -0.0400
2.3724 -1.6604 -0.0400
2.3568 -1.6826 -0.0400
2.3359 -1.7043 -0.0400
2.3052 -1.7252 -0.0400
-1.3604 -1.6293 -0.0400
-1.2765 -1.7227 -0.0400
3.2554 -2.4181 -0.0400
3.2802 -2.4106 -0.0400
3.3064 -2.4004 -0.0400
3.3204 -2.4019 -0.0400
3.3342 -2.4032 -0.0400
3.3456 -2.4068 -0.0400
3.3590 -2.4077 -0.0400
3.3714 -2.4095 -0.0400
3.3842 -2.4104 -0.0400
3.3962 -2.4118 -0.0400
3.4070 -2.4147 -0.0400
3.4172 -2.4181 -0.0400
3.4278 -2.4206 -0.0400
3.4363 -2.4261 -0.0400
3.4445 -2.4321 -0.0400
3.4523 -2.4389 -0.0400
3.4598 -2.4462 -0.0400
3.4670 -2.4543 -0.0400
3.4736 -2.4636 -0.0400
3.4758 -2.4820 -0.0400
3.4800 -2.4975 -0.0400
3.4814 -2.5198 -0.0400
4.3216 -6.0918 -0.0400
4.3937 -6.0782 -0.0400
4.4840 -6.1707 -0.0400
5.1706 -4.8672 -0.0400
5.2152 -4.8294 -0.0400
6.2354 -6.4474 -0.0400
6.3220 -6.4173 -0.0400
6.0850 -4.0484 -0.0400
6.0995 -3.9881 -0.0400
6.1639 -3.9711 -0.0400
6.3492 -4.0507 -0.0400
6.4206 -4.0323 -0.0400
7.5218 -4.3963 -0.0400
7.5531 -4.3231 -0.0400
7.6497 -2.7008 -0.0400
7.6066 -2.6226 -0.0400
7.6586 -2.5616 -0.0400
7.0749 0.5701 -0.0400
6.9805 0.5887 -0.0400
6.9464 0.6534 -0.0400
4.6709 -1.0216 -0.0400
4.6397 -1.0212 -0.0400
4.5365 -1.0996 -0.0400
4.5103 -1.0986 -0.0400
4.4860 -1.0964 -0.0400
4.4660 -1.0899 -0.0400
4.4216 -1.1140 -0.0400
4.3791 -1.1383 -0.0400
4.3586 -1.1360 -0.0400
4.3398 -1.1320 -0.0400
4.3227 -1.1259 -0.0400
4.3069 -1.1182 -0.0400
4.2919 -1.1095 -0.0400
4.2783 -1.0985 -0.0400
4.2689 -1.0803 -0.0400
4.2586 -1.0630 -0.0400
4.2504 -1.0411 -0.0400
4.2461 -1.0106 -0.0400
5.0157 2.5192 -0.0400
4.9388 2.5457 -0.0400
4.8737 2.6213 -0.0400
1.5475 1.2866 -0.0400
1.5039 1.2299 -0.0400
1.4244 1.2230 -0.0400
1.3979 1.1444 -0.0400
1.3410 1.1068 -0.0400
1.2197 1.1473 -0.0400
1.1639 1.1049 -0.0400
1.0743 1.1008 -0.0400
0.1878 0.4262 -0.0400
0.1500 0.3614 -0.0400
2.3388 -1.4812 -0.0400
2.3703 -1.5178 -0.0400
2.3828 -1.5476 -0.0400
2.3969 -1.5772 -0.0400
2.3940 -1.6018 -0.0400
2.3889 -1.6258 -0.0400
2.3796 -1.6490 -0.0400
2.3675 -1.6718 -0.0400
2.3507 -1.6941 -0.0400
2.2925 -1.7106 -0.0400
-1.3035 -1.6151 -0.0400
-1.2768 -1.7052 -0.0400
3.2442 -2.4217 -0.0400
3.2836 -2.4003 -0.0400
3.3000 -2.4003 -0.0400
3.3141 -2.4021 -0.0400
3.3279 -2.4037 -0.0400
3.3433 -2.4032 -0.0400
3.3541 -2.4074 -0.0400
3.3649 -2.4115 -0.0400
3.3787 -2.4116 -0.0400
3.3942 -2.4089 -0.0400
3.4048 -2.4122 -0.0400
3.4148 -2.4162 -0.0400
3.4246 -2.4203 -0.0400
3.4336 -2.4255 -0.0400
3.4421 -2.4314 -0.0400
3.4493 -2.4394 -0.0400
3.4566 -2.4475 -0.0400
3.4636 -2.4564 -0.0400
3.4701 -2.4664 -0.0400
3.4760 -2.4782 -0.0400
3.4809 -2.4925 -0.0400
3.4842 -2.5112 -0.0400
4.3210 -6.0924 -0.0400
4.3938 -6.0825 -0.0400
5.1655 -4.8491 -0.0400
6.1662 -6.5076 -0.0400
6.2355 -6.4459 -0.0400
6.3421 -6.4508 -0.0400
6.0659 -4.0237 -0.0400
6.1052 -3.9857 -0.0400
6.1765 -3.9745 -0.0400
6.3537 -4.0475 -0.0400
7.5113 -4.3849 -0.0400
7.5878 -4.3404 -0.0400
7.5956 -2.6856 -0.0400
7.6061 -2.6180 -0.0400
7.6640 -2.5580 -0.0400
7.1378 0.5246 -0.0400
7.0388 0.5415 -0.0400
6.9844 0.5902 -0.0400
6.9651 0.6669 -0.0400
4.7026 -1.0197 -0.0400
4.6627 -1.0271 -0.0400
4.5611 -1.1003 -0.0400
4.5314 -1.1025 -0.0400
4.5064 -1.1006 -0.0400
4.4834 -1.0973 -0.0400
4.4327 -1.1277 -0.0400
4.4022 -1.1362 -0.0400
4.3778 -1.1384 -0.0400
4.3575 -1.1360 -0.0400
4.3388 -1.1322 -0.0400
4.3202 -1.1286 -0.0400
4.3055 -1.1197 -0.0400
4.2919 -1.1092 -0.0400
4.2790 -1.0975 -0.0400
4.2674 -1.0833 -0.0400
4.2568 -1.0670 -0.0400
4.2475 -1.0477 -0.0400
4.2600 -0.9863 -0.0400
5.1245 2.5696 -0.0400
5.0257 2.5233 -0.0400
4.9454 2.5366 -0.0400
4.8753 2.5903 -0.0400
1.5727 1.2763 -0.0400
1.5196 1.2337 -0.0400
1.4439 1.2222 -0.0400
1.4070 1.1576 -0.0400
1.3500 1.1201 -0.0400
1.2702 1.1102 -0.0400
1.1738 1.1175 -0.0400
1.0724 1.1270 -0.0400
0.2083 0.5237 -0.0400
0.2123 0.4303 -0.0400
0.1729 0.3669 -0.0400
0.0916 0.3295 -0.0400
2.3884 -1.5829 -0.0400
2.3899 -1.6087 -0.0400
2.3875 -1.6334 -0.0400
2.3776 -1.6565 -0.0400
2.3647 -1.6794 -0.0400
2.3468 -1.7018 -0.0400
2.3208 -1.7236 -0.0400
2.2705 -1.7433 -0.0400
-1.3110 -1.6798 -0.0400
-1.2770 -1.7698 -0.0400
3.2857 -2.4047 -0.0400
3.3032 -2.4036 -0.0400
3.3173 -2.4055 -0.0400
3.3361 -2.4017 -0.0400
3.3475 -2.4058 -0.0400
3.3585 -2.4100 -0.0400
3.3695 -2.4142 -0.0400
3.3864 -2.4103 -0.0400
3.3987 -2.4120 -0.0400
3.4097 -2.4150 -0.0400
3.4202 -2.4186 -0.0400
3.4312 -2.4212 -0.0400
3.4402 -2.4268 -0.0400
3.4487 -2.4330 -0.0400
3.4569 -2.4398 -0.0400
3.4649 -2.4472 -0.0400
3.4725 -2.4555 -0.0400
3.4765 -2.4709 -0.0400
3.4822 -2.4839 -0.0400
3.4868 -2.5000 -0.0400
3.4884 -2.5236 -0.0400
4.3919 -6.0792 -0.0400
4.4734 -6.1195 -0.0400
5.1815 -4.8735 -0.0400
5.2190 -4.8205 -0.0400
6.2374 -6.4484 -0.0400
6.3194 -6.4098 -0.0400
6.0776 -4.0249 -0.0400
6.1046 -3.9757 -0.0400
6.1495 -3.9423 -0.0400
6.3495 -4.0353 -0.0400
6.4418 -4.0336 -0.0400
7.5348 -4.3945 -0.0400
7.5552 -4.3139 -0.0400
7.6230 -4.2633 -0.0400
7.6131 -2.6130 -0.0400
7.6185 -2.5445 -0.0400
7.6708 -2.4830 -0.0400
7.0764 0.5690 -0.0400
6.9945 0.5971 -0.0400
6.9415 0.6464 -0.0400
4.6681 -1.0171 -0.0400
4.6380 -1.0160 -0.0400
4.5370 -1.0919 -0.0400
4.5114 -1.0907 -0.0400
4.4873 -1.0886 -0.0400
4.4617 -1.0891 -0.0400
4.4120 -1.1203 -0.0400
4.3853 -1.1251 -0.0400
4.3623 -1.1263 -0.0400
4.3385 -1.1296 -0.0400
4.3219 -1.1234 -0.0400
4.3063 -1.1162 -0.0400
4.2916 -1.1077 -0.0400
4.2778 -1.0978 -0.0400
4.2675 -1.0820 -0.0400
4.2567 -1.0665 -0.0400
4.2466 -1.0492 -0.0400
4.2399 -1.0248 -0.0400
4.2373 -0.9908 -0.0400
5.0413 2.5395 -0.0400
4.9561 2.5350 -0.0400
4.8816 2.5702 -0.0400
3.0513 3.8208 -0.0400
1.4004 1.1992 -0.0400
1.3741 1.1219 -0.0400
1.3180 1.0836 -0.0400
1.1933 1.1262 -0.0400
1.1422 1.0787 -0.0400
0.1723 0.3941 -0.0400
0.1306 0.3320 -0.0400
2.3883 -1.6248 -0.0400
2.3780 -1.6480 -0.0400
2.3642 -1.6707 -0.0400
2.3197 -1.6890 -0.0400
-1.3239 -1.5778 -0.0400
3.3211 -2.3960 -0.0400
3.3329 -2.4001 -0.0400
3.3438 -2.4048 -0.0400
3.3576 -2.4060 -0.0400
3.3711 -2.4071 -0.0400
3.3836 -2.4090 -0.0400
3.3952 -2.4118 -0.0400
3.4074 -2.4134 -0.0400
3.4174 -2.4179 -0.0400
3.4267 -2.4233 -0.0400
3.4355 -2.4295 -0.0400
3.4430 -2.4379 -0.0400
3.4507 -2.4461 -0.0400
3.4580 -2.4553 -0.0400
3.4648 -2.4655 -0.0400
3.4710 -2.4775 -0.0400
3.4761 -2.4922 -0.0400
3.4656 -2.5405 -0.0400
4.2506 -6.1510 -0.0400
4.3184 -6.0937 -0.0400
4.4054 -6.1767 -0.0400
5.1217 -4.8771 -0.0400
5.1757 -4.8578 -0.0400
6.1571 -6.4899 -0.0400
6.2393 -6.4519 -0.0400
6.0428 -4.1394 -0.0400
6.0530 -4.0724 -0.0400
6.0738 -4.0169 -0.0400
6.1318 -3.9951 -0.0400
6.3353 -4.0957 -0.0400
7.4894 -4.4562 -0.0400
7.5140 -4.3780 -0.0400
7.5930 -2.7454 -0.0400
7.5924 -2.6754 -0.0400
7.6365 -2.6140 -0.0400
7.0888 0.4886 -0.0400
7.0269 0.5318 -0.0400
6.9875 0.5916 -0.0400
4.6658 -1.0473 -0.0400
4.5868 -1.0952 -0.0400
4.5492 -1.1048 -0.0400
4.5145 -1.1131 -0.0400
4.4926 -1.1087 -0.0400
4.4482 -1.1308 -0.0400
4.4151 -1.1419 -0.0400
4.3910 -1.1436 -0.0400
4.3647 -1.1490 -0.0400
4.3476 -1.1436 -0.0400
4.3314 -1.1371 -0.0400
4.3165 -1.1291 -0.0400
4.3028 -1.1194 -0.0400
4.2902 -1.1080 -0.0400
4.2788 -1.0947 -0.0400
4.2683 -1.0794 -0.0400
4.2582 -1.0629 -0.0400
4.2638 -1.0175 -0.0400
5.1321 2.5427 -0.0400
5.0388 2.5131 -0.0400
4.9606 2.5327 -0.0400
3.2572 3.8878 -0.0400
3.1602 3.8361 -0.0400
3.0609 3.8144 -0.0400
2.9677 3.7527 -0.0400
1.2752 1.1519 -0.0400
1.1980 1.1363 -0.0400
1.1047 1.1370 -0.0400
0.2504 0.5355 -0.0400
0.2348 0.4556 -0.0400
0.1884 0.3971 -0.0400
0.0948 0.3674 -0.0400
2.3449 -1.6799 -0.0400
2.3138 -1.7011 -0.0400
-1.3039 -1.5609 -0.0400
-1.2819 -1.6511 -0.0400
-0.0786 -3.3192 -0.0400
3.3517 -2.4047 -0.0400
3.3653 -2.4060 -0.0400
3.3778 -2.4083 -0.0400
3.3920 -2.4080 -0.0400
3.4025 -2.4123 -0.0400
3.4128 -2.4168 -0.0400
3.4225 -2.4219 -0.0400
3.4313 -2.4285 -0.0400
3.4397 -2.4358 -0.0400
3.4478 -2.4436 -0.0400
3.4555 -2.4522 -0.0400
3.4596 -2.4679 -0.0400
3.4654 -2.4812 -0.0400
3.4700 -2.4976 -0.0400
3.4714 -2.5215 -0.0400
4.2457 -6.1290 -0.0400
4.3163 -6.0952 -0.0400
5.1225 -4.8742 -0.0400
5.1859 -4.8743 -0.0400
6.1061 -6.5915 -0.0400
6.1557 -6.4883 -0.0400
6.2619 -6.4943 -0.0400
6.0201 -4.1107 -0.0400
6.0402 -4.0538 -0.0400
6.0895 -4.0247 -0.0400
6.2793 -4.1189 -0.0400
6.3281 -4.0835 -0.0400
7.4835 -4.4481 -0.0400
7.5460 -4.3950 -0.0400
7.6047 -2.7431 -0.0400
7.5924 -2.6705 -0.0400
7.6260 -2.6072 -0.0400
7.0853 0.4868 -0.0400
7.0212 0.5281 -0.0400
7.0030 0.6039 -0.0400
4.7064 -1.0343 -0.0400
4.6598 -1.0481 -0.0400
4.5576 -1.1191 -0.0400
4.5337 -1.1158 -0.0400
4.5034 -1.1200 -0.0400
4.4852 -1.1122 -0.0400
4.4519 -1.1218 -0.0400
4.4040 -1.1504 -0.0400
4.3824 -1.1497 -0.0400
4.3593 -1.1515 -0.0400
4.3435 -1.1447 -0.0400
4.3279 -1.1379 -0.0400
4.3133 -1.1298 -0.0400
4.3008 -1.1189 -0.0400
4.2884 -1.1075 -0.0400
4.2773 -1.0939 -0.0400
4.2715 -1.0713 -0.0400
4.2649 -1.0489 -0.0400
4.2617 -1.0191 -0.0400
5.1259 2.5000 -0.0400
5.0433 2.5044 -0.0400
4.9720 2.5481 -0.0400
3.2694 3.8915 -0.0400
3.1761 3.8044 -0.0400
3.0719 3.8296 -0.0400
2.9800 3.7574 -0.0400
0.2505 0.5556 -0.0400
0.2419 0.4708 -0.0400
0.2020 0.4080 -0.0400
-1.3192 -1.5416 -0.0400
-0.0060 -3.3519 -0.0400
0.0076 -3.4229 -0.0400
-0.1083 -3.5497 -0.0400
3.3866 -2.4063 -0.0400
3.3973 -2.4106 -0.0400
3.4077 -2.4153 -0.0400
3.4181 -2.4199 -0.0400
3.4270 -2.4265 -0.0400
3.4358 -2.4335 -0.0400
3.4442 -2.4411 -0.0400
3.4501 -2.4533 -0.0400
3.4573 -2.4639 -0.0400
3.4637 -2.4761 -0.0400
3.4692 -2.4910 -0.0400
3.4582 -2.5409 -0.0400
4.2426 -6.1285 -0.0400
4.3214 -6.1559 -0.0400
5.1243 -4.8744 -0.0400
6.1094 -6.6009 -0.0400
6.1569 -6.4926 -0.0400
6.0163 -4.1010 -0.0400
6.0418 -4.0492 -0.0400
6.0935 -4.0222 -0.0400
6.2901 -4.1226 -0.0400
6.3552 -4.1008 -0.0400
7.4748 -4.5350 -0.0400
7.4763 -4.4394 -0.0400
7.5775 -4.4120 -0.0400
7.6071 -2.8094 -0.0400
7.5807 -2.7328 -0.0400
7.6046 -2.6680 -0.0400
7.7038 -2.6167 -0.0400
7.0710 0.4777 -0.0400
7.0209 0.5290 -0.0400
7.0102 0.6104 -0.0400
4.7202 -1.0462 -0.0400
4.6849 -1.0485 -0.0400
4.5944 -1.1049 -0.0400
4.5475 -1.1233 -0.0400
4.5255 -1.1184 -0.0400
4.4981 -1.1200 -0.0400
4.4541 -1.1408 -0.0400
4.4230 -1.1493 -0.0400
4.3920 -1.1592 -0.0400
4.3741 -1.1545 -0.0400
4.3566 -1.1497 -0.0400
4.3385 -1.1462 -0.0400
4.3244 -1.1378 -0.0400
4.3109 -1.1285 -0.0400
4.2985 -1.1176 -0.0400
4.2867 -1.1057 -0.0400
4.2800 -1.0855 -0.0400
4.2711 -1.0681 -0.0400
4.2647 -1.0456 -0.0400
4.2617 -1.0158 -0.0400
5.1380 2.5186 -0.0400
5.0513 2.5096 -0.0400
4.9902 2.5907 -0.0400
3.2851 3.8479 -0.0400
3.1878 3.8084 -0.0400
3.0841 3.8306 -0.0400
2.9920 3.7601 -0.0400
0.2605 0.5685 -0.0400
0.2510 0.4844 -0.0400
0.1859 0.4381 -0.0400
2.3620 -1.4614 -0.0400
2.3837 -1.4945 -0.0400
-1.2811 -1.6147 -0.0400
-0.0670 -3.2823 -0.0400
-0.0147 -3.3388 -0.0400
-0.0371 -3.4245 -0.0400
-0.0744 -3.5186 -0.0400
3.4130 -2.4177 -0.0400
3.4223 -2.4242 -0.0400
3.4313 -2.4311 -0.0400
3.4386 -2.4411 -0.0400
3.4466 -2.4501 -0.0400
3.4541 -2.4603 -0.0400
3.4611 -2.4719 -0.0400
3.4615 -2.4969 -0.0400
3.4628 -2.5219 -0.0400
4.1657 -6.1470 -0.0400
4.2369 -6.1083 -0.0400
4.3181 -6.1570 -0.0400
5.0854 -4.9269 -0.0400
5.1278 -4.8798 -0.0400
6.0863 -6.5578 -0.0400
6.1633 -6.5080 -0.0400
6.0070 -4.1648 -0.0400
6.0095 -4.0886 -0.0400
6.0487 -4.0500 -0.0400
6.1075 -4.0294 -0.0400
6.2952 -4.1219 -0.0400
7.4399 -4.5066 -0.0400
7.4734 -4.4338 -0.0400
7.6392 -2.8122 -0.0400
7.5861 -2.7291 -0.0400
7.6717 -2.6768 -0.0400
7.1762 0.4658 -0.0400
7.0668 0.4765 -0.0400
7.0298 0.5373 -0.0400
4.7030 -1.0550 -0.0400
4.6327 -1.0901 -0.0400
4.5648 -1.1266 -0.0400
4.5346 -1.1295 -0.0400
4.5137 -1.1241 -0.0400
4.4908 -1.1214 -0.0400
4.4367 -1.1535 -0.0400
4.4133 -1.1539 -0.0400
4.3860 -1.1600 -0.0400
4.3649 -1.1595 -0.0400
4.3498 -1.1522 -0.0400
4.3339 -1.1464 -0.0400
4.3203 -1.1375 -0.0400
4.3074 -1.1278 -0.0400
4.2963 -1.1153 -0.0400
4.2857 -1.1020 -0.0400
4.2793 -1.0816 -0.0400
4.2718 -1.0621 -0.0400
4.2661 -1.0386 -0.0400
5.2298 2.5217 -0.0400
5.1333 2.4849 -0.0400
5.0545 2.5007 -0.0400
4.9867 2.5555 -0.0400
3.2967 3.8444 -0.0400
3.1983 3.8182 -0.0400
3.0973 3.8186 -0.0400
0.2807 0.5740 -0.0400
0.2623 0.4962 -0.0400
0.1932 0.4527 -0.0400
2.3627 -1.4751 -0.0400
2.3977 -1.5111 -0.0400
2.4016 -1.5378 -0.0400
2.4012 -1.5631 -0.0400
-0.0208 -3.3244 -0.0400
-0.0114 -3.3974 -0.0400
3.4339 -2.4383 -0.0400
3.4422 -2.4473 -0.0400
3.4500 -2.4572 -0.0400
3.4536 -2.4755 -0.0400
3.4591 -2.4911 -0.0400
3.4626 -2.5118 -0.0400
4.2331 -6.1105 -0.0400
4.3118 -6.1387 -0.0400
5.0742 -4.9000 -0.0400
5.1288 -4.8807 -0.0400
6.0836 -6.5572 -0.0400
6.1693 -6.5238 -0.0400
5.9849 -4.1371 -0.0400
6.0075 -4.0815 -0.0400
6.0504 -4.0464 -0.0400
6.2463 -4.1522 -0.0400
6.3103 -4.1304 -0.0400
7.4287 -4.4954 -0.0400
7.4832 -4.4373 -0.0400
7.5761 -2.7921 -0.0400
7.5839 -2.7237 -0.0400
7.6386 -2.6652 -0.0400
7.1393 0.4427 -0.0400
7.0597 0.4737 -0.0400
7.0280 0.5381 -0.0400
4.7287 -1.0546 -0.0400
4.6840 -1.0648 -0.0400
4.5904 -1.1218 -0.0400
4.5525 -1.1311 -0.0400
4.5252 -1.1315 -0.0400
4.5017 -1.1292 -0.0400
4.4615 -1.1452 -0.0400
4.4207 -1.1638 -0.0400
4.4009 -1.1610 -0.0400
4.3781 -1.1622 -0.0400
4.3592 -1.1596 -0.0400
4.3445 -1.1522 -0.0400
4.3296 -1.1452 -0.0400
4.3168 -1.1356 -0.0400
4.3047 -1.1250 -0.0400
4.2956 -1.1101 -0.0400
4.2852 -1.0965 -0.0400
4.2753 -1.0819 -0.0400
4.2745 -1.0518 -0.0400
4.2709 -1.0248 -0.0400
5.1348 2.4733 -0.0400
5.0640 2.5151 -0.0400
3.3066 3.8557 -0.0400
3.2096 3.8144 -0.0400
3.1134 3.7765 -0.0400
0.2513 0.6141 -0.0400
0.2742 0.5073 -0.0400
0.2257 0.4506 -0.0400
2.3283 -1.4243 -0.0400
2.3720 -1.4645 -0.0400
2.3885 -1.4954 -0.0400
2.3962 -1.5233 -0.0400
2.3997 -1.5496 -0.0400
2.3999 -1.5749 -0.0400
2.3925 -1.5985 -0.0400
2.3813 -1.6216 -0.0400
-0.0289 -3.3106 -0.0400
-0.0281 -3.3870 -0.0400
-0.0750 -3.4847 -0.0400
3.4494 -2.4717 -0.0400
3.4555 -2.4864 -0.0400
3.4600 -2.5055 -0.0400
4.1546 -6.1248 -0.0400
4.2301 -6.1264 -0.0400
5.0742 -4.9003 -0.0400
5.1473 -4.9219 -0.0400
6.0053 -6.6118 -0.0400
6.0745 -6.5444 -0.0400
6.1675 -6.5255 -0.0400
5.9764 -4.1238 -0.0400
6.0111 -4.0803 -0.0400
6.0816 -4.0715 -0.0400
6.2559 -4.1567 -0.0400
6.3624 -4.1726 -0.0400
7.4331 -4.5943 -0.0400
7.4288 -4.4926 -0.0400
7.5806 -2.7885 -0.0400
7.6120 -2.7253 -0.0400
7.1087 0.4245 -0.0400
7.0591 0.4760 -0.0400
7.0707 0.5723 -0.0400
4.7081 -1.0644 -0.0400
4.6399 -1.0961 -0.0400
4.5625 -1.1395 -0.0400
4.5367 -1.1382 -0.0400
4.5123 -1.1364 -0.0400
4.4931 -1.1301 -0.0400
4.4393 -1.1608 -0.0400
4.4108 -1.1668 -0.0400
4.3879 -1.1679 -0.0400
4.3685 -1.1657 -0.0400
4.3521 -1.1604 -0.0400
4.3384 -1.1522 -0.0400
4.3247 -1.1440 -0.0400
4.3131 -1.1332 -0.0400
4.3011 -1.1227 -0.0400
4.2926 -1.1072 -0.0400
4.2858 -1.0884 -0.0400
4.2780 -1.0706 -0.0400
4.2814 -1.0337 -0.0400
6.0834 2.0572 -0.0400
5.2217 2.4691 -0.0400
5.1386 2.4713 -0.0400
5.0660 2.5060 -0.0400
5.0082 2.5958 -0.0400
3.3168 3.8559 -0.0400
3.2206 3.8083 -0.0400
3.1216 3.7963 -0.0400
1.3703 3.6350 -0.0400
0.3051 0.5952 -0.0400
0.2815 0.5212 -0.0400
0.2212 0.4723 -0.0400
2.3451 -1.4435 -0.0400
2.3949 -1.4840 -0.0400
2.4013 -1.5115 -0.0400
2.4038 -1.5376 -0.0400
2.4022 -1.5624 -0.0400
2.3976 -1.5866 -0.0400
2.3900 -1.6102 -0.0400
2.3662 -1.6313 -0.0400
2.3425 -1.6531 -0.0400
2.3030 -1.6736 -0.0400
-0.0761 -3.2346 -0.0400
-0.0357 -3.2959 -0.0400
-0.0354 -3.3726 -0.0400
-0.0881 -3.4727 -0.0400
-0.8473 -4.8308 -0.0400
-0.7478 -4.8800 -0.0400
-0.7463 -4.9951 -0.0400
4.1509 -6.1446 -0.0400
4.2238 -6.1163 -0.0400
5.0770 -4.9085 -0.0400
6.0770 -6.5563 -0.0400
5.9630 -4.1865 -0.0400
5.9765 -4.1199 -0.0400
6.0146 -4.0797 -0.0400
6.0844 -4.0701 -0.0400
6.2676 -4.1637 -0.0400
7.3971 -4.5651 -0.0400
7.4324 -4.4928 -0.0400
7.5648 -2.8505 -0.0400
7.5675 -2.7806 -0.0400
7.6077 -2.7196 -0.0400
7.7257 -2.6740 -0.0400
7.0989 0.4210 -0.0400
7.0675 0.4851 -0.0400
7.0600 0.5673 -0.0400
4.7174 -1.0764 -0.0400
4.6899 -1.0718 -0.0400
4.5898 -1.1319 -0.0400
4.5533 -1.1395 -0.0400
4.5263 -1.1396 -0.0400
4.5043 -1.1358 -0.0400
4.4487 -1.1667 -0.0400
4.4205 -1.1720 -0.0400
4.3973 -1.1731 -0.0400
4.3786 -1.1699 -0.0400
4.3616 -1.1653 -0.0400
4.3459 -1.1595 -0.0400
4.3326 -1.1511 -0.0400
4.3204 -1.1413 -0.0400
4.3093 -1.1300 -0.0400
4.2985 -1.1182 -0.0400
4.2905 -1.1021 -0.0400
4.2849 -1.0818 -0.0400
4.2772 -1.0640 -0.0400
4.2820 -1.0251 -0.0400
5.2247 2.4668 -0.0400
5.1418 2.4691 -0.0400
5.0850 2.5561 -0.0400
3.4269 3.8537 -0.0400
3.3282 3.8326 -0.0400
3.2279 3.8338 -0.0400
3.1339 3.7760 -0.0400
1.3812 3.6435 -0.0400
1.2964 3.5768 -0.0400
0.2354 0.4814 -0.0400
2.3640 -1.4359 -0.0400
2.3858 -1.4686 -0.0400
2.3958 -1.4971 -0.0400
2.4008 -1.5239 -0.0400
2.4053 -1.5502 -0.0400
2.4001 -1.5742 -0.0400
2.3917 -1.5976 -0.0400
2.3798 -1.6206 -0.0400
2.3627 -1.6431 -0.0400
2.3380 -1.6651 -0.0400
-1.3282 -1.3773 -0.0400
-1.2729 -1.4713 -0.0400
-0.0972 -3.2248 -0.0400
-0.0424 -3.2810 -0.0400
-0.0339 -3.3545 -0.0400
-0.7621 -4.8687 -0.0400
-0.7513 -4.9775 -0.0400
4.1431 -6.1241 -0.0400
4.2218 -6.1533 -0.0400
5.0196 -4.9256 -0.0400
5.0792 -4.9167 -0.0400
6.0446 -6.7130 -0.0400
6.0831 -6.5771 -0.0400
5.9584 -4.1783 -0.0400
5.9761 -4.1160 -0.0400
6.0269 -4.0884 -0.0400
6.2125 -4.1900 -0.0400
6.2746 -4.1669 -0.0400
7.3756 -4.6470 -0.0400
7.3820 -4.5518 -0.0400
7.4530 -4.5058 -0.0400
7.5616 -2.8452 -0.0400
7.5689 -2.7764 -0.0400
7.6102 -2.7156 -0.0400
7.1521 0.3755 -0.0400
7.0953 0.4223 -0.0400
7.0737 0.4931 -0.0400
4.7485 -1.0703 -0.0400
4.7064 -1.0767 -0.0400
4.6036 -1.1362 -0.0400
4.5614 -1.1479 -0.0400
4.5327 -1.1492 -0.0400
4.5145 -1.1417 -0.0400
4.4948 -1.1362 -0.0400
4.4359 -1.1706 -0.0400
4.4093 -1.1747 -0.0400
4.3885 -1.1735 -0.0400
4.3684 -1.1722 -0.0400
4.3532 -1.1660 -0.0400
4.3399 -1.1577 -0.0400
4.3270 -1.1489 -0.0400
4.3159 -1.1380 -0.0400
4.3055 -1.1261 -0.0400
4.2971 -1.1112 -0.0400
4.2898 -1.0942 -0.0400
4.2865 -1.0706 -0.0400
4.2800 -1.0509 -0.0400
6.1329 1.9817 -0.0400
5.3240 2.4995 -0.0400
5.2250 2.4581 -0.0400
5.1481 2.4781 -0.0400
5.0893 2.5583 -0.0400
3.4341 3.8805 -0.0400
3.3339 3.8759 -0.0400
3.2392 3.8118 -0.0400
1.3858 3.6653 -0.0400
1.3068 3.5856 -0.0400
2.3406 -1.4161 -0.0400
2.3745 -1.4526 -0.0400
2.4032 -1.4862 -0.0400
2.4067 -1.5125 -0.0400
2.4067 -1.5377 -0.0400
2.4033 -1.5620 -0.0400
2.3978 -1.5859 -0.0400
2.3800 -1.6078 -0.0400
2.3620 -1.6302 -0.0400
2.3356 -1.6520 -0.0400
2.2829 -1.6716 -0.0400
-1.2999 -1.4510 -0.0400
-0.0557 -3.2685 -0.0400
-0.0993 -3.3628 -0.0400
-0.8670 -4.8015 -0.0400
-0.7720 -4.8542 -0.0400
4.1372 -6.1320 -0.0400
4.2225 -6.2232 -0.0400
5.0184 -4.9277 -0.0400
5.0784 -4.9196 -0.0400
5.9863 -6.5977 -0.0400
6.0905 -6.6019 -0.0400
5.9440 -4.1603 -0.0400
5.9783 -4.1155 -0.0400
6.0357 -4.0943 -0.0400
6.2184 -4.1931 -0.0400
6.3013 -4.1891 -0.0400
7.3755 -4.6458 -0.0400
7.3819 -4.5503 -0.0400
7.4699 -4.5165 -0.0400
7.5778 -2.9169 -0.0400
7.5562 -2.8395 -0.0400
7.5717 -2.7727 -0.0400
7.1335 0.3673 -0.0400
7.0929 0.4247 -0.0400
7.0714 0.4953 -0.0400
4.7166 -1.0864 -0.0400
4.6885 -1.0822 -0.0400
4.5759 -1.1502 -0.0400
4.5441 -1.1536 -0.0400
4.5236 -1.1481 -0.0400
4.5027 -1.1433 -0.0400
4.4418 -1.1781 -0.0400
4.4136 -1.1834 -0.0400
4.3970 -1.1778 -0.0400
4.3776 -1.1755 -0.0400
4.3616 -1.1701 -0.0400
4.3470 -1.1634 -0.0400
4.3339 -1.1551 -0.0400
4.3226 -1.1448 -0.0400
4.3117 -1.1338 -0.0400
4.3030 -1.1197 -0.0400
4.2948 -1.1046 -0.0400
4.2888 -1.0860 -0.0400
4.2861 -1.0615 -0.0400
4.2908 -1.0245 -0.0400
6.1467 2.0034 -0.0400
5.3116 2.4576 -0.0400
5.2238 2.4467 -0.0400
5.1528 2.4843 -0.0400
5.1018 2.5899 -0.0400
3.4441 3.8517 -0.0400
3.3465 3.8225 -0.0400
3.2438 3.8551 -0.0400
3.1515 3.7811 -0.0400
1.5001 3.6956 -0.0400
1.3174 3.5923 -0.0400
1.7177 1.4119 -0.0400
2.3908 -1.4445 -0.0400
2.4002 -1.4728 -0.0400
2.4050 -1.4995 -0.0400
2.4068 -1.5251 -0.0400
2.4061 -1.5500 -0.0400
2.3994 -1.5736 -0.0400
2.3889 -1.5966 -0.0400
2.3752 -1.6195 -0.0400
2.3562 -1.6419 -0.0400
-1.3160 -1.3417 -0.0400
-1.2689 -1.4351 -0.0400
-1.3032 -1.5217 -0.0400
-0.0994 -3.1903 -0.0400
-0.0564 -3.2510 -0.0400
-0.0676 -3.3323 -0.0400
-0.8643 -4.7784 -0.0400
-0.7856 -4.8417 -0.0400
-0.7703 -4.9474 -0.0400
4.1296 -6.1263 -0.0400
4.2109 -6.1782 -0.0400
5.0174 -4.9319 -0.0400
5.9834 -6.6031 -0.0400
6.0881 -6.6077 -0.0400
5.9334 -4.2303 -0.0400
5.9414 -4.1555 -0.0400
5.9815 -4.1167 -0.0400
6.1754 -4.2325 -0.0400
6.2347 -4.2070 -0.0400
6.3125 -4.1975 -0.0400
7.3464 -4.6223 -0.0400
7.3838 -4.5508 -0.0400
7.4783 -4.5217 -0.0400
7.5511 -2.9052 -0.0400
7.5510 -2.8340 -0.0400
7.6499 -2.7881 -0.0400
7.2275 0.3477 -0.0400
7.1383 0.3748 -0.0400
7.1006 0.4342 -0.0400
7.1087 0.5258 -0.0400
4.7411 -1.0847 -0.0400
4.7032 -1.0874 -0.0400
4.5860 -1.1559 -0.0400
4.5618 -1.1523 -0.0400
4.5301 -1.1560 -0.0400
4.5133 -1.1475 -0.0400
4.4555 -1.1776 -0.0400
4.4225 -1.1868 -0.0400
4.4041 -1.1828 -0.0400
4.3839 -1.1812 -0.0400
4.3673 -1.1764 -0.0400
4.3528 -1.1696 -0.0400
4.3406 -1.1605 -0.0400
4.3285 -1.1512 -0.0400
4.3176 -1.1405 -0.0400
4.3082 -1.1279 -0.0400
4.2996 -1.1139 -0.0400
4.2953 -1.0935 -0.0400
4.2912 -1.0722 -0.0400
4.2910 -1.0439 -0.0400
6.1896 1.9248 -0.0400
6.1522 2.0124 -0.0400
5.3027 2.4276 -0.0400
5.2229 2.4382 -0.0400
5.1504 2.4696 -0.0400
3.4515 3.8566 -0.0400
3.3543 3.8229 -0.0400
3.2582 3.7865 -0.0400
1.5112 3.6992 -0.0400
1.3284 3.5972 -0.0400
1.2102 3.6039 -0.0400
1.7338 1.4056 -0.0400
1.6909 1.3493 -0.0400
1.6057 1.3565 -0.0400
1.5768 1.2809 -0.0400
2.3871 -1.4310 -0.0400
2.3987 -1.4600 -0.0400
2.4041 -1.4869 -0.0400
2.4124 -1.5140 -0.0400
2.4088 -1.5381 -0.0400
2.4034 -1.5619 -0.0400
2.3956 -1.5853 -0.0400
2.3729 -1.6066 -0.0400
2.3516 -1.6287 -0.0400
2.3181 -1.6501 -0.0400
-1.2926 -1.4151 -0.0400
-0.0709 -3.2385 -0.0400
-0.1232 -3.3362 -0.0400
-0.8780 -4.7655 -0.0400
-0.7985 -4.8285 -0.0400
-0.8241 -4.9624 -0.0400
3.2074 -2.3999 -0.0400
4.0467 -6.1389 -0.0400
4.1233 -6.1430 -0.0400
4.9629 -4.9628 -0.0400
5.0151 -4.9343 -0.0400
5.9808 -6.6103 -0.0400
5.9351 -4.2313 -0.0400
5.9424 -4.1554 -0.0400
5.9850 -4.1189 -0.0400
6.1780 -4.2339 -0.0400
6.2527 -4.2231 -0.0400
7.3419 -4.6185 -0.0400
7.3933 -4.5577 -0.0400
7.5357 -2.8970 -0.0400
7.5553 -2.8313 -0.0400
7.6022 -2.7723 -0.0400
7.2001 0.3352 -0.0400
7.1275 0.3724 -0.0400
7.1121 0.4465 -0.0400
4.7079 -1.0999 -0.0400
4.6098 -1.1505 -0.0400
4.5628 -1.1646 -0.0400
4.5402 -1.1602 -0.0400
4.5214 -1.1533 -0.0400
4.4645 -1.1811 -0.0400
4.4377 -1.1837 -0.0400
4.4087 -1.1895 -0.0400
4.3926 -1.1836 -0.0400
4.3741 -1.1806 -0.0400
4.3586 -1.1749 -0.0400
4.3465 -1.1658 -0.0400
4.3344 -1.1568 -0.0400
4.3238 -1.1460 -0.0400
4.3152 -1.1326 -0.0400
4.3053 -1.1207 -0.0400
4.2980 -1.1050 -0.0400
4.2937 -1.0848 -0.0400
4.2916 -1.0606 -0.0400
4.2964 -1.0249 -0.0400
6.1986 1.9401 -0.0400
6.1890 2.0724 -0.0400
5.3039 2.4270 -0.0400
5.2250 2.4400 -0.0400
5.1587 2.4900 -0.0400
3.4584 3.8602 -0.0400
3.3622 3.8133 -0.0400
3.2639 3.8053 -0.0400
3.1660 3.7937 -0.0400
1.4333 3.6447 -0.0400
1.3222 3.6387 -0.0400
1.2169 3.6171 -0.0400
1.7582 1.3849 -0.0400
1.6977 1.3567 -0.0400
1.6198 1.3537 -0.0400
1.5872 1.2838 -0.0400
1.5301 1.2497 -0.0400
1.4465 1.2501 -0.0400
1.3629 1.2476 -0.0400
2.3591 -1.4110 -0.0400
2.3994 -1.4480 -0.0400
2.4050 -1.4749 -0.0400
2.4138 -1.5021 -0.0400
2.4114 -1.5264 -0.0400
2.4068 -1.5502 -0.0400
2.3946 -1.5728 -0.0400
2.3821 -1.5956 -0.0400
2.3649 -1.6181 -0.0400
2.3400 -1.6402 -0.0400
-1.2861 -1.3084 -0.0400
-1.2569 -1.4000 -0.0400
-0.0685 -3.2197 -0.0400
-0.0780 -3.3003 -0.0400
-0.9088 -4.7632 -0.0400
-0.8100 -4.8141 -0.0400
-0.1796 -5.8031 -0.0400
-0.0821 -5.8435 -0.0400
3.2241 -2.3879 -0.0400
3.2429 -2.3878 -0.0400
3.2657 -2.3825 -0.0400
4.0393 -6.1560 -0.0400
4.1140 -6.1315 -0.0400
4.1967 -6.1953 -0.0400
4.9700 -4.9927 -0.0400
5.8952 -6.6608 -0.0400
5.9795 -6.6218 -0.0400
5.9217 -4.2161 -0.0400
5.9444 -4.1571 -0.0400
6.0022 -4.1362 -0.0400
6.1799 -4.2354 -0.0400
6.2620 -4.2317 -0.0400
7.3319 -4.7137 -0.0400
7.3389 -4.6165 -0.0400
7.3966 -4.5604 -0.0400
7.5380 -2.9662 -0.0400
7.5359 -2.8936 -0.0400
7.5767 -2.8335 -0.0400
7.6711 -2.7862 -0.0400
7.1629 0.3168 -0.0400
7.1274 0.3772 -0.0400
7.1228 0.4586 -0.0400
4.7167 -1.1088 -0.0400
4.6153 -1.1594 -0.0400
4.5797 -1.1635 -0.0400
4.5555 -1.1600 -0.0400
4.5255 -1.1620 -0.0400
4.4951 -1.1654 -0.0400
4.4361 -1.1958 -0.0400
4.4155 -1.1934 -0.0400
4.3988 -1.1880 -0.0400
4.3792 -1.1859 -0.0400
4.3654 -1.1785 -0.0400
4.3515 -1.1713 -0.0400
4.3395 -1.1622 -0.0400
4.3291 -1.1515 -0.0400
4.3203 -1.1387 -0.0400
4.3108 -1.1265 -0.0400
4.3042 -1.1104 -0.0400
4.3010 -1.0894 -0.0400
4.3011 -1.0629 -0.0400
4.2974 -1.0406 -0.0400
6.2478 1.8756 -0.0400
6.1969 1.9395 -0.0400
5.3015 2.4182 -0.0400
5.2264 2.4410 -0.0400
5.1606 2.4923 -0.0400
3.4669 3.8246 -0.0400
3.3667 3.8443 -0.0400
3.2727 3.7841 -0.0400
1.5299 3.7106 -0.0400
1.4310 3.6773 -0.0400
1.3464 3.6112 -0.0400
1.2246 3.6268 -0.0400
1.8014 1.4582 -0.0400
1.7656 1.3902 -0.0400
1.7066 1.3600 -0.0400
1.6267 1.3602 -0.0400
1.6011 1.2807 -0.0400
1.5364 1.2576 -0.0400
1.4324 1.2853 -0.0400
1.3706 1.2544 -0.0400
2.3682 -1.4016 -0.0400
2.3863 -1.4326 -0.0400
2.4079 -1.4637 -0.0400
2.4103 -1.4893 -0.0400
2.4139 -1.5149 -0.0400
2.4096 -1.5388 -0.0400
2.3995 -1.5616 -0.0400
2.3882 -1.5844 -0.0400
2.3732 -1.6070 -0.0400
2.3252 -1.6262 -0.0400
-1.2888 -1.2903 -0.0400
-1.2566 -1.3822 -0.0400
-1.3040 -1.4675 -0.0400
-0.9249 -4.6449 -0.0400
-0.8930 -4.7385 -0.0400
-0.1623 -5.7687 -0.0400
3.1877 -2.3955 -0.0400
3.2242 -2.3775 -0.0400
3.2426 -2.3779 -0.0400
3.2626 -2.3757 -0.0400
3.2768 -2.3797 -0.0400
3.2927 -2.3814 -0.0400
3.9561 -6.1431 -0.0400
4.0357 -6.1942 -0.0400
4.9002 -4.9836 -0.0400
4.9595 -4.9728 -0.0400
5.8241 -6.7440 -0.0400
5.8498 -4.3077 -0.0400
5.8707 -4.2442 -0.0400
5.9042 -4.1967 -0.0400
6.0961 -4.3221 -0.0400
6.1460 -4.2871 -0.0400
7.2665 -4.7648 -0.0400
7.2958 -4.6849 -0.0400
7.3717 -4.6430 -0.0400
7.5061 -3.0264 -0.0400
7.5150 -2.9569 -0.0400
7.5683 -2.9009 -0.0400
7.2597 0.2144 -0.0400
7.1964 0.2587 -0.0400
7.1637 0.3207 -0.0400
7.1667 0.4060 -0.0400
4.7434 -1.1335 -0.0400
4.6451 -1.1769 -0.0400
4.5996 -1.1866 -0.0400
4.5738 -1.1834 -0.0400
4.5422 -1.1856 -0.0400
4.5032 -1.1949 -0.0400
4.4620 -1.2077 -0.0400
4.4381 -1.2074 -0.0400
4.4118 -1.2101 -0.0400
4.3966 -1.2035 -0.0400
4.3798 -1.1987 -0.0400
4.3680 -1.1895 -0.0400
4.3561 -1.1803 -0.0400
4.3458 -1.1696 -0.0400
4.3355 -1.1589 -0.0400
4.3289 -1.1438 -0.0400
4.3204 -1.1307 -0.0400
4.3171 -1.1108 -0.0400
4.3181 -1.0848 -0.0400
4.3150 -1.0628 -0.0400
6.3742 1.7878 -0.0400
6.3151 1.8384 -0.0400
6.2925 1.9434 -0.0400
5.4608 2.3932 -0.0400
5.3703 2.3780 -0.0400
5.3031 2.4217 -0.0400
5.2431 2.4881 -0.0400
3.6672 3.8482 -0.0400
3.5691 3.8318 -0.0400
3.4709 3.8241 -0.0400
3.3750 3.7852 -0.0400
1.7315 3.7835 -0.0400
1.5463 3.6877 -0.0400
1.3332 3.6578 -0.0400
1.8266 1.4273 -0.0400
1.7707 1.3928 -0.0400
1.7099 1.3657 -0.0400
1.6623 1.3185 -0.0400
1.5978 1.2959 -0.0400
1.4939 1.3265 -0.0400
1.4138 1.3206 -0.0400
2.3568 -1.3638 -0.0400
2.4029 -1.4036 -0.0400
2.4102 -1.4312 -0.0400
2.4206 -1.4590 -0.0400
2.4201 -1.4837 -0.0400
2.4180 -1.5079 -0.0400
2.4119 -1.5313 -0.0400
2.3971 -1.5532 -0.0400
2.3832 -1.5757 -0.0400
2.3425 -1.5948 -0.0400
2.2852 -1.6133 -0.0400
-1.2449 -1.2829 -0.0400
-0.9028 -4.7151 -0.0400
-0.8381 -4.7881 -0.0400
-0.1161 -5.8273 -0.0400
3.1670 -2.4185 -0.0400
3.2084 -2.3951 -0.0400
3.2403 -2.3803 -0.0400
3.2578 -2.3812 -0.0400
3.2765 -2.3797 -0.0400
3.2909 -2.3833 -0.0400
3.3051 -2.3868 -0.0400
3.3172 -2.3928 -0.0400
3.3330 -2.3933 -0.0400
4.0196 -6.1380 -0.0400
4.0977 -6.1566 -0.0400
4.8985 -4.9993 -0.0400
4.9483 -4.9616 -0.0400
5.8806 -6.6626 -0.0400
5.9793 -6.6545 -0.0400
5.8855 -4.2636 -0.0400
5.9073 -4.2017 -0.0400
5.9452 -4.1592 -0.0400
6.1394 -4.2817 -0.0400
6.1963 -4.2532 -0.0400
7.3190 -4.7063 -0.0400
7.3460 -4.6246 -0.0400
7.4325 -4.5900 -0.0400
7.5440 -3.0354 -0.0400
7.5278 -2.9572 -0.0400
7.5353 -2.8874 -0.0400
7.6291 -2.8418 -0.0400
7.2273 0.2840 -0.0400
7.1585 0.3244 -0.0400
7.1627 0.4102 -0.0400
4.7576 -1.1103 -0.0400
4.7146 -1.1146 -0.0400
4.6008 -1.1715 -0.0400
4.5720 -1.1703 -0.0400
4.5373 -1.1748 -0.0400
4.5195 -1.1670 -0.0400
4.4561 -1.1976 -0.0400
4.4311 -1.1983 -0.0400
4.4040 -1.2017 -0.0400
4.3889 -1.1951 -0.0400
4.3748 -1.1879 -0.0400
4.3620 -1.1797 -0.0400
4.3490 -1.1718 -0.0400
4.3386 -1.1613 -0.0400
4.3299 -1.1489 -0.0400
4.3212 -1.1364 -0.0400
4.3128 -1.1233 -0.0400
4.3098 -1.1033 -0.0400
4.3040 -1.0862 -0.0400
4.3097 -1.0532 -0.0400
4.3172 -1.0161 -0.0400
6.3083 1.8335 -0.0400
6.2592 1.8988 -0.0400
6.2198 1.9805 -0.0400
5.3812 2.4067 -0.0400
5.2973 2.4061 -0.0400
5.2303 2.4509 -0.0400
3.5756 3.8469 -0.0400
3.4779 3.8299 -0.0400
3.3823 3.7877 -0.0400
1.5436 3.7280 -0.0400
1.4574 3.6654 -0.0400
1.3384 3.6785 -0.0400
1.8295 1.4428 -0.0400
1.7800 1.3981 -0.0400
1.7067 1.3907 -0.0400
1.6582 1.3445 -0.0400
1.6154 1.2908 -0.0400
1.5544 1.2633 -0.0400
1.4396 1.3065 -0.0400
1.3704 1.2855 -0.0400
2.4134 -1.4669 -0.0400
2.4182 -1.4927 -0.0400
2.4151 -1.5165 -0.0400
2.4089 -1.5398 -0.0400
2.4010 -1.5629 -0.0400
2.3814 -1.5845 -0.0400
2.3646 -1.6070 -0.0400
2.3011 -1.6252 -0.0400
-1.2486 -1.3479 -0.0400
-0.9452 -4.6133 -0.0400
-1.0092 -4.7672 -0.0400
-0.1972 -5.7524 -0.0400
3.1788 -2.3949 -0.0400
3.2076 -2.3852 -0.0400
3.2370 -2.3732 -0.0400
3.2530 -2.3758 -0.0400
3.2718 -2.3744 -0.0400
3.2854 -2.3791 -0.0400
3.2991 -2.3833 -0.0400
3.3112 -2.3895 -0.0400
3.3283 -2.3884 -0.0400
3.3414 -2.3925 -0.0400
3.3546 -2.3961 -0.0400
3.9365 -6.1463 -0.0400
4.0141 -6.1602 -0.0400
4.8902 -4.9869 -0.0400
4.9543 -4.9880 -0.0400
5.7140 -6.7632 -0.0400
5.7919 -6.7060 -0.0400
5.8434 -4.3043 -0.0400
5.8660 -4.2423 -0.0400
5.9280 -4.2266 -0.0400
6.0995 -4.3291 -0.0400
6.1622 -4.3070 -0.0400
7.2508 -4.7558 -0.0400
7.3236 -4.7117 -0.0400
7.4982 -3.0918 -0.0400
7.4931 -3.0169 -0.0400
7.5363 -2.9583 -0.0400
7.3095 0.1716 -0.0400
7.2298 0.2077 -0.0400
7.1926 0.2670 -0.0400
7.1899 0.3474 -0.0400
4.7486 -1.1340 -0.0400
4.6424 -1.1801 -0.0400
4.5798 -1.2007 -0.0400
4.5564 -1.1960 -0.0400
4.5384 -1.1880 -0.0400
4.4759 -1.2147 -0.0400
4.4487 -1.2162 -0.0400
4.4193 -1.2205 -0.0400
4.4039 -1.2139 -0.0400
4.3898 -1.2065 -0.0400
4.3772 -1.1980 -0.0400
4.3645 -1.1897 -0.0400
4.3545 -1.1790 -0.0400
4.3446 -1.1681 -0.0400
4.3363 -1.1556 -0.0400
4.3314 -1.1390 -0.0400
4.3246 -1.1241 -0.0400
4.3274 -1.0976 -0.0400
4.3258 -1.0752 -0.0400
4.3305 -1.0439 -0.0400
6.4352 1.7477 -0.0400
6.3685 1.7876 -0.0400
6.3272 1.8630 -0.0400
6.3045 1.9678 -0.0400
5.4438 2.3537 -0.0400
5.3690 2.3764 -0.0400
5.3091 2.4390 -0.0400
3.6772 3.8430 -0.0400
3.5796 3.8204 -0.0400
3.4833 3.7872 -0.0400
1.7505 3.7832 -0.0400
1.5635 3.6943 -0.0400
1.3501 3.6674 -0.0400
1.8820 1.4928 -0.0400
1.8426 1.4304 -0.0400
1.7789 1.4092 -0.0400
1.7288 1.3660 -0.0400
1.6727 1.3324 -0.0400
1.5950 1.3293 -0.0400
1.5011 1.3462 -0.0400
1.4365 1.3202 -0.0400
2.4182 -1.5096 -0.0400
2.4069 -1.5319 -0.0400
2.3962 -1.5545 -0.0400
2.3690 -1.5751 -0.0400
2.3452 -1.5969 -0.0400
-1.2380 -1.2491 -0.0400
-0.1444 -3.0466 -0.0400
-0.9236 -4.6836 -0.0400
-0.8622 -4.7588 -0.0400
-0.1461 -5.8054 -0.0400
3.1963 -2.3978 -0.0400
3.2316 -2.3788 -0.0400
3.2502 -2.3783 -0.0400
3.2655 -2.3815 -0.0400
3.2843 -2.3795 -0.0400
3.2971 -2.3850 -0.0400
3.3109 -2.3890 -0.0400
3.3247 -2.3926 -0.0400
3.3412 -2.3920 -0.0400
3.3539 -2.3966 -0.0400
3.3666 -2.4010 -0.0400
3.3783 -2.4071 -0.0400
3.3888 -2.4153 -0.0400
3.9240 -6.1944 -0.0400
3.9988 -6.1391 -0.0400
4.8848 -4.9966 -0.0400
4.9391 -4.9702 -0.0400
5.8655 -6.6689 -0.0400
5.8641 -4.2444 -0.0400
5.9027 -4.2018 -0.0400
5.9672 -4.1879 -0.0400
6.1413 -4.2886 -0.0400
6.2063 -4.2679 -0.0400
7.2714 -4.7780 -0.0400
7.2946 -4.6917 -0.0400
7.3531 -4.6354 -0.0400
7.5137 -3.0213 -0.0400
7.5121 -2.9479 -0.0400
7.5793 -2.8959 -0.0400
7.3117 0.2613 -0.0400
7.1967 0.2766 -0.0400
7.1765 0.3463 -0.0400
4.7347 -1.1289 -0.0400
4.6159 -1.1833 -0.0400
4.5826 -1.1842 -0.0400
4.5561 -1.1814 -0.0400
4.5357 -1.1750 -0.0400
4.4850 -1.1924 -0.0400
4.4326 -1.2136 -0.0400
4.4142 -1.2090 -0.0400
4.3977 -1.2033 -0.0400
4.3832 -1.1963 -0.0400
4.3700 -1.1884 -0.0400
4.3569 -1.1806 -0.0400
4.3469 -1.1700 -0.0400
4.3370 -1.1592 -0.0400
4.3288 -1.1466 -0.0400
4.3243 -1.1297 -0.0400
4.3183 -1.1141 -0.0400
4.3136 -1.0965 -0.0400
4.3105 -1.0763 -0.0400
6.4587 1.7847 -0.0400
6.3665 1.7911 -0.0400
6.3080 1.8419 -0.0400
6.2608 1.9097 -0.0400
5.4748 2.4334 -0.0400
5.3712 2.3859 -0.0400
5.2962 2.4075 -0.0400
5.2374 2.4748 -0.0400
3.6824 3.8567 -0.0400
3.5842 3.8522 -0.0400
3.4868 3.8337 -0.0400
3.3921 3.7809 -0.0400
1.6571 3.7684 -0.0400
1.5742 3.6973 -0.0400
1.4602 3.7032 -0.0400
1.3598 3.6742 -0.0400
1.8457 1.4425 -0.0400
1.7914 1.4065 -0.0400
1.6994 1.4289 -0.0400
1.6765 1.3440 -0.0400
1.6284 1.2988 -0.0400
1.5616 1.2800 -0.0400
1.4503 1.3195 -0.0400
2.3750 -1.5856 -0.0400
2.3337 -1.6056 -0.0400
-1.2413 -1.3145 -0.0400
-0.1914 -3.1150 -0.0400
-0.1038 -3.1608 -0.0400
-0.1672 -3.2621 -0.0400
-0.3038 -5.6669 -0.0400
-0.2248 -5.7274 -0.0400
3.1804 -2.3819 -0.0400
3.2064 -2.3747 -0.0400
3.2260 -2.3738 -0.0400
3.2441 -2.3741 -0.0400
3.2635 -2.3721 -0.0400
3.2780 -2.3758 -0.0400
3.2905 -2.3818 -0.0400
3.3043 -2.3859 -0.0400
3.3192 -2.3882 -0.0400
3.3350 -2.3885 -0.0400
3.3474 -2.3939 -0.0400
3.3597 -2.3992 -0.0400
3.3709 -2.4062 -0.0400
3.3807 -2.4160 -0.0400
3.3908 -2.4253 -0.0400
3.3986 -2.4395 -0.0400
4.8347 -5.0515 -0.0400
4.8784 -4.9920 -0.0400
5.6916 -6.7553 -0.0400
5.7796 -6.7223 -0.0400
5.8124 -4.3665 -0.0400
5.8259 -4.2908 -0.0400
5.8608 -4.2432 -0.0400
5.9201 -4.2240 -0.0400
6.1158 -4.3536 -0.0400
7.2109 -4.8357 -0.0400
7.2445 -4.7575 -0.0400
7.3162 -4.7121 -0.0400
7.4809 -3.0825 -0.0400
7.4994 -3.0155 -0.0400
7.5744 -2.9667 -0.0400
7.2715 0.1615 -0.0400
7.2202 0.2130 -0.0400
7.2016 0.2831 -0.0400
4.7357 -1.1453 -0.0400
4.6116 -1.2003 -0.0400
4.5664 -1.2087 -0.0400
4.5479 -1.2006 -0.0400
4.4816 -1.2271 -0.0400
4.4532 -1.2285 -0.0400
4.4321 -1.2254 -0.0400
4.4141 -1.2204 -0.0400
4.3994 -1.2132 -0.0400
4.3832 -1.2077 -0.0400
4.3717 -1.1983 -0.0400
4.3620 -1.1875 -0.0400
4.3523 -1.1766 -0.0400
4.3443 -1.1641 -0.0400
4.3403 -1.1473 -0.0400
4.3349 -1.1315 -0.0400
4.3310 -1.1137 -0.0400
4.3290 -1.0932 -0.0400
6.6122 1.7292 -0.0400
6.5036 1.7191 -0.0400
6.4275 1.7473 -0.0400
6.3772 1.8090 -0.0400
6.3477 1.9011 -0.0400
5.5199 2.3406 -0.0400
5.4380 2.3465 -0.0400
5.3690 2.3831 -0.0400
5.3255 2.4889 -0.0400
3.7827 3.8376 -0.0400
3.6852 3.8195 -0.0400
3.5880 3.8072 -0.0400
3.4915 3.7880 -0.0400
1.7647 3.7893 -0.0400
1.6662 3.7586 -0.0400
1.5791 3.6987 -0.0400
1.8997 1.4874 -0.0400
1.8549 1.4351 -0.0400
1.7848 1.4251 -0.0400
1.7424 1.3702 -0.0400
1.6816 1.3444 -0.0400
1.5902 1.3619 -0.0400
1.5136 1.3548 -0.0400
1.4378 1.3445 -0.0400
0.4515 0.8452 -0.0400
0.4594 0.7470 -0.0400
0.4018 0.6996 -0.0400
-0.1566 -3.0152 -0.0400
-0.1189 -3.0782 -0.0400
-0.1412 -3.1625 -0.0400
-0.2857 -5.7527 -0.0400
-0.1725 -5.7789 -0.0400
3.1922 -2.3905 -0.0400
3.2178 -2.3827 -0.0400
3.2442 -2.3725 -0.0400
3.2596 -2.3755 -0.0400
3.2748 -2.3785 -0.0400
3.2892 -2.3822 -0.0400
3.3031 -2.3861 -0.0400
3.3166 -2.3906 -0.0400
3.3312 -2.3928 -0.0400
3.3466 -2.3935 -0.0400
3.3590 -2.3989 -0.0400
3.3711 -2.4047 -0.0400
3.3822 -2.4122 -0.0400
3.3915 -2.4234 -0.0400
3.4017 -2.4333 -0.0400
3.4087 -2.4502 -0.0400
3.4176 -2.4641 -0.0400
3.4181 -2.4985 -0.0400
4.8689 -4.9946 -0.0400
4.9303 -4.9871 -0.0400
5.7790 -6.7552 -0.0400
5.8485 -6.6766 -0.0400
5.8303 -4.3034 -0.0400
5.8564 -4.2446 -0.0400
5.9076 -4.2159 -0.0400
6.0922 -4.3340 -0.0400
6.1508 -4.3069 -0.0400
7.2619 -4.7789 -0.0400
7.2928 -4.6987 -0.0400
7.5004 -3.0145 -0.0400
7.5272 -2.9501 -0.0400
7.6422 -2.9121 -0.0400
7.2180 0.2190 -0.0400
4.7692 -1.1353 -0.0400
4.6510 -1.1829 -0.0400
4.5977 -1.1946 -0.0400
4.5698 -1.1917 -0.0400
4.5468 -1.1865 -0.0400
4.5090 -1.1924 -0.0400
4.4553 -1.2115 -0.0400
4.4201 -1.2189 -0.0400
4.4037 -1.2128 -0.0400
4.3890 -1.2057 -0.0400
4.3764 -1.1972 -0.0400
4.3645 -1.1883 -0.0400
4.3541 -1.1780 -0.0400
4.3442 -1.1675 -0.0400
4.3381 -1.1531 -0.0400
4.3312 -1.1392 -0.0400
4.3251 -1.1243 -0.0400
4.3214 -1.1065 -0.0400
4.3192 -1.0864 -0.0400
4.3508 -1.0260 -0.0400
6.5304 1.7599 -0.0400
6.4337 1.7626 -0.0400
6.3651 1.8000 -0.0400
6.3223 1.8725 -0.0400
5.4397 2.3575 -0.0400
5.3644 2.3781 -0.0400
5.3037 2.4366 -0.0400
3.6889 3.8374 -0.0400
3.5923 3.8019 -0.0400
3.4948 3.8102 -0.0400
1.5890 3.6994 -0.0400
1.3772 3.6731 -0.0400
1.8814 1.5340 -0.0400
1.8585 1.4435 -0.0400
1.8012 1.4130 -0.0400
1.7221 1.4165 -0.0400
1.6902 1.3461 -0.0400
1.6387 1.3067 -0.0400
1.5193 1.3621 -0.0400
1.4572 1.3337 -0.0400
0.4590 0.7644 -0.0400
0.4221 0.7019 -0.0400
0.3606 0.6571 -0.0400
-0.1713 -3.0727 -0.0400
-0.1136 -3.1288 -0.0400
-0.1735 -3.2283 -0.0400
-0.1966 -5.7673 -0.0400
-0.1263 -5.8366 -0.0400
3.1912 -2.3909 -0.0400
3.2171 -2.3823 -0.0400
3.2368 -2.3805 -0.0400
3.2550 -2.3800 -0.0400
3.2705 -2.3826 -0.0400
3.2887 -2.3808 -0.0400
3.3015 -2.3865 -0.0400
3.3143 -2.3921 -0.0400
3.3284 -2.3955 -0.0400
3.3451 -2.3940 -0.0400
3.3581 -2.3984 -0.0400
3.3705 -2.4038 -0.0400
3.3824 -2.4101 -0.0400
3.3935 -2.4180 -0.0400
3.4027 -2.4303 -0.0400
3.4127 -2.4411 -0.0400
3.4189 -2.4617 -0.0400
3.4270 -2.4788 -0.0400
4.9164 -4.9799 -0.0400
4.9730 -4.9582 -0.0400
5.8348 -6.6794 -0.0400
5.9396 -6.6833 -0.0400
5.8769 -4.2772 -0.0400
5.8978 -4.2124 -0.0400
5.9400 -4.1731 -0.0400
6.1391 -4.3017 -0.0400
6.2242 -4.3009 -0.0400
7.2889 -4.7026 -0.0400
7.3607 -4.6563 -0.0400
7.5383 -3.0269 -0.0400
7.5168 -2.9460 -0.0400
7.5788 -2.8921 -0.0400
7.6678 -2.8443 -0.0400
7.2540 0.2463 -0.0400
7.1822 0.2862 -0.0400
4.7388 -1.1154 -0.0400
4.6120 -1.1712 -0.0400
4.5569 -1.1855 -0.0400
4.5366 -1.1785 -0.0400
4.4709 -1.2042 -0.0400
4.4402 -1.2071 -0.0400
4.4176 -1.2050 -0.0400
4.3990 -1.2005 -0.0400
4.3840 -1.1936 -0.0400
4.3698 -1.1864 -0.0400
4.3558 -1.1792 -0.0400
4.3459 -1.1686 -0.0400
4.3363 -1.1578 -0.0400
4.3287 -1.1449 -0.0400
4.3214 -1.1316 -0.0400
4.3146 -1.1175 -0.0400
4.3103 -1.1004 -0.0400
4.3187 -1.0687 -0.0400
4.3262 -1.0363 -0.0400
6.4606 1.8052 -0.0400
6.3580 1.7983 -0.0400
6.3020 1.8522 -0.0400
6.2643 1.9330 -0.0400
5.4831 2.4697 -0.0400
5.3639 2.3848 -0.0400
5.2906 2.4098 -0.0400
5.2386 2.4944 -0.0400
3.5946 3.8387 -0.0400
3.4988 3.7997 -0.0400
3.4020 3.7973 -0.0400
1.6848 3.7589 -0.0400
1.5031 3.6621 -0.0400
1.8085 1.4139 -0.0400
1.7351 1.4090 -0.0400
1.6885 1.3615 -0.0400
1.6455 1.3097 -0.0400
1.5825 1.2870 -0.0400
1.4666 1.3347 -0.0400
1.4161 1.2910 -0.0400
1.3317 1.2901 -0.0400
0.4069 0.8202 -0.0400
0.4194 0.7198 -0.0400
0.3856 0.6555 -0.0400
0.3251 0.6097 -0.0400
-0.1155 -3.1061 -0.0400
-0.0872 -3.1719 -0.0400
-0.1293 -3.2656 -0.0400
-0.3766 -5.6577 -0.0400
-0.2680 -5.6902 -0.0400
3.1733 -2.3828 -0.0400
3.1999 -2.3742 -0.0400
3.2274 -2.3630 -0.0400
3.2429 -2.3661 -0.0400
3.2582 -2.3691 -0.0400
3.2726 -2.3730 -0.0400
3.2853 -2.3791 -0.0400
3.3006 -2.3811 -0.0400
3.3151 -2.3839 -0.0400
3.3289 -2.3875 -0.0400
3.3417 -2.3925 -0.0400
3.3541 -2.3982 -0.0400
3.3654 -2.4057 -0.0400
3.3761 -2.4145 -0.0400
3.3843 -2.4287 -0.0400
3.3938 -2.4408 -0.0400
3.3977 -2.4660 -0.0400
3.4032 -2.4893 -0.0400
4.8023 -5.0301 -0.0400
5.6606 -6.7615 -0.0400
5.7536 -6.7395 -0.0400
5.7764 -4.3406 -0.0400
5.8101 -4.2899 -0.0400
5.8710 -4.2725 -0.0400
6.0472 -4.3864 -0.0400
6.1161 -4.3706 -0.0400
7.1900 -4.8341 -0.0400
7.2534 -4.7814 -0.0400
7.4890 -3.1589 -0.0400
7.4821 -3.0815 -0.0400
7.5904 -3.0448 -0.0400
7.2857 0.1054 -0.0400
4.7597 -1.1710 -0.0400
4.6252 -1.2228 -0.0400
4.5950 -1.2197 -0.0400
4.5692 -1.2148 -0.0400
4.5505 -1.2064 -0.0400
4.4766 -1.2345 -0.0400
4.4377 -1.2421 -0.0400
4.4209 -1.2357 -0.0400
4.4062 -1.2281 -0.0400
4.3937 -1.2192 -0.0400
4.3820 -1.2099 -0.0400
4.3720 -1.1994 -0.0400
4.3625 -1.1884 -0.0400
4.3544 -1.1762 -0.0400
4.3510 -1.1598 -0.0400
4.3462 -1.1441 -0.0400
4.3436 -1.1261 -0.0400
4.3432 -1.1052 -0.0400
4.3474 -1.0787 -0.0400
6.6428 1.6600 -0.0400
6.5467 1.6665 -0.0400
6.4775 1.7034 -0.0400
6.4244 1.7604 -0.0400
6.3924 1.8464 -0.0400
5.5872 2.3172 -0.0400
5.5045 2.3225 -0.0400
5.4393 2.3669 -0.0400
5.3891 2.4505 -0.0400
3.8876 3.8431 -0.0400
3.7898 3.8154 -0.0400
3.6929 3.8059 -0.0400
3.5968 3.7786 -0.0400
1.8827 3.8189 -0.0400
1.6852 3.7632 -0.0400
1.5777 3.7566 -0.0400
1.4739 3.7380 -0.0400
1.9674 1.5290 -0.0400
1.9254 1.4717 -0.0400
1.8621 1.4526 -0.0400
1.7948 1.4391 -0.0400
1.7553 1.3803 -0.0400
1.6775 1.3812 -0.0400
1.5854 1.4002 -0.0400
1.5188 1.3793 -0.0400
0.5095 0.8362 -0.0400
0.4794 0.7685 -0.0400
-0.1667 -2.9666 -0.0400
-0.1311 -3.0301 -0.0400
-0.9966 -4.5336 -0.0400
3.1602 -2.3799 -0.0400
3.1880 -2.3701 -0.0400
3.2092 -2.3671 -0.0400
3.2283 -2.3661 -0.0400
3.2441 -2.3688 -0.0400
3.2628 -2.3669 -0.0400
3.2755 -2.3731 -0.0400
3.2882 -2.3792 -0.0400
3.3022 -2.3830 -0.0400
3.3169 -2.3855 -0.0400
3.3319 -2.3872 -0.0400
3.3440 -2.3933 -0.0400
3.3560 -2.3999 -0.0400
3.3673 -2.4076 -0.0400
3.3760 -2.4208 -0.0400
3.3858 -2.4323 -0.0400
3.3951 -2.4454 -0.0400
3.3972 -2.4761 -0.0400
3.3967 -2.5157 -0.0400
4.7919 -5.0278 -0.0400
5.6503 -6.7666 -0.0400
5.7827 -4.3572 -0.0400
5.8119 -4.3001 -0.0400
5.9951 -4.4285 -0.0400
6.0532 -4.4009 -0.0400
7.1394 -4.9059 -0.0400
7.1882 -4.8398 -0.0400
7.4777 -3.2312 -0.0400
7.4651 -3.1505 -0.0400
7.4842 -3.0828 -0.0400
7.5965 -3.0475 -0.0400
7.3689 0.0732 -0.0400
4.8044 -1.1612 -0.0400
4.6555 -1.2167 -0.0400
4.6103 -1.2208 -0.0400
4.5690 -1.2243 -0.0400
4.5034 -1.2439 -0.0400
4.4696 -1.2463 -0.0400
4.4462 -1.2433 -0.0400
4.4275 -1.2377 -0.0400
4.4125 -1.2301 -0.0400
4.3984 -1.2221 -0.0400
4.3843 -1.2145 -0.0400
4.3749 -1.2034 -0.0400
4.3658 -1.1922 -0.0400
4.3589 -1.1790 -0.0400
4.3524 -1.1654 -0.0400
4.3465 -1.1511 -0.0400
4.3433 -1.1339 -0.0400
4.3418 -1.1147 -0.0400
4.3636 -1.0714 -0.0400
6.6505 1.6747 -0.0400
6.5460 1.6717 -0.0400
6.4745 1.7059 -0.0400
6.4496 1.7991 -0.0400
5.5750 2.2978 -0.0400
5.4999 2.3191 -0.0400
5.4533 2.4073 -0.0400
3.8885 3.8277 -0.0400
3.7911 3.8015 -0.0400
3.6946 3.8022 -0.0400
3.5986 3.7744 -0.0400
1.8892 3.8148 -0.0400
1.8007 3.7592 -0.0400
1.6915 3.7615 -0.0400
1.5841 3.7555 -0.0400
1.4826 3.7320 -0.0400
1.9840 1.5057 -0.0400
1.9266 1.4770 -0.0400
1.8443 1.4907 -0.0400
1.8124 1.4182 -0.0400
1.7629 1.3763 -0.0400
1.6962 1.3611 -0.0400
1.5886 1.4040 -0.0400
0.5495 0.9072 -0.0400
0.5285 0.8319 -0.0400
0.4779 0.7805 -0.0400
0.3799 0.7640 -0.0400
-0.1718 -2.9513 -0.0400
-0.1574 -3.0219 -0.0400
-0.2201 -3.1203 -0.0400
-1.0052 -4.5167 -0.0400
-0.9827 -4.6159 -0.0400
3.1553 -2.3913 -0.0400
3.1979 -2.3624 -0.0400
3.2170 -2.3615 -0.0400
3.2336 -2.3633 -0.0400
3.2490 -2.3662 -0.0400
3.2642 -2.3691 -0.0400
3.2771 -2.3750 -0.0400
3.2918 -2.3780 -0.0400
3.3067 -2.3803 -0.0400
3.3206 -2.3839 -0.0400
3.3336 -2.3887 -0.0400
3.3459 -2.3948 -0.0400
3.3571 -2.4030 -0.0400
3.3677 -2.4124 -0.0400
3.3779 -2.4231 -0.0400
3.3877 -2.4351 -0.0400
3.3916 -2.4614 -0.0400
3.3969 -2.4864 -0.0400
4.7842 -5.0354 -0.0400
5.6405 -6.7747 -0.0400
5.7474 -4.4180 -0.0400
5.7651 -4.3441 -0.0400
5.8037 -4.2988 -0.0400
5.8717 -4.2895 -0.0400
6.0421 -4.3966 -0.0400
7.1584 -4.9322 -0.0400
7.1824 -4.8426 -0.0400
7.2689 -4.8095 -0.0400
7.4594 -3.1496 -0.0400
7.4960 -3.0882 -0.0400
7.3598 0.0735 -0.0400
4.7652 -1.1717 -0.0400
4.6035 -1.2345 -0.0400
4.5777 -1.2287 -0.0400
4.5592 -1.2195 -0.0400
4.4823 -1.2460 -0.0400
4.4547 -1.2448 -0.0400
4.4268 -1.2448 -0.0400
4.4122 -1.2368 -0.0400
4.3998 -1.2276 -0.0400
4.3882 -1.2180 -0.0400
4.3783 -1.2072 -0.0400
4.3689 -1.1962 -0.0400
4.3610 -1.1839 -0.0400
4.3576 -1.1678 -0.0400
4.3529 -1.1524 -0.0400
4.3505 -1.1347 -0.0400
4.3503 -1.1145 -0.0400
4.3544 -1.0894 -0.0400
6.7321 1.6541 -0.0400
6.6066 1.6300 -0.0400
6.5316 1.6607 -0.0400
6.4755 1.7135 -0.0400
6.4405 1.7937 -0.0400
5.6519 2.2867 -0.0400
5.5687 2.2919 -0.0400
5.4983 2.3232 -0.0400
5.4391 2.3813 -0.0400
3.8893 3.8238 -0.0400
3.7919 3.7858 -0.0400
3.6958 3.7848 -0.0400
3.5997 3.7807 -0.0400
1.9843 3.8669 -0.0400
1.8928 3.8182 -0.0400
1.8059 3.7583 -0.0400
1.5921 3.7488 -0.0400
1.9859 1.5085 -0.0400
1.9316 1.4746 -0.0400
1.8556 1.4782 -0.0400
1.8216 1.4098 -0.0400
1.7589 1.3895 -0.0400
1.6640 1.4172 -0.0400
1.5939 1.4038 -0.0400
1.5186 1.3960 -0.0400
0.5283 0.9349 -0.0400
0.5296 0.8410 -0.0400
0.4891 0.7821 -0.0400
-0.1699 -2.9340 -0.0400
-0.1629 -3.0069 -0.0400
-0.2217 -3.1037 -0.0400
-1.0150 -4.5007 -0.0400
3.1737 -2.3737 -0.0400
3.1978 -2.3671 -0.0400
3.2170 -2.3658 -0.0400
3.2383 -2.3610 -0.0400
3.2535 -2.3639 -0.0400
3.2670 -2.3692 -0.0400
3.2797 -2.3753 -0.0400
3.2929 -2.3806 -0.0400
3.3080 -2.3824 -0.0400
3.3233 -2.3836 -0.0400
3.3356 -2.3897 -0.0400
3.3477 -2.3964 -0.0400
3.3591 -2.4043 -0.0400
3.3698 -2.4138 -0.0400
3.3770 -2.4315 -0.0400
3.3858 -2.4467 -0.0400
3.3932 -2.4661 -0.0400
3.3967 -2.4969 -0.0400
5.6337 -6.7922 -0.0400
5.7535 -4.3395 -0.0400
5.8069 -4.3127 -0.0400
5.9873 -4.4380 -0.0400
6.0500 -4.4152 -0.0400
7.1278 -4.9127 -0.0400
7.1892 -4.8576 -0.0400
7.5126 -3.2491 -0.0400
7.4634 -3.1530 -0.0400
7.5136 -3.0964 -0.0400
7.6204 -3.0584 -0.0400
4.7845 -1.1759 -0.0400
4.6133 -1.2395 -0.0400
4.5859 -1.2340 -0.0400
4.5667 -1.2247 -0.0400
4.4939 -1.2470 -0.0400
4.4500 -1.2548 -0.0400
4.4322 -1.2481 -0.0400
4.4176 -1.2398 -0.0400
4.4042 -1.2310 -0.0400
4.3926 -1.2213 -0.0400
4.3810 -1.2116 -0.0400
4.3722 -1.2001 -0.0400
4.3655 -1.1869 -0.0400
4.3592 -1.1733 -0.0400
4.3534 -1.1591 -0.0400
4.3503 -1.1422 -0.0400
4.3488 -1.1236 -0.0400
4.3673 -1.0858 -0.0400
6.6113 1.6416 -0.0400
6.5303 1.6654 -0.0400
6.4903 1.7382 -0.0400
5.6447 2.2796 -0.0400
5.5645 2.2909 -0.0400
5.4974 2.3294 -0.0400
3.8898 3.8237 -0.0400
3.7925 3.7864 -0.0400
3.6965 3.7801 -0.0400
1.9959 3.8423 -0.0400
1.8095 3.7603 -0.0400
1.6773 3.8265 -0.0400
1.5992 3.7431 -0.0400
2.0133 1.5998 -0.0400
1.9885 1.5087 -0.0400
1.9185 1.5033 -0.0400
1.8692 1.4603 -0.0400
1.8243 1.4110 -0.0400
1.7652 1.3853 -0.0400
1.6863 1.3893 -0.0400
1.5869 1.4205 -0.0400
0.5694 0.9101 -0.0400
0.5404 0.8417 -0.0400
0.4815 0.7974 -0.0400
-0.1661 -2.9164 -0.0400
-0.1446 -2.9842 -0.0400
-0.2422 -3.0940 -0.0400
-1.1100 -4.4226 -0.0400
-1.0187 -4.4813 -0.0400
-1.0927 -4.6391 -0.0400
3.2235 -2.3612 -0.0400
3.2390 -2.3641 -0.0400
3.2543 -2.3669 -0.0400
3.2694 -2.3696 -0.0400
3.2821 -2.3758 -0.0400
3.2973 -2.3777 -0.0400
3.3115 -2.3808 -0.0400
3.3249 -2.3852 -0.0400
3.3374 -2.3910 -0.0400
3.3488 -2.3991 -0.0400
3.3595 -2.4089 -0.0400
3.3697 -2.4200 -0.0400
3.3794 -2.4328 -0.0400
3.3882 -2.4486 -0.0400
3.3822 -2.5028 -0.0400
5.7248 -4.4109 -0.0400
5.7512 -4.3480 -0.0400
5.7966 -4.3107 -0.0400
5.9821 -4.4425 -0.0400
6.0747 -4.4544 -0.0400
7.1385 -4.9329 -0.0400
7.4425 -3.2232 -0.0400
7.4661 -3.1565 -0.0400
7.5302 -3.1048 -0.0400
4.7985 -1.1836 -0.0400
4.6190 -1.2471 -0.0400
4.5921 -1.2408 -0.0400
4.5723 -1.2315 -0.0400
4.5008 -1.2512 -0.0400
4.4551 -1.2591 -0.0400
4.4368 -1.2523 -0.0400
4.4223 -1.2437 -0.0400
4.4083 -1.2350 -0.0400
4.3937 -1.2271 -0.0400
4.3845 -1.2157 -0.0400
4.3754 -1.2043 -0.0400
4.3681 -1.1916 -0.0400
4.3612 -1.1785 -0.0400
4.3602 -1.1605 -0.0400
4.3578 -1.1432 -0.0400
4.3575 -1.1236 -0.0400
4.3608 -1.1003 -0.0400
4.3754 -1.0655 -0.0400
6.6784 1.6064 -0.0400
6.5889 1.6220 -0.0400
6.5248 1.6652 -0.0400
6.4798 1.7317 -0.0400
6.4737 1.8491 -0.0400
5.6402 2.2789 -0.0400
5.5610 2.2920 -0.0400
5.5188 2.3863 -0.0400
3.9866 3.8242 -0.0400
3.8889 3.7934 -0.0400
3.7927 3.7883 -0.0400
3.6968 3.7695 -0.0400
1.9998 3.8405 -0.0400
1.9077 3.7963 -0.0400
1.8151 3.7548 -0.0400
1.6982 3.7808 -0.0400
1.5972 3.7593 -0.0400
2.0303 1.5705 -0.0400
1.9928 1.5046 -0.0400
1.9196 1.5056 -0.0400
1.8726 1.4590 -0.0400
1.8273 1.4107 -0.0400
1.7482 1.4173 -0.0400
1.6566 1.4400 -0.0400
1.5942 1.4154 -0.0400
0.5536 0.9318 -0.0400
0.5425 0.8486 -0.0400
0.4530 0.8283 -0.0400
2.3957 -1.2991 -0.0400
2.4163 -1.3297 -0.0400
2.4281 -1.3569 -0.0400
-0.2704 -2.8570 -0.0400
-0.1760 -2.9035 -0.0400
-0.1585 -2.9726 -0.0400
-0.2020 -3.0633 -0.0400
-1.0265 -4.4645 -0.0400
-0.3895 -5.5638 -0.0400
-0.3630 -5.6759 -0.0400
3.2582 -2.3652 -0.0400
3.2709 -2.3714 -0.0400
3.2837 -2.3775 -0.0400
3.3006 -2.3763 -0.0400
3.3143 -2.3801 -0.0400
3.3270 -2.3859 -0.0400
3.3392 -2.3923 -0.0400
3.3509 -2.3999 -0.0400
3.3618 -2.4095 -0.0400
3.3690 -2.4278 -0.0400
3.3777 -2.4437 -0.0400
3.3847 -2.4651 -0.0400
3.3816 -2.5151 -0.0400
5.7275 -4.4275 -0.0400
5.7429 -4.3496 -0.0400
5.8073 -4.3359 -0.0400
5.9792 -4.4508 -0.0400
6.0496 -4.4365 -0.0400
7.1161 -4.9225 -0.0400
7.1872 -4.8759 -0.0400
7.4903 -3.3244 -0.0400
7.4439 -3.2270 -0.0400
7.4671 -3.1599 -0.0400
7.5359 -3.1098 -0.0400
4.7905 -1.2018 -0.0400
4.6405 -1.2479 -0.0400
4.6120 -1.2414 -0.0400
4.5755 -1.2399 -0.0400
4.5014 -1.2594 -0.0400
4.4579 -1.2651 -0.0400
4.4400 -1.2577 -0.0400
4.4257 -1.2487 -0.0400
4.4119 -1.2397 -0.0400
4.3971 -1.2316 -0.0400
4.3880 -1.2201 -0.0400
4.3788 -1.2087 -0.0400
4.3710 -1.1963 -0.0400
4.3670 -1.1810 -0.0400
4.3616 -1.1666 -0.0400
4.3589 -1.1497 -0.0400
4.3576 -1.1314 -0.0400
4.3586 -1.1105 -0.0400
6.6924 1.6278 -0.0400
6.5796 1.6175 -0.0400
6.5302 1.6781 -0.0400
6.5082 1.7730 -0.0400
5.6271 2.2606 -0.0400
5.5619 2.3028 -0.0400
5.5165 2.3900 -0.0400
3.9862 3.8219 -0.0400
3.8888 3.8007 -0.0400
3.7929 3.8066 -0.0400
3.6967 3.7863 -0.0400
2.0037 3.8371 -0.0400
1.9135 3.7876 -0.0400
1.8192 3.7522 -0.0400
1.7023 3.7792 -0.0400
2.0425 1.5492 -0.0400
1.9929 1.5071 -0.0400
1.9119 1.5226 -0.0400
1.8781 1.4527 -0.0400
1.8252 1.4177 -0.0400
1.7496 1.4189 -0.0400
1.6597 1.4395 -0.0400
1.5981 1.4141 -0.0400
0.5838 0.9143 -0.0400
0.5497 0.8508 -0.0400
0.4852 0.8114 -0.0400
2.3956 -1.2926 -0.0400
2.4183 -1.3238 -0.0400
2.4307 -1.3510 -0.0400
2.4449 -1.3781 -0.0400
2.4453 -1.4012 -0.0400
2.4439 -1.4238 -0.0400
-0.1572 -2.9562 -0.0400
-0.2894 -3.0776 -0.0400
-1.0495 -4.4567 -0.0400
-0.4096 -5.5566 -0.0400
-0.3371 -5.6238 -0.0400
3.2868 -2.3766 -0.0400
3.3017 -2.3786 -0.0400
3.3156 -2.3821 -0.0400
3.3286 -2.3872 -0.0400
3.3405 -2.3945 -0.0400
3.3515 -2.4038 -0.0400
3.3620 -2.4148 -0.0400
3.3718 -2.4276 -0.0400
3.3809 -2.4433 -0.0400
3.3731 -2.5046 -0.0400
3.6357 -6.1962 -0.0400
5.7000 -4.4043 -0.0400
5.7364 -4.3543 -0.0400
5.7942 -4.3321 -0.0400
5.9715 -4.4540 -0.0400
7.1123 -4.9306 -0.0400
7.4489 -3.2330 -0.0400
7.5039 -3.1780 -0.0400
4.6651 -1.2487 -0.0400
4.6072 -1.2547 -0.0400
4.5853 -1.2455 -0.0400
4.4944 -1.2716 -0.0400
4.4688 -1.2672 -0.0400
4.4507 -1.2594 -0.0400
4.4277 -1.2549 -0.0400
4.4147 -1.2453 -0.0400
4.4004 -1.2367 -0.0400
4.3913 -1.2250 -0.0400
4.3822 -1.2134 -0.0400
4.3745 -1.2009 -0.0400
4.3701 -1.1860 -0.0400
4.3644 -1.1718 -0.0400
4.3612 -1.1555 -0.0400
4.3591 -1.1379 -0.0400
4.3724 -1.1072 -0.0400
4.3881 -1.0730 -0.0400
6.7694 1.6012 -0.0400
6.6506 1.5876 -0.0400
6.5772 1.6210 -0.0400
6.5231 1.6759 -0.0400
6.4916 1.7590 -0.0400
5.7077 2.2578 -0.0400
5.6239 2.2632 -0.0400
5.5572 2.3019 -0.0400
5.5087 2.3818 -0.0400
3.9859 3.8298 -0.0400
3.8881 3.7960 -0.0400
3.7919 3.7809 -0.0400
2.0955 3.8915 -0.0400
2.0012 3.8531 -0.0400
1.9205 3.7738 -0.0400
1.8201 3.7573 -0.0400
1.7076 3.7725 -0.0400
2.0932 1.5913 -0.0400
2.0514 1.5331 -0.0400
1.9974 1.5002 -0.0400
1.9260 1.4992 -0.0400
1.8840 1.4448 -0.0400
1.8243 1.4217 -0.0400
1.7445 1.4301 -0.0400
1.6621 1.4392 -0.0400
0.5983 0.9093 -0.0400
0.5465 0.8605 -0.0400
0.4393 0.8545 -0.0400
2.3883 -1.2846 -0.0400
2.4172 -1.3175 -0.0400
2.4438 -1.3485 -0.0400
2.4467 -1.3723 -0.0400
2.4473 -1.3954 -0.0400
2.4461 -1.4178 -0.0400
2.4406 -1.4393 -0.0400
2.4332 -1.4605 -0.0400
2.4232 -1.4815 -0.0400
-1.1229 -4.3670 -0.0400
-1.0630 -4.4436 -0.0400
-0.5231 -5.5006 -0.0400
-0.4139 -5.5345 -0.0400
-0.3898 -5.6484 -0.0400
3.3180 -2.3820 -0.0400
3.3305 -2.3881 -0.0400
3.3426 -2.3951 -0.0400
3.3518 -2.4086 -0.0400
3.3617 -2.4213 -0.0400
3.3708 -2.4368 -0.0400
3.3784 -2.4574 -0.0400
3.3801 -2.4962 -0.0400
3.6989 -6.1635 -0.0400
3.7788 -6.2222 -0.0400
5.6732 -4.4845 -0.0400
5.6939 -4.4109 -0.0400
5.7300 -4.3602 -0.0400
5.7853 -4.3346 -0.0400
5.9756 -4.4726 -0.0400
7.0708 -5.0187 -0.0400
7.1033 -4.9345 -0.0400
7.1925 -4.9040 -0.0400
7.4325 -3.3082 -0.0400
7.4384 -3.2331 -0.0400
7.4877 -3.1759 -0.0400
4.6687 -1.2596 -0.0400
4.6306 -1.2557 -0.0400
4.5912 -1.2537 -0.0400
4.5040 -1.2760 -0.0400
4.4771 -1.2715 -0.0400
4.4480 -1.2690 -0.0400
4.4342 -1.2592 -0.0400
4.4167 -1.2518 -0.0400
4.4058 -1.2409 -0.0400
4.3957 -1.2296 -0.0400
4.3857 -1.2185 -0.0400
4.3785 -1.2056 -0.0400
4.3740 -1.1907 -0.0400
4.3683 -1.1765 -0.0400
4.3650 -1.1604 -0.0400
4.3625 -1.1433 -0.0400
4.3735 -1.1151 -0.0400
4.3831 -1.0868 -0.0400
6.6326 1.5737 -0.0400
6.5760 1.6257 -0.0400
6.5397 1.7017 -0.0400
5.6904 2.2331 -0.0400
5.6212 2.2666 -0.0400
5.5693 2.3369 -0.0400
4.0820 3.8344 -0.0400
3.9850 3.8299 -0.0400
3.8873 3.8009 -0.0400
3.7910 3.7781 -0.0400
2.1036 3.8694 -0.0400
2.0006 3.8615 -0.0400
1.9238 3.7700 -0.0400
1.7879 3.8582 -0.0400
1.7091 3.7751 -0.0400
2.0938 1.5899 -0.0400
2.0548 1.5265 -0.0400
1.9923 1.5105 -0.0400
1.9375 1.4793 -0.0400
1.8885 1.4381 -0.0400
1.8315 1.4111 -0.0400
1.7182 1.4742 -0.0400
1.6628 1.4404 -0.0400
0.6014 1.0062 -0.0400
0.5979 0.9158 -0.0400
0.5565 0.8588 -0.0400
0.4831 0.8270 -0.0400
2.3648 -1.2721 -0.0400
2.4349 -1.3172 -0.0400
2.4439 -1.3430 -0.0400
2.4474 -1.3669 -0.0400
2.4486 -1.3899 -0.0400
2.4488 -1.4125 -0.0400
2.4428 -1.4337 -0.0400
2.4354 -1.4547 -0.0400
2.4252 -1.4754 -0.0400
2.3993 -1.4941 -0.0400
2.3772 -1.5142 -0.0400
2.3412 -1.5334 -0.0400
-1.1020 -4.3350 -0.0400
-1.0464 -4.4134 -0.0400
-0.4287 -5.5224 -0.0400
-0.3656 -5.5984 -0.0400
3.1249 -2.3829 -0.0400
3.1577 -2.3653 -0.0400
3.3437 -2.3975 -0.0400
3.3546 -2.4078 -0.0400
3.3649 -2.4198 -0.0400
3.3689 -2.4491 -0.0400
3.3725 -2.4822 -0.0400
3.6041 -6.1727 -0.0400
3.6829 -6.1591 -0.0400
5.6559 -4.4767 -0.0400
5.6835 -4.4126 -0.0400
5.7229 -4.3659 -0.0400
5.9084 -4.5049 -0.0400
5.9679 -4.4777 -0.0400
7.0848 -5.0464 -0.0400
7.1123 -4.9564 -0.0400
7.4610 -3.3261 -0.0400
7.4486 -3.2424 -0.0400
7.5531 -3.2067 -0.0400
4.8009 -1.2204 -0.0400
4.6444 -1.2622 -0.0400
4.6043 -1.2595 -0.0400
4.5775 -1.2520 -0.0400
4.4779 -1.2802 -0.0400
4.4608 -1.2711 -0.0400
4.4381 -1.2654 -0.0400
4.4209 -1.2575 -0.0400
4.4103 -1.2462 -0.0400
4.3987 -1.2357 -0.0400
4.3898 -1.2237 -0.0400
4.3829 -1.2105 -0.0400
4.3762 -1.1971 -0.0400
4.3703 -1.1831 -0.0400
4.3703 -1.1646 -0.0400
4.3679 -1.1476 -0.0400
4.3782 -1.1203 -0.0400
4.3866 -1.0936 -0.0400
6.7087 1.5478 -0.0400
6.6307 1.5773 -0.0400
6.5722 1.6273 -0.0400
6.5322 1.6988 -0.0400
5.7907 2.2655 -0.0400
5.6895 2.2402 -0.0400
5.6164 2.2661 -0.0400
5.5597 2.3259 -0.0400
4.0796 3.8195 -0.0400
3.9825 3.8077 -0.0400
3.8855 3.7847 -0.0400
3.7899 3.7809 -0.0400
2.1084 3.8569 -0.0400
2.0156 3.8166 -0.0400
1.9250 3.7708 -0.0400
1.8028 3.8198 -0.0400
1.7108 3.7760 -0.0400
2.1013 1.5733 -0.0400
2.0549 1.5255 -0.0400
1.9914 1.5116 -0.0400
1.9386 1.4771 -0.0400
1.8888 1.4377 -0.0400
1.8239 1.4244 -0.0400
1.7207 1.4712 -0.0400
1.6585 1.4484 -0.0400
1.5637 1.4734 -0.0400
0.6413 0.9768 -0.0400
0.6066 0.9141 -0.0400
0.5452 0.8737 -0.0400
2.4094 -1.2811 -0.0400
2.4304 -1.3111 -0.0400
2.4419 -1.3376 -0.0400
2.4472 -1.3618 -0.0400
2.4538 -1.3859 -0.0400
2.4508 -1.4075 -0.0400
2.4452 -1.4286 -0.0400
2.4381 -1.4495 -0.0400
2.4190 -1.4685 -0.0400
2.4021 -1.4885 -0.0400
2.3796 -1.5082 -0.0400
2.3420 -1.5270 -0.0400
-1.1217 -4.3260 -0.0400
-1.0654 -4.4041 -0.0400
-0.4382 -5.5057 -0.0400
3.1229 -2.3919 -0.0400
3.1688 -2.3555 -0.0400
3.1885 -2.3533 -0.0400
3.2064 -2.3528 -0.0400
3.3645 -2.4272 -0.0400
3.3731 -2.4456 -0.0400
3.3788 -2.4739 -0.0400
3.6666 -6.1684 -0.0400
3.7469 -6.2402 -0.0400
5.9013 -4.5118 -0.0400
5.9634 -4.4876 -0.0400
7.0347 -5.0113 -0.0400
7.0986 -4.9574 -0.0400
7.4202 -3.3142 -0.0400
7.4394 -3.2443 -0.0400
7.5166 -3.1978 -0.0400
4.6457 -1.2747 -0.0400
4.6089 -1.2698 -0.0400
4.5835 -1.2611 -0.0400
4.4864 -1.2858 -0.0400
4.4681 -1.2769 -0.0400
4.4450 -1.2708 -0.0400
4.4270 -1.2628 -0.0400
4.4135 -1.2529 -0.0400
4.4037 -1.2411 -0.0400
4.3938 -1.2295 -0.0400
4.3866 -1.2164 -0.0400
4.3799 -1.2029 -0.0400
4.3760 -1.1875 -0.0400
4.3720 -1.1720 -0.0400
4.3755 -1.1508 -0.0400
4.3751 -1.1320 -0.0400
4.3774 -1.1105 -0.0400
6.8478 1.5839 -0.0400
6.7043 1.5484 -0.0400
6.6278 1.5797 -0.0400
6.5866 1.6493 -0.0400
6.5893 1.7715 -0.0400
5.7584 2.2142 -0.0400
5.6807 2.2321 -0.0400
5.6202 2.2829 -0.0400
4.1764 3.8373 -0.0400
4.0786 3.8271 -0.0400
3.9802 3.7957 -0.0400
3.8854 3.8194 -0.0400
2.1087 3.8589 -0.0400
2.0164 3.8170 -0.0400
1.9257 3.7720 -0.0400
1.8122 3.7962 -0.0400
1.6956 3.8227 -0.0400
2.1088 1.5554 -0.0400
2.0518 1.5295 -0.0400
1.9828 1.5266 -0.0400
1.9422 1.4695 -0.0400
1.8881 1.4380 -0.0400
1.8234 1.4247 -0.0400
1.7221 1.4692 -0.0400
1.6371 1.4822 -0.0400
0.6398 0.9827 -0.0400
0.6097 0.9162 -0.0400
0.5551 0.8706 -0.0400
2.3907 -1.2713 -0.0400
2.4439 -1.3109 -0.0400
2.4511 -1.3357 -0.0400
2.4541 -1.3590 -0.0400
2.4545 -1.3814 -0.0400
2.4527 -1.4031 -0.0400
2.4476 -1.4241 -0.0400
2.4357 -1.4439 -0.0400
2.4232 -1.4639 -0.0400
2.4071 -1.4837 -0.0400
2.3851 -1.5032 -0.0400
-1.0671 -4.3852 -0.0400
-0.5222 -5.4241 -0.0400
-0.4480 -5.4895 -0.0400
-0.4398 -5.6180 -0.0400
3.1448 -2.3683 -0.0400
3.1688 -2.3606 -0.0400
3.1891 -2.3571 -0.0400
3.2112 -2.3501 -0.0400
3.2261 -2.3533 -0.0400
3.2408 -2.3564 -0.0400
3.6501 -6.1757 -0.0400
7.0268 -5.0189 -0.0400
7.0896 -4.9635 -0.0400
7.4111 -3.3961 -0.0400
7.4079 -3.3154 -0.0400
7.4543 -3.2569 -0.0400
7.5775 -3.2283 -0.0400
4.8087 -1.2277 -0.0400
4.6308 -1.2740 -0.0400
4.5981 -1.2674 -0.0400
4.4990 -1.2906 -0.0400
4.4694 -1.2862 -0.0400
4.4483 -1.2787 -0.0400
4.4312 -1.2699 -0.0400
4.4182 -1.2594 -0.0400
4.4083 -1.2475 -0.0400
4.3985 -1.2356 -0.0400
4.3901 -1.2230 -0.0400
4.3843 -1.2089 -0.0400
4.3782 -1.1949 -0.0400
4.3762 -1.1781 -0.0400
4.3785 -1.1580 -0.0400
4.3769 -1.1401 -0.0400
4.3910 -1.1103 -0.0400
4.4115 -1.0742 -0.0400
6.8008 1.5408 -0.0400
6.6961 1.5449 -0.0400
6.6250 1.5818 -0.0400
6.5866 1.6547 -0.0400
6.5969 1.7858 -0.0400
5.7605 2.2266 -0.0400
5.6777 2.2353 -0.0400
5.6407 2.3332 -0.0400
4.1734 3.8255 -0.0400
4.0779 3.8413 -0.0400
3.9783 3.7929 -0.0400
3.8820 3.7790 -0.0400
2.2026 3.8978 -0.0400
2.1013 3.8868 -0.0400
2.0190 3.8102 -0.0400
1.9201 3.7918 -0.0400
1.8121 3.7992 -0.0400
2.1452 1.6221 -0.0400
2.1098 1.5499 -0.0400
2.0509 1.5283 -0.0400
1.9877 1.5147 -0.0400
1.9454 1.4614 -0.0400
1.8835 1.4444 -0.0400
1.8143 1.4387 -0.0400
1.7218 1.4688 -0.0400
1.6254 1.5002 -0.0400
0.6418 0.9849 -0.0400
0.6051 0.9241 -0.0400
0.5131 0.9092 -0.0400
2.4188 -1.2765 -0.0400
2.4380 -1.3056 -0.0400
2.4484 -1.3312 -0.0400
2.4528 -1.3548 -0.0400
2.4585 -1.3783 -0.0400
2.4545 -1.3993 -0.0400
2.4480 -1.4198 -0.0400
2.4399 -1.4401 -0.0400
2.4280 -1.4599 -0.0400
2.4133 -1.4796 -0.0400
2.3655 -1.4956 -0.0400
-0.5291 -5.4058 -0.0400
-0.4582 -5.4739 -0.0400
-0.4466 -5.5989 -0.0400
3.1323 -2.3654 -0.0400
3.1574 -2.3563 -0.0400
3.1782 -2.3523 -0.0400
3.1959 -2.3519 -0.0400
3.2126 -2.3525 -0.0400
3.2274 -2.3556 -0.0400
3.2437 -2.3560 -0.0400
3.2562 -2.3624 -0.0400
3.2688 -2.3689 -0.0400
3.5544 -6.1658 -0.0400
3.6333 -6.1757 -0.0400
6.9842 -5.1114 -0.0400
7.0169 -5.0251 -0.0400
7.0846 -4.9744 -0.0400
7.4123 -3.3246 -0.0400
7.4384 -3.2572 -0.0400
4.6464 -1.2820 -0.0400
4.6068 -1.2772 -0.0400
4.5241 -1.2914 -0.0400
4.4819 -1.2912 -0.0400
4.4589 -1.2840 -0.0400
4.4414 -1.2748 -0.0400
4.4238 -1.2661 -0.0400
4.4121 -1.2549 -0.0400
4.4026 -1.2427 -0.0400
4.3944 -1.2299 -0.0400
4.3885 -1.2157 -0.0400
4.3821 -1.2018 -0.0400
4.3785 -1.1860 -0.0400
4.3788 -1.1675 -0.0400
4.3831 -1.1457 -0.0400
4.3828 -1.1266 -0.0400
4.4083 -1.0880 -0.0400
6.7702 1.5143 -0.0400
6.6765 1.5290 -0.0400
6.6257 1.5875 -0.0400
6.5924 1.6662 -0.0400
5.8311 2.2021 -0.0400
5.7434 2.2035 -0.0400
5.6758 2.2402 -0.0400
5.6262 2.3130 -0.0400
4.1714 3.8257 -0.0400
4.0765 3.8481 -0.0400
3.9760 3.7877 -0.0400
3.8804 3.7866 -0.0400
2.2048 3.8892 -0.0400
2.0986 3.8971 -0.0400
2.0210 3.8042 -0.0400
1.9006 3.8546 -0.0400
1.8053 3.8210 -0.0400
2.1600 1.5848 -0.0400
2.1103 1.5444 -0.0400
2.0437 1.5389 -0.0400
1.9929 1.5011 -0.0400
1.9455 1.4580 -0.0400
1.8827 1.4431 -0.0400
1.7774 1.4990 -0.0400
1.7175 1.4741 -0.0400
0.6607 0.9714 -0.0400
0.6068 0.9261 -0.0400
0.5154 0.9110 -0.0400
2.4362 -1.2791 -0.0400
2.4497 -1.3060 -0.0400
2.4561 -1.3302 -0.0400
2.4588 -1.3530 -0.0400
2.4587 -1.3749 -0.0400
2.4563 -1.3961 -0.0400
2.4509 -1.4166 -0.0400
2.4370 -1.4356 -0.0400
2.4233 -1.4550 -0.0400
2.4047 -1.4740 -0.0400
2.3781 -1.4926 -0.0400
2.3156 -1.5080 -0.0400
-0.5643 -5.4130 -0.0400
-0.4716 -5.4616 -0.0400
3.1340 -2.3693 -0.0400
3.1590 -2.3597 -0.0400
3.1852 -2.3468 -0.0400
3.2022 -2.3470 -0.0400
3.2169 -2.3503 -0.0400
3.2314 -2.3536 -0.0400
3.2457 -2.3571 -0.0400
3.2583 -2.3635 -0.0400
3.2723 -2.3670 -0.0400
3.2865 -2.3698 -0.0400
3.3000 -2.3737 -0.0400
3.5372 -6.1748 -0.0400
3.6164 -6.1698 -0.0400
3.6968 -6.2560 -0.0400
4.6079 -5.0920 -0.0400
7.3956 -3.4047 -0.0400
7.4044 -3.3289 -0.0400
7.4613 -3.2745 -0.0400
4.6635 -1.2907 -0.0400
4.6353 -1.2806 -0.0400
4.5984 -1.2747 -0.0400
4.4985 -1.2958 -0.0400
4.4678 -1.2910 -0.0400
4.4473 -1.2827 -0.0400
4.4314 -1.2728 -0.0400
4.4186 -1.2618 -0.0400
4.4084 -1.2497 -0.0400
4.3989 -1.2373 -0.0400
4.3927 -1.2232 -0.0400
4.3873 -1.2086 -0.0400
4.3838 -1.1927 -0.0400
4.3833 -1.1747 -0.0400
4.3859 -1.1544 -0.0400
4.3846 -1.1360 -0.0400
4.3989 -1.1064 -0.0400
6.8435 1.4807 -0.0400
6.7475 1.4955 -0.0400
6.6764 1.5334 -0.0400
6.6317 1.5987 -0.0400
6.6096 1.6902 -0.0400
5.8322 2.2117 -0.0400
5.7410 2.2074 -0.0400
5.6866 2.2693 -0.0400
4.1701 3.8345 -0.0400
4.0698 3.7906 -0.0400
3.9740 3.7900 -0.0400
3.8785 3.7898 -0.0400
2.2033 3.8937 -0.0400
2.1015 3.8859 -0.0400
2.0181 3.8134 -0.0400
1.9064 3.8364 -0.0400
1.8076 3.8146 -0.0400
2.1575 1.5845 -0.0400
2.1082 1.5432 -0.0400
2.0394 1.5425 -0.0400
1.9980 1.4869 -0.0400
1.9442 1.4563 -0.0400
1.8757 1.4518 -0.0400
1.7786 1.4940 -0.0400
1.7142 1.4768 -0.0400
0.6719 1.0576 -0.0400
0.6626 0.9722 -0.0400
0.6037 0.9314 -0.0400
2.4262 -1.2737 -0.0400
2.4435 -1.3018 -0.0400
2.4532 -1.3269 -0.0400
2.4635 -1.3515 -0.0400
2.4623 -1.3729 -0.0400
2.4576 -1.3933 -0.0400
2.4509 -1.4133 -0.0400
2.4421 -1.4331 -0.0400
2.4295 -1.4524 -0.0400
2.4135 -1.4715 -0.0400
2.3563 -1.4857 -0.0400
-0.5496 -5.3761 -0.0400
-0.4752 -5.4407 -0.0400
3.1248 -2.3623 -0.0400
3.1492 -2.3535 -0.0400
3.1698 -2.3491 -0.0400
3.1871 -2.3491 -0.0400
3.2039 -2.3492 -0.0400
3.2210 -2.3483 -0.0400
3.2353 -2.3517 -0.0400
3.2480 -2.3577 -0.0400
3.2604 -2.3642 -0.0400
3.2736 -2.3692 -0.0400
3.2881 -2.3714 -0.0400
3.3020 -2.3743 -0.0400
3.3143 -2.3810 -0.0400
3.3262 -2.3886 -0.0400
3.4451 -6.2099 -0.0400
3.5246 -6.2296 -0.0400
4.5381 -5.1108 -0.0400
4.6080 -5.1275 -0.0400
5.2164 -6.9178 -0.0400
5.3078 -6.8873 -0.0400
7.3937 -3.4906 -0.0400
7.3765 -3.4016 -0.0400
7.4925 -3.3738 -0.0400
4.6515 -1.3118 -0.0400
4.6244 -1.3011 -0.0400
4.5264 -1.3172 -0.0400
4.4857 -1.3148 -0.0400
4.4693 -1.3039 -0.0400
4.4500 -1.2947 -0.0400
4.4357 -1.2838 -0.0400
4.4242 -1.2720 -0.0400
4.4146 -1.2593 -0.0400
4.4077 -1.2455 -0.0400
4.4018 -1.2311 -0.0400
4.3971 -1.2159 -0.0400
4.3951 -1.1991 -0.0400
4.3996 -1.1781 -0.0400
4.4041 -1.1564 -0.0400
4.4176 -1.1283 -0.0400
6.9000 1.4283 -0.0400
6.7876 1.4288 -0.0400
6.7296 1.4800 -0.0400
6.7079 1.5690 -0.0400
5.8735 2.1338 -0.0400
5.8039 2.1673 -0.0400
5.7507 2.2302 -0.0400
4.2632 3.8125 -0.0400
4.1635 3.7826 -0.0400
4.0689 3.7989 -0.0400
2.3908 3.9713 -0.0400
2.3003 3.9168 -0.0400
2.2111 3.8613 -0.0400
2.1120 3.8465 -0.0400
2.0033 3.8628 -0.0400
1.8965 3.8674 -0.0400
2.2617 1.6527 -0.0400
2.2197 1.5923 -0.0400
2.1617 1.5707 -0.0400
2.0913 1.5747 -0.0400
2.0522 1.5130 -0.0400
1.9980 1.4832 -0.0400
1.9277 1.4836 -0.0400
1.8328 1.5251 -0.0400
1.7562 1.5297 -0.0400
0.7374 1.1909 -0.0400
0.7459 1.0851 -0.0400
0.7122 1.0217 -0.0400
0.6392 0.9941 -0.0400
2.4316 -1.2280 -0.0400
2.4528 -1.2584 -0.0400
2.4644 -1.2846 -0.0400
2.4696 -1.3083 -0.0400
2.4713 -1.3305 -0.0400
2.4706 -1.3519 -0.0400
2.4675 -1.3725 -0.0400
2.4579 -1.3917 -0.0400
2.4464 -1.4106 -0.0400
2.4319 -1.4292 -0.0400
2.4119 -1.4473 -0.0400
2.3822 -1.4646 -0.0400
-0.6198 -5.2920 -0.0400
-0.5543 -5.3646 -0.0400
3.0886 -2.3730 -0.0400
3.1210 -2.3543 -0.0400
3.1441 -2.3474 -0.0400
3.1690 -2.3363 -0.0400
3.1855 -2.3372 -0.0400
3.2003 -2.3402 -0.0400
3.2146 -2.3439 -0.0400
3.2287 -2.3475 -0.0400
3.2416 -2.3531 -0.0400
3.2540 -2.3597 -0.0400
3.2685 -2.3619 -0.0400
3.2821 -2.3656 -0.0400
3.2952 -2.3704 -0.0400
3.3075 -2.3769 -0.0400
3.3180 -2.3878 -0.0400
3.3285 -2.3994 -0.0400
3.3383 -2.4134 -0.0400
3.4295 -6.1663 -0.0400
3.5082 -6.1844 -0.0400
4.5246 -5.1177 -0.0400
5.2039 -6.9370 -0.0400
5.3079 -6.9447 -0.0400
7.3488 -3.4782 -0.0400
7.3753 -3.4102 -0.0400
7.4587 -3.3678 -0.0400
4.6412 -1.3109 -0.0400
4.6165 -1.2994 -0.0400
4.5062 -1.3197 -0.0400
4.4740 -1.3142 -0.0400
4.4604 -1.3022 -0.0400
4.4431 -1.2922 -0.0400
4.4300 -1.2806 -0.0400
4.4217 -1.2672 -0.0400
4.4127 -1.2541 -0.0400
4.4069 -1.2395 -0.0400
4.4022 -1.2243 -0.0400
4.4003 -1.2074 -0.0400
4.4006 -1.1889 -0.0400
4.4033 -1.1686 -0.0400
4.4101 -1.1453 -0.0400
4.4289 -1.1133 -0.0400
6.8804 1.4129 -0.0400
6.7844 1.4290 -0.0400
6.7368 1.4909 -0.0400
6.7049 1.5695 -0.0400
5.9569 2.1288 -0.0400
5.8695 2.1341 -0.0400
5.8009 2.1695 -0.0400
5.7480 2.2329 -0.0400
4.3554 3.7944 -0.0400
4.2569 3.7800 -0.0400
4.1641 3.8126 -0.0400
4.0639 3.7674 -0.0400
2.3963 3.9414 -0.0400
2.2901 3.9558 -0.0400
2.2083 3.8687 -0.0400
2.0018 3.8657 -0.0400
2.2682 1.6281 -0.0400
2.2163 1.5920 -0.0400
2.1503 1.5882 -0.0400
2.1010 1.5473 -0.0400
2.0510 1.5089 -0.0400
1.9919 1.4892 -0.0400
1.9091 1.5126 -0.0400
1.8303 1.5247 -0.0400
1.7495 1.5369 -0.0400
0.7597 1.0727 -0.0400
0.7128 1.0223 -0.0400
2.4149 -1.2212 -0.0400
2.4461 -1.2551 -0.0400
2.4734 -1.2863 -0.0400
2.4758 -1.3088 -0.0400
2.4759 -1.3303 -0.0400
2.4738 -1.3510 -0.0400
2.4684 -1.3709 -0.0400
2.4611 -1.3903 -0.0400
2.4516 -1.4094 -0.0400
2.4385 -1.4280 -0.0400
2.4006 -1.4428 -0.0400
2.3578 -1.4580 -0.0400
3.0998 -2.3648 -0.0400
3.1361 -2.3390 -0.0400
3.1554 -2.3365 -0.0400
3.1719 -2.3373 -0.0400
3.1881 -2.3383 -0.0400
3.2047 -2.3381 -0.0400
3.2187 -2.3419 -0.0400
3.2317 -2.3472 -0.0400
3.2439 -2.3539 -0.0400
3.2562 -2.3605 -0.0400
3.2714 -2.3609 -0.0400
3.2846 -2.3653 -0.0400
3.2970 -2.3716 -0.0400
3.3090 -2.3785 -0.0400
3.3206 -2.3869 -0.0400
3.3315 -2.3977 -0.0400
3.3376 -2.4227 -0.0400
3.3448 -2.4465 -0.0400
3.4105 -6.2040 -0.0400
3.4895 -6.2402 -0.0400
4.5097 -5.1205 -0.0400
4.5743 -5.1178 -0.0400
5.1840 -6.9328 -0.0400
5.2784 -6.9107 -0.0400
7.3519 -3.4899 -0.0400
7.3696 -3.4174 -0.0400
4.6739 -1.3173 -0.0400
4.6208 -1.3138 -0.0400
4.5307 -1.3249 -0.0400
4.4991 -1.3180 -0.0400
4.4690 -1.3116 -0.0400
4.4549 -1.2997 -0.0400
4.4387 -1.2890 -0.0400
4.4271 -1.2767 -0.0400
4.4187 -1.2631 -0.0400
4.4123 -1.2487 -0.0400
4.4076 -1.2333 -0.0400
4.4023 -1.2182 -0.0400
4.4025 -1.1999 -0.0400
4.4052 -1.1798 -0.0400
4.4126 -1.1563 -0.0400
4.4315 -1.1250 -0.0400
6.8569 1.3936 -0.0400
6.7808 1.4285 -0.0400
6.7421 1.4993 -0.0400
6.7155 1.5837 -0.0400
5.9453 2.1163 -0.0400
5.8647 2.1328 -0.0400
5.7995 2.1740 -0.0400
4.3534 3.7974 -0.0400
4.2564 3.7965 -0.0400
4.1596 3.7925 -0.0400
2.3949 3.9423 -0.0400
2.2919 3.9436 -0.0400
2.2081 3.8649 -0.0400
2.0948 3.9029 -0.0400
1.9969 3.8792 -0.0400
2.2674 1.6205 -0.0400
2.2132 1.5903 -0.0400
2.1369 1.6098 -0.0400
2.1015 1.5383 -0.0400
2.0477 1.5083 -0.0400
1.9791 1.5072 -0.0400
1.8851 1.5513 -0.0400
1.8142 1.5479 -0.0400
0.7689 1.1607 -0.0400
0.7616 1.0711 -0.0400
0.7129 1.0225 -0.0400
2.4026 -1.1928 -0.0400
2.4477 -1.2326 -0.0400
2.4629 -1.2604 -0.0400
2.4714 -1.2851 -0.0400
2.4747 -1.3077 -0.0400
2.4754 -1.3293 -0.0400
2.4752 -1.3503 -0.0400
2.4684 -1.3696 -0.0400
2.4598 -1.3886 -0.0400
2.4478 -1.4070 -0.0400
2.4329 -1.4251 -0.0400
2.4124 -1.4427 -0.0400
2.3814 -1.4593 -0.0400
-0.2352 -2.6306 -0.0400
-0.2239 -2.6994 -0.0400
-0.2729 -2.7862 -0.0400
3.1216 -2.3405 -0.0400
3.1411 -2.3379 -0.0400
3.1592 -2.3365 -0.0400
3.1792 -2.3314 -0.0400
3.1934 -2.3350 -0.0400
3.2073 -2.3390 -0.0400
3.2211 -2.3428 -0.0400
3.2339 -2.3482 -0.0400
3.2461 -2.3550 -0.0400
3.2598 -2.3585 -0.0400
3.2734 -2.3619 -0.0400
3.2866 -2.3661 -0.0400
3.2985 -2.3734 -0.0400
3.3102 -2.3814 -0.0400
3.3212 -2.3917 -0.0400
3.3316 -2.4041 -0.0400
3.3414 -2.4193 -0.0400
3.3497 -2.4407 -0.0400
3.4734 -6.1826 -0.0400
4.4952 -5.1254 -0.0400
4.5600 -5.1233 -0.0400
5.1664 -6.9369 -0.0400
5.2677 -6.9365 -0.0400
7.3503 -3.4999 -0.0400
7.3848 -3.4350 -0.0400
7.5015 -3.4071 -0.0400
4.7090 -1.3250 -0.0400
4.6545 -1.3202 -0.0400
4.6243 -1.3095 -0.0400
4.5053 -1.3300 -0.0400
4.4842 -1.3196 -0.0400
4.4587 -1.3115 -0.0400
4.4475 -1.2984 -0.0400
4.4364 -1.2855 -0.0400
4.4253 -1.2729 -0.0400
4.4175 -1.2588 -0.0400
4.4120 -1.2437 -0.0400
4.4088 -1.2274 -0.0400
4.4056 -1.2109 -0.0400
4.4086 -1.1908 -0.0400
4.4159 -1.1676 -0.0400
4.4187 -1.1465 -0.0400
6.9304 1.3568 -0.0400
6.8382 1.3784 -0.0400
6.7819 1.4320 -0.0400
6.7381 1.4979 -0.0400
6.7669 1.6395 -0.0400
5.9334 2.1032 -0.0400
5.8608 2.1325 -0.0400
5.8265 2.2273 -0.0400
4.4488 3.8006 -0.0400
4.3541 3.8201 -0.0400
4.2515 3.7761 -0.0400
4.1543 3.7656 -0.0400
4.0623 3.8063 -0.0400
2.4859 3.9901 -0.0400
2.3920 3.9489 -0.0400
2.2966 3.9171 -0.0400
2.0955 3.8956 -0.0400
2.3080 1.6754 -0.0400
2.2636 1.6192 -0.0400
2.2030 1.6042 -0.0400
2.1370 1.6005 -0.0400
2.0991 1.5349 -0.0400
2.0433 1.5090 -0.0400
1.9621 1.5328 -0.0400
1.8794 1.5551 -0.0400
1.8126 1.5445 -0.0400
0.7946 1.1345 -0.0400
0.7628 1.0694 -0.0400
0.7082 1.0266 -0.0400
2.4449 -1.2320 -0.0400
2.4764 -1.2652 -0.0400
2.4801 -1.2879 -0.0400
2.4808 -1.3094 -0.0400
2.4796 -1.3301 -0.0400
2.4763 -1.3501 -0.0400
2.4703 -1.3694 -0.0400
2.4626 -1.3883 -0.0400
2.4428 -1.4048 -0.0400
2.4244 -1.4222 -0.0400
2.3991 -1.4389 -0.0400
2.3493 -1.4526 -0.0400
-0.2829 -2.5606 -0.0400
-0.2363 -2.6206 -0.0400
-0.2302 -2.6905 -0.0400
-0.2850 -2.7788 -0.0400
3.0945 -2.3609 -0.0400
3.1282 -2.3375 -0.0400
3.1467 -2.3357 -0.0400
3.1673 -2.3297 -0.0400
3.1827 -2.3314 -0.0400
3.1964 -2.3355 -0.0400
3.2116 -2.3368 -0.0400
3.2243 -2.3423 -0.0400
3.2364 -2.3490 -0.0400
3.2485 -2.3556 -0.0400
3.2631 -2.3570 -0.0400
3.2762 -2.3613 -0.0400
3.2887 -2.3668 -0.0400
3.3008 -2.3736 -0.0400
3.3126 -2.3812 -0.0400
3.3213 -2.3979 -0.0400
3.3312 -2.4125 -0.0400
3.3400 -2.4319 -0.0400
3.3447 -2.4669 -0.0400
4.4812 -5.1332 -0.0400
5.1498 -6.9451 -0.0400
5.2536 -6.9524 -0.0400
7.3287 -3.5006 -0.0400
7.3801 -3.4439 -0.0400
7.4908 -3.4132 -0.0400
4.6813 -1.3307 -0.0400
4.6430 -1.3213 -0.0400
4.6179 -1.3089 -0.0400
4.4947 -1.3306 -0.0400
4.4757 -1.3194 -0.0400
4.4602 -1.3074 -0.0400
4.4424 -1.2968 -0.0400
4.4333 -1.2829 -0.0400
4.4238 -1.2694 -0.0400
4.4177 -1.2544 -0.0400
4.4120 -1.2392 -0.0400
4.4103 -1.2218 -0.0400
4.4077 -1.2048 -0.0400
4.4135 -1.1829 -0.0400
4.4271 -1.1558 -0.0400
4.4391 -1.1288 -0.0400
6.9317 1.3594 -0.0400
6.8331 1.3754 -0.0400
6.7848 1.4367 -0.0400
6.7699 1.5316 -0.0400
6.0363 2.1245 -0.0400
5.9249 2.0951 -0.0400
5.8607 2.1382 -0.0400
5.8085 2.2023 -0.0400
4.3488 3.7997 -0.0400
4.2503 3.7871 -0.0400
4.1518 3.7654 -0.0400
2.4842 3.9903 -0.0400
2.3894 3.9530 -0.0400
2.2997 3.8966 -0.0400
2.0932 3.8987 -0.0400
2.3144 1.6469 -0.0400
2.2622 1.6114 -0.0400
2.1875 1.6301 -0.0400
2.1455 1.5716 -0.0400
2.0951 1.5339 -0.0400
2.0296 1.5283 -0.0400
1.9473 1.5537 -0.0400
1.8736 1.5585 -0.0400
1.7981 1.5637 -0.0400
0.7997 1.1281 -0.0400
0.7628 1.0683 -0.0400
0.6890 1.0435 -0.0400
2.4536 -1.2137 -0.0400
2.4682 -1.2414 -0.0400
2.4765 -1.2660 -0.0400
2.4801 -1.2886 -0.0400
2.4810 -1.3100 -0.0400
2.4826 -1.3313 -0.0400
2.4766 -1.3503 -0.0400
2.4692 -1.3690 -0.0400
2.4598 -1.3874 -0.0400
2.4470 -1.4052 -0.0400
2.4309 -1.4227 -0.0400
2.4087 -1.4396 -0.0400
-0.2919 -2.5531 -0.0400
-0.2389 -2.6114 -0.0400
-0.2321 -2.6810 -0.0400
3.0826 -2.3593 -0.0400
3.1074 -2.3496 -0.0400
3.1353 -2.3337 -0.0400
3.1528 -2.3327 -0.0400
3.1716 -2.3287 -0.0400
3.1861 -2.3315 -0.0400
3.2010 -2.3331 -0.0400
3.2145 -2.3372 -0.0400
3.2269 -2.3430 -0.0400
3.2386 -2.3504 -0.0400
3.2520 -2.3542 -0.0400
3.2654 -2.3576 -0.0400
3.2785 -2.3618 -0.0400
3.2904 -2.3689 -0.0400
3.3022 -2.3764 -0.0400
3.3135 -2.3856 -0.0400
3.3242 -2.3970 -0.0400
3.3344 -2.4109 -0.0400
3.3361 -2.4547 -0.0400
4.4080 -5.1662 -0.0400
4.4655 -5.1351 -0.0400
5.1338 -6.9562 -0.0400
5.2330 -6.9486 -0.0400
5.5019 -4.5676 -0.0400
7.3253 -3.5109 -0.0400
7.3829 -3.4570 -0.0400
7.4994 -3.4287 -0.0400
4.6760 -1.3306 -0.0400
4.6377 -1.3211 -0.0400
4.5118 -1.3406 -0.0400
4.4883 -1.3303 -0.0400
4.4712 -1.3183 -0.0400
4.4565 -1.3059 -0.0400
4.4403 -1.2945 -0.0400
4.4313 -1.2804 -0.0400
4.4235 -1.2660 -0.0400
4.4186 -1.2502 -0.0400
4.4135 -1.2344 -0.0400
4.4158 -1.2149 -0.0400
4.4154 -1.1963 -0.0400
4.4163 -1.1767 -0.0400
4.4364 -1.1458 -0.0400
6.9049 1.3363 -0.0400
6.8324 1.3759 -0.0400
6.7857 1.4390 -0.0400
6.7672 1.5304 -0.0400
5.9982 2.0707 -0.0400
5.9229 2.0968 -0.0400
5.8697 2.1582 -0.0400
5.8417 2.2647 -0.0400
4.4408 3.7806 -0.0400
4.3424 3.7719 -0.0400
4.2490 3.7959 -0.0400
4.1484 3.7576 -0.0400
2.4865 3.9689 -0.0400
2.3900 3.9416 -0.0400
2.2977 3.8975 -0.0400
2.0910 3.9008 -0.0400
2.3594 1.6901 -0.0400
2.3135 1.6364 -0.0400
2.2564 1.6137 -0.0400
2.1874 1.6191 -0.0400
2.1456 1.5607 -0.0400
2.0914 1.5318 -0.0400
2.0058 1.5678 -0.0400
1.9306 1.5779 -0.0400
1.8697 1.5578 -0.0400
0.8279 1.1955 -0.0400
0.8083 1.1176 -0.0400
0.7591 1.0701 -0.0400
0.6717 1.0582 -0.0400
2.4299 -1.1834 -0.0400
2.4589 -1.2175 -0.0400
2.4713 -1.2441 -0.0400
2.4784 -1.2681 -0.0400
2.4878 -1.2923 -0.0400
2.4863 -1.3126 -0.0400
2.4833 -1.3323 -0.0400
2.4776 -1.3513 -0.0400
2.4704 -1.3698 -0.0400
2.4540 -1.3863 -0.0400
2.4391 -1.4036 -0.0400
2.4191 -1.4203 -0.0400
2.3896 -1.4359 -0.0400
-0.3214 -2.5510 -0.0400
-0.2428 -2.6032 -0.0400
-0.3049 -2.6913 -0.0400
3.0982 -2.3447 -0.0400
3.1199 -2.3383 -0.0400
3.1427 -2.3289 -0.0400
3.1583 -2.3303 -0.0400
3.1763 -2.3272 -0.0400
3.1898 -2.3312 -0.0400
3.2043 -2.3332 -0.0400
3.2175 -2.3375 -0.0400
3.2292 -2.3445 -0.0400
3.2412 -2.3512 -0.0400
3.2547 -2.3544 -0.0400
3.2683 -2.3570 -0.0400
3.2807 -2.3626 -0.0400
3.2927 -2.3693 -0.0400
3.3046 -2.3766 -0.0400
3.3137 -2.3921 -0.0400
3.3240 -2.4057 -0.0400
3.3334 -2.4233 -0.0400
3.3405 -2.4505 -0.0400
4.4499 -5.1384 -0.0400
4.5180 -5.1477 -0.0400
5.1176 -6.9672 -0.0400
5.4931 -4.5803 -0.0400
5.5270 -4.5208 -0.0400
5.5881 -4.5014 -0.0400
5.7656 -4.6388 -0.0400
4.6434 -1.3387 -0.0400
4.5522 -1.3452 -0.0400
4.5096 -1.3397 -0.0400
4.4859 -1.3292 -0.0400
4.4690 -1.3170 -0.0400
4.4486 -1.3065 -0.0400
4.4393 -1.2923 -0.0400
4.4305 -1.2780 -0.0400
4.4238 -1.2628 -0.0400
4.4198 -1.2464 -0.0400
4.4163 -1.2297 -0.0400
4.4145 -1.2119 -0.0400
4.4237 -1.1882 -0.0400
4.4282 -1.1662 -0.0400
7.0288 1.3397 -0.0400
6.8977 1.3303 -0.0400
6.8327 1.3768 -0.0400
6.7982 1.4516 -0.0400
5.9911 2.0639 -0.0400
5.9201 2.0966 -0.0400
5.8711 2.1651 -0.0400
4.4388 3.7824 -0.0400
4.3396 3.7683 -0.0400
4.2406 3.7483 -0.0400
2.4851 3.9654 -0.0400
2.3828 3.9666 -0.0400
2.2956 3.8979 -0.0400
2.1865 3.9252 -0.0400
2.3593 1.6761 -0.0400
2.3101 1.6318 -0.0400
2.2500 1.6171 -0.0400
2.1938 1.5923 -0.0400
2.1426 1.5562 -0.0400
2.0828 1.5397 -0.0400
2.0122 1.5445 -0.0400
1.9243 1.5810 -0.0400
1.8515 1.5834 -0.0400
0.8260 1.1948 -0.0400
0.8083 1.1150 -0.0400
0.7566 1.0702 -0.0400
2.4520 -1.1949 -0.0400
2.4680 -1.2234 -0.0400
2.4770 -1.2484 -0.0400
2.4898 -1.2741 -0.0400
2.4893 -1.2947 -0.0400
2.4873 -1.3146 -0.0400
2.4840 -1.3340 -0.0400
2.4760 -1.3521 -0.0400
2.4672 -1.3701 -0.0400
2.4552 -1.3875 -0.0400
2.4411 -1.4047 -0.0400
2.4224 -1.4214 -0.0400
-0.2676 -2.5300 -0.0400
-0.2445 -2.5950 -0.0400
-0.2771 -2.6748 -0.0400
-1.2536 -3.9995 -0.0400
-1.2369 -4.0963 -0.0400
3.1292 -2.3313 -0.0400
3.1494 -2.3252 -0.0400
3.1641 -2.3274 -0.0400
3.1805 -2.3263 -0.0400
3.1937 -2.3307 -0.0400
3.2078 -2.3329 -0.0400
3.2203 -2.3381 -0.0400
3.2319 -2.3455 -0.0400
3.2440 -2.3515 -0.0400
3.2581 -2.3530 -0.0400
3.2709 -2.3575 -0.0400
3.2831 -2.3632 -0.0400
3.2941 -2.3725 -0.0400
3.3054 -2.3815 -0.0400
3.3163 -2.3925 -0.0400
3.3267 -2.4058 -0.0400
3.3300 -2.4455 -0.0400
3.3422 -6.1597 -0.0400
4.3767 -5.1727 -0.0400
4.4352 -5.1452 -0.0400
5.0977 -6.9662 -0.0400
5.4730 -4.5764 -0.0400
5.5152 -4.5292 -0.0400
5.6947 -4.6769 -0.0400
5.7529 -4.6462 -0.0400
4.6931 -1.3459 -0.0400
4.6488 -1.3367 -0.0400
4.5578 -1.3427 -0.0400
4.5112 -1.3381 -0.0400
4.4746 -1.3317 -0.0400
4.4607 -1.3184 -0.0400
4.4484 -1.3049 -0.0400
4.4391 -1.2904 -0.0400
4.4304 -1.2758 -0.0400
4.4256 -1.2597 -0.0400
4.4208 -1.2434 -0.0400
4.4191 -1.2256 -0.0400
4.4185 -1.2069 -0.0400
4.4317 -1.1808 -0.0400
4.4415 -1.1556 -0.0400
6.9807 1.2979 -0.0400
6.8884 1.3218 -0.0400
6.8338 1.3778 -0.0400
6.8044 1.4577 -0.0400
6.0742 2.0509 -0.0400
5.9913 2.0675 -0.0400
5.9198 2.0999 -0.0400
5.8845 2.1911 -0.0400
4.5315 3.7666 -0.0400
4.4353 3.7745 -0.0400
4.3368 3.7649 -0.0400
4.2385 3.7505 -0.0400
4.1487 3.8042 -0.0400
2.5815 3.9825 -0.0400
2.3908 3.9183 -0.0400
2.1849 3.9237 -0.0400
2.3560 1.6707 -0.0400
2.3056 1.6297 -0.0400
2.2350 1.6415 -0.0400
2.1911 1.5860 -0.0400
2.1381 1.5544 -0.0400
2.0752 1.5448 -0.0400
1.9788 1.6033 -0.0400
1.9149 1.5897 -0.0400
0.8514 1.1650 -0.0400
0.8087 1.1115 -0.0400
0.7461 1.0775 -0.0400
2.4424 -1.1941 -0.0400
2.4789 -1.2305 -0.0400
2.4844 -1.2539 -0.0400
2.4930 -1.2778 -0.0400
2.4915 -1.2978 -0.0400
2.4887 -1.3173 -0.0400
2.4835 -1.3359 -0.0400
2.4758 -1.3539 -0.0400
2.4668 -1.3716 -0.0400
2.4549 -1.3888 -0.0400
2.4267 -1.4029 -0.0400
2.4005 -1.4181 -0.0400
2.3480 -1.4296 -0.0400
-0.2862 -2.5264 -0.0400
-0.2431 -2.5866 -0.0400
-0.3535 -2.6869 -0.0400
-1.3323 -3.9196 -0.0400
-1.2613 -3.9898 -0.0400
-1.2635 -4.0960 -0.0400
3.1701 -2.3241 -0.0400
3.1847 -2.3256 -0.0400
3.1977 -2.3300 -0.0400
3.2113 -2.3329 -0.0400
3.2231 -2.3392 -0.0400
3.2346 -2.3466 -0.0400
3.2474 -2.3509 -0.0400
3.2609 -2.3532 -0.0400
3.2734 -2.3580 -0.0400
3.2848 -2.3660 -0.0400
3.2965 -2.3735 -0.0400
3.3077 -2.3826 -0.0400
3.3158 -2.4029 -0.0400
3.3254 -2.4201 -0.0400
3.3328 -2.4473 -0.0400
3.3239 -6.1782 -0.0400
3.4003 -6.2768 -0.0400
4.4193 -5.1478 -0.0400
4.4861 -5.1525 -0.0400
5.0860 -6.9938 -0.0400
5.4747 -4.6061 -0.0400
5.5040 -4.5390 -0.0400
5.5673 -4.5224 -0.0400
5.7504 -4.6681 -0.0400
6.7996 -5.2392 -0.0400
4.6642 -1.3537 -0.0400
4.6333 -1.3410 -0.0400
4.5217 -1.3532 -0.0400
4.4951 -1.3426 -0.0400
4.4767 -1.3302 -0.0400
4.4619 -1.3170 -0.0400
4.4492 -1.3034 -0.0400
4.4372 -1.2898 -0.0400
4.4314 -1.2738 -0.0400
4.4264 -1.2575 -0.0400
4.4219 -1.2409 -0.0400
4.4209 -1.2225 -0.0400
4.4317 -1.1980 -0.0400
4.4383 -1.1748 -0.0400
4.4555 -1.1452 -0.0400
6.9704 1.2880 -0.0400
6.8874 1.3202 -0.0400
6.8380 1.3811 -0.0400
6.8314 1.4828 -0.0400
6.0627 2.0366 -0.0400
5.9824 2.0568 -0.0400
5.9289 2.1172 -0.0400
4.5292 3.7649 -0.0400
4.4324 3.7695 -0.0400
4.3345 3.7635 -0.0400
4.2394 3.7744 -0.0400
2.5773 3.9945 -0.0400
2.3887 3.9183 -0.0400
2.2784 3.9557 -0.0400
2.3581 1.6494 -0.0400
2.2952 1.6428 -0.0400
2.2314 1.6368 -0.0400
2.1871 1.5827 -0.0400
2.1331 1.5535 -0.0400
2.0289 1.6338 -0.0400
1.9737 1.6029 -0.0400
1.9055 1.5982 -0.0400
0.8756 1.2351 -0.0400
0.8482 1.1645 -0.0400
0.8040 1.1125 -0.0400
0.6996 1.1194 -0.0400
2.4545 -1.1805 -0.0400
2.4702 -1.2091 -0.0400
2.4902 -1.2384 -0.0400
2.4919 -1.2600 -0.0400
2.4917 -1.2805 -0.0400
2.4937 -1.3015 -0.0400
2.4900 -1.3204 -0.0400
2.4828 -1.3383 -0.0400
2.4748 -1.3560 -0.0400
2.4649 -1.3733 -0.0400
2.4425 -1.3880 -0.0400
2.4236 -1.4040 -0.0400
2.3969 -1.4190 -0.0400
-0.2630 -2.5138 -0.0400
-0.2522 -2.5814 -0.0400
-0.3144 -2.6686 -0.0400
-1.3464 -3.9135 -0.0400
-1.2670 -3.9797 -0.0400
-1.2720 -4.0870 -0.0400
3.2018 -2.3291 -0.0400
3.2142 -2.3340 -0.0400
3.2260 -2.3404 -0.0400
3.2376 -2.3471 -0.0400
3.2508 -2.3501 -0.0400
3.2638 -2.3535 -0.0400
3.2760 -2.3588 -0.0400
3.2872 -2.3672 -0.0400
3.2988 -2.3749 -0.0400
3.3077 -2.3917 -0.0400
3.3181 -2.4053 -0.0400
3.3277 -2.4229 -0.0400
3.3075 -6.1574 -0.0400
3.3852 -6.2002 -0.0400
5.0619 -6.9788 -0.0400
5.4624 -4.6149 -0.0400
5.4926 -4.5489 -0.0400
5.5608 -4.5391 -0.0400
5.7281 -4.6633 -0.0400
6.7455 -5.3313 -0.0400
6.7899 -5.2528 -0.0400
4.6784 -1.3510 -0.0400
4.6406 -1.3397 -0.0400
4.5340 -1.3499 -0.0400
4.4862 -1.3455 -0.0400
4.4701 -1.3323 -0.0400
4.4571 -1.3183 -0.0400
4.4471 -1.3036 -0.0400
4.4383 -1.2886 -0.0400
4.4321 -1.2726 -0.0400
4.4270 -1.2561 -0.0400
4.4291 -1.2363 -0.0400
4.4302 -1.2165 -0.0400
4.4339 -1.1951 -0.0400
4.4425 -1.1707 -0.0400
4.4689 -1.1358 -0.0400
6.9739 1.2893 -0.0400
6.8889 1.3200 -0.0400
6.8413 1.3827 -0.0400
6.8539 1.5029 -0.0400
6.0601 2.0345 -0.0400
5.9816 2.0576 -0.0400
5.9396 2.1363 -0.0400
4.5269 3.7624 -0.0400
4.4286 3.7577 -0.0400
4.3281 3.7344 -0.0400
4.2383 3.7812 -0.0400
2.5761 3.9891 -0.0400
2.4805 3.9563 -0.0400
2.3850 3.9253 -0.0400
2.2702 3.9829 -0.0400
2.1775 3.9372 -0.0400
2.4020 1.6943 -0.0400
2.3530 1.6482 -0.0400
2.2910 1.6391 -0.0400
2.2254 1.6381 -0.0400
2.1842 1.5762 -0.0400
2.1192 1.5724 -0.0400
2.0248 1.6311 -0.0400
1.9688 1.6020 -0.0400
1.8970 1.6046 -0.0400
0.8843 1.2211 -0.0400
0.8510 1.1573 -0.0400
0.7954 1.1171 -0.0400
2.4679 -1.1906 -0.0400
2.4769 -1.2161 -0.0400
2.4927 -1.2435 -0.0400
2.4987 -1.2664 -0.0400
2.4965 -1.2859 -0.0400
2.4956 -1.3057 -0.0400
2.4900 -1.3238 -0.0400
2.4834 -1.3416 -0.0400
2.4721 -1.3582 -0.0400
2.4608 -1.3751 -0.0400
2.4365 -1.3891 -0.0400
2.4158 -1.4046 -0.0400
2.3853 -1.4188 -0.0400
-0.2772 -2.5104 -0.0400
-0.2833 -2.5822 -0.0400
-1.2732 -3.9704 -0.0400
3.2288 -2.3419 -0.0400
3.2414 -2.3460 -0.0400
3.2541 -2.3499 -0.0400
3.2666 -2.3542 -0.0400
3.2786 -2.3598 -0.0400
3.2895 -2.3689 -0.0400
3.3010 -2.3771 -0.0400
3.3098 -2.3949 -0.0400
3.3201 -2.4091 -0.0400
3.2897 -6.1676 -0.0400
5.4344 -4.6001 -0.0400
5.4802 -4.5578 -0.0400
5.5478 -4.5471 -0.0400
5.7166 -4.6738 -0.0400
6.7792 -5.2658 -0.0400
6.8691 -5.2371 -0.0400
4.7056 -1.3677 -0.0400
4.6578 -1.3577 -0.0400
4.5613 -1.3626 -0.0400
4.5158 -1.3561 -0.0400
4.4919 -1.3444 -0.0400
4.4738 -1.3315 -0.0400
4.4604 -1.3174 -0.0400
4.4460 -1.3040 -0.0400
4.4394 -1.2880 -0.0400
4.4343 -1.2713 -0.0400
4.4299 -1.2543 -0.0400
4.4292 -1.2354 -0.0400
4.4304 -1.2155 -0.0400
4.4343 -1.1938 -0.0400
4.4824 -1.1488 -0.0400
7.0463 1.2435 -0.0400
6.9567 1.2723 -0.0400
6.8938 1.3222 -0.0400
6.8592 1.3971 -0.0400
6.8521 1.4993 -0.0400
6.1589 2.0387 -0.0400
6.0507 2.0218 -0.0400
5.9836 2.0619 -0.0400
5.9435 2.1439 -0.0400
4.6232 3.7603 -0.0400
4.5264 3.7681 -0.0400
4.4275 3.7618 -0.0400
4.3258 3.7307 -0.0400
2.5753 3.9812 -0.0400
2.4817 3.9381 -0.0400
2.2758 3.9486 -0.0400
2.4053 1.6676 -0.0400
2.3453 1.6539 -0.0400
2.2751 1.6664 -0.0400
2.2327 1.6052 -0.0400
2.1795 1.5737 -0.0400
2.1151 1.5688 -0.0400
2.0195 1.6304 -0.0400
1.9493 1.6311 -0.0400
0.8818 1.2188 -0.0400
0.8506 1.1528 -0.0400
0.7893 1.1186 -0.0400
2.4501 -1.1656 -0.0400
2.4832 -1.2022 -0.0400
2.4875 -1.2252 -0.0400
2.4974 -1.2499 -0.0400
2.5006 -1.2715 -0.0400
2.4977 -1.2906 -0.0400
2.4956 -1.3097 -0.0400
2.4884 -1.3272 -0.0400
2.4808 -1.3445 -0.0400
2.4663 -1.3601 -0.0400
2.4543 -1.3767 -0.0400
2.4395 -1.3928 -0.0400
2.4014 -1.4043 -0.0400
2.3540 -1.4151 -0.0400
-0.3235 -2.4445 -0.0400
-0.2616 -2.5009 -0.0400
-0.2577 -2.5696 -0.0400
-0.3311 -2.6592 -0.0400
-1.3228 -3.8792 -0.0400
-1.2895 -3.9667 -0.0400
-0.7736 -5.0958 -0.0400
-0.7082 -5.1667 -0.0400
3.2574 -2.3498 -0.0400
3.2692 -2.3556 -0.0400
3.2810 -2.3617 -0.0400
3.2917 -2.3716 -0.0400
3.3029 -2.3807 -0.0400
3.3115 -2.3998 -0.0400
3.3216 -2.4157 -0.0400
3.1919 -6.1853 -0.0400
3.2733 -6.1533 -0.0400
3.3498 -6.2234 -0.0400
5.4280 -4.6188 -0.0400
5.4674 -4.5665 -0.0400
5.5291 -4.5473 -0.0400
5.7228 -4.7089 -0.0400
6.7485 -5.3864 -0.0400
6.7697 -5.2805 -0.0400
4.6758 -1.3553 -0.0400
4.5335 -1.3719 -0.0400
4.5046 -1.3608 -0.0400
4.4853 -1.3477 -0.0400
4.4703 -1.3337 -0.0400
4.4577 -1.3192 -0.0400
4.4482 -1.3039 -0.0400
4.4405 -1.2880 -0.0400
4.4349 -1.2713 -0.0400
4.4358 -1.2518 -0.0400
4.4369 -1.2318 -0.0400
4.4409 -1.2102 -0.0400
4.4494 -1.1858 -0.0400
4.4753 -1.1518 -0.0400
7.0292 1.2263 -0.0400
6.9511 1.2645 -0.0400
6.8934 1.3190 -0.0400
6.8842 1.4172 -0.0400
6.1571 2.0361 -0.0400
6.0495 2.0203 -0.0400
5.9869 2.0673 -0.0400
5.9701 2.1859 -0.0400
4.6181 3.7416 -0.0400
4.5195 3.7389 -0.0400
4.4228 3.7425 -0.0400
4.3250 3.7360 -0.0400
2.6716 3.9987 -0.0400
2.4801 3.9350 -0.0400
2.2737 3.9486 -0.0400
2.4368 1.7533 -0.0400
2.3990 1.6693 -0.0400
2.3414 1.6486 -0.0400
2.2648 1.6787 -0.0400
2.2311 1.5945 -0.0400
2.1682 1.5871 -0.0400
2.0801 1.6362 -0.0400
2.0170 1.6235 -0.0400
1.9477 1.6226 -0.0400
0.9184 1.2746 -0.0400
0.8934 1.2007 -0.0400
0.8385 1.1603 -0.0400
0.7503 1.1533 -0.0400
2.4699 -1.1802 -0.0400
2.4891 -1.2102 -0.0400
2.4993 -1.2354 -0.0400
2.5029 -1.2573 -0.0400
2.5034 -1.2775 -0.0400
2.4993 -1.2959 -0.0400
2.4951 -1.3141 -0.0400
2.4869 -1.3311 -0.0400
2.4790 -1.3482 -0.0400
2.4643 -1.3636 -0.0400
2.4425 -1.3774 -0.0400
2.4249 -1.3930 -0.0400
2.3659 -1.3999 -0.0400
-0.2841 -2.4311 -0.0400
-0.2634 -2.4958 -0.0400
-0.3053 -2.5755 -0.0400
-1.3460 -3.8791 -0.0400
-1.2845 -3.9532 -0.0400
-0.9174 -5.0697 -0.0400
-0.7804 -5.0852 -0.0400
-0.7217 -5.1614 -0.0400
3.2834 -2.3640 -0.0400
3.2936 -2.3758 -0.0400
3.3047 -2.3854 -0.0400
3.3129 -2.4071 -0.0400
3.3224 -2.4264 -0.0400
3.2564 -6.1514 -0.0400
3.3339 -6.1916 -0.0400
5.4216 -4.6377 -0.0400
5.4589 -4.5818 -0.0400
5.6359 -4.7279 -0.0400
5.7028 -4.7084 -0.0400
6.7356 -5.3981 -0.0400
6.7573 -5.2924 -0.0400
4.7034 -1.3734 -0.0400
4.6571 -1.3626 -0.0400
4.5572 -1.3678 -0.0400
4.5158 -1.3597 -0.0400
4.4928 -1.3473 -0.0400
4.4674 -1.3363 -0.0400
4.4570 -1.3209 -0.0400
4.4482 -1.3052 -0.0400
4.4422 -1.2884 -0.0400
4.4377 -1.2711 -0.0400
4.4348 -1.2529 -0.0400
4.4352 -1.2331 -0.0400
4.4383 -1.2118 -0.0400
4.4731 -1.1744 -0.0400
7.0251 1.2190 -0.0400
6.9509 1.2607 -0.0400
6.8972 1.3188 -0.0400
6.9132 1.4399 -0.0400
6.1357 2.0054 -0.0400
6.0477 2.0172 -0.0400
6.0012 2.0884 -0.0400
5.9772 2.1967 -0.0400
4.6169 3.7405 -0.0400
4.5148 3.7199 -0.0400
4.4218 3.7440 -0.0400
2.6688 4.0045 -0.0400
2.5758 3.9531 -0.0400
2.4732 3.9618 -0.0400
2.3678 3.9795 -0.0400
2.2665 3.9720 -0.0400
2.4506 1.6915 -0.0400
2.3949 1.6643 -0.0400
2.3257 1.6770 -0.0400
2.2760 1.6332 -0.0400
2.2259 1.5929 -0.0400
2.1647 1.5813 -0.0400
2.0890 1.6023 -0.0400
2.0039 1.6398 -0.0400
0.9310 1.2542 -0.0400
0.8950 1.1930 -0.0400
0.8424 1.1505 -0.0400
2.4691 -1.1641 -0.0400
2.4890 -1.1951 -0.0400
2.4990 -1.2205 -0.0400
2.5040 -1.2432 -0.0400
2.5050 -1.2637 -0.0400
2.5038 -1.2831 -0.0400
2.5004 -1.3016 -0.0400
2.4934 -1.3187 -0.0400
2.4839 -1.3351 -0.0400
2.4753 -1.3518 -0.0400
2.4591 -1.3666 -0.0400
2.4364 -1.3802 -0.0400
2.4176 -1.3953 -0.0400
-0.3003 -2.4298 -0.0400
-0.2599 -2.4902 -0.0400
-0.2678 -2.5614 -0.0400
-1.3254 -3.8596 -0.0400
-1.3264 -3.9629 -0.0400
-0.7891 -5.0768 -0.0400
3.3061 -2.3927 -0.0400
3.3135 -2.4196 -0.0400
3.3202 -2.4533 -0.0400
3.2398 -6.1494 -0.0400
4.2989 -5.1946 -0.0400
4.3569 -5.1645 -0.0400
4.9187 -7.0412 -0.0400
5.3518 -4.6632 -0.0400
5.3955 -4.6168 -0.0400
5.4660 -4.6112 -0.0400
5.6336 -4.7433 -0.0400
6.6928 -5.3663 -0.0400
4.6553 -1.3868 -0.0400
4.5419 -1.3935 -0.0400
4.5142 -1.3812 -0.0400
4.4956 -1.3672 -0.0400
4.4813 -1.3524 -0.0400
4.4693 -1.3371 -0.0400
4.4601 -1.3212 -0.0400
4.4544 -1.3041 -0.0400
4.4505 -1.2863 -0.0400
4.4507 -1.2667 -0.0400
4.4533 -1.2459 -0.0400
4.4595 -1.2230 -0.0400
4.4739 -1.1957 -0.0400
7.0801 1.1577 -0.0400
7.0060 1.2005 -0.0400
6.9750 1.2781 -0.0400
6.9966 1.4027 -0.0400
6.1979 1.9555 -0.0400
6.1148 1.9755 -0.0400
6.0843 2.0689 -0.0400
4.8086 3.7138 -0.0400
4.7112 3.7220 -0.0400
4.6084 3.7025 -0.0400
4.5097 3.6962 -0.0400
4.4265 3.7745 -0.0400
2.8658 4.0336 -0.0400
2.7656 4.0268 -0.0400
2.6718 3.9755 -0.0400
2.5731 3.9619 -0.0400
2.4626 4.0128 -0.0400
2.5039 1.7146 -0.0400
2.4500 1.6810 -0.0400
2.3857 1.6808 -0.0400
2.3361 1.6363 -0.0400
2.2769 1.6202 -0.0400
2.2055 1.6351 -0.0400
2.1247 1.6693 -0.0400
2.0616 1.6568 -0.0400
0.9943 1.3866 -0.0400
0.9869 1.2889 -0.0400
0.9449 1.2342 -0.0400
0.8416 1.2476 -0.0400
2.4908 -1.1574 -0.0400
2.5067 -1.1866 -0.0400
2.5145 -1.2111 -0.0400
2.5200 -1.2340 -0.0400
2.5180 -1.2531 -0.0400
2.5145 -1.2715 -0.0400
2.5086 -1.2889 -0.0400
2.5005 -1.3054 -0.0400
2.4905 -1.3214 -0.0400
2.4763 -1.3362 -0.0400
2.4575 -1.3499 -0.0400
2.4306 -1.3620 -0.0400
2.4079 -1.3759 -0.0400
-2.5068 -1.7054 -0.0400
-0.3425 -2.2969 -0.0400
-0.2838 -2.3551 -0.0400
-0.2795 -2.4227 -0.0400
-0.3454 -2.5063 -0.0400
-1.3730 -3.7730 -0.0400
-0.8517 -4.9944 -0.0400
3.0695 -6.1609 -0.0400
3.1504 -6.1401 -0.0400
4.2846 -5.1801 -0.0400
4.3504 -5.1830 -0.0400
5.3964 -4.6574 -0.0400
5.4337 -4.6010 -0.0400
5.6107 -4.7481 -0.0400
5.6819 -4.7346 -0.0400
6.6751 -5.3818 -0.0400
6.7346 -5.3195 -0.0400
4.6988 -1.3821 -0.0400
4.6570 -1.3698 -0.0400
4.5543 -1.3750 -0.0400
4.5173 -1.3652 -0.0400
4.4837 -1.3556 -0.0400
4.4703 -1.3405 -0.0400
4.4602 -1.3246 -0.0400
4.4515 -1.3084 -0.0400
4.4457 -1.2911 -0.0400
4.4414 -1.2732 -0.0400
4.4392 -1.2543 -0.0400
4.4521 -1.2286 -0.0400
4.4617 -1.2035 -0.0400
4.4931 -1.1670 -0.0400
7.0092 1.1962 -0.0400
6.9553 1.2548 -0.0400
6.9234 1.3324 -0.0400
6.9446 1.4590 -0.0400
6.2042 1.9603 -0.0400
6.1191 1.9784 -0.0400
6.0511 2.0185 -0.0400
6.0237 2.1185 -0.0400
4.7156 3.7429 -0.0400
4.6127 3.7256 -0.0400
4.5146 3.7260 -0.0400
4.4154 3.7159 -0.0400
2.7648 4.0157 -0.0400
2.6644 4.0108 -0.0400
2.5712 3.9582 -0.0400
2.4589 4.0208 -0.0400
2.3663 3.9677 -0.0400
2.4955 1.7180 -0.0400
2.4435 1.6778 -0.0400
2.3804 1.6741 -0.0400
2.3179 1.6666 -0.0400
2.2711 1.6152 -0.0400
2.2146 1.5918 -0.0400
2.1175 1.6684 -0.0400
2.0581 1.6472 -0.0400
1.9704 1.6887 -0.0400
0.9445 1.3298 -0.0400
0.9328 1.2391 -0.0400
0.8763 1.2009 -0.0400
-0.4451 2.5082 -0.0400
2.4835 -1.1635 -0.0400
2.5026 -1.1943 -0.0400
2.5039 -1.2157 -0.0400
2.5094 -1.2385 -0.0400
2.5099 -1.2587 -0.0400
2.5081 -1.2777 -0.0400
2.5043 -1.2957 -0.0400
2.4966 -1.3122 -0.0400
2.4875 -1.3283 -0.0400
2.4758 -1.3437 -0.0400
2.4612 -1.3585 -0.0400
2.4416 -1.3722 -0.0400
2.4130 -1.3841 -0.0400
-2.5078 -1.8038 -0.0400
-0.2771 -2.4175 -0.0400
-0.2633 -2.4830 -0.0400
-1.4180 -3.7810 -0.0400
-1.3293 -3.8432 -0.0400
-1.4311 -3.9938 -0.0400
-0.8730 -4.9926 -0.0400
-0.8021 -5.0587 -0.0400
3.2071 -6.1473 -0.0400
3.2829 -6.2165 -0.0400
4.2683 -5.2045 -0.0400
4.3253 -5.1702 -0.0400
4.8804 -7.0446 -0.0400
4.9726 -7.0130 -0.0400
5.3689 -4.6342 -0.0400
5.4361 -4.6237 -0.0400
5.6072 -4.7620 -0.0400
6.6206 -5.4692 -0.0400
6.6597 -5.3821 -0.0400
7.1931 -3.8415 -0.0400
7.2040 -3.7610 -0.0400
7.2586 -3.7053 -0.0400
4.7279 -1.4016 -0.0400
4.6554 -1.3950 -0.0400
4.5419 -1.4010 -0.0400
4.5162 -1.3878 -0.0400
4.4980 -1.3732 -0.0400
4.4843 -1.3578 -0.0400
4.4727 -1.3420 -0.0400
4.4628 -1.3258 -0.0400
4.4583 -1.3079 -0.0400
4.4546 -1.2896 -0.0400
4.4551 -1.2695 -0.0400
4.4581 -1.2480 -0.0400
4.4658 -1.2241 -0.0400
4.4826 -1.1952 -0.0400
7.1591 1.1056 -0.0400
7.0684 1.1374 -0.0400
7.0103 1.1931 -0.0400
6.9753 1.2678 -0.0400
6.3009 1.9527 -0.0400
6.1821 1.9288 -0.0400
6.1232 1.9819 -0.0400
4.8040 3.6959 -0.0400
4.7005 3.6774 -0.0400
4.6034 3.6822 -0.0400
4.5084 3.6949 -0.0400
2.8642 4.0194 -0.0400
2.7602 4.0447 -0.0400
2.6686 3.9735 -0.0400
2.5593 4.0263 -0.0400
2.4641 3.9855 -0.0400
2.5504 1.7377 -0.0400
2.4985 1.6951 -0.0400
2.4294 1.7117 -0.0400
2.3824 1.6563 -0.0400
2.3266 1.6307 -0.0400
2.2616 1.6307 -0.0400
2.1717 1.6930 -0.0400
2.1140 1.6676 -0.0400
2.0390 1.6831 -0.0400
1.0340 1.3237 -0.0400
0.9891 1.2723 -0.0400
0.9241 1.2445 -0.0400
-0.3720 2.5750 -0.0400
2.4795 -1.1225 -0.0400
2.5137 -1.1628 -0.0400
2.5167 -1.1855 -0.0400
2.5241 -1.2097 -0.0400
2.5253 -1.2305 -0.0400
2.5236 -1.2496 -0.0400
2.5181 -1.2669 -0.0400
2.5119 -1.2838 -0.0400
2.5035 -1.2999 -0.0400
2.4933 -1.3154 -0.0400
2.4797 -1.3299 -0.0400
2.4569 -1.3418 -0.0400
2.4336 -1.3542 -0.0400
2.3953 -1.3630 -0.0400
-2.4991 -1.6962 -0.0400
-0.2830 -2.3486 -0.0400
-0.3139 -2.4229 -0.0400
-1.4049 -3.6695 -0.0400
-1.3779 -3.7583 -0.0400
-0.9663 -4.9340 -0.0400
-0.8939 -5.0000 -0.0400
3.0387 -6.1450 -0.0400
3.1185 -6.1345 -0.0400
4.2531 -5.1849 -0.0400
4.3197 -5.1919 -0.0400
6.6456 -5.4023 -0.0400
6.7170 -5.3533 -0.0400
7.2534 -3.8128 -0.0400
7.2276 -3.7121 -0.0400
7.2801 -3.6548 -0.0400
4.6874 -1.3946 -0.0400
4.6550 -1.3797 -0.0400
4.5466 -1.3858 -0.0400
4.5168 -1.3737 -0.0400
4.4865 -1.3627 -0.0400
4.4734 -1.3471 -0.0400
4.4639 -1.3306 -0.0400
4.4556 -1.3137 -0.0400
4.4500 -1.2959 -0.0400
4.4457 -1.2776 -0.0400
4.4526 -1.2545 -0.0400
4.4575 -1.2317 -0.0400
4.4685 -1.2055 -0.0400
7.0794 1.1369 -0.0400
7.0128 1.1864 -0.0400
6.9708 1.2553 -0.0400
6.9603 1.3520 -0.0400
6.2194 1.9723 -0.0400
6.1203 1.9724 -0.0400
6.0675 2.0347 -0.0400
6.0475 2.1466 -0.0400
4.7096 3.7143 -0.0400
4.6065 3.6952 -0.0400
4.5075 3.6894 -0.0400
2.7638 4.0019 -0.0400
2.6694 3.9545 -0.0400
2.5659 3.9724 -0.0400
2.4613 3.9900 -0.0400
2.3625 3.9711 -0.0400
2.4923 1.6920 -0.0400
2.4304 1.6848 -0.0400
2.3634 1.6924 -0.0400
2.3176 1.6352 -0.0400
2.2631 1.6060 -0.0400
2.1645 1.6926 -0.0400
2.1083 1.6631 -0.0400
2.0380 1.6677 -0.0400
0.9745 1.2798 -0.0400
0.9330 1.2248 -0.0400
0.8701 1.1940 -0.0400
2.4477 -1.1162 -0.0400
2.4887 -1.1607 -0.0400
2.5110 -1.1935 -0.0400
2.5128 -1.2150 -0.0400
2.5172 -1.2372 -0.0400
2.5171 -1.2570 -0.0400
2.5124 -1.2745 -0.0400
2.5070 -1.2916 -0.0400
2.4988 -1.3076 -0.0400
2.4880 -1.3228 -0.0400
2.4780 -1.3384 -0.0400
2.4625 -1.3524 -0.0400
2.4419 -1.3652 -0.0400
2.4132 -1.3764 -0.0400
-2.5018 -1.6912 -0.0400
-2.5049 -1.7955 -0.0400
-0.2865 -2.3463 -0.0400
-0.2732 -2.4115 -0.0400
-0.3019 -2.4858 -0.0400
-1.3926 -3.7548 -0.0400
-1.3349 -3.8300 -0.0400
-0.8763 -4.9703 -0.0400
-0.8206 -5.0477 -0.0400
3.2496 -6.2436 -0.0400
4.2955 -5.1810 -0.0400
4.8396 -7.0369 -0.0400
4.9411 -7.0401 -0.0400
6.5931 -5.4925 -0.0400
6.6336 -5.4067 -0.0400
7.1821 -3.8718 -0.0400
7.1901 -3.7893 -0.0400
7.2739 -3.7492 -0.0400
4.7027 -1.4179 -0.0400
4.6684 -1.4026 -0.0400
4.5667 -1.4048 -0.0400
4.5161 -1.3973 -0.0400
4.4994 -1.3819 -0.0400
4.4866 -1.3658 -0.0400
4.4761 -1.3492 -0.0400
4.4673 -1.3323 -0.0400
4.4630 -1.3139 -0.0400
4.4598 -1.2950 -0.0400
4.4605 -1.2744 -0.0400
4.4639 -1.2523 -0.0400
4.4720 -1.2277 -0.0400
7.1498 1.0843 -0.0400
7.0714 1.1258 -0.0400
7.0212 1.1883 -0.0400
6.2546 1.8841 -0.0400
6.1885 1.9282 -0.0400
6.1417 1.9984 -0.0400
4.9031 3.6853 -0.0400
4.8011 3.6785 -0.0400
4.7020 3.6792 -0.0400
4.6018 3.6711 -0.0400
4.5222 3.7623 -0.0400
2.9621 4.0246 -0.0400
2.8603 4.0353 -0.0400
2.7657 3.9809 -0.0400
2.5617 3.9941 -0.0400
2.6030 1.7410 -0.0400
2.5480 1.7079 -0.0400
2.4852 1.7047 -0.0400
2.4204 1.7062 -0.0400
2.3753 1.6448 -0.0400
2.3112 1.6433 -0.0400
2.2262 1.6975 -0.0400
2.1639 1.6847 -0.0400
2.0960 1.6846 -0.0400
1.0730 1.3677 -0.0400
1.0338 1.3087 -0.0400
0.9734 1.2762 -0.0400
-0.3071 2.6472 -0.0400
2.5154 -1.1380 -0.0400
2.5223 -1.1634 -0.0400
2.5255 -1.1860 -0.0400
2.5318 -1.2098 -0.0400
2.5286 -1.2283 -0.0400
2.5273 -1.2474 -0.0400
2.5214 -1.2643 -0.0400
2.5136 -1.2803 -0.0400
2.5032 -1.2953 -0.0400
2.4929 -1.3105 -0.0400
2.4768 -1.3237 -0.0400
2.4551 -1.3354 -0.0400
2.4238 -1.3446 -0.0400
2.3961 -1.3559 -0.0400
-2.4903 -1.5851 -0.0400
-2.5006 -1.6890 -0.0400
-0.2892 -2.2783 -0.0400
-0.2850 -2.3449 -0.0400
-0.3382 -2.4231 -0.0400
-1.4872 -3.5892 -0.0400
-1.4000 -3.6537 -0.0400
-1.4124 -3.7587 -0.0400
-0.9294 -4.8837 -0.0400
-0.9448 -5.0148 -0.0400
3.0312 -2.3272 -0.0400
3.0554 -2.3138 -0.0400
3.0743 -2.3078 -0.0400
4.1631 -5.2152 -0.0400
4.2227 -5.1917 -0.0400
4.7337 -7.0636 -0.0400
4.8294 -7.0468 -0.0400
7.2026 -3.8212 -0.0400
7.2149 -3.7416 -0.0400
7.2625 -3.6816 -0.0400
4.6982 -1.4042 -0.0400
4.6639 -1.3892 -0.0400
4.5355 -1.3998 -0.0400
4.5131 -1.3854 -0.0400
4.4956 -1.3702 -0.0400
4.4825 -1.3541 -0.0400
4.4678 -1.3388 -0.0400
4.4606 -1.3212 -0.0400
4.4553 -1.3029 -0.0400
4.4510 -1.2841 -0.0400
4.4592 -1.2601 -0.0400
4.4644 -1.2367 -0.0400
4.4772 -1.2093 -0.0400
7.1842 1.0987 -0.0400
7.0828 1.1236 -0.0400
7.0220 1.1781 -0.0400
6.9867 1.2531 -0.0400
6.9987 1.3697 -0.0400
6.2903 1.9210 -0.0400
6.1949 1.9286 -0.0400
6.1274 1.9711 -0.0400
6.0806 2.0424 -0.0400
4.8095 3.7041 -0.0400
4.7055 3.6870 -0.0400
4.6125 3.7138 -0.0400
4.5105 3.6969 -0.0400
2.8617 4.0126 -0.0400
2.7639 3.9861 -0.0400
2.6679 3.9504 -0.0400
2.5596 3.9995 -0.0400
2.4609 3.9795 -0.0400
2.5865 1.7820 -0.0400
2.5402 1.7129 -0.0400
2.4829 1.6893 -0.0400
2.4181 1.6918 -0.0400
2.3676 1.6470 -0.0400
2.3112 1.6228 -0.0400
2.2465 1.6219 -0.0400
2.1586 1.6801 -0.0400
2.0904 1.6810 -0.0400
1.0081 1.3302 -0.0400
0.9758 1.2632 -0.0400
0.9206 1.2242 -0.0400
2.4827 -1.1316 -0.0400
2.5026 -1.1647 -0.0400
2.5225 -1.1965 -0.0400
2.5222 -1.2168 -0.0400
2.5250 -1.2382 -0.0400
2.5207 -1.2558 -0.0400
2.5156 -1.2729 -0.0400
2.5086 -1.2891 -0.0400
2.5006 -1.3050 -0.0400
2.4879 -1.3191 -0.0400
2.4768 -1.3340 -0.0400
2.4566 -1.3459 -0.0400
2.4278 -1.3557 -0.0400
2.4036 -1.3677 -0.0400
-2.4887 -1.6854 -0.0400
-2.5266 -1.7898 -0.0400
-0.3472 -2.2863 -0.0400
-0.2864 -2.3436 -0.0400
-0.2858 -2.4110 -0.0400
-0.3466 -2.4918 -0.0400
-1.3701 -3.7325 -0.0400
-1.3499 -3.8236 -0.0400
-0.8825 -4.9532 -0.0400
-0.8379 -5.0387 -0.0400
3.0302 -2.3411 -0.0400
3.0573 -2.3220 -0.0400
3.0762 -2.3153 -0.0400
3.0975 -2.3029 -0.0400
3.1119 -2.3021 -0.0400
3.1254 -2.3025 -0.0400
4.2051 -5.2066 -0.0400
4.2641 -5.1823 -0.0400
4.8037 -7.0448 -0.0400
5.3334 -4.6778 -0.0400
7.2316 -3.7757 -0.0400
7.2406 -3.6947 -0.0400
7.2892 -3.6348 -0.0400
4.5307 -1.3888 -0.0400
4.5084 -1.3745 -0.0400
4.4911 -1.3593 -0.0400
4.4714 -1.3452 -0.0400
4.4620 -1.3281 -0.0400
4.4539 -1.3107 -0.0400
4.4479 -1.2924 -0.0400
4.4479 -1.2716 -0.0400
4.4484 -1.2503 -0.0400
4.4518 -1.2274 -0.0400
4.4600 -1.2016 -0.0400
7.0510 1.1891 -0.0400
6.9805 1.2361 -0.0400
6.9642 1.3282 -0.0400
6.2475 1.9876 -0.0400
6.1375 1.9753 -0.0400
6.0807 2.0332 -0.0400
4.7157 3.7193 -0.0400
4.6111 3.6969 -0.0400
4.5203 3.7352 -0.0400
4.4192 3.7214 -0.0400
2.8572 4.0539 -0.0400
2.7624 3.9940 -0.0400
2.6658 3.9605 -0.0400
2.5641 3.9656 -0.0400
2.4598 3.9811 -0.0400
2.4776 1.6859 -0.0400
2.4172 1.6735 -0.0400
2.3582 1.6559 -0.0400
2.3053 1.6202 -0.0400
2.2464 1.6033 -0.0400
2.1798 1.6061 -0.0400
2.0935 1.6560 -0.0400
2.0235 1.6599 -0.0400
0.9920 1.3399 -0.0400
0.9685 1.2617 -0.0400
0.9184 1.2167 -0.0400
0.8419 1.2015 -0.0400
-0.4576 2.5067 -0.0400
2.4632 -1.1331 -0.0400
2.4935 -1.1724 -0.0400
2.5164 -1.2059 -0.0400
2.5166 -1.2263 -0.0400
2.5151 -1.2455 -0.0400
2.5123 -1.2639 -0.0400
2.5105 -1.2824 -0.0400
2.5036 -1.2986 -0.0400
2.4944 -1.3138 -0.0400
2.4848 -1.3290 -0.0400
2.4738 -1.3438 -0.0400
2.4538 -1.3556 -0.0400
2.4380 -1.3694 -0.0400
2.3996 -1.3766 -0.0400
2.3542 -1.3831 -0.0400
-2.4857 -1.7860 -0.0400
-0.2913 -2.3439 -0.0400
-0.2675 -2.4066 -0.0400
-0.3290 -2.4869 -0.0400
-1.3487 -3.8157 -0.0400
-0.8999 -4.9534 -0.0400
-0.8328 -5.0213 -0.0400
3.0239 -2.3655 -0.0400
3.0587 -2.3325 -0.0400
3.0850 -2.3116 -0.0400
3.1001 -2.3096 -0.0400
3.1144 -2.3083 -0.0400
3.1281 -2.3077 -0.0400
3.1424 -2.3052 -0.0400
3.1548 -2.3066 -0.0400
3.1660 -2.3101 -0.0400
4.3064 -5.1751 -0.0400
4.8725 -7.0209 -0.0400
5.3784 -4.6723 -0.0400
5.4133 -4.6128 -0.0400
5.5937 -4.7610 -0.0400
5.6670 -4.7499 -0.0400
7.1719 -3.9233 -0.0400
7.1697 -3.8342 -0.0400
7.2894 -3.8137 -0.0400
4.4908 -1.3819 -0.0400
4.4820 -1.3642 -0.0400
4.4743 -1.3464 -0.0400
4.4711 -1.3269 -0.0400
4.4684 -1.3072 -0.0400
4.4688 -1.2861 -0.0400
4.4717 -1.2637 -0.0400
4.5040 -1.2281 -0.0400
7.2292 1.0144 -0.0400
7.1395 1.0498 -0.0400
7.0839 1.1090 -0.0400
7.0548 1.1890 -0.0400
6.3400 1.8418 -0.0400
6.2626 1.8735 -0.0400
6.2096 1.9354 -0.0400
6.2061 2.0654 -0.0400
4.9089 3.6843 -0.0400
4.8039 3.6681 -0.0400
4.7045 3.6690 -0.0400
2.9613 4.0220 -0.0400
2.8655 3.9698 -0.0400
2.7574 4.0370 -0.0400
2.6598 4.0052 -0.0400
2.6481 1.7614 -0.0400
2.5941 1.7210 -0.0400
2.5288 1.7274 -0.0400
2.4703 1.7065 -0.0400
2.4205 1.6572 -0.0400
2.3580 1.6517 -0.0400
2.2697 1.7209 -0.0400
2.2081 1.7057 -0.0400
2.1331 1.7254 -0.0400
1.0816 1.4448 -0.0400
1.0689 1.3491 -0.0400
1.0051 1.3209 -0.0400
-0.2299 2.7013 -0.0400
2.5142 -1.1226 -0.0400
2.5413 -1.1610 -0.0400
2.5420 -1.1823 -0.0400
2.5403 -1.2018 -0.0400
2.5372 -1.2202 -0.0400
2.5350 -1.2389 -0.0400
2.5274 -1.2547 -0.0400
2.5190 -1.2701 -0.0400
2.5099 -1.2852 -0.0400
2.4942 -1.2975 -0.0400
2.4808 -1.3112 -0.0400
2.4531 -1.3196 -0.0400
2.4306 -1.3307 -0.0400
2.3974 -1.3388 -0.0400
-1.0161 -0.2374 -0.0400
-2.4898 -1.4748 -0.0400
-2.4868 -1.5785 -0.0400
-0.2995 -2.2118 -0.0400
-0.2819 -2.2756 -0.0400
-0.3351 -2.3515 -0.0400
-1.4315 -3.5523 -0.0400
-1.4122 -3.6426 -0.0400
-1.0396 -4.8170 -0.0400
-0.9378 -4.8609 -0.0400
3.0448 -2.3035 -0.0400
3.0634 -2.2969 -0.0400
3.0797 -2.2931 -0.0400
3.0941 -2.2921 -0.0400
3.1103 -2.2869 -0.0400
3.1226 -2.2886 -0.0400
3.1347 -2.2902 -0.0400
3.1460 -2.2934 -0.0400
3.1573 -2.2964 -0.0400
3.1682 -2.3002 -0.0400
3.1788 -2.3046 -0.0400
4.1215 -5.2366 -0.0400
4.1775 -5.1968 -0.0400
4.6771 -7.0595 -0.0400
4.7837 -7.0881 -0.0400
5.2608 -4.7290 -0.0400
5.3011 -4.6765 -0.0400
5.3664 -4.6636 -0.0400
5.5392 -4.8074 -0.0400
7.1650 -3.8573 -0.0400
7.1988 -3.7895 -0.0400
7.3050 -3.7601 -0.0400
4.4649 -1.3171 -0.0400
4.4614 -1.2974 -0.0400
4.4610 -1.2763 -0.0400
4.4765 -1.2480 -0.0400
4.4901 -1.2197 -0.0400
7.2255 1.0991 -0.0400
7.0883 1.0986 -0.0400
7.0475 1.1695 -0.0400
7.0411 1.2691 -0.0400
6.2962 1.9037 -0.0400
6.2081 1.9217 -0.0400
6.1764 2.0136 -0.0400
4.9171 3.6985 -0.0400
4.8179 3.7074 -0.0400
4.7137 3.6928 -0.0400
4.6125 3.6853 -0.0400
2.9626 4.0122 -0.0400
2.8634 3.9943 -0.0400
2.7668 3.9569 -0.0400
2.6630 3.9811 -0.0400
2.5612 3.9829 -0.0400
2.5895 1.7176 -0.0400
2.5297 1.7026 -0.0400
2.4648 1.7059 -0.0400
2.4130 1.6627 -0.0400
2.3548 1.6429 -0.0400
2.2882 1.6481 -0.0400
2.2043 1.6995 -0.0400
2.1386 1.6944 -0.0400
1.0605 1.3494 -0.0400
1.0174 1.2953 -0.0400
0.9536 1.2668 -0.0400
-0.3243 2.6535 -0.0400
2.5203 -1.1403 -0.0400
2.5291 -1.1673 -0.0400
2.5321 -1.1901 -0.0400
2.5316 -1.2103 -0.0400
2.5294 -1.2292 -0.0400
2.5287 -1.2487 -0.0400
2.5215 -1.2646 -0.0400
2.5134 -1.2800 -0.0400
2.5045 -1.2951 -0.0400
2.4888 -1.3074 -0.0400
2.4751 -1.3208 -0.0400
2.4589 -1.3335 -0.0400
2.4396 -1.3455 -0.0400
2.3815 -1.3444 -0.0400
-1.0034 -0.2450 -0.0400
-2.4943 -1.5766 -0.0400
-2.4932 -1.6801 -0.0400
-0.3530 -2.2200 -0.0400
-0.2839 -2.2767 -0.0400
-0.2747 -2.3415 -0.0400
-0.3470 -2.4220 -0.0400
-1.3977 -3.6314 -0.0400
-1.3896 -3.7264 -0.0400
-0.9483 -4.8576 -0.0400
-0.8974 -4.9372 -0.0400
3.0149 -2.3421 -0.0400
3.0461 -2.3159 -0.0400
3.0647 -2.3086 -0.0400
3.0824 -2.3018 -0.0400
3.1004 -2.2934 -0.0400
3.1135 -2.2934 -0.0400
3.1257 -2.2947 -0.0400
3.1378 -2.2960 -0.0400
3.1498 -2.2970 -0.0400
3.1605 -2.3007 -0.0400
3.1713 -2.3043 -0.0400
3.1820 -2.3080 -0.0400
3.1913 -2.3154 -0.0400
3.2012 -2.3213 -0.0400
3.2115 -2.3266 -0.0400
4.1708 -5.2577 -0.0400
4.2211 -5.1933 -0.0400
4.7479 -7.0419 -0.0400
5.3021 -4.7176 -0.0400
5.3382 -4.6592 -0.0400
5.5161 -4.8119 -0.0400
5.5864 -4.7978 -0.0400
6.5745 -5.4582 -0.0400
6.6611 -5.4268 -0.0400
7.1395 -3.9434 -0.0400
7.1550 -3.8646 -0.0400
7.2183 -3.8132 -0.0400
4.4891 -1.2692 -0.0400
4.5021 -1.2414 -0.0400
7.2217 0.9874 -0.0400
7.1466 1.0336 -0.0400
7.0979 1.0985 -0.0400
7.0765 1.1850 -0.0400
6.4655 1.8459 -0.0400
6.3439 1.8279 -0.0400
6.2736 1.8689 -0.0400
6.2290 1.9424 -0.0400
5.0096 3.6568 -0.0400
4.9100 3.6645 -0.0400
4.8063 3.6540 -0.0400
4.7101 3.6690 -0.0400
3.0633 4.0200 -0.0400
2.9655 3.9810 -0.0400
2.8658 3.9738 -0.0400
2.7608 4.0130 -0.0400
2.6558 4.0386 -0.0400
2.6996 1.7834 -0.0400
2.6476 1.7296 -0.0400
2.5859 1.7222 -0.0400
2.5241 1.7146 -0.0400
2.4720 1.6707 -0.0400
2.4108 1.6609 -0.0400
2.3227 1.7359 -0.0400
2.2623 1.7169 -0.0400
2.1791 1.7624 -0.0400
1.1090 1.3920 -0.0400
1.0595 1.3455 -0.0400
0.9520 1.3721 -0.0400
2.5214 -1.1035 -0.0400
2.5365 -1.1360 -0.0400
2.5426 -1.1615 -0.0400
2.5435 -1.1831 -0.0400
2.5474 -1.2059 -0.0400
2.5426 -1.2233 -0.0400
2.5358 -1.2394 -0.0400
2.5277 -1.2548 -0.0400
2.5188 -1.2697 -0.0400
2.5035 -1.2817 -0.0400
2.4897 -1.2947 -0.0400
2.4732 -1.3068 -0.0400
2.4536 -1.3181 -0.0400
2.3963 -1.3151 -0.0400
-0.9720 -0.0851 -0.0400
-0.9711 -0.1720 -0.0400
-2.5464 -1.3660 -0.0400
-2.4794 -1.4732 -0.0400
-2.5409 -1.5750 -0.0400
-0.3346 -2.1517 -0.0400
-0.2878 -2.2119 -0.0400
-0.2981 -2.2795 -0.0400
-0.3995 -2.3635 -0.0400
-1.4297 -3.5444 -0.0400
-1.5441 -3.6875 -0.0400
-1.0041 -4.7770 -0.0400
3.0404 -2.2976 -0.0400
3.0586 -2.2909 -0.0400
3.0745 -2.2872 -0.0400
3.0885 -2.2860 -0.0400
3.1022 -2.2849 -0.0400
3.1142 -2.2862 -0.0400
3.1279 -2.2841 -0.0400
3.1386 -2.2876 -0.0400
3.1491 -2.2914 -0.0400
3.1596 -2.2951 -0.0400
3.1698 -2.2995 -0.0400
3.1793 -2.3056 -0.0400
3.1890 -2.3118 -0.0400
3.1987 -2.3178 -0.0400
3.2096 -2.3207 -0.0400
3.2202 -2.3245 -0.0400
3.2306 -2.3290 -0.0400
5.1988 -4.8084 -0.0400
5.2290 -4.7370 -0.0400
5.2738 -4.6921 -0.0400
5.3416 -4.6836 -0.0400
5.5121 -4.8251 -0.0400
6.5081 -5.5317 -0.0400
6.5671 -5.4680 -0.0400
7.1475 -3.8865 -0.0400
7.1877 -3.8222 -0.0400
7.3003 -3.7962 -0.0400
7.1916 1.0508 -0.0400
7.1009 1.0852 -0.0400
7.0696 1.1640 -0.0400
7.0906 1.2865 -0.0400
6.3624 1.8358 -0.0400
6.2792 1.8616 -0.0400
6.2226 1.9200 -0.0400
6.2096 2.0373 -0.0400
4.9213 3.6851 -0.0400
4.8167 3.6738 -0.0400
4.7249 3.7094 -0.0400
3.0626 4.0611 -0.0400
2.9642 4.0182 -0.0400
2.8677 3.9679 -0.0400
2.7677 3.9620 -0.0400
2.6621 3.9984 -0.0400
2.6419 1.7359 -0.0400
2.5837 1.7127 -0.0400
2.5182 1.7195 -0.0400
2.4645 1.6801 -0.0400
2.4092 1.6495 -0.0400
2.3463 1.6443 -0.0400
2.2577 1.7154 -0.0400
2.1936 1.7065 -0.0400
2.1154 1.7344 -0.0400
1.1042 1.3882 -0.0400
1.0626 1.3312 -0.0400
1.0030 1.2982 -0.0400
0.9100 1.3049 -0.0400
-0.3140 2.6354 -0.0400
2.5359 -1.1501 -0.0400
2.5403 -1.1744 -0.0400
2.5402 -1.1952 -0.0400
2.5381 -1.2145 -0.0400
2.5344 -1.2325 -0.0400
2.5291 -1.2494 -0.0400
2.5218 -1.2652 -0.0400
2.5117 -1.2795 -0.0400
2.4998 -1.2931 -0.0400
2.4868 -1.3063 -0.0400
2.4711 -1.3186 -0.0400
2.4528 -1.3302 -0.0400
2.4031 -1.3300 -0.0400
-1.0063 -0.0766 -0.0400
-0.9956 -0.1677 -0.0400
-1.0042 -0.2508 -0.0400
-2.4879 -1.5755 -0.0400
-0.3005 -2.2158 -0.0400
-0.2788 -2.2786 -0.0400
-0.3044 -2.3489 -0.0400
-1.4357 -3.5430 -0.0400
-1.3942 -3.6238 -0.0400
-1.0127 -4.7744 -0.0400
-0.9474 -4.8431 -0.0400
-0.9491 -4.9612 -0.0400
3.0122 -2.3360 -0.0400
3.0423 -2.3111 -0.0400
3.0605 -2.3037 -0.0400
3.0778 -2.2969 -0.0400
3.0955 -2.2884 -0.0400
3.1082 -2.2883 -0.0400
3.1200 -2.2896 -0.0400
3.1317 -2.2907 -0.0400
3.1428 -2.2928 -0.0400
3.1532 -2.2963 -0.0400
3.1639 -2.2991 -0.0400
3.1740 -2.3031 -0.0400
3.1836 -2.3088 -0.0400
3.1931 -2.3147 -0.0400
3.2025 -2.3212 -0.0400
3.2131 -2.3242 -0.0400
3.2236 -2.3278 -0.0400
3.2340 -2.3317 -0.0400
3.2433 -2.3398 -0.0400
3.2533 -2.3460 -0.0400
3.2632 -2.3532 -0.0400
5.2691 -4.7237 -0.0400
5.3084 -4.6705 -0.0400
5.4904 -4.8309 -0.0400
5.5657 -4.8243 -0.0400
6.5219 -5.5867 -0.0400
6.5460 -5.4800 -0.0400
6.6323 -5.4486 -0.0400
7.1259 -3.9753 -0.0400
7.1391 -3.8949 -0.0400
7.2059 -3.8454 -0.0400
7.2138 0.9575 -0.0400
7.1565 1.0168 -0.0400
7.1211 1.0921 -0.0400
7.1210 1.1961 -0.0400
6.4571 1.8136 -0.0400
6.3529 1.8166 -0.0400
6.2866 1.8631 -0.0400
5.1218 3.6555 -0.0400
5.0225 3.6691 -0.0400
4.9141 3.6483 -0.0400
4.8228 3.6854 -0.0400
3.1655 4.0579 -0.0400
3.0646 4.0464 -0.0400
2.9686 3.9738 -0.0400
2.8633 4.0252 -0.0400
2.7634 4.0091 -0.0400
2.7540 1.8025 -0.0400
2.7017 1.7437 -0.0400
2.6402 1.7350 -0.0400
2.5774 1.7308 -0.0400
2.5250 1.6847 -0.0400
2.4660 1.6667 -0.0400
2.3986 1.6778 -0.0400
2.3165 1.7324 -0.0400
2.2474 1.7392 -0.0400
1.1583 1.4238 -0.0400
1.1136 1.3705 -0.0400
1.0524 1.3396 -0.0400
-0.1580 2.7593 -0.0400
2.5025 -1.0651 -0.0400
2.5394 -1.1155 -0.0400
2.5481 -1.1438 -0.0400
2.5504 -1.1670 -0.0400
2.5495 -1.1875 -0.0400
2.5510 -1.2090 -0.0400
2.5442 -1.2251 -0.0400
2.5360 -1.2404 -0.0400
2.5268 -1.2551 -0.0400
2.5159 -1.2689 -0.0400
2.5033 -1.2820 -0.0400
2.4888 -1.2944 -0.0400
2.4580 -1.2997 -0.0400
2.4298 -1.3071 -0.0400
2.3668 -1.3009 -0.0400
-0.9736 -0.0033 -0.0400
-0.9623 -0.0953 -0.0400
-2.5319 -1.3664 -0.0400
-2.5045 -1.4716 -0.0400
-0.3029 -2.1517 -0.0400
-0.2852 -2.2151 -0.0400
-0.3644 -2.2927 -0.0400
-1.4573 -3.4534 -0.0400
-1.4207 -3.5359 -0.0400
-1.0598 -4.6894 -0.0400
-0.9972 -4.7599 -0.0400
-0.9904 -4.8700 -0.0400
3.0153 -2.3060 -0.0400
3.0377 -2.2933 -0.0400
3.0555 -2.2866 -0.0400
3.0709 -2.2829 -0.0400
3.0845 -2.2816 -0.0400
3.0978 -2.2804 -0.0400
3.1096 -2.2816 -0.0400
3.1228 -2.2794 -0.0400
3.1331 -2.2828 -0.0400
3.1432 -2.2865 -0.0400
3.1533 -2.2902 -0.0400
3.1634 -2.2938 -0.0400
3.1730 -2.2988 -0.0400
3.1813 -2.3072 -0.0400
3.1907 -2.3131 -0.0400
3.2012 -2.3157 -0.0400
3.2114 -2.3195 -0.0400
3.2211 -2.3252 -0.0400
3.2308 -2.3309 -0.0400
3.2404 -2.3373 -0.0400
3.2501 -2.3442 -0.0400
3.2578 -2.3610 -0.0400
3.2668 -2.3737 -0.0400
3.2754 -2.3912 -0.0400
5.2072 -4.7605 -0.0400
5.2512 -4.7141 -0.0400
5.4240 -4.8683 -0.0400
5.4933 -4.8541 -0.0400
6.4732 -5.5452 -0.0400
6.5414 -5.4931 -0.0400
7.3050 0.9072 -0.0400
7.2207 0.9491 -0.0400
7.1632 1.0086 -0.0400
7.1259 1.0828 -0.0400
6.4313 1.7713 -0.0400
6.3541 1.8057 -0.0400
6.3034 1.8716 -0.0400
5.1310 3.6667 -0.0400
5.0283 3.6701 -0.0400
4.9195 3.6492 -0.0400
4.8186 3.6509 -0.0400
3.1686 4.0360 -0.0400
3.0686 4.0130 -0.0400
2.9701 3.9792 -0.0400
2.8601 4.0809 -0.0400
2.7640 4.0193 -0.0400
2.7537 1.7916 -0.0400
2.6996 1.7419 -0.0400
2.6379 1.7340 -0.0400
2.5791 1.7123 -0.0400
2.5230 1.6814 -0.0400
2.4595 1.6797 -0.0400
2.3783 1.7370 -0.0400
2.3123 1.7358 -0.0400
2.2458 1.7344 -0.0400
1.1883 1.4924 -0.0400
1.1592 1.4152 -0.0400
1.1099 1.3681 -0.0400
-0.1205 2.8727 -0.0400
-0.1599 2.7591 -0.0400
2.5516 -1.1130 -0.0400
2.5577 -1.1399 -0.0400
2.5583 -1.1620 -0.0400
2.5562 -1.1819 -0.0400
2.5525 -1.2003 -0.0400
2.5473 -1.2176 -0.0400
2.5399 -1.2333 -0.0400
2.5313 -1.2483 -0.0400
2.5182 -1.2608 -0.0400
2.5048 -1.2734 -0.0400
2.4888 -1.2849 -0.0400
2.4701 -1.2955 -0.0400
2.4467 -1.3044 -0.0400
2.4129 -1.3095 -0.0400
-0.9382 -0.0210 -0.0400
-0.9543 -0.1020 -0.0400
-2.4777 -1.3700 -0.0400
-2.5171 -1.4712 -0.0400
-0.3220 -2.0907 -0.0400
-0.2963 -2.1535 -0.0400
-0.2942 -2.2187 -0.0400
-0.3657 -2.2950 -0.0400
-1.4473 -3.4483 -0.0400
-1.4267 -3.5364 -0.0400
-1.1884 -4.6557 -0.0400
-1.0529 -4.6799 -0.0400
-0.9974 -4.7549 -0.0400
3.0057 -2.3183 -0.0400
3.0333 -2.2976 -0.0400
3.0511 -2.2908 -0.0400
3.0720 -2.2776 -0.0400
3.0852 -2.2765 -0.0400
3.0975 -2.2765 -0.0400
3.1089 -2.2778 -0.0400
3.1202 -2.2791 -0.0400
3.1310 -2.2811 -0.0400
3.1409 -2.2848 -0.0400
3.1511 -2.2878 -0.0400
3.1608 -2.2919 -0.0400
3.1698 -2.2977 -0.0400
3.1788 -2.3038 -0.0400
3.1878 -2.3099 -0.0400
3.1977 -2.3139 -0.0400
3.2077 -2.3176 -0.0400
3.2175 -2.3219 -0.0400
3.2271 -2.3274 -0.0400
3.2366 -2.3336 -0.0400
3.2447 -2.3460 -0.0400
3.2537 -2.3563 -0.0400
3.2625 -2.3685 -0.0400
3.2711 -2.3842 -0.0400
5.1931 -4.7662 -0.0400
5.2378 -4.7213 -0.0400
5.4101 -4.8753 -0.0400
5.4774 -4.8585 -0.0400
6.4551 -5.5510 -0.0400
7.3005 0.8903 -0.0400
7.2246 0.9381 -0.0400
7.1705 1.0002 -0.0400
7.1788 1.1088 -0.0400
6.4531 1.7831 -0.0400
6.3636 1.8038 -0.0400
6.3368 1.8996 -0.0400
5.0210 3.6263 -0.0400
4.9372 3.6909 -0.0400
4.8242 3.6511 -0.0400
3.1713 4.0372 -0.0400
3.0719 4.0011 -0.0400
2.9717 3.9893 -0.0400
2.8666 4.0353 -0.0400
2.7556 1.7712 -0.0400
2.6978 1.7413 -0.0400
2.6303 1.7592 -0.0400
2.5776 1.7090 -0.0400
2.5208 1.6802 -0.0400
2.4574 1.6778 -0.0400
2.3726 1.7478 -0.0400
2.3083 1.7403 -0.0400
1.2021 1.4653 -0.0400
1.1599 1.4072 -0.0400
1.0875 1.3918 -0.0400
-0.0973 2.8401 -0.0400
-0.1701 2.7697 -0.0400
2.5401 -1.0924 -0.0400
2.5522 -1.1248 -0.0400
2.5564 -1.1502 -0.0400
2.5558 -1.1715 -0.0400
2.5586 -1.1946 -0.0400
2.5524 -1.2112 -0.0400
2.5444 -1.2266 -0.0400
2.5353 -1.2413 -0.0400
2.5249 -1.2552 -0.0400
2.5122 -1.2680 -0.0400
2.4983 -1.2804 -0.0400
2.4814 -1.2915 -0.0400
2.4432 -1.2927 -0.0400
2.4018 -1.2937 -0.0400
-0.9495 -0.0203 -0.0400
-0.9523 -0.1065 -0.0400
-2.5008 -1.3691 -0.0400
-0.3262 -2.0940 -0.0400
-0.2928 -2.1559 -0.0400
-0.3379 -2.2270 -0.0400
-1.5366 -3.3825 -0.0400
-1.4440 -3.4460 -0.0400
-1.4578 -3.5467 -0.0400
-1.0453 -4.6707 -0.0400
-1.0038 -4.7549 -0.0400
3.0185 -2.2977 -0.0400
3.0381 -2.2884 -0.0400
3.0552 -2.2821 -0.0400
3.0698 -2.2790 -0.0400
3.0829 -2.2778 -0.0400
3.0957 -2.2766 -0.0400
3.1088 -2.2743 -0.0400
3.1198 -2.2757 -0.0400
3.1298 -2.2789 -0.0400
3.1395 -2.2825 -0.0400
3.1492 -2.2861 -0.0400
3.1589 -2.2896 -0.0400
3.1680 -2.2944 -0.0400
3.1759 -2.3029 -0.0400
3.1848 -2.3090 -0.0400
3.1950 -2.3115 -0.0400
3.2047 -2.3153 -0.0400
3.2145 -2.3191 -0.0400
3.2239 -2.3241 -0.0400
3.2323 -2.3337 -0.0400
3.2415 -2.3411 -0.0400
3.2503 -2.3507 -0.0400
3.2591 -2.3622 -0.0400
3.2639 -2.3966 -0.0400
2.8914 -6.1212 -0.0400
5.1737 -4.7625 -0.0400
5.2199 -4.7206 -0.0400
5.3973 -4.8837 -0.0400
5.4662 -4.8695 -0.0400
6.3859 -5.6298 -0.0400
6.4396 -5.5595 -0.0400
6.5326 -5.5376 -0.0400
7.2048 1.1139 -0.0400
6.5415 1.7446 -0.0400
6.4372 1.7507 -0.0400
6.3696 1.7967 -0.0400
6.3271 1.8734 -0.0400
5.1326 3.6309 -0.0400
5.0308 3.6371 -0.0400
4.9385 3.6732 -0.0400
4.8293 3.6476 -0.0400
3.1744 4.0408 -0.0400
3.0747 4.0039 -0.0400
2.9741 3.9959 -0.0400
2.8695 4.0343 -0.0400
2.8086 1.8285 -0.0400
2.7543 1.7710 -0.0400
2.6955 1.7449 -0.0400
2.6281 1.7621 -0.0400
2.5772 1.7029 -0.0400
2.5178 1.6843 -0.0400
2.4487 1.7022 -0.0400
2.3706 1.7472 -0.0400
2.3052 1.7429 -0.0400
1.2100 1.4470 -0.0400
1.1578 1.4036 -0.0400
1.0938 1.3766 -0.0400
-0.0806 2.8163 -0.0400
2.5642 -1.1225 -0.0400
2.5655 -1.1461 -0.0400
2.5637 -1.1667 -0.0400
2.5600 -1.1855 -0.0400
2.5550 -1.2032 -0.0400
2.5479 -1.2192 -0.0400
2.5395 -1.2344 -0.0400
2.5277 -1.2475 -0.0400
2.5147 -1.2600 -0.0400
2.4997 -1.2717 -0.0400
2.4822 -1.2823 -0.0400
2.4604 -1.2911 -0.0400
2.4319 -1.2973 -0.0400
-0.9232 0.0533 -0.0400
-0.9215 -0.0354 -0.0400
-2.5291 -1.2641 -0.0400
-2.4847 -1.3710 -0.0400
-0.3917 -2.0369 -0.0400
-0.3137 -2.0962 -0.0400
-0.2988 -2.1598 -0.0400
-0.3811 -2.2356 -0.0400
-1.4874 -3.3656 -0.0400
-1.4416 -3.4446 -0.0400
-1.4950 -3.5597 -0.0400
-1.1290 -4.6104 -0.0400
-1.0452 -4.6671 -0.0400
-1.0238 -4.7647 -0.0400
3.0134 -2.3052 -0.0400
3.0437 -2.2792 -0.0400
3.0593 -2.2747 -0.0400
3.0723 -2.2737 -0.0400
3.0849 -2.2727 -0.0400
3.0966 -2.2730 -0.0400
3.1076 -2.2743 -0.0400
3.1184 -2.2756 -0.0400
3.1287 -2.2776 -0.0400
3.1386 -2.2805 -0.0400
3.1480 -2.2841 -0.0400
3.1573 -2.2880 -0.0400
3.1659 -2.2937 -0.0400
3.1745 -2.2997 -0.0400
3.1831 -2.3058 -0.0400
3.1925 -2.3100 -0.0400
3.2021 -2.3137 -0.0400
3.2115 -2.3179 -0.0400
3.2206 -2.3235 -0.0400
3.2297 -2.3298 -0.0400
3.2387 -2.3365 -0.0400
3.2476 -2.3450 -0.0400
3.2540 -2.3665 -0.0400
3.2617 -2.3847 -0.0400
2.8063 -6.0966 -0.0400
2.8800 -6.1266 -0.0400
5.1326 -4.8437 -0.0400
5.1672 -4.7800 -0.0400
5.2084 -4.7297 -0.0400
5.2765 -4.7227 -0.0400
5.4622 -4.8907 -0.0400
6.3678 -5.6346 -0.0400
6.4251 -5.5690 -0.0400
6.5154 -5.5441 -0.0400
6.5727 1.7640 -0.0400
6.4493 1.7496 -0.0400
6.3769 1.7905 -0.0400
5.1455 3.6475 -0.0400
5.0356 3.6294 -0.0400
4.9314 3.6244 -0.0400
3.2796 4.0558 -0.0400
3.1775 4.0618 -0.0400
3.0782 4.0046 -0.0400
2.8723 4.0397 -0.0400
2.8127 1.7981 -0.0400
2.7551 1.7614 -0.0400
2.6921 1.7571 -0.0400
2.6330 1.7331 -0.0400
2.5755 1.7042 -0.0400
2.5147 1.6902 -0.0400
2.4413 1.7238 -0.0400
2.3678 1.7508 -0.0400
2.2951 1.7697 -0.0400
1.2478 1.5069 -0.0400
1.2069 1.4454 -0.0400
1.1480 1.4114 -0.0400
1.0678 1.4063 -0.0400
-0.0912 2.8287 -0.0400
2.5489 -1.0742 -0.0400
2.5612 -1.1083 -0.0400
2.5654 -1.1347 -0.0400
2.5643 -1.1563 -0.0400
2.5613 -1.1761 -0.0400
2.5609 -1.1972 -0.0400
2.5528 -1.2127 -0.0400
2.5437 -1.2274 -0.0400
2.5337 -1.2416 -0.0400
2.5215 -1.2545 -0.0400
2.5081 -1.2668 -0.0400
2.4923 -1.2781 -0.0400
2.4593 -1.2805 -0.0400
2.4274 -1.2846 -0.0400
-0.9327 0.0533 -0.0400
-0.9249 -0.0380 -0.0400
-2.4980 -1.2678 -0.0400
-0.2994 -2.0985 -0.0400
-0.3034 -2.1638 -0.0400
-0.4125 -2.2428 -0.0400
-1.4857 -3.3650 -0.0400
-1.4420 -3.4446 -0.0400
-1.1214 -4.6028 -0.0400
-1.0419 -4.6619 -0.0400
3.0018 -2.3028 -0.0400
3.0262 -2.2868 -0.0400
3.0430 -2.2809 -0.0400
3.0590 -2.2754 -0.0400
3.0718 -2.2745 -0.0400
3.0873 -2.2681 -0.0400
3.0981 -2.2696 -0.0400
3.1087 -2.2710 -0.0400
3.1192 -2.2724 -0.0400
3.1286 -2.2757 -0.0400
3.1379 -2.2793 -0.0400
3.1472 -2.2828 -0.0400
3.1565 -2.2862 -0.0400
3.1643 -2.2932 -0.0400
3.1727 -2.2993 -0.0400
3.1811 -2.3053 -0.0400
3.1908 -2.3079 -0.0400
3.2002 -2.3116 -0.0400
3.2096 -2.3153 -0.0400
3.2186 -2.3202 -0.0400
3.2265 -2.3299 -0.0400
3.2353 -2.3373 -0.0400
3.2437 -2.3471 -0.0400
3.2519 -2.3588 -0.0400
3.2598 -2.3742 -0.0400
3.2667 -2.3988 -0.0400
2.7963 -6.0961 -0.0400
2.8703 -6.1222 -0.0400
5.1946 -4.7345 -0.0400
5.3706 -4.8972 -0.0400
5.4374 -4.8803 -0.0400
6.4118 -5.5796 -0.0400
6.5161 -5.5718 -0.0400
7.0660 -4.0195 -0.0400
7.1164 -3.9613 -0.0400
7.2429 -3.9455 -0.0400
4.7748 -1.4857 -0.0400
4.6982 -1.4771 -0.0400
6.5971 1.7749 -0.0400
6.4597 1.7456 -0.0400
6.3944 1.7954 -0.0400
6.3811 1.9085 -0.0400
5.1491 3.6338 -0.0400
5.0419 3.6243 -0.0400
4.9456 3.6474 -0.0400
3.2841 4.0502 -0.0400
3.0822 4.0063 -0.0400
2.9764 4.0690 -0.0400
2.8757 4.0437 -0.0400
2.8130 1.7949 -0.0400
2.7548 1.7609 -0.0400
2.6893 1.7689 -0.0400
2.6339 1.7255 -0.0400
2.5750 1.7021 -0.0400
2.5099 1.7052 -0.0400
2.4281 1.7691 -0.0400
2.3658 1.7533 -0.0400
2.2881 1.7883 -0.0400
1.2535 1.4926 -0.0400
1.2064 1.4405 -0.0400
1.1424 1.4138 -0.0400
-0.0130 2.8917 -0.0400
-0.0866 2.8217 -0.0400
2.5359 -1.0492 -0.0400
2.5601 -1.0948 -0.0400
2.5657 -1.1231 -0.0400
2.5659 -1.1463 -0.0400
2.5697 -1.1715 -0.0400
2.5641 -1.1891 -0.0400
2.5567 -1.2052 -0.0400
2.5481 -1.2204 -0.0400
2.5386 -1.2349 -0.0400
2.5242 -1.2463 -0.0400
2.5100 -1.2582 -0.0400
2.4932 -1.2687 -0.0400
2.4734 -1.2780 -0.0400
2.4488 -1.2853 -0.0400
2.4124 -1.2872 -0.0400
-0.9169 0.1318 -0.0400
-0.9040 0.0372 -0.0400
-0.9406 -0.0357 -0.0400
-2.4977 -1.2692 -0.0400
-0.3251 -2.0396 -0.0400
-0.3072 -2.1031 -0.0400
-0.3469 -2.1723 -0.0400
-0.4148 -2.2467 -0.0400
-1.5412 -3.2890 -0.0400
-1.4783 -3.3630 -0.0400
-1.4582 -3.4505 -0.0400
-1.2035 -4.5417 -0.0400
-1.1022 -4.5885 -0.0400
-1.0426 -4.6600 -0.0400
3.0034 -2.3026 -0.0400
3.0350 -2.2755 -0.0400
3.0509 -2.2703 -0.0400
3.0636 -2.2694 -0.0400
3.0759 -2.2687 -0.0400
3.0878 -2.2681 -0.0400
3.0984 -2.2695 -0.0400
3.1088 -2.2709 -0.0400
3.1200 -2.2705 -0.0400
3.1290 -2.2741 -0.0400
3.1381 -2.2777 -0.0400
3.1471 -2.2812 -0.0400
3.1559 -2.2852 -0.0400
3.1642 -2.2907 -0.0400
3.1723 -2.2966 -0.0400
3.1806 -2.3025 -0.0400
3.1896 -2.3066 -0.0400
3.1987 -2.3103 -0.0400
3.2077 -2.3144 -0.0400
3.2164 -2.3199 -0.0400
3.2251 -2.3261 -0.0400
3.2337 -2.3327 -0.0400
3.2421 -2.3412 -0.0400
3.2480 -2.3627 -0.0400
3.2552 -2.3812 -0.0400
2.7864 -6.0992 -0.0400
2.8618 -6.1121 -0.0400
6.3429 -5.6574 -0.0400
6.3960 -5.5866 -0.0400
7.0716 -4.0431 -0.0400
7.0955 -3.9690 -0.0400
7.1746 -3.9267 -0.0400
4.7534 -1.5016 -0.0400
4.7173 -1.4842 -0.0400
4.6160 -1.4837 -0.0400
4.5775 -1.4705 -0.0400
4.5434 -1.4572 -0.0400
6.5763 1.7354 -0.0400
6.4554 1.7242 -0.0400
6.4030 1.7888 -0.0400
6.3849 1.8962 -0.0400
5.2515 3.5993 -0.0400
5.1512 3.6138 -0.0400
5.0549 3.6393 -0.0400
4.9459 3.6206 -0.0400
3.2890 4.0551 -0.0400
3.0865 4.0123 -0.0400
2.9817 4.0574 -0.0400
2.8778 4.0703 -0.0400
2.8164 1.7751 -0.0400
2.7547 1.7619 -0.0400
2.6889 1.7706 -0.0400
2.6336 1.7257 -0.0400
2.5742 1.7036 -0.0400
2.5062 1.7182 -0.0400
2.4271 1.7705 -0.0400
2.3628 1.7613 -0.0400
1.2797 1.5748 -0.0400
1.2492 1.4944 -0.0400
1.2053 1.4372 -0.0400
1.1287 1.4284 -0.0400
-0.0004 2.8739 -0.0400
2.5629 -1.0838 -0.0400
2.5688 -1.1132 -0.0400
2.5692 -1.1371 -0.0400
2.5733 -1.1631 -0.0400
2.5677 -1.1810 -0.0400
2.5608 -1.1976 -0.0400
2.5523 -1.2129 -0.0400
2.5425 -1.2274 -0.0400
2.5303 -1.2402 -0.0400
2.5170 -1.2524 -0.0400
2.5018 -1.2637 -0.0400
2.4844 -1.2741 -0.0400
2.4451 -1.2726 -0.0400
2.3993 -1.2691 -0.0400
-0.9242 0.0417 -0.0400
-2.4926 -1.1676 -0.0400
-2.4982 -1.2706 -0.0400
-0.3669 -1.9812 -0.0400
-0.3114 -2.0428 -0.0400
-0.3011 -2.1067 -0.0400
-0.3950 -2.1814 -0.0400
-1.5660 -3.2974 -0.0400
-1.4723 -3.3618 -0.0400
-1.6182 -3.5065 -0.0400
-1.1838 -4.5283 -0.0400
-1.0831 -4.5749 -0.0400
-1.0547 -4.6661 -0.0400
3.0004 -2.2909 -0.0400
3.0219 -2.2791 -0.0400
3.0379 -2.2742 -0.0400
3.0532 -2.2695 -0.0400
3.0654 -2.2690 -0.0400
3.0807 -2.2629 -0.0400
3.0910 -2.2645 -0.0400
3.1012 -2.2661 -0.0400
3.1112 -2.2676 -0.0400
3.1208 -2.2698 -0.0400
3.1297 -2.2733 -0.0400
3.1385 -2.2768 -0.0400
3.1476 -2.2799 -0.0400
3.1557 -2.2850 -0.0400
3.1636 -2.2909 -0.0400
3.1715 -2.2968 -0.0400
3.1796 -2.3026 -0.0400
3.1890 -2.3050 -0.0400
3.1979 -2.3086 -0.0400
3.2069 -2.3122 -0.0400
3.2147 -2.3200 -0.0400
3.2230 -2.3265 -0.0400
3.2314 -2.3337 -0.0400
3.2394 -2.3432 -0.0400
3.2472 -2.3548 -0.0400
3.2547 -2.3700 -0.0400
3.2611 -2.3941 -0.0400
2.7000 -6.1014 -0.0400
2.7784 -6.0922 -0.0400
2.8446 -6.1807 -0.0400
6.3315 -5.6695 -0.0400
6.3847 -5.5988 -0.0400
6.4882 -5.5908 -0.0400
7.0467 -4.0477 -0.0400
7.0969 -3.9896 -0.0400
7.2180 -3.9711 -0.0400
4.7180 -1.4958 -0.0400
4.6922 -1.4770 -0.0400
4.5768 -1.4820 -0.0400
4.5547 -1.4654 -0.0400
4.5299 -1.4501 -0.0400
4.5184 -1.4314 -0.0400
4.5063 -1.4131 -0.0400
6.4649 1.7177 -0.0400
6.4160 1.7866 -0.0400
6.4095 1.9085 -0.0400
5.1695 3.6410 -0.0400
5.0519 3.6008 -0.0400
3.2945 4.0584 -0.0400
2.9868 4.0561 -0.0400
2.8151 1.7885 -0.0400
2.7533 1.7736 -0.0400
2.6868 1.7844 -0.0400
2.6350 1.7199 -0.0400
2.5723 1.7123 -0.0400
2.5055 1.7209 -0.0400
2.4262 1.7733 -0.0400
2.3604 1.7688 -0.0400
1.2949 1.5462 -0.0400
1.2589 1.4750 -0.0400
1.1971 1.4451 -0.0400
-0.0040 2.8791 -0.0400
2.5757 -1.1059 -0.0400
2.5752 -1.1294 -0.0400
2.5783 -1.1553 -0.0400
2.5724 -1.1731 -0.0400
2.5654 -1.1899 -0.0400
2.5568 -1.2054 -0.0400
2.5475 -1.2202 -0.0400
2.5359 -1.2334 -0.0400
2.5231 -1.2460 -0.0400
2.5089 -1.2578 -0.0400
2.4827 -1.2626 -0.0400
2.4600 -1.2702 -0.0400
2.4287 -1.2737 -0.0400
-0.8953 0.1143 -0.0400
-0.8960 0.0257 -0.0400
-2.5201 -1.1663 -0.0400
-2.4903 -1.2729 -0.0400
-0.3431 -1.9844 -0.0400
-0.3066 -2.0470 -0.0400
-0.3644 -2.1166 -0.0400
-1.5342 -3.2889 -0.0400
-1.4823 -3.3662 -0.0400
-1.1527 -4.5086 -0.0400
-1.0770 -4.5700 -0.0400
-1.0578 -4.6668 -0.0400
2.9831 -2.3002 -0.0400
3.0106 -2.2811 -0.0400
3.0274 -2.2754 -0.0400
3.0427 -2.2710 -0.0400
3.0602 -2.2625 -0.0400
3.0718 -2.2623 -0.0400
3.0830 -2.2623 -0.0400
3.0931 -2.2640 -0.0400
3.1030 -2.2656 -0.0400
3.1139 -2.2650 -0.0400
3.1226 -2.2686 -0.0400
3.1312 -2.2721 -0.0400
3.1398 -2.2756 -0.0400
3.1484 -2.2790 -0.0400
3.1566 -2.2836 -0.0400
3.1643 -2.2892 -0.0400
3.1712 -2.2973 -0.0400
3.1799 -2.3009 -0.0400
3.1887 -2.3041 -0.0400
3.1975 -2.3078 -0.0400
3.2061 -2.3118 -0.0400
3.2144 -2.3172 -0.0400
3.2226 -2.3232 -0.0400
3.2309 -2.3297 -0.0400
3.2370 -2.3462 -0.0400
3.2444 -2.3591 -0.0400
3.2512 -2.3769 -0.0400
2.7706 -6.0889 -0.0400
2.8406 -6.1421 -0.0400
3.9813 -5.2332 -0.0400
7.0449 -4.0664 -0.0400
7.0778 -3.9979 -0.0400
7.1675 -3.9620 -0.0400
4.7609 -1.4983 -0.0400
4.6969 -1.4877 -0.0400
4.6132 -1.4843 -0.0400
4.5579 -1.4761 -0.0400
4.5411 -1.4583 -0.0400
4.5214 -1.4419 -0.0400
4.5118 -1.4227 -0.0400
4.5038 -1.4030 -0.0400
4.4986 -1.3823 -0.0400
4.4992 -1.3592 -0.0400
5.2685 3.5913 -0.0400
5.1655 3.5993 -0.0400
5.0772 3.6509 -0.0400
4.9641 3.6215 -0.0400
3.1989 4.0251 -0.0400
2.9922 4.0601 -0.0400
2.8697 1.8699 -0.0400
2.8173 1.7826 -0.0400
2.7517 1.7899 -0.0400
2.6914 1.7649 -0.0400
2.6343 1.7269 -0.0400
2.5699 1.7261 -0.0400
2.4946 1.7678 -0.0400
2.4238 1.7841 -0.0400
2.3484 1.8128 -0.0400
1.2963 1.5405 -0.0400
1.2570 1.4744 -0.0400
1.1865 1.4572 -0.0400
0.0646 2.9582 -0.0400
-0.0142 2.8941 -0.0400
2.5647 -1.0559 -0.0400
2.5729 -1.0892 -0.0400
2.5840 -1.1238 -0.0400
2.5795 -1.1436 -0.0400
2.5739 -1.1623 -0.0400
2.5710 -1.1825 -0.0400
2.5620 -1.1978 -0.0400
2.5526 -1.2127 -0.0400
2.5411 -1.2261 -0.0400
2.5283 -1.2386 -0.0400
2.5147 -1.2507 -0.0400
2.4907 -1.2565 -0.0400
2.4698 -1.2649 -0.0400
2.4435 -1.2707 -0.0400
2.4020 -1.2687 -0.0400
-0.8995 0.1123 -0.0400
-2.4747 -1.1729 -0.0400
-0.3359 -1.9887 -0.0400
-0.3172 -2.0523 -0.0400
-0.3845 -2.1228 -0.0400
-1.5033 -3.2810 -0.0400
-1.4878 -3.3695 -0.0400
-1.1485 -4.5056 -0.0400
-1.0807 -4.5718 -0.0400
-1.0992 -4.6928 -0.0400
3.0013 -2.2814 -0.0400
3.0199 -2.2735 -0.0400
3.0350 -2.2697 -0.0400
3.0533 -2.2603 -0.0400
3.0647 -2.2604 -0.0400
3.0758 -2.2605 -0.0400
3.0862 -2.2614 -0.0400
3.0976 -2.2603 -0.0400
3.1072 -2.2620 -0.0400
3.1161 -2.2647 -0.0400
3.1245 -2.2682 -0.0400
3.1330 -2.2716 -0.0400
3.1416 -2.2746 -0.0400
3.1495 -2.2792 -0.0400
3.1570 -2.2846 -0.0400
3.1646 -2.2902 -0.0400
3.1722 -2.2959 -0.0400
3.1805 -2.3001 -0.0400
3.1892 -2.3029 -0.0400
3.1975 -2.3073 -0.0400
3.2056 -2.3124 -0.0400
3.2137 -2.3180 -0.0400
3.2216 -2.3244 -0.0400
3.2295 -2.3316 -0.0400
3.2371 -2.3409 -0.0400
3.2445 -2.3523 -0.0400
3.2516 -2.3671 -0.0400
2.6868 -6.0851 -0.0400
2.7617 -6.0965 -0.0400
3.9711 -5.2309 -0.0400
4.4062 -7.1305 -0.0400
7.0427 -4.0847 -0.0400
7.0888 -4.0240 -0.0400
4.8884 -1.4828 -0.0400
4.7045 -1.4981 -0.0400
4.6378 -1.4901 -0.0400
4.5839 -1.4808 -0.0400
4.5464 -1.4686 -0.0400
4.5313 -1.4506 -0.0400
4.5160 -1.4330 -0.0400
4.5078 -1.4133 -0.0400
4.5040 -1.3920 -0.0400
4.4998 -1.3707 -0.0400
4.5079 -1.3442 -0.0400
4.5116 -1.3189 -0.0400
4.5555 -1.2750 -0.0400
5.2823 3.5999 -0.0400
5.1733 3.5914 -0.0400
5.0681 3.5897 -0.0400
3.4102 4.0725 -0.0400
3.2052 4.0280 -0.0400
3.1011 4.0664 -0.0400
2.8737 1.8562 -0.0400
2.8197 1.7789 -0.0400
2.7513 1.8025 -0.0400
2.6942 1.7581 -0.0400
2.6360 1.7254 -0.0400
2.5668 1.7449 -0.0400
2.4886 1.7973 -0.0400
2.4260 1.7794 -0.0400
1.3069 1.5207 -0.0400
1.2558 1.4733 -0.0400
1.1811 1.4624 -0.0400
0.0677 2.9555 -0.0400
-0.0071 2.8857 -0.0400
2.5763 -1.0771 -0.0400
2.5877 -1.1130 -0.0400
2.5829 -1.1331 -0.0400
2.5822 -1.1562 -0.0400
2.5748 -1.1732 -0.0400
2.5680 -1.1904 -0.0400
2.5579 -1.2049 -0.0400
2.5473 -1.2190 -0.0400
2.5332 -1.2306 -0.0400
2.5195 -1.2427 -0.0400
2.4966 -1.2489 -0.0400
2.4766 -1.2576 -0.0400
2.4523 -1.2641 -0.0400
2.4188 -1.2661 -0.0400
-0.8670 0.1837 -0.0400
-0.8673 0.0940 -0.0400
-2.4771 -1.1745 -0.0400
-0.3392 -1.9288 -0.0400
-0.3087 -1.9922 -0.0400
-0.3188 -2.0572 -0.0400
-0.3889 -2.1278 -0.0400
-1.6068 -3.2198 -0.0400
-1.5116 -3.2854 -0.0400
-1.6309 -3.4172 -0.0400
-1.1357 -4.4981 -0.0400
-1.0831 -4.5732 -0.0400
-1.1159 -4.7033 -0.0400
2.9799 -2.2982 -0.0400
3.0072 -2.2798 -0.0400
3.0305 -2.2652 -0.0400
3.0445 -2.2621 -0.0400
3.0595 -2.2571 -0.0400
3.0704 -2.2575 -0.0400
3.0809 -2.2581 -0.0400
3.0920 -2.2573 -0.0400
3.1013 -2.2592 -0.0400
3.1105 -2.2611 -0.0400
3.1189 -2.2645 -0.0400
3.1274 -2.2673 -0.0400
3.1356 -2.2708 -0.0400
3.1437 -2.2742 -0.0400
3.1514 -2.2789 -0.0400
3.1587 -2.2842 -0.0400
3.1653 -2.2918 -0.0400
3.1732 -2.2963 -0.0400
3.1818 -2.2991 -0.0400
3.1901 -2.3026 -0.0400
3.1984 -2.3061 -0.0400
3.2064 -2.3108 -0.0400
3.2143 -2.3160 -0.0400
3.2210 -2.3262 -0.0400
3.2284 -2.3347 -0.0400
3.2356 -2.3451 -0.0400
3.2426 -2.3579 -0.0400
3.2490 -2.3760 -0.0400
2.6734 -6.1252 -0.0400
2.7562 -6.0848 -0.0400
3.9637 -5.2415 -0.0400
4.3972 -7.1480 -0.0400
7.0158 -4.0875 -0.0400
7.0724 -4.0336 -0.0400
7.1952 -4.0167 -0.0400
4.7589 -1.5235 -0.0400
4.7191 -1.5070 -0.0400
4.6936 -1.4882 -0.0400
4.6012 -1.4883 -0.0400
4.5539 -1.4785 -0.0400
4.5371 -1.4609 -0.0400
4.5248 -1.4422 -0.0400
4.5124 -1.4237 -0.0400
4.5057 -1.4033 -0.0400
4.5048 -1.3807 -0.0400
4.5044 -1.3576 -0.0400
4.5203 -1.3271 -0.0400
4.5336 -1.2969 -0.0400
5.2914 3.5933 -0.0400
5.1817 3.5832 -0.0400
5.0845 3.6074 -0.0400
4.9871 3.6299 -0.0400
3.4177 4.0765 -0.0400
3.3146 4.0491 -0.0400
3.2118 4.0470 -0.0400
3.1065 4.1013 -0.0400
3.0036 4.0836 -0.0400
2.8844 1.7948 -0.0400
2.8219 1.7808 -0.0400
2.7529 1.8066 -0.0400
2.6961 1.7590 -0.0400
2.6358 1.7352 -0.0400
2.5657 1.7579 -0.0400
2.4903 1.7971 -0.0400
2.4260 1.7851 -0.0400
1.3081 1.5169 -0.0400
1.2525 1.4764 -0.0400
1.1609 1.4906 -0.0400
0.0843 2.9339 -0.0400
2.5700 -1.0544 -0.0400
2.5868 -1.0969 -0.0400
2.5899 -1.1249 -0.0400
2.5834 -1.1434 -0.0400
2.5803 -1.1645 -0.0400
2.5734 -1.1819 -0.0400
2.5633 -1.1966 -0.0400
2.5526 -1.2107 -0.0400
2.5400 -1.2234 -0.0400
2.5234 -1.2334 -0.0400
2.5076 -1.2443 -0.0400
2.4903 -1.2545 -0.0400
2.4569 -1.2548 -0.0400
2.4252 -1.2573 -0.0400
-0.8661 0.1797 -0.0400
-0.8677 0.0906 -0.0400
-2.4813 -1.0723 -0.0400
-2.5018 -1.1736 -0.0400
-0.3468 -1.9340 -0.0400
-0.3091 -1.9972 -0.0400
-0.3172 -2.0621 -0.0400
-1.5582 -3.2082 -0.0400
-1.5059 -3.2858 -0.0400
-1.2184 -4.4405 -0.0400
-1.1289 -4.4945 -0.0400
-1.1172 -4.5947 -0.0400
3.0093 -2.2679 -0.0400
3.0234 -2.2656 -0.0400
3.0425 -2.2558 -0.0400
3.0533 -2.2567 -0.0400
3.0639 -2.2574 -0.0400
3.0770 -2.2541 -0.0400
3.0862 -2.2563 -0.0400
3.0968 -2.2559 -0.0400
3.1058 -2.2579 -0.0400
3.1141 -2.2609 -0.0400
3.1225 -2.2638 -0.0400
3.1304 -2.2673 -0.0400
3.1384 -2.2707 -0.0400
3.1462 -2.2745 -0.0400
3.1528 -2.2809 -0.0400
3.1600 -2.2863 -0.0400
3.1673 -2.2917 -0.0400
3.1751 -2.2957 -0.0400
3.1835 -2.2985 -0.0400
3.1914 -2.3026 -0.0400
3.1992 -2.3072 -0.0400
3.2068 -2.3123 -0.0400
3.2144 -2.3181 -0.0400
3.2221 -2.3242 -0.0400
3.2294 -2.3321 -0.0400
3.2365 -2.3417 -0.0400
3.2406 -2.3665 -0.0400
3.2452 -2.3932 -0.0400
2.6748 -6.0757 -0.0400
2.7473 -6.1006 -0.0400
3.8940 -5.2447 -0.0400
3.9545 -5.2387 -0.0400
4.3855 -7.1495 -0.0400
7.0058 -4.1005 -0.0400
7.0624 -4.0466 -0.0400
7.1811 -4.0277 -0.0400
7.7087 -0.9828 -0.0400
4.8957 -1.5068 -0.0400
4.7410 -1.5145 -0.0400
4.7060 -1.4976 -0.0400
4.5897 -1.5038 -0.0400
4.5643 -1.4878 -0.0400
4.5461 -1.4704 -0.0400
4.5314 -1.4523 -0.0400
4.5172 -1.4343 -0.0400
4.5097 -1.4141 -0.0400
4.5048 -1.3930 -0.0400
4.5083 -1.3683 -0.0400
4.5108 -1.3435 -0.0400
4.5418 -1.3056 -0.0400
5.2995 3.5825 -0.0400
5.2016 3.6075 -0.0400
5.0882 3.5832 -0.0400
3.4256 4.0668 -0.0400
3.2196 4.0351 -0.0400
3.1151 4.0756 -0.0400
2.8865 1.8027 -0.0400
2.8248 1.7814 -0.0400
2.7607 1.7766 -0.0400
2.7019 1.7419 -0.0400
2.6378 1.7374 -0.0400
2.5672 1.7617 -0.0400
2.4920 1.7991 -0.0400
2.4101 1.8554 -0.0400
1.3423 1.5934 -0.0400
1.3113 1.5106 -0.0400
1.2420 1.4918 -0.0400
1.1551 1.4982 -0.0400
0.0862 2.9344 -0.0400
2.5768 -1.0431 -0.0400
2.5920 -1.0854 -0.0400
2.5947 -1.1138 -0.0400
2.5879 -1.1325 -0.0400
2.5844 -1.1538 -0.0400
2.5785 -1.1725 -0.0400
2.5695 -1.1882 -0.0400
2.5588 -1.2025 -0.0400
2.5461 -1.2153 -0.0400
2.5305 -1.2259 -0.0400
2.5153 -1.2372 -0.0400
2.4918 -1.2429 -0.0400
2.4716 -1.2515 -0.0400
2.4235 -1.2429 -0.0400
0.6841 -0.1991 -0.0400
-0.8818 0.2756 -0.0400
-0.8621 0.1744 -0.0400
-0.8678 0.0871 -0.0400
-2.4672 -1.0760 -0.0400
-0.3648 -1.8745 -0.0400
-0.3135 -1.9382 -0.0400
-0.3168 -2.0026 -0.0400
-0.3861 -2.0714 -0.0400
-1.5446 -3.2068 -0.0400
-1.6568 -3.3333 -0.0400
-1.2002 -4.4311 -0.0400
-1.1361 -4.4997 -0.0400
-1.1137 -4.5933 -0.0400
2.9973 -2.2751 -0.0400
3.0208 -2.2613 -0.0400
3.0340 -2.2596 -0.0400
3.0497 -2.2540 -0.0400
3.0628 -2.2511 -0.0400
3.0728 -2.2522 -0.0400
3.0835 -2.2519 -0.0400
3.0923 -2.2542 -0.0400
3.1011 -2.2564 -0.0400
3.1105 -2.2574 -0.0400
3.1182 -2.2609 -0.0400
3.1263 -2.2639 -0.0400
3.1341 -2.2673 -0.0400
3.1418 -2.2708 -0.0400
3.1484 -2.2767 -0.0400
3.1554 -2.2819 -0.0400
3.1624 -2.2871 -0.0400
3.1695 -2.2923 -0.0400
3.1776 -2.2953 -0.0400
3.1855 -2.2988 -0.0400
3.1934 -2.3022 -0.0400
3.2010 -2.3069 -0.0400
3.2085 -2.3118 -0.0400
3.2149 -2.3209 -0.0400
3.2220 -2.3285 -0.0400
3.2289 -2.3376 -0.0400
3.2356 -2.3484 -0.0400
3.2420 -2.3623 -0.0400
3.2475 -2.3830 -0.0400
2.6697 -6.0710 -0.0400
2.7319 -6.1656 -0.0400
3.8873 -5.2528 -0.0400
3.9455 -5.2340 -0.0400
4.3719 -7.1378 -0.0400
7.0097 -4.2118 -0.0400
7.0030 -4.1176 -0.0400
7.0592 -4.0636 -0.0400
7.1893 -4.0514 -0.0400
7.7727 -1.0618 -0.0400
7.6842 -0.9991 -0.0400
4.7396 -1.5488 -0.0400
4.7100 -1.5302 -0.0400
4.6243 -1.5266 -0.0400
4.5864 -1.5130 -0.0400
4.5631 -1.4965 -0.0400
4.5396 -1.4807 -0.0400
4.5291 -1.4613 -0.0400
4.5212 -1.4412 -0.0400
4.5156 -1.4203 -0.0400
4.5182 -1.3961 -0.0400
4.5210 -1.3715 -0.0400
4.5274 -1.3448 -0.0400
7.5180 0.6671 -0.0400
7.3972 0.6918 -0.0400
5.3936 3.5239 -0.0400
5.3003 3.5614 -0.0400
5.1902 3.5500 -0.0400
3.6395 4.0905 -0.0400
3.4309 4.0412 -0.0400
3.3277 4.0847 -0.0400
3.2238 4.0884 -0.0400
3.0152 1.8355 -0.0400
2.9537 1.8027 -0.0400
2.8879 1.8111 -0.0400
2.8240 1.8026 -0.0400
2.7654 1.7614 -0.0400
2.7020 1.7524 -0.0400
2.6205 1.8340 -0.0400
2.5553 1.8245 -0.0400
2.4760 1.8746 -0.0400
1.4068 1.6212 -0.0400
1.3687 1.5485 -0.0400
1.2880 1.5488 -0.0400
0.1557 3.0158 -0.0400
2.5970 -1.0420 -0.0400
2.6115 -1.0844 -0.0400
2.6087 -1.1078 -0.0400
2.6037 -1.1284 -0.0400
2.5969 -1.1469 -0.0400
2.5874 -1.1625 -0.0400
2.5762 -1.1766 -0.0400
2.5646 -1.1903 -0.0400
2.5497 -1.2014 -0.0400
2.5319 -1.2104 -0.0400
2.5163 -1.2215 -0.0400
2.4903 -1.2254 -0.0400
2.4508 -1.2208 -0.0400
0.7539 -0.1174 -0.0400
-0.8042 0.3266 -0.0400
-0.8096 0.2375 -0.0400
-2.4495 -0.9759 -0.0400
-2.5861 -1.0615 -0.0400
-0.3182 -1.8774 -0.0400
-0.3151 -1.9417 -0.0400
-1.5620 -3.1211 -0.0400
-1.2413 -4.3499 -0.0400
-1.1888 -4.4254 -0.0400
-1.1968 -4.5365 -0.0400
2.9878 -2.2619 -0.0400
3.0106 -2.2501 -0.0400
3.0285 -2.2429 -0.0400
3.0391 -2.2440 -0.0400
3.0518 -2.2421 -0.0400
3.0641 -2.2401 -0.0400
3.0727 -2.2428 -0.0400
3.0828 -2.2433 -0.0400
3.0926 -2.2438 -0.0400
3.1005 -2.2469 -0.0400
3.1085 -2.2499 -0.0400
3.1159 -2.2535 -0.0400
3.1234 -2.2571 -0.0400
3.1310 -2.2605 -0.0400
3.1380 -2.2650 -0.0400
3.1441 -2.2713 -0.0400
3.1509 -2.2765 -0.0400
3.1578 -2.2817 -0.0400
3.1654 -2.2853 -0.0400
3.1730 -2.2888 -0.0400
3.1806 -2.2924 -0.0400
3.1882 -2.2962 -0.0400
3.1947 -2.3032 -0.0400
3.2017 -2.3090 -0.0400
3.2088 -2.3149 -0.0400
3.2156 -2.3226 -0.0400
3.2222 -2.3315 -0.0400
3.2259 -2.3529 -0.0400
3.2308 -2.3719 -0.0400
2.5936 -6.0513 -0.0400
2.6605 -6.1056 -0.0400
3.8205 -5.2457 -0.0400
4.1766 -7.1559 -0.0400
6.9469 -4.1835 -0.0400
6.9936 -4.1242 -0.0400
7.7201 -1.0886 -0.0400
4.9346 -1.5491 -0.0400
4.7725 -1.5546 -0.0400
4.7306 -1.5383 -0.0400
4.7039 -1.5195 -0.0400
4.5850 -1.5261 -0.0400
4.5639 -1.5090 -0.0400
4.5477 -1.4909 -0.0400
4.5353 -1.4720 -0.0400
4.5260 -1.4522 -0.0400
4.5219 -1.4307 -0.0400
4.5191 -1.4085 -0.0400
4.5203 -1.3845 -0.0400
4.5255 -1.3584 -0.0400
7.4791 0.6245 -0.0400
7.4085 0.6797 -0.0400
7.3650 0.7512 -0.0400
7.3464 0.8396 -0.0400
5.5075 3.5044 -0.0400
5.4043 3.5172 -0.0400
5.3103 3.5534 -0.0400
5.2016 3.5466 -0.0400
3.5441 4.0722 -0.0400
3.4398 4.0438 -0.0400
3.2323 4.0935 -0.0400
3.0149 1.8883 -0.0400
2.9575 1.8074 -0.0400
2.8890 1.8354 -0.0400
2.8314 1.7785 -0.0400
2.7691 1.7614 -0.0400
2.7016 1.7744 -0.0400
2.6229 1.8396 -0.0400
2.5591 1.8227 -0.0400
2.4843 1.8532 -0.0400
1.4621 1.6669 -0.0400
1.4228 1.5939 -0.0400
1.3685 1.5498 -0.0400
1.2842 1.5557 -0.0400
2.6008 -1.0258 -0.0400
2.6118 -1.0662 -0.0400
2.6117 -1.0932 -0.0400
2.6075 -1.1152 -0.0400
2.6011 -1.1346 -0.0400
2.5941 -1.1529 -0.0400
2.5834 -1.1677 -0.0400
2.5715 -1.1813 -0.0400
2.5569 -1.1927 -0.0400
2.5402 -1.2026 -0.0400
2.5249 -1.2139 -0.0400
2.5026 -1.2201 -0.0400
2.4724 -1.2213 -0.0400
2.4126 -1.2031 -0.0400
0.7488 -0.1191 -0.0400
-0.7888 0.3158 -0.0400
-0.8002 0.2299 -0.0400
-2.4359 -0.8758 -0.0400
-2.5378 -0.9644 -0.0400
-0.3245 -1.8182 -0.0400
-0.3131 -1.8826 -0.0400
-0.3463 -1.9476 -0.0400
-0.4770 -2.0180 -0.0400
-1.5886 -3.0389 -0.0400
-1.5625 -3.1240 -0.0400
-1.2938 -4.2757 -0.0400
-1.2252 -4.3429 -0.0400
-1.1895 -4.4275 -0.0400
2.9861 -2.2586 -0.0400
3.0078 -2.2486 -0.0400
3.0248 -2.2427 -0.0400
3.0385 -2.2400 -0.0400
3.0505 -2.2390 -0.0400
3.0623 -2.2377 -0.0400
3.0721 -2.2387 -0.0400
3.0803 -2.2416 -0.0400
3.0898 -2.2424 -0.0400
3.0985 -2.2440 -0.0400
3.1058 -2.2477 -0.0400
3.1135 -2.2508 -0.0400
3.1210 -2.2540 -0.0400
3.1283 -2.2576 -0.0400
3.1348 -2.2625 -0.0400
3.1414 -2.2675 -0.0400
3.1480 -2.2724 -0.0400
3.1540 -2.2789 -0.0400
3.1612 -2.2828 -0.0400
3.1689 -2.2859 -0.0400
3.1763 -2.2894 -0.0400
3.1837 -2.2929 -0.0400
3.1901 -2.2993 -0.0400
3.1971 -2.3046 -0.0400
3.2040 -2.3102 -0.0400
3.2109 -2.3164 -0.0400
3.2155 -2.3305 -0.0400
3.2217 -2.3410 -0.0400
3.2274 -2.3541 -0.0400
3.2322 -2.3727 -0.0400
2.5152 -6.0392 -0.0400
2.5868 -6.0627 -0.0400
3.8141 -5.2488 -0.0400
3.8750 -5.2506 -0.0400
6.9376 -4.1959 -0.0400
7.0072 -4.1512 -0.0400
7.1298 -4.1371 -0.0400
7.7809 -1.0956 -0.0400
7.6906 -1.0329 -0.0400
4.7694 -1.5683 -0.0400
4.7290 -1.5516 -0.0400
4.7046 -1.5323 -0.0400
4.6095 -1.5324 -0.0400
4.5795 -1.5173 -0.0400
4.5595 -1.5001 -0.0400
4.5384 -1.4838 -0.0400
4.5303 -1.4636 -0.0400
4.5239 -1.4428 -0.0400
4.5206 -1.4208 -0.0400
4.5187 -1.3980 -0.0400
4.5393 -1.3655 -0.0400
4.5610 -1.3313 -0.0400
7.5201 0.6297 -0.0400
7.4120 0.6624 -0.0400
7.3699 0.7348 -0.0400
7.4091 0.8621 -0.0400
5.5211 3.5029 -0.0400
5.4135 3.5053 -0.0400
5.3249 3.5561 -0.0400
3.6580 4.0747 -0.0400
3.4493 4.0426 -0.0400
3.2417 4.0853 -0.0400
3.0255 1.8275 -0.0400
2.9625 1.8067 -0.0400
2.8941 1.8322 -0.0400
2.8340 1.7919 -0.0400
2.7734 1.7616 -0.0400
2.6941 1.8397 -0.0400
2.6276 1.8365 -0.0400
2.5571 1.8503 -0.0400
1.4280 1.5869 -0.0400
1.3665 1.5551 -0.0400
0.2541 3.0626 -0.0400
2.6095 -1.0431 -0.0400
2.6158 -1.0782 -0.0400
2.6136 -1.1031 -0.0400
2.6084 -1.1241 -0.0400
2.6005 -1.1421 -0.0400
2.5903 -1.1576 -0.0400
2.5790 -1.1719 -0.0400
2.5660 -1.1848 -0.0400
2.5495 -1.1948 -0.0400
2.5312 -1.2037 -0.0400
2.5097 -1.2104 -0.0400
2.4821 -1.2132 -0.0400
2.4397 -1.2062 -0.0400
0.7786 -0.0778 -0.0400
0.7331 -0.1133 -0.0400
-0.7769 0.4002 -0.0400
-0.7890 0.3134 -0.0400
-0.8242 0.2393 -0.0400
-2.4396 -0.8768 -0.0400
-2.4810 -0.9746 -0.0400
-0.3344 -1.8233 -0.0400
-0.3340 -1.8879 -0.0400
-0.4205 -1.9545 -0.0400
-1.5961 -3.0436 -0.0400
-1.5596 -3.1262 -0.0400
-1.3591 -4.3116 -0.0400
-1.2284 -4.3466 -0.0400
-1.2200 -4.4466 -0.0400
2.9812 -2.2599 -0.0400
3.0058 -2.2472 -0.0400
3.0269 -2.2370 -0.0400
3.0388 -2.2364 -0.0400
3.0500 -2.2362 -0.0400
3.0611 -2.2358 -0.0400
3.0705 -2.2371 -0.0400
3.0797 -2.2385 -0.0400
3.0888 -2.2397 -0.0400
3.0971 -2.2418 -0.0400
3.1046 -2.2449 -0.0400
3.1116 -2.2487 -0.0400
3.1190 -2.2519 -0.0400
3.1263 -2.2552 -0.0400
3.1329 -2.2595 -0.0400
3.1390 -2.2648 -0.0400
3.1449 -2.2708 -0.0400
3.1514 -2.2757 -0.0400
3.1583 -2.2798 -0.0400
3.1656 -2.2831 -0.0400
3.1729 -2.2865 -0.0400
3.1800 -2.2903 -0.0400
3.1869 -2.2949 -0.0400
3.1930 -2.3015 -0.0400
3.1997 -2.3069 -0.0400
3.2065 -2.3124 -0.0400
3.2113 -2.3248 -0.0400
3.2174 -2.3337 -0.0400
3.2233 -2.3446 -0.0400
3.2287 -2.3582 -0.0400
2.5107 -6.0419 -0.0400
2.5845 -6.0525 -0.0400
2.6430 -6.1550 -0.0400
3.7505 -5.2721 -0.0400
3.8077 -5.2473 -0.0400
4.1597 -7.1713 -0.0400
4.9399 -4.8869 -0.0400
4.9847 -4.8445 -0.0400
5.0428 -4.8264 -0.0400
4.9120 -1.5517 -0.0400
4.7627 -1.5570 -0.0400
4.7233 -1.5407 -0.0400
4.6100 -1.5452 -0.0400
4.5813 -1.5297 -0.0400
4.5621 -1.5123 -0.0400
4.5473 -1.4939 -0.0400
4.5355 -1.4748 -0.0400
4.5275 -1.4545 -0.0400
4.5267 -1.4315 -0.0400
4.5267 -1.4079 -0.0400
4.5320 -1.3817 -0.0400
4.5445 -1.3518 -0.0400
7.5132 0.6058 -0.0400
7.4310 0.6545 -0.0400
7.3859 0.7252 -0.0400
7.3754 0.8193 -0.0400
3.5635 4.0560 -0.0400
3.4597 4.0601 -0.0400
3.3558 4.1163 -0.0400
3.2510 4.1111 -0.0400
3.0322 1.8155 -0.0400
2.9665 1.8202 -0.0400
2.9005 1.8238 -0.0400
2.8410 1.7784 -0.0400
2.7769 1.7701 -0.0400
2.7065 1.7970 -0.0400
2.6317 1.8396 -0.0400
2.5645 1.8374 -0.0400
1.4529 1.6911 -0.0400
1.4297 1.5874 -0.0400
1.3626 1.5647 -0.0400
1.2713 1.5813 -0.0400
0.2555 3.0679 -0.0400
2.6024 -1.0125 -0.0400
2.6203 -1.0621 -0.0400
2.6208 -1.0908 -0.0400
2.6123 -1.1091 -0.0400
2.6067 -1.1299 -0.0400
2.5977 -1.1470 -0.0400
2.5868 -1.1620 -0.0400
2.5740 -1.1752 -0.0400
2.5591 -1.1866 -0.0400
2.5423 -1.1966 -0.0400
2.5233 -1.2052 -0.0400
2.5012 -1.2117 -0.0400
2.4612 -1.2054 -0.0400
0.8042 -0.0327 -0.0400
0.7735 -0.0784 -0.0400
-0.7610 0.3894 -0.0400
-0.7784 0.3056 -0.0400
-0.8393 0.2447 -0.0400
-2.4386 -0.8785 -0.0400
-0.3439 -1.7635 -0.0400
-0.3117 -1.8287 -0.0400
-0.3249 -1.8929 -0.0400
-0.4002 -1.9590 -0.0400
-1.6341 -2.9638 -0.0400
-1.5789 -3.0426 -0.0400
-1.6983 -3.1646 -0.0400
-1.2720 -4.2688 -0.0400
-1.2378 -4.3539 -0.0400
2.9935 -2.2444 -0.0400
3.0065 -2.2438 -0.0400
3.0246 -2.2372 -0.0400
3.0379 -2.2353 -0.0400
3.0495 -2.2346 -0.0400
3.0607 -2.2341 -0.0400
3.0711 -2.2340 -0.0400
3.0798 -2.2358 -0.0400
3.0885 -2.2375 -0.0400
3.0963 -2.2400 -0.0400
3.1036 -2.2432 -0.0400
3.1108 -2.2465 -0.0400
3.1180 -2.2497 -0.0400
3.1250 -2.2532 -0.0400
3.1312 -2.2578 -0.0400
3.1375 -2.2624 -0.0400
3.1434 -2.2679 -0.0400
3.1492 -2.2737 -0.0400
3.1556 -2.2783 -0.0400
3.1632 -2.2808 -0.0400
3.1701 -2.2844 -0.0400
3.1772 -2.2878 -0.0400
3.1835 -2.2932 -0.0400
3.1902 -2.2977 -0.0400
3.1968 -2.3026 -0.0400
3.2025 -2.3104 -0.0400
3.2088 -2.3171 -0.0400
3.2132 -2.3301 -0.0400
3.2189 -2.3400 -0.0400
3.2244 -2.3518 -0.0400
2.5075 -6.0407 -0.0400
2.5679 -6.1232 -0.0400
3.8020 -5.2460 -0.0400
3.8644 -5.2616 -0.0400
4.8919 -4.9447 -0.0400
4.9300 -4.8880 -0.0400
4.9763 -4.8487 -0.0400
5.0374 -4.8363 -0.0400
5.2215 -5.0306 -0.0400
4.7024 -1.5340 -0.0400
4.6060 -1.5358 -0.0400
4.5779 -1.5206 -0.0400
4.5510 -1.5058 -0.0400
4.5396 -1.4865 -0.0400
4.5319 -1.4660 -0.0400
4.5267 -1.4447 -0.0400
4.5245 -1.4220 -0.0400
4.5255 -1.3978 -0.0400
4.5578 -1.3594 -0.0400
7.5215 0.5907 -0.0400
7.4392 0.6395 -0.0400
7.3996 0.7139 -0.0400
7.4005 0.8157 -0.0400
3.6792 4.0662 -0.0400
3.4701 4.0434 -0.0400
3.0376 1.8250 -0.0400
2.9734 1.8116 -0.0400
2.9028 1.8535 -0.0400
2.8470 1.7765 -0.0400
2.7801 1.7846 -0.0400
2.7006 1.8615 -0.0400
2.6364 1.8426 -0.0400
2.5611 1.8773 -0.0400
1.4876 1.6311 -0.0400
1.4308 1.5897 -0.0400
1.3600 1.5733 -0.0400
2.6116 -1.0292 -0.0400
2.6230 -1.0715 -0.0400
2.6220 -1.0986 -0.0400
2.6129 -1.1164 -0.0400
2.6056 -1.1356 -0.0400
2.5951 -1.1514 -0.0400
2.5828 -1.1653 -0.0400
2.5688 -1.1776 -0.0400
2.5528 -1.1883 -0.0400
2.5336 -1.1966 -0.0400
2.5110 -1.2025 -0.0400
2.4830 -1.2048 -0.0400
2.4424 -1.1986 -0.0400
0.8043 -0.0363 -0.0400
0.7714 -0.0807 -0.0400
-0.7657 0.3903 -0.0400
-0.7644 0.2964 -0.0400
-2.4581 -0.8765 -0.0400
-0.3525 -1.7682 -0.0400
-0.3205 -1.8336 -0.0400
-0.3927 -1.8982 -0.0400
-1.5784 -3.0456 -0.0400
-1.3403 -4.2034 -0.0400
-1.2712 -4.2709 -0.0400
-1.2442 -4.3599 -0.0400
2.9960 -2.2403 -0.0400
3.0097 -2.2390 -0.0400
3.0281 -2.2324 -0.0400
3.0409 -2.2308 -0.0400
3.0529 -2.2296 -0.0400
3.0614 -2.2321 -0.0400
3.0707 -2.2333 -0.0400
3.0797 -2.2347 -0.0400
3.0885 -2.2361 -0.0400
3.0962 -2.2387 -0.0400
3.1037 -2.2413 -0.0400
3.1107 -2.2447 -0.0400
3.1176 -2.2480 -0.0400
3.1243 -2.2516 -0.0400
3.1305 -2.2561 -0.0400
3.1363 -2.2611 -0.0400
3.1421 -2.2664 -0.0400
3.1478 -2.2718 -0.0400
3.1544 -2.2757 -0.0400
3.1615 -2.2788 -0.0400
3.1683 -2.2823 -0.0400
3.1751 -2.2858 -0.0400
3.1817 -2.2900 -0.0400
3.1877 -2.2955 -0.0400
3.1935 -2.3021 -0.0400
3.2000 -2.3070 -0.0400
3.2048 -2.3167 -0.0400
3.2108 -2.3241 -0.0400
3.2168 -2.3319 -0.0400
3.2199 -2.3501 -0.0400
3.2245 -2.3648 -0.0400
2.5062 -6.0336 -0.0400
2.5645 -6.1245 -0.0400
3.7392 -5.2627 -0.0400
3.7974 -5.2495 -0.0400
4.1453 -7.1885 -0.0400
4.8879 -4.9558 -0.0400
4.9233 -4.8937 -0.0400
4.9683 -4.8524 -0.0400
5.1384 -5.0331 -0.0400
5.2177 -5.0431 -0.0400
6.0783 -5.8421 -0.0400
6.1324 -5.7733 -0.0400
4.5566 -1.4983 -0.0400
4.5419 -1.4802 -0.0400
4.5302 -1.4611 -0.0400
4.5249 -1.4397 -0.0400
4.5227 -1.4169 -0.0400
4.5244 -1.3921 -0.0400
4.5328 -1.3638 -0.0400
4.5540 -1.3286 -0.0400
7.5004 0.6502 -0.0400
7.3974 0.6852 -0.0400
7.3650 0.7644 -0.0400
7.3673 0.8684 -0.0400
6.7127 1.5317 -0.0400
6.6362 1.5730 -0.0400
6.5900 1.6464 -0.0400
3.5902 4.0682 -0.0400
3.4850 4.0375 -0.0400
3.2765 4.0860 -0.0400
3.0455 1.8410 -0.0400
2.9828 1.8081 -0.0400
2.9158 1.8186 -0.0400
2.8513 1.8067 -0.0400
2.7911 1.7670 -0.0400
2.7258 1.7635 -0.0400
2.6531 1.7970 -0.0400
2.5757 1.8450 -0.0400
1.4602 1.6914 -0.0400
1.4302 1.5985 -0.0400
1.3744 1.5553 -0.0400
1.3027 1.5394 -0.0400
0.2643 3.0750 -0.0400
2.6123 -1.0372 -0.0400
2.6134 -1.0684 -0.0400
2.6089 -1.0923 -0.0400
2.6082 -1.1194 -0.0400
2.5993 -1.1374 -0.0400
2.5913 -1.1558 -0.0400
2.5801 -1.1711 -0.0400
2.5672 -1.1846 -0.0400
2.5514 -1.1957 -0.0400
2.5325 -1.2044 -0.0400
2.5157 -1.2151 -0.0400
2.4901 -1.2193 -0.0400
2.4552 -1.2171 -0.0400
0.7814 -0.0238 -0.0400
0.7750 -0.0874 -0.0400
0.7135 -0.1126 -0.0400
-0.7873 0.4008 -0.0400
-0.7759 0.3006 -0.0400
-0.8139 0.2279 -0.0400
-2.4248 -0.8838 -0.0400
-2.5351 -0.9705 -0.0400
-0.3515 -1.7746 -0.0400
-0.3126 -1.8403 -0.0400
-0.3185 -1.9046 -0.0400
-0.3869 -1.9703 -0.0400
-1.5830 -3.0508 -0.0400
-1.5680 -3.1386 -0.0400
-1.3004 -4.2896 -0.0400
-1.2299 -4.3559 -0.0400
-1.2030 -4.4452 -0.0400
2.9729 -2.2651 -0.0400
3.0009 -2.2509 -0.0400
3.0239 -2.2402 -0.0400
3.0354 -2.2403 -0.0400
3.0490 -2.2377 -0.0400
3.0616 -2.2357 -0.0400
3.0695 -2.2386 -0.0400
3.0791 -2.2393 -0.0400
3.0883 -2.2401 -0.0400
3.0966 -2.2418 -0.0400
3.1033 -2.2455 -0.0400
3.1104 -2.2485 -0.0400
3.1175 -2.2515 -0.0400
3.1244 -2.2545 -0.0400
3.1310 -2.2580 -0.0400
3.1370 -2.2625 -0.0400
3.1428 -2.2674 -0.0400
3.1485 -2.2723 -0.0400
3.1543 -2.2773 -0.0400
3.1608 -2.2812 -0.0400
3.1678 -2.2841 -0.0400
3.1745 -2.2874 -0.0400
3.1812 -2.2907 -0.0400
3.1873 -2.2957 -0.0400
3.1938 -2.2997 -0.0400
3.1996 -2.3054 -0.0400
3.2053 -2.3119 -0.0400
3.2114 -2.3177 -0.0400
3.2162 -2.3276 -0.0400
3.2204 -2.3405 -0.0400
3.2260 -2.3498 -0.0400
3.2275 -2.3749 -0.0400
2.4943 -6.0770 -0.0400
2.5738 -6.0584 -0.0400
3.7974 -5.2944 -0.0400
4.1314 -7.1621 -0.0400
4.9706 -4.8795 -0.0400
5.0188 -4.8443 -0.0400
5.1838 -5.0088 -0.0400
5.2614 -5.0149 -0.0400
6.1314 -5.7984 -0.0400
6.1896 -5.7363 -0.0400
4.5334 -1.4688 -0.0400
4.5288 -1.4471 -0.0400
4.5268 -1.4242 -0.0400
4.5484 -1.3907 -0.0400
4.5753 -1.3535 -0.0400
7.6276 0.5131 -0.0400
7.5114 0.5442 -0.0400
7.4500 0.6054 -0.0400
7.4143 0.6822 -0.0400
7.4114 0.7814 -0.0400
6.7941 1.4787 -0.0400
6.7054 1.5087 -0.0400
6.6584 1.5807 -0.0400
3.5970 4.0355 -0.0400
3.4937 4.0722 -0.0400
3.1131 1.8925 -0.0400
3.0521 1.8216 -0.0400
2.9866 1.8184 -0.0400
2.9231 1.7968 -0.0400
2.8593 1.7815 -0.0400
2.7908 1.7985 -0.0400
2.7133 1.8618 -0.0400
2.6474 1.8497 -0.0400
1.4892 1.6418 -0.0400
1.4261 1.6107 -0.0400
0.3502 3.1388 -0.0400
2.6179 -1.0156 -0.0400
2.6328 -1.0639 -0.0400
2.6260 -1.0857 -0.0400
2.6227 -1.1105 -0.0400
2.6118 -1.1267 -0.0400
2.6003 -1.1419 -0.0400
2.5885 -1.1569 -0.0400
2.5743 -1.1694 -0.0400
2.5572 -1.1794 -0.0400
2.5355 -1.1858 -0.0400
2.5166 -1.1950 -0.0400
2.4845 -1.1938 -0.0400
2.4183 -1.1670 -0.0400
0.8154 0.0190 -0.0400
0.8022 -0.0405 -0.0400
-0.7402 0.4691 -0.0400
-0.7403 0.3742 -0.0400
-2.4140 -0.7817 -0.0400
-0.3388 -1.7133 -0.0400
-0.3104 -1.7792 -0.0400
-0.3200 -1.8433 -0.0400
-1.5991 -2.9655 -0.0400
-1.3549 -4.2162 -0.0400
-1.2871 -4.2847 -0.0400
2.9723 -2.2487 -0.0400
3.0076 -2.2290 -0.0400
3.0220 -2.2270 -0.0400
3.0323 -2.2284 -0.0400
3.0466 -2.2255 -0.0400
3.0559 -2.2270 -0.0400
3.0662 -2.2274 -0.0400
3.0739 -2.2302 -0.0400
3.0834 -2.2308 -0.0400
3.0914 -2.2329 -0.0400
3.0978 -2.2367 -0.0400
3.1049 -2.2397 -0.0400
3.1118 -2.2427 -0.0400
3.1185 -2.2460 -0.0400
3.1244 -2.2502 -0.0400
3.1303 -2.2546 -0.0400
3.1358 -2.2596 -0.0400
3.1413 -2.2645 -0.0400
3.1469 -2.2695 -0.0400
3.1536 -2.2726 -0.0400
3.1602 -2.2760 -0.0400
3.1667 -2.2794 -0.0400
3.1732 -2.2829 -0.0400
3.1790 -2.2876 -0.0400
3.1849 -2.2925 -0.0400
3.1906 -2.2981 -0.0400
3.1961 -2.3043 -0.0400
3.2009 -2.3125 -0.0400
3.2068 -2.3185 -0.0400
3.2110 -2.3293 -0.0400
3.2145 -2.3436 -0.0400
3.2195 -2.3541 -0.0400
2.4305 -6.0161 -0.0400
2.5039 -6.0253 -0.0400
3.7302 -5.2530 -0.0400
3.7901 -5.2574 -0.0400
4.8617 -4.9375 -0.0400
4.9028 -4.8881 -0.0400
4.9572 -4.8654 -0.0400
5.1206 -5.0362 -0.0400
5.1930 -5.0356 -0.0400
6.0552 -5.8480 -0.0400
6.1427 -5.8271 -0.0400
7.7274 -1.1754 -0.0400
7.6971 -1.1023 -0.0400
4.5350 -1.4103 -0.0400
4.5457 -1.3809 -0.0400
4.5792 -1.3398 -0.0400
7.5372 0.5388 -0.0400
7.4626 0.5925 -0.0400
7.4496 0.6839 -0.0400
6.7930 1.4541 -0.0400
6.7180 1.4978 -0.0400
6.6893 1.5893 -0.0400
3.8204 4.0581 -0.0400
3.6095 4.0349 -0.0400
3.5059 4.0628 -0.0400
3.1250 1.8351 -0.0400
3.0601 1.8213 -0.0400
2.9911 1.8511 -0.0400
2.9293 1.8086 -0.0400
2.8669 1.7806 -0.0400
2.8001 1.7851 -0.0400
2.7209 1.8594 -0.0400
2.6495 1.8761 -0.0400
1.5493 1.6880 -0.0400
1.4994 1.6310 -0.0400
1.4326 1.6069 -0.0400
1.3322 1.6408 -0.0400
0.3443 3.1611 -0.0400
2.6261 -1.0292 -0.0400
2.6354 -1.0710 -0.0400
2.6278 -1.0919 -0.0400
2.6190 -1.1109 -0.0400
2.6108 -1.1301 -0.0400
2.5984 -1.1448 -0.0400
2.5840 -1.1574 -0.0400
2.5689 -1.1694 -0.0400
2.5527 -1.1805 -0.0400
2.5291 -1.1855 -0.0400
2.5086 -1.1935 -0.0400
2.4698 -1.1873 -0.0400
0.8280 0.0076 -0.0400
0.7910 -0.0344 -0.0400
-0.7184 0.4563 -0.0400
-0.7266 0.3661 -0.0400
-2.4019 -0.6794 -0.0400
-2.4047 -0.7841 -0.0400
-0.3241 -1.7185 -0.0400
-0.3089 -1.7838 -0.0400
-0.3942 -1.8466 -0.0400
-1.6539 -2.8887 -0.0400
-1.5952 -2.9678 -0.0400
-1.6325 -3.0674 -0.0400
-1.3160 -4.2002 -0.0400
-1.2822 -4.2853 -0.0400
2.9547 -2.2514 -0.0400
2.9919 -2.2323 -0.0400
3.0090 -2.2287 -0.0400
3.0237 -2.2266 -0.0400
3.0395 -2.2229 -0.0400
3.0495 -2.2240 -0.0400
3.0611 -2.2234 -0.0400
3.0690 -2.2261 -0.0400
3.0767 -2.2287 -0.0400
3.0860 -2.2295 -0.0400
3.0926 -2.2331 -0.0400
3.0998 -2.2358 -0.0400
3.1062 -2.2395 -0.0400
3.1132 -2.2423 -0.0400
3.1194 -2.2460 -0.0400
3.1252 -2.2502 -0.0400
3.1306 -2.2550 -0.0400
3.1359 -2.2600 -0.0400
3.1412 -2.2651 -0.0400
3.1470 -2.2695 -0.0400
3.1539 -2.2720 -0.0400
3.1604 -2.2753 -0.0400
3.1668 -2.2786 -0.0400
3.1731 -2.2822 -0.0400
3.1785 -2.2874 -0.0400
3.1843 -2.2921 -0.0400
3.1898 -2.2974 -0.0400
3.1953 -2.3032 -0.0400
3.2001 -2.3106 -0.0400
3.2048 -2.3191 -0.0400
3.2091 -2.3291 -0.0400
3.2126 -2.3418 -0.0400
3.2148 -2.3599 -0.0400
3.2182 -2.3758 -0.0400
2.4319 -6.0057 -0.0400
2.4975 -6.0504 -0.0400
3.7273 -5.2543 -0.0400
4.0302 -7.1879 -0.0400
4.8623 -4.9541 -0.0400
4.8993 -4.8966 -0.0400
4.9676 -4.8999 -0.0400
5.1233 -5.0567 -0.0400
6.0373 -5.8402 -0.0400
6.1282 -5.8248 -0.0400
7.7675 -1.1862 -0.0400
7.7031 -1.1187 -0.0400
7.7668 -1.0271 -0.0400
4.8997 -1.5795 -0.0400
4.7589 -1.5849 -0.0400
7.6273 0.4719 -0.0400
7.5245 0.5107 -0.0400
7.4689 0.5756 -0.0400
7.4422 0.6582 -0.0400
7.4717 0.7788 -0.0400
6.8011 1.4382 -0.0400
6.7296 1.4856 -0.0400
6.6793 1.5543 -0.0400
3.8333 4.0507 -0.0400
3.6224 4.0303 -0.0400
3.1332 1.8425 -0.0400
3.0686 1.8215 -0.0400
3.0009 1.8371 -0.0400
2.9393 1.7932 -0.0400
2.8736 1.7901 -0.0400
2.8027 1.8199 -0.0400
2.7283 1.8621 -0.0400
2.6599 1.8616 -0.0400
1.5411 1.7152 -0.0400
1.5016 1.6368 -0.0400
1.4184 1.6421 -0.0400
0.3605 3.1473 -0.0400
2.6184 -0.9900 -0.0400
2.6423 -1.0517 -0.0400
2.6360 -1.0749 -0.0400
2.6280 -1.0956 -0.0400
2.6185 -1.1140 -0.0400
2.6090 -1.1322 -0.0400
2.5960 -1.1465 -0.0400
2.5815 -1.1592 -0.0400
2.5632 -1.1684 -0.0400
2.5453 -1.1784 -0.0400
2.5171 -1.1796 -0.0400
2.4921 -1.1843 -0.0400
2.4611 -1.1850 -0.0400
0.8308 0.0753 -0.0400
0.8292 0.0054 -0.0400
0.7779 -0.0262 -0.0400
-0.7168 0.4556 -0.0400
-0.7297 0.3679 -0.0400
-2.3924 -0.6817 -0.0400
-2.4986 -0.7658 -0.0400
-0.3505 -1.6560 -0.0400
-0.3116 -1.7235 -0.0400
-0.3384 -1.7871 -0.0400
-0.4118 -1.8505 -0.0400
-1.6110 -2.8834 -0.0400
-1.6251 -2.9771 -0.0400
-1.3156 -4.2031 -0.0400
2.9824 -2.2300 -0.0400
3.0015 -2.2256 -0.0400
3.0185 -2.2221 -0.0400
3.0298 -2.2229 -0.0400
3.0461 -2.2188 -0.0400
3.0550 -2.2210 -0.0400
3.0632 -2.2235 -0.0400
3.0712 -2.2260 -0.0400
3.0815 -2.2260 -0.0400
3.0882 -2.2294 -0.0400
3.0956 -2.2320 -0.0400
3.1019 -2.2357 -0.0400
3.1082 -2.2393 -0.0400
3.1151 -2.2421 -0.0400
3.1207 -2.2464 -0.0400
3.1262 -2.2509 -0.0400
3.1316 -2.2555 -0.0400
3.1367 -2.2605 -0.0400
3.1419 -2.2655 -0.0400
3.1483 -2.2688 -0.0400
3.1549 -2.2716 -0.0400
3.1612 -2.2748 -0.0400
3.1674 -2.2782 -0.0400
3.1733 -2.2823 -0.0400
3.1788 -2.2869 -0.0400
3.1843 -2.2918 -0.0400
3.1897 -2.2971 -0.0400
3.1949 -2.3030 -0.0400
3.1989 -2.3119 -0.0400
3.2034 -2.3199 -0.0400
3.2077 -2.3292 -0.0400
3.2115 -2.3405 -0.0400
3.2142 -2.3556 -0.0400
3.2130 -2.3835 -0.0400
2.4315 -6.0052 -0.0400
2.4958 -6.0547 -0.0400
3.6671 -5.2673 -0.0400
3.7244 -5.2505 -0.0400
4.0223 -7.1705 -0.0400
4.8469 -4.9370 -0.0400
4.8891 -4.8907 -0.0400
4.9487 -4.8786 -0.0400
5.1104 -5.0482 -0.0400
5.1989 -5.0760 -0.0400
5.9914 -5.9392 -0.0400
6.0295 -5.8460 -0.0400
6.1124 -5.8198 -0.0400
7.7330 -1.2094 -0.0400
7.7026 -1.1363 -0.0400
7.7149 -1.0552 -0.0400
4.9416 -1.5836 -0.0400
4.8140 -1.5850 -0.0400
4.7274 -1.5803 -0.0400
4.6670 -1.5715 -0.0400
4.6129 -1.5629 -0.0400
7.5548 0.5078 -0.0400
7.4808 0.5619 -0.0400
7.4784 0.6600 -0.0400
6.9493 1.4387 -0.0400
6.8144 1.4272 -0.0400
6.7424 1.4741 -0.0400
6.6939 1.5449 -0.0400
3.1422 1.8458 -0.0400
3.0775 1.8224 -0.0400
3.0098 1.8367 -0.0400
2.9475 1.7973 -0.0400
2.8825 1.7876 -0.0400
2.8130 1.8070 -0.0400
2.7359 1.8665 -0.0400
2.6584 1.9140 -0.0400
1.5628 1.6839 -0.0400
1.5073 1.6371 -0.0400
1.4340 1.6241 -0.0400
2.6344 -0.9777 -0.0400
2.6443 -1.0242 -0.0400
2.6418 -1.0532 -0.0400
2.6354 -1.0767 -0.0400
2.6273 -1.0975 -0.0400
2.6200 -1.1186 -0.0400
2.6073 -1.1335 -0.0400
2.5935 -1.1472 -0.0400
2.5783 -1.1595 -0.0400
2.5578 -1.1669 -0.0400
2.5383 -1.1758 -0.0400
2.5166 -1.1830 -0.0400
2.4737 -1.1727 -0.0400
0.8602 0.0517 -0.0400
0.8302 0.0040 -0.0400
0.7763 -0.0258 -0.0400
-0.7011 0.4472 -0.0400
-0.7639 0.3878 -0.0400
-2.3767 -0.6850 -0.0400
-0.3137 -1.6627 -0.0400
-0.3053 -1.7280 -0.0400
-0.3215 -1.7919 -0.0400
-1.6107 -2.8863 -0.0400
-1.6086 -2.9765 -0.0400
-1.3706 -4.1313 -0.0400
-1.3119 -4.2045 -0.0400
-1.3338 -4.3176 -0.0400
2.9897 -2.2258 -0.0400
3.0097 -2.2208 -0.0400
3.0238 -2.2199 -0.0400
3.0354 -2.2205 -0.0400
3.0511 -2.2171 -0.0400
3.0595 -2.2195 -0.0400
3.0678 -2.2220 -0.0400
3.0758 -2.2243 -0.0400
3.0851 -2.2253 -0.0400
3.0914 -2.2290 -0.0400
3.0978 -2.2327 -0.0400
3.1041 -2.2362 -0.0400
3.1113 -2.2387 -0.0400
3.1169 -2.2429 -0.0400
3.1223 -2.2472 -0.0400
3.1275 -2.2519 -0.0400
3.1328 -2.2565 -0.0400
3.1378 -2.2615 -0.0400
3.1432 -2.2660 -0.0400
3.1502 -2.2682 -0.0400
3.1563 -2.2717 -0.0400
3.1625 -2.2748 -0.0400
3.1683 -2.2788 -0.0400
3.1739 -2.2829 -0.0400
3.1793 -2.2876 -0.0400
3.1843 -2.2931 -0.0400
3.1892 -2.2989 -0.0400
3.1946 -2.3041 -0.0400
3.1990 -2.3115 -0.0400
3.2031 -2.3199 -0.0400
3.2070 -2.3294 -0.0400
3.2106 -2.3404 -0.0400
3.2108 -2.3611 -0.0400
2.3587 -5.9951 -0.0400
2.4294 -6.0141 -0.0400
2.4884 -6.0884 -0.0400
3.6652 -5.2654 -0.0400
3.7223 -5.2493 -0.0400
4.8467 -4.9494 -0.0400
4.8854 -4.8963 -0.0400
5.0455 -5.0730 -0.0400
5.1171 -5.0738 -0.0400
6.0269 -5.8587 -0.0400
7.7574 -1.2227 -0.0400
7.7071 -1.1528 -0.0400
7.7825 -1.0592 -0.0400
4.9284 -1.5997 -0.0400
4.7955 -1.6025 -0.0400
4.7514 -1.5873 -0.0400
4.7225 -1.5694 -0.0400
4.6558 -1.5634 -0.0400
4.5896 -1.5595 -0.0400
4.5716 -1.5420 -0.0400
4.5576 -1.5236 -0.0400
7.5029 0.5614 -0.0400
7.5409 0.6853 -0.0400
6.8877 1.3646 -0.0400
6.8115 1.4082 -0.0400
6.8152 1.5313 -0.0400
3.2151 1.8491 -0.0400
3.1486 1.8474 -0.0400
3.0820 1.8471 -0.0400
3.0187 1.8091 -0.0400
2.9536 1.7981 -0.0400
2.8745 1.8946 -0.0400
2.8081 1.8799 -0.0400
2.7352 1.9058 -0.0400
1.6832 1.7715 -0.0400
1.6343 1.7079 -0.0400
1.5679 1.6824 -0.0400
1.4736 1.7099 -0.0400
0.5364 3.2840 -0.0400
2.6406 -0.9508 -0.0400
2.6559 -1.0062 -0.0400
2.6537 -1.0367 -0.0400
2.6541 -1.0691 -0.0400
2.6433 -1.0871 -0.0400
2.6311 -1.1030 -0.0400
2.6179 -1.1178 -0.0400
2.6034 -1.1310 -0.0400
2.5844 -1.1398 -0.0400
2.5655 -1.1489 -0.0400
2.5444 -1.1563 -0.0400
2.5207 -1.1618 -0.0400
2.4640 -1.1389 -0.0400
0.8803 0.1080 -0.0400
0.8521 0.0582 -0.0400
-0.6545 0.5166 -0.0400
-2.3647 -0.4750 -0.0400
-2.3613 -0.5824 -0.0400
-2.4825 -0.6616 -0.0400
-0.3558 -1.5302 -0.0400
-0.3096 -1.6005 -0.0400
-0.3126 -1.6652 -0.0400
-0.3630 -1.7272 -0.0400
-1.6255 -2.8005 -0.0400
-1.4728 -3.9778 -0.0400
-1.3861 -4.0402 -0.0400
-1.3698 -4.1330 -0.0400
2.9896 -2.2134 -0.0400
3.0100 -2.2089 -0.0400
3.0223 -2.2095 -0.0400
3.0405 -2.2052 -0.0400
3.0492 -2.2078 -0.0400
3.0576 -2.2103 -0.0400
3.0659 -2.2128 -0.0400
3.0739 -2.2153 -0.0400
3.0821 -2.2174 -0.0400
3.0884 -2.2211 -0.0400
3.0946 -2.2248 -0.0400
3.1008 -2.2284 -0.0400
3.1072 -2.2317 -0.0400
3.1125 -2.2362 -0.0400
3.1175 -2.2409 -0.0400
3.1225 -2.2456 -0.0400
3.1273 -2.2507 -0.0400
3.1324 -2.2554 -0.0400
3.1393 -2.2577 -0.0400
3.1452 -2.2613 -0.0400
3.1511 -2.2649 -0.0400
3.1571 -2.2682 -0.0400
3.1625 -2.2725 -0.0400
3.1676 -2.2773 -0.0400
3.1729 -2.2818 -0.0400
3.1776 -2.2874 -0.0400
3.1817 -2.2943 -0.0400
3.1868 -2.2998 -0.0400
3.1903 -2.3082 -0.0400
3.1936 -2.3178 -0.0400
3.1964 -2.3290 -0.0400
3.2009 -2.3371 -0.0400
3.2022 -2.3533 -0.0400
2.2910 -5.9664 -0.0400
2.3592 -5.9943 -0.0400
3.6054 -5.2593 -0.0400
3.8301 -7.1808 -0.0400
4.7819 -4.9572 -0.0400
4.8265 -4.9158 -0.0400
4.8900 -4.9130 -0.0400
5.0466 -5.0833 -0.0400
5.8899 -5.9626 -0.0400
5.9457 -5.8962 -0.0400
7.7374 -1.3156 -0.0400
7.7212 -1.2401 -0.0400
7.7467 -1.1572 -0.0400
4.9173 -1.6109 -0.0400
4.7532 -1.6211 -0.0400
4.7277 -1.6020 -0.0400
4.6552 -1.5965 -0.0400
4.6146 -1.5842 -0.0400
4.5906 -1.5680 -0.0400
4.5733 -1.5503 -0.0400
4.5563 -1.5329 -0.0400
4.5494 -1.5121 -0.0400
4.5453 -1.4902 -0.0400
6.8297 1.3932 -0.0400
6.7727 1.4553 -0.0400
6.7490 1.5522 -0.0400
3.0952 1.8495 -0.0400
3.0297 1.8324 -0.0400
2.9664 1.7988 -0.0400
2.8981 1.8120 -0.0400
2.8203 1.8840 -0.0400
2.7541 1.8679 -0.0400
2.6817 1.8866 -0.0400
1.5756 1.6863 -0.0400
1.5167 1.6452 -0.0400
0.4734 3.2074 -0.0400
2.6527 -1.0019 -0.0400
2.6527 -1.0358 -0.0400
2.6471 -1.0614 -0.0400
2.6391 -1.0833 -0.0400
2.6290 -1.1022 -0.0400
2.6171 -1.1187 -0.0400
2.6039 -1.1337 -0.0400
2.5878 -1.1457 -0.0400
2.5702 -1.1563 -0.0400
2.5509 -1.1654 -0.0400
2.5289 -1.1726 -0.0400
2.4854 -1.1611 -0.0400
0.8557 0.0564 -0.0400
0.8032 0.0254 -0.0400
-0.6833 0.5369 -0.0400
-0.6963 0.4476 -0.0400
-2.3567 -0.5823 -0.0400
-2.3951 -0.6796 -0.0400
-0.3263 -1.6034 -0.0400
-0.3063 -1.6703 -0.0400
-0.3189 -1.7345 -0.0400
-0.4323 -1.7946 -0.0400
-1.6685 -2.8112 -0.0400
-1.6253 -2.8943 -0.0400
-1.3516 -4.1288 -0.0400
-1.3174 -4.2135 -0.0400
3.0155 -2.2116 -0.0400
3.0282 -2.2121 -0.0400
3.0403 -2.2126 -0.0400
3.0504 -2.2143 -0.0400
3.0592 -2.2167 -0.0400
3.0679 -2.2190 -0.0400
3.0763 -2.2212 -0.0400
3.0853 -2.2226 -0.0400
3.0917 -2.2262 -0.0400
3.0980 -2.2298 -0.0400
3.1043 -2.2333 -0.0400
3.1105 -2.2368 -0.0400
3.1162 -2.2408 -0.0400
3.1211 -2.2455 -0.0400
3.1261 -2.2501 -0.0400
3.1311 -2.2548 -0.0400
3.1361 -2.2595 -0.0400
3.1427 -2.2622 -0.0400
3.1486 -2.2657 -0.0400
3.1545 -2.2692 -0.0400
3.1607 -2.2720 -0.0400
3.1660 -2.2763 -0.0400
3.1710 -2.2810 -0.0400
3.1762 -2.2854 -0.0400
3.1814 -2.2900 -0.0400
3.1857 -2.2961 -0.0400
3.1905 -2.3016 -0.0400
3.1939 -2.3099 -0.0400
3.1986 -2.3161 -0.0400
3.2014 -2.3265 -0.0400
3.2034 -2.3391 -0.0400
3.2073 -2.3484 -0.0400
3.2064 -2.3695 -0.0400
2.2842 -5.9971 -0.0400
2.3642 -5.9798 -0.0400
2.4237 -6.0440 -0.0400
3.6067 -5.2901 -0.0400
3.6621 -5.2513 -0.0400
3.9178 -7.1844 -0.0400
4.7816 -4.9705 -0.0400
4.8229 -4.9224 -0.0400
4.8775 -4.9025 -0.0400
5.0362 -5.0787 -0.0400
5.1121 -5.0882 -0.0400
5.9390 -5.9054 -0.0400
6.0194 -5.8775 -0.0400
6.8055 -4.4460 -0.0400
6.8194 -4.3653 -0.0400
6.8641 -4.3069 -0.0400
7.8234 -1.3258 -0.0400
7.7341 -1.2606 -0.0400
7.7107 -1.1864 -0.0400
7.7223 -1.1058 -0.0400
4.9552 -1.6200 -0.0400
4.9040 -1.6031 -0.0400
4.7726 -1.6079 -0.0400
4.7392 -1.5910 -0.0400
4.7167 -1.5719 -0.0400
4.6109 -1.5791 -0.0400
4.5877 -1.5630 -0.0400
4.5711 -1.5453 -0.0400
4.5579 -1.5267 -0.0400
4.5472 -1.5074 -0.0400
4.5399 -1.4868 -0.0400
4.5426 -1.4619 -0.0400
4.5462 -1.4361 -0.0400
4.5581 -1.4059 -0.0400
7.0330 1.3344 -0.0400
6.9039 1.3314 -0.0400
6.8371 1.3840 -0.0400
6.8002 1.4662 -0.0400
5.8494 3.3639 -0.0400
5.7388 3.3675 -0.0400
2.9695 1.8333 -0.0400
2.8943 1.8945 -0.0400
2.8271 1.8833 -0.0400
1.6997 1.7692 -0.0400
1.6465 1.7141 -0.0400
1.5769 1.6942 -0.0400
0.5573 3.2836 -0.0400
2.6588 -0.9738 -0.0400
2.6628 -1.0144 -0.0400
2.6659 -1.0520 -0.0400
2.6557 -1.0716 -0.0400
2.6435 -1.0884 -0.0400
2.6302 -1.1037 -0.0400
2.6154 -1.1172 -0.0400
2.5990 -1.1291 -0.0400
2.5811 -1.1395 -0.0400
2.5530 -1.1401 -0.0400
2.5267 -1.1433 -0.0400
2.4932 -1.1408 -0.0400
0.8945 0.0989 -0.0400
-0.6309 0.6044 -0.0400
-0.6532 0.5202 -0.0400
-2.3314 -0.4812 -0.0400
-2.3752 -0.5770 -0.0400
-0.3258 -1.5397 -0.0400
-0.2967 -1.6082 -0.0400
-0.3359 -1.6701 -0.0400
-1.6349 -2.7169 -0.0400
-1.6648 -2.8121 -0.0400
-1.4282 -3.9651 -0.0400
-1.3857 -4.0462 -0.0400
2.9689 -2.2105 -0.0400
2.9956 -2.2041 -0.0400
3.0131 -2.2025 -0.0400
3.0262 -2.2031 -0.0400
3.0386 -2.2037 -0.0400
3.0478 -2.2063 -0.0400
3.0612 -2.2054 -0.0400
3.0692 -2.2082 -0.0400
3.0759 -2.2119 -0.0400
3.0823 -2.2156 -0.0400
3.0886 -2.2193 -0.0400
3.0949 -2.2230 -0.0400
3.1011 -2.2266 -0.0400
3.1072 -2.2302 -0.0400
3.1119 -2.2350 -0.0400
3.1167 -2.2398 -0.0400
3.1216 -2.2445 -0.0400
3.1264 -2.2493 -0.0400
3.1330 -2.2521 -0.0400
3.1387 -2.2557 -0.0400
3.1445 -2.2592 -0.0400
3.1503 -2.2628 -0.0400
3.1556 -2.2668 -0.0400
3.1607 -2.2711 -0.0400
3.1658 -2.2755 -0.0400
3.1707 -2.2803 -0.0400
3.1749 -2.2861 -0.0400
3.1793 -2.2918 -0.0400
3.1822 -2.3001 -0.0400
3.1864 -2.3066 -0.0400
3.1906 -2.3134 -0.0400
3.1922 -2.3252 -0.0400
3.1958 -2.3338 -0.0400
3.1949 -2.3522 -0.0400
3.1957 -2.3683 -0.0400
2.2142 -5.9791 -0.0400
2.2954 -5.9596 -0.0400
2.3505 -6.0371 -0.0400
3.5467 -5.2584 -0.0400
3.6042 -5.2537 -0.0400
3.8222 -7.1691 -0.0400
4.7306 -5.0048 -0.0400
4.7694 -4.9501 -0.0400
4.8182 -4.9188 -0.0400
4.9847 -5.1205 -0.0400
5.8692 -5.9582 -0.0400
5.9327 -5.9049 -0.0400
6.7491 -4.5049 -0.0400
6.7682 -4.4275 -0.0400
6.8194 -4.3740 -0.0400
7.8200 -1.4164 -0.0400
7.7451 -1.3480 -0.0400
7.7232 -1.2735 -0.0400
4.9265 -1.6347 -0.0400
4.8029 -1.6351 -0.0400
4.7387 -1.6249 -0.0400
4.7202 -1.6047 -0.0400
4.6395 -1.6027 -0.0400
4.6087 -1.5883 -0.0400
4.5872 -1.5718 -0.0400
4.5665 -1.5556 -0.0400
4.5569 -1.5359 -0.0400
4.5502 -1.5151 -0.0400
4.5466 -1.4930 -0.0400
4.5455 -1.4697 -0.0400
4.5497 -1.4437 -0.0400
